# MagicaVoxel @ Ephtracy

# group
o 

# material
mtllib EVLER - Kopya-2.mtl
usemtl palette

# normals
vn -1 0 0
vn 1 0 0
vn 0 0 1
vn 0 0 -1
vn 0 -1 0
vn 0 1 0

# texcoords
vt 0.533203 0.5
vt 0.537109 0.5
vt 0.720703 0.5
vt 0.876953 0.5
vt 0.908203 0.5
vt 0.994141 0.5

# verts
v -8.4 0 10.9
v -8.4 0 9.8
v -8.4 0.1 10.9
v -8.4 0.1 9.8
v -8.2 0.1 10.9
v -8.2 0.1 9.8
v -8.2 0.2 10.9
v -8.2 0.2 9.8
v -8 0.2 10.9
v -8 0.2 9.8
v -8 0.3 10.9
v -8 0.3 9.8
v -7.8 0.3 10.9
v -7.8 0.3 9.8
v -7.8 0.4 10.9
v -7.8 0.4 9.8
v -7.6 0.4 10.9
v -7.6 0.4 9.8
v -7.6 0.5 10.9
v -7.6 0.5 9.8
v -7.5 3.8 10.6
v -7.5 3.8 10.2
v -7.5 3.9 10.8
v -7.5 3.9 10.6
v -7.5 3.9 10.2
v -7.5 3.9 10
v -7.5 4 10.7
v -7.5 4 10.6
v -7.5 4 10.2
v -7.5 4 10.1
v -7.5 4.1 10.9
v -7.5 4.1 10.8
v -7.5 4.1 10.7
v -7.5 4.1 10.1
v -7.5 4.1 10
v -7.5 4.1 9.9
v -7.5 4.5 10.9
v -7.5 4.5 10.8
v -7.5 4.5 10.7
v -7.5 4.5 10.1
v -7.5 4.5 10
v -7.5 4.5 9.9
v -7.5 4.6 10.7
v -7.5 4.6 10.6
v -7.5 4.6 10.2
v -7.5 4.6 10.1
v -7.5 4.7 10.8
v -7.5 4.7 10.6
v -7.5 4.7 10.2
v -7.5 4.7 10
v -7.5 4.8 10.6
v -7.5 4.8 10.2
v -7.4 0.5 10.9
v -7.4 0.5 9.8
v -7.4 0.6 10.8
v -7.4 0.6 9.9
v -7.4 0.9 10.8
v -7.4 0.9 9.9
v -7.4 1 10.8
v -7.4 1 9.9
v -7.4 1.4 10.8
v -7.4 1.4 10.6
v -7.4 1.5 10.8
v -7.4 1.5 10.6
v -7.4 2.2 10.8
v -7.4 2.2 9.9
v -7.4 2.3 10.8
v -7.4 2.3 9.9
v -7.4 2.6 10.8
v -7.4 2.6 9.9
v -7.4 2.7 10.9
v -7.4 2.7 9.8
v -7.4 3.9 10.6
v -7.4 3.9 10.5
v -7.4 3.9 10.3
v -7.4 3.9 10.2
v -7.4 4 10.7
v -7.4 4 10.6
v -7.4 4 10.2
v -7.4 4 10.1
v -7.4 4.1 10.8
v -7.4 4.1 10.7
v -7.4 4.1 10.1
v -7.4 4.1 10
v -7.4 4.2 10.8
v -7.4 4.2 10.5
v -7.4 4.2 10.3
v -7.4 4.2 10
v -7.4 4.4 10.8
v -7.4 4.4 10.5
v -7.4 4.4 10.3
v -7.4 4.4 10
v -7.4 4.5 10.8
v -7.4 4.5 10.7
v -7.4 4.5 10.1
v -7.4 4.5 10
v -7.4 4.6 10.7
v -7.4 4.6 10.6
v -7.4 4.6 10.2
v -7.4 4.6 10.1
v -7.4 4.7 10.6
v -7.4 4.7 10.5
v -7.4 4.7 10.3
v -7.4 4.7 10.2
v -7.3 0 12.9
v -7.3 0 8
v -7.3 0.5 10.9
v -7.3 0.5 9.8
v -7.3 0.6 10.8
v -7.3 0.6 10.7
v -7.3 0.6 10.6
v -7.3 0.6 10.1
v -7.3 0.6 10
v -7.3 0.6 9.9
v -7.3 0.9 10.8
v -7.3 0.9 10.7
v -7.3 0.9 10.6
v -7.3 0.9 10.1
v -7.3 0.9 10
v -7.3 0.9 9.9
v -7.3 1 10.8
v -7.3 1 9.9
v -7.3 1.4 10.8
v -7.3 1.4 10.6
v -7.3 1.5 12.9
v -7.3 1.5 10.9
v -7.3 1.5 10.8
v -7.3 1.5 10.6
v -7.3 1.5 9.8
v -7.3 1.5 8
v -7.3 2.2 10.8
v -7.3 2.2 9.9
v -7.3 2.3 10.8
v -7.3 2.3 10.7
v -7.3 2.3 10.6
v -7.3 2.3 10.1
v -7.3 2.3 10
v -7.3 2.3 9.9
v -7.3 2.4 10.7
v -7.3 2.4 10.6
v -7.3 2.4 10.5
v -7.3 2.4 10.2
v -7.3 2.4 10.1
v -7.3 2.4 10
v -7.3 2.5 10.6
v -7.3 2.5 10.5
v -7.3 2.5 10.2
v -7.3 2.5 10.1
v -7.3 2.6 10.8
v -7.3 2.6 10.5
v -7.3 2.6 10.2
v -7.3 2.6 9.9
v -7.3 4 12.8
v -7.3 4 12.3
v -7.3 4 11.5
v -7.3 4 11.4
v -7.3 4 10.8
v -7.3 4 10
v -7.3 4 9.5
v -7.3 4 9.4
v -7.3 4 8.4
v -7.3 4 8.1
v -7.3 4.1 12.8
v -7.3 4.1 12.6
v -7.3 4.1 10.9
v -7.3 4.1 10.8
v -7.3 4.1 10
v -7.3 4.1 9.9
v -7.3 4.1 8.6
v -7.3 4.1 8.4
v -7.3 4.1 8.3
v -7.3 4.1 8.1
v -7.3 4.2 12.3
v -7.3 4.2 12.2
v -7.3 4.2 11.5
v -7.3 4.2 11.4
v -7.3 4.2 10.9
v -7.3 4.2 9.9
v -7.3 4.2 9.5
v -7.3 4.2 9.4
v -7.3 4.2 8.7
v -7.3 4.2 8.6
v -7.3 4.3 12.6
v -7.3 4.3 12.5
v -7.3 4.3 12.2
v -7.3 4.3 10.9
v -7.3 4.3 9.9
v -7.3 4.3 8.9
v -7.3 4.3 8.7
v -7.3 4.3 8.4
v -7.3 4.3 8.3
v -7.3 4.4 12.5
v -7.3 4.4 12.3
v -7.3 4.4 12.2
v -7.3 4.4 12
v -7.3 4.4 9.1
v -7.3 4.4 8.9
v -7.3 4.4 8.6
v -7.3 4.4 8.4
v -7.3 4.5 12
v -7.3 4.5 11.8
v -7.3 4.5 10.9
v -7.3 4.5 10.8
v -7.3 4.5 10
v -7.3 4.5 9.9
v -7.3 4.5 9.2
v -7.3 4.5 9.1
v -7.3 4.5 8.7
v -7.3 4.5 8.6
v -7.3 4.6 12.3
v -7.3 4.6 12.2
v -7.3 4.6 11.8
v -7.3 4.6 10.8
v -7.3 4.6 10
v -7.3 4.6 9.2
v -7.3 4.7 12.2
v -7.3 4.7 12
v -7.3 4.7 11.8
v -7.3 4.7 11.7
v -7.3 4.7 10.8
v -7.3 4.7 10.6
v -7.3 4.7 10.2
v -7.3 4.7 10
v -7.3 4.7 9.9
v -7.3 4.7 9.2
v -7.3 4.7 8.9
v -7.3 4.7 8.7
v -7.3 4.8 12
v -7.3 4.8 11.8
v -7.3 4.8 11.7
v -7.3 4.8 11.5
v -7.3 4.8 10.6
v -7.3 4.8 10.2
v -7.3 4.8 9.4
v -7.3 4.8 9.2
v -7.3 4.8 9.1
v -7.3 4.8 8.9
v -7.3 5 11.5
v -7.3 5 11.3
v -7.3 5 10
v -7.3 5 9.9
v -7.3 5 9.6
v -7.3 5 9.4
v -7.3 5.1 11.8
v -7.3 5.1 11.7
v -7.3 5.1 11.3
v -7.3 5.1 11.2
v -7.3 5.1 9.6
v -7.3 5.1 9.2
v -7.3 5.1 9.1
v -7.3 5.2 11.7
v -7.3 5.2 11.5
v -7.3 5.2 11.2
v -7.3 5.2 11
v -7.3 5.2 9.7
v -7.3 5.2 9.6
v -7.3 5.2 9.4
v -7.3 5.2 9.2
v -7.3 5.3 9.9
v -7.3 5.3 9.7
v -7.3 5.4 11.5
v -7.3 5.4 11.3
v -7.3 5.4 11
v -7.3 5.4 10.9
v -7.3 5.4 10
v -7.3 5.4 9.9
v -7.3 5.4 9.6
v -7.3 5.4 9.4
v -7.3 5.5 11.3
v -7.3 5.5 11.2
v -7.3 5.5 10.9
v -7.3 5.5 10.7
v -7.3 5.5 10.4
v -7.3 5.5 10.3
v -7.3 5.5 10.2
v -7.3 5.5 10
v -7.3 5.5 9.7
v -7.3 5.5 9.6
v -7.3 5.7 11.2
v -7.3 5.7 11
v -7.3 5.7 10.7
v -7.3 5.7 10.5
v -7.3 5.7 9.9
v -7.3 5.7 9.7
v -7.3 5.8 11
v -7.3 5.8 10.9
v -7.3 5.8 10.4
v -7.3 5.8 10.3
v -7.3 5.8 10.2
v -7.3 5.8 10
v -7.3 5.8 9.9
v -7.3 5.9 10.5
v -7.3 5.9 10.4
v -7.3 6 10.9
v -7.3 6 10.7
v -7.3 6 10.2
v -7.3 6 10
v -7.3 6.2 10.7
v -7.3 6.2 10.2
v -7.2 1.5 12.8
v -7.2 1.5 12.7
v -7.2 1.5 12
v -7.2 1.5 11.9
v -7.2 1.5 10.9
v -7.2 1.5 9.8
v -7.2 1.5 8.2
v -7.2 1.5 8.1
v -7.2 1.8 12.7
v -7.2 1.8 12
v -7.2 1.8 11.9
v -7.2 1.8 10.9
v -7.2 1.8 9.8
v -7.2 1.8 8.2
v -7.2 1.9 12.7
v -7.2 1.9 10.9
v -7.2 1.9 9.8
v -7.2 1.9 8.7
v -7.2 1.9 8.6
v -7.2 1.9 8.2
v -7.2 2.2 12.7
v -7.2 2.2 10.9
v -7.2 2.2 9.8
v -7.2 2.2 8.7
v -7.2 2.2 8.6
v -7.2 2.2 8.2
v -7.2 2.3 12.7
v -7.2 2.3 12.2
v -7.2 2.3 12.1
v -7.2 2.3 10.9
v -7.2 2.3 9.8
v -7.2 2.3 8.2
v -7.2 2.6 12.7
v -7.2 2.6 12.2
v -7.2 2.6 12.1
v -7.2 2.6 10.9
v -7.2 2.6 9.8
v -7.2 2.6 8.2
v -7.2 2.7 12.7
v -7.2 2.7 10.9
v -7.2 2.7 9.8
v -7.2 2.7 8.5
v -7.2 2.7 8.4
v -7.2 2.7 8.2
v -7.2 3 12.7
v -7.2 3 8.5
v -7.2 3 8.4
v -7.2 3 8.2
v -7.2 3.1 12.7
v -7.2 3.1 12.5
v -7.2 3.1 12.4
v -7.2 3.1 8.2
v -7.2 3.4 12.7
v -7.2 3.4 12.5
v -7.2 3.4 12.4
v -7.2 3.4 8.2
v -7.2 3.5 12.7
v -7.2 3.5 8.9
v -7.2 3.5 8.8
v -7.2 3.5 8.2
v -7.2 3.8 12.7
v -7.2 3.8 8.9
v -7.2 3.8 8.8
v -7.2 3.8 8.2
v -7.2 3.9 12.7
v -7.2 3.9 11.5
v -7.2 3.9 11.4
v -7.2 3.9 9.5
v -7.2 3.9 9.4
v -7.2 3.9 8.2
v -7.2 4 12.8
v -7.2 4 12.7
v -7.2 4 12.3
v -7.2 4 11.5
v -7.2 4 11.4
v -7.2 4 9.5
v -7.2 4 9.4
v -7.2 4 8.4
v -7.2 4 8.2
v -7.2 4 8.1
v -3.9 1.9 13
v -3.9 1.9 12.8
v -3.9 2.2 12.8
v -3.9 2.3 12.8
v -3.9 2.6 12.8
v -3.9 2.7 12.8
v -3.9 3 12.8
v -3.9 3.1 12.8
v -3.9 3.4 12.8
v -3.9 3.5 12.8
v -3.9 3.6 13
v -3.9 3.6 12.8
v -3.6 1.9 8.1
v -3.6 1.9 7.9
v -3.6 2.2 8.1
v -3.6 2.3 8.1
v -3.6 2.6 8.1
v -3.6 2.7 8.1
v -3.6 3 8.1
v -3.6 3.1 8.1
v -3.6 3.4 8.1
v -3.6 3.5 8.1
v -3.6 3.6 8.1
v -3.6 3.6 7.9
v -1.4 2.2 13
v -1.4 2.2 12.9
v -1.4 3.5 13
v -1.4 3.5 12.9
v -1.1 2.2 8
v -1.1 2.2 7.9
v -1.1 3.5 8
v -1.1 3.5 7.9
v -0.900001 8.7 18.5
v -0.900001 8.7 2.5
v -0.900001 8.9 18.5
v -0.900001 8.9 2.5
v -0.700001 8.9 18.5
v -0.700001 8.9 2.7
v -0.700001 9 18.5
v -0.700001 9 2.7
v -0.600001 2.2 17.5
v -0.600001 2.2 16.3
v -0.600001 2.2 15.1
v -0.600001 2.2 13.9
v -0.600001 2.2 7.2
v -0.600001 2.2 6
v -0.600001 2.2 4.8
v -0.600001 2.2 3.6
v -0.600001 2.5 17.4
v -0.600001 2.5 16.4
v -0.600001 2.5 15
v -0.600001 2.5 14
v -0.600001 2.5 7.1
v -0.600001 2.5 6.1
v -0.600001 2.5 4.7
v -0.600001 2.5 3.7
v -0.600001 3.8 17.4
v -0.600001 3.8 16.4
v -0.600001 3.8 15
v -0.600001 3.8 14
v -0.600001 3.8 7.1
v -0.600001 3.8 6.1
v -0.600001 3.8 4.7
v -0.600001 3.8 3.7
v -0.600001 3.9 17.5
v -0.600001 3.9 16.3
v -0.600001 3.9 15.1
v -0.600001 3.9 13.9
v -0.600001 3.9 7.2
v -0.600001 3.9 6
v -0.600001 3.9 4.8
v -0.600001 3.9 3.6
v -0.600001 5.7 17.5
v -0.600001 5.7 16.3
v -0.600001 5.7 15.1
v -0.600001 5.7 13.9
v -0.600001 5.7 7.2
v -0.600001 5.7 6
v -0.600001 5.7 4.8
v -0.600001 5.7 3.6
v -0.600001 6 17.4
v -0.600001 6 16.4
v -0.600001 6 15
v -0.600001 6 14
v -0.600001 6 7.1
v -0.600001 6 6.1
v -0.600001 6 4.7
v -0.600001 6 3.7
v -0.600001 7.3 17.4
v -0.600001 7.3 16.4
v -0.600001 7.3 15
v -0.600001 7.3 14
v -0.600001 7.3 7.1
v -0.600001 7.3 6.1
v -0.600001 7.3 4.7
v -0.600001 7.3 3.7
v -0.600001 7.4 17.5
v -0.600001 7.4 16.3
v -0.600001 7.4 15.1
v -0.600001 7.4 13.9
v -0.600001 7.4 7.2
v -0.600001 7.4 6
v -0.600001 7.4 4.8
v -0.600001 7.4 3.6
v -0.500001 0 18.6
v -0.500001 0 12.9
v -0.500001 0 8
v -0.500001 0 2.4
v -0.500001 1.5 18.2
v -0.500001 1.5 12.9
v -0.500001 1.5 8
v -0.500001 1.5 2.8
v -0.500001 2.5 17.4
v -0.500001 2.5 16.4
v -0.500001 2.5 15
v -0.500001 2.5 14
v -0.500001 2.5 7.1
v -0.500001 2.5 6.1
v -0.500001 2.5 4.7
v -0.500001 2.5 3.7
v -0.500001 3.8 17.4
v -0.500001 3.8 16.4
v -0.500001 3.8 15
v -0.500001 3.8 14
v -0.500001 3.8 7.1
v -0.500001 3.8 6.1
v -0.500001 3.8 4.7
v -0.500001 3.8 3.7
v -0.500001 6 17.4
v -0.500001 6 16.4
v -0.500001 6 15
v -0.500001 6 14
v -0.500001 6 7.1
v -0.500001 6 6.1
v -0.500001 6 4.7
v -0.500001 6 3.7
v -0.500001 7.3 17.4
v -0.500001 7.3 16.4
v -0.500001 7.3 15
v -0.500001 7.3 14
v -0.500001 7.3 7.1
v -0.500001 7.3 6.1
v -0.500001 7.3 4.7
v -0.500001 7.3 3.7
v -0.500001 8.7 18.6
v -0.500001 8.7 18.5
v -0.500001 8.7 18.2
v -0.500001 8.7 2.8
v -0.500001 8.7 2.5
v -0.500001 8.7 2.4
v -0.500001 9 18.5
v -0.500001 9 2.7
v -0.500001 9.1 18.5
v -0.500001 9.1 2.7
v -0.400001 1.5 18.2
v -0.400001 1.5 16.2
v -0.400001 1.5 16.1
v -0.400001 1.5 14.7
v -0.400001 1.5 14.6
v -0.400001 1.5 12.8
v -0.400001 1.5 8.1
v -0.400001 1.5 7.7
v -0.400001 1.5 7.6
v -0.400001 1.5 3.7
v -0.400001 1.5 3.6
v -0.400001 1.5 2.8
v -0.400001 1.8 18.2
v -0.400001 1.8 16.2
v -0.400001 1.8 16.1
v -0.400001 1.8 14.7
v -0.400001 1.8 14.6
v -0.400001 1.8 12.8
v -0.400001 1.8 8.1
v -0.400001 1.8 7.7
v -0.400001 1.8 7.6
v -0.400001 1.8 3.7
v -0.400001 1.8 3.6
v -0.400001 1.8 2.8
v -0.400001 1.9 18.2
v -0.400001 1.9 17.7
v -0.400001 1.9 17.6
v -0.400001 1.9 13.9
v -0.400001 1.9 13.8
v -0.400001 1.9 12.8
v -0.400001 1.9 8.1
v -0.400001 1.9 5.5
v -0.400001 1.9 5.4
v -0.400001 1.9 2.8
v -0.400001 2.2 18.2
v -0.400001 2.2 17.7
v -0.400001 2.2 17.6
v -0.400001 2.2 17.5
v -0.400001 2.2 16.3
v -0.400001 2.2 15.1
v -0.400001 2.2 13.9
v -0.400001 2.2 13.8
v -0.400001 2.2 12.8
v -0.400001 2.2 8.1
v -0.400001 2.2 7.2
v -0.400001 2.2 6
v -0.400001 2.2 5.5
v -0.400001 2.2 5.4
v -0.400001 2.2 4.8
v -0.400001 2.2 3.6
v -0.400001 2.2 2.8
v -0.400001 2.3 18.2
v -0.400001 2.3 17.5
v -0.400001 2.3 16.3
v -0.400001 2.3 15.4
v -0.400001 2.3 15.3
v -0.400001 2.3 15.1
v -0.400001 2.3 13.9
v -0.400001 2.3 13.3
v -0.400001 2.3 13.2
v -0.400001 2.3 12.8
v -0.400001 2.3 8.1
v -0.400001 2.3 7.4
v -0.400001 2.3 7.3
v -0.400001 2.3 7.2
v -0.400001 2.3 6
v -0.400001 2.3 4.8
v -0.400001 2.3 3.6
v -0.400001 2.3 3.5
v -0.400001 2.3 3.4
v -0.400001 2.3 2.8
v -0.400001 2.6 18.2
v -0.400001 2.6 17.5
v -0.400001 2.6 16.3
v -0.400001 2.6 15.4
v -0.400001 2.6 15.3
v -0.400001 2.6 15.1
v -0.400001 2.6 13.9
v -0.400001 2.6 13.3
v -0.400001 2.6 13.2
v -0.400001 2.6 12.8
v -0.400001 2.6 8.1
v -0.400001 2.6 7.4
v -0.400001 2.6 7.3
v -0.400001 2.6 7.2
v -0.400001 2.6 6
v -0.400001 2.6 4.8
v -0.400001 2.6 3.6
v -0.400001 2.6 3.5
v -0.400001 2.6 3.4
v -0.400001 2.6 2.8
v -0.400001 2.7 18.2
v -0.400001 2.7 17.5
v -0.400001 2.7 16.3
v -0.400001 2.7 15.1
v -0.400001 2.7 13.9
v -0.400001 2.7 12.8
v -0.400001 2.7 8.1
v -0.400001 2.7 7.2
v -0.400001 2.7 6
v -0.400001 2.7 5.2
v -0.400001 2.7 5.1
v -0.400001 2.7 4.8
v -0.400001 2.7 3.6
v -0.400001 2.7 2.8
v -0.400001 3 18.2
v -0.400001 3 17.5
v -0.400001 3 16.3
v -0.400001 3 15.1
v -0.400001 3 13.9
v -0.400001 3 12.8
v -0.400001 3 8.1
v -0.400001 3 7.2
v -0.400001 3 6
v -0.400001 3 5.2
v -0.400001 3 5.1
v -0.400001 3 4.8
v -0.400001 3 3.6
v -0.400001 3 2.8
v -0.400001 3.1 18.2
v -0.400001 3.1 17.5
v -0.400001 3.1 16.3
v -0.400001 3.1 15.7
v -0.400001 3.1 15.6
v -0.400001 3.1 15.1
v -0.400001 3.1 13.9
v -0.400001 3.1 12.8
v -0.400001 3.1 8.1
v -0.400001 3.1 7.5
v -0.400001 3.1 7.4
v -0.400001 3.1 7.2
v -0.400001 3.1 6
v -0.400001 3.1 4.8
v -0.400001 3.1 3.5
v -0.400001 3.1 2.8
v -0.400001 3.4 18.2
v -0.400001 3.4 17.5
v -0.400001 3.4 16.3
v -0.400001 3.4 15.7
v -0.400001 3.4 15.6
v -0.400001 3.4 15.1
v -0.400001 3.4 13.9
v -0.400001 3.4 12.8
v -0.400001 3.4 8.1
v -0.400001 3.4 7.5
v -0.400001 3.4 7.4
v -0.400001 3.4 7.2
v -0.400001 3.4 6
v -0.400001 3.4 4.8
v -0.400001 3.4 3.5
v -0.400001 3.4 2.8
v -0.400001 3.5 18.2
v -0.400001 3.5 17.5
v -0.400001 3.5 16.3
v -0.400001 3.5 15.1
v -0.400001 3.5 13.9
v -0.400001 3.5 12.8
v -0.400001 3.5 8.1
v -0.400001 3.5 7.2
v -0.400001 3.5 6
v -0.400001 3.5 5.5
v -0.400001 3.5 5.4
v -0.400001 3.5 4.8
v -0.400001 3.5 3.6
v -0.400001 3.5 2.8
v -0.400001 3.8 18.2
v -0.400001 3.8 17.5
v -0.400001 3.8 16.3
v -0.400001 3.8 15.1
v -0.400001 3.8 13.9
v -0.400001 3.8 12.8
v -0.400001 3.8 8.1
v -0.400001 3.8 7.2
v -0.400001 3.8 6
v -0.400001 3.8 5.5
v -0.400001 3.8 5.4
v -0.400001 3.8 4.8
v -0.400001 3.8 3.6
v -0.400001 3.8 2.8
v -0.400001 3.9 18.2
v -0.400001 3.9 17.5
v -0.400001 3.9 16.3
v -0.400001 3.9 15.1
v -0.400001 3.9 14.6
v -0.400001 3.9 14.5
v -0.400001 3.9 13.9
v -0.400001 3.9 12.8
v -0.400001 3.9 8.1
v -0.400001 3.9 7.6
v -0.400001 3.9 7.5
v -0.400001 3.9 7.2
v -0.400001 3.9 6
v -0.400001 3.9 4.8
v -0.400001 3.9 4.1
v -0.400001 3.9 4
v -0.400001 3.9 3.6
v -0.400001 3.9 2.8
v -0.400001 4 12.8
v -0.400001 4 8.1
v -0.400001 4.1 12.8
v -0.400001 4.1 12.6
v -0.400001 4.1 8.3
v -0.400001 4.1 8.1
v -0.400001 4.2 18.2
v -0.400001 4.2 14.6
v -0.400001 4.2 14.5
v -0.400001 4.2 12.6
v -0.400001 4.2 8.3
v -0.400001 4.2 7.6
v -0.400001 4.2 7.5
v -0.400001 4.2 4.1
v -0.400001 4.2 4
v -0.400001 4.2 2.8
v -0.400001 4.3 18.2
v -0.400001 4.3 16.2
v -0.400001 4.3 16.1
v -0.400001 4.3 12.6
v -0.400001 4.3 12.5
v -0.400001 4.3 8.4
v -0.400001 4.3 8.3
v -0.400001 4.3 5.6
v -0.400001 4.3 5.5
v -0.400001 4.3 2.8
v -0.400001 4.4 12.5
v -0.400001 4.4 12.3
v -0.400001 4.4 8.6
v -0.400001 4.4 8.4
v -0.400001 4.5 8.7
v -0.400001 4.5 8.6
v -0.400001 4.6 18.2
v -0.400001 4.6 16.2
v -0.400001 4.6 16.1
v -0.400001 4.6 12.3
v -0.400001 4.6 12.2
v -0.400001 4.6 8.7
v -0.400001 4.6 5.6
v -0.400001 4.6 5.5
v -0.400001 4.6 2.8
v -0.400001 4.7 18.2
v -0.400001 4.7 14.2
v -0.400001 4.7 14.1
v -0.400001 4.7 12.3
v -0.400001 4.7 12.2
v -0.400001 4.7 12
v -0.400001 4.7 8.9
v -0.400001 4.7 8.7
v -0.400001 4.7 7.4
v -0.400001 4.7 7.3
v -0.400001 4.7 3.9
v -0.400001 4.7 3.8
v -0.400001 4.7 2.8
v -0.400001 4.8 12
v -0.400001 4.8 11.8
v -0.400001 4.8 9.1
v -0.400001 4.8 8.9
v -0.400001 5 18.2
v -0.400001 5 14.2
v -0.400001 5 14.1
v -0.400001 5 12.3
v -0.400001 5 12.2
v -0.400001 5 11.8
v -0.400001 5 9.1
v -0.400001 5 7.4
v -0.400001 5 7.3
v -0.400001 5 3.9
v -0.400001 5 3.8
v -0.400001 5 2.8
v -0.400001 5.1 18.2
v -0.400001 5.1 16.1
v -0.400001 5.1 16
v -0.400001 5.1 13.1
v -0.400001 5.1 13
v -0.400001 5.1 11.8
v -0.400001 5.1 11.7
v -0.400001 5.1 9.2
v -0.400001 5.1 9.1
v -0.400001 5.1 8.8
v -0.400001 5.1 8.7
v -0.400001 5.1 5.3
v -0.400001 5.1 5.2
v -0.400001 5.1 2.8
v -0.400001 5.2 11.7
v -0.400001 5.2 11.5
v -0.400001 5.2 9.4
v -0.400001 5.2 9.2
v -0.400001 5.4 18.2
v -0.400001 5.4 16.1
v -0.400001 5.4 16
v -0.400001 5.4 13.1
v -0.400001 5.4 13
v -0.400001 5.4 11.5
v -0.400001 5.4 11.3
v -0.400001 5.4 9.6
v -0.400001 5.4 9.4
v -0.400001 5.4 8.8
v -0.400001 5.4 8.7
v -0.400001 5.4 5.3
v -0.400001 5.4 5.2
v -0.400001 5.4 2.8
v -0.400001 5.5 18.2
v -0.400001 5.5 14.6
v -0.400001 5.5 14.5
v -0.400001 5.5 12.2
v -0.400001 5.5 12.1
v -0.400001 5.5 11.3
v -0.400001 5.5 11.2
v -0.400001 5.5 9.7
v -0.400001 5.5 9.6
v -0.400001 5.5 7.6
v -0.400001 5.5 7.5
v -0.400001 5.5 4.2
v -0.400001 5.5 4.1
v -0.400001 5.5 2.8
v -0.400001 5.7 17.5
v -0.400001 5.7 16.3
v -0.400001 5.7 15.1
v -0.400001 5.7 14.6
v -0.400001 5.7 14.5
v -0.400001 5.7 13.9
v -0.400001 5.7 11.2
v -0.400001 5.7 11
v -0.400001 5.7 9.9
v -0.400001 5.7 9.7
v -0.400001 5.7 7.2
v -0.400001 5.7 6
v -0.400001 5.7 4.8
v -0.400001 5.7 4.2
v -0.400001 5.7 4.1
v -0.400001 5.7 3.6
v -0.400001 5.8 18.2
v -0.400001 5.8 17.5
v -0.400001 5.8 16.3
v -0.400001 5.8 15.1
v -0.400001 5.8 13.9
v -0.400001 5.8 12.2
v -0.400001 5.8 12.1
v -0.400001 5.8 11
v -0.400001 5.8 10.9
v -0.400001 5.8 10
v -0.400001 5.8 9.9
v -0.400001 5.8 7.6
v -0.400001 5.8 7.5
v -0.400001 5.8 7.2
v -0.400001 5.8 6
v -0.400001 5.8 4.8
v -0.400001 5.8 3.6
v -0.400001 5.8 2.8
v -0.400001 5.9 18.2
v -0.400001 5.9 17.5
v -0.400001 5.9 16.3
v -0.400001 5.9 15.1
v -0.400001 5.9 13.9
v -0.400001 5.9 10.9
v -0.400001 5.9 10
v -0.400001 5.9 8.7
v -0.400001 5.9 8.6
v -0.400001 5.9 7.2
v -0.400001 5.9 6
v -0.400001 5.9 5.4
v -0.400001 5.9 5.3
v -0.400001 5.9 4.8
v -0.400001 5.9 3.6
v -0.400001 5.9 2.8
v -0.400001 6 10.9
v -0.400001 6 10.7
v -0.400001 6 10.2
v -0.400001 6 10
v -0.400001 6.2 18.2
v -0.400001 6.2 17.5
v -0.400001 6.2 16.3
v -0.400001 6.2 15.1
v -0.400001 6.2 13.9
v -0.400001 6.2 10.7
v -0.400001 6.2 10.2
v -0.400001 6.2 8.7
v -0.400001 6.2 8.6
v -0.400001 6.2 7.2
v -0.400001 6.2 6
v -0.400001 6.2 5.4
v -0.400001 6.2 5.3
v -0.400001 6.2 4.8
v -0.400001 6.2 3.6
v -0.400001 6.2 2.8
v -0.400001 6.3 18.2
v -0.400001 6.3 17.5
v -0.400001 6.3 16.3
v -0.400001 6.3 15.5
v -0.400001 6.3 15.4
v -0.400001 6.3 15.1
v -0.400001 6.3 13.9
v -0.400001 6.3 11.1
v -0.400001 6.3 11
v -0.400001 6.3 7.5
v -0.400001 6.3 7.4
v -0.400001 6.3 7.2
v -0.400001 6.3 6
v -0.400001 6.3 4.8
v -0.400001 6.3 3.6
v -0.400001 6.3 2.8
v -0.400001 6.6 18.2
v -0.400001 6.6 17.5
v -0.400001 6.6 16.3
v -0.400001 6.6 15.5
v -0.400001 6.6 15.4
v -0.400001 6.6 15.1
v -0.400001 6.6 13.9
v -0.400001 6.6 11.1
v -0.400001 6.6 11
v -0.400001 6.6 7.5
v -0.400001 6.6 7.4
v -0.400001 6.6 7.2
v -0.400001 6.6 6
v -0.400001 6.6 4.8
v -0.400001 6.6 3.6
v -0.400001 6.6 2.8
v -0.400001 6.7 18.2
v -0.400001 6.7 17.5
v -0.400001 6.7 16.3
v -0.400001 6.7 15.1
v -0.400001 6.7 13.9
v -0.400001 6.7 12.6
v -0.400001 6.7 12.5
v -0.400001 6.7 9
v -0.400001 6.7 8.9
v -0.400001 6.7 7.2
v -0.400001 6.7 6
v -0.400001 6.7 5.3
v -0.400001 6.7 5.2
v -0.400001 6.7 4.8
v -0.400001 6.7 3.6
v -0.400001 6.7 2.8
v -0.400001 7 18.2
v -0.400001 7 17.5
v -0.400001 7 16.3
v -0.400001 7 15.1
v -0.400001 7 13.9
v -0.400001 7 12.6
v -0.400001 7 12.5
v -0.400001 7 9
v -0.400001 7 8.9
v -0.400001 7 7.2
v -0.400001 7 6
v -0.400001 7 5.3
v -0.400001 7 5.2
v -0.400001 7 4.8
v -0.400001 7 3.6
v -0.400001 7 2.8
v -0.400001 7.1 18.2
v -0.400001 7.1 17.5
v -0.400001 7.1 16.3
v -0.400001 7.1 15.7
v -0.400001 7.1 15.6
v -0.400001 7.1 15.1
v -0.400001 7.1 13.9
v -0.400001 7.1 10.9
v -0.400001 7.1 10.8
v -0.400001 7.1 7.4
v -0.400001 7.1 7.3
v -0.400001 7.1 7.2
v -0.400001 7.1 6
v -0.400001 7.1 4.8
v -0.400001 7.1 3.6
v -0.400001 7.1 2.8
v -0.400001 7.4 18.2
v -0.400001 7.4 17.5
v -0.400001 7.4 16.3
v -0.400001 7.4 15.7
v -0.400001 7.4 15.6
v -0.400001 7.4 15.1
v -0.400001 7.4 13.9
v -0.400001 7.4 10.9
v -0.400001 7.4 10.8
v -0.400001 7.4 7.4
v -0.400001 7.4 7.3
v -0.400001 7.4 7.2
v -0.400001 7.4 6
v -0.400001 7.4 4.8
v -0.400001 7.4 3.6
v -0.400001 7.4 2.8
v -0.400001 7.5 18.2
v -0.400001 7.5 17
v -0.400001 7.5 16.9
v -0.400001 7.5 12
v -0.400001 7.5 11.9
v -0.400001 7.5 8.7
v -0.400001 7.5 8.6
v -0.400001 7.5 5.4
v -0.400001 7.5 5.3
v -0.400001 7.5 2.8
v -0.400001 7.8 18.2
v -0.400001 7.8 17
v -0.400001 7.8 16.9
v -0.400001 7.8 12
v -0.400001 7.8 11.9
v -0.400001 7.8 8.7
v -0.400001 7.8 8.6
v -0.400001 7.8 5.4
v -0.400001 7.8 5.3
v -0.400001 7.8 2.8
v -0.400001 7.9 18.2
v -0.400001 7.9 14.3
v -0.400001 7.9 14.2
v -0.400001 7.9 11.3
v -0.400001 7.9 11.2
v -0.400001 7.9 7.6
v -0.400001 7.9 7.5
v -0.400001 7.9 4.2
v -0.400001 7.9 4.1
v -0.400001 7.9 2.8
v -0.400001 8.2 18.2
v -0.400001 8.2 14.3
v -0.400001 8.2 14.2
v -0.400001 8.2 11.3
v -0.400001 8.2 11.2
v -0.400001 8.2 7.6
v -0.400001 8.2 7.5
v -0.400001 8.2 4.2
v -0.400001 8.2 4.1
v -0.400001 8.2 2.8
v -0.400001 8.3 18.2
v -0.400001 8.3 17.6
v -0.400001 8.3 17.5
v -0.400001 8.3 13.1
v -0.400001 8.3 13
v -0.400001 8.3 9.1
v -0.400001 8.3 9
v -0.400001 8.3 5.6
v -0.400001 8.3 5.5
v -0.400001 8.3 2.8
v -0.400001 8.7 18.2
v -0.400001 8.7 17.6
v -0.400001 8.7 17.5
v -0.400001 8.7 13.1
v -0.400001 8.7 13
v -0.400001 8.7 9.1
v -0.400001 8.7 9
v -0.400001 8.7 5.6
v -0.400001 8.7 5.5
v -0.400001 8.7 2.8
v -0.1 8.8 18.2
v -0.1 8.8 2.8
v -0.1 8.9 18.5
v -0.1 8.9 18.2
v -0.1 8.9 2.8
v -0.1 8.9 2.5
v -0.1 9.4 18.5
v -0.1 9.4 18.2
v -0.1 9.4 2.8
v -0.1 9.4 2.5
v 0.199999 9.4 18.5
v 0.199999 9.4 18.2
v 0.199999 9.4 2.8
v 0.199999 9.4 2.5
v 0.199999 9.7 18.5
v 0.199999 9.7 18.2
v 0.199999 9.7 2.8
v 0.199999 9.7 2.5
v 0.199999 15.3 16.1
v 0.199999 15.3 14.4
v 0.199999 15.7 16.1
v 0.199999 15.7 14.4
v 0.299999 9.7 16
v 0.299999 9.7 14.5
v 0.299999 15.3 16
v 0.299999 15.3 14.5
v 0.4 9.7 18.5
v 0.4 9.7 18.2
v 0.4 9.7 16
v 0.4 9.7 14.5
v 0.4 9.7 2.8
v 0.4 9.7 2.5
v 0.4 10 18.5
v 0.4 10 18.2
v 0.4 10 16
v 0.4 10 14.5
v 0.4 10 2.8
v 0.4 10 2.5
v 0.699999 10 18.5
v 0.699999 10 18.2
v 0.699999 10 16
v 0.699999 10 14.5
v 0.699999 10 2.8
v 0.699999 10 2.5
v 0.699999 10.4 18.5
v 0.699999 10.4 18.2
v 0.699999 10.4 16
v 0.699999 10.4 14.5
v 0.699999 10.4 2.8
v 0.699999 10.4 2.5
v 0.999999 2.8 18.7
v 0.999999 2.8 18.5
v 0.999999 2.8 2.5
v 0.999999 2.8 2.3
v 0.999999 3 18.5
v 0.999999 3 2.5
v 0.999999 3.1 18.5
v 0.999999 3.1 2.5
v 0.999999 3.4 18.5
v 0.999999 3.4 2.5
v 0.999999 3.5 18.5
v 0.999999 3.5 2.5
v 0.999999 3.8 18.5
v 0.999999 3.8 2.5
v 0.999999 3.9 18.5
v 0.999999 3.9 2.5
v 0.999999 4.2 18.5
v 0.999999 4.2 2.5
v 0.999999 4.3 18.5
v 0.999999 4.3 2.5
v 0.999999 4.5 18.7
v 0.999999 4.5 18.5
v 0.999999 4.5 2.5
v 0.999999 4.5 2.3
v 0.999999 5.7 18.7
v 0.999999 5.7 18.5
v 0.999999 5.7 2.5
v 0.999999 5.7 2.3
v 0.999999 5.8 18.5
v 0.999999 5.8 2.5
v 0.999999 5.9 18.5
v 0.999999 6.2 18.5
v 0.999999 6.3 18.5
v 0.999999 6.3 2.5
v 0.999999 6.6 18.5
v 0.999999 6.6 2.5
v 0.999999 6.7 18.5
v 0.999999 6.7 2.5
v 0.999999 7 18.5
v 0.999999 7 2.5
v 0.999999 7.1 18.5
v 0.999999 7.1 2.5
v 0.999999 7.4 18.7
v 0.999999 7.4 18.5
v 0.999999 7.4 2.5
v 0.999999 7.4 2.3
v 0.999999 10.4 18.5
v 0.999999 10.4 18.2
v 0.999999 10.4 16
v 0.999999 10.4 14.5
v 0.999999 10.4 2.8
v 0.999999 10.4 2.5
v 0.999999 10.7 18.5
v 0.999999 10.7 18.2
v 0.999999 10.7 16
v 0.999999 10.7 14.5
v 0.999999 10.7 2.8
v 0.999999 10.7 2.5
v 1.3 10.7 18.5
v 1.3 10.7 18.2
v 1.3 10.7 16
v 1.3 10.7 14.5
v 1.3 10.7 2.8
v 1.3 10.7 2.5
v 1.3 11.2 18.5
v 1.3 11.2 18.2
v 1.3 11.2 16
v 1.3 11.2 14.5
v 1.3 11.2 2.8
v 1.3 11.2 2.5
v 1.5 11.2 18.5
v 1.5 11.2 18.2
v 1.5 11.2 16
v 1.5 11.2 14.5
v 1.5 11.2 2.8
v 1.5 11.2 2.5
v 1.5 11.5 18.5
v 1.5 11.5 18.2
v 1.5 11.5 16
v 1.5 11.5 14.5
v 1.5 11.5 2.8
v 1.5 11.5 2.5
v 1.6 15 15.8
v 1.6 15 14.7
v 1.6 15.7 15.8
v 1.6 15.7 14.7
v 1.8 11.5 18.5
v 1.8 11.5 18.2
v 1.8 11.5 16
v 1.8 11.5 14.5
v 1.8 11.5 2.8
v 1.8 11.5 2.5
v 1.8 12.1 18.5
v 1.8 12.1 18.2
v 1.8 12.1 16
v 1.8 12.1 14.5
v 1.8 12.1 2.8
v 1.8 12.1 2.5
v 2.1 3.1 18.7
v 2.1 3.1 18.6
v 2.1 3.1 2.4
v 2.1 3.1 2.3
v 2.1 4.4 18.7
v 2.1 4.4 18.6
v 2.1 4.4 2.4
v 2.1 4.4 2.3
v 2.1 6 18.7
v 2.1 6 18.6
v 2.1 6 2.4
v 2.1 6 2.3
v 2.1 7.3 18.7
v 2.1 7.3 18.6
v 2.1 7.3 2.4
v 2.1 7.3 2.3
v 2.1 12.1 18.5
v 2.1 12.1 18.2
v 2.1 12.1 2.8
v 2.1 12.1 2.5
v 2.1 12.4 18.5
v 2.1 12.4 18.2
v 2.1 12.4 2.8
v 2.1 12.4 2.5
v 2.4 12.4 18.5
v 2.4 12.4 18.2
v 2.4 12.4 2.8
v 2.4 12.4 2.5
v 2.4 12.6 18.5
v 2.4 12.6 18.2
v 2.4 12.6 2.8
v 2.4 12.6 2.5
v 2.6 12.6 18.5
v 2.6 12.6 18.2
v 2.6 12.6 2.8
v 2.6 12.6 2.5
v 2.6 13.1 18.5
v 2.6 13.1 18.2
v 2.6 13.1 2.8
v 2.6 13.1 2.5
v 2.7 9.5 18.7
v 2.7 9.5 18.5
v 2.7 9.5 2.5
v 2.7 9.5 2.3
v 2.7 9.6 18.5
v 2.7 9.6 2.5
v 2.7 9.9 18.5
v 2.7 9.9 2.5
v 2.7 10 18.5
v 2.7 10 2.5
v 2.7 10.3 18.7
v 2.7 10.3 18.5
v 2.7 10.3 2.5
v 2.7 10.3 2.3
v 2.9 9.1 18.7
v 2.9 9.1 18.5
v 2.9 9.1 2.5
v 2.9 9.1 2.3
v 2.9 9.2 18.5
v 2.9 9.2 2.5
v 2.9 9.5 18.7
v 2.9 9.5 18.5
v 2.9 9.5 2.5
v 2.9 9.5 2.3
v 2.9 10.3 18.7
v 2.9 10.3 18.5
v 2.9 10.3 2.5
v 2.9 10.3 2.3
v 2.9 10.4 18.5
v 2.9 10.4 2.5
v 2.9 10.7 18.7
v 2.9 10.7 18.5
v 2.9 10.7 2.5
v 2.9 10.7 2.3
v 2.9 13.1 18.5
v 2.9 13.1 18.2
v 2.9 13.1 2.8
v 2.9 13.1 2.5
v 2.9 13.3 18.5
v 2.9 13.3 18.2
v 2.9 13.3 2.8
v 2.9 13.3 2.5
v 3 2.8 2.5
v 3 2.8 2.3
v 3 3 2.5
v 3 3.1 2.5
v 3 3.4 2.5
v 3 3.5 2.5
v 3 3.8 2.5
v 3 3.9 2.5
v 3 4.2 2.5
v 3 4.3 2.5
v 3 4.5 2.5
v 3 4.5 2.3
v 3 5.7 2.5
v 3 5.7 2.3
v 3 5.8 2.5
v 3 5.9 2.5
v 3 6.2 2.5
v 3 6.3 2.5
v 3 6.6 2.5
v 3 6.7 2.5
v 3 7 2.5
v 3 7.1 2.5
v 3 7.4 2.5
v 3 7.4 2.3
v 3.1 2.8 18.7
v 3.1 2.8 18.5
v 3.1 3 18.5
v 3.1 3.1 18.5
v 3.1 3.4 18.5
v 3.1 3.5 18.5
v 3.1 3.8 18.5
v 3.1 3.9 18.5
v 3.1 4.2 18.5
v 3.1 4.3 18.5
v 3.1 4.5 18.7
v 3.1 4.5 18.5
v 3.1 5.7 18.7
v 3.1 5.7 18.5
v 3.1 5.8 18.5
v 3.1 5.9 18.5
v 3.1 6.2 18.5
v 3.1 6.3 18.5
v 3.1 6.6 18.5
v 3.1 6.7 18.5
v 3.1 7 18.5
v 3.1 7.1 18.5
v 3.1 7.4 18.7
v 3.1 7.4 18.5
v 3.2 13.3 18.5
v 3.2 13.3 18.2
v 3.2 13.3 2.8
v 3.2 13.3 2.5
v 3.2 13.9 18.5
v 3.2 13.9 18.2
v 3.2 13.9 2.8
v 3.2 13.9 2.5
v 3.3 8.9 18.7
v 3.3 8.9 18.5
v 3.3 8.9 2.5
v 3.3 8.9 2.3
v 3.3 9.1 18.7
v 3.3 9.1 18.5
v 3.3 9.1 2.5
v 3.3 9.1 2.3
v 3.3 10.7 18.7
v 3.3 10.7 18.5
v 3.3 10.7 2.5
v 3.3 10.7 2.3
v 3.3 10.8 18.5
v 3.3 10.8 2.5
v 3.3 10.9 18.7
v 3.3 10.9 18.5
v 3.3 10.9 2.5
v 3.3 10.9 2.3
v 4.1 3.1 2.4
v 4.1 3.1 2.3
v 4.1 4.4 2.4
v 4.1 4.4 2.3
v 4.1 6 2.4
v 4.1 6 2.3
v 4.1 7.3 2.4
v 4.1 7.3 2.3
v 4.1 9.1 18.7
v 4.1 9.1 18.6
v 4.1 9.1 2.4
v 4.1 9.1 2.3
v 4.1 9.3 18.7
v 4.1 9.3 18.6
v 4.1 9.3 2.4
v 4.1 9.3 2.3
v 4.1 10.5 18.7
v 4.1 10.5 18.6
v 4.1 10.5 2.4
v 4.1 10.5 2.3
v 4.1 10.7 18.7
v 4.1 10.7 18.6
v 4.1 10.7 2.4
v 4.1 10.7 2.3
v 4.2 3.1 18.7
v 4.2 3.1 18.6
v 4.2 4.4 18.7
v 4.2 4.4 18.6
v 4.2 6 18.7
v 4.2 6 18.6
v 4.2 7.3 18.7
v 4.2 7.3 18.6
v 4.3 9.3 18.7
v 4.3 9.3 18.6
v 4.3 9.3 2.4
v 4.3 9.3 2.3
v 4.3 9.5 18.7
v 4.3 9.5 18.6
v 4.3 9.5 2.4
v 4.3 9.5 2.3
v 4.3 10.3 18.7
v 4.3 10.3 18.6
v 4.3 10.3 2.4
v 4.3 10.3 2.3
v 4.3 10.5 18.7
v 4.3 10.5 18.6
v 4.3 10.5 2.4
v 4.3 10.5 2.3
v 4.5 9.5 18.7
v 4.5 9.5 18.6
v 4.5 9.5 2.4
v 4.5 9.5 2.3
v 4.5 9.7 18.6
v 4.5 9.7 2.4
v 4.5 10.1 18.6
v 4.5 10.1 2.4
v 4.5 10.3 18.7
v 4.5 10.3 18.6
v 4.5 10.3 2.4
v 4.5 10.3 2.3
v 5.1 2.8 18.7
v 5.1 2.8 18.5
v 5.1 2.8 2.5
v 5.1 2.8 2.3
v 5.1 3 18.5
v 5.1 3 2.5
v 5.1 3.1 18.5
v 5.1 3.1 2.5
v 5.1 3.4 18.5
v 5.1 3.4 2.5
v 5.1 3.5 18.5
v 5.1 3.5 2.5
v 5.1 3.8 18.5
v 5.1 3.8 2.5
v 5.1 3.9 18.5
v 5.1 3.9 2.5
v 5.1 4.2 18.5
v 5.1 4.2 2.5
v 5.1 4.3 18.5
v 5.1 4.3 2.5
v 5.1 4.5 18.7
v 5.1 4.5 18.5
v 5.1 4.5 2.5
v 5.1 4.5 2.3
v 5.1 5.7 18.7
v 5.1 5.7 18.5
v 5.1 5.7 2.5
v 5.1 5.7 2.3
v 5.1 5.8 18.5
v 5.1 5.8 2.5
v 5.1 5.9 18.5
v 5.1 5.9 2.5
v 5.1 6.2 18.5
v 5.1 6.2 2.5
v 5.1 6.3 18.5
v 5.1 6.3 2.5
v 5.1 6.6 18.5
v 5.1 6.6 2.5
v 5.1 6.7 18.5
v 5.1 6.7 2.5
v 5.1 7 18.5
v 5.1 7 2.5
v 5.1 7.1 18.5
v 5.1 7.1 2.5
v 5.1 7.4 18.7
v 5.1 7.4 18.5
v 5.1 7.4 2.5
v 5.1 7.4 2.3
v 6.2 3.1 18.7
v 6.2 3.1 18.6
v 6.2 3.1 2.4
v 6.2 3.1 2.3
v 6.2 4.4 18.7
v 6.2 4.4 18.6
v 6.2 4.4 2.4
v 6.2 4.4 2.3
v 6.2 6 18.7
v 6.2 6 18.6
v 6.2 6 2.4
v 6.2 6 2.3
v 6.2 7.3 18.7
v 6.2 7.3 18.6
v 6.2 7.3 2.4
v 6.2 7.3 2.3
v 7.2 1.5 18.6
v 7.2 1.5 18.5
v 7.2 1.8 18.5
v 7.2 1.9 18.5
v 7.2 2.2 18.5
v 7.2 2.3 18.5
v 7.2 2.6 18.5
v 7.2 2.7 18.5
v 7.2 3 18.5
v 7.2 3.1 18.5
v 7.2 3.4 18.5
v 7.2 3.5 18.5
v 7.2 3.8 18.5
v 7.2 3.9 18.5
v 7.2 4.2 18.5
v 7.2 4.3 18.5
v 7.2 4.6 18.5
v 7.2 4.7 18.5
v 7.2 5 18.5
v 7.2 5.1 18.5
v 7.2 5.4 18.5
v 7.2 5.5 18.5
v 7.2 5.8 18.5
v 7.2 5.9 18.5
v 7.2 6.2 18.5
v 7.2 6.3 18.5
v 7.2 6.6 18.5
v 7.2 6.7 18.5
v 7.2 7 18.5
v 7.2 7.1 18.5
v 7.2 7.4 18.5
v 7.2 7.5 18.5
v 7.2 7.8 18.5
v 7.2 7.9 18.5
v 7.2 8.2 18.5
v 7.2 8.3 18.5
v 7.2 8.7 18.6
v 7.2 8.7 18.5
v 7.3 1.5 2.5
v 7.3 1.5 2.4
v 7.3 1.8 2.5
v 7.3 1.9 2.5
v 7.3 2.2 2.5
v 7.3 2.3 2.5
v 7.3 2.6 2.5
v 7.3 2.7 2.5
v 7.3 3 2.5
v 7.3 3.1 2.5
v 7.3 3.4 2.5
v 7.3 3.5 2.5
v 7.3 3.8 2.5
v 7.3 3.9 2.5
v 7.3 4.2 2.5
v 7.3 4.3 2.5
v 7.3 4.6 2.5
v 7.3 4.7 2.5
v 7.3 5 2.5
v 7.3 5.1 2.5
v 7.3 5.4 2.5
v 7.3 5.5 2.5
v 7.3 5.8 2.5
v 7.3 5.9 2.5
v 7.3 6.2 2.5
v 7.3 6.3 2.5
v 7.3 6.6 2.5
v 7.3 6.7 2.5
v 7.3 7 2.5
v 7.3 7.1 2.5
v 7.3 7.4 2.5
v 7.3 7.5 2.5
v 7.3 7.8 2.5
v 7.3 7.9 2.5
v 7.3 8.2 2.5
v 7.3 8.3 2.5
v 7.3 8.7 2.5
v 7.3 8.7 2.4
v 7.6 8.8 18.2
v 7.6 8.8 2.8
v 7.6 8.9 18.5
v 7.6 8.9 18.2
v 7.6 8.9 2.8
v 7.6 8.9 2.7
v 7.6 9.1 18.5
v 7.6 9.1 2.7
v -7.4 0 10.9
v -7.4 0 9.8
v -7.4 0.5 10.9
v -7.4 0.5 9.8
v -7.3 3.8 10.6
v -7.3 3.8 10.2
v -7.3 3.9 10.8
v -7.3 3.9 10.6
v -7.3 3.9 10.5
v -7.3 3.9 10.3
v -7.3 3.9 10.2
v -7.3 3.9 10
v -7.3 4 10.8
v -7.3 4 10.6
v -7.3 4 10.5
v -7.3 4 10.3
v -7.3 4 10.2
v -7.3 4 10
v -3.8 2.2 13
v -3.8 2.2 12.9
v -3.8 3.5 13
v -3.8 3.5 12.9
v -3.5 2.2 8
v -3.5 2.2 7.9
v -3.5 3.5 8
v -3.5 3.5 7.9
v -1.3 1.9 13
v -1.3 1.9 12.8
v -1.3 2.2 12.8
v -1.3 2.3 12.8
v -1.3 2.6 12.8
v -1.3 2.7 12.8
v -1.3 3 12.8
v -1.3 3.5 12.8
v -1.3 3.6 13
v -1.3 3.6 12.8
v -1 1.9 8.1
v -1 1.9 7.9
v -1 2.2 8.1
v -1 2.3 8.1
v -1 2.6 8.1
v -1 2.7 8.1
v -1 3 8.1
v -1 3.1 8.1
v -1 3.4 8.1
v -1 3.5 8.1
v -1 3.6 8.1
v -1 3.6 7.9
v -0.400001 8.8 18.2
v -0.400001 8.8 2.8
v -0.400001 8.9 18.5
v -0.400001 8.9 18.2
v -0.400001 8.9 2.8
v -0.400001 8.9 2.7
v -0.400001 9.1 18.5
v -0.400001 9.1 2.7
v -0.1 1.5 18.6
v -0.1 1.5 18.5
v -0.1 1.5 2.5
v -0.1 1.5 2.4
v -0.1 1.8 18.5
v -0.1 1.8 2.5
v -0.1 1.9 18.5
v -0.1 1.9 2.5
v -0.1 2.2 18.5
v -0.1 2.2 2.5
v -0.1 2.3 18.5
v -0.1 2.3 2.5
v -0.1 2.6 18.5
v -0.1 2.6 2.5
v -0.1 2.7 18.5
v -0.1 2.7 2.5
v -0.1 3 18.5
v -0.1 3 2.5
v -0.1 3.1 18.5
v -0.1 3.1 2.5
v -0.1 3.4 18.5
v -0.1 3.4 2.5
v -0.1 3.5 18.5
v -0.1 3.5 2.5
v -0.1 3.8 18.5
v -0.1 3.8 2.5
v -0.1 3.9 18.5
v -0.1 3.9 2.5
v -0.1 4.2 18.5
v -0.1 4.2 2.5
v -0.1 4.3 18.5
v -0.1 4.3 2.5
v -0.1 4.6 18.5
v -0.1 4.6 2.5
v -0.1 4.7 18.5
v -0.1 4.7 2.5
v -0.1 5 18.5
v -0.1 5 2.5
v -0.1 5.1 18.5
v -0.1 5.1 2.5
v -0.1 5.4 18.5
v -0.1 5.4 2.5
v -0.1 5.5 18.5
v -0.1 5.5 2.5
v -0.1 5.8 18.5
v -0.1 5.8 2.5
v -0.1 5.9 18.5
v -0.1 5.9 2.5
v -0.1 6.2 18.5
v -0.1 6.2 2.5
v -0.1 6.3 18.5
v -0.1 6.3 2.5
v -0.1 6.6 18.5
v -0.1 6.6 2.5
v -0.1 6.7 18.5
v -0.1 6.7 2.5
v -0.1 7 18.5
v -0.1 7 2.5
v -0.1 7.1 18.5
v -0.1 7.1 2.5
v -0.1 7.4 18.5
v -0.1 7.4 2.5
v -0.1 7.5 18.5
v -0.1 7.5 2.5
v -0.1 7.8 18.5
v -0.1 7.8 2.5
v -0.1 7.9 18.5
v -0.1 7.9 2.5
v -0.1 8.2 18.5
v -0.1 8.2 2.5
v -0.1 8.3 18.5
v -0.1 8.3 2.5
v -0.1 8.7 18.6
v -0.1 8.7 18.5
v -0.1 8.7 2.5
v -0.1 8.7 2.4
v 0.499999 15 15.8
v 0.499999 15 14.7
v 0.499999 15.7 15.8
v 0.499999 15.7 14.7
v 1.1 3.1 18.7
v 1.1 3.1 18.6
v 1.1 3.1 2.4
v 1.1 3.1 2.3
v 1.1 4.4 18.7
v 1.1 4.4 18.6
v 1.1 4.4 2.4
v 1.1 4.4 2.3
v 1.1 6 18.7
v 1.1 6 18.6
v 1.1 6 2.4
v 1.1 6 2.3
v 1.1 7.3 18.7
v 1.1 7.3 18.6
v 1.1 7.3 2.4
v 1.1 7.3 2.3
v 1.8 12.1 16
v 1.8 12.1 14.5
v 1.8 15.3 16.1
v 1.8 15.3 16
v 1.8 15.3 14.5
v 1.8 15.3 14.4
v 1.8 15.7 16.1
v 1.8 15.7 14.4
v 2.2 2.8 18.7
v 2.2 2.8 18.5
v 2.2 2.8 2.5
v 2.2 2.8 2.3
v 2.2 3 18.5
v 2.2 3 2.5
v 2.2 3.1 18.5
v 2.2 3.1 2.5
v 2.2 3.4 18.5
v 2.2 3.4 2.5
v 2.2 3.5 18.5
v 2.2 3.5 2.5
v 2.2 3.8 18.5
v 2.2 3.8 2.5
v 2.2 3.9 18.5
v 2.2 3.9 2.5
v 2.2 4.2 18.5
v 2.2 4.2 2.5
v 2.2 4.3 18.5
v 2.2 4.3 2.5
v 2.2 4.5 18.7
v 2.2 4.5 18.5
v 2.2 4.5 2.5
v 2.2 4.5 2.3
v 2.2 5.7 18.7
v 2.2 5.7 18.5
v 2.2 5.7 2.5
v 2.2 5.7 2.3
v 2.2 5.8 18.5
v 2.2 5.8 2.5
v 2.2 5.9 18.5
v 2.2 5.9 2.5
v 2.2 6.2 18.5
v 2.2 6.2 2.5
v 2.2 6.3 18.5
v 2.2 6.3 2.5
v 2.2 6.6 18.5
v 2.2 6.6 2.5
v 2.2 6.7 18.5
v 2.2 6.7 2.5
v 2.2 7 18.5
v 2.2 7 2.5
v 2.2 7.1 18.5
v 2.2 7.1 2.5
v 2.2 7.4 18.7
v 2.2 7.4 18.5
v 2.2 7.4 2.5
v 2.2 7.4 2.3
v 2.9 9.5 18.7
v 2.9 9.5 18.6
v 2.9 9.5 2.4
v 2.9 9.5 2.3
v 2.9 9.7 18.6
v 2.9 9.7 2.4
v 2.9 10.1 18.6
v 2.9 10.1 2.4
v 2.9 10.3 18.7
v 2.9 10.3 18.6
v 2.9 10.3 2.4
v 2.9 10.3 2.3
v 3.1 3.1 2.4
v 3.1 3.1 2.3
v 3.1 4.4 2.4
v 3.1 4.4 2.3
v 3.1 6 2.4
v 3.1 6 2.3
v 3.1 7.3 2.4
v 3.1 7.3 2.3
v 3.1 9.3 18.7
v 3.1 9.3 18.6
v 3.1 9.3 2.4
v 3.1 9.3 2.3
v 3.1 9.5 18.7
v 3.1 9.5 18.6
v 3.1 9.5 2.4
v 3.1 9.5 2.3
v 3.1 10.3 18.7
v 3.1 10.3 18.6
v 3.1 10.3 2.4
v 3.1 10.3 2.3
v 3.1 10.5 18.7
v 3.1 10.5 18.6
v 3.1 10.5 2.4
v 3.1 10.5 2.3
v 3.2 3.1 18.7
v 3.2 3.1 18.6
v 3.2 4.4 18.7
v 3.2 4.4 18.6
v 3.2 6 18.7
v 3.2 6 18.6
v 3.2 7.3 18.7
v 3.2 7.3 18.6
v 3.3 9.1 18.7
v 3.3 9.1 18.6
v 3.3 9.1 2.4
v 3.3 9.1 2.3
v 3.3 9.3 18.7
v 3.3 9.3 18.6
v 3.3 9.3 2.4
v 3.3 9.3 2.3
v 3.3 10.5 18.7
v 3.3 10.5 18.6
v 3.3 10.5 2.4
v 3.3 10.5 2.3
v 3.3 10.7 18.7
v 3.3 10.7 18.6
v 3.3 10.7 2.4
v 3.3 10.7 2.3
v 4 13.3 18.5
v 4 13.3 18.2
v 4 13.3 2.8
v 4 13.3 2.5
v 4 13.9 18.5
v 4 13.9 18.2
v 4 13.9 2.8
v 4 13.9 2.5
v 4.1 8.9 18.7
v 4.1 8.9 18.5
v 4.1 8.9 2.5
v 4.1 8.9 2.3
v 4.1 9.1 18.7
v 4.1 9.1 18.5
v 4.1 9.1 2.5
v 4.1 9.1 2.3
v 4.1 10.7 18.7
v 4.1 10.7 18.5
v 4.1 10.7 2.5
v 4.1 10.7 2.3
v 4.1 10.8 18.5
v 4.1 10.8 2.5
v 4.1 10.9 18.7
v 4.1 10.9 18.5
v 4.1 10.9 2.5
v 4.1 10.9 2.3
v 4.2 2.8 2.5
v 4.2 2.8 2.3
v 4.2 3 2.5
v 4.2 3.1 2.5
v 4.2 3.4 2.5
v 4.2 3.5 2.5
v 4.2 3.8 2.5
v 4.2 3.9 2.5
v 4.2 4.2 2.5
v 4.2 4.3 2.5
v 4.2 4.5 2.5
v 4.2 4.5 2.3
v 4.2 5.7 2.5
v 4.2 5.7 2.3
v 4.2 5.8 2.5
v 4.2 5.9 2.5
v 4.2 6.2 2.5
v 4.2 6.3 2.5
v 4.2 6.6 2.5
v 4.2 6.7 2.5
v 4.2 7 2.5
v 4.2 7.1 2.5
v 4.2 7.4 2.5
v 4.2 7.4 2.3
v 4.3 2.8 18.7
v 4.3 2.8 18.5
v 4.3 3 18.5
v 4.3 3.1 18.5
v 4.3 3.4 18.5
v 4.3 3.5 18.5
v 4.3 3.8 18.5
v 4.3 3.9 18.5
v 4.3 4.2 18.5
v 4.3 4.3 18.5
v 4.3 4.5 18.7
v 4.3 4.5 18.5
v 4.3 5.7 18.7
v 4.3 5.7 18.5
v 4.3 5.8 18.5
v 4.3 5.9 18.5
v 4.3 6.2 18.5
v 4.3 6.3 18.5
v 4.3 6.6 18.5
v 4.3 6.7 18.5
v 4.3 7 18.5
v 4.3 7.1 18.5
v 4.3 7.4 18.7
v 4.3 7.4 18.5
v 4.3 13.1 18.5
v 4.3 13.1 18.2
v 4.3 13.1 2.8
v 4.3 13.1 2.5
v 4.3 13.3 18.5
v 4.3 13.3 18.2
v 4.3 13.3 2.8
v 4.3 13.3 2.5
v 4.5 9.1 18.7
v 4.5 9.1 18.5
v 4.5 9.1 2.5
v 4.5 9.1 2.3
v 4.5 9.2 18.5
v 4.5 9.2 2.5
v 4.5 9.5 18.7
v 4.5 9.5 18.5
v 4.5 9.5 2.5
v 4.5 9.5 2.3
v 4.5 10.3 18.7
v 4.5 10.3 18.5
v 4.5 10.3 2.5
v 4.5 10.3 2.3
v 4.5 10.4 18.5
v 4.5 10.4 2.5
v 4.5 10.7 18.7
v 4.5 10.7 18.5
v 4.5 10.7 2.5
v 4.5 10.7 2.3
v 4.6 12.8 18.5
v 4.6 12.8 18.2
v 4.6 12.8 2.8
v 4.6 12.8 2.5
v 4.6 13.1 18.5
v 4.6 13.1 18.2
v 4.6 13.1 2.8
v 4.6 13.1 2.5
v 4.7 9.5 18.7
v 4.7 9.5 18.5
v 4.7 9.5 2.5
v 4.7 9.5 2.3
v 4.7 9.6 18.5
v 4.7 9.6 2.5
v 4.7 9.9 18.5
v 4.7 9.9 2.5
v 4.7 10 18.5
v 4.7 10 2.5
v 4.7 10.3 18.7
v 4.7 10.3 18.5
v 4.7 10.3 2.5
v 4.7 10.3 2.3
v 4.8 12.4 18.5
v 4.8 12.4 18.2
v 4.8 12.4 2.8
v 4.8 12.4 2.5
v 4.8 12.8 18.5
v 4.8 12.8 18.2
v 4.8 12.8 2.8
v 4.8 12.8 2.5
v 5.1 12.1 18.5
v 5.1 12.1 18.2
v 5.1 12.1 2.8
v 5.1 12.1 2.5
v 5.1 12.4 18.5
v 5.1 12.4 18.2
v 5.1 12.4 2.8
v 5.1 12.4 2.5
v 5.2 3.1 18.7
v 5.2 3.1 18.6
v 5.2 3.1 2.4
v 5.2 3.1 2.3
v 5.2 4.4 18.7
v 5.2 4.4 18.6
v 5.2 4.4 2.4
v 5.2 4.4 2.3
v 5.2 6 18.7
v 5.2 6 18.6
v 5.2 6 2.4
v 5.2 6 2.3
v 5.2 7.3 18.7
v 5.2 7.3 18.6
v 5.2 7.3 2.4
v 5.2 7.3 2.3
v 5.4 11.5 18.5
v 5.4 11.5 18.2
v 5.4 11.5 2.8
v 5.4 11.5 2.5
v 5.4 12.1 18.5
v 5.4 12.1 18.2
v 5.4 12.1 2.8
v 5.4 12.1 2.5
v 5.7 11.2 18.5
v 5.7 11.2 18.2
v 5.7 11.2 2.8
v 5.7 11.2 2.5
v 5.7 11.5 18.5
v 5.7 11.5 18.2
v 5.7 11.5 2.8
v 5.7 11.5 2.5
v 5.9 10.7 18.5
v 5.9 10.7 18.2
v 5.9 10.7 2.8
v 5.9 10.7 2.5
v 5.9 11.2 18.5
v 5.9 11.2 18.2
v 5.9 11.2 2.8
v 5.9 11.2 2.5
v 6.2 10.4 18.5
v 6.2 10.4 18.2
v 6.2 10.4 2.8
v 6.2 10.4 2.5
v 6.2 10.7 18.5
v 6.2 10.7 18.2
v 6.2 10.7 2.8
v 6.2 10.7 2.5
v 6.3 2.8 18.7
v 6.3 2.8 18.5
v 6.3 2.8 2.5
v 6.3 2.8 2.3
v 6.3 3 18.5
v 6.3 3 2.5
v 6.3 3.1 18.5
v 6.3 3.1 2.5
v 6.3 3.4 18.5
v 6.3 3.4 2.5
v 6.3 3.5 18.5
v 6.3 3.5 2.5
v 6.3 3.8 18.5
v 6.3 3.8 2.5
v 6.3 3.9 18.5
v 6.3 3.9 2.5
v 6.3 4.2 18.5
v 6.3 4.2 2.5
v 6.3 4.3 18.5
v 6.3 4.3 2.5
v 6.3 4.5 18.7
v 6.3 4.5 18.5
v 6.3 4.5 2.5
v 6.3 4.5 2.3
v 6.3 5.7 18.7
v 6.3 5.7 18.5
v 6.3 5.7 2.5
v 6.3 5.7 2.3
v 6.3 5.8 18.5
v 6.3 5.8 2.5
v 6.3 5.9 18.5
v 6.3 5.9 2.5
v 6.3 6.2 18.5
v 6.3 6.2 2.5
v 6.3 6.3 18.5
v 6.3 6.3 2.5
v 6.3 6.6 18.5
v 6.3 6.6 2.5
v 6.3 6.7 18.5
v 6.3 6.7 2.5
v 6.3 7 18.5
v 6.3 7 2.5
v 6.3 7.1 18.5
v 6.3 7.1 2.5
v 6.3 7.4 18.7
v 6.3 7.4 18.5
v 6.3 7.4 2.5
v 6.3 7.4 2.3
v 6.5 10.1 18.5
v 6.5 10.1 18.2
v 6.5 10.1 2.8
v 6.5 10.1 2.5
v 6.5 10.4 18.5
v 6.5 10.4 18.2
v 6.5 10.4 2.8
v 6.5 10.4 2.5
v 6.8 9.7 18.5
v 6.8 9.7 18.2
v 6.8 9.7 2.8
v 6.8 9.7 2.5
v 6.8 10.1 18.5
v 6.8 10.1 18.2
v 6.8 10.1 2.8
v 6.8 10.1 2.5
v 7 9.4 18.5
v 7 9.4 18.2
v 7 9.4 2.8
v 7 9.4 2.5
v 7 9.7 18.5
v 7 9.7 18.2
v 7 9.7 2.8
v 7 9.7 2.5
v 7.3 8.8 18.2
v 7.3 8.8 2.8
v 7.3 8.9 18.5
v 7.3 8.9 18.2
v 7.3 8.9 2.8
v 7.3 8.9 2.5
v 7.3 9.4 18.5
v 7.3 9.4 18.2
v 7.3 9.4 2.8
v 7.3 9.4 2.5
v 7.6 1.5 18.1
v 7.6 1.5 2.8
v 7.6 1.8 18.1
v 7.6 1.8 2.8
v 7.6 1.9 18.1
v 7.6 1.9 2.8
v 7.6 2.2 18.1
v 7.6 2.2 2.8
v 7.6 2.3 18.1
v 7.6 2.3 2.8
v 7.6 2.6 18.1
v 7.6 2.6 2.8
v 7.6 2.7 18.1
v 7.6 2.7 2.8
v 7.6 3 18.1
v 7.6 3 2.8
v 7.6 3.1 18.1
v 7.6 3.1 2.8
v 7.6 3.4 18.1
v 7.6 3.4 2.8
v 7.6 3.5 18.1
v 7.6 3.5 2.8
v 7.6 3.8 18.1
v 7.6 3.8 2.8
v 7.6 3.9 18.1
v 7.6 3.9 2.8
v 7.6 4.2 18.1
v 7.6 4.2 2.8
v 7.6 4.3 18.1
v 7.6 4.3 2.8
v 7.6 4.6 18.1
v 7.6 4.6 2.8
v 7.6 4.7 18.1
v 7.6 4.7 2.8
v 7.6 5 18.1
v 7.6 5 2.8
v 7.6 5.1 18.1
v 7.6 5.1 2.8
v 7.6 5.4 18.1
v 7.6 5.4 2.8
v 7.6 5.5 18.1
v 7.6 5.5 2.8
v 7.6 5.8 18.1
v 7.6 5.8 2.8
v 7.6 5.9 18.1
v 7.6 5.9 2.8
v 7.6 6.2 18.1
v 7.6 6.2 2.8
v 7.6 6.3 18.1
v 7.6 6.3 2.8
v 7.6 6.6 18.1
v 7.6 6.6 2.8
v 7.6 6.7 18.1
v 7.6 6.7 2.8
v 7.6 7 18.1
v 7.6 7 2.8
v 7.6 7.1 18.1
v 7.6 7.1 2.8
v 7.6 7.4 18.1
v 7.6 7.4 2.8
v 7.6 7.5 18.1
v 7.6 7.5 2.8
v 7.6 7.8 18.1
v 7.6 7.8 2.8
v 7.6 7.9 18.1
v 7.6 7.9 2.8
v 7.6 8.2 18.1
v 7.6 8.2 2.8
v 7.6 8.3 18.1
v 7.6 8.3 2.8
v 7.6 8.7 18.1
v 7.6 8.7 2.8
v 7.7 0 18.6
v 7.7 0 2.4
v 7.7 1.5 18.1
v 7.7 1.5 2.8
v 7.7 8.7 18.6
v 7.7 8.7 18.5
v 7.7 8.7 18.1
v 7.7 8.7 2.8
v 7.7 8.7 2.5
v 7.7 8.7 2.4
v 7.7 9 18.5
v 7.7 9 2.7
v 7.7 9.1 18.5
v 7.7 9.1 2.7
v 7.9 8.9 18.5
v 7.9 8.9 2.7
v 7.9 9 18.5
v 7.9 9 2.7
v 8.1 8.7 18.5
v 8.1 8.7 2.5
v 8.1 8.9 18.5
v 8.1 8.9 2.5
v 0.999999 2.8 18.7
v 0.999999 4.5 18.7
v 0.999999 5.7 18.7
v 0.999999 7.4 18.7
v 1.1 3.1 18.7
v 1.1 4.4 18.7
v 1.1 6 18.7
v 1.1 7.3 18.7
v 2.1 3.1 18.7
v 2.1 4.4 18.7
v 2.1 6 18.7
v 2.1 7.3 18.7
v 2.2 2.8 18.7
v 2.2 4.5 18.7
v 2.2 5.7 18.7
v 2.2 7.4 18.7
v 2.7 9.5 18.7
v 2.7 10.3 18.7
v 2.9 9.1 18.7
v 2.9 9.5 18.7
v 2.9 10.3 18.7
v 2.9 10.7 18.7
v 3.1 2.8 18.7
v 3.1 4.5 18.7
v 3.1 5.7 18.7
v 3.1 7.4 18.7
v 3.1 9.3 18.7
v 3.1 9.5 18.7
v 3.1 10.3 18.7
v 3.1 10.5 18.7
v 3.2 3.1 18.7
v 3.2 4.4 18.7
v 3.2 6 18.7
v 3.2 7.3 18.7
v 3.3 8.9 18.7
v 3.3 9.1 18.7
v 3.3 9.3 18.7
v 3.3 10.5 18.7
v 3.3 10.7 18.7
v 3.3 10.9 18.7
v 4.1 8.9 18.7
v 4.1 9.1 18.7
v 4.1 9.3 18.7
v 4.1 10.5 18.7
v 4.1 10.7 18.7
v 4.1 10.9 18.7
v 4.2 3.1 18.7
v 4.2 4.4 18.7
v 4.2 6 18.7
v 4.2 7.3 18.7
v 4.3 2.8 18.7
v 4.3 4.5 18.7
v 4.3 5.7 18.7
v 4.3 7.4 18.7
v 4.3 9.3 18.7
v 4.3 9.5 18.7
v 4.3 10.3 18.7
v 4.3 10.5 18.7
v 4.5 9.1 18.7
v 4.5 9.5 18.7
v 4.5 10.3 18.7
v 4.5 10.7 18.7
v 4.7 9.5 18.7
v 4.7 10.3 18.7
v 5.1 2.8 18.7
v 5.1 4.5 18.7
v 5.1 5.7 18.7
v 5.1 7.4 18.7
v 5.2 3.1 18.7
v 5.2 4.4 18.7
v 5.2 6 18.7
v 5.2 7.3 18.7
v 6.2 3.1 18.7
v 6.2 4.4 18.7
v 6.2 6 18.7
v 6.2 7.3 18.7
v 6.3 2.8 18.7
v 6.3 4.5 18.7
v 6.3 5.7 18.7
v 6.3 7.4 18.7
v -0.500001 0 18.6
v -0.500001 8.7 18.6
v -0.1 1.5 18.6
v -0.1 8.7 18.6
v 1.1 3.1 18.6
v 1.1 4.4 18.6
v 1.1 6 18.6
v 1.1 7.3 18.6
v 2.1 3.1 18.6
v 2.1 4.4 18.6
v 2.1 6 18.6
v 2.1 7.3 18.6
v 2.9 9.5 18.6
v 2.9 9.7 18.6
v 2.9 10.1 18.6
v 2.9 10.3 18.6
v 3.1 9.3 18.6
v 3.1 9.5 18.6
v 3.1 10.3 18.6
v 3.1 10.5 18.6
v 3.2 3.1 18.6
v 3.2 4.4 18.6
v 3.2 6 18.6
v 3.2 7.3 18.6
v 3.3 9.1 18.6
v 3.3 9.3 18.6
v 3.3 10.5 18.6
v 3.3 10.7 18.6
v 3.5 9.1 18.6
v 3.5 9.7 18.6
v 3.5 10.1 18.6
v 3.5 10.7 18.6
v 3.9 9.1 18.6
v 3.9 9.7 18.6
v 3.9 10.1 18.6
v 3.9 10.7 18.6
v 4.1 9.1 18.6
v 4.1 9.3 18.6
v 4.1 10.5 18.6
v 4.1 10.7 18.6
v 4.2 3.1 18.6
v 4.2 4.4 18.6
v 4.2 6 18.6
v 4.2 7.3 18.6
v 4.3 9.3 18.6
v 4.3 9.5 18.6
v 4.3 10.3 18.6
v 4.3 10.5 18.6
v 4.5 9.5 18.6
v 4.5 9.7 18.6
v 4.5 10.1 18.6
v 4.5 10.3 18.6
v 5.2 3.1 18.6
v 5.2 4.4 18.6
v 5.2 6 18.6
v 5.2 7.3 18.6
v 6.2 3.1 18.6
v 6.2 4.4 18.6
v 6.2 6 18.6
v 6.2 7.3 18.6
v 7.2 1.5 18.6
v 7.2 8.7 18.6
v 7.7 0 18.6
v 7.7 8.7 18.6
v -0.900001 8.7 18.5
v -0.900001 8.9 18.5
v -0.700001 8.9 18.5
v -0.700001 9 18.5
v -0.500001 8.7 18.5
v -0.500001 9 18.5
v -0.500001 9.1 18.5
v -0.400001 8.9 18.5
v -0.400001 9.1 18.5
v -0.1 1.5 18.5
v -0.1 1.8 18.5
v -0.1 1.9 18.5
v -0.1 2.2 18.5
v -0.1 2.3 18.5
v -0.1 2.6 18.5
v -0.1 2.7 18.5
v -0.1 3 18.5
v -0.1 3.1 18.5
v -0.1 3.4 18.5
v -0.1 3.5 18.5
v -0.1 3.8 18.5
v -0.1 3.9 18.5
v -0.1 4.2 18.5
v -0.1 4.3 18.5
v -0.1 4.6 18.5
v -0.1 4.7 18.5
v -0.1 5 18.5
v -0.1 5.1 18.5
v -0.1 5.4 18.5
v -0.1 5.5 18.5
v -0.1 5.8 18.5
v -0.1 5.9 18.5
v -0.1 6.2 18.5
v -0.1 6.3 18.5
v -0.1 6.6 18.5
v -0.1 6.7 18.5
v -0.1 7 18.5
v -0.1 7.1 18.5
v -0.1 7.4 18.5
v -0.1 7.5 18.5
v -0.1 7.8 18.5
v -0.1 7.9 18.5
v -0.1 8.2 18.5
v -0.1 8.3 18.5
v -0.1 8.7 18.5
v -0.1 8.9 18.5
v -0.1 9.4 18.5
v 0.199999 4.3 18.5
v 0.199999 4.6 18.5
v 0.199999 8.7 18.5
v 0.199999 8.8 18.5
v 0.199999 9.4 18.5
v 0.199999 9.7 18.5
v 0.299999 2.7 18.5
v 0.299999 3 18.5
v 0.299999 4.3 18.5
v 0.299999 4.6 18.5
v 0.299999 7.5 18.5
v 0.299999 7.8 18.5
v 0.4 2.7 18.5
v 0.4 3 18.5
v 0.4 5.1 18.5
v 0.4 5.4 18.5
v 0.4 5.9 18.5
v 0.4 6.2 18.5
v 0.4 7.5 18.5
v 0.4 7.8 18.5
v 0.4 8.8 18.5
v 0.4 9.1 18.5
v 0.4 9.7 18.5
v 0.4 10 18.5
v 0.499999 1.9 18.5
v 0.499999 2.2 18.5
v 0.499999 5.1 18.5
v 0.499999 5.4 18.5
v 0.499999 5.9 18.5
v 0.499999 6.2 18.5
v 0.499999 8.3 18.5
v 0.499999 8.7 18.5
v 0.599999 1.9 18.5
v 0.599999 2.2 18.5
v 0.599999 3.5 18.5
v 0.599999 3.8 18.5
v 0.599999 8.3 18.5
v 0.599999 8.7 18.5
v 0.699999 3.5 18.5
v 0.699999 3.8 18.5
v 0.699999 9.1 18.5
v 0.699999 9.2 18.5
v 0.699999 9.4 18.5
v 0.699999 10 18.5
v 0.699999 10.4 18.5
v 0.799999 6.7 18.5
v 0.799999 7 18.5
v 0.9 6.7 18.5
v 0.9 7 18.5
v 0.999999 2.8 18.5
v 0.999999 3 18.5
v 0.999999 3.1 18.5
v 0.999999 3.4 18.5
v 0.999999 3.5 18.5
v 0.999999 3.8 18.5
v 0.999999 3.9 18.5
v 0.999999 4.2 18.5
v 0.999999 4.3 18.5
v 0.999999 4.5 18.5
v 0.999999 5.7 18.5
v 0.999999 5.8 18.5
v 0.999999 5.9 18.5
v 0.999999 6.2 18.5
v 0.999999 6.3 18.5
v 0.999999 6.6 18.5
v 0.999999 6.7 18.5
v 0.999999 7 18.5
v 0.999999 7.1 18.5
v 0.999999 7.4 18.5
v 0.999999 9.4 18.5
v 0.999999 9.5 18.5
v 0.999999 9.6 18.5
v 0.999999 9.7 18.5
v 0.999999 10.4 18.5
v 0.999999 10.7 18.5
v 1.3 9.7 18.5
v 1.3 9.9 18.5
v 1.3 10 18.5
v 1.3 10.7 18.5
v 1.3 11.2 18.5
v 1.5 10 18.5
v 1.5 10.3 18.5
v 1.5 10.4 18.5
v 1.5 10.7 18.5
v 1.5 11.2 18.5
v 1.5 11.5 18.5
v 1.8 10.7 18.5
v 1.8 10.8 18.5
v 1.8 11.1 18.5
v 1.8 11.5 18.5
v 1.8 12.1 18.5
v 2.1 11.1 18.5
v 2.1 11.2 18.5
v 2.1 11.5 18.5
v 2.1 12.1 18.5
v 2.1 12.4 18.5
v 2.2 2.8 18.5
v 2.2 3 18.5
v 2.2 3.1 18.5
v 2.2 3.4 18.5
v 2.2 3.5 18.5
v 2.2 3.8 18.5
v 2.2 3.9 18.5
v 2.2 4.2 18.5
v 2.2 4.3 18.5
v 2.2 4.5 18.5
v 2.2 5.7 18.5
v 2.2 5.8 18.5
v 2.2 5.9 18.5
v 2.2 6.2 18.5
v 2.2 6.3 18.5
v 2.2 6.6 18.5
v 2.2 6.7 18.5
v 2.2 7 18.5
v 2.2 7.1 18.5
v 2.2 7.4 18.5
v 2.4 6.3 18.5
v 2.4 6.6 18.5
v 2.4 9.6 18.5
v 2.4 9.9 18.5
v 2.4 11.5 18.5
v 2.4 11.6 18.5
v 2.4 11.8 18.5
v 2.4 12.4 18.5
v 2.4 12.6 18.5
v 2.5 1.5 18.5
v 2.5 1.8 18.5
v 2.5 3.1 18.5
v 2.5 3.4 18.5
v 2.5 4.7 18.5
v 2.5 5 18.5
v 2.5 6.3 18.5
v 2.5 6.6 18.5
v 2.5 7.9 18.5
v 2.5 8.2 18.5
v 2.5 8.8 18.5
v 2.5 9.1 18.5
v 2.5 9.6 18.5
v 2.5 9.9 18.5
v 2.6 1.5 18.5
v 2.6 1.8 18.5
v 2.6 3.1 18.5
v 2.6 3.4 18.5
v 2.6 3.9 18.5
v 2.6 4.2 18.5
v 2.6 4.7 18.5
v 2.6 5 18.5
v 2.6 5.5 18.5
v 2.6 5.8 18.5
v 2.6 7.1 18.5
v 2.6 7.4 18.5
v 2.6 7.9 18.5
v 2.6 8.2 18.5
v 2.6 8.8 18.5
v 2.6 9.1 18.5
v 2.6 11.2 18.5
v 2.6 11.5 18.5
v 2.6 11.8 18.5
v 2.6 11.9 18.5
v 2.6 12 18.5
v 2.6 12.1 18.5
v 2.6 12.6 18.5
v 2.6 13.1 18.5
v 2.7 3.9 18.5
v 2.7 4.2 18.5
v 2.7 5.5 18.5
v 2.7 5.8 18.5
v 2.7 7.1 18.5
v 2.7 7.4 18.5
v 2.7 9.5 18.5
v 2.7 9.6 18.5
v 2.7 9.9 18.5
v 2.7 10 18.5
v 2.7 10.3 18.5
v 2.7 10.4 18.5
v 2.7 10.7 18.5
v 2.7 11.2 18.5
v 2.7 11.5 18.5
v 2.8 2.3 18.5
v 2.8 2.6 18.5
v 2.8 10.4 18.5
v 2.8 10.7 18.5
v 2.9 2.3 18.5
v 2.9 2.6 18.5
v 2.9 9.1 18.5
v 2.9 9.2 18.5
v 2.9 9.5 18.5
v 2.9 10.3 18.5
v 2.9 10.4 18.5
v 2.9 10.7 18.5
v 2.9 12 18.5
v 2.9 12.1 18.5
v 2.9 12.4 18.5
v 2.9 13.1 18.5
v 2.9 13.3 18.5
v 3 12 18.5
v 3 12.3 18.5
v 3.1 2.8 18.5
v 3.1 3 18.5
v 3.1 3.1 18.5
v 3.1 3.4 18.5
v 3.1 3.5 18.5
v 3.1 3.8 18.5
v 3.1 3.9 18.5
v 3.1 4.2 18.5
v 3.1 4.3 18.5
v 3.1 4.5 18.5
v 3.1 5.7 18.5
v 3.1 5.8 18.5
v 3.1 5.9 18.5
v 3.1 6.2 18.5
v 3.1 6.3 18.5
v 3.1 6.6 18.5
v 3.1 6.7 18.5
v 3.1 7 18.5
v 3.1 7.1 18.5
v 3.1 7.4 18.5
v 3.2 12.4 18.5
v 3.2 12.7 18.5
v 3.2 12.8 18.5
v 3.2 12.9 18.5
v 3.2 13.3 18.5
v 3.2 13.9 18.5
v 3.3 8.9 18.5
v 3.3 9.1 18.5
v 3.3 10.7 18.5
v 3.3 10.8 18.5
v 3.3 10.9 18.5
v 3.5 11.6 18.5
v 3.5 11.9 18.5
v 3.5 12.4 18.5
v 3.5 12.7 18.5
v 3.5 12.9 18.5
v 3.5 13.2 18.5
v 3.6 11.6 18.5
v 3.6 11.9 18.5
v 3.6 12.4 18.5
v 3.6 12.7 18.5
v 3.7 12.6 18.5
v 3.7 12.7 18.5
v 3.7 12.8 18.5
v 3.7 13.2 18.5
v 3.8 10.9 18.5
v 3.8 11.1 18.5
v 3.9 10.9 18.5
v 3.9 11.1 18.5
v 4 12.2 18.5
v 4 12.3 18.5
v 4 12.4 18.5
v 4 12.6 18.5
v 4 13.3 18.5
v 4 13.9 18.5
v 4.1 8.9 18.5
v 4.1 9.1 18.5
v 4.1 10.7 18.5
v 4.1 10.8 18.5
v 4.1 10.9 18.5
v 4.3 2.8 18.5
v 4.3 3 18.5
v 4.3 3.1 18.5
v 4.3 3.4 18.5
v 4.3 3.5 18.5
v 4.3 3.8 18.5
v 4.3 3.9 18.5
v 4.3 4.2 18.5
v 4.3 4.3 18.5
v 4.3 4.5 18.5
v 4.3 5.7 18.5
v 4.3 5.8 18.5
v 4.3 5.9 18.5
v 4.3 6.2 18.5
v 4.3 6.3 18.5
v 4.3 6.6 18.5
v 4.3 6.7 18.5
v 4.3 7 18.5
v 4.3 7.1 18.5
v 4.3 7.4 18.5
v 4.3 11.9 18.5
v 4.3 12 18.5
v 4.3 12.2 18.5
v 4.3 13.1 18.5
v 4.3 13.3 18.5
v 4.4 1.9 18.5
v 4.4 2.2 18.5
v 4.5 1.9 18.5
v 4.5 2.2 18.5
v 4.5 5.9 18.5
v 4.5 6.2 18.5
v 4.5 9.1 18.5
v 4.5 9.2 18.5
v 4.5 9.5 18.5
v 4.5 10.3 18.5
v 4.5 10.4 18.5
v 4.5 10.7 18.5
v 4.6 3.5 18.5
v 4.6 3.8 18.5
v 4.6 5.9 18.5
v 4.6 6.2 18.5
v 4.6 7.5 18.5
v 4.6 7.8 18.5
v 4.6 11.7 18.5
v 4.6 11.9 18.5
v 4.6 12.8 18.5
v 4.6 13.1 18.5
v 4.7 3.5 18.5
v 4.7 3.8 18.5
v 4.7 4.3 18.5
v 4.7 4.6 18.5
v 4.7 7.5 18.5
v 4.7 7.8 18.5
v 4.7 8.3 18.5
v 4.7 8.7 18.5
v 4.7 9.5 18.5
v 4.7 9.6 18.5
v 4.7 9.9 18.5
v 4.7 10 18.5
v 4.7 10.3 18.5
v 4.8 2.7 18.5
v 4.8 3 18.5
v 4.8 4.3 18.5
v 4.8 4.6 18.5
v 4.8 5.1 18.5
v 4.8 5.4 18.5
v 4.8 8.3 18.5
v 4.8 8.7 18.5
v 4.8 11.4 18.5
v 4.8 11.5 18.5
v 4.8 11.6 18.5
v 4.8 11.7 18.5
v 4.8 12.4 18.5
v 4.8 12.8 18.5
v 4.9 2.7 18.5
v 4.9 3 18.5
v 4.9 5.1 18.5
v 4.9 5.4 18.5
v 4.9 6.7 18.5
v 4.9 7 18.5
v 4.9 10.4 18.5
v 4.9 10.7 18.5
v 5 6.7 18.5
v 5 7 18.5
v 5 10.4 18.5
v 5 10.7 18.5
v 5.1 2.8 18.5
v 5.1 3 18.5
v 5.1 3.1 18.5
v 5.1 3.4 18.5
v 5.1 3.5 18.5
v 5.1 3.8 18.5
v 5.1 3.9 18.5
v 5.1 4.2 18.5
v 5.1 4.3 18.5
v 5.1 4.5 18.5
v 5.1 5.7 18.5
v 5.1 5.8 18.5
v 5.1 5.9 18.5
v 5.1 6.2 18.5
v 5.1 6.3 18.5
v 5.1 6.6 18.5
v 5.1 6.7 18.5
v 5.1 7 18.5
v 5.1 7.1 18.5
v 5.1 7.4 18.5
v 5.1 11.1 18.5
v 5.1 11.2 18.5
v 5.1 11.4 18.5
v 5.1 12.1 18.5
v 5.1 12.4 18.5
v 5.4 10.7 18.5
v 5.4 10.8 18.5
v 5.4 11.1 18.5
v 5.4 11.5 18.5
v 5.4 12.1 18.5
v 5.7 9.6 18.5
v 5.7 9.9 18.5
v 5.7 10.4 18.5
v 5.7 10.7 18.5
v 5.7 11.2 18.5
v 5.7 11.5 18.5
v 5.8 9.6 18.5
v 5.8 9.9 18.5
v 5.9 8.8 18.5
v 5.9 9.1 18.5
v 5.9 10 18.5
v 5.9 10.3 18.5
v 5.9 10.4 18.5
v 5.9 10.7 18.5
v 5.9 11.2 18.5
v 6 8.8 18.5
v 6 9.1 18.5
v 6.2 9.5 18.5
v 6.2 9.6 18.5
v 6.2 9.9 18.5
v 6.2 10 18.5
v 6.2 10.4 18.5
v 6.2 10.7 18.5
v 6.3 2.8 18.5
v 6.3 3 18.5
v 6.3 3.1 18.5
v 6.3 3.4 18.5
v 6.3 3.5 18.5
v 6.3 3.8 18.5
v 6.3 3.9 18.5
v 6.3 4.2 18.5
v 6.3 4.3 18.5
v 6.3 4.5 18.5
v 6.3 5.7 18.5
v 6.3 5.8 18.5
v 6.3 5.9 18.5
v 6.3 6.2 18.5
v 6.3 6.3 18.5
v 6.3 6.6 18.5
v 6.3 6.7 18.5
v 6.3 7 18.5
v 6.3 7.1 18.5
v 6.3 7.4 18.5
v 6.5 9.3 18.5
v 6.5 9.5 18.5
v 6.5 10.1 18.5
v 6.5 10.4 18.5
v 6.6 5.5 18.5
v 6.6 5.8 18.5
v 6.7 5.5 18.5
v 6.7 5.8 18.5
v 6.7 7.1 18.5
v 6.7 7.4 18.5
v 6.8 2.3 18.5
v 6.8 2.6 18.5
v 6.8 3.9 18.5
v 6.8 4.2 18.5
v 6.8 7.1 18.5
v 6.8 7.4 18.5
v 6.8 7.9 18.5
v 6.8 8.2 18.5
v 6.8 8.7 18.5
v 6.8 8.8 18.5
v 6.8 9.1 18.5
v 6.8 9.2 18.5
v 6.8 9.3 18.5
v 6.8 9.7 18.5
v 6.8 10.1 18.5
v 6.9 1.5 18.5
v 6.9 1.8 18.5
v 6.9 2.3 18.5
v 6.9 2.6 18.5
v 6.9 3.9 18.5
v 6.9 4.2 18.5
v 6.9 6.3 18.5
v 6.9 6.6 18.5
v 6.9 7.9 18.5
v 6.9 8.2 18.5
v 7 1.5 18.5
v 7 1.8 18.5
v 7 3.1 18.5
v 7 3.4 18.5
v 7 4.7 18.5
v 7 5 18.5
v 7 6.3 18.5
v 7 6.6 18.5
v 7 9.4 18.5
v 7 9.7 18.5
v 7.1 3.1 18.5
v 7.1 3.4 18.5
v 7.1 4.7 18.5
v 7.1 5 18.5
v 7.2 1.5 18.5
v 7.2 1.8 18.5
v 7.2 1.9 18.5
v 7.2 2.2 18.5
v 7.2 2.3 18.5
v 7.2 2.6 18.5
v 7.2 2.7 18.5
v 7.2 3 18.5
v 7.2 3.1 18.5
v 7.2 3.4 18.5
v 7.2 3.5 18.5
v 7.2 3.8 18.5
v 7.2 3.9 18.5
v 7.2 4.2 18.5
v 7.2 4.3 18.5
v 7.2 4.6 18.5
v 7.2 4.7 18.5
v 7.2 5 18.5
v 7.2 5.1 18.5
v 7.2 5.4 18.5
v 7.2 5.5 18.5
v 7.2 5.8 18.5
v 7.2 5.9 18.5
v 7.2 6.2 18.5
v 7.2 6.3 18.5
v 7.2 6.6 18.5
v 7.2 6.7 18.5
v 7.2 7 18.5
v 7.2 7.1 18.5
v 7.2 7.4 18.5
v 7.2 7.5 18.5
v 7.2 7.8 18.5
v 7.2 7.9 18.5
v 7.2 8.2 18.5
v 7.2 8.3 18.5
v 7.2 8.7 18.5
v 7.3 8.9 18.5
v 7.3 9.4 18.5
v 7.6 8.9 18.5
v 7.6 9.1 18.5
v 7.7 8.7 18.5
v 7.7 9 18.5
v 7.7 9.1 18.5
v 7.9 8.9 18.5
v 7.9 9 18.5
v 8.1 8.7 18.5
v 8.1 8.9 18.5
v -0.600001 2.2 17.5
v -0.600001 3.9 17.5
v -0.600001 5.7 17.5
v -0.600001 7.4 17.5
v -0.400001 2.2 17.5
v -0.400001 2.3 17.5
v -0.400001 2.6 17.5
v -0.400001 2.7 17.5
v -0.400001 3 17.5
v -0.400001 3.1 17.5
v -0.400001 3.4 17.5
v -0.400001 3.5 17.5
v -0.400001 3.8 17.5
v -0.400001 3.9 17.5
v -0.400001 5.7 17.5
v -0.400001 5.8 17.5
v -0.400001 5.9 17.5
v -0.400001 6.2 17.5
v -0.400001 6.3 17.5
v -0.400001 6.6 17.5
v -0.400001 6.7 17.5
v -0.400001 7 17.5
v -0.400001 7.1 17.5
v -0.400001 7.4 17.5
v -0.600001 2.5 16.4
v -0.600001 3.8 16.4
v -0.600001 6 16.4
v -0.600001 7.3 16.4
v -0.500001 2.5 16.4
v -0.500001 3.8 16.4
v -0.500001 6 16.4
v -0.500001 7.3 16.4
v 0.199999 15.3 16.1
v 0.199999 15.7 16.1
v 1.8 15.3 16.1
v 1.8 15.7 16.1
v 0.299999 9.7 16
v 0.299999 15.3 16
v 0.4 9.7 16
v 0.4 10 16
v 0.699999 10 16
v 0.699999 10.4 16
v 0.999999 10.4 16
v 0.999999 10.7 16
v 1.3 10.7 16
v 1.3 11.2 16
v 1.5 11.2 16
v 1.5 11.5 16
v 1.8 11.5 16
v 1.8 12.1 16
v 1.8 15.3 16
v -0.600001 2.2 15.1
v -0.600001 3.9 15.1
v -0.600001 5.7 15.1
v -0.600001 7.4 15.1
v -0.400001 2.2 15.1
v -0.400001 2.3 15.1
v -0.400001 2.6 15.1
v -0.400001 2.7 15.1
v -0.400001 3 15.1
v -0.400001 3.1 15.1
v -0.400001 3.4 15.1
v -0.400001 3.5 15.1
v -0.400001 3.8 15.1
v -0.400001 3.9 15.1
v -0.400001 5.7 15.1
v -0.400001 5.8 15.1
v -0.400001 5.9 15.1
v -0.400001 6.2 15.1
v -0.400001 6.3 15.1
v -0.400001 6.6 15.1
v -0.400001 6.7 15.1
v -0.400001 7 15.1
v -0.400001 7.1 15.1
v -0.400001 7.4 15.1
v 0.499999 15 14.7
v 0.499999 15.7 14.7
v 1.6 15 14.7
v 1.6 15.7 14.7
v -0.600001 2.5 14
v -0.600001 3.8 14
v -0.600001 6 14
v -0.600001 7.3 14
v -0.500001 2.5 14
v -0.500001 3.8 14
v -0.500001 6 14
v -0.500001 7.3 14
v -3.9 1.9 13
v -3.9 3.6 13
v -3.8 2.2 13
v -3.8 3.5 13
v -1.4 2.2 13
v -1.4 3.5 13
v -1.3 1.9 13
v -1.3 3.6 13
v -7.3 0 12.9
v -7.3 1.5 12.9
v -3.8 2.2 12.9
v -3.8 3.5 12.9
v -1.4 2.2 12.9
v -1.4 3.5 12.9
v -0.500001 0 12.9
v -0.500001 1.5 12.9
v -7.3 4 12.8
v -7.3 4.1 12.8
v -7.2 1.5 12.8
v -7.2 4 12.8
v -7.2 4.1 12.8
v -7.1 1.5 12.8
v -7.1 1.8 12.8
v -7.1 1.9 12.8
v -7.1 2.2 12.8
v -7.1 2.3 12.8
v -7.1 2.6 12.8
v -7.1 2.7 12.8
v -7.1 3 12.8
v -7.1 3.1 12.8
v -7.1 3.4 12.8
v -7.1 3.5 12.8
v -7.1 3.8 12.8
v -7.1 3.9 12.8
v -7.1 4 12.8
v -5.3 1.9 12.8
v -5.3 2.2 12.8
v -5.2 1.9 12.8
v -5.2 2.2 12.8
v -5.1 3.5 12.8
v -5.1 3.8 12.8
v -5 3.5 12.8
v -5 3.8 12.8
v -4.9 2.7 12.8
v -4.9 3 12.8
v -4.8 2.7 12.8
v -4.8 3 12.8
v -3.9 1.9 12.8
v -3.9 2.2 12.8
v -3.9 2.3 12.8
v -3.9 2.6 12.8
v -3.9 2.7 12.8
v -3.9 3 12.8
v -3.9 3.1 12.8
v -3.9 3.4 12.8
v -3.9 3.5 12.8
v -3.9 3.6 12.8
v -1.9 3.9 12.8
v -1.9 4 12.8
v -1.8 1.5 12.8
v -1.8 1.8 12.8
v -1.8 3.9 12.8
v -1.8 4 12.8
v -1.7 1.5 12.8
v -1.7 1.8 12.8
v -1.3 1.9 12.8
v -1.3 2.2 12.8
v -1.3 2.3 12.8
v -1.3 2.6 12.8
v -1.3 2.7 12.8
v -1.3 3 12.8
v -1.3 3.5 12.8
v -1.3 3.6 12.8
v -1.2 3.1 12.8
v -1.2 3.4 12.8
v -0.500001 4 12.8
v -0.500001 4.1 12.8
v -0.400001 1.5 12.8
v -0.400001 1.8 12.8
v -0.400001 1.9 12.8
v -0.400001 2.2 12.8
v -0.400001 2.3 12.8
v -0.400001 2.6 12.8
v -0.400001 2.7 12.8
v -0.400001 3 12.8
v -0.400001 3.1 12.8
v -0.400001 3.4 12.8
v -0.400001 3.5 12.8
v -0.400001 3.8 12.8
v -0.400001 3.9 12.8
v -0.400001 4 12.8
v -0.400001 4.1 12.8
v -7.3 4.1 12.6
v -7.3 4.3 12.6
v -7.2 4.1 12.6
v -7.2 4.3 12.6
v -0.500001 4.1 12.6
v -0.500001 4.3 12.6
v -0.400001 4.1 12.6
v -0.400001 4.2 12.6
v -0.400001 4.3 12.6
v -7.3 4.3 12.5
v -7.3 4.4 12.5
v -7.2 4.3 12.5
v -7.2 4.4 12.5
v -0.500001 4.3 12.5
v -0.500001 4.4 12.5
v -0.400001 4.3 12.5
v -0.400001 4.4 12.5
v -7.3 4.4 12.3
v -7.3 4.6 12.3
v -7.2 4.4 12.3
v -7.2 4.6 12.3
v -0.500001 4.4 12.3
v -0.500001 4.6 12.3
v -0.400001 4.4 12.3
v -0.400001 4.6 12.3
v -7.3 4.6 12.2
v -7.3 4.7 12.2
v -7.2 4.6 12.2
v -7.2 4.7 12.2
v -0.500001 4.6 12.2
v -0.500001 4.7 12.2
v -0.400001 4.6 12.2
v -0.400001 4.7 12.2
v -7.3 4.7 12
v -7.3 4.8 12
v -7.2 4.7 12
v -7.2 4.8 12
v -0.500001 4.7 12
v -0.500001 4.8 12
v -0.400001 4.7 12
v -0.400001 4.8 12
v -7.3 4.8 11.8
v -7.3 5.1 11.8
v -7.2 4.8 11.8
v -7.2 5.1 11.8
v -0.500001 4.8 11.8
v -0.500001 5.1 11.8
v -0.400001 4.8 11.8
v -0.400001 5 11.8
v -0.400001 5.1 11.8
v -7.3 5.1 11.7
v -7.3 5.2 11.7
v -7.2 5.1 11.7
v -7.2 5.2 11.7
v -0.500001 5.1 11.7
v -0.500001 5.2 11.7
v -0.400001 5.1 11.7
v -0.400001 5.2 11.7
v -7.3 5.2 11.5
v -7.3 5.4 11.5
v -7.2 5.2 11.5
v -7.2 5.4 11.5
v -0.500001 5.2 11.5
v -0.500001 5.4 11.5
v -0.400001 5.2 11.5
v -0.400001 5.4 11.5
v -7.3 5.4 11.3
v -7.3 5.5 11.3
v -7.2 5.4 11.3
v -7.2 5.5 11.3
v -0.500001 5.4 11.3
v -0.500001 5.5 11.3
v -0.400001 5.4 11.3
v -0.400001 5.5 11.3
v -7.3 5.5 11.2
v -7.3 5.7 11.2
v -7.2 5.5 11.2
v -7.2 5.7 11.2
v -0.500001 5.5 11.2
v -0.500001 5.7 11.2
v -0.400001 5.5 11.2
v -0.400001 5.7 11.2
v -7.3 5.7 11
v -7.3 5.8 11
v -7.2 5.7 11
v -7.2 5.8 11
v -0.500001 5.7 11
v -0.500001 5.8 11
v -0.400001 5.7 11
v -0.400001 5.8 11
v -8.4 0 10.9
v -8.4 0.1 10.9
v -8.2 0.1 10.9
v -8.2 0.2 10.9
v -8 0.2 10.9
v -8 0.3 10.9
v -7.8 0.3 10.9
v -7.8 0.4 10.9
v -7.6 0.4 10.9
v -7.6 0.5 10.9
v -7.5 4.1 10.9
v -7.5 4.5 10.9
v -7.4 0 10.9
v -7.4 0.5 10.9
v -7.4 2.7 10.9
v -7.3 0.5 10.9
v -7.3 1.5 10.9
v -7.3 4.1 10.9
v -7.3 4.2 10.9
v -7.3 4.3 10.9
v -7.3 4.5 10.9
v -7.3 5.8 10.9
v -7.3 6 10.9
v -7.2 1.5 10.9
v -7.2 1.8 10.9
v -7.2 1.9 10.9
v -7.2 2.2 10.9
v -7.2 2.3 10.9
v -7.2 2.6 10.9
v -7.2 2.7 10.9
v -7.2 5.8 10.9
v -7.2 6 10.9
v -0.500001 5.8 10.9
v -0.500001 6 10.9
v -0.400001 5.8 10.9
v -0.400001 5.9 10.9
v -0.400001 6 10.9
v -7.5 3.9 10.8
v -7.5 4.1 10.8
v -7.5 4.5 10.8
v -7.5 4.7 10.8
v -7.3 3.9 10.8
v -7.3 4 10.8
v -7.3 4.1 10.8
v -7.3 4.5 10.8
v -7.3 4.6 10.8
v -7.3 4.7 10.8
v -7.3 6 10.7
v -7.3 6.2 10.7
v -7.2 6 10.7
v -7.2 6.2 10.7
v -0.500001 6 10.7
v -0.500001 6.2 10.7
v -0.400001 6 10.7
v -0.400001 6.2 10.7
v -7.5 3.8 10.6
v -7.5 3.9 10.6
v -7.5 4.7 10.6
v -7.5 4.8 10.6
v -7.3 3.8 10.6
v -7.3 3.9 10.6
v -7.3 4.7 10.6
v -7.3 4.8 10.6
v -7.5 3.9 10.2
v -7.5 4 10.2
v -7.5 4.6 10.2
v -7.5 4.7 10.2
v -7.4 3.9 10.2
v -7.4 4 10.2
v -7.4 4.6 10.2
v -7.4 4.7 10.2
v -7.5 4 10.1
v -7.5 4.1 10.1
v -7.5 4.5 10.1
v -7.5 4.6 10.1
v -7.4 4 10.1
v -7.4 4.1 10.1
v -7.4 4.5 10.1
v -7.4 4.6 10.1
v -7.5 4.1 10
v -7.5 4.5 10
v -7.4 4.1 10
v -7.4 4.2 10
v -7.4 4.4 10
v -7.4 4.5 10
v -7.4 0.6 9.9
v -7.4 0.9 9.9
v -7.4 1 9.9
v -7.4 2.2 9.9
v -7.4 2.3 9.9
v -7.4 2.6 9.9
v -7.3 0.6 9.9
v -7.3 0.9 9.9
v -7.3 1 9.9
v -7.3 2.2 9.9
v -7.3 2.3 9.9
v -7.3 2.6 9.9
v -0.600001 2.2 7.2
v -0.600001 3.9 7.2
v -0.600001 5.7 7.2
v -0.600001 7.4 7.2
v -0.400001 2.2 7.2
v -0.400001 2.3 7.2
v -0.400001 2.6 7.2
v -0.400001 2.7 7.2
v -0.400001 3 7.2
v -0.400001 3.1 7.2
v -0.400001 3.4 7.2
v -0.400001 3.5 7.2
v -0.400001 3.8 7.2
v -0.400001 3.9 7.2
v -0.400001 5.7 7.2
v -0.400001 5.8 7.2
v -0.400001 5.9 7.2
v -0.400001 6.2 7.2
v -0.400001 6.3 7.2
v -0.400001 6.6 7.2
v -0.400001 6.7 7.2
v -0.400001 7 7.2
v -0.400001 7.1 7.2
v -0.400001 7.4 7.2
v -0.600001 2.5 6.1
v -0.600001 3.8 6.1
v -0.600001 6 6.1
v -0.600001 7.3 6.1
v -0.500001 2.5 6.1
v -0.500001 3.8 6.1
v -0.500001 6 6.1
v -0.500001 7.3 6.1
v -0.600001 2.2 4.8
v -0.600001 3.9 4.8
v -0.600001 5.7 4.8
v -0.600001 7.4 4.8
v -0.400001 2.2 4.8
v -0.400001 2.3 4.8
v -0.400001 2.6 4.8
v -0.400001 2.7 4.8
v -0.400001 3 4.8
v -0.400001 3.1 4.8
v -0.400001 3.4 4.8
v -0.400001 3.5 4.8
v -0.400001 3.8 4.8
v -0.400001 3.9 4.8
v -0.400001 5.7 4.8
v -0.400001 5.8 4.8
v -0.400001 5.9 4.8
v -0.400001 6.2 4.8
v -0.400001 6.3 4.8
v -0.400001 6.6 4.8
v -0.400001 6.7 4.8
v -0.400001 7 4.8
v -0.400001 7.1 4.8
v -0.400001 7.4 4.8
v -0.600001 2.5 3.7
v -0.600001 3.8 3.7
v -0.600001 6 3.7
v -0.600001 7.3 3.7
v -0.500001 2.5 3.7
v -0.500001 3.8 3.7
v -0.500001 6 3.7
v -0.500001 7.3 3.7
v -0.500001 1.5 2.8
v -0.500001 8.7 2.8
v -0.400001 1.5 2.8
v -0.400001 1.8 2.8
v -0.400001 1.9 2.8
v -0.400001 2.2 2.8
v -0.400001 2.3 2.8
v -0.400001 2.6 2.8
v -0.400001 2.7 2.8
v -0.400001 3 2.8
v -0.400001 3.1 2.8
v -0.400001 3.4 2.8
v -0.400001 3.5 2.8
v -0.400001 3.8 2.8
v -0.400001 3.9 2.8
v -0.400001 4.2 2.8
v -0.400001 4.3 2.8
v -0.400001 4.6 2.8
v -0.400001 4.7 2.8
v -0.400001 5 2.8
v -0.400001 5.1 2.8
v -0.400001 5.4 2.8
v -0.400001 5.5 2.8
v -0.400001 5.8 2.8
v -0.400001 5.9 2.8
v -0.400001 6.2 2.8
v -0.400001 6.3 2.8
v -0.400001 6.6 2.8
v -0.400001 6.7 2.8
v -0.400001 7 2.8
v -0.400001 7.1 2.8
v -0.400001 7.4 2.8
v -0.400001 7.5 2.8
v -0.400001 7.8 2.8
v -0.400001 7.9 2.8
v -0.400001 8.2 2.8
v -0.400001 8.3 2.8
v -0.400001 8.7 2.8
v -0.400001 8.8 2.8
v -0.400001 8.9 2.8
v -0.1 8.8 2.8
v -0.1 8.9 2.8
v 7.3 8.8 2.8
v 7.3 8.9 2.8
v 7.6 1.5 2.8
v 7.6 1.8 2.8
v 7.6 1.9 2.8
v 7.6 2.2 2.8
v 7.6 2.3 2.8
v 7.6 2.6 2.8
v 7.6 2.7 2.8
v 7.6 3 2.8
v 7.6 3.1 2.8
v 7.6 3.4 2.8
v 7.6 3.5 2.8
v 7.6 3.8 2.8
v 7.6 3.9 2.8
v 7.6 4.2 2.8
v 7.6 4.3 2.8
v 7.6 4.6 2.8
v 7.6 4.7 2.8
v 7.6 5 2.8
v 7.6 5.1 2.8
v 7.6 5.4 2.8
v 7.6 5.5 2.8
v 7.6 5.8 2.8
v 7.6 5.9 2.8
v 7.6 6.2 2.8
v 7.6 6.3 2.8
v 7.6 6.6 2.8
v 7.6 6.7 2.8
v 7.6 7 2.8
v 7.6 7.1 2.8
v 7.6 7.4 2.8
v 7.6 7.5 2.8
v 7.6 7.8 2.8
v 7.6 7.9 2.8
v 7.6 8.2 2.8
v 7.6 8.3 2.8
v 7.6 8.7 2.8
v 7.6 8.8 2.8
v 7.6 8.9 2.8
v 7.7 1.5 2.8
v 7.7 8.7 2.8
v -0.500001 1.5 18.2
v -0.500001 8.7 18.2
v -0.400001 1.5 18.2
v -0.400001 1.8 18.2
v -0.400001 1.9 18.2
v -0.400001 2.2 18.2
v -0.400001 2.3 18.2
v -0.400001 2.6 18.2
v -0.400001 2.7 18.2
v -0.400001 3 18.2
v -0.400001 3.1 18.2
v -0.400001 3.4 18.2
v -0.400001 3.5 18.2
v -0.400001 3.8 18.2
v -0.400001 3.9 18.2
v -0.400001 4.2 18.2
v -0.400001 4.3 18.2
v -0.400001 4.6 18.2
v -0.400001 4.7 18.2
v -0.400001 5 18.2
v -0.400001 5.1 18.2
v -0.400001 5.4 18.2
v -0.400001 5.5 18.2
v -0.400001 5.8 18.2
v -0.400001 5.9 18.2
v -0.400001 6.2 18.2
v -0.400001 6.3 18.2
v -0.400001 6.6 18.2
v -0.400001 6.7 18.2
v -0.400001 7 18.2
v -0.400001 7.1 18.2
v -0.400001 7.4 18.2
v -0.400001 7.5 18.2
v -0.400001 7.8 18.2
v -0.400001 7.9 18.2
v -0.400001 8.2 18.2
v -0.400001 8.3 18.2
v -0.400001 8.7 18.2
v -0.400001 8.8 18.2
v -0.400001 8.9 18.2
v -0.1 8.8 18.2
v -0.1 8.9 18.2
v 7.3 8.8 18.2
v 7.3 8.9 18.2
v 7.6 8.8 18.2
v 7.6 8.9 18.2
v 7.6 1.5 18.1
v 7.6 1.8 18.1
v 7.6 1.9 18.1
v 7.6 2.2 18.1
v 7.6 2.3 18.1
v 7.6 2.6 18.1
v 7.6 2.7 18.1
v 7.6 3 18.1
v 7.6 3.1 18.1
v 7.6 3.4 18.1
v 7.6 3.5 18.1
v 7.6 3.8 18.1
v 7.6 3.9 18.1
v 7.6 4.2 18.1
v 7.6 4.3 18.1
v 7.6 4.6 18.1
v 7.6 4.7 18.1
v 7.6 5 18.1
v 7.6 5.1 18.1
v 7.6 5.4 18.1
v 7.6 5.5 18.1
v 7.6 5.8 18.1
v 7.6 5.9 18.1
v 7.6 6.2 18.1
v 7.6 6.3 18.1
v 7.6 6.6 18.1
v 7.6 6.7 18.1
v 7.6 7 18.1
v 7.6 7.1 18.1
v 7.6 7.4 18.1
v 7.6 7.5 18.1
v 7.6 7.8 18.1
v 7.6 7.9 18.1
v 7.6 8.2 18.1
v 7.6 8.3 18.1
v 7.6 8.7 18.1
v 7.7 1.5 18.1
v 7.7 8.7 18.1
v -0.600001 2.5 17.4
v -0.600001 3.8 17.4
v -0.600001 6 17.4
v -0.600001 7.3 17.4
v -0.500001 2.5 17.4
v -0.500001 3.8 17.4
v -0.500001 6 17.4
v -0.500001 7.3 17.4
v -0.600001 2.2 16.3
v -0.600001 3.9 16.3
v -0.600001 5.7 16.3
v -0.600001 7.4 16.3
v -0.400001 2.2 16.3
v -0.400001 2.3 16.3
v -0.400001 2.6 16.3
v -0.400001 2.7 16.3
v -0.400001 3 16.3
v -0.400001 3.1 16.3
v -0.400001 3.4 16.3
v -0.400001 3.5 16.3
v -0.400001 3.8 16.3
v -0.400001 3.9 16.3
v -0.400001 5.7 16.3
v -0.400001 5.8 16.3
v -0.400001 5.9 16.3
v -0.400001 6.2 16.3
v -0.400001 6.3 16.3
v -0.400001 6.6 16.3
v -0.400001 6.7 16.3
v -0.400001 7 16.3
v -0.400001 7.1 16.3
v -0.400001 7.4 16.3
v 0.499999 15 15.8
v 0.499999 15.7 15.8
v 1.6 15 15.8
v 1.6 15.7 15.8
v -0.600001 2.5 15
v -0.600001 3.8 15
v -0.600001 6 15
v -0.600001 7.3 15
v -0.500001 2.5 15
v -0.500001 3.8 15
v -0.500001 6 15
v -0.500001 7.3 15
v 0.299999 9.7 14.5
v 0.299999 15.3 14.5
v 0.4 9.7 14.5
v 0.4 10 14.5
v 0.699999 10 14.5
v 0.699999 10.4 14.5
v 0.999999 10.4 14.5
v 0.999999 10.7 14.5
v 1.3 10.7 14.5
v 1.3 11.2 14.5
v 1.5 11.2 14.5
v 1.5 11.5 14.5
v 1.8 11.5 14.5
v 1.8 12.1 14.5
v 1.8 15.3 14.5
v 0.199999 15.3 14.4
v 0.199999 15.7 14.4
v 1.8 15.3 14.4
v 1.8 15.7 14.4
v -0.600001 2.2 13.9
v -0.600001 3.9 13.9
v -0.600001 5.7 13.9
v -0.600001 7.4 13.9
v -0.400001 2.2 13.9
v -0.400001 2.3 13.9
v -0.400001 2.6 13.9
v -0.400001 2.7 13.9
v -0.400001 3 13.9
v -0.400001 3.1 13.9
v -0.400001 3.4 13.9
v -0.400001 3.5 13.9
v -0.400001 3.8 13.9
v -0.400001 3.9 13.9
v -0.400001 5.7 13.9
v -0.400001 5.8 13.9
v -0.400001 5.9 13.9
v -0.400001 6.2 13.9
v -0.400001 6.3 13.9
v -0.400001 6.6 13.9
v -0.400001 6.7 13.9
v -0.400001 7 13.9
v -0.400001 7.1 13.9
v -0.400001 7.4 13.9
v -7.5 4.1 10.8
v -7.5 4.5 10.8
v -7.4 0.6 10.8
v -7.4 0.9 10.8
v -7.4 1 10.8
v -7.4 1.4 10.8
v -7.4 1.5 10.8
v -7.4 2.2 10.8
v -7.4 2.3 10.8
v -7.4 2.6 10.8
v -7.4 4.1 10.8
v -7.4 4.2 10.8
v -7.4 4.4 10.8
v -7.4 4.5 10.8
v -7.3 0.6 10.8
v -7.3 0.9 10.8
v -7.3 1 10.8
v -7.3 1.4 10.8
v -7.3 1.5 10.8
v -7.3 2.2 10.8
v -7.3 2.3 10.8
v -7.3 2.6 10.8
v -7.5 4 10.7
v -7.5 4.1 10.7
v -7.5 4.5 10.7
v -7.5 4.6 10.7
v -7.4 4 10.7
v -7.4 4.1 10.7
v -7.4 4.5 10.7
v -7.4 4.6 10.7
v -7.5 3.9 10.6
v -7.5 4 10.6
v -7.5 4.6 10.6
v -7.5 4.7 10.6
v -7.4 1.4 10.6
v -7.4 1.5 10.6
v -7.4 3.9 10.6
v -7.4 4 10.6
v -7.4 4.6 10.6
v -7.4 4.7 10.6
v -7.3 1.4 10.6
v -7.3 1.5 10.6
v -7.5 3.8 10.2
v -7.5 3.9 10.2
v -7.5 4.7 10.2
v -7.5 4.8 10.2
v -7.3 3.8 10.2
v -7.3 3.9 10.2
v -7.3 4.7 10.2
v -7.3 4.8 10.2
v -7.3 6 10.2
v -7.3 6.2 10.2
v -7.2 6 10.2
v -7.2 6.2 10.2
v -0.500001 6 10.2
v -0.500001 6.2 10.2
v -0.400001 6 10.2
v -0.400001 6.2 10.2
v -7.5 3.9 10
v -7.5 4.1 10
v -7.5 4.5 10
v -7.5 4.7 10
v -7.3 3.9 10
v -7.3 4 10
v -7.3 4.1 10
v -7.3 4.5 10
v -7.3 4.6 10
v -7.3 4.7 10
v -7.3 5.8 10
v -7.3 6 10
v -7.2 5.8 10
v -7.2 6 10
v -0.500001 5.8 10
v -0.500001 6 10
v -0.400001 5.8 10
v -0.400001 5.9 10
v -0.400001 6 10
v -7.5 4.1 9.9
v -7.5 4.5 9.9
v -7.3 4.1 9.9
v -7.3 4.2 9.9
v -7.3 4.3 9.9
v -7.3 4.5 9.9
v -7.3 5.7 9.9
v -7.3 5.8 9.9
v -7.2 5.7 9.9
v -7.2 5.8 9.9
v -0.500001 5.7 9.9
v -0.500001 5.8 9.9
v -0.400001 5.7 9.9
v -0.400001 5.8 9.9
v -8.4 0 9.8
v -8.4 0.1 9.8
v -8.2 0.1 9.8
v -8.2 0.2 9.8
v -8 0.2 9.8
v -8 0.3 9.8
v -7.8 0.3 9.8
v -7.8 0.4 9.8
v -7.6 0.4 9.8
v -7.6 0.5 9.8
v -7.4 0 9.8
v -7.4 0.5 9.8
v -7.4 2.7 9.8
v -7.3 0.5 9.8
v -7.3 1.5 9.8
v -7.2 1.5 9.8
v -7.2 1.8 9.8
v -7.2 1.9 9.8
v -7.2 2.2 9.8
v -7.2 2.3 9.8
v -7.2 2.6 9.8
v -7.2 2.7 9.8
v -7.3 5.5 9.7
v -7.3 5.7 9.7
v -7.2 5.5 9.7
v -7.2 5.7 9.7
v -0.500001 5.5 9.7
v -0.500001 5.7 9.7
v -0.400001 5.5 9.7
v -0.400001 5.7 9.7
v -7.3 5.4 9.6
v -7.3 5.5 9.6
v -7.2 5.4 9.6
v -7.2 5.5 9.6
v -0.500001 5.4 9.6
v -0.500001 5.5 9.6
v -0.400001 5.4 9.6
v -0.400001 5.5 9.6
v -7.3 5.2 9.4
v -7.3 5.4 9.4
v -7.2 5.2 9.4
v -7.2 5.4 9.4
v -0.500001 5.2 9.4
v -0.500001 5.4 9.4
v -0.400001 5.2 9.4
v -0.400001 5.4 9.4
v -7.3 5.1 9.2
v -7.3 5.2 9.2
v -7.2 5.1 9.2
v -7.2 5.2 9.2
v -0.500001 5.1 9.2
v -0.500001 5.2 9.2
v -0.400001 5.1 9.2
v -0.400001 5.2 9.2
v -7.3 4.8 9.1
v -7.3 5.1 9.1
v -7.2 4.8 9.1
v -7.2 5.1 9.1
v -0.500001 4.8 9.1
v -0.500001 5.1 9.1
v -0.400001 4.8 9.1
v -0.400001 5 9.1
v -0.400001 5.1 9.1
v -7.3 4.7 8.9
v -7.3 4.8 8.9
v -7.2 4.7 8.9
v -7.2 4.8 8.9
v -0.500001 4.7 8.9
v -0.500001 4.8 8.9
v -0.400001 4.7 8.9
v -0.400001 4.8 8.9
v -7.3 4.5 8.7
v -7.3 4.7 8.7
v -7.2 4.5 8.7
v -7.2 4.7 8.7
v -0.500001 4.5 8.7
v -0.500001 4.7 8.7
v -0.400001 4.5 8.7
v -0.400001 4.6 8.7
v -0.400001 4.7 8.7
v -7.3 4.4 8.6
v -7.3 4.5 8.6
v -7.2 4.4 8.6
v -7.2 4.5 8.6
v -0.500001 4.4 8.6
v -0.500001 4.5 8.6
v -0.400001 4.4 8.6
v -0.400001 4.5 8.6
v -7.3 4.3 8.4
v -7.3 4.4 8.4
v -7.2 4.3 8.4
v -7.2 4.4 8.4
v -0.500001 4.3 8.4
v -0.500001 4.4 8.4
v -0.400001 4.3 8.4
v -0.400001 4.4 8.4
v -7.3 4.1 8.3
v -7.3 4.3 8.3
v -7.2 4.1 8.3
v -7.2 4.3 8.3
v -0.500001 4.1 8.3
v -0.500001 4.3 8.3
v -0.400001 4.1 8.3
v -0.400001 4.2 8.3
v -0.400001 4.3 8.3
v -7.3 4 8.1
v -7.3 4.1 8.1
v -7.2 1.5 8.1
v -7.2 4 8.1
v -7.2 4.1 8.1
v -7.1 1.5 8.1
v -7.1 1.8 8.1
v -7.1 1.9 8.1
v -7.1 2.2 8.1
v -7.1 2.3 8.1
v -7.1 2.6 8.1
v -7.1 2.7 8.1
v -7.1 3 8.1
v -7.1 3.1 8.1
v -7.1 3.4 8.1
v -7.1 3.5 8.1
v -7.1 3.8 8.1
v -7.1 3.9 8.1
v -7.1 4 8.1
v -7 3.9 8.1
v -7 4 8.1
v -6.9 3.9 8.1
v -6.9 4 8.1
v -6 1.9 8.1
v -6 2.2 8.1
v -5.9 1.9 8.1
v -5.9 2.2 8.1
v -5.9 3.5 8.1
v -5.9 3.8 8.1
v -5.8 3.5 8.1
v -5.8 3.8 8.1
v -5.6 2.7 8.1
v -5.6 3 8.1
v -5.5 2.7 8.1
v -5.5 3 8.1
v -4 2.3 8.1
v -4 2.6 8.1
v -3.9 2.3 8.1
v -3.9 2.6 8.1
v -3.9 3.1 8.1
v -3.9 3.4 8.1
v -3.8 3.1 8.1
v -3.8 3.4 8.1
v -3.6 1.9 8.1
v -3.6 2.2 8.1
v -3.6 2.3 8.1
v -3.6 2.6 8.1
v -3.6 2.7 8.1
v -3.6 3 8.1
v -3.6 3.1 8.1
v -3.6 3.4 8.1
v -3.6 3.5 8.1
v -3.6 3.6 8.1
v -2.6 1.5 8.1
v -2.6 1.8 8.1
v -2.5 1.5 8.1
v -2.5 1.8 8.1
v -1.8 3.6 8.1
v -1.8 3.8 8.1
v -1.7 3.6 8.1
v -1.7 3.8 8.1
v -1 1.9 8.1
v -1 2.2 8.1
v -1 2.3 8.1
v -1 2.6 8.1
v -1 2.7 8.1
v -1 3 8.1
v -1 3.1 8.1
v -1 3.4 8.1
v -1 3.5 8.1
v -1 3.6 8.1
v -0.500001 4 8.1
v -0.500001 4.1 8.1
v -0.400001 1.5 8.1
v -0.400001 1.8 8.1
v -0.400001 1.9 8.1
v -0.400001 2.2 8.1
v -0.400001 2.3 8.1
v -0.400001 2.6 8.1
v -0.400001 2.7 8.1
v -0.400001 3 8.1
v -0.400001 3.1 8.1
v -0.400001 3.4 8.1
v -0.400001 3.5 8.1
v -0.400001 3.8 8.1
v -0.400001 3.9 8.1
v -0.400001 4 8.1
v -0.400001 4.1 8.1
v -7.3 0 8
v -7.3 1.5 8
v -3.5 2.2 8
v -3.5 3.5 8
v -1.1 2.2 8
v -1.1 3.5 8
v -0.500001 0 8
v -0.500001 1.5 8
v -3.6 1.9 7.9
v -3.6 3.6 7.9
v -3.5 2.2 7.9
v -3.5 3.5 7.9
v -1.1 2.2 7.9
v -1.1 3.5 7.9
v -1 1.9 7.9
v -1 3.6 7.9
v -0.600001 2.5 7.1
v -0.600001 3.8 7.1
v -0.600001 6 7.1
v -0.600001 7.3 7.1
v -0.500001 2.5 7.1
v -0.500001 3.8 7.1
v -0.500001 6 7.1
v -0.500001 7.3 7.1
v -0.600001 2.2 6
v -0.600001 3.9 6
v -0.600001 5.7 6
v -0.600001 7.4 6
v -0.400001 2.2 6
v -0.400001 2.3 6
v -0.400001 2.6 6
v -0.400001 2.7 6
v -0.400001 3 6
v -0.400001 3.1 6
v -0.400001 3.4 6
v -0.400001 3.5 6
v -0.400001 3.8 6
v -0.400001 3.9 6
v -0.400001 5.7 6
v -0.400001 5.8 6
v -0.400001 5.9 6
v -0.400001 6.2 6
v -0.400001 6.3 6
v -0.400001 6.6 6
v -0.400001 6.7 6
v -0.400001 7 6
v -0.400001 7.1 6
v -0.400001 7.4 6
v -0.600001 2.5 4.7
v -0.600001 3.8 4.7
v -0.600001 6 4.7
v -0.600001 7.3 4.7
v -0.500001 2.5 4.7
v -0.500001 3.8 4.7
v -0.500001 6 4.7
v -0.500001 7.3 4.7
v -0.600001 2.2 3.6
v -0.600001 3.9 3.6
v -0.600001 5.7 3.6
v -0.600001 7.4 3.6
v -0.400001 2.2 3.6
v -0.400001 2.3 3.6
v -0.400001 2.6 3.6
v -0.400001 2.7 3.6
v -0.400001 3 3.6
v -0.400001 3.5 3.6
v -0.400001 3.8 3.6
v -0.400001 3.9 3.6
v -0.400001 5.7 3.6
v -0.400001 5.8 3.6
v -0.400001 5.9 3.6
v -0.400001 6.2 3.6
v -0.400001 6.3 3.6
v -0.400001 6.6 3.6
v -0.400001 6.7 3.6
v -0.400001 7 3.6
v -0.400001 7.1 3.6
v -0.400001 7.4 3.6
v -0.700001 8.9 2.7
v -0.700001 9 2.7
v -0.500001 9 2.7
v -0.500001 9.1 2.7
v -0.400001 8.9 2.7
v -0.400001 9.1 2.7
v 7.6 8.9 2.7
v 7.6 9.1 2.7
v 7.7 9 2.7
v 7.7 9.1 2.7
v 7.9 8.9 2.7
v 7.9 9 2.7
v -0.900001 8.7 2.5
v -0.900001 8.9 2.5
v -0.500001 8.7 2.5
v -0.1 1.5 2.5
v -0.1 1.8 2.5
v -0.1 1.9 2.5
v -0.1 2.2 2.5
v -0.1 2.3 2.5
v -0.1 2.6 2.5
v -0.1 2.7 2.5
v -0.1 3 2.5
v -0.1 3.1 2.5
v -0.1 3.4 2.5
v -0.1 3.5 2.5
v -0.1 3.8 2.5
v -0.1 3.9 2.5
v -0.1 4.2 2.5
v -0.1 4.3 2.5
v -0.1 4.6 2.5
v -0.1 4.7 2.5
v -0.1 5 2.5
v -0.1 5.1 2.5
v -0.1 5.4 2.5
v -0.1 5.5 2.5
v -0.1 5.8 2.5
v -0.1 5.9 2.5
v -0.1 6.2 2.5
v -0.1 6.3 2.5
v -0.1 6.6 2.5
v -0.1 6.7 2.5
v -0.1 7 2.5
v -0.1 7.1 2.5
v -0.1 7.4 2.5
v -0.1 7.5 2.5
v -0.1 7.8 2.5
v -0.1 7.9 2.5
v -0.1 8.2 2.5
v -0.1 8.3 2.5
v -0.1 8.7 2.5
v -0.1 8.9 2.5
v -0.1 9.4 2.5
v 0.199999 8.7 2.5
v 0.199999 8.8 2.5
v 0.199999 9.4 2.5
v 0.199999 9.7 2.5
v 0.4 8.8 2.5
v 0.4 9.1 2.5
v 0.4 9.7 2.5
v 0.4 10 2.5
v 0.599999 2.7 2.5
v 0.599999 3 2.5
v 0.599999 5.1 2.5
v 0.599999 5.4 2.5
v 0.699999 2.7 2.5
v 0.699999 3 2.5
v 0.699999 5.1 2.5
v 0.699999 5.4 2.5
v 0.699999 6.7 2.5
v 0.699999 7 2.5
v 0.699999 9.1 2.5
v 0.699999 9.2 2.5
v 0.699999 9.4 2.5
v 0.699999 10 2.5
v 0.699999 10.4 2.5
v 0.799999 4.3 2.5
v 0.799999 4.6 2.5
v 0.799999 6.7 2.5
v 0.799999 7 2.5
v 0.799999 8.3 2.5
v 0.799999 8.7 2.5
v 0.9 1.9 2.5
v 0.9 2.2 2.5
v 0.9 4.3 2.5
v 0.9 4.6 2.5
v 0.9 5.9 2.5
v 0.9 6.2 2.5
v 0.9 7.5 2.5
v 0.9 7.8 2.5
v 0.9 8.3 2.5
v 0.9 8.7 2.5
v 0.999999 1.9 2.5
v 0.999999 2.2 2.5
v 0.999999 2.8 2.5
v 0.999999 3 2.5
v 0.999999 3.1 2.5
v 0.999999 3.4 2.5
v 0.999999 3.5 2.5
v 0.999999 3.8 2.5
v 0.999999 3.9 2.5
v 0.999999 4.2 2.5
v 0.999999 4.3 2.5
v 0.999999 4.5 2.5
v 0.999999 5.7 2.5
v 0.999999 5.8 2.5
v 0.999999 6.3 2.5
v 0.999999 6.6 2.5
v 0.999999 6.7 2.5
v 0.999999 7 2.5
v 0.999999 7.1 2.5
v 0.999999 7.4 2.5
v 0.999999 7.5 2.5
v 0.999999 7.8 2.5
v 0.999999 9.4 2.5
v 0.999999 9.5 2.5
v 0.999999 9.6 2.5
v 0.999999 9.7 2.5
v 0.999999 10.4 2.5
v 0.999999 10.7 2.5
v 1.1 9.2 2.5
v 1.1 9.5 2.5
v 1.2 9.2 2.5
v 1.2 9.5 2.5
v 1.3 9.7 2.5
v 1.3 9.9 2.5
v 1.3 10 2.5
v 1.3 10.7 2.5
v 1.3 11.2 2.5
v 1.5 10 2.5
v 1.5 10.3 2.5
v 1.5 10.4 2.5
v 1.5 10.5 2.5
v 1.5 11.2 2.5
v 1.5 11.5 2.5
v 1.8 10.5 2.5
v 1.8 10.7 2.5
v 1.8 10.8 2.5
v 1.8 10.9 2.5
v 1.8 11.5 2.5
v 1.8 12.1 2.5
v 2.1 10.9 2.5
v 2.1 11.1 2.5
v 2.1 11.2 2.5
v 2.1 11.5 2.5
v 2.1 12.1 2.5
v 2.1 12.4 2.5
v 2.2 2.8 2.5
v 2.2 3 2.5
v 2.2 3.1 2.5
v 2.2 3.4 2.5
v 2.2 3.5 2.5
v 2.2 3.8 2.5
v 2.2 3.9 2.5
v 2.2 4.2 2.5
v 2.2 4.3 2.5
v 2.2 4.5 2.5
v 2.2 5.7 2.5
v 2.2 5.8 2.5
v 2.2 5.9 2.5
v 2.2 6.2 2.5
v 2.2 6.3 2.5
v 2.2 6.6 2.5
v 2.2 6.7 2.5
v 2.2 7 2.5
v 2.2 7.1 2.5
v 2.2 7.4 2.5
v 2.4 10 2.5
v 2.4 10.3 2.5
v 2.4 11.5 2.5
v 2.4 11.6 2.5
v 2.4 11.8 2.5
v 2.4 12.4 2.5
v 2.4 12.6 2.5
v 2.5 10 2.5
v 2.5 10.3 2.5
v 2.5 10.8 2.5
v 2.5 11.1 2.5
v 2.6 10.8 2.5
v 2.6 11.1 2.5
v 2.6 11.8 2.5
v 2.6 11.9 2.5
v 2.6 12 2.5
v 2.6 12.2 2.5
v 2.6 12.6 2.5
v 2.6 13.1 2.5
v 2.7 4.7 2.5
v 2.7 5 2.5
v 2.7 6.3 2.5
v 2.7 6.6 2.5
v 2.7 9.5 2.5
v 2.7 9.6 2.5
v 2.7 9.9 2.5
v 2.7 10 2.5
v 2.7 10.3 2.5
v 2.8 1.5 2.5
v 2.8 1.8 2.5
v 2.8 3.1 2.5
v 2.8 3.4 2.5
v 2.8 4.7 2.5
v 2.8 5 2.5
v 2.8 6.3 2.5
v 2.8 6.6 2.5
v 2.9 1.5 2.5
v 2.9 1.8 2.5
v 2.9 3.1 2.5
v 2.9 3.4 2.5
v 2.9 7.9 2.5
v 2.9 8.2 2.5
v 2.9 9.1 2.5
v 2.9 9.2 2.5
v 2.9 9.5 2.5
v 2.9 10.3 2.5
v 2.9 10.4 2.5
v 2.9 10.7 2.5
v 2.9 12.2 2.5
v 2.9 12.3 2.5
v 2.9 12.4 2.5
v 2.9 12.6 2.5
v 2.9 13.1 2.5
v 2.9 13.3 2.5
v 3 2.3 2.5
v 3 2.6 2.5
v 3 2.8 2.5
v 3 3 2.5
v 3 3.1 2.5
v 3 3.4 2.5
v 3 3.5 2.5
v 3 3.8 2.5
v 3 3.9 2.5
v 3 4.2 2.5
v 3 4.3 2.5
v 3 4.5 2.5
v 3 5.7 2.5
v 3 5.8 2.5
v 3 5.9 2.5
v 3 6.2 2.5
v 3 6.3 2.5
v 3 6.6 2.5
v 3 6.7 2.5
v 3 7 2.5
v 3 7.1 2.5
v 3 7.4 2.5
v 3 7.9 2.5
v 3 8.2 2.5
v 3.1 2.3 2.5
v 3.1 2.6 2.5
v 3.2 5.5 2.5
v 3.2 5.7 2.5
v 3.2 12.6 2.5
v 3.2 12.7 2.5
v 3.2 12.8 2.5
v 3.2 12.9 2.5
v 3.2 13.3 2.5
v 3.2 13.9 2.5
v 3.3 5.5 2.5
v 3.3 5.7 2.5
v 3.3 8.9 2.5
v 3.3 9.1 2.5
v 3.3 10.7 2.5
v 3.3 10.8 2.5
v 3.3 10.9 2.5
v 3.4 11.2 2.5
v 3.4 11.5 2.5
v 3.5 11.2 2.5
v 3.5 11.5 2.5
v 3.5 12.9 2.5
v 3.5 13.2 2.5
v 3.7 8.8 2.5
v 3.7 8.9 2.5
v 3.7 12 2.5
v 3.7 12.3 2.5
v 3.7 12.8 2.5
v 3.7 13.2 2.5
v 3.8 8.8 2.5
v 3.8 8.9 2.5
v 3.8 12 2.5
v 3.8 12.3 2.5
v 3.8 12.8 2.5
v 3.8 13.2 2.5
v 4 12.2 2.5
v 4 12.3 2.5
v 4 12.4 2.5
v 4 12.7 2.5
v 4 12.8 2.5
v 4 13.2 2.5
v 4 13.3 2.5
v 4 13.9 2.5
v 4.1 8.9 2.5
v 4.1 9.1 2.5
v 4.1 10.7 2.5
v 4.1 10.8 2.5
v 4.1 10.9 2.5
v 4.2 2.8 2.5
v 4.2 3 2.5
v 4.2 3.1 2.5
v 4.2 3.4 2.5
v 4.2 3.5 2.5
v 4.2 3.8 2.5
v 4.2 3.9 2.5
v 4.2 4.2 2.5
v 4.2 4.3 2.5
v 4.2 4.5 2.5
v 4.2 5.7 2.5
v 4.2 5.8 2.5
v 4.2 5.9 2.5
v 4.2 6.2 2.5
v 4.2 6.3 2.5
v 4.2 6.6 2.5
v 4.2 6.7 2.5
v 4.2 7 2.5
v 4.2 7.1 2.5
v 4.2 7.4 2.5
v 4.3 11.9 2.5
v 4.3 12 2.5
v 4.3 12.2 2.5
v 4.3 13.1 2.5
v 4.3 13.3 2.5
v 4.5 9.1 2.5
v 4.5 9.2 2.5
v 4.5 9.5 2.5
v 4.5 10.3 2.5
v 4.5 10.4 2.5
v 4.5 10.7 2.5
v 4.6 11.7 2.5
v 4.6 11.9 2.5
v 4.6 12.8 2.5
v 4.6 13.1 2.5
v 4.7 9.5 2.5
v 4.7 9.6 2.5
v 4.7 9.9 2.5
v 4.7 10 2.5
v 4.7 10.3 2.5
v 4.8 11.4 2.5
v 4.8 11.5 2.5
v 4.8 11.6 2.5
v 4.8 11.7 2.5
v 4.8 12.4 2.5
v 4.8 12.8 2.5
v 4.9 1.9 2.5
v 4.9 2.2 2.5
v 5 1.9 2.5
v 5 2.2 2.5
v 5.1 2.8 2.5
v 5.1 3 2.5
v 5.1 3.1 2.5
v 5.1 3.4 2.5
v 5.1 3.5 2.5
v 5.1 3.8 2.5
v 5.1 3.9 2.5
v 5.1 4.2 2.5
v 5.1 4.3 2.5
v 5.1 4.5 2.5
v 5.1 5.7 2.5
v 5.1 5.8 2.5
v 5.1 5.9 2.5
v 5.1 6.2 2.5
v 5.1 6.3 2.5
v 5.1 6.6 2.5
v 5.1 6.7 2.5
v 5.1 7 2.5
v 5.1 7.1 2.5
v 5.1 7.4 2.5
v 5.1 10.8 2.5
v 5.1 11.1 2.5
v 5.1 11.2 2.5
v 5.1 11.4 2.5
v 5.1 12.1 2.5
v 5.1 12.4 2.5
v 5.2 5.1 2.5
v 5.2 5.4 2.5
v 5.2 10.8 2.5
v 5.2 11.1 2.5
v 5.3 5.1 2.5
v 5.3 5.4 2.5
v 5.3 10 2.5
v 5.3 10.3 2.5
v 5.4 2.7 2.5
v 5.4 2.8 2.5
v 5.4 4.5 2.5
v 5.4 4.6 2.5
v 5.4 10 2.5
v 5.4 10.3 2.5
v 5.4 10.8 2.5
v 5.4 11.1 2.5
v 5.4 11.5 2.5
v 5.4 12.1 2.5
v 5.5 2.7 2.5
v 5.5 2.8 2.5
v 5.5 4.5 2.5
v 5.5 4.6 2.5
v 5.5 8.3 2.5
v 5.5 8.7 2.5
v 5.6 7.5 2.5
v 5.6 7.8 2.5
v 5.6 8.3 2.5
v 5.6 8.7 2.5
v 5.6 9.2 2.5
v 5.6 9.5 2.5
v 5.7 7.5 2.5
v 5.7 7.8 2.5
v 5.7 9.2 2.5
v 5.7 9.5 2.5
v 5.7 10.4 2.5
v 5.7 10.7 2.5
v 5.7 10.8 2.5
v 5.7 11.2 2.5
v 5.7 11.5 2.5
v 5.9 9.8 2.5
v 5.9 9.9 2.5
v 5.9 10 2.5
v 5.9 10.3 2.5
v 5.9 10.4 2.5
v 5.9 10.7 2.5
v 5.9 11.2 2.5
v 6.2 1.5 2.5
v 6.2 1.8 2.5
v 6.2 9.4 2.5
v 6.2 9.5 2.5
v 6.2 9.6 2.5
v 6.2 9.8 2.5
v 6.2 10.4 2.5
v 6.2 10.7 2.5
v 6.3 1.5 2.5
v 6.3 1.8 2.5
v 6.3 2.8 2.5
v 6.3 3 2.5
v 6.3 3.1 2.5
v 6.3 3.4 2.5
v 6.3 3.5 2.5
v 6.3 3.8 2.5
v 6.3 3.9 2.5
v 6.3 4.2 2.5
v 6.3 4.3 2.5
v 6.3 4.5 2.5
v 6.3 5.7 2.5
v 6.3 5.8 2.5
v 6.3 5.9 2.5
v 6.3 6.2 2.5
v 6.3 6.3 2.5
v 6.3 6.6 2.5
v 6.3 6.7 2.5
v 6.3 7 2.5
v 6.3 7.1 2.5
v 6.3 7.4 2.5
v 6.4 3.9 2.5
v 6.4 4.2 2.5
v 6.5 2.3 2.5
v 6.5 2.6 2.5
v 6.5 3.9 2.5
v 6.5 4.2 2.5
v 6.5 9.1 2.5
v 6.5 9.2 2.5
v 6.5 9.4 2.5
v 6.5 10.1 2.5
v 6.5 10.4 2.5
v 6.6 2.3 2.5
v 6.6 2.6 2.5
v 6.6 5.5 2.5
v 6.6 5.8 2.5
v 6.6 6.3 2.5
v 6.6 6.6 2.5
v 6.7 4.7 2.5
v 6.7 5 2.5
v 6.7 5.5 2.5
v 6.7 5.8 2.5
v 6.7 6.3 2.5
v 6.7 6.6 2.5
v 6.7 7.9 2.5
v 6.7 8.2 2.5
v 6.8 4.7 2.5
v 6.8 5 2.5
v 6.8 7.9 2.5
v 6.8 8.2 2.5
v 6.8 9 2.5
v 6.8 9.1 2.5
v 6.8 9.7 2.5
v 6.8 10.1 2.5
v 6.9 7.1 2.5
v 6.9 7.4 2.5
v 7 7.1 2.5
v 7 7.4 2.5
v 7 8.7 2.5
v 7 8.8 2.5
v 7 9 2.5
v 7 9.4 2.5
v 7 9.7 2.5
v 7.3 1.5 2.5
v 7.3 1.8 2.5
v 7.3 1.9 2.5
v 7.3 2.2 2.5
v 7.3 2.3 2.5
v 7.3 2.6 2.5
v 7.3 2.7 2.5
v 7.3 3 2.5
v 7.3 3.1 2.5
v 7.3 3.4 2.5
v 7.3 3.5 2.5
v 7.3 3.8 2.5
v 7.3 3.9 2.5
v 7.3 4.2 2.5
v 7.3 4.3 2.5
v 7.3 4.6 2.5
v 7.3 4.7 2.5
v 7.3 5 2.5
v 7.3 5.1 2.5
v 7.3 5.4 2.5
v 7.3 5.5 2.5
v 7.3 5.8 2.5
v 7.3 5.9 2.5
v 7.3 6.2 2.5
v 7.3 6.3 2.5
v 7.3 6.6 2.5
v 7.3 6.7 2.5
v 7.3 7 2.5
v 7.3 7.1 2.5
v 7.3 7.4 2.5
v 7.3 7.5 2.5
v 7.3 7.8 2.5
v 7.3 7.9 2.5
v 7.3 8.2 2.5
v 7.3 8.3 2.5
v 7.3 8.7 2.5
v 7.3 8.9 2.5
v 7.3 9.4 2.5
v 7.7 8.7 2.5
v 8.1 8.7 2.5
v 8.1 8.9 2.5
v -0.500001 0 2.4
v -0.500001 8.7 2.4
v -0.1 1.5 2.4
v -0.1 8.7 2.4
v 1.1 3.1 2.4
v 1.1 4.4 2.4
v 1.1 6 2.4
v 1.1 7.3 2.4
v 2.1 3.1 2.4
v 2.1 4.4 2.4
v 2.1 6 2.4
v 2.1 7.3 2.4
v 2.9 9.5 2.4
v 2.9 9.7 2.4
v 2.9 10.1 2.4
v 2.9 10.3 2.4
v 3.1 3.1 2.4
v 3.1 4.4 2.4
v 3.1 6 2.4
v 3.1 7.3 2.4
v 3.1 9.3 2.4
v 3.1 9.5 2.4
v 3.1 10.3 2.4
v 3.1 10.5 2.4
v 3.3 9.1 2.4
v 3.3 9.3 2.4
v 3.3 10.5 2.4
v 3.3 10.7 2.4
v 3.5 9.1 2.4
v 3.5 9.7 2.4
v 3.5 10.1 2.4
v 3.5 10.7 2.4
v 3.9 9.1 2.4
v 3.9 9.7 2.4
v 3.9 10.1 2.4
v 3.9 10.7 2.4
v 4.1 3.1 2.4
v 4.1 4.4 2.4
v 4.1 6 2.4
v 4.1 7.3 2.4
v 4.1 9.1 2.4
v 4.1 9.3 2.4
v 4.1 10.5 2.4
v 4.1 10.7 2.4
v 4.3 9.3 2.4
v 4.3 9.5 2.4
v 4.3 10.3 2.4
v 4.3 10.5 2.4
v 4.5 9.5 2.4
v 4.5 9.7 2.4
v 4.5 10.1 2.4
v 4.5 10.3 2.4
v 5.2 3.1 2.4
v 5.2 4.4 2.4
v 5.2 6 2.4
v 5.2 7.3 2.4
v 6.2 3.1 2.4
v 6.2 4.4 2.4
v 6.2 6 2.4
v 6.2 7.3 2.4
v 7.3 1.5 2.4
v 7.3 8.7 2.4
v 7.7 0 2.4
v 7.7 8.7 2.4
v 0.999999 2.8 2.3
v 0.999999 4.5 2.3
v 0.999999 5.7 2.3
v 0.999999 7.4 2.3
v 1.1 3.1 2.3
v 1.1 4.4 2.3
v 1.1 6 2.3
v 1.1 7.3 2.3
v 2.1 3.1 2.3
v 2.1 4.4 2.3
v 2.1 6 2.3
v 2.1 7.3 2.3
v 2.2 2.8 2.3
v 2.2 4.5 2.3
v 2.2 5.7 2.3
v 2.2 7.4 2.3
v 2.7 9.5 2.3
v 2.7 10.3 2.3
v 2.9 9.1 2.3
v 2.9 9.5 2.3
v 2.9 10.3 2.3
v 2.9 10.7 2.3
v 3 2.8 2.3
v 3 4.5 2.3
v 3 5.7 2.3
v 3 7.4 2.3
v 3.1 3.1 2.3
v 3.1 4.4 2.3
v 3.1 6 2.3
v 3.1 7.3 2.3
v 3.1 9.3 2.3
v 3.1 9.5 2.3
v 3.1 10.3 2.3
v 3.1 10.5 2.3
v 3.3 8.9 2.3
v 3.3 9.1 2.3
v 3.3 9.3 2.3
v 3.3 10.5 2.3
v 3.3 10.7 2.3
v 3.3 10.9 2.3
v 4.1 3.1 2.3
v 4.1 4.4 2.3
v 4.1 6 2.3
v 4.1 7.3 2.3
v 4.1 8.9 2.3
v 4.1 9.1 2.3
v 4.1 9.3 2.3
v 4.1 10.5 2.3
v 4.1 10.7 2.3
v 4.1 10.9 2.3
v 4.2 2.8 2.3
v 4.2 4.5 2.3
v 4.2 5.7 2.3
v 4.2 7.4 2.3
v 4.3 9.3 2.3
v 4.3 9.5 2.3
v 4.3 10.3 2.3
v 4.3 10.5 2.3
v 4.5 9.1 2.3
v 4.5 9.5 2.3
v 4.5 10.3 2.3
v 4.5 10.7 2.3
v 4.7 9.5 2.3
v 4.7 10.3 2.3
v 5.1 2.8 2.3
v 5.1 4.5 2.3
v 5.1 5.7 2.3
v 5.1 7.4 2.3
v 5.2 3.1 2.3
v 5.2 4.4 2.3
v 5.2 6 2.3
v 5.2 7.3 2.3
v 6.2 3.1 2.3
v 6.2 4.4 2.3
v 6.2 6 2.3
v 6.2 7.3 2.3
v 6.3 2.8 2.3
v 6.3 4.5 2.3
v 6.3 5.7 2.3
v 6.3 7.4 2.3
v -0.500001 0 18.6
v 7.7 0 18.6
v -0.400001 0 18.5
v 7.6 0 18.5
v -7.3 0 12.9
v -0.500001 0 12.9
v -7.2 0 12.8
v -0.400001 0 12.8
v -8.4 0 10.9
v -7.4 0 10.9
v -8.4 0 9.8
v -7.4 0 9.8
v -7.2 0 8.1
v -0.400001 0 8.1
v -7.3 0 8
v -0.500001 0 8
v -0.400001 0 2.5
v 7.6 0 2.5
v -0.500001 0 2.4
v 7.7 0 2.4
v -7.4 0.5 10.9
v -7.3 0.5 10.9
v -7.4 0.5 9.8
v -7.3 0.5 9.8
v -7.4 0.9 10.8
v -7.3 0.9 10.8
v -7.3 0.9 10.7
v -7.3 0.9 10.6
v -7.3 0.9 10.1
v -7.3 0.9 10
v -7.4 0.9 9.9
v -7.3 0.9 9.9
v -7.4 1.4 10.8
v -7.3 1.4 10.8
v -7.4 1.4 10.6
v -7.3 1.4 10.6
v -3.9 1.9 13
v -1.3 1.9 13
v -3.9 1.9 12.8
v -1.3 1.9 12.8
v -3.6 1.9 8.1
v -1 1.9 8.1
v -3.6 1.9 7.9
v -1 1.9 7.9
v -0.600001 2.2 17.5
v -0.400001 2.2 17.5
v -0.600001 2.2 16.3
v -0.400001 2.2 16.3
v -0.600001 2.2 15.1
v -0.400001 2.2 15.1
v -0.600001 2.2 13.9
v -0.400001 2.2 13.9
v -7.4 2.2 10.8
v -7.3 2.2 10.8
v -7.4 2.2 9.9
v -7.3 2.2 9.9
v -0.600001 2.2 7.2
v -0.400001 2.2 7.2
v -0.600001 2.2 6
v -0.400001 2.2 6
v -0.600001 2.2 4.8
v -0.400001 2.2 4.8
v -0.600001 2.2 3.6
v -0.400001 2.2 3.6
v -7.4 2.6 10.8
v -7.3 2.6 10.8
v -7.3 2.6 10.5
v -7.3 2.6 10.2
v -7.4 2.6 9.9
v -7.3 2.6 9.9
v 0.999999 2.8 18.7
v 2.2 2.8 18.7
v 3.1 2.8 18.7
v 4.3 2.8 18.7
v 5.1 2.8 18.7
v 6.3 2.8 18.7
v 0.999999 2.8 18.5
v 2.2 2.8 18.5
v 3.1 2.8 18.5
v 4.3 2.8 18.5
v 5.1 2.8 18.5
v 6.3 2.8 18.5
v 0.999999 2.8 2.5
v 2.2 2.8 2.5
v 3 2.8 2.5
v 4.2 2.8 2.5
v 5.1 2.8 2.5
v 5.4 2.8 2.5
v 5.5 2.8 2.5
v 6.3 2.8 2.5
v 0.999999 2.8 2.3
v 2.2 2.8 2.3
v 3 2.8 2.3
v 4.2 2.8 2.3
v 5.1 2.8 2.3
v 6.3 2.8 2.3
v -3.8 3.5 13
v -1.4 3.5 13
v -3.8 3.5 12.9
v -1.4 3.5 12.9
v -3.5 3.5 8
v -1.1 3.5 8
v -3.5 3.5 7.9
v -1.1 3.5 7.9
v -0.600001 3.8 17.4
v -0.500001 3.8 17.4
v -0.600001 3.8 16.4
v -0.500001 3.8 16.4
v -0.600001 3.8 15
v -0.500001 3.8 15
v -0.600001 3.8 14
v -0.500001 3.8 14
v -7.5 3.8 10.6
v -7.3 3.8 10.6
v -7.5 3.8 10.2
v -7.3 3.8 10.2
v -0.600001 3.8 7.1
v -0.500001 3.8 7.1
v -0.600001 3.8 6.1
v -0.500001 3.8 6.1
v -0.600001 3.8 4.7
v -0.500001 3.8 4.7
v -0.600001 3.8 3.7
v -0.500001 3.8 3.7
v -7.5 3.9 10.8
v -7.3 3.9 10.8
v -7.5 3.9 10.6
v -7.3 3.9 10.6
v -7.5 3.9 10.2
v -7.3 3.9 10.2
v -7.5 3.9 10
v -7.3 3.9 10
v -7.3 4 12.8
v -7.2 4 12.8
v -7.2 4 12.7
v -7.3 4 12.3
v -7.2 4 12.3
v -7.3 4 11.5
v -7.2 4 11.5
v -7.3 4 11.4
v -7.2 4 11.4
v -7.3 4 10.8
v -7.3 4 10.6
v -7.3 4 10.5
v -7.3 4 10.3
v -7.3 4 10.2
v -7.3 4 10
v -7.3 4 9.5
v -7.2 4 9.5
v -7.3 4 9.4
v -7.2 4 9.4
v -7.3 4 8.4
v -7.2 4 8.4
v -7.2 4 8.2
v -7.3 4 8.1
v -7.2 4 8.1
v -7.5 4.1 10.9
v -7.3 4.1 10.9
v -7.5 4.1 10.8
v -7.3 4.1 10.8
v -7.5 4.1 10
v -7.3 4.1 10
v -7.5 4.1 9.9
v -7.3 4.1 9.9
v 1.1 4.4 18.7
v 2.1 4.4 18.7
v 3.2 4.4 18.7
v 4.2 4.4 18.7
v 5.2 4.4 18.7
v 6.2 4.4 18.7
v 1.1 4.4 18.6
v 2.1 4.4 18.6
v 3.2 4.4 18.6
v 4.2 4.4 18.6
v 5.2 4.4 18.6
v 6.2 4.4 18.6
v 1.1 4.4 2.4
v 2.1 4.4 2.4
v 3.1 4.4 2.4
v 4.1 4.4 2.4
v 5.2 4.4 2.4
v 6.2 4.4 2.4
v 1.1 4.4 2.3
v 2.1 4.4 2.3
v 3.1 4.4 2.3
v 4.1 4.4 2.3
v 5.2 4.4 2.3
v 6.2 4.4 2.3
v -7.5 4.5 10.8
v -7.4 4.5 10.8
v -7.5 4.5 10.7
v -7.4 4.5 10.7
v -7.5 4.5 10.1
v -7.4 4.5 10.1
v -7.5 4.5 10
v -7.4 4.5 10
v -7.5 4.6 10.7
v -7.4 4.6 10.7
v -7.5 4.6 10.6
v -7.4 4.6 10.6
v -7.5 4.6 10.2
v -7.4 4.6 10.2
v -7.5 4.6 10.1
v -7.4 4.6 10.1
v -7.5 4.7 10.6
v -7.4 4.7 10.6
v -7.4 4.7 10.5
v -7.4 4.7 10.3
v -7.5 4.7 10.2
v -7.4 4.7 10.2
v 0.999999 5.7 18.7
v 2.2 5.7 18.7
v 3.1 5.7 18.7
v 4.3 5.7 18.7
v 5.1 5.7 18.7
v 6.3 5.7 18.7
v 0.999999 5.7 18.5
v 2.2 5.7 18.5
v 3.1 5.7 18.5
v 4.3 5.7 18.5
v 5.1 5.7 18.5
v 6.3 5.7 18.5
v -0.600001 5.7 17.5
v -0.400001 5.7 17.5
v -0.600001 5.7 16.3
v -0.400001 5.7 16.3
v -0.600001 5.7 15.1
v -0.400001 5.7 15.1
v -0.400001 5.7 14.6
v -0.400001 5.7 14.5
v -0.600001 5.7 13.9
v -0.400001 5.7 13.9
v -0.600001 5.7 7.2
v -0.400001 5.7 7.2
v -0.600001 5.7 6
v -0.400001 5.7 6
v -0.600001 5.7 4.8
v -0.400001 5.7 4.8
v -0.400001 5.7 4.2
v -0.400001 5.7 4.1
v -0.600001 5.7 3.6
v -0.400001 5.7 3.6
v 0.999999 5.7 2.5
v 2.2 5.7 2.5
v 3 5.7 2.5
v 3.2 5.7 2.5
v 3.3 5.7 2.5
v 4.2 5.7 2.5
v 5.1 5.7 2.5
v 6.3 5.7 2.5
v 0.999999 5.7 2.3
v 2.2 5.7 2.3
v 3 5.7 2.3
v 4.2 5.7 2.3
v 5.1 5.7 2.3
v 6.3 5.7 2.3
v 1.1 7.3 18.7
v 2.1 7.3 18.7
v 3.2 7.3 18.7
v 4.2 7.3 18.7
v 5.2 7.3 18.7
v 6.2 7.3 18.7
v 1.1 7.3 18.6
v 2.1 7.3 18.6
v 3.2 7.3 18.6
v 4.2 7.3 18.6
v 5.2 7.3 18.6
v 6.2 7.3 18.6
v -0.600001 7.3 17.4
v -0.500001 7.3 17.4
v -0.600001 7.3 16.4
v -0.500001 7.3 16.4
v -0.600001 7.3 15
v -0.500001 7.3 15
v -0.600001 7.3 14
v -0.500001 7.3 14
v -0.600001 7.3 7.1
v -0.500001 7.3 7.1
v -0.600001 7.3 6.1
v -0.500001 7.3 6.1
v -0.600001 7.3 4.7
v -0.500001 7.3 4.7
v -0.600001 7.3 3.7
v -0.500001 7.3 3.7
v 1.1 7.3 2.4
v 2.1 7.3 2.4
v 3.1 7.3 2.4
v 4.1 7.3 2.4
v 5.2 7.3 2.4
v 6.2 7.3 2.4
v 1.1 7.3 2.3
v 2.1 7.3 2.3
v 3.1 7.3 2.3
v 4.1 7.3 2.3
v 5.2 7.3 2.3
v 6.2 7.3 2.3
v -0.900001 8.7 18.5
v -0.500001 8.7 18.5
v 7.7 8.7 18.5
v 8.1 8.7 18.5
v -0.500001 8.7 18.2
v -0.400001 8.7 18.2
v 7.6 8.7 18.1
v 7.7 8.7 18.1
v -0.400001 8.7 17.6
v -0.400001 8.7 17.5
v -0.400001 8.7 13.1
v -0.400001 8.7 13
v -0.400001 8.7 9.1
v -0.400001 8.7 9
v -0.400001 8.7 5.6
v -0.400001 8.7 5.5
v -0.500001 8.7 2.8
v -0.400001 8.7 2.8
v 7.6 8.7 2.8
v 7.7 8.7 2.8
v -0.900001 8.7 2.5
v -0.500001 8.7 2.5
v 7.7 8.7 2.5
v 8.1 8.7 2.5
v 3.3 8.9 18.7
v 4.1 8.9 18.7
v 3.3 8.9 18.5
v 4.1 8.9 18.5
v 3.3 8.9 2.5
v 3.7 8.9 2.5
v 3.8 8.9 2.5
v 4.1 8.9 2.5
v 3.3 8.9 2.3
v 4.1 8.9 2.3
v 2.9 9.1 18.7
v 3.3 9.1 18.7
v 4.1 9.1 18.7
v 4.5 9.1 18.7
v 2.9 9.1 18.5
v 3.3 9.1 18.5
v 4.1 9.1 18.5
v 4.5 9.1 18.5
v 2.9 9.1 2.5
v 3.3 9.1 2.5
v 4.1 9.1 2.5
v 4.5 9.1 2.5
v 2.9 9.1 2.3
v 3.3 9.1 2.3
v 4.1 9.1 2.3
v 4.5 9.1 2.3
v 2.7 9.5 18.7
v 2.9 9.5 18.7
v 4.5 9.5 18.7
v 4.7 9.5 18.7
v 2.7 9.5 18.5
v 2.9 9.5 18.5
v 4.5 9.5 18.5
v 4.7 9.5 18.5
v 2.7 9.5 2.5
v 2.9 9.5 2.5
v 4.5 9.5 2.5
v 4.7 9.5 2.5
v 2.7 9.5 2.3
v 2.9 9.5 2.3
v 4.5 9.5 2.3
v 4.7 9.5 2.3
v 2.9 10.3 18.7
v 3.1 10.3 18.7
v 4.3 10.3 18.7
v 4.5 10.3 18.7
v 2.9 10.3 18.6
v 3.1 10.3 18.6
v 4.3 10.3 18.6
v 4.5 10.3 18.6
v 2.9 10.3 2.4
v 3.1 10.3 2.4
v 4.3 10.3 2.4
v 4.5 10.3 2.4
v 2.9 10.3 2.3
v 3.1 10.3 2.3
v 4.3 10.3 2.3
v 4.5 10.3 2.3
v 3.1 10.5 18.7
v 3.3 10.5 18.7
v 4.1 10.5 18.7
v 4.3 10.5 18.7
v 3.1 10.5 18.6
v 3.3 10.5 18.6
v 4.1 10.5 18.6
v 4.3 10.5 18.6
v 3.1 10.5 2.4
v 3.3 10.5 2.4
v 4.1 10.5 2.4
v 4.3 10.5 2.4
v 3.1 10.5 2.3
v 3.3 10.5 2.3
v 4.1 10.5 2.3
v 4.3 10.5 2.3
v 3.3 10.7 18.7
v 4.1 10.7 18.7
v 3.3 10.7 18.6
v 3.5 10.7 18.6
v 3.9 10.7 18.6
v 4.1 10.7 18.6
v 3.3 10.7 2.4
v 3.5 10.7 2.4
v 3.9 10.7 2.4
v 4.1 10.7 2.4
v 3.3 10.7 2.3
v 4.1 10.7 2.3
v 0.199999 15.3 16.1
v 1.8 15.3 16.1
v 0.299999 15.3 16
v 1.8 15.3 16
v 0.299999 15.3 14.5
v 1.8 15.3 14.5
v 0.199999 15.3 14.4
v 1.8 15.3 14.4
v -8.4 0.1 10.9
v -8.2 0.1 10.9
v -8.4 0.1 9.8
v -8.2 0.1 9.8
v -8.2 0.2 10.9
v -8 0.2 10.9
v -8.2 0.2 9.8
v -8 0.2 9.8
v -8 0.3 10.9
v -7.8 0.3 10.9
v -8 0.3 9.8
v -7.8 0.3 9.8
v -7.8 0.4 10.9
v -7.6 0.4 10.9
v -7.8 0.4 9.8
v -7.6 0.4 9.8
v -7.6 0.5 10.9
v -7.4 0.5 10.9
v -7.6 0.5 9.8
v -7.4 0.5 9.8
v -7.4 0.6 10.8
v -7.3 0.6 10.8
v -7.3 0.6 10.7
v -7.3 0.6 10.6
v -7.3 0.6 10.1
v -7.3 0.6 10
v -7.4 0.6 9.9
v -7.3 0.6 9.9
v -7.4 1 10.8
v -7.3 1 10.8
v -7.4 1 9.9
v -7.3 1 9.9
v -0.1 1.5 18.6
v 7.2 1.5 18.6
v -0.1 1.5 18.5
v 2.5 1.5 18.5
v 2.6 1.5 18.5
v 6.9 1.5 18.5
v 7 1.5 18.5
v 7.2 1.5 18.5
v -0.500001 1.5 18.2
v -0.400001 1.5 18.2
v 7.6 1.5 18.1
v 7.7 1.5 18.1
v -0.400001 1.5 16.2
v -0.400001 1.5 16.1
v -0.400001 1.5 14.7
v -0.400001 1.5 14.6
v -7.3 1.5 12.9
v -0.500001 1.5 12.9
v -7.2 1.5 12.8
v -7.1 1.5 12.8
v -1.8 1.5 12.8
v -1.7 1.5 12.8
v -0.400001 1.5 12.8
v -7.2 1.5 12.7
v -7.2 1.5 12
v -7.2 1.5 11.9
v -7.3 1.5 10.9
v -7.2 1.5 10.9
v -7.4 1.5 10.8
v -7.3 1.5 10.8
v -7.4 1.5 10.6
v -7.3 1.5 10.6
v -7.3 1.5 9.8
v -7.2 1.5 9.8
v -7.2 1.5 8.2
v -7.2 1.5 8.1
v -7.1 1.5 8.1
v -2.6 1.5 8.1
v -2.5 1.5 8.1
v -0.400001 1.5 8.1
v -7.3 1.5 8
v -0.500001 1.5 8
v -0.400001 1.5 7.7
v -0.400001 1.5 7.6
v -0.400001 1.5 3.7
v -0.400001 1.5 3.6
v -0.500001 1.5 2.8
v -0.400001 1.5 2.8
v 7.6 1.5 2.8
v 7.7 1.5 2.8
v -0.1 1.5 2.5
v 2.8 1.5 2.5
v 2.9 1.5 2.5
v 6.2 1.5 2.5
v 6.3 1.5 2.5
v 7.3 1.5 2.5
v -0.1 1.5 2.4
v 7.3 1.5 2.4
v -3.8 2.2 13
v -1.4 2.2 13
v -3.8 2.2 12.9
v -1.4 2.2 12.9
v -3.5 2.2 8
v -1.1 2.2 8
v -3.5 2.2 7.9
v -1.1 2.2 7.9
v -7.4 2.3 10.8
v -7.3 2.3 10.8
v -7.3 2.3 10.7
v -7.3 2.3 10.6
v -7.3 2.3 10.1
v -7.3 2.3 10
v -7.4 2.3 9.9
v -7.3 2.3 9.9
v -0.600001 2.5 17.4
v -0.500001 2.5 17.4
v -0.600001 2.5 16.4
v -0.500001 2.5 16.4
v -0.600001 2.5 15
v -0.500001 2.5 15
v -0.600001 2.5 14
v -0.500001 2.5 14
v -0.600001 2.5 7.1
v -0.500001 2.5 7.1
v -0.600001 2.5 6.1
v -0.500001 2.5 6.1
v -0.600001 2.5 4.7
v -0.500001 2.5 4.7
v -0.600001 2.5 3.7
v -0.500001 2.5 3.7
v -7.4 2.7 10.9
v -7.2 2.7 10.9
v -7.4 2.7 9.8
v -7.2 2.7 9.8
v 1.1 3.1 18.7
v 2.1 3.1 18.7
v 3.2 3.1 18.7
v 4.2 3.1 18.7
v 5.2 3.1 18.7
v 6.2 3.1 18.7
v 1.1 3.1 18.6
v 2.1 3.1 18.6
v 3.2 3.1 18.6
v 4.2 3.1 18.6
v 5.2 3.1 18.6
v 6.2 3.1 18.6
v 1.1 3.1 2.4
v 2.1 3.1 2.4
v 3.1 3.1 2.4
v 4.1 3.1 2.4
v 5.2 3.1 2.4
v 6.2 3.1 2.4
v 1.1 3.1 2.3
v 2.1 3.1 2.3
v 3.1 3.1 2.3
v 4.1 3.1 2.3
v 5.2 3.1 2.3
v 6.2 3.1 2.3
v -3.9 3.6 13
v -1.3 3.6 13
v -3.9 3.6 12.8
v -1.3 3.6 12.8
v -3.6 3.6 8.1
v -1.8 3.6 8.1
v -1.7 3.6 8.1
v -1 3.6 8.1
v -3.6 3.6 7.9
v -1 3.6 7.9
v -0.600001 3.9 17.5
v -0.400001 3.9 17.5
v -0.600001 3.9 16.3
v -0.400001 3.9 16.3
v -0.600001 3.9 15.1
v -0.400001 3.9 15.1
v -0.400001 3.9 14.6
v -0.400001 3.9 14.5
v -0.600001 3.9 13.9
v -0.400001 3.9 13.9
v -7.5 3.9 10.6
v -7.4 3.9 10.6
v -7.4 3.9 10.5
v -7.4 3.9 10.3
v -7.5 3.9 10.2
v -7.4 3.9 10.2
v -0.600001 3.9 7.2
v -0.400001 3.9 7.2
v -0.600001 3.9 6
v -0.400001 3.9 6
v -0.600001 3.9 4.8
v -0.400001 3.9 4.8
v -0.400001 3.9 4.1
v -0.400001 3.9 4
v -0.600001 3.9 3.6
v -0.400001 3.9 3.6
v -7.5 4 10.7
v -7.4 4 10.7
v -7.5 4 10.6
v -7.4 4 10.6
v -7.5 4 10.2
v -7.4 4 10.2
v -7.5 4 10.1
v -7.4 4 10.1
v -7.3 4.1 12.8
v -7.2 4.1 12.8
v -0.500001 4.1 12.8
v -0.400001 4.1 12.8
v -7.3 4.1 12.6
v -7.2 4.1 12.6
v -0.500001 4.1 12.6
v -0.400001 4.1 12.6
v -7.5 4.1 10.8
v -7.4 4.1 10.8
v -7.5 4.1 10.7
v -7.4 4.1 10.7
v -7.5 4.1 10.1
v -7.4 4.1 10.1
v -7.5 4.1 10
v -7.4 4.1 10
v -7.3 4.1 8.3
v -7.2 4.1 8.3
v -0.500001 4.1 8.3
v -0.400001 4.1 8.3
v -7.3 4.1 8.1
v -7.2 4.1 8.1
v -0.500001 4.1 8.1
v -0.400001 4.1 8.1
v -7.3 4.3 12.6
v -7.2 4.3 12.6
v -0.500001 4.3 12.6
v -0.400001 4.3 12.6
v -7.3 4.3 12.5
v -7.2 4.3 12.5
v -0.500001 4.3 12.5
v -0.400001 4.3 12.5
v -7.3 4.3 8.4
v -7.2 4.3 8.4
v -0.500001 4.3 8.4
v -0.400001 4.3 8.4
v -7.3 4.3 8.3
v -7.2 4.3 8.3
v -0.500001 4.3 8.3
v -0.400001 4.3 8.3
v -7.3 4.4 12.5
v -7.2 4.4 12.5
v -0.500001 4.4 12.5
v -0.400001 4.4 12.5
v -7.3 4.4 12.3
v -7.2 4.4 12.3
v -0.500001 4.4 12.3
v -0.400001 4.4 12.3
v -7.3 4.4 8.6
v -7.2 4.4 8.6
v -0.500001 4.4 8.6
v -0.400001 4.4 8.6
v -7.3 4.4 8.4
v -7.2 4.4 8.4
v -0.500001 4.4 8.4
v -0.400001 4.4 8.4
v 0.999999 4.5 18.7
v 2.2 4.5 18.7
v 3.1 4.5 18.7
v 4.3 4.5 18.7
v 5.1 4.5 18.7
v 6.3 4.5 18.7
v 0.999999 4.5 18.5
v 2.2 4.5 18.5
v 3.1 4.5 18.5
v 4.3 4.5 18.5
v 5.1 4.5 18.5
v 6.3 4.5 18.5
v -7.5 4.5 10.9
v -7.3 4.5 10.9
v -7.5 4.5 10.8
v -7.3 4.5 10.8
v -7.5 4.5 10
v -7.3 4.5 10
v -7.5 4.5 9.9
v -7.3 4.5 9.9
v -7.3 4.5 8.7
v -7.2 4.5 8.7
v -0.500001 4.5 8.7
v -0.400001 4.5 8.7
v -7.3 4.5 8.6
v -7.2 4.5 8.6
v -0.500001 4.5 8.6
v -0.400001 4.5 8.6
v 0.999999 4.5 2.5
v 2.2 4.5 2.5
v 3 4.5 2.5
v 4.2 4.5 2.5
v 5.1 4.5 2.5
v 5.4 4.5 2.5
v 5.5 4.5 2.5
v 6.3 4.5 2.5
v 0.999999 4.5 2.3
v 2.2 4.5 2.3
v 3 4.5 2.3
v 4.2 4.5 2.3
v 5.1 4.5 2.3
v 6.3 4.5 2.3
v -7.3 4.6 12.3
v -7.2 4.6 12.3
v -0.500001 4.6 12.3
v -0.400001 4.6 12.3
v -7.3 4.6 12.2
v -7.2 4.6 12.2
v -0.500001 4.6 12.2
v -0.400001 4.6 12.2
v -7.3 4.7 12.2
v -7.2 4.7 12.2
v -0.500001 4.7 12.2
v -0.400001 4.7 12.2
v -7.3 4.7 12
v -7.2 4.7 12
v -0.500001 4.7 12
v -0.400001 4.7 12
v -7.5 4.7 10.8
v -7.3 4.7 10.8
v -7.5 4.7 10.6
v -7.3 4.7 10.6
v -7.5 4.7 10.2
v -7.3 4.7 10.2
v -7.5 4.7 10
v -7.3 4.7 10
v -7.3 4.7 8.9
v -7.2 4.7 8.9
v -0.500001 4.7 8.9
v -0.400001 4.7 8.9
v -7.3 4.7 8.7
v -7.2 4.7 8.7
v -0.500001 4.7 8.7
v -0.400001 4.7 8.7
v -7.3 4.8 12
v -7.2 4.8 12
v -0.500001 4.8 12
v -0.400001 4.8 12
v -7.3 4.8 11.8
v -7.2 4.8 11.8
v -0.500001 4.8 11.8
v -0.400001 4.8 11.8
v -7.5 4.8 10.6
v -7.3 4.8 10.6
v -7.5 4.8 10.2
v -7.3 4.8 10.2
v -7.3 4.8 9.1
v -7.2 4.8 9.1
v -0.500001 4.8 9.1
v -0.400001 4.8 9.1
v -7.3 4.8 8.9
v -7.2 4.8 8.9
v -0.500001 4.8 8.9
v -0.400001 4.8 8.9
v -7.3 5.1 11.8
v -7.2 5.1 11.8
v -0.500001 5.1 11.8
v -0.400001 5.1 11.8
v -7.3 5.1 11.7
v -7.2 5.1 11.7
v -0.500001 5.1 11.7
v -0.400001 5.1 11.7
v -7.3 5.1 9.2
v -7.2 5.1 9.2
v -0.500001 5.1 9.2
v -0.400001 5.1 9.2
v -7.3 5.1 9.1
v -7.2 5.1 9.1
v -0.500001 5.1 9.1
v -0.400001 5.1 9.1
v -7.3 5.2 11.7
v -7.2 5.2 11.7
v -0.500001 5.2 11.7
v -0.400001 5.2 11.7
v -7.3 5.2 11.5
v -7.2 5.2 11.5
v -0.500001 5.2 11.5
v -0.400001 5.2 11.5
v -7.3 5.2 9.4
v -7.2 5.2 9.4
v -0.500001 5.2 9.4
v -0.400001 5.2 9.4
v -7.3 5.2 9.2
v -7.2 5.2 9.2
v -0.500001 5.2 9.2
v -0.400001 5.2 9.2
v -7.3 5.4 11.5
v -7.2 5.4 11.5
v -0.500001 5.4 11.5
v -0.400001 5.4 11.5
v -7.3 5.4 11.3
v -7.2 5.4 11.3
v -0.500001 5.4 11.3
v -0.400001 5.4 11.3
v -7.3 5.4 9.6
v -7.2 5.4 9.6
v -0.500001 5.4 9.6
v -0.400001 5.4 9.6
v -7.3 5.4 9.4
v -7.2 5.4 9.4
v -0.500001 5.4 9.4
v -0.400001 5.4 9.4
v -7.3 5.5 11.3
v -7.2 5.5 11.3
v -0.500001 5.5 11.3
v -0.400001 5.5 11.3
v -7.3 5.5 11.2
v -7.2 5.5 11.2
v -0.500001 5.5 11.2
v -0.400001 5.5 11.2
v -7.3 5.5 9.7
v -7.2 5.5 9.7
v -0.500001 5.5 9.7
v -0.400001 5.5 9.7
v -7.3 5.5 9.6
v -7.2 5.5 9.6
v -0.500001 5.5 9.6
v -0.400001 5.5 9.6
v -7.3 5.7 11.2
v -7.2 5.7 11.2
v -0.500001 5.7 11.2
v -0.400001 5.7 11.2
v -7.3 5.7 11
v -7.2 5.7 11
v -0.500001 5.7 11
v -0.400001 5.7 11
v -7.3 5.7 9.9
v -7.2 5.7 9.9
v -0.500001 5.7 9.9
v -0.400001 5.7 9.9
v -7.3 5.7 9.7
v -7.2 5.7 9.7
v -0.500001 5.7 9.7
v -0.400001 5.7 9.7
v -7.3 5.8 11
v -7.2 5.8 11
v -0.500001 5.8 11
v -0.400001 5.8 11
v -7.3 5.8 10.9
v -7.2 5.8 10.9
v -0.500001 5.8 10.9
v -0.400001 5.8 10.9
v -7.3 5.8 10
v -7.2 5.8 10
v -0.500001 5.8 10
v -0.400001 5.8 10
v -7.3 5.8 9.9
v -7.2 5.8 9.9
v -0.500001 5.8 9.9
v -0.400001 5.8 9.9
v 1.1 6 18.7
v 2.1 6 18.7
v 3.2 6 18.7
v 4.2 6 18.7
v 5.2 6 18.7
v 6.2 6 18.7
v 1.1 6 18.6
v 2.1 6 18.6
v 3.2 6 18.6
v 4.2 6 18.6
v 5.2 6 18.6
v 6.2 6 18.6
v -0.600001 6 17.4
v -0.500001 6 17.4
v -0.600001 6 16.4
v -0.500001 6 16.4
v -0.600001 6 15
v -0.500001 6 15
v -0.600001 6 14
v -0.500001 6 14
v -7.3 6 10.9
v -7.2 6 10.9
v -0.500001 6 10.9
v -0.400001 6 10.9
v -7.3 6 10.7
v -7.2 6 10.7
v -0.500001 6 10.7
v -0.400001 6 10.7
v -7.3 6 10.2
v -7.2 6 10.2
v -0.500001 6 10.2
v -0.400001 6 10.2
v -7.3 6 10
v -7.2 6 10
v -0.500001 6 10
v -0.400001 6 10
v -0.600001 6 7.1
v -0.500001 6 7.1
v -0.600001 6 6.1
v -0.500001 6 6.1
v -0.600001 6 4.7
v -0.500001 6 4.7
v -0.600001 6 3.7
v -0.500001 6 3.7
v 1.1 6 2.4
v 2.1 6 2.4
v 3.1 6 2.4
v 4.1 6 2.4
v 5.2 6 2.4
v 6.2 6 2.4
v 1.1 6 2.3
v 2.1 6 2.3
v 3.1 6 2.3
v 4.1 6 2.3
v 5.2 6 2.3
v 6.2 6 2.3
v -7.3 6.2 10.7
v -7.2 6.2 10.7
v -0.500001 6.2 10.7
v -0.400001 6.2 10.7
v -7.3 6.2 10.2
v -7.2 6.2 10.2
v -0.500001 6.2 10.2
v -0.400001 6.2 10.2
v 0.999999 7.4 18.7
v 2.2 7.4 18.7
v 3.1 7.4 18.7
v 4.3 7.4 18.7
v 5.1 7.4 18.7
v 6.3 7.4 18.7
v 0.999999 7.4 18.5
v 2.2 7.4 18.5
v 3.1 7.4 18.5
v 4.3 7.4 18.5
v 5.1 7.4 18.5
v 6.3 7.4 18.5
v -0.600001 7.4 17.5
v -0.400001 7.4 17.5
v -0.600001 7.4 16.3
v -0.400001 7.4 16.3
v -0.600001 7.4 15.1
v -0.400001 7.4 15.1
v -0.600001 7.4 13.9
v -0.400001 7.4 13.9
v -0.600001 7.4 7.2
v -0.400001 7.4 7.2
v -0.600001 7.4 6
v -0.400001 7.4 6
v -0.600001 7.4 4.8
v -0.400001 7.4 4.8
v -0.600001 7.4 3.6
v -0.400001 7.4 3.6
v 0.999999 7.4 2.5
v 2.2 7.4 2.5
v 3 7.4 2.5
v 4.2 7.4 2.5
v 5.1 7.4 2.5
v 6.3 7.4 2.5
v 0.999999 7.4 2.3
v 2.2 7.4 2.3
v 3 7.4 2.3
v 4.2 7.4 2.3
v 5.1 7.4 2.3
v 6.3 7.4 2.3
v -0.500001 8.7 18.6
v -0.1 8.7 18.6
v 7.2 8.7 18.6
v 7.7 8.7 18.6
v -0.500001 8.7 18.5
v -0.1 8.7 18.5
v 7.2 8.7 18.5
v 7.7 8.7 18.5
v -0.500001 8.7 2.5
v -0.1 8.7 2.5
v 7.3 8.7 2.5
v 7.7 8.7 2.5
v -0.500001 8.7 2.4
v -0.1 8.7 2.4
v 7.3 8.7 2.4
v 7.7 8.7 2.4
v -0.400001 8.8 18.2
v -0.1 8.8 18.2
v 7.3 8.8 18.2
v 7.6 8.8 18.2
v -0.400001 8.8 2.8
v -0.1 8.8 2.8
v 7.3 8.8 2.8
v 7.6 8.8 2.8
v -0.900001 8.9 18.5
v -0.700001 8.9 18.5
v -0.400001 8.9 18.5
v -0.1 8.9 18.5
v 7.3 8.9 18.5
v 7.6 8.9 18.5
v 7.9 8.9 18.5
v 8.1 8.9 18.5
v -0.400001 8.9 18.2
v -0.1 8.9 18.2
v 7.3 8.9 18.2
v 7.6 8.9 18.2
v -0.400001 8.9 2.8
v -0.1 8.9 2.8
v 7.3 8.9 2.8
v 7.6 8.9 2.8
v -0.700001 8.9 2.7
v -0.400001 8.9 2.7
v 7.6 8.9 2.7
v 7.9 8.9 2.7
v -0.900001 8.9 2.5
v -0.1 8.9 2.5
v 7.3 8.9 2.5
v 8.1 8.9 2.5
v -0.700001 9 18.5
v -0.500001 9 18.5
v 7.7 9 18.5
v 7.9 9 18.5
v -0.700001 9 2.7
v -0.500001 9 2.7
v 7.7 9 2.7
v 7.9 9 2.7
v 3.3 9.1 18.7
v 4.1 9.1 18.7
v 3.3 9.1 18.6
v 3.5 9.1 18.6
v 3.9 9.1 18.6
v 4.1 9.1 18.6
v -0.500001 9.1 18.5
v -0.400001 9.1 18.5
v 7.6 9.1 18.5
v 7.7 9.1 18.5
v -0.500001 9.1 2.7
v -0.400001 9.1 2.7
v 7.6 9.1 2.7
v 7.7 9.1 2.7
v 3.3 9.1 2.4
v 3.5 9.1 2.4
v 3.9 9.1 2.4
v 4.1 9.1 2.4
v 3.3 9.1 2.3
v 4.1 9.1 2.3
v 3.1 9.3 18.7
v 3.3 9.3 18.7
v 4.1 9.3 18.7
v 4.3 9.3 18.7
v 3.1 9.3 18.6
v 3.3 9.3 18.6
v 4.1 9.3 18.6
v 4.3 9.3 18.6
v 3.1 9.3 2.4
v 3.3 9.3 2.4
v 4.1 9.3 2.4
v 4.3 9.3 2.4
v 3.1 9.3 2.3
v 3.3 9.3 2.3
v 4.1 9.3 2.3
v 4.3 9.3 2.3
v -0.1 9.4 18.5
v 0.199999 9.4 18.5
v 7 9.4 18.5
v 7.3 9.4 18.5
v -0.1 9.4 18.2
v 0.199999 9.4 18.2
v 7 9.4 18.2
v 7.3 9.4 18.2
v -0.1 9.4 2.8
v 0.199999 9.4 2.8
v 7 9.4 2.8
v 7.3 9.4 2.8
v -0.1 9.4 2.5
v 0.199999 9.4 2.5
v 7 9.4 2.5
v 7.3 9.4 2.5
v 2.9 9.5 18.7
v 3.1 9.5 18.7
v 4.3 9.5 18.7
v 4.5 9.5 18.7
v 2.9 9.5 18.6
v 3.1 9.5 18.6
v 4.3 9.5 18.6
v 4.5 9.5 18.6
v 2.9 9.5 2.4
v 3.1 9.5 2.4
v 4.3 9.5 2.4
v 4.5 9.5 2.4
v 2.9 9.5 2.3
v 3.1 9.5 2.3
v 4.3 9.5 2.3
v 4.5 9.5 2.3
v 0.199999 9.7 18.5
v 0.4 9.7 18.5
v 6.8 9.7 18.5
v 7 9.7 18.5
v 0.199999 9.7 18.2
v 0.4 9.7 18.2
v 6.8 9.7 18.2
v 7 9.7 18.2
v 0.299999 9.7 16
v 0.4 9.7 16
v 0.299999 9.7 14.5
v 0.4 9.7 14.5
v 0.199999 9.7 2.8
v 0.4 9.7 2.8
v 6.8 9.7 2.8
v 7 9.7 2.8
v 0.199999 9.7 2.5
v 0.4 9.7 2.5
v 6.8 9.7 2.5
v 7 9.7 2.5
v 0.4 10 18.5
v 0.699999 10 18.5
v 0.4 10 18.2
v 0.699999 10 18.2
v 0.4 10 16
v 0.699999 10 16
v 0.4 10 14.5
v 0.699999 10 14.5
v 0.4 10 2.8
v 0.699999 10 2.8
v 0.4 10 2.5
v 0.699999 10 2.5
v 6.5 10.1 18.5
v 6.8 10.1 18.5
v 6.5 10.1 18.2
v 6.8 10.1 18.2
v 6.5 10.1 2.8
v 6.8 10.1 2.8
v 6.5 10.1 2.5
v 6.8 10.1 2.5
v 2.7 10.3 18.7
v 2.9 10.3 18.7
v 4.5 10.3 18.7
v 4.7 10.3 18.7
v 2.7 10.3 18.5
v 2.9 10.3 18.5
v 4.5 10.3 18.5
v 4.7 10.3 18.5
v 2.7 10.3 2.5
v 2.9 10.3 2.5
v 4.5 10.3 2.5
v 4.7 10.3 2.5
v 2.7 10.3 2.3
v 2.9 10.3 2.3
v 4.5 10.3 2.3
v 4.7 10.3 2.3
v 0.699999 10.4 18.5
v 0.999999 10.4 18.5
v 6.2 10.4 18.5
v 6.5 10.4 18.5
v 0.699999 10.4 18.2
v 0.999999 10.4 18.2
v 6.2 10.4 18.2
v 6.5 10.4 18.2
v 0.699999 10.4 16
v 0.999999 10.4 16
v 0.699999 10.4 14.5
v 0.999999 10.4 14.5
v 0.699999 10.4 2.8
v 0.999999 10.4 2.8
v 6.2 10.4 2.8
v 6.5 10.4 2.8
v 0.699999 10.4 2.5
v 0.999999 10.4 2.5
v 6.2 10.4 2.5
v 6.5 10.4 2.5
v 2.9 10.7 18.7
v 3.3 10.7 18.7
v 4.1 10.7 18.7
v 4.5 10.7 18.7
v 0.999999 10.7 18.5
v 1.3 10.7 18.5
v 2.9 10.7 18.5
v 3.3 10.7 18.5
v 4.1 10.7 18.5
v 4.5 10.7 18.5
v 5.9 10.7 18.5
v 6.2 10.7 18.5
v 0.999999 10.7 18.2
v 1.3 10.7 18.2
v 5.9 10.7 18.2
v 6.2 10.7 18.2
v 0.999999 10.7 16
v 1.3 10.7 16
v 0.999999 10.7 14.5
v 1.3 10.7 14.5
v 0.999999 10.7 2.8
v 1.3 10.7 2.8
v 5.9 10.7 2.8
v 6.2 10.7 2.8
v 0.999999 10.7 2.5
v 1.3 10.7 2.5
v 2.9 10.7 2.5
v 3.3 10.7 2.5
v 4.1 10.7 2.5
v 4.5 10.7 2.5
v 5.9 10.7 2.5
v 6.2 10.7 2.5
v 2.9 10.7 2.3
v 3.3 10.7 2.3
v 4.1 10.7 2.3
v 4.5 10.7 2.3
v 3.3 10.9 18.7
v 4.1 10.9 18.7
v 3.3 10.9 18.5
v 3.8 10.9 18.5
v 3.9 10.9 18.5
v 4.1 10.9 18.5
v 3.3 10.9 2.5
v 4.1 10.9 2.5
v 3.3 10.9 2.3
v 4.1 10.9 2.3
v 1.3 11.2 18.5
v 1.5 11.2 18.5
v 5.7 11.2 18.5
v 5.9 11.2 18.5
v 1.3 11.2 18.2
v 1.5 11.2 18.2
v 5.7 11.2 18.2
v 5.9 11.2 18.2
v 1.3 11.2 16
v 1.5 11.2 16
v 1.3 11.2 14.5
v 1.5 11.2 14.5
v 1.3 11.2 2.8
v 1.5 11.2 2.8
v 5.7 11.2 2.8
v 5.9 11.2 2.8
v 1.3 11.2 2.5
v 1.5 11.2 2.5
v 5.7 11.2 2.5
v 5.9 11.2 2.5
v 1.5 11.5 18.5
v 1.8 11.5 18.5
v 5.4 11.5 18.5
v 5.7 11.5 18.5
v 1.5 11.5 18.2
v 1.8 11.5 18.2
v 5.4 11.5 18.2
v 5.7 11.5 18.2
v 1.5 11.5 16
v 1.8 11.5 16
v 1.5 11.5 14.5
v 1.8 11.5 14.5
v 1.5 11.5 2.8
v 1.8 11.5 2.8
v 5.4 11.5 2.8
v 5.7 11.5 2.8
v 1.5 11.5 2.5
v 1.8 11.5 2.5
v 5.4 11.5 2.5
v 5.7 11.5 2.5
v 1.8 12.1 18.5
v 2.1 12.1 18.5
v 5.1 12.1 18.5
v 5.4 12.1 18.5
v 1.8 12.1 18.2
v 2.1 12.1 18.2
v 5.1 12.1 18.2
v 5.4 12.1 18.2
v 1.8 12.1 16
v 1.8 12.1 14.5
v 1.8 12.1 2.8
v 2.1 12.1 2.8
v 5.1 12.1 2.8
v 5.4 12.1 2.8
v 1.8 12.1 2.5
v 2.1 12.1 2.5
v 5.1 12.1 2.5
v 5.4 12.1 2.5
v 2.1 12.4 18.5
v 2.4 12.4 18.5
v 4.8 12.4 18.5
v 5.1 12.4 18.5
v 2.1 12.4 18.2
v 2.4 12.4 18.2
v 4.8 12.4 18.2
v 5.1 12.4 18.2
v 2.1 12.4 2.8
v 2.4 12.4 2.8
v 4.8 12.4 2.8
v 5.1 12.4 2.8
v 2.1 12.4 2.5
v 2.4 12.4 2.5
v 4.8 12.4 2.5
v 5.1 12.4 2.5
v 2.4 12.6 18.5
v 2.6 12.6 18.5
v 2.4 12.6 18.2
v 2.6 12.6 18.2
v 2.4 12.6 2.8
v 2.6 12.6 2.8
v 2.4 12.6 2.5
v 2.6 12.6 2.5
v 4.6 12.8 18.5
v 4.8 12.8 18.5
v 4.6 12.8 18.2
v 4.8 12.8 18.2
v 4.6 12.8 2.8
v 4.8 12.8 2.8
v 4.6 12.8 2.5
v 4.8 12.8 2.5
v 2.6 13.1 18.5
v 2.9 13.1 18.5
v 4.3 13.1 18.5
v 4.6 13.1 18.5
v 2.6 13.1 18.2
v 2.9 13.1 18.2
v 4.3 13.1 18.2
v 4.6 13.1 18.2
v 2.6 13.1 2.8
v 2.9 13.1 2.8
v 4.3 13.1 2.8
v 4.6 13.1 2.8
v 2.6 13.1 2.5
v 2.9 13.1 2.5
v 4.3 13.1 2.5
v 4.6 13.1 2.5
v 2.9 13.3 18.5
v 3.2 13.3 18.5
v 4 13.3 18.5
v 4.3 13.3 18.5
v 2.9 13.3 18.2
v 3.2 13.3 18.2
v 4 13.3 18.2
v 4.3 13.3 18.2
v 2.9 13.3 2.8
v 3.2 13.3 2.8
v 4 13.3 2.8
v 4.3 13.3 2.8
v 2.9 13.3 2.5
v 3.2 13.3 2.5
v 4 13.3 2.5
v 4.3 13.3 2.5
v 3.2 13.9 18.5
v 4 13.9 18.5
v 3.2 13.9 18.2
v 4 13.9 18.2
v 3.2 13.9 2.8
v 4 13.9 2.8
v 3.2 13.9 2.5
v 4 13.9 2.5
v 0.499999 15 15.8
v 1.6 15 15.8
v 0.499999 15 14.7
v 1.6 15 14.7
v 0.199999 15.7 16.1
v 1.8 15.7 16.1
v 0.499999 15.7 15.8
v 1.6 15.7 15.8
v 0.499999 15.7 14.7
v 1.6 15.7 14.7
v 0.199999 15.7 14.4
v 1.8 15.7 14.4

# faces
f 3/5/1 2/5/1 1/5/1
f 4/5/1 2/5/1 3/5/1
f 7/5/1 6/5/1 5/5/1
f 8/5/1 6/5/1 7/5/1
f 11/5/1 10/5/1 9/5/1
f 12/5/1 10/5/1 11/5/1
f 15/5/1 14/5/1 13/5/1
f 16/5/1 14/5/1 15/5/1
f 19/5/1 18/5/1 17/5/1
f 20/5/1 18/5/1 19/5/1
f 24/5/1 22/5/1 21/5/1
f 25/5/1 22/5/1 24/5/1
f 27/5/1 24/5/1 23/5/1
f 28/5/1 24/5/1 27/5/1
f 29/5/1 26/5/1 25/5/1
f 30/5/1 26/5/1 29/5/1
f 32/5/1 27/5/1 23/5/1
f 33/5/1 27/5/1 32/5/1
f 34/5/1 26/5/1 30/5/1
f 35/5/1 26/5/1 34/5/1
f 37/5/1 32/5/1 31/5/1
f 38/5/1 32/5/1 37/5/1
f 41/5/1 36/5/1 35/5/1
f 42/5/1 36/5/1 41/5/1
f 43/5/1 39/5/1 38/5/1
f 46/5/1 41/5/1 40/5/1
f 47/5/1 44/5/1 43/5/1
f 47/5/1 43/5/1 38/5/1
f 48/5/1 44/5/1 47/5/1
f 49/5/1 46/5/1 45/5/1
f 50/5/1 41/5/1 46/5/1
f 50/5/1 46/5/1 49/5/1
f 51/5/1 49/5/1 48/5/1
f 52/5/1 49/5/1 51/5/1
f 55/5/1 54/5/1 53/5/1
f 56/5/1 54/5/1 55/5/1
f 57/5/1 55/5/1 53/5/1
f 58/5/1 54/5/1 56/5/1
f 59/5/1 57/5/1 53/5/1
f 59/5/1 58/5/1 57/5/1
f 60/5/1 54/5/1 58/5/1
f 60/5/1 58/5/1 59/5/1
f 61/5/1 59/5/1 53/5/1
f 63/5/1 61/5/1 53/5/1
f 63/6/1 62/6/1 61/6/1
f 64/6/1 62/6/1 63/6/1
f 65/5/1 63/5/1 53/5/1
f 66/5/1 54/5/1 60/5/1
f 67/5/1 65/5/1 53/5/1
f 67/5/1 66/5/1 65/5/1
f 68/5/1 54/5/1 66/5/1
f 68/5/1 66/5/1 67/5/1
f 69/5/1 67/5/1 53/5/1
f 70/5/1 54/5/1 68/5/1
f 71/5/1 69/5/1 53/5/1
f 71/5/1 70/5/1 69/5/1
f 72/5/1 54/5/1 70/5/1
f 72/5/1 70/5/1 71/5/1
f 78/4/1 74/4/1 73/4/1
f 79/4/1 76/4/1 75/4/1
f 82/4/1 78/4/1 77/4/1
f 83/4/1 80/4/1 79/4/1
f 85/4/1 82/4/1 81/4/1
f 86/5/1 75/5/1 74/5/1
f 86/4/1 82/4/1 85/4/1
f 86/4/1 74/4/1 78/4/1
f 86/4/1 78/4/1 82/4/1
f 87/4/1 84/4/1 83/4/1
f 87/5/1 75/5/1 86/5/1
f 87/4/1 83/4/1 79/4/1
f 87/4/1 79/4/1 75/4/1
f 88/4/1 84/4/1 87/4/1
f 89/5/1 86/5/1 85/5/1
f 89/5/1 87/5/1 86/5/1
f 89/5/1 88/5/1 87/5/1
f 90/5/1 88/5/1 89/5/1
f 91/5/1 88/5/1 90/5/1
f 92/5/1 88/5/1 91/5/1
f 93/4/1 90/4/1 89/4/1
f 94/4/1 90/4/1 93/4/1
f 95/4/1 92/4/1 91/4/1
f 96/4/1 92/4/1 95/4/1
f 97/4/1 90/4/1 94/4/1
f 98/4/1 90/4/1 97/4/1
f 99/4/1 95/4/1 91/4/1
f 100/4/1 95/4/1 99/4/1
f 101/4/1 90/4/1 98/4/1
f 102/5/1 91/5/1 90/5/1
f 102/4/1 90/4/1 101/4/1
f 103/4/1 99/4/1 91/4/1
f 103/5/1 91/5/1 102/5/1
f 104/4/1 99/4/1 103/4/1
f 107/5/1 106/5/1 105/5/1
f 108/5/1 106/5/1 107/5/1
f 115/4/1 110/4/1 109/4/1
f 116/5/1 111/5/1 110/5/1
f 116/4/1 110/4/1 115/4/1
f 117/4/1 112/4/1 111/4/1
f 117/5/1 111/5/1 116/5/1
f 118/5/1 113/5/1 112/5/1
f 118/4/1 112/4/1 117/4/1
f 119/4/1 114/4/1 113/4/1
f 119/5/1 113/5/1 118/5/1
f 120/4/1 114/4/1 119/4/1
f 123/5/1 122/5/1 121/5/1
f 124/5/1 122/5/1 123/5/1
f 125/5/1 107/5/1 105/5/1
f 126/5/1 107/5/1 125/5/1
f 128/5/1 122/5/1 124/5/1
f 129/5/1 106/5/1 108/5/1
f 130/5/1 106/5/1 129/5/1
f 131/5/1 128/5/1 127/5/1
f 132/5/1 122/5/1 128/5/1
f 132/5/1 128/5/1 131/5/1
f 139/4/1 134/4/1 133/4/1
f 139/5/1 135/5/1 134/5/1
f 140/4/1 136/4/1 135/4/1
f 140/5/1 135/5/1 139/5/1
f 141/4/1 136/4/1 140/4/1
f 142/4/1 136/4/1 141/4/1
f 143/5/1 137/5/1 136/5/1
f 143/4/1 136/4/1 142/4/1
f 144/4/1 138/4/1 137/4/1
f 144/5/1 137/5/1 143/5/1
f 145/4/1 140/4/1 139/4/1
f 145/5/1 141/5/1 140/5/1
f 146/4/1 142/4/1 141/4/1
f 146/5/1 141/5/1 145/5/1
f 147/5/1 143/5/1 142/5/1
f 147/4/1 142/4/1 146/4/1
f 148/4/1 144/4/1 143/4/1
f 148/5/1 143/5/1 147/5/1
f 149/4/1 146/4/1 145/4/1
f 149/4/1 145/4/1 139/4/1
f 149/4/1 139/4/1 133/4/1
f 150/5/1 147/5/1 146/5/1
f 150/4/1 146/4/1 149/4/1
f 151/4/1 148/4/1 147/4/1
f 151/5/1 147/5/1 150/5/1
f 152/4/1 144/4/1 148/4/1
f 152/4/1 148/4/1 151/4/1
f 152/4/1 138/4/1 144/4/1
f 163/5/1 154/5/1 153/5/1
f 164/5/1 154/5/1 163/5/1
f 165/1/1 157/1/1 156/1/1
f 166/1/1 157/1/1 165/1/1
f 167/1/1 159/1/1 158/1/1
f 168/1/1 159/1/1 167/1/1
f 169/1/1 161/1/1 160/1/1
f 170/5/1 162/5/1 161/5/1
f 170/1/1 161/1/1 169/1/1
f 171/5/1 162/5/1 170/5/1
f 172/5/1 162/5/1 171/5/1
f 173/5/1 154/5/1 164/5/1
f 173/1/1 155/1/1 154/1/1
f 174/1/1 155/1/1 173/1/1
f 175/2/1 156/2/1 155/2/1
f 175/1/1 155/1/1 174/1/1
f 176/1/1 165/1/1 156/1/1
f 176/2/1 156/2/1 175/2/1
f 177/1/1 165/1/1 176/1/1
f 178/1/1 159/1/1 168/1/1
f 179/2/1 160/2/1 159/2/1
f 179/1/1 159/1/1 178/1/1
f 180/1/1 169/1/1 160/1/1
f 180/2/1 160/2/1 179/2/1
f 181/1/1 169/1/1 180/1/1
f 182/5/1 171/5/1 170/5/1
f 182/1/1 169/1/1 181/1/1
f 182/5/1 170/5/1 169/5/1
f 183/5/1 174/5/1 173/5/1
f 183/5/1 173/5/1 164/5/1
f 184/5/1 174/5/1 183/5/1
f 185/2/1 177/2/1 176/2/1
f 185/5/1 174/5/1 184/5/1
f 185/2/1 175/2/1 174/2/1
f 185/2/1 176/2/1 175/2/1
f 186/2/1 177/2/1 185/2/1
f 187/2/1 179/2/1 178/2/1
f 187/2/1 181/2/1 180/2/1
f 187/2/1 180/2/1 179/2/1
f 188/2/1 181/2/1 187/2/1
f 189/5/1 182/5/1 181/5/1
f 189/2/1 181/2/1 188/2/1
f 190/5/1 171/5/1 182/5/1
f 190/5/1 182/5/1 189/5/1
f 191/5/1 171/5/1 190/5/1
f 192/5/1 185/5/1 184/5/1
f 193/5/1 185/5/1 192/5/1
f 194/1/1 186/1/1 185/1/1
f 194/5/1 185/5/1 193/5/1
f 195/1/1 186/1/1 194/1/1
f 196/1/1 188/1/1 187/1/1
f 197/5/1 189/5/1 188/5/1
f 197/1/1 188/1/1 196/1/1
f 197/5/1 190/5/1 189/5/1
f 198/5/1 190/5/1 197/5/1
f 199/5/1 190/5/1 198/5/1
f 200/1/1 186/1/1 195/1/1
f 200/5/1 195/5/1 194/5/1
f 200/5/1 194/5/1 193/5/1
f 201/1/1 186/1/1 200/1/1
f 202/1/1 186/1/1 201/1/1
f 205/1/1 196/1/1 187/1/1
f 206/1/1 196/1/1 205/1/1
f 207/5/1 198/5/1 197/5/1
f 207/1/1 196/1/1 206/1/1
f 207/5/1 197/5/1 196/5/1
f 208/5/1 198/5/1 207/5/1
f 209/5/1 198/5/1 208/5/1
f 210/5/1 200/5/1 193/5/1
f 210/5/1 201/5/1 200/5/1
f 211/5/1 201/5/1 210/5/1
f 212/1/1 203/1/1 202/1/1
f 212/5/1 201/5/1 211/5/1
f 212/1/1 202/1/1 201/1/1
f 213/1/1 203/1/1 212/1/1
f 214/1/1 206/1/1 205/1/1
f 214/1/1 205/1/1 204/1/1
f 215/5/1 208/5/1 207/5/1
f 215/1/1 206/1/1 214/1/1
f 215/5/1 207/5/1 206/5/1
f 216/5/1 212/5/1 211/5/1
f 217/5/1 212/5/1 216/5/1
f 218/2/1 213/2/1 212/2/1
f 218/5/1 212/5/1 217/5/1
f 219/2/1 213/2/1 218/2/1
f 220/2/1 213/2/1 219/2/1
f 223/2/1 215/2/1 214/2/1
f 224/2/1 215/2/1 223/2/1
f 225/5/1 208/5/1 215/5/1
f 225/2/1 215/2/1 224/2/1
f 226/5/1 208/5/1 225/5/1
f 227/5/1 208/5/1 226/5/1
f 228/5/1 218/5/1 217/5/1
f 228/5/1 219/5/1 218/5/1
f 229/5/1 219/5/1 228/5/1
f 230/1/1 221/1/1 220/1/1
f 230/5/1 219/5/1 229/5/1
f 230/1/1 220/1/1 219/1/1
f 231/1/1 221/1/1 230/1/1
f 232/1/1 221/1/1 231/1/1
f 233/1/1 223/1/1 222/1/1
f 234/1/1 225/1/1 224/1/1
f 235/5/1 226/5/1 225/5/1
f 235/1/1 225/1/1 234/1/1
f 236/5/1 226/5/1 235/5/1
f 237/5/1 226/5/1 236/5/1
f 238/1/1 233/1/1 232/1/1
f 238/1/1 232/1/1 231/1/1
f 238/5/1 230/5/1 229/5/1
f 238/5/1 231/5/1 230/5/1
f 239/1/1 233/1/1 238/1/1
f 240/2/1 224/2/1 223/2/1
f 240/1/1 233/1/1 239/1/1
f 240/1/1 223/1/1 233/1/1
f 241/1/1 234/1/1 224/1/1
f 241/2/1 224/2/1 240/2/1
f 242/1/1 234/1/1 241/1/1
f 243/5/1 236/5/1 235/5/1
f 243/1/1 234/1/1 242/1/1
f 243/5/1 235/5/1 234/5/1
f 244/5/1 239/5/1 238/5/1
f 244/5/1 238/5/1 229/5/1
f 245/5/1 239/5/1 244/5/1
f 246/2/1 240/2/1 239/2/1
f 246/5/1 239/5/1 245/5/1
f 246/2/1 242/2/1 241/2/1
f 246/2/1 241/2/1 240/2/1
f 247/2/1 242/2/1 246/2/1
f 248/5/1 243/5/1 242/5/1
f 248/2/1 242/2/1 247/2/1
f 249/5/1 236/5/1 243/5/1
f 249/5/1 243/5/1 248/5/1
f 250/5/1 236/5/1 249/5/1
f 251/5/1 247/5/1 246/5/1
f 251/5/1 246/5/1 245/5/1
f 252/5/1 247/5/1 251/5/1
f 253/1/1 248/1/1 247/1/1
f 253/5/1 247/5/1 252/5/1
f 254/1/1 248/1/1 253/1/1
f 255/1/1 248/1/1 254/1/1
f 256/5/1 249/5/1 248/5/1
f 256/1/1 248/1/1 255/1/1
f 257/5/1 249/5/1 256/5/1
f 258/5/1 249/5/1 257/5/1
f 259/1/1 255/1/1 254/1/1
f 260/5/1 257/5/1 256/5/1
f 260/1/1 255/1/1 259/1/1
f 260/5/1 256/5/1 255/5/1
f 261/5/1 253/5/1 252/5/1
f 261/5/1 254/5/1 253/5/1
f 262/5/1 254/5/1 261/5/1
f 263/1/1 259/1/1 254/1/1
f 263/5/1 254/5/1 262/5/1
f 264/1/1 259/1/1 263/1/1
f 265/1/1 259/1/1 264/1/1
f 266/5/1 260/5/1 259/5/1
f 266/1/1 259/1/1 265/1/1
f 267/5/1 257/5/1 260/5/1
f 267/5/1 260/5/1 266/5/1
f 268/5/1 257/5/1 267/5/1
f 269/5/1 263/5/1 262/5/1
f 269/5/1 264/5/1 263/5/1
f 270/5/1 264/5/1 269/5/1
f 271/2/1 265/2/1 264/2/1
f 271/5/1 264/5/1 270/5/1
f 272/2/1 265/2/1 271/2/1
f 273/2/1 265/2/1 272/2/1
f 274/2/1 265/2/1 273/2/1
f 275/2/1 265/2/1 274/2/1
f 276/5/1 266/5/1 265/5/1
f 276/2/1 265/2/1 275/2/1
f 276/5/1 267/5/1 266/5/1
f 277/5/1 267/5/1 276/5/1
f 278/5/1 267/5/1 277/5/1
f 279/5/1 271/5/1 270/5/1
f 279/5/1 272/5/1 271/5/1
f 280/5/1 272/5/1 279/5/1
f 281/1/1 273/1/1 272/1/1
f 281/5/1 272/5/1 280/5/1
f 282/1/1 273/1/1 281/1/1
f 283/5/1 277/5/1 276/5/1
f 283/5/1 276/5/1 275/5/1
f 284/5/1 277/5/1 283/5/1
f 285/5/1 282/5/1 281/5/1
f 285/5/1 281/5/1 280/5/1
f 286/5/1 282/5/1 285/5/1
f 287/2/1 274/2/1 273/2/1
f 287/1/1 273/1/1 282/1/1
f 288/1/1 275/1/1 274/1/1
f 288/2/1 274/2/1 287/2/1
f 289/5/1 283/5/1 275/5/1
f 289/1/1 275/1/1 288/1/1
f 290/5/1 283/5/1 289/5/1
f 291/5/1 283/5/1 290/5/1
f 292/1/1 287/1/1 282/1/1
f 292/5/1 282/5/1 286/5/1
f 293/5/1 290/5/1 289/5/1
f 293/1/1 287/1/1 292/1/1
f 293/5/1 289/5/1 288/5/1
f 293/5/1 288/5/1 287/5/1
f 294/5/1 292/5/1 286/5/1
f 294/5/1 293/5/1 292/5/1
f 295/5/1 293/5/1 294/5/1
f 296/5/1 290/5/1 293/5/1
f 296/5/1 293/5/1 295/5/1
f 297/5/1 290/5/1 296/5/1
f 298/5/1 296/5/1 295/5/1
f 299/5/1 296/5/1 298/5/1
f 308/2/1 301/2/1 300/2/1
f 308/1/1 302/1/1 301/1/1
f 309/2/1 303/2/1 302/2/1
f 309/1/1 302/1/1 308/1/1
f 310/1/1 304/1/1 303/1/1
f 310/2/1 303/2/1 309/2/1
f 311/1/1 304/1/1 310/1/1
f 312/1/1 306/1/1 305/1/1
f 313/2/1 307/2/1 306/2/1
f 313/1/1 306/1/1 312/1/1
f 314/2/1 311/2/1 310/2/1
f 314/2/1 308/2/1 300/2/1
f 314/2/1 309/2/1 308/2/1
f 314/2/1 310/2/1 309/2/1
f 315/2/1 311/2/1 314/2/1
f 316/2/1 313/2/1 312/2/1
f 317/2/1 313/2/1 316/2/1
f 318/2/1 313/2/1 317/2/1
f 319/2/1 307/2/1 313/2/1
f 319/2/1 313/2/1 318/2/1
f 320/1/1 315/1/1 314/1/1
f 320/2/1 314/2/1 300/2/1
f 321/1/1 315/1/1 320/1/1
f 322/1/1 317/1/1 316/1/1
f 323/2/1 318/2/1 317/2/1
f 323/1/1 317/1/1 322/1/1
f 324/1/1 319/1/1 318/1/1
f 324/2/1 318/2/1 323/2/1
f 325/2/1 307/2/1 319/2/1
f 325/1/1 319/1/1 324/1/1
f 326/2/1 321/2/1 320/2/1
f 326/2/1 320/2/1 300/2/1
f 327/2/1 321/2/1 326/2/1
f 328/2/1 321/2/1 327/2/1
f 329/2/1 321/2/1 328/2/1
f 330/2/1 324/2/1 323/2/1
f 330/2/1 323/2/1 322/2/1
f 330/2/1 325/2/1 324/2/1
f 331/2/1 307/2/1 325/2/1
f 331/2/1 325/2/1 330/2/1
f 332/1/1 327/1/1 326/1/1
f 332/2/1 326/2/1 300/2/1
f 333/2/1 328/2/1 327/2/1
f 333/1/1 327/1/1 332/1/1
f 334/1/1 329/1/1 328/1/1
f 334/2/1 328/2/1 333/2/1
f 335/1/1 329/1/1 334/1/1
f 336/1/1 331/1/1 330/1/1
f 337/2/1 307/2/1 331/2/1
f 337/1/1 331/1/1 336/1/1
f 338/2/1 333/2/1 332/2/1
f 338/2/1 332/2/1 300/2/1
f 338/2/1 335/2/1 334/2/1
f 338/2/1 334/2/1 333/2/1
f 339/2/1 335/2/1 338/2/1
f 340/2/1 337/2/1 336/2/1
f 341/2/1 337/2/1 340/2/1
f 342/2/1 337/2/1 341/2/1
f 343/2/1 307/2/1 337/2/1
f 343/2/1 337/2/1 342/2/1
f 344/1/1 339/1/1 338/1/1
f 344/2/1 338/2/1 300/2/1
f 344/1/1 340/1/1 339/1/1
f 344/1/1 341/1/1 340/1/1
f 345/2/1 342/2/1 341/2/1
f 345/1/1 341/1/1 344/1/1
f 346/1/1 343/1/1 342/1/1
f 346/2/1 342/2/1 345/2/1
f 347/2/1 307/2/1 343/2/1
f 347/1/1 343/1/1 346/1/1
f 348/2/1 344/2/1 300/2/1
f 348/2/1 346/2/1 345/2/1
f 348/2/1 347/2/1 346/2/1
f 348/2/1 345/2/1 344/2/1
f 349/2/1 347/2/1 348/2/1
f 350/2/1 347/2/1 349/2/1
f 351/2/1 307/2/1 347/2/1
f 351/2/1 347/2/1 350/2/1
f 352/2/1 348/2/1 300/2/1
f 352/1/1 349/1/1 348/1/1
f 353/2/1 350/2/1 349/2/1
f 353/1/1 349/1/1 352/1/1
f 354/1/1 351/1/1 350/1/1
f 354/2/1 350/2/1 353/2/1
f 355/2/1 307/2/1 351/2/1
f 355/1/1 351/1/1 354/1/1
f 356/2/1 352/2/1 300/2/1
f 356/2/1 354/2/1 353/2/1
f 356/2/1 355/2/1 354/2/1
f 356/2/1 353/2/1 352/2/1
f 357/2/1 355/2/1 356/2/1
f 358/2/1 355/2/1 357/2/1
f 359/2/1 307/2/1 355/2/1
f 359/2/1 355/2/1 358/2/1
f 360/2/1 356/2/1 300/2/1
f 360/1/1 357/1/1 356/1/1
f 361/2/1 358/2/1 357/2/1
f 361/1/1 357/1/1 360/1/1
f 362/1/1 359/1/1 358/1/1
f 362/2/1 358/2/1 361/2/1
f 363/2/1 307/2/1 359/2/1
f 363/1/1 359/1/1 362/1/1
f 364/2/1 360/2/1 300/2/1
f 364/2/1 362/2/1 361/2/1
f 364/2/1 363/2/1 362/2/1
f 364/2/1 361/2/1 360/2/1
f 365/2/1 363/2/1 364/2/1
f 366/2/1 363/2/1 365/2/1
f 367/2/1 363/2/1 366/2/1
f 368/2/1 363/2/1 367/2/1
f 369/2/1 307/2/1 363/2/1
f 369/2/1 363/2/1 368/2/1
f 370/2/1 364/2/1 300/2/1
f 371/1/1 365/1/1 364/1/1
f 371/2/1 364/2/1 370/2/1
f 372/1/1 365/1/1 371/1/1
f 373/2/1 366/2/1 365/2/1
f 373/1/1 365/1/1 372/1/1
f 374/1/1 367/1/1 366/1/1
f 374/2/1 366/2/1 373/2/1
f 375/2/1 368/2/1 367/2/1
f 375/1/1 367/1/1 374/1/1
f 376/1/1 369/1/1 368/1/1
f 376/2/1 368/2/1 375/2/1
f 377/1/1 369/1/1 376/1/1
f 378/2/1 307/2/1 369/2/1
f 378/1/1 369/1/1 377/1/1
f 379/2/1 307/2/1 378/2/1
f 382/5/1 381/5/1 380/5/1
f 383/5/1 382/5/1 380/5/1
f 384/5/1 383/5/1 380/5/1
f 385/5/1 384/5/1 380/5/1
f 386/5/1 385/5/1 380/5/1
f 387/5/1 386/5/1 380/5/1
f 388/5/1 387/5/1 380/5/1
f 389/5/1 388/5/1 380/5/1
f 390/5/1 389/5/1 380/5/1
f 391/5/1 389/5/1 390/5/1
f 394/5/1 393/5/1 392/5/1
f 395/5/1 393/5/1 394/5/1
f 396/5/1 393/5/1 395/5/1
f 397/5/1 393/5/1 396/5/1
f 398/5/1 393/5/1 397/5/1
f 399/5/1 393/5/1 398/5/1
f 400/5/1 393/5/1 399/5/1
f 401/5/1 393/5/1 400/5/1
f 402/5/1 393/5/1 401/5/1
f 403/5/1 393/5/1 402/5/1
f 406/5/1 405/5/1 404/5/1
f 407/5/1 405/5/1 406/5/1
f 410/5/1 409/5/1 408/5/1
f 411/5/1 409/5/1 410/5/1
f 414/5/1 413/5/1 412/5/1
f 415/5/1 413/5/1 414/5/1
f 418/5/1 417/5/1 416/5/1
f 419/5/1 417/5/1 418/5/1
f 428/5/1 421/5/1 420/5/1
f 429/5/1 421/5/1 428/5/1
f 430/5/1 423/5/1 422/5/1
f 431/5/1 423/5/1 430/5/1
f 432/5/1 425/5/1 424/5/1
f 433/5/1 425/5/1 432/5/1
f 434/5/1 427/5/1 426/5/1
f 435/5/1 427/5/1 434/5/1
f 436/5/1 428/5/1 420/5/1
f 437/5/1 421/5/1 429/5/1
f 438/5/1 430/5/1 422/5/1
f 439/5/1 423/5/1 431/5/1
f 440/5/1 432/5/1 424/5/1
f 441/5/1 425/5/1 433/5/1
f 442/5/1 434/5/1 426/5/1
f 443/5/1 427/5/1 435/5/1
f 444/5/1 436/5/1 420/5/1
f 444/5/1 437/5/1 436/5/1
f 445/5/1 421/5/1 437/5/1
f 445/5/1 437/5/1 444/5/1
f 446/5/1 438/5/1 422/5/1
f 446/5/1 439/5/1 438/5/1
f 447/5/1 423/5/1 439/5/1
f 447/5/1 439/5/1 446/5/1
f 448/5/1 440/5/1 424/5/1
f 448/5/1 441/5/1 440/5/1
f 449/5/1 425/5/1 441/5/1
f 449/5/1 441/5/1 448/5/1
f 450/5/1 443/5/1 442/5/1
f 450/5/1 442/5/1 426/5/1
f 451/5/1 427/5/1 443/5/1
f 451/5/1 443/5/1 450/5/1
f 460/5/1 453/5/1 452/5/1
f 461/5/1 453/5/1 460/5/1
f 462/5/1 455/5/1 454/5/1
f 463/5/1 455/5/1 462/5/1
f 464/5/1 457/5/1 456/5/1
f 465/5/1 457/5/1 464/5/1
f 466/5/1 459/5/1 458/5/1
f 467/5/1 459/5/1 466/5/1
f 468/5/1 460/5/1 452/5/1
f 469/5/1 453/5/1 461/5/1
f 470/5/1 462/5/1 454/5/1
f 471/5/1 455/5/1 463/5/1
f 472/5/1 464/5/1 456/5/1
f 473/5/1 457/5/1 465/5/1
f 474/5/1 466/5/1 458/5/1
f 475/5/1 459/5/1 467/5/1
f 476/5/1 468/5/1 452/5/1
f 476/5/1 469/5/1 468/5/1
f 477/5/1 453/5/1 469/5/1
f 477/5/1 469/5/1 476/5/1
f 478/5/1 470/5/1 454/5/1
f 478/5/1 471/5/1 470/5/1
f 479/5/1 455/5/1 471/5/1
f 479/5/1 471/5/1 478/5/1
f 480/5/1 472/5/1 456/5/1
f 480/5/1 473/5/1 472/5/1
f 481/5/1 457/5/1 473/5/1
f 481/5/1 473/5/1 480/5/1
f 482/5/1 475/5/1 474/5/1
f 482/5/1 474/5/1 458/5/1
f 483/5/1 459/5/1 475/5/1
f 483/5/1 475/5/1 482/5/1
f 488/5/1 485/5/1 484/5/1
f 489/5/1 485/5/1 488/5/1
f 490/5/1 487/5/1 486/5/1
f 491/5/1 487/5/1 490/5/1
f 500/4/1 493/4/1 492/4/1
f 501/4/1 493/4/1 500/4/1
f 502/4/1 495/4/1 494/4/1
f 503/4/1 495/4/1 502/4/1
f 504/4/1 497/4/1 496/4/1
f 505/4/1 497/4/1 504/4/1
f 506/4/1 499/4/1 498/4/1
f 507/4/1 499/4/1 506/4/1
f 516/4/1 509/4/1 508/4/1
f 517/4/1 509/4/1 516/4/1
f 518/4/1 511/4/1 510/4/1
f 519/4/1 511/4/1 518/4/1
f 520/4/1 513/4/1 512/4/1
f 521/4/1 513/4/1 520/4/1
f 522/4/1 515/4/1 514/4/1
f 523/4/1 515/4/1 522/4/1
f 524/5/1 488/5/1 484/5/1
f 525/5/1 488/5/1 524/5/1
f 526/5/1 488/5/1 525/5/1
f 527/5/1 487/5/1 491/5/1
f 528/5/1 487/5/1 527/5/1
f 529/5/1 487/5/1 528/5/1
f 532/5/1 531/5/1 530/5/1
f 533/5/1 531/5/1 532/5/1
f 546/1/1 535/1/1 534/1/1
f 547/2/1 536/2/1 535/2/1
f 547/1/1 535/1/1 546/1/1
f 548/1/1 537/1/1 536/1/1
f 548/2/1 536/2/1 547/2/1
f 549/2/1 538/2/1 537/2/1
f 549/1/1 537/1/1 548/1/1
f 550/1/1 539/1/1 538/1/1
f 550/2/1 538/2/1 549/2/1
f 551/1/1 539/1/1 550/1/1
f 552/1/1 541/1/1 540/1/1
f 553/2/1 542/2/1 541/2/1
f 553/1/1 541/1/1 552/1/1
f 554/1/1 543/1/1 542/1/1
f 554/2/1 542/2/1 553/2/1
f 555/2/1 544/2/1 543/2/1
f 555/1/1 543/1/1 554/1/1
f 556/1/1 545/1/1 544/1/1
f 556/2/1 544/2/1 555/2/1
f 557/1/1 545/1/1 556/1/1
f 558/2/1 547/2/1 546/2/1
f 558/2/1 548/2/1 547/2/1
f 558/2/1 549/2/1 548/2/1
f 558/2/1 551/2/1 550/2/1
f 558/2/1 550/2/1 549/2/1
f 559/2/1 551/2/1 558/2/1
f 560/2/1 551/2/1 559/2/1
f 561/2/1 551/2/1 560/2/1
f 562/2/1 551/2/1 561/2/1
f 563/2/1 551/2/1 562/2/1
f 564/2/1 555/2/1 554/2/1
f 564/2/1 557/2/1 556/2/1
f 564/2/1 556/2/1 555/2/1
f 564/2/1 554/2/1 553/2/1
f 564/2/1 553/2/1 552/2/1
f 565/2/1 557/2/1 564/2/1
f 566/2/1 557/2/1 565/2/1
f 567/2/1 557/2/1 566/2/1
f 568/1/1 559/1/1 558/1/1
f 569/2/1 560/2/1 559/2/1
f 569/1/1 559/1/1 568/1/1
f 570/1/1 561/1/1 560/1/1
f 570/2/1 560/2/1 569/2/1
f 571/1/1 561/1/1 570/1/1
f 572/1/1 561/1/1 571/1/1
f 573/1/1 561/1/1 572/1/1
f 574/2/1 562/2/1 561/2/1
f 574/1/1 561/1/1 573/1/1
f 575/1/1 563/1/1 562/1/1
f 575/2/1 562/2/1 574/2/1
f 576/1/1 563/1/1 575/1/1
f 577/1/1 565/1/1 564/1/1
f 578/1/1 565/1/1 577/1/1
f 579/1/1 565/1/1 578/1/1
f 580/2/1 566/2/1 565/2/1
f 580/1/1 565/1/1 579/1/1
f 581/1/1 567/1/1 566/1/1
f 581/2/1 566/2/1 580/2/1
f 582/1/1 567/1/1 581/1/1
f 583/1/1 567/1/1 582/1/1
f 584/1/1 567/1/1 583/1/1
f 585/2/1 569/2/1 568/2/1
f 585/2/1 570/2/1 569/2/1
f 585/2/1 571/2/1 570/2/1
f 586/2/1 571/2/1 585/2/1
f 587/2/1 573/2/1 572/2/1
f 588/2/1 573/2/1 587/2/1
f 589/2/1 573/2/1 588/2/1
f 590/2/1 573/2/1 589/2/1
f 591/2/1 576/2/1 575/2/1
f 591/2/1 575/2/1 574/2/1
f 592/2/1 576/2/1 591/2/1
f 593/2/1 576/2/1 592/2/1
f 594/2/1 576/2/1 593/2/1
f 595/2/1 578/2/1 577/2/1
f 596/2/1 578/2/1 595/2/1
f 597/2/1 578/2/1 596/2/1
f 598/2/1 578/2/1 597/2/1
f 599/2/1 582/2/1 581/2/1
f 599/2/1 580/2/1 579/2/1
f 599/2/1 581/2/1 580/2/1
f 600/2/1 582/2/1 599/2/1
f 601/2/1 584/2/1 583/2/1
f 602/2/1 584/2/1 601/2/1
f 603/2/1 584/2/1 602/2/1
f 604/2/1 584/2/1 603/2/1
f 605/1/1 586/1/1 585/1/1
f 606/1/1 586/1/1 605/1/1
f 607/1/1 588/1/1 587/1/1
f 608/2/1 589/2/1 588/2/1
f 608/1/1 588/1/1 607/1/1
f 609/1/1 590/1/1 589/1/1
f 609/2/1 589/2/1 608/2/1
f 610/1/1 590/1/1 609/1/1
f 611/1/1 592/1/1 591/1/1
f 612/2/1 593/2/1 592/2/1
f 612/1/1 592/1/1 611/1/1
f 613/1/1 594/1/1 593/1/1
f 613/2/1 593/2/1 612/2/1
f 614/1/1 594/1/1 613/1/1
f 615/1/1 596/1/1 595/1/1
f 616/2/1 597/2/1 596/2/1
f 616/1/1 596/1/1 615/1/1
f 617/1/1 598/1/1 597/1/1
f 617/2/1 597/2/1 616/2/1
f 618/1/1 598/1/1 617/1/1
f 619/1/1 600/1/1 599/1/1
f 620/1/1 600/1/1 619/1/1
f 621/1/1 602/1/1 601/1/1
f 622/2/1 603/2/1 602/2/1
f 622/1/1 602/1/1 621/1/1
f 623/1/1 604/1/1 603/1/1
f 623/2/1 603/2/1 622/2/1
f 624/1/1 604/1/1 623/1/1
f 625/2/1 606/2/1 605/2/1
f 626/2/1 606/2/1 625/2/1
f 627/2/1 608/2/1 607/2/1
f 627/2/1 610/2/1 609/2/1
f 627/2/1 609/2/1 608/2/1
f 628/2/1 610/2/1 627/2/1
f 629/2/1 614/2/1 613/2/1
f 629/2/1 612/2/1 611/2/1
f 629/2/1 613/2/1 612/2/1
f 630/2/1 614/2/1 629/2/1
f 631/2/1 618/2/1 617/2/1
f 631/2/1 616/2/1 615/2/1
f 631/2/1 617/2/1 616/2/1
f 632/2/1 618/2/1 631/2/1
f 633/2/1 620/2/1 619/2/1
f 634/2/1 620/2/1 633/2/1
f 635/2/1 620/2/1 634/2/1
f 636/2/1 620/2/1 635/2/1
f 637/2/1 622/2/1 621/2/1
f 637/2/1 624/2/1 623/2/1
f 637/2/1 623/2/1 622/2/1
f 638/2/1 624/2/1 637/2/1
f 639/1/1 626/1/1 625/1/1
f 640/1/1 626/1/1 639/1/1
f 641/1/1 628/1/1 627/1/1
f 642/1/1 628/1/1 641/1/1
f 643/1/1 630/1/1 629/1/1
f 644/1/1 630/1/1 643/1/1
f 645/1/1 632/1/1 631/1/1
f 646/1/1 632/1/1 645/1/1
f 647/1/1 634/1/1 633/1/1
f 648/2/1 635/2/1 634/2/1
f 648/1/1 634/1/1 647/1/1
f 649/1/1 636/1/1 635/1/1
f 649/2/1 635/2/1 648/2/1
f 650/1/1 636/1/1 649/1/1
f 651/1/1 638/1/1 637/1/1
f 652/1/1 638/1/1 651/1/1
f 653/2/1 640/2/1 639/2/1
f 654/2/1 640/2/1 653/2/1
f 655/2/1 642/2/1 641/2/1
f 656/2/1 642/2/1 655/2/1
f 657/2/1 642/2/1 656/2/1
f 658/2/1 642/2/1 657/2/1
f 659/2/1 644/2/1 643/2/1
f 660/2/1 644/2/1 659/2/1
f 661/2/1 646/2/1 645/2/1
f 662/2/1 646/2/1 661/2/1
f 663/2/1 646/2/1 662/2/1
f 664/2/1 646/2/1 663/2/1
f 665/2/1 648/2/1 647/2/1
f 665/2/1 650/2/1 649/2/1
f 665/2/1 649/2/1 648/2/1
f 666/2/1 650/2/1 665/2/1
f 667/2/1 652/2/1 651/2/1
f 668/2/1 652/2/1 667/2/1
f 669/1/1 654/1/1 653/1/1
f 670/1/1 654/1/1 669/1/1
f 671/1/1 656/1/1 655/1/1
f 672/2/1 657/2/1 656/2/1
f 672/1/1 656/1/1 671/1/1
f 673/1/1 658/1/1 657/1/1
f 673/2/1 657/2/1 672/2/1
f 674/1/1 658/1/1 673/1/1
f 675/1/1 660/1/1 659/1/1
f 676/1/1 660/1/1 675/1/1
f 677/1/1 662/1/1 661/1/1
f 678/2/1 663/2/1 662/2/1
f 678/1/1 662/1/1 677/1/1
f 679/1/1 664/1/1 663/1/1
f 679/2/1 663/2/1 678/2/1
f 680/1/1 664/1/1 679/1/1
f 681/1/1 666/1/1 665/1/1
f 682/1/1 666/1/1 681/1/1
f 683/2/1 667/2/1 651/2/1
f 683/1/1 668/1/1 667/1/1
f 684/1/1 668/1/1 683/1/1
f 685/2/1 670/2/1 669/2/1
f 686/2/1 670/2/1 685/2/1
f 687/2/1 672/2/1 671/2/1
f 687/2/1 674/2/1 673/2/1
f 687/2/1 673/2/1 672/2/1
f 688/2/1 674/2/1 687/2/1
f 689/2/1 676/2/1 675/2/1
f 690/2/1 676/2/1 689/2/1
f 691/2/1 678/2/1 677/2/1
f 691/2/1 680/2/1 679/2/1
f 691/2/1 679/2/1 678/2/1
f 692/2/1 680/2/1 691/2/1
f 693/2/1 682/2/1 681/2/1
f 694/2/1 682/2/1 693/2/1
f 695/2/1 682/2/1 694/2/1
f 696/2/1 682/2/1 695/2/1
f 697/2/1 684/2/1 683/2/1
f 697/2/1 683/2/1 651/2/1
f 698/2/1 684/2/1 697/2/1
f 699/1/1 686/1/1 685/1/1
f 700/1/1 686/1/1 699/1/1
f 701/1/1 688/1/1 687/1/1
f 702/1/1 688/1/1 701/1/1
f 703/1/1 690/1/1 689/1/1
f 704/1/1 690/1/1 703/1/1
f 705/1/1 692/1/1 691/1/1
f 706/1/1 692/1/1 705/1/1
f 707/1/1 694/1/1 693/1/1
f 708/2/1 695/2/1 694/2/1
f 708/1/1 694/1/1 707/1/1
f 709/1/1 696/1/1 695/1/1
f 709/2/1 695/2/1 708/2/1
f 710/1/1 696/1/1 709/1/1
f 711/1/1 698/1/1 697/1/1
f 712/1/1 698/1/1 711/1/1
f 713/2/1 700/2/1 699/2/1
f 714/2/1 700/2/1 713/2/1
f 715/2/1 702/2/1 701/2/1
f 716/2/1 702/2/1 715/2/1
f 719/2/1 704/2/1 703/2/1
f 720/2/1 704/2/1 719/2/1
f 721/2/1 706/2/1 705/2/1
f 722/2/1 706/2/1 721/2/1
f 723/2/1 706/2/1 722/2/1
f 724/2/1 706/2/1 723/2/1
f 725/2/1 708/2/1 707/2/1
f 725/2/1 710/2/1 709/2/1
f 725/2/1 709/2/1 708/2/1
f 726/2/1 710/2/1 725/2/1
f 729/2/1 712/2/1 711/2/1
f 730/2/1 712/2/1 729/2/1
f 731/1/1 720/1/1 719/1/1
f 731/1/1 719/1/1 718/1/1
f 732/1/1 722/1/1 721/1/1
f 733/1/1 731/1/1 718/1/1
f 736/1/1 722/1/1 732/1/1
f 737/1/1 714/1/1 713/1/1
f 737/1/1 715/1/1 714/1/1
f 737/1/1 716/1/1 715/1/1
f 737/1/1 717/1/1 716/1/1
f 738/2/1 718/2/1 717/2/1
f 738/1/1 717/1/1 737/1/1
f 739/1/1 734/1/1 733/1/1
f 739/2/1 718/2/1 738/2/1
f 739/1/1 733/1/1 718/1/1
f 740/1/1 734/1/1 739/1/1
f 741/1/1 736/1/1 735/1/1
f 742/2/1 723/2/1 722/2/1
f 742/1/1 736/1/1 741/1/1
f 742/1/1 722/1/1 736/1/1
f 743/1/1 724/1/1 723/1/1
f 743/2/1 723/2/1 742/2/1
f 743/1/1 725/1/1 724/1/1
f 743/1/1 726/1/1 725/1/1
f 743/1/1 727/1/1 726/1/1
f 744/2/1 728/2/1 727/2/1
f 744/1/1 727/1/1 743/1/1
f 745/1/1 730/1/1 729/1/1
f 745/2/1 728/2/1 744/2/1
f 745/1/1 729/1/1 728/1/1
f 746/1/1 730/1/1 745/1/1
f 747/2/1 740/2/1 739/2/1
f 747/2/1 738/2/1 737/2/1
f 747/2/1 739/2/1 738/2/1
f 748/2/1 740/2/1 747/2/1
f 749/2/1 740/2/1 748/2/1
f 750/2/1 740/2/1 749/2/1
f 753/2/1 742/2/1 741/2/1
f 753/2/1 746/2/1 745/2/1
f 753/2/1 743/2/1 742/2/1
f 753/2/1 745/2/1 744/2/1
f 753/2/1 744/2/1 743/2/1
f 754/2/1 746/2/1 753/2/1
f 755/2/1 746/2/1 754/2/1
f 756/2/1 746/2/1 755/2/1
f 757/1/1 751/1/1 750/1/1
f 757/1/1 750/1/1 749/1/1
f 760/1/1 753/1/1 752/1/1
f 760/1/1 754/1/1 753/1/1
f 762/1/1 760/1/1 759/1/1
f 763/1/1 748/1/1 747/1/1
f 764/2/1 749/2/1 748/2/1
f 764/1/1 748/1/1 763/1/1
f 765/1/1 758/1/1 757/1/1
f 765/2/1 749/2/1 764/2/1
f 765/1/1 757/1/1 749/1/1
f 766/1/1 758/1/1 765/1/1
f 768/1/1 762/1/1 761/1/1
f 769/1/1 760/1/1 762/1/1
f 769/1/1 762/1/1 768/1/1
f 769/2/1 755/2/1 754/2/1
f 769/1/1 754/1/1 760/1/1
f 770/1/1 756/1/1 755/1/1
f 770/2/1 755/2/1 769/2/1
f 771/1/1 756/1/1 770/1/1
f 772/2/1 767/2/1 766/2/1
f 772/2/1 764/2/1 763/2/1
f 772/2/1 766/2/1 765/2/1
f 772/2/1 765/2/1 764/2/1
f 773/2/1 767/2/1 772/2/1
f 774/2/1 767/2/1 773/2/1
f 775/2/1 767/2/1 774/2/1
f 776/2/1 767/2/1 775/2/1
f 779/2/1 769/2/1 768/2/1
f 779/2/1 771/2/1 770/2/1
f 779/2/1 770/2/1 769/2/1
f 780/2/1 771/2/1 779/2/1
f 781/2/1 771/2/1 780/2/1
f 782/2/1 771/2/1 781/2/1
f 783/2/1 771/2/1 782/2/1
f 784/2/1 771/2/1 783/2/1
f 785/1/1 777/1/1 776/1/1
f 788/1/1 779/1/1 778/1/1
f 788/1/1 780/1/1 779/1/1
f 789/1/1 773/1/1 772/1/1
f 790/2/1 774/2/1 773/2/1
f 790/1/1 773/1/1 789/1/1
f 791/1/1 775/1/1 774/1/1
f 791/2/1 774/2/1 790/2/1
f 792/2/1 776/2/1 775/2/1
f 792/1/1 775/1/1 791/1/1
f 793/1/1 786/1/1 785/1/1
f 793/2/1 776/2/1 792/2/1
f 793/1/1 785/1/1 776/1/1
f 794/1/1 786/1/1 793/1/1
f 795/1/1 788/1/1 787/1/1
f 796/1/1 780/1/1 788/1/1
f 796/1/1 788/1/1 795/1/1
f 796/2/1 781/2/1 780/2/1
f 797/1/1 782/1/1 781/1/1
f 797/2/1 781/2/1 796/2/1
f 798/2/1 783/2/1 782/2/1
f 798/1/1 782/1/1 797/1/1
f 799/1/1 784/1/1 783/1/1
f 799/2/1 783/2/1 798/2/1
f 800/1/1 784/1/1 799/1/1
f 801/2/1 791/2/1 790/2/1
f 801/2/1 790/2/1 789/2/1
f 801/2/1 794/2/1 793/2/1
f 801/2/1 792/2/1 791/2/1
f 801/2/1 793/2/1 792/2/1
f 802/2/1 794/2/1 801/2/1
f 803/2/1 794/2/1 802/2/1
f 804/2/1 794/2/1 803/2/1
f 805/2/1 794/2/1 804/2/1
f 806/2/1 794/2/1 805/2/1
f 809/2/1 800/2/1 799/2/1
f 809/2/1 799/2/1 798/2/1
f 809/2/1 798/2/1 797/2/1
f 809/2/1 796/2/1 795/2/1
f 809/2/1 797/2/1 796/2/1
f 810/2/1 800/2/1 809/2/1
f 811/2/1 800/2/1 810/2/1
f 812/2/1 800/2/1 811/2/1
f 813/2/1 800/2/1 812/2/1
f 814/2/1 800/2/1 813/2/1
f 815/1/1 807/1/1 806/1/1
f 815/1/1 806/1/1 805/1/1
f 818/1/1 809/1/1 808/1/1
f 818/1/1 810/1/1 809/1/1
f 819/1/1 802/1/1 801/1/1
f 820/2/1 803/2/1 802/2/1
f 820/1/1 802/1/1 819/1/1
f 821/1/1 804/1/1 803/1/1
f 821/2/1 803/2/1 820/2/1
f 822/2/1 805/2/1 804/2/1
f 822/1/1 804/1/1 821/1/1
f 823/1/1 816/1/1 815/1/1
f 823/2/1 805/2/1 822/2/1
f 823/1/1 815/1/1 805/1/1
f 824/1/1 816/1/1 823/1/1
f 827/1/1 818/1/1 817/1/1
f 828/1/1 810/1/1 818/1/1
f 828/2/1 811/2/1 810/2/1
f 828/1/1 818/1/1 827/1/1
f 829/1/1 812/1/1 811/1/1
f 829/2/1 811/2/1 828/2/1
f 830/2/1 813/2/1 812/2/1
f 830/1/1 812/1/1 829/1/1
f 831/1/1 814/1/1 813/1/1
f 831/2/1 813/2/1 830/2/1
f 832/1/1 814/1/1 831/1/1
f 833/2/1 821/2/1 820/2/1
f 833/2/1 820/2/1 819/2/1
f 833/2/1 825/2/1 824/2/1
f 833/2/1 822/2/1 821/2/1
f 833/2/1 824/2/1 823/2/1
f 833/2/1 823/2/1 822/2/1
f 834/2/1 825/2/1 833/2/1
f 835/2/1 825/2/1 834/2/1
f 836/2/1 825/2/1 835/2/1
f 837/2/1 825/2/1 836/2/1
f 838/2/1 825/2/1 837/2/1
f 841/2/1 830/2/1 829/2/1
f 841/2/1 832/2/1 831/2/1
f 841/2/1 831/2/1 830/2/1
f 841/2/1 827/2/1 826/2/1
f 841/2/1 828/2/1 827/2/1
f 841/2/1 829/2/1 828/2/1
f 842/2/1 832/2/1 841/2/1
f 843/2/1 832/2/1 842/2/1
f 844/2/1 832/2/1 843/2/1
f 845/2/1 832/2/1 844/2/1
f 846/2/1 832/2/1 845/2/1
f 847/1/1 834/1/1 833/1/1
f 848/1/1 834/1/1 847/1/1
f 849/1/1 834/1/1 848/1/1
f 850/2/1 835/2/1 834/2/1
f 850/1/1 834/1/1 849/1/1
f 851/1/1 836/1/1 835/1/1
f 851/2/1 835/2/1 850/2/1
f 852/1/1 836/1/1 851/1/1
f 853/1/1 839/1/1 838/1/1
f 853/1/1 838/1/1 837/1/1
f 856/1/1 841/1/1 840/1/1
f 856/1/1 842/1/1 841/1/1
f 857/1/1 844/1/1 843/1/1
f 858/1/1 844/1/1 857/1/1
f 859/1/1 844/1/1 858/1/1
f 860/2/1 845/2/1 844/2/1
f 860/1/1 844/1/1 859/1/1
f 861/1/1 846/1/1 845/1/1
f 861/2/1 845/2/1 860/2/1
f 862/1/1 846/1/1 861/1/1
f 863/1/1 847/1/1 833/1/1
f 864/1/1 847/1/1 863/1/1
f 865/1/1 849/1/1 848/1/1
f 866/1/1 849/1/1 865/1/1
f 867/1/1 836/1/1 852/1/1
f 868/2/1 837/2/1 836/2/1
f 868/1/1 836/1/1 867/1/1
f 869/1/1 854/1/1 853/1/1
f 869/2/1 837/2/1 868/2/1
f 869/1/1 853/1/1 837/1/1
f 870/1/1 854/1/1 869/1/1
f 873/1/1 856/1/1 855/1/1
f 874/2/1 843/2/1 842/2/1
f 874/1/1 842/1/1 856/1/1
f 874/1/1 856/1/1 873/1/1
f 875/1/1 857/1/1 843/1/1
f 875/2/1 843/2/1 874/2/1
f 876/1/1 857/1/1 875/1/1
f 877/1/1 859/1/1 858/1/1
f 878/1/1 859/1/1 877/1/1
f 879/1/1 846/1/1 862/1/1
f 880/1/1 846/1/1 879/1/1
f 881/2/1 864/2/1 863/2/1
f 882/2/1 864/2/1 881/2/1
f 883/2/1 866/2/1 865/2/1
f 884/2/1 866/2/1 883/2/1
f 885/2/1 868/2/1 867/2/1
f 885/2/1 871/2/1 870/2/1
f 885/2/1 869/2/1 868/2/1
f 885/2/1 870/2/1 869/2/1
f 886/2/1 871/2/1 885/2/1
f 887/2/1 874/2/1 873/2/1
f 887/2/1 873/2/1 872/2/1
f 887/2/1 876/2/1 875/2/1
f 887/2/1 875/2/1 874/2/1
f 888/2/1 876/2/1 887/2/1
f 889/2/1 876/2/1 888/2/1
f 890/2/1 876/2/1 889/2/1
f 891/2/1 878/2/1 877/2/1
f 892/2/1 878/2/1 891/2/1
f 893/2/1 878/2/1 892/2/1
f 894/2/1 878/2/1 893/2/1
f 895/2/1 880/2/1 879/2/1
f 896/2/1 880/2/1 895/2/1
f 897/1/1 886/1/1 885/1/1
f 900/1/1 888/1/1 887/1/1
f 901/1/1 882/1/1 881/1/1
f 902/1/1 882/1/1 901/1/1
f 903/1/1 884/1/1 883/1/1
f 904/1/1 884/1/1 903/1/1
f 905/1/1 898/1/1 897/1/1
f 905/1/1 897/1/1 885/1/1
f 906/1/1 898/1/1 905/1/1
f 907/1/1 900/1/1 899/1/1
f 908/2/1 889/2/1 888/2/1
f 908/1/1 888/1/1 900/1/1
f 908/1/1 900/1/1 907/1/1
f 909/1/1 890/1/1 889/1/1
f 909/2/1 889/2/1 908/2/1
f 910/1/1 890/1/1 909/1/1
f 911/1/1 892/1/1 891/1/1
f 912/2/1 893/2/1 892/2/1
f 912/1/1 892/1/1 911/1/1
f 913/1/1 894/1/1 893/1/1
f 913/2/1 893/2/1 912/2/1
f 914/1/1 894/1/1 913/1/1
f 915/1/1 896/1/1 895/1/1
f 916/1/1 896/1/1 915/1/1
f 917/2/1 902/2/1 901/2/1
f 918/2/1 902/2/1 917/2/1
f 919/2/1 904/2/1 903/2/1
f 920/2/1 904/2/1 919/2/1
f 921/2/1 904/2/1 920/2/1
f 922/2/1 904/2/1 921/2/1
f 923/2/1 906/2/1 905/2/1
f 923/2/1 908/2/1 907/2/1
f 923/2/1 907/2/1 906/2/1
f 923/2/1 910/2/1 909/2/1
f 923/2/1 909/2/1 908/2/1
f 924/2/1 910/2/1 923/2/1
f 925/2/1 910/2/1 924/2/1
f 926/2/1 910/2/1 925/2/1
f 927/2/1 910/2/1 926/2/1
f 928/2/1 910/2/1 927/2/1
f 929/2/1 912/2/1 911/2/1
f 929/2/1 914/2/1 913/2/1
f 929/2/1 913/2/1 912/2/1
f 930/2/1 914/2/1 929/2/1
f 931/2/1 916/2/1 915/2/1
f 932/2/1 916/2/1 931/2/1
f 933/1/1 918/1/1 917/1/1
f 934/1/1 918/1/1 933/1/1
f 935/1/1 920/1/1 919/1/1
f 936/2/1 921/2/1 920/2/1
f 936/1/1 920/1/1 935/1/1
f 937/1/1 922/1/1 921/1/1
f 937/2/1 921/2/1 936/2/1
f 938/1/1 922/1/1 937/1/1
f 939/1/1 924/1/1 923/1/1
f 940/2/1 925/2/1 924/2/1
f 940/1/1 924/1/1 939/1/1
f 941/1/1 926/1/1 925/1/1
f 941/2/1 925/2/1 940/2/1
f 942/2/1 927/2/1 926/2/1
f 942/1/1 926/1/1 941/1/1
f 943/1/1 928/1/1 927/1/1
f 943/2/1 927/2/1 942/2/1
f 944/1/1 928/1/1 943/1/1
f 945/1/1 930/1/1 929/1/1
f 946/1/1 930/1/1 945/1/1
f 947/1/1 932/1/1 931/1/1
f 948/1/1 932/1/1 947/1/1
f 949/2/1 934/2/1 933/2/1
f 950/2/1 934/2/1 949/2/1
f 951/2/1 936/2/1 935/2/1
f 951/2/1 938/2/1 937/2/1
f 951/2/1 937/2/1 936/2/1
f 952/2/1 938/2/1 951/2/1
f 953/2/1 942/2/1 941/2/1
f 953/2/1 941/2/1 940/2/1
f 953/2/1 940/2/1 939/2/1
f 953/2/1 944/2/1 943/2/1
f 953/2/1 943/2/1 942/2/1
f 954/2/1 944/2/1 953/2/1
f 955/2/1 944/2/1 954/2/1
f 956/2/1 944/2/1 955/2/1
f 957/2/1 944/2/1 956/2/1
f 958/2/1 944/2/1 957/2/1
f 959/2/1 946/2/1 945/2/1
f 960/2/1 946/2/1 959/2/1
f 961/2/1 946/2/1 960/2/1
f 962/2/1 946/2/1 961/2/1
f 963/2/1 948/2/1 947/2/1
f 964/2/1 948/2/1 963/2/1
f 965/1/1 950/1/1 949/1/1
f 966/1/1 950/1/1 965/1/1
f 967/1/1 952/1/1 951/1/1
f 968/1/1 952/1/1 967/1/1
f 969/1/1 954/1/1 953/1/1
f 970/2/1 955/2/1 954/2/1
f 970/1/1 954/1/1 969/1/1
f 971/1/1 956/1/1 955/1/1
f 971/2/1 955/2/1 970/2/1
f 972/2/1 957/2/1 956/2/1
f 972/1/1 956/1/1 971/1/1
f 973/1/1 958/1/1 957/1/1
f 973/2/1 957/2/1 972/2/1
f 974/1/1 958/1/1 973/1/1
f 975/1/1 960/1/1 959/1/1
f 976/2/1 961/2/1 960/2/1
f 976/1/1 960/1/1 975/1/1
f 977/1/1 962/1/1 961/1/1
f 977/2/1 961/2/1 976/2/1
f 978/1/1 962/1/1 977/1/1
f 979/1/1 964/1/1 963/1/1
f 980/1/1 964/1/1 979/1/1
f 981/2/1 966/2/1 965/2/1
f 982/2/1 966/2/1 981/2/1
f 983/2/1 968/2/1 967/2/1
f 984/2/1 968/2/1 983/2/1
f 985/2/1 968/2/1 984/2/1
f 986/2/1 968/2/1 985/2/1
f 987/2/1 972/2/1 971/2/1
f 987/2/1 970/2/1 969/2/1
f 987/2/1 971/2/1 970/2/1
f 987/2/1 974/2/1 973/2/1
f 987/2/1 973/2/1 972/2/1
f 988/2/1 974/2/1 987/2/1
f 989/2/1 974/2/1 988/2/1
f 990/2/1 974/2/1 989/2/1
f 991/2/1 974/2/1 990/2/1
f 992/2/1 974/2/1 991/2/1
f 993/2/1 976/2/1 975/2/1
f 993/2/1 978/2/1 977/2/1
f 993/2/1 977/2/1 976/2/1
f 994/2/1 978/2/1 993/2/1
f 995/2/1 980/2/1 979/2/1
f 996/2/1 980/2/1 995/2/1
f 997/1/1 982/1/1 981/1/1
f 998/1/1 982/1/1 997/1/1
f 999/1/1 984/1/1 983/1/1
f 1000/2/1 985/2/1 984/2/1
f 1000/1/1 984/1/1 999/1/1
f 1001/1/1 986/1/1 985/1/1
f 1001/2/1 985/2/1 1000/2/1
f 1002/1/1 986/1/1 1001/1/1
f 1003/1/1 988/1/1 987/1/1
f 1004/2/1 989/2/1 988/2/1
f 1004/1/1 988/1/1 1003/1/1
f 1005/1/1 990/1/1 989/1/1
f 1005/2/1 989/2/1 1004/2/1
f 1006/2/1 991/2/1 990/2/1
f 1006/1/1 990/1/1 1005/1/1
f 1007/1/1 992/1/1 991/1/1
f 1007/2/1 991/2/1 1006/2/1
f 1008/1/1 992/1/1 1007/1/1
f 1009/1/1 994/1/1 993/1/1
f 1010/1/1 994/1/1 1009/1/1
f 1011/1/1 996/1/1 995/1/1
f 1012/1/1 996/1/1 1011/1/1
f 1013/2/1 1000/2/1 999/2/1
f 1013/2/1 1006/2/1 1005/2/1
f 1013/2/1 1012/2/1 1011/2/1
f 1013/2/1 1011/2/1 1010/2/1
f 1013/2/1 999/2/1 998/2/1
f 1013/2/1 1009/2/1 1008/2/1
f 1013/2/1 998/2/1 997/2/1
f 1013/2/1 1007/2/1 1006/2/1
f 1013/2/1 1005/2/1 1004/2/1
f 1013/2/1 1001/2/1 1000/2/1
f 1013/2/1 1004/2/1 1003/2/1
f 1013/2/1 1008/2/1 1007/2/1
f 1013/2/1 1010/2/1 1009/2/1
f 1013/2/1 1002/2/1 1001/2/1
f 1013/2/1 1003/2/1 1002/2/1
f 1014/2/1 1012/2/1 1013/2/1
f 1015/2/1 1012/2/1 1014/2/1
f 1016/2/1 1012/2/1 1015/2/1
f 1017/2/1 1012/2/1 1016/2/1
f 1018/2/1 1012/2/1 1017/2/1
f 1019/2/1 1012/2/1 1018/2/1
f 1020/2/1 1012/2/1 1019/2/1
f 1021/2/1 1012/2/1 1020/2/1
f 1022/2/1 1012/2/1 1021/2/1
f 1023/1/1 1014/1/1 1013/1/1
f 1024/2/1 1015/2/1 1014/2/1
f 1024/1/1 1014/1/1 1023/1/1
f 1025/1/1 1016/1/1 1015/1/1
f 1025/2/1 1015/2/1 1024/2/1
f 1026/2/1 1017/2/1 1016/2/1
f 1026/1/1 1016/1/1 1025/1/1
f 1027/1/1 1018/1/1 1017/1/1
f 1027/2/1 1017/2/1 1026/2/1
f 1028/2/1 1019/2/1 1018/2/1
f 1028/1/1 1018/1/1 1027/1/1
f 1029/1/1 1020/1/1 1019/1/1
f 1029/2/1 1019/2/1 1028/2/1
f 1030/2/1 1021/2/1 1020/2/1
f 1030/1/1 1020/1/1 1029/1/1
f 1031/1/1 1022/1/1 1021/1/1
f 1031/2/1 1021/2/1 1030/2/1
f 1032/1/1 1022/1/1 1031/1/1
f 1033/2/1 1024/2/1 1023/2/1
f 1033/2/1 1025/2/1 1024/2/1
f 1033/2/1 1032/2/1 1031/2/1
f 1033/2/1 1031/2/1 1030/2/1
f 1033/2/1 1030/2/1 1029/2/1
f 1033/2/1 1029/2/1 1028/2/1
f 1033/2/1 1028/2/1 1027/2/1
f 1033/2/1 1027/2/1 1026/2/1
f 1033/2/1 1026/2/1 1025/2/1
f 1034/2/1 1032/2/1 1033/2/1
f 1035/2/1 1032/2/1 1034/2/1
f 1036/2/1 1032/2/1 1035/2/1
f 1037/2/1 1032/2/1 1036/2/1
f 1038/2/1 1032/2/1 1037/2/1
f 1039/2/1 1032/2/1 1038/2/1
f 1040/2/1 1032/2/1 1039/2/1
f 1041/2/1 1032/2/1 1040/2/1
f 1042/2/1 1032/2/1 1041/2/1
f 1043/1/1 1034/1/1 1033/1/1
f 1044/2/1 1035/2/1 1034/2/1
f 1044/1/1 1034/1/1 1043/1/1
f 1045/1/1 1036/1/1 1035/1/1
f 1045/2/1 1035/2/1 1044/2/1
f 1046/2/1 1037/2/1 1036/2/1
f 1046/1/1 1036/1/1 1045/1/1
f 1047/1/1 1038/1/1 1037/1/1
f 1047/2/1 1037/2/1 1046/2/1
f 1048/2/1 1039/2/1 1038/2/1
f 1048/1/1 1038/1/1 1047/1/1
f 1049/1/1 1040/1/1 1039/1/1
f 1049/2/1 1039/2/1 1048/2/1
f 1050/2/1 1041/2/1 1040/2/1
f 1050/1/1 1040/1/1 1049/1/1
f 1051/1/1 1042/1/1 1041/1/1
f 1051/2/1 1041/2/1 1050/2/1
f 1052/1/1 1042/1/1 1051/1/1
f 1053/2/1 1044/2/1 1043/2/1
f 1053/2/1 1045/2/1 1044/2/1
f 1053/2/1 1052/2/1 1051/2/1
f 1053/2/1 1051/2/1 1050/2/1
f 1053/2/1 1050/2/1 1049/2/1
f 1053/2/1 1049/2/1 1048/2/1
f 1053/2/1 1048/2/1 1047/2/1
f 1053/2/1 1047/2/1 1046/2/1
f 1053/2/1 1046/2/1 1045/2/1
f 1054/2/1 1052/2/1 1053/2/1
f 1055/2/1 1052/2/1 1054/2/1
f 1056/2/1 1052/2/1 1055/2/1
f 1057/2/1 1052/2/1 1056/2/1
f 1058/2/1 1052/2/1 1057/2/1
f 1059/2/1 1052/2/1 1058/2/1
f 1060/2/1 1052/2/1 1059/2/1
f 1061/2/1 1052/2/1 1060/2/1
f 1062/2/1 1052/2/1 1061/2/1
f 1063/1/1 1054/1/1 1053/1/1
f 1064/2/1 1055/2/1 1054/2/1
f 1064/1/1 1054/1/1 1063/1/1
f 1065/1/1 1056/1/1 1055/1/1
f 1065/2/1 1055/2/1 1064/2/1
f 1066/2/1 1057/2/1 1056/2/1
f 1066/1/1 1056/1/1 1065/1/1
f 1067/1/1 1058/1/1 1057/1/1
f 1067/2/1 1057/2/1 1066/2/1
f 1068/2/1 1059/2/1 1058/2/1
f 1068/1/1 1058/1/1 1067/1/1
f 1069/1/1 1060/1/1 1059/1/1
f 1069/2/1 1059/2/1 1068/2/1
f 1070/2/1 1061/2/1 1060/2/1
f 1070/1/1 1060/1/1 1069/1/1
f 1071/1/1 1062/1/1 1061/1/1
f 1071/2/1 1061/2/1 1070/2/1
f 1072/1/1 1062/1/1 1071/1/1
f 1076/4/1 1074/4/1 1073/4/1
f 1077/4/1 1074/4/1 1076/4/1
f 1079/5/1 1076/5/1 1075/5/1
f 1080/4/1 1077/4/1 1076/4/1
f 1080/5/1 1076/5/1 1079/5/1
f 1081/5/1 1078/5/1 1077/5/1
f 1081/4/1 1077/4/1 1080/4/1
f 1082/5/1 1078/5/1 1081/5/1
f 1087/5/1 1084/5/1 1083/5/1
f 1088/4/1 1085/4/1 1084/4/1
f 1088/5/1 1084/5/1 1087/5/1
f 1089/5/1 1086/5/1 1085/5/1
f 1089/4/1 1085/4/1 1088/4/1
f 1090/5/1 1086/5/1 1089/5/1
f 1093/3/1 1092/3/1 1091/3/1
f 1094/3/1 1092/3/1 1093/3/1
f 1097/3/1 1096/3/1 1095/3/1
f 1098/3/1 1096/3/1 1097/3/1
f 1105/5/1 1100/5/1 1099/5/1
f 1106/4/1 1101/4/1 1100/4/1
f 1106/5/1 1100/5/1 1105/5/1
f 1107/4/1 1101/4/1 1106/4/1
f 1108/4/1 1103/4/1 1102/4/1
f 1109/5/1 1104/5/1 1103/5/1
f 1109/4/1 1103/4/1 1108/4/1
f 1110/5/1 1104/5/1 1109/5/1
f 1117/5/1 1112/5/1 1111/5/1
f 1118/4/1 1113/4/1 1112/4/1
f 1118/5/1 1112/5/1 1117/5/1
f 1119/4/1 1113/4/1 1118/4/1
f 1120/4/1 1115/4/1 1114/4/1
f 1121/5/1 1116/5/1 1115/5/1
f 1121/4/1 1115/4/1 1120/4/1
f 1122/5/1 1116/5/1 1121/5/1
f 1127/5/1 1124/5/1 1123/5/1
f 1128/5/1 1126/5/1 1125/5/1
f 1129/5/1 1127/5/1 1123/5/1
f 1130/5/1 1126/5/1 1128/5/1
f 1131/5/1 1129/5/1 1123/5/1
f 1132/5/1 1126/5/1 1130/5/1
f 1133/5/1 1131/5/1 1123/5/1
f 1134/5/1 1126/5/1 1132/5/1
f 1135/5/1 1133/5/1 1123/5/1
f 1136/5/1 1126/5/1 1134/5/1
f 1137/5/1 1135/5/1 1123/5/1
f 1138/5/1 1126/5/1 1136/5/1
f 1139/5/1 1137/5/1 1123/5/1
f 1140/5/1 1126/5/1 1138/5/1
f 1141/5/1 1139/5/1 1123/5/1
f 1142/5/1 1126/5/1 1140/5/1
f 1143/5/1 1141/5/1 1123/5/1
f 1144/5/1 1141/5/1 1143/5/1
f 1145/5/1 1126/5/1 1142/5/1
f 1146/5/1 1126/5/1 1145/5/1
f 1151/5/1 1148/5/1 1147/5/1
f 1152/5/1 1150/5/1 1149/5/1
f 1153/5/1 1151/5/1 1147/5/1
f 1154/5/1 1153/5/1 1147/5/1
f 1155/5/1 1154/5/1 1147/5/1
f 1156/5/1 1150/5/1 1152/5/1
f 1157/5/1 1155/5/1 1147/5/1
f 1158/5/1 1150/5/1 1156/5/1
f 1159/5/1 1157/5/1 1147/5/1
f 1160/5/1 1150/5/1 1158/5/1
f 1161/5/1 1159/5/1 1147/5/1
f 1162/5/1 1150/5/1 1160/5/1
f 1163/5/1 1161/5/1 1147/5/1
f 1164/5/1 1150/5/1 1162/5/1
f 1165/5/1 1163/5/1 1147/5/1
f 1166/5/1 1163/5/1 1165/5/1
f 1167/5/1 1150/5/1 1164/5/1
f 1168/5/1 1150/5/1 1167/5/1
f 1175/5/1 1170/5/1 1169/5/1
f 1176/4/1 1171/4/1 1170/4/1
f 1176/5/1 1170/5/1 1175/5/1
f 1177/4/1 1171/4/1 1176/4/1
f 1178/4/1 1173/4/1 1172/4/1
f 1179/5/1 1174/5/1 1173/5/1
f 1179/4/1 1173/4/1 1178/4/1
f 1180/5/1 1174/5/1 1179/5/1
f 1187/5/1 1182/5/1 1181/5/1
f 1188/4/1 1183/4/1 1182/4/1
f 1188/5/1 1182/5/1 1187/5/1
f 1189/4/1 1183/4/1 1188/4/1
f 1190/4/1 1185/4/1 1184/4/1
f 1191/5/1 1186/5/1 1185/5/1
f 1191/4/1 1185/4/1 1190/4/1
f 1192/5/1 1186/5/1 1191/5/1
f 1199/5/1 1194/5/1 1193/5/1
f 1200/4/1 1195/4/1 1194/4/1
f 1200/5/1 1194/5/1 1199/5/1
f 1201/4/1 1195/4/1 1200/4/1
f 1202/4/1 1197/4/1 1196/4/1
f 1203/5/1 1198/5/1 1197/5/1
f 1203/4/1 1197/4/1 1202/4/1
f 1204/5/1 1198/5/1 1203/5/1
f 1207/3/1 1206/3/1 1205/3/1
f 1208/3/1 1206/3/1 1207/3/1
f 1215/5/1 1210/5/1 1209/5/1
f 1216/4/1 1211/4/1 1210/4/1
f 1216/5/1 1210/5/1 1215/5/1
f 1217/4/1 1211/4/1 1216/4/1
f 1218/4/1 1213/4/1 1212/4/1
f 1219/5/1 1214/5/1 1213/5/1
f 1219/4/1 1213/4/1 1218/4/1
f 1220/5/1 1214/5/1 1219/5/1
f 1225/5/1 1222/5/1 1221/5/1
f 1226/5/1 1222/5/1 1225/5/1
f 1227/5/1 1224/5/1 1223/5/1
f 1228/5/1 1224/5/1 1227/5/1
f 1233/5/1 1230/5/1 1229/5/1
f 1234/5/1 1230/5/1 1233/5/1
f 1235/5/1 1232/5/1 1231/5/1
f 1236/5/1 1232/5/1 1235/5/1
f 1241/5/1 1238/5/1 1237/5/1
f 1242/4/1 1239/4/1 1238/4/1
f 1242/5/1 1238/5/1 1241/5/1
f 1243/5/1 1240/5/1 1239/5/1
f 1243/4/1 1239/4/1 1242/4/1
f 1244/5/1 1240/5/1 1243/5/1
f 1249/5/1 1246/5/1 1245/5/1
f 1250/4/1 1247/4/1 1246/4/1
f 1250/5/1 1246/5/1 1249/5/1
f 1251/5/1 1248/5/1 1247/5/1
f 1251/4/1 1247/4/1 1250/4/1
f 1252/5/1 1248/5/1 1251/5/1
f 1257/5/1 1254/5/1 1253/5/1
f 1258/4/1 1255/4/1 1254/4/1
f 1258/5/1 1254/5/1 1257/5/1
f 1259/5/1 1256/5/1 1255/5/1
f 1259/4/1 1255/4/1 1258/4/1
f 1260/5/1 1256/5/1 1259/5/1
f 1265/5/1 1262/5/1 1261/5/1
f 1266/5/1 1264/5/1 1263/5/1
f 1267/5/1 1265/5/1 1261/5/1
f 1268/5/1 1264/5/1 1266/5/1
f 1269/5/1 1267/5/1 1261/5/1
f 1270/5/1 1264/5/1 1268/5/1
f 1271/5/1 1269/5/1 1261/5/1
f 1272/5/1 1269/5/1 1271/5/1
f 1273/5/1 1264/5/1 1270/5/1
f 1274/5/1 1264/5/1 1273/5/1
f 1279/5/1 1276/5/1 1275/5/1
f 1280/5/1 1278/5/1 1277/5/1
f 1281/5/1 1279/5/1 1275/5/1
f 1282/5/1 1279/5/1 1281/5/1
f 1283/5/1 1278/5/1 1280/5/1
f 1284/5/1 1278/5/1 1283/5/1
f 1289/5/1 1286/5/1 1285/5/1
f 1290/5/1 1288/5/1 1287/5/1
f 1291/5/1 1289/5/1 1285/5/1
f 1292/5/1 1289/5/1 1291/5/1
f 1293/5/1 1288/5/1 1290/5/1
f 1294/5/1 1288/5/1 1293/5/1
f 1299/5/1 1296/5/1 1295/5/1
f 1300/4/1 1297/4/1 1296/4/1
f 1300/5/1 1296/5/1 1299/5/1
f 1301/5/1 1298/5/1 1297/5/1
f 1301/4/1 1297/4/1 1300/4/1
f 1302/5/1 1298/5/1 1301/5/1
f 1305/5/1 1304/5/1 1303/5/1
f 1306/5/1 1304/5/1 1305/5/1
f 1307/5/1 1304/5/1 1306/5/1
f 1308/5/1 1304/5/1 1307/5/1
f 1309/5/1 1304/5/1 1308/5/1
f 1310/5/1 1304/5/1 1309/5/1
f 1311/5/1 1304/5/1 1310/5/1
f 1312/5/1 1304/5/1 1311/5/1
f 1313/5/1 1304/5/1 1312/5/1
f 1314/5/1 1304/5/1 1313/5/1
f 1317/5/1 1316/5/1 1315/5/1
f 1318/5/1 1316/5/1 1317/5/1
f 1319/5/1 1316/5/1 1318/5/1
f 1320/5/1 1316/5/1 1319/5/1
f 1321/5/1 1316/5/1 1320/5/1
f 1322/5/1 1316/5/1 1321/5/1
f 1323/5/1 1316/5/1 1322/5/1
f 1324/5/1 1316/5/1 1323/5/1
f 1325/5/1 1316/5/1 1324/5/1
f 1326/5/1 1316/5/1 1325/5/1
f 1329/5/1 1328/5/1 1327/5/1
f 1330/5/1 1329/5/1 1327/5/1
f 1331/5/1 1330/5/1 1327/5/1
f 1332/5/1 1331/5/1 1327/5/1
f 1333/5/1 1332/5/1 1327/5/1
f 1334/5/1 1333/5/1 1327/5/1
f 1335/5/1 1334/5/1 1327/5/1
f 1336/5/1 1335/5/1 1327/5/1
f 1337/5/1 1336/5/1 1327/5/1
f 1338/5/1 1336/5/1 1337/5/1
f 1341/5/1 1340/5/1 1339/5/1
f 1342/5/1 1341/5/1 1339/5/1
f 1343/5/1 1342/5/1 1339/5/1
f 1344/5/1 1343/5/1 1339/5/1
f 1345/5/1 1344/5/1 1339/5/1
f 1346/5/1 1345/5/1 1339/5/1
f 1347/5/1 1346/5/1 1339/5/1
f 1348/5/1 1347/5/1 1339/5/1
f 1349/5/1 1348/5/1 1339/5/1
f 1350/5/1 1348/5/1 1349/5/1
f 1355/5/1 1352/5/1 1351/5/1
f 1356/4/1 1353/4/1 1352/4/1
f 1356/5/1 1352/5/1 1355/5/1
f 1357/5/1 1354/5/1 1353/5/1
f 1357/4/1 1353/4/1 1356/4/1
f 1358/5/1 1354/5/1 1357/5/1
f 1363/5/1 1360/5/1 1359/5/1
f 1364/5/1 1360/5/1 1363/5/1
f 1365/5/1 1362/5/1 1361/5/1
f 1366/5/1 1362/5/1 1365/5/1
f 1371/5/1 1368/5/1 1367/5/1
f 1372/5/1 1370/5/1 1369/5/1
f 1373/5/1 1371/5/1 1367/5/1
f 1374/5/1 1371/5/1 1373/5/1
f 1375/5/1 1370/5/1 1372/5/1
f 1376/5/1 1370/5/1 1375/5/1
f 1379/5/1 1378/5/1 1377/5/1
f 1380/5/1 1378/5/1 1379/5/1
f 1383/5/1 1382/5/1 1381/5/1
f 1384/5/1 1382/5/1 1383/5/1
f 1389/5/1 1386/5/1 1385/5/1
f 1390/5/1 1386/5/1 1389/5/1
f 1391/5/1 1388/5/1 1387/5/1
f 1392/5/1 1388/5/1 1391/5/1
f 1397/5/1 1394/5/1 1393/5/1
f 1398/5/1 1394/5/1 1397/5/1
f 1399/5/1 1396/5/1 1395/5/1
f 1400/5/1 1396/5/1 1399/5/1
f 1403/5/1 1402/5/1 1401/5/1
f 1404/5/1 1402/5/1 1403/5/1
f 1407/5/1 1406/5/1 1405/5/1
f 1408/5/1 1406/5/1 1407/5/1
f 1413/5/1 1410/5/1 1409/5/1
f 1414/5/1 1410/5/1 1413/5/1
f 1415/5/1 1412/5/1 1411/5/1
f 1416/5/1 1412/5/1 1415/5/1
f 1421/5/1 1418/5/1 1417/5/1
f 1422/5/1 1418/5/1 1421/5/1
f 1423/5/1 1420/5/1 1419/5/1
f 1424/5/1 1420/5/1 1423/5/1
f 1429/5/1 1426/5/1 1425/5/1
f 1430/5/1 1428/5/1 1427/5/1
f 1431/5/1 1429/5/1 1425/5/1
f 1432/5/1 1428/5/1 1430/5/1
f 1433/5/1 1431/5/1 1425/5/1
f 1434/5/1 1431/5/1 1433/5/1
f 1435/5/1 1428/5/1 1432/5/1
f 1436/5/1 1428/5/1 1435/5/1
f 1441/5/1 1438/5/1 1437/5/1
f 1442/5/1 1440/5/1 1439/5/1
f 1443/5/1 1441/5/1 1437/5/1
f 1444/5/1 1440/5/1 1442/5/1
f 1445/5/1 1443/5/1 1437/5/1
f 1446/5/1 1440/5/1 1444/5/1
f 1447/5/1 1445/5/1 1437/5/1
f 1448/5/1 1440/5/1 1446/5/1
f 1449/5/1 1447/5/1 1437/5/1
f 1450/5/1 1440/5/1 1448/5/1
f 1451/5/1 1449/5/1 1437/5/1
f 1452/5/1 1440/5/1 1450/5/1
f 1453/5/1 1451/5/1 1437/5/1
f 1454/5/1 1440/5/1 1452/5/1
f 1455/5/1 1453/5/1 1437/5/1
f 1456/5/1 1440/5/1 1454/5/1
f 1457/5/1 1455/5/1 1437/5/1
f 1458/5/1 1455/5/1 1457/5/1
f 1459/5/1 1440/5/1 1456/5/1
f 1460/5/1 1440/5/1 1459/5/1
f 1465/5/1 1462/5/1 1461/5/1
f 1466/5/1 1464/5/1 1463/5/1
f 1467/5/1 1465/5/1 1461/5/1
f 1468/5/1 1464/5/1 1466/5/1
f 1469/5/1 1467/5/1 1461/5/1
f 1470/5/1 1464/5/1 1468/5/1
f 1471/5/1 1469/5/1 1461/5/1
f 1472/5/1 1464/5/1 1470/5/1
f 1473/5/1 1471/5/1 1461/5/1
f 1474/5/1 1464/5/1 1472/5/1
f 1475/5/1 1473/5/1 1461/5/1
f 1476/5/1 1464/5/1 1474/5/1
f 1477/5/1 1475/5/1 1461/5/1
f 1478/5/1 1464/5/1 1476/5/1
f 1479/5/1 1477/5/1 1461/5/1
f 1480/5/1 1464/5/1 1478/5/1
f 1481/5/1 1479/5/1 1461/5/1
f 1482/5/1 1479/5/1 1481/5/1
f 1483/5/1 1464/5/1 1480/5/1
f 1484/5/1 1464/5/1 1483/5/1
f 1489/5/1 1486/5/1 1485/5/1
f 1490/5/1 1486/5/1 1489/5/1
f 1491/5/1 1488/5/1 1487/5/1
f 1492/5/1 1488/5/1 1491/5/1
f 1497/5/1 1494/5/1 1493/5/1
f 1498/5/1 1494/5/1 1497/5/1
f 1499/5/1 1496/5/1 1495/5/1
f 1500/5/1 1496/5/1 1499/5/1
f 1503/5/1 1502/5/1 1501/5/1
f 1504/5/1 1503/5/1 1501/5/1
f 1505/5/1 1504/5/1 1501/5/1
f 1506/5/1 1505/5/1 1501/5/1
f 1507/5/1 1506/5/1 1501/5/1
f 1508/5/1 1507/5/1 1501/5/1
f 1509/5/1 1508/5/1 1501/5/1
f 1510/5/1 1509/5/1 1501/5/1
f 1511/5/1 1510/5/1 1501/5/1
f 1512/5/1 1511/5/1 1501/5/1
f 1513/5/1 1512/5/1 1501/5/1
f 1514/5/1 1513/5/1 1501/5/1
f 1515/5/1 1514/5/1 1501/5/1
f 1516/5/1 1515/5/1 1501/5/1
f 1517/5/1 1516/5/1 1501/5/1
f 1518/5/1 1517/5/1 1501/5/1
f 1519/5/1 1518/5/1 1501/5/1
f 1520/5/1 1519/5/1 1501/5/1
f 1521/5/1 1520/5/1 1501/5/1
f 1522/5/1 1521/5/1 1501/5/1
f 1523/5/1 1522/5/1 1501/5/1
f 1524/5/1 1523/5/1 1501/5/1
f 1525/5/1 1524/5/1 1501/5/1
f 1526/5/1 1525/5/1 1501/5/1
f 1527/5/1 1526/5/1 1501/5/1
f 1528/5/1 1527/5/1 1501/5/1
f 1529/5/1 1528/5/1 1501/5/1
f 1530/5/1 1529/5/1 1501/5/1
f 1531/5/1 1530/5/1 1501/5/1
f 1532/5/1 1531/5/1 1501/5/1
f 1533/5/1 1532/5/1 1501/5/1
f 1534/5/1 1533/5/1 1501/5/1
f 1535/5/1 1534/5/1 1501/5/1
f 1536/5/1 1535/5/1 1501/5/1
f 1537/5/1 1536/5/1 1501/5/1
f 1538/5/1 1536/5/1 1537/5/1
f 1541/5/1 1540/5/1 1539/5/1
f 1542/5/1 1540/5/1 1541/5/1
f 1543/5/1 1540/5/1 1542/5/1
f 1544/5/1 1540/5/1 1543/5/1
f 1545/5/1 1540/5/1 1544/5/1
f 1546/5/1 1540/5/1 1545/5/1
f 1547/5/1 1540/5/1 1546/5/1
f 1548/5/1 1540/5/1 1547/5/1
f 1549/5/1 1540/5/1 1548/5/1
f 1550/5/1 1540/5/1 1549/5/1
f 1551/5/1 1540/5/1 1550/5/1
f 1552/5/1 1540/5/1 1551/5/1
f 1553/5/1 1540/5/1 1552/5/1
f 1554/5/1 1540/5/1 1553/5/1
f 1555/5/1 1540/5/1 1554/5/1
f 1556/5/1 1540/5/1 1555/5/1
f 1557/5/1 1540/5/1 1556/5/1
f 1558/5/1 1540/5/1 1557/5/1
f 1559/5/1 1540/5/1 1558/5/1
f 1560/5/1 1540/5/1 1559/5/1
f 1561/5/1 1540/5/1 1560/5/1
f 1562/5/1 1540/5/1 1561/5/1
f 1563/5/1 1540/5/1 1562/5/1
f 1564/5/1 1540/5/1 1563/5/1
f 1565/5/1 1540/5/1 1564/5/1
f 1566/5/1 1540/5/1 1565/5/1
f 1567/5/1 1540/5/1 1566/5/1
f 1568/5/1 1540/5/1 1567/5/1
f 1569/5/1 1540/5/1 1568/5/1
f 1570/5/1 1540/5/1 1569/5/1
f 1571/5/1 1540/5/1 1570/5/1
f 1572/5/1 1540/5/1 1571/5/1
f 1573/5/1 1540/5/1 1572/5/1
f 1574/5/1 1540/5/1 1573/5/1
f 1575/5/1 1540/5/1 1574/5/1
f 1576/5/1 1540/5/1 1575/5/1
f 1580/5/1 1578/5/1 1577/5/1
f 1581/5/1 1578/5/1 1580/5/1
f 1583/5/1 1580/5/1 1579/5/1
f 1583/5/1 1582/5/1 1581/5/1
f 1583/5/1 1581/5/1 1580/5/1
f 1584/5/1 1582/5/1 1583/5/1
f 1585/5/2 1586/5/2 1587/5/2
f 1587/5/2 1586/5/2 1588/5/2
f 1589/5/2 1590/5/2 1592/5/2
f 1592/5/2 1590/5/2 1593/5/2
f 1593/5/2 1590/5/2 1594/5/2
f 1594/5/2 1590/5/2 1595/5/2
f 1591/5/2 1592/5/2 1597/5/2
f 1592/4/2 1593/4/2 1598/4/2
f 1597/5/2 1592/5/2 1598/5/2
f 1593/5/2 1594/5/2 1599/5/2
f 1598/4/2 1593/4/2 1599/4/2
f 1594/4/2 1595/4/2 1600/4/2
f 1599/5/2 1594/5/2 1600/5/2
f 1595/5/2 1596/5/2 1601/5/2
f 1600/4/2 1595/4/2 1601/4/2
f 1601/5/2 1596/5/2 1602/5/2
f 1603/5/2 1604/5/2 1605/5/2
f 1605/5/2 1604/5/2 1606/5/2
f 1607/5/2 1608/5/2 1609/5/2
f 1609/5/2 1608/5/2 1610/5/2
f 1611/5/2 1612/5/2 1613/5/2
f 1611/5/2 1613/5/2 1614/5/2
f 1611/5/2 1614/5/2 1615/5/2
f 1611/5/2 1615/5/2 1616/5/2
f 1611/5/2 1616/5/2 1617/5/2
f 1611/5/2 1617/5/2 1618/5/2
f 1611/5/2 1618/5/2 1619/5/2
f 1619/5/2 1618/5/2 1620/5/2
f 1621/5/2 1622/5/2 1623/5/2
f 1623/5/2 1622/5/2 1624/5/2
f 1624/5/2 1622/5/2 1625/5/2
f 1625/5/2 1622/5/2 1626/5/2
f 1626/5/2 1622/5/2 1627/5/2
f 1627/5/2 1622/5/2 1628/5/2
f 1628/5/2 1622/5/2 1629/5/2
f 1629/5/2 1622/5/2 1630/5/2
f 1630/5/2 1622/5/2 1631/5/2
f 1631/5/2 1622/5/2 1632/5/2
f 1633/5/2 1634/5/2 1636/5/2
f 1636/5/2 1634/5/2 1637/5/2
f 1635/5/2 1636/5/2 1639/5/2
f 1637/5/2 1638/5/2 1639/5/2
f 1636/5/2 1637/5/2 1639/5/2
f 1639/5/2 1638/5/2 1640/5/2
f 1641/5/2 1642/5/2 1645/5/2
f 1643/5/2 1644/5/2 1646/5/2
f 1641/5/2 1645/5/2 1647/5/2
f 1646/5/2 1644/5/2 1648/5/2
f 1641/5/2 1647/5/2 1649/5/2
f 1648/5/2 1644/5/2 1650/5/2
f 1641/5/2 1649/5/2 1651/5/2
f 1650/5/2 1644/5/2 1652/5/2
f 1641/5/2 1651/5/2 1653/5/2
f 1652/5/2 1644/5/2 1654/5/2
f 1641/5/2 1653/5/2 1655/5/2
f 1654/5/2 1644/5/2 1656/5/2
f 1641/5/2 1655/5/2 1657/5/2
f 1656/5/2 1644/5/2 1658/5/2
f 1641/5/2 1657/5/2 1659/5/2
f 1658/5/2 1644/5/2 1660/5/2
f 1641/5/2 1659/5/2 1661/5/2
f 1660/5/2 1644/5/2 1662/5/2
f 1641/5/2 1661/5/2 1663/5/2
f 1662/5/2 1644/5/2 1664/5/2
f 1641/5/2 1663/5/2 1665/5/2
f 1664/5/2 1644/5/2 1666/5/2
f 1641/5/2 1665/5/2 1667/5/2
f 1666/5/2 1644/5/2 1668/5/2
f 1641/5/2 1667/5/2 1669/5/2
f 1668/5/2 1644/5/2 1670/5/2
f 1641/5/2 1669/5/2 1671/5/2
f 1670/5/2 1644/5/2 1672/5/2
f 1641/5/2 1671/5/2 1673/5/2
f 1672/5/2 1644/5/2 1674/5/2
f 1641/5/2 1673/5/2 1675/5/2
f 1674/5/2 1644/5/2 1676/5/2
f 1641/5/2 1675/5/2 1677/5/2
f 1676/5/2 1644/5/2 1678/5/2
f 1641/5/2 1677/5/2 1679/5/2
f 1678/5/2 1644/5/2 1680/5/2
f 1641/5/2 1679/5/2 1681/5/2
f 1680/5/2 1644/5/2 1682/5/2
f 1641/5/2 1681/5/2 1683/5/2
f 1682/5/2 1644/5/2 1684/5/2
f 1641/5/2 1683/5/2 1685/5/2
f 1684/5/2 1644/5/2 1686/5/2
f 1641/5/2 1685/5/2 1687/5/2
f 1686/5/2 1644/5/2 1688/5/2
f 1641/5/2 1687/5/2 1689/5/2
f 1688/5/2 1644/5/2 1690/5/2
f 1641/5/2 1689/5/2 1691/5/2
f 1690/5/2 1644/5/2 1692/5/2
f 1641/5/2 1691/5/2 1693/5/2
f 1692/5/2 1644/5/2 1694/5/2
f 1641/5/2 1693/5/2 1695/5/2
f 1694/5/2 1644/5/2 1696/5/2
f 1641/5/2 1695/5/2 1697/5/2
f 1696/5/2 1644/5/2 1698/5/2
f 1641/5/2 1697/5/2 1699/5/2
f 1698/5/2 1644/5/2 1700/5/2
f 1641/5/2 1699/5/2 1701/5/2
f 1700/5/2 1644/5/2 1702/5/2
f 1641/5/2 1701/5/2 1703/5/2
f 1702/5/2 1644/5/2 1704/5/2
f 1641/5/2 1703/5/2 1705/5/2
f 1704/5/2 1644/5/2 1706/5/2
f 1641/5/2 1705/5/2 1707/5/2
f 1706/5/2 1644/5/2 1708/5/2
f 1641/5/2 1707/5/2 1709/5/2
f 1708/5/2 1644/5/2 1710/5/2
f 1641/5/2 1709/5/2 1711/5/2
f 1710/5/2 1644/5/2 1712/5/2
f 1641/5/2 1711/5/2 1713/5/2
f 1713/5/2 1711/5/2 1714/5/2
f 1712/5/2 1644/5/2 1715/5/2
f 1715/5/2 1644/5/2 1716/5/2
f 1717/3/2 1718/3/2 1719/3/2
f 1719/3/2 1718/3/2 1720/3/2
f 1721/5/2 1722/5/2 1725/5/2
f 1725/5/2 1722/5/2 1726/5/2
f 1723/5/2 1724/5/2 1727/5/2
f 1727/5/2 1724/5/2 1728/5/2
f 1729/5/2 1730/5/2 1733/5/2
f 1733/5/2 1730/5/2 1734/5/2
f 1731/5/2 1732/5/2 1735/5/2
f 1735/5/2 1732/5/2 1736/5/2
f 1737/3/2 1738/3/2 1740/3/2
f 1740/3/2 1738/3/2 1741/3/2
f 1739/3/2 1740/3/2 1743/3/2
f 1741/3/2 1742/3/2 1743/3/2
f 1740/3/2 1741/3/2 1743/3/2
f 1743/3/2 1742/3/2 1744/3/2
f 1745/5/2 1746/5/2 1749/5/2
f 1747/5/2 1748/5/2 1750/5/2
f 1745/5/2 1749/5/2 1751/5/2
f 1750/5/2 1748/5/2 1752/5/2
f 1745/5/2 1751/5/2 1753/5/2
f 1752/5/2 1748/5/2 1754/5/2
f 1745/5/2 1753/5/2 1755/5/2
f 1754/5/2 1748/5/2 1756/5/2
f 1745/5/2 1755/5/2 1757/5/2
f 1756/5/2 1748/5/2 1758/5/2
f 1745/5/2 1757/5/2 1759/5/2
f 1758/5/2 1748/5/2 1760/5/2
f 1745/5/2 1759/5/2 1761/5/2
f 1760/5/2 1748/5/2 1762/5/2
f 1745/5/2 1761/5/2 1763/5/2
f 1762/5/2 1748/5/2 1764/5/2
f 1745/5/2 1763/5/2 1765/5/2
f 1765/5/2 1763/5/2 1766/5/2
f 1764/5/2 1748/5/2 1767/5/2
f 1767/5/2 1748/5/2 1768/5/2
f 1769/5/2 1770/5/2 1773/5/2
f 1771/5/2 1772/5/2 1774/5/2
f 1769/5/2 1773/5/2 1775/5/2
f 1774/5/2 1772/5/2 1776/5/2
f 1769/5/2 1775/5/2 1777/5/2
f 1776/5/2 1772/5/2 1778/5/2
f 1769/5/2 1777/5/2 1779/5/2
f 1778/5/2 1772/5/2 1780/5/2
f 1769/5/2 1779/5/2 1781/5/2
f 1780/5/2 1772/5/2 1782/5/2
f 1769/5/2 1781/5/2 1783/5/2
f 1782/5/2 1772/5/2 1784/5/2
f 1769/5/2 1783/5/2 1785/5/2
f 1784/5/2 1772/5/2 1786/5/2
f 1769/5/2 1785/5/2 1787/5/2
f 1786/5/2 1772/5/2 1788/5/2
f 1769/5/2 1787/5/2 1789/5/2
f 1789/5/2 1787/5/2 1790/5/2
f 1788/5/2 1772/5/2 1791/5/2
f 1791/5/2 1772/5/2 1792/5/2
f 1793/5/2 1794/5/2 1797/5/2
f 1795/5/2 1796/5/2 1798/5/2
f 1793/5/2 1797/5/2 1799/5/2
f 1798/5/2 1796/5/2 1800/5/2
f 1793/5/2 1799/5/2 1801/5/2
f 1801/5/2 1799/5/2 1802/5/2
f 1800/5/2 1796/5/2 1803/5/2
f 1803/5/2 1796/5/2 1804/5/2
f 1805/5/2 1806/5/2 1807/5/2
f 1807/5/2 1806/5/2 1808/5/2
f 1809/5/2 1810/5/2 1811/5/2
f 1811/5/2 1810/5/2 1812/5/2
f 1813/5/2 1814/5/2 1817/5/2
f 1817/5/2 1814/5/2 1818/5/2
f 1815/5/2 1816/5/2 1819/5/2
f 1819/5/2 1816/5/2 1820/5/2
f 1821/5/2 1822/5/2 1825/5/2
f 1825/5/2 1822/5/2 1826/5/2
f 1823/5/2 1824/5/2 1827/5/2
f 1827/5/2 1824/5/2 1828/5/2
f 1829/5/2 1830/5/2 1831/5/2
f 1831/5/2 1830/5/2 1832/5/2
f 1833/5/2 1834/5/2 1835/5/2
f 1835/5/2 1834/5/2 1836/5/2
f 1837/5/2 1838/5/2 1841/5/2
f 1841/5/2 1838/5/2 1842/5/2
f 1839/5/2 1840/5/2 1843/5/2
f 1843/5/2 1840/5/2 1844/5/2
f 1845/5/2 1846/5/2 1849/5/2
f 1849/5/2 1846/5/2 1850/5/2
f 1847/5/2 1848/5/2 1851/5/2
f 1851/5/2 1848/5/2 1852/5/2
f 1853/5/2 1854/5/2 1857/5/2
f 1854/4/2 1855/4/2 1858/4/2
f 1857/5/2 1854/5/2 1858/5/2
f 1855/5/2 1856/5/2 1859/5/2
f 1858/4/2 1855/4/2 1859/4/2
f 1859/5/2 1856/5/2 1860/5/2
f 1861/5/2 1862/5/2 1865/5/2
f 1865/5/2 1862/5/2 1866/5/2
f 1863/5/2 1864/5/2 1867/5/2
f 1867/5/2 1864/5/2 1868/5/2
f 1869/5/2 1870/5/2 1873/5/2
f 1871/5/2 1872/5/2 1874/5/2
f 1869/5/2 1873/5/2 1875/5/2
f 1875/5/2 1873/5/2 1876/5/2
f 1874/5/2 1872/5/2 1877/5/2
f 1877/5/2 1872/5/2 1878/5/2
f 1879/5/2 1880/5/2 1881/5/2
f 1881/5/2 1880/5/2 1882/5/2
f 1882/5/2 1880/5/2 1883/5/2
f 1883/5/2 1880/5/2 1884/5/2
f 1884/5/2 1880/5/2 1885/5/2
f 1885/5/2 1880/5/2 1886/5/2
f 1886/5/2 1880/5/2 1887/5/2
f 1887/5/2 1880/5/2 1888/5/2
f 1888/5/2 1880/5/2 1889/5/2
f 1889/5/2 1880/5/2 1890/5/2
f 1891/5/2 1892/5/2 1893/5/2
f 1893/5/2 1892/5/2 1894/5/2
f 1894/5/2 1892/5/2 1895/5/2
f 1895/5/2 1892/5/2 1896/5/2
f 1896/5/2 1892/5/2 1897/5/2
f 1897/5/2 1892/5/2 1898/5/2
f 1898/5/2 1892/5/2 1899/5/2
f 1899/5/2 1892/5/2 1900/5/2
f 1900/5/2 1892/5/2 1901/5/2
f 1901/5/2 1892/5/2 1902/5/2
f 1903/5/2 1904/5/2 1905/5/2
f 1903/5/2 1905/5/2 1906/5/2
f 1903/5/2 1906/5/2 1907/5/2
f 1903/5/2 1907/5/2 1908/5/2
f 1903/5/2 1908/5/2 1909/5/2
f 1903/5/2 1909/5/2 1910/5/2
f 1903/5/2 1910/5/2 1911/5/2
f 1903/5/2 1911/5/2 1912/5/2
f 1903/5/2 1912/5/2 1913/5/2
f 1913/5/2 1912/5/2 1914/5/2
f 1915/5/2 1916/5/2 1917/5/2
f 1915/5/2 1917/5/2 1918/5/2
f 1915/5/2 1918/5/2 1919/5/2
f 1915/5/2 1919/5/2 1920/5/2
f 1915/5/2 1920/5/2 1921/5/2
f 1915/5/2 1921/5/2 1922/5/2
f 1915/5/2 1922/5/2 1923/5/2
f 1915/5/2 1923/5/2 1924/5/2
f 1915/5/2 1924/5/2 1925/5/2
f 1925/5/2 1924/5/2 1926/5/2
f 1927/5/2 1928/5/2 1931/5/2
f 1928/4/2 1929/4/2 1932/4/2
f 1931/5/2 1928/5/2 1932/5/2
f 1929/5/2 1930/5/2 1933/5/2
f 1932/4/2 1929/4/2 1933/4/2
f 1933/5/2 1930/5/2 1934/5/2
f 1935/5/2 1936/5/2 1939/5/2
f 1937/5/2 1938/5/2 1940/5/2
f 1935/5/2 1939/5/2 1941/5/2
f 1941/5/2 1939/5/2 1942/5/2
f 1940/5/2 1938/5/2 1943/5/2
f 1943/5/2 1938/5/2 1944/5/2
f 1945/5/2 1946/5/2 1949/5/2
f 1947/5/2 1948/5/2 1950/5/2
f 1945/5/2 1949/5/2 1951/5/2
f 1951/5/2 1949/5/2 1952/5/2
f 1950/5/2 1948/5/2 1953/5/2
f 1953/5/2 1948/5/2 1954/5/2
f 1955/5/2 1956/5/2 1959/5/2
f 1956/4/2 1957/4/2 1960/4/2
f 1959/5/2 1956/5/2 1960/5/2
f 1957/5/2 1958/5/2 1961/5/2
f 1960/4/2 1957/4/2 1961/4/2
f 1961/5/2 1958/5/2 1962/5/2
f 1963/5/2 1964/5/2 1967/5/2
f 1965/5/2 1966/5/2 1968/5/2
f 1963/5/2 1967/5/2 1969/5/2
f 1968/5/2 1966/5/2 1970/5/2
f 1963/5/2 1969/5/2 1971/5/2
f 1970/5/2 1966/5/2 1972/5/2
f 1963/5/2 1971/5/2 1973/5/2
f 1973/5/2 1971/5/2 1974/5/2
f 1972/5/2 1966/5/2 1975/5/2
f 1975/5/2 1966/5/2 1976/5/2
f 1977/5/2 1978/5/2 1981/5/2
f 1978/4/2 1979/4/2 1982/4/2
f 1981/5/2 1978/5/2 1982/5/2
f 1979/5/2 1980/5/2 1983/5/2
f 1982/4/2 1979/4/2 1983/4/2
f 1983/5/2 1980/5/2 1984/5/2
f 1985/5/2 1986/5/2 1989/5/2
f 1986/4/2 1987/4/2 1990/4/2
f 1989/5/2 1986/5/2 1990/5/2
f 1987/5/2 1988/5/2 1991/5/2
f 1990/4/2 1987/4/2 1991/4/2
f 1991/5/2 1988/5/2 1992/5/2
f 1993/5/2 1994/5/2 1997/5/2
f 1997/5/2 1994/5/2 1998/5/2
f 1995/5/2 1996/5/2 1999/5/2
f 1999/5/2 1996/5/2 2000/5/2
f 2001/5/2 2002/5/2 2005/5/2
f 2005/5/2 2002/5/2 2006/5/2
f 2003/5/2 2004/5/2 2007/5/2
f 2007/5/2 2004/5/2 2008/5/2
f 2009/5/2 2010/5/2 2013/5/2
f 2010/4/2 2011/4/2 2014/4/2
f 2013/5/2 2010/5/2 2014/5/2
f 2011/5/2 2012/5/2 2015/5/2
f 2014/4/2 2011/4/2 2015/4/2
f 2015/5/2 2012/5/2 2016/5/2
f 2017/5/2 2018/5/2 2021/5/2
f 2018/4/2 2019/4/2 2022/4/2
f 2021/5/2 2018/5/2 2022/5/2
f 2019/5/2 2020/5/2 2023/5/2
f 2022/4/2 2019/4/2 2023/4/2
f 2023/5/2 2020/5/2 2024/5/2
f 2025/5/2 2026/5/2 2029/5/2
f 2026/4/2 2027/4/2 2030/4/2
f 2029/5/2 2026/5/2 2030/5/2
f 2027/5/2 2028/5/2 2031/5/2
f 2030/4/2 2027/4/2 2031/4/2
f 2031/5/2 2028/5/2 2032/5/2
f 2033/5/2 2034/5/2 2037/5/2
f 2034/4/2 2035/4/2 2038/4/2
f 2037/5/2 2034/5/2 2038/5/2
f 2035/5/2 2036/5/2 2039/5/2
f 2038/4/2 2035/4/2 2039/4/2
f 2039/5/2 2036/5/2 2040/5/2
f 2041/5/2 2042/5/2 2045/5/2
f 2043/5/2 2044/5/2 2046/5/2
f 2041/5/2 2045/5/2 2047/5/2
f 2046/5/2 2044/5/2 2048/5/2
f 2041/5/2 2047/5/2 2049/5/2
f 2048/5/2 2044/5/2 2050/5/2
f 2041/5/2 2049/5/2 2051/5/2
f 2050/5/2 2044/5/2 2052/5/2
f 2041/5/2 2051/5/2 2053/5/2
f 2052/5/2 2044/5/2 2054/5/2
f 2041/5/2 2053/5/2 2055/5/2
f 2054/5/2 2044/5/2 2056/5/2
f 2041/5/2 2055/5/2 2057/5/2
f 2056/5/2 2044/5/2 2058/5/2
f 2041/5/2 2057/5/2 2059/5/2
f 2058/5/2 2044/5/2 2060/5/2
f 2041/5/2 2059/5/2 2061/5/2
f 2061/5/2 2059/5/2 2062/5/2
f 2060/5/2 2044/5/2 2063/5/2
f 2063/5/2 2044/5/2 2064/5/2
f 2065/5/2 2066/5/2 2069/5/2
f 2067/5/2 2068/5/2 2070/5/2
f 2065/5/2 2069/5/2 2071/5/2
f 2070/5/2 2068/5/2 2072/5/2
f 2065/5/2 2071/5/2 2073/5/2
f 2072/5/2 2068/5/2 2074/5/2
f 2065/5/2 2073/5/2 2075/5/2
f 2074/5/2 2068/5/2 2076/5/2
f 2065/5/2 2075/5/2 2077/5/2
f 2076/5/2 2068/5/2 2078/5/2
f 2065/5/2 2077/5/2 2079/5/2
f 2078/5/2 2068/5/2 2080/5/2
f 2065/5/2 2079/5/2 2081/5/2
f 2080/5/2 2068/5/2 2082/5/2
f 2065/5/2 2081/5/2 2083/5/2
f 2082/5/2 2068/5/2 2084/5/2
f 2065/5/2 2083/5/2 2085/5/2
f 2085/5/2 2083/5/2 2086/5/2
f 2084/5/2 2068/5/2 2087/5/2
f 2087/5/2 2068/5/2 2088/5/2
f 2089/5/2 2090/5/2 2093/5/2
f 2090/4/2 2091/4/2 2094/4/2
f 2093/5/2 2090/5/2 2094/5/2
f 2091/5/2 2092/5/2 2095/5/2
f 2094/4/2 2091/4/2 2095/4/2
f 2095/5/2 2092/5/2 2096/5/2
f 2097/5/2 2098/5/2 2101/5/2
f 2098/4/2 2099/4/2 2102/4/2
f 2101/5/2 2098/5/2 2102/5/2
f 2099/5/2 2100/5/2 2103/5/2
f 2102/4/2 2099/4/2 2103/4/2
f 2103/5/2 2100/5/2 2104/5/2
f 2105/5/2 2106/5/2 2109/5/2
f 2106/4/2 2107/4/2 2110/4/2
f 2109/5/2 2106/5/2 2110/5/2
f 2107/5/2 2108/5/2 2111/5/2
f 2110/4/2 2107/4/2 2111/4/2
f 2111/5/2 2108/5/2 2112/5/2
f 2113/4/2 2114/4/2 2116/4/2
f 2116/4/2 2114/4/2 2117/4/2
f 2115/5/2 2116/5/2 2119/5/2
f 2116/4/2 2117/4/2 2120/4/2
f 2119/5/2 2116/5/2 2120/5/2
f 2117/5/2 2118/5/2 2121/5/2
f 2120/4/2 2117/4/2 2121/4/2
f 2121/5/2 2118/5/2 2122/5/2
f 2123/1/2 2124/1/2 2125/1/2
f 2125/1/2 2124/1/2 2126/1/2
f 2125/2/2 2126/2/2 2127/2/2
f 2127/2/2 2126/2/2 2128/2/2
f 2127/1/2 2128/1/2 2129/1/2
f 2129/1/2 2128/1/2 2130/1/2
f 2129/2/2 2130/2/2 2131/2/2
f 2131/2/2 2130/2/2 2132/2/2
f 2131/1/2 2132/1/2 2133/1/2
f 2133/1/2 2132/1/2 2134/1/2
f 2133/2/2 2134/2/2 2135/2/2
f 2135/2/2 2134/2/2 2136/2/2
f 2135/1/2 2136/1/2 2137/1/2
f 2137/1/2 2136/1/2 2138/1/2
f 2137/2/2 2138/2/2 2139/2/2
f 2139/2/2 2138/2/2 2140/2/2
f 2139/1/2 2140/1/2 2141/1/2
f 2141/1/2 2140/1/2 2142/1/2
f 2141/2/2 2142/2/2 2143/2/2
f 2143/2/2 2142/2/2 2144/2/2
f 2143/1/2 2144/1/2 2145/1/2
f 2145/1/2 2144/1/2 2146/1/2
f 2145/2/2 2146/2/2 2147/2/2
f 2147/2/2 2146/2/2 2148/2/2
f 2147/1/2 2148/1/2 2149/1/2
f 2149/1/2 2148/1/2 2150/1/2
f 2149/2/2 2150/2/2 2151/2/2
f 2151/2/2 2150/2/2 2152/2/2
f 2151/1/2 2152/1/2 2153/1/2
f 2153/1/2 2152/1/2 2154/1/2
f 2153/2/2 2154/2/2 2155/2/2
f 2155/2/2 2154/2/2 2156/2/2
f 2155/1/2 2156/1/2 2157/1/2
f 2157/1/2 2156/1/2 2158/1/2
f 2157/2/2 2158/2/2 2159/2/2
f 2159/2/2 2158/2/2 2160/2/2
f 2159/1/2 2160/1/2 2161/1/2
f 2161/1/2 2160/1/2 2162/1/2
f 2161/2/2 2162/2/2 2163/2/2
f 2163/2/2 2162/2/2 2164/2/2
f 2163/1/2 2164/1/2 2165/1/2
f 2165/1/2 2164/1/2 2166/1/2
f 2165/2/2 2166/2/2 2167/2/2
f 2167/2/2 2166/2/2 2168/2/2
f 2167/1/2 2168/1/2 2169/1/2
f 2169/1/2 2168/1/2 2170/1/2
f 2169/2/2 2170/2/2 2171/2/2
f 2171/2/2 2170/2/2 2172/2/2
f 2171/1/2 2172/1/2 2173/1/2
f 2173/1/2 2172/1/2 2174/1/2
f 2173/2/2 2174/2/2 2175/2/2
f 2175/2/2 2174/2/2 2176/2/2
f 2175/1/2 2176/1/2 2177/1/2
f 2177/1/2 2176/1/2 2178/1/2
f 2177/2/2 2178/2/2 2179/2/2
f 2179/2/2 2178/2/2 2180/2/2
f 2179/1/2 2180/1/2 2181/1/2
f 2181/1/2 2180/1/2 2182/1/2
f 2181/2/2 2182/2/2 2183/2/2
f 2183/2/2 2182/2/2 2184/2/2
f 2183/1/2 2184/1/2 2185/1/2
f 2185/1/2 2184/1/2 2186/1/2
f 2185/2/2 2186/2/2 2187/2/2
f 2187/2/2 2186/2/2 2188/2/2
f 2187/1/2 2188/1/2 2189/1/2
f 2189/1/2 2188/1/2 2190/1/2
f 2189/2/2 2190/2/2 2191/2/2
f 2191/2/2 2190/2/2 2192/2/2
f 2191/1/2 2192/1/2 2193/1/2
f 2193/1/2 2192/1/2 2194/1/2
f 2195/5/2 2196/5/2 2197/5/2
f 2197/5/2 2196/5/2 2198/5/2
f 2195/5/2 2197/5/2 2199/5/2
f 2199/5/2 2197/5/2 2200/5/2
f 2200/5/2 2197/5/2 2201/5/2
f 2198/5/2 2196/5/2 2202/5/2
f 2202/5/2 2196/5/2 2203/5/2
f 2203/5/2 2196/5/2 2204/5/2
f 2205/5/2 2206/5/2 2207/5/2
f 2207/5/2 2206/5/2 2208/5/2
f 2209/5/2 2210/5/2 2211/5/2
f 2211/5/2 2210/5/2 2212/5/2
f 2213/5/2 2214/5/2 2215/5/2
f 2215/5/2 2214/5/2 2216/5/2
f 2221/5/3 2218/5/3 2217/5/3
f 2222/5/3 2218/5/3 2221/5/3
f 2223/5/3 2220/5/3 2219/5/3
f 2224/5/3 2220/5/3 2223/5/3
f 2225/5/3 2221/5/3 2217/5/3
f 2226/5/3 2218/5/3 2222/5/3
f 2227/5/3 2223/5/3 2219/5/3
f 2228/5/3 2220/5/3 2224/5/3
f 2229/5/3 2225/5/3 2217/5/3
f 2229/5/3 2226/5/3 2225/5/3
f 2230/5/3 2218/5/3 2226/5/3
f 2230/5/3 2226/5/3 2229/5/3
f 2231/5/3 2228/5/3 2227/5/3
f 2231/5/3 2227/5/3 2219/5/3
f 2232/5/3 2220/5/3 2228/5/3
f 2232/5/3 2228/5/3 2231/5/3
f 2236/5/3 2234/5/3 2233/5/3
f 2237/5/3 2234/5/3 2236/5/3
f 2243/5/3 2236/5/3 2235/5/3
f 2244/5/3 2236/5/3 2243/5/3
f 2245/5/3 2238/5/3 2237/5/3
f 2246/5/3 2238/5/3 2245/5/3
f 2247/5/3 2240/5/3 2239/5/3
f 2248/5/3 2240/5/3 2247/5/3
f 2249/5/3 2242/5/3 2241/5/3
f 2250/5/3 2242/5/3 2249/5/3
f 2252/5/3 2243/5/3 2235/5/3
f 2253/5/3 2243/5/3 2252/5/3
f 2254/5/3 2238/5/3 2246/5/3
f 2255/5/3 2238/5/3 2254/5/3
f 2257/5/3 2252/5/3 2251/5/3
f 2258/5/3 2252/5/3 2257/5/3
f 2261/5/3 2256/5/3 2255/5/3
f 2262/5/3 2256/5/3 2261/5/3
f 2263/5/3 2247/5/3 2239/5/3
f 2264/5/3 2240/5/3 2248/5/3
f 2265/5/3 2249/5/3 2241/5/3
f 2266/5/3 2242/5/3 2250/5/3
f 2267/5/3 2263/5/3 2239/5/3
f 2267/5/3 2264/5/3 2263/5/3
f 2268/5/3 2240/5/3 2264/5/3
f 2268/5/3 2264/5/3 2267/5/3
f 2269/5/3 2266/5/3 2265/5/3
f 2269/5/3 2265/5/3 2241/5/3
f 2270/5/3 2242/5/3 2266/5/3
f 2270/5/3 2266/5/3 2269/5/3
f 2271/5/3 2259/5/3 2258/5/3
f 2274/5/3 2261/5/3 2260/5/3
f 2275/5/3 2272/5/3 2271/5/3
f 2275/5/3 2271/5/3 2258/5/3
f 2276/5/3 2272/5/3 2275/5/3
f 2277/5/3 2274/5/3 2273/5/3
f 2278/5/3 2261/5/3 2274/5/3
f 2278/5/3 2274/5/3 2277/5/3
f 2279/5/3 2277/5/3 2276/5/3
f 2280/5/3 2277/5/3 2279/5/3
f 2285/5/3 2282/5/3 2281/5/3
f 2286/5/3 2282/5/3 2285/5/3
f 2287/5/3 2284/5/3 2283/5/3
f 2288/5/3 2284/5/3 2287/5/3
f 2289/5/3 2285/5/3 2281/5/3
f 2290/5/3 2282/5/3 2286/5/3
f 2291/5/3 2287/5/3 2283/5/3
f 2292/5/3 2284/5/3 2288/5/3
f 2293/5/3 2289/5/3 2281/5/3
f 2293/5/3 2290/5/3 2289/5/3
f 2294/5/3 2282/5/3 2290/5/3
f 2294/5/3 2290/5/3 2293/5/3
f 2295/5/3 2292/5/3 2291/5/3
f 2295/5/3 2291/5/3 2283/5/3
f 2296/5/3 2284/5/3 2292/5/3
f 2296/5/3 2292/5/3 2295/5/3
f 2299/5/3 2298/5/3 2297/5/3
f 2300/5/3 2298/5/3 2299/5/3
f 2305/4/3 2302/4/3 2301/4/3
f 2306/4/3 2302/4/3 2305/4/3
f 2307/4/3 2304/4/3 2303/4/3
f 2308/4/3 2304/4/3 2307/4/3
f 2314/4/3 2310/4/3 2309/4/3
f 2315/4/3 2312/4/3 2311/4/3
f 2322/4/3 2314/4/3 2313/4/3
f 2323/4/3 2316/4/3 2315/4/3
f 2325/4/3 2322/4/3 2321/4/3
f 2326/5/3 2311/5/3 2310/5/3
f 2326/4/3 2322/4/3 2325/4/3
f 2326/4/3 2310/4/3 2314/4/3
f 2326/4/3 2314/4/3 2322/4/3
f 2327/4/3 2323/4/3 2315/4/3
f 2327/5/3 2311/5/3 2326/5/3
f 2327/4/3 2315/4/3 2311/4/3
f 2327/4/3 2324/4/3 2323/4/3
f 2328/4/3 2324/4/3 2327/4/3
f 2329/5/3 2326/5/3 2325/5/3
f 2329/5/3 2327/5/3 2326/5/3
f 2329/5/3 2328/5/3 2327/5/3
f 2330/5/3 2328/5/3 2329/5/3
f 2331/5/3 2328/5/3 2330/5/3
f 2332/5/3 2328/5/3 2331/5/3
f 2333/4/3 2330/4/3 2329/4/3
f 2334/4/3 2330/4/3 2333/4/3
f 2335/4/3 2332/4/3 2331/4/3
f 2336/4/3 2332/4/3 2335/4/3
f 2337/4/3 2318/4/3 2317/4/3
f 2338/4/3 2318/4/3 2337/4/3
f 2339/4/3 2320/4/3 2319/4/3
f 2340/4/3 2320/4/3 2339/4/3
f 2341/4/3 2330/4/3 2334/4/3
f 2342/4/3 2330/4/3 2341/4/3
f 2343/4/3 2335/4/3 2331/4/3
f 2344/4/3 2335/4/3 2343/4/3
f 2345/4/3 2330/4/3 2342/4/3
f 2346/5/3 2331/5/3 2330/5/3
f 2346/4/3 2330/4/3 2345/4/3
f 2347/4/3 2343/4/3 2331/4/3
f 2347/5/3 2331/5/3 2346/5/3
f 2348/4/3 2343/4/3 2347/4/3
f 2353/4/3 2350/4/3 2349/4/3
f 2354/4/3 2350/4/3 2353/4/3
f 2355/4/3 2352/4/3 2351/4/3
f 2356/4/3 2352/4/3 2355/4/3
f 2357/5/3 2299/5/3 2297/5/3
f 2359/5/3 2357/5/3 2297/5/3
f 2359/5/3 2358/5/3 2357/5/3
f 2360/5/3 2358/5/3 2359/5/3
f 2363/5/3 2362/5/3 2361/5/3
f 2365/5/3 2363/5/3 2361/5/3
f 2365/5/3 2364/5/3 2363/5/3
f 2366/5/3 2364/5/3 2365/5/3
f 2368/5/3 2366/5/3 2365/5/3
f 2368/5/3 2367/5/3 2366/5/3
f 2369/5/3 2367/5/3 2368/5/3
f 2405/5/3 2368/5/3 2365/5/3
f 2406/5/3 2368/5/3 2405/5/3
f 2408/2/3 2384/2/3 2383/2/3
f 2408/1/3 2385/1/3 2384/1/3
f 2409/2/3 2386/2/3 2385/2/3
f 2409/1/3 2385/1/3 2408/1/3
f 2410/5/3 2406/5/3 2405/5/3
f 2410/5/3 2407/5/3 2406/5/3
f 2410/1/3 2405/1/3 2404/1/3
f 2411/5/3 2407/5/3 2410/5/3
f 2412/5/3 2407/5/3 2411/5/3
f 2414/2/3 2376/2/3 2375/2/3
f 2414/1/3 2377/1/3 2376/1/3
f 2415/2/3 2378/2/3 2377/2/3
f 2415/1/3 2377/1/3 2414/1/3
f 2416/2/3 2409/2/3 2408/2/3
f 2416/2/3 2408/2/3 2383/2/3
f 2417/2/3 2386/2/3 2409/2/3
f 2417/2/3 2409/2/3 2416/2/3
f 2418/2/3 2400/2/3 2399/2/3
f 2418/1/3 2401/1/3 2400/1/3
f 2419/2/3 2402/2/3 2401/2/3
f 2419/1/3 2401/1/3 2418/1/3
f 2420/2/3 2414/2/3 2375/2/3
f 2420/2/3 2415/2/3 2414/2/3
f 2421/2/3 2378/2/3 2415/2/3
f 2421/2/3 2415/2/3 2420/2/3
f 2422/2/3 2388/2/3 2387/2/3
f 2422/1/3 2389/1/3 2388/1/3
f 2423/2/3 2390/2/3 2389/2/3
f 2423/1/3 2389/1/3 2422/1/3
f 2424/2/3 2392/2/3 2391/2/3
f 2424/1/3 2393/1/3 2392/1/3
f 2425/2/3 2394/2/3 2393/2/3
f 2425/1/3 2393/1/3 2424/1/3
f 2426/2/3 2419/2/3 2418/2/3
f 2426/2/3 2418/2/3 2399/2/3
f 2427/2/3 2402/2/3 2419/2/3
f 2427/2/3 2419/2/3 2426/2/3
f 2428/5/3 2413/5/3 2412/5/3
f 2428/5/3 2412/5/3 2411/5/3
f 2428/2/3 2411/2/3 2410/2/3
f 2429/5/3 2413/5/3 2428/5/3
f 2430/5/3 2413/5/3 2429/5/3
f 2432/2/3 2372/2/3 2371/2/3
f 2432/1/3 2373/1/3 2372/1/3
f 2433/2/3 2374/2/3 2373/2/3
f 2433/1/3 2373/1/3 2432/1/3
f 2434/2/3 2422/2/3 2387/2/3
f 2434/2/3 2423/2/3 2422/2/3
f 2435/2/3 2390/2/3 2423/2/3
f 2435/2/3 2423/2/3 2434/2/3
f 2436/2/3 2424/2/3 2391/2/3
f 2436/2/3 2425/2/3 2424/2/3
f 2437/2/3 2394/2/3 2425/2/3
f 2437/2/3 2425/2/3 2436/2/3
f 2438/2/3 2404/2/3 2403/2/3
f 2438/1/3 2410/1/3 2404/1/3
f 2439/2/3 2428/2/3 2410/2/3
f 2439/1/3 2410/1/3 2438/1/3
f 2440/2/3 2432/2/3 2371/2/3
f 2440/2/3 2433/2/3 2432/2/3
f 2441/2/3 2374/2/3 2433/2/3
f 2441/2/3 2433/2/3 2440/2/3
f 2442/2/3 2380/2/3 2379/2/3
f 2442/1/3 2381/1/3 2380/1/3
f 2443/2/3 2382/2/3 2381/2/3
f 2443/1/3 2381/1/3 2442/1/3
f 2444/2/3 2439/2/3 2438/2/3
f 2444/2/3 2438/2/3 2403/2/3
f 2445/2/3 2428/2/3 2439/2/3
f 2445/2/3 2439/2/3 2444/2/3
f 2446/2/3 2442/2/3 2379/2/3
f 2446/2/3 2443/2/3 2442/2/3
f 2447/2/3 2382/2/3 2443/2/3
f 2447/2/3 2443/2/3 2446/2/3
f 2448/5/3 2431/5/3 2430/5/3
f 2448/5/3 2430/5/3 2429/5/3
f 2448/1/3 2429/1/3 2428/1/3
f 2449/5/3 2431/5/3 2448/5/3
f 2450/5/3 2431/5/3 2449/5/3
f 2451/5/3 2431/5/3 2450/5/3
f 2453/2/3 2396/2/3 2395/2/3
f 2453/1/3 2397/1/3 2396/1/3
f 2454/2/3 2398/2/3 2397/2/3
f 2454/1/3 2397/1/3 2453/1/3
f 2455/2/3 2453/2/3 2395/2/3
f 2455/2/3 2454/2/3 2453/2/3
f 2456/2/3 2398/2/3 2454/2/3
f 2456/2/3 2454/2/3 2455/2/3
f 2457/1/3 2421/1/3 2420/1/3
f 2458/2/3 2378/2/3 2421/2/3
f 2458/1/3 2421/1/3 2457/1/3
f 2459/1/3 2379/1/3 2378/1/3
f 2459/2/3 2378/2/3 2458/2/3
f 2460/2/3 2446/2/3 2379/2/3
f 2460/1/3 2379/1/3 2459/1/3
f 2461/1/3 2447/1/3 2446/1/3
f 2461/2/3 2446/2/3 2460/2/3
f 2462/2/3 2382/2/3 2447/2/3
f 2462/1/3 2447/1/3 2461/1/3
f 2463/1/3 2383/1/3 2382/1/3
f 2463/2/3 2382/2/3 2462/2/3
f 2464/2/3 2416/2/3 2383/2/3
f 2464/1/3 2383/1/3 2463/1/3
f 2465/1/3 2417/1/3 2416/1/3
f 2465/2/3 2416/2/3 2464/2/3
f 2466/1/3 2417/1/3 2465/1/3
f 2467/1/3 2391/1/3 2390/1/3
f 2468/2/3 2436/2/3 2391/2/3
f 2468/1/3 2391/1/3 2467/1/3
f 2469/1/3 2437/1/3 2436/1/3
f 2469/2/3 2436/2/3 2468/2/3
f 2470/2/3 2394/2/3 2437/2/3
f 2470/1/3 2437/1/3 2469/1/3
f 2471/1/3 2395/1/3 2394/1/3
f 2471/2/3 2394/2/3 2470/2/3
f 2472/2/3 2455/2/3 2395/2/3
f 2472/1/3 2395/1/3 2471/1/3
f 2473/1/3 2456/1/3 2455/1/3
f 2473/2/3 2455/2/3 2472/2/3
f 2474/2/3 2398/2/3 2456/2/3
f 2474/1/3 2456/1/3 2473/1/3
f 2475/1/3 2399/1/3 2398/1/3
f 2475/2/3 2398/2/3 2474/2/3
f 2476/2/3 2426/2/3 2399/2/3
f 2476/1/3 2399/1/3 2475/1/3
f 2477/5/3 2452/5/3 2451/5/3
f 2477/5/3 2451/5/3 2450/5/3
f 2477/1/3 2450/1/3 2449/1/3
f 2478/5/3 2452/5/3 2477/5/3
f 2479/5/3 2452/5/3 2478/5/3
f 2480/5/3 2452/5/3 2479/5/3
f 2481/5/3 2452/5/3 2480/5/3
f 2483/5/3 2482/5/3 2481/5/3
f 2483/5/3 2481/5/3 2480/5/3
f 2483/1/3 2480/1/3 2479/1/3
f 2484/5/3 2482/5/3 2483/5/3
f 2485/5/3 2482/5/3 2484/5/3
f 2486/5/3 2482/5/3 2485/5/3
f 2488/2/3 2485/2/3 2484/2/3
f 2488/5/3 2487/5/3 2486/5/3
f 2488/5/3 2486/5/3 2485/5/3
f 2489/5/3 2487/5/3 2488/5/3
f 2490/5/3 2487/5/3 2489/5/3
f 2491/5/3 2487/5/3 2490/5/3
f 2492/5/3 2487/5/3 2491/5/3
f 2494/1/3 2491/1/3 2490/1/3
f 2494/5/3 2493/5/3 2492/5/3
f 2494/5/3 2492/5/3 2491/5/3
f 2495/5/3 2493/5/3 2494/5/3
f 2496/5/3 2493/5/3 2495/5/3
f 2497/5/3 2493/5/3 2496/5/3
f 2499/1/3 2496/1/3 2495/1/3
f 2499/5/3 2498/5/3 2497/5/3
f 2499/5/3 2497/5/3 2496/5/3
f 2500/5/3 2498/5/3 2499/5/3
f 2501/5/3 2498/5/3 2500/5/3
f 2502/5/3 2498/5/3 2501/5/3
f 2504/1/3 2457/1/3 2420/1/3
f 2513/1/3 2417/1/3 2466/1/3
f 2514/1/3 2467/1/3 2390/1/3
f 2523/2/3 2426/2/3 2476/2/3
f 2524/2/3 2518/2/3 2517/2/3
f 2524/1/3 2519/1/3 2518/1/3
f 2525/2/3 2520/2/3 2519/2/3
f 2525/1/3 2519/1/3 2524/1/3
f 2526/2/3 2479/2/3 2478/2/3
f 2526/1/3 2483/1/3 2479/1/3
f 2526/1/3 2484/1/3 2483/1/3
f 2527/2/3 2488/2/3 2484/2/3
f 2527/1/3 2484/1/3 2526/1/3
f 2528/5/3 2503/5/3 2502/5/3
f 2528/1/3 2501/1/3 2500/1/3
f 2528/5/3 2502/5/3 2501/5/3
f 2529/5/3 2503/5/3 2528/5/3
f 2530/5/3 2503/5/3 2529/5/3
f 2531/5/3 2503/5/3 2530/5/3
f 2533/1/3 2371/1/3 2370/1/3
f 2534/2/3 2440/2/3 2371/2/3
f 2534/1/3 2371/1/3 2533/1/3
f 2535/2/3 2506/2/3 2505/2/3
f 2535/1/3 2507/1/3 2506/1/3
f 2536/2/3 2508/2/3 2507/2/3
f 2536/1/3 2507/1/3 2535/1/3
f 2537/1/3 2387/1/3 2386/1/3
f 2537/2/3 2386/2/3 2417/2/3
f 2538/2/3 2434/2/3 2387/2/3
f 2538/1/3 2387/1/3 2537/1/3
f 2539/2/3 2525/2/3 2524/2/3
f 2539/2/3 2524/2/3 2517/2/3
f 2540/2/3 2520/2/3 2525/2/3
f 2540/2/3 2525/2/3 2539/2/3
f 2541/2/3 2402/2/3 2427/2/3
f 2541/1/3 2403/1/3 2402/1/3
f 2542/2/3 2444/2/3 2403/2/3
f 2542/1/3 2403/1/3 2541/1/3
f 2543/1/3 2448/1/3 2428/1/3
f 2543/2/3 2428/2/3 2445/2/3
f 2544/2/3 2449/2/3 2448/2/3
f 2544/1/3 2448/1/3 2543/1/3
f 2545/2/3 2526/2/3 2478/2/3
f 2545/2/3 2527/2/3 2526/2/3
f 2546/2/3 2488/2/3 2527/2/3
f 2546/2/3 2527/2/3 2545/2/3
f 2547/2/3 2534/2/3 2533/2/3
f 2548/2/3 2440/2/3 2534/2/3
f 2548/2/3 2534/2/3 2547/2/3
f 2549/2/3 2536/2/3 2535/2/3
f 2549/2/3 2535/2/3 2505/2/3
f 2550/2/3 2508/2/3 2536/2/3
f 2550/2/3 2536/2/3 2549/2/3
f 2551/2/3 2510/2/3 2509/2/3
f 2551/1/3 2511/1/3 2510/1/3
f 2552/2/3 2512/2/3 2511/2/3
f 2552/1/3 2511/1/3 2551/1/3
f 2553/2/3 2537/2/3 2417/2/3
f 2553/2/3 2538/2/3 2537/2/3
f 2554/2/3 2434/2/3 2538/2/3
f 2554/2/3 2538/2/3 2553/2/3
f 2555/2/3 2390/2/3 2435/2/3
f 2555/1/3 2514/1/3 2390/1/3
f 2555/1/3 2515/1/3 2514/1/3
f 2556/2/3 2516/2/3 2515/2/3
f 2556/1/3 2515/1/3 2555/1/3
f 2557/2/3 2522/2/3 2521/2/3
f 2557/1/3 2523/1/3 2522/1/3
f 2558/2/3 2426/2/3 2523/2/3
f 2558/1/3 2523/1/3 2557/1/3
f 2559/2/3 2541/2/3 2427/2/3
f 2559/2/3 2542/2/3 2541/2/3
f 2560/2/3 2444/2/3 2542/2/3
f 2560/2/3 2542/2/3 2559/2/3
f 2561/2/3 2543/2/3 2445/2/3
f 2561/2/3 2544/2/3 2543/2/3
f 2562/2/3 2449/2/3 2544/2/3
f 2562/2/3 2544/2/3 2561/2/3
f 2563/2/3 2500/2/3 2499/2/3
f 2563/1/3 2528/1/3 2500/1/3
f 2564/2/3 2529/2/3 2528/2/3
f 2564/1/3 2528/1/3 2563/1/3
f 2565/5/3 2532/5/3 2531/5/3
f 2565/1/3 2530/1/3 2529/1/3
f 2565/5/3 2531/5/3 2530/5/3
f 2566/5/3 2532/5/3 2565/5/3
f 2567/5/3 2532/5/3 2566/5/3
f 2568/5/3 2532/5/3 2567/5/3
f 2569/5/3 2532/5/3 2568/5/3
f 2571/2/3 2551/2/3 2509/2/3
f 2571/2/3 2552/2/3 2551/2/3
f 2572/2/3 2512/2/3 2552/2/3
f 2572/2/3 2552/2/3 2571/2/3
f 2573/2/3 2555/2/3 2435/2/3
f 2573/2/3 2556/2/3 2555/2/3
f 2574/2/3 2516/2/3 2556/2/3
f 2574/2/3 2556/2/3 2573/2/3
f 2575/2/3 2558/2/3 2557/2/3
f 2575/2/3 2557/2/3 2521/2/3
f 2576/2/3 2426/2/3 2558/2/3
f 2576/2/3 2558/2/3 2575/2/3
f 2577/1/3 2478/1/3 2477/1/3
f 2577/2/3 2545/2/3 2478/2/3
f 2578/1/3 2546/1/3 2545/1/3
f 2578/2/3 2545/2/3 2577/2/3
f 2579/2/3 2488/2/3 2546/2/3
f 2579/1/3 2546/1/3 2578/1/3
f 2580/1/3 2489/1/3 2488/1/3
f 2580/2/3 2488/2/3 2579/2/3
f 2581/2/3 2490/2/3 2489/2/3
f 2581/1/3 2489/1/3 2580/1/3
f 2582/1/3 2494/1/3 2490/1/3
f 2582/2/3 2490/2/3 2581/2/3
f 2583/2/3 2495/2/3 2494/2/3
f 2583/1/3 2494/1/3 2582/1/3
f 2584/2/3 2563/2/3 2499/2/3
f 2584/2/3 2564/2/3 2563/2/3
f 2585/2/3 2529/2/3 2564/2/3
f 2585/2/3 2564/2/3 2584/2/3
f 2586/1/3 2375/1/3 2374/1/3
f 2586/2/3 2374/2/3 2441/2/3
f 2587/2/3 2420/2/3 2375/2/3
f 2587/1/3 2375/1/3 2586/1/3
f 2588/2/3 2582/2/3 2581/2/3
f 2588/2/3 2583/2/3 2582/2/3
f 2589/2/3 2495/2/3 2583/2/3
f 2589/2/3 2583/2/3 2588/2/3
f 2590/2/3 2586/2/3 2441/2/3
f 2590/2/3 2587/2/3 2586/2/3
f 2591/2/3 2420/2/3 2587/2/3
f 2591/2/3 2587/2/3 2590/2/3
f 2592/2/3 2449/2/3 2562/2/3
f 2592/1/3 2562/1/3 2561/1/3
f 2593/1/3 2477/1/3 2449/1/3
f 2593/2/3 2449/2/3 2592/2/3
f 2593/1/3 2577/1/3 2477/1/3
f 2594/1/3 2577/1/3 2593/1/3
f 2595/2/3 2588/2/3 2581/2/3
f 2596/1/3 2589/1/3 2588/1/3
f 2596/2/3 2588/2/3 2595/2/3
f 2597/2/3 2495/2/3 2589/2/3
f 2597/1/3 2589/1/3 2596/1/3
f 2598/1/3 2568/1/3 2567/1/3
f 2598/2/3 2567/2/3 2566/2/3
f 2599/5/3 2570/5/3 2569/5/3
f 2599/1/3 2568/1/3 2598/1/3
f 2599/5/3 2569/5/3 2568/5/3
f 2600/5/3 2570/5/3 2599/5/3
f 2601/5/3 2570/5/3 2600/5/3
f 2603/2/3 2598/2/3 2566/2/3
f 2603/2/3 2600/2/3 2599/2/3
f 2603/2/3 2599/2/3 2598/2/3
f 2604/2/3 2600/2/3 2603/2/3
f 2605/1/3 2504/1/3 2420/1/3
f 2605/1/3 2505/1/3 2504/1/3
f 2606/2/3 2549/2/3 2505/2/3
f 2606/1/3 2505/1/3 2605/1/3
f 2607/1/3 2550/1/3 2549/1/3
f 2607/2/3 2549/2/3 2606/2/3
f 2608/2/3 2508/2/3 2550/2/3
f 2608/1/3 2550/1/3 2607/1/3
f 2609/1/3 2509/1/3 2508/1/3
f 2609/2/3 2508/2/3 2608/2/3
f 2610/2/3 2571/2/3 2509/2/3
f 2610/1/3 2509/1/3 2609/1/3
f 2611/1/3 2572/1/3 2571/1/3
f 2611/2/3 2571/2/3 2610/2/3
f 2612/2/3 2512/2/3 2572/2/3
f 2612/1/3 2572/1/3 2611/1/3
f 2613/1/3 2513/1/3 2512/1/3
f 2613/2/3 2512/2/3 2612/2/3
f 2614/1/3 2417/1/3 2513/1/3
f 2614/1/3 2513/1/3 2613/1/3
f 2615/1/3 2574/1/3 2573/1/3
f 2616/2/3 2516/2/3 2574/2/3
f 2616/1/3 2574/1/3 2615/1/3
f 2617/1/3 2517/1/3 2516/1/3
f 2617/2/3 2516/2/3 2616/2/3
f 2618/2/3 2539/2/3 2517/2/3
f 2618/1/3 2517/1/3 2617/1/3
f 2619/1/3 2540/1/3 2539/1/3
f 2619/2/3 2539/2/3 2618/2/3
f 2620/2/3 2520/2/3 2540/2/3
f 2620/1/3 2540/1/3 2619/1/3
f 2621/1/3 2521/1/3 2520/1/3
f 2621/2/3 2520/2/3 2620/2/3
f 2622/2/3 2575/2/3 2521/2/3
f 2622/1/3 2521/1/3 2621/1/3
f 2623/1/3 2576/1/3 2575/1/3
f 2623/2/3 2575/2/3 2622/2/3
f 2624/2/3 2426/2/3 2576/2/3
f 2624/1/3 2576/1/3 2623/1/3
f 2625/5/3 2602/5/3 2601/5/3
f 2625/5/3 2601/5/3 2600/5/3
f 2625/2/3 2600/2/3 2604/2/3
f 2626/5/3 2602/5/3 2625/5/3
f 2627/5/3 2602/5/3 2626/5/3
f 2628/5/3 2602/5/3 2627/5/3
f 2629/5/3 2602/5/3 2628/5/3
f 2631/1/3 2592/1/3 2561/1/3
f 2632/1/3 2592/1/3 2631/1/3
f 2633/2/3 2495/2/3 2597/2/3
f 2634/1/3 2499/1/3 2495/1/3
f 2634/2/3 2495/2/3 2633/2/3
f 2635/1/3 2499/1/3 2634/1/3
f 2636/2/3 2529/2/3 2585/2/3
f 2636/1/3 2565/1/3 2529/1/3
f 2636/1/3 2566/1/3 2565/1/3
f 2637/2/3 2603/2/3 2566/2/3
f 2637/1/3 2566/1/3 2636/1/3
f 2638/2/3 2625/2/3 2604/2/3
f 2638/1/3 2626/1/3 2625/1/3
f 2639/2/3 2627/2/3 2626/2/3
f 2639/1/3 2626/1/3 2638/1/3
f 2640/5/3 2630/5/3 2629/5/3
f 2640/5/3 2629/5/3 2628/5/3
f 2640/1/3 2628/1/3 2627/1/3
f 2641/5/3 2630/5/3 2640/5/3
f 2642/2/3 2636/2/3 2585/2/3
f 2642/2/3 2637/2/3 2636/2/3
f 2643/2/3 2603/2/3 2637/2/3
f 2643/2/3 2637/2/3 2642/2/3
f 2644/2/3 2639/2/3 2638/2/3
f 2644/2/3 2638/2/3 2604/2/3
f 2645/2/3 2627/2/3 2639/2/3
f 2645/2/3 2639/2/3 2644/2/3
f 2646/1/3 2645/1/3 2644/1/3
f 2647/2/3 2627/2/3 2645/2/3
f 2647/1/3 2645/1/3 2646/1/3
f 2648/1/3 2641/1/3 2640/1/3
f 2648/2/3 2627/2/3 2647/2/3
f 2648/1/3 2640/1/3 2627/1/3
f 2649/5/3 2630/5/3 2641/5/3
f 2649/1/3 2641/1/3 2648/1/3
f 2650/1/3 2499/1/3 2635/1/3
f 2651/2/3 2584/2/3 2499/2/3
f 2651/1/3 2499/1/3 2650/1/3
f 2652/2/3 2651/2/3 2650/2/3
f 2653/2/3 2584/2/3 2651/2/3
f 2653/2/3 2651/2/3 2652/2/3
f 2654/1/3 2604/1/3 2603/1/3
f 2655/2/3 2644/2/3 2604/2/3
f 2655/1/3 2604/1/3 2654/1/3
f 2656/1/3 2646/1/3 2644/1/3
f 2656/2/3 2644/2/3 2655/2/3
f 2657/5/3 2648/5/3 2647/5/3
f 2657/1/3 2646/1/3 2656/1/3
f 2657/5/3 2647/5/3 2646/5/3
f 2657/5/3 2649/5/3 2648/5/3
f 2658/5/3 2630/5/3 2649/5/3
f 2658/5/3 2649/5/3 2657/5/3
f 2659/5/3 2630/5/3 2658/5/3
f 2660/1/3 2631/1/3 2561/1/3
f 2664/1/3 2653/1/3 2652/1/3
f 2665/1/3 2605/1/3 2420/1/3
f 2674/1/3 2417/1/3 2614/1/3
f 2675/1/3 2615/1/3 2573/1/3
f 2684/2/3 2426/2/3 2624/2/3
f 2685/2/3 2603/2/3 2643/2/3
f 2685/1/3 2643/1/3 2642/1/3
f 2686/1/3 2654/1/3 2603/1/3
f 2686/2/3 2603/2/3 2685/2/3
f 2687/5/3 2656/5/3 2655/5/3
f 2687/1/3 2654/1/3 2686/1/3
f 2687/5/3 2657/5/3 2656/5/3
f 2687/5/3 2655/5/3 2654/5/3
f 2687/5/3 2658/5/3 2657/5/3
f 2688/5/3 2658/5/3 2687/5/3
f 2689/5/3 2658/5/3 2688/5/3
f 2690/1/3 2441/1/3 2440/1/3
f 2690/2/3 2440/2/3 2548/2/3
f 2691/2/3 2590/2/3 2441/2/3
f 2691/1/3 2441/1/3 2690/1/3
f 2692/2/3 2690/2/3 2548/2/3
f 2692/2/3 2691/2/3 2690/2/3
f 2693/2/3 2590/2/3 2691/2/3
f 2693/2/3 2691/2/3 2692/2/3
f 2694/2/3 2677/2/3 2676/2/3
f 2694/1/3 2678/1/3 2677/1/3
f 2695/2/3 2679/2/3 2678/2/3
f 2695/1/3 2678/1/3 2694/1/3
f 2696/1/3 2661/1/3 2660/1/3
f 2701/2/3 2663/2/3 2662/2/3
f 2702/2/3 2669/2/3 2668/2/3
f 2702/1/3 2670/1/3 2669/1/3
f 2703/2/3 2671/2/3 2670/2/3
f 2703/1/3 2670/1/3 2702/1/3
f 2704/2/3 2694/2/3 2676/2/3
f 2704/2/3 2695/2/3 2694/2/3
f 2705/2/3 2679/2/3 2695/2/3
f 2705/2/3 2695/2/3 2704/2/3
f 2706/1/3 2427/1/3 2426/1/3
f 2706/2/3 2426/2/3 2684/2/3
f 2707/2/3 2559/2/3 2427/2/3
f 2707/1/3 2427/1/3 2706/1/3
f 2708/1/3 2685/1/3 2642/1/3
f 2709/5/3 2686/5/3 2685/5/3
f 2709/1/3 2685/1/3 2708/1/3
f 2709/5/3 2688/5/3 2687/5/3
f 2709/5/3 2687/5/3 2686/5/3
f 2710/5/3 2688/5/3 2709/5/3
f 2711/5/3 2688/5/3 2710/5/3
f 2712/2/3 2702/2/3 2668/2/3
f 2712/2/3 2703/2/3 2702/2/3
f 2713/2/3 2671/2/3 2703/2/3
f 2713/2/3 2703/2/3 2712/2/3
f 2714/2/3 2673/2/3 2672/2/3
f 2714/1/3 2674/1/3 2673/1/3
f 2715/2/3 2553/2/3 2417/2/3
f 2715/1/3 2674/1/3 2714/1/3
f 2715/1/3 2417/1/3 2674/1/3
f 2716/2/3 2706/2/3 2684/2/3
f 2716/2/3 2707/2/3 2706/2/3
f 2717/2/3 2559/2/3 2707/2/3
f 2717/2/3 2707/2/3 2716/2/3
f 2718/2/3 2444/2/3 2560/2/3
f 2718/1/3 2445/1/3 2444/1/3
f 2719/2/3 2561/2/3 2445/2/3
f 2719/1/3 2445/1/3 2718/1/3
f 2720/1/3 2698/1/3 2697/1/3
f 2724/2/3 2700/2/3 2699/2/3
f 2725/2/3 2420/2/3 2591/2/3
f 2725/1/3 2665/1/3 2420/1/3
f 2725/1/3 2666/1/3 2665/1/3
f 2726/2/3 2667/2/3 2666/2/3
f 2726/1/3 2666/1/3 2725/1/3
f 2727/2/3 2715/2/3 2714/2/3
f 2727/2/3 2714/2/3 2672/2/3
f 2728/2/3 2553/2/3 2715/2/3
f 2728/2/3 2715/2/3 2727/2/3
f 2729/1/3 2435/1/3 2434/1/3
f 2729/2/3 2434/2/3 2554/2/3
f 2730/2/3 2573/2/3 2435/2/3
f 2730/1/3 2435/1/3 2729/1/3
f 2731/2/3 2718/2/3 2560/2/3
f 2731/2/3 2719/2/3 2718/2/3
f 2732/2/3 2561/2/3 2719/2/3
f 2732/2/3 2719/2/3 2731/2/3
f 2733/1/3 2585/1/3 2584/1/3
f 2734/2/3 2642/2/3 2585/2/3
f 2734/1/3 2585/1/3 2733/1/3
f 2735/1/3 2708/1/3 2642/1/3
f 2735/2/3 2642/2/3 2734/2/3
f 2736/5/3 2709/5/3 2708/5/3
f 2736/1/3 2708/1/3 2735/1/3
f 2736/5/3 2710/5/3 2709/5/3
f 2737/5/3 2710/5/3 2736/5/3
f 2738/5/3 2710/5/3 2737/5/3
f 2739/2/3 2726/2/3 2725/2/3
f 2739/2/3 2725/2/3 2591/2/3
f 2740/2/3 2667/2/3 2726/2/3
f 2740/2/3 2726/2/3 2739/2/3
f 2741/2/3 2729/2/3 2554/2/3
f 2741/2/3 2730/2/3 2729/2/3
f 2742/2/3 2573/2/3 2730/2/3
f 2742/2/3 2730/2/3 2741/2/3
f 2743/1/3 2682/1/3 2681/1/3
f 2743/2/3 2681/2/3 2680/2/3
f 2744/2/3 2683/2/3 2682/2/3
f 2744/1/3 2682/1/3 2743/1/3
f 2745/2/3 2700/2/3 2724/2/3
f 2745/1/3 2701/1/3 2700/1/3
f 2746/2/3 2663/2/3 2701/2/3
f 2746/1/3 2701/1/3 2745/1/3
f 2747/2/3 2743/2/3 2680/2/3
f 2747/2/3 2744/2/3 2743/2/3
f 2748/2/3 2683/2/3 2744/2/3
f 2748/2/3 2744/2/3 2747/2/3
f 2749/2/3 2746/2/3 2745/2/3
f 2749/2/3 2745/2/3 2724/2/3
f 2750/2/3 2663/2/3 2746/2/3
f 2750/2/3 2746/2/3 2749/2/3
f 2751/1/3 2740/1/3 2739/1/3
f 2752/2/3 2667/2/3 2740/2/3
f 2752/1/3 2740/1/3 2751/1/3
f 2753/1/3 2668/1/3 2667/1/3
f 2753/2/3 2667/2/3 2752/2/3
f 2754/2/3 2712/2/3 2668/2/3
f 2754/1/3 2668/1/3 2753/1/3
f 2755/1/3 2713/1/3 2712/1/3
f 2755/2/3 2712/2/3 2754/2/3
f 2756/2/3 2671/2/3 2713/2/3
f 2756/1/3 2713/1/3 2755/1/3
f 2757/1/3 2672/1/3 2671/1/3
f 2757/2/3 2671/2/3 2756/2/3
f 2758/2/3 2727/2/3 2672/2/3
f 2758/1/3 2672/1/3 2757/1/3
f 2759/1/3 2728/1/3 2727/1/3
f 2759/2/3 2727/2/3 2758/2/3
f 2760/1/3 2728/1/3 2759/1/3
f 2761/1/3 2675/1/3 2573/1/3
f 2761/1/3 2676/1/3 2675/1/3
f 2762/2/3 2704/2/3 2676/2/3
f 2762/1/3 2676/1/3 2761/1/3
f 2763/1/3 2705/1/3 2704/1/3
f 2763/2/3 2704/2/3 2762/2/3
f 2764/2/3 2679/2/3 2705/2/3
f 2764/1/3 2705/1/3 2763/1/3
f 2765/1/3 2680/1/3 2679/1/3
f 2765/2/3 2679/2/3 2764/2/3
f 2766/2/3 2747/2/3 2680/2/3
f 2766/1/3 2680/1/3 2765/1/3
f 2767/1/3 2748/1/3 2747/1/3
f 2767/2/3 2747/2/3 2766/2/3
f 2768/2/3 2683/2/3 2748/2/3
f 2768/1/3 2748/1/3 2767/1/3
f 2769/1/3 2684/1/3 2683/1/3
f 2769/2/3 2683/2/3 2768/2/3
f 2770/2/3 2716/2/3 2684/2/3
f 2770/1/3 2684/1/3 2769/1/3
f 2771/1/3 2664/1/3 2663/1/3
f 2771/2/3 2584/2/3 2653/2/3
f 2771/1/3 2653/1/3 2664/1/3
f 2772/1/3 2733/1/3 2584/1/3
f 2772/2/3 2584/2/3 2771/2/3
f 2773/5/3 2734/5/3 2733/5/3
f 2773/1/3 2733/1/3 2772/1/3
f 2773/5/3 2737/5/3 2736/5/3
f 2773/5/3 2735/5/3 2734/5/3
f 2773/5/3 2736/5/3 2735/5/3
f 2774/5/3 2737/5/3 2773/5/3
f 2775/5/3 2737/5/3 2774/5/3
f 2776/2/3 2663/2/3 2750/2/3
f 2776/1/3 2750/1/3 2749/1/3
f 2777/1/3 2771/1/3 2663/1/3
f 2777/2/3 2663/2/3 2776/2/3
f 2778/5/3 2772/5/3 2771/5/3
f 2778/1/3 2771/1/3 2777/1/3
f 2778/5/3 2774/5/3 2773/5/3
f 2778/5/3 2773/5/3 2772/5/3
f 2779/5/3 2774/5/3 2778/5/3
f 2780/5/3 2774/5/3 2779/5/3
f 2781/2/3 2721/2/3 2720/2/3
f 2781/1/3 2722/1/3 2721/1/3
f 2782/2/3 2723/2/3 2722/2/3
f 2782/1/3 2722/1/3 2781/1/3
f 2783/2/3 2749/2/3 2724/2/3
f 2783/1/3 2776/1/3 2749/1/3
f 2784/5/3 2777/5/3 2776/5/3
f 2784/1/3 2776/1/3 2783/1/3
f 2784/5/3 2779/5/3 2778/5/3
f 2784/5/3 2778/5/3 2777/5/3
f 2785/5/3 2779/5/3 2784/5/3
f 2786/5/3 2779/5/3 2785/5/3
f 2787/2/3 2782/2/3 2781/2/3
f 2787/2/3 2781/2/3 2720/2/3
f 2788/2/3 2723/2/3 2782/2/3
f 2788/2/3 2782/2/3 2787/2/3
f 2789/2/3 2561/2/3 2732/2/3
f 2789/1/3 2696/1/3 2660/1/3
f 2789/1/3 2660/1/3 2561/1/3
f 2790/2/3 2697/2/3 2696/2/3
f 2790/1/3 2696/1/3 2789/1/3
f 2791/2/3 2723/2/3 2788/2/3
f 2791/1/3 2724/1/3 2723/1/3
f 2792/2/3 2783/2/3 2724/2/3
f 2792/1/3 2724/1/3 2791/1/3
f 2793/5/3 2785/5/3 2784/5/3
f 2793/2/3 2783/2/3 2792/2/3
f 2793/5/3 2784/5/3 2783/5/3
f 2794/5/3 2785/5/3 2793/5/3
f 2795/5/3 2785/5/3 2794/5/3
f 2796/2/3 2789/2/3 2732/2/3
f 2796/2/3 2790/2/3 2789/2/3
f 2797/2/3 2697/2/3 2790/2/3
f 2797/2/3 2790/2/3 2796/2/3
f 2798/2/3 2787/2/3 2720/2/3
f 2798/1/3 2720/1/3 2697/1/3
f 2799/1/3 2788/1/3 2787/1/3
f 2799/2/3 2787/2/3 2798/2/3
f 2800/2/3 2791/2/3 2788/2/3
f 2800/1/3 2788/1/3 2799/1/3
f 2801/5/3 2794/5/3 2793/5/3
f 2801/2/3 2791/2/3 2800/2/3
f 2801/5/3 2792/5/3 2791/5/3
f 2801/5/3 2793/5/3 2792/5/3
f 2802/5/3 2794/5/3 2801/5/3
f 2803/5/3 2794/5/3 2802/5/3
f 2804/1/3 2751/1/3 2739/1/3
f 2813/1/3 2728/1/3 2760/1/3
f 2814/1/3 2761/1/3 2573/1/3
f 2823/2/3 2716/2/3 2770/2/3
f 2824/1/3 2798/1/3 2697/1/3
f 2825/5/3 2799/5/3 2798/5/3
f 2825/1/3 2798/1/3 2824/1/3
f 2825/5/3 2800/5/3 2799/5/3
f 2825/5/3 2801/5/3 2800/5/3
f 2825/5/3 2802/5/3 2801/5/3
f 2826/5/3 2802/5/3 2825/5/3
f 2827/5/3 2802/5/3 2826/5/3
f 2828/2/3 2573/2/3 2742/2/3
f 2828/1/3 2814/1/3 2573/1/3
f 2828/1/3 2815/1/3 2814/1/3
f 2829/2/3 2816/2/3 2815/2/3
f 2829/1/3 2815/1/3 2828/1/3
f 2830/2/3 2828/2/3 2742/2/3
f 2830/2/3 2829/2/3 2828/2/3
f 2831/2/3 2816/2/3 2829/2/3
f 2831/2/3 2829/2/3 2830/2/3
f 2832/2/3 2822/2/3 2821/2/3
f 2832/1/3 2823/1/3 2822/1/3
f 2833/2/3 2716/2/3 2823/2/3
f 2833/1/3 2823/1/3 2832/1/3
f 2834/1/3 2591/1/3 2590/1/3
f 2834/2/3 2590/2/3 2693/2/3
f 2835/2/3 2739/2/3 2591/2/3
f 2835/1/3 2591/1/3 2834/1/3
f 2836/2/3 2810/2/3 2809/2/3
f 2836/1/3 2811/1/3 2810/1/3
f 2837/2/3 2812/2/3 2811/2/3
f 2837/1/3 2811/1/3 2836/1/3
f 2838/2/3 2832/2/3 2821/2/3
f 2838/2/3 2833/2/3 2832/2/3
f 2839/2/3 2716/2/3 2833/2/3
f 2839/2/3 2833/2/3 2838/2/3
f 2840/2/3 2559/2/3 2717/2/3
f 2840/1/3 2560/1/3 2559/1/3
f 2841/2/3 2731/2/3 2560/2/3
f 2841/1/3 2560/1/3 2840/1/3
f 2842/2/3 2796/2/3 2732/2/3
f 2842/1/3 2732/1/3 2731/1/3
f 2843/1/3 2797/1/3 2796/1/3
f 2843/2/3 2796/2/3 2842/2/3
f 2844/2/3 2697/2/3 2797/2/3
f 2844/1/3 2797/1/3 2843/1/3
f 2845/1/3 2824/1/3 2697/1/3
f 2845/2/3 2697/2/3 2844/2/3
f 2846/5/3 2826/5/3 2825/5/3
f 2846/1/3 2824/1/3 2845/1/3
f 2846/5/3 2825/5/3 2824/5/3
f 2847/5/3 2826/5/3 2846/5/3
f 2848/5/3 2826/5/3 2847/5/3
f 2849/1/3 2548/1/3 2547/1/3
f 2850/2/3 2692/2/3 2548/2/3
f 2850/1/3 2548/1/3 2849/1/3
f 2851/2/3 2834/2/3 2693/2/3
f 2851/2/3 2835/2/3 2834/2/3
f 2852/2/3 2739/2/3 2835/2/3
f 2852/2/3 2835/2/3 2851/2/3
f 2853/2/3 2837/2/3 2836/2/3
f 2853/2/3 2836/2/3 2809/2/3
f 2854/2/3 2812/2/3 2837/2/3
f 2854/2/3 2837/2/3 2853/2/3
f 2855/2/3 2818/2/3 2817/2/3
f 2855/1/3 2819/1/3 2818/1/3
f 2856/2/3 2820/2/3 2819/2/3
f 2856/1/3 2819/1/3 2855/1/3
f 2857/2/3 2840/2/3 2717/2/3
f 2857/2/3 2841/2/3 2840/2/3
f 2858/2/3 2731/2/3 2841/2/3
f 2858/2/3 2841/2/3 2857/2/3
f 2859/2/3 2850/2/3 2849/2/3
f 2860/2/3 2692/2/3 2850/2/3
f 2860/2/3 2850/2/3 2859/2/3
f 2861/2/3 2806/2/3 2805/2/3
f 2861/1/3 2807/1/3 2806/1/3
f 2862/2/3 2808/2/3 2807/2/3
f 2862/1/3 2807/1/3 2861/1/3
f 2863/1/3 2554/1/3 2553/1/3
f 2863/2/3 2553/2/3 2728/2/3
f 2864/2/3 2741/2/3 2554/2/3
f 2864/1/3 2554/1/3 2863/1/3
f 2865/2/3 2856/2/3 2855/2/3
f 2865/2/3 2855/2/3 2817/2/3
f 2866/2/3 2820/2/3 2856/2/3
f 2866/2/3 2856/2/3 2865/2/3
f 2867/5/3 2843/5/3 2842/5/3
f 2867/5/3 2844/5/3 2843/5/3
f 2867/5/3 2845/5/3 2844/5/3
f 2867/5/3 2846/5/3 2845/5/3
f 2867/5/3 2847/5/3 2846/5/3
f 2868/5/3 2847/5/3 2867/5/3
f 2869/2/3 2862/2/3 2861/2/3
f 2869/2/3 2861/2/3 2805/2/3
f 2870/2/3 2808/2/3 2862/2/3
f 2870/2/3 2862/2/3 2869/2/3
f 2871/2/3 2863/2/3 2728/2/3
f 2871/2/3 2864/2/3 2863/2/3
f 2872/2/3 2741/2/3 2864/2/3
f 2872/2/3 2864/2/3 2871/2/3
f 2873/1/3 2860/1/3 2859/1/3
f 2874/2/3 2692/2/3 2860/2/3
f 2874/1/3 2860/1/3 2873/1/3
f 2875/1/3 2693/1/3 2692/1/3
f 2875/2/3 2692/2/3 2874/2/3
f 2876/2/3 2851/2/3 2693/2/3
f 2876/1/3 2693/1/3 2875/1/3
f 2877/1/3 2852/1/3 2851/1/3
f 2877/2/3 2851/2/3 2876/2/3
f 2878/2/3 2739/2/3 2852/2/3
f 2878/1/3 2852/1/3 2877/1/3
f 2879/1/3 2804/1/3 2739/1/3
f 2879/2/3 2739/2/3 2878/2/3
f 2879/1/3 2805/1/3 2804/1/3
f 2880/2/3 2869/2/3 2805/2/3
f 2880/1/3 2805/1/3 2879/1/3
f 2881/1/3 2870/1/3 2869/1/3
f 2881/2/3 2869/2/3 2880/2/3
f 2882/2/3 2808/2/3 2870/2/3
f 2882/1/3 2870/1/3 2881/1/3
f 2883/1/3 2809/1/3 2808/1/3
f 2883/2/3 2808/2/3 2882/2/3
f 2884/2/3 2853/2/3 2809/2/3
f 2884/1/3 2809/1/3 2883/1/3
f 2885/1/3 2854/1/3 2853/1/3
f 2885/2/3 2853/2/3 2884/2/3
f 2886/2/3 2812/2/3 2854/2/3
f 2886/1/3 2854/1/3 2885/1/3
f 2887/1/3 2813/1/3 2812/1/3
f 2887/2/3 2812/2/3 2886/2/3
f 2888/2/3 2871/2/3 2728/2/3
f 2888/1/3 2813/1/3 2887/1/3
f 2888/1/3 2728/1/3 2813/1/3
f 2889/1/3 2872/1/3 2871/1/3
f 2889/2/3 2871/2/3 2888/2/3
f 2890/2/3 2741/2/3 2872/2/3
f 2890/1/3 2872/1/3 2889/1/3
f 2891/1/3 2742/1/3 2741/1/3
f 2891/2/3 2741/2/3 2890/2/3
f 2892/2/3 2830/2/3 2742/2/3
f 2892/1/3 2742/1/3 2891/1/3
f 2893/1/3 2831/1/3 2830/1/3
f 2893/2/3 2830/2/3 2892/2/3
f 2894/2/3 2816/2/3 2831/2/3
f 2894/1/3 2831/1/3 2893/1/3
f 2895/1/3 2817/1/3 2816/1/3
f 2895/2/3 2816/2/3 2894/2/3
f 2896/2/3 2865/2/3 2817/2/3
f 2896/1/3 2817/1/3 2895/1/3
f 2897/1/3 2866/1/3 2865/1/3
f 2897/2/3 2865/2/3 2896/2/3
f 2898/2/3 2820/2/3 2866/2/3
f 2898/1/3 2866/1/3 2897/1/3
f 2899/1/3 2821/1/3 2820/1/3
f 2899/2/3 2820/2/3 2898/2/3
f 2900/2/3 2838/2/3 2821/2/3
f 2900/1/3 2821/1/3 2899/1/3
f 2901/1/3 2839/1/3 2838/1/3
f 2901/2/3 2838/2/3 2900/2/3
f 2902/2/3 2716/2/3 2839/2/3
f 2902/1/3 2839/1/3 2901/1/3
f 2903/1/3 2717/1/3 2716/1/3
f 2903/2/3 2716/2/3 2902/2/3
f 2904/2/3 2857/2/3 2717/2/3
f 2904/1/3 2717/1/3 2903/1/3
f 2905/1/3 2858/1/3 2857/1/3
f 2905/2/3 2857/2/3 2904/2/3
f 2906/2/3 2731/2/3 2858/2/3
f 2906/1/3 2858/1/3 2905/1/3
f 2907/1/3 2842/1/3 2731/1/3
f 2907/2/3 2731/2/3 2906/2/3
f 2908/5/3 2867/5/3 2842/5/3
f 2908/1/3 2842/1/3 2907/1/3
f 2909/5/3 2867/5/3 2908/5/3
f 2910/5/3 2867/5/3 2909/5/3
f 2911/5/3 2909/5/3 2908/5/3
f 2913/5/3 2911/5/3 2908/5/3
f 2913/5/3 2912/5/3 2911/5/3
f 2914/5/3 2912/5/3 2913/5/3
f 2915/5/3 2912/5/3 2914/5/3
f 2916/5/3 2914/5/3 2913/5/3
f 2917/5/3 2914/5/3 2916/5/3
f 2918/5/3 2916/5/3 2913/5/3
f 2919/5/3 2916/5/3 2918/5/3
f 2924/5/3 2921/5/3 2920/5/3
f 2925/5/3 2921/5/3 2924/5/3
f 2926/5/3 2921/5/3 2925/5/3
f 2927/5/3 2921/5/3 2926/5/3
f 2928/5/3 2921/5/3 2927/5/3
f 2929/5/3 2921/5/3 2928/5/3
f 2930/5/3 2921/5/3 2929/5/3
f 2931/5/3 2921/5/3 2930/5/3
f 2932/5/3 2921/5/3 2931/5/3
f 2933/5/3 2921/5/3 2932/5/3
f 2934/5/3 2923/5/3 2922/5/3
f 2935/5/3 2923/5/3 2934/5/3
f 2936/5/3 2923/5/3 2935/5/3
f 2937/5/3 2923/5/3 2936/5/3
f 2938/5/3 2923/5/3 2937/5/3
f 2939/5/3 2923/5/3 2938/5/3
f 2940/5/3 2923/5/3 2939/5/3
f 2941/5/3 2923/5/3 2940/5/3
f 2942/5/3 2923/5/3 2941/5/3
f 2943/5/3 2923/5/3 2942/5/3
f 2948/5/3 2945/5/3 2944/5/3
f 2949/5/3 2945/5/3 2948/5/3
f 2950/5/3 2947/5/3 2946/5/3
f 2951/5/3 2947/5/3 2950/5/3
f 2954/3/3 2953/3/3 2952/3/3
f 2955/3/3 2953/3/3 2954/3/3
f 2958/3/3 2957/3/3 2956/3/3
f 2959/3/3 2957/3/3 2958/3/3
f 2960/3/3 2957/3/3 2959/3/3
f 2961/3/3 2957/3/3 2960/3/3
f 2962/3/3 2957/3/3 2961/3/3
f 2963/3/3 2957/3/3 2962/3/3
f 2964/3/3 2957/3/3 2963/3/3
f 2965/3/3 2957/3/3 2964/3/3
f 2966/3/3 2957/3/3 2965/3/3
f 2967/3/3 2957/3/3 2966/3/3
f 2968/3/3 2957/3/3 2967/3/3
f 2969/3/3 2957/3/3 2968/3/3
f 2970/3/3 2957/3/3 2969/3/3
f 2975/5/3 2972/5/3 2971/5/3
f 2976/5/3 2972/5/3 2975/5/3
f 2977/5/3 2972/5/3 2976/5/3
f 2978/5/3 2972/5/3 2977/5/3
f 2979/5/3 2972/5/3 2978/5/3
f 2980/5/3 2972/5/3 2979/5/3
f 2981/5/3 2972/5/3 2980/5/3
f 2982/5/3 2972/5/3 2981/5/3
f 2983/5/3 2972/5/3 2982/5/3
f 2984/5/3 2972/5/3 2983/5/3
f 2985/5/3 2974/5/3 2973/5/3
f 2986/5/3 2974/5/3 2985/5/3
f 2987/5/3 2974/5/3 2986/5/3
f 2988/5/3 2974/5/3 2987/5/3
f 2989/5/3 2974/5/3 2988/5/3
f 2990/5/3 2974/5/3 2989/5/3
f 2991/5/3 2974/5/3 2990/5/3
f 2992/5/3 2974/5/3 2991/5/3
f 2993/5/3 2974/5/3 2992/5/3
f 2994/5/3 2974/5/3 2993/5/3
f 2997/3/3 2996/3/3 2995/3/3
f 2998/3/3 2996/3/3 2997/3/3
f 3003/5/3 3000/5/3 2999/5/3
f 3004/5/3 3000/5/3 3003/5/3
f 3005/5/3 3002/5/3 3001/5/3
f 3006/5/3 3002/5/3 3005/5/3
f 3009/5/3 3008/5/3 3007/5/3
f 3010/5/3 3008/5/3 3009/5/3
f 3011/5/3 3009/5/3 3007/5/3
f 3012/5/3 3008/5/3 3010/5/3
f 3013/5/3 3011/5/3 3007/5/3
f 3013/5/3 3012/5/3 3011/5/3
f 3014/5/3 3008/5/3 3012/5/3
f 3014/5/3 3012/5/3 3013/5/3
f 3019/4/3 3018/4/3 3017/4/3
f 3020/4/3 3018/4/3 3019/4/3
f 3021/5/3 3016/5/3 3015/5/3
f 3022/5/3 3016/5/3 3021/5/3
f 3026/5/3 3024/5/3 3023/5/3
f 3027/5/3 3024/5/3 3026/5/3
f 3028/2/3 3026/2/3 3025/2/3
f 3029/2/3 3026/2/3 3028/2/3
f 3030/2/3 3026/2/3 3029/2/3
f 3031/2/3 3026/2/3 3030/2/3
f 3032/2/3 3026/2/3 3031/2/3
f 3033/2/3 3026/2/3 3032/2/3
f 3034/2/3 3026/2/3 3033/2/3
f 3035/2/3 3026/2/3 3034/2/3
f 3036/2/3 3026/2/3 3035/2/3
f 3037/2/3 3026/2/3 3036/2/3
f 3038/2/3 3026/2/3 3037/2/3
f 3039/2/3 3026/2/3 3038/2/3
f 3040/2/3 3026/2/3 3039/2/3
f 3041/4/3 3027/4/3 3026/4/3
f 3041/2/3 3026/2/3 3040/2/3
f 3042/2/3 3030/2/3 3029/2/3
f 3042/1/3 3031/1/3 3030/1/3
f 3043/2/3 3032/2/3 3031/2/3
f 3043/1/3 3031/1/3 3042/1/3
f 3044/2/3 3042/2/3 3029/2/3
f 3044/2/3 3043/2/3 3042/2/3
f 3045/2/3 3032/2/3 3043/2/3
f 3045/2/3 3043/2/3 3044/2/3
f 3046/2/3 3038/2/3 3037/2/3
f 3046/1/3 3039/1/3 3038/1/3
f 3047/2/3 3040/2/3 3039/2/3
f 3047/1/3 3039/1/3 3046/1/3
f 3048/2/3 3046/2/3 3037/2/3
f 3048/2/3 3047/2/3 3046/2/3
f 3049/2/3 3040/2/3 3047/2/3
f 3049/2/3 3047/2/3 3048/2/3
f 3050/2/3 3034/2/3 3033/2/3
f 3050/1/3 3035/1/3 3034/1/3
f 3051/2/3 3036/2/3 3035/2/3
f 3051/1/3 3035/1/3 3050/1/3
f 3052/2/3 3050/2/3 3033/2/3
f 3052/2/3 3051/2/3 3050/2/3
f 3053/2/3 3036/2/3 3051/2/3
f 3053/2/3 3051/2/3 3052/2/3
f 3054/2/3 3044/2/3 3029/2/3
f 3054/1/3 3045/1/3 3044/1/3
f 3055/2/3 3032/2/3 3045/2/3
f 3055/1/3 3045/1/3 3054/1/3
f 3056/1/3 3033/1/3 3032/1/3
f 3056/2/3 3032/2/3 3055/2/3
f 3057/2/3 3052/2/3 3033/2/3
f 3057/1/3 3033/1/3 3056/1/3
f 3058/1/3 3053/1/3 3052/1/3
f 3058/2/3 3052/2/3 3057/2/3
f 3059/2/3 3036/2/3 3053/2/3
f 3059/1/3 3053/1/3 3058/1/3
f 3060/1/3 3037/1/3 3036/1/3
f 3060/2/3 3036/2/3 3059/2/3
f 3061/2/3 3048/2/3 3037/2/3
f 3061/1/3 3037/1/3 3060/1/3
f 3062/1/3 3049/1/3 3048/1/3
f 3062/2/3 3048/2/3 3061/2/3
f 3063/1/3 3049/1/3 3062/1/3
f 3064/1/3 3041/1/3 3040/1/3
f 3064/2/3 3040/2/3 3049/2/3
f 3065/4/3 3027/4/3 3041/4/3
f 3065/1/3 3041/1/3 3064/1/3
f 3066/1/3 3029/1/3 3028/1/3
f 3067/2/3 3054/2/3 3029/2/3
f 3067/1/3 3029/1/3 3066/1/3
f 3068/2/3 3064/2/3 3049/2/3
f 3068/2/3 3065/2/3 3064/2/3
f 3069/4/3 3027/4/3 3065/4/3
f 3069/2/3 3065/2/3 3068/2/3
f 3070/2/3 3067/2/3 3066/2/3
f 3071/2/3 3054/2/3 3067/2/3
f 3071/2/3 3067/2/3 3070/2/3
f 3072/2/3 3054/2/3 3071/2/3
f 3079/1/3 3049/1/3 3063/1/3
f 3080/2/3 3078/2/3 3077/2/3
f 3081/2/3 3078/2/3 3080/2/3
f 3082/4/3 3027/4/3 3069/4/3
f 3082/1/3 3069/1/3 3068/1/3
f 3083/4/3 3027/4/3 3082/4/3
f 3084/1/3 3071/1/3 3070/1/3
f 3085/2/3 3072/2/3 3071/2/3
f 3085/1/3 3071/1/3 3084/1/3
f 3086/1/3 3073/1/3 3072/1/3
f 3086/2/3 3072/2/3 3085/2/3
f 3087/2/3 3074/2/3 3073/2/3
f 3087/1/3 3073/1/3 3086/1/3
f 3088/1/3 3075/1/3 3074/1/3
f 3088/2/3 3074/2/3 3087/2/3
f 3089/2/3 3076/2/3 3075/2/3
f 3089/1/3 3075/1/3 3088/1/3
f 3090/1/3 3077/1/3 3076/1/3
f 3090/2/3 3076/2/3 3089/2/3
f 3091/2/3 3080/2/3 3077/2/3
f 3091/1/3 3077/1/3 3090/1/3
f 3092/1/3 3081/1/3 3080/1/3
f 3092/2/3 3080/2/3 3091/2/3
f 3093/2/3 3078/2/3 3081/2/3
f 3093/1/3 3081/1/3 3092/1/3
f 3094/1/3 3079/1/3 3078/1/3
f 3094/2/3 3078/2/3 3093/2/3
f 3095/2/3 3068/2/3 3049/2/3
f 3095/1/3 3079/1/3 3094/1/3
f 3095/1/3 3049/1/3 3079/1/3
f 3096/1/3 3082/1/3 3068/1/3
f 3096/2/3 3068/2/3 3095/2/3
f 3097/5/3 3083/5/3 3082/5/3
f 3097/1/3 3082/1/3 3096/1/3
f 3098/5/3 3083/5/3 3097/5/3
f 3101/5/3 3100/5/3 3099/5/3
f 3102/5/3 3100/5/3 3101/5/3
f 3103/4/3 3102/4/3 3101/4/3
f 3104/4/3 3102/4/3 3103/4/3
f 3105/5/3 3104/5/3 3103/5/3
f 3106/5/3 3104/5/3 3105/5/3
f 3107/5/3 3104/5/3 3106/5/3
f 3110/5/3 3109/5/3 3108/5/3
f 3111/5/3 3109/5/3 3110/5/3
f 3112/4/3 3111/4/3 3110/4/3
f 3113/4/3 3111/4/3 3112/4/3
f 3114/5/3 3113/5/3 3112/5/3
f 3115/5/3 3113/5/3 3114/5/3
f 3118/5/3 3117/5/3 3116/5/3
f 3119/5/3 3117/5/3 3118/5/3
f 3120/4/3 3119/4/3 3118/4/3
f 3121/4/3 3119/4/3 3120/4/3
f 3122/5/3 3121/5/3 3120/5/3
f 3123/5/3 3121/5/3 3122/5/3
f 3126/5/3 3125/5/3 3124/5/3
f 3127/5/3 3125/5/3 3126/5/3
f 3128/4/3 3127/4/3 3126/4/3
f 3129/4/3 3127/4/3 3128/4/3
f 3130/5/3 3129/5/3 3128/5/3
f 3131/5/3 3129/5/3 3130/5/3
f 3134/5/3 3133/5/3 3132/5/3
f 3135/5/3 3133/5/3 3134/5/3
f 3136/4/3 3135/4/3 3134/4/3
f 3137/4/3 3135/4/3 3136/4/3
f 3138/5/3 3137/5/3 3136/5/3
f 3139/5/3 3137/5/3 3138/5/3
f 3142/5/3 3141/5/3 3140/5/3
f 3143/5/3 3141/5/3 3142/5/3
f 3144/4/3 3143/4/3 3142/4/3
f 3145/4/3 3143/4/3 3144/4/3
f 3146/5/3 3145/5/3 3144/5/3
f 3147/5/3 3145/5/3 3146/5/3
f 3148/5/3 3145/5/3 3147/5/3
f 3151/5/3 3150/5/3 3149/5/3
f 3152/5/3 3150/5/3 3151/5/3
f 3153/4/3 3152/4/3 3151/4/3
f 3154/4/3 3152/4/3 3153/4/3
f 3155/5/3 3154/5/3 3153/5/3
f 3156/5/3 3154/5/3 3155/5/3
f 3159/5/3 3158/5/3 3157/5/3
f 3160/5/3 3158/5/3 3159/5/3
f 3161/4/3 3160/4/3 3159/4/3
f 3162/4/3 3160/4/3 3161/4/3
f 3163/5/3 3162/5/3 3161/5/3
f 3164/5/3 3162/5/3 3163/5/3
f 3167/5/3 3166/5/3 3165/5/3
f 3168/5/3 3166/5/3 3167/5/3
f 3169/4/3 3168/4/3 3167/4/3
f 3170/4/3 3168/4/3 3169/4/3
f 3171/5/3 3170/5/3 3169/5/3
f 3172/5/3 3170/5/3 3171/5/3
f 3175/5/3 3174/5/3 3173/5/3
f 3176/5/3 3174/5/3 3175/5/3
f 3177/4/3 3176/4/3 3175/4/3
f 3178/4/3 3176/4/3 3177/4/3
f 3179/5/3 3178/5/3 3177/5/3
f 3180/5/3 3178/5/3 3179/5/3
f 3183/5/3 3182/5/3 3181/5/3
f 3184/5/3 3182/5/3 3183/5/3
f 3185/4/3 3184/4/3 3183/4/3
f 3186/4/3 3184/4/3 3185/4/3
f 3187/5/3 3186/5/3 3185/5/3
f 3188/5/3 3186/5/3 3187/5/3
f 3191/5/3 3190/5/3 3189/5/3
f 3193/5/3 3192/5/3 3191/5/3
f 3195/5/3 3194/5/3 3193/5/3
f 3197/5/3 3196/5/3 3195/5/3
f 3201/5/3 3191/5/3 3189/5/3
f 3201/5/3 3193/5/3 3191/5/3
f 3201/5/3 3198/5/3 3197/5/3
f 3201/5/3 3197/5/3 3195/5/3
f 3201/5/3 3195/5/3 3193/5/3
f 3202/5/3 3198/5/3 3201/5/3
f 3204/5/3 3203/5/3 3202/5/3
f 3205/5/3 3203/5/3 3204/5/3
f 3206/5/3 3200/5/3 3199/5/3
f 3207/5/3 3200/5/3 3206/5/3
f 3208/5/3 3200/5/3 3207/5/3
f 3209/5/3 3200/5/3 3208/5/3
f 3212/5/3 3203/5/3 3205/5/3
f 3213/5/3 3203/5/3 3212/5/3
f 3214/5/3 3203/5/3 3213/5/3
f 3215/5/3 3203/5/3 3214/5/3
f 3216/5/3 3203/5/3 3215/5/3
f 3217/5/3 3203/5/3 3216/5/3
f 3218/5/3 3203/5/3 3217/5/3
f 3219/5/3 3211/5/3 3210/5/3
f 3220/5/3 3211/5/3 3219/5/3
f 3221/4/3 3220/4/3 3219/4/3
f 3222/4/3 3220/4/3 3221/4/3
f 3223/5/3 3222/5/3 3221/5/3
f 3224/5/3 3222/5/3 3223/5/3
f 3225/5/3 3222/5/3 3224/5/3
f 3230/5/3 3227/5/3 3226/5/3
f 3231/5/3 3227/5/3 3230/5/3
f 3232/5/3 3227/5/3 3231/5/3
f 3233/5/3 3229/5/3 3228/5/3
f 3234/5/3 3229/5/3 3233/5/3
f 3235/5/3 3229/5/3 3234/5/3
f 3238/5/3 3237/5/3 3236/5/3
f 3239/5/3 3237/5/3 3238/5/3
f 3240/4/3 3239/4/3 3238/4/3
f 3241/4/3 3239/4/3 3240/4/3
f 3242/5/3 3241/5/3 3240/5/3
f 3243/5/3 3241/5/3 3242/5/3
f 3248/5/3 3245/5/3 3244/5/3
f 3249/5/3 3245/5/3 3248/5/3
f 3250/5/3 3247/5/3 3246/5/3
f 3251/5/3 3247/5/3 3250/5/3
f 3256/5/3 3253/5/3 3252/5/3
f 3257/5/3 3253/5/3 3256/5/3
f 3258/5/3 3255/5/3 3254/5/3
f 3259/5/3 3255/5/3 3258/5/3
f 3264/5/3 3261/5/3 3260/5/3
f 3265/5/3 3261/5/3 3264/5/3
f 3266/5/3 3263/5/3 3262/5/3
f 3267/5/3 3263/5/3 3266/5/3
f 3270/5/3 3269/5/3 3268/5/3
f 3271/5/3 3269/5/3 3270/5/3
f 3272/5/3 3269/5/3 3271/5/3
f 3273/5/3 3269/5/3 3272/5/3
f 3280/5/3 3275/5/3 3274/5/3
f 3281/5/3 3275/5/3 3280/5/3
f 3282/5/3 3277/5/3 3276/5/3
f 3283/5/3 3277/5/3 3282/5/3
f 3284/5/3 3279/5/3 3278/5/3
f 3285/5/3 3279/5/3 3284/5/3
f 3290/5/3 3287/5/3 3286/5/3
f 3291/5/3 3287/5/3 3290/5/3
f 3292/5/3 3287/5/3 3291/5/3
f 3293/5/3 3287/5/3 3292/5/3
f 3294/5/3 3287/5/3 3293/5/3
f 3295/5/3 3287/5/3 3294/5/3
f 3296/5/3 3287/5/3 3295/5/3
f 3297/5/3 3287/5/3 3296/5/3
f 3298/5/3 3287/5/3 3297/5/3
f 3299/5/3 3287/5/3 3298/5/3
f 3300/5/3 3289/5/3 3288/5/3
f 3301/5/3 3289/5/3 3300/5/3
f 3302/5/3 3289/5/3 3301/5/3
f 3303/5/3 3289/5/3 3302/5/3
f 3304/5/3 3289/5/3 3303/5/3
f 3305/5/3 3289/5/3 3304/5/3
f 3306/5/3 3289/5/3 3305/5/3
f 3307/5/3 3289/5/3 3306/5/3
f 3308/5/3 3289/5/3 3307/5/3
f 3309/5/3 3289/5/3 3308/5/3
f 3314/5/3 3311/5/3 3310/5/3
f 3315/5/3 3311/5/3 3314/5/3
f 3316/5/3 3313/5/3 3312/5/3
f 3317/5/3 3313/5/3 3316/5/3
f 3322/5/3 3319/5/3 3318/5/3
f 3323/5/3 3319/5/3 3322/5/3
f 3324/5/3 3319/5/3 3323/5/3
f 3325/5/3 3319/5/3 3324/5/3
f 3326/5/3 3319/5/3 3325/5/3
f 3327/5/3 3319/5/3 3326/5/3
f 3328/5/3 3319/5/3 3327/5/3
f 3329/5/3 3319/5/3 3328/5/3
f 3330/5/3 3319/5/3 3329/5/3
f 3331/5/3 3319/5/3 3330/5/3
f 3332/5/3 3321/5/3 3320/5/3
f 3333/5/3 3321/5/3 3332/5/3
f 3334/5/3 3321/5/3 3333/5/3
f 3335/5/3 3321/5/3 3334/5/3
f 3336/5/3 3321/5/3 3335/5/3
f 3337/5/3 3321/5/3 3336/5/3
f 3338/5/3 3321/5/3 3337/5/3
f 3339/5/3 3321/5/3 3338/5/3
f 3340/5/3 3321/5/3 3339/5/3
f 3341/5/3 3321/5/3 3340/5/3
f 3346/5/3 3343/5/3 3342/5/3
f 3347/5/3 3343/5/3 3346/5/3
f 3348/5/3 3345/5/3 3344/5/3
f 3349/5/3 3345/5/3 3348/5/3
f 3352/5/3 3351/5/3 3350/5/3
f 3353/5/3 3351/5/3 3352/5/3
f 3354/5/3 3351/5/3 3353/5/3
f 3355/5/3 3351/5/3 3354/5/3
f 3356/5/3 3351/5/3 3355/5/3
f 3357/5/3 3351/5/3 3356/5/3
f 3358/5/3 3351/5/3 3357/5/3
f 3359/5/3 3351/5/3 3358/5/3
f 3360/5/3 3351/5/3 3359/5/3
f 3361/5/3 3351/5/3 3360/5/3
f 3362/5/3 3351/5/3 3361/5/3
f 3363/5/3 3351/5/3 3362/5/3
f 3364/5/3 3351/5/3 3363/5/3
f 3365/5/3 3351/5/3 3364/5/3
f 3366/5/3 3351/5/3 3365/5/3
f 3367/5/3 3351/5/3 3366/5/3
f 3368/5/3 3351/5/3 3367/5/3
f 3369/5/3 3351/5/3 3368/5/3
f 3370/5/3 3351/5/3 3369/5/3
f 3371/5/3 3351/5/3 3370/5/3
f 3372/5/3 3351/5/3 3371/5/3
f 3373/5/3 3351/5/3 3372/5/3
f 3374/5/3 3351/5/3 3373/5/3
f 3375/5/3 3351/5/3 3374/5/3
f 3376/5/3 3351/5/3 3375/5/3
f 3377/5/3 3351/5/3 3376/5/3
f 3378/5/3 3351/5/3 3377/5/3
f 3379/5/3 3351/5/3 3378/5/3
f 3380/5/3 3351/5/3 3379/5/3
f 3381/5/3 3351/5/3 3380/5/3
f 3382/5/3 3351/5/3 3381/5/3
f 3383/5/3 3351/5/3 3382/5/3
f 3384/5/3 3351/5/3 3383/5/3
f 3385/5/3 3351/5/3 3384/5/3
f 3386/5/3 3351/5/3 3385/5/3
f 3387/5/3 3351/5/3 3386/5/3
f 3390/5/3 3389/5/3 3388/5/3
f 3391/5/3 3389/5/3 3390/5/3
f 3430/5/3 3393/5/3 3392/5/3
f 3431/5/3 3393/5/3 3430/5/3
f 3432/5/3 3429/5/3 3428/5/3
f 3432/5/3 3395/5/3 3394/5/3
f 3432/5/3 3396/5/3 3395/5/3
f 3432/5/3 3428/5/3 3427/5/3
f 3432/5/3 3427/5/3 3426/5/3
f 3432/5/3 3426/5/3 3425/5/3
f 3432/5/3 3425/5/3 3424/5/3
f 3432/5/3 3424/5/3 3423/5/3
f 3432/5/3 3423/5/3 3422/5/3
f 3432/5/3 3422/5/3 3421/5/3
f 3432/5/3 3421/5/3 3420/5/3
f 3432/5/3 3420/5/3 3419/5/3
f 3432/5/3 3419/5/3 3418/5/3
f 3432/5/3 3418/5/3 3417/5/3
f 3432/5/3 3417/5/3 3416/5/3
f 3432/5/3 3416/5/3 3415/5/3
f 3432/5/3 3415/5/3 3414/5/3
f 3432/5/3 3414/5/3 3413/5/3
f 3432/5/3 3413/5/3 3412/5/3
f 3432/5/3 3412/5/3 3411/5/3
f 3432/5/3 3411/5/3 3410/5/3
f 3432/5/3 3410/5/3 3409/5/3
f 3432/5/3 3409/5/3 3408/5/3
f 3432/5/3 3408/5/3 3407/5/3
f 3432/5/3 3407/5/3 3406/5/3
f 3432/5/3 3406/5/3 3405/5/3
f 3432/5/3 3405/5/3 3404/5/3
f 3432/5/3 3404/5/3 3403/5/3
f 3432/5/3 3403/5/3 3402/5/3
f 3432/5/3 3402/5/3 3401/5/3
f 3432/5/3 3401/5/3 3400/5/3
f 3432/5/3 3400/5/3 3399/5/3
f 3432/5/3 3399/5/3 3398/5/3
f 3432/5/3 3398/5/3 3397/5/3
f 3432/5/3 3397/5/3 3396/5/3
f 3433/5/3 3429/5/3 3432/5/3
f 3434/5/4 3435/5/4 3436/5/4
f 3436/5/4 3435/5/4 3437/5/4
f 3437/5/4 3435/5/4 3438/5/4
f 3438/5/4 3435/5/4 3439/5/4
f 3439/5/4 3435/5/4 3440/5/4
f 3440/5/4 3435/5/4 3441/5/4
f 3441/5/4 3435/5/4 3442/5/4
f 3442/5/4 3435/5/4 3443/5/4
f 3443/5/4 3435/5/4 3444/5/4
f 3444/5/4 3435/5/4 3445/5/4
f 3445/5/4 3435/5/4 3446/5/4
f 3446/5/4 3435/5/4 3447/5/4
f 3447/5/4 3435/5/4 3448/5/4
f 3448/5/4 3435/5/4 3449/5/4
f 3449/5/4 3435/5/4 3450/5/4
f 3450/5/4 3435/5/4 3451/5/4
f 3451/5/4 3435/5/4 3452/5/4
f 3452/5/4 3435/5/4 3453/5/4
f 3453/5/4 3435/5/4 3454/5/4
f 3454/5/4 3435/5/4 3455/5/4
f 3455/5/4 3435/5/4 3456/5/4
f 3456/5/4 3435/5/4 3457/5/4
f 3457/5/4 3435/5/4 3458/5/4
f 3458/5/4 3435/5/4 3459/5/4
f 3459/5/4 3435/5/4 3460/5/4
f 3460/5/4 3435/5/4 3461/5/4
f 3461/5/4 3435/5/4 3462/5/4
f 3462/5/4 3435/5/4 3463/5/4
f 3463/5/4 3435/5/4 3464/5/4
f 3464/5/4 3435/5/4 3465/5/4
f 3465/5/4 3435/5/4 3466/5/4
f 3466/5/4 3435/5/4 3467/5/4
f 3467/5/4 3435/5/4 3468/5/4
f 3468/5/4 3435/5/4 3469/5/4
f 3469/5/4 3435/5/4 3470/5/4
f 3470/5/4 3435/5/4 3471/5/4
f 3472/5/4 3473/5/4 3474/5/4
f 3474/5/4 3473/5/4 3475/5/4
f 3476/5/4 3477/5/4 3478/5/4
f 3478/5/4 3477/5/4 3479/5/4
f 3480/5/4 3481/5/4 3516/5/4
f 3514/5/4 3515/5/4 3516/5/4
f 3513/5/4 3514/5/4 3516/5/4
f 3512/5/4 3513/5/4 3516/5/4
f 3511/5/4 3512/5/4 3516/5/4
f 3510/5/4 3511/5/4 3516/5/4
f 3509/5/4 3510/5/4 3516/5/4
f 3508/5/4 3509/5/4 3516/5/4
f 3507/5/4 3508/5/4 3516/5/4
f 3506/5/4 3507/5/4 3516/5/4
f 3505/5/4 3506/5/4 3516/5/4
f 3504/5/4 3505/5/4 3516/5/4
f 3503/5/4 3504/5/4 3516/5/4
f 3502/5/4 3503/5/4 3516/5/4
f 3501/5/4 3502/5/4 3516/5/4
f 3500/5/4 3501/5/4 3516/5/4
f 3499/5/4 3500/5/4 3516/5/4
f 3498/5/4 3499/5/4 3516/5/4
f 3497/5/4 3498/5/4 3516/5/4
f 3496/5/4 3497/5/4 3516/5/4
f 3495/5/4 3496/5/4 3516/5/4
f 3494/5/4 3495/5/4 3516/5/4
f 3493/5/4 3494/5/4 3516/5/4
f 3492/5/4 3493/5/4 3516/5/4
f 3491/5/4 3492/5/4 3516/5/4
f 3490/5/4 3491/5/4 3516/5/4
f 3489/5/4 3490/5/4 3516/5/4
f 3488/5/4 3489/5/4 3516/5/4
f 3487/5/4 3488/5/4 3516/5/4
f 3486/5/4 3487/5/4 3516/5/4
f 3485/5/4 3486/5/4 3516/5/4
f 3484/5/4 3485/5/4 3516/5/4
f 3483/5/4 3484/5/4 3516/5/4
f 3482/5/4 3483/5/4 3516/5/4
f 3481/5/4 3482/5/4 3516/5/4
f 3516/5/4 3515/5/4 3517/5/4
f 3518/5/4 3519/5/4 3522/5/4
f 3522/5/4 3519/5/4 3523/5/4
f 3520/5/4 3521/5/4 3524/5/4
f 3524/5/4 3521/5/4 3525/5/4
f 3526/5/4 3527/5/4 3530/5/4
f 3530/5/4 3527/5/4 3531/5/4
f 3531/5/4 3527/5/4 3532/5/4
f 3532/5/4 3527/5/4 3533/5/4
f 3533/5/4 3527/5/4 3534/5/4
f 3534/5/4 3527/5/4 3535/5/4
f 3535/5/4 3527/5/4 3536/5/4
f 3536/5/4 3527/5/4 3537/5/4
f 3537/5/4 3527/5/4 3538/5/4
f 3538/5/4 3527/5/4 3539/5/4
f 3528/5/4 3529/5/4 3540/5/4
f 3540/5/4 3529/5/4 3541/5/4
f 3541/5/4 3529/5/4 3542/5/4
f 3542/5/4 3529/5/4 3543/5/4
f 3543/5/4 3529/5/4 3544/5/4
f 3544/5/4 3529/5/4 3545/5/4
f 3545/5/4 3529/5/4 3546/5/4
f 3546/5/4 3529/5/4 3547/5/4
f 3547/5/4 3529/5/4 3548/5/4
f 3548/5/4 3529/5/4 3549/5/4
f 3550/3/4 3551/3/4 3552/3/4
f 3552/3/4 3551/3/4 3553/3/4
f 3554/5/4 3555/5/4 3558/5/4
f 3558/5/4 3555/5/4 3559/5/4
f 3556/5/4 3557/5/4 3560/5/4
f 3560/5/4 3557/5/4 3561/5/4
f 3562/3/4 3563/3/4 3564/3/4
f 3564/3/4 3563/3/4 3565/3/4
f 3565/3/4 3563/3/4 3566/3/4
f 3566/3/4 3563/3/4 3567/3/4
f 3567/3/4 3563/3/4 3568/3/4
f 3568/3/4 3563/3/4 3569/3/4
f 3569/3/4 3563/3/4 3570/3/4
f 3570/3/4 3563/3/4 3571/3/4
f 3571/3/4 3563/3/4 3572/3/4
f 3572/3/4 3563/3/4 3573/3/4
f 3573/3/4 3563/3/4 3574/3/4
f 3574/3/4 3563/3/4 3575/3/4
f 3575/3/4 3563/3/4 3576/3/4
f 3577/3/4 3578/3/4 3579/3/4
f 3579/3/4 3578/3/4 3580/3/4
f 3581/5/4 3582/5/4 3585/5/4
f 3585/5/4 3582/5/4 3586/5/4
f 3586/5/4 3582/5/4 3587/5/4
f 3587/5/4 3582/5/4 3588/5/4
f 3588/5/4 3582/5/4 3589/5/4
f 3589/5/4 3582/5/4 3590/5/4
f 3590/5/4 3582/5/4 3591/5/4
f 3591/5/4 3582/5/4 3592/5/4
f 3592/5/4 3582/5/4 3593/5/4
f 3593/5/4 3582/5/4 3594/5/4
f 3583/5/4 3584/5/4 3595/5/4
f 3595/5/4 3584/5/4 3596/5/4
f 3596/5/4 3584/5/4 3597/5/4
f 3597/5/4 3584/5/4 3598/5/4
f 3598/5/4 3584/5/4 3599/5/4
f 3599/5/4 3584/5/4 3600/5/4
f 3600/5/4 3584/5/4 3601/5/4
f 3601/5/4 3584/5/4 3602/5/4
f 3602/5/4 3584/5/4 3603/5/4
f 3603/5/4 3584/5/4 3604/5/4
f 3605/5/4 3606/5/4 3615/5/4
f 3615/5/4 3606/5/4 3616/5/4
f 3616/5/4 3606/5/4 3617/5/4
f 3617/5/4 3606/5/4 3618/5/4
f 3607/5/4 3608/5/4 3619/5/4
f 3619/5/4 3608/5/4 3620/5/4
f 3609/5/4 3610/5/4 3621/5/4
f 3621/5/4 3610/5/4 3622/5/4
f 3611/5/4 3612/5/4 3623/5/4
f 3623/5/4 3612/5/4 3624/5/4
f 3613/5/4 3614/5/4 3625/5/4
f 3625/5/4 3614/5/4 3626/5/4
f 3627/5/4 3628/5/4 3631/5/4
f 3631/5/4 3628/5/4 3632/5/4
f 3629/5/4 3630/5/4 3633/5/4
f 3633/5/4 3630/5/4 3634/5/4
f 3635/5/4 3636/5/4 3641/5/4
f 3641/5/4 3636/5/4 3642/5/4
f 3637/5/4 3638/5/4 3643/5/4
f 3643/5/4 3638/5/4 3644/5/4
f 3639/6/4 3640/6/4 3645/6/4
f 3645/6/4 3640/6/4 3646/6/4
f 3647/5/4 3648/5/4 3651/5/4
f 3651/5/4 3648/5/4 3652/5/4
f 3649/5/4 3650/5/4 3653/5/4
f 3653/5/4 3650/5/4 3654/5/4
f 3655/5/4 3656/5/4 3657/5/4
f 3657/5/4 3656/5/4 3658/5/4
f 3657/4/4 3658/4/4 3659/4/4
f 3659/4/4 3658/4/4 3660/4/4
f 3659/5/4 3660/5/4 3661/5/4
f 3661/5/4 3660/5/4 3662/5/4
f 3663/5/4 3664/5/4 3667/5/4
f 3667/5/4 3664/5/4 3668/5/4
f 3668/5/4 3664/5/4 3669/5/4
f 3665/5/4 3666/5/4 3670/5/4
f 3670/5/4 3666/5/4 3671/5/4
f 3671/5/4 3666/5/4 3672/5/4
f 3673/5/4 3674/5/4 3675/5/4
f 3675/5/4 3674/5/4 3676/5/4
f 3675/4/4 3676/4/4 3677/4/4
f 3677/4/4 3676/4/4 3678/4/4
f 3677/5/4 3678/5/4 3679/5/4
f 3679/5/4 3678/5/4 3680/5/4
f 3680/5/4 3678/5/4 3681/5/4
f 3682/5/4 3683/5/4 3684/5/4
f 3684/5/4 3683/5/4 3685/5/4
f 3685/5/4 3683/5/4 3686/5/4
f 3686/5/4 3683/5/4 3687/5/4
f 3688/5/4 3689/5/4 3690/5/4
f 3690/5/4 3689/5/4 3691/5/4
f 3690/4/4 3691/4/4 3692/4/4
f 3692/4/4 3691/4/4 3693/4/4
f 3692/5/4 3693/5/4 3694/5/4
f 3694/5/4 3693/5/4 3695/5/4
f 3696/5/4 3697/5/4 3698/5/4
f 3698/5/4 3699/5/4 3700/5/4
f 3700/5/4 3701/5/4 3702/5/4
f 3702/5/4 3703/5/4 3704/5/4
f 3696/5/4 3698/5/4 3706/5/4
f 3704/5/4 3705/5/4 3706/5/4
f 3702/5/4 3704/5/4 3706/5/4
f 3700/5/4 3702/5/4 3706/5/4
f 3698/5/4 3700/5/4 3706/5/4
f 3706/5/4 3705/5/4 3707/5/4
f 3707/5/4 3708/5/4 3709/5/4
f 3709/5/4 3708/5/4 3710/5/4
f 3710/5/4 3708/5/4 3711/5/4
f 3711/5/4 3708/5/4 3712/5/4
f 3712/5/4 3708/5/4 3713/5/4
f 3713/5/4 3708/5/4 3714/5/4
f 3714/5/4 3708/5/4 3715/5/4
f 3715/5/4 3708/5/4 3716/5/4
f 3716/5/4 3708/5/4 3717/5/4
f 3718/5/4 3719/5/4 3720/5/4
f 3720/5/4 3719/5/4 3721/5/4
f 3720/4/4 3721/4/4 3722/4/4
f 3722/4/4 3721/4/4 3723/4/4
f 3722/5/4 3723/5/4 3724/5/4
f 3724/5/4 3723/5/4 3725/5/4
f 3726/5/4 3727/5/4 3728/5/4
f 3728/5/4 3727/5/4 3729/5/4
f 3728/4/4 3729/4/4 3730/4/4
f 3730/4/4 3729/4/4 3731/4/4
f 3730/5/4 3731/5/4 3732/5/4
f 3732/5/4 3731/5/4 3733/5/4
f 3734/5/4 3735/5/4 3736/5/4
f 3736/5/4 3735/5/4 3737/5/4
f 3736/4/4 3737/4/4 3738/4/4
f 3738/4/4 3737/4/4 3739/4/4
f 3738/5/4 3739/5/4 3740/5/4
f 3740/5/4 3739/5/4 3741/5/4
f 3742/5/4 3743/5/4 3744/5/4
f 3744/5/4 3743/5/4 3745/5/4
f 3744/4/4 3745/4/4 3746/4/4
f 3746/4/4 3745/4/4 3747/4/4
f 3746/5/4 3747/5/4 3748/5/4
f 3748/5/4 3747/5/4 3749/5/4
f 3750/5/4 3751/5/4 3752/5/4
f 3752/5/4 3751/5/4 3753/5/4
f 3752/4/4 3753/4/4 3754/4/4
f 3754/4/4 3753/4/4 3755/4/4
f 3754/5/4 3755/5/4 3756/5/4
f 3756/5/4 3755/5/4 3757/5/4
f 3757/5/4 3755/5/4 3758/5/4
f 3759/5/4 3760/5/4 3761/5/4
f 3761/5/4 3760/5/4 3762/5/4
f 3761/4/4 3762/4/4 3763/4/4
f 3763/4/4 3762/4/4 3764/4/4
f 3763/5/4 3764/5/4 3765/5/4
f 3765/5/4 3764/5/4 3766/5/4
f 3767/5/4 3768/5/4 3769/5/4
f 3769/5/4 3768/5/4 3770/5/4
f 3769/4/4 3770/4/4 3771/4/4
f 3771/4/4 3770/4/4 3772/4/4
f 3771/5/4 3772/5/4 3773/5/4
f 3773/5/4 3772/5/4 3774/5/4
f 3774/5/4 3772/5/4 3775/5/4
f 3776/5/4 3777/5/4 3778/5/4
f 3778/5/4 3777/5/4 3779/5/4
f 3778/4/4 3779/4/4 3780/4/4
f 3780/4/4 3779/4/4 3781/4/4
f 3780/5/4 3781/5/4 3782/5/4
f 3782/5/4 3781/5/4 3783/5/4
f 3784/5/4 3785/5/4 3786/5/4
f 3786/5/4 3785/5/4 3787/5/4
f 3786/4/4 3787/4/4 3788/4/4
f 3788/4/4 3787/4/4 3789/4/4
f 3788/5/4 3789/5/4 3790/5/4
f 3790/5/4 3789/5/4 3791/5/4
f 3792/5/4 3793/5/4 3794/5/4
f 3794/5/4 3793/5/4 3795/5/4
f 3794/4/4 3795/4/4 3796/4/4
f 3796/4/4 3795/4/4 3797/4/4
f 3796/5/4 3797/5/4 3798/5/4
f 3798/5/4 3797/5/4 3799/5/4
f 3799/5/4 3797/5/4 3800/5/4
f 3801/5/4 3802/5/4 3804/5/4
f 3804/5/4 3802/5/4 3805/5/4
f 3803/2/4 3804/2/4 3806/2/4
f 3806/2/4 3804/2/4 3807/2/4
f 3807/2/4 3804/2/4 3808/2/4
f 3808/2/4 3804/2/4 3809/2/4
f 3809/2/4 3804/2/4 3810/2/4
f 3810/2/4 3804/2/4 3811/2/4
f 3811/2/4 3804/2/4 3812/2/4
f 3812/2/4 3804/2/4 3813/2/4
f 3813/2/4 3804/2/4 3814/2/4
f 3814/2/4 3804/2/4 3815/2/4
f 3815/2/4 3804/2/4 3816/2/4
f 3816/2/4 3804/2/4 3817/2/4
f 3817/2/4 3804/2/4 3818/2/4
f 3804/4/4 3805/4/4 3819/4/4
f 3818/2/4 3804/2/4 3819/2/4
f 3817/2/4 3818/2/4 3820/2/4
f 3818/1/4 3819/1/4 3820/1/4
f 3819/4/4 3805/4/4 3821/4/4
f 3820/1/4 3819/1/4 3821/1/4
f 3817/2/4 3820/2/4 3822/2/4
f 3820/2/4 3821/2/4 3822/2/4
f 3821/4/4 3805/4/4 3823/4/4
f 3822/2/4 3821/2/4 3823/2/4
f 3807/2/4 3808/2/4 3824/2/4
f 3808/1/4 3809/1/4 3824/1/4
f 3809/2/4 3810/2/4 3825/2/4
f 3824/1/4 3809/1/4 3825/1/4
f 3807/2/4 3824/2/4 3826/2/4
f 3824/2/4 3825/2/4 3826/2/4
f 3825/2/4 3810/2/4 3827/2/4
f 3826/2/4 3825/2/4 3827/2/4
f 3815/2/4 3816/2/4 3828/2/4
f 3816/1/4 3817/1/4 3828/1/4
f 3817/2/4 3822/2/4 3829/2/4
f 3828/1/4 3817/1/4 3829/1/4
f 3815/2/4 3828/2/4 3830/2/4
f 3828/2/4 3829/2/4 3830/2/4
f 3829/2/4 3822/2/4 3831/2/4
f 3830/2/4 3829/2/4 3831/2/4
f 3811/2/4 3812/2/4 3832/2/4
f 3812/1/4 3813/1/4 3832/1/4
f 3813/2/4 3814/2/4 3833/2/4
f 3832/1/4 3813/1/4 3833/1/4
f 3811/2/4 3832/2/4 3834/2/4
f 3832/2/4 3833/2/4 3834/2/4
f 3833/2/4 3814/2/4 3835/2/4
f 3834/2/4 3833/2/4 3835/2/4
f 3810/1/4 3811/1/4 3836/1/4
f 3827/2/4 3810/2/4 3836/2/4
f 3811/2/4 3834/2/4 3837/2/4
f 3836/1/4 3811/1/4 3837/1/4
f 3827/2/4 3836/2/4 3838/2/4
f 3836/2/4 3837/2/4 3838/2/4
f 3837/2/4 3834/2/4 3839/2/4
f 3838/2/4 3837/2/4 3839/2/4
f 3835/2/4 3814/2/4 3840/2/4
f 3814/1/4 3815/1/4 3840/1/4
f 3815/2/4 3830/2/4 3841/2/4
f 3840/1/4 3815/1/4 3841/1/4
f 3835/2/4 3840/2/4 3842/2/4
f 3840/2/4 3841/2/4 3842/2/4
f 3841/2/4 3830/2/4 3843/2/4
f 3842/2/4 3841/2/4 3843/2/4
f 3807/2/4 3826/2/4 3844/2/4
f 3826/1/4 3827/1/4 3844/1/4
f 3827/2/4 3838/2/4 3845/2/4
f 3844/1/4 3827/1/4 3845/1/4
f 3838/1/4 3839/1/4 3846/1/4
f 3845/2/4 3838/2/4 3846/2/4
f 3839/2/4 3834/2/4 3847/2/4
f 3846/1/4 3839/1/4 3847/1/4
f 3834/1/4 3835/1/4 3848/1/4
f 3847/2/4 3834/2/4 3848/2/4
f 3835/2/4 3842/2/4 3849/2/4
f 3848/1/4 3835/1/4 3849/1/4
f 3842/1/4 3843/1/4 3850/1/4
f 3849/2/4 3842/2/4 3850/2/4
f 3843/2/4 3830/2/4 3851/2/4
f 3850/1/4 3843/1/4 3851/1/4
f 3830/1/4 3831/1/4 3852/1/4
f 3851/2/4 3830/2/4 3852/2/4
f 3852/1/4 3831/1/4 3853/1/4
f 3806/1/4 3807/1/4 3854/1/4
f 3807/2/4 3844/2/4 3855/2/4
f 3854/1/4 3807/1/4 3855/1/4
f 3854/2/4 3855/2/4 3856/2/4
f 3855/2/4 3844/2/4 3857/2/4
f 3856/2/4 3855/2/4 3857/2/4
f 3853/1/4 3831/1/4 3858/1/4
f 3831/2/4 3822/2/4 3859/2/4
f 3858/1/4 3831/1/4 3859/1/4
f 3858/2/4 3859/2/4 3860/2/4
f 3859/2/4 3822/2/4 3861/2/4
f 3860/2/4 3859/2/4 3861/2/4
f 3857/2/4 3844/2/4 3862/2/4
f 3860/1/4 3861/1/4 3871/1/4
f 3823/4/4 3805/4/4 3872/4/4
f 3822/1/4 3823/1/4 3872/1/4
f 3872/4/4 3805/4/4 3873/4/4
f 3856/1/4 3857/1/4 3874/1/4
f 3857/2/4 3862/2/4 3875/2/4
f 3874/1/4 3857/1/4 3875/1/4
f 3862/1/4 3863/1/4 3876/1/4
f 3875/2/4 3862/2/4 3876/2/4
f 3863/2/4 3864/2/4 3877/2/4
f 3876/1/4 3863/1/4 3877/1/4
f 3864/1/4 3865/1/4 3878/1/4
f 3877/2/4 3864/2/4 3878/2/4
f 3865/2/4 3866/2/4 3879/2/4
f 3878/1/4 3865/1/4 3879/1/4
f 3866/1/4 3867/1/4 3880/1/4
f 3879/2/4 3866/2/4 3880/2/4
f 3867/2/4 3868/2/4 3881/2/4
f 3880/1/4 3867/1/4 3881/1/4
f 3868/1/4 3869/1/4 3882/1/4
f 3881/2/4 3868/2/4 3882/2/4
f 3869/2/4 3870/2/4 3883/2/4
f 3882/1/4 3869/1/4 3883/1/4
f 3870/1/4 3871/1/4 3884/1/4
f 3883/2/4 3870/2/4 3884/2/4
f 3861/2/4 3822/2/4 3885/2/4
f 3884/1/4 3871/1/4 3885/1/4
f 3871/1/4 3861/1/4 3885/1/4
f 3822/1/4 3872/1/4 3886/1/4
f 3885/2/4 3822/2/4 3886/2/4
f 3872/5/4 3873/5/4 3887/5/4
f 3886/1/4 3872/1/4 3887/1/4
f 3887/5/4 3873/5/4 3888/5/4
f 3891/4/4 3892/4/4 3893/4/4
f 3893/4/4 3892/4/4 3894/4/4
f 3889/5/4 3890/5/4 3895/5/4
f 3895/5/4 3890/5/4 3896/5/4
f 3897/5/4 3898/5/4 3899/5/4
f 3899/5/4 3898/5/4 3900/5/4
f 3897/5/4 3899/5/4 3901/5/4
f 3900/5/4 3898/5/4 3902/5/4
f 3897/5/4 3901/5/4 3903/5/4
f 3901/5/4 3902/5/4 3903/5/4
f 3902/5/4 3898/5/4 3904/5/4
f 3903/5/4 3902/5/4 3904/5/4
f 3905/5/4 3906/5/4 3909/5/4
f 3909/5/4 3906/5/4 3910/5/4
f 3907/5/4 3908/5/4 3911/5/4
f 3911/5/4 3908/5/4 3912/5/4
f 3913/5/4 3914/5/4 3917/5/4
f 3917/5/4 3914/5/4 3918/5/4
f 3918/5/4 3914/5/4 3919/5/4
f 3919/5/4 3914/5/4 3920/5/4
f 3920/5/4 3914/5/4 3921/5/4
f 3921/5/4 3914/5/4 3922/5/4
f 3922/5/4 3914/5/4 3923/5/4
f 3923/5/4 3914/5/4 3924/5/4
f 3924/5/4 3914/5/4 3925/5/4
f 3925/5/4 3914/5/4 3926/5/4
f 3915/5/4 3916/5/4 3927/5/4
f 3927/5/4 3916/5/4 3928/5/4
f 3928/5/4 3916/5/4 3929/5/4
f 3929/5/4 3916/5/4 3930/5/4
f 3930/5/4 3916/5/4 3931/5/4
f 3931/5/4 3916/5/4 3932/5/4
f 3932/5/4 3916/5/4 3933/5/4
f 3933/5/4 3916/5/4 3934/5/4
f 3934/5/4 3916/5/4 3935/5/4
f 3935/5/4 3916/5/4 3936/5/4
f 3937/5/4 3938/5/4 3941/5/4
f 3941/5/4 3938/5/4 3942/5/4
f 3939/5/4 3940/5/4 3943/5/4
f 3943/5/4 3940/5/4 3944/5/4
f 3945/5/4 3946/5/4 3949/5/4
f 3949/5/4 3946/5/4 3950/5/4
f 3950/5/4 3946/5/4 3951/5/4
f 3951/5/4 3946/5/4 3952/5/4
f 3952/5/4 3946/5/4 3953/5/4
f 3953/5/4 3946/5/4 3954/5/4
f 3954/5/4 3946/5/4 3955/5/4
f 3955/5/4 3946/5/4 3956/5/4
f 3947/5/4 3948/5/4 3957/5/4
f 3957/5/4 3948/5/4 3958/5/4
f 3958/5/4 3948/5/4 3959/5/4
f 3959/5/4 3948/5/4 3960/5/4
f 3960/5/4 3948/5/4 3961/5/4
f 3961/5/4 3948/5/4 3962/5/4
f 3962/5/4 3948/5/4 3963/5/4
f 3963/5/4 3948/5/4 3964/5/4
f 3964/5/4 3948/5/4 3965/5/4
f 3965/5/4 3948/5/4 3966/5/4
f 3967/5/4 3968/5/4 3969/5/4
f 3967/5/4 3969/5/4 3971/5/4
f 3969/5/4 3970/5/4 3971/5/4
f 3971/5/4 3970/5/4 3972/5/4
f 3973/5/4 3974/5/4 3975/5/4
f 3975/5/4 3974/5/4 3976/5/4
f 3973/5/4 3975/5/4 3977/5/4
f 3977/5/4 3975/5/4 3978/5/4
f 3979/5/4 3980/5/4 3981/5/4
f 3981/5/4 3980/5/4 4017/5/4
f 4017/5/4 3980/5/4 4018/5/4
f 4016/1/4 4017/1/4 4020/1/4
f 4018/5/4 4019/5/4 4020/5/4
f 4017/5/4 4018/5/4 4020/5/4
f 4020/5/4 4019/5/4 4021/5/4
f 4021/5/4 4019/5/4 4022/5/4
f 4020/2/4 4021/2/4 4024/2/4
f 4022/5/4 4023/5/4 4024/5/4
f 4021/5/4 4022/5/4 4024/5/4
f 4024/5/4 4023/5/4 4025/5/4
f 4025/5/4 4023/5/4 4026/5/4
f 3987/2/4 3988/2/4 4028/2/4
f 3988/1/4 3989/1/4 4028/1/4
f 3989/2/4 3990/2/4 4029/2/4
f 4028/1/4 3989/1/4 4029/1/4
f 3999/2/4 4000/2/4 4030/2/4
f 4000/1/4 4001/1/4 4030/1/4
f 4001/2/4 4002/2/4 4031/2/4
f 4030/1/4 4001/1/4 4031/1/4
f 3987/2/4 4028/2/4 4032/2/4
f 4028/2/4 4029/2/4 4032/2/4
f 4029/2/4 3990/2/4 4033/2/4
f 4032/2/4 4029/2/4 4033/2/4
f 4030/2/4 4031/2/4 4034/2/4
f 3999/2/4 4030/2/4 4034/2/4
f 4031/2/4 4002/2/4 4035/2/4
f 4034/2/4 4031/2/4 4035/2/4
f 4007/2/4 4008/2/4 4036/2/4
f 4008/1/4 4009/1/4 4036/1/4
f 4009/2/4 4010/2/4 4037/2/4
f 4036/1/4 4009/1/4 4037/1/4
f 4026/5/4 4027/5/4 4038/5/4
f 4025/5/4 4026/5/4 4038/5/4
f 4024/1/4 4025/1/4 4038/1/4
f 4038/5/4 4027/5/4 4039/5/4
f 4039/5/4 4027/5/4 4040/5/4
f 4040/5/4 4027/5/4 4041/5/4
f 3995/2/4 3996/2/4 4043/2/4
f 3996/1/4 3997/1/4 4043/1/4
f 3997/2/4 3998/2/4 4044/2/4
f 4043/1/4 3997/1/4 4044/1/4
f 4036/2/4 4037/2/4 4045/2/4
f 4007/2/4 4036/2/4 4045/2/4
f 4037/2/4 4010/2/4 4046/2/4
f 4045/2/4 4037/2/4 4046/2/4
f 4015/2/4 4016/2/4 4047/2/4
f 4016/1/4 4020/1/4 4047/1/4
f 4020/2/4 4024/2/4 4048/2/4
f 4047/1/4 4020/1/4 4048/1/4
f 3983/2/4 3984/2/4 4049/2/4
f 3984/1/4 3985/1/4 4049/1/4
f 3985/2/4 3986/2/4 4050/2/4
f 4049/1/4 3985/1/4 4050/1/4
f 3995/2/4 4043/2/4 4051/2/4
f 4043/2/4 4044/2/4 4051/2/4
f 4044/2/4 3998/2/4 4052/2/4
f 4051/2/4 4044/2/4 4052/2/4
f 4003/2/4 4004/2/4 4053/2/4
f 4004/1/4 4005/1/4 4053/1/4
f 4005/2/4 4006/2/4 4054/2/4
f 4053/1/4 4005/1/4 4054/1/4
f 4011/2/4 4012/2/4 4055/2/4
f 4012/1/4 4013/1/4 4055/1/4
f 4013/2/4 4014/2/4 4056/2/4
f 4055/1/4 4013/1/4 4056/1/4
f 4047/2/4 4048/2/4 4057/2/4
f 4015/2/4 4047/2/4 4057/2/4
f 4048/2/4 4024/2/4 4058/2/4
f 4057/2/4 4048/2/4 4058/2/4
f 3983/2/4 4049/2/4 4059/2/4
f 4049/2/4 4050/2/4 4059/2/4
f 4050/2/4 3986/2/4 4060/2/4
f 4059/2/4 4050/2/4 4060/2/4
f 4032/1/4 4033/1/4 4061/1/4
f 4033/2/4 3990/2/4 4062/2/4
f 4061/1/4 4033/1/4 4062/1/4
f 3990/1/4 3991/1/4 4063/1/4
f 4062/2/4 3990/2/4 4063/2/4
f 3991/2/4 3992/2/4 4064/2/4
f 4063/1/4 3991/1/4 4064/1/4
f 3992/1/4 3993/1/4 4065/1/4
f 4064/2/4 3992/2/4 4065/2/4
f 3993/2/4 3994/2/4 4066/2/4
f 4065/1/4 3993/1/4 4066/1/4
f 3994/1/4 3995/1/4 4067/1/4
f 4066/2/4 3994/2/4 4067/2/4
f 3995/2/4 4051/2/4 4068/2/4
f 4067/1/4 3995/1/4 4068/1/4
f 4051/1/4 4052/1/4 4069/1/4
f 4068/2/4 4051/2/4 4069/2/4
f 4069/1/4 4052/1/4 4070/1/4
f 4002/1/4 4003/1/4 4071/1/4
f 4003/2/4 4053/2/4 4072/2/4
f 4071/1/4 4003/1/4 4072/1/4
f 4053/2/4 4054/2/4 4072/2/4
f 4006/1/4 4007/1/4 4073/1/4
f 4072/2/4 4054/2/4 4073/2/4
f 4054/2/4 4006/2/4 4073/2/4
f 4007/2/4 4045/2/4 4074/2/4
f 4073/1/4 4007/1/4 4074/1/4
f 4045/1/4 4046/1/4 4075/1/4
f 4074/2/4 4045/2/4 4075/2/4
f 4046/2/4 4010/2/4 4076/2/4
f 4075/1/4 4046/1/4 4076/1/4
f 4010/1/4 4011/1/4 4077/1/4
f 4076/2/4 4010/2/4 4077/2/4
f 4011/2/4 4055/2/4 4078/2/4
f 4077/1/4 4011/1/4 4078/1/4
f 4055/2/4 4056/2/4 4078/2/4
f 4078/2/4 4056/2/4 4079/2/4
f 4056/2/4 4014/2/4 4080/2/4
f 4079/2/4 4056/2/4 4080/2/4
f 4041/5/4 4042/5/4 4081/5/4
f 4040/5/4 4041/5/4 4081/5/4
f 4039/1/4 4040/1/4 4081/1/4
f 4081/5/4 4042/5/4 4082/5/4
f 4082/5/4 4042/5/4 4083/5/4
f 4083/5/4 4042/5/4 4084/5/4
f 4084/5/4 4042/5/4 4085/5/4
f 4081/1/4 4082/1/4 4087/1/4
f 4039/1/4 4081/1/4 4087/1/4
f 4038/2/4 4039/2/4 4087/2/4
f 4082/2/4 4083/2/4 4088/2/4
f 4087/1/4 4082/1/4 4088/1/4
f 4038/2/4 4087/2/4 4089/2/4
f 4087/2/4 4088/2/4 4089/2/4
f 4088/2/4 4083/2/4 4090/2/4
f 4089/2/4 4088/2/4 4090/2/4
f 4085/5/4 4086/5/4 4091/5/4
f 4084/5/4 4085/5/4 4091/5/4
f 4083/1/4 4084/1/4 4091/1/4
f 4091/5/4 4086/5/4 4092/5/4
f 4092/5/4 4086/5/4 4093/5/4
f 4093/5/4 4086/5/4 4094/5/4
f 4092/2/4 4093/2/4 4096/2/4
f 4094/5/4 4095/5/4 4096/5/4
f 4093/5/4 4094/5/4 4096/5/4
f 4096/5/4 4095/5/4 4097/5/4
f 4097/5/4 4095/5/4 4098/5/4
f 4098/5/4 4095/5/4 4099/5/4
f 4099/5/4 4095/5/4 4100/5/4
f 4098/1/4 4099/1/4 4102/1/4
f 4100/5/4 4101/5/4 4102/5/4
f 4099/5/4 4100/5/4 4102/5/4
f 4102/5/4 4101/5/4 4103/5/4
f 4103/5/4 4101/5/4 4104/5/4
f 4104/5/4 4101/5/4 4105/5/4
f 4105/5/4 4101/5/4 4106/5/4
f 4104/1/4 4105/1/4 4108/1/4
f 4106/5/4 4107/5/4 4108/5/4
f 4105/5/4 4106/5/4 4108/5/4
f 4108/5/4 4107/5/4 4109/5/4
f 4109/5/4 4107/5/4 4110/5/4
f 4110/5/4 4107/5/4 4111/5/4
f 4111/5/4 4107/5/4 4112/5/4
f 4032/1/4 4061/1/4 4114/1/4
f 4070/1/4 4052/1/4 4123/1/4
f 4002/1/4 4071/1/4 4124/1/4
f 4078/2/4 4079/2/4 4133/2/4
f 4092/2/4 4096/2/4 4134/2/4
f 4096/1/4 4097/1/4 4134/1/4
f 4097/2/4 4098/2/4 4135/2/4
f 4134/1/4 4097/1/4 4135/1/4
f 4112/5/4 4113/5/4 4136/5/4
f 4110/1/4 4111/1/4 4136/1/4
f 4111/5/4 4112/5/4 4136/5/4
f 4136/5/4 4113/5/4 4137/5/4
f 4137/5/4 4113/5/4 4138/5/4
f 4138/5/4 4113/5/4 4139/5/4
f 4092/2/4 4134/2/4 4141/2/4
f 4134/2/4 4135/2/4 4141/2/4
f 4135/2/4 4098/2/4 4142/2/4
f 4141/2/4 4135/2/4 4142/2/4
f 4103/2/4 4104/2/4 4143/2/4
f 4104/1/4 4108/1/4 4143/1/4
f 4108/1/4 4109/1/4 4143/1/4
f 4109/2/4 4110/2/4 4144/2/4
f 4143/1/4 4109/1/4 4144/1/4
f 4103/2/4 4143/2/4 4145/2/4
f 4143/2/4 4144/2/4 4145/2/4
f 4144/2/4 4110/2/4 4146/2/4
f 4145/2/4 4144/2/4 4146/2/4
f 4139/5/4 4140/5/4 4147/5/4
f 4137/1/4 4138/1/4 4147/1/4
f 4138/5/4 4139/5/4 4147/5/4
f 4147/5/4 4140/5/4 4148/5/4
f 4148/5/4 4140/5/4 4149/5/4
f 4149/5/4 4140/5/4 4150/5/4
f 4150/5/4 4140/5/4 4151/5/4
f 3998/1/4 3999/1/4 4153/1/4
f 4052/2/4 3998/2/4 4153/2/4
f 3999/2/4 4034/2/4 4154/2/4
f 4153/1/4 3999/1/4 4154/1/4
f 4127/2/4 4128/2/4 4155/2/4
f 4128/1/4 4129/1/4 4155/1/4
f 4129/2/4 4130/2/4 4156/2/4
f 4155/1/4 4129/1/4 4156/1/4
f 4090/2/4 4083/2/4 4157/2/4
f 4089/1/4 4090/1/4 4157/1/4
f 4083/1/4 4091/1/4 4158/1/4
f 4157/2/4 4083/2/4 4158/2/4
f 4091/1/4 4092/1/4 4158/1/4
f 4092/2/4 4141/2/4 4159/2/4
f 4158/1/4 4092/1/4 4159/1/4
f 4141/1/4 4142/1/4 4160/1/4
f 4159/2/4 4141/2/4 4160/2/4
f 4142/2/4 4098/2/4 4161/2/4
f 4160/1/4 4142/1/4 4161/1/4
f 3982/1/4 3983/1/4 4162/1/4
f 3983/2/4 4059/2/4 4163/2/4
f 4162/1/4 3983/1/4 4163/1/4
f 4115/2/4 4116/2/4 4164/2/4
f 4116/1/4 4117/1/4 4164/1/4
f 4117/2/4 4118/2/4 4165/2/4
f 4164/1/4 4117/1/4 4165/1/4
f 4052/2/4 4153/2/4 4166/2/4
f 4153/2/4 4154/2/4 4166/2/4
f 4154/2/4 4034/2/4 4167/2/4
f 4166/2/4 4154/2/4 4167/2/4
f 4155/2/4 4156/2/4 4168/2/4
f 4127/2/4 4155/2/4 4168/2/4
f 4156/2/4 4130/2/4 4169/2/4
f 4168/2/4 4156/2/4 4169/2/4
f 4162/2/4 4163/2/4 4170/2/4
f 4163/2/4 4059/2/4 4171/2/4
f 4170/2/4 4163/2/4 4171/2/4
f 4115/2/4 4164/2/4 4172/2/4
f 4164/2/4 4165/2/4 4172/2/4
f 4165/2/4 4118/2/4 4173/2/4
f 4172/2/4 4165/2/4 4173/2/4
f 4014/1/4 4015/1/4 4174/1/4
f 4080/2/4 4014/2/4 4174/2/4
f 4015/2/4 4057/2/4 4175/2/4
f 4174/1/4 4015/1/4 4175/1/4
f 4038/2/4 4089/2/4 4176/2/4
f 4024/1/4 4038/1/4 4176/1/4
f 4089/1/4 4157/1/4 4177/1/4
f 4176/2/4 4089/2/4 4177/2/4
f 4177/1/4 4157/1/4 4178/1/4
f 4161/2/4 4098/2/4 4179/2/4
f 4098/1/4 4102/1/4 4180/1/4
f 4179/2/4 4098/2/4 4180/2/4
f 4102/1/4 4103/1/4 4180/1/4
f 4103/2/4 4145/2/4 4181/2/4
f 4180/1/4 4103/1/4 4181/1/4
f 4151/5/4 4152/5/4 4182/5/4
f 4150/5/4 4151/5/4 4182/5/4
f 4149/1/4 4150/1/4 4182/1/4
f 4182/5/4 4152/5/4 4183/5/4
f 4183/5/4 4152/5/4 4184/5/4
f 4184/5/4 4152/5/4 4185/5/4
f 4185/5/4 4152/5/4 4186/5/4
f 3986/1/4 3987/1/4 4188/1/4
f 4060/2/4 3986/2/4 4188/2/4
f 3987/2/4 4032/2/4 4189/2/4
f 4188/1/4 3987/1/4 4189/1/4
f 4032/1/4 4114/1/4 4190/1/4
f 4114/1/4 4115/1/4 4190/1/4
f 4115/2/4 4172/2/4 4191/2/4
f 4190/1/4 4115/1/4 4191/1/4
f 4172/1/4 4173/1/4 4192/1/4
f 4191/2/4 4172/2/4 4192/2/4
f 4173/2/4 4118/2/4 4193/2/4
f 4192/1/4 4173/1/4 4193/1/4
f 4118/1/4 4119/1/4 4194/1/4
f 4193/2/4 4118/2/4 4194/2/4
f 4119/2/4 4120/2/4 4195/2/4
f 4194/1/4 4119/1/4 4195/1/4
f 4120/1/4 4121/1/4 4196/1/4
f 4195/2/4 4120/2/4 4196/2/4
f 4121/2/4 4122/2/4 4197/2/4
f 4196/1/4 4121/1/4 4197/1/4
f 4122/1/4 4123/1/4 4198/1/4
f 4197/2/4 4122/2/4 4198/2/4
f 4123/1/4 4052/1/4 4199/1/4
f 4198/1/4 4123/1/4 4199/1/4
f 4002/1/4 4124/1/4 4200/1/4
f 4124/1/4 4125/1/4 4200/1/4
f 4125/2/4 4126/2/4 4201/2/4
f 4200/1/4 4125/1/4 4201/1/4
f 4126/1/4 4127/1/4 4202/1/4
f 4201/2/4 4126/2/4 4202/2/4
f 4127/2/4 4168/2/4 4203/2/4
f 4202/1/4 4127/1/4 4203/1/4
f 4168/1/4 4169/1/4 4204/1/4
f 4203/2/4 4168/2/4 4204/2/4
f 4169/2/4 4130/2/4 4205/2/4
f 4204/1/4 4169/1/4 4205/1/4
f 4130/1/4 4131/1/4 4206/1/4
f 4205/2/4 4130/2/4 4206/2/4
f 4131/2/4 4132/2/4 4207/2/4
f 4206/1/4 4131/1/4 4207/1/4
f 4132/1/4 4133/1/4 4208/1/4
f 4207/2/4 4132/2/4 4208/2/4
f 4133/2/4 4079/2/4 4209/2/4
f 4208/1/4 4133/1/4 4209/1/4
f 4080/2/4 4174/2/4 4210/2/4
f 4174/2/4 4175/2/4 4210/2/4
f 4175/2/4 4057/2/4 4211/2/4
f 4210/2/4 4175/2/4 4211/2/4
f 4060/2/4 4188/2/4 4212/2/4
f 4188/2/4 4189/2/4 4212/2/4
f 4189/2/4 4032/2/4 4213/2/4
f 4212/2/4 4189/2/4 4213/2/4
f 4035/2/4 4002/2/4 4214/2/4
f 4002/1/4 4200/1/4 4214/1/4
f 4214/1/4 4200/1/4 4215/1/4
f 4186/5/4 4187/5/4 4216/5/4
f 4185/5/4 4186/5/4 4216/5/4
f 4184/1/4 4185/1/4 4216/1/4
f 4216/5/4 4187/5/4 4217/5/4
f 4217/5/4 4187/5/4 4218/5/4
f 4218/5/4 4187/5/4 4219/5/4
f 4219/5/4 4187/5/4 4220/5/4
f 4214/2/4 4215/2/4 4222/2/4
f 4035/2/4 4214/2/4 4222/2/4
f 4222/2/4 4215/2/4 4223/2/4
f 4024/1/4 4176/1/4 4224/1/4
f 4224/1/4 4176/1/4 4225/1/4
f 4181/2/4 4145/2/4 4226/2/4
f 4145/1/4 4146/1/4 4227/1/4
f 4226/2/4 4145/2/4 4227/2/4
f 4227/1/4 4146/1/4 4228/1/4
f 4110/1/4 4136/1/4 4229/1/4
f 4146/2/4 4110/2/4 4229/2/4
f 4136/2/4 4137/2/4 4230/2/4
f 4229/1/4 4136/1/4 4230/1/4
f 4146/2/4 4229/2/4 4231/2/4
f 4229/2/4 4230/2/4 4231/2/4
f 4230/2/4 4137/2/4 4232/2/4
f 4231/2/4 4230/2/4 4232/2/4
f 4220/5/4 4221/5/4 4233/5/4
f 4219/5/4 4220/5/4 4233/5/4
f 4218/1/4 4219/1/4 4233/1/4
f 4233/5/4 4221/5/4 4234/5/4
f 4058/2/4 4024/2/4 4235/2/4
f 4024/1/4 4224/1/4 4235/1/4
f 4235/1/4 4224/1/4 4236/1/4
f 4148/2/4 4149/2/4 4237/2/4
f 4182/1/4 4183/1/4 4237/1/4
f 4149/1/4 4182/1/4 4237/1/4
f 4183/2/4 4184/2/4 4238/2/4
f 4237/1/4 4183/1/4 4238/1/4
f 4233/1/4 4234/1/4 4239/1/4
f 4218/1/4 4233/1/4 4239/1/4
f 4217/2/4 4218/2/4 4239/2/4
f 4234/5/4 4221/5/4 4240/5/4
f 4239/1/4 4234/1/4 4240/1/4
f 4235/2/4 4236/2/4 4241/2/4
f 4058/2/4 4235/2/4 4241/2/4
f 4241/2/4 4236/2/4 4242/2/4
f 4148/2/4 4237/2/4 4243/2/4
f 4237/2/4 4238/2/4 4243/2/4
f 4238/2/4 4184/2/4 4244/2/4
f 4243/2/4 4238/2/4 4244/2/4
f 4217/2/4 4239/2/4 4245/2/4
f 4239/2/4 4240/2/4 4245/2/4
f 4240/5/4 4221/5/4 4246/5/4
f 4245/2/4 4240/2/4 4246/2/4
f 4243/1/4 4244/1/4 4247/1/4
f 4244/2/4 4184/2/4 4248/2/4
f 4247/1/4 4244/1/4 4248/1/4
f 4184/1/4 4216/1/4 4249/1/4
f 4248/2/4 4184/2/4 4249/2/4
f 4216/1/4 4217/1/4 4249/1/4
f 4217/2/4 4245/2/4 4250/2/4
f 4249/1/4 4217/1/4 4250/1/4
f 4245/1/4 4246/1/4 4251/1/4
f 4250/2/4 4245/2/4 4251/2/4
f 4246/5/4 4221/5/4 4252/5/4
f 4251/1/4 4246/1/4 4252/1/4
f 4252/5/4 4221/5/4 4253/5/4
f 4253/5/4 4221/5/4 4254/5/4
f 4241/1/4 4242/1/4 4255/1/4
f 4228/1/4 4146/1/4 4259/1/4
f 4032/1/4 4190/1/4 4260/1/4
f 4199/1/4 4052/1/4 4269/1/4
f 4222/1/4 4223/1/4 4270/1/4
f 4209/2/4 4079/2/4 4279/2/4
f 4148/2/4 4243/2/4 4280/2/4
f 4147/1/4 4148/1/4 4280/1/4
f 4243/1/4 4247/1/4 4281/1/4
f 4280/2/4 4243/2/4 4281/2/4
f 4248/5/4 4249/5/4 4282/5/4
f 4281/1/4 4247/1/4 4282/1/4
f 4250/5/4 4251/5/4 4282/5/4
f 4247/5/4 4248/5/4 4282/5/4
f 4249/5/4 4250/5/4 4282/5/4
f 4251/5/4 4252/5/4 4282/5/4
f 4252/5/4 4253/5/4 4282/5/4
f 4282/5/4 4253/5/4 4283/5/4
f 4283/5/4 4253/5/4 4284/5/4
f 4255/1/4 4256/1/4 4285/1/4
f 4257/2/4 4258/2/4 4290/2/4
f 4147/1/4 4280/1/4 4291/1/4
f 4137/1/4 4147/1/4 4291/1/4
f 4280/5/4 4281/5/4 4292/5/4
f 4291/1/4 4280/1/4 4292/1/4
f 4281/5/4 4282/5/4 4292/5/4
f 4282/5/4 4283/5/4 4292/5/4
f 4292/5/4 4283/5/4 4293/5/4
f 4293/5/4 4283/5/4 4294/5/4
f 4286/1/4 4287/1/4 4295/1/4
f 4288/2/4 4289/2/4 4299/2/4
f 4231/1/4 4232/1/4 4300/1/4
f 4232/2/4 4137/2/4 4301/2/4
f 4300/1/4 4232/1/4 4301/1/4
f 4137/1/4 4291/1/4 4302/1/4
f 4301/2/4 4137/2/4 4302/2/4
f 4291/5/4 4292/5/4 4303/5/4
f 4302/1/4 4291/1/4 4303/1/4
f 4292/5/4 4293/5/4 4303/5/4
f 4303/5/4 4293/5/4 4304/5/4
f 4304/5/4 4293/5/4 4305/5/4
f 4059/1/4 4060/1/4 4306/1/4
f 4171/2/4 4059/2/4 4306/2/4
f 4060/2/4 4212/2/4 4307/2/4
f 4306/1/4 4060/1/4 4307/1/4
f 4171/2/4 4306/2/4 4308/2/4
f 4306/2/4 4307/2/4 4308/2/4
f 4307/2/4 4212/2/4 4309/2/4
f 4308/2/4 4307/2/4 4309/2/4
f 4032/1/4 4260/1/4 4310/1/4
f 4260/1/4 4261/1/4 4310/1/4
f 4261/2/4 4262/2/4 4311/2/4
f 4310/1/4 4261/1/4 4311/1/4
f 4262/1/4 4263/1/4 4312/1/4
f 4311/2/4 4262/2/4 4312/2/4
f 4263/2/4 4264/2/4 4313/2/4
f 4312/1/4 4263/1/4 4313/1/4
f 4264/1/4 4265/1/4 4314/1/4
f 4313/2/4 4264/2/4 4314/2/4
f 4265/2/4 4266/2/4 4315/2/4
f 4314/1/4 4265/1/4 4315/1/4
f 4266/1/4 4267/1/4 4316/1/4
f 4315/2/4 4266/2/4 4316/2/4
f 4267/2/4 4268/2/4 4317/2/4
f 4316/1/4 4267/1/4 4317/1/4
f 4268/1/4 4269/1/4 4318/1/4
f 4317/2/4 4268/2/4 4318/2/4
f 4269/1/4 4052/1/4 4319/1/4
f 4318/1/4 4269/1/4 4319/1/4
f 4222/1/4 4270/1/4 4320/1/4
f 4270/1/4 4271/1/4 4320/1/4
f 4271/2/4 4272/2/4 4321/2/4
f 4320/1/4 4271/1/4 4321/1/4
f 4272/1/4 4273/1/4 4322/1/4
f 4321/2/4 4272/2/4 4322/2/4
f 4273/2/4 4274/2/4 4323/2/4
f 4322/1/4 4273/1/4 4323/1/4
f 4274/1/4 4275/1/4 4324/1/4
f 4323/2/4 4274/2/4 4324/2/4
f 4275/2/4 4276/2/4 4325/2/4
f 4324/1/4 4275/1/4 4325/1/4
f 4276/1/4 4277/1/4 4326/1/4
f 4325/2/4 4276/2/4 4326/2/4
f 4277/2/4 4278/2/4 4327/2/4
f 4326/1/4 4277/1/4 4327/1/4
f 4278/1/4 4279/1/4 4328/1/4
f 4327/2/4 4278/2/4 4328/2/4
f 4279/2/4 4079/2/4 4329/2/4
f 4328/1/4 4279/1/4 4329/1/4
f 4258/1/4 4259/1/4 4330/1/4
f 4290/2/4 4258/2/4 4330/2/4
f 4146/2/4 4231/2/4 4331/2/4
f 4330/1/4 4259/1/4 4331/1/4
f 4259/1/4 4146/1/4 4331/1/4
f 4231/1/4 4300/1/4 4332/1/4
f 4331/2/4 4231/2/4 4332/2/4
f 4300/5/4 4301/5/4 4333/5/4
f 4332/1/4 4300/1/4 4333/1/4
f 4303/5/4 4304/5/4 4333/5/4
f 4302/5/4 4303/5/4 4333/5/4
f 4301/5/4 4302/5/4 4333/5/4
f 4333/5/4 4304/5/4 4334/5/4
f 4334/5/4 4304/5/4 4335/5/4
f 4167/2/4 4034/2/4 4336/2/4
f 4034/1/4 4035/1/4 4336/1/4
f 4035/2/4 4222/2/4 4337/2/4
f 4336/1/4 4035/1/4 4337/1/4
f 4330/2/4 4331/2/4 4338/2/4
f 4290/2/4 4330/2/4 4338/2/4
f 4333/5/4 4334/5/4 4339/5/4
f 4338/2/4 4331/2/4 4339/2/4
f 4332/5/4 4333/5/4 4339/5/4
f 4331/5/4 4332/5/4 4339/5/4
f 4167/2/4 4336/2/4 4340/2/4
f 4336/2/4 4337/2/4 4340/2/4
f 4337/2/4 4222/2/4 4341/2/4
f 4340/2/4 4337/2/4 4341/2/4
f 4298/1/4 4299/1/4 4342/1/4
f 4297/2/4 4298/2/4 4342/2/4
f 4299/2/4 4289/2/4 4343/2/4
f 4342/1/4 4299/1/4 4343/1/4
f 4213/2/4 4032/2/4 4344/2/4
f 4032/1/4 4310/1/4 4344/1/4
f 4344/1/4 4310/1/4 4345/1/4
f 4319/1/4 4052/1/4 4346/1/4
f 4052/2/4 4166/2/4 4347/2/4
f 4346/1/4 4052/1/4 4347/1/4
f 4342/2/4 4343/2/4 4348/2/4
f 4297/2/4 4342/2/4 4348/2/4
f 4343/2/4 4289/2/4 4349/2/4
f 4348/2/4 4343/2/4 4349/2/4
f 4290/2/4 4338/2/4 4350/2/4
f 4338/1/4 4339/1/4 4350/1/4
f 4339/5/4 4334/5/4 4351/5/4
f 4350/1/4 4339/1/4 4351/1/4
f 4351/5/4 4334/5/4 4352/5/4
f 4352/5/4 4334/5/4 4353/5/4
f 4344/2/4 4345/2/4 4354/2/4
f 4213/2/4 4344/2/4 4354/2/4
f 4354/2/4 4345/2/4 4355/2/4
f 4346/2/4 4347/2/4 4356/2/4
f 4347/2/4 4166/2/4 4357/2/4
f 4356/2/4 4347/2/4 4357/2/4
f 4211/2/4 4057/2/4 4358/2/4
f 4057/1/4 4058/1/4 4358/1/4
f 4058/2/4 4241/2/4 4359/2/4
f 4358/1/4 4058/1/4 4359/1/4
f 4329/2/4 4079/2/4 4360/2/4
f 4079/1/4 4080/1/4 4360/1/4
f 4080/2/4 4210/2/4 4361/2/4
f 4360/1/4 4080/1/4 4361/1/4
f 4358/2/4 4359/2/4 4362/2/4
f 4211/2/4 4358/2/4 4362/2/4
f 4359/2/4 4241/2/4 4363/2/4
f 4362/2/4 4359/2/4 4363/2/4
f 4286/1/4 4295/1/4 4364/1/4
f 4285/2/4 4286/2/4 4364/2/4
f 4295/2/4 4296/2/4 4365/2/4
f 4364/1/4 4295/1/4 4365/1/4
f 4329/2/4 4360/2/4 4366/2/4
f 4360/2/4 4361/2/4 4366/2/4
f 4361/2/4 4210/2/4 4367/2/4
f 4366/2/4 4361/2/4 4367/2/4
f 4285/2/4 4364/2/4 4368/2/4
f 4364/2/4 4365/2/4 4368/2/4
f 4365/2/4 4296/2/4 4369/2/4
f 4368/2/4 4365/2/4 4369/2/4
f 4289/1/4 4290/1/4 4370/1/4
f 4349/2/4 4289/2/4 4370/2/4
f 4290/2/4 4350/2/4 4371/2/4
f 4370/1/4 4290/1/4 4371/1/4
f 4351/5/4 4352/5/4 4372/5/4
f 4371/2/4 4350/2/4 4372/2/4
f 4350/5/4 4351/5/4 4372/5/4
f 4372/5/4 4352/5/4 4373/5/4
f 4373/5/4 4352/5/4 4374/5/4
f 4296/1/4 4297/1/4 4375/1/4
f 4297/2/4 4348/2/4 4376/2/4
f 4375/1/4 4297/1/4 4376/1/4
f 4348/1/4 4349/1/4 4377/1/4
f 4376/2/4 4348/2/4 4377/2/4
f 4349/2/4 4370/2/4 4378/2/4
f 4377/1/4 4349/1/4 4378/1/4
f 4370/5/4 4371/5/4 4379/5/4
f 4378/2/4 4370/2/4 4379/2/4
f 4371/5/4 4372/5/4 4379/5/4
f 4372/5/4 4373/5/4 4379/5/4
f 4379/5/4 4373/5/4 4380/5/4
f 4380/5/4 4373/5/4 4381/5/4
f 4170/1/4 4171/1/4 4382/1/4
f 4171/2/4 4308/2/4 4383/2/4
f 4382/1/4 4171/1/4 4383/1/4
f 4368/1/4 4369/1/4 4384/1/4
f 4369/2/4 4296/2/4 4385/2/4
f 4384/1/4 4369/1/4 4385/1/4
f 4296/1/4 4375/1/4 4386/1/4
f 4385/2/4 4296/2/4 4386/2/4
f 4376/5/4 4377/5/4 4387/5/4
f 4386/1/4 4375/1/4 4387/1/4
f 4375/5/4 4376/5/4 4387/5/4
f 4377/5/4 4378/5/4 4387/5/4
f 4379/5/4 4380/5/4 4387/5/4
f 4378/5/4 4379/5/4 4387/5/4
f 4387/5/4 4380/5/4 4388/5/4
f 4388/5/4 4380/5/4 4389/5/4
f 4382/2/4 4383/2/4 4390/2/4
f 4383/2/4 4308/2/4 4391/2/4
f 4390/2/4 4383/2/4 4391/2/4
f 4354/1/4 4355/1/4 4392/1/4
f 4356/1/4 4357/1/4 4401/1/4
f 4222/1/4 4320/1/4 4402/1/4
f 4329/2/4 4366/2/4 4411/2/4
f 4397/2/4 4398/2/4 4412/2/4
f 4398/1/4 4399/1/4 4412/1/4
f 4399/2/4 4400/2/4 4413/2/4
f 4412/1/4 4399/1/4 4413/1/4
f 4212/1/4 4213/1/4 4414/1/4
f 4309/2/4 4212/2/4 4414/2/4
f 4213/2/4 4354/2/4 4415/2/4
f 4414/1/4 4213/1/4 4415/1/4
f 4397/2/4 4412/2/4 4416/2/4
f 4412/2/4 4413/2/4 4416/2/4
f 4413/2/4 4400/2/4 4417/2/4
f 4416/2/4 4413/2/4 4417/2/4
f 4285/2/4 4368/2/4 4418/2/4
f 4255/1/4 4285/1/4 4418/1/4
f 4368/1/4 4384/1/4 4419/1/4
f 4418/2/4 4368/2/4 4419/2/4
f 4384/5/4 4385/5/4 4420/5/4
f 4419/1/4 4384/1/4 4420/1/4
f 4385/5/4 4386/5/4 4420/5/4
f 4386/5/4 4387/5/4 4420/5/4
f 4387/5/4 4388/5/4 4420/5/4
f 4420/5/4 4388/5/4 4421/5/4
f 4421/5/4 4388/5/4 4422/5/4
f 4414/2/4 4415/2/4 4423/2/4
f 4309/2/4 4414/2/4 4423/2/4
f 4415/2/4 4354/2/4 4424/2/4
f 4423/2/4 4415/2/4 4424/2/4
f 4341/2/4 4222/2/4 4425/2/4
f 4222/1/4 4402/1/4 4425/1/4
f 4402/1/4 4403/1/4 4425/1/4
f 4403/2/4 4404/2/4 4426/2/4
f 4425/1/4 4403/1/4 4426/1/4
f 4405/2/4 4406/2/4 4427/2/4
f 4406/1/4 4407/1/4 4427/1/4
f 4407/2/4 4408/2/4 4428/2/4
f 4427/1/4 4407/1/4 4428/1/4
f 4357/2/4 4166/2/4 4429/2/4
f 4166/1/4 4167/1/4 4429/1/4
f 4167/2/4 4340/2/4 4430/2/4
f 4429/1/4 4167/1/4 4430/1/4
f 4341/2/4 4425/2/4 4431/2/4
f 4425/2/4 4426/2/4 4431/2/4
f 4426/2/4 4404/2/4 4432/2/4
f 4431/2/4 4426/2/4 4432/2/4
f 4427/2/4 4428/2/4 4433/2/4
f 4405/2/4 4427/2/4 4433/2/4
f 4428/2/4 4408/2/4 4434/2/4
f 4433/2/4 4428/2/4 4434/2/4
f 4210/1/4 4211/1/4 4435/1/4
f 4367/2/4 4210/2/4 4435/2/4
f 4211/2/4 4362/2/4 4436/2/4
f 4435/1/4 4211/1/4 4436/1/4
f 4357/2/4 4429/2/4 4437/2/4
f 4429/2/4 4430/2/4 4437/2/4
f 4430/2/4 4340/2/4 4438/2/4
f 4437/2/4 4430/2/4 4438/2/4
f 4367/2/4 4435/2/4 4439/2/4
f 4435/2/4 4436/2/4 4439/2/4
f 4436/2/4 4362/2/4 4440/2/4
f 4439/2/4 4436/2/4 4440/2/4
f 4255/1/4 4418/1/4 4441/1/4
f 4418/5/4 4419/5/4 4442/5/4
f 4441/1/4 4418/1/4 4442/1/4
f 4420/5/4 4421/5/4 4442/5/4
f 4419/5/4 4420/5/4 4442/5/4
f 4442/5/4 4421/5/4 4443/5/4
f 4443/5/4 4421/5/4 4444/5/4
f 4409/2/4 4410/2/4 4445/2/4
f 4410/1/4 4411/1/4 4445/1/4
f 4411/2/4 4366/2/4 4446/2/4
f 4445/1/4 4411/1/4 4446/1/4
f 4409/2/4 4445/2/4 4447/2/4
f 4445/2/4 4446/2/4 4447/2/4
f 4446/2/4 4366/2/4 4448/2/4
f 4447/2/4 4446/2/4 4448/2/4
f 4363/2/4 4241/2/4 4449/2/4
f 4362/1/4 4363/1/4 4449/1/4
f 4255/1/4 4441/1/4 4450/1/4
f 4449/2/4 4241/2/4 4450/2/4
f 4241/1/4 4255/1/4 4450/1/4
f 4441/5/4 4442/5/4 4451/5/4
f 4450/1/4 4441/1/4 4451/1/4
f 4442/5/4 4443/5/4 4451/5/4
f 4451/5/4 4443/5/4 4452/5/4
f 4452/5/4 4443/5/4 4453/5/4
f 4390/1/4 4391/1/4 4454/1/4
f 4391/2/4 4308/2/4 4455/2/4
f 4454/1/4 4391/1/4 4455/1/4
f 4308/1/4 4309/1/4 4456/1/4
f 4455/2/4 4308/2/4 4456/2/4
f 4309/2/4 4423/2/4 4457/2/4
f 4456/1/4 4309/1/4 4457/1/4
f 4423/1/4 4424/1/4 4458/1/4
f 4457/2/4 4423/2/4 4458/2/4
f 4424/2/4 4354/2/4 4459/2/4
f 4458/1/4 4424/1/4 4459/1/4
f 4354/1/4 4392/1/4 4460/1/4
f 4459/2/4 4354/2/4 4460/2/4
f 4392/1/4 4393/1/4 4460/1/4
f 4393/2/4 4394/2/4 4461/2/4
f 4460/1/4 4393/1/4 4461/1/4
f 4394/1/4 4395/1/4 4462/1/4
f 4461/2/4 4394/2/4 4462/2/4
f 4395/2/4 4396/2/4 4463/2/4
f 4462/1/4 4395/1/4 4463/1/4
f 4396/1/4 4397/1/4 4464/1/4
f 4463/2/4 4396/2/4 4464/2/4
f 4397/2/4 4416/2/4 4465/2/4
f 4464/1/4 4397/1/4 4465/1/4
f 4416/1/4 4417/1/4 4466/1/4
f 4465/2/4 4416/2/4 4466/2/4
f 4417/2/4 4400/2/4 4467/2/4
f 4466/1/4 4417/1/4 4467/1/4
f 4400/1/4 4401/1/4 4468/1/4
f 4467/2/4 4400/2/4 4468/2/4
f 4401/1/4 4357/1/4 4469/1/4
f 4468/1/4 4401/1/4 4469/1/4
f 4357/2/4 4437/2/4 4469/2/4
f 4437/1/4 4438/1/4 4470/1/4
f 4469/2/4 4437/2/4 4470/2/4
f 4438/2/4 4340/2/4 4471/2/4
f 4470/1/4 4438/1/4 4471/1/4
f 4340/1/4 4341/1/4 4472/1/4
f 4471/2/4 4340/2/4 4472/2/4
f 4341/2/4 4431/2/4 4473/2/4
f 4472/1/4 4341/1/4 4473/1/4
f 4431/1/4 4432/1/4 4474/1/4
f 4473/2/4 4431/2/4 4474/2/4
f 4432/2/4 4404/2/4 4475/2/4
f 4474/1/4 4432/1/4 4475/1/4
f 4404/1/4 4405/1/4 4476/1/4
f 4475/2/4 4404/2/4 4476/2/4
f 4405/2/4 4433/2/4 4477/2/4
f 4476/1/4 4405/1/4 4477/1/4
f 4433/1/4 4434/1/4 4478/1/4
f 4477/2/4 4433/2/4 4478/2/4
f 4434/2/4 4408/2/4 4479/2/4
f 4478/1/4 4434/1/4 4479/1/4
f 4408/1/4 4409/1/4 4480/1/4
f 4479/2/4 4408/2/4 4480/2/4
f 4409/2/4 4447/2/4 4481/2/4
f 4480/1/4 4409/1/4 4481/1/4
f 4447/1/4 4448/1/4 4482/1/4
f 4481/2/4 4447/2/4 4482/2/4
f 4448/2/4 4366/2/4 4483/2/4
f 4482/1/4 4448/1/4 4483/1/4
f 4366/1/4 4367/1/4 4484/1/4
f 4483/2/4 4366/2/4 4484/2/4
f 4367/2/4 4439/2/4 4485/2/4
f 4484/1/4 4367/1/4 4485/1/4
f 4439/1/4 4440/1/4 4486/1/4
f 4485/2/4 4439/2/4 4486/2/4
f 4440/2/4 4362/2/4 4487/2/4
f 4486/1/4 4440/1/4 4487/1/4
f 4362/1/4 4449/1/4 4488/1/4
f 4487/2/4 4362/2/4 4488/2/4
f 4449/5/4 4450/5/4 4489/5/4
f 4488/1/4 4449/1/4 4489/1/4
f 4451/5/4 4452/5/4 4489/5/4
f 4450/5/4 4451/5/4 4489/5/4
f 4489/5/4 4452/5/4 4490/5/4
f 4490/5/4 4452/5/4 4491/5/4
f 4489/5/4 4490/5/4 4492/5/4
f 4492/5/4 4490/5/4 4493/5/4
f 4493/5/4 4490/5/4 4494/5/4
f 4495/5/4 4496/5/4 4497/5/4
f 4497/5/4 4496/5/4 4498/5/4
f 4499/4/4 4500/4/4 4503/4/4
f 4503/4/4 4500/4/4 4504/4/4
f 4501/4/4 4502/4/4 4505/4/4
f 4505/4/4 4502/4/4 4506/4/4
f 4507/4/4 4508/4/4 4516/4/4
f 4509/4/4 4510/4/4 4517/4/4
f 4515/4/4 4516/4/4 4520/4/4
f 4517/4/4 4518/4/4 4521/4/4
f 4519/4/4 4520/4/4 4523/4/4
f 4508/5/4 4509/5/4 4524/5/4
f 4523/4/4 4520/4/4 4524/4/4
f 4516/4/4 4508/4/4 4524/4/4
f 4520/4/4 4516/4/4 4524/4/4
f 4521/4/4 4522/4/4 4525/4/4
f 4524/5/4 4509/5/4 4525/5/4
f 4517/4/4 4521/4/4 4525/4/4
f 4509/4/4 4517/4/4 4525/4/4
f 4525/4/4 4522/4/4 4526/4/4
f 4523/5/4 4524/5/4 4527/5/4
f 4524/5/4 4525/5/4 4527/5/4
f 4525/5/4 4526/5/4 4527/5/4
f 4527/5/4 4526/5/4 4528/5/4
f 4528/5/4 4526/5/4 4529/5/4
f 4529/5/4 4526/5/4 4530/5/4
f 4511/4/4 4512/4/4 4531/4/4
f 4531/4/4 4512/4/4 4532/4/4
f 4513/4/4 4514/4/4 4533/4/4
f 4533/4/4 4514/4/4 4534/4/4
f 4527/4/4 4528/4/4 4535/4/4
f 4535/4/4 4528/4/4 4536/4/4
f 4529/4/4 4530/4/4 4537/4/4
f 4537/4/4 4530/4/4 4538/4/4
f 4536/4/4 4528/4/4 4539/4/4
f 4539/4/4 4528/4/4 4540/4/4
f 4529/4/4 4537/4/4 4541/4/4
f 4541/4/4 4537/4/4 4542/4/4
f 4540/4/4 4528/4/4 4543/4/4
f 4528/5/4 4529/5/4 4544/5/4
f 4543/4/4 4528/4/4 4544/4/4
f 4529/4/4 4541/4/4 4545/4/4
f 4544/5/4 4529/5/4 4545/5/4
f 4545/4/4 4541/4/4 4546/4/4
f 4547/4/4 4548/4/4 4551/4/4
f 4551/4/4 4548/4/4 4552/4/4
f 4549/4/4 4550/4/4 4553/4/4
f 4553/4/4 4550/4/4 4554/4/4
f 4495/5/4 4497/5/4 4555/5/4
f 4495/5/4 4555/5/4 4557/5/4
f 4555/5/4 4556/5/4 4557/5/4
f 4557/5/4 4556/5/4 4558/5/4
f 4559/5/4 4560/5/4 4563/5/4
f 4563/5/4 4560/5/4 4564/5/4
f 4561/5/4 4562/5/4 4565/5/4
f 4565/5/4 4562/5/4 4566/5/4
f 4559/5/4 4563/5/4 4567/5/4
f 4564/5/4 4560/5/4 4568/5/4
f 4561/5/4 4565/5/4 4569/5/4
f 4566/5/4 4562/5/4 4570/5/4
f 4559/5/4 4567/5/4 4571/5/4
f 4567/5/4 4568/5/4 4571/5/4
f 4568/5/4 4560/5/4 4572/5/4
f 4571/5/4 4568/5/4 4572/5/4
f 4569/5/4 4570/5/4 4573/5/4
f 4561/5/4 4569/5/4 4573/5/4
f 4570/5/4 4562/5/4 4574/5/4
f 4573/5/4 4570/5/4 4574/5/4
f 4575/5/4 4576/5/4 4578/5/4
f 4578/5/4 4576/5/4 4579/5/4
f 4581/5/4 4582/5/4 4585/5/4
f 4585/5/4 4582/5/4 4586/5/4
f 4583/5/4 4584/5/4 4587/5/4
f 4587/5/4 4584/5/4 4588/5/4
f 4577/5/4 4578/5/4 4589/5/4
f 4589/5/4 4578/5/4 4590/5/4
f 4579/5/4 4580/5/4 4591/5/4
f 4591/5/4 4580/5/4 4592/5/4
f 4577/5/4 4589/5/4 4594/5/4
f 4594/5/4 4589/5/4 4595/5/4
f 4592/5/4 4580/5/4 4596/5/4
f 4596/5/4 4580/5/4 4597/5/4
f 4581/5/4 4585/5/4 4599/5/4
f 4586/5/4 4582/5/4 4600/5/4
f 4583/5/4 4587/5/4 4601/5/4
f 4588/5/4 4584/5/4 4602/5/4
f 4593/5/4 4594/5/4 4603/5/4
f 4603/5/4 4594/5/4 4604/5/4
f 4597/5/4 4598/5/4 4607/5/4
f 4607/5/4 4598/5/4 4608/5/4
f 4581/5/4 4599/5/4 4609/5/4
f 4599/5/4 4600/5/4 4609/5/4
f 4600/5/4 4582/5/4 4610/5/4
f 4609/5/4 4600/5/4 4610/5/4
f 4583/5/4 4601/5/4 4611/5/4
f 4601/5/4 4602/5/4 4611/5/4
f 4602/5/4 4584/5/4 4612/5/4
f 4611/5/4 4602/5/4 4612/5/4
f 4604/5/4 4605/5/4 4613/5/4
f 4606/5/4 4607/5/4 4616/5/4
f 4613/5/4 4614/5/4 4617/5/4
f 4604/5/4 4613/5/4 4617/5/4
f 4617/5/4 4614/5/4 4618/5/4
f 4615/5/4 4616/5/4 4619/5/4
f 4616/5/4 4607/5/4 4620/5/4
f 4619/5/4 4616/5/4 4620/5/4
f 4618/5/4 4619/5/4 4621/5/4
f 4621/5/4 4619/5/4 4622/5/4
f 4623/5/4 4624/5/4 4627/5/4
f 4627/5/4 4624/5/4 4628/5/4
f 4625/5/4 4626/5/4 4629/5/4
f 4629/5/4 4626/5/4 4630/5/4
f 4623/5/4 4627/5/4 4631/5/4
f 4628/5/4 4624/5/4 4632/5/4
f 4625/5/4 4629/5/4 4633/5/4
f 4630/5/4 4626/5/4 4634/5/4
f 4623/5/4 4631/5/4 4635/5/4
f 4631/5/4 4632/5/4 4635/5/4
f 4632/5/4 4624/5/4 4636/5/4
f 4635/5/4 4632/5/4 4636/5/4
f 4633/5/4 4634/5/4 4637/5/4
f 4625/5/4 4633/5/4 4637/5/4
f 4634/5/4 4626/5/4 4638/5/4
f 4637/5/4 4634/5/4 4638/5/4
f 4641/5/5 4640/5/5 4639/5/5
f 4642/5/5 4640/5/5 4641/5/5
f 4644/5/5 4641/5/5 4639/5/5
f 4645/5/5 4644/5/5 4643/5/5
f 4646/1/5 4642/1/5 4641/1/5
f 4646/5/5 4644/5/5 4645/5/5
f 4646/5/5 4641/5/5 4644/5/5
f 4649/5/5 4648/5/5 4647/5/5
f 4650/5/5 4648/5/5 4649/5/5
f 4651/5/5 4645/5/5 4643/5/5
f 4651/1/5 4646/1/5 4645/1/5
f 4652/1/5 4642/1/5 4646/1/5
f 4652/1/5 4646/1/5 4651/1/5
f 4653/5/5 4651/5/5 4643/5/5
f 4653/5/5 4652/5/5 4651/5/5
f 4654/5/5 4652/5/5 4653/5/5
f 4655/1/5 4642/1/5 4652/1/5
f 4655/5/5 4652/5/5 4654/5/5
f 4656/5/5 4640/5/5 4642/5/5
f 4656/1/5 4642/1/5 4655/1/5
f 4657/5/5 4655/5/5 4654/5/5
f 4657/5/5 4656/5/5 4655/5/5
f 4658/5/5 4640/5/5 4656/5/5
f 4658/5/5 4656/5/5 4657/5/5
f 4661/5/5 4660/5/5 4659/5/5
f 4662/5/5 4660/5/5 4661/5/5
f 4665/5/5 4664/5/5 4663/5/5
f 4666/5/5 4665/5/5 4663/5/5
f 4667/5/5 4666/5/5 4663/5/5
f 4668/5/5 4667/5/5 4663/5/5
f 4669/5/5 4668/5/5 4663/5/5
f 4670/5/5 4668/5/5 4669/5/5
f 4673/6/5 4672/6/5 4671/6/5
f 4674/6/5 4672/6/5 4673/6/5
f 4677/5/5 4676/5/5 4675/5/5
f 4678/5/5 4676/5/5 4677/5/5
f 4681/5/5 4680/5/5 4679/5/5
f 4682/5/5 4680/5/5 4681/5/5
f 4685/5/5 4684/5/5 4683/5/5
f 4686/5/5 4684/5/5 4685/5/5
f 4689/5/5 4688/5/5 4687/5/5
f 4690/5/5 4688/5/5 4689/5/5
f 4693/5/5 4692/5/5 4691/5/5
f 4694/5/5 4692/5/5 4693/5/5
f 4697/5/5 4696/5/5 4695/5/5
f 4698/5/5 4696/5/5 4697/5/5
f 4701/5/5 4700/5/5 4699/5/5
f 4702/5/5 4700/5/5 4701/5/5
f 4705/5/5 4704/5/5 4703/5/5
f 4706/5/5 4705/5/5 4703/5/5
f 4707/5/5 4706/5/5 4703/5/5
f 4708/5/5 4706/5/5 4707/5/5
f 4715/5/5 4710/5/5 4709/5/5
f 4716/5/5 4710/5/5 4715/5/5
f 4717/5/5 4712/5/5 4711/5/5
f 4718/5/5 4712/5/5 4717/5/5
f 4719/5/5 4714/5/5 4713/5/5
f 4720/5/5 4714/5/5 4719/5/5
f 4729/5/5 4722/5/5 4721/5/5
f 4730/5/5 4722/5/5 4729/5/5
f 4731/5/5 4724/5/5 4723/5/5
f 4732/5/5 4724/5/5 4731/5/5
f 4733/5/5 4728/5/5 4727/5/5
f 4733/5/5 4726/5/5 4725/5/5
f 4733/5/5 4727/5/5 4726/5/5
f 4734/5/5 4728/5/5 4733/5/5
f 4737/5/5 4736/5/5 4735/5/5
f 4738/5/5 4736/5/5 4737/5/5
f 4741/5/5 4740/5/5 4739/5/5
f 4742/5/5 4740/5/5 4741/5/5
f 4745/5/5 4744/5/5 4743/5/5
f 4746/5/5 4744/5/5 4745/5/5
f 4749/5/5 4748/5/5 4747/5/5
f 4750/5/5 4748/5/5 4749/5/5
f 4753/5/5 4752/5/5 4751/5/5
f 4754/5/5 4752/5/5 4753/5/5
f 4757/5/5 4756/5/5 4755/5/5
f 4758/5/5 4756/5/5 4757/5/5
f 4761/5/5 4760/5/5 4759/5/5
f 4762/5/5 4760/5/5 4761/5/5
f 4765/5/5 4764/5/5 4763/5/5
f 4766/5/5 4764/5/5 4765/5/5
f 4769/5/5 4768/5/5 4767/5/5
f 4770/5/5 4768/5/5 4769/5/5
f 4773/5/5 4772/5/5 4771/5/5
f 4774/5/5 4773/5/5 4771/5/5
f 4775/5/5 4773/5/5 4774/5/5
f 4776/1/5 4775/1/5 4774/1/5
f 4777/1/5 4775/1/5 4776/1/5
f 4778/2/5 4777/2/5 4776/2/5
f 4779/2/5 4777/2/5 4778/2/5
f 4780/1/5 4779/1/5 4778/1/5
f 4781/1/5 4779/1/5 4780/1/5
f 4782/1/5 4779/1/5 4781/1/5
f 4783/1/5 4779/1/5 4782/1/5
f 4784/1/5 4779/1/5 4783/1/5
f 4785/1/5 4779/1/5 4784/1/5
f 4786/1/5 4779/1/5 4785/1/5
f 4787/1/5 4779/1/5 4786/1/5
f 4788/2/5 4787/2/5 4786/2/5
f 4789/2/5 4787/2/5 4788/2/5
f 4790/1/5 4789/1/5 4788/1/5
f 4791/1/5 4789/1/5 4790/1/5
f 4792/5/5 4791/5/5 4790/5/5
f 4793/5/5 4792/5/5 4790/5/5
f 4794/5/5 4792/5/5 4793/5/5
f 4797/5/5 4796/5/5 4795/5/5
f 4798/5/5 4796/5/5 4797/5/5
f 4801/5/5 4800/5/5 4799/5/5
f 4802/5/5 4800/5/5 4801/5/5
f 4809/5/5 4804/5/5 4803/5/5
f 4810/5/5 4804/5/5 4809/5/5
f 4811/5/5 4806/5/5 4805/5/5
f 4812/5/5 4806/5/5 4811/5/5
f 4813/5/5 4808/5/5 4807/5/5
f 4814/5/5 4808/5/5 4813/5/5
f 4821/5/5 4816/5/5 4815/5/5
f 4822/5/5 4816/5/5 4821/5/5
f 4823/5/5 4818/5/5 4817/5/5
f 4824/5/5 4818/5/5 4823/5/5
f 4825/5/5 4820/5/5 4819/5/5
f 4826/5/5 4820/5/5 4825/5/5
f 4829/5/5 4828/5/5 4827/5/5
f 4830/5/5 4828/5/5 4829/5/5
f 4833/5/5 4832/5/5 4831/5/5
f 4834/5/5 4832/5/5 4833/5/5
f 4837/5/5 4836/5/5 4835/5/5
f 4838/5/5 4836/5/5 4837/5/5
f 4841/5/5 4840/5/5 4839/5/5
f 4842/5/5 4840/5/5 4841/5/5
f 4845/5/5 4844/5/5 4843/5/5
f 4846/5/5 4845/5/5 4843/5/5
f 4847/5/5 4846/5/5 4843/5/5
f 4848/5/5 4846/5/5 4847/5/5
f 4855/5/5 4850/5/5 4849/5/5
f 4856/5/5 4850/5/5 4855/5/5
f 4857/5/5 4852/5/5 4851/5/5
f 4858/5/5 4852/5/5 4857/5/5
f 4859/5/5 4854/5/5 4853/5/5
f 4860/5/5 4854/5/5 4859/5/5
f 4863/5/5 4862/5/5 4861/5/5
f 4864/5/5 4862/5/5 4863/5/5
f 4867/5/5 4866/5/5 4865/5/5
f 4868/5/5 4867/5/5 4865/5/5
f 4869/5/5 4868/5/5 4865/5/5
f 4870/5/5 4868/5/5 4869/5/5
f 4873/5/5 4872/5/5 4871/5/5
f 4874/5/5 4872/5/5 4873/5/5
f 4877/5/5 4876/5/5 4875/5/5
f 4878/5/5 4877/5/5 4875/5/5
f 4879/5/5 4878/5/5 4875/5/5
f 4880/5/5 4878/5/5 4879/5/5
f 4889/5/5 4882/5/5 4881/5/5
f 4890/5/5 4882/5/5 4889/5/5
f 4891/5/5 4884/5/5 4883/5/5
f 4891/5/5 4885/5/5 4884/5/5
f 4891/5/5 4886/5/5 4885/5/5
f 4892/5/5 4886/5/5 4891/5/5
f 4893/5/5 4888/5/5 4887/5/5
f 4894/5/5 4888/5/5 4893/5/5
f 4901/5/5 4896/5/5 4895/5/5
f 4902/5/5 4896/5/5 4901/5/5
f 4903/5/5 4898/5/5 4897/5/5
f 4904/5/5 4898/5/5 4903/5/5
f 4905/5/5 4900/5/5 4899/5/5
f 4906/5/5 4900/5/5 4905/5/5
f 4909/5/5 4908/5/5 4907/5/5
f 4910/5/5 4908/5/5 4909/5/5
f 4913/5/5 4912/5/5 4911/5/5
f 4914/5/5 4912/5/5 4913/5/5
f 4917/5/5 4916/5/5 4915/5/5
f 4918/5/5 4916/5/5 4917/5/5
f 4921/5/5 4920/5/5 4919/5/5
f 4922/5/5 4920/5/5 4921/5/5
f 4929/5/5 4924/5/5 4923/5/5
f 4930/5/5 4924/5/5 4929/5/5
f 4931/5/5 4926/5/5 4925/5/5
f 4932/5/5 4926/5/5 4931/5/5
f 4933/5/5 4928/5/5 4927/5/5
f 4934/5/5 4928/5/5 4933/5/5
f 4939/5/5 4936/5/5 4935/5/5
f 4942/5/5 4938/5/5 4937/5/5
f 4943/5/5 4940/5/5 4939/5/5
f 4944/5/5 4943/5/5 4939/5/5
f 4945/5/5 4944/5/5 4939/5/5
f 4946/5/5 4945/5/5 4939/5/5
f 4947/5/5 4946/5/5 4939/5/5
f 4948/5/5 4947/5/5 4939/5/5
f 4949/5/5 4948/5/5 4939/5/5
f 4950/5/5 4949/5/5 4939/5/5
f 4951/5/5 4939/5/5 4935/5/5
f 4951/5/5 4950/5/5 4939/5/5
f 4952/5/5 4950/5/5 4951/5/5
f 4953/5/5 4942/5/5 4941/5/5
f 4954/5/5 4938/5/5 4942/5/5
f 4954/5/5 4942/5/5 4953/5/5
f 4955/5/5 4951/5/5 4935/5/5
f 4956/5/5 4951/5/5 4955/5/5
f 4957/5/5 4938/5/5 4954/5/5
f 4958/5/5 4938/5/5 4957/5/5
f 4961/5/5 4960/5/5 4959/5/5
f 4962/5/5 4960/5/5 4961/5/5
f 4967/5/5 4964/5/5 4963/5/5
f 4967/5/5 4966/5/5 4965/5/5
f 4967/5/5 4965/5/5 4964/5/5
f 4968/5/5 4966/5/5 4967/5/5
f 4973/5/5 4970/5/5 4969/5/5
f 4974/5/5 4970/5/5 4973/5/5
f 4975/5/5 4972/5/5 4971/5/5
f 4976/5/5 4972/5/5 4975/5/5
f 4981/5/5 4978/5/5 4977/5/5
f 4982/5/5 4978/5/5 4981/5/5
f 4983/5/5 4980/5/5 4979/5/5
f 4984/5/5 4980/5/5 4983/5/5
f 4989/5/5 4986/5/5 4985/5/5
f 4990/5/5 4986/5/5 4989/5/5
f 4991/5/5 4988/5/5 4987/5/5
f 4992/5/5 4988/5/5 4991/5/5
f 4997/5/5 4994/5/5 4993/5/5
f 4998/5/5 4994/5/5 4997/5/5
f 4999/5/5 4996/5/5 4995/5/5
f 5000/5/5 4996/5/5 4999/5/5
f 5005/5/5 5002/5/5 5001/5/5
f 5006/5/5 5002/5/5 5005/5/5
f 5007/5/5 5004/5/5 5003/5/5
f 5008/5/5 5004/5/5 5007/5/5
f 5013/5/5 5010/5/5 5009/5/5
f 5014/5/5 5010/5/5 5013/5/5
f 5015/5/5 5012/5/5 5011/5/5
f 5016/5/5 5012/5/5 5015/5/5
f 5021/5/5 5018/5/5 5017/5/5
f 5022/5/5 5018/5/5 5021/5/5
f 5023/5/5 5020/5/5 5019/5/5
f 5024/5/5 5020/5/5 5023/5/5
f 5029/5/5 5026/5/5 5025/5/5
f 5030/5/5 5026/5/5 5029/5/5
f 5031/5/5 5028/5/5 5027/5/5
f 5032/5/5 5028/5/5 5031/5/5
f 5035/5/5 5034/5/5 5033/5/5
f 5036/5/5 5034/5/5 5035/5/5
f 5037/5/5 5034/5/5 5036/5/5
f 5038/5/5 5034/5/5 5037/5/5
f 5043/5/5 5040/5/5 5039/5/5
f 5043/5/5 5042/5/5 5041/5/5
f 5043/5/5 5041/5/5 5040/5/5
f 5044/5/5 5042/5/5 5043/5/5
f 5047/3/5 5046/3/5 5045/3/5
f 5048/3/5 5046/3/5 5047/3/5
f 5049/3/5 5047/3/5 5045/3/5
f 5051/3/5 5049/3/5 5045/3/5
f 5051/3/5 5050/3/5 5049/3/5
f 5052/3/5 5050/3/5 5051/3/5
f 5053/5/6 5054/5/6 5055/5/6
f 5055/5/6 5054/5/6 5056/5/6
f 5057/5/6 5058/5/6 5059/5/6
f 5059/5/6 5058/5/6 5060/5/6
f 5061/5/6 5062/5/6 5063/5/6
f 5063/5/6 5062/5/6 5064/5/6
f 5065/5/6 5066/5/6 5067/5/6
f 5067/5/6 5066/5/6 5068/5/6
f 5069/5/6 5070/5/6 5071/5/6
f 5071/5/6 5070/5/6 5072/5/6
f 5073/5/6 5074/5/6 5075/5/6
f 5073/5/6 5075/5/6 5076/5/6
f 5073/5/6 5076/5/6 5077/5/6
f 5073/5/6 5077/5/6 5078/5/6
f 5073/5/6 5078/5/6 5079/5/6
f 5079/5/6 5078/5/6 5080/5/6
f 5081/5/6 5082/5/6 5083/5/6
f 5083/5/6 5082/5/6 5084/5/6
f 5085/5/6 5086/5/6 5087/5/6
f 5087/5/6 5086/5/6 5088/5/6
f 5088/5/6 5086/5/6 5089/5/6
f 5089/5/6 5086/5/6 5090/5/6
f 5090/5/6 5086/5/6 5091/5/6
f 5091/5/6 5086/5/6 5092/5/6
f 5093/5/6 5094/5/6 5097/5/6
f 5093/5/6 5097/5/6 5098/5/6
f 5093/5/6 5098/5/6 5099/5/6
f 5093/5/6 5099/5/6 5100/5/6
f 5093/5/6 5100/5/6 5102/5/6
f 5101/5/6 5102/5/6 5103/5/6
f 5103/5/6 5102/5/6 5104/5/6
f 5104/5/6 5102/5/6 5105/5/6
f 5105/5/6 5102/5/6 5106/5/6
f 5102/5/6 5100/5/6 5107/5/6
f 5106/5/6 5102/5/6 5107/5/6
f 5101/5/6 5103/5/6 5108/5/6
f 5101/5/6 5108/5/6 5109/5/6
f 5101/5/6 5109/5/6 5110/5/6
f 5101/5/6 5110/5/6 5111/5/6
f 5111/5/6 5110/5/6 5112/5/6
f 5113/6/6 5114/6/6 5115/6/6
f 5115/6/6 5114/6/6 5116/6/6
f 5117/5/6 5118/5/6 5119/5/6
f 5117/5/6 5119/5/6 5120/5/6
f 5117/5/6 5120/5/6 5125/5/6
f 5123/5/6 5124/5/6 5125/5/6
f 5122/5/6 5123/5/6 5125/5/6
f 5121/5/6 5122/5/6 5125/5/6
f 5120/5/6 5121/5/6 5125/5/6
f 5125/5/6 5124/5/6 5126/5/6
f 5126/5/6 5124/5/6 5127/5/6
f 5126/5/6 5127/5/6 5128/5/6
f 5126/5/6 5128/5/6 5129/5/6
f 5126/5/6 5129/5/6 5130/5/6
f 5126/5/6 5130/5/6 5131/5/6
f 5131/5/6 5130/5/6 5132/5/6
f 5095/5/6 5096/5/6 5133/5/6
f 5133/5/6 5096/5/6 5134/5/6
f 5135/5/6 5136/5/6 5141/5/6
f 5139/5/6 5140/5/6 5141/5/6
f 5138/5/6 5139/5/6 5141/5/6
f 5137/5/6 5138/5/6 5141/5/6
f 5136/5/6 5137/5/6 5141/5/6
f 5141/5/6 5140/5/6 5142/5/6
f 5143/5/6 5144/5/6 5145/5/6
f 5145/5/6 5144/5/6 5146/5/6
f 5147/5/6 5148/5/6 5149/5/6
f 5149/5/6 5148/5/6 5150/5/6
f 5151/5/6 5152/5/6 5153/5/6
f 5151/5/6 5153/5/6 5154/5/6
f 5151/5/6 5154/5/6 5155/5/6
f 5151/5/6 5155/5/6 5156/5/6
f 5151/5/6 5156/5/6 5157/5/6
f 5157/5/6 5156/5/6 5158/5/6
f 5159/5/6 5160/5/6 5161/5/6
f 5161/5/6 5160/5/6 5162/5/6
f 5163/5/6 5164/5/6 5165/5/6
f 5165/5/6 5164/5/6 5166/5/6
f 5167/5/6 5168/5/6 5169/5/6
f 5169/5/6 5168/5/6 5170/5/6
f 5171/5/6 5172/5/6 5173/5/6
f 5173/5/6 5172/5/6 5174/5/6
f 5175/5/6 5176/5/6 5177/5/6
f 5177/5/6 5176/5/6 5178/5/6
f 5179/5/6 5180/5/6 5185/5/6
f 5185/5/6 5180/5/6 5186/5/6
f 5181/5/6 5182/5/6 5187/5/6
f 5187/5/6 5182/5/6 5188/5/6
f 5183/5/6 5184/5/6 5189/5/6
f 5189/5/6 5184/5/6 5190/5/6
f 5191/5/6 5192/5/6 5197/5/6
f 5197/5/6 5192/5/6 5198/5/6
f 5193/5/6 5194/5/6 5199/5/6
f 5199/5/6 5194/5/6 5200/5/6
f 5195/5/6 5196/5/6 5201/5/6
f 5201/5/6 5196/5/6 5202/5/6
f 5203/5/6 5204/5/6 5205/5/6
f 5205/5/6 5204/5/6 5206/5/6
f 5208/5/6 5209/5/6 5211/5/6
f 5209/5/6 5210/5/6 5211/5/6
f 5207/5/6 5208/5/6 5211/5/6
f 5211/5/6 5210/5/6 5212/5/6
f 5213/5/6 5214/5/6 5215/5/6
f 5215/5/6 5214/5/6 5216/5/6
f 5217/5/6 5218/5/6 5219/5/6
f 5217/5/6 5219/5/6 5220/5/6
f 5217/5/6 5220/5/6 5221/5/6
f 5221/5/6 5220/5/6 5222/5/6
f 5223/5/6 5224/5/6 5225/5/6
f 5223/5/6 5225/5/6 5226/5/6
f 5223/5/6 5226/5/6 5227/5/6
f 5227/5/6 5226/5/6 5228/5/6
f 5229/5/6 5230/5/6 5231/5/6
f 5231/5/6 5230/5/6 5232/5/6
f 5233/5/6 5234/5/6 5235/5/6
f 5233/5/6 5235/5/6 5236/5/6
f 5233/5/6 5236/5/6 5237/5/6
f 5237/5/6 5236/5/6 5238/5/6
f 5239/5/6 5240/5/6 5241/5/6
f 5241/5/6 5240/5/6 5242/5/6
f 5243/5/6 5244/5/6 5245/5/6
f 5245/5/6 5244/5/6 5246/5/6
f 5247/5/6 5248/5/6 5251/5/6
f 5248/4/6 5249/4/6 5252/4/6
f 5251/5/6 5248/5/6 5252/5/6
f 5249/5/6 5250/5/6 5253/5/6
f 5252/4/6 5249/4/6 5253/4/6
f 5253/5/6 5250/5/6 5254/5/6
f 5255/5/6 5256/5/6 5257/5/6
f 5257/5/6 5256/5/6 5258/5/6
f 5259/5/6 5260/5/6 5261/5/6
f 5261/5/6 5260/5/6 5262/5/6
f 5263/5/6 5264/5/6 5267/5/6
f 5264/4/6 5265/4/6 5268/4/6
f 5267/5/6 5264/5/6 5268/5/6
f 5265/5/6 5266/5/6 5269/5/6
f 5268/4/6 5265/4/6 5269/4/6
f 5269/5/6 5266/5/6 5270/5/6
f 5271/5/6 5272/5/6 5275/5/6
f 5272/4/6 5273/4/6 5276/4/6
f 5275/5/6 5272/5/6 5276/5/6
f 5273/5/6 5274/5/6 5277/5/6
f 5276/4/6 5273/4/6 5277/4/6
f 5277/5/6 5274/5/6 5278/5/6
f 5279/5/6 5280/5/6 5283/5/6
f 5280/4/6 5281/4/6 5284/4/6
f 5283/5/6 5280/5/6 5284/5/6
f 5281/5/6 5282/5/6 5285/5/6
f 5284/4/6 5281/4/6 5285/4/6
f 5285/5/6 5282/5/6 5286/5/6
f 5287/5/6 5288/5/6 5291/5/6
f 5288/4/6 5289/4/6 5292/4/6
f 5291/5/6 5288/5/6 5292/5/6
f 5289/5/6 5290/5/6 5293/5/6
f 5292/4/6 5289/4/6 5293/4/6
f 5293/5/6 5290/5/6 5294/5/6
f 5295/5/6 5296/5/6 5299/5/6
f 5296/4/6 5297/4/6 5300/4/6
f 5299/5/6 5296/5/6 5300/5/6
f 5297/5/6 5298/5/6 5301/5/6
f 5300/4/6 5297/4/6 5301/4/6
f 5301/5/6 5298/5/6 5302/5/6
f 5303/5/6 5304/5/6 5309/5/6
f 5309/5/6 5304/5/6 5310/5/6
f 5305/5/6 5306/5/6 5311/5/6
f 5311/5/6 5306/5/6 5312/5/6
f 5307/5/6 5308/5/6 5313/5/6
f 5313/5/6 5308/5/6 5314/5/6
f 5315/5/6 5316/5/6 5317/5/6
f 5317/5/6 5316/5/6 5318/5/6
f 5319/5/6 5320/5/6 5321/5/6
f 5321/5/6 5320/5/6 5322/5/6
f 5323/5/6 5324/5/6 5327/5/6
f 5324/4/6 5325/4/6 5328/4/6
f 5327/5/6 5324/5/6 5328/5/6
f 5325/5/6 5326/5/6 5329/5/6
f 5328/4/6 5325/4/6 5329/4/6
f 5329/5/6 5326/5/6 5330/5/6
f 5331/5/6 5332/5/6 5339/5/6
f 5339/5/6 5332/5/6 5340/5/6
f 5333/5/6 5334/5/6 5341/5/6
f 5341/5/6 5334/5/6 5342/5/6
f 5337/5/6 5338/5/6 5343/5/6
f 5335/5/6 5336/5/6 5343/5/6
f 5336/5/6 5337/5/6 5343/5/6
f 5343/5/6 5338/5/6 5344/5/6
f 5345/5/6 5346/5/6 5349/5/6
f 5346/4/6 5347/4/6 5350/4/6
f 5349/5/6 5346/5/6 5350/5/6
f 5347/5/6 5348/5/6 5351/5/6
f 5350/4/6 5347/4/6 5351/4/6
f 5351/5/6 5348/5/6 5352/5/6
f 5353/5/6 5354/5/6 5357/5/6
f 5354/4/6 5355/4/6 5358/4/6
f 5357/5/6 5354/5/6 5358/5/6
f 5355/5/6 5356/5/6 5359/5/6
f 5358/4/6 5355/4/6 5359/4/6
f 5359/5/6 5356/5/6 5360/5/6
f 5361/5/6 5362/5/6 5363/5/6
f 5363/5/6 5362/5/6 5364/5/6
f 5365/5/6 5366/5/6 5367/5/6
f 5367/5/6 5366/5/6 5368/5/6
f 5369/5/6 5370/5/6 5373/5/6
f 5370/4/6 5371/4/6 5374/4/6
f 5373/5/6 5370/5/6 5374/5/6
f 5371/5/6 5372/5/6 5375/5/6
f 5374/4/6 5371/4/6 5375/4/6
f 5375/5/6 5372/5/6 5376/5/6
f 5377/5/6 5378/5/6 5381/5/6
f 5378/4/6 5379/4/6 5382/4/6
f 5381/5/6 5378/5/6 5382/5/6
f 5379/5/6 5380/5/6 5383/5/6
f 5382/4/6 5379/4/6 5383/4/6
f 5383/5/6 5380/5/6 5384/5/6
f 5385/5/6 5386/5/6 5387/5/6
f 5387/5/6 5386/5/6 5388/5/6
f 5389/5/6 5390/5/6 5393/5/6
f 5390/4/6 5391/4/6 5394/4/6
f 5393/5/6 5390/5/6 5394/5/6
f 5391/5/6 5392/5/6 5395/5/6
f 5394/4/6 5391/4/6 5395/4/6
f 5395/5/6 5392/5/6 5396/5/6
f 5397/5/6 5398/5/6 5401/5/6
f 5398/4/6 5399/4/6 5402/4/6
f 5401/5/6 5398/5/6 5402/5/6
f 5399/5/6 5400/5/6 5403/5/6
f 5402/4/6 5399/4/6 5403/4/6
f 5403/5/6 5400/5/6 5404/5/6
f 5405/5/6 5406/5/6 5409/5/6
f 5406/4/6 5407/4/6 5410/4/6
f 5409/5/6 5406/5/6 5410/5/6
f 5407/5/6 5408/5/6 5411/5/6
f 5410/4/6 5407/4/6 5411/4/6
f 5411/5/6 5408/5/6 5412/5/6
f 5413/5/6 5414/5/6 5417/5/6
f 5414/4/6 5415/4/6 5418/4/6
f 5417/5/6 5414/5/6 5418/5/6
f 5415/5/6 5416/5/6 5419/5/6
f 5418/4/6 5415/4/6 5419/4/6
f 5419/5/6 5416/5/6 5420/5/6
f 5421/5/6 5422/5/6 5425/5/6
f 5422/4/6 5423/4/6 5426/4/6
f 5425/5/6 5422/5/6 5426/5/6
f 5423/5/6 5424/5/6 5427/5/6
f 5426/4/6 5423/4/6 5427/4/6
f 5427/5/6 5424/5/6 5428/5/6
f 5429/5/6 5430/5/6 5433/5/6
f 5430/4/6 5431/4/6 5434/4/6
f 5433/5/6 5430/5/6 5434/5/6
f 5431/5/6 5432/5/6 5435/5/6
f 5434/4/6 5431/4/6 5435/4/6
f 5435/5/6 5432/5/6 5436/5/6
f 5437/5/6 5438/5/6 5441/5/6
f 5438/4/6 5439/4/6 5442/4/6
f 5441/5/6 5438/5/6 5442/5/6
f 5439/5/6 5440/5/6 5443/5/6
f 5442/4/6 5439/4/6 5443/4/6
f 5443/5/6 5440/5/6 5444/5/6
f 5445/5/6 5446/5/6 5449/5/6
f 5446/4/6 5447/4/6 5450/4/6
f 5449/5/6 5446/5/6 5450/5/6
f 5447/5/6 5448/5/6 5451/5/6
f 5450/4/6 5447/4/6 5451/4/6
f 5451/5/6 5448/5/6 5452/5/6
f 5453/5/6 5454/5/6 5457/5/6
f 5454/4/6 5455/4/6 5458/4/6
f 5457/5/6 5454/5/6 5458/5/6
f 5455/5/6 5456/5/6 5459/5/6
f 5458/4/6 5455/4/6 5459/4/6
f 5459/5/6 5456/5/6 5460/5/6
f 5461/5/6 5462/5/6 5465/5/6
f 5462/4/6 5463/4/6 5466/4/6
f 5465/5/6 5462/5/6 5466/5/6
f 5463/5/6 5464/5/6 5467/5/6
f 5466/4/6 5463/4/6 5467/4/6
f 5467/5/6 5464/5/6 5468/5/6
f 5469/5/6 5470/5/6 5473/5/6
f 5470/4/6 5471/4/6 5474/4/6
f 5473/5/6 5470/5/6 5474/5/6
f 5471/5/6 5472/5/6 5475/5/6
f 5474/4/6 5471/4/6 5475/4/6
f 5475/5/6 5472/5/6 5476/5/6
f 5477/5/6 5478/5/6 5481/5/6
f 5478/4/6 5479/4/6 5482/4/6
f 5481/5/6 5478/5/6 5482/5/6
f 5479/5/6 5480/5/6 5483/5/6
f 5482/4/6 5479/4/6 5483/4/6
f 5483/5/6 5480/5/6 5484/5/6
f 5485/5/6 5486/5/6 5489/5/6
f 5486/4/6 5487/4/6 5490/4/6
f 5489/5/6 5486/5/6 5490/5/6
f 5487/5/6 5488/5/6 5491/5/6
f 5490/4/6 5487/4/6 5491/4/6
f 5491/5/6 5488/5/6 5492/5/6
f 5493/5/6 5494/5/6 5499/5/6
f 5499/5/6 5494/5/6 5500/5/6
f 5495/5/6 5496/5/6 5501/5/6
f 5501/5/6 5496/5/6 5502/5/6
f 5497/5/6 5498/5/6 5503/5/6
f 5503/5/6 5498/5/6 5504/5/6
f 5505/5/6 5506/5/6 5507/5/6
f 5507/5/6 5506/5/6 5508/5/6
f 5509/5/6 5510/5/6 5511/5/6
f 5511/5/6 5510/5/6 5512/5/6
f 5513/5/6 5514/5/6 5517/5/6
f 5514/4/6 5515/4/6 5518/4/6
f 5517/5/6 5514/5/6 5518/5/6
f 5515/5/6 5516/5/6 5519/5/6
f 5518/4/6 5515/4/6 5519/4/6
f 5519/5/6 5516/5/6 5520/5/6
f 5521/5/6 5522/5/6 5525/5/6
f 5522/4/6 5523/4/6 5526/4/6
f 5525/5/6 5522/5/6 5526/5/6
f 5523/5/6 5524/5/6 5527/5/6
f 5526/4/6 5523/4/6 5527/4/6
f 5527/5/6 5524/5/6 5528/5/6
f 5529/5/6 5530/5/6 5531/5/6
f 5531/5/6 5530/5/6 5532/5/6
f 5533/5/6 5534/5/6 5535/5/6
f 5535/5/6 5534/5/6 5536/5/6
f 5537/5/6 5538/5/6 5543/5/6
f 5543/5/6 5538/5/6 5544/5/6
f 5539/5/6 5540/5/6 5545/5/6
f 5545/5/6 5540/5/6 5546/5/6
f 5541/5/6 5542/5/6 5547/5/6
f 5547/5/6 5542/5/6 5548/5/6
f 5549/5/6 5550/5/6 5553/5/6
f 5550/4/6 5551/4/6 5554/4/6
f 5553/5/6 5550/5/6 5554/5/6
f 5551/5/6 5552/5/6 5555/5/6
f 5554/4/6 5551/4/6 5555/4/6
f 5555/5/6 5552/5/6 5556/5/6
f 5557/5/6 5558/5/6 5563/5/6
f 5563/5/6 5558/5/6 5564/5/6
f 5559/5/6 5560/5/6 5565/5/6
f 5565/5/6 5560/5/6 5566/5/6
f 5561/5/6 5562/5/6 5567/5/6
f 5567/5/6 5562/5/6 5568/5/6
f 5569/5/6 5570/5/6 5571/5/6
f 5571/5/6 5570/5/6 5572/5/6
f 5573/5/6 5574/5/6 5575/5/6
f 5575/5/6 5574/5/6 5576/5/6
f 5577/5/6 5578/5/6 5579/5/6
f 5579/5/6 5578/5/6 5580/5/6
f 5581/5/6 5582/5/6 5583/5/6
f 5583/5/6 5582/5/6 5584/5/6
f 5585/5/6 5586/5/6 5591/5/6
f 5591/5/6 5586/5/6 5592/5/6
f 5587/5/6 5588/5/6 5593/5/6
f 5593/5/6 5588/5/6 5594/5/6
f 5589/5/6 5590/5/6 5595/5/6
f 5595/5/6 5590/5/6 5596/5/6
f 5597/5/6 5598/5/6 5601/5/6
f 5601/5/6 5598/5/6 5602/5/6
f 5599/5/6 5600/5/6 5603/5/6
f 5603/5/6 5600/5/6 5604/5/6
f 5605/5/6 5606/5/6 5609/5/6
f 5609/5/6 5606/5/6 5610/5/6
f 5607/5/6 5608/5/6 5611/5/6
f 5611/5/6 5608/5/6 5612/5/6
f 5613/4/6 5614/4/6 5617/4/6
f 5617/4/6 5614/4/6 5618/4/6
f 5615/4/6 5616/4/6 5619/4/6
f 5619/4/6 5616/4/6 5620/4/6
f 5623/5/6 5624/5/6 5629/5/6
f 5629/5/6 5624/5/6 5630/5/6
f 5625/5/6 5626/5/6 5631/5/6
f 5631/5/6 5626/5/6 5632/5/6
f 5621/5/6 5622/5/6 5637/5/6
f 5633/5/6 5634/5/6 5638/5/6
f 5635/5/6 5636/5/6 5639/5/6
f 5627/5/6 5628/5/6 5640/5/6
f 5637/5/6 5638/5/6 5641/5/6
f 5621/5/6 5637/5/6 5641/5/6
f 5638/5/6 5634/5/6 5642/5/6
f 5641/5/6 5638/5/6 5642/5/6
f 5639/5/6 5640/5/6 5643/5/6
f 5635/5/6 5639/5/6 5643/5/6
f 5640/5/6 5628/5/6 5644/5/6
f 5643/5/6 5640/5/6 5644/5/6
f 5645/5/6 5646/5/6 5649/5/6
f 5649/5/6 5646/5/6 5650/5/6
f 5647/5/6 5648/5/6 5651/5/6
f 5651/5/6 5648/5/6 5652/5/6
f 5653/5/6 5654/5/6 5655/5/6
f 5655/5/6 5654/5/6 5656/5/6
f 5656/5/6 5654/5/6 5657/5/6
f 5657/5/6 5654/5/6 5658/5/6
f 5659/5/6 5660/5/6 5663/5/6
f 5663/5/6 5660/5/6 5664/5/6
f 5661/5/6 5662/5/6 5665/5/6
f 5665/5/6 5662/5/6 5666/5/6
f 5667/5/6 5668/5/6 5671/5/6
f 5669/5/6 5670/5/6 5671/5/6
f 5668/5/6 5669/5/6 5671/5/6
f 5671/5/6 5670/5/6 5672/5/6
f 5673/5/6 5674/5/6 5677/5/6
f 5677/5/6 5674/5/6 5678/5/6
f 5675/5/6 5676/5/6 5679/5/6
f 5679/5/6 5676/5/6 5680/5/6
f 5681/5/6 5682/5/6 5685/5/6
f 5685/5/6 5682/5/6 5686/5/6
f 5683/5/6 5684/5/6 5687/5/6
f 5687/5/6 5684/5/6 5688/5/6
f 5689/5/6 5690/5/6 5693/5/6
f 5693/5/6 5690/5/6 5694/5/6
f 5691/5/6 5692/5/6 5695/5/6
f 5695/5/6 5692/5/6 5696/5/6
f 5693/4/6 5694/4/6 5697/4/6
f 5697/4/6 5694/4/6 5698/4/6
f 5695/4/6 5696/4/6 5699/4/6
f 5699/4/6 5696/4/6 5700/4/6
f 5697/5/6 5698/5/6 5701/5/6
f 5701/5/6 5698/5/6 5702/5/6
f 5699/5/6 5700/5/6 5703/5/6
f 5703/5/6 5700/5/6 5704/5/6
f 5705/5/6 5706/5/6 5709/5/6
f 5709/5/6 5706/5/6 5710/5/6
f 5707/5/6 5708/5/6 5711/5/6
f 5711/5/6 5708/5/6 5712/5/6
f 5713/5/6 5714/5/6 5717/5/6
f 5717/5/6 5714/5/6 5718/5/6
f 5715/5/6 5716/5/6 5719/5/6
f 5719/5/6 5716/5/6 5720/5/6
f 5721/5/6 5722/5/6 5725/5/6
f 5725/5/6 5722/5/6 5726/5/6
f 5723/5/6 5724/5/6 5727/5/6
f 5727/5/6 5724/5/6 5728/5/6
f 5725/4/6 5726/4/6 5729/4/6
f 5729/4/6 5726/4/6 5730/4/6
f 5725/4/6 5729/4/6 5731/4/6
f 5725/4/6 5731/4/6 5733/4/6
f 5731/4/6 5732/4/6 5733/4/6
f 5733/4/6 5732/4/6 5734/4/6
f 5727/4/6 5728/4/6 5735/4/6
f 5735/4/6 5728/4/6 5736/4/6
f 5733/5/6 5734/5/6 5737/5/6
f 5737/5/6 5734/5/6 5738/5/6
f 5735/5/6 5736/5/6 5739/5/6
f 5739/5/6 5736/5/6 5740/5/6
f 5741/5/6 5742/5/6 5743/5/6
f 5743/5/6 5742/5/6 5744/5/6
f 5743/4/6 5744/4/6 5745/4/6
f 5745/4/6 5744/4/6 5746/4/6
f 5747/4/6 5748/4/6 5749/4/6
f 5749/4/6 5748/4/6 5750/4/6
f 5749/5/6 5750/5/6 5751/5/6
f 5751/5/6 5750/5/6 5752/5/6
f 5753/5/6 5754/5/6 5755/5/6
f 5755/5/6 5754/5/6 5756/5/6
f 5755/4/6 5756/4/6 5757/4/6
f 5757/4/6 5756/4/6 5758/4/6
f 5757/5/6 5758/5/6 5759/5/6
f 5759/5/6 5758/5/6 5760/5/6
f 5761/5/6 5762/5/6 5765/5/6
f 5765/5/6 5762/5/6 5766/5/6
f 5763/5/6 5764/5/6 5767/5/6
f 5767/5/6 5764/5/6 5768/5/6
f 5769/5/6 5770/5/6 5773/5/6
f 5773/5/6 5770/5/6 5774/5/6
f 5771/5/6 5772/5/6 5775/5/6
f 5775/5/6 5772/5/6 5776/5/6
f 5777/5/6 5778/5/6 5781/5/6
f 5781/5/6 5778/5/6 5782/5/6
f 5779/5/6 5780/5/6 5783/5/6
f 5783/5/6 5780/5/6 5784/5/6
f 5781/4/6 5782/4/6 5785/4/6
f 5785/4/6 5782/4/6 5786/4/6
f 5787/4/6 5788/4/6 5789/4/6
f 5789/4/6 5788/4/6 5790/4/6
f 5783/4/6 5784/4/6 5791/4/6
f 5791/4/6 5784/4/6 5792/4/6
f 5789/5/6 5790/5/6 5793/5/6
f 5793/5/6 5790/5/6 5794/5/6
f 5791/5/6 5792/5/6 5795/5/6
f 5795/5/6 5792/5/6 5796/5/6
f 5797/5/6 5798/5/6 5803/5/6
f 5803/5/6 5798/5/6 5804/5/6
f 5799/5/6 5800/5/6 5805/5/6
f 5805/5/6 5800/5/6 5806/5/6
f 5801/5/6 5802/5/6 5809/5/6
f 5809/5/6 5802/5/6 5810/5/6
f 5807/5/6 5808/5/6 5811/5/6
f 5811/5/6 5808/5/6 5812/5/6
f 5809/4/6 5810/4/6 5813/4/6
f 5813/4/6 5810/4/6 5814/4/6
f 5815/4/6 5816/4/6 5817/4/6
f 5817/4/6 5816/4/6 5818/4/6
f 5811/4/6 5812/4/6 5819/4/6
f 5819/4/6 5812/4/6 5820/4/6
f 5817/5/6 5818/5/6 5821/5/6
f 5821/5/6 5818/5/6 5822/5/6
f 5819/5/6 5820/5/6 5827/5/6
f 5827/5/6 5820/5/6 5828/5/6
f 5823/5/6 5824/5/6 5829/5/6
f 5829/5/6 5824/5/6 5830/5/6
f 5825/5/6 5826/5/6 5831/5/6
f 5831/5/6 5826/5/6 5832/5/6
f 5833/5/6 5834/5/6 5835/5/6
f 5835/5/6 5834/5/6 5836/5/6
f 5836/5/6 5834/5/6 5837/5/6
f 5837/5/6 5834/5/6 5838/5/6
f 5839/5/6 5840/5/6 5841/5/6
f 5841/5/6 5840/5/6 5842/5/6
f 5843/5/6 5844/5/6 5847/5/6
f 5847/5/6 5844/5/6 5848/5/6
f 5845/5/6 5846/5/6 5849/5/6
f 5849/5/6 5846/5/6 5850/5/6
f 5847/4/6 5848/4/6 5851/4/6
f 5851/4/6 5848/4/6 5852/4/6
f 5853/4/6 5854/4/6 5855/4/6
f 5855/4/6 5854/4/6 5856/4/6
f 5849/4/6 5850/4/6 5857/4/6
f 5857/4/6 5850/4/6 5858/4/6
f 5855/5/6 5856/5/6 5859/5/6
f 5859/5/6 5856/5/6 5860/5/6
f 5857/5/6 5858/5/6 5861/5/6
f 5861/5/6 5858/5/6 5862/5/6
f 5863/5/6 5864/5/6 5867/5/6
f 5867/5/6 5864/5/6 5868/5/6
f 5865/5/6 5866/5/6 5869/5/6
f 5869/5/6 5866/5/6 5870/5/6
f 5867/4/6 5868/4/6 5871/4/6
f 5871/4/6 5868/4/6 5872/4/6
f 5873/4/6 5874/4/6 5875/4/6
f 5875/4/6 5874/4/6 5876/4/6
f 5869/4/6 5870/4/6 5877/4/6
f 5877/4/6 5870/4/6 5878/4/6
f 5875/5/6 5876/5/6 5879/5/6
f 5879/5/6 5876/5/6 5880/5/6
f 5877/5/6 5878/5/6 5881/5/6
f 5881/5/6 5878/5/6 5882/5/6
f 5883/5/6 5884/5/6 5887/5/6
f 5887/5/6 5884/5/6 5888/5/6
f 5885/5/6 5886/5/6 5889/5/6
f 5889/5/6 5886/5/6 5890/5/6
f 5887/4/6 5888/4/6 5891/4/6
f 5891/4/6 5888/4/6 5892/4/6
f 5892/4/6 5888/4/6 5893/4/6
f 5893/4/6 5888/4/6 5894/4/6
f 5889/4/6 5890/4/6 5895/4/6
f 5895/4/6 5890/4/6 5896/4/6
f 5893/5/6 5894/5/6 5897/5/6
f 5897/5/6 5894/5/6 5898/5/6
f 5895/5/6 5896/5/6 5899/5/6
f 5899/5/6 5896/5/6 5900/5/6
f 5901/5/6 5902/5/6 5905/5/6
f 5905/5/6 5902/5/6 5906/5/6
f 5903/5/6 5904/5/6 5907/5/6
f 5907/5/6 5904/5/6 5908/5/6
f 5905/4/6 5906/4/6 5909/4/6
f 5909/4/6 5906/4/6 5910/4/6
f 5907/4/6 5908/4/6 5911/4/6
f 5911/4/6 5908/4/6 5912/4/6
f 5909/5/6 5910/5/6 5913/5/6
f 5913/5/6 5910/5/6 5914/5/6
f 5911/5/6 5912/5/6 5915/5/6
f 5915/5/6 5912/5/6 5916/5/6
f 5917/5/6 5918/5/6 5919/5/6
f 5919/5/6 5918/5/6 5920/5/6
f 5919/4/6 5920/4/6 5921/4/6
f 5921/4/6 5920/4/6 5922/4/6
f 5921/5/6 5922/5/6 5923/5/6
f 5923/5/6 5922/5/6 5924/5/6
f 5925/5/6 5926/5/6 5927/5/6
f 5927/5/6 5926/5/6 5928/5/6
f 5927/4/6 5928/4/6 5929/4/6
f 5929/4/6 5928/4/6 5930/4/6
f 5929/5/6 5930/5/6 5931/5/6
f 5931/5/6 5930/5/6 5932/5/6
f 5933/5/6 5934/5/6 5937/5/6
f 5937/5/6 5934/5/6 5938/5/6
f 5935/5/6 5936/5/6 5939/5/6
f 5939/5/6 5936/5/6 5940/5/6
f 5937/4/6 5938/4/6 5941/4/6
f 5941/4/6 5938/4/6 5942/4/6
f 5939/4/6 5940/4/6 5943/4/6
f 5943/4/6 5940/4/6 5944/4/6
f 5941/5/6 5942/5/6 5945/5/6
f 5945/5/6 5942/5/6 5946/5/6
f 5943/5/6 5944/5/6 5947/5/6
f 5947/5/6 5944/5/6 5948/5/6
f 5949/5/6 5950/5/6 5953/5/6
f 5953/5/6 5950/5/6 5954/5/6
f 5951/5/6 5952/5/6 5955/5/6
f 5955/5/6 5952/5/6 5956/5/6
f 5953/4/6 5954/4/6 5957/4/6
f 5957/4/6 5954/4/6 5958/4/6
f 5955/4/6 5956/4/6 5959/4/6
f 5959/4/6 5956/4/6 5960/4/6
f 5957/5/6 5958/5/6 5961/5/6
f 5961/5/6 5958/5/6 5962/5/6
f 5959/5/6 5960/5/6 5963/5/6
f 5963/5/6 5960/5/6 5964/5/6
f 5965/5/6 5966/5/6 5967/5/6
f 5967/5/6 5966/5/6 5968/5/6
f 5967/4/6 5968/4/6 5969/4/6
f 5969/4/6 5968/4/6 5970/4/6
f 5969/5/6 5970/5/6 5971/5/6
f 5971/5/6 5970/5/6 5972/5/6
f 5973/3/6 5974/3/6 5975/3/6
f 5975/3/6 5974/3/6 5976/3/6
f 5977/3/6 5978/3/6 5979/3/6
f 5979/3/6 5978/3/6 5980/3/6
f 5977/3/6 5979/3/6 5981/3/6
f 5980/3/6 5978/3/6 5982/3/6
f 5977/3/6 5981/3/6 5983/3/6
f 5981/3/6 5982/3/6 5983/3/6
f 5982/3/6 5978/3/6 5984/3/6
f 5983/3/6 5982/3/6 5984/3/6
