# MagicaVoxel @ Ephtracy

# group
o 

# material
mtllib EVLER - Kopya-4.mtl
usemtl palette

# normals
vn -1 0 0
vn 1 0 0
vn 0 0 1
vn 0 0 -1
vn 0 -1 0
vn 0 1 0

# texcoords
vt 0.845703 0.5
vt 0.876953 0.5
vt 0.880859 0.5
vt 0.884766 0.5
vt 0.888672 0.5
vt 0.908203 0.5
vt 0.912109 0.5
vt 0.939453 0.5
vt 0.994141 0.5

# verts
v -4 0 -22.4
v -4 0 -23.3
v -4 0.1 -22.4
v -4 0.1 -23.3
v -3.8 0.1 -22.4
v -3.8 0.1 -23.3
v -3.8 0.3 -22.4
v -3.8 0.3 -23.3
v -3.6 0.3 -22.4
v -3.6 0.3 -23.3
v -3.6 0.5 -22.4
v -3.6 0.5 -23.3
v -3.4 0.5 -22.4
v -3.4 0.5 -23.3
v -3.4 0.7 -22.4
v -3.4 0.7 -23.3
v -3.2 0.7 -22.4
v -3.2 0.7 -23.3
v -3.2 0.9 -22.4
v -3.2 0.9 -23.3
v -3 0.9 -22.4
v -3 0.9 -23.3
v -3 1.1 -22.4
v -3 1.1 -23.3
v -2.8 1.1 -22.4
v -2.8 1.1 -23.3
v -2.8 1.3 -22.4
v -2.8 1.3 -23.3
v -2.6 1.3 -22.4
v -2.6 1.3 -23.3
v -2.6 1.5 -22.4
v -2.6 1.5 -23.3
v -2.4 1.5 -22.4
v -2.4 1.5 -23.3
v -2.4 1.7 -22.4
v -2.4 1.7 -23.3
v -2.3 1.7 -22.3
v -2.3 1.7 -22.4
v -2.3 1.7 -23.3
v -2.3 1.7 -23.4
v -2.3 1.8 -22.4
v -2.3 1.8 -23.3
v -2.3 2.1 -22.4
v -2.3 2.1 -23.3
v -2.3 2.2 -22.4
v -2.3 2.2 -23.3
v -2.3 2.6 -22.4
v -2.3 2.6 -22.6
v -2.3 2.7 -22.4
v -2.3 2.7 -22.6
v -2.3 3.4 -22.4
v -2.3 3.4 -23.3
v -2.3 3.5 -22.4
v -2.3 3.5 -23.3
v -2.3 3.8 -22.4
v -2.3 3.8 -23.3
v -2.3 3.9 -22.3
v -2.3 3.9 -23.4
v -2.3 4.2 -21.4
v -2.3 4.2 -21.7
v -2.3 4.2 -24.1
v -2.3 4.2 -24.3
v -2.3 4.3 -21.4
v -2.3 4.3 -21.5
v -2.3 4.3 -24
v -2.3 4.3 -24.1
v -2.3 4.3 -24.2
v -2.3 4.3 -24.3
v -2.3 4.5 -23.9
v -2.3 4.5 -24
v -2.3 4.6 -21.7
v -2.3 4.6 -21.8
v -2.3 4.7 -21.5
v -2.3 4.7 -21.6
v -2.3 4.7 -23.8
v -2.3 4.7 -23.9
v -2.3 4.7 -24.1
v -2.3 4.7 -24.2
v -2.3 4.8 -21.8
v -2.3 4.8 -21.9
v -2.3 4.9 -21.6
v -2.3 4.9 -21.7
v -2.3 4.9 -23.7
v -2.3 4.9 -23.8
v -2.3 4.9 -24
v -2.3 4.9 -24.1
v -2.3 5.1 -21.9
v -2.3 5.1 -22
v -2.3 5.1 -23.6
v -2.3 5.1 -23.7
v -2.3 5.1 -23.9
v -2.3 5.1 -24
v -2.3 5.2 -21.7
v -2.3 5.2 -21.8
v -2.3 5.4 -21.8
v -2.3 5.4 -21.9
v -2.3 5.4 -22
v -2.3 5.4 -22.1
v -2.3 5.4 -23.8
v -2.3 5.4 -23.9
v -2.3 5.6 -21.9
v -2.3 5.6 -22
v -2.3 5.6 -22.1
v -2.3 5.6 -22.2
v -2.3 5.6 -23.5
v -2.3 5.6 -23.6
v -2.3 5.6 -23.7
v -2.3 5.6 -23.8
v -2.3 5.9 -22.2
v -2.3 5.9 -22.3
v -2.3 5.9 -23.4
v -2.3 5.9 -23.5
v -2.3 6 -22
v -2.3 6 -22.1
v -2.3 6 -23.6
v -2.3 6 -23.7
v -2.3 6.1 -22.3
v -2.3 6.1 -22.4
v -2.3 6.2 -22.1
v -2.3 6.2 -22.2
v -2.3 6.2 -23.3
v -2.3 6.2 -23.4
v -2.3 6.2 -23.5
v -2.3 6.2 -23.6
v -2.3 6.3 -22.4
v -2.3 6.3 -22.5
v -2.3 6.4 -23.2
v -2.3 6.4 -23.3
v -2.3 6.5 -22.5
v -2.3 6.5 -22.6
v -2.3 6.6 -22.2
v -2.3 6.6 -22.3
v -2.3 6.6 -23.1
v -2.3 6.6 -23.2
v -2.3 6.6 -23.4
v -2.3 6.6 -23.5
v -2.3 6.7 -22.6
v -2.3 6.7 -22.7
v -2.3 6.8 -22.3
v -2.3 6.8 -22.4
v -2.3 6.8 -23
v -2.3 6.8 -23.1
v -2.3 6.8 -23.3
v -2.3 6.8 -23.4
v -2.3 7 -22.7
v -2.3 7 -22.8
v -2.3 7 -23.2
v -2.3 7 -23.3
v -2.3 7.1 -22.4
v -2.3 7.1 -22.5
v -2.3 7.2 -22.9
v -2.3 7.2 -23
v -2.3 7.3 -22.5
v -2.3 7.3 -22.6
v -2.3 7.3 -23.1
v -2.3 7.3 -23.2
v -2.3 7.4 -22.8
v -2.3 7.4 -22.9
v -2.3 7.5 -22.6
v -2.3 7.5 -22.7
v -2.3 7.5 -23
v -2.3 7.5 -23.1
v -2.3 7.9 -22.7
v -2.3 7.9 -23
v -2.2 1.8 -22.4
v -2.2 1.8 -22.5
v -2.2 1.8 -22.6
v -2.2 1.8 -23.1
v -2.2 1.8 -23.2
v -2.2 1.8 -23.3
v -2.2 2.1 -22.4
v -2.2 2.1 -22.5
v -2.2 2.1 -22.6
v -2.2 2.1 -23.1
v -2.2 2.1 -23.2
v -2.2 2.1 -23.3
v -2.2 2.2 -22.4
v -2.2 2.2 -23.3
v -2.2 2.6 -22.4
v -2.2 2.6 -22.6
v -2.2 2.7 -22.4
v -2.2 2.7 -22.6
v -2.2 3.4 -22.4
v -2.2 3.4 -23.3
v -2.2 3.5 -22.4
v -2.2 3.5 -22.5
v -2.2 3.5 -22.6
v -2.2 3.5 -23.1
v -2.2 3.5 -23.2
v -2.2 3.5 -23.3
v -2.2 3.6 -22.5
v -2.2 3.6 -22.6
v -2.2 3.6 -22.7
v -2.2 3.6 -23
v -2.2 3.6 -23.1
v -2.2 3.6 -23.2
v -2.2 3.7 -22.6
v -2.2 3.7 -22.7
v -2.2 3.7 -23
v -2.2 3.7 -23.1
v -2.2 3.8 -22.4
v -2.2 3.8 -22.7
v -2.2 3.8 -23
v -2.2 3.8 -23.3
v -2.2 4.7 -22.7
v -2.2 4.7 -23.1
v -2.2 4.8 -22.5
v -2.2 4.8 -22.7
v -2.2 4.8 -23.1
v -2.2 4.8 -23.3
v -2.2 4.9 -22.6
v -2.2 4.9 -22.7
v -2.2 4.9 -23.1
v -2.2 4.9 -23.2
v -2.2 5 -22.4
v -2.2 5 -22.5
v -2.2 5 -22.6
v -2.2 5 -23.2
v -2.2 5 -23.3
v -2.2 5 -23.4
v -2.2 5.4 -22.4
v -2.2 5.4 -22.5
v -2.2 5.4 -22.6
v -2.2 5.4 -23.2
v -2.2 5.4 -23.3
v -2.2 5.4 -23.4
v -2.2 5.5 -22.6
v -2.2 5.5 -22.7
v -2.2 5.5 -23.1
v -2.2 5.5 -23.2
v -2.2 5.6 -22.5
v -2.2 5.6 -22.7
v -2.2 5.6 -23.1
v -2.2 5.6 -23.3
v -2.2 5.7 -22.7
v -2.2 5.7 -23.1
v -2.1 0 -21.5
v -2.1 0 -21.8
v -2.1 0 -24
v -2.1 0 -24.3
v -2.1 4.2 -21.5
v -2.1 4.2 -21.7
v -2.1 4.2 -21.8
v -2.1 4.2 -24
v -2.1 4.2 -24.1
v -2.1 4.2 -24.3
v -2.1 4.8 -22.7
v -2.1 4.8 -22.8
v -2.1 4.8 -23
v -2.1 4.8 -23.1
v -2.1 4.9 -22.6
v -2.1 4.9 -22.7
v -2.1 4.9 -23.1
v -2.1 4.9 -23.2
v -2.1 5 -22.5
v -2.1 5 -22.6
v -2.1 5 -23.2
v -2.1 5 -23.3
v -2.1 5.1 -22.5
v -2.1 5.1 -22.8
v -2.1 5.1 -23
v -2.1 5.1 -23.3
v -2.1 5.3 -22.5
v -2.1 5.3 -22.8
v -2.1 5.3 -23
v -2.1 5.3 -23.3
v -2.1 5.4 -22.5
v -2.1 5.4 -22.6
v -2.1 5.4 -23.2
v -2.1 5.4 -23.3
v -2.1 5.5 -22.6
v -2.1 5.5 -22.7
v -2.1 5.5 -23.1
v -2.1 5.5 -23.2
v -2.1 5.6 -22.7
v -2.1 5.6 -22.8
v -2.1 5.6 -23
v -2.1 5.6 -23.1
v -2 1.5 -21.8
v -2 1.5 -24
v -2 1.7 -21.8
v -2 1.7 -24
v -2 2 -21.8
v -2 2 -24
v -2 2.1 -21.8
v -2 2.1 -24
v -2 2.4 -21.8
v -2 2.4 -24
v -2 2.5 -21.8
v -2 2.5 -24
v -2 2.8 -21.8
v -2 2.8 -24
v -2 2.9 -21.8
v -2 2.9 -24
v -2 3.2 -21.8
v -2 3.2 -24
v -2 3.3 -21.8
v -2 3.3 -24
v -2 3.6 -21.8
v -2 3.6 -24
v -2 3.7 -21.8
v -2 3.7 -24
v -2 4 -21.8
v -2 4 -24
v -2 4.1 -21.8
v -2 4.1 -24
v -2 4.2 -21.7
v -2 4.2 -21.8
v -2 4.2 -24
v -2 4.2 -24.1
v -2 4.3 -24
v -2 4.3 -24.1
v -2 4.4 -21.7
v -2 4.4 -24
v -2 4.5 -21.7
v -2 4.5 -23.9
v -2 4.5 -24
v -2 4.6 -21.7
v -2 4.6 -21.8
v -2 4.7 -22.7
v -2 4.7 -23.1
v -2 4.7 -23.8
v -2 4.7 -23.9
v -2 4.8 -21.8
v -2 4.8 -21.9
v -2 4.8 -22.5
v -2 4.8 -22.7
v -2 4.8 -23.1
v -2 4.8 -23.3
v -2 4.8 -23.8
v -2 4.9 -21.9
v -2 4.9 -22.5
v -2 4.9 -23.3
v -2 4.9 -23.7
v -2 4.9 -23.8
v -2 5 -22.4
v -2 5 -22.5
v -2 5 -23.3
v -2 5 -23.4
v -2 5.1 -21.9
v -2 5.1 -22
v -2 5.1 -23.6
v -2 5.1 -23.7
v -2 5.2 -22
v -2 5.2 -22.4
v -2 5.2 -23.4
v -2 5.2 -23.6
v -2 5.3 -22
v -2 5.3 -22.4
v -2 5.3 -23.4
v -2 5.3 -23.6
v -2 5.4 -22
v -2 5.4 -22.1
v -2 5.4 -22.4
v -2 5.4 -22.5
v -2 5.4 -23.3
v -2 5.4 -23.4
v -2 5.6 -22.1
v -2 5.6 -22.2
v -2 5.6 -22.5
v -2 5.6 -22.7
v -2 5.6 -23.1
v -2 5.6 -23.3
v -2 5.6 -23.5
v -2 5.6 -23.6
v -2 5.7 -22.2
v -2 5.7 -22.7
v -2 5.7 -23.1
v -2 5.7 -23.5
v -2 5.9 -22.2
v -2 5.9 -22.3
v -2 5.9 -23.4
v -2 5.9 -23.5
v -2 6 -22.3
v -2 6 -23.4
v -2 6.1 -22.3
v -2 6.1 -22.4
v -2 6.1 -23.4
v -2 6.2 -23.3
v -2 6.2 -23.4
v -2 6.3 -22.4
v -2 6.3 -22.5
v -2 6.4 -22.5
v -2 6.4 -23.2
v -2 6.4 -23.3
v -2 6.5 -22.5
v -2 6.5 -22.6
v -2 6.5 -23.2
v -2 6.6 -23.1
v -2 6.6 -23.2
v -2 6.7 -22.6
v -2 6.7 -22.7
v -2 6.8 -22.7
v -2 6.8 -23
v -2 6.8 -23.1
v -2 6.9 -22.7
v -2 6.9 -23
v -2 7 -22.7
v -2 7 -22.8
v -2 7.2 -22.9
v -2 7.2 -23
v -2 7.4 -22.8
v -2 7.4 -22.9
v -1.4 0.9 -24.2
v -1.4 0.9 -24.3
v -1.4 1 -24.2
v -1.4 1 -24.3
v -1.2 0.5 -24.2
v -1.2 0.5 -24.3
v -1.2 0.6 -24.2
v -1.2 0.6 -24.3
v -0.5 0.8 -24.2
v -0.5 0.8 -24.3
v -0.5 0.9 -24.2
v -0.5 0.9 -24.3
v -0.2 0.6 -24.2
v -0.2 0.6 -24.3
v -0.2 0.7 -24.2
v -0.2 0.7 -24.3
v 0.2 0.7 -24.2
v 0.2 0.7 -24.3
v 0.2 0.8 -24.2
v 0.2 0.8 -24.3
v 0.6 2.2 -18.2
v 0.6 2.2 -19.4
v 0.6 2.2 -20
v 0.6 2.2 -21.2
v 0.6 2.5 -18.3
v 0.6 2.5 -19.3
v 0.6 2.5 -20.1
v 0.6 2.5 -21.1
v 0.6 3.8 -18.3
v 0.6 3.8 -19.3
v 0.6 3.8 -20.1
v 0.6 3.8 -21.1
v 0.6 3.9 -18.2
v 0.6 3.9 -19.4
v 0.6 3.9 -20
v 0.6 3.9 -21.2
v 0.7 0 -21.4
v 0.7 0 -21.6
v 0.7 1.5 -21.6
v 0.7 1.7 -21.6
v 0.7 2 -21.6
v 0.7 2.1 -21.6
v 0.7 2.4 -21.6
v 0.7 2.5 -18.3
v 0.7 2.5 -19.3
v 0.7 2.5 -20.1
v 0.7 2.5 -21.1
v 0.7 2.5 -21.6
v 0.7 2.8 -21.6
v 0.7 2.9 -21.6
v 0.7 3.2 -21.6
v 0.7 3.3 -21.6
v 0.7 3.6 -21.6
v 0.7 3.7 -21.6
v 0.7 3.8 -18.3
v 0.7 3.8 -19.3
v 0.7 3.8 -20.1
v 0.7 3.8 -21.1
v 0.7 4 -21.6
v 0.7 4.1 -21.6
v 0.7 4.2 -17.7
v 0.7 4.2 -17.8
v 0.7 4.2 -17.9
v 0.7 4.2 -18
v 0.7 4.2 -18.1
v 0.7 4.2 -18.2
v 0.7 4.2 -18.3
v 0.7 4.2 -18.6
v 0.7 4.2 -18.7
v 0.7 4.2 -18.8
v 0.7 4.2 -18.9
v 0.7 4.2 -19.4
v 0.7 4.2 -19.5
v 0.7 4.2 -19.8
v 0.7 4.2 -19.9
v 0.7 4.2 -20
v 0.7 4.2 -20.1
v 0.7 4.2 -20.2
v 0.7 4.2 -20.3
v 0.7 4.2 -20.4
v 0.7 4.2 -20.5
v 0.7 4.2 -20.6
v 0.7 4.2 -20.7
v 0.7 4.2 -20.8
v 0.7 4.2 -20.9
v 0.7 4.2 -21
v 0.7 4.2 -21.1
v 0.7 4.2 -21.2
v 0.7 4.2 -21.4
v 0.7 4.2 -21.6
v 0.7 4.3 -17.7
v 0.7 4.3 -17.8
v 0.7 4.3 -17.9
v 0.7 4.3 -18
v 0.7 4.3 -18.1
v 0.7 4.3 -18.2
v 0.7 4.3 -18.3
v 0.7 4.3 -18.6
v 0.7 4.3 -18.7
v 0.7 4.3 -18.8
v 0.7 4.3 -18.9
v 0.7 4.3 -19.4
v 0.7 4.3 -19.5
v 0.7 4.3 -19.8
v 0.7 4.3 -19.9
v 0.7 4.3 -20
v 0.7 4.3 -20.1
v 0.7 4.3 -20.2
v 0.7 4.3 -20.3
v 0.7 4.3 -20.4
v 0.7 4.3 -20.5
v 0.7 4.3 -20.6
v 0.7 4.3 -20.7
v 0.7 4.3 -20.8
v 0.7 4.3 -20.9
v 0.7 4.3 -21
v 0.7 4.3 -21.1
v 0.7 4.3 -21.2
v 0.7 4.3 -21.4
v 0.8 0 -17.7
v 0.8 0 -18
v 0.8 0.2 -18
v 0.8 0.2 -21.4
v 0.8 0.4 -18
v 0.8 0.4 -18.1
v 0.8 0.4 -18.4
v 0.8 0.4 -21
v 0.8 0.4 -21.4
v 0.8 0.5 -18.1
v 0.8 0.5 -18.4
v 0.8 0.5 -18.9
v 0.8 0.5 -20.3
v 0.8 0.5 -21
v 0.8 0.5 -21.4
v 0.8 0.6 -18.4
v 0.8 0.6 -18.9
v 0.8 0.6 -19.5
v 0.8 0.6 -19.9
v 0.8 0.6 -20.3
v 0.8 0.6 -21
v 0.8 0.7 -18.9
v 0.8 0.7 -19.2
v 0.8 0.7 -19.5
v 0.8 0.7 -19.9
v 0.8 0.7 -20
v 0.8 0.7 -20.3
v 0.8 0.8 -18.7
v 0.8 0.8 -19.2
v 0.8 0.8 -20
v 0.8 0.8 -20.5
v 0.8 0.9 -18.3
v 0.8 0.9 -18.7
v 0.8 0.9 -19.2
v 0.8 0.9 -20
v 0.8 0.9 -20.5
v 0.8 0.9 -21.1
v 0.8 1 -18
v 0.8 1 -18.3
v 0.8 1 -18.7
v 0.8 1 -20.5
v 0.8 1 -21.1
v 0.8 1 -21.4
v 0.8 1.1 -18
v 0.8 1.1 -18.3
v 0.8 1.1 -21.1
v 0.8 1.1 -21.4
v 0.8 1.3 -18
v 0.8 1.3 -21.4
v 0.8 2 -17.9
v 0.8 2 -18
v 0.8 2.1 -17.9
v 0.8 2.1 -18
v 0.8 4.2 -17.7
v 0.8 4.2 -17.8
v 0.8 4.2 -17.9
v 0.8 4.2 -18
v 0.8 4.3 -17.7
v 0.8 4.3 -17.8
v 0.8 4.3 -17.9
v 0.8 4.3 -18
v 0.8 4.3 -18.1
v 0.8 4.3 -18.2
v 0.8 4.3 -18.3
v 0.8 4.3 -18.4
v 0.8 4.3 -18.5
v 0.8 4.3 -18.6
v 0.8 4.3 -18.7
v 0.8 4.3 -18.8
v 0.8 4.3 -18.9
v 0.8 4.3 -19
v 0.8 4.3 -19.1
v 0.8 4.3 -19.2
v 0.8 4.3 -19.3
v 0.8 4.3 -19.4
v 0.8 4.3 -19.5
v 0.8 4.3 -19.6
v 0.8 4.3 -19.7
v 0.8 4.3 -19.8
v 0.8 4.3 -19.9
v 0.8 4.3 -20
v 0.8 4.3 -20.1
v 0.8 4.3 -20.2
v 0.8 4.3 -20.3
v 0.8 4.3 -20.4
v 0.8 4.3 -20.5
v 0.8 4.3 -20.6
v 0.8 4.3 -20.7
v 0.8 4.3 -20.8
v 0.8 4.3 -20.9
v 0.8 4.3 -21
v 0.8 4.3 -21.1
v 0.8 4.3 -21.2
v 0.8 4.3 -21.3
v 0.8 4.3 -21.4
v 0.8 4.3 -21.5
v 0.8 4.4 -17.8
v 0.8 4.4 -17.9
v 0.8 4.4 -18
v 0.8 4.4 -18.1
v 0.8 4.4 -18.3
v 0.8 4.4 -18.4
v 0.8 4.4 -18.5
v 0.8 4.4 -18.6
v 0.8 4.4 -18.7
v 0.8 4.4 -18.8
v 0.8 4.4 -19.2
v 0.8 4.4 -19.3
v 0.8 4.4 -19.5
v 0.8 4.4 -19.6
v 0.8 4.4 -19.7
v 0.8 4.4 -19.8
v 0.8 4.4 -19.9
v 0.8 4.4 -20
v 0.8 4.4 -20.1
v 0.8 4.4 -20.2
v 0.8 4.4 -20.3
v 0.8 4.4 -20.4
v 0.8 4.4 -20.5
v 0.8 4.4 -20.6
v 0.8 4.4 -20.7
v 0.8 4.4 -20.8
v 0.8 4.4 -21
v 0.8 4.4 -21.1
v 0.8 4.4 -21.2
v 0.8 4.4 -21.3
v 0.8 4.4 -21.4
v 0.8 4.4 -21.5
v 0.8 4.5 -17.8
v 0.8 4.5 -17.9
v 0.8 4.5 -18.1
v 0.8 4.5 -18.2
v 0.8 4.5 -18.3
v 0.8 4.5 -18.4
v 0.8 4.5 -18.6
v 0.8 4.5 -18.7
v 0.8 4.5 -18.9
v 0.8 4.5 -19
v 0.8 4.5 -19.1
v 0.8 4.5 -19.2
v 0.8 4.5 -19.6
v 0.8 4.5 -19.7
v 0.8 4.5 -19.8
v 0.8 4.5 -19.9
v 0.8 4.5 -20
v 0.8 4.5 -20.7
v 0.8 4.5 -20.8
v 0.8 4.5 -20.9
v 0.8 4.5 -21.2
v 0.8 4.5 -21.3
v 0.8 4.5 -21.4
v 0.8 4.5 -21.5
v 0.8 4.6 -17.7
v 0.8 4.6 -17.8
v 0.8 4.6 -17.9
v 0.8 4.6 -18.2
v 0.8 4.6 -18.3
v 0.8 4.6 -18.4
v 0.8 4.6 -18.7
v 0.8 4.6 -18.8
v 0.8 4.6 -18.9
v 0.8 4.6 -19
v 0.8 4.6 -19.1
v 0.8 4.6 -19.2
v 0.8 4.6 -19.3
v 0.8 4.6 -19.4
v 0.8 4.6 -19.5
v 0.8 4.6 -19.7
v 0.8 4.6 -19.8
v 0.8 4.6 -19.9
v 0.8 4.6 -20
v 0.8 4.6 -20.7
v 0.8 4.6 -20.8
v 0.8 4.6 -21
v 0.8 4.6 -21.1
v 0.8 4.6 -21.2
v 0.8 4.6 -21.3
v 0.8 4.6 -21.4
v 0.8 4.6 -21.5
v 0.9 0.6 -24.2
v 0.9 0.6 -24.3
v 0.9 0.7 -24.2
v 0.9 0.7 -24.3
v 0.9 1.5 -18
v 0.9 1.5 -21.4
v 0.9 1.7 -18
v 0.9 1.7 -21.4
v 0.9 2 -18
v 0.9 2 -21.4
v 0.9 2.1 -18
v 0.9 2.1 -21.4
v 0.9 2.4 -18
v 0.9 2.4 -21.4
v 0.9 2.5 -18
v 0.9 2.5 -21.4
v 0.9 2.8 -18
v 0.9 2.8 -21.4
v 0.9 2.9 -18
v 0.9 2.9 -21.4
v 0.9 3.2 -18
v 0.9 3.2 -21.4
v 0.9 3.3 -18
v 0.9 3.3 -21.4
v 0.9 3.6 -18
v 0.9 3.6 -21.4
v 0.9 3.7 -18
v 0.9 3.7 -21.4
v 0.9 4 -18
v 0.9 4 -21.4
v 0.9 4.1 -18
v 0.9 4.1 -21.4
v 0.9 4.2 -18
v 0.9 4.2 -18.2
v 0.9 4.2 -18.3
v 0.9 4.2 -18.4
v 0.9 4.2 -18.5
v 0.9 4.2 -18.6
v 0.9 4.2 -18.7
v 0.9 4.2 -18.8
v 0.9 4.2 -18.9
v 0.9 4.2 -19
v 0.9 4.2 -19.1
v 0.9 4.2 -19.2
v 0.9 4.2 -19.3
v 0.9 4.2 -19.4
v 0.9 4.2 -19.5
v 0.9 4.2 -19.7
v 0.9 4.2 -19.8
v 0.9 4.2 -20
v 0.9 4.2 -20.1
v 0.9 4.2 -20.2
v 0.9 4.2 -20.4
v 0.9 4.2 -20.5
v 0.9 4.2 -20.6
v 0.9 4.2 -20.7
v 0.9 4.2 -20.8
v 0.9 4.2 -20.9
v 0.9 4.2 -21.1
v 0.9 4.2 -21.2
v 0.9 4.2 -21.3
v 0.9 4.2 -21.4
v 0.9 4.6 -17.7
v 0.9 4.6 -17.8
v 0.9 4.6 -17.9
v 0.9 4.6 -18
v 0.9 4.6 -18.1
v 0.9 4.6 -18.2
v 0.9 4.6 -18.3
v 0.9 4.6 -18.4
v 0.9 4.6 -18.5
v 0.9 4.6 -18.6
v 0.9 4.6 -18.7
v 0.9 4.6 -18.8
v 0.9 4.6 -18.9
v 0.9 4.6 -19
v 0.9 4.6 -19.1
v 0.9 4.6 -19.2
v 0.9 4.6 -19.3
v 0.9 4.6 -19.4
v 0.9 4.6 -19.5
v 0.9 4.6 -19.6
v 0.9 4.6 -19.7
v 0.9 4.6 -19.8
v 0.9 4.6 -19.9
v 0.9 4.6 -20
v 0.9 4.6 -20.1
v 0.9 4.6 -20.3
v 0.9 4.6 -20.4
v 0.9 4.6 -20.5
v 0.9 4.6 -20.6
v 0.9 4.6 -20.7
v 0.9 4.6 -20.8
v 0.9 4.6 -20.9
v 0.9 4.6 -21
v 0.9 4.6 -21.1
v 0.9 4.6 -21.2
v 0.9 4.6 -21.3
v 0.9 4.6 -21.4
v 0.9 4.6 -21.5
v 0.9 4.7 -17.7
v 0.9 4.7 -17.8
v 0.9 4.7 -18
v 0.9 4.7 -18.1
v 0.9 4.7 -18.2
v 0.9 4.7 -18.3
v 0.9 4.7 -18.4
v 0.9 4.7 -18.5
v 0.9 4.7 -18.6
v 0.9 4.7 -18.7
v 0.9 4.7 -18.8
v 0.9 4.7 -18.9
v 0.9 4.7 -19
v 0.9 4.7 -19.4
v 0.9 4.7 -19.5
v 0.9 4.7 -19.6
v 0.9 4.7 -19.7
v 0.9 4.7 -19.9
v 0.9 4.7 -20
v 0.9 4.7 -20.1
v 0.9 4.7 -20.3
v 0.9 4.7 -20.4
v 0.9 4.7 -20.5
v 0.9 4.7 -20.6
v 0.9 4.7 -20.7
v 0.9 4.7 -20.9
v 0.9 4.7 -21.1
v 0.9 4.7 -21.2
v 0.9 4.7 -21.5
v 1 4.7 -17.7
v 1 4.7 -17.8
v 1 4.7 -18
v 1 4.7 -18.1
v 1 4.7 -18.2
v 1 4.7 -18.3
v 1 4.7 -18.4
v 1 4.7 -18.5
v 1 4.7 -18.6
v 1 4.7 -18.7
v 1 4.7 -18.8
v 1 4.7 -18.9
v 1 4.7 -19
v 1 4.7 -19.1
v 1 4.7 -19.2
v 1 4.7 -19.4
v 1 4.7 -19.5
v 1 4.7 -19.6
v 1 4.7 -19.7
v 1 4.7 -19.9
v 1 4.7 -20
v 1 4.7 -20.1
v 1 4.7 -20.2
v 1 4.7 -20.3
v 1 4.7 -20.4
v 1 4.7 -20.5
v 1 4.7 -20.6
v 1 4.7 -20.7
v 1 4.7 -20.8
v 1 4.7 -20.9
v 1 4.7 -21
v 1 4.7 -21.1
v 1 4.7 -21.2
v 1 4.7 -21.3
v 1 4.7 -21.4
v 1 4.7 -21.5
v 1 4.7 -21.6
v 1 4.8 -18
v 1 4.8 -18.1
v 1 4.8 -18.2
v 1 4.8 -18.6
v 1 4.8 -18.7
v 1 4.8 -18.8
v 1 4.8 -19
v 1 4.8 -19.1
v 1 4.8 -19.2
v 1 4.8 -19.3
v 1 4.8 -19.5
v 1 4.8 -19.6
v 1 4.8 -19.7
v 1 4.8 -20
v 1 4.8 -20.1
v 1 4.8 -20.2
v 1 4.8 -20.3
v 1 4.8 -20.5
v 1 4.8 -20.7
v 1 4.8 -20.8
v 1 4.8 -20.9
v 1 4.8 -21
v 1 4.8 -21.2
v 1 4.8 -21.3
v 1 4.8 -21.4
v 1 4.8 -21.5
v 1 4.8 -21.6
v 1 4.9 -17.8
v 1 4.9 -18.1
v 1 4.9 -18.2
v 1 4.9 -18.5
v 1 4.9 -18.6
v 1 4.9 -18.9
v 1 4.9 -19
v 1 4.9 -19.1
v 1 4.9 -19.2
v 1 4.9 -19.3
v 1 4.9 -19.4
v 1 4.9 -19.5
v 1 4.9 -19.6
v 1 4.9 -19.7
v 1 4.9 -19.8
v 1 4.9 -19.9
v 1 4.9 -20.2
v 1 4.9 -20.3
v 1 4.9 -20.4
v 1 4.9 -20.6
v 1 4.9 -20.7
v 1 4.9 -20.8
v 1 4.9 -21
v 1 4.9 -21.1
v 1 4.9 -21.2
v 1 4.9 -21.3
v 1 4.9 -21.4
v 1 4.9 -21.6
v 1 4.9 -21.7
v 1 5 -17.7
v 1 5 -17.8
v 1 5 -18.1
v 1 5 -18.2
v 1 5 -18.3
v 1 5 -18.6
v 1 5 -18.8
v 1 5 -18.9
v 1 5 -19
v 1 5 -19.1
v 1 5 -19.4
v 1 5 -19.5
v 1 5 -19.6
v 1 5 -19.7
v 1 5 -19.8
v 1 5 -19.9
v 1 5 -20
v 1 5 -20.1
v 1 5 -20.2
v 1 5 -20.4
v 1 5 -20.6
v 1 5 -20.7
v 1 5 -20.8
v 1 5 -21
v 1 5 -21.1
v 1 5 -21.2
v 1 5 -21.3
v 1 5 -21.4
v 1 5 -21.6
v 1 5 -21.7
v 1.1 5 -17.7
v 1.1 5 -17.8
v 1.1 5 -17.9
v 1.1 5 -18
v 1.1 5 -18.1
v 1.1 5 -18.2
v 1.1 5 -18.3
v 1.1 5 -18.5
v 1.1 5 -18.6
v 1.1 5 -18.7
v 1.1 5 -18.8
v 1.1 5 -18.9
v 1.1 5 -19
v 1.1 5 -19.1
v 1.1 5 -19.4
v 1.1 5 -19.5
v 1.1 5 -19.6
v 1.1 5 -19.7
v 1.1 5 -19.8
v 1.1 5 -19.9
v 1.1 5 -20
v 1.1 5 -20.1
v 1.1 5 -20.2
v 1.1 5 -20.3
v 1.1 5 -20.4
v 1.1 5 -20.5
v 1.1 5 -20.6
v 1.1 5 -20.7
v 1.1 5 -20.8
v 1.1 5 -21
v 1.1 5 -21.1
v 1.1 5 -21.2
v 1.1 5 -21.3
v 1.1 5 -21.4
v 1.1 5 -21.6
v 1.1 5 -21.7
v 1.1 5.1 -17.8
v 1.1 5.1 -17.9
v 1.1 5.1 -18
v 1.1 5.1 -18.3
v 1.1 5.1 -18.5
v 1.1 5.1 -18.6
v 1.1 5.1 -18.7
v 1.1 5.1 -18.8
v 1.1 5.1 -18.9
v 1.1 5.1 -19.4
v 1.1 5.1 -19.5
v 1.1 5.1 -19.6
v 1.1 5.1 -19.7
v 1.1 5.1 -19.9
v 1.1 5.1 -20
v 1.1 5.1 -20.1
v 1.1 5.1 -20.2
v 1.1 5.1 -20.3
v 1.1 5.1 -20.4
v 1.1 5.1 -20.5
v 1.1 5.1 -20.6
v 1.1 5.1 -20.7
v 1.1 5.1 -20.8
v 1.1 5.1 -20.9
v 1.1 5.1 -21
v 1.1 5.1 -21.1
v 1.1 5.1 -21.3
v 1.1 5.1 -21.4
v 1.1 5.1 -21.6
v 1.1 5.1 -21.7
v 1.1 5.2 -17.8
v 1.1 5.2 -17.9
v 1.1 5.2 -18
v 1.1 5.2 -18.4
v 1.1 5.2 -18.5
v 1.1 5.2 -18.6
v 1.1 5.2 -18.8
v 1.1 5.2 -19
v 1.1 5.2 -19.1
v 1.1 5.2 -19.2
v 1.1 5.2 -19.3
v 1.1 5.2 -19.4
v 1.1 5.2 -19.5
v 1.1 5.2 -19.9
v 1.1 5.2 -20.1
v 1.1 5.2 -20.2
v 1.1 5.2 -20.3
v 1.1 5.2 -20.5
v 1.1 5.2 -20.6
v 1.1 5.2 -20.7
v 1.1 5.2 -20.8
v 1.1 5.2 -21
v 1.1 5.2 -21.1
v 1.1 5.2 -21.2
v 1.1 5.2 -21.3
v 1.1 5.2 -21.4
v 1.1 5.2 -21.6
v 1.1 5.2 -21.7
v 1.1 5.2 -21.8
v 1.1 5.3 -17.7
v 1.1 5.3 -17.8
v 1.1 5.3 -17.9
v 1.1 5.3 -18
v 1.1 5.3 -18.1
v 1.1 5.3 -18.2
v 1.1 5.3 -18.3
v 1.1 5.3 -18.4
v 1.1 5.3 -18.5
v 1.1 5.3 -18.6
v 1.1 5.3 -18.8
v 1.1 5.3 -18.9
v 1.1 5.3 -19
v 1.1 5.3 -19.1
v 1.1 5.3 -19.2
v 1.1 5.3 -19.3
v 1.1 5.3 -19.4
v 1.1 5.3 -19.5
v 1.1 5.3 -20
v 1.1 5.3 -20.1
v 1.1 5.3 -20.2
v 1.1 5.3 -20.3
v 1.1 5.3 -20.5
v 1.1 5.3 -20.6
v 1.1 5.3 -20.7
v 1.1 5.3 -20.9
v 1.1 5.3 -21.1
v 1.1 5.3 -21.2
v 1.1 5.3 -21.3
v 1.1 5.3 -21.6
v 1.1 5.3 -21.7
v 1.1 5.3 -21.8
v 1.2 5.3 -17.7
v 1.2 5.3 -17.8
v 1.2 5.3 -17.9
v 1.2 5.3 -18
v 1.2 5.3 -18.1
v 1.2 5.3 -18.2
v 1.2 5.3 -18.3
v 1.2 5.3 -18.4
v 1.2 5.3 -18.5
v 1.2 5.3 -18.6
v 1.2 5.3 -18.8
v 1.2 5.3 -18.9
v 1.2 5.3 -19
v 1.2 5.3 -19.1
v 1.2 5.3 -19.2
v 1.2 5.3 -19.3
v 1.2 5.3 -19.4
v 1.2 5.3 -19.5
v 1.2 5.3 -19.6
v 1.2 5.3 -19.9
v 1.2 5.3 -20
v 1.2 5.3 -20.1
v 1.2 5.3 -20.2
v 1.2 5.3 -20.3
v 1.2 5.3 -20.4
v 1.2 5.3 -20.5
v 1.2 5.3 -20.6
v 1.2 5.3 -20.7
v 1.2 5.3 -20.8
v 1.2 5.3 -20.9
v 1.2 5.3 -21.1
v 1.2 5.3 -21.2
v 1.2 5.3 -21.3
v 1.2 5.3 -21.4
v 1.2 5.3 -21.6
v 1.2 5.3 -21.7
v 1.2 5.3 -21.8
v 1.2 5.4 -17.8
v 1.2 5.4 -17.9
v 1.2 5.4 -18
v 1.2 5.4 -18.1
v 1.2 5.4 -18.2
v 1.2 5.4 -18.3
v 1.2 5.4 -18.4
v 1.2 5.4 -18.5
v 1.2 5.4 -18.6
v 1.2 5.4 -18.7
v 1.2 5.4 -18.8
v 1.2 5.4 -18.9
v 1.2 5.4 -19
v 1.2 5.4 -19.1
v 1.2 5.4 -19.2
v 1.2 5.4 -19.3
v 1.2 5.4 -19.4
v 1.2 5.4 -20.1
v 1.2 5.4 -20.2
v 1.2 5.4 -20.3
v 1.2 5.4 -20.4
v 1.2 5.4 -20.5
v 1.2 5.4 -20.6
v 1.2 5.4 -20.8
v 1.2 5.4 -20.9
v 1.2 5.4 -21
v 1.2 5.4 -21.1
v 1.2 5.4 -21.3
v 1.2 5.4 -21.4
v 1.2 5.4 -21.5
v 1.2 5.4 -21.6
v 1.2 5.4 -21.7
v 1.2 5.4 -21.8
v 1.2 5.4 -21.9
v 1.2 5.5 -18
v 1.2 5.5 -18.1
v 1.2 5.5 -18.6
v 1.2 5.5 -18.7
v 1.2 5.5 -18.9
v 1.2 5.5 -19
v 1.2 5.5 -19.1
v 1.2 5.5 -19.2
v 1.2 5.5 -19.3
v 1.2 5.5 -19.4
v 1.2 5.5 -19.5
v 1.2 5.5 -19.6
v 1.2 5.5 -19.7
v 1.2 5.5 -19.8
v 1.2 5.5 -19.9
v 1.2 5.5 -20
v 1.2 5.5 -20.1
v 1.2 5.5 -20.2
v 1.2 5.5 -20.3
v 1.2 5.5 -20.4
v 1.2 5.5 -20.5
v 1.2 5.5 -20.6
v 1.2 5.5 -20.7
v 1.2 5.5 -20.8
v 1.2 5.5 -20.9
v 1.2 5.5 -21
v 1.2 5.5 -21.1
v 1.2 5.5 -21.2
v 1.2 5.5 -21.3
v 1.2 5.5 -21.4
v 1.2 5.5 -21.5
v 1.2 5.5 -21.6
v 1.2 5.5 -21.7
v 1.2 5.5 -21.8
v 1.2 5.5 -21.9
v 1.2 5.6 -17.7
v 1.2 5.6 -17.8
v 1.2 5.6 -17.9
v 1.2 5.6 -18
v 1.2 5.6 -18.1
v 1.2 5.6 -18.2
v 1.2 5.6 -18.3
v 1.2 5.6 -18.4
v 1.2 5.6 -18.5
v 1.2 5.6 -18.8
v 1.2 5.6 -18.9
v 1.2 5.6 -19
v 1.2 5.6 -19.2
v 1.2 5.6 -19.3
v 1.2 5.6 -19.4
v 1.2 5.6 -19.5
v 1.2 5.6 -19.6
v 1.2 5.6 -19.7
v 1.2 5.6 -19.8
v 1.2 5.6 -19.9
v 1.2 5.6 -20
v 1.2 5.6 -20.1
v 1.2 5.6 -20.2
v 1.2 5.6 -20.3
v 1.2 5.6 -20.4
v 1.2 5.6 -20.5
v 1.2 5.6 -20.6
v 1.2 5.6 -20.7
v 1.2 5.6 -20.8
v 1.2 5.6 -20.9
v 1.2 5.6 -21
v 1.2 5.6 -21.1
v 1.2 5.6 -21.2
v 1.2 5.6 -21.3
v 1.2 5.6 -21.4
v 1.2 5.6 -21.6
v 1.2 5.6 -21.7
v 1.2 5.6 -21.8
v 1.2 5.6 -21.9
v 1.3 0.8 -24.2
v 1.3 0.8 -24.3
v 1.3 0.9 -24.2
v 1.3 0.9 -24.3
v 1.3 5.6 -17.7
v 1.3 5.6 -17.8
v 1.3 5.6 -17.9
v 1.3 5.6 -18
v 1.3 5.6 -18.1
v 1.3 5.6 -18.2
v 1.3 5.6 -18.3
v 1.3 5.6 -18.4
v 1.3 5.6 -18.5
v 1.3 5.6 -18.7
v 1.3 5.6 -18.8
v 1.3 5.6 -18.9
v 1.3 5.6 -19
v 1.3 5.6 -19.1
v 1.3 5.6 -19.2
v 1.3 5.6 -19.3
v 1.3 5.6 -19.4
v 1.3 5.6 -19.5
v 1.3 5.6 -19.6
v 1.3 5.6 -19.7
v 1.3 5.6 -19.8
v 1.3 5.6 -19.9
v 1.3 5.6 -20
v 1.3 5.6 -20.1
v 1.3 5.6 -20.2
v 1.3 5.6 -20.3
v 1.3 5.6 -20.4
v 1.3 5.6 -20.5
v 1.3 5.6 -20.6
v 1.3 5.6 -20.7
v 1.3 5.6 -20.8
v 1.3 5.6 -20.9
v 1.3 5.6 -21
v 1.3 5.6 -21.1
v 1.3 5.6 -21.2
v 1.3 5.6 -21.3
v 1.3 5.6 -21.4
v 1.3 5.6 -21.6
v 1.3 5.6 -21.7
v 1.3 5.6 -21.8
v 1.3 5.6 -21.9
v 1.3 5.6 -22
v 1.3 5.7 -17.7
v 1.3 5.7 -17.8
v 1.3 5.7 -18
v 1.3 5.7 -18.1
v 1.3 5.7 -18.2
v 1.3 5.7 -18.3
v 1.3 5.7 -18.4
v 1.3 5.7 -18.5
v 1.3 5.7 -18.7
v 1.3 5.7 -18.8
v 1.3 5.7 -18.9
v 1.3 5.7 -19
v 1.3 5.7 -19.1
v 1.3 5.7 -19.3
v 1.3 5.7 -19.4
v 1.3 5.7 -19.5
v 1.3 5.7 -19.8
v 1.3 5.7 -19.9
v 1.3 5.7 -20
v 1.3 5.7 -20.1
v 1.3 5.7 -20.2
v 1.3 5.7 -20.6
v 1.3 5.7 -20.7
v 1.3 5.7 -20.8
v 1.3 5.7 -21
v 1.3 5.7 -21.1
v 1.3 5.7 -21.2
v 1.3 5.7 -21.4
v 1.3 5.7 -21.6
v 1.3 5.7 -21.7
v 1.3 5.7 -22
v 1.4 5.7 -17.7
v 1.4 5.7 -17.8
v 1.4 5.7 -18
v 1.4 5.7 -18.1
v 1.4 5.7 -18.2
v 1.4 5.7 -18.3
v 1.4 5.7 -18.4
v 1.4 5.7 -18.5
v 1.4 5.7 -18.6
v 1.4 5.7 -18.7
v 1.4 5.7 -18.8
v 1.4 5.7 -18.9
v 1.4 5.7 -19
v 1.4 5.7 -19.1
v 1.4 5.7 -19.3
v 1.4 5.7 -19.4
v 1.4 5.7 -19.5
v 1.4 5.7 -19.6
v 1.4 5.7 -19.8
v 1.4 5.7 -19.9
v 1.4 5.7 -20
v 1.4 5.7 -20.1
v 1.4 5.7 -20.2
v 1.4 5.7 -20.3
v 1.4 5.7 -20.4
v 1.4 5.7 -20.5
v 1.4 5.7 -20.6
v 1.4 5.7 -20.7
v 1.4 5.7 -20.8
v 1.4 5.7 -21
v 1.4 5.7 -21.1
v 1.4 5.7 -21.2
v 1.4 5.7 -21.4
v 1.4 5.7 -21.6
v 1.4 5.7 -21.7
v 1.4 5.7 -21.9
v 1.4 5.7 -22
v 1.4 5.8 -17.8
v 1.4 5.8 -17.9
v 1.4 5.8 -18.1
v 1.4 5.8 -18.2
v 1.4 5.8 -18.3
v 1.4 5.8 -18.5
v 1.4 5.8 -18.6
v 1.4 5.8 -18.7
v 1.4 5.8 -18.8
v 1.4 5.8 -18.9
v 1.4 5.8 -19.1
v 1.4 5.8 -19.2
v 1.4 5.8 -19.3
v 1.4 5.8 -19.4
v 1.4 5.8 -19.6
v 1.4 5.8 -19.8
v 1.4 5.8 -19.9
v 1.4 5.8 -20
v 1.4 5.8 -20.4
v 1.4 5.8 -20.5
v 1.4 5.8 -20.6
v 1.4 5.8 -20.7
v 1.4 5.8 -20.8
v 1.4 5.8 -20.9
v 1.4 5.8 -21
v 1.4 5.8 -21.2
v 1.4 5.8 -21.4
v 1.4 5.8 -21.6
v 1.4 5.8 -21.7
v 1.4 5.8 -21.9
v 1.4 5.8 -22
v 1.4 5.9 -17.9
v 1.4 5.9 -18.1
v 1.4 5.9 -18.2
v 1.4 5.9 -18.3
v 1.4 5.9 -18.4
v 1.4 5.9 -18.5
v 1.4 5.9 -18.6
v 1.4 5.9 -18.8
v 1.4 5.9 -19
v 1.4 5.9 -19.1
v 1.4 5.9 -19.2
v 1.4 5.9 -19.3
v 1.4 5.9 -19.4
v 1.4 5.9 -19.5
v 1.4 5.9 -19.6
v 1.4 5.9 -19.9
v 1.4 5.9 -20
v 1.4 5.9 -20.1
v 1.4 5.9 -20.2
v 1.4 5.9 -20.3
v 1.4 5.9 -20.4
v 1.4 5.9 -20.5
v 1.4 5.9 -20.6
v 1.4 5.9 -20.7
v 1.4 5.9 -20.8
v 1.4 5.9 -20.9
v 1.4 5.9 -21
v 1.4 5.9 -21.1
v 1.4 5.9 -21.2
v 1.4 5.9 -21.3
v 1.4 5.9 -21.6
v 1.4 5.9 -21.7
v 1.4 5.9 -21.8
v 1.4 6 -17.7
v 1.4 6 -17.8
v 1.4 6 -18.2
v 1.4 6 -18.3
v 1.4 6 -18.4
v 1.4 6 -18.5
v 1.4 6 -18.6
v 1.4 6 -18.8
v 1.4 6 -18.9
v 1.4 6 -19
v 1.4 6 -19.1
v 1.4 6 -19.2
v 1.4 6 -19.3
v 1.4 6 -19.4
v 1.4 6 -20.1
v 1.4 6 -20.2
v 1.4 6 -20.5
v 1.4 6 -20.6
v 1.4 6 -20.7
v 1.4 6 -20.8
v 1.4 6 -20.9
v 1.4 6 -21
v 1.4 6 -21.1
v 1.4 6 -21.2
v 1.4 6 -21.3
v 1.4 6 -21.6
v 1.4 6 -21.7
v 1.4 6 -21.8
v 1.4 6 -21.9
v 1.4 6 -22
v 1.5 6 -17.7
v 1.5 6 -17.8
v 1.5 6 -18
v 1.5 6 -18.1
v 1.5 6 -18.2
v 1.5 6 -18.3
v 1.5 6 -18.4
v 1.5 6 -18.5
v 1.5 6 -18.6
v 1.5 6 -18.7
v 1.5 6 -18.8
v 1.5 6 -18.9
v 1.5 6 -19
v 1.5 6 -19.1
v 1.5 6 -19.2
v 1.5 6 -19.3
v 1.5 6 -19.4
v 1.5 6 -20.1
v 1.5 6 -20.2
v 1.5 6 -20.3
v 1.5 6 -20.4
v 1.5 6 -20.5
v 1.5 6 -20.6
v 1.5 6 -20.7
v 1.5 6 -20.8
v 1.5 6 -20.9
v 1.5 6 -21
v 1.5 6 -21.1
v 1.5 6 -21.2
v 1.5 6 -21.3
v 1.5 6 -21.4
v 1.5 6 -21.5
v 1.5 6 -21.6
v 1.5 6 -21.7
v 1.5 6 -21.8
v 1.5 6 -21.9
v 1.5 6 -22
v 1.5 6 -22.1
v 1.5 6.1 -17.8
v 1.5 6.1 -17.9
v 1.5 6.1 -18
v 1.5 6.1 -18.1
v 1.5 6.1 -18.3
v 1.5 6.1 -18.4
v 1.5 6.1 -18.9
v 1.5 6.1 -19
v 1.5 6.1 -19.1
v 1.5 6.1 -19.2
v 1.5 6.1 -19.3
v 1.5 6.1 -19.4
v 1.5 6.1 -19.5
v 1.5 6.1 -19.8
v 1.5 6.1 -19.9
v 1.5 6.1 -20
v 1.5 6.1 -20.1
v 1.5 6.1 -20.2
v 1.5 6.1 -20.3
v 1.5 6.1 -20.7
v 1.5 6.1 -20.8
v 1.5 6.1 -20.9
v 1.5 6.1 -21
v 1.5 6.1 -21.1
v 1.5 6.1 -21.2
v 1.5 6.1 -21.4
v 1.5 6.1 -21.7
v 1.5 6.1 -21.8
v 1.5 6.1 -21.9
v 1.5 6.1 -22
v 1.5 6.1 -22.1
v 1.5 6.2 -17.7
v 1.5 6.2 -17.8
v 1.5 6.2 -17.9
v 1.5 6.2 -18
v 1.5 6.2 -18.1
v 1.5 6.2 -18.2
v 1.5 6.2 -18.3
v 1.5 6.2 -18.4
v 1.5 6.2 -18.5
v 1.5 6.2 -18.6
v 1.5 6.2 -18.7
v 1.5 6.2 -18.8
v 1.5 6.2 -18.9
v 1.5 6.2 -19
v 1.5 6.2 -19.1
v 1.5 6.2 -19.3
v 1.5 6.2 -19.4
v 1.5 6.2 -19.5
v 1.5 6.2 -19.8
v 1.5 6.2 -19.9
v 1.5 6.2 -20
v 1.5 6.2 -20.1
v 1.5 6.2 -20.2
v 1.5 6.2 -20.4
v 1.5 6.2 -20.6
v 1.5 6.2 -20.7
v 1.5 6.2 -20.9
v 1.5 6.2 -21
v 1.5 6.2 -21.1
v 1.5 6.2 -21.2
v 1.5 6.2 -21.4
v 1.5 6.2 -21.5
v 1.5 6.2 -21.6
v 1.5 6.2 -21.7
v 1.5 6.2 -22
v 1.5 6.2 -22.1
v 1.6 6.2 -17.7
v 1.6 6.2 -17.8
v 1.6 6.2 -17.9
v 1.6 6.2 -18
v 1.6 6.2 -18.1
v 1.6 6.2 -18.2
v 1.6 6.2 -18.3
v 1.6 6.2 -18.4
v 1.6 6.2 -18.5
v 1.6 6.2 -18.6
v 1.6 6.2 -18.7
v 1.6 6.2 -18.8
v 1.6 6.2 -18.9
v 1.6 6.2 -19
v 1.6 6.2 -19.1
v 1.6 6.2 -19.2
v 1.6 6.2 -19.3
v 1.6 6.2 -19.4
v 1.6 6.2 -19.5
v 1.6 6.2 -19.6
v 1.6 6.2 -19.7
v 1.6 6.2 -19.8
v 1.6 6.2 -19.9
v 1.6 6.2 -20
v 1.6 6.2 -20.1
v 1.6 6.2 -20.2
v 1.6 6.2 -20.3
v 1.6 6.2 -20.4
v 1.6 6.2 -20.5
v 1.6 6.2 -20.6
v 1.6 6.2 -20.7
v 1.6 6.2 -20.9
v 1.6 6.2 -21
v 1.6 6.2 -21.1
v 1.6 6.2 -21.2
v 1.6 6.2 -21.3
v 1.6 6.2 -21.4
v 1.6 6.2 -21.5
v 1.6 6.2 -21.6
v 1.6 6.2 -21.7
v 1.6 6.2 -22
v 1.6 6.2 -22.1
v 1.6 6.2 -22.2
v 1.6 6.3 -17.8
v 1.6 6.3 -17.9
v 1.6 6.3 -18
v 1.6 6.3 -18.1
v 1.6 6.3 -18.2
v 1.6 6.3 -18.3
v 1.6 6.3 -18.4
v 1.6 6.3 -18.5
v 1.6 6.3 -18.6
v 1.6 6.3 -18.7
v 1.6 6.3 -18.9
v 1.6 6.3 -19
v 1.6 6.3 -19.1
v 1.6 6.3 -19.2
v 1.6 6.3 -19.3
v 1.6 6.3 -19.4
v 1.6 6.3 -19.7
v 1.6 6.3 -19.8
v 1.6 6.3 -19.9
v 1.6 6.3 -20
v 1.6 6.3 -20.3
v 1.6 6.3 -20.4
v 1.6 6.3 -20.7
v 1.6 6.3 -20.8
v 1.6 6.3 -20.9
v 1.6 6.3 -21.1
v 1.6 6.3 -21.4
v 1.6 6.3 -21.6
v 1.6 6.3 -21.7
v 1.6 6.3 -21.8
v 1.6 6.3 -22
v 1.6 6.3 -22.1
v 1.6 6.3 -22.2
v 1.6 6.4 -17.7
v 1.6 6.4 -17.8
v 1.6 6.4 -17.9
v 1.6 6.4 -18
v 1.6 6.4 -18.1
v 1.6 6.4 -18.2
v 1.6 6.4 -18.3
v 1.6 6.4 -18.4
v 1.6 6.4 -18.6
v 1.6 6.4 -18.7
v 1.6 6.4 -18.8
v 1.6 6.4 -18.9
v 1.6 6.4 -19.1
v 1.6 6.4 -19.4
v 1.6 6.4 -19.5
v 1.6 6.4 -19.6
v 1.6 6.4 -19.8
v 1.6 6.4 -19.9
v 1.6 6.4 -20
v 1.6 6.4 -20.1
v 1.6 6.4 -20.4
v 1.6 6.4 -20.5
v 1.6 6.4 -20.6
v 1.6 6.4 -20.7
v 1.6 6.4 -20.8
v 1.6 6.4 -20.9
v 1.6 6.4 -21.1
v 1.6 6.4 -21.2
v 1.6 6.4 -21.3
v 1.6 6.4 -21.4
v 1.6 6.4 -21.6
v 1.6 6.4 -21.7
v 1.6 6.4 -21.8
v 1.6 6.4 -22
v 1.6 6.4 -22.1
v 1.6 6.4 -22.2
v 1.7 0.5 -24.2
v 1.7 0.5 -24.3
v 1.7 0.6 -24.2
v 1.7 0.6 -24.3
v 1.7 6.4 -17.7
v 1.7 6.4 -17.8
v 1.7 6.4 -17.9
v 1.7 6.4 -18
v 1.7 6.4 -18.1
v 1.7 6.4 -18.2
v 1.7 6.4 -18.3
v 1.7 6.4 -18.4
v 1.7 6.4 -18.5
v 1.7 6.4 -18.6
v 1.7 6.4 -18.7
v 1.7 6.4 -18.8
v 1.7 6.4 -18.9
v 1.7 6.4 -19.1
v 1.7 6.4 -19.2
v 1.7 6.4 -19.3
v 1.7 6.4 -19.4
v 1.7 6.4 -19.5
v 1.7 6.4 -19.6
v 1.7 6.4 -19.7
v 1.7 6.4 -19.8
v 1.7 6.4 -19.9
v 1.7 6.4 -20
v 1.7 6.4 -20.1
v 1.7 6.4 -20.4
v 1.7 6.4 -20.5
v 1.7 6.4 -20.6
v 1.7 6.4 -20.7
v 1.7 6.4 -20.8
v 1.7 6.4 -20.9
v 1.7 6.4 -21
v 1.7 6.4 -21.1
v 1.7 6.4 -21.2
v 1.7 6.4 -21.3
v 1.7 6.4 -21.4
v 1.7 6.4 -21.5
v 1.7 6.4 -21.6
v 1.7 6.4 -21.7
v 1.7 6.4 -21.8
v 1.7 6.4 -21.9
v 1.7 6.4 -22
v 1.7 6.4 -22.1
v 1.7 6.4 -22.2
v 1.7 6.5 -17.7
v 1.7 6.5 -17.8
v 1.7 6.5 -17.9
v 1.7 6.5 -18
v 1.7 6.5 -18.2
v 1.7 6.5 -18.3
v 1.7 6.5 -18.4
v 1.7 6.5 -18.5
v 1.7 6.5 -18.7
v 1.7 6.5 -18.8
v 1.7 6.5 -18.9
v 1.7 6.5 -19.2
v 1.7 6.5 -19.3
v 1.7 6.5 -19.4
v 1.7 6.5 -19.5
v 1.7 6.5 -19.7
v 1.7 6.5 -19.8
v 1.7 6.5 -19.9
v 1.7 6.5 -20
v 1.7 6.5 -20.7
v 1.7 6.5 -21
v 1.7 6.5 -21.1
v 1.7 6.5 -21.2
v 1.7 6.5 -21.3
v 1.7 6.5 -21.5
v 1.7 6.5 -21.6
v 1.7 6.5 -21.7
v 1.7 6.5 -21.9
v 1.7 6.5 -22.1
v 1.7 6.5 -22.2
v 1.8 6.5 -17.7
v 1.8 6.5 -17.8
v 1.8 6.5 -17.9
v 1.8 6.5 -18
v 1.8 6.5 -18.2
v 1.8 6.5 -18.3
v 1.8 6.5 -18.4
v 1.8 6.5 -18.5
v 1.8 6.5 -18.7
v 1.8 6.5 -18.8
v 1.8 6.5 -18.9
v 1.8 6.5 -19.1
v 1.8 6.5 -19.2
v 1.8 6.5 -19.3
v 1.8 6.5 -19.4
v 1.8 6.5 -19.5
v 1.8 6.5 -19.6
v 1.8 6.5 -19.7
v 1.8 6.5 -19.8
v 1.8 6.5 -19.9
v 1.8 6.5 -20
v 1.8 6.5 -20.1
v 1.8 6.5 -20.2
v 1.8 6.5 -20.4
v 1.8 6.5 -20.5
v 1.8 6.5 -20.6
v 1.8 6.5 -20.7
v 1.8 6.5 -21
v 1.8 6.5 -21.1
v 1.8 6.5 -21.2
v 1.8 6.5 -21.3
v 1.8 6.5 -21.5
v 1.8 6.5 -21.6
v 1.8 6.5 -21.7
v 1.8 6.5 -21.9
v 1.8 6.5 -22.1
v 1.8 6.5 -22.2
v 1.8 6.6 -17.8
v 1.8 6.6 -17.9
v 1.8 6.6 -18
v 1.8 6.6 -18.2
v 1.8 6.6 -18.3
v 1.8 6.6 -18.4
v 1.8 6.6 -18.5
v 1.8 6.6 -18.7
v 1.8 6.6 -18.8
v 1.8 6.6 -18.9
v 1.8 6.6 -19.1
v 1.8 6.6 -19.2
v 1.8 6.6 -19.3
v 1.8 6.6 -19.4
v 1.8 6.6 -19.5
v 1.8 6.6 -19.6
v 1.8 6.6 -19.7
v 1.8 6.6 -19.8
v 1.8 6.6 -19.9
v 1.8 6.6 -20
v 1.8 6.6 -20.2
v 1.8 6.6 -20.3
v 1.8 6.6 -20.4
v 1.8 6.6 -20.5
v 1.8 6.6 -20.6
v 1.8 6.6 -20.7
v 1.8 6.6 -20.9
v 1.8 6.6 -21
v 1.8 6.6 -21.1
v 1.8 6.6 -21.2
v 1.8 6.6 -21.4
v 1.8 6.6 -21.5
v 1.8 6.6 -21.6
v 1.8 6.6 -21.7
v 1.8 6.6 -21.8
v 1.8 6.6 -21.9
v 1.8 6.6 -22
v 1.8 6.6 -22.2
v 1.8 6.6 -22.3
v 1.8 6.7 -17.7
v 1.8 6.7 -17.8
v 1.8 6.7 -17.9
v 1.8 6.7 -18
v 1.8 6.7 -18.2
v 1.8 6.7 -18.3
v 1.8 6.7 -18.4
v 1.8 6.7 -18.5
v 1.8 6.7 -18.8
v 1.8 6.7 -18.9
v 1.8 6.7 -19.1
v 1.8 6.7 -19.2
v 1.8 6.7 -19.3
v 1.8 6.7 -19.4
v 1.8 6.7 -19.5
v 1.8 6.7 -19.6
v 1.8 6.7 -19.7
v 1.8 6.7 -19.8
v 1.8 6.7 -19.9
v 1.8 6.7 -20
v 1.8 6.7 -20.1
v 1.8 6.7 -20.2
v 1.8 6.7 -20.3
v 1.8 6.7 -20.5
v 1.8 6.7 -20.6
v 1.8 6.7 -20.7
v 1.8 6.7 -20.9
v 1.8 6.7 -21
v 1.8 6.7 -21.1
v 1.8 6.7 -21.2
v 1.8 6.7 -21.4
v 1.8 6.7 -21.5
v 1.8 6.7 -21.6
v 1.8 6.7 -21.7
v 1.8 6.7 -21.8
v 1.8 6.7 -21.9
v 1.8 6.7 -22
v 1.8 6.7 -22.3
v 1.9 6.7 -17.7
v 1.9 6.7 -17.8
v 1.9 6.7 -17.9
v 1.9 6.7 -18
v 1.9 6.7 -18.1
v 1.9 6.7 -18.2
v 1.9 6.7 -18.3
v 1.9 6.7 -18.4
v 1.9 6.7 -18.5
v 1.9 6.7 -18.6
v 1.9 6.7 -18.7
v 1.9 6.7 -18.8
v 1.9 6.7 -18.9
v 1.9 6.7 -19.1
v 1.9 6.7 -19.2
v 1.9 6.7 -19.3
v 1.9 6.7 -19.4
v 1.9 6.7 -19.5
v 1.9 6.7 -19.6
v 1.9 6.7 -19.7
v 1.9 6.7 -19.8
v 1.9 6.7 -19.9
v 1.9 6.7 -20
v 1.9 6.7 -20.1
v 1.9 6.7 -20.2
v 1.9 6.7 -20.3
v 1.9 6.7 -20.4
v 1.9 6.7 -20.5
v 1.9 6.7 -20.6
v 1.9 6.7 -20.7
v 1.9 6.7 -20.9
v 1.9 6.7 -21
v 1.9 6.7 -21.1
v 1.9 6.7 -21.2
v 1.9 6.7 -21.3
v 1.9 6.7 -21.4
v 1.9 6.7 -21.5
v 1.9 6.7 -21.6
v 1.9 6.7 -21.7
v 1.9 6.7 -21.8
v 1.9 6.7 -21.9
v 1.9 6.7 -22
v 1.9 6.7 -22.1
v 1.9 6.7 -22.2
v 1.9 6.7 -22.3
v 1.9 6.8 -17.9
v 1.9 6.8 -18
v 1.9 6.8 -18.1
v 1.9 6.8 -18.2
v 1.9 6.8 -18.3
v 1.9 6.8 -18.4
v 1.9 6.8 -18.5
v 1.9 6.8 -18.6
v 1.9 6.8 -18.7
v 1.9 6.8 -19.2
v 1.9 6.8 -19.3
v 1.9 6.8 -19.5
v 1.9 6.8 -19.6
v 1.9 6.8 -19.8
v 1.9 6.8 -19.9
v 1.9 6.8 -20.1
v 1.9 6.8 -20.2
v 1.9 6.8 -20.3
v 1.9 6.8 -20.4
v 1.9 6.8 -20.5
v 1.9 6.8 -20.6
v 1.9 6.8 -20.7
v 1.9 6.8 -20.8
v 1.9 6.8 -20.9
v 1.9 6.8 -21
v 1.9 6.8 -21.1
v 1.9 6.8 -21.3
v 1.9 6.8 -21.4
v 1.9 6.8 -21.7
v 1.9 6.8 -21.9
v 1.9 6.8 -22
v 1.9 6.8 -22.1
v 1.9 6.8 -22.2
v 1.9 6.8 -22.3
v 1.9 6.8 -22.4
v 1.9 6.9 -17.8
v 1.9 6.9 -17.9
v 1.9 6.9 -18
v 1.9 6.9 -18.1
v 1.9 6.9 -18.2
v 1.9 6.9 -18.3
v 1.9 6.9 -18.4
v 1.9 6.9 -18.5
v 1.9 6.9 -18.6
v 1.9 6.9 -18.7
v 1.9 6.9 -18.8
v 1.9 6.9 -19
v 1.9 6.9 -19.1
v 1.9 6.9 -19.2
v 1.9 6.9 -19.3
v 1.9 6.9 -19.4
v 1.9 6.9 -19.5
v 1.9 6.9 -19.6
v 1.9 6.9 -19.7
v 1.9 6.9 -19.8
v 1.9 6.9 -19.9
v 1.9 6.9 -20
v 1.9 6.9 -20.1
v 1.9 6.9 -20.2
v 1.9 6.9 -20.3
v 1.9 6.9 -20.5
v 1.9 6.9 -20.6
v 1.9 6.9 -20.7
v 1.9 6.9 -20.8
v 1.9 6.9 -20.9
v 1.9 6.9 -21
v 1.9 6.9 -21.1
v 1.9 6.9 -21.2
v 1.9 6.9 -21.3
v 1.9 6.9 -21.4
v 1.9 6.9 -21.5
v 1.9 6.9 -21.6
v 1.9 6.9 -21.7
v 1.9 6.9 -21.8
v 1.9 6.9 -21.9
v 1.9 6.9 -22
v 1.9 6.9 -22.3
v 1.9 6.9 -22.4
v 1.9 7 -17.7
v 1.9 7 -17.8
v 1.9 7 -17.9
v 1.9 7 -18
v 1.9 7 -18.1
v 1.9 7 -18.2
v 1.9 7 -18.3
v 1.9 7 -18.4
v 1.9 7 -18.5
v 1.9 7 -18.7
v 1.9 7 -18.8
v 1.9 7 -18.9
v 1.9 7 -19
v 1.9 7 -19.1
v 1.9 7 -19.2
v 1.9 7 -19.3
v 1.9 7 -19.4
v 1.9 7 -19.5
v 1.9 7 -19.6
v 1.9 7 -19.7
v 1.9 7 -19.8
v 1.9 7 -19.9
v 1.9 7 -20
v 1.9 7 -20.1
v 1.9 7 -20.2
v 1.9 7 -20.3
v 1.9 7 -20.5
v 1.9 7 -20.6
v 1.9 7 -20.7
v 1.9 7 -20.8
v 1.9 7 -21
v 1.9 7 -21.1
v 1.9 7 -21.2
v 1.9 7 -21.3
v 1.9 7 -21.5
v 1.9 7 -21.7
v 1.9 7 -21.8
v 1.9 7 -21.9
v 1.9 7 -22.1
v 1.9 7 -22.2
v 1.9 7 -22.3
v 1.9 7 -22.4
v 2 0.9 -24.2
v 2 0.9 -24.3
v 2 1 -24.2
v 2 1 -24.3
v 2.4 0.4 -24.2
v 2.4 0.4 -24.3
v 2.4 0.5 -24.2
v 2.4 0.5 -24.3
v 2.6 1 -24.2
v 2.6 1 -24.3
v 2.6 1.1 -24.2
v 2.6 1.1 -24.3
v 3 0 -17.7
v 3 0 -17.8
v 3 0 -24.2
v 3 0 -24.3
v 3 0.2 -24.2
v 3 0.2 -24.3
v 3 0.4 -24.2
v 3 0.4 -24.3
v 3 1 -24.2
v 3 1 -24.3
v 3 1.3 -24.2
v 3 1.3 -24.3
v 3 1.5 -17.8
v 3 1.5 -24.2
v 3 1.7 -17.8
v 3 1.7 -24.2
v 3 2 -17.8
v 3 2 -24.2
v 3 2.1 -17.8
v 3 2.1 -24.2
v 3 2.4 -17.8
v 3 2.4 -24.2
v 3 2.5 -17.8
v 3 2.5 -24.2
v 3 2.8 -17.8
v 3 2.8 -24.2
v 3 2.9 -17.8
v 3 2.9 -24.2
v 3 3.2 -17.8
v 3 3.2 -24.2
v 3 3.3 -17.8
v 3 3.3 -24.2
v 3 3.6 -17.8
v 3 3.6 -24.2
v 3 3.7 -17.8
v 3 3.7 -24.2
v 3 4 -17.8
v 3 4 -24.2
v 3 4.1 -17.8
v 3 4.1 -24.2
v 3 4.2 -17.7
v 3 4.2 -17.8
v 3 4.2 -24.2
v 3 4.2 -24.3
v 3.2 0 -17.8
v 3.2 0 -18
v 3.2 0 -24.1
v 3.2 0 -24.2
v 3.2 1.5 -17.8
v 3.2 1.5 -18
v 3.2 1.5 -24.1
v 3.2 1.5 -24.2
v -3.8 0 -22.4
v -3.8 0 -23.3
v -3.8 0.1 -22.4
v -3.8 0.1 -23.3
v -3.7 0.1 -22.4
v -3.7 0.1 -23.3
v -3.7 0.2 -22.4
v -3.7 0.2 -23.3
v -3.6 0.2 -22.4
v -3.6 0.2 -23.3
v -3.6 0.3 -22.4
v -3.6 0.3 -23.3
v -3.5 0.3 -22.4
v -3.5 0.3 -23.3
v -3.5 0.4 -22.4
v -3.5 0.4 -23.3
v -3.4 0.4 -22.4
v -3.4 0.4 -23.3
v -3.4 0.5 -22.4
v -3.4 0.5 -23.3
v -3.3 0.5 -22.4
v -3.3 0.5 -23.3
v -3.3 0.6 -22.4
v -3.3 0.6 -23.3
v -3.2 0.6 -22.4
v -3.2 0.6 -23.3
v -3.2 0.7 -22.4
v -3.2 0.7 -23.3
v -3.1 0.7 -22.4
v -3.1 0.7 -23.3
v -3.1 0.8 -22.4
v -3.1 0.8 -23.3
v -3 0.8 -22.4
v -3 0.8 -23.3
v -3 0.9 -22.4
v -3 0.9 -23.3
v -2.9 0.9 -22.4
v -2.9 0.9 -23.3
v -2.9 1 -22.4
v -2.9 1 -23.3
v -2.8 1 -22.4
v -2.8 1 -23.3
v -2.8 1.1 -22.4
v -2.8 1.1 -23.3
v -2.7 1.1 -22.4
v -2.7 1.1 -23.3
v -2.7 1.2 -22.4
v -2.7 1.2 -23.3
v -2.6 1.2 -22.4
v -2.6 1.2 -23.3
v -2.6 1.3 -22.4
v -2.6 1.3 -23.3
v -2.5 1.3 -22.4
v -2.5 1.3 -23.3
v -2.5 1.4 -22.4
v -2.5 1.4 -23.3
v -2.4 1.4 -22.4
v -2.4 1.4 -23.3
v -2.4 1.5 -22.4
v -2.4 1.5 -23.3
v -2.2 1.5 -22.4
v -2.2 1.5 -23.3
v -2.2 1.7 -22.4
v -2.2 1.7 -23.3
v -2.1 1.7 -22.3
v -2.1 1.7 -23.4
v -2.1 1.8 -22.4
v -2.1 1.8 -22.5
v -2.1 1.8 -22.6
v -2.1 1.8 -23.1
v -2.1 1.8 -23.2
v -2.1 1.8 -23.3
v -2.1 2.1 -22.4
v -2.1 2.1 -22.5
v -2.1 2.1 -22.6
v -2.1 2.1 -23.1
v -2.1 2.1 -23.2
v -2.1 2.1 -23.3
v -2.1 3.5 -22.4
v -2.1 3.5 -22.5
v -2.1 3.5 -22.6
v -2.1 3.5 -23.1
v -2.1 3.5 -23.2
v -2.1 3.5 -23.3
v -2.1 3.6 -22.5
v -2.1 3.6 -22.6
v -2.1 3.6 -22.7
v -2.1 3.6 -23
v -2.1 3.6 -23.1
v -2.1 3.6 -23.2
v -2.1 3.7 -22.6
v -2.1 3.7 -22.7
v -2.1 3.7 -23
v -2.1 3.7 -23.1
v -2.1 3.8 -22.4
v -2.1 3.8 -22.7
v -2.1 3.8 -23
v -2.1 3.8 -23.3
v -2.1 3.9 -22.3
v -2.1 3.9 -23.4
v -2 0 -21.6
v -2 0 -21.8
v -2 0 -24
v -2 0 -24.2
v -2 1.5 -21.6
v -2 1.5 -21.8
v -2 1.5 -24
v -2 1.5 -24.2
v -1.8 0 -21.5
v -1.8 0 -21.6
v -1.8 0 -24.2
v -1.8 0 -24.3
v -1.8 0.2 -24.2
v -1.8 0.2 -24.3
v -1.8 0.5 -24.2
v -1.8 0.5 -24.3
v -1.8 1 -24.2
v -1.8 1 -24.3
v -1.8 1.3 -24.2
v -1.8 1.3 -24.3
v -1.8 1.5 -21.6
v -1.8 1.5 -24.2
v -1.8 1.7 -21.6
v -1.8 1.7 -24.2
v -1.8 2 -21.6
v -1.8 2 -24.2
v -1.8 2.1 -21.6
v -1.8 2.1 -24.2
v -1.8 2.4 -21.6
v -1.8 2.4 -24.2
v -1.8 2.5 -21.6
v -1.8 2.5 -24.2
v -1.8 2.8 -21.6
v -1.8 2.8 -24.2
v -1.8 2.9 -21.6
v -1.8 2.9 -24.2
v -1.8 3.2 -21.6
v -1.8 3.2 -24.2
v -1.8 3.3 -21.6
v -1.8 3.3 -24.2
v -1.8 3.6 -21.6
v -1.8 3.6 -24.2
v -1.8 3.7 -21.6
v -1.8 3.7 -24.2
v -1.8 4 -21.6
v -1.8 4 -24.2
v -1.8 4.1 -21.6
v -1.8 4.1 -24.2
v -1.8 4.2 -21.5
v -1.8 4.2 -21.6
v -1.8 4.2 -24.2
v -1.8 4.2 -24.3
v -1.4 1 -24.2
v -1.4 1 -24.3
v -1.4 1.1 -24.2
v -1.4 1.1 -24.3
v -1.2 0.4 -24.2
v -1.2 0.4 -24.3
v -1.2 0.5 -24.2
v -1.2 0.5 -24.3
v -0.5 0.9 -24.2
v -0.5 0.9 -24.3
v -0.5 1 -24.2
v -0.5 1 -24.3
v -0.2 0.5 -24.2
v -0.2 0.5 -24.3
v -0.2 0.6 -24.2
v -0.2 0.6 -24.3
v 0.2 0.8 -24.2
v 0.2 0.8 -24.3
v 0.2 0.9 -24.2
v 0.2 0.9 -24.3
v 0.3 0.6 -24.2
v 0.3 0.6 -24.3
v 0.3 0.7 -24.2
v 0.3 0.7 -24.3
v 0.8 2.2 -18.2
v 0.8 2.2 -19.4
v 0.8 2.2 -20
v 0.8 2.2 -21.2
v 0.8 2.5 -18.3
v 0.8 2.5 -19.3
v 0.8 2.5 -20.1
v 0.8 2.5 -21.1
v 0.8 3.8 -18.3
v 0.8 3.8 -19.3
v 0.8 3.8 -20.1
v 0.8 3.8 -21.1
v 0.8 3.9 -18.2
v 0.8 3.9 -19.4
v 0.8 3.9 -20
v 0.8 3.9 -21.2
v 0.9 0 -17.8
v 0.9 0 -18
v 0.9 0 -21.4
v 0.9 0 -21.6
v 0.9 0.2 -18
v 0.9 0.2 -21.4
v 0.9 0.4 -18
v 0.9 0.4 -18.1
v 0.9 0.4 -18.4
v 0.9 0.4 -21
v 0.9 0.4 -21.4
v 0.9 0.5 -18.1
v 0.9 0.5 -18.4
v 0.9 0.5 -18.9
v 0.9 0.5 -20.3
v 0.9 0.5 -21
v 0.9 0.5 -21.4
v 0.9 0.6 -18.4
v 0.9 0.6 -18.9
v 0.9 0.6 -19.5
v 0.9 0.6 -19.9
v 0.9 0.6 -20.3
v 0.9 0.6 -21
v 0.9 0.7 -18.9
v 0.9 0.7 -19.2
v 0.9 0.7 -19.5
v 0.9 0.7 -19.9
v 0.9 0.7 -20
v 0.9 0.7 -20.3
v 0.9 0.8 -18.7
v 0.9 0.8 -19.2
v 0.9 0.8 -20
v 0.9 0.8 -20.5
v 0.9 0.9 -18.3
v 0.9 0.9 -18.7
v 0.9 0.9 -19.2
v 0.9 0.9 -20
v 0.9 0.9 -20.5
v 0.9 0.9 -21.1
v 0.9 1 -18
v 0.9 1 -18.3
v 0.9 1 -18.7
v 0.9 1 -20.5
v 0.9 1 -21.1
v 0.9 1 -21.4
v 0.9 1.1 -18
v 0.9 1.1 -18.3
v 0.9 1.1 -21.1
v 0.9 1.1 -21.4
v 0.9 1.3 -18
v 0.9 1.3 -21.4
v 0.9 1.5 -17.8
v 0.9 1.5 -18
v 0.9 1.5 -21.4
v 0.9 1.5 -21.6
v 1.1 0 -17.7
v 1.1 0 -17.8
v 1.1 1.5 -17.8
v 1.1 1.7 -17.8
v 1.1 2 -17.8
v 1.1 2.1 -17.8
v 1.1 2.4 -17.8
v 1.1 2.5 -17.8
v 1.1 2.8 -17.8
v 1.1 2.9 -17.8
v 1.1 3.2 -17.8
v 1.1 3.3 -17.8
v 1.1 3.6 -17.8
v 1.1 3.7 -17.8
v 1.1 4 -17.8
v 1.1 4.1 -17.8
v 1.1 4.2 -17.7
v 1.1 4.2 -17.8
v 1.3 0.7 -24.2
v 1.3 0.7 -24.3
v 1.3 0.8 -24.2
v 1.3 0.8 -24.3
v 1.7 0.6 -24.2
v 1.7 0.6 -24.3
v 1.7 0.7 -24.2
v 1.7 0.7 -24.3
v 2 0.8 -24.2
v 2 0.8 -24.3
v 2 0.9 -24.2
v 2 0.9 -24.3
v 2.1 6.7 -17.7
v 2.1 6.7 -17.8
v 2.1 6.7 -17.9
v 2.1 6.7 -18
v 2.1 6.7 -18.1
v 2.1 6.7 -18.2
v 2.1 6.7 -18.3
v 2.1 6.7 -18.4
v 2.1 6.7 -18.5
v 2.1 6.7 -18.6
v 2.1 6.7 -18.7
v 2.1 6.7 -18.8
v 2.1 6.7 -18.9
v 2.1 6.7 -19.1
v 2.1 6.7 -19.2
v 2.1 6.7 -19.3
v 2.1 6.7 -19.4
v 2.1 6.7 -19.5
v 2.1 6.7 -19.6
v 2.1 6.7 -19.7
v 2.1 6.7 -19.8
v 2.1 6.7 -19.9
v 2.1 6.7 -20
v 2.1 6.7 -20.1
v 2.1 6.7 -20.2
v 2.1 6.7 -20.3
v 2.1 6.7 -20.4
v 2.1 6.7 -20.5
v 2.1 6.7 -20.6
v 2.1 6.7 -20.7
v 2.1 6.7 -20.9
v 2.1 6.7 -21
v 2.1 6.7 -21.1
v 2.1 6.7 -21.2
v 2.1 6.7 -21.3
v 2.1 6.7 -21.4
v 2.1 6.7 -21.5
v 2.1 6.7 -21.6
v 2.1 6.7 -21.7
v 2.1 6.7 -21.8
v 2.1 6.7 -21.9
v 2.1 6.7 -22
v 2.1 6.7 -22.1
v 2.1 6.7 -22.2
v 2.1 6.7 -22.3
v 2.1 6.8 -17.8
v 2.1 6.8 -17.9
v 2.1 6.8 -18
v 2.1 6.8 -18.1
v 2.1 6.8 -18.4
v 2.1 6.8 -18.5
v 2.1 6.8 -18.6
v 2.1 6.8 -18.7
v 2.1 6.8 -18.8
v 2.1 6.8 -18.9
v 2.1 6.8 -19.2
v 2.1 6.8 -19.3
v 2.1 6.8 -19.4
v 2.1 6.8 -19.5
v 2.1 6.8 -19.6
v 2.1 6.8 -19.7
v 2.1 6.8 -19.8
v 2.1 6.8 -19.9
v 2.1 6.8 -20
v 2.1 6.8 -20.2
v 2.1 6.8 -20.3
v 2.1 6.8 -20.4
v 2.1 6.8 -20.5
v 2.1 6.8 -20.6
v 2.1 6.8 -20.7
v 2.1 6.8 -20.8
v 2.1 6.8 -20.9
v 2.1 6.8 -21
v 2.1 6.8 -21.1
v 2.1 6.8 -21.2
v 2.1 6.8 -21.3
v 2.1 6.8 -21.4
v 2.1 6.8 -21.5
v 2.1 6.8 -21.6
v 2.1 6.8 -21.7
v 2.1 6.8 -21.8
v 2.1 6.8 -21.9
v 2.1 6.8 -22
v 2.1 6.8 -22.1
v 2.1 6.8 -22.3
v 2.1 6.8 -22.4
v 2.1 6.9 -17.8
v 2.1 6.9 -18
v 2.1 6.9 -18.1
v 2.1 6.9 -18.2
v 2.1 6.9 -18.4
v 2.1 6.9 -18.5
v 2.1 6.9 -18.6
v 2.1 6.9 -18.7
v 2.1 6.9 -18.8
v 2.1 6.9 -18.9
v 2.1 6.9 -19.1
v 2.1 6.9 -19.2
v 2.1 6.9 -19.3
v 2.1 6.9 -19.4
v 2.1 6.9 -19.5
v 2.1 6.9 -19.6
v 2.1 6.9 -19.7
v 2.1 6.9 -19.8
v 2.1 6.9 -20.1
v 2.1 6.9 -20.2
v 2.1 6.9 -20.3
v 2.1 6.9 -20.4
v 2.1 6.9 -20.5
v 2.1 6.9 -20.6
v 2.1 6.9 -21
v 2.1 6.9 -21.1
v 2.1 6.9 -21.2
v 2.1 6.9 -21.3
v 2.1 6.9 -21.4
v 2.1 6.9 -21.5
v 2.1 6.9 -21.6
v 2.1 6.9 -21.7
v 2.1 6.9 -21.8
v 2.1 6.9 -21.9
v 2.1 6.9 -22.1
v 2.1 6.9 -22.2
v 2.1 6.9 -22.3
v 2.1 6.9 -22.4
v 2.1 7 -17.7
v 2.1 7 -17.8
v 2.1 7 -18
v 2.1 7 -18.1
v 2.1 7 -18.2
v 2.1 7 -18.3
v 2.1 7 -18.7
v 2.1 7 -18.8
v 2.1 7 -18.9
v 2.1 7 -19.1
v 2.1 7 -19.2
v 2.1 7 -19.3
v 2.1 7 -19.4
v 2.1 7 -19.5
v 2.1 7 -19.6
v 2.1 7 -19.7
v 2.1 7 -19.8
v 2.1 7 -19.9
v 2.1 7 -20
v 2.1 7 -20.1
v 2.1 7 -20.2
v 2.1 7 -20.3
v 2.1 7 -20.4
v 2.1 7 -20.5
v 2.1 7 -20.6
v 2.1 7 -20.8
v 2.1 7 -20.9
v 2.1 7 -21
v 2.1 7 -21.1
v 2.1 7 -21.2
v 2.1 7 -21.3
v 2.1 7 -21.4
v 2.1 7 -21.5
v 2.1 7 -21.6
v 2.1 7 -21.7
v 2.1 7 -21.9
v 2.1 7 -22
v 2.1 7 -22.1
v 2.1 7 -22.2
v 2.1 7 -22.3
v 2.1 7 -22.4
v 2.2 6.5 -17.7
v 2.2 6.5 -17.8
v 2.2 6.5 -17.9
v 2.2 6.5 -18
v 2.2 6.5 -18.1
v 2.2 6.5 -18.2
v 2.2 6.5 -18.3
v 2.2 6.5 -18.4
v 2.2 6.5 -18.5
v 2.2 6.5 -18.6
v 2.2 6.5 -18.7
v 2.2 6.5 -18.8
v 2.2 6.5 -18.9
v 2.2 6.5 -19
v 2.2 6.5 -19.2
v 2.2 6.5 -19.3
v 2.2 6.5 -19.4
v 2.2 6.5 -19.5
v 2.2 6.5 -19.6
v 2.2 6.5 -19.7
v 2.2 6.5 -19.8
v 2.2 6.5 -19.9
v 2.2 6.5 -20
v 2.2 6.5 -20.1
v 2.2 6.5 -20.2
v 2.2 6.5 -20.3
v 2.2 6.5 -20.4
v 2.2 6.5 -20.5
v 2.2 6.5 -20.7
v 2.2 6.5 -20.8
v 2.2 6.5 -20.9
v 2.2 6.5 -21
v 2.2 6.5 -21.2
v 2.2 6.5 -21.3
v 2.2 6.5 -21.4
v 2.2 6.5 -21.5
v 2.2 6.5 -21.6
v 2.2 6.5 -21.7
v 2.2 6.5 -21.9
v 2.2 6.5 -22
v 2.2 6.5 -22.1
v 2.2 6.5 -22.2
v 2.2 6.6 -17.8
v 2.2 6.6 -17.9
v 2.2 6.6 -18.4
v 2.2 6.6 -18.5
v 2.2 6.6 -18.8
v 2.2 6.6 -18.9
v 2.2 6.6 -19.1
v 2.2 6.6 -19.2
v 2.2 6.6 -19.5
v 2.2 6.6 -19.6
v 2.2 6.6 -19.9
v 2.2 6.6 -20
v 2.2 6.6 -20.1
v 2.2 6.6 -20.2
v 2.2 6.6 -20.3
v 2.2 6.6 -20.4
v 2.2 6.6 -20.6
v 2.2 6.6 -20.7
v 2.2 6.6 -20.8
v 2.2 6.6 -21.1
v 2.2 6.6 -21.2
v 2.2 6.6 -21.3
v 2.2 6.6 -21.4
v 2.2 6.6 -21.5
v 2.2 6.6 -21.6
v 2.2 6.6 -21.7
v 2.2 6.6 -21.8
v 2.2 6.6 -22.2
v 2.2 6.6 -22.3
v 2.2 6.7 -17.7
v 2.2 6.7 -17.8
v 2.2 6.7 -17.9
v 2.2 6.7 -18.1
v 2.2 6.7 -18.2
v 2.2 6.7 -18.3
v 2.2 6.7 -18.4
v 2.2 6.7 -18.5
v 2.2 6.7 -18.6
v 2.2 6.7 -18.7
v 2.2 6.7 -18.8
v 2.2 6.7 -18.9
v 2.2 6.7 -19.1
v 2.2 6.7 -19.2
v 2.2 6.7 -19.3
v 2.2 6.7 -19.4
v 2.2 6.7 -19.5
v 2.2 6.7 -19.6
v 2.2 6.7 -19.8
v 2.2 6.7 -19.9
v 2.2 6.7 -20
v 2.2 6.7 -20.1
v 2.2 6.7 -20.2
v 2.2 6.7 -20.3
v 2.2 6.7 -20.4
v 2.2 6.7 -20.6
v 2.2 6.7 -20.7
v 2.2 6.7 -20.9
v 2.2 6.7 -21
v 2.2 6.7 -21.1
v 2.2 6.7 -21.2
v 2.2 6.7 -21.3
v 2.2 6.7 -21.4
v 2.2 6.7 -21.5
v 2.2 6.7 -21.6
v 2.2 6.7 -21.7
v 2.2 6.7 -21.8
v 2.2 6.7 -21.9
v 2.2 6.7 -22
v 2.2 6.7 -22.1
v 2.2 6.7 -22.2
v 2.2 6.7 -22.3
v 2.3 6.3 -17.7
v 2.3 6.3 -17.8
v 2.3 6.3 -17.9
v 2.3 6.3 -18.1
v 2.3 6.3 -18.2
v 2.3 6.3 -18.3
v 2.3 6.3 -18.4
v 2.3 6.3 -18.6
v 2.3 6.3 -18.7
v 2.3 6.3 -18.8
v 2.3 6.3 -18.9
v 2.3 6.3 -19
v 2.3 6.3 -19.2
v 2.3 6.3 -19.3
v 2.3 6.3 -19.4
v 2.3 6.3 -19.5
v 2.3 6.3 -19.6
v 2.3 6.3 -19.7
v 2.3 6.3 -19.8
v 2.3 6.3 -19.9
v 2.3 6.3 -20
v 2.3 6.3 -20.1
v 2.3 6.3 -20.3
v 2.3 6.3 -20.4
v 2.3 6.3 -20.5
v 2.3 6.3 -20.6
v 2.3 6.3 -20.7
v 2.3 6.3 -20.8
v 2.3 6.3 -20.9
v 2.3 6.3 -21
v 2.3 6.3 -21.1
v 2.3 6.3 -21.2
v 2.3 6.3 -21.3
v 2.3 6.3 -21.4
v 2.3 6.3 -21.5
v 2.3 6.3 -21.6
v 2.3 6.3 -21.7
v 2.3 6.3 -21.8
v 2.3 6.3 -21.9
v 2.3 6.3 -22
v 2.3 6.3 -22.1
v 2.3 6.3 -22.2
v 2.3 6.4 -17.9
v 2.3 6.4 -18
v 2.3 6.4 -18.1
v 2.3 6.4 -18.2
v 2.3 6.4 -18.5
v 2.3 6.4 -18.6
v 2.3 6.4 -18.7
v 2.3 6.4 -18.9
v 2.3 6.4 -19
v 2.3 6.4 -19.2
v 2.3 6.4 -19.3
v 2.3 6.4 -19.4
v 2.3 6.4 -19.5
v 2.3 6.4 -19.6
v 2.3 6.4 -19.7
v 2.3 6.4 -19.8
v 2.3 6.4 -19.9
v 2.3 6.4 -20
v 2.3 6.4 -20.1
v 2.3 6.4 -20.2
v 2.3 6.4 -20.3
v 2.3 6.4 -20.4
v 2.3 6.4 -20.5
v 2.3 6.4 -20.6
v 2.3 6.4 -20.7
v 2.3 6.4 -20.8
v 2.3 6.4 -20.9
v 2.3 6.4 -21.2
v 2.3 6.4 -21.3
v 2.3 6.4 -21.4
v 2.3 6.4 -21.5
v 2.3 6.4 -21.6
v 2.3 6.4 -21.7
v 2.3 6.4 -21.9
v 2.3 6.4 -22
v 2.3 6.4 -22.2
v 2.3 6.5 -17.7
v 2.3 6.5 -17.8
v 2.3 6.5 -18
v 2.3 6.5 -18.1
v 2.3 6.5 -18.2
v 2.3 6.5 -18.3
v 2.3 6.5 -18.4
v 2.3 6.5 -18.5
v 2.3 6.5 -18.6
v 2.3 6.5 -18.7
v 2.3 6.5 -18.8
v 2.3 6.5 -18.9
v 2.3 6.5 -19
v 2.3 6.5 -19.2
v 2.3 6.5 -19.3
v 2.3 6.5 -19.4
v 2.3 6.5 -19.5
v 2.3 6.5 -19.6
v 2.3 6.5 -19.7
v 2.3 6.5 -19.8
v 2.3 6.5 -19.9
v 2.3 6.5 -20.1
v 2.3 6.5 -20.2
v 2.3 6.5 -20.3
v 2.3 6.5 -20.4
v 2.3 6.5 -20.5
v 2.3 6.5 -20.7
v 2.3 6.5 -20.8
v 2.3 6.5 -20.9
v 2.3 6.5 -21
v 2.3 6.5 -21.2
v 2.3 6.5 -21.3
v 2.3 6.5 -21.4
v 2.3 6.5 -21.5
v 2.3 6.5 -21.9
v 2.3 6.5 -22
v 2.3 6.5 -22.2
v 2.4 0.5 -24.2
v 2.4 0.5 -24.3
v 2.4 0.6 -24.2
v 2.4 0.6 -24.3
v 2.4 6.2 -17.7
v 2.4 6.2 -17.8
v 2.4 6.2 -17.9
v 2.4 6.2 -18
v 2.4 6.2 -18.1
v 2.4 6.2 -18.2
v 2.4 6.2 -18.3
v 2.4 6.2 -18.4
v 2.4 6.2 -18.5
v 2.4 6.2 -18.6
v 2.4 6.2 -18.7
v 2.4 6.2 -18.8
v 2.4 6.2 -18.9
v 2.4 6.2 -19
v 2.4 6.2 -19.1
v 2.4 6.2 -19.2
v 2.4 6.2 -19.3
v 2.4 6.2 -19.4
v 2.4 6.2 -19.6
v 2.4 6.2 -19.7
v 2.4 6.2 -19.8
v 2.4 6.2 -19.9
v 2.4 6.2 -20
v 2.4 6.2 -20.1
v 2.4 6.2 -20.2
v 2.4 6.2 -20.3
v 2.4 6.2 -20.4
v 2.4 6.2 -20.5
v 2.4 6.2 -20.6
v 2.4 6.2 -20.7
v 2.4 6.2 -20.8
v 2.4 6.2 -20.9
v 2.4 6.2 -21
v 2.4 6.2 -21.1
v 2.4 6.2 -21.2
v 2.4 6.2 -21.3
v 2.4 6.2 -21.4
v 2.4 6.2 -21.5
v 2.4 6.2 -21.6
v 2.4 6.2 -21.7
v 2.4 6.2 -21.8
v 2.4 6.2 -21.9
v 2.4 6.2 -22
v 2.4 6.2 -22.1
v 2.4 6.2 -22.2
v 2.4 6.3 -17.7
v 2.4 6.3 -17.8
v 2.4 6.3 -17.9
v 2.4 6.3 -18.2
v 2.4 6.3 -18.3
v 2.4 6.3 -18.4
v 2.4 6.3 -18.6
v 2.4 6.3 -18.7
v 2.4 6.3 -18.8
v 2.4 6.3 -18.9
v 2.4 6.3 -19
v 2.4 6.3 -19.2
v 2.4 6.3 -19.3
v 2.4 6.3 -19.8
v 2.4 6.3 -19.9
v 2.4 6.3 -20.3
v 2.4 6.3 -20.4
v 2.4 6.3 -20.5
v 2.4 6.3 -20.6
v 2.4 6.3 -20.7
v 2.4 6.3 -20.8
v 2.4 6.3 -20.9
v 2.4 6.3 -21
v 2.4 6.3 -21.1
v 2.4 6.3 -21.2
v 2.4 6.3 -21.4
v 2.4 6.3 -21.5
v 2.4 6.3 -21.7
v 2.4 6.3 -21.8
v 2.4 6.3 -21.9
v 2.4 6.3 -22
v 2.4 6.3 -22.1
v 2.4 6.3 -22.2
v 2.5 6 -17.7
v 2.5 6 -17.8
v 2.5 6 -17.9
v 2.5 6 -18
v 2.5 6 -18.1
v 2.5 6 -18.2
v 2.5 6 -18.3
v 2.5 6 -18.4
v 2.5 6 -18.5
v 2.5 6 -18.6
v 2.5 6 -18.7
v 2.5 6 -18.8
v 2.5 6 -18.9
v 2.5 6 -19
v 2.5 6 -19.2
v 2.5 6 -19.3
v 2.5 6 -19.5
v 2.5 6 -19.6
v 2.5 6 -19.7
v 2.5 6 -19.8
v 2.5 6 -19.9
v 2.5 6 -20
v 2.5 6 -20.1
v 2.5 6 -20.2
v 2.5 6 -20.3
v 2.5 6 -20.4
v 2.5 6 -20.5
v 2.5 6 -20.6
v 2.5 6 -20.7
v 2.5 6 -20.8
v 2.5 6 -20.9
v 2.5 6 -21
v 2.5 6 -21.1
v 2.5 6 -21.2
v 2.5 6 -21.3
v 2.5 6 -21.4
v 2.5 6 -21.5
v 2.5 6 -21.6
v 2.5 6 -21.8
v 2.5 6 -21.9
v 2.5 6 -22
v 2.5 6 -22.1
v 2.5 6.1 -17.8
v 2.5 6.1 -17.9
v 2.5 6.1 -18
v 2.5 6.1 -18.1
v 2.5 6.1 -18.2
v 2.5 6.1 -18.3
v 2.5 6.1 -18.4
v 2.5 6.1 -18.5
v 2.5 6.1 -18.8
v 2.5 6.1 -18.9
v 2.5 6.1 -19.1
v 2.5 6.1 -19.2
v 2.5 6.1 -19.3
v 2.5 6.1 -19.4
v 2.5 6.1 -19.6
v 2.5 6.1 -19.7
v 2.5 6.1 -19.8
v 2.5 6.1 -19.9
v 2.5 6.1 -20
v 2.5 6.1 -20.1
v 2.5 6.1 -20.2
v 2.5 6.1 -20.3
v 2.5 6.1 -20.4
v 2.5 6.1 -20.5
v 2.5 6.1 -20.6
v 2.5 6.1 -20.8
v 2.5 6.1 -20.9
v 2.5 6.1 -21.1
v 2.5 6.1 -21.2
v 2.5 6.1 -21.3
v 2.5 6.1 -21.4
v 2.5 6.1 -21.5
v 2.5 6.1 -21.6
v 2.5 6.1 -21.8
v 2.5 6.1 -21.9
v 2.5 6.1 -22.1
v 2.5 6.2 -17.7
v 2.5 6.2 -17.8
v 2.5 6.2 -17.9
v 2.5 6.2 -18
v 2.5 6.2 -18.1
v 2.5 6.2 -18.2
v 2.5 6.2 -18.3
v 2.5 6.2 -18.4
v 2.5 6.2 -18.5
v 2.5 6.2 -18.6
v 2.5 6.2 -18.7
v 2.5 6.2 -18.8
v 2.5 6.2 -18.9
v 2.5 6.2 -19
v 2.5 6.2 -19.1
v 2.5 6.2 -19.2
v 2.5 6.2 -19.3
v 2.5 6.2 -19.4
v 2.5 6.2 -19.6
v 2.5 6.2 -19.7
v 2.5 6.2 -19.8
v 2.5 6.2 -19.9
v 2.5 6.2 -20
v 2.5 6.2 -20.1
v 2.5 6.2 -20.2
v 2.5 6.2 -20.3
v 2.5 6.2 -20.4
v 2.5 6.2 -20.6
v 2.5 6.2 -20.8
v 2.5 6.2 -20.9
v 2.5 6.2 -21
v 2.5 6.2 -21.3
v 2.5 6.2 -21.4
v 2.5 6.2 -21.5
v 2.5 6.2 -21.6
v 2.5 6.2 -21.8
v 2.5 6.2 -21.9
v 2.5 6.2 -22
v 2.5 6.2 -22.1
v 2.6 0.9 -24.2
v 2.6 0.9 -24.3
v 2.6 1 -24.2
v 2.6 1 -24.3
v 2.6 5.7 -17.7
v 2.6 5.7 -17.8
v 2.6 5.7 -17.9
v 2.6 5.7 -18
v 2.6 5.7 -18.1
v 2.6 5.7 -18.2
v 2.6 5.7 -18.3
v 2.6 5.7 -18.5
v 2.6 5.7 -18.7
v 2.6 5.7 -18.8
v 2.6 5.7 -18.9
v 2.6 5.7 -19
v 2.6 5.7 -19.1
v 2.6 5.7 -19.2
v 2.6 5.7 -19.3
v 2.6 5.7 -19.4
v 2.6 5.7 -19.5
v 2.6 5.7 -19.7
v 2.6 5.7 -19.8
v 2.6 5.7 -19.9
v 2.6 5.7 -20
v 2.6 5.7 -20.2
v 2.6 5.7 -20.3
v 2.6 5.7 -20.4
v 2.6 5.7 -20.5
v 2.6 5.7 -20.6
v 2.6 5.7 -20.7
v 2.6 5.7 -20.8
v 2.6 5.7 -20.9
v 2.6 5.7 -21
v 2.6 5.7 -21.2
v 2.6 5.7 -21.4
v 2.6 5.7 -21.5
v 2.6 5.7 -21.7
v 2.6 5.7 -21.8
v 2.6 5.7 -21.9
v 2.6 5.7 -22
v 2.6 5.8 -17.9
v 2.6 5.8 -18
v 2.6 5.8 -18.1
v 2.6 5.8 -18.4
v 2.6 5.8 -18.5
v 2.6 5.8 -18.6
v 2.6 5.8 -18.7
v 2.6 5.8 -18.8
v 2.6 5.8 -18.9
v 2.6 5.8 -19
v 2.6 5.8 -19.1
v 2.6 5.8 -19.2
v 2.6 5.8 -19.4
v 2.6 5.8 -19.5
v 2.6 5.8 -19.6
v 2.6 5.8 -19.7
v 2.6 5.8 -19.8
v 2.6 5.8 -20
v 2.6 5.8 -20.2
v 2.6 5.8 -20.3
v 2.6 5.8 -20.5
v 2.6 5.8 -20.6
v 2.6 5.8 -21
v 2.6 5.8 -21.1
v 2.6 5.8 -21.3
v 2.6 5.8 -21.4
v 2.6 5.8 -21.5
v 2.6 5.8 -21.6
v 2.6 5.8 -21.7
v 2.6 5.8 -21.8
v 2.6 5.8 -22
v 2.6 5.9 -17.8
v 2.6 5.9 -17.9
v 2.6 5.9 -18
v 2.6 5.9 -18.1
v 2.6 5.9 -18.3
v 2.6 5.9 -18.4
v 2.6 5.9 -18.5
v 2.6 5.9 -18.6
v 2.6 5.9 -18.8
v 2.6 5.9 -18.9
v 2.6 5.9 -19.2
v 2.6 5.9 -19.3
v 2.6 5.9 -19.4
v 2.6 5.9 -19.5
v 2.6 5.9 -19.6
v 2.6 5.9 -19.7
v 2.6 5.9 -19.8
v 2.6 5.9 -19.9
v 2.6 5.9 -20
v 2.6 5.9 -20.2
v 2.6 5.9 -20.3
v 2.6 5.9 -20.4
v 2.6 5.9 -20.6
v 2.6 5.9 -20.7
v 2.6 5.9 -20.8
v 2.6 5.9 -20.9
v 2.6 5.9 -21
v 2.6 5.9 -21.1
v 2.6 5.9 -21.2
v 2.6 5.9 -21.3
v 2.6 5.9 -21.4
v 2.6 5.9 -21.5
v 2.6 5.9 -21.6
v 2.6 5.9 -21.7
v 2.6 5.9 -21.8
v 2.6 5.9 -21.9
v 2.6 6 -17.7
v 2.6 6 -17.8
v 2.6 6 -17.9
v 2.6 6 -18
v 2.6 6 -18.1
v 2.6 6 -18.2
v 2.6 6 -18.3
v 2.6 6 -18.4
v 2.6 6 -18.6
v 2.6 6 -18.7
v 2.6 6 -18.8
v 2.6 6 -18.9
v 2.6 6 -19.2
v 2.6 6 -19.3
v 2.6 6 -19.5
v 2.6 6 -19.6
v 2.6 6 -19.7
v 2.6 6 -19.8
v 2.6 6 -19.9
v 2.6 6 -20
v 2.6 6 -20.2
v 2.6 6 -20.3
v 2.6 6 -20.4
v 2.6 6 -20.6
v 2.6 6 -20.7
v 2.6 6 -20.9
v 2.6 6 -21
v 2.6 6 -21.1
v 2.6 6 -21.2
v 2.6 6 -21.3
v 2.6 6 -21.4
v 2.6 6 -21.5
v 2.6 6 -21.6
v 2.6 6 -21.8
v 2.6 6 -21.9
v 2.6 6 -22
v 2.7 5.6 -17.7
v 2.7 5.6 -17.8
v 2.7 5.6 -17.9
v 2.7 5.6 -18
v 2.7 5.6 -18.1
v 2.7 5.6 -18.2
v 2.7 5.6 -18.3
v 2.7 5.6 -18.5
v 2.7 5.6 -18.6
v 2.7 5.6 -18.7
v 2.7 5.6 -18.8
v 2.7 5.6 -18.9
v 2.7 5.6 -19
v 2.7 5.6 -19.2
v 2.7 5.6 -19.3
v 2.7 5.6 -19.4
v 2.7 5.6 -19.5
v 2.7 5.6 -19.7
v 2.7 5.6 -19.8
v 2.7 5.6 -19.9
v 2.7 5.6 -20
v 2.7 5.6 -20.2
v 2.7 5.6 -20.3
v 2.7 5.6 -20.4
v 2.7 5.6 -20.5
v 2.7 5.6 -20.7
v 2.7 5.6 -20.8
v 2.7 5.6 -20.9
v 2.7 5.6 -21
v 2.7 5.6 -21.2
v 2.7 5.6 -21.3
v 2.7 5.6 -21.4
v 2.7 5.6 -21.5
v 2.7 5.6 -21.6
v 2.7 5.6 -21.7
v 2.7 5.6 -21.8
v 2.7 5.6 -21.9
v 2.7 5.6 -22
v 2.7 5.7 -17.7
v 2.7 5.7 -17.8
v 2.7 5.7 -17.9
v 2.7 5.7 -18
v 2.7 5.7 -18.1
v 2.7 5.7 -18.2
v 2.7 5.7 -18.3
v 2.7 5.7 -18.5
v 2.7 5.7 -18.7
v 2.7 5.7 -18.8
v 2.7 5.7 -19
v 2.7 5.7 -19.2
v 2.7 5.7 -19.3
v 2.7 5.7 -19.5
v 2.7 5.7 -19.7
v 2.7 5.7 -19.8
v 2.7 5.7 -19.9
v 2.7 5.7 -20
v 2.7 5.7 -20.3
v 2.7 5.7 -20.4
v 2.7 5.7 -20.5
v 2.7 5.7 -20.7
v 2.7 5.7 -20.8
v 2.7 5.7 -20.9
v 2.7 5.7 -21
v 2.7 5.7 -21.2
v 2.7 5.7 -21.4
v 2.7 5.7 -21.5
v 2.7 5.7 -21.7
v 2.7 5.7 -21.8
v 2.7 5.7 -21.9
v 2.7 5.7 -22
v 2.8 5.3 -17.7
v 2.8 5.3 -17.8
v 2.8 5.3 -18
v 2.8 5.3 -18.1
v 2.8 5.3 -18.2
v 2.8 5.3 -18.3
v 2.8 5.3 -18.4
v 2.8 5.3 -18.5
v 2.8 5.3 -18.6
v 2.8 5.3 -18.7
v 2.8 5.3 -18.8
v 2.8 5.3 -19
v 2.8 5.3 -19.1
v 2.8 5.3 -19.2
v 2.8 5.3 -19.3
v 2.8 5.3 -19.4
v 2.8 5.3 -19.5
v 2.8 5.3 -19.6
v 2.8 5.3 -19.7
v 2.8 5.3 -19.8
v 2.8 5.3 -19.9
v 2.8 5.3 -20
v 2.8 5.3 -20.1
v 2.8 5.3 -20.2
v 2.8 5.3 -20.3
v 2.8 5.3 -20.4
v 2.8 5.3 -20.5
v 2.8 5.3 -20.6
v 2.8 5.3 -20.7
v 2.8 5.3 -20.8
v 2.8 5.3 -20.9
v 2.8 5.3 -21
v 2.8 5.3 -21.1
v 2.8 5.3 -21.2
v 2.8 5.3 -21.3
v 2.8 5.3 -21.4
v 2.8 5.3 -21.5
v 2.8 5.3 -21.7
v 2.8 5.3 -21.8
v 2.8 5.4 -17.9
v 2.8 5.4 -18
v 2.8 5.4 -18.1
v 2.8 5.4 -18.2
v 2.8 5.4 -18.4
v 2.8 5.4 -18.5
v 2.8 5.4 -18.8
v 2.8 5.4 -19
v 2.8 5.4 -19.1
v 2.8 5.4 -19.2
v 2.8 5.4 -19.3
v 2.8 5.4 -19.4
v 2.8 5.4 -19.5
v 2.8 5.4 -19.9
v 2.8 5.4 -20
v 2.8 5.4 -20.1
v 2.8 5.4 -20.2
v 2.8 5.4 -20.4
v 2.8 5.4 -20.5
v 2.8 5.4 -20.6
v 2.8 5.4 -20.7
v 2.8 5.4 -21
v 2.8 5.4 -21.1
v 2.8 5.4 -21.3
v 2.8 5.4 -21.6
v 2.8 5.4 -21.7
v 2.8 5.4 -21.8
v 2.8 5.4 -21.9
v 2.8 5.5 -17.8
v 2.8 5.5 -17.9
v 2.8 5.5 -18.1
v 2.8 5.5 -18.4
v 2.8 5.5 -18.5
v 2.8 5.5 -18.6
v 2.8 5.5 -18.8
v 2.8 5.5 -18.9
v 2.8 5.5 -19
v 2.8 5.5 -19.1
v 2.8 5.5 -19.2
v 2.8 5.5 -19.3
v 2.8 5.5 -19.4
v 2.8 5.5 -19.5
v 2.8 5.5 -19.6
v 2.8 5.5 -20
v 2.8 5.5 -20.2
v 2.8 5.5 -20.3
v 2.8 5.5 -20.4
v 2.8 5.5 -20.5
v 2.8 5.5 -20.6
v 2.8 5.5 -21
v 2.8 5.5 -21.1
v 2.8 5.5 -21.3
v 2.8 5.5 -21.4
v 2.8 5.5 -21.5
v 2.8 5.5 -21.6
v 2.8 5.5 -21.8
v 2.8 5.5 -21.9
v 2.8 5.6 -17.7
v 2.8 5.6 -17.8
v 2.8 5.6 -17.9
v 2.8 5.6 -18.1
v 2.8 5.6 -18.2
v 2.8 5.6 -18.3
v 2.8 5.6 -18.5
v 2.8 5.6 -18.6
v 2.8 5.6 -18.7
v 2.8 5.6 -18.8
v 2.8 5.6 -18.9
v 2.8 5.6 -19
v 2.8 5.6 -19.2
v 2.8 5.6 -19.3
v 2.8 5.6 -19.4
v 2.8 5.6 -19.5
v 2.8 5.6 -19.7
v 2.8 5.6 -19.8
v 2.8 5.6 -19.9
v 2.8 5.6 -20
v 2.8 5.6 -20.2
v 2.8 5.6 -20.3
v 2.8 5.6 -20.4
v 2.8 5.6 -20.5
v 2.8 5.6 -20.7
v 2.8 5.6 -20.8
v 2.8 5.6 -20.9
v 2.8 5.6 -21
v 2.8 5.6 -21.3
v 2.8 5.6 -21.4
v 2.8 5.6 -21.5
v 2.8 5.6 -21.6
v 2.8 5.6 -21.7
v 2.8 5.6 -21.8
v 2.8 5.6 -21.9
v 2.9 0.4 -24.2
v 2.9 0.4 -24.3
v 2.9 0.5 -24.2
v 2.9 0.5 -24.3
v 2.9 4.9 -17.7
v 2.9 4.9 -17.8
v 2.9 4.9 -17.9
v 2.9 4.9 -18
v 2.9 4.9 -18.1
v 2.9 4.9 -18.2
v 2.9 4.9 -18.3
v 2.9 4.9 -18.4
v 2.9 4.9 -18.6
v 2.9 4.9 -18.7
v 2.9 4.9 -18.8
v 2.9 4.9 -18.9
v 2.9 4.9 -19
v 2.9 4.9 -19.1
v 2.9 4.9 -19.2
v 2.9 4.9 -19.3
v 2.9 4.9 -19.4
v 2.9 4.9 -19.5
v 2.9 4.9 -19.6
v 2.9 4.9 -19.7
v 2.9 4.9 -19.8
v 2.9 4.9 -19.9
v 2.9 4.9 -20
v 2.9 4.9 -20.1
v 2.9 4.9 -20.2
v 2.9 4.9 -20.3
v 2.9 4.9 -20.4
v 2.9 4.9 -20.5
v 2.9 4.9 -20.6
v 2.9 4.9 -20.7
v 2.9 4.9 -20.8
v 2.9 4.9 -20.9
v 2.9 4.9 -21
v 2.9 4.9 -21.1
v 2.9 4.9 -21.2
v 2.9 4.9 -21.3
v 2.9 4.9 -21.4
v 2.9 4.9 -21.5
v 2.9 4.9 -21.6
v 2.9 4.9 -21.7
v 2.9 5 -17.8
v 2.9 5 -17.9
v 2.9 5 -18
v 2.9 5 -18.1
v 2.9 5 -18.2
v 2.9 5 -18.3
v 2.9 5 -18.4
v 2.9 5 -18.5
v 2.9 5 -18.6
v 2.9 5 -18.9
v 2.9 5 -19
v 2.9 5 -19.1
v 2.9 5 -19.2
v 2.9 5 -19.3
v 2.9 5 -19.4
v 2.9 5 -19.5
v 2.9 5 -19.6
v 2.9 5 -19.7
v 2.9 5 -19.8
v 2.9 5 -20.1
v 2.9 5 -20.2
v 2.9 5 -20.3
v 2.9 5 -20.4
v 2.9 5 -20.5
v 2.9 5 -20.7
v 2.9 5 -20.8
v 2.9 5 -20.9
v 2.9 5 -21.1
v 2.9 5 -21.2
v 2.9 5 -21.3
v 2.9 5 -21.6
v 2.9 5 -21.7
v 2.9 5.1 -17.8
v 2.9 5.1 -17.9
v 2.9 5.1 -18
v 2.9 5.1 -18.1
v 2.9 5.1 -18.2
v 2.9 5.1 -18.3
v 2.9 5.1 -18.4
v 2.9 5.1 -18.5
v 2.9 5.1 -18.6
v 2.9 5.1 -18.7
v 2.9 5.1 -18.8
v 2.9 5.1 -18.9
v 2.9 5.1 -19
v 2.9 5.1 -19.1
v 2.9 5.1 -19.5
v 2.9 5.1 -19.6
v 2.9 5.1 -19.7
v 2.9 5.1 -19.8
v 2.9 5.1 -19.9
v 2.9 5.1 -20
v 2.9 5.1 -20.1
v 2.9 5.1 -20.2
v 2.9 5.1 -20.3
v 2.9 5.1 -20.5
v 2.9 5.1 -20.6
v 2.9 5.1 -20.7
v 2.9 5.1 -20.8
v 2.9 5.1 -20.9
v 2.9 5.1 -21
v 2.9 5.1 -21.1
v 2.9 5.1 -21.2
v 2.9 5.1 -21.6
v 2.9 5.1 -21.7
v 2.9 5.2 -17.9
v 2.9 5.2 -18
v 2.9 5.2 -18.3
v 2.9 5.2 -18.4
v 2.9 5.2 -18.5
v 2.9 5.2 -18.6
v 2.9 5.2 -18.7
v 2.9 5.2 -18.8
v 2.9 5.2 -18.9
v 2.9 5.2 -19
v 2.9 5.2 -19.1
v 2.9 5.2 -19.2
v 2.9 5.2 -19.3
v 2.9 5.2 -19.4
v 2.9 5.2 -19.5
v 2.9 5.2 -19.6
v 2.9 5.2 -19.7
v 2.9 5.2 -19.8
v 2.9 5.2 -19.9
v 2.9 5.2 -20
v 2.9 5.2 -20.1
v 2.9 5.2 -20.2
v 2.9 5.2 -20.5
v 2.9 5.2 -20.6
v 2.9 5.2 -20.7
v 2.9 5.2 -20.8
v 2.9 5.2 -20.9
v 2.9 5.2 -21
v 2.9 5.2 -21.1
v 2.9 5.2 -21.2
v 2.9 5.2 -21.3
v 2.9 5.2 -21.4
v 2.9 5.2 -21.6
v 2.9 5.2 -21.7
v 2.9 5.2 -21.8
v 2.9 5.3 -17.7
v 2.9 5.3 -17.8
v 2.9 5.3 -18
v 2.9 5.3 -18.1
v 2.9 5.3 -18.2
v 2.9 5.3 -18.3
v 2.9 5.3 -18.4
v 2.9 5.3 -18.5
v 2.9 5.3 -18.6
v 2.9 5.3 -18.7
v 2.9 5.3 -18.8
v 2.9 5.3 -19
v 2.9 5.3 -19.1
v 2.9 5.3 -19.2
v 2.9 5.3 -19.3
v 2.9 5.3 -19.4
v 2.9 5.3 -19.5
v 2.9 5.3 -19.6
v 2.9 5.3 -19.7
v 2.9 5.3 -19.8
v 2.9 5.3 -19.9
v 2.9 5.3 -20.3
v 2.9 5.3 -20.4
v 2.9 5.3 -20.5
v 2.9 5.3 -20.6
v 2.9 5.3 -20.8
v 2.9 5.3 -20.9
v 2.9 5.3 -21
v 2.9 5.3 -21.2
v 2.9 5.3 -21.3
v 2.9 5.3 -21.4
v 2.9 5.3 -21.5
v 2.9 5.3 -21.7
v 2.9 5.3 -21.8
v 3 4.7 -17.7
v 3 4.7 -17.8
v 3 4.7 -18
v 3 4.7 -18.1
v 3 4.7 -18.2
v 3 4.7 -18.3
v 3 4.7 -18.4
v 3 4.7 -18.5
v 3 4.7 -18.6
v 3 4.7 -18.7
v 3 4.7 -18.8
v 3 4.7 -18.9
v 3 4.7 -19
v 3 4.7 -19.1
v 3 4.7 -19.2
v 3 4.7 -19.3
v 3 4.7 -19.4
v 3 4.7 -19.5
v 3 4.7 -19.6
v 3 4.7 -19.7
v 3 4.7 -19.8
v 3 4.7 -19.9
v 3 4.7 -20.1
v 3 4.7 -20.2
v 3 4.7 -20.3
v 3 4.7 -20.4
v 3 4.7 -20.5
v 3 4.7 -20.6
v 3 4.7 -20.7
v 3 4.7 -20.8
v 3 4.7 -20.9
v 3 4.7 -21
v 3 4.7 -21.1
v 3 4.7 -21.2
v 3 4.7 -21.3
v 3 4.7 -21.4
v 3 4.7 -21.5
v 3 4.7 -21.6
v 3 4.8 -17.9
v 3 4.8 -18
v 3 4.8 -18.1
v 3 4.8 -18.3
v 3 4.8 -18.4
v 3 4.8 -18.5
v 3 4.8 -18.6
v 3 4.8 -18.7
v 3 4.8 -19
v 3 4.8 -19.1
v 3 4.8 -19.2
v 3 4.8 -19.3
v 3 4.8 -19.4
v 3 4.8 -19.5
v 3 4.8 -19.6
v 3 4.8 -19.7
v 3 4.8 -19.8
v 3 4.8 -19.9
v 3 4.8 -20
v 3 4.8 -20.1
v 3 4.8 -20.2
v 3 4.8 -20.3
v 3 4.8 -20.6
v 3 4.8 -20.7
v 3 4.8 -20.8
v 3 4.8 -21
v 3 4.8 -21.1
v 3 4.8 -21.3
v 3 4.8 -21.4
v 3 4.8 -21.5
v 3 4.8 -21.6
v 3 4.9 -17.7
v 3 4.9 -17.8
v 3 4.9 -17.9
v 3 4.9 -18.1
v 3 4.9 -18.2
v 3 4.9 -18.3
v 3 4.9 -18.4
v 3 4.9 -18.6
v 3 4.9 -18.7
v 3 4.9 -18.8
v 3 4.9 -18.9
v 3 4.9 -19
v 3 4.9 -19.1
v 3 4.9 -19.2
v 3 4.9 -19.3
v 3 4.9 -19.4
v 3 4.9 -19.5
v 3 4.9 -19.6
v 3 4.9 -19.7
v 3 4.9 -19.8
v 3 4.9 -19.9
v 3 4.9 -20
v 3 4.9 -20.1
v 3 4.9 -20.2
v 3 4.9 -20.3
v 3 4.9 -20.4
v 3 4.9 -20.5
v 3 4.9 -20.8
v 3 4.9 -20.9
v 3 4.9 -21
v 3 4.9 -21.1
v 3 4.9 -21.2
v 3 4.9 -21.3
v 3 4.9 -21.4
v 3 4.9 -21.5
v 3 4.9 -21.6
v 3.1 4.6 -17.7
v 3.1 4.6 -17.8
v 3.1 4.6 -17.9
v 3.1 4.6 -18
v 3.1 4.6 -18.1
v 3.1 4.6 -18.2
v 3.1 4.6 -18.3
v 3.1 4.6 -18.4
v 3.1 4.6 -18.6
v 3.1 4.6 -18.7
v 3.1 4.6 -18.8
v 3.1 4.6 -18.9
v 3.1 4.6 -19
v 3.1 4.6 -19.1
v 3.1 4.6 -19.2
v 3.1 4.6 -19.3
v 3.1 4.6 -19.4
v 3.1 4.6 -19.5
v 3.1 4.6 -19.7
v 3.1 4.6 -19.8
v 3.1 4.6 -19.9
v 3.1 4.6 -20.1
v 3.1 4.6 -20.2
v 3.1 4.6 -20.3
v 3.1 4.6 -20.4
v 3.1 4.6 -20.5
v 3.1 4.6 -20.6
v 3.1 4.6 -20.7
v 3.1 4.6 -20.8
v 3.1 4.6 -20.9
v 3.1 4.6 -21
v 3.1 4.6 -21.1
v 3.1 4.6 -21.2
v 3.1 4.6 -21.4
v 3.1 4.6 -21.5
v 3.1 4.7 -17.7
v 3.1 4.7 -17.8
v 3.1 4.7 -18
v 3.1 4.7 -18.1
v 3.1 4.7 -18.2
v 3.1 4.7 -18.3
v 3.1 4.7 -18.4
v 3.1 4.7 -18.6
v 3.1 4.7 -18.7
v 3.1 4.7 -18.8
v 3.1 4.7 -18.9
v 3.1 4.7 -19
v 3.1 4.7 -19.1
v 3.1 4.7 -19.2
v 3.1 4.7 -19.3
v 3.1 4.7 -19.4
v 3.1 4.7 -19.5
v 3.1 4.7 -19.7
v 3.1 4.7 -19.8
v 3.1 4.7 -19.9
v 3.1 4.7 -20.1
v 3.1 4.7 -20.2
v 3.1 4.7 -20.3
v 3.1 4.7 -20.4
v 3.1 4.7 -20.6
v 3.1 4.7 -20.8
v 3.1 4.7 -20.9
v 3.1 4.7 -21
v 3.1 4.7 -21.1
v 3.1 4.7 -21.2
v 3.1 4.7 -21.4
v 3.1 4.7 -21.5
v 3.2 1.5 -18
v 3.2 1.5 -24
v 3.2 1.7 -18
v 3.2 1.7 -24
v 3.2 2 -18
v 3.2 2 -24
v 3.2 2.1 -18
v 3.2 2.1 -24
v 3.2 2.4 -18
v 3.2 2.4 -24
v 3.2 2.5 -18
v 3.2 2.5 -24
v 3.2 2.8 -18
v 3.2 2.8 -24
v 3.2 2.9 -18
v 3.2 2.9 -24
v 3.2 3.2 -18
v 3.2 3.2 -24
v 3.2 3.3 -18
v 3.2 3.3 -24
v 3.2 3.6 -18
v 3.2 3.6 -24
v 3.2 3.7 -18
v 3.2 3.7 -24
v 3.2 4 -18
v 3.2 4 -24
v 3.2 4.1 -18
v 3.2 4.1 -24
v 3.2 4.2 -18
v 3.2 4.2 -18.2
v 3.2 4.2 -18.3
v 3.2 4.2 -18.5
v 3.2 4.2 -18.6
v 3.2 4.2 -18.7
v 3.2 4.2 -18.8
v 3.2 4.2 -18.9
v 3.2 4.2 -19
v 3.2 4.2 -19.1
v 3.2 4.2 -19.2
v 3.2 4.2 -19.3
v 3.2 4.2 -19.4
v 3.2 4.2 -19.6
v 3.2 4.2 -19.7
v 3.2 4.2 -19.8
v 3.2 4.2 -19.9
v 3.2 4.2 -20.1
v 3.2 4.2 -20.3
v 3.2 4.2 -20.4
v 3.2 4.2 -20.5
v 3.2 4.2 -20.7
v 3.2 4.2 -20.8
v 3.2 4.2 -20.9
v 3.2 4.2 -21
v 3.2 4.2 -21.1
v 3.2 4.2 -21.2
v 3.2 4.2 -21.3
v 3.2 4.2 -21.4
v 3.2 4.2 -21.5
v 3.2 4.2 -21.6
v 3.2 4.2 -24
v 3.2 4.2 -24.1
v 3.2 4.3 -17.7
v 3.2 4.3 -17.8
v 3.2 4.3 -17.9
v 3.2 4.3 -18
v 3.2 4.3 -18.2
v 3.2 4.3 -18.3
v 3.2 4.3 -18.4
v 3.2 4.3 -18.5
v 3.2 4.3 -18.6
v 3.2 4.3 -18.7
v 3.2 4.3 -18.8
v 3.2 4.3 -18.9
v 3.2 4.3 -19
v 3.2 4.3 -19.1
v 3.2 4.3 -19.2
v 3.2 4.3 -19.3
v 3.2 4.3 -19.4
v 3.2 4.3 -19.5
v 3.2 4.3 -19.6
v 3.2 4.3 -19.7
v 3.2 4.3 -19.8
v 3.2 4.3 -19.9
v 3.2 4.3 -20
v 3.2 4.3 -20.1
v 3.2 4.3 -20.2
v 3.2 4.3 -20.3
v 3.2 4.3 -20.4
v 3.2 4.3 -20.5
v 3.2 4.3 -20.6
v 3.2 4.3 -20.7
v 3.2 4.3 -20.8
v 3.2 4.3 -20.9
v 3.2 4.3 -21
v 3.2 4.3 -21.1
v 3.2 4.3 -21.2
v 3.2 4.3 -21.3
v 3.2 4.3 -21.4
v 3.2 4.3 -21.5
v 3.2 4.3 -21.6
v 3.2 4.3 -24
v 3.2 4.3 -24.1
v 3.2 4.4 -17.9
v 3.2 4.4 -18
v 3.2 4.4 -18.2
v 3.2 4.4 -18.3
v 3.2 4.4 -18.4
v 3.2 4.4 -18.5
v 3.2 4.4 -18.8
v 3.2 4.4 -18.9
v 3.2 4.4 -19
v 3.2 4.4 -19.1
v 3.2 4.4 -19.2
v 3.2 4.4 -19.3
v 3.2 4.4 -19.5
v 3.2 4.4 -19.6
v 3.2 4.4 -19.8
v 3.2 4.4 -20.1
v 3.2 4.4 -20.2
v 3.2 4.4 -20.5
v 3.2 4.4 -20.6
v 3.2 4.4 -20.7
v 3.2 4.4 -20.8
v 3.2 4.4 -21
v 3.2 4.4 -21.1
v 3.2 4.4 -21.2
v 3.2 4.4 -21.3
v 3.2 4.4 -21.4
v 3.2 4.4 -21.5
v 3.2 4.4 -21.6
v 3.2 4.4 -21.7
v 3.2 4.4 -24
v 3.2 4.5 -17.8
v 3.2 4.5 -17.9
v 3.2 4.5 -18
v 3.2 4.5 -18.1
v 3.2 4.5 -18.3
v 3.2 4.5 -18.4
v 3.2 4.5 -18.5
v 3.2 4.5 -18.8
v 3.2 4.5 -18.9
v 3.2 4.5 -19
v 3.2 4.5 -19.1
v 3.2 4.5 -19.3
v 3.2 4.5 -19.5
v 3.2 4.5 -19.7
v 3.2 4.5 -19.9
v 3.2 4.5 -20
v 3.2 4.5 -20.1
v 3.2 4.5 -20.4
v 3.2 4.5 -20.5
v 3.2 4.5 -20.6
v 3.2 4.5 -20.7
v 3.2 4.5 -20.8
v 3.2 4.5 -20.9
v 3.2 4.5 -21
v 3.2 4.5 -21.1
v 3.2 4.5 -21.2
v 3.2 4.5 -21.3
v 3.2 4.5 -21.7
v 3.2 4.5 -21.8
v 3.2 4.5 -23.9
v 3.2 4.5 -24
v 3.2 4.6 -17.7
v 3.2 4.6 -17.8
v 3.2 4.6 -17.9
v 3.2 4.6 -18.1
v 3.2 4.6 -18.2
v 3.2 4.6 -18.3
v 3.2 4.6 -18.4
v 3.2 4.6 -18.6
v 3.2 4.6 -18.7
v 3.2 4.6 -18.8
v 3.2 4.6 -18.9
v 3.2 4.6 -19
v 3.2 4.6 -19.2
v 3.2 4.6 -19.3
v 3.2 4.6 -19.5
v 3.2 4.6 -19.7
v 3.2 4.6 -19.8
v 3.2 4.6 -19.9
v 3.2 4.6 -20.1
v 3.2 4.6 -20.2
v 3.2 4.6 -20.3
v 3.2 4.6 -20.4
v 3.2 4.6 -20.5
v 3.2 4.6 -20.6
v 3.2 4.6 -20.7
v 3.2 4.6 -20.8
v 3.2 4.6 -20.9
v 3.2 4.6 -21
v 3.2 4.6 -21.1
v 3.2 4.6 -21.2
v 3.2 4.6 -21.4
v 3.2 4.6 -21.5
v 3.2 4.7 -21.8
v 3.2 4.7 -21.9
v 3.2 4.7 -23.8
v 3.2 4.7 -23.9
v 3.2 4.8 -21.9
v 3.2 4.8 -23.8
v 3.2 4.9 -21.9
v 3.2 4.9 -23.7
v 3.2 4.9 -23.8
v 3.2 5 -21.9
v 3.2 5 -22
v 3.2 5.1 -23.6
v 3.2 5.1 -23.7
v 3.2 5.2 -22
v 3.2 5.2 -23.6
v 3.2 5.3 -22
v 3.2 5.3 -23.6
v 3.2 5.4 -22
v 3.2 5.4 -22.1
v 3.2 5.5 -23.5
v 3.2 5.5 -23.6
v 3.2 5.6 -22.1
v 3.2 5.6 -23.5
v 3.2 5.7 -22.1
v 3.2 5.7 -22.2
v 3.2 5.7 -23.5
v 3.2 5.8 -23.4
v 3.2 5.8 -23.5
v 3.2 5.9 -22.2
v 3.2 5.9 -22.3
v 3.2 6 -22.3
v 3.2 6 -23.4
v 3.2 6.1 -22.3
v 3.2 6.1 -22.4
v 3.2 6.1 -23.4
v 3.2 6.2 -23.3
v 3.2 6.2 -23.4
v 3.2 6.3 -22.4
v 3.2 6.3 -22.5
v 3.2 6.4 -22.5
v 3.2 6.4 -23.2
v 3.2 6.4 -23.3
v 3.2 6.5 -22.5
v 3.2 6.5 -22.6
v 3.2 6.5 -23.2
v 3.2 6.7 -22.6
v 3.2 6.7 -22.7
v 3.2 6.7 -23.1
v 3.2 6.7 -23.2
v 3.2 6.8 -22.7
v 3.2 6.8 -23.1
v 3.2 6.9 -22.7
v 3.2 6.9 -23.1
v 3.2 7 -23
v 3.2 7 -23.1
v 3.2 7.1 -22.7
v 3.2 7.1 -23
v 3.2 7.2 -22.7
v 3.2 7.2 -22.9
v 3.2 7.2 -23
v 3.2 7.3 -22.7
v 3.2 7.4 -22.7
v 3.2 7.4 -22.9
v 3.3 0 -17.7
v 3.3 0 -18
v 3.3 0 -24.1
v 3.3 0 -24.3
v 3.3 1.5 -24
v 3.3 1.5 -24.1
v 3.3 4.2 -17.8
v 3.3 4.2 -17.9
v 3.3 4.2 -18
v 3.3 4.2 -18.2
v 3.3 4.2 -18.3
v 3.3 4.2 -18.5
v 3.3 4.2 -18.6
v 3.3 4.2 -18.7
v 3.3 4.2 -18.8
v 3.3 4.2 -18.9
v 3.3 4.2 -19
v 3.3 4.2 -19.1
v 3.3 4.2 -19.2
v 3.3 4.2 -19.3
v 3.3 4.2 -19.4
v 3.3 4.2 -19.6
v 3.3 4.2 -19.7
v 3.3 4.2 -19.8
v 3.3 4.2 -19.9
v 3.3 4.2 -20.1
v 3.3 4.2 -20.3
v 3.3 4.2 -20.4
v 3.3 4.2 -20.5
v 3.3 4.2 -20.7
v 3.3 4.2 -20.8
v 3.3 4.2 -20.9
v 3.3 4.2 -21
v 3.3 4.2 -21.1
v 3.3 4.2 -21.2
v 3.3 4.2 -21.3
v 3.3 4.2 -21.4
v 3.3 4.2 -24
v 3.3 4.2 -24.1
v 3.3 4.2 -24.2
v 3.3 4.2 -24.3
v 3.3 4.3 -17.7
v 3.3 4.3 -17.8
v 3.3 4.3 -17.9
v 3.3 4.3 -18
v 3.3 4.3 -18.2
v 3.3 4.3 -18.3
v 3.3 4.3 -18.5
v 3.3 4.3 -18.6
v 3.3 4.3 -18.7
v 3.3 4.3 -18.8
v 3.3 4.3 -18.9
v 3.3 4.3 -19
v 3.3 4.3 -19.1
v 3.3 4.3 -19.2
v 3.3 4.3 -19.3
v 3.3 4.3 -19.4
v 3.3 4.3 -19.6
v 3.3 4.3 -19.7
v 3.3 4.3 -19.8
v 3.3 4.3 -19.9
v 3.3 4.3 -20.1
v 3.3 4.3 -20.3
v 3.3 4.3 -20.4
v 3.3 4.3 -20.5
v 3.3 4.3 -20.7
v 3.3 4.3 -20.8
v 3.3 4.3 -20.9
v 3.3 4.3 -21
v 3.3 4.3 -21.1
v 3.3 4.3 -21.2
v 3.3 4.3 -21.3
v 3.3 4.3 -21.4
v 3.5 4.2 -21.4
v 3.5 4.2 -21.6
v 3.5 4.2 -24.1
v 3.5 4.2 -24.3
v 3.5 4.3 -21.4
v 3.5 4.3 -21.5
v 3.5 4.3 -24
v 3.5 4.3 -24.1
v 3.5 4.3 -24.2
v 3.5 4.3 -24.3
v 3.5 4.4 -21.6
v 3.5 4.4 -21.7
v 3.5 4.5 -21.7
v 3.5 4.5 -21.8
v 3.5 4.5 -23.9
v 3.5 4.5 -24
v 3.5 4.7 -21.5
v 3.5 4.7 -21.6
v 3.5 4.7 -21.8
v 3.5 4.7 -21.9
v 3.5 4.7 -23.8
v 3.5 4.7 -23.9
v 3.5 4.7 -24.1
v 3.5 4.7 -24.2
v 3.5 4.9 -21.6
v 3.5 4.9 -21.7
v 3.5 4.9 -23.7
v 3.5 4.9 -23.8
v 3.5 4.9 -24
v 3.5 4.9 -24.1
v 3.5 5 -21.9
v 3.5 5 -22
v 3.5 5.1 -23.6
v 3.5 5.1 -23.7
v 3.5 5.1 -23.9
v 3.5 5.1 -24
v 3.5 5.2 -21.7
v 3.5 5.2 -21.8
v 3.5 5.4 -21.8
v 3.5 5.4 -21.9
v 3.5 5.4 -22
v 3.5 5.4 -22.1
v 3.5 5.4 -23.8
v 3.5 5.4 -23.9
v 3.5 5.5 -23.5
v 3.5 5.5 -23.6
v 3.5 5.6 -21.9
v 3.5 5.6 -22
v 3.5 5.6 -23.7
v 3.5 5.6 -23.8
v 3.5 5.7 -22.1
v 3.5 5.7 -22.2
v 3.5 5.8 -23.4
v 3.5 5.8 -23.5
v 3.5 5.9 -22.2
v 3.5 5.9 -22.3
v 3.5 6 -22
v 3.5 6 -22.1
v 3.5 6 -23.6
v 3.5 6 -23.7
v 3.5 6.1 -22.3
v 3.5 6.1 -22.4
v 3.5 6.2 -22.1
v 3.5 6.2 -22.2
v 3.5 6.2 -23.3
v 3.5 6.2 -23.4
v 3.5 6.2 -23.5
v 3.5 6.2 -23.6
v 3.5 6.3 -22.4
v 3.5 6.3 -22.5
v 3.5 6.4 -23.2
v 3.5 6.4 -23.3
v 3.5 6.5 -22.5
v 3.5 6.5 -22.6
v 3.5 6.6 -22.2
v 3.5 6.6 -22.3
v 3.5 6.6 -23.4
v 3.5 6.6 -23.5
v 3.5 6.7 -22.6
v 3.5 6.7 -22.7
v 3.5 6.7 -23.1
v 3.5 6.7 -23.2
v 3.5 6.8 -22.3
v 3.5 6.8 -22.4
v 3.5 6.8 -23.3
v 3.5 6.8 -23.4
v 3.5 7 -23
v 3.5 7 -23.1
v 3.5 7 -23.2
v 3.5 7 -23.3
v 3.5 7.1 -22.4
v 3.5 7.1 -22.5
v 3.5 7.2 -22.9
v 3.5 7.2 -23
v 3.5 7.3 -22.5
v 3.5 7.3 -22.6
v 3.5 7.3 -23.1
v 3.5 7.3 -23.2
v 3.5 7.4 -22.7
v 3.5 7.4 -22.9
v 3.5 7.5 -22.6
v 3.5 7.5 -22.7
v 3.5 7.5 -23
v 3.5 7.5 -23.1
v 3.5 7.9 -22.7
v 3.5 7.9 -23
v 0.7 4.2 -17.7
v 0.7 4.3 -17.7
v 0.8 0 -17.7
v 0.8 4.2 -17.7
v 0.8 4.3 -17.7
v 0.8 4.6 -17.7
v 0.9 4.2 -17.7
v 0.9 4.4 -17.7
v 0.9 4.6 -17.7
v 0.9 4.7 -17.7
v 1 4.7 -17.7
v 1 5 -17.7
v 1.1 0 -17.7
v 1.1 4.2 -17.7
v 1.1 4.4 -17.7
v 1.1 4.5 -17.7
v 1.1 4.8 -17.7
v 1.1 5 -17.7
v 1.1 5.3 -17.7
v 1.2 4.8 -17.7
v 1.2 4.9 -17.7
v 1.2 5.1 -17.7
v 1.2 5.3 -17.7
v 1.2 5.6 -17.7
v 1.3 5.1 -17.7
v 1.3 5.2 -17.7
v 1.3 5.3 -17.7
v 1.3 5.6 -17.7
v 1.3 5.7 -17.7
v 1.4 5.3 -17.7
v 1.4 5.5 -17.7
v 1.4 5.7 -17.7
v 1.4 6 -17.7
v 1.5 5.5 -17.7
v 1.5 5.6 -17.7
v 1.5 6 -17.7
v 1.5 6.2 -17.7
v 1.6 5.6 -17.7
v 1.6 5.7 -17.7
v 1.6 5.8 -17.7
v 1.6 6.2 -17.7
v 1.6 6.4 -17.7
v 1.7 5.8 -17.7
v 1.7 5.9 -17.7
v 1.7 6.4 -17.7
v 1.7 6.5 -17.7
v 1.8 5.9 -17.7
v 1.8 6 -17.7
v 1.8 6.1 -17.7
v 1.8 6.5 -17.7
v 1.8 6.7 -17.7
v 1.9 6.1 -17.7
v 1.9 6.6 -17.7
v 1.9 6.7 -17.7
v 1.9 7 -17.7
v 2 6.5 -17.7
v 2 6.6 -17.7
v 2.1 6.3 -17.7
v 2.1 6.5 -17.7
v 2.1 6.7 -17.7
v 2.1 7 -17.7
v 2.2 6.1 -17.7
v 2.2 6.3 -17.7
v 2.2 6.5 -17.7
v 2.2 6.7 -17.7
v 2.3 5.9 -17.7
v 2.3 6 -17.7
v 2.3 6.1 -17.7
v 2.3 6.3 -17.7
v 2.3 6.5 -17.7
v 2.4 5.7 -17.7
v 2.4 5.9 -17.7
v 2.4 6.2 -17.7
v 2.4 6.3 -17.7
v 2.5 5.4 -17.7
v 2.5 5.6 -17.7
v 2.5 5.7 -17.7
v 2.5 6 -17.7
v 2.5 6.2 -17.7
v 2.6 5.2 -17.7
v 2.6 5.3 -17.7
v 2.6 5.4 -17.7
v 2.6 5.7 -17.7
v 2.6 6 -17.7
v 2.7 4.9 -17.7
v 2.7 5.2 -17.7
v 2.7 5.6 -17.7
v 2.7 5.7 -17.7
v 2.8 4.7 -17.7
v 2.8 4.8 -17.7
v 2.8 4.9 -17.7
v 2.8 5.3 -17.7
v 2.8 5.6 -17.7
v 2.9 4.4 -17.7
v 2.9 4.5 -17.7
v 2.9 4.7 -17.7
v 2.9 4.9 -17.7
v 2.9 5.3 -17.7
v 3 0 -17.7
v 3 4.2 -17.7
v 3 4.3 -17.7
v 3 4.4 -17.7
v 3 4.7 -17.7
v 3 4.9 -17.7
v 3.1 4.2 -17.7
v 3.1 4.3 -17.7
v 3.1 4.6 -17.7
v 3.1 4.7 -17.7
v 3.2 4.3 -17.7
v 3.2 4.6 -17.7
v 3.3 0 -17.7
v 3.3 4.3 -17.7
v 1.1 1.5 -17.8
v 1.1 1.7 -17.8
v 1.1 2 -17.8
v 1.1 2.1 -17.8
v 1.1 2.4 -17.8
v 1.1 2.5 -17.8
v 1.1 2.8 -17.8
v 1.1 2.9 -17.8
v 1.1 3.2 -17.8
v 1.1 3.3 -17.8
v 1.1 3.6 -17.8
v 1.1 3.7 -17.8
v 1.1 4 -17.8
v 1.1 4.1 -17.8
v 1.1 4.2 -17.8
v 3 1.5 -17.8
v 3 1.7 -17.8
v 3 2 -17.8
v 3 2.1 -17.8
v 3 2.4 -17.8
v 3 2.5 -17.8
v 3 2.8 -17.8
v 3 2.9 -17.8
v 3 3.2 -17.8
v 3 3.3 -17.8
v 3 3.6 -17.8
v 3 3.7 -17.8
v 3 4 -17.8
v 3 4.1 -17.8
v 3 4.2 -17.8
v 0.8 0.4 -18.1
v 0.8 0.5 -18.1
v 0.9 0.4 -18.1
v 0.9 0.5 -18.1
v 0.6 2.2 -18.2
v 0.6 3.9 -18.2
v 0.8 2.2 -18.2
v 0.8 3.9 -18.2
v 0.8 0.9 -18.3
v 0.8 1 -18.3
v 0.9 0.9 -18.3
v 0.9 1 -18.3
v 0.8 0.5 -18.4
v 0.8 0.6 -18.4
v 0.9 0.5 -18.4
v 0.9 0.6 -18.4
v 0.8 0.8 -18.7
v 0.8 0.9 -18.7
v 0.9 0.8 -18.7
v 0.9 0.9 -18.7
v 0.8 0.6 -18.9
v 0.8 0.7 -18.9
v 0.9 0.6 -18.9
v 0.9 0.7 -18.9
v 0.8 0.7 -19.2
v 0.8 0.8 -19.2
v 0.9 0.7 -19.2
v 0.9 0.8 -19.2
v 0.6 2.5 -19.3
v 0.6 3.8 -19.3
v 0.7 2.5 -19.3
v 0.7 3.8 -19.3
v 0.8 0.6 -19.9
v 0.8 0.7 -19.9
v 0.9 0.6 -19.9
v 0.9 0.7 -19.9
v 0.6 2.2 -20
v 0.6 3.9 -20
v 0.8 0.8 -20
v 0.8 0.9 -20
v 0.8 2.2 -20
v 0.8 3.9 -20
v 0.9 0.8 -20
v 0.9 0.9 -20
v 0.8 0.5 -20.3
v 0.8 0.6 -20.3
v 0.9 0.5 -20.3
v 0.9 0.6 -20.3
v 0.8 0.9 -20.5
v 0.8 1 -20.5
v 0.9 0.9 -20.5
v 0.9 1 -20.5
v 0.8 0.4 -21
v 0.8 0.5 -21
v 0.9 0.4 -21
v 0.9 0.5 -21
v 0.6 2.5 -21.1
v 0.6 3.8 -21.1
v 0.7 2.5 -21.1
v 0.7 3.8 -21.1
v 0.8 1 -21.1
v 0.8 1.1 -21.1
v 0.9 1 -21.1
v 0.9 1.1 -21.1
v -2.3 4.2 -21.4
v -2.3 4.3 -21.4
v -1.8 4.2 -21.4
v -1.8 4.3 -21.4
v -1.4 4.2 -21.4
v -1.4 4.3 -21.4
v -1.2 4.2 -21.4
v -1.2 4.3 -21.4
v -1.1 4.2 -21.4
v -1.1 4.3 -21.4
v -0.9 4.2 -21.4
v -0.9 4.3 -21.4
v -0.8 4.2 -21.4
v -0.8 4.3 -21.4
v -0.6 4.2 -21.4
v -0.6 4.3 -21.4
v -0.5 4.2 -21.4
v -0.5 4.3 -21.4
v -0.3 4.2 -21.4
v -0.3 4.3 -21.4
v -0.2 4.2 -21.4
v -0.2 4.3 -21.4
v 0 4.2 -21.4
v 0 4.3 -21.4
v 0.1 4.2 -21.4
v 0.1 4.3 -21.4
v 0.2 4.2 -21.4
v 0.2 4.3 -21.4
v 0.3 4.2 -21.4
v 0.3 4.3 -21.4
v 0.4 4.2 -21.4
v 0.4 4.3 -21.4
v 0.5 4.2 -21.4
v 0.5 4.3 -21.4
v 0.6 4.2 -21.4
v 0.6 4.3 -21.4
v 0.7 0 -21.4
v 0.7 4.2 -21.4
v 0.7 4.3 -21.4
v 0.8 0.2 -21.4
v 0.8 0.4 -21.4
v 0.8 0.5 -21.4
v 0.8 1 -21.4
v 0.8 1.1 -21.4
v 0.8 1.3 -21.4
v 0.8 4.2 -21.4
v 0.9 0 -21.4
v 0.9 0.2 -21.4
v 0.9 0.5 -21.4
v 0.9 1 -21.4
v 0.9 1.3 -21.4
v 0.9 1.5 -21.4
v 0.9 1.7 -21.4
v 0.9 2 -21.4
v 0.9 2.1 -21.4
v 0.9 2.4 -21.4
v 0.9 2.5 -21.4
v 0.9 2.8 -21.4
v 0.9 2.9 -21.4
v 0.9 3.2 -21.4
v 0.9 3.3 -21.4
v 0.9 3.6 -21.4
v 0.9 3.7 -21.4
v 0.9 4 -21.4
v 0.9 4.1 -21.4
v 0.9 4.2 -21.4
v 3.3 4.2 -21.4
v 3.3 4.3 -21.4
v 3.4 4.2 -21.4
v 3.4 4.3 -21.4
v 3.5 4.2 -21.4
v 3.5 4.3 -21.4
v -2.3 4.3 -21.5
v -2.3 4.7 -21.5
v -2.1 0 -21.5
v -2.1 4.2 -21.5
v -1.8 0 -21.5
v -1.8 4.2 -21.5
v -1.8 4.3 -21.5
v -1.8 4.7 -21.5
v -1.7 4.3 -21.5
v -1.7 4.7 -21.5
v -1.6 4.3 -21.5
v -1.6 4.4 -21.5
v -1.5 4.3 -21.5
v -1.5 4.4 -21.5
v -1.4 4.3 -21.5
v -1.4 4.4 -21.5
v -1.4 4.5 -21.5
v -1.4 4.7 -21.5
v -1.3 4.3 -21.5
v -1.3 4.4 -21.5
v -1.3 4.5 -21.5
v -1.3 4.6 -21.5
v -1.3 4.7 -21.5
v -1.2 4.3 -21.5
v -1.2 4.4 -21.5
v -1.2 4.5 -21.5
v -1.2 4.6 -21.5
v -1.2 4.7 -21.5
v -1.1 4.3 -21.5
v -1.1 4.4 -21.5
v -1.1 4.5 -21.5
v -1.1 4.6 -21.5
v -1.1 4.7 -21.5
v -1 4.3 -21.5
v -1 4.4 -21.5
v -1 4.5 -21.5
v -1 4.6 -21.5
v -1 4.7 -21.5
v -0.9 4.3 -21.5
v -0.9 4.4 -21.5
v -0.9 4.5 -21.5
v -0.9 4.6 -21.5
v -0.9 4.7 -21.5
v -0.8 4.3 -21.5
v -0.8 4.4 -21.5
v -0.8 4.5 -21.5
v -0.8 4.6 -21.5
v -0.8 4.7 -21.5
v -0.7 4.3 -21.5
v -0.7 4.4 -21.5
v -0.7 4.5 -21.5
v -0.7 4.6 -21.5
v -0.7 4.7 -21.5
v -0.6 4.3 -21.5
v -0.6 4.4 -21.5
v -0.6 4.5 -21.5
v -0.6 4.6 -21.5
v -0.6 4.7 -21.5
v -0.5 4.3 -21.5
v -0.5 4.4 -21.5
v -0.5 4.5 -21.5
v -0.5 4.6 -21.5
v -0.4 4.3 -21.5
v -0.4 4.4 -21.5
v -0.4 4.5 -21.5
v -0.4 4.6 -21.5
v -0.4 4.7 -21.5
v -0.3 4.3 -21.5
v -0.3 4.4 -21.5
v -0.3 4.5 -21.5
v -0.3 4.6 -21.5
v -0.3 4.7 -21.5
v -0.2 4.3 -21.5
v -0.2 4.4 -21.5
v -0.2 4.5 -21.5
v -0.2 4.6 -21.5
v -0.2 4.7 -21.5
v -0.0999999 4.3 -21.5
v -0.0999999 4.4 -21.5
v -0.0999999 4.5 -21.5
v -0.0999999 4.6 -21.5
v -0.0999999 4.7 -21.5
v 0 4.3 -21.5
v 0 4.4 -21.5
v 0 4.5 -21.5
v 0 4.6 -21.5
v 0 4.7 -21.5
v 0.1 4.3 -21.5
v 0.1 4.4 -21.5
v 0.1 4.6 -21.5
v 0.1 4.7 -21.5
v 0.2 4.3 -21.5
v 0.2 4.5 -21.5
v 0.3 4.3 -21.5
v 0.3 4.5 -21.5
v 0.3 4.6 -21.5
v 0.4 4.3 -21.5
v 0.4 4.4 -21.5
v 0.4 4.5 -21.5
v 0.4 4.6 -21.5
v 0.5 4.3 -21.5
v 0.5 4.4 -21.5
v 0.5 4.6 -21.5
v 0.6 4.3 -21.5
v 0.6 4.5 -21.5
v 0.6 4.6 -21.5
v 0.7 4.3 -21.5
v 0.7 4.4 -21.5
v 0.7 4.5 -21.5
v 0.7 4.6 -21.5
v 0.8 4.3 -21.5
v 0.8 4.4 -21.5
v 0.8 4.5 -21.5
v 0.8 4.6 -21.5
v 0.9 4.6 -21.5
v 0.9 4.7 -21.5
v 3.1 4.6 -21.5
v 3.1 4.7 -21.5
v 3.2 4.3 -21.5
v 3.2 4.4 -21.5
v 3.2 4.6 -21.5
v 3.2 4.7 -21.5
v 3.3 4.3 -21.5
v 3.3 4.4 -21.5
v 3.3 4.5 -21.5
v 3.3 4.6 -21.5
v 3.3 4.7 -21.5
v 3.4 4.3 -21.5
v 3.4 4.4 -21.5
v 3.4 4.5 -21.5
v 3.4 4.6 -21.5
v 3.4 4.7 -21.5
v 3.5 4.3 -21.5
v 3.5 4.7 -21.5
v -2.3 4.7 -21.6
v -2.3 4.9 -21.6
v -1.8 1.5 -21.6
v -1.8 1.7 -21.6
v -1.8 2 -21.6
v -1.8 2.1 -21.6
v -1.8 2.4 -21.6
v -1.8 2.5 -21.6
v -1.8 2.8 -21.6
v -1.8 2.9 -21.6
v -1.8 3.2 -21.6
v -1.8 3.3 -21.6
v -1.8 3.6 -21.6
v -1.8 3.7 -21.6
v -1.8 4 -21.6
v -1.8 4.1 -21.6
v -1.8 4.2 -21.6
v -1.8 4.7 -21.6
v -1.8 4.9 -21.6
v -1.7 4.2 -21.6
v -1.7 4.7 -21.6
v -1.7 4.9 -21.6
v -1.6 4.2 -21.6
v -1.6 4.8 -21.6
v -1.6 4.9 -21.6
v -1.5 4.2 -21.6
v -1.5 4.7 -21.6
v -1.5 4.8 -21.6
v -1.4 4.2 -21.6
v -1.4 4.7 -21.6
v -1.4 4.8 -21.6
v -1.4 4.9 -21.6
v -1.3 4.2 -21.6
v -1.3 4.7 -21.6
v -1.3 4.8 -21.6
v -1.3 4.9 -21.6
v -1.2 4.2 -21.6
v -1.2 4.7 -21.6
v -1.2 4.8 -21.6
v -1.2 4.9 -21.6
v -1.1 4.2 -21.6
v -1.1 4.7 -21.6
v -1 4.2 -21.6
v -1 4.7 -21.6
v -1 4.8 -21.6
v -0.9 4.7 -21.6
v -0.9 4.8 -21.6
v -0.9 4.9 -21.6
v -0.8 4.2 -21.6
v -0.8 4.7 -21.6
v -0.7 4.7 -21.6
v -0.7 4.8 -21.6
v -0.7 4.9 -21.6
v -0.6 4.2 -21.6
v -0.6 4.7 -21.6
v -0.6 4.8 -21.6
v -0.6 4.9 -21.6
v -0.5 4.7 -21.6
v -0.5 4.9 -21.6
v -0.4 4.7 -21.6
v -0.4 4.8 -21.6
v -0.4 4.9 -21.6
v -0.3 4.7 -21.6
v -0.3 4.8 -21.6
v -0.3 4.9 -21.6
v -0.2 4.2 -21.6
v -0.2 4.7 -21.6
v -0.2 4.8 -21.6
v -0.2 4.9 -21.6
v -0.0999999 4.7 -21.6
v -0.0999999 4.8 -21.6
v -0.0999999 4.9 -21.6
v 0 4.2 -21.6
v 0 4.7 -21.6
v 0 4.9 -21.6
v 0.1 4.7 -21.6
v 0.2 4.2 -21.6
v 0.2 4.7 -21.6
v 0.2 4.8 -21.6
v 0.2 4.9 -21.6
v 0.3 4.7 -21.6
v 0.3 4.8 -21.6
v 0.4 4.2 -21.6
v 0.4 4.7 -21.6
v 0.4 4.8 -21.6
v 0.4 4.9 -21.6
v 0.5 4.2 -21.6
v 0.5 4.7 -21.6
v 0.5 4.8 -21.6
v 0.5 4.9 -21.6
v 0.6 4.2 -21.6
v 0.6 4.7 -21.6
v 0.6 4.8 -21.6
v 0.7 1.5 -21.6
v 0.7 1.7 -21.6
v 0.7 2 -21.6
v 0.7 2.1 -21.6
v 0.7 2.4 -21.6
v 0.7 2.5 -21.6
v 0.7 2.8 -21.6
v 0.7 2.9 -21.6
v 0.7 3.2 -21.6
v 0.7 3.3 -21.6
v 0.7 3.6 -21.6
v 0.7 3.7 -21.6
v 0.7 4 -21.6
v 0.7 4.1 -21.6
v 0.7 4.2 -21.6
v 0.7 4.7 -21.6
v 0.7 4.8 -21.6
v 0.7 4.9 -21.6
v 0.8 4.7 -21.6
v 0.8 4.8 -21.6
v 0.9 4.7 -21.6
v 0.9 4.9 -21.6
v 1 4.7 -21.6
v 1 4.8 -21.6
v 1 4.9 -21.6
v 3 4.7 -21.6
v 3 4.8 -21.6
v 3 4.9 -21.6
v 3.1 4.7 -21.6
v 3.1 4.8 -21.6
v 3.1 4.9 -21.6
v 3.2 4.7 -21.6
v 3.2 4.8 -21.6
v 3.3 4.7 -21.6
v 3.3 4.8 -21.6
v 3.4 4.7 -21.6
v 3.4 4.8 -21.6
v 3.4 4.9 -21.6
v 3.5 4.7 -21.6
v 3.5 4.9 -21.6
v -2.3 4.9 -21.7
v -2.3 5.2 -21.7
v -1.8 4.9 -21.7
v -1.8 5.2 -21.7
v -1.7 4.9 -21.7
v -1.7 5 -21.7
v -1.6 4.9 -21.7
v -1.5 4.9 -21.7
v -1.5 5 -21.7
v -1.4 4.9 -21.7
v -1.4 5 -21.7
v -1.3 4.9 -21.7
v -1.2 4.9 -21.7
v -1.2 5 -21.7
v -1.1 5.1 -21.7
v -1.1 5.2 -21.7
v -1 4.9 -21.7
v -1 5.1 -21.7
v -1 5.2 -21.7
v -0.9 4.9 -21.7
v -0.9 5.1 -21.7
v -0.9 5.2 -21.7
v -0.8 5 -21.7
v -0.8 5.1 -21.7
v -0.8 5.2 -21.7
v -0.7 4.9 -21.7
v -0.7 5.1 -21.7
v -0.7 5.2 -21.7
v -0.6 4.9 -21.7
v -0.6 5 -21.7
v -0.6 5.1 -21.7
v -0.6 5.2 -21.7
v -0.5 4.9 -21.7
v -0.5 5.1 -21.7
v -0.4 4.9 -21.7
v -0.4 5 -21.7
v -0.4 5.1 -21.7
v -0.3 4.9 -21.7
v -0.3 5 -21.7
v -0.3 5.1 -21.7
v -0.2 4.9 -21.7
v -0.2 5 -21.7
v -0.2 5.1 -21.7
v -0.0999999 4.9 -21.7
v -0.0999999 5.1 -21.7
v 0 4.9 -21.7
v 0 5.1 -21.7
v 0.1 4.9 -21.7
v 0.1 5.1 -21.7
v 0.2 4.9 -21.7
v 0.2 5 -21.7
v 0.2 5.2 -21.7
v 0.3 4.9 -21.7
v 0.3 5 -21.7
v 0.3 5.1 -21.7
v 0.3 5.2 -21.7
v 0.4 4.9 -21.7
v 0.4 5 -21.7
v 0.4 5.1 -21.7
v 0.4 5.2 -21.7
v 0.5 4.9 -21.7
v 0.5 5 -21.7
v 0.5 5.1 -21.7
v 0.5 5.2 -21.7
v 0.6 5 -21.7
v 0.6 5.1 -21.7
v 0.6 5.2 -21.7
v 0.7 4.9 -21.7
v 0.7 5.1 -21.7
v 0.7 5.2 -21.7
v 0.8 5.1 -21.7
v 0.8 5.2 -21.7
v 0.9 4.9 -21.7
v 0.9 5.2 -21.7
v 1 4.9 -21.7
v 1 5 -21.7
v 1 5.1 -21.7
v 1.1 5 -21.7
v 1.1 5.1 -21.7
v 1.1 5.2 -21.7
v 2.9 4.9 -21.7
v 2.9 5 -21.7
v 2.9 5.1 -21.7
v 2.9 5.2 -21.7
v 3 4.9 -21.7
v 3 5 -21.7
v 3 5.1 -21.7
v 3 5.2 -21.7
v 3.1 4.9 -21.7
v 3.1 5 -21.7
v 3.1 5.1 -21.7
v 3.1 5.2 -21.7
v 3.2 4.9 -21.7
v 3.2 5 -21.7
v 3.2 5.1 -21.7
v 3.2 5.2 -21.7
v 3.4 4.9 -21.7
v 3.4 5 -21.7
v 3.4 5.1 -21.7
v 3.4 5.2 -21.7
v 3.5 4.9 -21.7
v 3.5 5.2 -21.7
v -2.3 5.2 -21.8
v -2.3 5.4 -21.8
v -1.8 5.2 -21.8
v -1.8 5.4 -21.8
v -1.7 5.2 -21.8
v -1.7 5.3 -21.8
v -1.6 5.2 -21.8
v -1.6 5.3 -21.8
v -1.6 5.4 -21.8
v -1.4 5.2 -21.8
v -1.4 5.3 -21.8
v -1.2 5.2 -21.8
v -1.2 5.3 -21.8
v -1.2 5.4 -21.8
v -1.1 5.2 -21.8
v -1.1 5.4 -21.8
v -1 5.2 -21.8
v -1 5.3 -21.8
v -1 5.4 -21.8
v -0.9 5.2 -21.8
v -0.9 5.3 -21.8
v -0.9 5.4 -21.8
v -0.8 5.2 -21.8
v -0.8 5.3 -21.8
v -0.8 5.4 -21.8
v -0.7 5.2 -21.8
v -0.7 5.4 -21.8
v -0.6 5.2 -21.8
v -0.6 5.4 -21.8
v -0.5 5.2 -21.8
v -0.5 5.3 -21.8
v -0.5 5.4 -21.8
v -0.4 5.2 -21.8
v -0.4 5.3 -21.8
v -0.4 5.4 -21.8
v -0.2 5.3 -21.8
v -0.2 5.4 -21.8
v -0.0999999 5.2 -21.8
v -0.0999999 5.3 -21.8
v 0 5.2 -21.8
v 0 5.3 -21.8
v 0.1 5.2 -21.8
v 0.1 5.4 -21.8
v 0.2 5.2 -21.8
v 0.2 5.3 -21.8
v 0.2 5.4 -21.8
v 0.3 5.2 -21.8
v 0.3 5.3 -21.8
v 0.3 5.4 -21.8
v 0.4 5.2 -21.8
v 0.4 5.3 -21.8
v 0.4 5.4 -21.8
v 0.5 5.2 -21.8
v 0.5 5.3 -21.8
v 0.5 5.4 -21.8
v 0.6 5.2 -21.8
v 0.6 5.3 -21.8
v 0.6 5.4 -21.8
v 0.7 5.2 -21.8
v 0.7 5.3 -21.8
v 0.7 5.4 -21.8
v 0.8 5.2 -21.8
v 0.8 5.3 -21.8
v 0.9 5.2 -21.8
v 0.9 5.3 -21.8
v 1 5.2 -21.8
v 1 5.3 -21.8
v 1 5.4 -21.8
v 1.1 5.2 -21.8
v 1.1 5.3 -21.8
v 1.1 5.4 -21.8
v 1.2 5.3 -21.8
v 1.2 5.4 -21.8
v 2.8 5.3 -21.8
v 2.8 5.4 -21.8
v 2.9 5.2 -21.8
v 2.9 5.3 -21.8
v 3 5.2 -21.8
v 3 5.3 -21.8
v 3 5.4 -21.8
v 3.1 5.2 -21.8
v 3.1 5.3 -21.8
v 3.1 5.4 -21.8
v 3.2 5.2 -21.8
v 3.2 5.3 -21.8
v 3.4 5.2 -21.8
v 3.4 5.3 -21.8
v 3.4 5.4 -21.8
v 3.5 5.2 -21.8
v 3.5 5.4 -21.8
v -2.3 5.4 -21.9
v -2.3 5.6 -21.9
v -1.8 5.4 -21.9
v -1.8 5.6 -21.9
v -1.6 5.4 -21.9
v -1.6 5.5 -21.9
v -1.4 5.4 -21.9
v -1.4 5.5 -21.9
v -1.3 5.4 -21.9
v -1.3 5.6 -21.9
v -1.2 5.4 -21.9
v -1.2 5.6 -21.9
v -1.1 5.4 -21.9
v -1.1 5.5 -21.9
v -1.1 5.6 -21.9
v -1 5.4 -21.9
v -0.9 5.4 -21.9
v -0.9 5.5 -21.9
v -0.9 5.6 -21.9
v -0.8 5.4 -21.9
v -0.8 5.5 -21.9
v -0.7 5.4 -21.9
v -0.7 5.5 -21.9
v -0.7 5.6 -21.9
v -0.6 5.4 -21.9
v -0.5 5.4 -21.9
v -0.5 5.5 -21.9
v -0.4 5.4 -21.9
v -0.4 5.5 -21.9
v -0.3 5.4 -21.9
v -0.3 5.6 -21.9
v -0.2 5.4 -21.9
v -0.2 5.5 -21.9
v -0.2 5.6 -21.9
v -0.0999999 5.4 -21.9
v -0.0999999 5.5 -21.9
v -0.0999999 5.6 -21.9
v 0 5.4 -21.9
v 0 5.5 -21.9
v 0.1 5.4 -21.9
v 0.1 5.6 -21.9
v 0.2 5.4 -21.9
v 0.2 5.6 -21.9
v 0.3 5.4 -21.9
v 0.3 5.6 -21.9
v 0.4 5.4 -21.9
v 0.4 5.5 -21.9
v 0.4 5.6 -21.9
v 0.5 5.4 -21.9
v 0.5 5.5 -21.9
v 0.6 5.4 -21.9
v 0.6 5.5 -21.9
v 0.6 5.6 -21.9
v 0.7 5.4 -21.9
v 0.8 5.5 -21.9
v 0.8 5.6 -21.9
v 0.9 5.4 -21.9
v 0.9 5.6 -21.9
v 1 5.4 -21.9
v 1.1 5.4 -21.9
v 1.1 5.5 -21.9
v 1.2 5.4 -21.9
v 1.2 5.5 -21.9
v 1.2 5.6 -21.9
v 2.8 5.4 -21.9
v 2.8 5.5 -21.9
v 2.8 5.6 -21.9
v 2.9 5.4 -21.9
v 2.9 5.5 -21.9
v 2.9 5.6 -21.9
v 3 5.4 -21.9
v 3 5.5 -21.9
v 3 5.6 -21.9
v 3.1 5.4 -21.9
v 3.1 5.5 -21.9
v 3.3 5.4 -21.9
v 3.3 5.5 -21.9
v 3.3 5.6 -21.9
v 3.4 5.4 -21.9
v 3.4 5.5 -21.9
v 3.4 5.6 -21.9
v 3.5 5.4 -21.9
v 3.5 5.6 -21.9
v -2.3 5.6 -22
v -2.3 6 -22
v -1.8 5.6 -22
v -1.8 6 -22
v -1.7 5.6 -22
v -1.7 5.7 -22
v -1.7 5.9 -22
v -1.7 6 -22
v -1.6 5.7 -22
v -1.6 5.9 -22
v -1.6 6 -22
v -1.5 5.7 -22
v -1.5 5.9 -22
v -1.5 6 -22
v -1.4 5.6 -22
v -1.4 5.7 -22
v -1.4 5.9 -22
v -1.4 6 -22
v -1.3 5.6 -22
v -1.3 5.8 -22
v -1.3 5.9 -22
v -1.2 5.6 -22
v -1.2 5.8 -22
v -1.1 5.6 -22
v -1.1 5.7 -22
v -1.1 5.8 -22
v -1.1 5.9 -22
v -1.1 6 -22
v -1 5.7 -22
v -1 5.8 -22
v -1 5.9 -22
v -1 6 -22
v -0.9 5.6 -22
v -0.9 5.8 -22
v -0.9 5.9 -22
v -0.9 6 -22
v -0.8 5.6 -22
v -0.8 5.8 -22
v -0.7 5.6 -22
v -0.7 5.7 -22
v -0.7 5.8 -22
v -0.7 5.9 -22
v -0.7 6 -22
v -0.6 5.7 -22
v -0.6 5.8 -22
v -0.5 5.6 -22
v -0.5 5.7 -22
v -0.5 5.8 -22
v -0.5 5.9 -22
v -0.4 5.6 -22
v -0.4 5.7 -22
v -0.4 5.8 -22
v -0.4 5.9 -22
v -0.4 6 -22
v -0.3 5.6 -22
v -0.3 5.7 -22
v -0.3 5.8 -22
v -0.3 5.9 -22
v -0.3 6 -22
v -0.2 5.6 -22
v -0.2 5.7 -22
v -0.2 5.8 -22
v -0.2 5.9 -22
v -0.2 6 -22
v -0.0999999 5.6 -22
v -0.0999999 5.7 -22
v -0.0999999 5.8 -22
v -0.0999999 6 -22
v 0 5.6 -22
v 0 5.7 -22
v 0 5.8 -22
v 0.1 5.6 -22
v 0.1 5.7 -22
v 0.1 6 -22
v 0.2 5.6 -22
v 0.2 5.7 -22
v 0.3 5.6 -22
v 0.3 5.7 -22
v 0.3 5.8 -22
v 0.3 5.9 -22
v 0.4 5.6 -22
v 0.4 5.7 -22
v 0.4 5.8 -22
v 0.4 5.9 -22
v 0.4 6 -22
v 0.5 5.6 -22
v 0.5 5.7 -22
v 0.6 5.6 -22
v 0.6 5.7 -22
v 0.6 5.8 -22
v 0.6 6 -22
v 0.7 5.6 -22
v 0.7 5.7 -22
v 0.7 5.8 -22
v 0.7 6 -22
v 0.8 5.6 -22
v 0.8 5.8 -22
v 0.9 5.6 -22
v 0.9 5.7 -22
v 0.9 6 -22
v 1 5.7 -22
v 1 5.8 -22
v 1 6 -22
v 1.1 5.8 -22
v 1.1 5.9 -22
v 1.2 5.6 -22
v 1.2 5.7 -22
v 1.2 5.8 -22
v 1.2 5.9 -22
v 1.3 5.6 -22
v 1.3 5.7 -22
v 1.4 5.7 -22
v 1.4 5.8 -22
v 1.4 6 -22
v 2.6 5.7 -22
v 2.6 5.8 -22
v 2.6 6 -22
v 2.7 5.6 -22
v 2.7 5.7 -22
v 2.7 5.8 -22
v 2.7 6 -22
v 2.8 5.6 -22
v 2.8 5.7 -22
v 2.8 5.8 -22
v 2.8 6 -22
v 2.9 5.6 -22
v 2.9 5.7 -22
v 2.9 5.8 -22
v 2.9 5.9 -22
v 3 5.6 -22
v 3 5.7 -22
v 3 5.8 -22
v 3 5.9 -22
v 3 6 -22
v 3.1 5.6 -22
v 3.1 5.7 -22
v 3.1 5.8 -22
v 3.1 5.9 -22
v 3.2 5.6 -22
v 3.2 5.7 -22
v 3.3 5.6 -22
v 3.3 5.8 -22
v 3.3 5.9 -22
v 3.3 6 -22
v 3.4 5.6 -22
v 3.4 5.9 -22
v 3.4 6 -22
v 3.5 5.6 -22
v 3.5 6 -22
v -2.3 6 -22.1
v -2.3 6.2 -22.1
v -1.8 6 -22.1
v -1.8 6.2 -22.1
v -1.7 6 -22.1
v -1.7 6.2 -22.1
v -1.6 6 -22.1
v -1.6 6.2 -22.1
v -1.5 6 -22.1
v -1.4 6 -22.1
v -1.4 6.2 -22.1
v -1.3 6 -22.1
v -1.3 6.1 -22.1
v -1.3 6.2 -22.1
v -1.2 6.1 -22.1
v -1.2 6.2 -22.1
v -1.1 6 -22.1
v -1 6 -22.1
v -0.9 6 -22.1
v -0.7 6 -22.1
v -0.5 6 -22.1
v -0.5 6.1 -22.1
v -0.4 6 -22.1
v -0.4 6.1 -22.1
v -0.3 6 -22.1
v -0.3 6.1 -22.1
v -0.3 6.2 -22.1
v -0.2 6 -22.1
v -0.2 6.1 -22.1
v -0.2 6.2 -22.1
v -0.0999999 6 -22.1
v -0.0999999 6.1 -22.1
v -0.0999999 6.2 -22.1
v 0 6.1 -22.1
v 0 6.2 -22.1
v 0.1 6 -22.1
v 0.1 6.1 -22.1
v 0.1 6.2 -22.1
v 0.2 6 -22.1
v 0.2 6.2 -22.1
v 0.3 6 -22.1
v 0.3 6.1 -22.1
v 0.3 6.2 -22.1
v 0.4 6 -22.1
v 0.4 6.1 -22.1
v 0.4 6.2 -22.1
v 0.6 6 -22.1
v 0.7 6 -22.1
v 0.7 6.1 -22.1
v 0.7 6.2 -22.1
v 0.9 6 -22.1
v 0.9 6.1 -22.1
v 1 6 -22.1
v 1 6.1 -22.1
v 1 6.2 -22.1
v 1.1 6 -22.1
v 1.1 6.1 -22.1
v 1.1 6.2 -22.1
v 1.2 6 -22.1
v 1.2 6.1 -22.1
v 1.2 6.2 -22.1
v 1.3 6.1 -22.1
v 1.3 6.2 -22.1
v 1.4 6 -22.1
v 1.4 6.1 -22.1
v 1.4 6.2 -22.1
v 1.5 6 -22.1
v 1.5 6.1 -22.1
v 1.5 6.2 -22.1
v 2.5 6 -22.1
v 2.5 6.1 -22.1
v 2.5 6.2 -22.1
v 2.6 6 -22.1
v 2.6 6.1 -22.1
v 2.7 6 -22.1
v 2.7 6.2 -22.1
v 2.8 6 -22.1
v 2.8 6.2 -22.1
v 2.9 6 -22.1
v 2.9 6.1 -22.1
v 2.9 6.2 -22.1
v 3 6 -22.1
v 3 6.1 -22.1
v 3.1 6 -22.1
v 3.1 6.2 -22.1
v 3.2 6 -22.1
v 3.2 6.1 -22.1
v 3.3 6 -22.1
v 3.3 6.1 -22.1
v 3.3 6.2 -22.1
v 3.4 6 -22.1
v 3.4 6.1 -22.1
v 3.4 6.2 -22.1
v 3.5 6 -22.1
v 3.5 6.2 -22.1
v -2.3 6.2 -22.2
v -2.3 6.6 -22.2
v -1.8 6.2 -22.2
v -1.8 6.6 -22.2
v -1.7 6.2 -22.2
v -1.7 6.3 -22.2
v -1.7 6.6 -22.2
v -1.6 6.2 -22.2
v -1.6 6.3 -22.2
v -1.6 6.4 -22.2
v -1.5 6.2 -22.2
v -1.5 6.3 -22.2
v -1.5 6.4 -22.2
v -1.5 6.5 -22.2
v -1.5 6.6 -22.2
v -1.4 6.2 -22.2
v -1.4 6.3 -22.2
v -1.4 6.4 -22.2
v -1.4 6.5 -22.2
v -1.4 6.6 -22.2
v -1.3 6.2 -22.2
v -1.3 6.3 -22.2
v -1.3 6.4 -22.2
v -1.3 6.5 -22.2
v -1.2 6.2 -22.2
v -1.2 6.3 -22.2
v -1.2 6.4 -22.2
v -1.2 6.6 -22.2
v -1.1 6.2 -22.2
v -1.1 6.4 -22.2
v -1.1 6.5 -22.2
v -1.1 6.6 -22.2
v -1 6.2 -22.2
v -1 6.4 -22.2
v -1 6.5 -22.2
v -0.9 6.3 -22.2
v -0.9 6.4 -22.2
v -0.9 6.5 -22.2
v -0.9 6.6 -22.2
v -0.8 6.3 -22.2
v -0.8 6.4 -22.2
v -0.8 6.5 -22.2
v -0.7 6.2 -22.2
v -0.7 6.3 -22.2
v -0.7 6.4 -22.2
v -0.7 6.5 -22.2
v -0.6 6.3 -22.2
v -0.6 6.4 -22.2
v -0.6 6.5 -22.2
v -0.6 6.6 -22.2
v -0.5 6.2 -22.2
v -0.5 6.3 -22.2
v -0.5 6.4 -22.2
v -0.5 6.5 -22.2
v -0.4 6.2 -22.2
v -0.4 6.3 -22.2
v -0.3 6.2 -22.2
v -0.3 6.3 -22.2
v -0.3 6.4 -22.2
v -0.3 6.5 -22.2
v -0.2 6.2 -22.2
v -0.2 6.3 -22.2
v -0.2 6.4 -22.2
v -0.2 6.5 -22.2
v -0.2 6.6 -22.2
v -0.0999999 6.2 -22.2
v -0.0999999 6.3 -22.2
v -0.0999999 6.4 -22.2
v -0.0999999 6.5 -22.2
v -0.0999999 6.6 -22.2
v 0 6.2 -22.2
v 0 6.3 -22.2
v 0 6.5 -22.2
v 0 6.6 -22.2
v 0.1 6.2 -22.2
v 0.1 6.3 -22.2
v 0.1 6.4 -22.2
v 0.1 6.6 -22.2
v 0.2 6.2 -22.2
v 0.2 6.4 -22.2
v 0.2 6.5 -22.2
v 0.2 6.6 -22.2
v 0.3 6.2 -22.2
v 0.3 6.3 -22.2
v 0.3 6.4 -22.2
v 0.3 6.5 -22.2
v 0.3 6.6 -22.2
v 0.4 6.2 -22.2
v 0.4 6.3 -22.2
v 0.4 6.4 -22.2
v 0.4 6.6 -22.2
v 0.5 6.2 -22.2
v 0.5 6.3 -22.2
v 0.5 6.4 -22.2
v 0.5 6.5 -22.2
v 0.6 6.2 -22.2
v 0.6 6.3 -22.2
v 0.6 6.4 -22.2
v 0.6 6.5 -22.2
v 0.7 6.2 -22.2
v 0.7 6.3 -22.2
v 0.7 6.4 -22.2
v 0.8 6.2 -22.2
v 0.8 6.3 -22.2
v 0.8 6.5 -22.2
v 0.8 6.6 -22.2
v 0.9 6.4 -22.2
v 0.9 6.5 -22.2
v 1 6.2 -22.2
v 1 6.4 -22.2
v 1 6.5 -22.2
v 1 6.6 -22.2
v 1.1 6.2 -22.2
v 1.1 6.3 -22.2
v 1.1 6.4 -22.2
v 1.1 6.5 -22.2
v 1.2 6.2 -22.2
v 1.2 6.3 -22.2
v 1.2 6.4 -22.2
v 1.2 6.5 -22.2
v 1.3 6.2 -22.2
v 1.3 6.3 -22.2
v 1.3 6.4 -22.2
v 1.3 6.5 -22.2
v 1.4 6.2 -22.2
v 1.4 6.3 -22.2
v 1.4 6.5 -22.2
v 1.5 6.2 -22.2
v 1.5 6.6 -22.2
v 1.6 6.2 -22.2
v 1.6 6.3 -22.2
v 1.6 6.4 -22.2
v 1.6 6.5 -22.2
v 1.6 6.6 -22.2
v 1.7 6.4 -22.2
v 1.7 6.5 -22.2
v 1.7 6.6 -22.2
v 1.8 6.5 -22.2
v 1.8 6.6 -22.2
v 2.2 6.5 -22.2
v 2.2 6.6 -22.2
v 2.3 6.3 -22.2
v 2.3 6.4 -22.2
v 2.3 6.5 -22.2
v 2.3 6.6 -22.2
v 2.4 6.2 -22.2
v 2.4 6.3 -22.2
v 2.5 6.2 -22.2
v 2.5 6.3 -22.2
v 2.5 6.4 -22.2
v 2.5 6.5 -22.2
v 2.5 6.6 -22.2
v 2.6 6.2 -22.2
v 2.6 6.3 -22.2
v 2.6 6.4 -22.2
v 2.6 6.5 -22.2
v 2.6 6.6 -22.2
v 2.7 6.2 -22.2
v 2.7 6.4 -22.2
v 2.7 6.5 -22.2
v 2.7 6.6 -22.2
v 2.8 6.2 -22.2
v 2.8 6.3 -22.2
v 2.8 6.6 -22.2
v 2.9 6.2 -22.2
v 2.9 6.3 -22.2
v 2.9 6.4 -22.2
v 2.9 6.5 -22.2
v 3 6.3 -22.2
v 3 6.4 -22.2
v 3 6.5 -22.2
v 3 6.6 -22.2
v 3.1 6.2 -22.2
v 3.1 6.4 -22.2
v 3.1 6.5 -22.2
v 3.2 6.3 -22.2
v 3.2 6.4 -22.2
v 3.2 6.5 -22.2
v 3.2 6.6 -22.2
v 3.3 6.2 -22.2
v 3.3 6.3 -22.2
v 3.3 6.4 -22.2
v 3.3 6.5 -22.2
v 3.3 6.6 -22.2
v 3.4 6.2 -22.2
v 3.4 6.3 -22.2
v 3.4 6.6 -22.2
v 3.5 6.2 -22.2
v 3.5 6.6 -22.2
v -2.3 1.7 -22.3
v -2.3 3.9 -22.3
v -2.3 6.6 -22.3
v -2.3 6.8 -22.3
v -2.1 1.7 -22.3
v -2.1 3.9 -22.3
v -1.8 6.6 -22.3
v -1.8 6.8 -22.3
v -1.7 6.6 -22.3
v -1.7 6.7 -22.3
v -1.6 6.7 -22.3
v -1.6 6.8 -22.3
v -1.5 6.6 -22.3
v -1.5 6.7 -22.3
v -1.5 6.8 -22.3
v -1.4 6.6 -22.3
v -1.4 6.7 -22.3
v -1.4 6.8 -22.3
v -1.3 6.6 -22.3
v -1.3 6.7 -22.3
v -1.3 6.8 -22.3
v -1.2 6.6 -22.3
v -1.1 6.6 -22.3
v -1.1 6.7 -22.3
v -1 6.6 -22.3
v -1 6.7 -22.3
v -1 6.8 -22.3
v -0.9 6.6 -22.3
v -0.9 6.7 -22.3
v -0.9 6.8 -22.3
v -0.8 6.6 -22.3
v -0.8 6.7 -22.3
v -0.7 6.7 -22.3
v -0.7 6.8 -22.3
v -0.6 6.6 -22.3
v -0.6 6.7 -22.3
v -0.5 6.7 -22.3
v -0.5 6.8 -22.3
v -0.3 6.6 -22.3
v -0.3 6.7 -22.3
v -0.2 6.6 -22.3
v -0.2 6.7 -22.3
v -0.2 6.8 -22.3
v -0.0999999 6.6 -22.3
v -0.0999999 6.7 -22.3
v -0.0999999 6.8 -22.3
v 0 6.6 -22.3
v 0 6.7 -22.3
v 0 6.8 -22.3
v 0.1 6.6 -22.3
v 0.1 6.7 -22.3
v 0.2 6.6 -22.3
v 0.3 6.6 -22.3
v 0.3 6.7 -22.3
v 0.3 6.8 -22.3
v 0.4 6.6 -22.3
v 0.4 6.7 -22.3
v 0.4 6.8 -22.3
v 0.5 6.7 -22.3
v 0.5 6.8 -22.3
v 0.6 6.7 -22.3
v 0.6 6.8 -22.3
v 0.8 6.6 -22.3
v 0.8 6.7 -22.3
v 0.8 6.8 -22.3
v 0.9 6.7 -22.3
v 0.9 6.8 -22.3
v 1 6.6 -22.3
v 1 6.7 -22.3
v 1 6.8 -22.3
v 1.1 6.6 -22.3
v 1.1 6.7 -22.3
v 1.1 6.8 -22.3
v 1.2 6.6 -22.3
v 1.2 6.7 -22.3
v 1.2 6.8 -22.3
v 1.3 6.7 -22.3
v 1.3 6.8 -22.3
v 1.4 6.6 -22.3
v 1.4 6.7 -22.3
v 1.4 6.8 -22.3
v 1.5 6.6 -22.3
v 1.5 6.7 -22.3
v 1.5 6.8 -22.3
v 1.6 6.6 -22.3
v 1.7 6.6 -22.3
v 1.7 6.7 -22.3
v 1.8 6.6 -22.3
v 1.8 6.7 -22.3
v 1.8 6.8 -22.3
v 1.9 6.7 -22.3
v 1.9 6.8 -22.3
v 2.1 6.7 -22.3
v 2.1 6.8 -22.3
v 2.2 6.6 -22.3
v 2.2 6.7 -22.3
v 2.2 6.8 -22.3
v 2.3 6.6 -22.3
v 2.3 6.7 -22.3
v 2.3 6.8 -22.3
v 2.4 6.6 -22.3
v 2.4 6.7 -22.3
v 2.4 6.8 -22.3
v 2.5 6.6 -22.3
v 2.6 6.6 -22.3
v 2.6 6.7 -22.3
v 2.7 6.6 -22.3
v 2.7 6.7 -22.3
v 2.8 6.6 -22.3
v 2.8 6.7 -22.3
v 2.8 6.8 -22.3
v 2.9 6.6 -22.3
v 2.9 6.7 -22.3
v 2.9 6.8 -22.3
v 3 6.6 -22.3
v 3 6.7 -22.3
v 3 6.8 -22.3
v 3.1 6.7 -22.3
v 3.1 6.8 -22.3
v 3.2 6.6 -22.3
v 3.2 6.7 -22.3
v 3.3 6.6 -22.3
v 3.4 6.6 -22.3
v 3.4 6.8 -22.3
v 3.5 6.6 -22.3
v 3.5 6.8 -22.3
v -4 0 -22.4
v -4 0.1 -22.4
v -3.8 0 -22.4
v -3.8 0.1 -22.4
v -3.8 0.3 -22.4
v -3.7 0.1 -22.4
v -3.7 0.2 -22.4
v -3.6 0.2 -22.4
v -3.6 0.3 -22.4
v -3.6 0.5 -22.4
v -3.5 0.3 -22.4
v -3.5 0.4 -22.4
v -3.4 0.4 -22.4
v -3.4 0.5 -22.4
v -3.4 0.7 -22.4
v -3.3 0.5 -22.4
v -3.3 0.6 -22.4
v -3.2 0.6 -22.4
v -3.2 0.7 -22.4
v -3.2 0.9 -22.4
v -3.1 0.7 -22.4
v -3.1 0.8 -22.4
v -3 0.8 -22.4
v -3 0.9 -22.4
v -3 1.1 -22.4
v -2.9 0.9 -22.4
v -2.9 1 -22.4
v -2.8 1 -22.4
v -2.8 1.1 -22.4
v -2.8 1.3 -22.4
v -2.7 1.1 -22.4
v -2.7 1.2 -22.4
v -2.6 1.2 -22.4
v -2.6 1.3 -22.4
v -2.6 1.5 -22.4
v -2.5 1.3 -22.4
v -2.5 1.4 -22.4
v -2.4 1.4 -22.4
v -2.4 1.5 -22.4
v -2.4 1.7 -22.4
v -2.3 1.7 -22.4
v -2.3 6.8 -22.4
v -2.3 7.1 -22.4
v -2.2 1.5 -22.4
v -2.2 1.7 -22.4
v -2.2 5 -22.4
v -2.2 5.4 -22.4
v -2 5 -22.4
v -2 5.2 -22.4
v -2 5.3 -22.4
v -2 5.4 -22.4
v -1.8 6.8 -22.4
v -1.8 7.1 -22.4
v -1.7 6.8 -22.4
v -1.7 7 -22.4
v -1.6 6.8 -22.4
v -1.5 6.8 -22.4
v -1.5 7 -22.4
v -1.4 6.8 -22.4
v -1.4 7 -22.4
v -1.3 6.8 -22.4
v -1.3 7 -22.4
v -1.2 6.8 -22.4
v -1.2 7 -22.4
v -1.1 6.9 -22.4
v -1.1 7 -22.4
v -1.1 7.1 -22.4
v -1 6.8 -22.4
v -1 6.9 -22.4
v -1 7 -22.4
v -1 7.1 -22.4
v -0.9 6.8 -22.4
v -0.9 6.9 -22.4
v -0.9 7 -22.4
v -0.9 7.1 -22.4
v -0.7 6.8 -22.4
v -0.7 6.9 -22.4
v -0.7 7 -22.4
v -0.7 7.1 -22.4
v -0.6 6.8 -22.4
v -0.6 7.1 -22.4
v -0.5 6.8 -22.4
v -0.5 6.9 -22.4
v -0.5 7 -22.4
v -0.4 6.9 -22.4
v -0.4 7 -22.4
v -0.4 7.1 -22.4
v -0.3 6.9 -22.4
v -0.3 7 -22.4
v -0.3 7.1 -22.4
v -0.2 6.8 -22.4
v -0.2 6.9 -22.4
v -0.2 7 -22.4
v -0.0999999 6.8 -22.4
v -0.0999999 6.9 -22.4
v -0.0999999 7 -22.4
v -0.0999999 7.1 -22.4
v 0 6.8 -22.4
v 0 6.9 -22.4
v 0 7 -22.4
v 0 7.1 -22.4
v 0.1 6.8 -22.4
v 0.1 6.9 -22.4
v 0.1 7 -22.4
v 0.2 6.8 -22.4
v 0.2 6.9 -22.4
v 0.2 7 -22.4
v 0.2 7.1 -22.4
v 0.3 6.8 -22.4
v 0.3 7 -22.4
v 0.3 7.1 -22.4
v 0.4 6.8 -22.4
v 0.4 6.9 -22.4
v 0.4 7 -22.4
v 0.4 7.1 -22.4
v 0.5 6.8 -22.4
v 0.5 6.9 -22.4
v 0.5 7 -22.4
v 0.5 7.1 -22.4
v 0.6 6.8 -22.4
v 0.6 6.9 -22.4
v 0.6 7 -22.4
v 0.6 7.1 -22.4
v 0.7 6.9 -22.4
v 0.7 7 -22.4
v 0.7 7.1 -22.4
v 0.8 6.8 -22.4
v 0.8 6.9 -22.4
v 0.9 6.8 -22.4
v 0.9 6.9 -22.4
v 0.9 7.1 -22.4
v 1 6.8 -22.4
v 1 6.9 -22.4
v 1 7 -22.4
v 1.1 6.8 -22.4
v 1.1 6.9 -22.4
v 1.1 7 -22.4
v 1.1 7.1 -22.4
v 1.2 6.8 -22.4
v 1.2 6.9 -22.4
v 1.2 7 -22.4
v 1.2 7.1 -22.4
v 1.3 6.8 -22.4
v 1.3 6.9 -22.4
v 1.3 7 -22.4
v 1.3 7.1 -22.4
v 1.4 6.8 -22.4
v 1.4 6.9 -22.4
v 1.4 7 -22.4
v 1.4 7.1 -22.4
v 1.5 6.8 -22.4
v 1.6 6.8 -22.4
v 1.6 6.9 -22.4
v 1.7 6.9 -22.4
v 1.7 7 -22.4
v 1.7 7.1 -22.4
v 1.8 6.8 -22.4
v 1.8 7 -22.4
v 1.8 7.1 -22.4
v 1.9 6.8 -22.4
v 1.9 6.9 -22.4
v 1.9 7 -22.4
v 2 7 -22.4
v 2 7.1 -22.4
v 2.1 6.8 -22.4
v 2.1 6.9 -22.4
v 2.1 7 -22.4
v 2.2 6.8 -22.4
v 2.2 6.9 -22.4
v 2.2 7.1 -22.4
v 2.3 6.8 -22.4
v 2.3 6.9 -22.4
v 2.3 7 -22.4
v 2.4 6.8 -22.4
v 2.4 6.9 -22.4
v 2.4 7 -22.4
v 2.4 7.1 -22.4
v 2.5 7 -22.4
v 2.5 7.1 -22.4
v 2.6 6.9 -22.4
v 2.6 7 -22.4
v 2.6 7.1 -22.4
v 2.7 6.9 -22.4
v 2.7 7 -22.4
v 2.7 7.1 -22.4
v 2.8 6.8 -22.4
v 2.8 6.9 -22.4
v 2.8 7 -22.4
v 2.8 7.1 -22.4
v 2.9 6.8 -22.4
v 2.9 6.9 -22.4
v 2.9 7 -22.4
v 3 6.8 -22.4
v 3 6.9 -22.4
v 3 7 -22.4
v 3 7.1 -22.4
v 3.1 6.8 -22.4
v 3.1 6.9 -22.4
v 3.1 7.1 -22.4
v 3.2 6.8 -22.4
v 3.2 7.1 -22.4
v 3.3 6.8 -22.4
v 3.3 7 -22.4
v 3.4 6.8 -22.4
v 3.4 7 -22.4
v 3.4 7.1 -22.4
v 3.5 6.8 -22.4
v 3.5 7.1 -22.4
v -2.3 7.1 -22.5
v -2.3 7.3 -22.5
v -2.2 4.8 -22.5
v -2.2 5 -22.5
v -2.2 5.4 -22.5
v -2.2 5.6 -22.5
v -2 4.8 -22.5
v -2 4.9 -22.5
v -2 5 -22.5
v -2 5.4 -22.5
v -2 5.6 -22.5
v -1.8 7.1 -22.5
v -1.8 7.3 -22.5
v -1.7 7.1 -22.5
v -1.7 7.2 -22.5
v -1.7 7.3 -22.5
v -1.6 7.1 -22.5
v -1.6 7.2 -22.5
v -1.6 7.3 -22.5
v -1.5 7.2 -22.5
v -1.5 7.3 -22.5
v -1.4 7.1 -22.5
v -1.4 7.2 -22.5
v -1.4 7.3 -22.5
v -1.3 7.1 -22.5
v -1.3 7.2 -22.5
v -1.2 7.1 -22.5
v -1.2 7.2 -22.5
v -1.2 7.3 -22.5
v -1.1 7.1 -22.5
v -1.1 7.2 -22.5
v -1.1 7.3 -22.5
v -1 7.1 -22.5
v -1 7.2 -22.5
v -1 7.3 -22.5
v -0.9 7.1 -22.5
v -0.9 7.2 -22.5
v -0.9 7.3 -22.5
v -0.8 7.2 -22.5
v -0.8 7.3 -22.5
v -0.7 7.1 -22.5
v -0.6 7.1 -22.5
v -0.6 7.3 -22.5
v -0.4 7.1 -22.5
v -0.4 7.2 -22.5
v -0.3 7.1 -22.5
v -0.3 7.2 -22.5
v -0.0999999 7.1 -22.5
v -0.0999999 7.2 -22.5
v 0 7.1 -22.5
v 0.2 7.1 -22.5
v 0.2 7.2 -22.5
v 0.3 7.1 -22.5
v 0.3 7.2 -22.5
v 0.3 7.3 -22.5
v 0.4 7.1 -22.5
v 0.4 7.3 -22.5
v 0.5 7.1 -22.5
v 0.5 7.2 -22.5
v 0.5 7.3 -22.5
v 0.6 7.1 -22.5
v 0.7 7.1 -22.5
v 0.7 7.2 -22.5
v 0.8 7.1 -22.5
v 0.8 7.3 -22.5
v 0.9 7.1 -22.5
v 0.9 7.2 -22.5
v 1.1 7.1 -22.5
v 1.1 7.2 -22.5
v 1.2 7.1 -22.5
v 1.2 7.2 -22.5
v 1.2 7.3 -22.5
v 1.3 7.1 -22.5
v 1.3 7.2 -22.5
v 1.3 7.3 -22.5
v 1.4 7.1 -22.5
v 1.4 7.2 -22.5
v 1.5 7.1 -22.5
v 1.5 7.2 -22.5
v 1.7 7.1 -22.5
v 1.7 7.2 -22.5
v 1.8 7.1 -22.5
v 1.8 7.2 -22.5
v 1.9 7.1 -22.5
v 1.9 7.2 -22.5
v 2 7.1 -22.5
v 2 7.2 -22.5
v 2.1 7.1 -22.5
v 2.1 7.2 -22.5
v 2.2 7.1 -22.5
v 2.2 7.2 -22.5
v 2.3 7.2 -22.5
v 2.3 7.3 -22.5
v 2.4 7.1 -22.5
v 2.4 7.2 -22.5
v 2.4 7.3 -22.5
v 2.5 7.1 -22.5
v 2.5 7.2 -22.5
v 2.6 7.1 -22.5
v 2.6 7.3 -22.5
v 2.7 7.1 -22.5
v 2.7 7.3 -22.5
v 2.8 7.1 -22.5
v 2.8 7.3 -22.5
v 2.9 7.1 -22.5
v 2.9 7.2 -22.5
v 2.9 7.3 -22.5
v 3 7.1 -22.5
v 3.1 7.1 -22.5
v 3.1 7.2 -22.5
v 3.2 7.1 -22.5
v 3.2 7.2 -22.5
v 3.2 7.3 -22.5
v 3.3 7.2 -22.5
v 3.3 7.3 -22.5
v 3.4 7.1 -22.5
v 3.4 7.2 -22.5
v 3.4 7.3 -22.5
v 3.5 7.1 -22.5
v 3.5 7.3 -22.5
v -2.3 7.3 -22.6
v -2.3 7.5 -22.6
v -1.8 7.3 -22.6
v -1.8 7.5 -22.6
v -1.7 7.3 -22.6
v -1.7 7.4 -22.6
v -1.6 7.3 -22.6
v -1.6 7.4 -22.6
v -1.6 7.5 -22.6
v -1.5 7.3 -22.6
v -1.5 7.4 -22.6
v -1.5 7.5 -22.6
v -1.4 7.3 -22.6
v -1.3 7.3 -22.6
v -1.3 7.4 -22.6
v -1.3 7.5 -22.6
v -1.2 7.3 -22.6
v -1.2 7.4 -22.6
v -1.2 7.5 -22.6
v -1.1 7.3 -22.6
v -1.1 7.4 -22.6
v -1 7.3 -22.6
v -0.9 7.3 -22.6
v -0.9 7.4 -22.6
v -0.9 7.5 -22.6
v -0.8 7.3 -22.6
v -0.8 7.4 -22.6
v -0.8 7.5 -22.6
v -0.7 7.3 -22.6
v -0.7 7.4 -22.6
v -0.6 7.3 -22.6
v -0.6 7.4 -22.6
v -0.5 7.4 -22.6
v -0.5 7.5 -22.6
v -0.4 7.3 -22.6
v -0.4 7.4 -22.6
v -0.3 7.3 -22.6
v -0.3 7.4 -22.6
v -0.3 7.5 -22.6
v -0.2 7.4 -22.6
v -0.2 7.5 -22.6
v -0.0999999 7.4 -22.6
v -0.0999999 7.5 -22.6
v 0 7.3 -22.6
v 0 7.4 -22.6
v 0 7.5 -22.6
v 0.1 7.4 -22.6
v 0.1 7.5 -22.6
v 0.2 7.3 -22.6
v 0.2 7.5 -22.6
v 0.3 7.3 -22.6
v 0.3 7.4 -22.6
v 0.3 7.5 -22.6
v 0.4 7.3 -22.6
v 0.5 7.3 -22.6
v 0.6 7.3 -22.6
v 0.6 7.4 -22.6
v 0.6 7.5 -22.6
v 0.7 7.3 -22.6
v 0.7 7.4 -22.6
v 0.7 7.5 -22.6
v 0.8 7.3 -22.6
v 0.8 7.4 -22.6
v 0.8 7.5 -22.6
v 0.9 7.3 -22.6
v 0.9 7.4 -22.6
v 1.1 7.4 -22.6
v 1.1 7.5 -22.6
v 1.2 7.3 -22.6
v 1.2 7.4 -22.6
v 1.2 7.5 -22.6
v 1.3 7.3 -22.6
v 1.3 7.4 -22.6
v 1.3 7.5 -22.6
v 1.5 7.4 -22.6
v 1.5 7.5 -22.6
v 1.8 7.3 -22.6
v 1.8 7.5 -22.6
v 1.9 7.3 -22.6
v 1.9 7.4 -22.6
v 1.9 7.5 -22.6
v 2.1 7.3 -22.6
v 2.1 7.4 -22.6
v 2.3 7.3 -22.6
v 2.3 7.5 -22.6
v 2.4 7.3 -22.6
v 2.5 7.3 -22.6
v 2.5 7.5 -22.6
v 2.6 7.3 -22.6
v 2.6 7.4 -22.6
v 2.7 7.3 -22.6
v 2.7 7.4 -22.6
v 2.8 7.3 -22.6
v 2.9 7.3 -22.6
v 2.9 7.4 -22.6
v 2.9 7.5 -22.6
v 3.2 7.3 -22.6
v 3.2 7.4 -22.6
v 3.2 7.5 -22.6
v 3.3 7.3 -22.6
v 3.3 7.4 -22.6
v 3.3 7.5 -22.6
v 3.4 7.3 -22.6
v 3.4 7.4 -22.6
v 3.4 7.5 -22.6
v 3.5 7.3 -22.6
v 3.5 7.5 -22.6
v -2.3 7.5 -22.7
v -2.3 7.9 -22.7
v -2.2 4.7 -22.7
v -2.2 4.8 -22.7
v -2.2 5.6 -22.7
v -2.2 5.7 -22.7
v -2 4.7 -22.7
v -2 4.8 -22.7
v -2 5.6 -22.7
v -2 5.7 -22.7
v -1.8 7.5 -22.7
v -1.8 7.9 -22.7
v -1.7 7.6 -22.7
v -1.7 7.7 -22.7
v -1.7 7.8 -22.7
v -1.7 7.9 -22.7
v -1.6 7.5 -22.7
v -1.6 7.6 -22.7
v -1.6 7.7 -22.7
v -1.6 7.8 -22.7
v -1.5 7.5 -22.7
v -1.5 7.6 -22.7
v -1.5 7.7 -22.7
v -1.5 7.8 -22.7
v -1.5 7.9 -22.7
v -1.4 7.5 -22.7
v -1.4 7.6 -22.7
v -1.4 7.7 -22.7
v -1.4 7.8 -22.7
v -1.3 7.5 -22.7
v -1.3 7.6 -22.7
v -1.3 7.8 -22.7
v -1.3 7.9 -22.7
v -1.2 7.5 -22.7
v -1.2 7.7 -22.7
v -1.2 7.8 -22.7
v -1.2 7.9 -22.7
v -1.1 7.5 -22.7
v -1.1 7.6 -22.7
v -1.1 7.7 -22.7
v -1.1 7.8 -22.7
v -1.1 7.9 -22.7
v -1 7.5 -22.7
v -1 7.6 -22.7
v -1 7.7 -22.7
v -1 7.8 -22.7
v -1 7.9 -22.7
v -0.9 7.5 -22.7
v -0.9 7.6 -22.7
v -0.9 7.7 -22.7
v -0.9 7.8 -22.7
v -0.9 7.9 -22.7
v -0.8 7.5 -22.7
v -0.8 7.6 -22.7
v -0.8 7.7 -22.7
v -0.8 7.8 -22.7
v -0.8 7.9 -22.7
v -0.7 7.5 -22.7
v -0.7 7.6 -22.7
v -0.7 7.7 -22.7
v -0.7 7.8 -22.7
v -0.7 7.9 -22.7
v -0.6 7.5 -22.7
v -0.6 7.8 -22.7
v -0.5 7.5 -22.7
v -0.5 7.7 -22.7
v -0.5 7.8 -22.7
v -0.5 7.9 -22.7
v -0.4 7.5 -22.7
v -0.4 7.7 -22.7
v -0.4 7.8 -22.7
v -0.3 7.5 -22.7
v -0.3 7.6 -22.7
v -0.3 7.7 -22.7
v -0.3 7.8 -22.7
v -0.3 7.9 -22.7
v -0.2 7.5 -22.7
v -0.2 7.6 -22.7
v -0.2 7.8 -22.7
v -0.2 7.9 -22.7
v -0.0999999 7.5 -22.7
v -0.0999999 7.6 -22.7
v -0.0999999 7.7 -22.7
v -0.0999999 7.8 -22.7
v 0 7.5 -22.7
v 0 7.6 -22.7
v 0 7.7 -22.7
v 0 7.8 -22.7
v 0 7.9 -22.7
v 0.1 7.5 -22.7
v 0.1 7.7 -22.7
v 0.1 7.9 -22.7
v 0.2 7.5 -22.7
v 0.2 7.6 -22.7
v 0.2 7.7 -22.7
v 0.3 7.5 -22.7
v 0.3 7.6 -22.7
v 0.3 7.7 -22.7
v 0.4 7.5 -22.7
v 0.4 7.6 -22.7
v 0.4 7.7 -22.7
v 0.4 7.8 -22.7
v 0.5 7.7 -22.7
v 0.5 7.8 -22.7
v 0.6 7.5 -22.7
v 0.6 7.6 -22.7
v 0.6 7.7 -22.7
v 0.6 7.8 -22.7
v 0.7 7.5 -22.7
v 0.8 7.5 -22.7
v 0.8 7.7 -22.7
v 0.8 7.8 -22.7
v 0.9 7.5 -22.7
v 0.9 7.6 -22.7
v 0.9 7.7 -22.7
v 0.9 7.9 -22.7
v 1 7.5 -22.7
v 1 7.6 -22.7
v 1 7.7 -22.7
v 1 7.8 -22.7
v 1 7.9 -22.7
v 1.1 7.5 -22.7
v 1.1 7.7 -22.7
v 1.1 7.8 -22.7
v 1.1 7.9 -22.7
v 1.2 7.5 -22.7
v 1.2 7.7 -22.7
v 1.2 7.8 -22.7
v 1.3 7.5 -22.7
v 1.3 7.6 -22.7
v 1.3 7.7 -22.7
v 1.3 7.9 -22.7
v 1.4 7.5 -22.7
v 1.4 7.6 -22.7
v 1.4 7.7 -22.7
v 1.4 7.8 -22.7
v 1.5 7.5 -22.7
v 1.5 7.6 -22.7
v 1.5 7.7 -22.7
v 1.5 7.8 -22.7
v 1.6 7.5 -22.7
v 1.6 7.9 -22.7
v 1.7 7.5 -22.7
v 1.7 7.6 -22.7
v 1.7 7.7 -22.7
v 1.7 7.9 -22.7
v 1.8 7.5 -22.7
v 1.8 7.6 -22.7
v 1.8 7.7 -22.7
v 1.8 7.8 -22.7
v 1.9 7.5 -22.7
v 1.9 7.6 -22.7
v 2 7.5 -22.7
v 2 7.6 -22.7
v 2 7.7 -22.7
v 2 7.8 -22.7
v 2 7.9 -22.7
v 2.1 7.8 -22.7
v 2.1 7.9 -22.7
v 2.2 7.5 -22.7
v 2.2 7.7 -22.7
v 2.2 7.8 -22.7
v 2.2 7.9 -22.7
v 2.3 7.5 -22.7
v 2.3 7.7 -22.7
v 2.3 7.8 -22.7
v 2.4 7.5 -22.7
v 2.4 7.6 -22.7
v 2.4 7.7 -22.7
v 2.4 7.8 -22.7
v 2.4 7.9 -22.7
v 2.5 7.5 -22.7
v 2.5 7.6 -22.7
v 2.5 7.7 -22.7
v 2.5 7.8 -22.7
v 2.5 7.9 -22.7
v 2.6 7.8 -22.7
v 2.6 7.9 -22.7
v 2.7 7.5 -22.7
v 2.7 7.6 -22.7
v 2.8 7.7 -22.7
v 2.8 7.9 -22.7
v 2.9 7.5 -22.7
v 2.9 7.6 -22.7
v 2.9 7.7 -22.7
v 2.9 7.9 -22.7
v 3 7.5 -22.7
v 3 7.6 -22.7
v 3 7.7 -22.7
v 3 7.8 -22.7
v 3.1 7.6 -22.7
v 3.1 7.7 -22.7
v 3.1 7.8 -22.7
v 3.2 7.5 -22.7
v 3.2 7.6 -22.7
v 3.2 7.7 -22.7
v 3.2 7.8 -22.7
v 3.3 7.5 -22.7
v 3.3 7.6 -22.7
v 3.3 7.7 -22.7
v 3.3 7.8 -22.7
v 3.3 7.9 -22.7
v 3.4 7.5 -22.7
v 3.4 7.7 -22.7
v 3.4 7.9 -22.7
v 3.5 7.5 -22.7
v 3.5 7.9 -22.7
v -2.3 7.2 -22.9
v -2.3 7.4 -22.9
v -2 7.2 -22.9
v -2 7.4 -22.9
v 3.2 7.2 -22.9
v 3.2 7.4 -22.9
v 3.4 7.2 -22.9
v 3.4 7.4 -22.9
v 3.5 7.2 -22.9
v 3.5 7.4 -22.9
v -2.3 6.8 -23
v -2.3 7.2 -23
v -2 6.8 -23
v -2 6.9 -23
v -2 7.2 -23
v 3.2 7 -23
v 3.2 7.1 -23
v 3.2 7.2 -23
v 3.4 7 -23
v 3.4 7.2 -23
v 3.5 7 -23
v 3.5 7.2 -23
v -2.3 6.6 -23.1
v -2.3 6.8 -23.1
v -2.2 4.8 -23.1
v -2.2 4.9 -23.1
v -2.2 5.5 -23.1
v -2.2 5.6 -23.1
v -2.1 4.8 -23.1
v -2.1 4.9 -23.1
v -2.1 5.5 -23.1
v -2.1 5.6 -23.1
v -2 6.6 -23.1
v -2 6.8 -23.1
v 3.2 6.7 -23.1
v 3.2 6.8 -23.1
v 3.2 6.9 -23.1
v 3.2 7 -23.1
v 3.4 6.7 -23.1
v 3.4 7 -23.1
v 3.5 6.7 -23.1
v 3.5 7 -23.1
v -2.3 6.4 -23.2
v -2.3 6.6 -23.2
v -2.2 4.9 -23.2
v -2.2 5 -23.2
v -2.2 5.4 -23.2
v -2.2 5.5 -23.2
v -2.1 4.9 -23.2
v -2.1 5 -23.2
v -2.1 5.4 -23.2
v -2.1 5.5 -23.2
v -2 6.4 -23.2
v -2 6.5 -23.2
v -2 6.6 -23.2
v 3.2 6.4 -23.2
v 3.2 6.5 -23.2
v 3.2 6.7 -23.2
v 3.4 6.4 -23.2
v 3.4 6.7 -23.2
v 3.5 6.4 -23.2
v 3.5 6.7 -23.2
v -2.3 1.8 -23.3
v -2.3 2.1 -23.3
v -2.3 2.2 -23.3
v -2.3 3.4 -23.3
v -2.3 3.5 -23.3
v -2.3 3.8 -23.3
v -2.3 6.2 -23.3
v -2.3 6.4 -23.3
v -2.2 1.8 -23.3
v -2.2 2.1 -23.3
v -2.2 2.2 -23.3
v -2.2 3.4 -23.3
v -2.2 3.5 -23.3
v -2.2 3.8 -23.3
v -2.2 5 -23.3
v -2.2 5.4 -23.3
v -2.1 5 -23.3
v -2.1 5.1 -23.3
v -2.1 5.3 -23.3
v -2.1 5.4 -23.3
v -2 6.2 -23.3
v -2 6.4 -23.3
v 3.2 6.2 -23.3
v 3.2 6.4 -23.3
v 3.4 6.2 -23.3
v 3.4 6.4 -23.3
v 3.5 6.2 -23.3
v 3.5 6.4 -23.3
v -2.3 5.9 -23.4
v -2.3 6.2 -23.4
v -2 5.9 -23.4
v -2 6 -23.4
v -2 6.1 -23.4
v -2 6.2 -23.4
v 3.2 5.8 -23.4
v 3.2 6 -23.4
v 3.2 6.1 -23.4
v 3.2 6.2 -23.4
v 3.4 5.8 -23.4
v 3.4 6.2 -23.4
v 3.5 5.8 -23.4
v 3.5 6.2 -23.4
v -2.3 5.6 -23.5
v -2.3 5.9 -23.5
v -2 5.6 -23.5
v -2 5.7 -23.5
v -2 5.9 -23.5
v 3.2 5.5 -23.5
v 3.2 5.6 -23.5
v 3.2 5.7 -23.5
v 3.2 5.8 -23.5
v 3.4 5.5 -23.5
v 3.4 5.8 -23.5
v 3.5 5.5 -23.5
v 3.5 5.8 -23.5
v -2.3 5.1 -23.6
v -2.3 5.6 -23.6
v -2 5.1 -23.6
v -2 5.2 -23.6
v -2 5.3 -23.6
v -2 5.6 -23.6
v 3.2 5.1 -23.6
v 3.2 5.2 -23.6
v 3.2 5.3 -23.6
v 3.2 5.5 -23.6
v 3.4 5.1 -23.6
v 3.4 5.5 -23.6
v 3.5 5.1 -23.6
v 3.5 5.5 -23.6
v -2.3 4.9 -23.7
v -2.3 5.1 -23.7
v -2 4.9 -23.7
v -2 5.1 -23.7
v 3.2 4.9 -23.7
v 3.2 5.1 -23.7
v 3.4 4.9 -23.7
v 3.4 5.1 -23.7
v 3.5 4.9 -23.7
v 3.5 5.1 -23.7
v -2.3 4.7 -23.8
v -2.3 4.9 -23.8
v -2 4.7 -23.8
v -2 4.8 -23.8
v -2 4.9 -23.8
v 3.2 4.7 -23.8
v 3.2 4.8 -23.8
v 3.2 4.9 -23.8
v 3.4 4.7 -23.8
v 3.4 4.9 -23.8
v 3.5 4.7 -23.8
v 3.5 4.9 -23.8
v -2.3 4.5 -23.9
v -2.3 4.7 -23.9
v -2 4.5 -23.9
v -2 4.7 -23.9
v 3.2 4.5 -23.9
v 3.2 4.7 -23.9
v 3.4 4.5 -23.9
v 3.4 4.7 -23.9
v 3.5 4.5 -23.9
v 3.5 4.7 -23.9
v -2.3 4.3 -24
v -2.3 4.5 -24
v -2.1 0 -24
v -2.1 4.2 -24
v -2 0 -24
v -2 1.5 -24
v -2 1.7 -24
v -2 2 -24
v -2 2.1 -24
v -2 2.4 -24
v -2 2.5 -24
v -2 2.8 -24
v -2 2.9 -24
v -2 3.2 -24
v -2 3.3 -24
v -2 3.6 -24
v -2 3.7 -24
v -2 4 -24
v -2 4.1 -24
v -2 4.2 -24
v -2 4.3 -24
v -2 4.4 -24
v -2 4.5 -24
v 3.2 1.5 -24
v 3.2 1.7 -24
v 3.2 2 -24
v 3.2 2.1 -24
v 3.2 2.4 -24
v 3.2 2.5 -24
v 3.2 2.8 -24
v 3.2 2.9 -24
v 3.2 3.2 -24
v 3.2 3.3 -24
v 3.2 3.6 -24
v 3.2 3.7 -24
v 3.2 4 -24
v 3.2 4.1 -24
v 3.2 4.2 -24
v 3.2 4.3 -24
v 3.2 4.4 -24
v 3.2 4.5 -24
v 3.3 1.5 -24
v 3.3 4.2 -24
v 3.4 4.3 -24
v 3.4 4.5 -24
v 3.5 4.3 -24
v 3.5 4.5 -24
v -2.3 4.2 -24.1
v -2.3 4.3 -24.1
v -2.1 4.2 -24.1
v -2 4.2 -24.1
v -2 4.3 -24.1
v 3.2 0 -24.1
v 3.2 1.5 -24.1
v 3.2 4.2 -24.1
v 3.2 4.3 -24.1
v 3.3 0 -24.1
v 3.3 1.5 -24.1
v 3.3 4.2 -24.1
v 3.4 4.2 -24.1
v 3.4 4.3 -24.1
v 3.5 4.2 -24.1
v 3.5 4.3 -24.1
v -2 0 -24.2
v -2 1.5 -24.2
v -1.8 0 -24.2
v -1.8 0.2 -24.2
v -1.8 0.4 -24.2
v -1.8 0.5 -24.2
v -1.8 1 -24.2
v -1.8 1.1 -24.2
v -1.8 1.3 -24.2
v -1.8 1.5 -24.2
v -1.4 0.9 -24.2
v -1.4 1 -24.2
v -1.4 1.1 -24.2
v -1.2 0.4 -24.2
v -1.2 0.5 -24.2
v -1.2 0.6 -24.2
v -0.5 0.8 -24.2
v -0.5 0.9 -24.2
v -0.5 1 -24.2
v -0.2 0.5 -24.2
v -0.2 0.6 -24.2
v -0.2 0.7 -24.2
v 0.2 0.7 -24.2
v 0.2 0.8 -24.2
v 0.2 0.9 -24.2
v 0.3 0.6 -24.2
v 0.3 0.7 -24.2
v 0.9 0.6 -24.2
v 0.9 0.7 -24.2
v 1.3 0.7 -24.2
v 1.3 0.8 -24.2
v 1.3 0.9 -24.2
v 1.7 0.5 -24.2
v 1.7 0.6 -24.2
v 1.7 0.7 -24.2
v 2 0.8 -24.2
v 2 0.9 -24.2
v 2 1 -24.2
v 2.4 0.4 -24.2
v 2.4 0.5 -24.2
v 2.4 0.6 -24.2
v 2.6 0.9 -24.2
v 2.6 1 -24.2
v 2.6 1.1 -24.2
v 2.9 0.4 -24.2
v 2.9 0.5 -24.2
v 3 0 -24.2
v 3 0.2 -24.2
v 3 0.4 -24.2
v 3 1 -24.2
v 3 1.1 -24.2
v 3 1.3 -24.2
v 3 1.5 -24.2
v 3.2 0 -24.2
v 3.2 1.5 -24.2
v 0.9 0 -17.8
v 0.9 1.5 -17.8
v 1.1 0 -17.8
v 1.1 1.5 -17.8
v 3 0 -17.8
v 3 1.5 -17.8
v 3.2 0 -17.8
v 3.2 1.5 -17.8
v 0.8 0 -18
v 0.8 0.2 -18
v 0.8 0.4 -18
v 0.8 1 -18
v 0.8 1.3 -18
v 0.8 2 -18
v 0.8 2.1 -18
v 0.8 4.2 -18
v 0.9 0 -18
v 0.9 0.2 -18
v 0.9 0.4 -18
v 0.9 1 -18
v 0.9 1.3 -18
v 0.9 1.5 -18
v 0.9 1.7 -18
v 0.9 2 -18
v 0.9 2.1 -18
v 0.9 2.4 -18
v 0.9 2.5 -18
v 0.9 2.8 -18
v 0.9 2.9 -18
v 0.9 3.2 -18
v 0.9 3.3 -18
v 0.9 3.6 -18
v 0.9 3.7 -18
v 0.9 4 -18
v 0.9 4.1 -18
v 0.9 4.2 -18
v 3.2 0 -18
v 3.2 1.5 -18
v 3.2 1.7 -18
v 3.2 2 -18
v 3.2 2.1 -18
v 3.2 2.4 -18
v 3.2 2.5 -18
v 3.2 2.8 -18
v 3.2 2.9 -18
v 3.2 3.2 -18
v 3.2 3.3 -18
v 3.2 3.6 -18
v 3.2 3.7 -18
v 3.2 4 -18
v 3.2 4.1 -18
v 3.2 4.2 -18
v 3.3 0 -18
v 3.3 4.2 -18
v 0.6 2.5 -18.3
v 0.6 3.8 -18.3
v 0.7 2.5 -18.3
v 0.7 3.8 -18.3
v 0.8 1 -18.3
v 0.8 1.1 -18.3
v 0.9 1 -18.3
v 0.9 1.1 -18.3
v 0.8 0.4 -18.4
v 0.8 0.5 -18.4
v 0.9 0.4 -18.4
v 0.9 0.5 -18.4
v 0.8 0.9 -18.7
v 0.8 1 -18.7
v 0.9 0.9 -18.7
v 0.9 1 -18.7
v 0.8 0.5 -18.9
v 0.8 0.6 -18.9
v 0.9 0.5 -18.9
v 0.9 0.6 -18.9
v 0.8 0.8 -19.2
v 0.8 0.9 -19.2
v 0.9 0.8 -19.2
v 0.9 0.9 -19.2
v 0.6 2.2 -19.4
v 0.6 3.9 -19.4
v 0.8 2.2 -19.4
v 0.8 3.9 -19.4
v 0.8 0.6 -19.5
v 0.8 0.7 -19.5
v 0.9 0.6 -19.5
v 0.9 0.7 -19.5
v 0.8 0.7 -20
v 0.8 0.8 -20
v 0.9 0.7 -20
v 0.9 0.8 -20
v 0.6 2.5 -20.1
v 0.6 3.8 -20.1
v 0.7 2.5 -20.1
v 0.7 3.8 -20.1
v 0.8 0.6 -20.3
v 0.8 0.7 -20.3
v 0.9 0.6 -20.3
v 0.9 0.7 -20.3
v 0.8 0.8 -20.5
v 0.8 0.9 -20.5
v 0.9 0.8 -20.5
v 0.9 0.9 -20.5
v 0.8 0.5 -21
v 0.8 0.6 -21
v 0.9 0.5 -21
v 0.9 0.6 -21
v 0.8 0.9 -21.1
v 0.8 1 -21.1
v 0.9 0.9 -21.1
v 0.9 1 -21.1
v 0.6 2.2 -21.2
v 0.6 3.9 -21.2
v 0.8 2.2 -21.2
v 0.8 3.9 -21.2
v -2 0 -21.6
v -2 1.5 -21.6
v -1.8 0 -21.6
v -1.8 1.5 -21.6
v 0.7 0 -21.6
v 0.7 1.5 -21.6
v 0.9 0 -21.6
v 0.9 1.5 -21.6
v 3.2 4.2 -21.6
v 3.2 4.3 -21.6
v 3.2 4.4 -21.6
v 3.4 4.2 -21.6
v 3.4 4.3 -21.6
v 3.4 4.4 -21.6
v 3.5 4.2 -21.6
v 3.5 4.4 -21.6
v -2.3 4.2 -21.7
v -2.3 4.6 -21.7
v -2.1 4.2 -21.7
v -2 4.2 -21.7
v -2 4.4 -21.7
v -2 4.5 -21.7
v -2 4.6 -21.7
v 3.2 4.4 -21.7
v 3.2 4.5 -21.7
v 3.4 4.4 -21.7
v 3.4 4.5 -21.7
v 3.5 4.4 -21.7
v 3.5 4.5 -21.7
v -2.3 4.6 -21.8
v -2.3 4.8 -21.8
v -2.1 0 -21.8
v -2.1 4.2 -21.8
v -2 0 -21.8
v -2 1.5 -21.8
v -2 1.7 -21.8
v -2 2 -21.8
v -2 2.1 -21.8
v -2 2.4 -21.8
v -2 2.5 -21.8
v -2 2.8 -21.8
v -2 2.9 -21.8
v -2 3.2 -21.8
v -2 3.3 -21.8
v -2 3.6 -21.8
v -2 3.7 -21.8
v -2 4 -21.8
v -2 4.1 -21.8
v -2 4.2 -21.8
v -2 4.6 -21.8
v -2 4.8 -21.8
v 3.2 4.5 -21.8
v 3.2 4.7 -21.8
v 3.4 4.5 -21.8
v 3.4 4.7 -21.8
v 3.5 4.5 -21.8
v 3.5 4.7 -21.8
v -2.3 4.8 -21.9
v -2.3 5.1 -21.9
v -2 4.8 -21.9
v -2 4.9 -21.9
v -2 5.1 -21.9
v 3.2 4.7 -21.9
v 3.2 4.8 -21.9
v 3.2 4.9 -21.9
v 3.2 5 -21.9
v 3.4 4.7 -21.9
v 3.4 5 -21.9
v 3.5 4.7 -21.9
v 3.5 5 -21.9
v -2.3 5.1 -22
v -2.3 5.4 -22
v -2 5.1 -22
v -2 5.2 -22
v -2 5.3 -22
v -2 5.4 -22
v 3.2 5 -22
v 3.2 5.2 -22
v 3.2 5.3 -22
v 3.2 5.4 -22
v 3.4 5 -22
v 3.4 5.4 -22
v 3.5 5 -22
v 3.5 5.4 -22
v -2.3 5.4 -22.1
v -2.3 5.6 -22.1
v -2 5.4 -22.1
v -2 5.6 -22.1
v 3.2 5.4 -22.1
v 3.2 5.6 -22.1
v 3.2 5.7 -22.1
v 3.4 5.4 -22.1
v 3.4 5.6 -22.1
v 3.4 5.7 -22.1
v 3.5 5.4 -22.1
v 3.5 5.7 -22.1
v -2.3 5.6 -22.2
v -2.3 5.9 -22.2
v -2 5.6 -22.2
v -2 5.7 -22.2
v -2 5.9 -22.2
v 3.2 5.7 -22.2
v 3.2 5.9 -22.2
v 3.4 5.7 -22.2
v 3.4 5.9 -22.2
v 3.5 5.7 -22.2
v 3.5 5.9 -22.2
v -2.3 5.9 -22.3
v -2.3 6.1 -22.3
v -2 5.9 -22.3
v -2 6 -22.3
v -2 6.1 -22.3
v 3.2 5.9 -22.3
v 3.2 6 -22.3
v 3.2 6.1 -22.3
v 3.4 5.9 -22.3
v 3.4 6.1 -22.3
v 3.5 5.9 -22.3
v 3.5 6.1 -22.3
v -2.3 1.8 -22.4
v -2.3 2.1 -22.4
v -2.3 2.2 -22.4
v -2.3 2.6 -22.4
v -2.3 2.7 -22.4
v -2.3 3.4 -22.4
v -2.3 3.5 -22.4
v -2.3 3.8 -22.4
v -2.3 6.1 -22.4
v -2.3 6.3 -22.4
v -2.2 1.8 -22.4
v -2.2 2.1 -22.4
v -2.2 2.2 -22.4
v -2.2 2.6 -22.4
v -2.2 2.7 -22.4
v -2.2 3.4 -22.4
v -2.2 3.5 -22.4
v -2.2 3.8 -22.4
v -2 6.1 -22.4
v -2 6.3 -22.4
v 3.2 6.1 -22.4
v 3.2 6.3 -22.4
v 3.4 6.1 -22.4
v 3.4 6.3 -22.4
v 3.5 6.1 -22.4
v 3.5 6.3 -22.4
v -2.3 6.3 -22.5
v -2.3 6.5 -22.5
v -2.2 5 -22.5
v -2.2 5.4 -22.5
v -2.1 5 -22.5
v -2.1 5.1 -22.5
v -2.1 5.3 -22.5
v -2.1 5.4 -22.5
v -2 6.3 -22.5
v -2 6.4 -22.5
v -2 6.5 -22.5
v 3.2 6.3 -22.5
v 3.2 6.4 -22.5
v 3.2 6.5 -22.5
v 3.4 6.3 -22.5
v 3.4 6.5 -22.5
v 3.5 6.3 -22.5
v 3.5 6.5 -22.5
v -2.3 2.6 -22.6
v -2.3 2.7 -22.6
v -2.3 6.5 -22.6
v -2.3 6.7 -22.6
v -2.2 2.6 -22.6
v -2.2 2.7 -22.6
v -2.2 4.9 -22.6
v -2.2 5 -22.6
v -2.2 5.4 -22.6
v -2.2 5.5 -22.6
v -2.1 4.9 -22.6
v -2.1 5 -22.6
v -2.1 5.4 -22.6
v -2.1 5.5 -22.6
v -2 6.5 -22.6
v -2 6.7 -22.6
v 3.2 6.5 -22.6
v 3.2 6.7 -22.6
v 3.4 6.5 -22.6
v 3.4 6.7 -22.6
v 3.5 6.5 -22.6
v 3.5 6.7 -22.6
v -2.3 6.7 -22.7
v -2.3 7 -22.7
v -2.2 4.8 -22.7
v -2.2 4.9 -22.7
v -2.2 5.5 -22.7
v -2.2 5.6 -22.7
v -2.1 4.8 -22.7
v -2.1 4.9 -22.7
v -2.1 5.5 -22.7
v -2.1 5.6 -22.7
v -2 6.7 -22.7
v -2 6.8 -22.7
v -2 6.9 -22.7
v -2 7 -22.7
v 3.2 6.7 -22.7
v 3.2 6.8 -22.7
v 3.2 6.9 -22.7
v 3.2 7.1 -22.7
v 3.2 7.2 -22.7
v 3.2 7.3 -22.7
v 3.2 7.4 -22.7
v 3.4 6.7 -22.7
v 3.4 7.3 -22.7
v 3.4 7.4 -22.7
v 3.5 6.7 -22.7
v 3.5 7.4 -22.7
v -2.3 7 -22.8
v -2.3 7.4 -22.8
v -2 7 -22.8
v -2 7.4 -22.8
v -2.3 7.5 -23
v -2.3 7.9 -23
v -1.8 7.5 -23
v -1.8 7.9 -23
v -1.7 7.6 -23
v -1.7 7.7 -23
v -1.7 7.9 -23
v -1.6 7.6 -23
v -1.6 7.7 -23
v -1.6 7.9 -23
v -1.5 7.5 -23
v -1.5 7.7 -23
v -1.5 7.8 -23
v -1.4 7.5 -23
v -1.4 7.6 -23
v -1.4 7.7 -23
v -1.4 7.8 -23
v -1.4 7.9 -23
v -1.3 7.6 -23
v -1.3 7.7 -23
v -1.2 7.5 -23
v -1.2 7.7 -23
v -1.2 7.9 -23
v -1.1 7.5 -23
v -1.1 7.6 -23
v -1.1 7.9 -23
v -1 7.5 -23
v -1 7.6 -23
v -1 7.9 -23
v -0.9 7.5 -23
v -0.9 7.6 -23
v -0.9 7.9 -23
v -0.8 7.5 -23
v -0.8 7.6 -23
v -0.8 7.9 -23
v -0.7 7.5 -23
v -0.7 7.7 -23
v -0.7 7.8 -23
v -0.7 7.9 -23
v -0.6 7.5 -23
v -0.6 7.6 -23
v -0.6 7.7 -23
v -0.6 7.8 -23
v -0.6 7.9 -23
v -0.5 7.5 -23
v -0.5 7.8 -23
v -0.5 7.9 -23
v -0.4 7.5 -23
v -0.4 7.7 -23
v -0.3 7.5 -23
v -0.3 7.8 -23
v -0.3 7.9 -23
v -0.2 7.5 -23
v -0.2 7.7 -23
v -0.2 7.8 -23
v -0.2 7.9 -23
v -0.0999999 7.5 -23
v -0.0999999 7.7 -23
v -0.0999999 7.8 -23
v -0.0999999 7.9 -23
v 0 7.6 -23
v 0 7.7 -23
v 0 7.8 -23
v 0.1 7.5 -23
v 0.1 7.6 -23
v 0.1 7.7 -23
v 0.1 7.8 -23
v 0.1 7.9 -23
v 0.2 7.5 -23
v 0.2 7.6 -23
v 0.2 7.7 -23
v 0.2 7.8 -23
v 0.3 7.5 -23
v 0.3 7.6 -23
v 0.3 7.7 -23
v 0.3 7.8 -23
v 0.4 7.5 -23
v 0.4 7.6 -23
v 0.4 7.7 -23
v 0.4 7.8 -23
v 0.4 7.9 -23
v 0.5 7.5 -23
v 0.5 7.6 -23
v 0.5 7.7 -23
v 0.5 7.9 -23
v 0.6 7.5 -23
v 0.6 7.6 -23
v 0.6 7.7 -23
v 0.6 7.8 -23
v 0.7 7.5 -23
v 0.7 7.6 -23
v 0.7 7.7 -23
v 0.7 7.8 -23
v 0.7 7.9 -23
v 0.8 7.5 -23
v 0.8 7.6 -23
v 0.8 7.7 -23
v 0.8 7.8 -23
v 0.8 7.9 -23
v 0.9 7.5 -23
v 0.9 7.6 -23
v 0.9 7.7 -23
v 0.9 7.8 -23
v 0.9 7.9 -23
v 1 7.5 -23
v 1 7.6 -23
v 1 7.8 -23
v 1 7.9 -23
v 1.1 7.5 -23
v 1.1 7.6 -23
v 1.1 7.8 -23
v 1.1 7.9 -23
v 1.2 7.5 -23
v 1.2 7.7 -23
v 1.2 7.8 -23
v 1.2 7.9 -23
v 1.3 7.5 -23
v 1.3 7.6 -23
v 1.3 7.7 -23
v 1.3 7.8 -23
v 1.3 7.9 -23
v 1.4 7.5 -23
v 1.4 7.6 -23
v 1.4 7.7 -23
v 1.4 7.9 -23
v 1.5 7.5 -23
v 1.5 7.6 -23
v 1.5 7.7 -23
v 1.5 7.8 -23
v 1.6 7.5 -23
v 1.6 7.6 -23
v 1.6 7.7 -23
v 1.6 7.8 -23
v 1.6 7.9 -23
v 1.7 7.5 -23
v 1.7 7.6 -23
v 1.7 7.7 -23
v 1.7 7.8 -23
v 1.7 7.9 -23
v 1.8 7.5 -23
v 1.8 7.6 -23
v 1.8 7.7 -23
v 1.8 7.8 -23
v 1.8 7.9 -23
v 1.9 7.5 -23
v 1.9 7.6 -23
v 1.9 7.8 -23
v 1.9 7.9 -23
v 2 7.5 -23
v 2 7.6 -23
v 2 7.7 -23
v 2 7.8 -23
v 2.1 7.5 -23
v 2.1 7.7 -23
v 2.1 7.8 -23
v 2.1 7.9 -23
v 2.2 7.5 -23
v 2.2 7.6 -23
v 2.2 7.8 -23
v 2.2 7.9 -23
v 2.3 7.5 -23
v 2.3 7.6 -23
v 2.3 7.7 -23
v 2.3 7.8 -23
v 2.3 7.9 -23
v 2.4 7.5 -23
v 2.4 7.7 -23
v 2.4 7.8 -23
v 2.4 7.9 -23
v 2.5 7.5 -23
v 2.5 7.6 -23
v 2.5 7.7 -23
v 2.5 7.8 -23
v 2.6 7.5 -23
v 2.6 7.6 -23
v 2.6 7.7 -23
v 2.6 7.8 -23
v 2.7 7.5 -23
v 2.7 7.6 -23
v 2.7 7.8 -23
v 2.7 7.9 -23
v 2.8 7.5 -23
v 2.8 7.6 -23
v 2.8 7.9 -23
v 2.9 7.5 -23
v 2.9 7.6 -23
v 2.9 7.8 -23
v 3 7.5 -23
v 3 7.6 -23
v 3.1 7.6 -23
v 3.1 7.8 -23
v 3.1 7.9 -23
v 3.2 7.5 -23
v 3.2 7.6 -23
v 3.2 7.7 -23
v 3.2 7.8 -23
v 3.2 7.9 -23
v 3.3 7.5 -23
v 3.3 7.6 -23
v 3.3 7.7 -23
v 3.3 7.8 -23
v 3.3 7.9 -23
v 3.4 7.5 -23
v 3.4 7.6 -23
v 3.4 7.7 -23
v 3.4 7.8 -23
v 3.4 7.9 -23
v 3.5 7.5 -23
v 3.5 7.9 -23
v -2.3 7.3 -23.1
v -2.3 7.5 -23.1
v -2.2 4.7 -23.1
v -2.2 4.8 -23.1
v -2.2 5.6 -23.1
v -2.2 5.7 -23.1
v -2 4.7 -23.1
v -2 4.8 -23.1
v -2 5.6 -23.1
v -2 5.7 -23.1
v -1.8 7.3 -23.1
v -1.8 7.5 -23.1
v -1.7 7.3 -23.1
v -1.7 7.4 -23.1
v -1.6 7.3 -23.1
v -1.6 7.4 -23.1
v -1.5 7.3 -23.1
v -1.5 7.4 -23.1
v -1.5 7.5 -23.1
v -1.4 7.3 -23.1
v -1.4 7.4 -23.1
v -1.4 7.5 -23.1
v -1.3 7.3 -23.1
v -1.3 7.4 -23.1
v -1.2 7.3 -23.1
v -1.2 7.4 -23.1
v -1.2 7.5 -23.1
v -1.1 7.3 -23.1
v -1.1 7.4 -23.1
v -1.1 7.5 -23.1
v -1 7.3 -23.1
v -1 7.4 -23.1
v -1 7.5 -23.1
v -0.9 7.3 -23.1
v -0.9 7.4 -23.1
v -0.9 7.5 -23.1
v -0.8 7.3 -23.1
v -0.8 7.5 -23.1
v -0.7 7.3 -23.1
v -0.7 7.4 -23.1
v -0.7 7.5 -23.1
v -0.6 7.3 -23.1
v -0.6 7.4 -23.1
v -0.6 7.5 -23.1
v -0.5 7.3 -23.1
v -0.5 7.5 -23.1
v -0.4 7.3 -23.1
v -0.4 7.4 -23.1
v -0.3 7.4 -23.1
v -0.3 7.5 -23.1
v -0.0999999 7.3 -23.1
v -0.0999999 7.4 -23.1
v 0.1 7.3 -23.1
v 0.1 7.4 -23.1
v 0.2 7.3 -23.1
v 0.2 7.5 -23.1
v 0.3 7.3 -23.1
v 0.4 7.3 -23.1
v 0.4 7.5 -23.1
v 0.5 7.3 -23.1
v 0.6 7.3 -23.1
v 0.6 7.4 -23.1
v 0.6 7.5 -23.1
v 0.7 7.4 -23.1
v 0.7 7.5 -23.1
v 0.8 7.3 -23.1
v 0.8 7.4 -23.1
v 0.8 7.5 -23.1
v 0.9 7.3 -23.1
v 0.9 7.4 -23.1
v 0.9 7.5 -23.1
v 1 7.3 -23.1
v 1 7.4 -23.1
v 1 7.5 -23.1
v 1.1 7.3 -23.1
v 1.1 7.5 -23.1
v 1.2 7.3 -23.1
v 1.2 7.4 -23.1
v 1.2 7.5 -23.1
v 1.3 7.3 -23.1
v 1.3 7.4 -23.1
v 1.3 7.5 -23.1
v 1.4 7.3 -23.1
v 1.4 7.4 -23.1
v 1.4 7.5 -23.1
v 1.5 7.3 -23.1
v 1.5 7.4 -23.1
v 1.5 7.5 -23.1
v 1.6 7.3 -23.1
v 1.6 7.4 -23.1
v 1.7 7.3 -23.1
v 1.7 7.4 -23.1
v 1.8 7.3 -23.1
v 1.8 7.4 -23.1
v 1.8 7.5 -23.1
v 1.9 7.3 -23.1
v 1.9 7.4 -23.1
v 1.9 7.5 -23.1
v 2.1 7.3 -23.1
v 2.1 7.4 -23.1
v 2.1 7.5 -23.1
v 2.2 7.3 -23.1
v 2.2 7.4 -23.1
v 2.2 7.5 -23.1
v 2.3 7.3 -23.1
v 2.3 7.5 -23.1
v 2.4 7.3 -23.1
v 2.4 7.5 -23.1
v 2.5 7.3 -23.1
v 2.5 7.4 -23.1
v 2.5 7.5 -23.1
v 2.6 7.3 -23.1
v 2.7 7.3 -23.1
v 2.7 7.4 -23.1
v 2.7 7.5 -23.1
v 2.9 7.3 -23.1
v 2.9 7.5 -23.1
v 3 7.3 -23.1
v 3 7.5 -23.1
v 3.1 7.3 -23.1
v 3.1 7.4 -23.1
v 3.2 7.3 -23.1
v 3.3 7.4 -23.1
v 3.3 7.5 -23.1
v 3.4 7.3 -23.1
v 3.4 7.5 -23.1
v 3.5 7.3 -23.1
v 3.5 7.5 -23.1
v -2.3 7 -23.2
v -2.3 7.3 -23.2
v -1.8 7 -23.2
v -1.8 7.1 -23.2
v -1.8 7.3 -23.2
v -1.7 7.1 -23.2
v -1.7 7.3 -23.2
v -1.6 7.1 -23.2
v -1.6 7.3 -23.2
v -1.5 7.1 -23.2
v -1.5 7.2 -23.2
v -1.5 7.3 -23.2
v -1.4 7.1 -23.2
v -1.4 7.2 -23.2
v -1.4 7.3 -23.2
v -1.3 7.1 -23.2
v -1.3 7.2 -23.2
v -1.2 7.1 -23.2
v -1.2 7.2 -23.2
v -1.2 7.3 -23.2
v -1.1 7 -23.2
v -1.1 7.1 -23.2
v -1.1 7.2 -23.2
v -1.1 7.3 -23.2
v -1 7 -23.2
v -1 7.1 -23.2
v -1 7.2 -23.2
v -1 7.3 -23.2
v -0.9 7 -23.2
v -0.9 7.2 -23.2
v -0.9 7.3 -23.2
v -0.8 7 -23.2
v -0.8 7.2 -23.2
v -0.8 7.3 -23.2
v -0.7 7 -23.2
v -0.7 7.1 -23.2
v -0.7 7.2 -23.2
v -0.7 7.3 -23.2
v -0.6 7 -23.2
v -0.6 7.2 -23.2
v -0.6 7.3 -23.2
v -0.5 7.1 -23.2
v -0.5 7.3 -23.2
v -0.4 7 -23.2
v -0.4 7.1 -23.2
v -0.3 7 -23.2
v -0.3 7.1 -23.2
v -0.2 7 -23.2
v 0 7 -23.2
v 0.1 7 -23.2
v 0.1 7.1 -23.2
v 0.3 7 -23.2
v 0.3 7.1 -23.2
v 0.3 7.2 -23.2
v 0.3 7.3 -23.2
v 0.4 7 -23.2
v 0.4 7.1 -23.2
v 0.4 7.2 -23.2
v 0.4 7.3 -23.2
v 0.5 7.1 -23.2
v 0.5 7.2 -23.2
v 0.5 7.3 -23.2
v 0.6 7 -23.2
v 0.6 7.1 -23.2
v 0.7 7 -23.2
v 0.8 7 -23.2
v 0.8 7.1 -23.2
v 0.8 7.2 -23.2
v 0.8 7.3 -23.2
v 0.9 7.1 -23.2
v 0.9 7.2 -23.2
v 1 7 -23.2
v 1 7.1 -23.2
v 1 7.2 -23.2
v 1.1 7 -23.2
v 1.1 7.1 -23.2
v 1.1 7.2 -23.2
v 1.2 7 -23.2
v 1.2 7.1 -23.2
v 1.2 7.2 -23.2
v 1.3 7.2 -23.2
v 1.3 7.3 -23.2
v 1.4 7 -23.2
v 1.4 7.1 -23.2
v 1.4 7.2 -23.2
v 1.4 7.3 -23.2
v 1.5 7 -23.2
v 1.5 7.2 -23.2
v 1.5 7.3 -23.2
v 1.6 7 -23.2
v 1.6 7.3 -23.2
v 1.7 7 -23.2
v 1.9 7 -23.2
v 1.9 7.1 -23.2
v 1.9 7.2 -23.2
v 1.9 7.3 -23.2
v 2 7 -23.2
v 2.1 7 -23.2
v 2.1 7.2 -23.2
v 2.1 7.3 -23.2
v 2.2 7 -23.2
v 2.2 7.1 -23.2
v 2.2 7.2 -23.2
v 2.3 7 -23.2
v 2.3 7.2 -23.2
v 2.4 7 -23.2
v 2.4 7.1 -23.2
v 2.4 7.2 -23.2
v 2.4 7.3 -23.2
v 2.5 7.1 -23.2
v 2.5 7.2 -23.2
v 2.6 7 -23.2
v 2.6 7.2 -23.2
v 2.6 7.3 -23.2
v 2.7 7 -23.2
v 2.7 7.1 -23.2
v 2.7 7.2 -23.2
v 2.7 7.3 -23.2
v 2.8 7 -23.2
v 2.8 7.1 -23.2
v 2.8 7.2 -23.2
v 2.9 7 -23.2
v 2.9 7.1 -23.2
v 2.9 7.3 -23.2
v 3 7 -23.2
v 3 7.1 -23.2
v 3 7.2 -23.2
v 3.1 7 -23.2
v 3.1 7.1 -23.2
v 3.1 7.2 -23.2
v 3.2 7.1 -23.2
v 3.2 7.2 -23.2
v 3.2 7.3 -23.2
v 3.4 7 -23.2
v 3.4 7.3 -23.2
v 3.5 7 -23.2
v 3.5 7.3 -23.2
v -4 0 -23.3
v -4 0.1 -23.3
v -3.8 0 -23.3
v -3.8 0.1 -23.3
v -3.8 0.3 -23.3
v -3.7 0.1 -23.3
v -3.7 0.2 -23.3
v -3.6 0.2 -23.3
v -3.6 0.3 -23.3
v -3.6 0.5 -23.3
v -3.5 0.3 -23.3
v -3.5 0.4 -23.3
v -3.4 0.4 -23.3
v -3.4 0.5 -23.3
v -3.4 0.7 -23.3
v -3.3 0.5 -23.3
v -3.3 0.6 -23.3
v -3.2 0.6 -23.3
v -3.2 0.7 -23.3
v -3.2 0.9 -23.3
v -3.1 0.7 -23.3
v -3.1 0.8 -23.3
v -3 0.8 -23.3
v -3 0.9 -23.3
v -3 1.1 -23.3
v -2.9 0.9 -23.3
v -2.9 1 -23.3
v -2.8 1 -23.3
v -2.8 1.1 -23.3
v -2.8 1.3 -23.3
v -2.7 1.1 -23.3
v -2.7 1.2 -23.3
v -2.6 1.2 -23.3
v -2.6 1.3 -23.3
v -2.6 1.5 -23.3
v -2.5 1.3 -23.3
v -2.5 1.4 -23.3
v -2.4 1.4 -23.3
v -2.4 1.5 -23.3
v -2.4 1.7 -23.3
v -2.3 1.7 -23.3
v -2.3 6.8 -23.3
v -2.3 7 -23.3
v -2.2 1.5 -23.3
v -2.2 1.7 -23.3
v -2.2 4.8 -23.3
v -2.2 5 -23.3
v -2.2 5.4 -23.3
v -2.2 5.6 -23.3
v -2 4.8 -23.3
v -2 4.9 -23.3
v -2 5 -23.3
v -2 5.4 -23.3
v -2 5.6 -23.3
v -1.8 6.8 -23.3
v -1.8 7 -23.3
v -1.7 6.8 -23.3
v -1.6 6.8 -23.3
v -1.6 6.9 -23.3
v -1.4 6.8 -23.3
v -1.4 6.9 -23.3
v -1.3 6.8 -23.3
v -1.3 6.9 -23.3
v -1.2 6.8 -23.3
v -1.2 6.9 -23.3
v -1.1 6.8 -23.3
v -1.1 6.9 -23.3
v -1 6.8 -23.3
v -1 6.9 -23.3
v -1 7 -23.3
v -0.9 6.8 -23.3
v -0.8 6.8 -23.3
v -0.8 6.9 -23.3
v -0.8 7 -23.3
v -0.7 6.8 -23.3
v -0.7 6.9 -23.3
v -0.7 7 -23.3
v -0.6 6.9 -23.3
v -0.6 7 -23.3
v -0.5 6.8 -23.3
v -0.5 6.9 -23.3
v -0.4 6.8 -23.3
v -0.4 6.9 -23.3
v -0.4 7 -23.3
v -0.3 6.8 -23.3
v -0.3 6.9 -23.3
v -0.3 7 -23.3
v -0.2 6.8 -23.3
v -0.2 6.9 -23.3
v -0.2 7 -23.3
v 0 6.8 -23.3
v 0 6.9 -23.3
v 0 7 -23.3
v 0.1 6.8 -23.3
v 0.1 6.9 -23.3
v 0.2 6.8 -23.3
v 0.3 6.8 -23.3
v 0.3 6.9 -23.3
v 0.3 7 -23.3
v 0.4 6.8 -23.3
v 0.5 6.8 -23.3
v 0.5 6.9 -23.3
v 0.6 6.8 -23.3
v 0.7 6.8 -23.3
v 0.7 7 -23.3
v 0.8 6.8 -23.3
v 0.8 6.9 -23.3
v 0.8 7 -23.3
v 0.9 6.8 -23.3
v 0.9 6.9 -23.3
v 1 6.8 -23.3
v 1 6.9 -23.3
v 1.1 6.8 -23.3
v 1.2 6.8 -23.3
v 1.2 7 -23.3
v 1.3 6.8 -23.3
v 1.3 6.9 -23.3
v 1.4 6.8 -23.3
v 1.4 6.9 -23.3
v 1.4 7 -23.3
v 1.5 6.8 -23.3
v 1.5 6.9 -23.3
v 1.5 7 -23.3
v 1.6 6.8 -23.3
v 1.6 6.9 -23.3
v 1.6 7 -23.3
v 1.7 6.8 -23.3
v 1.7 6.9 -23.3
v 1.7 7 -23.3
v 1.8 6.8 -23.3
v 1.8 6.9 -23.3
v 1.9 6.8 -23.3
v 1.9 7 -23.3
v 2 6.8 -23.3
v 2 6.9 -23.3
v 2 7 -23.3
v 2.1 6.8 -23.3
v 2.1 6.9 -23.3
v 2.1 7 -23.3
v 2.2 6.8 -23.3
v 2.2 6.9 -23.3
v 2.2 7 -23.3
v 2.3 6.8 -23.3
v 2.3 6.9 -23.3
v 2.3 7 -23.3
v 2.4 6.8 -23.3
v 2.4 6.9 -23.3
v 2.5 6.8 -23.3
v 2.5 6.9 -23.3
v 2.6 6.8 -23.3
v 2.6 6.9 -23.3
v 2.6 7 -23.3
v 2.7 6.8 -23.3
v 2.7 6.9 -23.3
v 2.7 7 -23.3
v 2.8 6.8 -23.3
v 2.8 6.9 -23.3
v 2.8 7 -23.3
v 2.9 6.8 -23.3
v 2.9 6.9 -23.3
v 2.9 7 -23.3
v 3 6.8 -23.3
v 3 6.9 -23.3
v 3 7 -23.3
v 3.1 6.8 -23.3
v 3.1 6.9 -23.3
v 3.1 7 -23.3
v 3.2 6.8 -23.3
v 3.2 6.9 -23.3
v 3.3 6.8 -23.3
v 3.3 6.9 -23.3
v 3.4 6.8 -23.3
v 3.4 6.9 -23.3
v 3.4 7 -23.3
v 3.5 6.8 -23.3
v 3.5 7 -23.3
v -2.3 1.7 -23.4
v -2.3 3.9 -23.4
v -2.3 6.6 -23.4
v -2.3 6.8 -23.4
v -2.2 5 -23.4
v -2.2 5.4 -23.4
v -2.1 1.7 -23.4
v -2.1 3.9 -23.4
v -2 5 -23.4
v -2 5.2 -23.4
v -2 5.3 -23.4
v -2 5.4 -23.4
v -1.8 6.6 -23.4
v -1.8 6.7 -23.4
v -1.8 6.8 -23.4
v -1.7 6.6 -23.4
v -1.7 6.7 -23.4
v -1.7 6.8 -23.4
v -1.6 6.6 -23.4
v -1.6 6.7 -23.4
v -1.6 6.8 -23.4
v -1.5 6.6 -23.4
v -1.5 6.7 -23.4
v -1.4 6.6 -23.4
v -1.3 6.6 -23.4
v -1.3 6.7 -23.4
v -1.3 6.8 -23.4
v -1.2 6.6 -23.4
v -1.2 6.7 -23.4
v -1.2 6.8 -23.4
v -1.1 6.6 -23.4
v -1.1 6.7 -23.4
v -1.1 6.8 -23.4
v -1 6.6 -23.4
v -1 6.7 -23.4
v -1 6.8 -23.4
v -0.9 6.6 -23.4
v -0.9 6.7 -23.4
v -0.9 6.8 -23.4
v -0.8 6.6 -23.4
v -0.7 6.7 -23.4
v -0.7 6.8 -23.4
v -0.6 6.6 -23.4
v -0.5 6.6 -23.4
v -0.5 6.7 -23.4
v -0.5 6.8 -23.4
v -0.4 6.6 -23.4
v -0.4 6.7 -23.4
v -0.3 6.6 -23.4
v -0.3 6.7 -23.4
v -0.3 6.8 -23.4
v -0.2 6.6 -23.4
v -0.2 6.7 -23.4
v -0.2 6.8 -23.4
v -0.0999999 6.6 -23.4
v 0 6.6 -23.4
v 0 6.7 -23.4
v 0 6.8 -23.4
v 0.1 6.6 -23.4
v 0.1 6.7 -23.4
v 0.1 6.8 -23.4
v 0.2 6.6 -23.4
v 0.2 6.7 -23.4
v 0.2 6.8 -23.4
v 0.3 6.6 -23.4
v 0.4 6.6 -23.4
v 0.4 6.7 -23.4
v 0.4 6.8 -23.4
v 0.5 6.6 -23.4
v 0.5 6.7 -23.4
v 0.5 6.8 -23.4
v 0.6 6.6 -23.4
v 0.6 6.7 -23.4
v 0.6 6.8 -23.4
v 0.7 6.6 -23.4
v 0.7 6.7 -23.4
v 0.7 6.8 -23.4
v 0.8 6.6 -23.4
v 0.8 6.7 -23.4
v 0.8 6.8 -23.4
v 0.9 6.6 -23.4
v 0.9 6.7 -23.4
v 0.9 6.8 -23.4
v 1 6.6 -23.4
v 1.1 6.6 -23.4
v 1.1 6.7 -23.4
v 1.1 6.8 -23.4
v 1.2 6.6 -23.4
v 1.2 6.7 -23.4
v 1.2 6.8 -23.4
v 1.3 6.6 -23.4
v 1.3 6.7 -23.4
v 1.3 6.8 -23.4
v 1.4 6.6 -23.4
v 1.4 6.7 -23.4
v 1.4 6.8 -23.4
v 1.5 6.6 -23.4
v 1.5 6.7 -23.4
v 1.5 6.8 -23.4
v 1.6 6.6 -23.4
v 1.6 6.7 -23.4
v 1.6 6.8 -23.4
v 1.7 6.6 -23.4
v 1.7 6.7 -23.4
v 1.7 6.8 -23.4
v 1.8 6.6 -23.4
v 1.9 6.6 -23.4
v 1.9 6.7 -23.4
v 1.9 6.8 -23.4
v 2 6.6 -23.4
v 2 6.7 -23.4
v 2 6.8 -23.4
v 2.1 6.6 -23.4
v 2.1 6.7 -23.4
v 2.1 6.8 -23.4
v 2.2 6.6 -23.4
v 2.2 6.8 -23.4
v 2.3 6.6 -23.4
v 2.3 6.7 -23.4
v 2.3 6.8 -23.4
v 2.4 6.6 -23.4
v 2.4 6.7 -23.4
v 2.5 6.6 -23.4
v 2.5 6.7 -23.4
v 2.6 6.6 -23.4
v 2.6 6.7 -23.4
v 2.7 6.6 -23.4
v 2.7 6.7 -23.4
v 2.7 6.8 -23.4
v 2.8 6.6 -23.4
v 2.8 6.7 -23.4
v 2.8 6.8 -23.4
v 2.9 6.6 -23.4
v 2.9 6.7 -23.4
v 2.9 6.8 -23.4
v 3 6.6 -23.4
v 3 6.7 -23.4
v 3 6.8 -23.4
v 3.1 6.6 -23.4
v 3.1 6.7 -23.4
v 3.1 6.8 -23.4
v 3.2 6.6 -23.4
v 3.2 6.7 -23.4
v 3.2 6.8 -23.4
v 3.3 6.6 -23.4
v 3.3 6.7 -23.4
v 3.3 6.8 -23.4
v 3.4 6.6 -23.4
v 3.4 6.8 -23.4
v 3.5 6.6 -23.4
v 3.5 6.8 -23.4
v -2.3 6.2 -23.5
v -2.3 6.6 -23.5
v -1.8 6.2 -23.5
v -1.8 6.4 -23.5
v -1.8 6.5 -23.5
v -1.8 6.6 -23.5
v -1.7 6.2 -23.5
v -1.7 6.3 -23.5
v -1.7 6.4 -23.5
v -1.7 6.5 -23.5
v -1.7 6.6 -23.5
v -1.6 6.2 -23.5
v -1.6 6.5 -23.5
v -1.6 6.6 -23.5
v -1.5 6.2 -23.5
v -1.5 6.4 -23.5
v -1.5 6.5 -23.5
v -1.5 6.6 -23.5
v -1.4 6.2 -23.5
v -1.4 6.3 -23.5
v -1.4 6.4 -23.5
v -1.4 6.5 -23.5
v -1.4 6.6 -23.5
v -1.3 6.2 -23.5
v -1.3 6.5 -23.5
v -1.3 6.6 -23.5
v -1.2 6.2 -23.5
v -1.2 6.3 -23.5
v -1.2 6.4 -23.5
v -1.2 6.5 -23.5
v -1.1 6.2 -23.5
v -1.1 6.6 -23.5
v -1 6.2 -23.5
v -1 6.3 -23.5
v -1 6.4 -23.5
v -0.9 6.3 -23.5
v -0.9 6.4 -23.5
v -0.9 6.6 -23.5
v -0.8 6.2 -23.5
v -0.8 6.3 -23.5
v -0.8 6.4 -23.5
v -0.8 6.5 -23.5
v -0.8 6.6 -23.5
v -0.7 6.2 -23.5
v -0.7 6.3 -23.5
v -0.7 6.4 -23.5
v -0.7 6.5 -23.5
v -0.6 6.2 -23.5
v -0.6 6.4 -23.5
v -0.6 6.5 -23.5
v -0.6 6.6 -23.5
v -0.5 6.2 -23.5
v -0.5 6.3 -23.5
v -0.5 6.4 -23.5
v -0.4 6.2 -23.5
v -0.4 6.3 -23.5
v -0.4 6.4 -23.5
v -0.4 6.5 -23.5
v -0.4 6.6 -23.5
v -0.3 6.2 -23.5
v -0.3 6.3 -23.5
v -0.3 6.5 -23.5
v -0.3 6.6 -23.5
v -0.2 6.3 -23.5
v -0.2 6.4 -23.5
v -0.2 6.5 -23.5
v -0.2 6.6 -23.5
v -0.0999999 6.5 -23.5
v -0.0999999 6.6 -23.5
v 0 6.2 -23.5
v 0 6.3 -23.5
v 0 6.4 -23.5
v 0 6.5 -23.5
v 0 6.6 -23.5
v 0.1 6.2 -23.5
v 0.1 6.3 -23.5
v 0.1 6.4 -23.5
v 0.1 6.5 -23.5
v 0.1 6.6 -23.5
v 0.2 6.2 -23.5
v 0.2 6.3 -23.5
v 0.2 6.4 -23.5
v 0.2 6.5 -23.5
v 0.2 6.6 -23.5
v 0.3 6.2 -23.5
v 0.3 6.3 -23.5
v 0.3 6.4 -23.5
v 0.3 6.6 -23.5
v 0.4 6.2 -23.5
v 0.4 6.3 -23.5
v 0.4 6.4 -23.5
v 0.4 6.6 -23.5
v 0.5 6.2 -23.5
v 0.5 6.3 -23.5
v 0.5 6.4 -23.5
v 0.5 6.5 -23.5
v 0.5 6.6 -23.5
v 0.6 6.3 -23.5
v 0.6 6.4 -23.5
v 0.6 6.5 -23.5
v 0.6 6.6 -23.5
v 0.7 6.2 -23.5
v 0.7 6.3 -23.5
v 0.7 6.4 -23.5
v 0.7 6.5 -23.5
v 0.7 6.6 -23.5
v 0.8 6.2 -23.5
v 0.8 6.3 -23.5
v 0.8 6.4 -23.5
v 0.8 6.5 -23.5
v 0.8 6.6 -23.5
v 0.9 6.2 -23.5
v 0.9 6.3 -23.5
v 0.9 6.4 -23.5
v 0.9 6.5 -23.5
v 0.9 6.6 -23.5
v 1 6.2 -23.5
v 1 6.3 -23.5
v 1 6.4 -23.5
v 1 6.5 -23.5
v 1 6.6 -23.5
v 1.1 6.2 -23.5
v 1.1 6.4 -23.5
v 1.1 6.5 -23.5
v 1.1 6.6 -23.5
v 1.2 6.2 -23.5
v 1.2 6.3 -23.5
v 1.2 6.4 -23.5
v 1.2 6.5 -23.5
v 1.3 6.2 -23.5
v 1.3 6.3 -23.5
v 1.3 6.5 -23.5
v 1.3 6.6 -23.5
v 1.4 6.2 -23.5
v 1.4 6.3 -23.5
v 1.4 6.4 -23.5
v 1.4 6.5 -23.5
v 1.4 6.6 -23.5
v 1.5 6.2 -23.5
v 1.5 6.4 -23.5
v 1.5 6.5 -23.5
v 1.5 6.6 -23.5
v 1.6 6.2 -23.5
v 1.6 6.6 -23.5
v 1.7 6.2 -23.5
v 1.7 6.3 -23.5
v 1.7 6.6 -23.5
v 1.8 6.2 -23.5
v 1.8 6.3 -23.5
v 1.8 6.4 -23.5
v 1.8 6.5 -23.5
v 1.8 6.6 -23.5
v 1.9 6.2 -23.5
v 1.9 6.4 -23.5
v 2 6.3 -23.5
v 2 6.4 -23.5
v 2 6.5 -23.5
v 2 6.6 -23.5
v 2.1 6.2 -23.5
v 2.1 6.3 -23.5
v 2.1 6.4 -23.5
v 2.1 6.5 -23.5
v 2.1 6.6 -23.5
v 2.2 6.2 -23.5
v 2.2 6.4 -23.5
v 2.2 6.5 -23.5
v 2.3 6.3 -23.5
v 2.3 6.4 -23.5
v 2.3 6.5 -23.5
v 2.4 6.2 -23.5
v 2.4 6.3 -23.5
v 2.4 6.4 -23.5
v 2.4 6.5 -23.5
v 2.4 6.6 -23.5
v 2.5 6.2 -23.5
v 2.5 6.3 -23.5
v 2.5 6.4 -23.5
v 2.5 6.5 -23.5
v 2.5 6.6 -23.5
v 2.6 6.2 -23.5
v 2.6 6.3 -23.5
v 2.6 6.4 -23.5
v 2.6 6.5 -23.5
v 2.6 6.6 -23.5
v 2.7 6.4 -23.5
v 2.7 6.5 -23.5
v 2.7 6.6 -23.5
v 2.8 6.2 -23.5
v 2.8 6.4 -23.5
v 2.8 6.5 -23.5
v 2.9 6.2 -23.5
v 2.9 6.4 -23.5
v 2.9 6.5 -23.5
v 2.9 6.6 -23.5
v 3 6.2 -23.5
v 3 6.3 -23.5
v 3 6.4 -23.5
v 3 6.5 -23.5
v 3 6.6 -23.5
v 3.1 6.2 -23.5
v 3.1 6.3 -23.5
v 3.1 6.4 -23.5
v 3.1 6.5 -23.5
v 3.1 6.6 -23.5
v 3.2 6.2 -23.5
v 3.2 6.5 -23.5
v 3.2 6.6 -23.5
v 3.3 6.2 -23.5
v 3.3 6.3 -23.5
v 3.3 6.5 -23.5
v 3.3 6.6 -23.5
v 3.4 6.2 -23.5
v 3.4 6.3 -23.5
v 3.4 6.5 -23.5
v 3.4 6.6 -23.5
v 3.5 6.2 -23.5
v 3.5 6.6 -23.5
v -2.3 6 -23.6
v -2.3 6.2 -23.6
v -1.8 6 -23.6
v -1.8 6.2 -23.6
v -1.7 6 -23.6
v -1.7 6.1 -23.6
v -1.7 6.2 -23.6
v -1.6 6 -23.6
v -1.6 6.1 -23.6
v -1.6 6.2 -23.6
v -1.5 6 -23.6
v -1.5 6.1 -23.6
v -1.5 6.2 -23.6
v -1.4 6 -23.6
v -1.4 6.1 -23.6
v -1.4 6.2 -23.6
v -1.3 6 -23.6
v -1.3 6.1 -23.6
v -1.3 6.2 -23.6
v -1.2 6 -23.6
v -1.1 6 -23.6
v -1.1 6.1 -23.6
v -1.1 6.2 -23.6
v -1 6 -23.6
v -1 6.1 -23.6
v -1 6.2 -23.6
v -0.9 6 -23.6
v -0.8 6 -23.6
v -0.8 6.1 -23.6
v -0.8 6.2 -23.6
v -0.7 6.1 -23.6
v -0.7 6.2 -23.6
v -0.6 6 -23.6
v -0.6 6.1 -23.6
v -0.6 6.2 -23.6
v -0.5 6.1 -23.6
v -0.5 6.2 -23.6
v -0.4 6 -23.6
v -0.4 6.1 -23.6
v -0.3 6 -23.6
v -0.3 6.1 -23.6
v -0.3 6.2 -23.6
v -0.2 6 -23.6
v -0.2 6.1 -23.6
v -0.0999999 6 -23.6
v -0.0999999 6.1 -23.6
v 0 6 -23.6
v 0 6.1 -23.6
v 0.1 6 -23.6
v 0.1 6.1 -23.6
v 0.1 6.2 -23.6
v 0.2 6 -23.6
v 0.2 6.1 -23.6
v 0.3 6.1 -23.6
v 0.3 6.2 -23.6
v 0.4 6 -23.6
v 0.4 6.1 -23.6
v 0.5 6 -23.6
v 0.5 6.2 -23.6
v 0.6 6 -23.6
v 0.6 6.1 -23.6
v 0.7 6 -23.6
v 0.7 6.1 -23.6
v 0.7 6.2 -23.6
v 0.8 6 -23.6
v 0.8 6.1 -23.6
v 0.8 6.2 -23.6
v 0.9 6 -23.6
v 0.9 6.1 -23.6
v 0.9 6.2 -23.6
v 1 6 -23.6
v 1 6.1 -23.6
v 1 6.2 -23.6
v 1.1 6.1 -23.6
v 1.1 6.2 -23.6
v 1.2 6 -23.6
v 1.2 6.1 -23.6
v 1.2 6.2 -23.6
v 1.3 6 -23.6
v 1.3 6.1 -23.6
v 1.3 6.2 -23.6
v 1.4 6 -23.6
v 1.4 6.1 -23.6
v 1.4 6.2 -23.6
v 1.5 6 -23.6
v 1.5 6.1 -23.6
v 1.5 6.2 -23.6
v 1.6 6 -23.6
v 1.6 6.2 -23.6
v 1.7 6 -23.6
v 1.7 6.1 -23.6
v 1.7 6.2 -23.6
v 1.8 6 -23.6
v 1.8 6.1 -23.6
v 1.8 6.2 -23.6
v 1.9 6 -23.6
v 1.9 6.2 -23.6
v 2 6 -23.6
v 2.1 6 -23.6
v 2.1 6.1 -23.6
v 2.2 6 -23.6
v 2.2 6.1 -23.6
v 2.2 6.2 -23.6
v 2.4 6 -23.6
v 2.4 6.2 -23.6
v 2.5 6 -23.6
v 2.5 6.1 -23.6
v 2.5 6.2 -23.6
v 2.6 6 -23.6
v 2.6 6.1 -23.6
v 2.6 6.2 -23.6
v 2.7 6 -23.6
v 2.7 6.1 -23.6
v 2.8 6 -23.6
v 2.8 6.2 -23.6
v 2.9 6 -23.6
v 2.9 6.1 -23.6
v 2.9 6.2 -23.6
v 3 6 -23.6
v 3 6.1 -23.6
v 3 6.2 -23.6
v 3.1 6 -23.6
v 3.1 6.1 -23.6
v 3.2 6 -23.6
v 3.2 6.2 -23.6
v 3.3 6 -23.6
v 3.3 6.2 -23.6
v 3.4 6 -23.6
v 3.4 6.2 -23.6
v 3.5 6 -23.6
v 3.5 6.2 -23.6
v -2.3 5.6 -23.7
v -2.3 6 -23.7
v -1.8 5.6 -23.7
v -1.8 5.7 -23.7
v -1.8 6 -23.7
v -1.7 5.8 -23.7
v -1.7 5.9 -23.7
v -1.7 6 -23.7
v -1.6 5.7 -23.7
v -1.6 5.8 -23.7
v -1.6 5.9 -23.7
v -1.6 6 -23.7
v -1.5 5.6 -23.7
v -1.5 5.7 -23.7
v -1.5 5.8 -23.7
v -1.4 5.6 -23.7
v -1.4 5.7 -23.7
v -1.4 5.8 -23.7
v -1.4 5.9 -23.7
v -1.4 6 -23.7
v -1.3 5.8 -23.7
v -1.3 5.9 -23.7
v -1.3 6 -23.7
v -1.2 5.6 -23.7
v -1.2 5.7 -23.7
v -1.2 5.8 -23.7
v -1.2 5.9 -23.7
v -1.2 6 -23.7
v -1.1 5.6 -23.7
v -1.1 5.9 -23.7
v -1.1 6 -23.7
v -1 5.6 -23.7
v -1 5.7 -23.7
v -1 5.8 -23.7
v -1 5.9 -23.7
v -1 6 -23.7
v -0.9 5.6 -23.7
v -0.9 5.8 -23.7
v -0.9 5.9 -23.7
v -0.9 6 -23.7
v -0.8 5.6 -23.7
v -0.8 5.7 -23.7
v -0.8 5.8 -23.7
v -0.8 5.9 -23.7
v -0.8 6 -23.7
v -0.7 5.6 -23.7
v -0.7 5.7 -23.7
v -0.7 5.8 -23.7
v -0.7 5.9 -23.7
v -0.6 5.7 -23.7
v -0.6 5.8 -23.7
v -0.6 5.9 -23.7
v -0.6 6 -23.7
v -0.5 5.6 -23.7
v -0.5 5.8 -23.7
v -0.4 5.6 -23.7
v -0.4 5.7 -23.7
v -0.4 6 -23.7
v -0.3 5.6 -23.7
v -0.3 5.7 -23.7
v -0.3 5.8 -23.7
v -0.3 5.9 -23.7
v -0.3 6 -23.7
v -0.2 5.6 -23.7
v -0.2 5.7 -23.7
v -0.2 5.8 -23.7
v -0.0999999 5.6 -23.7
v -0.0999999 5.7 -23.7
v -0.0999999 5.8 -23.7
v -0.0999999 5.9 -23.7
v -0.0999999 6 -23.7
v 0 5.7 -23.7
v 0 5.8 -23.7
v 0 5.9 -23.7
v 0 6 -23.7
v 0.1 5.6 -23.7
v 0.1 5.7 -23.7
v 0.1 5.8 -23.7
v 0.1 5.9 -23.7
v 0.1 6 -23.7
v 0.2 5.6 -23.7
v 0.2 5.7 -23.7
v 0.2 5.8 -23.7
v 0.2 6 -23.7
v 0.3 5.6 -23.7
v 0.3 5.7 -23.7
v 0.3 5.8 -23.7
v 0.4 5.7 -23.7
v 0.4 5.8 -23.7
v 0.4 5.9 -23.7
v 0.4 6 -23.7
v 0.5 5.6 -23.7
v 0.5 5.7 -23.7
v 0.5 5.8 -23.7
v 0.5 5.9 -23.7
v 0.6 5.6 -23.7
v 0.6 5.8 -23.7
v 0.6 5.9 -23.7
v 0.7 5.6 -23.7
v 0.7 5.7 -23.7
v 0.7 6 -23.7
v 0.8 5.6 -23.7
v 0.8 5.7 -23.7
v 0.8 5.8 -23.7
v 0.8 5.9 -23.7
v 0.8 6 -23.7
v 0.9 5.6 -23.7
v 1 5.8 -23.7
v 1 5.9 -23.7
v 1 6 -23.7
v 1.1 5.6 -23.7
v 1.1 5.7 -23.7
v 1.1 5.8 -23.7
v 1.2 5.6 -23.7
v 1.2 5.7 -23.7
v 1.2 5.9 -23.7
v 1.2 6 -23.7
v 1.3 5.6 -23.7
v 1.3 5.8 -23.7
v 1.4 5.6 -23.7
v 1.4 5.7 -23.7
v 1.4 5.9 -23.7
v 1.4 6 -23.7
v 1.5 5.6 -23.7
v 1.5 5.7 -23.7
v 1.5 5.8 -23.7
v 1.5 5.9 -23.7
v 1.5 6 -23.7
v 1.6 5.6 -23.7
v 1.6 5.7 -23.7
v 1.6 5.8 -23.7
v 1.6 6 -23.7
v 1.7 5.6 -23.7
v 1.7 5.7 -23.7
v 1.7 5.8 -23.7
v 1.7 5.9 -23.7
v 1.7 6 -23.7
v 1.8 5.6 -23.7
v 1.8 5.7 -23.7
v 1.8 5.8 -23.7
v 1.8 5.9 -23.7
v 1.8 6 -23.7
v 1.9 5.6 -23.7
v 1.9 5.7 -23.7
v 1.9 5.8 -23.7
v 1.9 5.9 -23.7
v 1.9 6 -23.7
v 2 5.6 -23.7
v 2 5.7 -23.7
v 2 5.8 -23.7
v 2 6 -23.7
v 2.1 5.6 -23.7
v 2.1 5.7 -23.7
v 2.1 5.8 -23.7
v 2.1 5.9 -23.7
v 2.1 6 -23.7
v 2.2 5.6 -23.7
v 2.2 5.7 -23.7
v 2.2 5.8 -23.7
v 2.2 5.9 -23.7
v 2.2 6 -23.7
v 2.3 5.6 -23.7
v 2.4 5.7 -23.7
v 2.4 5.8 -23.7
v 2.4 6 -23.7
v 2.5 5.6 -23.7
v 2.5 5.7 -23.7
v 2.5 5.8 -23.7
v 2.5 5.9 -23.7
v 2.5 6 -23.7
v 2.6 5.6 -23.7
v 2.6 5.7 -23.7
v 2.6 5.9 -23.7
v 2.6 6 -23.7
v 2.7 5.6 -23.7
v 2.7 5.8 -23.7
v 2.7 5.9 -23.7
v 2.7 6 -23.7
v 2.8 5.6 -23.7
v 2.8 5.7 -23.7
v 2.8 5.8 -23.7
v 2.8 5.9 -23.7
v 2.8 6 -23.7
v 2.9 5.6 -23.7
v 2.9 5.7 -23.7
v 2.9 5.8 -23.7
v 2.9 5.9 -23.7
v 2.9 6 -23.7
v 3 5.8 -23.7
v 3 5.9 -23.7
v 3 6 -23.7
v 3.1 5.6 -23.7
v 3.1 5.9 -23.7
v 3.1 6 -23.7
v 3.2 5.6 -23.7
v 3.2 5.7 -23.7
v 3.2 5.8 -23.7
v 3.2 5.9 -23.7
v 3.2 6 -23.7
v 3.3 5.6 -23.7
v 3.3 5.7 -23.7
v 3.3 5.8 -23.7
v 3.3 5.9 -23.7
v 3.3 6 -23.7
v 3.4 5.6 -23.7
v 3.4 5.7 -23.7
v 3.4 5.9 -23.7
v 3.4 6 -23.7
v 3.5 5.6 -23.7
v 3.5 6 -23.7
v -2.3 5.4 -23.8
v -2.3 5.6 -23.8
v -1.8 5.4 -23.8
v -1.8 5.6 -23.8
v -1.7 5.4 -23.8
v -1.7 5.5 -23.8
v -1.6 5.4 -23.8
v -1.6 5.5 -23.8
v -1.5 5.4 -23.8
v -1.5 5.5 -23.8
v -1.5 5.6 -23.8
v -1.4 5.4 -23.8
v -1.3 5.4 -23.8
v -1.2 5.4 -23.8
v -1.2 5.6 -23.8
v -1.1 5.4 -23.8
v -1.1 5.6 -23.8
v -1 5.4 -23.8
v -1 5.6 -23.8
v -0.9 5.4 -23.8
v -0.9 5.5 -23.8
v -0.9 5.6 -23.8
v -0.8 5.4 -23.8
v -0.8 5.5 -23.8
v -0.8 5.6 -23.8
v -0.7 5.4 -23.8
v -0.7 5.5 -23.8
v -0.7 5.6 -23.8
v -0.6 5.4 -23.8
v -0.6 5.5 -23.8
v -0.5 5.4 -23.8
v -0.5 5.6 -23.8
v -0.4 5.4 -23.8
v -0.4 5.5 -23.8
v -0.4 5.6 -23.8
v -0.3 5.4 -23.8
v -0.2 5.4 -23.8
v -0.2 5.5 -23.8
v -0.2 5.6 -23.8
v -0.0999999 5.4 -23.8
v 0 5.4 -23.8
v 0.1 5.5 -23.8
v 0.1 5.6 -23.8
v 0.2 5.4 -23.8
v 0.2 5.5 -23.8
v 0.2 5.6 -23.8
v 0.3 5.4 -23.8
v 0.3 5.5 -23.8
v 0.4 5.4 -23.8
v 0.4 5.5 -23.8
v 0.5 5.4 -23.8
v 0.5 5.5 -23.8
v 0.5 5.6 -23.8
v 0.6 5.4 -23.8
v 0.7 5.4 -23.8
v 0.7 5.5 -23.8
v 0.7 5.6 -23.8
v 0.8 5.4 -23.8
v 0.8 5.5 -23.8
v 0.9 5.4 -23.8
v 0.9 5.5 -23.8
v 0.9 5.6 -23.8
v 1.1 5.4 -23.8
v 1.1 5.5 -23.8
v 1.2 5.4 -23.8
v 1.2 5.5 -23.8
v 1.2 5.6 -23.8
v 1.3 5.4 -23.8
v 1.3 5.5 -23.8
v 1.4 5.4 -23.8
v 1.4 5.5 -23.8
v 1.4 5.6 -23.8
v 1.5 5.4 -23.8
v 1.5 5.5 -23.8
v 1.5 5.6 -23.8
v 1.6 5.4 -23.8
v 1.6 5.5 -23.8
v 1.6 5.6 -23.8
v 1.7 5.4 -23.8
v 1.7 5.5 -23.8
v 1.7 5.6 -23.8
v 1.8 5.4 -23.8
v 1.8 5.5 -23.8
v 1.8 5.6 -23.8
v 1.9 5.4 -23.8
v 1.9 5.6 -23.8
v 2 5.4 -23.8
v 2 5.6 -23.8
v 2.1 5.4 -23.8
v 2.1 5.5 -23.8
v 2.1 5.6 -23.8
v 2.2 5.4 -23.8
v 2.2 5.5 -23.8
v 2.3 5.4 -23.8
v 2.3 5.6 -23.8
v 2.5 5.4 -23.8
v 2.5 5.6 -23.8
v 2.6 5.4 -23.8
v 2.6 5.5 -23.8
v 2.7 5.5 -23.8
v 2.7 5.6 -23.8
v 2.8 5.4 -23.8
v 2.8 5.6 -23.8
v 2.9 5.4 -23.8
v 2.9 5.5 -23.8
v 3 5.4 -23.8
v 3 5.5 -23.8
v 3.1 5.4 -23.8
v 3.1 5.5 -23.8
v 3.1 5.6 -23.8
v 3.2 5.4 -23.8
v 3.2 5.5 -23.8
v 3.2 5.6 -23.8
v 3.3 5.4 -23.8
v 3.3 5.5 -23.8
v 3.3 5.6 -23.8
v 3.4 5.4 -23.8
v 3.4 5.5 -23.8
v 3.4 5.6 -23.8
v 3.5 5.4 -23.8
v 3.5 5.6 -23.8
v -2.3 5.1 -23.9
v -2.3 5.4 -23.9
v -1.8 5.1 -23.9
v -1.8 5.4 -23.9
v -1.7 5.1 -23.9
v -1.6 5.1 -23.9
v -1.6 5.3 -23.9
v -1.6 5.4 -23.9
v -1.5 5.1 -23.9
v -1.5 5.3 -23.9
v -1.5 5.4 -23.9
v -1.4 5.1 -23.9
v -1.4 5.3 -23.9
v -1.4 5.4 -23.9
v -1.3 5.1 -23.9
v -1.3 5.3 -23.9
v -1.3 5.4 -23.9
v -1.2 5.1 -23.9
v -1.2 5.3 -23.9
v -1.2 5.4 -23.9
v -1.1 5.1 -23.9
v -1.1 5.2 -23.9
v -1.1 5.3 -23.9
v -1.1 5.4 -23.9
v -1 5.1 -23.9
v -1 5.2 -23.9
v -1 5.3 -23.9
v -1 5.4 -23.9
v -0.9 5.1 -23.9
v -0.9 5.2 -23.9
v -0.9 5.3 -23.9
v -0.9 5.4 -23.9
v -0.8 5.1 -23.9
v -0.8 5.2 -23.9
v -0.8 5.3 -23.9
v -0.8 5.4 -23.9
v -0.7 5.1 -23.9
v -0.7 5.2 -23.9
v -0.7 5.3 -23.9
v -0.7 5.4 -23.9
v -0.6 5.1 -23.9
v -0.6 5.2 -23.9
v -0.6 5.3 -23.9
v -0.6 5.4 -23.9
v -0.5 5.1 -23.9
v -0.5 5.2 -23.9
v -0.5 5.3 -23.9
v -0.5 5.4 -23.9
v -0.4 5.1 -23.9
v -0.4 5.2 -23.9
v -0.4 5.4 -23.9
v -0.3 5.2 -23.9
v -0.3 5.3 -23.9
v -0.3 5.4 -23.9
v -0.2 5.1 -23.9
v -0.2 5.2 -23.9
v -0.2 5.3 -23.9
v -0.2 5.4 -23.9
v -0.0999999 5.2 -23.9
v -0.0999999 5.3 -23.9
v -0.0999999 5.4 -23.9
v 0 5.1 -23.9
v 0 5.2 -23.9
v 0 5.3 -23.9
v 0 5.4 -23.9
v 0.1 5.1 -23.9
v 0.1 5.2 -23.9
v 0.1 5.3 -23.9
v 0.2 5.1 -23.9
v 0.2 5.2 -23.9
v 0.2 5.3 -23.9
v 0.2 5.4 -23.9
v 0.3 5.1 -23.9
v 0.3 5.2 -23.9
v 0.3 5.3 -23.9
v 0.3 5.4 -23.9
v 0.4 5.1 -23.9
v 0.4 5.2 -23.9
v 0.4 5.3 -23.9
v 0.4 5.4 -23.9
v 0.5 5.1 -23.9
v 0.5 5.2 -23.9
v 0.5 5.3 -23.9
v 0.6 5.1 -23.9
v 0.6 5.2 -23.9
v 0.6 5.3 -23.9
v 0.6 5.4 -23.9
v 0.7 5.1 -23.9
v 0.7 5.2 -23.9
v 0.7 5.3 -23.9
v 0.7 5.4 -23.9
v 0.8 5.1 -23.9
v 0.8 5.2 -23.9
v 0.8 5.3 -23.9
v 0.8 5.4 -23.9
v 0.9 5.1 -23.9
v 0.9 5.2 -23.9
v 0.9 5.3 -23.9
v 0.9 5.4 -23.9
v 1 5.1 -23.9
v 1 5.2 -23.9
v 1.1 5.1 -23.9
v 1.1 5.2 -23.9
v 1.1 5.3 -23.9
v 1.1 5.4 -23.9
v 1.2 5.1 -23.9
v 1.2 5.2 -23.9
v 1.2 5.3 -23.9
v 1.2 5.4 -23.9
v 1.3 5.1 -23.9
v 1.3 5.3 -23.9
v 1.3 5.4 -23.9
v 1.4 5.2 -23.9
v 1.4 5.3 -23.9
v 1.4 5.4 -23.9
v 1.5 5.1 -23.9
v 1.5 5.2 -23.9
v 1.5 5.3 -23.9
v 1.5 5.4 -23.9
v 1.6 5.1 -23.9
v 1.6 5.3 -23.9
v 1.6 5.4 -23.9
v 1.7 5.1 -23.9
v 1.7 5.3 -23.9
v 1.8 5.1 -23.9
v 1.8 5.2 -23.9
v 1.8 5.3 -23.9
v 1.8 5.4 -23.9
v 1.9 5.2 -23.9
v 1.9 5.3 -23.9
v 2 5.1 -23.9
v 2 5.2 -23.9
v 2.1 5.1 -23.9
v 2.1 5.2 -23.9
v 2.1 5.3 -23.9
v 2.1 5.4 -23.9
v 2.2 5.1 -23.9
v 2.2 5.2 -23.9
v 2.2 5.3 -23.9
v 2.2 5.4 -23.9
v 2.3 5.1 -23.9
v 2.3 5.2 -23.9
v 2.3 5.3 -23.9
v 2.3 5.4 -23.9
v 2.4 5.1 -23.9
v 2.4 5.2 -23.9
v 2.5 5.3 -23.9
v 2.5 5.4 -23.9
v 2.6 5.1 -23.9
v 2.6 5.2 -23.9
v 2.6 5.3 -23.9
v 2.6 5.4 -23.9
v 2.8 5.1 -23.9
v 2.8 5.2 -23.9
v 2.8 5.3 -23.9
v 2.8 5.4 -23.9
v 2.9 5.1 -23.9
v 2.9 5.2 -23.9
v 2.9 5.4 -23.9
v 3 5.3 -23.9
v 3 5.4 -23.9
v 3.1 5.1 -23.9
v 3.1 5.2 -23.9
v 3.1 5.3 -23.9
v 3.1 5.4 -23.9
v 3.2 5.1 -23.9
v 3.2 5.2 -23.9
v 3.2 5.3 -23.9
v 3.2 5.4 -23.9
v 3.3 5.1 -23.9
v 3.3 5.3 -23.9
v 3.3 5.4 -23.9
v 3.4 5.1 -23.9
v 3.4 5.2 -23.9
v 3.4 5.3 -23.9
v 3.4 5.4 -23.9
v 3.5 5.1 -23.9
v 3.5 5.4 -23.9
v -2.3 4.9 -24
v -2.3 5.1 -24
v -1.8 4.9 -24
v -1.8 5 -24
v -1.8 5.1 -24
v -1.7 4.9 -24
v -1.7 5 -24
v -1.7 5.1 -24
v -1.6 4.9 -24
v -1.6 5 -24
v -1.6 5.1 -24
v -1.5 4.9 -24
v -1.5 5 -24
v -1.5 5.1 -24
v -1.4 4.9 -24
v -1.4 5.1 -24
v -1.3 4.9 -24
v -1.3 5.1 -24
v -1.2 4.9 -24
v -1.2 5.1 -24
v -1.1 4.9 -24
v -1.1 5 -24
v -1 4.9 -24
v -1 5 -24
v -0.9 4.9 -24
v -0.9 5.1 -24
v -0.8 4.9 -24
v -0.8 5 -24
v -0.7 4.9 -24
v -0.7 5 -24
v -0.7 5.1 -24
v -0.6 5 -24
v -0.6 5.1 -24
v -0.5 4.9 -24
v -0.5 5 -24
v -0.5 5.1 -24
v -0.4 4.9 -24
v -0.4 5 -24
v -0.4 5.1 -24
v -0.3 4.9 -24
v -0.3 5 -24
v -0.2 4.9 -24
v -0.2 5 -24
v -0.2 5.1 -24
v 0 4.9 -24
v 0 5 -24
v 0.1 4.9 -24
v 0.1 5 -24
v 0.1 5.1 -24
v 0.2 4.9 -24
v 0.2 5 -24
v 0.2 5.1 -24
v 0.3 4.9 -24
v 0.3 5.1 -24
v 0.4 4.9 -24
v 0.4 5.1 -24
v 0.5 4.9 -24
v 0.5 5 -24
v 0.6 5 -24
v 0.6 5.1 -24
v 0.7 4.9 -24
v 0.7 5 -24
v 0.7 5.1 -24
v 0.8 4.9 -24
v 0.8 5 -24
v 0.9 4.9 -24
v 0.9 5 -24
v 0.9 5.1 -24
v 1 4.9 -24
v 1 5 -24
v 1.1 4.9 -24
v 1.1 5 -24
v 1.1 5.1 -24
v 1.2 4.9 -24
v 1.2 5 -24
v 1.2 5.1 -24
v 1.3 4.9 -24
v 1.3 5 -24
v 1.3 5.1 -24
v 1.4 4.9 -24
v 1.4 5 -24
v 1.5 5 -24
v 1.5 5.1 -24
v 1.6 4.9 -24
v 1.6 5.1 -24
v 1.7 4.9 -24
v 1.7 5 -24
v 1.8 4.9 -24
v 1.8 5 -24
v 1.8 5.1 -24
v 1.9 4.9 -24
v 2 4.9 -24
v 2 5.1 -24
v 2.1 4.9 -24
v 2.1 5.1 -24
v 2.2 4.9 -24
v 2.2 5.1 -24
v 2.3 4.9 -24
v 2.3 5 -24
v 2.4 4.9 -24
v 2.4 5 -24
v 2.6 4.9 -24
v 2.6 5 -24
v 2.7 4.9 -24
v 2.7 5 -24
v 2.8 4.9 -24
v 2.8 5 -24
v 2.9 4.9 -24
v 2.9 5 -24
v 3 4.9 -24
v 3.1 4.9 -24
v 3.1 5 -24
v 3.1 5.1 -24
v 3.2 4.9 -24
v 3.2 5 -24
v 3.2 5.1 -24
v 3.3 5 -24
v 3.3 5.1 -24
v 3.4 4.9 -24
v 3.4 5 -24
v 3.4 5.1 -24
v 3.5 4.9 -24
v 3.5 5.1 -24
v -2.3 4.7 -24.1
v -2.3 4.9 -24.1
v -1.8 4.7 -24.1
v -1.8 4.8 -24.1
v -1.8 4.9 -24.1
v -1.7 4.7 -24.1
v -1.7 4.8 -24.1
v -1.6 4.7 -24.1
v -1.6 4.8 -24.1
v -1.6 4.9 -24.1
v -1.5 4.7 -24.1
v -1.5 4.8 -24.1
v -1.5 4.9 -24.1
v -1.4 4.7 -24.1
v -1.4 4.8 -24.1
v -1.4 4.9 -24.1
v -1.3 4.7 -24.1
v -1.3 4.8 -24.1
v -1.3 4.9 -24.1
v -1.2 4.7 -24.1
v -1.2 4.8 -24.1
v -1.2 4.9 -24.1
v -1.1 4.8 -24.1
v -1.1 4.9 -24.1
v -1 4.7 -24.1
v -1 4.8 -24.1
v -0.9 4.7 -24.1
v -0.9 4.8 -24.1
v -0.9 4.9 -24.1
v -0.8 4.7 -24.1
v -0.8 4.8 -24.1
v -0.8 4.9 -24.1
v -0.7 4.7 -24.1
v -0.7 4.8 -24.1
v -0.7 4.9 -24.1
v -0.6 4.7 -24.1
v -0.6 4.8 -24.1
v -0.5 4.7 -24.1
v -0.5 4.9 -24.1
v -0.4 4.8 -24.1
v -0.4 4.9 -24.1
v -0.3 4.7 -24.1
v -0.3 4.8 -24.1
v -0.3 4.9 -24.1
v -0.2 4.7 -24.1
v -0.2 4.9 -24.1
v -0.0999999 4.7 -24.1
v -0.0999999 4.8 -24.1
v 0 4.8 -24.1
v 0 4.9 -24.1
v 0.1 4.7 -24.1
v 0.1 4.8 -24.1
v 0.1 4.9 -24.1
v 0.2 4.7 -24.1
v 0.2 4.8 -24.1
v 0.2 4.9 -24.1
v 0.3 4.8 -24.1
v 0.3 4.9 -24.1
v 0.5 4.7 -24.1
v 0.5 4.8 -24.1
v 0.5 4.9 -24.1
v 0.6 4.7 -24.1
v 0.7 4.7 -24.1
v 0.8 4.7 -24.1
v 0.8 4.8 -24.1
v 0.9 4.7 -24.1
v 0.9 4.8 -24.1
v 0.9 4.9 -24.1
v 1 4.7 -24.1
v 1 4.8 -24.1
v 1 4.9 -24.1
v 1.1 4.7 -24.1
v 1.1 4.8 -24.1
v 1.1 4.9 -24.1
v 1.2 4.7 -24.1
v 1.3 4.7 -24.1
v 1.3 4.8 -24.1
v 1.3 4.9 -24.1
v 1.4 4.7 -24.1
v 1.4 4.8 -24.1
v 1.4 4.9 -24.1
v 1.5 4.7 -24.1
v 1.5 4.8 -24.1
v 1.6 4.7 -24.1
v 1.6 4.8 -24.1
v 1.6 4.9 -24.1
v 1.7 4.7 -24.1
v 1.7 4.9 -24.1
v 1.8 4.7 -24.1
v 1.8 4.9 -24.1
v 1.9 4.7 -24.1
v 1.9 4.8 -24.1
v 1.9 4.9 -24.1
v 2 4.7 -24.1
v 2 4.8 -24.1
v 2 4.9 -24.1
v 2.1 4.7 -24.1
v 2.1 4.8 -24.1
v 2.1 4.9 -24.1
v 2.2 4.7 -24.1
v 2.2 4.8 -24.1
v 2.3 4.7 -24.1
v 2.3 4.8 -24.1
v 2.4 4.7 -24.1
v 2.4 4.8 -24.1
v 2.5 4.7 -24.1
v 2.5 4.8 -24.1
v 2.6 4.7 -24.1
v 2.6 4.9 -24.1
v 2.7 4.8 -24.1
v 2.7 4.9 -24.1
v 2.8 4.7 -24.1
v 2.8 4.8 -24.1
v 2.9 4.7 -24.1
v 2.9 4.8 -24.1
v 2.9 4.9 -24.1
v 3 4.7 -24.1
v 3 4.8 -24.1
v 3 4.9 -24.1
v 3.1 4.7 -24.1
v 3.1 4.8 -24.1
v 3.1 4.9 -24.1
v 3.2 4.7 -24.1
v 3.2 4.8 -24.1
v 3.2 4.9 -24.1
v 3.3 4.7 -24.1
v 3.3 4.8 -24.1
v 3.4 4.7 -24.1
v 3.4 4.8 -24.1
v 3.4 4.9 -24.1
v 3.5 4.7 -24.1
v 3.5 4.9 -24.1
v -2.3 4.3 -24.2
v -2.3 4.7 -24.2
v -1.8 1.5 -24.2
v -1.8 1.7 -24.2
v -1.8 2 -24.2
v -1.8 2.1 -24.2
v -1.8 2.4 -24.2
v -1.8 2.5 -24.2
v -1.8 2.8 -24.2
v -1.8 2.9 -24.2
v -1.8 3.2 -24.2
v -1.8 3.3 -24.2
v -1.8 3.6 -24.2
v -1.8 3.7 -24.2
v -1.8 4 -24.2
v -1.8 4.1 -24.2
v -1.8 4.2 -24.2
v -1.8 4.3 -24.2
v -1.8 4.4 -24.2
v -1.8 4.5 -24.2
v -1.8 4.6 -24.2
v -1.8 4.7 -24.2
v -1.7 4.2 -24.2
v -1.7 4.3 -24.2
v -1.7 4.4 -24.2
v -1.7 4.5 -24.2
v -1.7 4.6 -24.2
v -1.7 4.7 -24.2
v -1.6 4.2 -24.2
v -1.6 4.3 -24.2
v -1.6 4.4 -24.2
v -1.6 4.5 -24.2
v -1.6 4.6 -24.2
v -1.5 4.2 -24.2
v -1.5 4.3 -24.2
v -1.5 4.4 -24.2
v -1.5 4.6 -24.2
v -1.5 4.7 -24.2
v -1.4 4.6 -24.2
v -1.4 4.7 -24.2
v -1.3 4.2 -24.2
v -1.3 4.3 -24.2
v -1.3 4.4 -24.2
v -1.3 4.6 -24.2
v -1.2 4.2 -24.2
v -1.2 4.3 -24.2
v -1.2 4.4 -24.2
v -1.2 4.6 -24.2
v -1.2 4.7 -24.2
v -1.1 4.2 -24.2
v -1.1 4.3 -24.2
v -1 4.5 -24.2
v -1 4.7 -24.2
v -0.9 4.5 -24.2
v -0.9 4.7 -24.2
v -0.8 4.5 -24.2
v -0.8 4.7 -24.2
v -0.7 4.2 -24.2
v -0.7 4.3 -24.2
v -0.7 4.5 -24.2
v -0.7 4.6 -24.2
v -0.7 4.7 -24.2
v -0.6 4.5 -24.2
v -0.6 4.6 -24.2
v -0.5 4.2 -24.2
v -0.5 4.3 -24.2
v -0.5 4.5 -24.2
v -0.5 4.6 -24.2
v -0.5 4.7 -24.2
v -0.4 4.3 -24.2
v -0.4 4.4 -24.2
v -0.4 4.5 -24.2
v -0.3 4.4 -24.2
v -0.3 4.5 -24.2
v -0.3 4.6 -24.2
v -0.3 4.7 -24.2
v -0.2 4.2 -24.2
v -0.2 4.3 -24.2
v -0.2 4.4 -24.2
v -0.2 4.5 -24.2
v -0.2 4.6 -24.2
v -0.2 4.7 -24.2
v -0.0999999 4.2 -24.2
v -0.0999999 4.3 -24.2
v -0.0999999 4.4 -24.2
v -0.0999999 4.5 -24.2
v -0.0999999 4.6 -24.2
v -0.0999999 4.7 -24.2
v 0 4.2 -24.2
v 0 4.3 -24.2
v 0 4.5 -24.2
v 0 4.6 -24.2
v 0.1 4.2 -24.2
v 0.1 4.3 -24.2
v 0.1 4.4 -24.2
v 0.1 4.6 -24.2
v 0.2 4.4 -24.2
v 0.2 4.6 -24.2
v 0.2 4.7 -24.2
v 0.3 4.3 -24.2
v 0.3 4.4 -24.2
v 0.3 4.5 -24.2
v 0.3 4.6 -24.2
v 0.4 4.2 -24.2
v 0.4 4.3 -24.2
v 0.4 4.4 -24.2
v 0.4 4.5 -24.2
v 0.5 4.2 -24.2
v 0.5 4.3 -24.2
v 0.5 4.4 -24.2
v 0.5 4.5 -24.2
v 0.5 4.6 -24.2
v 0.6 4.4 -24.2
v 0.6 4.5 -24.2
v 0.6 4.6 -24.2
v 0.6 4.7 -24.2
v 0.7 4.2 -24.2
v 0.7 4.3 -24.2
v 0.7 4.4 -24.2
v 0.7 4.5 -24.2
v 0.7 4.6 -24.2
v 0.7 4.7 -24.2
v 0.8 4.4 -24.2
v 0.8 4.5 -24.2
v 0.9 4.2 -24.2
v 0.9 4.3 -24.2
v 0.9 4.4 -24.2
v 0.9 4.5 -24.2
v 0.9 4.6 -24.2
v 0.9 4.7 -24.2
v 1 4.2 -24.2
v 1 4.3 -24.2
v 1 4.4 -24.2
v 1 4.6 -24.2
v 1 4.7 -24.2
v 1.1 4.2 -24.2
v 1.1 4.3 -24.2
v 1.1 4.4 -24.2
v 1.1 4.6 -24.2
v 1.1 4.7 -24.2
v 1.2 4.2 -24.2
v 1.2 4.3 -24.2
v 1.2 4.4 -24.2
v 1.2 4.5 -24.2
v 1.2 4.6 -24.2
v 1.2 4.7 -24.2
v 1.3 4.2 -24.2
v 1.3 4.3 -24.2
v 1.3 4.4 -24.2
v 1.3 4.5 -24.2
v 1.3 4.6 -24.2
v 1.3 4.7 -24.2
v 1.4 4.2 -24.2
v 1.4 4.3 -24.2
v 1.4 4.4 -24.2
v 1.4 4.5 -24.2
v 1.4 4.6 -24.2
v 1.4 4.7 -24.2
v 1.5 4.2 -24.2
v 1.5 4.3 -24.2
v 1.5 4.4 -24.2
v 1.5 4.5 -24.2
v 1.6 4.2 -24.2
v 1.6 4.3 -24.2
v 1.6 4.6 -24.2
v 1.7 4.2 -24.2
v 1.7 4.3 -24.2
v 1.7 4.5 -24.2
v 1.8 4.4 -24.2
v 1.8 4.5 -24.2
v 1.8 4.6 -24.2
v 1.8 4.7 -24.2
v 1.9 4.2 -24.2
v 1.9 4.3 -24.2
v 1.9 4.4 -24.2
v 1.9 4.5 -24.2
v 1.9 4.6 -24.2
v 1.9 4.7 -24.2
v 2 4.2 -24.2
v 2 4.3 -24.2
v 2 4.4 -24.2
v 2 4.5 -24.2
v 2 4.6 -24.2
v 2 4.7 -24.2
v 2.1 4.2 -24.2
v 2.1 4.3 -24.2
v 2.1 4.4 -24.2
v 2.1 4.5 -24.2
v 2.1 4.6 -24.2
v 2.1 4.7 -24.2
v 2.2 4.2 -24.2
v 2.2 4.3 -24.2
v 2.2 4.4 -24.2
v 2.2 4.6 -24.2
v 2.2 4.7 -24.2
v 2.3 4.2 -24.2
v 2.3 4.3 -24.2
v 2.3 4.4 -24.2
v 2.3 4.6 -24.2
v 2.3 4.7 -24.2
v 2.4 4.2 -24.2
v 2.4 4.3 -24.2
v 2.4 4.4 -24.2
v 2.4 4.6 -24.2
v 2.5 4.2 -24.2
v 2.5 4.3 -24.2
v 2.5 4.4 -24.2
v 2.5 4.6 -24.2
v 2.6 4.2 -24.2
v 2.6 4.3 -24.2
v 2.6 4.4 -24.2
v 2.6 4.5 -24.2
v 2.6 4.6 -24.2
v 2.6 4.7 -24.2
v 2.7 4.2 -24.2
v 2.7 4.3 -24.2
v 2.7 4.4 -24.2
v 2.7 4.5 -24.2
v 2.8 4.2 -24.2
v 2.8 4.3 -24.2
v 2.8 4.4 -24.2
v 2.8 4.6 -24.2
v 2.8 4.7 -24.2
v 2.9 4.2 -24.2
v 2.9 4.3 -24.2
v 2.9 4.5 -24.2
v 2.9 4.6 -24.2
v 2.9 4.7 -24.2
v 3 1.5 -24.2
v 3 1.7 -24.2
v 3 2 -24.2
v 3 2.1 -24.2
v 3 2.4 -24.2
v 3 2.5 -24.2
v 3 2.8 -24.2
v 3 2.9 -24.2
v 3 3.2 -24.2
v 3 3.3 -24.2
v 3 3.6 -24.2
v 3 3.7 -24.2
v 3 4 -24.2
v 3 4.1 -24.2
v 3 4.2 -24.2
v 3 4.3 -24.2
v 3 4.4 -24.2
v 3 4.5 -24.2
v 3.1 4.3 -24.2
v 3.1 4.4 -24.2
v 3.1 4.5 -24.2
v 3.1 4.6 -24.2
v 3.1 4.7 -24.2
v 3.2 4.3 -24.2
v 3.2 4.4 -24.2
v 3.2 4.6 -24.2
v 3.2 4.7 -24.2
v 3.3 4.3 -24.2
v 3.3 4.4 -24.2
v 3.3 4.5 -24.2
v 3.4 4.3 -24.2
v 3.4 4.4 -24.2
v 3.4 4.5 -24.2
v 3.4 4.6 -24.2
v 3.4 4.7 -24.2
v 3.5 4.3 -24.2
v 3.5 4.7 -24.2
v -2.3 4.2 -24.3
v -2.3 4.3 -24.3
v -2.1 0 -24.3
v -2.1 4.2 -24.3
v -1.8 0 -24.3
v -1.8 0.2 -24.3
v -1.8 0.4 -24.3
v -1.8 0.5 -24.3
v -1.8 1 -24.3
v -1.8 1.1 -24.3
v -1.8 1.3 -24.3
v -1.8 4.2 -24.3
v -1.8 4.3 -24.3
v -1.7 4.2 -24.3
v -1.7 4.3 -24.3
v -1.6 4.2 -24.3
v -1.6 4.3 -24.3
v -1.5 4.2 -24.3
v -1.5 4.3 -24.3
v -1.4 0.9 -24.3
v -1.4 1 -24.3
v -1.4 1.1 -24.3
v -1.3 4.2 -24.3
v -1.3 4.3 -24.3
v -1.2 0.4 -24.3
v -1.2 0.5 -24.3
v -1.2 0.6 -24.3
v -1.2 4.2 -24.3
v -1.2 4.3 -24.3
v -1.1 4.2 -24.3
v -1.1 4.3 -24.3
v -0.7 4.2 -24.3
v -0.7 4.3 -24.3
v -0.5 0.8 -24.3
v -0.5 0.9 -24.3
v -0.5 1 -24.3
v -0.5 4.2 -24.3
v -0.5 4.3 -24.3
v -0.2 0.5 -24.3
v -0.2 0.6 -24.3
v -0.2 0.7 -24.3
v -0.2 4.2 -24.3
v -0.2 4.3 -24.3
v -0.0999999 4.2 -24.3
v -0.0999999 4.3 -24.3
v 0 4.2 -24.3
v 0 4.3 -24.3
v 0.1 4.2 -24.3
v 0.1 4.3 -24.3
v 0.2 0.7 -24.3
v 0.2 0.8 -24.3
v 0.2 0.9 -24.3
v 0.3 0.6 -24.3
v 0.3 0.7 -24.3
v 0.4 4.2 -24.3
v 0.4 4.3 -24.3
v 0.5 4.2 -24.3
v 0.5 4.3 -24.3
v 0.7 4.2 -24.3
v 0.7 4.3 -24.3
v 0.9 0.6 -24.3
v 0.9 0.7 -24.3
v 0.9 4.2 -24.3
v 0.9 4.3 -24.3
v 1 4.2 -24.3
v 1 4.3 -24.3
v 1.1 4.2 -24.3
v 1.1 4.3 -24.3
v 1.2 4.2 -24.3
v 1.2 4.3 -24.3
v 1.3 0.7 -24.3
v 1.3 0.8 -24.3
v 1.3 0.9 -24.3
v 1.3 4.2 -24.3
v 1.3 4.3 -24.3
v 1.4 4.2 -24.3
v 1.4 4.3 -24.3
v 1.5 4.2 -24.3
v 1.5 4.3 -24.3
v 1.6 4.2 -24.3
v 1.6 4.3 -24.3
v 1.7 0.5 -24.3
v 1.7 0.6 -24.3
v 1.7 0.7 -24.3
v 1.7 4.2 -24.3
v 1.7 4.3 -24.3
v 1.9 4.2 -24.3
v 1.9 4.3 -24.3
v 2 0.8 -24.3
v 2 0.9 -24.3
v 2 1 -24.3
v 2 4.2 -24.3
v 2 4.3 -24.3
v 2.1 4.2 -24.3
v 2.1 4.3 -24.3
v 2.2 4.2 -24.3
v 2.2 4.3 -24.3
v 2.3 4.2 -24.3
v 2.3 4.3 -24.3
v 2.4 0.4 -24.3
v 2.4 0.5 -24.3
v 2.4 0.6 -24.3
v 2.4 4.2 -24.3
v 2.4 4.3 -24.3
v 2.5 4.2 -24.3
v 2.5 4.3 -24.3
v 2.6 0.9 -24.3
v 2.6 1 -24.3
v 2.6 1.1 -24.3
v 2.6 4.2 -24.3
v 2.6 4.3 -24.3
v 2.7 4.2 -24.3
v 2.7 4.3 -24.3
v 2.8 4.2 -24.3
v 2.8 4.3 -24.3
v 2.9 0.4 -24.3
v 2.9 0.5 -24.3
v 2.9 4.2 -24.3
v 2.9 4.3 -24.3
v 3 0 -24.3
v 3 0.2 -24.3
v 3 0.4 -24.3
v 3 1 -24.3
v 3 1.1 -24.3
v 3 1.3 -24.3
v 3 4.2 -24.3
v 3 4.3 -24.3
v 3.1 4.2 -24.3
v 3.1 4.3 -24.3
v 3.3 0 -24.3
v 3.3 4.2 -24.3
v 3.3 4.3 -24.3
v 3.4 4.2 -24.3
v 3.4 4.3 -24.3
v 3.5 4.2 -24.3
v 3.5 4.3 -24.3
v 0.8 0 -17.7
v 1.1 0 -17.7
v 3 0 -17.7
v 3.3 0 -17.7
v 0.9 0 -17.8
v 1.1 0 -17.8
v 3 0 -17.8
v 3.2 0 -17.8
v 0.8 0 -18
v 0.9 0 -18
v 3.2 0 -18
v 3.3 0 -18
v 0.7 0 -21.4
v 0.9 0 -21.4
v -2.1 0 -21.5
v -1.8 0 -21.5
v -2 0 -21.6
v -1.8 0 -21.6
v 0.7 0 -21.6
v 0.9 0 -21.6
v -2.1 0 -21.8
v -2 0 -21.8
v -4 0 -22.4
v -3.8 0 -22.4
v -4 0 -23.3
v -3.8 0 -23.3
v -2.1 0 -24
v -2 0 -24
v 3.2 0 -24.1
v 3.3 0 -24.1
v -2 0 -24.2
v -1.8 0 -24.2
v 3 0 -24.2
v 3.2 0 -24.2
v -2.1 0 -24.3
v -1.8 0 -24.3
v 3 0 -24.3
v 3.3 0 -24.3
v -3.8 0.1 -22.4
v -3.7 0.1 -22.4
v -3.8 0.1 -23.3
v -3.7 0.1 -23.3
v 0.8 0.2 -18
v 0.9 0.2 -18
v 0.8 0.2 -21.4
v 0.9 0.2 -21.4
v -3.7 0.2 -22.4
v -3.6 0.2 -22.4
v -3.7 0.2 -23.3
v -3.6 0.2 -23.3
v -1.8 0.2 -24.2
v 3 0.2 -24.2
v -1.8 0.2 -24.3
v 3 0.2 -24.3
v -3.6 0.3 -22.4
v -3.5 0.3 -22.4
v -3.6 0.3 -23.3
v -3.5 0.3 -23.3
v -3.5 0.4 -22.4
v -3.4 0.4 -22.4
v -3.5 0.4 -23.3
v -3.4 0.4 -23.3
v 0.8 0.5 -18.4
v 0.9 0.5 -18.4
v 0.8 0.5 -18.9
v 0.9 0.5 -18.9
v 0.8 0.5 -20.3
v 0.9 0.5 -20.3
v 0.8 0.5 -21
v 0.9 0.5 -21
v -3.4 0.5 -22.4
v -3.3 0.5 -22.4
v -3.4 0.5 -23.3
v -3.3 0.5 -23.3
v -1.2 0.5 -24.2
v -0.2 0.5 -24.2
v 1.7 0.5 -24.2
v 2.4 0.5 -24.2
v -1.2 0.5 -24.3
v -0.2 0.5 -24.3
v 1.7 0.5 -24.3
v 2.4 0.5 -24.3
v 0.8 0.6 -18.9
v 0.9 0.6 -18.9
v 0.8 0.6 -19.5
v 0.9 0.6 -19.5
v 0.8 0.6 -19.9
v 0.9 0.6 -19.9
v 0.8 0.6 -20.3
v 0.9 0.6 -20.3
v -3.3 0.6 -22.4
v -3.2 0.6 -22.4
v -3.3 0.6 -23.3
v -3.2 0.6 -23.3
v -0.2 0.6 -24.2
v 0.3 0.6 -24.2
v 0.9 0.6 -24.2
v 1.7 0.6 -24.2
v -0.2 0.6 -24.3
v 0.3 0.6 -24.3
v 0.9 0.6 -24.3
v 1.7 0.6 -24.3
v 0.8 0.7 -19.5
v 0.9 0.7 -19.5
v 0.8 0.7 -19.9
v 0.9 0.7 -19.9
v -3.2 0.7 -22.4
v -3.1 0.7 -22.4
v -3.2 0.7 -23.3
v -3.1 0.7 -23.3
v 0.3 0.7 -24.2
v 0.9 0.7 -24.2
v 0.3 0.7 -24.3
v 0.9 0.7 -24.3
v 0.8 0.8 -18.7
v 0.9 0.8 -18.7
v 0.8 0.8 -19.2
v 0.9 0.8 -19.2
v 0.8 0.8 -20
v 0.9 0.8 -20
v 0.8 0.8 -20.5
v 0.9 0.8 -20.5
v -3.1 0.8 -22.4
v -3 0.8 -22.4
v -3.1 0.8 -23.3
v -3 0.8 -23.3
v -0.5 0.8 -24.2
v 0.2 0.8 -24.2
v 1.3 0.8 -24.2
v 2 0.8 -24.2
v -0.5 0.8 -24.3
v 0.2 0.8 -24.3
v 1.3 0.8 -24.3
v 2 0.8 -24.3
v 0.8 0.9 -18.3
v 0.9 0.9 -18.3
v 0.8 0.9 -18.7
v 0.9 0.9 -18.7
v 0.8 0.9 -20.5
v 0.9 0.9 -20.5
v 0.8 0.9 -21.1
v 0.9 0.9 -21.1
v -3 0.9 -22.4
v -2.9 0.9 -22.4
v -3 0.9 -23.3
v -2.9 0.9 -23.3
v -1.4 0.9 -24.2
v -0.5 0.9 -24.2
v 2 0.9 -24.2
v 2.6 0.9 -24.2
v -1.4 0.9 -24.3
v -0.5 0.9 -24.3
v 2 0.9 -24.3
v 2.6 0.9 -24.3
v 0.8 1 -18
v 0.9 1 -18
v 0.8 1 -18.3
v 0.9 1 -18.3
v 0.8 1 -21.1
v 0.9 1 -21.1
v 0.8 1 -21.4
v 0.9 1 -21.4
v -2.9 1 -22.4
v -2.8 1 -22.4
v -2.9 1 -23.3
v -2.8 1 -23.3
v -1.8 1 -24.2
v -1.4 1 -24.2
v 2.6 1 -24.2
v 3 1 -24.2
v -1.8 1 -24.3
v -1.4 1 -24.3
v 2.6 1 -24.3
v 3 1 -24.3
v 0.8 1.1 -18.3
v 0.9 1.1 -18.3
v 0.8 1.1 -21.1
v 0.9 1.1 -21.1
v -2.8 1.1 -22.4
v -2.7 1.1 -22.4
v -2.8 1.1 -23.3
v -2.7 1.1 -23.3
v -1.4 1.1 -24.2
v 2.6 1.1 -24.2
v -1.4 1.1 -24.3
v 2.6 1.1 -24.3
v -2.7 1.2 -22.4
v -2.6 1.2 -22.4
v -2.7 1.2 -23.3
v -2.6 1.2 -23.3
v -2.6 1.3 -22.4
v -2.5 1.3 -22.4
v -2.6 1.3 -23.3
v -2.5 1.3 -23.3
v -2.5 1.4 -22.4
v -2.4 1.4 -22.4
v -2.5 1.4 -23.3
v -2.4 1.4 -23.3
v 0.9 1.5 -17.8
v 1.1 1.5 -17.8
v 3 1.5 -17.8
v 3.2 1.5 -17.8
v 0.9 1.5 -18
v 3.2 1.5 -18
v 0.9 1.5 -21.4
v -2 1.5 -21.6
v -1.8 1.5 -21.6
v 0.7 1.5 -21.6
v 0.9 1.5 -21.6
v -2 1.5 -21.8
v -2.4 1.5 -22.4
v -2.2 1.5 -22.4
v -2.4 1.5 -23.3
v -2.2 1.5 -23.3
v -2 1.5 -24
v 3.2 1.5 -24
v 3.3 1.5 -24
v 3.2 1.5 -24.1
v 3.3 1.5 -24.1
v -2 1.5 -24.2
v -1.8 1.5 -24.2
v 3 1.5 -24.2
v 3.2 1.5 -24.2
v -2.3 1.7 -22.3
v -2.1 1.7 -22.3
v -2.3 1.7 -22.4
v -2.2 1.7 -22.4
v -2.3 1.7 -23.3
v -2.2 1.7 -23.3
v -2.3 1.7 -23.4
v -2.1 1.7 -23.4
v -2.3 2.1 -22.4
v -2.2 2.1 -22.4
v -2.2 2.1 -22.5
v -2.2 2.1 -22.6
v -2.2 2.1 -23.1
v -2.2 2.1 -23.2
v -2.3 2.1 -23.3
v -2.2 2.1 -23.3
v 0.6 2.2 -18.2
v 0.8 2.2 -18.2
v 0.6 2.2 -19.4
v 0.8 2.2 -19.4
v 0.6 2.2 -20
v 0.8 2.2 -20
v 0.6 2.2 -21.2
v 0.8 2.2 -21.2
v -2.3 2.6 -22.4
v -2.2 2.6 -22.4
v -2.3 2.6 -22.6
v -2.2 2.6 -22.6
v -2.3 3.4 -22.4
v -2.2 3.4 -22.4
v -2.3 3.4 -23.3
v -2.2 3.4 -23.3
v 0.6 3.8 -18.3
v 0.7 3.8 -18.3
v 0.6 3.8 -19.3
v 0.7 3.8 -19.3
v 0.6 3.8 -20.1
v 0.7 3.8 -20.1
v 0.6 3.8 -21.1
v 0.7 3.8 -21.1
v -2.3 3.8 -22.4
v -2.2 3.8 -22.4
v -2.2 3.8 -22.7
v -2.2 3.8 -23
v -2.3 3.8 -23.3
v -2.2 3.8 -23.3
v 0.7 4.2 -17.7
v 0.8 4.2 -17.7
v 1.1 4.2 -17.7
v 3 4.2 -17.7
v 0.7 4.2 -17.8
v 0.8 4.2 -17.8
v 1.1 4.2 -17.8
v 3 4.2 -17.8
v 0.7 4.2 -17.9
v 0.8 4.2 -17.9
v 0.7 4.2 -18
v 0.8 4.2 -18
v 0.9 4.2 -18
v 3.2 4.2 -18
v 3.3 4.2 -18
v 0.7 4.2 -18.1
v 0.8 4.2 -18.1
v 0.7 4.2 -18.2
v 0.8 4.2 -18.2
v 0.9 4.2 -18.2
v 3.2 4.2 -18.2
v 3.3 4.2 -18.2
v 0.7 4.2 -18.3
v 0.8 4.2 -18.3
v 0.9 4.2 -18.3
v 3.2 4.2 -18.3
v 3.3 4.2 -18.3
v 0.8 4.2 -18.4
v 0.9 4.2 -18.4
v 0.8 4.2 -18.5
v 0.9 4.2 -18.5
v 3.2 4.2 -18.5
v 3.3 4.2 -18.5
v 0.7 4.2 -18.6
v 0.8 4.2 -18.6
v 0.9 4.2 -18.6
v 3.2 4.2 -18.6
v 3.3 4.2 -18.6
v 0.7 4.2 -18.7
v 0.8 4.2 -18.7
v 0.9 4.2 -18.7
v 3.2 4.2 -18.7
v 3.3 4.2 -18.7
v 0.7 4.2 -18.8
v 0.8 4.2 -18.8
v 0.9 4.2 -18.8
v 3.2 4.2 -18.8
v 3.3 4.2 -18.8
v 0.7 4.2 -18.9
v 0.8 4.2 -18.9
v 0.9 4.2 -18.9
v 3.2 4.2 -18.9
v 3.3 4.2 -18.9
v 0.8 4.2 -19
v 0.9 4.2 -19
v 3.2 4.2 -19
v 3.3 4.2 -19
v 0.8 4.2 -19.1
v 0.9 4.2 -19.1
v 3.2 4.2 -19.1
v 3.3 4.2 -19.1
v 0.8 4.2 -19.2
v 0.9 4.2 -19.2
v 3.2 4.2 -19.2
v 3.3 4.2 -19.2
v 0.8 4.2 -19.3
v 0.9 4.2 -19.3
v 3.2 4.2 -19.3
v 3.3 4.2 -19.3
v 0.7 4.2 -19.4
v 0.8 4.2 -19.4
v 0.9 4.2 -19.4
v 3.2 4.2 -19.4
v 3.3 4.2 -19.4
v 0.7 4.2 -19.5
v 0.9 4.2 -19.5
v 3.2 4.2 -19.6
v 3.3 4.2 -19.6
v 0.8 4.2 -19.7
v 0.9 4.2 -19.7
v 3.2 4.2 -19.7
v 3.3 4.2 -19.7
v 0.7 4.2 -19.8
v 0.8 4.2 -19.8
v 0.9 4.2 -19.8
v 3.2 4.2 -19.8
v 3.3 4.2 -19.8
v 0.7 4.2 -19.9
v 0.8 4.2 -19.9
v 3.2 4.2 -19.9
v 3.3 4.2 -19.9
v 0.7 4.2 -20
v 0.8 4.2 -20
v 0.9 4.2 -20
v 0.7 4.2 -20.1
v 0.8 4.2 -20.1
v 0.9 4.2 -20.1
v 3.2 4.2 -20.1
v 3.3 4.2 -20.1
v 0.7 4.2 -20.2
v 0.8 4.2 -20.2
v 0.9 4.2 -20.2
v 0.7 4.2 -20.3
v 0.8 4.2 -20.3
v 3.2 4.2 -20.3
v 3.3 4.2 -20.3
v 0.7 4.2 -20.4
v 0.9 4.2 -20.4
v 3.2 4.2 -20.4
v 3.3 4.2 -20.4
v 0.7 4.2 -20.5
v 0.9 4.2 -20.5
v 3.2 4.2 -20.5
v 3.3 4.2 -20.5
v 0.7 4.2 -20.6
v 0.9 4.2 -20.6
v 0.7 4.2 -20.7
v 0.8 4.2 -20.7
v 0.9 4.2 -20.7
v 3.2 4.2 -20.7
v 3.3 4.2 -20.7
v 0.7 4.2 -20.8
v 0.8 4.2 -20.8
v 0.9 4.2 -20.8
v 3.2 4.2 -20.8
v 3.3 4.2 -20.8
v 0.7 4.2 -20.9
v 0.8 4.2 -20.9
v 0.9 4.2 -20.9
v 3.2 4.2 -20.9
v 3.3 4.2 -20.9
v 0.7 4.2 -21
v 0.8 4.2 -21
v 3.2 4.2 -21
v 3.3 4.2 -21
v 0.7 4.2 -21.1
v 0.8 4.2 -21.1
v 0.9 4.2 -21.1
v 3.2 4.2 -21.1
v 3.3 4.2 -21.1
v 0.7 4.2 -21.2
v 0.8 4.2 -21.2
v 0.9 4.2 -21.2
v 3.2 4.2 -21.2
v 3.3 4.2 -21.2
v 0.8 4.2 -21.3
v 0.9 4.2 -21.3
v 3.2 4.2 -21.3
v 3.3 4.2 -21.3
v -2.3 4.2 -21.4
v -1.8 4.2 -21.4
v -1.4 4.2 -21.4
v -1.2 4.2 -21.4
v -1.1 4.2 -21.4
v -0.9 4.2 -21.4
v -0.8 4.2 -21.4
v -0.6 4.2 -21.4
v -0.5 4.2 -21.4
v -0.3 4.2 -21.4
v -0.2 4.2 -21.4
v 0 4.2 -21.4
v 0.1 4.2 -21.4
v 0.2 4.2 -21.4
v 0.3 4.2 -21.4
v 0.4 4.2 -21.4
v 0.5 4.2 -21.4
v 0.6 4.2 -21.4
v 0.7 4.2 -21.4
v 0.8 4.2 -21.4
v 0.9 4.2 -21.4
v 3.2 4.2 -21.4
v 3.3 4.2 -21.4
v 3.4 4.2 -21.4
v 3.5 4.2 -21.4
v -2.1 4.2 -21.5
v -1.8 4.2 -21.5
v -1.7 4.2 -21.5
v -1.6 4.2 -21.5
v -1.5 4.2 -21.5
v -1.3 4.2 -21.5
v -1.2 4.2 -21.5
v -1 4.2 -21.5
v -0.9 4.2 -21.5
v -0.5 4.2 -21.5
v -0.3 4.2 -21.5
v -0.2 4.2 -21.5
v 0 4.2 -21.5
v 0.1 4.2 -21.5
v 0.2 4.2 -21.5
v 0.3 4.2 -21.5
v 0.4 4.2 -21.5
v 3.2 4.2 -21.5
v 3.3 4.2 -21.5
v 3.4 4.2 -21.5
v -1.8 4.2 -21.6
v -1.7 4.2 -21.6
v -1.6 4.2 -21.6
v -1.5 4.2 -21.6
v -1.4 4.2 -21.6
v -1.3 4.2 -21.6
v -1.2 4.2 -21.6
v -1.1 4.2 -21.6
v -1 4.2 -21.6
v -0.8 4.2 -21.6
v -0.6 4.2 -21.6
v -0.2 4.2 -21.6
v 0 4.2 -21.6
v 0.2 4.2 -21.6
v 0.4 4.2 -21.6
v 0.5 4.2 -21.6
v 0.6 4.2 -21.6
v 0.7 4.2 -21.6
v 3.2 4.2 -21.6
v 3.4 4.2 -21.6
v 3.5 4.2 -21.6
v -2.3 4.2 -21.7
v -2.1 4.2 -21.7
v -2.3 4.2 -24.1
v -2.1 4.2 -24.1
v 3.3 4.2 -24.1
v 3.4 4.2 -24.1
v 3.5 4.2 -24.1
v -1.8 4.2 -24.2
v -1.7 4.2 -24.2
v -1.6 4.2 -24.2
v -1.5 4.2 -24.2
v -1.3 4.2 -24.2
v -1.2 4.2 -24.2
v -1.1 4.2 -24.2
v -0.7 4.2 -24.2
v -0.5 4.2 -24.2
v -0.2 4.2 -24.2
v -0.0999999 4.2 -24.2
v 0 4.2 -24.2
v 0.1 4.2 -24.2
v 0.4 4.2 -24.2
v 0.5 4.2 -24.2
v 0.7 4.2 -24.2
v 0.9 4.2 -24.2
v 1 4.2 -24.2
v 1.1 4.2 -24.2
v 1.2 4.2 -24.2
v 1.3 4.2 -24.2
v 1.4 4.2 -24.2
v 1.5 4.2 -24.2
v 1.6 4.2 -24.2
v 1.7 4.2 -24.2
v 1.9 4.2 -24.2
v 2 4.2 -24.2
v 2.1 4.2 -24.2
v 2.2 4.2 -24.2
v 2.3 4.2 -24.2
v 2.4 4.2 -24.2
v 2.5 4.2 -24.2
v 2.6 4.2 -24.2
v 2.7 4.2 -24.2
v 2.8 4.2 -24.2
v 2.9 4.2 -24.2
v 3 4.2 -24.2
v 3.3 4.2 -24.2
v 3.4 4.2 -24.2
v -2.3 4.2 -24.3
v -2.1 4.2 -24.3
v -1.8 4.2 -24.3
v -1.7 4.2 -24.3
v -1.6 4.2 -24.3
v -1.5 4.2 -24.3
v -1.3 4.2 -24.3
v -1.2 4.2 -24.3
v -1.1 4.2 -24.3
v -0.7 4.2 -24.3
v -0.5 4.2 -24.3
v -0.2 4.2 -24.3
v -0.0999999 4.2 -24.3
v 0 4.2 -24.3
v 0.1 4.2 -24.3
v 0.4 4.2 -24.3
v 0.5 4.2 -24.3
v 0.7 4.2 -24.3
v 0.9 4.2 -24.3
v 1 4.2 -24.3
v 1.1 4.2 -24.3
v 1.2 4.2 -24.3
v 1.3 4.2 -24.3
v 1.4 4.2 -24.3
v 1.5 4.2 -24.3
v 1.6 4.2 -24.3
v 1.7 4.2 -24.3
v 1.9 4.2 -24.3
v 2 4.2 -24.3
v 2.1 4.2 -24.3
v 2.2 4.2 -24.3
v 2.3 4.2 -24.3
v 2.4 4.2 -24.3
v 2.5 4.2 -24.3
v 2.6 4.2 -24.3
v 2.7 4.2 -24.3
v 2.8 4.2 -24.3
v 2.9 4.2 -24.3
v 3 4.2 -24.3
v 3.3 4.2 -24.3
v 3.4 4.2 -24.3
v 3.5 4.2 -24.3
v -2.3 4.3 -24
v -2 4.3 -24
v 3.2 4.3 -24
v 3.4 4.3 -24
v 3.5 4.3 -24
v -2.3 4.3 -24.1
v -2 4.3 -24.1
v 3.2 4.3 -24.1
v 3.4 4.3 -24.1
v 3.5 4.3 -24.1
v 3.2 4.4 -21.6
v 3.4 4.4 -21.6
v 3.5 4.4 -21.6
v 3.2 4.4 -21.7
v 3.4 4.4 -21.7
v 3.5 4.4 -21.7
v 3.2 4.5 -21.7
v 3.4 4.5 -21.7
v 3.5 4.5 -21.7
v 3.2 4.5 -21.8
v 3.4 4.5 -21.8
v 3.5 4.5 -21.8
v -2.3 4.5 -23.9
v -2 4.5 -23.9
v 3.2 4.5 -23.9
v 3.4 4.5 -23.9
v 3.5 4.5 -23.9
v -2.3 4.5 -24
v -2 4.5 -24
v 3.2 4.5 -24
v 3.4 4.5 -24
v 3.5 4.5 -24
v -2.3 4.6 -21.7
v -2 4.6 -21.7
v -2.3 4.6 -21.8
v -2 4.6 -21.8
v 3.2 4.7 -21.8
v 3.4 4.7 -21.8
v 3.5 4.7 -21.8
v 3.2 4.7 -21.9
v 3.4 4.7 -21.9
v 3.5 4.7 -21.9
v -2.2 4.7 -22.7
v -2 4.7 -22.7
v -2.2 4.7 -23.1
v -2 4.7 -23.1
v -2.3 4.7 -23.8
v -2 4.7 -23.8
v 3.2 4.7 -23.8
v 3.4 4.7 -23.8
v 3.5 4.7 -23.8
v -2.3 4.7 -23.9
v -2 4.7 -23.9
v 3.2 4.7 -23.9
v 3.4 4.7 -23.9
v 3.5 4.7 -23.9
v -2.3 4.8 -21.8
v -2 4.8 -21.8
v -2.3 4.8 -21.9
v -2 4.8 -21.9
v -2.2 4.8 -22.5
v -2 4.8 -22.5
v -2.2 4.8 -22.7
v -2 4.8 -22.7
v -2.2 4.8 -23.1
v -2 4.8 -23.1
v -2.2 4.8 -23.3
v -2 4.8 -23.3
v -2.3 4.9 -23.7
v -2 4.9 -23.7
v 3.2 4.9 -23.7
v 3.4 4.9 -23.7
v 3.5 4.9 -23.7
v -2.3 4.9 -23.8
v -2 4.9 -23.8
v 3.2 4.9 -23.8
v 3.4 4.9 -23.8
v 3.5 4.9 -23.8
v 3.2 5 -21.9
v 3.4 5 -21.9
v 3.5 5 -21.9
v 3.2 5 -22
v 3.4 5 -22
v 3.5 5 -22
v -2.2 5 -22.4
v -2 5 -22.4
v -2.2 5 -22.5
v -2 5 -22.5
v -2.2 5 -23.3
v -2 5 -23.3
v -2.2 5 -23.4
v -2 5 -23.4
v -2.3 5.1 -21.9
v -2 5.1 -21.9
v -2.3 5.1 -22
v -2 5.1 -22
v -2.3 5.1 -23.6
v -2 5.1 -23.6
v 3.2 5.1 -23.6
v 3.4 5.1 -23.6
v 3.5 5.1 -23.6
v -2.3 5.1 -23.7
v -2 5.1 -23.7
v 3.2 5.1 -23.7
v 3.4 5.1 -23.7
v 3.5 5.1 -23.7
v -2.3 5.4 -22
v -2 5.4 -22
v 3.2 5.4 -22
v 3.4 5.4 -22
v 3.5 5.4 -22
v -2.3 5.4 -22.1
v -2 5.4 -22.1
v 3.2 5.4 -22.1
v 3.4 5.4 -22.1
v 3.5 5.4 -22.1
v -2.2 5.4 -22.5
v -2.1 5.4 -22.5
v -2.2 5.4 -22.6
v -2.1 5.4 -22.6
v -2.2 5.4 -23.2
v -2.1 5.4 -23.2
v -2.2 5.4 -23.3
v -2.1 5.4 -23.3
v -2.2 5.5 -22.6
v -2.1 5.5 -22.6
v -2.2 5.5 -22.7
v -2.1 5.5 -22.7
v -2.2 5.5 -23.1
v -2.1 5.5 -23.1
v -2.2 5.5 -23.2
v -2.1 5.5 -23.2
v 3.2 5.5 -23.5
v 3.4 5.5 -23.5
v 3.5 5.5 -23.5
v 3.2 5.5 -23.6
v 3.4 5.5 -23.6
v 3.5 5.5 -23.6
v -2.3 5.6 -22.1
v -2 5.6 -22.1
v -2.3 5.6 -22.2
v -2 5.6 -22.2
v -2.2 5.6 -22.7
v -2.1 5.6 -22.7
v -2.1 5.6 -22.8
v -2.1 5.6 -23
v -2.2 5.6 -23.1
v -2.1 5.6 -23.1
v -2.3 5.6 -23.5
v -2 5.6 -23.5
v -2.3 5.6 -23.6
v -2 5.6 -23.6
v 3.2 5.7 -22.1
v 3.4 5.7 -22.1
v 3.5 5.7 -22.1
v 3.2 5.7 -22.2
v 3.4 5.7 -22.2
v 3.5 5.7 -22.2
v 3.2 5.8 -23.4
v 3.4 5.8 -23.4
v 3.5 5.8 -23.4
v 3.2 5.8 -23.5
v 3.4 5.8 -23.5
v 3.5 5.8 -23.5
v -2.3 5.9 -22.2
v -2 5.9 -22.2
v 3.2 5.9 -22.2
v 3.4 5.9 -22.2
v 3.5 5.9 -22.2
v -2.3 5.9 -22.3
v -2 5.9 -22.3
v 3.2 5.9 -22.3
v 3.4 5.9 -22.3
v 3.5 5.9 -22.3
v -2.3 5.9 -23.4
v -2 5.9 -23.4
v -2.3 5.9 -23.5
v -2 5.9 -23.5
v -2.3 6.1 -22.3
v -2 6.1 -22.3
v 3.2 6.1 -22.3
v 3.4 6.1 -22.3
v 3.5 6.1 -22.3
v -2.3 6.1 -22.4
v -2 6.1 -22.4
v 3.2 6.1 -22.4
v 3.4 6.1 -22.4
v 3.5 6.1 -22.4
v -2.3 6.2 -23.3
v -2 6.2 -23.3
v 3.2 6.2 -23.3
v 3.4 6.2 -23.3
v 3.5 6.2 -23.3
v -2.3 6.2 -23.4
v -2 6.2 -23.4
v 3.2 6.2 -23.4
v 3.4 6.2 -23.4
v 3.5 6.2 -23.4
v -2.3 6.3 -22.4
v -2 6.3 -22.4
v 3.2 6.3 -22.4
v 3.4 6.3 -22.4
v 3.5 6.3 -22.4
v -2.3 6.3 -22.5
v -2 6.3 -22.5
v 3.2 6.3 -22.5
v 3.4 6.3 -22.5
v 3.5 6.3 -22.5
v -2.3 6.4 -23.2
v -2 6.4 -23.2
v 3.2 6.4 -23.2
v 3.4 6.4 -23.2
v 3.5 6.4 -23.2
v -2.3 6.4 -23.3
v -2 6.4 -23.3
v 3.2 6.4 -23.3
v 3.4 6.4 -23.3
v 3.5 6.4 -23.3
v -2.3 6.5 -22.5
v -2 6.5 -22.5
v 3.2 6.5 -22.5
v 3.4 6.5 -22.5
v 3.5 6.5 -22.5
v -2.3 6.5 -22.6
v -2 6.5 -22.6
v 3.2 6.5 -22.6
v 3.4 6.5 -22.6
v 3.5 6.5 -22.6
v -2.3 6.6 -23.1
v -2 6.6 -23.1
v -2.3 6.6 -23.2
v -2 6.6 -23.2
v -2.3 6.7 -22.6
v -2 6.7 -22.6
v 3.2 6.7 -22.6
v 3.4 6.7 -22.6
v 3.5 6.7 -22.6
v -2.3 6.7 -22.7
v -2 6.7 -22.7
v 3.2 6.7 -22.7
v 3.4 6.7 -22.7
v 3.5 6.7 -22.7
v 3.2 6.7 -23.1
v 3.4 6.7 -23.1
v 3.5 6.7 -23.1
v 3.2 6.7 -23.2
v 3.4 6.7 -23.2
v 3.5 6.7 -23.2
v -2.3 6.8 -23
v -2 6.8 -23
v -2.3 6.8 -23.1
v -2 6.8 -23.1
v -2.3 7 -22.7
v -2 7 -22.7
v -2.3 7 -22.8
v -2 7 -22.8
v 3.2 7 -23
v 3.4 7 -23
v 3.5 7 -23
v 3.2 7 -23.1
v 3.4 7 -23.1
v 3.5 7 -23.1
v -2.3 7.2 -22.9
v -2 7.2 -22.9
v 3.2 7.2 -22.9
v 3.4 7.2 -22.9
v 3.5 7.2 -22.9
v -2.3 7.2 -23
v -2 7.2 -23
v 3.2 7.2 -23
v 3.4 7.2 -23
v 3.5 7.2 -23
v 3.2 7.4 -22.7
v 3.4 7.4 -22.7
v 3.5 7.4 -22.7
v -2.3 7.4 -22.8
v -2 7.4 -22.8
v -2.3 7.4 -22.9
v -2 7.4 -22.9
v 3.2 7.4 -22.9
v 3.4 7.4 -22.9
v 3.5 7.4 -22.9
v -4 0.1 -22.4
v -3.8 0.1 -22.4
v -4 0.1 -23.3
v -3.8 0.1 -23.3
v -3.8 0.3 -22.4
v -3.6 0.3 -22.4
v -3.8 0.3 -23.3
v -3.6 0.3 -23.3
v 0.8 0.4 -18
v 0.9 0.4 -18
v 0.8 0.4 -18.1
v 0.9 0.4 -18.1
v 0.8 0.4 -18.4
v 0.9 0.4 -18.4
v 0.8 0.4 -21
v 0.9 0.4 -21
v -1.2 0.4 -24.2
v 2.4 0.4 -24.2
v 2.9 0.4 -24.2
v 3 0.4 -24.2
v -1.2 0.4 -24.3
v 2.4 0.4 -24.3
v 2.9 0.4 -24.3
v 3 0.4 -24.3
v 0.8 0.5 -18.1
v 0.9 0.5 -18.1
v 0.8 0.5 -18.4
v 0.9 0.5 -18.4
v 0.8 0.5 -21
v 0.9 0.5 -21
v 0.8 0.5 -21.4
v 0.9 0.5 -21.4
v -3.6 0.5 -22.4
v -3.4 0.5 -22.4
v -3.6 0.5 -23.3
v -3.4 0.5 -23.3
v -1.8 0.5 -24.2
v -1.2 0.5 -24.2
v 2.4 0.5 -24.2
v 2.9 0.5 -24.2
v -1.8 0.5 -24.3
v -1.2 0.5 -24.3
v 2.4 0.5 -24.3
v 2.9 0.5 -24.3
v 0.8 0.6 -18.4
v 0.9 0.6 -18.4
v 0.8 0.6 -18.9
v 0.9 0.6 -18.9
v 0.8 0.6 -20.3
v 0.9 0.6 -20.3
v 0.8 0.6 -21
v 0.9 0.6 -21
v -1.2 0.6 -24.2
v -0.2 0.6 -24.2
v 1.7 0.6 -24.2
v 2.4 0.6 -24.2
v -1.2 0.6 -24.3
v -0.2 0.6 -24.3
v 1.7 0.6 -24.3
v 2.4 0.6 -24.3
v 0.8 0.7 -18.9
v 0.9 0.7 -18.9
v 0.8 0.7 -19.2
v 0.9 0.7 -19.2
v 0.8 0.7 -20
v 0.9 0.7 -20
v 0.8 0.7 -20.3
v 0.9 0.7 -20.3
v -3.4 0.7 -22.4
v -3.2 0.7 -22.4
v -3.4 0.7 -23.3
v -3.2 0.7 -23.3
v -0.2 0.7 -24.2
v 0.2 0.7 -24.2
v 1.3 0.7 -24.2
v 1.7 0.7 -24.2
v -0.2 0.7 -24.3
v 0.2 0.7 -24.3
v 1.3 0.7 -24.3
v 1.7 0.7 -24.3
v 0.8 0.8 -19.2
v 0.9 0.8 -19.2
v 0.8 0.8 -20
v 0.9 0.8 -20
v 0.2 0.8 -24.2
v 1.3 0.8 -24.2
v 0.2 0.8 -24.3
v 1.3 0.8 -24.3
v 0.8 0.9 -18.7
v 0.9 0.9 -18.7
v 0.8 0.9 -19.2
v 0.9 0.9 -19.2
v 0.8 0.9 -20
v 0.9 0.9 -20
v 0.8 0.9 -20.5
v 0.9 0.9 -20.5
v -3.2 0.9 -22.4
v -3 0.9 -22.4
v -3.2 0.9 -23.3
v -3 0.9 -23.3
v -0.5 0.9 -24.2
v 0.2 0.9 -24.2
v 1.3 0.9 -24.2
v 2 0.9 -24.2
v -0.5 0.9 -24.3
v 0.2 0.9 -24.3
v 1.3 0.9 -24.3
v 2 0.9 -24.3
v 0.8 1 -18.3
v 0.9 1 -18.3
v 0.8 1 -18.7
v 0.9 1 -18.7
v 0.8 1 -20.5
v 0.9 1 -20.5
v 0.8 1 -21.1
v 0.9 1 -21.1
v -1.4 1 -24.2
v -0.5 1 -24.2
v 2 1 -24.2
v 2.6 1 -24.2
v -1.4 1 -24.3
v -0.5 1 -24.3
v 2 1 -24.3
v 2.6 1 -24.3
v -3 1.1 -22.4
v -2.8 1.1 -22.4
v -3 1.1 -23.3
v -2.8 1.1 -23.3
v 0.8 1.3 -18
v 0.9 1.3 -18
v 0.8 1.3 -21.4
v 0.9 1.3 -21.4
v -2.8 1.3 -22.4
v -2.6 1.3 -22.4
v -2.8 1.3 -23.3
v -2.6 1.3 -23.3
v -1.8 1.3 -24.2
v 3 1.3 -24.2
v -1.8 1.3 -24.3
v 3 1.3 -24.3
v -2.6 1.5 -22.4
v -2.4 1.5 -22.4
v -2.6 1.5 -23.3
v -2.4 1.5 -23.3
v -2.4 1.7 -22.4
v -2.3 1.7 -22.4
v -2.4 1.7 -23.3
v -2.3 1.7 -23.3
v -2.3 1.8 -22.4
v -2.2 1.8 -22.4
v -2.2 1.8 -22.5
v -2.2 1.8 -22.6
v -2.2 1.8 -23.1
v -2.2 1.8 -23.2
v -2.3 1.8 -23.3
v -2.2 1.8 -23.3
v -2.3 2.2 -22.4
v -2.2 2.2 -22.4
v -2.3 2.2 -23.3
v -2.2 2.2 -23.3
v 0.6 2.5 -18.3
v 0.7 2.5 -18.3
v 0.6 2.5 -19.3
v 0.7 2.5 -19.3
v 0.6 2.5 -20.1
v 0.7 2.5 -20.1
v 0.6 2.5 -21.1
v 0.7 2.5 -21.1
v -2.3 2.7 -22.4
v -2.2 2.7 -22.4
v -2.3 2.7 -22.6
v -2.2 2.7 -22.6
v -2.3 3.5 -22.4
v -2.2 3.5 -22.4
v -2.2 3.5 -22.5
v -2.2 3.5 -22.6
v -2.2 3.5 -23.1
v -2.2 3.5 -23.2
v -2.3 3.5 -23.3
v -2.2 3.5 -23.3
v 0.6 3.9 -18.2
v 0.8 3.9 -18.2
v 0.6 3.9 -19.4
v 0.8 3.9 -19.4
v 0.6 3.9 -20
v 0.8 3.9 -20
v 0.6 3.9 -21.2
v 0.8 3.9 -21.2
v -2.3 3.9 -22.3
v -2.1 3.9 -22.3
v -2.3 3.9 -23.4
v -2.1 3.9 -23.4
v -2.1 4.2 -21.7
v -2 4.2 -21.7
v -2.1 4.2 -21.8
v -2 4.2 -21.8
v -2.1 4.2 -24
v -2 4.2 -24
v 3.2 4.2 -24
v 3.3 4.2 -24
v -2.1 4.2 -24.1
v -2 4.2 -24.1
v 3.2 4.2 -24.1
v 3.3 4.2 -24.1
v 0.7 4.3 -17.7
v 0.8 4.3 -17.7
v 3.2 4.3 -17.7
v 3.3 4.3 -17.7
v 0.7 4.3 -17.8
v 0.8 4.3 -17.8
v 3.2 4.3 -17.8
v 3.3 4.3 -17.8
v 0.7 4.3 -17.9
v 0.8 4.3 -17.9
v 3.2 4.3 -17.9
v 3.3 4.3 -17.9
v 0.7 4.3 -18
v 0.8 4.3 -18
v 3.2 4.3 -18
v 3.3 4.3 -18
v 0.7 4.3 -18.1
v 0.8 4.3 -18.1
v 0.7 4.3 -18.2
v 0.8 4.3 -18.2
v 3.2 4.3 -18.2
v 3.3 4.3 -18.2
v 0.7 4.3 -18.3
v 0.8 4.3 -18.3
v 3.2 4.3 -18.3
v 3.3 4.3 -18.3
v 0.8 4.3 -18.4
v 3.2 4.3 -18.4
v 0.8 4.3 -18.5
v 3.2 4.3 -18.5
v 3.3 4.3 -18.5
v 0.7 4.3 -18.6
v 0.8 4.3 -18.6
v 3.2 4.3 -18.6
v 3.3 4.3 -18.6
v 0.7 4.3 -18.7
v 0.8 4.3 -18.7
v 3.2 4.3 -18.7
v 3.3 4.3 -18.7
v 0.7 4.3 -18.8
v 0.8 4.3 -18.8
v 3.2 4.3 -18.8
v 3.3 4.3 -18.8
v 0.7 4.3 -18.9
v 0.8 4.3 -18.9
v 3.2 4.3 -18.9
v 3.3 4.3 -18.9
v 0.8 4.3 -19
v 3.2 4.3 -19
v 3.3 4.3 -19
v 0.8 4.3 -19.1
v 3.2 4.3 -19.1
v 3.3 4.3 -19.1
v 0.8 4.3 -19.2
v 3.2 4.3 -19.2
v 3.3 4.3 -19.2
v 0.8 4.3 -19.3
v 3.2 4.3 -19.3
v 3.3 4.3 -19.3
v 0.7 4.3 -19.4
v 0.8 4.3 -19.4
v 3.2 4.3 -19.4
v 3.3 4.3 -19.4
v 0.7 4.3 -19.5
v 0.8 4.3 -19.5
v 3.2 4.3 -19.5
v 0.8 4.3 -19.6
v 3.2 4.3 -19.6
v 3.3 4.3 -19.6
v 0.8 4.3 -19.7
v 3.2 4.3 -19.7
v 3.3 4.3 -19.7
v 0.7 4.3 -19.8
v 0.8 4.3 -19.8
v 3.2 4.3 -19.8
v 3.3 4.3 -19.8
v 0.7 4.3 -19.9
v 0.8 4.3 -19.9
v 3.2 4.3 -19.9
v 3.3 4.3 -19.9
v 0.7 4.3 -20
v 0.8 4.3 -20
v 3.2 4.3 -20
v 0.7 4.3 -20.1
v 0.8 4.3 -20.1
v 3.2 4.3 -20.1
v 3.3 4.3 -20.1
v 0.7 4.3 -20.2
v 0.8 4.3 -20.2
v 3.2 4.3 -20.2
v 0.7 4.3 -20.3
v 0.8 4.3 -20.3
v 3.2 4.3 -20.3
v 3.3 4.3 -20.3
v 0.7 4.3 -20.4
v 0.8 4.3 -20.4
v 3.2 4.3 -20.4
v 3.3 4.3 -20.4
v 0.7 4.3 -20.5
v 0.8 4.3 -20.5
v 3.2 4.3 -20.5
v 3.3 4.3 -20.5
v 0.7 4.3 -20.6
v 0.8 4.3 -20.6
v 3.2 4.3 -20.6
v 0.7 4.3 -20.7
v 0.8 4.3 -20.7
v 3.2 4.3 -20.7
v 3.3 4.3 -20.7
v 0.7 4.3 -20.8
v 0.8 4.3 -20.8
v 3.2 4.3 -20.8
v 3.3 4.3 -20.8
v 0.7 4.3 -20.9
v 0.8 4.3 -20.9
v 3.2 4.3 -20.9
v 3.3 4.3 -20.9
v 0.7 4.3 -21
v 0.8 4.3 -21
v 3.2 4.3 -21
v 3.3 4.3 -21
v 0.7 4.3 -21.1
v 0.8 4.3 -21.1
v 3.2 4.3 -21.1
v 3.3 4.3 -21.1
v 0.7 4.3 -21.2
v 0.8 4.3 -21.2
v 3.2 4.3 -21.2
v 3.3 4.3 -21.2
v 0.8 4.3 -21.3
v 3.2 4.3 -21.3
v 3.3 4.3 -21.3
v -2.3 4.3 -21.4
v -1.8 4.3 -21.4
v -1.4 4.3 -21.4
v -1.2 4.3 -21.4
v -1.1 4.3 -21.4
v -0.9 4.3 -21.4
v -0.8 4.3 -21.4
v -0.6 4.3 -21.4
v -0.5 4.3 -21.4
v -0.3 4.3 -21.4
v -0.2 4.3 -21.4
v 0 4.3 -21.4
v 0.1 4.3 -21.4
v 0.2 4.3 -21.4
v 0.3 4.3 -21.4
v 0.4 4.3 -21.4
v 0.5 4.3 -21.4
v 0.6 4.3 -21.4
v 0.7 4.3 -21.4
v 0.8 4.3 -21.4
v 3.2 4.3 -21.4
v 3.3 4.3 -21.4
v 3.4 4.3 -21.4
v 3.5 4.3 -21.4
v -2.3 4.3 -21.5
v -1.8 4.3 -21.5
v -1.7 4.3 -21.5
v -1.6 4.3 -21.5
v -1.5 4.3 -21.5
v -1.4 4.3 -21.5
v -1.3 4.3 -21.5
v -1.2 4.3 -21.5
v -1.1 4.3 -21.5
v -1 4.3 -21.5
v -0.9 4.3 -21.5
v -0.8 4.3 -21.5
v -0.7 4.3 -21.5
v -0.6 4.3 -21.5
v -0.5 4.3 -21.5
v -0.4 4.3 -21.5
v -0.3 4.3 -21.5
v -0.2 4.3 -21.5
v -0.0999999 4.3 -21.5
v 0 4.3 -21.5
v 0.1 4.3 -21.5
v 0.2 4.3 -21.5
v 0.3 4.3 -21.5
v 0.4 4.3 -21.5
v 0.5 4.3 -21.5
v 0.6 4.3 -21.5
v 0.7 4.3 -21.5
v 0.8 4.3 -21.5
v 3.2 4.3 -21.5
v 3.3 4.3 -21.5
v 3.4 4.3 -21.5
v 3.5 4.3 -21.5
v -2.3 4.3 -24.2
v -1.8 4.3 -24.2
v -1.7 4.3 -24.2
v -1.6 4.3 -24.2
v -1.5 4.3 -24.2
v -1.3 4.3 -24.2
v -1.2 4.3 -24.2
v -1.1 4.3 -24.2
v -0.7 4.3 -24.2
v -0.5 4.3 -24.2
v -0.4 4.3 -24.2
v -0.2 4.3 -24.2
v -0.0999999 4.3 -24.2
v 0 4.3 -24.2
v 0.1 4.3 -24.2
v 0.3 4.3 -24.2
v 0.4 4.3 -24.2
v 0.5 4.3 -24.2
v 0.7 4.3 -24.2
v 0.9 4.3 -24.2
v 1 4.3 -24.2
v 1.1 4.3 -24.2
v 1.2 4.3 -24.2
v 1.3 4.3 -24.2
v 1.4 4.3 -24.2
v 1.5 4.3 -24.2
v 1.6 4.3 -24.2
v 1.7 4.3 -24.2
v 1.9 4.3 -24.2
v 2 4.3 -24.2
v 2.1 4.3 -24.2
v 2.2 4.3 -24.2
v 2.3 4.3 -24.2
v 2.4 4.3 -24.2
v 2.5 4.3 -24.2
v 2.6 4.3 -24.2
v 2.7 4.3 -24.2
v 2.8 4.3 -24.2
v 2.9 4.3 -24.2
v 3 4.3 -24.2
v 3.1 4.3 -24.2
v 3.2 4.3 -24.2
v 3.3 4.3 -24.2
v 3.4 4.3 -24.2
v 3.5 4.3 -24.2
v -2.3 4.3 -24.3
v -1.8 4.3 -24.3
v -1.7 4.3 -24.3
v -1.6 4.3 -24.3
v -1.5 4.3 -24.3
v -1.3 4.3 -24.3
v -1.2 4.3 -24.3
v -1.1 4.3 -24.3
v -0.7 4.3 -24.3
v -0.5 4.3 -24.3
v -0.2 4.3 -24.3
v -0.0999999 4.3 -24.3
v 0 4.3 -24.3
v 0.1 4.3 -24.3
v 0.4 4.3 -24.3
v 0.5 4.3 -24.3
v 0.7 4.3 -24.3
v 0.9 4.3 -24.3
v 1 4.3 -24.3
v 1.1 4.3 -24.3
v 1.2 4.3 -24.3
v 1.3 4.3 -24.3
v 1.4 4.3 -24.3
v 1.5 4.3 -24.3
v 1.6 4.3 -24.3
v 1.7 4.3 -24.3
v 1.9 4.3 -24.3
v 2 4.3 -24.3
v 2.1 4.3 -24.3
v 2.2 4.3 -24.3
v 2.3 4.3 -24.3
v 2.4 4.3 -24.3
v 2.5 4.3 -24.3
v 2.6 4.3 -24.3
v 2.7 4.3 -24.3
v 2.8 4.3 -24.3
v 2.9 4.3 -24.3
v 3 4.3 -24.3
v 3.1 4.3 -24.3
v 3.3 4.3 -24.3
v 3.4 4.3 -24.3
v 3.5 4.3 -24.3
v 0.8 4.6 -17.7
v 0.9 4.6 -17.7
v 3.1 4.6 -17.7
v 3.2 4.6 -17.7
v 0.8 4.6 -17.8
v 0.9 4.6 -17.8
v 3.1 4.6 -17.8
v 3.2 4.6 -17.8
v 0.8 4.6 -17.9
v 0.9 4.6 -17.9
v 3.1 4.6 -17.9
v 3.2 4.6 -17.9
v 0.9 4.6 -18
v 3.1 4.6 -18
v 0.9 4.6 -18.1
v 3.1 4.6 -18.1
v 3.2 4.6 -18.1
v 0.8 4.6 -18.2
v 0.9 4.6 -18.2
v 3.1 4.6 -18.2
v 3.2 4.6 -18.2
v 0.8 4.6 -18.3
v 0.9 4.6 -18.3
v 3.1 4.6 -18.3
v 3.2 4.6 -18.3
v 0.8 4.6 -18.4
v 0.9 4.6 -18.4
v 3.1 4.6 -18.4
v 3.2 4.6 -18.4
v 0.9 4.6 -18.5
v 0.9 4.6 -18.6
v 3.1 4.6 -18.6
v 3.2 4.6 -18.6
v 0.8 4.6 -18.7
v 0.9 4.6 -18.7
v 3.1 4.6 -18.7
v 3.2 4.6 -18.7
v 0.8 4.6 -18.8
v 0.9 4.6 -18.8
v 3.1 4.6 -18.8
v 3.2 4.6 -18.8
v 0.8 4.6 -18.9
v 0.9 4.6 -18.9
v 3.1 4.6 -18.9
v 3.2 4.6 -18.9
v 0.8 4.6 -19
v 0.9 4.6 -19
v 3.1 4.6 -19
v 3.2 4.6 -19
v 0.8 4.6 -19.1
v 0.9 4.6 -19.1
v 3.1 4.6 -19.1
v 0.8 4.6 -19.2
v 0.9 4.6 -19.2
v 3.1 4.6 -19.2
v 3.2 4.6 -19.2
v 0.8 4.6 -19.3
v 0.9 4.6 -19.3
v 3.1 4.6 -19.3
v 3.2 4.6 -19.3
v 0.8 4.6 -19.4
v 0.9 4.6 -19.4
v 3.1 4.6 -19.4
v 0.8 4.6 -19.5
v 0.9 4.6 -19.5
v 3.1 4.6 -19.5
v 3.2 4.6 -19.5
v 0.9 4.6 -19.6
v 0.8 4.6 -19.7
v 0.9 4.6 -19.7
v 3.1 4.6 -19.7
v 3.2 4.6 -19.7
v 0.8 4.6 -19.8
v 0.9 4.6 -19.8
v 3.1 4.6 -19.8
v 3.2 4.6 -19.8
v 0.8 4.6 -19.9
v 0.9 4.6 -19.9
v 3.1 4.6 -19.9
v 3.2 4.6 -19.9
v 0.8 4.6 -20
v 0.9 4.6 -20
v 0.9 4.6 -20.1
v 3.1 4.6 -20.1
v 3.2 4.6 -20.1
v 3.1 4.6 -20.2
v 3.2 4.6 -20.2
v 0.9 4.6 -20.3
v 3.1 4.6 -20.3
v 3.2 4.6 -20.3
v 0.9 4.6 -20.4
v 3.1 4.6 -20.4
v 3.2 4.6 -20.4
v 0.9 4.6 -20.5
v 3.1 4.6 -20.5
v 3.2 4.6 -20.5
v 0.9 4.6 -20.6
v 3.1 4.6 -20.6
v 3.2 4.6 -20.6
v 0.8 4.6 -20.7
v 0.9 4.6 -20.7
v 3.1 4.6 -20.7
v 3.2 4.6 -20.7
v 0.8 4.6 -20.8
v 0.9 4.6 -20.8
v 3.1 4.6 -20.8
v 3.2 4.6 -20.8
v 0.9 4.6 -20.9
v 3.1 4.6 -20.9
v 3.2 4.6 -20.9
v 0.8 4.6 -21
v 0.9 4.6 -21
v 3.1 4.6 -21
v 3.2 4.6 -21
v 0.8 4.6 -21.1
v 0.9 4.6 -21.1
v 3.1 4.6 -21.1
v 3.2 4.6 -21.1
v 0.8 4.6 -21.2
v 0.9 4.6 -21.2
v 3.1 4.6 -21.2
v 3.2 4.6 -21.2
v 0.8 4.6 -21.3
v 0.9 4.6 -21.3
v 0.8 4.6 -21.4
v 0.9 4.6 -21.4
v 3.1 4.6 -21.4
v 3.2 4.6 -21.4
v 0.8 4.6 -21.5
v 0.9 4.6 -21.5
v 3.1 4.6 -21.5
v 3.2 4.6 -21.5
v 0.9 4.7 -17.7
v 1 4.7 -17.7
v 3 4.7 -17.7
v 3.1 4.7 -17.7
v 0.9 4.7 -17.8
v 1 4.7 -17.8
v 3 4.7 -17.8
v 3.1 4.7 -17.8
v 0.9 4.7 -18
v 1 4.7 -18
v 3 4.7 -18
v 3.1 4.7 -18
v 0.9 4.7 -18.1
v 1 4.7 -18.1
v 3 4.7 -18.1
v 3.1 4.7 -18.1
v 0.9 4.7 -18.2
v 1 4.7 -18.2
v 3 4.7 -18.2
v 3.1 4.7 -18.2
v 0.9 4.7 -18.3
v 1 4.7 -18.3
v 3 4.7 -18.3
v 3.1 4.7 -18.3
v 0.9 4.7 -18.4
v 1 4.7 -18.4
v 3 4.7 -18.4
v 3.1 4.7 -18.4
v 0.9 4.7 -18.5
v 1 4.7 -18.5
v 3 4.7 -18.5
v 0.9 4.7 -18.6
v 1 4.7 -18.6
v 3 4.7 -18.6
v 3.1 4.7 -18.6
v 0.9 4.7 -18.7
v 1 4.7 -18.7
v 3 4.7 -18.7
v 3.1 4.7 -18.7
v 0.9 4.7 -18.8
v 1 4.7 -18.8
v 3 4.7 -18.8
v 3.1 4.7 -18.8
v 0.9 4.7 -18.9
v 1 4.7 -18.9
v 3 4.7 -18.9
v 3.1 4.7 -18.9
v 0.9 4.7 -19
v 1 4.7 -19
v 3 4.7 -19
v 3.1 4.7 -19
v 1 4.7 -19.1
v 3 4.7 -19.1
v 3.1 4.7 -19.1
v 1 4.7 -19.2
v 3 4.7 -19.2
v 3.1 4.7 -19.2
v 3 4.7 -19.3
v 3.1 4.7 -19.3
v 0.9 4.7 -19.4
v 1 4.7 -19.4
v 3 4.7 -19.4
v 3.1 4.7 -19.4
v 0.9 4.7 -19.5
v 1 4.7 -19.5
v 3 4.7 -19.5
v 3.1 4.7 -19.5
v 0.9 4.7 -19.6
v 1 4.7 -19.6
v 3 4.7 -19.6
v 0.9 4.7 -19.7
v 1 4.7 -19.7
v 3 4.7 -19.7
v 3.1 4.7 -19.7
v 3 4.7 -19.8
v 3.1 4.7 -19.8
v 0.9 4.7 -19.9
v 1 4.7 -19.9
v 3 4.7 -19.9
v 3.1 4.7 -19.9
v 0.9 4.7 -20
v 1 4.7 -20
v 0.9 4.7 -20.1
v 1 4.7 -20.1
v 3 4.7 -20.1
v 3.1 4.7 -20.1
v 1 4.7 -20.2
v 3 4.7 -20.2
v 3.1 4.7 -20.2
v 0.9 4.7 -20.3
v 1 4.7 -20.3
v 3 4.7 -20.3
v 3.1 4.7 -20.3
v 0.9 4.7 -20.4
v 1 4.7 -20.4
v 3 4.7 -20.4
v 3.1 4.7 -20.4
v 0.9 4.7 -20.5
v 1 4.7 -20.5
v 3 4.7 -20.5
v 0.9 4.7 -20.6
v 1 4.7 -20.6
v 3 4.7 -20.6
v 3.1 4.7 -20.6
v 0.9 4.7 -20.7
v 1 4.7 -20.7
v 3 4.7 -20.7
v 1 4.7 -20.8
v 3 4.7 -20.8
v 3.1 4.7 -20.8
v 0.9 4.7 -20.9
v 1 4.7 -20.9
v 3 4.7 -20.9
v 3.1 4.7 -20.9
v 1 4.7 -21
v 3 4.7 -21
v 3.1 4.7 -21
v 0.9 4.7 -21.1
v 1 4.7 -21.1
v 3 4.7 -21.1
v 3.1 4.7 -21.1
v 0.9 4.7 -21.2
v 1 4.7 -21.2
v 3 4.7 -21.2
v 3.1 4.7 -21.2
v 1 4.7 -21.3
v 3 4.7 -21.3
v 1 4.7 -21.4
v 3 4.7 -21.4
v 3.1 4.7 -21.4
v -2.3 4.7 -21.5
v -1.8 4.7 -21.5
v -1.7 4.7 -21.5
v -1.4 4.7 -21.5
v -1.3 4.7 -21.5
v -1.2 4.7 -21.5
v -1.1 4.7 -21.5
v -1 4.7 -21.5
v -0.9 4.7 -21.5
v -0.8 4.7 -21.5
v -0.7 4.7 -21.5
v -0.6 4.7 -21.5
v -0.4 4.7 -21.5
v -0.3 4.7 -21.5
v -0.2 4.7 -21.5
v -0.0999999 4.7 -21.5
v 0 4.7 -21.5
v 0.1 4.7 -21.5
v 0.9 4.7 -21.5
v 1 4.7 -21.5
v 3 4.7 -21.5
v 3.1 4.7 -21.5
v 3.2 4.7 -21.5
v 3.3 4.7 -21.5
v 3.4 4.7 -21.5
v 3.5 4.7 -21.5
v -2.3 4.7 -21.6
v -1.8 4.7 -21.6
v -1.7 4.7 -21.6
v -1.5 4.7 -21.6
v -1.4 4.7 -21.6
v -1.3 4.7 -21.6
v -1.2 4.7 -21.6
v -1.1 4.7 -21.6
v -1 4.7 -21.6
v -0.9 4.7 -21.6
v -0.8 4.7 -21.6
v -0.7 4.7 -21.6
v -0.6 4.7 -21.6
v -0.5 4.7 -21.6
v -0.4 4.7 -21.6
v -0.3 4.7 -21.6
v -0.2 4.7 -21.6
v -0.0999999 4.7 -21.6
v 0 4.7 -21.6
v 0.1 4.7 -21.6
v 0.2 4.7 -21.6
v 0.3 4.7 -21.6
v 0.4 4.7 -21.6
v 0.5 4.7 -21.6
v 0.6 4.7 -21.6
v 0.7 4.7 -21.6
v 0.8 4.7 -21.6
v 0.9 4.7 -21.6
v 1 4.7 -21.6
v 3 4.7 -21.6
v 3.1 4.7 -21.6
v 3.2 4.7 -21.6
v 3.3 4.7 -21.6
v 3.4 4.7 -21.6
v 3.5 4.7 -21.6
v -2.3 4.7 -24.1
v -1.8 4.7 -24.1
v -1.7 4.7 -24.1
v -1.6 4.7 -24.1
v -1.5 4.7 -24.1
v -1.4 4.7 -24.1
v -1.3 4.7 -24.1
v -1.2 4.7 -24.1
v -1 4.7 -24.1
v -0.9 4.7 -24.1
v -0.8 4.7 -24.1
v -0.7 4.7 -24.1
v -0.6 4.7 -24.1
v -0.5 4.7 -24.1
v -0.3 4.7 -24.1
v -0.2 4.7 -24.1
v -0.0999999 4.7 -24.1
v 0.1 4.7 -24.1
v 0.2 4.7 -24.1
v 0.5 4.7 -24.1
v 0.6 4.7 -24.1
v 0.7 4.7 -24.1
v 0.8 4.7 -24.1
v 0.9 4.7 -24.1
v 1 4.7 -24.1
v 1.1 4.7 -24.1
v 1.2 4.7 -24.1
v 1.3 4.7 -24.1
v 1.4 4.7 -24.1
v 1.5 4.7 -24.1
v 1.6 4.7 -24.1
v 1.7 4.7 -24.1
v 1.8 4.7 -24.1
v 1.9 4.7 -24.1
v 2 4.7 -24.1
v 2.1 4.7 -24.1
v 2.2 4.7 -24.1
v 2.3 4.7 -24.1
v 2.4 4.7 -24.1
v 2.5 4.7 -24.1
v 2.6 4.7 -24.1
v 2.8 4.7 -24.1
v 2.9 4.7 -24.1
v 3 4.7 -24.1
v 3.1 4.7 -24.1
v 3.2 4.7 -24.1
v 3.3 4.7 -24.1
v 3.4 4.7 -24.1
v 3.5 4.7 -24.1
v -2.3 4.7 -24.2
v -1.8 4.7 -24.2
v -1.7 4.7 -24.2
v -1.5 4.7 -24.2
v -1.4 4.7 -24.2
v -1.2 4.7 -24.2
v -1 4.7 -24.2
v -0.9 4.7 -24.2
v -0.8 4.7 -24.2
v -0.7 4.7 -24.2
v -0.5 4.7 -24.2
v -0.3 4.7 -24.2
v -0.2 4.7 -24.2
v -0.0999999 4.7 -24.2
v 0.2 4.7 -24.2
v 0.6 4.7 -24.2
v 0.7 4.7 -24.2
v 0.9 4.7 -24.2
v 1 4.7 -24.2
v 1.1 4.7 -24.2
v 1.2 4.7 -24.2
v 1.3 4.7 -24.2
v 1.4 4.7 -24.2
v 1.8 4.7 -24.2
v 1.9 4.7 -24.2
v 2 4.7 -24.2
v 2.1 4.7 -24.2
v 2.2 4.7 -24.2
v 2.3 4.7 -24.2
v 2.6 4.7 -24.2
v 2.8 4.7 -24.2
v 2.9 4.7 -24.2
v 3.1 4.7 -24.2
v 3.2 4.7 -24.2
v 3.4 4.7 -24.2
v 3.5 4.7 -24.2
v -2.2 4.8 -22.7
v -2.1 4.8 -22.7
v -2.1 4.8 -22.8
v -2.1 4.8 -23
v -2.2 4.8 -23.1
v -2.1 4.8 -23.1
v 2.9 4.9 -17.7
v 3 4.9 -17.7
v 2.9 4.9 -17.8
v 3 4.9 -17.8
v 2.9 4.9 -17.9
v 3 4.9 -17.9
v 2.9 4.9 -18
v 2.9 4.9 -18.1
v 3 4.9 -18.1
v 2.9 4.9 -18.2
v 3 4.9 -18.2
v 2.9 4.9 -18.3
v 3 4.9 -18.3
v 2.9 4.9 -18.4
v 3 4.9 -18.4
v 2.9 4.9 -18.6
v 3 4.9 -18.6
v 2.9 4.9 -18.7
v 3 4.9 -18.7
v 2.9 4.9 -18.8
v 3 4.9 -18.8
v 2.9 4.9 -18.9
v 3 4.9 -18.9
v 2.9 4.9 -19
v 3 4.9 -19
v 2.9 4.9 -19.1
v 3 4.9 -19.1
v 2.9 4.9 -19.2
v 3 4.9 -19.2
v 2.9 4.9 -19.3
v 3 4.9 -19.3
v 2.9 4.9 -19.4
v 3 4.9 -19.4
v 2.9 4.9 -19.5
v 3 4.9 -19.5
v 2.9 4.9 -19.6
v 3 4.9 -19.6
v 2.9 4.9 -19.7
v 3 4.9 -19.7
v 2.9 4.9 -19.8
v 3 4.9 -19.8
v 2.9 4.9 -19.9
v 3 4.9 -19.9
v 2.9 4.9 -20
v 3 4.9 -20
v 2.9 4.9 -20.1
v 3 4.9 -20.1
v 2.9 4.9 -20.2
v 3 4.9 -20.2
v 2.9 4.9 -20.3
v 3 4.9 -20.3
v 2.9 4.9 -20.4
v 3 4.9 -20.4
v 2.9 4.9 -20.5
v 3 4.9 -20.5
v 2.9 4.9 -20.6
v 2.9 4.9 -20.7
v 2.9 4.9 -20.8
v 3 4.9 -20.8
v 2.9 4.9 -20.9
v 3 4.9 -20.9
v 2.9 4.9 -21
v 3 4.9 -21
v 2.9 4.9 -21.1
v 3 4.9 -21.1
v 2.9 4.9 -21.2
v 3 4.9 -21.2
v 2.9 4.9 -21.3
v 3 4.9 -21.3
v 2.9 4.9 -21.4
v 3 4.9 -21.4
v 2.9 4.9 -21.5
v 3 4.9 -21.5
v -2.3 4.9 -21.6
v -1.8 4.9 -21.6
v -1.7 4.9 -21.6
v -1.6 4.9 -21.6
v -1.4 4.9 -21.6
v -1.3 4.9 -21.6
v -1.2 4.9 -21.6
v -0.9 4.9 -21.6
v -0.7 4.9 -21.6
v -0.6 4.9 -21.6
v -0.5 4.9 -21.6
v -0.4 4.9 -21.6
v -0.3 4.9 -21.6
v -0.2 4.9 -21.6
v -0.0999999 4.9 -21.6
v 0 4.9 -21.6
v 0.2 4.9 -21.6
v 0.4 4.9 -21.6
v 0.5 4.9 -21.6
v 0.7 4.9 -21.6
v 0.9 4.9 -21.6
v 1 4.9 -21.6
v 2.9 4.9 -21.6
v 3 4.9 -21.6
v 3.1 4.9 -21.6
v 3.4 4.9 -21.6
v 3.5 4.9 -21.6
v -2.3 4.9 -21.7
v -1.8 4.9 -21.7
v -1.7 4.9 -21.7
v -1.6 4.9 -21.7
v -1.5 4.9 -21.7
v -1.4 4.9 -21.7
v -1.3 4.9 -21.7
v -1.2 4.9 -21.7
v -1 4.9 -21.7
v -0.9 4.9 -21.7
v -0.7 4.9 -21.7
v -0.6 4.9 -21.7
v -0.5 4.9 -21.7
v -0.4 4.9 -21.7
v -0.3 4.9 -21.7
v -0.2 4.9 -21.7
v -0.0999999 4.9 -21.7
v 0 4.9 -21.7
v 0.1 4.9 -21.7
v 0.2 4.9 -21.7
v 0.3 4.9 -21.7
v 0.4 4.9 -21.7
v 0.5 4.9 -21.7
v 0.7 4.9 -21.7
v 0.9 4.9 -21.7
v 1 4.9 -21.7
v 2.9 4.9 -21.7
v 3 4.9 -21.7
v 3.1 4.9 -21.7
v 3.2 4.9 -21.7
v 3.4 4.9 -21.7
v 3.5 4.9 -21.7
v -2.2 4.9 -22.6
v -2.1 4.9 -22.6
v -2.2 4.9 -22.7
v -2.1 4.9 -22.7
v -2.2 4.9 -23.1
v -2.1 4.9 -23.1
v -2.2 4.9 -23.2
v -2.1 4.9 -23.2
v -2.3 4.9 -24
v -1.8 4.9 -24
v -1.7 4.9 -24
v -1.6 4.9 -24
v -1.5 4.9 -24
v -1.4 4.9 -24
v -1.3 4.9 -24
v -1.2 4.9 -24
v -1.1 4.9 -24
v -1 4.9 -24
v -0.9 4.9 -24
v -0.8 4.9 -24
v -0.7 4.9 -24
v -0.5 4.9 -24
v -0.4 4.9 -24
v -0.3 4.9 -24
v -0.2 4.9 -24
v 0 4.9 -24
v 0.1 4.9 -24
v 0.2 4.9 -24
v 0.3 4.9 -24
v 0.4 4.9 -24
v 0.5 4.9 -24
v 0.7 4.9 -24
v 0.8 4.9 -24
v 0.9 4.9 -24
v 1 4.9 -24
v 1.1 4.9 -24
v 1.2 4.9 -24
v 1.3 4.9 -24
v 1.4 4.9 -24
v 1.6 4.9 -24
v 1.7 4.9 -24
v 1.8 4.9 -24
v 1.9 4.9 -24
v 2 4.9 -24
v 2.1 4.9 -24
v 2.2 4.9 -24
v 2.3 4.9 -24
v 2.4 4.9 -24
v 2.6 4.9 -24
v 2.7 4.9 -24
v 2.8 4.9 -24
v 2.9 4.9 -24
v 3 4.9 -24
v 3.1 4.9 -24
v 3.2 4.9 -24
v 3.4 4.9 -24
v 3.5 4.9 -24
v -2.3 4.9 -24.1
v -1.8 4.9 -24.1
v -1.6 4.9 -24.1
v -1.5 4.9 -24.1
v -1.4 4.9 -24.1
v -1.3 4.9 -24.1
v -1.2 4.9 -24.1
v -1.1 4.9 -24.1
v -0.9 4.9 -24.1
v -0.8 4.9 -24.1
v -0.7 4.9 -24.1
v -0.5 4.9 -24.1
v -0.4 4.9 -24.1
v -0.3 4.9 -24.1
v -0.2 4.9 -24.1
v 0 4.9 -24.1
v 0.1 4.9 -24.1
v 0.2 4.9 -24.1
v 0.3 4.9 -24.1
v 0.5 4.9 -24.1
v 0.9 4.9 -24.1
v 1 4.9 -24.1
v 1.1 4.9 -24.1
v 1.3 4.9 -24.1
v 1.4 4.9 -24.1
v 1.6 4.9 -24.1
v 1.7 4.9 -24.1
v 1.8 4.9 -24.1
v 1.9 4.9 -24.1
v 2 4.9 -24.1
v 2.1 4.9 -24.1
v 2.6 4.9 -24.1
v 2.7 4.9 -24.1
v 2.9 4.9 -24.1
v 3 4.9 -24.1
v 3.1 4.9 -24.1
v 3.2 4.9 -24.1
v 3.4 4.9 -24.1
v 3.5 4.9 -24.1
v 1 5 -17.7
v 1.1 5 -17.7
v 1 5 -17.8
v 1.1 5 -17.8
v 1.1 5 -17.9
v 1.1 5 -18
v 1 5 -18.1
v 1.1 5 -18.1
v 1 5 -18.2
v 1.1 5 -18.2
v 1 5 -18.3
v 1.1 5 -18.3
v 1.1 5 -18.5
v 1 5 -18.6
v 1.1 5 -18.6
v 1.1 5 -18.7
v 1 5 -18.8
v 1.1 5 -18.8
v 1 5 -18.9
v 1.1 5 -18.9
v 1 5 -19
v 1.1 5 -19
v 1 5 -19.1
v 1.1 5 -19.1
v 1 5 -19.4
v 1.1 5 -19.4
v 1 5 -19.5
v 1.1 5 -19.5
v 1 5 -19.6
v 1.1 5 -19.6
v 1 5 -19.7
v 1.1 5 -19.7
v 1 5 -19.8
v 1.1 5 -19.8
v 1 5 -19.9
v 1.1 5 -19.9
v 1 5 -20
v 1.1 5 -20
v 1 5 -20.1
v 1.1 5 -20.1
v 1 5 -20.2
v 1.1 5 -20.2
v 1.1 5 -20.3
v 1 5 -20.4
v 1.1 5 -20.4
v 1.1 5 -20.5
v 1 5 -20.6
v 1.1 5 -20.6
v 1 5 -20.7
v 1.1 5 -20.7
v 1 5 -20.8
v 1.1 5 -20.8
v 1 5 -21
v 1.1 5 -21
v 1 5 -21.1
v 1.1 5 -21.1
v 1 5 -21.2
v 1.1 5 -21.2
v 1 5 -21.3
v 1.1 5 -21.3
v 1 5 -21.4
v 1.1 5 -21.4
v 1 5 -21.6
v 1.1 5 -21.6
v 1 5 -21.7
v 1.1 5 -21.7
v -2.2 5 -22.5
v -2.1 5 -22.5
v -2.2 5 -22.6
v -2.1 5 -22.6
v -2.2 5 -23.2
v -2.1 5 -23.2
v -2.2 5 -23.3
v -2.1 5 -23.3
v -2.3 5.1 -23.9
v -1.8 5.1 -23.9
v -1.7 5.1 -23.9
v -1.6 5.1 -23.9
v -1.5 5.1 -23.9
v -1.4 5.1 -23.9
v -1.3 5.1 -23.9
v -1.2 5.1 -23.9
v -1.1 5.1 -23.9
v -1 5.1 -23.9
v -0.9 5.1 -23.9
v -0.8 5.1 -23.9
v -0.7 5.1 -23.9
v -0.6 5.1 -23.9
v -0.5 5.1 -23.9
v -0.4 5.1 -23.9
v -0.2 5.1 -23.9
v 0 5.1 -23.9
v 0.1 5.1 -23.9
v 0.2 5.1 -23.9
v 0.3 5.1 -23.9
v 0.4 5.1 -23.9
v 0.5 5.1 -23.9
v 0.6 5.1 -23.9
v 0.7 5.1 -23.9
v 0.8 5.1 -23.9
v 0.9 5.1 -23.9
v 1 5.1 -23.9
v 1.1 5.1 -23.9
v 1.2 5.1 -23.9
v 1.3 5.1 -23.9
v 1.5 5.1 -23.9
v 1.6 5.1 -23.9
v 1.7 5.1 -23.9
v 1.8 5.1 -23.9
v 2 5.1 -23.9
v 2.1 5.1 -23.9
v 2.2 5.1 -23.9
v 2.3 5.1 -23.9
v 2.4 5.1 -23.9
v 2.6 5.1 -23.9
v 2.8 5.1 -23.9
v 2.9 5.1 -23.9
v 3.1 5.1 -23.9
v 3.2 5.1 -23.9
v 3.3 5.1 -23.9
v 3.4 5.1 -23.9
v 3.5 5.1 -23.9
v -2.3 5.1 -24
v -1.8 5.1 -24
v -1.7 5.1 -24
v -1.6 5.1 -24
v -1.5 5.1 -24
v -1.4 5.1 -24
v -1.3 5.1 -24
v -1.2 5.1 -24
v -0.9 5.1 -24
v -0.7 5.1 -24
v -0.6 5.1 -24
v -0.5 5.1 -24
v -0.4 5.1 -24
v -0.2 5.1 -24
v 0.1 5.1 -24
v 0.2 5.1 -24
v 0.3 5.1 -24
v 0.4 5.1 -24
v 0.6 5.1 -24
v 0.7 5.1 -24
v 0.9 5.1 -24
v 1.1 5.1 -24
v 1.2 5.1 -24
v 1.3 5.1 -24
v 1.5 5.1 -24
v 1.6 5.1 -24
v 1.8 5.1 -24
v 2 5.1 -24
v 2.1 5.1 -24
v 2.2 5.1 -24
v 3.1 5.1 -24
v 3.2 5.1 -24
v 3.3 5.1 -24
v 3.4 5.1 -24
v 3.5 5.1 -24
v -2.3 5.2 -21.7
v -1.8 5.2 -21.7
v -1.1 5.2 -21.7
v -1 5.2 -21.7
v -0.9 5.2 -21.7
v -0.8 5.2 -21.7
v -0.7 5.2 -21.7
v -0.6 5.2 -21.7
v 0.2 5.2 -21.7
v 0.3 5.2 -21.7
v 0.4 5.2 -21.7
v 0.5 5.2 -21.7
v 0.6 5.2 -21.7
v 0.7 5.2 -21.7
v 0.8 5.2 -21.7
v 0.9 5.2 -21.7
v 1.1 5.2 -21.7
v 2.9 5.2 -21.7
v 3 5.2 -21.7
v 3.1 5.2 -21.7
v 3.2 5.2 -21.7
v 3.4 5.2 -21.7
v 3.5 5.2 -21.7
v -2.3 5.2 -21.8
v -1.8 5.2 -21.8
v -1.7 5.2 -21.8
v -1.6 5.2 -21.8
v -1.4 5.2 -21.8
v -1.2 5.2 -21.8
v -1.1 5.2 -21.8
v -1 5.2 -21.8
v -0.9 5.2 -21.8
v -0.8 5.2 -21.8
v -0.7 5.2 -21.8
v -0.6 5.2 -21.8
v -0.5 5.2 -21.8
v -0.4 5.2 -21.8
v -0.0999999 5.2 -21.8
v 0 5.2 -21.8
v 0.1 5.2 -21.8
v 0.2 5.2 -21.8
v 0.3 5.2 -21.8
v 0.4 5.2 -21.8
v 0.5 5.2 -21.8
v 0.6 5.2 -21.8
v 0.7 5.2 -21.8
v 0.8 5.2 -21.8
v 0.9 5.2 -21.8
v 1 5.2 -21.8
v 1.1 5.2 -21.8
v 2.9 5.2 -21.8
v 3 5.2 -21.8
v 3.1 5.2 -21.8
v 3.2 5.2 -21.8
v 3.4 5.2 -21.8
v 3.5 5.2 -21.8
v 1.1 5.3 -17.7
v 1.2 5.3 -17.7
v 2.8 5.3 -17.7
v 2.9 5.3 -17.7
v 1.1 5.3 -17.8
v 1.2 5.3 -17.8
v 2.8 5.3 -17.8
v 2.9 5.3 -17.8
v 1.1 5.3 -17.9
v 1.2 5.3 -17.9
v 1.1 5.3 -18
v 1.2 5.3 -18
v 2.8 5.3 -18
v 2.9 5.3 -18
v 1.1 5.3 -18.1
v 1.2 5.3 -18.1
v 2.8 5.3 -18.1
v 2.9 5.3 -18.1
v 1.1 5.3 -18.2
v 1.2 5.3 -18.2
v 2.8 5.3 -18.2
v 2.9 5.3 -18.2
v 1.1 5.3 -18.3
v 1.2 5.3 -18.3
v 2.8 5.3 -18.3
v 2.9 5.3 -18.3
v 1.1 5.3 -18.4
v 1.2 5.3 -18.4
v 2.8 5.3 -18.4
v 2.9 5.3 -18.4
v 1.1 5.3 -18.5
v 1.2 5.3 -18.5
v 2.8 5.3 -18.5
v 2.9 5.3 -18.5
v 1.1 5.3 -18.6
v 1.2 5.3 -18.6
v 2.8 5.3 -18.6
v 2.9 5.3 -18.6
v 2.8 5.3 -18.7
v 2.9 5.3 -18.7
v 1.1 5.3 -18.8
v 1.2 5.3 -18.8
v 2.8 5.3 -18.8
v 2.9 5.3 -18.8
v 1.1 5.3 -18.9
v 1.2 5.3 -18.9
v 1.1 5.3 -19
v 1.2 5.3 -19
v 2.8 5.3 -19
v 2.9 5.3 -19
v 1.1 5.3 -19.1
v 1.2 5.3 -19.1
v 2.8 5.3 -19.1
v 2.9 5.3 -19.1
v 1.1 5.3 -19.2
v 1.2 5.3 -19.2
v 2.8 5.3 -19.2
v 2.9 5.3 -19.2
v 1.1 5.3 -19.3
v 1.2 5.3 -19.3
v 2.8 5.3 -19.3
v 2.9 5.3 -19.3
v 1.1 5.3 -19.4
v 1.2 5.3 -19.4
v 2.8 5.3 -19.4
v 2.9 5.3 -19.4
v 1.1 5.3 -19.5
v 1.2 5.3 -19.5
v 2.8 5.3 -19.5
v 2.9 5.3 -19.5
v 1.2 5.3 -19.6
v 2.8 5.3 -19.6
v 2.9 5.3 -19.6
v 2.8 5.3 -19.7
v 2.9 5.3 -19.7
v 2.8 5.3 -19.8
v 2.9 5.3 -19.8
v 1.2 5.3 -19.9
v 2.8 5.3 -19.9
v 2.9 5.3 -19.9
v 1.1 5.3 -20
v 1.2 5.3 -20
v 2.8 5.3 -20
v 1.1 5.3 -20.1
v 1.2 5.3 -20.1
v 2.8 5.3 -20.1
v 1.1 5.3 -20.2
v 1.2 5.3 -20.2
v 2.8 5.3 -20.2
v 1.1 5.3 -20.3
v 1.2 5.3 -20.3
v 2.8 5.3 -20.3
v 2.9 5.3 -20.3
v 1.2 5.3 -20.4
v 2.8 5.3 -20.4
v 2.9 5.3 -20.4
v 1.1 5.3 -20.5
v 1.2 5.3 -20.5
v 2.8 5.3 -20.5
v 2.9 5.3 -20.5
v 1.1 5.3 -20.6
v 1.2 5.3 -20.6
v 2.8 5.3 -20.6
v 2.9 5.3 -20.6
v 1.1 5.3 -20.7
v 1.2 5.3 -20.7
v 2.8 5.3 -20.7
v 1.2 5.3 -20.8
v 2.8 5.3 -20.8
v 2.9 5.3 -20.8
v 1.1 5.3 -20.9
v 1.2 5.3 -20.9
v 2.8 5.3 -20.9
v 2.9 5.3 -20.9
v 2.8 5.3 -21
v 2.9 5.3 -21
v 1.1 5.3 -21.1
v 1.2 5.3 -21.1
v 2.8 5.3 -21.1
v 1.1 5.3 -21.2
v 1.2 5.3 -21.2
v 2.8 5.3 -21.2
v 2.9 5.3 -21.2
v 1.1 5.3 -21.3
v 1.2 5.3 -21.3
v 2.8 5.3 -21.3
v 2.9 5.3 -21.3
v 1.2 5.3 -21.4
v 2.8 5.3 -21.4
v 2.9 5.3 -21.4
v 2.8 5.3 -21.5
v 2.9 5.3 -21.5
v 1.1 5.3 -21.6
v 1.2 5.3 -21.6
v 1.1 5.3 -21.7
v 1.2 5.3 -21.7
v 2.8 5.3 -21.7
v 2.9 5.3 -21.7
v 1.1 5.3 -21.8
v 1.2 5.3 -21.8
v 2.8 5.3 -21.8
v 2.9 5.3 -21.8
v -2.3 5.4 -21.8
v -1.8 5.4 -21.8
v -1.6 5.4 -21.8
v -1.2 5.4 -21.8
v -1.1 5.4 -21.8
v -1 5.4 -21.8
v -0.9 5.4 -21.8
v -0.8 5.4 -21.8
v -0.7 5.4 -21.8
v -0.6 5.4 -21.8
v -0.5 5.4 -21.8
v -0.4 5.4 -21.8
v -0.2 5.4 -21.8
v 0.1 5.4 -21.8
v 0.2 5.4 -21.8
v 0.3 5.4 -21.8
v 0.4 5.4 -21.8
v 0.5 5.4 -21.8
v 0.6 5.4 -21.8
v 0.7 5.4 -21.8
v 1 5.4 -21.8
v 1.1 5.4 -21.8
v 1.2 5.4 -21.8
v 2.8 5.4 -21.8
v 3 5.4 -21.8
v 3.1 5.4 -21.8
v 3.4 5.4 -21.8
v 3.5 5.4 -21.8
v -2.3 5.4 -21.9
v -1.8 5.4 -21.9
v -1.6 5.4 -21.9
v -1.4 5.4 -21.9
v -1.3 5.4 -21.9
v -1.2 5.4 -21.9
v -1.1 5.4 -21.9
v -1 5.4 -21.9
v -0.9 5.4 -21.9
v -0.8 5.4 -21.9
v -0.7 5.4 -21.9
v -0.6 5.4 -21.9
v -0.5 5.4 -21.9
v -0.4 5.4 -21.9
v -0.3 5.4 -21.9
v -0.2 5.4 -21.9
v -0.0999999 5.4 -21.9
v 0 5.4 -21.9
v 0.1 5.4 -21.9
v 0.2 5.4 -21.9
v 0.3 5.4 -21.9
v 0.4 5.4 -21.9
v 0.5 5.4 -21.9
v 0.6 5.4 -21.9
v 0.7 5.4 -21.9
v 0.9 5.4 -21.9
v 1 5.4 -21.9
v 1.1 5.4 -21.9
v 1.2 5.4 -21.9
v 2.8 5.4 -21.9
v 2.9 5.4 -21.9
v 3 5.4 -21.9
v 3.1 5.4 -21.9
v 3.3 5.4 -21.9
v 3.4 5.4 -21.9
v 3.5 5.4 -21.9
v -2.2 5.4 -22.4
v -2 5.4 -22.4
v -2.2 5.4 -22.5
v -2 5.4 -22.5
v -2.2 5.4 -23.3
v -2 5.4 -23.3
v -2.2 5.4 -23.4
v -2 5.4 -23.4
v -2.3 5.4 -23.8
v -1.8 5.4 -23.8
v -1.7 5.4 -23.8
v -1.6 5.4 -23.8
v -1.5 5.4 -23.8
v -1.4 5.4 -23.8
v -1.3 5.4 -23.8
v -1.2 5.4 -23.8
v -1.1 5.4 -23.8
v -1 5.4 -23.8
v -0.9 5.4 -23.8
v -0.8 5.4 -23.8
v -0.7 5.4 -23.8
v -0.6 5.4 -23.8
v -0.5 5.4 -23.8
v -0.4 5.4 -23.8
v -0.3 5.4 -23.8
v -0.2 5.4 -23.8
v -0.0999999 5.4 -23.8
v 0 5.4 -23.8
v 0.2 5.4 -23.8
v 0.3 5.4 -23.8
v 0.4 5.4 -23.8
v 0.5 5.4 -23.8
v 0.6 5.4 -23.8
v 0.7 5.4 -23.8
v 0.8 5.4 -23.8
v 0.9 5.4 -23.8
v 1.1 5.4 -23.8
v 1.2 5.4 -23.8
v 1.3 5.4 -23.8
v 1.4 5.4 -23.8
v 1.5 5.4 -23.8
v 1.6 5.4 -23.8
v 1.7 5.4 -23.8
v 1.8 5.4 -23.8
v 1.9 5.4 -23.8
v 2 5.4 -23.8
v 2.1 5.4 -23.8
v 2.2 5.4 -23.8
v 2.3 5.4 -23.8
v 2.5 5.4 -23.8
v 2.6 5.4 -23.8
v 2.8 5.4 -23.8
v 2.9 5.4 -23.8
v 3 5.4 -23.8
v 3.1 5.4 -23.8
v 3.2 5.4 -23.8
v 3.3 5.4 -23.8
v 3.4 5.4 -23.8
v 3.5 5.4 -23.8
v -2.3 5.4 -23.9
v -1.8 5.4 -23.9
v -1.6 5.4 -23.9
v -1.5 5.4 -23.9
v -1.4 5.4 -23.9
v -1.3 5.4 -23.9
v -1.2 5.4 -23.9
v -1.1 5.4 -23.9
v -1 5.4 -23.9
v -0.9 5.4 -23.9
v -0.8 5.4 -23.9
v -0.7 5.4 -23.9
v -0.6 5.4 -23.9
v -0.5 5.4 -23.9
v -0.4 5.4 -23.9
v -0.3 5.4 -23.9
v -0.2 5.4 -23.9
v -0.0999999 5.4 -23.9
v 0 5.4 -23.9
v 0.2 5.4 -23.9
v 0.3 5.4 -23.9
v 0.4 5.4 -23.9
v 0.6 5.4 -23.9
v 0.7 5.4 -23.9
v 0.8 5.4 -23.9
v 0.9 5.4 -23.9
v 1.1 5.4 -23.9
v 1.2 5.4 -23.9
v 1.3 5.4 -23.9
v 1.4 5.4 -23.9
v 1.5 5.4 -23.9
v 1.6 5.4 -23.9
v 1.8 5.4 -23.9
v 2.1 5.4 -23.9
v 2.2 5.4 -23.9
v 2.3 5.4 -23.9
v 2.5 5.4 -23.9
v 2.6 5.4 -23.9
v 2.8 5.4 -23.9
v 2.9 5.4 -23.9
v 3 5.4 -23.9
v 3.1 5.4 -23.9
v 3.2 5.4 -23.9
v 3.3 5.4 -23.9
v 3.4 5.4 -23.9
v 3.5 5.4 -23.9
v 1.2 5.6 -17.7
v 1.3 5.6 -17.7
v 2.7 5.6 -17.7
v 2.8 5.6 -17.7
v 1.2 5.6 -17.8
v 1.3 5.6 -17.8
v 2.7 5.6 -17.8
v 2.8 5.6 -17.8
v 1.2 5.6 -17.9
v 1.3 5.6 -17.9
v 2.7 5.6 -17.9
v 2.8 5.6 -17.9
v 1.2 5.6 -18
v 1.3 5.6 -18
v 2.7 5.6 -18
v 1.2 5.6 -18.1
v 1.3 5.6 -18.1
v 2.7 5.6 -18.1
v 2.8 5.6 -18.1
v 1.2 5.6 -18.2
v 1.3 5.6 -18.2
v 2.7 5.6 -18.2
v 2.8 5.6 -18.2
v 1.2 5.6 -18.3
v 1.3 5.6 -18.3
v 2.7 5.6 -18.3
v 2.8 5.6 -18.3
v 1.2 5.6 -18.4
v 1.3 5.6 -18.4
v 1.2 5.6 -18.5
v 1.3 5.6 -18.5
v 2.7 5.6 -18.5
v 2.8 5.6 -18.5
v 2.7 5.6 -18.6
v 2.8 5.6 -18.6
v 1.3 5.6 -18.7
v 2.7 5.6 -18.7
v 2.8 5.6 -18.7
v 1.2 5.6 -18.8
v 1.3 5.6 -18.8
v 2.7 5.6 -18.8
v 2.8 5.6 -18.8
v 1.2 5.6 -18.9
v 1.3 5.6 -18.9
v 2.7 5.6 -18.9
v 2.8 5.6 -18.9
v 1.2 5.6 -19
v 1.3 5.6 -19
v 2.7 5.6 -19
v 2.8 5.6 -19
v 1.3 5.6 -19.1
v 1.2 5.6 -19.2
v 1.3 5.6 -19.2
v 2.7 5.6 -19.2
v 2.8 5.6 -19.2
v 1.2 5.6 -19.3
v 1.3 5.6 -19.3
v 2.7 5.6 -19.3
v 2.8 5.6 -19.3
v 1.2 5.6 -19.4
v 1.3 5.6 -19.4
v 2.7 5.6 -19.4
v 2.8 5.6 -19.4
v 1.2 5.6 -19.5
v 1.3 5.6 -19.5
v 2.7 5.6 -19.5
v 2.8 5.6 -19.5
v 1.2 5.6 -19.6
v 1.3 5.6 -19.6
v 1.2 5.6 -19.7
v 1.3 5.6 -19.7
v 2.7 5.6 -19.7
v 2.8 5.6 -19.7
v 1.2 5.6 -19.8
v 1.3 5.6 -19.8
v 2.7 5.6 -19.8
v 2.8 5.6 -19.8
v 1.2 5.6 -19.9
v 1.3 5.6 -19.9
v 2.7 5.6 -19.9
v 2.8 5.6 -19.9
v 1.2 5.6 -20
v 1.3 5.6 -20
v 2.7 5.6 -20
v 2.8 5.6 -20
v 1.2 5.6 -20.1
v 1.3 5.6 -20.1
v 1.2 5.6 -20.2
v 1.3 5.6 -20.2
v 2.7 5.6 -20.2
v 2.8 5.6 -20.2
v 1.2 5.6 -20.3
v 1.3 5.6 -20.3
v 2.7 5.6 -20.3
v 2.8 5.6 -20.3
v 1.2 5.6 -20.4
v 1.3 5.6 -20.4
v 2.7 5.6 -20.4
v 2.8 5.6 -20.4
v 1.2 5.6 -20.5
v 1.3 5.6 -20.5
v 2.7 5.6 -20.5
v 2.8 5.6 -20.5
v 1.2 5.6 -20.6
v 1.3 5.6 -20.6
v 1.2 5.6 -20.7
v 1.3 5.6 -20.7
v 2.7 5.6 -20.7
v 2.8 5.6 -20.7
v 1.2 5.6 -20.8
v 1.3 5.6 -20.8
v 2.7 5.6 -20.8
v 2.8 5.6 -20.8
v 1.2 5.6 -20.9
v 1.3 5.6 -20.9
v 2.7 5.6 -20.9
v 2.8 5.6 -20.9
v 1.2 5.6 -21
v 1.3 5.6 -21
v 2.7 5.6 -21
v 2.8 5.6 -21
v 1.2 5.6 -21.1
v 1.3 5.6 -21.1
v 1.2 5.6 -21.2
v 1.3 5.6 -21.2
v 2.7 5.6 -21.2
v 1.2 5.6 -21.3
v 1.3 5.6 -21.3
v 2.7 5.6 -21.3
v 2.8 5.6 -21.3
v 1.2 5.6 -21.4
v 1.3 5.6 -21.4
v 2.7 5.6 -21.4
v 2.8 5.6 -21.4
v 2.7 5.6 -21.5
v 2.8 5.6 -21.5
v 1.2 5.6 -21.6
v 1.3 5.6 -21.6
v 2.7 5.6 -21.6
v 2.8 5.6 -21.6
v 1.2 5.6 -21.7
v 1.3 5.6 -21.7
v 2.7 5.6 -21.7
v 2.8 5.6 -21.7
v 1.2 5.6 -21.8
v 1.3 5.6 -21.8
v 2.7 5.6 -21.8
v 2.8 5.6 -21.8
v -2.3 5.6 -21.9
v -1.8 5.6 -21.9
v -1.3 5.6 -21.9
v -1.2 5.6 -21.9
v -1.1 5.6 -21.9
v -0.9 5.6 -21.9
v -0.7 5.6 -21.9
v -0.3 5.6 -21.9
v -0.2 5.6 -21.9
v -0.0999999 5.6 -21.9
v 0.1 5.6 -21.9
v 0.2 5.6 -21.9
v 0.3 5.6 -21.9
v 0.4 5.6 -21.9
v 0.6 5.6 -21.9
v 0.8 5.6 -21.9
v 0.9 5.6 -21.9
v 1.2 5.6 -21.9
v 1.3 5.6 -21.9
v 2.7 5.6 -21.9
v 2.8 5.6 -21.9
v 2.9 5.6 -21.9
v 3 5.6 -21.9
v 3.3 5.6 -21.9
v 3.4 5.6 -21.9
v 3.5 5.6 -21.9
v -2.3 5.6 -22
v -1.8 5.6 -22
v -1.7 5.6 -22
v -1.4 5.6 -22
v -1.3 5.6 -22
v -1.2 5.6 -22
v -1.1 5.6 -22
v -0.9 5.6 -22
v -0.8 5.6 -22
v -0.7 5.6 -22
v -0.5 5.6 -22
v -0.4 5.6 -22
v -0.3 5.6 -22
v -0.2 5.6 -22
v -0.0999999 5.6 -22
v 0 5.6 -22
v 0.1 5.6 -22
v 0.2 5.6 -22
v 0.3 5.6 -22
v 0.4 5.6 -22
v 0.5 5.6 -22
v 0.6 5.6 -22
v 0.7 5.6 -22
v 0.8 5.6 -22
v 0.9 5.6 -22
v 1.2 5.6 -22
v 1.3 5.6 -22
v 2.7 5.6 -22
v 2.8 5.6 -22
v 2.9 5.6 -22
v 3 5.6 -22
v 3.1 5.6 -22
v 3.2 5.6 -22
v 3.3 5.6 -22
v 3.4 5.6 -22
v 3.5 5.6 -22
v -2.2 5.6 -22.5
v -2 5.6 -22.5
v -2.2 5.6 -22.7
v -2 5.6 -22.7
v -2.2 5.6 -23.1
v -2 5.6 -23.1
v -2.2 5.6 -23.3
v -2 5.6 -23.3
v -2.3 5.6 -23.7
v -1.8 5.6 -23.7
v -1.5 5.6 -23.7
v -1.4 5.6 -23.7
v -1.2 5.6 -23.7
v -1.1 5.6 -23.7
v -1 5.6 -23.7
v -0.9 5.6 -23.7
v -0.8 5.6 -23.7
v -0.7 5.6 -23.7
v -0.5 5.6 -23.7
v -0.4 5.6 -23.7
v -0.3 5.6 -23.7
v -0.2 5.6 -23.7
v -0.0999999 5.6 -23.7
v 0.1 5.6 -23.7
v 0.2 5.6 -23.7
v 0.3 5.6 -23.7
v 0.5 5.6 -23.7
v 0.6 5.6 -23.7
v 0.7 5.6 -23.7
v 0.8 5.6 -23.7
v 0.9 5.6 -23.7
v 1.1 5.6 -23.7
v 1.2 5.6 -23.7
v 1.3 5.6 -23.7
v 1.4 5.6 -23.7
v 1.5 5.6 -23.7
v 1.6 5.6 -23.7
v 1.7 5.6 -23.7
v 1.8 5.6 -23.7
v 1.9 5.6 -23.7
v 2 5.6 -23.7
v 2.1 5.6 -23.7
v 2.2 5.6 -23.7
v 2.3 5.6 -23.7
v 2.5 5.6 -23.7
v 2.6 5.6 -23.7
v 2.7 5.6 -23.7
v 2.8 5.6 -23.7
v 2.9 5.6 -23.7
v 3.1 5.6 -23.7
v 3.2 5.6 -23.7
v 3.3 5.6 -23.7
v 3.4 5.6 -23.7
v 3.5 5.6 -23.7
v -2.3 5.6 -23.8
v -1.8 5.6 -23.8
v -1.5 5.6 -23.8
v -1.2 5.6 -23.8
v -1.1 5.6 -23.8
v -1 5.6 -23.8
v -0.9 5.6 -23.8
v -0.8 5.6 -23.8
v -0.7 5.6 -23.8
v -0.5 5.6 -23.8
v -0.4 5.6 -23.8
v -0.2 5.6 -23.8
v 0.1 5.6 -23.8
v 0.2 5.6 -23.8
v 0.5 5.6 -23.8
v 0.7 5.6 -23.8
v 0.9 5.6 -23.8
v 1.2 5.6 -23.8
v 1.4 5.6 -23.8
v 1.5 5.6 -23.8
v 1.6 5.6 -23.8
v 1.7 5.6 -23.8
v 1.8 5.6 -23.8
v 1.9 5.6 -23.8
v 2 5.6 -23.8
v 2.1 5.6 -23.8
v 2.3 5.6 -23.8
v 2.5 5.6 -23.8
v 2.7 5.6 -23.8
v 2.8 5.6 -23.8
v 3.1 5.6 -23.8
v 3.2 5.6 -23.8
v 3.3 5.6 -23.8
v 3.4 5.6 -23.8
v 3.5 5.6 -23.8
v 1.3 5.7 -17.7
v 1.4 5.7 -17.7
v 2.6 5.7 -17.7
v 2.7 5.7 -17.7
v 1.3 5.7 -17.8
v 1.4 5.7 -17.8
v 2.6 5.7 -17.8
v 2.7 5.7 -17.8
v 2.6 5.7 -17.9
v 2.7 5.7 -17.9
v 1.3 5.7 -18
v 1.4 5.7 -18
v 2.6 5.7 -18
v 2.7 5.7 -18
v 1.3 5.7 -18.1
v 1.4 5.7 -18.1
v 2.6 5.7 -18.1
v 2.7 5.7 -18.1
v 1.3 5.7 -18.2
v 1.4 5.7 -18.2
v 2.6 5.7 -18.2
v 2.7 5.7 -18.2
v 1.3 5.7 -18.3
v 1.4 5.7 -18.3
v 2.6 5.7 -18.3
v 2.7 5.7 -18.3
v 1.3 5.7 -18.4
v 1.4 5.7 -18.4
v 1.3 5.7 -18.5
v 1.4 5.7 -18.5
v 2.6 5.7 -18.5
v 2.7 5.7 -18.5
v 1.4 5.7 -18.6
v 1.3 5.7 -18.7
v 1.4 5.7 -18.7
v 2.6 5.7 -18.7
v 2.7 5.7 -18.7
v 1.3 5.7 -18.8
v 1.4 5.7 -18.8
v 2.6 5.7 -18.8
v 2.7 5.7 -18.8
v 1.3 5.7 -18.9
v 1.4 5.7 -18.9
v 2.6 5.7 -18.9
v 1.3 5.7 -19
v 1.4 5.7 -19
v 2.6 5.7 -19
v 2.7 5.7 -19
v 1.3 5.7 -19.1
v 1.4 5.7 -19.1
v 2.6 5.7 -19.1
v 2.6 5.7 -19.2
v 2.7 5.7 -19.2
v 1.3 5.7 -19.3
v 1.4 5.7 -19.3
v 2.6 5.7 -19.3
v 2.7 5.7 -19.3
v 1.3 5.7 -19.4
v 1.4 5.7 -19.4
v 2.6 5.7 -19.4
v 1.3 5.7 -19.5
v 1.4 5.7 -19.5
v 2.6 5.7 -19.5
v 2.7 5.7 -19.5
v 1.4 5.7 -19.6
v 2.6 5.7 -19.7
v 2.7 5.7 -19.7
v 1.3 5.7 -19.8
v 1.4 5.7 -19.8
v 2.6 5.7 -19.8
v 2.7 5.7 -19.8
v 1.3 5.7 -19.9
v 1.4 5.7 -19.9
v 2.6 5.7 -19.9
v 2.7 5.7 -19.9
v 1.3 5.7 -20
v 1.4 5.7 -20
v 2.6 5.7 -20
v 2.7 5.7 -20
v 1.3 5.7 -20.1
v 1.4 5.7 -20.1
v 1.3 5.7 -20.2
v 1.4 5.7 -20.2
v 2.6 5.7 -20.2
v 1.4 5.7 -20.3
v 2.6 5.7 -20.3
v 2.7 5.7 -20.3
v 1.4 5.7 -20.4
v 2.6 5.7 -20.4
v 2.7 5.7 -20.4
v 1.4 5.7 -20.5
v 2.6 5.7 -20.5
v 2.7 5.7 -20.5
v 1.3 5.7 -20.6
v 1.4 5.7 -20.6
v 2.6 5.7 -20.6
v 1.3 5.7 -20.7
v 1.4 5.7 -20.7
v 2.6 5.7 -20.7
v 2.7 5.7 -20.7
v 1.3 5.7 -20.8
v 1.4 5.7 -20.8
v 2.6 5.7 -20.8
v 2.7 5.7 -20.8
v 2.6 5.7 -20.9
v 2.7 5.7 -20.9
v 1.3 5.7 -21
v 1.4 5.7 -21
v 2.6 5.7 -21
v 2.7 5.7 -21
v 1.3 5.7 -21.1
v 1.4 5.7 -21.1
v 1.3 5.7 -21.2
v 1.4 5.7 -21.2
v 2.6 5.7 -21.2
v 2.7 5.7 -21.2
v 1.3 5.7 -21.4
v 1.4 5.7 -21.4
v 2.6 5.7 -21.4
v 2.7 5.7 -21.4
v 2.6 5.7 -21.5
v 2.7 5.7 -21.5
v 1.3 5.7 -21.6
v 1.4 5.7 -21.6
v 1.3 5.7 -21.7
v 1.4 5.7 -21.7
v 2.6 5.7 -21.7
v 2.7 5.7 -21.7
v 2.6 5.7 -21.8
v 2.7 5.7 -21.8
v 1.4 5.7 -21.9
v 2.6 5.7 -21.9
v 2.7 5.7 -21.9
v 1.3 5.7 -22
v 1.4 5.7 -22
v 2.6 5.7 -22
v 2.7 5.7 -22
v -2.2 5.7 -22.7
v -2 5.7 -22.7
v -2.2 5.7 -23.1
v -2 5.7 -23.1
v 1.4 6 -17.7
v 1.5 6 -17.7
v 2.5 6 -17.7
v 2.6 6 -17.7
v 1.4 6 -17.8
v 1.5 6 -17.8
v 2.5 6 -17.8
v 2.6 6 -17.8
v 2.5 6 -17.9
v 2.6 6 -17.9
v 1.5 6 -18
v 2.5 6 -18
v 2.6 6 -18
v 1.5 6 -18.1
v 2.5 6 -18.1
v 2.6 6 -18.1
v 1.4 6 -18.2
v 1.5 6 -18.2
v 2.5 6 -18.2
v 2.6 6 -18.2
v 1.4 6 -18.3
v 1.5 6 -18.3
v 2.5 6 -18.3
v 2.6 6 -18.3
v 1.4 6 -18.4
v 1.5 6 -18.4
v 2.5 6 -18.4
v 2.6 6 -18.4
v 1.4 6 -18.5
v 1.5 6 -18.5
v 2.5 6 -18.5
v 1.4 6 -18.6
v 1.5 6 -18.6
v 2.5 6 -18.6
v 2.6 6 -18.6
v 1.5 6 -18.7
v 2.5 6 -18.7
v 2.6 6 -18.7
v 1.4 6 -18.8
v 1.5 6 -18.8
v 2.5 6 -18.8
v 2.6 6 -18.8
v 1.4 6 -18.9
v 1.5 6 -18.9
v 2.5 6 -18.9
v 2.6 6 -18.9
v 1.4 6 -19
v 1.5 6 -19
v 2.5 6 -19
v 1.4 6 -19.1
v 1.5 6 -19.1
v 1.4 6 -19.2
v 1.5 6 -19.2
v 2.5 6 -19.2
v 2.6 6 -19.2
v 1.4 6 -19.3
v 1.5 6 -19.3
v 2.5 6 -19.3
v 2.6 6 -19.3
v 1.4 6 -19.4
v 1.5 6 -19.4
v 2.5 6 -19.5
v 2.6 6 -19.5
v 2.5 6 -19.6
v 2.6 6 -19.6
v 2.5 6 -19.7
v 2.6 6 -19.7
v 2.5 6 -19.8
v 2.6 6 -19.8
v 2.5 6 -19.9
v 2.6 6 -19.9
v 2.5 6 -20
v 2.6 6 -20
v 1.4 6 -20.1
v 1.5 6 -20.1
v 2.5 6 -20.1
v 1.4 6 -20.2
v 1.5 6 -20.2
v 2.5 6 -20.2
v 2.6 6 -20.2
v 1.5 6 -20.3
v 2.5 6 -20.3
v 2.6 6 -20.3
v 1.5 6 -20.4
v 2.5 6 -20.4
v 2.6 6 -20.4
v 1.4 6 -20.5
v 1.5 6 -20.5
v 2.5 6 -20.5
v 1.4 6 -20.6
v 1.5 6 -20.6
v 2.5 6 -20.6
v 2.6 6 -20.6
v 1.4 6 -20.7
v 1.5 6 -20.7
v 2.5 6 -20.7
v 2.6 6 -20.7
v 1.4 6 -20.8
v 1.5 6 -20.8
v 2.5 6 -20.8
v 1.4 6 -20.9
v 1.5 6 -20.9
v 2.5 6 -20.9
v 2.6 6 -20.9
v 1.4 6 -21
v 1.5 6 -21
v 2.5 6 -21
v 2.6 6 -21
v 1.4 6 -21.1
v 1.5 6 -21.1
v 2.5 6 -21.1
v 2.6 6 -21.1
v 1.4 6 -21.2
v 1.5 6 -21.2
v 2.5 6 -21.2
v 2.6 6 -21.2
v 1.4 6 -21.3
v 1.5 6 -21.3
v 2.5 6 -21.3
v 2.6 6 -21.3
v 1.5 6 -21.4
v 2.5 6 -21.4
v 2.6 6 -21.4
v 1.5 6 -21.5
v 2.5 6 -21.5
v 2.6 6 -21.5
v 1.4 6 -21.6
v 1.5 6 -21.6
v 2.5 6 -21.6
v 2.6 6 -21.6
v 1.4 6 -21.7
v 1.5 6 -21.7
v 1.4 6 -21.8
v 1.5 6 -21.8
v 2.5 6 -21.8
v 2.6 6 -21.8
v 1.4 6 -21.9
v 1.5 6 -21.9
v 2.5 6 -21.9
v 2.6 6 -21.9
v -2.3 6 -22
v -1.8 6 -22
v -1.7 6 -22
v -1.6 6 -22
v -1.5 6 -22
v -1.4 6 -22
v -1.1 6 -22
v -1 6 -22
v -0.9 6 -22
v -0.7 6 -22
v -0.4 6 -22
v -0.3 6 -22
v -0.2 6 -22
v -0.0999999 6 -22
v 0.1 6 -22
v 0.4 6 -22
v 0.6 6 -22
v 0.7 6 -22
v 0.9 6 -22
v 1 6 -22
v 1.4 6 -22
v 1.5 6 -22
v 2.5 6 -22
v 2.6 6 -22
v 2.7 6 -22
v 2.8 6 -22
v 3 6 -22
v 3.3 6 -22
v 3.4 6 -22
v 3.5 6 -22
v -2.3 6 -22.1
v -1.8 6 -22.1
v -1.7 6 -22.1
v -1.6 6 -22.1
v -1.5 6 -22.1
v -1.4 6 -22.1
v -1.3 6 -22.1
v -1.1 6 -22.1
v -1 6 -22.1
v -0.9 6 -22.1
v -0.7 6 -22.1
v -0.5 6 -22.1
v -0.4 6 -22.1
v -0.3 6 -22.1
v -0.2 6 -22.1
v -0.0999999 6 -22.1
v 0.1 6 -22.1
v 0.2 6 -22.1
v 0.3 6 -22.1
v 0.4 6 -22.1
v 0.6 6 -22.1
v 0.7 6 -22.1
v 0.9 6 -22.1
v 1 6 -22.1
v 1.1 6 -22.1
v 1.2 6 -22.1
v 1.4 6 -22.1
v 1.5 6 -22.1
v 2.5 6 -22.1
v 2.6 6 -22.1
v 2.7 6 -22.1
v 2.8 6 -22.1
v 2.9 6 -22.1
v 3 6 -22.1
v 3.1 6 -22.1
v 3.2 6 -22.1
v 3.3 6 -22.1
v 3.4 6 -22.1
v 3.5 6 -22.1
v -2.3 6 -23.6
v -1.8 6 -23.6
v -1.7 6 -23.6
v -1.6 6 -23.6
v -1.5 6 -23.6
v -1.4 6 -23.6
v -1.3 6 -23.6
v -1.2 6 -23.6
v -1.1 6 -23.6
v -1 6 -23.6
v -0.9 6 -23.6
v -0.8 6 -23.6
v -0.6 6 -23.6
v -0.4 6 -23.6
v -0.3 6 -23.6
v -0.2 6 -23.6
v -0.0999999 6 -23.6
v 0 6 -23.6
v 0.1 6 -23.6
v 0.2 6 -23.6
v 0.4 6 -23.6
v 0.5 6 -23.6
v 0.6 6 -23.6
v 0.7 6 -23.6
v 0.8 6 -23.6
v 0.9 6 -23.6
v 1 6 -23.6
v 1.2 6 -23.6
v 1.3 6 -23.6
v 1.4 6 -23.6
v 1.5 6 -23.6
v 1.6 6 -23.6
v 1.7 6 -23.6
v 1.8 6 -23.6
v 1.9 6 -23.6
v 2 6 -23.6
v 2.1 6 -23.6
v 2.2 6 -23.6
v 2.4 6 -23.6
v 2.5 6 -23.6
v 2.6 6 -23.6
v 2.7 6 -23.6
v 2.8 6 -23.6
v 2.9 6 -23.6
v 3 6 -23.6
v 3.1 6 -23.6
v 3.2 6 -23.6
v 3.3 6 -23.6
v 3.4 6 -23.6
v 3.5 6 -23.6
v -2.3 6 -23.7
v -1.8 6 -23.7
v -1.7 6 -23.7
v -1.6 6 -23.7
v -1.4 6 -23.7
v -1.3 6 -23.7
v -1.2 6 -23.7
v -1.1 6 -23.7
v -1 6 -23.7
v -0.9 6 -23.7
v -0.8 6 -23.7
v -0.6 6 -23.7
v -0.4 6 -23.7
v -0.3 6 -23.7
v -0.0999999 6 -23.7
v 0 6 -23.7
v 0.1 6 -23.7
v 0.2 6 -23.7
v 0.4 6 -23.7
v 0.7 6 -23.7
v 0.8 6 -23.7
v 1 6 -23.7
v 1.2 6 -23.7
v 1.4 6 -23.7
v 1.5 6 -23.7
v 1.6 6 -23.7
v 1.7 6 -23.7
v 1.8 6 -23.7
v 1.9 6 -23.7
v 2 6 -23.7
v 2.1 6 -23.7
v 2.2 6 -23.7
v 2.4 6 -23.7
v 2.5 6 -23.7
v 2.6 6 -23.7
v 2.7 6 -23.7
v 2.8 6 -23.7
v 2.9 6 -23.7
v 3 6 -23.7
v 3.1 6 -23.7
v 3.2 6 -23.7
v 3.3 6 -23.7
v 3.4 6 -23.7
v 3.5 6 -23.7
v 1.5 6.2 -17.7
v 1.6 6.2 -17.7
v 2.4 6.2 -17.7
v 2.5 6.2 -17.7
v 1.5 6.2 -17.8
v 1.6 6.2 -17.8
v 2.4 6.2 -17.8
v 2.5 6.2 -17.8
v 1.5 6.2 -17.9
v 1.6 6.2 -17.9
v 2.4 6.2 -17.9
v 2.5 6.2 -17.9
v 1.5 6.2 -18
v 1.6 6.2 -18
v 2.4 6.2 -18
v 2.5 6.2 -18
v 1.5 6.2 -18.1
v 1.6 6.2 -18.1
v 2.4 6.2 -18.1
v 2.5 6.2 -18.1
v 1.5 6.2 -18.2
v 1.6 6.2 -18.2
v 2.4 6.2 -18.2
v 2.5 6.2 -18.2
v 1.5 6.2 -18.3
v 1.6 6.2 -18.3
v 2.4 6.2 -18.3
v 2.5 6.2 -18.3
v 1.5 6.2 -18.4
v 1.6 6.2 -18.4
v 2.4 6.2 -18.4
v 2.5 6.2 -18.4
v 1.5 6.2 -18.5
v 1.6 6.2 -18.5
v 2.4 6.2 -18.5
v 2.5 6.2 -18.5
v 1.5 6.2 -18.6
v 1.6 6.2 -18.6
v 2.4 6.2 -18.6
v 2.5 6.2 -18.6
v 1.5 6.2 -18.7
v 1.6 6.2 -18.7
v 2.4 6.2 -18.7
v 2.5 6.2 -18.7
v 1.5 6.2 -18.8
v 1.6 6.2 -18.8
v 2.4 6.2 -18.8
v 2.5 6.2 -18.8
v 1.5 6.2 -18.9
v 1.6 6.2 -18.9
v 2.4 6.2 -18.9
v 2.5 6.2 -18.9
v 1.5 6.2 -19
v 1.6 6.2 -19
v 2.4 6.2 -19
v 2.5 6.2 -19
v 1.5 6.2 -19.1
v 1.6 6.2 -19.1
v 2.4 6.2 -19.1
v 2.5 6.2 -19.1
v 1.6 6.2 -19.2
v 2.4 6.2 -19.2
v 2.5 6.2 -19.2
v 1.5 6.2 -19.3
v 1.6 6.2 -19.3
v 2.4 6.2 -19.3
v 2.5 6.2 -19.3
v 1.5 6.2 -19.4
v 1.6 6.2 -19.4
v 2.4 6.2 -19.4
v 2.5 6.2 -19.4
v 1.5 6.2 -19.5
v 1.6 6.2 -19.5
v 1.6 6.2 -19.6
v 2.4 6.2 -19.6
v 2.5 6.2 -19.6
v 1.6 6.2 -19.7
v 2.4 6.2 -19.7
v 2.5 6.2 -19.7
v 1.5 6.2 -19.8
v 1.6 6.2 -19.8
v 2.4 6.2 -19.8
v 2.5 6.2 -19.8
v 1.5 6.2 -19.9
v 1.6 6.2 -19.9
v 2.4 6.2 -19.9
v 2.5 6.2 -19.9
v 1.5 6.2 -20
v 1.6 6.2 -20
v 2.4 6.2 -20
v 2.5 6.2 -20
v 1.5 6.2 -20.1
v 1.6 6.2 -20.1
v 2.4 6.2 -20.1
v 2.5 6.2 -20.1
v 1.5 6.2 -20.2
v 1.6 6.2 -20.2
v 2.4 6.2 -20.2
v 2.5 6.2 -20.2
v 1.6 6.2 -20.3
v 2.4 6.2 -20.3
v 2.5 6.2 -20.3
v 1.5 6.2 -20.4
v 1.6 6.2 -20.4
v 2.4 6.2 -20.4
v 2.5 6.2 -20.4
v 1.6 6.2 -20.5
v 2.4 6.2 -20.5
v 1.5 6.2 -20.6
v 1.6 6.2 -20.6
v 2.4 6.2 -20.6
v 2.5 6.2 -20.6
v 1.5 6.2 -20.7
v 1.6 6.2 -20.7
v 2.4 6.2 -20.7
v 2.4 6.2 -20.8
v 2.5 6.2 -20.8
v 1.5 6.2 -20.9
v 1.6 6.2 -20.9
v 2.4 6.2 -20.9
v 2.5 6.2 -20.9
v 1.5 6.2 -21
v 1.6 6.2 -21
v 2.4 6.2 -21
v 2.5 6.2 -21
v 1.5 6.2 -21.1
v 1.6 6.2 -21.1
v 2.4 6.2 -21.1
v 1.5 6.2 -21.2
v 1.6 6.2 -21.2
v 2.4 6.2 -21.2
v 1.6 6.2 -21.3
v 2.4 6.2 -21.3
v 2.5 6.2 -21.3
v 1.5 6.2 -21.4
v 1.6 6.2 -21.4
v 2.4 6.2 -21.4
v 2.5 6.2 -21.4
v 1.5 6.2 -21.5
v 1.6 6.2 -21.5
v 2.4 6.2 -21.5
v 2.5 6.2 -21.5
v 1.5 6.2 -21.6
v 1.6 6.2 -21.6
v 2.4 6.2 -21.6
v 2.5 6.2 -21.6
v 1.5 6.2 -21.7
v 1.6 6.2 -21.7
v 2.4 6.2 -21.7
v 2.4 6.2 -21.8
v 2.5 6.2 -21.8
v 2.4 6.2 -21.9
v 2.5 6.2 -21.9
v 1.5 6.2 -22
v 1.6 6.2 -22
v 2.4 6.2 -22
v 2.5 6.2 -22
v -2.3 6.2 -22.1
v -1.8 6.2 -22.1
v -1.7 6.2 -22.1
v -1.6 6.2 -22.1
v -1.4 6.2 -22.1
v -1.3 6.2 -22.1
v -1.2 6.2 -22.1
v -0.3 6.2 -22.1
v -0.2 6.2 -22.1
v -0.0999999 6.2 -22.1
v 0 6.2 -22.1
v 0.1 6.2 -22.1
v 0.2 6.2 -22.1
v 0.3 6.2 -22.1
v 0.4 6.2 -22.1
v 0.7 6.2 -22.1
v 1 6.2 -22.1
v 1.1 6.2 -22.1
v 1.2 6.2 -22.1
v 1.3 6.2 -22.1
v 1.4 6.2 -22.1
v 1.5 6.2 -22.1
v 1.6 6.2 -22.1
v 2.4 6.2 -22.1
v 2.5 6.2 -22.1
v 2.7 6.2 -22.1
v 2.8 6.2 -22.1
v 2.9 6.2 -22.1
v 3.1 6.2 -22.1
v 3.3 6.2 -22.1
v 3.4 6.2 -22.1
v 3.5 6.2 -22.1
v -2.3 6.2 -22.2
v -1.8 6.2 -22.2
v -1.7 6.2 -22.2
v -1.6 6.2 -22.2
v -1.5 6.2 -22.2
v -1.4 6.2 -22.2
v -1.3 6.2 -22.2
v -1.2 6.2 -22.2
v -1.1 6.2 -22.2
v -1 6.2 -22.2
v -0.7 6.2 -22.2
v -0.5 6.2 -22.2
v -0.4 6.2 -22.2
v -0.3 6.2 -22.2
v -0.2 6.2 -22.2
v -0.0999999 6.2 -22.2
v 0 6.2 -22.2
v 0.1 6.2 -22.2
v 0.2 6.2 -22.2
v 0.3 6.2 -22.2
v 0.4 6.2 -22.2
v 0.5 6.2 -22.2
v 0.6 6.2 -22.2
v 0.7 6.2 -22.2
v 0.8 6.2 -22.2
v 1 6.2 -22.2
v 1.1 6.2 -22.2
v 1.2 6.2 -22.2
v 1.3 6.2 -22.2
v 1.4 6.2 -22.2
v 1.5 6.2 -22.2
v 1.6 6.2 -22.2
v 2.4 6.2 -22.2
v 2.5 6.2 -22.2
v 2.6 6.2 -22.2
v 2.7 6.2 -22.2
v 2.8 6.2 -22.2
v 2.9 6.2 -22.2
v 3.1 6.2 -22.2
v 3.3 6.2 -22.2
v 3.4 6.2 -22.2
v 3.5 6.2 -22.2
v -2.3 6.2 -23.5
v -1.8 6.2 -23.5
v -1.7 6.2 -23.5
v -1.6 6.2 -23.5
v -1.5 6.2 -23.5
v -1.4 6.2 -23.5
v -1.3 6.2 -23.5
v -1.2 6.2 -23.5
v -1.1 6.2 -23.5
v -1 6.2 -23.5
v -0.8 6.2 -23.5
v -0.7 6.2 -23.5
v -0.6 6.2 -23.5
v -0.5 6.2 -23.5
v -0.4 6.2 -23.5
v -0.3 6.2 -23.5
v 0 6.2 -23.5
v 0.1 6.2 -23.5
v 0.2 6.2 -23.5
v 0.3 6.2 -23.5
v 0.4 6.2 -23.5
v 0.5 6.2 -23.5
v 0.7 6.2 -23.5
v 0.8 6.2 -23.5
v 0.9 6.2 -23.5
v 1 6.2 -23.5
v 1.1 6.2 -23.5
v 1.2 6.2 -23.5
v 1.3 6.2 -23.5
v 1.4 6.2 -23.5
v 1.5 6.2 -23.5
v 1.6 6.2 -23.5
v 1.7 6.2 -23.5
v 1.8 6.2 -23.5
v 1.9 6.2 -23.5
v 2.1 6.2 -23.5
v 2.2 6.2 -23.5
v 2.4 6.2 -23.5
v 2.5 6.2 -23.5
v 2.6 6.2 -23.5
v 2.8 6.2 -23.5
v 2.9 6.2 -23.5
v 3 6.2 -23.5
v 3.1 6.2 -23.5
v 3.2 6.2 -23.5
v 3.3 6.2 -23.5
v 3.4 6.2 -23.5
v 3.5 6.2 -23.5
v -2.3 6.2 -23.6
v -1.8 6.2 -23.6
v -1.7 6.2 -23.6
v -1.6 6.2 -23.6
v -1.5 6.2 -23.6
v -1.4 6.2 -23.6
v -1.3 6.2 -23.6
v -1.1 6.2 -23.6
v -1 6.2 -23.6
v -0.8 6.2 -23.6
v -0.7 6.2 -23.6
v -0.6 6.2 -23.6
v -0.5 6.2 -23.6
v -0.3 6.2 -23.6
v 0.1 6.2 -23.6
v 0.3 6.2 -23.6
v 0.5 6.2 -23.6
v 0.7 6.2 -23.6
v 0.8 6.2 -23.6
v 0.9 6.2 -23.6
v 1 6.2 -23.6
v 1.1 6.2 -23.6
v 1.2 6.2 -23.6
v 1.3 6.2 -23.6
v 1.4 6.2 -23.6
v 1.5 6.2 -23.6
v 1.6 6.2 -23.6
v 1.7 6.2 -23.6
v 1.8 6.2 -23.6
v 1.9 6.2 -23.6
v 2.2 6.2 -23.6
v 2.4 6.2 -23.6
v 2.5 6.2 -23.6
v 2.6 6.2 -23.6
v 2.8 6.2 -23.6
v 2.9 6.2 -23.6
v 3 6.2 -23.6
v 3.2 6.2 -23.6
v 3.3 6.2 -23.6
v 3.4 6.2 -23.6
v 3.5 6.2 -23.6
v 2.3 6.3 -17.7
v 2.4 6.3 -17.7
v 2.3 6.3 -17.8
v 2.4 6.3 -17.8
v 2.3 6.3 -17.9
v 2.4 6.3 -17.9
v 2.3 6.3 -18.1
v 2.3 6.3 -18.2
v 2.4 6.3 -18.2
v 2.3 6.3 -18.3
v 2.4 6.3 -18.3
v 2.3 6.3 -18.4
v 2.4 6.3 -18.4
v 2.3 6.3 -18.6
v 2.4 6.3 -18.6
v 2.3 6.3 -18.7
v 2.4 6.3 -18.7
v 2.3 6.3 -18.8
v 2.4 6.3 -18.8
v 2.3 6.3 -18.9
v 2.4 6.3 -18.9
v 2.3 6.3 -19
v 2.4 6.3 -19
v 2.3 6.3 -19.2
v 2.4 6.3 -19.2
v 2.3 6.3 -19.3
v 2.4 6.3 -19.3
v 2.3 6.3 -19.4
v 2.3 6.3 -19.5
v 2.3 6.3 -19.6
v 2.3 6.3 -19.7
v 2.3 6.3 -19.8
v 2.4 6.3 -19.8
v 2.3 6.3 -19.9
v 2.4 6.3 -19.9
v 2.3 6.3 -20
v 2.3 6.3 -20.1
v 2.3 6.3 -20.3
v 2.4 6.3 -20.3
v 2.3 6.3 -20.4
v 2.4 6.3 -20.4
v 2.3 6.3 -20.5
v 2.4 6.3 -20.5
v 2.3 6.3 -20.6
v 2.4 6.3 -20.6
v 2.3 6.3 -20.7
v 2.4 6.3 -20.7
v 2.3 6.3 -20.8
v 2.4 6.3 -20.8
v 2.3 6.3 -20.9
v 2.4 6.3 -20.9
v 2.3 6.3 -21
v 2.4 6.3 -21
v 2.3 6.3 -21.1
v 2.4 6.3 -21.1
v 2.3 6.3 -21.2
v 2.4 6.3 -21.2
v 2.3 6.3 -21.3
v 2.3 6.3 -21.4
v 2.4 6.3 -21.4
v 2.3 6.3 -21.5
v 2.4 6.3 -21.5
v 2.3 6.3 -21.6
v 2.3 6.3 -21.7
v 2.4 6.3 -21.7
v 2.3 6.3 -21.8
v 2.4 6.3 -21.8
v 2.3 6.3 -21.9
v 2.4 6.3 -21.9
v 2.3 6.3 -22
v 2.4 6.3 -22
v 2.3 6.3 -22.1
v 2.4 6.3 -22.1
v 2.3 6.3 -22.2
v 2.4 6.3 -22.2
v 1.6 6.4 -17.7
v 1.7 6.4 -17.7
v 1.6 6.4 -17.8
v 1.7 6.4 -17.8
v 1.6 6.4 -17.9
v 1.7 6.4 -17.9
v 1.6 6.4 -18
v 1.7 6.4 -18
v 1.6 6.4 -18.1
v 1.7 6.4 -18.1
v 1.6 6.4 -18.2
v 1.7 6.4 -18.2
v 1.6 6.4 -18.3
v 1.7 6.4 -18.3
v 1.6 6.4 -18.4
v 1.7 6.4 -18.4
v 1.7 6.4 -18.5
v 1.6 6.4 -18.6
v 1.7 6.4 -18.6
v 1.6 6.4 -18.7
v 1.7 6.4 -18.7
v 1.6 6.4 -18.8
v 1.7 6.4 -18.8
v 1.6 6.4 -18.9
v 1.7 6.4 -18.9
v 1.6 6.4 -19.1
v 1.7 6.4 -19.1
v 1.7 6.4 -19.2
v 1.7 6.4 -19.3
v 1.6 6.4 -19.4
v 1.7 6.4 -19.4
v 1.6 6.4 -19.5
v 1.7 6.4 -19.5
v 1.6 6.4 -19.6
v 1.7 6.4 -19.6
v 1.7 6.4 -19.7
v 1.6 6.4 -19.8
v 1.7 6.4 -19.8
v 1.6 6.4 -19.9
v 1.7 6.4 -19.9
v 1.6 6.4 -20
v 1.7 6.4 -20
v 1.6 6.4 -20.1
v 1.7 6.4 -20.1
v 1.6 6.4 -20.4
v 1.7 6.4 -20.4
v 1.6 6.4 -20.5
v 1.7 6.4 -20.5
v 1.6 6.4 -20.6
v 1.7 6.4 -20.6
v 1.6 6.4 -20.7
v 1.7 6.4 -20.7
v 1.6 6.4 -20.8
v 1.7 6.4 -20.8
v 1.6 6.4 -20.9
v 1.7 6.4 -20.9
v 1.7 6.4 -21
v 1.6 6.4 -21.1
v 1.7 6.4 -21.1
v 1.6 6.4 -21.2
v 1.7 6.4 -21.2
v 1.6 6.4 -21.3
v 1.7 6.4 -21.3
v 1.6 6.4 -21.4
v 1.7 6.4 -21.4
v 1.7 6.4 -21.5
v 1.6 6.4 -21.6
v 1.7 6.4 -21.6
v 1.6 6.4 -21.7
v 1.7 6.4 -21.7
v 1.6 6.4 -21.8
v 1.7 6.4 -21.8
v 1.7 6.4 -21.9
v 1.6 6.4 -22
v 1.7 6.4 -22
v 1.6 6.4 -22.1
v 1.7 6.4 -22.1
v 1.6 6.4 -22.2
v 1.7 6.4 -22.2
v 1.7 6.5 -17.7
v 1.8 6.5 -17.7
v 2.2 6.5 -17.7
v 2.3 6.5 -17.7
v 1.7 6.5 -17.8
v 1.8 6.5 -17.8
v 2.2 6.5 -17.8
v 2.3 6.5 -17.8
v 1.7 6.5 -17.9
v 1.8 6.5 -17.9
v 2.2 6.5 -17.9
v 1.7 6.5 -18
v 1.8 6.5 -18
v 2.2 6.5 -18
v 2.3 6.5 -18
v 2.2 6.5 -18.1
v 2.3 6.5 -18.1
v 1.7 6.5 -18.2
v 1.8 6.5 -18.2
v 2.2 6.5 -18.2
v 2.3 6.5 -18.2
v 1.7 6.5 -18.3
v 1.8 6.5 -18.3
v 2.2 6.5 -18.3
v 2.3 6.5 -18.3
v 1.7 6.5 -18.4
v 1.8 6.5 -18.4
v 2.2 6.5 -18.4
v 2.3 6.5 -18.4
v 1.7 6.5 -18.5
v 1.8 6.5 -18.5
v 2.2 6.5 -18.5
v 2.3 6.5 -18.5
v 2.2 6.5 -18.6
v 2.3 6.5 -18.6
v 1.7 6.5 -18.7
v 1.8 6.5 -18.7
v 2.2 6.5 -18.7
v 2.3 6.5 -18.7
v 1.7 6.5 -18.8
v 1.8 6.5 -18.8
v 2.2 6.5 -18.8
v 2.3 6.5 -18.8
v 1.7 6.5 -18.9
v 1.8 6.5 -18.9
v 2.2 6.5 -18.9
v 2.3 6.5 -18.9
v 2.2 6.5 -19
v 2.3 6.5 -19
v 1.8 6.5 -19.1
v 1.7 6.5 -19.2
v 1.8 6.5 -19.2
v 2.2 6.5 -19.2
v 2.3 6.5 -19.2
v 1.7 6.5 -19.3
v 1.8 6.5 -19.3
v 2.2 6.5 -19.3
v 2.3 6.5 -19.3
v 1.7 6.5 -19.4
v 1.8 6.5 -19.4
v 2.2 6.5 -19.4
v 2.3 6.5 -19.4
v 1.7 6.5 -19.5
v 1.8 6.5 -19.5
v 2.2 6.5 -19.5
v 2.3 6.5 -19.5
v 1.8 6.5 -19.6
v 2.2 6.5 -19.6
v 2.3 6.5 -19.6
v 1.7 6.5 -19.7
v 1.8 6.5 -19.7
v 2.2 6.5 -19.7
v 2.3 6.5 -19.7
v 1.7 6.5 -19.8
v 1.8 6.5 -19.8
v 2.2 6.5 -19.8
v 2.3 6.5 -19.8
v 1.7 6.5 -19.9
v 1.8 6.5 -19.9
v 2.2 6.5 -19.9
v 2.3 6.5 -19.9
v 1.7 6.5 -20
v 1.8 6.5 -20
v 2.2 6.5 -20
v 1.8 6.5 -20.1
v 2.2 6.5 -20.1
v 2.3 6.5 -20.1
v 1.8 6.5 -20.2
v 2.2 6.5 -20.2
v 2.3 6.5 -20.2
v 2.2 6.5 -20.3
v 2.3 6.5 -20.3
v 1.8 6.5 -20.4
v 2.2 6.5 -20.4
v 2.3 6.5 -20.4
v 1.8 6.5 -20.5
v 2.2 6.5 -20.5
v 2.3 6.5 -20.5
v 1.8 6.5 -20.6
v 1.7 6.5 -20.7
v 1.8 6.5 -20.7
v 2.2 6.5 -20.7
v 2.3 6.5 -20.7
v 2.2 6.5 -20.8
v 2.3 6.5 -20.8
v 2.2 6.5 -20.9
v 2.3 6.5 -20.9
v 1.7 6.5 -21
v 1.8 6.5 -21
v 2.2 6.5 -21
v 2.3 6.5 -21
v 1.7 6.5 -21.1
v 1.8 6.5 -21.1
v 1.7 6.5 -21.2
v 1.8 6.5 -21.2
v 2.2 6.5 -21.2
v 2.3 6.5 -21.2
v 1.7 6.5 -21.3
v 1.8 6.5 -21.3
v 2.2 6.5 -21.3
v 2.3 6.5 -21.3
v 2.2 6.5 -21.4
v 2.3 6.5 -21.4
v 1.7 6.5 -21.5
v 1.8 6.5 -21.5
v 2.2 6.5 -21.5
v 2.3 6.5 -21.5
v 1.7 6.5 -21.6
v 1.8 6.5 -21.6
v 2.2 6.5 -21.6
v 1.7 6.5 -21.7
v 1.8 6.5 -21.7
v 2.2 6.5 -21.7
v 1.7 6.5 -21.9
v 1.8 6.5 -21.9
v 2.2 6.5 -21.9
v 2.3 6.5 -21.9
v 2.2 6.5 -22
v 2.3 6.5 -22
v 1.7 6.5 -22.1
v 1.8 6.5 -22.1
v 2.2 6.5 -22.1
v 1.7 6.5 -22.2
v 1.8 6.5 -22.2
v 2.2 6.5 -22.2
v 2.3 6.5 -22.2
v -2.3 6.6 -22.2
v -1.8 6.6 -22.2
v -1.7 6.6 -22.2
v -1.5 6.6 -22.2
v -1.4 6.6 -22.2
v -1.2 6.6 -22.2
v -1.1 6.6 -22.2
v -0.9 6.6 -22.2
v -0.6 6.6 -22.2
v -0.2 6.6 -22.2
v -0.0999999 6.6 -22.2
v 0 6.6 -22.2
v 0.1 6.6 -22.2
v 0.2 6.6 -22.2
v 0.3 6.6 -22.2
v 0.4 6.6 -22.2
v 0.8 6.6 -22.2
v 1 6.6 -22.2
v 1.5 6.6 -22.2
v 1.6 6.6 -22.2
v 1.7 6.6 -22.2
v 1.8 6.6 -22.2
v 2.2 6.6 -22.2
v 2.3 6.6 -22.2
v 2.5 6.6 -22.2
v 2.6 6.6 -22.2
v 2.7 6.6 -22.2
v 2.8 6.6 -22.2
v 3 6.6 -22.2
v 3.2 6.6 -22.2
v 3.3 6.6 -22.2
v 3.4 6.6 -22.2
v 3.5 6.6 -22.2
v -2.3 6.6 -22.3
v -1.8 6.6 -22.3
v -1.7 6.6 -22.3
v -1.5 6.6 -22.3
v -1.4 6.6 -22.3
v -1.3 6.6 -22.3
v -1.2 6.6 -22.3
v -1.1 6.6 -22.3
v -1 6.6 -22.3
v -0.9 6.6 -22.3
v -0.8 6.6 -22.3
v -0.6 6.6 -22.3
v -0.3 6.6 -22.3
v -0.2 6.6 -22.3
v -0.0999999 6.6 -22.3
v 0 6.6 -22.3
v 0.1 6.6 -22.3
v 0.2 6.6 -22.3
v 0.3 6.6 -22.3
v 0.4 6.6 -22.3
v 0.8 6.6 -22.3
v 1 6.6 -22.3
v 1.1 6.6 -22.3
v 1.2 6.6 -22.3
v 1.4 6.6 -22.3
v 1.5 6.6 -22.3
v 1.6 6.6 -22.3
v 1.7 6.6 -22.3
v 1.8 6.6 -22.3
v 2.2 6.6 -22.3
v 2.3 6.6 -22.3
v 2.4 6.6 -22.3
v 2.5 6.6 -22.3
v 2.6 6.6 -22.3
v 2.7 6.6 -22.3
v 2.8 6.6 -22.3
v 2.9 6.6 -22.3
v 3 6.6 -22.3
v 3.2 6.6 -22.3
v 3.3 6.6 -22.3
v 3.4 6.6 -22.3
v 3.5 6.6 -22.3
v -2.3 6.6 -23.4
v -1.8 6.6 -23.4
v -1.7 6.6 -23.4
v -1.6 6.6 -23.4
v -1.5 6.6 -23.4
v -1.4 6.6 -23.4
v -1.3 6.6 -23.4
v -1.2 6.6 -23.4
v -1.1 6.6 -23.4
v -1 6.6 -23.4
v -0.9 6.6 -23.4
v -0.8 6.6 -23.4
v -0.6 6.6 -23.4
v -0.5 6.6 -23.4
v -0.4 6.6 -23.4
v -0.3 6.6 -23.4
v -0.2 6.6 -23.4
v -0.0999999 6.6 -23.4
v 0 6.6 -23.4
v 0.1 6.6 -23.4
v 0.2 6.6 -23.4
v 0.3 6.6 -23.4
v 0.4 6.6 -23.4
v 0.5 6.6 -23.4
v 0.6 6.6 -23.4
v 0.7 6.6 -23.4
v 0.8 6.6 -23.4
v 0.9 6.6 -23.4
v 1 6.6 -23.4
v 1.1 6.6 -23.4
v 1.2 6.6 -23.4
v 1.3 6.6 -23.4
v 1.4 6.6 -23.4
v 1.5 6.6 -23.4
v 1.6 6.6 -23.4
v 1.7 6.6 -23.4
v 1.8 6.6 -23.4
v 1.9 6.6 -23.4
v 2 6.6 -23.4
v 2.1 6.6 -23.4
v 2.2 6.6 -23.4
v 2.3 6.6 -23.4
v 2.4 6.6 -23.4
v 2.5 6.6 -23.4
v 2.6 6.6 -23.4
v 2.7 6.6 -23.4
v 2.8 6.6 -23.4
v 2.9 6.6 -23.4
v 3 6.6 -23.4
v 3.1 6.6 -23.4
v 3.2 6.6 -23.4
v 3.3 6.6 -23.4
v 3.4 6.6 -23.4
v 3.5 6.6 -23.4
v -2.3 6.6 -23.5
v -1.8 6.6 -23.5
v -1.7 6.6 -23.5
v -1.6 6.6 -23.5
v -1.5 6.6 -23.5
v -1.4 6.6 -23.5
v -1.3 6.6 -23.5
v -1.1 6.6 -23.5
v -0.9 6.6 -23.5
v -0.8 6.6 -23.5
v -0.6 6.6 -23.5
v -0.4 6.6 -23.5
v -0.3 6.6 -23.5
v -0.2 6.6 -23.5
v -0.0999999 6.6 -23.5
v 0 6.6 -23.5
v 0.1 6.6 -23.5
v 0.2 6.6 -23.5
v 0.3 6.6 -23.5
v 0.4 6.6 -23.5
v 0.5 6.6 -23.5
v 0.6 6.6 -23.5
v 0.7 6.6 -23.5
v 0.8 6.6 -23.5
v 0.9 6.6 -23.5
v 1 6.6 -23.5
v 1.1 6.6 -23.5
v 1.3 6.6 -23.5
v 1.4 6.6 -23.5
v 1.5 6.6 -23.5
v 1.6 6.6 -23.5
v 1.7 6.6 -23.5
v 1.8 6.6 -23.5
v 2 6.6 -23.5
v 2.1 6.6 -23.5
v 2.4 6.6 -23.5
v 2.5 6.6 -23.5
v 2.6 6.6 -23.5
v 2.7 6.6 -23.5
v 2.9 6.6 -23.5
v 3 6.6 -23.5
v 3.1 6.6 -23.5
v 3.2 6.6 -23.5
v 3.3 6.6 -23.5
v 3.4 6.6 -23.5
v 3.5 6.6 -23.5
v 1.8 6.7 -17.7
v 1.9 6.7 -17.7
v 2.1 6.7 -17.7
v 2.2 6.7 -17.7
v 1.8 6.7 -17.8
v 1.9 6.7 -17.8
v 2.1 6.7 -17.8
v 2.2 6.7 -17.8
v 1.8 6.7 -17.9
v 1.9 6.7 -17.9
v 2.1 6.7 -17.9
v 2.2 6.7 -17.9
v 1.8 6.7 -18
v 1.9 6.7 -18
v 2.1 6.7 -18
v 1.9 6.7 -18.1
v 2.1 6.7 -18.1
v 2.2 6.7 -18.1
v 1.8 6.7 -18.2
v 1.9 6.7 -18.2
v 2.1 6.7 -18.2
v 2.2 6.7 -18.2
v 1.8 6.7 -18.3
v 1.9 6.7 -18.3
v 2.1 6.7 -18.3
v 2.2 6.7 -18.3
v 1.8 6.7 -18.4
v 1.9 6.7 -18.4
v 2.1 6.7 -18.4
v 2.2 6.7 -18.4
v 1.8 6.7 -18.5
v 1.9 6.7 -18.5
v 2.1 6.7 -18.5
v 2.2 6.7 -18.5
v 1.9 6.7 -18.6
v 2.1 6.7 -18.6
v 2.2 6.7 -18.6
v 1.9 6.7 -18.7
v 2.1 6.7 -18.7
v 2.2 6.7 -18.7
v 1.8 6.7 -18.8
v 1.9 6.7 -18.8
v 2.1 6.7 -18.8
v 2.2 6.7 -18.8
v 1.8 6.7 -18.9
v 1.9 6.7 -18.9
v 2.1 6.7 -18.9
v 2.2 6.7 -18.9
v 1.8 6.7 -19.1
v 1.9 6.7 -19.1
v 2.1 6.7 -19.1
v 2.2 6.7 -19.1
v 1.8 6.7 -19.2
v 1.9 6.7 -19.2
v 2.1 6.7 -19.2
v 2.2 6.7 -19.2
v 1.8 6.7 -19.3
v 1.9 6.7 -19.3
v 2.1 6.7 -19.3
v 2.2 6.7 -19.3
v 1.8 6.7 -19.4
v 1.9 6.7 -19.4
v 2.1 6.7 -19.4
v 2.2 6.7 -19.4
v 1.8 6.7 -19.5
v 1.9 6.7 -19.5
v 2.1 6.7 -19.5
v 2.2 6.7 -19.5
v 1.8 6.7 -19.6
v 1.9 6.7 -19.6
v 2.1 6.7 -19.6
v 2.2 6.7 -19.6
v 1.8 6.7 -19.7
v 1.9 6.7 -19.7
v 2.1 6.7 -19.7
v 1.8 6.7 -19.8
v 1.9 6.7 -19.8
v 2.1 6.7 -19.8
v 2.2 6.7 -19.8
v 1.8 6.7 -19.9
v 1.9 6.7 -19.9
v 2.1 6.7 -19.9
v 2.2 6.7 -19.9
v 1.8 6.7 -20
v 1.9 6.7 -20
v 2.1 6.7 -20
v 2.2 6.7 -20
v 1.8 6.7 -20.1
v 1.9 6.7 -20.1
v 2.1 6.7 -20.1
v 2.2 6.7 -20.1
v 1.8 6.7 -20.2
v 1.9 6.7 -20.2
v 2.1 6.7 -20.2
v 2.2 6.7 -20.2
v 1.8 6.7 -20.3
v 1.9 6.7 -20.3
v 2.1 6.7 -20.3
v 2.2 6.7 -20.3
v 1.9 6.7 -20.4
v 2.1 6.7 -20.4
v 2.2 6.7 -20.4
v 1.8 6.7 -20.5
v 1.9 6.7 -20.5
v 2.1 6.7 -20.5
v 1.8 6.7 -20.6
v 1.9 6.7 -20.6
v 2.1 6.7 -20.6
v 2.2 6.7 -20.6
v 1.8 6.7 -20.7
v 1.9 6.7 -20.7
v 2.1 6.7 -20.7
v 2.2 6.7 -20.7
v 1.8 6.7 -20.9
v 1.9 6.7 -20.9
v 2.1 6.7 -20.9
v 2.2 6.7 -20.9
v 1.8 6.7 -21
v 1.9 6.7 -21
v 2.1 6.7 -21
v 2.2 6.7 -21
v 1.8 6.7 -21.1
v 1.9 6.7 -21.1
v 2.1 6.7 -21.1
v 2.2 6.7 -21.1
v 1.8 6.7 -21.2
v 1.9 6.7 -21.2
v 2.1 6.7 -21.2
v 2.2 6.7 -21.2
v 1.9 6.7 -21.3
v 2.1 6.7 -21.3
v 2.2 6.7 -21.3
v 1.8 6.7 -21.4
v 1.9 6.7 -21.4
v 2.1 6.7 -21.4
v 2.2 6.7 -21.4
v 1.8 6.7 -21.5
v 1.9 6.7 -21.5
v 2.1 6.7 -21.5
v 2.2 6.7 -21.5
v 1.8 6.7 -21.6
v 1.9 6.7 -21.6
v 2.1 6.7 -21.6
v 2.2 6.7 -21.6
v 1.8 6.7 -21.7
v 1.9 6.7 -21.7
v 2.1 6.7 -21.7
v 2.2 6.7 -21.7
v 1.8 6.7 -21.8
v 1.9 6.7 -21.8
v 2.1 6.7 -21.8
v 2.2 6.7 -21.8
v 1.8 6.7 -21.9
v 1.9 6.7 -21.9
v 2.1 6.7 -21.9
v 2.2 6.7 -21.9
v 1.8 6.7 -22
v 1.9 6.7 -22
v 2.1 6.7 -22
v 2.2 6.7 -22
v 1.9 6.7 -22.1
v 2.1 6.7 -22.1
v 2.2 6.7 -22.1
v 1.9 6.7 -22.2
v 2.1 6.7 -22.2
v 2.2 6.7 -22.2
v 1.8 6.7 -22.3
v 1.9 6.7 -22.3
v 2.1 6.7 -22.3
v 2.2 6.7 -22.3
v -2.3 6.8 -22.3
v -1.8 6.8 -22.3
v -1.6 6.8 -22.3
v -1.5 6.8 -22.3
v -1.4 6.8 -22.3
v -1.3 6.8 -22.3
v -1 6.8 -22.3
v -0.9 6.8 -22.3
v -0.7 6.8 -22.3
v -0.5 6.8 -22.3
v -0.2 6.8 -22.3
v -0.0999999 6.8 -22.3
v 0 6.8 -22.3
v 0.3 6.8 -22.3
v 0.4 6.8 -22.3
v 0.5 6.8 -22.3
v 0.6 6.8 -22.3
v 0.8 6.8 -22.3
v 0.9 6.8 -22.3
v 1 6.8 -22.3
v 1.1 6.8 -22.3
v 1.2 6.8 -22.3
v 1.3 6.8 -22.3
v 1.4 6.8 -22.3
v 1.5 6.8 -22.3
v 1.8 6.8 -22.3
v 1.9 6.8 -22.3
v 2.1 6.8 -22.3
v 2.2 6.8 -22.3
v 2.3 6.8 -22.3
v 2.4 6.8 -22.3
v 2.8 6.8 -22.3
v 2.9 6.8 -22.3
v 3 6.8 -22.3
v 3.1 6.8 -22.3
v 3.4 6.8 -22.3
v 3.5 6.8 -22.3
v -2.3 6.8 -22.4
v -1.8 6.8 -22.4
v -1.7 6.8 -22.4
v -1.6 6.8 -22.4
v -1.5 6.8 -22.4
v -1.4 6.8 -22.4
v -1.3 6.8 -22.4
v -1.2 6.8 -22.4
v -1 6.8 -22.4
v -0.9 6.8 -22.4
v -0.7 6.8 -22.4
v -0.6 6.8 -22.4
v -0.5 6.8 -22.4
v -0.2 6.8 -22.4
v -0.0999999 6.8 -22.4
v 0 6.8 -22.4
v 0.1 6.8 -22.4
v 0.2 6.8 -22.4
v 0.3 6.8 -22.4
v 0.4 6.8 -22.4
v 0.5 6.8 -22.4
v 0.6 6.8 -22.4
v 0.8 6.8 -22.4
v 0.9 6.8 -22.4
v 1 6.8 -22.4
v 1.1 6.8 -22.4
v 1.2 6.8 -22.4
v 1.3 6.8 -22.4
v 1.4 6.8 -22.4
v 1.5 6.8 -22.4
v 1.6 6.8 -22.4
v 1.8 6.8 -22.4
v 1.9 6.8 -22.4
v 2.1 6.8 -22.4
v 2.2 6.8 -22.4
v 2.3 6.8 -22.4
v 2.4 6.8 -22.4
v 2.8 6.8 -22.4
v 2.9 6.8 -22.4
v 3 6.8 -22.4
v 3.1 6.8 -22.4
v 3.2 6.8 -22.4
v 3.3 6.8 -22.4
v 3.4 6.8 -22.4
v 3.5 6.8 -22.4
v -2.3 6.8 -23.3
v -1.8 6.8 -23.3
v -1.7 6.8 -23.3
v -1.6 6.8 -23.3
v -1.4 6.8 -23.3
v -1.3 6.8 -23.3
v -1.2 6.8 -23.3
v -1.1 6.8 -23.3
v -1 6.8 -23.3
v -0.9 6.8 -23.3
v -0.8 6.8 -23.3
v -0.7 6.8 -23.3
v -0.5 6.8 -23.3
v -0.4 6.8 -23.3
v -0.3 6.8 -23.3
v -0.2 6.8 -23.3
v 0 6.8 -23.3
v 0.1 6.8 -23.3
v 0.2 6.8 -23.3
v 0.3 6.8 -23.3
v 0.4 6.8 -23.3
v 0.5 6.8 -23.3
v 0.6 6.8 -23.3
v 0.7 6.8 -23.3
v 0.8 6.8 -23.3
v 0.9 6.8 -23.3
v 1 6.8 -23.3
v 1.1 6.8 -23.3
v 1.2 6.8 -23.3
v 1.3 6.8 -23.3
v 1.4 6.8 -23.3
v 1.5 6.8 -23.3
v 1.6 6.8 -23.3
v 1.7 6.8 -23.3
v 1.8 6.8 -23.3
v 1.9 6.8 -23.3
v 2 6.8 -23.3
v 2.1 6.8 -23.3
v 2.2 6.8 -23.3
v 2.3 6.8 -23.3
v 2.4 6.8 -23.3
v 2.5 6.8 -23.3
v 2.6 6.8 -23.3
v 2.7 6.8 -23.3
v 2.8 6.8 -23.3
v 2.9 6.8 -23.3
v 3 6.8 -23.3
v 3.1 6.8 -23.3
v 3.2 6.8 -23.3
v 3.3 6.8 -23.3
v 3.4 6.8 -23.3
v 3.5 6.8 -23.3
v -2.3 6.8 -23.4
v -1.8 6.8 -23.4
v -1.7 6.8 -23.4
v -1.6 6.8 -23.4
v -1.3 6.8 -23.4
v -1.2 6.8 -23.4
v -1.1 6.8 -23.4
v -1 6.8 -23.4
v -0.9 6.8 -23.4
v -0.7 6.8 -23.4
v -0.5 6.8 -23.4
v -0.3 6.8 -23.4
v -0.2 6.8 -23.4
v 0 6.8 -23.4
v 0.1 6.8 -23.4
v 0.2 6.8 -23.4
v 0.4 6.8 -23.4
v 0.5 6.8 -23.4
v 0.6 6.8 -23.4
v 0.7 6.8 -23.4
v 0.8 6.8 -23.4
v 0.9 6.8 -23.4
v 1.1 6.8 -23.4
v 1.2 6.8 -23.4
v 1.3 6.8 -23.4
v 1.4 6.8 -23.4
v 1.5 6.8 -23.4
v 1.6 6.8 -23.4
v 1.7 6.8 -23.4
v 1.9 6.8 -23.4
v 2 6.8 -23.4
v 2.1 6.8 -23.4
v 2.2 6.8 -23.4
v 2.3 6.8 -23.4
v 2.7 6.8 -23.4
v 2.8 6.8 -23.4
v 2.9 6.8 -23.4
v 3 6.8 -23.4
v 3.1 6.8 -23.4
v 3.2 6.8 -23.4
v 3.3 6.8 -23.4
v 3.4 6.8 -23.4
v 3.5 6.8 -23.4
v 1.9 7 -17.7
v 2.1 7 -17.7
v 1.9 7 -17.8
v 2.1 7 -17.8
v 1.9 7 -17.9
v 2 7 -17.9
v 1.9 7 -18
v 2 7 -18
v 2.1 7 -18
v 1.9 7 -18.1
v 2.1 7 -18.1
v 1.9 7 -18.2
v 2.1 7 -18.2
v 1.9 7 -18.3
v 2.1 7 -18.3
v 1.9 7 -18.4
v 2 7 -18.4
v 1.9 7 -18.5
v 2 7 -18.5
v 1.9 7 -18.7
v 2 7 -18.7
v 2.1 7 -18.7
v 1.9 7 -18.8
v 2 7 -18.8
v 2.1 7 -18.8
v 1.9 7 -18.9
v 2 7 -18.9
v 2.1 7 -18.9
v 1.9 7 -19
v 2 7 -19
v 1.9 7 -19.1
v 2.1 7 -19.1
v 1.9 7 -19.2
v 2 7 -19.2
v 2.1 7 -19.2
v 1.9 7 -19.3
v 2 7 -19.3
v 2.1 7 -19.3
v 1.9 7 -19.4
v 2 7 -19.4
v 2.1 7 -19.4
v 1.9 7 -19.5
v 2 7 -19.5
v 2.1 7 -19.5
v 1.9 7 -19.6
v 2 7 -19.6
v 2.1 7 -19.6
v 1.9 7 -19.7
v 2 7 -19.7
v 2.1 7 -19.7
v 1.9 7 -19.8
v 2 7 -19.8
v 2.1 7 -19.8
v 1.9 7 -19.9
v 2 7 -19.9
v 2.1 7 -19.9
v 1.9 7 -20
v 2 7 -20
v 2.1 7 -20
v 1.9 7 -20.1
v 2 7 -20.1
v 2.1 7 -20.1
v 1.9 7 -20.2
v 2 7 -20.2
v 2.1 7 -20.2
v 1.9 7 -20.3
v 2 7 -20.3
v 2.1 7 -20.3
v 2 7 -20.4
v 2.1 7 -20.4
v 1.9 7 -20.5
v 2 7 -20.5
v 2.1 7 -20.5
v 1.9 7 -20.6
v 2 7 -20.6
v 2.1 7 -20.6
v 1.9 7 -20.7
v 2 7 -20.7
v 1.9 7 -20.8
v 2 7 -20.8
v 2.1 7 -20.8
v 2 7 -20.9
v 2.1 7 -20.9
v 1.9 7 -21
v 2 7 -21
v 2.1 7 -21
v 1.9 7 -21.1
v 2 7 -21.1
v 2.1 7 -21.1
v 1.9 7 -21.2
v 2 7 -21.2
v 2.1 7 -21.2
v 1.9 7 -21.3
v 2 7 -21.3
v 2.1 7 -21.3
v 2 7 -21.4
v 2.1 7 -21.4
v 1.9 7 -21.5
v 2 7 -21.5
v 2.1 7 -21.5
v 2 7 -21.6
v 2.1 7 -21.6
v 1.9 7 -21.7
v 2.1 7 -21.7
v 1.9 7 -21.8
v 2 7 -21.8
v 1.9 7 -21.9
v 2 7 -21.9
v 2.1 7 -21.9
v 2 7 -22
v 2.1 7 -22
v 1.9 7 -22.1
v 2 7 -22.1
v 2.1 7 -22.1
v 1.9 7 -22.2
v 2 7 -22.2
v 2.1 7 -22.2
v 1.9 7 -22.3
v 2.1 7 -22.3
v 1.9 7 -22.4
v 2 7 -22.4
v 2.1 7 -22.4
v -2.3 7 -23.2
v -1.8 7 -23.2
v -1.1 7 -23.2
v -1 7 -23.2
v -0.9 7 -23.2
v -0.8 7 -23.2
v -0.7 7 -23.2
v -0.6 7 -23.2
v -0.4 7 -23.2
v -0.3 7 -23.2
v -0.2 7 -23.2
v 0 7 -23.2
v 0.1 7 -23.2
v 0.3 7 -23.2
v 0.4 7 -23.2
v 0.6 7 -23.2
v 0.7 7 -23.2
v 0.8 7 -23.2
v 1 7 -23.2
v 1.1 7 -23.2
v 1.2 7 -23.2
v 1.4 7 -23.2
v 1.5 7 -23.2
v 1.6 7 -23.2
v 1.7 7 -23.2
v 1.9 7 -23.2
v 2 7 -23.2
v 2.1 7 -23.2
v 2.2 7 -23.2
v 2.3 7 -23.2
v 2.4 7 -23.2
v 2.6 7 -23.2
v 2.7 7 -23.2
v 2.8 7 -23.2
v 2.9 7 -23.2
v 3 7 -23.2
v 3.1 7 -23.2
v 3.4 7 -23.2
v 3.5 7 -23.2
v -2.3 7 -23.3
v -1.8 7 -23.3
v -1 7 -23.3
v -0.8 7 -23.3
v -0.7 7 -23.3
v -0.6 7 -23.3
v -0.4 7 -23.3
v -0.3 7 -23.3
v -0.2 7 -23.3
v 0 7 -23.3
v 0.3 7 -23.3
v 0.7 7 -23.3
v 0.8 7 -23.3
v 1.2 7 -23.3
v 1.4 7 -23.3
v 1.5 7 -23.3
v 1.6 7 -23.3
v 1.7 7 -23.3
v 1.9 7 -23.3
v 2 7 -23.3
v 2.1 7 -23.3
v 2.2 7 -23.3
v 2.3 7 -23.3
v 2.6 7 -23.3
v 2.7 7 -23.3
v 2.8 7 -23.3
v 2.9 7 -23.3
v 3 7 -23.3
v 3.1 7 -23.3
v 3.4 7 -23.3
v 3.5 7 -23.3
v -2.3 7.1 -22.4
v -1.8 7.1 -22.4
v -1.1 7.1 -22.4
v -1 7.1 -22.4
v -0.9 7.1 -22.4
v -0.7 7.1 -22.4
v -0.6 7.1 -22.4
v -0.4 7.1 -22.4
v -0.3 7.1 -22.4
v -0.0999999 7.1 -22.4
v 0 7.1 -22.4
v 0.2 7.1 -22.4
v 0.3 7.1 -22.4
v 0.4 7.1 -22.4
v 0.5 7.1 -22.4
v 0.6 7.1 -22.4
v 0.7 7.1 -22.4
v 0.9 7.1 -22.4
v 1.1 7.1 -22.4
v 1.2 7.1 -22.4
v 1.3 7.1 -22.4
v 1.4 7.1 -22.4
v 1.7 7.1 -22.4
v 1.8 7.1 -22.4
v 2 7.1 -22.4
v 2.2 7.1 -22.4
v 2.4 7.1 -22.4
v 2.5 7.1 -22.4
v 2.6 7.1 -22.4
v 2.7 7.1 -22.4
v 2.8 7.1 -22.4
v 3 7.1 -22.4
v 3.1 7.1 -22.4
v 3.2 7.1 -22.4
v 3.4 7.1 -22.4
v 3.5 7.1 -22.4
v -2.3 7.1 -22.5
v -1.8 7.1 -22.5
v -1.7 7.1 -22.5
v -1.6 7.1 -22.5
v -1.4 7.1 -22.5
v -1.3 7.1 -22.5
v -1.2 7.1 -22.5
v -1.1 7.1 -22.5
v -1 7.1 -22.5
v -0.9 7.1 -22.5
v -0.7 7.1 -22.5
v -0.6 7.1 -22.5
v -0.4 7.1 -22.5
v -0.3 7.1 -22.5
v -0.0999999 7.1 -22.5
v 0 7.1 -22.5
v 0.2 7.1 -22.5
v 0.3 7.1 -22.5
v 0.4 7.1 -22.5
v 0.5 7.1 -22.5
v 0.6 7.1 -22.5
v 0.7 7.1 -22.5
v 0.8 7.1 -22.5
v 0.9 7.1 -22.5
v 1.1 7.1 -22.5
v 1.2 7.1 -22.5
v 1.3 7.1 -22.5
v 1.4 7.1 -22.5
v 1.5 7.1 -22.5
v 1.7 7.1 -22.5
v 1.8 7.1 -22.5
v 1.9 7.1 -22.5
v 2 7.1 -22.5
v 2.1 7.1 -22.5
v 2.2 7.1 -22.5
v 2.4 7.1 -22.5
v 2.5 7.1 -22.5
v 2.6 7.1 -22.5
v 2.7 7.1 -22.5
v 2.8 7.1 -22.5
v 2.9 7.1 -22.5
v 3 7.1 -22.5
v 3.1 7.1 -22.5
v 3.2 7.1 -22.5
v 3.4 7.1 -22.5
v 3.5 7.1 -22.5
v -2.3 7.3 -22.5
v -1.8 7.3 -22.5
v -1.7 7.3 -22.5
v -1.6 7.3 -22.5
v -1.5 7.3 -22.5
v -1.4 7.3 -22.5
v -1.2 7.3 -22.5
v -1.1 7.3 -22.5
v -1 7.3 -22.5
v -0.9 7.3 -22.5
v -0.8 7.3 -22.5
v -0.6 7.3 -22.5
v 0.3 7.3 -22.5
v 0.4 7.3 -22.5
v 0.5 7.3 -22.5
v 0.8 7.3 -22.5
v 1.2 7.3 -22.5
v 1.3 7.3 -22.5
v 2.3 7.3 -22.5
v 2.4 7.3 -22.5
v 2.6 7.3 -22.5
v 2.7 7.3 -22.5
v 2.8 7.3 -22.5
v 2.9 7.3 -22.5
v 3.2 7.3 -22.5
v 3.3 7.3 -22.5
v 3.4 7.3 -22.5
v 3.5 7.3 -22.5
v -2.3 7.3 -22.6
v -1.8 7.3 -22.6
v -1.7 7.3 -22.6
v -1.6 7.3 -22.6
v -1.5 7.3 -22.6
v -1.4 7.3 -22.6
v -1.3 7.3 -22.6
v -1.2 7.3 -22.6
v -1.1 7.3 -22.6
v -1 7.3 -22.6
v -0.9 7.3 -22.6
v -0.8 7.3 -22.6
v -0.7 7.3 -22.6
v -0.6 7.3 -22.6
v -0.4 7.3 -22.6
v -0.3 7.3 -22.6
v 0 7.3 -22.6
v 0.2 7.3 -22.6
v 0.3 7.3 -22.6
v 0.4 7.3 -22.6
v 0.5 7.3 -22.6
v 0.6 7.3 -22.6
v 0.7 7.3 -22.6
v 0.8 7.3 -22.6
v 0.9 7.3 -22.6
v 1.2 7.3 -22.6
v 1.3 7.3 -22.6
v 1.8 7.3 -22.6
v 1.9 7.3 -22.6
v 2.1 7.3 -22.6
v 2.3 7.3 -22.6
v 2.4 7.3 -22.6
v 2.5 7.3 -22.6
v 2.6 7.3 -22.6
v 2.7 7.3 -22.6
v 2.8 7.3 -22.6
v 2.9 7.3 -22.6
v 3.2 7.3 -22.6
v 3.3 7.3 -22.6
v 3.4 7.3 -22.6
v 3.5 7.3 -22.6
v -2.3 7.3 -23.1
v -1.8 7.3 -23.1
v -1.7 7.3 -23.1
v -1.6 7.3 -23.1
v -1.5 7.3 -23.1
v -1.4 7.3 -23.1
v -1.3 7.3 -23.1
v -1.2 7.3 -23.1
v -1.1 7.3 -23.1
v -1 7.3 -23.1
v -0.9 7.3 -23.1
v -0.8 7.3 -23.1
v -0.7 7.3 -23.1
v -0.6 7.3 -23.1
v -0.5 7.3 -23.1
v -0.4 7.3 -23.1
v -0.0999999 7.3 -23.1
v 0.1 7.3 -23.1
v 0.2 7.3 -23.1
v 0.3 7.3 -23.1
v 0.4 7.3 -23.1
v 0.5 7.3 -23.1
v 0.6 7.3 -23.1
v 0.8 7.3 -23.1
v 0.9 7.3 -23.1
v 1 7.3 -23.1
v 1.1 7.3 -23.1
v 1.2 7.3 -23.1
v 1.3 7.3 -23.1
v 1.4 7.3 -23.1
v 1.5 7.3 -23.1
v 1.6 7.3 -23.1
v 1.7 7.3 -23.1
v 1.8 7.3 -23.1
v 1.9 7.3 -23.1
v 2.1 7.3 -23.1
v 2.2 7.3 -23.1
v 2.3 7.3 -23.1
v 2.4 7.3 -23.1
v 2.5 7.3 -23.1
v 2.6 7.3 -23.1
v 2.7 7.3 -23.1
v 2.9 7.3 -23.1
v 3 7.3 -23.1
v 3.1 7.3 -23.1
v 3.2 7.3 -23.1
v 3.4 7.3 -23.1
v 3.5 7.3 -23.1
v -2.3 7.3 -23.2
v -1.8 7.3 -23.2
v -1.7 7.3 -23.2
v -1.6 7.3 -23.2
v -1.5 7.3 -23.2
v -1.4 7.3 -23.2
v -1.2 7.3 -23.2
v -1.1 7.3 -23.2
v -1 7.3 -23.2
v -0.9 7.3 -23.2
v -0.8 7.3 -23.2
v -0.7 7.3 -23.2
v -0.6 7.3 -23.2
v -0.5 7.3 -23.2
v 0.3 7.3 -23.2
v 0.4 7.3 -23.2
v 0.5 7.3 -23.2
v 0.8 7.3 -23.2
v 1.3 7.3 -23.2
v 1.4 7.3 -23.2
v 1.5 7.3 -23.2
v 1.6 7.3 -23.2
v 1.9 7.3 -23.2
v 2.1 7.3 -23.2
v 2.4 7.3 -23.2
v 2.6 7.3 -23.2
v 2.7 7.3 -23.2
v 2.9 7.3 -23.2
v 3.2 7.3 -23.2
v 3.4 7.3 -23.2
v 3.5 7.3 -23.2
v -2.3 7.5 -22.6
v -1.8 7.5 -22.6
v -1.6 7.5 -22.6
v -1.5 7.5 -22.6
v -1.3 7.5 -22.6
v -1.2 7.5 -22.6
v -0.9 7.5 -22.6
v -0.8 7.5 -22.6
v -0.5 7.5 -22.6
v -0.3 7.5 -22.6
v -0.2 7.5 -22.6
v -0.0999999 7.5 -22.6
v 0 7.5 -22.6
v 0.1 7.5 -22.6
v 0.2 7.5 -22.6
v 0.3 7.5 -22.6
v 0.6 7.5 -22.6
v 0.7 7.5 -22.6
v 0.8 7.5 -22.6
v 1.1 7.5 -22.6
v 1.2 7.5 -22.6
v 1.3 7.5 -22.6
v 1.5 7.5 -22.6
v 1.8 7.5 -22.6
v 1.9 7.5 -22.6
v 2.3 7.5 -22.6
v 2.5 7.5 -22.6
v 2.9 7.5 -22.6
v 3.2 7.5 -22.6
v 3.3 7.5 -22.6
v 3.4 7.5 -22.6
v 3.5 7.5 -22.6
v -2.3 7.5 -22.7
v -1.8 7.5 -22.7
v -1.6 7.5 -22.7
v -1.5 7.5 -22.7
v -1.4 7.5 -22.7
v -1.3 7.5 -22.7
v -1.2 7.5 -22.7
v -1.1 7.5 -22.7
v -1 7.5 -22.7
v -0.9 7.5 -22.7
v -0.8 7.5 -22.7
v -0.7 7.5 -22.7
v -0.6 7.5 -22.7
v -0.5 7.5 -22.7
v -0.4 7.5 -22.7
v -0.3 7.5 -22.7
v -0.2 7.5 -22.7
v -0.0999999 7.5 -22.7
v 0 7.5 -22.7
v 0.1 7.5 -22.7
v 0.2 7.5 -22.7
v 0.3 7.5 -22.7
v 0.4 7.5 -22.7
v 0.6 7.5 -22.7
v 0.7 7.5 -22.7
v 0.8 7.5 -22.7
v 0.9 7.5 -22.7
v 1 7.5 -22.7
v 1.1 7.5 -22.7
v 1.2 7.5 -22.7
v 1.3 7.5 -22.7
v 1.4 7.5 -22.7
v 1.5 7.5 -22.7
v 1.6 7.5 -22.7
v 1.7 7.5 -22.7
v 1.8 7.5 -22.7
v 1.9 7.5 -22.7
v 2 7.5 -22.7
v 2.2 7.5 -22.7
v 2.3 7.5 -22.7
v 2.4 7.5 -22.7
v 2.5 7.5 -22.7
v 2.7 7.5 -22.7
v 2.9 7.5 -22.7
v 3 7.5 -22.7
v 3.2 7.5 -22.7
v 3.3 7.5 -22.7
v 3.4 7.5 -22.7
v 3.5 7.5 -22.7
v -2.3 7.5 -23
v -1.8 7.5 -23
v -1.5 7.5 -23
v -1.4 7.5 -23
v -1.2 7.5 -23
v -1.1 7.5 -23
v -1 7.5 -23
v -0.9 7.5 -23
v -0.8 7.5 -23
v -0.7 7.5 -23
v -0.6 7.5 -23
v -0.5 7.5 -23
v -0.4 7.5 -23
v -0.3 7.5 -23
v -0.2 7.5 -23
v -0.0999999 7.5 -23
v 0.1 7.5 -23
v 0.2 7.5 -23
v 0.3 7.5 -23
v 0.4 7.5 -23
v 0.5 7.5 -23
v 0.6 7.5 -23
v 0.7 7.5 -23
v 0.8 7.5 -23
v 0.9 7.5 -23
v 1 7.5 -23
v 1.1 7.5 -23
v 1.2 7.5 -23
v 1.3 7.5 -23
v 1.4 7.5 -23
v 1.5 7.5 -23
v 1.6 7.5 -23
v 1.7 7.5 -23
v 1.8 7.5 -23
v 1.9 7.5 -23
v 2 7.5 -23
v 2.1 7.5 -23
v 2.2 7.5 -23
v 2.3 7.5 -23
v 2.4 7.5 -23
v 2.5 7.5 -23
v 2.6 7.5 -23
v 2.7 7.5 -23
v 2.8 7.5 -23
v 2.9 7.5 -23
v 3 7.5 -23
v 3.2 7.5 -23
v 3.3 7.5 -23
v 3.4 7.5 -23
v 3.5 7.5 -23
v -2.3 7.5 -23.1
v -1.8 7.5 -23.1
v -1.5 7.5 -23.1
v -1.4 7.5 -23.1
v -1.2 7.5 -23.1
v -1.1 7.5 -23.1
v -1 7.5 -23.1
v -0.9 7.5 -23.1
v -0.8 7.5 -23.1
v -0.7 7.5 -23.1
v -0.6 7.5 -23.1
v -0.5 7.5 -23.1
v -0.3 7.5 -23.1
v 0.2 7.5 -23.1
v 0.4 7.5 -23.1
v 0.6 7.5 -23.1
v 0.7 7.5 -23.1
v 0.8 7.5 -23.1
v 0.9 7.5 -23.1
v 1 7.5 -23.1
v 1.1 7.5 -23.1
v 1.2 7.5 -23.1
v 1.3 7.5 -23.1
v 1.4 7.5 -23.1
v 1.5 7.5 -23.1
v 1.8 7.5 -23.1
v 1.9 7.5 -23.1
v 2.1 7.5 -23.1
v 2.2 7.5 -23.1
v 2.3 7.5 -23.1
v 2.4 7.5 -23.1
v 2.5 7.5 -23.1
v 2.7 7.5 -23.1
v 2.9 7.5 -23.1
v 3 7.5 -23.1
v 3.3 7.5 -23.1
v 3.4 7.5 -23.1
v 3.5 7.5 -23.1
v -2.3 7.9 -22.7
v -1.8 7.9 -22.7
v -1.7 7.9 -22.7
v -1.5 7.9 -22.7
v -1.3 7.9 -22.7
v -1.2 7.9 -22.7
v -1.1 7.9 -22.7
v -1 7.9 -22.7
v -0.9 7.9 -22.7
v -0.8 7.9 -22.7
v -0.7 7.9 -22.7
v -0.5 7.9 -22.7
v -0.3 7.9 -22.7
v -0.2 7.9 -22.7
v 0 7.9 -22.7
v 0.1 7.9 -22.7
v 0.9 7.9 -22.7
v 1 7.9 -22.7
v 1.1 7.9 -22.7
v 1.3 7.9 -22.7
v 1.6 7.9 -22.7
v 1.7 7.9 -22.7
v 2 7.9 -22.7
v 2.1 7.9 -22.7
v 2.2 7.9 -22.7
v 2.4 7.9 -22.7
v 2.5 7.9 -22.7
v 2.6 7.9 -22.7
v 2.8 7.9 -22.7
v 2.9 7.9 -22.7
v 3.3 7.9 -22.7
v 3.4 7.9 -22.7
v 3.5 7.9 -22.7
v -1.5 7.9 -22.8
v -1.4 7.9 -22.8
v -1.3 7.9 -22.8
v -1.2 7.9 -22.8
v -1.1 7.9 -22.8
v -1 7.9 -22.8
v -0.9 7.9 -22.8
v -0.8 7.9 -22.8
v -0.7 7.9 -22.8
v -0.5 7.9 -22.8
v -0.3 7.9 -22.8
v -0.2 7.9 -22.8
v -0.0999999 7.9 -22.8
v 0 7.9 -22.8
v 0.1 7.9 -22.8
v 0.2 7.9 -22.8
v 0.5 7.9 -22.8
v 0.6 7.9 -22.8
v 0.7 7.9 -22.8
v 0.8 7.9 -22.8
v 0.9 7.9 -22.8
v 1 7.9 -22.8
v 1.1 7.9 -22.8
v 1.2 7.9 -22.8
v 1.3 7.9 -22.8
v 1.7 7.9 -22.8
v 1.8 7.9 -22.8
v 2 7.9 -22.8
v 2.1 7.9 -22.8
v 2.2 7.9 -22.8
v 2.3 7.9 -22.8
v 2.7 7.9 -22.8
v 2.8 7.9 -22.8
v 2.9 7.9 -22.8
v 3.1 7.9 -22.8
v 3.3 7.9 -22.8
v -1.6 7.9 -22.9
v -1.5 7.9 -22.9
v -1.4 7.9 -22.9
v -1.2 7.9 -22.9
v -1.1 7.9 -22.9
v -1 7.9 -22.9
v -0.9 7.9 -22.9
v -0.8 7.9 -22.9
v -0.7 7.9 -22.9
v -0.6 7.9 -22.9
v -0.5 7.9 -22.9
v -0.3 7.9 -22.9
v -0.0999999 7.9 -22.9
v 0 7.9 -22.9
v 0.1 7.9 -22.9
v 0.2 7.9 -22.9
v 0.4 7.9 -22.9
v 0.5 7.9 -22.9
v 0.6 7.9 -22.9
v 0.7 7.9 -22.9
v 0.8 7.9 -22.9
v 0.9 7.9 -22.9
v 1 7.9 -22.9
v 1.1 7.9 -22.9
v 1.2 7.9 -22.9
v 1.3 7.9 -22.9
v 1.4 7.9 -22.9
v 1.6 7.9 -22.9
v 1.7 7.9 -22.9
v 1.8 7.9 -22.9
v 1.9 7.9 -22.9
v 2 7.9 -22.9
v 2.1 7.9 -22.9
v 2.2 7.9 -22.9
v 2.3 7.9 -22.9
v 2.4 7.9 -22.9
v 2.5 7.9 -22.9
v 2.6 7.9 -22.9
v 2.7 7.9 -22.9
v 2.8 7.9 -22.9
v 2.9 7.9 -22.9
v 3.1 7.9 -22.9
v 3.2 7.9 -22.9
v 3.3 7.9 -22.9
v 3.4 7.9 -22.9
v -2.3 7.9 -23
v -1.8 7.9 -23
v -1.7 7.9 -23
v -1.6 7.9 -23
v -1.4 7.9 -23
v -1.2 7.9 -23
v -1.1 7.9 -23
v -1 7.9 -23
v -0.9 7.9 -23
v -0.8 7.9 -23
v -0.7 7.9 -23
v -0.6 7.9 -23
v -0.5 7.9 -23
v -0.3 7.9 -23
v -0.2 7.9 -23
v -0.0999999 7.9 -23
v 0.1 7.9 -23
v 0.4 7.9 -23
v 0.5 7.9 -23
v 0.7 7.9 -23
v 0.8 7.9 -23
v 0.9 7.9 -23
v 1 7.9 -23
v 1.1 7.9 -23
v 1.2 7.9 -23
v 1.3 7.9 -23
v 1.4 7.9 -23
v 1.6 7.9 -23
v 1.7 7.9 -23
v 1.8 7.9 -23
v 1.9 7.9 -23
v 2.1 7.9 -23
v 2.2 7.9 -23
v 2.3 7.9 -23
v 2.4 7.9 -23
v 2.7 7.9 -23
v 2.8 7.9 -23
v 3.1 7.9 -23
v 3.2 7.9 -23
v 3.3 7.9 -23
v 3.4 7.9 -23
v 3.5 7.9 -23

# faces
f 3/6/1 2/6/1 1/6/1
f 4/6/1 2/6/1 3/6/1
f 7/6/1 6/6/1 5/6/1
f 8/6/1 6/6/1 7/6/1
f 11/6/1 10/6/1 9/6/1
f 12/6/1 10/6/1 11/6/1
f 15/6/1 14/6/1 13/6/1
f 16/6/1 14/6/1 15/6/1
f 19/6/1 18/6/1 17/6/1
f 20/6/1 18/6/1 19/6/1
f 23/6/1 22/6/1 21/6/1
f 24/6/1 22/6/1 23/6/1
f 27/6/1 26/6/1 25/6/1
f 28/6/1 26/6/1 27/6/1
f 31/6/1 30/6/1 29/6/1
f 32/6/1 30/6/1 31/6/1
f 35/6/1 34/6/1 33/6/1
f 36/6/1 34/6/1 35/6/1
f 41/6/1 38/6/1 37/6/1
f 41/6/1 40/6/1 39/6/1
f 41/6/1 39/6/1 38/6/1
f 42/6/1 40/6/1 41/6/1
f 43/6/1 41/6/1 37/6/1
f 44/6/1 40/6/1 42/6/1
f 45/6/1 43/6/1 37/6/1
f 45/6/1 44/6/1 43/6/1
f 46/6/1 40/6/1 44/6/1
f 46/6/1 44/6/1 45/6/1
f 47/6/1 45/6/1 37/6/1
f 49/6/1 47/6/1 37/6/1
f 49/9/1 48/9/1 47/9/1
f 50/9/1 48/9/1 49/9/1
f 51/6/1 49/6/1 37/6/1
f 52/6/1 40/6/1 46/6/1
f 53/6/1 51/6/1 37/6/1
f 53/6/1 52/6/1 51/6/1
f 54/6/1 40/6/1 52/6/1
f 54/6/1 52/6/1 53/6/1
f 55/6/1 53/6/1 37/6/1
f 56/6/1 40/6/1 54/6/1
f 57/6/1 55/6/1 37/6/1
f 57/6/1 56/6/1 55/6/1
f 58/6/1 40/6/1 56/6/1
f 58/6/1 56/6/1 57/6/1
f 63/6/1 60/6/1 59/6/1
f 64/6/1 60/6/1 63/6/1
f 66/6/1 62/6/1 61/6/1
f 67/6/1 62/6/1 66/6/1
f 68/6/1 62/6/1 67/6/1
f 70/6/1 66/6/1 65/6/1
f 70/6/1 67/6/1 66/6/1
f 71/6/1 60/6/1 64/6/1
f 73/6/1 71/6/1 64/6/1
f 73/6/1 72/6/1 71/6/1
f 74/6/1 72/6/1 73/6/1
f 76/6/1 70/6/1 69/6/1
f 77/6/1 67/6/1 70/6/1
f 77/6/1 70/6/1 76/6/1
f 78/6/1 67/6/1 77/6/1
f 79/6/1 72/6/1 74/6/1
f 81/6/1 79/6/1 74/6/1
f 81/6/1 80/6/1 79/6/1
f 82/6/1 80/6/1 81/6/1
f 84/6/1 76/6/1 75/6/1
f 84/6/1 77/6/1 76/6/1
f 85/6/1 77/6/1 84/6/1
f 86/6/1 77/6/1 85/6/1
f 87/6/1 80/6/1 82/6/1
f 90/6/1 85/6/1 84/6/1
f 90/6/1 84/6/1 83/6/1
f 91/6/1 85/6/1 90/6/1
f 92/6/1 85/6/1 91/6/1
f 93/6/1 88/6/1 87/6/1
f 93/6/1 87/6/1 82/6/1
f 94/6/1 88/6/1 93/6/1
f 95/6/1 88/6/1 94/6/1
f 96/6/1 88/6/1 95/6/1
f 97/6/1 88/6/1 96/6/1
f 99/6/1 91/6/1 90/6/1
f 99/6/1 90/6/1 89/6/1
f 100/6/1 91/6/1 99/6/1
f 101/6/1 98/6/1 97/6/1
f 101/6/1 97/6/1 96/6/1
f 102/6/1 98/6/1 101/6/1
f 103/6/1 98/6/1 102/6/1
f 106/6/1 99/6/1 89/6/1
f 107/6/1 99/6/1 106/6/1
f 108/6/1 99/6/1 107/6/1
f 109/6/1 104/6/1 103/6/1
f 109/6/1 103/6/1 102/6/1
f 112/6/1 107/6/1 106/6/1
f 112/6/1 106/6/1 105/6/1
f 113/6/1 110/6/1 109/6/1
f 113/6/1 109/6/1 102/6/1
f 114/6/1 110/6/1 113/6/1
f 115/6/1 112/6/1 111/6/1
f 115/6/1 107/6/1 112/6/1
f 116/6/1 107/6/1 115/6/1
f 117/6/1 110/6/1 114/6/1
f 119/6/1 117/6/1 114/6/1
f 119/6/1 118/6/1 117/6/1
f 120/6/1 118/6/1 119/6/1
f 122/6/1 115/6/1 111/6/1
f 123/6/1 115/6/1 122/6/1
f 124/6/1 115/6/1 123/6/1
f 125/6/1 118/6/1 120/6/1
f 128/6/1 123/6/1 122/6/1
f 128/6/1 122/6/1 121/6/1
f 129/6/1 126/6/1 125/6/1
f 131/6/1 125/6/1 120/6/1
f 131/6/1 130/6/1 129/6/1
f 131/6/1 129/6/1 125/6/1
f 132/6/1 130/6/1 131/6/1
f 134/6/1 128/6/1 127/6/1
f 135/6/1 123/6/1 128/6/1
f 135/6/1 128/6/1 134/6/1
f 136/6/1 123/6/1 135/6/1
f 137/6/1 130/6/1 132/6/1
f 139/6/1 137/6/1 132/6/1
f 139/6/1 138/6/1 137/6/1
f 140/6/1 138/6/1 139/6/1
f 142/6/1 134/6/1 133/6/1
f 142/6/1 135/6/1 134/6/1
f 143/6/1 135/6/1 142/6/1
f 144/6/1 135/6/1 143/6/1
f 145/6/1 138/6/1 140/6/1
f 147/6/1 143/6/1 142/6/1
f 147/6/1 142/6/1 141/6/1
f 148/6/1 143/6/1 147/6/1
f 149/6/1 146/6/1 145/6/1
f 149/6/1 145/6/1 140/6/1
f 150/6/1 146/6/1 149/6/1
f 152/6/1 147/6/1 141/6/1
f 153/6/1 146/6/1 150/6/1
f 154/6/1 146/6/1 153/6/1
f 155/6/1 152/6/1 151/6/1
f 155/6/1 147/6/1 152/6/1
f 156/6/1 147/6/1 155/6/1
f 157/6/1 146/6/1 154/6/1
f 158/6/1 155/6/1 151/6/1
f 159/6/1 157/6/1 154/6/1
f 159/6/1 158/6/1 157/6/1
f 160/6/1 158/6/1 159/6/1
f 161/6/1 155/6/1 158/6/1
f 161/6/1 158/6/1 160/6/1
f 162/6/1 155/6/1 161/6/1
f 163/6/1 161/6/1 160/6/1
f 164/6/1 161/6/1 163/6/1
f 171/2/1 166/2/1 165/2/1
f 172/6/1 167/6/1 166/6/1
f 172/2/1 166/2/1 171/2/1
f 173/2/1 168/2/1 167/2/1
f 173/6/1 167/6/1 172/6/1
f 174/6/1 169/6/1 168/6/1
f 174/2/1 168/2/1 173/2/1
f 175/2/1 170/2/1 169/2/1
f 175/6/1 169/6/1 174/6/1
f 176/2/1 170/2/1 175/2/1
f 179/6/1 178/6/1 177/6/1
f 180/6/1 178/6/1 179/6/1
f 182/6/1 178/6/1 180/6/1
f 183/6/1 182/6/1 181/6/1
f 184/6/1 178/6/1 182/6/1
f 184/6/1 182/6/1 183/6/1
f 191/2/1 186/2/1 185/2/1
f 191/6/1 187/6/1 186/6/1
f 192/2/1 188/2/1 187/2/1
f 192/6/1 187/6/1 191/6/1
f 193/2/1 188/2/1 192/2/1
f 194/2/1 188/2/1 193/2/1
f 195/6/1 189/6/1 188/6/1
f 195/2/1 188/2/1 194/2/1
f 196/2/1 190/2/1 189/2/1
f 196/6/1 189/6/1 195/6/1
f 197/2/1 192/2/1 191/2/1
f 197/6/1 193/6/1 192/6/1
f 198/2/1 194/2/1 193/2/1
f 198/6/1 193/6/1 197/6/1
f 199/6/1 195/6/1 194/6/1
f 199/2/1 194/2/1 198/2/1
f 200/2/1 196/2/1 195/2/1
f 200/6/1 195/6/1 199/6/1
f 201/2/1 198/2/1 197/2/1
f 201/2/1 197/2/1 191/2/1
f 201/2/1 191/2/1 185/2/1
f 202/6/1 199/6/1 198/6/1
f 202/2/1 198/2/1 201/2/1
f 203/2/1 200/2/1 199/2/1
f 203/6/1 199/6/1 202/6/1
f 204/2/1 196/2/1 200/2/1
f 204/2/1 200/2/1 203/2/1
f 204/2/1 190/2/1 196/2/1
f 208/6/1 206/6/1 205/6/1
f 209/6/1 206/6/1 208/6/1
f 211/6/1 208/6/1 207/6/1
f 212/6/1 208/6/1 211/6/1
f 213/6/1 210/6/1 209/6/1
f 214/6/1 210/6/1 213/6/1
f 216/6/1 211/6/1 207/6/1
f 217/6/1 211/6/1 216/6/1
f 218/6/1 210/6/1 214/6/1
f 219/6/1 210/6/1 218/6/1
f 221/6/1 216/6/1 215/6/1
f 222/6/1 216/6/1 221/6/1
f 225/6/1 220/6/1 219/6/1
f 226/6/1 220/6/1 225/6/1
f 227/6/1 223/6/1 222/6/1
f 230/6/1 225/6/1 224/6/1
f 231/6/1 228/6/1 227/6/1
f 231/6/1 227/6/1 222/6/1
f 232/6/1 228/6/1 231/6/1
f 233/6/1 230/6/1 229/6/1
f 234/6/1 225/6/1 230/6/1
f 234/6/1 230/6/1 233/6/1
f 235/6/1 233/6/1 232/6/1
f 236/6/1 233/6/1 235/6/1
f 241/6/1 238/6/1 237/6/1
f 242/6/1 238/6/1 241/6/1
f 243/6/1 238/6/1 242/6/1
f 244/6/1 240/6/1 239/6/1
f 245/6/1 240/6/1 244/6/1
f 246/6/1 240/6/1 245/6/1
f 252/2/1 248/2/1 247/2/1
f 253/2/1 250/2/1 249/2/1
f 256/2/1 252/2/1 251/2/1
f 257/2/1 254/2/1 253/2/1
f 259/2/1 256/2/1 255/2/1
f 260/6/1 249/6/1 248/6/1
f 260/2/1 256/2/1 259/2/1
f 260/2/1 248/2/1 252/2/1
f 260/2/1 252/2/1 256/2/1
f 261/2/1 258/2/1 257/2/1
f 261/6/1 249/6/1 260/6/1
f 261/2/1 257/2/1 253/2/1
f 261/2/1 253/2/1 249/2/1
f 262/2/1 258/2/1 261/2/1
f 263/6/1 260/6/1 259/6/1
f 263/6/1 261/6/1 260/6/1
f 263/6/1 262/6/1 261/6/1
f 264/6/1 262/6/1 263/6/1
f 265/6/1 262/6/1 264/6/1
f 266/6/1 262/6/1 265/6/1
f 267/2/1 264/2/1 263/2/1
f 268/2/1 264/2/1 267/2/1
f 269/2/1 266/2/1 265/2/1
f 270/2/1 266/2/1 269/2/1
f 271/2/1 264/2/1 268/2/1
f 272/2/1 264/2/1 271/2/1
f 273/2/1 269/2/1 265/2/1
f 274/2/1 269/2/1 273/2/1
f 275/2/1 264/2/1 272/2/1
f 276/6/1 265/6/1 264/6/1
f 276/2/1 264/2/1 275/2/1
f 277/2/1 273/2/1 265/2/1
f 277/6/1 265/6/1 276/6/1
f 278/2/1 273/2/1 277/2/1
f 281/6/1 280/6/1 279/6/1
f 282/6/1 280/6/1 281/6/1
f 283/8/1 282/8/1 281/8/1
f 284/8/1 282/8/1 283/8/1
f 285/1/1 284/1/1 283/1/1
f 286/1/1 284/1/1 285/1/1
f 287/8/1 286/8/1 285/8/1
f 288/8/1 286/8/1 287/8/1
f 289/1/1 288/1/1 287/1/1
f 290/1/1 288/1/1 289/1/1
f 291/8/1 290/8/1 289/8/1
f 292/8/1 290/8/1 291/8/1
f 293/1/1 292/1/1 291/1/1
f 294/1/1 292/1/1 293/1/1
f 295/8/1 294/8/1 293/8/1
f 296/8/1 294/8/1 295/8/1
f 297/1/1 296/1/1 295/1/1
f 298/1/1 296/1/1 297/1/1
f 299/8/1 298/8/1 297/8/1
f 300/8/1 298/8/1 299/8/1
f 301/1/1 300/1/1 299/1/1
f 302/1/1 300/1/1 301/1/1
f 303/8/1 302/8/1 301/8/1
f 304/8/1 302/8/1 303/8/1
f 305/1/1 304/1/1 303/1/1
f 306/1/1 304/1/1 305/1/1
f 308/8/1 306/8/1 305/8/1
f 309/8/1 306/8/1 308/8/1
f 311/8/1 309/8/1 308/8/1
f 311/8/1 310/8/1 309/8/1
f 311/8/1 308/8/1 307/8/1
f 312/8/1 310/8/1 311/8/1
f 313/8/1 311/8/1 307/8/1
f 314/8/1 311/8/1 313/8/1
f 315/1/1 314/1/1 313/1/1
f 316/1/1 314/1/1 315/1/1
f 317/1/1 314/1/1 316/1/1
f 318/8/1 316/8/1 315/8/1
f 319/8/1 316/8/1 318/8/1
f 320/8/1 316/8/1 319/8/1
f 321/8/1 316/8/1 320/8/1
f 322/8/1 316/8/1 321/8/1
f 323/8/1 316/8/1 322/8/1
f 324/8/1 320/8/1 319/8/1
f 325/8/1 320/8/1 324/8/1
f 326/8/1 320/8/1 325/8/1
f 327/8/1 320/8/1 326/8/1
f 328/8/1 322/8/1 321/8/1
f 329/8/1 322/8/1 328/8/1
f 330/8/1 322/8/1 329/8/1
f 331/1/1 326/1/1 325/1/1
f 332/1/1 326/1/1 331/1/1
f 333/1/1 330/1/1 329/1/1
f 334/1/1 330/1/1 333/1/1
f 335/1/1 330/1/1 334/1/1
f 336/8/1 332/8/1 331/8/1
f 337/8/1 332/8/1 336/8/1
f 338/8/1 334/8/1 333/8/1
f 339/8/1 334/8/1 338/8/1
f 340/8/1 336/8/1 331/8/1
f 341/8/1 336/8/1 340/8/1
f 342/8/1 334/8/1 339/8/1
f 343/8/1 334/8/1 342/8/1
f 344/8/1 336/8/1 341/8/1
f 345/8/1 336/8/1 344/8/1
f 346/8/1 342/8/1 339/8/1
f 347/8/1 342/8/1 346/8/1
f 348/1/1 345/1/1 344/1/1
f 349/1/1 345/1/1 348/1/1
f 350/1/1 347/1/1 346/1/1
f 351/1/1 347/1/1 350/1/1
f 352/8/1 349/8/1 348/8/1
f 353/8/1 349/8/1 352/8/1
f 354/8/1 349/8/1 353/8/1
f 357/8/1 351/8/1 350/8/1
f 358/8/1 355/8/1 354/8/1
f 358/8/1 354/8/1 353/8/1
f 359/8/1 355/8/1 358/8/1
f 360/8/1 355/8/1 359/8/1
f 363/8/1 357/8/1 356/8/1
f 364/8/1 351/8/1 357/8/1
f 364/8/1 357/8/1 363/8/1
f 365/8/1 351/8/1 364/8/1
f 366/1/1 361/1/1 360/1/1
f 366/1/1 360/1/1 359/1/1
f 367/1/1 361/1/1 366/1/1
f 368/1/1 363/1/1 362/1/1
f 368/1/1 364/1/1 363/1/1
f 369/1/1 364/1/1 368/1/1
f 370/8/1 367/8/1 366/8/1
f 370/8/1 368/8/1 367/8/1
f 370/8/1 369/8/1 368/8/1
f 371/8/1 369/8/1 370/8/1
f 372/8/1 369/8/1 371/8/1
f 373/8/1 369/8/1 372/8/1
f 374/8/1 372/8/1 371/8/1
f 375/8/1 372/8/1 374/8/1
f 376/1/1 375/1/1 374/1/1
f 377/1/1 375/1/1 376/1/1
f 378/1/1 375/1/1 377/1/1
f 379/8/1 378/8/1 377/8/1
f 380/8/1 378/8/1 379/8/1
f 381/8/1 379/8/1 377/8/1
f 382/8/1 379/8/1 381/8/1
f 383/8/1 379/8/1 382/8/1
f 384/8/1 379/8/1 383/8/1
f 385/8/1 379/8/1 384/8/1
f 386/1/1 384/1/1 383/1/1
f 387/1/1 384/1/1 386/1/1
f 388/1/1 384/1/1 387/1/1
f 389/8/1 388/8/1 387/8/1
f 390/8/1 388/8/1 389/8/1
f 391/8/1 389/8/1 387/8/1
f 392/8/1 389/8/1 391/8/1
f 393/8/1 389/8/1 392/8/1
f 394/8/1 389/8/1 393/8/1
f 395/8/1 389/8/1 394/8/1
f 396/1/1 394/1/1 393/1/1
f 397/1/1 394/1/1 396/1/1
f 398/8/1 397/8/1 396/8/1
f 399/8/1 397/8/1 398/8/1
f 400/8/1 397/8/1 399/8/1
f 401/8/1 397/8/1 400/8/1
f 402/8/1 400/8/1 399/8/1
f 403/8/1 400/8/1 402/8/1
f 406/7/1 405/7/1 404/7/1
f 407/7/1 405/7/1 406/7/1
f 410/7/1 409/7/1 408/7/1
f 411/7/1 409/7/1 410/7/1
f 414/7/1 413/7/1 412/7/1
f 415/7/1 413/7/1 414/7/1
f 418/7/1 417/7/1 416/7/1
f 419/7/1 417/7/1 418/7/1
f 422/7/1 421/7/1 420/7/1
f 423/7/1 421/7/1 422/7/1
f 428/6/1 425/6/1 424/6/1
f 429/6/1 425/6/1 428/6/1
f 430/6/1 427/6/1 426/6/1
f 431/6/1 427/6/1 430/6/1
f 432/6/1 428/6/1 424/6/1
f 433/6/1 425/6/1 429/6/1
f 434/6/1 430/6/1 426/6/1
f 435/6/1 427/6/1 431/6/1
f 436/6/1 432/6/1 424/6/1
f 436/6/1 433/6/1 432/6/1
f 437/6/1 425/6/1 433/6/1
f 437/6/1 433/6/1 436/6/1
f 438/6/1 435/6/1 434/6/1
f 438/6/1 434/6/1 426/6/1
f 439/6/1 427/6/1 435/6/1
f 439/6/1 435/6/1 438/6/1
f 442/6/1 441/6/1 440/6/1
f 443/6/1 442/6/1 440/6/1
f 444/6/1 443/6/1 440/6/1
f 445/6/1 444/6/1 440/6/1
f 446/6/1 445/6/1 440/6/1
f 451/6/1 446/6/1 440/6/1
f 452/6/1 451/6/1 440/6/1
f 453/6/1 452/6/1 440/6/1
f 454/6/1 453/6/1 440/6/1
f 455/6/1 454/6/1 440/6/1
f 456/6/1 455/6/1 440/6/1
f 457/6/1 456/6/1 440/6/1
f 458/2/1 448/2/1 447/2/1
f 459/2/1 448/2/1 458/2/1
f 460/2/1 450/2/1 449/2/1
f 461/2/1 450/2/1 460/2/1
f 462/6/1 457/6/1 440/6/1
f 463/6/1 462/6/1 440/6/1
f 492/6/1 463/6/1 440/6/1
f 493/6/1 463/6/1 492/6/1
f 494/6/1 465/6/1 464/6/1
f 495/2/1 466/2/1 465/2/1
f 495/6/1 465/6/1 494/6/1
f 496/4/1 467/4/1 466/4/1
f 496/2/1 466/2/1 495/2/1
f 497/2/1 468/2/1 467/2/1
f 497/4/1 467/4/1 496/4/1
f 498/3/1 469/3/1 468/3/1
f 498/2/1 468/2/1 497/2/1
f 499/5/1 470/5/1 469/5/1
f 499/3/1 469/3/1 498/3/1
f 500/4/1 471/4/1 470/4/1
f 500/5/1 470/5/1 499/5/1
f 501/2/1 472/2/1 471/2/1
f 501/4/1 471/4/1 500/4/1
f 502/4/1 473/4/1 472/4/1
f 502/2/1 472/2/1 501/2/1
f 503/5/1 474/5/1 473/5/1
f 503/4/1 473/4/1 502/4/1
f 504/2/1 475/2/1 474/2/1
f 504/5/1 474/5/1 503/5/1
f 505/5/1 476/5/1 475/5/1
f 505/2/1 475/2/1 504/2/1
f 506/4/1 477/4/1 476/4/1
f 506/5/1 476/5/1 505/5/1
f 507/2/1 478/2/1 477/2/1
f 507/4/1 477/4/1 506/4/1
f 508/3/1 479/3/1 478/3/1
f 508/2/1 478/2/1 507/2/1
f 509/5/1 480/5/1 479/5/1
f 509/3/1 479/3/1 508/3/1
f 510/2/1 481/2/1 480/2/1
f 510/5/1 480/5/1 509/5/1
f 511/3/1 482/3/1 481/3/1
f 511/2/1 481/2/1 510/2/1
f 512/4/1 483/4/1 482/4/1
f 512/3/1 482/3/1 511/3/1
f 513/3/1 484/3/1 483/3/1
f 513/4/1 483/4/1 512/4/1
f 514/2/1 485/2/1 484/2/1
f 514/3/1 484/3/1 513/3/1
f 515/5/1 486/5/1 485/5/1
f 515/2/1 485/2/1 514/2/1
f 516/4/1 487/4/1 486/4/1
f 516/5/1 486/5/1 515/5/1
f 517/2/1 488/2/1 487/2/1
f 517/4/1 487/4/1 516/4/1
f 518/4/1 489/4/1 488/4/1
f 518/2/1 488/2/1 517/2/1
f 519/3/1 490/3/1 489/3/1
f 519/4/1 489/4/1 518/4/1
f 520/5/1 491/5/1 490/5/1
f 520/3/1 490/3/1 519/3/1
f 521/3/1 492/3/1 491/3/1
f 521/5/1 491/5/1 520/5/1
f 522/3/1 492/3/1 521/3/1
f 525/6/1 524/6/1 523/6/1
f 527/6/1 525/6/1 523/6/1
f 527/6/1 526/6/1 525/6/1
f 528/6/1 526/6/1 527/6/1
f 529/6/1 526/6/1 528/6/1
f 530/6/1 526/6/1 529/6/1
f 531/6/1 526/6/1 530/6/1
f 532/7/1 529/7/1 528/7/1
f 533/7/1 529/7/1 532/7/1
f 536/7/1 531/7/1 530/7/1
f 537/7/1 531/7/1 536/7/1
f 538/7/1 534/7/1 533/7/1
f 539/7/1 534/7/1 538/7/1
f 542/7/1 536/7/1 535/7/1
f 543/7/1 536/7/1 542/7/1
f 544/7/1 540/7/1 539/7/1
f 545/7/1 540/7/1 544/7/1
f 546/7/1 540/7/1 545/7/1
f 547/7/1 542/7/1 541/7/1
f 548/7/1 542/7/1 547/7/1
f 549/7/1 542/7/1 548/7/1
f 551/7/1 546/7/1 545/7/1
f 551/7/1 548/7/1 547/7/1
f 551/7/1 547/7/1 546/7/1
f 552/7/1 548/7/1 551/7/1
f 555/7/1 551/7/1 550/7/1
f 556/7/1 551/7/1 555/7/1
f 557/7/1 553/7/1 552/7/1
f 558/7/1 553/7/1 557/7/1
f 560/6/1 527/6/1 523/6/1
f 561/7/1 555/7/1 554/7/1
f 562/7/1 555/7/1 561/7/1
f 563/7/1 559/7/1 558/7/1
f 564/7/1 559/7/1 563/7/1
f 566/6/1 560/6/1 523/6/1
f 566/7/1 561/7/1 560/7/1
f 567/7/1 561/7/1 566/7/1
f 568/7/1 565/7/1 564/7/1
f 569/7/1 565/7/1 568/7/1
f 570/6/1 567/6/1 566/6/1
f 570/6/1 566/6/1 523/6/1
f 570/6/1 569/6/1 568/6/1
f 570/6/1 568/6/1 567/6/1
f 571/6/1 569/6/1 570/6/1
f 572/6/1 570/6/1 523/6/1
f 573/6/1 570/6/1 572/6/1
f 574/6/1 572/6/1 523/6/1
f 574/1/1 573/1/1 572/1/1
f 575/1/1 573/1/1 574/1/1
f 576/6/1 574/6/1 523/6/1
f 576/6/1 575/6/1 574/6/1
f 577/6/1 575/6/1 576/6/1
f 578/6/1 575/6/1 577/6/1
f 579/6/1 575/6/1 578/6/1
f 619/4/1 582/4/1 581/4/1
f 619/6/1 581/6/1 580/6/1
f 620/3/1 583/3/1 582/3/1
f 620/4/1 582/4/1 619/4/1
f 621/2/1 584/2/1 583/2/1
f 621/3/1 583/3/1 620/3/1
f 621/2/1 585/2/1 584/2/1
f 622/2/1 585/2/1 621/2/1
f 623/5/1 586/5/1 585/5/1
f 623/4/1 587/4/1 586/4/1
f 624/3/1 588/3/1 587/3/1
f 624/4/1 587/4/1 623/4/1
f 625/4/1 589/4/1 588/4/1
f 625/3/1 588/3/1 624/3/1
f 625/4/1 590/4/1 589/4/1
f 625/4/1 591/4/1 590/4/1
f 626/4/1 591/4/1 625/4/1
f 627/4/1 591/4/1 626/4/1
f 628/5/1 592/5/1 591/5/1
f 628/4/1 591/4/1 627/4/1
f 629/4/1 595/4/1 594/4/1
f 629/3/1 596/3/1 595/3/1
f 630/2/1 597/2/1 596/2/1
f 630/3/1 596/3/1 629/3/1
f 631/5/1 598/5/1 597/5/1
f 631/4/1 599/4/1 598/4/1
f 632/2/1 600/2/1 599/2/1
f 632/4/1 599/4/1 631/4/1
f 633/3/1 601/3/1 600/3/1
f 633/2/1 600/2/1 632/2/1
f 634/4/1 602/4/1 601/4/1
f 634/3/1 601/3/1 633/3/1
f 635/3/1 603/3/1 602/3/1
f 635/4/1 602/4/1 634/4/1
f 636/5/1 604/5/1 603/5/1
f 636/3/1 603/3/1 635/3/1
f 637/3/1 605/3/1 604/3/1
f 637/5/1 604/5/1 636/5/1
f 638/2/1 606/2/1 605/2/1
f 638/3/1 605/3/1 637/3/1
f 639/3/1 607/3/1 606/3/1
f 639/2/1 606/2/1 638/2/1
f 640/2/1 608/2/1 607/2/1
f 640/3/1 607/3/1 639/3/1
f 641/3/1 609/3/1 608/3/1
f 641/2/1 608/2/1 640/2/1
f 642/5/1 610/5/1 609/5/1
f 642/3/1 609/3/1 641/3/1
f 643/3/1 612/3/1 611/3/1
f 643/5/1 610/5/1 642/5/1
f 643/3/1 611/3/1 610/3/1
f 644/3/1 612/3/1 643/3/1
f 645/2/1 614/2/1 613/2/1
f 645/4/1 613/4/1 612/4/1
f 646/5/1 615/5/1 614/5/1
f 646/2/1 614/2/1 645/2/1
f 647/2/1 616/2/1 615/2/1
f 647/5/1 615/5/1 646/5/1
f 648/3/1 617/3/1 616/3/1
f 648/2/1 616/2/1 647/2/1
f 649/2/1 618/2/1 617/2/1
f 649/3/1 617/3/1 648/3/1
f 650/2/1 618/2/1 649/2/1
f 651/6/1 619/6/1 580/6/1
f 651/3/1 620/3/1 619/3/1
f 652/4/1 622/4/1 621/4/1
f 652/3/1 620/3/1 651/3/1
f 652/4/1 621/4/1 620/4/1
f 653/2/1 585/2/1 622/2/1
f 653/4/1 622/4/1 652/4/1
f 654/5/1 623/5/1 585/5/1
f 654/2/1 585/2/1 653/2/1
f 655/2/1 624/2/1 623/2/1
f 655/5/1 623/5/1 654/5/1
f 655/2/1 626/2/1 625/2/1
f 655/2/1 625/2/1 624/2/1
f 656/2/1 626/2/1 655/2/1
f 657/4/1 627/4/1 626/4/1
f 657/2/1 626/2/1 656/2/1
f 658/3/1 628/3/1 627/3/1
f 658/4/1 627/4/1 657/4/1
f 659/4/1 593/4/1 592/4/1
f 659/5/1 592/5/1 628/5/1
f 660/2/1 594/2/1 593/2/1
f 660/4/1 593/4/1 659/4/1
f 661/4/1 629/4/1 594/4/1
f 661/2/1 594/2/1 660/2/1
f 661/4/1 630/4/1 629/4/1
f 662/4/1 630/4/1 661/4/1
f 663/3/1 632/3/1 631/3/1
f 663/2/1 633/2/1 632/2/1
f 663/2/1 634/2/1 633/2/1
f 663/2/1 635/2/1 634/2/1
f 664/2/1 635/2/1 663/2/1
f 665/2/1 635/2/1 664/2/1
f 666/4/1 636/4/1 635/4/1
f 666/2/1 635/2/1 665/2/1
f 667/5/1 642/5/1 641/5/1
f 667/4/1 636/4/1 666/4/1
f 667/5/1 643/5/1 642/5/1
f 667/5/1 641/5/1 640/5/1
f 667/5/1 637/5/1 636/5/1
f 667/5/1 640/5/1 639/5/1
f 667/5/1 639/5/1 638/5/1
f 667/5/1 638/5/1 637/5/1
f 668/4/1 644/4/1 643/4/1
f 668/5/1 643/5/1 667/5/1
f 669/3/1 612/3/1 644/3/1
f 669/4/1 644/4/1 668/4/1
f 670/4/1 645/4/1 612/4/1
f 670/3/1 612/3/1 669/3/1
f 671/5/1 647/5/1 646/5/1
f 671/3/1 648/3/1 647/3/1
f 671/3/1 650/3/1 649/3/1
f 671/3/1 649/3/1 648/3/1
f 672/3/1 650/3/1 671/3/1
f 673/3/1 650/3/1 672/3/1
f 674/3/1 650/3/1 673/3/1
f 675/6/1 651/6/1 580/6/1
f 676/2/1 652/2/1 651/2/1
f 676/6/1 651/6/1 675/6/1
f 677/3/1 653/3/1 652/3/1
f 677/2/1 652/2/1 676/2/1
f 677/3/1 654/3/1 653/3/1
f 678/5/1 655/5/1 654/5/1
f 678/3/1 654/3/1 677/3/1
f 679/4/1 656/4/1 655/4/1
f 679/5/1 655/5/1 678/5/1
f 680/2/1 658/2/1 657/2/1
f 680/4/1 656/4/1 679/4/1
f 680/2/1 657/2/1 656/2/1
f 681/3/1 628/3/1 658/3/1
f 681/2/1 658/2/1 680/2/1
f 682/5/1 659/5/1 628/5/1
f 682/3/1 628/3/1 681/3/1
f 683/2/1 660/2/1 659/2/1
f 683/5/1 659/5/1 682/5/1
f 684/3/1 661/3/1 660/3/1
f 684/2/1 660/2/1 683/2/1
f 685/2/1 662/2/1 661/2/1
f 685/3/1 661/3/1 684/3/1
f 686/4/1 630/4/1 662/4/1
f 686/2/1 662/2/1 685/2/1
f 687/2/1 597/2/1 630/2/1
f 687/4/1 630/4/1 686/4/1
f 688/5/1 631/5/1 597/5/1
f 688/2/1 597/2/1 687/2/1
f 689/3/1 663/3/1 631/3/1
f 689/5/1 631/5/1 688/5/1
f 689/3/1 664/3/1 663/3/1
f 690/4/1 665/4/1 664/4/1
f 690/3/1 664/3/1 689/3/1
f 691/2/1 666/2/1 665/2/1
f 691/4/1 665/4/1 690/4/1
f 692/3/1 667/3/1 666/3/1
f 692/2/1 666/2/1 691/2/1
f 693/5/1 668/5/1 667/5/1
f 693/3/1 667/3/1 692/3/1
f 694/2/1 669/2/1 668/2/1
f 694/5/1 668/5/1 693/5/1
f 695/4/1 670/4/1 669/4/1
f 695/2/1 669/2/1 694/2/1
f 696/4/1 645/4/1 670/4/1
f 696/4/1 670/4/1 695/4/1
f 696/3/1 646/3/1 645/3/1
f 697/5/1 671/5/1 646/5/1
f 697/3/1 646/3/1 696/3/1
f 698/4/1 672/4/1 671/4/1
f 698/5/1 671/5/1 697/5/1
f 699/3/1 673/3/1 672/3/1
f 699/4/1 672/4/1 698/4/1
f 700/4/1 674/4/1 673/4/1
f 700/3/1 673/3/1 699/3/1
f 701/4/1 674/4/1 700/4/1
f 704/7/1 703/7/1 702/7/1
f 705/7/1 703/7/1 704/7/1
f 708/6/1 707/6/1 706/6/1
f 709/6/1 707/6/1 708/6/1
f 710/8/1 709/8/1 708/8/1
f 711/8/1 709/8/1 710/8/1
f 712/1/1 711/1/1 710/1/1
f 713/1/1 711/1/1 712/1/1
f 714/8/1 713/8/1 712/8/1
f 715/8/1 713/8/1 714/8/1
f 716/1/1 715/1/1 714/1/1
f 717/1/1 715/1/1 716/1/1
f 718/8/1 717/8/1 716/8/1
f 719/8/1 717/8/1 718/8/1
f 720/1/1 719/1/1 718/1/1
f 721/1/1 719/1/1 720/1/1
f 722/8/1 721/8/1 720/8/1
f 723/8/1 721/8/1 722/8/1
f 724/1/1 723/1/1 722/1/1
f 725/1/1 723/1/1 724/1/1
f 726/8/1 725/8/1 724/8/1
f 727/8/1 725/8/1 726/8/1
f 728/1/1 727/1/1 726/1/1
f 729/1/1 727/1/1 728/1/1
f 730/8/1 729/8/1 728/8/1
f 731/8/1 729/8/1 730/8/1
f 732/1/1 731/1/1 730/1/1
f 733/1/1 731/1/1 732/1/1
f 734/8/1 733/8/1 732/8/1
f 735/8/1 733/8/1 734/8/1
f 736/8/1 733/8/1 735/8/1
f 737/8/1 733/8/1 736/8/1
f 738/8/1 733/8/1 737/8/1
f 739/8/1 733/8/1 738/8/1
f 740/8/1 733/8/1 739/8/1
f 741/8/1 733/8/1 740/8/1
f 742/8/1 733/8/1 741/8/1
f 743/8/1 733/8/1 742/8/1
f 744/8/1 733/8/1 743/8/1
f 745/8/1 733/8/1 744/8/1
f 746/8/1 733/8/1 745/8/1
f 747/8/1 733/8/1 746/8/1
f 748/8/1 733/8/1 747/8/1
f 749/8/1 733/8/1 748/8/1
f 750/8/1 733/8/1 749/8/1
f 751/8/1 733/8/1 750/8/1
f 752/8/1 733/8/1 751/8/1
f 753/8/1 733/8/1 752/8/1
f 754/8/1 733/8/1 753/8/1
f 755/8/1 733/8/1 754/8/1
f 756/8/1 733/8/1 755/8/1
f 757/8/1 733/8/1 756/8/1
f 758/8/1 733/8/1 757/8/1
f 759/8/1 733/8/1 758/8/1
f 760/8/1 733/8/1 759/8/1
f 761/8/1 733/8/1 760/8/1
f 762/8/1 733/8/1 761/8/1
f 763/8/1 733/8/1 762/8/1
f 802/6/1 765/6/1 764/6/1
f 803/2/1 766/2/1 765/2/1
f 803/6/1 765/6/1 802/6/1
f 803/2/1 767/2/1 766/2/1
f 804/3/1 768/3/1 767/3/1
f 804/2/1 767/2/1 803/2/1
f 805/2/1 769/2/1 768/2/1
f 805/3/1 768/3/1 804/3/1
f 806/5/1 770/5/1 769/5/1
f 806/2/1 769/2/1 805/2/1
f 807/3/1 771/3/1 770/3/1
f 807/5/1 770/5/1 806/5/1
f 808/2/1 772/2/1 771/2/1
f 808/3/1 771/3/1 807/3/1
f 809/3/1 773/3/1 772/3/1
f 809/2/1 772/2/1 808/2/1
f 810/4/1 774/4/1 773/4/1
f 810/3/1 773/3/1 809/3/1
f 811/3/1 775/3/1 774/3/1
f 811/4/1 774/4/1 810/4/1
f 812/5/1 776/5/1 775/5/1
f 812/3/1 775/3/1 811/3/1
f 813/2/1 777/2/1 776/2/1
f 813/5/1 776/5/1 812/5/1
f 814/3/1 778/3/1 777/3/1
f 814/2/1 777/2/1 813/2/1
f 814/3/1 779/3/1 778/3/1
f 814/3/1 780/3/1 779/3/1
f 814/3/1 781/3/1 780/3/1
f 815/5/1 782/5/1 781/5/1
f 815/3/1 781/3/1 814/3/1
f 816/3/1 783/3/1 782/3/1
f 816/5/1 782/5/1 815/5/1
f 817/2/1 784/2/1 783/2/1
f 817/3/1 783/3/1 816/3/1
f 818/3/1 786/3/1 785/3/1
f 818/2/1 784/2/1 817/2/1
f 818/3/1 785/3/1 784/3/1
f 819/2/1 787/2/1 786/2/1
f 819/3/1 786/3/1 818/3/1
f 820/5/1 788/5/1 787/5/1
f 820/2/1 787/2/1 819/2/1
f 821/2/1 789/2/1 788/2/1
f 821/5/1 788/5/1 820/5/1
f 822/3/1 790/3/1 789/3/1
f 822/2/1 789/2/1 821/2/1
f 823/2/1 791/2/1 790/2/1
f 823/3/1 790/3/1 822/3/1
f 824/3/1 792/3/1 791/3/1
f 824/2/1 791/2/1 823/2/1
f 825/5/1 793/5/1 792/5/1
f 825/3/1 792/3/1 824/3/1
f 826/3/1 795/3/1 794/3/1
f 826/5/1 793/5/1 825/5/1
f 826/3/1 794/3/1 793/3/1
f 827/2/1 797/2/1 796/2/1
f 827/3/1 795/3/1 826/3/1
f 827/2/1 796/2/1 795/2/1
f 828/5/1 798/5/1 797/5/1
f 828/2/1 797/2/1 827/2/1
f 829/3/1 800/3/1 799/3/1
f 829/5/1 798/5/1 828/5/1
f 829/3/1 799/3/1 798/3/1
f 829/3/1 801/3/1 800/3/1
f 830/3/1 801/3/1 829/3/1
f 868/4/1 833/4/1 832/4/1
f 868/3/1 834/3/1 833/3/1
f 868/3/1 835/3/1 834/3/1
f 869/3/1 835/3/1 868/3/1
f 870/5/1 836/5/1 835/5/1
f 870/3/1 835/3/1 869/3/1
f 871/4/1 839/4/1 838/4/1
f 871/2/1 840/2/1 839/2/1
f 872/3/1 841/3/1 840/3/1
f 872/2/1 840/2/1 871/2/1
f 873/5/1 842/5/1 841/5/1
f 873/3/1 841/3/1 872/3/1
f 874/2/1 843/2/1 842/2/1
f 874/2/1 844/2/1 843/2/1
f 875/4/1 845/4/1 844/4/1
f 875/2/1 844/2/1 874/2/1
f 876/3/1 846/3/1 845/3/1
f 876/4/1 845/4/1 875/4/1
f 877/3/1 846/3/1 876/3/1
f 878/5/1 847/5/1 846/5/1
f 878/4/1 848/4/1 847/4/1
f 879/3/1 849/3/1 848/3/1
f 879/4/1 848/4/1 878/4/1
f 880/4/1 850/4/1 849/4/1
f 880/3/1 849/3/1 879/3/1
f 880/4/1 851/4/1 850/4/1
f 881/5/1 852/5/1 851/5/1
f 881/4/1 851/4/1 880/4/1
f 882/2/1 853/2/1 852/2/1
f 882/5/1 852/5/1 881/5/1
f 883/3/1 854/3/1 853/3/1
f 883/2/1 853/2/1 882/2/1
f 883/3/1 855/3/1 854/3/1
f 883/3/1 856/3/1 855/3/1
f 884/3/1 856/3/1 883/3/1
f 885/2/1 857/2/1 856/2/1
f 885/3/1 856/3/1 884/3/1
f 886/5/1 858/5/1 857/5/1
f 886/3/1 859/3/1 858/3/1
f 887/4/1 860/4/1 859/4/1
f 887/3/1 859/3/1 886/3/1
f 888/2/1 861/2/1 860/2/1
f 888/4/1 860/4/1 887/4/1
f 889/3/1 862/3/1 861/3/1
f 889/2/1 861/2/1 888/2/1
f 890/4/1 864/4/1 863/4/1
f 890/5/1 863/5/1 862/5/1
f 891/3/1 865/3/1 864/3/1
f 891/4/1 864/4/1 890/4/1
f 892/2/1 866/2/1 865/2/1
f 892/3/1 865/3/1 891/3/1
f 893/3/1 867/3/1 866/3/1
f 893/2/1 866/2/1 892/2/1
f 894/3/1 867/3/1 893/3/1
f 895/6/1 832/6/1 831/6/1
f 895/4/1 869/4/1 868/4/1
f 895/4/1 868/4/1 832/4/1
f 896/2/1 870/2/1 869/2/1
f 896/4/1 869/4/1 895/4/1
f 897/5/1 836/5/1 870/5/1
f 897/2/1 870/2/1 896/2/1
f 898/2/1 837/2/1 836/2/1
f 898/2/1 838/2/1 837/2/1
f 898/4/1 871/4/1 838/4/1
f 898/4/1 872/4/1 871/4/1
f 898/4/1 873/4/1 872/4/1
f 899/4/1 873/4/1 898/4/1
f 900/5/1 842/5/1 873/5/1
f 900/2/1 874/2/1 842/2/1
f 901/3/1 875/3/1 874/3/1
f 901/2/1 874/2/1 900/2/1
f 902/2/1 876/2/1 875/2/1
f 902/3/1 875/3/1 901/3/1
f 903/4/1 877/4/1 876/4/1
f 903/2/1 876/2/1 902/2/1
f 904/3/1 846/3/1 877/3/1
f 904/4/1 877/4/1 903/4/1
f 905/5/1 878/5/1 846/5/1
f 905/3/1 846/3/1 904/3/1
f 906/3/1 879/3/1 878/3/1
f 906/5/1 878/5/1 905/5/1
f 907/4/1 880/4/1 879/4/1
f 907/3/1 879/3/1 906/3/1
f 908/3/1 881/3/1 880/3/1
f 908/4/1 880/4/1 907/4/1
f 909/3/1 881/3/1 908/3/1
f 910/3/1 881/3/1 909/3/1
f 911/4/1 883/4/1 882/4/1
f 911/3/1 884/3/1 883/3/1
f 912/2/1 885/2/1 884/2/1
f 912/3/1 884/3/1 911/3/1
f 913/2/1 885/2/1 912/2/1
f 914/2/1 857/2/1 885/2/1
f 914/2/1 885/2/1 913/2/1
f 914/5/1 886/5/1 857/5/1
f 915/2/1 887/2/1 886/2/1
f 915/5/1 886/5/1 914/5/1
f 916/3/1 889/3/1 888/3/1
f 916/2/1 887/2/1 915/2/1
f 916/3/1 888/3/1 887/3/1
f 917/3/1 862/3/1 889/3/1
f 917/3/1 889/3/1 916/3/1
f 918/5/1 890/5/1 862/5/1
f 918/3/1 862/3/1 917/3/1
f 919/3/1 891/3/1 890/3/1
f 919/5/1 890/5/1 918/5/1
f 920/4/1 892/4/1 891/4/1
f 920/3/1 891/3/1 919/3/1
f 920/4/1 894/4/1 893/4/1
f 920/4/1 893/4/1 892/4/1
f 921/4/1 894/4/1 920/4/1
f 922/4/1 894/4/1 921/4/1
f 924/6/1 895/6/1 831/6/1
f 925/3/1 896/3/1 895/3/1
f 925/6/1 895/6/1 924/6/1
f 926/4/1 897/4/1 896/4/1
f 926/3/1 896/3/1 925/3/1
f 927/5/1 836/5/1 897/5/1
f 927/4/1 897/4/1 926/4/1
f 928/2/1 899/2/1 898/2/1
f 928/5/1 836/5/1 927/5/1
f 928/2/1 898/2/1 836/2/1
f 929/4/1 873/4/1 899/4/1
f 929/2/1 899/2/1 928/2/1
f 930/5/1 900/5/1 873/5/1
f 930/4/1 873/4/1 929/4/1
f 931/3/1 901/3/1 900/3/1
f 931/5/1 900/5/1 930/5/1
f 932/4/1 902/4/1 901/4/1
f 932/3/1 901/3/1 931/3/1
f 933/2/1 903/2/1 902/2/1
f 933/4/1 902/4/1 932/4/1
f 933/2/1 904/2/1 903/2/1
f 933/2/1 905/2/1 904/2/1
f 934/5/1 906/5/1 905/5/1
f 934/2/1 905/2/1 933/2/1
f 935/2/1 907/2/1 906/2/1
f 935/5/1 906/5/1 934/5/1
f 936/3/1 908/3/1 907/3/1
f 936/2/1 907/2/1 935/2/1
f 937/4/1 909/4/1 908/4/1
f 937/3/1 908/3/1 936/3/1
f 938/2/1 910/2/1 909/2/1
f 938/4/1 909/4/1 937/4/1
f 939/3/1 881/3/1 910/3/1
f 939/2/1 910/2/1 938/2/1
f 940/5/1 882/5/1 881/5/1
f 940/3/1 881/3/1 939/3/1
f 941/4/1 911/4/1 882/4/1
f 941/5/1 882/5/1 940/5/1
f 942/2/1 913/2/1 912/2/1
f 942/4/1 911/4/1 941/4/1
f 942/2/1 912/2/1 911/2/1
f 943/3/1 914/3/1 913/3/1
f 943/2/1 913/2/1 942/2/1
f 944/5/1 915/5/1 914/5/1
f 944/3/1 914/3/1 943/3/1
f 945/3/1 916/3/1 915/3/1
f 945/5/1 915/5/1 944/5/1
f 946/4/1 917/4/1 916/4/1
f 946/3/1 916/3/1 945/3/1
f 947/2/1 918/2/1 917/2/1
f 947/4/1 917/4/1 946/4/1
f 948/5/1 919/5/1 918/5/1
f 948/2/1 918/2/1 947/2/1
f 949/4/1 920/4/1 919/4/1
f 949/5/1 919/5/1 948/5/1
f 950/2/1 921/2/1 920/2/1
f 950/4/1 920/4/1 949/4/1
f 951/4/1 922/4/1 921/4/1
f 951/2/1 921/2/1 950/2/1
f 952/5/1 923/5/1 922/5/1
f 952/4/1 922/4/1 951/4/1
f 953/5/1 923/5/1 952/5/1
f 990/6/1 955/6/1 954/6/1
f 990/4/1 956/4/1 955/4/1
f 991/2/1 957/2/1 956/2/1
f 991/4/1 956/4/1 990/4/1
f 992/4/1 958/4/1 957/4/1
f 992/2/1 957/2/1 991/2/1
f 993/5/1 960/5/1 959/5/1
f 993/3/1 961/3/1 960/3/1
f 994/2/1 962/2/1 961/2/1
f 994/3/1 961/3/1 993/3/1
f 994/2/1 963/2/1 962/2/1
f 995/2/1 963/2/1 994/2/1
f 996/3/1 964/3/1 963/3/1
f 996/2/1 963/2/1 995/2/1
f 997/5/1 965/5/1 964/5/1
f 997/3/1 964/3/1 996/3/1
f 997/5/1 966/5/1 965/5/1
f 997/5/1 967/5/1 966/5/1
f 997/5/1 968/5/1 967/5/1
f 997/5/1 969/5/1 968/5/1
f 998/5/1 969/5/1 997/5/1
f 999/5/1 969/5/1 998/5/1
f 1000/4/1 970/4/1 969/4/1
f 1000/5/1 969/5/1 999/5/1
f 1001/2/1 971/2/1 970/2/1
f 1001/4/1 970/4/1 1000/4/1
f 1002/3/1 972/3/1 971/3/1
f 1002/2/1 971/2/1 1001/2/1
f 1002/3/1 973/3/1 972/3/1
f 1002/3/1 974/3/1 973/3/1
f 1003/3/1 974/3/1 1002/3/1
f 1004/5/1 975/5/1 974/5/1
f 1004/3/1 974/3/1 1003/3/1
f 1005/2/1 976/2/1 975/2/1
f 1005/5/1 975/5/1 1004/5/1
f 1006/4/1 977/4/1 976/4/1
f 1006/2/1 976/2/1 1005/2/1
f 1007/3/1 978/3/1 977/3/1
f 1007/4/1 977/4/1 1006/4/1
f 1008/4/1 979/4/1 978/4/1
f 1008/3/1 978/3/1 1007/3/1
f 1009/2/1 980/2/1 979/2/1
f 1009/4/1 979/4/1 1008/4/1
f 1010/5/1 985/5/1 984/5/1
f 1010/2/1 980/2/1 1009/2/1
f 1010/5/1 984/5/1 983/5/1
f 1010/5/1 981/5/1 980/5/1
f 1010/5/1 983/5/1 982/5/1
f 1010/5/1 982/5/1 981/5/1
f 1011/5/1 985/5/1 1010/5/1
f 1012/5/1 985/5/1 1011/5/1
f 1013/5/1 985/5/1 1012/5/1
f 1014/5/1 985/5/1 1013/5/1
f 1015/5/1 985/5/1 1014/5/1
f 1016/4/1 988/4/1 987/4/1
f 1016/4/1 987/4/1 986/4/1
f 1016/4/1 986/4/1 985/4/1
f 1017/4/1 988/4/1 1016/4/1
f 1018/5/1 989/5/1 988/5/1
f 1018/4/1 988/4/1 1017/4/1
f 1019/5/1 989/5/1 1018/5/1
f 1020/6/1 990/6/1 954/6/1
f 1020/3/1 991/3/1 990/3/1
f 1021/4/1 992/4/1 991/4/1
f 1021/3/1 991/3/1 1020/3/1
f 1022/4/1 958/4/1 992/4/1
f 1022/4/1 992/4/1 1021/4/1
f 1023/2/1 994/2/1 993/2/1
f 1024/3/1 995/3/1 994/3/1
f 1024/2/1 994/2/1 1023/2/1
f 1025/4/1 996/4/1 995/4/1
f 1025/3/1 995/3/1 1024/3/1
f 1025/4/1 997/4/1 996/4/1
f 1026/5/1 998/5/1 997/5/1
f 1026/4/1 997/4/1 1025/4/1
f 1027/3/1 999/3/1 998/3/1
f 1028/3/1 999/3/1 1027/3/1
f 1029/3/1 999/3/1 1028/3/1
f 1030/3/1 999/3/1 1029/3/1
f 1031/5/1 1000/5/1 999/5/1
f 1031/3/1 999/3/1 1030/3/1
f 1032/3/1 1002/3/1 1001/3/1
f 1032/5/1 1000/5/1 1031/5/1
f 1032/3/1 1001/3/1 1000/3/1
f 1032/3/1 1003/3/1 1002/3/1
f 1033/2/1 1004/2/1 1003/2/1
f 1033/3/1 1003/3/1 1032/3/1
f 1034/5/1 1005/5/1 1004/5/1
f 1034/4/1 1006/4/1 1005/4/1
f 1035/2/1 1007/2/1 1006/2/1
f 1035/4/1 1006/4/1 1034/4/1
f 1036/4/1 1009/4/1 1008/4/1
f 1036/2/1 1007/2/1 1035/2/1
f 1036/4/1 1008/4/1 1007/4/1
f 1036/4/1 1010/4/1 1009/4/1
f 1037/4/1 1010/4/1 1036/4/1
f 1038/5/1 1011/5/1 1010/5/1
f 1038/4/1 1010/4/1 1037/4/1
f 1039/3/1 1012/3/1 1011/3/1
f 1039/5/1 1011/5/1 1038/5/1
f 1040/2/1 1013/2/1 1012/2/1
f 1040/3/1 1012/3/1 1039/3/1
f 1041/3/1 1015/3/1 1014/3/1
f 1041/4/1 1014/4/1 1013/4/1
f 1042/5/1 985/5/1 1015/5/1
f 1042/3/1 1015/3/1 1041/3/1
f 1043/4/1 1016/4/1 985/4/1
f 1043/5/1 985/5/1 1042/5/1
f 1044/2/1 1017/2/1 1016/2/1
f 1044/4/1 1016/4/1 1043/4/1
f 1045/3/1 1018/3/1 1017/3/1
f 1045/2/1 1017/2/1 1044/2/1
f 1046/5/1 1019/5/1 1018/5/1
f 1046/3/1 1018/3/1 1045/3/1
f 1047/5/1 1019/5/1 1046/5/1
f 1049/6/1 1020/6/1 954/6/1
f 1050/4/1 1021/4/1 1020/4/1
f 1050/6/1 1020/6/1 1049/6/1
f 1051/3/1 1022/3/1 1021/3/1
f 1051/4/1 1021/4/1 1050/4/1
f 1052/4/1 958/4/1 1022/4/1
f 1052/3/1 1022/3/1 1051/3/1
f 1053/3/1 959/3/1 958/3/1
f 1053/4/1 958/4/1 1052/4/1
f 1054/5/1 993/5/1 959/5/1
f 1054/3/1 959/3/1 1053/3/1
f 1055/2/1 1023/2/1 993/2/1
f 1055/5/1 993/5/1 1054/5/1
f 1056/3/1 1024/3/1 1023/3/1
f 1056/2/1 1023/2/1 1055/2/1
f 1057/2/1 1025/2/1 1024/2/1
f 1057/3/1 1024/3/1 1056/3/1
f 1058/3/1 1026/3/1 1025/3/1
f 1058/2/1 1025/2/1 1057/2/1
f 1059/5/1 998/5/1 1026/5/1
f 1059/3/1 1026/3/1 1058/3/1
f 1060/3/1 1027/3/1 998/3/1
f 1060/5/1 998/5/1 1059/5/1
f 1061/2/1 1028/2/1 1027/2/1
f 1061/3/1 1027/3/1 1060/3/1
f 1062/3/1 1029/3/1 1028/3/1
f 1062/2/1 1028/2/1 1061/2/1
f 1063/4/1 1030/4/1 1029/4/1
f 1063/3/1 1029/3/1 1062/3/1
f 1064/2/1 1031/2/1 1030/2/1
f 1064/4/1 1030/4/1 1063/4/1
f 1065/5/1 1032/5/1 1031/5/1
f 1065/2/1 1031/2/1 1064/2/1
f 1066/2/1 1033/2/1 1032/2/1
f 1066/5/1 1032/5/1 1065/5/1
f 1067/2/1 1004/2/1 1033/2/1
f 1067/2/1 1033/2/1 1066/2/1
f 1067/5/1 1034/5/1 1004/5/1
f 1068/3/1 1035/3/1 1034/3/1
f 1068/5/1 1034/5/1 1067/5/1
f 1069/2/1 1036/2/1 1035/2/1
f 1069/3/1 1035/3/1 1068/3/1
f 1070/3/1 1037/3/1 1036/3/1
f 1070/2/1 1036/2/1 1069/2/1
f 1071/2/1 1038/2/1 1037/2/1
f 1071/3/1 1037/3/1 1070/3/1
f 1072/5/1 1039/5/1 1038/5/1
f 1072/2/1 1038/2/1 1071/2/1
f 1073/2/1 1040/2/1 1039/2/1
f 1073/5/1 1039/5/1 1072/5/1
f 1074/4/1 1041/4/1 1013/4/1
f 1074/2/1 1040/2/1 1073/2/1
f 1074/2/1 1013/2/1 1040/2/1
f 1074/4/1 1042/4/1 1041/4/1
f 1075/5/1 1043/5/1 1042/5/1
f 1075/4/1 1042/4/1 1074/4/1
f 1076/2/1 1044/2/1 1043/2/1
f 1076/5/1 1043/5/1 1075/5/1
f 1077/4/1 1045/4/1 1044/4/1
f 1077/2/1 1044/2/1 1076/2/1
f 1077/4/1 1046/4/1 1045/4/1
f 1078/5/1 1047/5/1 1046/5/1
f 1078/4/1 1046/4/1 1077/4/1
f 1079/4/1 1048/4/1 1047/4/1
f 1079/5/1 1047/5/1 1078/5/1
f 1080/4/1 1048/4/1 1079/4/1
f 1118/6/1 1082/6/1 1081/6/1
f 1118/2/1 1083/2/1 1082/2/1
f 1118/2/1 1084/2/1 1083/2/1
f 1118/2/1 1085/2/1 1084/2/1
f 1118/2/1 1086/2/1 1085/2/1
f 1119/2/1 1086/2/1 1118/2/1
f 1120/2/1 1086/2/1 1119/2/1
f 1121/2/1 1086/2/1 1120/2/1
f 1122/5/1 1087/5/1 1086/5/1
f 1122/2/1 1086/2/1 1121/2/1
f 1123/3/1 1088/3/1 1087/3/1
f 1123/5/1 1087/5/1 1122/5/1
f 1123/3/1 1089/3/1 1088/3/1
f 1124/3/1 1089/3/1 1123/3/1
f 1125/4/1 1090/4/1 1089/4/1
f 1125/3/1 1089/3/1 1124/3/1
f 1125/4/1 1091/4/1 1090/4/1
f 1126/4/1 1091/4/1 1125/4/1
f 1127/4/1 1091/4/1 1126/4/1
f 1128/5/1 1092/5/1 1091/5/1
f 1128/4/1 1091/4/1 1127/4/1
f 1129/2/1 1093/2/1 1092/2/1
f 1129/5/1 1092/5/1 1128/5/1
f 1130/3/1 1094/3/1 1093/3/1
f 1130/2/1 1093/2/1 1129/2/1
f 1131/2/1 1095/2/1 1094/2/1
f 1131/3/1 1094/3/1 1130/3/1
f 1132/3/1 1096/3/1 1095/3/1
f 1132/2/1 1095/2/1 1131/2/1
f 1133/2/1 1097/2/1 1096/2/1
f 1133/3/1 1096/3/1 1132/3/1
f 1134/5/1 1098/5/1 1097/5/1
f 1134/2/1 1097/2/1 1133/2/1
f 1135/5/1 1102/5/1 1101/5/1
f 1135/2/1 1103/2/1 1102/2/1
f 1135/2/1 1104/2/1 1103/2/1
f 1135/2/1 1105/2/1 1104/2/1
f 1136/2/1 1105/2/1 1135/2/1
f 1137/2/1 1105/2/1 1136/2/1
f 1138/4/1 1106/4/1 1105/4/1
f 1138/2/1 1105/2/1 1137/2/1
f 1139/2/1 1107/2/1 1106/2/1
f 1139/4/1 1106/4/1 1138/4/1
f 1140/5/1 1108/5/1 1107/5/1
f 1140/2/1 1107/2/1 1139/2/1
f 1141/4/1 1109/4/1 1108/4/1
f 1141/2/1 1110/2/1 1109/2/1
f 1142/4/1 1111/4/1 1110/4/1
f 1142/2/1 1110/2/1 1141/2/1
f 1143/4/1 1111/4/1 1142/4/1
f 1144/5/1 1112/5/1 1111/5/1
f 1144/4/1 1111/4/1 1143/4/1
f 1145/4/1 1114/4/1 1113/4/1
f 1145/3/1 1113/3/1 1112/3/1
f 1146/2/1 1115/2/1 1114/2/1
f 1146/4/1 1114/4/1 1145/4/1
f 1147/2/1 1115/2/1 1146/2/1
f 1148/5/1 1116/5/1 1115/5/1
f 1148/2/1 1115/2/1 1147/2/1
f 1149/2/1 1117/2/1 1116/2/1
f 1149/5/1 1116/5/1 1148/5/1
f 1150/2/1 1117/2/1 1149/2/1
f 1152/4/1 1121/4/1 1120/4/1
f 1152/3/1 1120/3/1 1119/3/1
f 1153/3/1 1122/3/1 1121/3/1
f 1153/4/1 1121/4/1 1152/4/1
f 1154/3/1 1127/3/1 1126/3/1
f 1154/2/1 1126/2/1 1125/2/1
f 1155/2/1 1128/2/1 1127/2/1
f 1155/3/1 1127/3/1 1154/3/1
f 1156/5/1 1129/5/1 1128/5/1
f 1156/3/1 1130/3/1 1129/3/1
f 1157/2/1 1131/2/1 1130/2/1
f 1157/3/1 1130/3/1 1156/3/1
f 1158/3/1 1132/3/1 1131/3/1
f 1158/2/1 1131/2/1 1157/2/1
f 1159/4/1 1133/4/1 1132/4/1
f 1159/3/1 1132/3/1 1158/3/1
f 1159/4/1 1134/4/1 1133/4/1
f 1160/4/1 1134/4/1 1159/4/1
f 1161/5/1 1098/5/1 1134/5/1
f 1161/4/1 1134/4/1 1160/4/1
f 1162/3/1 1099/3/1 1098/3/1
f 1162/5/1 1098/5/1 1161/5/1
f 1163/2/1 1100/2/1 1099/2/1
f 1163/3/1 1099/3/1 1162/3/1
f 1164/2/1 1100/2/1 1163/2/1
f 1165/2/1 1100/2/1 1164/2/1
f 1166/4/1 1101/4/1 1100/4/1
f 1166/2/1 1100/2/1 1165/2/1
f 1167/5/1 1135/5/1 1101/5/1
f 1167/4/1 1101/4/1 1166/4/1
f 1168/4/1 1136/4/1 1135/4/1
f 1168/5/1 1135/5/1 1167/5/1
f 1169/3/1 1137/3/1 1136/3/1
f 1169/4/1 1136/4/1 1168/4/1
f 1170/4/1 1138/4/1 1137/4/1
f 1170/3/1 1137/3/1 1169/3/1
f 1171/3/1 1139/3/1 1138/3/1
f 1171/4/1 1138/4/1 1170/4/1
f 1172/4/1 1140/4/1 1139/4/1
f 1172/3/1 1139/3/1 1171/3/1
f 1173/5/1 1108/5/1 1140/5/1
f 1173/4/1 1140/4/1 1172/4/1
f 1174/4/1 1141/4/1 1108/4/1
f 1174/5/1 1108/5/1 1173/5/1
f 1174/4/1 1143/4/1 1142/4/1
f 1174/4/1 1142/4/1 1141/4/1
f 1175/4/1 1143/4/1 1174/4/1
f 1176/4/1 1143/4/1 1175/4/1
f 1177/3/1 1144/3/1 1143/3/1
f 1177/4/1 1143/4/1 1176/4/1
f 1178/5/1 1112/5/1 1144/5/1
f 1178/3/1 1144/3/1 1177/3/1
f 1179/3/1 1145/3/1 1112/3/1
f 1179/5/1 1112/5/1 1178/5/1
f 1180/2/1 1147/2/1 1146/2/1
f 1180/3/1 1145/3/1 1179/3/1
f 1180/2/1 1146/2/1 1145/2/1
f 1181/2/1 1147/2/1 1180/2/1
f 1182/3/1 1148/3/1 1147/3/1
f 1182/2/1 1147/2/1 1181/2/1
f 1183/5/1 1149/5/1 1148/5/1
f 1183/3/1 1148/3/1 1182/3/1
f 1184/3/1 1151/3/1 1150/3/1
f 1184/5/1 1149/5/1 1183/5/1
f 1184/3/1 1150/3/1 1149/3/1
f 1185/3/1 1151/3/1 1184/3/1
f 1186/3/1 1151/3/1 1185/3/1
f 1187/6/1 1118/6/1 1081/6/1
f 1188/4/1 1119/4/1 1118/4/1
f 1188/6/1 1118/6/1 1187/6/1
f 1189/3/1 1152/3/1 1119/3/1
f 1189/4/1 1119/4/1 1188/4/1
f 1190/2/1 1153/2/1 1152/2/1
f 1190/3/1 1152/3/1 1189/3/1
f 1191/3/1 1122/3/1 1153/3/1
f 1191/2/1 1153/2/1 1190/2/1
f 1192/5/1 1123/5/1 1122/5/1
f 1192/3/1 1122/3/1 1191/3/1
f 1193/4/1 1124/4/1 1123/4/1
f 1193/5/1 1123/5/1 1192/5/1
f 1194/3/1 1125/3/1 1124/3/1
f 1194/4/1 1124/4/1 1193/4/1
f 1195/2/1 1154/2/1 1125/2/1
f 1195/3/1 1125/3/1 1194/3/1
f 1195/2/1 1155/2/1 1154/2/1
f 1196/2/1 1128/2/1 1155/2/1
f 1196/2/1 1155/2/1 1195/2/1
f 1196/5/1 1156/5/1 1128/5/1
f 1197/2/1 1157/2/1 1156/2/1
f 1197/5/1 1156/5/1 1196/5/1
f 1198/4/1 1158/4/1 1157/4/1
f 1198/2/1 1157/2/1 1197/2/1
f 1198/4/1 1159/4/1 1158/4/1
f 1199/2/1 1160/2/1 1159/2/1
f 1199/4/1 1159/4/1 1198/4/1
f 1200/3/1 1161/3/1 1160/3/1
f 1200/2/1 1160/2/1 1199/2/1
f 1201/5/1 1162/5/1 1161/5/1
f 1201/3/1 1161/3/1 1200/3/1
f 1202/2/1 1163/2/1 1162/2/1
f 1202/5/1 1162/5/1 1201/5/1
f 1203/4/1 1164/4/1 1163/4/1
f 1203/2/1 1163/2/1 1202/2/1
f 1204/2/1 1165/2/1 1164/2/1
f 1204/4/1 1164/4/1 1203/4/1
f 1205/3/1 1166/3/1 1165/3/1
f 1205/2/1 1165/2/1 1204/2/1
f 1206/2/1 1167/2/1 1166/2/1
f 1206/3/1 1166/3/1 1205/3/1
f 1207/5/1 1168/5/1 1167/5/1
f 1207/2/1 1167/2/1 1206/2/1
f 1208/2/1 1169/2/1 1168/2/1
f 1208/5/1 1168/5/1 1207/5/1
f 1209/4/1 1170/4/1 1169/4/1
f 1209/2/1 1169/2/1 1208/2/1
f 1210/2/1 1171/2/1 1170/2/1
f 1210/4/1 1170/4/1 1209/4/1
f 1211/4/1 1172/4/1 1171/4/1
f 1211/2/1 1171/2/1 1210/2/1
f 1212/3/1 1173/3/1 1172/3/1
f 1212/4/1 1172/4/1 1211/4/1
f 1213/5/1 1174/5/1 1173/5/1
f 1213/3/1 1173/3/1 1212/3/1
f 1214/2/1 1175/2/1 1174/2/1
f 1214/5/1 1174/5/1 1213/5/1
f 1215/4/1 1176/4/1 1175/4/1
f 1215/2/1 1175/2/1 1214/2/1
f 1216/3/1 1177/3/1 1176/3/1
f 1216/4/1 1176/4/1 1215/4/1
f 1217/2/1 1178/2/1 1177/2/1
f 1217/3/1 1177/3/1 1216/3/1
f 1218/5/1 1179/5/1 1178/5/1
f 1218/2/1 1178/2/1 1217/2/1
f 1219/4/1 1180/4/1 1179/4/1
f 1219/5/1 1179/5/1 1218/5/1
f 1220/3/1 1181/3/1 1180/3/1
f 1220/4/1 1180/4/1 1219/4/1
f 1221/2/1 1183/2/1 1182/2/1
f 1221/3/1 1181/3/1 1220/3/1
f 1221/2/1 1182/2/1 1181/2/1
f 1222/5/1 1184/5/1 1183/5/1
f 1222/2/1 1183/2/1 1221/2/1
f 1223/4/1 1185/4/1 1184/4/1
f 1223/5/1 1184/5/1 1222/5/1
f 1224/2/1 1186/2/1 1185/2/1
f 1224/4/1 1185/4/1 1223/4/1
f 1225/2/1 1186/2/1 1224/2/1
f 1228/7/1 1227/7/1 1226/7/1
f 1229/7/1 1227/7/1 1228/7/1
f 1272/6/1 1231/6/1 1230/6/1
f 1273/3/1 1232/3/1 1231/3/1
f 1273/6/1 1231/6/1 1272/6/1
f 1273/3/1 1233/3/1 1232/3/1
f 1274/4/1 1234/4/1 1233/4/1
f 1274/3/1 1233/3/1 1273/3/1
f 1275/2/1 1235/2/1 1234/2/1
f 1275/4/1 1234/4/1 1274/4/1
f 1276/5/1 1236/5/1 1235/5/1
f 1276/2/1 1235/2/1 1275/2/1
f 1277/2/1 1237/2/1 1236/2/1
f 1277/5/1 1236/5/1 1276/5/1
f 1278/3/1 1238/3/1 1237/3/1
f 1278/2/1 1237/2/1 1277/2/1
f 1279/2/1 1239/2/1 1238/2/1
f 1279/3/1 1238/3/1 1278/3/1
f 1280/4/1 1240/4/1 1239/4/1
f 1280/2/1 1239/2/1 1279/2/1
f 1281/5/1 1241/5/1 1240/5/1
f 1281/4/1 1240/4/1 1280/4/1
f 1282/3/1 1242/3/1 1241/3/1
f 1282/5/1 1241/5/1 1281/5/1
f 1283/4/1 1243/4/1 1242/4/1
f 1283/3/1 1242/3/1 1282/3/1
f 1284/2/1 1244/2/1 1243/2/1
f 1284/4/1 1243/4/1 1283/4/1
f 1284/2/1 1245/2/1 1244/2/1
f 1285/4/1 1246/4/1 1245/4/1
f 1285/2/1 1245/2/1 1284/2/1
f 1286/5/1 1247/5/1 1246/5/1
f 1286/4/1 1246/4/1 1285/4/1
f 1287/3/1 1248/3/1 1247/3/1
f 1287/5/1 1247/5/1 1286/5/1
f 1287/3/1 1249/3/1 1248/3/1
f 1287/3/1 1250/3/1 1249/3/1
f 1288/2/1 1251/2/1 1250/2/1
f 1288/3/1 1250/3/1 1287/3/1
f 1289/3/1 1252/3/1 1251/3/1
f 1289/2/1 1251/2/1 1288/2/1
f 1290/5/1 1253/5/1 1252/5/1
f 1290/3/1 1252/3/1 1289/3/1
f 1291/4/1 1254/4/1 1253/4/1
f 1291/5/1 1253/5/1 1290/5/1
f 1292/2/1 1255/2/1 1254/2/1
f 1292/4/1 1254/4/1 1291/4/1
f 1292/2/1 1256/2/1 1255/2/1
f 1292/2/1 1257/2/1 1256/2/1
f 1292/2/1 1258/2/1 1257/2/1
f 1293/5/1 1259/5/1 1258/5/1
f 1293/2/1 1258/2/1 1292/2/1
f 1294/2/1 1260/2/1 1259/2/1
f 1294/5/1 1259/5/1 1293/5/1
f 1295/3/1 1261/3/1 1260/3/1
f 1295/2/1 1260/2/1 1294/2/1
f 1295/3/1 1262/3/1 1261/3/1
f 1296/2/1 1263/2/1 1262/2/1
f 1296/3/1 1262/3/1 1295/3/1
f 1297/5/1 1264/5/1 1263/5/1
f 1297/2/1 1263/2/1 1296/2/1
f 1298/3/1 1266/3/1 1265/3/1
f 1298/5/1 1264/5/1 1297/5/1
f 1298/3/1 1265/3/1 1264/3/1
f 1299/4/1 1267/4/1 1266/4/1
f 1299/3/1 1266/3/1 1298/3/1
f 1300/5/1 1268/5/1 1267/5/1
f 1300/4/1 1267/4/1 1299/4/1
f 1301/4/1 1271/4/1 1270/4/1
f 1301/5/1 1268/5/1 1300/5/1
f 1301/4/1 1270/4/1 1269/4/1
f 1301/4/1 1269/4/1 1268/4/1
f 1302/4/1 1271/4/1 1301/4/1
f 1340/6/1 1304/6/1 1303/6/1
f 1340/4/1 1305/4/1 1304/4/1
f 1340/4/1 1306/4/1 1305/4/1
f 1341/4/1 1306/4/1 1340/4/1
f 1342/2/1 1307/2/1 1306/2/1
f 1342/4/1 1306/4/1 1341/4/1
f 1343/5/1 1308/5/1 1307/5/1
f 1343/2/1 1307/2/1 1342/2/1
f 1344/4/1 1309/4/1 1308/4/1
f 1344/5/1 1308/5/1 1343/5/1
f 1344/4/1 1310/4/1 1309/4/1
f 1345/3/1 1311/3/1 1310/3/1
f 1345/4/1 1310/4/1 1344/4/1
f 1346/2/1 1312/2/1 1311/2/1
f 1346/3/1 1311/3/1 1345/3/1
f 1347/3/1 1313/3/1 1312/3/1
f 1347/2/1 1312/2/1 1346/2/1
f 1348/5/1 1314/5/1 1313/5/1
f 1348/3/1 1313/3/1 1347/3/1
f 1349/4/1 1315/4/1 1314/4/1
f 1349/5/1 1314/5/1 1348/5/1
f 1349/4/1 1316/4/1 1315/4/1
f 1350/3/1 1317/3/1 1316/3/1
f 1350/4/1 1316/4/1 1349/4/1
f 1351/3/1 1317/3/1 1350/3/1
f 1352/2/1 1318/2/1 1317/2/1
f 1352/3/1 1317/3/1 1351/3/1
f 1353/5/1 1319/5/1 1318/5/1
f 1353/2/1 1318/2/1 1352/2/1
f 1354/2/1 1320/2/1 1319/2/1
f 1354/3/1 1321/3/1 1320/3/1
f 1355/2/1 1322/2/1 1321/2/1
f 1355/3/1 1321/3/1 1354/3/1
f 1356/4/1 1323/4/1 1322/4/1
f 1356/2/1 1322/2/1 1355/2/1
f 1357/5/1 1324/5/1 1323/5/1
f 1357/4/1 1323/4/1 1356/4/1
f 1358/2/1 1327/2/1 1326/2/1
f 1358/3/1 1328/3/1 1327/3/1
f 1359/2/1 1329/2/1 1328/2/1
f 1359/3/1 1328/3/1 1358/3/1
f 1360/5/1 1330/5/1 1329/5/1
f 1360/2/1 1329/2/1 1359/2/1
f 1361/3/1 1331/3/1 1330/3/1
f 1361/5/1 1330/5/1 1360/5/1
f 1361/3/1 1332/3/1 1331/3/1
f 1362/3/1 1332/3/1 1361/3/1
f 1363/3/1 1332/3/1 1362/3/1
f 1364/2/1 1333/2/1 1332/2/1
f 1364/3/1 1332/3/1 1363/3/1
f 1365/5/1 1334/5/1 1333/5/1
f 1365/3/1 1335/3/1 1334/3/1
f 1366/2/1 1336/2/1 1335/2/1
f 1366/3/1 1335/3/1 1365/3/1
f 1367/5/1 1337/5/1 1336/5/1
f 1367/2/1 1336/2/1 1366/2/1
f 1368/2/1 1338/2/1 1337/2/1
f 1368/5/1 1337/5/1 1367/5/1
f 1369/3/1 1339/3/1 1338/3/1
f 1369/2/1 1338/2/1 1368/2/1
f 1370/3/1 1339/3/1 1369/3/1
f 1371/2/1 1341/2/1 1340/2/1
f 1371/3/1 1342/3/1 1341/3/1
f 1372/4/1 1343/4/1 1342/4/1
f 1372/3/1 1342/3/1 1371/3/1
f 1373/5/1 1344/5/1 1343/5/1
f 1373/4/1 1343/4/1 1372/4/1
f 1373/5/1 1345/5/1 1344/5/1
f 1373/5/1 1346/5/1 1345/5/1
f 1373/5/1 1347/5/1 1346/5/1
f 1373/5/1 1348/5/1 1347/5/1
f 1373/5/1 1349/5/1 1348/5/1
f 1374/5/1 1349/5/1 1373/5/1
f 1375/5/1 1349/5/1 1374/5/1
f 1376/5/1 1349/5/1 1375/5/1
f 1377/5/1 1349/5/1 1376/5/1
f 1378/5/1 1349/5/1 1377/5/1
f 1379/2/1 1350/2/1 1349/2/1
f 1380/3/1 1351/3/1 1350/3/1
f 1380/2/1 1350/2/1 1379/2/1
f 1381/4/1 1352/4/1 1351/4/1
f 1381/3/1 1351/3/1 1380/3/1
f 1382/3/1 1353/3/1 1352/3/1
f 1382/4/1 1352/4/1 1381/4/1
f 1383/5/1 1319/5/1 1353/5/1
f 1383/3/1 1353/3/1 1382/3/1
f 1384/2/1 1354/2/1 1319/2/1
f 1384/5/1 1319/5/1 1383/5/1
f 1385/4/1 1355/4/1 1354/4/1
f 1385/2/1 1354/2/1 1384/2/1
f 1385/4/1 1356/4/1 1355/4/1
f 1386/2/1 1357/2/1 1356/2/1
f 1386/4/1 1356/4/1 1385/4/1
f 1387/5/1 1324/5/1 1357/5/1
f 1387/2/1 1357/2/1 1386/2/1
f 1388/4/1 1325/4/1 1324/4/1
f 1388/5/1 1324/5/1 1387/5/1
f 1389/3/1 1326/3/1 1325/3/1
f 1389/4/1 1325/4/1 1388/4/1
f 1390/2/1 1358/2/1 1326/2/1
f 1390/3/1 1326/3/1 1389/3/1
f 1391/4/1 1359/4/1 1358/4/1
f 1391/2/1 1358/2/1 1390/2/1
f 1391/4/1 1360/4/1 1359/4/1
f 1392/4/1 1360/4/1 1391/4/1
f 1393/5/1 1361/5/1 1360/5/1
f 1393/4/1 1360/4/1 1392/4/1
f 1394/4/1 1362/4/1 1361/4/1
f 1394/5/1 1361/5/1 1393/5/1
f 1395/2/1 1363/2/1 1362/2/1
f 1395/4/1 1362/4/1 1394/4/1
f 1396/4/1 1364/4/1 1363/4/1
f 1396/2/1 1363/2/1 1395/2/1
f 1397/2/1 1333/2/1 1364/2/1
f 1397/4/1 1364/4/1 1396/4/1
f 1398/5/1 1368/5/1 1367/5/1
f 1398/2/1 1333/2/1 1397/2/1
f 1398/5/1 1367/5/1 1366/5/1
f 1398/5/1 1366/5/1 1365/5/1
f 1398/5/1 1365/5/1 1333/5/1
f 1399/5/1 1368/5/1 1398/5/1
f 1400/5/1 1368/5/1 1399/5/1
f 1401/5/1 1368/5/1 1400/5/1
f 1402/3/1 1369/3/1 1368/3/1
f 1402/5/1 1368/5/1 1401/5/1
f 1403/3/1 1369/3/1 1402/3/1
f 1404/6/1 1340/6/1 1303/6/1
f 1405/2/1 1371/2/1 1340/2/1
f 1405/6/1 1340/6/1 1404/6/1
f 1405/2/1 1372/2/1 1371/2/1
f 1405/2/1 1373/2/1 1372/2/1
f 1406/5/1 1374/5/1 1373/5/1
f 1406/2/1 1373/2/1 1405/2/1
f 1407/3/1 1375/3/1 1374/3/1
f 1407/5/1 1374/5/1 1406/5/1
f 1408/4/1 1376/4/1 1375/4/1
f 1408/3/1 1375/3/1 1407/3/1
f 1409/2/1 1377/2/1 1376/2/1
f 1409/4/1 1376/4/1 1408/4/1
f 1410/4/1 1378/4/1 1377/4/1
f 1410/2/1 1377/2/1 1409/2/1
f 1411/5/1 1349/5/1 1378/5/1
f 1411/4/1 1378/4/1 1410/4/1
f 1412/2/1 1379/2/1 1349/2/1
f 1412/5/1 1349/5/1 1411/5/1
f 1413/4/1 1380/4/1 1379/4/1
f 1413/2/1 1379/2/1 1412/2/1
f 1414/3/1 1381/3/1 1380/3/1
f 1414/4/1 1380/4/1 1413/4/1
f 1415/2/1 1382/2/1 1381/2/1
f 1415/3/1 1381/3/1 1414/3/1
f 1416/4/1 1383/4/1 1382/4/1
f 1416/2/1 1382/2/1 1415/2/1
f 1417/5/1 1384/5/1 1383/5/1
f 1417/4/1 1383/4/1 1416/4/1
f 1417/5/1 1387/5/1 1386/5/1
f 1417/5/1 1388/5/1 1387/5/1
f 1417/5/1 1386/5/1 1385/5/1
f 1417/5/1 1385/5/1 1384/5/1
f 1418/2/1 1389/2/1 1388/2/1
f 1418/5/1 1388/5/1 1417/5/1
f 1419/3/1 1391/3/1 1390/3/1
f 1419/2/1 1389/2/1 1418/2/1
f 1419/3/1 1392/3/1 1391/3/1
f 1419/3/1 1390/3/1 1389/3/1
f 1420/2/1 1393/2/1 1392/2/1
f 1420/3/1 1392/3/1 1419/3/1
f 1421/5/1 1394/5/1 1393/5/1
f 1421/2/1 1393/2/1 1420/2/1
f 1422/3/1 1395/3/1 1394/3/1
f 1422/5/1 1394/5/1 1421/5/1
f 1423/4/1 1396/4/1 1395/4/1
f 1423/3/1 1395/3/1 1422/3/1
f 1424/3/1 1397/3/1 1396/3/1
f 1424/4/1 1396/4/1 1423/4/1
f 1425/4/1 1398/4/1 1397/4/1
f 1425/3/1 1397/3/1 1424/3/1
f 1426/5/1 1399/5/1 1398/5/1
f 1426/4/1 1398/4/1 1425/4/1
f 1427/2/1 1400/2/1 1399/2/1
f 1427/5/1 1399/5/1 1426/5/1
f 1428/4/1 1401/4/1 1400/4/1
f 1428/2/1 1400/2/1 1427/2/1
f 1429/5/1 1402/5/1 1401/5/1
f 1429/4/1 1401/4/1 1428/4/1
f 1430/4/1 1403/4/1 1402/4/1
f 1430/5/1 1402/5/1 1429/5/1
f 1431/3/1 1369/3/1 1403/3/1
f 1431/4/1 1403/4/1 1430/4/1
f 1432/2/1 1370/2/1 1369/2/1
f 1432/3/1 1369/3/1 1431/3/1
f 1433/2/1 1370/2/1 1432/2/1
f 1472/6/1 1435/6/1 1434/6/1
f 1472/4/1 1436/4/1 1435/4/1
f 1473/4/1 1436/4/1 1472/4/1
f 1474/2/1 1437/2/1 1436/2/1
f 1474/4/1 1436/4/1 1473/4/1
f 1475/3/1 1438/3/1 1437/3/1
f 1475/2/1 1437/2/1 1474/2/1
f 1476/5/1 1439/5/1 1438/5/1
f 1476/2/1 1440/2/1 1439/2/1
f 1477/3/1 1441/3/1 1440/3/1
f 1477/2/1 1440/2/1 1476/2/1
f 1478/5/1 1445/5/1 1444/5/1
f 1478/3/1 1446/3/1 1445/3/1
f 1479/2/1 1447/2/1 1446/2/1
f 1479/3/1 1446/3/1 1478/3/1
f 1480/3/1 1448/3/1 1447/3/1
f 1480/2/1 1447/2/1 1479/2/1
f 1481/4/1 1449/4/1 1448/4/1
f 1481/3/1 1448/3/1 1480/3/1
f 1481/4/1 1450/4/1 1449/4/1
f 1482/4/1 1450/4/1 1481/4/1
f 1483/5/1 1451/5/1 1450/5/1
f 1483/4/1 1450/4/1 1482/4/1
f 1484/5/1 1451/5/1 1483/5/1
f 1485/5/1 1451/5/1 1484/5/1
f 1486/5/1 1451/5/1 1485/5/1
f 1487/5/1 1451/5/1 1486/5/1
f 1488/3/1 1452/3/1 1451/3/1
f 1488/5/1 1451/5/1 1487/5/1
f 1488/3/1 1453/3/1 1452/3/1
f 1489/3/1 1453/3/1 1488/3/1
f 1490/2/1 1454/2/1 1453/2/1
f 1490/3/1 1453/3/1 1489/3/1
f 1491/5/1 1457/5/1 1456/5/1
f 1491/3/1 1458/3/1 1457/3/1
f 1492/2/1 1459/2/1 1458/2/1
f 1492/3/1 1458/3/1 1491/3/1
f 1493/3/1 1460/3/1 1459/3/1
f 1493/2/1 1459/2/1 1492/2/1
f 1494/4/1 1461/4/1 1460/4/1
f 1494/3/1 1460/3/1 1493/3/1
f 1495/5/1 1462/5/1 1461/5/1
f 1495/4/1 1461/4/1 1494/4/1
f 1496/3/1 1463/3/1 1462/3/1
f 1496/5/1 1462/5/1 1495/5/1
f 1496/3/1 1464/3/1 1463/3/1
f 1497/2/1 1465/2/1 1464/2/1
f 1497/3/1 1464/3/1 1496/3/1
f 1498/5/1 1467/5/1 1466/5/1
f 1498/2/1 1468/2/1 1467/2/1
f 1499/3/1 1469/3/1 1468/3/1
f 1499/2/1 1468/2/1 1498/2/1
f 1500/4/1 1471/4/1 1470/4/1
f 1500/3/1 1469/3/1 1499/3/1
f 1500/4/1 1470/4/1 1469/4/1
f 1501/4/1 1471/4/1 1500/4/1
f 1502/4/1 1471/4/1 1501/4/1
f 1503/6/1 1472/6/1 1434/6/1
f 1504/2/1 1473/2/1 1472/2/1
f 1504/6/1 1472/6/1 1503/6/1
f 1505/3/1 1474/3/1 1473/3/1
f 1505/2/1 1473/2/1 1504/2/1
f 1506/4/1 1475/4/1 1474/4/1
f 1506/3/1 1474/3/1 1505/3/1
f 1507/3/1 1438/3/1 1475/3/1
f 1507/4/1 1475/4/1 1506/4/1
f 1508/5/1 1476/5/1 1438/5/1
f 1508/3/1 1438/3/1 1507/3/1
f 1509/4/1 1477/4/1 1476/4/1
f 1509/5/1 1476/5/1 1508/5/1
f 1510/3/1 1441/3/1 1477/3/1
f 1510/4/1 1477/4/1 1509/4/1
f 1511/4/1 1442/4/1 1441/4/1
f 1511/3/1 1441/3/1 1510/3/1
f 1512/2/1 1443/2/1 1442/2/1
f 1512/4/1 1442/4/1 1511/4/1
f 1513/3/1 1444/3/1 1443/3/1
f 1513/2/1 1443/2/1 1512/2/1
f 1514/5/1 1478/5/1 1444/5/1
f 1514/3/1 1444/3/1 1513/3/1
f 1515/4/1 1479/4/1 1478/4/1
f 1515/5/1 1478/5/1 1514/5/1
f 1516/2/1 1480/2/1 1479/2/1
f 1516/4/1 1479/4/1 1515/4/1
f 1517/4/1 1482/4/1 1481/4/1
f 1517/2/1 1480/2/1 1516/2/1
f 1517/4/1 1481/4/1 1480/4/1
f 1518/2/1 1483/2/1 1482/2/1
f 1518/4/1 1482/4/1 1517/4/1
f 1519/5/1 1484/5/1 1483/5/1
f 1519/2/1 1483/2/1 1518/2/1
f 1520/2/1 1485/2/1 1484/2/1
f 1520/5/1 1484/5/1 1519/5/1
f 1521/4/1 1486/4/1 1485/4/1
f 1521/2/1 1485/2/1 1520/2/1
f 1522/3/1 1487/3/1 1486/3/1
f 1522/4/1 1486/4/1 1521/4/1
f 1523/5/1 1488/5/1 1487/5/1
f 1523/3/1 1487/3/1 1522/3/1
f 1524/4/1 1489/4/1 1488/4/1
f 1524/5/1 1488/5/1 1523/5/1
f 1525/2/1 1490/2/1 1489/2/1
f 1525/4/1 1489/4/1 1524/4/1
f 1526/4/1 1455/4/1 1454/4/1
f 1526/2/1 1490/2/1 1525/2/1
f 1526/4/1 1456/4/1 1455/4/1
f 1526/2/1 1454/2/1 1490/2/1
f 1527/5/1 1491/5/1 1456/5/1
f 1527/4/1 1456/4/1 1526/4/1
f 1528/4/1 1492/4/1 1491/4/1
f 1528/5/1 1491/5/1 1527/5/1
f 1528/4/1 1493/4/1 1492/4/1
f 1529/3/1 1494/3/1 1493/3/1
f 1529/4/1 1493/4/1 1528/4/1
f 1530/2/1 1495/2/1 1494/2/1
f 1530/3/1 1494/3/1 1529/3/1
f 1531/5/1 1496/5/1 1495/5/1
f 1531/2/1 1495/2/1 1530/2/1
f 1532/4/1 1497/4/1 1496/4/1
f 1532/5/1 1496/5/1 1531/5/1
f 1533/2/1 1465/2/1 1497/2/1
f 1533/4/1 1497/4/1 1532/4/1
f 1534/4/1 1466/4/1 1465/4/1
f 1534/2/1 1465/2/1 1533/2/1
f 1535/5/1 1498/5/1 1466/5/1
f 1535/4/1 1466/4/1 1534/4/1
f 1536/4/1 1499/4/1 1498/4/1
f 1536/5/1 1498/5/1 1535/5/1
f 1536/4/1 1501/4/1 1500/4/1
f 1536/4/1 1500/4/1 1499/4/1
f 1537/3/1 1502/3/1 1501/3/1
f 1537/4/1 1501/4/1 1536/4/1
f 1538/3/1 1502/3/1 1537/3/1
f 1582/6/1 1540/6/1 1539/6/1
f 1582/2/1 1541/2/1 1540/2/1
f 1583/4/1 1542/4/1 1541/4/1
f 1583/2/1 1541/2/1 1582/2/1
f 1584/3/1 1543/3/1 1542/3/1
f 1584/4/1 1542/4/1 1583/4/1
f 1585/2/1 1544/2/1 1543/2/1
f 1585/3/1 1543/3/1 1584/3/1
f 1586/5/1 1545/5/1 1544/5/1
f 1586/2/1 1544/2/1 1585/2/1
f 1587/2/1 1546/2/1 1545/2/1
f 1587/5/1 1545/5/1 1586/5/1
f 1588/3/1 1547/3/1 1546/3/1
f 1588/2/1 1546/2/1 1587/2/1
f 1589/2/1 1548/2/1 1547/2/1
f 1589/3/1 1547/3/1 1588/3/1
f 1590/4/1 1549/4/1 1548/4/1
f 1590/2/1 1548/2/1 1589/2/1
f 1591/2/1 1550/2/1 1549/2/1
f 1591/4/1 1549/4/1 1590/4/1
f 1592/5/1 1551/5/1 1550/5/1
f 1592/2/1 1552/2/1 1551/2/1
f 1593/4/1 1553/4/1 1552/4/1
f 1593/2/1 1552/2/1 1592/2/1
f 1594/2/1 1554/2/1 1553/2/1
f 1594/4/1 1553/4/1 1593/4/1
f 1595/3/1 1555/3/1 1554/3/1
f 1595/2/1 1554/2/1 1594/2/1
f 1596/2/1 1556/2/1 1555/2/1
f 1596/3/1 1555/3/1 1595/3/1
f 1597/5/1 1557/5/1 1556/5/1
f 1597/2/1 1556/2/1 1596/2/1
f 1598/3/1 1559/3/1 1558/3/1
f 1598/4/1 1560/4/1 1559/4/1
f 1599/2/1 1561/2/1 1560/2/1
f 1599/4/1 1560/4/1 1598/4/1
f 1600/3/1 1562/3/1 1561/3/1
f 1600/2/1 1561/2/1 1599/2/1
f 1601/5/1 1563/5/1 1562/5/1
f 1601/3/1 1562/3/1 1600/3/1
f 1602/2/1 1564/2/1 1563/2/1
f 1602/2/1 1565/2/1 1564/2/1
f 1602/3/1 1566/3/1 1565/3/1
f 1603/4/1 1567/4/1 1566/4/1
f 1603/3/1 1566/3/1 1602/3/1
f 1604/5/1 1569/5/1 1568/5/1
f 1604/4/1 1570/4/1 1569/4/1
f 1604/4/1 1571/4/1 1570/4/1
f 1604/4/1 1572/4/1 1571/4/1
f 1605/4/1 1572/4/1 1604/4/1
f 1606/4/1 1572/4/1 1605/4/1
f 1607/5/1 1573/5/1 1572/5/1
f 1607/4/1 1572/4/1 1606/4/1
f 1608/4/1 1577/4/1 1576/4/1
f 1608/4/1 1575/4/1 1574/4/1
f 1608/4/1 1576/4/1 1575/4/1
f 1609/5/1 1578/5/1 1577/5/1
f 1609/4/1 1577/4/1 1608/4/1
f 1610/4/1 1579/4/1 1578/4/1
f 1610/5/1 1578/5/1 1609/5/1
f 1611/4/1 1579/4/1 1610/4/1
f 1612/3/1 1581/3/1 1580/3/1
f 1612/4/1 1579/4/1 1611/4/1
f 1612/3/1 1580/3/1 1579/3/1
f 1613/3/1 1581/3/1 1612/3/1
f 1614/3/1 1581/3/1 1613/3/1
f 1615/6/1 1582/6/1 1539/6/1
f 1616/4/1 1583/4/1 1582/4/1
f 1616/6/1 1582/6/1 1615/6/1
f 1617/2/1 1584/2/1 1583/2/1
f 1617/4/1 1583/4/1 1616/4/1
f 1618/3/1 1585/3/1 1584/3/1
f 1618/2/1 1584/2/1 1617/2/1
f 1619/4/1 1586/4/1 1585/4/1
f 1619/3/1 1585/3/1 1618/3/1
f 1620/5/1 1587/5/1 1586/5/1
f 1620/4/1 1586/4/1 1619/4/1
f 1621/3/1 1588/3/1 1587/3/1
f 1621/5/1 1587/5/1 1620/5/1
f 1622/4/1 1589/4/1 1588/4/1
f 1622/3/1 1588/3/1 1621/3/1
f 1622/4/1 1590/4/1 1589/4/1
f 1623/3/1 1591/3/1 1590/3/1
f 1623/4/1 1590/4/1 1622/4/1
f 1624/2/1 1550/2/1 1591/2/1
f 1624/3/1 1591/3/1 1623/3/1
f 1625/5/1 1592/5/1 1550/5/1
f 1625/2/1 1550/2/1 1624/2/1
f 1626/4/1 1593/4/1 1592/4/1
f 1626/5/1 1592/5/1 1625/5/1
f 1626/4/1 1594/4/1 1593/4/1
f 1627/3/1 1595/3/1 1594/3/1
f 1627/4/1 1594/4/1 1626/4/1
f 1627/3/1 1596/3/1 1595/3/1
f 1627/3/1 1597/3/1 1596/3/1
f 1628/5/1 1557/5/1 1597/5/1
f 1628/3/1 1597/3/1 1627/3/1
f 1629/4/1 1558/4/1 1557/4/1
f 1629/5/1 1557/5/1 1628/5/1
f 1630/3/1 1598/3/1 1558/3/1
f 1630/4/1 1558/4/1 1629/4/1
f 1630/3/1 1599/3/1 1598/3/1
f 1631/4/1 1600/4/1 1599/4/1
f 1631/3/1 1599/3/1 1630/3/1
f 1632/2/1 1601/2/1 1600/2/1
f 1632/4/1 1600/4/1 1631/4/1
f 1633/5/1 1563/5/1 1601/5/1
f 1633/2/1 1601/2/1 1632/2/1
f 1634/2/1 1602/2/1 1563/2/1
f 1634/5/1 1563/5/1 1633/5/1
f 1634/2/1 1603/2/1 1602/2/1
f 1635/4/1 1567/4/1 1603/4/1
f 1635/2/1 1603/2/1 1634/2/1
f 1636/3/1 1568/3/1 1567/3/1
f 1636/4/1 1567/4/1 1635/4/1
f 1637/5/1 1604/5/1 1568/5/1
f 1637/3/1 1568/3/1 1636/3/1
f 1638/3/1 1605/3/1 1604/3/1
f 1638/5/1 1604/5/1 1637/5/1
f 1639/2/1 1606/2/1 1605/2/1
f 1639/3/1 1605/3/1 1638/3/1
f 1640/3/1 1607/3/1 1606/3/1
f 1640/2/1 1606/2/1 1639/2/1
f 1641/5/1 1573/5/1 1607/5/1
f 1641/3/1 1607/3/1 1640/3/1
f 1642/3/1 1574/3/1 1573/3/1
f 1642/5/1 1573/5/1 1641/5/1
f 1643/4/1 1608/4/1 1574/4/1
f 1643/3/1 1574/3/1 1642/3/1
f 1644/2/1 1609/2/1 1608/2/1
f 1644/4/1 1608/4/1 1643/4/1
f 1645/5/1 1610/5/1 1609/5/1
f 1645/2/1 1609/2/1 1644/2/1
f 1646/2/1 1611/2/1 1610/2/1
f 1646/5/1 1610/5/1 1645/5/1
f 1647/3/1 1612/3/1 1611/3/1
f 1647/2/1 1611/2/1 1646/2/1
f 1648/2/1 1613/2/1 1612/2/1
f 1648/3/1 1612/3/1 1647/3/1
f 1649/4/1 1614/4/1 1613/4/1
f 1649/2/1 1613/2/1 1648/2/1
f 1650/4/1 1614/4/1 1649/4/1
f 1653/7/1 1652/7/1 1651/7/1
f 1654/7/1 1652/7/1 1653/7/1
f 1698/6/1 1656/6/1 1655/6/1
f 1699/4/1 1657/4/1 1656/4/1
f 1699/6/1 1656/6/1 1698/6/1
f 1700/3/1 1658/3/1 1657/3/1
f 1700/4/1 1657/4/1 1699/4/1
f 1701/4/1 1659/4/1 1658/4/1
f 1701/3/1 1658/3/1 1700/3/1
f 1701/4/1 1660/4/1 1659/4/1
f 1702/5/1 1661/5/1 1660/5/1
f 1702/4/1 1660/4/1 1701/4/1
f 1703/2/1 1662/2/1 1661/2/1
f 1703/5/1 1661/5/1 1702/5/1
f 1704/3/1 1663/3/1 1662/3/1
f 1704/2/1 1662/2/1 1703/2/1
f 1705/2/1 1664/2/1 1663/2/1
f 1705/3/1 1663/3/1 1704/3/1
f 1705/2/1 1665/2/1 1664/2/1
f 1706/3/1 1666/3/1 1665/3/1
f 1706/2/1 1665/2/1 1705/2/1
f 1707/5/1 1667/5/1 1666/5/1
f 1707/3/1 1666/3/1 1706/3/1
f 1708/2/1 1668/2/1 1667/2/1
f 1708/5/1 1667/5/1 1707/5/1
f 1708/2/1 1669/2/1 1668/2/1
f 1709/4/1 1670/4/1 1669/4/1
f 1709/2/1 1669/2/1 1708/2/1
f 1710/2/1 1671/2/1 1670/2/1
f 1710/4/1 1670/4/1 1709/4/1
f 1711/5/1 1672/5/1 1671/5/1
f 1711/2/1 1671/2/1 1710/2/1
f 1712/3/1 1673/3/1 1672/3/1
f 1712/5/1 1672/5/1 1711/5/1
f 1712/3/1 1674/3/1 1673/3/1
f 1713/4/1 1675/4/1 1674/4/1
f 1713/3/1 1674/3/1 1712/3/1
f 1714/2/1 1676/2/1 1675/2/1
f 1714/4/1 1675/4/1 1713/4/1
f 1715/3/1 1677/3/1 1676/3/1
f 1715/2/1 1676/2/1 1714/2/1
f 1716/5/1 1678/5/1 1677/5/1
f 1716/3/1 1677/3/1 1715/3/1
f 1716/5/1 1679/5/1 1678/5/1
f 1716/5/1 1680/5/1 1679/5/1
f 1716/5/1 1681/5/1 1680/5/1
f 1716/5/1 1682/5/1 1681/5/1
f 1717/4/1 1683/4/1 1682/4/1
f 1717/5/1 1682/5/1 1716/5/1
f 1717/4/1 1684/4/1 1683/4/1
f 1717/4/1 1685/4/1 1684/4/1
f 1718/2/1 1686/2/1 1685/2/1
f 1718/4/1 1685/4/1 1717/4/1
f 1719/5/1 1687/5/1 1686/5/1
f 1719/2/1 1686/2/1 1718/2/1
f 1720/4/1 1688/4/1 1687/4/1
f 1720/5/1 1687/5/1 1719/5/1
f 1721/3/1 1690/3/1 1689/3/1
f 1721/4/1 1688/4/1 1720/4/1
f 1721/3/1 1689/3/1 1688/3/1
f 1722/4/1 1691/4/1 1690/4/1
f 1722/3/1 1690/3/1 1721/3/1
f 1723/5/1 1692/5/1 1691/5/1
f 1723/4/1 1691/4/1 1722/4/1
f 1724/3/1 1694/3/1 1693/3/1
f 1724/5/1 1692/5/1 1723/5/1
f 1724/3/1 1693/3/1 1692/3/1
f 1725/2/1 1696/2/1 1695/2/1
f 1725/3/1 1694/3/1 1724/3/1
f 1725/2/1 1695/2/1 1694/2/1
f 1726/4/1 1697/4/1 1696/4/1
f 1726/2/1 1696/2/1 1725/2/1
f 1727/4/1 1697/4/1 1726/4/1
f 1765/6/1 1729/6/1 1728/6/1
f 1765/5/1 1730/5/1 1729/5/1
f 1765/5/1 1731/5/1 1730/5/1
f 1765/5/1 1732/5/1 1731/5/1
f 1765/5/1 1733/5/1 1732/5/1
f 1766/5/1 1733/5/1 1765/5/1
f 1767/5/1 1733/5/1 1766/5/1
f 1768/5/1 1733/5/1 1767/5/1
f 1769/4/1 1734/4/1 1733/4/1
f 1769/5/1 1733/5/1 1768/5/1
f 1770/2/1 1735/2/1 1734/2/1
f 1770/4/1 1734/4/1 1769/4/1
f 1771/4/1 1736/4/1 1735/4/1
f 1771/2/1 1735/2/1 1770/2/1
f 1772/3/1 1737/3/1 1736/3/1
f 1772/4/1 1736/4/1 1771/4/1
f 1773/5/1 1738/5/1 1737/5/1
f 1773/3/1 1737/3/1 1772/3/1
f 1774/3/1 1739/3/1 1738/3/1
f 1774/5/1 1738/5/1 1773/5/1
f 1775/4/1 1740/4/1 1739/4/1
f 1775/3/1 1739/3/1 1774/3/1
f 1776/3/1 1741/3/1 1740/3/1
f 1776/4/1 1740/4/1 1775/4/1
f 1777/2/1 1742/2/1 1741/2/1
f 1777/3/1 1741/3/1 1776/3/1
f 1778/5/1 1743/5/1 1742/5/1
f 1778/2/1 1742/2/1 1777/2/1
f 1779/3/1 1744/3/1 1743/3/1
f 1779/5/1 1743/5/1 1778/5/1
f 1780/2/1 1745/2/1 1744/2/1
f 1780/3/1 1744/3/1 1779/3/1
f 1781/4/1 1746/4/1 1745/4/1
f 1781/2/1 1745/2/1 1780/2/1
f 1782/3/1 1747/3/1 1746/3/1
f 1782/4/1 1746/4/1 1781/4/1
f 1782/3/1 1748/3/1 1747/3/1
f 1783/3/1 1748/3/1 1782/3/1
f 1784/5/1 1749/5/1 1748/5/1
f 1784/3/1 1748/3/1 1783/3/1
f 1785/4/1 1750/4/1 1749/4/1
f 1785/3/1 1751/3/1 1750/3/1
f 1786/3/1 1751/3/1 1785/3/1
f 1787/4/1 1752/4/1 1751/4/1
f 1787/3/1 1751/3/1 1786/3/1
f 1788/3/1 1753/3/1 1752/3/1
f 1788/4/1 1752/4/1 1787/4/1
f 1789/5/1 1754/5/1 1753/5/1
f 1789/3/1 1753/3/1 1788/3/1
f 1789/5/1 1755/5/1 1754/5/1
f 1789/5/1 1756/5/1 1755/5/1
f 1789/5/1 1757/5/1 1756/5/1
f 1790/5/1 1757/5/1 1789/5/1
f 1791/5/1 1757/5/1 1790/5/1
f 1792/5/1 1757/5/1 1791/5/1
f 1793/5/1 1757/5/1 1792/5/1
f 1794/4/1 1760/4/1 1759/4/1
f 1794/5/1 1757/5/1 1793/5/1
f 1794/4/1 1758/4/1 1757/4/1
f 1794/4/1 1759/4/1 1758/4/1
f 1795/4/1 1760/4/1 1794/4/1
f 1796/4/1 1760/4/1 1795/4/1
f 1797/5/1 1764/5/1 1763/5/1
f 1797/4/1 1760/4/1 1796/4/1
f 1797/5/1 1763/5/1 1762/5/1
f 1797/5/1 1762/5/1 1761/5/1
f 1797/5/1 1761/5/1 1760/5/1
f 1798/5/1 1764/5/1 1797/5/1
f 1799/5/1 1764/5/1 1798/5/1
f 1800/5/1 1764/5/1 1799/5/1
f 1801/5/1 1764/5/1 1800/5/1
f 1802/5/1 1764/5/1 1801/5/1
f 1804/6/1 1765/6/1 1728/6/1
f 1805/3/1 1766/3/1 1765/3/1
f 1805/6/1 1765/6/1 1804/6/1
f 1806/2/1 1767/2/1 1766/2/1
f 1806/3/1 1766/3/1 1805/3/1
f 1807/3/1 1768/3/1 1767/3/1
f 1807/2/1 1767/2/1 1806/2/1
f 1808/5/1 1769/5/1 1768/5/1
f 1808/3/1 1768/3/1 1807/3/1
f 1809/3/1 1770/3/1 1769/3/1
f 1809/5/1 1769/5/1 1808/5/1
f 1810/4/1 1771/4/1 1770/4/1
f 1810/3/1 1770/3/1 1809/3/1
f 1811/2/1 1772/2/1 1771/2/1
f 1811/4/1 1771/4/1 1810/4/1
f 1811/2/1 1773/2/1 1772/2/1
f 1812/5/1 1774/5/1 1773/5/1
f 1812/2/1 1773/2/1 1811/2/1
f 1813/2/1 1775/2/1 1774/2/1
f 1813/5/1 1774/5/1 1812/5/1
f 1814/4/1 1776/4/1 1775/4/1
f 1814/2/1 1775/2/1 1813/2/1
f 1815/2/1 1777/2/1 1776/2/1
f 1815/4/1 1776/4/1 1814/4/1
f 1816/3/1 1778/3/1 1777/3/1
f 1816/2/1 1777/2/1 1815/2/1
f 1817/5/1 1779/5/1 1778/5/1
f 1817/3/1 1778/3/1 1816/3/1
f 1818/4/1 1780/4/1 1779/4/1
f 1818/5/1 1779/5/1 1817/5/1
f 1819/3/1 1781/3/1 1780/3/1
f 1819/4/1 1780/4/1 1818/4/1
f 1820/2/1 1782/2/1 1781/2/1
f 1820/3/1 1781/3/1 1819/3/1
f 1821/4/1 1783/4/1 1782/4/1
f 1821/2/1 1782/2/1 1820/2/1
f 1822/2/1 1784/2/1 1783/2/1
f 1822/4/1 1783/4/1 1821/4/1
f 1823/5/1 1749/5/1 1784/5/1
f 1823/2/1 1784/2/1 1822/2/1
f 1824/4/1 1785/4/1 1749/4/1
f 1824/5/1 1749/5/1 1823/5/1
f 1825/2/1 1786/2/1 1785/2/1
f 1825/4/1 1785/4/1 1824/4/1
f 1826/4/1 1787/4/1 1786/4/1
f 1826/2/1 1786/2/1 1825/2/1
f 1826/4/1 1788/4/1 1787/4/1
f 1827/2/1 1789/2/1 1788/2/1
f 1827/4/1 1788/4/1 1826/4/1
f 1828/5/1 1790/5/1 1789/5/1
f 1828/2/1 1789/2/1 1827/2/1
f 1829/3/1 1791/3/1 1790/3/1
f 1829/5/1 1790/5/1 1828/5/1
f 1830/2/1 1792/2/1 1791/2/1
f 1830/3/1 1791/3/1 1829/3/1
f 1831/3/1 1793/3/1 1792/3/1
f 1831/2/1 1792/2/1 1830/2/1
f 1832/5/1 1794/5/1 1793/5/1
f 1832/3/1 1793/3/1 1831/3/1
f 1833/3/1 1795/3/1 1794/3/1
f 1833/5/1 1794/5/1 1832/5/1
f 1834/4/1 1796/4/1 1795/4/1
f 1834/3/1 1795/3/1 1833/3/1
f 1835/3/1 1797/3/1 1796/3/1
f 1835/4/1 1796/4/1 1834/4/1
f 1836/5/1 1798/5/1 1797/5/1
f 1836/3/1 1797/3/1 1835/3/1
f 1837/3/1 1799/3/1 1798/3/1
f 1837/5/1 1798/5/1 1836/5/1
f 1838/2/1 1800/2/1 1799/2/1
f 1838/3/1 1799/3/1 1837/3/1
f 1839/4/1 1801/4/1 1800/4/1
f 1839/2/1 1800/2/1 1838/2/1
f 1840/2/1 1802/2/1 1801/2/1
f 1840/4/1 1801/4/1 1839/4/1
f 1840/2/1 1803/2/1 1802/2/1
f 1841/2/1 1803/2/1 1840/2/1
f 1887/2/1 1844/2/1 1843/2/1
f 1887/2/1 1845/2/1 1844/2/1
f 1888/4/1 1846/4/1 1845/4/1
f 1888/2/1 1845/2/1 1887/2/1
f 1889/2/1 1847/2/1 1846/2/1
f 1889/4/1 1846/4/1 1888/4/1
f 1890/5/1 1848/5/1 1847/5/1
f 1890/2/1 1847/2/1 1889/2/1
f 1891/3/1 1849/3/1 1848/3/1
f 1891/5/1 1848/5/1 1890/5/1
f 1892/4/1 1850/4/1 1849/4/1
f 1892/3/1 1849/3/1 1891/3/1
f 1892/4/1 1851/4/1 1850/4/1
f 1893/4/1 1851/4/1 1892/4/1
f 1894/2/1 1852/2/1 1851/2/1
f 1894/4/1 1851/4/1 1893/4/1
f 1895/3/1 1853/3/1 1852/3/1
f 1895/2/1 1852/2/1 1894/2/1
f 1896/2/1 1855/2/1 1854/2/1
f 1896/2/1 1856/2/1 1855/2/1
f 1896/4/1 1857/4/1 1856/4/1
f 1897/2/1 1858/2/1 1857/2/1
f 1897/4/1 1857/4/1 1896/4/1
f 1898/5/1 1859/5/1 1858/5/1
f 1898/3/1 1860/3/1 1859/3/1
f 1899/2/1 1861/2/1 1860/2/1
f 1899/3/1 1860/3/1 1898/3/1
f 1900/3/1 1862/3/1 1861/3/1
f 1900/3/1 1863/3/1 1862/3/1
f 1901/2/1 1864/2/1 1863/2/1
f 1901/3/1 1863/3/1 1900/3/1
f 1902/5/1 1865/5/1 1864/5/1
f 1902/3/1 1866/3/1 1865/3/1
f 1903/4/1 1867/4/1 1866/4/1
f 1903/3/1 1866/3/1 1902/3/1
f 1904/3/1 1868/3/1 1867/3/1
f 1904/4/1 1867/4/1 1903/4/1
f 1905/4/1 1869/4/1 1868/4/1
f 1905/3/1 1868/3/1 1904/3/1
f 1905/4/1 1870/4/1 1869/4/1
f 1906/4/1 1870/4/1 1905/4/1
f 1907/5/1 1871/5/1 1870/5/1
f 1907/4/1 1870/4/1 1906/4/1
f 1908/2/1 1872/2/1 1871/2/1
f 1908/5/1 1871/5/1 1907/5/1
f 1909/2/1 1872/2/1 1908/2/1
f 1910/3/1 1873/3/1 1872/3/1
f 1910/2/1 1872/2/1 1909/2/1
f 1910/3/1 1874/3/1 1873/3/1
f 1911/3/1 1874/3/1 1910/3/1
f 1912/5/1 1875/5/1 1874/5/1
f 1912/3/1 1874/3/1 1911/3/1
f 1913/2/1 1876/2/1 1875/2/1
f 1913/4/1 1877/4/1 1876/4/1
f 1913/4/1 1878/4/1 1877/4/1
f 1914/4/1 1878/4/1 1913/4/1
f 1915/5/1 1880/5/1 1879/5/1
f 1915/2/1 1881/2/1 1880/2/1
f 1915/2/1 1882/2/1 1881/2/1
f 1916/4/1 1884/4/1 1883/4/1
f 1916/2/1 1882/2/1 1915/2/1
f 1916/4/1 1883/4/1 1882/4/1
f 1917/4/1 1884/4/1 1916/4/1
f 1918/3/1 1885/3/1 1884/3/1
f 1918/4/1 1884/4/1 1917/4/1
f 1919/4/1 1886/4/1 1885/4/1
f 1919/3/1 1885/3/1 1918/3/1
f 1920/4/1 1886/4/1 1919/4/1
f 1922/6/1 1843/6/1 1842/6/1
f 1922/2/1 1887/2/1 1843/2/1
f 1923/3/1 1888/3/1 1887/3/1
f 1923/2/1 1887/2/1 1922/2/1
f 1924/4/1 1889/4/1 1888/4/1
f 1924/3/1 1888/3/1 1923/3/1
f 1925/3/1 1890/3/1 1889/3/1
f 1925/4/1 1889/4/1 1924/4/1
f 1926/5/1 1891/5/1 1890/5/1
f 1926/3/1 1890/3/1 1925/3/1
f 1927/4/1 1892/4/1 1891/4/1
f 1927/5/1 1891/5/1 1926/5/1
f 1928/3/1 1893/3/1 1892/3/1
f 1928/4/1 1892/4/1 1927/4/1
f 1929/2/1 1894/2/1 1893/2/1
f 1929/3/1 1893/3/1 1928/3/1
f 1930/4/1 1895/4/1 1894/4/1
f 1930/2/1 1894/2/1 1929/2/1
f 1931/3/1 1853/3/1 1895/3/1
f 1931/4/1 1895/4/1 1930/4/1
f 1932/5/1 1854/5/1 1853/5/1
f 1932/3/1 1853/3/1 1931/3/1
f 1933/2/1 1896/2/1 1854/2/1
f 1933/2/1 1897/2/1 1896/2/1
f 1934/2/1 1897/2/1 1933/2/1
f 1935/2/1 1897/2/1 1934/2/1
f 1936/2/1 1858/2/1 1897/2/1
f 1936/2/1 1897/2/1 1935/2/1
f 1937/5/1 1898/5/1 1858/5/1
f 1937/2/1 1858/2/1 1936/2/1
f 1938/2/1 1899/2/1 1898/2/1
f 1938/5/1 1898/5/1 1937/5/1
f 1939/2/1 1861/2/1 1899/2/1
f 1939/2/1 1899/2/1 1938/2/1
f 1940/3/1 1900/3/1 1861/3/1
f 1940/2/1 1861/2/1 1939/2/1
f 1941/4/1 1901/4/1 1900/4/1
f 1941/3/1 1900/3/1 1940/3/1
f 1942/2/1 1864/2/1 1901/2/1
f 1942/4/1 1901/4/1 1941/4/1
f 1943/5/1 1902/5/1 1864/5/1
f 1943/2/1 1864/2/1 1942/2/1
f 1944/2/1 1903/2/1 1902/2/1
f 1944/5/1 1902/5/1 1943/5/1
f 1945/4/1 1904/4/1 1903/4/1
f 1945/2/1 1903/2/1 1944/2/1
f 1945/4/1 1905/4/1 1904/4/1
f 1945/4/1 1906/4/1 1905/4/1
f 1946/4/1 1906/4/1 1945/4/1
f 1947/2/1 1907/2/1 1906/2/1
f 1947/4/1 1906/4/1 1946/4/1
f 1948/5/1 1908/5/1 1907/5/1
f 1948/2/1 1907/2/1 1947/2/1
f 1949/4/1 1909/4/1 1908/4/1
f 1949/5/1 1908/5/1 1948/5/1
f 1950/3/1 1910/3/1 1909/3/1
f 1950/4/1 1909/4/1 1949/4/1
f 1951/4/1 1911/4/1 1910/4/1
f 1951/3/1 1910/3/1 1950/3/1
f 1952/2/1 1912/2/1 1911/2/1
f 1952/4/1 1911/4/1 1951/4/1
f 1953/5/1 1875/5/1 1912/5/1
f 1953/2/1 1912/2/1 1952/2/1
f 1954/2/1 1913/2/1 1875/2/1
f 1954/5/1 1875/5/1 1953/5/1
f 1955/3/1 1914/3/1 1913/3/1
f 1955/2/1 1913/2/1 1954/2/1
f 1956/4/1 1878/4/1 1914/4/1
f 1956/3/1 1914/3/1 1955/3/1
f 1957/3/1 1879/3/1 1878/3/1
f 1957/4/1 1878/4/1 1956/4/1
f 1958/5/1 1915/5/1 1879/5/1
f 1958/3/1 1879/3/1 1957/3/1
f 1959/4/1 1916/4/1 1915/4/1
f 1959/5/1 1915/5/1 1958/5/1
f 1960/4/1 1916/4/1 1959/4/1
f 1961/2/1 1917/2/1 1916/2/1
f 1961/4/1 1916/4/1 1960/4/1
f 1962/3/1 1918/3/1 1917/3/1
f 1962/2/1 1917/2/1 1961/2/1
f 1963/4/1 1921/4/1 1920/4/1
f 1963/3/1 1920/3/1 1919/3/1
f 1964/4/1 1921/4/1 1963/4/1
f 1965/6/1 1922/6/1 1842/6/1
f 1966/3/1 1923/3/1 1922/3/1
f 1966/6/1 1922/6/1 1965/6/1
f 1967/4/1 1924/4/1 1923/4/1
f 1967/3/1 1923/3/1 1966/3/1
f 1968/2/1 1925/2/1 1924/2/1
f 1968/4/1 1924/4/1 1967/4/1
f 1969/4/1 1926/4/1 1925/4/1
f 1969/2/1 1925/2/1 1968/2/1
f 1970/5/1 1927/5/1 1926/5/1
f 1970/4/1 1926/4/1 1969/4/1
f 1971/3/1 1928/3/1 1927/3/1
f 1971/5/1 1927/5/1 1970/5/1
f 1972/4/1 1929/4/1 1928/4/1
f 1972/3/1 1928/3/1 1971/3/1
f 1973/2/1 1931/2/1 1930/2/1
f 1973/4/1 1929/4/1 1972/4/1
f 1973/2/1 1930/2/1 1929/2/1
f 1974/4/1 1932/4/1 1931/4/1
f 1974/2/1 1931/2/1 1973/2/1
f 1975/5/1 1854/5/1 1932/5/1
f 1975/4/1 1932/4/1 1974/4/1
f 1976/2/1 1933/2/1 1854/2/1
f 1976/5/1 1854/5/1 1975/5/1
f 1977/3/1 1934/3/1 1933/3/1
f 1977/2/1 1933/2/1 1976/2/1
f 1978/2/1 1935/2/1 1934/2/1
f 1978/3/1 1934/3/1 1977/3/1
f 1979/3/1 1936/3/1 1935/3/1
f 1979/2/1 1935/2/1 1978/2/1
f 1980/4/1 1937/4/1 1936/4/1
f 1980/3/1 1936/3/1 1979/3/1
f 1981/5/1 1938/5/1 1937/5/1
f 1981/4/1 1937/4/1 1980/4/1
f 1982/3/1 1939/3/1 1938/3/1
f 1982/5/1 1938/5/1 1981/5/1
f 1983/2/1 1940/2/1 1939/2/1
f 1983/3/1 1939/3/1 1982/3/1
f 1984/4/1 1941/4/1 1940/4/1
f 1984/2/1 1940/2/1 1983/2/1
f 1985/3/1 1942/3/1 1941/3/1
f 1985/4/1 1941/4/1 1984/4/1
f 1986/4/1 1943/4/1 1942/4/1
f 1986/3/1 1942/3/1 1985/3/1
f 1987/5/1 1944/5/1 1943/5/1
f 1987/4/1 1943/4/1 1986/4/1
f 1988/4/1 1945/4/1 1944/4/1
f 1988/5/1 1944/5/1 1987/5/1
f 1989/2/1 1946/2/1 1945/2/1
f 1989/4/1 1945/4/1 1988/4/1
f 1990/3/1 1947/3/1 1946/3/1
f 1990/2/1 1946/2/1 1989/2/1
f 1991/4/1 1948/4/1 1947/4/1
f 1991/3/1 1947/3/1 1990/3/1
f 1992/5/1 1949/5/1 1948/5/1
f 1992/4/1 1948/4/1 1991/4/1
f 1993/3/1 1950/3/1 1949/3/1
f 1993/5/1 1949/5/1 1992/5/1
f 1994/4/1 1952/4/1 1951/4/1
f 1994/3/1 1950/3/1 1993/3/1
f 1994/4/1 1951/4/1 1950/4/1
f 1995/3/1 1953/3/1 1952/3/1
f 1995/4/1 1952/4/1 1994/4/1
f 1996/5/1 1954/5/1 1953/5/1
f 1996/3/1 1953/3/1 1995/3/1
f 1997/4/1 1955/4/1 1954/4/1
f 1997/5/1 1954/5/1 1996/5/1
f 1998/3/1 1957/3/1 1956/3/1
f 1998/4/1 1955/4/1 1997/4/1
f 1998/3/1 1956/3/1 1955/3/1
f 1999/4/1 1959/4/1 1958/4/1
f 1999/3/1 1957/3/1 1998/3/1
f 1999/4/1 1958/4/1 1957/4/1
f 2000/3/1 1960/3/1 1959/3/1
f 2000/4/1 1959/4/1 1999/4/1
f 2001/4/1 1961/4/1 1960/4/1
f 2001/3/1 1960/3/1 2000/3/1
f 2002/3/1 1962/3/1 1961/3/1
f 2002/4/1 1961/4/1 2001/4/1
f 2003/3/1 1918/3/1 1962/3/1
f 2003/3/1 1962/3/1 2002/3/1
f 2003/4/1 1919/4/1 1918/4/1
f 2004/3/1 1963/3/1 1919/3/1
f 2004/4/1 1919/4/1 2003/4/1
f 2005/2/1 1964/2/1 1963/2/1
f 2005/3/1 1963/3/1 2004/3/1
f 2006/2/1 1964/2/1 2005/2/1
f 2009/7/1 2008/7/1 2007/7/1
f 2010/7/1 2008/7/1 2009/7/1
f 2013/7/1 2012/7/1 2011/7/1
f 2014/7/1 2012/7/1 2013/7/1
f 2017/7/1 2016/7/1 2015/7/1
f 2018/7/1 2016/7/1 2017/7/1
f 2023/6/1 2022/6/1 2021/6/1
f 2024/6/1 2022/6/1 2023/6/1
f 2027/6/1 2026/6/1 2025/6/1
f 2028/6/1 2026/6/1 2027/6/1
f 2031/6/1 2020/6/1 2019/6/1
f 2032/6/1 2030/6/1 2029/6/1
f 2033/6/1 2031/6/1 2019/6/1
f 2034/6/1 2030/6/1 2032/6/1
f 2035/6/1 2033/6/1 2019/6/1
f 2036/6/1 2030/6/1 2034/6/1
f 2037/6/1 2035/6/1 2019/6/1
f 2038/6/1 2030/6/1 2036/6/1
f 2039/6/1 2037/6/1 2019/6/1
f 2040/6/1 2030/6/1 2038/6/1
f 2041/6/1 2039/6/1 2019/6/1
f 2042/6/1 2030/6/1 2040/6/1
f 2043/6/1 2041/6/1 2019/6/1
f 2044/6/1 2030/6/1 2042/6/1
f 2045/6/1 2043/6/1 2019/6/1
f 2046/6/1 2030/6/1 2044/6/1
f 2047/6/1 2045/6/1 2019/6/1
f 2048/6/1 2030/6/1 2046/6/1
f 2049/6/1 2047/6/1 2019/6/1
f 2050/6/1 2030/6/1 2048/6/1
f 2051/6/1 2049/6/1 2019/6/1
f 2052/6/1 2030/6/1 2050/6/1
f 2053/6/1 2051/6/1 2019/6/1
f 2054/6/1 2030/6/1 2052/6/1
f 2055/6/1 2053/6/1 2019/6/1
f 2056/6/1 2030/6/1 2054/6/1
f 2057/6/1 2055/6/1 2019/6/1
f 2058/6/1 2030/6/1 2056/6/1
f 2059/6/1 2057/6/1 2019/6/1
f 2060/6/1 2057/6/1 2059/6/1
f 2061/6/1 2030/6/1 2058/6/1
f 2062/6/1 2030/6/1 2061/6/1
f 2067/6/1 2064/6/1 2063/6/1
f 2068/6/1 2064/6/1 2067/6/1
f 2069/6/1 2066/6/1 2065/6/1
f 2070/6/1 2066/6/1 2069/6/1
f 2071/6/2 2072/6/2 2073/6/2
f 2073/6/2 2072/6/2 2074/6/2
f 2075/6/2 2076/6/2 2077/6/2
f 2077/6/2 2076/6/2 2078/6/2
f 2079/6/2 2080/6/2 2081/6/2
f 2081/6/2 2080/6/2 2082/6/2
f 2083/6/2 2084/6/2 2085/6/2
f 2085/6/2 2084/6/2 2086/6/2
f 2087/6/2 2088/6/2 2089/6/2
f 2089/6/2 2088/6/2 2090/6/2
f 2091/6/2 2092/6/2 2093/6/2
f 2093/6/2 2092/6/2 2094/6/2
f 2095/6/2 2096/6/2 2097/6/2
f 2097/6/2 2096/6/2 2098/6/2
f 2099/6/2 2100/6/2 2101/6/2
f 2101/6/2 2100/6/2 2102/6/2
f 2103/6/2 2104/6/2 2105/6/2
f 2105/6/2 2104/6/2 2106/6/2
f 2107/6/2 2108/6/2 2109/6/2
f 2109/6/2 2108/6/2 2110/6/2
f 2111/6/2 2112/6/2 2113/6/2
f 2113/6/2 2112/6/2 2114/6/2
f 2115/6/2 2116/6/2 2117/6/2
f 2117/6/2 2116/6/2 2118/6/2
f 2119/6/2 2120/6/2 2121/6/2
f 2121/6/2 2120/6/2 2122/6/2
f 2123/6/2 2124/6/2 2125/6/2
f 2125/6/2 2124/6/2 2126/6/2
f 2127/6/2 2128/6/2 2129/6/2
f 2129/6/2 2128/6/2 2130/6/2
f 2131/6/2 2132/6/2 2133/6/2
f 2133/6/2 2132/6/2 2134/6/2
f 2135/6/2 2136/6/2 2137/6/2
f 2137/6/2 2136/6/2 2138/6/2
f 2138/6/2 2136/6/2 2139/6/2
f 2139/6/2 2136/6/2 2140/6/2
f 2140/6/2 2136/6/2 2141/6/2
f 2141/6/2 2136/6/2 2142/6/2
f 2135/6/2 2137/6/2 2143/6/2
f 2137/2/2 2138/2/2 2143/2/2
f 2138/6/2 2139/6/2 2144/6/2
f 2143/2/2 2138/2/2 2144/2/2
f 2139/2/2 2140/2/2 2145/2/2
f 2144/6/2 2139/6/2 2145/6/2
f 2140/6/2 2141/6/2 2146/6/2
f 2145/2/2 2140/2/2 2146/2/2
f 2141/2/2 2142/2/2 2147/2/2
f 2146/6/2 2141/6/2 2147/6/2
f 2142/6/2 2136/6/2 2148/6/2
f 2147/2/2 2142/2/2 2148/2/2
f 2146/6/2 2147/6/2 2149/6/2
f 2145/6/2 2146/6/2 2149/6/2
f 2147/6/2 2148/6/2 2149/6/2
f 2144/6/2 2145/6/2 2149/6/2
f 2143/6/2 2144/6/2 2149/6/2
f 2135/6/2 2143/6/2 2149/6/2
f 2149/6/2 2148/6/2 2150/6/2
f 2150/6/2 2148/6/2 2151/6/2
f 2151/6/2 2148/6/2 2152/6/2
f 2152/6/2 2148/6/2 2153/6/2
f 2148/6/2 2136/6/2 2154/6/2
f 2153/6/2 2148/6/2 2154/6/2
f 2149/2/2 2150/2/2 2155/2/2
f 2150/6/2 2151/6/2 2155/6/2
f 2151/2/2 2152/2/2 2156/2/2
f 2155/6/2 2151/6/2 2156/6/2
f 2156/2/2 2152/2/2 2157/2/2
f 2157/2/2 2152/2/2 2158/2/2
f 2152/6/2 2153/6/2 2159/6/2
f 2158/2/2 2152/2/2 2159/2/2
f 2153/2/2 2154/2/2 2160/2/2
f 2159/6/2 2153/6/2 2160/6/2
f 2155/2/2 2156/2/2 2161/2/2
f 2156/6/2 2157/6/2 2161/6/2
f 2157/2/2 2158/2/2 2162/2/2
f 2161/6/2 2157/6/2 2162/6/2
f 2158/6/2 2159/6/2 2163/6/2
f 2162/2/2 2158/2/2 2163/2/2
f 2159/2/2 2160/2/2 2164/2/2
f 2163/6/2 2159/6/2 2164/6/2
f 2155/2/2 2161/2/2 2165/2/2
f 2135/6/2 2149/6/2 2165/6/2
f 2161/2/2 2162/2/2 2165/2/2
f 2149/2/2 2155/2/2 2165/2/2
f 2162/6/2 2163/6/2 2166/6/2
f 2165/2/2 2162/2/2 2166/2/2
f 2163/2/2 2164/2/2 2167/2/2
f 2166/6/2 2163/6/2 2167/6/2
f 2164/2/2 2160/2/2 2168/2/2
f 2167/2/2 2164/2/2 2168/2/2
f 2154/6/2 2136/6/2 2168/6/2
f 2160/2/2 2154/2/2 2168/2/2
f 2166/6/2 2167/6/2 2169/6/2
f 2165/6/2 2166/6/2 2169/6/2
f 2167/6/2 2168/6/2 2169/6/2
f 2135/6/2 2165/6/2 2169/6/2
f 2168/6/2 2136/6/2 2170/6/2
f 2169/6/2 2168/6/2 2170/6/2
f 2171/6/2 2172/6/2 2175/6/2
f 2175/6/2 2172/6/2 2176/6/2
f 2173/6/2 2174/6/2 2177/6/2
f 2177/6/2 2174/6/2 2178/6/2
f 2181/6/2 2182/6/2 2183/6/2
f 2183/6/2 2182/6/2 2184/6/2
f 2185/6/2 2186/6/2 2187/6/2
f 2187/6/2 2186/6/2 2188/6/2
f 2179/6/2 2180/6/2 2191/6/2
f 2189/6/2 2190/6/2 2192/6/2
f 2179/6/2 2191/6/2 2193/6/2
f 2192/6/2 2190/6/2 2194/6/2
f 2179/6/2 2193/6/2 2195/6/2
f 2194/6/2 2190/6/2 2196/6/2
f 2179/6/2 2195/6/2 2197/6/2
f 2196/6/2 2190/6/2 2198/6/2
f 2179/6/2 2197/6/2 2199/6/2
f 2198/6/2 2190/6/2 2200/6/2
f 2179/6/2 2199/6/2 2201/6/2
f 2200/6/2 2190/6/2 2202/6/2
f 2179/6/2 2201/6/2 2203/6/2
f 2202/6/2 2190/6/2 2204/6/2
f 2179/6/2 2203/6/2 2205/6/2
f 2204/6/2 2190/6/2 2206/6/2
f 2179/6/2 2205/6/2 2207/6/2
f 2206/6/2 2190/6/2 2208/6/2
f 2179/6/2 2207/6/2 2209/6/2
f 2208/6/2 2190/6/2 2210/6/2
f 2179/6/2 2209/6/2 2211/6/2
f 2210/6/2 2190/6/2 2212/6/2
f 2179/6/2 2211/6/2 2213/6/2
f 2212/6/2 2190/6/2 2214/6/2
f 2179/6/2 2213/6/2 2215/6/2
f 2214/6/2 2190/6/2 2216/6/2
f 2179/6/2 2215/6/2 2217/6/2
f 2216/6/2 2190/6/2 2218/6/2
f 2179/6/2 2217/6/2 2219/6/2
f 2219/6/2 2217/6/2 2220/6/2
f 2218/6/2 2190/6/2 2221/6/2
f 2221/6/2 2190/6/2 2222/6/2
f 2223/7/2 2224/7/2 2225/7/2
f 2225/7/2 2224/7/2 2226/7/2
f 2227/7/2 2228/7/2 2229/7/2
f 2229/7/2 2228/7/2 2230/7/2
f 2231/7/2 2232/7/2 2233/7/2
f 2233/7/2 2232/7/2 2234/7/2
f 2235/7/2 2236/7/2 2237/7/2
f 2237/7/2 2236/7/2 2238/7/2
f 2239/7/2 2240/7/2 2241/7/2
f 2241/7/2 2240/7/2 2242/7/2
f 2243/7/2 2244/7/2 2245/7/2
f 2245/7/2 2244/7/2 2246/7/2
f 2247/6/2 2248/6/2 2251/6/2
f 2251/6/2 2248/6/2 2252/6/2
f 2249/6/2 2250/6/2 2253/6/2
f 2253/6/2 2250/6/2 2254/6/2
f 2247/6/2 2251/6/2 2255/6/2
f 2251/2/2 2252/2/2 2255/2/2
f 2252/6/2 2248/6/2 2256/6/2
f 2255/2/2 2252/2/2 2256/2/2
f 2253/2/2 2254/2/2 2257/2/2
f 2249/6/2 2253/6/2 2257/6/2
f 2254/6/2 2250/6/2 2258/6/2
f 2257/2/2 2254/2/2 2258/2/2
f 2247/6/2 2255/6/2 2259/6/2
f 2255/6/2 2256/6/2 2259/6/2
f 2256/6/2 2248/6/2 2260/6/2
f 2259/6/2 2256/6/2 2260/6/2
f 2249/6/2 2257/6/2 2261/6/2
f 2257/6/2 2258/6/2 2261/6/2
f 2258/6/2 2250/6/2 2262/6/2
f 2261/6/2 2258/6/2 2262/6/2
f 2263/6/2 2264/6/2 2267/6/2
f 2265/6/2 2266/6/2 2268/6/2
f 2263/6/2 2267/6/2 2269/6/2
f 2267/6/2 2268/6/2 2269/6/2
f 2269/6/2 2268/6/2 2270/6/2
f 2270/6/2 2268/6/2 2271/6/2
f 2271/6/2 2268/6/2 2272/6/2
f 2268/6/2 2266/6/2 2273/6/2
f 2272/6/2 2268/6/2 2273/6/2
f 2270/7/2 2271/7/2 2274/7/2
f 2274/7/2 2271/7/2 2275/7/2
f 2272/7/2 2273/7/2 2278/7/2
f 2273/6/2 2266/6/2 2279/6/2
f 2278/7/2 2273/7/2 2279/7/2
f 2275/7/2 2276/7/2 2280/7/2
f 2280/7/2 2276/7/2 2281/7/2
f 2277/7/2 2278/7/2 2284/7/2
f 2284/7/2 2278/7/2 2285/7/2
f 2281/7/2 2282/7/2 2286/7/2
f 2286/7/2 2282/7/2 2287/7/2
f 2287/7/2 2282/7/2 2288/7/2
f 2283/7/2 2284/7/2 2289/7/2
f 2289/7/2 2284/7/2 2290/7/2
f 2290/7/2 2284/7/2 2291/7/2
f 2287/7/2 2288/7/2 2293/7/2
f 2289/7/2 2290/7/2 2293/7/2
f 2288/7/2 2289/7/2 2293/7/2
f 2293/7/2 2290/7/2 2294/7/2
f 2292/7/2 2293/7/2 2297/7/2
f 2297/7/2 2293/7/2 2298/7/2
f 2294/7/2 2295/7/2 2299/7/2
f 2299/7/2 2295/7/2 2300/7/2
f 2263/6/2 2269/6/2 2302/6/2
f 2296/7/2 2297/7/2 2303/7/2
f 2303/7/2 2297/7/2 2304/7/2
f 2300/7/2 2301/7/2 2305/7/2
f 2305/7/2 2301/7/2 2306/7/2
f 2279/6/2 2266/6/2 2307/6/2
f 2263/6/2 2302/6/2 2308/6/2
f 2302/7/2 2303/7/2 2308/7/2
f 2308/7/2 2303/7/2 2309/7/2
f 2306/7/2 2307/7/2 2310/7/2
f 2307/6/2 2266/6/2 2311/6/2
f 2310/7/2 2307/7/2 2311/7/2
f 2308/6/2 2309/6/2 2312/6/2
f 2309/6/2 2310/6/2 2312/6/2
f 2310/6/2 2311/6/2 2312/6/2
f 2263/6/2 2308/6/2 2312/6/2
f 2311/6/2 2266/6/2 2313/6/2
f 2312/6/2 2311/6/2 2313/6/2
f 2263/6/2 2312/6/2 2314/6/2
f 2314/6/2 2312/6/2 2315/6/2
f 2313/6/2 2266/6/2 2316/6/2
f 2316/6/2 2266/6/2 2317/6/2
f 2318/6/2 2319/6/2 2320/6/2
f 2318/6/2 2320/6/2 2321/6/2
f 2318/6/2 2321/6/2 2322/6/2
f 2318/6/2 2322/6/2 2323/6/2
f 2318/6/2 2323/6/2 2324/6/2
f 2318/6/2 2324/6/2 2325/6/2
f 2318/6/2 2325/6/2 2326/6/2
f 2318/6/2 2326/6/2 2327/6/2
f 2318/6/2 2327/6/2 2328/6/2
f 2318/6/2 2328/6/2 2329/6/2
f 2318/6/2 2329/6/2 2330/6/2
f 2318/6/2 2330/6/2 2331/6/2
f 2318/6/2 2331/6/2 2332/6/2
f 2318/6/2 2332/6/2 2333/6/2
f 2318/6/2 2333/6/2 2334/6/2
f 2334/6/2 2333/6/2 2335/6/2
f 2336/7/2 2337/7/2 2338/7/2
f 2338/7/2 2337/7/2 2339/7/2
f 2340/7/2 2341/7/2 2342/7/2
f 2342/7/2 2341/7/2 2343/7/2
f 2344/7/2 2345/7/2 2346/7/2
f 2346/7/2 2345/7/2 2347/7/2
f 2348/6/2 2349/6/2 2393/6/2
f 2349/4/2 2350/4/2 2393/4/2
f 2350/3/2 2351/3/2 2394/3/2
f 2393/4/2 2350/4/2 2394/4/2
f 2351/2/2 2352/2/2 2395/2/2
f 2394/3/2 2351/3/2 2395/3/2
f 2352/2/2 2353/2/2 2395/2/2
f 2395/2/2 2353/2/2 2396/2/2
f 2354/3/2 2355/3/2 2397/3/2
f 2355/3/2 2356/3/2 2397/3/2
f 2356/4/2 2357/4/2 2398/4/2
f 2397/3/2 2356/3/2 2398/3/2
f 2357/3/2 2358/3/2 2399/3/2
f 2398/4/2 2357/4/2 2399/4/2
f 2358/5/2 2359/5/2 2400/5/2
f 2399/3/2 2358/3/2 2400/3/2
f 2359/2/2 2360/2/2 2401/2/2
f 2400/5/2 2359/5/2 2401/5/2
f 2360/2/2 2361/2/2 2401/2/2
f 2361/2/2 2362/2/2 2401/2/2
f 2401/2/2 2362/2/2 2402/2/2
f 2362/5/2 2363/5/2 2403/5/2
f 2402/2/2 2362/2/2 2403/2/2
f 2363/2/2 2364/2/2 2404/2/2
f 2403/5/2 2363/5/2 2404/5/2
f 2364/4/2 2365/4/2 2405/4/2
f 2404/2/2 2364/2/2 2405/2/2
f 2365/3/2 2366/3/2 2406/3/2
f 2405/4/2 2365/4/2 2406/4/2
f 2366/4/2 2367/4/2 2407/4/2
f 2406/3/2 2366/3/2 2407/3/2
f 2367/3/2 2368/3/2 2408/3/2
f 2407/4/2 2367/4/2 2408/4/2
f 2368/5/2 2369/5/2 2409/5/2
f 2408/3/2 2368/3/2 2409/3/2
f 2369/3/2 2370/3/2 2410/3/2
f 2409/5/2 2369/5/2 2410/5/2
f 2370/4/2 2371/4/2 2411/4/2
f 2410/3/2 2370/3/2 2411/3/2
f 2371/2/2 2372/2/2 2412/2/2
f 2372/2/2 2373/2/2 2412/2/2
f 2373/5/2 2374/5/2 2413/5/2
f 2412/2/2 2373/2/2 2413/2/2
f 2374/2/2 2375/2/2 2414/2/2
f 2413/5/2 2374/5/2 2414/5/2
f 2375/3/2 2376/3/2 2415/3/2
f 2414/2/2 2375/2/2 2415/2/2
f 2376/2/2 2377/2/2 2416/2/2
f 2415/3/2 2376/3/2 2416/3/2
f 2377/3/2 2378/3/2 2417/3/2
f 2416/2/2 2377/2/2 2417/2/2
f 2417/3/2 2378/3/2 2418/3/2
f 2378/5/2 2379/5/2 2419/5/2
f 2418/3/2 2378/3/2 2419/3/2
f 2379/4/2 2380/4/2 2420/4/2
f 2419/5/2 2379/5/2 2420/5/2
f 2380/4/2 2381/4/2 2420/4/2
f 2420/4/2 2381/4/2 2421/4/2
f 2381/3/2 2382/3/2 2422/3/2
f 2421/4/2 2381/4/2 2422/4/2
f 2382/4/2 2383/4/2 2423/4/2
f 2422/3/2 2382/3/2 2423/3/2
f 2383/5/2 2384/5/2 2424/5/2
f 2423/4/2 2383/4/2 2424/4/2
f 2384/3/2 2385/3/2 2425/3/2
f 2424/5/2 2384/5/2 2425/5/2
f 2385/2/2 2386/2/2 2426/2/2
f 2425/3/2 2385/3/2 2426/3/2
f 2386/3/2 2387/3/2 2427/3/2
f 2426/2/2 2386/2/2 2427/2/2
f 2387/3/2 2388/3/2 2427/3/2
f 2427/3/2 2388/3/2 2428/3/2
f 2388/5/2 2389/5/2 2429/5/2
f 2428/3/2 2388/3/2 2429/3/2
f 2389/2/2 2390/2/2 2430/2/2
f 2429/5/2 2389/5/2 2430/5/2
f 2391/3/2 2392/3/2 2431/3/2
f 2430/2/2 2390/2/2 2431/2/2
f 2390/3/2 2391/3/2 2431/3/2
f 2431/3/2 2392/3/2 2432/3/2
f 2348/6/2 2393/6/2 2434/6/2
f 2393/2/2 2394/2/2 2434/2/2
f 2394/2/2 2395/2/2 2434/2/2
f 2395/3/2 2396/3/2 2435/3/2
f 2434/2/2 2395/2/2 2435/2/2
f 2396/2/2 2353/2/2 2436/2/2
f 2435/3/2 2396/3/2 2436/3/2
f 2353/5/2 2354/5/2 2437/5/2
f 2436/2/2 2353/2/2 2437/2/2
f 2354/3/2 2397/3/2 2438/3/2
f 2397/4/2 2398/4/2 2438/4/2
f 2398/2/2 2399/2/2 2439/2/2
f 2438/4/2 2398/4/2 2439/4/2
f 2399/4/2 2400/4/2 2440/4/2
f 2439/2/2 2399/2/2 2440/2/2
f 2400/5/2 2401/5/2 2441/5/2
f 2440/4/2 2400/4/2 2441/4/2
f 2401/3/2 2402/3/2 2442/3/2
f 2441/5/2 2401/5/2 2442/5/2
f 2402/4/2 2403/4/2 2443/4/2
f 2442/3/2 2402/3/2 2443/3/2
f 2443/4/2 2403/4/2 2444/4/2
f 2403/5/2 2404/5/2 2445/5/2
f 2444/4/2 2403/4/2 2445/4/2
f 2404/4/2 2405/4/2 2446/4/2
f 2445/5/2 2404/5/2 2446/5/2
f 2405/2/2 2406/2/2 2447/2/2
f 2446/4/2 2405/4/2 2447/4/2
f 2406/4/2 2407/4/2 2448/4/2
f 2447/2/2 2406/2/2 2448/2/2
f 2407/2/2 2408/2/2 2449/2/2
f 2448/4/2 2407/4/2 2449/4/2
f 2408/4/2 2409/4/2 2450/4/2
f 2449/2/2 2408/2/2 2450/2/2
f 2409/5/2 2410/5/2 2451/5/2
f 2450/4/2 2409/4/2 2451/4/2
f 2411/4/2 2371/4/2 2452/4/2
f 2371/2/2 2412/2/2 2452/2/2
f 2412/3/2 2413/3/2 2453/3/2
f 2452/2/2 2412/2/2 2453/2/2
f 2413/5/2 2414/5/2 2454/5/2
f 2453/3/2 2413/3/2 2454/3/2
f 2414/4/2 2415/4/2 2455/4/2
f 2454/5/2 2414/5/2 2455/5/2
f 2415/3/2 2416/3/2 2456/3/2
f 2455/4/2 2415/4/2 2456/4/2
f 2417/4/2 2418/4/2 2457/4/2
f 2456/3/2 2416/3/2 2457/3/2
f 2416/4/2 2417/4/2 2457/4/2
f 2420/3/2 2421/3/2 2458/3/2
f 2419/5/2 2420/5/2 2458/5/2
f 2421/2/2 2422/2/2 2459/2/2
f 2458/3/2 2421/3/2 2459/3/2
f 2422/3/2 2423/3/2 2460/3/2
f 2459/2/2 2422/2/2 2460/2/2
f 2423/3/2 2424/3/2 2460/3/2
f 2460/3/2 2424/3/2 2461/3/2
f 2424/5/2 2425/5/2 2462/5/2
f 2461/3/2 2424/3/2 2462/3/2
f 2425/2/2 2426/2/2 2463/2/2
f 2462/5/2 2425/5/2 2463/5/2
f 2426/3/2 2427/3/2 2464/3/2
f 2463/2/2 2426/2/2 2464/2/2
f 2427/4/2 2428/4/2 2465/4/2
f 2464/3/2 2427/3/2 2465/3/2
f 2428/2/2 2429/2/2 2466/2/2
f 2465/4/2 2428/4/2 2466/4/2
f 2429/5/2 2430/5/2 2467/5/2
f 2466/2/2 2429/2/2 2467/2/2
f 2431/4/2 2432/4/2 2468/4/2
f 2430/4/2 2431/4/2 2468/4/2
f 2468/4/2 2432/4/2 2469/4/2
f 2432/2/2 2433/2/2 2470/2/2
f 2469/4/2 2432/4/2 2470/4/2
f 2470/2/2 2433/2/2 2471/2/2
f 2348/6/2 2434/6/2 2472/6/2
f 2434/3/2 2435/3/2 2473/3/2
f 2472/6/2 2434/6/2 2473/6/2
f 2435/2/2 2436/2/2 2474/2/2
f 2473/3/2 2435/3/2 2474/3/2
f 2436/4/2 2437/4/2 2475/4/2
f 2474/2/2 2436/2/2 2475/2/2
f 2437/5/2 2354/5/2 2476/5/2
f 2475/4/2 2437/4/2 2476/4/2
f 2354/3/2 2438/3/2 2477/3/2
f 2476/5/2 2354/5/2 2477/5/2
f 2438/3/2 2439/3/2 2477/3/2
f 2440/3/2 2441/3/2 2477/3/2
f 2439/3/2 2440/3/2 2477/3/2
f 2441/5/2 2442/5/2 2478/5/2
f 2477/3/2 2441/3/2 2478/3/2
f 2442/4/2 2443/4/2 2479/4/2
f 2478/5/2 2442/5/2 2479/5/2
f 2443/3/2 2444/3/2 2480/3/2
f 2479/4/2 2443/4/2 2480/4/2
f 2444/2/2 2445/2/2 2481/2/2
f 2480/3/2 2444/3/2 2481/3/2
f 2445/5/2 2446/5/2 2482/5/2
f 2481/2/2 2445/2/2 2482/2/2
f 2446/2/2 2447/2/2 2483/2/2
f 2482/5/2 2446/5/2 2483/5/2
f 2447/4/2 2448/4/2 2484/4/2
f 2483/2/2 2447/2/2 2484/2/2
f 2448/2/2 2449/2/2 2485/2/2
f 2484/4/2 2448/4/2 2485/4/2
f 2449/3/2 2450/3/2 2486/3/2
f 2485/2/2 2449/2/2 2486/2/2
f 2450/2/2 2451/2/2 2487/2/2
f 2486/3/2 2450/3/2 2487/3/2
f 2451/5/2 2410/5/2 2488/5/2
f 2487/2/2 2451/2/2 2488/2/2
f 2410/2/2 2411/2/2 2489/2/2
f 2488/5/2 2410/5/2 2489/5/2
f 2411/4/2 2452/4/2 2490/4/2
f 2489/2/2 2411/2/2 2490/2/2
f 2452/3/2 2453/3/2 2491/3/2
f 2490/4/2 2452/4/2 2491/4/2
f 2453/4/2 2454/4/2 2492/4/2
f 2491/3/2 2453/3/2 2492/3/2
f 2454/5/2 2455/5/2 2493/5/2
f 2492/4/2 2454/4/2 2493/4/2
f 2455/3/2 2456/3/2 2494/3/2
f 2493/5/2 2455/5/2 2494/5/2
f 2456/2/2 2457/2/2 2495/2/2
f 2494/3/2 2456/3/2 2495/3/2
f 2457/4/2 2418/4/2 2496/4/2
f 2495/2/2 2457/2/2 2496/2/2
f 2418/2/2 2419/2/2 2497/2/2
f 2496/4/2 2418/4/2 2497/4/2
f 2419/5/2 2458/5/2 2498/5/2
f 2497/2/2 2419/2/2 2498/2/2
f 2458/4/2 2459/4/2 2499/4/2
f 2498/5/2 2458/5/2 2499/5/2
f 2459/3/2 2460/3/2 2500/3/2
f 2499/4/2 2459/4/2 2500/4/2
f 2460/2/2 2461/2/2 2501/2/2
f 2500/3/2 2460/3/2 2501/3/2
f 2461/4/2 2462/4/2 2502/4/2
f 2501/2/2 2461/2/2 2502/2/2
f 2462/5/2 2463/5/2 2503/5/2
f 2502/4/2 2462/4/2 2503/4/2
f 2463/3/2 2464/3/2 2504/3/2
f 2503/5/2 2463/5/2 2504/5/2
f 2464/4/2 2465/4/2 2505/4/2
f 2504/3/2 2464/3/2 2505/3/2
f 2465/3/2 2466/3/2 2506/3/2
f 2505/4/2 2465/4/2 2506/4/2
f 2466/3/2 2467/3/2 2506/3/2
f 2467/5/2 2430/5/2 2507/5/2
f 2506/3/2 2467/3/2 2507/3/2
f 2430/4/2 2468/4/2 2508/4/2
f 2507/5/2 2430/5/2 2508/5/2
f 2468/2/2 2469/2/2 2509/2/2
f 2508/4/2 2468/4/2 2509/4/2
f 2469/3/2 2470/3/2 2510/3/2
f 2509/2/2 2469/2/2 2510/2/2
f 2470/2/2 2471/2/2 2511/2/2
f 2510/3/2 2470/3/2 2511/3/2
f 2511/2/2 2471/2/2 2512/2/2
f 2513/6/2 2514/6/2 2555/6/2
f 2514/2/2 2515/2/2 2555/2/2
f 2515/3/2 2516/3/2 2556/3/2
f 2555/2/2 2515/2/2 2556/2/2
f 2516/3/2 2517/3/2 2556/3/2
f 2519/4/2 2520/4/2 2557/4/2
f 2520/4/2 2521/4/2 2557/4/2
f 2521/2/2 2522/2/2 2558/2/2
f 2557/4/2 2521/4/2 2558/4/2
f 2523/5/2 2524/5/2 2559/5/2
f 2524/3/2 2525/3/2 2559/3/2
f 2525/3/2 2526/3/2 2559/3/2
f 2526/3/2 2527/3/2 2559/3/2
f 2559/3/2 2527/3/2 2560/3/2
f 2560/3/2 2527/3/2 2561/3/2
f 2527/5/2 2528/5/2 2562/5/2
f 2561/3/2 2527/3/2 2562/3/2
f 2529/3/2 2530/3/2 2563/3/2
f 2530/2/2 2531/2/2 2563/2/2
f 2531/2/2 2532/2/2 2563/2/2
f 2532/2/2 2533/2/2 2563/2/2
f 2563/2/2 2533/2/2 2564/2/2
f 2533/5/2 2534/5/2 2565/5/2
f 2534/3/2 2535/3/2 2565/3/2
f 2535/2/2 2536/2/2 2566/2/2
f 2565/3/2 2535/3/2 2566/3/2
f 2536/3/2 2537/3/2 2567/3/2
f 2566/2/2 2536/2/2 2567/2/2
f 2537/2/2 2538/2/2 2568/2/2
f 2567/3/2 2537/3/2 2568/3/2
f 2538/5/2 2539/5/2 2569/5/2
f 2568/2/2 2538/2/2 2569/2/2
f 2539/2/2 2540/2/2 2570/2/2
f 2569/5/2 2539/5/2 2570/5/2
f 2540/2/2 2541/2/2 2570/2/2
f 2570/2/2 2541/2/2 2571/2/2
f 2541/4/2 2542/4/2 2572/4/2
f 2571/2/2 2541/2/2 2572/2/2
f 2542/3/2 2543/3/2 2573/3/2
f 2572/4/2 2542/4/2 2573/4/2
f 2544/4/2 2545/4/2 2574/4/2
f 2545/2/2 2546/2/2 2575/2/2
f 2574/4/2 2545/4/2 2575/4/2
f 2546/3/2 2547/3/2 2576/3/2
f 2575/2/2 2546/2/2 2576/2/2
f 2547/5/2 2548/5/2 2577/5/2
f 2576/3/2 2547/3/2 2577/3/2
f 2548/4/2 2549/4/2 2578/4/2
f 2577/5/2 2548/5/2 2578/5/2
f 2549/3/2 2550/3/2 2579/3/2
f 2578/4/2 2549/4/2 2579/4/2
f 2550/4/2 2551/4/2 2580/4/2
f 2579/3/2 2550/3/2 2580/3/2
f 2580/4/2 2551/4/2 2581/4/2
f 2553/2/2 2554/2/2 2582/2/2
f 2513/6/2 2555/6/2 2584/6/2
f 2555/4/2 2556/4/2 2585/4/2
f 2584/6/2 2555/6/2 2585/6/2
f 2556/3/2 2517/3/2 2586/3/2
f 2585/4/2 2556/4/2 2586/4/2
f 2517/4/2 2518/4/2 2587/4/2
f 2586/3/2 2517/3/2 2587/3/2
f 2518/5/2 2519/5/2 2588/5/2
f 2587/4/2 2518/4/2 2588/4/2
f 2519/4/2 2557/4/2 2589/4/2
f 2588/5/2 2519/5/2 2589/5/2
f 2557/3/2 2558/3/2 2590/3/2
f 2589/4/2 2557/4/2 2590/4/2
f 2558/2/2 2522/2/2 2591/2/2
f 2590/3/2 2558/3/2 2591/3/2
f 2522/4/2 2523/4/2 2592/4/2
f 2591/2/2 2522/2/2 2592/2/2
f 2523/5/2 2559/5/2 2593/5/2
f 2592/4/2 2523/4/2 2593/4/2
f 2559/4/2 2560/4/2 2594/4/2
f 2593/5/2 2559/5/2 2594/5/2
f 2560/3/2 2561/3/2 2595/3/2
f 2594/4/2 2560/4/2 2595/4/2
f 2561/4/2 2562/4/2 2596/4/2
f 2595/3/2 2561/3/2 2596/3/2
f 2562/5/2 2528/5/2 2597/5/2
f 2596/4/2 2562/4/2 2597/4/2
f 2528/4/2 2529/4/2 2598/4/2
f 2597/5/2 2528/5/2 2598/5/2
f 2529/3/2 2563/3/2 2599/3/2
f 2598/4/2 2529/4/2 2599/4/2
f 2563/4/2 2564/4/2 2600/4/2
f 2599/3/2 2563/3/2 2600/3/2
f 2564/2/2 2533/2/2 2601/2/2
f 2600/4/2 2564/4/2 2601/4/2
f 2533/5/2 2565/5/2 2602/5/2
f 2601/2/2 2533/2/2 2602/2/2
f 2565/2/2 2566/2/2 2603/2/2
f 2602/5/2 2565/5/2 2603/5/2
f 2566/4/2 2567/4/2 2604/4/2
f 2603/2/2 2566/2/2 2604/2/2
f 2567/2/2 2568/2/2 2605/2/2
f 2604/4/2 2567/4/2 2605/4/2
f 2568/3/2 2569/3/2 2606/3/2
f 2605/2/2 2568/2/2 2606/2/2
f 2569/5/2 2570/5/2 2607/5/2
f 2606/3/2 2569/3/2 2607/3/2
f 2570/3/2 2571/3/2 2608/3/2
f 2607/5/2 2570/5/2 2608/5/2
f 2571/4/2 2572/4/2 2609/4/2
f 2608/3/2 2571/3/2 2609/3/2
f 2572/3/2 2573/3/2 2610/3/2
f 2609/4/2 2572/4/2 2610/4/2
f 2543/5/2 2544/5/2 2611/5/2
f 2610/3/2 2573/3/2 2611/3/2
f 2573/3/2 2543/3/2 2611/3/2
f 2544/4/2 2574/4/2 2612/4/2
f 2611/5/2 2544/5/2 2612/5/2
f 2574/2/2 2575/2/2 2613/2/2
f 2612/4/2 2574/4/2 2613/4/2
f 2575/4/2 2576/4/2 2614/4/2
f 2613/2/2 2575/2/2 2614/2/2
f 2576/2/2 2577/2/2 2615/2/2
f 2614/4/2 2576/4/2 2615/4/2
f 2577/5/2 2578/5/2 2616/5/2
f 2615/2/2 2577/2/2 2616/2/2
f 2578/2/2 2579/2/2 2617/2/2
f 2616/5/2 2578/5/2 2617/5/2
f 2579/4/2 2580/4/2 2618/4/2
f 2617/2/2 2579/2/2 2618/2/2
f 2580/3/2 2581/3/2 2619/3/2
f 2618/4/2 2580/4/2 2619/4/2
f 2581/4/2 2551/4/2 2620/4/2
f 2619/3/2 2581/3/2 2620/3/2
f 2551/5/2 2552/5/2 2621/5/2
f 2620/4/2 2551/4/2 2621/4/2
f 2552/3/2 2553/3/2 2622/3/2
f 2621/5/2 2552/5/2 2622/5/2
f 2553/2/2 2582/2/2 2623/2/2
f 2622/3/2 2553/3/2 2623/3/2
f 2582/3/2 2583/3/2 2624/3/2
f 2623/2/2 2582/2/2 2624/2/2
f 2624/3/2 2583/3/2 2625/3/2
f 2627/3/2 2628/3/2 2668/3/2
f 2628/4/2 2629/4/2 2668/4/2
f 2668/4/2 2629/4/2 2669/4/2
f 2629/2/2 2630/2/2 2670/2/2
f 2669/4/2 2629/4/2 2670/4/2
f 2630/5/2 2631/5/2 2671/5/2
f 2670/2/2 2630/2/2 2671/2/2
f 2632/4/2 2633/4/2 2672/4/2
f 2633/2/2 2634/2/2 2673/2/2
f 2672/4/2 2633/4/2 2673/4/2
f 2634/5/2 2635/5/2 2674/5/2
f 2673/2/2 2634/2/2 2674/2/2
f 2635/4/2 2636/4/2 2675/4/2
f 2636/4/2 2637/4/2 2675/4/2
f 2637/3/2 2638/3/2 2676/3/2
f 2675/4/2 2637/4/2 2676/4/2
f 2638/5/2 2639/5/2 2677/5/2
f 2676/3/2 2638/3/2 2677/3/2
f 2639/2/2 2640/2/2 2678/2/2
f 2677/5/2 2639/5/2 2678/5/2
f 2640/3/2 2641/3/2 2679/3/2
f 2678/2/2 2640/2/2 2679/2/2
f 2641/4/2 2642/4/2 2680/4/2
f 2679/3/2 2641/3/2 2680/3/2
f 2642/2/2 2643/2/2 2681/2/2
f 2680/4/2 2642/4/2 2681/4/2
f 2643/4/2 2644/4/2 2682/4/2
f 2681/2/2 2643/2/2 2682/2/2
f 2644/5/2 2645/5/2 2683/5/2
f 2682/4/2 2644/4/2 2683/4/2
f 2645/2/2 2646/2/2 2684/2/2
f 2683/5/2 2645/5/2 2684/5/2
f 2646/3/2 2647/3/2 2685/3/2
f 2684/2/2 2646/2/2 2685/2/2
f 2647/4/2 2648/4/2 2686/4/2
f 2685/3/2 2647/3/2 2686/3/2
f 2686/4/2 2648/4/2 2687/4/2
f 2648/5/2 2649/5/2 2688/5/2
f 2687/4/2 2648/4/2 2688/4/2
f 2649/2/2 2650/2/2 2689/2/2
f 2688/5/2 2649/5/2 2689/5/2
f 2650/2/2 2651/2/2 2689/2/2
f 2689/2/2 2651/2/2 2690/2/2
f 2651/4/2 2652/4/2 2691/4/2
f 2690/2/2 2651/2/2 2691/2/2
f 2652/2/2 2653/2/2 2692/2/2
f 2691/4/2 2652/4/2 2692/4/2
f 2653/3/2 2654/3/2 2693/3/2
f 2692/2/2 2653/2/2 2693/2/2
f 2654/5/2 2655/5/2 2694/5/2
f 2693/3/2 2654/3/2 2694/3/2
f 2655/3/2 2656/3/2 2695/3/2
f 2656/3/2 2657/3/2 2695/3/2
f 2657/3/2 2658/3/2 2695/3/2
f 2658/4/2 2659/4/2 2696/4/2
f 2695/3/2 2658/3/2 2696/3/2
f 2659/5/2 2660/5/2 2697/5/2
f 2696/4/2 2659/4/2 2697/4/2
f 2660/3/2 2661/3/2 2698/3/2
f 2697/5/2 2660/5/2 2698/5/2
f 2661/2/2 2662/2/2 2699/2/2
f 2698/3/2 2661/3/2 2699/3/2
f 2662/3/2 2663/3/2 2700/3/2
f 2699/2/2 2662/2/2 2700/2/2
f 2663/3/2 2664/3/2 2700/3/2
f 2664/5/2 2665/5/2 2701/5/2
f 2700/3/2 2664/3/2 2701/3/2
f 2666/2/2 2667/2/2 2702/2/2
f 2701/5/2 2665/5/2 2702/5/2
f 2665/2/2 2666/2/2 2702/2/2
f 2702/2/2 2667/2/2 2703/2/2
f 2626/6/2 2627/6/2 2704/6/2
f 2627/3/2 2668/3/2 2705/3/2
f 2704/6/2 2627/6/2 2705/6/2
f 2668/3/2 2669/3/2 2705/3/2
f 2669/2/2 2670/2/2 2706/2/2
f 2705/3/2 2669/3/2 2706/3/2
f 2670/3/2 2671/3/2 2707/3/2
f 2706/2/2 2670/2/2 2707/2/2
f 2671/5/2 2631/5/2 2708/5/2
f 2707/3/2 2671/3/2 2708/3/2
f 2631/3/2 2632/3/2 2709/3/2
f 2708/5/2 2631/5/2 2709/5/2
f 2632/4/2 2672/4/2 2710/4/2
f 2709/3/2 2632/3/2 2710/3/2
f 2672/2/2 2673/2/2 2711/2/2
f 2710/4/2 2672/4/2 2711/4/2
f 2673/4/2 2674/4/2 2712/4/2
f 2711/2/2 2673/2/2 2712/2/2
f 2674/5/2 2635/5/2 2713/5/2
f 2712/4/2 2674/4/2 2713/4/2
f 2635/4/2 2675/4/2 2714/4/2
f 2713/5/2 2635/5/2 2714/5/2
f 2675/3/2 2676/3/2 2715/3/2
f 2714/4/2 2675/4/2 2715/4/2
f 2676/2/2 2677/2/2 2716/2/2
f 2715/3/2 2676/3/2 2716/3/2
f 2677/5/2 2678/5/2 2717/5/2
f 2716/2/2 2677/2/2 2717/2/2
f 2678/4/2 2679/4/2 2718/4/2
f 2717/5/2 2678/5/2 2718/5/2
f 2679/2/2 2680/2/2 2719/2/2
f 2718/4/2 2679/4/2 2719/4/2
f 2680/3/2 2681/3/2 2720/3/2
f 2719/2/2 2680/2/2 2720/2/2
f 2681/4/2 2682/4/2 2721/4/2
f 2720/3/2 2681/3/2 2721/3/2
f 2682/3/2 2683/3/2 2722/3/2
f 2721/4/2 2682/4/2 2722/4/2
f 2683/5/2 2684/5/2 2723/5/2
f 2722/3/2 2683/3/2 2723/3/2
f 2684/4/2 2685/4/2 2724/4/2
f 2723/5/2 2684/5/2 2724/5/2
f 2685/4/2 2686/4/2 2724/4/2
f 2686/2/2 2687/2/2 2725/2/2
f 2724/4/2 2686/4/2 2725/4/2
f 2687/3/2 2688/3/2 2726/3/2
f 2725/2/2 2687/2/2 2726/2/2
f 2688/5/2 2689/5/2 2727/5/2
f 2726/3/2 2688/3/2 2727/3/2
f 2689/4/2 2690/4/2 2728/4/2
f 2727/5/2 2689/5/2 2728/5/2
f 2690/2/2 2691/2/2 2729/2/2
f 2728/4/2 2690/4/2 2729/4/2
f 2691/2/2 2692/2/2 2729/2/2
f 2692/3/2 2693/3/2 2730/3/2
f 2729/2/2 2692/2/2 2730/2/2
f 2693/4/2 2694/4/2 2731/4/2
f 2730/3/2 2693/3/2 2731/3/2
f 2694/5/2 2655/5/2 2732/5/2
f 2731/4/2 2694/4/2 2732/4/2
f 2655/3/2 2695/3/2 2733/3/2
f 2732/5/2 2655/5/2 2733/5/2
f 2695/4/2 2696/4/2 2734/4/2
f 2733/3/2 2695/3/2 2734/3/2
f 2696/3/2 2697/3/2 2735/3/2
f 2734/4/2 2696/4/2 2735/4/2
f 2697/5/2 2698/5/2 2736/5/2
f 2735/3/2 2697/3/2 2736/3/2
f 2700/2/2 2701/2/2 2737/2/2
f 2736/5/2 2698/5/2 2737/5/2
f 2699/2/2 2700/2/2 2737/2/2
f 2698/2/2 2699/2/2 2737/2/2
f 2701/5/2 2702/5/2 2738/5/2
f 2737/2/2 2701/2/2 2738/2/2
f 2702/3/2 2703/3/2 2739/3/2
f 2738/5/2 2702/5/2 2739/5/2
f 2739/3/2 2703/3/2 2740/3/2
f 2741/7/2 2742/7/2 2743/7/2
f 2743/7/2 2742/7/2 2744/7/2
f 2745/6/2 2746/6/2 2790/6/2
f 2746/3/2 2747/3/2 2791/3/2
f 2790/6/2 2746/6/2 2791/6/2
f 2747/4/2 2748/4/2 2792/4/2
f 2791/3/2 2747/3/2 2792/3/2
f 2748/4/2 2749/4/2 2792/4/2
f 2749/4/2 2750/4/2 2792/4/2
f 2750/5/2 2751/5/2 2793/5/2
f 2792/4/2 2750/4/2 2793/4/2
f 2751/2/2 2752/2/2 2794/2/2
f 2793/5/2 2751/5/2 2794/5/2
f 2752/3/2 2753/3/2 2795/3/2
f 2794/2/2 2752/2/2 2795/2/2
f 2753/3/2 2754/3/2 2795/3/2
f 2754/4/2 2755/4/2 2796/4/2
f 2795/3/2 2754/3/2 2796/3/2
f 2755/5/2 2756/5/2 2797/5/2
f 2796/4/2 2755/4/2 2797/4/2
f 2756/4/2 2757/4/2 2798/4/2
f 2797/5/2 2756/5/2 2798/5/2
f 2757/2/2 2758/2/2 2799/2/2
f 2798/4/2 2757/4/2 2799/4/2
f 2758/4/2 2759/4/2 2800/4/2
f 2799/2/2 2758/2/2 2800/2/2
f 2759/4/2 2760/4/2 2800/4/2
f 2760/5/2 2761/5/2 2801/5/2
f 2800/4/2 2760/4/2 2801/4/2
f 2761/3/2 2762/3/2 2802/3/2
f 2801/5/2 2761/5/2 2802/5/2
f 2762/3/2 2763/3/2 2802/3/2
f 2763/3/2 2764/3/2 2802/3/2
f 2764/3/2 2765/3/2 2802/3/2
f 2765/5/2 2766/5/2 2803/5/2
f 2802/3/2 2765/3/2 2803/3/2
f 2766/2/2 2767/2/2 2804/2/2
f 2803/5/2 2766/5/2 2804/5/2
f 2767/2/2 2768/2/2 2804/2/2
f 2768/2/2 2769/2/2 2804/2/2
f 2769/2/2 2770/2/2 2804/2/2
f 2770/5/2 2771/5/2 2805/5/2
f 2804/2/2 2770/2/2 2805/2/2
f 2771/4/2 2772/4/2 2806/4/2
f 2805/5/2 2771/5/2 2806/5/2
f 2772/2/2 2773/2/2 2807/2/2
f 2806/4/2 2772/4/2 2807/4/2
f 2773/4/2 2774/4/2 2808/4/2
f 2807/2/2 2773/2/2 2808/2/2
f 2774/3/2 2775/3/2 2809/3/2
f 2808/4/2 2774/4/2 2809/4/2
f 2775/2/2 2776/2/2 2810/2/2
f 2809/3/2 2775/3/2 2810/3/2
f 2776/5/2 2777/5/2 2811/5/2
f 2810/2/2 2776/2/2 2811/2/2
f 2777/2/2 2778/2/2 2812/2/2
f 2811/5/2 2777/5/2 2812/5/2
f 2778/3/2 2779/3/2 2813/3/2
f 2812/2/2 2778/2/2 2813/2/2
f 2780/4/2 2781/4/2 2814/4/2
f 2813/3/2 2779/3/2 2814/3/2
f 2779/4/2 2780/4/2 2814/4/2
f 2781/5/2 2782/5/2 2815/5/2
f 2814/4/2 2781/4/2 2815/4/2
f 2783/3/2 2784/3/2 2816/3/2
f 2815/5/2 2782/5/2 2816/5/2
f 2782/3/2 2783/3/2 2816/3/2
f 2784/2/2 2785/2/2 2817/2/2
f 2816/3/2 2784/3/2 2817/3/2
f 2785/3/2 2786/3/2 2818/3/2
f 2817/2/2 2785/2/2 2818/2/2
f 2786/5/2 2787/5/2 2819/5/2
f 2818/3/2 2786/3/2 2819/3/2
f 2787/3/2 2788/3/2 2820/3/2
f 2819/5/2 2787/5/2 2820/5/2
f 2788/4/2 2789/4/2 2821/4/2
f 2820/3/2 2788/3/2 2821/3/2
f 2821/4/2 2789/4/2 2822/4/2
f 2823/6/2 2824/6/2 2865/6/2
f 2824/2/2 2825/2/2 2865/2/2
f 2825/3/2 2826/3/2 2866/3/2
f 2865/2/2 2825/2/2 2866/2/2
f 2826/3/2 2827/3/2 2866/3/2
f 2827/3/2 2828/3/2 2866/3/2
f 2866/3/2 2828/3/2 2867/3/2
f 2867/3/2 2828/3/2 2868/3/2
f 2828/5/2 2829/5/2 2869/5/2
f 2868/3/2 2828/3/2 2869/3/2
f 2829/4/2 2830/4/2 2870/4/2
f 2869/5/2 2829/5/2 2870/5/2
f 2830/3/2 2831/3/2 2871/3/2
f 2870/4/2 2830/4/2 2871/4/2
f 2831/4/2 2832/4/2 2872/4/2
f 2871/3/2 2831/3/2 2872/3/2
f 2833/5/2 2834/5/2 2873/5/2
f 2834/4/2 2835/4/2 2873/4/2
f 2835/2/2 2836/2/2 2874/2/2
f 2873/4/2 2835/4/2 2874/4/2
f 2836/3/2 2837/3/2 2875/3/2
f 2837/5/2 2838/5/2 2876/5/2
f 2875/3/2 2837/3/2 2876/3/2
f 2838/4/2 2839/4/2 2877/4/2
f 2876/5/2 2838/5/2 2877/5/2
f 2839/4/2 2840/4/2 2877/4/2
f 2877/4/2 2840/4/2 2878/4/2
f 2840/3/2 2841/3/2 2879/3/2
f 2878/4/2 2840/4/2 2879/4/2
f 2841/2/2 2842/2/2 2880/2/2
f 2879/3/2 2841/3/2 2880/3/2
f 2842/5/2 2843/5/2 2881/5/2
f 2880/2/2 2842/2/2 2881/2/2
f 2843/3/2 2844/3/2 2882/3/2
f 2881/5/2 2843/5/2 2882/5/2
f 2844/2/2 2845/2/2 2883/2/2
f 2882/3/2 2844/3/2 2883/3/2
f 2845/4/2 2846/4/2 2884/4/2
f 2883/2/2 2845/2/2 2884/2/2
f 2846/2/2 2847/2/2 2885/2/2
f 2884/4/2 2846/4/2 2885/4/2
f 2847/5/2 2848/5/2 2886/5/2
f 2885/2/2 2847/2/2 2886/2/2
f 2848/3/2 2849/3/2 2887/3/2
f 2886/5/2 2848/5/2 2887/5/2
f 2849/4/2 2850/4/2 2888/4/2
f 2887/3/2 2849/3/2 2888/3/2
f 2850/4/2 2851/4/2 2888/4/2
f 2851/4/2 2852/4/2 2888/4/2
f 2888/4/2 2852/4/2 2889/4/2
f 2852/3/2 2853/3/2 2890/3/2
f 2889/4/2 2852/4/2 2890/4/2
f 2853/5/2 2854/5/2 2891/5/2
f 2890/3/2 2853/3/2 2891/3/2
f 2854/3/2 2855/3/2 2892/3/2
f 2855/4/2 2856/4/2 2892/4/2
f 2856/2/2 2857/2/2 2893/2/2
f 2892/4/2 2856/4/2 2893/4/2
f 2857/3/2 2858/3/2 2894/3/2
f 2893/2/2 2857/2/2 2894/2/2
f 2858/5/2 2859/5/2 2895/5/2
f 2894/3/2 2858/3/2 2895/3/2
f 2859/2/2 2860/2/2 2896/2/2
f 2895/5/2 2859/5/2 2896/5/2
f 2860/3/2 2861/3/2 2897/3/2
f 2896/2/2 2860/2/2 2897/2/2
f 2861/2/2 2862/2/2 2898/2/2
f 2897/3/2 2861/3/2 2898/3/2
f 2862/5/2 2863/5/2 2899/5/2
f 2898/2/2 2862/2/2 2899/2/2
f 2863/4/2 2864/4/2 2900/4/2
f 2823/6/2 2865/6/2 2901/6/2
f 2865/4/2 2866/4/2 2902/4/2
f 2901/6/2 2865/6/2 2902/6/2
f 2866/3/2 2867/3/2 2903/3/2
f 2902/4/2 2866/4/2 2903/4/2
f 2867/4/2 2868/4/2 2904/4/2
f 2903/3/2 2867/3/2 2904/3/2
f 2868/2/2 2869/2/2 2905/2/2
f 2904/4/2 2868/4/2 2905/4/2
f 2869/5/2 2870/5/2 2906/5/2
f 2905/2/2 2869/2/2 2906/2/2
f 2870/3/2 2871/3/2 2907/3/2
f 2906/5/2 2870/5/2 2907/5/2
f 2871/2/2 2872/2/2 2908/2/2
f 2907/3/2 2871/3/2 2908/3/2
f 2872/4/2 2832/4/2 2909/4/2
f 2908/2/2 2872/2/2 2909/2/2
f 2832/2/2 2833/2/2 2910/2/2
f 2909/4/2 2832/4/2 2910/4/2
f 2833/5/2 2873/5/2 2911/5/2
f 2910/2/2 2833/2/2 2911/2/2
f 2873/3/2 2874/3/2 2912/3/2
f 2911/5/2 2873/5/2 2912/5/2
f 2874/2/2 2836/2/2 2913/2/2
f 2912/3/2 2874/3/2 2913/3/2
f 2836/3/2 2875/3/2 2914/3/2
f 2913/2/2 2836/2/2 2914/2/2
f 2875/4/2 2876/4/2 2915/4/2
f 2914/3/2 2875/3/2 2915/3/2
f 2876/5/2 2877/5/2 2916/5/2
f 2915/4/2 2876/4/2 2916/4/2
f 2877/2/2 2878/2/2 2917/2/2
f 2916/5/2 2877/5/2 2917/5/2
f 2878/4/2 2879/4/2 2918/4/2
f 2917/2/2 2878/2/2 2918/2/2
f 2879/2/2 2880/2/2 2919/2/2
f 2918/4/2 2879/4/2 2919/4/2
f 2880/4/2 2881/4/2 2920/4/2
f 2919/2/2 2880/2/2 2920/2/2
f 2881/5/2 2882/5/2 2921/5/2
f 2920/4/2 2881/4/2 2921/4/2
f 2882/4/2 2883/4/2 2922/4/2
f 2921/5/2 2882/5/2 2922/5/2
f 2883/3/2 2884/3/2 2923/3/2
f 2922/4/2 2883/4/2 2923/4/2
f 2884/2/2 2885/2/2 2924/2/2
f 2923/3/2 2884/3/2 2924/3/2
f 2885/3/2 2886/3/2 2925/3/2
f 2924/2/2 2885/2/2 2925/2/2
f 2886/5/2 2887/5/2 2926/5/2
f 2925/3/2 2886/3/2 2926/3/2
f 2888/4/2 2889/4/2 2927/4/2
f 2926/5/2 2887/5/2 2927/5/2
f 2887/4/2 2888/4/2 2927/4/2
f 2889/3/2 2890/3/2 2928/3/2
f 2927/4/2 2889/4/2 2928/4/2
f 2890/4/2 2891/4/2 2929/4/2
f 2928/3/2 2890/3/2 2929/3/2
f 2891/5/2 2854/5/2 2930/5/2
f 2929/4/2 2891/4/2 2930/4/2
f 2854/3/2 2892/3/2 2931/3/2
f 2930/5/2 2854/5/2 2931/5/2
f 2892/3/2 2893/3/2 2931/3/2
f 2893/3/2 2894/3/2 2931/3/2
f 2894/4/2 2895/4/2 2932/4/2
f 2931/3/2 2894/3/2 2932/3/2
f 2895/5/2 2896/5/2 2933/5/2
f 2932/4/2 2895/4/2 2933/4/2
f 2896/4/2 2897/4/2 2934/4/2
f 2933/5/2 2896/5/2 2934/5/2
f 2897/3/2 2898/3/2 2935/3/2
f 2934/4/2 2897/4/2 2935/4/2
f 2898/4/2 2899/4/2 2936/4/2
f 2935/3/2 2898/3/2 2936/3/2
f 2899/5/2 2863/5/2 2937/5/2
f 2936/4/2 2899/4/2 2937/4/2
f 2863/4/2 2900/4/2 2938/4/2
f 2937/5/2 2863/5/2 2938/5/2
f 2938/4/2 2900/4/2 2939/4/2
f 2940/7/2 2941/7/2 2942/7/2
f 2942/7/2 2941/7/2 2943/7/2
f 2945/4/2 2946/4/2 2981/4/2
f 2946/4/2 2947/4/2 2981/4/2
f 2947/4/2 2948/4/2 2981/4/2
f 2981/4/2 2948/4/2 2982/4/2
f 2948/3/2 2949/3/2 2983/3/2
f 2982/4/2 2948/4/2 2983/4/2
f 2950/3/2 2951/3/2 2984/3/2
f 2951/2/2 2952/2/2 2985/2/2
f 2984/3/2 2951/3/2 2985/3/2
f 2985/2/2 2952/2/2 2986/2/2
f 2952/5/2 2953/5/2 2987/5/2
f 2986/2/2 2952/2/2 2987/2/2
f 2953/3/2 2954/3/2 2988/3/2
f 2987/5/2 2953/5/2 2988/5/2
f 2954/2/2 2955/2/2 2989/2/2
f 2988/3/2 2954/3/2 2989/3/2
f 2955/3/2 2956/3/2 2990/3/2
f 2989/2/2 2955/2/2 2990/2/2
f 2956/4/2 2957/4/2 2991/4/2
f 2990/3/2 2956/3/2 2991/3/2
f 2957/5/2 2958/5/2 2992/5/2
f 2991/4/2 2957/4/2 2992/4/2
f 2958/2/2 2959/2/2 2993/2/2
f 2959/3/2 2960/3/2 2993/3/2
f 2960/2/2 2961/2/2 2994/2/2
f 2993/3/2 2960/3/2 2994/3/2
f 2961/2/2 2962/2/2 2994/2/2
f 2994/2/2 2962/2/2 2995/2/2
f 2995/2/2 2962/2/2 2996/2/2
f 2962/5/2 2963/5/2 2997/5/2
f 2996/2/2 2962/2/2 2997/2/2
f 2963/3/2 2964/3/2 2998/3/2
f 2964/3/2 2965/3/2 2998/3/2
f 2965/4/2 2966/4/2 2999/4/2
f 2998/3/2 2965/3/2 2999/3/2
f 2966/5/2 2967/5/2 3000/5/2
f 2999/4/2 2966/4/2 3000/4/2
f 2967/3/2 2968/3/2 3001/3/2
f 2968/2/2 2969/2/2 3001/2/2
f 2969/4/2 2970/4/2 3002/4/2
f 3001/2/2 2969/2/2 3002/2/2
f 2972/5/2 2973/5/2 3003/5/2
f 2973/2/2 2974/2/2 3003/2/2
f 2974/2/2 2975/2/2 3003/2/2
f 3003/2/2 2975/2/2 3004/2/2
f 3004/2/2 2975/2/2 3005/2/2
f 2975/5/2 2976/5/2 3006/5/2
f 3005/2/2 2975/2/2 3006/2/2
f 2976/2/2 2977/2/2 3007/2/2
f 3006/5/2 2976/5/2 3007/5/2
f 3007/2/2 2977/2/2 3008/2/2
f 2978/4/2 2979/4/2 3009/4/2
f 3008/2/2 2977/2/2 3009/2/2
f 2977/4/2 2978/4/2 3009/4/2
f 3009/4/2 2979/4/2 3010/4/2
f 2979/5/2 2980/5/2 3011/5/2
f 2944/6/2 2945/6/2 3012/6/2
f 2945/4/2 2981/4/2 3012/4/2
f 2981/2/2 2982/2/2 3013/2/2
f 3012/4/2 2981/4/2 3013/4/2
f 2982/3/2 2983/3/2 3014/3/2
f 3013/2/2 2982/2/2 3014/2/2
f 2983/3/2 2949/3/2 3015/3/2
f 3014/3/2 2983/3/2 3015/3/2
f 2949/5/2 2950/5/2 3016/5/2
f 2950/3/2 2984/3/2 3016/3/2
f 2984/4/2 2985/4/2 3017/4/2
f 3016/3/2 2984/3/2 3017/3/2
f 2985/2/2 2986/2/2 3018/2/2
f 3017/4/2 2985/4/2 3018/4/2
f 2986/3/2 2987/3/2 3019/3/2
f 3018/2/2 2986/2/2 3019/2/2
f 2987/5/2 2988/5/2 3020/5/2
f 2988/4/2 2989/4/2 3020/4/2
f 2989/2/2 2990/2/2 3021/2/2
f 3020/4/2 2989/4/2 3021/4/2
f 2990/2/2 2991/2/2 3021/2/2
f 2991/2/2 2992/2/2 3021/2/2
f 2992/5/2 2958/5/2 3022/5/2
f 3021/2/2 2992/2/2 3022/2/2
f 2958/2/2 2993/2/2 3023/2/2
f 3022/5/2 2958/5/2 3023/5/2
f 2993/4/2 2994/4/2 3024/4/2
f 3023/2/2 2993/2/2 3024/2/2
f 2994/2/2 2995/2/2 3025/2/2
f 3024/4/2 2994/4/2 3025/4/2
f 2995/4/2 2996/4/2 3026/4/2
f 3025/2/2 2995/2/2 3026/2/2
f 2996/3/2 2997/3/2 3027/3/2
f 3026/4/2 2996/4/2 3027/4/2
f 2997/5/2 2963/5/2 3028/5/2
f 3027/3/2 2997/3/2 3028/3/2
f 2963/3/2 2998/3/2 3029/3/2
f 3028/5/2 2963/5/2 3029/5/2
f 2998/2/2 2999/2/2 3030/2/2
f 3029/3/2 2998/3/2 3030/3/2
f 2999/3/2 3000/3/2 3031/3/2
f 3030/2/2 2999/2/2 3031/2/2
f 3000/5/2 2967/5/2 3032/5/2
f 3031/3/2 3000/3/2 3032/3/2
f 2967/3/2 3001/3/2 3033/3/2
f 3032/5/2 2967/5/2 3033/5/2
f 3001/3/2 3002/3/2 3033/3/2
f 3002/4/2 2970/4/2 3034/4/2
f 3033/3/2 3002/3/2 3034/3/2
f 2970/3/2 2971/3/2 3035/3/2
f 3034/4/2 2970/4/2 3035/4/2
f 2971/2/2 2972/2/2 3036/2/2
f 3035/3/2 2971/3/2 3036/3/2
f 2972/5/2 3003/5/2 3037/5/2
f 3036/2/2 2972/2/2 3037/2/2
f 3003/3/2 3004/3/2 3038/3/2
f 3037/5/2 3003/5/2 3038/5/2
f 3004/4/2 3005/4/2 3039/4/2
f 3038/3/2 3004/3/2 3039/3/2
f 3039/4/2 3005/4/2 3040/4/2
f 3005/3/2 3006/3/2 3041/3/2
f 3040/4/2 3005/4/2 3041/4/2
f 3006/5/2 3007/5/2 3042/5/2
f 3041/3/2 3006/3/2 3042/3/2
f 3007/3/2 3008/3/2 3043/3/2
f 3042/5/2 3007/5/2 3043/5/2
f 3008/4/2 3009/4/2 3044/4/2
f 3043/3/2 3008/3/2 3044/3/2
f 3009/3/2 3010/3/2 3045/3/2
f 3044/4/2 3009/4/2 3045/4/2
f 3010/4/2 2979/4/2 3046/4/2
f 3045/3/2 3010/3/2 3046/3/2
f 2979/5/2 3011/5/2 3047/5/2
f 3046/4/2 2979/4/2 3047/4/2
f 2944/6/2 3012/6/2 3048/6/2
f 3012/3/2 3013/3/2 3049/3/2
f 3048/6/2 3012/6/2 3049/6/2
f 3013/4/2 3014/4/2 3050/4/2
f 3049/3/2 3013/3/2 3050/3/2
f 3014/2/2 3015/2/2 3051/2/2
f 3050/4/2 3014/4/2 3051/4/2
f 3015/3/2 2949/3/2 3052/3/2
f 3051/2/2 3015/2/2 3052/2/2
f 2949/5/2 3016/5/2 3053/5/2
f 3052/3/2 2949/3/2 3053/3/2
f 3016/2/2 3017/2/2 3054/2/2
f 3053/5/2 3016/5/2 3054/5/2
f 3017/4/2 3018/4/2 3055/4/2
f 3054/2/2 3017/2/2 3055/2/2
f 3018/4/2 3019/4/2 3055/4/2
f 3019/3/2 2987/3/2 3056/3/2
f 3055/4/2 3019/4/2 3056/4/2
f 2987/5/2 3020/5/2 3057/5/2
f 3056/3/2 2987/3/2 3057/3/2
f 3020/3/2 3021/3/2 3058/3/2
f 3057/5/2 3020/5/2 3058/5/2
f 3021/4/2 3022/4/2 3059/4/2
f 3058/3/2 3021/3/2 3059/3/2
f 3022/5/2 3023/5/2 3060/5/2
f 3059/4/2 3022/4/2 3060/4/2
f 3024/3/2 3025/3/2 3061/3/2
f 3060/5/2 3023/5/2 3061/5/2
f 3023/3/2 3024/3/2 3061/3/2
f 3025/2/2 3026/2/2 3062/2/2
f 3061/3/2 3025/3/2 3062/3/2
f 3026/3/2 3027/3/2 3063/3/2
f 3062/2/2 3026/2/2 3063/2/2
f 3027/2/2 3028/2/2 3064/2/2
f 3063/3/2 3027/3/2 3064/3/2
f 3028/5/2 3029/5/2 3065/5/2
f 3064/2/2 3028/2/2 3065/2/2
f 3029/4/2 3030/4/2 3066/4/2
f 3065/5/2 3029/5/2 3066/5/2
f 3030/3/2 3031/3/2 3067/3/2
f 3066/4/2 3030/4/2 3067/4/2
f 3031/4/2 3032/4/2 3068/4/2
f 3067/3/2 3031/3/2 3068/3/2
f 3032/5/2 3033/5/2 3069/5/2
f 3068/4/2 3032/4/2 3069/4/2
f 3033/4/2 3034/4/2 3070/4/2
f 3069/5/2 3033/5/2 3070/5/2
f 3034/2/2 3035/2/2 3071/2/2
f 3070/4/2 3034/4/2 3071/4/2
f 3036/3/2 3037/3/2 3072/3/2
f 3071/2/2 3035/2/2 3072/2/2
f 3035/3/2 3036/3/2 3072/3/2
f 3037/5/2 3038/5/2 3073/5/2
f 3072/3/2 3037/3/2 3073/3/2
f 3038/4/2 3039/4/2 3074/4/2
f 3073/5/2 3038/5/2 3074/5/2
f 3039/3/2 3040/3/2 3075/3/2
f 3074/4/2 3039/4/2 3075/4/2
f 3040/2/2 3041/2/2 3076/2/2
f 3075/3/2 3040/3/2 3076/3/2
f 3041/4/2 3042/4/2 3077/4/2
f 3076/2/2 3041/2/2 3077/2/2
f 3042/5/2 3043/5/2 3078/5/2
f 3077/4/2 3042/4/2 3078/4/2
f 3043/2/2 3044/2/2 3079/2/2
f 3078/5/2 3043/5/2 3079/5/2
f 3044/4/2 3045/4/2 3080/4/2
f 3079/2/2 3044/2/2 3080/2/2
f 3045/4/2 3046/4/2 3080/4/2
f 3046/2/2 3047/2/2 3081/2/2
f 3080/4/2 3046/4/2 3081/4/2
f 3047/5/2 3011/5/2 3082/5/2
f 3081/2/2 3047/2/2 3082/2/2
f 3082/5/2 3011/5/2 3083/5/2
f 3084/6/2 3085/6/2 3122/6/2
f 3085/4/2 3086/4/2 3123/4/2
f 3122/6/2 3085/6/2 3123/6/2
f 3086/2/2 3087/2/2 3124/2/2
f 3123/4/2 3086/4/2 3124/4/2
f 3087/4/2 3088/4/2 3125/4/2
f 3124/2/2 3087/2/2 3125/2/2
f 3088/2/2 3089/2/2 3126/2/2
f 3125/4/2 3088/4/2 3126/4/2
f 3089/5/2 3090/5/2 3127/5/2
f 3126/2/2 3089/2/2 3127/2/2
f 3090/2/2 3091/2/2 3128/2/2
f 3127/5/2 3090/5/2 3128/5/2
f 3091/4/2 3092/4/2 3129/4/2
f 3128/2/2 3091/2/2 3129/2/2
f 3092/4/2 3093/4/2 3129/4/2
f 3093/5/2 3094/5/2 3130/5/2
f 3129/4/2 3093/4/2 3130/4/2
f 3094/3/2 3095/3/2 3131/3/2
f 3130/5/2 3094/5/2 3131/5/2
f 3095/3/2 3096/3/2 3131/3/2
f 3096/2/2 3097/2/2 3132/2/2
f 3131/3/2 3096/3/2 3132/3/2
f 3097/5/2 3098/5/2 3133/5/2
f 3132/2/2 3097/2/2 3133/2/2
f 3098/3/2 3099/3/2 3134/3/2
f 3133/5/2 3098/5/2 3134/5/2
f 3099/3/2 3100/3/2 3134/3/2
f 3100/4/2 3101/4/2 3135/4/2
f 3134/3/2 3100/3/2 3135/3/2
f 3101/3/2 3102/3/2 3136/3/2
f 3135/4/2 3101/4/2 3136/4/2
f 3102/5/2 3103/5/2 3137/5/2
f 3136/3/2 3102/3/2 3137/3/2
f 3103/4/2 3104/4/2 3138/4/2
f 3137/5/2 3103/5/2 3138/5/2
f 3104/2/2 3105/2/2 3139/2/2
f 3138/4/2 3104/4/2 3139/4/2
f 3105/2/2 3106/2/2 3139/2/2
f 3106/5/2 3107/5/2 3140/5/2
f 3139/2/2 3106/2/2 3140/2/2
f 3107/4/2 3108/4/2 3141/4/2
f 3140/5/2 3107/5/2 3141/5/2
f 3108/3/2 3109/3/2 3142/3/2
f 3141/4/2 3108/4/2 3142/4/2
f 3109/2/2 3110/2/2 3143/2/2
f 3142/3/2 3109/3/2 3143/3/2
f 3110/3/2 3111/3/2 3144/3/2
f 3143/2/2 3110/2/2 3144/2/2
f 3111/5/2 3112/5/2 3145/5/2
f 3144/3/2 3111/3/2 3145/3/2
f 3112/2/2 3113/2/2 3146/2/2
f 3145/5/2 3112/5/2 3146/5/2
f 3113/3/2 3114/3/2 3147/3/2
f 3146/2/2 3113/2/2 3147/2/2
f 3114/3/2 3115/3/2 3147/3/2
f 3115/5/2 3116/5/2 3148/5/2
f 3147/3/2 3115/3/2 3148/3/2
f 3117/3/2 3118/3/2 3149/3/2
f 3148/5/2 3116/5/2 3149/5/2
f 3116/3/2 3117/3/2 3149/3/2
f 3118/4/2 3119/4/2 3150/4/2
f 3149/3/2 3118/3/2 3150/3/2
f 3119/3/2 3120/3/2 3151/3/2
f 3150/4/2 3119/4/2 3151/4/2
f 3120/5/2 3121/5/2 3152/5/2
f 3151/3/2 3120/3/2 3152/3/2
f 3152/5/2 3121/5/2 3153/5/2
f 3155/3/2 3156/3/2 3193/3/2
f 3156/2/2 3157/2/2 3194/2/2
f 3193/3/2 3156/3/2 3194/3/2
f 3157/4/2 3158/4/2 3195/4/2
f 3194/2/2 3157/2/2 3195/2/2
f 3158/5/2 3159/5/2 3196/5/2
f 3195/4/2 3158/4/2 3196/4/2
f 3159/4/2 3160/4/2 3197/4/2
f 3160/3/2 3161/3/2 3197/3/2
f 3161/4/2 3162/4/2 3198/4/2
f 3197/3/2 3161/3/2 3198/3/2
f 3162/4/2 3163/4/2 3198/4/2
f 3163/5/2 3164/5/2 3199/5/2
f 3164/3/2 3165/3/2 3199/3/2
f 3165/3/2 3166/3/2 3199/3/2
f 3199/3/2 3166/3/2 3200/3/2
f 3166/2/2 3167/2/2 3201/2/2
f 3200/3/2 3166/3/2 3201/3/2
f 3167/5/2 3168/5/2 3202/5/2
f 3201/2/2 3167/2/2 3202/2/2
f 3168/2/2 3169/2/2 3203/2/2
f 3202/5/2 3168/5/2 3203/5/2
f 3169/3/2 3170/3/2 3204/3/2
f 3203/2/2 3169/2/2 3204/2/2
f 3170/4/2 3171/4/2 3205/4/2
f 3204/3/2 3170/3/2 3205/3/2
f 3173/5/2 3174/5/2 3206/5/2
f 3174/4/2 3175/4/2 3206/4/2
f 3175/2/2 3176/2/2 3207/2/2
f 3206/4/2 3175/4/2 3207/4/2
f 3176/3/2 3177/3/2 3208/3/2
f 3207/2/2 3176/2/2 3208/2/2
f 3177/2/2 3178/2/2 3209/2/2
f 3208/3/2 3177/3/2 3209/3/2
f 3178/5/2 3179/5/2 3210/5/2
f 3179/3/2 3180/3/2 3210/3/2
f 3180/2/2 3181/2/2 3211/2/2
f 3210/3/2 3180/3/2 3211/3/2
f 3181/3/2 3182/3/2 3212/3/2
f 3211/2/2 3181/2/2 3212/2/2
f 3182/2/2 3183/2/2 3213/2/2
f 3212/3/2 3182/3/2 3213/3/2
f 3184/5/2 3185/5/2 3214/5/2
f 3185/3/2 3186/3/2 3214/3/2
f 3186/2/2 3187/2/2 3215/2/2
f 3214/3/2 3186/3/2 3215/3/2
f 3187/2/2 3188/2/2 3215/2/2
f 3188/3/2 3189/3/2 3216/3/2
f 3215/2/2 3188/2/2 3216/2/2
f 3190/3/2 3191/3/2 3217/3/2
f 3191/4/2 3192/4/2 3218/4/2
f 3217/3/2 3191/3/2 3218/3/2
f 3218/4/2 3192/4/2 3219/4/2
f 3154/6/2 3155/6/2 3221/6/2
f 3155/3/2 3193/3/2 3221/3/2
f 3193/2/2 3194/2/2 3222/2/2
f 3221/3/2 3193/3/2 3222/3/2
f 3194/2/2 3195/2/2 3222/2/2
f 3195/2/2 3196/2/2 3222/2/2
f 3222/2/2 3196/2/2 3223/2/2
f 3159/4/2 3197/4/2 3224/4/2
f 3197/2/2 3198/2/2 3224/2/2
f 3198/4/2 3163/4/2 3225/4/2
f 3224/2/2 3198/2/2 3225/2/2
f 3225/4/2 3163/4/2 3226/4/2
f 3199/4/2 3200/4/2 3227/4/2
f 3163/5/2 3199/5/2 3227/5/2
f 3227/4/2 3200/4/2 3228/4/2
f 3200/3/2 3201/3/2 3229/3/2
f 3228/4/2 3200/4/2 3229/4/2
f 3201/4/2 3202/4/2 3230/4/2
f 3229/3/2 3201/3/2 3230/3/2
f 3202/5/2 3203/5/2 3231/5/2
f 3230/4/2 3202/4/2 3231/4/2
f 3203/3/2 3204/3/2 3232/3/2
f 3231/5/2 3203/5/2 3232/5/2
f 3204/2/2 3205/2/2 3233/2/2
f 3232/3/2 3204/3/2 3233/3/2
f 3205/4/2 3171/4/2 3234/4/2
f 3233/2/2 3205/2/2 3234/2/2
f 3171/2/2 3172/2/2 3235/2/2
f 3234/4/2 3171/4/2 3235/4/2
f 3206/2/2 3207/2/2 3236/2/2
f 3207/2/2 3208/2/2 3236/2/2
f 3208/2/2 3209/2/2 3236/2/2
f 3209/2/2 3178/2/2 3237/2/2
f 3236/2/2 3209/2/2 3237/2/2
f 3178/5/2 3210/5/2 3238/5/2
f 3237/2/2 3178/2/2 3238/2/2
f 3210/4/2 3211/4/2 3239/4/2
f 3238/5/2 3210/5/2 3239/5/2
f 3211/2/2 3212/2/2 3240/2/2
f 3239/4/2 3211/4/2 3240/4/2
f 3212/4/2 3213/4/2 3241/4/2
f 3240/2/2 3212/2/2 3241/2/2
f 3184/5/2 3214/5/2 3242/5/2
f 3214/2/2 3215/2/2 3242/2/2
f 3215/3/2 3216/3/2 3243/3/2
f 3242/2/2 3215/2/2 3243/2/2
f 3216/3/2 3189/3/2 3244/3/2
f 3243/3/2 3216/3/2 3244/3/2
f 3189/5/2 3190/5/2 3245/5/2
f 3244/3/2 3189/3/2 3245/3/2
f 3190/3/2 3217/3/2 3246/3/2
f 3245/5/2 3190/5/2 3246/5/2
f 3217/2/2 3218/2/2 3247/2/2
f 3246/3/2 3217/3/2 3247/3/2
f 3219/3/2 3220/3/2 3248/3/2
f 3218/3/2 3219/3/2 3248/3/2
f 3248/3/2 3220/3/2 3249/3/2
f 3154/6/2 3221/6/2 3250/6/2
f 3221/2/2 3222/2/2 3251/2/2
f 3250/6/2 3221/6/2 3251/6/2
f 3222/3/2 3223/3/2 3252/3/2
f 3251/2/2 3222/2/2 3252/2/2
f 3223/2/2 3196/2/2 3253/2/2
f 3252/3/2 3223/3/2 3253/3/2
f 3196/5/2 3159/5/2 3254/5/2
f 3253/2/2 3196/2/2 3254/2/2
f 3159/4/2 3224/4/2 3255/4/2
f 3254/5/2 3159/5/2 3255/5/2
f 3224/4/2 3225/4/2 3255/4/2
f 3225/2/2 3226/2/2 3256/2/2
f 3255/4/2 3225/4/2 3256/4/2
f 3226/4/2 3163/4/2 3257/4/2
f 3256/2/2 3226/2/2 3257/2/2
f 3163/5/2 3227/5/2 3258/5/2
f 3257/4/2 3163/4/2 3258/4/2
f 3227/2/2 3228/2/2 3259/2/2
f 3258/5/2 3227/5/2 3259/5/2
f 3228/3/2 3229/3/2 3260/3/2
f 3259/2/2 3228/2/2 3260/2/2
f 3229/2/2 3230/2/2 3261/2/2
f 3260/3/2 3229/3/2 3261/3/2
f 3230/2/2 3231/2/2 3261/2/2
f 3231/5/2 3232/5/2 3262/5/2
f 3261/2/2 3231/2/2 3262/2/2
f 3232/2/2 3233/2/2 3263/2/2
f 3262/5/2 3232/5/2 3263/5/2
f 3233/3/2 3234/3/2 3264/3/2
f 3263/2/2 3233/2/2 3264/2/2
f 3234/2/2 3235/2/2 3265/2/2
f 3264/3/2 3234/3/2 3265/3/2
f 3172/3/2 3173/3/2 3266/3/2
f 3265/2/2 3235/2/2 3266/2/2
f 3235/2/2 3172/2/2 3266/2/2
f 3173/5/2 3206/5/2 3267/5/2
f 3266/3/2 3173/3/2 3267/3/2
f 3206/2/2 3236/2/2 3268/2/2
f 3267/5/2 3206/5/2 3268/5/2
f 3236/4/2 3237/4/2 3269/4/2
f 3268/2/2 3236/2/2 3269/2/2
f 3237/3/2 3238/3/2 3270/3/2
f 3269/4/2 3237/4/2 3270/4/2
f 3238/5/2 3239/5/2 3271/5/2
f 3270/3/2 3238/3/2 3271/3/2
f 3239/2/2 3240/2/2 3272/2/2
f 3271/5/2 3239/5/2 3272/5/2
f 3240/4/2 3241/4/2 3273/4/2
f 3272/2/2 3240/2/2 3273/2/2
f 3213/2/2 3183/2/2 3274/2/2
f 3273/4/2 3241/4/2 3274/4/2
f 3241/4/2 3213/4/2 3274/4/2
f 3183/3/2 3184/3/2 3275/3/2
f 3274/2/2 3183/2/2 3275/2/2
f 3184/5/2 3242/5/2 3276/5/2
f 3275/3/2 3184/3/2 3276/3/2
f 3242/4/2 3243/4/2 3277/4/2
f 3276/5/2 3242/5/2 3277/5/2
f 3243/4/2 3244/4/2 3277/4/2
f 3244/2/2 3245/2/2 3278/2/2
f 3277/4/2 3244/4/2 3278/4/2
f 3245/5/2 3246/5/2 3279/5/2
f 3278/2/2 3245/2/2 3279/2/2
f 3246/4/2 3247/4/2 3280/4/2
f 3279/5/2 3246/5/2 3280/5/2
f 3247/2/2 3218/2/2 3281/2/2
f 3280/4/2 3247/4/2 3281/4/2
f 3218/3/2 3248/3/2 3282/3/2
f 3281/2/2 3218/2/2 3282/2/2
f 3248/2/2 3249/2/2 3283/2/2
f 3282/3/2 3248/3/2 3283/3/2
f 3283/2/2 3249/2/2 3284/2/2
f 3285/7/2 3286/7/2 3287/7/2
f 3287/7/2 3286/7/2 3288/7/2
f 3289/6/2 3290/6/2 3329/6/2
f 3290/2/2 3291/2/2 3329/2/2
f 3291/4/2 3292/4/2 3330/4/2
f 3329/2/2 3291/2/2 3330/2/2
f 3292/3/2 3293/3/2 3331/3/2
f 3330/4/2 3292/4/2 3331/4/2
f 3293/2/2 3294/2/2 3332/2/2
f 3331/3/2 3293/3/2 3332/3/2
f 3294/5/2 3295/5/2 3333/5/2
f 3332/2/2 3294/2/2 3333/2/2
f 3295/2/2 3296/2/2 3334/2/2
f 3333/5/2 3295/5/2 3334/5/2
f 3296/2/2 3297/2/2 3334/2/2
f 3334/2/2 3297/2/2 3335/2/2
f 3335/2/2 3297/2/2 3336/2/2
f 3297/4/2 3298/4/2 3337/4/2
f 3336/2/2 3297/2/2 3337/2/2
f 3299/3/2 3300/3/2 3338/3/2
f 3300/2/2 3301/2/2 3338/2/2
f 3301/4/2 3302/4/2 3339/4/2
f 3338/2/2 3301/2/2 3339/2/2
f 3302/2/2 3303/2/2 3340/2/2
f 3339/4/2 3302/4/2 3340/4/2
f 3303/5/2 3304/5/2 3341/5/2
f 3340/2/2 3303/2/2 3341/2/2
f 3304/2/2 3305/2/2 3342/2/2
f 3341/5/2 3304/5/2 3342/5/2
f 3305/4/2 3306/4/2 3343/4/2
f 3342/2/2 3305/2/2 3343/2/2
f 3306/4/2 3307/4/2 3343/4/2
f 3343/4/2 3307/4/2 3344/4/2
f 3307/2/2 3308/2/2 3345/2/2
f 3344/4/2 3307/4/2 3345/4/2
f 3308/4/2 3309/4/2 3346/4/2
f 3345/2/2 3308/2/2 3346/2/2
f 3309/5/2 3310/5/2 3347/5/2
f 3346/4/2 3309/4/2 3347/4/2
f 3310/2/2 3311/2/2 3348/2/2
f 3311/2/2 3312/2/2 3348/2/2
f 3312/3/2 3313/3/2 3348/3/2
f 3313/2/2 3314/2/2 3349/2/2
f 3348/3/2 3313/3/2 3349/3/2
f 3314/5/2 3315/5/2 3350/5/2
f 3349/2/2 3314/2/2 3350/2/2
f 3315/4/2 3316/4/2 3351/4/2
f 3350/5/2 3315/5/2 3351/5/2
f 3316/3/2 3317/3/2 3352/3/2
f 3351/4/2 3316/4/2 3352/4/2
f 3317/4/2 3318/4/2 3353/4/2
f 3318/2/2 3319/2/2 3353/2/2
f 3319/3/2 3320/3/2 3354/3/2
f 3353/2/2 3319/2/2 3354/2/2
f 3320/5/2 3321/5/2 3355/5/2
f 3354/3/2 3320/3/2 3355/3/2
f 3321/4/2 3322/4/2 3356/4/2
f 3322/4/2 3323/4/2 3356/4/2
f 3323/2/2 3324/2/2 3357/2/2
f 3356/4/2 3323/4/2 3357/4/2
f 3324/3/2 3325/3/2 3358/3/2
f 3357/2/2 3324/2/2 3358/2/2
f 3327/4/2 3328/4/2 3359/4/2
f 3326/3/2 3327/3/2 3359/3/2
f 3359/4/2 3328/4/2 3360/4/2
f 3289/6/2 3329/6/2 3361/6/2
f 3329/3/2 3330/3/2 3361/3/2
f 3330/3/2 3331/3/2 3361/3/2
f 3361/3/2 3331/3/2 3362/3/2
f 3331/4/2 3332/4/2 3363/4/2
f 3362/3/2 3331/3/2 3363/3/2
f 3332/4/2 3333/4/2 3363/4/2
f 3363/4/2 3333/4/2 3364/4/2
f 3333/5/2 3334/5/2 3365/5/2
f 3364/4/2 3333/4/2 3365/4/2
f 3334/4/2 3335/4/2 3366/4/2
f 3365/5/2 3334/5/2 3366/5/2
f 3335/2/2 3336/2/2 3367/2/2
f 3366/4/2 3335/4/2 3367/4/2
f 3336/3/2 3337/3/2 3368/3/2
f 3367/2/2 3336/2/2 3368/2/2
f 3337/4/2 3298/4/2 3369/4/2
f 3368/3/2 3337/3/2 3369/3/2
f 3298/5/2 3299/5/2 3370/5/2
f 3369/4/2 3298/4/2 3370/4/2
f 3299/3/2 3338/3/2 3371/3/2
f 3370/5/2 3299/5/2 3371/5/2
f 3338/3/2 3339/3/2 3371/3/2
f 3371/3/2 3339/3/2 3372/3/2
f 3339/4/2 3340/4/2 3373/4/2
f 3372/3/2 3339/3/2 3373/3/2
f 3340/4/2 3341/4/2 3373/4/2
f 3373/4/2 3341/4/2 3374/4/2
f 3343/3/2 3344/3/2 3375/3/2
f 3344/2/2 3345/2/2 3375/2/2
f 3345/3/2 3346/3/2 3376/3/2
f 3375/2/2 3345/2/2 3376/2/2
f 3346/2/2 3347/2/2 3377/2/2
f 3376/3/2 3346/3/2 3377/3/2
f 3347/5/2 3310/5/2 3378/5/2
f 3377/2/2 3347/2/2 3378/2/2
f 3310/2/2 3348/2/2 3379/2/2
f 3378/5/2 3310/5/2 3379/5/2
f 3379/2/2 3348/2/2 3380/2/2
f 3348/4/2 3349/4/2 3381/4/2
f 3380/2/2 3348/2/2 3381/2/2
f 3349/4/2 3350/4/2 3381/4/2
f 3381/4/2 3350/4/2 3382/4/2
f 3350/5/2 3351/5/2 3383/5/2
f 3382/4/2 3350/4/2 3383/4/2
f 3352/3/2 3317/3/2 3384/3/2
f 3351/3/2 3352/3/2 3384/3/2
f 3317/4/2 3353/4/2 3385/4/2
f 3384/3/2 3317/3/2 3385/3/2
f 3353/3/2 3354/3/2 3386/3/2
f 3385/4/2 3353/4/2 3386/4/2
f 3354/2/2 3355/2/2 3387/2/2
f 3386/3/2 3354/3/2 3387/3/2
f 3355/5/2 3321/5/2 3388/5/2
f 3387/2/2 3355/2/2 3388/2/2
f 3321/4/2 3356/4/2 3389/4/2
f 3388/5/2 3321/5/2 3389/5/2
f 3356/2/2 3357/2/2 3390/2/2
f 3389/4/2 3356/4/2 3390/4/2
f 3357/3/2 3358/3/2 3391/3/2
f 3390/2/2 3357/2/2 3391/2/2
f 3359/3/2 3360/3/2 3392/3/2
f 3326/3/2 3359/3/2 3392/3/2
f 3392/3/2 3360/3/2 3393/3/2
f 3361/2/2 3362/2/2 3394/2/2
f 3362/4/2 3363/4/2 3394/4/2
f 3363/3/2 3364/3/2 3395/3/2
f 3394/4/2 3363/4/2 3395/4/2
f 3365/5/2 3366/5/2 3396/5/2
f 3367/2/2 3368/2/2 3396/2/2
f 3366/2/2 3367/2/2 3396/2/2
f 3396/2/2 3368/2/2 3397/2/2
f 3368/4/2 3369/4/2 3398/4/2
f 3397/2/2 3368/2/2 3398/2/2
f 3369/3/2 3370/3/2 3399/3/2
f 3398/4/2 3369/4/2 3399/4/2
f 3370/5/2 3371/5/2 3400/5/2
f 3399/3/2 3370/3/2 3400/3/2
f 3371/4/2 3372/4/2 3401/4/2
f 3400/5/2 3371/5/2 3401/5/2
f 3373/2/2 3374/2/2 3402/2/2
f 3401/4/2 3372/4/2 3402/4/2
f 3372/2/2 3373/2/2 3402/2/2
f 3402/2/2 3374/2/2 3403/2/2
f 3374/4/2 3341/4/2 3404/4/2
f 3403/2/2 3374/2/2 3404/2/2
f 3341/5/2 3342/5/2 3405/5/2
f 3404/4/2 3341/4/2 3405/4/2
f 3342/4/2 3343/4/2 3406/4/2
f 3405/5/2 3342/5/2 3406/5/2
f 3343/3/2 3375/3/2 3407/3/2
f 3406/4/2 3343/4/2 3407/4/2
f 3376/4/2 3377/4/2 3408/4/2
f 3407/3/2 3375/3/2 3408/3/2
f 3375/4/2 3376/4/2 3408/4/2
f 3408/4/2 3377/4/2 3409/4/2
f 3377/3/2 3378/3/2 3410/3/2
f 3409/4/2 3377/4/2 3410/4/2
f 3378/5/2 3379/5/2 3411/5/2
f 3410/3/2 3378/3/2 3411/3/2
f 3379/3/2 3380/3/2 3412/3/2
f 3411/5/2 3379/5/2 3412/5/2
f 3380/2/2 3381/2/2 3413/2/2
f 3412/3/2 3380/3/2 3413/3/2
f 3381/3/2 3382/3/2 3414/3/2
f 3413/2/2 3381/2/2 3414/2/2
f 3382/2/2 3383/2/2 3415/2/2
f 3414/3/2 3382/3/2 3415/3/2
f 3351/3/2 3384/3/2 3416/3/2
f 3384/4/2 3385/4/2 3416/4/2
f 3385/4/2 3386/4/2 3416/4/2
f 3416/4/2 3386/4/2 3417/4/2
f 3386/2/2 3387/2/2 3418/2/2
f 3417/4/2 3386/4/2 3418/4/2
f 3387/4/2 3388/4/2 3419/4/2
f 3418/2/2 3387/2/2 3419/2/2
f 3388/5/2 3389/5/2 3420/5/2
f 3419/4/2 3388/4/2 3420/4/2
f 3389/2/2 3390/2/2 3421/2/2
f 3420/5/2 3389/5/2 3421/5/2
f 3390/4/2 3391/4/2 3422/4/2
f 3421/2/2 3390/2/2 3422/2/2
f 3391/3/2 3358/3/2 3423/3/2
f 3422/4/2 3391/4/2 3423/4/2
f 3358/3/2 3325/3/2 3424/3/2
f 3423/3/2 3358/3/2 3424/3/2
f 3325/5/2 3326/5/2 3425/5/2
f 3424/3/2 3325/3/2 3425/3/2
f 3326/3/2 3392/3/2 3426/3/2
f 3392/4/2 3393/4/2 3426/4/2
f 3426/4/2 3393/4/2 3427/4/2
f 3289/6/2 3361/6/2 3429/6/2
f 3394/2/2 3395/2/2 3430/2/2
f 3429/6/2 3361/6/2 3430/6/2
f 3361/2/2 3394/2/2 3430/2/2
f 3395/3/2 3364/3/2 3431/3/2
f 3430/2/2 3395/2/2 3431/2/2
f 3364/2/2 3365/2/2 3432/2/2
f 3431/3/2 3364/3/2 3432/3/2
f 3365/5/2 3396/5/2 3433/5/2
f 3432/2/2 3365/2/2 3433/2/2
f 3396/4/2 3397/4/2 3434/4/2
f 3433/5/2 3396/5/2 3434/5/2
f 3397/3/2 3398/3/2 3435/3/2
f 3434/4/2 3397/4/2 3435/4/2
f 3398/2/2 3399/2/2 3436/2/2
f 3435/3/2 3398/3/2 3436/3/2
f 3399/4/2 3400/4/2 3437/4/2
f 3436/2/2 3399/2/2 3437/2/2
f 3400/5/2 3401/5/2 3438/5/2
f 3437/4/2 3400/4/2 3438/4/2
f 3402/3/2 3403/3/2 3439/3/2
f 3438/5/2 3401/5/2 3439/5/2
f 3401/3/2 3402/3/2 3439/3/2
f 3403/4/2 3404/4/2 3440/4/2
f 3439/3/2 3403/3/2 3440/3/2
f 3404/3/2 3405/3/2 3441/3/2
f 3440/4/2 3404/4/2 3441/4/2
f 3405/5/2 3406/5/2 3442/5/2
f 3441/3/2 3405/3/2 3442/3/2
f 3406/3/2 3407/3/2 3443/3/2
f 3442/5/2 3406/5/2 3443/5/2
f 3407/2/2 3408/2/2 3444/2/2
f 3443/3/2 3407/3/2 3444/3/2
f 3408/4/2 3409/4/2 3445/4/2
f 3444/2/2 3408/2/2 3445/2/2
f 3409/3/2 3410/3/2 3446/3/2
f 3445/4/2 3409/4/2 3446/4/2
f 3410/2/2 3411/2/2 3447/2/2
f 3446/3/2 3410/3/2 3447/3/2
f 3411/5/2 3412/5/2 3448/5/2
f 3447/2/2 3411/2/2 3448/2/2
f 3412/2/2 3413/2/2 3449/2/2
f 3448/5/2 3412/5/2 3449/5/2
f 3413/2/2 3414/2/2 3449/2/2
f 3414/2/2 3415/2/2 3449/2/2
f 3383/5/2 3351/5/2 3450/5/2
f 3449/2/2 3415/2/2 3450/2/2
f 3415/2/2 3383/2/2 3450/2/2
f 3351/3/2 3416/3/2 3451/3/2
f 3450/5/2 3351/5/2 3451/5/2
f 3416/2/2 3417/2/2 3452/2/2
f 3451/3/2 3416/3/2 3452/3/2
f 3418/4/2 3419/4/2 3453/4/2
f 3452/2/2 3417/2/2 3453/2/2
f 3417/4/2 3418/4/2 3453/4/2
f 3419/3/2 3420/3/2 3454/3/2
f 3453/4/2 3419/4/2 3454/4/2
f 3420/5/2 3421/5/2 3455/5/2
f 3454/3/2 3420/3/2 3455/3/2
f 3422/4/2 3423/4/2 3456/4/2
f 3455/5/2 3421/5/2 3456/5/2
f 3421/4/2 3422/4/2 3456/4/2
f 3423/2/2 3424/2/2 3457/2/2
f 3456/4/2 3423/4/2 3457/4/2
f 3424/4/2 3425/4/2 3458/4/2
f 3457/2/2 3424/2/2 3458/2/2
f 3425/5/2 3326/5/2 3459/5/2
f 3458/4/2 3425/4/2 3459/4/2
f 3426/3/2 3427/3/2 3460/3/2
f 3459/5/2 3326/5/2 3460/5/2
f 3326/3/2 3426/3/2 3460/3/2
f 3427/2/2 3428/2/2 3461/2/2
f 3460/3/2 3427/3/2 3461/3/2
f 3461/2/2 3428/2/2 3462/2/2
f 3464/4/2 3465/4/2 3501/4/2
f 3465/2/2 3466/2/2 3502/2/2
f 3501/4/2 3465/4/2 3502/4/2
f 3466/2/2 3467/2/2 3502/2/2
f 3502/2/2 3467/2/2 3503/2/2
f 3467/5/2 3468/5/2 3504/5/2
f 3468/2/2 3469/2/2 3504/2/2
f 3469/3/2 3470/3/2 3505/3/2
f 3504/2/2 3469/2/2 3505/2/2
f 3470/4/2 3471/4/2 3506/4/2
f 3505/3/2 3470/3/2 3506/3/2
f 3471/2/2 3472/2/2 3507/2/2
f 3506/4/2 3471/4/2 3507/4/2
f 3472/5/2 3473/5/2 3508/5/2
f 3507/2/2 3472/2/2 3508/2/2
f 3474/3/2 3475/3/2 3509/3/2
f 3475/3/2 3476/3/2 3509/3/2
f 3476/2/2 3477/2/2 3510/2/2
f 3509/3/2 3476/3/2 3510/3/2
f 3477/5/2 3478/5/2 3511/5/2
f 3510/2/2 3477/2/2 3511/2/2
f 3478/4/2 3479/4/2 3512/4/2
f 3511/5/2 3478/5/2 3512/5/2
f 3479/4/2 3480/4/2 3512/4/2
f 3480/4/2 3481/4/2 3512/4/2
f 3512/4/2 3481/4/2 3513/4/2
f 3513/4/2 3481/4/2 3514/4/2
f 3481/3/2 3482/3/2 3515/3/2
f 3514/4/2 3481/4/2 3515/4/2
f 3482/3/2 3483/3/2 3515/3/2
f 3515/3/2 3483/3/2 3516/3/2
f 3483/5/2 3484/5/2 3517/5/2
f 3516/3/2 3483/3/2 3517/3/2
f 3484/2/2 3485/2/2 3518/2/2
f 3517/5/2 3484/5/2 3518/5/2
f 3518/2/2 3485/2/2 3519/2/2
f 3485/3/2 3486/3/2 3520/3/2
f 3519/2/2 3485/2/2 3520/2/2
f 3486/2/2 3487/2/2 3521/2/2
f 3520/3/2 3486/3/2 3521/3/2
f 3487/5/2 3488/5/2 3522/5/2
f 3521/2/2 3487/2/2 3522/2/2
f 3489/4/2 3490/4/2 3523/4/2
f 3490/3/2 3491/3/2 3523/3/2
f 3491/2/2 3492/2/2 3524/2/2
f 3523/3/2 3491/3/2 3524/3/2
f 3492/2/2 3493/2/2 3524/2/2
f 3524/2/2 3493/2/2 3525/2/2
f 3493/5/2 3494/5/2 3526/5/2
f 3494/2/2 3495/2/2 3526/2/2
f 3495/2/2 3496/2/2 3526/2/2
f 3526/2/2 3496/2/2 3527/2/2
f 3497/4/2 3498/4/2 3528/4/2
f 3496/3/2 3497/3/2 3528/3/2
f 3498/5/2 3499/5/2 3529/5/2
f 3528/4/2 3498/4/2 3529/4/2
f 3499/3/2 3500/3/2 3530/3/2
f 3529/5/2 3499/5/2 3530/5/2
f 3530/3/2 3500/3/2 3531/3/2
f 3463/6/2 3464/6/2 3532/6/2
f 3464/4/2 3501/4/2 3533/4/2
f 3532/6/2 3464/6/2 3533/6/2
f 3502/3/2 3503/3/2 3534/3/2
f 3533/4/2 3501/4/2 3534/4/2
f 3501/3/2 3502/3/2 3534/3/2
f 3503/2/2 3467/2/2 3535/2/2
f 3534/3/2 3503/3/2 3535/3/2
f 3467/5/2 3504/5/2 3536/5/2
f 3535/2/2 3467/2/2 3536/2/2
f 3504/3/2 3505/3/2 3537/3/2
f 3536/5/2 3504/5/2 3537/5/2
f 3505/4/2 3506/4/2 3538/4/2
f 3537/3/2 3505/3/2 3538/3/2
f 3506/4/2 3507/4/2 3538/4/2
f 3507/3/2 3508/3/2 3539/3/2
f 3538/4/2 3507/4/2 3539/4/2
f 3508/5/2 3473/5/2 3540/5/2
f 3539/3/2 3508/3/2 3540/3/2
f 3473/2/2 3474/2/2 3541/2/2
f 3540/5/2 3473/5/2 3541/5/2
f 3474/3/2 3509/3/2 3542/3/2
f 3541/2/2 3474/2/2 3542/2/2
f 3509/2/2 3510/2/2 3543/2/2
f 3542/3/2 3509/3/2 3543/3/2
f 3510/4/2 3511/4/2 3544/4/2
f 3543/2/2 3510/2/2 3544/2/2
f 3511/5/2 3512/5/2 3545/5/2
f 3544/4/2 3511/4/2 3545/4/2
f 3512/2/2 3513/2/2 3546/2/2
f 3545/5/2 3512/5/2 3546/5/2
f 3513/3/2 3514/3/2 3547/3/2
f 3546/2/2 3513/2/2 3547/2/2
f 3514/2/2 3515/2/2 3548/2/2
f 3547/3/2 3514/3/2 3548/3/2
f 3515/3/2 3516/3/2 3549/3/2
f 3548/2/2 3515/2/2 3549/2/2
f 3516/4/2 3517/4/2 3550/4/2
f 3549/3/2 3516/3/2 3550/3/2
f 3517/5/2 3518/5/2 3551/5/2
f 3550/4/2 3517/4/2 3551/4/2
f 3518/4/2 3519/4/2 3552/4/2
f 3551/5/2 3518/5/2 3552/5/2
f 3519/2/2 3520/2/2 3553/2/2
f 3552/4/2 3519/4/2 3553/4/2
f 3520/4/2 3521/4/2 3554/4/2
f 3553/2/2 3520/2/2 3554/2/2
f 3521/3/2 3522/3/2 3555/3/2
f 3554/4/2 3521/4/2 3555/4/2
f 3522/5/2 3488/5/2 3556/5/2
f 3555/3/2 3522/3/2 3556/3/2
f 3488/3/2 3489/3/2 3557/3/2
f 3556/5/2 3488/5/2 3557/5/2
f 3489/4/2 3523/4/2 3558/4/2
f 3557/3/2 3489/3/2 3558/3/2
f 3524/4/2 3525/4/2 3558/4/2
f 3523/4/2 3524/4/2 3558/4/2
f 3525/2/2 3493/2/2 3559/2/2
f 3558/4/2 3525/4/2 3559/4/2
f 3493/5/2 3526/5/2 3560/5/2
f 3559/2/2 3493/2/2 3560/2/2
f 3526/3/2 3527/3/2 3561/3/2
f 3560/5/2 3526/5/2 3561/5/2
f 3527/2/2 3496/2/2 3562/2/2
f 3561/3/2 3527/3/2 3562/3/2
f 3496/3/2 3528/3/2 3563/3/2
f 3562/2/2 3496/2/2 3563/2/2
f 3528/2/2 3529/2/2 3564/2/2
f 3563/3/2 3528/3/2 3564/3/2
f 3529/5/2 3530/5/2 3565/5/2
f 3564/2/2 3529/2/2 3565/2/2
f 3530/4/2 3531/4/2 3566/4/2
f 3565/5/2 3530/5/2 3566/5/2
f 3566/4/2 3531/4/2 3567/4/2
f 3568/6/2 3569/6/2 3603/6/2
f 3569/3/2 3570/3/2 3604/3/2
f 3603/6/2 3569/6/2 3604/6/2
f 3570/3/2 3571/3/2 3604/3/2
f 3571/4/2 3572/4/2 3605/4/2
f 3604/3/2 3571/3/2 3605/3/2
f 3572/3/2 3573/3/2 3606/3/2
f 3605/4/2 3572/4/2 3606/4/2
f 3573/5/2 3574/5/2 3607/5/2
f 3606/3/2 3573/3/2 3607/3/2
f 3574/2/2 3575/2/2 3608/2/2
f 3607/5/2 3574/5/2 3608/5/2
f 3575/4/2 3576/4/2 3609/4/2
f 3608/2/2 3575/2/2 3609/2/2
f 3576/2/2 3577/2/2 3610/2/2
f 3609/4/2 3576/4/2 3610/4/2
f 3577/5/2 3578/5/2 3611/5/2
f 3610/2/2 3577/2/2 3611/2/2
f 3578/4/2 3579/4/2 3612/4/2
f 3611/5/2 3578/5/2 3612/5/2
f 3579/3/2 3580/3/2 3613/3/2
f 3612/4/2 3579/4/2 3613/4/2
f 3580/2/2 3581/2/2 3614/2/2
f 3613/3/2 3580/3/2 3614/3/2
f 3581/4/2 3582/4/2 3615/4/2
f 3614/2/2 3581/2/2 3615/2/2
f 3582/5/2 3583/5/2 3616/5/2
f 3615/4/2 3582/4/2 3616/4/2
f 3583/4/2 3584/4/2 3617/4/2
f 3616/5/2 3583/5/2 3617/5/2
f 3584/3/2 3585/3/2 3618/3/2
f 3617/4/2 3584/4/2 3618/4/2
f 3585/2/2 3586/2/2 3619/2/2
f 3618/3/2 3585/3/2 3619/3/2
f 3586/4/2 3587/4/2 3620/4/2
f 3619/2/2 3586/2/2 3620/2/2
f 3587/5/2 3588/5/2 3621/5/2
f 3620/4/2 3587/4/2 3621/4/2
f 3588/2/2 3589/2/2 3622/2/2
f 3621/5/2 3588/5/2 3622/5/2
f 3589/4/2 3590/4/2 3623/4/2
f 3622/2/2 3589/2/2 3623/2/2
f 3590/2/2 3591/2/2 3624/2/2
f 3623/4/2 3590/4/2 3624/4/2
f 3591/5/2 3592/5/2 3625/5/2
f 3624/2/2 3591/2/2 3625/2/2
f 3592/2/2 3593/2/2 3626/2/2
f 3625/5/2 3592/5/2 3626/5/2
f 3593/2/2 3594/2/2 3626/2/2
f 3594/4/2 3595/4/2 3627/4/2
f 3626/2/2 3594/2/2 3627/2/2
f 3595/4/2 3596/4/2 3627/4/2
f 3596/2/2 3597/2/2 3628/2/2
f 3627/4/2 3596/4/2 3628/4/2
f 3597/5/2 3598/5/2 3629/5/2
f 3628/2/2 3597/2/2 3629/2/2
f 3598/3/2 3599/3/2 3630/3/2
f 3629/5/2 3598/5/2 3630/5/2
f 3599/4/2 3600/4/2 3631/4/2
f 3630/3/2 3599/3/2 3631/3/2
f 3600/3/2 3601/3/2 3632/3/2
f 3631/4/2 3600/4/2 3632/4/2
f 3601/5/2 3602/5/2 3633/5/2
f 3632/3/2 3601/3/2 3633/3/2
f 3633/5/2 3602/5/2 3634/5/2
f 3635/6/2 3636/6/2 3637/6/2
f 3637/6/2 3636/6/2 3638/6/2
f 3637/8/2 3638/8/2 3639/8/2
f 3639/8/2 3638/8/2 3640/8/2
f 3639/1/2 3640/1/2 3641/1/2
f 3641/1/2 3640/1/2 3642/1/2
f 3641/8/2 3642/8/2 3643/8/2
f 3643/8/2 3642/8/2 3644/8/2
f 3643/1/2 3644/1/2 3645/1/2
f 3645/1/2 3644/1/2 3646/1/2
f 3645/8/2 3646/8/2 3647/8/2
f 3647/8/2 3646/8/2 3648/8/2
f 3647/1/2 3648/1/2 3649/1/2
f 3649/1/2 3648/1/2 3650/1/2
f 3649/8/2 3650/8/2 3651/8/2
f 3651/8/2 3650/8/2 3652/8/2
f 3651/1/2 3652/1/2 3653/1/2
f 3653/1/2 3652/1/2 3654/1/2
f 3653/8/2 3654/8/2 3655/8/2
f 3655/8/2 3654/8/2 3656/8/2
f 3655/1/2 3656/1/2 3657/1/2
f 3657/1/2 3656/1/2 3658/1/2
f 3657/8/2 3658/8/2 3659/8/2
f 3659/8/2 3658/8/2 3660/8/2
f 3659/1/2 3660/1/2 3661/1/2
f 3661/1/2 3660/1/2 3662/1/2
f 3661/8/2 3662/8/2 3663/8/2
f 3663/8/2 3662/8/2 3664/8/2
f 3664/8/2 3662/8/2 3665/8/2
f 3665/8/2 3662/8/2 3666/8/2
f 3666/8/2 3662/8/2 3667/8/2
f 3667/8/2 3662/8/2 3668/8/2
f 3668/8/2 3662/8/2 3669/8/2
f 3669/8/2 3662/8/2 3670/8/2
f 3670/8/2 3662/8/2 3671/8/2
f 3671/8/2 3662/8/2 3672/8/2
f 3672/8/2 3662/8/2 3673/8/2
f 3673/8/2 3662/8/2 3674/8/2
f 3674/8/2 3662/8/2 3675/8/2
f 3675/8/2 3662/8/2 3676/8/2
f 3676/8/2 3662/8/2 3677/8/2
f 3677/8/2 3662/8/2 3678/8/2
f 3678/8/2 3662/8/2 3679/8/2
f 3679/8/2 3662/8/2 3680/8/2
f 3680/8/2 3662/8/2 3681/8/2
f 3681/8/2 3662/8/2 3682/8/2
f 3682/8/2 3662/8/2 3683/8/2
f 3683/8/2 3662/8/2 3684/8/2
f 3684/8/2 3662/8/2 3685/8/2
f 3685/8/2 3662/8/2 3686/8/2
f 3686/8/2 3662/8/2 3687/8/2
f 3687/8/2 3662/8/2 3688/8/2
f 3688/8/2 3662/8/2 3689/8/2
f 3689/8/2 3662/8/2 3690/8/2
f 3690/8/2 3662/8/2 3691/8/2
f 3691/8/2 3662/8/2 3692/8/2
f 3692/8/2 3662/8/2 3693/8/2
f 3693/8/2 3662/8/2 3694/8/2
f 3693/8/2 3694/8/2 3734/8/2
f 3694/8/2 3695/8/2 3734/8/2
f 3734/8/2 3695/8/2 3735/8/2
f 3735/8/2 3695/8/2 3736/8/2
f 3697/4/2 3698/4/2 3737/4/2
f 3698/4/2 3699/4/2 3737/4/2
f 3699/3/2 3700/3/2 3738/3/2
f 3737/4/2 3699/4/2 3738/4/2
f 3700/5/2 3701/5/2 3739/5/2
f 3738/3/2 3700/3/2 3739/3/2
f 3701/4/2 3702/4/2 3740/4/2
f 3739/5/2 3701/5/2 3740/5/2
f 3702/3/2 3703/3/2 3741/3/2
f 3740/4/2 3702/4/2 3741/4/2
f 3703/3/2 3704/3/2 3741/3/2
f 3741/3/2 3704/3/2 3742/3/2
f 3705/5/2 3706/5/2 3743/5/2
f 3706/3/2 3707/3/2 3743/3/2
f 3707/2/2 3708/2/2 3744/2/2
f 3743/3/2 3707/3/2 3744/3/2
f 3708/2/2 3709/2/2 3744/2/2
f 3744/2/2 3709/2/2 3745/2/2
f 3709/3/2 3710/3/2 3746/3/2
f 3745/2/2 3709/2/2 3746/2/2
f 3710/5/2 3711/5/2 3747/5/2
f 3746/3/2 3710/3/2 3747/3/2
f 3711/2/2 3712/2/2 3748/2/2
f 3747/5/2 3711/5/2 3748/5/2
f 3712/2/2 3713/2/2 3748/2/2
f 3713/4/2 3714/4/2 3749/4/2
f 3748/2/2 3713/2/2 3749/2/2
f 3714/3/2 3715/3/2 3750/3/2
f 3749/4/2 3714/4/2 3750/4/2
f 3715/3/2 3716/3/2 3750/3/2
f 3716/5/2 3717/5/2 3751/5/2
f 3750/3/2 3716/3/2 3751/3/2
f 3718/2/2 3719/2/2 3752/2/2
f 3719/4/2 3720/4/2 3752/4/2
f 3720/2/2 3721/2/2 3753/2/2
f 3752/4/2 3720/4/2 3753/4/2
f 3722/3/2 3723/3/2 3754/3/2
f 3723/2/2 3724/2/2 3754/2/2
f 3724/4/2 3725/4/2 3755/4/2
f 3754/2/2 3724/2/2 3755/2/2
f 3725/4/2 3726/4/2 3755/4/2
f 3726/4/2 3727/4/2 3755/4/2
f 3755/4/2 3727/4/2 3756/4/2
f 3756/4/2 3727/4/2 3757/4/2
f 3728/4/2 3729/4/2 3758/4/2
f 3727/5/2 3728/5/2 3758/5/2
f 3729/2/2 3730/2/2 3759/2/2
f 3758/4/2 3729/4/2 3759/4/2
f 3731/3/2 3732/3/2 3760/3/2
f 3759/2/2 3730/2/2 3760/2/2
f 3730/3/2 3731/3/2 3760/3/2
f 3760/3/2 3732/3/2 3761/3/2
f 3732/5/2 3733/5/2 3762/5/2
f 3761/3/2 3732/3/2 3762/3/2
f 3762/5/2 3733/5/2 3763/5/2
f 3734/8/2 3735/8/2 3764/8/2
f 3764/8/2 3735/8/2 3765/8/2
f 3765/8/2 3735/8/2 3766/8/2
f 3696/6/2 3697/6/2 3767/6/2
f 3697/4/2 3737/4/2 3767/4/2
f 3737/3/2 3738/3/2 3768/3/2
f 3767/4/2 3737/4/2 3768/4/2
f 3738/2/2 3739/2/2 3769/2/2
f 3768/3/2 3738/3/2 3769/3/2
f 3769/2/2 3739/2/2 3770/2/2
f 3739/5/2 3740/5/2 3771/5/2
f 3740/3/2 3741/3/2 3771/3/2
f 3741/4/2 3742/4/2 3772/4/2
f 3771/3/2 3741/3/2 3772/3/2
f 3742/3/2 3704/3/2 3773/3/2
f 3772/4/2 3742/4/2 3773/4/2
f 3705/5/2 3743/5/2 3774/5/2
f 3743/2/2 3744/2/2 3774/2/2
f 3744/4/2 3745/4/2 3775/4/2
f 3774/2/2 3744/2/2 3775/2/2
f 3745/3/2 3746/3/2 3776/3/2
f 3775/4/2 3745/4/2 3776/4/2
f 3746/4/2 3747/4/2 3777/4/2
f 3776/3/2 3746/3/2 3777/3/2
f 3747/5/2 3748/5/2 3778/5/2
f 3748/4/2 3749/4/2 3778/4/2
f 3749/4/2 3750/4/2 3778/4/2
f 3750/4/2 3751/4/2 3778/4/2
f 3778/4/2 3751/4/2 3779/4/2
f 3779/4/2 3751/4/2 3780/4/2
f 3717/3/2 3718/3/2 3781/3/2
f 3751/5/2 3717/5/2 3781/5/2
f 3718/2/2 3752/2/2 3782/2/2
f 3781/3/2 3718/3/2 3782/3/2
f 3752/3/2 3753/3/2 3783/3/2
f 3782/2/2 3752/2/2 3783/2/2
f 3755/3/2 3756/3/2 3784/3/2
f 3721/5/2 3722/5/2 3784/5/2
f 3722/3/2 3754/3/2 3784/3/2
f 3754/3/2 3755/3/2 3784/3/2
f 3784/3/2 3756/3/2 3785/3/2
f 3785/3/2 3756/3/2 3786/3/2
f 3756/2/2 3757/2/2 3787/2/2
f 3786/3/2 3756/3/2 3787/3/2
f 3757/4/2 3727/4/2 3788/4/2
f 3787/2/2 3757/2/2 3788/2/2
f 3727/5/2 3758/5/2 3789/5/2
f 3788/4/2 3727/4/2 3789/4/2
f 3758/2/2 3759/2/2 3790/2/2
f 3789/5/2 3758/5/2 3790/5/2
f 3759/4/2 3760/4/2 3791/4/2
f 3790/2/2 3759/2/2 3791/2/2
f 3760/2/2 3761/2/2 3792/2/2
f 3791/4/2 3760/4/2 3792/4/2
f 3761/4/2 3762/4/2 3793/4/2
f 3792/2/2 3761/2/2 3793/2/2
f 3765/1/2 3766/1/2 3794/1/2
f 3794/1/2 3766/1/2 3795/1/2
f 3795/1/2 3766/1/2 3796/1/2
f 3796/1/2 3766/1/2 3797/1/2
f 3696/6/2 3767/6/2 3798/6/2
f 3767/2/2 3768/2/2 3799/2/2
f 3798/6/2 3767/6/2 3799/6/2
f 3769/3/2 3770/3/2 3800/3/2
f 3799/2/2 3768/2/2 3800/2/2
f 3768/3/2 3769/3/2 3800/3/2
f 3770/2/2 3739/2/2 3801/2/2
f 3800/3/2 3770/3/2 3801/3/2
f 3739/5/2 3771/5/2 3802/5/2
f 3801/2/2 3739/2/2 3802/2/2
f 3771/2/2 3772/2/2 3803/2/2
f 3802/5/2 3771/5/2 3803/5/2
f 3772/3/2 3773/3/2 3804/3/2
f 3803/2/2 3772/2/2 3804/2/2
f 3704/4/2 3705/4/2 3805/4/2
f 3804/3/2 3773/3/2 3805/3/2
f 3773/3/2 3704/3/2 3805/3/2
f 3705/5/2 3774/5/2 3806/5/2
f 3805/4/2 3705/4/2 3806/4/2
f 3774/4/2 3775/4/2 3807/4/2
f 3806/5/2 3774/5/2 3807/5/2
f 3775/3/2 3776/3/2 3808/3/2
f 3807/4/2 3775/4/2 3808/4/2
f 3776/4/2 3777/4/2 3809/4/2
f 3808/3/2 3776/3/2 3809/3/2
f 3777/4/2 3747/4/2 3810/4/2
f 3809/4/2 3777/4/2 3810/4/2
f 3747/5/2 3778/5/2 3810/5/2
f 3778/3/2 3779/3/2 3811/3/2
f 3810/5/2 3778/5/2 3811/5/2
f 3779/2/2 3780/2/2 3812/2/2
f 3811/3/2 3779/3/2 3812/3/2
f 3780/4/2 3751/4/2 3813/4/2
f 3812/2/2 3780/2/2 3813/2/2
f 3751/5/2 3781/5/2 3814/5/2
f 3813/4/2 3751/4/2 3814/4/2
f 3782/4/2 3783/4/2 3815/4/2
f 3814/5/2 3781/5/2 3815/5/2
f 3781/4/2 3782/4/2 3815/4/2
f 3783/3/2 3753/3/2 3816/3/2
f 3815/4/2 3783/4/2 3816/4/2
f 3753/2/2 3721/2/2 3817/2/2
f 3816/3/2 3753/3/2 3817/3/2
f 3721/5/2 3784/5/2 3818/5/2
f 3817/2/2 3721/2/2 3818/2/2
f 3784/4/2 3785/4/2 3819/4/2
f 3818/5/2 3784/5/2 3819/5/2
f 3785/3/2 3786/3/2 3820/3/2
f 3819/4/2 3785/4/2 3820/4/2
f 3786/2/2 3787/2/2 3821/2/2
f 3820/3/2 3786/3/2 3821/3/2
f 3787/4/2 3788/4/2 3822/4/2
f 3821/2/2 3787/2/2 3822/2/2
f 3788/2/2 3789/2/2 3823/2/2
f 3822/4/2 3788/4/2 3823/4/2
f 3789/5/2 3790/5/2 3824/5/2
f 3823/2/2 3789/2/2 3824/2/2
f 3790/3/2 3791/3/2 3825/3/2
f 3824/5/2 3790/5/2 3825/5/2
f 3791/2/2 3792/2/2 3826/2/2
f 3825/3/2 3791/3/2 3826/3/2
f 3792/4/2 3793/4/2 3827/4/2
f 3826/2/2 3792/2/2 3827/2/2
f 3762/5/2 3763/5/2 3828/5/2
f 3827/4/2 3793/4/2 3828/4/2
f 3793/4/2 3762/4/2 3828/4/2
f 3828/5/2 3763/5/2 3829/5/2
f 3795/8/2 3796/8/2 3830/8/2
f 3830/8/2 3796/8/2 3831/8/2
f 3831/8/2 3796/8/2 3832/8/2
f 3832/8/2 3796/8/2 3833/8/2
f 3831/8/2 3832/8/2 3834/8/2
f 3834/8/2 3832/8/2 3835/8/2
f 3834/1/2 3835/1/2 3836/1/2
f 3836/1/2 3835/1/2 3837/1/2
f 3837/1/2 3835/1/2 3838/1/2
f 3836/8/2 3837/8/2 3839/8/2
f 3839/8/2 3837/8/2 3840/8/2
f 3840/8/2 3837/8/2 3841/8/2
f 3841/8/2 3837/8/2 3842/8/2
f 3840/8/2 3841/8/2 3843/8/2
f 3843/8/2 3841/8/2 3844/8/2
f 3843/1/2 3844/1/2 3845/1/2
f 3845/1/2 3844/1/2 3846/1/2
f 3845/8/2 3846/8/2 3847/8/2
f 3847/8/2 3846/8/2 3848/8/2
f 3848/8/2 3846/8/2 3849/8/2
f 3849/8/2 3846/8/2 3850/8/2
f 3848/8/2 3849/8/2 3851/8/2
f 3851/8/2 3849/8/2 3852/8/2
f 3851/1/2 3852/1/2 3853/1/2
f 3853/1/2 3852/1/2 3854/1/2
f 3854/1/2 3852/1/2 3855/1/2
f 3854/8/2 3855/8/2 3856/8/2
f 3856/8/2 3855/8/2 3857/8/2
f 3854/8/2 3856/8/2 3858/8/2
f 3858/8/2 3856/8/2 3859/8/2
f 3859/8/2 3856/8/2 3860/8/2
f 3860/8/2 3856/8/2 3861/8/2
f 3860/1/2 3861/1/2 3862/1/2
f 3862/1/2 3861/1/2 3863/1/2
f 3863/1/2 3861/1/2 3864/1/2
f 3863/8/2 3864/8/2 3865/8/2
f 3865/8/2 3864/8/2 3866/8/2
f 3863/8/2 3865/8/2 3867/8/2
f 3867/8/2 3865/8/2 3868/8/2
f 3868/8/2 3865/8/2 3869/8/2
f 3869/8/2 3865/8/2 3870/8/2
f 3870/8/2 3865/8/2 3871/8/2
f 3869/1/2 3870/1/2 3872/1/2
f 3872/1/2 3870/1/2 3873/1/2
f 3873/1/2 3870/1/2 3874/1/2
f 3873/8/2 3874/8/2 3875/8/2
f 3875/8/2 3874/8/2 3876/8/2
f 3876/8/2 3874/8/2 3877/8/2
f 3877/8/2 3874/8/2 3878/8/2
f 3876/8/2 3877/8/2 3879/8/2
f 3879/8/2 3877/8/2 3880/8/2
f 3879/1/2 3880/1/2 3881/1/2
f 3881/1/2 3880/1/2 3882/1/2
f 3881/8/2 3882/8/2 3883/8/2
f 3883/8/2 3882/8/2 3884/8/2
f 3881/8/2 3883/8/2 3885/8/2
f 3885/8/2 3883/8/2 3886/8/2
f 3885/1/2 3886/1/2 3887/1/2
f 3887/1/2 3886/1/2 3888/1/2
f 3888/1/2 3886/1/2 3889/1/2
f 3887/8/2 3888/8/2 3890/8/2
f 3890/8/2 3888/8/2 3891/8/2
f 3891/8/2 3888/8/2 3892/8/2
f 3895/6/2 3896/6/2 3898/6/2
f 3893/6/2 3894/6/2 3899/6/2
f 3899/6/2 3894/6/2 3900/6/2
f 3900/6/2 3894/6/2 3901/6/2
f 3897/6/2 3898/6/2 3930/6/2
f 3898/6/2 3896/6/2 3931/6/2
f 3930/6/2 3898/6/2 3931/6/2
f 3931/6/2 3896/6/2 3932/6/2
f 3932/6/2 3896/6/2 3933/6/2
f 3893/6/2 3899/6/2 3934/6/2
f 3899/3/2 3900/3/2 3935/3/2
f 3934/6/2 3899/6/2 3935/6/2
f 3900/2/2 3901/2/2 3936/2/2
f 3935/3/2 3900/3/2 3936/3/2
f 3901/3/2 3902/3/2 3937/3/2
f 3936/2/2 3901/2/2 3937/2/2
f 3902/5/2 3903/5/2 3938/5/2
f 3937/3/2 3902/3/2 3938/3/2
f 3903/2/2 3904/2/2 3939/2/2
f 3938/5/2 3903/5/2 3939/5/2
f 3904/4/2 3905/4/2 3940/4/2
f 3939/2/2 3904/2/2 3940/2/2
f 3905/3/2 3906/3/2 3941/3/2
f 3940/4/2 3905/4/2 3941/4/2
f 3906/5/2 3907/5/2 3942/5/2
f 3941/3/2 3906/3/2 3942/3/2
f 3907/3/2 3908/3/2 3943/3/2
f 3942/5/2 3907/5/2 3943/5/2
f 3908/4/2 3909/4/2 3944/4/2
f 3943/3/2 3908/3/2 3944/3/2
f 3909/3/2 3910/3/2 3945/3/2
f 3944/4/2 3909/4/2 3945/4/2
f 3910/2/2 3911/2/2 3946/2/2
f 3945/3/2 3910/3/2 3946/3/2
f 3911/5/2 3912/5/2 3947/5/2
f 3946/2/2 3911/2/2 3947/2/2
f 3912/3/2 3913/3/2 3948/3/2
f 3947/5/2 3912/5/2 3948/5/2
f 3913/2/2 3914/2/2 3949/2/2
f 3948/3/2 3913/3/2 3949/3/2
f 3914/3/2 3915/3/2 3950/3/2
f 3949/2/2 3914/2/2 3950/2/2
f 3915/2/2 3916/2/2 3951/2/2
f 3950/3/2 3915/3/2 3951/3/2
f 3916/5/2 3917/5/2 3952/5/2
f 3951/2/2 3916/2/2 3952/2/2
f 3917/2/2 3918/2/2 3953/2/2
f 3952/5/2 3917/5/2 3953/5/2
f 3918/4/2 3919/4/2 3954/4/2
f 3953/2/2 3918/2/2 3954/2/2
f 3919/5/2 3920/5/2 3955/5/2
f 3954/4/2 3919/4/2 3955/4/2
f 3920/2/2 3921/2/2 3956/2/2
f 3955/5/2 3920/5/2 3956/5/2
f 3921/4/2 3922/4/2 3957/4/2
f 3956/2/2 3921/2/2 3957/2/2
f 3922/3/2 3923/3/2 3958/3/2
f 3957/4/2 3922/4/2 3958/4/2
f 3923/2/2 3924/2/2 3959/2/2
f 3958/3/2 3923/3/2 3959/3/2
f 3924/5/2 3925/5/2 3960/5/2
f 3959/2/2 3924/2/2 3960/2/2
f 3925/4/2 3926/4/2 3961/4/2
f 3960/5/2 3925/5/2 3961/5/2
f 3926/2/2 3927/2/2 3962/2/2
f 3961/4/2 3926/4/2 3962/4/2
f 3927/4/2 3928/4/2 3963/4/2
f 3962/2/2 3927/2/2 3963/2/2
f 3928/3/2 3929/3/2 3964/3/2
f 3963/4/2 3928/4/2 3964/4/2
f 3964/3/2 3929/3/2 3965/3/2
f 3966/6/2 3967/6/2 3970/6/2
f 3970/6/2 3967/6/2 3971/6/2
f 3968/6/2 3969/6/2 3973/6/2
f 3973/6/2 3969/6/2 3974/6/2
f 3974/6/2 3969/6/2 3975/6/2
f 3971/6/2 3967/6/2 3976/6/2
f 3976/6/2 3977/6/2 3978/6/2
f 3973/6/2 3974/6/2 3981/6/2
f 3972/6/2 3973/6/2 3981/6/2
f 3978/6/2 3979/6/2 3982/6/2
f 3976/6/2 3978/6/2 3982/6/2
f 3971/6/2 3976/6/2 3982/6/2
f 3982/6/2 3979/6/2 3983/6/2
f 3983/6/2 3979/6/2 3984/6/2
f 3980/6/2 3981/6/2 3987/6/2
f 3981/6/2 3974/6/2 3988/6/2
f 3987/6/2 3981/6/2 3988/6/2
f 3988/6/2 3974/6/2 3989/6/2
f 3984/6/2 3985/6/2 3990/6/2
f 3983/6/2 3984/6/2 3990/6/2
f 3990/6/2 3985/6/2 3991/6/2
f 3986/6/2 3987/6/2 3993/6/2
f 3987/6/2 3988/6/2 3993/6/2
f 3993/6/2 3988/6/2 3994/6/2
f 3994/6/2 3988/6/2 3995/6/2
f 3991/6/2 3985/6/2 3996/6/2
f 3993/6/2 3994/6/2 3999/6/2
f 3992/6/2 3993/6/2 3999/6/2
f 3999/6/2 3994/6/2 4000/6/2
f 4000/6/2 3994/6/2 4001/6/2
f 3996/6/2 3997/6/2 4002/6/2
f 3991/6/2 3996/6/2 4002/6/2
f 4002/6/2 3997/6/2 4003/6/2
f 4003/6/2 3997/6/2 4004/6/2
f 4004/6/2 3997/6/2 4005/6/2
f 4005/6/2 3997/6/2 4006/6/2
f 3999/6/2 4000/6/2 4008/6/2
f 3998/6/2 3999/6/2 4008/6/2
f 4008/6/2 4000/6/2 4009/6/2
f 3998/6/2 4008/6/2 4011/6/2
f 4006/6/2 4007/6/2 4012/6/2
f 4005/6/2 4006/6/2 4012/6/2
f 4012/6/2 4007/6/2 4013/6/2
f 4010/6/2 4011/6/2 4014/6/2
f 4011/6/2 4008/6/2 4014/6/2
f 4014/6/2 4008/6/2 4015/6/2
f 4013/6/2 4007/6/2 4016/6/2
f 4010/6/2 4014/6/2 4019/6/2
f 4016/6/2 4017/6/2 4020/6/2
f 4013/6/2 4016/6/2 4022/6/2
f 4020/6/2 4021/6/2 4022/6/2
f 4016/6/2 4020/6/2 4022/6/2
f 4022/6/2 4021/6/2 4023/6/2
f 4018/6/2 4019/6/2 4024/6/2
f 4019/6/2 4014/6/2 4024/6/2
f 4024/6/2 4014/6/2 4025/6/2
f 4023/6/2 4021/6/2 4026/6/2
f 4023/6/2 4026/6/2 4028/6/2
f 4026/6/2 4027/6/2 4028/6/2
f 4028/6/2 4027/6/2 4029/6/2
f 4018/6/2 4024/6/2 4031/6/2
f 4031/6/2 4024/6/2 4032/6/2
f 4032/6/2 4024/6/2 4033/6/2
f 4029/6/2 4027/6/2 4034/6/2
f 4031/6/2 4032/6/2 4037/6/2
f 4030/6/2 4031/6/2 4037/6/2
f 4034/6/2 4035/6/2 4038/6/2
f 4029/6/2 4034/6/2 4040/6/2
f 4038/6/2 4039/6/2 4040/6/2
f 4034/6/2 4038/6/2 4040/6/2
f 4040/6/2 4039/6/2 4041/6/2
f 4036/6/2 4037/6/2 4042/6/2
f 4037/6/2 4032/6/2 4042/6/2
f 4042/6/2 4032/6/2 4043/6/2
f 4041/6/2 4039/6/2 4044/6/2
f 4036/6/2 4042/6/2 4047/6/2
f 4044/6/2 4045/6/2 4048/6/2
f 4041/6/2 4044/6/2 4048/6/2
f 4048/6/2 4045/6/2 4049/6/2
f 4046/6/2 4047/6/2 4050/6/2
f 4047/6/2 4042/6/2 4050/6/2
f 4050/6/2 4042/6/2 4051/6/2
f 4046/6/2 4050/6/2 4053/6/2
f 4053/6/2 4050/6/2 4054/6/2
f 4054/6/2 4050/6/2 4055/6/2
f 4049/6/2 4045/6/2 4056/6/2
f 4056/6/2 4045/6/2 4057/6/2
f 4052/6/2 4053/6/2 4059/6/2
f 4053/6/2 4054/6/2 4059/6/2
f 4057/6/2 4045/6/2 4060/6/2
f 4060/6/2 4045/6/2 4061/6/2
f 4058/6/2 4059/6/2 4062/6/2
f 4059/6/2 4054/6/2 4062/6/2
f 4062/6/2 4054/6/2 4063/6/2
f 4061/6/2 4045/6/2 4064/6/2
f 4058/6/2 4062/6/2 4065/6/2
f 4061/6/2 4064/6/2 4066/6/2
f 4064/6/2 4065/6/2 4066/6/2
f 4066/6/2 4065/6/2 4067/6/2
f 4065/6/2 4062/6/2 4068/6/2
f 4067/6/2 4065/6/2 4068/6/2
f 4068/6/2 4062/6/2 4069/6/2
f 4067/6/2 4068/6/2 4070/6/2
f 4070/6/2 4068/6/2 4071/6/2
f 4075/6/3 4073/6/3 4072/6/3
f 4076/6/3 4073/6/3 4075/6/3
f 4078/6/3 4075/6/3 4074/6/3
f 4078/6/3 4077/6/3 4076/6/3
f 4078/6/3 4076/6/3 4075/6/3
f 4079/6/3 4077/6/3 4078/6/3
f 4080/6/3 4077/6/3 4079/6/3
f 4082/6/3 4080/6/3 4079/6/3
f 4082/6/3 4081/6/3 4080/6/3
f 4084/6/3 4078/6/3 4074/6/3
f 4085/8/3 4079/8/3 4078/8/3
f 4085/6/3 4078/6/3 4084/6/3
f 4086/6/3 4083/6/3 4082/6/3
f 4086/8/3 4079/8/3 4085/8/3
f 4086/6/3 4082/6/3 4079/6/3
f 4087/6/3 4083/6/3 4086/6/3
f 4088/6/3 4083/6/3 4087/6/3
f 4089/6/3 4083/6/3 4088/6/3
f 4091/6/3 4090/6/3 4089/6/3
f 4091/6/3 4089/6/3 4088/6/3
f 4091/8/3 4088/8/3 4087/8/3
f 4092/6/3 4090/6/3 4091/6/3
f 4093/6/3 4090/6/3 4092/6/3
f 4094/6/3 4090/6/3 4093/6/3
f 4096/8/3 4093/8/3 4092/8/3
f 4096/6/3 4095/6/3 4094/6/3
f 4096/6/3 4094/6/3 4093/6/3
f 4097/6/3 4095/6/3 4096/6/3
f 4098/6/3 4095/6/3 4097/6/3
f 4099/6/3 4095/6/3 4098/6/3
f 4101/1/3 4098/1/3 4097/1/3
f 4101/6/3 4100/6/3 4099/6/3
f 4101/6/3 4099/6/3 4098/6/3
f 4102/6/3 4100/6/3 4101/6/3
f 4103/6/3 4100/6/3 4102/6/3
f 4105/8/3 4102/8/3 4101/8/3
f 4105/6/3 4104/6/3 4103/6/3
f 4105/6/3 4103/6/3 4102/6/3
f 4106/6/3 4104/6/3 4105/6/3
f 4107/6/3 4104/6/3 4106/6/3
f 4109/8/3 4106/8/3 4105/8/3
f 4109/6/3 4108/6/3 4107/6/3
f 4109/6/3 4107/6/3 4106/6/3
f 4110/6/3 4108/6/3 4109/6/3
f 4111/6/3 4108/6/3 4110/6/3
f 4112/6/3 4108/6/3 4111/6/3
f 4114/8/3 4111/8/3 4110/8/3
f 4114/6/3 4113/6/3 4112/6/3
f 4114/6/3 4112/6/3 4111/6/3
f 4115/6/3 4113/6/3 4114/6/3
f 4116/6/3 4113/6/3 4115/6/3
f 4118/8/3 4115/8/3 4114/8/3
f 4118/6/3 4117/6/3 4116/6/3
f 4118/6/3 4116/6/3 4115/6/3
f 4119/6/3 4117/6/3 4118/6/3
f 4120/6/3 4117/6/3 4119/6/3
f 4121/6/3 4117/6/3 4120/6/3
f 4123/1/3 4120/1/3 4119/1/3
f 4123/6/3 4122/6/3 4121/6/3
f 4123/6/3 4121/6/3 4120/6/3
f 4124/6/3 4122/6/3 4123/6/3
f 4125/6/3 4122/6/3 4124/6/3
f 4127/8/3 4124/8/3 4123/8/3
f 4128/6/3 4126/6/3 4125/6/3
f 4128/8/3 4124/8/3 4127/8/3
f 4128/6/3 4125/6/3 4124/6/3
f 4129/8/3 4127/8/3 4123/8/3
f 4130/6/3 4128/6/3 4127/6/3
f 4130/8/3 4127/8/3 4129/8/3
f 4131/6/3 4126/6/3 4128/6/3
f 4131/6/3 4128/6/3 4130/6/3
f 4132/6/3 4126/6/3 4131/6/3
f 4133/1/3 4123/1/3 4119/1/3
f 4133/8/3 4129/8/3 4123/8/3
f 4134/6/3 4130/6/3 4129/6/3
f 4134/8/3 4129/8/3 4133/8/3
f 4134/6/3 4131/6/3 4130/6/3
f 4135/6/3 4131/6/3 4134/6/3
f 4136/6/3 4131/6/3 4135/6/3
f 4137/8/3 4118/8/3 4114/8/3
f 4137/8/3 4119/8/3 4118/8/3
f 4138/1/3 4133/1/3 4119/1/3
f 4138/8/3 4119/8/3 4137/8/3
f 4139/6/3 4135/6/3 4134/6/3
f 4139/1/3 4133/1/3 4138/1/3
f 4139/6/3 4134/6/3 4133/6/3
f 4140/6/3 4135/6/3 4139/6/3
f 4141/6/3 4135/6/3 4140/6/3
f 4142/1/3 4110/1/3 4109/1/3
f 4142/8/3 4114/8/3 4110/8/3
f 4142/8/3 4137/8/3 4114/8/3
f 4143/6/3 4140/6/3 4139/6/3
f 4143/8/3 4137/8/3 4142/8/3
f 4143/6/3 4138/6/3 4137/6/3
f 4143/6/3 4139/6/3 4138/6/3
f 4144/6/3 4140/6/3 4143/6/3
f 4145/6/3 4140/6/3 4144/6/3
f 4146/8/3 4105/8/3 4101/8/3
f 4146/8/3 4109/8/3 4105/8/3
f 4147/1/3 4142/1/3 4109/1/3
f 4147/8/3 4109/8/3 4146/8/3
f 4148/6/3 4144/6/3 4143/6/3
f 4148/1/3 4142/1/3 4147/1/3
f 4148/6/3 4143/6/3 4142/6/3
f 4149/6/3 4144/6/3 4148/6/3
f 4150/6/3 4144/6/3 4149/6/3
f 4151/8/3 4097/8/3 4096/8/3
f 4151/1/3 4101/1/3 4097/1/3
f 4152/8/3 4146/8/3 4101/8/3
f 4152/1/3 4101/1/3 4151/1/3
f 4153/6/3 4149/6/3 4148/6/3
f 4153/8/3 4146/8/3 4152/8/3
f 4153/6/3 4147/6/3 4146/6/3
f 4153/6/3 4148/6/3 4147/6/3
f 4154/6/3 4149/6/3 4153/6/3
f 4155/6/3 4149/6/3 4154/6/3
f 4156/1/3 4092/1/3 4091/1/3
f 4156/8/3 4096/8/3 4092/8/3
f 4156/8/3 4151/8/3 4096/8/3
f 4157/6/3 4154/6/3 4153/6/3
f 4157/8/3 4151/8/3 4156/8/3
f 4157/6/3 4152/6/3 4151/6/3
f 4157/6/3 4153/6/3 4152/6/3
f 4158/6/3 4154/6/3 4157/6/3
f 4159/6/3 4154/6/3 4158/6/3
f 4160/8/3 4091/8/3 4087/8/3
f 4161/1/3 4156/1/3 4091/1/3
f 4161/8/3 4091/8/3 4160/8/3
f 4162/6/3 4157/6/3 4156/6/3
f 4162/1/3 4156/1/3 4161/1/3
f 4162/6/3 4158/6/3 4157/6/3
f 4163/6/3 4158/6/3 4162/6/3
f 4164/6/3 4158/6/3 4163/6/3
f 4165/1/3 4087/1/3 4086/1/3
f 4165/8/3 4086/8/3 4085/8/3
f 4166/8/3 4160/8/3 4087/8/3
f 4166/1/3 4087/1/3 4165/1/3
f 4167/6/3 4163/6/3 4162/6/3
f 4167/8/3 4160/8/3 4166/8/3
f 4167/6/3 4161/6/3 4160/6/3
f 4167/6/3 4162/6/3 4161/6/3
f 4168/6/3 4163/6/3 4167/6/3
f 4169/6/3 4163/6/3 4168/6/3
f 4171/8/3 4165/8/3 4085/8/3
f 4172/8/3 4165/8/3 4171/8/3
f 4173/6/3 4166/6/3 4165/6/3
f 4173/8/3 4165/8/3 4172/8/3
f 4173/6/3 4167/6/3 4166/6/3
f 4173/6/3 4168/6/3 4167/6/3
f 4174/6/3 4168/6/3 4173/6/3
f 4175/6/3 4168/6/3 4174/6/3
f 4176/8/3 4172/8/3 4171/8/3
f 4176/6/3 4171/6/3 4170/6/3
f 4177/6/3 4174/6/3 4173/6/3
f 4177/8/3 4172/8/3 4176/8/3
f 4177/6/3 4173/6/3 4172/6/3
f 4178/6/3 4174/6/3 4177/6/3
f 4179/6/3 4174/6/3 4178/6/3
f 4180/6/3 4177/6/3 4176/6/3
f 4180/6/3 4178/6/3 4177/6/3
f 4181/6/3 4178/6/3 4180/6/3
f 4182/6/3 4176/6/3 4170/6/3
f 4182/6/3 4180/6/3 4176/6/3
f 4183/6/3 4180/6/3 4182/6/3
f 4199/6/3 4185/6/3 4184/6/3
f 4200/8/3 4186/8/3 4185/8/3
f 4200/6/3 4185/6/3 4199/6/3
f 4201/1/3 4187/1/3 4186/1/3
f 4201/8/3 4186/8/3 4200/8/3
f 4202/8/3 4188/8/3 4187/8/3
f 4202/1/3 4187/1/3 4201/1/3
f 4203/1/3 4189/1/3 4188/1/3
f 4203/8/3 4188/8/3 4202/8/3
f 4204/8/3 4190/8/3 4189/8/3
f 4204/1/3 4189/1/3 4203/1/3
f 4205/1/3 4191/1/3 4190/1/3
f 4205/8/3 4190/8/3 4204/8/3
f 4206/8/3 4192/8/3 4191/8/3
f 4206/1/3 4191/1/3 4205/1/3
f 4207/1/3 4193/1/3 4192/1/3
f 4207/8/3 4192/8/3 4206/8/3
f 4208/8/3 4194/8/3 4193/8/3
f 4208/1/3 4193/1/3 4207/1/3
f 4209/1/3 4195/1/3 4194/1/3
f 4209/8/3 4194/8/3 4208/8/3
f 4210/8/3 4196/8/3 4195/8/3
f 4210/1/3 4195/1/3 4209/1/3
f 4211/1/3 4197/1/3 4196/1/3
f 4211/8/3 4196/8/3 4210/8/3
f 4212/8/3 4198/8/3 4197/8/3
f 4212/1/3 4197/1/3 4211/1/3
f 4213/8/3 4198/8/3 4212/8/3
f 4216/7/3 4215/7/3 4214/7/3
f 4217/7/3 4215/7/3 4216/7/3
f 4220/6/3 4219/6/3 4218/6/3
f 4221/6/3 4219/6/3 4220/6/3
f 4224/7/3 4223/7/3 4222/7/3
f 4225/7/3 4223/7/3 4224/7/3
f 4228/7/3 4227/7/3 4226/7/3
f 4229/7/3 4227/7/3 4228/7/3
f 4232/7/3 4231/7/3 4230/7/3
f 4233/7/3 4231/7/3 4232/7/3
f 4236/7/3 4235/7/3 4234/7/3
f 4237/7/3 4235/7/3 4236/7/3
f 4240/7/3 4239/7/3 4238/7/3
f 4241/7/3 4239/7/3 4240/7/3
f 4244/6/3 4243/6/3 4242/6/3
f 4245/6/3 4243/6/3 4244/6/3
f 4248/7/3 4247/7/3 4246/7/3
f 4249/7/3 4247/7/3 4248/7/3
f 4254/6/3 4251/6/3 4250/6/3
f 4255/6/3 4251/6/3 4254/6/3
f 4256/7/3 4253/7/3 4252/7/3
f 4257/7/3 4253/7/3 4256/7/3
f 4260/7/3 4259/7/3 4258/7/3
f 4261/7/3 4259/7/3 4260/7/3
f 4264/7/3 4263/7/3 4262/7/3
f 4265/7/3 4263/7/3 4264/7/3
f 4268/7/3 4267/7/3 4266/7/3
f 4269/7/3 4267/7/3 4268/7/3
f 4272/6/3 4271/6/3 4270/6/3
f 4273/6/3 4271/6/3 4272/6/3
f 4276/7/3 4275/7/3 4274/7/3
f 4277/7/3 4275/7/3 4276/7/3
f 4280/6/3 4279/6/3 4278/6/3
f 4281/6/3 4279/6/3 4280/6/3
f 4282/2/3 4281/2/3 4280/2/3
f 4283/2/3 4281/2/3 4282/2/3
f 4284/3/3 4283/3/3 4282/3/3
f 4285/3/3 4283/3/3 4284/3/3
f 4286/2/3 4285/2/3 4284/2/3
f 4287/2/3 4285/2/3 4286/2/3
f 4288/3/3 4287/3/3 4286/3/3
f 4289/3/3 4287/3/3 4288/3/3
f 4290/2/3 4289/2/3 4288/2/3
f 4291/2/3 4289/2/3 4290/2/3
f 4292/3/3 4291/3/3 4290/3/3
f 4293/3/3 4291/3/3 4292/3/3
f 4294/2/3 4293/2/3 4292/2/3
f 4295/2/3 4293/2/3 4294/2/3
f 4296/4/3 4295/4/3 4294/4/3
f 4297/4/3 4295/4/3 4296/4/3
f 4298/3/3 4297/3/3 4296/3/3
f 4299/3/3 4297/3/3 4298/3/3
f 4300/2/3 4299/2/3 4298/2/3
f 4301/2/3 4299/2/3 4300/2/3
f 4302/3/3 4301/3/3 4300/3/3
f 4303/3/3 4301/3/3 4302/3/3
f 4304/2/3 4303/2/3 4302/2/3
f 4305/2/3 4303/2/3 4304/2/3
f 4306/4/3 4305/4/3 4304/4/3
f 4307/4/3 4305/4/3 4306/4/3
f 4308/2/3 4307/2/3 4306/2/3
f 4309/2/3 4307/2/3 4308/2/3
f 4310/4/3 4309/4/3 4308/4/3
f 4311/4/3 4309/4/3 4310/4/3
f 4312/2/3 4311/2/3 4310/2/3
f 4313/2/3 4311/2/3 4312/2/3
f 4315/4/3 4313/4/3 4312/4/3
f 4316/4/3 4313/4/3 4315/4/3
f 4317/6/3 4315/6/3 4314/6/3
f 4318/6/3 4315/6/3 4317/6/3
f 4319/6/3 4315/6/3 4318/6/3
f 4320/6/3 4315/6/3 4319/6/3
f 4321/6/3 4315/6/3 4320/6/3
f 4322/6/3 4315/6/3 4321/6/3
f 4323/6/3 4315/6/3 4322/6/3
f 4324/6/3 4317/6/3 4314/6/3
f 4325/6/3 4317/6/3 4324/6/3
f 4326/6/3 4320/6/3 4319/6/3
f 4327/6/3 4320/6/3 4326/6/3
f 4328/6/3 4323/6/3 4322/6/3
f 4329/6/3 4323/6/3 4328/6/3
f 4330/6/3 4323/6/3 4329/6/3
f 4331/6/3 4323/6/3 4330/6/3
f 4332/6/3 4323/6/3 4331/6/3
f 4333/6/3 4323/6/3 4332/6/3
f 4334/6/3 4323/6/3 4333/6/3
f 4335/6/3 4323/6/3 4334/6/3
f 4336/6/3 4323/6/3 4335/6/3
f 4337/6/3 4323/6/3 4336/6/3
f 4338/6/3 4323/6/3 4337/6/3
f 4339/6/3 4323/6/3 4338/6/3
f 4340/6/3 4323/6/3 4339/6/3
f 4341/6/3 4323/6/3 4340/6/3
f 4342/6/3 4323/6/3 4341/6/3
f 4343/6/3 4323/6/3 4342/6/3
f 4346/3/3 4345/3/3 4344/3/3
f 4347/3/3 4345/3/3 4346/3/3
f 4348/6/3 4347/6/3 4346/6/3
f 4349/6/3 4347/6/3 4348/6/3
f 4354/6/3 4353/6/3 4352/6/3
f 4355/6/3 4353/6/3 4354/6/3
f 4356/6/3 4351/6/3 4350/6/3
f 4357/6/3 4351/6/3 4356/6/3
f 4358/2/3 4357/2/3 4356/2/3
f 4359/2/3 4357/2/3 4358/2/3
f 4360/4/3 4359/4/3 4358/4/3
f 4361/4/3 4359/4/3 4360/4/3
f 4362/3/3 4361/3/3 4360/3/3
f 4363/4/3 4359/4/3 4361/4/3
f 4363/3/3 4361/3/3 4362/3/3
f 4364/2/3 4363/2/3 4362/2/3
f 4365/4/3 4359/4/3 4363/4/3
f 4365/2/3 4363/2/3 4364/2/3
f 4366/4/3 4359/4/3 4365/4/3
f 4367/4/3 4359/4/3 4366/4/3
f 4368/3/3 4365/3/3 4364/3/3
f 4368/3/3 4366/3/3 4365/3/3
f 4369/3/3 4366/3/3 4368/3/3
f 4370/2/3 4367/2/3 4366/2/3
f 4370/3/3 4366/3/3 4369/3/3
f 4371/2/3 4367/2/3 4370/2/3
f 4372/2/3 4367/2/3 4371/2/3
f 4373/2/3 4369/2/3 4368/2/3
f 4374/3/3 4370/3/3 4369/3/3
f 4374/2/3 4369/2/3 4373/2/3
f 4375/4/3 4371/4/3 4370/4/3
f 4375/3/3 4370/3/3 4374/3/3
f 4376/3/3 4372/3/3 4371/3/3
f 4376/4/3 4371/4/3 4375/4/3
f 4377/3/3 4372/3/3 4376/3/3
f 4378/2/3 4374/2/3 4373/2/3
f 4378/2/3 4375/2/3 4374/2/3
f 4378/2/3 4377/2/3 4376/2/3
f 4378/2/3 4376/2/3 4375/2/3
f 4379/2/3 4377/2/3 4378/2/3
f 4380/2/3 4377/2/3 4379/2/3
f 4381/2/3 4377/2/3 4380/2/3
f 4382/2/3 4377/2/3 4381/2/3
f 4383/2/3 4379/2/3 4378/2/3
f 4384/3/3 4380/3/3 4379/3/3
f 4384/2/3 4379/2/3 4383/2/3
f 4385/2/3 4381/2/3 4380/2/3
f 4385/3/3 4380/3/3 4384/3/3
f 4386/3/3 4382/3/3 4381/3/3
f 4386/2/3 4381/2/3 4385/2/3
f 4387/3/3 4382/3/3 4386/3/3
f 4388/4/3 4384/4/3 4383/4/3
f 4388/4/3 4385/4/3 4384/4/3
f 4389/4/3 4385/4/3 4388/4/3
f 4390/2/3 4387/2/3 4386/2/3
f 4390/4/3 4385/4/3 4389/4/3
f 4390/2/3 4386/2/3 4385/2/3
f 4391/2/3 4387/2/3 4390/2/3
f 4392/2/3 4387/2/3 4391/2/3
f 4393/3/3 4389/3/3 4388/3/3
f 4394/2/3 4390/2/3 4389/2/3
f 4394/3/3 4389/3/3 4393/3/3
f 4394/2/3 4391/2/3 4390/2/3
f 4395/2/3 4391/2/3 4394/2/3
f 4396/3/3 4392/3/3 4391/3/3
f 4396/2/3 4391/2/3 4395/2/3
f 4397/3/3 4392/3/3 4396/3/3
f 4398/2/3 4395/2/3 4394/2/3
f 4398/2/3 4394/2/3 4393/2/3
f 4399/2/3 4395/2/3 4398/2/3
f 4400/3/3 4396/3/3 4395/3/3
f 4400/2/3 4395/2/3 4399/2/3
f 4401/4/3 4397/4/3 4396/4/3
f 4401/3/3 4396/3/3 4400/3/3
f 4402/4/3 4397/4/3 4401/4/3
f 4403/3/3 4399/3/3 4398/3/3
f 4404/4/3 4400/4/3 4399/4/3
f 4404/3/3 4399/3/3 4403/3/3
f 4405/2/3 4401/2/3 4400/2/3
f 4405/4/3 4400/4/3 4404/4/3
f 4406/3/3 4402/3/3 4401/3/3
f 4406/2/3 4401/2/3 4405/2/3
f 4407/3/3 4402/3/3 4406/3/3
f 4408/2/3 4404/2/3 4403/2/3
f 4408/2/3 4405/2/3 4404/2/3
f 4408/2/3 4407/2/3 4406/2/3
f 4408/2/3 4406/2/3 4405/2/3
f 4409/2/3 4407/2/3 4408/2/3
f 4410/2/3 4407/2/3 4409/2/3
f 4411/2/3 4407/2/3 4410/2/3
f 4412/3/3 4409/3/3 4408/3/3
f 4413/2/3 4410/2/3 4409/2/3
f 4413/3/3 4409/3/3 4412/3/3
f 4414/4/3 4411/4/3 4410/4/3
f 4414/2/3 4410/2/3 4413/2/3
f 4415/2/3 4407/2/3 4411/2/3
f 4415/4/3 4411/4/3 4414/4/3
f 4416/2/3 4407/2/3 4415/2/3
f 4417/2/3 4414/2/3 4413/2/3
f 4417/2/3 4413/2/3 4412/2/3
f 4417/2/3 4415/2/3 4414/2/3
f 4418/2/3 4415/2/3 4417/2/3
f 4419/2/3 4415/2/3 4418/2/3
f 4420/4/3 4416/4/3 4415/4/3
f 4420/2/3 4415/2/3 4419/2/3
f 4421/4/3 4416/4/3 4420/4/3
f 4422/3/3 4418/3/3 4417/3/3
f 4423/4/3 4419/4/3 4418/4/3
f 4423/3/3 4418/3/3 4422/3/3
f 4424/3/3 4420/3/3 4419/3/3
f 4424/4/3 4419/4/3 4423/4/3
f 4424/3/3 4421/3/3 4420/3/3
f 4425/3/3 4421/3/3 4424/3/3
f 4426/3/3 4421/3/3 4425/3/3
f 4427/4/3 4423/4/3 4422/4/3
f 4428/3/3 4424/3/3 4423/3/3
f 4428/4/3 4423/4/3 4427/4/3
f 4428/3/3 4425/3/3 4424/3/3
f 4429/3/3 4425/3/3 4428/3/3
f 4430/2/3 4426/2/3 4425/2/3
f 4430/3/3 4425/3/3 4429/3/3
f 4431/2/3 4426/2/3 4430/2/3
f 4432/2/3 4429/2/3 4428/2/3
f 4432/2/3 4428/2/3 4427/2/3
f 4433/2/3 4429/2/3 4432/2/3
f 4434/3/3 4431/3/3 4430/3/3
f 4434/2/3 4429/2/3 4433/2/3
f 4434/3/3 4430/3/3 4429/3/3
f 4435/3/3 4431/3/3 4434/3/3
f 4436/3/3 4431/3/3 4435/3/3
f 4437/4/3 4433/4/3 4432/4/3
f 4438/2/3 4434/2/3 4433/2/3
f 4438/4/3 4433/4/3 4437/4/3
f 4438/2/3 4435/2/3 4434/2/3
f 4439/4/3 4436/4/3 4435/4/3
f 4439/2/3 4435/2/3 4438/2/3
f 4440/4/3 4436/4/3 4439/4/3
f 4441/2/3 4438/2/3 4437/2/3
f 4441/2/3 4439/2/3 4438/2/3
f 4441/2/3 4440/2/3 4439/2/3
f 4442/2/3 4440/2/3 4441/2/3
f 4443/3/3 4442/3/3 4441/3/3
f 4444/2/3 4440/2/3 4442/2/3
f 4444/3/3 4442/3/3 4443/3/3
f 4445/2/3 4440/2/3 4444/2/3
f 4446/2/3 4444/2/3 4443/2/3
f 4447/2/3 4444/2/3 4446/2/3
f 4448/3/3 4445/3/3 4444/3/3
f 4448/2/3 4444/2/3 4447/2/3
f 4449/2/3 4440/2/3 4445/2/3
f 4449/3/3 4445/3/3 4448/3/3
f 4450/3/3 4447/3/3 4446/3/3
f 4451/4/3 4448/4/3 4447/4/3
f 4451/3/3 4447/3/3 4450/3/3
f 4451/4/3 4449/4/3 4448/4/3
f 4452/2/3 4440/2/3 4449/2/3
f 4452/4/3 4449/4/3 4451/4/3
f 4453/4/3 4451/4/3 4450/4/3
f 4454/2/3 4452/2/3 4451/2/3
f 4455/2/3 4440/2/3 4452/2/3
f 4455/2/3 4452/2/3 4454/2/3
f 4456/4/3 4451/4/3 4453/4/3
f 4457/2/3 4454/2/3 4451/2/3
f 4457/4/3 4451/4/3 4456/4/3
f 4458/3/3 4455/3/3 4454/3/3
f 4458/2/3 4454/2/3 4457/2/3
f 4459/2/3 4440/2/3 4455/2/3
f 4459/3/3 4455/3/3 4458/3/3
f 4460/4/3 4457/4/3 4456/4/3
f 4461/3/3 4458/3/3 4457/3/3
f 4461/4/3 4457/4/3 4460/4/3
f 4462/4/3 4459/4/3 4458/4/3
f 4462/3/3 4458/3/3 4461/3/3
f 4463/2/3 4440/2/3 4459/2/3
f 4463/4/3 4459/4/3 4462/4/3
f 4464/2/3 4440/2/3 4463/2/3
f 4465/2/3 4440/2/3 4464/2/3
f 4470/3/3 4467/3/3 4466/3/3
f 4471/3/3 4467/3/3 4470/3/3
f 4472/2/3 4469/2/3 4468/2/3
f 4473/3/3 4470/3/3 4469/3/3
f 4473/2/3 4469/2/3 4472/2/3
f 4474/3/3 4470/3/3 4473/3/3
f 4475/2/3 4471/2/3 4470/2/3
f 4475/3/3 4470/3/3 4474/3/3
f 4476/2/3 4471/2/3 4475/2/3
f 4477/2/3 4473/2/3 4472/2/3
f 4478/4/3 4474/4/3 4473/4/3
f 4478/2/3 4473/2/3 4477/2/3
f 4479/2/3 4475/2/3 4474/2/3
f 4479/4/3 4474/4/3 4478/4/3
f 4480/4/3 4476/4/3 4475/4/3
f 4480/2/3 4475/2/3 4479/2/3
f 4481/4/3 4476/4/3 4480/4/3
f 4482/6/3 4478/6/3 4477/6/3
f 4482/6/3 4479/6/3 4478/6/3
f 4482/6/3 4481/6/3 4480/6/3
f 4482/6/3 4480/6/3 4479/6/3
f 4483/6/3 4481/6/3 4482/6/3
f 4501/6/3 4485/6/3 4484/6/3
f 4502/6/3 4485/6/3 4501/6/3
f 4503/8/3 4500/8/3 4499/8/3
f 4504/2/3 4502/2/3 4501/2/3
f 4505/2/3 4502/2/3 4504/2/3
f 4506/8/3 4503/8/3 4499/8/3
f 4507/3/3 4505/3/3 4504/3/3
f 4508/3/3 4505/3/3 4507/3/3
f 4509/8/3 4506/8/3 4499/8/3
f 4510/3/3 4507/3/3 4504/3/3
f 4511/4/3 4508/4/3 4507/4/3
f 4511/3/3 4507/3/3 4510/3/3
f 4512/8/3 4509/8/3 4499/8/3
f 4513/2/3 4511/2/3 4510/2/3
f 4514/4/3 4508/4/3 4511/4/3
f 4514/2/3 4511/2/3 4513/2/3
f 4515/4/3 4508/4/3 4514/4/3
f 4516/8/3 4512/8/3 4499/8/3
f 4517/4/3 4514/4/3 4513/4/3
f 4518/3/3 4515/3/3 4514/3/3
f 4518/4/3 4514/4/3 4517/4/3
f 4519/3/3 4515/3/3 4518/3/3
f 4520/8/3 4516/8/3 4499/8/3
f 4521/3/3 4518/3/3 4517/3/3
f 4522/4/3 4519/4/3 4518/4/3
f 4522/3/3 4518/3/3 4521/3/3
f 4523/4/3 4519/4/3 4522/4/3
f 4524/8/3 4520/8/3 4499/8/3
f 4525/2/3 4522/2/3 4521/2/3
f 4525/2/3 4523/2/3 4522/2/3
f 4526/8/3 4524/8/3 4499/8/3
f 4527/2/3 4523/2/3 4525/2/3
f 4528/2/3 4523/2/3 4527/2/3
f 4529/3/3 4528/3/3 4527/3/3
f 4530/2/3 4523/2/3 4528/2/3
f 4530/3/3 4528/3/3 4529/3/3
f 4531/2/3 4523/2/3 4530/2/3
f 4532/8/3 4526/8/3 4499/8/3
f 4533/4/3 4530/4/3 4529/4/3
f 4533/4/3 4531/4/3 4530/4/3
f 4534/4/3 4531/4/3 4533/4/3
f 4535/4/3 4531/4/3 4534/4/3
f 4536/4/3 4531/4/3 4535/4/3
f 4537/8/3 4532/8/3 4499/8/3
f 4538/2/3 4535/2/3 4534/2/3
f 4539/3/3 4536/3/3 4535/3/3
f 4539/2/3 4535/2/3 4538/2/3
f 4540/3/3 4536/3/3 4539/3/3
f 4541/2/3 4539/2/3 4538/2/3
f 4541/2/3 4540/2/3 4539/2/3
f 4542/2/3 4540/2/3 4541/2/3
f 4543/3/3 4542/3/3 4541/3/3
f 4544/3/3 4542/3/3 4543/3/3
f 4545/3/3 4542/3/3 4544/3/3
f 4546/2/3 4544/2/3 4543/2/3
f 4547/4/3 4545/4/3 4544/4/3
f 4547/2/3 4544/2/3 4546/2/3
f 4548/4/3 4545/4/3 4547/4/3
f 4549/8/3 4537/8/3 4499/8/3
f 4550/2/3 4547/2/3 4546/2/3
f 4551/3/3 4548/3/3 4547/3/3
f 4551/2/3 4547/2/3 4550/2/3
f 4552/3/3 4548/3/3 4551/3/3
f 4553/3/3 4551/3/3 4550/3/3
f 4554/4/3 4552/4/3 4551/4/3
f 4554/3/3 4551/3/3 4553/3/3
f 4555/4/3 4552/4/3 4554/4/3
f 4556/8/3 4549/8/3 4499/8/3
f 4557/3/3 4554/3/3 4553/3/3
f 4557/3/3 4555/3/3 4554/3/3
f 4558/3/3 4555/3/3 4557/3/3
f 4559/2/3 4558/2/3 4557/2/3
f 4560/8/3 4556/8/3 4499/8/3
f 4561/2/3 4558/2/3 4559/2/3
f 4562/2/3 4558/2/3 4561/2/3
f 4563/2/3 4558/2/3 4562/2/3
f 4564/4/3 4562/4/3 4561/4/3
f 4565/3/3 4563/3/3 4562/3/3
f 4565/4/3 4562/4/3 4564/4/3
f 4566/8/3 4560/8/3 4499/8/3
f 4567/2/3 4565/2/3 4564/2/3
f 4568/3/3 4563/3/3 4565/3/3
f 4568/2/3 4565/2/3 4567/2/3
f 4569/3/3 4563/3/3 4568/3/3
f 4570/8/3 4566/8/3 4499/8/3
f 4571/4/3 4568/4/3 4567/4/3
f 4572/2/3 4569/2/3 4568/2/3
f 4572/4/3 4568/4/3 4571/4/3
f 4573/2/3 4569/2/3 4572/2/3
f 4574/8/3 4570/8/3 4499/8/3
f 4575/3/3 4572/3/3 4571/3/3
f 4576/4/3 4573/4/3 4572/4/3
f 4576/3/3 4572/3/3 4575/3/3
f 4577/6/3 4487/6/3 4486/6/3
f 4578/8/3 4488/8/3 4487/8/3
f 4578/6/3 4487/6/3 4577/6/3
f 4579/1/3 4489/1/3 4488/1/3
f 4579/8/3 4488/8/3 4578/8/3
f 4580/8/3 4490/8/3 4489/8/3
f 4580/1/3 4489/1/3 4579/1/3
f 4581/1/3 4491/1/3 4490/1/3
f 4581/8/3 4490/8/3 4580/8/3
f 4582/8/3 4492/8/3 4491/8/3
f 4582/1/3 4491/1/3 4581/1/3
f 4583/1/3 4493/1/3 4492/1/3
f 4583/8/3 4492/8/3 4582/8/3
f 4584/8/3 4494/8/3 4493/8/3
f 4584/1/3 4493/1/3 4583/1/3
f 4585/1/3 4495/1/3 4494/1/3
f 4585/8/3 4494/8/3 4584/8/3
f 4586/8/3 4496/8/3 4495/8/3
f 4586/1/3 4495/1/3 4585/1/3
f 4587/1/3 4497/1/3 4496/1/3
f 4587/8/3 4496/8/3 4586/8/3
f 4588/8/3 4498/8/3 4497/8/3
f 4588/1/3 4497/1/3 4587/1/3
f 4589/1/3 4499/1/3 4498/1/3
f 4589/8/3 4498/8/3 4588/8/3
f 4590/8/3 4574/8/3 4499/8/3
f 4590/1/3 4499/1/3 4589/1/3
f 4591/8/3 4574/8/3 4590/8/3
f 4592/4/3 4576/4/3 4575/4/3
f 4593/4/3 4573/4/3 4576/4/3
f 4593/4/3 4576/4/3 4592/4/3
f 4594/4/3 4573/4/3 4593/4/3
f 4595/3/3 4593/3/3 4592/3/3
f 4596/2/3 4594/2/3 4593/2/3
f 4596/3/3 4593/3/3 4595/3/3
f 4597/2/3 4596/2/3 4595/2/3
f 4598/2/3 4594/2/3 4596/2/3
f 4598/2/3 4596/2/3 4597/2/3
f 4599/3/3 4598/3/3 4597/3/3
f 4600/3/3 4598/3/3 4599/3/3
f 4601/3/3 4598/3/3 4600/3/3
f 4605/3/3 4603/3/3 4602/3/3
f 4606/4/3 4604/4/3 4603/4/3
f 4606/3/3 4603/3/3 4605/3/3
f 4607/4/3 4604/4/3 4606/4/3
f 4608/2/3 4606/2/3 4605/2/3
f 4608/2/3 4607/2/3 4606/2/3
f 4609/2/3 4607/2/3 4608/2/3
f 4610/4/3 4609/4/3 4608/4/3
f 4611/2/3 4607/2/3 4609/2/3
f 4611/4/3 4609/4/3 4610/4/3
f 4612/3/3 4611/3/3 4610/3/3
f 4613/2/3 4607/2/3 4611/2/3
f 4613/3/3 4611/3/3 4612/3/3
f 4614/2/3 4607/2/3 4613/2/3
f 4615/6/3 4613/6/3 4612/6/3
f 4615/6/3 4614/6/3 4613/6/3
f 4616/6/3 4614/6/3 4615/6/3
f 4619/6/3 4618/6/3 4617/6/3
f 4620/6/3 4618/6/3 4619/6/3
f 4621/2/3 4620/2/3 4619/2/3
f 4622/2/3 4620/2/3 4621/2/3
f 4623/4/3 4622/4/3 4621/4/3
f 4624/4/3 4622/4/3 4623/4/3
f 4625/2/3 4620/2/3 4622/2/3
f 4625/4/3 4622/4/3 4624/4/3
f 4626/2/3 4625/2/3 4624/2/3
f 4627/2/3 4620/2/3 4625/2/3
f 4627/2/3 4625/2/3 4626/2/3
f 4628/4/3 4627/4/3 4626/4/3
f 4629/4/3 4627/4/3 4628/4/3
f 4630/2/3 4620/2/3 4627/2/3
f 4630/4/3 4627/4/3 4629/4/3
f 4631/2/3 4630/2/3 4629/2/3
f 4631/2/3 4620/2/3 4630/2/3
f 4632/2/3 4620/2/3 4631/2/3
f 4633/2/3 4631/2/3 4629/2/3
f 4634/4/3 4632/4/3 4631/4/3
f 4634/2/3 4631/2/3 4633/2/3
f 4635/4/3 4632/4/3 4634/4/3
f 4636/4/3 4634/4/3 4633/4/3
f 4637/2/3 4635/2/3 4634/2/3
f 4637/4/3 4634/4/3 4636/4/3
f 4638/2/3 4635/2/3 4637/2/3
f 4639/4/3 4637/4/3 4636/4/3
f 4640/3/3 4638/3/3 4637/3/3
f 4640/4/3 4637/4/3 4639/4/3
f 4641/3/3 4638/3/3 4640/3/3
f 4642/4/3 4639/4/3 4636/4/3
f 4643/3/3 4640/3/3 4639/3/3
f 4643/2/3 4641/2/3 4640/2/3
f 4644/2/3 4641/2/3 4643/2/3
f 4645/4/3 4639/4/3 4642/4/3
f 4646/3/3 4643/3/3 4639/3/3
f 4646/4/3 4639/4/3 4645/4/3
f 4647/4/3 4644/4/3 4643/4/3
f 4647/3/3 4643/3/3 4646/3/3
f 4648/4/3 4644/4/3 4647/4/3
f 4649/2/3 4646/2/3 4645/2/3
f 4649/2/3 4647/2/3 4646/2/3
f 4649/2/3 4648/2/3 4647/2/3
f 4650/2/3 4648/2/3 4649/2/3
f 4651/4/3 4650/4/3 4649/4/3
f 4652/4/3 4650/4/3 4651/4/3
f 4653/2/3 4648/2/3 4650/2/3
f 4653/4/3 4650/4/3 4652/4/3
f 4654/3/3 4652/3/3 4651/3/3
f 4655/2/3 4653/2/3 4652/2/3
f 4655/3/3 4652/3/3 4654/3/3
f 4656/2/3 4648/2/3 4653/2/3
f 4656/2/3 4653/2/3 4655/2/3
f 4657/4/3 4655/4/3 4654/4/3
f 4658/3/3 4656/3/3 4655/3/3
f 4658/4/3 4655/4/3 4657/4/3
f 4659/2/3 4648/2/3 4656/2/3
f 4659/3/3 4656/3/3 4658/3/3
f 4660/2/3 4658/2/3 4657/2/3
f 4660/2/3 4659/2/3 4658/2/3
f 4661/2/3 4648/2/3 4659/2/3
f 4661/2/3 4659/2/3 4660/2/3
f 4662/4/3 4661/4/3 4660/4/3
f 4663/2/3 4648/2/3 4661/2/3
f 4663/4/3 4661/4/3 4662/4/3
f 4664/3/3 4663/3/3 4662/3/3
f 4665/2/3 4648/2/3 4663/2/3
f 4665/3/3 4663/3/3 4664/3/3
f 4666/2/3 4665/2/3 4664/2/3
f 4667/2/3 4665/2/3 4666/2/3
f 4668/2/3 4648/2/3 4665/2/3
f 4668/2/3 4665/2/3 4667/2/3
f 4669/4/3 4667/4/3 4666/4/3
f 4670/3/3 4668/3/3 4667/3/3
f 4670/4/3 4667/4/3 4669/4/3
f 4671/3/3 4668/3/3 4670/3/3
f 4672/3/3 4668/3/3 4671/3/3
f 4673/3/3 4670/3/3 4669/3/3
f 4674/4/3 4671/4/3 4670/4/3
f 4674/3/3 4670/3/3 4673/3/3
f 4675/2/3 4672/2/3 4671/2/3
f 4675/4/3 4671/4/3 4674/4/3
f 4676/2/3 4672/2/3 4675/2/3
f 4677/3/3 4674/3/3 4673/3/3
f 4677/3/3 4675/3/3 4674/3/3
f 4678/3/3 4675/3/3 4677/3/3
f 4679/4/3 4676/4/3 4675/4/3
f 4679/3/3 4675/3/3 4678/3/3
f 4680/4/3 4676/4/3 4679/4/3
f 4681/4/3 4678/4/3 4677/4/3
f 4681/2/3 4679/2/3 4678/2/3
f 4682/3/3 4680/3/3 4679/3/3
f 4682/2/3 4679/2/3 4681/2/3
f 4683/3/3 4680/3/3 4682/3/3
f 4684/4/3 4681/4/3 4677/4/3
f 4684/4/3 4682/4/3 4681/4/3
f 4685/2/3 4683/2/3 4682/2/3
f 4685/4/3 4682/4/3 4684/4/3
f 4686/2/3 4683/2/3 4685/2/3
f 4687/2/3 4685/2/3 4684/2/3
f 4687/3/3 4686/3/3 4685/3/3
f 4688/3/3 4686/3/3 4687/3/3
f 4689/2/3 4687/2/3 4684/2/3
f 4689/2/3 4688/2/3 4687/2/3
f 4690/2/3 4688/2/3 4689/2/3
f 4691/3/3 4690/3/3 4689/3/3
f 4692/3/3 4690/3/3 4691/3/3
f 4693/3/3 4690/3/3 4692/3/3
f 4694/2/3 4693/2/3 4692/2/3
f 4695/3/3 4690/3/3 4693/3/3
f 4695/2/3 4693/2/3 4694/2/3
f 4696/3/3 4690/3/3 4695/3/3
f 4701/4/3 4698/4/3 4697/4/3
f 4701/4/3 4699/4/3 4698/4/3
f 4702/4/3 4699/4/3 4701/4/3
f 4703/2/3 4700/2/3 4699/2/3
f 4703/4/3 4699/4/3 4702/4/3
f 4704/2/3 4700/2/3 4703/2/3
f 4705/3/3 4702/3/3 4701/3/3
f 4706/2/3 4703/2/3 4702/2/3
f 4706/3/3 4702/3/3 4705/3/3
f 4707/4/3 4704/4/3 4703/4/3
f 4707/2/3 4703/2/3 4706/2/3
f 4708/4/3 4704/4/3 4707/4/3
f 4709/2/3 4706/2/3 4705/2/3
f 4709/2/3 4707/2/3 4706/2/3
f 4710/2/3 4707/2/3 4709/2/3
f 4711/3/3 4708/3/3 4707/3/3
f 4711/2/3 4707/2/3 4710/2/3
f 4712/3/3 4708/3/3 4711/3/3
f 4713/3/3 4710/3/3 4709/3/3
f 4714/2/3 4711/2/3 4710/2/3
f 4714/3/3 4710/3/3 4713/3/3
f 4715/4/3 4712/4/3 4711/4/3
f 4715/2/3 4711/2/3 4714/2/3
f 4716/4/3 4712/4/3 4715/4/3
f 4717/6/3 4714/6/3 4713/6/3
f 4717/6/3 4715/6/3 4714/6/3
f 4717/6/3 4716/6/3 4715/6/3
f 4718/6/3 4716/6/3 4717/6/3
f 4721/6/3 4720/6/3 4719/6/3
f 4722/6/3 4720/6/3 4721/6/3
f 4723/2/3 4722/2/3 4721/2/3
f 4724/2/3 4722/2/3 4723/2/3
f 4725/4/3 4724/4/3 4723/4/3
f 4726/2/3 4722/2/3 4724/2/3
f 4726/4/3 4724/4/3 4725/4/3
f 4727/2/3 4722/2/3 4726/2/3
f 4728/3/3 4726/3/3 4725/3/3
f 4728/3/3 4727/3/3 4726/3/3
f 4729/3/3 4727/3/3 4728/3/3
f 4730/4/3 4729/4/3 4728/4/3
f 4731/3/3 4727/3/3 4729/3/3
f 4731/4/3 4729/4/3 4730/4/3
f 4732/3/3 4727/3/3 4731/3/3
f 4733/2/3 4731/2/3 4730/2/3
f 4733/2/3 4732/2/3 4731/2/3
f 4734/2/3 4732/2/3 4733/2/3
f 4735/4/3 4734/4/3 4733/4/3
f 4736/4/3 4734/4/3 4735/4/3
f 4737/4/3 4734/4/3 4736/4/3
f 4738/3/3 4736/3/3 4735/3/3
f 4739/2/3 4737/2/3 4736/2/3
f 4739/3/3 4736/3/3 4738/3/3
f 4740/2/3 4737/2/3 4739/2/3
f 4741/3/3 4739/3/3 4738/3/3
f 4742/4/3 4740/4/3 4739/4/3
f 4742/3/3 4739/3/3 4741/3/3
f 4743/4/3 4740/4/3 4742/4/3
f 4744/2/3 4742/2/3 4741/2/3
f 4744/2/3 4743/2/3 4742/2/3
f 4745/2/3 4743/2/3 4744/2/3
f 4746/4/3 4745/4/3 4744/4/3
f 4747/4/3 4745/4/3 4746/4/3
f 4748/2/3 4747/2/3 4746/2/3
f 4749/2/3 4747/2/3 4748/2/3
f 4750/2/3 4747/2/3 4749/2/3
f 4751/4/3 4749/4/3 4748/4/3
f 4752/3/3 4750/3/3 4749/3/3
f 4752/4/3 4749/4/3 4751/4/3
f 4753/3/3 4750/3/3 4752/3/3
f 4754/3/3 4752/3/3 4751/3/3
f 4754/2/3 4753/2/3 4752/2/3
f 4755/2/3 4753/2/3 4754/2/3
f 4756/3/3 4754/3/3 4751/3/3
f 4756/3/3 4755/3/3 4754/3/3
f 4757/3/3 4755/3/3 4756/3/3
f 4758/2/3 4757/2/3 4756/2/3
f 4759/3/3 4755/3/3 4757/3/3
f 4759/2/3 4757/2/3 4758/2/3
f 4760/3/3 4759/3/3 4758/3/3
f 4761/3/3 4755/3/3 4759/3/3
f 4761/3/3 4759/3/3 4760/3/3
f 4762/2/3 4761/2/3 4760/2/3
f 4763/2/3 4761/2/3 4762/2/3
f 4764/2/3 4761/2/3 4763/2/3
f 4765/3/3 4763/3/3 4762/3/3
f 4766/4/3 4764/4/3 4763/4/3
f 4766/3/3 4763/3/3 4765/3/3
f 4767/4/3 4764/4/3 4766/4/3
f 4768/4/3 4766/4/3 4765/4/3
f 4769/3/3 4767/3/3 4766/3/3
f 4769/4/3 4766/4/3 4768/4/3
f 4770/3/3 4767/3/3 4769/3/3
f 4771/2/3 4769/2/3 4768/2/3
f 4772/4/3 4770/4/3 4769/4/3
f 4772/2/3 4769/2/3 4771/2/3
f 4773/4/3 4770/4/3 4772/4/3
f 4774/4/3 4772/4/3 4771/4/3
f 4775/2/3 4773/2/3 4772/2/3
f 4775/4/3 4772/4/3 4774/4/3
f 4776/2/3 4773/2/3 4775/2/3
f 4777/2/3 4775/2/3 4774/2/3
f 4778/4/3 4776/4/3 4775/4/3
f 4778/2/3 4775/2/3 4777/2/3
f 4779/4/3 4776/4/3 4778/4/3
f 4780/3/3 4778/3/3 4777/3/3
f 4781/2/3 4779/2/3 4778/2/3
f 4781/3/3 4778/3/3 4780/3/3
f 4782/2/3 4781/2/3 4780/2/3
f 4783/2/3 4779/2/3 4781/2/3
f 4783/2/3 4781/2/3 4782/2/3
f 4784/3/3 4783/3/3 4782/3/3
f 4785/2/3 4779/2/3 4783/2/3
f 4785/3/3 4783/3/3 4784/3/3
f 4786/2/3 4779/2/3 4785/2/3
f 4787/2/3 4785/2/3 4784/2/3
f 4788/3/3 4786/3/3 4785/3/3
f 4788/2/3 4785/2/3 4787/2/3
f 4789/3/3 4786/3/3 4788/3/3
f 4790/2/3 4789/2/3 4788/2/3
f 4791/2/3 4789/2/3 4790/2/3
f 4795/2/3 4793/2/3 4792/2/3
f 4796/3/3 4795/3/3 4794/3/3
f 4797/2/3 4793/2/3 4795/2/3
f 4797/3/3 4795/3/3 4796/3/3
f 4798/2/3 4793/2/3 4797/2/3
f 4799/2/3 4797/2/3 4796/2/3
f 4800/4/3 4798/4/3 4797/4/3
f 4800/2/3 4797/2/3 4799/2/3
f 4801/4/3 4798/4/3 4800/4/3
f 4802/2/3 4800/2/3 4799/2/3
f 4803/3/3 4801/3/3 4800/3/3
f 4803/2/3 4800/2/3 4802/2/3
f 4804/4/3 4803/4/3 4802/4/3
f 4805/3/3 4801/3/3 4803/3/3
f 4805/4/3 4803/4/3 4804/4/3
f 4806/3/3 4801/3/3 4805/3/3
f 4807/6/3 4805/6/3 4804/6/3
f 4807/6/3 4806/6/3 4805/6/3
f 4808/6/3 4806/6/3 4807/6/3
f 4811/6/3 4810/6/3 4809/6/3
f 4812/6/3 4810/6/3 4811/6/3
f 4813/2/3 4812/2/3 4811/2/3
f 4814/2/3 4812/2/3 4813/2/3
f 4815/3/3 4814/3/3 4813/3/3
f 4816/2/3 4812/2/3 4814/2/3
f 4816/3/3 4814/3/3 4815/3/3
f 4817/2/3 4816/2/3 4815/2/3
f 4818/2/3 4812/2/3 4816/2/3
f 4818/2/3 4816/2/3 4817/2/3
f 4819/3/3 4818/3/3 4817/3/3
f 4820/3/3 4818/3/3 4819/3/3
f 4821/2/3 4820/2/3 4819/2/3
f 4822/2/3 4820/2/3 4821/2/3
f 4823/2/3 4820/2/3 4822/2/3
f 4824/3/3 4822/3/3 4821/3/3
f 4825/3/3 4822/3/3 4824/3/3
f 4826/4/3 4823/4/3 4822/4/3
f 4826/3/3 4822/3/3 4825/3/3
f 4827/4/3 4823/4/3 4826/4/3
f 4828/2/3 4826/2/3 4825/2/3
f 4829/3/3 4827/3/3 4826/3/3
f 4829/2/3 4826/2/3 4828/2/3
f 4830/4/3 4829/4/3 4828/4/3
f 4831/3/3 4827/3/3 4829/3/3
f 4831/4/3 4829/4/3 4830/4/3
f 4832/3/3 4827/3/3 4831/3/3
f 4833/2/3 4831/2/3 4830/2/3
f 4833/2/3 4832/2/3 4831/2/3
f 4834/2/3 4832/2/3 4833/2/3
f 4835/2/3 4832/2/3 4834/2/3
f 4836/3/3 4835/3/3 4834/3/3
f 4837/2/3 4832/2/3 4835/2/3
f 4837/3/3 4835/3/3 4836/3/3
f 4838/2/3 4837/2/3 4836/2/3
f 4839/2/3 4832/2/3 4837/2/3
f 4839/2/3 4837/2/3 4838/2/3
f 4840/4/3 4839/4/3 4838/4/3
f 4841/4/3 4839/4/3 4840/4/3
f 4842/4/3 4839/4/3 4841/4/3
f 4843/3/3 4841/3/3 4840/3/3
f 4844/2/3 4842/2/3 4841/2/3
f 4844/3/3 4841/3/3 4843/3/3
f 4845/2/3 4842/2/3 4844/2/3
f 4846/4/3 4844/4/3 4843/4/3
f 4847/3/3 4845/3/3 4844/3/3
f 4847/4/3 4844/4/3 4846/4/3
f 4848/3/3 4847/3/3 4846/3/3
f 4849/3/3 4845/3/3 4847/3/3
f 4849/3/3 4847/3/3 4848/3/3
f 4850/2/3 4849/2/3 4848/2/3
f 4851/2/3 4849/2/3 4850/2/3
f 4852/3/3 4851/3/3 4850/3/3
f 4853/3/3 4851/3/3 4852/3/3
f 4854/2/3 4853/2/3 4852/2/3
f 4855/2/3 4853/2/3 4854/2/3
f 4856/2/3 4853/2/3 4855/2/3
f 4857/4/3 4855/4/3 4854/4/3
f 4858/3/3 4856/3/3 4855/3/3
f 4858/4/3 4855/4/3 4857/4/3
f 4859/2/3 4858/2/3 4857/2/3
f 4860/3/3 4856/3/3 4858/3/3
f 4860/2/3 4858/2/3 4859/2/3
f 4861/3/3 4856/3/3 4860/3/3
f 4862/2/3 4860/2/3 4859/2/3
f 4863/4/3 4861/4/3 4860/4/3
f 4863/2/3 4860/2/3 4862/2/3
f 4864/4/3 4861/4/3 4863/4/3
f 4865/2/3 4863/2/3 4862/2/3
f 4865/2/3 4864/2/3 4863/2/3
f 4866/2/3 4864/2/3 4865/2/3
f 4867/3/3 4866/3/3 4865/3/3
f 4868/3/3 4866/3/3 4867/3/3
f 4869/3/3 4866/3/3 4868/3/3
f 4870/4/3 4869/4/3 4868/4/3
f 4871/3/3 4866/3/3 4869/3/3
f 4871/4/3 4869/4/3 4870/4/3
f 4872/3/3 4866/3/3 4871/3/3
f 4876/2/3 4874/2/3 4873/2/3
f 4877/3/3 4875/3/3 4874/3/3
f 4877/2/3 4874/2/3 4876/2/3
f 4878/3/3 4875/3/3 4877/3/3
f 4879/4/3 4877/4/3 4876/4/3
f 4880/2/3 4878/2/3 4877/2/3
f 4880/4/3 4877/4/3 4879/4/3
f 4881/2/3 4878/2/3 4880/2/3
f 4882/3/3 4880/3/3 4879/3/3
f 4882/3/3 4881/3/3 4880/3/3
f 4883/3/3 4881/3/3 4882/3/3
f 4884/4/3 4883/4/3 4882/4/3
f 4885/3/3 4881/3/3 4883/3/3
f 4885/4/3 4883/4/3 4884/4/3
f 4886/3/3 4881/3/3 4885/3/3
f 4887/3/3 4885/3/3 4884/3/3
f 4888/4/3 4886/4/3 4885/4/3
f 4888/3/3 4885/3/3 4887/3/3
f 4889/4/3 4886/4/3 4888/4/3
f 4890/6/3 4888/6/3 4887/6/3
f 4890/6/3 4889/6/3 4888/6/3
f 4891/6/3 4889/6/3 4890/6/3
f 4894/6/3 4893/6/3 4892/6/3
f 4895/6/3 4893/6/3 4894/6/3
f 4896/2/3 4895/2/3 4894/2/3
f 4897/2/3 4895/2/3 4896/2/3
f 4898/2/3 4895/2/3 4897/2/3
f 4899/2/3 4895/2/3 4898/2/3
f 4900/3/3 4897/3/3 4896/3/3
f 4900/4/3 4898/4/3 4897/4/3
f 4901/3/3 4899/3/3 4898/3/3
f 4901/4/3 4898/4/3 4900/4/3
f 4902/3/3 4899/3/3 4901/3/3
f 4903/3/3 4900/3/3 4896/3/3
f 4903/3/3 4901/3/3 4900/3/3
f 4904/2/3 4902/2/3 4901/2/3
f 4904/3/3 4901/3/3 4903/3/3
f 4905/2/3 4902/2/3 4904/2/3
f 4906/3/3 4903/3/3 4896/3/3
f 4907/2/3 4904/2/3 4903/2/3
f 4907/3/3 4903/3/3 4906/3/3
f 4908/3/3 4905/3/3 4904/3/3
f 4908/2/3 4904/2/3 4907/2/3
f 4909/3/3 4905/3/3 4908/3/3
f 4910/4/3 4907/4/3 4906/4/3
f 4910/4/3 4908/4/3 4907/4/3
f 4911/4/3 4908/4/3 4910/4/3
f 4912/2/3 4909/2/3 4908/2/3
f 4912/4/3 4908/4/3 4911/4/3
f 4913/4/3 4911/4/3 4910/4/3
f 4914/2/3 4912/2/3 4911/2/3
f 4914/4/3 4911/4/3 4913/4/3
f 4915/2/3 4914/2/3 4913/2/3
f 4916/2/3 4914/2/3 4915/2/3
f 4917/2/3 4912/2/3 4914/2/3
f 4917/2/3 4914/2/3 4916/2/3
f 4918/2/3 4909/2/3 4912/2/3
f 4918/2/3 4912/2/3 4917/2/3
f 4919/2/3 4909/2/3 4918/2/3
f 4920/4/3 4917/4/3 4916/4/3
f 4920/2/3 4916/2/3 4915/2/3
f 4921/2/3 4918/2/3 4917/2/3
f 4921/4/3 4917/4/3 4920/4/3
f 4922/3/3 4919/3/3 4918/3/3
f 4922/2/3 4918/2/3 4921/2/3
f 4923/3/3 4919/3/3 4922/3/3
f 4924/2/3 4921/2/3 4920/2/3
f 4924/2/3 4920/2/3 4915/2/3
f 4925/4/3 4922/4/3 4921/4/3
f 4925/2/3 4921/2/3 4924/2/3
f 4926/2/3 4923/2/3 4922/2/3
f 4926/4/3 4922/4/3 4925/4/3
f 4927/2/3 4923/2/3 4926/2/3
f 4928/2/3 4925/2/3 4924/2/3
f 4929/3/3 4926/3/3 4925/3/3
f 4929/2/3 4925/2/3 4928/2/3
f 4930/4/3 4929/4/3 4928/4/3
f 4931/4/3 4929/4/3 4930/4/3
f 4932/3/3 4926/3/3 4929/3/3
f 4932/4/3 4929/4/3 4931/4/3
f 4933/4/3 4927/4/3 4926/4/3
f 4933/3/3 4926/3/3 4932/3/3
f 4934/4/3 4927/4/3 4933/4/3
f 4935/3/3 4932/3/3 4931/3/3
f 4935/2/3 4931/2/3 4930/2/3
f 4936/2/3 4934/2/3 4933/2/3
f 4936/3/3 4932/3/3 4935/3/3
f 4936/2/3 4933/2/3 4932/2/3
f 4937/2/3 4935/2/3 4930/2/3
f 4937/2/3 4936/2/3 4935/2/3
f 4938/2/3 4936/2/3 4937/2/3
f 4939/2/3 4934/2/3 4936/2/3
f 4939/2/3 4936/2/3 4938/2/3
f 4940/2/3 4934/2/3 4939/2/3
f 4941/4/3 4938/4/3 4937/4/3
f 4942/2/3 4939/2/3 4938/2/3
f 4942/4/3 4938/4/3 4941/4/3
f 4943/4/3 4940/4/3 4939/4/3
f 4943/2/3 4939/2/3 4942/2/3
f 4944/2/3 4934/2/3 4940/2/3
f 4944/4/3 4940/4/3 4943/4/3
f 4945/2/3 4934/2/3 4944/2/3
f 4946/3/3 4942/3/3 4941/3/3
f 4947/4/3 4943/4/3 4942/4/3
f 4947/3/3 4942/3/3 4946/3/3
f 4947/4/3 4944/4/3 4943/4/3
f 4948/4/3 4944/4/3 4947/4/3
f 4949/3/3 4945/3/3 4944/3/3
f 4949/4/3 4944/4/3 4948/4/3
f 4950/3/3 4945/3/3 4949/3/3
f 4951/2/3 4947/2/3 4946/2/3
f 4952/3/3 4948/3/3 4947/3/3
f 4952/2/3 4947/2/3 4951/2/3
f 4953/4/3 4949/4/3 4948/4/3
f 4953/3/3 4948/3/3 4952/3/3
f 4954/2/3 4950/2/3 4949/2/3
f 4954/4/3 4949/4/3 4953/4/3
f 4955/2/3 4950/2/3 4954/2/3
f 4956/3/3 4952/3/3 4951/3/3
f 4957/2/3 4953/2/3 4952/2/3
f 4957/3/3 4952/3/3 4956/3/3
f 4958/3/3 4954/3/3 4953/3/3
f 4958/2/3 4953/2/3 4957/2/3
f 4958/3/3 4955/3/3 4954/3/3
f 4959/3/3 4955/3/3 4958/3/3
f 4960/4/3 4957/4/3 4956/4/3
f 4961/3/3 4958/3/3 4957/3/3
f 4961/4/3 4957/4/3 4960/4/3
f 4962/4/3 4959/4/3 4958/4/3
f 4962/3/3 4958/3/3 4961/3/3
f 4963/2/3 4961/2/3 4960/2/3
f 4964/4/3 4962/4/3 4961/4/3
f 4964/2/3 4961/2/3 4963/2/3
f 4965/4/3 4959/4/3 4962/4/3
f 4965/4/3 4962/4/3 4964/4/3
f 4966/2/3 4964/2/3 4963/2/3
f 4966/2/3 4965/2/3 4964/2/3
f 4967/2/3 4965/2/3 4966/2/3
f 4968/3/3 4967/3/3 4966/3/3
f 4969/2/3 4965/2/3 4967/2/3
f 4969/3/3 4967/3/3 4968/3/3
f 4970/2/3 4965/2/3 4969/2/3
f 4971/2/3 4965/2/3 4970/2/3
f 4972/2/3 4969/2/3 4968/2/3
f 4973/3/3 4970/3/3 4969/3/3
f 4973/2/3 4969/2/3 4972/2/3
f 4974/4/3 4971/4/3 4970/4/3
f 4974/3/3 4970/3/3 4973/3/3
f 4975/2/3 4965/2/3 4971/2/3
f 4975/4/3 4971/4/3 4974/4/3
f 4976/2/3 4965/2/3 4975/2/3
f 4977/3/3 4973/3/3 4972/3/3
f 4978/2/3 4974/2/3 4973/2/3
f 4978/3/3 4973/3/3 4977/3/3
f 4979/2/3 4978/2/3 4977/2/3
f 4980/2/3 4974/2/3 4978/2/3
f 4980/2/3 4978/2/3 4979/2/3
f 4981/3/3 4975/3/3 4974/3/3
f 4981/2/3 4974/2/3 4980/2/3
f 4981/3/3 4976/3/3 4975/3/3
f 4982/3/3 4976/3/3 4981/3/3
f 4983/4/3 4980/4/3 4979/4/3
f 4984/2/3 4981/2/3 4980/2/3
f 4984/4/3 4980/4/3 4983/4/3
f 4985/4/3 4982/4/3 4981/4/3
f 4985/2/3 4981/2/3 4984/2/3
f 4986/4/3 4982/4/3 4985/4/3
f 4987/3/3 4984/3/3 4983/3/3
f 4987/3/3 4985/3/3 4984/3/3
f 4988/2/3 4986/2/3 4985/2/3
f 4988/3/3 4985/3/3 4987/3/3
f 4989/2/3 4988/2/3 4987/2/3
f 4990/2/3 4988/2/3 4989/2/3
f 4991/2/3 4986/2/3 4988/2/3
f 4991/2/3 4988/2/3 4990/2/3
f 4992/2/3 4990/2/3 4989/2/3
f 4992/4/3 4991/4/3 4990/4/3
f 4993/4/3 4991/4/3 4992/4/3
f 4994/4/3 4991/4/3 4993/4/3
f 4995/3/3 4993/3/3 4992/3/3
f 4995/2/3 4994/2/3 4993/2/3
f 4996/2/3 4994/2/3 4995/2/3
f 4997/2/3 4992/2/3 4989/2/3
f 4998/3/3 4995/3/3 4992/3/3
f 4998/2/3 4992/2/3 4997/2/3
f 4998/3/3 4996/3/3 4995/3/3
f 4999/3/3 4996/3/3 4998/3/3
f 5000/2/3 4994/2/3 4996/2/3
f 5000/3/3 4996/3/3 4999/3/3
f 5001/3/3 4998/3/3 4997/3/3
f 5002/4/3 4999/4/3 4998/4/3
f 5002/3/3 4998/3/3 5001/3/3
f 5003/4/3 4999/4/3 5002/4/3
f 5004/2/3 5000/2/3 4999/2/3
f 5004/4/3 4999/4/3 5003/4/3
f 5005/2/3 4994/2/3 5000/2/3
f 5005/2/3 5000/2/3 5004/2/3
f 5010/2/3 5007/2/3 5006/2/3
f 5011/3/3 5008/3/3 5007/3/3
f 5011/2/3 5007/2/3 5010/2/3
f 5012/3/3 5008/3/3 5011/3/3
f 5013/2/3 5010/2/3 5009/2/3
f 5013/2/3 5011/2/3 5010/2/3
f 5013/2/3 5012/2/3 5011/2/3
f 5014/2/3 5012/2/3 5013/2/3
f 5015/2/3 5012/2/3 5014/2/3
f 5016/2/3 5012/2/3 5015/2/3
f 5017/4/3 5014/4/3 5013/4/3
f 5018/2/3 5015/2/3 5014/2/3
f 5018/4/3 5014/4/3 5017/4/3
f 5019/3/3 5016/3/3 5015/3/3
f 5019/2/3 5015/2/3 5018/2/3
f 5020/3/3 5016/3/3 5019/3/3
f 5021/3/3 5018/3/3 5017/3/3
f 5022/2/3 5019/2/3 5018/2/3
f 5022/3/3 5018/3/3 5021/3/3
f 5023/4/3 5020/4/3 5019/4/3
f 5023/2/3 5019/2/3 5022/2/3
f 5024/3/3 5016/3/3 5020/3/3
f 5024/4/3 5020/4/3 5023/4/3
f 5025/3/3 5016/3/3 5024/3/3
f 5026/2/3 5023/2/3 5022/2/3
f 5026/2/3 5022/2/3 5021/2/3
f 5026/2/3 5024/2/3 5023/2/3
f 5027/2/3 5024/2/3 5026/2/3
f 5028/2/3 5024/2/3 5027/2/3
f 5029/4/3 5025/4/3 5024/4/3
f 5029/2/3 5024/2/3 5028/2/3
f 5030/3/3 5027/3/3 5026/3/3
f 5031/2/3 5028/2/3 5027/2/3
f 5031/3/3 5027/3/3 5030/3/3
f 5032/2/3 5031/2/3 5030/2/3
f 5033/4/3 5029/4/3 5028/4/3
f 5033/2/3 5031/2/3 5032/2/3
f 5033/2/3 5028/2/3 5031/2/3
f 5034/4/3 5025/4/3 5029/4/3
f 5034/4/3 5029/4/3 5033/4/3
f 5035/4/3 5025/4/3 5034/4/3
f 5036/2/3 5033/2/3 5032/2/3
f 5036/2/3 5034/2/3 5033/2/3
f 5037/3/3 5035/3/3 5034/3/3
f 5037/2/3 5034/2/3 5036/2/3
f 5038/3/3 5035/3/3 5037/3/3
f 5039/6/3 5037/6/3 5036/6/3
f 5039/6/3 5038/6/3 5037/6/3
f 5040/6/3 5038/6/3 5039/6/3
f 5043/6/3 5042/6/3 5041/6/3
f 5044/6/3 5042/6/3 5043/6/3
f 5045/2/3 5044/2/3 5043/2/3
f 5046/2/3 5044/2/3 5045/2/3
f 5047/3/3 5046/3/3 5045/3/3
f 5048/3/3 5046/3/3 5047/3/3
f 5049/2/3 5048/2/3 5047/2/3
f 5050/2/3 5048/2/3 5049/2/3
f 5051/2/3 5048/2/3 5050/2/3
f 5052/3/3 5051/3/3 5050/3/3
f 5053/3/3 5051/3/3 5052/3/3
f 5054/3/3 5051/3/3 5053/3/3
f 5055/2/3 5053/2/3 5052/2/3
f 5055/4/3 5054/4/3 5053/4/3
f 5056/4/3 5054/4/3 5055/4/3
f 5057/2/3 5055/2/3 5052/2/3
f 5057/2/3 5056/2/3 5055/2/3
f 5058/2/3 5056/2/3 5057/2/3
f 5059/2/3 5056/2/3 5058/2/3
f 5060/2/3 5056/2/3 5059/2/3
f 5061/2/3 5056/2/3 5060/2/3
f 5062/2/3 5056/2/3 5061/2/3
f 5063/4/3 5062/4/3 5061/4/3
f 5064/2/3 5056/2/3 5062/2/3
f 5064/4/3 5062/4/3 5063/4/3
f 5065/3/3 5064/3/3 5063/3/3
f 5066/2/3 5056/2/3 5064/2/3
f 5066/3/3 5064/3/3 5065/3/3
f 5067/2/3 5056/2/3 5066/2/3
f 5068/3/3 5066/3/3 5065/3/3
f 5069/4/3 5067/4/3 5066/4/3
f 5069/3/3 5066/3/3 5068/3/3
f 5070/4/3 5067/4/3 5069/4/3
f 5071/4/3 5069/4/3 5068/4/3
f 5072/3/3 5070/3/3 5069/3/3
f 5072/4/3 5069/4/3 5071/4/3
f 5073/3/3 5070/3/3 5072/3/3
f 5074/2/3 5072/2/3 5071/2/3
f 5074/2/3 5073/2/3 5072/2/3
f 5075/2/3 5073/2/3 5074/2/3
f 5076/2/3 5074/2/3 5071/2/3
f 5077/4/3 5075/4/3 5074/4/3
f 5077/2/3 5074/2/3 5076/2/3
f 5078/4/3 5075/4/3 5077/4/3
f 5079/2/3 5077/2/3 5076/2/3
f 5079/2/3 5078/2/3 5077/2/3
f 5080/2/3 5078/2/3 5079/2/3
f 5081/3/3 5080/3/3 5079/3/3
f 5082/3/3 5080/3/3 5081/3/3
f 5083/3/3 5080/3/3 5082/3/3
f 5084/2/3 5082/2/3 5081/2/3
f 5085/4/3 5083/4/3 5082/4/3
f 5085/2/3 5082/2/3 5084/2/3
f 5086/4/3 5083/4/3 5085/4/3
f 5087/2/3 5085/2/3 5084/2/3
f 5088/2/3 5085/2/3 5087/2/3
f 5089/3/3 5086/3/3 5085/3/3
f 5089/2/3 5085/2/3 5088/2/3
f 5090/3/3 5086/3/3 5089/3/3
f 5091/2/3 5089/2/3 5088/2/3
f 5091/2/3 5090/2/3 5089/2/3
f 5092/2/3 5090/2/3 5091/2/3
f 5093/3/3 5092/3/3 5091/3/3
f 5094/2/3 5090/2/3 5092/2/3
f 5094/3/3 5092/3/3 5093/3/3
f 5095/2/3 5090/2/3 5094/2/3
f 5096/2/3 5094/2/3 5093/2/3
f 5097/4/3 5095/4/3 5094/4/3
f 5097/2/3 5094/2/3 5096/2/3
f 5098/4/3 5095/4/3 5097/4/3
f 5099/3/3 5097/3/3 5096/3/3
f 5099/3/3 5098/3/3 5097/3/3
f 5100/3/3 5098/3/3 5099/3/3
f 5101/3/3 5098/3/3 5100/3/3
f 5102/2/3 5100/2/3 5099/2/3
f 5102/4/3 5101/4/3 5100/4/3
f 5103/4/3 5101/4/3 5102/4/3
f 5104/2/3 5102/2/3 5099/2/3
f 5104/2/3 5103/2/3 5102/2/3
f 5105/2/3 5103/2/3 5104/2/3
f 5106/2/3 5103/2/3 5105/2/3
f 5107/2/3 5105/2/3 5104/2/3
f 5108/3/3 5106/3/3 5105/3/3
f 5108/2/3 5105/2/3 5107/2/3
f 5109/3/3 5106/3/3 5108/3/3
f 5113/2/3 5111/2/3 5110/2/3
f 5114/4/3 5112/4/3 5111/4/3
f 5114/2/3 5111/2/3 5113/2/3
f 5115/4/3 5114/4/3 5113/4/3
f 5116/4/3 5112/4/3 5114/4/3
f 5116/4/3 5114/4/3 5115/4/3
f 5117/2/3 5116/2/3 5115/2/3
f 5118/2/3 5116/2/3 5117/2/3
f 5119/4/3 5118/4/3 5117/4/3
f 5120/4/3 5118/4/3 5119/4/3
f 5121/4/3 5118/4/3 5120/4/3
f 5122/2/3 5120/2/3 5119/2/3
f 5123/3/3 5121/3/3 5120/3/3
f 5123/2/3 5120/2/3 5122/2/3
f 5124/3/3 5123/3/3 5122/3/3
f 5125/3/3 5121/3/3 5123/3/3
f 5125/3/3 5123/3/3 5124/3/3
f 5126/2/3 5125/2/3 5124/2/3
f 5127/2/3 5125/2/3 5126/2/3
f 5128/3/3 5127/3/3 5126/3/3
f 5129/2/3 5125/2/3 5127/2/3
f 5129/3/3 5127/3/3 5128/3/3
f 5130/2/3 5125/2/3 5129/2/3
f 5131/2/3 5129/2/3 5128/2/3
f 5132/4/3 5130/4/3 5129/4/3
f 5132/2/3 5129/2/3 5131/2/3
f 5133/4/3 5130/4/3 5132/4/3
f 5134/6/3 5132/6/3 5131/6/3
f 5134/6/3 5133/6/3 5132/6/3
f 5135/6/3 5133/6/3 5134/6/3
f 5138/6/3 5137/6/3 5136/6/3
f 5139/6/3 5137/6/3 5138/6/3
f 5140/2/3 5139/2/3 5138/2/3
f 5141/2/3 5139/2/3 5140/2/3
f 5142/2/3 5139/2/3 5141/2/3
f 5143/4/3 5141/4/3 5140/4/3
f 5144/3/3 5142/3/3 5141/3/3
f 5144/4/3 5141/4/3 5143/4/3
f 5145/3/3 5142/3/3 5144/3/3
f 5146/3/3 5144/3/3 5143/3/3
f 5147/2/3 5145/2/3 5144/2/3
f 5147/3/3 5144/3/3 5146/3/3
f 5148/3/3 5142/3/3 5145/3/3
f 5148/2/3 5145/2/3 5147/2/3
f 5149/3/3 5142/3/3 5148/3/3
f 5150/3/3 5142/3/3 5149/3/3
f 5151/2/3 5147/2/3 5146/2/3
f 5152/4/3 5148/4/3 5147/4/3
f 5152/2/3 5147/2/3 5151/2/3
f 5153/3/3 5149/3/3 5148/3/3
f 5153/4/3 5148/4/3 5152/4/3
f 5154/2/3 5150/2/3 5149/2/3
f 5154/3/3 5149/3/3 5153/3/3
f 5155/2/3 5150/2/3 5154/2/3
f 5156/2/3 5152/2/3 5151/2/3
f 5156/2/3 5153/2/3 5152/2/3
f 5156/2/3 5154/2/3 5153/2/3
f 5157/2/3 5154/2/3 5156/2/3
f 5158/2/3 5154/2/3 5157/2/3
f 5159/4/3 5155/4/3 5154/4/3
f 5159/2/3 5154/2/3 5158/2/3
f 5160/3/3 5157/3/3 5156/3/3
f 5161/2/3 5158/2/3 5157/2/3
f 5161/3/3 5157/3/3 5160/3/3
f 5162/4/3 5159/4/3 5158/4/3
f 5162/2/3 5158/2/3 5161/2/3
f 5163/4/3 5155/4/3 5159/4/3
f 5163/4/3 5159/4/3 5162/4/3
f 5164/2/3 5162/2/3 5161/2/3
f 5164/2/3 5161/2/3 5160/2/3
f 5164/2/3 5163/2/3 5162/2/3
f 5165/2/3 5163/2/3 5164/2/3
f 5166/2/3 5163/2/3 5165/2/3
f 5167/2/3 5163/2/3 5166/2/3
f 5168/4/3 5165/4/3 5164/4/3
f 5169/3/3 5166/3/3 5165/3/3
f 5169/4/3 5165/4/3 5168/4/3
f 5170/4/3 5167/4/3 5166/4/3
f 5170/3/3 5166/3/3 5169/3/3
f 5171/3/3 5169/3/3 5168/3/3
f 5172/2/3 5170/2/3 5169/2/3
f 5172/3/3 5169/3/3 5171/3/3
f 5173/4/3 5167/4/3 5170/4/3
f 5173/2/3 5170/2/3 5172/2/3
f 5174/4/3 5167/4/3 5173/4/3
f 5175/4/3 5172/4/3 5171/4/3
f 5175/3/3 5171/3/3 5168/3/3
f 5176/2/3 5173/2/3 5172/2/3
f 5176/4/3 5172/4/3 5175/4/3
f 5177/3/3 5174/3/3 5173/3/3
f 5177/2/3 5173/2/3 5176/2/3
f 5178/3/3 5176/3/3 5175/3/3
f 5178/3/3 5175/3/3 5168/3/3
f 5178/3/3 5177/3/3 5176/3/3
f 5179/3/3 5177/3/3 5178/3/3
f 5180/3/3 5177/3/3 5179/3/3
f 5181/3/3 5174/3/3 5177/3/3
f 5181/3/3 5177/3/3 5180/3/3
f 5182/3/3 5180/3/3 5179/3/3
f 5182/2/3 5179/2/3 5178/2/3
f 5183/2/3 5181/2/3 5180/2/3
f 5183/3/3 5180/3/3 5182/3/3
f 5184/3/3 5174/3/3 5181/3/3
f 5184/2/3 5181/2/3 5183/2/3
f 5185/3/3 5174/3/3 5184/3/3
f 5186/2/3 5183/2/3 5182/2/3
f 5186/2/3 5182/2/3 5178/2/3
f 5186/2/3 5185/2/3 5184/2/3
f 5186/2/3 5184/2/3 5183/2/3
f 5187/2/3 5185/2/3 5186/2/3
f 5188/2/3 5185/2/3 5187/2/3
f 5189/2/3 5185/2/3 5188/2/3
f 5190/4/3 5187/4/3 5186/4/3
f 5191/2/3 5188/2/3 5187/2/3
f 5191/4/3 5187/4/3 5190/4/3
f 5192/2/3 5191/2/3 5190/2/3
f 5193/2/3 5188/2/3 5191/2/3
f 5193/2/3 5191/2/3 5192/2/3
f 5194/3/3 5189/3/3 5188/3/3
f 5194/2/3 5188/2/3 5193/2/3
f 5195/2/3 5185/2/3 5189/2/3
f 5195/3/3 5189/3/3 5194/3/3
f 5196/3/3 5193/3/3 5192/3/3
f 5197/4/3 5194/4/3 5193/4/3
f 5197/3/3 5193/3/3 5196/3/3
f 5197/4/3 5195/4/3 5194/4/3
f 5198/4/3 5195/4/3 5197/4/3
f 5199/2/3 5185/2/3 5195/2/3
f 5199/4/3 5195/4/3 5198/4/3
f 5200/2/3 5185/2/3 5199/2/3
f 5201/4/3 5198/4/3 5197/4/3
f 5201/4/3 5197/4/3 5196/4/3
f 5202/4/3 5198/4/3 5201/4/3
f 5203/2/3 5199/2/3 5198/2/3
f 5203/4/3 5198/4/3 5202/4/3
f 5204/4/3 5200/4/3 5199/4/3
f 5204/2/3 5199/2/3 5203/2/3
f 5205/4/3 5200/4/3 5204/4/3
f 5206/4/3 5202/4/3 5201/4/3
f 5207/2/3 5203/2/3 5202/2/3
f 5207/4/3 5202/4/3 5206/4/3
f 5208/4/3 5204/4/3 5203/4/3
f 5208/2/3 5205/2/3 5204/2/3
f 5209/2/3 5205/2/3 5208/2/3
f 5210/3/3 5207/3/3 5206/3/3
f 5211/2/3 5203/2/3 5207/2/3
f 5211/3/3 5207/3/3 5210/3/3
f 5212/4/3 5208/4/3 5203/4/3
f 5212/2/3 5203/2/3 5211/2/3
f 5212/4/3 5209/4/3 5208/4/3
f 5213/4/3 5209/4/3 5212/4/3
f 5214/2/3 5211/2/3 5210/2/3
f 5214/2/3 5212/2/3 5211/2/3
f 5214/2/3 5213/2/3 5212/2/3
f 5215/2/3 5213/2/3 5214/2/3
f 5216/2/3 5213/2/3 5215/2/3
f 5217/2/3 5213/2/3 5216/2/3
f 5218/4/3 5215/4/3 5214/4/3
f 5219/4/3 5215/4/3 5218/4/3
f 5220/2/3 5216/2/3 5215/2/3
f 5220/4/3 5215/4/3 5219/4/3
f 5221/3/3 5217/3/3 5216/3/3
f 5221/2/3 5216/2/3 5220/2/3
f 5222/3/3 5217/3/3 5221/3/3
f 5223/4/3 5219/4/3 5218/4/3
f 5224/2/3 5220/2/3 5219/2/3
f 5224/4/3 5219/4/3 5223/4/3
f 5225/4/3 5221/4/3 5220/4/3
f 5225/2/3 5220/2/3 5224/2/3
f 5225/4/3 5222/4/3 5221/4/3
f 5226/4/3 5222/4/3 5225/4/3
f 5227/4/3 5224/4/3 5223/4/3
f 5228/3/3 5225/3/3 5224/3/3
f 5228/4/3 5224/4/3 5227/4/3
f 5228/3/3 5226/3/3 5225/3/3
f 5229/3/3 5226/3/3 5228/3/3
f 5230/3/3 5226/3/3 5229/3/3
f 5231/2/3 5228/2/3 5227/2/3
f 5232/3/3 5229/3/3 5228/3/3
f 5232/2/3 5228/2/3 5231/2/3
f 5233/4/3 5230/4/3 5229/4/3
f 5233/3/3 5229/3/3 5232/3/3
f 5234/3/3 5226/3/3 5230/3/3
f 5234/4/3 5230/4/3 5233/4/3
f 5235/3/3 5232/3/3 5231/3/3
f 5236/4/3 5233/4/3 5232/4/3
f 5236/3/3 5232/3/3 5235/3/3
f 5237/2/3 5234/2/3 5233/2/3
f 5237/4/3 5233/4/3 5236/4/3
f 5238/4/3 5236/4/3 5235/4/3
f 5239/2/3 5237/2/3 5236/2/3
f 5239/4/3 5236/4/3 5238/4/3
f 5240/3/3 5226/3/3 5234/3/3
f 5240/2/3 5237/2/3 5239/2/3
f 5240/2/3 5234/2/3 5237/2/3
f 5241/3/3 5226/3/3 5240/3/3
f 5242/2/3 5239/2/3 5238/2/3
f 5242/2/3 5240/2/3 5239/2/3
f 5242/2/3 5241/2/3 5240/2/3
f 5243/2/3 5241/2/3 5242/2/3
f 5244/2/3 5242/2/3 5238/2/3
f 5245/4/3 5243/4/3 5242/4/3
f 5245/2/3 5242/2/3 5244/2/3
f 5246/2/3 5241/2/3 5243/2/3
f 5246/4/3 5243/4/3 5245/4/3
f 5247/2/3 5241/2/3 5246/2/3
f 5248/3/3 5245/3/3 5244/3/3
f 5249/3/3 5245/3/3 5248/3/3
f 5250/2/3 5246/2/3 5245/2/3
f 5250/3/3 5245/3/3 5249/3/3
f 5251/4/3 5247/4/3 5246/4/3
f 5251/2/3 5246/2/3 5250/2/3
f 5252/4/3 5249/4/3 5248/4/3
f 5253/2/3 5250/2/3 5249/2/3
f 5253/4/3 5249/4/3 5252/4/3
f 5254/3/3 5251/3/3 5250/3/3
f 5254/2/3 5250/2/3 5253/2/3
f 5255/4/3 5247/4/3 5251/4/3
f 5255/3/3 5251/3/3 5254/3/3
f 5256/2/3 5253/2/3 5252/2/3
f 5257/3/3 5254/3/3 5253/3/3
f 5257/2/3 5253/2/3 5256/2/3
f 5258/4/3 5255/4/3 5254/4/3
f 5258/3/3 5254/3/3 5257/3/3
f 5259/4/3 5247/4/3 5255/4/3
f 5259/4/3 5255/4/3 5258/4/3
f 5260/3/3 5257/3/3 5256/3/3
f 5261/2/3 5258/2/3 5257/2/3
f 5261/3/3 5257/3/3 5260/3/3
f 5261/2/3 5259/2/3 5258/2/3
f 5262/4/3 5247/4/3 5259/4/3
f 5262/2/3 5259/2/3 5261/2/3
f 5263/4/3 5261/4/3 5260/4/3
f 5263/4/3 5262/4/3 5261/4/3
f 5264/4/3 5247/4/3 5262/4/3
f 5264/4/3 5262/4/3 5263/4/3
f 5265/2/3 5264/2/3 5263/2/3
f 5266/2/3 5264/2/3 5265/2/3
f 5267/2/3 5264/2/3 5266/2/3
f 5268/2/3 5264/2/3 5267/2/3
f 5269/2/3 5264/2/3 5268/2/3
f 5270/2/3 5268/2/3 5267/2/3
f 5271/3/3 5269/3/3 5268/3/3
f 5271/2/3 5268/2/3 5270/2/3
f 5272/3/3 5269/3/3 5271/3/3
f 5273/4/3 5272/4/3 5271/4/3
f 5274/4/3 5272/4/3 5273/4/3
f 5279/2/3 5276/2/3 5275/2/3
f 5280/2/3 5276/2/3 5279/2/3
f 5282/4/3 5278/4/3 5277/4/3
f 5283/4/3 5282/4/3 5281/4/3
f 5284/4/3 5278/4/3 5282/4/3
f 5284/4/3 5282/4/3 5283/4/3
f 5285/2/3 5279/2/3 5278/2/3
f 5285/4/3 5278/4/3 5284/4/3
f 5286/4/3 5280/4/3 5279/4/3
f 5286/2/3 5279/2/3 5285/2/3
f 5287/4/3 5280/4/3 5286/4/3
f 5288/2/3 5284/2/3 5283/2/3
f 5289/3/3 5285/3/3 5284/3/3
f 5289/2/3 5284/2/3 5288/2/3
f 5290/2/3 5286/2/3 5285/2/3
f 5290/3/3 5285/3/3 5289/3/3
f 5290/2/3 5287/2/3 5286/2/3
f 5291/2/3 5287/2/3 5290/2/3
f 5292/2/3 5287/2/3 5291/2/3
f 5293/4/3 5289/4/3 5288/4/3
f 5293/4/3 5290/4/3 5289/4/3
f 5294/2/3 5291/2/3 5290/2/3
f 5294/4/3 5290/4/3 5293/4/3
f 5295/4/3 5292/4/3 5291/4/3
f 5295/2/3 5291/2/3 5294/2/3
f 5296/4/3 5292/4/3 5295/4/3
f 5297/2/3 5294/2/3 5293/2/3
f 5297/2/3 5295/2/3 5294/2/3
f 5297/2/3 5296/2/3 5295/2/3
f 5298/2/3 5296/2/3 5297/2/3
f 5299/2/3 5296/2/3 5298/2/3
f 5300/3/3 5298/3/3 5297/3/3
f 5301/4/3 5299/4/3 5298/4/3
f 5301/3/3 5298/3/3 5300/3/3
f 5302/4/3 5299/4/3 5301/4/3
f 5303/4/3 5299/4/3 5302/4/3
f 5304/3/3 5301/3/3 5300/3/3
f 5304/2/3 5302/2/3 5301/2/3
f 5305/3/3 5303/3/3 5302/3/3
f 5305/2/3 5302/2/3 5304/2/3
f 5306/4/3 5299/4/3 5303/4/3
f 5306/3/3 5303/3/3 5305/3/3
f 5307/4/3 5299/4/3 5306/4/3
f 5308/3/3 5305/3/3 5304/3/3
f 5308/3/3 5304/3/3 5300/3/3
f 5309/4/3 5306/4/3 5305/4/3
f 5309/3/3 5305/3/3 5308/3/3
f 5310/2/3 5307/2/3 5306/2/3
f 5310/4/3 5306/4/3 5309/4/3
f 5311/3/3 5309/3/3 5308/3/3
f 5311/3/3 5310/3/3 5309/3/3
f 5312/3/3 5310/3/3 5311/3/3
f 5313/2/3 5307/2/3 5310/2/3
f 5313/3/3 5310/3/3 5312/3/3
f 5314/2/3 5307/2/3 5313/2/3
f 5315/3/3 5311/3/3 5308/3/3
f 5316/4/3 5312/4/3 5311/4/3
f 5316/3/3 5311/3/3 5315/3/3
f 5317/3/3 5313/3/3 5312/3/3
f 5317/4/3 5312/4/3 5316/4/3
f 5318/4/3 5314/4/3 5313/4/3
f 5318/3/3 5313/3/3 5317/3/3
f 5319/4/3 5314/4/3 5318/4/3
f 5320/4/3 5316/4/3 5315/4/3
f 5321/3/3 5317/3/3 5316/3/3
f 5321/4/3 5316/4/3 5320/4/3
f 5321/3/3 5318/3/3 5317/3/3
f 5321/3/3 5319/3/3 5318/3/3
f 5322/3/3 5319/3/3 5321/3/3
f 5323/6/3 5321/6/3 5320/6/3
f 5323/6/3 5322/6/3 5321/6/3
f 5324/6/3 5322/6/3 5323/6/3
f 5329/6/3 5326/6/3 5325/6/3
f 5330/6/3 5326/6/3 5329/6/3
f 5331/6/3 5328/6/3 5327/6/3
f 5332/6/3 5328/6/3 5331/6/3
f 5333/2/3 5332/2/3 5331/2/3
f 5334/2/3 5332/2/3 5333/2/3
f 5335/4/3 5334/4/3 5333/4/3
f 5335/2/3 5332/2/3 5334/2/3
f 5336/2/3 5332/2/3 5335/2/3
f 5337/4/3 5335/4/3 5333/4/3
f 5338/3/3 5336/3/3 5335/3/3
f 5338/4/3 5335/4/3 5337/4/3
f 5339/3/3 5336/3/3 5338/3/3
f 5340/2/3 5338/2/3 5337/2/3
f 5340/2/3 5339/2/3 5338/2/3
f 5341/2/3 5339/2/3 5340/2/3
f 5342/2/3 5339/2/3 5341/2/3
f 5343/3/3 5341/3/3 5340/3/3
f 5344/4/3 5342/4/3 5341/4/3
f 5344/3/3 5341/3/3 5343/3/3
f 5345/4/3 5342/4/3 5344/4/3
f 5346/2/3 5344/2/3 5343/2/3
f 5346/2/3 5345/2/3 5344/2/3
f 5347/2/3 5345/2/3 5346/2/3
f 5348/2/3 5345/2/3 5347/2/3
f 5349/4/3 5348/4/3 5347/4/3
f 5350/2/3 5345/2/3 5348/2/3
f 5350/4/3 5348/4/3 5349/4/3
f 5351/2/3 5345/2/3 5350/2/3
f 5352/3/3 5350/3/3 5349/3/3
f 5353/4/3 5351/4/3 5350/4/3
f 5353/3/3 5350/3/3 5352/3/3
f 5354/4/3 5351/4/3 5353/4/3
f 5355/3/3 5353/3/3 5352/3/3
f 5355/3/3 5354/3/3 5353/3/3
f 5356/3/3 5354/3/3 5355/3/3
f 5357/4/3 5356/4/3 5355/4/3
f 5357/3/3 5354/3/3 5356/3/3
f 5358/3/3 5354/3/3 5357/3/3
f 5359/4/3 5357/4/3 5355/4/3
f 5360/2/3 5358/2/3 5357/2/3
f 5360/4/3 5357/4/3 5359/4/3
f 5361/2/3 5360/2/3 5359/2/3
f 5361/2/3 5358/2/3 5360/2/3
f 5362/2/3 5358/2/3 5361/2/3
f 5363/2/3 5361/2/3 5359/2/3
f 5364/3/3 5362/3/3 5361/3/3
f 5364/2/3 5361/2/3 5363/2/3
f 5365/4/3 5364/4/3 5363/4/3
f 5366/3/3 5362/3/3 5364/3/3
f 5366/4/3 5364/4/3 5365/4/3
f 5367/3/3 5362/3/3 5366/3/3
f 5368/2/3 5366/2/3 5365/2/3
f 5368/2/3 5367/2/3 5366/2/3
f 5369/2/3 5367/2/3 5368/2/3
f 5370/2/3 5367/2/3 5369/2/3
f 5371/2/3 5369/2/3 5368/2/3
f 5372/4/3 5370/4/3 5369/4/3
f 5372/2/3 5369/2/3 5371/2/3
f 5373/4/3 5370/4/3 5372/4/3
f 5374/4/3 5372/4/3 5371/4/3
f 5375/2/3 5373/2/3 5372/2/3
f 5375/4/3 5372/4/3 5374/4/3
f 5376/2/3 5375/2/3 5374/2/3
f 5377/2/3 5375/2/3 5376/2/3
f 5378/2/3 5373/2/3 5375/2/3
f 5378/2/3 5375/2/3 5377/2/3
f 5379/2/3 5373/2/3 5378/2/3
f 5380/2/3 5378/2/3 5377/2/3
f 5381/4/3 5379/4/3 5378/4/3
f 5381/2/3 5378/2/3 5380/2/3
f 5382/4/3 5379/4/3 5381/4/3
f 5383/2/3 5381/2/3 5380/2/3
f 5383/2/3 5382/2/3 5381/2/3
f 5384/2/3 5382/2/3 5383/2/3
f 5385/2/3 5383/2/3 5380/2/3
f 5385/4/3 5384/4/3 5383/4/3
f 5386/4/3 5384/4/3 5385/4/3
f 5387/2/3 5385/2/3 5380/2/3
f 5388/3/3 5386/3/3 5385/3/3
f 5388/2/3 5385/2/3 5387/2/3
f 5389/3/3 5386/3/3 5388/3/3
f 5390/2/3 5388/2/3 5387/2/3
f 5390/2/3 5389/2/3 5388/2/3
f 5391/2/3 5389/2/3 5390/2/3
f 5392/2/3 5390/2/3 5387/2/3
f 5393/3/3 5391/3/3 5390/3/3
f 5393/2/3 5390/2/3 5392/2/3
f 5394/3/3 5391/3/3 5393/3/3
f 5395/4/3 5393/4/3 5392/4/3
f 5396/2/3 5394/2/3 5393/2/3
f 5396/4/3 5393/4/3 5395/4/3
f 5397/2/3 5394/2/3 5396/2/3
f 5398/2/3 5396/2/3 5395/2/3
f 5399/3/3 5397/3/3 5396/3/3
f 5399/2/3 5396/2/3 5398/2/3
f 5400/3/3 5397/3/3 5399/3/3
f 5401/4/3 5399/4/3 5398/4/3
f 5401/4/3 5400/4/3 5399/4/3
f 5402/4/3 5400/4/3 5401/4/3
f 5403/4/3 5401/4/3 5398/4/3
f 5404/2/3 5402/2/3 5401/2/3
f 5404/4/3 5401/4/3 5403/4/3
f 5405/2/3 5402/2/3 5404/2/3
f 5406/2/3 5404/2/3 5403/2/3
f 5407/4/3 5405/4/3 5404/4/3
f 5407/2/3 5404/2/3 5406/2/3
f 5408/4/3 5405/4/3 5407/4/3
f 5409/2/3 5407/2/3 5406/2/3
f 5409/2/3 5408/2/3 5407/2/3
f 5410/2/3 5408/2/3 5409/2/3
f 5411/2/3 5408/2/3 5410/2/3
f 5412/3/3 5411/3/3 5410/3/3
f 5413/2/3 5408/2/3 5411/2/3
f 5413/3/3 5411/3/3 5412/3/3
f 5414/2/3 5408/2/3 5413/2/3
f 5415/4/3 5414/4/3 5413/4/3
f 5416/4/3 5414/4/3 5415/4/3
f 5420/4/3 5418/4/3 5417/4/3
f 5421/4/3 5418/4/3 5420/4/3
f 5422/2/3 5420/2/3 5419/2/3
f 5422/2/3 5421/2/3 5420/2/3
f 5423/2/3 5421/2/3 5422/2/3
f 5424/2/3 5421/2/3 5423/2/3
f 5425/2/3 5423/2/3 5422/2/3
f 5426/4/3 5424/4/3 5423/4/3
f 5426/2/3 5423/2/3 5425/2/3
f 5427/4/3 5424/4/3 5426/4/3
f 5428/3/3 5426/3/3 5425/3/3
f 5429/3/3 5426/3/3 5428/3/3
f 5430/2/3 5427/2/3 5426/2/3
f 5430/3/3 5426/3/3 5429/3/3
f 5431/4/3 5430/4/3 5429/4/3
f 5432/2/3 5427/2/3 5430/2/3
f 5432/4/3 5430/4/3 5431/4/3
f 5433/2/3 5432/2/3 5431/2/3
f 5434/2/3 5427/2/3 5432/2/3
f 5434/2/3 5432/2/3 5433/2/3
f 5435/2/3 5427/2/3 5434/2/3
f 5436/3/3 5434/3/3 5433/3/3
f 5437/4/3 5435/4/3 5434/4/3
f 5437/3/3 5434/3/3 5436/3/3
f 5438/4/3 5435/4/3 5437/4/3
f 5439/4/3 5437/4/3 5436/4/3
f 5440/2/3 5438/2/3 5437/2/3
f 5440/4/3 5437/4/3 5439/4/3
f 5441/2/3 5438/2/3 5440/2/3
f 5442/4/3 5440/4/3 5439/4/3
f 5442/4/3 5441/4/3 5440/4/3
f 5443/4/3 5441/4/3 5442/4/3
f 5444/4/3 5442/4/3 5439/4/3
f 5445/2/3 5443/2/3 5442/2/3
f 5445/4/3 5442/4/3 5444/4/3
f 5446/2/3 5445/2/3 5444/2/3
f 5447/2/3 5445/2/3 5446/2/3
f 5448/2/3 5443/2/3 5445/2/3
f 5448/2/3 5445/2/3 5447/2/3
f 5449/6/3 5448/6/3 5447/6/3
f 5450/6/3 5448/6/3 5449/6/3
f 5453/6/3 5452/6/3 5451/6/3
f 5454/6/3 5452/6/3 5453/6/3
f 5456/6/3 5455/6/3 5454/6/3
f 5457/6/3 5455/6/3 5456/6/3
f 5458/6/3 5455/6/3 5457/6/3
f 5459/6/3 5455/6/3 5458/6/3
f 5461/6/3 5460/6/3 5459/6/3
f 5462/6/3 5460/6/3 5461/6/3
f 5463/6/3 5460/6/3 5462/6/3
f 5464/6/3 5460/6/3 5463/6/3
f 5466/6/3 5465/6/3 5464/6/3
f 5467/6/3 5465/6/3 5466/6/3
f 5468/6/3 5465/6/3 5467/6/3
f 5469/6/3 5465/6/3 5468/6/3
f 5471/6/3 5470/6/3 5469/6/3
f 5472/6/3 5470/6/3 5471/6/3
f 5473/6/3 5470/6/3 5472/6/3
f 5474/6/3 5470/6/3 5473/6/3
f 5476/6/3 5475/6/3 5474/6/3
f 5477/6/3 5475/6/3 5476/6/3
f 5478/6/3 5475/6/3 5477/6/3
f 5479/6/3 5475/6/3 5478/6/3
f 5481/6/3 5480/6/3 5479/6/3
f 5482/6/3 5480/6/3 5481/6/3
f 5483/6/3 5480/6/3 5482/6/3
f 5484/6/3 5480/6/3 5483/6/3
f 5486/6/3 5485/6/3 5484/6/3
f 5487/6/3 5485/6/3 5486/6/3
f 5488/6/3 5485/6/3 5487/6/3
f 5489/6/3 5485/6/3 5488/6/3
f 5491/6/3 5490/6/3 5489/6/3
f 5494/6/3 5491/6/3 5489/6/3
f 5495/6/3 5491/6/3 5494/6/3
f 5498/6/3 5497/6/3 5496/6/3
f 5499/6/3 5497/6/3 5498/6/3
f 5500/6/3 5497/6/3 5499/6/3
f 5501/6/3 5497/6/3 5500/6/3
f 5502/6/3 5493/6/3 5492/6/3
f 5503/6/3 5493/6/3 5502/6/3
f 5504/2/3 5503/2/3 5502/2/3
f 5505/2/3 5503/2/3 5504/2/3
f 5506/4/3 5505/4/3 5504/4/3
f 5507/4/3 5505/4/3 5506/4/3
f 5508/2/3 5503/2/3 5505/2/3
f 5508/4/3 5505/4/3 5507/4/3
f 5509/3/3 5508/3/3 5507/3/3
f 5510/2/3 5503/2/3 5508/2/3
f 5510/3/3 5508/3/3 5509/3/3
f 5511/4/3 5510/4/3 5509/4/3
f 5512/2/3 5503/2/3 5510/2/3
f 5512/4/3 5510/4/3 5511/4/3
f 5513/3/3 5512/3/3 5511/3/3
f 5514/2/3 5503/2/3 5512/2/3
f 5514/3/3 5512/3/3 5513/3/3
f 5515/2/3 5514/2/3 5513/2/3
f 5516/2/3 5503/2/3 5514/2/3
f 5516/2/3 5514/2/3 5515/2/3
f 5517/2/3 5503/2/3 5516/2/3
f 5518/2/3 5515/2/3 5513/2/3
f 5519/3/3 5516/3/3 5515/3/3
f 5519/2/3 5515/2/3 5518/2/3
f 5520/4/3 5517/4/3 5516/4/3
f 5520/3/3 5516/3/3 5519/3/3
f 5521/4/3 5517/4/3 5520/4/3
f 5522/3/3 5519/3/3 5518/3/3
f 5523/2/3 5520/2/3 5519/2/3
f 5523/3/3 5519/3/3 5522/3/3
f 5524/3/3 5521/3/3 5520/3/3
f 5524/2/3 5520/2/3 5523/2/3
f 5525/3/3 5521/3/3 5524/3/3
f 5526/4/3 5523/4/3 5522/4/3
f 5527/3/3 5524/3/3 5523/3/3
f 5527/4/3 5523/4/3 5526/4/3
f 5528/2/3 5525/2/3 5524/2/3
f 5528/3/3 5524/3/3 5527/3/3
f 5529/2/3 5525/2/3 5528/2/3
f 5530/4/3 5527/4/3 5526/4/3
f 5530/4/3 5528/4/3 5527/4/3
f 5530/4/3 5529/4/3 5528/4/3
f 5531/4/3 5529/4/3 5530/4/3
f 5532/2/3 5531/2/3 5530/2/3
f 5533/2/3 5531/2/3 5532/2/3
f 5534/2/3 5531/2/3 5533/2/3
f 5535/2/3 5533/2/3 5532/2/3
f 5535/4/3 5534/4/3 5533/4/3
f 5536/2/3 5531/2/3 5534/2/3
f 5536/4/3 5534/4/3 5535/4/3
f 5537/2/3 5531/2/3 5536/2/3
f 5538/2/3 5535/2/3 5532/2/3
f 5538/2/3 5536/2/3 5535/2/3
f 5539/4/3 5537/4/3 5536/4/3
f 5539/2/3 5536/2/3 5538/2/3
f 5540/4/3 5537/4/3 5539/4/3
f 5541/2/3 5538/2/3 5532/2/3
f 5542/3/3 5539/3/3 5538/3/3
f 5542/2/3 5538/2/3 5541/2/3
f 5543/2/3 5540/2/3 5539/2/3
f 5543/3/3 5539/3/3 5542/3/3
f 5544/3/3 5542/3/3 5541/3/3
f 5545/2/3 5543/2/3 5542/2/3
f 5545/3/3 5542/3/3 5544/3/3
f 5546/2/3 5540/2/3 5543/2/3
f 5546/2/3 5543/2/3 5545/2/3
f 5547/2/3 5540/2/3 5546/2/3
f 5548/4/3 5545/4/3 5544/4/3
f 5549/3/3 5546/3/3 5545/3/3
f 5549/4/3 5545/4/3 5548/4/3
f 5550/4/3 5547/4/3 5546/4/3
f 5550/3/3 5546/3/3 5549/3/3
f 5551/4/3 5547/4/3 5550/4/3
f 5552/3/3 5549/3/3 5548/3/3
f 5553/4/3 5550/4/3 5549/4/3
f 5553/3/3 5549/3/3 5552/3/3
f 5554/2/3 5551/2/3 5550/2/3
f 5554/4/3 5550/4/3 5553/4/3
f 5555/2/3 5553/2/3 5552/2/3
f 5555/2/3 5554/2/3 5553/2/3
f 5556/2/3 5554/2/3 5555/2/3
f 5557/2/3 5551/2/3 5554/2/3
f 5557/2/3 5554/2/3 5556/2/3
f 5558/2/3 5551/2/3 5557/2/3
f 5559/3/3 5556/3/3 5555/3/3
f 5560/4/3 5557/4/3 5556/4/3
f 5560/3/3 5558/3/3 5557/3/3
f 5561/3/3 5558/3/3 5560/3/3
f 5562/3/3 5556/3/3 5559/3/3
f 5563/4/3 5560/4/3 5556/4/3
f 5563/3/3 5556/3/3 5562/3/3
f 5564/2/3 5561/2/3 5560/2/3
f 5564/4/3 5560/4/3 5563/4/3
f 5565/2/3 5561/2/3 5564/2/3
f 5566/2/3 5563/2/3 5562/2/3
f 5566/2/3 5564/2/3 5563/2/3
f 5567/2/3 5564/2/3 5566/2/3
f 5568/3/3 5565/3/3 5564/3/3
f 5568/2/3 5564/2/3 5567/2/3
f 5569/3/3 5565/3/3 5568/3/3
f 5570/2/3 5567/2/3 5566/2/3
f 5571/4/3 5568/4/3 5567/4/3
f 5571/2/3 5567/2/3 5570/2/3
f 5572/2/3 5569/2/3 5568/2/3
f 5572/4/3 5568/4/3 5571/4/3
f 5573/2/3 5569/2/3 5572/2/3
f 5574/3/3 5571/3/3 5570/3/3
f 5574/4/3 5572/4/3 5571/4/3
f 5575/3/3 5573/3/3 5572/3/3
f 5575/4/3 5572/4/3 5574/4/3
f 5576/3/3 5573/3/3 5575/3/3
f 5577/3/3 5574/3/3 5570/3/3
f 5578/2/3 5575/2/3 5574/2/3
f 5578/3/3 5574/3/3 5577/3/3
f 5578/2/3 5576/2/3 5575/2/3
f 5579/2/3 5578/2/3 5577/2/3
f 5580/2/3 5576/2/3 5578/2/3
f 5580/2/3 5578/2/3 5579/2/3
f 5581/2/3 5576/2/3 5580/2/3
f 5582/2/3 5580/2/3 5579/2/3
f 5583/4/3 5581/4/3 5580/4/3
f 5583/2/3 5580/2/3 5582/2/3
f 5584/4/3 5581/4/3 5583/4/3
f 5585/3/3 5583/3/3 5582/3/3
f 5586/2/3 5584/2/3 5583/2/3
f 5586/3/3 5583/3/3 5585/3/3
f 5587/4/3 5581/4/3 5584/4/3
f 5587/2/3 5584/2/3 5586/2/3
f 5588/4/3 5581/4/3 5587/4/3
f 5589/4/3 5586/4/3 5585/4/3
f 5590/3/3 5587/3/3 5586/3/3
f 5590/4/3 5586/4/3 5589/4/3
f 5591/2/3 5588/2/3 5587/2/3
f 5591/3/3 5587/3/3 5590/3/3
f 5592/2/3 5588/2/3 5591/2/3
f 5593/2/3 5590/2/3 5589/2/3
f 5593/2/3 5591/2/3 5590/2/3
f 5594/2/3 5591/2/3 5593/2/3
f 5595/4/3 5592/4/3 5591/4/3
f 5595/2/3 5591/2/3 5594/2/3
f 5596/4/3 5592/4/3 5595/4/3
f 5597/3/3 5594/3/3 5593/3/3
f 5598/4/3 5595/4/3 5594/4/3
f 5598/3/3 5594/3/3 5597/3/3
f 5599/3/3 5596/3/3 5595/3/3
f 5599/4/3 5595/4/3 5598/4/3
f 5600/3/3 5596/3/3 5599/3/3
f 5601/2/3 5598/2/3 5597/2/3
f 5601/2/3 5599/2/3 5598/2/3
f 5601/2/3 5600/2/3 5599/2/3
f 5602/2/3 5600/2/3 5601/2/3
f 5603/2/3 5600/2/3 5602/2/3
f 5604/3/3 5603/3/3 5602/3/3
f 5604/2/3 5600/2/3 5603/2/3
f 5605/2/3 5600/2/3 5604/2/3
f 5606/2/3 5600/2/3 5605/2/3
f 5607/3/3 5604/3/3 5602/3/3
f 5607/3/3 5605/3/3 5604/3/3
f 5608/4/3 5606/4/3 5605/4/3
f 5608/3/3 5605/3/3 5607/3/3
f 5609/4/3 5606/4/3 5608/4/3
f 5610/3/3 5608/3/3 5607/3/3
f 5610/3/3 5609/3/3 5608/3/3
f 5611/3/3 5609/3/3 5610/3/3
f 5612/3/3 5609/3/3 5611/3/3
f 5613/3/3 5609/3/3 5612/3/3
f 5614/3/3 5609/3/3 5613/3/3
f 5617/4/3 5614/4/3 5613/4/3
f 5618/3/3 5616/3/3 5615/3/3
f 5619/4/3 5617/4/3 5616/4/3
f 5619/3/3 5616/3/3 5618/3/3
f 5620/4/3 5614/4/3 5617/4/3
f 5620/4/3 5617/4/3 5619/4/3
f 5621/2/3 5619/2/3 5618/2/3
f 5621/2/3 5620/2/3 5619/2/3
f 5622/2/3 5620/2/3 5621/2/3
f 5623/2/3 5620/2/3 5622/2/3
f 5624/3/3 5622/3/3 5621/3/3
f 5625/4/3 5623/4/3 5622/4/3
f 5625/3/3 5622/3/3 5624/3/3
f 5626/2/3 5620/2/3 5623/2/3
f 5626/4/3 5623/4/3 5625/4/3
f 5627/2/3 5620/2/3 5626/2/3
f 5628/4/3 5626/4/3 5625/4/3
f 5628/4/3 5627/4/3 5626/4/3
f 5629/4/3 5627/4/3 5628/4/3
f 5630/2/3 5625/2/3 5624/2/3
f 5630/4/3 5628/4/3 5625/4/3
f 5631/3/3 5629/3/3 5628/3/3
f 5631/4/3 5628/4/3 5630/4/3
f 5632/3/3 5629/3/3 5631/3/3
f 5633/2/3 5630/2/3 5624/2/3
f 5633/3/3 5631/3/3 5630/3/3
f 5634/4/3 5632/4/3 5631/4/3
f 5634/3/3 5631/3/3 5633/3/3
f 5635/4/3 5632/4/3 5634/4/3
f 5636/2/3 5633/2/3 5624/2/3
f 5636/2/3 5634/2/3 5633/2/3
f 5636/2/3 5635/2/3 5634/2/3
f 5637/2/3 5635/2/3 5636/2/3
f 5638/2/3 5635/2/3 5637/2/3
f 5639/2/3 5635/2/3 5638/2/3
f 5640/3/3 5637/3/3 5636/3/3
f 5641/2/3 5638/2/3 5637/2/3
f 5641/3/3 5637/3/3 5640/3/3
f 5642/4/3 5639/4/3 5638/4/3
f 5642/2/3 5638/2/3 5641/2/3
f 5643/3/3 5641/3/3 5640/3/3
f 5643/3/3 5642/3/3 5641/3/3
f 5644/3/3 5642/3/3 5643/3/3
f 5645/4/3 5639/4/3 5642/4/3
f 5645/3/3 5642/3/3 5644/3/3
f 5646/4/3 5639/4/3 5645/4/3
f 5647/4/3 5644/4/3 5643/4/3
f 5648/2/3 5645/2/3 5644/2/3
f 5648/4/3 5644/4/3 5647/4/3
f 5648/2/3 5646/2/3 5645/2/3
f 5649/2/3 5646/2/3 5648/2/3
f 5650/3/3 5648/3/3 5647/3/3
f 5650/3/3 5649/3/3 5648/3/3
f 5651/3/3 5649/3/3 5650/3/3
f 5652/4/3 5651/4/3 5650/4/3
f 5653/4/3 5651/4/3 5652/4/3
f 5654/3/3 5653/3/3 5652/3/3
f 5655/4/3 5651/4/3 5653/4/3
f 5655/3/3 5653/3/3 5654/3/3
f 5656/4/3 5651/4/3 5655/4/3
f 5657/6/3 5655/6/3 5654/6/3
f 5657/6/3 5656/6/3 5655/6/3
f 5658/6/3 5656/6/3 5657/6/3
f 5665/6/3 5662/6/3 5661/6/3
f 5666/6/3 5662/6/3 5665/6/3
f 5667/6/3 5662/6/3 5666/6/3
f 5668/6/3 5664/6/3 5663/6/3
f 5669/6/3 5664/6/3 5668/6/3
f 5670/6/3 5660/6/3 5659/6/3
f 5671/6/3 5660/6/3 5670/6/3
f 5672/2/3 5671/2/3 5670/2/3
f 5673/2/3 5671/2/3 5672/2/3
f 5674/2/3 5671/2/3 5673/2/3
f 5675/4/3 5673/4/3 5672/4/3
f 5676/3/3 5674/3/3 5673/3/3
f 5676/4/3 5673/4/3 5675/4/3
f 5677/3/3 5674/3/3 5676/3/3
f 5678/3/3 5676/3/3 5675/3/3
f 5678/4/3 5677/4/3 5676/4/3
f 5679/4/3 5677/4/3 5678/4/3
f 5680/3/3 5678/3/3 5675/3/3
f 5681/2/3 5679/2/3 5678/2/3
f 5681/3/3 5678/3/3 5680/3/3
f 5682/2/3 5679/2/3 5681/2/3
f 5683/2/3 5681/2/3 5680/2/3
f 5684/3/3 5682/3/3 5681/3/3
f 5684/2/3 5681/2/3 5683/2/3
f 5685/4/3 5684/4/3 5683/4/3
f 5686/3/3 5682/3/3 5684/3/3
f 5686/4/3 5684/4/3 5685/4/3
f 5687/3/3 5682/3/3 5686/3/3
f 5688/2/3 5686/2/3 5685/2/3
f 5688/2/3 5687/2/3 5686/2/3
f 5689/2/3 5687/2/3 5688/2/3
f 5690/2/3 5687/2/3 5689/2/3
f 5691/3/3 5689/3/3 5688/3/3
f 5692/4/3 5690/4/3 5689/4/3
f 5692/3/3 5689/3/3 5691/3/3
f 5693/4/3 5690/4/3 5692/4/3
f 5694/3/3 5692/3/3 5691/3/3
f 5695/2/3 5693/2/3 5692/2/3
f 5695/3/3 5692/3/3 5694/3/3
f 5696/2/3 5693/2/3 5695/2/3
f 5697/3/3 5695/3/3 5694/3/3
f 5697/4/3 5696/4/3 5695/4/3
f 5698/4/3 5696/4/3 5697/4/3
f 5699/3/3 5697/3/3 5694/3/3
f 5699/3/3 5698/3/3 5697/3/3
f 5700/3/3 5698/3/3 5699/3/3
f 5701/3/3 5698/3/3 5700/3/3
f 5702/2/3 5701/2/3 5700/2/3
f 5703/2/3 5701/2/3 5702/2/3
f 5704/3/3 5703/3/3 5702/3/3
f 5705/2/3 5701/2/3 5703/2/3
f 5705/3/3 5703/3/3 5704/3/3
f 5706/4/3 5705/4/3 5704/4/3
f 5707/2/3 5701/2/3 5705/2/3
f 5707/4/3 5705/4/3 5706/4/3
f 5708/2/3 5707/2/3 5706/2/3
f 5709/2/3 5707/2/3 5708/2/3
f 5710/2/3 5701/2/3 5707/2/3
f 5710/2/3 5707/2/3 5709/2/3
f 5711/3/3 5710/3/3 5709/3/3
f 5712/2/3 5701/2/3 5710/2/3
f 5712/3/3 5710/3/3 5711/3/3
f 5713/2/3 5701/2/3 5712/2/3
f 5714/4/3 5712/4/3 5711/4/3
f 5714/4/3 5713/4/3 5712/4/3
f 5715/4/3 5713/4/3 5714/4/3
f 5716/2/3 5715/2/3 5714/2/3
f 5717/2/3 5715/2/3 5716/2/3
f 5718/2/3 5715/2/3 5717/2/3
f 5719/3/3 5717/3/3 5716/3/3
f 5720/3/3 5717/3/3 5719/3/3
f 5721/4/3 5718/4/3 5717/4/3
f 5721/3/3 5717/3/3 5720/3/3
f 5722/4/3 5721/4/3 5720/4/3
f 5723/4/3 5718/4/3 5721/4/3
f 5723/4/3 5721/4/3 5722/4/3
f 5724/2/3 5723/2/3 5722/2/3
f 5725/2/3 5723/2/3 5724/2/3
f 5726/3/3 5725/3/3 5724/3/3
f 5727/2/3 5723/2/3 5725/2/3
f 5727/3/3 5725/3/3 5726/3/3
f 5728/2/3 5727/2/3 5726/2/3
f 5729/2/3 5723/2/3 5727/2/3
f 5729/2/3 5727/2/3 5728/2/3
f 5730/2/3 5723/2/3 5729/2/3
f 5731/2/3 5729/2/3 5728/2/3
f 5732/3/3 5730/3/3 5729/3/3
f 5732/2/3 5729/2/3 5731/2/3
f 5733/3/3 5730/3/3 5732/3/3
f 5734/2/3 5732/2/3 5731/2/3
f 5734/2/3 5733/2/3 5732/2/3
f 5735/2/3 5733/2/3 5734/2/3
f 5736/3/3 5735/3/3 5734/3/3
f 5737/2/3 5733/2/3 5735/2/3
f 5737/3/3 5735/3/3 5736/3/3
f 5738/2/3 5737/2/3 5736/2/3
f 5739/2/3 5733/2/3 5737/2/3
f 5739/2/3 5737/2/3 5738/2/3
f 5740/4/3 5739/4/3 5738/4/3
f 5741/2/3 5733/2/3 5739/2/3
f 5741/4/3 5739/4/3 5740/4/3
f 5742/2/3 5741/2/3 5740/2/3
f 5743/2/3 5733/2/3 5741/2/3
f 5743/2/3 5741/2/3 5742/2/3
f 5744/4/3 5743/4/3 5742/4/3
f 5745/2/3 5733/2/3 5743/2/3
f 5745/4/3 5743/4/3 5744/4/3
f 5746/2/3 5745/2/3 5744/2/3
f 5747/2/3 5733/2/3 5745/2/3
f 5747/2/3 5745/2/3 5746/2/3
f 5748/4/3 5747/4/3 5746/4/3
f 5749/2/3 5733/2/3 5747/2/3
f 5749/4/3 5747/4/3 5748/4/3
f 5750/2/3 5749/2/3 5748/2/3
f 5750/2/3 5733/2/3 5749/2/3
f 5751/2/3 5733/2/3 5750/2/3
f 5752/2/3 5750/2/3 5748/2/3
f 5753/3/3 5751/3/3 5750/3/3
f 5753/2/3 5750/2/3 5752/2/3
f 5754/3/3 5751/3/3 5753/3/3
f 5755/2/3 5753/2/3 5752/2/3
f 5756/4/3 5754/4/3 5753/4/3
f 5756/2/3 5753/2/3 5755/2/3
f 5757/4/3 5756/4/3 5755/4/3
f 5758/4/3 5754/4/3 5756/4/3
f 5758/4/3 5756/4/3 5757/4/3
f 5759/3/3 5758/3/3 5757/3/3
f 5760/3/3 5758/3/3 5759/3/3
f 5761/2/3 5760/2/3 5759/2/3
f 5762/2/3 5760/2/3 5761/2/3
f 5763/3/3 5762/3/3 5761/3/3
f 5764/3/3 5762/3/3 5763/3/3
f 5765/3/3 5762/3/3 5764/3/3
f 5766/2/3 5764/2/3 5763/2/3
f 5767/2/3 5764/2/3 5766/2/3
f 5768/4/3 5765/4/3 5764/4/3
f 5768/2/3 5764/2/3 5767/2/3
f 5769/3/3 5768/3/3 5767/3/3
f 5770/4/3 5765/4/3 5768/4/3
f 5770/3/3 5768/3/3 5769/3/3
f 5771/4/3 5765/4/3 5770/4/3
f 5772/2/3 5770/2/3 5769/2/3
f 5772/3/3 5771/3/3 5770/3/3
f 5773/3/3 5771/3/3 5772/3/3
f 5774/2/3 5772/2/3 5769/2/3
f 5775/4/3 5773/4/3 5772/4/3
f 5775/2/3 5772/2/3 5774/2/3
f 5776/4/3 5773/4/3 5775/4/3
f 5777/6/3 5775/6/3 5774/6/3
f 5777/6/3 5776/6/3 5775/6/3
f 5778/6/3 5776/6/3 5777/6/3
f 5781/6/3 5780/6/3 5779/6/3
f 5782/6/3 5780/6/3 5781/6/3
f 5783/2/3 5782/2/3 5781/2/3
f 5784/2/3 5782/2/3 5783/2/3
f 5785/3/3 5784/3/3 5783/3/3
f 5786/2/3 5782/2/3 5784/2/3
f 5786/3/3 5784/3/3 5785/3/3
f 5787/2/3 5782/2/3 5786/2/3
f 5788/4/3 5786/4/3 5785/4/3
f 5789/3/3 5787/3/3 5786/3/3
f 5789/4/3 5786/4/3 5788/4/3
f 5790/3/3 5787/3/3 5789/3/3
f 5791/4/3 5789/4/3 5788/4/3
f 5792/4/3 5789/4/3 5791/4/3
f 5793/2/3 5790/2/3 5789/2/3
f 5793/4/3 5789/4/3 5792/4/3
f 5794/2/3 5790/2/3 5793/2/3
f 5795/2/3 5793/2/3 5792/2/3
f 5796/3/3 5794/3/3 5793/3/3
f 5796/2/3 5793/2/3 5795/2/3
f 5797/3/3 5794/3/3 5796/3/3
f 5798/2/3 5796/2/3 5795/2/3
f 5798/2/3 5797/2/3 5796/2/3
f 5799/2/3 5797/2/3 5798/2/3
f 5800/4/3 5799/4/3 5798/4/3
f 5801/4/3 5799/4/3 5800/4/3
f 5802/2/3 5797/2/3 5799/2/3
f 5802/4/3 5799/4/3 5801/4/3
f 5803/2/3 5797/2/3 5802/2/3
f 5804/3/3 5802/3/3 5801/3/3
f 5805/4/3 5803/4/3 5802/4/3
f 5805/3/3 5802/3/3 5804/3/3
f 5806/4/3 5803/4/3 5805/4/3
f 5807/4/3 5805/4/3 5804/4/3
f 5808/2/3 5806/2/3 5805/2/3
f 5808/4/3 5805/4/3 5807/4/3
f 5809/3/3 5808/3/3 5807/3/3
f 5810/2/3 5806/2/3 5808/2/3
f 5810/3/3 5808/3/3 5809/3/3
f 5811/2/3 5810/2/3 5809/2/3
f 5811/2/3 5806/2/3 5810/2/3
f 5812/2/3 5806/2/3 5811/2/3
f 5813/2/3 5811/2/3 5809/2/3
f 5814/3/3 5812/3/3 5811/3/3
f 5814/2/3 5811/2/3 5813/2/3
f 5815/4/3 5814/4/3 5813/4/3
f 5816/3/3 5812/3/3 5814/3/3
f 5816/4/3 5814/4/3 5815/4/3
f 5817/3/3 5812/3/3 5816/3/3
f 5818/3/3 5816/3/3 5815/3/3
f 5818/2/3 5817/2/3 5816/2/3
f 5819/2/3 5817/2/3 5818/2/3
f 5820/3/3 5818/3/3 5815/3/3
f 5820/3/3 5819/3/3 5818/3/3
f 5821/3/3 5819/3/3 5820/3/3
f 5822/3/3 5820/3/3 5815/3/3
f 5823/2/3 5821/2/3 5820/2/3
f 5823/3/3 5820/3/3 5822/3/3
f 5824/2/3 5821/2/3 5823/2/3
f 5825/2/3 5823/2/3 5822/2/3
f 5825/4/3 5824/4/3 5823/4/3
f 5826/4/3 5824/4/3 5825/4/3
f 5827/2/3 5825/2/3 5822/2/3
f 5827/2/3 5826/2/3 5825/2/3
f 5828/2/3 5826/2/3 5827/2/3
f 5829/3/3 5828/3/3 5827/3/3
f 5830/3/3 5828/3/3 5829/3/3
f 5831/3/3 5828/3/3 5830/3/3
f 5832/4/3 5830/4/3 5829/4/3
f 5833/4/3 5830/4/3 5832/4/3
f 5834/4/3 5830/4/3 5833/4/3
f 5835/2/3 5831/2/3 5830/2/3
f 5835/4/3 5830/4/3 5834/4/3
f 5836/2/3 5831/2/3 5835/2/3
f 5837/3/3 5835/3/3 5834/3/3
f 5837/3/3 5836/3/3 5835/3/3
f 5838/3/3 5836/3/3 5837/3/3
f 5839/3/3 5836/3/3 5838/3/3
f 5840/2/3 5838/2/3 5837/2/3
f 5841/4/3 5839/4/3 5838/4/3
f 5841/2/3 5838/2/3 5840/2/3
f 5842/4/3 5839/4/3 5841/4/3
f 5843/2/3 5841/2/3 5840/2/3
f 5843/2/3 5842/2/3 5841/2/3
f 5844/2/3 5842/2/3 5843/2/3
f 5845/3/3 5844/3/3 5843/3/3
f 5845/2/3 5842/2/3 5844/2/3
f 5846/2/3 5842/2/3 5845/2/3
f 5847/3/3 5845/3/3 5843/3/3
f 5848/4/3 5846/4/3 5845/4/3
f 5848/3/3 5845/3/3 5847/3/3
f 5849/4/3 5846/4/3 5848/4/3
f 5850/4/3 5848/4/3 5847/4/3
f 5851/2/3 5849/2/3 5848/2/3
f 5851/4/3 5848/4/3 5850/4/3
f 5852/2/3 5849/2/3 5851/2/3
f 5853/2/3 5851/2/3 5850/2/3
f 5853/4/3 5852/4/3 5851/4/3
f 5854/4/3 5852/4/3 5853/4/3
f 5855/2/3 5853/2/3 5850/2/3
f 5855/2/3 5854/2/3 5853/2/3
f 5856/2/3 5854/2/3 5855/2/3
f 5857/3/3 5856/3/3 5855/3/3
f 5858/3/3 5856/3/3 5857/3/3
f 5859/3/3 5856/3/3 5858/3/3
f 5860/4/3 5858/4/3 5857/4/3
f 5861/2/3 5859/2/3 5858/2/3
f 5861/4/3 5858/4/3 5860/4/3
f 5862/2/3 5861/2/3 5860/2/3
f 5863/2/3 5859/2/3 5861/2/3
f 5863/2/3 5861/2/3 5862/2/3
f 5864/3/3 5863/3/3 5862/3/3
f 5865/3/3 5863/3/3 5864/3/3
f 5866/3/3 5863/3/3 5865/3/3
f 5867/2/3 5866/2/3 5865/2/3
f 5868/2/3 5866/2/3 5867/2/3
f 5869/4/3 5868/4/3 5867/4/3
f 5870/2/3 5866/2/3 5868/2/3
f 5870/4/3 5868/4/3 5869/4/3
f 5871/2/3 5870/2/3 5869/2/3
f 5872/2/3 5870/2/3 5871/2/3
f 5873/2/3 5866/2/3 5870/2/3
f 5873/2/3 5870/2/3 5872/2/3
f 5874/2/3 5866/2/3 5873/2/3
f 5875/2/3 5873/2/3 5872/2/3
f 5876/3/3 5874/3/3 5873/3/3
f 5876/2/3 5873/2/3 5875/2/3
f 5877/3/3 5874/3/3 5876/3/3
f 5878/2/3 5876/2/3 5875/2/3
f 5878/2/3 5877/2/3 5876/2/3
f 5879/2/3 5877/2/3 5878/2/3
f 5880/2/3 5877/2/3 5879/2/3
f 5881/2/3 5879/2/3 5878/2/3
f 5882/3/3 5880/3/3 5879/3/3
f 5882/2/3 5879/2/3 5881/2/3
f 5883/3/3 5880/3/3 5882/3/3
f 5884/6/3 5882/6/3 5881/6/3
f 5884/6/3 5883/6/3 5882/6/3
f 5885/6/3 5883/6/3 5884/6/3
f 5892/6/3 5889/6/3 5888/6/3
f 5893/6/3 5889/6/3 5892/6/3
f 5894/6/3 5891/6/3 5890/6/3
f 5895/6/3 5891/6/3 5894/6/3
f 5896/6/3 5887/6/3 5886/6/3
f 5897/6/3 5887/6/3 5896/6/3
f 5898/2/3 5897/2/3 5896/2/3
f 5899/2/3 5897/2/3 5898/2/3
f 5900/2/3 5897/2/3 5899/2/3
f 5901/2/3 5897/2/3 5900/2/3
f 5902/2/3 5898/2/3 5896/2/3
f 5903/3/3 5899/3/3 5898/3/3
f 5903/2/3 5898/2/3 5902/2/3
f 5904/2/3 5900/2/3 5899/2/3
f 5904/3/3 5899/3/3 5903/3/3
f 5905/4/3 5901/4/3 5900/4/3
f 5905/2/3 5900/2/3 5904/2/3
f 5906/4/3 5903/4/3 5902/4/3
f 5907/2/3 5904/2/3 5903/2/3
f 5907/4/3 5903/4/3 5906/4/3
f 5908/3/3 5905/3/3 5904/3/3
f 5908/2/3 5904/2/3 5907/2/3
f 5909/4/3 5901/4/3 5905/4/3
f 5909/3/3 5905/3/3 5908/3/3
f 5910/4/3 5901/4/3 5909/4/3
f 5911/4/3 5908/4/3 5907/4/3
f 5911/4/3 5907/4/3 5906/4/3
f 5912/4/3 5908/4/3 5911/4/3
f 5913/2/3 5910/2/3 5909/2/3
f 5913/4/3 5908/4/3 5912/4/3
f 5913/2/3 5909/2/3 5908/2/3
f 5914/2/3 5910/2/3 5913/2/3
f 5915/3/3 5912/3/3 5911/3/3
f 5916/2/3 5913/2/3 5912/2/3
f 5916/3/3 5912/3/3 5915/3/3
f 5917/2/3 5910/2/3 5914/2/3
f 5917/4/3 5914/4/3 5913/4/3
f 5918/2/3 5910/2/3 5917/2/3
f 5919/2/3 5916/2/3 5915/2/3
f 5920/2/3 5913/2/3 5916/2/3
f 5920/2/3 5916/2/3 5919/2/3
f 5920/4/3 5917/4/3 5913/4/3
f 5921/3/3 5918/3/3 5917/3/3
f 5921/4/3 5917/4/3 5920/4/3
f 5922/3/3 5918/3/3 5921/3/3
f 5923/2/3 5920/2/3 5919/2/3
f 5923/2/3 5921/2/3 5920/2/3
f 5923/2/3 5922/2/3 5921/2/3
f 5924/2/3 5922/2/3 5923/2/3
f 5925/2/3 5922/2/3 5924/2/3
f 5926/2/3 5922/2/3 5925/2/3
f 5927/2/3 5922/2/3 5926/2/3
f 5928/4/3 5924/4/3 5923/4/3
f 5929/3/3 5925/3/3 5924/3/3
f 5929/4/3 5924/4/3 5928/4/3
f 5930/2/3 5926/2/3 5925/2/3
f 5930/3/3 5925/3/3 5929/3/3
f 5931/3/3 5927/3/3 5926/3/3
f 5931/2/3 5926/2/3 5930/2/3
f 5932/3/3 5927/3/3 5931/3/3
f 5933/2/3 5929/2/3 5928/2/3
f 5934/3/3 5930/3/3 5929/3/3
f 5934/2/3 5929/2/3 5933/2/3
f 5935/4/3 5931/4/3 5930/4/3
f 5935/3/3 5930/3/3 5934/3/3
f 5935/4/3 5932/4/3 5931/4/3
f 5936/4/3 5932/4/3 5935/4/3
f 5937/4/3 5932/4/3 5936/4/3
f 5938/3/3 5934/3/3 5933/3/3
f 5939/4/3 5935/4/3 5934/4/3
f 5939/3/3 5934/3/3 5938/3/3
f 5940/2/3 5936/2/3 5935/2/3
f 5940/4/3 5935/4/3 5939/4/3
f 5941/3/3 5937/3/3 5936/3/3
f 5941/2/3 5936/2/3 5940/2/3
f 5942/3/3 5937/3/3 5941/3/3
f 5943/4/3 5939/4/3 5938/4/3
f 5944/2/3 5940/2/3 5939/2/3
f 5944/4/3 5939/4/3 5943/4/3
f 5945/4/3 5941/4/3 5940/4/3
f 5945/2/3 5940/2/3 5944/2/3
f 5945/4/3 5942/4/3 5941/4/3
f 5946/4/3 5942/4/3 5945/4/3
f 5947/4/3 5942/4/3 5946/4/3
f 5948/3/3 5944/3/3 5943/3/3
f 5948/3/3 5945/3/3 5944/3/3
f 5948/3/3 5946/3/3 5945/3/3
f 5949/2/3 5947/2/3 5946/2/3
f 5949/3/3 5946/3/3 5948/3/3
f 5950/2/3 5949/2/3 5948/2/3
f 5951/2/3 5949/2/3 5950/2/3
f 5952/2/3 5947/2/3 5949/2/3
f 5952/2/3 5949/2/3 5951/2/3
f 5953/2/3 5947/2/3 5952/2/3
f 5954/3/3 5951/3/3 5950/3/3
f 5955/4/3 5952/4/3 5951/4/3
f 5955/3/3 5951/3/3 5954/3/3
f 5956/3/3 5953/3/3 5952/3/3
f 5956/4/3 5952/4/3 5955/4/3
f 5957/2/3 5955/2/3 5954/2/3
f 5958/2/3 5955/2/3 5957/2/3
f 5959/3/3 5956/3/3 5955/3/3
f 5959/2/3 5955/2/3 5958/2/3
f 5960/3/3 5953/3/3 5956/3/3
f 5960/3/3 5956/3/3 5959/3/3
f 5961/3/3 5953/3/3 5960/3/3
f 5962/4/3 5958/4/3 5957/4/3
f 5963/3/3 5959/3/3 5958/3/3
f 5963/4/3 5958/4/3 5962/4/3
f 5963/3/3 5960/3/3 5959/3/3
f 5964/4/3 5961/4/3 5960/4/3
f 5964/3/3 5960/3/3 5963/3/3
f 5965/4/3 5961/4/3 5964/4/3
f 5966/2/3 5963/2/3 5962/2/3
f 5966/2/3 5964/2/3 5963/2/3
f 5966/2/3 5965/2/3 5964/2/3
f 5967/2/3 5965/2/3 5966/2/3
f 5968/2/3 5965/2/3 5967/2/3
f 5969/2/3 5965/2/3 5968/2/3
f 5970/4/3 5967/4/3 5966/4/3
f 5971/3/3 5968/3/3 5967/3/3
f 5971/4/3 5967/4/3 5970/4/3
f 5972/4/3 5969/4/3 5968/4/3
f 5972/3/3 5968/3/3 5971/3/3
f 5973/2/3 5965/2/3 5969/2/3
f 5973/4/3 5969/4/3 5972/4/3
f 5974/2/3 5965/2/3 5973/2/3
f 5975/2/3 5972/2/3 5971/2/3
f 5975/2/3 5971/2/3 5970/2/3
f 5976/3/3 5974/3/3 5973/3/3
f 5976/2/3 5972/2/3 5975/2/3
f 5976/3/3 5973/3/3 5972/3/3
f 5977/3/3 5974/3/3 5976/3/3
f 5978/2/3 5976/2/3 5975/2/3
f 5978/2/3 5977/2/3 5976/2/3
f 5979/2/3 5977/2/3 5978/2/3
f 5980/2/3 5977/2/3 5979/2/3
f 5981/2/3 5979/2/3 5978/2/3
f 5982/4/3 5980/4/3 5979/4/3
f 5982/2/3 5979/2/3 5981/2/3
f 5983/2/3 5977/2/3 5980/2/3
f 5983/4/3 5980/4/3 5982/4/3
f 5984/3/3 5982/3/3 5981/3/3
f 5984/3/3 5983/3/3 5982/3/3
f 5985/3/3 5983/3/3 5984/3/3
f 5986/2/3 5977/2/3 5983/2/3
f 5986/3/3 5983/3/3 5985/3/3
f 5987/2/3 5977/2/3 5986/2/3
f 5988/3/3 5986/3/3 5985/3/3
f 5988/4/3 5987/4/3 5986/4/3
f 5989/2/3 5977/2/3 5987/2/3
f 5989/4/3 5987/4/3 5988/4/3
f 5990/2/3 5985/2/3 5984/2/3
f 5991/3/3 5988/3/3 5985/3/3
f 5991/2/3 5985/2/3 5990/2/3
f 5991/3/3 5989/3/3 5988/3/3
f 5992/3/3 5989/3/3 5991/3/3
f 5993/2/3 5977/2/3 5989/2/3
f 5993/3/3 5989/3/3 5992/3/3
f 5994/3/3 5992/3/3 5991/3/3
f 5994/3/3 5991/3/3 5990/3/3
f 5995/3/3 5992/3/3 5994/3/3
f 5996/4/3 5993/4/3 5992/4/3
f 5996/3/3 5992/3/3 5995/3/3
f 5997/2/3 5977/2/3 5993/2/3
f 5997/4/3 5993/4/3 5996/4/3
f 5998/2/3 5996/2/3 5995/2/3
f 5998/2/3 5997/2/3 5996/2/3
f 5999/2/3 5997/2/3 5998/2/3
f 6000/2/3 5997/2/3 5999/2/3
f 6001/2/3 5977/2/3 5997/2/3
f 6001/2/3 5997/2/3 6000/2/3
f 6002/3/3 5999/3/3 5998/3/3
f 6003/4/3 6000/4/3 5999/4/3
f 6003/3/3 5999/3/3 6002/3/3
f 6004/3/3 6001/3/3 6000/3/3
f 6004/4/3 6000/4/3 6003/4/3
f 6005/3/3 6001/3/3 6004/3/3
f 6006/3/3 6001/3/3 6005/3/3
f 6007/4/3 6003/4/3 6002/4/3
f 6008/2/3 6004/2/3 6003/2/3
f 6008/3/3 6005/3/3 6004/3/3
f 6009/2/3 6006/2/3 6005/2/3
f 6009/3/3 6005/3/3 6008/3/3
f 6010/2/3 6006/2/3 6009/2/3
f 6011/4/3 6003/4/3 6007/4/3
f 6012/2/3 6008/2/3 6003/2/3
f 6012/2/3 6009/2/3 6008/2/3
f 6013/3/3 6010/3/3 6009/3/3
f 6013/2/3 6009/2/3 6012/2/3
f 6014/4/3 6003/4/3 6011/4/3
f 6015/2/3 6012/2/3 6003/2/3
f 6015/4/3 6003/4/3 6014/4/3
f 6016/3/3 6013/3/3 6012/3/3
f 6016/2/3 6012/2/3 6015/2/3
f 6017/3/3 6010/3/3 6013/3/3
f 6017/3/3 6013/3/3 6016/3/3
f 6018/3/3 6015/3/3 6014/3/3
f 6019/4/3 6016/4/3 6015/4/3
f 6019/3/3 6015/3/3 6018/3/3
f 6020/2/3 6017/2/3 6016/2/3
f 6020/4/3 6016/4/3 6019/4/3
f 6021/2/3 6017/2/3 6020/2/3
f 6022/2/3 6019/2/3 6018/2/3
f 6023/4/3 6020/4/3 6019/4/3
f 6023/2/3 6019/2/3 6022/2/3
f 6024/3/3 6021/3/3 6020/3/3
f 6024/4/3 6020/4/3 6023/4/3
f 6025/2/3 6017/2/3 6021/2/3
f 6025/3/3 6021/3/3 6024/3/3
f 6026/2/3 6024/2/3 6023/2/3
f 6026/2/3 6023/2/3 6022/2/3
f 6026/2/3 6025/2/3 6024/2/3
f 6027/2/3 6017/2/3 6025/2/3
f 6027/2/3 6025/2/3 6026/2/3
f 6028/3/3 6027/3/3 6026/3/3
f 6029/3/3 6027/3/3 6028/3/3
f 6030/3/3 6027/3/3 6029/3/3
f 6031/3/3 6027/3/3 6030/3/3
f 6032/4/3 6029/4/3 6028/4/3
f 6033/3/3 6030/3/3 6029/3/3
f 6033/4/3 6029/4/3 6032/4/3
f 6034/2/3 6031/2/3 6030/2/3
f 6034/3/3 6030/3/3 6033/3/3
f 6035/2/3 6031/2/3 6034/2/3
f 6036/4/3 6033/4/3 6032/4/3
f 6036/4/3 6034/4/3 6033/4/3
f 6036/4/3 6035/4/3 6034/4/3
f 6037/4/3 6035/4/3 6036/4/3
f 6038/3/3 6037/3/3 6036/3/3
f 6039/4/3 6035/4/3 6037/4/3
f 6039/3/3 6037/3/3 6038/3/3
f 6040/4/3 6035/4/3 6039/4/3
f 6041/2/3 6031/2/3 6035/2/3
f 6041/4/3 6035/4/3 6040/4/3
f 6042/2/3 6031/2/3 6041/2/3
f 6043/3/3 6041/3/3 6040/3/3
f 6043/3/3 6042/3/3 6041/3/3
f 6044/3/3 6042/3/3 6043/3/3
f 6045/4/3 6040/4/3 6039/4/3
f 6045/4/3 6039/4/3 6038/4/3
f 6046/3/3 6043/3/3 6040/3/3
f 6046/4/3 6040/4/3 6045/4/3
f 6047/4/3 6044/4/3 6043/4/3
f 6047/3/3 6043/3/3 6046/3/3
f 6048/4/3 6044/4/3 6047/4/3
f 6049/2/3 6046/2/3 6045/2/3
f 6049/2/3 6047/2/3 6046/2/3
f 6049/2/3 6048/2/3 6047/2/3
f 6050/2/3 6048/2/3 6049/2/3
f 6051/2/3 6048/2/3 6050/2/3
f 6052/4/3 6050/4/3 6049/4/3
f 6053/4/3 6050/4/3 6052/4/3
f 6054/3/3 6051/3/3 6050/3/3
f 6054/4/3 6050/4/3 6053/4/3
f 6055/2/3 6048/2/3 6051/2/3
f 6055/3/3 6051/3/3 6054/3/3
f 6056/2/3 6048/2/3 6055/2/3
f 6057/3/3 6053/3/3 6052/3/3
f 6058/2/3 6054/2/3 6053/2/3
f 6058/3/3 6053/3/3 6057/3/3
f 6059/4/3 6055/4/3 6054/4/3
f 6059/2/3 6054/2/3 6058/2/3
f 6059/4/3 6056/4/3 6055/4/3
f 6060/4/3 6056/4/3 6059/4/3
f 6061/4/3 6056/4/3 6060/4/3
f 6062/2/3 6059/2/3 6058/2/3
f 6062/2/3 6060/2/3 6059/2/3
f 6062/3/3 6061/3/3 6060/3/3
f 6063/3/3 6061/3/3 6062/3/3
f 6064/4/3 6058/4/3 6057/4/3
f 6065/2/3 6062/2/3 6058/2/3
f 6065/4/3 6058/4/3 6064/4/3
f 6065/2/3 6063/2/3 6062/2/3
f 6066/2/3 6065/2/3 6064/2/3
f 6066/2/3 6063/2/3 6065/2/3
f 6067/2/3 6063/2/3 6066/2/3
f 6068/2/3 6066/2/3 6064/2/3
f 6069/2/3 6066/2/3 6068/2/3
f 6070/4/3 6067/4/3 6066/4/3
f 6070/2/3 6066/2/3 6069/2/3
f 6071/4/3 6067/4/3 6070/4/3
f 6072/2/3 6069/2/3 6068/2/3
f 6073/4/3 6070/4/3 6069/4/3
f 6073/2/3 6069/2/3 6072/2/3
f 6074/2/3 6071/2/3 6070/2/3
f 6074/4/3 6070/4/3 6073/4/3
f 6075/2/3 6071/2/3 6074/2/3
f 6076/4/3 6073/4/3 6072/4/3
f 6076/3/3 6074/3/3 6073/3/3
f 6077/4/3 6075/4/3 6074/4/3
f 6077/3/3 6074/3/3 6076/3/3
f 6078/2/3 6071/2/3 6075/2/3
f 6078/4/3 6075/4/3 6077/4/3
f 6079/4/3 6076/4/3 6072/4/3
f 6080/2/3 6077/2/3 6076/2/3
f 6080/4/3 6076/4/3 6079/4/3
f 6081/3/3 6078/3/3 6077/3/3
f 6081/2/3 6077/2/3 6080/2/3
f 6082/2/3 6071/2/3 6078/2/3
f 6082/3/3 6078/3/3 6081/3/3
f 6083/3/3 6080/3/3 6079/3/3
f 6084/4/3 6081/4/3 6080/4/3
f 6084/3/3 6080/3/3 6083/3/3
f 6084/4/3 6082/4/3 6081/4/3
f 6085/4/3 6082/4/3 6084/4/3
f 6086/2/3 6071/2/3 6082/2/3
f 6086/4/3 6082/4/3 6085/4/3
f 6087/2/3 6071/2/3 6086/2/3
f 6088/3/3 6085/3/3 6084/3/3
f 6088/3/3 6084/3/3 6083/3/3
f 6089/4/3 6087/4/3 6086/4/3
f 6089/3/3 6085/3/3 6088/3/3
f 6089/4/3 6086/4/3 6085/4/3
f 6090/4/3 6087/4/3 6089/4/3
f 6091/6/3 6089/6/3 6088/6/3
f 6091/6/3 6090/6/3 6089/6/3
f 6092/6/3 6090/6/3 6091/6/3
f 6095/6/3 6094/6/3 6093/6/3
f 6096/6/3 6094/6/3 6095/6/3
f 6099/8/3 6098/8/3 6097/8/3
f 6100/8/3 6098/8/3 6099/8/3
f 6101/6/3 6100/6/3 6099/6/3
f 6102/6/3 6100/6/3 6101/6/3
f 6105/6/3 6104/6/3 6103/6/3
f 6106/6/3 6104/6/3 6105/6/3
f 6107/6/3 6104/6/3 6106/6/3
f 6111/8/3 6109/8/3 6108/8/3
f 6111/8/3 6110/8/3 6109/8/3
f 6112/8/3 6110/8/3 6111/8/3
f 6113/6/3 6112/6/3 6111/6/3
f 6114/6/3 6112/6/3 6113/6/3
f 6121/6/3 6118/6/3 6117/6/3
f 6122/6/3 6118/6/3 6121/6/3
f 6123/6/3 6120/6/3 6119/6/3
f 6124/6/3 6120/6/3 6123/6/3
f 6125/6/3 6116/6/3 6115/6/3
f 6126/6/3 6116/6/3 6125/6/3
f 6131/8/3 6128/8/3 6127/8/3
f 6131/8/3 6130/8/3 6129/8/3
f 6131/8/3 6129/8/3 6128/8/3
f 6132/8/3 6130/8/3 6131/8/3
f 6133/6/3 6132/6/3 6131/6/3
f 6134/6/3 6132/6/3 6133/6/3
f 6141/6/3 6138/6/3 6137/6/3
f 6142/6/3 6138/6/3 6141/6/3
f 6143/6/3 6140/6/3 6139/6/3
f 6144/6/3 6140/6/3 6143/6/3
f 6145/6/3 6136/6/3 6135/6/3
f 6146/6/3 6136/6/3 6145/6/3
f 6147/6/3 6136/6/3 6146/6/3
f 6151/8/3 6149/8/3 6148/8/3
f 6151/8/3 6150/8/3 6149/8/3
f 6152/8/3 6150/8/3 6151/8/3
f 6153/6/3 6152/6/3 6151/6/3
f 6154/6/3 6152/6/3 6153/6/3
f 6163/6/3 6156/6/3 6155/6/3
f 6164/6/3 6156/6/3 6163/6/3
f 6165/6/3 6158/6/3 6157/6/3
f 6166/6/3 6158/6/3 6165/6/3
f 6167/6/3 6160/6/3 6159/6/3
f 6168/6/3 6160/6/3 6167/6/3
f 6171/6/3 6170/6/3 6169/6/3
f 6172/6/3 6170/6/3 6171/6/3
f 6173/6/3 6170/6/3 6172/6/3
f 6174/6/3 6170/6/3 6173/6/3
f 6175/6/3 6162/6/3 6161/6/3
f 6176/6/3 6162/6/3 6175/6/3
f 6179/8/3 6178/8/3 6177/8/3
f 6180/8/3 6178/8/3 6179/8/3
f 6181/6/3 6180/6/3 6179/6/3
f 6182/6/3 6180/6/3 6181/6/3
f 6185/6/3 6184/6/3 6183/6/3
f 6186/6/3 6184/6/3 6185/6/3
f 6187/6/3 6184/6/3 6186/6/3
f 6188/6/3 6184/6/3 6187/6/3
f 6193/8/3 6190/8/3 6189/8/3
f 6193/8/3 6192/8/3 6191/8/3
f 6193/8/3 6191/8/3 6190/8/3
f 6194/8/3 6192/8/3 6193/8/3
f 6195/6/3 6194/6/3 6193/6/3
f 6196/6/3 6194/6/3 6195/6/3
f 6199/6/3 6198/6/3 6197/6/3
f 6200/6/3 6198/6/3 6199/6/3
f 6201/6/3 6198/6/3 6200/6/3
f 6206/8/3 6203/8/3 6202/8/3
f 6206/8/3 6205/8/3 6204/8/3
f 6206/8/3 6204/8/3 6203/8/3
f 6207/8/3 6205/8/3 6206/8/3
f 6208/6/3 6207/6/3 6206/6/3
f 6209/6/3 6207/6/3 6208/6/3
f 6212/6/3 6211/6/3 6210/6/3
f 6213/6/3 6211/6/3 6212/6/3
f 6214/6/3 6211/6/3 6213/6/3
f 6215/6/3 6211/6/3 6214/6/3
f 6220/8/3 6217/8/3 6216/8/3
f 6220/8/3 6219/8/3 6218/8/3
f 6220/8/3 6218/8/3 6217/8/3
f 6221/8/3 6219/8/3 6220/8/3
f 6222/6/3 6221/6/3 6220/6/3
f 6223/6/3 6221/6/3 6222/6/3
f 6226/6/3 6225/6/3 6224/6/3
f 6227/6/3 6225/6/3 6226/6/3
f 6230/8/3 6229/8/3 6228/8/3
f 6231/8/3 6229/8/3 6230/8/3
f 6232/6/3 6231/6/3 6230/6/3
f 6233/6/3 6231/6/3 6232/6/3
f 6236/6/3 6235/6/3 6234/6/3
f 6237/6/3 6235/6/3 6236/6/3
f 6238/6/3 6235/6/3 6237/6/3
f 6242/8/3 6240/8/3 6239/8/3
f 6242/8/3 6241/8/3 6240/8/3
f 6243/8/3 6241/8/3 6242/8/3
f 6244/6/3 6243/6/3 6242/6/3
f 6245/6/3 6243/6/3 6244/6/3
f 6248/6/3 6247/6/3 6246/6/3
f 6249/6/3 6247/6/3 6248/6/3
f 6252/8/3 6251/8/3 6250/8/3
f 6253/8/3 6251/8/3 6252/8/3
f 6254/6/3 6253/6/3 6252/6/3
f 6255/6/3 6253/6/3 6254/6/3
f 6260/6/3 6259/6/3 6258/6/3
f 6261/6/3 6259/6/3 6260/6/3
f 6262/6/3 6259/6/3 6261/6/3
f 6263/6/3 6259/6/3 6262/6/3
f 6264/6/3 6259/6/3 6263/6/3
f 6265/6/3 6259/6/3 6264/6/3
f 6266/6/3 6259/6/3 6265/6/3
f 6267/6/3 6259/6/3 6266/6/3
f 6268/6/3 6259/6/3 6267/6/3
f 6269/6/3 6259/6/3 6268/6/3
f 6270/6/3 6259/6/3 6269/6/3
f 6271/6/3 6259/6/3 6270/6/3
f 6272/6/3 6259/6/3 6271/6/3
f 6273/6/3 6259/6/3 6272/6/3
f 6274/6/3 6259/6/3 6273/6/3
f 6275/6/3 6259/6/3 6274/6/3
f 6276/6/3 6257/6/3 6256/6/3
f 6277/6/3 6257/6/3 6276/6/3
f 6278/6/3 6257/6/3 6277/6/3
f 6297/6/3 6280/6/3 6279/6/3
f 6297/6/3 6281/6/3 6280/6/3
f 6297/6/3 6282/6/3 6281/6/3
f 6297/6/3 6293/6/3 6292/6/3
f 6297/6/3 6292/6/3 6291/6/3
f 6297/6/3 6291/6/3 6290/6/3
f 6297/6/3 6290/6/3 6289/6/3
f 6297/6/3 6289/6/3 6288/6/3
f 6297/6/3 6288/6/3 6287/6/3
f 6297/6/3 6287/6/3 6286/6/3
f 6297/6/3 6286/6/3 6285/6/3
f 6297/6/3 6285/6/3 6284/6/3
f 6297/6/3 6284/6/3 6283/6/3
f 6297/6/3 6283/6/3 6282/6/3
f 6298/6/3 6293/6/3 6297/6/3
f 6299/8/3 6296/8/3 6295/8/3
f 6299/8/3 6295/8/3 6294/8/3
f 6300/8/3 6296/8/3 6299/8/3
f 6301/6/3 6300/6/3 6299/6/3
f 6302/6/3 6300/6/3 6301/6/3
f 6305/6/3 6304/6/3 6303/6/3
f 6306/6/3 6304/6/3 6305/6/3
f 6307/6/3 6304/6/3 6306/6/3
f 6312/6/3 6309/6/3 6308/6/3
f 6313/6/3 6309/6/3 6312/6/3
f 6314/8/3 6311/8/3 6310/8/3
f 6315/8/3 6311/8/3 6314/8/3
f 6316/8/3 6311/8/3 6315/8/3
f 6317/6/3 6316/6/3 6315/6/3
f 6318/6/3 6316/6/3 6317/6/3
f 6321/6/3 6320/6/3 6319/6/3
f 6322/6/3 6320/6/3 6321/6/3
f 6323/6/3 6320/6/3 6322/6/3
f 6324/6/3 6320/6/3 6323/6/3
f 6325/6/3 6320/6/3 6324/6/3
f 6326/6/3 6320/6/3 6325/6/3
f 6327/6/3 6320/6/3 6326/6/3
f 6328/6/3 6320/6/3 6327/6/3
f 6330/7/3 6326/7/3 6325/7/3
f 6331/6/3 6327/6/3 6326/6/3
f 6331/7/3 6326/7/3 6330/7/3
f 6332/6/3 6323/6/3 6322/6/3
f 6332/7/3 6324/7/3 6323/7/3
f 6333/7/3 6324/7/3 6332/7/3
f 6336/7/3 6330/7/3 6329/7/3
f 6337/7/3 6330/7/3 6336/7/3
f 6338/7/3 6334/7/3 6333/7/3
f 6339/7/3 6334/7/3 6338/7/3
f 6341/7/3 6340/7/3 6339/7/3
f 6342/7/3 6336/7/3 6335/7/3
f 6343/7/3 6336/7/3 6342/7/3
f 6344/7/3 6341/7/3 6339/7/3
f 6344/7/3 6342/7/3 6341/7/3
f 6345/7/3 6342/7/3 6344/7/3
f 6347/7/3 6342/7/3 6345/7/3
f 6348/7/3 6342/7/3 6347/7/3
f 6348/7/3 6347/7/3 6346/7/3
f 6349/7/3 6342/7/3 6348/7/3
f 6352/7/3 6348/7/3 6346/7/3
f 6353/7/3 6348/7/3 6352/7/3
f 6354/7/3 6350/7/3 6349/7/3
f 6355/7/3 6350/7/3 6354/7/3
f 6357/6/3 6332/6/3 6322/6/3
f 6358/7/3 6352/7/3 6351/7/3
f 6359/7/3 6352/7/3 6358/7/3
f 6360/7/3 6356/7/3 6355/7/3
f 6361/7/3 6356/7/3 6360/7/3
f 6362/6/3 6327/6/3 6331/6/3
f 6363/7/3 6358/7/3 6357/7/3
f 6363/6/3 6357/6/3 6322/6/3
f 6364/7/3 6358/7/3 6363/7/3
f 6366/6/3 6363/6/3 6322/6/3
f 6367/6/3 6363/6/3 6366/6/3
f 6368/7/3 6362/7/3 6361/7/3
f 6369/6/3 6327/6/3 6362/6/3
f 6369/7/3 6362/7/3 6368/7/3
f 6370/6/3 6327/6/3 6369/6/3
f 6372/6/3 6367/6/3 6366/6/3
f 6372/6/3 6371/6/3 6370/6/3
f 6372/6/3 6370/6/3 6369/6/3
f 6372/6/3 6369/6/3 6368/6/3
f 6372/6/3 6368/6/3 6367/6/3
f 6372/6/3 6366/6/3 6365/6/3
f 6373/6/3 6371/6/3 6372/6/3
f 6374/6/4 6375/6/4 6376/6/4
f 6376/6/4 6375/6/4 6377/6/4
f 6378/6/4 6379/6/4 6380/6/4
f 6380/6/4 6379/6/4 6381/6/4
f 6382/6/4 6383/6/4 6390/6/4
f 6390/6/4 6383/6/4 6391/6/4
f 6384/6/4 6385/6/4 6392/6/4
f 6392/6/4 6385/6/4 6393/6/4
f 6386/6/4 6387/6/4 6394/6/4
f 6394/6/4 6387/6/4 6395/6/4
f 6395/6/4 6387/6/4 6396/6/4
f 6387/1/4 6388/1/4 6397/1/4
f 6396/6/4 6387/6/4 6397/6/4
f 6388/6/4 6389/6/4 6398/6/4
f 6397/1/4 6388/1/4 6398/1/4
f 6398/6/4 6389/6/4 6399/6/4
f 6399/6/4 6389/6/4 6400/6/4
f 6400/6/4 6389/6/4 6401/6/4
f 6401/6/4 6389/6/4 6402/6/4
f 6402/6/4 6389/6/4 6403/6/4
f 6403/6/4 6389/6/4 6404/6/4
f 6404/6/4 6389/6/4 6405/6/4
f 6405/6/4 6389/6/4 6406/6/4
f 6406/6/4 6389/6/4 6407/6/4
f 6407/6/4 6389/6/4 6408/6/4
f 6408/6/4 6389/6/4 6409/6/4
f 6410/6/4 6411/6/4 6426/6/4
f 6424/6/4 6425/6/4 6426/6/4
f 6423/6/4 6424/6/4 6426/6/4
f 6422/6/4 6423/6/4 6426/6/4
f 6421/6/4 6422/6/4 6426/6/4
f 6420/6/4 6421/6/4 6426/6/4
f 6419/6/4 6420/6/4 6426/6/4
f 6418/6/4 6419/6/4 6426/6/4
f 6417/6/4 6418/6/4 6426/6/4
f 6416/6/4 6417/6/4 6426/6/4
f 6415/6/4 6416/6/4 6426/6/4
f 6414/6/4 6415/6/4 6426/6/4
f 6413/6/4 6414/6/4 6426/6/4
f 6412/6/4 6413/6/4 6426/6/4
f 6411/6/4 6412/6/4 6426/6/4
f 6426/6/4 6425/6/4 6427/6/4
f 6428/6/4 6429/6/4 6430/6/4
f 6430/6/4 6429/6/4 6431/6/4
f 6432/7/4 6433/7/4 6434/7/4
f 6434/7/4 6433/7/4 6435/7/4
f 6436/7/4 6437/7/4 6438/7/4
f 6438/7/4 6437/7/4 6439/7/4
f 6440/7/4 6441/7/4 6442/7/4
f 6442/7/4 6441/7/4 6443/7/4
f 6444/7/4 6445/7/4 6446/7/4
f 6446/7/4 6445/7/4 6447/7/4
f 6448/7/4 6449/7/4 6450/7/4
f 6450/7/4 6449/7/4 6451/7/4
f 6452/6/4 6453/6/4 6454/6/4
f 6454/6/4 6453/6/4 6455/6/4
f 6456/7/4 6457/7/4 6458/7/4
f 6458/7/4 6457/7/4 6459/7/4
f 6460/7/4 6461/7/4 6462/7/4
f 6462/7/4 6461/7/4 6463/7/4
f 6464/6/4 6465/6/4 6466/6/4
f 6466/6/4 6465/6/4 6467/6/4
f 6468/7/4 6469/7/4 6470/7/4
f 6470/7/4 6469/7/4 6471/7/4
f 6472/7/4 6473/7/4 6474/7/4
f 6474/7/4 6473/7/4 6475/7/4
f 6476/7/4 6477/7/4 6478/7/4
f 6478/7/4 6477/7/4 6479/7/4
f 6480/7/4 6481/7/4 6482/7/4
f 6482/7/4 6481/7/4 6483/7/4
f 6484/6/4 6485/6/4 6486/6/4
f 6486/6/4 6485/6/4 6487/6/4
f 6488/6/4 6489/6/4 6490/6/4
f 6490/6/4 6489/6/4 6491/6/4
f 6492/6/4 6493/6/4 6494/6/4
f 6494/6/4 6493/6/4 6495/6/4
f 6496/8/4 6497/8/4 6499/8/4
f 6497/2/4 6498/2/4 6500/2/4
f 6499/8/4 6497/8/4 6500/8/4
f 6500/2/4 6498/2/4 6501/2/4
f 6499/6/4 6500/6/4 6502/6/4
f 6500/6/4 6501/6/4 6502/6/4
f 6502/6/4 6501/6/4 6503/6/4
f 6504/6/4 6505/6/4 6506/6/4
f 6506/6/4 6505/6/4 6507/6/4
f 6507/6/4 6505/6/4 6508/6/4
f 6508/6/4 6505/6/4 6509/6/4
f 6509/6/4 6505/6/4 6510/6/4
f 6511/8/4 6512/8/4 6513/8/4
f 6513/8/4 6512/8/4 6514/8/4
f 6513/6/4 6514/6/4 6515/6/4
f 6515/6/4 6514/6/4 6516/6/4
f 6519/6/4 6520/6/4 6521/6/4
f 6521/6/4 6520/6/4 6522/6/4
f 6522/6/4 6520/6/4 6523/6/4
f 6523/6/4 6520/6/4 6524/6/4
f 6524/6/4 6520/6/4 6525/6/4
f 6525/6/4 6520/6/4 6526/6/4
f 6526/6/4 6520/6/4 6527/6/4
f 6527/6/4 6520/6/4 6528/6/4
f 6528/6/4 6520/6/4 6529/6/4
f 6529/6/4 6520/6/4 6530/6/4
f 6530/6/4 6520/6/4 6531/6/4
f 6531/6/4 6520/6/4 6532/6/4
f 6532/6/4 6520/6/4 6533/6/4
f 6533/6/4 6520/6/4 6534/6/4
f 6534/6/4 6520/6/4 6535/6/4
f 6535/6/4 6520/6/4 6536/6/4
f 6517/6/4 6518/6/4 6537/6/4
f 6537/6/4 6518/6/4 6538/6/4
f 6539/8/4 6540/8/4 6541/8/4
f 6541/8/4 6540/8/4 6542/8/4
f 6541/6/4 6542/6/4 6543/6/4
f 6543/6/4 6542/6/4 6544/6/4
f 6545/6/4 6546/6/4 6547/6/4
f 6547/6/4 6546/6/4 6548/6/4
f 6548/6/4 6546/6/4 6549/6/4
f 6550/8/4 6551/8/4 6554/8/4
f 6552/8/4 6553/8/4 6554/8/4
f 6551/8/4 6552/8/4 6554/8/4
f 6554/8/4 6553/8/4 6555/8/4
f 6554/6/4 6555/6/4 6556/6/4
f 6556/6/4 6555/6/4 6557/6/4
f 6558/6/4 6559/6/4 6560/6/4
f 6560/6/4 6559/6/4 6561/6/4
f 6561/6/4 6559/6/4 6562/6/4
f 6562/6/4 6559/6/4 6563/6/4
f 6564/8/4 6565/8/4 6568/8/4
f 6566/8/4 6567/8/4 6568/8/4
f 6565/8/4 6566/8/4 6568/8/4
f 6568/8/4 6567/8/4 6569/8/4
f 6568/6/4 6569/6/4 6570/6/4
f 6570/6/4 6569/6/4 6571/6/4
f 6572/6/4 6573/6/4 6574/6/4
f 6574/6/4 6573/6/4 6575/6/4
f 6576/8/4 6577/8/4 6579/8/4
f 6577/2/4 6578/2/4 6580/2/4
f 6579/8/4 6577/8/4 6580/8/4
f 6580/2/4 6578/2/4 6581/2/4
f 6579/6/4 6580/6/4 6582/6/4
f 6580/6/4 6581/6/4 6582/6/4
f 6582/6/4 6581/6/4 6583/6/4
f 6584/6/4 6585/6/4 6586/6/4
f 6586/6/4 6585/6/4 6587/6/4
f 6587/6/4 6585/6/4 6588/6/4
f 6589/8/4 6590/8/4 6591/8/4
f 6591/8/4 6590/8/4 6592/8/4
f 6591/6/4 6592/6/4 6593/6/4
f 6593/6/4 6592/6/4 6594/6/4
f 6595/6/4 6596/6/4 6597/6/4
f 6597/6/4 6596/6/4 6598/6/4
f 6598/6/4 6596/6/4 6599/6/4
f 6600/8/4 6601/8/4 6603/8/4
f 6601/8/4 6602/8/4 6603/8/4
f 6603/8/4 6602/8/4 6604/8/4
f 6603/6/4 6604/6/4 6605/6/4
f 6605/6/4 6604/6/4 6606/6/4
f 6607/6/4 6608/6/4 6617/6/4
f 6617/6/4 6608/6/4 6618/6/4
f 6609/6/4 6610/6/4 6619/6/4
f 6619/6/4 6610/6/4 6620/6/4
f 6611/6/4 6612/6/4 6621/6/4
f 6621/6/4 6612/6/4 6622/6/4
f 6613/6/4 6614/6/4 6623/6/4
f 6623/6/4 6614/6/4 6624/6/4
f 6615/6/4 6616/6/4 6625/6/4
f 6625/6/4 6616/6/4 6626/6/4
f 6627/8/4 6628/8/4 6629/8/4
f 6629/8/4 6628/8/4 6630/8/4
f 6629/6/4 6630/6/4 6631/6/4
f 6631/6/4 6630/6/4 6632/6/4
f 6635/6/4 6636/6/4 6637/6/4
f 6637/6/4 6636/6/4 6638/6/4
f 6638/6/4 6636/6/4 6639/6/4
f 6639/6/4 6636/6/4 6640/6/4
f 6633/6/4 6634/6/4 6641/6/4
f 6641/6/4 6634/6/4 6642/6/4
f 6642/6/4 6634/6/4 6643/6/4
f 6644/8/4 6645/8/4 6647/8/4
f 6645/8/4 6646/8/4 6647/8/4
f 6647/8/4 6646/8/4 6648/8/4
f 6647/6/4 6648/6/4 6649/6/4
f 6649/6/4 6648/6/4 6650/6/4
f 6651/9/4 6652/9/4 6655/9/4
f 6655/9/4 6652/9/4 6656/9/4
f 6657/6/4 6658/6/4 6661/6/4
f 6661/6/4 6658/6/4 6662/6/4
f 6659/6/4 6660/6/4 6663/6/4
f 6663/6/4 6660/6/4 6664/6/4
f 6653/6/4 6654/6/4 6665/6/4
f 6665/6/4 6654/6/4 6666/6/4
f 6667/8/4 6668/8/4 6669/8/4
f 6669/8/4 6668/8/4 6670/8/4
f 6669/6/4 6670/6/4 6671/6/4
f 6671/6/4 6670/6/4 6672/6/4
f 6675/6/4 6676/6/4 6679/6/4
f 6679/6/4 6676/6/4 6680/6/4
f 6677/6/4 6678/6/4 6681/6/4
f 6681/6/4 6678/6/4 6682/6/4
f 6673/6/4 6674/6/4 6683/6/4
f 6683/6/4 6674/6/4 6684/6/4
f 6684/6/4 6674/6/4 6685/6/4
f 6685/6/4 6674/6/4 6686/6/4
f 6688/8/4 6689/8/4 6694/8/4
f 6687/8/4 6688/8/4 6694/8/4
f 6691/8/4 6692/8/4 6694/8/4
f 6690/8/4 6691/8/4 6694/8/4
f 6689/8/4 6690/8/4 6694/8/4
f 6692/2/4 6693/2/4 6695/2/4
f 6694/8/4 6692/8/4 6695/8/4
f 6695/2/4 6693/2/4 6696/2/4
f 6694/6/4 6695/6/4 6697/6/4
f 6695/6/4 6696/6/4 6697/6/4
f 6697/6/4 6696/6/4 6698/6/4
f 6699/6/4 6700/6/4 6701/6/4
f 6701/6/4 6700/6/4 6702/6/4
f 6703/6/4 6704/6/4 6705/6/4
f 6705/6/4 6704/6/4 6706/6/4
f 6705/2/4 6706/2/4 6707/2/4
f 6707/2/4 6706/2/4 6708/2/4
f 6708/2/4 6706/2/4 6709/2/4
f 6705/2/4 6707/2/4 6710/2/4
f 6707/3/4 6708/3/4 6710/3/4
f 6708/4/4 6709/4/4 6711/4/4
f 6710/3/4 6708/3/4 6711/3/4
f 6711/4/4 6709/4/4 6712/4/4
f 6705/2/4 6710/2/4 6713/2/4
f 6710/4/4 6711/4/4 6714/4/4
f 6711/2/4 6712/2/4 6714/2/4
f 6714/2/4 6712/2/4 6715/2/4
f 6713/2/4 6710/2/4 6716/2/4
f 6710/4/4 6714/4/4 6717/4/4
f 6716/2/4 6710/2/4 6717/2/4
f 6714/3/4 6715/3/4 6718/3/4
f 6717/4/4 6714/4/4 6718/4/4
f 6715/2/4 6712/2/4 6719/2/4
f 6718/3/4 6715/3/4 6719/3/4
f 6719/2/4 6712/2/4 6720/2/4
f 6717/3/4 6718/3/4 6721/3/4
f 6716/2/4 6717/2/4 6721/2/4
f 6719/3/4 6720/3/4 6721/3/4
f 6718/3/4 6719/3/4 6721/3/4
f 6721/3/4 6720/3/4 6722/3/4
f 6716/2/4 6721/2/4 6723/2/4
f 6721/2/4 6722/2/4 6723/2/4
f 6722/3/4 6720/3/4 6724/3/4
f 6723/2/4 6722/2/4 6724/2/4
f 6724/3/4 6720/3/4 6725/3/4
f 6723/2/4 6724/2/4 6726/2/4
f 6724/2/4 6725/2/4 6726/2/4
f 6726/2/4 6725/2/4 6727/2/4
f 6727/2/4 6725/2/4 6728/2/4
f 6726/4/4 6727/4/4 6729/4/4
f 6727/3/4 6728/3/4 6730/3/4
f 6729/4/4 6727/4/4 6730/4/4
f 6730/3/4 6728/3/4 6731/3/4
f 6729/4/4 6730/4/4 6732/4/4
f 6730/2/4 6731/2/4 6733/2/4
f 6732/4/4 6730/4/4 6733/4/4
f 6733/2/4 6731/2/4 6734/2/4
f 6732/2/4 6733/2/4 6735/2/4
f 6733/3/4 6734/3/4 6736/3/4
f 6735/2/4 6733/2/4 6736/2/4
f 6736/3/4 6734/3/4 6737/3/4
f 6735/4/4 6736/4/4 6738/4/4
f 6736/2/4 6737/2/4 6739/2/4
f 6739/2/4 6737/2/4 6740/2/4
f 6740/2/4 6737/2/4 6741/2/4
f 6738/4/4 6736/4/4 6742/4/4
f 6736/2/4 6739/2/4 6743/2/4
f 6742/4/4 6736/4/4 6743/4/4
f 6739/3/4 6740/3/4 6744/3/4
f 6743/2/4 6739/2/4 6744/2/4
f 6740/4/4 6741/4/4 6745/4/4
f 6744/3/4 6740/3/4 6745/3/4
f 6745/4/4 6741/4/4 6746/4/4
f 6742/4/4 6743/4/4 6747/4/4
f 6743/4/4 6744/4/4 6747/4/4
f 6744/4/4 6745/4/4 6747/4/4
f 6745/3/4 6746/3/4 6748/3/4
f 6747/4/4 6745/4/4 6748/4/4
f 6748/3/4 6746/3/4 6749/3/4
f 6747/2/4 6748/2/4 6750/2/4
f 6748/2/4 6749/2/4 6750/2/4
f 6750/2/4 6749/2/4 6751/2/4
f 6750/4/4 6751/4/4 6752/4/4
f 6751/2/4 6749/2/4 6753/2/4
f 6753/2/4 6749/2/4 6754/2/4
f 6752/4/4 6751/4/4 6755/4/4
f 6751/2/4 6753/2/4 6756/2/4
f 6755/4/4 6751/4/4 6756/4/4
f 6753/3/4 6754/3/4 6757/3/4
f 6756/2/4 6753/2/4 6757/2/4
f 6757/3/4 6754/3/4 6758/3/4
f 6755/3/4 6756/3/4 6759/3/4
f 6756/3/4 6757/3/4 6759/3/4
f 6759/3/4 6757/3/4 6760/3/4
f 6757/2/4 6758/2/4 6761/2/4
f 6760/3/4 6757/3/4 6761/3/4
f 6761/2/4 6758/2/4 6762/2/4
f 6759/4/4 6760/4/4 6763/4/4
f 6760/3/4 6761/3/4 6764/3/4
f 6763/4/4 6760/4/4 6764/4/4
f 6761/4/4 6762/4/4 6765/4/4
f 6764/3/4 6761/3/4 6765/3/4
f 6759/4/4 6763/4/4 6766/4/4
f 6763/3/4 6764/3/4 6767/3/4
f 6766/4/4 6763/4/4 6767/4/4
f 6764/4/4 6765/4/4 6768/4/4
f 6767/3/4 6764/3/4 6768/3/4
f 6765/4/4 6762/4/4 6769/4/4
f 6768/4/4 6765/4/4 6769/4/4
f 6769/4/4 6762/4/4 6770/4/4
f 6766/3/4 6767/3/4 6771/3/4
f 6767/2/4 6768/2/4 6772/2/4
f 6771/3/4 6767/3/4 6772/3/4
f 6768/3/4 6769/3/4 6773/3/4
f 6772/2/4 6768/2/4 6773/2/4
f 6769/2/4 6770/2/4 6774/2/4
f 6773/3/4 6769/3/4 6774/3/4
f 6771/2/4 6772/2/4 6775/2/4
f 6772/2/4 6773/2/4 6775/2/4
f 6773/2/4 6774/2/4 6775/2/4
f 6775/2/4 6774/2/4 6776/2/4
f 6776/2/4 6774/2/4 6777/2/4
f 6774/2/4 6770/2/4 6778/2/4
f 6777/2/4 6774/2/4 6778/2/4
f 6775/3/4 6776/3/4 6779/3/4
f 6776/4/4 6777/4/4 6780/4/4
f 6779/3/4 6776/3/4 6780/3/4
f 6777/3/4 6778/3/4 6781/3/4
f 6780/4/4 6777/4/4 6781/4/4
f 6778/2/4 6770/2/4 6782/2/4
f 6781/3/4 6778/3/4 6782/3/4
f 6782/2/4 6770/2/4 6783/2/4
f 6779/2/4 6780/2/4 6784/2/4
f 6780/3/4 6781/3/4 6785/3/4
f 6784/2/4 6780/2/4 6785/2/4
f 6781/4/4 6782/4/4 6786/4/4
f 6785/3/4 6781/3/4 6786/3/4
f 6782/4/4 6783/4/4 6786/4/4
f 6786/4/4 6783/4/4 6787/4/4
f 6784/3/4 6785/3/4 6788/3/4
f 6785/2/4 6786/2/4 6789/2/4
f 6788/3/4 6785/3/4 6789/3/4
f 6786/2/4 6787/2/4 6789/2/4
f 6789/2/4 6787/2/4 6790/2/4
f 6790/2/4 6787/2/4 6791/2/4
f 6788/2/4 6789/2/4 6792/2/4
f 6789/3/4 6790/3/4 6793/3/4
f 6792/2/4 6789/2/4 6793/2/4
f 6790/4/4 6791/4/4 6794/4/4
f 6793/3/4 6790/3/4 6794/3/4
f 6791/2/4 6787/2/4 6795/2/4
f 6794/4/4 6791/4/4 6795/4/4
f 6795/2/4 6787/2/4 6796/2/4
f 6793/3/4 6794/3/4 6797/3/4
f 6792/3/4 6793/3/4 6797/3/4
f 6794/3/4 6795/3/4 6797/3/4
f 6797/3/4 6795/3/4 6798/3/4
f 6798/3/4 6795/3/4 6799/3/4
f 6795/4/4 6796/4/4 6800/4/4
f 6799/3/4 6795/3/4 6800/3/4
f 6800/4/4 6796/4/4 6801/4/4
f 6797/3/4 6798/3/4 6802/3/4
f 6798/4/4 6799/4/4 6803/4/4
f 6802/3/4 6798/3/4 6803/3/4
f 6799/2/4 6800/2/4 6804/2/4
f 6803/4/4 6799/4/4 6804/4/4
f 6800/2/4 6801/2/4 6804/2/4
f 6804/2/4 6801/2/4 6805/2/4
f 6805/2/4 6801/2/4 6806/2/4
f 6802/4/4 6803/4/4 6807/4/4
f 6803/2/4 6804/2/4 6808/2/4
f 6807/4/4 6803/4/4 6808/4/4
f 6804/2/4 6805/2/4 6808/2/4
f 6805/4/4 6806/4/4 6809/4/4
f 6808/2/4 6805/2/4 6809/2/4
f 6809/4/4 6806/4/4 6810/4/4
f 6807/2/4 6808/2/4 6811/2/4
f 6808/2/4 6809/2/4 6811/2/4
f 6809/2/4 6810/2/4 6811/2/4
f 6811/2/4 6810/2/4 6812/2/4
f 6812/2/4 6810/2/4 6813/2/4
f 6813/2/4 6810/2/4 6814/2/4
f 6811/3/4 6812/3/4 6815/3/4
f 6812/4/4 6813/4/4 6816/4/4
f 6813/3/4 6814/3/4 6817/3/4
f 6816/4/4 6813/4/4 6817/4/4
f 6817/3/4 6814/3/4 6818/3/4
f 6815/3/4 6812/3/4 6819/3/4
f 6812/4/4 6816/4/4 6820/4/4
f 6819/3/4 6812/3/4 6820/3/4
f 6816/2/4 6817/2/4 6821/2/4
f 6820/4/4 6816/4/4 6821/4/4
f 6817/4/4 6818/4/4 6822/4/4
f 6821/2/4 6817/2/4 6822/2/4
f 6822/4/4 6818/4/4 6823/4/4
f 6819/4/4 6820/4/4 6824/4/4
f 6820/3/4 6821/3/4 6825/3/4
f 6824/4/4 6820/4/4 6825/4/4
f 6821/3/4 6822/3/4 6825/3/4
f 6822/3/4 6823/3/4 6825/3/4
f 6825/3/4 6823/3/4 6826/3/4
f 6826/3/4 6823/3/4 6827/3/4
f 6824/3/4 6825/3/4 6828/3/4
f 6825/2/4 6826/2/4 6829/2/4
f 6828/3/4 6825/3/4 6829/3/4
f 6826/4/4 6827/4/4 6830/4/4
f 6829/2/4 6826/2/4 6830/2/4
f 6830/4/4 6827/4/4 6831/4/4
f 6828/3/4 6829/3/4 6832/3/4
f 6829/4/4 6830/4/4 6833/4/4
f 6832/3/4 6829/3/4 6833/3/4
f 6830/2/4 6831/2/4 6834/2/4
f 6833/4/4 6830/4/4 6834/4/4
f 6831/4/4 6827/4/4 6835/4/4
f 6834/2/4 6831/2/4 6835/2/4
f 6835/4/4 6827/4/4 6836/4/4
f 6833/2/4 6834/2/4 6837/2/4
f 6832/2/4 6833/2/4 6837/2/4
f 6835/2/4 6836/2/4 6837/2/4
f 6834/2/4 6835/2/4 6837/2/4
f 6837/2/4 6836/2/4 6838/2/4
f 6838/2/4 6836/2/4 6839/2/4
f 6839/2/4 6836/2/4 6840/2/4
f 6840/2/4 6836/2/4 6841/2/4
f 6837/3/4 6838/3/4 6842/3/4
f 6838/4/4 6839/4/4 6843/4/4
f 6842/3/4 6838/3/4 6843/3/4
f 6839/2/4 6840/2/4 6844/2/4
f 6843/4/4 6839/4/4 6844/4/4
f 6840/3/4 6841/3/4 6845/3/4
f 6844/2/4 6840/2/4 6845/2/4
f 6845/3/4 6841/3/4 6846/3/4
f 6842/3/4 6843/3/4 6847/3/4
f 6843/3/4 6844/3/4 6847/3/4
f 6844/3/4 6845/3/4 6847/3/4
f 6847/3/4 6845/3/4 6848/3/4
f 6845/2/4 6846/2/4 6849/2/4
f 6848/3/4 6845/3/4 6849/3/4
f 6849/2/4 6846/2/4 6850/2/4
f 6847/2/4 6848/2/4 6851/2/4
f 6848/4/4 6849/4/4 6852/4/4
f 6851/2/4 6848/2/4 6852/2/4
f 6849/4/4 6850/4/4 6852/4/4
f 6852/4/4 6850/4/4 6853/4/4
f 6853/4/4 6850/4/4 6854/4/4
f 6851/3/4 6852/3/4 6855/3/4
f 6852/4/4 6853/4/4 6856/4/4
f 6853/3/4 6854/3/4 6856/3/4
f 6854/4/4 6850/4/4 6857/4/4
f 6856/3/4 6854/3/4 6857/3/4
f 6857/4/4 6850/4/4 6858/4/4
f 6855/3/4 6852/3/4 6859/3/4
f 6852/4/4 6856/4/4 6860/4/4
f 6859/3/4 6852/3/4 6860/3/4
f 6856/4/4 6857/4/4 6860/4/4
f 6857/3/4 6858/3/4 6861/3/4
f 6860/4/4 6857/4/4 6861/4/4
f 6861/3/4 6858/3/4 6862/3/4
f 6859/2/4 6860/2/4 6863/2/4
f 6860/2/4 6861/2/4 6863/2/4
f 6861/2/4 6862/2/4 6863/2/4
f 6863/2/4 6862/2/4 6864/2/4
f 6864/2/4 6862/2/4 6865/2/4
f 6865/2/4 6862/2/4 6866/2/4
f 6866/2/4 6862/2/4 6867/2/4
f 6863/4/4 6864/4/4 6868/4/4
f 6864/3/4 6865/3/4 6869/3/4
f 6865/4/4 6866/4/4 6869/4/4
f 6866/3/4 6867/3/4 6870/3/4
f 6869/4/4 6866/4/4 6870/4/4
f 6870/3/4 6867/3/4 6871/3/4
f 6868/4/4 6864/4/4 6872/4/4
f 6864/3/4 6869/3/4 6873/3/4
f 6872/4/4 6864/4/4 6873/4/4
f 6869/2/4 6870/2/4 6874/2/4
f 6873/3/4 6869/3/4 6874/3/4
f 6870/4/4 6871/4/4 6875/4/4
f 6874/2/4 6870/2/4 6875/2/4
f 6872/3/4 6873/3/4 6876/3/4
f 6873/4/4 6874/4/4 6877/4/4
f 6876/3/4 6873/3/4 6877/3/4
f 6874/3/4 6875/3/4 6878/3/4
f 6877/4/4 6874/4/4 6878/4/4
f 6875/4/4 6871/4/4 6879/4/4
f 6878/3/4 6875/3/4 6879/3/4
f 6876/4/4 6877/4/4 6880/4/4
f 6877/2/4 6878/2/4 6881/2/4
f 6880/4/4 6877/4/4 6881/4/4
f 6878/2/4 6879/2/4 6881/2/4
f 6879/4/4 6871/4/4 6882/4/4
f 6881/2/4 6879/2/4 6882/2/4
f 6882/4/4 6871/4/4 6883/4/4
f 6880/4/4 6881/4/4 6884/4/4
f 6881/3/4 6882/3/4 6885/3/4
f 6884/4/4 6881/4/4 6885/4/4
f 6882/3/4 6883/3/4 6885/3/4
f 6885/3/4 6883/3/4 6886/3/4
f 6884/2/4 6885/2/4 6887/2/4
f 6885/2/4 6886/2/4 6887/2/4
f 6887/2/4 6886/2/4 6888/2/4
f 6888/2/4 6886/2/4 6889/2/4
f 6887/4/4 6888/4/4 6890/4/4
f 6888/3/4 6889/3/4 6891/3/4
f 6890/4/4 6888/4/4 6891/4/4
f 6890/3/4 6891/3/4 6892/3/4
f 6891/3/4 6889/3/4 6892/3/4
f 6889/2/4 6886/2/4 6893/2/4
f 6892/3/4 6889/3/4 6893/3/4
f 6893/2/4 6886/2/4 6894/2/4
f 6890/3/4 6892/3/4 6895/3/4
f 6892/4/4 6893/4/4 6896/4/4
f 6895/3/4 6892/3/4 6896/3/4
f 6893/4/4 6894/4/4 6896/4/4
f 6896/4/4 6894/4/4 6897/4/4
f 6897/4/4 6894/4/4 6898/4/4
f 6898/4/4 6894/4/4 6899/4/4
f 6895/4/4 6896/4/4 6900/4/4
f 6896/4/4 6897/4/4 6900/4/4
f 6900/4/4 6897/4/4 6901/4/4
f 6897/2/4 6898/2/4 6902/2/4
f 6901/4/4 6897/4/4 6902/4/4
f 6898/3/4 6899/3/4 6903/3/4
f 6902/2/4 6898/2/4 6903/2/4
f 6903/3/4 6899/3/4 6904/3/4
f 6900/4/4 6901/4/4 6905/4/4
f 6901/2/4 6902/2/4 6906/2/4
f 6905/4/4 6901/4/4 6906/4/4
f 6902/3/4 6903/3/4 6907/3/4
f 6906/2/4 6902/2/4 6907/2/4
f 6903/2/4 6904/2/4 6908/2/4
f 6907/3/4 6903/3/4 6908/3/4
f 6908/2/4 6904/2/4 6909/2/4
f 6905/6/4 6906/6/4 6910/6/4
f 6906/6/4 6907/6/4 6910/6/4
f 6908/6/4 6909/6/4 6910/6/4
f 6907/6/4 6908/6/4 6910/6/4
f 6910/6/4 6909/6/4 6911/6/4
f 6914/6/4 6915/6/4 6918/6/4
f 6918/6/4 6915/6/4 6919/6/4
f 6916/6/4 6917/6/4 6920/6/4
f 6920/6/4 6917/6/4 6921/6/4
f 6912/6/4 6913/6/4 6922/6/4
f 6922/6/4 6913/6/4 6923/6/4
f 6922/3/4 6923/3/4 6924/3/4
f 6924/3/4 6923/3/4 6925/3/4
f 6924/4/4 6925/4/4 6926/4/4
f 6925/3/4 6923/3/4 6927/3/4
f 6926/4/4 6925/4/4 6927/4/4
f 6926/2/4 6927/2/4 6928/2/4
f 6927/3/4 6923/3/4 6929/3/4
f 6928/2/4 6927/2/4 6929/2/4
f 6929/3/4 6923/3/4 6930/3/4
f 6928/3/4 6929/3/4 6931/3/4
f 6929/2/4 6930/2/4 6932/2/4
f 6931/3/4 6929/3/4 6932/3/4
f 6932/2/4 6930/2/4 6933/2/4
f 6931/3/4 6932/3/4 6934/3/4
f 6932/4/4 6933/4/4 6935/4/4
f 6934/3/4 6932/3/4 6935/3/4
f 6934/2/4 6935/2/4 6936/2/4
f 6935/4/4 6933/4/4 6937/4/4
f 6936/2/4 6935/2/4 6937/2/4
f 6937/4/4 6933/4/4 6938/4/4
f 6936/2/4 6937/2/4 6939/2/4
f 6937/2/4 6938/2/4 6939/2/4
f 6939/2/4 6938/2/4 6940/2/4
f 6940/2/4 6938/2/4 6941/2/4
f 6939/3/4 6940/3/4 6942/3/4
f 6940/4/4 6941/4/4 6943/4/4
f 6942/3/4 6940/3/4 6943/3/4
f 6943/4/4 6941/4/4 6944/4/4
f 6942/3/4 6943/3/4 6945/3/4
f 6943/2/4 6944/2/4 6946/2/4
f 6945/3/4 6943/3/4 6946/3/4
f 6946/2/4 6944/2/4 6947/2/4
f 6945/4/4 6946/4/4 6948/4/4
f 6946/4/4 6947/4/4 6948/4/4
f 6948/4/4 6947/4/4 6949/4/4
f 6948/3/4 6949/3/4 6950/3/4
f 6950/3/4 6949/3/4 6951/3/4
f 6951/3/4 6949/3/4 6952/3/4
f 6950/4/4 6951/4/4 6953/4/4
f 6951/2/4 6952/2/4 6954/2/4
f 6953/4/4 6951/4/4 6954/4/4
f 6954/2/4 6952/2/4 6955/2/4
f 6953/4/4 6954/4/4 6956/4/4
f 6954/4/4 6955/4/4 6956/4/4
f 6956/4/4 6955/4/4 6957/4/4
f 6956/2/4 6957/2/4 6958/2/4
f 6958/2/4 6957/2/4 6959/2/4
f 6958/4/4 6959/4/4 6960/4/4
f 6959/2/4 6957/2/4 6960/2/4
f 6960/2/4 6957/2/4 6961/2/4
f 6958/4/4 6960/4/4 6962/4/4
f 6960/3/4 6961/3/4 6963/3/4
f 6962/4/4 6960/4/4 6963/4/4
f 6962/2/4 6963/2/4 6964/2/4
f 6963/3/4 6961/3/4 6965/3/4
f 6964/2/4 6963/2/4 6965/2/4
f 6964/3/4 6965/3/4 6966/3/4
f 6965/3/4 6961/3/4 6967/3/4
f 6966/3/4 6965/3/4 6967/3/4
f 6966/2/4 6967/2/4 6968/2/4
f 6968/2/4 6967/2/4 6969/2/4
f 6969/2/4 6967/2/4 6970/2/4
f 6969/4/4 6970/4/4 6971/4/4
f 6971/4/4 6970/4/4 6972/4/4
f 6972/4/4 6970/4/4 6973/4/4
f 6973/4/4 6970/4/4 6974/4/4
f 6972/3/4 6973/3/4 6975/3/4
f 6973/2/4 6974/2/4 6975/2/4
f 6975/2/4 6974/2/4 6976/2/4
f 6972/3/4 6975/3/4 6977/3/4
f 6975/4/4 6976/4/4 6978/4/4
f 6977/3/4 6975/3/4 6978/3/4
f 6978/4/4 6976/4/4 6979/4/4
f 6977/4/4 6978/4/4 6980/4/4
f 6978/3/4 6979/3/4 6981/3/4
f 6980/4/4 6978/4/4 6981/4/4
f 6981/3/4 6979/3/4 6982/3/4
f 6980/3/4 6981/3/4 6983/3/4
f 6981/4/4 6982/4/4 6984/4/4
f 6983/3/4 6981/3/4 6984/3/4
f 6984/4/4 6982/4/4 6985/4/4
f 6983/2/4 6984/2/4 6986/2/4
f 6984/2/4 6985/2/4 6986/2/4
f 6986/2/4 6985/2/4 6987/2/4
f 6986/3/4 6987/3/4 6988/3/4
f 6988/3/4 6987/3/4 6989/3/4
f 6989/3/4 6987/3/4 6990/3/4
f 6988/4/4 6989/4/4 6991/4/4
f 6989/2/4 6990/2/4 6992/2/4
f 6991/4/4 6989/4/4 6992/4/4
f 6992/2/4 6990/2/4 6993/2/4
f 6991/4/4 6992/4/4 6994/4/4
f 6992/4/4 6993/4/4 6994/4/4
f 6994/4/4 6993/4/4 6995/4/4
f 6995/4/4 6993/4/4 6996/4/4
f 6994/4/4 6995/4/4 6997/4/4
f 6995/3/4 6996/3/4 6998/3/4
f 6997/4/4 6995/4/4 6998/4/4
f 6998/3/4 6996/3/4 6999/3/4
f 6997/3/4 6998/3/4 7000/3/4
f 6998/2/4 6999/2/4 7001/2/4
f 7000/3/4 6998/3/4 7001/3/4
f 7000/2/4 7001/2/4 7002/2/4
f 7001/2/4 6999/2/4 7003/2/4
f 7002/2/4 7001/2/4 7003/2/4
f 7002/4/4 7003/4/4 7004/4/4
f 7003/2/4 6999/2/4 7005/2/4
f 7004/4/4 7003/4/4 7005/4/4
f 7005/2/4 6999/2/4 7006/2/4
f 7004/3/4 7005/3/4 7007/3/4
f 7005/4/4 7006/4/4 7008/4/4
f 7007/3/4 7005/3/4 7008/3/4
f 7008/4/4 7006/4/4 7009/4/4
f 7007/3/4 7008/3/4 7010/3/4
f 7008/2/4 7009/2/4 7011/2/4
f 7010/3/4 7008/3/4 7011/3/4
f 7011/2/4 7009/2/4 7012/2/4
f 7010/4/4 7011/4/4 7013/4/4
f 7011/3/4 7012/3/4 7014/3/4
f 7013/4/4 7011/4/4 7014/4/4
f 7014/3/4 7012/3/4 7015/3/4
f 7013/2/4 7014/2/4 7016/2/4
f 7014/2/4 7015/2/4 7016/2/4
f 7016/2/4 7015/2/4 7017/2/4
f 7016/4/4 7017/4/4 7018/4/4
f 7018/4/4 7017/4/4 7019/4/4
f 7018/3/4 7019/3/4 7020/3/4
f 7020/3/4 7019/3/4 7021/3/4
f 7021/3/4 7019/3/4 7022/3/4
f 7020/2/4 7021/2/4 7023/2/4
f 7023/2/4 7021/2/4 7024/2/4
f 7021/4/4 7022/4/4 7025/4/4
f 7024/2/4 7021/2/4 7025/2/4
f 7025/4/4 7022/4/4 7026/4/4
f 7024/2/4 7025/2/4 7027/2/4
f 7025/2/4 7026/2/4 7027/2/4
f 7027/2/4 7026/2/4 7028/2/4
f 7027/3/4 7028/3/4 7029/3/4
f 7029/3/4 7028/3/4 7030/3/4
f 7029/4/4 7030/4/4 7031/4/4
f 7031/4/4 7030/4/4 7032/4/4
f 7031/2/4 7032/2/4 7033/2/4
f 7032/4/4 7030/4/4 7034/4/4
f 7033/2/4 7032/2/4 7034/2/4
f 7034/4/4 7030/4/4 7035/4/4
f 7033/2/4 7034/2/4 7036/2/4
f 7034/2/4 7035/2/4 7036/2/4
f 7036/2/4 7035/2/4 7037/2/4
f 7036/6/4 7037/6/4 7038/6/4
f 7038/6/4 7037/6/4 7039/6/4
f 7040/6/4 7041/6/4 7042/6/4
f 7042/6/4 7041/6/4 7043/6/4
f 7043/6/4 7041/6/4 7044/6/4
f 7042/2/4 7043/2/4 7045/2/4
f 7043/4/4 7044/4/4 7045/4/4
f 7045/4/4 7044/4/4 7046/4/4
f 7042/2/4 7045/2/4 7047/2/4
f 7045/3/4 7046/3/4 7047/3/4
f 7047/3/4 7046/3/4 7048/3/4
f 7042/2/4 7047/2/4 7049/2/4
f 7047/2/4 7048/2/4 7049/2/4
f 7049/2/4 7048/2/4 7050/2/4
f 7050/2/4 7048/2/4 7051/2/4
f 7042/2/4 7049/2/4 7052/2/4
f 7049/4/4 7050/4/4 7052/4/4
f 7050/3/4 7051/3/4 7053/3/4
f 7052/4/4 7050/4/4 7053/4/4
f 7053/3/4 7051/3/4 7054/3/4
f 7042/2/4 7052/2/4 7055/2/4
f 7052/2/4 7053/2/4 7055/2/4
f 7053/4/4 7054/4/4 7056/4/4
f 7055/2/4 7053/2/4 7056/2/4
f 7042/2/4 7055/2/4 7057/2/4
f 7055/3/4 7056/3/4 7057/3/4
f 7056/4/4 7054/4/4 7058/4/4
f 7057/3/4 7056/3/4 7058/3/4
f 7058/4/4 7054/4/4 7059/4/4
f 7042/2/4 7057/2/4 7060/2/4
f 7057/2/4 7058/2/4 7060/2/4
f 7058/2/4 7059/2/4 7060/2/4
f 7060/2/4 7059/2/4 7061/2/4
f 7061/2/4 7059/2/4 7062/2/4
f 7062/2/4 7059/2/4 7063/2/4
f 7060/3/4 7061/3/4 7064/3/4
f 7061/2/4 7062/2/4 7065/2/4
f 7064/3/4 7061/3/4 7065/3/4
f 7062/3/4 7063/3/4 7066/3/4
f 7065/2/4 7062/2/4 7066/2/4
f 7066/3/4 7063/3/4 7067/3/4
f 7064/4/4 7065/4/4 7068/4/4
f 7065/4/4 7066/4/4 7068/4/4
f 7066/2/4 7067/2/4 7069/2/4
f 7068/4/4 7066/4/4 7069/4/4
f 7069/2/4 7067/2/4 7070/2/4
f 7068/3/4 7069/3/4 7071/3/4
f 7069/3/4 7070/3/4 7071/3/4
f 7071/3/4 7070/3/4 7072/3/4
f 7072/3/4 7070/3/4 7073/3/4
f 7071/2/4 7072/2/4 7074/2/4
f 7074/2/4 7072/2/4 7075/2/4
f 7072/4/4 7073/4/4 7076/4/4
f 7075/2/4 7072/2/4 7076/2/4
f 7076/4/4 7073/4/4 7077/4/4
f 7074/2/4 7075/2/4 7078/2/4
f 7075/3/4 7076/3/4 7079/3/4
f 7076/2/4 7077/2/4 7079/2/4
f 7079/2/4 7077/2/4 7080/2/4
f 7078/2/4 7075/2/4 7081/2/4
f 7075/3/4 7079/3/4 7081/3/4
f 7079/3/4 7080/3/4 7081/3/4
f 7081/3/4 7080/3/4 7082/3/4
f 7078/2/4 7081/2/4 7083/2/4
f 7081/2/4 7082/2/4 7083/2/4
f 7083/2/4 7082/2/4 7084/2/4
f 7083/3/4 7084/3/4 7085/3/4
f 7084/2/4 7082/2/4 7086/2/4
f 7085/3/4 7084/3/4 7086/3/4
f 7085/4/4 7086/4/4 7087/4/4
f 7087/4/4 7086/4/4 7088/4/4
f 7088/4/4 7086/4/4 7089/4/4
f 7086/2/4 7082/2/4 7090/2/4
f 7089/4/4 7086/4/4 7090/4/4
f 7089/2/4 7090/2/4 7091/2/4
f 7090/2/4 7082/2/4 7092/2/4
f 7091/2/4 7090/2/4 7092/2/4
f 7092/2/4 7082/2/4 7093/2/4
f 7093/2/4 7082/2/4 7094/2/4
f 7091/3/4 7092/3/4 7095/3/4
f 7092/2/4 7093/2/4 7096/2/4
f 7095/3/4 7092/3/4 7096/3/4
f 7093/4/4 7094/4/4 7097/4/4
f 7096/2/4 7093/2/4 7097/2/4
f 7097/4/4 7094/4/4 7098/4/4
f 7095/4/4 7096/4/4 7099/4/4
f 7096/3/4 7097/3/4 7099/3/4
f 7097/2/4 7098/2/4 7100/2/4
f 7099/3/4 7097/3/4 7100/3/4
f 7100/2/4 7098/2/4 7101/2/4
f 7095/4/4 7099/4/4 7102/4/4
f 7099/4/4 7100/4/4 7102/4/4
f 7102/4/4 7100/4/4 7103/4/4
f 7102/2/4 7103/2/4 7104/2/4
f 7104/2/4 7103/2/4 7105/2/4
f 7103/4/4 7100/4/4 7106/4/4
f 7105/2/4 7103/2/4 7106/2/4
f 7100/3/4 7101/3/4 7107/3/4
f 7106/4/4 7100/4/4 7107/4/4
f 7107/3/4 7101/3/4 7108/3/4
f 7105/3/4 7106/3/4 7109/3/4
f 7106/2/4 7107/2/4 7109/2/4
f 7107/2/4 7108/2/4 7109/2/4
f 7109/2/4 7108/2/4 7110/2/4
f 7105/3/4 7109/3/4 7111/3/4
f 7109/4/4 7110/4/4 7112/4/4
f 7111/3/4 7109/3/4 7112/3/4
f 7110/2/4 7108/2/4 7113/2/4
f 7112/4/4 7110/4/4 7113/4/4
f 7111/2/4 7112/2/4 7114/2/4
f 7112/2/4 7113/2/4 7114/2/4
f 7114/2/4 7113/2/4 7115/2/4
f 7113/2/4 7108/2/4 7116/2/4
f 7115/2/4 7113/2/4 7116/2/4
f 7114/4/4 7115/4/4 7117/4/4
f 7115/3/4 7116/3/4 7118/3/4
f 7117/4/4 7115/4/4 7118/4/4
f 7116/2/4 7108/2/4 7119/2/4
f 7118/3/4 7116/3/4 7119/3/4
f 7118/4/4 7119/4/4 7120/4/4
f 7119/2/4 7108/2/4 7120/2/4
f 7120/2/4 7108/2/4 7121/2/4
f 7117/3/4 7118/3/4 7122/3/4
f 7118/4/4 7120/4/4 7123/4/4
f 7122/3/4 7118/3/4 7123/3/4
f 7120/4/4 7121/4/4 7123/4/4
f 7123/4/4 7121/4/4 7124/4/4
f 7124/4/4 7121/4/4 7125/4/4
f 7122/4/4 7123/4/4 7126/4/4
f 7123/4/4 7124/4/4 7126/4/4
f 7124/2/4 7125/2/4 7127/2/4
f 7126/4/4 7124/4/4 7127/4/4
f 7127/2/4 7125/2/4 7128/2/4
f 7126/4/4 7127/4/4 7129/4/4
f 7127/4/4 7128/4/4 7129/4/4
f 7129/4/4 7128/4/4 7130/4/4
f 7129/2/4 7130/2/4 7131/2/4
f 7131/2/4 7130/2/4 7132/2/4
f 7132/2/4 7130/2/4 7133/2/4
f 7133/2/4 7130/2/4 7134/2/4
f 7134/2/4 7130/2/4 7135/2/4
f 7132/2/4 7133/2/4 7136/2/4
f 7136/2/4 7133/2/4 7137/2/4
f 7133/3/4 7134/3/4 7138/3/4
f 7134/4/4 7135/4/4 7138/4/4
f 7138/4/4 7135/4/4 7139/4/4
f 7137/2/4 7133/2/4 7140/2/4
f 7133/3/4 7138/3/4 7141/3/4
f 7140/2/4 7133/2/4 7141/2/4
f 7138/2/4 7139/2/4 7142/2/4
f 7141/3/4 7138/3/4 7142/3/4
f 7140/2/4 7141/2/4 7143/2/4
f 7141/2/4 7142/2/4 7143/2/4
f 7142/2/4 7139/2/4 7144/2/4
f 7143/2/4 7142/2/4 7144/2/4
f 7143/4/4 7144/4/4 7145/4/4
f 7145/4/4 7144/4/4 7146/4/4
f 7144/2/4 7139/2/4 7147/2/4
f 7146/4/4 7144/4/4 7147/4/4
f 7147/2/4 7139/2/4 7148/2/4
f 7145/3/4 7146/3/4 7149/3/4
f 7146/4/4 7147/4/4 7149/4/4
f 7147/4/4 7148/4/4 7149/4/4
f 7149/4/4 7148/4/4 7150/4/4
f 7145/3/4 7149/3/4 7151/3/4
f 7150/4/4 7148/4/4 7152/4/4
f 7149/2/4 7150/2/4 7152/2/4
f 7152/4/4 7148/4/4 7153/4/4
f 7151/3/4 7149/3/4 7154/3/4
f 7149/2/4 7152/2/4 7155/2/4
f 7154/3/4 7149/3/4 7155/3/4
f 7152/3/4 7153/3/4 7156/3/4
f 7155/2/4 7152/2/4 7156/2/4
f 7156/3/4 7153/3/4 7157/3/4
f 7154/2/4 7155/2/4 7158/2/4
f 7155/4/4 7156/4/4 7159/4/4
f 7158/2/4 7155/2/4 7159/2/4
f 7156/2/4 7157/2/4 7160/2/4
f 7159/4/4 7156/4/4 7160/4/4
f 7158/2/4 7159/2/4 7161/2/4
f 7159/2/4 7160/2/4 7161/2/4
f 7161/2/4 7160/2/4 7162/2/4
f 7160/2/4 7157/2/4 7163/2/4
f 7162/2/4 7160/2/4 7163/2/4
f 7161/2/4 7162/2/4 7164/2/4
f 7162/3/4 7163/3/4 7165/3/4
f 7164/2/4 7162/2/4 7165/2/4
f 7165/3/4 7163/3/4 7166/3/4
f 7164/2/4 7165/2/4 7167/2/4
f 7165/2/4 7166/2/4 7167/2/4
f 7167/2/4 7166/2/4 7168/2/4
f 7166/3/4 7163/3/4 7169/3/4
f 7168/2/4 7166/2/4 7169/2/4
f 7167/2/4 7168/2/4 7170/2/4
f 7168/4/4 7169/4/4 7170/4/4
f 7169/3/4 7163/3/4 7171/3/4
f 7170/4/4 7169/4/4 7171/4/4
f 7171/3/4 7163/3/4 7172/3/4
f 7167/2/4 7170/2/4 7173/2/4
f 7170/2/4 7171/2/4 7173/2/4
f 7171/2/4 7172/2/4 7173/2/4
f 7173/2/4 7172/2/4 7174/2/4
f 7173/6/4 7174/6/4 7175/6/4
f 7175/6/4 7174/6/4 7176/6/4
f 7177/6/4 7178/6/4 7179/6/4
f 7179/6/4 7178/6/4 7180/6/4
f 7180/6/4 7181/6/4 7182/6/4
f 7182/6/4 7181/6/4 7183/6/4
f 7183/6/4 7181/6/4 7184/6/4
f 7184/6/4 7181/6/4 7185/6/4
f 7185/6/4 7186/6/4 7187/6/4
f 7187/6/4 7186/6/4 7188/6/4
f 7188/6/4 7186/6/4 7189/6/4
f 7189/6/4 7186/6/4 7190/6/4
f 7190/6/4 7191/6/4 7192/6/4
f 7192/6/4 7191/6/4 7193/6/4
f 7193/6/4 7191/6/4 7194/6/4
f 7194/6/4 7191/6/4 7195/6/4
f 7195/6/4 7196/6/4 7197/6/4
f 7197/6/4 7196/6/4 7198/6/4
f 7198/6/4 7196/6/4 7199/6/4
f 7199/6/4 7196/6/4 7200/6/4
f 7200/6/4 7201/6/4 7202/6/4
f 7202/6/4 7201/6/4 7203/6/4
f 7203/6/4 7201/6/4 7204/6/4
f 7204/6/4 7201/6/4 7205/6/4
f 7205/6/4 7206/6/4 7207/6/4
f 7207/6/4 7206/6/4 7208/6/4
f 7208/6/4 7206/6/4 7209/6/4
f 7209/6/4 7206/6/4 7210/6/4
f 7210/6/4 7211/6/4 7212/6/4
f 7212/6/4 7211/6/4 7213/6/4
f 7213/6/4 7211/6/4 7214/6/4
f 7214/6/4 7211/6/4 7215/6/4
f 7215/6/4 7216/6/4 7217/6/4
f 7215/6/4 7217/6/4 7220/6/4
f 7220/6/4 7217/6/4 7221/6/4
f 7222/6/4 7223/6/4 7226/6/4
f 7226/6/4 7223/6/4 7227/6/4
f 7227/6/4 7223/6/4 7228/6/4
f 7224/6/4 7225/6/4 7229/6/4
f 7229/6/4 7225/6/4 7230/6/4
f 7218/6/4 7219/6/4 7231/6/4
f 7231/6/4 7219/6/4 7232/6/4
f 7231/2/4 7232/2/4 7233/2/4
f 7233/2/4 7232/2/4 7234/2/4
f 7234/2/4 7232/2/4 7235/2/4
f 7234/3/4 7235/3/4 7236/3/4
f 7235/2/4 7232/2/4 7237/2/4
f 7236/3/4 7235/3/4 7237/3/4
f 7236/2/4 7237/2/4 7238/2/4
f 7237/2/4 7232/2/4 7239/2/4
f 7238/2/4 7237/2/4 7239/2/4
f 7238/3/4 7239/3/4 7240/3/4
f 7239/2/4 7232/2/4 7241/2/4
f 7240/3/4 7239/3/4 7241/3/4
f 7240/2/4 7241/2/4 7242/2/4
f 7241/2/4 7232/2/4 7243/2/4
f 7242/2/4 7241/2/4 7243/2/4
f 7242/3/4 7243/3/4 7244/3/4
f 7243/2/4 7232/2/4 7245/2/4
f 7244/3/4 7243/3/4 7245/3/4
f 7245/2/4 7232/2/4 7246/2/4
f 7244/2/4 7245/2/4 7247/2/4
f 7247/2/4 7245/2/4 7248/2/4
f 7245/3/4 7246/3/4 7249/3/4
f 7248/2/4 7245/2/4 7249/2/4
f 7249/3/4 7246/3/4 7250/3/4
f 7248/4/4 7249/4/4 7251/4/4
f 7249/2/4 7250/2/4 7252/2/4
f 7251/4/4 7249/4/4 7252/4/4
f 7252/2/4 7250/2/4 7253/2/4
f 7251/4/4 7252/4/4 7254/4/4
f 7252/3/4 7253/3/4 7254/3/4
f 7254/3/4 7253/3/4 7255/3/4
f 7251/4/4 7254/4/4 7256/4/4
f 7254/2/4 7255/2/4 7257/2/4
f 7256/4/4 7254/4/4 7257/4/4
f 7256/2/4 7257/2/4 7258/2/4
f 7257/2/4 7255/2/4 7259/2/4
f 7258/2/4 7257/2/4 7259/2/4
f 7259/2/4 7255/2/4 7260/2/4
f 7258/3/4 7259/3/4 7261/3/4
f 7259/4/4 7260/4/4 7262/4/4
f 7261/3/4 7259/3/4 7262/3/4
f 7262/4/4 7260/4/4 7263/4/4
f 7261/3/4 7262/3/4 7264/3/4
f 7262/2/4 7263/2/4 7265/2/4
f 7264/3/4 7262/3/4 7265/3/4
f 7265/2/4 7263/2/4 7266/2/4
f 7264/4/4 7265/4/4 7267/4/4
f 7265/4/4 7266/4/4 7267/4/4
f 7267/4/4 7266/4/4 7268/4/4
f 7268/4/4 7266/4/4 7269/4/4
f 7267/3/4 7268/3/4 7270/3/4
f 7268/2/4 7269/2/4 7271/2/4
f 7270/3/4 7268/3/4 7271/3/4
f 7270/2/4 7271/2/4 7272/2/4
f 7272/2/4 7271/2/4 7273/2/4
f 7271/2/4 7269/2/4 7274/2/4
f 7273/2/4 7271/2/4 7274/2/4
f 7274/2/4 7269/2/4 7275/2/4
f 7273/4/4 7274/4/4 7276/4/4
f 7276/4/4 7274/4/4 7277/4/4
f 7274/3/4 7275/3/4 7278/3/4
f 7277/4/4 7274/4/4 7278/4/4
f 7277/3/4 7278/3/4 7279/3/4
f 7279/3/4 7278/3/4 7280/3/4
f 7278/3/4 7275/3/4 7281/3/4
f 7280/3/4 7278/3/4 7281/3/4
f 7280/4/4 7281/4/4 7282/4/4
f 7282/4/4 7281/4/4 7283/4/4
f 7283/4/4 7281/4/4 7284/4/4
f 7282/3/4 7283/3/4 7285/3/4
f 7283/2/4 7284/2/4 7286/2/4
f 7285/3/4 7283/3/4 7286/3/4
f 7285/4/4 7286/4/4 7287/4/4
f 7286/2/4 7284/2/4 7288/2/4
f 7287/4/4 7286/4/4 7288/4/4
f 7287/2/4 7288/2/4 7289/2/4
f 7289/2/4 7288/2/4 7290/2/4
f 7288/2/4 7284/2/4 7291/2/4
f 7290/2/4 7288/2/4 7291/2/4
f 7290/4/4 7291/4/4 7292/4/4
f 7292/4/4 7291/4/4 7293/4/4
f 7292/2/4 7293/2/4 7294/2/4
f 7293/4/4 7291/4/4 7295/4/4
f 7294/2/4 7293/2/4 7295/2/4
f 7295/4/4 7291/4/4 7296/4/4
f 7294/4/4 7295/4/4 7297/4/4
f 7295/2/4 7296/2/4 7298/2/4
f 7297/4/4 7295/4/4 7298/4/4
f 7298/2/4 7296/2/4 7299/2/4
f 7297/2/4 7298/2/4 7300/2/4
f 7298/4/4 7299/4/4 7301/4/4
f 7300/2/4 7298/2/4 7301/2/4
f 7301/4/4 7299/4/4 7302/4/4
f 7300/2/4 7301/2/4 7303/2/4
f 7301/2/4 7302/2/4 7303/2/4
f 7303/2/4 7302/2/4 7304/2/4
f 7304/2/4 7302/2/4 7305/2/4
f 7303/3/4 7304/3/4 7306/3/4
f 7304/4/4 7305/4/4 7307/4/4
f 7306/3/4 7304/3/4 7307/3/4
f 7306/4/4 7307/4/4 7308/4/4
f 7307/4/4 7305/4/4 7309/4/4
f 7308/4/4 7307/4/4 7309/4/4
f 7308/2/4 7309/2/4 7310/2/4
f 7310/2/4 7309/2/4 7311/2/4
f 7311/2/4 7309/2/4 7312/2/4
f 7310/4/4 7311/4/4 7313/4/4
f 7311/3/4 7312/3/4 7314/3/4
f 7313/4/4 7311/4/4 7314/4/4
f 7314/3/4 7312/3/4 7315/3/4
f 7313/3/4 7314/3/4 7316/3/4
f 7314/4/4 7315/4/4 7317/4/4
f 7316/3/4 7314/3/4 7317/3/4
f 7317/4/4 7315/4/4 7318/4/4
f 7316/2/4 7317/2/4 7319/2/4
f 7317/2/4 7318/2/4 7319/2/4
f 7319/2/4 7318/2/4 7320/2/4
f 7320/2/4 7318/2/4 7321/2/4
f 7319/2/4 7320/2/4 7322/2/4
f 7320/4/4 7321/4/4 7323/4/4
f 7322/2/4 7320/2/4 7323/2/4
f 7322/4/4 7323/4/4 7324/4/4
f 7323/4/4 7321/4/4 7325/4/4
f 7324/4/4 7323/4/4 7325/4/4
f 7324/3/4 7325/3/4 7326/3/4
f 7325/4/4 7321/4/4 7327/4/4
f 7326/3/4 7325/3/4 7327/3/4
f 7327/4/4 7321/4/4 7328/4/4
f 7326/2/4 7327/2/4 7329/2/4
f 7327/2/4 7328/2/4 7329/2/4
f 7329/2/4 7328/2/4 7330/2/4
f 7330/2/4 7328/2/4 7331/2/4
f 7329/2/4 7330/2/4 7332/2/4
f 7330/3/4 7331/3/4 7333/3/4
f 7332/2/4 7330/2/4 7333/2/4
f 7333/3/4 7331/3/4 7334/3/4
f 7332/2/4 7333/2/4 7335/2/4
f 7333/2/4 7334/2/4 7335/2/4
f 7335/2/4 7334/2/4 7336/2/4
f 7336/2/4 7334/2/4 7337/2/4
f 7335/4/4 7336/4/4 7338/4/4
f 7336/3/4 7337/3/4 7339/3/4
f 7338/4/4 7336/4/4 7339/4/4
f 7339/3/4 7337/3/4 7340/3/4
f 7338/2/4 7339/2/4 7341/2/4
f 7339/4/4 7340/4/4 7342/4/4
f 7341/2/4 7339/2/4 7342/2/4
f 7342/4/4 7340/4/4 7343/4/4
f 7341/4/4 7342/4/4 7344/4/4
f 7342/2/4 7343/2/4 7345/2/4
f 7344/4/4 7342/4/4 7345/4/4
f 7344/3/4 7345/3/4 7346/3/4
f 7345/2/4 7343/2/4 7347/2/4
f 7346/3/4 7345/3/4 7347/3/4
f 7346/4/4 7347/4/4 7348/4/4
f 7347/2/4 7343/2/4 7349/2/4
f 7348/4/4 7347/4/4 7349/4/4
f 7349/2/4 7343/2/4 7350/2/4
f 7348/6/4 7349/6/4 7351/6/4
f 7349/6/4 7350/6/4 7351/6/4
f 7351/6/4 7350/6/4 7352/6/4
f 7353/6/4 7354/6/4 7359/6/4
f 7359/6/4 7354/6/4 7360/6/4
f 7357/6/4 7358/6/4 7361/6/4
f 7361/6/4 7358/6/4 7362/6/4
f 7362/6/4 7358/6/4 7363/6/4
f 7363/6/4 7358/6/4 7364/6/4
f 7355/6/4 7356/6/4 7365/6/4
f 7365/6/4 7356/6/4 7366/6/4
f 7366/6/4 7356/6/4 7367/6/4
f 7365/2/4 7366/2/4 7368/2/4
f 7366/3/4 7367/3/4 7369/3/4
f 7368/2/4 7366/2/4 7369/2/4
f 7369/3/4 7367/3/4 7370/3/4
f 7368/3/4 7369/3/4 7371/3/4
f 7369/4/4 7370/4/4 7372/4/4
f 7371/3/4 7369/3/4 7372/3/4
f 7372/4/4 7370/4/4 7373/4/4
f 7371/4/4 7372/4/4 7374/4/4
f 7372/2/4 7373/2/4 7375/2/4
f 7374/4/4 7372/4/4 7375/4/4
f 7374/3/4 7375/3/4 7376/3/4
f 7376/3/4 7375/3/4 7377/3/4
f 7375/2/4 7373/2/4 7378/2/4
f 7377/3/4 7375/3/4 7378/3/4
f 7378/2/4 7373/2/4 7379/2/4
f 7377/4/4 7378/4/4 7380/4/4
f 7378/3/4 7379/3/4 7381/3/4
f 7380/4/4 7378/4/4 7381/4/4
f 7381/3/4 7379/3/4 7382/3/4
f 7380/2/4 7381/2/4 7383/2/4
f 7381/2/4 7382/2/4 7383/2/4
f 7383/2/4 7382/2/4 7384/2/4
f 7384/2/4 7382/2/4 7385/2/4
f 7383/2/4 7384/2/4 7386/2/4
f 7384/3/4 7385/3/4 7387/3/4
f 7386/2/4 7384/2/4 7387/2/4
f 7387/3/4 7385/3/4 7388/3/4
f 7386/3/4 7387/3/4 7389/3/4
f 7387/2/4 7388/2/4 7390/2/4
f 7389/3/4 7387/3/4 7390/3/4
f 7390/2/4 7388/2/4 7391/2/4
f 7389/3/4 7390/3/4 7392/3/4
f 7390/3/4 7391/3/4 7392/3/4
f 7392/3/4 7391/3/4 7393/3/4
f 7393/3/4 7391/3/4 7394/3/4
f 7392/3/4 7393/3/4 7395/3/4
f 7395/3/4 7393/3/4 7396/3/4
f 7393/4/4 7394/4/4 7397/4/4
f 7396/3/4 7393/3/4 7397/3/4
f 7397/4/4 7394/4/4 7398/4/4
f 7396/2/4 7397/2/4 7399/2/4
f 7397/2/4 7398/2/4 7399/2/4
f 7399/2/4 7398/2/4 7400/2/4
f 7399/4/4 7400/4/4 7401/4/4
f 7400/2/4 7398/2/4 7402/2/4
f 7401/4/4 7400/4/4 7402/4/4
f 7402/2/4 7398/2/4 7403/2/4
f 7401/3/4 7402/3/4 7404/3/4
f 7402/3/4 7403/3/4 7404/3/4
f 7404/3/4 7403/3/4 7405/3/4
f 7405/3/4 7403/3/4 7406/3/4
f 7404/3/4 7405/3/4 7407/3/4
f 7407/3/4 7405/3/4 7408/3/4
f 7405/4/4 7406/4/4 7409/4/4
f 7408/3/4 7405/3/4 7409/3/4
f 7409/4/4 7406/4/4 7410/4/4
f 7408/2/4 7409/2/4 7411/2/4
f 7409/3/4 7410/3/4 7412/3/4
f 7411/2/4 7409/2/4 7412/2/4
f 7412/3/4 7410/3/4 7413/3/4
f 7411/3/4 7412/3/4 7414/3/4
f 7412/4/4 7413/4/4 7415/4/4
f 7414/3/4 7412/3/4 7415/3/4
f 7415/4/4 7413/4/4 7416/4/4
f 7414/2/4 7415/2/4 7417/2/4
f 7415/2/4 7416/2/4 7417/2/4
f 7417/2/4 7416/2/4 7418/2/4
f 7418/2/4 7416/2/4 7419/2/4
f 7419/2/4 7416/2/4 7420/2/4
f 7418/2/4 7419/2/4 7421/2/4
f 7419/4/4 7420/4/4 7422/4/4
f 7421/2/4 7419/2/4 7422/2/4
f 7422/4/4 7420/4/4 7423/4/4
f 7421/2/4 7422/2/4 7424/2/4
f 7422/3/4 7423/3/4 7425/3/4
f 7424/2/4 7422/2/4 7425/2/4
f 7425/3/4 7423/3/4 7426/3/4
f 7424/2/4 7425/2/4 7427/2/4
f 7425/4/4 7426/4/4 7428/4/4
f 7427/2/4 7425/2/4 7428/2/4
f 7428/4/4 7426/4/4 7429/4/4
f 7427/2/4 7428/2/4 7430/2/4
f 7428/2/4 7429/2/4 7430/2/4
f 7430/2/4 7429/2/4 7431/2/4
f 7431/2/4 7429/2/4 7432/2/4
f 7430/2/4 7431/2/4 7433/2/4
f 7431/3/4 7432/3/4 7434/3/4
f 7433/2/4 7431/2/4 7434/2/4
f 7434/3/4 7432/3/4 7435/3/4
f 7433/2/4 7434/2/4 7436/2/4
f 7434/2/4 7435/2/4 7436/2/4
f 7436/2/4 7435/2/4 7437/2/4
f 7437/2/4 7435/2/4 7438/2/4
f 7438/2/4 7435/2/4 7439/2/4
f 7437/4/4 7438/4/4 7440/4/4
f 7438/3/4 7439/3/4 7441/3/4
f 7440/4/4 7438/4/4 7441/4/4
f 7441/3/4 7439/3/4 7442/3/4
f 7440/3/4 7441/3/4 7443/3/4
f 7441/2/4 7442/2/4 7444/2/4
f 7443/3/4 7441/3/4 7444/3/4
f 7444/2/4 7442/2/4 7445/2/4
f 7443/3/4 7444/3/4 7446/3/4
f 7444/4/4 7445/4/4 7447/4/4
f 7446/3/4 7444/3/4 7447/3/4
f 7447/4/4 7445/4/4 7448/4/4
f 7446/2/4 7447/2/4 7449/2/4
f 7447/2/4 7448/2/4 7449/2/4
f 7449/2/4 7448/2/4 7450/2/4
f 7450/2/4 7448/2/4 7451/2/4
f 7449/2/4 7450/2/4 7452/2/4
f 7450/3/4 7451/3/4 7453/3/4
f 7452/2/4 7450/2/4 7453/2/4
f 7453/3/4 7451/3/4 7454/3/4
f 7452/2/4 7453/2/4 7455/2/4
f 7453/2/4 7454/2/4 7455/2/4
f 7455/2/4 7454/2/4 7456/2/4
f 7456/2/4 7454/2/4 7457/2/4
f 7455/2/4 7456/2/4 7458/2/4
f 7458/2/4 7456/2/4 7459/2/4
f 7456/4/4 7457/4/4 7460/4/4
f 7459/2/4 7456/2/4 7460/2/4
f 7460/4/4 7457/4/4 7461/4/4
f 7459/3/4 7460/3/4 7462/3/4
f 7460/3/4 7461/3/4 7462/3/4
f 7462/3/4 7461/3/4 7463/3/4
f 7463/3/4 7461/3/4 7464/3/4
f 7462/3/4 7463/3/4 7465/3/4
f 7463/4/4 7464/4/4 7466/4/4
f 7465/3/4 7463/3/4 7466/3/4
f 7466/4/4 7464/4/4 7467/4/4
f 7465/3/4 7466/3/4 7468/3/4
f 7466/3/4 7467/3/4 7468/3/4
f 7468/3/4 7467/3/4 7469/3/4
f 7468/2/4 7469/2/4 7470/2/4
f 7470/2/4 7469/2/4 7471/2/4
f 7471/2/4 7469/2/4 7472/2/4
f 7470/4/4 7471/4/4 7473/4/4
f 7471/3/4 7472/3/4 7474/3/4
f 7473/4/4 7471/4/4 7474/4/4
f 7473/2/4 7474/2/4 7475/2/4
f 7474/3/4 7472/3/4 7476/3/4
f 7475/2/4 7474/2/4 7476/2/4
f 7475/3/4 7476/3/4 7477/3/4
f 7476/3/4 7472/3/4 7478/3/4
f 7477/3/4 7476/3/4 7478/3/4
f 7477/4/4 7478/4/4 7479/4/4
f 7478/3/4 7472/3/4 7480/3/4
f 7479/4/4 7478/4/4 7480/4/4
f 7480/3/4 7472/3/4 7481/3/4
f 7479/3/4 7480/3/4 7482/3/4
f 7480/4/4 7481/4/4 7483/4/4
f 7482/3/4 7480/3/4 7483/3/4
f 7483/4/4 7481/4/4 7484/4/4
f 7482/2/4 7483/2/4 7485/2/4
f 7483/2/4 7484/2/4 7485/2/4
f 7485/2/4 7484/2/4 7486/2/4
f 7486/2/4 7484/2/4 7487/2/4
f 7485/4/4 7486/4/4 7488/4/4
f 7486/3/4 7487/3/4 7489/3/4
f 7488/4/4 7486/4/4 7489/4/4
f 7489/3/4 7487/3/4 7490/3/4
f 7488/2/4 7489/2/4 7491/2/4
f 7489/2/4 7490/2/4 7491/2/4
f 7491/2/4 7490/2/4 7492/2/4
f 7492/2/4 7490/2/4 7493/2/4
f 7491/4/4 7492/4/4 7494/4/4
f 7492/3/4 7493/3/4 7495/3/4
f 7494/4/4 7492/4/4 7495/4/4
f 7495/3/4 7493/3/4 7496/3/4
f 7494/2/4 7495/2/4 7497/2/4
f 7495/4/4 7496/4/4 7498/4/4
f 7497/2/4 7495/2/4 7498/2/4
f 7498/4/4 7496/4/4 7499/4/4
f 7497/2/4 7498/2/4 7500/2/4
f 7498/2/4 7499/2/4 7500/2/4
f 7500/2/4 7499/2/4 7501/2/4
f 7500/6/4 7501/6/4 7502/6/4
f 7502/6/4 7501/6/4 7503/6/4
f 7504/6/4 7505/6/4 7506/6/4
f 7506/6/4 7505/6/4 7507/6/4
f 7507/6/4 7505/6/4 7508/6/4
f 7508/6/4 7505/6/4 7509/6/4
f 7506/4/4 7507/4/4 7510/4/4
f 7510/4/4 7507/4/4 7511/4/4
f 7507/3/4 7508/3/4 7512/3/4
f 7511/4/4 7507/4/4 7512/4/4
f 7508/4/4 7509/4/4 7513/4/4
f 7512/3/4 7508/3/4 7513/3/4
f 7513/4/4 7509/4/4 7514/4/4
f 7510/2/4 7511/2/4 7515/2/4
f 7512/4/4 7513/4/4 7516/4/4
f 7513/2/4 7514/2/4 7516/2/4
f 7516/2/4 7514/2/4 7517/2/4
f 7515/2/4 7511/2/4 7518/2/4
f 7511/3/4 7512/3/4 7519/3/4
f 7512/4/4 7516/4/4 7519/4/4
f 7516/3/4 7517/3/4 7520/3/4
f 7519/4/4 7516/4/4 7520/4/4
f 7520/3/4 7517/3/4 7521/3/4
f 7518/2/4 7511/2/4 7522/2/4
f 7511/3/4 7519/3/4 7523/3/4
f 7522/2/4 7511/2/4 7523/2/4
f 7519/3/4 7520/3/4 7523/3/4
f 7523/3/4 7520/3/4 7524/3/4
f 7520/4/4 7521/4/4 7525/4/4
f 7524/3/4 7520/3/4 7525/3/4
f 7525/4/4 7521/4/4 7526/4/4
f 7522/3/4 7523/3/4 7527/3/4
f 7524/3/4 7525/3/4 7528/3/4
f 7525/3/4 7526/3/4 7528/3/4
f 7528/3/4 7526/3/4 7529/3/4
f 7527/3/4 7523/3/4 7530/3/4
f 7523/2/4 7524/2/4 7531/2/4
f 7530/3/4 7523/3/4 7531/3/4
f 7524/3/4 7528/3/4 7532/3/4
f 7531/2/4 7524/2/4 7532/2/4
f 7528/2/4 7529/2/4 7533/2/4
f 7532/3/4 7528/3/4 7533/3/4
f 7530/2/4 7531/2/4 7534/2/4
f 7531/2/4 7532/2/4 7534/2/4
f 7532/2/4 7533/2/4 7534/2/4
f 7533/2/4 7529/2/4 7535/2/4
f 7534/2/4 7533/2/4 7535/2/4
f 7534/3/4 7535/3/4 7536/3/4
f 7536/3/4 7535/3/4 7537/3/4
f 7537/3/4 7535/3/4 7538/3/4
f 7536/3/4 7537/3/4 7539/3/4
f 7537/2/4 7538/2/4 7539/2/4
f 7538/3/4 7535/3/4 7540/3/4
f 7539/2/4 7538/2/4 7540/2/4
f 7540/3/4 7535/3/4 7541/3/4
f 7536/3/4 7539/3/4 7542/3/4
f 7539/4/4 7540/4/4 7543/4/4
f 7542/3/4 7539/3/4 7543/3/4
f 7540/2/4 7541/2/4 7544/2/4
f 7543/4/4 7540/4/4 7544/4/4
f 7544/2/4 7541/2/4 7545/2/4
f 7545/2/4 7541/2/4 7546/2/4
f 7542/3/4 7543/3/4 7547/3/4
f 7543/3/4 7544/3/4 7547/3/4
f 7547/3/4 7544/3/4 7548/3/4
f 7544/2/4 7545/2/4 7549/2/4
f 7548/3/4 7544/3/4 7549/3/4
f 7545/3/4 7546/3/4 7550/3/4
f 7549/2/4 7545/2/4 7550/2/4
f 7547/4/4 7548/4/4 7551/4/4
f 7548/3/4 7549/3/4 7552/3/4
f 7549/4/4 7550/4/4 7552/4/4
f 7550/3/4 7546/3/4 7553/3/4
f 7552/4/4 7550/4/4 7553/4/4
f 7553/3/4 7546/3/4 7554/3/4
f 7551/4/4 7548/4/4 7555/4/4
f 7548/3/4 7552/3/4 7556/3/4
f 7555/4/4 7548/4/4 7556/4/4
f 7552/2/4 7553/2/4 7557/2/4
f 7556/3/4 7552/3/4 7557/3/4
f 7553/2/4 7554/2/4 7557/2/4
f 7555/2/4 7556/2/4 7558/2/4
f 7556/2/4 7557/2/4 7558/2/4
f 7558/2/4 7557/2/4 7559/2/4
f 7557/2/4 7554/2/4 7560/2/4
f 7559/2/4 7557/2/4 7560/2/4
f 7560/2/4 7554/2/4 7561/2/4
f 7561/2/4 7554/2/4 7562/2/4
f 7558/3/4 7559/3/4 7563/3/4
f 7559/4/4 7560/4/4 7564/4/4
f 7563/3/4 7559/3/4 7564/3/4
f 7560/3/4 7561/3/4 7565/3/4
f 7561/4/4 7562/4/4 7565/4/4
f 7565/4/4 7562/4/4 7566/4/4
f 7564/4/4 7560/4/4 7567/4/4
f 7563/4/4 7564/4/4 7567/4/4
f 7565/3/4 7566/3/4 7568/3/4
f 7567/4/4 7560/4/4 7568/4/4
f 7560/3/4 7565/3/4 7568/3/4
f 7568/3/4 7566/3/4 7569/3/4
f 7569/3/4 7566/3/4 7570/3/4
f 7567/3/4 7568/3/4 7571/3/4
f 7568/3/4 7569/3/4 7571/3/4
f 7569/2/4 7570/2/4 7571/2/4
f 7571/2/4 7570/2/4 7572/2/4
f 7563/4/4 7567/4/4 7573/4/4
f 7567/3/4 7571/3/4 7574/3/4
f 7573/4/4 7567/4/4 7574/4/4
f 7574/3/4 7571/3/4 7575/3/4
f 7571/4/4 7572/4/4 7576/4/4
f 7575/3/4 7571/3/4 7576/3/4
f 7576/4/4 7572/4/4 7577/4/4
f 7573/3/4 7574/3/4 7578/3/4
f 7574/2/4 7575/2/4 7579/2/4
f 7578/3/4 7574/3/4 7579/3/4
f 7575/3/4 7576/3/4 7580/3/4
f 7579/2/4 7575/2/4 7580/2/4
f 7576/3/4 7577/3/4 7580/3/4
f 7580/3/4 7577/3/4 7581/3/4
f 7581/3/4 7577/3/4 7582/3/4
f 7578/4/4 7579/4/4 7583/4/4
f 7579/3/4 7580/3/4 7584/3/4
f 7583/4/4 7579/4/4 7584/4/4
f 7580/2/4 7581/2/4 7585/2/4
f 7584/3/4 7580/3/4 7585/3/4
f 7581/4/4 7582/4/4 7586/4/4
f 7585/2/4 7581/2/4 7586/2/4
f 7586/4/4 7582/4/4 7587/4/4
f 7583/2/4 7584/2/4 7588/2/4
f 7584/2/4 7585/2/4 7588/2/4
f 7586/2/4 7587/2/4 7588/2/4
f 7585/2/4 7586/2/4 7588/2/4
f 7588/2/4 7587/2/4 7589/2/4
f 7589/2/4 7587/2/4 7590/2/4
f 7590/2/4 7587/2/4 7591/2/4
f 7588/2/4 7589/2/4 7592/2/4
f 7589/4/4 7590/4/4 7593/4/4
f 7592/2/4 7589/2/4 7593/2/4
f 7590/3/4 7591/3/4 7594/3/4
f 7593/4/4 7590/4/4 7594/4/4
f 7594/3/4 7591/3/4 7595/3/4
f 7592/3/4 7593/3/4 7596/3/4
f 7593/4/4 7594/4/4 7597/4/4
f 7596/3/4 7593/3/4 7597/3/4
f 7594/4/4 7595/4/4 7597/4/4
f 7597/4/4 7595/4/4 7598/4/4
f 7598/4/4 7595/4/4 7599/4/4
f 7599/4/4 7595/4/4 7600/4/4
f 7596/4/4 7597/4/4 7601/4/4
f 7597/2/4 7598/2/4 7601/2/4
f 7598/4/4 7599/4/4 7602/4/4
f 7601/2/4 7598/2/4 7602/2/4
f 7599/2/4 7600/2/4 7603/2/4
f 7602/4/4 7599/4/4 7603/4/4
f 7603/2/4 7600/2/4 7604/2/4
f 7601/4/4 7602/4/4 7605/4/4
f 7596/4/4 7601/4/4 7605/4/4
f 7605/4/4 7602/4/4 7606/4/4
f 7602/2/4 7603/2/4 7607/2/4
f 7606/4/4 7602/4/4 7607/4/4
f 7603/3/4 7604/3/4 7608/3/4
f 7607/2/4 7603/2/4 7608/2/4
f 7608/3/4 7604/3/4 7609/3/4
f 7605/2/4 7606/2/4 7610/2/4
f 7606/4/4 7607/4/4 7611/4/4
f 7610/2/4 7606/2/4 7611/2/4
f 7607/3/4 7608/3/4 7612/3/4
f 7611/4/4 7607/4/4 7612/4/4
f 7608/4/4 7609/4/4 7613/4/4
f 7612/3/4 7608/3/4 7613/3/4
f 7613/4/4 7609/4/4 7614/4/4
f 7610/3/4 7611/3/4 7615/3/4
f 7611/2/4 7612/2/4 7616/2/4
f 7615/3/4 7611/3/4 7616/3/4
f 7612/2/4 7613/2/4 7616/2/4
f 7613/2/4 7614/2/4 7616/2/4
f 7616/2/4 7614/2/4 7617/2/4
f 7617/2/4 7614/2/4 7618/2/4
f 7618/2/4 7614/2/4 7619/2/4
f 7615/2/4 7616/2/4 7620/2/4
f 7616/3/4 7617/3/4 7621/3/4
f 7620/2/4 7616/2/4 7621/2/4
f 7617/2/4 7618/2/4 7622/2/4
f 7621/3/4 7617/3/4 7622/3/4
f 7618/4/4 7619/4/4 7623/4/4
f 7622/2/4 7618/2/4 7623/2/4
f 7623/4/4 7619/4/4 7624/4/4
f 7620/2/4 7621/2/4 7625/2/4
f 7621/2/4 7622/2/4 7625/2/4
f 7623/2/4 7624/2/4 7625/2/4
f 7622/2/4 7623/2/4 7625/2/4
f 7625/2/4 7624/2/4 7626/2/4
f 7626/2/4 7624/2/4 7627/2/4
f 7627/2/4 7624/2/4 7628/2/4
f 7625/4/4 7626/4/4 7629/4/4
f 7629/4/4 7626/4/4 7630/4/4
f 7626/3/4 7627/3/4 7631/3/4
f 7630/4/4 7626/4/4 7631/4/4
f 7627/4/4 7628/4/4 7632/4/4
f 7631/3/4 7627/3/4 7632/3/4
f 7629/4/4 7630/4/4 7633/4/4
f 7630/2/4 7631/2/4 7634/2/4
f 7633/4/4 7630/4/4 7634/4/4
f 7631/2/4 7632/2/4 7634/2/4
f 7632/4/4 7628/4/4 7635/4/4
f 7634/2/4 7632/2/4 7635/2/4
f 7635/4/4 7628/4/4 7636/4/4
f 7633/2/4 7634/2/4 7637/2/4
f 7634/4/4 7635/4/4 7638/4/4
f 7637/2/4 7634/2/4 7638/2/4
f 7638/4/4 7635/4/4 7639/4/4
f 7635/3/4 7636/3/4 7640/3/4
f 7639/4/4 7635/4/4 7640/4/4
f 7640/3/4 7636/3/4 7641/3/4
f 7638/2/4 7639/2/4 7642/2/4
f 7637/2/4 7638/2/4 7642/2/4
f 7639/3/4 7640/3/4 7643/3/4
f 7642/2/4 7639/2/4 7643/2/4
f 7640/2/4 7641/2/4 7644/2/4
f 7643/3/4 7640/3/4 7644/3/4
f 7644/2/4 7641/2/4 7645/2/4
f 7642/3/4 7643/3/4 7646/3/4
f 7643/3/4 7644/3/4 7646/3/4
f 7644/3/4 7645/3/4 7646/3/4
f 7646/3/4 7645/3/4 7647/3/4
f 7646/2/4 7647/2/4 7648/2/4
f 7648/2/4 7647/2/4 7649/2/4
f 7649/2/4 7647/2/4 7650/2/4
f 7648/4/4 7649/4/4 7651/4/4
f 7649/3/4 7650/3/4 7652/3/4
f 7651/4/4 7649/4/4 7652/4/4
f 7652/3/4 7650/3/4 7653/3/4
f 7653/3/4 7650/3/4 7654/3/4
f 7654/3/4 7650/3/4 7655/3/4
f 7651/4/4 7652/4/4 7656/4/4
f 7652/4/4 7653/4/4 7656/4/4
f 7653/3/4 7654/3/4 7657/3/4
f 7656/4/4 7653/4/4 7657/4/4
f 7656/2/4 7657/2/4 7658/2/4
f 7657/3/4 7654/3/4 7659/3/4
f 7658/2/4 7657/2/4 7659/2/4
f 7654/2/4 7655/2/4 7660/2/4
f 7659/3/4 7654/3/4 7660/3/4
f 7660/2/4 7655/2/4 7661/2/4
f 7656/2/4 7658/2/4 7662/2/4
f 7658/4/4 7659/4/4 7663/4/4
f 7662/2/4 7658/2/4 7663/2/4
f 7659/4/4 7660/4/4 7663/4/4
f 7663/4/4 7660/4/4 7664/4/4
f 7660/3/4 7661/3/4 7665/3/4
f 7664/4/4 7660/4/4 7665/4/4
f 7665/3/4 7661/3/4 7666/3/4
f 7663/3/4 7664/3/4 7667/3/4
f 7662/3/4 7663/3/4 7667/3/4
f 7664/4/4 7665/4/4 7668/4/4
f 7667/3/4 7664/3/4 7668/3/4
f 7665/2/4 7666/2/4 7669/2/4
f 7668/4/4 7665/4/4 7669/4/4
f 7667/2/4 7668/2/4 7670/2/4
f 7668/2/4 7669/2/4 7670/2/4
f 7670/2/4 7669/2/4 7671/2/4
f 7669/2/4 7666/2/4 7672/2/4
f 7671/2/4 7669/2/4 7672/2/4
f 7667/2/4 7670/2/4 7673/2/4
f 7670/4/4 7671/4/4 7674/4/4
f 7673/2/4 7670/2/4 7674/2/4
f 7671/3/4 7672/3/4 7675/3/4
f 7674/4/4 7671/4/4 7675/4/4
f 7672/2/4 7666/2/4 7676/2/4
f 7675/3/4 7672/3/4 7676/3/4
f 7676/2/4 7666/2/4 7677/2/4
f 7674/3/4 7675/3/4 7678/3/4
f 7673/3/4 7674/3/4 7678/3/4
f 7675/3/4 7676/3/4 7678/3/4
f 7678/3/4 7676/3/4 7679/3/4
f 7679/3/4 7676/3/4 7680/3/4
f 7676/4/4 7677/4/4 7681/4/4
f 7680/3/4 7676/3/4 7681/3/4
f 7681/4/4 7677/4/4 7682/4/4
f 7678/2/4 7679/2/4 7683/2/4
f 7679/3/4 7680/3/4 7684/3/4
f 7683/2/4 7679/2/4 7684/2/4
f 7680/2/4 7681/2/4 7685/2/4
f 7684/3/4 7680/3/4 7685/3/4
f 7681/2/4 7682/2/4 7685/2/4
f 7685/2/4 7682/2/4 7686/2/4
f 7686/2/4 7682/2/4 7687/2/4
f 7683/2/4 7684/2/4 7688/2/4
f 7684/2/4 7685/2/4 7688/2/4
f 7685/2/4 7686/2/4 7688/2/4
f 7686/4/4 7687/4/4 7689/4/4
f 7688/2/4 7686/2/4 7689/2/4
f 7689/4/4 7687/4/4 7690/4/4
f 7683/2/4 7688/2/4 7691/2/4
f 7688/4/4 7689/4/4 7692/4/4
f 7691/2/4 7688/2/4 7692/2/4
f 7689/2/4 7690/2/4 7693/2/4
f 7692/4/4 7689/4/4 7693/4/4
f 7691/2/4 7692/2/4 7694/2/4
f 7692/2/4 7693/2/4 7694/2/4
f 7694/2/4 7693/2/4 7695/2/4
f 7693/2/4 7690/2/4 7696/2/4
f 7695/2/4 7693/2/4 7696/2/4
f 7696/2/4 7690/2/4 7697/2/4
f 7694/4/4 7695/4/4 7698/4/4
f 7698/4/4 7695/4/4 7699/4/4
f 7695/2/4 7696/2/4 7700/2/4
f 7699/4/4 7695/4/4 7700/4/4
f 7696/4/4 7697/4/4 7701/4/4
f 7700/2/4 7696/2/4 7701/2/4
f 7701/4/4 7697/4/4 7702/4/4
f 7698/2/4 7699/2/4 7703/2/4
f 7699/3/4 7700/3/4 7704/3/4
f 7703/2/4 7699/2/4 7704/2/4
f 7700/2/4 7701/2/4 7705/2/4
f 7704/3/4 7700/3/4 7705/3/4
f 7701/3/4 7702/3/4 7706/3/4
f 7705/2/4 7701/2/4 7706/2/4
f 7706/3/4 7702/3/4 7707/3/4
f 7703/3/4 7704/3/4 7708/3/4
f 7704/2/4 7705/2/4 7709/2/4
f 7705/2/4 7706/2/4 7709/2/4
f 7706/4/4 7707/4/4 7709/4/4
f 7709/4/4 7707/4/4 7710/4/4
f 7708/3/4 7704/3/4 7711/3/4
f 7704/2/4 7709/2/4 7712/2/4
f 7711/3/4 7704/3/4 7712/3/4
f 7709/2/4 7710/2/4 7712/2/4
f 7712/2/4 7710/2/4 7713/2/4
f 7713/2/4 7710/2/4 7714/2/4
f 7711/4/4 7712/4/4 7715/4/4
f 7712/2/4 7713/2/4 7716/2/4
f 7715/4/4 7712/4/4 7716/4/4
f 7713/3/4 7714/3/4 7717/3/4
f 7716/2/4 7713/2/4 7717/2/4
f 7717/3/4 7714/3/4 7718/3/4
f 7715/6/4 7716/6/4 7719/6/4
f 7716/6/4 7717/6/4 7719/6/4
f 7717/6/4 7718/6/4 7719/6/4
f 7719/6/4 7718/6/4 7720/6/4
f 7721/6/4 7722/6/4 7723/6/4
f 7723/6/4 7722/6/4 7724/6/4
f 7723/4/4 7724/4/4 7725/4/4
f 7725/4/4 7724/4/4 7726/4/4
f 7726/4/4 7724/4/4 7727/4/4
f 7725/4/4 7726/4/4 7728/4/4
f 7726/2/4 7727/2/4 7729/2/4
f 7728/4/4 7726/4/4 7729/4/4
f 7729/2/4 7727/2/4 7730/2/4
f 7728/2/4 7729/2/4 7731/2/4
f 7729/3/4 7730/3/4 7732/3/4
f 7731/2/4 7729/2/4 7732/2/4
f 7732/3/4 7730/3/4 7733/3/4
f 7731/4/4 7732/4/4 7734/4/4
f 7732/4/4 7733/4/4 7734/4/4
f 7734/4/4 7733/4/4 7735/4/4
f 7735/4/4 7733/4/4 7736/4/4
f 7734/4/4 7735/4/4 7737/4/4
f 7735/3/4 7736/3/4 7738/3/4
f 7737/4/4 7735/4/4 7738/4/4
f 7738/3/4 7736/3/4 7739/3/4
f 7737/2/4 7738/2/4 7740/2/4
f 7738/2/4 7739/2/4 7740/2/4
f 7740/2/4 7739/2/4 7741/2/4
f 7741/2/4 7739/2/4 7742/2/4
f 7742/2/4 7739/2/4 7743/2/4
f 7741/2/4 7742/2/4 7744/2/4
f 7742/4/4 7743/4/4 7745/4/4
f 7744/2/4 7742/2/4 7745/2/4
f 7745/4/4 7743/4/4 7746/4/4
f 7744/2/4 7745/2/4 7747/2/4
f 7745/2/4 7746/2/4 7747/2/4
f 7747/2/4 7746/2/4 7748/2/4
f 7748/2/4 7746/2/4 7749/2/4
f 7749/2/4 7746/2/4 7750/2/4
f 7748/2/4 7749/2/4 7751/2/4
f 7749/3/4 7750/3/4 7751/3/4
f 7751/3/4 7750/3/4 7752/3/4
f 7748/2/4 7751/2/4 7753/2/4
f 7751/2/4 7752/2/4 7753/2/4
f 7753/2/4 7752/2/4 7754/2/4
f 7754/2/4 7752/2/4 7755/2/4
f 7753/2/4 7754/2/4 7756/2/4
f 7754/4/4 7755/4/4 7756/4/4
f 7756/4/4 7755/4/4 7757/4/4
f 7753/2/4 7756/2/4 7758/2/4
f 7756/2/4 7757/2/4 7758/2/4
f 7758/2/4 7757/2/4 7759/2/4
f 7758/3/4 7759/3/4 7760/3/4
f 7759/2/4 7757/2/4 7761/2/4
f 7760/3/4 7759/3/4 7761/3/4
f 7761/2/4 7757/2/4 7762/2/4
f 7760/3/4 7761/3/4 7763/3/4
f 7761/3/4 7762/3/4 7763/3/4
f 7763/3/4 7762/3/4 7764/3/4
f 7763/4/4 7764/4/4 7765/4/4
f 7764/3/4 7762/3/4 7766/3/4
f 7765/4/4 7764/4/4 7766/4/4
f 7765/2/4 7766/2/4 7767/2/4
f 7766/3/4 7762/3/4 7768/3/4
f 7767/2/4 7766/2/4 7768/2/4
f 7767/3/4 7768/3/4 7769/3/4
f 7768/3/4 7762/3/4 7770/3/4
f 7769/3/4 7768/3/4 7770/3/4
f 7770/3/4 7762/3/4 7771/3/4
f 7769/3/4 7770/3/4 7772/3/4
f 7770/2/4 7771/2/4 7773/2/4
f 7772/3/4 7770/3/4 7773/3/4
f 7772/2/4 7773/2/4 7774/2/4
f 7773/2/4 7771/2/4 7774/2/4
f 7774/2/4 7771/2/4 7775/2/4
f 7772/2/4 7774/2/4 7776/2/4
f 7774/3/4 7775/3/4 7777/3/4
f 7776/2/4 7774/2/4 7777/2/4
f 7776/3/4 7777/3/4 7778/3/4
f 7777/3/4 7775/3/4 7779/3/4
f 7778/3/4 7777/3/4 7779/3/4
f 7778/2/4 7779/2/4 7780/2/4
f 7780/2/4 7779/2/4 7781/2/4
f 7780/4/4 7781/4/4 7782/4/4
f 7781/2/4 7779/2/4 7783/2/4
f 7782/4/4 7781/4/4 7783/4/4
f 7783/2/4 7779/2/4 7784/2/4
f 7782/3/4 7783/3/4 7785/3/4
f 7783/3/4 7784/3/4 7785/3/4
f 7785/3/4 7784/3/4 7786/3/4
f 7786/3/4 7784/3/4 7787/3/4
f 7785/3/4 7786/3/4 7788/3/4
f 7786/2/4 7787/2/4 7789/2/4
f 7788/3/4 7786/3/4 7789/3/4
f 7789/2/4 7787/2/4 7790/2/4
f 7788/4/4 7789/4/4 7791/4/4
f 7789/3/4 7790/3/4 7792/3/4
f 7791/4/4 7789/4/4 7792/4/4
f 7792/3/4 7790/3/4 7793/3/4
f 7791/2/4 7792/2/4 7794/2/4
f 7792/2/4 7793/2/4 7794/2/4
f 7794/2/4 7793/2/4 7795/2/4
f 7791/2/4 7794/2/4 7796/2/4
f 7794/3/4 7795/3/4 7797/3/4
f 7796/2/4 7794/2/4 7797/2/4
f 7797/3/4 7795/3/4 7798/3/4
f 7796/4/4 7797/4/4 7799/4/4
f 7797/2/4 7798/2/4 7800/2/4
f 7799/4/4 7797/4/4 7800/4/4
f 7800/2/4 7798/2/4 7801/2/4
f 7799/2/4 7800/2/4 7802/2/4
f 7800/4/4 7801/4/4 7803/4/4
f 7802/2/4 7800/2/4 7803/2/4
f 7803/4/4 7801/4/4 7804/4/4
f 7802/3/4 7803/3/4 7805/3/4
f 7803/2/4 7804/2/4 7806/2/4
f 7805/3/4 7803/3/4 7806/3/4
f 7806/2/4 7804/2/4 7807/2/4
f 7805/4/4 7806/4/4 7808/4/4
f 7806/4/4 7807/4/4 7808/4/4
f 7808/4/4 7807/4/4 7809/4/4
f 7808/2/4 7809/2/4 7810/2/4
f 7810/2/4 7809/2/4 7811/2/4
f 7811/2/4 7809/2/4 7812/2/4
f 7810/2/4 7811/2/4 7813/2/4
f 7811/3/4 7812/3/4 7814/3/4
f 7813/2/4 7811/2/4 7814/2/4
f 7814/3/4 7812/3/4 7815/3/4
f 7813/4/4 7814/4/4 7816/4/4
f 7814/4/4 7815/4/4 7816/4/4
f 7816/4/4 7815/4/4 7817/4/4
f 7816/3/4 7817/3/4 7818/3/4
f 7818/3/4 7817/3/4 7819/3/4
f 7819/3/4 7817/3/4 7820/3/4
f 7819/4/4 7820/4/4 7821/4/4
f 7820/3/4 7817/3/4 7822/3/4
f 7821/4/4 7820/4/4 7822/4/4
f 7822/3/4 7817/3/4 7823/3/4
f 7821/2/4 7822/2/4 7824/2/4
f 7822/2/4 7823/2/4 7824/2/4
f 7824/2/4 7823/2/4 7825/2/4
f 7824/4/4 7825/4/4 7826/4/4
f 7826/4/4 7825/4/4 7827/4/4
f 7827/4/4 7825/4/4 7828/4/4
f 7826/2/4 7827/2/4 7829/2/4
f 7827/3/4 7828/3/4 7830/3/4
f 7829/2/4 7827/2/4 7830/2/4
f 7830/3/4 7828/3/4 7831/3/4
f 7829/3/4 7830/3/4 7832/3/4
f 7830/4/4 7831/4/4 7833/4/4
f 7832/3/4 7830/3/4 7833/3/4
f 7832/4/4 7833/4/4 7834/4/4
f 7833/4/4 7831/4/4 7835/4/4
f 7834/4/4 7833/4/4 7835/4/4
f 7834/2/4 7835/2/4 7836/2/4
f 7836/2/4 7835/2/4 7837/2/4
f 7837/2/4 7835/2/4 7838/2/4
f 7836/4/4 7837/4/4 7839/4/4
f 7837/3/4 7838/3/4 7840/3/4
f 7839/4/4 7837/4/4 7840/4/4
f 7840/3/4 7838/3/4 7841/3/4
f 7839/4/4 7840/4/4 7842/4/4
f 7840/2/4 7841/2/4 7843/2/4
f 7842/4/4 7840/4/4 7843/4/4
f 7842/2/4 7843/2/4 7844/2/4
f 7843/2/4 7841/2/4 7845/2/4
f 7844/2/4 7843/2/4 7845/2/4
f 7844/4/4 7845/4/4 7846/4/4
f 7846/4/4 7845/4/4 7847/4/4
f 7846/2/4 7847/2/4 7848/2/4
f 7848/2/4 7847/2/4 7849/2/4
f 7848/6/4 7849/6/4 7850/6/4
f 7850/6/4 7849/6/4 7851/6/4
f 7852/6/4 7853/6/4 7854/6/4
f 7854/6/4 7853/6/4 7855/6/4
f 7855/6/4 7853/6/4 7856/6/4
f 7855/3/4 7856/3/4 7857/3/4
f 7857/3/4 7856/3/4 7858/3/4
f 7858/3/4 7856/3/4 7859/3/4
f 7854/4/4 7855/4/4 7860/4/4
f 7855/3/4 7857/3/4 7860/3/4
f 7857/4/4 7858/4/4 7861/4/4
f 7860/3/4 7857/3/4 7861/3/4
f 7858/2/4 7859/2/4 7862/2/4
f 7861/4/4 7858/4/4 7862/4/4
f 7862/2/4 7859/2/4 7863/2/4
f 7860/4/4 7861/4/4 7864/4/4
f 7854/4/4 7860/4/4 7864/4/4
f 7864/4/4 7861/4/4 7865/4/4
f 7861/2/4 7862/2/4 7866/2/4
f 7865/4/4 7861/4/4 7866/4/4
f 7864/4/4 7865/4/4 7867/4/4
f 7865/2/4 7866/2/4 7868/2/4
f 7867/4/4 7865/4/4 7868/4/4
f 7866/2/4 7862/2/4 7869/2/4
f 7868/2/4 7866/2/4 7869/2/4
f 7862/3/4 7863/3/4 7870/3/4
f 7869/2/4 7862/2/4 7870/2/4
f 7870/3/4 7863/3/4 7871/3/4
f 7868/3/4 7869/3/4 7872/3/4
f 7869/4/4 7870/4/4 7872/4/4
f 7870/2/4 7871/2/4 7873/2/4
f 7872/4/4 7870/4/4 7873/4/4
f 7873/2/4 7871/2/4 7874/2/4
f 7867/2/4 7868/2/4 7875/2/4
f 7868/3/4 7872/3/4 7876/3/4
f 7875/2/4 7868/2/4 7876/2/4
f 7872/2/4 7873/2/4 7877/2/4
f 7876/3/4 7872/3/4 7877/3/4
f 7873/3/4 7874/3/4 7878/3/4
f 7877/2/4 7873/2/4 7878/2/4
f 7878/3/4 7874/3/4 7879/3/4
f 7875/2/4 7876/2/4 7880/2/4
f 7876/2/4 7877/2/4 7880/2/4
f 7878/2/4 7879/2/4 7880/2/4
f 7877/2/4 7878/2/4 7880/2/4
f 7880/2/4 7879/2/4 7881/2/4
f 7881/2/4 7879/2/4 7882/2/4
f 7880/3/4 7881/3/4 7883/3/4
f 7883/3/4 7881/3/4 7884/3/4
f 7884/3/4 7881/3/4 7885/3/4
f 7881/4/4 7882/4/4 7886/4/4
f 7885/3/4 7881/3/4 7886/3/4
f 7886/4/4 7882/4/4 7887/4/4
f 7883/4/4 7884/4/4 7888/4/4
f 7884/2/4 7885/2/4 7889/2/4
f 7885/4/4 7886/4/4 7889/4/4
f 7886/3/4 7887/3/4 7890/3/4
f 7889/4/4 7886/4/4 7890/4/4
f 7890/3/4 7887/3/4 7891/3/4
f 7888/4/4 7884/4/4 7892/4/4
f 7884/2/4 7889/2/4 7893/2/4
f 7892/4/4 7884/4/4 7893/4/4
f 7889/3/4 7890/3/4 7894/3/4
f 7893/2/4 7889/2/4 7894/2/4
f 7890/4/4 7891/4/4 7895/4/4
f 7894/3/4 7890/3/4 7895/3/4
f 7895/4/4 7891/4/4 7896/4/4
f 7892/2/4 7893/2/4 7897/2/4
f 7893/2/4 7894/2/4 7897/2/4
f 7897/2/4 7894/2/4 7898/2/4
f 7894/4/4 7895/4/4 7899/4/4
f 7898/2/4 7894/2/4 7899/2/4
f 7895/3/4 7896/3/4 7900/3/4
f 7899/4/4 7895/4/4 7900/4/4
f 7898/2/4 7899/2/4 7901/2/4
f 7897/4/4 7898/4/4 7901/4/4
f 7899/2/4 7900/2/4 7901/2/4
f 7901/2/4 7900/2/4 7902/2/4
f 7900/3/4 7896/3/4 7903/3/4
f 7902/2/4 7900/2/4 7903/2/4
f 7903/3/4 7896/3/4 7904/3/4
f 7901/4/4 7902/4/4 7905/4/4
f 7897/4/4 7901/4/4 7905/4/4
f 7903/2/4 7904/2/4 7906/2/4
f 7905/4/4 7902/4/4 7906/4/4
f 7902/2/4 7903/2/4 7906/2/4
f 7905/2/4 7906/2/4 7907/2/4
f 7907/2/4 7906/2/4 7908/2/4
f 7906/2/4 7904/2/4 7909/2/4
f 7908/2/4 7906/2/4 7909/2/4
f 7907/2/4 7908/2/4 7910/2/4
f 7908/3/4 7909/3/4 7911/3/4
f 7910/2/4 7908/2/4 7911/2/4
f 7911/3/4 7909/3/4 7912/3/4
f 7912/3/4 7909/3/4 7913/3/4
f 7913/3/4 7909/3/4 7914/3/4
f 7910/3/4 7911/3/4 7915/3/4
f 7911/4/4 7912/4/4 7916/4/4
f 7915/3/4 7911/3/4 7916/3/4
f 7912/2/4 7913/2/4 7917/2/4
f 7916/4/4 7912/4/4 7917/4/4
f 7915/3/4 7916/3/4 7918/3/4
f 7916/3/4 7917/3/4 7918/3/4
f 7918/3/4 7917/3/4 7919/3/4
f 7917/2/4 7913/2/4 7920/2/4
f 7919/3/4 7917/3/4 7920/3/4
f 7913/4/4 7914/4/4 7921/4/4
f 7920/2/4 7913/2/4 7921/2/4
f 7921/4/4 7914/4/4 7922/4/4
f 7918/4/4 7919/4/4 7923/4/4
f 7919/3/4 7920/3/4 7923/3/4
f 7920/4/4 7921/4/4 7924/4/4
f 7923/3/4 7920/3/4 7924/3/4
f 7921/2/4 7922/2/4 7925/2/4
f 7924/4/4 7921/4/4 7925/4/4
f 7925/2/4 7922/2/4 7926/2/4
f 7923/4/4 7924/4/4 7927/4/4
f 7918/4/4 7923/4/4 7927/4/4
f 7924/4/4 7925/4/4 7927/4/4
f 7927/4/4 7925/4/4 7928/4/4
f 7928/4/4 7925/4/4 7929/4/4
f 7925/3/4 7926/3/4 7930/3/4
f 7929/4/4 7925/4/4 7930/4/4
f 7930/3/4 7926/3/4 7931/3/4
f 7927/4/4 7928/4/4 7932/4/4
f 7928/3/4 7929/3/4 7933/3/4
f 7932/4/4 7928/4/4 7933/4/4
f 7929/4/4 7930/4/4 7934/4/4
f 7933/3/4 7929/3/4 7934/3/4
f 7930/4/4 7931/4/4 7934/4/4
f 7934/4/4 7931/4/4 7935/4/4
f 7932/2/4 7933/2/4 7936/2/4
f 7933/2/4 7934/2/4 7936/2/4
f 7934/2/4 7935/2/4 7936/2/4
f 7936/2/4 7935/2/4 7937/2/4
f 7937/2/4 7935/2/4 7938/2/4
f 7936/3/4 7937/3/4 7939/3/4
f 7937/4/4 7938/4/4 7939/4/4
f 7938/2/4 7935/2/4 7940/2/4
f 7939/4/4 7938/4/4 7940/4/4
f 7940/2/4 7935/2/4 7941/2/4
f 7941/2/4 7935/2/4 7942/2/4
f 7936/3/4 7939/3/4 7943/3/4
f 7939/2/4 7940/2/4 7944/2/4
f 7943/3/4 7939/3/4 7944/3/4
f 7940/2/4 7941/2/4 7944/2/4
f 7944/2/4 7941/2/4 7945/2/4
f 7941/4/4 7942/4/4 7946/4/4
f 7945/2/4 7941/2/4 7946/2/4
f 7944/2/4 7945/2/4 7947/2/4
f 7943/2/4 7944/2/4 7947/2/4
f 7945/3/4 7946/3/4 7948/3/4
f 7947/2/4 7945/2/4 7948/2/4
f 7946/4/4 7942/4/4 7949/4/4
f 7948/3/4 7946/3/4 7949/3/4
f 7947/4/4 7948/4/4 7950/4/4
f 7948/4/4 7949/4/4 7950/4/4
f 7950/4/4 7949/4/4 7951/4/4
f 7949/4/4 7942/4/4 7952/4/4
f 7951/4/4 7949/4/4 7952/4/4
f 7950/4/4 7951/4/4 7953/4/4
f 7951/2/4 7952/2/4 7954/2/4
f 7953/4/4 7951/4/4 7954/4/4
f 7954/2/4 7952/2/4 7955/2/4
f 7955/2/4 7952/2/4 7956/2/4
f 7956/2/4 7952/2/4 7957/2/4
f 7953/2/4 7954/2/4 7958/2/4
f 7954/2/4 7955/2/4 7958/2/4
f 7955/4/4 7956/4/4 7959/4/4
f 7958/2/4 7955/2/4 7959/2/4
f 7956/3/4 7957/3/4 7960/3/4
f 7959/4/4 7956/4/4 7960/4/4
f 7960/3/4 7957/3/4 7961/3/4
f 7958/2/4 7959/2/4 7962/2/4
f 7959/2/4 7960/2/4 7962/2/4
f 7960/2/4 7961/2/4 7962/2/4
f 7962/2/4 7961/2/4 7963/2/4
f 7963/2/4 7961/2/4 7964/2/4
f 7962/4/4 7963/4/4 7965/4/4
f 7963/3/4 7964/3/4 7966/3/4
f 7965/4/4 7963/4/4 7966/4/4
f 7964/2/4 7961/2/4 7967/2/4
f 7967/2/4 7961/2/4 7968/2/4
f 7965/3/4 7966/3/4 7969/3/4
f 7966/3/4 7964/3/4 7970/3/4
f 7969/3/4 7966/3/4 7970/3/4
f 7964/2/4 7967/2/4 7970/2/4
f 7969/2/4 7970/2/4 7971/2/4
f 7971/2/4 7970/2/4 7972/2/4
f 7967/4/4 7968/4/4 7973/4/4
f 7972/2/4 7970/2/4 7973/2/4
f 7970/2/4 7967/2/4 7973/2/4
f 7973/4/4 7968/4/4 7974/4/4
f 7971/4/4 7972/4/4 7975/4/4
f 7972/3/4 7973/3/4 7976/3/4
f 7975/4/4 7972/4/4 7976/4/4
f 7976/3/4 7973/3/4 7977/3/4
f 7973/2/4 7974/2/4 7978/2/4
f 7977/3/4 7973/3/4 7978/3/4
f 7978/2/4 7974/2/4 7979/2/4
f 7975/3/4 7976/3/4 7980/3/4
f 7976/2/4 7977/2/4 7981/2/4
f 7980/3/4 7976/3/4 7981/3/4
f 7977/3/4 7978/3/4 7982/3/4
f 7981/2/4 7977/2/4 7982/2/4
f 7978/3/4 7979/3/4 7982/3/4
f 7982/3/4 7979/3/4 7983/3/4
f 7980/2/4 7981/2/4 7984/2/4
f 7981/2/4 7982/2/4 7984/2/4
f 7982/2/4 7983/2/4 7984/2/4
f 7984/2/4 7983/2/4 7985/2/4
f 7985/2/4 7983/2/4 7986/2/4
f 7986/2/4 7983/2/4 7987/2/4
f 7987/2/4 7983/2/4 7988/2/4
f 7984/4/4 7985/4/4 7989/4/4
f 7985/3/4 7986/3/4 7990/3/4
f 7989/4/4 7985/4/4 7990/4/4
f 7986/4/4 7987/4/4 7991/4/4
f 7990/3/4 7986/3/4 7991/3/4
f 7987/3/4 7988/3/4 7992/3/4
f 7991/4/4 7987/4/4 7992/4/4
f 7992/3/4 7988/3/4 7993/3/4
f 7989/2/4 7990/2/4 7994/2/4
f 7990/3/4 7991/3/4 7995/3/4
f 7994/2/4 7990/2/4 7995/2/4
f 7991/3/4 7992/3/4 7995/3/4
f 7995/3/4 7992/3/4 7996/3/4
f 7992/4/4 7993/4/4 7997/4/4
f 7996/3/4 7992/3/4 7997/3/4
f 7997/4/4 7993/4/4 7998/4/4
f 7994/3/4 7995/3/4 7999/3/4
f 7995/2/4 7996/2/4 8000/2/4
f 7999/3/4 7995/3/4 8000/3/4
f 7996/3/4 7997/3/4 8001/3/4
f 8000/2/4 7996/2/4 8001/2/4
f 7997/3/4 7998/3/4 8001/3/4
f 8001/3/4 7998/3/4 8002/3/4
f 7999/4/4 8000/4/4 8003/4/4
f 8000/4/4 8001/4/4 8003/4/4
f 8003/4/4 8001/4/4 8004/4/4
f 8001/2/4 8002/2/4 8005/2/4
f 8004/4/4 8001/4/4 8005/4/4
f 8005/2/4 8002/2/4 8006/2/4
f 8006/2/4 8002/2/4 8007/2/4
f 8003/3/4 8004/3/4 8008/3/4
f 8004/2/4 8005/2/4 8009/2/4
f 8008/3/4 8004/3/4 8009/3/4
f 8005/4/4 8006/4/4 8010/4/4
f 8009/2/4 8005/2/4 8010/2/4
f 8006/3/4 8007/3/4 8011/3/4
f 8010/4/4 8006/4/4 8011/4/4
f 8011/3/4 8007/3/4 8012/3/4
f 8008/2/4 8009/2/4 8013/2/4
f 8009/2/4 8010/2/4 8013/2/4
f 8011/2/4 8012/2/4 8013/2/4
f 8010/2/4 8011/2/4 8013/2/4
f 8013/2/4 8012/2/4 8014/2/4
f 8014/2/4 8012/2/4 8015/2/4
f 8015/2/4 8012/2/4 8016/2/4
f 8013/2/4 8014/2/4 8017/2/4
f 8014/3/4 8015/3/4 8018/3/4
f 8017/2/4 8014/2/4 8018/2/4
f 8015/4/4 8016/4/4 8019/4/4
f 8018/3/4 8015/3/4 8019/3/4
f 8019/4/4 8016/4/4 8020/4/4
f 8020/4/4 8016/4/4 8021/4/4
f 8017/4/4 8018/4/4 8022/4/4
f 8018/3/4 8019/3/4 8023/3/4
f 8022/4/4 8018/4/4 8023/4/4
f 8019/3/4 8020/3/4 8023/3/4
f 8020/2/4 8021/2/4 8024/2/4
f 8023/3/4 8020/3/4 8024/3/4
f 8024/2/4 8021/2/4 8025/2/4
f 8022/2/4 8023/2/4 8026/2/4
f 8023/3/4 8024/3/4 8027/3/4
f 8024/4/4 8025/4/4 8028/4/4
f 8027/3/4 8024/3/4 8028/3/4
f 8028/4/4 8025/4/4 8029/4/4
f 8026/2/4 8023/2/4 8030/2/4
f 8023/3/4 8027/3/4 8031/3/4
f 8030/2/4 8023/2/4 8031/2/4
f 8027/2/4 8028/2/4 8032/2/4
f 8031/3/4 8027/3/4 8032/3/4
f 8028/3/4 8029/3/4 8033/3/4
f 8032/2/4 8028/2/4 8033/2/4
f 8033/3/4 8029/3/4 8034/3/4
f 8030/2/4 8031/2/4 8035/2/4
f 8031/2/4 8032/2/4 8035/2/4
f 8033/2/4 8034/2/4 8035/2/4
f 8032/2/4 8033/2/4 8035/2/4
f 8035/2/4 8034/2/4 8036/2/4
f 8036/2/4 8034/2/4 8037/2/4
f 8037/2/4 8034/2/4 8038/2/4
f 8038/2/4 8034/2/4 8039/2/4
f 8036/3/4 8037/3/4 8040/3/4
f 8037/4/4 8038/4/4 8040/4/4
f 8038/3/4 8039/3/4 8041/3/4
f 8040/4/4 8038/4/4 8041/4/4
f 8041/3/4 8039/3/4 8042/3/4
f 8035/4/4 8036/4/4 8043/4/4
f 8040/2/4 8041/2/4 8044/2/4
f 8041/4/4 8042/4/4 8044/4/4
f 8044/4/4 8042/4/4 8045/4/4
f 8043/4/4 8036/4/4 8046/4/4
f 8036/3/4 8040/3/4 8047/3/4
f 8046/4/4 8036/4/4 8047/4/4
f 8040/2/4 8044/2/4 8048/2/4
f 8047/3/4 8040/3/4 8048/3/4
f 8044/3/4 8045/3/4 8049/3/4
f 8048/2/4 8044/2/4 8049/2/4
f 8049/3/4 8045/3/4 8050/3/4
f 8046/2/4 8047/2/4 8051/2/4
f 8047/2/4 8048/2/4 8051/2/4
f 8051/2/4 8048/2/4 8052/2/4
f 8048/3/4 8049/3/4 8053/3/4
f 8052/2/4 8048/2/4 8053/2/4
f 8049/2/4 8050/2/4 8054/2/4
f 8053/3/4 8049/3/4 8054/3/4
f 8054/2/4 8050/2/4 8055/2/4
f 8051/3/4 8052/3/4 8056/3/4
f 8052/4/4 8053/4/4 8057/4/4
f 8056/3/4 8052/3/4 8057/3/4
f 8053/4/4 8054/4/4 8057/4/4
f 8054/3/4 8055/3/4 8058/3/4
f 8057/4/4 8054/4/4 8058/4/4
f 8058/3/4 8055/3/4 8059/3/4
f 8056/6/4 8057/6/4 8060/6/4
f 8057/6/4 8058/6/4 8060/6/4
f 8058/6/4 8059/6/4 8060/6/4
f 8060/6/4 8059/6/4 8061/6/4
f 8062/6/4 8063/6/4 8064/6/4
f 8064/6/4 8063/6/4 8065/6/4
f 8064/3/4 8065/3/4 8066/3/4
f 8066/3/4 8065/3/4 8067/3/4
f 8066/2/4 8067/2/4 8068/2/4
f 8067/3/4 8065/3/4 8069/3/4
f 8068/2/4 8067/2/4 8069/2/4
f 8068/4/4 8069/4/4 8070/4/4
f 8069/3/4 8065/3/4 8071/3/4
f 8070/4/4 8069/4/4 8071/4/4
f 8071/3/4 8065/3/4 8072/3/4
f 8070/4/4 8071/4/4 8073/4/4
f 8071/4/4 8072/4/4 8073/4/4
f 8073/4/4 8072/4/4 8074/4/4
f 8074/4/4 8072/4/4 8075/4/4
f 8075/4/4 8072/4/4 8076/4/4
f 8075/2/4 8076/2/4 8077/2/4
f 8077/2/4 8076/2/4 8078/2/4
f 8077/4/4 8078/4/4 8079/4/4
f 8079/4/4 8078/4/4 8080/4/4
f 8079/3/4 8080/3/4 8081/3/4
f 8081/3/4 8080/3/4 8082/3/4
f 8082/3/4 8080/3/4 8083/3/4
f 8081/4/4 8082/4/4 8084/4/4
f 8082/2/4 8083/2/4 8085/2/4
f 8084/4/4 8082/4/4 8085/4/4
f 8085/2/4 8083/2/4 8086/2/4
f 8084/2/4 8085/2/4 8087/2/4
f 8085/3/4 8086/3/4 8088/3/4
f 8087/2/4 8085/2/4 8088/2/4
f 8088/3/4 8086/3/4 8089/3/4
f 8087/2/4 8088/2/4 8090/2/4
f 8088/4/4 8089/4/4 8091/4/4
f 8090/2/4 8088/2/4 8091/2/4
f 8090/4/4 8091/4/4 8092/4/4
f 8091/4/4 8089/4/4 8093/4/4
f 8092/4/4 8091/4/4 8093/4/4
f 8092/2/4 8093/2/4 8094/2/4
f 8094/2/4 8093/2/4 8095/2/4
f 8095/2/4 8093/2/4 8096/2/4
f 8094/2/4 8095/2/4 8097/2/4
f 8097/2/4 8095/2/4 8098/2/4
f 8095/4/4 8096/4/4 8099/4/4
f 8098/2/4 8095/2/4 8099/2/4
f 8099/4/4 8096/4/4 8100/4/4
f 8098/2/4 8099/2/4 8101/2/4
f 8101/2/4 8099/2/4 8102/2/4
f 8099/3/4 8100/3/4 8103/3/4
f 8102/2/4 8099/2/4 8103/2/4
f 8103/3/4 8100/3/4 8104/3/4
f 8102/2/4 8103/2/4 8105/2/4
f 8103/4/4 8104/4/4 8106/4/4
f 8105/2/4 8103/2/4 8106/2/4
f 8106/4/4 8104/4/4 8107/4/4
f 8105/2/4 8106/2/4 8108/2/4
f 8106/2/4 8107/2/4 8108/2/4
f 8108/2/4 8107/2/4 8109/2/4
f 8108/3/4 8109/3/4 8110/3/4
f 8109/2/4 8107/2/4 8111/2/4
f 8110/3/4 8109/3/4 8111/3/4
f 8110/4/4 8111/4/4 8112/4/4
f 8111/2/4 8107/2/4 8113/2/4
f 8112/4/4 8111/4/4 8113/4/4
f 8113/2/4 8107/2/4 8114/2/4
f 8112/3/4 8113/3/4 8115/3/4
f 8115/3/4 8113/3/4 8116/3/4
f 8113/4/4 8114/4/4 8117/4/4
f 8116/3/4 8113/3/4 8117/3/4
f 8117/4/4 8114/4/4 8118/4/4
f 8116/4/4 8117/4/4 8119/4/4
f 8117/3/4 8118/3/4 8120/3/4
f 8119/4/4 8117/4/4 8120/4/4
f 8119/2/4 8120/2/4 8121/2/4
f 8120/3/4 8118/3/4 8122/3/4
f 8121/2/4 8120/2/4 8122/2/4
f 8122/3/4 8118/3/4 8123/3/4
f 8121/2/4 8122/2/4 8124/2/4
f 8122/2/4 8123/2/4 8124/2/4
f 8124/2/4 8123/2/4 8125/2/4
f 8124/4/4 8125/4/4 8126/4/4
f 8125/2/4 8123/2/4 8127/2/4
f 8126/4/4 8125/4/4 8127/4/4
f 8127/2/4 8123/2/4 8128/2/4
f 8126/3/4 8127/3/4 8129/3/4
f 8127/4/4 8128/4/4 8130/4/4
f 8129/3/4 8127/3/4 8130/3/4
f 8129/2/4 8130/2/4 8131/2/4
f 8130/4/4 8128/4/4 8132/4/4
f 8131/2/4 8130/2/4 8132/2/4
f 8132/4/4 8128/4/4 8133/4/4
f 8131/2/4 8132/2/4 8134/2/4
f 8132/3/4 8133/3/4 8135/3/4
f 8134/2/4 8132/2/4 8135/2/4
f 8135/3/4 8133/3/4 8136/3/4
f 8134/3/4 8135/3/4 8137/3/4
f 8135/4/4 8136/4/4 8138/4/4
f 8137/3/4 8135/3/4 8138/3/4
f 8138/4/4 8136/4/4 8139/4/4
f 8137/2/4 8138/2/4 8140/2/4
f 8138/2/4 8139/2/4 8140/2/4
f 8140/2/4 8139/2/4 8141/2/4
f 8141/2/4 8139/2/4 8142/2/4
f 8140/3/4 8141/3/4 8143/3/4
f 8141/4/4 8142/4/4 8144/4/4
f 8143/3/4 8141/3/4 8144/3/4
f 8144/4/4 8142/4/4 8145/4/4
f 8143/3/4 8144/3/4 8146/3/4
f 8144/3/4 8145/3/4 8146/3/4
f 8146/3/4 8145/3/4 8147/3/4
f 8146/4/4 8147/4/4 8148/4/4
f 8148/4/4 8147/4/4 8149/4/4
f 8148/3/4 8149/3/4 8150/3/4
f 8150/3/4 8149/3/4 8151/3/4
f 8151/3/4 8149/3/4 8152/3/4
f 8150/3/4 8151/3/4 8153/3/4
f 8151/2/4 8152/2/4 8154/2/4
f 8153/3/4 8151/3/4 8154/3/4
f 8153/2/4 8154/2/4 8155/2/4
f 8154/2/4 8152/2/4 8156/2/4
f 8155/2/4 8154/2/4 8156/2/4
f 8155/3/4 8156/3/4 8157/3/4
f 8157/3/4 8156/3/4 8158/3/4
f 8157/2/4 8158/2/4 8159/2/4
f 8159/2/4 8158/2/4 8160/2/4
f 8159/3/4 8160/3/4 8161/3/4
f 8160/2/4 8158/2/4 8161/2/4
f 8161/2/4 8158/2/4 8162/2/4
f 8159/3/4 8161/3/4 8163/3/4
f 8161/3/4 8162/3/4 8163/3/4
f 8163/3/4 8162/3/4 8164/3/4
f 8163/2/4 8164/2/4 8165/2/4
f 8165/2/4 8164/2/4 8166/2/4
f 8165/4/4 8166/4/4 8167/4/4
f 8166/2/4 8164/2/4 8168/2/4
f 8167/4/4 8166/4/4 8168/4/4
f 8167/2/4 8168/2/4 8169/2/4
f 8168/2/4 8164/2/4 8170/2/4
f 8169/2/4 8168/2/4 8170/2/4
f 8170/2/4 8164/2/4 8171/2/4
f 8169/4/4 8170/4/4 8172/4/4
f 8170/3/4 8171/3/4 8173/3/4
f 8172/4/4 8170/4/4 8173/4/4
f 8173/3/4 8171/3/4 8174/3/4
f 8172/2/4 8173/2/4 8175/2/4
f 8173/4/4 8174/4/4 8176/4/4
f 8175/2/4 8173/2/4 8176/2/4
f 8176/4/4 8174/4/4 8177/4/4
f 8175/3/4 8176/3/4 8178/3/4
f 8176/2/4 8177/2/4 8179/2/4
f 8178/3/4 8176/3/4 8179/3/4
f 8179/2/4 8177/2/4 8180/2/4
f 8178/6/4 8179/6/4 8181/6/4
f 8179/6/4 8180/6/4 8181/6/4
f 8181/6/4 8180/6/4 8182/6/4
f 8183/6/4 8184/6/4 8185/6/4
f 8185/6/4 8184/6/4 8186/6/4
f 8185/2/4 8186/2/4 8187/2/4
f 8187/2/4 8186/2/4 8188/2/4
f 8188/2/4 8186/2/4 8189/2/4
f 8189/2/4 8186/2/4 8190/2/4
f 8188/2/4 8189/2/4 8191/2/4
f 8189/4/4 8190/4/4 8192/4/4
f 8191/2/4 8189/2/4 8192/2/4
f 8192/4/4 8190/4/4 8193/4/4
f 8191/2/4 8192/2/4 8194/2/4
f 8192/3/4 8193/3/4 8195/3/4
f 8194/2/4 8192/2/4 8195/2/4
f 8195/3/4 8193/3/4 8196/3/4
f 8194/2/4 8195/2/4 8197/2/4
f 8195/2/4 8196/2/4 8197/2/4
f 8197/2/4 8196/2/4 8198/2/4
f 8198/2/4 8196/2/4 8199/2/4
f 8197/2/4 8198/2/4 8200/2/4
f 8198/3/4 8199/3/4 8201/3/4
f 8200/2/4 8198/2/4 8201/2/4
f 8201/3/4 8199/3/4 8202/3/4
f 8200/2/4 8201/2/4 8203/2/4
f 8201/2/4 8202/2/4 8203/2/4
f 8203/2/4 8202/2/4 8204/2/4
f 8204/2/4 8202/2/4 8205/2/4
f 8205/2/4 8202/2/4 8206/2/4
f 8203/3/4 8204/3/4 8207/3/4
f 8204/4/4 8205/4/4 8208/4/4
f 8207/3/4 8204/3/4 8208/3/4
f 8205/3/4 8206/3/4 8209/3/4
f 8208/4/4 8205/4/4 8209/4/4
f 8209/3/4 8206/3/4 8210/3/4
f 8207/4/4 8208/4/4 8211/4/4
f 8208/3/4 8209/3/4 8212/3/4
f 8211/4/4 8208/4/4 8212/4/4
f 8209/4/4 8210/4/4 8213/4/4
f 8212/3/4 8209/3/4 8213/3/4
f 8213/4/4 8210/4/4 8214/4/4
f 8211/3/4 8212/3/4 8215/3/4
f 8212/2/4 8213/2/4 8216/2/4
f 8215/3/4 8212/3/4 8216/3/4
f 8213/3/4 8214/3/4 8217/3/4
f 8216/2/4 8213/2/4 8217/2/4
f 8217/3/4 8214/3/4 8218/3/4
f 8215/2/4 8216/2/4 8219/2/4
f 8216/4/4 8217/4/4 8220/4/4
f 8219/2/4 8216/2/4 8220/2/4
f 8217/2/4 8218/2/4 8221/2/4
f 8220/4/4 8217/4/4 8221/4/4
f 8221/2/4 8218/2/4 8222/2/4
f 8219/4/4 8220/4/4 8223/4/4
f 8220/4/4 8221/4/4 8223/4/4
f 8221/4/4 8222/4/4 8223/4/4
f 8223/4/4 8222/4/4 8224/4/4
f 8224/4/4 8222/4/4 8225/4/4
f 8225/4/4 8222/4/4 8226/4/4
f 8223/4/4 8224/4/4 8227/4/4
f 8224/2/4 8225/2/4 8228/2/4
f 8227/4/4 8224/4/4 8228/4/4
f 8225/3/4 8226/3/4 8229/3/4
f 8228/2/4 8225/2/4 8229/2/4
f 8229/3/4 8226/3/4 8230/3/4
f 8227/2/4 8228/2/4 8231/2/4
f 8228/2/4 8229/2/4 8231/2/4
f 8229/2/4 8230/2/4 8231/2/4
f 8231/2/4 8230/2/4 8232/2/4
f 8232/2/4 8230/2/4 8233/2/4
f 8231/2/4 8232/2/4 8234/2/4
f 8232/3/4 8233/3/4 8234/3/4
f 8234/3/4 8233/3/4 8235/3/4
f 8235/3/4 8233/3/4 8236/3/4
f 8231/2/4 8234/2/4 8237/2/4
f 8234/4/4 8235/4/4 8238/4/4
f 8237/2/4 8234/2/4 8238/2/4
f 8235/2/4 8236/2/4 8239/2/4
f 8238/4/4 8235/4/4 8239/4/4
f 8239/2/4 8236/2/4 8240/2/4
f 8237/2/4 8238/2/4 8241/2/4
f 8238/2/4 8239/2/4 8241/2/4
f 8239/4/4 8240/4/4 8242/4/4
f 8241/2/4 8239/2/4 8242/2/4
f 8242/4/4 8240/4/4 8243/4/4
f 8237/2/4 8241/2/4 8244/2/4
f 8241/3/4 8242/3/4 8245/3/4
f 8244/2/4 8241/2/4 8245/2/4
f 8242/2/4 8243/2/4 8246/2/4
f 8245/3/4 8242/3/4 8246/3/4
f 8246/2/4 8243/2/4 8247/2/4
f 8244/4/4 8245/4/4 8248/4/4
f 8245/4/4 8246/4/4 8248/4/4
f 8248/4/4 8246/4/4 8249/4/4
f 8246/3/4 8247/3/4 8250/3/4
f 8249/4/4 8246/4/4 8250/4/4
f 8248/4/4 8249/4/4 8251/4/4
f 8249/2/4 8250/2/4 8252/2/4
f 8251/4/4 8249/4/4 8252/4/4
f 8250/3/4 8247/3/4 8253/3/4
f 8252/2/4 8250/2/4 8253/2/4
f 8253/3/4 8247/3/4 8254/3/4
f 8251/2/4 8252/2/4 8255/2/4
f 8252/2/4 8253/2/4 8255/2/4
f 8253/2/4 8254/2/4 8255/2/4
f 8255/2/4 8254/2/4 8256/2/4
f 8256/2/4 8254/2/4 8257/2/4
f 8257/2/4 8254/2/4 8258/2/4
f 8255/4/4 8256/4/4 8259/4/4
f 8256/2/4 8257/2/4 8260/2/4
f 8259/4/4 8256/4/4 8260/4/4
f 8257/4/4 8258/4/4 8261/4/4
f 8260/2/4 8257/2/4 8261/2/4
f 8261/4/4 8258/4/4 8262/4/4
f 8259/2/4 8260/2/4 8263/2/4
f 8260/2/4 8261/2/4 8263/2/4
f 8263/2/4 8261/2/4 8264/2/4
f 8261/3/4 8262/3/4 8265/3/4
f 8264/2/4 8261/2/4 8265/2/4
f 8263/4/4 8264/4/4 8266/4/4
f 8264/3/4 8265/3/4 8267/3/4
f 8266/4/4 8264/4/4 8267/4/4
f 8265/3/4 8262/3/4 8268/3/4
f 8267/3/4 8265/3/4 8268/3/4
f 8268/3/4 8262/3/4 8269/3/4
f 8266/4/4 8267/4/4 8270/4/4
f 8267/2/4 8268/2/4 8271/2/4
f 8270/4/4 8267/4/4 8271/4/4
f 8268/4/4 8269/4/4 8272/4/4
f 8271/2/4 8268/2/4 8272/2/4
f 8272/4/4 8269/4/4 8273/4/4
f 8270/4/4 8271/4/4 8274/4/4
f 8271/3/4 8272/3/4 8275/3/4
f 8274/4/4 8271/4/4 8275/4/4
f 8272/3/4 8273/3/4 8275/3/4
f 8275/3/4 8273/3/4 8276/3/4
f 8276/3/4 8273/3/4 8277/3/4
f 8274/2/4 8275/2/4 8278/2/4
f 8275/3/4 8276/3/4 8279/3/4
f 8278/2/4 8275/2/4 8279/2/4
f 8276/4/4 8277/4/4 8280/4/4
f 8279/3/4 8276/3/4 8280/3/4
f 8280/4/4 8277/4/4 8281/4/4
f 8278/4/4 8279/4/4 8282/4/4
f 8279/2/4 8280/2/4 8283/2/4
f 8282/4/4 8279/4/4 8283/4/4
f 8280/2/4 8281/2/4 8283/2/4
f 8282/2/4 8283/2/4 8284/2/4
f 8283/2/4 8281/2/4 8285/2/4
f 8284/2/4 8283/2/4 8285/2/4
f 8285/2/4 8281/2/4 8286/2/4
f 8286/2/4 8281/2/4 8287/2/4
f 8284/2/4 8285/2/4 8288/2/4
f 8285/3/4 8286/3/4 8289/3/4
f 8288/2/4 8285/2/4 8289/2/4
f 8286/4/4 8287/4/4 8290/4/4
f 8289/3/4 8286/3/4 8290/3/4
f 8290/4/4 8287/4/4 8291/4/4
f 8288/2/4 8289/2/4 8292/2/4
f 8289/2/4 8290/2/4 8292/2/4
f 8290/3/4 8291/3/4 8293/3/4
f 8292/2/4 8290/2/4 8293/2/4
f 8293/3/4 8291/3/4 8294/3/4
f 8292/2/4 8293/2/4 8295/2/4
f 8293/4/4 8294/4/4 8296/4/4
f 8295/2/4 8293/2/4 8296/2/4
f 8296/4/4 8294/4/4 8297/4/4
f 8292/2/4 8295/2/4 8298/2/4
f 8295/4/4 8296/4/4 8299/4/4
f 8298/2/4 8295/2/4 8299/2/4
f 8296/2/4 8297/2/4 8300/2/4
f 8299/4/4 8296/4/4 8300/4/4
f 8300/2/4 8297/2/4 8301/2/4
f 8298/2/4 8299/2/4 8302/2/4
f 8299/2/4 8300/2/4 8302/2/4
f 8300/4/4 8301/4/4 8303/4/4
f 8302/2/4 8300/2/4 8303/2/4
f 8303/4/4 8301/4/4 8304/4/4
f 8302/2/4 8303/2/4 8305/2/4
f 8303/2/4 8304/2/4 8305/2/4
f 8305/2/4 8304/2/4 8306/2/4
f 8305/4/4 8306/4/4 8307/4/4
f 8307/4/4 8306/4/4 8308/4/4
f 8306/2/4 8304/2/4 8309/2/4
f 8308/4/4 8306/4/4 8309/4/4
f 8309/2/4 8304/2/4 8310/2/4
f 8307/2/4 8308/2/4 8311/2/4
f 8308/3/4 8309/3/4 8311/3/4
f 8309/3/4 8310/3/4 8311/3/4
f 8311/3/4 8310/3/4 8312/3/4
f 8307/2/4 8311/2/4 8313/2/4
f 8311/2/4 8312/2/4 8313/2/4
f 8313/2/4 8312/2/4 8314/2/4
f 8313/3/4 8314/3/4 8315/3/4
f 8314/2/4 8312/2/4 8316/2/4
f 8315/3/4 8314/3/4 8316/3/4
f 8312/3/4 8310/3/4 8317/3/4
f 8316/2/4 8312/2/4 8317/2/4
f 8317/3/4 8310/3/4 8318/3/4
f 8315/4/4 8316/4/4 8319/4/4
f 8316/3/4 8317/3/4 8320/3/4
f 8319/4/4 8316/4/4 8320/4/4
f 8317/4/4 8318/4/4 8321/4/4
f 8320/3/4 8317/3/4 8321/3/4
f 8321/4/4 8318/4/4 8322/4/4
f 8319/2/4 8320/2/4 8323/2/4
f 8320/2/4 8321/2/4 8323/2/4
f 8321/2/4 8322/2/4 8323/2/4
f 8323/2/4 8322/2/4 8324/2/4
f 8324/2/4 8322/2/4 8325/2/4
f 8325/2/4 8322/2/4 8326/2/4
f 8323/3/4 8324/3/4 8327/3/4
f 8324/4/4 8325/4/4 8328/4/4
f 8327/3/4 8324/3/4 8328/3/4
f 8325/3/4 8326/3/4 8329/3/4
f 8328/4/4 8325/4/4 8329/4/4
f 8329/3/4 8326/3/4 8330/3/4
f 8327/2/4 8328/2/4 8331/2/4
f 8328/4/4 8329/4/4 8332/4/4
f 8331/2/4 8328/2/4 8332/2/4
f 8329/4/4 8330/4/4 8332/4/4
f 8332/4/4 8330/4/4 8333/4/4
f 8333/4/4 8330/4/4 8334/4/4
f 8331/3/4 8332/3/4 8335/3/4
f 8332/2/4 8333/2/4 8336/2/4
f 8335/3/4 8332/3/4 8336/3/4
f 8333/3/4 8334/3/4 8337/3/4
f 8336/2/4 8333/2/4 8337/2/4
f 8337/3/4 8334/3/4 8338/3/4
f 8335/2/4 8336/2/4 8339/2/4
f 8336/2/4 8337/2/4 8339/2/4
f 8337/2/4 8338/2/4 8339/2/4
f 8339/2/4 8338/2/4 8340/2/4
f 8340/2/4 8338/2/4 8341/2/4
f 8340/3/4 8341/3/4 8342/3/4
f 8342/3/4 8341/3/4 8343/3/4
f 8339/4/4 8340/4/4 8344/4/4
f 8340/3/4 8342/3/4 8345/3/4
f 8344/4/4 8340/4/4 8345/4/4
f 8342/2/4 8343/2/4 8346/2/4
f 8345/3/4 8342/3/4 8346/3/4
f 8346/2/4 8343/2/4 8347/2/4
f 8344/3/4 8345/3/4 8348/3/4
f 8345/3/4 8346/3/4 8348/3/4
f 8348/3/4 8346/3/4 8349/3/4
f 8346/4/4 8347/4/4 8350/4/4
f 8349/3/4 8346/3/4 8350/3/4
f 8350/4/4 8347/4/4 8351/4/4
f 8348/4/4 8349/4/4 8352/4/4
f 8349/3/4 8350/3/4 8353/3/4
f 8350/3/4 8351/3/4 8353/3/4
f 8353/3/4 8351/3/4 8354/3/4
f 8352/4/4 8349/4/4 8355/4/4
f 8349/3/4 8353/3/4 8356/3/4
f 8355/4/4 8349/4/4 8356/4/4
f 8353/2/4 8354/2/4 8357/2/4
f 8356/3/4 8353/3/4 8357/3/4
f 8357/2/4 8354/2/4 8358/2/4
f 8355/6/4 8356/6/4 8359/6/4
f 8356/6/4 8357/6/4 8359/6/4
f 8357/6/4 8358/6/4 8359/6/4
f 8359/6/4 8358/6/4 8360/6/4
f 8361/6/4 8362/6/4 8363/6/4
f 8363/6/4 8362/6/4 8364/6/4
f 8364/6/4 8362/6/4 8365/6/4
f 8363/3/4 8364/3/4 8366/3/4
f 8364/2/4 8365/2/4 8367/2/4
f 8366/3/4 8364/3/4 8367/3/4
f 8367/2/4 8365/2/4 8368/2/4
f 8366/4/4 8367/4/4 8369/4/4
f 8367/3/4 8368/3/4 8370/3/4
f 8369/4/4 8367/4/4 8370/4/4
f 8370/3/4 8368/3/4 8371/3/4
f 8369/2/4 8370/2/4 8372/2/4
f 8370/4/4 8371/4/4 8373/4/4
f 8372/2/4 8370/2/4 8373/2/4
f 8373/4/4 8371/4/4 8374/4/4
f 8372/2/4 8373/2/4 8375/2/4
f 8373/2/4 8374/2/4 8375/2/4
f 8375/2/4 8374/2/4 8376/2/4
f 8375/3/4 8376/3/4 8377/3/4
f 8377/3/4 8376/3/4 8378/3/4
f 8377/4/4 8378/4/4 8379/4/4
f 8379/4/4 8378/4/4 8380/4/4
f 8379/2/4 8380/2/4 8381/2/4
f 8381/2/4 8380/2/4 8382/2/4
f 8381/4/4 8382/4/4 8383/4/4
f 8382/2/4 8380/2/4 8384/2/4
f 8383/4/4 8382/4/4 8384/4/4
f 8383/2/4 8384/2/4 8385/2/4
f 8384/2/4 8380/2/4 8386/2/4
f 8385/2/4 8384/2/4 8386/2/4
f 8385/3/4 8386/3/4 8387/3/4
f 8387/3/4 8386/3/4 8388/3/4
f 8387/4/4 8388/4/4 8389/4/4
f 8388/3/4 8386/3/4 8390/3/4
f 8389/4/4 8388/4/4 8390/4/4
f 8390/3/4 8386/3/4 8391/3/4
f 8389/4/4 8390/4/4 8392/4/4
f 8390/4/4 8391/4/4 8392/4/4
f 8392/4/4 8391/4/4 8393/4/4
f 8389/4/4 8392/4/4 8394/4/4
f 8392/3/4 8393/3/4 8395/3/4
f 8394/4/4 8392/4/4 8395/4/4
f 8395/3/4 8393/3/4 8396/3/4
f 8394/2/4 8395/2/4 8397/2/4
f 8395/2/4 8396/2/4 8397/2/4
f 8397/2/4 8396/2/4 8398/2/4
f 8398/2/4 8396/2/4 8399/2/4
f 8397/3/4 8398/3/4 8400/3/4
f 8398/4/4 8399/4/4 8401/4/4
f 8400/3/4 8398/3/4 8401/3/4
f 8400/2/4 8401/2/4 8402/2/4
f 8401/4/4 8399/4/4 8403/4/4
f 8402/2/4 8401/2/4 8403/2/4
f 8403/4/4 8399/4/4 8404/4/4
f 8402/4/4 8403/4/4 8405/4/4
f 8403/2/4 8404/2/4 8406/2/4
f 8405/4/4 8403/4/4 8406/4/4
f 8405/2/4 8406/2/4 8407/2/4
f 8406/2/4 8404/2/4 8408/2/4
f 8407/2/4 8406/2/4 8408/2/4
f 8408/2/4 8404/2/4 8409/2/4
f 8407/3/4 8408/3/4 8410/3/4
f 8408/4/4 8409/4/4 8411/4/4
f 8410/3/4 8408/3/4 8411/3/4
f 8411/4/4 8409/4/4 8412/4/4
f 8410/2/4 8411/2/4 8413/2/4
f 8411/2/4 8412/2/4 8413/2/4
f 8413/2/4 8412/2/4 8414/2/4
f 8413/3/4 8414/3/4 8415/3/4
f 8415/3/4 8414/3/4 8416/3/4
f 8415/4/4 8416/4/4 8417/4/4
f 8417/4/4 8416/4/4 8418/4/4
f 8417/3/4 8418/3/4 8419/3/4
f 8418/4/4 8416/4/4 8419/4/4
f 8419/4/4 8416/4/4 8420/4/4
f 8417/3/4 8419/3/4 8421/3/4
f 8419/2/4 8420/2/4 8422/2/4
f 8421/3/4 8419/3/4 8422/3/4
f 8422/2/4 8420/2/4 8423/2/4
f 8421/2/4 8422/2/4 8424/2/4
f 8422/4/4 8423/4/4 8425/4/4
f 8424/2/4 8422/2/4 8425/2/4
f 8424/4/4 8425/4/4 8426/4/4
f 8425/4/4 8423/4/4 8427/4/4
f 8426/4/4 8425/4/4 8427/4/4
f 8427/4/4 8423/4/4 8428/4/4
f 8426/4/4 8427/4/4 8429/4/4
f 8427/2/4 8428/2/4 8430/2/4
f 8429/4/4 8427/4/4 8430/4/4
f 8429/2/4 8430/2/4 8431/2/4
f 8430/2/4 8428/2/4 8432/2/4
f 8431/2/4 8430/2/4 8432/2/4
f 8432/2/4 8428/2/4 8433/2/4
f 8431/2/4 8432/2/4 8434/2/4
f 8432/4/4 8433/4/4 8435/4/4
f 8434/2/4 8432/2/4 8435/2/4
f 8435/4/4 8433/4/4 8436/4/4
f 8434/3/4 8435/3/4 8437/3/4
f 8435/2/4 8436/2/4 8438/2/4
f 8437/3/4 8435/3/4 8438/3/4
f 8438/2/4 8436/2/4 8439/2/4
f 8437/4/4 8438/4/4 8440/4/4
f 8438/4/4 8439/4/4 8440/4/4
f 8440/4/4 8439/4/4 8441/4/4
f 8440/3/4 8441/3/4 8442/3/4
f 8441/4/4 8439/4/4 8442/4/4
f 8442/4/4 8439/4/4 8443/4/4
f 8440/3/4 8442/3/4 8444/3/4
f 8442/3/4 8443/3/4 8444/3/4
f 8444/3/4 8443/3/4 8445/3/4
f 8444/2/4 8445/2/4 8446/2/4
f 8446/2/4 8445/2/4 8447/2/4
f 8446/3/4 8447/3/4 8448/3/4
f 8447/2/4 8445/2/4 8449/2/4
f 8448/3/4 8447/3/4 8449/3/4
f 8449/2/4 8445/2/4 8450/2/4
f 8448/3/4 8449/3/4 8451/3/4
f 8449/3/4 8450/3/4 8451/3/4
f 8451/3/4 8450/3/4 8452/3/4
f 8452/3/4 8450/3/4 8453/3/4
f 8452/2/4 8453/2/4 8454/2/4
f 8454/2/4 8453/2/4 8455/2/4
f 8454/4/4 8455/4/4 8456/4/4
f 8456/4/4 8455/4/4 8457/4/4
f 8456/2/4 8457/2/4 8458/2/4
f 8458/2/4 8457/2/4 8459/2/4
f 8458/3/4 8459/3/4 8460/3/4
f 8459/2/4 8457/2/4 8461/2/4
f 8460/3/4 8459/3/4 8461/3/4
f 8460/2/4 8461/2/4 8462/2/4
f 8461/2/4 8457/2/4 8463/2/4
f 8462/2/4 8461/2/4 8463/2/4
f 8462/3/4 8463/3/4 8464/3/4
f 8463/2/4 8457/2/4 8465/2/4
f 8464/3/4 8463/3/4 8465/3/4
f 8464/4/4 8465/4/4 8466/4/4
f 8465/2/4 8457/2/4 8467/2/4
f 8466/4/4 8465/4/4 8467/4/4
f 8466/2/4 8467/2/4 8468/2/4
f 8467/2/4 8457/2/4 8469/2/4
f 8468/2/4 8467/2/4 8469/2/4
f 8468/3/4 8469/3/4 8470/3/4
f 8470/3/4 8469/3/4 8471/3/4
f 8469/2/4 8457/2/4 8472/2/4
f 8471/3/4 8469/3/4 8472/3/4
f 8472/2/4 8457/2/4 8473/2/4
f 8471/2/4 8472/2/4 8474/2/4
f 8472/3/4 8473/3/4 8475/3/4
f 8474/2/4 8472/2/4 8475/2/4
f 8475/3/4 8473/3/4 8476/3/4
f 8474/3/4 8475/3/4 8477/3/4
f 8475/4/4 8476/4/4 8477/4/4
f 8477/4/4 8476/4/4 8478/4/4
f 8474/3/4 8477/3/4 8479/3/4
f 8477/2/4 8478/2/4 8480/2/4
f 8479/3/4 8477/3/4 8480/3/4
f 8480/2/4 8478/2/4 8481/2/4
f 8479/6/4 8480/6/4 8482/6/4
f 8480/6/4 8481/6/4 8482/6/4
f 8482/6/4 8481/6/4 8483/6/4
f 8484/6/4 8485/6/4 8486/6/4
f 8486/6/4 8485/6/4 8487/6/4
f 8487/6/4 8485/6/4 8488/6/4
f 8486/3/4 8487/3/4 8489/3/4
f 8487/4/4 8488/4/4 8490/4/4
f 8489/3/4 8487/3/4 8490/3/4
f 8489/4/4 8490/4/4 8491/4/4
f 8490/4/4 8488/4/4 8492/4/4
f 8491/4/4 8490/4/4 8492/4/4
f 8492/4/4 8488/4/4 8493/4/4
f 8491/3/4 8492/3/4 8494/3/4
f 8492/2/4 8493/2/4 8495/2/4
f 8494/3/4 8492/3/4 8495/3/4
f 8495/2/4 8493/2/4 8496/2/4
f 8494/2/4 8495/2/4 8497/2/4
f 8495/3/4 8496/3/4 8498/3/4
f 8497/2/4 8495/2/4 8498/2/4
f 8498/3/4 8496/3/4 8499/3/4
f 8497/4/4 8498/4/4 8500/4/4
f 8498/2/4 8499/2/4 8501/2/4
f 8500/4/4 8498/4/4 8501/4/4
f 8501/2/4 8499/2/4 8502/2/4
f 8500/2/4 8501/2/4 8503/2/4
f 8501/3/4 8502/3/4 8504/3/4
f 8503/2/4 8501/2/4 8504/2/4
f 8504/3/4 8502/3/4 8505/3/4
f 8503/2/4 8504/2/4 8506/2/4
f 8504/2/4 8505/2/4 8506/2/4
f 8506/2/4 8505/2/4 8507/2/4
f 8503/2/4 8506/2/4 8508/2/4
f 8506/3/4 8507/3/4 8509/3/4
f 8508/2/4 8506/2/4 8509/2/4
f 8508/4/4 8509/4/4 8510/4/4
f 8509/3/4 8507/3/4 8511/3/4
f 8510/4/4 8509/4/4 8511/4/4
f 8511/3/4 8507/3/4 8512/3/4
f 8510/3/4 8511/3/4 8513/3/4
f 8511/2/4 8512/2/4 8514/2/4
f 8513/3/4 8511/3/4 8514/3/4
f 8514/2/4 8512/2/4 8515/2/4
f 8513/2/4 8514/2/4 8516/2/4
f 8514/4/4 8515/4/4 8517/4/4
f 8516/2/4 8514/2/4 8517/2/4
f 8517/4/4 8515/4/4 8518/4/4
f 8516/2/4 8517/2/4 8519/2/4
f 8517/3/4 8518/3/4 8520/3/4
f 8519/2/4 8517/2/4 8520/2/4
f 8519/3/4 8520/3/4 8521/3/4
f 8520/3/4 8518/3/4 8522/3/4
f 8521/3/4 8520/3/4 8522/3/4
f 8521/2/4 8522/2/4 8523/2/4
f 8523/2/4 8522/2/4 8524/2/4
f 8521/2/4 8523/2/4 8525/2/4
f 8523/4/4 8524/4/4 8526/4/4
f 8525/2/4 8523/2/4 8526/2/4
f 8526/4/4 8524/4/4 8527/4/4
f 8525/3/4 8526/3/4 8528/3/4
f 8526/3/4 8527/3/4 8528/3/4
f 8528/3/4 8527/3/4 8529/3/4
f 8528/4/4 8529/4/4 8530/4/4
f 8530/4/4 8529/4/4 8531/4/4
f 8530/2/4 8531/2/4 8532/2/4
f 8531/4/4 8529/4/4 8532/4/4
f 8532/4/4 8529/4/4 8533/4/4
f 8530/2/4 8532/2/4 8534/2/4
f 8532/2/4 8533/2/4 8534/2/4
f 8534/2/4 8533/2/4 8535/2/4
f 8535/2/4 8533/2/4 8536/2/4
f 8534/3/4 8535/3/4 8537/3/4
f 8535/4/4 8536/4/4 8538/4/4
f 8537/3/4 8535/3/4 8538/3/4
f 8538/4/4 8536/4/4 8539/4/4
f 8537/2/4 8538/2/4 8540/2/4
f 8538/2/4 8539/2/4 8540/2/4
f 8540/2/4 8539/2/4 8541/2/4
f 8537/2/4 8540/2/4 8542/2/4
f 8540/3/4 8541/3/4 8543/3/4
f 8542/2/4 8540/2/4 8543/2/4
f 8543/3/4 8541/3/4 8544/3/4
f 8542/3/4 8543/3/4 8545/3/4
f 8545/3/4 8543/3/4 8546/3/4
f 8546/3/4 8543/3/4 8547/3/4
f 8543/2/4 8544/2/4 8548/2/4
f 8547/3/4 8543/3/4 8548/3/4
f 8547/2/4 8548/2/4 8549/2/4
f 8548/2/4 8544/2/4 8550/2/4
f 8549/2/4 8548/2/4 8550/2/4
f 8550/2/4 8544/2/4 8551/2/4
f 8549/4/4 8550/4/4 8552/4/4
f 8550/3/4 8551/3/4 8553/3/4
f 8552/4/4 8550/4/4 8553/4/4
f 8553/3/4 8551/3/4 8554/3/4
f 8552/2/4 8553/2/4 8555/2/4
f 8553/2/4 8554/2/4 8555/2/4
f 8555/2/4 8554/2/4 8556/2/4
f 8556/2/4 8554/2/4 8557/2/4
f 8555/2/4 8556/2/4 8558/2/4
f 8558/2/4 8556/2/4 8559/2/4
f 8556/3/4 8557/3/4 8560/3/4
f 8559/2/4 8556/2/4 8560/2/4
f 8560/3/4 8557/3/4 8561/3/4
f 8559/4/4 8560/4/4 8562/4/4
f 8560/2/4 8561/2/4 8563/2/4
f 8562/4/4 8560/4/4 8563/4/4
f 8563/2/4 8561/2/4 8564/2/4
f 8562/4/4 8563/4/4 8565/4/4
f 8563/4/4 8564/4/4 8565/4/4
f 8565/4/4 8564/4/4 8566/4/4
f 8565/3/4 8566/3/4 8567/3/4
f 8566/4/4 8564/4/4 8568/4/4
f 8567/3/4 8566/3/4 8568/3/4
f 8568/4/4 8564/4/4 8569/4/4
f 8567/2/4 8568/2/4 8570/2/4
f 8568/2/4 8569/2/4 8570/2/4
f 8570/2/4 8569/2/4 8571/2/4
f 8570/3/4 8571/3/4 8572/3/4
f 8572/3/4 8571/3/4 8573/3/4
f 8572/4/4 8573/4/4 8574/4/4
f 8574/4/4 8573/4/4 8575/4/4
f 8575/4/4 8573/4/4 8576/4/4
f 8574/4/4 8575/4/4 8577/4/4
f 8575/3/4 8576/3/4 8578/3/4
f 8577/4/4 8575/4/4 8578/4/4
f 8578/3/4 8576/3/4 8579/3/4
f 8577/2/4 8578/2/4 8580/2/4
f 8578/4/4 8579/4/4 8581/4/4
f 8580/2/4 8578/2/4 8581/2/4
f 8581/4/4 8579/4/4 8582/4/4
f 8580/3/4 8581/3/4 8583/3/4
f 8581/2/4 8582/2/4 8584/2/4
f 8583/3/4 8581/3/4 8584/3/4
f 8583/2/4 8584/2/4 8585/2/4
f 8584/2/4 8582/2/4 8586/2/4
f 8585/2/4 8584/2/4 8586/2/4
f 8585/3/4 8586/3/4 8587/3/4
f 8586/2/4 8582/2/4 8588/2/4
f 8587/3/4 8586/3/4 8588/3/4
f 8587/4/4 8588/4/4 8589/4/4
f 8588/2/4 8582/2/4 8590/2/4
f 8589/4/4 8588/4/4 8590/4/4
f 8589/2/4 8590/2/4 8591/2/4
f 8590/2/4 8582/2/4 8592/2/4
f 8591/2/4 8590/2/4 8592/2/4
f 8591/3/4 8592/3/4 8593/3/4
f 8593/3/4 8592/3/4 8594/3/4
f 8591/3/4 8593/3/4 8595/3/4
f 8593/2/4 8594/2/4 8596/2/4
f 8595/3/4 8593/3/4 8596/3/4
f 8595/2/4 8596/2/4 8597/2/4
f 8596/2/4 8594/2/4 8598/2/4
f 8597/2/4 8596/2/4 8598/2/4
f 8598/2/4 8594/2/4 8599/2/4
f 8597/3/4 8598/3/4 8600/3/4
f 8598/4/4 8599/4/4 8601/4/4
f 8600/3/4 8598/3/4 8601/3/4
f 8601/4/4 8599/4/4 8602/4/4
f 8600/2/4 8601/2/4 8603/2/4
f 8601/3/4 8602/3/4 8604/3/4
f 8603/2/4 8601/2/4 8604/2/4
f 8604/3/4 8602/3/4 8605/3/4
f 8603/3/4 8604/3/4 8606/3/4
f 8604/4/4 8605/4/4 8607/4/4
f 8606/3/4 8604/3/4 8607/3/4
f 8607/4/4 8605/4/4 8608/4/4
f 8606/3/4 8607/3/4 8609/3/4
f 8607/2/4 8608/2/4 8610/2/4
f 8609/3/4 8607/3/4 8610/3/4
f 8609/4/4 8610/4/4 8611/4/4
f 8610/2/4 8608/2/4 8612/2/4
f 8611/4/4 8610/4/4 8612/4/4
f 8612/2/4 8608/2/4 8613/2/4
f 8611/6/4 8612/6/4 8614/6/4
f 8612/6/4 8613/6/4 8614/6/4
f 8614/6/4 8613/6/4 8615/6/4
f 8616/6/4 8617/6/4 8633/6/4
f 8633/6/4 8617/6/4 8634/6/4
f 8634/6/4 8617/6/4 8635/6/4
f 8635/6/4 8617/6/4 8636/6/4
f 8636/6/4 8617/6/4 8637/6/4
f 8631/8/4 8632/8/4 8638/8/4
f 8633/3/4 8634/3/4 8639/3/4
f 8634/2/4 8635/2/4 8640/2/4
f 8639/3/4 8634/3/4 8640/3/4
f 8635/3/4 8636/3/4 8641/3/4
f 8640/2/4 8635/2/4 8641/2/4
f 8636/2/4 8637/2/4 8642/2/4
f 8641/3/4 8636/3/4 8642/3/4
f 8642/2/4 8637/2/4 8643/2/4
f 8631/8/4 8638/8/4 8644/8/4
f 8639/2/4 8640/2/4 8645/2/4
f 8640/4/4 8641/4/4 8646/4/4
f 8645/2/4 8640/2/4 8646/2/4
f 8641/3/4 8642/3/4 8647/3/4
f 8646/4/4 8641/4/4 8647/4/4
f 8642/3/4 8643/3/4 8647/3/4
f 8647/3/4 8643/3/4 8648/3/4
f 8631/8/4 8644/8/4 8649/8/4
f 8645/2/4 8646/2/4 8650/2/4
f 8646/2/4 8647/2/4 8650/2/4
f 8647/2/4 8648/2/4 8650/2/4
f 8650/2/4 8648/2/4 8651/2/4
f 8648/3/4 8643/3/4 8652/3/4
f 8651/2/4 8648/2/4 8652/2/4
f 8652/3/4 8643/3/4 8653/3/4
f 8651/4/4 8652/4/4 8654/4/4
f 8652/2/4 8653/2/4 8654/2/4
f 8654/2/4 8653/2/4 8655/2/4
f 8631/8/4 8649/8/4 8656/8/4
f 8650/3/4 8651/3/4 8657/3/4
f 8651/4/4 8654/4/4 8658/4/4
f 8657/3/4 8651/3/4 8658/3/4
f 8654/4/4 8655/4/4 8658/4/4
f 8658/4/4 8655/4/4 8659/4/4
f 8631/8/4 8656/8/4 8660/8/4
f 8657/4/4 8658/4/4 8661/4/4
f 8658/2/4 8659/2/4 8662/2/4
f 8661/4/4 8658/4/4 8662/4/4
f 8659/4/4 8655/4/4 8663/4/4
f 8662/2/4 8659/2/4 8663/2/4
f 8663/4/4 8655/4/4 8664/4/4
f 8631/8/4 8660/8/4 8665/8/4
f 8661/2/4 8662/2/4 8666/2/4
f 8662/2/4 8663/2/4 8666/2/4
f 8663/2/4 8664/2/4 8666/2/4
f 8666/2/4 8664/2/4 8667/2/4
f 8667/2/4 8664/2/4 8668/2/4
f 8666/2/4 8667/2/4 8669/2/4
f 8667/3/4 8668/3/4 8669/3/4
f 8669/3/4 8668/3/4 8670/3/4
f 8666/2/4 8669/2/4 8671/2/4
f 8669/2/4 8670/2/4 8671/2/4
f 8671/2/4 8670/2/4 8672/2/4
f 8631/8/4 8665/8/4 8673/8/4
f 8666/2/4 8671/2/4 8674/2/4
f 8671/4/4 8672/4/4 8675/4/4
f 8674/2/4 8671/2/4 8675/2/4
f 8675/4/4 8672/4/4 8676/4/4
f 8676/4/4 8672/4/4 8677/4/4
f 8674/2/4 8675/2/4 8678/2/4
f 8675/2/4 8676/2/4 8678/2/4
f 8676/3/4 8677/3/4 8679/3/4
f 8678/2/4 8676/2/4 8679/2/4
f 8631/8/4 8673/8/4 8680/8/4
f 8674/2/4 8678/2/4 8681/2/4
f 8678/4/4 8679/4/4 8682/4/4
f 8681/2/4 8678/2/4 8682/2/4
f 8679/3/4 8677/3/4 8683/3/4
f 8682/4/4 8679/4/4 8683/4/4
f 8683/3/4 8677/3/4 8684/3/4
f 8681/2/4 8682/2/4 8685/2/4
f 8682/2/4 8683/2/4 8685/2/4
f 8683/2/4 8684/2/4 8685/2/4
f 8685/2/4 8684/2/4 8686/2/4
f 8686/2/4 8684/2/4 8687/2/4
f 8685/3/4 8686/3/4 8688/3/4
f 8686/4/4 8687/4/4 8688/4/4
f 8687/2/4 8684/2/4 8689/2/4
f 8688/4/4 8687/4/4 8689/4/4
f 8689/2/4 8684/2/4 8690/2/4
f 8690/2/4 8684/2/4 8691/2/4
f 8631/8/4 8680/8/4 8692/8/4
f 8685/3/4 8688/3/4 8693/3/4
f 8688/3/4 8689/3/4 8693/3/4
f 8693/3/4 8689/3/4 8694/3/4
f 8689/2/4 8690/2/4 8695/2/4
f 8694/3/4 8689/3/4 8695/3/4
f 8690/4/4 8691/4/4 8696/4/4
f 8695/2/4 8690/2/4 8696/2/4
f 8696/4/4 8691/4/4 8697/4/4
f 8631/8/4 8692/8/4 8698/8/4
f 8693/2/4 8694/2/4 8699/2/4
f 8694/4/4 8695/4/4 8700/4/4
f 8699/2/4 8694/2/4 8700/2/4
f 8695/4/4 8696/4/4 8700/4/4
f 8700/4/4 8696/4/4 8701/4/4
f 8696/2/4 8697/2/4 8702/2/4
f 8701/4/4 8696/4/4 8702/4/4
f 8702/2/4 8697/2/4 8703/2/4
f 8631/8/4 8698/8/4 8704/8/4
f 8700/2/4 8701/2/4 8705/2/4
f 8699/2/4 8700/2/4 8705/2/4
f 8702/4/4 8703/4/4 8706/4/4
f 8705/2/4 8701/2/4 8706/2/4
f 8701/4/4 8702/4/4 8706/4/4
f 8706/4/4 8703/4/4 8707/4/4
f 8631/8/4 8704/8/4 8708/8/4
f 8705/2/4 8706/2/4 8709/2/4
f 8706/2/4 8707/2/4 8709/2/4
f 8709/2/4 8707/2/4 8710/2/4
f 8707/4/4 8703/4/4 8711/4/4
f 8710/2/4 8707/2/4 8711/2/4
f 8709/2/4 8710/2/4 8712/2/4
f 8710/3/4 8711/3/4 8712/3/4
f 8711/4/4 8703/4/4 8713/4/4
f 8712/3/4 8711/3/4 8713/3/4
f 8713/4/4 8703/4/4 8714/4/4
f 8709/2/4 8712/2/4 8715/2/4
f 8712/2/4 8713/2/4 8715/2/4
f 8713/2/4 8714/2/4 8715/2/4
f 8715/2/4 8714/2/4 8716/2/4
f 8716/2/4 8714/2/4 8717/2/4
f 8717/2/4 8714/2/4 8718/2/4
f 8631/8/4 8708/8/4 8719/8/4
f 8715/4/4 8716/4/4 8720/4/4
f 8716/2/4 8717/2/4 8721/2/4
f 8720/4/4 8716/4/4 8721/4/4
f 8717/4/4 8718/4/4 8722/4/4
f 8721/2/4 8717/2/4 8722/2/4
f 8631/8/4 8719/8/4 8723/8/4
f 8720/3/4 8721/3/4 8724/3/4
f 8721/3/4 8722/3/4 8724/3/4
f 8724/3/4 8722/3/4 8725/3/4
f 8722/4/4 8718/4/4 8726/4/4
f 8725/3/4 8722/3/4 8726/3/4
f 8718/2/4 8714/2/4 8727/2/4
f 8726/4/4 8718/4/4 8727/4/4
f 8725/2/4 8726/2/4 8728/2/4
f 8724/4/4 8725/4/4 8728/4/4
f 8726/3/4 8727/3/4 8729/3/4
f 8728/2/4 8726/2/4 8729/2/4
f 8727/2/4 8714/2/4 8730/2/4
f 8729/3/4 8727/3/4 8730/3/4
f 8730/2/4 8714/2/4 8731/2/4
f 8631/8/4 8723/8/4 8732/8/4
f 8724/4/4 8728/4/4 8733/4/4
f 8728/3/4 8729/3/4 8734/3/4
f 8733/4/4 8728/4/4 8734/4/4
f 8729/4/4 8730/4/4 8735/4/4
f 8734/3/4 8729/3/4 8735/3/4
f 8730/3/4 8731/3/4 8736/3/4
f 8735/4/4 8730/4/4 8736/4/4
f 8736/3/4 8731/3/4 8737/3/4
f 8733/2/4 8734/2/4 8738/2/4
f 8734/2/4 8735/2/4 8738/2/4
f 8735/3/4 8736/3/4 8739/3/4
f 8738/2/4 8735/2/4 8739/2/4
f 8631/8/4 8732/8/4 8740/8/4
f 8733/2/4 8738/2/4 8741/2/4
f 8738/4/4 8739/4/4 8742/4/4
f 8741/2/4 8738/2/4 8742/2/4
f 8739/3/4 8736/3/4 8743/3/4
f 8742/4/4 8739/4/4 8743/4/4
f 8736/4/4 8737/4/4 8744/4/4
f 8743/3/4 8736/3/4 8744/3/4
f 8744/4/4 8737/4/4 8745/4/4
f 8631/8/4 8740/8/4 8746/8/4
f 8741/3/4 8742/3/4 8747/3/4
f 8742/2/4 8743/2/4 8748/2/4
f 8747/3/4 8742/3/4 8748/3/4
f 8743/2/4 8744/2/4 8748/2/4
f 8744/3/4 8745/3/4 8749/3/4
f 8748/2/4 8744/2/4 8749/2/4
f 8749/3/4 8745/3/4 8750/3/4
f 8631/8/4 8746/8/4 8751/8/4
f 8747/2/4 8748/2/4 8752/2/4
f 8748/2/4 8749/2/4 8752/2/4
f 8749/2/4 8750/2/4 8752/2/4
f 8752/2/4 8750/2/4 8753/2/4
f 8753/2/4 8750/2/4 8754/2/4
f 8754/2/4 8750/2/4 8755/2/4
f 8631/8/4 8751/8/4 8756/8/4
f 8752/3/4 8753/3/4 8757/3/4
f 8753/2/4 8754/2/4 8758/2/4
f 8757/3/4 8753/3/4 8758/3/4
f 8758/2/4 8754/2/4 8759/2/4
f 8754/4/4 8755/4/4 8760/4/4
f 8759/2/4 8754/2/4 8760/2/4
f 8760/4/4 8755/4/4 8761/4/4
f 8631/8/4 8756/8/4 8762/8/4
f 8757/3/4 8758/3/4 8763/3/4
f 8758/4/4 8759/4/4 8764/4/4
f 8763/3/4 8758/3/4 8764/3/4
f 8759/3/4 8760/3/4 8765/3/4
f 8764/4/4 8759/4/4 8765/4/4
f 8760/2/4 8761/2/4 8766/2/4
f 8765/3/4 8760/3/4 8766/3/4
f 8766/2/4 8761/2/4 8767/2/4
f 8631/8/4 8762/8/4 8768/8/4
f 8763/3/4 8764/3/4 8769/3/4
f 8764/3/4 8765/3/4 8769/3/4
f 8765/3/4 8766/3/4 8769/3/4
f 8769/3/4 8766/3/4 8770/3/4
f 8770/3/4 8766/3/4 8771/3/4
f 8766/4/4 8767/4/4 8772/4/4
f 8771/3/4 8766/3/4 8772/3/4
f 8772/4/4 8767/4/4 8773/4/4
f 8631/8/4 8768/8/4 8774/8/4
f 8769/3/4 8770/3/4 8775/3/4
f 8770/2/4 8771/2/4 8776/2/4
f 8775/3/4 8770/3/4 8776/3/4
f 8771/3/4 8772/3/4 8777/3/4
f 8776/2/4 8771/2/4 8777/2/4
f 8631/8/4 8774/8/4 8778/8/4
f 8775/3/4 8776/3/4 8779/3/4
f 8776/3/4 8777/3/4 8779/3/4
f 8777/3/4 8772/3/4 8780/3/4
f 8779/3/4 8777/3/4 8780/3/4
f 8772/2/4 8773/2/4 8780/2/4
f 8631/8/4 8778/8/4 8781/8/4
f 8779/2/4 8780/2/4 8782/2/4
f 8782/2/4 8780/2/4 8783/2/4
f 8782/3/4 8783/3/4 8784/3/4
f 8783/2/4 8780/2/4 8785/2/4
f 8784/3/4 8783/3/4 8785/3/4
f 8780/2/4 8773/2/4 8786/2/4
f 8785/2/4 8780/2/4 8786/2/4
f 8786/2/4 8773/2/4 8787/2/4
f 8631/8/4 8781/8/4 8788/8/4
f 8782/3/4 8784/3/4 8789/3/4
f 8784/4/4 8785/4/4 8790/4/4
f 8789/3/4 8784/3/4 8790/3/4
f 8785/2/4 8786/2/4 8791/2/4
f 8790/4/4 8785/4/4 8791/4/4
f 8786/3/4 8787/3/4 8792/3/4
f 8791/2/4 8786/2/4 8792/2/4
f 8792/3/4 8787/3/4 8793/3/4
f 8631/8/4 8788/8/4 8794/8/4
f 8789/2/4 8790/2/4 8795/2/4
f 8790/4/4 8791/4/4 8796/4/4
f 8795/2/4 8790/2/4 8796/2/4
f 8791/4/4 8792/4/4 8796/4/4
f 8796/4/4 8792/4/4 8797/4/4
f 8792/2/4 8793/2/4 8798/2/4
f 8797/4/4 8792/4/4 8798/4/4
f 8798/2/4 8793/2/4 8799/2/4
f 8631/8/4 8794/8/4 8800/8/4
f 8795/2/4 8796/2/4 8801/2/4
f 8796/3/4 8797/3/4 8802/3/4
f 8801/2/4 8796/2/4 8802/2/4
f 8797/4/4 8798/4/4 8803/4/4
f 8802/3/4 8797/3/4 8803/3/4
f 8798/4/4 8799/4/4 8803/4/4
f 8803/4/4 8799/4/4 8804/4/4
f 8804/4/4 8799/4/4 8805/4/4
f 8631/8/4 8800/8/4 8806/8/4
f 8801/3/4 8802/3/4 8807/3/4
f 8802/2/4 8803/2/4 8808/2/4
f 8807/3/4 8802/3/4 8808/3/4
f 8803/2/4 8804/2/4 8808/2/4
f 8804/3/4 8805/3/4 8809/3/4
f 8808/2/4 8804/2/4 8809/2/4
f 8809/3/4 8805/3/4 8810/3/4
f 8631/8/4 8806/8/4 8811/8/4
f 8807/2/4 8808/2/4 8812/2/4
f 8808/2/4 8809/2/4 8812/2/4
f 8809/2/4 8810/2/4 8812/2/4
f 8812/2/4 8810/2/4 8813/2/4
f 8813/2/4 8810/2/4 8814/2/4
f 8814/2/4 8810/2/4 8815/2/4
f 8631/8/4 8811/8/4 8816/8/4
f 8812/3/4 8813/3/4 8817/3/4
f 8813/2/4 8814/2/4 8818/2/4
f 8817/3/4 8813/3/4 8818/3/4
f 8814/4/4 8815/4/4 8819/4/4
f 8818/2/4 8814/2/4 8819/2/4
f 8631/8/4 8816/8/4 8820/8/4
f 8817/3/4 8818/3/4 8821/3/4
f 8818/3/4 8819/3/4 8821/3/4
f 8821/3/4 8819/3/4 8822/3/4
f 8819/4/4 8815/4/4 8823/4/4
f 8822/3/4 8819/3/4 8823/3/4
f 8631/8/4 8820/8/4 8824/8/4
f 8821/3/4 8822/3/4 8825/3/4
f 8822/4/4 8823/4/4 8826/4/4
f 8825/3/4 8822/3/4 8826/3/4
f 8826/4/4 8823/4/4 8827/4/4
f 8823/4/4 8815/4/4 8828/4/4
f 8827/4/4 8823/4/4 8828/4/4
f 8828/4/4 8815/4/4 8829/4/4
f 8631/8/4 8824/8/4 8830/8/4
f 8826/4/4 8827/4/4 8831/4/4
f 8825/4/4 8826/4/4 8831/4/4
f 8831/4/4 8827/4/4 8832/4/4
f 8827/2/4 8828/2/4 8833/2/4
f 8832/4/4 8827/4/4 8833/4/4
f 8631/8/4 8830/8/4 8834/8/4
f 8831/4/4 8832/4/4 8835/4/4
f 8832/2/4 8833/2/4 8836/2/4
f 8835/4/4 8832/4/4 8836/4/4
f 8833/2/4 8828/2/4 8837/2/4
f 8836/2/4 8833/2/4 8837/2/4
f 8828/3/4 8829/3/4 8837/3/4
f 8837/3/4 8829/3/4 8838/3/4
f 8631/8/4 8834/8/4 8839/8/4
f 8835/2/4 8836/2/4 8840/2/4
f 8836/2/4 8837/2/4 8840/2/4
f 8837/2/4 8838/2/4 8840/2/4
f 8840/2/4 8838/2/4 8841/2/4
f 8841/2/4 8838/2/4 8842/2/4
f 8842/2/4 8838/2/4 8843/2/4
f 8618/6/4 8619/6/4 8844/6/4
f 8619/8/4 8620/8/4 8845/8/4
f 8844/6/4 8619/6/4 8845/6/4
f 8620/1/4 8621/1/4 8846/1/4
f 8845/8/4 8620/8/4 8846/8/4
f 8621/8/4 8622/8/4 8847/8/4
f 8846/1/4 8621/1/4 8847/1/4
f 8622/1/4 8623/1/4 8848/1/4
f 8847/8/4 8622/8/4 8848/8/4
f 8623/8/4 8624/8/4 8849/8/4
f 8848/1/4 8623/1/4 8849/1/4
f 8624/1/4 8625/1/4 8850/1/4
f 8849/8/4 8624/8/4 8850/8/4
f 8625/8/4 8626/8/4 8851/8/4
f 8850/1/4 8625/1/4 8851/1/4
f 8626/1/4 8627/1/4 8852/1/4
f 8851/8/4 8626/8/4 8852/8/4
f 8627/8/4 8628/8/4 8853/8/4
f 8852/1/4 8627/1/4 8853/1/4
f 8628/1/4 8629/1/4 8854/1/4
f 8853/8/4 8628/8/4 8854/8/4
f 8629/8/4 8630/8/4 8855/8/4
f 8854/1/4 8629/1/4 8855/1/4
f 8630/1/4 8631/1/4 8856/1/4
f 8855/8/4 8630/8/4 8856/8/4
f 8631/8/4 8839/8/4 8857/8/4
f 8856/1/4 8631/1/4 8857/1/4
f 8857/8/4 8839/8/4 8858/8/4
f 8840/3/4 8841/3/4 8859/3/4
f 8859/3/4 8841/3/4 8860/3/4
f 8841/2/4 8842/2/4 8861/2/4
f 8860/3/4 8841/3/4 8861/3/4
f 8859/4/4 8860/4/4 8862/4/4
f 8860/2/4 8861/2/4 8863/2/4
f 8862/4/4 8860/4/4 8863/4/4
f 8861/2/4 8842/2/4 8864/2/4
f 8863/2/4 8861/2/4 8864/2/4
f 8842/4/4 8843/4/4 8865/4/4
f 8864/2/4 8842/2/4 8865/2/4
f 8865/4/4 8843/4/4 8866/4/4
f 8862/3/4 8863/3/4 8867/3/4
f 8863/3/4 8864/3/4 8867/3/4
f 8867/3/4 8864/3/4 8868/3/4
f 8865/3/4 8866/3/4 8869/3/4
f 8864/4/4 8865/4/4 8869/4/4
f 8869/3/4 8866/3/4 8870/3/4
f 8867/4/4 8868/4/4 8871/4/4
f 8868/3/4 8864/3/4 8872/3/4
f 8871/4/4 8868/4/4 8872/4/4
f 8864/4/4 8869/4/4 8873/4/4
f 8872/3/4 8864/3/4 8873/3/4
f 8871/3/4 8872/3/4 8874/3/4
f 8872/2/4 8873/2/4 8875/2/4
f 8874/3/4 8872/3/4 8875/3/4
f 8873/4/4 8869/4/4 8876/4/4
f 8875/2/4 8873/2/4 8876/2/4
f 8869/2/4 8870/2/4 8877/2/4
f 8876/4/4 8869/4/4 8877/4/4
f 8877/2/4 8870/2/4 8878/2/4
f 8874/6/4 8875/6/4 8879/6/4
f 8875/6/4 8876/6/4 8879/6/4
f 8877/6/4 8878/6/4 8879/6/4
f 8876/6/4 8877/6/4 8879/6/4
f 8879/6/4 8878/6/4 8880/6/4
f 8881/6/4 8882/6/4 8884/6/4
f 8883/6/4 8884/6/4 8885/6/4
f 8885/6/4 8884/6/4 8886/6/4
f 8886/6/4 8884/6/4 8887/6/4
f 8887/6/4 8884/6/4 8888/6/4
f 8888/6/4 8884/6/4 8889/6/4
f 8889/6/4 8884/6/4 8890/6/4
f 8890/6/4 8884/6/4 8891/6/4
f 8884/6/4 8882/6/4 8892/6/4
f 8891/6/4 8884/6/4 8892/6/4
f 8892/6/4 8882/6/4 8893/6/4
f 8892/4/4 8893/4/4 8894/4/4
f 8894/4/4 8893/4/4 8895/4/4
f 8894/2/4 8895/2/4 8896/2/4
f 8896/2/4 8895/2/4 8897/2/4
f 8896/3/4 8897/3/4 8898/3/4
f 8898/3/4 8897/3/4 8899/3/4
f 8889/7/4 8890/7/4 8901/7/4
f 8890/6/4 8891/6/4 8902/6/4
f 8901/7/4 8890/7/4 8902/7/4
f 8898/2/4 8899/2/4 8903/2/4
f 8903/2/4 8899/2/4 8904/2/4
f 8886/6/4 8887/6/4 8905/6/4
f 8887/7/4 8888/7/4 8905/7/4
f 8905/7/4 8888/7/4 8906/7/4
f 8903/3/4 8904/3/4 8908/3/4
f 8908/3/4 8904/3/4 8909/3/4
f 8908/2/4 8909/2/4 8910/2/4
f 8910/2/4 8909/2/4 8911/2/4
f 8910/4/4 8911/4/4 8912/4/4
f 8912/4/4 8911/4/4 8913/4/4
f 8900/7/4 8901/7/4 8915/7/4
f 8915/7/4 8901/7/4 8916/7/4
f 8912/2/4 8913/2/4 8917/2/4
f 8917/2/4 8913/2/4 8918/2/4
f 8906/7/4 8907/7/4 8919/7/4
f 8919/7/4 8907/7/4 8920/7/4
f 8917/3/4 8918/3/4 8922/3/4
f 8922/3/4 8918/3/4 8923/3/4
f 8922/2/4 8923/2/4 8924/2/4
f 8924/2/4 8923/2/4 8925/2/4
f 8924/4/4 8925/4/4 8926/4/4
f 8926/4/4 8925/4/4 8927/4/4
f 8926/3/4 8927/3/4 8928/3/4
f 8928/3/4 8927/3/4 8929/3/4
f 8920/7/4 8921/7/4 8930/7/4
f 8914/7/4 8915/7/4 8931/7/4
f 8931/7/4 8915/7/4 8932/7/4
f 8920/7/4 8930/7/4 8933/7/4
f 8930/7/4 8931/7/4 8933/7/4
f 8933/7/4 8931/7/4 8934/7/4
f 8928/2/4 8929/2/4 8935/2/4
f 8935/2/4 8929/2/4 8936/2/4
f 8935/3/4 8936/3/4 8937/3/4
f 8937/3/4 8936/3/4 8938/3/4
f 8937/2/4 8938/2/4 8939/2/4
f 8939/2/4 8938/2/4 8940/2/4
f 8934/7/4 8931/7/4 8942/7/4
f 8939/3/4 8940/3/4 8943/3/4
f 8943/3/4 8940/3/4 8944/3/4
f 8943/4/4 8944/4/4 8945/4/4
f 8945/4/4 8944/4/4 8946/4/4
f 8945/2/4 8946/2/4 8947/2/4
f 8947/2/4 8946/2/4 8948/2/4
f 8947/4/4 8948/4/4 8949/4/4
f 8949/4/4 8948/4/4 8950/4/4
f 8941/7/4 8942/7/4 8951/7/4
f 8942/7/4 8931/7/4 8951/7/4
f 8951/7/4 8931/7/4 8952/7/4
f 8949/2/4 8950/2/4 8954/2/4
f 8954/2/4 8950/2/4 8955/2/4
f 8954/4/4 8955/4/4 8956/4/4
f 8956/4/4 8955/4/4 8957/4/4
f 8956/2/4 8957/2/4 8958/2/4
f 8958/2/4 8957/2/4 8959/2/4
f 8958/3/4 8959/3/4 8960/3/4
f 8960/3/4 8959/3/4 8961/3/4
f 8941/7/4 8951/7/4 8963/7/4
f 8963/7/4 8951/7/4 8964/7/4
f 8960/2/4 8961/2/4 8965/2/4
f 8965/2/4 8961/2/4 8966/2/4
f 8965/3/4 8966/3/4 8967/3/4
f 8967/3/4 8966/3/4 8968/3/4
f 8952/7/4 8953/7/4 8969/7/4
f 8969/7/4 8953/7/4 8970/7/4
f 8967/4/4 8968/4/4 8972/4/4
f 8972/4/4 8968/4/4 8973/4/4
f 8972/3/4 8973/3/4 8974/3/4
f 8974/3/4 8973/3/4 8975/3/4
f 8974/4/4 8975/4/4 8976/4/4
f 8976/4/4 8975/4/4 8977/4/4
f 8976/2/4 8977/2/4 8978/2/4
f 8978/2/4 8977/2/4 8979/2/4
f 8886/6/4 8905/6/4 8980/6/4
f 8962/7/4 8963/7/4 8981/7/4
f 8981/7/4 8963/7/4 8982/7/4
f 8978/4/4 8979/4/4 8983/4/4
f 8983/4/4 8979/4/4 8984/4/4
f 8983/2/4 8984/2/4 8985/2/4
f 8985/2/4 8984/2/4 8986/2/4
f 8970/7/4 8971/7/4 8987/7/4
f 8987/7/4 8971/7/4 8988/7/4
f 8902/6/4 8891/6/4 8989/6/4
f 8985/4/4 8986/4/4 8990/4/4
f 8990/4/4 8986/4/4 8991/4/4
f 8990/3/4 8991/3/4 8992/3/4
f 8992/3/4 8991/3/4 8993/3/4
f 8992/4/4 8993/4/4 8994/4/4
f 8994/4/4 8993/4/4 8995/4/4
f 8886/6/4 8980/6/4 8996/6/4
f 8980/7/4 8981/7/4 8996/7/4
f 8996/7/4 8981/7/4 8997/7/4
f 8994/2/4 8995/2/4 8998/2/4
f 8998/2/4 8995/2/4 8999/2/4
f 8886/6/4 8996/6/4 9001/6/4
f 9001/6/4 8996/6/4 9002/6/4
f 8988/7/4 8989/7/4 9003/7/4
f 8989/6/4 8891/6/4 9004/6/4
f 9003/7/4 8989/7/4 9004/7/4
f 9004/6/4 8891/6/4 9005/6/4
f 8998/3/4 8999/3/4 9006/3/4
f 9006/3/4 8999/3/4 9007/3/4
f 9001/6/4 9002/6/4 9008/6/4
f 9002/6/4 9003/6/4 9008/6/4
f 9006/2/4 9007/2/4 9008/2/4
f 9005/6/4 9006/6/4 9008/6/4
f 9004/6/4 9005/6/4 9008/6/4
f 9003/6/4 9004/6/4 9008/6/4
f 9000/6/4 9001/6/4 9008/6/4
f 9008/2/4 9007/2/4 9009/2/4
f 9000/6/4 9008/6/4 9010/6/4
f 9008/4/4 9009/4/4 9011/4/4
f 9010/6/4 9008/6/4 9011/6/4
f 9011/4/4 9009/4/4 9012/4/4
f 9011/3/4 9012/3/4 9013/3/4
f 9013/3/4 9012/3/4 9014/3/4
f 9013/6/4 9014/6/4 9015/6/4
f 9015/6/4 9014/6/4 9016/6/4
f 9021/6/5 9018/6/5 9017/6/5
f 9022/6/5 9018/6/5 9021/6/5
f 9023/6/5 9020/6/5 9019/6/5
f 9024/6/5 9020/6/5 9023/6/5
f 9025/6/5 9021/6/5 9017/6/5
f 9026/6/5 9021/6/5 9025/6/5
f 9027/6/5 9020/6/5 9024/6/5
f 9028/6/5 9020/6/5 9027/6/5
f 9033/6/5 9032/6/5 9031/6/5
f 9034/6/5 9032/6/5 9033/6/5
f 9035/6/5 9030/6/5 9029/6/5
f 9036/6/5 9030/6/5 9035/6/5
f 9037/6/5 9033/6/5 9031/6/5
f 9038/6/5 9033/6/5 9037/6/5
f 9041/6/5 9040/6/5 9039/6/5
f 9042/6/5 9040/6/5 9041/6/5
f 9047/6/5 9044/6/5 9043/6/5
f 9050/6/5 9046/6/5 9045/6/5
f 9051/6/5 9048/6/5 9047/6/5
f 9051/6/5 9047/6/5 9043/6/5
f 9052/6/5 9048/6/5 9051/6/5
f 9053/6/5 9050/6/5 9049/6/5
f 9054/6/5 9046/6/5 9050/6/5
f 9054/6/5 9050/6/5 9053/6/5
f 9057/6/5 9056/6/5 9055/6/5
f 9058/6/5 9056/6/5 9057/6/5
f 9061/6/5 9060/6/5 9059/6/5
f 9062/6/5 9060/6/5 9061/6/5
f 9065/6/5 9064/6/5 9063/6/5
f 9066/6/5 9064/6/5 9065/6/5
f 9069/6/5 9068/6/5 9067/6/5
f 9070/6/5 9068/6/5 9069/6/5
f 9073/6/5 9072/6/5 9071/6/5
f 9074/6/5 9072/6/5 9073/6/5
f 9077/6/5 9076/6/5 9075/6/5
f 9078/6/5 9076/6/5 9077/6/5
f 9081/7/5 9080/7/5 9079/7/5
f 9082/7/5 9080/7/5 9081/7/5
f 9085/7/5 9084/7/5 9083/7/5
f 9086/7/5 9084/7/5 9085/7/5
f 9089/6/5 9088/6/5 9087/6/5
f 9090/6/5 9088/6/5 9089/6/5
f 9095/7/5 9092/7/5 9091/7/5
f 9096/7/5 9092/7/5 9095/7/5
f 9097/7/5 9094/7/5 9093/7/5
f 9098/7/5 9094/7/5 9097/7/5
f 9101/7/5 9100/7/5 9099/7/5
f 9102/7/5 9100/7/5 9101/7/5
f 9105/7/5 9104/7/5 9103/7/5
f 9106/7/5 9104/7/5 9105/7/5
f 9109/6/5 9108/6/5 9107/6/5
f 9110/6/5 9108/6/5 9109/6/5
f 9115/7/5 9112/7/5 9111/7/5
f 9116/7/5 9112/7/5 9115/7/5
f 9117/7/5 9114/7/5 9113/7/5
f 9118/7/5 9114/7/5 9117/7/5
f 9121/7/5 9120/7/5 9119/7/5
f 9122/7/5 9120/7/5 9121/7/5
f 9125/6/5 9124/6/5 9123/6/5
f 9126/6/5 9124/6/5 9125/6/5
f 9129/7/5 9128/7/5 9127/7/5
f 9130/7/5 9128/7/5 9129/7/5
f 9133/7/5 9132/7/5 9131/7/5
f 9134/7/5 9132/7/5 9133/7/5
f 9137/7/5 9136/7/5 9135/7/5
f 9138/7/5 9136/7/5 9137/7/5
f 9141/6/5 9140/6/5 9139/6/5
f 9142/6/5 9140/6/5 9141/6/5
f 9147/7/5 9144/7/5 9143/7/5
f 9148/7/5 9144/7/5 9147/7/5
f 9149/7/5 9146/7/5 9145/7/5
f 9150/7/5 9146/7/5 9149/7/5
f 9153/7/5 9152/7/5 9151/7/5
f 9154/7/5 9152/7/5 9153/7/5
f 9157/7/5 9156/7/5 9155/7/5
f 9158/7/5 9156/7/5 9157/7/5
f 9161/6/5 9160/6/5 9159/6/5
f 9162/6/5 9160/6/5 9161/6/5
f 9167/7/5 9164/7/5 9163/7/5
f 9168/7/5 9164/7/5 9167/7/5
f 9169/7/5 9166/7/5 9165/7/5
f 9170/7/5 9166/7/5 9169/7/5
f 9173/7/5 9172/7/5 9171/7/5
f 9174/7/5 9172/7/5 9173/7/5
f 9177/7/5 9176/7/5 9175/7/5
f 9178/7/5 9176/7/5 9177/7/5
f 9181/6/5 9180/6/5 9179/6/5
f 9182/6/5 9180/6/5 9181/6/5
f 9187/7/5 9184/7/5 9183/7/5
f 9188/7/5 9184/7/5 9187/7/5
f 9189/7/5 9186/7/5 9185/7/5
f 9190/7/5 9186/7/5 9189/7/5
f 9193/6/5 9192/6/5 9191/6/5
f 9194/6/5 9192/6/5 9193/6/5
f 9197/6/5 9196/6/5 9195/6/5
f 9198/6/5 9196/6/5 9197/6/5
f 9201/6/5 9200/6/5 9199/6/5
f 9202/6/5 9200/6/5 9201/6/5
f 9205/6/5 9204/6/5 9203/6/5
f 9206/6/5 9204/6/5 9205/6/5
f 9209/6/5 9208/6/5 9207/6/5
f 9210/6/5 9208/6/5 9209/6/5
f 9213/6/5 9212/6/5 9211/6/5
f 9214/6/5 9212/6/5 9213/6/5
f 9219/6/5 9216/6/5 9215/6/5
f 9219/6/5 9218/6/5 9217/6/5
f 9219/6/5 9217/6/5 9216/6/5
f 9220/6/5 9218/6/5 9219/6/5
f 9221/6/5 9220/6/5 9219/6/5
f 9225/6/5 9220/6/5 9221/6/5
f 9226/6/5 9224/6/5 9223/6/5
f 9226/6/5 9225/6/5 9224/6/5
f 9226/6/5 9223/6/5 9222/6/5
f 9229/6/5 9228/6/5 9227/6/5
f 9230/6/5 9228/6/5 9229/6/5
f 9231/6/5 9225/6/5 9226/6/5
f 9232/6/5 9220/6/5 9225/6/5
f 9232/6/5 9225/6/5 9231/6/5
f 9234/6/5 9232/6/5 9231/6/5
f 9234/6/5 9233/6/5 9232/6/5
f 9235/6/5 9233/6/5 9234/6/5
f 9236/6/5 9234/6/5 9231/6/5
f 9237/6/5 9234/6/5 9236/6/5
f 9238/6/5 9234/6/5 9237/6/5
f 9239/6/5 9234/6/5 9238/6/5
f 9242/6/5 9241/6/5 9240/6/5
f 9243/6/5 9241/6/5 9242/6/5
f 9245/6/5 9241/6/5 9243/6/5
f 9246/6/5 9245/6/5 9244/6/5
f 9247/6/5 9241/6/5 9245/6/5
f 9247/6/5 9245/6/5 9246/6/5
f 9250/6/5 9249/6/5 9248/6/5
f 9251/6/5 9250/6/5 9248/6/5
f 9252/6/5 9251/6/5 9248/6/5
f 9253/6/5 9252/6/5 9248/6/5
f 9254/6/5 9253/6/5 9248/6/5
f 9255/6/5 9253/6/5 9254/6/5
f 9258/6/5 9257/6/5 9256/6/5
f 9259/6/5 9257/6/5 9258/6/5
f 9262/6/5 9261/6/5 9260/6/5
f 9263/6/5 9261/6/5 9262/6/5
f 9266/9/5 9265/9/5 9264/9/5
f 9267/9/5 9265/9/5 9266/9/5
f 9270/6/5 9269/6/5 9268/6/5
f 9271/6/5 9269/6/5 9270/6/5
f 9274/6/5 9273/6/5 9272/6/5
f 9275/6/5 9273/6/5 9274/6/5
f 9278/6/5 9277/6/5 9276/6/5
f 9279/6/5 9277/6/5 9278/6/5
f 9282/6/5 9281/6/5 9280/6/5
f 9283/6/5 9282/6/5 9280/6/5
f 9284/6/5 9283/6/5 9280/6/5
f 9285/6/5 9283/6/5 9284/6/5
f 9290/6/5 9287/6/5 9286/6/5
f 9291/6/5 9287/6/5 9290/6/5
f 9292/8/5 9289/8/5 9288/8/5
f 9293/8/5 9289/8/5 9292/8/5
f 9294/2/5 9291/2/5 9290/2/5
f 9295/2/5 9291/2/5 9294/2/5
f 9296/4/5 9295/4/5 9294/4/5
f 9297/4/5 9295/4/5 9296/4/5
f 9301/2/5 9298/2/5 9297/2/5
f 9301/2/5 9297/2/5 9296/2/5
f 9302/2/5 9298/2/5 9301/2/5
f 9303/3/5 9302/3/5 9301/3/5
f 9304/2/5 9298/2/5 9302/2/5
f 9304/3/5 9302/3/5 9303/3/5
f 9305/2/5 9298/2/5 9304/2/5
f 9306/3/5 9300/3/5 9299/3/5
f 9307/3/5 9300/3/5 9306/3/5
f 9308/5/5 9305/5/5 9304/5/5
f 9308/5/5 9304/5/5 9303/5/5
f 9309/5/5 9305/5/5 9308/5/5
f 9310/5/5 9305/5/5 9309/5/5
f 9311/5/5 9307/5/5 9306/5/5
f 9312/5/5 9307/5/5 9311/5/5
f 9313/2/5 9310/2/5 9309/2/5
f 9313/4/5 9309/4/5 9308/4/5
f 9314/2/5 9310/2/5 9313/2/5
f 9315/4/5 9313/4/5 9308/4/5
f 9315/4/5 9314/4/5 9313/4/5
f 9316/4/5 9314/4/5 9315/4/5
f 9317/2/5 9312/2/5 9311/2/5
f 9318/2/5 9312/2/5 9317/2/5
f 9319/4/5 9315/4/5 9308/4/5
f 9320/2/5 9316/2/5 9315/2/5
f 9320/4/5 9315/4/5 9319/4/5
f 9321/2/5 9316/2/5 9320/2/5
f 9322/4/5 9318/4/5 9317/4/5
f 9323/4/5 9318/4/5 9322/4/5
f 9324/2/5 9320/2/5 9319/2/5
f 9325/4/5 9321/4/5 9320/4/5
f 9325/2/5 9320/2/5 9324/2/5
f 9326/4/5 9321/4/5 9325/4/5
f 9327/3/5 9323/3/5 9322/3/5
f 9328/3/5 9323/3/5 9327/3/5
f 9329/4/5 9325/4/5 9324/4/5
f 9330/3/5 9326/3/5 9325/3/5
f 9330/4/5 9325/4/5 9329/4/5
f 9331/3/5 9326/3/5 9330/3/5
f 9332/5/5 9328/5/5 9327/5/5
f 9333/5/5 9328/5/5 9332/5/5
f 9334/5/5 9331/5/5 9330/5/5
f 9334/5/5 9330/5/5 9329/5/5
f 9335/5/5 9331/5/5 9334/5/5
f 9336/5/5 9331/5/5 9335/5/5
f 9337/3/5 9333/3/5 9332/3/5
f 9338/3/5 9333/3/5 9337/3/5
f 9339/4/5 9336/4/5 9335/4/5
f 9339/2/5 9335/2/5 9334/2/5
f 9340/4/5 9336/4/5 9339/4/5
f 9341/4/5 9338/4/5 9337/4/5
f 9342/4/5 9338/4/5 9341/4/5
f 9343/2/5 9340/2/5 9339/2/5
f 9343/2/5 9339/2/5 9334/2/5
f 9344/2/5 9340/2/5 9343/2/5
f 9345/3/5 9342/3/5 9341/3/5
f 9346/3/5 9342/3/5 9345/3/5
f 9347/3/5 9344/3/5 9343/3/5
f 9347/2/5 9343/2/5 9334/2/5
f 9348/3/5 9344/3/5 9347/3/5
f 9349/2/5 9346/2/5 9345/2/5
f 9350/2/5 9346/2/5 9349/2/5
f 9351/2/5 9348/2/5 9347/2/5
f 9351/2/5 9347/2/5 9334/2/5
f 9352/2/5 9348/2/5 9351/2/5
f 9353/5/5 9350/5/5 9349/5/5
f 9354/5/5 9350/5/5 9353/5/5
f 9355/2/5 9351/2/5 9334/2/5
f 9356/3/5 9352/3/5 9351/3/5
f 9356/2/5 9351/2/5 9355/2/5
f 9357/3/5 9352/3/5 9356/3/5
f 9358/3/5 9354/3/5 9353/3/5
f 9359/3/5 9354/3/5 9358/3/5
f 9360/5/5 9357/5/5 9356/5/5
f 9360/5/5 9356/5/5 9355/5/5
f 9361/5/5 9357/5/5 9360/5/5
f 9362/2/5 9359/2/5 9358/2/5
f 9363/2/5 9359/2/5 9362/2/5
f 9364/4/5 9361/4/5 9360/4/5
f 9365/4/5 9361/4/5 9364/4/5
f 9366/3/5 9363/3/5 9362/3/5
f 9367/3/5 9363/3/5 9366/3/5
f 9368/4/5 9364/4/5 9360/4/5
f 9369/3/5 9365/3/5 9364/3/5
f 9369/4/5 9364/4/5 9368/4/5
f 9370/3/5 9365/3/5 9369/3/5
f 9371/2/5 9367/2/5 9366/2/5
f 9372/2/5 9367/2/5 9371/2/5
f 9373/2/5 9370/2/5 9369/2/5
f 9373/2/5 9369/2/5 9368/2/5
f 9374/2/5 9370/2/5 9373/2/5
f 9375/5/5 9372/5/5 9371/5/5
f 9376/5/5 9372/5/5 9375/5/5
f 9377/3/5 9374/3/5 9373/3/5
f 9378/2/5 9370/2/5 9374/2/5
f 9378/3/5 9374/3/5 9377/3/5
f 9379/2/5 9370/2/5 9378/2/5
f 9380/5/5 9378/5/5 9377/5/5
f 9380/5/5 9379/5/5 9378/5/5
f 9381/5/5 9379/5/5 9380/5/5
f 9382/5/5 9379/5/5 9381/5/5
f 9383/2/5 9376/2/5 9375/2/5
f 9384/2/5 9376/2/5 9383/2/5
f 9385/2/5 9381/2/5 9380/2/5
f 9386/3/5 9382/3/5 9381/3/5
f 9386/2/5 9381/2/5 9385/2/5
f 9387/3/5 9382/3/5 9386/3/5
f 9388/3/5 9386/3/5 9385/3/5
f 9389/4/5 9387/4/5 9386/4/5
f 9389/3/5 9386/3/5 9388/3/5
f 9390/4/5 9384/4/5 9383/4/5
f 9391/4/5 9384/4/5 9390/4/5
f 9392/4/5 9389/4/5 9388/4/5
f 9393/4/5 9387/4/5 9389/4/5
f 9393/4/5 9389/4/5 9392/4/5
f 9394/5/5 9391/5/5 9390/5/5
f 9395/5/5 9391/5/5 9394/5/5
f 9396/3/5 9393/3/5 9392/3/5
f 9397/3/5 9393/3/5 9396/3/5
f 9398/2/5 9395/2/5 9394/2/5
f 9399/2/5 9395/2/5 9398/2/5
f 9400/2/5 9397/2/5 9396/2/5
f 9401/2/5 9397/2/5 9400/2/5
f 9402/5/5 9401/5/5 9400/5/5
f 9403/5/5 9401/5/5 9402/5/5
f 9404/5/5 9401/5/5 9403/5/5
f 9405/4/5 9399/4/5 9398/4/5
f 9406/4/5 9399/4/5 9405/4/5
f 9407/4/5 9403/4/5 9402/4/5
f 9408/2/5 9404/2/5 9403/2/5
f 9408/4/5 9403/4/5 9407/4/5
f 9409/2/5 9404/2/5 9408/2/5
f 9410/3/5 9406/3/5 9405/3/5
f 9411/3/5 9406/3/5 9410/3/5
f 9412/2/5 9408/2/5 9407/2/5
f 9413/3/5 9409/3/5 9408/3/5
f 9413/2/5 9408/2/5 9412/2/5
f 9414/3/5 9409/3/5 9413/3/5
f 9415/2/5 9411/2/5 9410/2/5
f 9416/2/5 9411/2/5 9415/2/5
f 9417/4/5 9413/4/5 9412/4/5
f 9418/2/5 9414/2/5 9413/2/5
f 9418/4/5 9413/4/5 9417/4/5
f 9419/5/5 9416/5/5 9415/5/5
f 9420/5/5 9416/5/5 9419/5/5
f 9421/3/5 9418/3/5 9417/3/5
f 9422/2/5 9414/2/5 9418/2/5
f 9422/3/5 9418/3/5 9421/3/5
f 9423/2/5 9414/2/5 9422/2/5
f 9424/4/5 9420/4/5 9419/4/5
f 9425/4/5 9420/4/5 9424/4/5
f 9426/5/5 9423/5/5 9422/5/5
f 9426/5/5 9422/5/5 9421/5/5
f 9427/5/5 9423/5/5 9426/5/5
f 9428/5/5 9423/5/5 9427/5/5
f 9429/2/5 9425/2/5 9424/2/5
f 9430/2/5 9425/2/5 9429/2/5
f 9431/4/5 9428/4/5 9427/4/5
f 9431/3/5 9427/3/5 9426/3/5
f 9432/4/5 9428/4/5 9431/4/5
f 9433/4/5 9430/4/5 9429/4/5
f 9434/4/5 9430/4/5 9433/4/5
f 9453/3/5 9431/3/5 9426/3/5
f 9454/2/5 9432/2/5 9431/2/5
f 9454/3/5 9431/3/5 9453/3/5
f 9455/2/5 9432/2/5 9454/2/5
f 9456/3/5 9434/3/5 9433/3/5
f 9457/3/5 9434/3/5 9456/3/5
f 9460/6/5 9436/6/5 9435/6/5
f 9461/2/5 9437/2/5 9436/2/5
f 9461/6/5 9436/6/5 9460/6/5
f 9462/2/5 9437/2/5 9461/2/5
f 9463/2/5 9437/2/5 9462/2/5
f 9464/2/5 9437/2/5 9463/2/5
f 9465/3/5 9438/3/5 9437/3/5
f 9466/2/5 9439/2/5 9438/2/5
f 9466/3/5 9438/3/5 9465/3/5
f 9467/3/5 9440/3/5 9439/3/5
f 9468/2/5 9441/2/5 9440/2/5
f 9468/3/5 9440/3/5 9467/3/5
f 9469/4/5 9444/4/5 9443/4/5
f 9469/2/5 9443/2/5 9442/2/5
f 9470/3/5 9445/3/5 9444/3/5
f 9470/4/5 9444/4/5 9469/4/5
f 9471/2/5 9446/2/5 9445/2/5
f 9471/3/5 9445/3/5 9470/3/5
f 9472/3/5 9447/3/5 9446/3/5
f 9472/2/5 9446/2/5 9471/2/5
f 9473/2/5 9448/2/5 9447/2/5
f 9473/3/5 9447/3/5 9472/3/5
f 9474/4/5 9449/4/5 9448/4/5
f 9474/2/5 9448/2/5 9473/2/5
f 9475/2/5 9450/2/5 9449/2/5
f 9475/4/5 9449/4/5 9474/4/5
f 9476/4/5 9451/4/5 9450/4/5
f 9476/2/5 9450/2/5 9475/2/5
f 9477/5/5 9457/5/5 9456/5/5
f 9478/3/5 9458/3/5 9457/3/5
f 9478/5/5 9457/5/5 9477/5/5
f 9479/6/5 9459/6/5 9458/6/5
f 9479/3/5 9458/3/5 9478/3/5
f 9480/2/5 9462/2/5 9461/2/5
f 9481/4/5 9463/4/5 9462/4/5
f 9481/2/5 9462/2/5 9480/2/5
f 9482/3/5 9464/3/5 9463/3/5
f 9482/4/5 9463/4/5 9481/4/5
f 9483/2/5 9437/2/5 9464/2/5
f 9483/3/5 9464/3/5 9482/3/5
f 9484/3/5 9465/3/5 9437/3/5
f 9484/2/5 9437/2/5 9483/2/5
f 9485/4/5 9466/4/5 9465/4/5
f 9485/3/5 9465/3/5 9484/3/5
f 9486/2/5 9439/2/5 9466/2/5
f 9486/4/5 9466/4/5 9485/4/5
f 9487/3/5 9467/3/5 9439/3/5
f 9487/2/5 9439/2/5 9486/2/5
f 9488/2/5 9468/2/5 9467/2/5
f 9488/3/5 9467/3/5 9487/3/5
f 9489/2/5 9441/2/5 9468/2/5
f 9489/2/5 9468/2/5 9488/2/5
f 9489/3/5 9442/3/5 9441/3/5
f 9490/2/5 9471/2/5 9470/2/5
f 9490/3/5 9442/3/5 9489/3/5
f 9490/2/5 9470/2/5 9469/2/5
f 9490/2/5 9469/2/5 9442/2/5
f 9491/3/5 9472/3/5 9471/3/5
f 9491/2/5 9471/2/5 9490/2/5
f 9492/2/5 9474/2/5 9473/2/5
f 9492/3/5 9472/3/5 9491/3/5
f 9492/2/5 9473/2/5 9472/2/5
f 9493/3/5 9475/3/5 9474/3/5
f 9493/2/5 9474/2/5 9492/2/5
f 9493/3/5 9476/3/5 9475/3/5
f 9494/4/5 9451/4/5 9476/4/5
f 9494/3/5 9476/3/5 9493/3/5
f 9495/2/5 9452/2/5 9451/2/5
f 9495/4/5 9451/4/5 9494/4/5
f 9496/4/5 9453/4/5 9452/4/5
f 9496/2/5 9452/2/5 9495/2/5
f 9497/4/5 9453/4/5 9496/4/5
f 9498/8/5 9478/8/5 9477/8/5
f 9498/8/5 9479/8/5 9478/8/5
f 9499/6/5 9459/6/5 9479/6/5
f 9499/8/5 9479/8/5 9498/8/5
f 9500/6/5 9459/6/5 9499/6/5
f 9501/6/5 9460/6/5 9435/6/5
f 9502/6/5 9460/6/5 9501/6/5
f 9545/8/5 9506/8/5 9505/8/5
f 9546/6/5 9507/6/5 9506/6/5
f 9546/8/5 9506/8/5 9545/8/5
f 9547/6/5 9504/6/5 9503/6/5
f 9548/6/5 9504/6/5 9547/6/5
f 9549/4/5 9509/4/5 9508/4/5
f 9550/2/5 9510/2/5 9509/2/5
f 9550/4/5 9509/4/5 9549/4/5
f 9551/3/5 9511/3/5 9510/3/5
f 9551/2/5 9510/2/5 9550/2/5
f 9552/2/5 9512/2/5 9511/2/5
f 9552/3/5 9511/3/5 9551/3/5
f 9553/3/5 9513/3/5 9512/3/5
f 9553/2/5 9512/2/5 9552/2/5
f 9554/2/5 9514/2/5 9513/2/5
f 9554/3/5 9513/3/5 9553/3/5
f 9555/4/5 9515/4/5 9514/4/5
f 9555/2/5 9514/2/5 9554/2/5
f 9556/2/5 9516/2/5 9515/2/5
f 9556/4/5 9515/4/5 9555/4/5
f 9557/3/5 9517/3/5 9516/3/5
f 9557/2/5 9516/2/5 9556/2/5
f 9558/2/5 9518/2/5 9517/2/5
f 9558/3/5 9517/3/5 9557/3/5
f 9559/4/5 9519/4/5 9518/4/5
f 9559/2/5 9518/2/5 9558/2/5
f 9560/3/5 9520/3/5 9519/3/5
f 9560/4/5 9519/4/5 9559/4/5
f 9561/2/5 9521/2/5 9520/2/5
f 9561/3/5 9520/3/5 9560/3/5
f 9562/3/5 9522/3/5 9521/3/5
f 9562/2/5 9521/2/5 9561/2/5
f 9563/2/5 9523/2/5 9522/2/5
f 9563/3/5 9522/3/5 9562/3/5
f 9564/3/5 9524/3/5 9523/3/5
f 9564/2/5 9523/2/5 9563/2/5
f 9565/4/5 9525/4/5 9524/4/5
f 9565/3/5 9524/3/5 9564/3/5
f 9566/2/5 9526/2/5 9525/2/5
f 9566/4/5 9525/4/5 9565/4/5
f 9567/4/5 9527/4/5 9526/4/5
f 9567/2/5 9526/2/5 9566/2/5
f 9568/2/5 9528/2/5 9527/2/5
f 9568/4/5 9527/4/5 9567/4/5
f 9569/4/5 9529/4/5 9528/4/5
f 9569/2/5 9528/2/5 9568/2/5
f 9570/2/5 9530/2/5 9529/2/5
f 9570/4/5 9529/4/5 9569/4/5
f 9571/3/5 9531/3/5 9530/3/5
f 9571/2/5 9530/2/5 9570/2/5
f 9572/2/5 9532/2/5 9531/2/5
f 9572/3/5 9531/3/5 9571/3/5
f 9573/3/5 9533/3/5 9532/3/5
f 9573/2/5 9532/2/5 9572/2/5
f 9574/4/5 9534/4/5 9533/4/5
f 9574/3/5 9533/3/5 9573/3/5
f 9575/3/5 9535/3/5 9534/3/5
f 9575/4/5 9534/4/5 9574/4/5
f 9576/4/5 9536/4/5 9535/4/5
f 9576/3/5 9535/3/5 9575/3/5
f 9577/2/5 9537/2/5 9536/2/5
f 9577/4/5 9536/4/5 9576/4/5
f 9578/4/5 9538/4/5 9537/4/5
f 9578/2/5 9537/2/5 9577/2/5
f 9579/2/5 9539/2/5 9538/2/5
f 9579/4/5 9538/4/5 9578/4/5
f 9580/4/5 9540/4/5 9539/4/5
f 9580/2/5 9539/2/5 9579/2/5
f 9581/3/5 9541/3/5 9540/3/5
f 9581/4/5 9540/4/5 9580/4/5
f 9582/4/5 9542/4/5 9541/4/5
f 9582/3/5 9541/3/5 9581/3/5
f 9583/2/5 9543/2/5 9542/2/5
f 9583/4/5 9542/4/5 9582/4/5
f 9584/3/5 9544/3/5 9543/3/5
f 9584/2/5 9543/2/5 9583/2/5
f 9585/3/5 9544/3/5 9584/3/5
f 9586/3/5 9546/3/5 9545/3/5
f 9587/6/5 9507/6/5 9546/6/5
f 9587/3/5 9546/3/5 9586/3/5
f 9588/6/5 9507/6/5 9587/6/5
f 9594/6/5 9590/6/5 9589/6/5
f 9595/6/5 9590/6/5 9594/6/5
f 9596/8/5 9592/8/5 9591/8/5
f 9597/6/5 9593/6/5 9592/6/5
f 9597/8/5 9592/8/5 9596/8/5
f 9598/6/5 9593/6/5 9597/6/5
f 9602/8/5 9600/8/5 9599/8/5
f 9603/6/5 9601/6/5 9600/6/5
f 9603/8/5 9600/8/5 9602/8/5
f 9604/6/5 9601/6/5 9603/6/5
f 9608/8/5 9606/8/5 9605/8/5
f 9609/6/5 9607/6/5 9606/6/5
f 9609/8/5 9606/8/5 9608/8/5
f 9610/6/5 9607/6/5 9609/6/5
f 9616/6/5 9612/6/5 9611/6/5
f 9617/6/5 9612/6/5 9616/6/5
f 9618/8/5 9614/8/5 9613/8/5
f 9619/6/5 9615/6/5 9614/6/5
f 9619/8/5 9614/8/5 9618/8/5
f 9620/6/5 9615/6/5 9619/6/5
f 9623/6/5 9622/6/5 9621/6/5
f 9624/6/5 9622/6/5 9623/6/5
f 9628/8/5 9626/8/5 9625/8/5
f 9629/6/5 9627/6/5 9626/6/5
f 9629/8/5 9626/8/5 9628/8/5
f 9630/6/5 9627/6/5 9629/6/5
f 9633/6/5 9632/6/5 9631/6/5
f 9634/6/5 9632/6/5 9633/6/5
f 9640/6/5 9636/6/5 9635/6/5
f 9641/6/5 9636/6/5 9640/6/5
f 9642/8/5 9638/8/5 9637/8/5
f 9643/6/5 9639/6/5 9638/6/5
f 9643/8/5 9638/8/5 9642/8/5
f 9644/6/5 9639/6/5 9643/6/5
f 9647/6/5 9646/6/5 9645/6/5
f 9648/6/5 9646/6/5 9647/6/5
f 9651/6/5 9650/6/5 9649/6/5
f 9652/6/5 9650/6/5 9651/6/5
f 9655/6/5 9654/6/5 9653/6/5
f 9656/6/5 9654/6/5 9655/6/5
f 9662/6/5 9658/6/5 9657/6/5
f 9663/6/5 9658/6/5 9662/6/5
f 9664/8/5 9660/8/5 9659/8/5
f 9665/6/5 9661/6/5 9660/6/5
f 9665/8/5 9660/8/5 9664/8/5
f 9666/6/5 9661/6/5 9665/6/5
f 9670/8/5 9668/8/5 9667/8/5
f 9671/6/5 9669/6/5 9668/6/5
f 9671/8/5 9668/8/5 9670/8/5
f 9672/6/5 9669/6/5 9671/6/5
f 9675/6/5 9674/6/5 9673/6/5
f 9676/6/5 9674/6/5 9675/6/5
f 9679/6/5 9678/6/5 9677/6/5
f 9680/6/5 9678/6/5 9679/6/5
f 9683/6/5 9682/6/5 9681/6/5
f 9684/6/5 9682/6/5 9683/6/5
f 9690/6/5 9686/6/5 9685/6/5
f 9691/6/5 9686/6/5 9690/6/5
f 9692/8/5 9688/8/5 9687/8/5
f 9693/6/5 9689/6/5 9688/6/5
f 9693/8/5 9688/8/5 9692/8/5
f 9694/6/5 9689/6/5 9693/6/5
f 9700/6/5 9696/6/5 9695/6/5
f 9701/6/5 9696/6/5 9700/6/5
f 9702/8/5 9698/8/5 9697/8/5
f 9703/6/5 9699/6/5 9698/6/5
f 9703/8/5 9698/8/5 9702/8/5
f 9704/6/5 9699/6/5 9703/6/5
f 9707/6/5 9706/6/5 9705/6/5
f 9708/6/5 9706/6/5 9707/6/5
f 9711/6/5 9710/6/5 9709/6/5
f 9712/6/5 9710/6/5 9711/6/5
f 9715/6/5 9714/6/5 9713/6/5
f 9716/6/5 9714/6/5 9715/6/5
f 9719/6/5 9718/6/5 9717/6/5
f 9720/6/5 9718/6/5 9719/6/5
f 9724/8/5 9722/8/5 9721/8/5
f 9725/6/5 9723/6/5 9722/6/5
f 9725/8/5 9722/8/5 9724/8/5
f 9726/6/5 9723/6/5 9725/6/5
f 9729/6/5 9728/6/5 9727/6/5
f 9730/6/5 9728/6/5 9729/6/5
f 9733/6/5 9732/6/5 9731/6/5
f 9734/6/5 9733/6/5 9731/6/5
f 9735/6/5 9734/6/5 9731/6/5
f 9736/6/5 9734/6/5 9735/6/5
f 9739/6/5 9738/6/5 9737/6/5
f 9740/6/5 9738/6/5 9739/6/5
f 9744/8/5 9742/8/5 9741/8/5
f 9745/6/5 9743/6/5 9742/6/5
f 9745/8/5 9742/8/5 9744/8/5
f 9746/6/5 9743/6/5 9745/6/5
f 9750/8/5 9748/8/5 9747/8/5
f 9751/6/5 9749/6/5 9748/6/5
f 9751/8/5 9748/8/5 9750/8/5
f 9752/6/5 9749/6/5 9751/6/5
f 9758/6/5 9754/6/5 9753/6/5
f 9759/6/5 9754/6/5 9758/6/5
f 9760/8/5 9756/8/5 9755/8/5
f 9761/6/5 9757/6/5 9756/6/5
f 9761/8/5 9756/8/5 9760/8/5
f 9762/6/5 9757/6/5 9761/6/5
f 9765/6/5 9764/6/5 9763/6/5
f 9766/6/5 9764/6/5 9765/6/5
f 9772/6/5 9768/6/5 9767/6/5
f 9773/6/5 9768/6/5 9772/6/5
f 9774/8/5 9770/8/5 9769/8/5
f 9775/6/5 9771/6/5 9770/6/5
f 9775/8/5 9770/8/5 9774/8/5
f 9776/6/5 9771/6/5 9775/6/5
f 9782/6/5 9778/6/5 9777/6/5
f 9783/6/5 9778/6/5 9782/6/5
f 9784/8/5 9780/8/5 9779/8/5
f 9785/6/5 9781/6/5 9780/6/5
f 9785/8/5 9780/8/5 9784/8/5
f 9786/6/5 9781/6/5 9785/6/5
f 9792/6/5 9788/6/5 9787/6/5
f 9793/6/5 9788/6/5 9792/6/5
f 9794/8/5 9790/8/5 9789/8/5
f 9795/6/5 9791/6/5 9790/6/5
f 9795/8/5 9790/8/5 9794/8/5
f 9796/6/5 9791/6/5 9795/6/5
f 9802/6/5 9798/6/5 9797/6/5
f 9803/6/5 9798/6/5 9802/6/5
f 9804/8/5 9800/8/5 9799/8/5
f 9805/6/5 9801/6/5 9800/6/5
f 9805/8/5 9800/8/5 9804/8/5
f 9806/6/5 9801/6/5 9805/6/5
f 9812/6/5 9808/6/5 9807/6/5
f 9813/6/5 9808/6/5 9812/6/5
f 9814/8/5 9810/8/5 9809/8/5
f 9815/6/5 9811/6/5 9810/6/5
f 9815/8/5 9810/8/5 9814/8/5
f 9816/6/5 9811/6/5 9815/6/5
f 9819/6/5 9818/6/5 9817/6/5
f 9820/6/5 9818/6/5 9819/6/5
f 9826/6/5 9822/6/5 9821/6/5
f 9827/6/5 9822/6/5 9826/6/5
f 9828/8/5 9824/8/5 9823/8/5
f 9829/6/5 9825/6/5 9824/6/5
f 9829/8/5 9824/8/5 9828/8/5
f 9830/6/5 9825/6/5 9829/6/5
f 9834/8/5 9832/8/5 9831/8/5
f 9835/6/5 9833/6/5 9832/6/5
f 9835/8/5 9832/8/5 9834/8/5
f 9836/6/5 9833/6/5 9835/6/5
f 9839/6/5 9838/6/5 9837/6/5
f 9840/6/5 9838/6/5 9839/6/5
f 9843/6/5 9842/6/5 9841/6/5
f 9844/6/5 9842/6/5 9843/6/5
f 9848/8/5 9846/8/5 9845/8/5
f 9849/6/5 9847/6/5 9846/6/5
f 9849/8/5 9846/8/5 9848/8/5
f 9850/6/5 9847/6/5 9849/6/5
f 9856/6/5 9852/6/5 9851/6/5
f 9857/6/5 9852/6/5 9856/6/5
f 9858/8/5 9854/8/5 9853/8/5
f 9859/6/5 9855/6/5 9854/6/5
f 9859/8/5 9854/8/5 9858/8/5
f 9860/6/5 9855/6/5 9859/6/5
f 9866/6/5 9865/6/5 9864/6/5
f 9867/6/5 9865/6/5 9866/6/5
f 9868/8/5 9862/8/5 9861/8/5
f 9869/6/5 9863/6/5 9862/6/5
f 9869/8/5 9862/8/5 9868/8/5
f 9870/6/5 9863/6/5 9869/6/5
f 9871/6/6 9872/6/6 9873/6/6
f 9873/6/6 9872/6/6 9874/6/6
f 9875/6/6 9876/6/6 9877/6/6
f 9877/6/6 9876/6/6 9878/6/6
f 9879/6/6 9880/6/6 9881/6/6
f 9881/6/6 9880/6/6 9882/6/6
f 9883/6/6 9884/6/6 9885/6/6
f 9885/6/6 9884/6/6 9886/6/6
f 9887/6/6 9888/6/6 9891/6/6
f 9891/6/6 9888/6/6 9892/6/6
f 9889/6/6 9890/6/6 9893/6/6
f 9893/6/6 9890/6/6 9894/6/6
f 9895/7/6 9896/7/6 9897/7/6
f 9897/7/6 9896/7/6 9898/7/6
f 9899/7/6 9900/7/6 9901/7/6
f 9901/7/6 9900/7/6 9902/7/6
f 9903/6/6 9904/6/6 9905/6/6
f 9905/6/6 9904/6/6 9906/6/6
f 9907/7/6 9908/7/6 9911/7/6
f 9911/7/6 9908/7/6 9912/7/6
f 9909/7/6 9910/7/6 9913/7/6
f 9913/7/6 9910/7/6 9914/7/6
f 9915/7/6 9916/7/6 9917/7/6
f 9917/7/6 9916/7/6 9918/7/6
f 9919/7/6 9920/7/6 9921/7/6
f 9921/7/6 9920/7/6 9922/7/6
f 9923/7/6 9924/7/6 9927/7/6
f 9927/7/6 9924/7/6 9928/7/6
f 9925/7/6 9926/7/6 9929/7/6
f 9929/7/6 9926/7/6 9930/7/6
f 9931/7/6 9932/7/6 9933/7/6
f 9933/7/6 9932/7/6 9934/7/6
f 9935/7/6 9936/7/6 9937/7/6
f 9937/7/6 9936/7/6 9938/7/6
f 9939/6/6 9940/6/6 9941/6/6
f 9941/6/6 9940/6/6 9942/6/6
f 9943/7/6 9944/7/6 9947/7/6
f 9947/7/6 9944/7/6 9948/7/6
f 9945/7/6 9946/7/6 9949/7/6
f 9949/7/6 9946/7/6 9950/7/6
f 9951/7/6 9952/7/6 9953/7/6
f 9953/7/6 9952/7/6 9954/7/6
f 9955/7/6 9956/7/6 9957/7/6
f 9957/7/6 9956/7/6 9958/7/6
f 9959/7/6 9960/7/6 9961/7/6
f 9961/7/6 9960/7/6 9962/7/6
f 9963/7/6 9964/7/6 9965/7/6
f 9965/7/6 9964/7/6 9966/7/6
f 9967/6/6 9968/6/6 9969/6/6
f 9969/6/6 9968/6/6 9970/6/6
f 9971/7/6 9972/7/6 9975/7/6
f 9975/7/6 9972/7/6 9976/7/6
f 9973/7/6 9974/7/6 9977/7/6
f 9977/7/6 9974/7/6 9978/7/6
f 9979/7/6 9980/7/6 9981/7/6
f 9981/7/6 9980/7/6 9982/7/6
f 9983/7/6 9984/7/6 9985/7/6
f 9985/7/6 9984/7/6 9986/7/6
f 9987/7/6 9988/7/6 9991/7/6
f 9991/7/6 9988/7/6 9992/7/6
f 9989/7/6 9990/7/6 9993/7/6
f 9993/7/6 9990/7/6 9994/7/6
f 9995/6/6 9996/6/6 9997/6/6
f 9997/6/6 9996/6/6 9998/6/6
f 9999/6/6 10000/6/6 10001/6/6
f 10001/6/6 10000/6/6 10002/6/6
f 10003/6/6 10004/6/6 10005/6/6
f 10005/6/6 10004/6/6 10006/6/6
f 10007/6/6 10008/6/6 10009/6/6
f 10009/6/6 10008/6/6 10010/6/6
f 10011/6/6 10012/6/6 10013/6/6
f 10013/6/6 10012/6/6 10014/6/6
f 10015/6/6 10016/6/6 10017/6/6
f 10017/6/6 10016/6/6 10018/6/6
f 10019/6/6 10020/6/6 10021/6/6
f 10019/6/6 10021/6/6 10022/6/6
f 10019/6/6 10022/6/6 10023/6/6
f 10019/6/6 10023/6/6 10024/6/6
f 10019/6/6 10024/6/6 10025/6/6
f 10025/6/6 10024/6/6 10026/6/6
f 10027/6/6 10028/6/6 10029/6/6
f 10029/6/6 10028/6/6 10030/6/6
f 10031/6/6 10032/6/6 10033/6/6
f 10033/6/6 10032/6/6 10034/6/6
f 10035/6/6 10036/6/6 10037/6/6
f 10037/6/6 10036/6/6 10038/6/6
f 10039/9/6 10040/9/6 10041/9/6
f 10041/9/6 10040/9/6 10042/9/6
f 10043/6/6 10044/6/6 10045/6/6
f 10043/6/6 10045/6/6 10046/6/6
f 10043/6/6 10046/6/6 10047/6/6
f 10043/6/6 10047/6/6 10048/6/6
f 10043/6/6 10048/6/6 10049/6/6
f 10049/6/6 10048/6/6 10050/6/6
f 10051/6/6 10052/6/6 10053/6/6
f 10053/6/6 10052/6/6 10054/6/6
f 10055/6/6 10056/6/6 10057/6/6
f 10057/6/6 10056/6/6 10058/6/6
f 10059/6/6 10060/6/6 10061/6/6
f 10061/6/6 10060/6/6 10062/6/6
f 10063/6/6 10064/6/6 10065/6/6
f 10065/6/6 10064/6/6 10066/6/6
f 10067/6/6 10068/6/6 10071/6/6
f 10071/6/6 10068/6/6 10072/6/6
f 10069/6/6 10070/6/6 10073/6/6
f 10073/6/6 10070/6/6 10074/6/6
f 10075/6/6 10076/6/6 10079/6/6
f 10079/6/6 10076/6/6 10080/6/6
f 10077/6/6 10078/6/6 10081/6/6
f 10081/6/6 10078/6/6 10082/6/6
f 10079/2/6 10080/2/6 10083/2/6
f 10083/2/6 10080/2/6 10084/2/6
f 10081/3/6 10082/3/6 10085/3/6
f 10085/3/6 10082/3/6 10086/3/6
f 10083/4/6 10084/4/6 10087/4/6
f 10087/4/6 10084/4/6 10088/4/6
f 10085/2/6 10086/2/6 10089/2/6
f 10089/2/6 10086/2/6 10090/2/6
f 10087/2/6 10088/2/6 10091/2/6
f 10091/2/6 10088/2/6 10092/2/6
f 10091/3/6 10092/3/6 10093/3/6
f 10093/3/6 10092/3/6 10094/3/6
f 10089/3/6 10090/3/6 10095/3/6
f 10095/3/6 10090/3/6 10096/3/6
f 10093/5/6 10094/5/6 10097/5/6
f 10097/5/6 10094/5/6 10098/5/6
f 10095/5/6 10096/5/6 10099/5/6
f 10099/5/6 10096/5/6 10100/5/6
f 10097/4/6 10098/4/6 10101/4/6
f 10099/2/6 10100/2/6 10102/2/6
f 10097/4/6 10101/4/6 10103/4/6
f 10102/2/6 10100/2/6 10104/2/6
f 10104/2/6 10100/2/6 10105/2/6
f 10097/4/6 10103/4/6 10106/4/6
f 10106/4/6 10103/4/6 10107/4/6
f 10104/4/6 10105/4/6 10108/4/6
f 10108/4/6 10105/4/6 10109/4/6
f 10106/2/6 10107/2/6 10110/2/6
f 10110/2/6 10107/2/6 10111/2/6
f 10108/3/6 10109/3/6 10112/3/6
f 10112/3/6 10109/3/6 10113/3/6
f 10110/4/6 10111/4/6 10114/4/6
f 10114/4/6 10111/4/6 10115/4/6
f 10112/5/6 10113/5/6 10116/5/6
f 10116/5/6 10113/5/6 10117/5/6
f 10114/5/6 10115/5/6 10118/5/6
f 10118/5/6 10115/5/6 10119/5/6
f 10116/3/6 10117/3/6 10120/3/6
f 10120/3/6 10117/3/6 10121/3/6
f 10118/2/6 10119/2/6 10122/2/6
f 10120/4/6 10121/4/6 10123/4/6
f 10123/4/6 10121/4/6 10124/4/6
f 10118/2/6 10122/2/6 10125/2/6
f 10123/3/6 10124/3/6 10126/3/6
f 10126/3/6 10124/3/6 10127/3/6
f 10118/2/6 10125/2/6 10128/2/6
f 10126/2/6 10127/2/6 10129/2/6
f 10129/2/6 10127/2/6 10130/2/6
f 10118/2/6 10128/2/6 10131/2/6
f 10129/5/6 10130/5/6 10132/5/6
f 10132/5/6 10130/5/6 10133/5/6
f 10118/2/6 10131/2/6 10134/2/6
f 10134/2/6 10131/2/6 10135/2/6
f 10132/3/6 10133/3/6 10136/3/6
f 10136/3/6 10133/3/6 10137/3/6
f 10134/5/6 10135/5/6 10138/5/6
f 10138/5/6 10135/5/6 10139/5/6
f 10136/2/6 10137/2/6 10140/2/6
f 10138/4/6 10139/4/6 10141/4/6
f 10140/2/6 10137/2/6 10142/2/6
f 10142/2/6 10137/2/6 10143/2/6
f 10138/4/6 10141/4/6 10144/4/6
f 10142/3/6 10143/3/6 10145/3/6
f 10145/3/6 10143/3/6 10146/3/6
f 10138/4/6 10144/4/6 10147/4/6
f 10147/4/6 10144/4/6 10148/4/6
f 10145/2/6 10146/2/6 10149/2/6
f 10149/2/6 10146/2/6 10150/2/6
f 10147/2/6 10148/2/6 10151/2/6
f 10151/2/6 10148/2/6 10152/2/6
f 10149/5/6 10150/5/6 10153/5/6
f 10153/5/6 10150/5/6 10154/5/6
f 10151/3/6 10152/3/6 10155/3/6
f 10155/3/6 10152/3/6 10156/3/6
f 10153/2/6 10154/2/6 10157/2/6
f 10155/5/6 10156/5/6 10158/5/6
f 10158/5/6 10156/5/6 10159/5/6
f 10157/2/6 10154/2/6 10160/2/6
f 10160/2/6 10154/2/6 10161/2/6
f 10158/2/6 10159/2/6 10162/2/6
f 10162/2/6 10159/2/6 10163/2/6
f 10160/4/6 10161/4/6 10164/4/6
f 10162/3/6 10163/3/6 10165/3/6
f 10165/3/6 10163/3/6 10166/3/6
f 10164/4/6 10161/4/6 10167/4/6
f 10167/4/6 10161/4/6 10168/4/6
f 10165/4/6 10166/4/6 10169/4/6
f 10169/4/6 10166/4/6 10170/4/6
f 10167/5/6 10168/5/6 10171/5/6
f 10171/5/6 10168/5/6 10172/5/6
f 10169/3/6 10170/3/6 10173/3/6
f 10173/3/6 10170/3/6 10174/3/6
f 10171/2/6 10172/2/6 10175/2/6
f 10175/2/6 10172/2/6 10176/2/6
f 10173/2/6 10174/2/6 10177/2/6
f 10177/2/6 10174/2/6 10178/2/6
f 10175/4/6 10176/4/6 10179/4/6
f 10177/5/6 10178/5/6 10180/5/6
f 10180/5/6 10178/5/6 10181/5/6
f 10179/4/6 10176/4/6 10182/4/6
f 10182/4/6 10176/4/6 10183/4/6
f 10180/4/6 10181/4/6 10184/4/6
f 10184/4/6 10181/4/6 10185/4/6
f 10182/3/6 10183/3/6 10186/3/6
f 10186/3/6 10183/3/6 10187/3/6
f 10184/2/6 10185/2/6 10188/2/6
f 10188/2/6 10185/2/6 10189/2/6
f 10186/2/6 10187/2/6 10190/2/6
f 10190/2/6 10187/2/6 10191/2/6
f 10188/4/6 10189/4/6 10192/4/6
f 10192/4/6 10189/4/6 10193/4/6
f 10190/5/6 10191/5/6 10194/5/6
f 10194/5/6 10191/5/6 10195/5/6
f 10192/3/6 10193/3/6 10196/3/6
f 10196/3/6 10193/3/6 10197/3/6
f 10194/4/6 10195/4/6 10198/4/6
f 10198/4/6 10195/4/6 10199/4/6
f 10196/5/6 10197/5/6 10200/5/6
f 10200/5/6 10197/5/6 10201/5/6
f 10198/2/6 10199/2/6 10202/2/6
f 10202/2/6 10199/2/6 10203/2/6
f 10200/3/6 10201/3/6 10204/3/6
f 10202/4/6 10203/4/6 10205/4/6
f 10205/4/6 10203/4/6 10206/4/6
f 10200/3/6 10204/3/6 10225/3/6
f 10225/3/6 10204/3/6 10226/3/6
f 10205/3/6 10206/3/6 10227/3/6
f 10227/3/6 10206/3/6 10228/3/6
f 10207/6/6 10208/6/6 10231/6/6
f 10208/2/6 10209/2/6 10232/2/6
f 10231/6/6 10208/6/6 10232/6/6
f 10232/2/6 10209/2/6 10233/2/6
f 10233/2/6 10209/2/6 10234/2/6
f 10234/2/6 10209/2/6 10235/2/6
f 10209/3/6 10210/3/6 10236/3/6
f 10235/2/6 10209/2/6 10236/2/6
f 10236/3/6 10210/3/6 10237/3/6
f 10210/2/6 10211/2/6 10238/2/6
f 10237/3/6 10210/3/6 10238/3/6
f 10211/3/6 10212/3/6 10239/3/6
f 10238/2/6 10211/2/6 10239/2/6
f 10239/3/6 10212/3/6 10240/3/6
f 10212/2/6 10213/2/6 10241/2/6
f 10240/3/6 10212/3/6 10241/3/6
f 10213/3/6 10214/3/6 10242/3/6
f 10241/2/6 10213/2/6 10242/2/6
f 10242/3/6 10214/3/6 10243/3/6
f 10214/2/6 10215/2/6 10244/2/6
f 10243/3/6 10214/3/6 10244/3/6
f 10215/4/6 10216/4/6 10245/4/6
f 10244/2/6 10215/2/6 10245/2/6
f 10245/4/6 10216/4/6 10246/4/6
f 10216/3/6 10217/3/6 10247/3/6
f 10246/4/6 10216/4/6 10247/4/6
f 10217/2/6 10218/2/6 10248/2/6
f 10247/3/6 10217/3/6 10248/3/6
f 10248/2/6 10218/2/6 10249/2/6
f 10218/3/6 10219/3/6 10250/3/6
f 10249/2/6 10218/2/6 10250/2/6
f 10219/2/6 10220/2/6 10251/2/6
f 10250/3/6 10219/3/6 10251/3/6
f 10220/4/6 10221/4/6 10252/4/6
f 10251/2/6 10220/2/6 10252/2/6
f 10221/2/6 10222/2/6 10253/2/6
f 10252/4/6 10221/4/6 10253/4/6
f 10222/4/6 10223/4/6 10254/4/6
f 10253/2/6 10222/2/6 10254/2/6
f 10223/2/6 10224/2/6 10255/2/6
f 10254/4/6 10223/4/6 10255/4/6
f 10224/4/6 10225/4/6 10256/4/6
f 10255/2/6 10224/2/6 10256/2/6
f 10225/2/6 10226/2/6 10257/2/6
f 10256/4/6 10225/4/6 10257/4/6
f 10257/2/6 10226/2/6 10258/2/6
f 10227/5/6 10228/5/6 10259/5/6
f 10228/3/6 10229/3/6 10260/3/6
f 10259/5/6 10228/5/6 10260/5/6
f 10229/6/6 10230/6/6 10261/6/6
f 10260/3/6 10229/3/6 10261/3/6
f 10261/6/6 10230/6/6 10262/6/6
f 10263/6/6 10264/6/6 10308/6/6
f 10264/4/6 10265/4/6 10309/4/6
f 10308/6/6 10264/6/6 10309/6/6
f 10265/2/6 10266/2/6 10310/2/6
f 10309/4/6 10265/4/6 10310/4/6
f 10266/3/6 10267/3/6 10311/3/6
f 10310/2/6 10266/2/6 10311/2/6
f 10267/2/6 10268/2/6 10312/2/6
f 10311/3/6 10267/3/6 10312/3/6
f 10268/3/6 10269/3/6 10313/3/6
f 10312/2/6 10268/2/6 10313/2/6
f 10269/2/6 10270/2/6 10314/2/6
f 10313/3/6 10269/3/6 10314/3/6
f 10270/4/6 10271/4/6 10315/4/6
f 10314/2/6 10270/2/6 10315/2/6
f 10271/2/6 10272/2/6 10316/2/6
f 10315/4/6 10271/4/6 10316/4/6
f 10272/3/6 10273/3/6 10317/3/6
f 10316/2/6 10272/2/6 10317/2/6
f 10273/3/6 10274/3/6 10317/3/6
f 10274/2/6 10275/2/6 10318/2/6
f 10317/3/6 10274/3/6 10318/3/6
f 10275/4/6 10276/4/6 10319/4/6
f 10318/2/6 10275/2/6 10319/2/6
f 10276/3/6 10277/3/6 10320/3/6
f 10319/4/6 10276/4/6 10320/4/6
f 10277/2/6 10278/2/6 10321/2/6
f 10320/3/6 10277/3/6 10321/3/6
f 10278/2/6 10279/2/6 10321/2/6
f 10279/3/6 10280/3/6 10322/3/6
f 10321/2/6 10279/2/6 10322/2/6
f 10280/2/6 10281/2/6 10323/2/6
f 10322/3/6 10280/3/6 10323/3/6
f 10281/3/6 10282/3/6 10324/3/6
f 10323/2/6 10281/2/6 10324/2/6
f 10282/4/6 10283/4/6 10325/4/6
f 10324/3/6 10282/3/6 10325/3/6
f 10283/2/6 10284/2/6 10326/2/6
f 10325/4/6 10283/4/6 10326/4/6
f 10284/4/6 10285/4/6 10327/4/6
f 10326/2/6 10284/2/6 10327/2/6
f 10285/2/6 10286/2/6 10328/2/6
f 10327/4/6 10285/4/6 10328/4/6
f 10286/4/6 10287/4/6 10329/4/6
f 10328/2/6 10286/2/6 10329/2/6
f 10287/2/6 10288/2/6 10330/2/6
f 10329/4/6 10287/4/6 10330/4/6
f 10288/3/6 10289/3/6 10331/3/6
f 10330/2/6 10288/2/6 10331/2/6
f 10289/2/6 10290/2/6 10332/2/6
f 10331/3/6 10289/3/6 10332/3/6
f 10290/3/6 10291/3/6 10333/3/6
f 10332/2/6 10290/2/6 10333/2/6
f 10291/4/6 10292/4/6 10334/4/6
f 10333/3/6 10291/3/6 10334/3/6
f 10292/3/6 10293/3/6 10335/3/6
f 10334/4/6 10292/4/6 10335/4/6
f 10293/4/6 10294/4/6 10336/4/6
f 10335/3/6 10293/3/6 10336/3/6
f 10294/2/6 10295/2/6 10337/2/6
f 10336/4/6 10294/4/6 10337/4/6
f 10295/4/6 10296/4/6 10338/4/6
f 10337/2/6 10295/2/6 10338/2/6
f 10296/2/6 10297/2/6 10339/2/6
f 10338/4/6 10296/4/6 10339/4/6
f 10297/4/6 10298/4/6 10340/4/6
f 10339/2/6 10297/2/6 10340/2/6
f 10298/3/6 10299/3/6 10341/3/6
f 10340/4/6 10298/4/6 10341/4/6
f 10299/4/6 10300/4/6 10342/4/6
f 10341/3/6 10299/3/6 10342/3/6
f 10300/2/6 10301/2/6 10343/2/6
f 10342/4/6 10300/4/6 10343/4/6
f 10301/3/6 10302/3/6 10344/3/6
f 10343/2/6 10301/2/6 10344/2/6
f 10302/2/6 10303/2/6 10345/2/6
f 10344/3/6 10302/3/6 10345/3/6
f 10304/4/6 10305/4/6 10346/4/6
f 10345/2/6 10303/2/6 10346/2/6
f 10303/4/6 10304/4/6 10346/4/6
f 10305/3/6 10306/3/6 10347/3/6
f 10346/4/6 10305/4/6 10347/4/6
f 10306/6/6 10307/6/6 10348/6/6
f 10347/3/6 10306/3/6 10348/3/6
f 10348/6/6 10307/6/6 10349/6/6
f 10350/6/6 10351/6/6 10354/6/6
f 10354/6/6 10351/6/6 10355/6/6
f 10352/6/6 10353/6/6 10356/6/6
f 10356/6/6 10353/6/6 10357/6/6
f 10354/2/6 10355/2/6 10358/2/6
f 10358/2/6 10355/2/6 10359/2/6
f 10356/2/6 10357/2/6 10360/2/6
f 10360/2/6 10357/2/6 10361/2/6
f 10358/3/6 10359/3/6 10362/3/6
f 10360/3/6 10361/3/6 10363/3/6
f 10358/3/6 10362/3/6 10364/3/6
f 10363/3/6 10361/3/6 10365/3/6
f 10365/3/6 10361/3/6 10366/3/6
f 10358/3/6 10364/3/6 10367/3/6
f 10367/3/6 10364/3/6 10368/3/6
f 10365/2/6 10366/2/6 10369/2/6
f 10369/2/6 10366/2/6 10370/2/6
f 10367/5/6 10368/5/6 10371/5/6
f 10371/5/6 10368/5/6 10372/5/6
f 10369/5/6 10370/5/6 10373/5/6
f 10373/5/6 10370/5/6 10374/5/6
f 10371/4/6 10372/4/6 10375/4/6
f 10375/4/6 10372/4/6 10376/4/6
f 10373/2/6 10374/2/6 10377/2/6
f 10377/2/6 10374/2/6 10378/2/6
f 10375/2/6 10376/2/6 10379/2/6
f 10375/2/6 10379/2/6 10380/2/6
f 10377/3/6 10378/3/6 10381/3/6
f 10381/3/6 10378/3/6 10382/3/6
f 10375/2/6 10380/2/6 10383/2/6
f 10383/2/6 10380/2/6 10384/2/6
f 10381/4/6 10382/4/6 10385/4/6
f 10385/4/6 10382/4/6 10386/4/6
f 10383/3/6 10384/3/6 10387/3/6
f 10387/3/6 10384/3/6 10388/3/6
f 10385/5/6 10386/5/6 10389/5/6
f 10389/5/6 10386/5/6 10390/5/6
f 10387/5/6 10388/5/6 10391/5/6
f 10391/5/6 10388/5/6 10392/5/6
f 10389/4/6 10390/4/6 10393/4/6
f 10393/4/6 10390/4/6 10394/4/6
f 10391/2/6 10392/2/6 10395/2/6
f 10395/2/6 10392/2/6 10396/2/6
f 10393/3/6 10394/3/6 10397/3/6
f 10397/3/6 10394/3/6 10398/3/6
f 10395/3/6 10396/3/6 10399/3/6
f 10399/3/6 10396/3/6 10400/3/6
f 10397/4/6 10398/4/6 10401/4/6
f 10399/2/6 10400/2/6 10402/2/6
f 10402/2/6 10400/2/6 10403/2/6
f 10401/4/6 10398/4/6 10404/4/6
f 10404/4/6 10398/4/6 10405/4/6
f 10402/4/6 10403/4/6 10406/4/6
f 10406/4/6 10403/4/6 10407/4/6
f 10404/5/6 10405/5/6 10408/5/6
f 10408/5/6 10405/5/6 10409/5/6
f 10406/2/6 10407/2/6 10410/2/6
f 10410/2/6 10407/2/6 10411/2/6
f 10408/3/6 10409/3/6 10412/3/6
f 10410/5/6 10411/5/6 10413/5/6
f 10413/5/6 10411/5/6 10414/5/6
f 10412/3/6 10409/3/6 10415/3/6
f 10415/3/6 10409/3/6 10416/3/6
f 10413/3/6 10414/3/6 10417/3/6
f 10413/3/6 10417/3/6 10418/3/6
f 10418/3/6 10417/3/6 10419/3/6
f 10415/2/6 10416/2/6 10420/2/6
f 10420/2/6 10416/2/6 10421/2/6
f 10418/4/6 10419/4/6 10422/4/6
f 10422/4/6 10419/4/6 10423/4/6
f 10420/4/6 10421/4/6 10424/4/6
f 10424/4/6 10421/4/6 10425/4/6
f 10422/2/6 10423/2/6 10426/2/6
f 10426/2/6 10423/2/6 10427/2/6
f 10424/5/6 10425/5/6 10428/5/6
f 10428/5/6 10425/5/6 10429/5/6
f 10426/3/6 10427/3/6 10430/3/6
f 10430/3/6 10427/3/6 10431/3/6
f 10430/5/6 10431/5/6 10432/5/6
f 10428/4/6 10429/4/6 10433/4/6
f 10433/4/6 10429/4/6 10434/4/6
f 10433/3/6 10434/3/6 10435/3/6
f 10435/3/6 10434/3/6 10436/3/6
f 10430/5/6 10432/5/6 10437/5/6
f 10435/2/6 10436/2/6 10438/2/6
f 10438/2/6 10436/2/6 10439/2/6
f 10430/5/6 10437/5/6 10440/5/6
f 10438/5/6 10439/5/6 10441/5/6
f 10441/5/6 10439/5/6 10442/5/6
f 10430/5/6 10440/5/6 10443/5/6
f 10441/4/6 10442/4/6 10444/4/6
f 10444/4/6 10442/4/6 10445/4/6
f 10430/5/6 10443/5/6 10446/5/6
f 10444/3/6 10445/3/6 10447/3/6
f 10447/3/6 10445/3/6 10448/3/6
f 10430/5/6 10446/5/6 10449/5/6
f 10449/5/6 10446/5/6 10450/5/6
f 10447/2/6 10448/2/6 10451/2/6
f 10451/2/6 10448/2/6 10452/2/6
f 10449/2/6 10450/2/6 10453/2/6
f 10453/2/6 10450/2/6 10454/2/6
f 10451/4/6 10452/4/6 10455/4/6
f 10455/4/6 10452/4/6 10456/4/6
f 10453/4/6 10454/4/6 10457/4/6
f 10455/2/6 10456/2/6 10458/2/6
f 10458/2/6 10456/2/6 10459/2/6
f 10453/4/6 10457/4/6 10460/4/6
f 10460/4/6 10457/4/6 10461/4/6
f 10458/5/6 10459/5/6 10462/5/6
f 10462/5/6 10459/5/6 10463/5/6
f 10460/3/6 10461/3/6 10464/3/6
f 10464/3/6 10461/3/6 10465/3/6
f 10462/3/6 10463/3/6 10466/3/6
f 10466/3/6 10463/3/6 10467/3/6
f 10464/5/6 10465/5/6 10468/5/6
f 10468/5/6 10465/5/6 10469/5/6
f 10466/2/6 10467/2/6 10470/2/6
f 10470/2/6 10467/2/6 10471/2/6
f 10468/4/6 10469/4/6 10472/4/6
f 10472/4/6 10469/4/6 10473/4/6
f 10472/3/6 10473/3/6 10474/3/6
f 10474/3/6 10473/3/6 10475/3/6
f 10470/4/6 10471/4/6 10476/4/6
f 10476/4/6 10471/4/6 10477/4/6
f 10474/4/6 10475/4/6 10478/4/6
f 10478/4/6 10475/4/6 10479/4/6
f 10476/5/6 10477/5/6 10480/5/6
f 10480/5/6 10477/5/6 10481/5/6
f 10482/6/6 10483/6/6 10486/6/6
f 10486/6/6 10483/6/6 10487/6/6
f 10484/6/6 10485/6/6 10488/6/6
f 10488/6/6 10485/6/6 10489/6/6
f 10486/2/6 10487/2/6 10490/2/6
f 10490/2/6 10487/2/6 10491/2/6
f 10488/3/6 10489/3/6 10492/3/6
f 10492/3/6 10489/3/6 10493/3/6
f 10490/3/6 10491/3/6 10494/3/6
f 10494/3/6 10491/3/6 10495/3/6
f 10492/4/6 10493/4/6 10496/4/6
f 10496/4/6 10493/4/6 10497/4/6
f 10494/2/6 10495/2/6 10498/2/6
f 10498/2/6 10495/2/6 10499/2/6
f 10496/3/6 10497/3/6 10500/3/6
f 10500/3/6 10497/3/6 10501/3/6
f 10498/5/6 10499/5/6 10502/5/6
f 10502/5/6 10499/5/6 10503/5/6
f 10500/5/6 10501/5/6 10504/5/6
f 10504/5/6 10501/5/6 10505/5/6
f 10502/3/6 10503/3/6 10506/3/6
f 10506/3/6 10503/3/6 10507/3/6
f 10504/2/6 10505/2/6 10508/2/6
f 10508/2/6 10505/2/6 10509/2/6
f 10506/2/6 10507/2/6 10510/2/6
f 10510/2/6 10507/2/6 10511/2/6
f 10508/4/6 10509/4/6 10512/4/6
f 10510/3/6 10511/3/6 10513/3/6
f 10513/3/6 10511/3/6 10514/3/6
f 10512/4/6 10509/4/6 10515/4/6
f 10515/4/6 10509/4/6 10516/4/6
f 10513/4/6 10514/4/6 10517/4/6
f 10517/4/6 10514/4/6 10518/4/6
f 10515/2/6 10516/2/6 10519/2/6
f 10519/2/6 10516/2/6 10520/2/6
f 10517/3/6 10518/3/6 10521/3/6
f 10521/3/6 10518/3/6 10522/3/6
f 10519/5/6 10520/5/6 10523/5/6
f 10523/5/6 10520/5/6 10524/5/6
f 10521/5/6 10522/5/6 10525/5/6
f 10525/5/6 10522/5/6 10526/5/6
f 10523/4/6 10524/4/6 10527/4/6
f 10527/4/6 10524/4/6 10528/4/6
f 10525/2/6 10526/2/6 10529/2/6
f 10529/2/6 10526/2/6 10530/2/6
f 10527/3/6 10528/3/6 10531/3/6
f 10531/3/6 10528/3/6 10532/3/6
f 10529/3/6 10530/3/6 10533/3/6
f 10531/2/6 10532/2/6 10534/2/6
f 10534/2/6 10532/2/6 10535/2/6
f 10529/3/6 10533/3/6 10536/3/6
f 10534/4/6 10535/4/6 10537/4/6
f 10537/4/6 10535/4/6 10538/4/6
f 10537/5/6 10538/5/6 10539/5/6
f 10539/5/6 10538/5/6 10540/5/6
f 10529/3/6 10536/3/6 10541/3/6
f 10541/3/6 10536/3/6 10542/3/6
f 10539/4/6 10540/4/6 10543/4/6
f 10543/4/6 10540/4/6 10544/4/6
f 10541/5/6 10542/5/6 10545/5/6
f 10545/5/6 10542/5/6 10546/5/6
f 10543/3/6 10544/3/6 10547/3/6
f 10547/3/6 10544/3/6 10548/3/6
f 10545/3/6 10546/3/6 10549/3/6
f 10549/3/6 10546/3/6 10550/3/6
f 10547/2/6 10548/2/6 10551/2/6
f 10549/2/6 10550/2/6 10552/2/6
f 10552/2/6 10550/2/6 10553/2/6
f 10551/2/6 10548/2/6 10554/2/6
f 10554/2/6 10548/2/6 10555/2/6
f 10554/4/6 10555/4/6 10556/4/6
f 10556/4/6 10555/4/6 10557/4/6
f 10552/3/6 10553/3/6 10558/3/6
f 10558/3/6 10553/3/6 10559/3/6
f 10556/5/6 10557/5/6 10560/5/6
f 10560/5/6 10557/5/6 10561/5/6
f 10558/2/6 10559/2/6 10562/2/6
f 10562/2/6 10559/2/6 10563/2/6
f 10562/5/6 10563/5/6 10564/5/6
f 10564/5/6 10563/5/6 10565/5/6
f 10560/2/6 10561/2/6 10566/2/6
f 10566/2/6 10561/2/6 10567/2/6
f 10564/2/6 10565/2/6 10568/2/6
f 10566/4/6 10567/4/6 10569/4/6
f 10569/4/6 10567/4/6 10570/4/6
f 10564/2/6 10568/2/6 10571/2/6
f 10571/2/6 10568/2/6 10572/2/6
f 10569/2/6 10570/2/6 10573/2/6
f 10573/2/6 10570/2/6 10574/2/6
f 10571/3/6 10572/3/6 10575/3/6
f 10575/3/6 10572/3/6 10576/3/6
f 10573/5/6 10574/5/6 10577/5/6
f 10577/5/6 10574/5/6 10578/5/6
f 10575/2/6 10576/2/6 10579/2/6
f 10579/2/6 10576/2/6 10580/2/6
f 10577/2/6 10578/2/6 10581/2/6
f 10579/3/6 10580/3/6 10582/3/6
f 10582/3/6 10580/3/6 10583/3/6
f 10581/2/6 10578/2/6 10584/2/6
f 10584/2/6 10578/2/6 10585/2/6
f 10582/5/6 10583/5/6 10586/5/6
f 10586/5/6 10583/5/6 10587/5/6
f 10584/4/6 10585/4/6 10588/4/6
f 10586/3/6 10587/3/6 10589/3/6
f 10588/4/6 10585/4/6 10590/4/6
f 10590/4/6 10585/4/6 10591/4/6
f 10586/3/6 10589/3/6 10592/3/6
f 10592/3/6 10589/3/6 10593/3/6
f 10590/2/6 10591/2/6 10594/2/6
f 10594/2/6 10591/2/6 10595/2/6
f 10592/2/6 10593/2/6 10596/2/6
f 10594/5/6 10595/5/6 10597/5/6
f 10597/5/6 10595/5/6 10598/5/6
f 10592/2/6 10596/2/6 10599/2/6
f 10599/2/6 10596/2/6 10600/2/6
f 10597/3/6 10598/3/6 10601/3/6
f 10601/3/6 10598/3/6 10602/3/6
f 10599/5/6 10600/5/6 10603/5/6
f 10603/5/6 10600/5/6 10604/5/6
f 10601/4/6 10602/4/6 10605/4/6
f 10605/4/6 10602/4/6 10606/4/6
f 10603/3/6 10604/3/6 10607/3/6
f 10605/3/6 10606/3/6 10608/3/6
f 10603/3/6 10607/3/6 10609/3/6
f 10608/3/6 10606/3/6 10610/3/6
f 10610/3/6 10606/3/6 10611/3/6
f 10603/3/6 10609/3/6 10630/3/6
f 10630/3/6 10609/3/6 10631/3/6
f 10610/5/6 10611/5/6 10632/5/6
f 10632/5/6 10611/5/6 10633/5/6
f 10612/6/6 10613/6/6 10638/6/6
f 10613/2/6 10614/2/6 10639/2/6
f 10638/6/6 10613/6/6 10639/6/6
f 10614/4/6 10615/4/6 10640/4/6
f 10639/2/6 10614/2/6 10640/2/6
f 10640/4/6 10615/4/6 10641/4/6
f 10615/2/6 10616/2/6 10642/2/6
f 10641/4/6 10615/4/6 10642/4/6
f 10616/3/6 10617/3/6 10643/3/6
f 10642/2/6 10616/2/6 10643/2/6
f 10617/2/6 10618/2/6 10644/2/6
f 10643/3/6 10617/3/6 10644/3/6
f 10618/3/6 10619/3/6 10645/3/6
f 10644/2/6 10618/2/6 10645/2/6
f 10619/2/6 10620/2/6 10646/2/6
f 10645/3/6 10619/3/6 10646/3/6
f 10620/3/6 10621/3/6 10647/3/6
f 10646/2/6 10620/2/6 10647/2/6
f 10621/4/6 10622/4/6 10648/4/6
f 10647/3/6 10621/3/6 10648/3/6
f 10622/3/6 10623/3/6 10649/3/6
f 10648/4/6 10622/4/6 10649/4/6
f 10623/2/6 10624/2/6 10650/2/6
f 10649/3/6 10623/3/6 10650/3/6
f 10650/2/6 10624/2/6 10651/2/6
f 10624/4/6 10625/4/6 10652/4/6
f 10651/2/6 10624/2/6 10652/2/6
f 10625/3/6 10626/3/6 10653/3/6
f 10652/4/6 10625/4/6 10653/4/6
f 10626/2/6 10627/2/6 10654/2/6
f 10653/3/6 10626/3/6 10654/3/6
f 10627/3/6 10628/3/6 10655/3/6
f 10654/2/6 10627/2/6 10655/2/6
f 10628/4/6 10629/4/6 10656/4/6
f 10655/3/6 10628/3/6 10656/3/6
f 10629/2/6 10630/2/6 10657/2/6
f 10656/4/6 10629/4/6 10657/4/6
f 10657/2/6 10630/2/6 10658/2/6
f 10658/2/6 10630/2/6 10659/2/6
f 10659/2/6 10630/2/6 10660/2/6
f 10660/2/6 10630/2/6 10661/2/6
f 10661/2/6 10630/2/6 10662/2/6
f 10662/2/6 10630/2/6 10663/2/6
f 10663/2/6 10630/2/6 10664/2/6
f 10630/3/6 10631/3/6 10665/3/6
f 10664/2/6 10630/2/6 10665/2/6
f 10665/3/6 10631/3/6 10666/3/6
f 10632/3/6 10633/3/6 10667/3/6
f 10633/3/6 10634/3/6 10667/3/6
f 10667/3/6 10634/3/6 10668/3/6
f 10634/2/6 10635/2/6 10669/2/6
f 10668/3/6 10634/3/6 10669/3/6
f 10635/4/6 10636/4/6 10670/4/6
f 10669/2/6 10635/2/6 10670/2/6
f 10636/6/6 10637/6/6 10671/6/6
f 10670/4/6 10636/4/6 10671/4/6
f 10671/6/6 10637/6/6 10672/6/6
f 10673/6/6 10674/6/6 10722/6/6
f 10674/2/6 10675/2/6 10723/2/6
f 10722/6/6 10674/6/6 10723/6/6
f 10675/3/6 10676/3/6 10724/3/6
f 10723/2/6 10675/2/6 10724/2/6
f 10676/3/6 10677/3/6 10724/3/6
f 10677/2/6 10678/2/6 10725/2/6
f 10724/3/6 10677/3/6 10725/3/6
f 10678/4/6 10679/4/6 10726/4/6
f 10725/2/6 10678/2/6 10726/2/6
f 10679/4/6 10680/4/6 10726/4/6
f 10680/2/6 10681/2/6 10727/2/6
f 10726/4/6 10680/4/6 10727/4/6
f 10681/3/6 10682/3/6 10728/3/6
f 10727/2/6 10681/2/6 10728/2/6
f 10682/2/6 10683/2/6 10729/2/6
f 10728/3/6 10682/3/6 10729/3/6
f 10683/4/6 10684/4/6 10730/4/6
f 10729/2/6 10683/2/6 10730/2/6
f 10684/3/6 10685/3/6 10731/3/6
f 10730/4/6 10684/4/6 10731/4/6
f 10685/3/6 10686/3/6 10731/3/6
f 10686/2/6 10687/2/6 10732/2/6
f 10731/3/6 10686/3/6 10732/3/6
f 10687/4/6 10688/4/6 10733/4/6
f 10732/2/6 10687/2/6 10733/2/6
f 10688/2/6 10689/2/6 10734/2/6
f 10733/4/6 10688/4/6 10734/4/6
f 10689/4/6 10690/4/6 10735/4/6
f 10734/2/6 10689/2/6 10735/2/6
f 10690/4/6 10691/4/6 10735/4/6
f 10691/2/6 10692/2/6 10736/2/6
f 10735/4/6 10691/4/6 10736/4/6
f 10692/2/6 10693/2/6 10736/2/6
f 10693/3/6 10694/3/6 10737/3/6
f 10736/2/6 10693/2/6 10737/2/6
f 10694/4/6 10695/4/6 10738/4/6
f 10737/3/6 10694/3/6 10738/3/6
f 10695/4/6 10696/4/6 10738/4/6
f 10696/3/6 10697/3/6 10739/3/6
f 10738/4/6 10696/4/6 10739/4/6
f 10697/2/6 10698/2/6 10740/2/6
f 10739/3/6 10697/3/6 10740/3/6
f 10698/4/6 10699/4/6 10741/4/6
f 10740/2/6 10698/2/6 10741/2/6
f 10699/2/6 10700/2/6 10742/2/6
f 10741/4/6 10699/4/6 10742/4/6
f 10700/4/6 10701/4/6 10743/4/6
f 10742/2/6 10700/2/6 10743/2/6
f 10701/2/6 10702/2/6 10744/2/6
f 10743/4/6 10701/4/6 10744/4/6
f 10702/2/6 10703/2/6 10744/2/6
f 10703/2/6 10704/2/6 10744/2/6
f 10704/2/6 10705/2/6 10744/2/6
f 10705/3/6 10706/3/6 10745/3/6
f 10744/2/6 10705/2/6 10745/2/6
f 10706/2/6 10707/2/6 10746/2/6
f 10745/3/6 10706/3/6 10746/3/6
f 10707/4/6 10708/4/6 10747/4/6
f 10746/2/6 10707/2/6 10747/2/6
f 10708/3/6 10709/3/6 10748/3/6
f 10747/4/6 10708/4/6 10748/4/6
f 10709/2/6 10710/2/6 10749/2/6
f 10748/3/6 10709/3/6 10749/3/6
f 10712/4/6 10713/4/6 10750/4/6
f 10749/2/6 10710/2/6 10750/2/6
f 10711/4/6 10712/4/6 10750/4/6
f 10710/4/6 10711/4/6 10750/4/6
f 10713/3/6 10714/3/6 10751/3/6
f 10750/4/6 10713/4/6 10751/4/6
f 10714/2/6 10715/2/6 10752/2/6
f 10751/3/6 10714/3/6 10752/3/6
f 10716/4/6 10717/4/6 10753/4/6
f 10752/2/6 10715/2/6 10753/2/6
f 10715/4/6 10716/4/6 10753/4/6
f 10717/3/6 10718/3/6 10754/3/6
f 10753/4/6 10717/4/6 10754/4/6
f 10719/2/6 10720/2/6 10755/2/6
f 10754/3/6 10718/3/6 10755/3/6
f 10718/2/6 10719/2/6 10755/2/6
f 10720/6/6 10721/6/6 10756/6/6
f 10755/2/6 10720/2/6 10756/2/6
f 10756/6/6 10721/6/6 10757/6/6
f 10758/6/6 10759/6/6 10760/6/6
f 10758/6/6 10760/6/6 10761/6/6
f 10758/6/6 10761/6/6 10762/6/6
f 10762/6/6 10761/6/6 10763/6/6
f 10764/6/6 10765/6/6 10766/6/6
f 10766/6/6 10765/6/6 10767/6/6
f 10766/4/6 10767/4/6 10768/4/6
f 10768/4/6 10767/4/6 10769/4/6
f 10768/3/6 10769/3/6 10770/3/6
f 10770/3/6 10769/3/6 10771/3/6
f 10771/3/6 10769/3/6 10772/3/6
f 10771/2/6 10772/2/6 10773/2/6
f 10773/2/6 10772/2/6 10774/2/6
f 10773/5/6 10774/5/6 10775/5/6
f 10775/5/6 10774/5/6 10776/5/6
f 10775/3/6 10776/3/6 10777/3/6
f 10777/3/6 10776/3/6 10778/3/6
f 10777/4/6 10778/4/6 10779/4/6
f 10779/4/6 10778/4/6 10780/4/6
f 10779/3/6 10780/3/6 10781/3/6
f 10781/3/6 10780/3/6 10782/3/6
f 10781/5/6 10782/5/6 10783/5/6
f 10783/5/6 10782/5/6 10784/5/6
f 10783/2/6 10784/2/6 10785/2/6
f 10785/2/6 10784/2/6 10786/2/6
f 10785/3/6 10786/3/6 10787/3/6
f 10787/3/6 10786/3/6 10788/3/6
f 10787/2/6 10788/2/6 10789/2/6
f 10789/2/6 10788/2/6 10790/2/6
f 10789/4/6 10790/4/6 10791/4/6
f 10791/4/6 10790/4/6 10792/4/6
f 10791/5/6 10792/5/6 10793/5/6
f 10793/5/6 10792/5/6 10794/5/6
f 10793/2/6 10794/2/6 10795/2/6
f 10795/2/6 10794/2/6 10796/2/6
f 10795/3/6 10796/3/6 10797/3/6
f 10797/3/6 10796/3/6 10798/3/6
f 10797/2/6 10798/2/6 10799/2/6
f 10799/2/6 10798/2/6 10800/2/6
f 10799/3/6 10800/3/6 10801/3/6
f 10801/3/6 10800/3/6 10802/3/6
f 10801/4/6 10802/4/6 10803/4/6
f 10803/4/6 10802/4/6 10804/4/6
f 10803/5/6 10804/5/6 10805/5/6
f 10805/5/6 10804/5/6 10806/5/6
f 10805/4/6 10806/4/6 10807/4/6
f 10807/4/6 10806/4/6 10808/4/6
f 10807/2/6 10808/2/6 10809/2/6
f 10809/2/6 10808/2/6 10810/2/6
f 10809/4/6 10810/4/6 10811/4/6
f 10811/4/6 10810/4/6 10812/4/6
f 10811/3/6 10812/3/6 10813/3/6
f 10813/3/6 10812/3/6 10814/3/6
f 10813/5/6 10814/5/6 10815/5/6
f 10815/5/6 10814/5/6 10816/5/6
f 10815/3/6 10816/3/6 10817/3/6
f 10817/3/6 10816/3/6 10818/3/6
f 10817/4/6 10818/4/6 10819/4/6
f 10819/4/6 10818/4/6 10820/4/6
f 10820/4/6 10818/4/6 10821/4/6
f 10821/4/6 10818/4/6 10822/4/6
f 10821/2/6 10822/2/6 10823/2/6
f 10823/2/6 10822/2/6 10824/2/6
f 10823/5/6 10824/5/6 10825/5/6
f 10825/5/6 10824/5/6 10826/5/6
f 10825/3/6 10826/3/6 10827/3/6
f 10827/3/6 10826/3/6 10828/3/6
f 10827/2/6 10828/2/6 10829/2/6
f 10829/2/6 10828/2/6 10830/2/6
f 10829/3/6 10830/3/6 10831/3/6
f 10831/3/6 10830/3/6 10832/3/6
f 10831/2/6 10832/2/6 10833/2/6
f 10833/2/6 10832/2/6 10834/2/6
f 10833/5/6 10834/5/6 10835/5/6
f 10835/5/6 10834/5/6 10836/5/6
f 10835/4/6 10836/4/6 10859/4/6
f 10859/4/6 10836/4/6 10860/4/6
f 10837/6/6 10838/6/6 10864/6/6
f 10838/2/6 10839/2/6 10865/2/6
f 10864/6/6 10838/6/6 10865/6/6
f 10839/3/6 10840/3/6 10866/3/6
f 10865/2/6 10839/2/6 10866/2/6
f 10840/4/6 10841/4/6 10867/4/6
f 10866/3/6 10840/3/6 10867/3/6
f 10867/4/6 10841/4/6 10868/4/6
f 10841/3/6 10842/3/6 10869/3/6
f 10868/4/6 10841/4/6 10869/4/6
f 10842/4/6 10843/4/6 10870/4/6
f 10869/3/6 10842/3/6 10870/3/6
f 10843/2/6 10844/2/6 10871/2/6
f 10870/4/6 10843/4/6 10871/4/6
f 10871/2/6 10844/2/6 10872/2/6
f 10844/4/6 10845/4/6 10873/4/6
f 10872/2/6 10844/2/6 10873/2/6
f 10845/3/6 10846/3/6 10874/3/6
f 10873/4/6 10845/4/6 10874/4/6
f 10846/2/6 10847/2/6 10875/2/6
f 10874/3/6 10846/3/6 10875/3/6
f 10847/3/6 10848/3/6 10876/3/6
f 10875/2/6 10847/2/6 10876/2/6
f 10848/4/6 10849/4/6 10877/4/6
f 10876/3/6 10848/3/6 10877/3/6
f 10849/3/6 10850/3/6 10878/3/6
f 10877/4/6 10849/4/6 10878/4/6
f 10850/4/6 10851/4/6 10879/4/6
f 10878/3/6 10850/3/6 10879/3/6
f 10851/3/6 10852/3/6 10880/3/6
f 10879/4/6 10851/4/6 10880/4/6
f 10852/2/6 10853/2/6 10881/2/6
f 10880/3/6 10852/3/6 10881/3/6
f 10881/2/6 10853/2/6 10882/2/6
f 10853/3/6 10854/3/6 10883/3/6
f 10882/2/6 10853/2/6 10883/2/6
f 10883/3/6 10854/3/6 10884/3/6
f 10854/2/6 10855/2/6 10885/2/6
f 10884/3/6 10854/3/6 10885/3/6
f 10855/4/6 10856/4/6 10886/4/6
f 10885/2/6 10855/2/6 10886/2/6
f 10856/2/6 10857/2/6 10887/2/6
f 10886/4/6 10856/4/6 10887/4/6
f 10857/3/6 10858/3/6 10888/3/6
f 10887/2/6 10857/2/6 10888/2/6
f 10888/3/6 10858/3/6 10889/3/6
f 10859/4/6 10860/4/6 10890/4/6
f 10860/4/6 10861/4/6 10890/4/6
f 10890/4/6 10861/4/6 10891/4/6
f 10861/2/6 10862/2/6 10892/2/6
f 10891/4/6 10861/4/6 10892/4/6
f 10892/2/6 10862/2/6 10893/2/6
f 10862/6/6 10863/6/6 10894/6/6
f 10893/2/6 10862/2/6 10894/2/6
f 10894/6/6 10863/6/6 10895/6/6
f 10896/6/6 10897/6/6 10898/6/6
f 10898/6/6 10897/6/6 10899/6/6
f 10900/6/6 10901/6/6 10902/6/6
f 10902/6/6 10901/6/6 10903/6/6
f 10904/6/6 10905/6/6 10953/6/6
f 10905/4/6 10906/4/6 10954/4/6
f 10953/6/6 10905/6/6 10954/6/6
f 10906/4/6 10907/4/6 10954/4/6
f 10907/2/6 10908/2/6 10955/2/6
f 10954/4/6 10907/4/6 10955/4/6
f 10908/3/6 10909/3/6 10956/3/6
f 10955/2/6 10908/2/6 10956/2/6
f 10909/2/6 10910/2/6 10957/2/6
f 10956/3/6 10909/3/6 10957/3/6
f 10910/3/6 10911/3/6 10958/3/6
f 10957/2/6 10910/2/6 10958/2/6
f 10911/2/6 10912/2/6 10959/2/6
f 10958/3/6 10911/3/6 10959/3/6
f 10912/3/6 10913/3/6 10960/3/6
f 10959/2/6 10912/2/6 10960/2/6
f 10913/3/6 10914/3/6 10960/3/6
f 10914/2/6 10915/2/6 10961/2/6
f 10960/3/6 10914/3/6 10961/3/6
f 10915/4/6 10916/4/6 10962/4/6
f 10961/2/6 10915/2/6 10962/2/6
f 10916/3/6 10917/3/6 10963/3/6
f 10962/4/6 10916/4/6 10963/4/6
f 10917/2/6 10918/2/6 10964/2/6
f 10963/3/6 10917/3/6 10964/3/6
f 10918/4/6 10919/4/6 10965/4/6
f 10964/2/6 10918/2/6 10965/2/6
f 10919/3/6 10920/3/6 10966/3/6
f 10965/4/6 10919/4/6 10966/4/6
f 10920/4/6 10921/4/6 10967/4/6
f 10966/3/6 10920/3/6 10967/3/6
f 10921/2/6 10922/2/6 10968/2/6
f 10967/4/6 10921/4/6 10968/4/6
f 10922/4/6 10923/4/6 10969/4/6
f 10968/2/6 10922/2/6 10969/2/6
f 10923/2/6 10924/2/6 10970/2/6
f 10969/4/6 10923/4/6 10970/4/6
f 10924/3/6 10925/3/6 10971/3/6
f 10970/2/6 10924/2/6 10971/2/6
f 10925/3/6 10926/3/6 10971/3/6
f 10926/2/6 10927/2/6 10972/2/6
f 10971/3/6 10926/3/6 10972/3/6
f 10927/2/6 10928/2/6 10972/2/6
f 10928/2/6 10929/2/6 10972/2/6
f 10929/3/6 10930/3/6 10973/3/6
f 10972/2/6 10929/2/6 10973/2/6
f 10930/2/6 10931/2/6 10974/2/6
f 10973/3/6 10930/3/6 10974/3/6
f 10931/3/6 10932/3/6 10975/3/6
f 10974/2/6 10931/2/6 10975/2/6
f 10932/3/6 10933/3/6 10975/3/6
f 10933/2/6 10934/2/6 10976/2/6
f 10975/3/6 10933/3/6 10976/3/6
f 10934/4/6 10935/4/6 10977/4/6
f 10976/2/6 10934/2/6 10977/2/6
f 10935/2/6 10936/2/6 10978/2/6
f 10977/4/6 10935/4/6 10978/4/6
f 10936/3/6 10937/3/6 10979/3/6
f 10978/2/6 10936/2/6 10979/2/6
f 10937/4/6 10938/4/6 10980/4/6
f 10979/3/6 10937/3/6 10980/3/6
f 10938/3/6 10939/3/6 10981/3/6
f 10980/4/6 10938/4/6 10981/4/6
f 10939/4/6 10940/4/6 10982/4/6
f 10981/3/6 10939/3/6 10982/3/6
f 10940/2/6 10941/2/6 10983/2/6
f 10982/4/6 10940/4/6 10983/4/6
f 10941/2/6 10942/2/6 10983/2/6
f 10942/2/6 10943/2/6 10983/2/6
f 10943/2/6 10944/2/6 10983/2/6
f 10944/3/6 10945/3/6 10984/3/6
f 10983/2/6 10944/2/6 10984/2/6
f 10946/2/6 10947/2/6 10985/2/6
f 10984/3/6 10945/3/6 10985/3/6
f 10945/2/6 10946/2/6 10985/2/6
f 10947/4/6 10948/4/6 10986/4/6
f 10985/2/6 10947/2/6 10986/2/6
f 10948/3/6 10949/3/6 10987/3/6
f 10986/4/6 10948/4/6 10987/4/6
f 10949/4/6 10950/4/6 10988/4/6
f 10987/3/6 10949/3/6 10988/3/6
f 10950/2/6 10951/2/6 10989/2/6
f 10988/4/6 10950/4/6 10989/4/6
f 10951/6/6 10952/6/6 10990/6/6
f 10989/2/6 10951/2/6 10990/2/6
f 10990/6/6 10952/6/6 10991/6/6
f 10992/6/6 10993/6/6 10994/6/6
f 10994/6/6 10993/6/6 10995/6/6
f 10994/3/6 10995/3/6 10996/3/6
f 10994/3/6 10996/3/6 10997/3/6
f 10994/3/6 10997/3/6 10998/3/6
f 10998/3/6 10997/3/6 10999/3/6
f 10998/4/6 10999/4/6 11000/4/6
f 11000/4/6 10999/4/6 11001/4/6
f 11000/5/6 11001/5/6 11002/5/6
f 11002/5/6 11001/5/6 11003/5/6
f 11002/2/6 11003/2/6 11004/2/6
f 11002/2/6 11004/2/6 11005/2/6
f 11005/2/6 11004/2/6 11006/2/6
f 11005/4/6 11006/4/6 11007/4/6
f 11005/4/6 11007/4/6 11008/4/6
f 11008/4/6 11007/4/6 11009/4/6
f 11008/5/6 11009/5/6 11010/5/6
f 11010/5/6 11009/5/6 11011/5/6
f 11010/3/6 11011/3/6 11012/3/6
f 11012/3/6 11011/3/6 11013/3/6
f 11012/4/6 11013/4/6 11014/4/6
f 11014/4/6 11013/4/6 11015/4/6
f 11014/2/6 11015/2/6 11016/2/6
f 11016/2/6 11015/2/6 11017/2/6
f 11016/5/6 11017/5/6 11018/5/6
f 11018/5/6 11017/5/6 11019/5/6
f 11018/2/6 11019/2/6 11020/2/6
f 11020/2/6 11019/2/6 11021/2/6
f 11020/3/6 11021/3/6 11022/3/6
f 11022/3/6 11021/3/6 11023/3/6
f 11022/4/6 11023/4/6 11024/4/6
f 11024/4/6 11023/4/6 11025/4/6
f 11024/2/6 11025/2/6 11026/2/6
f 11026/2/6 11025/2/6 11027/2/6
f 11026/3/6 11027/3/6 11028/3/6
f 11028/3/6 11027/3/6 11029/3/6
f 11028/5/6 11029/5/6 11030/5/6
f 11030/5/6 11029/5/6 11031/5/6
f 11030/4/6 11031/4/6 11032/4/6
f 11032/4/6 11031/4/6 11033/4/6
f 11032/2/6 11033/2/6 11034/2/6
f 11032/2/6 11034/2/6 11035/2/6
f 11035/2/6 11034/2/6 11036/2/6
f 11035/3/6 11036/3/6 11037/3/6
f 11035/3/6 11037/3/6 11038/3/6
f 11038/3/6 11037/3/6 11039/3/6
f 11038/5/6 11039/5/6 11040/5/6
f 11040/5/6 11039/5/6 11041/5/6
f 11040/3/6 11041/3/6 11042/3/6
f 11042/3/6 11041/3/6 11043/3/6
f 11042/4/6 11043/4/6 11044/4/6
f 11044/4/6 11043/4/6 11045/4/6
f 11044/2/6 11045/2/6 11046/2/6
f 11046/2/6 11045/2/6 11047/2/6
f 11046/5/6 11047/5/6 11048/5/6
f 11048/5/6 11047/5/6 11049/5/6
f 11048/4/6 11049/4/6 11050/4/6
f 11050/4/6 11049/4/6 11051/4/6
f 11050/2/6 11051/2/6 11052/2/6
f 11052/2/6 11051/2/6 11053/2/6
f 11052/4/6 11053/4/6 11054/4/6
f 11054/4/6 11053/4/6 11055/4/6
f 11054/5/6 11055/5/6 11056/5/6
f 11056/5/6 11055/5/6 11057/5/6
f 11058/6/6 11059/6/6 11060/6/6
f 11060/6/6 11059/6/6 11061/6/6
f 11062/6/6 11063/6/6 11064/6/6
f 11064/6/6 11063/6/6 11065/6/6
f 11066/6/6 11067/6/6 11114/6/6
f 11067/2/6 11068/2/6 11115/2/6
f 11114/6/6 11067/6/6 11115/6/6
f 11068/3/6 11069/3/6 11116/3/6
f 11115/2/6 11068/2/6 11116/2/6
f 11069/4/6 11070/4/6 11117/4/6
f 11116/3/6 11069/3/6 11117/3/6
f 11070/2/6 11071/2/6 11118/2/6
f 11117/4/6 11070/4/6 11118/4/6
f 11071/3/6 11072/3/6 11119/3/6
f 11118/2/6 11071/2/6 11119/2/6
f 11072/4/6 11073/4/6 11120/4/6
f 11119/3/6 11072/3/6 11120/3/6
f 11073/2/6 11074/2/6 11121/2/6
f 11120/4/6 11073/4/6 11121/4/6
f 11074/2/6 11075/2/6 11121/2/6
f 11075/2/6 11076/2/6 11121/2/6
f 11076/3/6 11077/3/6 11122/3/6
f 11121/2/6 11076/2/6 11122/2/6
f 11077/3/6 11078/3/6 11122/3/6
f 11078/4/6 11079/4/6 11123/4/6
f 11122/3/6 11078/3/6 11123/3/6
f 11079/3/6 11080/3/6 11124/3/6
f 11123/4/6 11079/4/6 11124/4/6
f 11080/2/6 11081/2/6 11125/2/6
f 11124/3/6 11080/3/6 11125/3/6
f 11081/4/6 11082/4/6 11126/4/6
f 11125/2/6 11081/2/6 11126/2/6
f 11082/2/6 11083/2/6 11127/2/6
f 11126/4/6 11082/4/6 11127/4/6
f 11083/2/6 11084/2/6 11127/2/6
f 11084/4/6 11085/4/6 11128/4/6
f 11127/2/6 11084/2/6 11128/2/6
f 11085/2/6 11086/2/6 11129/2/6
f 11128/4/6 11085/4/6 11129/4/6
f 11086/3/6 11087/3/6 11130/3/6
f 11129/2/6 11086/2/6 11130/2/6
f 11087/4/6 11088/4/6 11131/4/6
f 11130/3/6 11087/3/6 11131/3/6
f 11088/4/6 11089/4/6 11131/4/6
f 11089/2/6 11090/2/6 11132/2/6
f 11131/4/6 11089/4/6 11132/4/6
f 11090/4/6 11091/4/6 11133/4/6
f 11132/2/6 11090/2/6 11133/2/6
f 11091/4/6 11092/4/6 11133/4/6
f 11092/2/6 11093/2/6 11134/2/6
f 11133/4/6 11092/4/6 11134/4/6
f 11093/2/6 11094/2/6 11134/2/6
f 11094/4/6 11095/4/6 11135/4/6
f 11134/2/6 11094/2/6 11135/2/6
f 11095/2/6 11096/2/6 11136/2/6
f 11135/4/6 11095/4/6 11136/4/6
f 11096/4/6 11097/4/6 11137/4/6
f 11136/2/6 11096/2/6 11137/2/6
f 11097/3/6 11098/3/6 11138/3/6
f 11137/4/6 11097/4/6 11138/4/6
f 11098/2/6 11099/2/6 11139/2/6
f 11138/3/6 11098/3/6 11139/3/6
f 11099/2/6 11100/2/6 11139/2/6
f 11100/3/6 11101/3/6 11140/3/6
f 11139/2/6 11100/2/6 11140/2/6
f 11101/2/6 11102/2/6 11141/2/6
f 11140/3/6 11101/3/6 11141/3/6
f 11102/4/6 11103/4/6 11142/4/6
f 11141/2/6 11102/2/6 11142/2/6
f 11108/2/6 11109/2/6 11143/2/6
f 11142/4/6 11103/4/6 11143/4/6
f 11107/2/6 11108/2/6 11143/2/6
f 11103/2/6 11104/2/6 11143/2/6
f 11106/2/6 11107/2/6 11143/2/6
f 11105/2/6 11106/2/6 11143/2/6
f 11104/2/6 11105/2/6 11143/2/6
f 11109/3/6 11110/3/6 11144/3/6
f 11143/2/6 11109/2/6 11144/2/6
f 11110/4/6 11111/4/6 11145/4/6
f 11144/3/6 11110/3/6 11145/3/6
f 11111/2/6 11112/2/6 11146/2/6
f 11145/4/6 11111/4/6 11146/4/6
f 11112/6/6 11113/6/6 11147/6/6
f 11146/2/6 11112/2/6 11147/2/6
f 11147/6/6 11113/6/6 11148/6/6
f 11149/6/6 11150/6/6 11172/6/6
f 11150/2/6 11151/2/6 11173/2/6
f 11172/6/6 11150/6/6 11173/6/6
f 11173/2/6 11151/2/6 11174/2/6
f 11174/2/6 11151/2/6 11175/2/6
f 11175/2/6 11151/2/6 11176/2/6
f 11176/2/6 11151/2/6 11177/2/6
f 11151/4/6 11152/4/6 11178/4/6
f 11177/2/6 11151/2/6 11178/2/6
f 11152/2/6 11153/2/6 11179/2/6
f 11178/4/6 11152/4/6 11179/4/6
f 11153/3/6 11154/3/6 11180/3/6
f 11179/2/6 11153/2/6 11180/2/6
f 11154/2/6 11155/2/6 11181/2/6
f 11180/3/6 11154/3/6 11181/3/6
f 11155/4/6 11156/4/6 11182/4/6
f 11181/2/6 11155/2/6 11182/2/6
f 11156/2/6 11157/2/6 11183/2/6
f 11182/4/6 11156/4/6 11183/4/6
f 11183/2/6 11157/2/6 11184/2/6
f 11184/2/6 11157/2/6 11185/2/6
f 11185/2/6 11157/2/6 11186/2/6
f 11186/2/6 11157/2/6 11187/2/6
f 11187/2/6 11157/2/6 11188/2/6
f 11157/3/6 11158/3/6 11189/3/6
f 11188/2/6 11157/2/6 11189/2/6
f 11158/2/6 11159/2/6 11190/2/6
f 11189/3/6 11158/3/6 11190/3/6
f 11159/4/6 11160/4/6 11191/4/6
f 11190/2/6 11159/2/6 11191/2/6
f 11160/3/6 11161/3/6 11192/3/6
f 11191/4/6 11160/4/6 11192/4/6
f 11161/2/6 11162/2/6 11193/2/6
f 11192/3/6 11161/3/6 11193/3/6
f 11162/3/6 11163/3/6 11194/3/6
f 11193/2/6 11162/2/6 11194/2/6
f 11163/2/6 11164/2/6 11195/2/6
f 11194/3/6 11163/3/6 11195/3/6
f 11164/3/6 11165/3/6 11196/3/6
f 11195/2/6 11164/2/6 11196/2/6
f 11196/3/6 11165/3/6 11197/3/6
f 11197/3/6 11165/3/6 11198/3/6
f 11166/2/6 11167/2/6 11199/2/6
f 11167/4/6 11168/4/6 11200/4/6
f 11199/2/6 11167/2/6 11200/2/6
f 11168/3/6 11169/3/6 11201/3/6
f 11200/4/6 11168/4/6 11201/4/6
f 11169/4/6 11170/4/6 11202/4/6
f 11201/3/6 11169/3/6 11202/3/6
f 11170/6/6 11171/6/6 11203/6/6
f 11202/4/6 11170/4/6 11203/4/6
f 11203/6/6 11171/6/6 11204/6/6
f 11205/6/6 11206/6/6 11209/6/6
f 11209/6/6 11206/6/6 11210/6/6
f 11207/6/6 11208/6/6 11211/6/6
f 11211/6/6 11208/6/6 11212/6/6
f 11209/4/6 11210/4/6 11213/4/6
f 11213/4/6 11210/4/6 11214/4/6
f 11213/3/6 11214/3/6 11215/3/6
f 11215/3/6 11214/3/6 11216/3/6
f 11211/2/6 11212/2/6 11217/2/6
f 11217/2/6 11212/2/6 11218/2/6
f 11215/4/6 11216/4/6 11219/4/6
f 11219/4/6 11216/4/6 11220/4/6
f 11217/3/6 11218/3/6 11221/3/6
f 11221/3/6 11218/3/6 11222/3/6
f 11219/3/6 11220/3/6 11223/3/6
f 11223/3/6 11220/3/6 11224/3/6
f 11221/2/6 11222/2/6 11225/2/6
f 11225/2/6 11222/2/6 11226/2/6
f 11223/5/6 11224/5/6 11227/5/6
f 11227/5/6 11224/5/6 11228/5/6
f 11225/5/6 11226/5/6 11229/5/6
f 11229/5/6 11226/5/6 11230/5/6
f 11227/2/6 11228/2/6 11231/2/6
f 11231/2/6 11228/2/6 11232/2/6
f 11229/4/6 11230/4/6 11233/4/6
f 11233/4/6 11230/4/6 11234/4/6
f 11231/3/6 11232/3/6 11235/3/6
f 11235/3/6 11232/3/6 11236/3/6
f 11233/3/6 11234/3/6 11237/3/6
f 11237/3/6 11234/3/6 11238/3/6
f 11235/2/6 11236/2/6 11239/2/6
f 11239/2/6 11236/2/6 11240/2/6
f 11237/2/6 11238/2/6 11241/2/6
f 11241/2/6 11238/2/6 11242/2/6
f 11241/4/6 11242/4/6 11243/4/6
f 11243/4/6 11242/4/6 11244/4/6
f 11239/3/6 11240/3/6 11245/3/6
f 11245/3/6 11240/3/6 11246/3/6
f 11243/5/6 11244/5/6 11247/5/6
f 11247/5/6 11244/5/6 11248/5/6
f 11245/5/6 11246/5/6 11249/5/6
f 11249/5/6 11246/5/6 11250/5/6
f 11249/3/6 11250/3/6 11251/3/6
f 11251/3/6 11250/3/6 11252/3/6
f 11247/3/6 11248/3/6 11253/3/6
f 11253/3/6 11248/3/6 11254/3/6
f 11251/2/6 11252/2/6 11255/2/6
f 11255/2/6 11252/2/6 11256/2/6
f 11253/4/6 11254/4/6 11257/4/6
f 11257/4/6 11254/4/6 11258/4/6
f 11255/3/6 11256/3/6 11259/3/6
f 11259/3/6 11256/3/6 11260/3/6
f 11257/3/6 11258/3/6 11261/3/6
f 11261/3/6 11258/3/6 11262/3/6
f 11259/4/6 11260/4/6 11263/4/6
f 11263/4/6 11260/4/6 11264/4/6
f 11261/5/6 11262/5/6 11265/5/6
f 11265/5/6 11262/5/6 11266/5/6
f 11263/2/6 11264/2/6 11267/2/6
f 11267/2/6 11264/2/6 11268/2/6
f 11265/3/6 11266/3/6 11269/3/6
f 11269/3/6 11266/3/6 11270/3/6
f 11267/5/6 11268/5/6 11271/5/6
f 11271/5/6 11268/5/6 11272/5/6
f 11269/2/6 11270/2/6 11273/2/6
f 11273/2/6 11270/2/6 11274/2/6
f 11271/2/6 11272/2/6 11275/2/6
f 11273/4/6 11274/4/6 11276/4/6
f 11276/4/6 11274/4/6 11277/4/6
f 11276/3/6 11277/3/6 11278/3/6
f 11278/3/6 11277/3/6 11279/3/6
f 11278/2/6 11279/2/6 11280/2/6
f 11280/2/6 11279/2/6 11281/2/6
f 11271/2/6 11275/2/6 11282/2/6
f 11280/5/6 11281/5/6 11283/5/6
f 11283/5/6 11281/5/6 11284/5/6
f 11271/2/6 11282/2/6 11285/2/6
f 11285/2/6 11282/2/6 11286/2/6
f 11283/2/6 11284/2/6 11287/2/6
f 11285/5/6 11286/5/6 11288/5/6
f 11288/5/6 11286/5/6 11289/5/6
f 11287/2/6 11284/2/6 11290/2/6
f 11288/3/6 11289/3/6 11291/3/6
f 11291/3/6 11289/3/6 11292/3/6
f 11290/2/6 11284/2/6 11293/2/6
f 11291/2/6 11292/2/6 11294/2/6
f 11294/2/6 11292/2/6 11295/2/6
f 11293/2/6 11284/2/6 11296/2/6
f 11296/2/6 11284/2/6 11297/2/6
f 11294/3/6 11295/3/6 11298/3/6
f 11296/5/6 11297/5/6 11299/5/6
f 11299/5/6 11297/5/6 11300/5/6
f 11294/3/6 11298/3/6 11301/3/6
f 11301/3/6 11298/3/6 11302/3/6
f 11299/3/6 11300/3/6 11303/3/6
f 11303/3/6 11300/3/6 11304/3/6
f 11301/2/6 11302/2/6 11305/2/6
f 11305/2/6 11302/2/6 11306/2/6
f 11303/2/6 11304/2/6 11307/2/6
f 11307/2/6 11304/2/6 11308/2/6
f 11305/5/6 11306/5/6 11309/5/6
f 11309/5/6 11306/5/6 11310/5/6
f 11307/4/6 11308/4/6 11311/4/6
f 11309/2/6 11310/2/6 11312/2/6
f 11311/4/6 11308/4/6 11313/4/6
f 11313/4/6 11308/4/6 11314/4/6
f 11309/2/6 11312/2/6 11315/2/6
f 11315/2/6 11312/2/6 11316/2/6
f 11313/3/6 11314/3/6 11317/3/6
f 11317/3/6 11314/3/6 11318/3/6
f 11317/5/6 11318/5/6 11319/5/6
f 11319/5/6 11318/5/6 11320/5/6
f 11315/4/6 11316/4/6 11321/4/6
f 11321/4/6 11316/4/6 11322/4/6
f 11319/4/6 11320/4/6 11323/4/6
f 11321/5/6 11322/5/6 11324/5/6
f 11324/5/6 11322/5/6 11325/5/6
f 11323/4/6 11320/4/6 11326/4/6
f 11326/4/6 11320/4/6 11327/4/6
f 11324/2/6 11325/2/6 11328/2/6
f 11328/2/6 11325/2/6 11329/2/6
f 11326/2/6 11327/2/6 11330/2/6
f 11330/2/6 11327/2/6 11331/2/6
f 11328/4/6 11329/4/6 11332/4/6
f 11330/4/6 11331/4/6 11333/4/6
f 11333/4/6 11331/4/6 11334/4/6
f 11333/5/6 11334/5/6 11335/5/6
f 11335/5/6 11334/5/6 11336/5/6
f 11328/4/6 11332/4/6 11337/4/6
f 11337/4/6 11332/4/6 11338/4/6
f 11337/5/6 11338/5/6 11339/5/6
f 11339/5/6 11338/5/6 11340/5/6
f 11335/3/6 11336/3/6 11341/3/6
f 11341/3/6 11336/3/6 11342/3/6
f 11339/4/6 11340/4/6 11343/4/6
f 11343/4/6 11340/4/6 11344/4/6
f 11341/2/6 11342/2/6 11345/2/6
f 11345/2/6 11342/2/6 11346/2/6
f 11347/6/6 11348/6/6 11375/6/6
f 11348/2/6 11349/2/6 11376/2/6
f 11375/6/6 11348/6/6 11376/6/6
f 11349/3/6 11350/3/6 11377/3/6
f 11376/2/6 11349/2/6 11377/2/6
f 11377/3/6 11350/3/6 11378/3/6
f 11378/3/6 11350/3/6 11379/3/6
f 11350/2/6 11351/2/6 11380/2/6
f 11379/3/6 11350/3/6 11380/3/6
f 11351/4/6 11352/4/6 11381/4/6
f 11380/2/6 11351/2/6 11381/2/6
f 11352/2/6 11353/2/6 11382/2/6
f 11381/4/6 11352/4/6 11382/4/6
f 11353/4/6 11354/4/6 11383/4/6
f 11382/2/6 11353/2/6 11383/2/6
f 11354/2/6 11355/2/6 11384/2/6
f 11383/4/6 11354/4/6 11384/4/6
f 11355/4/6 11356/4/6 11385/4/6
f 11384/2/6 11355/2/6 11385/2/6
f 11356/2/6 11357/2/6 11386/2/6
f 11385/4/6 11356/4/6 11386/4/6
f 11357/3/6 11358/3/6 11387/3/6
f 11386/2/6 11357/2/6 11387/2/6
f 11358/2/6 11359/2/6 11388/2/6
f 11387/3/6 11358/3/6 11388/3/6
f 11388/2/6 11359/2/6 11389/2/6
f 11359/3/6 11360/3/6 11390/3/6
f 11389/2/6 11359/2/6 11390/2/6
f 11390/3/6 11360/3/6 11391/3/6
f 11391/3/6 11360/3/6 11392/3/6
f 11360/2/6 11361/2/6 11393/2/6
f 11392/3/6 11360/3/6 11393/3/6
f 11361/4/6 11362/4/6 11394/4/6
f 11393/2/6 11361/2/6 11394/2/6
f 11362/3/6 11363/3/6 11395/3/6
f 11394/4/6 11362/4/6 11395/4/6
f 11363/4/6 11364/4/6 11396/4/6
f 11395/3/6 11363/3/6 11396/3/6
f 11364/2/6 11365/2/6 11397/2/6
f 11396/4/6 11364/4/6 11397/4/6
f 11365/4/6 11366/4/6 11398/4/6
f 11397/2/6 11365/2/6 11398/2/6
f 11366/2/6 11367/2/6 11399/2/6
f 11398/4/6 11366/4/6 11399/4/6
f 11399/2/6 11367/2/6 11400/2/6
f 11367/3/6 11368/3/6 11401/3/6
f 11400/2/6 11367/2/6 11401/2/6
f 11368/2/6 11369/2/6 11402/2/6
f 11401/3/6 11368/3/6 11402/3/6
f 11402/2/6 11369/2/6 11403/2/6
f 11370/2/6 11371/2/6 11404/2/6
f 11404/2/6 11371/2/6 11405/2/6
f 11371/4/6 11372/4/6 11406/4/6
f 11405/2/6 11371/2/6 11406/2/6
f 11372/3/6 11373/3/6 11407/3/6
f 11406/4/6 11372/4/6 11407/4/6
f 11407/3/6 11373/3/6 11408/3/6
f 11373/6/6 11374/6/6 11409/6/6
f 11408/3/6 11373/3/6 11409/3/6
f 11409/6/6 11374/6/6 11410/6/6
f 11411/6/6 11412/6/6 11413/6/6
f 11413/6/6 11412/6/6 11414/6/6
f 11415/6/6 11416/6/6 11417/6/6
f 11417/6/6 11416/6/6 11418/6/6
f 11419/6/6 11420/6/6 11470/6/6
f 11420/2/6 11421/2/6 11471/2/6
f 11470/6/6 11420/6/6 11471/6/6
f 11421/2/6 11422/2/6 11471/2/6
f 11422/4/6 11423/4/6 11472/4/6
f 11471/2/6 11422/2/6 11472/2/6
f 11423/3/6 11424/3/6 11473/3/6
f 11472/4/6 11423/4/6 11473/4/6
f 11424/2/6 11425/2/6 11474/2/6
f 11473/3/6 11424/3/6 11474/3/6
f 11425/3/6 11426/3/6 11475/3/6
f 11474/2/6 11425/2/6 11475/2/6
f 11426/2/6 11427/2/6 11476/2/6
f 11475/3/6 11426/3/6 11476/3/6
f 11427/3/6 11428/3/6 11477/3/6
f 11476/2/6 11427/2/6 11477/2/6
f 11428/4/6 11429/4/6 11478/4/6
f 11477/3/6 11428/3/6 11478/3/6
f 11429/3/6 11430/3/6 11479/3/6
f 11478/4/6 11429/4/6 11479/4/6
f 11430/2/6 11431/2/6 11480/2/6
f 11479/3/6 11430/3/6 11480/3/6
f 11431/4/6 11432/4/6 11481/4/6
f 11480/2/6 11431/2/6 11481/2/6
f 11432/3/6 11433/3/6 11482/3/6
f 11481/4/6 11432/4/6 11482/4/6
f 11433/2/6 11434/2/6 11483/2/6
f 11482/3/6 11433/3/6 11483/3/6
f 11434/3/6 11435/3/6 11484/3/6
f 11483/2/6 11434/2/6 11484/2/6
f 11435/2/6 11436/2/6 11485/2/6
f 11484/3/6 11435/3/6 11485/3/6
f 11436/4/6 11437/4/6 11486/4/6
f 11485/2/6 11436/2/6 11486/2/6
f 11437/2/6 11438/2/6 11487/2/6
f 11486/4/6 11437/4/6 11487/4/6
f 11438/3/6 11439/3/6 11488/3/6
f 11487/2/6 11438/2/6 11488/2/6
f 11439/2/6 11440/2/6 11489/2/6
f 11488/3/6 11439/3/6 11489/3/6
f 11440/4/6 11441/4/6 11490/4/6
f 11489/2/6 11440/2/6 11490/2/6
f 11441/3/6 11442/3/6 11491/3/6
f 11490/4/6 11441/4/6 11491/4/6
f 11442/3/6 11443/3/6 11491/3/6
f 11443/4/6 11444/4/6 11492/4/6
f 11491/3/6 11443/3/6 11492/3/6
f 11444/3/6 11445/3/6 11493/3/6
f 11492/4/6 11444/4/6 11493/4/6
f 11445/4/6 11446/4/6 11494/4/6
f 11493/3/6 11445/3/6 11494/3/6
f 11446/2/6 11447/2/6 11495/2/6
f 11494/4/6 11446/4/6 11495/4/6
f 11447/4/6 11448/4/6 11496/4/6
f 11495/2/6 11447/2/6 11496/2/6
f 11448/3/6 11449/3/6 11497/3/6
f 11496/4/6 11448/4/6 11497/4/6
f 11449/4/6 11450/4/6 11498/4/6
f 11497/3/6 11449/3/6 11498/3/6
f 11450/2/6 11451/2/6 11499/2/6
f 11498/4/6 11450/4/6 11499/4/6
f 11451/4/6 11452/4/6 11500/4/6
f 11499/2/6 11451/2/6 11500/2/6
f 11452/2/6 11453/2/6 11501/2/6
f 11500/4/6 11452/4/6 11501/4/6
f 11453/2/6 11454/2/6 11501/2/6
f 11454/3/6 11455/3/6 11502/3/6
f 11501/2/6 11454/2/6 11502/2/6
f 11455/3/6 11456/3/6 11502/3/6
f 11456/3/6 11457/3/6 11502/3/6
f 11457/4/6 11458/4/6 11503/4/6
f 11502/3/6 11457/3/6 11503/3/6
f 11458/2/6 11459/2/6 11504/2/6
f 11503/4/6 11458/4/6 11504/4/6
f 11459/3/6 11460/3/6 11505/3/6
f 11504/2/6 11459/2/6 11505/2/6
f 11460/4/6 11461/4/6 11506/4/6
f 11505/3/6 11460/3/6 11506/3/6
f 11461/3/6 11462/3/6 11507/3/6
f 11506/4/6 11461/4/6 11507/4/6
f 11462/2/6 11463/2/6 11508/2/6
f 11507/3/6 11462/3/6 11508/3/6
f 11463/3/6 11464/3/6 11509/3/6
f 11508/2/6 11463/2/6 11509/2/6
f 11464/2/6 11465/2/6 11510/2/6
f 11509/3/6 11464/3/6 11510/3/6
f 11465/4/6 11466/4/6 11511/4/6
f 11510/2/6 11465/2/6 11511/2/6
f 11466/3/6 11467/3/6 11512/3/6
f 11511/4/6 11466/4/6 11512/4/6
f 11467/2/6 11468/2/6 11513/2/6
f 11512/3/6 11467/3/6 11513/3/6
f 11468/6/6 11469/6/6 11514/6/6
f 11513/2/6 11468/2/6 11514/2/6
f 11514/6/6 11469/6/6 11515/6/6
f 11516/6/6 11517/6/6 11520/6/6
f 11520/6/6 11517/6/6 11521/6/6
f 11518/6/6 11519/6/6 11522/6/6
f 11522/6/6 11519/6/6 11523/6/6
f 11520/4/6 11521/4/6 11524/4/6
f 11524/4/6 11521/4/6 11525/4/6
f 11522/2/6 11523/2/6 11526/2/6
f 11526/2/6 11523/2/6 11527/2/6
f 11524/3/6 11525/3/6 11528/3/6
f 11528/3/6 11525/3/6 11529/3/6
f 11526/3/6 11527/3/6 11530/3/6
f 11528/2/6 11529/2/6 11531/2/6
f 11531/2/6 11529/2/6 11532/2/6
f 11530/3/6 11527/3/6 11533/3/6
f 11533/3/6 11527/3/6 11534/3/6
f 11531/3/6 11532/3/6 11535/3/6
f 11535/3/6 11532/3/6 11536/3/6
f 11533/2/6 11534/2/6 11537/2/6
f 11537/2/6 11534/2/6 11538/2/6
f 11535/5/6 11536/5/6 11539/5/6
f 11539/5/6 11536/5/6 11540/5/6
f 11537/5/6 11538/5/6 11541/5/6
f 11541/5/6 11538/5/6 11542/5/6
f 11539/4/6 11540/4/6 11543/4/6
f 11543/4/6 11540/4/6 11544/4/6
f 11543/3/6 11544/3/6 11545/3/6
f 11545/3/6 11544/3/6 11546/3/6
f 11541/4/6 11542/4/6 11547/4/6
f 11547/4/6 11542/4/6 11548/4/6
f 11547/2/6 11548/2/6 11549/2/6
f 11549/2/6 11548/2/6 11550/2/6
f 11545/2/6 11546/2/6 11551/2/6
f 11549/4/6 11550/4/6 11552/4/6
f 11552/4/6 11550/4/6 11553/4/6
f 11545/2/6 11551/2/6 11554/2/6
f 11554/2/6 11551/2/6 11555/2/6
f 11552/5/6 11553/5/6 11556/5/6
f 11556/5/6 11553/5/6 11557/5/6
f 11554/5/6 11555/5/6 11558/5/6
f 11558/5/6 11555/5/6 11559/5/6
f 11556/2/6 11557/2/6 11560/2/6
f 11560/2/6 11557/2/6 11561/2/6
f 11558/2/6 11559/2/6 11562/2/6
f 11562/2/6 11559/2/6 11563/2/6
f 11560/3/6 11561/3/6 11564/3/6
f 11564/3/6 11561/3/6 11565/3/6
f 11562/4/6 11563/4/6 11566/4/6
f 11562/4/6 11566/4/6 11567/4/6
f 11567/4/6 11566/4/6 11568/4/6
f 11564/2/6 11565/2/6 11569/2/6
f 11569/2/6 11565/2/6 11570/2/6
f 11567/2/6 11568/2/6 11571/2/6
f 11571/2/6 11568/2/6 11572/2/6
f 11569/5/6 11570/5/6 11573/5/6
f 11573/5/6 11570/5/6 11574/5/6
f 11571/3/6 11572/3/6 11575/3/6
f 11575/3/6 11572/3/6 11576/3/6
f 11573/2/6 11574/2/6 11577/2/6
f 11577/2/6 11574/2/6 11578/2/6
f 11575/5/6 11576/5/6 11579/5/6
f 11579/5/6 11576/5/6 11580/5/6
f 11577/3/6 11578/3/6 11581/3/6
f 11581/3/6 11578/3/6 11582/3/6
f 11579/2/6 11580/2/6 11583/2/6
f 11583/2/6 11580/2/6 11584/2/6
f 11583/4/6 11584/4/6 11585/4/6
f 11585/4/6 11584/4/6 11586/4/6
f 11581/2/6 11582/2/6 11587/2/6
f 11587/2/6 11582/2/6 11588/2/6
f 11585/2/6 11586/2/6 11589/2/6
f 11589/2/6 11586/2/6 11590/2/6
f 11587/3/6 11588/3/6 11591/3/6
f 11591/3/6 11588/3/6 11592/3/6
f 11589/3/6 11590/3/6 11593/3/6
f 11593/3/6 11590/3/6 11594/3/6
f 11591/5/6 11592/5/6 11595/5/6
f 11595/5/6 11592/5/6 11596/5/6
f 11593/2/6 11594/2/6 11597/2/6
f 11597/2/6 11594/2/6 11598/2/6
f 11595/2/6 11596/2/6 11599/2/6
f 11599/2/6 11596/2/6 11600/2/6
f 11597/5/6 11598/5/6 11601/5/6
f 11601/5/6 11598/5/6 11602/5/6
f 11601/2/6 11602/2/6 11603/2/6
f 11603/2/6 11602/2/6 11604/2/6
f 11599/4/6 11600/4/6 11605/4/6
f 11605/4/6 11600/4/6 11606/4/6
f 11603/4/6 11604/4/6 11607/4/6
f 11607/4/6 11604/4/6 11608/4/6
f 11605/3/6 11606/3/6 11609/3/6
f 11609/3/6 11606/3/6 11610/3/6
f 11607/2/6 11608/2/6 11611/2/6
f 11611/2/6 11608/2/6 11612/2/6
f 11609/5/6 11610/5/6 11613/5/6
f 11613/5/6 11610/5/6 11614/5/6
f 11611/4/6 11612/4/6 11615/4/6
f 11615/4/6 11612/4/6 11616/4/6
f 11613/2/6 11614/2/6 11617/2/6
f 11617/2/6 11614/2/6 11618/2/6
f 11615/3/6 11616/3/6 11619/3/6
f 11619/3/6 11616/3/6 11620/3/6
f 11619/5/6 11620/5/6 11621/5/6
f 11621/5/6 11620/5/6 11622/5/6
f 11617/4/6 11618/4/6 11623/4/6
f 11623/4/6 11618/4/6 11624/4/6
f 11621/2/6 11622/2/6 11625/2/6
f 11625/2/6 11622/2/6 11626/2/6
f 11623/2/6 11624/2/6 11627/2/6
f 11627/2/6 11624/2/6 11628/2/6
f 11625/4/6 11626/4/6 11629/4/6
f 11629/4/6 11626/4/6 11630/4/6
f 11627/3/6 11628/3/6 11631/3/6
f 11631/3/6 11628/3/6 11632/3/6
f 11629/3/6 11630/3/6 11633/3/6
f 11633/3/6 11630/3/6 11634/3/6
f 11631/5/6 11632/5/6 11635/5/6
f 11635/5/6 11632/5/6 11636/5/6
f 11633/2/6 11634/2/6 11637/2/6
f 11637/2/6 11634/2/6 11638/2/6
f 11637/5/6 11638/5/6 11639/5/6
f 11639/5/6 11638/5/6 11640/5/6
f 11635/4/6 11636/4/6 11641/4/6
f 11639/4/6 11640/4/6 11642/4/6
f 11642/4/6 11640/4/6 11643/4/6
f 11641/4/6 11636/4/6 11644/4/6
f 11644/4/6 11636/4/6 11645/4/6
f 11642/3/6 11643/3/6 11646/3/6
f 11646/3/6 11643/3/6 11647/3/6
f 11644/2/6 11645/2/6 11648/2/6
f 11648/2/6 11645/2/6 11649/2/6
f 11648/5/6 11649/5/6 11650/5/6
f 11650/5/6 11649/5/6 11651/5/6
f 11646/2/6 11647/2/6 11652/2/6
f 11652/2/6 11647/2/6 11653/2/6
f 11650/4/6 11651/4/6 11654/4/6
f 11654/4/6 11651/4/6 11655/4/6
f 11652/5/6 11653/5/6 11656/5/6
f 11656/5/6 11653/5/6 11657/5/6
f 11654/2/6 11655/2/6 11658/2/6
f 11658/2/6 11655/2/6 11659/2/6
f 11656/4/6 11657/4/6 11660/4/6
f 11660/4/6 11657/4/6 11661/4/6
f 11658/3/6 11659/3/6 11662/3/6
f 11662/3/6 11659/3/6 11663/3/6
f 11660/2/6 11661/2/6 11681/2/6
f 11681/2/6 11661/2/6 11682/2/6
f 11662/2/6 11663/2/6 11683/2/6
f 11683/2/6 11663/2/6 11684/2/6
f 11664/6/6 11665/6/6 11690/6/6
f 11665/2/6 11666/2/6 11691/2/6
f 11690/6/6 11665/6/6 11691/6/6
f 11691/2/6 11666/2/6 11692/2/6
f 11692/2/6 11666/2/6 11693/2/6
f 11666/3/6 11667/3/6 11694/3/6
f 11693/2/6 11666/2/6 11694/2/6
f 11667/2/6 11668/2/6 11695/2/6
f 11694/3/6 11667/3/6 11695/3/6
f 11668/4/6 11669/4/6 11696/4/6
f 11695/2/6 11668/2/6 11696/2/6
f 11669/3/6 11670/3/6 11697/3/6
f 11696/4/6 11669/4/6 11697/4/6
f 11697/3/6 11670/3/6 11698/3/6
f 11670/2/6 11671/2/6 11699/2/6
f 11698/3/6 11670/3/6 11699/3/6
f 11699/2/6 11671/2/6 11700/2/6
f 11700/2/6 11671/2/6 11701/2/6
f 11671/4/6 11672/4/6 11702/4/6
f 11701/2/6 11671/2/6 11702/2/6
f 11672/2/6 11673/2/6 11703/2/6
f 11702/4/6 11672/4/6 11703/4/6
f 11673/3/6 11674/3/6 11704/3/6
f 11703/2/6 11673/2/6 11704/2/6
f 11704/3/6 11674/3/6 11705/3/6
f 11674/2/6 11675/2/6 11706/2/6
f 11705/3/6 11674/3/6 11706/3/6
f 11675/3/6 11676/3/6 11707/3/6
f 11706/2/6 11675/2/6 11707/2/6
f 11676/2/6 11677/2/6 11708/2/6
f 11707/3/6 11676/3/6 11708/3/6
f 11677/3/6 11678/3/6 11709/3/6
f 11708/2/6 11677/2/6 11709/2/6
f 11709/3/6 11678/3/6 11710/3/6
f 11678/4/6 11679/4/6 11711/4/6
f 11710/3/6 11678/3/6 11711/3/6
f 11711/4/6 11679/4/6 11712/4/6
f 11679/2/6 11680/2/6 11713/2/6
f 11712/4/6 11679/4/6 11713/4/6
f 11680/3/6 11681/3/6 11714/3/6
f 11713/2/6 11680/2/6 11714/2/6
f 11681/4/6 11682/4/6 11715/4/6
f 11714/3/6 11681/3/6 11715/3/6
f 11715/4/6 11682/4/6 11716/4/6
f 11683/5/6 11684/5/6 11717/5/6
f 11684/3/6 11685/3/6 11718/3/6
f 11717/5/6 11684/5/6 11718/5/6
f 11685/2/6 11686/2/6 11719/2/6
f 11718/3/6 11685/3/6 11719/3/6
f 11686/3/6 11687/3/6 11720/3/6
f 11719/2/6 11686/2/6 11720/2/6
f 11720/3/6 11687/3/6 11721/3/6
f 11721/3/6 11687/3/6 11722/3/6
f 11687/4/6 11688/4/6 11723/4/6
f 11722/3/6 11687/3/6 11723/3/6
f 11688/6/6 11689/6/6 11724/6/6
f 11723/4/6 11688/4/6 11724/4/6
f 11724/6/6 11689/6/6 11725/6/6
f 11726/6/6 11727/6/6 11728/6/6
f 11728/6/6 11727/6/6 11729/6/6
f 11730/6/6 11731/6/6 11732/6/6
f 11732/6/6 11731/6/6 11733/6/6
f 11734/6/6 11735/6/6 11780/6/6
f 11735/3/6 11736/3/6 11781/3/6
f 11780/6/6 11735/6/6 11781/6/6
f 11736/4/6 11737/4/6 11782/4/6
f 11781/3/6 11736/3/6 11782/3/6
f 11737/4/6 11738/4/6 11782/4/6
f 11738/2/6 11739/2/6 11783/2/6
f 11782/4/6 11738/4/6 11783/4/6
f 11739/4/6 11740/4/6 11784/4/6
f 11783/2/6 11739/2/6 11784/2/6
f 11740/3/6 11741/3/6 11785/3/6
f 11784/4/6 11740/4/6 11785/4/6
f 11741/2/6 11742/2/6 11786/2/6
f 11785/3/6 11741/3/6 11786/3/6
f 11742/3/6 11743/3/6 11787/3/6
f 11786/2/6 11742/2/6 11787/2/6
f 11743/4/6 11744/4/6 11788/4/6
f 11787/3/6 11743/3/6 11788/3/6
f 11744/2/6 11745/2/6 11789/2/6
f 11788/4/6 11744/4/6 11789/4/6
f 11745/4/6 11746/4/6 11790/4/6
f 11789/2/6 11745/2/6 11790/2/6
f 11746/4/6 11747/4/6 11790/4/6
f 11747/3/6 11748/3/6 11791/3/6
f 11790/4/6 11747/4/6 11791/4/6
f 11748/3/6 11749/3/6 11791/3/6
f 11749/4/6 11750/4/6 11792/4/6
f 11791/3/6 11749/3/6 11792/3/6
f 11750/2/6 11751/2/6 11793/2/6
f 11792/4/6 11750/4/6 11793/4/6
f 11751/2/6 11752/2/6 11793/2/6
f 11752/4/6 11753/4/6 11794/4/6
f 11793/2/6 11752/2/6 11794/2/6
f 11753/4/6 11754/4/6 11794/4/6
f 11754/3/6 11755/3/6 11795/3/6
f 11794/4/6 11754/4/6 11795/4/6
f 11755/3/6 11756/3/6 11795/3/6
f 11756/2/6 11757/2/6 11796/2/6
f 11795/3/6 11756/3/6 11796/3/6
f 11757/2/6 11758/2/6 11796/2/6
f 11758/4/6 11759/4/6 11797/4/6
f 11796/2/6 11758/2/6 11797/2/6
f 11759/4/6 11760/4/6 11797/4/6
f 11760/3/6 11761/3/6 11798/3/6
f 11797/4/6 11760/4/6 11798/4/6
f 11761/4/6 11762/4/6 11799/4/6
f 11798/3/6 11761/3/6 11799/3/6
f 11762/2/6 11763/2/6 11800/2/6
f 11799/4/6 11762/4/6 11800/4/6
f 11763/4/6 11764/4/6 11801/4/6
f 11800/2/6 11763/2/6 11801/2/6
f 11764/3/6 11765/3/6 11802/3/6
f 11801/4/6 11764/4/6 11802/4/6
f 11765/4/6 11766/4/6 11803/4/6
f 11802/3/6 11765/3/6 11803/3/6
f 11766/3/6 11767/3/6 11804/3/6
f 11803/4/6 11766/4/6 11804/4/6
f 11767/2/6 11768/2/6 11805/2/6
f 11804/3/6 11767/3/6 11805/3/6
f 11768/2/6 11769/2/6 11805/2/6
f 11769/3/6 11770/3/6 11806/3/6
f 11805/2/6 11769/2/6 11806/2/6
f 11771/2/6 11772/2/6 11807/2/6
f 11806/3/6 11770/3/6 11807/3/6
f 11770/2/6 11771/2/6 11807/2/6
f 11772/3/6 11773/3/6 11808/3/6
f 11807/2/6 11772/2/6 11808/2/6
f 11774/2/6 11775/2/6 11809/2/6
f 11808/3/6 11773/3/6 11809/3/6
f 11773/2/6 11774/2/6 11809/2/6
f 11775/3/6 11776/3/6 11810/3/6
f 11809/2/6 11775/2/6 11810/2/6
f 11776/4/6 11777/4/6 11811/4/6
f 11810/3/6 11776/3/6 11811/3/6
f 11777/2/6 11778/2/6 11812/2/6
f 11811/4/6 11777/4/6 11812/4/6
f 11778/6/6 11779/6/6 11813/6/6
f 11812/2/6 11778/2/6 11813/2/6
f 11813/6/6 11779/6/6 11814/6/6
f 11815/6/6 11816/6/6 11819/6/6
f 11819/6/6 11816/6/6 11820/6/6
f 11817/6/6 11818/6/6 11821/6/6
f 11821/6/6 11818/6/6 11822/6/6
f 11821/4/6 11822/4/6 11823/4/6
f 11823/4/6 11822/4/6 11824/4/6
f 11819/3/6 11820/3/6 11825/3/6
f 11825/3/6 11820/3/6 11826/3/6
f 11823/2/6 11824/2/6 11827/2/6
f 11827/2/6 11824/2/6 11828/2/6
f 11825/4/6 11826/4/6 11829/4/6
f 11829/4/6 11826/4/6 11830/4/6
f 11827/4/6 11828/4/6 11831/4/6
f 11831/4/6 11828/4/6 11832/4/6
f 11829/2/6 11830/2/6 11833/2/6
f 11833/2/6 11830/2/6 11834/2/6
f 11831/2/6 11832/2/6 11835/2/6
f 11835/2/6 11832/2/6 11836/2/6
f 11833/5/6 11834/5/6 11837/5/6
f 11837/5/6 11834/5/6 11838/5/6
f 11835/5/6 11836/5/6 11839/5/6
f 11839/5/6 11836/5/6 11840/5/6
f 11837/2/6 11838/2/6 11841/2/6
f 11841/2/6 11838/2/6 11842/2/6
f 11841/3/6 11842/3/6 11843/3/6
f 11843/3/6 11842/3/6 11844/3/6
f 11839/2/6 11840/2/6 11845/2/6
f 11845/2/6 11840/2/6 11846/2/6
f 11843/2/6 11844/2/6 11847/2/6
f 11843/2/6 11847/2/6 11848/2/6
f 11848/2/6 11847/2/6 11849/2/6
f 11845/4/6 11846/4/6 11850/4/6
f 11850/4/6 11846/4/6 11851/4/6
f 11848/4/6 11849/4/6 11852/4/6
f 11852/4/6 11849/4/6 11853/4/6
f 11850/5/6 11851/5/6 11854/5/6
f 11854/5/6 11851/5/6 11855/5/6
f 11852/5/6 11853/5/6 11856/5/6
f 11856/5/6 11853/5/6 11857/5/6
f 11854/3/6 11855/3/6 11858/3/6
f 11856/3/6 11857/3/6 11859/3/6
f 11859/3/6 11857/3/6 11860/3/6
f 11858/3/6 11855/3/6 11861/3/6
f 11861/3/6 11855/3/6 11862/3/6
f 11859/4/6 11860/4/6 11863/4/6
f 11863/4/6 11860/4/6 11864/4/6
f 11861/2/6 11862/2/6 11865/2/6
f 11865/2/6 11862/2/6 11866/2/6
f 11866/2/6 11862/2/6 11867/2/6
f 11863/2/6 11864/2/6 11868/2/6
f 11868/2/6 11864/2/6 11869/2/6
f 11866/5/6 11867/5/6 11870/5/6
f 11870/5/6 11867/5/6 11871/5/6
f 11868/4/6 11869/4/6 11872/4/6
f 11872/4/6 11869/4/6 11873/4/6
f 11870/3/6 11871/3/6 11874/3/6
f 11872/5/6 11873/5/6 11875/5/6
f 11875/5/6 11873/5/6 11876/5/6
f 11874/3/6 11871/3/6 11877/3/6
f 11877/3/6 11871/3/6 11878/3/6
f 11875/3/6 11876/3/6 11879/3/6
f 11877/4/6 11878/4/6 11880/4/6
f 11880/4/6 11878/4/6 11881/4/6
f 11875/3/6 11879/3/6 11882/3/6
f 11882/3/6 11879/3/6 11883/3/6
f 11880/3/6 11881/3/6 11884/3/6
f 11884/3/6 11881/3/6 11885/3/6
f 11882/2/6 11883/2/6 11886/2/6
f 11886/2/6 11883/2/6 11887/2/6
f 11884/5/6 11885/5/6 11888/5/6
f 11888/5/6 11885/5/6 11889/5/6
f 11886/3/6 11887/3/6 11890/3/6
f 11890/3/6 11887/3/6 11891/3/6
f 11888/4/6 11889/4/6 11892/4/6
f 11892/4/6 11889/4/6 11893/4/6
f 11890/5/6 11891/5/6 11894/5/6
f 11894/5/6 11891/5/6 11895/5/6
f 11894/4/6 11895/4/6 11896/4/6
f 11896/4/6 11895/4/6 11897/4/6
f 11892/2/6 11893/2/6 11898/2/6
f 11896/2/6 11897/2/6 11899/2/6
f 11898/2/6 11893/2/6 11900/2/6
f 11900/2/6 11893/2/6 11901/2/6
f 11896/2/6 11899/2/6 11902/2/6
f 11900/5/6 11901/5/6 11903/5/6
f 11903/5/6 11901/5/6 11904/5/6
f 11896/2/6 11902/2/6 11905/2/6
f 11903/4/6 11904/4/6 11906/4/6
f 11906/4/6 11904/4/6 11907/4/6
f 11896/2/6 11905/2/6 11908/2/6
f 11908/2/6 11905/2/6 11909/2/6
f 11906/3/6 11907/3/6 11910/3/6
f 11908/5/6 11909/5/6 11911/5/6
f 11911/5/6 11909/5/6 11912/5/6
f 11910/3/6 11907/3/6 11913/3/6
f 11913/3/6 11907/3/6 11914/3/6
f 11911/2/6 11912/2/6 11915/2/6
f 11915/2/6 11912/2/6 11916/2/6
f 11913/2/6 11914/2/6 11917/2/6
f 11917/2/6 11914/2/6 11918/2/6
f 11917/3/6 11918/3/6 11919/3/6
f 11919/3/6 11918/3/6 11920/3/6
f 11915/3/6 11916/3/6 11921/3/6
f 11921/3/6 11916/3/6 11922/3/6
f 11919/5/6 11920/5/6 11923/5/6
f 11923/5/6 11920/5/6 11924/5/6
f 11921/2/6 11922/2/6 11925/2/6
f 11925/2/6 11922/2/6 11926/2/6
f 11925/5/6 11926/5/6 11927/5/6
f 11927/5/6 11926/5/6 11928/5/6
f 11923/2/6 11924/2/6 11929/2/6
f 11929/2/6 11924/2/6 11930/2/6
f 11927/3/6 11928/3/6 11931/3/6
f 11931/3/6 11928/3/6 11932/3/6
f 11929/3/6 11930/3/6 11933/3/6
f 11933/3/6 11930/3/6 11934/3/6
f 11933/5/6 11934/5/6 11935/5/6
f 11935/5/6 11934/5/6 11936/5/6
f 11931/4/6 11932/4/6 11937/4/6
f 11937/4/6 11932/4/6 11938/4/6
f 11937/5/6 11938/5/6 11939/5/6
f 11939/5/6 11938/5/6 11940/5/6
f 11935/3/6 11936/3/6 11941/3/6
f 11941/3/6 11936/3/6 11942/3/6
f 11941/4/6 11942/4/6 11943/4/6
f 11943/4/6 11942/4/6 11944/4/6
f 11939/4/6 11940/4/6 11945/4/6
f 11943/3/6 11944/3/6 11946/3/6
f 11946/3/6 11944/3/6 11947/3/6
f 11939/4/6 11945/4/6 11948/4/6
f 11948/4/6 11945/4/6 11949/4/6
f 11946/5/6 11947/5/6 11950/5/6
f 11950/5/6 11947/5/6 11951/5/6
f 11952/6/6 11953/6/6 11954/6/6
f 11954/6/6 11953/6/6 11955/6/6
f 11956/6/6 11957/6/6 11960/6/6
f 11960/6/6 11957/6/6 11961/6/6
f 11958/6/6 11959/6/6 11962/6/6
f 11962/6/6 11959/6/6 11963/6/6
f 11962/3/6 11963/3/6 11964/3/6
f 11964/3/6 11963/3/6 11965/3/6
f 11960/2/6 11961/2/6 11966/2/6
f 11964/4/6 11965/4/6 11967/4/6
f 11967/4/6 11965/4/6 11968/4/6
f 11960/2/6 11966/2/6 11969/2/6
f 11967/2/6 11968/2/6 11970/2/6
f 11970/2/6 11968/2/6 11971/2/6
f 11960/2/6 11969/2/6 11972/2/6
f 11972/2/6 11969/2/6 11973/2/6
f 11970/3/6 11971/3/6 11974/3/6
f 11974/3/6 11971/3/6 11975/3/6
f 11972/5/6 11973/5/6 11976/5/6
f 11976/5/6 11973/5/6 11977/5/6
f 11974/5/6 11975/5/6 11978/5/6
f 11978/5/6 11975/5/6 11979/5/6
f 11976/3/6 11977/3/6 11980/3/6
f 11980/3/6 11977/3/6 11981/3/6
f 11978/2/6 11979/2/6 11982/2/6
f 11982/2/6 11979/2/6 11983/2/6
f 11980/4/6 11981/4/6 11984/4/6
f 11984/4/6 11981/4/6 11985/4/6
f 11982/4/6 11983/4/6 11986/4/6
f 11984/2/6 11985/2/6 11987/2/6
f 11987/2/6 11985/2/6 11988/2/6
f 11986/4/6 11983/4/6 11989/4/6
f 11989/4/6 11983/4/6 11990/4/6
f 11987/4/6 11988/4/6 11991/4/6
f 11989/3/6 11990/3/6 11992/3/6
f 11992/3/6 11990/3/6 11993/3/6
f 11987/4/6 11991/4/6 11994/4/6
f 11994/4/6 11991/4/6 11995/4/6
f 11992/5/6 11993/5/6 11996/5/6
f 11996/5/6 11993/5/6 11997/5/6
f 11994/5/6 11995/5/6 11998/5/6
f 11998/5/6 11995/5/6 11999/5/6
f 11996/3/6 11997/3/6 12000/3/6
f 12000/3/6 11997/3/6 12001/3/6
f 11998/2/6 11999/2/6 12002/2/6
f 12002/2/6 11999/2/6 12003/2/6
f 12000/4/6 12001/4/6 12004/4/6
f 12002/4/6 12003/4/6 12005/4/6
f 12005/4/6 12003/4/6 12006/4/6
f 12005/3/6 12006/3/6 12007/3/6
f 12007/3/6 12006/3/6 12008/3/6
f 12004/4/6 12001/4/6 12009/4/6
f 12009/4/6 12001/4/6 12010/4/6
f 12007/2/6 12008/2/6 12011/2/6
f 12011/2/6 12008/2/6 12012/2/6
f 12009/5/6 12010/5/6 12013/5/6
f 12013/5/6 12010/5/6 12014/5/6
f 12011/4/6 12012/4/6 12015/4/6
f 12015/4/6 12012/4/6 12016/4/6
f 12013/3/6 12014/3/6 12017/3/6
f 12017/3/6 12014/3/6 12018/3/6
f 12017/2/6 12018/2/6 12019/2/6
f 12019/2/6 12018/2/6 12020/2/6
f 12019/3/6 12020/3/6 12021/3/6
f 12021/3/6 12020/3/6 12022/3/6
f 12021/2/6 12022/2/6 12023/2/6
f 12023/2/6 12022/2/6 12024/2/6
f 12023/5/6 12024/5/6 12025/5/6
f 12025/5/6 12024/5/6 12026/5/6
f 12025/4/6 12026/4/6 12027/4/6
f 12027/4/6 12026/4/6 12028/4/6
f 12015/5/6 12016/5/6 12029/5/6
f 12029/5/6 12016/5/6 12030/5/6
f 12027/3/6 12028/3/6 12031/3/6
f 12029/2/6 12030/2/6 12032/2/6
f 12032/2/6 12030/2/6 12033/2/6
f 12031/3/6 12028/3/6 12034/3/6
f 12034/3/6 12028/3/6 12035/3/6
f 12032/3/6 12033/3/6 12036/3/6
f 12034/4/6 12035/4/6 12037/4/6
f 12037/4/6 12035/4/6 12038/4/6
f 12032/3/6 12036/3/6 12039/3/6
f 12037/5/6 12038/5/6 12040/5/6
f 12040/5/6 12038/5/6 12041/5/6
f 12032/3/6 12039/3/6 12042/3/6
f 12042/3/6 12039/3/6 12043/3/6
f 12040/4/6 12041/4/6 12044/4/6
f 12042/2/6 12043/2/6 12045/2/6
f 12045/2/6 12043/2/6 12046/2/6
f 12044/4/6 12041/4/6 12047/4/6
f 12047/4/6 12041/4/6 12048/4/6
f 12045/5/6 12046/5/6 12049/5/6
f 12049/5/6 12046/5/6 12050/5/6
f 12047/2/6 12048/2/6 12051/2/6
f 12051/2/6 12048/2/6 12052/2/6
f 12049/3/6 12050/3/6 12053/3/6
f 12053/3/6 12050/3/6 12054/3/6
f 12051/3/6 12052/3/6 12055/3/6
f 12053/4/6 12054/4/6 12056/4/6
f 12056/4/6 12054/4/6 12057/4/6
f 12055/3/6 12052/3/6 12058/3/6
f 12058/3/6 12052/3/6 12059/3/6
f 12056/3/6 12057/3/6 12060/3/6
f 12060/3/6 12057/3/6 12061/3/6
f 12058/5/6 12059/5/6 12062/5/6
f 12062/5/6 12059/5/6 12063/5/6
f 12060/4/6 12061/4/6 12064/4/6
f 12064/4/6 12061/4/6 12065/4/6
f 12062/4/6 12063/4/6 12066/4/6
f 12066/4/6 12063/4/6 12067/4/6
f 12064/5/6 12065/5/6 12068/5/6
f 12068/5/6 12065/5/6 12069/5/6
f 12066/3/6 12067/3/6 12070/3/6
f 12070/3/6 12067/3/6 12071/3/6
f 12068/2/6 12069/2/6 12072/2/6
f 12072/2/6 12069/2/6 12073/2/6
f 12070/2/6 12071/2/6 12074/2/6
f 12074/2/6 12071/2/6 12075/2/6
f 12072/4/6 12073/4/6 12076/4/6
f 12074/4/6 12075/4/6 12077/4/6
f 12077/4/6 12075/4/6 12078/4/6
f 12072/4/6 12076/4/6 12079/4/6
f 12077/5/6 12078/5/6 12080/5/6
f 12080/5/6 12078/5/6 12081/5/6
f 12072/4/6 12079/4/6 12082/4/6
f 12082/4/6 12079/4/6 12083/4/6
f 12080/2/6 12081/2/6 12084/2/6
f 12084/2/6 12081/2/6 12085/2/6
f 12082/5/6 12083/5/6 12086/5/6
f 12086/5/6 12083/5/6 12087/5/6
f 12086/4/6 12087/4/6 12088/4/6
f 12088/4/6 12087/4/6 12089/4/6
f 12084/4/6 12085/4/6 12090/4/6
f 12090/4/6 12085/4/6 12091/4/6
f 12088/3/6 12089/3/6 12092/3/6
f 12092/3/6 12089/3/6 12093/3/6
f 12090/2/6 12091/2/6 12094/2/6
f 12094/2/6 12091/2/6 12095/2/6
f 12092/2/6 12093/2/6 12116/2/6
f 12116/2/6 12093/2/6 12117/2/6
f 12094/5/6 12095/5/6 12118/5/6
f 12118/5/6 12095/5/6 12119/5/6
f 12096/6/6 12097/6/6 12126/6/6
f 12097/2/6 12098/2/6 12127/2/6
f 12126/6/6 12097/6/6 12127/6/6
f 12098/3/6 12099/3/6 12128/3/6
f 12127/2/6 12098/2/6 12128/2/6
f 12099/2/6 12100/2/6 12129/2/6
f 12128/3/6 12099/3/6 12129/3/6
f 12100/3/6 12101/3/6 12130/3/6
f 12129/2/6 12100/2/6 12130/2/6
f 12101/2/6 12102/2/6 12131/2/6
f 12130/3/6 12101/3/6 12131/3/6
f 12131/2/6 12102/2/6 12132/2/6
f 12102/3/6 12103/3/6 12133/3/6
f 12132/2/6 12102/2/6 12133/2/6
f 12103/2/6 12104/2/6 12134/2/6
f 12133/3/6 12103/3/6 12134/3/6
f 12104/4/6 12105/4/6 12135/4/6
f 12134/2/6 12104/2/6 12135/2/6
f 12105/2/6 12106/2/6 12136/2/6
f 12135/4/6 12105/4/6 12136/4/6
f 12136/2/6 12106/2/6 12137/2/6
f 12106/3/6 12107/3/6 12138/3/6
f 12137/2/6 12106/2/6 12138/2/6
f 12107/2/6 12108/2/6 12139/2/6
f 12138/3/6 12107/3/6 12139/3/6
f 12108/3/6 12109/3/6 12140/3/6
f 12139/2/6 12108/2/6 12140/2/6
f 12109/4/6 12110/4/6 12141/4/6
f 12140/3/6 12109/3/6 12141/3/6
f 12110/2/6 12111/2/6 12142/2/6
f 12141/4/6 12110/4/6 12142/4/6
f 12142/2/6 12111/2/6 12143/2/6
f 12143/2/6 12111/2/6 12144/2/6
f 12111/3/6 12112/3/6 12145/3/6
f 12144/2/6 12111/2/6 12145/2/6
f 12112/4/6 12113/4/6 12146/4/6
f 12145/3/6 12112/3/6 12146/3/6
f 12113/2/6 12114/2/6 12147/2/6
f 12146/4/6 12113/4/6 12147/4/6
f 12114/4/6 12115/4/6 12148/4/6
f 12147/2/6 12114/2/6 12148/2/6
f 12115/2/6 12116/2/6 12149/2/6
f 12148/4/6 12115/4/6 12149/4/6
f 12149/2/6 12116/2/6 12150/2/6
f 12150/2/6 12116/2/6 12151/2/6
f 12116/3/6 12117/3/6 12152/3/6
f 12151/2/6 12116/2/6 12152/2/6
f 12152/3/6 12117/3/6 12153/3/6
f 12118/4/6 12119/4/6 12154/4/6
f 12119/3/6 12120/3/6 12155/3/6
f 12154/4/6 12119/4/6 12155/4/6
f 12120/2/6 12121/2/6 12156/2/6
f 12155/3/6 12120/3/6 12156/3/6
f 12121/3/6 12122/3/6 12157/3/6
f 12156/2/6 12121/2/6 12157/2/6
f 12157/3/6 12122/3/6 12158/3/6
f 12122/4/6 12123/4/6 12159/4/6
f 12158/3/6 12122/3/6 12159/3/6
f 12159/4/6 12123/4/6 12160/4/6
f 12160/4/6 12123/4/6 12161/4/6
f 12123/3/6 12124/3/6 12162/3/6
f 12161/4/6 12123/4/6 12162/4/6
f 12124/6/6 12125/6/6 12163/6/6
f 12162/3/6 12124/3/6 12163/3/6
f 12163/6/6 12125/6/6 12164/6/6
f 12165/6/6 12166/6/6 12215/6/6
f 12166/3/6 12167/3/6 12216/3/6
f 12215/6/6 12166/6/6 12216/6/6
f 12167/2/6 12168/2/6 12217/2/6
f 12216/3/6 12167/3/6 12217/3/6
f 12168/3/6 12169/3/6 12218/3/6
f 12217/2/6 12168/2/6 12218/2/6
f 12169/3/6 12170/3/6 12218/3/6
f 12170/2/6 12171/2/6 12219/2/6
f 12218/3/6 12170/3/6 12219/3/6
f 12171/3/6 12172/3/6 12220/3/6
f 12219/2/6 12171/2/6 12220/2/6
f 12172/2/6 12173/2/6 12221/2/6
f 12220/3/6 12172/3/6 12221/3/6
f 12173/4/6 12174/4/6 12222/4/6
f 12221/2/6 12173/2/6 12222/2/6
f 12174/3/6 12175/3/6 12223/3/6
f 12222/4/6 12174/4/6 12223/4/6
f 12175/4/6 12176/4/6 12224/4/6
f 12223/3/6 12175/3/6 12224/3/6
f 12176/3/6 12177/3/6 12225/3/6
f 12224/4/6 12176/4/6 12225/4/6
f 12177/2/6 12178/2/6 12226/2/6
f 12225/3/6 12177/3/6 12226/3/6
f 12178/3/6 12179/3/6 12227/3/6
f 12226/2/6 12178/2/6 12227/2/6
f 12179/4/6 12180/4/6 12228/4/6
f 12227/3/6 12179/3/6 12228/3/6
f 12180/4/6 12181/4/6 12228/4/6
f 12181/2/6 12182/2/6 12229/2/6
f 12228/4/6 12181/4/6 12229/4/6
f 12182/3/6 12183/3/6 12230/3/6
f 12229/2/6 12182/2/6 12230/2/6
f 12183/4/6 12184/4/6 12231/4/6
f 12230/3/6 12183/3/6 12231/3/6
f 12184/2/6 12185/2/6 12232/2/6
f 12231/4/6 12184/4/6 12232/4/6
f 12185/4/6 12186/4/6 12233/4/6
f 12232/2/6 12185/2/6 12233/2/6
f 12186/4/6 12187/4/6 12233/4/6
f 12187/4/6 12188/4/6 12233/4/6
f 12188/2/6 12189/2/6 12234/2/6
f 12233/4/6 12188/4/6 12234/4/6
f 12189/3/6 12190/3/6 12235/3/6
f 12234/2/6 12189/2/6 12235/2/6
f 12190/3/6 12191/3/6 12235/3/6
f 12191/2/6 12192/2/6 12236/2/6
f 12235/3/6 12191/3/6 12236/3/6
f 12192/4/6 12193/4/6 12237/4/6
f 12236/2/6 12192/2/6 12237/2/6
f 12193/4/6 12194/4/6 12237/4/6
f 12194/2/6 12195/2/6 12238/2/6
f 12237/4/6 12194/4/6 12238/4/6
f 12195/3/6 12196/3/6 12239/3/6
f 12238/2/6 12195/2/6 12239/2/6
f 12196/2/6 12197/2/6 12240/2/6
f 12239/3/6 12196/3/6 12240/3/6
f 12197/3/6 12198/3/6 12241/3/6
f 12240/2/6 12197/2/6 12241/2/6
f 12198/4/6 12199/4/6 12242/4/6
f 12241/3/6 12198/3/6 12242/3/6
f 12199/3/6 12200/3/6 12243/3/6
f 12242/4/6 12199/4/6 12243/4/6
f 12200/2/6 12201/2/6 12244/2/6
f 12243/3/6 12200/3/6 12244/3/6
f 12201/3/6 12202/3/6 12245/3/6
f 12244/2/6 12201/2/6 12245/2/6
f 12202/2/6 12203/2/6 12246/2/6
f 12245/3/6 12202/3/6 12246/3/6
f 12203/4/6 12204/4/6 12247/4/6
f 12246/2/6 12203/2/6 12247/2/6
f 12204/2/6 12205/2/6 12248/2/6
f 12247/4/6 12204/4/6 12248/4/6
f 12205/4/6 12206/4/6 12249/4/6
f 12248/2/6 12205/2/6 12249/2/6
f 12206/3/6 12207/3/6 12250/3/6
f 12249/4/6 12206/4/6 12250/4/6
f 12207/2/6 12208/2/6 12251/2/6
f 12250/3/6 12207/3/6 12251/3/6
f 12208/3/6 12209/3/6 12252/3/6
f 12251/2/6 12208/2/6 12252/2/6
f 12209/4/6 12210/4/6 12253/4/6
f 12252/3/6 12209/3/6 12253/3/6
f 12210/3/6 12211/3/6 12254/3/6
f 12253/4/6 12210/4/6 12254/4/6
f 12211/2/6 12212/2/6 12255/2/6
f 12254/3/6 12211/3/6 12255/3/6
f 12212/3/6 12213/3/6 12256/3/6
f 12255/2/6 12212/2/6 12256/2/6
f 12213/6/6 12214/6/6 12257/6/6
f 12256/3/6 12213/3/6 12257/3/6
f 12257/6/6 12214/6/6 12258/6/6
f 12259/6/6 12260/6/6 12263/6/6
f 12263/6/6 12260/6/6 12264/6/6
f 12261/6/6 12262/6/6 12265/6/6
f 12265/6/6 12262/6/6 12266/6/6
f 12263/2/6 12264/2/6 12267/2/6
f 12267/2/6 12264/2/6 12268/2/6
f 12265/4/6 12266/4/6 12269/4/6
f 12269/4/6 12266/4/6 12270/4/6
f 12267/3/6 12268/3/6 12271/3/6
f 12271/3/6 12268/3/6 12272/3/6
f 12269/3/6 12270/3/6 12273/3/6
f 12273/3/6 12270/3/6 12274/3/6
f 12271/4/6 12272/4/6 12275/4/6
f 12275/4/6 12272/4/6 12276/4/6
f 12273/4/6 12274/4/6 12277/4/6
f 12277/4/6 12274/4/6 12278/4/6
f 12275/3/6 12276/3/6 12279/3/6
f 12279/3/6 12276/3/6 12280/3/6
f 12277/2/6 12278/2/6 12281/2/6
f 12281/2/6 12278/2/6 12282/2/6
f 12279/5/6 12280/5/6 12283/5/6
f 12283/5/6 12280/5/6 12284/5/6
f 12281/5/6 12282/5/6 12285/5/6
f 12285/5/6 12282/5/6 12286/5/6
f 12283/4/6 12284/4/6 12287/4/6
f 12287/4/6 12284/4/6 12288/4/6
f 12285/3/6 12286/3/6 12289/3/6
f 12289/3/6 12286/3/6 12290/3/6
f 12287/3/6 12288/3/6 12291/3/6
f 12291/3/6 12288/3/6 12292/3/6
f 12289/2/6 12290/2/6 12293/2/6
f 12293/2/6 12290/2/6 12294/2/6
f 12291/4/6 12292/4/6 12295/4/6
f 12295/4/6 12292/4/6 12296/4/6
f 12293/4/6 12294/4/6 12297/4/6
f 12297/4/6 12294/4/6 12298/4/6
f 12295/2/6 12296/2/6 12299/2/6
f 12299/2/6 12296/2/6 12300/2/6
f 12297/2/6 12298/2/6 12301/2/6
f 12301/2/6 12298/2/6 12302/2/6
f 12299/3/6 12300/3/6 12303/3/6
f 12303/3/6 12300/3/6 12304/3/6
f 12301/5/6 12302/5/6 12305/5/6
f 12305/5/6 12302/5/6 12306/5/6
f 12303/5/6 12304/5/6 12307/5/6
f 12307/5/6 12304/5/6 12308/5/6
f 12305/3/6 12306/3/6 12309/3/6
f 12309/3/6 12306/3/6 12310/3/6
f 12307/4/6 12308/4/6 12311/4/6
f 12311/4/6 12308/4/6 12312/4/6
f 12309/2/6 12310/2/6 12313/2/6
f 12313/2/6 12310/2/6 12314/2/6
f 12311/2/6 12312/2/6 12315/2/6
f 12315/2/6 12312/2/6 12316/2/6
f 12313/3/6 12314/3/6 12317/3/6
f 12317/3/6 12314/3/6 12318/3/6
f 12315/4/6 12316/4/6 12319/4/6
f 12317/4/6 12318/4/6 12320/4/6
f 12320/4/6 12318/4/6 12321/4/6
f 12315/4/6 12319/4/6 12322/4/6
f 12322/4/6 12319/4/6 12323/4/6
f 12320/5/6 12321/5/6 12324/5/6
f 12324/5/6 12321/5/6 12325/5/6
f 12322/2/6 12323/2/6 12326/2/6
f 12326/2/6 12323/2/6 12327/2/6
f 12324/2/6 12325/2/6 12328/2/6
f 12328/2/6 12325/2/6 12329/2/6
f 12326/5/6 12327/5/6 12330/5/6
f 12330/5/6 12327/5/6 12331/5/6
f 12330/2/6 12331/2/6 12332/2/6
f 12328/4/6 12329/4/6 12333/4/6
f 12333/4/6 12329/4/6 12334/4/6
f 12330/2/6 12332/2/6 12335/2/6
f 12333/2/6 12334/2/6 12336/2/6
f 12336/2/6 12334/2/6 12337/2/6
f 12330/2/6 12335/2/6 12338/2/6
f 12338/2/6 12335/2/6 12339/2/6
f 12336/4/6 12337/4/6 12340/4/6
f 12340/4/6 12337/4/6 12341/4/6
f 12338/4/6 12339/4/6 12342/4/6
f 12342/4/6 12339/4/6 12343/4/6
f 12340/5/6 12341/5/6 12344/5/6
f 12344/5/6 12341/5/6 12345/5/6
f 12342/3/6 12343/3/6 12346/3/6
f 12346/3/6 12343/3/6 12347/3/6
f 12344/4/6 12345/4/6 12348/4/6
f 12348/4/6 12345/4/6 12349/4/6
f 12346/5/6 12347/5/6 12350/5/6
f 12350/5/6 12347/5/6 12351/5/6
f 12348/3/6 12349/3/6 12352/3/6
f 12352/3/6 12349/3/6 12353/3/6
f 12350/4/6 12351/4/6 12354/4/6
f 12354/4/6 12351/4/6 12355/4/6
f 12352/2/6 12353/2/6 12356/2/6
f 12356/2/6 12353/2/6 12357/2/6
f 12354/2/6 12355/2/6 12358/2/6
f 12356/3/6 12357/3/6 12359/3/6
f 12359/3/6 12357/3/6 12360/3/6
f 12354/2/6 12358/2/6 12361/2/6
f 12361/2/6 12358/2/6 12362/2/6
f 12359/5/6 12360/5/6 12363/5/6
f 12363/5/6 12360/5/6 12364/5/6
f 12361/4/6 12362/4/6 12365/4/6
f 12363/4/6 12364/4/6 12366/4/6
f 12361/4/6 12365/4/6 12367/4/6
f 12367/4/6 12365/4/6 12368/4/6
f 12366/4/6 12364/4/6 12369/4/6
f 12369/4/6 12364/4/6 12370/4/6
f 12367/5/6 12368/5/6 12371/5/6
f 12371/5/6 12368/5/6 12372/5/6
f 12369/3/6 12370/3/6 12373/3/6
f 12373/3/6 12370/3/6 12374/3/6
f 12374/3/6 12370/3/6 12375/3/6
f 12371/4/6 12372/4/6 12376/4/6
f 12376/4/6 12372/4/6 12377/4/6
f 12374/4/6 12375/4/6 12378/4/6
f 12378/4/6 12375/4/6 12379/4/6
f 12376/3/6 12377/3/6 12380/3/6
f 12380/3/6 12377/3/6 12381/3/6
f 12378/5/6 12379/5/6 12382/5/6
f 12382/5/6 12379/5/6 12383/5/6
f 12380/2/6 12381/2/6 12384/2/6
f 12384/2/6 12381/2/6 12385/2/6
f 12382/3/6 12383/3/6 12386/3/6
f 12384/5/6 12385/5/6 12387/5/6
f 12387/5/6 12385/5/6 12388/5/6
f 12386/3/6 12383/3/6 12389/3/6
f 12387/4/6 12388/4/6 12390/4/6
f 12389/3/6 12383/3/6 12391/3/6
f 12391/3/6 12383/3/6 12392/3/6
f 12387/4/6 12390/4/6 12393/4/6
f 12393/4/6 12390/4/6 12394/4/6
f 12391/4/6 12392/4/6 12395/4/6
f 12395/4/6 12392/4/6 12396/4/6
f 12393/2/6 12394/2/6 12397/2/6
f 12397/2/6 12394/2/6 12398/2/6
f 12395/5/6 12396/5/6 12399/5/6
f 12399/5/6 12396/5/6 12400/5/6
f 12397/4/6 12398/4/6 12401/4/6
f 12401/4/6 12398/4/6 12402/4/6
f 12399/4/6 12400/4/6 12403/4/6
f 12403/4/6 12400/4/6 12404/4/6
f 12401/5/6 12402/5/6 12405/5/6
f 12405/5/6 12402/5/6 12406/5/6
f 12403/3/6 12404/3/6 12407/3/6
f 12407/3/6 12404/3/6 12408/3/6
f 12408/3/6 12404/3/6 12409/3/6
f 12408/4/6 12409/4/6 12410/4/6
f 12410/4/6 12409/4/6 12411/4/6
f 12405/4/6 12406/4/6 12412/4/6
f 12412/4/6 12406/4/6 12413/4/6
f 12410/5/6 12411/5/6 12414/5/6
f 12414/5/6 12411/5/6 12415/5/6
f 12412/3/6 12413/3/6 12437/3/6
f 12437/3/6 12413/3/6 12438/3/6
f 12414/4/6 12415/4/6 12439/4/6
f 12439/4/6 12415/4/6 12440/4/6
f 12416/6/6 12417/6/6 12448/6/6
f 12417/2/6 12418/2/6 12449/2/6
f 12448/6/6 12417/6/6 12449/6/6
f 12418/3/6 12419/3/6 12450/3/6
f 12449/2/6 12418/2/6 12450/2/6
f 12419/2/6 12420/2/6 12451/2/6
f 12450/3/6 12419/3/6 12451/3/6
f 12451/2/6 12420/2/6 12452/2/6
f 12420/3/6 12421/3/6 12453/3/6
f 12452/2/6 12420/2/6 12453/2/6
f 12421/4/6 12422/4/6 12454/4/6
f 12453/3/6 12421/3/6 12454/3/6
f 12422/2/6 12423/2/6 12455/2/6
f 12454/4/6 12422/4/6 12455/4/6
f 12455/2/6 12423/2/6 12456/2/6
f 12456/2/6 12423/2/6 12457/2/6
f 12457/2/6 12423/2/6 12458/2/6
f 12458/2/6 12423/2/6 12459/2/6
f 12459/2/6 12423/2/6 12460/2/6
f 12423/4/6 12424/4/6 12461/4/6
f 12460/2/6 12423/2/6 12461/2/6
f 12424/3/6 12425/3/6 12462/3/6
f 12461/4/6 12424/4/6 12462/4/6
f 12425/2/6 12426/2/6 12463/2/6
f 12462/3/6 12425/3/6 12463/3/6
f 12426/4/6 12427/4/6 12464/4/6
f 12463/2/6 12426/2/6 12464/2/6
f 12427/2/6 12428/2/6 12465/2/6
f 12464/4/6 12427/4/6 12465/4/6
f 12428/3/6 12429/3/6 12466/3/6
f 12465/2/6 12428/2/6 12466/2/6
f 12429/4/6 12430/4/6 12467/4/6
f 12466/3/6 12429/3/6 12467/3/6
f 12430/3/6 12431/3/6 12468/3/6
f 12467/4/6 12430/4/6 12468/4/6
f 12468/3/6 12431/3/6 12469/3/6
f 12469/3/6 12431/3/6 12470/3/6
f 12431/2/6 12432/2/6 12471/2/6
f 12470/3/6 12431/3/6 12471/3/6
f 12471/2/6 12432/2/6 12472/2/6
f 12432/4/6 12433/4/6 12473/4/6
f 12472/2/6 12432/2/6 12473/2/6
f 12433/3/6 12434/3/6 12474/3/6
f 12473/4/6 12433/4/6 12474/4/6
f 12434/4/6 12435/4/6 12475/4/6
f 12474/3/6 12434/3/6 12475/3/6
f 12435/2/6 12436/2/6 12476/2/6
f 12475/4/6 12435/4/6 12476/4/6
f 12436/3/6 12437/3/6 12477/3/6
f 12476/2/6 12436/2/6 12477/2/6
f 12437/2/6 12438/2/6 12478/2/6
f 12477/3/6 12437/3/6 12478/3/6
f 12478/2/6 12438/2/6 12479/2/6
f 12439/2/6 12440/2/6 12480/2/6
f 12440/4/6 12441/4/6 12481/4/6
f 12480/2/6 12440/2/6 12481/2/6
f 12481/4/6 12441/4/6 12482/4/6
f 12441/2/6 12442/2/6 12483/2/6
f 12482/4/6 12441/4/6 12483/4/6
f 12442/4/6 12443/4/6 12484/4/6
f 12483/2/6 12442/2/6 12484/2/6
f 12443/3/6 12444/3/6 12485/3/6
f 12484/4/6 12443/4/6 12485/4/6
f 12444/2/6 12445/2/6 12486/2/6
f 12485/3/6 12444/3/6 12486/3/6
f 12445/4/6 12446/4/6 12487/4/6
f 12486/2/6 12445/2/6 12487/2/6
f 12446/6/6 12447/6/6 12488/6/6
f 12487/4/6 12446/4/6 12488/4/6
f 12488/6/6 12447/6/6 12489/6/6
f 12490/6/6 12491/6/6 12538/6/6
f 12491/4/6 12492/4/6 12539/4/6
f 12538/6/6 12491/6/6 12539/6/6
f 12492/2/6 12493/2/6 12540/2/6
f 12539/4/6 12492/4/6 12540/4/6
f 12493/3/6 12494/3/6 12541/3/6
f 12540/2/6 12493/2/6 12541/2/6
f 12494/4/6 12495/4/6 12542/4/6
f 12541/3/6 12494/3/6 12542/3/6
f 12495/3/6 12496/3/6 12543/3/6
f 12542/4/6 12495/4/6 12543/4/6
f 12496/2/6 12497/2/6 12544/2/6
f 12543/3/6 12496/3/6 12544/3/6
f 12497/2/6 12498/2/6 12544/2/6
f 12498/4/6 12499/4/6 12545/4/6
f 12544/2/6 12498/2/6 12545/2/6
f 12499/2/6 12500/2/6 12546/2/6
f 12545/4/6 12499/4/6 12546/4/6
f 12500/3/6 12501/3/6 12547/3/6
f 12546/2/6 12500/2/6 12547/2/6
f 12501/2/6 12502/2/6 12548/2/6
f 12547/3/6 12501/3/6 12548/3/6
f 12502/4/6 12503/4/6 12549/4/6
f 12548/2/6 12502/2/6 12549/2/6
f 12503/2/6 12504/2/6 12550/2/6
f 12549/4/6 12503/4/6 12550/4/6
f 12504/2/6 12505/2/6 12550/2/6
f 12505/3/6 12506/3/6 12551/3/6
f 12550/2/6 12505/2/6 12551/2/6
f 12506/3/6 12507/3/6 12551/3/6
f 12507/2/6 12508/2/6 12552/2/6
f 12551/3/6 12507/3/6 12552/3/6
f 12508/2/6 12509/2/6 12552/2/6
f 12509/3/6 12510/3/6 12553/3/6
f 12552/2/6 12509/2/6 12553/2/6
f 12510/3/6 12511/3/6 12553/3/6
f 12511/2/6 12512/2/6 12554/2/6
f 12553/3/6 12511/3/6 12554/3/6
f 12512/3/6 12513/3/6 12555/3/6
f 12554/2/6 12512/2/6 12555/2/6
f 12513/2/6 12514/2/6 12556/2/6
f 12555/3/6 12513/3/6 12556/3/6
f 12514/3/6 12515/3/6 12557/3/6
f 12556/2/6 12514/2/6 12557/2/6
f 12515/2/6 12516/2/6 12558/2/6
f 12557/3/6 12515/3/6 12558/3/6
f 12516/3/6 12517/3/6 12559/3/6
f 12558/2/6 12516/2/6 12559/2/6
f 12517/2/6 12518/2/6 12560/2/6
f 12559/3/6 12517/3/6 12560/3/6
f 12518/4/6 12519/4/6 12561/4/6
f 12560/2/6 12518/2/6 12561/2/6
f 12519/2/6 12520/2/6 12562/2/6
f 12561/4/6 12519/4/6 12562/4/6
f 12520/4/6 12521/4/6 12563/4/6
f 12562/2/6 12520/2/6 12563/2/6
f 12521/2/6 12522/2/6 12564/2/6
f 12563/4/6 12521/4/6 12564/4/6
f 12522/3/6 12523/3/6 12565/3/6
f 12564/2/6 12522/2/6 12565/2/6
f 12523/4/6 12524/4/6 12566/4/6
f 12565/3/6 12523/3/6 12566/3/6
f 12524/3/6 12525/3/6 12567/3/6
f 12566/4/6 12524/4/6 12567/4/6
f 12525/3/6 12526/3/6 12567/3/6
f 12526/2/6 12527/2/6 12568/2/6
f 12567/3/6 12526/3/6 12568/3/6
f 12527/4/6 12528/4/6 12569/4/6
f 12568/2/6 12527/2/6 12569/2/6
f 12528/3/6 12529/3/6 12570/3/6
f 12569/4/6 12528/4/6 12570/4/6
f 12529/4/6 12530/4/6 12571/4/6
f 12570/3/6 12529/3/6 12571/3/6
f 12530/2/6 12531/2/6 12572/2/6
f 12571/4/6 12530/4/6 12572/4/6
f 12531/3/6 12532/3/6 12573/3/6
f 12572/2/6 12531/2/6 12573/2/6
f 12533/2/6 12534/2/6 12574/2/6
f 12573/3/6 12532/3/6 12574/3/6
f 12532/2/6 12533/2/6 12574/2/6
f 12534/4/6 12535/4/6 12575/4/6
f 12574/2/6 12534/2/6 12575/2/6
f 12535/2/6 12536/2/6 12576/2/6
f 12575/4/6 12535/4/6 12576/4/6
f 12536/6/6 12537/6/6 12577/6/6
f 12576/2/6 12536/2/6 12577/2/6
f 12577/6/6 12537/6/6 12578/6/6
f 12579/6/6 12580/6/6 12581/6/6
f 12581/6/6 12580/6/6 12582/6/6
f 12581/3/6 12582/3/6 12583/3/6
f 12583/3/6 12582/3/6 12584/3/6
f 12583/4/6 12584/4/6 12585/4/6
f 12585/4/6 12584/4/6 12586/4/6
f 12586/4/6 12584/4/6 12587/4/6
f 12586/5/6 12587/5/6 12588/5/6
f 12588/5/6 12587/5/6 12589/5/6
f 12588/2/6 12589/2/6 12590/2/6
f 12590/2/6 12589/2/6 12591/2/6
f 12590/3/6 12591/3/6 12592/3/6
f 12592/3/6 12591/3/6 12593/3/6
f 12592/4/6 12593/4/6 12594/4/6
f 12594/4/6 12593/4/6 12595/4/6
f 12594/5/6 12595/5/6 12596/5/6
f 12596/5/6 12595/5/6 12597/5/6
f 12596/4/6 12597/4/6 12598/4/6
f 12598/4/6 12597/4/6 12599/4/6
f 12598/2/6 12599/2/6 12600/2/6
f 12600/2/6 12599/2/6 12601/2/6
f 12600/4/6 12601/4/6 12602/4/6
f 12602/4/6 12601/4/6 12603/4/6
f 12602/5/6 12603/5/6 12604/5/6
f 12604/5/6 12603/5/6 12605/5/6
f 12604/3/6 12605/3/6 12606/3/6
f 12606/3/6 12605/3/6 12607/3/6
f 12607/3/6 12605/3/6 12608/3/6
f 12608/3/6 12605/3/6 12609/3/6
f 12609/3/6 12605/3/6 12610/3/6
f 12610/3/6 12605/3/6 12611/3/6
f 12610/5/6 12611/5/6 12612/5/6
f 12612/5/6 12611/5/6 12613/5/6
f 12612/2/6 12613/2/6 12614/2/6
f 12614/2/6 12613/2/6 12615/2/6
f 12615/2/6 12613/2/6 12616/2/6
f 12616/2/6 12613/2/6 12617/2/6
f 12616/5/6 12617/5/6 12618/5/6
f 12618/5/6 12617/5/6 12619/5/6
f 12618/4/6 12619/4/6 12620/4/6
f 12620/4/6 12619/4/6 12621/4/6
f 12620/2/6 12621/2/6 12622/2/6
f 12622/2/6 12621/2/6 12623/2/6
f 12622/4/6 12623/4/6 12624/4/6
f 12624/4/6 12623/4/6 12625/4/6
f 12624/3/6 12625/3/6 12626/3/6
f 12626/3/6 12625/3/6 12627/3/6
f 12626/2/6 12627/2/6 12628/2/6
f 12628/2/6 12627/2/6 12629/2/6
f 12628/5/6 12629/5/6 12630/5/6
f 12630/5/6 12629/5/6 12631/5/6
f 12630/2/6 12631/2/6 12632/2/6
f 12632/2/6 12631/2/6 12633/2/6
f 12632/3/6 12633/3/6 12634/3/6
f 12634/3/6 12633/3/6 12635/3/6
f 12634/4/6 12635/4/6 12636/4/6
f 12636/4/6 12635/4/6 12637/4/6
f 12637/4/6 12635/4/6 12638/4/6
f 12637/5/6 12638/5/6 12639/5/6
f 12639/5/6 12638/5/6 12640/5/6
f 12639/3/6 12640/3/6 12641/3/6
f 12641/3/6 12640/3/6 12642/3/6
f 12642/3/6 12640/3/6 12643/3/6
f 12642/2/6 12643/2/6 12644/2/6
f 12644/2/6 12643/2/6 12645/2/6
f 12644/3/6 12645/3/6 12646/3/6
f 12646/3/6 12645/3/6 12647/3/6
f 12646/5/6 12647/5/6 12648/5/6
f 12648/5/6 12647/5/6 12649/5/6
f 12648/3/6 12649/3/6 12650/3/6
f 12650/3/6 12649/3/6 12651/3/6
f 12650/4/6 12651/4/6 12652/4/6
f 12652/4/6 12651/4/6 12653/4/6
f 12654/6/6 12655/6/6 12656/6/6
f 12656/6/6 12655/6/6 12657/6/6
f 12656/4/6 12657/4/6 12658/4/6
f 12658/4/6 12657/4/6 12659/4/6
f 12658/2/6 12659/2/6 12660/2/6
f 12660/2/6 12659/2/6 12661/2/6
f 12660/3/6 12661/3/6 12662/3/6
f 12662/3/6 12661/3/6 12663/3/6
f 12662/4/6 12663/4/6 12664/4/6
f 12664/4/6 12663/4/6 12665/4/6
f 12664/5/6 12665/5/6 12666/5/6
f 12666/5/6 12665/5/6 12667/5/6
f 12666/3/6 12667/3/6 12668/3/6
f 12668/3/6 12667/3/6 12669/3/6
f 12668/4/6 12669/4/6 12670/4/6
f 12668/4/6 12670/4/6 12671/4/6
f 12671/4/6 12670/4/6 12672/4/6
f 12671/3/6 12672/3/6 12673/3/6
f 12673/3/6 12672/3/6 12674/3/6
f 12673/2/6 12674/2/6 12675/2/6
f 12675/2/6 12674/2/6 12676/2/6
f 12675/5/6 12676/5/6 12677/5/6
f 12677/5/6 12676/5/6 12678/5/6
f 12677/4/6 12678/4/6 12679/4/6
f 12679/4/6 12678/4/6 12680/4/6
f 12679/3/6 12680/3/6 12681/3/6
f 12679/3/6 12681/3/6 12682/3/6
f 12679/3/6 12682/3/6 12683/3/6
f 12683/3/6 12682/3/6 12684/3/6
f 12683/5/6 12684/5/6 12685/5/6
f 12685/5/6 12684/5/6 12686/5/6
f 12685/4/6 12686/4/6 12687/4/6
f 12687/4/6 12686/4/6 12688/4/6
f 12687/3/6 12688/3/6 12689/3/6
f 12687/3/6 12689/3/6 12690/3/6
f 12690/3/6 12689/3/6 12691/3/6
f 12690/4/6 12691/4/6 12692/4/6
f 12692/4/6 12691/4/6 12693/4/6
f 12692/2/6 12693/2/6 12694/2/6
f 12694/2/6 12693/2/6 12695/2/6
f 12694/5/6 12695/5/6 12696/5/6
f 12696/5/6 12695/5/6 12697/5/6
f 12696/2/6 12697/2/6 12698/2/6
f 12698/2/6 12697/2/6 12699/2/6
f 12698/4/6 12699/4/6 12700/4/6
f 12700/4/6 12699/4/6 12701/4/6
f 12700/3/6 12701/3/6 12702/3/6
f 12702/3/6 12701/3/6 12703/3/6
f 12702/5/6 12703/5/6 12704/5/6
f 12704/5/6 12703/5/6 12705/5/6
f 12704/3/6 12705/3/6 12706/3/6
f 12706/3/6 12705/3/6 12707/3/6
f 12706/2/6 12707/2/6 12708/2/6
f 12708/2/6 12707/2/6 12709/2/6
f 12708/3/6 12709/3/6 12710/3/6
f 12708/3/6 12710/3/6 12711/3/6
f 12711/3/6 12710/3/6 12712/3/6
f 12711/5/6 12712/5/6 12713/5/6
f 12713/5/6 12712/5/6 12714/5/6
f 12713/3/6 12714/3/6 12715/3/6
f 12715/3/6 12714/3/6 12716/3/6
f 12715/4/6 12716/4/6 12717/4/6
f 12717/4/6 12716/4/6 12718/4/6
f 12717/2/6 12718/2/6 12719/2/6
f 12717/2/6 12719/2/6 12720/2/6
f 12720/2/6 12719/2/6 12721/2/6
f 12720/5/6 12721/5/6 12722/5/6
f 12722/5/6 12721/5/6 12723/5/6
f 12722/2/6 12723/2/6 12724/2/6
f 12724/2/6 12723/2/6 12725/2/6
f 12724/3/6 12725/3/6 12726/3/6
f 12724/3/6 12726/3/6 12727/3/6
f 12727/3/6 12726/3/6 12728/3/6
f 12727/2/6 12728/2/6 12729/2/6
f 12729/2/6 12728/2/6 12730/2/6
f 12729/4/6 12730/4/6 12731/4/6
f 12731/4/6 12730/4/6 12732/4/6
f 12733/6/6 12734/6/6 12737/6/6
f 12737/6/6 12734/6/6 12738/6/6
f 12735/6/6 12736/6/6 12739/6/6
f 12739/6/6 12736/6/6 12740/6/6
f 12737/4/6 12738/4/6 12741/4/6
f 12741/4/6 12738/4/6 12742/4/6
f 12739/3/6 12740/3/6 12743/3/6
f 12741/3/6 12742/3/6 12744/3/6
f 12744/3/6 12742/3/6 12745/3/6
f 12743/3/6 12740/3/6 12746/3/6
f 12746/3/6 12740/3/6 12747/3/6
f 12746/2/6 12747/2/6 12748/2/6
f 12748/2/6 12747/2/6 12749/2/6
f 12744/4/6 12745/4/6 12750/4/6
f 12750/4/6 12745/4/6 12751/4/6
f 12748/3/6 12749/3/6 12752/3/6
f 12752/3/6 12749/3/6 12753/3/6
f 12750/5/6 12751/5/6 12754/5/6
f 12754/5/6 12751/5/6 12755/5/6
f 12752/5/6 12753/5/6 12756/5/6
f 12756/5/6 12753/5/6 12757/5/6
f 12754/2/6 12755/2/6 12758/2/6
f 12758/2/6 12755/2/6 12759/2/6
f 12756/3/6 12757/3/6 12760/3/6
f 12760/3/6 12757/3/6 12761/3/6
f 12758/3/6 12759/3/6 12762/3/6
f 12762/3/6 12759/3/6 12763/3/6
f 12760/4/6 12761/4/6 12764/4/6
f 12764/4/6 12761/4/6 12765/4/6
f 12764/2/6 12765/2/6 12766/2/6
f 12766/2/6 12765/2/6 12767/2/6
f 12762/2/6 12763/2/6 12768/2/6
f 12768/2/6 12763/2/6 12769/2/6
f 12766/4/6 12767/4/6 12770/4/6
f 12770/4/6 12767/4/6 12771/4/6
f 12768/3/6 12769/3/6 12772/3/6
f 12772/3/6 12769/3/6 12773/3/6
f 12770/5/6 12771/5/6 12774/5/6
f 12774/5/6 12771/5/6 12775/5/6
f 12772/5/6 12773/5/6 12776/5/6
f 12776/5/6 12773/5/6 12777/5/6
f 12774/4/6 12775/4/6 12778/4/6
f 12778/4/6 12775/4/6 12779/4/6
f 12778/3/6 12779/3/6 12780/3/6
f 12780/3/6 12779/3/6 12781/3/6
f 12776/2/6 12777/2/6 12782/2/6
f 12776/2/6 12782/2/6 12783/2/6
f 12783/2/6 12782/2/6 12784/2/6
f 12780/2/6 12781/2/6 12785/2/6
f 12785/2/6 12781/2/6 12786/2/6
f 12783/4/6 12784/4/6 12787/4/6
f 12787/4/6 12784/4/6 12788/4/6
f 12785/5/6 12786/5/6 12789/5/6
f 12789/5/6 12786/5/6 12790/5/6
f 12787/2/6 12788/2/6 12791/2/6
f 12791/2/6 12788/2/6 12792/2/6
f 12789/4/6 12790/4/6 12793/4/6
f 12793/4/6 12790/4/6 12794/4/6
f 12791/5/6 12792/5/6 12795/5/6
f 12795/5/6 12792/5/6 12796/5/6
f 12793/2/6 12794/2/6 12797/2/6
f 12797/2/6 12794/2/6 12798/2/6
f 12795/3/6 12796/3/6 12799/3/6
f 12797/3/6 12798/3/6 12800/3/6
f 12800/3/6 12798/3/6 12801/3/6
f 12795/3/6 12799/3/6 12802/3/6
f 12802/3/6 12799/3/6 12803/3/6
f 12800/4/6 12801/4/6 12804/4/6
f 12804/4/6 12801/4/6 12805/4/6
f 12802/4/6 12803/4/6 12806/4/6
f 12806/4/6 12803/4/6 12807/4/6
f 12804/3/6 12805/3/6 12808/3/6
f 12808/3/6 12805/3/6 12809/3/6
f 12806/2/6 12807/2/6 12810/2/6
f 12810/2/6 12807/2/6 12811/2/6
f 12808/5/6 12809/5/6 12812/5/6
f 12812/5/6 12809/5/6 12813/5/6
f 12810/3/6 12811/3/6 12814/3/6
f 12814/3/6 12811/3/6 12815/3/6
f 12812/4/6 12813/4/6 12816/4/6
f 12814/5/6 12815/5/6 12817/5/6
f 12816/4/6 12813/4/6 12818/4/6
f 12818/4/6 12813/4/6 12819/4/6
f 12814/5/6 12817/5/6 12820/5/6
f 12818/2/6 12819/2/6 12821/2/6
f 12821/2/6 12819/2/6 12822/2/6
f 12821/3/6 12822/3/6 12823/3/6
f 12823/3/6 12822/3/6 12824/3/6
f 12814/5/6 12820/5/6 12825/5/6
f 12823/5/6 12824/5/6 12826/5/6
f 12826/5/6 12824/5/6 12827/5/6
f 12814/5/6 12825/5/6 12828/5/6
f 12826/4/6 12827/4/6 12829/4/6
f 12829/4/6 12827/4/6 12830/4/6
f 12814/5/6 12828/5/6 12831/5/6
f 12814/5/6 12831/5/6 12832/5/6
f 12832/5/6 12831/5/6 12833/5/6
f 12829/2/6 12830/2/6 12834/2/6
f 12834/2/6 12830/2/6 12835/2/6
f 12834/3/6 12835/3/6 12836/3/6
f 12836/3/6 12835/3/6 12837/3/6
f 12836/4/6 12837/4/6 12838/4/6
f 12838/4/6 12837/4/6 12839/4/6
f 12832/4/6 12833/4/6 12840/4/6
f 12840/4/6 12833/4/6 12841/4/6
f 12838/5/6 12839/5/6 12842/5/6
f 12842/5/6 12839/5/6 12843/5/6
f 12840/2/6 12841/2/6 12844/2/6
f 12844/2/6 12841/2/6 12845/2/6
f 12844/5/6 12845/5/6 12846/5/6
f 12846/5/6 12845/5/6 12847/5/6
f 12842/3/6 12843/3/6 12848/3/6
f 12848/3/6 12843/3/6 12849/3/6
f 12846/4/6 12847/4/6 12850/4/6
f 12850/4/6 12847/4/6 12851/4/6
f 12848/4/6 12849/4/6 12852/4/6
f 12852/4/6 12849/4/6 12853/4/6
f 12852/3/6 12853/3/6 12854/3/6
f 12854/3/6 12853/3/6 12855/3/6
f 12850/3/6 12851/3/6 12856/3/6
f 12856/3/6 12851/3/6 12857/3/6
f 12854/5/6 12855/5/6 12858/5/6
f 12858/5/6 12855/5/6 12859/5/6
f 12856/4/6 12857/4/6 12860/4/6
f 12860/4/6 12857/4/6 12861/4/6
f 12858/2/6 12859/2/6 12862/2/6
f 12860/5/6 12861/5/6 12863/5/6
f 12863/5/6 12861/5/6 12864/5/6
f 12862/2/6 12859/2/6 12865/2/6
f 12863/3/6 12864/3/6 12866/3/6
f 12866/3/6 12864/3/6 12867/3/6
f 12865/2/6 12859/2/6 12868/2/6
f 12868/2/6 12859/2/6 12869/2/6
f 12868/5/6 12869/5/6 12870/5/6
f 12870/5/6 12869/5/6 12871/5/6
f 12866/2/6 12867/2/6 12872/2/6
f 12872/2/6 12867/2/6 12873/2/6
f 12870/3/6 12871/3/6 12874/3/6
f 12872/4/6 12873/4/6 12875/4/6
f 12875/4/6 12873/4/6 12876/4/6
f 12874/3/6 12871/3/6 12877/3/6
f 12877/3/6 12871/3/6 12878/3/6
f 12879/6/6 12880/6/6 12912/6/6
f 12880/2/6 12881/2/6 12913/2/6
f 12912/6/6 12880/6/6 12913/6/6
f 12881/3/6 12882/3/6 12914/3/6
f 12913/2/6 12881/2/6 12914/2/6
f 12882/2/6 12883/2/6 12915/2/6
f 12914/3/6 12882/3/6 12915/3/6
f 12883/4/6 12884/4/6 12916/4/6
f 12915/2/6 12883/2/6 12916/2/6
f 12916/4/6 12884/4/6 12917/4/6
f 12884/2/6 12885/2/6 12918/2/6
f 12917/4/6 12884/4/6 12918/4/6
f 12885/4/6 12886/4/6 12919/4/6
f 12918/2/6 12885/2/6 12919/2/6
f 12919/4/6 12886/4/6 12920/4/6
f 12886/3/6 12887/3/6 12921/3/6
f 12920/4/6 12886/4/6 12921/4/6
f 12921/3/6 12887/3/6 12922/3/6
f 12887/2/6 12888/2/6 12923/2/6
f 12922/3/6 12887/3/6 12923/3/6
f 12923/2/6 12888/2/6 12924/2/6
f 12888/4/6 12889/4/6 12925/4/6
f 12924/2/6 12888/2/6 12925/2/6
f 12889/2/6 12890/2/6 12926/2/6
f 12925/4/6 12889/4/6 12926/4/6
f 12890/4/6 12891/4/6 12927/4/6
f 12926/2/6 12890/2/6 12927/2/6
f 12891/2/6 12892/2/6 12928/2/6
f 12927/4/6 12891/4/6 12928/4/6
f 12892/3/6 12893/3/6 12929/3/6
f 12928/2/6 12892/2/6 12929/2/6
f 12893/4/6 12894/4/6 12930/4/6
f 12929/3/6 12893/3/6 12930/3/6
f 12894/3/6 12895/3/6 12931/3/6
f 12930/4/6 12894/4/6 12931/4/6
f 12895/2/6 12896/2/6 12932/2/6
f 12931/3/6 12895/3/6 12932/3/6
f 12896/4/6 12897/4/6 12933/4/6
f 12932/2/6 12896/2/6 12933/2/6
f 12933/4/6 12897/4/6 12934/4/6
f 12934/4/6 12897/4/6 12935/4/6
f 12935/4/6 12897/4/6 12936/4/6
f 12897/2/6 12898/2/6 12937/2/6
f 12936/4/6 12897/4/6 12937/4/6
f 12898/3/6 12899/3/6 12938/3/6
f 12937/2/6 12898/2/6 12938/2/6
f 12899/4/6 12900/4/6 12939/4/6
f 12938/3/6 12899/3/6 12939/3/6
f 12939/4/6 12900/4/6 12940/4/6
f 12901/2/6 12902/2/6 12941/2/6
f 12902/4/6 12903/4/6 12942/4/6
f 12941/2/6 12902/2/6 12942/2/6
f 12942/4/6 12903/4/6 12943/4/6
f 12903/2/6 12904/2/6 12944/2/6
f 12943/4/6 12903/4/6 12944/4/6
f 12904/4/6 12905/4/6 12945/4/6
f 12944/2/6 12904/2/6 12945/2/6
f 12905/2/6 12906/2/6 12946/2/6
f 12945/4/6 12905/4/6 12946/4/6
f 12906/4/6 12907/4/6 12947/4/6
f 12946/2/6 12906/2/6 12947/2/6
f 12947/4/6 12907/4/6 12948/4/6
f 12907/2/6 12908/2/6 12949/2/6
f 12948/4/6 12907/4/6 12949/4/6
f 12908/4/6 12909/4/6 12950/4/6
f 12949/2/6 12908/2/6 12950/2/6
f 12909/3/6 12910/3/6 12951/3/6
f 12950/4/6 12909/4/6 12951/4/6
f 12910/6/6 12911/6/6 12952/6/6
f 12951/3/6 12910/3/6 12952/3/6
f 12952/6/6 12911/6/6 12953/6/6
f 12954/6/6 12955/6/6 13008/6/6
f 12955/4/6 12956/4/6 13009/4/6
f 13008/6/6 12955/6/6 13009/6/6
f 12956/2/6 12957/2/6 13010/2/6
f 13009/4/6 12956/4/6 13010/4/6
f 12957/3/6 12958/3/6 13011/3/6
f 13010/2/6 12957/2/6 13011/2/6
f 12958/4/6 12959/4/6 13012/4/6
f 13011/3/6 12958/3/6 13012/3/6
f 12959/3/6 12960/3/6 13013/3/6
f 13012/4/6 12959/4/6 13013/4/6
f 12960/2/6 12961/2/6 13014/2/6
f 13013/3/6 12960/3/6 13014/3/6
f 12961/2/6 12962/2/6 13014/2/6
f 12962/3/6 12963/3/6 13015/3/6
f 13014/2/6 12962/2/6 13015/2/6
f 12963/3/6 12964/3/6 13015/3/6
f 12964/2/6 12965/2/6 13016/2/6
f 13015/3/6 12964/3/6 13016/3/6
f 12965/3/6 12966/3/6 13017/3/6
f 13016/2/6 12965/2/6 13017/2/6
f 12966/2/6 12967/2/6 13018/2/6
f 13017/3/6 12966/3/6 13018/3/6
f 12967/2/6 12968/2/6 13018/2/6
f 12968/4/6 12969/4/6 13019/4/6
f 13018/2/6 12968/2/6 13019/2/6
f 12969/3/6 12970/3/6 13020/3/6
f 13019/4/6 12969/4/6 13020/4/6
f 12970/2/6 12971/2/6 13021/2/6
f 13020/3/6 12970/3/6 13021/3/6
f 12971/4/6 12972/4/6 13022/4/6
f 13021/2/6 12971/2/6 13022/2/6
f 12972/3/6 12973/3/6 13023/3/6
f 13022/4/6 12972/4/6 13023/4/6
f 12973/4/6 12974/4/6 13024/4/6
f 13023/3/6 12973/3/6 13024/3/6
f 12974/2/6 12975/2/6 13025/2/6
f 13024/4/6 12974/4/6 13025/4/6
f 12975/3/6 12976/3/6 13026/3/6
f 13025/2/6 12975/2/6 13026/2/6
f 12976/4/6 12977/4/6 13027/4/6
f 13026/3/6 12976/3/6 13027/3/6
f 12977/2/6 12978/2/6 13028/2/6
f 13027/4/6 12977/4/6 13028/4/6
f 12978/3/6 12979/3/6 13029/3/6
f 13028/2/6 12978/2/6 13029/2/6
f 12979/4/6 12980/4/6 13030/4/6
f 13029/3/6 12979/3/6 13030/3/6
f 12980/2/6 12981/2/6 13031/2/6
f 13030/4/6 12980/4/6 13031/4/6
f 12981/4/6 12982/4/6 13032/4/6
f 13031/2/6 12981/2/6 13032/2/6
f 12982/2/6 12983/2/6 13033/2/6
f 13032/4/6 12982/4/6 13033/4/6
f 12983/4/6 12984/4/6 13034/4/6
f 13033/2/6 12983/2/6 13034/2/6
f 12984/4/6 12985/4/6 13034/4/6
f 12985/3/6 12986/3/6 13035/3/6
f 13034/4/6 12985/4/6 13035/4/6
f 12986/2/6 12987/2/6 13036/2/6
f 13035/3/6 12986/3/6 13036/3/6
f 12987/3/6 12988/3/6 13037/3/6
f 13036/2/6 12987/2/6 13037/2/6
f 12988/2/6 12989/2/6 13038/2/6
f 13037/3/6 12988/3/6 13038/3/6
f 12989/3/6 12990/3/6 13039/3/6
f 13038/2/6 12989/2/6 13039/2/6
f 12990/2/6 12991/2/6 13040/2/6
f 13039/3/6 12990/3/6 13040/3/6
f 12991/2/6 12992/2/6 13040/2/6
f 12992/3/6 12993/3/6 13041/3/6
f 13040/2/6 12992/2/6 13041/2/6
f 12993/2/6 12994/2/6 13042/2/6
f 13041/3/6 12993/3/6 13042/3/6
f 12994/2/6 12995/2/6 13042/2/6
f 12995/2/6 12996/2/6 13042/2/6
f 12996/4/6 12997/4/6 13043/4/6
f 13042/2/6 12996/2/6 13043/2/6
f 12997/2/6 12998/2/6 13044/2/6
f 13043/4/6 12997/4/6 13044/4/6
f 12998/4/6 12999/4/6 13045/4/6
f 13044/2/6 12998/2/6 13045/2/6
f 13000/2/6 13001/2/6 13046/2/6
f 13045/4/6 12999/4/6 13046/4/6
f 12999/2/6 13000/2/6 13046/2/6
f 13001/4/6 13002/4/6 13047/4/6
f 13046/2/6 13001/2/6 13047/2/6
f 13002/3/6 13003/3/6 13048/3/6
f 13047/4/6 13002/4/6 13048/4/6
f 13003/4/6 13004/4/6 13049/4/6
f 13048/3/6 13003/3/6 13049/3/6
f 13004/2/6 13005/2/6 13050/2/6
f 13049/4/6 13004/4/6 13050/4/6
f 13005/3/6 13006/3/6 13051/3/6
f 13050/2/6 13005/2/6 13051/2/6
f 13006/6/6 13007/6/6 13052/6/6
f 13051/3/6 13006/3/6 13052/3/6
f 13052/6/6 13007/6/6 13053/6/6
f 13054/6/6 13055/6/6 13058/6/6
f 13058/6/6 13055/6/6 13059/6/6
f 13056/6/6 13057/6/6 13060/6/6
f 13060/6/6 13057/6/6 13061/6/6
f 13058/3/6 13059/3/6 13062/3/6
f 13062/3/6 13059/3/6 13063/3/6
f 13060/4/6 13061/4/6 13064/4/6
f 13064/4/6 13061/4/6 13065/4/6
f 13062/2/6 13063/2/6 13066/2/6
f 13066/2/6 13063/2/6 13067/2/6
f 13064/3/6 13065/3/6 13068/3/6
f 13066/3/6 13067/3/6 13069/3/6
f 13068/3/6 13065/3/6 13070/3/6
f 13070/3/6 13065/3/6 13071/3/6
f 13066/3/6 13069/3/6 13072/3/6
f 13072/3/6 13069/3/6 13073/3/6
f 13070/4/6 13071/4/6 13074/4/6
f 13074/4/6 13071/4/6 13075/4/6
f 13072/5/6 13073/5/6 13076/5/6
f 13076/5/6 13073/5/6 13077/5/6
f 13074/5/6 13075/5/6 13078/5/6
f 13078/5/6 13075/5/6 13079/5/6
f 13076/3/6 13077/3/6 13080/3/6
f 13080/3/6 13077/3/6 13081/3/6
f 13078/4/6 13079/4/6 13082/4/6
f 13082/4/6 13079/4/6 13083/4/6
f 13080/4/6 13081/4/6 13084/4/6
f 13084/4/6 13081/4/6 13085/4/6
f 13082/3/6 13083/3/6 13086/3/6
f 13086/3/6 13083/3/6 13087/3/6
f 13084/2/6 13085/2/6 13088/2/6
f 13086/2/6 13087/2/6 13089/2/6
f 13089/2/6 13087/2/6 13090/2/6
f 13084/2/6 13088/2/6 13091/2/6
f 13089/4/6 13090/4/6 13092/4/6
f 13092/4/6 13090/4/6 13093/4/6
f 13084/2/6 13091/2/6 13094/2/6
f 13094/2/6 13091/2/6 13095/2/6
f 13092/5/6 13093/5/6 13096/5/6
f 13096/5/6 13093/5/6 13097/5/6
f 13094/5/6 13095/5/6 13098/5/6
f 13098/5/6 13095/5/6 13099/5/6
f 13096/4/6 13097/4/6 13100/4/6
f 13100/4/6 13097/4/6 13101/4/6
f 13098/2/6 13099/2/6 13102/2/6
f 13102/2/6 13099/2/6 13103/2/6
f 13100/3/6 13101/3/6 13104/3/6
f 13104/3/6 13101/3/6 13105/3/6
f 13102/4/6 13103/4/6 13106/4/6
f 13106/4/6 13103/4/6 13107/4/6
f 13104/4/6 13105/4/6 13108/4/6
f 13108/4/6 13105/4/6 13109/4/6
f 13106/2/6 13107/2/6 13110/2/6
f 13110/2/6 13107/2/6 13111/2/6
f 13108/5/6 13109/5/6 13112/5/6
f 13112/5/6 13109/5/6 13113/5/6
f 13110/3/6 13111/3/6 13114/3/6
f 13114/3/6 13111/3/6 13115/3/6
f 13112/4/6 13113/4/6 13116/4/6
f 13116/4/6 13113/4/6 13117/4/6
f 13114/5/6 13115/5/6 13118/5/6
f 13118/5/6 13115/5/6 13119/5/6
f 13116/3/6 13117/3/6 13120/3/6
f 13120/3/6 13117/3/6 13121/3/6
f 13118/4/6 13119/4/6 13122/4/6
f 13122/4/6 13119/4/6 13123/4/6
f 13120/4/6 13121/4/6 13124/4/6
f 13124/4/6 13121/4/6 13125/4/6
f 13122/3/6 13123/3/6 13126/3/6
f 13126/3/6 13123/3/6 13127/3/6
f 13124/2/6 13125/2/6 13128/2/6
f 13126/2/6 13127/2/6 13129/2/6
f 13129/2/6 13127/2/6 13130/2/6
f 13128/2/6 13125/2/6 13131/2/6
f 13131/2/6 13125/2/6 13132/2/6
f 13129/4/6 13130/4/6 13133/4/6
f 13133/4/6 13130/4/6 13134/4/6
f 13131/5/6 13132/5/6 13135/5/6
f 13135/5/6 13132/5/6 13136/5/6
f 13133/2/6 13134/2/6 13137/2/6
f 13137/2/6 13134/2/6 13138/2/6
f 13135/2/6 13136/2/6 13139/2/6
f 13139/2/6 13136/2/6 13140/2/6
f 13137/5/6 13138/5/6 13141/5/6
f 13141/5/6 13138/5/6 13142/5/6
f 13139/4/6 13140/4/6 13143/4/6
f 13143/4/6 13140/4/6 13144/4/6
f 13141/4/6 13142/4/6 13145/4/6
f 13145/4/6 13142/4/6 13146/4/6
f 13143/2/6 13144/2/6 13147/2/6
f 13147/2/6 13144/2/6 13148/2/6
f 13145/2/6 13146/2/6 13149/2/6
f 13149/2/6 13146/2/6 13150/2/6
f 13147/3/6 13148/3/6 13151/3/6
f 13151/3/6 13148/3/6 13152/3/6
f 13149/4/6 13150/4/6 13153/4/6
f 13151/5/6 13152/5/6 13154/5/6
f 13154/5/6 13152/5/6 13155/5/6
f 13149/4/6 13153/4/6 13156/4/6
f 13156/4/6 13153/4/6 13157/4/6
f 13154/3/6 13155/3/6 13158/3/6
f 13156/2/6 13157/2/6 13159/2/6
f 13159/2/6 13157/2/6 13160/2/6
f 13158/3/6 13155/3/6 13161/3/6
f 13161/3/6 13155/3/6 13162/3/6
f 13159/5/6 13160/5/6 13163/5/6
f 13163/5/6 13160/5/6 13164/5/6
f 13161/4/6 13162/4/6 13165/4/6
f 13165/4/6 13162/4/6 13166/4/6
f 13163/3/6 13164/3/6 13167/3/6
f 13167/3/6 13164/3/6 13168/3/6
f 13165/3/6 13166/3/6 13169/3/6
f 13169/3/6 13166/3/6 13170/3/6
f 13167/2/6 13168/2/6 13171/2/6
f 13171/2/6 13168/2/6 13172/2/6
f 13169/5/6 13170/5/6 13173/5/6
f 13173/5/6 13170/5/6 13174/5/6
f 13171/3/6 13172/3/6 13175/3/6
f 13175/3/6 13172/3/6 13176/3/6
f 13173/4/6 13174/4/6 13177/4/6
f 13177/4/6 13174/4/6 13178/4/6
f 13175/5/6 13176/5/6 13179/5/6
f 13179/5/6 13176/5/6 13180/5/6
f 13177/2/6 13178/2/6 13181/2/6
f 13181/2/6 13178/2/6 13182/2/6
f 13179/3/6 13180/3/6 13183/3/6
f 13181/4/6 13182/4/6 13184/4/6
f 13184/4/6 13182/4/6 13185/4/6
f 13179/3/6 13183/3/6 13186/3/6
f 13186/3/6 13183/3/6 13187/3/6
f 13184/2/6 13185/2/6 13188/2/6
f 13188/2/6 13185/2/6 13189/2/6
f 13186/4/6 13187/4/6 13190/4/6
f 13190/4/6 13187/4/6 13191/4/6
f 13188/5/6 13189/5/6 13192/5/6
f 13192/5/6 13189/5/6 13193/5/6
f 13190/3/6 13191/3/6 13194/3/6
f 13194/3/6 13191/3/6 13195/3/6
f 13192/2/6 13193/2/6 13196/2/6
f 13196/2/6 13193/2/6 13197/2/6
f 13194/5/6 13195/5/6 13198/5/6
f 13198/5/6 13195/5/6 13199/5/6
f 13196/4/6 13197/4/6 13200/4/6
f 13200/4/6 13197/4/6 13201/4/6
f 13198/3/6 13199/3/6 13202/3/6
f 13202/3/6 13199/3/6 13203/3/6
f 13200/3/6 13201/3/6 13204/3/6
f 13204/3/6 13201/3/6 13205/3/6
f 13202/2/6 13203/2/6 13206/2/6
f 13206/2/6 13203/2/6 13207/2/6
f 13204/4/6 13205/4/6 13208/4/6
f 13208/4/6 13205/4/6 13209/4/6
f 13206/4/6 13207/4/6 13210/4/6
f 13210/4/6 13207/4/6 13211/4/6
f 13208/5/6 13209/5/6 13212/5/6
f 13212/5/6 13209/5/6 13213/5/6
f 13210/2/6 13211/2/6 13214/2/6
f 13212/3/6 13213/3/6 13215/3/6
f 13215/3/6 13213/3/6 13216/3/6
f 13210/2/6 13214/2/6 13217/2/6
f 13215/2/6 13216/2/6 13218/2/6
f 13218/2/6 13216/2/6 13219/2/6
f 13210/2/6 13217/2/6 13220/2/6
f 13220/2/6 13217/2/6 13221/2/6
f 13218/3/6 13219/3/6 13222/3/6
f 13222/3/6 13219/3/6 13223/3/6
f 13224/6/6 13225/6/6 13261/6/6
f 13225/2/6 13226/2/6 13262/2/6
f 13261/6/6 13225/6/6 13262/6/6
f 13262/2/6 13226/2/6 13263/2/6
f 13226/3/6 13227/3/6 13264/3/6
f 13263/2/6 13226/2/6 13264/2/6
f 13227/2/6 13228/2/6 13265/2/6
f 13264/3/6 13227/3/6 13265/3/6
f 13228/4/6 13229/4/6 13266/4/6
f 13265/2/6 13228/2/6 13266/2/6
f 13229/2/6 13230/2/6 13267/2/6
f 13266/4/6 13229/4/6 13267/4/6
f 13267/2/6 13230/2/6 13268/2/6
f 13230/4/6 13231/4/6 13269/4/6
f 13268/2/6 13230/2/6 13269/2/6
f 13231/3/6 13232/3/6 13270/3/6
f 13269/4/6 13231/4/6 13270/4/6
f 13232/2/6 13233/2/6 13271/2/6
f 13270/3/6 13232/3/6 13271/3/6
f 13271/2/6 13233/2/6 13272/2/6
f 13233/3/6 13234/3/6 13273/3/6
f 13272/2/6 13233/2/6 13273/2/6
f 13234/2/6 13235/2/6 13274/2/6
f 13273/3/6 13234/3/6 13274/3/6
f 13235/4/6 13236/4/6 13275/4/6
f 13274/2/6 13235/2/6 13275/2/6
f 13236/2/6 13237/2/6 13276/2/6
f 13275/4/6 13236/4/6 13276/4/6
f 13276/2/6 13237/2/6 13277/2/6
f 13277/2/6 13237/2/6 13278/2/6
f 13237/4/6 13238/4/6 13279/4/6
f 13278/2/6 13237/2/6 13279/2/6
f 13238/2/6 13239/2/6 13280/2/6
f 13279/4/6 13238/4/6 13280/4/6
f 13239/4/6 13240/4/6 13281/4/6
f 13280/2/6 13239/2/6 13281/2/6
f 13240/3/6 13241/3/6 13282/3/6
f 13281/4/6 13240/4/6 13282/4/6
f 13241/2/6 13242/2/6 13283/2/6
f 13282/3/6 13241/3/6 13283/3/6
f 13242/3/6 13243/3/6 13284/3/6
f 13283/2/6 13242/2/6 13284/2/6
f 13243/2/6 13244/2/6 13285/2/6
f 13284/3/6 13243/3/6 13285/3/6
f 13244/3/6 13245/3/6 13286/3/6
f 13285/2/6 13244/2/6 13286/2/6
f 13245/4/6 13246/4/6 13287/4/6
f 13286/3/6 13245/3/6 13287/3/6
f 13246/2/6 13247/2/6 13288/2/6
f 13287/4/6 13246/4/6 13288/4/6
f 13247/4/6 13248/4/6 13289/4/6
f 13288/2/6 13247/2/6 13289/2/6
f 13248/2/6 13249/2/6 13290/2/6
f 13289/4/6 13248/4/6 13290/4/6
f 13290/2/6 13249/2/6 13291/2/6
f 13249/4/6 13250/4/6 13292/4/6
f 13291/2/6 13249/2/6 13292/2/6
f 13292/4/6 13250/4/6 13293/4/6
f 13251/4/6 13252/4/6 13294/4/6
f 13252/2/6 13253/2/6 13295/2/6
f 13294/4/6 13252/4/6 13295/4/6
f 13253/4/6 13254/4/6 13296/4/6
f 13295/2/6 13253/2/6 13296/2/6
f 13254/2/6 13255/2/6 13297/2/6
f 13296/4/6 13254/4/6 13297/4/6
f 13255/4/6 13256/4/6 13298/4/6
f 13297/2/6 13255/2/6 13298/2/6
f 13256/2/6 13257/2/6 13299/2/6
f 13298/4/6 13256/4/6 13299/4/6
f 13257/4/6 13258/4/6 13300/4/6
f 13299/2/6 13257/2/6 13300/2/6
f 13258/2/6 13259/2/6 13301/2/6
f 13300/4/6 13258/4/6 13301/4/6
f 13301/2/6 13259/2/6 13302/2/6
f 13302/2/6 13259/2/6 13303/2/6
f 13259/6/6 13260/6/6 13304/6/6
f 13303/2/6 13259/2/6 13304/2/6
f 13304/6/6 13260/6/6 13305/6/6
f 13306/6/6 13307/6/6 13358/6/6
f 13307/3/6 13308/3/6 13359/3/6
f 13358/6/6 13307/6/6 13359/6/6
f 13308/4/6 13309/4/6 13360/4/6
f 13359/3/6 13308/3/6 13360/3/6
f 13309/2/6 13310/2/6 13361/2/6
f 13360/4/6 13309/4/6 13361/4/6
f 13310/2/6 13311/2/6 13361/2/6
f 13311/3/6 13312/3/6 13362/3/6
f 13361/2/6 13311/2/6 13362/2/6
f 13312/2/6 13313/2/6 13363/2/6
f 13362/3/6 13312/3/6 13363/3/6
f 13313/3/6 13314/3/6 13364/3/6
f 13363/2/6 13313/2/6 13364/2/6
f 13314/2/6 13315/2/6 13365/2/6
f 13364/3/6 13314/3/6 13365/3/6
f 13315/3/6 13316/3/6 13366/3/6
f 13365/2/6 13315/2/6 13366/2/6
f 13316/3/6 13317/3/6 13366/3/6
f 13317/4/6 13318/4/6 13367/4/6
f 13366/3/6 13317/3/6 13367/3/6
f 13318/2/6 13319/2/6 13368/2/6
f 13367/4/6 13318/4/6 13368/4/6
f 13319/2/6 13320/2/6 13368/2/6
f 13320/3/6 13321/3/6 13369/3/6
f 13368/2/6 13320/2/6 13369/2/6
f 13321/4/6 13322/4/6 13370/4/6
f 13369/3/6 13321/3/6 13370/3/6
f 13322/3/6 13323/3/6 13371/3/6
f 13370/4/6 13322/4/6 13371/4/6
f 13323/4/6 13324/4/6 13372/4/6
f 13371/3/6 13323/3/6 13372/3/6
f 13324/2/6 13325/2/6 13373/2/6
f 13372/4/6 13324/4/6 13373/4/6
f 13325/2/6 13326/2/6 13373/2/6
f 13326/4/6 13327/4/6 13374/4/6
f 13373/2/6 13326/2/6 13374/2/6
f 13327/3/6 13328/3/6 13375/3/6
f 13374/4/6 13327/4/6 13375/4/6
f 13328/4/6 13329/4/6 13376/4/6
f 13375/3/6 13328/3/6 13376/3/6
f 13329/2/6 13330/2/6 13377/2/6
f 13376/4/6 13329/4/6 13377/4/6
f 13330/3/6 13331/3/6 13378/3/6
f 13377/2/6 13330/2/6 13378/2/6
f 13331/2/6 13332/2/6 13379/2/6
f 13378/3/6 13331/3/6 13379/3/6
f 13332/2/6 13333/2/6 13379/2/6
f 13333/3/6 13334/3/6 13380/3/6
f 13379/2/6 13333/2/6 13380/2/6
f 13334/2/6 13335/2/6 13381/2/6
f 13380/3/6 13334/3/6 13381/3/6
f 13335/4/6 13336/4/6 13382/4/6
f 13381/2/6 13335/2/6 13382/2/6
f 13336/2/6 13337/2/6 13383/2/6
f 13382/4/6 13336/4/6 13383/4/6
f 13337/3/6 13338/3/6 13384/3/6
f 13383/2/6 13337/2/6 13384/2/6
f 13338/2/6 13339/2/6 13385/2/6
f 13384/3/6 13338/3/6 13385/3/6
f 13339/4/6 13340/4/6 13386/4/6
f 13385/2/6 13339/2/6 13386/2/6
f 13340/4/6 13341/4/6 13386/4/6
f 13341/3/6 13342/3/6 13387/3/6
f 13386/4/6 13341/4/6 13387/4/6
f 13342/4/6 13343/4/6 13388/4/6
f 13387/3/6 13342/3/6 13388/3/6
f 13343/3/6 13344/3/6 13389/3/6
f 13388/4/6 13343/4/6 13389/4/6
f 13344/2/6 13345/2/6 13390/2/6
f 13389/3/6 13344/3/6 13390/3/6
f 13345/3/6 13346/3/6 13391/3/6
f 13390/2/6 13345/2/6 13391/2/6
f 13346/3/6 13347/3/6 13391/3/6
f 13347/3/6 13348/3/6 13391/3/6
f 13348/3/6 13349/3/6 13391/3/6
f 13349/4/6 13350/4/6 13392/4/6
f 13391/3/6 13349/3/6 13392/3/6
f 13350/2/6 13351/2/6 13393/2/6
f 13392/4/6 13350/4/6 13393/4/6
f 13351/3/6 13352/3/6 13394/3/6
f 13393/2/6 13351/2/6 13394/2/6
f 13352/2/6 13353/2/6 13395/2/6
f 13394/3/6 13352/3/6 13395/3/6
f 13353/3/6 13354/3/6 13396/3/6
f 13395/2/6 13353/2/6 13396/2/6
f 13354/4/6 13355/4/6 13397/4/6
f 13396/3/6 13354/3/6 13397/3/6
f 13355/2/6 13356/2/6 13398/2/6
f 13397/4/6 13355/4/6 13398/4/6
f 13356/6/6 13357/6/6 13399/6/6
f 13398/2/6 13356/2/6 13399/2/6
f 13399/6/6 13357/6/6 13400/6/6
f 13401/6/6 13402/6/6 13403/6/6
f 13403/6/6 13402/6/6 13404/6/6
f 13403/3/6 13404/3/6 13405/3/6
f 13405/3/6 13404/3/6 13406/3/6
f 13405/4/6 13406/4/6 13407/4/6
f 13406/3/6 13404/3/6 13408/3/6
f 13407/4/6 13406/4/6 13408/4/6
f 13408/3/6 13404/3/6 13409/3/6
f 13407/2/6 13408/2/6 13410/2/6
f 13408/2/6 13409/2/6 13410/2/6
f 13410/2/6 13409/2/6 13411/2/6
f 13410/4/6 13411/4/6 13412/4/6
f 13412/4/6 13411/4/6 13413/4/6
f 13412/5/6 13413/5/6 13414/5/6
f 13414/5/6 13413/5/6 13415/5/6
f 13414/3/6 13415/3/6 13416/3/6
f 13416/3/6 13415/3/6 13417/3/6
f 13416/4/6 13417/4/6 13418/4/6
f 13417/3/6 13415/3/6 13419/3/6
f 13418/4/6 13417/4/6 13419/4/6
f 13418/2/6 13419/2/6 13420/2/6
f 13419/3/6 13415/3/6 13421/3/6
f 13420/2/6 13419/2/6 13421/2/6
f 13421/3/6 13415/3/6 13422/3/6
f 13420/4/6 13421/4/6 13423/4/6
f 13421/5/6 13422/5/6 13424/5/6
f 13423/4/6 13421/4/6 13424/4/6
f 13424/5/6 13422/5/6 13425/5/6
f 13423/5/6 13424/5/6 13426/5/6
f 13424/4/6 13425/4/6 13427/4/6
f 13426/5/6 13424/5/6 13427/5/6
f 13427/4/6 13425/4/6 13428/4/6
f 13426/2/6 13427/2/6 13429/2/6
f 13427/3/6 13428/3/6 13430/3/6
f 13429/2/6 13427/2/6 13430/2/6
f 13429/3/6 13430/3/6 13431/3/6
f 13430/3/6 13428/3/6 13432/3/6
f 13431/3/6 13430/3/6 13432/3/6
f 13431/2/6 13432/2/6 13433/2/6
f 13433/2/6 13432/2/6 13434/2/6
f 13434/2/6 13432/2/6 13435/2/6
f 13433/3/6 13434/3/6 13436/3/6
f 13434/5/6 13435/5/6 13437/5/6
f 13436/3/6 13434/3/6 13437/3/6
f 13437/5/6 13435/5/6 13438/5/6
f 13436/4/6 13437/4/6 13439/4/6
f 13437/2/6 13438/2/6 13440/2/6
f 13439/4/6 13437/4/6 13440/4/6
f 13440/2/6 13438/2/6 13441/2/6
f 13439/5/6 13440/5/6 13442/5/6
f 13440/4/6 13441/4/6 13443/4/6
f 13442/5/6 13440/5/6 13443/5/6
f 13443/4/6 13441/4/6 13444/4/6
f 13442/3/6 13443/3/6 13445/3/6
f 13443/2/6 13444/2/6 13446/2/6
f 13445/3/6 13443/3/6 13446/3/6
f 13446/2/6 13444/2/6 13447/2/6
f 13445/2/6 13446/2/6 13448/2/6
f 13446/3/6 13447/3/6 13449/3/6
f 13448/2/6 13446/2/6 13449/2/6
f 13449/3/6 13447/3/6 13450/3/6
f 13448/4/6 13449/4/6 13451/4/6
f 13449/2/6 13450/2/6 13452/2/6
f 13451/4/6 13449/4/6 13452/4/6
f 13452/2/6 13450/2/6 13453/2/6
f 13451/3/6 13452/3/6 13454/3/6
f 13452/5/6 13453/5/6 13455/5/6
f 13454/3/6 13452/3/6 13455/3/6
f 13455/5/6 13453/5/6 13456/5/6
f 13454/4/6 13455/4/6 13457/4/6
f 13455/2/6 13456/2/6 13458/2/6
f 13457/4/6 13455/4/6 13458/4/6
f 13458/2/6 13456/2/6 13459/2/6
f 13457/5/6 13458/5/6 13460/5/6
f 13458/4/6 13459/4/6 13461/4/6
f 13460/5/6 13458/5/6 13461/5/6
f 13461/4/6 13459/4/6 13462/4/6
f 13460/4/6 13461/4/6 13463/4/6
f 13461/3/6 13462/3/6 13464/3/6
f 13463/4/6 13461/4/6 13464/4/6
f 13464/3/6 13462/3/6 13465/3/6
f 13463/2/6 13464/2/6 13466/2/6
f 13464/4/6 13465/4/6 13467/4/6
f 13466/2/6 13464/2/6 13467/2/6
f 13467/4/6 13465/4/6 13468/4/6
f 13466/3/6 13467/3/6 13469/3/6
f 13467/5/6 13468/5/6 13469/5/6
f 13469/5/6 13468/5/6 13470/5/6
f 13466/3/6 13469/3/6 13471/3/6
f 13469/3/6 13470/3/6 13471/3/6
f 13471/3/6 13470/3/6 13472/3/6
f 13472/3/6 13470/3/6 13473/3/6
f 13471/4/6 13472/4/6 13474/4/6
f 13472/2/6 13473/2/6 13475/2/6
f 13474/4/6 13472/4/6 13475/4/6
f 13475/2/6 13473/2/6 13476/2/6
f 13474/5/6 13475/5/6 13477/5/6
f 13475/4/6 13476/4/6 13478/4/6
f 13477/5/6 13475/5/6 13478/5/6
f 13477/3/6 13478/3/6 13479/3/6
f 13478/4/6 13476/4/6 13480/4/6
f 13479/3/6 13478/3/6 13480/3/6
f 13480/4/6 13476/4/6 13481/4/6
f 13479/4/6 13480/4/6 13482/4/6
f 13480/2/6 13481/2/6 13482/2/6
f 13482/2/6 13481/2/6 13483/2/6
f 13479/4/6 13482/4/6 13484/4/6
f 13482/5/6 13483/5/6 13485/5/6
f 13484/4/6 13482/4/6 13485/4/6
f 13485/5/6 13483/5/6 13486/5/6
f 13484/3/6 13485/3/6 13487/3/6
f 13485/4/6 13486/4/6 13488/4/6
f 13487/3/6 13485/3/6 13488/3/6
f 13488/4/6 13486/4/6 13489/4/6
f 13487/5/6 13488/5/6 13490/5/6
f 13488/3/6 13489/3/6 13491/3/6
f 13490/5/6 13488/5/6 13491/5/6
f 13491/3/6 13489/3/6 13492/3/6
f 13490/4/6 13491/4/6 13493/4/6
f 13491/2/6 13492/2/6 13494/2/6
f 13493/4/6 13491/4/6 13494/4/6
f 13494/2/6 13492/2/6 13495/2/6
f 13493/3/6 13494/3/6 13496/3/6
f 13494/4/6 13495/4/6 13496/4/6
f 13496/4/6 13495/4/6 13497/4/6
f 13493/3/6 13496/3/6 13498/3/6
f 13496/5/6 13497/5/6 13499/5/6
f 13498/3/6 13496/3/6 13499/3/6
f 13499/5/6 13497/5/6 13500/5/6
f 13498/4/6 13499/4/6 13501/4/6
f 13499/3/6 13500/3/6 13501/3/6
f 13501/3/6 13500/3/6 13502/3/6
f 13498/4/6 13501/4/6 13503/4/6
f 13501/4/6 13502/4/6 13503/4/6
f 13503/4/6 13502/4/6 13504/4/6
f 13503/3/6 13504/3/6 13505/3/6
f 13505/3/6 13504/3/6 13506/3/6
f 13505/4/6 13506/4/6 13507/4/6
f 13506/3/6 13504/3/6 13508/3/6
f 13507/4/6 13506/4/6 13508/4/6
f 13508/3/6 13504/3/6 13509/3/6
f 13507/3/6 13508/3/6 13510/3/6
f 13508/5/6 13509/5/6 13510/5/6
f 13510/5/6 13509/5/6 13511/5/6
f 13507/3/6 13510/3/6 13512/3/6
f 13510/4/6 13511/4/6 13513/4/6
f 13512/3/6 13510/3/6 13513/3/6
f 13513/4/6 13511/4/6 13514/4/6
f 13512/4/6 13513/4/6 13515/4/6
f 13513/2/6 13514/2/6 13516/2/6
f 13515/4/6 13513/4/6 13516/4/6
f 13516/2/6 13514/2/6 13517/2/6
f 13515/3/6 13516/3/6 13518/3/6
f 13516/3/6 13517/3/6 13518/3/6
f 13518/3/6 13517/3/6 13519/3/6
f 13518/2/6 13519/2/6 13520/2/6
f 13520/2/6 13519/2/6 13521/2/6
f 13521/2/6 13519/2/6 13522/2/6
f 13523/6/6 13524/6/6 13562/6/6
f 13525/2/6 13526/2/6 13563/2/6
f 13562/6/6 13524/6/6 13563/6/6
f 13524/2/6 13525/2/6 13563/2/6
f 13527/3/6 13528/3/6 13564/3/6
f 13563/2/6 13526/2/6 13564/2/6
f 13526/3/6 13527/3/6 13564/3/6
f 13528/2/6 13529/2/6 13565/2/6
f 13564/3/6 13528/3/6 13565/3/6
f 13529/3/6 13530/3/6 13566/3/6
f 13565/2/6 13529/2/6 13566/2/6
f 13530/2/6 13531/2/6 13567/2/6
f 13566/3/6 13530/3/6 13567/3/6
f 13531/4/6 13532/4/6 13568/4/6
f 13567/2/6 13531/2/6 13568/2/6
f 13532/2/6 13533/2/6 13569/2/6
f 13568/4/6 13532/4/6 13569/4/6
f 13533/4/6 13534/4/6 13570/4/6
f 13569/2/6 13533/2/6 13570/2/6
f 13535/2/6 13536/2/6 13571/2/6
f 13570/4/6 13534/4/6 13571/4/6
f 13534/2/6 13535/2/6 13571/2/6
f 13538/3/6 13539/3/6 13572/3/6
f 13571/2/6 13536/2/6 13572/2/6
f 13537/3/6 13538/3/6 13572/3/6
f 13536/3/6 13537/3/6 13572/3/6
f 13539/4/6 13540/4/6 13573/4/6
f 13572/3/6 13539/3/6 13573/3/6
f 13542/2/6 13543/2/6 13574/2/6
f 13573/4/6 13540/4/6 13574/4/6
f 13541/2/6 13542/2/6 13574/2/6
f 13540/2/6 13541/2/6 13574/2/6
f 13543/4/6 13544/4/6 13575/4/6
f 13574/2/6 13543/2/6 13575/2/6
f 13544/2/6 13545/2/6 13576/2/6
f 13575/4/6 13544/4/6 13576/4/6
f 13545/4/6 13546/4/6 13577/4/6
f 13576/2/6 13545/2/6 13577/2/6
f 13546/2/6 13547/2/6 13578/2/6
f 13577/4/6 13546/4/6 13578/4/6
f 13547/4/6 13548/4/6 13579/4/6
f 13578/2/6 13547/2/6 13579/2/6
f 13548/2/6 13549/2/6 13580/2/6
f 13579/4/6 13548/4/6 13580/4/6
f 13549/3/6 13550/3/6 13581/3/6
f 13580/2/6 13549/2/6 13581/2/6
f 13550/4/6 13551/4/6 13582/4/6
f 13581/3/6 13550/3/6 13582/3/6
f 13551/2/6 13552/2/6 13583/2/6
f 13582/4/6 13551/4/6 13583/4/6
f 13553/4/6 13554/4/6 13584/4/6
f 13583/2/6 13552/2/6 13584/2/6
f 13552/4/6 13553/4/6 13584/4/6
f 13554/2/6 13555/2/6 13585/2/6
f 13584/4/6 13554/4/6 13585/4/6
f 13555/3/6 13556/3/6 13586/3/6
f 13585/2/6 13555/2/6 13586/2/6
f 13556/2/6 13557/2/6 13587/2/6
f 13586/3/6 13556/3/6 13587/3/6
f 13557/3/6 13558/3/6 13588/3/6
f 13587/2/6 13557/2/6 13588/2/6
f 13558/4/6 13559/4/6 13589/4/6
f 13588/3/6 13558/3/6 13589/3/6
f 13559/2/6 13560/2/6 13590/2/6
f 13589/4/6 13559/4/6 13590/4/6
f 13560/6/6 13561/6/6 13591/6/6
f 13590/2/6 13560/2/6 13591/2/6
f 13591/6/6 13561/6/6 13592/6/6
f 13593/6/6 13594/6/6 13629/6/6
f 13594/2/6 13595/2/6 13630/2/6
f 13629/6/6 13594/6/6 13630/6/6
f 13630/2/6 13595/2/6 13631/2/6
f 13631/2/6 13595/2/6 13632/2/6
f 13632/2/6 13595/2/6 13633/2/6
f 13633/2/6 13595/2/6 13634/2/6
f 13634/2/6 13595/2/6 13635/2/6
f 13595/4/6 13596/4/6 13636/4/6
f 13635/2/6 13595/2/6 13636/2/6
f 13596/3/6 13597/3/6 13637/3/6
f 13636/4/6 13596/4/6 13637/4/6
f 13597/2/6 13598/2/6 13638/2/6
f 13637/3/6 13597/3/6 13638/3/6
f 13598/4/6 13599/4/6 13639/4/6
f 13638/2/6 13598/2/6 13639/2/6
f 13599/2/6 13600/2/6 13640/2/6
f 13639/4/6 13599/4/6 13640/4/6
f 13600/4/6 13601/4/6 13641/4/6
f 13640/2/6 13600/2/6 13641/2/6
f 13601/2/6 13602/2/6 13642/2/6
f 13641/4/6 13601/4/6 13642/4/6
f 13602/4/6 13603/4/6 13643/4/6
f 13642/2/6 13602/2/6 13643/2/6
f 13603/2/6 13604/2/6 13644/2/6
f 13643/4/6 13603/4/6 13644/4/6
f 13604/3/6 13605/3/6 13645/3/6
f 13644/2/6 13604/2/6 13645/2/6
f 13605/2/6 13606/2/6 13646/2/6
f 13645/3/6 13605/3/6 13646/3/6
f 13606/3/6 13607/3/6 13647/3/6
f 13646/2/6 13606/2/6 13647/2/6
f 13607/2/6 13608/2/6 13648/2/6
f 13647/3/6 13607/3/6 13648/3/6
f 13608/3/6 13609/3/6 13649/3/6
f 13648/2/6 13608/2/6 13649/2/6
f 13609/2/6 13610/2/6 13650/2/6
f 13649/3/6 13609/3/6 13650/3/6
f 13650/2/6 13610/2/6 13651/2/6
f 13610/4/6 13611/4/6 13652/4/6
f 13651/2/6 13610/2/6 13652/2/6
f 13611/2/6 13612/2/6 13653/2/6
f 13652/4/6 13611/4/6 13653/4/6
f 13612/4/6 13613/4/6 13654/4/6
f 13653/2/6 13612/2/6 13654/2/6
f 13613/3/6 13614/3/6 13655/3/6
f 13654/4/6 13613/4/6 13655/4/6
f 13614/2/6 13615/2/6 13656/2/6
f 13655/3/6 13614/3/6 13656/3/6
f 13656/2/6 13615/2/6 13657/2/6
f 13615/4/6 13616/4/6 13658/4/6
f 13657/2/6 13615/2/6 13658/2/6
f 13616/3/6 13617/3/6 13659/3/6
f 13658/4/6 13616/4/6 13659/4/6
f 13659/3/6 13617/3/6 13660/3/6
f 13617/4/6 13618/4/6 13661/4/6
f 13660/3/6 13617/3/6 13661/3/6
f 13661/4/6 13618/4/6 13662/4/6
f 13618/2/6 13619/2/6 13663/2/6
f 13662/4/6 13618/4/6 13663/4/6
f 13619/4/6 13620/4/6 13664/4/6
f 13663/2/6 13619/2/6 13664/2/6
f 13620/3/6 13621/3/6 13665/3/6
f 13664/4/6 13620/4/6 13665/4/6
f 13621/4/6 13622/4/6 13666/4/6
f 13665/3/6 13621/3/6 13666/3/6
f 13622/2/6 13623/2/6 13667/2/6
f 13666/4/6 13622/4/6 13667/4/6
f 13623/4/6 13624/4/6 13668/4/6
f 13667/2/6 13623/2/6 13668/2/6
f 13668/4/6 13624/4/6 13669/4/6
f 13624/2/6 13625/2/6 13670/2/6
f 13669/4/6 13624/4/6 13670/4/6
f 13625/3/6 13626/3/6 13671/3/6
f 13670/2/6 13625/2/6 13671/2/6
f 13626/4/6 13627/4/6 13672/4/6
f 13671/3/6 13626/3/6 13672/3/6
f 13627/6/6 13628/6/6 13673/6/6
f 13672/4/6 13627/4/6 13673/4/6
f 13673/6/6 13628/6/6 13674/6/6
f 13675/6/6 13676/6/6 13703/6/6
f 13676/2/6 13677/2/6 13704/2/6
f 13703/6/6 13676/6/6 13704/6/6
f 13677/3/6 13678/3/6 13705/3/6
f 13704/2/6 13677/2/6 13705/2/6
f 13678/4/6 13679/4/6 13706/4/6
f 13705/3/6 13678/3/6 13706/3/6
f 13679/2/6 13680/2/6 13707/2/6
f 13706/4/6 13679/4/6 13707/4/6
f 13680/3/6 13681/3/6 13708/3/6
f 13707/2/6 13680/2/6 13708/2/6
f 13708/3/6 13681/3/6 13709/3/6
f 13681/2/6 13682/2/6 13710/2/6
f 13709/3/6 13681/3/6 13710/3/6
f 13682/4/6 13683/4/6 13711/4/6
f 13710/2/6 13682/2/6 13711/2/6
f 13683/2/6 13684/2/6 13712/2/6
f 13711/4/6 13683/4/6 13712/4/6
f 13684/4/6 13685/4/6 13713/4/6
f 13712/2/6 13684/2/6 13713/2/6
f 13685/3/6 13686/3/6 13714/3/6
f 13713/4/6 13685/4/6 13714/4/6
f 13714/3/6 13686/3/6 13715/3/6
f 13686/2/6 13687/2/6 13716/2/6
f 13715/3/6 13686/3/6 13716/3/6
f 13716/2/6 13687/2/6 13717/2/6
f 13717/2/6 13687/2/6 13718/2/6
f 13718/2/6 13687/2/6 13719/2/6
f 13719/2/6 13687/2/6 13720/2/6
f 13687/4/6 13688/4/6 13721/4/6
f 13720/2/6 13687/2/6 13721/2/6
f 13688/2/6 13689/2/6 13722/2/6
f 13721/4/6 13688/4/6 13722/4/6
f 13689/4/6 13690/4/6 13723/4/6
f 13722/2/6 13689/2/6 13723/2/6
f 13723/4/6 13690/4/6 13724/4/6
f 13724/4/6 13690/4/6 13725/4/6
f 13690/2/6 13691/2/6 13726/2/6
f 13725/4/6 13690/4/6 13726/4/6
f 13726/2/6 13691/2/6 13727/2/6
f 13691/3/6 13692/3/6 13728/3/6
f 13727/2/6 13691/2/6 13728/2/6
f 13692/2/6 13693/2/6 13729/2/6
f 13728/3/6 13692/3/6 13729/3/6
f 13729/2/6 13693/2/6 13730/2/6
f 13730/2/6 13693/2/6 13731/2/6
f 13731/2/6 13693/2/6 13732/2/6
f 13693/3/6 13694/3/6 13733/3/6
f 13732/2/6 13693/2/6 13733/2/6
f 13694/4/6 13695/4/6 13734/4/6
f 13733/3/6 13694/3/6 13734/3/6
f 13734/4/6 13695/4/6 13735/4/6
f 13695/3/6 13696/3/6 13736/3/6
f 13735/4/6 13695/4/6 13736/4/6
f 13696/2/6 13697/2/6 13737/2/6
f 13736/3/6 13696/3/6 13737/3/6
f 13697/3/6 13698/3/6 13738/3/6
f 13737/2/6 13697/2/6 13738/2/6
f 13698/4/6 13699/4/6 13739/4/6
f 13738/3/6 13698/3/6 13739/3/6
f 13699/3/6 13700/3/6 13740/3/6
f 13739/4/6 13699/4/6 13740/4/6
f 13700/4/6 13701/4/6 13741/4/6
f 13740/3/6 13700/3/6 13741/3/6
f 13701/6/6 13702/6/6 13742/6/6
f 13741/4/6 13701/4/6 13742/4/6
f 13742/6/6 13702/6/6 13743/6/6
f 13744/6/6 13745/6/6 13792/6/6
f 13745/4/6 13746/4/6 13793/4/6
f 13792/6/6 13745/6/6 13793/6/6
f 13746/3/6 13747/3/6 13794/3/6
f 13793/4/6 13746/4/6 13794/4/6
f 13747/2/6 13748/2/6 13795/2/6
f 13794/3/6 13747/3/6 13795/3/6
f 13748/3/6 13749/3/6 13796/3/6
f 13795/2/6 13748/2/6 13796/2/6
f 13749/4/6 13750/4/6 13797/4/6
f 13796/3/6 13749/3/6 13797/3/6
f 13750/4/6 13751/4/6 13797/4/6
f 13751/2/6 13752/2/6 13798/2/6
f 13797/4/6 13751/4/6 13798/4/6
f 13752/3/6 13753/3/6 13799/3/6
f 13798/2/6 13752/2/6 13799/2/6
f 13753/2/6 13754/2/6 13800/2/6
f 13799/3/6 13753/3/6 13800/3/6
f 13754/3/6 13755/3/6 13801/3/6
f 13800/2/6 13754/2/6 13801/2/6
f 13755/4/6 13756/4/6 13802/4/6
f 13801/3/6 13755/3/6 13802/3/6
f 13756/2/6 13757/2/6 13803/2/6
f 13802/4/6 13756/4/6 13803/4/6
f 13757/3/6 13758/3/6 13804/3/6
f 13803/2/6 13757/2/6 13804/2/6
f 13758/2/6 13759/2/6 13805/2/6
f 13804/3/6 13758/3/6 13805/3/6
f 13759/2/6 13760/2/6 13805/2/6
f 13760/2/6 13761/2/6 13805/2/6
f 13761/2/6 13762/2/6 13805/2/6
f 13762/2/6 13763/2/6 13805/2/6
f 13763/4/6 13764/4/6 13806/4/6
f 13805/2/6 13763/2/6 13806/2/6
f 13764/2/6 13765/2/6 13807/2/6
f 13806/4/6 13764/4/6 13807/4/6
f 13765/3/6 13766/3/6 13808/3/6
f 13807/2/6 13765/2/6 13808/2/6
f 13766/3/6 13767/3/6 13808/3/6
f 13767/2/6 13768/2/6 13809/2/6
f 13808/3/6 13767/3/6 13809/3/6
f 13768/2/6 13769/2/6 13809/2/6
f 13769/2/6 13770/2/6 13809/2/6
f 13770/2/6 13771/2/6 13809/2/6
f 13771/2/6 13772/2/6 13809/2/6
f 13772/4/6 13773/4/6 13810/4/6
f 13809/2/6 13772/2/6 13810/2/6
f 13773/2/6 13774/2/6 13811/2/6
f 13810/4/6 13773/4/6 13811/4/6
f 13774/4/6 13775/4/6 13812/4/6
f 13811/2/6 13774/2/6 13812/2/6
f 13775/2/6 13776/2/6 13813/2/6
f 13812/4/6 13775/4/6 13813/4/6
f 13776/2/6 13777/2/6 13813/2/6
f 13777/2/6 13778/2/6 13813/2/6
f 13778/4/6 13779/4/6 13814/4/6
f 13813/2/6 13778/2/6 13814/2/6
f 13781/2/6 13782/2/6 13815/2/6
f 13814/4/6 13779/4/6 13815/4/6
f 13780/2/6 13781/2/6 13815/2/6
f 13779/2/6 13780/2/6 13815/2/6
f 13783/4/6 13784/4/6 13816/4/6
f 13815/2/6 13782/2/6 13816/2/6
f 13782/4/6 13783/4/6 13816/4/6
f 13784/3/6 13785/3/6 13817/3/6
f 13816/4/6 13784/4/6 13817/4/6
f 13785/2/6 13786/2/6 13818/2/6
f 13817/3/6 13785/3/6 13818/3/6
f 13788/3/6 13789/3/6 13819/3/6
f 13818/2/6 13786/2/6 13819/2/6
f 13787/3/6 13788/3/6 13819/3/6
f 13786/3/6 13787/3/6 13819/3/6
f 13789/2/6 13790/2/6 13820/2/6
f 13819/3/6 13789/3/6 13820/3/6
f 13790/6/6 13791/6/6 13821/6/6
f 13820/2/6 13790/2/6 13821/2/6
f 13821/6/6 13791/6/6 13822/6/6
f 13823/6/6 13824/6/6 13855/6/6
f 13824/2/6 13825/2/6 13856/2/6
f 13855/6/6 13824/6/6 13856/6/6
f 13825/3/6 13826/3/6 13857/3/6
f 13856/2/6 13825/2/6 13857/2/6
f 13826/2/6 13827/2/6 13858/2/6
f 13857/3/6 13826/3/6 13858/3/6
f 13858/2/6 13827/2/6 13859/2/6
f 13827/3/6 13828/3/6 13860/3/6
f 13859/2/6 13827/2/6 13860/2/6
f 13828/2/6 13829/2/6 13861/2/6
f 13860/3/6 13828/3/6 13861/3/6
f 13861/2/6 13829/2/6 13862/2/6
f 13862/2/6 13829/2/6 13863/2/6
f 13829/4/6 13830/4/6 13864/4/6
f 13863/2/6 13829/2/6 13864/2/6
f 13830/2/6 13831/2/6 13865/2/6
f 13864/4/6 13830/4/6 13865/4/6
f 13865/2/6 13831/2/6 13866/2/6
f 13866/2/6 13831/2/6 13867/2/6
f 13831/3/6 13832/3/6 13868/3/6
f 13867/2/6 13831/2/6 13868/2/6
f 13868/3/6 13832/3/6 13869/3/6
f 13832/2/6 13833/2/6 13870/2/6
f 13869/3/6 13832/3/6 13870/3/6
f 13833/3/6 13834/3/6 13871/3/6
f 13870/2/6 13833/2/6 13871/2/6
f 13834/2/6 13835/2/6 13872/2/6
f 13871/3/6 13834/3/6 13872/3/6
f 13835/4/6 13836/4/6 13873/4/6
f 13872/2/6 13835/2/6 13873/2/6
f 13836/2/6 13837/2/6 13874/2/6
f 13873/4/6 13836/4/6 13874/4/6
f 13837/3/6 13838/3/6 13875/3/6
f 13874/2/6 13837/2/6 13875/2/6
f 13838/2/6 13839/2/6 13876/2/6
f 13875/3/6 13838/3/6 13876/3/6
f 13876/2/6 13839/2/6 13877/2/6
f 13839/3/6 13840/3/6 13878/3/6
f 13877/2/6 13839/2/6 13878/2/6
f 13840/4/6 13841/4/6 13879/4/6
f 13878/3/6 13840/3/6 13879/3/6
f 13841/2/6 13842/2/6 13880/2/6
f 13879/4/6 13841/4/6 13880/4/6
f 13880/2/6 13842/2/6 13881/2/6
f 13881/2/6 13842/2/6 13882/2/6
f 13842/4/6 13843/4/6 13883/4/6
f 13882/2/6 13842/2/6 13883/2/6
f 13843/2/6 13844/2/6 13884/2/6
f 13883/4/6 13843/4/6 13884/4/6
f 13844/4/6 13845/4/6 13885/4/6
f 13884/2/6 13844/2/6 13885/2/6
f 13885/4/6 13845/4/6 13886/4/6
f 13845/2/6 13846/2/6 13887/2/6
f 13886/4/6 13845/4/6 13887/4/6
f 13887/2/6 13846/2/6 13888/2/6
f 13888/2/6 13846/2/6 13889/2/6
f 13846/3/6 13847/3/6 13890/3/6
f 13889/2/6 13846/2/6 13890/2/6
f 13847/2/6 13848/2/6 13891/2/6
f 13890/3/6 13847/3/6 13891/3/6
f 13891/2/6 13848/2/6 13892/2/6
f 13892/2/6 13848/2/6 13893/2/6
f 13848/3/6 13849/3/6 13894/3/6
f 13893/2/6 13848/2/6 13894/2/6
f 13894/3/6 13849/3/6 13895/3/6
f 13849/2/6 13850/2/6 13896/2/6
f 13895/3/6 13849/3/6 13896/3/6
f 13896/2/6 13850/2/6 13897/2/6
f 13850/3/6 13851/3/6 13898/3/6
f 13897/2/6 13850/2/6 13898/2/6
f 13898/3/6 13851/3/6 13899/3/6
f 13851/2/6 13852/2/6 13900/2/6
f 13899/3/6 13851/3/6 13900/3/6
f 13852/3/6 13853/3/6 13901/3/6
f 13900/2/6 13852/2/6 13901/2/6
f 13853/6/6 13854/6/6 13902/6/6
f 13901/3/6 13853/3/6 13902/3/6
f 13902/6/6 13854/6/6 13903/6/6
f 13904/6/6 13905/6/6 13954/6/6
f 13905/3/6 13906/3/6 13955/3/6
f 13954/6/6 13905/6/6 13955/6/6
f 13906/2/6 13907/2/6 13956/2/6
f 13955/3/6 13906/3/6 13956/3/6
f 13907/4/6 13908/4/6 13957/4/6
f 13956/2/6 13907/2/6 13957/2/6
f 13908/2/6 13909/2/6 13958/2/6
f 13957/4/6 13908/4/6 13958/4/6
f 13909/4/6 13910/4/6 13959/4/6
f 13958/2/6 13909/2/6 13959/2/6
f 13910/2/6 13911/2/6 13960/2/6
f 13959/4/6 13910/4/6 13960/4/6
f 13911/4/6 13912/4/6 13961/4/6
f 13960/2/6 13911/2/6 13961/2/6
f 13912/3/6 13913/3/6 13962/3/6
f 13961/4/6 13912/4/6 13962/4/6
f 13913/2/6 13914/2/6 13963/2/6
f 13962/3/6 13913/3/6 13963/3/6
f 13914/4/6 13915/4/6 13964/4/6
f 13963/2/6 13914/2/6 13964/2/6
f 13915/2/6 13916/2/6 13965/2/6
f 13964/4/6 13915/4/6 13965/4/6
f 13916/2/6 13917/2/6 13965/2/6
f 13917/3/6 13918/3/6 13966/3/6
f 13965/2/6 13917/2/6 13966/2/6
f 13918/3/6 13919/3/6 13966/3/6
f 13919/3/6 13920/3/6 13966/3/6
f 13920/3/6 13921/3/6 13966/3/6
f 13921/2/6 13922/2/6 13967/2/6
f 13966/3/6 13921/3/6 13967/3/6
f 13922/2/6 13923/2/6 13967/2/6
f 13923/4/6 13924/4/6 13968/4/6
f 13967/2/6 13923/2/6 13968/2/6
f 13924/4/6 13925/4/6 13968/4/6
f 13925/2/6 13926/2/6 13969/2/6
f 13968/4/6 13925/4/6 13969/4/6
f 13926/4/6 13927/4/6 13970/4/6
f 13969/2/6 13926/2/6 13970/2/6
f 13927/3/6 13928/3/6 13971/3/6
f 13970/4/6 13927/4/6 13971/4/6
f 13928/4/6 13929/4/6 13972/4/6
f 13971/3/6 13928/3/6 13972/3/6
f 13929/2/6 13930/2/6 13973/2/6
f 13972/4/6 13929/4/6 13973/4/6
f 13930/3/6 13931/3/6 13974/3/6
f 13973/2/6 13930/2/6 13974/2/6
f 13931/2/6 13932/2/6 13975/2/6
f 13974/3/6 13931/3/6 13975/3/6
f 13932/4/6 13933/4/6 13976/4/6
f 13975/2/6 13932/2/6 13976/2/6
f 13933/3/6 13934/3/6 13977/3/6
f 13976/4/6 13933/4/6 13977/4/6
f 13934/2/6 13935/2/6 13978/2/6
f 13977/3/6 13934/3/6 13978/3/6
f 13935/2/6 13936/2/6 13978/2/6
f 13936/2/6 13937/2/6 13978/2/6
f 13937/4/6 13938/4/6 13979/4/6
f 13978/2/6 13937/2/6 13979/2/6
f 13938/2/6 13939/2/6 13980/2/6
f 13979/4/6 13938/4/6 13980/4/6
f 13939/2/6 13940/2/6 13980/2/6
f 13940/3/6 13941/3/6 13981/3/6
f 13980/2/6 13940/2/6 13981/2/6
f 13941/2/6 13942/2/6 13982/2/6
f 13981/3/6 13941/3/6 13982/3/6
f 13942/4/6 13943/4/6 13983/4/6
f 13982/2/6 13942/2/6 13983/2/6
f 13943/3/6 13944/3/6 13984/3/6
f 13983/4/6 13943/4/6 13984/4/6
f 13945/4/6 13946/4/6 13985/4/6
f 13984/3/6 13944/3/6 13985/3/6
f 13944/4/6 13945/4/6 13985/4/6
f 13947/2/6 13948/2/6 13986/2/6
f 13985/4/6 13946/4/6 13986/4/6
f 13946/2/6 13947/2/6 13986/2/6
f 13948/3/6 13949/3/6 13987/3/6
f 13986/2/6 13948/2/6 13987/2/6
f 13950/4/6 13951/4/6 13988/4/6
f 13987/3/6 13949/3/6 13988/3/6
f 13949/4/6 13950/4/6 13988/4/6
f 13951/2/6 13952/2/6 13989/2/6
f 13988/4/6 13951/4/6 13989/4/6
f 13952/6/6 13953/6/6 13990/6/6
f 13989/2/6 13952/2/6 13990/2/6
f 13990/6/6 13953/6/6 13991/6/6
f 13994/4/6 13995/4/6 14025/4/6
f 13995/2/6 13996/2/6 14025/2/6
f 14025/2/6 13996/2/6 14026/2/6
f 13996/3/6 13997/3/6 14027/3/6
f 14026/2/6 13996/2/6 14027/2/6
f 13997/2/6 13998/2/6 14028/2/6
f 14027/3/6 13997/3/6 14028/3/6
f 13998/3/6 13999/3/6 14029/3/6
f 14028/2/6 13998/2/6 14029/2/6
f 13999/4/6 14000/4/6 14030/4/6
f 14029/3/6 13999/3/6 14030/3/6
f 14000/3/6 14001/3/6 14031/3/6
f 14030/4/6 14000/4/6 14031/4/6
f 14001/4/6 14002/4/6 14032/4/6
f 14031/3/6 14001/3/6 14032/3/6
f 14002/2/6 14003/2/6 14033/2/6
f 14032/4/6 14002/4/6 14033/4/6
f 14003/3/6 14004/3/6 14034/3/6
f 14033/2/6 14003/2/6 14034/2/6
f 14004/4/6 14005/4/6 14035/4/6
f 14034/3/6 14004/3/6 14035/3/6
f 14005/2/6 14006/2/6 14036/2/6
f 14035/4/6 14005/4/6 14036/4/6
f 14036/2/6 14006/2/6 14037/2/6
f 14006/3/6 14007/3/6 14038/3/6
f 14037/2/6 14006/2/6 14038/2/6
f 14007/2/6 14008/2/6 14039/2/6
f 14038/3/6 14007/3/6 14039/3/6
f 14039/2/6 14008/2/6 14040/2/6
f 14040/2/6 14008/2/6 14041/2/6
f 14041/2/6 14008/2/6 14042/2/6
f 14042/2/6 14008/2/6 14043/2/6
f 14043/2/6 14008/2/6 14044/2/6
f 14008/3/6 14009/3/6 14045/3/6
f 14044/2/6 14008/2/6 14045/2/6
f 14009/2/6 14010/2/6 14046/2/6
f 14045/3/6 14009/3/6 14046/3/6
f 14010/3/6 14011/3/6 14047/3/6
f 14046/2/6 14010/2/6 14047/2/6
f 14047/3/6 14011/3/6 14048/3/6
f 14011/2/6 14012/2/6 14049/2/6
f 14048/3/6 14011/3/6 14049/3/6
f 14012/3/6 14013/3/6 14050/3/6
f 14013/2/6 14014/2/6 14050/2/6
f 14050/2/6 14014/2/6 14051/2/6
f 14014/3/6 14015/3/6 14052/3/6
f 14051/2/6 14014/2/6 14052/2/6
f 14015/4/6 14016/4/6 14053/4/6
f 14052/3/6 14015/3/6 14053/3/6
f 14016/2/6 14017/2/6 14054/2/6
f 14053/4/6 14016/4/6 14054/4/6
f 14054/2/6 14017/2/6 14055/2/6
f 14019/2/6 14020/2/6 14056/2/6
f 14020/4/6 14021/4/6 14057/4/6
f 14056/2/6 14020/2/6 14057/2/6
f 14021/2/6 14022/2/6 14058/2/6
f 14057/4/6 14021/4/6 14058/4/6
f 14058/2/6 14022/2/6 14059/2/6
f 14022/4/6 14023/4/6 14060/4/6
f 14059/2/6 14022/2/6 14060/2/6
f 13994/4/6 14025/4/6 14061/4/6
f 14025/3/6 14026/3/6 14062/3/6
f 14061/4/6 14025/4/6 14062/4/6
f 14026/4/6 14027/4/6 14063/4/6
f 14062/3/6 14026/3/6 14063/3/6
f 14027/4/6 14028/4/6 14063/4/6
f 14028/2/6 14029/2/6 14064/2/6
f 14063/4/6 14028/4/6 14064/4/6
f 14029/4/6 14030/4/6 14065/4/6
f 14064/2/6 14029/2/6 14065/2/6
f 14030/3/6 14031/3/6 14066/3/6
f 14065/4/6 14030/4/6 14066/4/6
f 14031/4/6 14032/4/6 14067/4/6
f 14066/3/6 14031/3/6 14067/3/6
f 14032/2/6 14033/2/6 14068/2/6
f 14067/4/6 14032/4/6 14068/4/6
f 14033/3/6 14034/3/6 14069/3/6
f 14068/2/6 14033/2/6 14069/2/6
f 14069/3/6 14034/3/6 14070/3/6
f 14034/4/6 14035/4/6 14071/4/6
f 14070/3/6 14034/3/6 14071/3/6
f 14035/3/6 14036/3/6 14072/3/6
f 14071/4/6 14035/4/6 14072/4/6
f 14036/2/6 14037/2/6 14073/2/6
f 14037/3/6 14038/3/6 14073/3/6
f 14038/2/6 14039/2/6 14074/2/6
f 14073/3/6 14038/3/6 14074/3/6
f 14039/2/6 14040/2/6 14074/2/6
f 14074/2/6 14040/2/6 14075/2/6
f 14040/4/6 14041/4/6 14076/4/6
f 14075/2/6 14040/2/6 14076/2/6
f 14076/4/6 14041/4/6 14077/4/6
f 14041/3/6 14042/3/6 14078/3/6
f 14077/4/6 14041/4/6 14078/4/6
f 14042/4/6 14043/4/6 14079/4/6
f 14078/3/6 14042/3/6 14079/3/6
f 14043/3/6 14044/3/6 14080/3/6
f 14079/4/6 14043/4/6 14080/4/6
f 14044/4/6 14045/4/6 14081/4/6
f 14080/3/6 14044/3/6 14081/3/6
f 14045/2/6 14046/2/6 14082/2/6
f 14081/4/6 14045/4/6 14082/4/6
f 14047/4/6 14048/4/6 14083/4/6
f 14082/2/6 14046/2/6 14083/2/6
f 14046/4/6 14047/4/6 14083/4/6
f 14083/4/6 14048/4/6 14084/4/6
f 14048/2/6 14049/2/6 14085/2/6
f 14084/4/6 14048/4/6 14085/4/6
f 14049/2/6 14012/2/6 14086/2/6
f 14085/2/6 14049/2/6 14086/2/6
f 14086/2/6 14012/2/6 14087/2/6
f 14012/3/6 14050/3/6 14088/3/6
f 14087/2/6 14012/2/6 14088/2/6
f 14050/4/6 14051/4/6 14089/4/6
f 14088/3/6 14050/3/6 14089/3/6
f 14051/3/6 14052/3/6 14090/3/6
f 14089/4/6 14051/4/6 14090/4/6
f 14090/3/6 14052/3/6 14091/3/6
f 14052/4/6 14053/4/6 14092/4/6
f 14091/3/6 14052/3/6 14092/3/6
f 14053/4/6 14054/4/6 14092/4/6
f 14092/4/6 14054/4/6 14093/4/6
f 14054/3/6 14055/3/6 14094/3/6
f 14093/4/6 14054/4/6 14094/4/6
f 14055/2/6 14017/2/6 14095/2/6
f 14094/3/6 14055/3/6 14095/3/6
f 14017/4/6 14018/4/6 14096/4/6
f 14095/2/6 14017/2/6 14096/2/6
f 14018/3/6 14019/3/6 14097/3/6
f 14096/4/6 14018/4/6 14097/4/6
f 14019/2/6 14056/2/6 14098/2/6
f 14097/3/6 14019/3/6 14098/3/6
f 14056/4/6 14057/4/6 14099/4/6
f 14098/2/6 14056/2/6 14099/2/6
f 14057/4/6 14058/4/6 14099/4/6
f 14099/4/6 14058/4/6 14100/4/6
f 14058/3/6 14059/3/6 14101/3/6
f 14100/4/6 14058/4/6 14101/4/6
f 14059/4/6 14060/4/6 14102/4/6
f 14101/3/6 14059/3/6 14102/3/6
f 14102/4/6 14060/4/6 14103/4/6
f 14060/4/6 14023/4/6 14104/4/6
f 14103/4/6 14060/4/6 14104/4/6
f 14023/6/6 14024/6/6 14105/6/6
f 14104/4/6 14023/4/6 14105/4/6
f 13992/6/6 13993/6/6 14106/6/6
f 13993/2/6 13994/2/6 14107/2/6
f 14106/6/6 13993/6/6 14107/6/6
f 13994/4/6 14061/4/6 14108/4/6
f 14107/2/6 13994/2/6 14108/2/6
f 14061/2/6 14062/2/6 14109/2/6
f 14108/4/6 14061/4/6 14109/4/6
f 14062/2/6 14063/2/6 14109/2/6
f 14063/3/6 14064/3/6 14110/3/6
f 14109/2/6 14063/2/6 14110/2/6
f 14064/2/6 14065/2/6 14111/2/6
f 14110/3/6 14064/3/6 14111/3/6
f 14065/3/6 14066/3/6 14112/3/6
f 14111/2/6 14065/2/6 14112/2/6
f 14066/2/6 14067/2/6 14113/2/6
f 14112/3/6 14066/3/6 14113/3/6
f 14067/3/6 14068/3/6 14114/3/6
f 14113/2/6 14067/2/6 14114/2/6
f 14068/2/6 14069/2/6 14115/2/6
f 14114/3/6 14068/3/6 14115/3/6
f 14069/4/6 14070/4/6 14116/4/6
f 14115/2/6 14069/2/6 14116/2/6
f 14070/3/6 14071/3/6 14117/3/6
f 14116/4/6 14070/4/6 14117/4/6
f 14071/2/6 14072/2/6 14118/2/6
f 14117/3/6 14071/3/6 14118/3/6
f 14072/3/6 14036/3/6 14119/3/6
f 14118/2/6 14072/2/6 14119/2/6
f 14036/2/6 14073/2/6 14120/2/6
f 14119/3/6 14036/3/6 14120/3/6
f 14074/4/6 14075/4/6 14121/4/6
f 14120/2/6 14073/2/6 14121/2/6
f 14073/4/6 14074/4/6 14121/4/6
f 14076/2/6 14077/2/6 14122/2/6
f 14121/4/6 14075/4/6 14122/4/6
f 14075/2/6 14076/2/6 14122/2/6
f 14077/4/6 14078/4/6 14123/4/6
f 14122/2/6 14077/2/6 14123/2/6
f 14078/2/6 14079/2/6 14124/2/6
f 14123/4/6 14078/4/6 14124/4/6
f 14079/2/6 14080/2/6 14124/2/6
f 14080/4/6 14081/4/6 14125/4/6
f 14124/2/6 14080/2/6 14125/2/6
f 14081/2/6 14082/2/6 14126/2/6
f 14125/4/6 14081/4/6 14126/4/6
f 14082/4/6 14083/4/6 14127/4/6
f 14126/2/6 14082/2/6 14127/2/6
f 14083/2/6 14084/2/6 14128/2/6
f 14127/4/6 14083/4/6 14128/4/6
f 14084/3/6 14085/3/6 14129/3/6
f 14128/2/6 14084/2/6 14129/2/6
f 14085/4/6 14086/4/6 14130/4/6
f 14129/3/6 14085/3/6 14130/3/6
f 14086/3/6 14087/3/6 14131/3/6
f 14130/4/6 14086/4/6 14131/4/6
f 14087/4/6 14088/4/6 14132/4/6
f 14131/3/6 14087/3/6 14132/3/6
f 14088/2/6 14089/2/6 14133/2/6
f 14132/4/6 14088/4/6 14133/4/6
f 14089/3/6 14090/3/6 14134/3/6
f 14133/2/6 14089/2/6 14134/2/6
f 14090/2/6 14091/2/6 14135/2/6
f 14134/3/6 14090/3/6 14135/3/6
f 14092/4/6 14093/4/6 14136/4/6
f 14135/2/6 14091/2/6 14136/2/6
f 14091/4/6 14092/4/6 14136/4/6
f 14093/3/6 14094/3/6 14137/3/6
f 14136/4/6 14093/4/6 14137/4/6
f 14094/2/6 14095/2/6 14138/2/6
f 14137/3/6 14094/3/6 14138/3/6
f 14095/3/6 14096/3/6 14139/3/6
f 14138/2/6 14095/2/6 14139/2/6
f 14096/4/6 14097/4/6 14140/4/6
f 14139/3/6 14096/3/6 14140/3/6
f 14097/4/6 14098/4/6 14140/4/6
f 14098/4/6 14099/4/6 14140/4/6
f 14099/3/6 14100/3/6 14141/3/6
f 14140/4/6 14099/4/6 14141/4/6
f 14100/2/6 14101/2/6 14142/2/6
f 14141/3/6 14100/3/6 14142/3/6
f 14101/2/6 14102/2/6 14142/2/6
f 14102/4/6 14103/4/6 14143/4/6
f 14142/2/6 14102/2/6 14143/2/6
f 14103/3/6 14104/3/6 14144/3/6
f 14143/4/6 14103/4/6 14144/4/6
f 14104/2/6 14105/2/6 14145/2/6
f 14144/3/6 14104/3/6 14145/3/6
f 14105/6/6 14024/6/6 14146/6/6
f 14145/2/6 14105/2/6 14146/2/6
f 14146/6/6 14024/6/6 14147/6/6
