# MagicaVoxel @ Ephtracy

# group
o 

# material
mtllib EVLER - Kopya-3.mtl
usemtl palette

# normals
vn -1 0 0
vn 1 0 0
vn 0 0 1
vn 0 0 -1
vn 0 -1 0
vn 0 1 0

# texcoords
vt 0.720703 0.5
vt 0.751953 0.5
vt 0.755859 0.5
vt 0.876953 0.5
vt 0.880859 0.5
vt 0.884766 0.5
vt 0.888672 0.5
vt 0.908203 0.5
vt 0.912109 0.5
vt 0.939453 0.5
vt 0.994141 0.5

# verts
v -4 0 -6.8
v -4 0 -7.7
v -4 0.1 -6.8
v -4 0.1 -7.7
v -3.8 0.1 -6.8
v -3.8 0.1 -7.7
v -3.8 0.3 -6.8
v -3.8 0.3 -7.7
v -3.6 0.3 -6.8
v -3.6 0.3 -7.7
v -3.6 0.5 -6.8
v -3.6 0.5 -7.7
v -3.4 0.5 -6.8
v -3.4 0.5 -7.7
v -3.4 0.7 -6.8
v -3.4 0.7 -7.7
v -3.2 0.7 -6.8
v -3.2 0.7 -7.7
v -3.2 0.9 -6.8
v -3.2 0.9 -7.7
v -3 0.9 -6.8
v -3 0.9 -7.7
v -3 1.1 -6.8
v -3 1.1 -7.7
v -2.8 1.1 -6.8
v -2.8 1.1 -7.7
v -2.8 1.3 -6.8
v -2.8 1.3 -7.7
v -2.6 1.3 -6.8
v -2.6 1.3 -7.7
v -2.6 1.5 -6.8
v -2.6 1.5 -7.7
v -2.4 1.5 -6.8
v -2.4 1.5 -7.7
v -2.4 1.7 -6.8
v -2.4 1.7 -7.7
v -2.3 1.7 -6.7
v -2.3 1.7 -6.8
v -2.3 1.7 -7.7
v -2.3 1.7 -7.8
v -2.3 1.8 -6.8
v -2.3 1.8 -7.7
v -2.3 2.1 -6.8
v -2.3 2.1 -7.7
v -2.3 2.2 -6.8
v -2.3 2.2 -7.7
v -2.3 2.6 -6.8
v -2.3 2.6 -7
v -2.3 2.7 -6.8
v -2.3 2.7 -7
v -2.3 3.4 -6.8
v -2.3 3.4 -7.7
v -2.3 3.5 -6.8
v -2.3 3.5 -7.7
v -2.3 3.8 -6.8
v -2.3 3.8 -7.7
v -2.3 3.9 -6.7
v -2.3 3.9 -7.8
v -2.3 4.2 -5.8
v -2.3 4.2 -6.1
v -2.3 4.2 -8.5
v -2.3 4.2 -8.7
v -2.3 4.3 -5.8
v -2.3 4.3 -5.9
v -2.3 4.3 -8.4
v -2.3 4.3 -8.5
v -2.3 4.3 -8.6
v -2.3 4.3 -8.7
v -2.3 4.5 -8.3
v -2.3 4.5 -8.4
v -2.3 4.6 -6.1
v -2.3 4.6 -6.2
v -2.3 4.7 -5.9
v -2.3 4.7 -6
v -2.3 4.7 -8.2
v -2.3 4.7 -8.3
v -2.3 4.7 -8.5
v -2.3 4.7 -8.6
v -2.3 4.8 -6.2
v -2.3 4.8 -6.3
v -2.3 4.9 -6
v -2.3 4.9 -6.1
v -2.3 4.9 -8.1
v -2.3 4.9 -8.2
v -2.3 4.9 -8.4
v -2.3 4.9 -8.5
v -2.3 5.1 -6.3
v -2.3 5.1 -6.4
v -2.3 5.1 -8
v -2.3 5.1 -8.1
v -2.3 5.1 -8.3
v -2.3 5.1 -8.4
v -2.3 5.2 -6.1
v -2.3 5.2 -6.2
v -2.3 5.4 -6.2
v -2.3 5.4 -6.3
v -2.3 5.4 -6.4
v -2.3 5.4 -6.5
v -2.3 5.4 -8.2
v -2.3 5.4 -8.3
v -2.3 5.6 -6.3
v -2.3 5.6 -6.4
v -2.3 5.6 -6.5
v -2.3 5.6 -6.6
v -2.3 5.6 -7.9
v -2.3 5.6 -8
v -2.3 5.6 -8.1
v -2.3 5.6 -8.2
v -2.3 5.9 -6.6
v -2.3 5.9 -6.7
v -2.3 5.9 -7.8
v -2.3 5.9 -7.9
v -2.3 6 -6.4
v -2.3 6 -6.5
v -2.3 6 -8
v -2.3 6 -8.1
v -2.3 6.1 -6.7
v -2.3 6.1 -6.8
v -2.3 6.2 -6.5
v -2.3 6.2 -6.6
v -2.3 6.2 -7.7
v -2.3 6.2 -7.8
v -2.3 6.2 -7.9
v -2.3 6.2 -8
v -2.3 6.3 -6.8
v -2.3 6.3 -6.9
v -2.3 6.4 -7.6
v -2.3 6.4 -7.7
v -2.3 6.5 -6.9
v -2.3 6.5 -7
v -2.3 6.6 -6.6
v -2.3 6.6 -6.7
v -2.3 6.6 -7.5
v -2.3 6.6 -7.6
v -2.3 6.6 -7.8
v -2.3 6.6 -7.9
v -2.3 6.7 -7
v -2.3 6.7 -7.1
v -2.3 6.8 -6.7
v -2.3 6.8 -6.8
v -2.3 6.8 -7.4
v -2.3 6.8 -7.5
v -2.3 6.8 -7.7
v -2.3 6.8 -7.8
v -2.3 7 -7.1
v -2.3 7 -7.2
v -2.3 7 -7.6
v -2.3 7 -7.7
v -2.3 7.1 -6.8
v -2.3 7.1 -6.9
v -2.3 7.2 -7.3
v -2.3 7.2 -7.4
v -2.3 7.3 -6.9
v -2.3 7.3 -7
v -2.3 7.3 -7.5
v -2.3 7.3 -7.6
v -2.3 7.4 -7.2
v -2.3 7.4 -7.3
v -2.3 7.5 -7
v -2.3 7.5 -7.1
v -2.3 7.5 -7.4
v -2.3 7.5 -7.5
v -2.3 7.9 -7.1
v -2.3 7.9 -7.4
v -2.2 1.8 -6.8
v -2.2 1.8 -6.9
v -2.2 1.8 -7
v -2.2 1.8 -7.5
v -2.2 1.8 -7.6
v -2.2 1.8 -7.7
v -2.2 2.1 -6.8
v -2.2 2.1 -6.9
v -2.2 2.1 -7
v -2.2 2.1 -7.5
v -2.2 2.1 -7.6
v -2.2 2.1 -7.7
v -2.2 2.2 -6.8
v -2.2 2.2 -7.7
v -2.2 2.6 -6.8
v -2.2 2.6 -7
v -2.2 2.7 -6.8
v -2.2 2.7 -7
v -2.2 3.4 -6.8
v -2.2 3.4 -7.7
v -2.2 3.5 -6.8
v -2.2 3.5 -6.9
v -2.2 3.5 -7
v -2.2 3.5 -7.5
v -2.2 3.5 -7.6
v -2.2 3.5 -7.7
v -2.2 3.6 -6.9
v -2.2 3.6 -7
v -2.2 3.6 -7.1
v -2.2 3.6 -7.4
v -2.2 3.6 -7.5
v -2.2 3.6 -7.6
v -2.2 3.7 -7
v -2.2 3.7 -7.1
v -2.2 3.7 -7.4
v -2.2 3.7 -7.5
v -2.2 3.8 -6.8
v -2.2 3.8 -7.1
v -2.2 3.8 -7.4
v -2.2 3.8 -7.7
v -2.2 4.7 -7.1
v -2.2 4.7 -7.5
v -2.2 4.8 -6.9
v -2.2 4.8 -7.1
v -2.2 4.8 -7.5
v -2.2 4.8 -7.7
v -2.2 4.9 -7
v -2.2 4.9 -7.1
v -2.2 4.9 -7.5
v -2.2 4.9 -7.6
v -2.2 5 -6.8
v -2.2 5 -6.9
v -2.2 5 -7
v -2.2 5 -7.6
v -2.2 5 -7.7
v -2.2 5 -7.8
v -2.2 5.4 -6.8
v -2.2 5.4 -6.9
v -2.2 5.4 -7
v -2.2 5.4 -7.6
v -2.2 5.4 -7.7
v -2.2 5.4 -7.8
v -2.2 5.5 -7
v -2.2 5.5 -7.1
v -2.2 5.5 -7.5
v -2.2 5.5 -7.6
v -2.2 5.6 -6.9
v -2.2 5.6 -7.1
v -2.2 5.6 -7.5
v -2.2 5.6 -7.7
v -2.2 5.7 -7.1
v -2.2 5.7 -7.5
v -2.1 0 -5.9
v -2.1 0 -6.2
v -2.1 0 -8.4
v -2.1 0 -8.7
v -2.1 4.2 -5.9
v -2.1 4.2 -6.1
v -2.1 4.2 -6.2
v -2.1 4.2 -8.4
v -2.1 4.2 -8.5
v -2.1 4.2 -8.7
v -2.1 4.8 -7.1
v -2.1 4.8 -7.2
v -2.1 4.8 -7.4
v -2.1 4.8 -7.5
v -2.1 4.9 -7
v -2.1 4.9 -7.1
v -2.1 4.9 -7.5
v -2.1 4.9 -7.6
v -2.1 5 -6.9
v -2.1 5 -7
v -2.1 5 -7.6
v -2.1 5 -7.7
v -2.1 5.1 -6.9
v -2.1 5.1 -7.2
v -2.1 5.1 -7.4
v -2.1 5.1 -7.7
v -2.1 5.3 -6.9
v -2.1 5.3 -7.2
v -2.1 5.3 -7.4
v -2.1 5.3 -7.7
v -2.1 5.4 -6.9
v -2.1 5.4 -7
v -2.1 5.4 -7.6
v -2.1 5.4 -7.7
v -2.1 5.5 -7
v -2.1 5.5 -7.1
v -2.1 5.5 -7.5
v -2.1 5.5 -7.6
v -2.1 5.6 -7.1
v -2.1 5.6 -7.2
v -2.1 5.6 -7.4
v -2.1 5.6 -7.5
v -2 1.5 -6.2
v -2 1.5 -8.4
v -2 1.7 -6.2
v -2 1.7 -8.4
v -2 2 -6.2
v -2 2 -8.4
v -2 2.1 -6.2
v -2 2.1 -8.4
v -2 2.4 -6.2
v -2 2.4 -8.4
v -2 2.5 -6.2
v -2 2.5 -8.4
v -2 2.8 -6.2
v -2 2.8 -8.4
v -2 2.9 -6.2
v -2 2.9 -8.4
v -2 3.2 -6.2
v -2 3.2 -8.4
v -2 3.3 -6.2
v -2 3.3 -8.4
v -2 3.6 -6.2
v -2 3.6 -8.4
v -2 3.7 -6.2
v -2 3.7 -8.4
v -2 4 -6.2
v -2 4 -8.4
v -2 4.1 -6.2
v -2 4.1 -8.4
v -2 4.2 -6.1
v -2 4.2 -6.2
v -2 4.2 -8.4
v -2 4.2 -8.5
v -2 4.3 -8.4
v -2 4.3 -8.5
v -2 4.4 -6.1
v -2 4.4 -8.4
v -2 4.5 -6.1
v -2 4.5 -8.3
v -2 4.5 -8.4
v -2 4.6 -6.1
v -2 4.6 -6.2
v -2 4.7 -7.1
v -2 4.7 -7.5
v -2 4.7 -8.2
v -2 4.7 -8.3
v -2 4.8 -6.2
v -2 4.8 -6.3
v -2 4.8 -6.9
v -2 4.8 -7.1
v -2 4.8 -7.5
v -2 4.8 -7.7
v -2 4.8 -8.2
v -2 4.9 -6.3
v -2 4.9 -6.9
v -2 4.9 -7.7
v -2 4.9 -8.1
v -2 4.9 -8.2
v -2 5 -6.8
v -2 5 -6.9
v -2 5 -7.7
v -2 5 -7.8
v -2 5.1 -6.3
v -2 5.1 -6.4
v -2 5.1 -8
v -2 5.1 -8.1
v -2 5.2 -6.4
v -2 5.2 -6.8
v -2 5.2 -7.8
v -2 5.2 -8
v -2 5.3 -6.4
v -2 5.3 -6.8
v -2 5.3 -7.8
v -2 5.3 -8
v -2 5.4 -6.4
v -2 5.4 -6.5
v -2 5.4 -6.8
v -2 5.4 -6.9
v -2 5.4 -7.7
v -2 5.4 -7.8
v -2 5.6 -6.5
v -2 5.6 -6.6
v -2 5.6 -6.9
v -2 5.6 -7.1
v -2 5.6 -7.5
v -2 5.6 -7.7
v -2 5.6 -7.9
v -2 5.6 -8
v -2 5.7 -6.6
v -2 5.7 -7.1
v -2 5.7 -7.5
v -2 5.7 -7.9
v -2 5.9 -6.6
v -2 5.9 -6.7
v -2 5.9 -7.8
v -2 5.9 -7.9
v -2 6 -6.7
v -2 6 -7.8
v -2 6.1 -6.7
v -2 6.1 -6.8
v -2 6.1 -7.8
v -2 6.2 -7.7
v -2 6.2 -7.8
v -2 6.3 -6.8
v -2 6.3 -6.9
v -2 6.4 -6.9
v -2 6.4 -7.6
v -2 6.4 -7.7
v -2 6.5 -6.9
v -2 6.5 -7
v -2 6.5 -7.6
v -2 6.6 -7.5
v -2 6.6 -7.6
v -2 6.7 -7
v -2 6.7 -7.1
v -2 6.8 -7.1
v -2 6.8 -7.4
v -2 6.8 -7.5
v -2 6.9 -7.1
v -2 6.9 -7.4
v -2 7 -7.1
v -2 7 -7.2
v -2 7.2 -7.3
v -2 7.2 -7.4
v -2 7.4 -7.2
v -2 7.4 -7.3
v -1.4 0.9 -8.6
v -1.4 0.9 -8.7
v -1.4 1 -8.6
v -1.4 1 -8.7
v -1.2 0.5 -8.6
v -1.2 0.5 -8.7
v -1.2 0.6 -8.6
v -1.2 0.6 -8.7
v -0.5 0.8 -8.6
v -0.5 0.8 -8.7
v -0.5 0.9 -8.6
v -0.5 0.9 -8.7
v -0.2 0.6 -8.6
v -0.2 0.6 -8.7
v -0.2 0.7 -8.6
v -0.2 0.7 -8.7
v 0.2 0.7 -8.6
v 0.2 0.7 -8.7
v 0.2 0.8 -8.6
v 0.2 0.8 -8.7
v 0.6 2.2 -2.6
v 0.6 2.2 -3.8
v 0.6 2.2 -4.4
v 0.6 2.2 -5.6
v 0.6 2.5 -2.7
v 0.6 2.5 -3.7
v 0.6 2.5 -4.5
v 0.6 2.5 -5.5
v 0.6 3.8 -2.7
v 0.6 3.8 -3.7
v 0.6 3.8 -4.5
v 0.6 3.8 -5.5
v 0.6 3.9 -2.6
v 0.6 3.9 -3.8
v 0.6 3.9 -4.4
v 0.6 3.9 -5.6
v 0.7 0 -5.8
v 0.7 0 -6
v 0.7 1.5 -6
v 0.7 1.7 -6
v 0.7 2 -6
v 0.7 2.1 -6
v 0.7 2.4 -6
v 0.7 2.5 -2.7
v 0.7 2.5 -3.7
v 0.7 2.5 -4.5
v 0.7 2.5 -5.5
v 0.7 2.5 -6
v 0.7 2.8 -6
v 0.7 2.9 -6
v 0.7 3.2 -6
v 0.7 3.3 -6
v 0.7 3.6 -6
v 0.7 3.7 -6
v 0.7 3.8 -2.7
v 0.7 3.8 -3.7
v 0.7 3.8 -4.5
v 0.7 3.8 -5.5
v 0.7 4 -6
v 0.7 4.1 -6
v 0.7 4.2 -2.1
v 0.7 4.2 -2.2
v 0.7 4.2 -2.3
v 0.7 4.2 -2.4
v 0.7 4.2 -2.5
v 0.7 4.2 -2.6
v 0.7 4.2 -2.7
v 0.7 4.2 -3
v 0.7 4.2 -3.1
v 0.7 4.2 -3.2
v 0.7 4.2 -3.3
v 0.7 4.2 -3.8
v 0.7 4.2 -3.9
v 0.7 4.2 -4.2
v 0.7 4.2 -4.3
v 0.7 4.2 -4.4
v 0.7 4.2 -4.5
v 0.7 4.2 -4.6
v 0.7 4.2 -4.7
v 0.7 4.2 -4.8
v 0.7 4.2 -4.9
v 0.7 4.2 -5
v 0.7 4.2 -5.1
v 0.7 4.2 -5.2
v 0.7 4.2 -5.3
v 0.7 4.2 -5.4
v 0.7 4.2 -5.5
v 0.7 4.2 -5.6
v 0.7 4.2 -5.8
v 0.7 4.2 -6
v 0.7 4.3 -2.1
v 0.7 4.3 -2.2
v 0.7 4.3 -2.3
v 0.7 4.3 -2.4
v 0.7 4.3 -2.5
v 0.7 4.3 -2.6
v 0.7 4.3 -2.7
v 0.7 4.3 -3
v 0.7 4.3 -3.1
v 0.7 4.3 -3.2
v 0.7 4.3 -3.3
v 0.7 4.3 -3.8
v 0.7 4.3 -3.9
v 0.7 4.3 -4.2
v 0.7 4.3 -4.3
v 0.7 4.3 -4.4
v 0.7 4.3 -4.5
v 0.7 4.3 -4.6
v 0.7 4.3 -4.7
v 0.7 4.3 -4.8
v 0.7 4.3 -4.9
v 0.7 4.3 -5
v 0.7 4.3 -5.1
v 0.7 4.3 -5.2
v 0.7 4.3 -5.3
v 0.7 4.3 -5.4
v 0.7 4.3 -5.5
v 0.7 4.3 -5.6
v 0.7 4.3 -5.8
v 0.8 0 -2.1
v 0.8 0 -2.4
v 0.8 0.2 -2.4
v 0.8 0.2 -5.8
v 0.8 0.4 -2.4
v 0.8 0.4 -2.5
v 0.8 0.4 -2.8
v 0.8 0.4 -5.4
v 0.8 0.4 -5.8
v 0.8 0.5 -2.5
v 0.8 0.5 -2.8
v 0.8 0.5 -3.3
v 0.8 0.5 -4.7
v 0.8 0.5 -5.4
v 0.8 0.5 -5.8
v 0.8 0.6 -2.8
v 0.8 0.6 -3.3
v 0.8 0.6 -3.9
v 0.8 0.6 -4.3
v 0.8 0.6 -4.7
v 0.8 0.6 -5.4
v 0.8 0.7 -3.3
v 0.8 0.7 -3.6
v 0.8 0.7 -3.9
v 0.8 0.7 -4.3
v 0.8 0.7 -4.4
v 0.8 0.7 -4.7
v 0.8 0.8 -3.1
v 0.8 0.8 -3.6
v 0.8 0.8 -4.4
v 0.8 0.8 -4.9
v 0.8 0.9 -2.7
v 0.8 0.9 -3.1
v 0.8 0.9 -3.6
v 0.8 0.9 -4.4
v 0.8 0.9 -4.9
v 0.8 0.9 -5.5
v 0.8 1 -2.4
v 0.8 1 -2.7
v 0.8 1 -3.1
v 0.8 1 -4.9
v 0.8 1 -5.5
v 0.8 1 -5.8
v 0.8 1.1 -2.4
v 0.8 1.1 -2.7
v 0.8 1.1 -5.5
v 0.8 1.1 -5.8
v 0.8 1.3 -2.4
v 0.8 1.3 -5.8
v 0.8 2 -2.3
v 0.8 2 -2.4
v 0.8 2.1 -2.3
v 0.8 2.1 -2.4
v 0.8 4.2 -2.1
v 0.8 4.2 -2.2
v 0.8 4.2 -2.3
v 0.8 4.2 -2.4
v 0.8 4.3 -2.1
v 0.8 4.3 -2.2
v 0.8 4.3 -2.3
v 0.8 4.3 -2.4
v 0.8 4.3 -2.5
v 0.8 4.3 -2.6
v 0.8 4.3 -2.7
v 0.8 4.3 -2.8
v 0.8 4.3 -2.9
v 0.8 4.3 -3
v 0.8 4.3 -3.1
v 0.8 4.3 -3.2
v 0.8 4.3 -3.3
v 0.8 4.3 -3.4
v 0.8 4.3 -3.5
v 0.8 4.3 -3.6
v 0.8 4.3 -3.7
v 0.8 4.3 -3.8
v 0.8 4.3 -3.9
v 0.8 4.3 -4
v 0.8 4.3 -4.1
v 0.8 4.3 -4.2
v 0.8 4.3 -4.3
v 0.8 4.3 -4.4
v 0.8 4.3 -4.5
v 0.8 4.3 -4.6
v 0.8 4.3 -4.7
v 0.8 4.3 -4.8
v 0.8 4.3 -4.9
v 0.8 4.3 -5
v 0.8 4.3 -5.1
v 0.8 4.3 -5.2
v 0.8 4.3 -5.3
v 0.8 4.3 -5.4
v 0.8 4.3 -5.5
v 0.8 4.3 -5.6
v 0.8 4.3 -5.7
v 0.8 4.3 -5.8
v 0.8 4.3 -5.9
v 0.8 4.4 -2.2
v 0.8 4.4 -2.3
v 0.8 4.4 -2.4
v 0.8 4.4 -2.5
v 0.8 4.4 -2.7
v 0.8 4.4 -2.8
v 0.8 4.4 -2.9
v 0.8 4.4 -3
v 0.8 4.4 -3.1
v 0.8 4.4 -3.2
v 0.8 4.4 -3.6
v 0.8 4.4 -3.7
v 0.8 4.4 -3.9
v 0.8 4.4 -4
v 0.8 4.4 -4.1
v 0.8 4.4 -4.2
v 0.8 4.4 -4.3
v 0.8 4.4 -4.4
v 0.8 4.4 -4.5
v 0.8 4.4 -4.6
v 0.8 4.4 -4.7
v 0.8 4.4 -4.8
v 0.8 4.4 -4.9
v 0.8 4.4 -5
v 0.8 4.4 -5.1
v 0.8 4.4 -5.2
v 0.8 4.4 -5.4
v 0.8 4.4 -5.5
v 0.8 4.4 -5.6
v 0.8 4.4 -5.7
v 0.8 4.4 -5.8
v 0.8 4.4 -5.9
v 0.8 4.5 -2.2
v 0.8 4.5 -2.3
v 0.8 4.5 -2.5
v 0.8 4.5 -2.6
v 0.8 4.5 -2.7
v 0.8 4.5 -2.8
v 0.8 4.5 -3
v 0.8 4.5 -3.1
v 0.8 4.5 -3.3
v 0.8 4.5 -3.4
v 0.8 4.5 -3.5
v 0.8 4.5 -3.6
v 0.8 4.5 -4
v 0.8 4.5 -4.1
v 0.8 4.5 -4.2
v 0.8 4.5 -4.3
v 0.8 4.5 -4.4
v 0.8 4.5 -5.1
v 0.8 4.5 -5.2
v 0.8 4.5 -5.3
v 0.8 4.5 -5.6
v 0.8 4.5 -5.7
v 0.8 4.5 -5.8
v 0.8 4.5 -5.9
v 0.8 4.6 -2.1
v 0.8 4.6 -2.2
v 0.8 4.6 -2.3
v 0.8 4.6 -2.6
v 0.8 4.6 -2.7
v 0.8 4.6 -2.8
v 0.8 4.6 -3.1
v 0.8 4.6 -3.2
v 0.8 4.6 -3.3
v 0.8 4.6 -3.4
v 0.8 4.6 -3.5
v 0.8 4.6 -3.6
v 0.8 4.6 -3.7
v 0.8 4.6 -3.8
v 0.8 4.6 -3.9
v 0.8 4.6 -4.1
v 0.8 4.6 -4.2
v 0.8 4.6 -4.3
v 0.8 4.6 -4.4
v 0.8 4.6 -5.1
v 0.8 4.6 -5.2
v 0.8 4.6 -5.4
v 0.8 4.6 -5.5
v 0.8 4.6 -5.6
v 0.8 4.6 -5.7
v 0.8 4.6 -5.8
v 0.8 4.6 -5.9
v 0.9 0.6 -8.6
v 0.9 0.6 -8.7
v 0.9 0.7 -8.6
v 0.9 0.7 -8.7
v 0.9 1.5 -2.4
v 0.9 1.5 -5.8
v 0.9 1.7 -2.4
v 0.9 1.7 -5.8
v 0.9 2 -2.4
v 0.9 2 -5.8
v 0.9 2.1 -2.4
v 0.9 2.1 -5.8
v 0.9 2.4 -2.4
v 0.9 2.4 -5.8
v 0.9 2.5 -2.4
v 0.9 2.5 -5.8
v 0.9 2.8 -2.4
v 0.9 2.8 -5.8
v 0.9 2.9 -2.4
v 0.9 2.9 -5.8
v 0.9 3.2 -2.4
v 0.9 3.2 -5.8
v 0.9 3.3 -2.4
v 0.9 3.3 -5.8
v 0.9 3.6 -2.4
v 0.9 3.6 -5.8
v 0.9 3.7 -2.4
v 0.9 3.7 -5.8
v 0.9 4 -2.4
v 0.9 4 -5.8
v 0.9 4.1 -2.4
v 0.9 4.1 -5.8
v 0.9 4.2 -2.4
v 0.9 4.2 -2.6
v 0.9 4.2 -2.7
v 0.9 4.2 -2.8
v 0.9 4.2 -2.9
v 0.9 4.2 -3
v 0.9 4.2 -3.1
v 0.9 4.2 -3.2
v 0.9 4.2 -3.3
v 0.9 4.2 -3.4
v 0.9 4.2 -3.5
v 0.9 4.2 -3.6
v 0.9 4.2 -3.7
v 0.9 4.2 -3.8
v 0.9 4.2 -3.9
v 0.9 4.2 -4.1
v 0.9 4.2 -4.2
v 0.9 4.2 -4.4
v 0.9 4.2 -4.5
v 0.9 4.2 -4.6
v 0.9 4.2 -4.8
v 0.9 4.2 -4.9
v 0.9 4.2 -5
v 0.9 4.2 -5.1
v 0.9 4.2 -5.2
v 0.9 4.2 -5.3
v 0.9 4.2 -5.5
v 0.9 4.2 -5.6
v 0.9 4.2 -5.7
v 0.9 4.2 -5.8
v 0.9 4.6 -2.1
v 0.9 4.6 -2.2
v 0.9 4.6 -2.3
v 0.9 4.6 -2.4
v 0.9 4.6 -2.5
v 0.9 4.6 -2.6
v 0.9 4.6 -2.7
v 0.9 4.6 -2.8
v 0.9 4.6 -2.9
v 0.9 4.6 -3
v 0.9 4.6 -3.1
v 0.9 4.6 -3.2
v 0.9 4.6 -3.3
v 0.9 4.6 -3.4
v 0.9 4.6 -3.5
v 0.9 4.6 -3.6
v 0.9 4.6 -3.7
v 0.9 4.6 -3.8
v 0.9 4.6 -3.9
v 0.9 4.6 -4
v 0.9 4.6 -4.1
v 0.9 4.6 -4.2
v 0.9 4.6 -4.3
v 0.9 4.6 -4.4
v 0.9 4.6 -4.5
v 0.9 4.6 -4.7
v 0.9 4.6 -4.8
v 0.9 4.6 -4.9
v 0.9 4.6 -5
v 0.9 4.6 -5.1
v 0.9 4.6 -5.2
v 0.9 4.6 -5.3
v 0.9 4.6 -5.4
v 0.9 4.6 -5.5
v 0.9 4.6 -5.6
v 0.9 4.6 -5.7
v 0.9 4.6 -5.8
v 0.9 4.6 -5.9
v 0.9 4.7 -2.1
v 0.9 4.7 -2.2
v 0.9 4.7 -2.4
v 0.9 4.7 -2.5
v 0.9 4.7 -2.6
v 0.9 4.7 -2.7
v 0.9 4.7 -2.8
v 0.9 4.7 -2.9
v 0.9 4.7 -3
v 0.9 4.7 -3.1
v 0.9 4.7 -3.2
v 0.9 4.7 -3.3
v 0.9 4.7 -3.4
v 0.9 4.7 -3.8
v 0.9 4.7 -3.9
v 0.9 4.7 -4
v 0.9 4.7 -4.1
v 0.9 4.7 -4.3
v 0.9 4.7 -4.4
v 0.9 4.7 -4.5
v 0.9 4.7 -4.7
v 0.9 4.7 -4.8
v 0.9 4.7 -4.9
v 0.9 4.7 -5
v 0.9 4.7 -5.1
v 0.9 4.7 -5.3
v 0.9 4.7 -5.5
v 0.9 4.7 -5.6
v 0.9 4.7 -5.9
v 1 4.7 -2.1
v 1 4.7 -2.2
v 1 4.7 -2.4
v 1 4.7 -2.5
v 1 4.7 -2.6
v 1 4.7 -2.7
v 1 4.7 -2.8
v 1 4.7 -2.9
v 1 4.7 -3
v 1 4.7 -3.1
v 1 4.7 -3.2
v 1 4.7 -3.3
v 1 4.7 -3.4
v 1 4.7 -3.5
v 1 4.7 -3.6
v 1 4.7 -3.8
v 1 4.7 -3.9
v 1 4.7 -4
v 1 4.7 -4.1
v 1 4.7 -4.3
v 1 4.7 -4.4
v 1 4.7 -4.5
v 1 4.7 -4.6
v 1 4.7 -4.7
v 1 4.7 -4.8
v 1 4.7 -4.9
v 1 4.7 -5
v 1 4.7 -5.1
v 1 4.7 -5.2
v 1 4.7 -5.3
v 1 4.7 -5.4
v 1 4.7 -5.5
v 1 4.7 -5.6
v 1 4.7 -5.7
v 1 4.7 -5.8
v 1 4.7 -5.9
v 1 4.7 -6
v 1 4.8 -2.4
v 1 4.8 -2.5
v 1 4.8 -2.6
v 1 4.8 -3
v 1 4.8 -3.1
v 1 4.8 -3.2
v 1 4.8 -3.4
v 1 4.8 -3.5
v 1 4.8 -3.6
v 1 4.8 -3.7
v 1 4.8 -3.9
v 1 4.8 -4
v 1 4.8 -4.1
v 1 4.8 -4.4
v 1 4.8 -4.5
v 1 4.8 -4.6
v 1 4.8 -4.7
v 1 4.8 -4.9
v 1 4.8 -5.1
v 1 4.8 -5.2
v 1 4.8 -5.3
v 1 4.8 -5.4
v 1 4.8 -5.6
v 1 4.8 -5.7
v 1 4.8 -5.8
v 1 4.8 -5.9
v 1 4.8 -6
v 1 4.9 -2.2
v 1 4.9 -2.5
v 1 4.9 -2.6
v 1 4.9 -2.9
v 1 4.9 -3
v 1 4.9 -3.3
v 1 4.9 -3.4
v 1 4.9 -3.5
v 1 4.9 -3.6
v 1 4.9 -3.7
v 1 4.9 -3.8
v 1 4.9 -3.9
v 1 4.9 -4
v 1 4.9 -4.1
v 1 4.9 -4.2
v 1 4.9 -4.3
v 1 4.9 -4.6
v 1 4.9 -4.7
v 1 4.9 -4.8
v 1 4.9 -5
v 1 4.9 -5.1
v 1 4.9 -5.2
v 1 4.9 -5.4
v 1 4.9 -5.5
v 1 4.9 -5.6
v 1 4.9 -5.7
v 1 4.9 -5.8
v 1 4.9 -6
v 1 4.9 -6.1
v 1 5 -2.1
v 1 5 -2.2
v 1 5 -2.5
v 1 5 -2.6
v 1 5 -2.7
v 1 5 -3
v 1 5 -3.2
v 1 5 -3.3
v 1 5 -3.4
v 1 5 -3.5
v 1 5 -3.8
v 1 5 -3.9
v 1 5 -4
v 1 5 -4.1
v 1 5 -4.2
v 1 5 -4.3
v 1 5 -4.4
v 1 5 -4.5
v 1 5 -4.6
v 1 5 -4.8
v 1 5 -5
v 1 5 -5.1
v 1 5 -5.2
v 1 5 -5.4
v 1 5 -5.5
v 1 5 -5.6
v 1 5 -5.7
v 1 5 -5.8
v 1 5 -6
v 1 5 -6.1
v 1.1 5 -2.1
v 1.1 5 -2.2
v 1.1 5 -2.3
v 1.1 5 -2.4
v 1.1 5 -2.5
v 1.1 5 -2.6
v 1.1 5 -2.7
v 1.1 5 -2.9
v 1.1 5 -3
v 1.1 5 -3.1
v 1.1 5 -3.2
v 1.1 5 -3.3
v 1.1 5 -3.4
v 1.1 5 -3.5
v 1.1 5 -3.8
v 1.1 5 -3.9
v 1.1 5 -4
v 1.1 5 -4.1
v 1.1 5 -4.2
v 1.1 5 -4.3
v 1.1 5 -4.4
v 1.1 5 -4.5
v 1.1 5 -4.6
v 1.1 5 -4.7
v 1.1 5 -4.8
v 1.1 5 -4.9
v 1.1 5 -5
v 1.1 5 -5.1
v 1.1 5 -5.2
v 1.1 5 -5.4
v 1.1 5 -5.5
v 1.1 5 -5.6
v 1.1 5 -5.7
v 1.1 5 -5.8
v 1.1 5 -6
v 1.1 5 -6.1
v 1.1 5.1 -2.2
v 1.1 5.1 -2.3
v 1.1 5.1 -2.4
v 1.1 5.1 -2.7
v 1.1 5.1 -2.9
v 1.1 5.1 -3
v 1.1 5.1 -3.1
v 1.1 5.1 -3.2
v 1.1 5.1 -3.3
v 1.1 5.1 -3.8
v 1.1 5.1 -3.9
v 1.1 5.1 -4
v 1.1 5.1 -4.1
v 1.1 5.1 -4.3
v 1.1 5.1 -4.4
v 1.1 5.1 -4.5
v 1.1 5.1 -4.6
v 1.1 5.1 -4.7
v 1.1 5.1 -4.8
v 1.1 5.1 -4.9
v 1.1 5.1 -5
v 1.1 5.1 -5.1
v 1.1 5.1 -5.2
v 1.1 5.1 -5.3
v 1.1 5.1 -5.4
v 1.1 5.1 -5.5
v 1.1 5.1 -5.7
v 1.1 5.1 -5.8
v 1.1 5.1 -6
v 1.1 5.1 -6.1
v 1.1 5.2 -2.2
v 1.1 5.2 -2.3
v 1.1 5.2 -2.4
v 1.1 5.2 -2.8
v 1.1 5.2 -2.9
v 1.1 5.2 -3
v 1.1 5.2 -3.2
v 1.1 5.2 -3.4
v 1.1 5.2 -3.5
v 1.1 5.2 -3.6
v 1.1 5.2 -3.7
v 1.1 5.2 -3.8
v 1.1 5.2 -3.9
v 1.1 5.2 -4.3
v 1.1 5.2 -4.5
v 1.1 5.2 -4.6
v 1.1 5.2 -4.7
v 1.1 5.2 -4.9
v 1.1 5.2 -5
v 1.1 5.2 -5.1
v 1.1 5.2 -5.2
v 1.1 5.2 -5.4
v 1.1 5.2 -5.5
v 1.1 5.2 -5.6
v 1.1 5.2 -5.7
v 1.1 5.2 -5.8
v 1.1 5.2 -6
v 1.1 5.2 -6.1
v 1.1 5.2 -6.2
v 1.1 5.3 -2.1
v 1.1 5.3 -2.2
v 1.1 5.3 -2.3
v 1.1 5.3 -2.4
v 1.1 5.3 -2.5
v 1.1 5.3 -2.6
v 1.1 5.3 -2.7
v 1.1 5.3 -2.8
v 1.1 5.3 -2.9
v 1.1 5.3 -3
v 1.1 5.3 -3.2
v 1.1 5.3 -3.3
v 1.1 5.3 -3.4
v 1.1 5.3 -3.5
v 1.1 5.3 -3.6
v 1.1 5.3 -3.7
v 1.1 5.3 -3.8
v 1.1 5.3 -3.9
v 1.1 5.3 -4.4
v 1.1 5.3 -4.5
v 1.1 5.3 -4.6
v 1.1 5.3 -4.7
v 1.1 5.3 -4.9
v 1.1 5.3 -5
v 1.1 5.3 -5.1
v 1.1 5.3 -5.3
v 1.1 5.3 -5.5
v 1.1 5.3 -5.6
v 1.1 5.3 -5.7
v 1.1 5.3 -6
v 1.1 5.3 -6.1
v 1.1 5.3 -6.2
v 1.2 5.3 -2.1
v 1.2 5.3 -2.2
v 1.2 5.3 -2.3
v 1.2 5.3 -2.4
v 1.2 5.3 -2.5
v 1.2 5.3 -2.6
v 1.2 5.3 -2.7
v 1.2 5.3 -2.8
v 1.2 5.3 -2.9
v 1.2 5.3 -3
v 1.2 5.3 -3.2
v 1.2 5.3 -3.3
v 1.2 5.3 -3.4
v 1.2 5.3 -3.5
v 1.2 5.3 -3.6
v 1.2 5.3 -3.7
v 1.2 5.3 -3.8
v 1.2 5.3 -3.9
v 1.2 5.3 -4
v 1.2 5.3 -4.3
v 1.2 5.3 -4.4
v 1.2 5.3 -4.5
v 1.2 5.3 -4.6
v 1.2 5.3 -4.7
v 1.2 5.3 -4.8
v 1.2 5.3 -4.9
v 1.2 5.3 -5
v 1.2 5.3 -5.1
v 1.2 5.3 -5.2
v 1.2 5.3 -5.3
v 1.2 5.3 -5.5
v 1.2 5.3 -5.6
v 1.2 5.3 -5.7
v 1.2 5.3 -5.8
v 1.2 5.3 -6
v 1.2 5.3 -6.1
v 1.2 5.3 -6.2
v 1.2 5.4 -2.2
v 1.2 5.4 -2.3
v 1.2 5.4 -2.4
v 1.2 5.4 -2.5
v 1.2 5.4 -2.6
v 1.2 5.4 -2.7
v 1.2 5.4 -2.8
v 1.2 5.4 -2.9
v 1.2 5.4 -3
v 1.2 5.4 -3.1
v 1.2 5.4 -3.2
v 1.2 5.4 -3.3
v 1.2 5.4 -3.4
v 1.2 5.4 -3.5
v 1.2 5.4 -3.6
v 1.2 5.4 -3.7
v 1.2 5.4 -3.8
v 1.2 5.4 -4.5
v 1.2 5.4 -4.6
v 1.2 5.4 -4.7
v 1.2 5.4 -4.8
v 1.2 5.4 -4.9
v 1.2 5.4 -5
v 1.2 5.4 -5.2
v 1.2 5.4 -5.3
v 1.2 5.4 -5.4
v 1.2 5.4 -5.5
v 1.2 5.4 -5.7
v 1.2 5.4 -5.8
v 1.2 5.4 -5.9
v 1.2 5.4 -6
v 1.2 5.4 -6.1
v 1.2 5.4 -6.2
v 1.2 5.4 -6.3
v 1.2 5.5 -2.4
v 1.2 5.5 -2.5
v 1.2 5.5 -3
v 1.2 5.5 -3.1
v 1.2 5.5 -3.3
v 1.2 5.5 -3.4
v 1.2 5.5 -3.5
v 1.2 5.5 -3.6
v 1.2 5.5 -3.7
v 1.2 5.5 -3.8
v 1.2 5.5 -3.9
v 1.2 5.5 -4
v 1.2 5.5 -4.1
v 1.2 5.5 -4.2
v 1.2 5.5 -4.3
v 1.2 5.5 -4.4
v 1.2 5.5 -4.5
v 1.2 5.5 -4.6
v 1.2 5.5 -4.7
v 1.2 5.5 -4.8
v 1.2 5.5 -4.9
v 1.2 5.5 -5
v 1.2 5.5 -5.1
v 1.2 5.5 -5.2
v 1.2 5.5 -5.3
v 1.2 5.5 -5.4
v 1.2 5.5 -5.5
v 1.2 5.5 -5.6
v 1.2 5.5 -5.7
v 1.2 5.5 -5.8
v 1.2 5.5 -5.9
v 1.2 5.5 -6
v 1.2 5.5 -6.1
v 1.2 5.5 -6.2
v 1.2 5.5 -6.3
v 1.2 5.6 -2.1
v 1.2 5.6 -2.2
v 1.2 5.6 -2.3
v 1.2 5.6 -2.4
v 1.2 5.6 -2.5
v 1.2 5.6 -2.6
v 1.2 5.6 -2.7
v 1.2 5.6 -2.8
v 1.2 5.6 -2.9
v 1.2 5.6 -3.2
v 1.2 5.6 -3.3
v 1.2 5.6 -3.4
v 1.2 5.6 -3.6
v 1.2 5.6 -3.7
v 1.2 5.6 -3.8
v 1.2 5.6 -3.9
v 1.2 5.6 -4
v 1.2 5.6 -4.1
v 1.2 5.6 -4.2
v 1.2 5.6 -4.3
v 1.2 5.6 -4.4
v 1.2 5.6 -4.5
v 1.2 5.6 -4.6
v 1.2 5.6 -4.7
v 1.2 5.6 -4.8
v 1.2 5.6 -4.9
v 1.2 5.6 -5
v 1.2 5.6 -5.1
v 1.2 5.6 -5.2
v 1.2 5.6 -5.3
v 1.2 5.6 -5.4
v 1.2 5.6 -5.5
v 1.2 5.6 -5.6
v 1.2 5.6 -5.7
v 1.2 5.6 -5.8
v 1.2 5.6 -6
v 1.2 5.6 -6.1
v 1.2 5.6 -6.2
v 1.2 5.6 -6.3
v 1.3 0.8 -8.6
v 1.3 0.8 -8.7
v 1.3 0.9 -8.6
v 1.3 0.9 -8.7
v 1.3 5.6 -2.1
v 1.3 5.6 -2.2
v 1.3 5.6 -2.3
v 1.3 5.6 -2.4
v 1.3 5.6 -2.5
v 1.3 5.6 -2.6
v 1.3 5.6 -2.7
v 1.3 5.6 -2.8
v 1.3 5.6 -2.9
v 1.3 5.6 -3.1
v 1.3 5.6 -3.2
v 1.3 5.6 -3.3
v 1.3 5.6 -3.4
v 1.3 5.6 -3.5
v 1.3 5.6 -3.6
v 1.3 5.6 -3.7
v 1.3 5.6 -3.8
v 1.3 5.6 -3.9
v 1.3 5.6 -4
v 1.3 5.6 -4.1
v 1.3 5.6 -4.2
v 1.3 5.6 -4.3
v 1.3 5.6 -4.4
v 1.3 5.6 -4.5
v 1.3 5.6 -4.6
v 1.3 5.6 -4.7
v 1.3 5.6 -4.8
v 1.3 5.6 -4.9
v 1.3 5.6 -5
v 1.3 5.6 -5.1
v 1.3 5.6 -5.2
v 1.3 5.6 -5.3
v 1.3 5.6 -5.4
v 1.3 5.6 -5.5
v 1.3 5.6 -5.6
v 1.3 5.6 -5.7
v 1.3 5.6 -5.8
v 1.3 5.6 -6
v 1.3 5.6 -6.1
v 1.3 5.6 -6.2
v 1.3 5.6 -6.3
v 1.3 5.6 -6.4
v 1.3 5.7 -2.1
v 1.3 5.7 -2.2
v 1.3 5.7 -2.4
v 1.3 5.7 -2.5
v 1.3 5.7 -2.6
v 1.3 5.7 -2.7
v 1.3 5.7 -2.8
v 1.3 5.7 -2.9
v 1.3 5.7 -3.1
v 1.3 5.7 -3.2
v 1.3 5.7 -3.3
v 1.3 5.7 -3.4
v 1.3 5.7 -3.5
v 1.3 5.7 -3.7
v 1.3 5.7 -3.8
v 1.3 5.7 -3.9
v 1.3 5.7 -4.2
v 1.3 5.7 -4.3
v 1.3 5.7 -4.4
v 1.3 5.7 -4.5
v 1.3 5.7 -4.6
v 1.3 5.7 -5
v 1.3 5.7 -5.1
v 1.3 5.7 -5.2
v 1.3 5.7 -5.4
v 1.3 5.7 -5.5
v 1.3 5.7 -5.6
v 1.3 5.7 -5.8
v 1.3 5.7 -6
v 1.3 5.7 -6.1
v 1.3 5.7 -6.4
v 1.4 5.7 -2.1
v 1.4 5.7 -2.2
v 1.4 5.7 -2.4
v 1.4 5.7 -2.5
v 1.4 5.7 -2.6
v 1.4 5.7 -2.7
v 1.4 5.7 -2.8
v 1.4 5.7 -2.9
v 1.4 5.7 -3
v 1.4 5.7 -3.1
v 1.4 5.7 -3.2
v 1.4 5.7 -3.3
v 1.4 5.7 -3.4
v 1.4 5.7 -3.5
v 1.4 5.7 -3.7
v 1.4 5.7 -3.8
v 1.4 5.7 -3.9
v 1.4 5.7 -4
v 1.4 5.7 -4.2
v 1.4 5.7 -4.3
v 1.4 5.7 -4.4
v 1.4 5.7 -4.5
v 1.4 5.7 -4.6
v 1.4 5.7 -4.7
v 1.4 5.7 -4.8
v 1.4 5.7 -4.9
v 1.4 5.7 -5
v 1.4 5.7 -5.1
v 1.4 5.7 -5.2
v 1.4 5.7 -5.4
v 1.4 5.7 -5.5
v 1.4 5.7 -5.6
v 1.4 5.7 -5.8
v 1.4 5.7 -6
v 1.4 5.7 -6.1
v 1.4 5.7 -6.3
v 1.4 5.7 -6.4
v 1.4 5.8 -2.2
v 1.4 5.8 -2.3
v 1.4 5.8 -2.5
v 1.4 5.8 -2.6
v 1.4 5.8 -2.7
v 1.4 5.8 -2.9
v 1.4 5.8 -3
v 1.4 5.8 -3.1
v 1.4 5.8 -3.2
v 1.4 5.8 -3.3
v 1.4 5.8 -3.5
v 1.4 5.8 -3.6
v 1.4 5.8 -3.7
v 1.4 5.8 -3.8
v 1.4 5.8 -4
v 1.4 5.8 -4.2
v 1.4 5.8 -4.3
v 1.4 5.8 -4.4
v 1.4 5.8 -4.8
v 1.4 5.8 -4.9
v 1.4 5.8 -5
v 1.4 5.8 -5.1
v 1.4 5.8 -5.2
v 1.4 5.8 -5.3
v 1.4 5.8 -5.4
v 1.4 5.8 -5.6
v 1.4 5.8 -5.8
v 1.4 5.8 -6
v 1.4 5.8 -6.1
v 1.4 5.8 -6.3
v 1.4 5.8 -6.4
v 1.4 5.9 -2.3
v 1.4 5.9 -2.5
v 1.4 5.9 -2.6
v 1.4 5.9 -2.7
v 1.4 5.9 -2.8
v 1.4 5.9 -2.9
v 1.4 5.9 -3
v 1.4 5.9 -3.2
v 1.4 5.9 -3.4
v 1.4 5.9 -3.5
v 1.4 5.9 -3.6
v 1.4 5.9 -3.7
v 1.4 5.9 -3.8
v 1.4 5.9 -3.9
v 1.4 5.9 -4
v 1.4 5.9 -4.3
v 1.4 5.9 -4.4
v 1.4 5.9 -4.5
v 1.4 5.9 -4.6
v 1.4 5.9 -4.7
v 1.4 5.9 -4.8
v 1.4 5.9 -4.9
v 1.4 5.9 -5
v 1.4 5.9 -5.1
v 1.4 5.9 -5.2
v 1.4 5.9 -5.3
v 1.4 5.9 -5.4
v 1.4 5.9 -5.5
v 1.4 5.9 -5.6
v 1.4 5.9 -5.7
v 1.4 5.9 -6
v 1.4 5.9 -6.1
v 1.4 5.9 -6.2
v 1.4 6 -2.1
v 1.4 6 -2.2
v 1.4 6 -2.6
v 1.4 6 -2.7
v 1.4 6 -2.8
v 1.4 6 -2.9
v 1.4 6 -3
v 1.4 6 -3.2
v 1.4 6 -3.3
v 1.4 6 -3.4
v 1.4 6 -3.5
v 1.4 6 -3.6
v 1.4 6 -3.7
v 1.4 6 -3.8
v 1.4 6 -4.5
v 1.4 6 -4.6
v 1.4 6 -4.9
v 1.4 6 -5
v 1.4 6 -5.1
v 1.4 6 -5.2
v 1.4 6 -5.3
v 1.4 6 -5.4
v 1.4 6 -5.5
v 1.4 6 -5.6
v 1.4 6 -5.7
v 1.4 6 -6
v 1.4 6 -6.1
v 1.4 6 -6.2
v 1.4 6 -6.3
v 1.4 6 -6.4
v 1.5 6 -2.1
v 1.5 6 -2.2
v 1.5 6 -2.4
v 1.5 6 -2.5
v 1.5 6 -2.6
v 1.5 6 -2.7
v 1.5 6 -2.8
v 1.5 6 -2.9
v 1.5 6 -3
v 1.5 6 -3.1
v 1.5 6 -3.2
v 1.5 6 -3.3
v 1.5 6 -3.4
v 1.5 6 -3.5
v 1.5 6 -3.6
v 1.5 6 -3.7
v 1.5 6 -3.8
v 1.5 6 -4.5
v 1.5 6 -4.6
v 1.5 6 -4.7
v 1.5 6 -4.8
v 1.5 6 -4.9
v 1.5 6 -5
v 1.5 6 -5.1
v 1.5 6 -5.2
v 1.5 6 -5.3
v 1.5 6 -5.4
v 1.5 6 -5.5
v 1.5 6 -5.6
v 1.5 6 -5.7
v 1.5 6 -5.8
v 1.5 6 -5.9
v 1.5 6 -6
v 1.5 6 -6.1
v 1.5 6 -6.2
v 1.5 6 -6.3
v 1.5 6 -6.4
v 1.5 6 -6.5
v 1.5 6.1 -2.2
v 1.5 6.1 -2.3
v 1.5 6.1 -2.4
v 1.5 6.1 -2.5
v 1.5 6.1 -2.7
v 1.5 6.1 -2.8
v 1.5 6.1 -3.3
v 1.5 6.1 -3.4
v 1.5 6.1 -3.5
v 1.5 6.1 -3.6
v 1.5 6.1 -3.7
v 1.5 6.1 -3.8
v 1.5 6.1 -3.9
v 1.5 6.1 -4.2
v 1.5 6.1 -4.3
v 1.5 6.1 -4.4
v 1.5 6.1 -4.5
v 1.5 6.1 -4.6
v 1.5 6.1 -4.7
v 1.5 6.1 -5.1
v 1.5 6.1 -5.2
v 1.5 6.1 -5.3
v 1.5 6.1 -5.4
v 1.5 6.1 -5.5
v 1.5 6.1 -5.6
v 1.5 6.1 -5.8
v 1.5 6.1 -6.1
v 1.5 6.1 -6.2
v 1.5 6.1 -6.3
v 1.5 6.1 -6.4
v 1.5 6.1 -6.5
v 1.5 6.2 -2.1
v 1.5 6.2 -2.2
v 1.5 6.2 -2.3
v 1.5 6.2 -2.4
v 1.5 6.2 -2.5
v 1.5 6.2 -2.6
v 1.5 6.2 -2.7
v 1.5 6.2 -2.8
v 1.5 6.2 -2.9
v 1.5 6.2 -3
v 1.5 6.2 -3.1
v 1.5 6.2 -3.2
v 1.5 6.2 -3.3
v 1.5 6.2 -3.4
v 1.5 6.2 -3.5
v 1.5 6.2 -3.7
v 1.5 6.2 -3.8
v 1.5 6.2 -3.9
v 1.5 6.2 -4.2
v 1.5 6.2 -4.3
v 1.5 6.2 -4.4
v 1.5 6.2 -4.5
v 1.5 6.2 -4.6
v 1.5 6.2 -4.8
v 1.5 6.2 -5
v 1.5 6.2 -5.1
v 1.5 6.2 -5.3
v 1.5 6.2 -5.4
v 1.5 6.2 -5.5
v 1.5 6.2 -5.6
v 1.5 6.2 -5.8
v 1.5 6.2 -5.9
v 1.5 6.2 -6
v 1.5 6.2 -6.1
v 1.5 6.2 -6.4
v 1.5 6.2 -6.5
v 1.6 6.2 -2.1
v 1.6 6.2 -2.2
v 1.6 6.2 -2.3
v 1.6 6.2 -2.4
v 1.6 6.2 -2.5
v 1.6 6.2 -2.6
v 1.6 6.2 -2.7
v 1.6 6.2 -2.8
v 1.6 6.2 -2.9
v 1.6 6.2 -3
v 1.6 6.2 -3.1
v 1.6 6.2 -3.2
v 1.6 6.2 -3.3
v 1.6 6.2 -3.4
v 1.6 6.2 -3.5
v 1.6 6.2 -3.6
v 1.6 6.2 -3.7
v 1.6 6.2 -3.8
v 1.6 6.2 -3.9
v 1.6 6.2 -4
v 1.6 6.2 -4.1
v 1.6 6.2 -4.2
v 1.6 6.2 -4.3
v 1.6 6.2 -4.4
v 1.6 6.2 -4.5
v 1.6 6.2 -4.6
v 1.6 6.2 -4.7
v 1.6 6.2 -4.8
v 1.6 6.2 -4.9
v 1.6 6.2 -5
v 1.6 6.2 -5.1
v 1.6 6.2 -5.3
v 1.6 6.2 -5.4
v 1.6 6.2 -5.5
v 1.6 6.2 -5.6
v 1.6 6.2 -5.7
v 1.6 6.2 -5.8
v 1.6 6.2 -5.9
v 1.6 6.2 -6
v 1.6 6.2 -6.1
v 1.6 6.2 -6.4
v 1.6 6.2 -6.5
v 1.6 6.2 -6.6
v 1.6 6.3 -2.2
v 1.6 6.3 -2.3
v 1.6 6.3 -2.4
v 1.6 6.3 -2.5
v 1.6 6.3 -2.6
v 1.6 6.3 -2.7
v 1.6 6.3 -2.8
v 1.6 6.3 -2.9
v 1.6 6.3 -3
v 1.6 6.3 -3.1
v 1.6 6.3 -3.3
v 1.6 6.3 -3.4
v 1.6 6.3 -3.5
v 1.6 6.3 -3.6
v 1.6 6.3 -3.7
v 1.6 6.3 -3.8
v 1.6 6.3 -4.1
v 1.6 6.3 -4.2
v 1.6 6.3 -4.3
v 1.6 6.3 -4.4
v 1.6 6.3 -4.7
v 1.6 6.3 -4.8
v 1.6 6.3 -5.1
v 1.6 6.3 -5.2
v 1.6 6.3 -5.3
v 1.6 6.3 -5.5
v 1.6 6.3 -5.8
v 1.6 6.3 -6
v 1.6 6.3 -6.1
v 1.6 6.3 -6.2
v 1.6 6.3 -6.4
v 1.6 6.3 -6.5
v 1.6 6.3 -6.6
v 1.6 6.4 -2.1
v 1.6 6.4 -2.2
v 1.6 6.4 -2.3
v 1.6 6.4 -2.4
v 1.6 6.4 -2.5
v 1.6 6.4 -2.6
v 1.6 6.4 -2.7
v 1.6 6.4 -2.8
v 1.6 6.4 -3
v 1.6 6.4 -3.1
v 1.6 6.4 -3.2
v 1.6 6.4 -3.3
v 1.6 6.4 -3.5
v 1.6 6.4 -3.8
v 1.6 6.4 -3.9
v 1.6 6.4 -4
v 1.6 6.4 -4.2
v 1.6 6.4 -4.3
v 1.6 6.4 -4.4
v 1.6 6.4 -4.5
v 1.6 6.4 -4.8
v 1.6 6.4 -4.9
v 1.6 6.4 -5
v 1.6 6.4 -5.1
v 1.6 6.4 -5.2
v 1.6 6.4 -5.3
v 1.6 6.4 -5.5
v 1.6 6.4 -5.6
v 1.6 6.4 -5.7
v 1.6 6.4 -5.8
v 1.6 6.4 -6
v 1.6 6.4 -6.1
v 1.6 6.4 -6.2
v 1.6 6.4 -6.4
v 1.6 6.4 -6.5
v 1.6 6.4 -6.6
v 1.7 0.5 -8.6
v 1.7 0.5 -8.7
v 1.7 0.6 -8.6
v 1.7 0.6 -8.7
v 1.7 6.4 -2.1
v 1.7 6.4 -2.2
v 1.7 6.4 -2.3
v 1.7 6.4 -2.4
v 1.7 6.4 -2.5
v 1.7 6.4 -2.6
v 1.7 6.4 -2.7
v 1.7 6.4 -2.8
v 1.7 6.4 -2.9
v 1.7 6.4 -3
v 1.7 6.4 -3.1
v 1.7 6.4 -3.2
v 1.7 6.4 -3.3
v 1.7 6.4 -3.5
v 1.7 6.4 -3.6
v 1.7 6.4 -3.7
v 1.7 6.4 -3.8
v 1.7 6.4 -3.9
v 1.7 6.4 -4
v 1.7 6.4 -4.1
v 1.7 6.4 -4.2
v 1.7 6.4 -4.3
v 1.7 6.4 -4.4
v 1.7 6.4 -4.5
v 1.7 6.4 -4.8
v 1.7 6.4 -4.9
v 1.7 6.4 -5
v 1.7 6.4 -5.1
v 1.7 6.4 -5.2
v 1.7 6.4 -5.3
v 1.7 6.4 -5.4
v 1.7 6.4 -5.5
v 1.7 6.4 -5.6
v 1.7 6.4 -5.7
v 1.7 6.4 -5.8
v 1.7 6.4 -5.9
v 1.7 6.4 -6
v 1.7 6.4 -6.1
v 1.7 6.4 -6.2
v 1.7 6.4 -6.3
v 1.7 6.4 -6.4
v 1.7 6.4 -6.5
v 1.7 6.4 -6.6
v 1.7 6.5 -2.1
v 1.7 6.5 -2.2
v 1.7 6.5 -2.3
v 1.7 6.5 -2.4
v 1.7 6.5 -2.6
v 1.7 6.5 -2.7
v 1.7 6.5 -2.8
v 1.7 6.5 -2.9
v 1.7 6.5 -3.1
v 1.7 6.5 -3.2
v 1.7 6.5 -3.3
v 1.7 6.5 -3.6
v 1.7 6.5 -3.7
v 1.7 6.5 -3.8
v 1.7 6.5 -3.9
v 1.7 6.5 -4.1
v 1.7 6.5 -4.2
v 1.7 6.5 -4.3
v 1.7 6.5 -4.4
v 1.7 6.5 -5.1
v 1.7 6.5 -5.4
v 1.7 6.5 -5.5
v 1.7 6.5 -5.6
v 1.7 6.5 -5.7
v 1.7 6.5 -5.9
v 1.7 6.5 -6
v 1.7 6.5 -6.1
v 1.7 6.5 -6.3
v 1.7 6.5 -6.5
v 1.7 6.5 -6.6
v 1.8 6.5 -2.1
v 1.8 6.5 -2.2
v 1.8 6.5 -2.3
v 1.8 6.5 -2.4
v 1.8 6.5 -2.6
v 1.8 6.5 -2.7
v 1.8 6.5 -2.8
v 1.8 6.5 -2.9
v 1.8 6.5 -3.1
v 1.8 6.5 -3.2
v 1.8 6.5 -3.3
v 1.8 6.5 -3.5
v 1.8 6.5 -3.6
v 1.8 6.5 -3.7
v 1.8 6.5 -3.8
v 1.8 6.5 -3.9
v 1.8 6.5 -4
v 1.8 6.5 -4.1
v 1.8 6.5 -4.2
v 1.8 6.5 -4.3
v 1.8 6.5 -4.4
v 1.8 6.5 -4.5
v 1.8 6.5 -4.6
v 1.8 6.5 -4.8
v 1.8 6.5 -4.9
v 1.8 6.5 -5
v 1.8 6.5 -5.1
v 1.8 6.5 -5.4
v 1.8 6.5 -5.5
v 1.8 6.5 -5.6
v 1.8 6.5 -5.7
v 1.8 6.5 -5.9
v 1.8 6.5 -6
v 1.8 6.5 -6.1
v 1.8 6.5 -6.3
v 1.8 6.5 -6.5
v 1.8 6.5 -6.6
v 1.8 6.6 -2.2
v 1.8 6.6 -2.3
v 1.8 6.6 -2.4
v 1.8 6.6 -2.6
v 1.8 6.6 -2.7
v 1.8 6.6 -2.8
v 1.8 6.6 -2.9
v 1.8 6.6 -3.1
v 1.8 6.6 -3.2
v 1.8 6.6 -3.3
v 1.8 6.6 -3.5
v 1.8 6.6 -3.6
v 1.8 6.6 -3.7
v 1.8 6.6 -3.8
v 1.8 6.6 -3.9
v 1.8 6.6 -4
v 1.8 6.6 -4.1
v 1.8 6.6 -4.2
v 1.8 6.6 -4.3
v 1.8 6.6 -4.4
v 1.8 6.6 -4.6
v 1.8 6.6 -4.7
v 1.8 6.6 -4.8
v 1.8 6.6 -4.9
v 1.8 6.6 -5
v 1.8 6.6 -5.1
v 1.8 6.6 -5.3
v 1.8 6.6 -5.4
v 1.8 6.6 -5.5
v 1.8 6.6 -5.6
v 1.8 6.6 -5.8
v 1.8 6.6 -5.9
v 1.8 6.6 -6
v 1.8 6.6 -6.1
v 1.8 6.6 -6.2
v 1.8 6.6 -6.3
v 1.8 6.6 -6.4
v 1.8 6.6 -6.6
v 1.8 6.6 -6.7
v 1.8 6.7 -2.1
v 1.8 6.7 -2.2
v 1.8 6.7 -2.3
v 1.8 6.7 -2.4
v 1.8 6.7 -2.6
v 1.8 6.7 -2.7
v 1.8 6.7 -2.8
v 1.8 6.7 -2.9
v 1.8 6.7 -3.2
v 1.8 6.7 -3.3
v 1.8 6.7 -3.5
v 1.8 6.7 -3.6
v 1.8 6.7 -3.7
v 1.8 6.7 -3.8
v 1.8 6.7 -3.9
v 1.8 6.7 -4
v 1.8 6.7 -4.1
v 1.8 6.7 -4.2
v 1.8 6.7 -4.3
v 1.8 6.7 -4.4
v 1.8 6.7 -4.5
v 1.8 6.7 -4.6
v 1.8 6.7 -4.7
v 1.8 6.7 -4.9
v 1.8 6.7 -5
v 1.8 6.7 -5.1
v 1.8 6.7 -5.3
v 1.8 6.7 -5.4
v 1.8 6.7 -5.5
v 1.8 6.7 -5.6
v 1.8 6.7 -5.8
v 1.8 6.7 -5.9
v 1.8 6.7 -6
v 1.8 6.7 -6.1
v 1.8 6.7 -6.2
v 1.8 6.7 -6.3
v 1.8 6.7 -6.4
v 1.8 6.7 -6.7
v 1.9 6.7 -2.1
v 1.9 6.7 -2.2
v 1.9 6.7 -2.3
v 1.9 6.7 -2.4
v 1.9 6.7 -2.5
v 1.9 6.7 -2.6
v 1.9 6.7 -2.7
v 1.9 6.7 -2.8
v 1.9 6.7 -2.9
v 1.9 6.7 -3
v 1.9 6.7 -3.1
v 1.9 6.7 -3.2
v 1.9 6.7 -3.3
v 1.9 6.7 -3.5
v 1.9 6.7 -3.6
v 1.9 6.7 -3.7
v 1.9 6.7 -3.8
v 1.9 6.7 -3.9
v 1.9 6.7 -4
v 1.9 6.7 -4.1
v 1.9 6.7 -4.2
v 1.9 6.7 -4.3
v 1.9 6.7 -4.4
v 1.9 6.7 -4.5
v 1.9 6.7 -4.6
v 1.9 6.7 -4.7
v 1.9 6.7 -4.8
v 1.9 6.7 -4.9
v 1.9 6.7 -5
v 1.9 6.7 -5.1
v 1.9 6.7 -5.3
v 1.9 6.7 -5.4
v 1.9 6.7 -5.5
v 1.9 6.7 -5.6
v 1.9 6.7 -5.7
v 1.9 6.7 -5.8
v 1.9 6.7 -5.9
v 1.9 6.7 -6
v 1.9 6.7 -6.1
v 1.9 6.7 -6.2
v 1.9 6.7 -6.3
v 1.9 6.7 -6.4
v 1.9 6.7 -6.5
v 1.9 6.7 -6.6
v 1.9 6.7 -6.7
v 1.9 6.8 -2.3
v 1.9 6.8 -2.4
v 1.9 6.8 -2.5
v 1.9 6.8 -2.6
v 1.9 6.8 -2.7
v 1.9 6.8 -2.8
v 1.9 6.8 -2.9
v 1.9 6.8 -3
v 1.9 6.8 -3.1
v 1.9 6.8 -3.6
v 1.9 6.8 -3.7
v 1.9 6.8 -3.9
v 1.9 6.8 -4
v 1.9 6.8 -4.2
v 1.9 6.8 -4.3
v 1.9 6.8 -4.5
v 1.9 6.8 -4.6
v 1.9 6.8 -4.7
v 1.9 6.8 -4.8
v 1.9 6.8 -4.9
v 1.9 6.8 -5
v 1.9 6.8 -5.1
v 1.9 6.8 -5.2
v 1.9 6.8 -5.3
v 1.9 6.8 -5.4
v 1.9 6.8 -5.5
v 1.9 6.8 -5.7
v 1.9 6.8 -5.8
v 1.9 6.8 -6.1
v 1.9 6.8 -6.3
v 1.9 6.8 -6.4
v 1.9 6.8 -6.5
v 1.9 6.8 -6.6
v 1.9 6.8 -6.7
v 1.9 6.8 -6.8
v 1.9 6.9 -2.2
v 1.9 6.9 -2.3
v 1.9 6.9 -2.4
v 1.9 6.9 -2.5
v 1.9 6.9 -2.6
v 1.9 6.9 -2.7
v 1.9 6.9 -2.8
v 1.9 6.9 -2.9
v 1.9 6.9 -3
v 1.9 6.9 -3.1
v 1.9 6.9 -3.2
v 1.9 6.9 -3.4
v 1.9 6.9 -3.5
v 1.9 6.9 -3.6
v 1.9 6.9 -3.7
v 1.9 6.9 -3.8
v 1.9 6.9 -3.9
v 1.9 6.9 -4
v 1.9 6.9 -4.1
v 1.9 6.9 -4.2
v 1.9 6.9 -4.3
v 1.9 6.9 -4.4
v 1.9 6.9 -4.5
v 1.9 6.9 -4.6
v 1.9 6.9 -4.7
v 1.9 6.9 -4.9
v 1.9 6.9 -5
v 1.9 6.9 -5.1
v 1.9 6.9 -5.2
v 1.9 6.9 -5.3
v 1.9 6.9 -5.4
v 1.9 6.9 -5.5
v 1.9 6.9 -5.6
v 1.9 6.9 -5.7
v 1.9 6.9 -5.8
v 1.9 6.9 -5.9
v 1.9 6.9 -6
v 1.9 6.9 -6.1
v 1.9 6.9 -6.2
v 1.9 6.9 -6.3
v 1.9 6.9 -6.4
v 1.9 6.9 -6.7
v 1.9 6.9 -6.8
v 1.9 7 -2.1
v 1.9 7 -2.2
v 1.9 7 -2.3
v 1.9 7 -2.4
v 1.9 7 -2.5
v 1.9 7 -2.6
v 1.9 7 -2.7
v 1.9 7 -2.8
v 1.9 7 -2.9
v 1.9 7 -3.1
v 1.9 7 -3.2
v 1.9 7 -3.3
v 1.9 7 -3.4
v 1.9 7 -3.5
v 1.9 7 -3.6
v 1.9 7 -3.7
v 1.9 7 -3.8
v 1.9 7 -3.9
v 1.9 7 -4
v 1.9 7 -4.1
v 1.9 7 -4.2
v 1.9 7 -4.3
v 1.9 7 -4.4
v 1.9 7 -4.5
v 1.9 7 -4.6
v 1.9 7 -4.7
v 1.9 7 -4.9
v 1.9 7 -5
v 1.9 7 -5.1
v 1.9 7 -5.2
v 1.9 7 -5.4
v 1.9 7 -5.5
v 1.9 7 -5.6
v 1.9 7 -5.7
v 1.9 7 -5.9
v 1.9 7 -6.1
v 1.9 7 -6.2
v 1.9 7 -6.3
v 1.9 7 -6.5
v 1.9 7 -6.6
v 1.9 7 -6.7
v 1.9 7 -6.8
v 2 0.9 -8.6
v 2 0.9 -8.7
v 2 1 -8.6
v 2 1 -8.7
v 2.4 0.4 -8.6
v 2.4 0.4 -8.7
v 2.4 0.5 -8.6
v 2.4 0.5 -8.7
v 2.6 1 -8.6
v 2.6 1 -8.7
v 2.6 1.1 -8.6
v 2.6 1.1 -8.7
v 3 0 -2.1
v 3 0 -2.2
v 3 0 -8.6
v 3 0 -8.7
v 3 0.2 -8.6
v 3 0.2 -8.7
v 3 0.4 -8.6
v 3 0.4 -8.7
v 3 1 -8.6
v 3 1 -8.7
v 3 1.3 -8.6
v 3 1.3 -8.7
v 3 1.5 -2.2
v 3 1.5 -8.6
v 3 1.7 -2.2
v 3 1.7 -8.6
v 3 2 -2.2
v 3 2 -8.6
v 3 2.1 -2.2
v 3 2.1 -8.6
v 3 2.4 -2.2
v 3 2.4 -8.6
v 3 2.5 -2.2
v 3 2.5 -8.6
v 3 2.8 -2.2
v 3 2.8 -8.6
v 3 2.9 -2.2
v 3 2.9 -8.6
v 3 3.2 -2.2
v 3 3.2 -8.6
v 3 3.3 -2.2
v 3 3.3 -8.6
v 3 3.6 -2.2
v 3 3.6 -8.6
v 3 3.7 -2.2
v 3 3.7 -8.6
v 3 4 -2.2
v 3 4 -8.6
v 3 4.1 -2.2
v 3 4.1 -8.6
v 3 4.2 -2.1
v 3 4.2 -2.2
v 3 4.2 -8.6
v 3 4.2 -8.7
v 3.2 0 -2.2
v 3.2 0 -2.4
v 3.2 0 -8.5
v 3.2 0 -8.6
v 3.2 1.5 -2.2
v 3.2 1.5 -2.4
v 3.2 1.5 -8.5
v 3.2 1.5 -8.6
v -3.8 0 -6.8
v -3.8 0 -7.7
v -3.8 0.1 -6.8
v -3.8 0.1 -7.7
v -3.7 0.1 -6.8
v -3.7 0.1 -7.7
v -3.7 0.2 -6.8
v -3.7 0.2 -7.7
v -3.6 0.2 -6.8
v -3.6 0.2 -7.7
v -3.6 0.3 -6.8
v -3.6 0.3 -7.7
v -3.5 0.3 -6.8
v -3.5 0.3 -7.7
v -3.5 0.4 -6.8
v -3.5 0.4 -7.7
v -3.4 0.4 -6.8
v -3.4 0.4 -7.7
v -3.4 0.5 -6.8
v -3.4 0.5 -7.7
v -3.3 0.5 -6.8
v -3.3 0.5 -7.7
v -3.3 0.6 -6.8
v -3.3 0.6 -7.7
v -3.2 0.6 -6.8
v -3.2 0.6 -7.7
v -3.2 0.7 -6.8
v -3.2 0.7 -7.7
v -3.1 0.7 -6.8
v -3.1 0.7 -7.7
v -3.1 0.8 -6.8
v -3.1 0.8 -7.7
v -3 0.8 -6.8
v -3 0.8 -7.7
v -3 0.9 -6.8
v -3 0.9 -7.7
v -2.9 0.9 -6.8
v -2.9 0.9 -7.7
v -2.9 1 -6.8
v -2.9 1 -7.7
v -2.8 1 -6.8
v -2.8 1 -7.7
v -2.8 1.1 -6.8
v -2.8 1.1 -7.7
v -2.7 1.1 -6.8
v -2.7 1.1 -7.7
v -2.7 1.2 -6.8
v -2.7 1.2 -7.7
v -2.6 1.2 -6.8
v -2.6 1.2 -7.7
v -2.6 1.3 -6.8
v -2.6 1.3 -7.7
v -2.5 1.3 -6.8
v -2.5 1.3 -7.7
v -2.5 1.4 -6.8
v -2.5 1.4 -7.7
v -2.4 1.4 -6.8
v -2.4 1.4 -7.7
v -2.4 1.5 -6.8
v -2.4 1.5 -7.7
v -2.2 1.5 -6.8
v -2.2 1.5 -7.7
v -2.2 1.7 -6.8
v -2.2 1.7 -7.7
v -2.1 1.7 -6.7
v -2.1 1.7 -7.8
v -2.1 1.8 -6.8
v -2.1 1.8 -6.9
v -2.1 1.8 -7
v -2.1 1.8 -7.5
v -2.1 1.8 -7.6
v -2.1 1.8 -7.7
v -2.1 2.1 -6.8
v -2.1 2.1 -6.9
v -2.1 2.1 -7
v -2.1 2.1 -7.5
v -2.1 2.1 -7.6
v -2.1 2.1 -7.7
v -2.1 3.5 -6.8
v -2.1 3.5 -6.9
v -2.1 3.5 -7
v -2.1 3.5 -7.5
v -2.1 3.5 -7.6
v -2.1 3.5 -7.7
v -2.1 3.6 -6.9
v -2.1 3.6 -7
v -2.1 3.6 -7.1
v -2.1 3.6 -7.4
v -2.1 3.6 -7.5
v -2.1 3.6 -7.6
v -2.1 3.7 -7
v -2.1 3.7 -7.1
v -2.1 3.7 -7.4
v -2.1 3.7 -7.5
v -2.1 3.8 -6.8
v -2.1 3.8 -7.1
v -2.1 3.8 -7.4
v -2.1 3.8 -7.7
v -2.1 3.9 -6.7
v -2.1 3.9 -7.8
v -2 0 -6
v -2 0 -6.2
v -2 0 -8.4
v -2 0 -8.6
v -2 1.5 -6
v -2 1.5 -6.2
v -2 1.5 -8.4
v -2 1.5 -8.6
v -1.8 0 -5.9
v -1.8 0 -6
v -1.8 0 -8.6
v -1.8 0 -8.7
v -1.8 0.2 -8.6
v -1.8 0.2 -8.7
v -1.8 0.5 -8.6
v -1.8 0.5 -8.7
v -1.8 1 -8.6
v -1.8 1 -8.7
v -1.8 1.3 -8.6
v -1.8 1.3 -8.7
v -1.8 1.5 -6
v -1.8 1.5 -8.6
v -1.8 1.7 -6
v -1.8 1.7 -8.6
v -1.8 2 -6
v -1.8 2 -8.6
v -1.8 2.1 -6
v -1.8 2.1 -8.6
v -1.8 2.4 -6
v -1.8 2.4 -8.6
v -1.8 2.5 -6
v -1.8 2.5 -8.6
v -1.8 2.8 -6
v -1.8 2.8 -8.6
v -1.8 2.9 -6
v -1.8 2.9 -8.6
v -1.8 3.2 -6
v -1.8 3.2 -8.6
v -1.8 3.3 -6
v -1.8 3.3 -8.6
v -1.8 3.6 -6
v -1.8 3.6 -8.6
v -1.8 3.7 -6
v -1.8 3.7 -8.6
v -1.8 4 -6
v -1.8 4 -8.6
v -1.8 4.1 -6
v -1.8 4.1 -8.6
v -1.8 4.2 -5.9
v -1.8 4.2 -6
v -1.8 4.2 -8.6
v -1.8 4.2 -8.7
v -1.4 1 -8.6
v -1.4 1 -8.7
v -1.4 1.1 -8.6
v -1.4 1.1 -8.7
v -1.2 0.4 -8.6
v -1.2 0.4 -8.7
v -1.2 0.5 -8.6
v -1.2 0.5 -8.7
v -0.5 0.9 -8.6
v -0.5 0.9 -8.7
v -0.5 1 -8.6
v -0.5 1 -8.7
v -0.2 0.5 -8.6
v -0.2 0.5 -8.7
v -0.2 0.6 -8.6
v -0.2 0.6 -8.7
v 0.2 0.8 -8.6
v 0.2 0.8 -8.7
v 0.2 0.9 -8.6
v 0.2 0.9 -8.7
v 0.3 0.6 -8.6
v 0.3 0.6 -8.7
v 0.3 0.7 -8.6
v 0.3 0.7 -8.7
v 0.8 2.2 -2.6
v 0.8 2.2 -3.8
v 0.8 2.2 -4.4
v 0.8 2.2 -5.6
v 0.8 2.5 -2.7
v 0.8 2.5 -3.7
v 0.8 2.5 -4.5
v 0.8 2.5 -5.5
v 0.8 3.8 -2.7
v 0.8 3.8 -3.7
v 0.8 3.8 -4.5
v 0.8 3.8 -5.5
v 0.8 3.9 -2.6
v 0.8 3.9 -3.8
v 0.8 3.9 -4.4
v 0.8 3.9 -5.6
v 0.9 0 -2.2
v 0.9 0 -2.4
v 0.9 0 -5.8
v 0.9 0 -6
v 0.9 0.2 -2.4
v 0.9 0.2 -5.8
v 0.9 0.4 -2.4
v 0.9 0.4 -2.5
v 0.9 0.4 -2.8
v 0.9 0.4 -5.4
v 0.9 0.4 -5.8
v 0.9 0.5 -2.5
v 0.9 0.5 -2.8
v 0.9 0.5 -3.3
v 0.9 0.5 -4.7
v 0.9 0.5 -5.4
v 0.9 0.5 -5.8
v 0.9 0.6 -2.8
v 0.9 0.6 -3.3
v 0.9 0.6 -3.9
v 0.9 0.6 -4.3
v 0.9 0.6 -4.7
v 0.9 0.6 -5.4
v 0.9 0.7 -3.3
v 0.9 0.7 -3.6
v 0.9 0.7 -3.9
v 0.9 0.7 -4.3
v 0.9 0.7 -4.4
v 0.9 0.7 -4.7
v 0.9 0.8 -3.1
v 0.9 0.8 -3.6
v 0.9 0.8 -4.4
v 0.9 0.8 -4.9
v 0.9 0.9 -2.7
v 0.9 0.9 -3.1
v 0.9 0.9 -3.6
v 0.9 0.9 -4.4
v 0.9 0.9 -4.9
v 0.9 0.9 -5.5
v 0.9 1 -2.4
v 0.9 1 -2.7
v 0.9 1 -3.1
v 0.9 1 -4.9
v 0.9 1 -5.5
v 0.9 1 -5.8
v 0.9 1.1 -2.4
v 0.9 1.1 -2.7
v 0.9 1.1 -5.5
v 0.9 1.1 -5.8
v 0.9 1.3 -2.4
v 0.9 1.3 -5.8
v 0.9 1.5 -2.2
v 0.9 1.5 -2.4
v 0.9 1.5 -5.8
v 0.9 1.5 -6
v 1.1 0 -2.1
v 1.1 0 -2.2
v 1.1 1.5 -2.2
v 1.1 1.7 -2.2
v 1.1 2 -2.2
v 1.1 2.1 -2.2
v 1.1 2.4 -2.2
v 1.1 2.5 -2.2
v 1.1 2.8 -2.2
v 1.1 2.9 -2.2
v 1.1 3.2 -2.2
v 1.1 3.3 -2.2
v 1.1 3.6 -2.2
v 1.1 3.7 -2.2
v 1.1 4 -2.2
v 1.1 4.1 -2.2
v 1.1 4.2 -2.1
v 1.1 4.2 -2.2
v 1.3 0.7 -8.6
v 1.3 0.7 -8.7
v 1.3 0.8 -8.6
v 1.3 0.8 -8.7
v 1.7 0.6 -8.6
v 1.7 0.6 -8.7
v 1.7 0.7 -8.6
v 1.7 0.7 -8.7
v 2 0.8 -8.6
v 2 0.8 -8.7
v 2 0.9 -8.6
v 2 0.9 -8.7
v 2.1 6.7 -2.1
v 2.1 6.7 -2.2
v 2.1 6.7 -2.3
v 2.1 6.7 -2.4
v 2.1 6.7 -2.5
v 2.1 6.7 -2.6
v 2.1 6.7 -2.7
v 2.1 6.7 -2.8
v 2.1 6.7 -2.9
v 2.1 6.7 -3
v 2.1 6.7 -3.1
v 2.1 6.7 -3.2
v 2.1 6.7 -3.3
v 2.1 6.7 -3.5
v 2.1 6.7 -3.6
v 2.1 6.7 -3.7
v 2.1 6.7 -3.8
v 2.1 6.7 -3.9
v 2.1 6.7 -4
v 2.1 6.7 -4.1
v 2.1 6.7 -4.2
v 2.1 6.7 -4.3
v 2.1 6.7 -4.4
v 2.1 6.7 -4.5
v 2.1 6.7 -4.6
v 2.1 6.7 -4.7
v 2.1 6.7 -4.8
v 2.1 6.7 -4.9
v 2.1 6.7 -5
v 2.1 6.7 -5.1
v 2.1 6.7 -5.3
v 2.1 6.7 -5.4
v 2.1 6.7 -5.5
v 2.1 6.7 -5.6
v 2.1 6.7 -5.7
v 2.1 6.7 -5.8
v 2.1 6.7 -5.9
v 2.1 6.7 -6
v 2.1 6.7 -6.1
v 2.1 6.7 -6.2
v 2.1 6.7 -6.3
v 2.1 6.7 -6.4
v 2.1 6.7 -6.5
v 2.1 6.7 -6.6
v 2.1 6.7 -6.7
v 2.1 6.8 -2.2
v 2.1 6.8 -2.3
v 2.1 6.8 -2.4
v 2.1 6.8 -2.5
v 2.1 6.8 -2.8
v 2.1 6.8 -2.9
v 2.1 6.8 -3
v 2.1 6.8 -3.1
v 2.1 6.8 -3.2
v 2.1 6.8 -3.3
v 2.1 6.8 -3.6
v 2.1 6.8 -3.7
v 2.1 6.8 -3.8
v 2.1 6.8 -3.9
v 2.1 6.8 -4
v 2.1 6.8 -4.1
v 2.1 6.8 -4.2
v 2.1 6.8 -4.3
v 2.1 6.8 -4.4
v 2.1 6.8 -4.6
v 2.1 6.8 -4.7
v 2.1 6.8 -4.8
v 2.1 6.8 -4.9
v 2.1 6.8 -5
v 2.1 6.8 -5.1
v 2.1 6.8 -5.2
v 2.1 6.8 -5.3
v 2.1 6.8 -5.4
v 2.1 6.8 -5.5
v 2.1 6.8 -5.6
v 2.1 6.8 -5.7
v 2.1 6.8 -5.8
v 2.1 6.8 -5.9
v 2.1 6.8 -6
v 2.1 6.8 -6.1
v 2.1 6.8 -6.2
v 2.1 6.8 -6.3
v 2.1 6.8 -6.4
v 2.1 6.8 -6.5
v 2.1 6.8 -6.7
v 2.1 6.8 -6.8
v 2.1 6.9 -2.2
v 2.1 6.9 -2.4
v 2.1 6.9 -2.5
v 2.1 6.9 -2.6
v 2.1 6.9 -2.8
v 2.1 6.9 -2.9
v 2.1 6.9 -3
v 2.1 6.9 -3.1
v 2.1 6.9 -3.2
v 2.1 6.9 -3.3
v 2.1 6.9 -3.5
v 2.1 6.9 -3.6
v 2.1 6.9 -3.7
v 2.1 6.9 -3.8
v 2.1 6.9 -3.9
v 2.1 6.9 -4
v 2.1 6.9 -4.1
v 2.1 6.9 -4.2
v 2.1 6.9 -4.5
v 2.1 6.9 -4.6
v 2.1 6.9 -4.7
v 2.1 6.9 -4.8
v 2.1 6.9 -4.9
v 2.1 6.9 -5
v 2.1 6.9 -5.4
v 2.1 6.9 -5.5
v 2.1 6.9 -5.6
v 2.1 6.9 -5.7
v 2.1 6.9 -5.8
v 2.1 6.9 -5.9
v 2.1 6.9 -6
v 2.1 6.9 -6.1
v 2.1 6.9 -6.2
v 2.1 6.9 -6.3
v 2.1 6.9 -6.5
v 2.1 6.9 -6.6
v 2.1 6.9 -6.7
v 2.1 6.9 -6.8
v 2.1 7 -2.1
v 2.1 7 -2.2
v 2.1 7 -2.4
v 2.1 7 -2.5
v 2.1 7 -2.6
v 2.1 7 -2.7
v 2.1 7 -3.1
v 2.1 7 -3.2
v 2.1 7 -3.3
v 2.1 7 -3.5
v 2.1 7 -3.6
v 2.1 7 -3.7
v 2.1 7 -3.8
v 2.1 7 -3.9
v 2.1 7 -4
v 2.1 7 -4.1
v 2.1 7 -4.2
v 2.1 7 -4.3
v 2.1 7 -4.4
v 2.1 7 -4.5
v 2.1 7 -4.6
v 2.1 7 -4.7
v 2.1 7 -4.8
v 2.1 7 -4.9
v 2.1 7 -5
v 2.1 7 -5.2
v 2.1 7 -5.3
v 2.1 7 -5.4
v 2.1 7 -5.5
v 2.1 7 -5.6
v 2.1 7 -5.7
v 2.1 7 -5.8
v 2.1 7 -5.9
v 2.1 7 -6
v 2.1 7 -6.1
v 2.1 7 -6.3
v 2.1 7 -6.4
v 2.1 7 -6.5
v 2.1 7 -6.6
v 2.1 7 -6.7
v 2.1 7 -6.8
v 2.2 6.5 -2.1
v 2.2 6.5 -2.2
v 2.2 6.5 -2.3
v 2.2 6.5 -2.4
v 2.2 6.5 -2.5
v 2.2 6.5 -2.6
v 2.2 6.5 -2.7
v 2.2 6.5 -2.8
v 2.2 6.5 -2.9
v 2.2 6.5 -3
v 2.2 6.5 -3.1
v 2.2 6.5 -3.2
v 2.2 6.5 -3.3
v 2.2 6.5 -3.4
v 2.2 6.5 -3.6
v 2.2 6.5 -3.7
v 2.2 6.5 -3.8
v 2.2 6.5 -3.9
v 2.2 6.5 -4
v 2.2 6.5 -4.1
v 2.2 6.5 -4.2
v 2.2 6.5 -4.3
v 2.2 6.5 -4.4
v 2.2 6.5 -4.5
v 2.2 6.5 -4.6
v 2.2 6.5 -4.7
v 2.2 6.5 -4.8
v 2.2 6.5 -4.9
v 2.2 6.5 -5.1
v 2.2 6.5 -5.2
v 2.2 6.5 -5.3
v 2.2 6.5 -5.4
v 2.2 6.5 -5.6
v 2.2 6.5 -5.7
v 2.2 6.5 -5.8
v 2.2 6.5 -5.9
v 2.2 6.5 -6
v 2.2 6.5 -6.1
v 2.2 6.5 -6.3
v 2.2 6.5 -6.4
v 2.2 6.5 -6.5
v 2.2 6.5 -6.6
v 2.2 6.6 -2.2
v 2.2 6.6 -2.3
v 2.2 6.6 -2.8
v 2.2 6.6 -2.9
v 2.2 6.6 -3.2
v 2.2 6.6 -3.3
v 2.2 6.6 -3.5
v 2.2 6.6 -3.6
v 2.2 6.6 -3.9
v 2.2 6.6 -4
v 2.2 6.6 -4.3
v 2.2 6.6 -4.4
v 2.2 6.6 -4.5
v 2.2 6.6 -4.6
v 2.2 6.6 -4.7
v 2.2 6.6 -4.8
v 2.2 6.6 -5
v 2.2 6.6 -5.1
v 2.2 6.6 -5.2
v 2.2 6.6 -5.5
v 2.2 6.6 -5.6
v 2.2 6.6 -5.7
v 2.2 6.6 -5.8
v 2.2 6.6 -5.9
v 2.2 6.6 -6
v 2.2 6.6 -6.1
v 2.2 6.6 -6.2
v 2.2 6.6 -6.6
v 2.2 6.6 -6.7
v 2.2 6.7 -2.1
v 2.2 6.7 -2.2
v 2.2 6.7 -2.3
v 2.2 6.7 -2.5
v 2.2 6.7 -2.6
v 2.2 6.7 -2.7
v 2.2 6.7 -2.8
v 2.2 6.7 -2.9
v 2.2 6.7 -3
v 2.2 6.7 -3.1
v 2.2 6.7 -3.2
v 2.2 6.7 -3.3
v 2.2 6.7 -3.5
v 2.2 6.7 -3.6
v 2.2 6.7 -3.7
v 2.2 6.7 -3.8
v 2.2 6.7 -3.9
v 2.2 6.7 -4
v 2.2 6.7 -4.2
v 2.2 6.7 -4.3
v 2.2 6.7 -4.4
v 2.2 6.7 -4.5
v 2.2 6.7 -4.6
v 2.2 6.7 -4.7
v 2.2 6.7 -4.8
v 2.2 6.7 -5
v 2.2 6.7 -5.1
v 2.2 6.7 -5.3
v 2.2 6.7 -5.4
v 2.2 6.7 -5.5
v 2.2 6.7 -5.6
v 2.2 6.7 -5.7
v 2.2 6.7 -5.8
v 2.2 6.7 -5.9
v 2.2 6.7 -6
v 2.2 6.7 -6.1
v 2.2 6.7 -6.2
v 2.2 6.7 -6.3
v 2.2 6.7 -6.4
v 2.2 6.7 -6.5
v 2.2 6.7 -6.6
v 2.2 6.7 -6.7
v 2.3 6.3 -2.1
v 2.3 6.3 -2.2
v 2.3 6.3 -2.3
v 2.3 6.3 -2.5
v 2.3 6.3 -2.6
v 2.3 6.3 -2.7
v 2.3 6.3 -2.8
v 2.3 6.3 -3
v 2.3 6.3 -3.1
v 2.3 6.3 -3.2
v 2.3 6.3 -3.3
v 2.3 6.3 -3.4
v 2.3 6.3 -3.6
v 2.3 6.3 -3.7
v 2.3 6.3 -3.8
v 2.3 6.3 -3.9
v 2.3 6.3 -4
v 2.3 6.3 -4.1
v 2.3 6.3 -4.2
v 2.3 6.3 -4.3
v 2.3 6.3 -4.4
v 2.3 6.3 -4.5
v 2.3 6.3 -4.7
v 2.3 6.3 -4.8
v 2.3 6.3 -4.9
v 2.3 6.3 -5
v 2.3 6.3 -5.1
v 2.3 6.3 -5.2
v 2.3 6.3 -5.3
v 2.3 6.3 -5.4
v 2.3 6.3 -5.5
v 2.3 6.3 -5.6
v 2.3 6.3 -5.7
v 2.3 6.3 -5.8
v 2.3 6.3 -5.9
v 2.3 6.3 -6
v 2.3 6.3 -6.1
v 2.3 6.3 -6.2
v 2.3 6.3 -6.3
v 2.3 6.3 -6.4
v 2.3 6.3 -6.5
v 2.3 6.3 -6.6
v 2.3 6.4 -2.3
v 2.3 6.4 -2.4
v 2.3 6.4 -2.5
v 2.3 6.4 -2.6
v 2.3 6.4 -2.9
v 2.3 6.4 -3
v 2.3 6.4 -3.1
v 2.3 6.4 -3.3
v 2.3 6.4 -3.4
v 2.3 6.4 -3.6
v 2.3 6.4 -3.7
v 2.3 6.4 -3.8
v 2.3 6.4 -3.9
v 2.3 6.4 -4
v 2.3 6.4 -4.1
v 2.3 6.4 -4.2
v 2.3 6.4 -4.3
v 2.3 6.4 -4.4
v 2.3 6.4 -4.5
v 2.3 6.4 -4.6
v 2.3 6.4 -4.7
v 2.3 6.4 -4.8
v 2.3 6.4 -4.9
v 2.3 6.4 -5
v 2.3 6.4 -5.1
v 2.3 6.4 -5.2
v 2.3 6.4 -5.3
v 2.3 6.4 -5.6
v 2.3 6.4 -5.7
v 2.3 6.4 -5.8
v 2.3 6.4 -5.9
v 2.3 6.4 -6
v 2.3 6.4 -6.1
v 2.3 6.4 -6.3
v 2.3 6.4 -6.4
v 2.3 6.4 -6.6
v 2.3 6.5 -2.1
v 2.3 6.5 -2.2
v 2.3 6.5 -2.4
v 2.3 6.5 -2.5
v 2.3 6.5 -2.6
v 2.3 6.5 -2.7
v 2.3 6.5 -2.8
v 2.3 6.5 -2.9
v 2.3 6.5 -3
v 2.3 6.5 -3.1
v 2.3 6.5 -3.2
v 2.3 6.5 -3.3
v 2.3 6.5 -3.4
v 2.3 6.5 -3.6
v 2.3 6.5 -3.7
v 2.3 6.5 -3.8
v 2.3 6.5 -3.9
v 2.3 6.5 -4
v 2.3 6.5 -4.1
v 2.3 6.5 -4.2
v 2.3 6.5 -4.3
v 2.3 6.5 -4.5
v 2.3 6.5 -4.6
v 2.3 6.5 -4.7
v 2.3 6.5 -4.8
v 2.3 6.5 -4.9
v 2.3 6.5 -5.1
v 2.3 6.5 -5.2
v 2.3 6.5 -5.3
v 2.3 6.5 -5.4
v 2.3 6.5 -5.6
v 2.3 6.5 -5.7
v 2.3 6.5 -5.8
v 2.3 6.5 -5.9
v 2.3 6.5 -6.3
v 2.3 6.5 -6.4
v 2.3 6.5 -6.6
v 2.4 0.5 -8.6
v 2.4 0.5 -8.7
v 2.4 0.6 -8.6
v 2.4 0.6 -8.7
v 2.4 6.2 -2.1
v 2.4 6.2 -2.2
v 2.4 6.2 -2.3
v 2.4 6.2 -2.4
v 2.4 6.2 -2.5
v 2.4 6.2 -2.6
v 2.4 6.2 -2.7
v 2.4 6.2 -2.8
v 2.4 6.2 -2.9
v 2.4 6.2 -3
v 2.4 6.2 -3.1
v 2.4 6.2 -3.2
v 2.4 6.2 -3.3
v 2.4 6.2 -3.4
v 2.4 6.2 -3.5
v 2.4 6.2 -3.6
v 2.4 6.2 -3.7
v 2.4 6.2 -3.8
v 2.4 6.2 -4
v 2.4 6.2 -4.1
v 2.4 6.2 -4.2
v 2.4 6.2 -4.3
v 2.4 6.2 -4.4
v 2.4 6.2 -4.5
v 2.4 6.2 -4.6
v 2.4 6.2 -4.7
v 2.4 6.2 -4.8
v 2.4 6.2 -4.9
v 2.4 6.2 -5
v 2.4 6.2 -5.1
v 2.4 6.2 -5.2
v 2.4 6.2 -5.3
v 2.4 6.2 -5.4
v 2.4 6.2 -5.5
v 2.4 6.2 -5.6
v 2.4 6.2 -5.7
v 2.4 6.2 -5.8
v 2.4 6.2 -5.9
v 2.4 6.2 -6
v 2.4 6.2 -6.1
v 2.4 6.2 -6.2
v 2.4 6.2 -6.3
v 2.4 6.2 -6.4
v 2.4 6.2 -6.5
v 2.4 6.2 -6.6
v 2.4 6.3 -2.1
v 2.4 6.3 -2.2
v 2.4 6.3 -2.3
v 2.4 6.3 -2.6
v 2.4 6.3 -2.7
v 2.4 6.3 -2.8
v 2.4 6.3 -3
v 2.4 6.3 -3.1
v 2.4 6.3 -3.2
v 2.4 6.3 -3.3
v 2.4 6.3 -3.4
v 2.4 6.3 -3.6
v 2.4 6.3 -3.7
v 2.4 6.3 -4.2
v 2.4 6.3 -4.3
v 2.4 6.3 -4.7
v 2.4 6.3 -4.8
v 2.4 6.3 -4.9
v 2.4 6.3 -5
v 2.4 6.3 -5.1
v 2.4 6.3 -5.2
v 2.4 6.3 -5.3
v 2.4 6.3 -5.4
v 2.4 6.3 -5.5
v 2.4 6.3 -5.6
v 2.4 6.3 -5.8
v 2.4 6.3 -5.9
v 2.4 6.3 -6.1
v 2.4 6.3 -6.2
v 2.4 6.3 -6.3
v 2.4 6.3 -6.4
v 2.4 6.3 -6.5
v 2.4 6.3 -6.6
v 2.5 6 -2.1
v 2.5 6 -2.2
v 2.5 6 -2.3
v 2.5 6 -2.4
v 2.5 6 -2.5
v 2.5 6 -2.6
v 2.5 6 -2.7
v 2.5 6 -2.8
v 2.5 6 -2.9
v 2.5 6 -3
v 2.5 6 -3.1
v 2.5 6 -3.2
v 2.5 6 -3.3
v 2.5 6 -3.4
v 2.5 6 -3.6
v 2.5 6 -3.7
v 2.5 6 -3.9
v 2.5 6 -4
v 2.5 6 -4.1
v 2.5 6 -4.2
v 2.5 6 -4.3
v 2.5 6 -4.4
v 2.5 6 -4.5
v 2.5 6 -4.6
v 2.5 6 -4.7
v 2.5 6 -4.8
v 2.5 6 -4.9
v 2.5 6 -5
v 2.5 6 -5.1
v 2.5 6 -5.2
v 2.5 6 -5.3
v 2.5 6 -5.4
v 2.5 6 -5.5
v 2.5 6 -5.6
v 2.5 6 -5.7
v 2.5 6 -5.8
v 2.5 6 -5.9
v 2.5 6 -6
v 2.5 6 -6.2
v 2.5 6 -6.3
v 2.5 6 -6.4
v 2.5 6 -6.5
v 2.5 6.1 -2.2
v 2.5 6.1 -2.3
v 2.5 6.1 -2.4
v 2.5 6.1 -2.5
v 2.5 6.1 -2.6
v 2.5 6.1 -2.7
v 2.5 6.1 -2.8
v 2.5 6.1 -2.9
v 2.5 6.1 -3.2
v 2.5 6.1 -3.3
v 2.5 6.1 -3.5
v 2.5 6.1 -3.6
v 2.5 6.1 -3.7
v 2.5 6.1 -3.8
v 2.5 6.1 -4
v 2.5 6.1 -4.1
v 2.5 6.1 -4.2
v 2.5 6.1 -4.3
v 2.5 6.1 -4.4
v 2.5 6.1 -4.5
v 2.5 6.1 -4.6
v 2.5 6.1 -4.7
v 2.5 6.1 -4.8
v 2.5 6.1 -4.9
v 2.5 6.1 -5
v 2.5 6.1 -5.2
v 2.5 6.1 -5.3
v 2.5 6.1 -5.5
v 2.5 6.1 -5.6
v 2.5 6.1 -5.7
v 2.5 6.1 -5.8
v 2.5 6.1 -5.9
v 2.5 6.1 -6
v 2.5 6.1 -6.2
v 2.5 6.1 -6.3
v 2.5 6.1 -6.5
v 2.5 6.2 -2.1
v 2.5 6.2 -2.2
v 2.5 6.2 -2.3
v 2.5 6.2 -2.4
v 2.5 6.2 -2.5
v 2.5 6.2 -2.6
v 2.5 6.2 -2.7
v 2.5 6.2 -2.8
v 2.5 6.2 -2.9
v 2.5 6.2 -3
v 2.5 6.2 -3.1
v 2.5 6.2 -3.2
v 2.5 6.2 -3.3
v 2.5 6.2 -3.4
v 2.5 6.2 -3.5
v 2.5 6.2 -3.6
v 2.5 6.2 -3.7
v 2.5 6.2 -3.8
v 2.5 6.2 -4
v 2.5 6.2 -4.1
v 2.5 6.2 -4.2
v 2.5 6.2 -4.3
v 2.5 6.2 -4.4
v 2.5 6.2 -4.5
v 2.5 6.2 -4.6
v 2.5 6.2 -4.7
v 2.5 6.2 -4.8
v 2.5 6.2 -5
v 2.5 6.2 -5.2
v 2.5 6.2 -5.3
v 2.5 6.2 -5.4
v 2.5 6.2 -5.7
v 2.5 6.2 -5.8
v 2.5 6.2 -5.9
v 2.5 6.2 -6
v 2.5 6.2 -6.2
v 2.5 6.2 -6.3
v 2.5 6.2 -6.4
v 2.5 6.2 -6.5
v 2.6 0.9 -8.6
v 2.6 0.9 -8.7
v 2.6 1 -8.6
v 2.6 1 -8.7
v 2.6 5.7 -2.1
v 2.6 5.7 -2.2
v 2.6 5.7 -2.3
v 2.6 5.7 -2.4
v 2.6 5.7 -2.5
v 2.6 5.7 -2.6
v 2.6 5.7 -2.7
v 2.6 5.7 -2.9
v 2.6 5.7 -3.1
v 2.6 5.7 -3.2
v 2.6 5.7 -3.3
v 2.6 5.7 -3.4
v 2.6 5.7 -3.5
v 2.6 5.7 -3.6
v 2.6 5.7 -3.7
v 2.6 5.7 -3.8
v 2.6 5.7 -3.9
v 2.6 5.7 -4.1
v 2.6 5.7 -4.2
v 2.6 5.7 -4.3
v 2.6 5.7 -4.4
v 2.6 5.7 -4.6
v 2.6 5.7 -4.7
v 2.6 5.7 -4.8
v 2.6 5.7 -4.9
v 2.6 5.7 -5
v 2.6 5.7 -5.1
v 2.6 5.7 -5.2
v 2.6 5.7 -5.3
v 2.6 5.7 -5.4
v 2.6 5.7 -5.6
v 2.6 5.7 -5.8
v 2.6 5.7 -5.9
v 2.6 5.7 -6.1
v 2.6 5.7 -6.2
v 2.6 5.7 -6.3
v 2.6 5.7 -6.4
v 2.6 5.8 -2.3
v 2.6 5.8 -2.4
v 2.6 5.8 -2.5
v 2.6 5.8 -2.8
v 2.6 5.8 -2.9
v 2.6 5.8 -3
v 2.6 5.8 -3.1
v 2.6 5.8 -3.2
v 2.6 5.8 -3.3
v 2.6 5.8 -3.4
v 2.6 5.8 -3.5
v 2.6 5.8 -3.6
v 2.6 5.8 -3.8
v 2.6 5.8 -3.9
v 2.6 5.8 -4
v 2.6 5.8 -4.1
v 2.6 5.8 -4.2
v 2.6 5.8 -4.4
v 2.6 5.8 -4.6
v 2.6 5.8 -4.7
v 2.6 5.8 -4.9
v 2.6 5.8 -5
v 2.6 5.8 -5.4
v 2.6 5.8 -5.5
v 2.6 5.8 -5.7
v 2.6 5.8 -5.8
v 2.6 5.8 -5.9
v 2.6 5.8 -6
v 2.6 5.8 -6.1
v 2.6 5.8 -6.2
v 2.6 5.8 -6.4
v 2.6 5.9 -2.2
v 2.6 5.9 -2.3
v 2.6 5.9 -2.4
v 2.6 5.9 -2.5
v 2.6 5.9 -2.7
v 2.6 5.9 -2.8
v 2.6 5.9 -2.9
v 2.6 5.9 -3
v 2.6 5.9 -3.2
v 2.6 5.9 -3.3
v 2.6 5.9 -3.6
v 2.6 5.9 -3.7
v 2.6 5.9 -3.8
v 2.6 5.9 -3.9
v 2.6 5.9 -4
v 2.6 5.9 -4.1
v 2.6 5.9 -4.2
v 2.6 5.9 -4.3
v 2.6 5.9 -4.4
v 2.6 5.9 -4.6
v 2.6 5.9 -4.7
v 2.6 5.9 -4.8
v 2.6 5.9 -5
v 2.6 5.9 -5.1
v 2.6 5.9 -5.2
v 2.6 5.9 -5.3
v 2.6 5.9 -5.4
v 2.6 5.9 -5.5
v 2.6 5.9 -5.6
v 2.6 5.9 -5.7
v 2.6 5.9 -5.8
v 2.6 5.9 -5.9
v 2.6 5.9 -6
v 2.6 5.9 -6.1
v 2.6 5.9 -6.2
v 2.6 5.9 -6.3
v 2.6 6 -2.1
v 2.6 6 -2.2
v 2.6 6 -2.3
v 2.6 6 -2.4
v 2.6 6 -2.5
v 2.6 6 -2.6
v 2.6 6 -2.7
v 2.6 6 -2.8
v 2.6 6 -3
v 2.6 6 -3.1
v 2.6 6 -3.2
v 2.6 6 -3.3
v 2.6 6 -3.6
v 2.6 6 -3.7
v 2.6 6 -3.9
v 2.6 6 -4
v 2.6 6 -4.1
v 2.6 6 -4.2
v 2.6 6 -4.3
v 2.6 6 -4.4
v 2.6 6 -4.6
v 2.6 6 -4.7
v 2.6 6 -4.8
v 2.6 6 -5
v 2.6 6 -5.1
v 2.6 6 -5.3
v 2.6 6 -5.4
v 2.6 6 -5.5
v 2.6 6 -5.6
v 2.6 6 -5.7
v 2.6 6 -5.8
v 2.6 6 -5.9
v 2.6 6 -6
v 2.6 6 -6.2
v 2.6 6 -6.3
v 2.6 6 -6.4
v 2.7 5.6 -2.1
v 2.7 5.6 -2.2
v 2.7 5.6 -2.3
v 2.7 5.6 -2.4
v 2.7 5.6 -2.5
v 2.7 5.6 -2.6
v 2.7 5.6 -2.7
v 2.7 5.6 -2.9
v 2.7 5.6 -3
v 2.7 5.6 -3.1
v 2.7 5.6 -3.2
v 2.7 5.6 -3.3
v 2.7 5.6 -3.4
v 2.7 5.6 -3.6
v 2.7 5.6 -3.7
v 2.7 5.6 -3.8
v 2.7 5.6 -3.9
v 2.7 5.6 -4.1
v 2.7 5.6 -4.2
v 2.7 5.6 -4.3
v 2.7 5.6 -4.4
v 2.7 5.6 -4.6
v 2.7 5.6 -4.7
v 2.7 5.6 -4.8
v 2.7 5.6 -4.9
v 2.7 5.6 -5.1
v 2.7 5.6 -5.2
v 2.7 5.6 -5.3
v 2.7 5.6 -5.4
v 2.7 5.6 -5.6
v 2.7 5.6 -5.7
v 2.7 5.6 -5.8
v 2.7 5.6 -5.9
v 2.7 5.6 -6
v 2.7 5.6 -6.1
v 2.7 5.6 -6.2
v 2.7 5.6 -6.3
v 2.7 5.6 -6.4
v 2.7 5.7 -2.1
v 2.7 5.7 -2.2
v 2.7 5.7 -2.3
v 2.7 5.7 -2.4
v 2.7 5.7 -2.5
v 2.7 5.7 -2.6
v 2.7 5.7 -2.7
v 2.7 5.7 -2.9
v 2.7 5.7 -3.1
v 2.7 5.7 -3.2
v 2.7 5.7 -3.4
v 2.7 5.7 -3.6
v 2.7 5.7 -3.7
v 2.7 5.7 -3.9
v 2.7 5.7 -4.1
v 2.7 5.7 -4.2
v 2.7 5.7 -4.3
v 2.7 5.7 -4.4
v 2.7 5.7 -4.7
v 2.7 5.7 -4.8
v 2.7 5.7 -4.9
v 2.7 5.7 -5.1
v 2.7 5.7 -5.2
v 2.7 5.7 -5.3
v 2.7 5.7 -5.4
v 2.7 5.7 -5.6
v 2.7 5.7 -5.8
v 2.7 5.7 -5.9
v 2.7 5.7 -6.1
v 2.7 5.7 -6.2
v 2.7 5.7 -6.3
v 2.7 5.7 -6.4
v 2.8 5.3 -2.1
v 2.8 5.3 -2.2
v 2.8 5.3 -2.4
v 2.8 5.3 -2.5
v 2.8 5.3 -2.6
v 2.8 5.3 -2.7
v 2.8 5.3 -2.8
v 2.8 5.3 -2.9
v 2.8 5.3 -3
v 2.8 5.3 -3.1
v 2.8 5.3 -3.2
v 2.8 5.3 -3.4
v 2.8 5.3 -3.5
v 2.8 5.3 -3.6
v 2.8 5.3 -3.7
v 2.8 5.3 -3.8
v 2.8 5.3 -3.9
v 2.8 5.3 -4
v 2.8 5.3 -4.1
v 2.8 5.3 -4.2
v 2.8 5.3 -4.3
v 2.8 5.3 -4.4
v 2.8 5.3 -4.5
v 2.8 5.3 -4.6
v 2.8 5.3 -4.7
v 2.8 5.3 -4.8
v 2.8 5.3 -4.9
v 2.8 5.3 -5
v 2.8 5.3 -5.1
v 2.8 5.3 -5.2
v 2.8 5.3 -5.3
v 2.8 5.3 -5.4
v 2.8 5.3 -5.5
v 2.8 5.3 -5.6
v 2.8 5.3 -5.7
v 2.8 5.3 -5.8
v 2.8 5.3 -5.9
v 2.8 5.3 -6.1
v 2.8 5.3 -6.2
v 2.8 5.4 -2.3
v 2.8 5.4 -2.4
v 2.8 5.4 -2.5
v 2.8 5.4 -2.6
v 2.8 5.4 -2.8
v 2.8 5.4 -2.9
v 2.8 5.4 -3.2
v 2.8 5.4 -3.4
v 2.8 5.4 -3.5
v 2.8 5.4 -3.6
v 2.8 5.4 -3.7
v 2.8 5.4 -3.8
v 2.8 5.4 -3.9
v 2.8 5.4 -4.3
v 2.8 5.4 -4.4
v 2.8 5.4 -4.5
v 2.8 5.4 -4.6
v 2.8 5.4 -4.8
v 2.8 5.4 -4.9
v 2.8 5.4 -5
v 2.8 5.4 -5.1
v 2.8 5.4 -5.4
v 2.8 5.4 -5.5
v 2.8 5.4 -5.7
v 2.8 5.4 -6
v 2.8 5.4 -6.1
v 2.8 5.4 -6.2
v 2.8 5.4 -6.3
v 2.8 5.5 -2.2
v 2.8 5.5 -2.3
v 2.8 5.5 -2.5
v 2.8 5.5 -2.8
v 2.8 5.5 -2.9
v 2.8 5.5 -3
v 2.8 5.5 -3.2
v 2.8 5.5 -3.3
v 2.8 5.5 -3.4
v 2.8 5.5 -3.5
v 2.8 5.5 -3.6
v 2.8 5.5 -3.7
v 2.8 5.5 -3.8
v 2.8 5.5 -3.9
v 2.8 5.5 -4
v 2.8 5.5 -4.4
v 2.8 5.5 -4.6
v 2.8 5.5 -4.7
v 2.8 5.5 -4.8
v 2.8 5.5 -4.9
v 2.8 5.5 -5
v 2.8 5.5 -5.4
v 2.8 5.5 -5.5
v 2.8 5.5 -5.7
v 2.8 5.5 -5.8
v 2.8 5.5 -5.9
v 2.8 5.5 -6
v 2.8 5.5 -6.2
v 2.8 5.5 -6.3
v 2.8 5.6 -2.1
v 2.8 5.6 -2.2
v 2.8 5.6 -2.3
v 2.8 5.6 -2.5
v 2.8 5.6 -2.6
v 2.8 5.6 -2.7
v 2.8 5.6 -2.9
v 2.8 5.6 -3
v 2.8 5.6 -3.1
v 2.8 5.6 -3.2
v 2.8 5.6 -3.3
v 2.8 5.6 -3.4
v 2.8 5.6 -3.6
v 2.8 5.6 -3.7
v 2.8 5.6 -3.8
v 2.8 5.6 -3.9
v 2.8 5.6 -4.1
v 2.8 5.6 -4.2
v 2.8 5.6 -4.3
v 2.8 5.6 -4.4
v 2.8 5.6 -4.6
v 2.8 5.6 -4.7
v 2.8 5.6 -4.8
v 2.8 5.6 -4.9
v 2.8 5.6 -5.1
v 2.8 5.6 -5.2
v 2.8 5.6 -5.3
v 2.8 5.6 -5.4
v 2.8 5.6 -5.7
v 2.8 5.6 -5.8
v 2.8 5.6 -5.9
v 2.8 5.6 -6
v 2.8 5.6 -6.1
v 2.8 5.6 -6.2
v 2.8 5.6 -6.3
v 2.9 0.4 -8.6
v 2.9 0.4 -8.7
v 2.9 0.5 -8.6
v 2.9 0.5 -8.7
v 2.9 4.9 -2.1
v 2.9 4.9 -2.2
v 2.9 4.9 -2.3
v 2.9 4.9 -2.4
v 2.9 4.9 -2.5
v 2.9 4.9 -2.6
v 2.9 4.9 -2.7
v 2.9 4.9 -2.8
v 2.9 4.9 -3
v 2.9 4.9 -3.1
v 2.9 4.9 -3.2
v 2.9 4.9 -3.3
v 2.9 4.9 -3.4
v 2.9 4.9 -3.5
v 2.9 4.9 -3.6
v 2.9 4.9 -3.7
v 2.9 4.9 -3.8
v 2.9 4.9 -3.9
v 2.9 4.9 -4
v 2.9 4.9 -4.1
v 2.9 4.9 -4.2
v 2.9 4.9 -4.3
v 2.9 4.9 -4.4
v 2.9 4.9 -4.5
v 2.9 4.9 -4.6
v 2.9 4.9 -4.7
v 2.9 4.9 -4.8
v 2.9 4.9 -4.9
v 2.9 4.9 -5
v 2.9 4.9 -5.1
v 2.9 4.9 -5.2
v 2.9 4.9 -5.3
v 2.9 4.9 -5.4
v 2.9 4.9 -5.5
v 2.9 4.9 -5.6
v 2.9 4.9 -5.7
v 2.9 4.9 -5.8
v 2.9 4.9 -5.9
v 2.9 4.9 -6
v 2.9 4.9 -6.1
v 2.9 5 -2.2
v 2.9 5 -2.3
v 2.9 5 -2.4
v 2.9 5 -2.5
v 2.9 5 -2.6
v 2.9 5 -2.7
v 2.9 5 -2.8
v 2.9 5 -2.9
v 2.9 5 -3
v 2.9 5 -3.3
v 2.9 5 -3.4
v 2.9 5 -3.5
v 2.9 5 -3.6
v 2.9 5 -3.7
v 2.9 5 -3.8
v 2.9 5 -3.9
v 2.9 5 -4
v 2.9 5 -4.1
v 2.9 5 -4.2
v 2.9 5 -4.5
v 2.9 5 -4.6
v 2.9 5 -4.7
v 2.9 5 -4.8
v 2.9 5 -4.9
v 2.9 5 -5.1
v 2.9 5 -5.2
v 2.9 5 -5.3
v 2.9 5 -5.5
v 2.9 5 -5.6
v 2.9 5 -5.7
v 2.9 5 -6
v 2.9 5 -6.1
v 2.9 5.1 -2.2
v 2.9 5.1 -2.3
v 2.9 5.1 -2.4
v 2.9 5.1 -2.5
v 2.9 5.1 -2.6
v 2.9 5.1 -2.7
v 2.9 5.1 -2.8
v 2.9 5.1 -2.9
v 2.9 5.1 -3
v 2.9 5.1 -3.1
v 2.9 5.1 -3.2
v 2.9 5.1 -3.3
v 2.9 5.1 -3.4
v 2.9 5.1 -3.5
v 2.9 5.1 -3.9
v 2.9 5.1 -4
v 2.9 5.1 -4.1
v 2.9 5.1 -4.2
v 2.9 5.1 -4.3
v 2.9 5.1 -4.4
v 2.9 5.1 -4.5
v 2.9 5.1 -4.6
v 2.9 5.1 -4.7
v 2.9 5.1 -4.9
v 2.9 5.1 -5
v 2.9 5.1 -5.1
v 2.9 5.1 -5.2
v 2.9 5.1 -5.3
v 2.9 5.1 -5.4
v 2.9 5.1 -5.5
v 2.9 5.1 -5.6
v 2.9 5.1 -6
v 2.9 5.1 -6.1
v 2.9 5.2 -2.3
v 2.9 5.2 -2.4
v 2.9 5.2 -2.7
v 2.9 5.2 -2.8
v 2.9 5.2 -2.9
v 2.9 5.2 -3
v 2.9 5.2 -3.1
v 2.9 5.2 -3.2
v 2.9 5.2 -3.3
v 2.9 5.2 -3.4
v 2.9 5.2 -3.5
v 2.9 5.2 -3.6
v 2.9 5.2 -3.7
v 2.9 5.2 -3.8
v 2.9 5.2 -3.9
v 2.9 5.2 -4
v 2.9 5.2 -4.1
v 2.9 5.2 -4.2
v 2.9 5.2 -4.3
v 2.9 5.2 -4.4
v 2.9 5.2 -4.5
v 2.9 5.2 -4.6
v 2.9 5.2 -4.9
v 2.9 5.2 -5
v 2.9 5.2 -5.1
v 2.9 5.2 -5.2
v 2.9 5.2 -5.3
v 2.9 5.2 -5.4
v 2.9 5.2 -5.5
v 2.9 5.2 -5.6
v 2.9 5.2 -5.7
v 2.9 5.2 -5.8
v 2.9 5.2 -6
v 2.9 5.2 -6.1
v 2.9 5.2 -6.2
v 2.9 5.3 -2.1
v 2.9 5.3 -2.2
v 2.9 5.3 -2.4
v 2.9 5.3 -2.5
v 2.9 5.3 -2.6
v 2.9 5.3 -2.7
v 2.9 5.3 -2.8
v 2.9 5.3 -2.9
v 2.9 5.3 -3
v 2.9 5.3 -3.1
v 2.9 5.3 -3.2
v 2.9 5.3 -3.4
v 2.9 5.3 -3.5
v 2.9 5.3 -3.6
v 2.9 5.3 -3.7
v 2.9 5.3 -3.8
v 2.9 5.3 -3.9
v 2.9 5.3 -4
v 2.9 5.3 -4.1
v 2.9 5.3 -4.2
v 2.9 5.3 -4.3
v 2.9 5.3 -4.7
v 2.9 5.3 -4.8
v 2.9 5.3 -4.9
v 2.9 5.3 -5
v 2.9 5.3 -5.2
v 2.9 5.3 -5.3
v 2.9 5.3 -5.4
v 2.9 5.3 -5.6
v 2.9 5.3 -5.7
v 2.9 5.3 -5.8
v 2.9 5.3 -5.9
v 2.9 5.3 -6.1
v 2.9 5.3 -6.2
v 3 4.7 -2.1
v 3 4.7 -2.2
v 3 4.7 -2.4
v 3 4.7 -2.5
v 3 4.7 -2.6
v 3 4.7 -2.7
v 3 4.7 -2.8
v 3 4.7 -2.9
v 3 4.7 -3
v 3 4.7 -3.1
v 3 4.7 -3.2
v 3 4.7 -3.3
v 3 4.7 -3.4
v 3 4.7 -3.5
v 3 4.7 -3.6
v 3 4.7 -3.7
v 3 4.7 -3.8
v 3 4.7 -3.9
v 3 4.7 -4
v 3 4.7 -4.1
v 3 4.7 -4.2
v 3 4.7 -4.3
v 3 4.7 -4.5
v 3 4.7 -4.6
v 3 4.7 -4.7
v 3 4.7 -4.8
v 3 4.7 -4.9
v 3 4.7 -5
v 3 4.7 -5.1
v 3 4.7 -5.2
v 3 4.7 -5.3
v 3 4.7 -5.4
v 3 4.7 -5.5
v 3 4.7 -5.6
v 3 4.7 -5.7
v 3 4.7 -5.8
v 3 4.7 -5.9
v 3 4.7 -6
v 3 4.8 -2.3
v 3 4.8 -2.4
v 3 4.8 -2.5
v 3 4.8 -2.7
v 3 4.8 -2.8
v 3 4.8 -2.9
v 3 4.8 -3
v 3 4.8 -3.1
v 3 4.8 -3.4
v 3 4.8 -3.5
v 3 4.8 -3.6
v 3 4.8 -3.7
v 3 4.8 -3.8
v 3 4.8 -3.9
v 3 4.8 -4
v 3 4.8 -4.1
v 3 4.8 -4.2
v 3 4.8 -4.3
v 3 4.8 -4.4
v 3 4.8 -4.5
v 3 4.8 -4.6
v 3 4.8 -4.7
v 3 4.8 -5
v 3 4.8 -5.1
v 3 4.8 -5.2
v 3 4.8 -5.4
v 3 4.8 -5.5
v 3 4.8 -5.7
v 3 4.8 -5.8
v 3 4.8 -5.9
v 3 4.8 -6
v 3 4.9 -2.1
v 3 4.9 -2.2
v 3 4.9 -2.3
v 3 4.9 -2.5
v 3 4.9 -2.6
v 3 4.9 -2.7
v 3 4.9 -2.8
v 3 4.9 -3
v 3 4.9 -3.1
v 3 4.9 -3.2
v 3 4.9 -3.3
v 3 4.9 -3.4
v 3 4.9 -3.5
v 3 4.9 -3.6
v 3 4.9 -3.7
v 3 4.9 -3.8
v 3 4.9 -3.9
v 3 4.9 -4
v 3 4.9 -4.1
v 3 4.9 -4.2
v 3 4.9 -4.3
v 3 4.9 -4.4
v 3 4.9 -4.5
v 3 4.9 -4.6
v 3 4.9 -4.7
v 3 4.9 -4.8
v 3 4.9 -4.9
v 3 4.9 -5.2
v 3 4.9 -5.3
v 3 4.9 -5.4
v 3 4.9 -5.5
v 3 4.9 -5.6
v 3 4.9 -5.7
v 3 4.9 -5.8
v 3 4.9 -5.9
v 3 4.9 -6
v 3.1 4.6 -2.1
v 3.1 4.6 -2.2
v 3.1 4.6 -2.3
v 3.1 4.6 -2.4
v 3.1 4.6 -2.5
v 3.1 4.6 -2.6
v 3.1 4.6 -2.7
v 3.1 4.6 -2.8
v 3.1 4.6 -3
v 3.1 4.6 -3.1
v 3.1 4.6 -3.2
v 3.1 4.6 -3.3
v 3.1 4.6 -3.4
v 3.1 4.6 -3.5
v 3.1 4.6 -3.6
v 3.1 4.6 -3.7
v 3.1 4.6 -3.8
v 3.1 4.6 -3.9
v 3.1 4.6 -4.1
v 3.1 4.6 -4.2
v 3.1 4.6 -4.3
v 3.1 4.6 -4.5
v 3.1 4.6 -4.6
v 3.1 4.6 -4.7
v 3.1 4.6 -4.8
v 3.1 4.6 -4.9
v 3.1 4.6 -5
v 3.1 4.6 -5.1
v 3.1 4.6 -5.2
v 3.1 4.6 -5.3
v 3.1 4.6 -5.4
v 3.1 4.6 -5.5
v 3.1 4.6 -5.6
v 3.1 4.6 -5.8
v 3.1 4.6 -5.9
v 3.1 4.7 -2.1
v 3.1 4.7 -2.2
v 3.1 4.7 -2.4
v 3.1 4.7 -2.5
v 3.1 4.7 -2.6
v 3.1 4.7 -2.7
v 3.1 4.7 -2.8
v 3.1 4.7 -3
v 3.1 4.7 -3.1
v 3.1 4.7 -3.2
v 3.1 4.7 -3.3
v 3.1 4.7 -3.4
v 3.1 4.7 -3.5
v 3.1 4.7 -3.6
v 3.1 4.7 -3.7
v 3.1 4.7 -3.8
v 3.1 4.7 -3.9
v 3.1 4.7 -4.1
v 3.1 4.7 -4.2
v 3.1 4.7 -4.3
v 3.1 4.7 -4.5
v 3.1 4.7 -4.6
v 3.1 4.7 -4.7
v 3.1 4.7 -4.8
v 3.1 4.7 -5
v 3.1 4.7 -5.2
v 3.1 4.7 -5.3
v 3.1 4.7 -5.4
v 3.1 4.7 -5.5
v 3.1 4.7 -5.6
v 3.1 4.7 -5.8
v 3.1 4.7 -5.9
v 3.2 1.5 -2.4
v 3.2 1.5 -8.4
v 3.2 1.7 -2.4
v 3.2 1.7 -8.4
v 3.2 2 -2.4
v 3.2 2 -8.4
v 3.2 2.1 -2.4
v 3.2 2.1 -8.4
v 3.2 2.4 -2.4
v 3.2 2.4 -8.4
v 3.2 2.5 -2.4
v 3.2 2.5 -8.4
v 3.2 2.8 -2.4
v 3.2 2.8 -8.4
v 3.2 2.9 -2.4
v 3.2 2.9 -8.4
v 3.2 3.2 -2.4
v 3.2 3.2 -8.4
v 3.2 3.3 -2.4
v 3.2 3.3 -8.4
v 3.2 3.6 -2.4
v 3.2 3.6 -8.4
v 3.2 3.7 -2.4
v 3.2 3.7 -8.4
v 3.2 4 -2.4
v 3.2 4 -8.4
v 3.2 4.1 -2.4
v 3.2 4.1 -8.4
v 3.2 4.2 -2.4
v 3.2 4.2 -2.6
v 3.2 4.2 -2.7
v 3.2 4.2 -2.9
v 3.2 4.2 -3
v 3.2 4.2 -3.1
v 3.2 4.2 -3.2
v 3.2 4.2 -3.3
v 3.2 4.2 -3.4
v 3.2 4.2 -3.5
v 3.2 4.2 -3.6
v 3.2 4.2 -3.7
v 3.2 4.2 -3.8
v 3.2 4.2 -4
v 3.2 4.2 -4.1
v 3.2 4.2 -4.2
v 3.2 4.2 -4.3
v 3.2 4.2 -4.5
v 3.2 4.2 -4.7
v 3.2 4.2 -4.8
v 3.2 4.2 -4.9
v 3.2 4.2 -5.1
v 3.2 4.2 -5.2
v 3.2 4.2 -5.3
v 3.2 4.2 -5.4
v 3.2 4.2 -5.5
v 3.2 4.2 -5.6
v 3.2 4.2 -5.7
v 3.2 4.2 -5.8
v 3.2 4.2 -5.9
v 3.2 4.2 -6
v 3.2 4.2 -8.4
v 3.2 4.2 -8.5
v 3.2 4.3 -2.1
v 3.2 4.3 -2.2
v 3.2 4.3 -2.3
v 3.2 4.3 -2.4
v 3.2 4.3 -2.6
v 3.2 4.3 -2.7
v 3.2 4.3 -2.8
v 3.2 4.3 -2.9
v 3.2 4.3 -3
v 3.2 4.3 -3.1
v 3.2 4.3 -3.2
v 3.2 4.3 -3.3
v 3.2 4.3 -3.4
v 3.2 4.3 -3.5
v 3.2 4.3 -3.6
v 3.2 4.3 -3.7
v 3.2 4.3 -3.8
v 3.2 4.3 -3.9
v 3.2 4.3 -4
v 3.2 4.3 -4.1
v 3.2 4.3 -4.2
v 3.2 4.3 -4.3
v 3.2 4.3 -4.4
v 3.2 4.3 -4.5
v 3.2 4.3 -4.6
v 3.2 4.3 -4.7
v 3.2 4.3 -4.8
v 3.2 4.3 -4.9
v 3.2 4.3 -5
v 3.2 4.3 -5.1
v 3.2 4.3 -5.2
v 3.2 4.3 -5.3
v 3.2 4.3 -5.4
v 3.2 4.3 -5.5
v 3.2 4.3 -5.6
v 3.2 4.3 -5.7
v 3.2 4.3 -5.8
v 3.2 4.3 -5.9
v 3.2 4.3 -6
v 3.2 4.3 -8.4
v 3.2 4.3 -8.5
v 3.2 4.4 -2.3
v 3.2 4.4 -2.4
v 3.2 4.4 -2.6
v 3.2 4.4 -2.7
v 3.2 4.4 -2.8
v 3.2 4.4 -2.9
v 3.2 4.4 -3.2
v 3.2 4.4 -3.3
v 3.2 4.4 -3.4
v 3.2 4.4 -3.5
v 3.2 4.4 -3.6
v 3.2 4.4 -3.7
v 3.2 4.4 -3.9
v 3.2 4.4 -4
v 3.2 4.4 -4.2
v 3.2 4.4 -4.5
v 3.2 4.4 -4.6
v 3.2 4.4 -4.9
v 3.2 4.4 -5
v 3.2 4.4 -5.1
v 3.2 4.4 -5.2
v 3.2 4.4 -5.4
v 3.2 4.4 -5.5
v 3.2 4.4 -5.6
v 3.2 4.4 -5.7
v 3.2 4.4 -5.8
v 3.2 4.4 -5.9
v 3.2 4.4 -6
v 3.2 4.4 -6.1
v 3.2 4.4 -8.4
v 3.2 4.5 -2.2
v 3.2 4.5 -2.3
v 3.2 4.5 -2.4
v 3.2 4.5 -2.5
v 3.2 4.5 -2.7
v 3.2 4.5 -2.8
v 3.2 4.5 -2.9
v 3.2 4.5 -3.2
v 3.2 4.5 -3.3
v 3.2 4.5 -3.4
v 3.2 4.5 -3.5
v 3.2 4.5 -3.7
v 3.2 4.5 -3.9
v 3.2 4.5 -4.1
v 3.2 4.5 -4.3
v 3.2 4.5 -4.4
v 3.2 4.5 -4.5
v 3.2 4.5 -4.8
v 3.2 4.5 -4.9
v 3.2 4.5 -5
v 3.2 4.5 -5.1
v 3.2 4.5 -5.2
v 3.2 4.5 -5.3
v 3.2 4.5 -5.4
v 3.2 4.5 -5.5
v 3.2 4.5 -5.6
v 3.2 4.5 -5.7
v 3.2 4.5 -6.1
v 3.2 4.5 -6.2
v 3.2 4.5 -8.3
v 3.2 4.5 -8.4
v 3.2 4.6 -2.1
v 3.2 4.6 -2.2
v 3.2 4.6 -2.3
v 3.2 4.6 -2.5
v 3.2 4.6 -2.6
v 3.2 4.6 -2.7
v 3.2 4.6 -2.8
v 3.2 4.6 -3
v 3.2 4.6 -3.1
v 3.2 4.6 -3.2
v 3.2 4.6 -3.3
v 3.2 4.6 -3.4
v 3.2 4.6 -3.6
v 3.2 4.6 -3.7
v 3.2 4.6 -3.9
v 3.2 4.6 -4.1
v 3.2 4.6 -4.2
v 3.2 4.6 -4.3
v 3.2 4.6 -4.5
v 3.2 4.6 -4.6
v 3.2 4.6 -4.7
v 3.2 4.6 -4.8
v 3.2 4.6 -4.9
v 3.2 4.6 -5
v 3.2 4.6 -5.1
v 3.2 4.6 -5.2
v 3.2 4.6 -5.3
v 3.2 4.6 -5.4
v 3.2 4.6 -5.5
v 3.2 4.6 -5.6
v 3.2 4.6 -5.8
v 3.2 4.6 -5.9
v 3.2 4.7 -6.2
v 3.2 4.7 -6.3
v 3.2 4.7 -8.2
v 3.2 4.7 -8.3
v 3.2 4.8 -6.3
v 3.2 4.8 -8.2
v 3.2 4.9 -6.3
v 3.2 4.9 -8.1
v 3.2 4.9 -8.2
v 3.2 5 -6.3
v 3.2 5 -6.4
v 3.2 5.1 -8
v 3.2 5.1 -8.1
v 3.2 5.2 -6.4
v 3.2 5.2 -8
v 3.2 5.3 -6.4
v 3.2 5.3 -8
v 3.2 5.4 -6.4
v 3.2 5.4 -6.5
v 3.2 5.5 -7.9
v 3.2 5.5 -8
v 3.2 5.6 -6.5
v 3.2 5.6 -7.9
v 3.2 5.7 -6.5
v 3.2 5.7 -6.6
v 3.2 5.7 -7.9
v 3.2 5.8 -7.8
v 3.2 5.8 -7.9
v 3.2 5.9 -6.6
v 3.2 5.9 -6.7
v 3.2 6 -6.7
v 3.2 6 -7.8
v 3.2 6.1 -6.7
v 3.2 6.1 -6.8
v 3.2 6.1 -7.8
v 3.2 6.2 -7.7
v 3.2 6.2 -7.8
v 3.2 6.3 -6.8
v 3.2 6.3 -6.9
v 3.2 6.4 -6.9
v 3.2 6.4 -7.6
v 3.2 6.4 -7.7
v 3.2 6.5 -6.9
v 3.2 6.5 -7
v 3.2 6.5 -7.6
v 3.2 6.7 -7
v 3.2 6.7 -7.1
v 3.2 6.7 -7.5
v 3.2 6.7 -7.6
v 3.2 6.8 -7.1
v 3.2 6.8 -7.5
v 3.2 6.9 -7.1
v 3.2 6.9 -7.5
v 3.2 7 -7.4
v 3.2 7 -7.5
v 3.2 7.1 -7.1
v 3.2 7.1 -7.4
v 3.2 7.2 -7.1
v 3.2 7.2 -7.3
v 3.2 7.2 -7.4
v 3.2 7.3 -7.1
v 3.2 7.4 -7.1
v 3.2 7.4 -7.3
v 3.3 0 -2.1
v 3.3 0 -2.4
v 3.3 0 -8.5
v 3.3 0 -8.7
v 3.3 1.5 -8.4
v 3.3 1.5 -8.5
v 3.3 4.2 -2.2
v 3.3 4.2 -2.3
v 3.3 4.2 -2.4
v 3.3 4.2 -2.6
v 3.3 4.2 -2.7
v 3.3 4.2 -2.9
v 3.3 4.2 -3
v 3.3 4.2 -3.1
v 3.3 4.2 -3.2
v 3.3 4.2 -3.3
v 3.3 4.2 -3.4
v 3.3 4.2 -3.5
v 3.3 4.2 -3.6
v 3.3 4.2 -3.7
v 3.3 4.2 -3.8
v 3.3 4.2 -4
v 3.3 4.2 -4.1
v 3.3 4.2 -4.2
v 3.3 4.2 -4.3
v 3.3 4.2 -4.5
v 3.3 4.2 -4.7
v 3.3 4.2 -4.8
v 3.3 4.2 -4.9
v 3.3 4.2 -5.1
v 3.3 4.2 -5.2
v 3.3 4.2 -5.3
v 3.3 4.2 -5.4
v 3.3 4.2 -5.5
v 3.3 4.2 -5.6
v 3.3 4.2 -5.7
v 3.3 4.2 -5.8
v 3.3 4.2 -8.4
v 3.3 4.2 -8.5
v 3.3 4.2 -8.6
v 3.3 4.2 -8.7
v 3.3 4.3 -2.1
v 3.3 4.3 -2.2
v 3.3 4.3 -2.3
v 3.3 4.3 -2.4
v 3.3 4.3 -2.6
v 3.3 4.3 -2.7
v 3.3 4.3 -2.9
v 3.3 4.3 -3
v 3.3 4.3 -3.1
v 3.3 4.3 -3.2
v 3.3 4.3 -3.3
v 3.3 4.3 -3.4
v 3.3 4.3 -3.5
v 3.3 4.3 -3.6
v 3.3 4.3 -3.7
v 3.3 4.3 -3.8
v 3.3 4.3 -4
v 3.3 4.3 -4.1
v 3.3 4.3 -4.2
v 3.3 4.3 -4.3
v 3.3 4.3 -4.5
v 3.3 4.3 -4.7
v 3.3 4.3 -4.8
v 3.3 4.3 -4.9
v 3.3 4.3 -5.1
v 3.3 4.3 -5.2
v 3.3 4.3 -5.3
v 3.3 4.3 -5.4
v 3.3 4.3 -5.5
v 3.3 4.3 -5.6
v 3.3 4.3 -5.7
v 3.3 4.3 -5.8
v 3.5 4.2 -5.8
v 3.5 4.2 -6
v 3.5 4.2 -8.5
v 3.5 4.2 -8.7
v 3.5 4.3 -5.8
v 3.5 4.3 -5.9
v 3.5 4.3 -8.4
v 3.5 4.3 -8.5
v 3.5 4.3 -8.6
v 3.5 4.3 -8.7
v 3.5 4.4 -6
v 3.5 4.4 -6.1
v 3.5 4.5 -6.1
v 3.5 4.5 -6.2
v 3.5 4.5 -8.3
v 3.5 4.5 -8.4
v 3.5 4.7 -5.9
v 3.5 4.7 -6
v 3.5 4.7 -6.2
v 3.5 4.7 -6.3
v 3.5 4.7 -8.2
v 3.5 4.7 -8.3
v 3.5 4.7 -8.5
v 3.5 4.7 -8.6
v 3.5 4.9 -6
v 3.5 4.9 -6.1
v 3.5 4.9 -8.1
v 3.5 4.9 -8.2
v 3.5 4.9 -8.4
v 3.5 4.9 -8.5
v 3.5 5 -6.3
v 3.5 5 -6.4
v 3.5 5.1 -8
v 3.5 5.1 -8.1
v 3.5 5.1 -8.3
v 3.5 5.1 -8.4
v 3.5 5.2 -6.1
v 3.5 5.2 -6.2
v 3.5 5.4 -6.2
v 3.5 5.4 -6.3
v 3.5 5.4 -6.4
v 3.5 5.4 -6.5
v 3.5 5.4 -8.2
v 3.5 5.4 -8.3
v 3.5 5.5 -7.9
v 3.5 5.5 -8
v 3.5 5.6 -6.3
v 3.5 5.6 -6.4
v 3.5 5.6 -8.1
v 3.5 5.6 -8.2
v 3.5 5.7 -6.5
v 3.5 5.7 -6.6
v 3.5 5.8 -7.8
v 3.5 5.8 -7.9
v 3.5 5.9 -6.6
v 3.5 5.9 -6.7
v 3.5 6 -6.4
v 3.5 6 -6.5
v 3.5 6 -8
v 3.5 6 -8.1
v 3.5 6.1 -6.7
v 3.5 6.1 -6.8
v 3.5 6.2 -6.5
v 3.5 6.2 -6.6
v 3.5 6.2 -7.7
v 3.5 6.2 -7.8
v 3.5 6.2 -7.9
v 3.5 6.2 -8
v 3.5 6.3 -6.8
v 3.5 6.3 -6.9
v 3.5 6.4 -7.6
v 3.5 6.4 -7.7
v 3.5 6.5 -6.9
v 3.5 6.5 -7
v 3.5 6.6 -6.6
v 3.5 6.6 -6.7
v 3.5 6.6 -7.8
v 3.5 6.6 -7.9
v 3.5 6.7 -7
v 3.5 6.7 -7.1
v 3.5 6.7 -7.5
v 3.5 6.7 -7.6
v 3.5 6.8 -6.7
v 3.5 6.8 -6.8
v 3.5 6.8 -7.7
v 3.5 6.8 -7.8
v 3.5 7 -7.4
v 3.5 7 -7.5
v 3.5 7 -7.6
v 3.5 7 -7.7
v 3.5 7.1 -6.8
v 3.5 7.1 -6.9
v 3.5 7.2 -7.3
v 3.5 7.2 -7.4
v 3.5 7.3 -6.9
v 3.5 7.3 -7
v 3.5 7.3 -7.5
v 3.5 7.3 -7.6
v 3.5 7.4 -7.1
v 3.5 7.4 -7.3
v 3.5 7.5 -7
v 3.5 7.5 -7.1
v 3.5 7.5 -7.4
v 3.5 7.5 -7.5
v 3.5 7.9 -7.1
v 3.5 7.9 -7.4
v 0.7 4.2 -2.1
v 0.7 4.3 -2.1
v 0.8 0 -2.1
v 0.8 4.2 -2.1
v 0.8 4.3 -2.1
v 0.8 4.6 -2.1
v 0.9 4.2 -2.1
v 0.9 4.4 -2.1
v 0.9 4.6 -2.1
v 0.9 4.7 -2.1
v 1 4.7 -2.1
v 1 5 -2.1
v 1.1 0 -2.1
v 1.1 4.2 -2.1
v 1.1 4.4 -2.1
v 1.1 4.5 -2.1
v 1.1 4.8 -2.1
v 1.1 4.9 -2.1
v 1.1 5 -2.1
v 1.1 5.3 -2.1
v 1.2 4.9 -2.1
v 1.2 5.1 -2.1
v 1.2 5.3 -2.1
v 1.2 5.6 -2.1
v 1.3 5.1 -2.1
v 1.3 5.2 -2.1
v 1.3 5.3 -2.1
v 1.3 5.6 -2.1
v 1.3 5.7 -2.1
v 1.4 5.3 -2.1
v 1.4 5.5 -2.1
v 1.4 5.7 -2.1
v 1.4 6 -2.1
v 1.5 5.5 -2.1
v 1.5 5.6 -2.1
v 1.5 6 -2.1
v 1.5 6.2 -2.1
v 1.6 5.6 -2.1
v 1.6 5.7 -2.1
v 1.6 5.8 -2.1
v 1.6 6.2 -2.1
v 1.6 6.4 -2.1
v 1.7 5.8 -2.1
v 1.7 5.9 -2.1
v 1.7 6.4 -2.1
v 1.7 6.5 -2.1
v 1.8 5.9 -2.1
v 1.8 6 -2.1
v 1.8 6.1 -2.1
v 1.8 6.5 -2.1
v 1.8 6.7 -2.1
v 1.9 6.1 -2.1
v 1.9 6.6 -2.1
v 1.9 6.7 -2.1
v 1.9 7 -2.1
v 2 6.5 -2.1
v 2 6.6 -2.1
v 2.1 6.3 -2.1
v 2.1 6.5 -2.1
v 2.1 6.7 -2.1
v 2.1 7 -2.1
v 2.2 6.1 -2.1
v 2.2 6.3 -2.1
v 2.2 6.5 -2.1
v 2.2 6.7 -2.1
v 2.3 5.9 -2.1
v 2.3 6 -2.1
v 2.3 6.1 -2.1
v 2.3 6.3 -2.1
v 2.3 6.5 -2.1
v 2.4 5.7 -2.1
v 2.4 5.9 -2.1
v 2.4 6.2 -2.1
v 2.4 6.3 -2.1
v 2.5 5.4 -2.1
v 2.5 5.6 -2.1
v 2.5 5.7 -2.1
v 2.5 6 -2.1
v 2.5 6.2 -2.1
v 2.6 5.2 -2.1
v 2.6 5.3 -2.1
v 2.6 5.4 -2.1
v 2.6 5.7 -2.1
v 2.6 6 -2.1
v 2.7 4.9 -2.1
v 2.7 5.2 -2.1
v 2.7 5.6 -2.1
v 2.7 5.7 -2.1
v 2.8 4.7 -2.1
v 2.8 4.8 -2.1
v 2.8 4.9 -2.1
v 2.8 5.3 -2.1
v 2.8 5.6 -2.1
v 2.9 4.4 -2.1
v 2.9 4.5 -2.1
v 2.9 4.7 -2.1
v 2.9 4.9 -2.1
v 2.9 5.3 -2.1
v 3 0 -2.1
v 3 4.2 -2.1
v 3 4.3 -2.1
v 3 4.4 -2.1
v 3 4.7 -2.1
v 3 4.9 -2.1
v 3.1 4.2 -2.1
v 3.1 4.3 -2.1
v 3.1 4.6 -2.1
v 3.1 4.7 -2.1
v 3.2 4.3 -2.1
v 3.2 4.6 -2.1
v 3.3 0 -2.1
v 3.3 4.3 -2.1
v 1.1 1.5 -2.2
v 1.1 1.7 -2.2
v 1.1 2 -2.2
v 1.1 2.1 -2.2
v 1.1 2.4 -2.2
v 1.1 2.5 -2.2
v 1.1 2.8 -2.2
v 1.1 2.9 -2.2
v 1.1 3.2 -2.2
v 1.1 3.3 -2.2
v 1.1 3.6 -2.2
v 1.1 3.7 -2.2
v 1.1 4 -2.2
v 1.1 4.1 -2.2
v 1.1 4.2 -2.2
v 3 1.5 -2.2
v 3 1.7 -2.2
v 3 2 -2.2
v 3 2.1 -2.2
v 3 2.4 -2.2
v 3 2.5 -2.2
v 3 2.8 -2.2
v 3 2.9 -2.2
v 3 3.2 -2.2
v 3 3.3 -2.2
v 3 3.6 -2.2
v 3 3.7 -2.2
v 3 4 -2.2
v 3 4.1 -2.2
v 3 4.2 -2.2
v 0.8 0.4 -2.5
v 0.8 0.5 -2.5
v 0.9 0.4 -2.5
v 0.9 0.5 -2.5
v 0.6 2.2 -2.6
v 0.6 3.9 -2.6
v 0.8 2.2 -2.6
v 0.8 3.9 -2.6
v 0.8 0.9 -2.7
v 0.8 1 -2.7
v 0.9 0.9 -2.7
v 0.9 1 -2.7
v 0.8 0.5 -2.8
v 0.8 0.6 -2.8
v 0.9 0.5 -2.8
v 0.9 0.6 -2.8
v 0.8 0.8 -3.1
v 0.8 0.9 -3.1
v 0.9 0.8 -3.1
v 0.9 0.9 -3.1
v 0.8 0.6 -3.3
v 0.8 0.7 -3.3
v 0.9 0.6 -3.3
v 0.9 0.7 -3.3
v 0.8 0.7 -3.6
v 0.8 0.8 -3.6
v 0.9 0.7 -3.6
v 0.9 0.8 -3.6
v 0.6 2.5 -3.7
v 0.6 3.8 -3.7
v 0.7 2.5 -3.7
v 0.7 3.8 -3.7
v 0.8 0.6 -4.3
v 0.8 0.7 -4.3
v 0.9 0.6 -4.3
v 0.9 0.7 -4.3
v 0.6 2.2 -4.4
v 0.6 3.9 -4.4
v 0.8 0.8 -4.4
v 0.8 0.9 -4.4
v 0.8 2.2 -4.4
v 0.8 3.9 -4.4
v 0.9 0.8 -4.4
v 0.9 0.9 -4.4
v 0.8 0.5 -4.7
v 0.8 0.6 -4.7
v 0.9 0.5 -4.7
v 0.9 0.6 -4.7
v 0.8 0.9 -4.9
v 0.8 1 -4.9
v 0.9 0.9 -4.9
v 0.9 1 -4.9
v 0.8 0.4 -5.4
v 0.8 0.5 -5.4
v 0.9 0.4 -5.4
v 0.9 0.5 -5.4
v 0.6 2.5 -5.5
v 0.6 3.8 -5.5
v 0.7 2.5 -5.5
v 0.7 3.8 -5.5
v 0.8 1 -5.5
v 0.8 1.1 -5.5
v 0.9 1 -5.5
v 0.9 1.1 -5.5
v -2.3 4.2 -5.8
v -2.3 4.3 -5.8
v -1.8 4.2 -5.8
v -1.8 4.3 -5.8
v -1.4 4.2 -5.8
v -1.4 4.3 -5.8
v -1.2 4.2 -5.8
v -1.2 4.3 -5.8
v -1.1 4.2 -5.8
v -1.1 4.3 -5.8
v -0.9 4.2 -5.8
v -0.9 4.3 -5.8
v -0.8 4.2 -5.8
v -0.8 4.3 -5.8
v -0.6 4.2 -5.8
v -0.6 4.3 -5.8
v -0.5 4.2 -5.8
v -0.5 4.3 -5.8
v -0.3 4.2 -5.8
v -0.3 4.3 -5.8
v -0.2 4.2 -5.8
v -0.2 4.3 -5.8
v 0 4.2 -5.8
v 0 4.3 -5.8
v 0.1 4.2 -5.8
v 0.1 4.3 -5.8
v 0.2 4.2 -5.8
v 0.2 4.3 -5.8
v 0.3 4.2 -5.8
v 0.3 4.3 -5.8
v 0.4 4.2 -5.8
v 0.4 4.3 -5.8
v 0.5 4.2 -5.8
v 0.5 4.3 -5.8
v 0.6 4.2 -5.8
v 0.6 4.3 -5.8
v 0.7 0 -5.8
v 0.7 4.2 -5.8
v 0.7 4.3 -5.8
v 0.8 0.2 -5.8
v 0.8 0.4 -5.8
v 0.8 0.5 -5.8
v 0.8 1 -5.8
v 0.8 1.1 -5.8
v 0.8 1.3 -5.8
v 0.8 4.2 -5.8
v 0.9 0 -5.8
v 0.9 0.2 -5.8
v 0.9 0.5 -5.8
v 0.9 1 -5.8
v 0.9 1.3 -5.8
v 0.9 1.5 -5.8
v 0.9 1.7 -5.8
v 0.9 2 -5.8
v 0.9 2.1 -5.8
v 0.9 2.4 -5.8
v 0.9 2.5 -5.8
v 0.9 2.8 -5.8
v 0.9 2.9 -5.8
v 0.9 3.2 -5.8
v 0.9 3.3 -5.8
v 0.9 3.6 -5.8
v 0.9 3.7 -5.8
v 0.9 4 -5.8
v 0.9 4.1 -5.8
v 0.9 4.2 -5.8
v 3.3 4.2 -5.8
v 3.3 4.3 -5.8
v 3.4 4.2 -5.8
v 3.4 4.3 -5.8
v 3.5 4.2 -5.8
v 3.5 4.3 -5.8
v -2.3 4.3 -5.9
v -2.3 4.7 -5.9
v -2.1 0 -5.9
v -2.1 4.2 -5.9
v -1.8 0 -5.9
v -1.8 4.2 -5.9
v -1.8 4.3 -5.9
v -1.8 4.7 -5.9
v -1.7 4.3 -5.9
v -1.7 4.7 -5.9
v -1.6 4.3 -5.9
v -1.6 4.4 -5.9
v -1.5 4.3 -5.9
v -1.5 4.4 -5.9
v -1.4 4.3 -5.9
v -1.4 4.4 -5.9
v -1.4 4.5 -5.9
v -1.4 4.7 -5.9
v -1.3 4.3 -5.9
v -1.3 4.4 -5.9
v -1.3 4.5 -5.9
v -1.3 4.6 -5.9
v -1.3 4.7 -5.9
v -1.2 4.3 -5.9
v -1.2 4.4 -5.9
v -1.2 4.5 -5.9
v -1.2 4.6 -5.9
v -1.2 4.7 -5.9
v -1.1 4.3 -5.9
v -1.1 4.4 -5.9
v -1.1 4.5 -5.9
v -1.1 4.6 -5.9
v -1.1 4.7 -5.9
v -1 4.3 -5.9
v -1 4.4 -5.9
v -1 4.5 -5.9
v -1 4.6 -5.9
v -1 4.7 -5.9
v -0.9 4.3 -5.9
v -0.9 4.4 -5.9
v -0.9 4.5 -5.9
v -0.9 4.6 -5.9
v -0.9 4.7 -5.9
v -0.8 4.3 -5.9
v -0.8 4.4 -5.9
v -0.8 4.5 -5.9
v -0.8 4.6 -5.9
v -0.8 4.7 -5.9
v -0.7 4.3 -5.9
v -0.7 4.4 -5.9
v -0.7 4.5 -5.9
v -0.7 4.6 -5.9
v -0.7 4.7 -5.9
v -0.6 4.3 -5.9
v -0.6 4.4 -5.9
v -0.6 4.5 -5.9
v -0.6 4.6 -5.9
v -0.6 4.7 -5.9
v -0.5 4.3 -5.9
v -0.5 4.4 -5.9
v -0.5 4.5 -5.9
v -0.5 4.6 -5.9
v -0.4 4.3 -5.9
v -0.4 4.4 -5.9
v -0.4 4.5 -5.9
v -0.4 4.6 -5.9
v -0.4 4.7 -5.9
v -0.3 4.3 -5.9
v -0.3 4.4 -5.9
v -0.3 4.5 -5.9
v -0.3 4.6 -5.9
v -0.3 4.7 -5.9
v -0.2 4.3 -5.9
v -0.2 4.4 -5.9
v -0.2 4.5 -5.9
v -0.2 4.6 -5.9
v -0.2 4.7 -5.9
v -0.0999999 4.3 -5.9
v -0.0999999 4.4 -5.9
v -0.0999999 4.5 -5.9
v -0.0999999 4.6 -5.9
v -0.0999999 4.7 -5.9
v 0 4.3 -5.9
v 0 4.4 -5.9
v 0 4.5 -5.9
v 0 4.6 -5.9
v 0 4.7 -5.9
v 0.1 4.3 -5.9
v 0.1 4.4 -5.9
v 0.1 4.6 -5.9
v 0.1 4.7 -5.9
v 0.2 4.3 -5.9
v 0.2 4.5 -5.9
v 0.3 4.3 -5.9
v 0.3 4.5 -5.9
v 0.3 4.6 -5.9
v 0.4 4.3 -5.9
v 0.4 4.4 -5.9
v 0.4 4.5 -5.9
v 0.4 4.6 -5.9
v 0.5 4.3 -5.9
v 0.5 4.4 -5.9
v 0.5 4.6 -5.9
v 0.6 4.3 -5.9
v 0.6 4.5 -5.9
v 0.6 4.6 -5.9
v 0.7 4.3 -5.9
v 0.7 4.4 -5.9
v 0.7 4.5 -5.9
v 0.7 4.6 -5.9
v 0.8 4.3 -5.9
v 0.8 4.4 -5.9
v 0.8 4.5 -5.9
v 0.8 4.6 -5.9
v 0.9 4.6 -5.9
v 0.9 4.7 -5.9
v 3.1 4.6 -5.9
v 3.1 4.7 -5.9
v 3.2 4.3 -5.9
v 3.2 4.4 -5.9
v 3.2 4.6 -5.9
v 3.2 4.7 -5.9
v 3.3 4.3 -5.9
v 3.3 4.4 -5.9
v 3.3 4.5 -5.9
v 3.3 4.6 -5.9
v 3.3 4.7 -5.9
v 3.4 4.3 -5.9
v 3.4 4.4 -5.9
v 3.4 4.5 -5.9
v 3.4 4.6 -5.9
v 3.4 4.7 -5.9
v 3.5 4.3 -5.9
v 3.5 4.7 -5.9
v -2.3 4.7 -6
v -2.3 4.9 -6
v -1.8 1.5 -6
v -1.8 1.7 -6
v -1.8 2 -6
v -1.8 2.1 -6
v -1.8 2.4 -6
v -1.8 2.5 -6
v -1.8 2.8 -6
v -1.8 2.9 -6
v -1.8 3.2 -6
v -1.8 3.3 -6
v -1.8 3.6 -6
v -1.8 3.7 -6
v -1.8 4 -6
v -1.8 4.1 -6
v -1.8 4.2 -6
v -1.8 4.7 -6
v -1.8 4.9 -6
v -1.7 4.2 -6
v -1.7 4.7 -6
v -1.7 4.9 -6
v -1.6 4.2 -6
v -1.6 4.8 -6
v -1.6 4.9 -6
v -1.5 4.2 -6
v -1.5 4.7 -6
v -1.5 4.8 -6
v -1.4 4.2 -6
v -1.4 4.7 -6
v -1.4 4.8 -6
v -1.4 4.9 -6
v -1.3 4.2 -6
v -1.3 4.7 -6
v -1.3 4.8 -6
v -1.3 4.9 -6
v -1.2 4.2 -6
v -1.2 4.7 -6
v -1.2 4.8 -6
v -1.2 4.9 -6
v -1.1 4.2 -6
v -1.1 4.7 -6
v -1 4.2 -6
v -1 4.7 -6
v -1 4.8 -6
v -0.9 4.7 -6
v -0.9 4.8 -6
v -0.9 4.9 -6
v -0.8 4.2 -6
v -0.8 4.7 -6
v -0.7 4.7 -6
v -0.7 4.8 -6
v -0.7 4.9 -6
v -0.6 4.2 -6
v -0.6 4.7 -6
v -0.6 4.8 -6
v -0.6 4.9 -6
v -0.5 4.7 -6
v -0.5 4.9 -6
v -0.4 4.7 -6
v -0.4 4.8 -6
v -0.4 4.9 -6
v -0.3 4.7 -6
v -0.3 4.8 -6
v -0.3 4.9 -6
v -0.2 4.2 -6
v -0.2 4.7 -6
v -0.2 4.8 -6
v -0.2 4.9 -6
v -0.0999999 4.7 -6
v -0.0999999 4.8 -6
v -0.0999999 4.9 -6
v 0 4.2 -6
v 0 4.7 -6
v 0 4.9 -6
v 0.1 4.7 -6
v 0.2 4.2 -6
v 0.2 4.7 -6
v 0.2 4.8 -6
v 0.2 4.9 -6
v 0.3 4.7 -6
v 0.3 4.8 -6
v 0.4 4.2 -6
v 0.4 4.7 -6
v 0.4 4.8 -6
v 0.4 4.9 -6
v 0.5 4.2 -6
v 0.5 4.7 -6
v 0.5 4.8 -6
v 0.5 4.9 -6
v 0.6 4.2 -6
v 0.6 4.7 -6
v 0.6 4.8 -6
v 0.7 1.5 -6
v 0.7 1.7 -6
v 0.7 2 -6
v 0.7 2.1 -6
v 0.7 2.4 -6
v 0.7 2.5 -6
v 0.7 2.8 -6
v 0.7 2.9 -6
v 0.7 3.2 -6
v 0.7 3.3 -6
v 0.7 3.6 -6
v 0.7 3.7 -6
v 0.7 4 -6
v 0.7 4.1 -6
v 0.7 4.2 -6
v 0.7 4.7 -6
v 0.7 4.8 -6
v 0.7 4.9 -6
v 0.8 4.7 -6
v 0.8 4.8 -6
v 0.9 4.7 -6
v 0.9 4.9 -6
v 1 4.7 -6
v 1 4.8 -6
v 1 4.9 -6
v 3 4.7 -6
v 3 4.8 -6
v 3 4.9 -6
v 3.1 4.7 -6
v 3.1 4.8 -6
v 3.1 4.9 -6
v 3.2 4.7 -6
v 3.2 4.8 -6
v 3.3 4.7 -6
v 3.3 4.8 -6
v 3.4 4.7 -6
v 3.4 4.8 -6
v 3.4 4.9 -6
v 3.5 4.7 -6
v 3.5 4.9 -6
v -2.3 4.9 -6.1
v -2.3 5.2 -6.1
v -1.8 4.9 -6.1
v -1.8 5.2 -6.1
v -1.7 4.9 -6.1
v -1.7 5 -6.1
v -1.6 4.9 -6.1
v -1.5 4.9 -6.1
v -1.5 5 -6.1
v -1.4 4.9 -6.1
v -1.4 5 -6.1
v -1.3 4.9 -6.1
v -1.2 4.9 -6.1
v -1.2 5 -6.1
v -1.1 5.1 -6.1
v -1.1 5.2 -6.1
v -1 4.9 -6.1
v -1 5.1 -6.1
v -1 5.2 -6.1
v -0.9 4.9 -6.1
v -0.9 5.1 -6.1
v -0.9 5.2 -6.1
v -0.8 5 -6.1
v -0.8 5.1 -6.1
v -0.8 5.2 -6.1
v -0.7 4.9 -6.1
v -0.7 5.1 -6.1
v -0.7 5.2 -6.1
v -0.6 4.9 -6.1
v -0.6 5 -6.1
v -0.6 5.1 -6.1
v -0.6 5.2 -6.1
v -0.5 4.9 -6.1
v -0.5 5.1 -6.1
v -0.4 4.9 -6.1
v -0.4 5 -6.1
v -0.4 5.1 -6.1
v -0.3 4.9 -6.1
v -0.3 5 -6.1
v -0.3 5.1 -6.1
v -0.2 4.9 -6.1
v -0.2 5 -6.1
v -0.2 5.1 -6.1
v -0.0999999 4.9 -6.1
v -0.0999999 5.1 -6.1
v 0 4.9 -6.1
v 0 5.1 -6.1
v 0.1 4.9 -6.1
v 0.1 5.1 -6.1
v 0.2 4.9 -6.1
v 0.2 5 -6.1
v 0.2 5.2 -6.1
v 0.3 4.9 -6.1
v 0.3 5 -6.1
v 0.3 5.1 -6.1
v 0.3 5.2 -6.1
v 0.4 4.9 -6.1
v 0.4 5 -6.1
v 0.4 5.1 -6.1
v 0.4 5.2 -6.1
v 0.5 4.9 -6.1
v 0.5 5 -6.1
v 0.5 5.1 -6.1
v 0.5 5.2 -6.1
v 0.6 5 -6.1
v 0.6 5.1 -6.1
v 0.6 5.2 -6.1
v 0.7 4.9 -6.1
v 0.7 5.1 -6.1
v 0.7 5.2 -6.1
v 0.8 5.1 -6.1
v 0.8 5.2 -6.1
v 0.9 4.9 -6.1
v 0.9 5.2 -6.1
v 1 4.9 -6.1
v 1 5 -6.1
v 1 5.1 -6.1
v 1.1 5 -6.1
v 1.1 5.1 -6.1
v 1.1 5.2 -6.1
v 2.9 4.9 -6.1
v 2.9 5 -6.1
v 2.9 5.1 -6.1
v 2.9 5.2 -6.1
v 3 4.9 -6.1
v 3 5 -6.1
v 3 5.1 -6.1
v 3 5.2 -6.1
v 3.1 4.9 -6.1
v 3.1 5 -6.1
v 3.1 5.1 -6.1
v 3.1 5.2 -6.1
v 3.2 4.9 -6.1
v 3.2 5 -6.1
v 3.2 5.1 -6.1
v 3.2 5.2 -6.1
v 3.4 4.9 -6.1
v 3.4 5 -6.1
v 3.4 5.1 -6.1
v 3.4 5.2 -6.1
v 3.5 4.9 -6.1
v 3.5 5.2 -6.1
v -2.3 5.2 -6.2
v -2.3 5.4 -6.2
v -1.8 5.2 -6.2
v -1.8 5.4 -6.2
v -1.7 5.2 -6.2
v -1.7 5.3 -6.2
v -1.6 5.2 -6.2
v -1.6 5.3 -6.2
v -1.6 5.4 -6.2
v -1.4 5.2 -6.2
v -1.4 5.3 -6.2
v -1.2 5.2 -6.2
v -1.2 5.3 -6.2
v -1.2 5.4 -6.2
v -1.1 5.2 -6.2
v -1.1 5.4 -6.2
v -1 5.2 -6.2
v -1 5.3 -6.2
v -1 5.4 -6.2
v -0.9 5.2 -6.2
v -0.9 5.3 -6.2
v -0.9 5.4 -6.2
v -0.8 5.2 -6.2
v -0.8 5.3 -6.2
v -0.8 5.4 -6.2
v -0.7 5.2 -6.2
v -0.7 5.4 -6.2
v -0.6 5.2 -6.2
v -0.6 5.4 -6.2
v -0.5 5.2 -6.2
v -0.5 5.3 -6.2
v -0.5 5.4 -6.2
v -0.4 5.2 -6.2
v -0.4 5.3 -6.2
v -0.4 5.4 -6.2
v -0.2 5.3 -6.2
v -0.2 5.4 -6.2
v -0.0999999 5.2 -6.2
v -0.0999999 5.3 -6.2
v 0 5.2 -6.2
v 0 5.3 -6.2
v 0.1 5.2 -6.2
v 0.1 5.4 -6.2
v 0.2 5.2 -6.2
v 0.2 5.3 -6.2
v 0.2 5.4 -6.2
v 0.3 5.2 -6.2
v 0.3 5.3 -6.2
v 0.3 5.4 -6.2
v 0.4 5.2 -6.2
v 0.4 5.3 -6.2
v 0.4 5.4 -6.2
v 0.5 5.2 -6.2
v 0.5 5.3 -6.2
v 0.5 5.4 -6.2
v 0.6 5.2 -6.2
v 0.6 5.3 -6.2
v 0.6 5.4 -6.2
v 0.7 5.2 -6.2
v 0.7 5.3 -6.2
v 0.7 5.4 -6.2
v 0.8 5.2 -6.2
v 0.8 5.3 -6.2
v 0.9 5.2 -6.2
v 0.9 5.3 -6.2
v 1 5.2 -6.2
v 1 5.3 -6.2
v 1 5.4 -6.2
v 1.1 5.2 -6.2
v 1.1 5.3 -6.2
v 1.1 5.4 -6.2
v 1.2 5.3 -6.2
v 1.2 5.4 -6.2
v 2.8 5.3 -6.2
v 2.8 5.4 -6.2
v 2.9 5.2 -6.2
v 2.9 5.3 -6.2
v 3 5.2 -6.2
v 3 5.3 -6.2
v 3 5.4 -6.2
v 3.1 5.2 -6.2
v 3.1 5.3 -6.2
v 3.1 5.4 -6.2
v 3.2 5.2 -6.2
v 3.2 5.3 -6.2
v 3.4 5.2 -6.2
v 3.4 5.3 -6.2
v 3.4 5.4 -6.2
v 3.5 5.2 -6.2
v 3.5 5.4 -6.2
v -2.3 5.4 -6.3
v -2.3 5.6 -6.3
v -1.8 5.4 -6.3
v -1.8 5.6 -6.3
v -1.6 5.4 -6.3
v -1.6 5.5 -6.3
v -1.4 5.4 -6.3
v -1.4 5.5 -6.3
v -1.3 5.4 -6.3
v -1.3 5.6 -6.3
v -1.2 5.4 -6.3
v -1.2 5.6 -6.3
v -1.1 5.4 -6.3
v -1.1 5.5 -6.3
v -1.1 5.6 -6.3
v -1 5.4 -6.3
v -0.9 5.4 -6.3
v -0.9 5.5 -6.3
v -0.9 5.6 -6.3
v -0.8 5.4 -6.3
v -0.8 5.5 -6.3
v -0.7 5.4 -6.3
v -0.7 5.5 -6.3
v -0.7 5.6 -6.3
v -0.6 5.4 -6.3
v -0.5 5.4 -6.3
v -0.5 5.5 -6.3
v -0.4 5.4 -6.3
v -0.4 5.5 -6.3
v -0.3 5.4 -6.3
v -0.3 5.6 -6.3
v -0.2 5.4 -6.3
v -0.2 5.5 -6.3
v -0.2 5.6 -6.3
v -0.0999999 5.4 -6.3
v -0.0999999 5.5 -6.3
v -0.0999999 5.6 -6.3
v 0 5.4 -6.3
v 0 5.5 -6.3
v 0.1 5.4 -6.3
v 0.1 5.6 -6.3
v 0.2 5.4 -6.3
v 0.2 5.6 -6.3
v 0.3 5.4 -6.3
v 0.3 5.6 -6.3
v 0.4 5.4 -6.3
v 0.4 5.5 -6.3
v 0.4 5.6 -6.3
v 0.5 5.4 -6.3
v 0.5 5.5 -6.3
v 0.6 5.4 -6.3
v 0.6 5.5 -6.3
v 0.6 5.6 -6.3
v 0.7 5.4 -6.3
v 0.8 5.5 -6.3
v 0.8 5.6 -6.3
v 0.9 5.4 -6.3
v 0.9 5.6 -6.3
v 1 5.4 -6.3
v 1.1 5.4 -6.3
v 1.1 5.5 -6.3
v 1.2 5.4 -6.3
v 1.2 5.5 -6.3
v 1.2 5.6 -6.3
v 2.8 5.4 -6.3
v 2.8 5.5 -6.3
v 2.8 5.6 -6.3
v 2.9 5.4 -6.3
v 2.9 5.5 -6.3
v 2.9 5.6 -6.3
v 3 5.4 -6.3
v 3 5.5 -6.3
v 3 5.6 -6.3
v 3.1 5.4 -6.3
v 3.1 5.5 -6.3
v 3.3 5.4 -6.3
v 3.3 5.5 -6.3
v 3.3 5.6 -6.3
v 3.4 5.4 -6.3
v 3.4 5.5 -6.3
v 3.4 5.6 -6.3
v 3.5 5.4 -6.3
v 3.5 5.6 -6.3
v -2.3 5.6 -6.4
v -2.3 6 -6.4
v -1.8 5.6 -6.4
v -1.8 6 -6.4
v -1.7 5.6 -6.4
v -1.7 5.7 -6.4
v -1.7 5.9 -6.4
v -1.7 6 -6.4
v -1.6 5.7 -6.4
v -1.6 5.9 -6.4
v -1.6 6 -6.4
v -1.5 5.7 -6.4
v -1.5 5.9 -6.4
v -1.5 6 -6.4
v -1.4 5.6 -6.4
v -1.4 5.7 -6.4
v -1.4 5.9 -6.4
v -1.4 6 -6.4
v -1.3 5.6 -6.4
v -1.3 5.8 -6.4
v -1.3 5.9 -6.4
v -1.2 5.6 -6.4
v -1.2 5.8 -6.4
v -1.1 5.6 -6.4
v -1.1 5.7 -6.4
v -1.1 5.8 -6.4
v -1.1 5.9 -6.4
v -1.1 6 -6.4
v -1 5.7 -6.4
v -1 5.8 -6.4
v -1 5.9 -6.4
v -1 6 -6.4
v -0.9 5.6 -6.4
v -0.9 5.8 -6.4
v -0.9 5.9 -6.4
v -0.9 6 -6.4
v -0.8 5.6 -6.4
v -0.8 5.8 -6.4
v -0.7 5.6 -6.4
v -0.7 5.7 -6.4
v -0.7 5.8 -6.4
v -0.7 5.9 -6.4
v -0.7 6 -6.4
v -0.6 5.7 -6.4
v -0.6 5.8 -6.4
v -0.5 5.6 -6.4
v -0.5 5.7 -6.4
v -0.5 5.8 -6.4
v -0.5 5.9 -6.4
v -0.4 5.6 -6.4
v -0.4 5.7 -6.4
v -0.4 5.8 -6.4
v -0.4 5.9 -6.4
v -0.4 6 -6.4
v -0.3 5.6 -6.4
v -0.3 5.7 -6.4
v -0.3 5.8 -6.4
v -0.3 5.9 -6.4
v -0.3 6 -6.4
v -0.2 5.6 -6.4
v -0.2 5.7 -6.4
v -0.2 5.8 -6.4
v -0.2 5.9 -6.4
v -0.2 6 -6.4
v -0.0999999 5.6 -6.4
v -0.0999999 5.7 -6.4
v -0.0999999 5.8 -6.4
v -0.0999999 6 -6.4
v 0 5.6 -6.4
v 0 5.7 -6.4
v 0 5.8 -6.4
v 0.1 5.6 -6.4
v 0.1 5.7 -6.4
v 0.1 6 -6.4
v 0.2 5.6 -6.4
v 0.2 5.7 -6.4
v 0.3 5.6 -6.4
v 0.3 5.7 -6.4
v 0.3 5.8 -6.4
v 0.3 5.9 -6.4
v 0.4 5.6 -6.4
v 0.4 5.7 -6.4
v 0.4 5.8 -6.4
v 0.4 5.9 -6.4
v 0.4 6 -6.4
v 0.5 5.6 -6.4
v 0.5 5.7 -6.4
v 0.6 5.6 -6.4
v 0.6 5.7 -6.4
v 0.6 5.8 -6.4
v 0.6 6 -6.4
v 0.7 5.6 -6.4
v 0.7 5.7 -6.4
v 0.7 5.8 -6.4
v 0.7 6 -6.4
v 0.8 5.6 -6.4
v 0.8 5.8 -6.4
v 0.9 5.6 -6.4
v 0.9 5.7 -6.4
v 0.9 6 -6.4
v 1 5.7 -6.4
v 1 5.8 -6.4
v 1 6 -6.4
v 1.1 5.8 -6.4
v 1.1 5.9 -6.4
v 1.2 5.6 -6.4
v 1.2 5.7 -6.4
v 1.2 5.8 -6.4
v 1.2 5.9 -6.4
v 1.3 5.6 -6.4
v 1.3 5.7 -6.4
v 1.4 5.7 -6.4
v 1.4 5.8 -6.4
v 1.4 6 -6.4
v 2.6 5.7 -6.4
v 2.6 5.8 -6.4
v 2.6 6 -6.4
v 2.7 5.6 -6.4
v 2.7 5.7 -6.4
v 2.7 5.8 -6.4
v 2.7 6 -6.4
v 2.8 5.6 -6.4
v 2.8 5.7 -6.4
v 2.8 5.8 -6.4
v 2.8 6 -6.4
v 2.9 5.6 -6.4
v 2.9 5.7 -6.4
v 2.9 5.8 -6.4
v 2.9 5.9 -6.4
v 3 5.6 -6.4
v 3 5.7 -6.4
v 3 5.8 -6.4
v 3 5.9 -6.4
v 3 6 -6.4
v 3.1 5.6 -6.4
v 3.1 5.7 -6.4
v 3.1 5.8 -6.4
v 3.1 5.9 -6.4
v 3.2 5.6 -6.4
v 3.2 5.7 -6.4
v 3.3 5.6 -6.4
v 3.3 5.8 -6.4
v 3.3 5.9 -6.4
v 3.3 6 -6.4
v 3.4 5.6 -6.4
v 3.4 5.9 -6.4
v 3.4 6 -6.4
v 3.5 5.6 -6.4
v 3.5 6 -6.4
v -2.3 6 -6.5
v -2.3 6.2 -6.5
v -1.8 6 -6.5
v -1.8 6.2 -6.5
v -1.7 6 -6.5
v -1.7 6.2 -6.5
v -1.6 6 -6.5
v -1.6 6.2 -6.5
v -1.5 6 -6.5
v -1.4 6 -6.5
v -1.4 6.2 -6.5
v -1.3 6 -6.5
v -1.3 6.1 -6.5
v -1.3 6.2 -6.5
v -1.2 6.1 -6.5
v -1.2 6.2 -6.5
v -1.1 6 -6.5
v -1 6 -6.5
v -0.9 6 -6.5
v -0.7 6 -6.5
v -0.5 6 -6.5
v -0.5 6.1 -6.5
v -0.4 6 -6.5
v -0.4 6.1 -6.5
v -0.3 6 -6.5
v -0.3 6.1 -6.5
v -0.3 6.2 -6.5
v -0.2 6 -6.5
v -0.2 6.1 -6.5
v -0.2 6.2 -6.5
v -0.0999999 6 -6.5
v -0.0999999 6.1 -6.5
v -0.0999999 6.2 -6.5
v 0 6.1 -6.5
v 0 6.2 -6.5
v 0.1 6 -6.5
v 0.1 6.1 -6.5
v 0.1 6.2 -6.5
v 0.2 6 -6.5
v 0.2 6.2 -6.5
v 0.3 6 -6.5
v 0.3 6.1 -6.5
v 0.3 6.2 -6.5
v 0.4 6 -6.5
v 0.4 6.1 -6.5
v 0.4 6.2 -6.5
v 0.6 6 -6.5
v 0.7 6 -6.5
v 0.7 6.1 -6.5
v 0.7 6.2 -6.5
v 0.9 6 -6.5
v 0.9 6.1 -6.5
v 1 6 -6.5
v 1 6.1 -6.5
v 1 6.2 -6.5
v 1.1 6 -6.5
v 1.1 6.1 -6.5
v 1.1 6.2 -6.5
v 1.2 6 -6.5
v 1.2 6.1 -6.5
v 1.2 6.2 -6.5
v 1.3 6.1 -6.5
v 1.3 6.2 -6.5
v 1.4 6 -6.5
v 1.4 6.1 -6.5
v 1.4 6.2 -6.5
v 1.5 6 -6.5
v 1.5 6.1 -6.5
v 1.5 6.2 -6.5
v 2.5 6 -6.5
v 2.5 6.1 -6.5
v 2.5 6.2 -6.5
v 2.6 6 -6.5
v 2.6 6.1 -6.5
v 2.7 6 -6.5
v 2.7 6.2 -6.5
v 2.8 6 -6.5
v 2.8 6.2 -6.5
v 2.9 6 -6.5
v 2.9 6.1 -6.5
v 2.9 6.2 -6.5
v 3 6 -6.5
v 3 6.1 -6.5
v 3.1 6 -6.5
v 3.1 6.2 -6.5
v 3.2 6 -6.5
v 3.2 6.1 -6.5
v 3.3 6 -6.5
v 3.3 6.1 -6.5
v 3.3 6.2 -6.5
v 3.4 6 -6.5
v 3.4 6.1 -6.5
v 3.4 6.2 -6.5
v 3.5 6 -6.5
v 3.5 6.2 -6.5
v -2.3 6.2 -6.6
v -2.3 6.6 -6.6
v -1.8 6.2 -6.6
v -1.8 6.6 -6.6
v -1.7 6.2 -6.6
v -1.7 6.3 -6.6
v -1.7 6.6 -6.6
v -1.6 6.2 -6.6
v -1.6 6.3 -6.6
v -1.6 6.4 -6.6
v -1.5 6.2 -6.6
v -1.5 6.3 -6.6
v -1.5 6.4 -6.6
v -1.5 6.5 -6.6
v -1.5 6.6 -6.6
v -1.4 6.2 -6.6
v -1.4 6.3 -6.6
v -1.4 6.4 -6.6
v -1.4 6.5 -6.6
v -1.4 6.6 -6.6
v -1.3 6.2 -6.6
v -1.3 6.3 -6.6
v -1.3 6.4 -6.6
v -1.3 6.5 -6.6
v -1.2 6.2 -6.6
v -1.2 6.3 -6.6
v -1.2 6.4 -6.6
v -1.2 6.6 -6.6
v -1.1 6.2 -6.6
v -1.1 6.4 -6.6
v -1.1 6.5 -6.6
v -1.1 6.6 -6.6
v -1 6.2 -6.6
v -1 6.4 -6.6
v -1 6.5 -6.6
v -0.9 6.3 -6.6
v -0.9 6.4 -6.6
v -0.9 6.5 -6.6
v -0.9 6.6 -6.6
v -0.8 6.3 -6.6
v -0.8 6.4 -6.6
v -0.8 6.5 -6.6
v -0.7 6.2 -6.6
v -0.7 6.3 -6.6
v -0.7 6.4 -6.6
v -0.7 6.5 -6.6
v -0.6 6.3 -6.6
v -0.6 6.4 -6.6
v -0.6 6.5 -6.6
v -0.6 6.6 -6.6
v -0.5 6.2 -6.6
v -0.5 6.3 -6.6
v -0.5 6.4 -6.6
v -0.5 6.5 -6.6
v -0.4 6.2 -6.6
v -0.4 6.3 -6.6
v -0.3 6.2 -6.6
v -0.3 6.3 -6.6
v -0.3 6.4 -6.6
v -0.3 6.5 -6.6
v -0.2 6.2 -6.6
v -0.2 6.3 -6.6
v -0.2 6.4 -6.6
v -0.2 6.5 -6.6
v -0.2 6.6 -6.6
v -0.0999999 6.2 -6.6
v -0.0999999 6.3 -6.6
v -0.0999999 6.4 -6.6
v -0.0999999 6.5 -6.6
v -0.0999999 6.6 -6.6
v 0 6.2 -6.6
v 0 6.3 -6.6
v 0 6.5 -6.6
v 0 6.6 -6.6
v 0.1 6.2 -6.6
v 0.1 6.3 -6.6
v 0.1 6.4 -6.6
v 0.1 6.6 -6.6
v 0.2 6.2 -6.6
v 0.2 6.4 -6.6
v 0.2 6.5 -6.6
v 0.2 6.6 -6.6
v 0.3 6.2 -6.6
v 0.3 6.3 -6.6
v 0.3 6.4 -6.6
v 0.3 6.5 -6.6
v 0.3 6.6 -6.6
v 0.4 6.2 -6.6
v 0.4 6.3 -6.6
v 0.4 6.4 -6.6
v 0.4 6.6 -6.6
v 0.5 6.2 -6.6
v 0.5 6.3 -6.6
v 0.5 6.4 -6.6
v 0.5 6.5 -6.6
v 0.6 6.2 -6.6
v 0.6 6.3 -6.6
v 0.6 6.4 -6.6
v 0.6 6.5 -6.6
v 0.7 6.2 -6.6
v 0.7 6.3 -6.6
v 0.7 6.4 -6.6
v 0.8 6.2 -6.6
v 0.8 6.3 -6.6
v 0.8 6.5 -6.6
v 0.8 6.6 -6.6
v 0.9 6.4 -6.6
v 0.9 6.5 -6.6
v 1 6.2 -6.6
v 1 6.4 -6.6
v 1 6.5 -6.6
v 1 6.6 -6.6
v 1.1 6.2 -6.6
v 1.1 6.3 -6.6
v 1.1 6.4 -6.6
v 1.1 6.5 -6.6
v 1.2 6.2 -6.6
v 1.2 6.3 -6.6
v 1.2 6.4 -6.6
v 1.2 6.5 -6.6
v 1.3 6.2 -6.6
v 1.3 6.3 -6.6
v 1.3 6.4 -6.6
v 1.3 6.5 -6.6
v 1.4 6.2 -6.6
v 1.4 6.3 -6.6
v 1.4 6.5 -6.6
v 1.5 6.2 -6.6
v 1.5 6.6 -6.6
v 1.6 6.2 -6.6
v 1.6 6.3 -6.6
v 1.6 6.4 -6.6
v 1.6 6.5 -6.6
v 1.6 6.6 -6.6
v 1.7 6.4 -6.6
v 1.7 6.5 -6.6
v 1.7 6.6 -6.6
v 1.8 6.5 -6.6
v 1.8 6.6 -6.6
v 2.2 6.5 -6.6
v 2.2 6.6 -6.6
v 2.3 6.3 -6.6
v 2.3 6.4 -6.6
v 2.3 6.5 -6.6
v 2.3 6.6 -6.6
v 2.4 6.2 -6.6
v 2.4 6.3 -6.6
v 2.5 6.2 -6.6
v 2.5 6.3 -6.6
v 2.5 6.4 -6.6
v 2.5 6.5 -6.6
v 2.5 6.6 -6.6
v 2.6 6.2 -6.6
v 2.6 6.3 -6.6
v 2.6 6.4 -6.6
v 2.6 6.5 -6.6
v 2.6 6.6 -6.6
v 2.7 6.2 -6.6
v 2.7 6.4 -6.6
v 2.7 6.5 -6.6
v 2.7 6.6 -6.6
v 2.8 6.2 -6.6
v 2.8 6.3 -6.6
v 2.8 6.6 -6.6
v 2.9 6.2 -6.6
v 2.9 6.3 -6.6
v 2.9 6.4 -6.6
v 2.9 6.5 -6.6
v 3 6.3 -6.6
v 3 6.4 -6.6
v 3 6.5 -6.6
v 3 6.6 -6.6
v 3.1 6.2 -6.6
v 3.1 6.4 -6.6
v 3.1 6.5 -6.6
v 3.2 6.3 -6.6
v 3.2 6.4 -6.6
v 3.2 6.5 -6.6
v 3.2 6.6 -6.6
v 3.3 6.2 -6.6
v 3.3 6.3 -6.6
v 3.3 6.4 -6.6
v 3.3 6.5 -6.6
v 3.3 6.6 -6.6
v 3.4 6.2 -6.6
v 3.4 6.3 -6.6
v 3.4 6.6 -6.6
v 3.5 6.2 -6.6
v 3.5 6.6 -6.6
v -2.3 1.7 -6.7
v -2.3 3.9 -6.7
v -2.3 6.6 -6.7
v -2.3 6.8 -6.7
v -2.1 1.7 -6.7
v -2.1 3.9 -6.7
v -1.8 6.6 -6.7
v -1.8 6.8 -6.7
v -1.7 6.6 -6.7
v -1.7 6.7 -6.7
v -1.6 6.7 -6.7
v -1.6 6.8 -6.7
v -1.5 6.6 -6.7
v -1.5 6.7 -6.7
v -1.5 6.8 -6.7
v -1.4 6.6 -6.7
v -1.4 6.7 -6.7
v -1.4 6.8 -6.7
v -1.3 6.6 -6.7
v -1.3 6.7 -6.7
v -1.3 6.8 -6.7
v -1.2 6.6 -6.7
v -1.1 6.6 -6.7
v -1.1 6.7 -6.7
v -1 6.6 -6.7
v -1 6.7 -6.7
v -1 6.8 -6.7
v -0.9 6.6 -6.7
v -0.9 6.7 -6.7
v -0.9 6.8 -6.7
v -0.8 6.6 -6.7
v -0.8 6.7 -6.7
v -0.7 6.7 -6.7
v -0.7 6.8 -6.7
v -0.6 6.6 -6.7
v -0.6 6.7 -6.7
v -0.5 6.7 -6.7
v -0.5 6.8 -6.7
v -0.3 6.6 -6.7
v -0.3 6.7 -6.7
v -0.2 6.6 -6.7
v -0.2 6.7 -6.7
v -0.2 6.8 -6.7
v -0.0999999 6.6 -6.7
v -0.0999999 6.7 -6.7
v -0.0999999 6.8 -6.7
v 0 6.6 -6.7
v 0 6.7 -6.7
v 0 6.8 -6.7
v 0.1 6.6 -6.7
v 0.1 6.7 -6.7
v 0.2 6.6 -6.7
v 0.3 6.6 -6.7
v 0.3 6.7 -6.7
v 0.3 6.8 -6.7
v 0.4 6.6 -6.7
v 0.4 6.7 -6.7
v 0.4 6.8 -6.7
v 0.5 6.7 -6.7
v 0.5 6.8 -6.7
v 0.6 6.7 -6.7
v 0.6 6.8 -6.7
v 0.8 6.6 -6.7
v 0.8 6.7 -6.7
v 0.8 6.8 -6.7
v 0.9 6.7 -6.7
v 0.9 6.8 -6.7
v 1 6.6 -6.7
v 1 6.7 -6.7
v 1 6.8 -6.7
v 1.1 6.6 -6.7
v 1.1 6.7 -6.7
v 1.1 6.8 -6.7
v 1.2 6.6 -6.7
v 1.2 6.7 -6.7
v 1.2 6.8 -6.7
v 1.3 6.7 -6.7
v 1.3 6.8 -6.7
v 1.4 6.6 -6.7
v 1.4 6.7 -6.7
v 1.4 6.8 -6.7
v 1.5 6.6 -6.7
v 1.5 6.7 -6.7
v 1.5 6.8 -6.7
v 1.6 6.6 -6.7
v 1.7 6.6 -6.7
v 1.7 6.7 -6.7
v 1.8 6.6 -6.7
v 1.8 6.7 -6.7
v 1.8 6.8 -6.7
v 1.9 6.7 -6.7
v 1.9 6.8 -6.7
v 2.1 6.7 -6.7
v 2.1 6.8 -6.7
v 2.2 6.6 -6.7
v 2.2 6.7 -6.7
v 2.2 6.8 -6.7
v 2.3 6.6 -6.7
v 2.3 6.7 -6.7
v 2.3 6.8 -6.7
v 2.4 6.6 -6.7
v 2.4 6.7 -6.7
v 2.4 6.8 -6.7
v 2.5 6.6 -6.7
v 2.6 6.6 -6.7
v 2.6 6.7 -6.7
v 2.7 6.6 -6.7
v 2.7 6.7 -6.7
v 2.8 6.6 -6.7
v 2.8 6.7 -6.7
v 2.8 6.8 -6.7
v 2.9 6.6 -6.7
v 2.9 6.7 -6.7
v 2.9 6.8 -6.7
v 3 6.6 -6.7
v 3 6.7 -6.7
v 3 6.8 -6.7
v 3.1 6.7 -6.7
v 3.1 6.8 -6.7
v 3.2 6.6 -6.7
v 3.2 6.7 -6.7
v 3.3 6.6 -6.7
v 3.4 6.6 -6.7
v 3.4 6.8 -6.7
v 3.5 6.6 -6.7
v 3.5 6.8 -6.7
v -4 0 -6.8
v -4 0.1 -6.8
v -3.8 0 -6.8
v -3.8 0.1 -6.8
v -3.8 0.3 -6.8
v -3.7 0.1 -6.8
v -3.7 0.2 -6.8
v -3.6 0.2 -6.8
v -3.6 0.3 -6.8
v -3.6 0.5 -6.8
v -3.5 0.3 -6.8
v -3.5 0.4 -6.8
v -3.4 0.4 -6.8
v -3.4 0.5 -6.8
v -3.4 0.7 -6.8
v -3.3 0.5 -6.8
v -3.3 0.6 -6.8
v -3.2 0.6 -6.8
v -3.2 0.7 -6.8
v -3.2 0.9 -6.8
v -3.1 0.7 -6.8
v -3.1 0.8 -6.8
v -3 0.8 -6.8
v -3 0.9 -6.8
v -3 1.1 -6.8
v -2.9 0.9 -6.8
v -2.9 1 -6.8
v -2.8 1 -6.8
v -2.8 1.1 -6.8
v -2.8 1.3 -6.8
v -2.7 1.1 -6.8
v -2.7 1.2 -6.8
v -2.6 1.2 -6.8
v -2.6 1.3 -6.8
v -2.6 1.5 -6.8
v -2.5 1.3 -6.8
v -2.5 1.4 -6.8
v -2.4 1.4 -6.8
v -2.4 1.5 -6.8
v -2.4 1.7 -6.8
v -2.3 1.7 -6.8
v -2.3 6.8 -6.8
v -2.3 7.1 -6.8
v -2.2 1.5 -6.8
v -2.2 1.7 -6.8
v -2.2 5 -6.8
v -2.2 5.4 -6.8
v -2 5 -6.8
v -2 5.2 -6.8
v -2 5.3 -6.8
v -2 5.4 -6.8
v -1.8 6.8 -6.8
v -1.8 7.1 -6.8
v -1.7 6.8 -6.8
v -1.7 7 -6.8
v -1.6 6.8 -6.8
v -1.5 6.8 -6.8
v -1.5 7 -6.8
v -1.4 6.8 -6.8
v -1.4 7 -6.8
v -1.3 6.8 -6.8
v -1.3 7 -6.8
v -1.2 6.8 -6.8
v -1.2 7 -6.8
v -1.1 6.9 -6.8
v -1.1 7 -6.8
v -1.1 7.1 -6.8
v -1 6.8 -6.8
v -1 6.9 -6.8
v -1 7 -6.8
v -1 7.1 -6.8
v -0.9 6.8 -6.8
v -0.9 6.9 -6.8
v -0.9 7 -6.8
v -0.9 7.1 -6.8
v -0.7 6.8 -6.8
v -0.7 6.9 -6.8
v -0.7 7 -6.8
v -0.7 7.1 -6.8
v -0.6 6.8 -6.8
v -0.6 7.1 -6.8
v -0.5 6.8 -6.8
v -0.5 6.9 -6.8
v -0.5 7 -6.8
v -0.4 6.9 -6.8
v -0.4 7 -6.8
v -0.4 7.1 -6.8
v -0.3 6.9 -6.8
v -0.3 7 -6.8
v -0.3 7.1 -6.8
v -0.2 6.8 -6.8
v -0.2 6.9 -6.8
v -0.2 7 -6.8
v -0.0999999 6.8 -6.8
v -0.0999999 6.9 -6.8
v -0.0999999 7 -6.8
v -0.0999999 7.1 -6.8
v 0 6.8 -6.8
v 0 6.9 -6.8
v 0 7 -6.8
v 0 7.1 -6.8
v 0.1 6.8 -6.8
v 0.1 6.9 -6.8
v 0.1 7 -6.8
v 0.2 6.8 -6.8
v 0.2 6.9 -6.8
v 0.2 7 -6.8
v 0.2 7.1 -6.8
v 0.3 6.8 -6.8
v 0.3 7 -6.8
v 0.3 7.1 -6.8
v 0.4 6.8 -6.8
v 0.4 6.9 -6.8
v 0.4 7 -6.8
v 0.4 7.1 -6.8
v 0.5 6.8 -6.8
v 0.5 6.9 -6.8
v 0.5 7 -6.8
v 0.5 7.1 -6.8
v 0.6 6.8 -6.8
v 0.6 6.9 -6.8
v 0.6 7 -6.8
v 0.6 7.1 -6.8
v 0.7 6.9 -6.8
v 0.7 7 -6.8
v 0.7 7.1 -6.8
v 0.8 6.8 -6.8
v 0.8 6.9 -6.8
v 0.9 6.8 -6.8
v 0.9 6.9 -6.8
v 0.9 7.1 -6.8
v 1 6.8 -6.8
v 1 6.9 -6.8
v 1 7 -6.8
v 1.1 6.8 -6.8
v 1.1 6.9 -6.8
v 1.1 7 -6.8
v 1.1 7.1 -6.8
v 1.2 6.8 -6.8
v 1.2 6.9 -6.8
v 1.2 7 -6.8
v 1.2 7.1 -6.8
v 1.3 6.8 -6.8
v 1.3 6.9 -6.8
v 1.3 7 -6.8
v 1.3 7.1 -6.8
v 1.4 6.8 -6.8
v 1.4 6.9 -6.8
v 1.4 7 -6.8
v 1.4 7.1 -6.8
v 1.5 6.8 -6.8
v 1.6 6.8 -6.8
v 1.6 6.9 -6.8
v 1.7 6.9 -6.8
v 1.7 7 -6.8
v 1.7 7.1 -6.8
v 1.8 6.8 -6.8
v 1.8 7 -6.8
v 1.8 7.1 -6.8
v 1.9 6.8 -6.8
v 1.9 6.9 -6.8
v 1.9 7 -6.8
v 2 7 -6.8
v 2 7.1 -6.8
v 2.1 6.8 -6.8
v 2.1 6.9 -6.8
v 2.1 7 -6.8
v 2.2 6.8 -6.8
v 2.2 6.9 -6.8
v 2.2 7.1 -6.8
v 2.3 6.8 -6.8
v 2.3 6.9 -6.8
v 2.3 7 -6.8
v 2.4 6.8 -6.8
v 2.4 6.9 -6.8
v 2.4 7 -6.8
v 2.4 7.1 -6.8
v 2.5 7 -6.8
v 2.5 7.1 -6.8
v 2.6 6.9 -6.8
v 2.6 7 -6.8
v 2.6 7.1 -6.8
v 2.7 6.9 -6.8
v 2.7 7 -6.8
v 2.7 7.1 -6.8
v 2.8 6.8 -6.8
v 2.8 6.9 -6.8
v 2.8 7 -6.8
v 2.8 7.1 -6.8
v 2.9 6.8 -6.8
v 2.9 6.9 -6.8
v 2.9 7 -6.8
v 3 6.8 -6.8
v 3 6.9 -6.8
v 3 7 -6.8
v 3 7.1 -6.8
v 3.1 6.8 -6.8
v 3.1 6.9 -6.8
v 3.1 7.1 -6.8
v 3.2 6.8 -6.8
v 3.2 7.1 -6.8
v 3.3 6.8 -6.8
v 3.3 7 -6.8
v 3.4 6.8 -6.8
v 3.4 7 -6.8
v 3.4 7.1 -6.8
v 3.5 6.8 -6.8
v 3.5 7.1 -6.8
v -2.3 7.1 -6.9
v -2.3 7.3 -6.9
v -2.2 4.8 -6.9
v -2.2 5 -6.9
v -2.2 5.4 -6.9
v -2.2 5.6 -6.9
v -2 4.8 -6.9
v -2 4.9 -6.9
v -2 5 -6.9
v -2 5.4 -6.9
v -2 5.6 -6.9
v -1.8 7.1 -6.9
v -1.8 7.3 -6.9
v -1.7 7.1 -6.9
v -1.7 7.2 -6.9
v -1.7 7.3 -6.9
v -1.6 7.1 -6.9
v -1.6 7.2 -6.9
v -1.6 7.3 -6.9
v -1.5 7.2 -6.9
v -1.5 7.3 -6.9
v -1.4 7.1 -6.9
v -1.4 7.2 -6.9
v -1.4 7.3 -6.9
v -1.3 7.1 -6.9
v -1.3 7.2 -6.9
v -1.2 7.1 -6.9
v -1.2 7.2 -6.9
v -1.2 7.3 -6.9
v -1.1 7.1 -6.9
v -1.1 7.2 -6.9
v -1.1 7.3 -6.9
v -1 7.1 -6.9
v -1 7.2 -6.9
v -1 7.3 -6.9
v -0.9 7.1 -6.9
v -0.9 7.2 -6.9
v -0.9 7.3 -6.9
v -0.8 7.2 -6.9
v -0.8 7.3 -6.9
v -0.7 7.1 -6.9
v -0.6 7.1 -6.9
v -0.6 7.3 -6.9
v -0.4 7.1 -6.9
v -0.4 7.2 -6.9
v -0.3 7.1 -6.9
v -0.3 7.2 -6.9
v -0.0999999 7.1 -6.9
v -0.0999999 7.2 -6.9
v 0 7.1 -6.9
v 0.2 7.1 -6.9
v 0.2 7.2 -6.9
v 0.3 7.1 -6.9
v 0.3 7.2 -6.9
v 0.3 7.3 -6.9
v 0.4 7.1 -6.9
v 0.4 7.3 -6.9
v 0.5 7.1 -6.9
v 0.5 7.2 -6.9
v 0.5 7.3 -6.9
v 0.6 7.1 -6.9
v 0.7 7.1 -6.9
v 0.7 7.2 -6.9
v 0.8 7.1 -6.9
v 0.8 7.3 -6.9
v 0.9 7.1 -6.9
v 0.9 7.2 -6.9
v 1.1 7.1 -6.9
v 1.1 7.2 -6.9
v 1.2 7.1 -6.9
v 1.2 7.2 -6.9
v 1.2 7.3 -6.9
v 1.3 7.1 -6.9
v 1.3 7.2 -6.9
v 1.3 7.3 -6.9
v 1.4 7.1 -6.9
v 1.4 7.2 -6.9
v 1.5 7.1 -6.9
v 1.5 7.2 -6.9
v 1.7 7.1 -6.9
v 1.7 7.2 -6.9
v 1.8 7.1 -6.9
v 1.8 7.2 -6.9
v 1.9 7.1 -6.9
v 1.9 7.2 -6.9
v 2 7.1 -6.9
v 2 7.2 -6.9
v 2.1 7.1 -6.9
v 2.1 7.2 -6.9
v 2.2 7.1 -6.9
v 2.2 7.2 -6.9
v 2.3 7.2 -6.9
v 2.3 7.3 -6.9
v 2.4 7.1 -6.9
v 2.4 7.2 -6.9
v 2.4 7.3 -6.9
v 2.5 7.1 -6.9
v 2.5 7.2 -6.9
v 2.6 7.1 -6.9
v 2.6 7.3 -6.9
v 2.7 7.1 -6.9
v 2.7 7.3 -6.9
v 2.8 7.1 -6.9
v 2.8 7.3 -6.9
v 2.9 7.1 -6.9
v 2.9 7.2 -6.9
v 2.9 7.3 -6.9
v 3 7.1 -6.9
v 3.1 7.1 -6.9
v 3.1 7.2 -6.9
v 3.2 7.1 -6.9
v 3.2 7.2 -6.9
v 3.2 7.3 -6.9
v 3.3 7.2 -6.9
v 3.3 7.3 -6.9
v 3.4 7.1 -6.9
v 3.4 7.2 -6.9
v 3.4 7.3 -6.9
v 3.5 7.1 -6.9
v 3.5 7.3 -6.9
v -2.3 7.3 -7
v -2.3 7.5 -7
v -1.8 7.3 -7
v -1.8 7.5 -7
v -1.7 7.3 -7
v -1.7 7.4 -7
v -1.6 7.3 -7
v -1.6 7.4 -7
v -1.6 7.5 -7
v -1.5 7.3 -7
v -1.5 7.4 -7
v -1.5 7.5 -7
v -1.4 7.3 -7
v -1.3 7.3 -7
v -1.3 7.4 -7
v -1.3 7.5 -7
v -1.2 7.3 -7
v -1.2 7.4 -7
v -1.2 7.5 -7
v -1.1 7.3 -7
v -1.1 7.4 -7
v -1 7.3 -7
v -0.9 7.3 -7
v -0.9 7.4 -7
v -0.9 7.5 -7
v -0.8 7.3 -7
v -0.8 7.4 -7
v -0.8 7.5 -7
v -0.7 7.3 -7
v -0.7 7.4 -7
v -0.6 7.3 -7
v -0.6 7.4 -7
v -0.5 7.4 -7
v -0.5 7.5 -7
v -0.4 7.3 -7
v -0.4 7.4 -7
v -0.3 7.3 -7
v -0.3 7.4 -7
v -0.3 7.5 -7
v -0.2 7.4 -7
v -0.2 7.5 -7
v -0.0999999 7.4 -7
v -0.0999999 7.5 -7
v 0 7.3 -7
v 0 7.4 -7
v 0 7.5 -7
v 0.1 7.4 -7
v 0.1 7.5 -7
v 0.2 7.3 -7
v 0.2 7.5 -7
v 0.3 7.3 -7
v 0.3 7.4 -7
v 0.3 7.5 -7
v 0.4 7.3 -7
v 0.5 7.3 -7
v 0.6 7.3 -7
v 0.6 7.4 -7
v 0.6 7.5 -7
v 0.7 7.3 -7
v 0.7 7.4 -7
v 0.7 7.5 -7
v 0.8 7.3 -7
v 0.8 7.4 -7
v 0.8 7.5 -7
v 0.9 7.3 -7
v 0.9 7.4 -7
v 1.1 7.4 -7
v 1.1 7.5 -7
v 1.2 7.3 -7
v 1.2 7.4 -7
v 1.2 7.5 -7
v 1.3 7.3 -7
v 1.3 7.4 -7
v 1.3 7.5 -7
v 1.5 7.4 -7
v 1.5 7.5 -7
v 1.8 7.3 -7
v 1.8 7.5 -7
v 1.9 7.3 -7
v 1.9 7.4 -7
v 1.9 7.5 -7
v 2.1 7.3 -7
v 2.1 7.4 -7
v 2.3 7.3 -7
v 2.3 7.5 -7
v 2.4 7.3 -7
v 2.5 7.3 -7
v 2.5 7.5 -7
v 2.6 7.3 -7
v 2.6 7.4 -7
v 2.7 7.3 -7
v 2.7 7.4 -7
v 2.8 7.3 -7
v 2.9 7.3 -7
v 2.9 7.4 -7
v 2.9 7.5 -7
v 3.2 7.3 -7
v 3.2 7.4 -7
v 3.2 7.5 -7
v 3.3 7.3 -7
v 3.3 7.4 -7
v 3.3 7.5 -7
v 3.4 7.3 -7
v 3.4 7.4 -7
v 3.4 7.5 -7
v 3.5 7.3 -7
v 3.5 7.5 -7
v -2.3 7.5 -7.1
v -2.3 7.9 -7.1
v -2.2 4.7 -7.1
v -2.2 4.8 -7.1
v -2.2 5.6 -7.1
v -2.2 5.7 -7.1
v -2 4.7 -7.1
v -2 4.8 -7.1
v -2 5.6 -7.1
v -2 5.7 -7.1
v -1.8 7.5 -7.1
v -1.8 7.9 -7.1
v -1.7 7.6 -7.1
v -1.7 7.7 -7.1
v -1.7 7.8 -7.1
v -1.7 7.9 -7.1
v -1.6 7.5 -7.1
v -1.6 7.6 -7.1
v -1.6 7.7 -7.1
v -1.6 7.8 -7.1
v -1.5 7.5 -7.1
v -1.5 7.6 -7.1
v -1.5 7.7 -7.1
v -1.5 7.8 -7.1
v -1.5 7.9 -7.1
v -1.4 7.5 -7.1
v -1.4 7.6 -7.1
v -1.4 7.7 -7.1
v -1.4 7.8 -7.1
v -1.3 7.5 -7.1
v -1.3 7.6 -7.1
v -1.3 7.8 -7.1
v -1.3 7.9 -7.1
v -1.2 7.5 -7.1
v -1.2 7.7 -7.1
v -1.2 7.8 -7.1
v -1.2 7.9 -7.1
v -1.1 7.5 -7.1
v -1.1 7.6 -7.1
v -1.1 7.7 -7.1
v -1.1 7.8 -7.1
v -1.1 7.9 -7.1
v -1 7.5 -7.1
v -1 7.6 -7.1
v -1 7.7 -7.1
v -1 7.8 -7.1
v -1 7.9 -7.1
v -0.9 7.5 -7.1
v -0.9 7.6 -7.1
v -0.9 7.7 -7.1
v -0.9 7.8 -7.1
v -0.9 7.9 -7.1
v -0.8 7.5 -7.1
v -0.8 7.6 -7.1
v -0.8 7.7 -7.1
v -0.8 7.8 -7.1
v -0.8 7.9 -7.1
v -0.7 7.5 -7.1
v -0.7 7.6 -7.1
v -0.7 7.7 -7.1
v -0.7 7.8 -7.1
v -0.7 7.9 -7.1
v -0.6 7.5 -7.1
v -0.6 7.8 -7.1
v -0.5 7.5 -7.1
v -0.5 7.7 -7.1
v -0.5 7.8 -7.1
v -0.5 7.9 -7.1
v -0.4 7.5 -7.1
v -0.4 7.7 -7.1
v -0.4 7.8 -7.1
v -0.3 7.5 -7.1
v -0.3 7.6 -7.1
v -0.3 7.7 -7.1
v -0.3 7.8 -7.1
v -0.3 7.9 -7.1
v -0.2 7.5 -7.1
v -0.2 7.6 -7.1
v -0.2 7.8 -7.1
v -0.2 7.9 -7.1
v -0.0999999 7.5 -7.1
v -0.0999999 7.6 -7.1
v -0.0999999 7.7 -7.1
v -0.0999999 7.8 -7.1
v 0 7.5 -7.1
v 0 7.6 -7.1
v 0 7.7 -7.1
v 0 7.8 -7.1
v 0 7.9 -7.1
v 0.1 7.5 -7.1
v 0.1 7.7 -7.1
v 0.1 7.9 -7.1
v 0.2 7.5 -7.1
v 0.2 7.6 -7.1
v 0.2 7.7 -7.1
v 0.3 7.5 -7.1
v 0.3 7.6 -7.1
v 0.3 7.7 -7.1
v 0.4 7.5 -7.1
v 0.4 7.6 -7.1
v 0.4 7.7 -7.1
v 0.4 7.8 -7.1
v 0.5 7.7 -7.1
v 0.5 7.8 -7.1
v 0.6 7.5 -7.1
v 0.6 7.6 -7.1
v 0.6 7.7 -7.1
v 0.6 7.8 -7.1
v 0.7 7.5 -7.1
v 0.8 7.5 -7.1
v 0.8 7.7 -7.1
v 0.8 7.8 -7.1
v 0.9 7.5 -7.1
v 0.9 7.6 -7.1
v 0.9 7.7 -7.1
v 0.9 7.9 -7.1
v 1 7.5 -7.1
v 1 7.6 -7.1
v 1 7.7 -7.1
v 1 7.8 -7.1
v 1 7.9 -7.1
v 1.1 7.5 -7.1
v 1.1 7.7 -7.1
v 1.1 7.8 -7.1
v 1.1 7.9 -7.1
v 1.2 7.5 -7.1
v 1.2 7.7 -7.1
v 1.2 7.8 -7.1
v 1.3 7.5 -7.1
v 1.3 7.6 -7.1
v 1.3 7.7 -7.1
v 1.3 7.9 -7.1
v 1.4 7.5 -7.1
v 1.4 7.6 -7.1
v 1.4 7.7 -7.1
v 1.4 7.8 -7.1
v 1.5 7.5 -7.1
v 1.5 7.6 -7.1
v 1.5 7.7 -7.1
v 1.5 7.8 -7.1
v 1.6 7.5 -7.1
v 1.6 7.9 -7.1
v 1.7 7.5 -7.1
v 1.7 7.6 -7.1
v 1.7 7.7 -7.1
v 1.7 7.9 -7.1
v 1.8 7.5 -7.1
v 1.8 7.6 -7.1
v 1.8 7.7 -7.1
v 1.8 7.8 -7.1
v 1.9 7.5 -7.1
v 1.9 7.6 -7.1
v 2 7.5 -7.1
v 2 7.6 -7.1
v 2 7.7 -7.1
v 2 7.8 -7.1
v 2 7.9 -7.1
v 2.1 7.8 -7.1
v 2.1 7.9 -7.1
v 2.2 7.5 -7.1
v 2.2 7.7 -7.1
v 2.2 7.8 -7.1
v 2.2 7.9 -7.1
v 2.3 7.5 -7.1
v 2.3 7.7 -7.1
v 2.3 7.8 -7.1
v 2.4 7.5 -7.1
v 2.4 7.6 -7.1
v 2.4 7.7 -7.1
v 2.4 7.8 -7.1
v 2.4 7.9 -7.1
v 2.5 7.5 -7.1
v 2.5 7.6 -7.1
v 2.5 7.7 -7.1
v 2.5 7.8 -7.1
v 2.5 7.9 -7.1
v 2.6 7.8 -7.1
v 2.6 7.9 -7.1
v 2.7 7.5 -7.1
v 2.7 7.6 -7.1
v 2.8 7.7 -7.1
v 2.8 7.9 -7.1
v 2.9 7.5 -7.1
v 2.9 7.6 -7.1
v 2.9 7.7 -7.1
v 2.9 7.9 -7.1
v 3 7.5 -7.1
v 3 7.6 -7.1
v 3 7.7 -7.1
v 3 7.8 -7.1
v 3.1 7.6 -7.1
v 3.1 7.7 -7.1
v 3.1 7.8 -7.1
v 3.2 7.5 -7.1
v 3.2 7.6 -7.1
v 3.2 7.7 -7.1
v 3.2 7.8 -7.1
v 3.3 7.5 -7.1
v 3.3 7.6 -7.1
v 3.3 7.7 -7.1
v 3.3 7.8 -7.1
v 3.3 7.9 -7.1
v 3.4 7.5 -7.1
v 3.4 7.7 -7.1
v 3.4 7.9 -7.1
v 3.5 7.5 -7.1
v 3.5 7.9 -7.1
v -2.3 7.2 -7.3
v -2.3 7.4 -7.3
v -2 7.2 -7.3
v -2 7.4 -7.3
v 3.2 7.2 -7.3
v 3.2 7.4 -7.3
v 3.4 7.2 -7.3
v 3.4 7.4 -7.3
v 3.5 7.2 -7.3
v 3.5 7.4 -7.3
v -2.3 6.8 -7.4
v -2.3 7.2 -7.4
v -2 6.8 -7.4
v -2 6.9 -7.4
v -2 7.2 -7.4
v 3.2 7 -7.4
v 3.2 7.1 -7.4
v 3.2 7.2 -7.4
v 3.4 7 -7.4
v 3.4 7.2 -7.4
v 3.5 7 -7.4
v 3.5 7.2 -7.4
v -2.3 6.6 -7.5
v -2.3 6.8 -7.5
v -2.2 4.8 -7.5
v -2.2 4.9 -7.5
v -2.2 5.5 -7.5
v -2.2 5.6 -7.5
v -2.1 4.8 -7.5
v -2.1 4.9 -7.5
v -2.1 5.5 -7.5
v -2.1 5.6 -7.5
v -2 6.6 -7.5
v -2 6.8 -7.5
v 3.2 6.7 -7.5
v 3.2 6.8 -7.5
v 3.2 6.9 -7.5
v 3.2 7 -7.5
v 3.4 6.7 -7.5
v 3.4 7 -7.5
v 3.5 6.7 -7.5
v 3.5 7 -7.5
v -2.3 6.4 -7.6
v -2.3 6.6 -7.6
v -2.2 4.9 -7.6
v -2.2 5 -7.6
v -2.2 5.4 -7.6
v -2.2 5.5 -7.6
v -2.1 4.9 -7.6
v -2.1 5 -7.6
v -2.1 5.4 -7.6
v -2.1 5.5 -7.6
v -2 6.4 -7.6
v -2 6.5 -7.6
v -2 6.6 -7.6
v 3.2 6.4 -7.6
v 3.2 6.5 -7.6
v 3.2 6.7 -7.6
v 3.4 6.4 -7.6
v 3.4 6.7 -7.6
v 3.5 6.4 -7.6
v 3.5 6.7 -7.6
v -2.3 1.8 -7.7
v -2.3 2.1 -7.7
v -2.3 2.2 -7.7
v -2.3 3.4 -7.7
v -2.3 3.5 -7.7
v -2.3 3.8 -7.7
v -2.3 6.2 -7.7
v -2.3 6.4 -7.7
v -2.2 1.8 -7.7
v -2.2 2.1 -7.7
v -2.2 2.2 -7.7
v -2.2 3.4 -7.7
v -2.2 3.5 -7.7
v -2.2 3.8 -7.7
v -2.2 5 -7.7
v -2.2 5.4 -7.7
v -2.1 5 -7.7
v -2.1 5.1 -7.7
v -2.1 5.3 -7.7
v -2.1 5.4 -7.7
v -2 6.2 -7.7
v -2 6.4 -7.7
v 3.2 6.2 -7.7
v 3.2 6.4 -7.7
v 3.4 6.2 -7.7
v 3.4 6.4 -7.7
v 3.5 6.2 -7.7
v 3.5 6.4 -7.7
v -2.3 5.9 -7.8
v -2.3 6.2 -7.8
v -2 5.9 -7.8
v -2 6 -7.8
v -2 6.1 -7.8
v -2 6.2 -7.8
v 3.2 5.8 -7.8
v 3.2 6 -7.8
v 3.2 6.1 -7.8
v 3.2 6.2 -7.8
v 3.4 5.8 -7.8
v 3.4 6.2 -7.8
v 3.5 5.8 -7.8
v 3.5 6.2 -7.8
v -2.3 5.6 -7.9
v -2.3 5.9 -7.9
v -2 5.6 -7.9
v -2 5.7 -7.9
v -2 5.9 -7.9
v 3.2 5.5 -7.9
v 3.2 5.6 -7.9
v 3.2 5.7 -7.9
v 3.2 5.8 -7.9
v 3.4 5.5 -7.9
v 3.4 5.8 -7.9
v 3.5 5.5 -7.9
v 3.5 5.8 -7.9
v -2.3 5.1 -8
v -2.3 5.6 -8
v -2 5.1 -8
v -2 5.2 -8
v -2 5.3 -8
v -2 5.6 -8
v 3.2 5.1 -8
v 3.2 5.2 -8
v 3.2 5.3 -8
v 3.2 5.5 -8
v 3.4 5.1 -8
v 3.4 5.5 -8
v 3.5 5.1 -8
v 3.5 5.5 -8
v -2.3 4.9 -8.1
v -2.3 5.1 -8.1
v -2 4.9 -8.1
v -2 5.1 -8.1
v 3.2 4.9 -8.1
v 3.2 5.1 -8.1
v 3.4 4.9 -8.1
v 3.4 5.1 -8.1
v 3.5 4.9 -8.1
v 3.5 5.1 -8.1
v -2.3 4.7 -8.2
v -2.3 4.9 -8.2
v -2 4.7 -8.2
v -2 4.8 -8.2
v -2 4.9 -8.2
v 3.2 4.7 -8.2
v 3.2 4.8 -8.2
v 3.2 4.9 -8.2
v 3.4 4.7 -8.2
v 3.4 4.9 -8.2
v 3.5 4.7 -8.2
v 3.5 4.9 -8.2
v -2.3 4.5 -8.3
v -2.3 4.7 -8.3
v -2 4.5 -8.3
v -2 4.7 -8.3
v 3.2 4.5 -8.3
v 3.2 4.7 -8.3
v 3.4 4.5 -8.3
v 3.4 4.7 -8.3
v 3.5 4.5 -8.3
v 3.5 4.7 -8.3
v -2.3 4.3 -8.4
v -2.3 4.5 -8.4
v -2.1 0 -8.4
v -2.1 4.2 -8.4
v -2 0 -8.4
v -2 1.5 -8.4
v -2 1.7 -8.4
v -2 2 -8.4
v -2 2.1 -8.4
v -2 2.4 -8.4
v -2 2.5 -8.4
v -2 2.8 -8.4
v -2 2.9 -8.4
v -2 3.2 -8.4
v -2 3.3 -8.4
v -2 3.6 -8.4
v -2 3.7 -8.4
v -2 4 -8.4
v -2 4.1 -8.4
v -2 4.2 -8.4
v -2 4.3 -8.4
v -2 4.4 -8.4
v -2 4.5 -8.4
v 3.2 1.5 -8.4
v 3.2 1.7 -8.4
v 3.2 2 -8.4
v 3.2 2.1 -8.4
v 3.2 2.4 -8.4
v 3.2 2.5 -8.4
v 3.2 2.8 -8.4
v 3.2 2.9 -8.4
v 3.2 3.2 -8.4
v 3.2 3.3 -8.4
v 3.2 3.6 -8.4
v 3.2 3.7 -8.4
v 3.2 4 -8.4
v 3.2 4.1 -8.4
v 3.2 4.2 -8.4
v 3.2 4.3 -8.4
v 3.2 4.4 -8.4
v 3.2 4.5 -8.4
v 3.3 1.5 -8.4
v 3.3 4.2 -8.4
v 3.4 4.3 -8.4
v 3.4 4.5 -8.4
v 3.5 4.3 -8.4
v 3.5 4.5 -8.4
v -2.3 4.2 -8.5
v -2.3 4.3 -8.5
v -2.1 4.2 -8.5
v -2 4.2 -8.5
v -2 4.3 -8.5
v 3.2 0 -8.5
v 3.2 1.5 -8.5
v 3.2 4.2 -8.5
v 3.2 4.3 -8.5
v 3.3 0 -8.5
v 3.3 1.5 -8.5
v 3.3 4.2 -8.5
v 3.4 4.2 -8.5
v 3.4 4.3 -8.5
v 3.5 4.2 -8.5
v 3.5 4.3 -8.5
v -2 0 -8.6
v -2 1.5 -8.6
v -1.8 0 -8.6
v -1.8 0.2 -8.6
v -1.8 0.4 -8.6
v -1.8 0.5 -8.6
v -1.8 1 -8.6
v -1.8 1.1 -8.6
v -1.8 1.3 -8.6
v -1.8 1.5 -8.6
v -1.4 0.9 -8.6
v -1.4 1 -8.6
v -1.4 1.1 -8.6
v -1.2 0.4 -8.6
v -1.2 0.5 -8.6
v -1.2 0.6 -8.6
v -0.5 0.8 -8.6
v -0.5 0.9 -8.6
v -0.5 1 -8.6
v -0.2 0.5 -8.6
v -0.2 0.6 -8.6
v -0.2 0.7 -8.6
v 0.2 0.7 -8.6
v 0.2 0.8 -8.6
v 0.2 0.9 -8.6
v 0.3 0.6 -8.6
v 0.3 0.7 -8.6
v 0.9 0.6 -8.6
v 0.9 0.7 -8.6
v 1.3 0.7 -8.6
v 1.3 0.8 -8.6
v 1.3 0.9 -8.6
v 1.7 0.5 -8.6
v 1.7 0.6 -8.6
v 1.7 0.7 -8.6
v 2 0.8 -8.6
v 2 0.9 -8.6
v 2 1 -8.6
v 2.4 0.4 -8.6
v 2.4 0.5 -8.6
v 2.4 0.6 -8.6
v 2.6 0.9 -8.6
v 2.6 1 -8.6
v 2.6 1.1 -8.6
v 2.9 0.4 -8.6
v 2.9 0.5 -8.6
v 3 0 -8.6
v 3 0.2 -8.6
v 3 0.4 -8.6
v 3 1 -8.6
v 3 1.1 -8.6
v 3 1.3 -8.6
v 3 1.5 -8.6
v 3.2 0 -8.6
v 3.2 1.5 -8.6
v 0.9 0 -2.2
v 0.9 1.5 -2.2
v 1.1 0 -2.2
v 1.1 1.5 -2.2
v 3 0 -2.2
v 3 1.5 -2.2
v 3.2 0 -2.2
v 3.2 1.5 -2.2
v 0.8 0 -2.4
v 0.8 0.2 -2.4
v 0.8 0.4 -2.4
v 0.8 1 -2.4
v 0.8 1.3 -2.4
v 0.8 2 -2.4
v 0.8 2.1 -2.4
v 0.8 4.2 -2.4
v 0.9 0 -2.4
v 0.9 0.2 -2.4
v 0.9 0.4 -2.4
v 0.9 1 -2.4
v 0.9 1.3 -2.4
v 0.9 1.5 -2.4
v 0.9 1.7 -2.4
v 0.9 2 -2.4
v 0.9 2.1 -2.4
v 0.9 2.4 -2.4
v 0.9 2.5 -2.4
v 0.9 2.8 -2.4
v 0.9 2.9 -2.4
v 0.9 3.2 -2.4
v 0.9 3.3 -2.4
v 0.9 3.6 -2.4
v 0.9 3.7 -2.4
v 0.9 4 -2.4
v 0.9 4.1 -2.4
v 0.9 4.2 -2.4
v 3.2 0 -2.4
v 3.2 1.5 -2.4
v 3.2 1.7 -2.4
v 3.2 2 -2.4
v 3.2 2.1 -2.4
v 3.2 2.4 -2.4
v 3.2 2.5 -2.4
v 3.2 2.8 -2.4
v 3.2 2.9 -2.4
v 3.2 3.2 -2.4
v 3.2 3.3 -2.4
v 3.2 3.6 -2.4
v 3.2 3.7 -2.4
v 3.2 4 -2.4
v 3.2 4.1 -2.4
v 3.2 4.2 -2.4
v 3.3 0 -2.4
v 3.3 4.2 -2.4
v 0.6 2.5 -2.7
v 0.6 3.8 -2.7
v 0.7 2.5 -2.7
v 0.7 3.8 -2.7
v 0.8 1 -2.7
v 0.8 1.1 -2.7
v 0.9 1 -2.7
v 0.9 1.1 -2.7
v 0.8 0.4 -2.8
v 0.8 0.5 -2.8
v 0.9 0.4 -2.8
v 0.9 0.5 -2.8
v 0.8 0.9 -3.1
v 0.8 1 -3.1
v 0.9 0.9 -3.1
v 0.9 1 -3.1
v 0.8 0.5 -3.3
v 0.8 0.6 -3.3
v 0.9 0.5 -3.3
v 0.9 0.6 -3.3
v 0.8 0.8 -3.6
v 0.8 0.9 -3.6
v 0.9 0.8 -3.6
v 0.9 0.9 -3.6
v 0.6 2.2 -3.8
v 0.6 3.9 -3.8
v 0.8 2.2 -3.8
v 0.8 3.9 -3.8
v 0.8 0.6 -3.9
v 0.8 0.7 -3.9
v 0.9 0.6 -3.9
v 0.9 0.7 -3.9
v 0.8 0.7 -4.4
v 0.8 0.8 -4.4
v 0.9 0.7 -4.4
v 0.9 0.8 -4.4
v 0.6 2.5 -4.5
v 0.6 3.8 -4.5
v 0.7 2.5 -4.5
v 0.7 3.8 -4.5
v 0.8 0.6 -4.7
v 0.8 0.7 -4.7
v 0.9 0.6 -4.7
v 0.9 0.7 -4.7
v 0.8 0.8 -4.9
v 0.8 0.9 -4.9
v 0.9 0.8 -4.9
v 0.9 0.9 -4.9
v 0.8 0.5 -5.4
v 0.8 0.6 -5.4
v 0.9 0.5 -5.4
v 0.9 0.6 -5.4
v 0.8 0.9 -5.5
v 0.8 1 -5.5
v 0.9 0.9 -5.5
v 0.9 1 -5.5
v 0.6 2.2 -5.6
v 0.6 3.9 -5.6
v 0.8 2.2 -5.6
v 0.8 3.9 -5.6
v -2 0 -6
v -2 1.5 -6
v -1.8 0 -6
v -1.8 1.5 -6
v 0.7 0 -6
v 0.7 1.5 -6
v 0.9 0 -6
v 0.9 1.5 -6
v 3.2 4.2 -6
v 3.2 4.3 -6
v 3.2 4.4 -6
v 3.4 4.2 -6
v 3.4 4.3 -6
v 3.4 4.4 -6
v 3.5 4.2 -6
v 3.5 4.4 -6
v -2.3 4.2 -6.1
v -2.3 4.6 -6.1
v -2.1 4.2 -6.1
v -2 4.2 -6.1
v -2 4.4 -6.1
v -2 4.5 -6.1
v -2 4.6 -6.1
v 3.2 4.4 -6.1
v 3.2 4.5 -6.1
v 3.4 4.4 -6.1
v 3.4 4.5 -6.1
v 3.5 4.4 -6.1
v 3.5 4.5 -6.1
v -2.3 4.6 -6.2
v -2.3 4.8 -6.2
v -2.1 0 -6.2
v -2.1 4.2 -6.2
v -2 0 -6.2
v -2 1.5 -6.2
v -2 1.7 -6.2
v -2 2 -6.2
v -2 2.1 -6.2
v -2 2.4 -6.2
v -2 2.5 -6.2
v -2 2.8 -6.2
v -2 2.9 -6.2
v -2 3.2 -6.2
v -2 3.3 -6.2
v -2 3.6 -6.2
v -2 3.7 -6.2
v -2 4 -6.2
v -2 4.1 -6.2
v -2 4.2 -6.2
v -2 4.6 -6.2
v -2 4.8 -6.2
v 3.2 4.5 -6.2
v 3.2 4.7 -6.2
v 3.4 4.5 -6.2
v 3.4 4.7 -6.2
v 3.5 4.5 -6.2
v 3.5 4.7 -6.2
v -2.3 4.8 -6.3
v -2.3 5.1 -6.3
v -2 4.8 -6.3
v -2 4.9 -6.3
v -2 5.1 -6.3
v 3.2 4.7 -6.3
v 3.2 4.8 -6.3
v 3.2 4.9 -6.3
v 3.2 5 -6.3
v 3.4 4.7 -6.3
v 3.4 5 -6.3
v 3.5 4.7 -6.3
v 3.5 5 -6.3
v -2.3 5.1 -6.4
v -2.3 5.4 -6.4
v -2 5.1 -6.4
v -2 5.2 -6.4
v -2 5.3 -6.4
v -2 5.4 -6.4
v 3.2 5 -6.4
v 3.2 5.2 -6.4
v 3.2 5.3 -6.4
v 3.2 5.4 -6.4
v 3.3 5.2 -6.4
v 3.3 5.3 -6.4
v 3.4 5 -6.4
v 3.4 5.4 -6.4
v 3.5 5 -6.4
v 3.5 5.4 -6.4
v -2.3 5.4 -6.5
v -2.3 5.6 -6.5
v -2 5.4 -6.5
v -2 5.6 -6.5
v 3.2 5.4 -6.5
v 3.2 5.6 -6.5
v 3.2 5.7 -6.5
v 3.4 5.4 -6.5
v 3.4 5.6 -6.5
v 3.4 5.7 -6.5
v 3.5 5.4 -6.5
v 3.5 5.7 -6.5
v -2.3 5.6 -6.6
v -2.3 5.9 -6.6
v -2 5.6 -6.6
v -2 5.7 -6.6
v -2 5.9 -6.6
v 3.2 5.7 -6.6
v 3.2 5.9 -6.6
v 3.4 5.7 -6.6
v 3.4 5.9 -6.6
v 3.5 5.7 -6.6
v 3.5 5.9 -6.6
v -2.3 5.9 -6.7
v -2.3 6.1 -6.7
v -2 5.9 -6.7
v -2 6 -6.7
v -2 6.1 -6.7
v 3.2 5.9 -6.7
v 3.2 6 -6.7
v 3.2 6.1 -6.7
v 3.4 5.9 -6.7
v 3.4 6.1 -6.7
v 3.5 5.9 -6.7
v 3.5 6.1 -6.7
v -2.3 1.8 -6.8
v -2.3 2.1 -6.8
v -2.3 2.2 -6.8
v -2.3 2.6 -6.8
v -2.3 2.7 -6.8
v -2.3 3.4 -6.8
v -2.3 3.5 -6.8
v -2.3 3.8 -6.8
v -2.3 6.1 -6.8
v -2.3 6.3 -6.8
v -2.2 1.8 -6.8
v -2.2 2.1 -6.8
v -2.2 2.2 -6.8
v -2.2 2.6 -6.8
v -2.2 2.7 -6.8
v -2.2 3.4 -6.8
v -2.2 3.5 -6.8
v -2.2 3.8 -6.8
v -2 6.1 -6.8
v -2 6.3 -6.8
v 3.2 6.1 -6.8
v 3.2 6.3 -6.8
v 3.4 6.1 -6.8
v 3.4 6.3 -6.8
v 3.5 6.1 -6.8
v 3.5 6.3 -6.8
v -2.3 6.3 -6.9
v -2.3 6.5 -6.9
v -2.2 5 -6.9
v -2.2 5.4 -6.9
v -2.1 5 -6.9
v -2.1 5.1 -6.9
v -2.1 5.3 -6.9
v -2.1 5.4 -6.9
v -2 6.3 -6.9
v -2 6.4 -6.9
v -2 6.5 -6.9
v 3.2 6.3 -6.9
v 3.2 6.4 -6.9
v 3.2 6.5 -6.9
v 3.4 6.3 -6.9
v 3.4 6.5 -6.9
v 3.5 6.3 -6.9
v 3.5 6.5 -6.9
v -2.3 2.6 -7
v -2.3 2.7 -7
v -2.3 6.5 -7
v -2.3 6.7 -7
v -2.2 2.6 -7
v -2.2 2.7 -7
v -2.2 4.9 -7
v -2.2 5 -7
v -2.2 5.4 -7
v -2.2 5.5 -7
v -2.1 4.9 -7
v -2.1 5 -7
v -2.1 5.4 -7
v -2.1 5.5 -7
v -2 6.5 -7
v -2 6.7 -7
v 3.2 6.5 -7
v 3.2 6.7 -7
v 3.4 6.5 -7
v 3.4 6.7 -7
v 3.5 6.5 -7
v 3.5 6.7 -7
v -2.3 6.7 -7.1
v -2.3 7 -7.1
v -2.2 4.8 -7.1
v -2.2 4.9 -7.1
v -2.2 5.5 -7.1
v -2.2 5.6 -7.1
v -2.1 4.8 -7.1
v -2.1 4.9 -7.1
v -2.1 5.5 -7.1
v -2.1 5.6 -7.1
v -2 6.7 -7.1
v -2 6.8 -7.1
v -2 6.9 -7.1
v -2 7 -7.1
v 3.2 6.7 -7.1
v 3.2 6.8 -7.1
v 3.2 6.9 -7.1
v 3.2 7.1 -7.1
v 3.2 7.2 -7.1
v 3.2 7.3 -7.1
v 3.2 7.4 -7.1
v 3.4 6.7 -7.1
v 3.4 7.3 -7.1
v 3.4 7.4 -7.1
v 3.5 6.7 -7.1
v 3.5 7.4 -7.1
v -2.3 7 -7.2
v -2.3 7.4 -7.2
v -2 7 -7.2
v -2 7.4 -7.2
v -2.3 7.5 -7.4
v -2.3 7.9 -7.4
v -1.8 7.5 -7.4
v -1.8 7.9 -7.4
v -1.7 7.6 -7.4
v -1.7 7.7 -7.4
v -1.7 7.9 -7.4
v -1.6 7.6 -7.4
v -1.6 7.7 -7.4
v -1.6 7.9 -7.4
v -1.5 7.5 -7.4
v -1.5 7.7 -7.4
v -1.5 7.8 -7.4
v -1.4 7.5 -7.4
v -1.4 7.6 -7.4
v -1.4 7.7 -7.4
v -1.4 7.8 -7.4
v -1.4 7.9 -7.4
v -1.3 7.6 -7.4
v -1.3 7.7 -7.4
v -1.2 7.5 -7.4
v -1.2 7.7 -7.4
v -1.2 7.9 -7.4
v -1.1 7.5 -7.4
v -1.1 7.6 -7.4
v -1.1 7.9 -7.4
v -1 7.5 -7.4
v -1 7.6 -7.4
v -1 7.9 -7.4
v -0.9 7.5 -7.4
v -0.9 7.6 -7.4
v -0.9 7.9 -7.4
v -0.8 7.5 -7.4
v -0.8 7.6 -7.4
v -0.8 7.9 -7.4
v -0.7 7.5 -7.4
v -0.7 7.7 -7.4
v -0.7 7.8 -7.4
v -0.7 7.9 -7.4
v -0.6 7.5 -7.4
v -0.6 7.6 -7.4
v -0.6 7.7 -7.4
v -0.6 7.8 -7.4
v -0.6 7.9 -7.4
v -0.5 7.5 -7.4
v -0.5 7.8 -7.4
v -0.5 7.9 -7.4
v -0.4 7.5 -7.4
v -0.4 7.7 -7.4
v -0.3 7.5 -7.4
v -0.3 7.8 -7.4
v -0.3 7.9 -7.4
v -0.2 7.5 -7.4
v -0.2 7.7 -7.4
v -0.2 7.8 -7.4
v -0.2 7.9 -7.4
v -0.0999999 7.5 -7.4
v -0.0999999 7.7 -7.4
v -0.0999999 7.8 -7.4
v -0.0999999 7.9 -7.4
v 0 7.6 -7.4
v 0 7.7 -7.4
v 0 7.8 -7.4
v 0.1 7.5 -7.4
v 0.1 7.6 -7.4
v 0.1 7.7 -7.4
v 0.1 7.8 -7.4
v 0.1 7.9 -7.4
v 0.2 7.5 -7.4
v 0.2 7.6 -7.4
v 0.2 7.7 -7.4
v 0.2 7.8 -7.4
v 0.3 7.5 -7.4
v 0.3 7.6 -7.4
v 0.3 7.7 -7.4
v 0.3 7.8 -7.4
v 0.4 7.5 -7.4
v 0.4 7.6 -7.4
v 0.4 7.7 -7.4
v 0.4 7.8 -7.4
v 0.4 7.9 -7.4
v 0.5 7.5 -7.4
v 0.5 7.6 -7.4
v 0.5 7.7 -7.4
v 0.5 7.9 -7.4
v 0.6 7.5 -7.4
v 0.6 7.6 -7.4
v 0.6 7.7 -7.4
v 0.6 7.8 -7.4
v 0.7 7.5 -7.4
v 0.7 7.6 -7.4
v 0.7 7.7 -7.4
v 0.7 7.8 -7.4
v 0.7 7.9 -7.4
v 0.8 7.5 -7.4
v 0.8 7.6 -7.4
v 0.8 7.7 -7.4
v 0.8 7.8 -7.4
v 0.8 7.9 -7.4
v 0.9 7.5 -7.4
v 0.9 7.6 -7.4
v 0.9 7.7 -7.4
v 0.9 7.8 -7.4
v 0.9 7.9 -7.4
v 1 7.5 -7.4
v 1 7.6 -7.4
v 1 7.8 -7.4
v 1 7.9 -7.4
v 1.1 7.5 -7.4
v 1.1 7.6 -7.4
v 1.1 7.8 -7.4
v 1.1 7.9 -7.4
v 1.2 7.5 -7.4
v 1.2 7.7 -7.4
v 1.2 7.8 -7.4
v 1.2 7.9 -7.4
v 1.3 7.5 -7.4
v 1.3 7.6 -7.4
v 1.3 7.7 -7.4
v 1.3 7.8 -7.4
v 1.3 7.9 -7.4
v 1.4 7.5 -7.4
v 1.4 7.6 -7.4
v 1.4 7.7 -7.4
v 1.4 7.9 -7.4
v 1.5 7.5 -7.4
v 1.5 7.6 -7.4
v 1.5 7.7 -7.4
v 1.5 7.8 -7.4
v 1.6 7.5 -7.4
v 1.6 7.6 -7.4
v 1.6 7.7 -7.4
v 1.6 7.8 -7.4
v 1.6 7.9 -7.4
v 1.7 7.5 -7.4
v 1.7 7.6 -7.4
v 1.7 7.7 -7.4
v 1.7 7.8 -7.4
v 1.7 7.9 -7.4
v 1.8 7.5 -7.4
v 1.8 7.6 -7.4
v 1.8 7.7 -7.4
v 1.8 7.8 -7.4
v 1.8 7.9 -7.4
v 1.9 7.5 -7.4
v 1.9 7.6 -7.4
v 1.9 7.8 -7.4
v 1.9 7.9 -7.4
v 2 7.5 -7.4
v 2 7.6 -7.4
v 2 7.7 -7.4
v 2 7.8 -7.4
v 2.1 7.5 -7.4
v 2.1 7.7 -7.4
v 2.1 7.8 -7.4
v 2.1 7.9 -7.4
v 2.2 7.5 -7.4
v 2.2 7.6 -7.4
v 2.2 7.8 -7.4
v 2.2 7.9 -7.4
v 2.3 7.5 -7.4
v 2.3 7.6 -7.4
v 2.3 7.7 -7.4
v 2.3 7.8 -7.4
v 2.3 7.9 -7.4
v 2.4 7.5 -7.4
v 2.4 7.7 -7.4
v 2.4 7.8 -7.4
v 2.4 7.9 -7.4
v 2.5 7.5 -7.4
v 2.5 7.6 -7.4
v 2.5 7.7 -7.4
v 2.5 7.8 -7.4
v 2.6 7.5 -7.4
v 2.6 7.6 -7.4
v 2.6 7.7 -7.4
v 2.6 7.8 -7.4
v 2.7 7.5 -7.4
v 2.7 7.6 -7.4
v 2.7 7.8 -7.4
v 2.7 7.9 -7.4
v 2.8 7.5 -7.4
v 2.8 7.6 -7.4
v 2.8 7.9 -7.4
v 2.9 7.5 -7.4
v 2.9 7.6 -7.4
v 2.9 7.8 -7.4
v 3 7.5 -7.4
v 3 7.6 -7.4
v 3.1 7.6 -7.4
v 3.1 7.8 -7.4
v 3.1 7.9 -7.4
v 3.2 7.5 -7.4
v 3.2 7.6 -7.4
v 3.2 7.7 -7.4
v 3.2 7.8 -7.4
v 3.2 7.9 -7.4
v 3.3 7.5 -7.4
v 3.3 7.6 -7.4
v 3.3 7.7 -7.4
v 3.3 7.8 -7.4
v 3.3 7.9 -7.4
v 3.4 7.5 -7.4
v 3.4 7.6 -7.4
v 3.4 7.7 -7.4
v 3.4 7.8 -7.4
v 3.4 7.9 -7.4
v 3.5 7.5 -7.4
v 3.5 7.9 -7.4
v -2.3 7.3 -7.5
v -2.3 7.5 -7.5
v -2.2 4.7 -7.5
v -2.2 4.8 -7.5
v -2.2 5.6 -7.5
v -2.2 5.7 -7.5
v -2 4.7 -7.5
v -2 4.8 -7.5
v -2 5.6 -7.5
v -2 5.7 -7.5
v -1.8 7.3 -7.5
v -1.8 7.5 -7.5
v -1.7 7.3 -7.5
v -1.7 7.4 -7.5
v -1.6 7.3 -7.5
v -1.6 7.4 -7.5
v -1.5 7.3 -7.5
v -1.5 7.4 -7.5
v -1.5 7.5 -7.5
v -1.4 7.3 -7.5
v -1.4 7.4 -7.5
v -1.4 7.5 -7.5
v -1.3 7.3 -7.5
v -1.3 7.4 -7.5
v -1.2 7.3 -7.5
v -1.2 7.4 -7.5
v -1.2 7.5 -7.5
v -1.1 7.3 -7.5
v -1.1 7.4 -7.5
v -1.1 7.5 -7.5
v -1 7.3 -7.5
v -1 7.4 -7.5
v -1 7.5 -7.5
v -0.9 7.3 -7.5
v -0.9 7.4 -7.5
v -0.9 7.5 -7.5
v -0.8 7.3 -7.5
v -0.8 7.5 -7.5
v -0.7 7.3 -7.5
v -0.7 7.4 -7.5
v -0.7 7.5 -7.5
v -0.6 7.3 -7.5
v -0.6 7.4 -7.5
v -0.6 7.5 -7.5
v -0.5 7.3 -7.5
v -0.5 7.5 -7.5
v -0.4 7.3 -7.5
v -0.4 7.4 -7.5
v -0.3 7.4 -7.5
v -0.3 7.5 -7.5
v -0.0999999 7.3 -7.5
v -0.0999999 7.4 -7.5
v 0.1 7.3 -7.5
v 0.1 7.4 -7.5
v 0.2 7.3 -7.5
v 0.2 7.5 -7.5
v 0.3 7.3 -7.5
v 0.4 7.3 -7.5
v 0.4 7.5 -7.5
v 0.5 7.3 -7.5
v 0.6 7.3 -7.5
v 0.6 7.4 -7.5
v 0.6 7.5 -7.5
v 0.7 7.4 -7.5
v 0.7 7.5 -7.5
v 0.8 7.3 -7.5
v 0.8 7.4 -7.5
v 0.8 7.5 -7.5
v 0.9 7.3 -7.5
v 0.9 7.4 -7.5
v 0.9 7.5 -7.5
v 1 7.3 -7.5
v 1 7.4 -7.5
v 1 7.5 -7.5
v 1.1 7.3 -7.5
v 1.1 7.5 -7.5
v 1.2 7.3 -7.5
v 1.2 7.4 -7.5
v 1.2 7.5 -7.5
v 1.3 7.3 -7.5
v 1.3 7.4 -7.5
v 1.3 7.5 -7.5
v 1.4 7.3 -7.5
v 1.4 7.4 -7.5
v 1.4 7.5 -7.5
v 1.5 7.3 -7.5
v 1.5 7.4 -7.5
v 1.5 7.5 -7.5
v 1.6 7.3 -7.5
v 1.6 7.4 -7.5
v 1.7 7.3 -7.5
v 1.7 7.4 -7.5
v 1.8 7.3 -7.5
v 1.8 7.4 -7.5
v 1.8 7.5 -7.5
v 1.9 7.3 -7.5
v 1.9 7.4 -7.5
v 1.9 7.5 -7.5
v 2.1 7.3 -7.5
v 2.1 7.4 -7.5
v 2.1 7.5 -7.5
v 2.2 7.3 -7.5
v 2.2 7.4 -7.5
v 2.2 7.5 -7.5
v 2.3 7.3 -7.5
v 2.3 7.5 -7.5
v 2.4 7.3 -7.5
v 2.4 7.5 -7.5
v 2.5 7.3 -7.5
v 2.5 7.4 -7.5
v 2.5 7.5 -7.5
v 2.6 7.3 -7.5
v 2.7 7.3 -7.5
v 2.7 7.4 -7.5
v 2.7 7.5 -7.5
v 2.9 7.3 -7.5
v 2.9 7.5 -7.5
v 3 7.3 -7.5
v 3 7.5 -7.5
v 3.1 7.3 -7.5
v 3.1 7.4 -7.5
v 3.2 7.3 -7.5
v 3.3 7.4 -7.5
v 3.3 7.5 -7.5
v 3.4 7.3 -7.5
v 3.4 7.5 -7.5
v 3.5 7.3 -7.5
v 3.5 7.5 -7.5
v -2.3 7 -7.6
v -2.3 7.3 -7.6
v -1.8 7 -7.6
v -1.8 7.1 -7.6
v -1.8 7.3 -7.6
v -1.7 7.1 -7.6
v -1.7 7.3 -7.6
v -1.6 7.1 -7.6
v -1.6 7.3 -7.6
v -1.5 7.1 -7.6
v -1.5 7.2 -7.6
v -1.5 7.3 -7.6
v -1.4 7.1 -7.6
v -1.4 7.2 -7.6
v -1.4 7.3 -7.6
v -1.3 7.1 -7.6
v -1.3 7.2 -7.6
v -1.2 7.1 -7.6
v -1.2 7.2 -7.6
v -1.2 7.3 -7.6
v -1.1 7 -7.6
v -1.1 7.1 -7.6
v -1.1 7.2 -7.6
v -1.1 7.3 -7.6
v -1 7 -7.6
v -1 7.1 -7.6
v -1 7.2 -7.6
v -1 7.3 -7.6
v -0.9 7 -7.6
v -0.9 7.2 -7.6
v -0.9 7.3 -7.6
v -0.8 7 -7.6
v -0.8 7.2 -7.6
v -0.8 7.3 -7.6
v -0.7 7 -7.6
v -0.7 7.1 -7.6
v -0.7 7.2 -7.6
v -0.7 7.3 -7.6
v -0.6 7 -7.6
v -0.6 7.2 -7.6
v -0.6 7.3 -7.6
v -0.5 7.1 -7.6
v -0.5 7.3 -7.6
v -0.4 7 -7.6
v -0.4 7.1 -7.6
v -0.3 7 -7.6
v -0.3 7.1 -7.6
v -0.2 7 -7.6
v 0 7 -7.6
v 0.1 7 -7.6
v 0.1 7.1 -7.6
v 0.3 7 -7.6
v 0.3 7.1 -7.6
v 0.3 7.2 -7.6
v 0.3 7.3 -7.6
v 0.4 7 -7.6
v 0.4 7.1 -7.6
v 0.4 7.2 -7.6
v 0.4 7.3 -7.6
v 0.5 7.1 -7.6
v 0.5 7.2 -7.6
v 0.5 7.3 -7.6
v 0.6 7 -7.6
v 0.6 7.1 -7.6
v 0.7 7 -7.6
v 0.8 7 -7.6
v 0.8 7.1 -7.6
v 0.8 7.2 -7.6
v 0.8 7.3 -7.6
v 0.9 7.1 -7.6
v 0.9 7.2 -7.6
v 1 7 -7.6
v 1 7.1 -7.6
v 1 7.2 -7.6
v 1.1 7 -7.6
v 1.1 7.1 -7.6
v 1.1 7.2 -7.6
v 1.2 7 -7.6
v 1.2 7.1 -7.6
v 1.2 7.2 -7.6
v 1.3 7.2 -7.6
v 1.3 7.3 -7.6
v 1.4 7 -7.6
v 1.4 7.1 -7.6
v 1.4 7.2 -7.6
v 1.4 7.3 -7.6
v 1.5 7 -7.6
v 1.5 7.2 -7.6
v 1.5 7.3 -7.6
v 1.6 7 -7.6
v 1.6 7.3 -7.6
v 1.7 7 -7.6
v 1.9 7 -7.6
v 1.9 7.1 -7.6
v 1.9 7.2 -7.6
v 1.9 7.3 -7.6
v 2 7 -7.6
v 2.1 7 -7.6
v 2.1 7.2 -7.6
v 2.1 7.3 -7.6
v 2.2 7 -7.6
v 2.2 7.1 -7.6
v 2.2 7.2 -7.6
v 2.3 7 -7.6
v 2.3 7.2 -7.6
v 2.4 7 -7.6
v 2.4 7.1 -7.6
v 2.4 7.2 -7.6
v 2.4 7.3 -7.6
v 2.5 7.1 -7.6
v 2.5 7.2 -7.6
v 2.6 7 -7.6
v 2.6 7.2 -7.6
v 2.6 7.3 -7.6
v 2.7 7 -7.6
v 2.7 7.1 -7.6
v 2.7 7.2 -7.6
v 2.7 7.3 -7.6
v 2.8 7 -7.6
v 2.8 7.1 -7.6
v 2.8 7.2 -7.6
v 2.9 7 -7.6
v 2.9 7.1 -7.6
v 2.9 7.3 -7.6
v 3 7 -7.6
v 3 7.1 -7.6
v 3 7.2 -7.6
v 3.1 7 -7.6
v 3.1 7.1 -7.6
v 3.1 7.2 -7.6
v 3.2 7.1 -7.6
v 3.2 7.2 -7.6
v 3.2 7.3 -7.6
v 3.4 7 -7.6
v 3.4 7.3 -7.6
v 3.5 7 -7.6
v 3.5 7.3 -7.6
v -4 0 -7.7
v -4 0.1 -7.7
v -3.8 0 -7.7
v -3.8 0.1 -7.7
v -3.8 0.3 -7.7
v -3.7 0.1 -7.7
v -3.7 0.2 -7.7
v -3.6 0.2 -7.7
v -3.6 0.3 -7.7
v -3.6 0.5 -7.7
v -3.5 0.3 -7.7
v -3.5 0.4 -7.7
v -3.4 0.4 -7.7
v -3.4 0.5 -7.7
v -3.4 0.7 -7.7
v -3.3 0.5 -7.7
v -3.3 0.6 -7.7
v -3.2 0.6 -7.7
v -3.2 0.7 -7.7
v -3.2 0.9 -7.7
v -3.1 0.7 -7.7
v -3.1 0.8 -7.7
v -3 0.8 -7.7
v -3 0.9 -7.7
v -3 1.1 -7.7
v -2.9 0.9 -7.7
v -2.9 1 -7.7
v -2.8 1 -7.7
v -2.8 1.1 -7.7
v -2.8 1.3 -7.7
v -2.7 1.1 -7.7
v -2.7 1.2 -7.7
v -2.6 1.2 -7.7
v -2.6 1.3 -7.7
v -2.6 1.5 -7.7
v -2.5 1.3 -7.7
v -2.5 1.4 -7.7
v -2.4 1.4 -7.7
v -2.4 1.5 -7.7
v -2.4 1.7 -7.7
v -2.3 1.7 -7.7
v -2.3 6.8 -7.7
v -2.3 7 -7.7
v -2.2 1.5 -7.7
v -2.2 1.7 -7.7
v -2.2 4.8 -7.7
v -2.2 5 -7.7
v -2.2 5.4 -7.7
v -2.2 5.6 -7.7
v -2 4.8 -7.7
v -2 4.9 -7.7
v -2 5 -7.7
v -2 5.4 -7.7
v -2 5.6 -7.7
v -1.8 6.8 -7.7
v -1.8 7 -7.7
v -1.7 6.8 -7.7
v -1.6 6.8 -7.7
v -1.6 6.9 -7.7
v -1.4 6.8 -7.7
v -1.4 6.9 -7.7
v -1.3 6.8 -7.7
v -1.3 6.9 -7.7
v -1.2 6.8 -7.7
v -1.2 6.9 -7.7
v -1.1 6.8 -7.7
v -1.1 6.9 -7.7
v -1 6.8 -7.7
v -1 6.9 -7.7
v -1 7 -7.7
v -0.9 6.8 -7.7
v -0.8 6.8 -7.7
v -0.8 6.9 -7.7
v -0.8 7 -7.7
v -0.7 6.8 -7.7
v -0.7 6.9 -7.7
v -0.7 7 -7.7
v -0.6 6.9 -7.7
v -0.6 7 -7.7
v -0.5 6.8 -7.7
v -0.5 6.9 -7.7
v -0.4 6.8 -7.7
v -0.4 6.9 -7.7
v -0.4 7 -7.7
v -0.3 6.8 -7.7
v -0.3 6.9 -7.7
v -0.3 7 -7.7
v -0.2 6.8 -7.7
v -0.2 6.9 -7.7
v -0.2 7 -7.7
v 0 6.8 -7.7
v 0 6.9 -7.7
v 0 7 -7.7
v 0.1 6.8 -7.7
v 0.1 6.9 -7.7
v 0.2 6.8 -7.7
v 0.3 6.8 -7.7
v 0.3 6.9 -7.7
v 0.3 7 -7.7
v 0.4 6.8 -7.7
v 0.5 6.8 -7.7
v 0.5 6.9 -7.7
v 0.6 6.8 -7.7
v 0.7 6.8 -7.7
v 0.7 7 -7.7
v 0.8 6.8 -7.7
v 0.8 6.9 -7.7
v 0.8 7 -7.7
v 0.9 6.8 -7.7
v 0.9 6.9 -7.7
v 1 6.8 -7.7
v 1 6.9 -7.7
v 1.1 6.8 -7.7
v 1.2 6.8 -7.7
v 1.2 7 -7.7
v 1.3 6.8 -7.7
v 1.3 6.9 -7.7
v 1.4 6.8 -7.7
v 1.4 6.9 -7.7
v 1.4 7 -7.7
v 1.5 6.8 -7.7
v 1.5 6.9 -7.7
v 1.5 7 -7.7
v 1.6 6.8 -7.7
v 1.6 6.9 -7.7
v 1.6 7 -7.7
v 1.7 6.8 -7.7
v 1.7 6.9 -7.7
v 1.7 7 -7.7
v 1.8 6.8 -7.7
v 1.8 6.9 -7.7
v 1.9 6.8 -7.7
v 1.9 7 -7.7
v 2 6.8 -7.7
v 2 6.9 -7.7
v 2 7 -7.7
v 2.1 6.8 -7.7
v 2.1 6.9 -7.7
v 2.1 7 -7.7
v 2.2 6.8 -7.7
v 2.2 6.9 -7.7
v 2.2 7 -7.7
v 2.3 6.8 -7.7
v 2.3 6.9 -7.7
v 2.3 7 -7.7
v 2.4 6.8 -7.7
v 2.4 6.9 -7.7
v 2.5 6.8 -7.7
v 2.5 6.9 -7.7
v 2.6 6.8 -7.7
v 2.6 6.9 -7.7
v 2.6 7 -7.7
v 2.7 6.8 -7.7
v 2.7 6.9 -7.7
v 2.7 7 -7.7
v 2.8 6.8 -7.7
v 2.8 6.9 -7.7
v 2.8 7 -7.7
v 2.9 6.8 -7.7
v 2.9 6.9 -7.7
v 2.9 7 -7.7
v 3 6.8 -7.7
v 3 6.9 -7.7
v 3 7 -7.7
v 3.1 6.8 -7.7
v 3.1 6.9 -7.7
v 3.1 7 -7.7
v 3.2 6.8 -7.7
v 3.2 6.9 -7.7
v 3.3 6.8 -7.7
v 3.3 6.9 -7.7
v 3.4 6.8 -7.7
v 3.4 6.9 -7.7
v 3.4 7 -7.7
v 3.5 6.8 -7.7
v 3.5 7 -7.7
v -2.3 1.7 -7.8
v -2.3 3.9 -7.8
v -2.3 6.6 -7.8
v -2.3 6.8 -7.8
v -2.2 5 -7.8
v -2.2 5.4 -7.8
v -2.1 1.7 -7.8
v -2.1 3.9 -7.8
v -2 5 -7.8
v -2 5.2 -7.8
v -2 5.3 -7.8
v -2 5.4 -7.8
v -1.8 6.6 -7.8
v -1.8 6.7 -7.8
v -1.8 6.8 -7.8
v -1.7 6.6 -7.8
v -1.7 6.7 -7.8
v -1.7 6.8 -7.8
v -1.6 6.6 -7.8
v -1.6 6.7 -7.8
v -1.6 6.8 -7.8
v -1.5 6.6 -7.8
v -1.5 6.7 -7.8
v -1.4 6.6 -7.8
v -1.3 6.6 -7.8
v -1.3 6.7 -7.8
v -1.3 6.8 -7.8
v -1.2 6.6 -7.8
v -1.2 6.7 -7.8
v -1.2 6.8 -7.8
v -1.1 6.6 -7.8
v -1.1 6.7 -7.8
v -1.1 6.8 -7.8
v -1 6.6 -7.8
v -1 6.7 -7.8
v -1 6.8 -7.8
v -0.9 6.6 -7.8
v -0.9 6.7 -7.8
v -0.9 6.8 -7.8
v -0.8 6.6 -7.8
v -0.7 6.7 -7.8
v -0.7 6.8 -7.8
v -0.6 6.6 -7.8
v -0.5 6.6 -7.8
v -0.5 6.7 -7.8
v -0.5 6.8 -7.8
v -0.4 6.6 -7.8
v -0.4 6.7 -7.8
v -0.3 6.6 -7.8
v -0.3 6.7 -7.8
v -0.3 6.8 -7.8
v -0.2 6.6 -7.8
v -0.2 6.7 -7.8
v -0.2 6.8 -7.8
v -0.0999999 6.6 -7.8
v 0 6.6 -7.8
v 0 6.7 -7.8
v 0 6.8 -7.8
v 0.1 6.6 -7.8
v 0.1 6.7 -7.8
v 0.1 6.8 -7.8
v 0.2 6.6 -7.8
v 0.2 6.7 -7.8
v 0.2 6.8 -7.8
v 0.3 6.6 -7.8
v 0.4 6.6 -7.8
v 0.4 6.7 -7.8
v 0.4 6.8 -7.8
v 0.5 6.6 -7.8
v 0.5 6.7 -7.8
v 0.5 6.8 -7.8
v 0.6 6.6 -7.8
v 0.6 6.7 -7.8
v 0.6 6.8 -7.8
v 0.7 6.6 -7.8
v 0.7 6.7 -7.8
v 0.7 6.8 -7.8
v 0.8 6.6 -7.8
v 0.8 6.7 -7.8
v 0.8 6.8 -7.8
v 0.9 6.6 -7.8
v 0.9 6.7 -7.8
v 0.9 6.8 -7.8
v 1 6.6 -7.8
v 1.1 6.6 -7.8
v 1.1 6.7 -7.8
v 1.1 6.8 -7.8
v 1.2 6.6 -7.8
v 1.2 6.7 -7.8
v 1.2 6.8 -7.8
v 1.3 6.6 -7.8
v 1.3 6.7 -7.8
v 1.3 6.8 -7.8
v 1.4 6.6 -7.8
v 1.4 6.7 -7.8
v 1.4 6.8 -7.8
v 1.5 6.6 -7.8
v 1.5 6.7 -7.8
v 1.5 6.8 -7.8
v 1.6 6.6 -7.8
v 1.6 6.7 -7.8
v 1.6 6.8 -7.8
v 1.7 6.6 -7.8
v 1.7 6.7 -7.8
v 1.7 6.8 -7.8
v 1.8 6.6 -7.8
v 1.9 6.6 -7.8
v 1.9 6.7 -7.8
v 1.9 6.8 -7.8
v 2 6.6 -7.8
v 2 6.7 -7.8
v 2 6.8 -7.8
v 2.1 6.6 -7.8
v 2.1 6.7 -7.8
v 2.1 6.8 -7.8
v 2.2 6.6 -7.8
v 2.2 6.8 -7.8
v 2.3 6.6 -7.8
v 2.3 6.7 -7.8
v 2.3 6.8 -7.8
v 2.4 6.6 -7.8
v 2.4 6.7 -7.8
v 2.5 6.6 -7.8
v 2.5 6.7 -7.8
v 2.6 6.6 -7.8
v 2.6 6.7 -7.8
v 2.7 6.6 -7.8
v 2.7 6.7 -7.8
v 2.7 6.8 -7.8
v 2.8 6.6 -7.8
v 2.8 6.7 -7.8
v 2.8 6.8 -7.8
v 2.9 6.6 -7.8
v 2.9 6.7 -7.8
v 2.9 6.8 -7.8
v 3 6.6 -7.8
v 3 6.7 -7.8
v 3 6.8 -7.8
v 3.1 6.6 -7.8
v 3.1 6.7 -7.8
v 3.1 6.8 -7.8
v 3.2 6.6 -7.8
v 3.2 6.7 -7.8
v 3.2 6.8 -7.8
v 3.3 6.6 -7.8
v 3.3 6.7 -7.8
v 3.3 6.8 -7.8
v 3.4 6.6 -7.8
v 3.4 6.8 -7.8
v 3.5 6.6 -7.8
v 3.5 6.8 -7.8
v -2.3 6.2 -7.9
v -2.3 6.6 -7.9
v -1.8 6.2 -7.9
v -1.8 6.4 -7.9
v -1.8 6.5 -7.9
v -1.8 6.6 -7.9
v -1.7 6.2 -7.9
v -1.7 6.3 -7.9
v -1.7 6.4 -7.9
v -1.7 6.5 -7.9
v -1.7 6.6 -7.9
v -1.6 6.2 -7.9
v -1.6 6.5 -7.9
v -1.6 6.6 -7.9
v -1.5 6.2 -7.9
v -1.5 6.4 -7.9
v -1.5 6.5 -7.9
v -1.5 6.6 -7.9
v -1.4 6.2 -7.9
v -1.4 6.3 -7.9
v -1.4 6.4 -7.9
v -1.4 6.5 -7.9
v -1.4 6.6 -7.9
v -1.3 6.2 -7.9
v -1.3 6.5 -7.9
v -1.3 6.6 -7.9
v -1.2 6.2 -7.9
v -1.2 6.3 -7.9
v -1.2 6.4 -7.9
v -1.2 6.5 -7.9
v -1.1 6.2 -7.9
v -1.1 6.6 -7.9
v -1 6.2 -7.9
v -1 6.3 -7.9
v -1 6.4 -7.9
v -0.9 6.3 -7.9
v -0.9 6.4 -7.9
v -0.9 6.6 -7.9
v -0.8 6.2 -7.9
v -0.8 6.3 -7.9
v -0.8 6.4 -7.9
v -0.8 6.5 -7.9
v -0.8 6.6 -7.9
v -0.7 6.2 -7.9
v -0.7 6.3 -7.9
v -0.7 6.4 -7.9
v -0.7 6.5 -7.9
v -0.6 6.2 -7.9
v -0.6 6.4 -7.9
v -0.6 6.5 -7.9
v -0.6 6.6 -7.9
v -0.5 6.2 -7.9
v -0.5 6.3 -7.9
v -0.5 6.4 -7.9
v -0.4 6.2 -7.9
v -0.4 6.3 -7.9
v -0.4 6.4 -7.9
v -0.4 6.5 -7.9
v -0.4 6.6 -7.9
v -0.3 6.2 -7.9
v -0.3 6.3 -7.9
v -0.3 6.5 -7.9
v -0.3 6.6 -7.9
v -0.2 6.3 -7.9
v -0.2 6.4 -7.9
v -0.2 6.5 -7.9
v -0.2 6.6 -7.9
v -0.0999999 6.5 -7.9
v -0.0999999 6.6 -7.9
v 0 6.2 -7.9
v 0 6.3 -7.9
v 0 6.4 -7.9
v 0 6.5 -7.9
v 0 6.6 -7.9
v 0.1 6.2 -7.9
v 0.1 6.3 -7.9
v 0.1 6.4 -7.9
v 0.1 6.5 -7.9
v 0.1 6.6 -7.9
v 0.2 6.2 -7.9
v 0.2 6.3 -7.9
v 0.2 6.4 -7.9
v 0.2 6.5 -7.9
v 0.2 6.6 -7.9
v 0.3 6.2 -7.9
v 0.3 6.3 -7.9
v 0.3 6.4 -7.9
v 0.3 6.6 -7.9
v 0.4 6.2 -7.9
v 0.4 6.3 -7.9
v 0.4 6.4 -7.9
v 0.4 6.6 -7.9
v 0.5 6.2 -7.9
v 0.5 6.3 -7.9
v 0.5 6.4 -7.9
v 0.5 6.5 -7.9
v 0.5 6.6 -7.9
v 0.6 6.3 -7.9
v 0.6 6.4 -7.9
v 0.6 6.5 -7.9
v 0.6 6.6 -7.9
v 0.7 6.2 -7.9
v 0.7 6.3 -7.9
v 0.7 6.4 -7.9
v 0.7 6.5 -7.9
v 0.7 6.6 -7.9
v 0.8 6.2 -7.9
v 0.8 6.3 -7.9
v 0.8 6.4 -7.9
v 0.8 6.5 -7.9
v 0.8 6.6 -7.9
v 0.9 6.2 -7.9
v 0.9 6.3 -7.9
v 0.9 6.4 -7.9
v 0.9 6.5 -7.9
v 0.9 6.6 -7.9
v 1 6.2 -7.9
v 1 6.3 -7.9
v 1 6.4 -7.9
v 1 6.5 -7.9
v 1 6.6 -7.9
v 1.1 6.2 -7.9
v 1.1 6.4 -7.9
v 1.1 6.5 -7.9
v 1.1 6.6 -7.9
v 1.2 6.2 -7.9
v 1.2 6.3 -7.9
v 1.2 6.4 -7.9
v 1.2 6.5 -7.9
v 1.3 6.2 -7.9
v 1.3 6.3 -7.9
v 1.3 6.5 -7.9
v 1.3 6.6 -7.9
v 1.4 6.2 -7.9
v 1.4 6.3 -7.9
v 1.4 6.4 -7.9
v 1.4 6.5 -7.9
v 1.4 6.6 -7.9
v 1.5 6.2 -7.9
v 1.5 6.4 -7.9
v 1.5 6.5 -7.9
v 1.5 6.6 -7.9
v 1.6 6.2 -7.9
v 1.6 6.6 -7.9
v 1.7 6.2 -7.9
v 1.7 6.3 -7.9
v 1.7 6.6 -7.9
v 1.8 6.2 -7.9
v 1.8 6.3 -7.9
v 1.8 6.4 -7.9
v 1.8 6.5 -7.9
v 1.8 6.6 -7.9
v 1.9 6.2 -7.9
v 1.9 6.4 -7.9
v 2 6.3 -7.9
v 2 6.4 -7.9
v 2 6.5 -7.9
v 2 6.6 -7.9
v 2.1 6.2 -7.9
v 2.1 6.3 -7.9
v 2.1 6.4 -7.9
v 2.1 6.5 -7.9
v 2.1 6.6 -7.9
v 2.2 6.2 -7.9
v 2.2 6.4 -7.9
v 2.2 6.5 -7.9
v 2.3 6.3 -7.9
v 2.3 6.4 -7.9
v 2.3 6.5 -7.9
v 2.4 6.2 -7.9
v 2.4 6.3 -7.9
v 2.4 6.4 -7.9
v 2.4 6.5 -7.9
v 2.4 6.6 -7.9
v 2.5 6.2 -7.9
v 2.5 6.3 -7.9
v 2.5 6.4 -7.9
v 2.5 6.5 -7.9
v 2.5 6.6 -7.9
v 2.6 6.2 -7.9
v 2.6 6.3 -7.9
v 2.6 6.4 -7.9
v 2.6 6.5 -7.9
v 2.6 6.6 -7.9
v 2.7 6.4 -7.9
v 2.7 6.5 -7.9
v 2.7 6.6 -7.9
v 2.8 6.2 -7.9
v 2.8 6.4 -7.9
v 2.8 6.5 -7.9
v 2.9 6.2 -7.9
v 2.9 6.4 -7.9
v 2.9 6.5 -7.9
v 2.9 6.6 -7.9
v 3 6.2 -7.9
v 3 6.3 -7.9
v 3 6.4 -7.9
v 3 6.5 -7.9
v 3 6.6 -7.9
v 3.1 6.2 -7.9
v 3.1 6.3 -7.9
v 3.1 6.4 -7.9
v 3.1 6.5 -7.9
v 3.1 6.6 -7.9
v 3.2 6.2 -7.9
v 3.2 6.5 -7.9
v 3.2 6.6 -7.9
v 3.3 6.2 -7.9
v 3.3 6.3 -7.9
v 3.3 6.5 -7.9
v 3.3 6.6 -7.9
v 3.4 6.2 -7.9
v 3.4 6.3 -7.9
v 3.4 6.5 -7.9
v 3.4 6.6 -7.9
v 3.5 6.2 -7.9
v 3.5 6.6 -7.9
v -2.3 6 -8
v -2.3 6.2 -8
v -1.8 6 -8
v -1.8 6.2 -8
v -1.7 6 -8
v -1.7 6.1 -8
v -1.7 6.2 -8
v -1.6 6 -8
v -1.6 6.1 -8
v -1.6 6.2 -8
v -1.5 6 -8
v -1.5 6.1 -8
v -1.5 6.2 -8
v -1.4 6 -8
v -1.4 6.1 -8
v -1.4 6.2 -8
v -1.3 6 -8
v -1.3 6.1 -8
v -1.3 6.2 -8
v -1.2 6 -8
v -1.1 6 -8
v -1.1 6.1 -8
v -1.1 6.2 -8
v -1 6 -8
v -1 6.1 -8
v -1 6.2 -8
v -0.9 6 -8
v -0.8 6 -8
v -0.8 6.1 -8
v -0.8 6.2 -8
v -0.7 6.1 -8
v -0.7 6.2 -8
v -0.6 6 -8
v -0.6 6.1 -8
v -0.6 6.2 -8
v -0.5 6.1 -8
v -0.5 6.2 -8
v -0.4 6 -8
v -0.4 6.1 -8
v -0.3 6 -8
v -0.3 6.1 -8
v -0.3 6.2 -8
v -0.2 6 -8
v -0.2 6.1 -8
v -0.0999999 6 -8
v -0.0999999 6.1 -8
v 0 6 -8
v 0 6.1 -8
v 0.1 6 -8
v 0.1 6.1 -8
v 0.1 6.2 -8
v 0.2 6 -8
v 0.2 6.1 -8
v 0.3 6.1 -8
v 0.3 6.2 -8
v 0.4 6 -8
v 0.4 6.1 -8
v 0.5 6 -8
v 0.5 6.2 -8
v 0.6 6 -8
v 0.6 6.1 -8
v 0.7 6 -8
v 0.7 6.1 -8
v 0.7 6.2 -8
v 0.8 6 -8
v 0.8 6.1 -8
v 0.8 6.2 -8
v 0.9 6 -8
v 0.9 6.1 -8
v 0.9 6.2 -8
v 1 6 -8
v 1 6.1 -8
v 1 6.2 -8
v 1.1 6.1 -8
v 1.1 6.2 -8
v 1.2 6 -8
v 1.2 6.1 -8
v 1.2 6.2 -8
v 1.3 6 -8
v 1.3 6.1 -8
v 1.3 6.2 -8
v 1.4 6 -8
v 1.4 6.1 -8
v 1.4 6.2 -8
v 1.5 6 -8
v 1.5 6.1 -8
v 1.5 6.2 -8
v 1.6 6 -8
v 1.6 6.2 -8
v 1.7 6 -8
v 1.7 6.1 -8
v 1.7 6.2 -8
v 1.8 6 -8
v 1.8 6.1 -8
v 1.8 6.2 -8
v 1.9 6 -8
v 1.9 6.2 -8
v 2 6 -8
v 2.1 6 -8
v 2.1 6.1 -8
v 2.2 6 -8
v 2.2 6.1 -8
v 2.2 6.2 -8
v 2.4 6 -8
v 2.4 6.2 -8
v 2.5 6 -8
v 2.5 6.1 -8
v 2.5 6.2 -8
v 2.6 6 -8
v 2.6 6.1 -8
v 2.6 6.2 -8
v 2.7 6 -8
v 2.7 6.1 -8
v 2.8 6 -8
v 2.8 6.2 -8
v 2.9 6 -8
v 2.9 6.1 -8
v 2.9 6.2 -8
v 3 6 -8
v 3 6.1 -8
v 3 6.2 -8
v 3.1 6 -8
v 3.1 6.1 -8
v 3.2 6 -8
v 3.2 6.2 -8
v 3.3 6 -8
v 3.3 6.2 -8
v 3.4 6 -8
v 3.4 6.2 -8
v 3.5 6 -8
v 3.5 6.2 -8
v -2.3 5.6 -8.1
v -2.3 6 -8.1
v -1.8 5.6 -8.1
v -1.8 5.7 -8.1
v -1.8 6 -8.1
v -1.7 5.8 -8.1
v -1.7 5.9 -8.1
v -1.7 6 -8.1
v -1.6 5.7 -8.1
v -1.6 5.8 -8.1
v -1.6 5.9 -8.1
v -1.6 6 -8.1
v -1.5 5.6 -8.1
v -1.5 5.7 -8.1
v -1.5 5.8 -8.1
v -1.4 5.6 -8.1
v -1.4 5.7 -8.1
v -1.4 5.8 -8.1
v -1.4 5.9 -8.1
v -1.4 6 -8.1
v -1.3 5.8 -8.1
v -1.3 5.9 -8.1
v -1.3 6 -8.1
v -1.2 5.6 -8.1
v -1.2 5.7 -8.1
v -1.2 5.8 -8.1
v -1.2 5.9 -8.1
v -1.2 6 -8.1
v -1.1 5.6 -8.1
v -1.1 5.9 -8.1
v -1.1 6 -8.1
v -1 5.6 -8.1
v -1 5.7 -8.1
v -1 5.8 -8.1
v -1 5.9 -8.1
v -1 6 -8.1
v -0.9 5.6 -8.1
v -0.9 5.8 -8.1
v -0.9 5.9 -8.1
v -0.9 6 -8.1
v -0.8 5.6 -8.1
v -0.8 5.7 -8.1
v -0.8 5.8 -8.1
v -0.8 5.9 -8.1
v -0.8 6 -8.1
v -0.7 5.6 -8.1
v -0.7 5.7 -8.1
v -0.7 5.8 -8.1
v -0.7 5.9 -8.1
v -0.6 5.7 -8.1
v -0.6 5.8 -8.1
v -0.6 5.9 -8.1
v -0.6 6 -8.1
v -0.5 5.6 -8.1
v -0.5 5.8 -8.1
v -0.4 5.6 -8.1
v -0.4 5.7 -8.1
v -0.4 6 -8.1
v -0.3 5.6 -8.1
v -0.3 5.7 -8.1
v -0.3 5.8 -8.1
v -0.3 5.9 -8.1
v -0.3 6 -8.1
v -0.2 5.6 -8.1
v -0.2 5.7 -8.1
v -0.2 5.8 -8.1
v -0.0999999 5.6 -8.1
v -0.0999999 5.7 -8.1
v -0.0999999 5.8 -8.1
v -0.0999999 5.9 -8.1
v -0.0999999 6 -8.1
v 0 5.7 -8.1
v 0 5.8 -8.1
v 0 5.9 -8.1
v 0 6 -8.1
v 0.1 5.6 -8.1
v 0.1 5.7 -8.1
v 0.1 5.8 -8.1
v 0.1 5.9 -8.1
v 0.1 6 -8.1
v 0.2 5.6 -8.1
v 0.2 5.7 -8.1
v 0.2 5.8 -8.1
v 0.2 6 -8.1
v 0.3 5.6 -8.1
v 0.3 5.7 -8.1
v 0.3 5.8 -8.1
v 0.4 5.7 -8.1
v 0.4 5.8 -8.1
v 0.4 5.9 -8.1
v 0.4 6 -8.1
v 0.5 5.6 -8.1
v 0.5 5.7 -8.1
v 0.5 5.8 -8.1
v 0.5 5.9 -8.1
v 0.6 5.6 -8.1
v 0.6 5.8 -8.1
v 0.6 5.9 -8.1
v 0.7 5.6 -8.1
v 0.7 5.7 -8.1
v 0.7 6 -8.1
v 0.8 5.6 -8.1
v 0.8 5.7 -8.1
v 0.8 5.8 -8.1
v 0.8 5.9 -8.1
v 0.8 6 -8.1
v 0.9 5.6 -8.1
v 1 5.8 -8.1
v 1 5.9 -8.1
v 1 6 -8.1
v 1.1 5.6 -8.1
v 1.1 5.7 -8.1
v 1.1 5.8 -8.1
v 1.2 5.6 -8.1
v 1.2 5.7 -8.1
v 1.2 5.9 -8.1
v 1.2 6 -8.1
v 1.3 5.6 -8.1
v 1.3 5.8 -8.1
v 1.4 5.6 -8.1
v 1.4 5.7 -8.1
v 1.4 5.9 -8.1
v 1.4 6 -8.1
v 1.5 5.6 -8.1
v 1.5 5.7 -8.1
v 1.5 5.8 -8.1
v 1.5 5.9 -8.1
v 1.5 6 -8.1
v 1.6 5.6 -8.1
v 1.6 5.7 -8.1
v 1.6 5.8 -8.1
v 1.6 6 -8.1
v 1.7 5.6 -8.1
v 1.7 5.7 -8.1
v 1.7 5.8 -8.1
v 1.7 5.9 -8.1
v 1.7 6 -8.1
v 1.8 5.6 -8.1
v 1.8 5.7 -8.1
v 1.8 5.8 -8.1
v 1.8 5.9 -8.1
v 1.8 6 -8.1
v 1.9 5.6 -8.1
v 1.9 5.7 -8.1
v 1.9 5.8 -8.1
v 1.9 5.9 -8.1
v 1.9 6 -8.1
v 2 5.6 -8.1
v 2 5.7 -8.1
v 2 5.8 -8.1
v 2 6 -8.1
v 2.1 5.6 -8.1
v 2.1 5.7 -8.1
v 2.1 5.8 -8.1
v 2.1 5.9 -8.1
v 2.1 6 -8.1
v 2.2 5.6 -8.1
v 2.2 5.7 -8.1
v 2.2 5.8 -8.1
v 2.2 5.9 -8.1
v 2.2 6 -8.1
v 2.3 5.6 -8.1
v 2.4 5.7 -8.1
v 2.4 5.8 -8.1
v 2.4 6 -8.1
v 2.5 5.6 -8.1
v 2.5 5.7 -8.1
v 2.5 5.8 -8.1
v 2.5 5.9 -8.1
v 2.5 6 -8.1
v 2.6 5.6 -8.1
v 2.6 5.7 -8.1
v 2.6 5.9 -8.1
v 2.6 6 -8.1
v 2.7 5.6 -8.1
v 2.7 5.8 -8.1
v 2.7 5.9 -8.1
v 2.7 6 -8.1
v 2.8 5.6 -8.1
v 2.8 5.7 -8.1
v 2.8 5.8 -8.1
v 2.8 5.9 -8.1
v 2.8 6 -8.1
v 2.9 5.6 -8.1
v 2.9 5.7 -8.1
v 2.9 5.8 -8.1
v 2.9 5.9 -8.1
v 2.9 6 -8.1
v 3 5.8 -8.1
v 3 5.9 -8.1
v 3 6 -8.1
v 3.1 5.6 -8.1
v 3.1 5.9 -8.1
v 3.1 6 -8.1
v 3.2 5.6 -8.1
v 3.2 5.7 -8.1
v 3.2 5.8 -8.1
v 3.2 5.9 -8.1
v 3.2 6 -8.1
v 3.3 5.6 -8.1
v 3.3 5.7 -8.1
v 3.3 5.8 -8.1
v 3.3 5.9 -8.1
v 3.3 6 -8.1
v 3.4 5.6 -8.1
v 3.4 5.7 -8.1
v 3.4 5.9 -8.1
v 3.4 6 -8.1
v 3.5 5.6 -8.1
v 3.5 6 -8.1
v -2.3 5.4 -8.2
v -2.3 5.6 -8.2
v -1.8 5.4 -8.2
v -1.8 5.6 -8.2
v -1.7 5.4 -8.2
v -1.7 5.5 -8.2
v -1.6 5.4 -8.2
v -1.6 5.5 -8.2
v -1.5 5.4 -8.2
v -1.5 5.5 -8.2
v -1.5 5.6 -8.2
v -1.4 5.4 -8.2
v -1.3 5.4 -8.2
v -1.2 5.4 -8.2
v -1.2 5.6 -8.2
v -1.1 5.4 -8.2
v -1.1 5.6 -8.2
v -1 5.4 -8.2
v -1 5.6 -8.2
v -0.9 5.4 -8.2
v -0.9 5.5 -8.2
v -0.9 5.6 -8.2
v -0.8 5.4 -8.2
v -0.8 5.5 -8.2
v -0.8 5.6 -8.2
v -0.7 5.4 -8.2
v -0.7 5.5 -8.2
v -0.7 5.6 -8.2
v -0.6 5.4 -8.2
v -0.6 5.5 -8.2
v -0.5 5.4 -8.2
v -0.5 5.6 -8.2
v -0.4 5.4 -8.2
v -0.4 5.5 -8.2
v -0.4 5.6 -8.2
v -0.3 5.4 -8.2
v -0.2 5.4 -8.2
v -0.2 5.5 -8.2
v -0.2 5.6 -8.2
v -0.0999999 5.4 -8.2
v 0 5.4 -8.2
v 0.1 5.5 -8.2
v 0.1 5.6 -8.2
v 0.2 5.4 -8.2
v 0.2 5.5 -8.2
v 0.2 5.6 -8.2
v 0.3 5.4 -8.2
v 0.3 5.5 -8.2
v 0.4 5.4 -8.2
v 0.4 5.5 -8.2
v 0.5 5.4 -8.2
v 0.5 5.5 -8.2
v 0.5 5.6 -8.2
v 0.6 5.4 -8.2
v 0.7 5.4 -8.2
v 0.7 5.5 -8.2
v 0.7 5.6 -8.2
v 0.8 5.4 -8.2
v 0.8 5.5 -8.2
v 0.9 5.4 -8.2
v 0.9 5.5 -8.2
v 0.9 5.6 -8.2
v 1.1 5.4 -8.2
v 1.1 5.5 -8.2
v 1.2 5.4 -8.2
v 1.2 5.5 -8.2
v 1.2 5.6 -8.2
v 1.3 5.4 -8.2
v 1.3 5.5 -8.2
v 1.4 5.4 -8.2
v 1.4 5.5 -8.2
v 1.4 5.6 -8.2
v 1.5 5.4 -8.2
v 1.5 5.5 -8.2
v 1.5 5.6 -8.2
v 1.6 5.4 -8.2
v 1.6 5.5 -8.2
v 1.6 5.6 -8.2
v 1.7 5.4 -8.2
v 1.7 5.5 -8.2
v 1.7 5.6 -8.2
v 1.8 5.4 -8.2
v 1.8 5.5 -8.2
v 1.8 5.6 -8.2
v 1.9 5.4 -8.2
v 1.9 5.6 -8.2
v 2 5.4 -8.2
v 2 5.6 -8.2
v 2.1 5.4 -8.2
v 2.1 5.5 -8.2
v 2.1 5.6 -8.2
v 2.2 5.4 -8.2
v 2.2 5.5 -8.2
v 2.3 5.4 -8.2
v 2.3 5.6 -8.2
v 2.5 5.4 -8.2
v 2.5 5.6 -8.2
v 2.6 5.4 -8.2
v 2.6 5.5 -8.2
v 2.7 5.5 -8.2
v 2.7 5.6 -8.2
v 2.8 5.4 -8.2
v 2.8 5.6 -8.2
v 2.9 5.4 -8.2
v 2.9 5.5 -8.2
v 3 5.4 -8.2
v 3 5.5 -8.2
v 3.1 5.4 -8.2
v 3.1 5.5 -8.2
v 3.1 5.6 -8.2
v 3.2 5.4 -8.2
v 3.2 5.5 -8.2
v 3.2 5.6 -8.2
v 3.3 5.4 -8.2
v 3.3 5.5 -8.2
v 3.3 5.6 -8.2
v 3.4 5.4 -8.2
v 3.4 5.5 -8.2
v 3.4 5.6 -8.2
v 3.5 5.4 -8.2
v 3.5 5.6 -8.2
v -2.3 5.1 -8.3
v -2.3 5.4 -8.3
v -1.8 5.1 -8.3
v -1.8 5.4 -8.3
v -1.7 5.1 -8.3
v -1.6 5.1 -8.3
v -1.6 5.3 -8.3
v -1.6 5.4 -8.3
v -1.5 5.1 -8.3
v -1.5 5.3 -8.3
v -1.5 5.4 -8.3
v -1.4 5.1 -8.3
v -1.4 5.3 -8.3
v -1.4 5.4 -8.3
v -1.3 5.1 -8.3
v -1.3 5.3 -8.3
v -1.3 5.4 -8.3
v -1.2 5.1 -8.3
v -1.2 5.3 -8.3
v -1.2 5.4 -8.3
v -1.1 5.1 -8.3
v -1.1 5.2 -8.3
v -1.1 5.3 -8.3
v -1.1 5.4 -8.3
v -1 5.1 -8.3
v -1 5.2 -8.3
v -1 5.3 -8.3
v -1 5.4 -8.3
v -0.9 5.1 -8.3
v -0.9 5.2 -8.3
v -0.9 5.3 -8.3
v -0.9 5.4 -8.3
v -0.8 5.1 -8.3
v -0.8 5.2 -8.3
v -0.8 5.3 -8.3
v -0.8 5.4 -8.3
v -0.7 5.1 -8.3
v -0.7 5.2 -8.3
v -0.7 5.3 -8.3
v -0.7 5.4 -8.3
v -0.6 5.1 -8.3
v -0.6 5.2 -8.3
v -0.6 5.3 -8.3
v -0.6 5.4 -8.3
v -0.5 5.1 -8.3
v -0.5 5.2 -8.3
v -0.5 5.3 -8.3
v -0.5 5.4 -8.3
v -0.4 5.1 -8.3
v -0.4 5.2 -8.3
v -0.4 5.4 -8.3
v -0.3 5.2 -8.3
v -0.3 5.3 -8.3
v -0.3 5.4 -8.3
v -0.2 5.1 -8.3
v -0.2 5.2 -8.3
v -0.2 5.3 -8.3
v -0.2 5.4 -8.3
v -0.0999999 5.2 -8.3
v -0.0999999 5.3 -8.3
v -0.0999999 5.4 -8.3
v 0 5.1 -8.3
v 0 5.2 -8.3
v 0 5.3 -8.3
v 0 5.4 -8.3
v 0.1 5.1 -8.3
v 0.1 5.2 -8.3
v 0.1 5.3 -8.3
v 0.2 5.1 -8.3
v 0.2 5.2 -8.3
v 0.2 5.3 -8.3
v 0.2 5.4 -8.3
v 0.3 5.1 -8.3
v 0.3 5.2 -8.3
v 0.3 5.3 -8.3
v 0.3 5.4 -8.3
v 0.4 5.1 -8.3
v 0.4 5.2 -8.3
v 0.4 5.3 -8.3
v 0.4 5.4 -8.3
v 0.5 5.1 -8.3
v 0.5 5.2 -8.3
v 0.5 5.3 -8.3
v 0.6 5.1 -8.3
v 0.6 5.2 -8.3
v 0.6 5.3 -8.3
v 0.6 5.4 -8.3
v 0.7 5.1 -8.3
v 0.7 5.2 -8.3
v 0.7 5.3 -8.3
v 0.7 5.4 -8.3
v 0.8 5.1 -8.3
v 0.8 5.2 -8.3
v 0.8 5.3 -8.3
v 0.8 5.4 -8.3
v 0.9 5.1 -8.3
v 0.9 5.2 -8.3
v 0.9 5.3 -8.3
v 0.9 5.4 -8.3
v 1 5.1 -8.3
v 1 5.2 -8.3
v 1.1 5.1 -8.3
v 1.1 5.2 -8.3
v 1.1 5.3 -8.3
v 1.1 5.4 -8.3
v 1.2 5.1 -8.3
v 1.2 5.2 -8.3
v 1.2 5.3 -8.3
v 1.2 5.4 -8.3
v 1.3 5.1 -8.3
v 1.3 5.3 -8.3
v 1.3 5.4 -8.3
v 1.4 5.2 -8.3
v 1.4 5.3 -8.3
v 1.4 5.4 -8.3
v 1.5 5.1 -8.3
v 1.5 5.2 -8.3
v 1.5 5.3 -8.3
v 1.5 5.4 -8.3
v 1.6 5.1 -8.3
v 1.6 5.3 -8.3
v 1.6 5.4 -8.3
v 1.7 5.1 -8.3
v 1.7 5.3 -8.3
v 1.8 5.1 -8.3
v 1.8 5.2 -8.3
v 1.8 5.3 -8.3
v 1.8 5.4 -8.3
v 1.9 5.2 -8.3
v 1.9 5.3 -8.3
v 2 5.1 -8.3
v 2 5.2 -8.3
v 2.1 5.1 -8.3
v 2.1 5.2 -8.3
v 2.1 5.3 -8.3
v 2.1 5.4 -8.3
v 2.2 5.1 -8.3
v 2.2 5.2 -8.3
v 2.2 5.3 -8.3
v 2.2 5.4 -8.3
v 2.3 5.1 -8.3
v 2.3 5.2 -8.3
v 2.3 5.3 -8.3
v 2.3 5.4 -8.3
v 2.4 5.1 -8.3
v 2.4 5.2 -8.3
v 2.5 5.3 -8.3
v 2.5 5.4 -8.3
v 2.6 5.1 -8.3
v 2.6 5.2 -8.3
v 2.6 5.3 -8.3
v 2.6 5.4 -8.3
v 2.8 5.1 -8.3
v 2.8 5.2 -8.3
v 2.8 5.3 -8.3
v 2.8 5.4 -8.3
v 2.9 5.1 -8.3
v 2.9 5.2 -8.3
v 2.9 5.4 -8.3
v 3 5.3 -8.3
v 3 5.4 -8.3
v 3.1 5.1 -8.3
v 3.1 5.2 -8.3
v 3.1 5.3 -8.3
v 3.1 5.4 -8.3
v 3.2 5.1 -8.3
v 3.2 5.2 -8.3
v 3.2 5.3 -8.3
v 3.2 5.4 -8.3
v 3.3 5.1 -8.3
v 3.3 5.3 -8.3
v 3.3 5.4 -8.3
v 3.4 5.1 -8.3
v 3.4 5.2 -8.3
v 3.4 5.3 -8.3
v 3.4 5.4 -8.3
v 3.5 5.1 -8.3
v 3.5 5.4 -8.3
v -2.3 4.9 -8.4
v -2.3 5.1 -8.4
v -1.8 4.9 -8.4
v -1.8 5 -8.4
v -1.8 5.1 -8.4
v -1.7 4.9 -8.4
v -1.7 5 -8.4
v -1.7 5.1 -8.4
v -1.6 4.9 -8.4
v -1.6 5 -8.4
v -1.6 5.1 -8.4
v -1.5 4.9 -8.4
v -1.5 5 -8.4
v -1.5 5.1 -8.4
v -1.4 4.9 -8.4
v -1.4 5.1 -8.4
v -1.3 4.9 -8.4
v -1.3 5.1 -8.4
v -1.2 4.9 -8.4
v -1.2 5.1 -8.4
v -1.1 4.9 -8.4
v -1.1 5 -8.4
v -1 4.9 -8.4
v -1 5 -8.4
v -0.9 4.9 -8.4
v -0.9 5.1 -8.4
v -0.8 4.9 -8.4
v -0.8 5 -8.4
v -0.7 4.9 -8.4
v -0.7 5 -8.4
v -0.7 5.1 -8.4
v -0.6 5 -8.4
v -0.6 5.1 -8.4
v -0.5 4.9 -8.4
v -0.5 5 -8.4
v -0.5 5.1 -8.4
v -0.4 4.9 -8.4
v -0.4 5 -8.4
v -0.4 5.1 -8.4
v -0.3 4.9 -8.4
v -0.3 5 -8.4
v -0.2 4.9 -8.4
v -0.2 5 -8.4
v -0.2 5.1 -8.4
v 0 4.9 -8.4
v 0 5 -8.4
v 0.1 4.9 -8.4
v 0.1 5 -8.4
v 0.1 5.1 -8.4
v 0.2 4.9 -8.4
v 0.2 5 -8.4
v 0.2 5.1 -8.4
v 0.3 4.9 -8.4
v 0.3 5.1 -8.4
v 0.4 4.9 -8.4
v 0.4 5.1 -8.4
v 0.5 4.9 -8.4
v 0.5 5 -8.4
v 0.6 5 -8.4
v 0.6 5.1 -8.4
v 0.7 4.9 -8.4
v 0.7 5 -8.4
v 0.7 5.1 -8.4
v 0.8 4.9 -8.4
v 0.8 5 -8.4
v 0.9 4.9 -8.4
v 0.9 5 -8.4
v 0.9 5.1 -8.4
v 1 4.9 -8.4
v 1 5 -8.4
v 1.1 4.9 -8.4
v 1.1 5 -8.4
v 1.1 5.1 -8.4
v 1.2 4.9 -8.4
v 1.2 5 -8.4
v 1.2 5.1 -8.4
v 1.3 4.9 -8.4
v 1.3 5 -8.4
v 1.3 5.1 -8.4
v 1.4 4.9 -8.4
v 1.4 5 -8.4
v 1.5 5 -8.4
v 1.5 5.1 -8.4
v 1.6 4.9 -8.4
v 1.6 5.1 -8.4
v 1.7 4.9 -8.4
v 1.7 5 -8.4
v 1.8 4.9 -8.4
v 1.8 5 -8.4
v 1.8 5.1 -8.4
v 1.9 4.9 -8.4
v 2 4.9 -8.4
v 2 5.1 -8.4
v 2.1 4.9 -8.4
v 2.1 5.1 -8.4
v 2.2 4.9 -8.4
v 2.2 5.1 -8.4
v 2.3 4.9 -8.4
v 2.3 5 -8.4
v 2.4 4.9 -8.4
v 2.4 5 -8.4
v 2.6 4.9 -8.4
v 2.6 5 -8.4
v 2.7 4.9 -8.4
v 2.7 5 -8.4
v 2.8 4.9 -8.4
v 2.8 5 -8.4
v 2.9 4.9 -8.4
v 2.9 5 -8.4
v 3 4.9 -8.4
v 3.1 4.9 -8.4
v 3.1 5 -8.4
v 3.1 5.1 -8.4
v 3.2 4.9 -8.4
v 3.2 5 -8.4
v 3.2 5.1 -8.4
v 3.3 5 -8.4
v 3.3 5.1 -8.4
v 3.4 4.9 -8.4
v 3.4 5 -8.4
v 3.4 5.1 -8.4
v 3.5 4.9 -8.4
v 3.5 5.1 -8.4
v -2.3 4.7 -8.5
v -2.3 4.9 -8.5
v -1.8 4.7 -8.5
v -1.8 4.8 -8.5
v -1.8 4.9 -8.5
v -1.7 4.7 -8.5
v -1.7 4.8 -8.5
v -1.6 4.7 -8.5
v -1.6 4.8 -8.5
v -1.6 4.9 -8.5
v -1.5 4.7 -8.5
v -1.5 4.8 -8.5
v -1.5 4.9 -8.5
v -1.4 4.7 -8.5
v -1.4 4.8 -8.5
v -1.4 4.9 -8.5
v -1.3 4.7 -8.5
v -1.3 4.8 -8.5
v -1.3 4.9 -8.5
v -1.2 4.7 -8.5
v -1.2 4.8 -8.5
v -1.2 4.9 -8.5
v -1.1 4.8 -8.5
v -1.1 4.9 -8.5
v -1 4.7 -8.5
v -1 4.8 -8.5
v -0.9 4.7 -8.5
v -0.9 4.8 -8.5
v -0.9 4.9 -8.5
v -0.8 4.7 -8.5
v -0.8 4.8 -8.5
v -0.8 4.9 -8.5
v -0.7 4.7 -8.5
v -0.7 4.8 -8.5
v -0.7 4.9 -8.5
v -0.6 4.7 -8.5
v -0.6 4.8 -8.5
v -0.5 4.7 -8.5
v -0.5 4.9 -8.5
v -0.4 4.8 -8.5
v -0.4 4.9 -8.5
v -0.3 4.7 -8.5
v -0.3 4.8 -8.5
v -0.3 4.9 -8.5
v -0.2 4.7 -8.5
v -0.2 4.9 -8.5
v -0.0999999 4.7 -8.5
v -0.0999999 4.8 -8.5
v 0 4.8 -8.5
v 0 4.9 -8.5
v 0.1 4.7 -8.5
v 0.1 4.8 -8.5
v 0.1 4.9 -8.5
v 0.2 4.7 -8.5
v 0.2 4.8 -8.5
v 0.2 4.9 -8.5
v 0.3 4.8 -8.5
v 0.3 4.9 -8.5
v 0.5 4.7 -8.5
v 0.5 4.8 -8.5
v 0.5 4.9 -8.5
v 0.6 4.7 -8.5
v 0.7 4.7 -8.5
v 0.8 4.7 -8.5
v 0.8 4.8 -8.5
v 0.9 4.7 -8.5
v 0.9 4.8 -8.5
v 0.9 4.9 -8.5
v 1 4.7 -8.5
v 1 4.8 -8.5
v 1 4.9 -8.5
v 1.1 4.7 -8.5
v 1.1 4.8 -8.5
v 1.1 4.9 -8.5
v 1.2 4.7 -8.5
v 1.3 4.7 -8.5
v 1.3 4.8 -8.5
v 1.3 4.9 -8.5
v 1.4 4.7 -8.5
v 1.4 4.8 -8.5
v 1.4 4.9 -8.5
v 1.5 4.7 -8.5
v 1.5 4.8 -8.5
v 1.6 4.7 -8.5
v 1.6 4.8 -8.5
v 1.6 4.9 -8.5
v 1.7 4.7 -8.5
v 1.7 4.9 -8.5
v 1.8 4.7 -8.5
v 1.8 4.9 -8.5
v 1.9 4.7 -8.5
v 1.9 4.8 -8.5
v 1.9 4.9 -8.5
v 2 4.7 -8.5
v 2 4.8 -8.5
v 2 4.9 -8.5
v 2.1 4.7 -8.5
v 2.1 4.8 -8.5
v 2.1 4.9 -8.5
v 2.2 4.7 -8.5
v 2.2 4.8 -8.5
v 2.3 4.7 -8.5
v 2.3 4.8 -8.5
v 2.4 4.7 -8.5
v 2.4 4.8 -8.5
v 2.5 4.7 -8.5
v 2.5 4.8 -8.5
v 2.6 4.7 -8.5
v 2.6 4.9 -8.5
v 2.7 4.8 -8.5
v 2.7 4.9 -8.5
v 2.8 4.7 -8.5
v 2.8 4.8 -8.5
v 2.9 4.7 -8.5
v 2.9 4.8 -8.5
v 2.9 4.9 -8.5
v 3 4.7 -8.5
v 3 4.8 -8.5
v 3 4.9 -8.5
v 3.1 4.7 -8.5
v 3.1 4.8 -8.5
v 3.1 4.9 -8.5
v 3.2 4.7 -8.5
v 3.2 4.8 -8.5
v 3.2 4.9 -8.5
v 3.3 4.7 -8.5
v 3.3 4.8 -8.5
v 3.4 4.7 -8.5
v 3.4 4.8 -8.5
v 3.4 4.9 -8.5
v 3.5 4.7 -8.5
v 3.5 4.9 -8.5
v -2.3 4.3 -8.6
v -2.3 4.7 -8.6
v -1.8 1.5 -8.6
v -1.8 1.7 -8.6
v -1.8 2 -8.6
v -1.8 2.1 -8.6
v -1.8 2.4 -8.6
v -1.8 2.5 -8.6
v -1.8 2.8 -8.6
v -1.8 2.9 -8.6
v -1.8 3.2 -8.6
v -1.8 3.3 -8.6
v -1.8 3.6 -8.6
v -1.8 3.7 -8.6
v -1.8 4 -8.6
v -1.8 4.1 -8.6
v -1.8 4.2 -8.6
v -1.8 4.3 -8.6
v -1.8 4.4 -8.6
v -1.8 4.5 -8.6
v -1.8 4.6 -8.6
v -1.8 4.7 -8.6
v -1.7 4.2 -8.6
v -1.7 4.3 -8.6
v -1.7 4.4 -8.6
v -1.7 4.5 -8.6
v -1.7 4.6 -8.6
v -1.7 4.7 -8.6
v -1.6 4.2 -8.6
v -1.6 4.3 -8.6
v -1.6 4.4 -8.6
v -1.6 4.5 -8.6
v -1.6 4.6 -8.6
v -1.5 4.2 -8.6
v -1.5 4.3 -8.6
v -1.5 4.4 -8.6
v -1.5 4.6 -8.6
v -1.5 4.7 -8.6
v -1.4 4.6 -8.6
v -1.4 4.7 -8.6
v -1.3 4.2 -8.6
v -1.3 4.3 -8.6
v -1.3 4.4 -8.6
v -1.3 4.6 -8.6
v -1.2 4.2 -8.6
v -1.2 4.3 -8.6
v -1.2 4.4 -8.6
v -1.2 4.6 -8.6
v -1.2 4.7 -8.6
v -1.1 4.2 -8.6
v -1.1 4.3 -8.6
v -1 4.5 -8.6
v -1 4.7 -8.6
v -0.9 4.5 -8.6
v -0.9 4.7 -8.6
v -0.8 4.5 -8.6
v -0.8 4.7 -8.6
v -0.7 4.2 -8.6
v -0.7 4.3 -8.6
v -0.7 4.5 -8.6
v -0.7 4.6 -8.6
v -0.7 4.7 -8.6
v -0.6 4.5 -8.6
v -0.6 4.6 -8.6
v -0.5 4.2 -8.6
v -0.5 4.3 -8.6
v -0.5 4.5 -8.6
v -0.5 4.6 -8.6
v -0.5 4.7 -8.6
v -0.4 4.3 -8.6
v -0.4 4.4 -8.6
v -0.4 4.5 -8.6
v -0.3 4.4 -8.6
v -0.3 4.5 -8.6
v -0.3 4.6 -8.6
v -0.3 4.7 -8.6
v -0.2 4.2 -8.6
v -0.2 4.3 -8.6
v -0.2 4.4 -8.6
v -0.2 4.5 -8.6
v -0.2 4.6 -8.6
v -0.2 4.7 -8.6
v -0.0999999 4.2 -8.6
v -0.0999999 4.3 -8.6
v -0.0999999 4.4 -8.6
v -0.0999999 4.5 -8.6
v -0.0999999 4.6 -8.6
v -0.0999999 4.7 -8.6
v 0 4.2 -8.6
v 0 4.3 -8.6
v 0 4.5 -8.6
v 0 4.6 -8.6
v 0.1 4.2 -8.6
v 0.1 4.3 -8.6
v 0.1 4.4 -8.6
v 0.1 4.6 -8.6
v 0.2 4.4 -8.6
v 0.2 4.6 -8.6
v 0.2 4.7 -8.6
v 0.3 4.3 -8.6
v 0.3 4.4 -8.6
v 0.3 4.5 -8.6
v 0.3 4.6 -8.6
v 0.4 4.2 -8.6
v 0.4 4.3 -8.6
v 0.4 4.4 -8.6
v 0.4 4.5 -8.6
v 0.5 4.2 -8.6
v 0.5 4.3 -8.6
v 0.5 4.4 -8.6
v 0.5 4.5 -8.6
v 0.5 4.6 -8.6
v 0.6 4.4 -8.6
v 0.6 4.5 -8.6
v 0.6 4.6 -8.6
v 0.6 4.7 -8.6
v 0.7 4.2 -8.6
v 0.7 4.3 -8.6
v 0.7 4.4 -8.6
v 0.7 4.5 -8.6
v 0.7 4.6 -8.6
v 0.7 4.7 -8.6
v 0.8 4.4 -8.6
v 0.8 4.5 -8.6
v 0.9 4.2 -8.6
v 0.9 4.3 -8.6
v 0.9 4.4 -8.6
v 0.9 4.5 -8.6
v 0.9 4.6 -8.6
v 0.9 4.7 -8.6
v 1 4.2 -8.6
v 1 4.3 -8.6
v 1 4.4 -8.6
v 1 4.6 -8.6
v 1 4.7 -8.6
v 1.1 4.2 -8.6
v 1.1 4.3 -8.6
v 1.1 4.4 -8.6
v 1.1 4.6 -8.6
v 1.1 4.7 -8.6
v 1.2 4.2 -8.6
v 1.2 4.3 -8.6
v 1.2 4.4 -8.6
v 1.2 4.5 -8.6
v 1.2 4.6 -8.6
v 1.2 4.7 -8.6
v 1.3 4.2 -8.6
v 1.3 4.3 -8.6
v 1.3 4.4 -8.6
v 1.3 4.5 -8.6
v 1.3 4.6 -8.6
v 1.3 4.7 -8.6
v 1.4 4.2 -8.6
v 1.4 4.3 -8.6
v 1.4 4.4 -8.6
v 1.4 4.5 -8.6
v 1.4 4.6 -8.6
v 1.4 4.7 -8.6
v 1.5 4.2 -8.6
v 1.5 4.3 -8.6
v 1.5 4.4 -8.6
v 1.5 4.5 -8.6
v 1.6 4.2 -8.6
v 1.6 4.3 -8.6
v 1.6 4.6 -8.6
v 1.7 4.2 -8.6
v 1.7 4.3 -8.6
v 1.7 4.5 -8.6
v 1.8 4.4 -8.6
v 1.8 4.5 -8.6
v 1.8 4.6 -8.6
v 1.8 4.7 -8.6
v 1.9 4.2 -8.6
v 1.9 4.3 -8.6
v 1.9 4.4 -8.6
v 1.9 4.5 -8.6
v 1.9 4.6 -8.6
v 1.9 4.7 -8.6
v 2 4.2 -8.6
v 2 4.3 -8.6
v 2 4.4 -8.6
v 2 4.5 -8.6
v 2 4.6 -8.6
v 2 4.7 -8.6
v 2.1 4.2 -8.6
v 2.1 4.3 -8.6
v 2.1 4.4 -8.6
v 2.1 4.5 -8.6
v 2.1 4.6 -8.6
v 2.1 4.7 -8.6
v 2.2 4.2 -8.6
v 2.2 4.3 -8.6
v 2.2 4.4 -8.6
v 2.2 4.6 -8.6
v 2.2 4.7 -8.6
v 2.3 4.2 -8.6
v 2.3 4.3 -8.6
v 2.3 4.4 -8.6
v 2.3 4.6 -8.6
v 2.3 4.7 -8.6
v 2.4 4.2 -8.6
v 2.4 4.3 -8.6
v 2.4 4.4 -8.6
v 2.4 4.6 -8.6
v 2.5 4.2 -8.6
v 2.5 4.3 -8.6
v 2.5 4.4 -8.6
v 2.5 4.6 -8.6
v 2.6 4.2 -8.6
v 2.6 4.3 -8.6
v 2.6 4.4 -8.6
v 2.6 4.5 -8.6
v 2.6 4.6 -8.6
v 2.6 4.7 -8.6
v 2.7 4.2 -8.6
v 2.7 4.3 -8.6
v 2.7 4.4 -8.6
v 2.7 4.5 -8.6
v 2.8 4.2 -8.6
v 2.8 4.3 -8.6
v 2.8 4.4 -8.6
v 2.8 4.6 -8.6
v 2.8 4.7 -8.6
v 2.9 4.2 -8.6
v 2.9 4.3 -8.6
v 2.9 4.5 -8.6
v 2.9 4.6 -8.6
v 2.9 4.7 -8.6
v 3 1.5 -8.6
v 3 1.7 -8.6
v 3 2 -8.6
v 3 2.1 -8.6
v 3 2.4 -8.6
v 3 2.5 -8.6
v 3 2.8 -8.6
v 3 2.9 -8.6
v 3 3.2 -8.6
v 3 3.3 -8.6
v 3 3.6 -8.6
v 3 3.7 -8.6
v 3 4 -8.6
v 3 4.1 -8.6
v 3 4.2 -8.6
v 3 4.3 -8.6
v 3 4.4 -8.6
v 3 4.5 -8.6
v 3.1 4.3 -8.6
v 3.1 4.4 -8.6
v 3.1 4.5 -8.6
v 3.1 4.6 -8.6
v 3.1 4.7 -8.6
v 3.2 4.3 -8.6
v 3.2 4.4 -8.6
v 3.2 4.6 -8.6
v 3.2 4.7 -8.6
v 3.3 4.3 -8.6
v 3.3 4.4 -8.6
v 3.3 4.5 -8.6
v 3.4 4.3 -8.6
v 3.4 4.4 -8.6
v 3.4 4.5 -8.6
v 3.4 4.6 -8.6
v 3.4 4.7 -8.6
v 3.5 4.3 -8.6
v 3.5 4.7 -8.6
v -2.3 4.2 -8.7
v -2.3 4.3 -8.7
v -2.1 0 -8.7
v -2.1 4.2 -8.7
v -1.8 0 -8.7
v -1.8 0.2 -8.7
v -1.8 0.4 -8.7
v -1.8 0.5 -8.7
v -1.8 1 -8.7
v -1.8 1.1 -8.7
v -1.8 1.3 -8.7
v -1.8 4.2 -8.7
v -1.8 4.3 -8.7
v -1.7 4.2 -8.7
v -1.7 4.3 -8.7
v -1.6 4.2 -8.7
v -1.6 4.3 -8.7
v -1.5 4.2 -8.7
v -1.5 4.3 -8.7
v -1.4 0.9 -8.7
v -1.4 1 -8.7
v -1.4 1.1 -8.7
v -1.3 4.2 -8.7
v -1.3 4.3 -8.7
v -1.2 0.4 -8.7
v -1.2 0.5 -8.7
v -1.2 0.6 -8.7
v -1.2 4.2 -8.7
v -1.2 4.3 -8.7
v -1.1 4.2 -8.7
v -1.1 4.3 -8.7
v -0.7 4.2 -8.7
v -0.7 4.3 -8.7
v -0.5 0.8 -8.7
v -0.5 0.9 -8.7
v -0.5 1 -8.7
v -0.5 4.2 -8.7
v -0.5 4.3 -8.7
v -0.2 0.5 -8.7
v -0.2 0.6 -8.7
v -0.2 0.7 -8.7
v -0.2 4.2 -8.7
v -0.2 4.3 -8.7
v -0.0999999 4.2 -8.7
v -0.0999999 4.3 -8.7
v 0 4.2 -8.7
v 0 4.3 -8.7
v 0.1 4.2 -8.7
v 0.1 4.3 -8.7
v 0.2 0.7 -8.7
v 0.2 0.8 -8.7
v 0.2 0.9 -8.7
v 0.3 0.6 -8.7
v 0.3 0.7 -8.7
v 0.4 4.2 -8.7
v 0.4 4.3 -8.7
v 0.5 4.2 -8.7
v 0.5 4.3 -8.7
v 0.7 4.2 -8.7
v 0.7 4.3 -8.7
v 0.9 0.6 -8.7
v 0.9 0.7 -8.7
v 0.9 4.2 -8.7
v 0.9 4.3 -8.7
v 1 4.2 -8.7
v 1 4.3 -8.7
v 1.1 4.2 -8.7
v 1.1 4.3 -8.7
v 1.2 4.2 -8.7
v 1.2 4.3 -8.7
v 1.3 0.7 -8.7
v 1.3 0.8 -8.7
v 1.3 0.9 -8.7
v 1.3 4.2 -8.7
v 1.3 4.3 -8.7
v 1.4 4.2 -8.7
v 1.4 4.3 -8.7
v 1.5 4.2 -8.7
v 1.5 4.3 -8.7
v 1.6 4.2 -8.7
v 1.6 4.3 -8.7
v 1.7 0.5 -8.7
v 1.7 0.6 -8.7
v 1.7 0.7 -8.7
v 1.7 4.2 -8.7
v 1.7 4.3 -8.7
v 1.9 4.2 -8.7
v 1.9 4.3 -8.7
v 2 0.8 -8.7
v 2 0.9 -8.7
v 2 1 -8.7
v 2 4.2 -8.7
v 2 4.3 -8.7
v 2.1 4.2 -8.7
v 2.1 4.3 -8.7
v 2.2 4.2 -8.7
v 2.2 4.3 -8.7
v 2.3 4.2 -8.7
v 2.3 4.3 -8.7
v 2.4 0.4 -8.7
v 2.4 0.5 -8.7
v 2.4 0.6 -8.7
v 2.4 4.2 -8.7
v 2.4 4.3 -8.7
v 2.5 4.2 -8.7
v 2.5 4.3 -8.7
v 2.6 0.9 -8.7
v 2.6 1 -8.7
v 2.6 1.1 -8.7
v 2.6 4.2 -8.7
v 2.6 4.3 -8.7
v 2.7 4.2 -8.7
v 2.7 4.3 -8.7
v 2.8 4.2 -8.7
v 2.8 4.3 -8.7
v 2.9 0.4 -8.7
v 2.9 0.5 -8.7
v 2.9 4.2 -8.7
v 2.9 4.3 -8.7
v 3 0 -8.7
v 3 0.2 -8.7
v 3 0.4 -8.7
v 3 1 -8.7
v 3 1.1 -8.7
v 3 1.3 -8.7
v 3 4.2 -8.7
v 3 4.3 -8.7
v 3.1 4.2 -8.7
v 3.1 4.3 -8.7
v 3.3 0 -8.7
v 3.3 4.2 -8.7
v 3.3 4.3 -8.7
v 3.4 4.2 -8.7
v 3.4 4.3 -8.7
v 3.5 4.2 -8.7
v 3.5 4.3 -8.7
v 0.8 0 -2.1
v 1.1 0 -2.1
v 3 0 -2.1
v 3.3 0 -2.1
v 0.9 0 -2.2
v 1.1 0 -2.2
v 3 0 -2.2
v 3.2 0 -2.2
v 0.8 0 -2.4
v 0.9 0 -2.4
v 3.2 0 -2.4
v 3.3 0 -2.4
v 0.7 0 -5.8
v 0.9 0 -5.8
v -2.1 0 -5.9
v -1.8 0 -5.9
v -2 0 -6
v -1.8 0 -6
v 0.7 0 -6
v 0.9 0 -6
v -2.1 0 -6.2
v -2 0 -6.2
v -4 0 -6.8
v -3.8 0 -6.8
v -4 0 -7.7
v -3.8 0 -7.7
v -2.1 0 -8.4
v -2 0 -8.4
v 3.2 0 -8.5
v 3.3 0 -8.5
v -2 0 -8.6
v -1.8 0 -8.6
v 3 0 -8.6
v 3.2 0 -8.6
v -2.1 0 -8.7
v -1.8 0 -8.7
v 3 0 -8.7
v 3.3 0 -8.7
v -3.8 0.1 -6.8
v -3.7 0.1 -6.8
v -3.8 0.1 -7.7
v -3.7 0.1 -7.7
v 0.8 0.2 -2.4
v 0.9 0.2 -2.4
v 0.8 0.2 -5.8
v 0.9 0.2 -5.8
v -3.7 0.2 -6.8
v -3.6 0.2 -6.8
v -3.7 0.2 -7.7
v -3.6 0.2 -7.7
v -1.8 0.2 -8.6
v 3 0.2 -8.6
v -1.8 0.2 -8.7
v 3 0.2 -8.7
v -3.6 0.3 -6.8
v -3.5 0.3 -6.8
v -3.6 0.3 -7.7
v -3.5 0.3 -7.7
v -3.5 0.4 -6.8
v -3.4 0.4 -6.8
v -3.5 0.4 -7.7
v -3.4 0.4 -7.7
v 0.8 0.5 -2.8
v 0.9 0.5 -2.8
v 0.8 0.5 -3.3
v 0.9 0.5 -3.3
v 0.8 0.5 -4.7
v 0.9 0.5 -4.7
v 0.8 0.5 -5.4
v 0.9 0.5 -5.4
v -3.4 0.5 -6.8
v -3.3 0.5 -6.8
v -3.4 0.5 -7.7
v -3.3 0.5 -7.7
v -1.2 0.5 -8.6
v -0.2 0.5 -8.6
v 1.7 0.5 -8.6
v 2.4 0.5 -8.6
v -1.2 0.5 -8.7
v -0.2 0.5 -8.7
v 1.7 0.5 -8.7
v 2.4 0.5 -8.7
v 0.8 0.6 -3.3
v 0.9 0.6 -3.3
v 0.8 0.6 -3.9
v 0.9 0.6 -3.9
v 0.8 0.6 -4.3
v 0.9 0.6 -4.3
v 0.8 0.6 -4.7
v 0.9 0.6 -4.7
v -3.3 0.6 -6.8
v -3.2 0.6 -6.8
v -3.3 0.6 -7.7
v -3.2 0.6 -7.7
v -0.2 0.6 -8.6
v 0.3 0.6 -8.6
v 0.9 0.6 -8.6
v 1.7 0.6 -8.6
v -0.2 0.6 -8.7
v 0.3 0.6 -8.7
v 0.9 0.6 -8.7
v 1.7 0.6 -8.7
v 0.8 0.7 -3.9
v 0.9 0.7 -3.9
v 0.8 0.7 -4.3
v 0.9 0.7 -4.3
v -3.2 0.7 -6.8
v -3.1 0.7 -6.8
v -3.2 0.7 -7.7
v -3.1 0.7 -7.7
v 0.3 0.7 -8.6
v 0.9 0.7 -8.6
v 0.3 0.7 -8.7
v 0.9 0.7 -8.7
v 0.8 0.8 -3.1
v 0.9 0.8 -3.1
v 0.8 0.8 -3.6
v 0.9 0.8 -3.6
v 0.8 0.8 -4.4
v 0.9 0.8 -4.4
v 0.8 0.8 -4.9
v 0.9 0.8 -4.9
v -3.1 0.8 -6.8
v -3 0.8 -6.8
v -3.1 0.8 -7.7
v -3 0.8 -7.7
v -0.5 0.8 -8.6
v 0.2 0.8 -8.6
v 1.3 0.8 -8.6
v 2 0.8 -8.6
v -0.5 0.8 -8.7
v 0.2 0.8 -8.7
v 1.3 0.8 -8.7
v 2 0.8 -8.7
v 0.8 0.9 -2.7
v 0.9 0.9 -2.7
v 0.8 0.9 -3.1
v 0.9 0.9 -3.1
v 0.8 0.9 -4.9
v 0.9 0.9 -4.9
v 0.8 0.9 -5.5
v 0.9 0.9 -5.5
v -3 0.9 -6.8
v -2.9 0.9 -6.8
v -3 0.9 -7.7
v -2.9 0.9 -7.7
v -1.4 0.9 -8.6
v -0.5 0.9 -8.6
v 2 0.9 -8.6
v 2.6 0.9 -8.6
v -1.4 0.9 -8.7
v -0.5 0.9 -8.7
v 2 0.9 -8.7
v 2.6 0.9 -8.7
v 0.8 1 -2.4
v 0.9 1 -2.4
v 0.8 1 -2.7
v 0.9 1 -2.7
v 0.8 1 -5.5
v 0.9 1 -5.5
v 0.8 1 -5.8
v 0.9 1 -5.8
v -2.9 1 -6.8
v -2.8 1 -6.8
v -2.9 1 -7.7
v -2.8 1 -7.7
v -1.8 1 -8.6
v -1.4 1 -8.6
v 2.6 1 -8.6
v 3 1 -8.6
v -1.8 1 -8.7
v -1.4 1 -8.7
v 2.6 1 -8.7
v 3 1 -8.7
v 0.8 1.1 -2.7
v 0.9 1.1 -2.7
v 0.8 1.1 -5.5
v 0.9 1.1 -5.5
v -2.8 1.1 -6.8
v -2.7 1.1 -6.8
v -2.8 1.1 -7.7
v -2.7 1.1 -7.7
v -1.4 1.1 -8.6
v 2.6 1.1 -8.6
v -1.4 1.1 -8.7
v 2.6 1.1 -8.7
v -2.7 1.2 -6.8
v -2.6 1.2 -6.8
v -2.7 1.2 -7.7
v -2.6 1.2 -7.7
v -2.6 1.3 -6.8
v -2.5 1.3 -6.8
v -2.6 1.3 -7.7
v -2.5 1.3 -7.7
v -2.5 1.4 -6.8
v -2.4 1.4 -6.8
v -2.5 1.4 -7.7
v -2.4 1.4 -7.7
v 0.9 1.5 -2.2
v 1.1 1.5 -2.2
v 3 1.5 -2.2
v 3.2 1.5 -2.2
v 0.9 1.5 -2.4
v 3.2 1.5 -2.4
v 0.9 1.5 -5.8
v -2 1.5 -6
v -1.8 1.5 -6
v 0.7 1.5 -6
v 0.9 1.5 -6
v -2 1.5 -6.2
v -2.4 1.5 -6.8
v -2.2 1.5 -6.8
v -2.4 1.5 -7.7
v -2.2 1.5 -7.7
v -2 1.5 -8.4
v 3.2 1.5 -8.4
v 3.3 1.5 -8.4
v 3.2 1.5 -8.5
v 3.3 1.5 -8.5
v -2 1.5 -8.6
v -1.8 1.5 -8.6
v 3 1.5 -8.6
v 3.2 1.5 -8.6
v -2.3 1.7 -6.7
v -2.1 1.7 -6.7
v -2.3 1.7 -6.8
v -2.2 1.7 -6.8
v -2.3 1.7 -7.7
v -2.2 1.7 -7.7
v -2.3 1.7 -7.8
v -2.1 1.7 -7.8
v -2.3 2.1 -6.8
v -2.2 2.1 -6.8
v -2.2 2.1 -6.9
v -2.2 2.1 -7
v -2.2 2.1 -7.5
v -2.2 2.1 -7.6
v -2.3 2.1 -7.7
v -2.2 2.1 -7.7
v 0.6 2.2 -2.6
v 0.8 2.2 -2.6
v 0.6 2.2 -3.8
v 0.8 2.2 -3.8
v 0.6 2.2 -4.4
v 0.8 2.2 -4.4
v 0.6 2.2 -5.6
v 0.8 2.2 -5.6
v -2.3 2.6 -6.8
v -2.2 2.6 -6.8
v -2.3 2.6 -7
v -2.2 2.6 -7
v -2.3 3.4 -6.8
v -2.2 3.4 -6.8
v -2.3 3.4 -7.7
v -2.2 3.4 -7.7
v 0.6 3.8 -2.7
v 0.7 3.8 -2.7
v 0.6 3.8 -3.7
v 0.7 3.8 -3.7
v 0.6 3.8 -4.5
v 0.7 3.8 -4.5
v 0.6 3.8 -5.5
v 0.7 3.8 -5.5
v -2.3 3.8 -6.8
v -2.2 3.8 -6.8
v -2.2 3.8 -7.1
v -2.2 3.8 -7.4
v -2.3 3.8 -7.7
v -2.2 3.8 -7.7
v 0.7 4.2 -2.1
v 0.8 4.2 -2.1
v 1.1 4.2 -2.1
v 3 4.2 -2.1
v 0.7 4.2 -2.2
v 0.8 4.2 -2.2
v 1.1 4.2 -2.2
v 3 4.2 -2.2
v 0.7 4.2 -2.3
v 0.8 4.2 -2.3
v 0.7 4.2 -2.4
v 0.8 4.2 -2.4
v 0.9 4.2 -2.4
v 3.2 4.2 -2.4
v 3.3 4.2 -2.4
v 0.7 4.2 -2.5
v 0.8 4.2 -2.5
v 0.7 4.2 -2.6
v 0.8 4.2 -2.6
v 0.9 4.2 -2.6
v 3.2 4.2 -2.6
v 3.3 4.2 -2.6
v 0.7 4.2 -2.7
v 0.8 4.2 -2.7
v 0.9 4.2 -2.7
v 3.2 4.2 -2.7
v 3.3 4.2 -2.7
v 0.8 4.2 -2.8
v 0.9 4.2 -2.8
v 0.8 4.2 -2.9
v 0.9 4.2 -2.9
v 3.2 4.2 -2.9
v 3.3 4.2 -2.9
v 0.7 4.2 -3
v 0.8 4.2 -3
v 0.9 4.2 -3
v 3.2 4.2 -3
v 3.3 4.2 -3
v 0.7 4.2 -3.1
v 0.8 4.2 -3.1
v 0.9 4.2 -3.1
v 3.2 4.2 -3.1
v 3.3 4.2 -3.1
v 0.7 4.2 -3.2
v 0.8 4.2 -3.2
v 0.9 4.2 -3.2
v 3.2 4.2 -3.2
v 3.3 4.2 -3.2
v 0.7 4.2 -3.3
v 0.8 4.2 -3.3
v 0.9 4.2 -3.3
v 3.2 4.2 -3.3
v 3.3 4.2 -3.3
v 0.8 4.2 -3.4
v 0.9 4.2 -3.4
v 3.2 4.2 -3.4
v 3.3 4.2 -3.4
v 0.8 4.2 -3.5
v 0.9 4.2 -3.5
v 3.2 4.2 -3.5
v 3.3 4.2 -3.5
v 0.8 4.2 -3.6
v 0.9 4.2 -3.6
v 3.2 4.2 -3.6
v 3.3 4.2 -3.6
v 0.8 4.2 -3.7
v 0.9 4.2 -3.7
v 3.2 4.2 -3.7
v 3.3 4.2 -3.7
v 0.7 4.2 -3.8
v 0.8 4.2 -3.8
v 0.9 4.2 -3.8
v 3.2 4.2 -3.8
v 3.3 4.2 -3.8
v 0.7 4.2 -3.9
v 0.9 4.2 -3.9
v 3.2 4.2 -4
v 3.3 4.2 -4
v 0.8 4.2 -4.1
v 0.9 4.2 -4.1
v 3.2 4.2 -4.1
v 3.3 4.2 -4.1
v 0.7 4.2 -4.2
v 0.8 4.2 -4.2
v 0.9 4.2 -4.2
v 3.2 4.2 -4.2
v 3.3 4.2 -4.2
v 0.7 4.2 -4.3
v 0.8 4.2 -4.3
v 3.2 4.2 -4.3
v 3.3 4.2 -4.3
v 0.7 4.2 -4.4
v 0.8 4.2 -4.4
v 0.9 4.2 -4.4
v 0.7 4.2 -4.5
v 0.8 4.2 -4.5
v 0.9 4.2 -4.5
v 3.2 4.2 -4.5
v 3.3 4.2 -4.5
v 0.7 4.2 -4.6
v 0.8 4.2 -4.6
v 0.9 4.2 -4.6
v 0.7 4.2 -4.7
v 0.8 4.2 -4.7
v 3.2 4.2 -4.7
v 3.3 4.2 -4.7
v 0.7 4.2 -4.8
v 0.9 4.2 -4.8
v 3.2 4.2 -4.8
v 3.3 4.2 -4.8
v 0.7 4.2 -4.9
v 0.9 4.2 -4.9
v 3.2 4.2 -4.9
v 3.3 4.2 -4.9
v 0.7 4.2 -5
v 0.9 4.2 -5
v 0.7 4.2 -5.1
v 0.8 4.2 -5.1
v 0.9 4.2 -5.1
v 3.2 4.2 -5.1
v 3.3 4.2 -5.1
v 0.7 4.2 -5.2
v 0.8 4.2 -5.2
v 0.9 4.2 -5.2
v 3.2 4.2 -5.2
v 3.3 4.2 -5.2
v 0.7 4.2 -5.3
v 0.8 4.2 -5.3
v 0.9 4.2 -5.3
v 3.2 4.2 -5.3
v 3.3 4.2 -5.3
v 0.7 4.2 -5.4
v 0.8 4.2 -5.4
v 3.2 4.2 -5.4
v 3.3 4.2 -5.4
v 0.7 4.2 -5.5
v 0.8 4.2 -5.5
v 0.9 4.2 -5.5
v 3.2 4.2 -5.5
v 3.3 4.2 -5.5
v 0.7 4.2 -5.6
v 0.8 4.2 -5.6
v 0.9 4.2 -5.6
v 3.2 4.2 -5.6
v 3.3 4.2 -5.6
v 0.8 4.2 -5.7
v 0.9 4.2 -5.7
v 3.2 4.2 -5.7
v 3.3 4.2 -5.7
v -2.3 4.2 -5.8
v -1.8 4.2 -5.8
v -1.4 4.2 -5.8
v -1.2 4.2 -5.8
v -1.1 4.2 -5.8
v -0.9 4.2 -5.8
v -0.8 4.2 -5.8
v -0.6 4.2 -5.8
v -0.5 4.2 -5.8
v -0.3 4.2 -5.8
v -0.2 4.2 -5.8
v 0 4.2 -5.8
v 0.1 4.2 -5.8
v 0.2 4.2 -5.8
v 0.3 4.2 -5.8
v 0.4 4.2 -5.8
v 0.5 4.2 -5.8
v 0.6 4.2 -5.8
v 0.7 4.2 -5.8
v 0.8 4.2 -5.8
v 0.9 4.2 -5.8
v 3.2 4.2 -5.8
v 3.3 4.2 -5.8
v 3.4 4.2 -5.8
v 3.5 4.2 -5.8
v -2.1 4.2 -5.9
v -1.8 4.2 -5.9
v -1.7 4.2 -5.9
v -1.6 4.2 -5.9
v -1.5 4.2 -5.9
v -1.3 4.2 -5.9
v -1.2 4.2 -5.9
v -1 4.2 -5.9
v -0.9 4.2 -5.9
v -0.5 4.2 -5.9
v -0.3 4.2 -5.9
v -0.2 4.2 -5.9
v 0 4.2 -5.9
v 0.1 4.2 -5.9
v 0.2 4.2 -5.9
v 0.3 4.2 -5.9
v 0.4 4.2 -5.9
v 3.2 4.2 -5.9
v 3.3 4.2 -5.9
v 3.4 4.2 -5.9
v -1.8 4.2 -6
v -1.7 4.2 -6
v -1.6 4.2 -6
v -1.5 4.2 -6
v -1.4 4.2 -6
v -1.3 4.2 -6
v -1.2 4.2 -6
v -1.1 4.2 -6
v -1 4.2 -6
v -0.8 4.2 -6
v -0.6 4.2 -6
v -0.2 4.2 -6
v 0 4.2 -6
v 0.2 4.2 -6
v 0.4 4.2 -6
v 0.5 4.2 -6
v 0.6 4.2 -6
v 0.7 4.2 -6
v 3.2 4.2 -6
v 3.4 4.2 -6
v 3.5 4.2 -6
v -2.3 4.2 -6.1
v -2.1 4.2 -6.1
v -2.3 4.2 -8.5
v -2.1 4.2 -8.5
v 3.3 4.2 -8.5
v 3.4 4.2 -8.5
v 3.5 4.2 -8.5
v -1.8 4.2 -8.6
v -1.7 4.2 -8.6
v -1.6 4.2 -8.6
v -1.5 4.2 -8.6
v -1.3 4.2 -8.6
v -1.2 4.2 -8.6
v -1.1 4.2 -8.6
v -0.7 4.2 -8.6
v -0.5 4.2 -8.6
v -0.2 4.2 -8.6
v -0.0999999 4.2 -8.6
v 0 4.2 -8.6
v 0.1 4.2 -8.6
v 0.4 4.2 -8.6
v 0.5 4.2 -8.6
v 0.7 4.2 -8.6
v 0.9 4.2 -8.6
v 1 4.2 -8.6
v 1.1 4.2 -8.6
v 1.2 4.2 -8.6
v 1.3 4.2 -8.6
v 1.4 4.2 -8.6
v 1.5 4.2 -8.6
v 1.6 4.2 -8.6
v 1.7 4.2 -8.6
v 1.9 4.2 -8.6
v 2 4.2 -8.6
v 2.1 4.2 -8.6
v 2.2 4.2 -8.6
v 2.3 4.2 -8.6
v 2.4 4.2 -8.6
v 2.5 4.2 -8.6
v 2.6 4.2 -8.6
v 2.7 4.2 -8.6
v 2.8 4.2 -8.6
v 2.9 4.2 -8.6
v 3 4.2 -8.6
v 3.3 4.2 -8.6
v 3.4 4.2 -8.6
v -2.3 4.2 -8.7
v -2.1 4.2 -8.7
v -1.8 4.2 -8.7
v -1.7 4.2 -8.7
v -1.6 4.2 -8.7
v -1.5 4.2 -8.7
v -1.3 4.2 -8.7
v -1.2 4.2 -8.7
v -1.1 4.2 -8.7
v -0.7 4.2 -8.7
v -0.5 4.2 -8.7
v -0.2 4.2 -8.7
v -0.0999999 4.2 -8.7
v 0 4.2 -8.7
v 0.1 4.2 -8.7
v 0.4 4.2 -8.7
v 0.5 4.2 -8.7
v 0.7 4.2 -8.7
v 0.9 4.2 -8.7
v 1 4.2 -8.7
v 1.1 4.2 -8.7
v 1.2 4.2 -8.7
v 1.3 4.2 -8.7
v 1.4 4.2 -8.7
v 1.5 4.2 -8.7
v 1.6 4.2 -8.7
v 1.7 4.2 -8.7
v 1.9 4.2 -8.7
v 2 4.2 -8.7
v 2.1 4.2 -8.7
v 2.2 4.2 -8.7
v 2.3 4.2 -8.7
v 2.4 4.2 -8.7
v 2.5 4.2 -8.7
v 2.6 4.2 -8.7
v 2.7 4.2 -8.7
v 2.8 4.2 -8.7
v 2.9 4.2 -8.7
v 3 4.2 -8.7
v 3.3 4.2 -8.7
v 3.4 4.2 -8.7
v 3.5 4.2 -8.7
v -2.3 4.3 -8.4
v -2 4.3 -8.4
v 3.2 4.3 -8.4
v 3.4 4.3 -8.4
v 3.5 4.3 -8.4
v -2.3 4.3 -8.5
v -2 4.3 -8.5
v 3.2 4.3 -8.5
v 3.4 4.3 -8.5
v 3.5 4.3 -8.5
v 3.2 4.4 -6
v 3.4 4.4 -6
v 3.5 4.4 -6
v 3.2 4.4 -6.1
v 3.4 4.4 -6.1
v 3.5 4.4 -6.1
v 3.2 4.5 -6.1
v 3.4 4.5 -6.1
v 3.5 4.5 -6.1
v 3.2 4.5 -6.2
v 3.4 4.5 -6.2
v 3.5 4.5 -6.2
v -2.3 4.5 -8.3
v -2 4.5 -8.3
v 3.2 4.5 -8.3
v 3.4 4.5 -8.3
v 3.5 4.5 -8.3
v -2.3 4.5 -8.4
v -2 4.5 -8.4
v 3.2 4.5 -8.4
v 3.4 4.5 -8.4
v 3.5 4.5 -8.4
v -2.3 4.6 -6.1
v -2 4.6 -6.1
v -2.3 4.6 -6.2
v -2 4.6 -6.2
v 3.2 4.7 -6.2
v 3.4 4.7 -6.2
v 3.5 4.7 -6.2
v 3.2 4.7 -6.3
v 3.4 4.7 -6.3
v 3.5 4.7 -6.3
v -2.2 4.7 -7.1
v -2 4.7 -7.1
v -2.2 4.7 -7.5
v -2 4.7 -7.5
v -2.3 4.7 -8.2
v -2 4.7 -8.2
v 3.2 4.7 -8.2
v 3.4 4.7 -8.2
v 3.5 4.7 -8.2
v -2.3 4.7 -8.3
v -2 4.7 -8.3
v 3.2 4.7 -8.3
v 3.4 4.7 -8.3
v 3.5 4.7 -8.3
v -2.3 4.8 -6.2
v -2 4.8 -6.2
v -2.3 4.8 -6.3
v -2 4.8 -6.3
v -2.2 4.8 -6.9
v -2 4.8 -6.9
v -2.2 4.8 -7.1
v -2 4.8 -7.1
v -2.2 4.8 -7.5
v -2 4.8 -7.5
v -2.2 4.8 -7.7
v -2 4.8 -7.7
v -2.3 4.9 -8.1
v -2 4.9 -8.1
v 3.2 4.9 -8.1
v 3.4 4.9 -8.1
v 3.5 4.9 -8.1
v -2.3 4.9 -8.2
v -2 4.9 -8.2
v 3.2 4.9 -8.2
v 3.4 4.9 -8.2
v 3.5 4.9 -8.2
v 3.2 5 -6.3
v 3.4 5 -6.3
v 3.5 5 -6.3
v 3.2 5 -6.4
v 3.4 5 -6.4
v 3.5 5 -6.4
v -2.2 5 -6.8
v -2 5 -6.8
v -2.2 5 -6.9
v -2 5 -6.9
v -2.2 5 -7.7
v -2 5 -7.7
v -2.2 5 -7.8
v -2 5 -7.8
v -2.3 5.1 -6.3
v -2 5.1 -6.3
v -2.3 5.1 -6.4
v -2 5.1 -6.4
v -2.3 5.1 -8
v -2 5.1 -8
v 3.2 5.1 -8
v 3.4 5.1 -8
v 3.5 5.1 -8
v -2.3 5.1 -8.1
v -2 5.1 -8.1
v 3.2 5.1 -8.1
v 3.4 5.1 -8.1
v 3.5 5.1 -8.1
v -2.3 5.4 -6.4
v -2 5.4 -6.4
v 3.2 5.4 -6.4
v 3.4 5.4 -6.4
v 3.5 5.4 -6.4
v -2.3 5.4 -6.5
v -2 5.4 -6.5
v 3.2 5.4 -6.5
v 3.4 5.4 -6.5
v 3.5 5.4 -6.5
v -2.2 5.4 -6.9
v -2.1 5.4 -6.9
v -2.2 5.4 -7
v -2.1 5.4 -7
v -2.2 5.4 -7.6
v -2.1 5.4 -7.6
v -2.2 5.4 -7.7
v -2.1 5.4 -7.7
v -2.2 5.5 -7
v -2.1 5.5 -7
v -2.2 5.5 -7.1
v -2.1 5.5 -7.1
v -2.2 5.5 -7.5
v -2.1 5.5 -7.5
v -2.2 5.5 -7.6
v -2.1 5.5 -7.6
v 3.2 5.5 -7.9
v 3.4 5.5 -7.9
v 3.5 5.5 -7.9
v 3.2 5.5 -8
v 3.4 5.5 -8
v 3.5 5.5 -8
v -2.3 5.6 -6.5
v -2 5.6 -6.5
v -2.3 5.6 -6.6
v -2 5.6 -6.6
v -2.2 5.6 -7.1
v -2.1 5.6 -7.1
v -2.1 5.6 -7.2
v -2.1 5.6 -7.4
v -2.2 5.6 -7.5
v -2.1 5.6 -7.5
v -2.3 5.6 -7.9
v -2 5.6 -7.9
v -2.3 5.6 -8
v -2 5.6 -8
v 3.2 5.7 -6.5
v 3.4 5.7 -6.5
v 3.5 5.7 -6.5
v 3.2 5.7 -6.6
v 3.4 5.7 -6.6
v 3.5 5.7 -6.6
v 3.2 5.8 -7.8
v 3.4 5.8 -7.8
v 3.5 5.8 -7.8
v 3.2 5.8 -7.9
v 3.4 5.8 -7.9
v 3.5 5.8 -7.9
v -2.3 5.9 -6.6
v -2 5.9 -6.6
v 3.2 5.9 -6.6
v 3.4 5.9 -6.6
v 3.5 5.9 -6.6
v -2.3 5.9 -6.7
v -2 5.9 -6.7
v 3.2 5.9 -6.7
v 3.4 5.9 -6.7
v 3.5 5.9 -6.7
v -2.3 5.9 -7.8
v -2 5.9 -7.8
v -2.3 5.9 -7.9
v -2 5.9 -7.9
v -2.3 6.1 -6.7
v -2 6.1 -6.7
v 3.2 6.1 -6.7
v 3.4 6.1 -6.7
v 3.5 6.1 -6.7
v -2.3 6.1 -6.8
v -2 6.1 -6.8
v 3.2 6.1 -6.8
v 3.4 6.1 -6.8
v 3.5 6.1 -6.8
v -2.3 6.2 -7.7
v -2 6.2 -7.7
v 3.2 6.2 -7.7
v 3.4 6.2 -7.7
v 3.5 6.2 -7.7
v -2.3 6.2 -7.8
v -2 6.2 -7.8
v 3.2 6.2 -7.8
v 3.4 6.2 -7.8
v 3.5 6.2 -7.8
v -2.3 6.3 -6.8
v -2 6.3 -6.8
v 3.2 6.3 -6.8
v 3.4 6.3 -6.8
v 3.5 6.3 -6.8
v -2.3 6.3 -6.9
v -2 6.3 -6.9
v 3.2 6.3 -6.9
v 3.4 6.3 -6.9
v 3.5 6.3 -6.9
v -2.3 6.4 -7.6
v -2 6.4 -7.6
v 3.2 6.4 -7.6
v 3.4 6.4 -7.6
v 3.5 6.4 -7.6
v -2.3 6.4 -7.7
v -2 6.4 -7.7
v 3.2 6.4 -7.7
v 3.4 6.4 -7.7
v 3.5 6.4 -7.7
v -2.3 6.5 -6.9
v -2 6.5 -6.9
v 3.2 6.5 -6.9
v 3.4 6.5 -6.9
v 3.5 6.5 -6.9
v -2.3 6.5 -7
v -2 6.5 -7
v 3.2 6.5 -7
v 3.4 6.5 -7
v 3.5 6.5 -7
v -2.3 6.6 -7.5
v -2 6.6 -7.5
v -2.3 6.6 -7.6
v -2 6.6 -7.6
v -2.3 6.7 -7
v -2 6.7 -7
v 3.2 6.7 -7
v 3.4 6.7 -7
v 3.5 6.7 -7
v -2.3 6.7 -7.1
v -2 6.7 -7.1
v 3.2 6.7 -7.1
v 3.4 6.7 -7.1
v 3.5 6.7 -7.1
v 3.2 6.7 -7.5
v 3.4 6.7 -7.5
v 3.5 6.7 -7.5
v 3.2 6.7 -7.6
v 3.4 6.7 -7.6
v 3.5 6.7 -7.6
v -2.3 6.8 -7.4
v -2 6.8 -7.4
v -2.3 6.8 -7.5
v -2 6.8 -7.5
v -2.3 7 -7.1
v -2 7 -7.1
v -2.3 7 -7.2
v -2 7 -7.2
v 3.2 7 -7.4
v 3.4 7 -7.4
v 3.5 7 -7.4
v 3.2 7 -7.5
v 3.4 7 -7.5
v 3.5 7 -7.5
v -2.3 7.2 -7.3
v -2 7.2 -7.3
v 3.2 7.2 -7.3
v 3.4 7.2 -7.3
v 3.5 7.2 -7.3
v -2.3 7.2 -7.4
v -2 7.2 -7.4
v 3.2 7.2 -7.4
v 3.4 7.2 -7.4
v 3.5 7.2 -7.4
v 3.2 7.4 -7.1
v 3.4 7.4 -7.1
v 3.5 7.4 -7.1
v -2.3 7.4 -7.2
v -2 7.4 -7.2
v -2.3 7.4 -7.3
v -2 7.4 -7.3
v 3.2 7.4 -7.3
v 3.4 7.4 -7.3
v 3.5 7.4 -7.3
v -4 0.1 -6.8
v -3.8 0.1 -6.8
v -4 0.1 -7.7
v -3.8 0.1 -7.7
v -3.8 0.3 -6.8
v -3.6 0.3 -6.8
v -3.8 0.3 -7.7
v -3.6 0.3 -7.7
v 0.8 0.4 -2.4
v 0.9 0.4 -2.4
v 0.8 0.4 -2.5
v 0.9 0.4 -2.5
v 0.8 0.4 -2.8
v 0.9 0.4 -2.8
v 0.8 0.4 -5.4
v 0.9 0.4 -5.4
v -1.2 0.4 -8.6
v 2.4 0.4 -8.6
v 2.9 0.4 -8.6
v 3 0.4 -8.6
v -1.2 0.4 -8.7
v 2.4 0.4 -8.7
v 2.9 0.4 -8.7
v 3 0.4 -8.7
v 0.8 0.5 -2.5
v 0.9 0.5 -2.5
v 0.8 0.5 -2.8
v 0.9 0.5 -2.8
v 0.8 0.5 -5.4
v 0.9 0.5 -5.4
v 0.8 0.5 -5.8
v 0.9 0.5 -5.8
v -3.6 0.5 -6.8
v -3.4 0.5 -6.8
v -3.6 0.5 -7.7
v -3.4 0.5 -7.7
v -1.8 0.5 -8.6
v -1.2 0.5 -8.6
v 2.4 0.5 -8.6
v 2.9 0.5 -8.6
v -1.8 0.5 -8.7
v -1.2 0.5 -8.7
v 2.4 0.5 -8.7
v 2.9 0.5 -8.7
v 0.8 0.6 -2.8
v 0.9 0.6 -2.8
v 0.8 0.6 -3.3
v 0.9 0.6 -3.3
v 0.8 0.6 -4.7
v 0.9 0.6 -4.7
v 0.8 0.6 -5.4
v 0.9 0.6 -5.4
v -1.2 0.6 -8.6
v -0.2 0.6 -8.6
v 1.7 0.6 -8.6
v 2.4 0.6 -8.6
v -1.2 0.6 -8.7
v -0.2 0.6 -8.7
v 1.7 0.6 -8.7
v 2.4 0.6 -8.7
v 0.8 0.7 -3.3
v 0.9 0.7 -3.3
v 0.8 0.7 -3.6
v 0.9 0.7 -3.6
v 0.8 0.7 -4.4
v 0.9 0.7 -4.4
v 0.8 0.7 -4.7
v 0.9 0.7 -4.7
v -3.4 0.7 -6.8
v -3.2 0.7 -6.8
v -3.4 0.7 -7.7
v -3.2 0.7 -7.7
v -0.2 0.7 -8.6
v 0.2 0.7 -8.6
v 1.3 0.7 -8.6
v 1.7 0.7 -8.6
v -0.2 0.7 -8.7
v 0.2 0.7 -8.7
v 1.3 0.7 -8.7
v 1.7 0.7 -8.7
v 0.8 0.8 -3.6
v 0.9 0.8 -3.6
v 0.8 0.8 -4.4
v 0.9 0.8 -4.4
v 0.2 0.8 -8.6
v 1.3 0.8 -8.6
v 0.2 0.8 -8.7
v 1.3 0.8 -8.7
v 0.8 0.9 -3.1
v 0.9 0.9 -3.1
v 0.8 0.9 -3.6
v 0.9 0.9 -3.6
v 0.8 0.9 -4.4
v 0.9 0.9 -4.4
v 0.8 0.9 -4.9
v 0.9 0.9 -4.9
v -3.2 0.9 -6.8
v -3 0.9 -6.8
v -3.2 0.9 -7.7
v -3 0.9 -7.7
v -0.5 0.9 -8.6
v 0.2 0.9 -8.6
v 1.3 0.9 -8.6
v 2 0.9 -8.6
v -0.5 0.9 -8.7
v 0.2 0.9 -8.7
v 1.3 0.9 -8.7
v 2 0.9 -8.7
v 0.8 1 -2.7
v 0.9 1 -2.7
v 0.8 1 -3.1
v 0.9 1 -3.1
v 0.8 1 -4.9
v 0.9 1 -4.9
v 0.8 1 -5.5
v 0.9 1 -5.5
v -1.4 1 -8.6
v -0.5 1 -8.6
v 2 1 -8.6
v 2.6 1 -8.6
v -1.4 1 -8.7
v -0.5 1 -8.7
v 2 1 -8.7
v 2.6 1 -8.7
v -3 1.1 -6.8
v -2.8 1.1 -6.8
v -3 1.1 -7.7
v -2.8 1.1 -7.7
v 0.8 1.3 -2.4
v 0.9 1.3 -2.4
v 0.8 1.3 -5.8
v 0.9 1.3 -5.8
v -2.8 1.3 -6.8
v -2.6 1.3 -6.8
v -2.8 1.3 -7.7
v -2.6 1.3 -7.7
v -1.8 1.3 -8.6
v 3 1.3 -8.6
v -1.8 1.3 -8.7
v 3 1.3 -8.7
v -2.6 1.5 -6.8
v -2.4 1.5 -6.8
v -2.6 1.5 -7.7
v -2.4 1.5 -7.7
v -2.4 1.7 -6.8
v -2.3 1.7 -6.8
v -2.4 1.7 -7.7
v -2.3 1.7 -7.7
v -2.3 1.8 -6.8
v -2.2 1.8 -6.8
v -2.2 1.8 -6.9
v -2.2 1.8 -7
v -2.2 1.8 -7.5
v -2.2 1.8 -7.6
v -2.3 1.8 -7.7
v -2.2 1.8 -7.7
v -2.3 2.2 -6.8
v -2.2 2.2 -6.8
v -2.3 2.2 -7.7
v -2.2 2.2 -7.7
v 0.6 2.5 -2.7
v 0.7 2.5 -2.7
v 0.6 2.5 -3.7
v 0.7 2.5 -3.7
v 0.6 2.5 -4.5
v 0.7 2.5 -4.5
v 0.6 2.5 -5.5
v 0.7 2.5 -5.5
v -2.3 2.7 -6.8
v -2.2 2.7 -6.8
v -2.3 2.7 -7
v -2.2 2.7 -7
v -2.3 3.5 -6.8
v -2.2 3.5 -6.8
v -2.2 3.5 -6.9
v -2.2 3.5 -7
v -2.2 3.5 -7.5
v -2.2 3.5 -7.6
v -2.3 3.5 -7.7
v -2.2 3.5 -7.7
v 0.6 3.9 -2.6
v 0.8 3.9 -2.6
v 0.6 3.9 -3.8
v 0.8 3.9 -3.8
v 0.6 3.9 -4.4
v 0.8 3.9 -4.4
v 0.6 3.9 -5.6
v 0.8 3.9 -5.6
v -2.3 3.9 -6.7
v -2.1 3.9 -6.7
v -2.3 3.9 -7.8
v -2.1 3.9 -7.8
v -2.1 4.2 -6.1
v -2 4.2 -6.1
v -2.1 4.2 -6.2
v -2 4.2 -6.2
v -2.1 4.2 -8.4
v -2 4.2 -8.4
v 3.2 4.2 -8.4
v 3.3 4.2 -8.4
v -2.1 4.2 -8.5
v -2 4.2 -8.5
v 3.2 4.2 -8.5
v 3.3 4.2 -8.5
v 0.7 4.3 -2.1
v 0.8 4.3 -2.1
v 3.2 4.3 -2.1
v 3.3 4.3 -2.1
v 0.7 4.3 -2.2
v 0.8 4.3 -2.2
v 3.2 4.3 -2.2
v 3.3 4.3 -2.2
v 0.7 4.3 -2.3
v 0.8 4.3 -2.3
v 3.2 4.3 -2.3
v 3.3 4.3 -2.3
v 0.7 4.3 -2.4
v 0.8 4.3 -2.4
v 3.2 4.3 -2.4
v 3.3 4.3 -2.4
v 0.7 4.3 -2.5
v 0.8 4.3 -2.5
v 0.7 4.3 -2.6
v 0.8 4.3 -2.6
v 3.2 4.3 -2.6
v 3.3 4.3 -2.6
v 0.7 4.3 -2.7
v 0.8 4.3 -2.7
v 3.2 4.3 -2.7
v 3.3 4.3 -2.7
v 0.8 4.3 -2.8
v 3.2 4.3 -2.8
v 0.8 4.3 -2.9
v 3.2 4.3 -2.9
v 3.3 4.3 -2.9
v 0.7 4.3 -3
v 0.8 4.3 -3
v 3.2 4.3 -3
v 3.3 4.3 -3
v 0.7 4.3 -3.1
v 0.8 4.3 -3.1
v 3.2 4.3 -3.1
v 3.3 4.3 -3.1
v 0.7 4.3 -3.2
v 0.8 4.3 -3.2
v 3.2 4.3 -3.2
v 3.3 4.3 -3.2
v 0.7 4.3 -3.3
v 0.8 4.3 -3.3
v 3.2 4.3 -3.3
v 3.3 4.3 -3.3
v 0.8 4.3 -3.4
v 3.2 4.3 -3.4
v 3.3 4.3 -3.4
v 0.8 4.3 -3.5
v 3.2 4.3 -3.5
v 3.3 4.3 -3.5
v 0.8 4.3 -3.6
v 3.2 4.3 -3.6
v 3.3 4.3 -3.6
v 0.8 4.3 -3.7
v 3.2 4.3 -3.7
v 3.3 4.3 -3.7
v 0.7 4.3 -3.8
v 0.8 4.3 -3.8
v 3.2 4.3 -3.8
v 3.3 4.3 -3.8
v 0.7 4.3 -3.9
v 0.8 4.3 -3.9
v 3.2 4.3 -3.9
v 0.8 4.3 -4
v 3.2 4.3 -4
v 3.3 4.3 -4
v 0.8 4.3 -4.1
v 3.2 4.3 -4.1
v 3.3 4.3 -4.1
v 0.7 4.3 -4.2
v 0.8 4.3 -4.2
v 3.2 4.3 -4.2
v 3.3 4.3 -4.2
v 0.7 4.3 -4.3
v 0.8 4.3 -4.3
v 3.2 4.3 -4.3
v 3.3 4.3 -4.3
v 0.7 4.3 -4.4
v 0.8 4.3 -4.4
v 3.2 4.3 -4.4
v 0.7 4.3 -4.5
v 0.8 4.3 -4.5
v 3.2 4.3 -4.5
v 3.3 4.3 -4.5
v 0.7 4.3 -4.6
v 0.8 4.3 -4.6
v 3.2 4.3 -4.6
v 0.7 4.3 -4.7
v 0.8 4.3 -4.7
v 3.2 4.3 -4.7
v 3.3 4.3 -4.7
v 0.7 4.3 -4.8
v 0.8 4.3 -4.8
v 3.2 4.3 -4.8
v 3.3 4.3 -4.8
v 0.7 4.3 -4.9
v 0.8 4.3 -4.9
v 3.2 4.3 -4.9
v 3.3 4.3 -4.9
v 0.7 4.3 -5
v 0.8 4.3 -5
v 3.2 4.3 -5
v 0.7 4.3 -5.1
v 0.8 4.3 -5.1
v 3.2 4.3 -5.1
v 3.3 4.3 -5.1
v 0.7 4.3 -5.2
v 0.8 4.3 -5.2
v 3.2 4.3 -5.2
v 3.3 4.3 -5.2
v 0.7 4.3 -5.3
v 0.8 4.3 -5.3
v 3.2 4.3 -5.3
v 3.3 4.3 -5.3
v 0.7 4.3 -5.4
v 0.8 4.3 -5.4
v 3.2 4.3 -5.4
v 3.3 4.3 -5.4
v 0.7 4.3 -5.5
v 0.8 4.3 -5.5
v 3.2 4.3 -5.5
v 3.3 4.3 -5.5
v 0.7 4.3 -5.6
v 0.8 4.3 -5.6
v 3.2 4.3 -5.6
v 3.3 4.3 -5.6
v 0.8 4.3 -5.7
v 3.2 4.3 -5.7
v 3.3 4.3 -5.7
v -2.3 4.3 -5.8
v -1.8 4.3 -5.8
v -1.4 4.3 -5.8
v -1.2 4.3 -5.8
v -1.1 4.3 -5.8
v -0.9 4.3 -5.8
v -0.8 4.3 -5.8
v -0.6 4.3 -5.8
v -0.5 4.3 -5.8
v -0.3 4.3 -5.8
v -0.2 4.3 -5.8
v 0 4.3 -5.8
v 0.1 4.3 -5.8
v 0.2 4.3 -5.8
v 0.3 4.3 -5.8
v 0.4 4.3 -5.8
v 0.5 4.3 -5.8
v 0.6 4.3 -5.8
v 0.7 4.3 -5.8
v 0.8 4.3 -5.8
v 3.2 4.3 -5.8
v 3.3 4.3 -5.8
v 3.4 4.3 -5.8
v 3.5 4.3 -5.8
v -2.3 4.3 -5.9
v -1.8 4.3 -5.9
v -1.7 4.3 -5.9
v -1.6 4.3 -5.9
v -1.5 4.3 -5.9
v -1.4 4.3 -5.9
v -1.3 4.3 -5.9
v -1.2 4.3 -5.9
v -1.1 4.3 -5.9
v -1 4.3 -5.9
v -0.9 4.3 -5.9
v -0.8 4.3 -5.9
v -0.7 4.3 -5.9
v -0.6 4.3 -5.9
v -0.5 4.3 -5.9
v -0.4 4.3 -5.9
v -0.3 4.3 -5.9
v -0.2 4.3 -5.9
v -0.0999999 4.3 -5.9
v 0 4.3 -5.9
v 0.1 4.3 -5.9
v 0.2 4.3 -5.9
v 0.3 4.3 -5.9
v 0.4 4.3 -5.9
v 0.5 4.3 -5.9
v 0.6 4.3 -5.9
v 0.7 4.3 -5.9
v 0.8 4.3 -5.9
v 3.2 4.3 -5.9
v 3.3 4.3 -5.9
v 3.4 4.3 -5.9
v 3.5 4.3 -5.9
v -2.3 4.3 -8.6
v -1.8 4.3 -8.6
v -1.7 4.3 -8.6
v -1.6 4.3 -8.6
v -1.5 4.3 -8.6
v -1.3 4.3 -8.6
v -1.2 4.3 -8.6
v -1.1 4.3 -8.6
v -0.7 4.3 -8.6
v -0.5 4.3 -8.6
v -0.4 4.3 -8.6
v -0.2 4.3 -8.6
v -0.0999999 4.3 -8.6
v 0 4.3 -8.6
v 0.1 4.3 -8.6
v 0.3 4.3 -8.6
v 0.4 4.3 -8.6
v 0.5 4.3 -8.6
v 0.7 4.3 -8.6
v 0.9 4.3 -8.6
v 1 4.3 -8.6
v 1.1 4.3 -8.6
v 1.2 4.3 -8.6
v 1.3 4.3 -8.6
v 1.4 4.3 -8.6
v 1.5 4.3 -8.6
v 1.6 4.3 -8.6
v 1.7 4.3 -8.6
v 1.9 4.3 -8.6
v 2 4.3 -8.6
v 2.1 4.3 -8.6
v 2.2 4.3 -8.6
v 2.3 4.3 -8.6
v 2.4 4.3 -8.6
v 2.5 4.3 -8.6
v 2.6 4.3 -8.6
v 2.7 4.3 -8.6
v 2.8 4.3 -8.6
v 2.9 4.3 -8.6
v 3 4.3 -8.6
v 3.1 4.3 -8.6
v 3.2 4.3 -8.6
v 3.3 4.3 -8.6
v 3.4 4.3 -8.6
v 3.5 4.3 -8.6
v -2.3 4.3 -8.7
v -1.8 4.3 -8.7
v -1.7 4.3 -8.7
v -1.6 4.3 -8.7
v -1.5 4.3 -8.7
v -1.3 4.3 -8.7
v -1.2 4.3 -8.7
v -1.1 4.3 -8.7
v -0.7 4.3 -8.7
v -0.5 4.3 -8.7
v -0.2 4.3 -8.7
v -0.0999999 4.3 -8.7
v 0 4.3 -8.7
v 0.1 4.3 -8.7
v 0.4 4.3 -8.7
v 0.5 4.3 -8.7
v 0.7 4.3 -8.7
v 0.9 4.3 -8.7
v 1 4.3 -8.7
v 1.1 4.3 -8.7
v 1.2 4.3 -8.7
v 1.3 4.3 -8.7
v 1.4 4.3 -8.7
v 1.5 4.3 -8.7
v 1.6 4.3 -8.7
v 1.7 4.3 -8.7
v 1.9 4.3 -8.7
v 2 4.3 -8.7
v 2.1 4.3 -8.7
v 2.2 4.3 -8.7
v 2.3 4.3 -8.7
v 2.4 4.3 -8.7
v 2.5 4.3 -8.7
v 2.6 4.3 -8.7
v 2.7 4.3 -8.7
v 2.8 4.3 -8.7
v 2.9 4.3 -8.7
v 3 4.3 -8.7
v 3.1 4.3 -8.7
v 3.3 4.3 -8.7
v 3.4 4.3 -8.7
v 3.5 4.3 -8.7
v 0.8 4.6 -2.1
v 0.9 4.6 -2.1
v 3.1 4.6 -2.1
v 3.2 4.6 -2.1
v 0.8 4.6 -2.2
v 0.9 4.6 -2.2
v 3.1 4.6 -2.2
v 3.2 4.6 -2.2
v 0.8 4.6 -2.3
v 0.9 4.6 -2.3
v 3.1 4.6 -2.3
v 3.2 4.6 -2.3
v 0.9 4.6 -2.4
v 3.1 4.6 -2.4
v 0.9 4.6 -2.5
v 3.1 4.6 -2.5
v 3.2 4.6 -2.5
v 0.8 4.6 -2.6
v 0.9 4.6 -2.6
v 3.1 4.6 -2.6
v 3.2 4.6 -2.6
v 0.8 4.6 -2.7
v 0.9 4.6 -2.7
v 3.1 4.6 -2.7
v 3.2 4.6 -2.7
v 0.8 4.6 -2.8
v 0.9 4.6 -2.8
v 3.1 4.6 -2.8
v 3.2 4.6 -2.8
v 0.9 4.6 -2.9
v 0.9 4.6 -3
v 3.1 4.6 -3
v 3.2 4.6 -3
v 0.8 4.6 -3.1
v 0.9 4.6 -3.1
v 3.1 4.6 -3.1
v 3.2 4.6 -3.1
v 0.8 4.6 -3.2
v 0.9 4.6 -3.2
v 3.1 4.6 -3.2
v 3.2 4.6 -3.2
v 0.8 4.6 -3.3
v 0.9 4.6 -3.3
v 3.1 4.6 -3.3
v 3.2 4.6 -3.3
v 0.8 4.6 -3.4
v 0.9 4.6 -3.4
v 3.1 4.6 -3.4
v 3.2 4.6 -3.4
v 0.8 4.6 -3.5
v 0.9 4.6 -3.5
v 3.1 4.6 -3.5
v 0.8 4.6 -3.6
v 0.9 4.6 -3.6
v 3.1 4.6 -3.6
v 3.2 4.6 -3.6
v 0.8 4.6 -3.7
v 0.9 4.6 -3.7
v 3.1 4.6 -3.7
v 3.2 4.6 -3.7
v 0.8 4.6 -3.8
v 0.9 4.6 -3.8
v 3.1 4.6 -3.8
v 0.8 4.6 -3.9
v 0.9 4.6 -3.9
v 3.1 4.6 -3.9
v 3.2 4.6 -3.9
v 0.9 4.6 -4
v 0.8 4.6 -4.1
v 0.9 4.6 -4.1
v 3.1 4.6 -4.1
v 3.2 4.6 -4.1
v 0.8 4.6 -4.2
v 0.9 4.6 -4.2
v 3.1 4.6 -4.2
v 3.2 4.6 -4.2
v 0.8 4.6 -4.3
v 0.9 4.6 -4.3
v 3.1 4.6 -4.3
v 3.2 4.6 -4.3
v 0.8 4.6 -4.4
v 0.9 4.6 -4.4
v 0.9 4.6 -4.5
v 3.1 4.6 -4.5
v 3.2 4.6 -4.5
v 3.1 4.6 -4.6
v 3.2 4.6 -4.6
v 0.9 4.6 -4.7
v 3.1 4.6 -4.7
v 3.2 4.6 -4.7
v 0.9 4.6 -4.8
v 3.1 4.6 -4.8
v 3.2 4.6 -4.8
v 0.9 4.6 -4.9
v 3.1 4.6 -4.9
v 3.2 4.6 -4.9
v 0.9 4.6 -5
v 3.1 4.6 -5
v 3.2 4.6 -5
v 0.8 4.6 -5.1
v 0.9 4.6 -5.1
v 3.1 4.6 -5.1
v 3.2 4.6 -5.1
v 0.8 4.6 -5.2
v 0.9 4.6 -5.2
v 3.1 4.6 -5.2
v 3.2 4.6 -5.2
v 0.9 4.6 -5.3
v 3.1 4.6 -5.3
v 3.2 4.6 -5.3
v 0.8 4.6 -5.4
v 0.9 4.6 -5.4
v 3.1 4.6 -5.4
v 3.2 4.6 -5.4
v 0.8 4.6 -5.5
v 0.9 4.6 -5.5
v 3.1 4.6 -5.5
v 3.2 4.6 -5.5
v 0.8 4.6 -5.6
v 0.9 4.6 -5.6
v 3.1 4.6 -5.6
v 3.2 4.6 -5.6
v 0.8 4.6 -5.7
v 0.9 4.6 -5.7
v 0.8 4.6 -5.8
v 0.9 4.6 -5.8
v 3.1 4.6 -5.8
v 3.2 4.6 -5.8
v 0.8 4.6 -5.9
v 0.9 4.6 -5.9
v 3.1 4.6 -5.9
v 3.2 4.6 -5.9
v 0.9 4.7 -2.1
v 1 4.7 -2.1
v 3 4.7 -2.1
v 3.1 4.7 -2.1
v 0.9 4.7 -2.2
v 1 4.7 -2.2
v 3 4.7 -2.2
v 3.1 4.7 -2.2
v 0.9 4.7 -2.4
v 1 4.7 -2.4
v 3 4.7 -2.4
v 3.1 4.7 -2.4
v 0.9 4.7 -2.5
v 1 4.7 -2.5
v 3 4.7 -2.5
v 3.1 4.7 -2.5
v 0.9 4.7 -2.6
v 1 4.7 -2.6
v 3 4.7 -2.6
v 3.1 4.7 -2.6
v 0.9 4.7 -2.7
v 1 4.7 -2.7
v 3 4.7 -2.7
v 3.1 4.7 -2.7
v 0.9 4.7 -2.8
v 1 4.7 -2.8
v 3 4.7 -2.8
v 3.1 4.7 -2.8
v 0.9 4.7 -2.9
v 1 4.7 -2.9
v 3 4.7 -2.9
v 0.9 4.7 -3
v 1 4.7 -3
v 3 4.7 -3
v 3.1 4.7 -3
v 0.9 4.7 -3.1
v 1 4.7 -3.1
v 3 4.7 -3.1
v 3.1 4.7 -3.1
v 0.9 4.7 -3.2
v 1 4.7 -3.2
v 3 4.7 -3.2
v 3.1 4.7 -3.2
v 0.9 4.7 -3.3
v 1 4.7 -3.3
v 3 4.7 -3.3
v 3.1 4.7 -3.3
v 0.9 4.7 -3.4
v 1 4.7 -3.4
v 3 4.7 -3.4
v 3.1 4.7 -3.4
v 1 4.7 -3.5
v 3 4.7 -3.5
v 3.1 4.7 -3.5
v 1 4.7 -3.6
v 3 4.7 -3.6
v 3.1 4.7 -3.6
v 3 4.7 -3.7
v 3.1 4.7 -3.7
v 0.9 4.7 -3.8
v 1 4.7 -3.8
v 3 4.7 -3.8
v 3.1 4.7 -3.8
v 0.9 4.7 -3.9
v 1 4.7 -3.9
v 3 4.7 -3.9
v 3.1 4.7 -3.9
v 0.9 4.7 -4
v 1 4.7 -4
v 3 4.7 -4
v 0.9 4.7 -4.1
v 1 4.7 -4.1
v 3 4.7 -4.1
v 3.1 4.7 -4.1
v 3 4.7 -4.2
v 3.1 4.7 -4.2
v 0.9 4.7 -4.3
v 1 4.7 -4.3
v 3 4.7 -4.3
v 3.1 4.7 -4.3
v 0.9 4.7 -4.4
v 1 4.7 -4.4
v 0.9 4.7 -4.5
v 1 4.7 -4.5
v 3 4.7 -4.5
v 3.1 4.7 -4.5
v 1 4.7 -4.6
v 3 4.7 -4.6
v 3.1 4.7 -4.6
v 0.9 4.7 -4.7
v 1 4.7 -4.7
v 3 4.7 -4.7
v 3.1 4.7 -4.7
v 0.9 4.7 -4.8
v 1 4.7 -4.8
v 3 4.7 -4.8
v 3.1 4.7 -4.8
v 0.9 4.7 -4.9
v 1 4.7 -4.9
v 3 4.7 -4.9
v 0.9 4.7 -5
v 1 4.7 -5
v 3 4.7 -5
v 3.1 4.7 -5
v 0.9 4.7 -5.1
v 1 4.7 -5.1
v 3 4.7 -5.1
v 1 4.7 -5.2
v 3 4.7 -5.2
v 3.1 4.7 -5.2
v 0.9 4.7 -5.3
v 1 4.7 -5.3
v 3 4.7 -5.3
v 3.1 4.7 -5.3
v 1 4.7 -5.4
v 3 4.7 -5.4
v 3.1 4.7 -5.4
v 0.9 4.7 -5.5
v 1 4.7 -5.5
v 3 4.7 -5.5
v 3.1 4.7 -5.5
v 0.9 4.7 -5.6
v 1 4.7 -5.6
v 3 4.7 -5.6
v 3.1 4.7 -5.6
v 1 4.7 -5.7
v 3 4.7 -5.7
v 1 4.7 -5.8
v 3 4.7 -5.8
v 3.1 4.7 -5.8
v -2.3 4.7 -5.9
v -1.8 4.7 -5.9
v -1.7 4.7 -5.9
v -1.4 4.7 -5.9
v -1.3 4.7 -5.9
v -1.2 4.7 -5.9
v -1.1 4.7 -5.9
v -1 4.7 -5.9
v -0.9 4.7 -5.9
v -0.8 4.7 -5.9
v -0.7 4.7 -5.9
v -0.6 4.7 -5.9
v -0.4 4.7 -5.9
v -0.3 4.7 -5.9
v -0.2 4.7 -5.9
v -0.0999999 4.7 -5.9
v 0 4.7 -5.9
v 0.1 4.7 -5.9
v 0.9 4.7 -5.9
v 1 4.7 -5.9
v 3 4.7 -5.9
v 3.1 4.7 -5.9
v 3.2 4.7 -5.9
v 3.3 4.7 -5.9
v 3.4 4.7 -5.9
v 3.5 4.7 -5.9
v -2.3 4.7 -6
v -1.8 4.7 -6
v -1.7 4.7 -6
v -1.5 4.7 -6
v -1.4 4.7 -6
v -1.3 4.7 -6
v -1.2 4.7 -6
v -1.1 4.7 -6
v -1 4.7 -6
v -0.9 4.7 -6
v -0.8 4.7 -6
v -0.7 4.7 -6
v -0.6 4.7 -6
v -0.5 4.7 -6
v -0.4 4.7 -6
v -0.3 4.7 -6
v -0.2 4.7 -6
v -0.0999999 4.7 -6
v 0 4.7 -6
v 0.1 4.7 -6
v 0.2 4.7 -6
v 0.3 4.7 -6
v 0.4 4.7 -6
v 0.5 4.7 -6
v 0.6 4.7 -6
v 0.7 4.7 -6
v 0.8 4.7 -6
v 0.9 4.7 -6
v 1 4.7 -6
v 3 4.7 -6
v 3.1 4.7 -6
v 3.2 4.7 -6
v 3.3 4.7 -6
v 3.4 4.7 -6
v 3.5 4.7 -6
v -2.3 4.7 -8.5
v -1.8 4.7 -8.5
v -1.7 4.7 -8.5
v -1.6 4.7 -8.5
v -1.5 4.7 -8.5
v -1.4 4.7 -8.5
v -1.3 4.7 -8.5
v -1.2 4.7 -8.5
v -1 4.7 -8.5
v -0.9 4.7 -8.5
v -0.8 4.7 -8.5
v -0.7 4.7 -8.5
v -0.6 4.7 -8.5
v -0.5 4.7 -8.5
v -0.3 4.7 -8.5
v -0.2 4.7 -8.5
v -0.0999999 4.7 -8.5
v 0.1 4.7 -8.5
v 0.2 4.7 -8.5
v 0.5 4.7 -8.5
v 0.6 4.7 -8.5
v 0.7 4.7 -8.5
v 0.8 4.7 -8.5
v 0.9 4.7 -8.5
v 1 4.7 -8.5
v 1.1 4.7 -8.5
v 1.2 4.7 -8.5
v 1.3 4.7 -8.5
v 1.4 4.7 -8.5
v 1.5 4.7 -8.5
v 1.6 4.7 -8.5
v 1.7 4.7 -8.5
v 1.8 4.7 -8.5
v 1.9 4.7 -8.5
v 2 4.7 -8.5
v 2.1 4.7 -8.5
v 2.2 4.7 -8.5
v 2.3 4.7 -8.5
v 2.4 4.7 -8.5
v 2.5 4.7 -8.5
v 2.6 4.7 -8.5
v 2.8 4.7 -8.5
v 2.9 4.7 -8.5
v 3 4.7 -8.5
v 3.1 4.7 -8.5
v 3.2 4.7 -8.5
v 3.3 4.7 -8.5
v 3.4 4.7 -8.5
v 3.5 4.7 -8.5
v -2.3 4.7 -8.6
v -1.8 4.7 -8.6
v -1.7 4.7 -8.6
v -1.5 4.7 -8.6
v -1.4 4.7 -8.6
v -1.2 4.7 -8.6
v -1 4.7 -8.6
v -0.9 4.7 -8.6
v -0.8 4.7 -8.6
v -0.7 4.7 -8.6
v -0.5 4.7 -8.6
v -0.3 4.7 -8.6
v -0.2 4.7 -8.6
v -0.0999999 4.7 -8.6
v 0.2 4.7 -8.6
v 0.6 4.7 -8.6
v 0.7 4.7 -8.6
v 0.9 4.7 -8.6
v 1 4.7 -8.6
v 1.1 4.7 -8.6
v 1.2 4.7 -8.6
v 1.3 4.7 -8.6
v 1.4 4.7 -8.6
v 1.8 4.7 -8.6
v 1.9 4.7 -8.6
v 2 4.7 -8.6
v 2.1 4.7 -8.6
v 2.2 4.7 -8.6
v 2.3 4.7 -8.6
v 2.6 4.7 -8.6
v 2.8 4.7 -8.6
v 2.9 4.7 -8.6
v 3.1 4.7 -8.6
v 3.2 4.7 -8.6
v 3.4 4.7 -8.6
v 3.5 4.7 -8.6
v -2.2 4.8 -7.1
v -2.1 4.8 -7.1
v -2.1 4.8 -7.2
v -2.1 4.8 -7.4
v -2.2 4.8 -7.5
v -2.1 4.8 -7.5
v 2.9 4.9 -2.1
v 3 4.9 -2.1
v 2.9 4.9 -2.2
v 3 4.9 -2.2
v 2.9 4.9 -2.3
v 3 4.9 -2.3
v 2.9 4.9 -2.4
v 2.9 4.9 -2.5
v 3 4.9 -2.5
v 2.9 4.9 -2.6
v 3 4.9 -2.6
v 2.9 4.9 -2.7
v 3 4.9 -2.7
v 2.9 4.9 -2.8
v 3 4.9 -2.8
v 2.9 4.9 -3
v 3 4.9 -3
v 2.9 4.9 -3.1
v 3 4.9 -3.1
v 2.9 4.9 -3.2
v 3 4.9 -3.2
v 2.9 4.9 -3.3
v 3 4.9 -3.3
v 2.9 4.9 -3.4
v 3 4.9 -3.4
v 2.9 4.9 -3.5
v 3 4.9 -3.5
v 2.9 4.9 -3.6
v 3 4.9 -3.6
v 2.9 4.9 -3.7
v 3 4.9 -3.7
v 2.9 4.9 -3.8
v 3 4.9 -3.8
v 2.9 4.9 -3.9
v 3 4.9 -3.9
v 2.9 4.9 -4
v 3 4.9 -4
v 2.9 4.9 -4.1
v 3 4.9 -4.1
v 2.9 4.9 -4.2
v 3 4.9 -4.2
v 2.9 4.9 -4.3
v 3 4.9 -4.3
v 2.9 4.9 -4.4
v 3 4.9 -4.4
v 2.9 4.9 -4.5
v 3 4.9 -4.5
v 2.9 4.9 -4.6
v 3 4.9 -4.6
v 2.9 4.9 -4.7
v 3 4.9 -4.7
v 2.9 4.9 -4.8
v 3 4.9 -4.8
v 2.9 4.9 -4.9
v 3 4.9 -4.9
v 2.9 4.9 -5
v 2.9 4.9 -5.1
v 2.9 4.9 -5.2
v 3 4.9 -5.2
v 2.9 4.9 -5.3
v 3 4.9 -5.3
v 2.9 4.9 -5.4
v 3 4.9 -5.4
v 2.9 4.9 -5.5
v 3 4.9 -5.5
v 2.9 4.9 -5.6
v 3 4.9 -5.6
v 2.9 4.9 -5.7
v 3 4.9 -5.7
v 2.9 4.9 -5.8
v 3 4.9 -5.8
v 2.9 4.9 -5.9
v 3 4.9 -5.9
v -2.3 4.9 -6
v -1.8 4.9 -6
v -1.7 4.9 -6
v -1.6 4.9 -6
v -1.4 4.9 -6
v -1.3 4.9 -6
v -1.2 4.9 -6
v -0.9 4.9 -6
v -0.7 4.9 -6
v -0.6 4.9 -6
v -0.5 4.9 -6
v -0.4 4.9 -6
v -0.3 4.9 -6
v -0.2 4.9 -6
v -0.0999999 4.9 -6
v 0 4.9 -6
v 0.2 4.9 -6
v 0.4 4.9 -6
v 0.5 4.9 -6
v 0.7 4.9 -6
v 0.9 4.9 -6
v 1 4.9 -6
v 2.9 4.9 -6
v 3 4.9 -6
v 3.1 4.9 -6
v 3.4 4.9 -6
v 3.5 4.9 -6
v -2.3 4.9 -6.1
v -1.8 4.9 -6.1
v -1.7 4.9 -6.1
v -1.6 4.9 -6.1
v -1.5 4.9 -6.1
v -1.4 4.9 -6.1
v -1.3 4.9 -6.1
v -1.2 4.9 -6.1
v -1 4.9 -6.1
v -0.9 4.9 -6.1
v -0.7 4.9 -6.1
v -0.6 4.9 -6.1
v -0.5 4.9 -6.1
v -0.4 4.9 -6.1
v -0.3 4.9 -6.1
v -0.2 4.9 -6.1
v -0.0999999 4.9 -6.1
v 0 4.9 -6.1
v 0.1 4.9 -6.1
v 0.2 4.9 -6.1
v 0.3 4.9 -6.1
v 0.4 4.9 -6.1
v 0.5 4.9 -6.1
v 0.7 4.9 -6.1
v 0.9 4.9 -6.1
v 1 4.9 -6.1
v 2.9 4.9 -6.1
v 3 4.9 -6.1
v 3.1 4.9 -6.1
v 3.2 4.9 -6.1
v 3.4 4.9 -6.1
v 3.5 4.9 -6.1
v -2.2 4.9 -7
v -2.1 4.9 -7
v -2.2 4.9 -7.1
v -2.1 4.9 -7.1
v -2.2 4.9 -7.5
v -2.1 4.9 -7.5
v -2.2 4.9 -7.6
v -2.1 4.9 -7.6
v -2.3 4.9 -8.4
v -1.8 4.9 -8.4
v -1.7 4.9 -8.4
v -1.6 4.9 -8.4
v -1.5 4.9 -8.4
v -1.4 4.9 -8.4
v -1.3 4.9 -8.4
v -1.2 4.9 -8.4
v -1.1 4.9 -8.4
v -1 4.9 -8.4
v -0.9 4.9 -8.4
v -0.8 4.9 -8.4
v -0.7 4.9 -8.4
v -0.5 4.9 -8.4
v -0.4 4.9 -8.4
v -0.3 4.9 -8.4
v -0.2 4.9 -8.4
v 0 4.9 -8.4
v 0.1 4.9 -8.4
v 0.2 4.9 -8.4
v 0.3 4.9 -8.4
v 0.4 4.9 -8.4
v 0.5 4.9 -8.4
v 0.7 4.9 -8.4
v 0.8 4.9 -8.4
v 0.9 4.9 -8.4
v 1 4.9 -8.4
v 1.1 4.9 -8.4
v 1.2 4.9 -8.4
v 1.3 4.9 -8.4
v 1.4 4.9 -8.4
v 1.6 4.9 -8.4
v 1.7 4.9 -8.4
v 1.8 4.9 -8.4
v 1.9 4.9 -8.4
v 2 4.9 -8.4
v 2.1 4.9 -8.4
v 2.2 4.9 -8.4
v 2.3 4.9 -8.4
v 2.4 4.9 -8.4
v 2.6 4.9 -8.4
v 2.7 4.9 -8.4
v 2.8 4.9 -8.4
v 2.9 4.9 -8.4
v 3 4.9 -8.4
v 3.1 4.9 -8.4
v 3.2 4.9 -8.4
v 3.4 4.9 -8.4
v 3.5 4.9 -8.4
v -2.3 4.9 -8.5
v -1.8 4.9 -8.5
v -1.6 4.9 -8.5
v -1.5 4.9 -8.5
v -1.4 4.9 -8.5
v -1.3 4.9 -8.5
v -1.2 4.9 -8.5
v -1.1 4.9 -8.5
v -0.9 4.9 -8.5
v -0.8 4.9 -8.5
v -0.7 4.9 -8.5
v -0.5 4.9 -8.5
v -0.4 4.9 -8.5
v -0.3 4.9 -8.5
v -0.2 4.9 -8.5
v 0 4.9 -8.5
v 0.1 4.9 -8.5
v 0.2 4.9 -8.5
v 0.3 4.9 -8.5
v 0.5 4.9 -8.5
v 0.9 4.9 -8.5
v 1 4.9 -8.5
v 1.1 4.9 -8.5
v 1.3 4.9 -8.5
v 1.4 4.9 -8.5
v 1.6 4.9 -8.5
v 1.7 4.9 -8.5
v 1.8 4.9 -8.5
v 1.9 4.9 -8.5
v 2 4.9 -8.5
v 2.1 4.9 -8.5
v 2.6 4.9 -8.5
v 2.7 4.9 -8.5
v 2.9 4.9 -8.5
v 3 4.9 -8.5
v 3.1 4.9 -8.5
v 3.2 4.9 -8.5
v 3.4 4.9 -8.5
v 3.5 4.9 -8.5
v 1 5 -2.1
v 1.1 5 -2.1
v 1 5 -2.2
v 1.1 5 -2.2
v 1.1 5 -2.3
v 1.1 5 -2.4
v 1 5 -2.5
v 1.1 5 -2.5
v 1 5 -2.6
v 1.1 5 -2.6
v 1 5 -2.7
v 1.1 5 -2.7
v 1.1 5 -2.9
v 1 5 -3
v 1.1 5 -3
v 1.1 5 -3.1
v 1 5 -3.2
v 1.1 5 -3.2
v 1 5 -3.3
v 1.1 5 -3.3
v 1 5 -3.4
v 1.1 5 -3.4
v 1 5 -3.5
v 1.1 5 -3.5
v 1 5 -3.8
v 1.1 5 -3.8
v 1 5 -3.9
v 1.1 5 -3.9
v 1 5 -4
v 1.1 5 -4
v 1 5 -4.1
v 1.1 5 -4.1
v 1 5 -4.2
v 1.1 5 -4.2
v 1 5 -4.3
v 1.1 5 -4.3
v 1 5 -4.4
v 1.1 5 -4.4
v 1 5 -4.5
v 1.1 5 -4.5
v 1 5 -4.6
v 1.1 5 -4.6
v 1.1 5 -4.7
v 1 5 -4.8
v 1.1 5 -4.8
v 1.1 5 -4.9
v 1 5 -5
v 1.1 5 -5
v 1 5 -5.1
v 1.1 5 -5.1
v 1 5 -5.2
v 1.1 5 -5.2
v 1 5 -5.4
v 1.1 5 -5.4
v 1 5 -5.5
v 1.1 5 -5.5
v 1 5 -5.6
v 1.1 5 -5.6
v 1 5 -5.7
v 1.1 5 -5.7
v 1 5 -5.8
v 1.1 5 -5.8
v 1 5 -6
v 1.1 5 -6
v 1 5 -6.1
v 1.1 5 -6.1
v -2.2 5 -6.9
v -2.1 5 -6.9
v -2.2 5 -7
v -2.1 5 -7
v -2.2 5 -7.6
v -2.1 5 -7.6
v -2.2 5 -7.7
v -2.1 5 -7.7
v -2.3 5.1 -8.3
v -1.8 5.1 -8.3
v -1.7 5.1 -8.3
v -1.6 5.1 -8.3
v -1.5 5.1 -8.3
v -1.4 5.1 -8.3
v -1.3 5.1 -8.3
v -1.2 5.1 -8.3
v -1.1 5.1 -8.3
v -1 5.1 -8.3
v -0.9 5.1 -8.3
v -0.8 5.1 -8.3
v -0.7 5.1 -8.3
v -0.6 5.1 -8.3
v -0.5 5.1 -8.3
v -0.4 5.1 -8.3
v -0.2 5.1 -8.3
v 0 5.1 -8.3
v 0.1 5.1 -8.3
v 0.2 5.1 -8.3
v 0.3 5.1 -8.3
v 0.4 5.1 -8.3
v 0.5 5.1 -8.3
v 0.6 5.1 -8.3
v 0.7 5.1 -8.3
v 0.8 5.1 -8.3
v 0.9 5.1 -8.3
v 1 5.1 -8.3
v 1.1 5.1 -8.3
v 1.2 5.1 -8.3
v 1.3 5.1 -8.3
v 1.5 5.1 -8.3
v 1.6 5.1 -8.3
v 1.7 5.1 -8.3
v 1.8 5.1 -8.3
v 2 5.1 -8.3
v 2.1 5.1 -8.3
v 2.2 5.1 -8.3
v 2.3 5.1 -8.3
v 2.4 5.1 -8.3
v 2.6 5.1 -8.3
v 2.8 5.1 -8.3
v 2.9 5.1 -8.3
v 3.1 5.1 -8.3
v 3.2 5.1 -8.3
v 3.3 5.1 -8.3
v 3.4 5.1 -8.3
v 3.5 5.1 -8.3
v -2.3 5.1 -8.4
v -1.8 5.1 -8.4
v -1.7 5.1 -8.4
v -1.6 5.1 -8.4
v -1.5 5.1 -8.4
v -1.4 5.1 -8.4
v -1.3 5.1 -8.4
v -1.2 5.1 -8.4
v -0.9 5.1 -8.4
v -0.7 5.1 -8.4
v -0.6 5.1 -8.4
v -0.5 5.1 -8.4
v -0.4 5.1 -8.4
v -0.2 5.1 -8.4
v 0.1 5.1 -8.4
v 0.2 5.1 -8.4
v 0.3 5.1 -8.4
v 0.4 5.1 -8.4
v 0.6 5.1 -8.4
v 0.7 5.1 -8.4
v 0.9 5.1 -8.4
v 1.1 5.1 -8.4
v 1.2 5.1 -8.4
v 1.3 5.1 -8.4
v 1.5 5.1 -8.4
v 1.6 5.1 -8.4
v 1.8 5.1 -8.4
v 2 5.1 -8.4
v 2.1 5.1 -8.4
v 2.2 5.1 -8.4
v 3.1 5.1 -8.4
v 3.2 5.1 -8.4
v 3.3 5.1 -8.4
v 3.4 5.1 -8.4
v 3.5 5.1 -8.4
v -2.3 5.2 -6.1
v -1.8 5.2 -6.1
v -1.1 5.2 -6.1
v -1 5.2 -6.1
v -0.9 5.2 -6.1
v -0.8 5.2 -6.1
v -0.7 5.2 -6.1
v -0.6 5.2 -6.1
v 0.2 5.2 -6.1
v 0.3 5.2 -6.1
v 0.4 5.2 -6.1
v 0.5 5.2 -6.1
v 0.6 5.2 -6.1
v 0.7 5.2 -6.1
v 0.8 5.2 -6.1
v 0.9 5.2 -6.1
v 1.1 5.2 -6.1
v 2.9 5.2 -6.1
v 3 5.2 -6.1
v 3.1 5.2 -6.1
v 3.2 5.2 -6.1
v 3.4 5.2 -6.1
v 3.5 5.2 -6.1
v -2.3 5.2 -6.2
v -1.8 5.2 -6.2
v -1.7 5.2 -6.2
v -1.6 5.2 -6.2
v -1.4 5.2 -6.2
v -1.2 5.2 -6.2
v -1.1 5.2 -6.2
v -1 5.2 -6.2
v -0.9 5.2 -6.2
v -0.8 5.2 -6.2
v -0.7 5.2 -6.2
v -0.6 5.2 -6.2
v -0.5 5.2 -6.2
v -0.4 5.2 -6.2
v -0.0999999 5.2 -6.2
v 0 5.2 -6.2
v 0.1 5.2 -6.2
v 0.2 5.2 -6.2
v 0.3 5.2 -6.2
v 0.4 5.2 -6.2
v 0.5 5.2 -6.2
v 0.6 5.2 -6.2
v 0.7 5.2 -6.2
v 0.8 5.2 -6.2
v 0.9 5.2 -6.2
v 1 5.2 -6.2
v 1.1 5.2 -6.2
v 2.9 5.2 -6.2
v 3 5.2 -6.2
v 3.1 5.2 -6.2
v 3.2 5.2 -6.2
v 3.4 5.2 -6.2
v 3.5 5.2 -6.2
v 1.1 5.3 -2.1
v 1.2 5.3 -2.1
v 2.8 5.3 -2.1
v 2.9 5.3 -2.1
v 1.1 5.3 -2.2
v 1.2 5.3 -2.2
v 2.8 5.3 -2.2
v 2.9 5.3 -2.2
v 1.1 5.3 -2.3
v 1.2 5.3 -2.3
v 1.1 5.3 -2.4
v 1.2 5.3 -2.4
v 2.8 5.3 -2.4
v 2.9 5.3 -2.4
v 1.1 5.3 -2.5
v 1.2 5.3 -2.5
v 2.8 5.3 -2.5
v 2.9 5.3 -2.5
v 1.1 5.3 -2.6
v 1.2 5.3 -2.6
v 2.8 5.3 -2.6
v 2.9 5.3 -2.6
v 1.1 5.3 -2.7
v 1.2 5.3 -2.7
v 2.8 5.3 -2.7
v 2.9 5.3 -2.7
v 1.1 5.3 -2.8
v 1.2 5.3 -2.8
v 2.8 5.3 -2.8
v 2.9 5.3 -2.8
v 1.1 5.3 -2.9
v 1.2 5.3 -2.9
v 2.8 5.3 -2.9
v 2.9 5.3 -2.9
v 1.1 5.3 -3
v 1.2 5.3 -3
v 2.8 5.3 -3
v 2.9 5.3 -3
v 2.8 5.3 -3.1
v 2.9 5.3 -3.1
v 1.1 5.3 -3.2
v 1.2 5.3 -3.2
v 2.8 5.3 -3.2
v 2.9 5.3 -3.2
v 1.1 5.3 -3.3
v 1.2 5.3 -3.3
v 1.1 5.3 -3.4
v 1.2 5.3 -3.4
v 2.8 5.3 -3.4
v 2.9 5.3 -3.4
v 1.1 5.3 -3.5
v 1.2 5.3 -3.5
v 2.8 5.3 -3.5
v 2.9 5.3 -3.5
v 1.1 5.3 -3.6
v 1.2 5.3 -3.6
v 2.8 5.3 -3.6
v 2.9 5.3 -3.6
v 1.1 5.3 -3.7
v 1.2 5.3 -3.7
v 2.8 5.3 -3.7
v 2.9 5.3 -3.7
v 1.1 5.3 -3.8
v 1.2 5.3 -3.8
v 2.8 5.3 -3.8
v 2.9 5.3 -3.8
v 1.1 5.3 -3.9
v 1.2 5.3 -3.9
v 2.8 5.3 -3.9
v 2.9 5.3 -3.9
v 1.2 5.3 -4
v 2.8 5.3 -4
v 2.9 5.3 -4
v 2.8 5.3 -4.1
v 2.9 5.3 -4.1
v 2.8 5.3 -4.2
v 2.9 5.3 -4.2
v 1.2 5.3 -4.3
v 2.8 5.3 -4.3
v 2.9 5.3 -4.3
v 1.1 5.3 -4.4
v 1.2 5.3 -4.4
v 2.8 5.3 -4.4
v 1.1 5.3 -4.5
v 1.2 5.3 -4.5
v 2.8 5.3 -4.5
v 1.1 5.3 -4.6
v 1.2 5.3 -4.6
v 2.8 5.3 -4.6
v 1.1 5.3 -4.7
v 1.2 5.3 -4.7
v 2.8 5.3 -4.7
v 2.9 5.3 -4.7
v 1.2 5.3 -4.8
v 2.8 5.3 -4.8
v 2.9 5.3 -4.8
v 1.1 5.3 -4.9
v 1.2 5.3 -4.9
v 2.8 5.3 -4.9
v 2.9 5.3 -4.9
v 1.1 5.3 -5
v 1.2 5.3 -5
v 2.8 5.3 -5
v 2.9 5.3 -5
v 1.1 5.3 -5.1
v 1.2 5.3 -5.1
v 2.8 5.3 -5.1
v 1.2 5.3 -5.2
v 2.8 5.3 -5.2
v 2.9 5.3 -5.2
v 1.1 5.3 -5.3
v 1.2 5.3 -5.3
v 2.8 5.3 -5.3
v 2.9 5.3 -5.3
v 2.8 5.3 -5.4
v 2.9 5.3 -5.4
v 1.1 5.3 -5.5
v 1.2 5.3 -5.5
v 2.8 5.3 -5.5
v 1.1 5.3 -5.6
v 1.2 5.3 -5.6
v 2.8 5.3 -5.6
v 2.9 5.3 -5.6
v 1.1 5.3 -5.7
v 1.2 5.3 -5.7
v 2.8 5.3 -5.7
v 2.9 5.3 -5.7
v 1.2 5.3 -5.8
v 2.8 5.3 -5.8
v 2.9 5.3 -5.8
v 2.8 5.3 -5.9
v 2.9 5.3 -5.9
v 1.1 5.3 -6
v 1.2 5.3 -6
v 1.1 5.3 -6.1
v 1.2 5.3 -6.1
v 2.8 5.3 -6.1
v 2.9 5.3 -6.1
v 1.1 5.3 -6.2
v 1.2 5.3 -6.2
v 2.8 5.3 -6.2
v 2.9 5.3 -6.2
v -2.3 5.4 -6.2
v -1.8 5.4 -6.2
v -1.6 5.4 -6.2
v -1.2 5.4 -6.2
v -1.1 5.4 -6.2
v -1 5.4 -6.2
v -0.9 5.4 -6.2
v -0.8 5.4 -6.2
v -0.7 5.4 -6.2
v -0.6 5.4 -6.2
v -0.5 5.4 -6.2
v -0.4 5.4 -6.2
v -0.2 5.4 -6.2
v 0.1 5.4 -6.2
v 0.2 5.4 -6.2
v 0.3 5.4 -6.2
v 0.4 5.4 -6.2
v 0.5 5.4 -6.2
v 0.6 5.4 -6.2
v 0.7 5.4 -6.2
v 1 5.4 -6.2
v 1.1 5.4 -6.2
v 1.2 5.4 -6.2
v 2.8 5.4 -6.2
v 3 5.4 -6.2
v 3.1 5.4 -6.2
v 3.4 5.4 -6.2
v 3.5 5.4 -6.2
v -2.3 5.4 -6.3
v -1.8 5.4 -6.3
v -1.6 5.4 -6.3
v -1.4 5.4 -6.3
v -1.3 5.4 -6.3
v -1.2 5.4 -6.3
v -1.1 5.4 -6.3
v -1 5.4 -6.3
v -0.9 5.4 -6.3
v -0.8 5.4 -6.3
v -0.7 5.4 -6.3
v -0.6 5.4 -6.3
v -0.5 5.4 -6.3
v -0.4 5.4 -6.3
v -0.3 5.4 -6.3
v -0.2 5.4 -6.3
v -0.0999999 5.4 -6.3
v 0 5.4 -6.3
v 0.1 5.4 -6.3
v 0.2 5.4 -6.3
v 0.3 5.4 -6.3
v 0.4 5.4 -6.3
v 0.5 5.4 -6.3
v 0.6 5.4 -6.3
v 0.7 5.4 -6.3
v 0.9 5.4 -6.3
v 1 5.4 -6.3
v 1.1 5.4 -6.3
v 1.2 5.4 -6.3
v 2.8 5.4 -6.3
v 2.9 5.4 -6.3
v 3 5.4 -6.3
v 3.1 5.4 -6.3
v 3.3 5.4 -6.3
v 3.4 5.4 -6.3
v 3.5 5.4 -6.3
v -2.2 5.4 -6.8
v -2 5.4 -6.8
v -2.2 5.4 -6.9
v -2 5.4 -6.9
v -2.2 5.4 -7.7
v -2 5.4 -7.7
v -2.2 5.4 -7.8
v -2 5.4 -7.8
v -2.3 5.4 -8.2
v -1.8 5.4 -8.2
v -1.7 5.4 -8.2
v -1.6 5.4 -8.2
v -1.5 5.4 -8.2
v -1.4 5.4 -8.2
v -1.3 5.4 -8.2
v -1.2 5.4 -8.2
v -1.1 5.4 -8.2
v -1 5.4 -8.2
v -0.9 5.4 -8.2
v -0.8 5.4 -8.2
v -0.7 5.4 -8.2
v -0.6 5.4 -8.2
v -0.5 5.4 -8.2
v -0.4 5.4 -8.2
v -0.3 5.4 -8.2
v -0.2 5.4 -8.2
v -0.0999999 5.4 -8.2
v 0 5.4 -8.2
v 0.2 5.4 -8.2
v 0.3 5.4 -8.2
v 0.4 5.4 -8.2
v 0.5 5.4 -8.2
v 0.6 5.4 -8.2
v 0.7 5.4 -8.2
v 0.8 5.4 -8.2
v 0.9 5.4 -8.2
v 1.1 5.4 -8.2
v 1.2 5.4 -8.2
v 1.3 5.4 -8.2
v 1.4 5.4 -8.2
v 1.5 5.4 -8.2
v 1.6 5.4 -8.2
v 1.7 5.4 -8.2
v 1.8 5.4 -8.2
v 1.9 5.4 -8.2
v 2 5.4 -8.2
v 2.1 5.4 -8.2
v 2.2 5.4 -8.2
v 2.3 5.4 -8.2
v 2.5 5.4 -8.2
v 2.6 5.4 -8.2
v 2.8 5.4 -8.2
v 2.9 5.4 -8.2
v 3 5.4 -8.2
v 3.1 5.4 -8.2
v 3.2 5.4 -8.2
v 3.3 5.4 -8.2
v 3.4 5.4 -8.2
v 3.5 5.4 -8.2
v -2.3 5.4 -8.3
v -1.8 5.4 -8.3
v -1.6 5.4 -8.3
v -1.5 5.4 -8.3
v -1.4 5.4 -8.3
v -1.3 5.4 -8.3
v -1.2 5.4 -8.3
v -1.1 5.4 -8.3
v -1 5.4 -8.3
v -0.9 5.4 -8.3
v -0.8 5.4 -8.3
v -0.7 5.4 -8.3
v -0.6 5.4 -8.3
v -0.5 5.4 -8.3
v -0.4 5.4 -8.3
v -0.3 5.4 -8.3
v -0.2 5.4 -8.3
v -0.0999999 5.4 -8.3
v 0 5.4 -8.3
v 0.2 5.4 -8.3
v 0.3 5.4 -8.3
v 0.4 5.4 -8.3
v 0.6 5.4 -8.3
v 0.7 5.4 -8.3
v 0.8 5.4 -8.3
v 0.9 5.4 -8.3
v 1.1 5.4 -8.3
v 1.2 5.4 -8.3
v 1.3 5.4 -8.3
v 1.4 5.4 -8.3
v 1.5 5.4 -8.3
v 1.6 5.4 -8.3
v 1.8 5.4 -8.3
v 2.1 5.4 -8.3
v 2.2 5.4 -8.3
v 2.3 5.4 -8.3
v 2.5 5.4 -8.3
v 2.6 5.4 -8.3
v 2.8 5.4 -8.3
v 2.9 5.4 -8.3
v 3 5.4 -8.3
v 3.1 5.4 -8.3
v 3.2 5.4 -8.3
v 3.3 5.4 -8.3
v 3.4 5.4 -8.3
v 3.5 5.4 -8.3
v 1.2 5.6 -2.1
v 1.3 5.6 -2.1
v 2.7 5.6 -2.1
v 2.8 5.6 -2.1
v 1.2 5.6 -2.2
v 1.3 5.6 -2.2
v 2.7 5.6 -2.2
v 2.8 5.6 -2.2
v 1.2 5.6 -2.3
v 1.3 5.6 -2.3
v 2.7 5.6 -2.3
v 2.8 5.6 -2.3
v 1.2 5.6 -2.4
v 1.3 5.6 -2.4
v 2.7 5.6 -2.4
v 1.2 5.6 -2.5
v 1.3 5.6 -2.5
v 2.7 5.6 -2.5
v 2.8 5.6 -2.5
v 1.2 5.6 -2.6
v 1.3 5.6 -2.6
v 2.7 5.6 -2.6
v 2.8 5.6 -2.6
v 1.2 5.6 -2.7
v 1.3 5.6 -2.7
v 2.7 5.6 -2.7
v 2.8 5.6 -2.7
v 1.2 5.6 -2.8
v 1.3 5.6 -2.8
v 1.2 5.6 -2.9
v 1.3 5.6 -2.9
v 2.7 5.6 -2.9
v 2.8 5.6 -2.9
v 2.7 5.6 -3
v 2.8 5.6 -3
v 1.3 5.6 -3.1
v 2.7 5.6 -3.1
v 2.8 5.6 -3.1
v 1.2 5.6 -3.2
v 1.3 5.6 -3.2
v 2.7 5.6 -3.2
v 2.8 5.6 -3.2
v 1.2 5.6 -3.3
v 1.3 5.6 -3.3
v 2.7 5.6 -3.3
v 2.8 5.6 -3.3
v 1.2 5.6 -3.4
v 1.3 5.6 -3.4
v 2.7 5.6 -3.4
v 2.8 5.6 -3.4
v 1.3 5.6 -3.5
v 1.2 5.6 -3.6
v 1.3 5.6 -3.6
v 2.7 5.6 -3.6
v 2.8 5.6 -3.6
v 1.2 5.6 -3.7
v 1.3 5.6 -3.7
v 2.7 5.6 -3.7
v 2.8 5.6 -3.7
v 1.2 5.6 -3.8
v 1.3 5.6 -3.8
v 2.7 5.6 -3.8
v 2.8 5.6 -3.8
v 1.2 5.6 -3.9
v 1.3 5.6 -3.9
v 2.7 5.6 -3.9
v 2.8 5.6 -3.9
v 1.2 5.6 -4
v 1.3 5.6 -4
v 1.2 5.6 -4.1
v 1.3 5.6 -4.1
v 2.7 5.6 -4.1
v 2.8 5.6 -4.1
v 1.2 5.6 -4.2
v 1.3 5.6 -4.2
v 2.7 5.6 -4.2
v 2.8 5.6 -4.2
v 1.2 5.6 -4.3
v 1.3 5.6 -4.3
v 2.7 5.6 -4.3
v 2.8 5.6 -4.3
v 1.2 5.6 -4.4
v 1.3 5.6 -4.4
v 2.7 5.6 -4.4
v 2.8 5.6 -4.4
v 1.2 5.6 -4.5
v 1.3 5.6 -4.5
v 1.2 5.6 -4.6
v 1.3 5.6 -4.6
v 2.7 5.6 -4.6
v 2.8 5.6 -4.6
v 1.2 5.6 -4.7
v 1.3 5.6 -4.7
v 2.7 5.6 -4.7
v 2.8 5.6 -4.7
v 1.2 5.6 -4.8
v 1.3 5.6 -4.8
v 2.7 5.6 -4.8
v 2.8 5.6 -4.8
v 1.2 5.6 -4.9
v 1.3 5.6 -4.9
v 2.7 5.6 -4.9
v 2.8 5.6 -4.9
v 1.2 5.6 -5
v 1.3 5.6 -5
v 1.2 5.6 -5.1
v 1.3 5.6 -5.1
v 2.7 5.6 -5.1
v 2.8 5.6 -5.1
v 1.2 5.6 -5.2
v 1.3 5.6 -5.2
v 2.7 5.6 -5.2
v 2.8 5.6 -5.2
v 1.2 5.6 -5.3
v 1.3 5.6 -5.3
v 2.7 5.6 -5.3
v 2.8 5.6 -5.3
v 1.2 5.6 -5.4
v 1.3 5.6 -5.4
v 2.7 5.6 -5.4
v 2.8 5.6 -5.4
v 1.2 5.6 -5.5
v 1.3 5.6 -5.5
v 1.2 5.6 -5.6
v 1.3 5.6 -5.6
v 2.7 5.6 -5.6
v 1.2 5.6 -5.7
v 1.3 5.6 -5.7
v 2.7 5.6 -5.7
v 2.8 5.6 -5.7
v 1.2 5.6 -5.8
v 1.3 5.6 -5.8
v 2.7 5.6 -5.8
v 2.8 5.6 -5.8
v 2.7 5.6 -5.9
v 2.8 5.6 -5.9
v 1.2 5.6 -6
v 1.3 5.6 -6
v 2.7 5.6 -6
v 2.8 5.6 -6
v 1.2 5.6 -6.1
v 1.3 5.6 -6.1
v 2.7 5.6 -6.1
v 2.8 5.6 -6.1
v 1.2 5.6 -6.2
v 1.3 5.6 -6.2
v 2.7 5.6 -6.2
v 2.8 5.6 -6.2
v -2.3 5.6 -6.3
v -1.8 5.6 -6.3
v -1.3 5.6 -6.3
v -1.2 5.6 -6.3
v -1.1 5.6 -6.3
v -0.9 5.6 -6.3
v -0.7 5.6 -6.3
v -0.3 5.6 -6.3
v -0.2 5.6 -6.3
v -0.0999999 5.6 -6.3
v 0.1 5.6 -6.3
v 0.2 5.6 -6.3
v 0.3 5.6 -6.3
v 0.4 5.6 -6.3
v 0.6 5.6 -6.3
v 0.8 5.6 -6.3
v 0.9 5.6 -6.3
v 1.2 5.6 -6.3
v 1.3 5.6 -6.3
v 2.7 5.6 -6.3
v 2.8 5.6 -6.3
v 2.9 5.6 -6.3
v 3 5.6 -6.3
v 3.3 5.6 -6.3
v 3.4 5.6 -6.3
v 3.5 5.6 -6.3
v -2.3 5.6 -6.4
v -1.8 5.6 -6.4
v -1.7 5.6 -6.4
v -1.4 5.6 -6.4
v -1.3 5.6 -6.4
v -1.2 5.6 -6.4
v -1.1 5.6 -6.4
v -0.9 5.6 -6.4
v -0.8 5.6 -6.4
v -0.7 5.6 -6.4
v -0.5 5.6 -6.4
v -0.4 5.6 -6.4
v -0.3 5.6 -6.4
v -0.2 5.6 -6.4
v -0.0999999 5.6 -6.4
v 0 5.6 -6.4
v 0.1 5.6 -6.4
v 0.2 5.6 -6.4
v 0.3 5.6 -6.4
v 0.4 5.6 -6.4
v 0.5 5.6 -6.4
v 0.6 5.6 -6.4
v 0.7 5.6 -6.4
v 0.8 5.6 -6.4
v 0.9 5.6 -6.4
v 1.2 5.6 -6.4
v 1.3 5.6 -6.4
v 2.7 5.6 -6.4
v 2.8 5.6 -6.4
v 2.9 5.6 -6.4
v 3 5.6 -6.4
v 3.1 5.6 -6.4
v 3.2 5.6 -6.4
v 3.3 5.6 -6.4
v 3.4 5.6 -6.4
v 3.5 5.6 -6.4
v -2.2 5.6 -6.9
v -2 5.6 -6.9
v -2.2 5.6 -7.1
v -2 5.6 -7.1
v -2.2 5.6 -7.5
v -2 5.6 -7.5
v -2.2 5.6 -7.7
v -2 5.6 -7.7
v -2.3 5.6 -8.1
v -1.8 5.6 -8.1
v -1.5 5.6 -8.1
v -1.4 5.6 -8.1
v -1.2 5.6 -8.1
v -1.1 5.6 -8.1
v -1 5.6 -8.1
v -0.9 5.6 -8.1
v -0.8 5.6 -8.1
v -0.7 5.6 -8.1
v -0.5 5.6 -8.1
v -0.4 5.6 -8.1
v -0.3 5.6 -8.1
v -0.2 5.6 -8.1
v -0.0999999 5.6 -8.1
v 0.1 5.6 -8.1
v 0.2 5.6 -8.1
v 0.3 5.6 -8.1
v 0.5 5.6 -8.1
v 0.6 5.6 -8.1
v 0.7 5.6 -8.1
v 0.8 5.6 -8.1
v 0.9 5.6 -8.1
v 1.1 5.6 -8.1
v 1.2 5.6 -8.1
v 1.3 5.6 -8.1
v 1.4 5.6 -8.1
v 1.5 5.6 -8.1
v 1.6 5.6 -8.1
v 1.7 5.6 -8.1
v 1.8 5.6 -8.1
v 1.9 5.6 -8.1
v 2 5.6 -8.1
v 2.1 5.6 -8.1
v 2.2 5.6 -8.1
v 2.3 5.6 -8.1
v 2.5 5.6 -8.1
v 2.6 5.6 -8.1
v 2.7 5.6 -8.1
v 2.8 5.6 -8.1
v 2.9 5.6 -8.1
v 3.1 5.6 -8.1
v 3.2 5.6 -8.1
v 3.3 5.6 -8.1
v 3.4 5.6 -8.1
v 3.5 5.6 -8.1
v -2.3 5.6 -8.2
v -1.8 5.6 -8.2
v -1.5 5.6 -8.2
v -1.2 5.6 -8.2
v -1.1 5.6 -8.2
v -1 5.6 -8.2
v -0.9 5.6 -8.2
v -0.8 5.6 -8.2
v -0.7 5.6 -8.2
v -0.5 5.6 -8.2
v -0.4 5.6 -8.2
v -0.2 5.6 -8.2
v 0.1 5.6 -8.2
v 0.2 5.6 -8.2
v 0.5 5.6 -8.2
v 0.7 5.6 -8.2
v 0.9 5.6 -8.2
v 1.2 5.6 -8.2
v 1.4 5.6 -8.2
v 1.5 5.6 -8.2
v 1.6 5.6 -8.2
v 1.7 5.6 -8.2
v 1.8 5.6 -8.2
v 1.9 5.6 -8.2
v 2 5.6 -8.2
v 2.1 5.6 -8.2
v 2.3 5.6 -8.2
v 2.5 5.6 -8.2
v 2.7 5.6 -8.2
v 2.8 5.6 -8.2
v 3.1 5.6 -8.2
v 3.2 5.6 -8.2
v 3.3 5.6 -8.2
v 3.4 5.6 -8.2
v 3.5 5.6 -8.2
v 1.3 5.7 -2.1
v 1.4 5.7 -2.1
v 2.6 5.7 -2.1
v 2.7 5.7 -2.1
v 1.3 5.7 -2.2
v 1.4 5.7 -2.2
v 2.6 5.7 -2.2
v 2.7 5.7 -2.2
v 2.6 5.7 -2.3
v 2.7 5.7 -2.3
v 1.3 5.7 -2.4
v 1.4 5.7 -2.4
v 2.6 5.7 -2.4
v 2.7 5.7 -2.4
v 1.3 5.7 -2.5
v 1.4 5.7 -2.5
v 2.6 5.7 -2.5
v 2.7 5.7 -2.5
v 1.3 5.7 -2.6
v 1.4 5.7 -2.6
v 2.6 5.7 -2.6
v 2.7 5.7 -2.6
v 1.3 5.7 -2.7
v 1.4 5.7 -2.7
v 2.6 5.7 -2.7
v 2.7 5.7 -2.7
v 1.3 5.7 -2.8
v 1.4 5.7 -2.8
v 1.3 5.7 -2.9
v 1.4 5.7 -2.9
v 2.6 5.7 -2.9
v 2.7 5.7 -2.9
v 1.4 5.7 -3
v 1.3 5.7 -3.1
v 1.4 5.7 -3.1
v 2.6 5.7 -3.1
v 2.7 5.7 -3.1
v 1.3 5.7 -3.2
v 1.4 5.7 -3.2
v 2.6 5.7 -3.2
v 2.7 5.7 -3.2
v 1.3 5.7 -3.3
v 1.4 5.7 -3.3
v 2.6 5.7 -3.3
v 1.3 5.7 -3.4
v 1.4 5.7 -3.4
v 2.6 5.7 -3.4
v 2.7 5.7 -3.4
v 1.3 5.7 -3.5
v 1.4 5.7 -3.5
v 2.6 5.7 -3.5
v 2.6 5.7 -3.6
v 2.7 5.7 -3.6
v 1.3 5.7 -3.7
v 1.4 5.7 -3.7
v 2.6 5.7 -3.7
v 2.7 5.7 -3.7
v 1.3 5.7 -3.8
v 1.4 5.7 -3.8
v 2.6 5.7 -3.8
v 1.3 5.7 -3.9
v 1.4 5.7 -3.9
v 2.6 5.7 -3.9
v 2.7 5.7 -3.9
v 1.4 5.7 -4
v 2.6 5.7 -4.1
v 2.7 5.7 -4.1
v 1.3 5.7 -4.2
v 1.4 5.7 -4.2
v 2.6 5.7 -4.2
v 2.7 5.7 -4.2
v 1.3 5.7 -4.3
v 1.4 5.7 -4.3
v 2.6 5.7 -4.3
v 2.7 5.7 -4.3
v 1.3 5.7 -4.4
v 1.4 5.7 -4.4
v 2.6 5.7 -4.4
v 2.7 5.7 -4.4
v 1.3 5.7 -4.5
v 1.4 5.7 -4.5
v 1.3 5.7 -4.6
v 1.4 5.7 -4.6
v 2.6 5.7 -4.6
v 1.4 5.7 -4.7
v 2.6 5.7 -4.7
v 2.7 5.7 -4.7
v 1.4 5.7 -4.8
v 2.6 5.7 -4.8
v 2.7 5.7 -4.8
v 1.4 5.7 -4.9
v 2.6 5.7 -4.9
v 2.7 5.7 -4.9
v 1.3 5.7 -5
v 1.4 5.7 -5
v 2.6 5.7 -5
v 1.3 5.7 -5.1
v 1.4 5.7 -5.1
v 2.6 5.7 -5.1
v 2.7 5.7 -5.1
v 1.3 5.7 -5.2
v 1.4 5.7 -5.2
v 2.6 5.7 -5.2
v 2.7 5.7 -5.2
v 2.6 5.7 -5.3
v 2.7 5.7 -5.3
v 1.3 5.7 -5.4
v 1.4 5.7 -5.4
v 2.6 5.7 -5.4
v 2.7 5.7 -5.4
v 1.3 5.7 -5.5
v 1.4 5.7 -5.5
v 1.3 5.7 -5.6
v 1.4 5.7 -5.6
v 2.6 5.7 -5.6
v 2.7 5.7 -5.6
v 1.3 5.7 -5.8
v 1.4 5.7 -5.8
v 2.6 5.7 -5.8
v 2.7 5.7 -5.8
v 2.6 5.7 -5.9
v 2.7 5.7 -5.9
v 1.3 5.7 -6
v 1.4 5.7 -6
v 1.3 5.7 -6.1
v 1.4 5.7 -6.1
v 2.6 5.7 -6.1
v 2.7 5.7 -6.1
v 2.6 5.7 -6.2
v 2.7 5.7 -6.2
v 1.4 5.7 -6.3
v 2.6 5.7 -6.3
v 2.7 5.7 -6.3
v 1.3 5.7 -6.4
v 1.4 5.7 -6.4
v 2.6 5.7 -6.4
v 2.7 5.7 -6.4
v -2.2 5.7 -7.1
v -2 5.7 -7.1
v -2.2 5.7 -7.5
v -2 5.7 -7.5
v 1.4 6 -2.1
v 1.5 6 -2.1
v 2.5 6 -2.1
v 2.6 6 -2.1
v 1.4 6 -2.2
v 1.5 6 -2.2
v 2.5 6 -2.2
v 2.6 6 -2.2
v 2.5 6 -2.3
v 2.6 6 -2.3
v 1.5 6 -2.4
v 2.5 6 -2.4
v 2.6 6 -2.4
v 1.5 6 -2.5
v 2.5 6 -2.5
v 2.6 6 -2.5
v 1.4 6 -2.6
v 1.5 6 -2.6
v 2.5 6 -2.6
v 2.6 6 -2.6
v 1.4 6 -2.7
v 1.5 6 -2.7
v 2.5 6 -2.7
v 2.6 6 -2.7
v 1.4 6 -2.8
v 1.5 6 -2.8
v 2.5 6 -2.8
v 2.6 6 -2.8
v 1.4 6 -2.9
v 1.5 6 -2.9
v 2.5 6 -2.9
v 1.4 6 -3
v 1.5 6 -3
v 2.5 6 -3
v 2.6 6 -3
v 1.5 6 -3.1
v 2.5 6 -3.1
v 2.6 6 -3.1
v 1.4 6 -3.2
v 1.5 6 -3.2
v 2.5 6 -3.2
v 2.6 6 -3.2
v 1.4 6 -3.3
v 1.5 6 -3.3
v 2.5 6 -3.3
v 2.6 6 -3.3
v 1.4 6 -3.4
v 1.5 6 -3.4
v 2.5 6 -3.4
v 1.4 6 -3.5
v 1.5 6 -3.5
v 1.4 6 -3.6
v 1.5 6 -3.6
v 2.5 6 -3.6
v 2.6 6 -3.6
v 1.4 6 -3.7
v 1.5 6 -3.7
v 2.5 6 -3.7
v 2.6 6 -3.7
v 1.4 6 -3.8
v 1.5 6 -3.8
v 2.5 6 -3.9
v 2.6 6 -3.9
v 2.5 6 -4
v 2.6 6 -4
v 2.5 6 -4.1
v 2.6 6 -4.1
v 2.5 6 -4.2
v 2.6 6 -4.2
v 2.5 6 -4.3
v 2.6 6 -4.3
v 2.5 6 -4.4
v 2.6 6 -4.4
v 1.4 6 -4.5
v 1.5 6 -4.5
v 2.5 6 -4.5
v 1.4 6 -4.6
v 1.5 6 -4.6
v 2.5 6 -4.6
v 2.6 6 -4.6
v 1.5 6 -4.7
v 2.5 6 -4.7
v 2.6 6 -4.7
v 1.5 6 -4.8
v 2.5 6 -4.8
v 2.6 6 -4.8
v 1.4 6 -4.9
v 1.5 6 -4.9
v 2.5 6 -4.9
v 1.4 6 -5
v 1.5 6 -5
v 2.5 6 -5
v 2.6 6 -5
v 1.4 6 -5.1
v 1.5 6 -5.1
v 2.5 6 -5.1
v 2.6 6 -5.1
v 1.4 6 -5.2
v 1.5 6 -5.2
v 2.5 6 -5.2
v 1.4 6 -5.3
v 1.5 6 -5.3
v 2.5 6 -5.3
v 2.6 6 -5.3
v 1.4 6 -5.4
v 1.5 6 -5.4
v 2.5 6 -5.4
v 2.6 6 -5.4
v 1.4 6 -5.5
v 1.5 6 -5.5
v 2.5 6 -5.5
v 2.6 6 -5.5
v 1.4 6 -5.6
v 1.5 6 -5.6
v 2.5 6 -5.6
v 2.6 6 -5.6
v 1.4 6 -5.7
v 1.5 6 -5.7
v 2.5 6 -5.7
v 2.6 6 -5.7
v 1.5 6 -5.8
v 2.5 6 -5.8
v 2.6 6 -5.8
v 1.5 6 -5.9
v 2.5 6 -5.9
v 2.6 6 -5.9
v 1.4 6 -6
v 1.5 6 -6
v 2.5 6 -6
v 2.6 6 -6
v 1.4 6 -6.1
v 1.5 6 -6.1
v 1.4 6 -6.2
v 1.5 6 -6.2
v 2.5 6 -6.2
v 2.6 6 -6.2
v 1.4 6 -6.3
v 1.5 6 -6.3
v 2.5 6 -6.3
v 2.6 6 -6.3
v -2.3 6 -6.4
v -1.8 6 -6.4
v -1.7 6 -6.4
v -1.6 6 -6.4
v -1.5 6 -6.4
v -1.4 6 -6.4
v -1.1 6 -6.4
v -1 6 -6.4
v -0.9 6 -6.4
v -0.7 6 -6.4
v -0.4 6 -6.4
v -0.3 6 -6.4
v -0.2 6 -6.4
v -0.0999999 6 -6.4
v 0.1 6 -6.4
v 0.4 6 -6.4
v 0.6 6 -6.4
v 0.7 6 -6.4
v 0.9 6 -6.4
v 1 6 -6.4
v 1.4 6 -6.4
v 1.5 6 -6.4
v 2.5 6 -6.4
v 2.6 6 -6.4
v 2.7 6 -6.4
v 2.8 6 -6.4
v 3 6 -6.4
v 3.3 6 -6.4
v 3.4 6 -6.4
v 3.5 6 -6.4
v -2.3 6 -6.5
v -1.8 6 -6.5
v -1.7 6 -6.5
v -1.6 6 -6.5
v -1.5 6 -6.5
v -1.4 6 -6.5
v -1.3 6 -6.5
v -1.1 6 -6.5
v -1 6 -6.5
v -0.9 6 -6.5
v -0.7 6 -6.5
v -0.5 6 -6.5
v -0.4 6 -6.5
v -0.3 6 -6.5
v -0.2 6 -6.5
v -0.0999999 6 -6.5
v 0.1 6 -6.5
v 0.2 6 -6.5
v 0.3 6 -6.5
v 0.4 6 -6.5
v 0.6 6 -6.5
v 0.7 6 -6.5
v 0.9 6 -6.5
v 1 6 -6.5
v 1.1 6 -6.5
v 1.2 6 -6.5
v 1.4 6 -6.5
v 1.5 6 -6.5
v 2.5 6 -6.5
v 2.6 6 -6.5
v 2.7 6 -6.5
v 2.8 6 -6.5
v 2.9 6 -6.5
v 3 6 -6.5
v 3.1 6 -6.5
v 3.2 6 -6.5
v 3.3 6 -6.5
v 3.4 6 -6.5
v 3.5 6 -6.5
v -2.3 6 -8
v -1.8 6 -8
v -1.7 6 -8
v -1.6 6 -8
v -1.5 6 -8
v -1.4 6 -8
v -1.3 6 -8
v -1.2 6 -8
v -1.1 6 -8
v -1 6 -8
v -0.9 6 -8
v -0.8 6 -8
v -0.6 6 -8
v -0.4 6 -8
v -0.3 6 -8
v -0.2 6 -8
v -0.0999999 6 -8
v 0 6 -8
v 0.1 6 -8
v 0.2 6 -8
v 0.4 6 -8
v 0.5 6 -8
v 0.6 6 -8
v 0.7 6 -8
v 0.8 6 -8
v 0.9 6 -8
v 1 6 -8
v 1.2 6 -8
v 1.3 6 -8
v 1.4 6 -8
v 1.5 6 -8
v 1.6 6 -8
v 1.7 6 -8
v 1.8 6 -8
v 1.9 6 -8
v 2 6 -8
v 2.1 6 -8
v 2.2 6 -8
v 2.4 6 -8
v 2.5 6 -8
v 2.6 6 -8
v 2.7 6 -8
v 2.8 6 -8
v 2.9 6 -8
v 3 6 -8
v 3.1 6 -8
v 3.2 6 -8
v 3.3 6 -8
v 3.4 6 -8
v 3.5 6 -8
v -2.3 6 -8.1
v -1.8 6 -8.1
v -1.7 6 -8.1
v -1.6 6 -8.1
v -1.4 6 -8.1
v -1.3 6 -8.1
v -1.2 6 -8.1
v -1.1 6 -8.1
v -1 6 -8.1
v -0.9 6 -8.1
v -0.8 6 -8.1
v -0.6 6 -8.1
v -0.4 6 -8.1
v -0.3 6 -8.1
v -0.0999999 6 -8.1
v 0 6 -8.1
v 0.1 6 -8.1
v 0.2 6 -8.1
v 0.4 6 -8.1
v 0.7 6 -8.1
v 0.8 6 -8.1
v 1 6 -8.1
v 1.2 6 -8.1
v 1.4 6 -8.1
v 1.5 6 -8.1
v 1.6 6 -8.1
v 1.7 6 -8.1
v 1.8 6 -8.1
v 1.9 6 -8.1
v 2 6 -8.1
v 2.1 6 -8.1
v 2.2 6 -8.1
v 2.4 6 -8.1
v 2.5 6 -8.1
v 2.6 6 -8.1
v 2.7 6 -8.1
v 2.8 6 -8.1
v 2.9 6 -8.1
v 3 6 -8.1
v 3.1 6 -8.1
v 3.2 6 -8.1
v 3.3 6 -8.1
v 3.4 6 -8.1
v 3.5 6 -8.1
v 1.5 6.2 -2.1
v 1.6 6.2 -2.1
v 2.4 6.2 -2.1
v 2.5 6.2 -2.1
v 1.5 6.2 -2.2
v 1.6 6.2 -2.2
v 2.4 6.2 -2.2
v 2.5 6.2 -2.2
v 1.5 6.2 -2.3
v 1.6 6.2 -2.3
v 2.4 6.2 -2.3
v 2.5 6.2 -2.3
v 1.5 6.2 -2.4
v 1.6 6.2 -2.4
v 2.4 6.2 -2.4
v 2.5 6.2 -2.4
v 1.5 6.2 -2.5
v 1.6 6.2 -2.5
v 2.4 6.2 -2.5
v 2.5 6.2 -2.5
v 1.5 6.2 -2.6
v 1.6 6.2 -2.6
v 2.4 6.2 -2.6
v 2.5 6.2 -2.6
v 1.5 6.2 -2.7
v 1.6 6.2 -2.7
v 2.4 6.2 -2.7
v 2.5 6.2 -2.7
v 1.5 6.2 -2.8
v 1.6 6.2 -2.8
v 2.4 6.2 -2.8
v 2.5 6.2 -2.8
v 1.5 6.2 -2.9
v 1.6 6.2 -2.9
v 2.4 6.2 -2.9
v 2.5 6.2 -2.9
v 1.5 6.2 -3
v 1.6 6.2 -3
v 2.4 6.2 -3
v 2.5 6.2 -3
v 1.5 6.2 -3.1
v 1.6 6.2 -3.1
v 2.4 6.2 -3.1
v 2.5 6.2 -3.1
v 1.5 6.2 -3.2
v 1.6 6.2 -3.2
v 2.4 6.2 -3.2
v 2.5 6.2 -3.2
v 1.5 6.2 -3.3
v 1.6 6.2 -3.3
v 2.4 6.2 -3.3
v 2.5 6.2 -3.3
v 1.5 6.2 -3.4
v 1.6 6.2 -3.4
v 2.4 6.2 -3.4
v 2.5 6.2 -3.4
v 1.5 6.2 -3.5
v 1.6 6.2 -3.5
v 2.4 6.2 -3.5
v 2.5 6.2 -3.5
v 1.6 6.2 -3.6
v 2.4 6.2 -3.6
v 2.5 6.2 -3.6
v 1.5 6.2 -3.7
v 1.6 6.2 -3.7
v 2.4 6.2 -3.7
v 2.5 6.2 -3.7
v 1.5 6.2 -3.8
v 1.6 6.2 -3.8
v 2.4 6.2 -3.8
v 2.5 6.2 -3.8
v 1.5 6.2 -3.9
v 1.6 6.2 -3.9
v 1.6 6.2 -4
v 2.4 6.2 -4
v 2.5 6.2 -4
v 1.6 6.2 -4.1
v 2.4 6.2 -4.1
v 2.5 6.2 -4.1
v 1.5 6.2 -4.2
v 1.6 6.2 -4.2
v 2.4 6.2 -4.2
v 2.5 6.2 -4.2
v 1.5 6.2 -4.3
v 1.6 6.2 -4.3
v 2.4 6.2 -4.3
v 2.5 6.2 -4.3
v 1.5 6.2 -4.4
v 1.6 6.2 -4.4
v 2.4 6.2 -4.4
v 2.5 6.2 -4.4
v 1.5 6.2 -4.5
v 1.6 6.2 -4.5
v 2.4 6.2 -4.5
v 2.5 6.2 -4.5
v 1.5 6.2 -4.6
v 1.6 6.2 -4.6
v 2.4 6.2 -4.6
v 2.5 6.2 -4.6
v 1.6 6.2 -4.7
v 2.4 6.2 -4.7
v 2.5 6.2 -4.7
v 1.5 6.2 -4.8
v 1.6 6.2 -4.8
v 2.4 6.2 -4.8
v 2.5 6.2 -4.8
v 1.6 6.2 -4.9
v 2.4 6.2 -4.9
v 1.5 6.2 -5
v 1.6 6.2 -5
v 2.4 6.2 -5
v 2.5 6.2 -5
v 1.5 6.2 -5.1
v 1.6 6.2 -5.1
v 2.4 6.2 -5.1
v 2.4 6.2 -5.2
v 2.5 6.2 -5.2
v 1.5 6.2 -5.3
v 1.6 6.2 -5.3
v 2.4 6.2 -5.3
v 2.5 6.2 -5.3
v 1.5 6.2 -5.4
v 1.6 6.2 -5.4
v 2.4 6.2 -5.4
v 2.5 6.2 -5.4
v 1.5 6.2 -5.5
v 1.6 6.2 -5.5
v 2.4 6.2 -5.5
v 1.5 6.2 -5.6
v 1.6 6.2 -5.6
v 2.4 6.2 -5.6
v 1.6 6.2 -5.7
v 2.4 6.2 -5.7
v 2.5 6.2 -5.7
v 1.5 6.2 -5.8
v 1.6 6.2 -5.8
v 2.4 6.2 -5.8
v 2.5 6.2 -5.8
v 1.5 6.2 -5.9
v 1.6 6.2 -5.9
v 2.4 6.2 -5.9
v 2.5 6.2 -5.9
v 1.5 6.2 -6
v 1.6 6.2 -6
v 2.4 6.2 -6
v 2.5 6.2 -6
v 1.5 6.2 -6.1
v 1.6 6.2 -6.1
v 2.4 6.2 -6.1
v 2.4 6.2 -6.2
v 2.5 6.2 -6.2
v 2.4 6.2 -6.3
v 2.5 6.2 -6.3
v 1.5 6.2 -6.4
v 1.6 6.2 -6.4
v 2.4 6.2 -6.4
v 2.5 6.2 -6.4
v -2.3 6.2 -6.5
v -1.8 6.2 -6.5
v -1.7 6.2 -6.5
v -1.6 6.2 -6.5
v -1.4 6.2 -6.5
v -1.3 6.2 -6.5
v -1.2 6.2 -6.5
v -0.3 6.2 -6.5
v -0.2 6.2 -6.5
v -0.0999999 6.2 -6.5
v 0 6.2 -6.5
v 0.1 6.2 -6.5
v 0.2 6.2 -6.5
v 0.3 6.2 -6.5
v 0.4 6.2 -6.5
v 0.7 6.2 -6.5
v 1 6.2 -6.5
v 1.1 6.2 -6.5
v 1.2 6.2 -6.5
v 1.3 6.2 -6.5
v 1.4 6.2 -6.5
v 1.5 6.2 -6.5
v 1.6 6.2 -6.5
v 2.4 6.2 -6.5
v 2.5 6.2 -6.5
v 2.7 6.2 -6.5
v 2.8 6.2 -6.5
v 2.9 6.2 -6.5
v 3.1 6.2 -6.5
v 3.3 6.2 -6.5
v 3.4 6.2 -6.5
v 3.5 6.2 -6.5
v -2.3 6.2 -6.6
v -1.8 6.2 -6.6
v -1.7 6.2 -6.6
v -1.6 6.2 -6.6
v -1.5 6.2 -6.6
v -1.4 6.2 -6.6
v -1.3 6.2 -6.6
v -1.2 6.2 -6.6
v -1.1 6.2 -6.6
v -1 6.2 -6.6
v -0.7 6.2 -6.6
v -0.5 6.2 -6.6
v -0.4 6.2 -6.6
v -0.3 6.2 -6.6
v -0.2 6.2 -6.6
v -0.0999999 6.2 -6.6
v 0 6.2 -6.6
v 0.1 6.2 -6.6
v 0.2 6.2 -6.6
v 0.3 6.2 -6.6
v 0.4 6.2 -6.6
v 0.5 6.2 -6.6
v 0.6 6.2 -6.6
v 0.7 6.2 -6.6
v 0.8 6.2 -6.6
v 1 6.2 -6.6
v 1.1 6.2 -6.6
v 1.2 6.2 -6.6
v 1.3 6.2 -6.6
v 1.4 6.2 -6.6
v 1.5 6.2 -6.6
v 1.6 6.2 -6.6
v 2.4 6.2 -6.6
v 2.5 6.2 -6.6
v 2.6 6.2 -6.6
v 2.7 6.2 -6.6
v 2.8 6.2 -6.6
v 2.9 6.2 -6.6
v 3.1 6.2 -6.6
v 3.3 6.2 -6.6
v 3.4 6.2 -6.6
v 3.5 6.2 -6.6
v -2.3 6.2 -7.9
v -1.8 6.2 -7.9
v -1.7 6.2 -7.9
v -1.6 6.2 -7.9
v -1.5 6.2 -7.9
v -1.4 6.2 -7.9
v -1.3 6.2 -7.9
v -1.2 6.2 -7.9
v -1.1 6.2 -7.9
v -1 6.2 -7.9
v -0.8 6.2 -7.9
v -0.7 6.2 -7.9
v -0.6 6.2 -7.9
v -0.5 6.2 -7.9
v -0.4 6.2 -7.9
v -0.3 6.2 -7.9
v 0 6.2 -7.9
v 0.1 6.2 -7.9
v 0.2 6.2 -7.9
v 0.3 6.2 -7.9
v 0.4 6.2 -7.9
v 0.5 6.2 -7.9
v 0.7 6.2 -7.9
v 0.8 6.2 -7.9
v 0.9 6.2 -7.9
v 1 6.2 -7.9
v 1.1 6.2 -7.9
v 1.2 6.2 -7.9
v 1.3 6.2 -7.9
v 1.4 6.2 -7.9
v 1.5 6.2 -7.9
v 1.6 6.2 -7.9
v 1.7 6.2 -7.9
v 1.8 6.2 -7.9
v 1.9 6.2 -7.9
v 2.1 6.2 -7.9
v 2.2 6.2 -7.9
v 2.4 6.2 -7.9
v 2.5 6.2 -7.9
v 2.6 6.2 -7.9
v 2.8 6.2 -7.9
v 2.9 6.2 -7.9
v 3 6.2 -7.9
v 3.1 6.2 -7.9
v 3.2 6.2 -7.9
v 3.3 6.2 -7.9
v 3.4 6.2 -7.9
v 3.5 6.2 -7.9
v -2.3 6.2 -8
v -1.8 6.2 -8
v -1.7 6.2 -8
v -1.6 6.2 -8
v -1.5 6.2 -8
v -1.4 6.2 -8
v -1.3 6.2 -8
v -1.1 6.2 -8
v -1 6.2 -8
v -0.8 6.2 -8
v -0.7 6.2 -8
v -0.6 6.2 -8
v -0.5 6.2 -8
v -0.3 6.2 -8
v 0.1 6.2 -8
v 0.3 6.2 -8
v 0.5 6.2 -8
v 0.7 6.2 -8
v 0.8 6.2 -8
v 0.9 6.2 -8
v 1 6.2 -8
v 1.1 6.2 -8
v 1.2 6.2 -8
v 1.3 6.2 -8
v 1.4 6.2 -8
v 1.5 6.2 -8
v 1.6 6.2 -8
v 1.7 6.2 -8
v 1.8 6.2 -8
v 1.9 6.2 -8
v 2.2 6.2 -8
v 2.4 6.2 -8
v 2.5 6.2 -8
v 2.6 6.2 -8
v 2.8 6.2 -8
v 2.9 6.2 -8
v 3 6.2 -8
v 3.2 6.2 -8
v 3.3 6.2 -8
v 3.4 6.2 -8
v 3.5 6.2 -8
v 2.3 6.3 -2.1
v 2.4 6.3 -2.1
v 2.3 6.3 -2.2
v 2.4 6.3 -2.2
v 2.3 6.3 -2.3
v 2.4 6.3 -2.3
v 2.3 6.3 -2.5
v 2.3 6.3 -2.6
v 2.4 6.3 -2.6
v 2.3 6.3 -2.7
v 2.4 6.3 -2.7
v 2.3 6.3 -2.8
v 2.4 6.3 -2.8
v 2.3 6.3 -3
v 2.4 6.3 -3
v 2.3 6.3 -3.1
v 2.4 6.3 -3.1
v 2.3 6.3 -3.2
v 2.4 6.3 -3.2
v 2.3 6.3 -3.3
v 2.4 6.3 -3.3
v 2.3 6.3 -3.4
v 2.4 6.3 -3.4
v 2.3 6.3 -3.6
v 2.4 6.3 -3.6
v 2.3 6.3 -3.7
v 2.4 6.3 -3.7
v 2.3 6.3 -3.8
v 2.3 6.3 -3.9
v 2.3 6.3 -4
v 2.3 6.3 -4.1
v 2.3 6.3 -4.2
v 2.4 6.3 -4.2
v 2.3 6.3 -4.3
v 2.4 6.3 -4.3
v 2.3 6.3 -4.4
v 2.3 6.3 -4.5
v 2.3 6.3 -4.7
v 2.4 6.3 -4.7
v 2.3 6.3 -4.8
v 2.4 6.3 -4.8
v 2.3 6.3 -4.9
v 2.4 6.3 -4.9
v 2.3 6.3 -5
v 2.4 6.3 -5
v 2.3 6.3 -5.1
v 2.4 6.3 -5.1
v 2.3 6.3 -5.2
v 2.4 6.3 -5.2
v 2.3 6.3 -5.3
v 2.4 6.3 -5.3
v 2.3 6.3 -5.4
v 2.4 6.3 -5.4
v 2.3 6.3 -5.5
v 2.4 6.3 -5.5
v 2.3 6.3 -5.6
v 2.4 6.3 -5.6
v 2.3 6.3 -5.7
v 2.3 6.3 -5.8
v 2.4 6.3 -5.8
v 2.3 6.3 -5.9
v 2.4 6.3 -5.9
v 2.3 6.3 -6
v 2.3 6.3 -6.1
v 2.4 6.3 -6.1
v 2.3 6.3 -6.2
v 2.4 6.3 -6.2
v 2.3 6.3 -6.3
v 2.4 6.3 -6.3
v 2.3 6.3 -6.4
v 2.4 6.3 -6.4
v 2.3 6.3 -6.5
v 2.4 6.3 -6.5
v 2.3 6.3 -6.6
v 2.4 6.3 -6.6
v 1.6 6.4 -2.1
v 1.7 6.4 -2.1
v 1.6 6.4 -2.2
v 1.7 6.4 -2.2
v 1.6 6.4 -2.3
v 1.7 6.4 -2.3
v 1.6 6.4 -2.4
v 1.7 6.4 -2.4
v 1.6 6.4 -2.5
v 1.7 6.4 -2.5
v 1.6 6.4 -2.6
v 1.7 6.4 -2.6
v 1.6 6.4 -2.7
v 1.7 6.4 -2.7
v 1.6 6.4 -2.8
v 1.7 6.4 -2.8
v 1.7 6.4 -2.9
v 1.6 6.4 -3
v 1.7 6.4 -3
v 1.6 6.4 -3.1
v 1.7 6.4 -3.1
v 1.6 6.4 -3.2
v 1.7 6.4 -3.2
v 1.6 6.4 -3.3
v 1.7 6.4 -3.3
v 1.6 6.4 -3.5
v 1.7 6.4 -3.5
v 1.7 6.4 -3.6
v 1.7 6.4 -3.7
v 1.6 6.4 -3.8
v 1.7 6.4 -3.8
v 1.6 6.4 -3.9
v 1.7 6.4 -3.9
v 1.6 6.4 -4
v 1.7 6.4 -4
v 1.7 6.4 -4.1
v 1.6 6.4 -4.2
v 1.7 6.4 -4.2
v 1.6 6.4 -4.3
v 1.7 6.4 -4.3
v 1.6 6.4 -4.4
v 1.7 6.4 -4.4
v 1.6 6.4 -4.5
v 1.7 6.4 -4.5
v 1.6 6.4 -4.8
v 1.7 6.4 -4.8
v 1.6 6.4 -4.9
v 1.7 6.4 -4.9
v 1.6 6.4 -5
v 1.7 6.4 -5
v 1.6 6.4 -5.1
v 1.7 6.4 -5.1
v 1.6 6.4 -5.2
v 1.7 6.4 -5.2
v 1.6 6.4 -5.3
v 1.7 6.4 -5.3
v 1.7 6.4 -5.4
v 1.6 6.4 -5.5
v 1.7 6.4 -5.5
v 1.6 6.4 -5.6
v 1.7 6.4 -5.6
v 1.6 6.4 -5.7
v 1.7 6.4 -5.7
v 1.6 6.4 -5.8
v 1.7 6.4 -5.8
v 1.7 6.4 -5.9
v 1.6 6.4 -6
v 1.7 6.4 -6
v 1.6 6.4 -6.1
v 1.7 6.4 -6.1
v 1.6 6.4 -6.2
v 1.7 6.4 -6.2
v 1.7 6.4 -6.3
v 1.6 6.4 -6.4
v 1.7 6.4 -6.4
v 1.6 6.4 -6.5
v 1.7 6.4 -6.5
v 1.6 6.4 -6.6
v 1.7 6.4 -6.6
v 1.7 6.5 -2.1
v 1.8 6.5 -2.1
v 2.2 6.5 -2.1
v 2.3 6.5 -2.1
v 1.7 6.5 -2.2
v 1.8 6.5 -2.2
v 2.2 6.5 -2.2
v 2.3 6.5 -2.2
v 1.7 6.5 -2.3
v 1.8 6.5 -2.3
v 2.2 6.5 -2.3
v 1.7 6.5 -2.4
v 1.8 6.5 -2.4
v 2.2 6.5 -2.4
v 2.3 6.5 -2.4
v 2.2 6.5 -2.5
v 2.3 6.5 -2.5
v 1.7 6.5 -2.6
v 1.8 6.5 -2.6
v 2.2 6.5 -2.6
v 2.3 6.5 -2.6
v 1.7 6.5 -2.7
v 1.8 6.5 -2.7
v 2.2 6.5 -2.7
v 2.3 6.5 -2.7
v 1.7 6.5 -2.8
v 1.8 6.5 -2.8
v 2.2 6.5 -2.8
v 2.3 6.5 -2.8
v 1.7 6.5 -2.9
v 1.8 6.5 -2.9
v 2.2 6.5 -2.9
v 2.3 6.5 -2.9
v 2.2 6.5 -3
v 2.3 6.5 -3
v 1.7 6.5 -3.1
v 1.8 6.5 -3.1
v 2.2 6.5 -3.1
v 2.3 6.5 -3.1
v 1.7 6.5 -3.2
v 1.8 6.5 -3.2
v 2.2 6.5 -3.2
v 2.3 6.5 -3.2
v 1.7 6.5 -3.3
v 1.8 6.5 -3.3
v 2.2 6.5 -3.3
v 2.3 6.5 -3.3
v 2.2 6.5 -3.4
v 2.3 6.5 -3.4
v 1.8 6.5 -3.5
v 1.7 6.5 -3.6
v 1.8 6.5 -3.6
v 2.2 6.5 -3.6
v 2.3 6.5 -3.6
v 1.7 6.5 -3.7
v 1.8 6.5 -3.7
v 2.2 6.5 -3.7
v 2.3 6.5 -3.7
v 1.7 6.5 -3.8
v 1.8 6.5 -3.8
v 2.2 6.5 -3.8
v 2.3 6.5 -3.8
v 1.7 6.5 -3.9
v 1.8 6.5 -3.9
v 2.2 6.5 -3.9
v 2.3 6.5 -3.9
v 1.8 6.5 -4
v 2.2 6.5 -4
v 2.3 6.5 -4
v 1.7 6.5 -4.1
v 1.8 6.5 -4.1
v 2.2 6.5 -4.1
v 2.3 6.5 -4.1
v 1.7 6.5 -4.2
v 1.8 6.5 -4.2
v 2.2 6.5 -4.2
v 2.3 6.5 -4.2
v 1.7 6.5 -4.3
v 1.8 6.5 -4.3
v 2.2 6.5 -4.3
v 2.3 6.5 -4.3
v 1.7 6.5 -4.4
v 1.8 6.5 -4.4
v 2.2 6.5 -4.4
v 1.8 6.5 -4.5
v 2.2 6.5 -4.5
v 2.3 6.5 -4.5
v 1.8 6.5 -4.6
v 2.2 6.5 -4.6
v 2.3 6.5 -4.6
v 2.2 6.5 -4.7
v 2.3 6.5 -4.7
v 1.8 6.5 -4.8
v 2.2 6.5 -4.8
v 2.3 6.5 -4.8
v 1.8 6.5 -4.9
v 2.2 6.5 -4.9
v 2.3 6.5 -4.9
v 1.8 6.5 -5
v 1.7 6.5 -5.1
v 1.8 6.5 -5.1
v 2.2 6.5 -5.1
v 2.3 6.5 -5.1
v 2.2 6.5 -5.2
v 2.3 6.5 -5.2
v 2.2 6.5 -5.3
v 2.3 6.5 -5.3
v 1.7 6.5 -5.4
v 1.8 6.5 -5.4
v 2.2 6.5 -5.4
v 2.3 6.5 -5.4
v 1.7 6.5 -5.5
v 1.8 6.5 -5.5
v 1.7 6.5 -5.6
v 1.8 6.5 -5.6
v 2.2 6.5 -5.6
v 2.3 6.5 -5.6
v 1.7 6.5 -5.7
v 1.8 6.5 -5.7
v 2.2 6.5 -5.7
v 2.3 6.5 -5.7
v 2.2 6.5 -5.8
v 2.3 6.5 -5.8
v 1.7 6.5 -5.9
v 1.8 6.5 -5.9
v 2.2 6.5 -5.9
v 2.3 6.5 -5.9
v 1.7 6.5 -6
v 1.8 6.5 -6
v 2.2 6.5 -6
v 1.7 6.5 -6.1
v 1.8 6.5 -6.1
v 2.2 6.5 -6.1
v 1.7 6.5 -6.3
v 1.8 6.5 -6.3
v 2.2 6.5 -6.3
v 2.3 6.5 -6.3
v 2.2 6.5 -6.4
v 2.3 6.5 -6.4
v 1.7 6.5 -6.5
v 1.8 6.5 -6.5
v 2.2 6.5 -6.5
v 1.7 6.5 -6.6
v 1.8 6.5 -6.6
v 2.2 6.5 -6.6
v 2.3 6.5 -6.6
v -2.3 6.6 -6.6
v -1.8 6.6 -6.6
v -1.7 6.6 -6.6
v -1.5 6.6 -6.6
v -1.4 6.6 -6.6
v -1.2 6.6 -6.6
v -1.1 6.6 -6.6
v -0.9 6.6 -6.6
v -0.6 6.6 -6.6
v -0.2 6.6 -6.6
v -0.0999999 6.6 -6.6
v 0 6.6 -6.6
v 0.1 6.6 -6.6
v 0.2 6.6 -6.6
v 0.3 6.6 -6.6
v 0.4 6.6 -6.6
v 0.8 6.6 -6.6
v 1 6.6 -6.6
v 1.5 6.6 -6.6
v 1.6 6.6 -6.6
v 1.7 6.6 -6.6
v 1.8 6.6 -6.6
v 2.2 6.6 -6.6
v 2.3 6.6 -6.6
v 2.5 6.6 -6.6
v 2.6 6.6 -6.6
v 2.7 6.6 -6.6
v 2.8 6.6 -6.6
v 3 6.6 -6.6
v 3.2 6.6 -6.6
v 3.3 6.6 -6.6
v 3.4 6.6 -6.6
v 3.5 6.6 -6.6
v -2.3 6.6 -6.7
v -1.8 6.6 -6.7
v -1.7 6.6 -6.7
v -1.5 6.6 -6.7
v -1.4 6.6 -6.7
v -1.3 6.6 -6.7
v -1.2 6.6 -6.7
v -1.1 6.6 -6.7
v -1 6.6 -6.7
v -0.9 6.6 -6.7
v -0.8 6.6 -6.7
v -0.6 6.6 -6.7
v -0.3 6.6 -6.7
v -0.2 6.6 -6.7
v -0.0999999 6.6 -6.7
v 0 6.6 -6.7
v 0.1 6.6 -6.7
v 0.2 6.6 -6.7
v 0.3 6.6 -6.7
v 0.4 6.6 -6.7
v 0.8 6.6 -6.7
v 1 6.6 -6.7
v 1.1 6.6 -6.7
v 1.2 6.6 -6.7
v 1.4 6.6 -6.7
v 1.5 6.6 -6.7
v 1.6 6.6 -6.7
v 1.7 6.6 -6.7
v 1.8 6.6 -6.7
v 2.2 6.6 -6.7
v 2.3 6.6 -6.7
v 2.4 6.6 -6.7
v 2.5 6.6 -6.7
v 2.6 6.6 -6.7
v 2.7 6.6 -6.7
v 2.8 6.6 -6.7
v 2.9 6.6 -6.7
v 3 6.6 -6.7
v 3.2 6.6 -6.7
v 3.3 6.6 -6.7
v 3.4 6.6 -6.7
v 3.5 6.6 -6.7
v -2.3 6.6 -7.8
v -1.8 6.6 -7.8
v -1.7 6.6 -7.8
v -1.6 6.6 -7.8
v -1.5 6.6 -7.8
v -1.4 6.6 -7.8
v -1.3 6.6 -7.8
v -1.2 6.6 -7.8
v -1.1 6.6 -7.8
v -1 6.6 -7.8
v -0.9 6.6 -7.8
v -0.8 6.6 -7.8
v -0.6 6.6 -7.8
v -0.5 6.6 -7.8
v -0.4 6.6 -7.8
v -0.3 6.6 -7.8
v -0.2 6.6 -7.8
v -0.0999999 6.6 -7.8
v 0 6.6 -7.8
v 0.1 6.6 -7.8
v 0.2 6.6 -7.8
v 0.3 6.6 -7.8
v 0.4 6.6 -7.8
v 0.5 6.6 -7.8
v 0.6 6.6 -7.8
v 0.7 6.6 -7.8
v 0.8 6.6 -7.8
v 0.9 6.6 -7.8
v 1 6.6 -7.8
v 1.1 6.6 -7.8
v 1.2 6.6 -7.8
v 1.3 6.6 -7.8
v 1.4 6.6 -7.8
v 1.5 6.6 -7.8
v 1.6 6.6 -7.8
v 1.7 6.6 -7.8
v 1.8 6.6 -7.8
v 1.9 6.6 -7.8
v 2 6.6 -7.8
v 2.1 6.6 -7.8
v 2.2 6.6 -7.8
v 2.3 6.6 -7.8
v 2.4 6.6 -7.8
v 2.5 6.6 -7.8
v 2.6 6.6 -7.8
v 2.7 6.6 -7.8
v 2.8 6.6 -7.8
v 2.9 6.6 -7.8
v 3 6.6 -7.8
v 3.1 6.6 -7.8
v 3.2 6.6 -7.8
v 3.3 6.6 -7.8
v 3.4 6.6 -7.8
v 3.5 6.6 -7.8
v -2.3 6.6 -7.9
v -1.8 6.6 -7.9
v -1.7 6.6 -7.9
v -1.6 6.6 -7.9
v -1.5 6.6 -7.9
v -1.4 6.6 -7.9
v -1.3 6.6 -7.9
v -1.1 6.6 -7.9
v -0.9 6.6 -7.9
v -0.8 6.6 -7.9
v -0.6 6.6 -7.9
v -0.4 6.6 -7.9
v -0.3 6.6 -7.9
v -0.2 6.6 -7.9
v -0.0999999 6.6 -7.9
v 0 6.6 -7.9
v 0.1 6.6 -7.9
v 0.2 6.6 -7.9
v 0.3 6.6 -7.9
v 0.4 6.6 -7.9
v 0.5 6.6 -7.9
v 0.6 6.6 -7.9
v 0.7 6.6 -7.9
v 0.8 6.6 -7.9
v 0.9 6.6 -7.9
v 1 6.6 -7.9
v 1.1 6.6 -7.9
v 1.3 6.6 -7.9
v 1.4 6.6 -7.9
v 1.5 6.6 -7.9
v 1.6 6.6 -7.9
v 1.7 6.6 -7.9
v 1.8 6.6 -7.9
v 2 6.6 -7.9
v 2.1 6.6 -7.9
v 2.4 6.6 -7.9
v 2.5 6.6 -7.9
v 2.6 6.6 -7.9
v 2.7 6.6 -7.9
v 2.9 6.6 -7.9
v 3 6.6 -7.9
v 3.1 6.6 -7.9
v 3.2 6.6 -7.9
v 3.3 6.6 -7.9
v 3.4 6.6 -7.9
v 3.5 6.6 -7.9
v 1.8 6.7 -2.1
v 1.9 6.7 -2.1
v 2.1 6.7 -2.1
v 2.2 6.7 -2.1
v 1.8 6.7 -2.2
v 1.9 6.7 -2.2
v 2.1 6.7 -2.2
v 2.2 6.7 -2.2
v 1.8 6.7 -2.3
v 1.9 6.7 -2.3
v 2.1 6.7 -2.3
v 2.2 6.7 -2.3
v 1.8 6.7 -2.4
v 1.9 6.7 -2.4
v 2.1 6.7 -2.4
v 1.9 6.7 -2.5
v 2.1 6.7 -2.5
v 2.2 6.7 -2.5
v 1.8 6.7 -2.6
v 1.9 6.7 -2.6
v 2.1 6.7 -2.6
v 2.2 6.7 -2.6
v 1.8 6.7 -2.7
v 1.9 6.7 -2.7
v 2.1 6.7 -2.7
v 2.2 6.7 -2.7
v 1.8 6.7 -2.8
v 1.9 6.7 -2.8
v 2.1 6.7 -2.8
v 2.2 6.7 -2.8
v 1.8 6.7 -2.9
v 1.9 6.7 -2.9
v 2.1 6.7 -2.9
v 2.2 6.7 -2.9
v 1.9 6.7 -3
v 2.1 6.7 -3
v 2.2 6.7 -3
v 1.9 6.7 -3.1
v 2.1 6.7 -3.1
v 2.2 6.7 -3.1
v 1.8 6.7 -3.2
v 1.9 6.7 -3.2
v 2.1 6.7 -3.2
v 2.2 6.7 -3.2
v 1.8 6.7 -3.3
v 1.9 6.7 -3.3
v 2.1 6.7 -3.3
v 2.2 6.7 -3.3
v 1.8 6.7 -3.5
v 1.9 6.7 -3.5
v 2.1 6.7 -3.5
v 2.2 6.7 -3.5
v 1.8 6.7 -3.6
v 1.9 6.7 -3.6
v 2.1 6.7 -3.6
v 2.2 6.7 -3.6
v 1.8 6.7 -3.7
v 1.9 6.7 -3.7
v 2.1 6.7 -3.7
v 2.2 6.7 -3.7
v 1.8 6.7 -3.8
v 1.9 6.7 -3.8
v 2.1 6.7 -3.8
v 2.2 6.7 -3.8
v 1.8 6.7 -3.9
v 1.9 6.7 -3.9
v 2.1 6.7 -3.9
v 2.2 6.7 -3.9
v 1.8 6.7 -4
v 1.9 6.7 -4
v 2.1 6.7 -4
v 2.2 6.7 -4
v 1.8 6.7 -4.1
v 1.9 6.7 -4.1
v 2.1 6.7 -4.1
v 1.8 6.7 -4.2
v 1.9 6.7 -4.2
v 2.1 6.7 -4.2
v 2.2 6.7 -4.2
v 1.8 6.7 -4.3
v 1.9 6.7 -4.3
v 2.1 6.7 -4.3
v 2.2 6.7 -4.3
v 1.8 6.7 -4.4
v 1.9 6.7 -4.4
v 2.1 6.7 -4.4
v 2.2 6.7 -4.4
v 1.8 6.7 -4.5
v 1.9 6.7 -4.5
v 2.1 6.7 -4.5
v 2.2 6.7 -4.5
v 1.8 6.7 -4.6
v 1.9 6.7 -4.6
v 2.1 6.7 -4.6
v 2.2 6.7 -4.6
v 1.8 6.7 -4.7
v 1.9 6.7 -4.7
v 2.1 6.7 -4.7
v 2.2 6.7 -4.7
v 1.9 6.7 -4.8
v 2.1 6.7 -4.8
v 2.2 6.7 -4.8
v 1.8 6.7 -4.9
v 1.9 6.7 -4.9
v 2.1 6.7 -4.9
v 1.8 6.7 -5
v 1.9 6.7 -5
v 2.1 6.7 -5
v 2.2 6.7 -5
v 1.8 6.7 -5.1
v 1.9 6.7 -5.1
v 2.1 6.7 -5.1
v 2.2 6.7 -5.1
v 1.8 6.7 -5.3
v 1.9 6.7 -5.3
v 2.1 6.7 -5.3
v 2.2 6.7 -5.3
v 1.8 6.7 -5.4
v 1.9 6.7 -5.4
v 2.1 6.7 -5.4
v 2.2 6.7 -5.4
v 1.8 6.7 -5.5
v 1.9 6.7 -5.5
v 2.1 6.7 -5.5
v 2.2 6.7 -5.5
v 1.8 6.7 -5.6
v 1.9 6.7 -5.6
v 2.1 6.7 -5.6
v 2.2 6.7 -5.6
v 1.9 6.7 -5.7
v 2.1 6.7 -5.7
v 2.2 6.7 -5.7
v 1.8 6.7 -5.8
v 1.9 6.7 -5.8
v 2.1 6.7 -5.8
v 2.2 6.7 -5.8
v 1.8 6.7 -5.9
v 1.9 6.7 -5.9
v 2.1 6.7 -5.9
v 2.2 6.7 -5.9
v 1.8 6.7 -6
v 1.9 6.7 -6
v 2.1 6.7 -6
v 2.2 6.7 -6
v 1.8 6.7 -6.1
v 1.9 6.7 -6.1
v 2.1 6.7 -6.1
v 2.2 6.7 -6.1
v 1.8 6.7 -6.2
v 1.9 6.7 -6.2
v 2.1 6.7 -6.2
v 2.2 6.7 -6.2
v 1.8 6.7 -6.3
v 1.9 6.7 -6.3
v 2.1 6.7 -6.3
v 2.2 6.7 -6.3
v 1.8 6.7 -6.4
v 1.9 6.7 -6.4
v 2.1 6.7 -6.4
v 2.2 6.7 -6.4
v 1.9 6.7 -6.5
v 2.1 6.7 -6.5
v 2.2 6.7 -6.5
v 1.9 6.7 -6.6
v 2.1 6.7 -6.6
v 2.2 6.7 -6.6
v 1.8 6.7 -6.7
v 1.9 6.7 -6.7
v 2.1 6.7 -6.7
v 2.2 6.7 -6.7
v -2.3 6.8 -6.7
v -1.8 6.8 -6.7
v -1.6 6.8 -6.7
v -1.5 6.8 -6.7
v -1.4 6.8 -6.7
v -1.3 6.8 -6.7
v -1 6.8 -6.7
v -0.9 6.8 -6.7
v -0.7 6.8 -6.7
v -0.5 6.8 -6.7
v -0.2 6.8 -6.7
v -0.0999999 6.8 -6.7
v 0 6.8 -6.7
v 0.3 6.8 -6.7
v 0.4 6.8 -6.7
v 0.5 6.8 -6.7
v 0.6 6.8 -6.7
v 0.8 6.8 -6.7
v 0.9 6.8 -6.7
v 1 6.8 -6.7
v 1.1 6.8 -6.7
v 1.2 6.8 -6.7
v 1.3 6.8 -6.7
v 1.4 6.8 -6.7
v 1.5 6.8 -6.7
v 1.8 6.8 -6.7
v 1.9 6.8 -6.7
v 2.1 6.8 -6.7
v 2.2 6.8 -6.7
v 2.3 6.8 -6.7
v 2.4 6.8 -6.7
v 2.8 6.8 -6.7
v 2.9 6.8 -6.7
v 3 6.8 -6.7
v 3.1 6.8 -6.7
v 3.4 6.8 -6.7
v 3.5 6.8 -6.7
v -2.3 6.8 -6.8
v -1.8 6.8 -6.8
v -1.7 6.8 -6.8
v -1.6 6.8 -6.8
v -1.5 6.8 -6.8
v -1.4 6.8 -6.8
v -1.3 6.8 -6.8
v -1.2 6.8 -6.8
v -1 6.8 -6.8
v -0.9 6.8 -6.8
v -0.7 6.8 -6.8
v -0.6 6.8 -6.8
v -0.5 6.8 -6.8
v -0.2 6.8 -6.8
v -0.0999999 6.8 -6.8
v 0 6.8 -6.8
v 0.1 6.8 -6.8
v 0.2 6.8 -6.8
v 0.3 6.8 -6.8
v 0.4 6.8 -6.8
v 0.5 6.8 -6.8
v 0.6 6.8 -6.8
v 0.8 6.8 -6.8
v 0.9 6.8 -6.8
v 1 6.8 -6.8
v 1.1 6.8 -6.8
v 1.2 6.8 -6.8
v 1.3 6.8 -6.8
v 1.4 6.8 -6.8
v 1.5 6.8 -6.8
v 1.6 6.8 -6.8
v 1.8 6.8 -6.8
v 1.9 6.8 -6.8
v 2.1 6.8 -6.8
v 2.2 6.8 -6.8
v 2.3 6.8 -6.8
v 2.4 6.8 -6.8
v 2.8 6.8 -6.8
v 2.9 6.8 -6.8
v 3 6.8 -6.8
v 3.1 6.8 -6.8
v 3.2 6.8 -6.8
v 3.3 6.8 -6.8
v 3.4 6.8 -6.8
v 3.5 6.8 -6.8
v -2.3 6.8 -7.7
v -1.8 6.8 -7.7
v -1.7 6.8 -7.7
v -1.6 6.8 -7.7
v -1.4 6.8 -7.7
v -1.3 6.8 -7.7
v -1.2 6.8 -7.7
v -1.1 6.8 -7.7
v -1 6.8 -7.7
v -0.9 6.8 -7.7
v -0.8 6.8 -7.7
v -0.7 6.8 -7.7
v -0.5 6.8 -7.7
v -0.4 6.8 -7.7
v -0.3 6.8 -7.7
v -0.2 6.8 -7.7
v 0 6.8 -7.7
v 0.1 6.8 -7.7
v 0.2 6.8 -7.7
v 0.3 6.8 -7.7
v 0.4 6.8 -7.7
v 0.5 6.8 -7.7
v 0.6 6.8 -7.7
v 0.7 6.8 -7.7
v 0.8 6.8 -7.7
v 0.9 6.8 -7.7
v 1 6.8 -7.7
v 1.1 6.8 -7.7
v 1.2 6.8 -7.7
v 1.3 6.8 -7.7
v 1.4 6.8 -7.7
v 1.5 6.8 -7.7
v 1.6 6.8 -7.7
v 1.7 6.8 -7.7
v 1.8 6.8 -7.7
v 1.9 6.8 -7.7
v 2 6.8 -7.7
v 2.1 6.8 -7.7
v 2.2 6.8 -7.7
v 2.3 6.8 -7.7
v 2.4 6.8 -7.7
v 2.5 6.8 -7.7
v 2.6 6.8 -7.7
v 2.7 6.8 -7.7
v 2.8 6.8 -7.7
v 2.9 6.8 -7.7
v 3 6.8 -7.7
v 3.1 6.8 -7.7
v 3.2 6.8 -7.7
v 3.3 6.8 -7.7
v 3.4 6.8 -7.7
v 3.5 6.8 -7.7
v -2.3 6.8 -7.8
v -1.8 6.8 -7.8
v -1.7 6.8 -7.8
v -1.6 6.8 -7.8
v -1.3 6.8 -7.8
v -1.2 6.8 -7.8
v -1.1 6.8 -7.8
v -1 6.8 -7.8
v -0.9 6.8 -7.8
v -0.7 6.8 -7.8
v -0.5 6.8 -7.8
v -0.3 6.8 -7.8
v -0.2 6.8 -7.8
v 0 6.8 -7.8
v 0.1 6.8 -7.8
v 0.2 6.8 -7.8
v 0.4 6.8 -7.8
v 0.5 6.8 -7.8
v 0.6 6.8 -7.8
v 0.7 6.8 -7.8
v 0.8 6.8 -7.8
v 0.9 6.8 -7.8
v 1.1 6.8 -7.8
v 1.2 6.8 -7.8
v 1.3 6.8 -7.8
v 1.4 6.8 -7.8
v 1.5 6.8 -7.8
v 1.6 6.8 -7.8
v 1.7 6.8 -7.8
v 1.9 6.8 -7.8
v 2 6.8 -7.8
v 2.1 6.8 -7.8
v 2.2 6.8 -7.8
v 2.3 6.8 -7.8
v 2.7 6.8 -7.8
v 2.8 6.8 -7.8
v 2.9 6.8 -7.8
v 3 6.8 -7.8
v 3.1 6.8 -7.8
v 3.2 6.8 -7.8
v 3.3 6.8 -7.8
v 3.4 6.8 -7.8
v 3.5 6.8 -7.8
v 1.9 7 -2.1
v 2.1 7 -2.1
v 1.9 7 -2.2
v 2.1 7 -2.2
v 1.9 7 -2.3
v 2 7 -2.3
v 1.9 7 -2.4
v 2 7 -2.4
v 2.1 7 -2.4
v 1.9 7 -2.5
v 2.1 7 -2.5
v 1.9 7 -2.6
v 2.1 7 -2.6
v 1.9 7 -2.7
v 2.1 7 -2.7
v 1.9 7 -2.8
v 2 7 -2.8
v 1.9 7 -2.9
v 2 7 -2.9
v 1.9 7 -3.1
v 2 7 -3.1
v 2.1 7 -3.1
v 1.9 7 -3.2
v 2 7 -3.2
v 2.1 7 -3.2
v 1.9 7 -3.3
v 2 7 -3.3
v 2.1 7 -3.3
v 1.9 7 -3.4
v 2 7 -3.4
v 1.9 7 -3.5
v 2.1 7 -3.5
v 1.9 7 -3.6
v 2 7 -3.6
v 2.1 7 -3.6
v 1.9 7 -3.7
v 2 7 -3.7
v 2.1 7 -3.7
v 1.9 7 -3.8
v 2 7 -3.8
v 2.1 7 -3.8
v 1.9 7 -3.9
v 2 7 -3.9
v 2.1 7 -3.9
v 1.9 7 -4
v 2 7 -4
v 2.1 7 -4
v 1.9 7 -4.1
v 2 7 -4.1
v 2.1 7 -4.1
v 1.9 7 -4.2
v 2 7 -4.2
v 2.1 7 -4.2
v 1.9 7 -4.3
v 2 7 -4.3
v 2.1 7 -4.3
v 1.9 7 -4.4
v 2 7 -4.4
v 2.1 7 -4.4
v 1.9 7 -4.5
v 2 7 -4.5
v 2.1 7 -4.5
v 1.9 7 -4.6
v 2 7 -4.6
v 2.1 7 -4.6
v 1.9 7 -4.7
v 2 7 -4.7
v 2.1 7 -4.7
v 2 7 -4.8
v 2.1 7 -4.8
v 1.9 7 -4.9
v 2 7 -4.9
v 2.1 7 -4.9
v 1.9 7 -5
v 2 7 -5
v 2.1 7 -5
v 1.9 7 -5.1
v 2 7 -5.1
v 1.9 7 -5.2
v 2 7 -5.2
v 2.1 7 -5.2
v 2 7 -5.3
v 2.1 7 -5.3
v 1.9 7 -5.4
v 2 7 -5.4
v 2.1 7 -5.4
v 1.9 7 -5.5
v 2 7 -5.5
v 2.1 7 -5.5
v 1.9 7 -5.6
v 2 7 -5.6
v 2.1 7 -5.6
v 1.9 7 -5.7
v 2 7 -5.7
v 2.1 7 -5.7
v 2 7 -5.8
v 2.1 7 -5.8
v 1.9 7 -5.9
v 2 7 -5.9
v 2.1 7 -5.9
v 2 7 -6
v 2.1 7 -6
v 1.9 7 -6.1
v 2.1 7 -6.1
v 1.9 7 -6.2
v 2 7 -6.2
v 1.9 7 -6.3
v 2 7 -6.3
v 2.1 7 -6.3
v 2 7 -6.4
v 2.1 7 -6.4
v 1.9 7 -6.5
v 2 7 -6.5
v 2.1 7 -6.5
v 1.9 7 -6.6
v 2 7 -6.6
v 2.1 7 -6.6
v 1.9 7 -6.7
v 2.1 7 -6.7
v 1.9 7 -6.8
v 2 7 -6.8
v 2.1 7 -6.8
v -2.3 7 -7.6
v -1.8 7 -7.6
v -1.1 7 -7.6
v -1 7 -7.6
v -0.9 7 -7.6
v -0.8 7 -7.6
v -0.7 7 -7.6
v -0.6 7 -7.6
v -0.4 7 -7.6
v -0.3 7 -7.6
v -0.2 7 -7.6
v 0 7 -7.6
v 0.1 7 -7.6
v 0.3 7 -7.6
v 0.4 7 -7.6
v 0.6 7 -7.6
v 0.7 7 -7.6
v 0.8 7 -7.6
v 1 7 -7.6
v 1.1 7 -7.6
v 1.2 7 -7.6
v 1.4 7 -7.6
v 1.5 7 -7.6
v 1.6 7 -7.6
v 1.7 7 -7.6
v 1.9 7 -7.6
v 2 7 -7.6
v 2.1 7 -7.6
v 2.2 7 -7.6
v 2.3 7 -7.6
v 2.4 7 -7.6
v 2.6 7 -7.6
v 2.7 7 -7.6
v 2.8 7 -7.6
v 2.9 7 -7.6
v 3 7 -7.6
v 3.1 7 -7.6
v 3.4 7 -7.6
v 3.5 7 -7.6
v -2.3 7 -7.7
v -1.8 7 -7.7
v -1 7 -7.7
v -0.8 7 -7.7
v -0.7 7 -7.7
v -0.6 7 -7.7
v -0.4 7 -7.7
v -0.3 7 -7.7
v -0.2 7 -7.7
v 0 7 -7.7
v 0.3 7 -7.7
v 0.7 7 -7.7
v 0.8 7 -7.7
v 1.2 7 -7.7
v 1.4 7 -7.7
v 1.5 7 -7.7
v 1.6 7 -7.7
v 1.7 7 -7.7
v 1.9 7 -7.7
v 2 7 -7.7
v 2.1 7 -7.7
v 2.2 7 -7.7
v 2.3 7 -7.7
v 2.6 7 -7.7
v 2.7 7 -7.7
v 2.8 7 -7.7
v 2.9 7 -7.7
v 3 7 -7.7
v 3.1 7 -7.7
v 3.4 7 -7.7
v 3.5 7 -7.7
v -2.3 7.1 -6.8
v -1.8 7.1 -6.8
v -1.1 7.1 -6.8
v -1 7.1 -6.8
v -0.9 7.1 -6.8
v -0.7 7.1 -6.8
v -0.6 7.1 -6.8
v -0.4 7.1 -6.8
v -0.3 7.1 -6.8
v -0.0999999 7.1 -6.8
v 0 7.1 -6.8
v 0.2 7.1 -6.8
v 0.3 7.1 -6.8
v 0.4 7.1 -6.8
v 0.5 7.1 -6.8
v 0.6 7.1 -6.8
v 0.7 7.1 -6.8
v 0.9 7.1 -6.8
v 1.1 7.1 -6.8
v 1.2 7.1 -6.8
v 1.3 7.1 -6.8
v 1.4 7.1 -6.8
v 1.7 7.1 -6.8
v 1.8 7.1 -6.8
v 2 7.1 -6.8
v 2.2 7.1 -6.8
v 2.4 7.1 -6.8
v 2.5 7.1 -6.8
v 2.6 7.1 -6.8
v 2.7 7.1 -6.8
v 2.8 7.1 -6.8
v 3 7.1 -6.8
v 3.1 7.1 -6.8
v 3.2 7.1 -6.8
v 3.4 7.1 -6.8
v 3.5 7.1 -6.8
v -2.3 7.1 -6.9
v -1.8 7.1 -6.9
v -1.7 7.1 -6.9
v -1.6 7.1 -6.9
v -1.4 7.1 -6.9
v -1.3 7.1 -6.9
v -1.2 7.1 -6.9
v -1.1 7.1 -6.9
v -1 7.1 -6.9
v -0.9 7.1 -6.9
v -0.7 7.1 -6.9
v -0.6 7.1 -6.9
v -0.4 7.1 -6.9
v -0.3 7.1 -6.9
v -0.0999999 7.1 -6.9
v 0 7.1 -6.9
v 0.2 7.1 -6.9
v 0.3 7.1 -6.9
v 0.4 7.1 -6.9
v 0.5 7.1 -6.9
v 0.6 7.1 -6.9
v 0.7 7.1 -6.9
v 0.8 7.1 -6.9
v 0.9 7.1 -6.9
v 1.1 7.1 -6.9
v 1.2 7.1 -6.9
v 1.3 7.1 -6.9
v 1.4 7.1 -6.9
v 1.5 7.1 -6.9
v 1.7 7.1 -6.9
v 1.8 7.1 -6.9
v 1.9 7.1 -6.9
v 2 7.1 -6.9
v 2.1 7.1 -6.9
v 2.2 7.1 -6.9
v 2.4 7.1 -6.9
v 2.5 7.1 -6.9
v 2.6 7.1 -6.9
v 2.7 7.1 -6.9
v 2.8 7.1 -6.9
v 2.9 7.1 -6.9
v 3 7.1 -6.9
v 3.1 7.1 -6.9
v 3.2 7.1 -6.9
v 3.4 7.1 -6.9
v 3.5 7.1 -6.9
v -2.3 7.3 -6.9
v -1.8 7.3 -6.9
v -1.7 7.3 -6.9
v -1.6 7.3 -6.9
v -1.5 7.3 -6.9
v -1.4 7.3 -6.9
v -1.2 7.3 -6.9
v -1.1 7.3 -6.9
v -1 7.3 -6.9
v -0.9 7.3 -6.9
v -0.8 7.3 -6.9
v -0.6 7.3 -6.9
v 0.3 7.3 -6.9
v 0.4 7.3 -6.9
v 0.5 7.3 -6.9
v 0.8 7.3 -6.9
v 1.2 7.3 -6.9
v 1.3 7.3 -6.9
v 2.3 7.3 -6.9
v 2.4 7.3 -6.9
v 2.6 7.3 -6.9
v 2.7 7.3 -6.9
v 2.8 7.3 -6.9
v 2.9 7.3 -6.9
v 3.2 7.3 -6.9
v 3.3 7.3 -6.9
v 3.4 7.3 -6.9
v 3.5 7.3 -6.9
v -2.3 7.3 -7
v -1.8 7.3 -7
v -1.7 7.3 -7
v -1.6 7.3 -7
v -1.5 7.3 -7
v -1.4 7.3 -7
v -1.3 7.3 -7
v -1.2 7.3 -7
v -1.1 7.3 -7
v -1 7.3 -7
v -0.9 7.3 -7
v -0.8 7.3 -7
v -0.7 7.3 -7
v -0.6 7.3 -7
v -0.4 7.3 -7
v -0.3 7.3 -7
v 0 7.3 -7
v 0.2 7.3 -7
v 0.3 7.3 -7
v 0.4 7.3 -7
v 0.5 7.3 -7
v 0.6 7.3 -7
v 0.7 7.3 -7
v 0.8 7.3 -7
v 0.9 7.3 -7
v 1.2 7.3 -7
v 1.3 7.3 -7
v 1.8 7.3 -7
v 1.9 7.3 -7
v 2.1 7.3 -7
v 2.3 7.3 -7
v 2.4 7.3 -7
v 2.5 7.3 -7
v 2.6 7.3 -7
v 2.7 7.3 -7
v 2.8 7.3 -7
v 2.9 7.3 -7
v 3.2 7.3 -7
v 3.3 7.3 -7
v 3.4 7.3 -7
v 3.5 7.3 -7
v -2.3 7.3 -7.5
v -1.8 7.3 -7.5
v -1.7 7.3 -7.5
v -1.6 7.3 -7.5
v -1.5 7.3 -7.5
v -1.4 7.3 -7.5
v -1.3 7.3 -7.5
v -1.2 7.3 -7.5
v -1.1 7.3 -7.5
v -1 7.3 -7.5
v -0.9 7.3 -7.5
v -0.8 7.3 -7.5
v -0.7 7.3 -7.5
v -0.6 7.3 -7.5
v -0.5 7.3 -7.5
v -0.4 7.3 -7.5
v -0.0999999 7.3 -7.5
v 0.1 7.3 -7.5
v 0.2 7.3 -7.5
v 0.3 7.3 -7.5
v 0.4 7.3 -7.5
v 0.5 7.3 -7.5
v 0.6 7.3 -7.5
v 0.8 7.3 -7.5
v 0.9 7.3 -7.5
v 1 7.3 -7.5
v 1.1 7.3 -7.5
v 1.2 7.3 -7.5
v 1.3 7.3 -7.5
v 1.4 7.3 -7.5
v 1.5 7.3 -7.5
v 1.6 7.3 -7.5
v 1.7 7.3 -7.5
v 1.8 7.3 -7.5
v 1.9 7.3 -7.5
v 2.1 7.3 -7.5
v 2.2 7.3 -7.5
v 2.3 7.3 -7.5
v 2.4 7.3 -7.5
v 2.5 7.3 -7.5
v 2.6 7.3 -7.5
v 2.7 7.3 -7.5
v 2.9 7.3 -7.5
v 3 7.3 -7.5
v 3.1 7.3 -7.5
v 3.2 7.3 -7.5
v 3.4 7.3 -7.5
v 3.5 7.3 -7.5
v -2.3 7.3 -7.6
v -1.8 7.3 -7.6
v -1.7 7.3 -7.6
v -1.6 7.3 -7.6
v -1.5 7.3 -7.6
v -1.4 7.3 -7.6
v -1.2 7.3 -7.6
v -1.1 7.3 -7.6
v -1 7.3 -7.6
v -0.9 7.3 -7.6
v -0.8 7.3 -7.6
v -0.7 7.3 -7.6
v -0.6 7.3 -7.6
v -0.5 7.3 -7.6
v 0.3 7.3 -7.6
v 0.4 7.3 -7.6
v 0.5 7.3 -7.6
v 0.8 7.3 -7.6
v 1.3 7.3 -7.6
v 1.4 7.3 -7.6
v 1.5 7.3 -7.6
v 1.6 7.3 -7.6
v 1.9 7.3 -7.6
v 2.1 7.3 -7.6
v 2.4 7.3 -7.6
v 2.6 7.3 -7.6
v 2.7 7.3 -7.6
v 2.9 7.3 -7.6
v 3.2 7.3 -7.6
v 3.4 7.3 -7.6
v 3.5 7.3 -7.6
v -2.3 7.5 -7
v -1.8 7.5 -7
v -1.6 7.5 -7
v -1.5 7.5 -7
v -1.3 7.5 -7
v -1.2 7.5 -7
v -0.9 7.5 -7
v -0.8 7.5 -7
v -0.5 7.5 -7
v -0.3 7.5 -7
v -0.2 7.5 -7
v -0.0999999 7.5 -7
v 0 7.5 -7
v 0.1 7.5 -7
v 0.2 7.5 -7
v 0.3 7.5 -7
v 0.6 7.5 -7
v 0.7 7.5 -7
v 0.8 7.5 -7
v 1.1 7.5 -7
v 1.2 7.5 -7
v 1.3 7.5 -7
v 1.5 7.5 -7
v 1.8 7.5 -7
v 1.9 7.5 -7
v 2.3 7.5 -7
v 2.5 7.5 -7
v 2.9 7.5 -7
v 3.2 7.5 -7
v 3.3 7.5 -7
v 3.4 7.5 -7
v 3.5 7.5 -7
v -2.3 7.5 -7.1
v -1.8 7.5 -7.1
v -1.6 7.5 -7.1
v -1.5 7.5 -7.1
v -1.4 7.5 -7.1
v -1.3 7.5 -7.1
v -1.2 7.5 -7.1
v -1.1 7.5 -7.1
v -1 7.5 -7.1
v -0.9 7.5 -7.1
v -0.8 7.5 -7.1
v -0.7 7.5 -7.1
v -0.6 7.5 -7.1
v -0.5 7.5 -7.1
v -0.4 7.5 -7.1
v -0.3 7.5 -7.1
v -0.2 7.5 -7.1
v -0.0999999 7.5 -7.1
v 0 7.5 -7.1
v 0.1 7.5 -7.1
v 0.2 7.5 -7.1
v 0.3 7.5 -7.1
v 0.4 7.5 -7.1
v 0.6 7.5 -7.1
v 0.7 7.5 -7.1
v 0.8 7.5 -7.1
v 0.9 7.5 -7.1
v 1 7.5 -7.1
v 1.1 7.5 -7.1
v 1.2 7.5 -7.1
v 1.3 7.5 -7.1
v 1.4 7.5 -7.1
v 1.5 7.5 -7.1
v 1.6 7.5 -7.1
v 1.7 7.5 -7.1
v 1.8 7.5 -7.1
v 1.9 7.5 -7.1
v 2 7.5 -7.1
v 2.2 7.5 -7.1
v 2.3 7.5 -7.1
v 2.4 7.5 -7.1
v 2.5 7.5 -7.1
v 2.7 7.5 -7.1
v 2.9 7.5 -7.1
v 3 7.5 -7.1
v 3.2 7.5 -7.1
v 3.3 7.5 -7.1
v 3.4 7.5 -7.1
v 3.5 7.5 -7.1
v -2.3 7.5 -7.4
v -1.8 7.5 -7.4
v -1.5 7.5 -7.4
v -1.4 7.5 -7.4
v -1.2 7.5 -7.4
v -1.1 7.5 -7.4
v -1 7.5 -7.4
v -0.9 7.5 -7.4
v -0.8 7.5 -7.4
v -0.7 7.5 -7.4
v -0.6 7.5 -7.4
v -0.5 7.5 -7.4
v -0.4 7.5 -7.4
v -0.3 7.5 -7.4
v -0.2 7.5 -7.4
v -0.0999999 7.5 -7.4
v 0.1 7.5 -7.4
v 0.2 7.5 -7.4
v 0.3 7.5 -7.4
v 0.4 7.5 -7.4
v 0.5 7.5 -7.4
v 0.6 7.5 -7.4
v 0.7 7.5 -7.4
v 0.8 7.5 -7.4
v 0.9 7.5 -7.4
v 1 7.5 -7.4
v 1.1 7.5 -7.4
v 1.2 7.5 -7.4
v 1.3 7.5 -7.4
v 1.4 7.5 -7.4
v 1.5 7.5 -7.4
v 1.6 7.5 -7.4
v 1.7 7.5 -7.4
v 1.8 7.5 -7.4
v 1.9 7.5 -7.4
v 2 7.5 -7.4
v 2.1 7.5 -7.4
v 2.2 7.5 -7.4
v 2.3 7.5 -7.4
v 2.4 7.5 -7.4
v 2.5 7.5 -7.4
v 2.6 7.5 -7.4
v 2.7 7.5 -7.4
v 2.8 7.5 -7.4
v 2.9 7.5 -7.4
v 3 7.5 -7.4
v 3.2 7.5 -7.4
v 3.3 7.5 -7.4
v 3.4 7.5 -7.4
v 3.5 7.5 -7.4
v -2.3 7.5 -7.5
v -1.8 7.5 -7.5
v -1.5 7.5 -7.5
v -1.4 7.5 -7.5
v -1.2 7.5 -7.5
v -1.1 7.5 -7.5
v -1 7.5 -7.5
v -0.9 7.5 -7.5
v -0.8 7.5 -7.5
v -0.7 7.5 -7.5
v -0.6 7.5 -7.5
v -0.5 7.5 -7.5
v -0.3 7.5 -7.5
v 0.2 7.5 -7.5
v 0.4 7.5 -7.5
v 0.6 7.5 -7.5
v 0.7 7.5 -7.5
v 0.8 7.5 -7.5
v 0.9 7.5 -7.5
v 1 7.5 -7.5
v 1.1 7.5 -7.5
v 1.2 7.5 -7.5
v 1.3 7.5 -7.5
v 1.4 7.5 -7.5
v 1.5 7.5 -7.5
v 1.8 7.5 -7.5
v 1.9 7.5 -7.5
v 2.1 7.5 -7.5
v 2.2 7.5 -7.5
v 2.3 7.5 -7.5
v 2.4 7.5 -7.5
v 2.5 7.5 -7.5
v 2.7 7.5 -7.5
v 2.9 7.5 -7.5
v 3 7.5 -7.5
v 3.3 7.5 -7.5
v 3.4 7.5 -7.5
v 3.5 7.5 -7.5
v -2.3 7.9 -7.1
v -1.8 7.9 -7.1
v -1.7 7.9 -7.1
v -1.5 7.9 -7.1
v -1.3 7.9 -7.1
v -1.2 7.9 -7.1
v -1.1 7.9 -7.1
v -1 7.9 -7.1
v -0.9 7.9 -7.1
v -0.8 7.9 -7.1
v -0.7 7.9 -7.1
v -0.5 7.9 -7.1
v -0.3 7.9 -7.1
v -0.2 7.9 -7.1
v 0 7.9 -7.1
v 0.1 7.9 -7.1
v 0.9 7.9 -7.1
v 1 7.9 -7.1
v 1.1 7.9 -7.1
v 1.3 7.9 -7.1
v 1.6 7.9 -7.1
v 1.7 7.9 -7.1
v 2 7.9 -7.1
v 2.1 7.9 -7.1
v 2.2 7.9 -7.1
v 2.4 7.9 -7.1
v 2.5 7.9 -7.1
v 2.6 7.9 -7.1
v 2.8 7.9 -7.1
v 2.9 7.9 -7.1
v 3.3 7.9 -7.1
v 3.4 7.9 -7.1
v 3.5 7.9 -7.1
v -1.5 7.9 -7.2
v -1.4 7.9 -7.2
v -1.3 7.9 -7.2
v -1.2 7.9 -7.2
v -1.1 7.9 -7.2
v -1 7.9 -7.2
v -0.9 7.9 -7.2
v -0.8 7.9 -7.2
v -0.7 7.9 -7.2
v -0.5 7.9 -7.2
v -0.3 7.9 -7.2
v -0.2 7.9 -7.2
v -0.0999999 7.9 -7.2
v 0 7.9 -7.2
v 0.1 7.9 -7.2
v 0.2 7.9 -7.2
v 0.5 7.9 -7.2
v 0.6 7.9 -7.2
v 0.7 7.9 -7.2
v 0.8 7.9 -7.2
v 0.9 7.9 -7.2
v 1 7.9 -7.2
v 1.1 7.9 -7.2
v 1.2 7.9 -7.2
v 1.3 7.9 -7.2
v 1.7 7.9 -7.2
v 1.8 7.9 -7.2
v 2 7.9 -7.2
v 2.1 7.9 -7.2
v 2.2 7.9 -7.2
v 2.3 7.9 -7.2
v 2.7 7.9 -7.2
v 2.8 7.9 -7.2
v 2.9 7.9 -7.2
v 3.1 7.9 -7.2
v 3.3 7.9 -7.2
v -1.6 7.9 -7.3
v -1.5 7.9 -7.3
v -1.4 7.9 -7.3
v -1.2 7.9 -7.3
v -1.1 7.9 -7.3
v -1 7.9 -7.3
v -0.9 7.9 -7.3
v -0.8 7.9 -7.3
v -0.7 7.9 -7.3
v -0.6 7.9 -7.3
v -0.5 7.9 -7.3
v -0.3 7.9 -7.3
v -0.0999999 7.9 -7.3
v 0 7.9 -7.3
v 0.1 7.9 -7.3
v 0.2 7.9 -7.3
v 0.4 7.9 -7.3
v 0.5 7.9 -7.3
v 0.6 7.9 -7.3
v 0.7 7.9 -7.3
v 0.8 7.9 -7.3
v 0.9 7.9 -7.3
v 1 7.9 -7.3
v 1.1 7.9 -7.3
v 1.2 7.9 -7.3
v 1.3 7.9 -7.3
v 1.4 7.9 -7.3
v 1.6 7.9 -7.3
v 1.7 7.9 -7.3
v 1.8 7.9 -7.3
v 1.9 7.9 -7.3
v 2 7.9 -7.3
v 2.1 7.9 -7.3
v 2.2 7.9 -7.3
v 2.3 7.9 -7.3
v 2.4 7.9 -7.3
v 2.5 7.9 -7.3
v 2.6 7.9 -7.3
v 2.7 7.9 -7.3
v 2.8 7.9 -7.3
v 2.9 7.9 -7.3
v 3.1 7.9 -7.3
v 3.2 7.9 -7.3
v 3.3 7.9 -7.3
v 3.4 7.9 -7.3
v -2.3 7.9 -7.4
v -1.8 7.9 -7.4
v -1.7 7.9 -7.4
v -1.6 7.9 -7.4
v -1.4 7.9 -7.4
v -1.2 7.9 -7.4
v -1.1 7.9 -7.4
v -1 7.9 -7.4
v -0.9 7.9 -7.4
v -0.8 7.9 -7.4
v -0.7 7.9 -7.4
v -0.6 7.9 -7.4
v -0.5 7.9 -7.4
v -0.3 7.9 -7.4
v -0.2 7.9 -7.4
v -0.0999999 7.9 -7.4
v 0.1 7.9 -7.4
v 0.4 7.9 -7.4
v 0.5 7.9 -7.4
v 0.7 7.9 -7.4
v 0.8 7.9 -7.4
v 0.9 7.9 -7.4
v 1 7.9 -7.4
v 1.1 7.9 -7.4
v 1.2 7.9 -7.4
v 1.3 7.9 -7.4
v 1.4 7.9 -7.4
v 1.6 7.9 -7.4
v 1.7 7.9 -7.4
v 1.8 7.9 -7.4
v 1.9 7.9 -7.4
v 2.1 7.9 -7.4
v 2.2 7.9 -7.4
v 2.3 7.9 -7.4
v 2.4 7.9 -7.4
v 2.7 7.9 -7.4
v 2.8 7.9 -7.4
v 3.1 7.9 -7.4
v 3.2 7.9 -7.4
v 3.3 7.9 -7.4
v 3.4 7.9 -7.4
v 3.5 7.9 -7.4

# faces
f 3/8/1 2/8/1 1/8/1
f 4/8/1 2/8/1 3/8/1
f 7/8/1 6/8/1 5/8/1
f 8/8/1 6/8/1 7/8/1
f 11/8/1 10/8/1 9/8/1
f 12/8/1 10/8/1 11/8/1
f 15/8/1 14/8/1 13/8/1
f 16/8/1 14/8/1 15/8/1
f 19/8/1 18/8/1 17/8/1
f 20/8/1 18/8/1 19/8/1
f 23/8/1 22/8/1 21/8/1
f 24/8/1 22/8/1 23/8/1
f 27/8/1 26/8/1 25/8/1
f 28/8/1 26/8/1 27/8/1
f 31/8/1 30/8/1 29/8/1
f 32/8/1 30/8/1 31/8/1
f 35/8/1 34/8/1 33/8/1
f 36/8/1 34/8/1 35/8/1
f 41/8/1 38/8/1 37/8/1
f 41/8/1 40/8/1 39/8/1
f 41/8/1 39/8/1 38/8/1
f 42/8/1 40/8/1 41/8/1
f 43/8/1 41/8/1 37/8/1
f 44/8/1 40/8/1 42/8/1
f 45/8/1 43/8/1 37/8/1
f 45/8/1 44/8/1 43/8/1
f 46/8/1 40/8/1 44/8/1
f 46/8/1 44/8/1 45/8/1
f 47/8/1 45/8/1 37/8/1
f 49/8/1 47/8/1 37/8/1
f 49/11/1 48/11/1 47/11/1
f 50/11/1 48/11/1 49/11/1
f 51/8/1 49/8/1 37/8/1
f 52/8/1 40/8/1 46/8/1
f 53/8/1 51/8/1 37/8/1
f 53/8/1 52/8/1 51/8/1
f 54/8/1 40/8/1 52/8/1
f 54/8/1 52/8/1 53/8/1
f 55/8/1 53/8/1 37/8/1
f 56/8/1 40/8/1 54/8/1
f 57/8/1 55/8/1 37/8/1
f 57/8/1 56/8/1 55/8/1
f 58/8/1 40/8/1 56/8/1
f 58/8/1 56/8/1 57/8/1
f 63/8/1 60/8/1 59/8/1
f 64/8/1 60/8/1 63/8/1
f 66/8/1 62/8/1 61/8/1
f 67/8/1 62/8/1 66/8/1
f 68/8/1 62/8/1 67/8/1
f 70/8/1 66/8/1 65/8/1
f 70/8/1 67/8/1 66/8/1
f 71/8/1 60/8/1 64/8/1
f 73/8/1 71/8/1 64/8/1
f 73/8/1 72/8/1 71/8/1
f 74/8/1 72/8/1 73/8/1
f 76/8/1 70/8/1 69/8/1
f 77/8/1 67/8/1 70/8/1
f 77/8/1 70/8/1 76/8/1
f 78/8/1 67/8/1 77/8/1
f 79/8/1 72/8/1 74/8/1
f 81/8/1 79/8/1 74/8/1
f 81/8/1 80/8/1 79/8/1
f 82/8/1 80/8/1 81/8/1
f 84/8/1 76/8/1 75/8/1
f 84/8/1 77/8/1 76/8/1
f 85/8/1 77/8/1 84/8/1
f 86/8/1 77/8/1 85/8/1
f 87/8/1 80/8/1 82/8/1
f 90/8/1 85/8/1 84/8/1
f 90/8/1 84/8/1 83/8/1
f 91/8/1 85/8/1 90/8/1
f 92/8/1 85/8/1 91/8/1
f 93/8/1 88/8/1 87/8/1
f 93/8/1 87/8/1 82/8/1
f 94/8/1 88/8/1 93/8/1
f 95/8/1 88/8/1 94/8/1
f 96/8/1 88/8/1 95/8/1
f 97/8/1 88/8/1 96/8/1
f 99/8/1 91/8/1 90/8/1
f 99/8/1 90/8/1 89/8/1
f 100/8/1 91/8/1 99/8/1
f 101/8/1 98/8/1 97/8/1
f 101/8/1 97/8/1 96/8/1
f 102/8/1 98/8/1 101/8/1
f 103/8/1 98/8/1 102/8/1
f 106/8/1 99/8/1 89/8/1
f 107/8/1 99/8/1 106/8/1
f 108/8/1 99/8/1 107/8/1
f 109/8/1 104/8/1 103/8/1
f 109/8/1 103/8/1 102/8/1
f 112/8/1 107/8/1 106/8/1
f 112/8/1 106/8/1 105/8/1
f 113/8/1 110/8/1 109/8/1
f 113/8/1 109/8/1 102/8/1
f 114/8/1 110/8/1 113/8/1
f 115/8/1 112/8/1 111/8/1
f 115/8/1 107/8/1 112/8/1
f 116/8/1 107/8/1 115/8/1
f 117/8/1 110/8/1 114/8/1
f 119/8/1 117/8/1 114/8/1
f 119/8/1 118/8/1 117/8/1
f 120/8/1 118/8/1 119/8/1
f 122/8/1 115/8/1 111/8/1
f 123/8/1 115/8/1 122/8/1
f 124/8/1 115/8/1 123/8/1
f 125/8/1 118/8/1 120/8/1
f 128/8/1 123/8/1 122/8/1
f 128/8/1 122/8/1 121/8/1
f 129/8/1 126/8/1 125/8/1
f 131/8/1 125/8/1 120/8/1
f 131/8/1 130/8/1 129/8/1
f 131/8/1 129/8/1 125/8/1
f 132/8/1 130/8/1 131/8/1
f 134/8/1 128/8/1 127/8/1
f 135/8/1 123/8/1 128/8/1
f 135/8/1 128/8/1 134/8/1
f 136/8/1 123/8/1 135/8/1
f 137/8/1 130/8/1 132/8/1
f 139/8/1 137/8/1 132/8/1
f 139/8/1 138/8/1 137/8/1
f 140/8/1 138/8/1 139/8/1
f 142/8/1 134/8/1 133/8/1
f 142/8/1 135/8/1 134/8/1
f 143/8/1 135/8/1 142/8/1
f 144/8/1 135/8/1 143/8/1
f 145/8/1 138/8/1 140/8/1
f 147/8/1 143/8/1 142/8/1
f 147/8/1 142/8/1 141/8/1
f 148/8/1 143/8/1 147/8/1
f 149/8/1 146/8/1 145/8/1
f 149/8/1 145/8/1 140/8/1
f 150/8/1 146/8/1 149/8/1
f 152/8/1 147/8/1 141/8/1
f 153/8/1 146/8/1 150/8/1
f 154/8/1 146/8/1 153/8/1
f 155/8/1 152/8/1 151/8/1
f 155/8/1 147/8/1 152/8/1
f 156/8/1 147/8/1 155/8/1
f 157/8/1 146/8/1 154/8/1
f 158/8/1 155/8/1 151/8/1
f 159/8/1 157/8/1 154/8/1
f 159/8/1 158/8/1 157/8/1
f 160/8/1 158/8/1 159/8/1
f 161/8/1 155/8/1 158/8/1
f 161/8/1 158/8/1 160/8/1
f 162/8/1 155/8/1 161/8/1
f 163/8/1 161/8/1 160/8/1
f 164/8/1 161/8/1 163/8/1
f 171/4/1 166/4/1 165/4/1
f 172/8/1 167/8/1 166/8/1
f 172/4/1 166/4/1 171/4/1
f 173/4/1 168/4/1 167/4/1
f 173/8/1 167/8/1 172/8/1
f 174/8/1 169/8/1 168/8/1
f 174/4/1 168/4/1 173/4/1
f 175/4/1 170/4/1 169/4/1
f 175/8/1 169/8/1 174/8/1
f 176/4/1 170/4/1 175/4/1
f 179/8/1 178/8/1 177/8/1
f 180/8/1 178/8/1 179/8/1
f 182/8/1 178/8/1 180/8/1
f 183/8/1 182/8/1 181/8/1
f 184/8/1 178/8/1 182/8/1
f 184/8/1 182/8/1 183/8/1
f 191/4/1 186/4/1 185/4/1
f 191/8/1 187/8/1 186/8/1
f 192/4/1 188/4/1 187/4/1
f 192/8/1 187/8/1 191/8/1
f 193/4/1 188/4/1 192/4/1
f 194/4/1 188/4/1 193/4/1
f 195/8/1 189/8/1 188/8/1
f 195/4/1 188/4/1 194/4/1
f 196/4/1 190/4/1 189/4/1
f 196/8/1 189/8/1 195/8/1
f 197/4/1 192/4/1 191/4/1
f 197/8/1 193/8/1 192/8/1
f 198/4/1 194/4/1 193/4/1
f 198/8/1 193/8/1 197/8/1
f 199/8/1 195/8/1 194/8/1
f 199/4/1 194/4/1 198/4/1
f 200/4/1 196/4/1 195/4/1
f 200/8/1 195/8/1 199/8/1
f 201/4/1 198/4/1 197/4/1
f 201/4/1 197/4/1 191/4/1
f 201/4/1 191/4/1 185/4/1
f 202/8/1 199/8/1 198/8/1
f 202/4/1 198/4/1 201/4/1
f 203/4/1 200/4/1 199/4/1
f 203/8/1 199/8/1 202/8/1
f 204/4/1 196/4/1 200/4/1
f 204/4/1 200/4/1 203/4/1
f 204/4/1 190/4/1 196/4/1
f 208/8/1 206/8/1 205/8/1
f 209/8/1 206/8/1 208/8/1
f 211/8/1 208/8/1 207/8/1
f 212/8/1 208/8/1 211/8/1
f 213/8/1 210/8/1 209/8/1
f 214/8/1 210/8/1 213/8/1
f 216/8/1 211/8/1 207/8/1
f 217/8/1 211/8/1 216/8/1
f 218/8/1 210/8/1 214/8/1
f 219/8/1 210/8/1 218/8/1
f 221/8/1 216/8/1 215/8/1
f 222/8/1 216/8/1 221/8/1
f 225/8/1 220/8/1 219/8/1
f 226/8/1 220/8/1 225/8/1
f 227/8/1 223/8/1 222/8/1
f 230/8/1 225/8/1 224/8/1
f 231/8/1 228/8/1 227/8/1
f 231/8/1 227/8/1 222/8/1
f 232/8/1 228/8/1 231/8/1
f 233/8/1 230/8/1 229/8/1
f 234/8/1 225/8/1 230/8/1
f 234/8/1 230/8/1 233/8/1
f 235/8/1 233/8/1 232/8/1
f 236/8/1 233/8/1 235/8/1
f 241/8/1 238/8/1 237/8/1
f 242/8/1 238/8/1 241/8/1
f 243/8/1 238/8/1 242/8/1
f 244/8/1 240/8/1 239/8/1
f 245/8/1 240/8/1 244/8/1
f 246/8/1 240/8/1 245/8/1
f 252/4/1 248/4/1 247/4/1
f 253/4/1 250/4/1 249/4/1
f 256/4/1 252/4/1 251/4/1
f 257/4/1 254/4/1 253/4/1
f 259/4/1 256/4/1 255/4/1
f 260/8/1 249/8/1 248/8/1
f 260/4/1 256/4/1 259/4/1
f 260/4/1 248/4/1 252/4/1
f 260/4/1 252/4/1 256/4/1
f 261/4/1 258/4/1 257/4/1
f 261/8/1 249/8/1 260/8/1
f 261/4/1 257/4/1 253/4/1
f 261/4/1 253/4/1 249/4/1
f 262/4/1 258/4/1 261/4/1
f 263/8/1 260/8/1 259/8/1
f 263/8/1 261/8/1 260/8/1
f 263/8/1 262/8/1 261/8/1
f 264/8/1 262/8/1 263/8/1
f 265/8/1 262/8/1 264/8/1
f 266/8/1 262/8/1 265/8/1
f 267/4/1 264/4/1 263/4/1
f 268/4/1 264/4/1 267/4/1
f 269/4/1 266/4/1 265/4/1
f 270/4/1 266/4/1 269/4/1
f 271/4/1 264/4/1 268/4/1
f 272/4/1 264/4/1 271/4/1
f 273/4/1 269/4/1 265/4/1
f 274/4/1 269/4/1 273/4/1
f 275/4/1 264/4/1 272/4/1
f 276/8/1 265/8/1 264/8/1
f 276/4/1 264/4/1 275/4/1
f 277/4/1 273/4/1 265/4/1
f 277/8/1 265/8/1 276/8/1
f 278/4/1 273/4/1 277/4/1
f 281/8/1 280/8/1 279/8/1
f 282/8/1 280/8/1 281/8/1
f 283/2/1 282/2/1 281/2/1
f 284/2/1 282/2/1 283/2/1
f 285/3/1 284/3/1 283/3/1
f 286/3/1 284/3/1 285/3/1
f 287/2/1 286/2/1 285/2/1
f 288/2/1 286/2/1 287/2/1
f 289/3/1 288/3/1 287/3/1
f 290/3/1 288/3/1 289/3/1
f 291/2/1 290/2/1 289/2/1
f 292/2/1 290/2/1 291/2/1
f 293/3/1 292/3/1 291/3/1
f 294/3/1 292/3/1 293/3/1
f 295/2/1 294/2/1 293/2/1
f 296/2/1 294/2/1 295/2/1
f 297/3/1 296/3/1 295/3/1
f 298/3/1 296/3/1 297/3/1
f 299/2/1 298/2/1 297/2/1
f 300/2/1 298/2/1 299/2/1
f 301/3/1 300/3/1 299/3/1
f 302/3/1 300/3/1 301/3/1
f 303/2/1 302/2/1 301/2/1
f 304/2/1 302/2/1 303/2/1
f 305/3/1 304/3/1 303/3/1
f 306/3/1 304/3/1 305/3/1
f 308/2/1 306/2/1 305/2/1
f 309/2/1 306/2/1 308/2/1
f 311/2/1 309/2/1 308/2/1
f 311/2/1 310/2/1 309/2/1
f 311/2/1 308/2/1 307/2/1
f 312/2/1 310/2/1 311/2/1
f 313/2/1 311/2/1 307/2/1
f 314/2/1 311/2/1 313/2/1
f 315/3/1 314/3/1 313/3/1
f 316/3/1 314/3/1 315/3/1
f 317/3/1 314/3/1 316/3/1
f 318/2/1 316/2/1 315/2/1
f 319/2/1 316/2/1 318/2/1
f 320/2/1 316/2/1 319/2/1
f 321/2/1 316/2/1 320/2/1
f 322/2/1 316/2/1 321/2/1
f 323/2/1 316/2/1 322/2/1
f 324/2/1 320/2/1 319/2/1
f 325/2/1 320/2/1 324/2/1
f 326/2/1 320/2/1 325/2/1
f 327/2/1 320/2/1 326/2/1
f 328/2/1 322/2/1 321/2/1
f 329/2/1 322/2/1 328/2/1
f 330/2/1 322/2/1 329/2/1
f 331/3/1 326/3/1 325/3/1
f 332/3/1 326/3/1 331/3/1
f 333/3/1 330/3/1 329/3/1
f 334/3/1 330/3/1 333/3/1
f 335/3/1 330/3/1 334/3/1
f 336/2/1 332/2/1 331/2/1
f 337/2/1 332/2/1 336/2/1
f 338/2/1 334/2/1 333/2/1
f 339/2/1 334/2/1 338/2/1
f 340/2/1 336/2/1 331/2/1
f 341/2/1 336/2/1 340/2/1
f 342/2/1 334/2/1 339/2/1
f 343/2/1 334/2/1 342/2/1
f 344/2/1 336/2/1 341/2/1
f 345/2/1 336/2/1 344/2/1
f 346/2/1 342/2/1 339/2/1
f 347/2/1 342/2/1 346/2/1
f 348/3/1 345/3/1 344/3/1
f 349/3/1 345/3/1 348/3/1
f 350/3/1 347/3/1 346/3/1
f 351/3/1 347/3/1 350/3/1
f 352/2/1 349/2/1 348/2/1
f 353/2/1 349/2/1 352/2/1
f 354/2/1 349/2/1 353/2/1
f 357/2/1 351/2/1 350/2/1
f 358/2/1 355/2/1 354/2/1
f 358/2/1 354/2/1 353/2/1
f 359/2/1 355/2/1 358/2/1
f 360/2/1 355/2/1 359/2/1
f 363/2/1 357/2/1 356/2/1
f 364/2/1 351/2/1 357/2/1
f 364/2/1 357/2/1 363/2/1
f 365/2/1 351/2/1 364/2/1
f 366/3/1 361/3/1 360/3/1
f 366/3/1 360/3/1 359/3/1
f 367/3/1 361/3/1 366/3/1
f 368/3/1 363/3/1 362/3/1
f 368/3/1 364/3/1 363/3/1
f 369/3/1 364/3/1 368/3/1
f 370/2/1 367/2/1 366/2/1
f 370/2/1 368/2/1 367/2/1
f 370/2/1 369/2/1 368/2/1
f 371/2/1 369/2/1 370/2/1
f 372/2/1 369/2/1 371/2/1
f 373/2/1 369/2/1 372/2/1
f 374/2/1 372/2/1 371/2/1
f 375/2/1 372/2/1 374/2/1
f 376/3/1 375/3/1 374/3/1
f 377/3/1 375/3/1 376/3/1
f 378/3/1 375/3/1 377/3/1
f 379/2/1 378/2/1 377/2/1
f 380/2/1 378/2/1 379/2/1
f 381/2/1 379/2/1 377/2/1
f 382/2/1 379/2/1 381/2/1
f 383/2/1 379/2/1 382/2/1
f 384/2/1 379/2/1 383/2/1
f 385/2/1 379/2/1 384/2/1
f 386/3/1 384/3/1 383/3/1
f 387/3/1 384/3/1 386/3/1
f 388/3/1 384/3/1 387/3/1
f 389/2/1 388/2/1 387/2/1
f 390/2/1 388/2/1 389/2/1
f 391/2/1 389/2/1 387/2/1
f 392/2/1 389/2/1 391/2/1
f 393/2/1 389/2/1 392/2/1
f 394/2/1 389/2/1 393/2/1
f 395/2/1 389/2/1 394/2/1
f 396/3/1 394/3/1 393/3/1
f 397/3/1 394/3/1 396/3/1
f 398/2/1 397/2/1 396/2/1
f 399/2/1 397/2/1 398/2/1
f 400/2/1 397/2/1 399/2/1
f 401/2/1 397/2/1 400/2/1
f 402/2/1 400/2/1 399/2/1
f 403/2/1 400/2/1 402/2/1
f 406/9/1 405/9/1 404/9/1
f 407/9/1 405/9/1 406/9/1
f 410/9/1 409/9/1 408/9/1
f 411/9/1 409/9/1 410/9/1
f 414/9/1 413/9/1 412/9/1
f 415/9/1 413/9/1 414/9/1
f 418/9/1 417/9/1 416/9/1
f 419/9/1 417/9/1 418/9/1
f 422/9/1 421/9/1 420/9/1
f 423/9/1 421/9/1 422/9/1
f 428/8/1 425/8/1 424/8/1
f 429/8/1 425/8/1 428/8/1
f 430/8/1 427/8/1 426/8/1
f 431/8/1 427/8/1 430/8/1
f 432/8/1 428/8/1 424/8/1
f 433/8/1 425/8/1 429/8/1
f 434/8/1 430/8/1 426/8/1
f 435/8/1 427/8/1 431/8/1
f 436/8/1 432/8/1 424/8/1
f 436/8/1 433/8/1 432/8/1
f 437/8/1 425/8/1 433/8/1
f 437/8/1 433/8/1 436/8/1
f 438/8/1 435/8/1 434/8/1
f 438/8/1 434/8/1 426/8/1
f 439/8/1 427/8/1 435/8/1
f 439/8/1 435/8/1 438/8/1
f 442/8/1 441/8/1 440/8/1
f 443/8/1 442/8/1 440/8/1
f 444/8/1 443/8/1 440/8/1
f 445/8/1 444/8/1 440/8/1
f 446/8/1 445/8/1 440/8/1
f 451/8/1 446/8/1 440/8/1
f 452/8/1 451/8/1 440/8/1
f 453/8/1 452/8/1 440/8/1
f 454/8/1 453/8/1 440/8/1
f 455/8/1 454/8/1 440/8/1
f 456/8/1 455/8/1 440/8/1
f 457/8/1 456/8/1 440/8/1
f 458/4/1 448/4/1 447/4/1
f 459/4/1 448/4/1 458/4/1
f 460/4/1 450/4/1 449/4/1
f 461/4/1 450/4/1 460/4/1
f 462/8/1 457/8/1 440/8/1
f 463/8/1 462/8/1 440/8/1
f 492/8/1 463/8/1 440/8/1
f 493/8/1 463/8/1 492/8/1
f 494/8/1 465/8/1 464/8/1
f 495/4/1 466/4/1 465/4/1
f 495/8/1 465/8/1 494/8/1
f 496/6/1 467/6/1 466/6/1
f 496/4/1 466/4/1 495/4/1
f 497/4/1 468/4/1 467/4/1
f 497/6/1 467/6/1 496/6/1
f 498/5/1 469/5/1 468/5/1
f 498/4/1 468/4/1 497/4/1
f 499/7/1 470/7/1 469/7/1
f 499/5/1 469/5/1 498/5/1
f 500/6/1 471/6/1 470/6/1
f 500/7/1 470/7/1 499/7/1
f 501/4/1 472/4/1 471/4/1
f 501/6/1 471/6/1 500/6/1
f 502/6/1 473/6/1 472/6/1
f 502/4/1 472/4/1 501/4/1
f 503/7/1 474/7/1 473/7/1
f 503/6/1 473/6/1 502/6/1
f 504/4/1 475/4/1 474/4/1
f 504/7/1 474/7/1 503/7/1
f 505/7/1 476/7/1 475/7/1
f 505/4/1 475/4/1 504/4/1
f 506/6/1 477/6/1 476/6/1
f 506/7/1 476/7/1 505/7/1
f 507/4/1 478/4/1 477/4/1
f 507/6/1 477/6/1 506/6/1
f 508/5/1 479/5/1 478/5/1
f 508/4/1 478/4/1 507/4/1
f 509/7/1 480/7/1 479/7/1
f 509/5/1 479/5/1 508/5/1
f 510/4/1 481/4/1 480/4/1
f 510/7/1 480/7/1 509/7/1
f 511/5/1 482/5/1 481/5/1
f 511/4/1 481/4/1 510/4/1
f 512/6/1 483/6/1 482/6/1
f 512/5/1 482/5/1 511/5/1
f 513/5/1 484/5/1 483/5/1
f 513/6/1 483/6/1 512/6/1
f 514/4/1 485/4/1 484/4/1
f 514/5/1 484/5/1 513/5/1
f 515/7/1 486/7/1 485/7/1
f 515/4/1 485/4/1 514/4/1
f 516/6/1 487/6/1 486/6/1
f 516/7/1 486/7/1 515/7/1
f 517/4/1 488/4/1 487/4/1
f 517/6/1 487/6/1 516/6/1
f 518/6/1 489/6/1 488/6/1
f 518/4/1 488/4/1 517/4/1
f 519/5/1 490/5/1 489/5/1
f 519/6/1 489/6/1 518/6/1
f 520/7/1 491/7/1 490/7/1
f 520/5/1 490/5/1 519/5/1
f 521/5/1 492/5/1 491/5/1
f 521/7/1 491/7/1 520/7/1
f 522/5/1 492/5/1 521/5/1
f 525/8/1 524/8/1 523/8/1
f 527/8/1 525/8/1 523/8/1
f 527/8/1 526/8/1 525/8/1
f 528/8/1 526/8/1 527/8/1
f 529/8/1 526/8/1 528/8/1
f 530/8/1 526/8/1 529/8/1
f 531/8/1 526/8/1 530/8/1
f 532/9/1 529/9/1 528/9/1
f 533/9/1 529/9/1 532/9/1
f 536/9/1 531/9/1 530/9/1
f 537/9/1 531/9/1 536/9/1
f 538/9/1 534/9/1 533/9/1
f 539/9/1 534/9/1 538/9/1
f 542/9/1 536/9/1 535/9/1
f 543/9/1 536/9/1 542/9/1
f 544/9/1 540/9/1 539/9/1
f 545/9/1 540/9/1 544/9/1
f 546/9/1 540/9/1 545/9/1
f 547/9/1 542/9/1 541/9/1
f 548/9/1 542/9/1 547/9/1
f 549/9/1 542/9/1 548/9/1
f 551/9/1 546/9/1 545/9/1
f 551/9/1 548/9/1 547/9/1
f 551/9/1 547/9/1 546/9/1
f 552/9/1 548/9/1 551/9/1
f 555/9/1 551/9/1 550/9/1
f 556/9/1 551/9/1 555/9/1
f 557/9/1 553/9/1 552/9/1
f 558/9/1 553/9/1 557/9/1
f 560/8/1 527/8/1 523/8/1
f 561/9/1 555/9/1 554/9/1
f 562/9/1 555/9/1 561/9/1
f 563/9/1 559/9/1 558/9/1
f 564/9/1 559/9/1 563/9/1
f 566/8/1 560/8/1 523/8/1
f 566/9/1 561/9/1 560/9/1
f 567/9/1 561/9/1 566/9/1
f 568/9/1 565/9/1 564/9/1
f 569/9/1 565/9/1 568/9/1
f 570/8/1 567/8/1 566/8/1
f 570/8/1 566/8/1 523/8/1
f 570/8/1 569/8/1 568/8/1
f 570/8/1 568/8/1 567/8/1
f 571/8/1 569/8/1 570/8/1
f 572/8/1 570/8/1 523/8/1
f 573/8/1 570/8/1 572/8/1
f 574/8/1 572/8/1 523/8/1
f 574/3/1 573/3/1 572/3/1
f 575/3/1 573/3/1 574/3/1
f 576/8/1 574/8/1 523/8/1
f 576/8/1 575/8/1 574/8/1
f 577/8/1 575/8/1 576/8/1
f 578/8/1 575/8/1 577/8/1
f 579/8/1 575/8/1 578/8/1
f 619/6/1 582/6/1 581/6/1
f 619/8/1 581/8/1 580/8/1
f 620/5/1 583/5/1 582/5/1
f 620/6/1 582/6/1 619/6/1
f 621/4/1 584/4/1 583/4/1
f 621/5/1 583/5/1 620/5/1
f 621/4/1 585/4/1 584/4/1
f 622/4/1 585/4/1 621/4/1
f 623/7/1 586/7/1 585/7/1
f 623/6/1 587/6/1 586/6/1
f 624/5/1 588/5/1 587/5/1
f 624/6/1 587/6/1 623/6/1
f 625/6/1 589/6/1 588/6/1
f 625/5/1 588/5/1 624/5/1
f 625/6/1 590/6/1 589/6/1
f 625/6/1 591/6/1 590/6/1
f 626/6/1 591/6/1 625/6/1
f 627/6/1 591/6/1 626/6/1
f 628/7/1 592/7/1 591/7/1
f 628/6/1 591/6/1 627/6/1
f 629/6/1 595/6/1 594/6/1
f 629/5/1 596/5/1 595/5/1
f 630/4/1 597/4/1 596/4/1
f 630/5/1 596/5/1 629/5/1
f 631/7/1 598/7/1 597/7/1
f 631/6/1 599/6/1 598/6/1
f 632/4/1 600/4/1 599/4/1
f 632/6/1 599/6/1 631/6/1
f 633/5/1 601/5/1 600/5/1
f 633/4/1 600/4/1 632/4/1
f 634/6/1 602/6/1 601/6/1
f 634/5/1 601/5/1 633/5/1
f 635/5/1 603/5/1 602/5/1
f 635/6/1 602/6/1 634/6/1
f 636/7/1 604/7/1 603/7/1
f 636/5/1 603/5/1 635/5/1
f 637/5/1 605/5/1 604/5/1
f 637/7/1 604/7/1 636/7/1
f 638/4/1 606/4/1 605/4/1
f 638/5/1 605/5/1 637/5/1
f 639/5/1 607/5/1 606/5/1
f 639/4/1 606/4/1 638/4/1
f 640/4/1 608/4/1 607/4/1
f 640/5/1 607/5/1 639/5/1
f 641/5/1 609/5/1 608/5/1
f 641/4/1 608/4/1 640/4/1
f 642/7/1 610/7/1 609/7/1
f 642/5/1 609/5/1 641/5/1
f 643/5/1 612/5/1 611/5/1
f 643/7/1 610/7/1 642/7/1
f 643/5/1 611/5/1 610/5/1
f 644/5/1 612/5/1 643/5/1
f 645/4/1 614/4/1 613/4/1
f 645/6/1 613/6/1 612/6/1
f 646/7/1 615/7/1 614/7/1
f 646/4/1 614/4/1 645/4/1
f 647/4/1 616/4/1 615/4/1
f 647/7/1 615/7/1 646/7/1
f 648/5/1 617/5/1 616/5/1
f 648/4/1 616/4/1 647/4/1
f 649/4/1 618/4/1 617/4/1
f 649/5/1 617/5/1 648/5/1
f 650/4/1 618/4/1 649/4/1
f 651/8/1 619/8/1 580/8/1
f 651/5/1 620/5/1 619/5/1
f 652/6/1 622/6/1 621/6/1
f 652/5/1 620/5/1 651/5/1
f 652/6/1 621/6/1 620/6/1
f 653/4/1 585/4/1 622/4/1
f 653/6/1 622/6/1 652/6/1
f 654/7/1 623/7/1 585/7/1
f 654/4/1 585/4/1 653/4/1
f 655/4/1 624/4/1 623/4/1
f 655/7/1 623/7/1 654/7/1
f 655/4/1 626/4/1 625/4/1
f 655/4/1 625/4/1 624/4/1
f 656/4/1 626/4/1 655/4/1
f 657/6/1 627/6/1 626/6/1
f 657/4/1 626/4/1 656/4/1
f 658/5/1 628/5/1 627/5/1
f 658/6/1 627/6/1 657/6/1
f 659/6/1 593/6/1 592/6/1
f 659/7/1 592/7/1 628/7/1
f 660/4/1 594/4/1 593/4/1
f 660/6/1 593/6/1 659/6/1
f 661/6/1 629/6/1 594/6/1
f 661/4/1 594/4/1 660/4/1
f 661/6/1 630/6/1 629/6/1
f 662/6/1 630/6/1 661/6/1
f 663/5/1 632/5/1 631/5/1
f 663/4/1 633/4/1 632/4/1
f 663/4/1 634/4/1 633/4/1
f 663/4/1 635/4/1 634/4/1
f 664/4/1 635/4/1 663/4/1
f 665/4/1 635/4/1 664/4/1
f 666/6/1 636/6/1 635/6/1
f 666/4/1 635/4/1 665/4/1
f 667/7/1 642/7/1 641/7/1
f 667/6/1 636/6/1 666/6/1
f 667/7/1 643/7/1 642/7/1
f 667/7/1 641/7/1 640/7/1
f 667/7/1 637/7/1 636/7/1
f 667/7/1 640/7/1 639/7/1
f 667/7/1 639/7/1 638/7/1
f 667/7/1 638/7/1 637/7/1
f 668/6/1 644/6/1 643/6/1
f 668/7/1 643/7/1 667/7/1
f 669/5/1 612/5/1 644/5/1
f 669/6/1 644/6/1 668/6/1
f 670/6/1 645/6/1 612/6/1
f 670/5/1 612/5/1 669/5/1
f 671/7/1 647/7/1 646/7/1
f 671/5/1 648/5/1 647/5/1
f 671/5/1 650/5/1 649/5/1
f 671/5/1 649/5/1 648/5/1
f 672/5/1 650/5/1 671/5/1
f 673/5/1 650/5/1 672/5/1
f 674/5/1 650/5/1 673/5/1
f 675/8/1 651/8/1 580/8/1
f 676/4/1 652/4/1 651/4/1
f 676/8/1 651/8/1 675/8/1
f 677/5/1 653/5/1 652/5/1
f 677/4/1 652/4/1 676/4/1
f 677/5/1 654/5/1 653/5/1
f 678/7/1 655/7/1 654/7/1
f 678/5/1 654/5/1 677/5/1
f 679/6/1 656/6/1 655/6/1
f 679/7/1 655/7/1 678/7/1
f 680/4/1 658/4/1 657/4/1
f 680/6/1 656/6/1 679/6/1
f 680/4/1 657/4/1 656/4/1
f 681/5/1 628/5/1 658/5/1
f 681/4/1 658/4/1 680/4/1
f 682/7/1 659/7/1 628/7/1
f 682/5/1 628/5/1 681/5/1
f 683/4/1 660/4/1 659/4/1
f 683/7/1 659/7/1 682/7/1
f 684/5/1 661/5/1 660/5/1
f 684/4/1 660/4/1 683/4/1
f 685/4/1 662/4/1 661/4/1
f 685/5/1 661/5/1 684/5/1
f 686/6/1 630/6/1 662/6/1
f 686/4/1 662/4/1 685/4/1
f 687/4/1 597/4/1 630/4/1
f 687/6/1 630/6/1 686/6/1
f 688/7/1 631/7/1 597/7/1
f 688/4/1 597/4/1 687/4/1
f 689/5/1 663/5/1 631/5/1
f 689/7/1 631/7/1 688/7/1
f 689/5/1 664/5/1 663/5/1
f 690/6/1 665/6/1 664/6/1
f 690/5/1 664/5/1 689/5/1
f 691/4/1 666/4/1 665/4/1
f 691/6/1 665/6/1 690/6/1
f 692/5/1 667/5/1 666/5/1
f 692/4/1 666/4/1 691/4/1
f 693/7/1 668/7/1 667/7/1
f 693/5/1 667/5/1 692/5/1
f 694/4/1 669/4/1 668/4/1
f 694/7/1 668/7/1 693/7/1
f 695/6/1 670/6/1 669/6/1
f 695/4/1 669/4/1 694/4/1
f 696/6/1 645/6/1 670/6/1
f 696/6/1 670/6/1 695/6/1
f 696/5/1 646/5/1 645/5/1
f 697/7/1 671/7/1 646/7/1
f 697/5/1 646/5/1 696/5/1
f 698/6/1 672/6/1 671/6/1
f 698/7/1 671/7/1 697/7/1
f 699/5/1 673/5/1 672/5/1
f 699/6/1 672/6/1 698/6/1
f 700/6/1 674/6/1 673/6/1
f 700/5/1 673/5/1 699/5/1
f 701/6/1 674/6/1 700/6/1
f 704/9/1 703/9/1 702/9/1
f 705/9/1 703/9/1 704/9/1
f 708/8/1 707/8/1 706/8/1
f 709/8/1 707/8/1 708/8/1
f 710/2/1 709/2/1 708/2/1
f 711/2/1 709/2/1 710/2/1
f 712/3/1 711/3/1 710/3/1
f 713/3/1 711/3/1 712/3/1
f 714/2/1 713/2/1 712/2/1
f 715/2/1 713/2/1 714/2/1
f 716/3/1 715/3/1 714/3/1
f 717/3/1 715/3/1 716/3/1
f 718/2/1 717/2/1 716/2/1
f 719/2/1 717/2/1 718/2/1
f 720/3/1 719/3/1 718/3/1
f 721/3/1 719/3/1 720/3/1
f 722/2/1 721/2/1 720/2/1
f 723/2/1 721/2/1 722/2/1
f 724/3/1 723/3/1 722/3/1
f 725/3/1 723/3/1 724/3/1
f 726/2/1 725/2/1 724/2/1
f 727/2/1 725/2/1 726/2/1
f 728/3/1 727/3/1 726/3/1
f 729/3/1 727/3/1 728/3/1
f 730/2/1 729/2/1 728/2/1
f 731/2/1 729/2/1 730/2/1
f 732/3/1 731/3/1 730/3/1
f 733/3/1 731/3/1 732/3/1
f 734/2/1 733/2/1 732/2/1
f 735/2/1 733/2/1 734/2/1
f 736/2/1 733/2/1 735/2/1
f 737/2/1 733/2/1 736/2/1
f 738/2/1 733/2/1 737/2/1
f 739/2/1 733/2/1 738/2/1
f 740/2/1 733/2/1 739/2/1
f 741/2/1 733/2/1 740/2/1
f 742/2/1 733/2/1 741/2/1
f 743/2/1 733/2/1 742/2/1
f 744/2/1 733/2/1 743/2/1
f 745/2/1 733/2/1 744/2/1
f 746/2/1 733/2/1 745/2/1
f 747/2/1 733/2/1 746/2/1
f 748/2/1 733/2/1 747/2/1
f 749/2/1 733/2/1 748/2/1
f 750/2/1 733/2/1 749/2/1
f 751/2/1 733/2/1 750/2/1
f 752/2/1 733/2/1 751/2/1
f 753/2/1 733/2/1 752/2/1
f 754/2/1 733/2/1 753/2/1
f 755/2/1 733/2/1 754/2/1
f 756/2/1 733/2/1 755/2/1
f 757/2/1 733/2/1 756/2/1
f 758/2/1 733/2/1 757/2/1
f 759/2/1 733/2/1 758/2/1
f 760/2/1 733/2/1 759/2/1
f 761/2/1 733/2/1 760/2/1
f 762/2/1 733/2/1 761/2/1
f 763/2/1 733/2/1 762/2/1
f 802/8/1 765/8/1 764/8/1
f 803/4/1 766/4/1 765/4/1
f 803/8/1 765/8/1 802/8/1
f 803/4/1 767/4/1 766/4/1
f 804/5/1 768/5/1 767/5/1
f 804/4/1 767/4/1 803/4/1
f 805/4/1 769/4/1 768/4/1
f 805/5/1 768/5/1 804/5/1
f 806/7/1 770/7/1 769/7/1
f 806/4/1 769/4/1 805/4/1
f 807/5/1 771/5/1 770/5/1
f 807/7/1 770/7/1 806/7/1
f 808/4/1 772/4/1 771/4/1
f 808/5/1 771/5/1 807/5/1
f 809/5/1 773/5/1 772/5/1
f 809/4/1 772/4/1 808/4/1
f 810/6/1 774/6/1 773/6/1
f 810/5/1 773/5/1 809/5/1
f 811/5/1 775/5/1 774/5/1
f 811/6/1 774/6/1 810/6/1
f 812/7/1 776/7/1 775/7/1
f 812/5/1 775/5/1 811/5/1
f 813/4/1 777/4/1 776/4/1
f 813/7/1 776/7/1 812/7/1
f 814/5/1 778/5/1 777/5/1
f 814/4/1 777/4/1 813/4/1
f 814/5/1 779/5/1 778/5/1
f 814/5/1 780/5/1 779/5/1
f 814/5/1 781/5/1 780/5/1
f 815/7/1 782/7/1 781/7/1
f 815/5/1 781/5/1 814/5/1
f 816/5/1 783/5/1 782/5/1
f 816/7/1 782/7/1 815/7/1
f 817/4/1 784/4/1 783/4/1
f 817/5/1 783/5/1 816/5/1
f 818/5/1 786/5/1 785/5/1
f 818/4/1 784/4/1 817/4/1
f 818/5/1 785/5/1 784/5/1
f 819/4/1 787/4/1 786/4/1
f 819/5/1 786/5/1 818/5/1
f 820/7/1 788/7/1 787/7/1
f 820/4/1 787/4/1 819/4/1
f 821/4/1 789/4/1 788/4/1
f 821/7/1 788/7/1 820/7/1
f 822/5/1 790/5/1 789/5/1
f 822/4/1 789/4/1 821/4/1
f 823/4/1 791/4/1 790/4/1
f 823/5/1 790/5/1 822/5/1
f 824/5/1 792/5/1 791/5/1
f 824/4/1 791/4/1 823/4/1
f 825/7/1 793/7/1 792/7/1
f 825/5/1 792/5/1 824/5/1
f 826/5/1 795/5/1 794/5/1
f 826/7/1 793/7/1 825/7/1
f 826/5/1 794/5/1 793/5/1
f 827/4/1 797/4/1 796/4/1
f 827/5/1 795/5/1 826/5/1
f 827/4/1 796/4/1 795/4/1
f 828/7/1 798/7/1 797/7/1
f 828/4/1 797/4/1 827/4/1
f 829/5/1 800/5/1 799/5/1
f 829/7/1 798/7/1 828/7/1
f 829/5/1 799/5/1 798/5/1
f 829/5/1 801/5/1 800/5/1
f 830/5/1 801/5/1 829/5/1
f 868/6/1 833/6/1 832/6/1
f 868/5/1 834/5/1 833/5/1
f 868/5/1 835/5/1 834/5/1
f 869/5/1 835/5/1 868/5/1
f 870/7/1 836/7/1 835/7/1
f 870/5/1 835/5/1 869/5/1
f 871/6/1 839/6/1 838/6/1
f 871/4/1 840/4/1 839/4/1
f 872/5/1 841/5/1 840/5/1
f 872/4/1 840/4/1 871/4/1
f 873/7/1 842/7/1 841/7/1
f 873/5/1 841/5/1 872/5/1
f 874/4/1 843/4/1 842/4/1
f 874/4/1 844/4/1 843/4/1
f 875/6/1 845/6/1 844/6/1
f 875/4/1 844/4/1 874/4/1
f 876/5/1 846/5/1 845/5/1
f 876/6/1 845/6/1 875/6/1
f 877/5/1 846/5/1 876/5/1
f 878/7/1 847/7/1 846/7/1
f 878/6/1 848/6/1 847/6/1
f 879/5/1 849/5/1 848/5/1
f 879/6/1 848/6/1 878/6/1
f 880/6/1 850/6/1 849/6/1
f 880/5/1 849/5/1 879/5/1
f 880/6/1 851/6/1 850/6/1
f 881/7/1 852/7/1 851/7/1
f 881/6/1 851/6/1 880/6/1
f 882/4/1 853/4/1 852/4/1
f 882/7/1 852/7/1 881/7/1
f 883/5/1 854/5/1 853/5/1
f 883/4/1 853/4/1 882/4/1
f 883/5/1 855/5/1 854/5/1
f 883/5/1 856/5/1 855/5/1
f 884/5/1 856/5/1 883/5/1
f 885/4/1 857/4/1 856/4/1
f 885/5/1 856/5/1 884/5/1
f 886/7/1 858/7/1 857/7/1
f 886/5/1 859/5/1 858/5/1
f 887/6/1 860/6/1 859/6/1
f 887/5/1 859/5/1 886/5/1
f 888/4/1 861/4/1 860/4/1
f 888/6/1 860/6/1 887/6/1
f 889/5/1 862/5/1 861/5/1
f 889/4/1 861/4/1 888/4/1
f 890/6/1 864/6/1 863/6/1
f 890/7/1 863/7/1 862/7/1
f 891/5/1 865/5/1 864/5/1
f 891/6/1 864/6/1 890/6/1
f 892/4/1 866/4/1 865/4/1
f 892/5/1 865/5/1 891/5/1
f 893/5/1 867/5/1 866/5/1
f 893/4/1 866/4/1 892/4/1
f 894/5/1 867/5/1 893/5/1
f 895/8/1 832/8/1 831/8/1
f 895/6/1 869/6/1 868/6/1
f 895/6/1 868/6/1 832/6/1
f 896/4/1 870/4/1 869/4/1
f 896/6/1 869/6/1 895/6/1
f 897/7/1 836/7/1 870/7/1
f 897/4/1 870/4/1 896/4/1
f 898/4/1 837/4/1 836/4/1
f 898/4/1 838/4/1 837/4/1
f 898/6/1 871/6/1 838/6/1
f 898/6/1 872/6/1 871/6/1
f 898/6/1 873/6/1 872/6/1
f 899/6/1 873/6/1 898/6/1
f 900/7/1 842/7/1 873/7/1
f 900/4/1 874/4/1 842/4/1
f 901/5/1 875/5/1 874/5/1
f 901/4/1 874/4/1 900/4/1
f 902/4/1 876/4/1 875/4/1
f 902/5/1 875/5/1 901/5/1
f 903/6/1 877/6/1 876/6/1
f 903/4/1 876/4/1 902/4/1
f 904/5/1 846/5/1 877/5/1
f 904/6/1 877/6/1 903/6/1
f 905/7/1 878/7/1 846/7/1
f 905/5/1 846/5/1 904/5/1
f 906/5/1 879/5/1 878/5/1
f 906/7/1 878/7/1 905/7/1
f 907/6/1 880/6/1 879/6/1
f 907/5/1 879/5/1 906/5/1
f 908/5/1 881/5/1 880/5/1
f 908/6/1 880/6/1 907/6/1
f 909/5/1 881/5/1 908/5/1
f 910/5/1 881/5/1 909/5/1
f 911/6/1 883/6/1 882/6/1
f 911/5/1 884/5/1 883/5/1
f 912/4/1 885/4/1 884/4/1
f 912/5/1 884/5/1 911/5/1
f 913/4/1 885/4/1 912/4/1
f 914/4/1 857/4/1 885/4/1
f 914/4/1 885/4/1 913/4/1
f 914/7/1 886/7/1 857/7/1
f 915/4/1 887/4/1 886/4/1
f 915/7/1 886/7/1 914/7/1
f 916/5/1 889/5/1 888/5/1
f 916/4/1 887/4/1 915/4/1
f 916/5/1 888/5/1 887/5/1
f 917/5/1 862/5/1 889/5/1
f 917/5/1 889/5/1 916/5/1
f 918/7/1 890/7/1 862/7/1
f 918/5/1 862/5/1 917/5/1
f 919/5/1 891/5/1 890/5/1
f 919/7/1 890/7/1 918/7/1
f 920/6/1 892/6/1 891/6/1
f 920/5/1 891/5/1 919/5/1
f 920/6/1 894/6/1 893/6/1
f 920/6/1 893/6/1 892/6/1
f 921/6/1 894/6/1 920/6/1
f 922/6/1 894/6/1 921/6/1
f 924/8/1 895/8/1 831/8/1
f 925/5/1 896/5/1 895/5/1
f 925/8/1 895/8/1 924/8/1
f 926/6/1 897/6/1 896/6/1
f 926/5/1 896/5/1 925/5/1
f 927/7/1 836/7/1 897/7/1
f 927/6/1 897/6/1 926/6/1
f 928/4/1 899/4/1 898/4/1
f 928/7/1 836/7/1 927/7/1
f 928/4/1 898/4/1 836/4/1
f 929/6/1 873/6/1 899/6/1
f 929/4/1 899/4/1 928/4/1
f 930/7/1 900/7/1 873/7/1
f 930/6/1 873/6/1 929/6/1
f 931/5/1 901/5/1 900/5/1
f 931/7/1 900/7/1 930/7/1
f 932/6/1 902/6/1 901/6/1
f 932/5/1 901/5/1 931/5/1
f 933/4/1 903/4/1 902/4/1
f 933/6/1 902/6/1 932/6/1
f 933/4/1 904/4/1 903/4/1
f 933/4/1 905/4/1 904/4/1
f 934/7/1 906/7/1 905/7/1
f 934/4/1 905/4/1 933/4/1
f 935/4/1 907/4/1 906/4/1
f 935/7/1 906/7/1 934/7/1
f 936/5/1 908/5/1 907/5/1
f 936/4/1 907/4/1 935/4/1
f 937/6/1 909/6/1 908/6/1
f 937/5/1 908/5/1 936/5/1
f 938/4/1 910/4/1 909/4/1
f 938/6/1 909/6/1 937/6/1
f 939/5/1 881/5/1 910/5/1
f 939/4/1 910/4/1 938/4/1
f 940/7/1 882/7/1 881/7/1
f 940/5/1 881/5/1 939/5/1
f 941/6/1 911/6/1 882/6/1
f 941/7/1 882/7/1 940/7/1
f 942/4/1 913/4/1 912/4/1
f 942/6/1 911/6/1 941/6/1
f 942/4/1 912/4/1 911/4/1
f 943/5/1 914/5/1 913/5/1
f 943/4/1 913/4/1 942/4/1
f 944/7/1 915/7/1 914/7/1
f 944/5/1 914/5/1 943/5/1
f 945/5/1 916/5/1 915/5/1
f 945/7/1 915/7/1 944/7/1
f 946/6/1 917/6/1 916/6/1
f 946/5/1 916/5/1 945/5/1
f 947/4/1 918/4/1 917/4/1
f 947/6/1 917/6/1 946/6/1
f 948/7/1 919/7/1 918/7/1
f 948/4/1 918/4/1 947/4/1
f 949/6/1 920/6/1 919/6/1
f 949/7/1 919/7/1 948/7/1
f 950/4/1 921/4/1 920/4/1
f 950/6/1 920/6/1 949/6/1
f 951/6/1 922/6/1 921/6/1
f 951/4/1 921/4/1 950/4/1
f 952/7/1 923/7/1 922/7/1
f 952/6/1 922/6/1 951/6/1
f 953/7/1 923/7/1 952/7/1
f 990/8/1 955/8/1 954/8/1
f 990/6/1 956/6/1 955/6/1
f 991/4/1 957/4/1 956/4/1
f 991/6/1 956/6/1 990/6/1
f 992/6/1 958/6/1 957/6/1
f 992/4/1 957/4/1 991/4/1
f 993/7/1 960/7/1 959/7/1
f 993/5/1 961/5/1 960/5/1
f 994/4/1 962/4/1 961/4/1
f 994/5/1 961/5/1 993/5/1
f 994/4/1 963/4/1 962/4/1
f 995/4/1 963/4/1 994/4/1
f 996/5/1 964/5/1 963/5/1
f 996/4/1 963/4/1 995/4/1
f 997/7/1 965/7/1 964/7/1
f 997/5/1 964/5/1 996/5/1
f 997/7/1 966/7/1 965/7/1
f 997/7/1 967/7/1 966/7/1
f 997/7/1 968/7/1 967/7/1
f 997/7/1 969/7/1 968/7/1
f 998/7/1 969/7/1 997/7/1
f 999/7/1 969/7/1 998/7/1
f 1000/6/1 970/6/1 969/6/1
f 1000/7/1 969/7/1 999/7/1
f 1001/4/1 971/4/1 970/4/1
f 1001/6/1 970/6/1 1000/6/1
f 1002/5/1 972/5/1 971/5/1
f 1002/4/1 971/4/1 1001/4/1
f 1002/5/1 973/5/1 972/5/1
f 1002/5/1 974/5/1 973/5/1
f 1003/5/1 974/5/1 1002/5/1
f 1004/7/1 975/7/1 974/7/1
f 1004/5/1 974/5/1 1003/5/1
f 1005/4/1 976/4/1 975/4/1
f 1005/7/1 975/7/1 1004/7/1
f 1006/6/1 977/6/1 976/6/1
f 1006/4/1 976/4/1 1005/4/1
f 1007/5/1 978/5/1 977/5/1
f 1007/6/1 977/6/1 1006/6/1
f 1008/6/1 979/6/1 978/6/1
f 1008/5/1 978/5/1 1007/5/1
f 1009/4/1 980/4/1 979/4/1
f 1009/6/1 979/6/1 1008/6/1
f 1010/7/1 985/7/1 984/7/1
f 1010/4/1 980/4/1 1009/4/1
f 1010/7/1 984/7/1 983/7/1
f 1010/7/1 981/7/1 980/7/1
f 1010/7/1 983/7/1 982/7/1
f 1010/7/1 982/7/1 981/7/1
f 1011/7/1 985/7/1 1010/7/1
f 1012/7/1 985/7/1 1011/7/1
f 1013/7/1 985/7/1 1012/7/1
f 1014/7/1 985/7/1 1013/7/1
f 1015/7/1 985/7/1 1014/7/1
f 1016/6/1 988/6/1 987/6/1
f 1016/6/1 987/6/1 986/6/1
f 1016/6/1 986/6/1 985/6/1
f 1017/6/1 988/6/1 1016/6/1
f 1018/7/1 989/7/1 988/7/1
f 1018/6/1 988/6/1 1017/6/1
f 1019/7/1 989/7/1 1018/7/1
f 1020/8/1 990/8/1 954/8/1
f 1020/5/1 991/5/1 990/5/1
f 1021/6/1 992/6/1 991/6/1
f 1021/5/1 991/5/1 1020/5/1
f 1022/6/1 958/6/1 992/6/1
f 1022/6/1 992/6/1 1021/6/1
f 1023/4/1 994/4/1 993/4/1
f 1024/5/1 995/5/1 994/5/1
f 1024/4/1 994/4/1 1023/4/1
f 1025/6/1 996/6/1 995/6/1
f 1025/5/1 995/5/1 1024/5/1
f 1025/6/1 997/6/1 996/6/1
f 1026/7/1 998/7/1 997/7/1
f 1026/6/1 997/6/1 1025/6/1
f 1027/5/1 999/5/1 998/5/1
f 1028/5/1 999/5/1 1027/5/1
f 1029/5/1 999/5/1 1028/5/1
f 1030/5/1 999/5/1 1029/5/1
f 1031/7/1 1000/7/1 999/7/1
f 1031/5/1 999/5/1 1030/5/1
f 1032/5/1 1002/5/1 1001/5/1
f 1032/7/1 1000/7/1 1031/7/1
f 1032/5/1 1001/5/1 1000/5/1
f 1032/5/1 1003/5/1 1002/5/1
f 1033/4/1 1004/4/1 1003/4/1
f 1033/5/1 1003/5/1 1032/5/1
f 1034/7/1 1005/7/1 1004/7/1
f 1034/6/1 1006/6/1 1005/6/1
f 1035/4/1 1007/4/1 1006/4/1
f 1035/6/1 1006/6/1 1034/6/1
f 1036/6/1 1009/6/1 1008/6/1
f 1036/4/1 1007/4/1 1035/4/1
f 1036/6/1 1008/6/1 1007/6/1
f 1036/6/1 1010/6/1 1009/6/1
f 1037/6/1 1010/6/1 1036/6/1
f 1038/7/1 1011/7/1 1010/7/1
f 1038/6/1 1010/6/1 1037/6/1
f 1039/5/1 1012/5/1 1011/5/1
f 1039/7/1 1011/7/1 1038/7/1
f 1040/4/1 1013/4/1 1012/4/1
f 1040/5/1 1012/5/1 1039/5/1
f 1041/5/1 1015/5/1 1014/5/1
f 1041/6/1 1014/6/1 1013/6/1
f 1042/7/1 985/7/1 1015/7/1
f 1042/5/1 1015/5/1 1041/5/1
f 1043/6/1 1016/6/1 985/6/1
f 1043/7/1 985/7/1 1042/7/1
f 1044/4/1 1017/4/1 1016/4/1
f 1044/6/1 1016/6/1 1043/6/1
f 1045/5/1 1018/5/1 1017/5/1
f 1045/4/1 1017/4/1 1044/4/1
f 1046/7/1 1019/7/1 1018/7/1
f 1046/5/1 1018/5/1 1045/5/1
f 1047/7/1 1019/7/1 1046/7/1
f 1049/8/1 1020/8/1 954/8/1
f 1050/6/1 1021/6/1 1020/6/1
f 1050/8/1 1020/8/1 1049/8/1
f 1051/5/1 1022/5/1 1021/5/1
f 1051/6/1 1021/6/1 1050/6/1
f 1052/6/1 958/6/1 1022/6/1
f 1052/5/1 1022/5/1 1051/5/1
f 1053/5/1 959/5/1 958/5/1
f 1053/6/1 958/6/1 1052/6/1
f 1054/7/1 993/7/1 959/7/1
f 1054/5/1 959/5/1 1053/5/1
f 1055/4/1 1023/4/1 993/4/1
f 1055/7/1 993/7/1 1054/7/1
f 1056/5/1 1024/5/1 1023/5/1
f 1056/4/1 1023/4/1 1055/4/1
f 1057/4/1 1025/4/1 1024/4/1
f 1057/5/1 1024/5/1 1056/5/1
f 1058/5/1 1026/5/1 1025/5/1
f 1058/4/1 1025/4/1 1057/4/1
f 1059/7/1 998/7/1 1026/7/1
f 1059/5/1 1026/5/1 1058/5/1
f 1060/5/1 1027/5/1 998/5/1
f 1060/7/1 998/7/1 1059/7/1
f 1061/4/1 1028/4/1 1027/4/1
f 1061/5/1 1027/5/1 1060/5/1
f 1062/5/1 1029/5/1 1028/5/1
f 1062/4/1 1028/4/1 1061/4/1
f 1063/6/1 1030/6/1 1029/6/1
f 1063/5/1 1029/5/1 1062/5/1
f 1064/4/1 1031/4/1 1030/4/1
f 1064/6/1 1030/6/1 1063/6/1
f 1065/7/1 1032/7/1 1031/7/1
f 1065/4/1 1031/4/1 1064/4/1
f 1066/4/1 1033/4/1 1032/4/1
f 1066/7/1 1032/7/1 1065/7/1
f 1067/4/1 1004/4/1 1033/4/1
f 1067/4/1 1033/4/1 1066/4/1
f 1067/7/1 1034/7/1 1004/7/1
f 1068/5/1 1035/5/1 1034/5/1
f 1068/7/1 1034/7/1 1067/7/1
f 1069/4/1 1036/4/1 1035/4/1
f 1069/5/1 1035/5/1 1068/5/1
f 1070/5/1 1037/5/1 1036/5/1
f 1070/4/1 1036/4/1 1069/4/1
f 1071/4/1 1038/4/1 1037/4/1
f 1071/5/1 1037/5/1 1070/5/1
f 1072/7/1 1039/7/1 1038/7/1
f 1072/4/1 1038/4/1 1071/4/1
f 1073/4/1 1040/4/1 1039/4/1
f 1073/7/1 1039/7/1 1072/7/1
f 1074/6/1 1041/6/1 1013/6/1
f 1074/4/1 1040/4/1 1073/4/1
f 1074/4/1 1013/4/1 1040/4/1
f 1074/6/1 1042/6/1 1041/6/1
f 1075/7/1 1043/7/1 1042/7/1
f 1075/6/1 1042/6/1 1074/6/1
f 1076/4/1 1044/4/1 1043/4/1
f 1076/7/1 1043/7/1 1075/7/1
f 1077/6/1 1045/6/1 1044/6/1
f 1077/4/1 1044/4/1 1076/4/1
f 1077/6/1 1046/6/1 1045/6/1
f 1078/7/1 1047/7/1 1046/7/1
f 1078/6/1 1046/6/1 1077/6/1
f 1079/6/1 1048/6/1 1047/6/1
f 1079/7/1 1047/7/1 1078/7/1
f 1080/6/1 1048/6/1 1079/6/1
f 1118/8/1 1082/8/1 1081/8/1
f 1118/4/1 1083/4/1 1082/4/1
f 1118/4/1 1084/4/1 1083/4/1
f 1118/4/1 1085/4/1 1084/4/1
f 1118/4/1 1086/4/1 1085/4/1
f 1119/4/1 1086/4/1 1118/4/1
f 1120/4/1 1086/4/1 1119/4/1
f 1121/4/1 1086/4/1 1120/4/1
f 1122/7/1 1087/7/1 1086/7/1
f 1122/4/1 1086/4/1 1121/4/1
f 1123/5/1 1088/5/1 1087/5/1
f 1123/7/1 1087/7/1 1122/7/1
f 1123/5/1 1089/5/1 1088/5/1
f 1124/5/1 1089/5/1 1123/5/1
f 1125/6/1 1090/6/1 1089/6/1
f 1125/5/1 1089/5/1 1124/5/1
f 1125/6/1 1091/6/1 1090/6/1
f 1126/6/1 1091/6/1 1125/6/1
f 1127/6/1 1091/6/1 1126/6/1
f 1128/7/1 1092/7/1 1091/7/1
f 1128/6/1 1091/6/1 1127/6/1
f 1129/4/1 1093/4/1 1092/4/1
f 1129/7/1 1092/7/1 1128/7/1
f 1130/5/1 1094/5/1 1093/5/1
f 1130/4/1 1093/4/1 1129/4/1
f 1131/4/1 1095/4/1 1094/4/1
f 1131/5/1 1094/5/1 1130/5/1
f 1132/5/1 1096/5/1 1095/5/1
f 1132/4/1 1095/4/1 1131/4/1
f 1133/4/1 1097/4/1 1096/4/1
f 1133/5/1 1096/5/1 1132/5/1
f 1134/7/1 1098/7/1 1097/7/1
f 1134/4/1 1097/4/1 1133/4/1
f 1135/7/1 1102/7/1 1101/7/1
f 1135/4/1 1103/4/1 1102/4/1
f 1135/4/1 1104/4/1 1103/4/1
f 1135/4/1 1105/4/1 1104/4/1
f 1136/4/1 1105/4/1 1135/4/1
f 1137/4/1 1105/4/1 1136/4/1
f 1138/6/1 1106/6/1 1105/6/1
f 1138/4/1 1105/4/1 1137/4/1
f 1139/4/1 1107/4/1 1106/4/1
f 1139/6/1 1106/6/1 1138/6/1
f 1140/7/1 1108/7/1 1107/7/1
f 1140/4/1 1107/4/1 1139/4/1
f 1141/6/1 1109/6/1 1108/6/1
f 1141/4/1 1110/4/1 1109/4/1
f 1142/6/1 1111/6/1 1110/6/1
f 1142/4/1 1110/4/1 1141/4/1
f 1143/6/1 1111/6/1 1142/6/1
f 1144/7/1 1112/7/1 1111/7/1
f 1144/6/1 1111/6/1 1143/6/1
f 1145/6/1 1114/6/1 1113/6/1
f 1145/5/1 1113/5/1 1112/5/1
f 1146/4/1 1115/4/1 1114/4/1
f 1146/6/1 1114/6/1 1145/6/1
f 1147/4/1 1115/4/1 1146/4/1
f 1148/7/1 1116/7/1 1115/7/1
f 1148/4/1 1115/4/1 1147/4/1
f 1149/4/1 1117/4/1 1116/4/1
f 1149/7/1 1116/7/1 1148/7/1
f 1150/4/1 1117/4/1 1149/4/1
f 1152/6/1 1121/6/1 1120/6/1
f 1152/5/1 1120/5/1 1119/5/1
f 1153/5/1 1122/5/1 1121/5/1
f 1153/6/1 1121/6/1 1152/6/1
f 1154/5/1 1127/5/1 1126/5/1
f 1154/4/1 1126/4/1 1125/4/1
f 1155/4/1 1128/4/1 1127/4/1
f 1155/5/1 1127/5/1 1154/5/1
f 1156/7/1 1129/7/1 1128/7/1
f 1156/5/1 1130/5/1 1129/5/1
f 1157/4/1 1131/4/1 1130/4/1
f 1157/5/1 1130/5/1 1156/5/1
f 1158/5/1 1132/5/1 1131/5/1
f 1158/4/1 1131/4/1 1157/4/1
f 1159/6/1 1133/6/1 1132/6/1
f 1159/5/1 1132/5/1 1158/5/1
f 1159/6/1 1134/6/1 1133/6/1
f 1160/6/1 1134/6/1 1159/6/1
f 1161/7/1 1098/7/1 1134/7/1
f 1161/6/1 1134/6/1 1160/6/1
f 1162/5/1 1099/5/1 1098/5/1
f 1162/7/1 1098/7/1 1161/7/1
f 1163/4/1 1100/4/1 1099/4/1
f 1163/5/1 1099/5/1 1162/5/1
f 1164/4/1 1100/4/1 1163/4/1
f 1165/4/1 1100/4/1 1164/4/1
f 1166/6/1 1101/6/1 1100/6/1
f 1166/4/1 1100/4/1 1165/4/1
f 1167/7/1 1135/7/1 1101/7/1
f 1167/6/1 1101/6/1 1166/6/1
f 1168/6/1 1136/6/1 1135/6/1
f 1168/7/1 1135/7/1 1167/7/1
f 1169/5/1 1137/5/1 1136/5/1
f 1169/6/1 1136/6/1 1168/6/1
f 1170/6/1 1138/6/1 1137/6/1
f 1170/5/1 1137/5/1 1169/5/1
f 1171/5/1 1139/5/1 1138/5/1
f 1171/6/1 1138/6/1 1170/6/1
f 1172/6/1 1140/6/1 1139/6/1
f 1172/5/1 1139/5/1 1171/5/1
f 1173/7/1 1108/7/1 1140/7/1
f 1173/6/1 1140/6/1 1172/6/1
f 1174/6/1 1141/6/1 1108/6/1
f 1174/7/1 1108/7/1 1173/7/1
f 1174/6/1 1143/6/1 1142/6/1
f 1174/6/1 1142/6/1 1141/6/1
f 1175/6/1 1143/6/1 1174/6/1
f 1176/6/1 1143/6/1 1175/6/1
f 1177/5/1 1144/5/1 1143/5/1
f 1177/6/1 1143/6/1 1176/6/1
f 1178/7/1 1112/7/1 1144/7/1
f 1178/5/1 1144/5/1 1177/5/1
f 1179/5/1 1145/5/1 1112/5/1
f 1179/7/1 1112/7/1 1178/7/1
f 1180/4/1 1147/4/1 1146/4/1
f 1180/5/1 1145/5/1 1179/5/1
f 1180/4/1 1146/4/1 1145/4/1
f 1181/4/1 1147/4/1 1180/4/1
f 1182/5/1 1148/5/1 1147/5/1
f 1182/4/1 1147/4/1 1181/4/1
f 1183/7/1 1149/7/1 1148/7/1
f 1183/5/1 1148/5/1 1182/5/1
f 1184/5/1 1151/5/1 1150/5/1
f 1184/7/1 1149/7/1 1183/7/1
f 1184/5/1 1150/5/1 1149/5/1
f 1185/5/1 1151/5/1 1184/5/1
f 1186/5/1 1151/5/1 1185/5/1
f 1187/8/1 1118/8/1 1081/8/1
f 1188/6/1 1119/6/1 1118/6/1
f 1188/8/1 1118/8/1 1187/8/1
f 1189/5/1 1152/5/1 1119/5/1
f 1189/6/1 1119/6/1 1188/6/1
f 1190/4/1 1153/4/1 1152/4/1
f 1190/5/1 1152/5/1 1189/5/1
f 1191/5/1 1122/5/1 1153/5/1
f 1191/4/1 1153/4/1 1190/4/1
f 1192/7/1 1123/7/1 1122/7/1
f 1192/5/1 1122/5/1 1191/5/1
f 1193/6/1 1124/6/1 1123/6/1
f 1193/7/1 1123/7/1 1192/7/1
f 1194/5/1 1125/5/1 1124/5/1
f 1194/6/1 1124/6/1 1193/6/1
f 1195/4/1 1154/4/1 1125/4/1
f 1195/5/1 1125/5/1 1194/5/1
f 1195/4/1 1155/4/1 1154/4/1
f 1196/4/1 1128/4/1 1155/4/1
f 1196/4/1 1155/4/1 1195/4/1
f 1196/7/1 1156/7/1 1128/7/1
f 1197/4/1 1157/4/1 1156/4/1
f 1197/7/1 1156/7/1 1196/7/1
f 1198/6/1 1158/6/1 1157/6/1
f 1198/4/1 1157/4/1 1197/4/1
f 1198/6/1 1159/6/1 1158/6/1
f 1199/4/1 1160/4/1 1159/4/1
f 1199/6/1 1159/6/1 1198/6/1
f 1200/5/1 1161/5/1 1160/5/1
f 1200/4/1 1160/4/1 1199/4/1
f 1201/7/1 1162/7/1 1161/7/1
f 1201/5/1 1161/5/1 1200/5/1
f 1202/4/1 1163/4/1 1162/4/1
f 1202/7/1 1162/7/1 1201/7/1
f 1203/6/1 1164/6/1 1163/6/1
f 1203/4/1 1163/4/1 1202/4/1
f 1204/4/1 1165/4/1 1164/4/1
f 1204/6/1 1164/6/1 1203/6/1
f 1205/5/1 1166/5/1 1165/5/1
f 1205/4/1 1165/4/1 1204/4/1
f 1206/4/1 1167/4/1 1166/4/1
f 1206/5/1 1166/5/1 1205/5/1
f 1207/7/1 1168/7/1 1167/7/1
f 1207/4/1 1167/4/1 1206/4/1
f 1208/4/1 1169/4/1 1168/4/1
f 1208/7/1 1168/7/1 1207/7/1
f 1209/6/1 1170/6/1 1169/6/1
f 1209/4/1 1169/4/1 1208/4/1
f 1210/4/1 1171/4/1 1170/4/1
f 1210/6/1 1170/6/1 1209/6/1
f 1211/6/1 1172/6/1 1171/6/1
f 1211/4/1 1171/4/1 1210/4/1
f 1212/5/1 1173/5/1 1172/5/1
f 1212/6/1 1172/6/1 1211/6/1
f 1213/7/1 1174/7/1 1173/7/1
f 1213/5/1 1173/5/1 1212/5/1
f 1214/4/1 1175/4/1 1174/4/1
f 1214/7/1 1174/7/1 1213/7/1
f 1215/6/1 1176/6/1 1175/6/1
f 1215/4/1 1175/4/1 1214/4/1
f 1216/5/1 1177/5/1 1176/5/1
f 1216/6/1 1176/6/1 1215/6/1
f 1217/4/1 1178/4/1 1177/4/1
f 1217/5/1 1177/5/1 1216/5/1
f 1218/7/1 1179/7/1 1178/7/1
f 1218/4/1 1178/4/1 1217/4/1
f 1219/6/1 1180/6/1 1179/6/1
f 1219/7/1 1179/7/1 1218/7/1
f 1220/5/1 1181/5/1 1180/5/1
f 1220/6/1 1180/6/1 1219/6/1
f 1221/4/1 1183/4/1 1182/4/1
f 1221/5/1 1181/5/1 1220/5/1
f 1221/4/1 1182/4/1 1181/4/1
f 1222/7/1 1184/7/1 1183/7/1
f 1222/4/1 1183/4/1 1221/4/1
f 1223/6/1 1185/6/1 1184/6/1
f 1223/7/1 1184/7/1 1222/7/1
f 1224/4/1 1186/4/1 1185/4/1
f 1224/6/1 1185/6/1 1223/6/1
f 1225/4/1 1186/4/1 1224/4/1
f 1228/9/1 1227/9/1 1226/9/1
f 1229/9/1 1227/9/1 1228/9/1
f 1272/8/1 1231/8/1 1230/8/1
f 1273/5/1 1232/5/1 1231/5/1
f 1273/8/1 1231/8/1 1272/8/1
f 1273/5/1 1233/5/1 1232/5/1
f 1274/6/1 1234/6/1 1233/6/1
f 1274/5/1 1233/5/1 1273/5/1
f 1275/4/1 1235/4/1 1234/4/1
f 1275/6/1 1234/6/1 1274/6/1
f 1276/7/1 1236/7/1 1235/7/1
f 1276/4/1 1235/4/1 1275/4/1
f 1277/4/1 1237/4/1 1236/4/1
f 1277/7/1 1236/7/1 1276/7/1
f 1278/5/1 1238/5/1 1237/5/1
f 1278/4/1 1237/4/1 1277/4/1
f 1279/4/1 1239/4/1 1238/4/1
f 1279/5/1 1238/5/1 1278/5/1
f 1280/6/1 1240/6/1 1239/6/1
f 1280/4/1 1239/4/1 1279/4/1
f 1281/7/1 1241/7/1 1240/7/1
f 1281/6/1 1240/6/1 1280/6/1
f 1282/5/1 1242/5/1 1241/5/1
f 1282/7/1 1241/7/1 1281/7/1
f 1283/6/1 1243/6/1 1242/6/1
f 1283/5/1 1242/5/1 1282/5/1
f 1284/4/1 1244/4/1 1243/4/1
f 1284/6/1 1243/6/1 1283/6/1
f 1284/4/1 1245/4/1 1244/4/1
f 1285/6/1 1246/6/1 1245/6/1
f 1285/4/1 1245/4/1 1284/4/1
f 1286/7/1 1247/7/1 1246/7/1
f 1286/6/1 1246/6/1 1285/6/1
f 1287/5/1 1248/5/1 1247/5/1
f 1287/7/1 1247/7/1 1286/7/1
f 1287/5/1 1249/5/1 1248/5/1
f 1287/5/1 1250/5/1 1249/5/1
f 1288/4/1 1251/4/1 1250/4/1
f 1288/5/1 1250/5/1 1287/5/1
f 1289/5/1 1252/5/1 1251/5/1
f 1289/4/1 1251/4/1 1288/4/1
f 1290/7/1 1253/7/1 1252/7/1
f 1290/5/1 1252/5/1 1289/5/1
f 1291/6/1 1254/6/1 1253/6/1
f 1291/7/1 1253/7/1 1290/7/1
f 1292/4/1 1255/4/1 1254/4/1
f 1292/6/1 1254/6/1 1291/6/1
f 1292/4/1 1256/4/1 1255/4/1
f 1292/4/1 1257/4/1 1256/4/1
f 1292/4/1 1258/4/1 1257/4/1
f 1293/7/1 1259/7/1 1258/7/1
f 1293/4/1 1258/4/1 1292/4/1
f 1294/4/1 1260/4/1 1259/4/1
f 1294/7/1 1259/7/1 1293/7/1
f 1295/5/1 1261/5/1 1260/5/1
f 1295/4/1 1260/4/1 1294/4/1
f 1295/5/1 1262/5/1 1261/5/1
f 1296/4/1 1263/4/1 1262/4/1
f 1296/5/1 1262/5/1 1295/5/1
f 1297/7/1 1264/7/1 1263/7/1
f 1297/4/1 1263/4/1 1296/4/1
f 1298/5/1 1266/5/1 1265/5/1
f 1298/7/1 1264/7/1 1297/7/1
f 1298/5/1 1265/5/1 1264/5/1
f 1299/6/1 1267/6/1 1266/6/1
f 1299/5/1 1266/5/1 1298/5/1
f 1300/7/1 1268/7/1 1267/7/1
f 1300/6/1 1267/6/1 1299/6/1
f 1301/6/1 1271/6/1 1270/6/1
f 1301/7/1 1268/7/1 1300/7/1
f 1301/6/1 1270/6/1 1269/6/1
f 1301/6/1 1269/6/1 1268/6/1
f 1302/6/1 1271/6/1 1301/6/1
f 1340/8/1 1304/8/1 1303/8/1
f 1340/6/1 1305/6/1 1304/6/1
f 1340/6/1 1306/6/1 1305/6/1
f 1341/6/1 1306/6/1 1340/6/1
f 1342/4/1 1307/4/1 1306/4/1
f 1342/6/1 1306/6/1 1341/6/1
f 1343/7/1 1308/7/1 1307/7/1
f 1343/4/1 1307/4/1 1342/4/1
f 1344/6/1 1309/6/1 1308/6/1
f 1344/7/1 1308/7/1 1343/7/1
f 1344/6/1 1310/6/1 1309/6/1
f 1345/5/1 1311/5/1 1310/5/1
f 1345/6/1 1310/6/1 1344/6/1
f 1346/4/1 1312/4/1 1311/4/1
f 1346/5/1 1311/5/1 1345/5/1
f 1347/5/1 1313/5/1 1312/5/1
f 1347/4/1 1312/4/1 1346/4/1
f 1348/7/1 1314/7/1 1313/7/1
f 1348/5/1 1313/5/1 1347/5/1
f 1349/6/1 1315/6/1 1314/6/1
f 1349/7/1 1314/7/1 1348/7/1
f 1349/6/1 1316/6/1 1315/6/1
f 1350/5/1 1317/5/1 1316/5/1
f 1350/6/1 1316/6/1 1349/6/1
f 1351/5/1 1317/5/1 1350/5/1
f 1352/4/1 1318/4/1 1317/4/1
f 1352/5/1 1317/5/1 1351/5/1
f 1353/7/1 1319/7/1 1318/7/1
f 1353/4/1 1318/4/1 1352/4/1
f 1354/4/1 1320/4/1 1319/4/1
f 1354/5/1 1321/5/1 1320/5/1
f 1355/4/1 1322/4/1 1321/4/1
f 1355/5/1 1321/5/1 1354/5/1
f 1356/6/1 1323/6/1 1322/6/1
f 1356/4/1 1322/4/1 1355/4/1
f 1357/7/1 1324/7/1 1323/7/1
f 1357/6/1 1323/6/1 1356/6/1
f 1358/4/1 1327/4/1 1326/4/1
f 1358/5/1 1328/5/1 1327/5/1
f 1359/4/1 1329/4/1 1328/4/1
f 1359/5/1 1328/5/1 1358/5/1
f 1360/7/1 1330/7/1 1329/7/1
f 1360/4/1 1329/4/1 1359/4/1
f 1361/5/1 1331/5/1 1330/5/1
f 1361/7/1 1330/7/1 1360/7/1
f 1361/5/1 1332/5/1 1331/5/1
f 1362/5/1 1332/5/1 1361/5/1
f 1363/5/1 1332/5/1 1362/5/1
f 1364/4/1 1333/4/1 1332/4/1
f 1364/5/1 1332/5/1 1363/5/1
f 1365/7/1 1334/7/1 1333/7/1
f 1365/5/1 1335/5/1 1334/5/1
f 1366/4/1 1336/4/1 1335/4/1
f 1366/5/1 1335/5/1 1365/5/1
f 1367/7/1 1337/7/1 1336/7/1
f 1367/4/1 1336/4/1 1366/4/1
f 1368/4/1 1338/4/1 1337/4/1
f 1368/7/1 1337/7/1 1367/7/1
f 1369/5/1 1339/5/1 1338/5/1
f 1369/4/1 1338/4/1 1368/4/1
f 1370/5/1 1339/5/1 1369/5/1
f 1371/4/1 1341/4/1 1340/4/1
f 1371/5/1 1342/5/1 1341/5/1
f 1372/6/1 1343/6/1 1342/6/1
f 1372/5/1 1342/5/1 1371/5/1
f 1373/7/1 1344/7/1 1343/7/1
f 1373/6/1 1343/6/1 1372/6/1
f 1373/7/1 1345/7/1 1344/7/1
f 1373/7/1 1346/7/1 1345/7/1
f 1373/7/1 1347/7/1 1346/7/1
f 1373/7/1 1348/7/1 1347/7/1
f 1373/7/1 1349/7/1 1348/7/1
f 1374/7/1 1349/7/1 1373/7/1
f 1375/7/1 1349/7/1 1374/7/1
f 1376/7/1 1349/7/1 1375/7/1
f 1377/7/1 1349/7/1 1376/7/1
f 1378/7/1 1349/7/1 1377/7/1
f 1379/4/1 1350/4/1 1349/4/1
f 1380/5/1 1351/5/1 1350/5/1
f 1380/4/1 1350/4/1 1379/4/1
f 1381/6/1 1352/6/1 1351/6/1
f 1381/5/1 1351/5/1 1380/5/1
f 1382/5/1 1353/5/1 1352/5/1
f 1382/6/1 1352/6/1 1381/6/1
f 1383/7/1 1319/7/1 1353/7/1
f 1383/5/1 1353/5/1 1382/5/1
f 1384/4/1 1354/4/1 1319/4/1
f 1384/7/1 1319/7/1 1383/7/1
f 1385/6/1 1355/6/1 1354/6/1
f 1385/4/1 1354/4/1 1384/4/1
f 1385/6/1 1356/6/1 1355/6/1
f 1386/4/1 1357/4/1 1356/4/1
f 1386/6/1 1356/6/1 1385/6/1
f 1387/7/1 1324/7/1 1357/7/1
f 1387/4/1 1357/4/1 1386/4/1
f 1388/6/1 1325/6/1 1324/6/1
f 1388/7/1 1324/7/1 1387/7/1
f 1389/5/1 1326/5/1 1325/5/1
f 1389/6/1 1325/6/1 1388/6/1
f 1390/4/1 1358/4/1 1326/4/1
f 1390/5/1 1326/5/1 1389/5/1
f 1391/6/1 1359/6/1 1358/6/1
f 1391/4/1 1358/4/1 1390/4/1
f 1391/6/1 1360/6/1 1359/6/1
f 1392/6/1 1360/6/1 1391/6/1
f 1393/7/1 1361/7/1 1360/7/1
f 1393/6/1 1360/6/1 1392/6/1
f 1394/6/1 1362/6/1 1361/6/1
f 1394/7/1 1361/7/1 1393/7/1
f 1395/4/1 1363/4/1 1362/4/1
f 1395/6/1 1362/6/1 1394/6/1
f 1396/6/1 1364/6/1 1363/6/1
f 1396/4/1 1363/4/1 1395/4/1
f 1397/4/1 1333/4/1 1364/4/1
f 1397/6/1 1364/6/1 1396/6/1
f 1398/7/1 1368/7/1 1367/7/1
f 1398/4/1 1333/4/1 1397/4/1
f 1398/7/1 1367/7/1 1366/7/1
f 1398/7/1 1366/7/1 1365/7/1
f 1398/7/1 1365/7/1 1333/7/1
f 1399/7/1 1368/7/1 1398/7/1
f 1400/7/1 1368/7/1 1399/7/1
f 1401/7/1 1368/7/1 1400/7/1
f 1402/5/1 1369/5/1 1368/5/1
f 1402/7/1 1368/7/1 1401/7/1
f 1403/5/1 1369/5/1 1402/5/1
f 1404/8/1 1340/8/1 1303/8/1
f 1405/4/1 1371/4/1 1340/4/1
f 1405/8/1 1340/8/1 1404/8/1
f 1405/4/1 1372/4/1 1371/4/1
f 1405/4/1 1373/4/1 1372/4/1
f 1406/7/1 1374/7/1 1373/7/1
f 1406/4/1 1373/4/1 1405/4/1
f 1407/5/1 1375/5/1 1374/5/1
f 1407/7/1 1374/7/1 1406/7/1
f 1408/6/1 1376/6/1 1375/6/1
f 1408/5/1 1375/5/1 1407/5/1
f 1409/4/1 1377/4/1 1376/4/1
f 1409/6/1 1376/6/1 1408/6/1
f 1410/6/1 1378/6/1 1377/6/1
f 1410/4/1 1377/4/1 1409/4/1
f 1411/7/1 1349/7/1 1378/7/1
f 1411/6/1 1378/6/1 1410/6/1
f 1412/4/1 1379/4/1 1349/4/1
f 1412/7/1 1349/7/1 1411/7/1
f 1413/6/1 1380/6/1 1379/6/1
f 1413/4/1 1379/4/1 1412/4/1
f 1414/5/1 1381/5/1 1380/5/1
f 1414/6/1 1380/6/1 1413/6/1
f 1415/4/1 1382/4/1 1381/4/1
f 1415/5/1 1381/5/1 1414/5/1
f 1416/6/1 1383/6/1 1382/6/1
f 1416/4/1 1382/4/1 1415/4/1
f 1417/7/1 1384/7/1 1383/7/1
f 1417/6/1 1383/6/1 1416/6/1
f 1417/7/1 1387/7/1 1386/7/1
f 1417/7/1 1388/7/1 1387/7/1
f 1417/7/1 1386/7/1 1385/7/1
f 1417/7/1 1385/7/1 1384/7/1
f 1418/4/1 1389/4/1 1388/4/1
f 1418/7/1 1388/7/1 1417/7/1
f 1419/5/1 1391/5/1 1390/5/1
f 1419/4/1 1389/4/1 1418/4/1
f 1419/5/1 1392/5/1 1391/5/1
f 1419/5/1 1390/5/1 1389/5/1
f 1420/4/1 1393/4/1 1392/4/1
f 1420/5/1 1392/5/1 1419/5/1
f 1421/7/1 1394/7/1 1393/7/1
f 1421/4/1 1393/4/1 1420/4/1
f 1422/5/1 1395/5/1 1394/5/1
f 1422/7/1 1394/7/1 1421/7/1
f 1423/6/1 1396/6/1 1395/6/1
f 1423/5/1 1395/5/1 1422/5/1
f 1424/5/1 1397/5/1 1396/5/1
f 1424/6/1 1396/6/1 1423/6/1
f 1425/6/1 1398/6/1 1397/6/1
f 1425/5/1 1397/5/1 1424/5/1
f 1426/7/1 1399/7/1 1398/7/1
f 1426/6/1 1398/6/1 1425/6/1
f 1427/4/1 1400/4/1 1399/4/1
f 1427/7/1 1399/7/1 1426/7/1
f 1428/6/1 1401/6/1 1400/6/1
f 1428/4/1 1400/4/1 1427/4/1
f 1429/7/1 1402/7/1 1401/7/1
f 1429/6/1 1401/6/1 1428/6/1
f 1430/6/1 1403/6/1 1402/6/1
f 1430/7/1 1402/7/1 1429/7/1
f 1431/5/1 1369/5/1 1403/5/1
f 1431/6/1 1403/6/1 1430/6/1
f 1432/4/1 1370/4/1 1369/4/1
f 1432/5/1 1369/5/1 1431/5/1
f 1433/4/1 1370/4/1 1432/4/1
f 1472/8/1 1435/8/1 1434/8/1
f 1472/6/1 1436/6/1 1435/6/1
f 1473/6/1 1436/6/1 1472/6/1
f 1474/4/1 1437/4/1 1436/4/1
f 1474/6/1 1436/6/1 1473/6/1
f 1475/5/1 1438/5/1 1437/5/1
f 1475/4/1 1437/4/1 1474/4/1
f 1476/7/1 1439/7/1 1438/7/1
f 1476/4/1 1440/4/1 1439/4/1
f 1477/5/1 1441/5/1 1440/5/1
f 1477/4/1 1440/4/1 1476/4/1
f 1478/7/1 1445/7/1 1444/7/1
f 1478/5/1 1446/5/1 1445/5/1
f 1479/4/1 1447/4/1 1446/4/1
f 1479/5/1 1446/5/1 1478/5/1
f 1480/5/1 1448/5/1 1447/5/1
f 1480/4/1 1447/4/1 1479/4/1
f 1481/6/1 1449/6/1 1448/6/1
f 1481/5/1 1448/5/1 1480/5/1
f 1481/6/1 1450/6/1 1449/6/1
f 1482/6/1 1450/6/1 1481/6/1
f 1483/7/1 1451/7/1 1450/7/1
f 1483/6/1 1450/6/1 1482/6/1
f 1484/7/1 1451/7/1 1483/7/1
f 1485/7/1 1451/7/1 1484/7/1
f 1486/7/1 1451/7/1 1485/7/1
f 1487/7/1 1451/7/1 1486/7/1
f 1488/5/1 1452/5/1 1451/5/1
f 1488/7/1 1451/7/1 1487/7/1
f 1488/5/1 1453/5/1 1452/5/1
f 1489/5/1 1453/5/1 1488/5/1
f 1490/4/1 1454/4/1 1453/4/1
f 1490/5/1 1453/5/1 1489/5/1
f 1491/7/1 1457/7/1 1456/7/1
f 1491/5/1 1458/5/1 1457/5/1
f 1492/4/1 1459/4/1 1458/4/1
f 1492/5/1 1458/5/1 1491/5/1
f 1493/5/1 1460/5/1 1459/5/1
f 1493/4/1 1459/4/1 1492/4/1
f 1494/6/1 1461/6/1 1460/6/1
f 1494/5/1 1460/5/1 1493/5/1
f 1495/7/1 1462/7/1 1461/7/1
f 1495/6/1 1461/6/1 1494/6/1
f 1496/5/1 1463/5/1 1462/5/1
f 1496/7/1 1462/7/1 1495/7/1
f 1496/5/1 1464/5/1 1463/5/1
f 1497/4/1 1465/4/1 1464/4/1
f 1497/5/1 1464/5/1 1496/5/1
f 1498/7/1 1467/7/1 1466/7/1
f 1498/4/1 1468/4/1 1467/4/1
f 1499/5/1 1469/5/1 1468/5/1
f 1499/4/1 1468/4/1 1498/4/1
f 1500/6/1 1471/6/1 1470/6/1
f 1500/5/1 1469/5/1 1499/5/1
f 1500/6/1 1470/6/1 1469/6/1
f 1501/6/1 1471/6/1 1500/6/1
f 1502/6/1 1471/6/1 1501/6/1
f 1503/8/1 1472/8/1 1434/8/1
f 1504/4/1 1473/4/1 1472/4/1
f 1504/8/1 1472/8/1 1503/8/1
f 1505/5/1 1474/5/1 1473/5/1
f 1505/4/1 1473/4/1 1504/4/1
f 1506/6/1 1475/6/1 1474/6/1
f 1506/5/1 1474/5/1 1505/5/1
f 1507/5/1 1438/5/1 1475/5/1
f 1507/6/1 1475/6/1 1506/6/1
f 1508/7/1 1476/7/1 1438/7/1
f 1508/5/1 1438/5/1 1507/5/1
f 1509/6/1 1477/6/1 1476/6/1
f 1509/7/1 1476/7/1 1508/7/1
f 1510/5/1 1441/5/1 1477/5/1
f 1510/6/1 1477/6/1 1509/6/1
f 1511/6/1 1442/6/1 1441/6/1
f 1511/5/1 1441/5/1 1510/5/1
f 1512/4/1 1443/4/1 1442/4/1
f 1512/6/1 1442/6/1 1511/6/1
f 1513/5/1 1444/5/1 1443/5/1
f 1513/4/1 1443/4/1 1512/4/1
f 1514/7/1 1478/7/1 1444/7/1
f 1514/5/1 1444/5/1 1513/5/1
f 1515/6/1 1479/6/1 1478/6/1
f 1515/7/1 1478/7/1 1514/7/1
f 1516/4/1 1480/4/1 1479/4/1
f 1516/6/1 1479/6/1 1515/6/1
f 1517/6/1 1482/6/1 1481/6/1
f 1517/4/1 1480/4/1 1516/4/1
f 1517/6/1 1481/6/1 1480/6/1
f 1518/4/1 1483/4/1 1482/4/1
f 1518/6/1 1482/6/1 1517/6/1
f 1519/7/1 1484/7/1 1483/7/1
f 1519/4/1 1483/4/1 1518/4/1
f 1520/4/1 1485/4/1 1484/4/1
f 1520/7/1 1484/7/1 1519/7/1
f 1521/6/1 1486/6/1 1485/6/1
f 1521/4/1 1485/4/1 1520/4/1
f 1522/5/1 1487/5/1 1486/5/1
f 1522/6/1 1486/6/1 1521/6/1
f 1523/7/1 1488/7/1 1487/7/1
f 1523/5/1 1487/5/1 1522/5/1
f 1524/6/1 1489/6/1 1488/6/1
f 1524/7/1 1488/7/1 1523/7/1
f 1525/4/1 1490/4/1 1489/4/1
f 1525/6/1 1489/6/1 1524/6/1
f 1526/6/1 1455/6/1 1454/6/1
f 1526/4/1 1490/4/1 1525/4/1
f 1526/6/1 1456/6/1 1455/6/1
f 1526/4/1 1454/4/1 1490/4/1
f 1527/7/1 1491/7/1 1456/7/1
f 1527/6/1 1456/6/1 1526/6/1
f 1528/6/1 1492/6/1 1491/6/1
f 1528/7/1 1491/7/1 1527/7/1
f 1528/6/1 1493/6/1 1492/6/1
f 1529/5/1 1494/5/1 1493/5/1
f 1529/6/1 1493/6/1 1528/6/1
f 1530/4/1 1495/4/1 1494/4/1
f 1530/5/1 1494/5/1 1529/5/1
f 1531/7/1 1496/7/1 1495/7/1
f 1531/4/1 1495/4/1 1530/4/1
f 1532/6/1 1497/6/1 1496/6/1
f 1532/7/1 1496/7/1 1531/7/1
f 1533/4/1 1465/4/1 1497/4/1
f 1533/6/1 1497/6/1 1532/6/1
f 1534/6/1 1466/6/1 1465/6/1
f 1534/4/1 1465/4/1 1533/4/1
f 1535/7/1 1498/7/1 1466/7/1
f 1535/6/1 1466/6/1 1534/6/1
f 1536/6/1 1499/6/1 1498/6/1
f 1536/7/1 1498/7/1 1535/7/1
f 1536/6/1 1501/6/1 1500/6/1
f 1536/6/1 1500/6/1 1499/6/1
f 1537/5/1 1502/5/1 1501/5/1
f 1537/6/1 1501/6/1 1536/6/1
f 1538/5/1 1502/5/1 1537/5/1
f 1582/8/1 1540/8/1 1539/8/1
f 1582/4/1 1541/4/1 1540/4/1
f 1583/6/1 1542/6/1 1541/6/1
f 1583/4/1 1541/4/1 1582/4/1
f 1584/5/1 1543/5/1 1542/5/1
f 1584/6/1 1542/6/1 1583/6/1
f 1585/4/1 1544/4/1 1543/4/1
f 1585/5/1 1543/5/1 1584/5/1
f 1586/7/1 1545/7/1 1544/7/1
f 1586/4/1 1544/4/1 1585/4/1
f 1587/4/1 1546/4/1 1545/4/1
f 1587/7/1 1545/7/1 1586/7/1
f 1588/5/1 1547/5/1 1546/5/1
f 1588/4/1 1546/4/1 1587/4/1
f 1589/4/1 1548/4/1 1547/4/1
f 1589/5/1 1547/5/1 1588/5/1
f 1590/6/1 1549/6/1 1548/6/1
f 1590/4/1 1548/4/1 1589/4/1
f 1591/4/1 1550/4/1 1549/4/1
f 1591/6/1 1549/6/1 1590/6/1
f 1592/7/1 1551/7/1 1550/7/1
f 1592/4/1 1552/4/1 1551/4/1
f 1593/6/1 1553/6/1 1552/6/1
f 1593/4/1 1552/4/1 1592/4/1
f 1594/4/1 1554/4/1 1553/4/1
f 1594/6/1 1553/6/1 1593/6/1
f 1595/5/1 1555/5/1 1554/5/1
f 1595/4/1 1554/4/1 1594/4/1
f 1596/4/1 1556/4/1 1555/4/1
f 1596/5/1 1555/5/1 1595/5/1
f 1597/7/1 1557/7/1 1556/7/1
f 1597/4/1 1556/4/1 1596/4/1
f 1598/5/1 1559/5/1 1558/5/1
f 1598/6/1 1560/6/1 1559/6/1
f 1599/4/1 1561/4/1 1560/4/1
f 1599/6/1 1560/6/1 1598/6/1
f 1600/5/1 1562/5/1 1561/5/1
f 1600/4/1 1561/4/1 1599/4/1
f 1601/7/1 1563/7/1 1562/7/1
f 1601/5/1 1562/5/1 1600/5/1
f 1602/4/1 1564/4/1 1563/4/1
f 1602/4/1 1565/4/1 1564/4/1
f 1602/5/1 1566/5/1 1565/5/1
f 1603/6/1 1567/6/1 1566/6/1
f 1603/5/1 1566/5/1 1602/5/1
f 1604/7/1 1569/7/1 1568/7/1
f 1604/6/1 1570/6/1 1569/6/1
f 1604/6/1 1571/6/1 1570/6/1
f 1604/6/1 1572/6/1 1571/6/1
f 1605/6/1 1572/6/1 1604/6/1
f 1606/6/1 1572/6/1 1605/6/1
f 1607/7/1 1573/7/1 1572/7/1
f 1607/6/1 1572/6/1 1606/6/1
f 1608/6/1 1577/6/1 1576/6/1
f 1608/6/1 1575/6/1 1574/6/1
f 1608/6/1 1576/6/1 1575/6/1
f 1609/7/1 1578/7/1 1577/7/1
f 1609/6/1 1577/6/1 1608/6/1
f 1610/6/1 1579/6/1 1578/6/1
f 1610/7/1 1578/7/1 1609/7/1
f 1611/6/1 1579/6/1 1610/6/1
f 1612/5/1 1581/5/1 1580/5/1
f 1612/6/1 1579/6/1 1611/6/1
f 1612/5/1 1580/5/1 1579/5/1
f 1613/5/1 1581/5/1 1612/5/1
f 1614/5/1 1581/5/1 1613/5/1
f 1615/8/1 1582/8/1 1539/8/1
f 1616/6/1 1583/6/1 1582/6/1
f 1616/8/1 1582/8/1 1615/8/1
f 1617/4/1 1584/4/1 1583/4/1
f 1617/6/1 1583/6/1 1616/6/1
f 1618/5/1 1585/5/1 1584/5/1
f 1618/4/1 1584/4/1 1617/4/1
f 1619/6/1 1586/6/1 1585/6/1
f 1619/5/1 1585/5/1 1618/5/1
f 1620/7/1 1587/7/1 1586/7/1
f 1620/6/1 1586/6/1 1619/6/1
f 1621/5/1 1588/5/1 1587/5/1
f 1621/7/1 1587/7/1 1620/7/1
f 1622/6/1 1589/6/1 1588/6/1
f 1622/5/1 1588/5/1 1621/5/1
f 1622/6/1 1590/6/1 1589/6/1
f 1623/5/1 1591/5/1 1590/5/1
f 1623/6/1 1590/6/1 1622/6/1
f 1624/4/1 1550/4/1 1591/4/1
f 1624/5/1 1591/5/1 1623/5/1
f 1625/7/1 1592/7/1 1550/7/1
f 1625/4/1 1550/4/1 1624/4/1
f 1626/6/1 1593/6/1 1592/6/1
f 1626/7/1 1592/7/1 1625/7/1
f 1626/6/1 1594/6/1 1593/6/1
f 1627/5/1 1595/5/1 1594/5/1
f 1627/6/1 1594/6/1 1626/6/1
f 1627/5/1 1596/5/1 1595/5/1
f 1627/5/1 1597/5/1 1596/5/1
f 1628/7/1 1557/7/1 1597/7/1
f 1628/5/1 1597/5/1 1627/5/1
f 1629/6/1 1558/6/1 1557/6/1
f 1629/7/1 1557/7/1 1628/7/1
f 1630/5/1 1598/5/1 1558/5/1
f 1630/6/1 1558/6/1 1629/6/1
f 1630/5/1 1599/5/1 1598/5/1
f 1631/6/1 1600/6/1 1599/6/1
f 1631/5/1 1599/5/1 1630/5/1
f 1632/4/1 1601/4/1 1600/4/1
f 1632/6/1 1600/6/1 1631/6/1
f 1633/7/1 1563/7/1 1601/7/1
f 1633/4/1 1601/4/1 1632/4/1
f 1634/4/1 1602/4/1 1563/4/1
f 1634/7/1 1563/7/1 1633/7/1
f 1634/4/1 1603/4/1 1602/4/1
f 1635/6/1 1567/6/1 1603/6/1
f 1635/4/1 1603/4/1 1634/4/1
f 1636/5/1 1568/5/1 1567/5/1
f 1636/6/1 1567/6/1 1635/6/1
f 1637/7/1 1604/7/1 1568/7/1
f 1637/5/1 1568/5/1 1636/5/1
f 1638/5/1 1605/5/1 1604/5/1
f 1638/7/1 1604/7/1 1637/7/1
f 1639/4/1 1606/4/1 1605/4/1
f 1639/5/1 1605/5/1 1638/5/1
f 1640/5/1 1607/5/1 1606/5/1
f 1640/4/1 1606/4/1 1639/4/1
f 1641/7/1 1573/7/1 1607/7/1
f 1641/5/1 1607/5/1 1640/5/1
f 1642/5/1 1574/5/1 1573/5/1
f 1642/7/1 1573/7/1 1641/7/1
f 1643/6/1 1608/6/1 1574/6/1
f 1643/5/1 1574/5/1 1642/5/1
f 1644/4/1 1609/4/1 1608/4/1
f 1644/6/1 1608/6/1 1643/6/1
f 1645/7/1 1610/7/1 1609/7/1
f 1645/4/1 1609/4/1 1644/4/1
f 1646/4/1 1611/4/1 1610/4/1
f 1646/7/1 1610/7/1 1645/7/1
f 1647/5/1 1612/5/1 1611/5/1
f 1647/4/1 1611/4/1 1646/4/1
f 1648/4/1 1613/4/1 1612/4/1
f 1648/5/1 1612/5/1 1647/5/1
f 1649/6/1 1614/6/1 1613/6/1
f 1649/4/1 1613/4/1 1648/4/1
f 1650/6/1 1614/6/1 1649/6/1
f 1653/9/1 1652/9/1 1651/9/1
f 1654/9/1 1652/9/1 1653/9/1
f 1698/8/1 1656/8/1 1655/8/1
f 1699/6/1 1657/6/1 1656/6/1
f 1699/8/1 1656/8/1 1698/8/1
f 1700/5/1 1658/5/1 1657/5/1
f 1700/6/1 1657/6/1 1699/6/1
f 1701/6/1 1659/6/1 1658/6/1
f 1701/5/1 1658/5/1 1700/5/1
f 1701/6/1 1660/6/1 1659/6/1
f 1702/7/1 1661/7/1 1660/7/1
f 1702/6/1 1660/6/1 1701/6/1
f 1703/4/1 1662/4/1 1661/4/1
f 1703/7/1 1661/7/1 1702/7/1
f 1704/5/1 1663/5/1 1662/5/1
f 1704/4/1 1662/4/1 1703/4/1
f 1705/4/1 1664/4/1 1663/4/1
f 1705/5/1 1663/5/1 1704/5/1
f 1705/4/1 1665/4/1 1664/4/1
f 1706/5/1 1666/5/1 1665/5/1
f 1706/4/1 1665/4/1 1705/4/1
f 1707/7/1 1667/7/1 1666/7/1
f 1707/5/1 1666/5/1 1706/5/1
f 1708/4/1 1668/4/1 1667/4/1
f 1708/7/1 1667/7/1 1707/7/1
f 1708/4/1 1669/4/1 1668/4/1
f 1709/6/1 1670/6/1 1669/6/1
f 1709/4/1 1669/4/1 1708/4/1
f 1710/4/1 1671/4/1 1670/4/1
f 1710/6/1 1670/6/1 1709/6/1
f 1711/7/1 1672/7/1 1671/7/1
f 1711/4/1 1671/4/1 1710/4/1
f 1712/5/1 1673/5/1 1672/5/1
f 1712/7/1 1672/7/1 1711/7/1
f 1712/5/1 1674/5/1 1673/5/1
f 1713/6/1 1675/6/1 1674/6/1
f 1713/5/1 1674/5/1 1712/5/1
f 1714/4/1 1676/4/1 1675/4/1
f 1714/6/1 1675/6/1 1713/6/1
f 1715/5/1 1677/5/1 1676/5/1
f 1715/4/1 1676/4/1 1714/4/1
f 1716/7/1 1678/7/1 1677/7/1
f 1716/5/1 1677/5/1 1715/5/1
f 1716/7/1 1679/7/1 1678/7/1
f 1716/7/1 1680/7/1 1679/7/1
f 1716/7/1 1681/7/1 1680/7/1
f 1716/7/1 1682/7/1 1681/7/1
f 1717/6/1 1683/6/1 1682/6/1
f 1717/7/1 1682/7/1 1716/7/1
f 1717/6/1 1684/6/1 1683/6/1
f 1717/6/1 1685/6/1 1684/6/1
f 1718/4/1 1686/4/1 1685/4/1
f 1718/6/1 1685/6/1 1717/6/1
f 1719/7/1 1687/7/1 1686/7/1
f 1719/4/1 1686/4/1 1718/4/1
f 1720/6/1 1688/6/1 1687/6/1
f 1720/7/1 1687/7/1 1719/7/1
f 1721/5/1 1690/5/1 1689/5/1
f 1721/6/1 1688/6/1 1720/6/1
f 1721/5/1 1689/5/1 1688/5/1
f 1722/6/1 1691/6/1 1690/6/1
f 1722/5/1 1690/5/1 1721/5/1
f 1723/7/1 1692/7/1 1691/7/1
f 1723/6/1 1691/6/1 1722/6/1
f 1724/5/1 1694/5/1 1693/5/1
f 1724/7/1 1692/7/1 1723/7/1
f 1724/5/1 1693/5/1 1692/5/1
f 1725/4/1 1696/4/1 1695/4/1
f 1725/5/1 1694/5/1 1724/5/1
f 1725/4/1 1695/4/1 1694/4/1
f 1726/6/1 1697/6/1 1696/6/1
f 1726/4/1 1696/4/1 1725/4/1
f 1727/6/1 1697/6/1 1726/6/1
f 1765/8/1 1729/8/1 1728/8/1
f 1765/7/1 1730/7/1 1729/7/1
f 1765/7/1 1731/7/1 1730/7/1
f 1765/7/1 1732/7/1 1731/7/1
f 1765/7/1 1733/7/1 1732/7/1
f 1766/7/1 1733/7/1 1765/7/1
f 1767/7/1 1733/7/1 1766/7/1
f 1768/7/1 1733/7/1 1767/7/1
f 1769/6/1 1734/6/1 1733/6/1
f 1769/7/1 1733/7/1 1768/7/1
f 1770/4/1 1735/4/1 1734/4/1
f 1770/6/1 1734/6/1 1769/6/1
f 1771/6/1 1736/6/1 1735/6/1
f 1771/4/1 1735/4/1 1770/4/1
f 1772/5/1 1737/5/1 1736/5/1
f 1772/6/1 1736/6/1 1771/6/1
f 1773/7/1 1738/7/1 1737/7/1
f 1773/5/1 1737/5/1 1772/5/1
f 1774/5/1 1739/5/1 1738/5/1
f 1774/7/1 1738/7/1 1773/7/1
f 1775/6/1 1740/6/1 1739/6/1
f 1775/5/1 1739/5/1 1774/5/1
f 1776/5/1 1741/5/1 1740/5/1
f 1776/6/1 1740/6/1 1775/6/1
f 1777/4/1 1742/4/1 1741/4/1
f 1777/5/1 1741/5/1 1776/5/1
f 1778/7/1 1743/7/1 1742/7/1
f 1778/4/1 1742/4/1 1777/4/1
f 1779/5/1 1744/5/1 1743/5/1
f 1779/7/1 1743/7/1 1778/7/1
f 1780/4/1 1745/4/1 1744/4/1
f 1780/5/1 1744/5/1 1779/5/1
f 1781/6/1 1746/6/1 1745/6/1
f 1781/4/1 1745/4/1 1780/4/1
f 1782/5/1 1747/5/1 1746/5/1
f 1782/6/1 1746/6/1 1781/6/1
f 1782/5/1 1748/5/1 1747/5/1
f 1783/5/1 1748/5/1 1782/5/1
f 1784/7/1 1749/7/1 1748/7/1
f 1784/5/1 1748/5/1 1783/5/1
f 1785/6/1 1750/6/1 1749/6/1
f 1785/5/1 1751/5/1 1750/5/1
f 1786/5/1 1751/5/1 1785/5/1
f 1787/6/1 1752/6/1 1751/6/1
f 1787/5/1 1751/5/1 1786/5/1
f 1788/5/1 1753/5/1 1752/5/1
f 1788/6/1 1752/6/1 1787/6/1
f 1789/7/1 1754/7/1 1753/7/1
f 1789/5/1 1753/5/1 1788/5/1
f 1789/7/1 1755/7/1 1754/7/1
f 1789/7/1 1756/7/1 1755/7/1
f 1789/7/1 1757/7/1 1756/7/1
f 1790/7/1 1757/7/1 1789/7/1
f 1791/7/1 1757/7/1 1790/7/1
f 1792/7/1 1757/7/1 1791/7/1
f 1793/7/1 1757/7/1 1792/7/1
f 1794/6/1 1760/6/1 1759/6/1
f 1794/7/1 1757/7/1 1793/7/1
f 1794/6/1 1758/6/1 1757/6/1
f 1794/6/1 1759/6/1 1758/6/1
f 1795/6/1 1760/6/1 1794/6/1
f 1796/6/1 1760/6/1 1795/6/1
f 1797/7/1 1764/7/1 1763/7/1
f 1797/6/1 1760/6/1 1796/6/1
f 1797/7/1 1763/7/1 1762/7/1
f 1797/7/1 1762/7/1 1761/7/1
f 1797/7/1 1761/7/1 1760/7/1
f 1798/7/1 1764/7/1 1797/7/1
f 1799/7/1 1764/7/1 1798/7/1
f 1800/7/1 1764/7/1 1799/7/1
f 1801/7/1 1764/7/1 1800/7/1
f 1802/7/1 1764/7/1 1801/7/1
f 1804/8/1 1765/8/1 1728/8/1
f 1805/5/1 1766/5/1 1765/5/1
f 1805/8/1 1765/8/1 1804/8/1
f 1806/4/1 1767/4/1 1766/4/1
f 1806/5/1 1766/5/1 1805/5/1
f 1807/5/1 1768/5/1 1767/5/1
f 1807/4/1 1767/4/1 1806/4/1
f 1808/7/1 1769/7/1 1768/7/1
f 1808/5/1 1768/5/1 1807/5/1
f 1809/5/1 1770/5/1 1769/5/1
f 1809/7/1 1769/7/1 1808/7/1
f 1810/6/1 1771/6/1 1770/6/1
f 1810/5/1 1770/5/1 1809/5/1
f 1811/4/1 1772/4/1 1771/4/1
f 1811/6/1 1771/6/1 1810/6/1
f 1811/4/1 1773/4/1 1772/4/1
f 1812/7/1 1774/7/1 1773/7/1
f 1812/4/1 1773/4/1 1811/4/1
f 1813/4/1 1775/4/1 1774/4/1
f 1813/7/1 1774/7/1 1812/7/1
f 1814/6/1 1776/6/1 1775/6/1
f 1814/4/1 1775/4/1 1813/4/1
f 1815/4/1 1777/4/1 1776/4/1
f 1815/6/1 1776/6/1 1814/6/1
f 1816/5/1 1778/5/1 1777/5/1
f 1816/4/1 1777/4/1 1815/4/1
f 1817/7/1 1779/7/1 1778/7/1
f 1817/5/1 1778/5/1 1816/5/1
f 1818/6/1 1780/6/1 1779/6/1
f 1818/7/1 1779/7/1 1817/7/1
f 1819/5/1 1781/5/1 1780/5/1
f 1819/6/1 1780/6/1 1818/6/1
f 1820/4/1 1782/4/1 1781/4/1
f 1820/5/1 1781/5/1 1819/5/1
f 1821/6/1 1783/6/1 1782/6/1
f 1821/4/1 1782/4/1 1820/4/1
f 1822/4/1 1784/4/1 1783/4/1
f 1822/6/1 1783/6/1 1821/6/1
f 1823/7/1 1749/7/1 1784/7/1
f 1823/4/1 1784/4/1 1822/4/1
f 1824/6/1 1785/6/1 1749/6/1
f 1824/7/1 1749/7/1 1823/7/1
f 1825/4/1 1786/4/1 1785/4/1
f 1825/6/1 1785/6/1 1824/6/1
f 1826/6/1 1787/6/1 1786/6/1
f 1826/4/1 1786/4/1 1825/4/1
f 1826/6/1 1788/6/1 1787/6/1
f 1827/4/1 1789/4/1 1788/4/1
f 1827/6/1 1788/6/1 1826/6/1
f 1828/7/1 1790/7/1 1789/7/1
f 1828/4/1 1789/4/1 1827/4/1
f 1829/5/1 1791/5/1 1790/5/1
f 1829/7/1 1790/7/1 1828/7/1
f 1830/4/1 1792/4/1 1791/4/1
f 1830/5/1 1791/5/1 1829/5/1
f 1831/5/1 1793/5/1 1792/5/1
f 1831/4/1 1792/4/1 1830/4/1
f 1832/7/1 1794/7/1 1793/7/1
f 1832/5/1 1793/5/1 1831/5/1
f 1833/5/1 1795/5/1 1794/5/1
f 1833/7/1 1794/7/1 1832/7/1
f 1834/6/1 1796/6/1 1795/6/1
f 1834/5/1 1795/5/1 1833/5/1
f 1835/5/1 1797/5/1 1796/5/1
f 1835/6/1 1796/6/1 1834/6/1
f 1836/7/1 1798/7/1 1797/7/1
f 1836/5/1 1797/5/1 1835/5/1
f 1837/5/1 1799/5/1 1798/5/1
f 1837/7/1 1798/7/1 1836/7/1
f 1838/4/1 1800/4/1 1799/4/1
f 1838/5/1 1799/5/1 1837/5/1
f 1839/6/1 1801/6/1 1800/6/1
f 1839/4/1 1800/4/1 1838/4/1
f 1840/4/1 1802/4/1 1801/4/1
f 1840/6/1 1801/6/1 1839/6/1
f 1840/4/1 1803/4/1 1802/4/1
f 1841/4/1 1803/4/1 1840/4/1
f 1887/4/1 1844/4/1 1843/4/1
f 1887/4/1 1845/4/1 1844/4/1
f 1888/6/1 1846/6/1 1845/6/1
f 1888/4/1 1845/4/1 1887/4/1
f 1889/4/1 1847/4/1 1846/4/1
f 1889/6/1 1846/6/1 1888/6/1
f 1890/7/1 1848/7/1 1847/7/1
f 1890/4/1 1847/4/1 1889/4/1
f 1891/5/1 1849/5/1 1848/5/1
f 1891/7/1 1848/7/1 1890/7/1
f 1892/6/1 1850/6/1 1849/6/1
f 1892/5/1 1849/5/1 1891/5/1
f 1892/6/1 1851/6/1 1850/6/1
f 1893/6/1 1851/6/1 1892/6/1
f 1894/4/1 1852/4/1 1851/4/1
f 1894/6/1 1851/6/1 1893/6/1
f 1895/5/1 1853/5/1 1852/5/1
f 1895/4/1 1852/4/1 1894/4/1
f 1896/4/1 1855/4/1 1854/4/1
f 1896/4/1 1856/4/1 1855/4/1
f 1896/6/1 1857/6/1 1856/6/1
f 1897/4/1 1858/4/1 1857/4/1
f 1897/6/1 1857/6/1 1896/6/1
f 1898/7/1 1859/7/1 1858/7/1
f 1898/5/1 1860/5/1 1859/5/1
f 1899/4/1 1861/4/1 1860/4/1
f 1899/5/1 1860/5/1 1898/5/1
f 1900/5/1 1862/5/1 1861/5/1
f 1900/5/1 1863/5/1 1862/5/1
f 1901/4/1 1864/4/1 1863/4/1
f 1901/5/1 1863/5/1 1900/5/1
f 1902/7/1 1865/7/1 1864/7/1
f 1902/5/1 1866/5/1 1865/5/1
f 1903/6/1 1867/6/1 1866/6/1
f 1903/5/1 1866/5/1 1902/5/1
f 1904/5/1 1868/5/1 1867/5/1
f 1904/6/1 1867/6/1 1903/6/1
f 1905/6/1 1869/6/1 1868/6/1
f 1905/5/1 1868/5/1 1904/5/1
f 1905/6/1 1870/6/1 1869/6/1
f 1906/6/1 1870/6/1 1905/6/1
f 1907/7/1 1871/7/1 1870/7/1
f 1907/6/1 1870/6/1 1906/6/1
f 1908/4/1 1872/4/1 1871/4/1
f 1908/7/1 1871/7/1 1907/7/1
f 1909/4/1 1872/4/1 1908/4/1
f 1910/5/1 1873/5/1 1872/5/1
f 1910/4/1 1872/4/1 1909/4/1
f 1910/5/1 1874/5/1 1873/5/1
f 1911/5/1 1874/5/1 1910/5/1
f 1912/7/1 1875/7/1 1874/7/1
f 1912/5/1 1874/5/1 1911/5/1
f 1913/4/1 1876/4/1 1875/4/1
f 1913/6/1 1877/6/1 1876/6/1
f 1913/6/1 1878/6/1 1877/6/1
f 1914/6/1 1878/6/1 1913/6/1
f 1915/7/1 1880/7/1 1879/7/1
f 1915/4/1 1881/4/1 1880/4/1
f 1915/4/1 1882/4/1 1881/4/1
f 1916/6/1 1884/6/1 1883/6/1
f 1916/4/1 1882/4/1 1915/4/1
f 1916/6/1 1883/6/1 1882/6/1
f 1917/6/1 1884/6/1 1916/6/1
f 1918/5/1 1885/5/1 1884/5/1
f 1918/6/1 1884/6/1 1917/6/1
f 1919/6/1 1886/6/1 1885/6/1
f 1919/5/1 1885/5/1 1918/5/1
f 1920/6/1 1886/6/1 1919/6/1
f 1922/8/1 1843/8/1 1842/8/1
f 1922/4/1 1887/4/1 1843/4/1
f 1923/5/1 1888/5/1 1887/5/1
f 1923/4/1 1887/4/1 1922/4/1
f 1924/6/1 1889/6/1 1888/6/1
f 1924/5/1 1888/5/1 1923/5/1
f 1925/5/1 1890/5/1 1889/5/1
f 1925/6/1 1889/6/1 1924/6/1
f 1926/7/1 1891/7/1 1890/7/1
f 1926/5/1 1890/5/1 1925/5/1
f 1927/6/1 1892/6/1 1891/6/1
f 1927/7/1 1891/7/1 1926/7/1
f 1928/5/1 1893/5/1 1892/5/1
f 1928/6/1 1892/6/1 1927/6/1
f 1929/4/1 1894/4/1 1893/4/1
f 1929/5/1 1893/5/1 1928/5/1
f 1930/6/1 1895/6/1 1894/6/1
f 1930/4/1 1894/4/1 1929/4/1
f 1931/5/1 1853/5/1 1895/5/1
f 1931/6/1 1895/6/1 1930/6/1
f 1932/7/1 1854/7/1 1853/7/1
f 1932/5/1 1853/5/1 1931/5/1
f 1933/4/1 1896/4/1 1854/4/1
f 1933/4/1 1897/4/1 1896/4/1
f 1934/4/1 1897/4/1 1933/4/1
f 1935/4/1 1897/4/1 1934/4/1
f 1936/4/1 1858/4/1 1897/4/1
f 1936/4/1 1897/4/1 1935/4/1
f 1937/7/1 1898/7/1 1858/7/1
f 1937/4/1 1858/4/1 1936/4/1
f 1938/4/1 1899/4/1 1898/4/1
f 1938/7/1 1898/7/1 1937/7/1
f 1939/4/1 1861/4/1 1899/4/1
f 1939/4/1 1899/4/1 1938/4/1
f 1940/5/1 1900/5/1 1861/5/1
f 1940/4/1 1861/4/1 1939/4/1
f 1941/6/1 1901/6/1 1900/6/1
f 1941/5/1 1900/5/1 1940/5/1
f 1942/4/1 1864/4/1 1901/4/1
f 1942/6/1 1901/6/1 1941/6/1
f 1943/7/1 1902/7/1 1864/7/1
f 1943/4/1 1864/4/1 1942/4/1
f 1944/4/1 1903/4/1 1902/4/1
f 1944/7/1 1902/7/1 1943/7/1
f 1945/6/1 1904/6/1 1903/6/1
f 1945/4/1 1903/4/1 1944/4/1
f 1945/6/1 1905/6/1 1904/6/1
f 1945/6/1 1906/6/1 1905/6/1
f 1946/6/1 1906/6/1 1945/6/1
f 1947/4/1 1907/4/1 1906/4/1
f 1947/6/1 1906/6/1 1946/6/1
f 1948/7/1 1908/7/1 1907/7/1
f 1948/4/1 1907/4/1 1947/4/1
f 1949/6/1 1909/6/1 1908/6/1
f 1949/7/1 1908/7/1 1948/7/1
f 1950/5/1 1910/5/1 1909/5/1
f 1950/6/1 1909/6/1 1949/6/1
f 1951/6/1 1911/6/1 1910/6/1
f 1951/5/1 1910/5/1 1950/5/1
f 1952/4/1 1912/4/1 1911/4/1
f 1952/6/1 1911/6/1 1951/6/1
f 1953/7/1 1875/7/1 1912/7/1
f 1953/4/1 1912/4/1 1952/4/1
f 1954/4/1 1913/4/1 1875/4/1
f 1954/7/1 1875/7/1 1953/7/1
f 1955/5/1 1914/5/1 1913/5/1
f 1955/4/1 1913/4/1 1954/4/1
f 1956/6/1 1878/6/1 1914/6/1
f 1956/5/1 1914/5/1 1955/5/1
f 1957/5/1 1879/5/1 1878/5/1
f 1957/6/1 1878/6/1 1956/6/1
f 1958/7/1 1915/7/1 1879/7/1
f 1958/5/1 1879/5/1 1957/5/1
f 1959/6/1 1916/6/1 1915/6/1
f 1959/7/1 1915/7/1 1958/7/1
f 1960/6/1 1916/6/1 1959/6/1
f 1961/4/1 1917/4/1 1916/4/1
f 1961/6/1 1916/6/1 1960/6/1
f 1962/5/1 1918/5/1 1917/5/1
f 1962/4/1 1917/4/1 1961/4/1
f 1963/6/1 1921/6/1 1920/6/1
f 1963/5/1 1920/5/1 1919/5/1
f 1964/6/1 1921/6/1 1963/6/1
f 1965/8/1 1922/8/1 1842/8/1
f 1966/5/1 1923/5/1 1922/5/1
f 1966/8/1 1922/8/1 1965/8/1
f 1967/6/1 1924/6/1 1923/6/1
f 1967/5/1 1923/5/1 1966/5/1
f 1968/4/1 1925/4/1 1924/4/1
f 1968/6/1 1924/6/1 1967/6/1
f 1969/6/1 1926/6/1 1925/6/1
f 1969/4/1 1925/4/1 1968/4/1
f 1970/7/1 1927/7/1 1926/7/1
f 1970/6/1 1926/6/1 1969/6/1
f 1971/5/1 1928/5/1 1927/5/1
f 1971/7/1 1927/7/1 1970/7/1
f 1972/6/1 1929/6/1 1928/6/1
f 1972/5/1 1928/5/1 1971/5/1
f 1973/4/1 1931/4/1 1930/4/1
f 1973/6/1 1929/6/1 1972/6/1
f 1973/4/1 1930/4/1 1929/4/1
f 1974/6/1 1932/6/1 1931/6/1
f 1974/4/1 1931/4/1 1973/4/1
f 1975/7/1 1854/7/1 1932/7/1
f 1975/6/1 1932/6/1 1974/6/1
f 1976/4/1 1933/4/1 1854/4/1
f 1976/7/1 1854/7/1 1975/7/1
f 1977/5/1 1934/5/1 1933/5/1
f 1977/4/1 1933/4/1 1976/4/1
f 1978/4/1 1935/4/1 1934/4/1
f 1978/5/1 1934/5/1 1977/5/1
f 1979/5/1 1936/5/1 1935/5/1
f 1979/4/1 1935/4/1 1978/4/1
f 1980/6/1 1937/6/1 1936/6/1
f 1980/5/1 1936/5/1 1979/5/1
f 1981/7/1 1938/7/1 1937/7/1
f 1981/6/1 1937/6/1 1980/6/1
f 1982/5/1 1939/5/1 1938/5/1
f 1982/7/1 1938/7/1 1981/7/1
f 1983/4/1 1940/4/1 1939/4/1
f 1983/5/1 1939/5/1 1982/5/1
f 1984/6/1 1941/6/1 1940/6/1
f 1984/4/1 1940/4/1 1983/4/1
f 1985/5/1 1942/5/1 1941/5/1
f 1985/6/1 1941/6/1 1984/6/1
f 1986/6/1 1943/6/1 1942/6/1
f 1986/5/1 1942/5/1 1985/5/1
f 1987/7/1 1944/7/1 1943/7/1
f 1987/6/1 1943/6/1 1986/6/1
f 1988/6/1 1945/6/1 1944/6/1
f 1988/7/1 1944/7/1 1987/7/1
f 1989/4/1 1946/4/1 1945/4/1
f 1989/6/1 1945/6/1 1988/6/1
f 1990/5/1 1947/5/1 1946/5/1
f 1990/4/1 1946/4/1 1989/4/1
f 1991/6/1 1948/6/1 1947/6/1
f 1991/5/1 1947/5/1 1990/5/1
f 1992/7/1 1949/7/1 1948/7/1
f 1992/6/1 1948/6/1 1991/6/1
f 1993/5/1 1950/5/1 1949/5/1
f 1993/7/1 1949/7/1 1992/7/1
f 1994/6/1 1952/6/1 1951/6/1
f 1994/5/1 1950/5/1 1993/5/1
f 1994/6/1 1951/6/1 1950/6/1
f 1995/5/1 1953/5/1 1952/5/1
f 1995/6/1 1952/6/1 1994/6/1
f 1996/7/1 1954/7/1 1953/7/1
f 1996/5/1 1953/5/1 1995/5/1
f 1997/6/1 1955/6/1 1954/6/1
f 1997/7/1 1954/7/1 1996/7/1
f 1998/5/1 1957/5/1 1956/5/1
f 1998/6/1 1955/6/1 1997/6/1
f 1998/5/1 1956/5/1 1955/5/1
f 1999/6/1 1959/6/1 1958/6/1
f 1999/5/1 1957/5/1 1998/5/1
f 1999/6/1 1958/6/1 1957/6/1
f 2000/5/1 1960/5/1 1959/5/1
f 2000/6/1 1959/6/1 1999/6/1
f 2001/6/1 1961/6/1 1960/6/1
f 2001/5/1 1960/5/1 2000/5/1
f 2002/5/1 1962/5/1 1961/5/1
f 2002/6/1 1961/6/1 2001/6/1
f 2003/5/1 1918/5/1 1962/5/1
f 2003/5/1 1962/5/1 2002/5/1
f 2003/6/1 1919/6/1 1918/6/1
f 2004/5/1 1963/5/1 1919/5/1
f 2004/6/1 1919/6/1 2003/6/1
f 2005/4/1 1964/4/1 1963/4/1
f 2005/5/1 1963/5/1 2004/5/1
f 2006/4/1 1964/4/1 2005/4/1
f 2009/9/1 2008/9/1 2007/9/1
f 2010/9/1 2008/9/1 2009/9/1
f 2013/9/1 2012/9/1 2011/9/1
f 2014/9/1 2012/9/1 2013/9/1
f 2017/9/1 2016/9/1 2015/9/1
f 2018/9/1 2016/9/1 2017/9/1
f 2023/8/1 2022/8/1 2021/8/1
f 2024/8/1 2022/8/1 2023/8/1
f 2027/8/1 2026/8/1 2025/8/1
f 2028/8/1 2026/8/1 2027/8/1
f 2031/8/1 2020/8/1 2019/8/1
f 2032/8/1 2030/8/1 2029/8/1
f 2033/8/1 2031/8/1 2019/8/1
f 2034/8/1 2030/8/1 2032/8/1
f 2035/8/1 2033/8/1 2019/8/1
f 2036/8/1 2030/8/1 2034/8/1
f 2037/8/1 2035/8/1 2019/8/1
f 2038/8/1 2030/8/1 2036/8/1
f 2039/8/1 2037/8/1 2019/8/1
f 2040/8/1 2030/8/1 2038/8/1
f 2041/8/1 2039/8/1 2019/8/1
f 2042/8/1 2030/8/1 2040/8/1
f 2043/8/1 2041/8/1 2019/8/1
f 2044/8/1 2030/8/1 2042/8/1
f 2045/8/1 2043/8/1 2019/8/1
f 2046/8/1 2030/8/1 2044/8/1
f 2047/8/1 2045/8/1 2019/8/1
f 2048/8/1 2030/8/1 2046/8/1
f 2049/8/1 2047/8/1 2019/8/1
f 2050/8/1 2030/8/1 2048/8/1
f 2051/8/1 2049/8/1 2019/8/1
f 2052/8/1 2030/8/1 2050/8/1
f 2053/8/1 2051/8/1 2019/8/1
f 2054/8/1 2030/8/1 2052/8/1
f 2055/8/1 2053/8/1 2019/8/1
f 2056/8/1 2030/8/1 2054/8/1
f 2057/8/1 2055/8/1 2019/8/1
f 2058/8/1 2030/8/1 2056/8/1
f 2059/8/1 2057/8/1 2019/8/1
f 2060/8/1 2057/8/1 2059/8/1
f 2061/8/1 2030/8/1 2058/8/1
f 2062/8/1 2030/8/1 2061/8/1
f 2067/8/1 2064/8/1 2063/8/1
f 2068/8/1 2064/8/1 2067/8/1
f 2069/8/1 2066/8/1 2065/8/1
f 2070/8/1 2066/8/1 2069/8/1
f 2071/8/2 2072/8/2 2073/8/2
f 2073/8/2 2072/8/2 2074/8/2
f 2075/8/2 2076/8/2 2077/8/2
f 2077/8/2 2076/8/2 2078/8/2
f 2079/8/2 2080/8/2 2081/8/2
f 2081/8/2 2080/8/2 2082/8/2
f 2083/8/2 2084/8/2 2085/8/2
f 2085/8/2 2084/8/2 2086/8/2
f 2087/8/2 2088/8/2 2089/8/2
f 2089/8/2 2088/8/2 2090/8/2
f 2091/8/2 2092/8/2 2093/8/2
f 2093/8/2 2092/8/2 2094/8/2
f 2095/8/2 2096/8/2 2097/8/2
f 2097/8/2 2096/8/2 2098/8/2
f 2099/8/2 2100/8/2 2101/8/2
f 2101/8/2 2100/8/2 2102/8/2
f 2103/8/2 2104/8/2 2105/8/2
f 2105/8/2 2104/8/2 2106/8/2
f 2107/8/2 2108/8/2 2109/8/2
f 2109/8/2 2108/8/2 2110/8/2
f 2111/8/2 2112/8/2 2113/8/2
f 2113/8/2 2112/8/2 2114/8/2
f 2115/8/2 2116/8/2 2117/8/2
f 2117/8/2 2116/8/2 2118/8/2
f 2119/8/2 2120/8/2 2121/8/2
f 2121/8/2 2120/8/2 2122/8/2
f 2123/8/2 2124/8/2 2125/8/2
f 2125/8/2 2124/8/2 2126/8/2
f 2127/8/2 2128/8/2 2129/8/2
f 2129/8/2 2128/8/2 2130/8/2
f 2131/8/2 2132/8/2 2133/8/2
f 2133/8/2 2132/8/2 2134/8/2
f 2135/8/2 2136/8/2 2137/8/2
f 2137/8/2 2136/8/2 2138/8/2
f 2138/8/2 2136/8/2 2139/8/2
f 2139/8/2 2136/8/2 2140/8/2
f 2140/8/2 2136/8/2 2141/8/2
f 2141/8/2 2136/8/2 2142/8/2
f 2135/8/2 2137/8/2 2143/8/2
f 2137/4/2 2138/4/2 2143/4/2
f 2138/8/2 2139/8/2 2144/8/2
f 2143/4/2 2138/4/2 2144/4/2
f 2139/4/2 2140/4/2 2145/4/2
f 2144/8/2 2139/8/2 2145/8/2
f 2140/8/2 2141/8/2 2146/8/2
f 2145/4/2 2140/4/2 2146/4/2
f 2141/4/2 2142/4/2 2147/4/2
f 2146/8/2 2141/8/2 2147/8/2
f 2142/8/2 2136/8/2 2148/8/2
f 2147/4/2 2142/4/2 2148/4/2
f 2146/8/2 2147/8/2 2149/8/2
f 2145/8/2 2146/8/2 2149/8/2
f 2147/8/2 2148/8/2 2149/8/2
f 2144/8/2 2145/8/2 2149/8/2
f 2143/8/2 2144/8/2 2149/8/2
f 2135/8/2 2143/8/2 2149/8/2
f 2149/8/2 2148/8/2 2150/8/2
f 2150/8/2 2148/8/2 2151/8/2
f 2151/8/2 2148/8/2 2152/8/2
f 2152/8/2 2148/8/2 2153/8/2
f 2148/8/2 2136/8/2 2154/8/2
f 2153/8/2 2148/8/2 2154/8/2
f 2149/4/2 2150/4/2 2155/4/2
f 2150/8/2 2151/8/2 2155/8/2
f 2151/4/2 2152/4/2 2156/4/2
f 2155/8/2 2151/8/2 2156/8/2
f 2156/4/2 2152/4/2 2157/4/2
f 2157/4/2 2152/4/2 2158/4/2
f 2152/8/2 2153/8/2 2159/8/2
f 2158/4/2 2152/4/2 2159/4/2
f 2153/4/2 2154/4/2 2160/4/2
f 2159/8/2 2153/8/2 2160/8/2
f 2155/4/2 2156/4/2 2161/4/2
f 2156/8/2 2157/8/2 2161/8/2
f 2157/4/2 2158/4/2 2162/4/2
f 2161/8/2 2157/8/2 2162/8/2
f 2158/8/2 2159/8/2 2163/8/2
f 2162/4/2 2158/4/2 2163/4/2
f 2159/4/2 2160/4/2 2164/4/2
f 2163/8/2 2159/8/2 2164/8/2
f 2155/4/2 2161/4/2 2165/4/2
f 2135/8/2 2149/8/2 2165/8/2
f 2161/4/2 2162/4/2 2165/4/2
f 2149/4/2 2155/4/2 2165/4/2
f 2162/8/2 2163/8/2 2166/8/2
f 2165/4/2 2162/4/2 2166/4/2
f 2163/4/2 2164/4/2 2167/4/2
f 2166/8/2 2163/8/2 2167/8/2
f 2164/4/2 2160/4/2 2168/4/2
f 2167/4/2 2164/4/2 2168/4/2
f 2154/8/2 2136/8/2 2168/8/2
f 2160/4/2 2154/4/2 2168/4/2
f 2166/8/2 2167/8/2 2169/8/2
f 2165/8/2 2166/8/2 2169/8/2
f 2167/8/2 2168/8/2 2169/8/2
f 2135/8/2 2165/8/2 2169/8/2
f 2168/8/2 2136/8/2 2170/8/2
f 2169/8/2 2168/8/2 2170/8/2
f 2171/8/2 2172/8/2 2175/8/2
f 2175/8/2 2172/8/2 2176/8/2
f 2173/8/2 2174/8/2 2177/8/2
f 2177/8/2 2174/8/2 2178/8/2
f 2181/8/2 2182/8/2 2183/8/2
f 2183/8/2 2182/8/2 2184/8/2
f 2185/8/2 2186/8/2 2187/8/2
f 2187/8/2 2186/8/2 2188/8/2
f 2179/8/2 2180/8/2 2191/8/2
f 2189/8/2 2190/8/2 2192/8/2
f 2179/8/2 2191/8/2 2193/8/2
f 2192/8/2 2190/8/2 2194/8/2
f 2179/8/2 2193/8/2 2195/8/2
f 2194/8/2 2190/8/2 2196/8/2
f 2179/8/2 2195/8/2 2197/8/2
f 2196/8/2 2190/8/2 2198/8/2
f 2179/8/2 2197/8/2 2199/8/2
f 2198/8/2 2190/8/2 2200/8/2
f 2179/8/2 2199/8/2 2201/8/2
f 2200/8/2 2190/8/2 2202/8/2
f 2179/8/2 2201/8/2 2203/8/2
f 2202/8/2 2190/8/2 2204/8/2
f 2179/8/2 2203/8/2 2205/8/2
f 2204/8/2 2190/8/2 2206/8/2
f 2179/8/2 2205/8/2 2207/8/2
f 2206/8/2 2190/8/2 2208/8/2
f 2179/8/2 2207/8/2 2209/8/2
f 2208/8/2 2190/8/2 2210/8/2
f 2179/8/2 2209/8/2 2211/8/2
f 2210/8/2 2190/8/2 2212/8/2
f 2179/8/2 2211/8/2 2213/8/2
f 2212/8/2 2190/8/2 2214/8/2
f 2179/8/2 2213/8/2 2215/8/2
f 2214/8/2 2190/8/2 2216/8/2
f 2179/8/2 2215/8/2 2217/8/2
f 2216/8/2 2190/8/2 2218/8/2
f 2179/8/2 2217/8/2 2219/8/2
f 2219/8/2 2217/8/2 2220/8/2
f 2218/8/2 2190/8/2 2221/8/2
f 2221/8/2 2190/8/2 2222/8/2
f 2223/9/2 2224/9/2 2225/9/2
f 2225/9/2 2224/9/2 2226/9/2
f 2227/9/2 2228/9/2 2229/9/2
f 2229/9/2 2228/9/2 2230/9/2
f 2231/9/2 2232/9/2 2233/9/2
f 2233/9/2 2232/9/2 2234/9/2
f 2235/9/2 2236/9/2 2237/9/2
f 2237/9/2 2236/9/2 2238/9/2
f 2239/9/2 2240/9/2 2241/9/2
f 2241/9/2 2240/9/2 2242/9/2
f 2243/9/2 2244/9/2 2245/9/2
f 2245/9/2 2244/9/2 2246/9/2
f 2247/8/2 2248/8/2 2251/8/2
f 2251/8/2 2248/8/2 2252/8/2
f 2249/8/2 2250/8/2 2253/8/2
f 2253/8/2 2250/8/2 2254/8/2
f 2247/8/2 2251/8/2 2255/8/2
f 2251/4/2 2252/4/2 2255/4/2
f 2252/8/2 2248/8/2 2256/8/2
f 2255/4/2 2252/4/2 2256/4/2
f 2253/4/2 2254/4/2 2257/4/2
f 2249/8/2 2253/8/2 2257/8/2
f 2254/8/2 2250/8/2 2258/8/2
f 2257/4/2 2254/4/2 2258/4/2
f 2247/8/2 2255/8/2 2259/8/2
f 2255/8/2 2256/8/2 2259/8/2
f 2256/8/2 2248/8/2 2260/8/2
f 2259/8/2 2256/8/2 2260/8/2
f 2249/8/2 2257/8/2 2261/8/2
f 2257/8/2 2258/8/2 2261/8/2
f 2258/8/2 2250/8/2 2262/8/2
f 2261/8/2 2258/8/2 2262/8/2
f 2263/8/2 2264/8/2 2267/8/2
f 2265/8/2 2266/8/2 2268/8/2
f 2263/8/2 2267/8/2 2269/8/2
f 2267/8/2 2268/8/2 2269/8/2
f 2269/8/2 2268/8/2 2270/8/2
f 2270/8/2 2268/8/2 2271/8/2
f 2271/8/2 2268/8/2 2272/8/2
f 2268/8/2 2266/8/2 2273/8/2
f 2272/8/2 2268/8/2 2273/8/2
f 2270/9/2 2271/9/2 2274/9/2
f 2274/9/2 2271/9/2 2275/9/2
f 2272/9/2 2273/9/2 2278/9/2
f 2273/8/2 2266/8/2 2279/8/2
f 2278/9/2 2273/9/2 2279/9/2
f 2275/9/2 2276/9/2 2280/9/2
f 2280/9/2 2276/9/2 2281/9/2
f 2277/9/2 2278/9/2 2284/9/2
f 2284/9/2 2278/9/2 2285/9/2
f 2281/9/2 2282/9/2 2286/9/2
f 2286/9/2 2282/9/2 2287/9/2
f 2287/9/2 2282/9/2 2288/9/2
f 2283/9/2 2284/9/2 2289/9/2
f 2289/9/2 2284/9/2 2290/9/2
f 2290/9/2 2284/9/2 2291/9/2
f 2287/9/2 2288/9/2 2293/9/2
f 2289/9/2 2290/9/2 2293/9/2
f 2288/9/2 2289/9/2 2293/9/2
f 2293/9/2 2290/9/2 2294/9/2
f 2292/9/2 2293/9/2 2297/9/2
f 2297/9/2 2293/9/2 2298/9/2
f 2294/9/2 2295/9/2 2299/9/2
f 2299/9/2 2295/9/2 2300/9/2
f 2263/8/2 2269/8/2 2302/8/2
f 2296/9/2 2297/9/2 2303/9/2
f 2303/9/2 2297/9/2 2304/9/2
f 2300/9/2 2301/9/2 2305/9/2
f 2305/9/2 2301/9/2 2306/9/2
f 2279/8/2 2266/8/2 2307/8/2
f 2263/8/2 2302/8/2 2308/8/2
f 2302/9/2 2303/9/2 2308/9/2
f 2308/9/2 2303/9/2 2309/9/2
f 2306/9/2 2307/9/2 2310/9/2
f 2307/8/2 2266/8/2 2311/8/2
f 2310/9/2 2307/9/2 2311/9/2
f 2308/8/2 2309/8/2 2312/8/2
f 2309/8/2 2310/8/2 2312/8/2
f 2310/8/2 2311/8/2 2312/8/2
f 2263/8/2 2308/8/2 2312/8/2
f 2311/8/2 2266/8/2 2313/8/2
f 2312/8/2 2311/8/2 2313/8/2
f 2263/8/2 2312/8/2 2314/8/2
f 2314/8/2 2312/8/2 2315/8/2
f 2313/8/2 2266/8/2 2316/8/2
f 2316/8/2 2266/8/2 2317/8/2
f 2318/8/2 2319/8/2 2320/8/2
f 2318/8/2 2320/8/2 2321/8/2
f 2318/8/2 2321/8/2 2322/8/2
f 2318/8/2 2322/8/2 2323/8/2
f 2318/8/2 2323/8/2 2324/8/2
f 2318/8/2 2324/8/2 2325/8/2
f 2318/8/2 2325/8/2 2326/8/2
f 2318/8/2 2326/8/2 2327/8/2
f 2318/8/2 2327/8/2 2328/8/2
f 2318/8/2 2328/8/2 2329/8/2
f 2318/8/2 2329/8/2 2330/8/2
f 2318/8/2 2330/8/2 2331/8/2
f 2318/8/2 2331/8/2 2332/8/2
f 2318/8/2 2332/8/2 2333/8/2
f 2318/8/2 2333/8/2 2334/8/2
f 2334/8/2 2333/8/2 2335/8/2
f 2336/9/2 2337/9/2 2338/9/2
f 2338/9/2 2337/9/2 2339/9/2
f 2340/9/2 2341/9/2 2342/9/2
f 2342/9/2 2341/9/2 2343/9/2
f 2344/9/2 2345/9/2 2346/9/2
f 2346/9/2 2345/9/2 2347/9/2
f 2348/8/2 2349/8/2 2393/8/2
f 2349/6/2 2350/6/2 2393/6/2
f 2350/5/2 2351/5/2 2394/5/2
f 2393/6/2 2350/6/2 2394/6/2
f 2351/4/2 2352/4/2 2395/4/2
f 2394/5/2 2351/5/2 2395/5/2
f 2352/4/2 2353/4/2 2395/4/2
f 2395/4/2 2353/4/2 2396/4/2
f 2354/5/2 2355/5/2 2397/5/2
f 2355/5/2 2356/5/2 2397/5/2
f 2356/6/2 2357/6/2 2398/6/2
f 2397/5/2 2356/5/2 2398/5/2
f 2357/5/2 2358/5/2 2399/5/2
f 2398/6/2 2357/6/2 2399/6/2
f 2358/7/2 2359/7/2 2400/7/2
f 2399/5/2 2358/5/2 2400/5/2
f 2359/4/2 2360/4/2 2401/4/2
f 2400/7/2 2359/7/2 2401/7/2
f 2360/4/2 2361/4/2 2401/4/2
f 2361/4/2 2362/4/2 2401/4/2
f 2401/4/2 2362/4/2 2402/4/2
f 2362/7/2 2363/7/2 2403/7/2
f 2402/4/2 2362/4/2 2403/4/2
f 2363/4/2 2364/4/2 2404/4/2
f 2403/7/2 2363/7/2 2404/7/2
f 2364/6/2 2365/6/2 2405/6/2
f 2404/4/2 2364/4/2 2405/4/2
f 2365/5/2 2366/5/2 2406/5/2
f 2405/6/2 2365/6/2 2406/6/2
f 2366/6/2 2367/6/2 2407/6/2
f 2406/5/2 2366/5/2 2407/5/2
f 2367/5/2 2368/5/2 2408/5/2
f 2407/6/2 2367/6/2 2408/6/2
f 2368/7/2 2369/7/2 2409/7/2
f 2408/5/2 2368/5/2 2409/5/2
f 2369/5/2 2370/5/2 2410/5/2
f 2409/7/2 2369/7/2 2410/7/2
f 2370/6/2 2371/6/2 2411/6/2
f 2410/5/2 2370/5/2 2411/5/2
f 2371/4/2 2372/4/2 2412/4/2
f 2372/4/2 2373/4/2 2412/4/2
f 2373/7/2 2374/7/2 2413/7/2
f 2412/4/2 2373/4/2 2413/4/2
f 2374/4/2 2375/4/2 2414/4/2
f 2413/7/2 2374/7/2 2414/7/2
f 2375/5/2 2376/5/2 2415/5/2
f 2414/4/2 2375/4/2 2415/4/2
f 2376/4/2 2377/4/2 2416/4/2
f 2415/5/2 2376/5/2 2416/5/2
f 2377/5/2 2378/5/2 2417/5/2
f 2416/4/2 2377/4/2 2417/4/2
f 2417/5/2 2378/5/2 2418/5/2
f 2378/7/2 2379/7/2 2419/7/2
f 2418/5/2 2378/5/2 2419/5/2
f 2379/6/2 2380/6/2 2420/6/2
f 2419/7/2 2379/7/2 2420/7/2
f 2380/6/2 2381/6/2 2420/6/2
f 2420/6/2 2381/6/2 2421/6/2
f 2381/5/2 2382/5/2 2422/5/2
f 2421/6/2 2381/6/2 2422/6/2
f 2382/6/2 2383/6/2 2423/6/2
f 2422/5/2 2382/5/2 2423/5/2
f 2383/7/2 2384/7/2 2424/7/2
f 2423/6/2 2383/6/2 2424/6/2
f 2384/5/2 2385/5/2 2425/5/2
f 2424/7/2 2384/7/2 2425/7/2
f 2385/4/2 2386/4/2 2426/4/2
f 2425/5/2 2385/5/2 2426/5/2
f 2386/5/2 2387/5/2 2427/5/2
f 2426/4/2 2386/4/2 2427/4/2
f 2387/5/2 2388/5/2 2427/5/2
f 2427/5/2 2388/5/2 2428/5/2
f 2388/7/2 2389/7/2 2429/7/2
f 2428/5/2 2388/5/2 2429/5/2
f 2389/4/2 2390/4/2 2430/4/2
f 2429/7/2 2389/7/2 2430/7/2
f 2391/5/2 2392/5/2 2431/5/2
f 2430/4/2 2390/4/2 2431/4/2
f 2390/5/2 2391/5/2 2431/5/2
f 2431/5/2 2392/5/2 2432/5/2
f 2348/8/2 2393/8/2 2434/8/2
f 2393/4/2 2394/4/2 2434/4/2
f 2394/4/2 2395/4/2 2434/4/2
f 2395/5/2 2396/5/2 2435/5/2
f 2434/4/2 2395/4/2 2435/4/2
f 2396/4/2 2353/4/2 2436/4/2
f 2435/5/2 2396/5/2 2436/5/2
f 2353/7/2 2354/7/2 2437/7/2
f 2436/4/2 2353/4/2 2437/4/2
f 2354/5/2 2397/5/2 2438/5/2
f 2397/6/2 2398/6/2 2438/6/2
f 2398/4/2 2399/4/2 2439/4/2
f 2438/6/2 2398/6/2 2439/6/2
f 2399/6/2 2400/6/2 2440/6/2
f 2439/4/2 2399/4/2 2440/4/2
f 2400/7/2 2401/7/2 2441/7/2
f 2440/6/2 2400/6/2 2441/6/2
f 2401/5/2 2402/5/2 2442/5/2
f 2441/7/2 2401/7/2 2442/7/2
f 2402/6/2 2403/6/2 2443/6/2
f 2442/5/2 2402/5/2 2443/5/2
f 2443/6/2 2403/6/2 2444/6/2
f 2403/7/2 2404/7/2 2445/7/2
f 2444/6/2 2403/6/2 2445/6/2
f 2404/6/2 2405/6/2 2446/6/2
f 2445/7/2 2404/7/2 2446/7/2
f 2405/4/2 2406/4/2 2447/4/2
f 2446/6/2 2405/6/2 2447/6/2
f 2406/6/2 2407/6/2 2448/6/2
f 2447/4/2 2406/4/2 2448/4/2
f 2407/4/2 2408/4/2 2449/4/2
f 2448/6/2 2407/6/2 2449/6/2
f 2408/6/2 2409/6/2 2450/6/2
f 2449/4/2 2408/4/2 2450/4/2
f 2409/7/2 2410/7/2 2451/7/2
f 2450/6/2 2409/6/2 2451/6/2
f 2411/6/2 2371/6/2 2452/6/2
f 2371/4/2 2412/4/2 2452/4/2
f 2412/5/2 2413/5/2 2453/5/2
f 2452/4/2 2412/4/2 2453/4/2
f 2413/7/2 2414/7/2 2454/7/2
f 2453/5/2 2413/5/2 2454/5/2
f 2414/6/2 2415/6/2 2455/6/2
f 2454/7/2 2414/7/2 2455/7/2
f 2415/5/2 2416/5/2 2456/5/2
f 2455/6/2 2415/6/2 2456/6/2
f 2417/6/2 2418/6/2 2457/6/2
f 2456/5/2 2416/5/2 2457/5/2
f 2416/6/2 2417/6/2 2457/6/2
f 2420/5/2 2421/5/2 2458/5/2
f 2419/7/2 2420/7/2 2458/7/2
f 2421/4/2 2422/4/2 2459/4/2
f 2458/5/2 2421/5/2 2459/5/2
f 2422/5/2 2423/5/2 2460/5/2
f 2459/4/2 2422/4/2 2460/4/2
f 2423/5/2 2424/5/2 2460/5/2
f 2460/5/2 2424/5/2 2461/5/2
f 2424/7/2 2425/7/2 2462/7/2
f 2461/5/2 2424/5/2 2462/5/2
f 2425/4/2 2426/4/2 2463/4/2
f 2462/7/2 2425/7/2 2463/7/2
f 2426/5/2 2427/5/2 2464/5/2
f 2463/4/2 2426/4/2 2464/4/2
f 2427/6/2 2428/6/2 2465/6/2
f 2464/5/2 2427/5/2 2465/5/2
f 2428/4/2 2429/4/2 2466/4/2
f 2465/6/2 2428/6/2 2466/6/2
f 2429/7/2 2430/7/2 2467/7/2
f 2466/4/2 2429/4/2 2467/4/2
f 2431/6/2 2432/6/2 2468/6/2
f 2430/6/2 2431/6/2 2468/6/2
f 2468/6/2 2432/6/2 2469/6/2
f 2432/4/2 2433/4/2 2470/4/2
f 2469/6/2 2432/6/2 2470/6/2
f 2470/4/2 2433/4/2 2471/4/2
f 2348/8/2 2434/8/2 2472/8/2
f 2434/5/2 2435/5/2 2473/5/2
f 2472/8/2 2434/8/2 2473/8/2
f 2435/4/2 2436/4/2 2474/4/2
f 2473/5/2 2435/5/2 2474/5/2
f 2436/6/2 2437/6/2 2475/6/2
f 2474/4/2 2436/4/2 2475/4/2
f 2437/7/2 2354/7/2 2476/7/2
f 2475/6/2 2437/6/2 2476/6/2
f 2354/5/2 2438/5/2 2477/5/2
f 2476/7/2 2354/7/2 2477/7/2
f 2438/5/2 2439/5/2 2477/5/2
f 2440/5/2 2441/5/2 2477/5/2
f 2439/5/2 2440/5/2 2477/5/2
f 2441/7/2 2442/7/2 2478/7/2
f 2477/5/2 2441/5/2 2478/5/2
f 2442/6/2 2443/6/2 2479/6/2
f 2478/7/2 2442/7/2 2479/7/2
f 2443/5/2 2444/5/2 2480/5/2
f 2479/6/2 2443/6/2 2480/6/2
f 2444/4/2 2445/4/2 2481/4/2
f 2480/5/2 2444/5/2 2481/5/2
f 2445/7/2 2446/7/2 2482/7/2
f 2481/4/2 2445/4/2 2482/4/2
f 2446/4/2 2447/4/2 2483/4/2
f 2482/7/2 2446/7/2 2483/7/2
f 2447/6/2 2448/6/2 2484/6/2
f 2483/4/2 2447/4/2 2484/4/2
f 2448/4/2 2449/4/2 2485/4/2
f 2484/6/2 2448/6/2 2485/6/2
f 2449/5/2 2450/5/2 2486/5/2
f 2485/4/2 2449/4/2 2486/4/2
f 2450/4/2 2451/4/2 2487/4/2
f 2486/5/2 2450/5/2 2487/5/2
f 2451/7/2 2410/7/2 2488/7/2
f 2487/4/2 2451/4/2 2488/4/2
f 2410/4/2 2411/4/2 2489/4/2
f 2488/7/2 2410/7/2 2489/7/2
f 2411/6/2 2452/6/2 2490/6/2
f 2489/4/2 2411/4/2 2490/4/2
f 2452/5/2 2453/5/2 2491/5/2
f 2490/6/2 2452/6/2 2491/6/2
f 2453/6/2 2454/6/2 2492/6/2
f 2491/5/2 2453/5/2 2492/5/2
f 2454/7/2 2455/7/2 2493/7/2
f 2492/6/2 2454/6/2 2493/6/2
f 2455/5/2 2456/5/2 2494/5/2
f 2493/7/2 2455/7/2 2494/7/2
f 2456/4/2 2457/4/2 2495/4/2
f 2494/5/2 2456/5/2 2495/5/2
f 2457/6/2 2418/6/2 2496/6/2
f 2495/4/2 2457/4/2 2496/4/2
f 2418/4/2 2419/4/2 2497/4/2
f 2496/6/2 2418/6/2 2497/6/2
f 2419/7/2 2458/7/2 2498/7/2
f 2497/4/2 2419/4/2 2498/4/2
f 2458/6/2 2459/6/2 2499/6/2
f 2498/7/2 2458/7/2 2499/7/2
f 2459/5/2 2460/5/2 2500/5/2
f 2499/6/2 2459/6/2 2500/6/2
f 2460/4/2 2461/4/2 2501/4/2
f 2500/5/2 2460/5/2 2501/5/2
f 2461/6/2 2462/6/2 2502/6/2
f 2501/4/2 2461/4/2 2502/4/2
f 2462/7/2 2463/7/2 2503/7/2
f 2502/6/2 2462/6/2 2503/6/2
f 2463/5/2 2464/5/2 2504/5/2
f 2503/7/2 2463/7/2 2504/7/2
f 2464/6/2 2465/6/2 2505/6/2
f 2504/5/2 2464/5/2 2505/5/2
f 2465/5/2 2466/5/2 2506/5/2
f 2505/6/2 2465/6/2 2506/6/2
f 2466/5/2 2467/5/2 2506/5/2
f 2467/7/2 2430/7/2 2507/7/2
f 2506/5/2 2467/5/2 2507/5/2
f 2430/6/2 2468/6/2 2508/6/2
f 2507/7/2 2430/7/2 2508/7/2
f 2468/4/2 2469/4/2 2509/4/2
f 2508/6/2 2468/6/2 2509/6/2
f 2469/5/2 2470/5/2 2510/5/2
f 2509/4/2 2469/4/2 2510/4/2
f 2470/4/2 2471/4/2 2511/4/2
f 2510/5/2 2470/5/2 2511/5/2
f 2511/4/2 2471/4/2 2512/4/2
f 2513/8/2 2514/8/2 2555/8/2
f 2514/4/2 2515/4/2 2555/4/2
f 2515/5/2 2516/5/2 2556/5/2
f 2555/4/2 2515/4/2 2556/4/2
f 2516/5/2 2517/5/2 2556/5/2
f 2519/6/2 2520/6/2 2557/6/2
f 2520/6/2 2521/6/2 2557/6/2
f 2521/4/2 2522/4/2 2558/4/2
f 2557/6/2 2521/6/2 2558/6/2
f 2523/7/2 2524/7/2 2559/7/2
f 2524/5/2 2525/5/2 2559/5/2
f 2525/5/2 2526/5/2 2559/5/2
f 2526/5/2 2527/5/2 2559/5/2
f 2559/5/2 2527/5/2 2560/5/2
f 2560/5/2 2527/5/2 2561/5/2
f 2527/7/2 2528/7/2 2562/7/2
f 2561/5/2 2527/5/2 2562/5/2
f 2529/5/2 2530/5/2 2563/5/2
f 2530/4/2 2531/4/2 2563/4/2
f 2531/4/2 2532/4/2 2563/4/2
f 2532/4/2 2533/4/2 2563/4/2
f 2563/4/2 2533/4/2 2564/4/2
f 2533/7/2 2534/7/2 2565/7/2
f 2534/5/2 2535/5/2 2565/5/2
f 2535/4/2 2536/4/2 2566/4/2
f 2565/5/2 2535/5/2 2566/5/2
f 2536/5/2 2537/5/2 2567/5/2
f 2566/4/2 2536/4/2 2567/4/2
f 2537/4/2 2538/4/2 2568/4/2
f 2567/5/2 2537/5/2 2568/5/2
f 2538/7/2 2539/7/2 2569/7/2
f 2568/4/2 2538/4/2 2569/4/2
f 2539/4/2 2540/4/2 2570/4/2
f 2569/7/2 2539/7/2 2570/7/2
f 2540/4/2 2541/4/2 2570/4/2
f 2570/4/2 2541/4/2 2571/4/2
f 2541/6/2 2542/6/2 2572/6/2
f 2571/4/2 2541/4/2 2572/4/2
f 2542/5/2 2543/5/2 2573/5/2
f 2572/6/2 2542/6/2 2573/6/2
f 2544/6/2 2545/6/2 2574/6/2
f 2545/4/2 2546/4/2 2575/4/2
f 2574/6/2 2545/6/2 2575/6/2
f 2546/5/2 2547/5/2 2576/5/2
f 2575/4/2 2546/4/2 2576/4/2
f 2547/7/2 2548/7/2 2577/7/2
f 2576/5/2 2547/5/2 2577/5/2
f 2548/6/2 2549/6/2 2578/6/2
f 2577/7/2 2548/7/2 2578/7/2
f 2549/5/2 2550/5/2 2579/5/2
f 2578/6/2 2549/6/2 2579/6/2
f 2550/6/2 2551/6/2 2580/6/2
f 2579/5/2 2550/5/2 2580/5/2
f 2580/6/2 2551/6/2 2581/6/2
f 2553/4/2 2554/4/2 2582/4/2
f 2513/8/2 2555/8/2 2584/8/2
f 2555/6/2 2556/6/2 2585/6/2
f 2584/8/2 2555/8/2 2585/8/2
f 2556/5/2 2517/5/2 2586/5/2
f 2585/6/2 2556/6/2 2586/6/2
f 2517/6/2 2518/6/2 2587/6/2
f 2586/5/2 2517/5/2 2587/5/2
f 2518/7/2 2519/7/2 2588/7/2
f 2587/6/2 2518/6/2 2588/6/2
f 2519/6/2 2557/6/2 2589/6/2
f 2588/7/2 2519/7/2 2589/7/2
f 2557/5/2 2558/5/2 2590/5/2
f 2589/6/2 2557/6/2 2590/6/2
f 2558/4/2 2522/4/2 2591/4/2
f 2590/5/2 2558/5/2 2591/5/2
f 2522/6/2 2523/6/2 2592/6/2
f 2591/4/2 2522/4/2 2592/4/2
f 2523/7/2 2559/7/2 2593/7/2
f 2592/6/2 2523/6/2 2593/6/2
f 2559/6/2 2560/6/2 2594/6/2
f 2593/7/2 2559/7/2 2594/7/2
f 2560/5/2 2561/5/2 2595/5/2
f 2594/6/2 2560/6/2 2595/6/2
f 2561/6/2 2562/6/2 2596/6/2
f 2595/5/2 2561/5/2 2596/5/2
f 2562/7/2 2528/7/2 2597/7/2
f 2596/6/2 2562/6/2 2597/6/2
f 2528/6/2 2529/6/2 2598/6/2
f 2597/7/2 2528/7/2 2598/7/2
f 2529/5/2 2563/5/2 2599/5/2
f 2598/6/2 2529/6/2 2599/6/2
f 2563/6/2 2564/6/2 2600/6/2
f 2599/5/2 2563/5/2 2600/5/2
f 2564/4/2 2533/4/2 2601/4/2
f 2600/6/2 2564/6/2 2601/6/2
f 2533/7/2 2565/7/2 2602/7/2
f 2601/4/2 2533/4/2 2602/4/2
f 2565/4/2 2566/4/2 2603/4/2
f 2602/7/2 2565/7/2 2603/7/2
f 2566/6/2 2567/6/2 2604/6/2
f 2603/4/2 2566/4/2 2604/4/2
f 2567/4/2 2568/4/2 2605/4/2
f 2604/6/2 2567/6/2 2605/6/2
f 2568/5/2 2569/5/2 2606/5/2
f 2605/4/2 2568/4/2 2606/4/2
f 2569/7/2 2570/7/2 2607/7/2
f 2606/5/2 2569/5/2 2607/5/2
f 2570/5/2 2571/5/2 2608/5/2
f 2607/7/2 2570/7/2 2608/7/2
f 2571/6/2 2572/6/2 2609/6/2
f 2608/5/2 2571/5/2 2609/5/2
f 2572/5/2 2573/5/2 2610/5/2
f 2609/6/2 2572/6/2 2610/6/2
f 2543/7/2 2544/7/2 2611/7/2
f 2610/5/2 2573/5/2 2611/5/2
f 2573/5/2 2543/5/2 2611/5/2
f 2544/6/2 2574/6/2 2612/6/2
f 2611/7/2 2544/7/2 2612/7/2
f 2574/4/2 2575/4/2 2613/4/2
f 2612/6/2 2574/6/2 2613/6/2
f 2575/6/2 2576/6/2 2614/6/2
f 2613/4/2 2575/4/2 2614/4/2
f 2576/4/2 2577/4/2 2615/4/2
f 2614/6/2 2576/6/2 2615/6/2
f 2577/7/2 2578/7/2 2616/7/2
f 2615/4/2 2577/4/2 2616/4/2
f 2578/4/2 2579/4/2 2617/4/2
f 2616/7/2 2578/7/2 2617/7/2
f 2579/6/2 2580/6/2 2618/6/2
f 2617/4/2 2579/4/2 2618/4/2
f 2580/5/2 2581/5/2 2619/5/2
f 2618/6/2 2580/6/2 2619/6/2
f 2581/6/2 2551/6/2 2620/6/2
f 2619/5/2 2581/5/2 2620/5/2
f 2551/7/2 2552/7/2 2621/7/2
f 2620/6/2 2551/6/2 2621/6/2
f 2552/5/2 2553/5/2 2622/5/2
f 2621/7/2 2552/7/2 2622/7/2
f 2553/4/2 2582/4/2 2623/4/2
f 2622/5/2 2553/5/2 2623/5/2
f 2582/5/2 2583/5/2 2624/5/2
f 2623/4/2 2582/4/2 2624/4/2
f 2624/5/2 2583/5/2 2625/5/2
f 2627/5/2 2628/5/2 2668/5/2
f 2628/6/2 2629/6/2 2668/6/2
f 2668/6/2 2629/6/2 2669/6/2
f 2629/4/2 2630/4/2 2670/4/2
f 2669/6/2 2629/6/2 2670/6/2
f 2630/7/2 2631/7/2 2671/7/2
f 2670/4/2 2630/4/2 2671/4/2
f 2632/6/2 2633/6/2 2672/6/2
f 2633/4/2 2634/4/2 2673/4/2
f 2672/6/2 2633/6/2 2673/6/2
f 2634/7/2 2635/7/2 2674/7/2
f 2673/4/2 2634/4/2 2674/4/2
f 2635/6/2 2636/6/2 2675/6/2
f 2636/6/2 2637/6/2 2675/6/2
f 2637/5/2 2638/5/2 2676/5/2
f 2675/6/2 2637/6/2 2676/6/2
f 2638/7/2 2639/7/2 2677/7/2
f 2676/5/2 2638/5/2 2677/5/2
f 2639/4/2 2640/4/2 2678/4/2
f 2677/7/2 2639/7/2 2678/7/2
f 2640/5/2 2641/5/2 2679/5/2
f 2678/4/2 2640/4/2 2679/4/2
f 2641/6/2 2642/6/2 2680/6/2
f 2679/5/2 2641/5/2 2680/5/2
f 2642/4/2 2643/4/2 2681/4/2
f 2680/6/2 2642/6/2 2681/6/2
f 2643/6/2 2644/6/2 2682/6/2
f 2681/4/2 2643/4/2 2682/4/2
f 2644/7/2 2645/7/2 2683/7/2
f 2682/6/2 2644/6/2 2683/6/2
f 2645/4/2 2646/4/2 2684/4/2
f 2683/7/2 2645/7/2 2684/7/2
f 2646/5/2 2647/5/2 2685/5/2
f 2684/4/2 2646/4/2 2685/4/2
f 2647/6/2 2648/6/2 2686/6/2
f 2685/5/2 2647/5/2 2686/5/2
f 2686/6/2 2648/6/2 2687/6/2
f 2648/7/2 2649/7/2 2688/7/2
f 2687/6/2 2648/6/2 2688/6/2
f 2649/4/2 2650/4/2 2689/4/2
f 2688/7/2 2649/7/2 2689/7/2
f 2650/4/2 2651/4/2 2689/4/2
f 2689/4/2 2651/4/2 2690/4/2
f 2651/6/2 2652/6/2 2691/6/2
f 2690/4/2 2651/4/2 2691/4/2
f 2652/4/2 2653/4/2 2692/4/2
f 2691/6/2 2652/6/2 2692/6/2
f 2653/5/2 2654/5/2 2693/5/2
f 2692/4/2 2653/4/2 2693/4/2
f 2654/7/2 2655/7/2 2694/7/2
f 2693/5/2 2654/5/2 2694/5/2
f 2655/5/2 2656/5/2 2695/5/2
f 2656/5/2 2657/5/2 2695/5/2
f 2657/5/2 2658/5/2 2695/5/2
f 2658/6/2 2659/6/2 2696/6/2
f 2695/5/2 2658/5/2 2696/5/2
f 2659/7/2 2660/7/2 2697/7/2
f 2696/6/2 2659/6/2 2697/6/2
f 2660/5/2 2661/5/2 2698/5/2
f 2697/7/2 2660/7/2 2698/7/2
f 2661/4/2 2662/4/2 2699/4/2
f 2698/5/2 2661/5/2 2699/5/2
f 2662/5/2 2663/5/2 2700/5/2
f 2699/4/2 2662/4/2 2700/4/2
f 2663/5/2 2664/5/2 2700/5/2
f 2664/7/2 2665/7/2 2701/7/2
f 2700/5/2 2664/5/2 2701/5/2
f 2666/4/2 2667/4/2 2702/4/2
f 2701/7/2 2665/7/2 2702/7/2
f 2665/4/2 2666/4/2 2702/4/2
f 2702/4/2 2667/4/2 2703/4/2
f 2626/8/2 2627/8/2 2704/8/2
f 2627/5/2 2668/5/2 2705/5/2
f 2704/8/2 2627/8/2 2705/8/2
f 2668/5/2 2669/5/2 2705/5/2
f 2669/4/2 2670/4/2 2706/4/2
f 2705/5/2 2669/5/2 2706/5/2
f 2670/5/2 2671/5/2 2707/5/2
f 2706/4/2 2670/4/2 2707/4/2
f 2671/7/2 2631/7/2 2708/7/2
f 2707/5/2 2671/5/2 2708/5/2
f 2631/5/2 2632/5/2 2709/5/2
f 2708/7/2 2631/7/2 2709/7/2
f 2632/6/2 2672/6/2 2710/6/2
f 2709/5/2 2632/5/2 2710/5/2
f 2672/4/2 2673/4/2 2711/4/2
f 2710/6/2 2672/6/2 2711/6/2
f 2673/6/2 2674/6/2 2712/6/2
f 2711/4/2 2673/4/2 2712/4/2
f 2674/7/2 2635/7/2 2713/7/2
f 2712/6/2 2674/6/2 2713/6/2
f 2635/6/2 2675/6/2 2714/6/2
f 2713/7/2 2635/7/2 2714/7/2
f 2675/5/2 2676/5/2 2715/5/2
f 2714/6/2 2675/6/2 2715/6/2
f 2676/4/2 2677/4/2 2716/4/2
f 2715/5/2 2676/5/2 2716/5/2
f 2677/7/2 2678/7/2 2717/7/2
f 2716/4/2 2677/4/2 2717/4/2
f 2678/6/2 2679/6/2 2718/6/2
f 2717/7/2 2678/7/2 2718/7/2
f 2679/4/2 2680/4/2 2719/4/2
f 2718/6/2 2679/6/2 2719/6/2
f 2680/5/2 2681/5/2 2720/5/2
f 2719/4/2 2680/4/2 2720/4/2
f 2681/6/2 2682/6/2 2721/6/2
f 2720/5/2 2681/5/2 2721/5/2
f 2682/5/2 2683/5/2 2722/5/2
f 2721/6/2 2682/6/2 2722/6/2
f 2683/7/2 2684/7/2 2723/7/2
f 2722/5/2 2683/5/2 2723/5/2
f 2684/6/2 2685/6/2 2724/6/2
f 2723/7/2 2684/7/2 2724/7/2
f 2685/6/2 2686/6/2 2724/6/2
f 2686/4/2 2687/4/2 2725/4/2
f 2724/6/2 2686/6/2 2725/6/2
f 2687/5/2 2688/5/2 2726/5/2
f 2725/4/2 2687/4/2 2726/4/2
f 2688/7/2 2689/7/2 2727/7/2
f 2726/5/2 2688/5/2 2727/5/2
f 2689/6/2 2690/6/2 2728/6/2
f 2727/7/2 2689/7/2 2728/7/2
f 2690/4/2 2691/4/2 2729/4/2
f 2728/6/2 2690/6/2 2729/6/2
f 2691/4/2 2692/4/2 2729/4/2
f 2692/5/2 2693/5/2 2730/5/2
f 2729/4/2 2692/4/2 2730/4/2
f 2693/6/2 2694/6/2 2731/6/2
f 2730/5/2 2693/5/2 2731/5/2
f 2694/7/2 2655/7/2 2732/7/2
f 2731/6/2 2694/6/2 2732/6/2
f 2655/5/2 2695/5/2 2733/5/2
f 2732/7/2 2655/7/2 2733/7/2
f 2695/6/2 2696/6/2 2734/6/2
f 2733/5/2 2695/5/2 2734/5/2
f 2696/5/2 2697/5/2 2735/5/2
f 2734/6/2 2696/6/2 2735/6/2
f 2697/7/2 2698/7/2 2736/7/2
f 2735/5/2 2697/5/2 2736/5/2
f 2700/4/2 2701/4/2 2737/4/2
f 2736/7/2 2698/7/2 2737/7/2
f 2699/4/2 2700/4/2 2737/4/2
f 2698/4/2 2699/4/2 2737/4/2
f 2701/7/2 2702/7/2 2738/7/2
f 2737/4/2 2701/4/2 2738/4/2
f 2702/5/2 2703/5/2 2739/5/2
f 2738/7/2 2702/7/2 2739/7/2
f 2739/5/2 2703/5/2 2740/5/2
f 2741/9/2 2742/9/2 2743/9/2
f 2743/9/2 2742/9/2 2744/9/2
f 2745/8/2 2746/8/2 2790/8/2
f 2746/5/2 2747/5/2 2791/5/2
f 2790/8/2 2746/8/2 2791/8/2
f 2747/6/2 2748/6/2 2792/6/2
f 2791/5/2 2747/5/2 2792/5/2
f 2748/6/2 2749/6/2 2792/6/2
f 2749/6/2 2750/6/2 2792/6/2
f 2750/7/2 2751/7/2 2793/7/2
f 2792/6/2 2750/6/2 2793/6/2
f 2751/4/2 2752/4/2 2794/4/2
f 2793/7/2 2751/7/2 2794/7/2
f 2752/5/2 2753/5/2 2795/5/2
f 2794/4/2 2752/4/2 2795/4/2
f 2753/5/2 2754/5/2 2795/5/2
f 2754/6/2 2755/6/2 2796/6/2
f 2795/5/2 2754/5/2 2796/5/2
f 2755/7/2 2756/7/2 2797/7/2
f 2796/6/2 2755/6/2 2797/6/2
f 2756/6/2 2757/6/2 2798/6/2
f 2797/7/2 2756/7/2 2798/7/2
f 2757/4/2 2758/4/2 2799/4/2
f 2798/6/2 2757/6/2 2799/6/2
f 2758/6/2 2759/6/2 2800/6/2
f 2799/4/2 2758/4/2 2800/4/2
f 2759/6/2 2760/6/2 2800/6/2
f 2760/7/2 2761/7/2 2801/7/2
f 2800/6/2 2760/6/2 2801/6/2
f 2761/5/2 2762/5/2 2802/5/2
f 2801/7/2 2761/7/2 2802/7/2
f 2762/5/2 2763/5/2 2802/5/2
f 2763/5/2 2764/5/2 2802/5/2
f 2764/5/2 2765/5/2 2802/5/2
f 2765/7/2 2766/7/2 2803/7/2
f 2802/5/2 2765/5/2 2803/5/2
f 2766/4/2 2767/4/2 2804/4/2
f 2803/7/2 2766/7/2 2804/7/2
f 2767/4/2 2768/4/2 2804/4/2
f 2768/4/2 2769/4/2 2804/4/2
f 2769/4/2 2770/4/2 2804/4/2
f 2770/7/2 2771/7/2 2805/7/2
f 2804/4/2 2770/4/2 2805/4/2
f 2771/6/2 2772/6/2 2806/6/2
f 2805/7/2 2771/7/2 2806/7/2
f 2772/4/2 2773/4/2 2807/4/2
f 2806/6/2 2772/6/2 2807/6/2
f 2773/6/2 2774/6/2 2808/6/2
f 2807/4/2 2773/4/2 2808/4/2
f 2774/5/2 2775/5/2 2809/5/2
f 2808/6/2 2774/6/2 2809/6/2
f 2775/4/2 2776/4/2 2810/4/2
f 2809/5/2 2775/5/2 2810/5/2
f 2776/7/2 2777/7/2 2811/7/2
f 2810/4/2 2776/4/2 2811/4/2
f 2777/4/2 2778/4/2 2812/4/2
f 2811/7/2 2777/7/2 2812/7/2
f 2778/5/2 2779/5/2 2813/5/2
f 2812/4/2 2778/4/2 2813/4/2
f 2780/6/2 2781/6/2 2814/6/2
f 2813/5/2 2779/5/2 2814/5/2
f 2779/6/2 2780/6/2 2814/6/2
f 2781/7/2 2782/7/2 2815/7/2
f 2814/6/2 2781/6/2 2815/6/2
f 2783/5/2 2784/5/2 2816/5/2
f 2815/7/2 2782/7/2 2816/7/2
f 2782/5/2 2783/5/2 2816/5/2
f 2784/4/2 2785/4/2 2817/4/2
f 2816/5/2 2784/5/2 2817/5/2
f 2785/5/2 2786/5/2 2818/5/2
f 2817/4/2 2785/4/2 2818/4/2
f 2786/7/2 2787/7/2 2819/7/2
f 2818/5/2 2786/5/2 2819/5/2
f 2787/5/2 2788/5/2 2820/5/2
f 2819/7/2 2787/7/2 2820/7/2
f 2788/6/2 2789/6/2 2821/6/2
f 2820/5/2 2788/5/2 2821/5/2
f 2821/6/2 2789/6/2 2822/6/2
f 2823/8/2 2824/8/2 2865/8/2
f 2824/4/2 2825/4/2 2865/4/2
f 2825/5/2 2826/5/2 2866/5/2
f 2865/4/2 2825/4/2 2866/4/2
f 2826/5/2 2827/5/2 2866/5/2
f 2827/5/2 2828/5/2 2866/5/2
f 2866/5/2 2828/5/2 2867/5/2
f 2867/5/2 2828/5/2 2868/5/2
f 2828/7/2 2829/7/2 2869/7/2
f 2868/5/2 2828/5/2 2869/5/2
f 2829/6/2 2830/6/2 2870/6/2
f 2869/7/2 2829/7/2 2870/7/2
f 2830/5/2 2831/5/2 2871/5/2
f 2870/6/2 2830/6/2 2871/6/2
f 2831/6/2 2832/6/2 2872/6/2
f 2871/5/2 2831/5/2 2872/5/2
f 2833/7/2 2834/7/2 2873/7/2
f 2834/6/2 2835/6/2 2873/6/2
f 2835/4/2 2836/4/2 2874/4/2
f 2873/6/2 2835/6/2 2874/6/2
f 2836/5/2 2837/5/2 2875/5/2
f 2837/7/2 2838/7/2 2876/7/2
f 2875/5/2 2837/5/2 2876/5/2
f 2838/6/2 2839/6/2 2877/6/2
f 2876/7/2 2838/7/2 2877/7/2
f 2839/6/2 2840/6/2 2877/6/2
f 2877/6/2 2840/6/2 2878/6/2
f 2840/5/2 2841/5/2 2879/5/2
f 2878/6/2 2840/6/2 2879/6/2
f 2841/4/2 2842/4/2 2880/4/2
f 2879/5/2 2841/5/2 2880/5/2
f 2842/7/2 2843/7/2 2881/7/2
f 2880/4/2 2842/4/2 2881/4/2
f 2843/5/2 2844/5/2 2882/5/2
f 2881/7/2 2843/7/2 2882/7/2
f 2844/4/2 2845/4/2 2883/4/2
f 2882/5/2 2844/5/2 2883/5/2
f 2845/6/2 2846/6/2 2884/6/2
f 2883/4/2 2845/4/2 2884/4/2
f 2846/4/2 2847/4/2 2885/4/2
f 2884/6/2 2846/6/2 2885/6/2
f 2847/7/2 2848/7/2 2886/7/2
f 2885/4/2 2847/4/2 2886/4/2
f 2848/5/2 2849/5/2 2887/5/2
f 2886/7/2 2848/7/2 2887/7/2
f 2849/6/2 2850/6/2 2888/6/2
f 2887/5/2 2849/5/2 2888/5/2
f 2850/6/2 2851/6/2 2888/6/2
f 2851/6/2 2852/6/2 2888/6/2
f 2888/6/2 2852/6/2 2889/6/2
f 2852/5/2 2853/5/2 2890/5/2
f 2889/6/2 2852/6/2 2890/6/2
f 2853/7/2 2854/7/2 2891/7/2
f 2890/5/2 2853/5/2 2891/5/2
f 2854/5/2 2855/5/2 2892/5/2
f 2855/6/2 2856/6/2 2892/6/2
f 2856/4/2 2857/4/2 2893/4/2
f 2892/6/2 2856/6/2 2893/6/2
f 2857/5/2 2858/5/2 2894/5/2
f 2893/4/2 2857/4/2 2894/4/2
f 2858/7/2 2859/7/2 2895/7/2
f 2894/5/2 2858/5/2 2895/5/2
f 2859/4/2 2860/4/2 2896/4/2
f 2895/7/2 2859/7/2 2896/7/2
f 2860/5/2 2861/5/2 2897/5/2
f 2896/4/2 2860/4/2 2897/4/2
f 2861/4/2 2862/4/2 2898/4/2
f 2897/5/2 2861/5/2 2898/5/2
f 2862/7/2 2863/7/2 2899/7/2
f 2898/4/2 2862/4/2 2899/4/2
f 2863/6/2 2864/6/2 2900/6/2
f 2823/8/2 2865/8/2 2901/8/2
f 2865/6/2 2866/6/2 2902/6/2
f 2901/8/2 2865/8/2 2902/8/2
f 2866/5/2 2867/5/2 2903/5/2
f 2902/6/2 2866/6/2 2903/6/2
f 2867/6/2 2868/6/2 2904/6/2
f 2903/5/2 2867/5/2 2904/5/2
f 2868/4/2 2869/4/2 2905/4/2
f 2904/6/2 2868/6/2 2905/6/2
f 2869/7/2 2870/7/2 2906/7/2
f 2905/4/2 2869/4/2 2906/4/2
f 2870/5/2 2871/5/2 2907/5/2
f 2906/7/2 2870/7/2 2907/7/2
f 2871/4/2 2872/4/2 2908/4/2
f 2907/5/2 2871/5/2 2908/5/2
f 2872/6/2 2832/6/2 2909/6/2
f 2908/4/2 2872/4/2 2909/4/2
f 2832/4/2 2833/4/2 2910/4/2
f 2909/6/2 2832/6/2 2910/6/2
f 2833/7/2 2873/7/2 2911/7/2
f 2910/4/2 2833/4/2 2911/4/2
f 2873/5/2 2874/5/2 2912/5/2
f 2911/7/2 2873/7/2 2912/7/2
f 2874/4/2 2836/4/2 2913/4/2
f 2912/5/2 2874/5/2 2913/5/2
f 2836/5/2 2875/5/2 2914/5/2
f 2913/4/2 2836/4/2 2914/4/2
f 2875/6/2 2876/6/2 2915/6/2
f 2914/5/2 2875/5/2 2915/5/2
f 2876/7/2 2877/7/2 2916/7/2
f 2915/6/2 2876/6/2 2916/6/2
f 2877/4/2 2878/4/2 2917/4/2
f 2916/7/2 2877/7/2 2917/7/2
f 2878/6/2 2879/6/2 2918/6/2
f 2917/4/2 2878/4/2 2918/4/2
f 2879/4/2 2880/4/2 2919/4/2
f 2918/6/2 2879/6/2 2919/6/2
f 2880/6/2 2881/6/2 2920/6/2
f 2919/4/2 2880/4/2 2920/4/2
f 2881/7/2 2882/7/2 2921/7/2
f 2920/6/2 2881/6/2 2921/6/2
f 2882/6/2 2883/6/2 2922/6/2
f 2921/7/2 2882/7/2 2922/7/2
f 2883/5/2 2884/5/2 2923/5/2
f 2922/6/2 2883/6/2 2923/6/2
f 2884/4/2 2885/4/2 2924/4/2
f 2923/5/2 2884/5/2 2924/5/2
f 2885/5/2 2886/5/2 2925/5/2
f 2924/4/2 2885/4/2 2925/4/2
f 2886/7/2 2887/7/2 2926/7/2
f 2925/5/2 2886/5/2 2926/5/2
f 2888/6/2 2889/6/2 2927/6/2
f 2926/7/2 2887/7/2 2927/7/2
f 2887/6/2 2888/6/2 2927/6/2
f 2889/5/2 2890/5/2 2928/5/2
f 2927/6/2 2889/6/2 2928/6/2
f 2890/6/2 2891/6/2 2929/6/2
f 2928/5/2 2890/5/2 2929/5/2
f 2891/7/2 2854/7/2 2930/7/2
f 2929/6/2 2891/6/2 2930/6/2
f 2854/5/2 2892/5/2 2931/5/2
f 2930/7/2 2854/7/2 2931/7/2
f 2892/5/2 2893/5/2 2931/5/2
f 2893/5/2 2894/5/2 2931/5/2
f 2894/6/2 2895/6/2 2932/6/2
f 2931/5/2 2894/5/2 2932/5/2
f 2895/7/2 2896/7/2 2933/7/2
f 2932/6/2 2895/6/2 2933/6/2
f 2896/6/2 2897/6/2 2934/6/2
f 2933/7/2 2896/7/2 2934/7/2
f 2897/5/2 2898/5/2 2935/5/2
f 2934/6/2 2897/6/2 2935/6/2
f 2898/6/2 2899/6/2 2936/6/2
f 2935/5/2 2898/5/2 2936/5/2
f 2899/7/2 2863/7/2 2937/7/2
f 2936/6/2 2899/6/2 2937/6/2
f 2863/6/2 2900/6/2 2938/6/2
f 2937/7/2 2863/7/2 2938/7/2
f 2938/6/2 2900/6/2 2939/6/2
f 2940/9/2 2941/9/2 2942/9/2
f 2942/9/2 2941/9/2 2943/9/2
f 2945/6/2 2946/6/2 2981/6/2
f 2946/6/2 2947/6/2 2981/6/2
f 2947/6/2 2948/6/2 2981/6/2
f 2981/6/2 2948/6/2 2982/6/2
f 2948/5/2 2949/5/2 2983/5/2
f 2982/6/2 2948/6/2 2983/6/2
f 2950/5/2 2951/5/2 2984/5/2
f 2951/4/2 2952/4/2 2985/4/2
f 2984/5/2 2951/5/2 2985/5/2
f 2985/4/2 2952/4/2 2986/4/2
f 2952/7/2 2953/7/2 2987/7/2
f 2986/4/2 2952/4/2 2987/4/2
f 2953/5/2 2954/5/2 2988/5/2
f 2987/7/2 2953/7/2 2988/7/2
f 2954/4/2 2955/4/2 2989/4/2
f 2988/5/2 2954/5/2 2989/5/2
f 2955/5/2 2956/5/2 2990/5/2
f 2989/4/2 2955/4/2 2990/4/2
f 2956/6/2 2957/6/2 2991/6/2
f 2990/5/2 2956/5/2 2991/5/2
f 2957/7/2 2958/7/2 2992/7/2
f 2991/6/2 2957/6/2 2992/6/2
f 2958/4/2 2959/4/2 2993/4/2
f 2959/5/2 2960/5/2 2993/5/2
f 2960/4/2 2961/4/2 2994/4/2
f 2993/5/2 2960/5/2 2994/5/2
f 2961/4/2 2962/4/2 2994/4/2
f 2994/4/2 2962/4/2 2995/4/2
f 2995/4/2 2962/4/2 2996/4/2
f 2962/7/2 2963/7/2 2997/7/2
f 2996/4/2 2962/4/2 2997/4/2
f 2963/5/2 2964/5/2 2998/5/2
f 2964/5/2 2965/5/2 2998/5/2
f 2965/6/2 2966/6/2 2999/6/2
f 2998/5/2 2965/5/2 2999/5/2
f 2966/7/2 2967/7/2 3000/7/2
f 2999/6/2 2966/6/2 3000/6/2
f 2967/5/2 2968/5/2 3001/5/2
f 2968/4/2 2969/4/2 3001/4/2
f 2969/6/2 2970/6/2 3002/6/2
f 3001/4/2 2969/4/2 3002/4/2
f 2972/7/2 2973/7/2 3003/7/2
f 2973/4/2 2974/4/2 3003/4/2
f 2974/4/2 2975/4/2 3003/4/2
f 3003/4/2 2975/4/2 3004/4/2
f 3004/4/2 2975/4/2 3005/4/2
f 2975/7/2 2976/7/2 3006/7/2
f 3005/4/2 2975/4/2 3006/4/2
f 2976/4/2 2977/4/2 3007/4/2
f 3006/7/2 2976/7/2 3007/7/2
f 3007/4/2 2977/4/2 3008/4/2
f 2978/6/2 2979/6/2 3009/6/2
f 3008/4/2 2977/4/2 3009/4/2
f 2977/6/2 2978/6/2 3009/6/2
f 3009/6/2 2979/6/2 3010/6/2
f 2979/7/2 2980/7/2 3011/7/2
f 2944/8/2 2945/8/2 3012/8/2
f 2945/6/2 2981/6/2 3012/6/2
f 2981/4/2 2982/4/2 3013/4/2
f 3012/6/2 2981/6/2 3013/6/2
f 2982/5/2 2983/5/2 3014/5/2
f 3013/4/2 2982/4/2 3014/4/2
f 2983/5/2 2949/5/2 3015/5/2
f 3014/5/2 2983/5/2 3015/5/2
f 2949/7/2 2950/7/2 3016/7/2
f 2950/5/2 2984/5/2 3016/5/2
f 2984/6/2 2985/6/2 3017/6/2
f 3016/5/2 2984/5/2 3017/5/2
f 2985/4/2 2986/4/2 3018/4/2
f 3017/6/2 2985/6/2 3018/6/2
f 2986/5/2 2987/5/2 3019/5/2
f 3018/4/2 2986/4/2 3019/4/2
f 2987/7/2 2988/7/2 3020/7/2
f 2988/6/2 2989/6/2 3020/6/2
f 2989/4/2 2990/4/2 3021/4/2
f 3020/6/2 2989/6/2 3021/6/2
f 2990/4/2 2991/4/2 3021/4/2
f 2991/4/2 2992/4/2 3021/4/2
f 2992/7/2 2958/7/2 3022/7/2
f 3021/4/2 2992/4/2 3022/4/2
f 2958/4/2 2993/4/2 3023/4/2
f 3022/7/2 2958/7/2 3023/7/2
f 2993/6/2 2994/6/2 3024/6/2
f 3023/4/2 2993/4/2 3024/4/2
f 2994/4/2 2995/4/2 3025/4/2
f 3024/6/2 2994/6/2 3025/6/2
f 2995/6/2 2996/6/2 3026/6/2
f 3025/4/2 2995/4/2 3026/4/2
f 2996/5/2 2997/5/2 3027/5/2
f 3026/6/2 2996/6/2 3027/6/2
f 2997/7/2 2963/7/2 3028/7/2
f 3027/5/2 2997/5/2 3028/5/2
f 2963/5/2 2998/5/2 3029/5/2
f 3028/7/2 2963/7/2 3029/7/2
f 2998/4/2 2999/4/2 3030/4/2
f 3029/5/2 2998/5/2 3030/5/2
f 2999/5/2 3000/5/2 3031/5/2
f 3030/4/2 2999/4/2 3031/4/2
f 3000/7/2 2967/7/2 3032/7/2
f 3031/5/2 3000/5/2 3032/5/2
f 2967/5/2 3001/5/2 3033/5/2
f 3032/7/2 2967/7/2 3033/7/2
f 3001/5/2 3002/5/2 3033/5/2
f 3002/6/2 2970/6/2 3034/6/2
f 3033/5/2 3002/5/2 3034/5/2
f 2970/5/2 2971/5/2 3035/5/2
f 3034/6/2 2970/6/2 3035/6/2
f 2971/4/2 2972/4/2 3036/4/2
f 3035/5/2 2971/5/2 3036/5/2
f 2972/7/2 3003/7/2 3037/7/2
f 3036/4/2 2972/4/2 3037/4/2
f 3003/5/2 3004/5/2 3038/5/2
f 3037/7/2 3003/7/2 3038/7/2
f 3004/6/2 3005/6/2 3039/6/2
f 3038/5/2 3004/5/2 3039/5/2
f 3039/6/2 3005/6/2 3040/6/2
f 3005/5/2 3006/5/2 3041/5/2
f 3040/6/2 3005/6/2 3041/6/2
f 3006/7/2 3007/7/2 3042/7/2
f 3041/5/2 3006/5/2 3042/5/2
f 3007/5/2 3008/5/2 3043/5/2
f 3042/7/2 3007/7/2 3043/7/2
f 3008/6/2 3009/6/2 3044/6/2
f 3043/5/2 3008/5/2 3044/5/2
f 3009/5/2 3010/5/2 3045/5/2
f 3044/6/2 3009/6/2 3045/6/2
f 3010/6/2 2979/6/2 3046/6/2
f 3045/5/2 3010/5/2 3046/5/2
f 2979/7/2 3011/7/2 3047/7/2
f 3046/6/2 2979/6/2 3047/6/2
f 2944/8/2 3012/8/2 3048/8/2
f 3012/5/2 3013/5/2 3049/5/2
f 3048/8/2 3012/8/2 3049/8/2
f 3013/6/2 3014/6/2 3050/6/2
f 3049/5/2 3013/5/2 3050/5/2
f 3014/4/2 3015/4/2 3051/4/2
f 3050/6/2 3014/6/2 3051/6/2
f 3015/5/2 2949/5/2 3052/5/2
f 3051/4/2 3015/4/2 3052/4/2
f 2949/7/2 3016/7/2 3053/7/2
f 3052/5/2 2949/5/2 3053/5/2
f 3016/4/2 3017/4/2 3054/4/2
f 3053/7/2 3016/7/2 3054/7/2
f 3017/6/2 3018/6/2 3055/6/2
f 3054/4/2 3017/4/2 3055/4/2
f 3018/6/2 3019/6/2 3055/6/2
f 3019/5/2 2987/5/2 3056/5/2
f 3055/6/2 3019/6/2 3056/6/2
f 2987/7/2 3020/7/2 3057/7/2
f 3056/5/2 2987/5/2 3057/5/2
f 3020/5/2 3021/5/2 3058/5/2
f 3057/7/2 3020/7/2 3058/7/2
f 3021/6/2 3022/6/2 3059/6/2
f 3058/5/2 3021/5/2 3059/5/2
f 3022/7/2 3023/7/2 3060/7/2
f 3059/6/2 3022/6/2 3060/6/2
f 3024/5/2 3025/5/2 3061/5/2
f 3060/7/2 3023/7/2 3061/7/2
f 3023/5/2 3024/5/2 3061/5/2
f 3025/4/2 3026/4/2 3062/4/2
f 3061/5/2 3025/5/2 3062/5/2
f 3026/5/2 3027/5/2 3063/5/2
f 3062/4/2 3026/4/2 3063/4/2
f 3027/4/2 3028/4/2 3064/4/2
f 3063/5/2 3027/5/2 3064/5/2
f 3028/7/2 3029/7/2 3065/7/2
f 3064/4/2 3028/4/2 3065/4/2
f 3029/6/2 3030/6/2 3066/6/2
f 3065/7/2 3029/7/2 3066/7/2
f 3030/5/2 3031/5/2 3067/5/2
f 3066/6/2 3030/6/2 3067/6/2
f 3031/6/2 3032/6/2 3068/6/2
f 3067/5/2 3031/5/2 3068/5/2
f 3032/7/2 3033/7/2 3069/7/2
f 3068/6/2 3032/6/2 3069/6/2
f 3033/6/2 3034/6/2 3070/6/2
f 3069/7/2 3033/7/2 3070/7/2
f 3034/4/2 3035/4/2 3071/4/2
f 3070/6/2 3034/6/2 3071/6/2
f 3036/5/2 3037/5/2 3072/5/2
f 3071/4/2 3035/4/2 3072/4/2
f 3035/5/2 3036/5/2 3072/5/2
f 3037/7/2 3038/7/2 3073/7/2
f 3072/5/2 3037/5/2 3073/5/2
f 3038/6/2 3039/6/2 3074/6/2
f 3073/7/2 3038/7/2 3074/7/2
f 3039/5/2 3040/5/2 3075/5/2
f 3074/6/2 3039/6/2 3075/6/2
f 3040/4/2 3041/4/2 3076/4/2
f 3075/5/2 3040/5/2 3076/5/2
f 3041/6/2 3042/6/2 3077/6/2
f 3076/4/2 3041/4/2 3077/4/2
f 3042/7/2 3043/7/2 3078/7/2
f 3077/6/2 3042/6/2 3078/6/2
f 3043/4/2 3044/4/2 3079/4/2
f 3078/7/2 3043/7/2 3079/7/2
f 3044/6/2 3045/6/2 3080/6/2
f 3079/4/2 3044/4/2 3080/4/2
f 3045/6/2 3046/6/2 3080/6/2
f 3046/4/2 3047/4/2 3081/4/2
f 3080/6/2 3046/6/2 3081/6/2
f 3047/7/2 3011/7/2 3082/7/2
f 3081/4/2 3047/4/2 3082/4/2
f 3082/7/2 3011/7/2 3083/7/2
f 3084/8/2 3085/8/2 3122/8/2
f 3085/6/2 3086/6/2 3123/6/2
f 3122/8/2 3085/8/2 3123/8/2
f 3086/4/2 3087/4/2 3124/4/2
f 3123/6/2 3086/6/2 3124/6/2
f 3087/6/2 3088/6/2 3125/6/2
f 3124/4/2 3087/4/2 3125/4/2
f 3088/4/2 3089/4/2 3126/4/2
f 3125/6/2 3088/6/2 3126/6/2
f 3089/7/2 3090/7/2 3127/7/2
f 3126/4/2 3089/4/2 3127/4/2
f 3090/4/2 3091/4/2 3128/4/2
f 3127/7/2 3090/7/2 3128/7/2
f 3091/6/2 3092/6/2 3129/6/2
f 3128/4/2 3091/4/2 3129/4/2
f 3092/6/2 3093/6/2 3129/6/2
f 3093/7/2 3094/7/2 3130/7/2
f 3129/6/2 3093/6/2 3130/6/2
f 3094/5/2 3095/5/2 3131/5/2
f 3130/7/2 3094/7/2 3131/7/2
f 3095/5/2 3096/5/2 3131/5/2
f 3096/4/2 3097/4/2 3132/4/2
f 3131/5/2 3096/5/2 3132/5/2
f 3097/7/2 3098/7/2 3133/7/2
f 3132/4/2 3097/4/2 3133/4/2
f 3098/5/2 3099/5/2 3134/5/2
f 3133/7/2 3098/7/2 3134/7/2
f 3099/5/2 3100/5/2 3134/5/2
f 3100/6/2 3101/6/2 3135/6/2
f 3134/5/2 3100/5/2 3135/5/2
f 3101/5/2 3102/5/2 3136/5/2
f 3135/6/2 3101/6/2 3136/6/2
f 3102/7/2 3103/7/2 3137/7/2
f 3136/5/2 3102/5/2 3137/5/2
f 3103/6/2 3104/6/2 3138/6/2
f 3137/7/2 3103/7/2 3138/7/2
f 3104/4/2 3105/4/2 3139/4/2
f 3138/6/2 3104/6/2 3139/6/2
f 3105/4/2 3106/4/2 3139/4/2
f 3106/7/2 3107/7/2 3140/7/2
f 3139/4/2 3106/4/2 3140/4/2
f 3107/6/2 3108/6/2 3141/6/2
f 3140/7/2 3107/7/2 3141/7/2
f 3108/5/2 3109/5/2 3142/5/2
f 3141/6/2 3108/6/2 3142/6/2
f 3109/4/2 3110/4/2 3143/4/2
f 3142/5/2 3109/5/2 3143/5/2
f 3110/5/2 3111/5/2 3144/5/2
f 3143/4/2 3110/4/2 3144/4/2
f 3111/7/2 3112/7/2 3145/7/2
f 3144/5/2 3111/5/2 3145/5/2
f 3112/4/2 3113/4/2 3146/4/2
f 3145/7/2 3112/7/2 3146/7/2
f 3113/5/2 3114/5/2 3147/5/2
f 3146/4/2 3113/4/2 3147/4/2
f 3114/5/2 3115/5/2 3147/5/2
f 3115/7/2 3116/7/2 3148/7/2
f 3147/5/2 3115/5/2 3148/5/2
f 3117/5/2 3118/5/2 3149/5/2
f 3148/7/2 3116/7/2 3149/7/2
f 3116/5/2 3117/5/2 3149/5/2
f 3118/6/2 3119/6/2 3150/6/2
f 3149/5/2 3118/5/2 3150/5/2
f 3119/5/2 3120/5/2 3151/5/2
f 3150/6/2 3119/6/2 3151/6/2
f 3120/7/2 3121/7/2 3152/7/2
f 3151/5/2 3120/5/2 3152/5/2
f 3152/7/2 3121/7/2 3153/7/2
f 3155/5/2 3156/5/2 3193/5/2
f 3156/4/2 3157/4/2 3194/4/2
f 3193/5/2 3156/5/2 3194/5/2
f 3157/6/2 3158/6/2 3195/6/2
f 3194/4/2 3157/4/2 3195/4/2
f 3158/7/2 3159/7/2 3196/7/2
f 3195/6/2 3158/6/2 3196/6/2
f 3159/6/2 3160/6/2 3197/6/2
f 3160/5/2 3161/5/2 3197/5/2
f 3161/6/2 3162/6/2 3198/6/2
f 3197/5/2 3161/5/2 3198/5/2
f 3162/6/2 3163/6/2 3198/6/2
f 3163/7/2 3164/7/2 3199/7/2
f 3164/5/2 3165/5/2 3199/5/2
f 3165/5/2 3166/5/2 3199/5/2
f 3199/5/2 3166/5/2 3200/5/2
f 3166/4/2 3167/4/2 3201/4/2
f 3200/5/2 3166/5/2 3201/5/2
f 3167/7/2 3168/7/2 3202/7/2
f 3201/4/2 3167/4/2 3202/4/2
f 3168/4/2 3169/4/2 3203/4/2
f 3202/7/2 3168/7/2 3203/7/2
f 3169/5/2 3170/5/2 3204/5/2
f 3203/4/2 3169/4/2 3204/4/2
f 3170/6/2 3171/6/2 3205/6/2
f 3204/5/2 3170/5/2 3205/5/2
f 3173/7/2 3174/7/2 3206/7/2
f 3174/6/2 3175/6/2 3206/6/2
f 3175/4/2 3176/4/2 3207/4/2
f 3206/6/2 3175/6/2 3207/6/2
f 3176/5/2 3177/5/2 3208/5/2
f 3207/4/2 3176/4/2 3208/4/2
f 3177/4/2 3178/4/2 3209/4/2
f 3208/5/2 3177/5/2 3209/5/2
f 3178/7/2 3179/7/2 3210/7/2
f 3179/5/2 3180/5/2 3210/5/2
f 3180/4/2 3181/4/2 3211/4/2
f 3210/5/2 3180/5/2 3211/5/2
f 3181/5/2 3182/5/2 3212/5/2
f 3211/4/2 3181/4/2 3212/4/2
f 3182/4/2 3183/4/2 3213/4/2
f 3212/5/2 3182/5/2 3213/5/2
f 3184/7/2 3185/7/2 3214/7/2
f 3185/5/2 3186/5/2 3214/5/2
f 3186/4/2 3187/4/2 3215/4/2
f 3214/5/2 3186/5/2 3215/5/2
f 3187/4/2 3188/4/2 3215/4/2
f 3188/5/2 3189/5/2 3216/5/2
f 3215/4/2 3188/4/2 3216/4/2
f 3190/5/2 3191/5/2 3217/5/2
f 3191/6/2 3192/6/2 3218/6/2
f 3217/5/2 3191/5/2 3218/5/2
f 3218/6/2 3192/6/2 3219/6/2
f 3154/8/2 3155/8/2 3221/8/2
f 3155/5/2 3193/5/2 3221/5/2
f 3193/4/2 3194/4/2 3222/4/2
f 3221/5/2 3193/5/2 3222/5/2
f 3194/4/2 3195/4/2 3222/4/2
f 3195/4/2 3196/4/2 3222/4/2
f 3222/4/2 3196/4/2 3223/4/2
f 3159/6/2 3197/6/2 3224/6/2
f 3197/4/2 3198/4/2 3224/4/2
f 3198/6/2 3163/6/2 3225/6/2
f 3224/4/2 3198/4/2 3225/4/2
f 3225/6/2 3163/6/2 3226/6/2
f 3199/6/2 3200/6/2 3227/6/2
f 3163/7/2 3199/7/2 3227/7/2
f 3227/6/2 3200/6/2 3228/6/2
f 3200/5/2 3201/5/2 3229/5/2
f 3228/6/2 3200/6/2 3229/6/2
f 3201/6/2 3202/6/2 3230/6/2
f 3229/5/2 3201/5/2 3230/5/2
f 3202/7/2 3203/7/2 3231/7/2
f 3230/6/2 3202/6/2 3231/6/2
f 3203/5/2 3204/5/2 3232/5/2
f 3231/7/2 3203/7/2 3232/7/2
f 3204/4/2 3205/4/2 3233/4/2
f 3232/5/2 3204/5/2 3233/5/2
f 3205/6/2 3171/6/2 3234/6/2
f 3233/4/2 3205/4/2 3234/4/2
f 3171/4/2 3172/4/2 3235/4/2
f 3234/6/2 3171/6/2 3235/6/2
f 3206/4/2 3207/4/2 3236/4/2
f 3207/4/2 3208/4/2 3236/4/2
f 3208/4/2 3209/4/2 3236/4/2
f 3209/4/2 3178/4/2 3237/4/2
f 3236/4/2 3209/4/2 3237/4/2
f 3178/7/2 3210/7/2 3238/7/2
f 3237/4/2 3178/4/2 3238/4/2
f 3210/6/2 3211/6/2 3239/6/2
f 3238/7/2 3210/7/2 3239/7/2
f 3211/4/2 3212/4/2 3240/4/2
f 3239/6/2 3211/6/2 3240/6/2
f 3212/6/2 3213/6/2 3241/6/2
f 3240/4/2 3212/4/2 3241/4/2
f 3184/7/2 3214/7/2 3242/7/2
f 3214/4/2 3215/4/2 3242/4/2
f 3215/5/2 3216/5/2 3243/5/2
f 3242/4/2 3215/4/2 3243/4/2
f 3216/5/2 3189/5/2 3244/5/2
f 3243/5/2 3216/5/2 3244/5/2
f 3189/7/2 3190/7/2 3245/7/2
f 3244/5/2 3189/5/2 3245/5/2
f 3190/5/2 3217/5/2 3246/5/2
f 3245/7/2 3190/7/2 3246/7/2
f 3217/4/2 3218/4/2 3247/4/2
f 3246/5/2 3217/5/2 3247/5/2
f 3219/5/2 3220/5/2 3248/5/2
f 3218/5/2 3219/5/2 3248/5/2
f 3248/5/2 3220/5/2 3249/5/2
f 3154/8/2 3221/8/2 3250/8/2
f 3221/4/2 3222/4/2 3251/4/2
f 3250/8/2 3221/8/2 3251/8/2
f 3222/5/2 3223/5/2 3252/5/2
f 3251/4/2 3222/4/2 3252/4/2
f 3223/4/2 3196/4/2 3253/4/2
f 3252/5/2 3223/5/2 3253/5/2
f 3196/7/2 3159/7/2 3254/7/2
f 3253/4/2 3196/4/2 3254/4/2
f 3159/6/2 3224/6/2 3255/6/2
f 3254/7/2 3159/7/2 3255/7/2
f 3224/6/2 3225/6/2 3255/6/2
f 3225/4/2 3226/4/2 3256/4/2
f 3255/6/2 3225/6/2 3256/6/2
f 3226/6/2 3163/6/2 3257/6/2
f 3256/4/2 3226/4/2 3257/4/2
f 3163/7/2 3227/7/2 3258/7/2
f 3257/6/2 3163/6/2 3258/6/2
f 3227/4/2 3228/4/2 3259/4/2
f 3258/7/2 3227/7/2 3259/7/2
f 3228/5/2 3229/5/2 3260/5/2
f 3259/4/2 3228/4/2 3260/4/2
f 3229/4/2 3230/4/2 3261/4/2
f 3260/5/2 3229/5/2 3261/5/2
f 3230/4/2 3231/4/2 3261/4/2
f 3231/7/2 3232/7/2 3262/7/2
f 3261/4/2 3231/4/2 3262/4/2
f 3232/4/2 3233/4/2 3263/4/2
f 3262/7/2 3232/7/2 3263/7/2
f 3233/5/2 3234/5/2 3264/5/2
f 3263/4/2 3233/4/2 3264/4/2
f 3234/4/2 3235/4/2 3265/4/2
f 3264/5/2 3234/5/2 3265/5/2
f 3172/5/2 3173/5/2 3266/5/2
f 3265/4/2 3235/4/2 3266/4/2
f 3235/4/2 3172/4/2 3266/4/2
f 3173/7/2 3206/7/2 3267/7/2
f 3266/5/2 3173/5/2 3267/5/2
f 3206/4/2 3236/4/2 3268/4/2
f 3267/7/2 3206/7/2 3268/7/2
f 3236/6/2 3237/6/2 3269/6/2
f 3268/4/2 3236/4/2 3269/4/2
f 3237/5/2 3238/5/2 3270/5/2
f 3269/6/2 3237/6/2 3270/6/2
f 3238/7/2 3239/7/2 3271/7/2
f 3270/5/2 3238/5/2 3271/5/2
f 3239/4/2 3240/4/2 3272/4/2
f 3271/7/2 3239/7/2 3272/7/2
f 3240/6/2 3241/6/2 3273/6/2
f 3272/4/2 3240/4/2 3273/4/2
f 3213/4/2 3183/4/2 3274/4/2
f 3273/6/2 3241/6/2 3274/6/2
f 3241/6/2 3213/6/2 3274/6/2
f 3183/5/2 3184/5/2 3275/5/2
f 3274/4/2 3183/4/2 3275/4/2
f 3184/7/2 3242/7/2 3276/7/2
f 3275/5/2 3184/5/2 3276/5/2
f 3242/6/2 3243/6/2 3277/6/2
f 3276/7/2 3242/7/2 3277/7/2
f 3243/6/2 3244/6/2 3277/6/2
f 3244/4/2 3245/4/2 3278/4/2
f 3277/6/2 3244/6/2 3278/6/2
f 3245/7/2 3246/7/2 3279/7/2
f 3278/4/2 3245/4/2 3279/4/2
f 3246/6/2 3247/6/2 3280/6/2
f 3279/7/2 3246/7/2 3280/7/2
f 3247/4/2 3218/4/2 3281/4/2
f 3280/6/2 3247/6/2 3281/6/2
f 3218/5/2 3248/5/2 3282/5/2
f 3281/4/2 3218/4/2 3282/4/2
f 3248/4/2 3249/4/2 3283/4/2
f 3282/5/2 3248/5/2 3283/5/2
f 3283/4/2 3249/4/2 3284/4/2
f 3285/9/2 3286/9/2 3287/9/2
f 3287/9/2 3286/9/2 3288/9/2
f 3289/8/2 3290/8/2 3329/8/2
f 3290/4/2 3291/4/2 3329/4/2
f 3291/6/2 3292/6/2 3330/6/2
f 3329/4/2 3291/4/2 3330/4/2
f 3292/5/2 3293/5/2 3331/5/2
f 3330/6/2 3292/6/2 3331/6/2
f 3293/4/2 3294/4/2 3332/4/2
f 3331/5/2 3293/5/2 3332/5/2
f 3294/7/2 3295/7/2 3333/7/2
f 3332/4/2 3294/4/2 3333/4/2
f 3295/4/2 3296/4/2 3334/4/2
f 3333/7/2 3295/7/2 3334/7/2
f 3296/4/2 3297/4/2 3334/4/2
f 3334/4/2 3297/4/2 3335/4/2
f 3335/4/2 3297/4/2 3336/4/2
f 3297/6/2 3298/6/2 3337/6/2
f 3336/4/2 3297/4/2 3337/4/2
f 3299/5/2 3300/5/2 3338/5/2
f 3300/4/2 3301/4/2 3338/4/2
f 3301/6/2 3302/6/2 3339/6/2
f 3338/4/2 3301/4/2 3339/4/2
f 3302/4/2 3303/4/2 3340/4/2
f 3339/6/2 3302/6/2 3340/6/2
f 3303/7/2 3304/7/2 3341/7/2
f 3340/4/2 3303/4/2 3341/4/2
f 3304/4/2 3305/4/2 3342/4/2
f 3341/7/2 3304/7/2 3342/7/2
f 3305/6/2 3306/6/2 3343/6/2
f 3342/4/2 3305/4/2 3343/4/2
f 3306/6/2 3307/6/2 3343/6/2
f 3343/6/2 3307/6/2 3344/6/2
f 3307/4/2 3308/4/2 3345/4/2
f 3344/6/2 3307/6/2 3345/6/2
f 3308/6/2 3309/6/2 3346/6/2
f 3345/4/2 3308/4/2 3346/4/2
f 3309/7/2 3310/7/2 3347/7/2
f 3346/6/2 3309/6/2 3347/6/2
f 3310/4/2 3311/4/2 3348/4/2
f 3311/4/2 3312/4/2 3348/4/2
f 3312/5/2 3313/5/2 3348/5/2
f 3313/4/2 3314/4/2 3349/4/2
f 3348/5/2 3313/5/2 3349/5/2
f 3314/7/2 3315/7/2 3350/7/2
f 3349/4/2 3314/4/2 3350/4/2
f 3315/6/2 3316/6/2 3351/6/2
f 3350/7/2 3315/7/2 3351/7/2
f 3316/5/2 3317/5/2 3352/5/2
f 3351/6/2 3316/6/2 3352/6/2
f 3317/6/2 3318/6/2 3353/6/2
f 3318/4/2 3319/4/2 3353/4/2
f 3319/5/2 3320/5/2 3354/5/2
f 3353/4/2 3319/4/2 3354/4/2
f 3320/7/2 3321/7/2 3355/7/2
f 3354/5/2 3320/5/2 3355/5/2
f 3321/6/2 3322/6/2 3356/6/2
f 3322/6/2 3323/6/2 3356/6/2
f 3323/4/2 3324/4/2 3357/4/2
f 3356/6/2 3323/6/2 3357/6/2
f 3324/5/2 3325/5/2 3358/5/2
f 3357/4/2 3324/4/2 3358/4/2
f 3327/6/2 3328/6/2 3359/6/2
f 3326/5/2 3327/5/2 3359/5/2
f 3359/6/2 3328/6/2 3360/6/2
f 3289/8/2 3329/8/2 3361/8/2
f 3329/5/2 3330/5/2 3361/5/2
f 3330/5/2 3331/5/2 3361/5/2
f 3361/5/2 3331/5/2 3362/5/2
f 3331/6/2 3332/6/2 3363/6/2
f 3362/5/2 3331/5/2 3363/5/2
f 3332/6/2 3333/6/2 3363/6/2
f 3363/6/2 3333/6/2 3364/6/2
f 3333/7/2 3334/7/2 3365/7/2
f 3364/6/2 3333/6/2 3365/6/2
f 3334/6/2 3335/6/2 3366/6/2
f 3365/7/2 3334/7/2 3366/7/2
f 3335/4/2 3336/4/2 3367/4/2
f 3366/6/2 3335/6/2 3367/6/2
f 3336/5/2 3337/5/2 3368/5/2
f 3367/4/2 3336/4/2 3368/4/2
f 3337/6/2 3298/6/2 3369/6/2
f 3368/5/2 3337/5/2 3369/5/2
f 3298/7/2 3299/7/2 3370/7/2
f 3369/6/2 3298/6/2 3370/6/2
f 3299/5/2 3338/5/2 3371/5/2
f 3370/7/2 3299/7/2 3371/7/2
f 3338/5/2 3339/5/2 3371/5/2
f 3371/5/2 3339/5/2 3372/5/2
f 3339/6/2 3340/6/2 3373/6/2
f 3372/5/2 3339/5/2 3373/5/2
f 3340/6/2 3341/6/2 3373/6/2
f 3373/6/2 3341/6/2 3374/6/2
f 3343/5/2 3344/5/2 3375/5/2
f 3344/4/2 3345/4/2 3375/4/2
f 3345/5/2 3346/5/2 3376/5/2
f 3375/4/2 3345/4/2 3376/4/2
f 3346/4/2 3347/4/2 3377/4/2
f 3376/5/2 3346/5/2 3377/5/2
f 3347/7/2 3310/7/2 3378/7/2
f 3377/4/2 3347/4/2 3378/4/2
f 3310/4/2 3348/4/2 3379/4/2
f 3378/7/2 3310/7/2 3379/7/2
f 3379/4/2 3348/4/2 3380/4/2
f 3348/6/2 3349/6/2 3381/6/2
f 3380/4/2 3348/4/2 3381/4/2
f 3349/6/2 3350/6/2 3381/6/2
f 3381/6/2 3350/6/2 3382/6/2
f 3350/7/2 3351/7/2 3383/7/2
f 3382/6/2 3350/6/2 3383/6/2
f 3352/5/2 3317/5/2 3384/5/2
f 3351/5/2 3352/5/2 3384/5/2
f 3317/6/2 3353/6/2 3385/6/2
f 3384/5/2 3317/5/2 3385/5/2
f 3353/5/2 3354/5/2 3386/5/2
f 3385/6/2 3353/6/2 3386/6/2
f 3354/4/2 3355/4/2 3387/4/2
f 3386/5/2 3354/5/2 3387/5/2
f 3355/7/2 3321/7/2 3388/7/2
f 3387/4/2 3355/4/2 3388/4/2
f 3321/6/2 3356/6/2 3389/6/2
f 3388/7/2 3321/7/2 3389/7/2
f 3356/4/2 3357/4/2 3390/4/2
f 3389/6/2 3356/6/2 3390/6/2
f 3357/5/2 3358/5/2 3391/5/2
f 3390/4/2 3357/4/2 3391/4/2
f 3359/5/2 3360/5/2 3392/5/2
f 3326/5/2 3359/5/2 3392/5/2
f 3392/5/2 3360/5/2 3393/5/2
f 3361/4/2 3362/4/2 3394/4/2
f 3362/6/2 3363/6/2 3394/6/2
f 3363/5/2 3364/5/2 3395/5/2
f 3394/6/2 3363/6/2 3395/6/2
f 3365/7/2 3366/7/2 3396/7/2
f 3367/4/2 3368/4/2 3396/4/2
f 3366/4/2 3367/4/2 3396/4/2
f 3396/4/2 3368/4/2 3397/4/2
f 3368/6/2 3369/6/2 3398/6/2
f 3397/4/2 3368/4/2 3398/4/2
f 3369/5/2 3370/5/2 3399/5/2
f 3398/6/2 3369/6/2 3399/6/2
f 3370/7/2 3371/7/2 3400/7/2
f 3399/5/2 3370/5/2 3400/5/2
f 3371/6/2 3372/6/2 3401/6/2
f 3400/7/2 3371/7/2 3401/7/2
f 3373/4/2 3374/4/2 3402/4/2
f 3401/6/2 3372/6/2 3402/6/2
f 3372/4/2 3373/4/2 3402/4/2
f 3402/4/2 3374/4/2 3403/4/2
f 3374/6/2 3341/6/2 3404/6/2
f 3403/4/2 3374/4/2 3404/4/2
f 3341/7/2 3342/7/2 3405/7/2
f 3404/6/2 3341/6/2 3405/6/2
f 3342/6/2 3343/6/2 3406/6/2
f 3405/7/2 3342/7/2 3406/7/2
f 3343/5/2 3375/5/2 3407/5/2
f 3406/6/2 3343/6/2 3407/6/2
f 3376/6/2 3377/6/2 3408/6/2
f 3407/5/2 3375/5/2 3408/5/2
f 3375/6/2 3376/6/2 3408/6/2
f 3408/6/2 3377/6/2 3409/6/2
f 3377/5/2 3378/5/2 3410/5/2
f 3409/6/2 3377/6/2 3410/6/2
f 3378/7/2 3379/7/2 3411/7/2
f 3410/5/2 3378/5/2 3411/5/2
f 3379/5/2 3380/5/2 3412/5/2
f 3411/7/2 3379/7/2 3412/7/2
f 3380/4/2 3381/4/2 3413/4/2
f 3412/5/2 3380/5/2 3413/5/2
f 3381/5/2 3382/5/2 3414/5/2
f 3413/4/2 3381/4/2 3414/4/2
f 3382/4/2 3383/4/2 3415/4/2
f 3414/5/2 3382/5/2 3415/5/2
f 3351/5/2 3384/5/2 3416/5/2
f 3384/6/2 3385/6/2 3416/6/2
f 3385/6/2 3386/6/2 3416/6/2
f 3416/6/2 3386/6/2 3417/6/2
f 3386/4/2 3387/4/2 3418/4/2
f 3417/6/2 3386/6/2 3418/6/2
f 3387/6/2 3388/6/2 3419/6/2
f 3418/4/2 3387/4/2 3419/4/2
f 3388/7/2 3389/7/2 3420/7/2
f 3419/6/2 3388/6/2 3420/6/2
f 3389/4/2 3390/4/2 3421/4/2
f 3420/7/2 3389/7/2 3421/7/2
f 3390/6/2 3391/6/2 3422/6/2
f 3421/4/2 3390/4/2 3422/4/2
f 3391/5/2 3358/5/2 3423/5/2
f 3422/6/2 3391/6/2 3423/6/2
f 3358/5/2 3325/5/2 3424/5/2
f 3423/5/2 3358/5/2 3424/5/2
f 3325/7/2 3326/7/2 3425/7/2
f 3424/5/2 3325/5/2 3425/5/2
f 3326/5/2 3392/5/2 3426/5/2
f 3392/6/2 3393/6/2 3426/6/2
f 3426/6/2 3393/6/2 3427/6/2
f 3289/8/2 3361/8/2 3429/8/2
f 3394/4/2 3395/4/2 3430/4/2
f 3429/8/2 3361/8/2 3430/8/2
f 3361/4/2 3394/4/2 3430/4/2
f 3395/5/2 3364/5/2 3431/5/2
f 3430/4/2 3395/4/2 3431/4/2
f 3364/4/2 3365/4/2 3432/4/2
f 3431/5/2 3364/5/2 3432/5/2
f 3365/7/2 3396/7/2 3433/7/2
f 3432/4/2 3365/4/2 3433/4/2
f 3396/6/2 3397/6/2 3434/6/2
f 3433/7/2 3396/7/2 3434/7/2
f 3397/5/2 3398/5/2 3435/5/2
f 3434/6/2 3397/6/2 3435/6/2
f 3398/4/2 3399/4/2 3436/4/2
f 3435/5/2 3398/5/2 3436/5/2
f 3399/6/2 3400/6/2 3437/6/2
f 3436/4/2 3399/4/2 3437/4/2
f 3400/7/2 3401/7/2 3438/7/2
f 3437/6/2 3400/6/2 3438/6/2
f 3402/5/2 3403/5/2 3439/5/2
f 3438/7/2 3401/7/2 3439/7/2
f 3401/5/2 3402/5/2 3439/5/2
f 3403/6/2 3404/6/2 3440/6/2
f 3439/5/2 3403/5/2 3440/5/2
f 3404/5/2 3405/5/2 3441/5/2
f 3440/6/2 3404/6/2 3441/6/2
f 3405/7/2 3406/7/2 3442/7/2
f 3441/5/2 3405/5/2 3442/5/2
f 3406/5/2 3407/5/2 3443/5/2
f 3442/7/2 3406/7/2 3443/7/2
f 3407/4/2 3408/4/2 3444/4/2
f 3443/5/2 3407/5/2 3444/5/2
f 3408/6/2 3409/6/2 3445/6/2
f 3444/4/2 3408/4/2 3445/4/2
f 3409/5/2 3410/5/2 3446/5/2
f 3445/6/2 3409/6/2 3446/6/2
f 3410/4/2 3411/4/2 3447/4/2
f 3446/5/2 3410/5/2 3447/5/2
f 3411/7/2 3412/7/2 3448/7/2
f 3447/4/2 3411/4/2 3448/4/2
f 3412/4/2 3413/4/2 3449/4/2
f 3448/7/2 3412/7/2 3449/7/2
f 3413/4/2 3414/4/2 3449/4/2
f 3414/4/2 3415/4/2 3449/4/2
f 3383/7/2 3351/7/2 3450/7/2
f 3449/4/2 3415/4/2 3450/4/2
f 3415/4/2 3383/4/2 3450/4/2
f 3351/5/2 3416/5/2 3451/5/2
f 3450/7/2 3351/7/2 3451/7/2
f 3416/4/2 3417/4/2 3452/4/2
f 3451/5/2 3416/5/2 3452/5/2
f 3418/6/2 3419/6/2 3453/6/2
f 3452/4/2 3417/4/2 3453/4/2
f 3417/6/2 3418/6/2 3453/6/2
f 3419/5/2 3420/5/2 3454/5/2
f 3453/6/2 3419/6/2 3454/6/2
f 3420/7/2 3421/7/2 3455/7/2
f 3454/5/2 3420/5/2 3455/5/2
f 3422/6/2 3423/6/2 3456/6/2
f 3455/7/2 3421/7/2 3456/7/2
f 3421/6/2 3422/6/2 3456/6/2
f 3423/4/2 3424/4/2 3457/4/2
f 3456/6/2 3423/6/2 3457/6/2
f 3424/6/2 3425/6/2 3458/6/2
f 3457/4/2 3424/4/2 3458/4/2
f 3425/7/2 3326/7/2 3459/7/2
f 3458/6/2 3425/6/2 3459/6/2
f 3426/5/2 3427/5/2 3460/5/2
f 3459/7/2 3326/7/2 3460/7/2
f 3326/5/2 3426/5/2 3460/5/2
f 3427/4/2 3428/4/2 3461/4/2
f 3460/5/2 3427/5/2 3461/5/2
f 3461/4/2 3428/4/2 3462/4/2
f 3464/6/2 3465/6/2 3501/6/2
f 3465/4/2 3466/4/2 3502/4/2
f 3501/6/2 3465/6/2 3502/6/2
f 3466/4/2 3467/4/2 3502/4/2
f 3502/4/2 3467/4/2 3503/4/2
f 3467/7/2 3468/7/2 3504/7/2
f 3468/4/2 3469/4/2 3504/4/2
f 3469/5/2 3470/5/2 3505/5/2
f 3504/4/2 3469/4/2 3505/4/2
f 3470/6/2 3471/6/2 3506/6/2
f 3505/5/2 3470/5/2 3506/5/2
f 3471/4/2 3472/4/2 3507/4/2
f 3506/6/2 3471/6/2 3507/6/2
f 3472/7/2 3473/7/2 3508/7/2
f 3507/4/2 3472/4/2 3508/4/2
f 3474/5/2 3475/5/2 3509/5/2
f 3475/5/2 3476/5/2 3509/5/2
f 3476/4/2 3477/4/2 3510/4/2
f 3509/5/2 3476/5/2 3510/5/2
f 3477/7/2 3478/7/2 3511/7/2
f 3510/4/2 3477/4/2 3511/4/2
f 3478/6/2 3479/6/2 3512/6/2
f 3511/7/2 3478/7/2 3512/7/2
f 3479/6/2 3480/6/2 3512/6/2
f 3480/6/2 3481/6/2 3512/6/2
f 3512/6/2 3481/6/2 3513/6/2
f 3513/6/2 3481/6/2 3514/6/2
f 3481/5/2 3482/5/2 3515/5/2
f 3514/6/2 3481/6/2 3515/6/2
f 3482/5/2 3483/5/2 3515/5/2
f 3515/5/2 3483/5/2 3516/5/2
f 3483/7/2 3484/7/2 3517/7/2
f 3516/5/2 3483/5/2 3517/5/2
f 3484/4/2 3485/4/2 3518/4/2
f 3517/7/2 3484/7/2 3518/7/2
f 3518/4/2 3485/4/2 3519/4/2
f 3485/5/2 3486/5/2 3520/5/2
f 3519/4/2 3485/4/2 3520/4/2
f 3486/4/2 3487/4/2 3521/4/2
f 3520/5/2 3486/5/2 3521/5/2
f 3487/7/2 3488/7/2 3522/7/2
f 3521/4/2 3487/4/2 3522/4/2
f 3489/6/2 3490/6/2 3523/6/2
f 3490/5/2 3491/5/2 3523/5/2
f 3491/4/2 3492/4/2 3524/4/2
f 3523/5/2 3491/5/2 3524/5/2
f 3492/4/2 3493/4/2 3524/4/2
f 3524/4/2 3493/4/2 3525/4/2
f 3493/7/2 3494/7/2 3526/7/2
f 3494/4/2 3495/4/2 3526/4/2
f 3495/4/2 3496/4/2 3526/4/2
f 3526/4/2 3496/4/2 3527/4/2
f 3497/6/2 3498/6/2 3528/6/2
f 3496/5/2 3497/5/2 3528/5/2
f 3498/7/2 3499/7/2 3529/7/2
f 3528/6/2 3498/6/2 3529/6/2
f 3499/5/2 3500/5/2 3530/5/2
f 3529/7/2 3499/7/2 3530/7/2
f 3530/5/2 3500/5/2 3531/5/2
f 3463/8/2 3464/8/2 3532/8/2
f 3464/6/2 3501/6/2 3533/6/2
f 3532/8/2 3464/8/2 3533/8/2
f 3502/5/2 3503/5/2 3534/5/2
f 3533/6/2 3501/6/2 3534/6/2
f 3501/5/2 3502/5/2 3534/5/2
f 3503/4/2 3467/4/2 3535/4/2
f 3534/5/2 3503/5/2 3535/5/2
f 3467/7/2 3504/7/2 3536/7/2
f 3535/4/2 3467/4/2 3536/4/2
f 3504/5/2 3505/5/2 3537/5/2
f 3536/7/2 3504/7/2 3537/7/2
f 3505/6/2 3506/6/2 3538/6/2
f 3537/5/2 3505/5/2 3538/5/2
f 3506/6/2 3507/6/2 3538/6/2
f 3507/5/2 3508/5/2 3539/5/2
f 3538/6/2 3507/6/2 3539/6/2
f 3508/7/2 3473/7/2 3540/7/2
f 3539/5/2 3508/5/2 3540/5/2
f 3473/4/2 3474/4/2 3541/4/2
f 3540/7/2 3473/7/2 3541/7/2
f 3474/5/2 3509/5/2 3542/5/2
f 3541/4/2 3474/4/2 3542/4/2
f 3509/4/2 3510/4/2 3543/4/2
f 3542/5/2 3509/5/2 3543/5/2
f 3510/6/2 3511/6/2 3544/6/2
f 3543/4/2 3510/4/2 3544/4/2
f 3511/7/2 3512/7/2 3545/7/2
f 3544/6/2 3511/6/2 3545/6/2
f 3512/4/2 3513/4/2 3546/4/2
f 3545/7/2 3512/7/2 3546/7/2
f 3513/5/2 3514/5/2 3547/5/2
f 3546/4/2 3513/4/2 3547/4/2
f 3514/4/2 3515/4/2 3548/4/2
f 3547/5/2 3514/5/2 3548/5/2
f 3515/5/2 3516/5/2 3549/5/2
f 3548/4/2 3515/4/2 3549/4/2
f 3516/6/2 3517/6/2 3550/6/2
f 3549/5/2 3516/5/2 3550/5/2
f 3517/7/2 3518/7/2 3551/7/2
f 3550/6/2 3517/6/2 3551/6/2
f 3518/6/2 3519/6/2 3552/6/2
f 3551/7/2 3518/7/2 3552/7/2
f 3519/4/2 3520/4/2 3553/4/2
f 3552/6/2 3519/6/2 3553/6/2
f 3520/6/2 3521/6/2 3554/6/2
f 3553/4/2 3520/4/2 3554/4/2
f 3521/5/2 3522/5/2 3555/5/2
f 3554/6/2 3521/6/2 3555/6/2
f 3522/7/2 3488/7/2 3556/7/2
f 3555/5/2 3522/5/2 3556/5/2
f 3488/5/2 3489/5/2 3557/5/2
f 3556/7/2 3488/7/2 3557/7/2
f 3489/6/2 3523/6/2 3558/6/2
f 3557/5/2 3489/5/2 3558/5/2
f 3524/6/2 3525/6/2 3558/6/2
f 3523/6/2 3524/6/2 3558/6/2
f 3525/4/2 3493/4/2 3559/4/2
f 3558/6/2 3525/6/2 3559/6/2
f 3493/7/2 3526/7/2 3560/7/2
f 3559/4/2 3493/4/2 3560/4/2
f 3526/5/2 3527/5/2 3561/5/2
f 3560/7/2 3526/7/2 3561/7/2
f 3527/4/2 3496/4/2 3562/4/2
f 3561/5/2 3527/5/2 3562/5/2
f 3496/5/2 3528/5/2 3563/5/2
f 3562/4/2 3496/4/2 3563/4/2
f 3528/4/2 3529/4/2 3564/4/2
f 3563/5/2 3528/5/2 3564/5/2
f 3529/7/2 3530/7/2 3565/7/2
f 3564/4/2 3529/4/2 3565/4/2
f 3530/6/2 3531/6/2 3566/6/2
f 3565/7/2 3530/7/2 3566/7/2
f 3566/6/2 3531/6/2 3567/6/2
f 3568/8/2 3569/8/2 3603/8/2
f 3569/5/2 3570/5/2 3604/5/2
f 3603/8/2 3569/8/2 3604/8/2
f 3570/5/2 3571/5/2 3604/5/2
f 3571/6/2 3572/6/2 3605/6/2
f 3604/5/2 3571/5/2 3605/5/2
f 3572/5/2 3573/5/2 3606/5/2
f 3605/6/2 3572/6/2 3606/6/2
f 3573/7/2 3574/7/2 3607/7/2
f 3606/5/2 3573/5/2 3607/5/2
f 3574/4/2 3575/4/2 3608/4/2
f 3607/7/2 3574/7/2 3608/7/2
f 3575/6/2 3576/6/2 3609/6/2
f 3608/4/2 3575/4/2 3609/4/2
f 3576/4/2 3577/4/2 3610/4/2
f 3609/6/2 3576/6/2 3610/6/2
f 3577/7/2 3578/7/2 3611/7/2
f 3610/4/2 3577/4/2 3611/4/2
f 3578/6/2 3579/6/2 3612/6/2
f 3611/7/2 3578/7/2 3612/7/2
f 3579/5/2 3580/5/2 3613/5/2
f 3612/6/2 3579/6/2 3613/6/2
f 3580/4/2 3581/4/2 3614/4/2
f 3613/5/2 3580/5/2 3614/5/2
f 3581/6/2 3582/6/2 3615/6/2
f 3614/4/2 3581/4/2 3615/4/2
f 3582/7/2 3583/7/2 3616/7/2
f 3615/6/2 3582/6/2 3616/6/2
f 3583/6/2 3584/6/2 3617/6/2
f 3616/7/2 3583/7/2 3617/7/2
f 3584/5/2 3585/5/2 3618/5/2
f 3617/6/2 3584/6/2 3618/6/2
f 3585/4/2 3586/4/2 3619/4/2
f 3618/5/2 3585/5/2 3619/5/2
f 3586/6/2 3587/6/2 3620/6/2
f 3619/4/2 3586/4/2 3620/4/2
f 3587/7/2 3588/7/2 3621/7/2
f 3620/6/2 3587/6/2 3621/6/2
f 3588/4/2 3589/4/2 3622/4/2
f 3621/7/2 3588/7/2 3622/7/2
f 3589/6/2 3590/6/2 3623/6/2
f 3622/4/2 3589/4/2 3623/4/2
f 3590/4/2 3591/4/2 3624/4/2
f 3623/6/2 3590/6/2 3624/6/2
f 3591/7/2 3592/7/2 3625/7/2
f 3624/4/2 3591/4/2 3625/4/2
f 3592/4/2 3593/4/2 3626/4/2
f 3625/7/2 3592/7/2 3626/7/2
f 3593/4/2 3594/4/2 3626/4/2
f 3594/6/2 3595/6/2 3627/6/2
f 3626/4/2 3594/4/2 3627/4/2
f 3595/6/2 3596/6/2 3627/6/2
f 3596/4/2 3597/4/2 3628/4/2
f 3627/6/2 3596/6/2 3628/6/2
f 3597/7/2 3598/7/2 3629/7/2
f 3628/4/2 3597/4/2 3629/4/2
f 3598/5/2 3599/5/2 3630/5/2
f 3629/7/2 3598/7/2 3630/7/2
f 3599/6/2 3600/6/2 3631/6/2
f 3630/5/2 3599/5/2 3631/5/2
f 3600/5/2 3601/5/2 3632/5/2
f 3631/6/2 3600/6/2 3632/6/2
f 3601/7/2 3602/7/2 3633/7/2
f 3632/5/2 3601/5/2 3633/5/2
f 3633/7/2 3602/7/2 3634/7/2
f 3635/8/2 3636/8/2 3637/8/2
f 3637/8/2 3636/8/2 3638/8/2
f 3637/2/2 3638/2/2 3639/2/2
f 3639/2/2 3638/2/2 3640/2/2
f 3639/3/2 3640/3/2 3641/3/2
f 3641/3/2 3640/3/2 3642/3/2
f 3641/2/2 3642/2/2 3643/2/2
f 3643/2/2 3642/2/2 3644/2/2
f 3643/3/2 3644/3/2 3645/3/2
f 3645/3/2 3644/3/2 3646/3/2
f 3645/2/2 3646/2/2 3647/2/2
f 3647/2/2 3646/2/2 3648/2/2
f 3647/3/2 3648/3/2 3649/3/2
f 3649/3/2 3648/3/2 3650/3/2
f 3649/2/2 3650/2/2 3651/2/2
f 3651/2/2 3650/2/2 3652/2/2
f 3651/3/2 3652/3/2 3653/3/2
f 3653/3/2 3652/3/2 3654/3/2
f 3653/2/2 3654/2/2 3655/2/2
f 3655/2/2 3654/2/2 3656/2/2
f 3655/3/2 3656/3/2 3657/3/2
f 3657/3/2 3656/3/2 3658/3/2
f 3657/2/2 3658/2/2 3659/2/2
f 3659/2/2 3658/2/2 3660/2/2
f 3659/3/2 3660/3/2 3661/3/2
f 3661/3/2 3660/3/2 3662/3/2
f 3661/2/2 3662/2/2 3663/2/2
f 3663/2/2 3662/2/2 3664/2/2
f 3664/2/2 3662/2/2 3665/2/2
f 3665/2/2 3662/2/2 3666/2/2
f 3666/2/2 3662/2/2 3667/2/2
f 3667/2/2 3662/2/2 3668/2/2
f 3668/2/2 3662/2/2 3669/2/2
f 3669/2/2 3662/2/2 3670/2/2
f 3670/2/2 3662/2/2 3671/2/2
f 3671/2/2 3662/2/2 3672/2/2
f 3672/2/2 3662/2/2 3673/2/2
f 3673/2/2 3662/2/2 3674/2/2
f 3674/2/2 3662/2/2 3675/2/2
f 3675/2/2 3662/2/2 3676/2/2
f 3676/2/2 3662/2/2 3677/2/2
f 3677/2/2 3662/2/2 3678/2/2
f 3678/2/2 3662/2/2 3679/2/2
f 3679/2/2 3662/2/2 3680/2/2
f 3680/2/2 3662/2/2 3681/2/2
f 3681/2/2 3662/2/2 3682/2/2
f 3682/2/2 3662/2/2 3683/2/2
f 3683/2/2 3662/2/2 3684/2/2
f 3684/2/2 3662/2/2 3685/2/2
f 3685/2/2 3662/2/2 3686/2/2
f 3686/2/2 3662/2/2 3687/2/2
f 3687/2/2 3662/2/2 3688/2/2
f 3688/2/2 3662/2/2 3689/2/2
f 3689/2/2 3662/2/2 3690/2/2
f 3690/2/2 3662/2/2 3691/2/2
f 3691/2/2 3662/2/2 3692/2/2
f 3692/2/2 3662/2/2 3693/2/2
f 3693/2/2 3662/2/2 3694/2/2
f 3693/2/2 3694/2/2 3734/2/2
f 3694/2/2 3695/2/2 3734/2/2
f 3734/2/2 3695/2/2 3735/2/2
f 3735/2/2 3695/2/2 3736/2/2
f 3697/6/2 3698/6/2 3737/6/2
f 3698/6/2 3699/6/2 3737/6/2
f 3699/5/2 3700/5/2 3738/5/2
f 3737/6/2 3699/6/2 3738/6/2
f 3700/7/2 3701/7/2 3739/7/2
f 3738/5/2 3700/5/2 3739/5/2
f 3701/6/2 3702/6/2 3740/6/2
f 3739/7/2 3701/7/2 3740/7/2
f 3702/5/2 3703/5/2 3741/5/2
f 3740/6/2 3702/6/2 3741/6/2
f 3703/5/2 3704/5/2 3741/5/2
f 3741/5/2 3704/5/2 3742/5/2
f 3705/7/2 3706/7/2 3743/7/2
f 3706/5/2 3707/5/2 3743/5/2
f 3707/4/2 3708/4/2 3744/4/2
f 3743/5/2 3707/5/2 3744/5/2
f 3708/4/2 3709/4/2 3744/4/2
f 3744/4/2 3709/4/2 3745/4/2
f 3709/5/2 3710/5/2 3746/5/2
f 3745/4/2 3709/4/2 3746/4/2
f 3710/7/2 3711/7/2 3747/7/2
f 3746/5/2 3710/5/2 3747/5/2
f 3711/4/2 3712/4/2 3748/4/2
f 3747/7/2 3711/7/2 3748/7/2
f 3712/4/2 3713/4/2 3748/4/2
f 3713/6/2 3714/6/2 3749/6/2
f 3748/4/2 3713/4/2 3749/4/2
f 3714/5/2 3715/5/2 3750/5/2
f 3749/6/2 3714/6/2 3750/6/2
f 3715/5/2 3716/5/2 3750/5/2
f 3716/7/2 3717/7/2 3751/7/2
f 3750/5/2 3716/5/2 3751/5/2
f 3718/4/2 3719/4/2 3752/4/2
f 3719/6/2 3720/6/2 3752/6/2
f 3720/4/2 3721/4/2 3753/4/2
f 3752/6/2 3720/6/2 3753/6/2
f 3722/5/2 3723/5/2 3754/5/2
f 3723/4/2 3724/4/2 3754/4/2
f 3724/6/2 3725/6/2 3755/6/2
f 3754/4/2 3724/4/2 3755/4/2
f 3725/6/2 3726/6/2 3755/6/2
f 3726/6/2 3727/6/2 3755/6/2
f 3755/6/2 3727/6/2 3756/6/2
f 3756/6/2 3727/6/2 3757/6/2
f 3728/6/2 3729/6/2 3758/6/2
f 3727/7/2 3728/7/2 3758/7/2
f 3729/4/2 3730/4/2 3759/4/2
f 3758/6/2 3729/6/2 3759/6/2
f 3731/5/2 3732/5/2 3760/5/2
f 3759/4/2 3730/4/2 3760/4/2
f 3730/5/2 3731/5/2 3760/5/2
f 3760/5/2 3732/5/2 3761/5/2
f 3732/7/2 3733/7/2 3762/7/2
f 3761/5/2 3732/5/2 3762/5/2
f 3762/7/2 3733/7/2 3763/7/2
f 3734/2/2 3735/2/2 3764/2/2
f 3764/2/2 3735/2/2 3765/2/2
f 3765/2/2 3735/2/2 3766/2/2
f 3696/8/2 3697/8/2 3767/8/2
f 3697/6/2 3737/6/2 3767/6/2
f 3737/5/2 3738/5/2 3768/5/2
f 3767/6/2 3737/6/2 3768/6/2
f 3738/4/2 3739/4/2 3769/4/2
f 3768/5/2 3738/5/2 3769/5/2
f 3769/4/2 3739/4/2 3770/4/2
f 3739/7/2 3740/7/2 3771/7/2
f 3740/5/2 3741/5/2 3771/5/2
f 3741/6/2 3742/6/2 3772/6/2
f 3771/5/2 3741/5/2 3772/5/2
f 3742/5/2 3704/5/2 3773/5/2
f 3772/6/2 3742/6/2 3773/6/2
f 3705/7/2 3743/7/2 3774/7/2
f 3743/4/2 3744/4/2 3774/4/2
f 3744/6/2 3745/6/2 3775/6/2
f 3774/4/2 3744/4/2 3775/4/2
f 3745/5/2 3746/5/2 3776/5/2
f 3775/6/2 3745/6/2 3776/6/2
f 3746/6/2 3747/6/2 3777/6/2
f 3776/5/2 3746/5/2 3777/5/2
f 3747/7/2 3748/7/2 3778/7/2
f 3748/6/2 3749/6/2 3778/6/2
f 3749/6/2 3750/6/2 3778/6/2
f 3750/6/2 3751/6/2 3778/6/2
f 3778/6/2 3751/6/2 3779/6/2
f 3779/6/2 3751/6/2 3780/6/2
f 3717/5/2 3718/5/2 3781/5/2
f 3751/7/2 3717/7/2 3781/7/2
f 3718/4/2 3752/4/2 3782/4/2
f 3781/5/2 3718/5/2 3782/5/2
f 3752/5/2 3753/5/2 3783/5/2
f 3782/4/2 3752/4/2 3783/4/2
f 3755/5/2 3756/5/2 3784/5/2
f 3721/7/2 3722/7/2 3784/7/2
f 3722/5/2 3754/5/2 3784/5/2
f 3754/5/2 3755/5/2 3784/5/2
f 3784/5/2 3756/5/2 3785/5/2
f 3785/5/2 3756/5/2 3786/5/2
f 3756/4/2 3757/4/2 3787/4/2
f 3786/5/2 3756/5/2 3787/5/2
f 3757/6/2 3727/6/2 3788/6/2
f 3787/4/2 3757/4/2 3788/4/2
f 3727/7/2 3758/7/2 3789/7/2
f 3788/6/2 3727/6/2 3789/6/2
f 3758/4/2 3759/4/2 3790/4/2
f 3789/7/2 3758/7/2 3790/7/2
f 3759/6/2 3760/6/2 3791/6/2
f 3790/4/2 3759/4/2 3791/4/2
f 3760/4/2 3761/4/2 3792/4/2
f 3791/6/2 3760/6/2 3792/6/2
f 3761/6/2 3762/6/2 3793/6/2
f 3792/4/2 3761/4/2 3793/4/2
f 3765/3/2 3766/3/2 3794/3/2
f 3794/3/2 3766/3/2 3795/3/2
f 3795/3/2 3766/3/2 3796/3/2
f 3796/3/2 3766/3/2 3797/3/2
f 3696/8/2 3767/8/2 3798/8/2
f 3767/4/2 3768/4/2 3799/4/2
f 3798/8/2 3767/8/2 3799/8/2
f 3769/5/2 3770/5/2 3800/5/2
f 3799/4/2 3768/4/2 3800/4/2
f 3768/5/2 3769/5/2 3800/5/2
f 3770/4/2 3739/4/2 3801/4/2
f 3800/5/2 3770/5/2 3801/5/2
f 3739/7/2 3771/7/2 3802/7/2
f 3801/4/2 3739/4/2 3802/4/2
f 3771/4/2 3772/4/2 3803/4/2
f 3802/7/2 3771/7/2 3803/7/2
f 3772/5/2 3773/5/2 3804/5/2
f 3803/4/2 3772/4/2 3804/4/2
f 3704/6/2 3705/6/2 3805/6/2
f 3804/5/2 3773/5/2 3805/5/2
f 3773/5/2 3704/5/2 3805/5/2
f 3705/7/2 3774/7/2 3806/7/2
f 3805/6/2 3705/6/2 3806/6/2
f 3774/6/2 3775/6/2 3807/6/2
f 3806/7/2 3774/7/2 3807/7/2
f 3775/5/2 3776/5/2 3808/5/2
f 3807/6/2 3775/6/2 3808/6/2
f 3776/6/2 3777/6/2 3809/6/2
f 3808/5/2 3776/5/2 3809/5/2
f 3777/6/2 3747/6/2 3810/6/2
f 3809/6/2 3777/6/2 3810/6/2
f 3747/7/2 3778/7/2 3810/7/2
f 3778/5/2 3779/5/2 3811/5/2
f 3810/7/2 3778/7/2 3811/7/2
f 3779/4/2 3780/4/2 3812/4/2
f 3811/5/2 3779/5/2 3812/5/2
f 3780/6/2 3751/6/2 3813/6/2
f 3812/4/2 3780/4/2 3813/4/2
f 3751/7/2 3781/7/2 3814/7/2
f 3813/6/2 3751/6/2 3814/6/2
f 3782/6/2 3783/6/2 3815/6/2
f 3814/7/2 3781/7/2 3815/7/2
f 3781/6/2 3782/6/2 3815/6/2
f 3783/5/2 3753/5/2 3816/5/2
f 3815/6/2 3783/6/2 3816/6/2
f 3753/4/2 3721/4/2 3817/4/2
f 3816/5/2 3753/5/2 3817/5/2
f 3721/7/2 3784/7/2 3818/7/2
f 3817/4/2 3721/4/2 3818/4/2
f 3784/6/2 3785/6/2 3819/6/2
f 3818/7/2 3784/7/2 3819/7/2
f 3785/5/2 3786/5/2 3820/5/2
f 3819/6/2 3785/6/2 3820/6/2
f 3786/4/2 3787/4/2 3821/4/2
f 3820/5/2 3786/5/2 3821/5/2
f 3787/6/2 3788/6/2 3822/6/2
f 3821/4/2 3787/4/2 3822/4/2
f 3788/4/2 3789/4/2 3823/4/2
f 3822/6/2 3788/6/2 3823/6/2
f 3789/7/2 3790/7/2 3824/7/2
f 3823/4/2 3789/4/2 3824/4/2
f 3790/5/2 3791/5/2 3825/5/2
f 3824/7/2 3790/7/2 3825/7/2
f 3791/4/2 3792/4/2 3826/4/2
f 3825/5/2 3791/5/2 3826/5/2
f 3792/6/2 3793/6/2 3827/6/2
f 3826/4/2 3792/4/2 3827/4/2
f 3762/7/2 3763/7/2 3828/7/2
f 3827/6/2 3793/6/2 3828/6/2
f 3793/6/2 3762/6/2 3828/6/2
f 3828/7/2 3763/7/2 3829/7/2
f 3795/2/2 3796/2/2 3830/2/2
f 3830/2/2 3796/2/2 3831/2/2
f 3831/2/2 3796/2/2 3832/2/2
f 3832/2/2 3796/2/2 3833/2/2
f 3831/2/2 3832/2/2 3834/2/2
f 3834/2/2 3832/2/2 3835/2/2
f 3834/3/2 3835/3/2 3836/3/2
f 3836/3/2 3835/3/2 3837/3/2
f 3837/3/2 3835/3/2 3838/3/2
f 3836/2/2 3837/2/2 3839/2/2
f 3839/2/2 3837/2/2 3840/2/2
f 3840/2/2 3837/2/2 3841/2/2
f 3841/2/2 3837/2/2 3842/2/2
f 3840/2/2 3841/2/2 3843/2/2
f 3843/2/2 3841/2/2 3844/2/2
f 3843/3/2 3844/3/2 3845/3/2
f 3845/3/2 3844/3/2 3846/3/2
f 3845/2/2 3846/2/2 3847/2/2
f 3847/2/2 3846/2/2 3848/2/2
f 3848/2/2 3846/2/2 3849/2/2
f 3849/2/2 3846/2/2 3850/2/2
f 3848/2/2 3849/2/2 3851/2/2
f 3851/2/2 3849/2/2 3852/2/2
f 3851/3/2 3852/3/2 3853/3/2
f 3853/3/2 3852/3/2 3854/3/2
f 3854/3/2 3852/3/2 3855/3/2
f 3854/2/2 3855/2/2 3856/2/2
f 3856/2/2 3855/2/2 3857/2/2
f 3854/2/2 3856/2/2 3858/2/2
f 3858/2/2 3856/2/2 3859/2/2
f 3859/2/2 3856/2/2 3860/2/2
f 3860/2/2 3856/2/2 3861/2/2
f 3860/3/2 3861/3/2 3862/3/2
f 3862/3/2 3861/3/2 3863/3/2
f 3863/3/2 3861/3/2 3864/3/2
f 3863/2/2 3864/2/2 3865/2/2
f 3865/2/2 3864/2/2 3866/2/2
f 3863/2/2 3865/2/2 3867/2/2
f 3867/2/2 3865/2/2 3868/2/2
f 3868/2/2 3865/2/2 3869/2/2
f 3869/2/2 3865/2/2 3870/2/2
f 3870/2/2 3865/2/2 3871/2/2
f 3869/3/2 3870/3/2 3872/3/2
f 3872/3/2 3870/3/2 3873/3/2
f 3873/3/2 3870/3/2 3874/3/2
f 3873/2/2 3874/2/2 3875/2/2
f 3875/2/2 3874/2/2 3876/2/2
f 3876/2/2 3874/2/2 3877/2/2
f 3877/2/2 3874/2/2 3878/2/2
f 3876/2/2 3877/2/2 3879/2/2
f 3879/2/2 3877/2/2 3880/2/2
f 3879/3/2 3880/3/2 3881/3/2
f 3881/3/2 3880/3/2 3882/3/2
f 3881/2/2 3882/2/2 3883/2/2
f 3883/2/2 3882/2/2 3884/2/2
f 3881/2/2 3883/2/2 3885/2/2
f 3885/2/2 3883/2/2 3886/2/2
f 3885/3/2 3886/3/2 3887/3/2
f 3887/3/2 3886/3/2 3888/3/2
f 3888/3/2 3886/3/2 3889/3/2
f 3887/2/2 3888/2/2 3890/2/2
f 3890/2/2 3888/2/2 3891/2/2
f 3891/2/2 3888/2/2 3892/2/2
f 3895/8/2 3896/8/2 3898/8/2
f 3893/8/2 3894/8/2 3899/8/2
f 3899/8/2 3894/8/2 3900/8/2
f 3900/8/2 3894/8/2 3901/8/2
f 3897/8/2 3898/8/2 3930/8/2
f 3898/8/2 3896/8/2 3931/8/2
f 3930/8/2 3898/8/2 3931/8/2
f 3931/8/2 3896/8/2 3932/8/2
f 3932/8/2 3896/8/2 3933/8/2
f 3893/8/2 3899/8/2 3934/8/2
f 3899/5/2 3900/5/2 3935/5/2
f 3934/8/2 3899/8/2 3935/8/2
f 3900/4/2 3901/4/2 3936/4/2
f 3935/5/2 3900/5/2 3936/5/2
f 3901/5/2 3902/5/2 3937/5/2
f 3936/4/2 3901/4/2 3937/4/2
f 3902/7/2 3903/7/2 3938/7/2
f 3937/5/2 3902/5/2 3938/5/2
f 3903/4/2 3904/4/2 3939/4/2
f 3938/7/2 3903/7/2 3939/7/2
f 3904/6/2 3905/6/2 3940/6/2
f 3939/4/2 3904/4/2 3940/4/2
f 3905/5/2 3906/5/2 3941/5/2
f 3940/6/2 3905/6/2 3941/6/2
f 3906/7/2 3907/7/2 3942/7/2
f 3941/5/2 3906/5/2 3942/5/2
f 3907/5/2 3908/5/2 3943/5/2
f 3942/7/2 3907/7/2 3943/7/2
f 3908/6/2 3909/6/2 3944/6/2
f 3943/5/2 3908/5/2 3944/5/2
f 3909/5/2 3910/5/2 3945/5/2
f 3944/6/2 3909/6/2 3945/6/2
f 3910/4/2 3911/4/2 3946/4/2
f 3945/5/2 3910/5/2 3946/5/2
f 3911/7/2 3912/7/2 3947/7/2
f 3946/4/2 3911/4/2 3947/4/2
f 3912/5/2 3913/5/2 3948/5/2
f 3947/7/2 3912/7/2 3948/7/2
f 3913/4/2 3914/4/2 3949/4/2
f 3948/5/2 3913/5/2 3949/5/2
f 3914/5/2 3915/5/2 3950/5/2
f 3949/4/2 3914/4/2 3950/4/2
f 3915/4/2 3916/4/2 3951/4/2
f 3950/5/2 3915/5/2 3951/5/2
f 3916/7/2 3917/7/2 3952/7/2
f 3951/4/2 3916/4/2 3952/4/2
f 3917/4/2 3918/4/2 3953/4/2
f 3952/7/2 3917/7/2 3953/7/2
f 3918/6/2 3919/6/2 3954/6/2
f 3953/4/2 3918/4/2 3954/4/2
f 3919/7/2 3920/7/2 3955/7/2
f 3954/6/2 3919/6/2 3955/6/2
f 3920/4/2 3921/4/2 3956/4/2
f 3955/7/2 3920/7/2 3956/7/2
f 3921/6/2 3922/6/2 3957/6/2
f 3956/4/2 3921/4/2 3957/4/2
f 3922/5/2 3923/5/2 3958/5/2
f 3957/6/2 3922/6/2 3958/6/2
f 3923/4/2 3924/4/2 3959/4/2
f 3958/5/2 3923/5/2 3959/5/2
f 3924/7/2 3925/7/2 3960/7/2
f 3959/4/2 3924/4/2 3960/4/2
f 3925/6/2 3926/6/2 3961/6/2
f 3960/7/2 3925/7/2 3961/7/2
f 3926/4/2 3927/4/2 3962/4/2
f 3961/6/2 3926/6/2 3962/6/2
f 3927/6/2 3928/6/2 3963/6/2
f 3962/4/2 3927/4/2 3963/4/2
f 3928/5/2 3929/5/2 3964/5/2
f 3963/6/2 3928/6/2 3964/6/2
f 3964/5/2 3929/5/2 3965/5/2
f 3966/8/2 3967/8/2 3970/8/2
f 3970/8/2 3967/8/2 3971/8/2
f 3968/8/2 3969/8/2 3973/8/2
f 3973/8/2 3969/8/2 3974/8/2
f 3974/8/2 3969/8/2 3975/8/2
f 3971/8/2 3967/8/2 3976/8/2
f 3976/8/2 3977/8/2 3978/8/2
f 3973/8/2 3974/8/2 3981/8/2
f 3972/8/2 3973/8/2 3981/8/2
f 3978/8/2 3979/8/2 3982/8/2
f 3976/8/2 3978/8/2 3982/8/2
f 3971/8/2 3976/8/2 3982/8/2
f 3982/8/2 3979/8/2 3983/8/2
f 3983/8/2 3979/8/2 3984/8/2
f 3980/8/2 3981/8/2 3987/8/2
f 3981/8/2 3974/8/2 3988/8/2
f 3987/8/2 3981/8/2 3988/8/2
f 3988/8/2 3974/8/2 3989/8/2
f 3984/8/2 3985/8/2 3990/8/2
f 3983/8/2 3984/8/2 3990/8/2
f 3990/8/2 3985/8/2 3991/8/2
f 3986/8/2 3987/8/2 3993/8/2
f 3987/8/2 3988/8/2 3993/8/2
f 3993/8/2 3988/8/2 3994/8/2
f 3994/8/2 3988/8/2 3995/8/2
f 3991/8/2 3985/8/2 3996/8/2
f 3993/8/2 3994/8/2 3999/8/2
f 3992/8/2 3993/8/2 3999/8/2
f 3999/8/2 3994/8/2 4000/8/2
f 4000/8/2 3994/8/2 4001/8/2
f 3996/8/2 3997/8/2 4002/8/2
f 3991/8/2 3996/8/2 4002/8/2
f 4002/8/2 3997/8/2 4003/8/2
f 4003/8/2 3997/8/2 4004/8/2
f 4004/8/2 3997/8/2 4005/8/2
f 4005/8/2 3997/8/2 4006/8/2
f 3999/8/2 4000/8/2 4008/8/2
f 3998/8/2 3999/8/2 4008/8/2
f 4008/8/2 4000/8/2 4009/8/2
f 3998/8/2 4008/8/2 4011/8/2
f 4006/8/2 4007/8/2 4012/8/2
f 4005/8/2 4006/8/2 4012/8/2
f 4012/8/2 4007/8/2 4013/8/2
f 4010/8/2 4011/8/2 4014/8/2
f 4011/8/2 4008/8/2 4014/8/2
f 4014/8/2 4008/8/2 4015/8/2
f 4013/8/2 4007/8/2 4016/8/2
f 4010/8/2 4014/8/2 4019/8/2
f 4016/8/2 4017/8/2 4020/8/2
f 4013/8/2 4016/8/2 4022/8/2
f 4020/8/2 4021/8/2 4022/8/2
f 4016/8/2 4020/8/2 4022/8/2
f 4022/8/2 4021/8/2 4023/8/2
f 4018/8/2 4019/8/2 4024/8/2
f 4019/8/2 4014/8/2 4024/8/2
f 4024/8/2 4014/8/2 4025/8/2
f 4023/8/2 4021/8/2 4026/8/2
f 4023/8/2 4026/8/2 4028/8/2
f 4026/8/2 4027/8/2 4028/8/2
f 4028/8/2 4027/8/2 4029/8/2
f 4018/8/2 4024/8/2 4031/8/2
f 4031/8/2 4024/8/2 4032/8/2
f 4032/8/2 4024/8/2 4033/8/2
f 4029/8/2 4027/8/2 4034/8/2
f 4031/8/2 4032/8/2 4037/8/2
f 4030/8/2 4031/8/2 4037/8/2
f 4034/8/2 4035/8/2 4038/8/2
f 4029/8/2 4034/8/2 4040/8/2
f 4038/8/2 4039/8/2 4040/8/2
f 4034/8/2 4038/8/2 4040/8/2
f 4040/8/2 4039/8/2 4041/8/2
f 4036/8/2 4037/8/2 4042/8/2
f 4037/8/2 4032/8/2 4042/8/2
f 4042/8/2 4032/8/2 4043/8/2
f 4041/8/2 4039/8/2 4044/8/2
f 4036/8/2 4042/8/2 4047/8/2
f 4044/8/2 4045/8/2 4048/8/2
f 4041/8/2 4044/8/2 4048/8/2
f 4048/8/2 4045/8/2 4049/8/2
f 4046/8/2 4047/8/2 4050/8/2
f 4047/8/2 4042/8/2 4050/8/2
f 4050/8/2 4042/8/2 4051/8/2
f 4046/8/2 4050/8/2 4053/8/2
f 4053/8/2 4050/8/2 4054/8/2
f 4054/8/2 4050/8/2 4055/8/2
f 4049/8/2 4045/8/2 4056/8/2
f 4056/8/2 4045/8/2 4057/8/2
f 4052/8/2 4053/8/2 4059/8/2
f 4053/8/2 4054/8/2 4059/8/2
f 4057/8/2 4045/8/2 4060/8/2
f 4060/8/2 4045/8/2 4061/8/2
f 4058/8/2 4059/8/2 4062/8/2
f 4059/8/2 4054/8/2 4062/8/2
f 4062/8/2 4054/8/2 4063/8/2
f 4061/8/2 4045/8/2 4064/8/2
f 4058/8/2 4062/8/2 4065/8/2
f 4061/8/2 4064/8/2 4066/8/2
f 4064/8/2 4065/8/2 4066/8/2
f 4066/8/2 4065/8/2 4067/8/2
f 4065/8/2 4062/8/2 4068/8/2
f 4067/8/2 4065/8/2 4068/8/2
f 4068/8/2 4062/8/2 4069/8/2
f 4067/8/2 4068/8/2 4070/8/2
f 4070/8/2 4068/8/2 4071/8/2
f 4075/8/3 4073/8/3 4072/8/3
f 4076/8/3 4073/8/3 4075/8/3
f 4078/8/3 4075/8/3 4074/8/3
f 4078/8/3 4077/8/3 4076/8/3
f 4078/8/3 4076/8/3 4075/8/3
f 4079/8/3 4077/8/3 4078/8/3
f 4080/8/3 4077/8/3 4079/8/3
f 4082/8/3 4080/8/3 4079/8/3
f 4082/8/3 4081/8/3 4080/8/3
f 4084/8/3 4078/8/3 4074/8/3
f 4085/2/3 4079/2/3 4078/2/3
f 4085/8/3 4078/8/3 4084/8/3
f 4086/8/3 4083/8/3 4082/8/3
f 4086/2/3 4079/2/3 4085/2/3
f 4086/8/3 4082/8/3 4079/8/3
f 4087/8/3 4083/8/3 4086/8/3
f 4088/8/3 4083/8/3 4087/8/3
f 4089/8/3 4083/8/3 4088/8/3
f 4090/8/3 4083/8/3 4089/8/3
f 4092/8/3 4091/8/3 4090/8/3
f 4092/8/3 4090/8/3 4089/8/3
f 4092/3/3 4089/3/3 4088/3/3
f 4093/8/3 4091/8/3 4092/8/3
f 4094/8/3 4091/8/3 4093/8/3
f 4096/2/3 4093/2/3 4092/2/3
f 4096/8/3 4095/8/3 4094/8/3
f 4096/8/3 4094/8/3 4093/8/3
f 4097/8/3 4095/8/3 4096/8/3
f 4098/8/3 4095/8/3 4097/8/3
f 4099/8/3 4095/8/3 4098/8/3
f 4101/3/3 4098/3/3 4097/3/3
f 4101/8/3 4100/8/3 4099/8/3
f 4101/8/3 4099/8/3 4098/8/3
f 4102/8/3 4100/8/3 4101/8/3
f 4103/8/3 4100/8/3 4102/8/3
f 4105/2/3 4102/2/3 4101/2/3
f 4105/8/3 4104/8/3 4103/8/3
f 4105/8/3 4103/8/3 4102/8/3
f 4106/8/3 4104/8/3 4105/8/3
f 4107/8/3 4104/8/3 4106/8/3
f 4109/2/3 4106/2/3 4105/2/3
f 4109/8/3 4108/8/3 4107/8/3
f 4109/8/3 4107/8/3 4106/8/3
f 4110/8/3 4108/8/3 4109/8/3
f 4111/8/3 4108/8/3 4110/8/3
f 4112/8/3 4108/8/3 4111/8/3
f 4114/2/3 4111/2/3 4110/2/3
f 4114/8/3 4113/8/3 4112/8/3
f 4114/8/3 4112/8/3 4111/8/3
f 4115/8/3 4113/8/3 4114/8/3
f 4116/8/3 4113/8/3 4115/8/3
f 4118/2/3 4115/2/3 4114/2/3
f 4118/8/3 4117/8/3 4116/8/3
f 4118/8/3 4116/8/3 4115/8/3
f 4119/8/3 4117/8/3 4118/8/3
f 4120/8/3 4117/8/3 4119/8/3
f 4121/8/3 4117/8/3 4120/8/3
f 4123/3/3 4120/3/3 4119/3/3
f 4123/8/3 4122/8/3 4121/8/3
f 4123/8/3 4121/8/3 4120/8/3
f 4124/8/3 4122/8/3 4123/8/3
f 4125/8/3 4122/8/3 4124/8/3
f 4127/2/3 4124/2/3 4123/2/3
f 4128/8/3 4126/8/3 4125/8/3
f 4128/2/3 4124/2/3 4127/2/3
f 4128/8/3 4125/8/3 4124/8/3
f 4129/2/3 4127/2/3 4123/2/3
f 4130/8/3 4128/8/3 4127/8/3
f 4130/2/3 4127/2/3 4129/2/3
f 4131/8/3 4126/8/3 4128/8/3
f 4131/8/3 4128/8/3 4130/8/3
f 4132/8/3 4126/8/3 4131/8/3
f 4133/3/3 4123/3/3 4119/3/3
f 4133/2/3 4129/2/3 4123/2/3
f 4134/8/3 4130/8/3 4129/8/3
f 4134/2/3 4129/2/3 4133/2/3
f 4134/8/3 4131/8/3 4130/8/3
f 4135/8/3 4131/8/3 4134/8/3
f 4136/8/3 4131/8/3 4135/8/3
f 4137/2/3 4118/2/3 4114/2/3
f 4137/2/3 4119/2/3 4118/2/3
f 4138/3/3 4133/3/3 4119/3/3
f 4138/2/3 4119/2/3 4137/2/3
f 4139/8/3 4135/8/3 4134/8/3
f 4139/3/3 4133/3/3 4138/3/3
f 4139/8/3 4134/8/3 4133/8/3
f 4140/8/3 4135/8/3 4139/8/3
f 4141/8/3 4135/8/3 4140/8/3
f 4142/3/3 4110/3/3 4109/3/3
f 4142/2/3 4114/2/3 4110/2/3
f 4142/2/3 4137/2/3 4114/2/3
f 4143/8/3 4140/8/3 4139/8/3
f 4143/2/3 4137/2/3 4142/2/3
f 4143/8/3 4138/8/3 4137/8/3
f 4143/8/3 4139/8/3 4138/8/3
f 4144/8/3 4140/8/3 4143/8/3
f 4145/8/3 4140/8/3 4144/8/3
f 4146/2/3 4105/2/3 4101/2/3
f 4146/2/3 4109/2/3 4105/2/3
f 4147/3/3 4142/3/3 4109/3/3
f 4147/2/3 4109/2/3 4146/2/3
f 4148/8/3 4144/8/3 4143/8/3
f 4148/3/3 4142/3/3 4147/3/3
f 4148/8/3 4143/8/3 4142/8/3
f 4149/8/3 4144/8/3 4148/8/3
f 4150/8/3 4144/8/3 4149/8/3
f 4151/2/3 4097/2/3 4096/2/3
f 4151/3/3 4101/3/3 4097/3/3
f 4152/2/3 4146/2/3 4101/2/3
f 4152/3/3 4101/3/3 4151/3/3
f 4153/8/3 4149/8/3 4148/8/3
f 4153/2/3 4146/2/3 4152/2/3
f 4153/8/3 4147/8/3 4146/8/3
f 4153/8/3 4148/8/3 4147/8/3
f 4154/8/3 4149/8/3 4153/8/3
f 4155/8/3 4149/8/3 4154/8/3
f 4156/3/3 4092/3/3 4088/3/3
f 4156/2/3 4096/2/3 4092/2/3
f 4156/2/3 4151/2/3 4096/2/3
f 4157/8/3 4154/8/3 4153/8/3
f 4157/2/3 4151/2/3 4156/2/3
f 4157/8/3 4152/8/3 4151/8/3
f 4157/8/3 4153/8/3 4152/8/3
f 4158/8/3 4154/8/3 4157/8/3
f 4159/8/3 4154/8/3 4158/8/3
f 4160/2/3 4088/2/3 4087/2/3
f 4161/3/3 4156/3/3 4088/3/3
f 4161/2/3 4088/2/3 4160/2/3
f 4162/8/3 4157/8/3 4156/8/3
f 4162/3/3 4156/3/3 4161/3/3
f 4162/8/3 4158/8/3 4157/8/3
f 4163/8/3 4158/8/3 4162/8/3
f 4164/8/3 4158/8/3 4163/8/3
f 4165/2/3 4086/2/3 4085/2/3
f 4165/3/3 4087/3/3 4086/3/3
f 4166/2/3 4160/2/3 4087/2/3
f 4166/3/3 4087/3/3 4165/3/3
f 4167/8/3 4163/8/3 4162/8/3
f 4167/2/3 4160/2/3 4166/2/3
f 4167/8/3 4161/8/3 4160/8/3
f 4167/8/3 4162/8/3 4161/8/3
f 4168/8/3 4163/8/3 4167/8/3
f 4169/8/3 4163/8/3 4168/8/3
f 4171/2/3 4165/2/3 4085/2/3
f 4172/2/3 4165/2/3 4171/2/3
f 4173/8/3 4166/8/3 4165/8/3
f 4173/2/3 4165/2/3 4172/2/3
f 4173/8/3 4167/8/3 4166/8/3
f 4173/8/3 4168/8/3 4167/8/3
f 4174/8/3 4168/8/3 4173/8/3
f 4175/8/3 4168/8/3 4174/8/3
f 4176/2/3 4172/2/3 4171/2/3
f 4176/8/3 4171/8/3 4170/8/3
f 4177/8/3 4174/8/3 4173/8/3
f 4177/2/3 4172/2/3 4176/2/3
f 4177/8/3 4173/8/3 4172/8/3
f 4178/8/3 4174/8/3 4177/8/3
f 4179/8/3 4174/8/3 4178/8/3
f 4180/8/3 4177/8/3 4176/8/3
f 4180/8/3 4178/8/3 4177/8/3
f 4181/8/3 4178/8/3 4180/8/3
f 4182/8/3 4176/8/3 4170/8/3
f 4182/8/3 4180/8/3 4176/8/3
f 4183/8/3 4180/8/3 4182/8/3
f 4199/8/3 4185/8/3 4184/8/3
f 4200/2/3 4186/2/3 4185/2/3
f 4200/8/3 4185/8/3 4199/8/3
f 4201/3/3 4187/3/3 4186/3/3
f 4201/2/3 4186/2/3 4200/2/3
f 4202/2/3 4188/2/3 4187/2/3
f 4202/3/3 4187/3/3 4201/3/3
f 4203/3/3 4189/3/3 4188/3/3
f 4203/2/3 4188/2/3 4202/2/3
f 4204/2/3 4190/2/3 4189/2/3
f 4204/3/3 4189/3/3 4203/3/3
f 4205/3/3 4191/3/3 4190/3/3
f 4205/2/3 4190/2/3 4204/2/3
f 4206/2/3 4192/2/3 4191/2/3
f 4206/3/3 4191/3/3 4205/3/3
f 4207/3/3 4193/3/3 4192/3/3
f 4207/2/3 4192/2/3 4206/2/3
f 4208/2/3 4194/2/3 4193/2/3
f 4208/3/3 4193/3/3 4207/3/3
f 4209/3/3 4195/3/3 4194/3/3
f 4209/2/3 4194/2/3 4208/2/3
f 4210/2/3 4196/2/3 4195/2/3
f 4210/3/3 4195/3/3 4209/3/3
f 4211/3/3 4197/3/3 4196/3/3
f 4211/2/3 4196/2/3 4210/2/3
f 4212/2/3 4198/2/3 4197/2/3
f 4212/3/3 4197/3/3 4211/3/3
f 4213/2/3 4198/2/3 4212/2/3
f 4216/9/3 4215/9/3 4214/9/3
f 4217/9/3 4215/9/3 4216/9/3
f 4220/8/3 4219/8/3 4218/8/3
f 4221/8/3 4219/8/3 4220/8/3
f 4224/9/3 4223/9/3 4222/9/3
f 4225/9/3 4223/9/3 4224/9/3
f 4228/9/3 4227/9/3 4226/9/3
f 4229/9/3 4227/9/3 4228/9/3
f 4232/9/3 4231/9/3 4230/9/3
f 4233/9/3 4231/9/3 4232/9/3
f 4236/9/3 4235/9/3 4234/9/3
f 4237/9/3 4235/9/3 4236/9/3
f 4240/9/3 4239/9/3 4238/9/3
f 4241/9/3 4239/9/3 4240/9/3
f 4244/8/3 4243/8/3 4242/8/3
f 4245/8/3 4243/8/3 4244/8/3
f 4248/9/3 4247/9/3 4246/9/3
f 4249/9/3 4247/9/3 4248/9/3
f 4254/8/3 4251/8/3 4250/8/3
f 4255/8/3 4251/8/3 4254/8/3
f 4256/9/3 4253/9/3 4252/9/3
f 4257/9/3 4253/9/3 4256/9/3
f 4260/9/3 4259/9/3 4258/9/3
f 4261/9/3 4259/9/3 4260/9/3
f 4264/9/3 4263/9/3 4262/9/3
f 4265/9/3 4263/9/3 4264/9/3
f 4268/9/3 4267/9/3 4266/9/3
f 4269/9/3 4267/9/3 4268/9/3
f 4272/8/3 4271/8/3 4270/8/3
f 4273/8/3 4271/8/3 4272/8/3
f 4276/9/3 4275/9/3 4274/9/3
f 4277/9/3 4275/9/3 4276/9/3
f 4280/8/3 4279/8/3 4278/8/3
f 4281/8/3 4279/8/3 4280/8/3
f 4282/1/3 4281/1/3 4280/1/3
f 4283/1/3 4281/1/3 4282/1/3
f 4284/5/3 4283/5/3 4282/5/3
f 4285/5/3 4283/5/3 4284/5/3
f 4286/1/3 4285/1/3 4284/1/3
f 4287/1/3 4285/1/3 4286/1/3
f 4288/5/3 4287/5/3 4286/5/3
f 4289/5/3 4287/5/3 4288/5/3
f 4290/4/3 4289/4/3 4288/4/3
f 4291/4/3 4289/4/3 4290/4/3
f 4292/5/3 4291/5/3 4290/5/3
f 4293/5/3 4291/5/3 4292/5/3
f 4294/1/3 4293/1/3 4292/1/3
f 4295/1/3 4293/1/3 4294/1/3
f 4296/6/3 4295/6/3 4294/6/3
f 4297/6/3 4295/6/3 4296/6/3
f 4298/5/3 4297/5/3 4296/5/3
f 4299/5/3 4297/5/3 4298/5/3
f 4300/4/3 4299/4/3 4298/4/3
f 4301/4/3 4299/4/3 4300/4/3
f 4302/5/3 4301/5/3 4300/5/3
f 4303/5/3 4301/5/3 4302/5/3
f 4304/1/3 4303/1/3 4302/1/3
f 4305/1/3 4303/1/3 4304/1/3
f 4306/6/3 4305/6/3 4304/6/3
f 4307/6/3 4305/6/3 4306/6/3
f 4308/4/3 4307/4/3 4306/4/3
f 4309/4/3 4307/4/3 4308/4/3
f 4310/6/3 4309/6/3 4308/6/3
f 4311/6/3 4309/6/3 4310/6/3
f 4312/4/3 4311/4/3 4310/4/3
f 4313/4/3 4311/4/3 4312/4/3
f 4315/6/3 4313/6/3 4312/6/3
f 4316/6/3 4313/6/3 4315/6/3
f 4317/8/3 4315/8/3 4314/8/3
f 4318/8/3 4315/8/3 4317/8/3
f 4319/8/3 4315/8/3 4318/8/3
f 4320/8/3 4315/8/3 4319/8/3
f 4321/8/3 4315/8/3 4320/8/3
f 4322/8/3 4315/8/3 4321/8/3
f 4323/8/3 4315/8/3 4322/8/3
f 4324/8/3 4317/8/3 4314/8/3
f 4325/8/3 4317/8/3 4324/8/3
f 4326/8/3 4320/8/3 4319/8/3
f 4327/8/3 4320/8/3 4326/8/3
f 4328/8/3 4323/8/3 4322/8/3
f 4329/8/3 4323/8/3 4328/8/3
f 4330/8/3 4323/8/3 4329/8/3
f 4331/8/3 4323/8/3 4330/8/3
f 4332/8/3 4323/8/3 4331/8/3
f 4333/8/3 4323/8/3 4332/8/3
f 4334/8/3 4323/8/3 4333/8/3
f 4335/8/3 4323/8/3 4334/8/3
f 4336/8/3 4323/8/3 4335/8/3
f 4337/8/3 4323/8/3 4336/8/3
f 4338/8/3 4323/8/3 4337/8/3
f 4339/8/3 4323/8/3 4338/8/3
f 4340/8/3 4323/8/3 4339/8/3
f 4341/8/3 4323/8/3 4340/8/3
f 4342/8/3 4323/8/3 4341/8/3
f 4343/8/3 4323/8/3 4342/8/3
f 4346/5/3 4345/5/3 4344/5/3
f 4347/5/3 4345/5/3 4346/5/3
f 4348/8/3 4347/8/3 4346/8/3
f 4349/8/3 4347/8/3 4348/8/3
f 4354/8/3 4353/8/3 4352/8/3
f 4355/8/3 4353/8/3 4354/8/3
f 4356/8/3 4351/8/3 4350/8/3
f 4357/8/3 4351/8/3 4356/8/3
f 4358/1/3 4357/1/3 4356/1/3
f 4359/1/3 4357/1/3 4358/1/3
f 4360/6/3 4359/6/3 4358/6/3
f 4361/6/3 4359/6/3 4360/6/3
f 4362/5/3 4361/5/3 4360/5/3
f 4363/6/3 4359/6/3 4361/6/3
f 4363/5/3 4361/5/3 4362/5/3
f 4364/1/3 4363/1/3 4362/1/3
f 4365/6/3 4359/6/3 4363/6/3
f 4365/1/3 4363/1/3 4364/1/3
f 4366/6/3 4359/6/3 4365/6/3
f 4367/6/3 4359/6/3 4366/6/3
f 4368/5/3 4365/5/3 4364/5/3
f 4368/5/3 4366/5/3 4365/5/3
f 4369/5/3 4366/5/3 4368/5/3
f 4370/4/3 4367/4/3 4366/4/3
f 4370/5/3 4366/5/3 4369/5/3
f 4371/4/3 4367/4/3 4370/4/3
f 4372/4/3 4367/4/3 4371/4/3
f 4373/1/3 4369/1/3 4368/1/3
f 4374/5/3 4370/5/3 4369/5/3
f 4374/1/3 4369/1/3 4373/1/3
f 4375/6/3 4371/6/3 4370/6/3
f 4375/5/3 4370/5/3 4374/5/3
f 4376/5/3 4372/5/3 4371/5/3
f 4376/6/3 4371/6/3 4375/6/3
f 4377/5/3 4372/5/3 4376/5/3
f 4378/1/3 4374/1/3 4373/1/3
f 4378/1/3 4375/1/3 4374/1/3
f 4378/1/3 4377/1/3 4376/1/3
f 4378/1/3 4376/1/3 4375/1/3
f 4379/1/3 4377/1/3 4378/1/3
f 4380/1/3 4377/1/3 4379/1/3
f 4381/1/3 4377/1/3 4380/1/3
f 4382/1/3 4377/1/3 4381/1/3
f 4383/1/3 4379/1/3 4378/1/3
f 4384/5/3 4380/5/3 4379/5/3
f 4384/1/3 4379/1/3 4383/1/3
f 4385/1/3 4381/1/3 4380/1/3
f 4385/5/3 4380/5/3 4384/5/3
f 4386/5/3 4382/5/3 4381/5/3
f 4386/1/3 4381/1/3 4385/1/3
f 4387/5/3 4382/5/3 4386/5/3
f 4388/6/3 4384/6/3 4383/6/3
f 4388/6/3 4385/6/3 4384/6/3
f 4389/6/3 4385/6/3 4388/6/3
f 4390/1/3 4387/1/3 4386/1/3
f 4390/6/3 4385/6/3 4389/6/3
f 4390/1/3 4386/1/3 4385/1/3
f 4391/1/3 4387/1/3 4390/1/3
f 4392/1/3 4387/1/3 4391/1/3
f 4393/5/3 4389/5/3 4388/5/3
f 4394/1/3 4390/1/3 4389/1/3
f 4394/5/3 4389/5/3 4393/5/3
f 4394/1/3 4391/1/3 4390/1/3
f 4395/1/3 4391/1/3 4394/1/3
f 4396/5/3 4392/5/3 4391/5/3
f 4396/1/3 4391/1/3 4395/1/3
f 4397/5/3 4392/5/3 4396/5/3
f 4398/1/3 4395/1/3 4394/1/3
f 4398/1/3 4394/1/3 4393/1/3
f 4399/1/3 4395/1/3 4398/1/3
f 4400/5/3 4396/5/3 4395/5/3
f 4400/1/3 4395/1/3 4399/1/3
f 4401/6/3 4397/6/3 4396/6/3
f 4401/5/3 4396/5/3 4400/5/3
f 4402/6/3 4397/6/3 4401/6/3
f 4403/5/3 4399/5/3 4398/5/3
f 4404/6/3 4400/6/3 4399/6/3
f 4404/5/3 4399/5/3 4403/5/3
f 4405/1/3 4401/1/3 4400/1/3
f 4405/6/3 4400/6/3 4404/6/3
f 4406/5/3 4402/5/3 4401/5/3
f 4406/1/3 4401/1/3 4405/1/3
f 4407/5/3 4402/5/3 4406/5/3
f 4408/1/3 4404/1/3 4403/1/3
f 4408/1/3 4405/1/3 4404/1/3
f 4408/1/3 4407/1/3 4406/1/3
f 4408/1/3 4406/1/3 4405/1/3
f 4409/1/3 4407/1/3 4408/1/3
f 4410/1/3 4407/1/3 4409/1/3
f 4411/1/3 4407/1/3 4410/1/3
f 4412/5/3 4409/5/3 4408/5/3
f 4413/1/3 4410/1/3 4409/1/3
f 4413/5/3 4409/5/3 4412/5/3
f 4414/6/3 4411/6/3 4410/6/3
f 4414/1/3 4410/1/3 4413/1/3
f 4415/1/3 4407/1/3 4411/1/3
f 4415/6/3 4411/6/3 4414/6/3
f 4416/1/3 4407/1/3 4415/1/3
f 4417/1/3 4414/1/3 4413/1/3
f 4417/1/3 4413/1/3 4412/1/3
f 4417/1/3 4415/1/3 4414/1/3
f 4418/1/3 4415/1/3 4417/1/3
f 4419/1/3 4415/1/3 4418/1/3
f 4420/6/3 4416/6/3 4415/6/3
f 4420/1/3 4415/1/3 4419/1/3
f 4421/6/3 4416/6/3 4420/6/3
f 4422/5/3 4418/5/3 4417/5/3
f 4423/6/3 4419/6/3 4418/6/3
f 4423/5/3 4418/5/3 4422/5/3
f 4424/5/3 4420/5/3 4419/5/3
f 4424/6/3 4419/6/3 4423/6/3
f 4424/5/3 4421/5/3 4420/5/3
f 4425/5/3 4421/5/3 4424/5/3
f 4426/5/3 4421/5/3 4425/5/3
f 4427/6/3 4423/6/3 4422/6/3
f 4428/5/3 4424/5/3 4423/5/3
f 4428/6/3 4423/6/3 4427/6/3
f 4428/5/3 4425/5/3 4424/5/3
f 4429/5/3 4425/5/3 4428/5/3
f 4430/4/3 4426/4/3 4425/4/3
f 4430/5/3 4425/5/3 4429/5/3
f 4431/4/3 4426/4/3 4430/4/3
f 4432/1/3 4429/1/3 4428/1/3
f 4432/1/3 4428/1/3 4427/1/3
f 4433/1/3 4429/1/3 4432/1/3
f 4434/5/3 4431/5/3 4430/5/3
f 4434/1/3 4429/1/3 4433/1/3
f 4434/5/3 4430/5/3 4429/5/3
f 4435/5/3 4431/5/3 4434/5/3
f 4436/5/3 4431/5/3 4435/5/3
f 4437/6/3 4433/6/3 4432/6/3
f 4438/1/3 4434/1/3 4433/1/3
f 4438/6/3 4433/6/3 4437/6/3
f 4438/1/3 4435/1/3 4434/1/3
f 4439/6/3 4436/6/3 4435/6/3
f 4439/1/3 4435/1/3 4438/1/3
f 4440/6/3 4436/6/3 4439/6/3
f 4441/1/3 4438/1/3 4437/1/3
f 4441/1/3 4439/1/3 4438/1/3
f 4441/1/3 4440/1/3 4439/1/3
f 4442/1/3 4440/1/3 4441/1/3
f 4443/5/3 4442/5/3 4441/5/3
f 4444/1/3 4440/1/3 4442/1/3
f 4444/5/3 4442/5/3 4443/5/3
f 4445/1/3 4440/1/3 4444/1/3
f 4446/4/3 4444/4/3 4443/4/3
f 4447/4/3 4444/4/3 4446/4/3
f 4448/5/3 4445/5/3 4444/5/3
f 4448/4/3 4444/4/3 4447/4/3
f 4449/1/3 4440/1/3 4445/1/3
f 4449/5/3 4445/5/3 4448/5/3
f 4450/5/3 4447/5/3 4446/5/3
f 4451/6/3 4448/6/3 4447/6/3
f 4451/5/3 4447/5/3 4450/5/3
f 4451/6/3 4449/6/3 4448/6/3
f 4452/1/3 4440/1/3 4449/1/3
f 4452/6/3 4449/6/3 4451/6/3
f 4453/6/3 4451/6/3 4450/6/3
f 4454/1/3 4452/1/3 4451/1/3
f 4455/1/3 4440/1/3 4452/1/3
f 4455/1/3 4452/1/3 4454/1/3
f 4456/6/3 4451/6/3 4453/6/3
f 4457/1/3 4454/1/3 4451/1/3
f 4457/6/3 4451/6/3 4456/6/3
f 4458/5/3 4455/5/3 4454/5/3
f 4458/1/3 4454/1/3 4457/1/3
f 4459/1/3 4440/1/3 4455/1/3
f 4459/5/3 4455/5/3 4458/5/3
f 4460/6/3 4457/6/3 4456/6/3
f 4461/5/3 4458/5/3 4457/5/3
f 4461/6/3 4457/6/3 4460/6/3
f 4462/6/3 4459/6/3 4458/6/3
f 4462/5/3 4458/5/3 4461/5/3
f 4463/1/3 4440/1/3 4459/1/3
f 4463/6/3 4459/6/3 4462/6/3
f 4464/1/3 4440/1/3 4463/1/3
f 4465/1/3 4440/1/3 4464/1/3
f 4470/5/3 4467/5/3 4466/5/3
f 4471/5/3 4467/5/3 4470/5/3
f 4472/4/3 4469/4/3 4468/4/3
f 4473/5/3 4470/5/3 4469/5/3
f 4473/4/3 4469/4/3 4472/4/3
f 4474/5/3 4470/5/3 4473/5/3
f 4475/4/3 4471/4/3 4470/4/3
f 4475/5/3 4470/5/3 4474/5/3
f 4476/4/3 4471/4/3 4475/4/3
f 4477/4/3 4473/4/3 4472/4/3
f 4478/6/3 4474/6/3 4473/6/3
f 4478/4/3 4473/4/3 4477/4/3
f 4479/4/3 4475/4/3 4474/4/3
f 4479/6/3 4474/6/3 4478/6/3
f 4480/6/3 4476/6/3 4475/6/3
f 4480/4/3 4475/4/3 4479/4/3
f 4481/6/3 4476/6/3 4480/6/3
f 4482/8/3 4478/8/3 4477/8/3
f 4482/8/3 4479/8/3 4478/8/3
f 4482/8/3 4481/8/3 4480/8/3
f 4482/8/3 4480/8/3 4479/8/3
f 4483/8/3 4481/8/3 4482/8/3
f 4501/8/3 4485/8/3 4484/8/3
f 4502/8/3 4485/8/3 4501/8/3
f 4503/2/3 4500/2/3 4499/2/3
f 4504/1/3 4502/1/3 4501/1/3
f 4505/1/3 4502/1/3 4504/1/3
f 4506/2/3 4503/2/3 4499/2/3
f 4507/5/3 4505/5/3 4504/5/3
f 4508/5/3 4505/5/3 4507/5/3
f 4509/2/3 4506/2/3 4499/2/3
f 4510/5/3 4507/5/3 4504/5/3
f 4511/6/3 4508/6/3 4507/6/3
f 4511/5/3 4507/5/3 4510/5/3
f 4512/2/3 4509/2/3 4499/2/3
f 4513/4/3 4511/4/3 4510/4/3
f 4514/6/3 4508/6/3 4511/6/3
f 4514/4/3 4511/4/3 4513/4/3
f 4515/6/3 4508/6/3 4514/6/3
f 4516/2/3 4512/2/3 4499/2/3
f 4517/6/3 4514/6/3 4513/6/3
f 4518/5/3 4515/5/3 4514/5/3
f 4518/6/3 4514/6/3 4517/6/3
f 4519/5/3 4515/5/3 4518/5/3
f 4520/2/3 4516/2/3 4499/2/3
f 4521/5/3 4518/5/3 4517/5/3
f 4522/6/3 4519/6/3 4518/6/3
f 4522/5/3 4518/5/3 4521/5/3
f 4523/6/3 4519/6/3 4522/6/3
f 4524/2/3 4520/2/3 4499/2/3
f 4525/1/3 4522/1/3 4521/1/3
f 4525/1/3 4523/1/3 4522/1/3
f 4526/2/3 4524/2/3 4499/2/3
f 4527/1/3 4523/1/3 4525/1/3
f 4528/1/3 4523/1/3 4527/1/3
f 4529/5/3 4528/5/3 4527/5/3
f 4530/1/3 4523/1/3 4528/1/3
f 4530/5/3 4528/5/3 4529/5/3
f 4531/1/3 4523/1/3 4530/1/3
f 4532/2/3 4526/2/3 4499/2/3
f 4533/6/3 4530/6/3 4529/6/3
f 4533/6/3 4531/6/3 4530/6/3
f 4534/6/3 4531/6/3 4533/6/3
f 4535/6/3 4531/6/3 4534/6/3
f 4536/6/3 4531/6/3 4535/6/3
f 4537/2/3 4532/2/3 4499/2/3
f 4538/1/3 4535/1/3 4534/1/3
f 4539/5/3 4536/5/3 4535/5/3
f 4539/1/3 4535/1/3 4538/1/3
f 4540/5/3 4536/5/3 4539/5/3
f 4541/1/3 4539/1/3 4538/1/3
f 4541/1/3 4540/1/3 4539/1/3
f 4542/1/3 4540/1/3 4541/1/3
f 4543/5/3 4542/5/3 4541/5/3
f 4544/5/3 4542/5/3 4543/5/3
f 4545/5/3 4542/5/3 4544/5/3
f 4546/4/3 4544/4/3 4543/4/3
f 4547/6/3 4545/6/3 4544/6/3
f 4547/4/3 4544/4/3 4546/4/3
f 4548/6/3 4545/6/3 4547/6/3
f 4549/2/3 4537/2/3 4499/2/3
f 4550/4/3 4547/4/3 4546/4/3
f 4551/5/3 4548/5/3 4547/5/3
f 4551/4/3 4547/4/3 4550/4/3
f 4552/5/3 4548/5/3 4551/5/3
f 4553/5/3 4551/5/3 4550/5/3
f 4554/6/3 4552/6/3 4551/6/3
f 4554/5/3 4551/5/3 4553/5/3
f 4555/6/3 4552/6/3 4554/6/3
f 4556/2/3 4549/2/3 4499/2/3
f 4557/5/3 4554/5/3 4553/5/3
f 4557/5/3 4555/5/3 4554/5/3
f 4558/5/3 4555/5/3 4557/5/3
f 4559/1/3 4558/1/3 4557/1/3
f 4560/2/3 4556/2/3 4499/2/3
f 4561/1/3 4558/1/3 4559/1/3
f 4562/1/3 4558/1/3 4561/1/3
f 4563/1/3 4558/1/3 4562/1/3
f 4564/6/3 4562/6/3 4561/6/3
f 4565/5/3 4563/5/3 4562/5/3
f 4565/6/3 4562/6/3 4564/6/3
f 4566/2/3 4560/2/3 4499/2/3
f 4567/1/3 4565/1/3 4564/1/3
f 4568/5/3 4563/5/3 4565/5/3
f 4568/1/3 4565/1/3 4567/1/3
f 4569/5/3 4563/5/3 4568/5/3
f 4570/2/3 4566/2/3 4499/2/3
f 4571/6/3 4568/6/3 4567/6/3
f 4572/4/3 4569/4/3 4568/4/3
f 4572/6/3 4568/6/3 4571/6/3
f 4573/4/3 4569/4/3 4572/4/3
f 4574/2/3 4570/2/3 4499/2/3
f 4575/5/3 4572/5/3 4571/5/3
f 4576/6/3 4573/6/3 4572/6/3
f 4576/5/3 4572/5/3 4575/5/3
f 4577/8/3 4487/8/3 4486/8/3
f 4578/2/3 4488/2/3 4487/2/3
f 4578/8/3 4487/8/3 4577/8/3
f 4579/3/3 4489/3/3 4488/3/3
f 4579/2/3 4488/2/3 4578/2/3
f 4580/2/3 4490/2/3 4489/2/3
f 4580/3/3 4489/3/3 4579/3/3
f 4581/3/3 4491/3/3 4490/3/3
f 4581/2/3 4490/2/3 4580/2/3
f 4582/2/3 4492/2/3 4491/2/3
f 4582/3/3 4491/3/3 4581/3/3
f 4583/3/3 4493/3/3 4492/3/3
f 4583/2/3 4492/2/3 4582/2/3
f 4584/2/3 4494/2/3 4493/2/3
f 4584/3/3 4493/3/3 4583/3/3
f 4585/3/3 4495/3/3 4494/3/3
f 4585/2/3 4494/2/3 4584/2/3
f 4586/2/3 4496/2/3 4495/2/3
f 4586/3/3 4495/3/3 4585/3/3
f 4587/3/3 4497/3/3 4496/3/3
f 4587/2/3 4496/2/3 4586/2/3
f 4588/2/3 4498/2/3 4497/2/3
f 4588/3/3 4497/3/3 4587/3/3
f 4589/3/3 4499/3/3 4498/3/3
f 4589/2/3 4498/2/3 4588/2/3
f 4590/2/3 4574/2/3 4499/2/3
f 4590/3/3 4499/3/3 4589/3/3
f 4591/2/3 4574/2/3 4590/2/3
f 4592/6/3 4576/6/3 4575/6/3
f 4593/6/3 4573/6/3 4576/6/3
f 4593/6/3 4576/6/3 4592/6/3
f 4594/6/3 4573/6/3 4593/6/3
f 4595/5/3 4593/5/3 4592/5/3
f 4596/1/3 4594/1/3 4593/1/3
f 4596/5/3 4593/5/3 4595/5/3
f 4597/1/3 4596/1/3 4595/1/3
f 4598/1/3 4594/1/3 4596/1/3
f 4598/1/3 4596/1/3 4597/1/3
f 4599/5/3 4598/5/3 4597/5/3
f 4600/5/3 4598/5/3 4599/5/3
f 4601/5/3 4598/5/3 4600/5/3
f 4605/5/3 4603/5/3 4602/5/3
f 4606/6/3 4604/6/3 4603/6/3
f 4606/5/3 4603/5/3 4605/5/3
f 4607/6/3 4604/6/3 4606/6/3
f 4608/4/3 4606/4/3 4605/4/3
f 4608/4/3 4607/4/3 4606/4/3
f 4609/4/3 4607/4/3 4608/4/3
f 4610/6/3 4609/6/3 4608/6/3
f 4611/4/3 4607/4/3 4609/4/3
f 4611/6/3 4609/6/3 4610/6/3
f 4612/5/3 4611/5/3 4610/5/3
f 4613/4/3 4607/4/3 4611/4/3
f 4613/5/3 4611/5/3 4612/5/3
f 4614/4/3 4607/4/3 4613/4/3
f 4615/8/3 4613/8/3 4612/8/3
f 4615/8/3 4614/8/3 4613/8/3
f 4616/8/3 4614/8/3 4615/8/3
f 4619/8/3 4618/8/3 4617/8/3
f 4620/8/3 4618/8/3 4619/8/3
f 4621/1/3 4620/1/3 4619/1/3
f 4622/1/3 4620/1/3 4621/1/3
f 4623/6/3 4622/6/3 4621/6/3
f 4624/6/3 4622/6/3 4623/6/3
f 4625/1/3 4620/1/3 4622/1/3
f 4625/6/3 4622/6/3 4624/6/3
f 4626/1/3 4625/1/3 4624/1/3
f 4627/1/3 4620/1/3 4625/1/3
f 4627/1/3 4625/1/3 4626/1/3
f 4628/6/3 4627/6/3 4626/6/3
f 4629/6/3 4627/6/3 4628/6/3
f 4630/1/3 4620/1/3 4627/1/3
f 4630/6/3 4627/6/3 4629/6/3
f 4631/1/3 4630/1/3 4629/1/3
f 4631/1/3 4620/1/3 4630/1/3
f 4632/1/3 4620/1/3 4631/1/3
f 4633/1/3 4631/1/3 4629/1/3
f 4634/6/3 4632/6/3 4631/6/3
f 4634/1/3 4631/1/3 4633/1/3
f 4635/6/3 4632/6/3 4634/6/3
f 4636/6/3 4634/6/3 4633/6/3
f 4637/4/3 4635/4/3 4634/4/3
f 4637/6/3 4634/6/3 4636/6/3
f 4638/4/3 4635/4/3 4637/4/3
f 4639/6/3 4637/6/3 4636/6/3
f 4640/5/3 4638/5/3 4637/5/3
f 4640/6/3 4637/6/3 4639/6/3
f 4641/5/3 4638/5/3 4640/5/3
f 4642/6/3 4639/6/3 4636/6/3
f 4643/5/3 4640/5/3 4639/5/3
f 4643/4/3 4641/4/3 4640/4/3
f 4644/4/3 4641/4/3 4643/4/3
f 4645/6/3 4639/6/3 4642/6/3
f 4646/5/3 4643/5/3 4639/5/3
f 4646/6/3 4639/6/3 4645/6/3
f 4647/6/3 4644/6/3 4643/6/3
f 4647/5/3 4643/5/3 4646/5/3
f 4648/6/3 4644/6/3 4647/6/3
f 4649/1/3 4646/1/3 4645/1/3
f 4649/1/3 4647/1/3 4646/1/3
f 4649/1/3 4648/1/3 4647/1/3
f 4650/1/3 4648/1/3 4649/1/3
f 4651/6/3 4650/6/3 4649/6/3
f 4652/6/3 4650/6/3 4651/6/3
f 4653/1/3 4648/1/3 4650/1/3
f 4653/6/3 4650/6/3 4652/6/3
f 4654/5/3 4652/5/3 4651/5/3
f 4655/1/3 4653/1/3 4652/1/3
f 4655/5/3 4652/5/3 4654/5/3
f 4656/1/3 4648/1/3 4653/1/3
f 4656/1/3 4653/1/3 4655/1/3
f 4657/6/3 4655/6/3 4654/6/3
f 4658/5/3 4656/5/3 4655/5/3
f 4658/6/3 4655/6/3 4657/6/3
f 4659/1/3 4648/1/3 4656/1/3
f 4659/5/3 4656/5/3 4658/5/3
f 4660/1/3 4658/1/3 4657/1/3
f 4660/1/3 4659/1/3 4658/1/3
f 4661/1/3 4648/1/3 4659/1/3
f 4661/1/3 4659/1/3 4660/1/3
f 4662/6/3 4661/6/3 4660/6/3
f 4663/1/3 4648/1/3 4661/1/3
f 4663/6/3 4661/6/3 4662/6/3
f 4664/5/3 4663/5/3 4662/5/3
f 4665/1/3 4648/1/3 4663/1/3
f 4665/5/3 4663/5/3 4664/5/3
f 4666/1/3 4665/1/3 4664/1/3
f 4667/1/3 4665/1/3 4666/1/3
f 4668/1/3 4648/1/3 4665/1/3
f 4668/1/3 4665/1/3 4667/1/3
f 4669/6/3 4667/6/3 4666/6/3
f 4670/5/3 4668/5/3 4667/5/3
f 4670/6/3 4667/6/3 4669/6/3
f 4671/5/3 4668/5/3 4670/5/3
f 4672/5/3 4668/5/3 4671/5/3
f 4673/5/3 4670/5/3 4669/5/3
f 4674/6/3 4671/6/3 4670/6/3
f 4674/5/3 4670/5/3 4673/5/3
f 4675/4/3 4672/4/3 4671/4/3
f 4675/6/3 4671/6/3 4674/6/3
f 4676/4/3 4672/4/3 4675/4/3
f 4677/5/3 4674/5/3 4673/5/3
f 4677/5/3 4675/5/3 4674/5/3
f 4678/5/3 4675/5/3 4677/5/3
f 4679/6/3 4676/6/3 4675/6/3
f 4679/5/3 4675/5/3 4678/5/3
f 4680/6/3 4676/6/3 4679/6/3
f 4681/6/3 4678/6/3 4677/6/3
f 4681/4/3 4679/4/3 4678/4/3
f 4682/5/3 4680/5/3 4679/5/3
f 4682/4/3 4679/4/3 4681/4/3
f 4683/5/3 4680/5/3 4682/5/3
f 4684/6/3 4681/6/3 4677/6/3
f 4684/6/3 4682/6/3 4681/6/3
f 4685/4/3 4683/4/3 4682/4/3
f 4685/6/3 4682/6/3 4684/6/3
f 4686/4/3 4683/4/3 4685/4/3
f 4687/1/3 4685/1/3 4684/1/3
f 4687/5/3 4686/5/3 4685/5/3
f 4688/5/3 4686/5/3 4687/5/3
f 4689/1/3 4687/1/3 4684/1/3
f 4689/1/3 4688/1/3 4687/1/3
f 4690/1/3 4688/1/3 4689/1/3
f 4691/5/3 4690/5/3 4689/5/3
f 4692/5/3 4690/5/3 4691/5/3
f 4693/5/3 4690/5/3 4692/5/3
f 4694/4/3 4693/4/3 4692/4/3
f 4695/5/3 4690/5/3 4693/5/3
f 4695/4/3 4693/4/3 4694/4/3
f 4696/5/3 4690/5/3 4695/5/3
f 4701/6/3 4698/6/3 4697/6/3
f 4701/6/3 4699/6/3 4698/6/3
f 4702/6/3 4699/6/3 4701/6/3
f 4703/4/3 4700/4/3 4699/4/3
f 4703/6/3 4699/6/3 4702/6/3
f 4704/4/3 4700/4/3 4703/4/3
f 4705/5/3 4702/5/3 4701/5/3
f 4706/4/3 4703/4/3 4702/4/3
f 4706/5/3 4702/5/3 4705/5/3
f 4707/6/3 4704/6/3 4703/6/3
f 4707/4/3 4703/4/3 4706/4/3
f 4708/6/3 4704/6/3 4707/6/3
f 4709/4/3 4706/4/3 4705/4/3
f 4709/4/3 4707/4/3 4706/4/3
f 4710/4/3 4707/4/3 4709/4/3
f 4711/5/3 4708/5/3 4707/5/3
f 4711/4/3 4707/4/3 4710/4/3
f 4712/5/3 4708/5/3 4711/5/3
f 4713/5/3 4710/5/3 4709/5/3
f 4714/4/3 4711/4/3 4710/4/3
f 4714/5/3 4710/5/3 4713/5/3
f 4715/6/3 4712/6/3 4711/6/3
f 4715/4/3 4711/4/3 4714/4/3
f 4716/6/3 4712/6/3 4715/6/3
f 4717/8/3 4714/8/3 4713/8/3
f 4717/8/3 4715/8/3 4714/8/3
f 4717/8/3 4716/8/3 4715/8/3
f 4718/8/3 4716/8/3 4717/8/3
f 4721/8/3 4720/8/3 4719/8/3
f 4722/8/3 4720/8/3 4721/8/3
f 4723/1/3 4722/1/3 4721/1/3
f 4724/1/3 4722/1/3 4723/1/3
f 4725/6/3 4724/6/3 4723/6/3
f 4726/1/3 4722/1/3 4724/1/3
f 4726/6/3 4724/6/3 4725/6/3
f 4727/1/3 4722/1/3 4726/1/3
f 4728/5/3 4726/5/3 4725/5/3
f 4728/5/3 4727/5/3 4726/5/3
f 4729/5/3 4727/5/3 4728/5/3
f 4730/6/3 4729/6/3 4728/6/3
f 4731/5/3 4727/5/3 4729/5/3
f 4731/6/3 4729/6/3 4730/6/3
f 4732/5/3 4727/5/3 4731/5/3
f 4733/1/3 4731/1/3 4730/1/3
f 4733/1/3 4732/1/3 4731/1/3
f 4734/1/3 4732/1/3 4733/1/3
f 4735/6/3 4734/6/3 4733/6/3
f 4736/6/3 4734/6/3 4735/6/3
f 4737/6/3 4734/6/3 4736/6/3
f 4738/5/3 4736/5/3 4735/5/3
f 4739/4/3 4737/4/3 4736/4/3
f 4739/5/3 4736/5/3 4738/5/3
f 4740/4/3 4737/4/3 4739/4/3
f 4741/5/3 4739/5/3 4738/5/3
f 4742/6/3 4740/6/3 4739/6/3
f 4742/5/3 4739/5/3 4741/5/3
f 4743/6/3 4740/6/3 4742/6/3
f 4744/4/3 4742/4/3 4741/4/3
f 4744/4/3 4743/4/3 4742/4/3
f 4745/4/3 4743/4/3 4744/4/3
f 4746/6/3 4745/6/3 4744/6/3
f 4747/6/3 4745/6/3 4746/6/3
f 4748/1/3 4747/1/3 4746/1/3
f 4749/1/3 4747/1/3 4748/1/3
f 4750/1/3 4747/1/3 4749/1/3
f 4751/6/3 4749/6/3 4748/6/3
f 4752/5/3 4750/5/3 4749/5/3
f 4752/6/3 4749/6/3 4751/6/3
f 4753/5/3 4750/5/3 4752/5/3
f 4754/5/3 4752/5/3 4751/5/3
f 4754/4/3 4753/4/3 4752/4/3
f 4755/4/3 4753/4/3 4754/4/3
f 4756/5/3 4754/5/3 4751/5/3
f 4756/5/3 4755/5/3 4754/5/3
f 4757/5/3 4755/5/3 4756/5/3
f 4758/4/3 4757/4/3 4756/4/3
f 4759/5/3 4755/5/3 4757/5/3
f 4759/4/3 4757/4/3 4758/4/3
f 4760/5/3 4759/5/3 4758/5/3
f 4761/5/3 4755/5/3 4759/5/3
f 4761/5/3 4759/5/3 4760/5/3
f 4762/1/3 4761/1/3 4760/1/3
f 4763/1/3 4761/1/3 4762/1/3
f 4764/1/3 4761/1/3 4763/1/3
f 4765/5/3 4763/5/3 4762/5/3
f 4766/6/3 4764/6/3 4763/6/3
f 4766/5/3 4763/5/3 4765/5/3
f 4767/6/3 4764/6/3 4766/6/3
f 4768/6/3 4766/6/3 4765/6/3
f 4769/5/3 4767/5/3 4766/5/3
f 4769/6/3 4766/6/3 4768/6/3
f 4770/5/3 4767/5/3 4769/5/3
f 4771/4/3 4769/4/3 4768/4/3
f 4772/6/3 4770/6/3 4769/6/3
f 4772/4/3 4769/4/3 4771/4/3
f 4773/6/3 4770/6/3 4772/6/3
f 4774/6/3 4772/6/3 4771/6/3
f 4775/1/3 4773/1/3 4772/1/3
f 4775/6/3 4772/6/3 4774/6/3
f 4776/1/3 4773/1/3 4775/1/3
f 4777/4/3 4775/4/3 4774/4/3
f 4778/6/3 4776/6/3 4775/6/3
f 4778/4/3 4775/4/3 4777/4/3
f 4779/6/3 4776/6/3 4778/6/3
f 4780/5/3 4778/5/3 4777/5/3
f 4781/1/3 4779/1/3 4778/1/3
f 4781/5/3 4778/5/3 4780/5/3
f 4782/1/3 4781/1/3 4780/1/3
f 4783/1/3 4779/1/3 4781/1/3
f 4783/1/3 4781/1/3 4782/1/3
f 4784/5/3 4783/5/3 4782/5/3
f 4785/1/3 4779/1/3 4783/1/3
f 4785/5/3 4783/5/3 4784/5/3
f 4786/1/3 4779/1/3 4785/1/3
f 4787/4/3 4785/4/3 4784/4/3
f 4788/5/3 4786/5/3 4785/5/3
f 4788/4/3 4785/4/3 4787/4/3
f 4789/5/3 4786/5/3 4788/5/3
f 4790/4/3 4789/4/3 4788/4/3
f 4791/4/3 4789/4/3 4790/4/3
f 4795/4/3 4793/4/3 4792/4/3
f 4796/5/3 4795/5/3 4794/5/3
f 4797/4/3 4793/4/3 4795/4/3
f 4797/5/3 4795/5/3 4796/5/3
f 4798/4/3 4793/4/3 4797/4/3
f 4799/4/3 4797/4/3 4796/4/3
f 4800/6/3 4798/6/3 4797/6/3
f 4800/4/3 4797/4/3 4799/4/3
f 4801/6/3 4798/6/3 4800/6/3
f 4802/4/3 4800/4/3 4799/4/3
f 4803/5/3 4801/5/3 4800/5/3
f 4803/4/3 4800/4/3 4802/4/3
f 4804/6/3 4803/6/3 4802/6/3
f 4805/5/3 4801/5/3 4803/5/3
f 4805/6/3 4803/6/3 4804/6/3
f 4806/5/3 4801/5/3 4805/5/3
f 4807/8/3 4805/8/3 4804/8/3
f 4807/8/3 4806/8/3 4805/8/3
f 4808/8/3 4806/8/3 4807/8/3
f 4811/8/3 4810/8/3 4809/8/3
f 4812/8/3 4810/8/3 4811/8/3
f 4813/1/3 4812/1/3 4811/1/3
f 4814/1/3 4812/1/3 4813/1/3
f 4815/5/3 4814/5/3 4813/5/3
f 4816/1/3 4812/1/3 4814/1/3
f 4816/5/3 4814/5/3 4815/5/3
f 4817/1/3 4816/1/3 4815/1/3
f 4818/1/3 4812/1/3 4816/1/3
f 4818/1/3 4816/1/3 4817/1/3
f 4819/5/3 4818/5/3 4817/5/3
f 4820/5/3 4818/5/3 4819/5/3
f 4821/1/3 4820/1/3 4819/1/3
f 4822/1/3 4820/1/3 4821/1/3
f 4823/1/3 4820/1/3 4822/1/3
f 4824/5/3 4822/5/3 4821/5/3
f 4825/5/3 4822/5/3 4824/5/3
f 4826/6/3 4823/6/3 4822/6/3
f 4826/5/3 4822/5/3 4825/5/3
f 4827/6/3 4823/6/3 4826/6/3
f 4828/4/3 4826/4/3 4825/4/3
f 4829/5/3 4827/5/3 4826/5/3
f 4829/4/3 4826/4/3 4828/4/3
f 4830/6/3 4829/6/3 4828/6/3
f 4831/5/3 4827/5/3 4829/5/3
f 4831/6/3 4829/6/3 4830/6/3
f 4832/5/3 4827/5/3 4831/5/3
f 4833/1/3 4831/1/3 4830/1/3
f 4833/1/3 4832/1/3 4831/1/3
f 4834/1/3 4832/1/3 4833/1/3
f 4835/1/3 4832/1/3 4834/1/3
f 4836/5/3 4835/5/3 4834/5/3
f 4837/1/3 4832/1/3 4835/1/3
f 4837/5/3 4835/5/3 4836/5/3
f 4838/1/3 4837/1/3 4836/1/3
f 4839/1/3 4832/1/3 4837/1/3
f 4839/1/3 4837/1/3 4838/1/3
f 4840/6/3 4839/6/3 4838/6/3
f 4841/6/3 4839/6/3 4840/6/3
f 4842/6/3 4839/6/3 4841/6/3
f 4843/5/3 4841/5/3 4840/5/3
f 4844/4/3 4842/4/3 4841/4/3
f 4844/5/3 4841/5/3 4843/5/3
f 4845/4/3 4842/4/3 4844/4/3
f 4846/6/3 4844/6/3 4843/6/3
f 4847/5/3 4845/5/3 4844/5/3
f 4847/6/3 4844/6/3 4846/6/3
f 4848/5/3 4847/5/3 4846/5/3
f 4849/5/3 4845/5/3 4847/5/3
f 4849/5/3 4847/5/3 4848/5/3
f 4850/1/3 4849/1/3 4848/1/3
f 4851/1/3 4849/1/3 4850/1/3
f 4852/5/3 4851/5/3 4850/5/3
f 4853/5/3 4851/5/3 4852/5/3
f 4854/4/3 4853/4/3 4852/4/3
f 4855/4/3 4853/4/3 4854/4/3
f 4856/4/3 4853/4/3 4855/4/3
f 4857/6/3 4855/6/3 4854/6/3
f 4858/5/3 4856/5/3 4855/5/3
f 4858/6/3 4855/6/3 4857/6/3
f 4859/1/3 4858/1/3 4857/1/3
f 4860/5/3 4856/5/3 4858/5/3
f 4860/1/3 4858/1/3 4859/1/3
f 4861/5/3 4856/5/3 4860/5/3
f 4862/1/3 4860/1/3 4859/1/3
f 4863/6/3 4861/6/3 4860/6/3
f 4863/1/3 4860/1/3 4862/1/3
f 4864/6/3 4861/6/3 4863/6/3
f 4865/1/3 4863/1/3 4862/1/3
f 4865/1/3 4864/1/3 4863/1/3
f 4866/1/3 4864/1/3 4865/1/3
f 4867/5/3 4866/5/3 4865/5/3
f 4868/5/3 4866/5/3 4867/5/3
f 4869/5/3 4866/5/3 4868/5/3
f 4870/6/3 4869/6/3 4868/6/3
f 4871/5/3 4866/5/3 4869/5/3
f 4871/6/3 4869/6/3 4870/6/3
f 4872/5/3 4866/5/3 4871/5/3
f 4876/1/3 4874/1/3 4873/1/3
f 4877/5/3 4875/5/3 4874/5/3
f 4877/1/3 4874/1/3 4876/1/3
f 4878/5/3 4875/5/3 4877/5/3
f 4879/6/3 4877/6/3 4876/6/3
f 4880/4/3 4878/4/3 4877/4/3
f 4880/6/3 4877/6/3 4879/6/3
f 4881/4/3 4878/4/3 4880/4/3
f 4882/5/3 4880/5/3 4879/5/3
f 4882/5/3 4881/5/3 4880/5/3
f 4883/5/3 4881/5/3 4882/5/3
f 4884/6/3 4883/6/3 4882/6/3
f 4885/5/3 4881/5/3 4883/5/3
f 4885/6/3 4883/6/3 4884/6/3
f 4886/5/3 4881/5/3 4885/5/3
f 4887/5/3 4885/5/3 4884/5/3
f 4888/6/3 4886/6/3 4885/6/3
f 4888/5/3 4885/5/3 4887/5/3
f 4889/6/3 4886/6/3 4888/6/3
f 4890/8/3 4888/8/3 4887/8/3
f 4890/8/3 4889/8/3 4888/8/3
f 4891/8/3 4889/8/3 4890/8/3
f 4894/8/3 4893/8/3 4892/8/3
f 4895/8/3 4893/8/3 4894/8/3
f 4896/1/3 4895/1/3 4894/1/3
f 4897/1/3 4895/1/3 4896/1/3
f 4898/1/3 4895/1/3 4897/1/3
f 4899/1/3 4895/1/3 4898/1/3
f 4900/5/3 4897/5/3 4896/5/3
f 4900/6/3 4898/6/3 4897/6/3
f 4901/5/3 4899/5/3 4898/5/3
f 4901/6/3 4898/6/3 4900/6/3
f 4902/5/3 4899/5/3 4901/5/3
f 4903/5/3 4900/5/3 4896/5/3
f 4903/5/3 4901/5/3 4900/5/3
f 4904/4/3 4902/4/3 4901/4/3
f 4904/5/3 4901/5/3 4903/5/3
f 4905/4/3 4902/4/3 4904/4/3
f 4906/5/3 4903/5/3 4896/5/3
f 4907/4/3 4904/4/3 4903/4/3
f 4907/5/3 4903/5/3 4906/5/3
f 4908/5/3 4905/5/3 4904/5/3
f 4908/4/3 4904/4/3 4907/4/3
f 4909/5/3 4905/5/3 4908/5/3
f 4910/6/3 4907/6/3 4906/6/3
f 4910/6/3 4908/6/3 4907/6/3
f 4911/6/3 4908/6/3 4910/6/3
f 4912/1/3 4909/1/3 4908/1/3
f 4912/6/3 4908/6/3 4911/6/3
f 4913/6/3 4911/6/3 4910/6/3
f 4914/1/3 4912/1/3 4911/1/3
f 4914/6/3 4911/6/3 4913/6/3
f 4915/1/3 4914/1/3 4913/1/3
f 4916/1/3 4914/1/3 4915/1/3
f 4917/1/3 4912/1/3 4914/1/3
f 4917/1/3 4914/1/3 4916/1/3
f 4918/1/3 4909/1/3 4912/1/3
f 4918/1/3 4912/1/3 4917/1/3
f 4919/1/3 4909/1/3 4918/1/3
f 4920/6/3 4917/6/3 4916/6/3
f 4920/1/3 4916/1/3 4915/1/3
f 4921/1/3 4918/1/3 4917/1/3
f 4921/6/3 4917/6/3 4920/6/3
f 4922/5/3 4919/5/3 4918/5/3
f 4922/1/3 4918/1/3 4921/1/3
f 4923/5/3 4919/5/3 4922/5/3
f 4924/1/3 4921/1/3 4920/1/3
f 4924/1/3 4920/1/3 4915/1/3
f 4925/6/3 4922/6/3 4921/6/3
f 4925/1/3 4921/1/3 4924/1/3
f 4926/4/3 4923/4/3 4922/4/3
f 4926/6/3 4922/6/3 4925/6/3
f 4927/4/3 4923/4/3 4926/4/3
f 4928/1/3 4925/1/3 4924/1/3
f 4929/5/3 4926/5/3 4925/5/3
f 4929/1/3 4925/1/3 4928/1/3
f 4930/6/3 4929/6/3 4928/6/3
f 4931/6/3 4929/6/3 4930/6/3
f 4932/5/3 4926/5/3 4929/5/3
f 4932/6/3 4929/6/3 4931/6/3
f 4933/6/3 4927/6/3 4926/6/3
f 4933/5/3 4926/5/3 4932/5/3
f 4934/6/3 4927/6/3 4933/6/3
f 4935/5/3 4932/5/3 4931/5/3
f 4935/1/3 4931/1/3 4930/1/3
f 4936/1/3 4934/1/3 4933/1/3
f 4936/5/3 4932/5/3 4935/5/3
f 4936/1/3 4933/1/3 4932/1/3
f 4937/1/3 4935/1/3 4930/1/3
f 4937/1/3 4936/1/3 4935/1/3
f 4938/1/3 4936/1/3 4937/1/3
f 4939/1/3 4934/1/3 4936/1/3
f 4939/1/3 4936/1/3 4938/1/3
f 4940/1/3 4934/1/3 4939/1/3
f 4941/6/3 4938/6/3 4937/6/3
f 4942/1/3 4939/1/3 4938/1/3
f 4942/6/3 4938/6/3 4941/6/3
f 4943/6/3 4940/6/3 4939/6/3
f 4943/1/3 4939/1/3 4942/1/3
f 4944/1/3 4934/1/3 4940/1/3
f 4944/6/3 4940/6/3 4943/6/3
f 4945/1/3 4934/1/3 4944/1/3
f 4946/5/3 4942/5/3 4941/5/3
f 4947/6/3 4943/6/3 4942/6/3
f 4947/5/3 4942/5/3 4946/5/3
f 4947/6/3 4944/6/3 4943/6/3
f 4948/6/3 4944/6/3 4947/6/3
f 4949/5/3 4945/5/3 4944/5/3
f 4949/6/3 4944/6/3 4948/6/3
f 4950/5/3 4945/5/3 4949/5/3
f 4951/1/3 4947/1/3 4946/1/3
f 4952/5/3 4948/5/3 4947/5/3
f 4952/1/3 4947/1/3 4951/1/3
f 4953/6/3 4949/6/3 4948/6/3
f 4953/5/3 4948/5/3 4952/5/3
f 4954/4/3 4950/4/3 4949/4/3
f 4954/6/3 4949/6/3 4953/6/3
f 4955/4/3 4950/4/3 4954/4/3
f 4956/5/3 4952/5/3 4951/5/3
f 4957/4/3 4953/4/3 4952/4/3
f 4957/5/3 4952/5/3 4956/5/3
f 4958/5/3 4954/5/3 4953/5/3
f 4958/4/3 4953/4/3 4957/4/3
f 4958/5/3 4955/5/3 4954/5/3
f 4959/5/3 4955/5/3 4958/5/3
f 4960/6/3 4957/6/3 4956/6/3
f 4961/5/3 4958/5/3 4957/5/3
f 4961/6/3 4957/6/3 4960/6/3
f 4962/6/3 4959/6/3 4958/6/3
f 4962/5/3 4958/5/3 4961/5/3
f 4963/1/3 4961/1/3 4960/1/3
f 4964/6/3 4962/6/3 4961/6/3
f 4964/1/3 4961/1/3 4963/1/3
f 4965/6/3 4959/6/3 4962/6/3
f 4965/6/3 4962/6/3 4964/6/3
f 4966/1/3 4964/1/3 4963/1/3
f 4966/1/3 4965/1/3 4964/1/3
f 4967/1/3 4965/1/3 4966/1/3
f 4968/5/3 4967/5/3 4966/5/3
f 4969/1/3 4965/1/3 4967/1/3
f 4969/5/3 4967/5/3 4968/5/3
f 4970/1/3 4965/1/3 4969/1/3
f 4971/1/3 4965/1/3 4970/1/3
f 4972/4/3 4969/4/3 4968/4/3
f 4973/5/3 4970/5/3 4969/5/3
f 4973/4/3 4969/4/3 4972/4/3
f 4974/6/3 4971/6/3 4970/6/3
f 4974/5/3 4970/5/3 4973/5/3
f 4975/1/3 4965/1/3 4971/1/3
f 4975/6/3 4971/6/3 4974/6/3
f 4976/1/3 4965/1/3 4975/1/3
f 4977/5/3 4973/5/3 4972/5/3
f 4978/4/3 4974/4/3 4973/4/3
f 4978/5/3 4973/5/3 4977/5/3
f 4979/4/3 4978/4/3 4977/4/3
f 4980/4/3 4974/4/3 4978/4/3
f 4980/4/3 4978/4/3 4979/4/3
f 4981/5/3 4975/5/3 4974/5/3
f 4981/4/3 4974/4/3 4980/4/3
f 4981/5/3 4976/5/3 4975/5/3
f 4982/5/3 4976/5/3 4981/5/3
f 4983/6/3 4980/6/3 4979/6/3
f 4984/4/3 4981/4/3 4980/4/3
f 4984/6/3 4980/6/3 4983/6/3
f 4985/6/3 4982/6/3 4981/6/3
f 4985/4/3 4981/4/3 4984/4/3
f 4986/6/3 4982/6/3 4985/6/3
f 4987/5/3 4984/5/3 4983/5/3
f 4987/5/3 4985/5/3 4984/5/3
f 4988/1/3 4986/1/3 4985/1/3
f 4988/5/3 4985/5/3 4987/5/3
f 4989/1/3 4988/1/3 4987/1/3
f 4990/1/3 4988/1/3 4989/1/3
f 4991/1/3 4986/1/3 4988/1/3
f 4991/1/3 4988/1/3 4990/1/3
f 4992/1/3 4990/1/3 4989/1/3
f 4992/6/3 4991/6/3 4990/6/3
f 4993/6/3 4991/6/3 4992/6/3
f 4994/6/3 4991/6/3 4993/6/3
f 4995/5/3 4993/5/3 4992/5/3
f 4995/1/3 4994/1/3 4993/1/3
f 4996/1/3 4994/1/3 4995/1/3
f 4997/1/3 4992/1/3 4989/1/3
f 4998/5/3 4995/5/3 4992/5/3
f 4998/1/3 4992/1/3 4997/1/3
f 4998/5/3 4996/5/3 4995/5/3
f 4999/5/3 4996/5/3 4998/5/3
f 5000/1/3 4994/1/3 4996/1/3
f 5000/5/3 4996/5/3 4999/5/3
f 5001/5/3 4998/5/3 4997/5/3
f 5002/6/3 4999/6/3 4998/6/3
f 5002/5/3 4998/5/3 5001/5/3
f 5003/6/3 4999/6/3 5002/6/3
f 5004/1/3 5000/1/3 4999/1/3
f 5004/6/3 4999/6/3 5003/6/3
f 5005/1/3 4994/1/3 5000/1/3
f 5005/1/3 5000/1/3 5004/1/3
f 5010/1/3 5007/1/3 5006/1/3
f 5011/5/3 5008/5/3 5007/5/3
f 5011/1/3 5007/1/3 5010/1/3
f 5012/5/3 5008/5/3 5011/5/3
f 5013/1/3 5010/1/3 5009/1/3
f 5013/1/3 5011/1/3 5010/1/3
f 5013/1/3 5012/1/3 5011/1/3
f 5014/1/3 5012/1/3 5013/1/3
f 5015/1/3 5012/1/3 5014/1/3
f 5016/1/3 5012/1/3 5015/1/3
f 5017/6/3 5014/6/3 5013/6/3
f 5018/1/3 5015/1/3 5014/1/3
f 5018/6/3 5014/6/3 5017/6/3
f 5019/5/3 5016/5/3 5015/5/3
f 5019/1/3 5015/1/3 5018/1/3
f 5020/5/3 5016/5/3 5019/5/3
f 5021/5/3 5018/5/3 5017/5/3
f 5022/1/3 5019/1/3 5018/1/3
f 5022/5/3 5018/5/3 5021/5/3
f 5023/6/3 5020/6/3 5019/6/3
f 5023/1/3 5019/1/3 5022/1/3
f 5024/5/3 5016/5/3 5020/5/3
f 5024/6/3 5020/6/3 5023/6/3
f 5025/5/3 5016/5/3 5024/5/3
f 5026/1/3 5023/1/3 5022/1/3
f 5026/1/3 5022/1/3 5021/1/3
f 5026/1/3 5024/1/3 5023/1/3
f 5027/1/3 5024/1/3 5026/1/3
f 5028/1/3 5024/1/3 5027/1/3
f 5029/6/3 5025/6/3 5024/6/3
f 5029/1/3 5024/1/3 5028/1/3
f 5030/5/3 5027/5/3 5026/5/3
f 5031/1/3 5028/1/3 5027/1/3
f 5031/5/3 5027/5/3 5030/5/3
f 5032/1/3 5031/1/3 5030/1/3
f 5033/6/3 5029/6/3 5028/6/3
f 5033/1/3 5031/1/3 5032/1/3
f 5033/1/3 5028/1/3 5031/1/3
f 5034/6/3 5025/6/3 5029/6/3
f 5034/6/3 5029/6/3 5033/6/3
f 5035/6/3 5025/6/3 5034/6/3
f 5036/1/3 5033/1/3 5032/1/3
f 5036/1/3 5034/1/3 5033/1/3
f 5037/5/3 5035/5/3 5034/5/3
f 5037/1/3 5034/1/3 5036/1/3
f 5038/5/3 5035/5/3 5037/5/3
f 5039/8/3 5037/8/3 5036/8/3
f 5039/8/3 5038/8/3 5037/8/3
f 5040/8/3 5038/8/3 5039/8/3
f 5043/8/3 5042/8/3 5041/8/3
f 5044/8/3 5042/8/3 5043/8/3
f 5045/1/3 5044/1/3 5043/1/3
f 5046/1/3 5044/1/3 5045/1/3
f 5047/5/3 5046/5/3 5045/5/3
f 5048/5/3 5046/5/3 5047/5/3
f 5049/4/3 5048/4/3 5047/4/3
f 5050/4/3 5048/4/3 5049/4/3
f 5051/4/3 5048/4/3 5050/4/3
f 5052/5/3 5051/5/3 5050/5/3
f 5053/5/3 5051/5/3 5052/5/3
f 5054/5/3 5051/5/3 5053/5/3
f 5055/1/3 5053/1/3 5052/1/3
f 5055/6/3 5054/6/3 5053/6/3
f 5056/6/3 5054/6/3 5055/6/3
f 5057/1/3 5055/1/3 5052/1/3
f 5057/1/3 5056/1/3 5055/1/3
f 5058/1/3 5056/1/3 5057/1/3
f 5059/1/3 5056/1/3 5058/1/3
f 5060/1/3 5056/1/3 5059/1/3
f 5061/1/3 5056/1/3 5060/1/3
f 5062/1/3 5056/1/3 5061/1/3
f 5063/6/3 5062/6/3 5061/6/3
f 5064/1/3 5056/1/3 5062/1/3
f 5064/6/3 5062/6/3 5063/6/3
f 5065/5/3 5064/5/3 5063/5/3
f 5066/1/3 5056/1/3 5064/1/3
f 5066/5/3 5064/5/3 5065/5/3
f 5067/1/3 5056/1/3 5066/1/3
f 5068/5/3 5066/5/3 5065/5/3
f 5069/6/3 5067/6/3 5066/6/3
f 5069/5/3 5066/5/3 5068/5/3
f 5070/6/3 5067/6/3 5069/6/3
f 5071/6/3 5069/6/3 5068/6/3
f 5072/5/3 5070/5/3 5069/5/3
f 5072/6/3 5069/6/3 5071/6/3
f 5073/5/3 5070/5/3 5072/5/3
f 5074/1/3 5072/1/3 5071/1/3
f 5074/1/3 5073/1/3 5072/1/3
f 5075/1/3 5073/1/3 5074/1/3
f 5076/1/3 5074/1/3 5071/1/3
f 5077/6/3 5075/6/3 5074/6/3
f 5077/1/3 5074/1/3 5076/1/3
f 5078/6/3 5075/6/3 5077/6/3
f 5079/1/3 5077/1/3 5076/1/3
f 5079/1/3 5078/1/3 5077/1/3
f 5080/1/3 5078/1/3 5079/1/3
f 5081/5/3 5080/5/3 5079/5/3
f 5082/5/3 5080/5/3 5081/5/3
f 5083/5/3 5080/5/3 5082/5/3
f 5084/1/3 5082/1/3 5081/1/3
f 5085/6/3 5083/6/3 5082/6/3
f 5085/1/3 5082/1/3 5084/1/3
f 5086/6/3 5083/6/3 5085/6/3
f 5087/1/3 5085/1/3 5084/1/3
f 5088/1/3 5085/1/3 5087/1/3
f 5089/5/3 5086/5/3 5085/5/3
f 5089/1/3 5085/1/3 5088/1/3
f 5090/5/3 5086/5/3 5089/5/3
f 5091/1/3 5089/1/3 5088/1/3
f 5091/1/3 5090/1/3 5089/1/3
f 5092/1/3 5090/1/3 5091/1/3
f 5093/5/3 5092/5/3 5091/5/3
f 5094/1/3 5090/1/3 5092/1/3
f 5094/5/3 5092/5/3 5093/5/3
f 5095/1/3 5090/1/3 5094/1/3
f 5096/4/3 5094/4/3 5093/4/3
f 5097/6/3 5095/6/3 5094/6/3
f 5097/4/3 5094/4/3 5096/4/3
f 5098/6/3 5095/6/3 5097/6/3
f 5099/5/3 5097/5/3 5096/5/3
f 5099/5/3 5098/5/3 5097/5/3
f 5100/5/3 5098/5/3 5099/5/3
f 5101/5/3 5098/5/3 5100/5/3
f 5102/1/3 5100/1/3 5099/1/3
f 5102/6/3 5101/6/3 5100/6/3
f 5103/6/3 5101/6/3 5102/6/3
f 5104/1/3 5102/1/3 5099/1/3
f 5104/1/3 5103/1/3 5102/1/3
f 5105/1/3 5103/1/3 5104/1/3
f 5106/1/3 5103/1/3 5105/1/3
f 5107/1/3 5105/1/3 5104/1/3
f 5108/5/3 5106/5/3 5105/5/3
f 5108/1/3 5105/1/3 5107/1/3
f 5109/5/3 5106/5/3 5108/5/3
f 5113/4/3 5111/4/3 5110/4/3
f 5114/6/3 5112/6/3 5111/6/3
f 5114/4/3 5111/4/3 5113/4/3
f 5115/6/3 5114/6/3 5113/6/3
f 5116/6/3 5112/6/3 5114/6/3
f 5116/6/3 5114/6/3 5115/6/3
f 5117/1/3 5116/1/3 5115/1/3
f 5118/1/3 5116/1/3 5117/1/3
f 5119/6/3 5118/6/3 5117/6/3
f 5120/6/3 5118/6/3 5119/6/3
f 5121/6/3 5118/6/3 5120/6/3
f 5122/4/3 5120/4/3 5119/4/3
f 5123/5/3 5121/5/3 5120/5/3
f 5123/4/3 5120/4/3 5122/4/3
f 5124/5/3 5123/5/3 5122/5/3
f 5125/5/3 5121/5/3 5123/5/3
f 5125/5/3 5123/5/3 5124/5/3
f 5126/4/3 5125/4/3 5124/4/3
f 5127/4/3 5125/4/3 5126/4/3
f 5128/5/3 5127/5/3 5126/5/3
f 5129/4/3 5125/4/3 5127/4/3
f 5129/5/3 5127/5/3 5128/5/3
f 5130/4/3 5125/4/3 5129/4/3
f 5131/4/3 5129/4/3 5128/4/3
f 5132/6/3 5130/6/3 5129/6/3
f 5132/4/3 5129/4/3 5131/4/3
f 5133/6/3 5130/6/3 5132/6/3
f 5134/8/3 5132/8/3 5131/8/3
f 5134/8/3 5133/8/3 5132/8/3
f 5135/8/3 5133/8/3 5134/8/3
f 5138/8/3 5137/8/3 5136/8/3
f 5139/8/3 5137/8/3 5138/8/3
f 5140/1/3 5139/1/3 5138/1/3
f 5141/1/3 5139/1/3 5140/1/3
f 5142/1/3 5139/1/3 5141/1/3
f 5143/6/3 5141/6/3 5140/6/3
f 5144/5/3 5142/5/3 5141/5/3
f 5144/6/3 5141/6/3 5143/6/3
f 5145/5/3 5142/5/3 5144/5/3
f 5146/5/3 5144/5/3 5143/5/3
f 5147/4/3 5145/4/3 5144/4/3
f 5147/5/3 5144/5/3 5146/5/3
f 5148/5/3 5142/5/3 5145/5/3
f 5148/4/3 5145/4/3 5147/4/3
f 5149/5/3 5142/5/3 5148/5/3
f 5150/5/3 5142/5/3 5149/5/3
f 5151/1/3 5147/1/3 5146/1/3
f 5152/6/3 5148/6/3 5147/6/3
f 5152/1/3 5147/1/3 5151/1/3
f 5153/5/3 5149/5/3 5148/5/3
f 5153/6/3 5148/6/3 5152/6/3
f 5154/1/3 5150/1/3 5149/1/3
f 5154/5/3 5149/5/3 5153/5/3
f 5155/1/3 5150/1/3 5154/1/3
f 5156/1/3 5152/1/3 5151/1/3
f 5156/1/3 5153/1/3 5152/1/3
f 5156/1/3 5154/1/3 5153/1/3
f 5157/1/3 5154/1/3 5156/1/3
f 5158/1/3 5154/1/3 5157/1/3
f 5159/6/3 5155/6/3 5154/6/3
f 5159/1/3 5154/1/3 5158/1/3
f 5160/5/3 5157/5/3 5156/5/3
f 5161/1/3 5158/1/3 5157/1/3
f 5161/5/3 5157/5/3 5160/5/3
f 5162/6/3 5159/6/3 5158/6/3
f 5162/1/3 5158/1/3 5161/1/3
f 5163/6/3 5155/6/3 5159/6/3
f 5163/6/3 5159/6/3 5162/6/3
f 5164/1/3 5162/1/3 5161/1/3
f 5164/1/3 5161/1/3 5160/1/3
f 5164/1/3 5163/1/3 5162/1/3
f 5165/1/3 5163/1/3 5164/1/3
f 5166/1/3 5163/1/3 5165/1/3
f 5167/1/3 5163/1/3 5166/1/3
f 5168/6/3 5165/6/3 5164/6/3
f 5169/5/3 5166/5/3 5165/5/3
f 5169/6/3 5165/6/3 5168/6/3
f 5170/6/3 5167/6/3 5166/6/3
f 5170/5/3 5166/5/3 5169/5/3
f 5171/5/3 5169/5/3 5168/5/3
f 5172/1/3 5170/1/3 5169/1/3
f 5172/5/3 5169/5/3 5171/5/3
f 5173/6/3 5167/6/3 5170/6/3
f 5173/1/3 5170/1/3 5172/1/3
f 5174/6/3 5167/6/3 5173/6/3
f 5175/6/3 5172/6/3 5171/6/3
f 5175/5/3 5171/5/3 5168/5/3
f 5176/1/3 5173/1/3 5172/1/3
f 5176/6/3 5172/6/3 5175/6/3
f 5177/5/3 5174/5/3 5173/5/3
f 5177/1/3 5173/1/3 5176/1/3
f 5178/5/3 5176/5/3 5175/5/3
f 5178/5/3 5175/5/3 5168/5/3
f 5178/5/3 5177/5/3 5176/5/3
f 5179/5/3 5177/5/3 5178/5/3
f 5180/5/3 5177/5/3 5179/5/3
f 5181/5/3 5174/5/3 5177/5/3
f 5181/5/3 5177/5/3 5180/5/3
f 5182/5/3 5180/5/3 5179/5/3
f 5182/1/3 5179/1/3 5178/1/3
f 5183/1/3 5181/1/3 5180/1/3
f 5183/5/3 5180/5/3 5182/5/3
f 5184/5/3 5174/5/3 5181/5/3
f 5184/1/3 5181/1/3 5183/1/3
f 5185/5/3 5174/5/3 5184/5/3
f 5186/1/3 5183/1/3 5182/1/3
f 5186/1/3 5182/1/3 5178/1/3
f 5186/1/3 5185/1/3 5184/1/3
f 5186/1/3 5184/1/3 5183/1/3
f 5187/1/3 5185/1/3 5186/1/3
f 5188/1/3 5185/1/3 5187/1/3
f 5189/1/3 5185/1/3 5188/1/3
f 5190/6/3 5187/6/3 5186/6/3
f 5191/1/3 5188/1/3 5187/1/3
f 5191/6/3 5187/6/3 5190/6/3
f 5192/1/3 5191/1/3 5190/1/3
f 5193/1/3 5188/1/3 5191/1/3
f 5193/1/3 5191/1/3 5192/1/3
f 5194/5/3 5189/5/3 5188/5/3
f 5194/1/3 5188/1/3 5193/1/3
f 5195/1/3 5185/1/3 5189/1/3
f 5195/5/3 5189/5/3 5194/5/3
f 5196/5/3 5193/5/3 5192/5/3
f 5197/6/3 5194/6/3 5193/6/3
f 5197/5/3 5193/5/3 5196/5/3
f 5197/6/3 5195/6/3 5194/6/3
f 5198/6/3 5195/6/3 5197/6/3
f 5199/1/3 5185/1/3 5195/1/3
f 5199/6/3 5195/6/3 5198/6/3
f 5200/1/3 5185/1/3 5199/1/3
f 5201/6/3 5198/6/3 5197/6/3
f 5201/6/3 5197/6/3 5196/6/3
f 5202/6/3 5198/6/3 5201/6/3
f 5203/4/3 5199/4/3 5198/4/3
f 5203/6/3 5198/6/3 5202/6/3
f 5204/6/3 5200/6/3 5199/6/3
f 5204/4/3 5199/4/3 5203/4/3
f 5205/6/3 5200/6/3 5204/6/3
f 5206/6/3 5202/6/3 5201/6/3
f 5207/1/3 5203/1/3 5202/1/3
f 5207/6/3 5202/6/3 5206/6/3
f 5208/6/3 5204/6/3 5203/6/3
f 5208/4/3 5205/4/3 5204/4/3
f 5209/4/3 5205/4/3 5208/4/3
f 5210/5/3 5207/5/3 5206/5/3
f 5211/1/3 5203/1/3 5207/1/3
f 5211/5/3 5207/5/3 5210/5/3
f 5212/6/3 5208/6/3 5203/6/3
f 5212/1/3 5203/1/3 5211/1/3
f 5212/6/3 5209/6/3 5208/6/3
f 5213/6/3 5209/6/3 5212/6/3
f 5214/1/3 5211/1/3 5210/1/3
f 5214/1/3 5212/1/3 5211/1/3
f 5214/1/3 5213/1/3 5212/1/3
f 5215/1/3 5213/1/3 5214/1/3
f 5216/1/3 5213/1/3 5215/1/3
f 5217/1/3 5213/1/3 5216/1/3
f 5218/6/3 5215/6/3 5214/6/3
f 5219/6/3 5215/6/3 5218/6/3
f 5220/1/3 5216/1/3 5215/1/3
f 5220/6/3 5215/6/3 5219/6/3
f 5221/5/3 5217/5/3 5216/5/3
f 5221/1/3 5216/1/3 5220/1/3
f 5222/5/3 5217/5/3 5221/5/3
f 5223/6/3 5219/6/3 5218/6/3
f 5224/4/3 5220/4/3 5219/4/3
f 5224/6/3 5219/6/3 5223/6/3
f 5225/6/3 5221/6/3 5220/6/3
f 5225/4/3 5220/4/3 5224/4/3
f 5225/6/3 5222/6/3 5221/6/3
f 5226/6/3 5222/6/3 5225/6/3
f 5227/6/3 5224/6/3 5223/6/3
f 5228/5/3 5225/5/3 5224/5/3
f 5228/6/3 5224/6/3 5227/6/3
f 5228/5/3 5226/5/3 5225/5/3
f 5229/5/3 5226/5/3 5228/5/3
f 5230/5/3 5226/5/3 5229/5/3
f 5231/1/3 5228/1/3 5227/1/3
f 5232/5/3 5229/5/3 5228/5/3
f 5232/1/3 5228/1/3 5231/1/3
f 5233/6/3 5230/6/3 5229/6/3
f 5233/5/3 5229/5/3 5232/5/3
f 5234/5/3 5226/5/3 5230/5/3
f 5234/6/3 5230/6/3 5233/6/3
f 5235/5/3 5232/5/3 5231/5/3
f 5236/6/3 5233/6/3 5232/6/3
f 5236/5/3 5232/5/3 5235/5/3
f 5237/1/3 5234/1/3 5233/1/3
f 5237/6/3 5233/6/3 5236/6/3
f 5238/6/3 5236/6/3 5235/6/3
f 5239/1/3 5237/1/3 5236/1/3
f 5239/6/3 5236/6/3 5238/6/3
f 5240/5/3 5226/5/3 5234/5/3
f 5240/1/3 5237/1/3 5239/1/3
f 5240/1/3 5234/1/3 5237/1/3
f 5241/5/3 5226/5/3 5240/5/3
f 5242/1/3 5239/1/3 5238/1/3
f 5242/1/3 5240/1/3 5239/1/3
f 5242/1/3 5241/1/3 5240/1/3
f 5243/1/3 5241/1/3 5242/1/3
f 5244/1/3 5242/1/3 5238/1/3
f 5245/6/3 5243/6/3 5242/6/3
f 5245/1/3 5242/1/3 5244/1/3
f 5246/1/3 5241/1/3 5243/1/3
f 5246/6/3 5243/6/3 5245/6/3
f 5247/1/3 5241/1/3 5246/1/3
f 5248/5/3 5245/5/3 5244/5/3
f 5249/5/3 5245/5/3 5248/5/3
f 5250/4/3 5246/4/3 5245/4/3
f 5250/5/3 5245/5/3 5249/5/3
f 5251/6/3 5247/6/3 5246/6/3
f 5251/4/3 5246/4/3 5250/4/3
f 5252/6/3 5249/6/3 5248/6/3
f 5253/4/3 5250/4/3 5249/4/3
f 5253/6/3 5249/6/3 5252/6/3
f 5254/5/3 5251/5/3 5250/5/3
f 5254/4/3 5250/4/3 5253/4/3
f 5255/6/3 5247/6/3 5251/6/3
f 5255/5/3 5251/5/3 5254/5/3
f 5256/4/3 5253/4/3 5252/4/3
f 5257/5/3 5254/5/3 5253/5/3
f 5257/4/3 5253/4/3 5256/4/3
f 5258/6/3 5255/6/3 5254/6/3
f 5258/5/3 5254/5/3 5257/5/3
f 5259/6/3 5247/6/3 5255/6/3
f 5259/6/3 5255/6/3 5258/6/3
f 5260/5/3 5257/5/3 5256/5/3
f 5261/4/3 5258/4/3 5257/4/3
f 5261/5/3 5257/5/3 5260/5/3
f 5261/4/3 5259/4/3 5258/4/3
f 5262/6/3 5247/6/3 5259/6/3
f 5262/4/3 5259/4/3 5261/4/3
f 5263/6/3 5261/6/3 5260/6/3
f 5263/6/3 5262/6/3 5261/6/3
f 5264/6/3 5247/6/3 5262/6/3
f 5264/6/3 5262/6/3 5263/6/3
f 5265/1/3 5264/1/3 5263/1/3
f 5266/1/3 5264/1/3 5265/1/3
f 5267/1/3 5264/1/3 5266/1/3
f 5268/1/3 5264/1/3 5267/1/3
f 5269/1/3 5264/1/3 5268/1/3
f 5270/1/3 5268/1/3 5267/1/3
f 5271/5/3 5269/5/3 5268/5/3
f 5271/1/3 5268/1/3 5270/1/3
f 5272/5/3 5269/5/3 5271/5/3
f 5273/6/3 5272/6/3 5271/6/3
f 5274/6/3 5272/6/3 5273/6/3
f 5279/1/3 5276/1/3 5275/1/3
f 5280/1/3 5276/1/3 5279/1/3
f 5282/6/3 5278/6/3 5277/6/3
f 5283/6/3 5282/6/3 5281/6/3
f 5284/6/3 5278/6/3 5282/6/3
f 5284/6/3 5282/6/3 5283/6/3
f 5285/1/3 5279/1/3 5278/1/3
f 5285/6/3 5278/6/3 5284/6/3
f 5286/6/3 5280/6/3 5279/6/3
f 5286/1/3 5279/1/3 5285/1/3
f 5287/6/3 5280/6/3 5286/6/3
f 5288/4/3 5284/4/3 5283/4/3
f 5289/5/3 5285/5/3 5284/5/3
f 5289/4/3 5284/4/3 5288/4/3
f 5290/1/3 5286/1/3 5285/1/3
f 5290/5/3 5285/5/3 5289/5/3
f 5290/1/3 5287/1/3 5286/1/3
f 5291/1/3 5287/1/3 5290/1/3
f 5292/1/3 5287/1/3 5291/1/3
f 5293/6/3 5289/6/3 5288/6/3
f 5293/6/3 5290/6/3 5289/6/3
f 5294/1/3 5291/1/3 5290/1/3
f 5294/6/3 5290/6/3 5293/6/3
f 5295/6/3 5292/6/3 5291/6/3
f 5295/1/3 5291/1/3 5294/1/3
f 5296/6/3 5292/6/3 5295/6/3
f 5297/1/3 5294/1/3 5293/1/3
f 5297/1/3 5295/1/3 5294/1/3
f 5297/1/3 5296/1/3 5295/1/3
f 5298/1/3 5296/1/3 5297/1/3
f 5299/1/3 5296/1/3 5298/1/3
f 5300/5/3 5298/5/3 5297/5/3
f 5301/6/3 5299/6/3 5298/6/3
f 5301/5/3 5298/5/3 5300/5/3
f 5302/6/3 5299/6/3 5301/6/3
f 5303/6/3 5299/6/3 5302/6/3
f 5304/5/3 5301/5/3 5300/5/3
f 5304/4/3 5302/4/3 5301/4/3
f 5305/5/3 5303/5/3 5302/5/3
f 5305/4/3 5302/4/3 5304/4/3
f 5306/6/3 5299/6/3 5303/6/3
f 5306/5/3 5303/5/3 5305/5/3
f 5307/6/3 5299/6/3 5306/6/3
f 5308/5/3 5305/5/3 5304/5/3
f 5308/5/3 5304/5/3 5300/5/3
f 5309/6/3 5306/6/3 5305/6/3
f 5309/5/3 5305/5/3 5308/5/3
f 5310/4/3 5307/4/3 5306/4/3
f 5310/6/3 5306/6/3 5309/6/3
f 5311/5/3 5309/5/3 5308/5/3
f 5311/5/3 5310/5/3 5309/5/3
f 5312/5/3 5310/5/3 5311/5/3
f 5313/4/3 5307/4/3 5310/4/3
f 5313/5/3 5310/5/3 5312/5/3
f 5314/4/3 5307/4/3 5313/4/3
f 5315/5/3 5311/5/3 5308/5/3
f 5316/6/3 5312/6/3 5311/6/3
f 5316/5/3 5311/5/3 5315/5/3
f 5317/5/3 5313/5/3 5312/5/3
f 5317/6/3 5312/6/3 5316/6/3
f 5318/6/3 5314/6/3 5313/6/3
f 5318/5/3 5313/5/3 5317/5/3
f 5319/6/3 5314/6/3 5318/6/3
f 5320/6/3 5316/6/3 5315/6/3
f 5321/5/3 5317/5/3 5316/5/3
f 5321/6/3 5316/6/3 5320/6/3
f 5321/5/3 5318/5/3 5317/5/3
f 5321/5/3 5319/5/3 5318/5/3
f 5322/5/3 5319/5/3 5321/5/3
f 5323/8/3 5321/8/3 5320/8/3
f 5323/8/3 5322/8/3 5321/8/3
f 5324/8/3 5322/8/3 5323/8/3
f 5329/8/3 5326/8/3 5325/8/3
f 5330/8/3 5326/8/3 5329/8/3
f 5331/8/3 5328/8/3 5327/8/3
f 5332/8/3 5328/8/3 5331/8/3
f 5333/1/3 5332/1/3 5331/1/3
f 5334/1/3 5332/1/3 5333/1/3
f 5335/6/3 5334/6/3 5333/6/3
f 5335/1/3 5332/1/3 5334/1/3
f 5336/1/3 5332/1/3 5335/1/3
f 5337/6/3 5335/6/3 5333/6/3
f 5338/5/3 5336/5/3 5335/5/3
f 5338/6/3 5335/6/3 5337/6/3
f 5339/5/3 5336/5/3 5338/5/3
f 5340/1/3 5338/1/3 5337/1/3
f 5340/1/3 5339/1/3 5338/1/3
f 5341/1/3 5339/1/3 5340/1/3
f 5342/1/3 5339/1/3 5341/1/3
f 5343/5/3 5341/5/3 5340/5/3
f 5344/6/3 5342/6/3 5341/6/3
f 5344/5/3 5341/5/3 5343/5/3
f 5345/6/3 5342/6/3 5344/6/3
f 5346/1/3 5344/1/3 5343/1/3
f 5346/1/3 5345/1/3 5344/1/3
f 5347/1/3 5345/1/3 5346/1/3
f 5348/1/3 5345/1/3 5347/1/3
f 5349/6/3 5348/6/3 5347/6/3
f 5350/1/3 5345/1/3 5348/1/3
f 5350/6/3 5348/6/3 5349/6/3
f 5351/1/3 5345/1/3 5350/1/3
f 5352/5/3 5350/5/3 5349/5/3
f 5353/6/3 5351/6/3 5350/6/3
f 5353/5/3 5350/5/3 5352/5/3
f 5354/6/3 5351/6/3 5353/6/3
f 5355/5/3 5353/5/3 5352/5/3
f 5355/5/3 5354/5/3 5353/5/3
f 5356/5/3 5354/5/3 5355/5/3
f 5357/6/3 5356/6/3 5355/6/3
f 5357/5/3 5354/5/3 5356/5/3
f 5358/5/3 5354/5/3 5357/5/3
f 5359/6/3 5357/6/3 5355/6/3
f 5360/1/3 5358/1/3 5357/1/3
f 5360/6/3 5357/6/3 5359/6/3
f 5361/1/3 5360/1/3 5359/1/3
f 5361/1/3 5358/1/3 5360/1/3
f 5362/1/3 5358/1/3 5361/1/3
f 5363/1/3 5361/1/3 5359/1/3
f 5364/5/3 5362/5/3 5361/5/3
f 5364/1/3 5361/1/3 5363/1/3
f 5365/6/3 5364/6/3 5363/6/3
f 5366/5/3 5362/5/3 5364/5/3
f 5366/6/3 5364/6/3 5365/6/3
f 5367/5/3 5362/5/3 5366/5/3
f 5368/4/3 5366/4/3 5365/4/3
f 5368/4/3 5367/4/3 5366/4/3
f 5369/4/3 5367/4/3 5368/4/3
f 5370/4/3 5367/4/3 5369/4/3
f 5371/4/3 5369/4/3 5368/4/3
f 5372/6/3 5370/6/3 5369/6/3
f 5372/4/3 5369/4/3 5371/4/3
f 5373/6/3 5370/6/3 5372/6/3
f 5374/6/3 5372/6/3 5371/6/3
f 5375/1/3 5373/1/3 5372/1/3
f 5375/6/3 5372/6/3 5374/6/3
f 5376/1/3 5375/1/3 5374/1/3
f 5377/1/3 5375/1/3 5376/1/3
f 5378/1/3 5373/1/3 5375/1/3
f 5378/1/3 5375/1/3 5377/1/3
f 5379/1/3 5373/1/3 5378/1/3
f 5380/1/3 5378/1/3 5377/1/3
f 5381/6/3 5379/6/3 5378/6/3
f 5381/1/3 5378/1/3 5380/1/3
f 5382/6/3 5379/6/3 5381/6/3
f 5383/1/3 5381/1/3 5380/1/3
f 5383/1/3 5382/1/3 5381/1/3
f 5384/1/3 5382/1/3 5383/1/3
f 5385/1/3 5383/1/3 5380/1/3
f 5385/6/3 5384/6/3 5383/6/3
f 5386/6/3 5384/6/3 5385/6/3
f 5387/1/3 5385/1/3 5380/1/3
f 5388/5/3 5386/5/3 5385/5/3
f 5388/1/3 5385/1/3 5387/1/3
f 5389/5/3 5386/5/3 5388/5/3
f 5390/1/3 5388/1/3 5387/1/3
f 5390/1/3 5389/1/3 5388/1/3
f 5391/1/3 5389/1/3 5390/1/3
f 5392/1/3 5390/1/3 5387/1/3
f 5393/5/3 5391/5/3 5390/5/3
f 5393/1/3 5390/1/3 5392/1/3
f 5394/5/3 5391/5/3 5393/5/3
f 5395/6/3 5393/6/3 5392/6/3
f 5396/1/3 5394/1/3 5393/1/3
f 5396/6/3 5393/6/3 5395/6/3
f 5397/1/3 5394/1/3 5396/1/3
f 5398/4/3 5396/4/3 5395/4/3
f 5399/5/3 5397/5/3 5396/5/3
f 5399/4/3 5396/4/3 5398/4/3
f 5400/5/3 5397/5/3 5399/5/3
f 5401/6/3 5399/6/3 5398/6/3
f 5401/6/3 5400/6/3 5399/6/3
f 5402/6/3 5400/6/3 5401/6/3
f 5403/6/3 5401/6/3 5398/6/3
f 5404/4/3 5402/4/3 5401/4/3
f 5404/6/3 5401/6/3 5403/6/3
f 5405/4/3 5402/4/3 5404/4/3
f 5406/1/3 5404/1/3 5403/1/3
f 5407/6/3 5405/6/3 5404/6/3
f 5407/1/3 5404/1/3 5406/1/3
f 5408/6/3 5405/6/3 5407/6/3
f 5409/1/3 5407/1/3 5406/1/3
f 5409/1/3 5408/1/3 5407/1/3
f 5410/1/3 5408/1/3 5409/1/3
f 5411/1/3 5408/1/3 5410/1/3
f 5412/5/3 5411/5/3 5410/5/3
f 5413/1/3 5408/1/3 5411/1/3
f 5413/5/3 5411/5/3 5412/5/3
f 5414/1/3 5408/1/3 5413/1/3
f 5415/6/3 5414/6/3 5413/6/3
f 5416/6/3 5414/6/3 5415/6/3
f 5420/6/3 5418/6/3 5417/6/3
f 5421/6/3 5418/6/3 5420/6/3
f 5422/1/3 5420/1/3 5419/1/3
f 5422/1/3 5421/1/3 5420/1/3
f 5423/1/3 5421/1/3 5422/1/3
f 5424/1/3 5421/1/3 5423/1/3
f 5425/1/3 5423/1/3 5422/1/3
f 5426/6/3 5424/6/3 5423/6/3
f 5426/1/3 5423/1/3 5425/1/3
f 5427/6/3 5424/6/3 5426/6/3
f 5428/5/3 5426/5/3 5425/5/3
f 5429/5/3 5426/5/3 5428/5/3
f 5430/1/3 5427/1/3 5426/1/3
f 5430/5/3 5426/5/3 5429/5/3
f 5431/6/3 5430/6/3 5429/6/3
f 5432/1/3 5427/1/3 5430/1/3
f 5432/6/3 5430/6/3 5431/6/3
f 5433/1/3 5432/1/3 5431/1/3
f 5434/1/3 5427/1/3 5432/1/3
f 5434/1/3 5432/1/3 5433/1/3
f 5435/1/3 5427/1/3 5434/1/3
f 5436/5/3 5434/5/3 5433/5/3
f 5437/6/3 5435/6/3 5434/6/3
f 5437/5/3 5434/5/3 5436/5/3
f 5438/6/3 5435/6/3 5437/6/3
f 5439/6/3 5437/6/3 5436/6/3
f 5440/4/3 5438/4/3 5437/4/3
f 5440/6/3 5437/6/3 5439/6/3
f 5441/4/3 5438/4/3 5440/4/3
f 5442/6/3 5440/6/3 5439/6/3
f 5442/6/3 5441/6/3 5440/6/3
f 5443/6/3 5441/6/3 5442/6/3
f 5444/6/3 5442/6/3 5439/6/3
f 5445/4/3 5443/4/3 5442/4/3
f 5445/6/3 5442/6/3 5444/6/3
f 5446/4/3 5445/4/3 5444/4/3
f 5447/4/3 5445/4/3 5446/4/3
f 5448/4/3 5443/4/3 5445/4/3
f 5448/4/3 5445/4/3 5447/4/3
f 5449/8/3 5448/8/3 5447/8/3
f 5450/8/3 5448/8/3 5449/8/3
f 5453/8/3 5452/8/3 5451/8/3
f 5454/8/3 5452/8/3 5453/8/3
f 5456/8/3 5455/8/3 5454/8/3
f 5457/8/3 5455/8/3 5456/8/3
f 5458/8/3 5455/8/3 5457/8/3
f 5459/8/3 5455/8/3 5458/8/3
f 5461/8/3 5460/8/3 5459/8/3
f 5462/8/3 5460/8/3 5461/8/3
f 5463/8/3 5460/8/3 5462/8/3
f 5464/8/3 5460/8/3 5463/8/3
f 5466/8/3 5465/8/3 5464/8/3
f 5467/8/3 5465/8/3 5466/8/3
f 5468/8/3 5465/8/3 5467/8/3
f 5469/8/3 5465/8/3 5468/8/3
f 5471/8/3 5470/8/3 5469/8/3
f 5472/8/3 5470/8/3 5471/8/3
f 5473/8/3 5470/8/3 5472/8/3
f 5474/8/3 5470/8/3 5473/8/3
f 5476/8/3 5475/8/3 5474/8/3
f 5477/8/3 5475/8/3 5476/8/3
f 5478/8/3 5475/8/3 5477/8/3
f 5479/8/3 5475/8/3 5478/8/3
f 5481/8/3 5480/8/3 5479/8/3
f 5482/8/3 5480/8/3 5481/8/3
f 5483/8/3 5480/8/3 5482/8/3
f 5484/8/3 5480/8/3 5483/8/3
f 5486/8/3 5485/8/3 5484/8/3
f 5487/8/3 5485/8/3 5486/8/3
f 5488/8/3 5485/8/3 5487/8/3
f 5489/8/3 5485/8/3 5488/8/3
f 5491/8/3 5490/8/3 5489/8/3
f 5494/8/3 5491/8/3 5489/8/3
f 5495/8/3 5491/8/3 5494/8/3
f 5498/8/3 5497/8/3 5496/8/3
f 5499/8/3 5497/8/3 5498/8/3
f 5500/8/3 5497/8/3 5499/8/3
f 5501/8/3 5497/8/3 5500/8/3
f 5502/8/3 5493/8/3 5492/8/3
f 5503/8/3 5493/8/3 5502/8/3
f 5504/1/3 5503/1/3 5502/1/3
f 5505/1/3 5503/1/3 5504/1/3
f 5506/6/3 5505/6/3 5504/6/3
f 5507/6/3 5505/6/3 5506/6/3
f 5508/1/3 5503/1/3 5505/1/3
f 5508/6/3 5505/6/3 5507/6/3
f 5509/5/3 5508/5/3 5507/5/3
f 5510/1/3 5503/1/3 5508/1/3
f 5510/5/3 5508/5/3 5509/5/3
f 5511/6/3 5510/6/3 5509/6/3
f 5512/1/3 5503/1/3 5510/1/3
f 5512/6/3 5510/6/3 5511/6/3
f 5513/5/3 5512/5/3 5511/5/3
f 5514/1/3 5503/1/3 5512/1/3
f 5514/5/3 5512/5/3 5513/5/3
f 5515/1/3 5514/1/3 5513/1/3
f 5516/1/3 5503/1/3 5514/1/3
f 5516/1/3 5514/1/3 5515/1/3
f 5517/1/3 5503/1/3 5516/1/3
f 5518/1/3 5515/1/3 5513/1/3
f 5519/5/3 5516/5/3 5515/5/3
f 5519/1/3 5515/1/3 5518/1/3
f 5520/6/3 5517/6/3 5516/6/3
f 5520/5/3 5516/5/3 5519/5/3
f 5521/6/3 5517/6/3 5520/6/3
f 5522/5/3 5519/5/3 5518/5/3
f 5523/4/3 5520/4/3 5519/4/3
f 5523/5/3 5519/5/3 5522/5/3
f 5524/5/3 5521/5/3 5520/5/3
f 5524/4/3 5520/4/3 5523/4/3
f 5525/5/3 5521/5/3 5524/5/3
f 5526/6/3 5523/6/3 5522/6/3
f 5527/5/3 5524/5/3 5523/5/3
f 5527/6/3 5523/6/3 5526/6/3
f 5528/4/3 5525/4/3 5524/4/3
f 5528/5/3 5524/5/3 5527/5/3
f 5529/4/3 5525/4/3 5528/4/3
f 5530/6/3 5527/6/3 5526/6/3
f 5530/6/3 5528/6/3 5527/6/3
f 5530/6/3 5529/6/3 5528/6/3
f 5531/6/3 5529/6/3 5530/6/3
f 5532/1/3 5531/1/3 5530/1/3
f 5533/1/3 5531/1/3 5532/1/3
f 5534/1/3 5531/1/3 5533/1/3
f 5535/1/3 5533/1/3 5532/1/3
f 5535/6/3 5534/6/3 5533/6/3
f 5536/1/3 5531/1/3 5534/1/3
f 5536/6/3 5534/6/3 5535/6/3
f 5537/1/3 5531/1/3 5536/1/3
f 5538/1/3 5535/1/3 5532/1/3
f 5538/1/3 5536/1/3 5535/1/3
f 5539/6/3 5537/6/3 5536/6/3
f 5539/1/3 5536/1/3 5538/1/3
f 5540/6/3 5537/6/3 5539/6/3
f 5541/1/3 5538/1/3 5532/1/3
f 5542/5/3 5539/5/3 5538/5/3
f 5542/1/3 5538/1/3 5541/1/3
f 5543/1/3 5540/1/3 5539/1/3
f 5543/5/3 5539/5/3 5542/5/3
f 5544/5/3 5542/5/3 5541/5/3
f 5545/1/3 5543/1/3 5542/1/3
f 5545/5/3 5542/5/3 5544/5/3
f 5546/1/3 5540/1/3 5543/1/3
f 5546/1/3 5543/1/3 5545/1/3
f 5547/1/3 5540/1/3 5546/1/3
f 5548/6/3 5545/6/3 5544/6/3
f 5549/5/3 5546/5/3 5545/5/3
f 5549/6/3 5545/6/3 5548/6/3
f 5550/6/3 5547/6/3 5546/6/3
f 5550/5/3 5546/5/3 5549/5/3
f 5551/6/3 5547/6/3 5550/6/3
f 5552/5/3 5549/5/3 5548/5/3
f 5553/6/3 5550/6/3 5549/6/3
f 5553/5/3 5549/5/3 5552/5/3
f 5554/1/3 5551/1/3 5550/1/3
f 5554/6/3 5550/6/3 5553/6/3
f 5555/1/3 5553/1/3 5552/1/3
f 5555/1/3 5554/1/3 5553/1/3
f 5556/1/3 5554/1/3 5555/1/3
f 5557/1/3 5551/1/3 5554/1/3
f 5557/1/3 5554/1/3 5556/1/3
f 5558/1/3 5551/1/3 5557/1/3
f 5559/5/3 5556/5/3 5555/5/3
f 5560/6/3 5557/6/3 5556/6/3
f 5560/5/3 5558/5/3 5557/5/3
f 5561/5/3 5558/5/3 5560/5/3
f 5562/5/3 5556/5/3 5559/5/3
f 5563/6/3 5560/6/3 5556/6/3
f 5563/5/3 5556/5/3 5562/5/3
f 5564/1/3 5561/1/3 5560/1/3
f 5564/6/3 5560/6/3 5563/6/3
f 5565/1/3 5561/1/3 5564/1/3
f 5566/1/3 5563/1/3 5562/1/3
f 5566/1/3 5564/1/3 5563/1/3
f 5567/1/3 5564/1/3 5566/1/3
f 5568/5/3 5565/5/3 5564/5/3
f 5568/1/3 5564/1/3 5567/1/3
f 5569/5/3 5565/5/3 5568/5/3
f 5570/1/3 5567/1/3 5566/1/3
f 5571/6/3 5568/6/3 5567/6/3
f 5571/1/3 5567/1/3 5570/1/3
f 5572/4/3 5569/4/3 5568/4/3
f 5572/6/3 5568/6/3 5571/6/3
f 5573/4/3 5569/4/3 5572/4/3
f 5574/5/3 5571/5/3 5570/5/3
f 5574/6/3 5572/6/3 5571/6/3
f 5575/5/3 5573/5/3 5572/5/3
f 5575/6/3 5572/6/3 5574/6/3
f 5576/5/3 5573/5/3 5575/5/3
f 5577/5/3 5574/5/3 5570/5/3
f 5578/1/3 5575/1/3 5574/1/3
f 5578/5/3 5574/5/3 5577/5/3
f 5578/1/3 5576/1/3 5575/1/3
f 5579/1/3 5578/1/3 5577/1/3
f 5580/1/3 5576/1/3 5578/1/3
f 5580/1/3 5578/1/3 5579/1/3
f 5581/1/3 5576/1/3 5580/1/3
f 5582/1/3 5580/1/3 5579/1/3
f 5583/6/3 5581/6/3 5580/6/3
f 5583/1/3 5580/1/3 5582/1/3
f 5584/6/3 5581/6/3 5583/6/3
f 5585/5/3 5583/5/3 5582/5/3
f 5586/1/3 5584/1/3 5583/1/3
f 5586/5/3 5583/5/3 5585/5/3
f 5587/6/3 5581/6/3 5584/6/3
f 5587/1/3 5584/1/3 5586/1/3
f 5588/6/3 5581/6/3 5587/6/3
f 5589/6/3 5586/6/3 5585/6/3
f 5590/5/3 5587/5/3 5586/5/3
f 5590/6/3 5586/6/3 5589/6/3
f 5591/4/3 5588/4/3 5587/4/3
f 5591/5/3 5587/5/3 5590/5/3
f 5592/4/3 5588/4/3 5591/4/3
f 5593/4/3 5590/4/3 5589/4/3
f 5593/4/3 5591/4/3 5590/4/3
f 5594/4/3 5591/4/3 5593/4/3
f 5595/6/3 5592/6/3 5591/6/3
f 5595/4/3 5591/4/3 5594/4/3
f 5596/6/3 5592/6/3 5595/6/3
f 5597/5/3 5594/5/3 5593/5/3
f 5598/6/3 5595/6/3 5594/6/3
f 5598/5/3 5594/5/3 5597/5/3
f 5599/5/3 5596/5/3 5595/5/3
f 5599/6/3 5595/6/3 5598/6/3
f 5600/5/3 5596/5/3 5599/5/3
f 5601/1/3 5598/1/3 5597/1/3
f 5601/1/3 5599/1/3 5598/1/3
f 5601/1/3 5600/1/3 5599/1/3
f 5602/1/3 5600/1/3 5601/1/3
f 5603/1/3 5600/1/3 5602/1/3
f 5604/5/3 5603/5/3 5602/5/3
f 5604/1/3 5600/1/3 5603/1/3
f 5605/1/3 5600/1/3 5604/1/3
f 5606/1/3 5600/1/3 5605/1/3
f 5607/5/3 5604/5/3 5602/5/3
f 5607/5/3 5605/5/3 5604/5/3
f 5608/6/3 5606/6/3 5605/6/3
f 5608/5/3 5605/5/3 5607/5/3
f 5609/6/3 5606/6/3 5608/6/3
f 5610/5/3 5608/5/3 5607/5/3
f 5610/5/3 5609/5/3 5608/5/3
f 5611/5/3 5609/5/3 5610/5/3
f 5612/5/3 5609/5/3 5611/5/3
f 5613/5/3 5609/5/3 5612/5/3
f 5614/5/3 5609/5/3 5613/5/3
f 5617/6/3 5614/6/3 5613/6/3
f 5618/5/3 5616/5/3 5615/5/3
f 5619/6/3 5617/6/3 5616/6/3
f 5619/5/3 5616/5/3 5618/5/3
f 5620/6/3 5614/6/3 5617/6/3
f 5620/6/3 5617/6/3 5619/6/3
f 5621/1/3 5619/1/3 5618/1/3
f 5621/1/3 5620/1/3 5619/1/3
f 5622/1/3 5620/1/3 5621/1/3
f 5623/1/3 5620/1/3 5622/1/3
f 5624/5/3 5622/5/3 5621/5/3
f 5625/6/3 5623/6/3 5622/6/3
f 5625/5/3 5622/5/3 5624/5/3
f 5626/1/3 5620/1/3 5623/1/3
f 5626/6/3 5623/6/3 5625/6/3
f 5627/1/3 5620/1/3 5626/1/3
f 5628/6/3 5626/6/3 5625/6/3
f 5628/6/3 5627/6/3 5626/6/3
f 5629/6/3 5627/6/3 5628/6/3
f 5630/1/3 5625/1/3 5624/1/3
f 5630/6/3 5628/6/3 5625/6/3
f 5631/5/3 5629/5/3 5628/5/3
f 5631/6/3 5628/6/3 5630/6/3
f 5632/5/3 5629/5/3 5631/5/3
f 5633/1/3 5630/1/3 5624/1/3
f 5633/5/3 5631/5/3 5630/5/3
f 5634/6/3 5632/6/3 5631/6/3
f 5634/5/3 5631/5/3 5633/5/3
f 5635/6/3 5632/6/3 5634/6/3
f 5636/1/3 5633/1/3 5624/1/3
f 5636/1/3 5634/1/3 5633/1/3
f 5636/1/3 5635/1/3 5634/1/3
f 5637/1/3 5635/1/3 5636/1/3
f 5638/1/3 5635/1/3 5637/1/3
f 5639/1/3 5635/1/3 5638/1/3
f 5640/5/3 5637/5/3 5636/5/3
f 5641/1/3 5638/1/3 5637/1/3
f 5641/5/3 5637/5/3 5640/5/3
f 5642/6/3 5639/6/3 5638/6/3
f 5642/1/3 5638/1/3 5641/1/3
f 5643/5/3 5641/5/3 5640/5/3
f 5643/5/3 5642/5/3 5641/5/3
f 5644/5/3 5642/5/3 5643/5/3
f 5645/6/3 5639/6/3 5642/6/3
f 5645/5/3 5642/5/3 5644/5/3
f 5646/6/3 5639/6/3 5645/6/3
f 5647/6/3 5644/6/3 5643/6/3
f 5648/4/3 5645/4/3 5644/4/3
f 5648/6/3 5644/6/3 5647/6/3
f 5648/4/3 5646/4/3 5645/4/3
f 5649/4/3 5646/4/3 5648/4/3
f 5650/5/3 5648/5/3 5647/5/3
f 5650/5/3 5649/5/3 5648/5/3
f 5651/5/3 5649/5/3 5650/5/3
f 5652/6/3 5651/6/3 5650/6/3
f 5653/6/3 5651/6/3 5652/6/3
f 5654/5/3 5653/5/3 5652/5/3
f 5655/6/3 5651/6/3 5653/6/3
f 5655/5/3 5653/5/3 5654/5/3
f 5656/6/3 5651/6/3 5655/6/3
f 5657/8/3 5655/8/3 5654/8/3
f 5657/8/3 5656/8/3 5655/8/3
f 5658/8/3 5656/8/3 5657/8/3
f 5665/8/3 5662/8/3 5661/8/3
f 5666/8/3 5662/8/3 5665/8/3
f 5667/8/3 5662/8/3 5666/8/3
f 5668/8/3 5664/8/3 5663/8/3
f 5669/8/3 5664/8/3 5668/8/3
f 5670/8/3 5660/8/3 5659/8/3
f 5671/8/3 5660/8/3 5670/8/3
f 5672/1/3 5671/1/3 5670/1/3
f 5673/1/3 5671/1/3 5672/1/3
f 5674/1/3 5671/1/3 5673/1/3
f 5675/6/3 5673/6/3 5672/6/3
f 5676/5/3 5674/5/3 5673/5/3
f 5676/6/3 5673/6/3 5675/6/3
f 5677/5/3 5674/5/3 5676/5/3
f 5678/5/3 5676/5/3 5675/5/3
f 5678/6/3 5677/6/3 5676/6/3
f 5679/6/3 5677/6/3 5678/6/3
f 5680/5/3 5678/5/3 5675/5/3
f 5681/4/3 5679/4/3 5678/4/3
f 5681/5/3 5678/5/3 5680/5/3
f 5682/4/3 5679/4/3 5681/4/3
f 5683/4/3 5681/4/3 5680/4/3
f 5684/5/3 5682/5/3 5681/5/3
f 5684/4/3 5681/4/3 5683/4/3
f 5685/6/3 5684/6/3 5683/6/3
f 5686/5/3 5682/5/3 5684/5/3
f 5686/6/3 5684/6/3 5685/6/3
f 5687/5/3 5682/5/3 5686/5/3
f 5688/1/3 5686/1/3 5685/1/3
f 5688/1/3 5687/1/3 5686/1/3
f 5689/1/3 5687/1/3 5688/1/3
f 5690/1/3 5687/1/3 5689/1/3
f 5691/5/3 5689/5/3 5688/5/3
f 5692/6/3 5690/6/3 5689/6/3
f 5692/5/3 5689/5/3 5691/5/3
f 5693/6/3 5690/6/3 5692/6/3
f 5694/5/3 5692/5/3 5691/5/3
f 5695/4/3 5693/4/3 5692/4/3
f 5695/5/3 5692/5/3 5694/5/3
f 5696/4/3 5693/4/3 5695/4/3
f 5697/5/3 5695/5/3 5694/5/3
f 5697/6/3 5696/6/3 5695/6/3
f 5698/6/3 5696/6/3 5697/6/3
f 5699/5/3 5697/5/3 5694/5/3
f 5699/5/3 5698/5/3 5697/5/3
f 5700/5/3 5698/5/3 5699/5/3
f 5701/5/3 5698/5/3 5700/5/3
f 5702/1/3 5701/1/3 5700/1/3
f 5703/1/3 5701/1/3 5702/1/3
f 5704/5/3 5703/5/3 5702/5/3
f 5705/1/3 5701/1/3 5703/1/3
f 5705/5/3 5703/5/3 5704/5/3
f 5706/6/3 5705/6/3 5704/6/3
f 5707/1/3 5701/1/3 5705/1/3
f 5707/6/3 5705/6/3 5706/6/3
f 5708/1/3 5707/1/3 5706/1/3
f 5709/1/3 5707/1/3 5708/1/3
f 5710/1/3 5701/1/3 5707/1/3
f 5710/1/3 5707/1/3 5709/1/3
f 5711/5/3 5710/5/3 5709/5/3
f 5712/1/3 5701/1/3 5710/1/3
f 5712/5/3 5710/5/3 5711/5/3
f 5713/1/3 5701/1/3 5712/1/3
f 5714/6/3 5712/6/3 5711/6/3
f 5714/6/3 5713/6/3 5712/6/3
f 5715/6/3 5713/6/3 5714/6/3
f 5716/4/3 5715/4/3 5714/4/3
f 5717/4/3 5715/4/3 5716/4/3
f 5718/4/3 5715/4/3 5717/4/3
f 5719/5/3 5717/5/3 5716/5/3
f 5720/5/3 5717/5/3 5719/5/3
f 5721/6/3 5718/6/3 5717/6/3
f 5721/5/3 5717/5/3 5720/5/3
f 5722/6/3 5721/6/3 5720/6/3
f 5723/6/3 5718/6/3 5721/6/3
f 5723/6/3 5721/6/3 5722/6/3
f 5724/1/3 5723/1/3 5722/1/3
f 5725/1/3 5723/1/3 5724/1/3
f 5726/5/3 5725/5/3 5724/5/3
f 5727/1/3 5723/1/3 5725/1/3
f 5727/5/3 5725/5/3 5726/5/3
f 5728/1/3 5727/1/3 5726/1/3
f 5729/1/3 5723/1/3 5727/1/3
f 5729/1/3 5727/1/3 5728/1/3
f 5730/1/3 5723/1/3 5729/1/3
f 5731/1/3 5729/1/3 5728/1/3
f 5732/5/3 5730/5/3 5729/5/3
f 5732/1/3 5729/1/3 5731/1/3
f 5733/5/3 5730/5/3 5732/5/3
f 5734/1/3 5732/1/3 5731/1/3
f 5734/1/3 5733/1/3 5732/1/3
f 5735/1/3 5733/1/3 5734/1/3
f 5736/5/3 5735/5/3 5734/5/3
f 5737/1/3 5733/1/3 5735/1/3
f 5737/5/3 5735/5/3 5736/5/3
f 5738/1/3 5737/1/3 5736/1/3
f 5739/1/3 5733/1/3 5737/1/3
f 5739/1/3 5737/1/3 5738/1/3
f 5740/6/3 5739/6/3 5738/6/3
f 5741/1/3 5733/1/3 5739/1/3
f 5741/6/3 5739/6/3 5740/6/3
f 5742/1/3 5741/1/3 5740/1/3
f 5743/1/3 5733/1/3 5741/1/3
f 5743/1/3 5741/1/3 5742/1/3
f 5744/6/3 5743/6/3 5742/6/3
f 5745/1/3 5733/1/3 5743/1/3
f 5745/6/3 5743/6/3 5744/6/3
f 5746/1/3 5745/1/3 5744/1/3
f 5747/1/3 5733/1/3 5745/1/3
f 5747/1/3 5745/1/3 5746/1/3
f 5748/6/3 5747/6/3 5746/6/3
f 5749/1/3 5733/1/3 5747/1/3
f 5749/6/3 5747/6/3 5748/6/3
f 5750/1/3 5749/1/3 5748/1/3
f 5750/1/3 5733/1/3 5749/1/3
f 5751/1/3 5733/1/3 5750/1/3
f 5752/1/3 5750/1/3 5748/1/3
f 5753/5/3 5751/5/3 5750/5/3
f 5753/1/3 5750/1/3 5752/1/3
f 5754/5/3 5751/5/3 5753/5/3
f 5755/1/3 5753/1/3 5752/1/3
f 5756/6/3 5754/6/3 5753/6/3
f 5756/1/3 5753/1/3 5755/1/3
f 5757/6/3 5756/6/3 5755/6/3
f 5758/6/3 5754/6/3 5756/6/3
f 5758/6/3 5756/6/3 5757/6/3
f 5759/5/3 5758/5/3 5757/5/3
f 5760/5/3 5758/5/3 5759/5/3
f 5761/1/3 5760/1/3 5759/1/3
f 5762/1/3 5760/1/3 5761/1/3
f 5763/5/3 5762/5/3 5761/5/3
f 5764/5/3 5762/5/3 5763/5/3
f 5765/5/3 5762/5/3 5764/5/3
f 5766/4/3 5764/4/3 5763/4/3
f 5767/4/3 5764/4/3 5766/4/3
f 5768/6/3 5765/6/3 5764/6/3
f 5768/4/3 5764/4/3 5767/4/3
f 5769/5/3 5768/5/3 5767/5/3
f 5770/6/3 5765/6/3 5768/6/3
f 5770/5/3 5768/5/3 5769/5/3
f 5771/6/3 5765/6/3 5770/6/3
f 5772/4/3 5770/4/3 5769/4/3
f 5772/5/3 5771/5/3 5770/5/3
f 5773/5/3 5771/5/3 5772/5/3
f 5774/4/3 5772/4/3 5769/4/3
f 5775/6/3 5773/6/3 5772/6/3
f 5775/4/3 5772/4/3 5774/4/3
f 5776/6/3 5773/6/3 5775/6/3
f 5777/8/3 5775/8/3 5774/8/3
f 5777/8/3 5776/8/3 5775/8/3
f 5778/8/3 5776/8/3 5777/8/3
f 5781/8/3 5780/8/3 5779/8/3
f 5782/8/3 5780/8/3 5781/8/3
f 5783/1/3 5782/1/3 5781/1/3
f 5784/1/3 5782/1/3 5783/1/3
f 5785/5/3 5784/5/3 5783/5/3
f 5786/1/3 5782/1/3 5784/1/3
f 5786/5/3 5784/5/3 5785/5/3
f 5787/1/3 5782/1/3 5786/1/3
f 5788/6/3 5786/6/3 5785/6/3
f 5789/5/3 5787/5/3 5786/5/3
f 5789/6/3 5786/6/3 5788/6/3
f 5790/5/3 5787/5/3 5789/5/3
f 5791/6/3 5789/6/3 5788/6/3
f 5792/6/3 5789/6/3 5791/6/3
f 5793/1/3 5790/1/3 5789/1/3
f 5793/6/3 5789/6/3 5792/6/3
f 5794/1/3 5790/1/3 5793/1/3
f 5795/1/3 5793/1/3 5792/1/3
f 5796/5/3 5794/5/3 5793/5/3
f 5796/1/3 5793/1/3 5795/1/3
f 5797/5/3 5794/5/3 5796/5/3
f 5798/1/3 5796/1/3 5795/1/3
f 5798/1/3 5797/1/3 5796/1/3
f 5799/1/3 5797/1/3 5798/1/3
f 5800/6/3 5799/6/3 5798/6/3
f 5801/6/3 5799/6/3 5800/6/3
f 5802/1/3 5797/1/3 5799/1/3
f 5802/6/3 5799/6/3 5801/6/3
f 5803/1/3 5797/1/3 5802/1/3
f 5804/5/3 5802/5/3 5801/5/3
f 5805/6/3 5803/6/3 5802/6/3
f 5805/5/3 5802/5/3 5804/5/3
f 5806/6/3 5803/6/3 5805/6/3
f 5807/6/3 5805/6/3 5804/6/3
f 5808/1/3 5806/1/3 5805/1/3
f 5808/6/3 5805/6/3 5807/6/3
f 5809/5/3 5808/5/3 5807/5/3
f 5810/1/3 5806/1/3 5808/1/3
f 5810/5/3 5808/5/3 5809/5/3
f 5811/1/3 5810/1/3 5809/1/3
f 5811/1/3 5806/1/3 5810/1/3
f 5812/1/3 5806/1/3 5811/1/3
f 5813/1/3 5811/1/3 5809/1/3
f 5814/5/3 5812/5/3 5811/5/3
f 5814/1/3 5811/1/3 5813/1/3
f 5815/6/3 5814/6/3 5813/6/3
f 5816/5/3 5812/5/3 5814/5/3
f 5816/6/3 5814/6/3 5815/6/3
f 5817/5/3 5812/5/3 5816/5/3
f 5818/5/3 5816/5/3 5815/5/3
f 5818/1/3 5817/1/3 5816/1/3
f 5819/1/3 5817/1/3 5818/1/3
f 5820/5/3 5818/5/3 5815/5/3
f 5820/5/3 5819/5/3 5818/5/3
f 5821/5/3 5819/5/3 5820/5/3
f 5822/5/3 5820/5/3 5815/5/3
f 5823/4/3 5821/4/3 5820/4/3
f 5823/5/3 5820/5/3 5822/5/3
f 5824/4/3 5821/4/3 5823/4/3
f 5825/1/3 5823/1/3 5822/1/3
f 5825/6/3 5824/6/3 5823/6/3
f 5826/6/3 5824/6/3 5825/6/3
f 5827/1/3 5825/1/3 5822/1/3
f 5827/1/3 5826/1/3 5825/1/3
f 5828/1/3 5826/1/3 5827/1/3
f 5829/5/3 5828/5/3 5827/5/3
f 5830/5/3 5828/5/3 5829/5/3
f 5831/5/3 5828/5/3 5830/5/3
f 5832/6/3 5830/6/3 5829/6/3
f 5833/6/3 5830/6/3 5832/6/3
f 5834/6/3 5830/6/3 5833/6/3
f 5835/4/3 5831/4/3 5830/4/3
f 5835/6/3 5830/6/3 5834/6/3
f 5836/4/3 5831/4/3 5835/4/3
f 5837/5/3 5835/5/3 5834/5/3
f 5837/5/3 5836/5/3 5835/5/3
f 5838/5/3 5836/5/3 5837/5/3
f 5839/5/3 5836/5/3 5838/5/3
f 5840/1/3 5838/1/3 5837/1/3
f 5841/6/3 5839/6/3 5838/6/3
f 5841/1/3 5838/1/3 5840/1/3
f 5842/6/3 5839/6/3 5841/6/3
f 5843/1/3 5841/1/3 5840/1/3
f 5843/1/3 5842/1/3 5841/1/3
f 5844/1/3 5842/1/3 5843/1/3
f 5845/5/3 5844/5/3 5843/5/3
f 5845/1/3 5842/1/3 5844/1/3
f 5846/1/3 5842/1/3 5845/1/3
f 5847/5/3 5845/5/3 5843/5/3
f 5848/6/3 5846/6/3 5845/6/3
f 5848/5/3 5845/5/3 5847/5/3
f 5849/6/3 5846/6/3 5848/6/3
f 5850/6/3 5848/6/3 5847/6/3
f 5851/4/3 5849/4/3 5848/4/3
f 5851/6/3 5848/6/3 5850/6/3
f 5852/4/3 5849/4/3 5851/4/3
f 5853/1/3 5851/1/3 5850/1/3
f 5853/6/3 5852/6/3 5851/6/3
f 5854/6/3 5852/6/3 5853/6/3
f 5855/1/3 5853/1/3 5850/1/3
f 5855/1/3 5854/1/3 5853/1/3
f 5856/1/3 5854/1/3 5855/1/3
f 5857/5/3 5856/5/3 5855/5/3
f 5858/5/3 5856/5/3 5857/5/3
f 5859/5/3 5856/5/3 5858/5/3
f 5860/6/3 5858/6/3 5857/6/3
f 5861/1/3 5859/1/3 5858/1/3
f 5861/6/3 5858/6/3 5860/6/3
f 5862/1/3 5861/1/3 5860/1/3
f 5863/1/3 5859/1/3 5861/1/3
f 5863/1/3 5861/1/3 5862/1/3
f 5864/5/3 5863/5/3 5862/5/3
f 5865/5/3 5863/5/3 5864/5/3
f 5866/5/3 5863/5/3 5865/5/3
f 5867/1/3 5866/1/3 5865/1/3
f 5868/1/3 5866/1/3 5867/1/3
f 5869/6/3 5868/6/3 5867/6/3
f 5870/1/3 5866/1/3 5868/1/3
f 5870/6/3 5868/6/3 5869/6/3
f 5871/1/3 5870/1/3 5869/1/3
f 5872/1/3 5870/1/3 5871/1/3
f 5873/1/3 5866/1/3 5870/1/3
f 5873/1/3 5870/1/3 5872/1/3
f 5874/1/3 5866/1/3 5873/1/3
f 5875/1/3 5873/1/3 5872/1/3
f 5876/5/3 5874/5/3 5873/5/3
f 5876/1/3 5873/1/3 5875/1/3
f 5877/5/3 5874/5/3 5876/5/3
f 5878/1/3 5876/1/3 5875/1/3
f 5878/1/3 5877/1/3 5876/1/3
f 5879/1/3 5877/1/3 5878/1/3
f 5880/1/3 5877/1/3 5879/1/3
f 5881/1/3 5879/1/3 5878/1/3
f 5882/5/3 5880/5/3 5879/5/3
f 5882/1/3 5879/1/3 5881/1/3
f 5883/5/3 5880/5/3 5882/5/3
f 5884/8/3 5882/8/3 5881/8/3
f 5884/8/3 5883/8/3 5882/8/3
f 5885/8/3 5883/8/3 5884/8/3
f 5892/8/3 5889/8/3 5888/8/3
f 5893/8/3 5889/8/3 5892/8/3
f 5894/8/3 5891/8/3 5890/8/3
f 5895/8/3 5891/8/3 5894/8/3
f 5896/8/3 5887/8/3 5886/8/3
f 5897/8/3 5887/8/3 5896/8/3
f 5898/1/3 5897/1/3 5896/1/3
f 5899/1/3 5897/1/3 5898/1/3
f 5900/1/3 5897/1/3 5899/1/3
f 5901/1/3 5897/1/3 5900/1/3
f 5902/1/3 5898/1/3 5896/1/3
f 5903/5/3 5899/5/3 5898/5/3
f 5903/1/3 5898/1/3 5902/1/3
f 5904/1/3 5900/1/3 5899/1/3
f 5904/5/3 5899/5/3 5903/5/3
f 5905/6/3 5901/6/3 5900/6/3
f 5905/1/3 5900/1/3 5904/1/3
f 5906/6/3 5903/6/3 5902/6/3
f 5907/4/3 5904/4/3 5903/4/3
f 5907/6/3 5903/6/3 5906/6/3
f 5908/5/3 5905/5/3 5904/5/3
f 5908/4/3 5904/4/3 5907/4/3
f 5909/6/3 5901/6/3 5905/6/3
f 5909/5/3 5905/5/3 5908/5/3
f 5910/6/3 5901/6/3 5909/6/3
f 5911/6/3 5908/6/3 5907/6/3
f 5911/6/3 5907/6/3 5906/6/3
f 5912/6/3 5908/6/3 5911/6/3
f 5913/4/3 5910/4/3 5909/4/3
f 5913/6/3 5908/6/3 5912/6/3
f 5913/4/3 5909/4/3 5908/4/3
f 5914/4/3 5910/4/3 5913/4/3
f 5915/5/3 5912/5/3 5911/5/3
f 5916/1/3 5913/1/3 5912/1/3
f 5916/5/3 5912/5/3 5915/5/3
f 5917/4/3 5910/4/3 5914/4/3
f 5917/6/3 5914/6/3 5913/6/3
f 5918/4/3 5910/4/3 5917/4/3
f 5919/1/3 5916/1/3 5915/1/3
f 5920/1/3 5913/1/3 5916/1/3
f 5920/1/3 5916/1/3 5919/1/3
f 5920/6/3 5917/6/3 5913/6/3
f 5921/5/3 5918/5/3 5917/5/3
f 5921/6/3 5917/6/3 5920/6/3
f 5922/5/3 5918/5/3 5921/5/3
f 5923/1/3 5920/1/3 5919/1/3
f 5923/1/3 5921/1/3 5920/1/3
f 5923/1/3 5922/1/3 5921/1/3
f 5924/1/3 5922/1/3 5923/1/3
f 5925/1/3 5922/1/3 5924/1/3
f 5926/1/3 5922/1/3 5925/1/3
f 5927/1/3 5922/1/3 5926/1/3
f 5928/6/3 5924/6/3 5923/6/3
f 5929/5/3 5925/5/3 5924/5/3
f 5929/6/3 5924/6/3 5928/6/3
f 5930/1/3 5926/1/3 5925/1/3
f 5930/5/3 5925/5/3 5929/5/3
f 5931/5/3 5927/5/3 5926/5/3
f 5931/1/3 5926/1/3 5930/1/3
f 5932/5/3 5927/5/3 5931/5/3
f 5933/4/3 5929/4/3 5928/4/3
f 5934/5/3 5930/5/3 5929/5/3
f 5934/4/3 5929/4/3 5933/4/3
f 5935/6/3 5931/6/3 5930/6/3
f 5935/5/3 5930/5/3 5934/5/3
f 5935/6/3 5932/6/3 5931/6/3
f 5936/6/3 5932/6/3 5935/6/3
f 5937/6/3 5932/6/3 5936/6/3
f 5938/5/3 5934/5/3 5933/5/3
f 5939/6/3 5935/6/3 5934/6/3
f 5939/5/3 5934/5/3 5938/5/3
f 5940/4/3 5936/4/3 5935/4/3
f 5940/6/3 5935/6/3 5939/6/3
f 5941/5/3 5937/5/3 5936/5/3
f 5941/4/3 5936/4/3 5940/4/3
f 5942/5/3 5937/5/3 5941/5/3
f 5943/6/3 5939/6/3 5938/6/3
f 5944/4/3 5940/4/3 5939/4/3
f 5944/6/3 5939/6/3 5943/6/3
f 5945/6/3 5941/6/3 5940/6/3
f 5945/4/3 5940/4/3 5944/4/3
f 5945/6/3 5942/6/3 5941/6/3
f 5946/6/3 5942/6/3 5945/6/3
f 5947/6/3 5942/6/3 5946/6/3
f 5948/5/3 5944/5/3 5943/5/3
f 5948/5/3 5945/5/3 5944/5/3
f 5948/5/3 5946/5/3 5945/5/3
f 5949/1/3 5947/1/3 5946/1/3
f 5949/5/3 5946/5/3 5948/5/3
f 5950/1/3 5949/1/3 5948/1/3
f 5951/1/3 5949/1/3 5950/1/3
f 5952/1/3 5947/1/3 5949/1/3
f 5952/1/3 5949/1/3 5951/1/3
f 5953/1/3 5947/1/3 5952/1/3
f 5954/5/3 5951/5/3 5950/5/3
f 5955/6/3 5952/6/3 5951/6/3
f 5955/5/3 5951/5/3 5954/5/3
f 5956/5/3 5953/5/3 5952/5/3
f 5956/6/3 5952/6/3 5955/6/3
f 5957/4/3 5955/4/3 5954/4/3
f 5958/4/3 5955/4/3 5957/4/3
f 5959/5/3 5956/5/3 5955/5/3
f 5959/4/3 5955/4/3 5958/4/3
f 5960/5/3 5953/5/3 5956/5/3
f 5960/5/3 5956/5/3 5959/5/3
f 5961/5/3 5953/5/3 5960/5/3
f 5962/6/3 5958/6/3 5957/6/3
f 5963/5/3 5959/5/3 5958/5/3
f 5963/6/3 5958/6/3 5962/6/3
f 5963/5/3 5960/5/3 5959/5/3
f 5964/6/3 5961/6/3 5960/6/3
f 5964/5/3 5960/5/3 5963/5/3
f 5965/6/3 5961/6/3 5964/6/3
f 5966/1/3 5963/1/3 5962/1/3
f 5966/1/3 5964/1/3 5963/1/3
f 5966/1/3 5965/1/3 5964/1/3
f 5967/1/3 5965/1/3 5966/1/3
f 5968/1/3 5965/1/3 5967/1/3
f 5969/1/3 5965/1/3 5968/1/3
f 5970/6/3 5967/6/3 5966/6/3
f 5971/5/3 5968/5/3 5967/5/3
f 5971/6/3 5967/6/3 5970/6/3
f 5972/6/3 5969/6/3 5968/6/3
f 5972/5/3 5968/5/3 5971/5/3
f 5973/1/3 5965/1/3 5969/1/3
f 5973/6/3 5969/6/3 5972/6/3
f 5974/1/3 5965/1/3 5973/1/3
f 5975/1/3 5972/1/3 5971/1/3
f 5975/1/3 5971/1/3 5970/1/3
f 5976/5/3 5974/5/3 5973/5/3
f 5976/1/3 5972/1/3 5975/1/3
f 5976/5/3 5973/5/3 5972/5/3
f 5977/5/3 5974/5/3 5976/5/3
f 5978/1/3 5976/1/3 5975/1/3
f 5978/1/3 5977/1/3 5976/1/3
f 5979/1/3 5977/1/3 5978/1/3
f 5980/1/3 5977/1/3 5979/1/3
f 5981/1/3 5979/1/3 5978/1/3
f 5982/6/3 5980/6/3 5979/6/3
f 5982/1/3 5979/1/3 5981/1/3
f 5983/1/3 5977/1/3 5980/1/3
f 5983/6/3 5980/6/3 5982/6/3
f 5984/5/3 5982/5/3 5981/5/3
f 5984/5/3 5983/5/3 5982/5/3
f 5985/5/3 5983/5/3 5984/5/3
f 5986/1/3 5977/1/3 5983/1/3
f 5986/5/3 5983/5/3 5985/5/3
f 5987/1/3 5977/1/3 5986/1/3
f 5988/5/3 5986/5/3 5985/5/3
f 5988/6/3 5987/6/3 5986/6/3
f 5989/1/3 5977/1/3 5987/1/3
f 5989/6/3 5987/6/3 5988/6/3
f 5990/4/3 5985/4/3 5984/4/3
f 5991/5/3 5988/5/3 5985/5/3
f 5991/4/3 5985/4/3 5990/4/3
f 5991/5/3 5989/5/3 5988/5/3
f 5992/5/3 5989/5/3 5991/5/3
f 5993/1/3 5977/1/3 5989/1/3
f 5993/5/3 5989/5/3 5992/5/3
f 5994/5/3 5992/5/3 5991/5/3
f 5994/5/3 5991/5/3 5990/5/3
f 5995/5/3 5992/5/3 5994/5/3
f 5996/6/3 5993/6/3 5992/6/3
f 5996/5/3 5992/5/3 5995/5/3
f 5997/1/3 5977/1/3 5993/1/3
f 5997/6/3 5993/6/3 5996/6/3
f 5998/1/3 5996/1/3 5995/1/3
f 5998/1/3 5997/1/3 5996/1/3
f 5999/1/3 5997/1/3 5998/1/3
f 6000/1/3 5997/1/3 5999/1/3
f 6001/1/3 5977/1/3 5997/1/3
f 6001/1/3 5997/1/3 6000/1/3
f 6002/5/3 5999/5/3 5998/5/3
f 6003/6/3 6000/6/3 5999/6/3
f 6003/5/3 5999/5/3 6002/5/3
f 6004/5/3 6001/5/3 6000/5/3
f 6004/6/3 6000/6/3 6003/6/3
f 6005/5/3 6001/5/3 6004/5/3
f 6006/5/3 6001/5/3 6005/5/3
f 6007/6/3 6003/6/3 6002/6/3
f 6008/4/3 6004/4/3 6003/4/3
f 6008/5/3 6005/5/3 6004/5/3
f 6009/4/3 6006/4/3 6005/4/3
f 6009/5/3 6005/5/3 6008/5/3
f 6010/4/3 6006/4/3 6009/4/3
f 6011/6/3 6003/6/3 6007/6/3
f 6012/4/3 6008/4/3 6003/4/3
f 6012/4/3 6009/4/3 6008/4/3
f 6013/5/3 6010/5/3 6009/5/3
f 6013/4/3 6009/4/3 6012/4/3
f 6014/6/3 6003/6/3 6011/6/3
f 6015/4/3 6012/4/3 6003/4/3
f 6015/6/3 6003/6/3 6014/6/3
f 6016/5/3 6013/5/3 6012/5/3
f 6016/4/3 6012/4/3 6015/4/3
f 6017/5/3 6010/5/3 6013/5/3
f 6017/5/3 6013/5/3 6016/5/3
f 6018/5/3 6015/5/3 6014/5/3
f 6019/6/3 6016/6/3 6015/6/3
f 6019/5/3 6015/5/3 6018/5/3
f 6020/1/3 6017/1/3 6016/1/3
f 6020/6/3 6016/6/3 6019/6/3
f 6021/1/3 6017/1/3 6020/1/3
f 6022/1/3 6019/1/3 6018/1/3
f 6023/6/3 6020/6/3 6019/6/3
f 6023/1/3 6019/1/3 6022/1/3
f 6024/5/3 6021/5/3 6020/5/3
f 6024/6/3 6020/6/3 6023/6/3
f 6025/1/3 6017/1/3 6021/1/3
f 6025/5/3 6021/5/3 6024/5/3
f 6026/1/3 6024/1/3 6023/1/3
f 6026/1/3 6023/1/3 6022/1/3
f 6026/1/3 6025/1/3 6024/1/3
f 6027/1/3 6017/1/3 6025/1/3
f 6027/1/3 6025/1/3 6026/1/3
f 6028/5/3 6027/5/3 6026/5/3
f 6029/5/3 6027/5/3 6028/5/3
f 6030/5/3 6027/5/3 6029/5/3
f 6031/5/3 6027/5/3 6030/5/3
f 6032/6/3 6029/6/3 6028/6/3
f 6033/5/3 6030/5/3 6029/5/3
f 6033/6/3 6029/6/3 6032/6/3
f 6034/4/3 6031/4/3 6030/4/3
f 6034/5/3 6030/5/3 6033/5/3
f 6035/4/3 6031/4/3 6034/4/3
f 6036/6/3 6033/6/3 6032/6/3
f 6036/6/3 6034/6/3 6033/6/3
f 6036/6/3 6035/6/3 6034/6/3
f 6037/6/3 6035/6/3 6036/6/3
f 6038/5/3 6037/5/3 6036/5/3
f 6039/6/3 6035/6/3 6037/6/3
f 6039/5/3 6037/5/3 6038/5/3
f 6040/6/3 6035/6/3 6039/6/3
f 6041/4/3 6031/4/3 6035/4/3
f 6041/6/3 6035/6/3 6040/6/3
f 6042/4/3 6031/4/3 6041/4/3
f 6043/5/3 6041/5/3 6040/5/3
f 6043/5/3 6042/5/3 6041/5/3
f 6044/5/3 6042/5/3 6043/5/3
f 6045/6/3 6040/6/3 6039/6/3
f 6045/6/3 6039/6/3 6038/6/3
f 6046/5/3 6043/5/3 6040/5/3
f 6046/6/3 6040/6/3 6045/6/3
f 6047/6/3 6044/6/3 6043/6/3
f 6047/5/3 6043/5/3 6046/5/3
f 6048/6/3 6044/6/3 6047/6/3
f 6049/1/3 6046/1/3 6045/1/3
f 6049/1/3 6047/1/3 6046/1/3
f 6049/1/3 6048/1/3 6047/1/3
f 6050/1/3 6048/1/3 6049/1/3
f 6051/1/3 6048/1/3 6050/1/3
f 6052/6/3 6050/6/3 6049/6/3
f 6053/6/3 6050/6/3 6052/6/3
f 6054/5/3 6051/5/3 6050/5/3
f 6054/6/3 6050/6/3 6053/6/3
f 6055/1/3 6048/1/3 6051/1/3
f 6055/5/3 6051/5/3 6054/5/3
f 6056/1/3 6048/1/3 6055/1/3
f 6057/5/3 6053/5/3 6052/5/3
f 6058/1/3 6054/1/3 6053/1/3
f 6058/5/3 6053/5/3 6057/5/3
f 6059/6/3 6055/6/3 6054/6/3
f 6059/1/3 6054/1/3 6058/1/3
f 6059/6/3 6056/6/3 6055/6/3
f 6060/6/3 6056/6/3 6059/6/3
f 6061/6/3 6056/6/3 6060/6/3
f 6062/1/3 6059/1/3 6058/1/3
f 6062/1/3 6060/1/3 6059/1/3
f 6062/5/3 6061/5/3 6060/5/3
f 6063/5/3 6061/5/3 6062/5/3
f 6064/6/3 6058/6/3 6057/6/3
f 6065/1/3 6062/1/3 6058/1/3
f 6065/6/3 6058/6/3 6064/6/3
f 6065/1/3 6063/1/3 6062/1/3
f 6066/1/3 6065/1/3 6064/1/3
f 6066/1/3 6063/1/3 6065/1/3
f 6067/1/3 6063/1/3 6066/1/3
f 6068/1/3 6066/1/3 6064/1/3
f 6069/1/3 6066/1/3 6068/1/3
f 6070/6/3 6067/6/3 6066/6/3
f 6070/1/3 6066/1/3 6069/1/3
f 6071/6/3 6067/6/3 6070/6/3
f 6072/1/3 6069/1/3 6068/1/3
f 6073/6/3 6070/6/3 6069/6/3
f 6073/1/3 6069/1/3 6072/1/3
f 6074/4/3 6071/4/3 6070/4/3
f 6074/6/3 6070/6/3 6073/6/3
f 6075/4/3 6071/4/3 6074/4/3
f 6076/6/3 6073/6/3 6072/6/3
f 6076/5/3 6074/5/3 6073/5/3
f 6077/6/3 6075/6/3 6074/6/3
f 6077/5/3 6074/5/3 6076/5/3
f 6078/4/3 6071/4/3 6075/4/3
f 6078/6/3 6075/6/3 6077/6/3
f 6079/6/3 6076/6/3 6072/6/3
f 6080/4/3 6077/4/3 6076/4/3
f 6080/6/3 6076/6/3 6079/6/3
f 6081/5/3 6078/5/3 6077/5/3
f 6081/4/3 6077/4/3 6080/4/3
f 6082/4/3 6071/4/3 6078/4/3
f 6082/5/3 6078/5/3 6081/5/3
f 6083/5/3 6080/5/3 6079/5/3
f 6084/6/3 6081/6/3 6080/6/3
f 6084/5/3 6080/5/3 6083/5/3
f 6084/6/3 6082/6/3 6081/6/3
f 6085/6/3 6082/6/3 6084/6/3
f 6086/4/3 6071/4/3 6082/4/3
f 6086/6/3 6082/6/3 6085/6/3
f 6087/4/3 6071/4/3 6086/4/3
f 6088/5/3 6085/5/3 6084/5/3
f 6088/5/3 6084/5/3 6083/5/3
f 6089/6/3 6087/6/3 6086/6/3
f 6089/5/3 6085/5/3 6088/5/3
f 6089/6/3 6086/6/3 6085/6/3
f 6090/6/3 6087/6/3 6089/6/3
f 6091/8/3 6089/8/3 6088/8/3
f 6091/8/3 6090/8/3 6089/8/3
f 6092/8/3 6090/8/3 6091/8/3
f 6095/8/3 6094/8/3 6093/8/3
f 6096/8/3 6094/8/3 6095/8/3
f 6099/10/3 6098/10/3 6097/10/3
f 6100/10/3 6098/10/3 6099/10/3
f 6101/8/3 6100/8/3 6099/8/3
f 6102/8/3 6100/8/3 6101/8/3
f 6105/8/3 6104/8/3 6103/8/3
f 6106/8/3 6104/8/3 6105/8/3
f 6107/8/3 6104/8/3 6106/8/3
f 6111/10/3 6109/10/3 6108/10/3
f 6111/10/3 6110/10/3 6109/10/3
f 6112/10/3 6110/10/3 6111/10/3
f 6113/8/3 6112/8/3 6111/8/3
f 6114/8/3 6112/8/3 6113/8/3
f 6121/8/3 6118/8/3 6117/8/3
f 6122/8/3 6118/8/3 6121/8/3
f 6123/8/3 6120/8/3 6119/8/3
f 6124/8/3 6120/8/3 6123/8/3
f 6125/8/3 6116/8/3 6115/8/3
f 6126/8/3 6116/8/3 6125/8/3
f 6131/10/3 6128/10/3 6127/10/3
f 6131/10/3 6130/10/3 6129/10/3
f 6131/10/3 6129/10/3 6128/10/3
f 6132/10/3 6130/10/3 6131/10/3
f 6133/8/3 6132/8/3 6131/8/3
f 6134/8/3 6132/8/3 6133/8/3
f 6141/8/3 6138/8/3 6137/8/3
f 6142/8/3 6138/8/3 6141/8/3
f 6143/8/3 6140/8/3 6139/8/3
f 6144/8/3 6140/8/3 6143/8/3
f 6145/8/3 6136/8/3 6135/8/3
f 6146/8/3 6136/8/3 6145/8/3
f 6147/8/3 6136/8/3 6146/8/3
f 6151/10/3 6149/10/3 6148/10/3
f 6151/10/3 6150/10/3 6149/10/3
f 6152/10/3 6150/10/3 6151/10/3
f 6153/8/3 6152/8/3 6151/8/3
f 6154/8/3 6152/8/3 6153/8/3
f 6163/8/3 6156/8/3 6155/8/3
f 6164/8/3 6156/8/3 6163/8/3
f 6165/8/3 6158/8/3 6157/8/3
f 6166/8/3 6158/8/3 6165/8/3
f 6167/8/3 6160/8/3 6159/8/3
f 6168/8/3 6160/8/3 6167/8/3
f 6171/8/3 6170/8/3 6169/8/3
f 6172/8/3 6170/8/3 6171/8/3
f 6173/8/3 6170/8/3 6172/8/3
f 6174/8/3 6170/8/3 6173/8/3
f 6175/8/3 6162/8/3 6161/8/3
f 6176/8/3 6162/8/3 6175/8/3
f 6179/10/3 6178/10/3 6177/10/3
f 6180/10/3 6178/10/3 6179/10/3
f 6181/8/3 6180/8/3 6179/8/3
f 6182/8/3 6180/8/3 6181/8/3
f 6185/8/3 6184/8/3 6183/8/3
f 6186/8/3 6184/8/3 6185/8/3
f 6187/8/3 6184/8/3 6186/8/3
f 6188/8/3 6184/8/3 6187/8/3
f 6193/10/3 6190/10/3 6189/10/3
f 6193/10/3 6192/10/3 6191/10/3
f 6193/10/3 6191/10/3 6190/10/3
f 6194/10/3 6192/10/3 6193/10/3
f 6195/8/3 6194/8/3 6193/8/3
f 6196/8/3 6194/8/3 6195/8/3
f 6199/8/3 6198/8/3 6197/8/3
f 6200/8/3 6198/8/3 6199/8/3
f 6201/8/3 6198/8/3 6200/8/3
f 6206/10/3 6203/10/3 6202/10/3
f 6206/10/3 6205/10/3 6204/10/3
f 6206/10/3 6204/10/3 6203/10/3
f 6207/10/3 6205/10/3 6206/10/3
f 6208/8/3 6207/8/3 6206/8/3
f 6209/8/3 6207/8/3 6208/8/3
f 6212/8/3 6211/8/3 6210/8/3
f 6213/8/3 6211/8/3 6212/8/3
f 6214/8/3 6211/8/3 6213/8/3
f 6215/8/3 6211/8/3 6214/8/3
f 6220/10/3 6217/10/3 6216/10/3
f 6220/10/3 6219/10/3 6218/10/3
f 6220/10/3 6218/10/3 6217/10/3
f 6221/10/3 6219/10/3 6220/10/3
f 6222/8/3 6221/8/3 6220/8/3
f 6223/8/3 6221/8/3 6222/8/3
f 6226/8/3 6225/8/3 6224/8/3
f 6227/8/3 6225/8/3 6226/8/3
f 6230/10/3 6229/10/3 6228/10/3
f 6231/10/3 6229/10/3 6230/10/3
f 6232/8/3 6231/8/3 6230/8/3
f 6233/8/3 6231/8/3 6232/8/3
f 6236/8/3 6235/8/3 6234/8/3
f 6237/8/3 6235/8/3 6236/8/3
f 6238/8/3 6235/8/3 6237/8/3
f 6242/10/3 6240/10/3 6239/10/3
f 6242/10/3 6241/10/3 6240/10/3
f 6243/10/3 6241/10/3 6242/10/3
f 6244/8/3 6243/8/3 6242/8/3
f 6245/8/3 6243/8/3 6244/8/3
f 6248/8/3 6247/8/3 6246/8/3
f 6249/8/3 6247/8/3 6248/8/3
f 6252/10/3 6251/10/3 6250/10/3
f 6253/10/3 6251/10/3 6252/10/3
f 6254/8/3 6253/8/3 6252/8/3
f 6255/8/3 6253/8/3 6254/8/3
f 6260/8/3 6259/8/3 6258/8/3
f 6261/8/3 6259/8/3 6260/8/3
f 6262/8/3 6259/8/3 6261/8/3
f 6263/8/3 6259/8/3 6262/8/3
f 6264/8/3 6259/8/3 6263/8/3
f 6265/8/3 6259/8/3 6264/8/3
f 6266/8/3 6259/8/3 6265/8/3
f 6267/8/3 6259/8/3 6266/8/3
f 6268/8/3 6259/8/3 6267/8/3
f 6269/8/3 6259/8/3 6268/8/3
f 6270/8/3 6259/8/3 6269/8/3
f 6271/8/3 6259/8/3 6270/8/3
f 6272/8/3 6259/8/3 6271/8/3
f 6273/8/3 6259/8/3 6272/8/3
f 6274/8/3 6259/8/3 6273/8/3
f 6275/8/3 6259/8/3 6274/8/3
f 6276/8/3 6257/8/3 6256/8/3
f 6277/8/3 6257/8/3 6276/8/3
f 6278/8/3 6257/8/3 6277/8/3
f 6297/8/3 6280/8/3 6279/8/3
f 6297/8/3 6281/8/3 6280/8/3
f 6297/8/3 6282/8/3 6281/8/3
f 6297/8/3 6293/8/3 6292/8/3
f 6297/8/3 6292/8/3 6291/8/3
f 6297/8/3 6291/8/3 6290/8/3
f 6297/8/3 6290/8/3 6289/8/3
f 6297/8/3 6289/8/3 6288/8/3
f 6297/8/3 6288/8/3 6287/8/3
f 6297/8/3 6287/8/3 6286/8/3
f 6297/8/3 6286/8/3 6285/8/3
f 6297/8/3 6285/8/3 6284/8/3
f 6297/8/3 6284/8/3 6283/8/3
f 6297/8/3 6283/8/3 6282/8/3
f 6298/8/3 6293/8/3 6297/8/3
f 6299/10/3 6296/10/3 6295/10/3
f 6299/10/3 6295/10/3 6294/10/3
f 6300/10/3 6296/10/3 6299/10/3
f 6301/8/3 6300/8/3 6299/8/3
f 6302/8/3 6300/8/3 6301/8/3
f 6305/8/3 6304/8/3 6303/8/3
f 6306/8/3 6304/8/3 6305/8/3
f 6307/8/3 6304/8/3 6306/8/3
f 6312/8/3 6309/8/3 6308/8/3
f 6313/8/3 6309/8/3 6312/8/3
f 6314/10/3 6311/10/3 6310/10/3
f 6315/10/3 6311/10/3 6314/10/3
f 6316/10/3 6311/10/3 6315/10/3
f 6317/8/3 6316/8/3 6315/8/3
f 6318/8/3 6316/8/3 6317/8/3
f 6321/8/3 6320/8/3 6319/8/3
f 6322/8/3 6320/8/3 6321/8/3
f 6323/8/3 6320/8/3 6322/8/3
f 6324/8/3 6320/8/3 6323/8/3
f 6325/8/3 6320/8/3 6324/8/3
f 6326/8/3 6320/8/3 6325/8/3
f 6327/8/3 6320/8/3 6326/8/3
f 6328/8/3 6320/8/3 6327/8/3
f 6330/9/3 6326/9/3 6325/9/3
f 6331/8/3 6327/8/3 6326/8/3
f 6331/9/3 6326/9/3 6330/9/3
f 6332/8/3 6323/8/3 6322/8/3
f 6332/9/3 6324/9/3 6323/9/3
f 6333/9/3 6324/9/3 6332/9/3
f 6336/9/3 6330/9/3 6329/9/3
f 6337/9/3 6330/9/3 6336/9/3
f 6338/9/3 6334/9/3 6333/9/3
f 6339/9/3 6334/9/3 6338/9/3
f 6341/9/3 6340/9/3 6339/9/3
f 6342/9/3 6336/9/3 6335/9/3
f 6343/9/3 6336/9/3 6342/9/3
f 6344/9/3 6341/9/3 6339/9/3
f 6344/9/3 6342/9/3 6341/9/3
f 6345/9/3 6342/9/3 6344/9/3
f 6347/9/3 6342/9/3 6345/9/3
f 6348/9/3 6342/9/3 6347/9/3
f 6348/9/3 6347/9/3 6346/9/3
f 6349/9/3 6342/9/3 6348/9/3
f 6352/9/3 6348/9/3 6346/9/3
f 6353/9/3 6348/9/3 6352/9/3
f 6354/9/3 6350/9/3 6349/9/3
f 6355/9/3 6350/9/3 6354/9/3
f 6357/8/3 6332/8/3 6322/8/3
f 6358/9/3 6352/9/3 6351/9/3
f 6359/9/3 6352/9/3 6358/9/3
f 6360/9/3 6356/9/3 6355/9/3
f 6361/9/3 6356/9/3 6360/9/3
f 6362/8/3 6327/8/3 6331/8/3
f 6363/9/3 6358/9/3 6357/9/3
f 6363/8/3 6357/8/3 6322/8/3
f 6364/9/3 6358/9/3 6363/9/3
f 6366/8/3 6363/8/3 6322/8/3
f 6367/8/3 6363/8/3 6366/8/3
f 6368/9/3 6362/9/3 6361/9/3
f 6369/8/3 6327/8/3 6362/8/3
f 6369/9/3 6362/9/3 6368/9/3
f 6370/8/3 6327/8/3 6369/8/3
f 6372/8/3 6367/8/3 6366/8/3
f 6372/8/3 6371/8/3 6370/8/3
f 6372/8/3 6370/8/3 6369/8/3
f 6372/8/3 6369/8/3 6368/8/3
f 6372/8/3 6368/8/3 6367/8/3
f 6372/8/3 6366/8/3 6365/8/3
f 6373/8/3 6371/8/3 6372/8/3
f 6374/8/4 6375/8/4 6376/8/4
f 6376/8/4 6375/8/4 6377/8/4
f 6378/8/4 6379/8/4 6380/8/4
f 6380/8/4 6379/8/4 6381/8/4
f 6382/8/4 6383/8/4 6390/8/4
f 6390/8/4 6383/8/4 6391/8/4
f 6384/8/4 6385/8/4 6392/8/4
f 6392/8/4 6385/8/4 6393/8/4
f 6386/8/4 6387/8/4 6394/8/4
f 6394/8/4 6387/8/4 6395/8/4
f 6395/8/4 6387/8/4 6396/8/4
f 6387/3/4 6388/3/4 6397/3/4
f 6396/8/4 6387/8/4 6397/8/4
f 6388/8/4 6389/8/4 6398/8/4
f 6397/3/4 6388/3/4 6398/3/4
f 6398/8/4 6389/8/4 6399/8/4
f 6399/8/4 6389/8/4 6400/8/4
f 6400/8/4 6389/8/4 6401/8/4
f 6401/8/4 6389/8/4 6402/8/4
f 6402/8/4 6389/8/4 6403/8/4
f 6403/8/4 6389/8/4 6404/8/4
f 6404/8/4 6389/8/4 6405/8/4
f 6405/8/4 6389/8/4 6406/8/4
f 6406/8/4 6389/8/4 6407/8/4
f 6407/8/4 6389/8/4 6408/8/4
f 6408/8/4 6389/8/4 6409/8/4
f 6410/8/4 6411/8/4 6426/8/4
f 6424/8/4 6425/8/4 6426/8/4
f 6423/8/4 6424/8/4 6426/8/4
f 6422/8/4 6423/8/4 6426/8/4
f 6421/8/4 6422/8/4 6426/8/4
f 6420/8/4 6421/8/4 6426/8/4
f 6419/8/4 6420/8/4 6426/8/4
f 6418/8/4 6419/8/4 6426/8/4
f 6417/8/4 6418/8/4 6426/8/4
f 6416/8/4 6417/8/4 6426/8/4
f 6415/8/4 6416/8/4 6426/8/4
f 6414/8/4 6415/8/4 6426/8/4
f 6413/8/4 6414/8/4 6426/8/4
f 6412/8/4 6413/8/4 6426/8/4
f 6411/8/4 6412/8/4 6426/8/4
f 6426/8/4 6425/8/4 6427/8/4
f 6428/8/4 6429/8/4 6430/8/4
f 6430/8/4 6429/8/4 6431/8/4
f 6432/9/4 6433/9/4 6434/9/4
f 6434/9/4 6433/9/4 6435/9/4
f 6436/9/4 6437/9/4 6438/9/4
f 6438/9/4 6437/9/4 6439/9/4
f 6440/9/4 6441/9/4 6442/9/4
f 6442/9/4 6441/9/4 6443/9/4
f 6444/9/4 6445/9/4 6446/9/4
f 6446/9/4 6445/9/4 6447/9/4
f 6448/9/4 6449/9/4 6450/9/4
f 6450/9/4 6449/9/4 6451/9/4
f 6452/8/4 6453/8/4 6454/8/4
f 6454/8/4 6453/8/4 6455/8/4
f 6456/9/4 6457/9/4 6458/9/4
f 6458/9/4 6457/9/4 6459/9/4
f 6460/9/4 6461/9/4 6462/9/4
f 6462/9/4 6461/9/4 6463/9/4
f 6464/8/4 6465/8/4 6466/8/4
f 6466/8/4 6465/8/4 6467/8/4
f 6468/9/4 6469/9/4 6470/9/4
f 6470/9/4 6469/9/4 6471/9/4
f 6472/9/4 6473/9/4 6474/9/4
f 6474/9/4 6473/9/4 6475/9/4
f 6476/9/4 6477/9/4 6478/9/4
f 6478/9/4 6477/9/4 6479/9/4
f 6480/9/4 6481/9/4 6482/9/4
f 6482/9/4 6481/9/4 6483/9/4
f 6484/8/4 6485/8/4 6486/8/4
f 6486/8/4 6485/8/4 6487/8/4
f 6488/8/4 6489/8/4 6490/8/4
f 6490/8/4 6489/8/4 6491/8/4
f 6492/8/4 6493/8/4 6494/8/4
f 6494/8/4 6493/8/4 6495/8/4
f 6496/10/4 6497/10/4 6499/10/4
f 6497/4/4 6498/4/4 6500/4/4
f 6499/10/4 6497/10/4 6500/10/4
f 6500/4/4 6498/4/4 6501/4/4
f 6499/8/4 6500/8/4 6502/8/4
f 6500/8/4 6501/8/4 6502/8/4
f 6502/8/4 6501/8/4 6503/8/4
f 6504/8/4 6505/8/4 6506/8/4
f 6506/8/4 6505/8/4 6507/8/4
f 6507/8/4 6505/8/4 6508/8/4
f 6508/8/4 6505/8/4 6509/8/4
f 6509/8/4 6505/8/4 6510/8/4
f 6511/10/4 6512/10/4 6513/10/4
f 6513/10/4 6512/10/4 6514/10/4
f 6513/8/4 6514/8/4 6515/8/4
f 6515/8/4 6514/8/4 6516/8/4
f 6519/8/4 6520/8/4 6521/8/4
f 6521/8/4 6520/8/4 6522/8/4
f 6522/8/4 6520/8/4 6523/8/4
f 6523/8/4 6520/8/4 6524/8/4
f 6524/8/4 6520/8/4 6525/8/4
f 6525/8/4 6520/8/4 6526/8/4
f 6526/8/4 6520/8/4 6527/8/4
f 6527/8/4 6520/8/4 6528/8/4
f 6528/8/4 6520/8/4 6529/8/4
f 6529/8/4 6520/8/4 6530/8/4
f 6530/8/4 6520/8/4 6531/8/4
f 6531/8/4 6520/8/4 6532/8/4
f 6532/8/4 6520/8/4 6533/8/4
f 6533/8/4 6520/8/4 6534/8/4
f 6534/8/4 6520/8/4 6535/8/4
f 6535/8/4 6520/8/4 6536/8/4
f 6517/8/4 6518/8/4 6537/8/4
f 6537/8/4 6518/8/4 6538/8/4
f 6539/10/4 6540/10/4 6541/10/4
f 6541/10/4 6540/10/4 6542/10/4
f 6541/8/4 6542/8/4 6543/8/4
f 6543/8/4 6542/8/4 6544/8/4
f 6545/8/4 6546/8/4 6547/8/4
f 6547/8/4 6546/8/4 6548/8/4
f 6548/8/4 6546/8/4 6549/8/4
f 6550/10/4 6551/10/4 6554/10/4
f 6552/10/4 6553/10/4 6554/10/4
f 6551/10/4 6552/10/4 6554/10/4
f 6554/10/4 6553/10/4 6555/10/4
f 6554/8/4 6555/8/4 6556/8/4
f 6556/8/4 6555/8/4 6557/8/4
f 6558/8/4 6559/8/4 6560/8/4
f 6560/8/4 6559/8/4 6561/8/4
f 6561/8/4 6559/8/4 6562/8/4
f 6562/8/4 6559/8/4 6563/8/4
f 6564/10/4 6565/10/4 6568/10/4
f 6565/3/4 6566/3/4 6568/3/4
f 6566/10/4 6567/10/4 6569/10/4
f 6568/3/4 6566/3/4 6569/3/4
f 6564/10/4 6568/10/4 6570/10/4
f 6568/10/4 6569/10/4 6570/10/4
f 6569/10/4 6567/10/4 6571/10/4
f 6570/10/4 6569/10/4 6571/10/4
f 6570/8/4 6571/8/4 6572/8/4
f 6572/8/4 6571/8/4 6573/8/4
f 6574/8/4 6575/8/4 6576/8/4
f 6576/8/4 6575/8/4 6577/8/4
f 6578/10/4 6579/10/4 6581/10/4
f 6579/1/4 6580/1/4 6582/1/4
f 6581/10/4 6579/10/4 6582/10/4
f 6582/1/4 6580/1/4 6583/1/4
f 6581/8/4 6582/8/4 6584/8/4
f 6582/8/4 6583/8/4 6584/8/4
f 6584/8/4 6583/8/4 6585/8/4
f 6586/8/4 6587/8/4 6588/8/4
f 6588/8/4 6587/8/4 6589/8/4
f 6589/8/4 6587/8/4 6590/8/4
f 6591/10/4 6592/10/4 6593/10/4
f 6593/10/4 6592/10/4 6594/10/4
f 6593/8/4 6594/8/4 6595/8/4
f 6595/8/4 6594/8/4 6596/8/4
f 6597/8/4 6598/8/4 6599/8/4
f 6599/8/4 6598/8/4 6600/8/4
f 6600/8/4 6598/8/4 6601/8/4
f 6602/10/4 6603/10/4 6605/10/4
f 6603/10/4 6604/10/4 6605/10/4
f 6605/10/4 6604/10/4 6606/10/4
f 6605/8/4 6606/8/4 6607/8/4
f 6607/8/4 6606/8/4 6608/8/4
f 6609/8/4 6610/8/4 6619/8/4
f 6619/8/4 6610/8/4 6620/8/4
f 6611/8/4 6612/8/4 6621/8/4
f 6621/8/4 6612/8/4 6622/8/4
f 6613/8/4 6614/8/4 6623/8/4
f 6623/8/4 6614/8/4 6624/8/4
f 6615/8/4 6616/8/4 6625/8/4
f 6625/8/4 6616/8/4 6626/8/4
f 6617/8/4 6618/8/4 6627/8/4
f 6627/8/4 6618/8/4 6628/8/4
f 6629/10/4 6630/10/4 6631/10/4
f 6631/10/4 6630/10/4 6632/10/4
f 6631/8/4 6632/8/4 6633/8/4
f 6633/8/4 6632/8/4 6634/8/4
f 6637/8/4 6638/8/4 6639/8/4
f 6639/8/4 6638/8/4 6640/8/4
f 6640/8/4 6638/8/4 6641/8/4
f 6641/8/4 6638/8/4 6642/8/4
f 6635/8/4 6636/8/4 6643/8/4
f 6643/8/4 6636/8/4 6644/8/4
f 6644/8/4 6636/8/4 6645/8/4
f 6646/10/4 6647/10/4 6649/10/4
f 6647/10/4 6648/10/4 6649/10/4
f 6649/10/4 6648/10/4 6650/10/4
f 6649/8/4 6650/8/4 6651/8/4
f 6651/8/4 6650/8/4 6652/8/4
f 6653/11/4 6654/11/4 6657/11/4
f 6657/11/4 6654/11/4 6658/11/4
f 6659/8/4 6660/8/4 6663/8/4
f 6663/8/4 6660/8/4 6664/8/4
f 6661/8/4 6662/8/4 6665/8/4
f 6665/8/4 6662/8/4 6666/8/4
f 6655/8/4 6656/8/4 6667/8/4
f 6667/8/4 6656/8/4 6668/8/4
f 6669/10/4 6670/10/4 6671/10/4
f 6671/10/4 6670/10/4 6672/10/4
f 6671/8/4 6672/8/4 6673/8/4
f 6673/8/4 6672/8/4 6674/8/4
f 6677/8/4 6678/8/4 6681/8/4
f 6681/8/4 6678/8/4 6682/8/4
f 6679/8/4 6680/8/4 6683/8/4
f 6683/8/4 6680/8/4 6684/8/4
f 6675/8/4 6676/8/4 6685/8/4
f 6685/8/4 6676/8/4 6686/8/4
f 6686/8/4 6676/8/4 6687/8/4
f 6687/8/4 6676/8/4 6688/8/4
f 6690/10/4 6691/10/4 6696/10/4
f 6689/10/4 6690/10/4 6696/10/4
f 6693/10/4 6694/10/4 6696/10/4
f 6692/10/4 6693/10/4 6696/10/4
f 6691/10/4 6692/10/4 6696/10/4
f 6694/1/4 6695/1/4 6697/1/4
f 6696/10/4 6694/10/4 6697/10/4
f 6697/1/4 6695/1/4 6698/1/4
f 6696/8/4 6697/8/4 6699/8/4
f 6697/8/4 6698/8/4 6699/8/4
f 6699/8/4 6698/8/4 6700/8/4
f 6701/8/4 6702/8/4 6703/8/4
f 6703/8/4 6702/8/4 6704/8/4
f 6705/8/4 6706/8/4 6707/8/4
f 6707/8/4 6706/8/4 6708/8/4
f 6707/1/4 6708/1/4 6709/1/4
f 6709/1/4 6708/1/4 6710/1/4
f 6710/1/4 6708/1/4 6711/1/4
f 6707/1/4 6709/1/4 6712/1/4
f 6709/5/4 6710/5/4 6712/5/4
f 6710/6/4 6711/6/4 6713/6/4
f 6712/5/4 6710/5/4 6713/5/4
f 6713/6/4 6711/6/4 6714/6/4
f 6707/1/4 6712/1/4 6715/1/4
f 6712/6/4 6713/6/4 6716/6/4
f 6713/4/4 6714/4/4 6716/4/4
f 6716/4/4 6714/4/4 6717/4/4
f 6715/1/4 6712/1/4 6718/1/4
f 6712/6/4 6716/6/4 6719/6/4
f 6718/1/4 6712/1/4 6719/1/4
f 6716/5/4 6717/5/4 6720/5/4
f 6719/6/4 6716/6/4 6720/6/4
f 6717/4/4 6714/4/4 6721/4/4
f 6720/5/4 6717/5/4 6721/5/4
f 6721/4/4 6714/4/4 6722/4/4
f 6719/5/4 6720/5/4 6723/5/4
f 6718/1/4 6719/1/4 6723/1/4
f 6721/5/4 6722/5/4 6723/5/4
f 6720/5/4 6721/5/4 6723/5/4
f 6723/5/4 6722/5/4 6724/5/4
f 6718/1/4 6723/1/4 6725/1/4
f 6723/1/4 6724/1/4 6725/1/4
f 6724/5/4 6722/5/4 6726/5/4
f 6725/1/4 6724/1/4 6726/1/4
f 6726/5/4 6722/5/4 6727/5/4
f 6725/1/4 6726/1/4 6728/1/4
f 6726/1/4 6727/1/4 6728/1/4
f 6728/1/4 6727/1/4 6729/1/4
f 6729/1/4 6727/1/4 6730/1/4
f 6728/6/4 6729/6/4 6731/6/4
f 6729/5/4 6730/5/4 6732/5/4
f 6731/6/4 6729/6/4 6732/6/4
f 6732/5/4 6730/5/4 6733/5/4
f 6731/6/4 6732/6/4 6734/6/4
f 6732/4/4 6733/4/4 6735/4/4
f 6734/6/4 6732/6/4 6735/6/4
f 6735/4/4 6733/4/4 6736/4/4
f 6734/1/4 6735/1/4 6737/1/4
f 6735/5/4 6736/5/4 6738/5/4
f 6737/1/4 6735/1/4 6738/1/4
f 6738/5/4 6736/5/4 6739/5/4
f 6737/6/4 6738/6/4 6740/6/4
f 6738/4/4 6739/4/4 6741/4/4
f 6741/4/4 6739/4/4 6742/4/4
f 6742/4/4 6739/4/4 6743/4/4
f 6740/6/4 6738/6/4 6744/6/4
f 6738/4/4 6741/4/4 6745/4/4
f 6744/6/4 6738/6/4 6745/6/4
f 6741/5/4 6742/5/4 6746/5/4
f 6745/4/4 6741/4/4 6746/4/4
f 6742/6/4 6743/6/4 6747/6/4
f 6746/5/4 6742/5/4 6747/5/4
f 6747/6/4 6743/6/4 6748/6/4
f 6744/6/4 6745/6/4 6749/6/4
f 6745/6/4 6746/6/4 6749/6/4
f 6746/6/4 6747/6/4 6749/6/4
f 6747/5/4 6748/5/4 6750/5/4
f 6749/6/4 6747/6/4 6750/6/4
f 6750/5/4 6748/5/4 6751/5/4
f 6749/1/4 6750/1/4 6752/1/4
f 6750/1/4 6751/1/4 6752/1/4
f 6752/1/4 6751/1/4 6753/1/4
f 6752/6/4 6753/6/4 6754/6/4
f 6753/1/4 6751/1/4 6755/1/4
f 6755/1/4 6751/1/4 6756/1/4
f 6754/6/4 6753/6/4 6757/6/4
f 6753/1/4 6755/1/4 6758/1/4
f 6757/6/4 6753/6/4 6758/6/4
f 6755/5/4 6756/5/4 6759/5/4
f 6758/1/4 6755/1/4 6759/1/4
f 6759/5/4 6756/5/4 6760/5/4
f 6757/5/4 6758/5/4 6761/5/4
f 6758/5/4 6759/5/4 6761/5/4
f 6761/5/4 6759/5/4 6762/5/4
f 6759/1/4 6760/1/4 6763/1/4
f 6762/5/4 6759/5/4 6763/5/4
f 6763/1/4 6760/1/4 6764/1/4
f 6761/6/4 6762/6/4 6765/6/4
f 6762/5/4 6763/5/4 6766/5/4
f 6765/6/4 6762/6/4 6766/6/4
f 6763/6/4 6764/6/4 6767/6/4
f 6766/5/4 6763/5/4 6767/5/4
f 6761/6/4 6765/6/4 6768/6/4
f 6765/5/4 6766/5/4 6769/5/4
f 6768/6/4 6765/6/4 6769/6/4
f 6766/6/4 6767/6/4 6770/6/4
f 6769/5/4 6766/5/4 6770/5/4
f 6767/6/4 6764/6/4 6771/6/4
f 6770/6/4 6767/6/4 6771/6/4
f 6771/6/4 6764/6/4 6772/6/4
f 6768/5/4 6769/5/4 6773/5/4
f 6769/1/4 6770/1/4 6774/1/4
f 6773/5/4 6769/5/4 6774/5/4
f 6770/5/4 6771/5/4 6775/5/4
f 6774/1/4 6770/1/4 6775/1/4
f 6771/1/4 6772/1/4 6776/1/4
f 6775/5/4 6771/5/4 6776/5/4
f 6773/1/4 6774/1/4 6777/1/4
f 6774/1/4 6775/1/4 6777/1/4
f 6775/1/4 6776/1/4 6777/1/4
f 6777/1/4 6776/1/4 6778/1/4
f 6778/1/4 6776/1/4 6779/1/4
f 6776/1/4 6772/1/4 6780/1/4
f 6779/1/4 6776/1/4 6780/1/4
f 6777/5/4 6778/5/4 6781/5/4
f 6778/6/4 6779/6/4 6782/6/4
f 6781/5/4 6778/5/4 6782/5/4
f 6779/5/4 6780/5/4 6783/5/4
f 6782/6/4 6779/6/4 6783/6/4
f 6780/1/4 6772/1/4 6784/1/4
f 6783/5/4 6780/5/4 6784/5/4
f 6784/1/4 6772/1/4 6785/1/4
f 6781/1/4 6782/1/4 6786/1/4
f 6782/5/4 6783/5/4 6787/5/4
f 6786/1/4 6782/1/4 6787/1/4
f 6783/6/4 6784/6/4 6788/6/4
f 6787/5/4 6783/5/4 6788/5/4
f 6784/6/4 6785/6/4 6788/6/4
f 6788/6/4 6785/6/4 6789/6/4
f 6786/5/4 6787/5/4 6790/5/4
f 6787/4/4 6788/4/4 6791/4/4
f 6790/5/4 6787/5/4 6791/5/4
f 6788/4/4 6789/4/4 6791/4/4
f 6791/4/4 6789/4/4 6792/4/4
f 6792/4/4 6789/4/4 6793/4/4
f 6790/4/4 6791/4/4 6794/4/4
f 6791/5/4 6792/5/4 6795/5/4
f 6794/4/4 6791/4/4 6795/4/4
f 6792/6/4 6793/6/4 6796/6/4
f 6795/5/4 6792/5/4 6796/5/4
f 6793/4/4 6789/4/4 6797/4/4
f 6796/6/4 6793/6/4 6797/6/4
f 6797/4/4 6789/4/4 6798/4/4
f 6795/5/4 6796/5/4 6799/5/4
f 6794/5/4 6795/5/4 6799/5/4
f 6796/5/4 6797/5/4 6799/5/4
f 6799/5/4 6797/5/4 6800/5/4
f 6800/5/4 6797/5/4 6801/5/4
f 6797/6/4 6798/6/4 6802/6/4
f 6801/5/4 6797/5/4 6802/5/4
f 6802/6/4 6798/6/4 6803/6/4
f 6799/5/4 6800/5/4 6804/5/4
f 6800/6/4 6801/6/4 6805/6/4
f 6804/5/4 6800/5/4 6805/5/4
f 6801/1/4 6802/1/4 6806/1/4
f 6805/6/4 6801/6/4 6806/6/4
f 6802/1/4 6803/1/4 6806/1/4
f 6806/1/4 6803/1/4 6807/1/4
f 6807/1/4 6803/1/4 6808/1/4
f 6804/6/4 6805/6/4 6809/6/4
f 6805/1/4 6806/1/4 6810/1/4
f 6809/6/4 6805/6/4 6810/6/4
f 6806/1/4 6807/1/4 6810/1/4
f 6807/6/4 6808/6/4 6811/6/4
f 6810/1/4 6807/1/4 6811/1/4
f 6811/6/4 6808/6/4 6812/6/4
f 6809/1/4 6810/1/4 6813/1/4
f 6810/1/4 6811/1/4 6813/1/4
f 6811/1/4 6812/1/4 6813/1/4
f 6813/1/4 6812/1/4 6814/1/4
f 6814/1/4 6812/1/4 6815/1/4
f 6815/1/4 6812/1/4 6816/1/4
f 6813/5/4 6814/5/4 6817/5/4
f 6814/6/4 6815/6/4 6818/6/4
f 6815/5/4 6816/5/4 6819/5/4
f 6818/6/4 6815/6/4 6819/6/4
f 6819/5/4 6816/5/4 6820/5/4
f 6817/5/4 6814/5/4 6821/5/4
f 6814/6/4 6818/6/4 6822/6/4
f 6821/5/4 6814/5/4 6822/5/4
f 6818/4/4 6819/4/4 6823/4/4
f 6822/6/4 6818/6/4 6823/6/4
f 6819/6/4 6820/6/4 6824/6/4
f 6823/4/4 6819/4/4 6824/4/4
f 6824/6/4 6820/6/4 6825/6/4
f 6821/6/4 6822/6/4 6826/6/4
f 6822/5/4 6823/5/4 6827/5/4
f 6826/6/4 6822/6/4 6827/6/4
f 6823/5/4 6824/5/4 6827/5/4
f 6824/5/4 6825/5/4 6827/5/4
f 6827/5/4 6825/5/4 6828/5/4
f 6828/5/4 6825/5/4 6829/5/4
f 6826/5/4 6827/5/4 6830/5/4
f 6827/4/4 6828/4/4 6831/4/4
f 6830/5/4 6827/5/4 6831/5/4
f 6828/6/4 6829/6/4 6832/6/4
f 6831/4/4 6828/4/4 6832/4/4
f 6832/6/4 6829/6/4 6833/6/4
f 6830/5/4 6831/5/4 6834/5/4
f 6831/6/4 6832/6/4 6835/6/4
f 6834/5/4 6831/5/4 6835/5/4
f 6832/1/4 6833/1/4 6836/1/4
f 6835/6/4 6832/6/4 6836/6/4
f 6833/6/4 6829/6/4 6837/6/4
f 6836/1/4 6833/1/4 6837/1/4
f 6837/6/4 6829/6/4 6838/6/4
f 6835/1/4 6836/1/4 6839/1/4
f 6834/1/4 6835/1/4 6839/1/4
f 6837/1/4 6838/1/4 6839/1/4
f 6836/1/4 6837/1/4 6839/1/4
f 6839/1/4 6838/1/4 6840/1/4
f 6840/1/4 6838/1/4 6841/1/4
f 6841/1/4 6838/1/4 6842/1/4
f 6842/1/4 6838/1/4 6843/1/4
f 6839/5/4 6840/5/4 6844/5/4
f 6840/6/4 6841/6/4 6845/6/4
f 6844/5/4 6840/5/4 6845/5/4
f 6841/1/4 6842/1/4 6846/1/4
f 6845/6/4 6841/6/4 6846/6/4
f 6842/5/4 6843/5/4 6847/5/4
f 6846/1/4 6842/1/4 6847/1/4
f 6847/5/4 6843/5/4 6848/5/4
f 6844/5/4 6845/5/4 6849/5/4
f 6845/5/4 6846/5/4 6849/5/4
f 6846/5/4 6847/5/4 6849/5/4
f 6849/5/4 6847/5/4 6850/5/4
f 6847/4/4 6848/4/4 6851/4/4
f 6850/5/4 6847/5/4 6851/5/4
f 6851/4/4 6848/4/4 6852/4/4
f 6849/4/4 6850/4/4 6853/4/4
f 6850/6/4 6851/6/4 6854/6/4
f 6853/4/4 6850/4/4 6854/4/4
f 6851/6/4 6852/6/4 6854/6/4
f 6854/6/4 6852/6/4 6855/6/4
f 6855/6/4 6852/6/4 6856/6/4
f 6853/5/4 6854/5/4 6857/5/4
f 6854/6/4 6855/6/4 6858/6/4
f 6855/5/4 6856/5/4 6858/5/4
f 6856/6/4 6852/6/4 6859/6/4
f 6858/5/4 6856/5/4 6859/5/4
f 6859/6/4 6852/6/4 6860/6/4
f 6857/5/4 6854/5/4 6861/5/4
f 6854/6/4 6858/6/4 6862/6/4
f 6861/5/4 6854/5/4 6862/5/4
f 6858/6/4 6859/6/4 6862/6/4
f 6859/5/4 6860/5/4 6863/5/4
f 6862/6/4 6859/6/4 6863/6/4
f 6863/5/4 6860/5/4 6864/5/4
f 6861/1/4 6862/1/4 6865/1/4
f 6862/1/4 6863/1/4 6865/1/4
f 6863/1/4 6864/1/4 6865/1/4
f 6865/1/4 6864/1/4 6866/1/4
f 6866/1/4 6864/1/4 6867/1/4
f 6867/1/4 6864/1/4 6868/1/4
f 6868/1/4 6864/1/4 6869/1/4
f 6865/6/4 6866/6/4 6870/6/4
f 6866/5/4 6867/5/4 6871/5/4
f 6867/6/4 6868/6/4 6871/6/4
f 6868/5/4 6869/5/4 6872/5/4
f 6871/6/4 6868/6/4 6872/6/4
f 6872/5/4 6869/5/4 6873/5/4
f 6870/6/4 6866/6/4 6874/6/4
f 6866/5/4 6871/5/4 6875/5/4
f 6874/6/4 6866/6/4 6875/6/4
f 6871/4/4 6872/4/4 6876/4/4
f 6875/5/4 6871/5/4 6876/5/4
f 6872/6/4 6873/6/4 6877/6/4
f 6876/4/4 6872/4/4 6877/4/4
f 6874/5/4 6875/5/4 6878/5/4
f 6875/6/4 6876/6/4 6879/6/4
f 6878/5/4 6875/5/4 6879/5/4
f 6876/5/4 6877/5/4 6880/5/4
f 6879/6/4 6876/6/4 6880/6/4
f 6877/6/4 6873/6/4 6881/6/4
f 6880/5/4 6877/5/4 6881/5/4
f 6878/6/4 6879/6/4 6882/6/4
f 6879/4/4 6880/4/4 6883/4/4
f 6882/6/4 6879/6/4 6883/6/4
f 6880/4/4 6881/4/4 6883/4/4
f 6881/6/4 6873/6/4 6884/6/4
f 6883/4/4 6881/4/4 6884/4/4
f 6884/6/4 6873/6/4 6885/6/4
f 6882/6/4 6883/6/4 6886/6/4
f 6883/5/4 6884/5/4 6887/5/4
f 6886/6/4 6883/6/4 6887/6/4
f 6884/5/4 6885/5/4 6887/5/4
f 6887/5/4 6885/5/4 6888/5/4
f 6886/1/4 6887/1/4 6889/1/4
f 6887/1/4 6888/1/4 6889/1/4
f 6889/1/4 6888/1/4 6890/1/4
f 6890/1/4 6888/1/4 6891/1/4
f 6889/6/4 6890/6/4 6892/6/4
f 6890/5/4 6891/5/4 6893/5/4
f 6892/6/4 6890/6/4 6893/6/4
f 6892/5/4 6893/5/4 6894/5/4
f 6893/5/4 6891/5/4 6894/5/4
f 6891/1/4 6888/1/4 6895/1/4
f 6894/5/4 6891/5/4 6895/5/4
f 6895/1/4 6888/1/4 6896/1/4
f 6892/5/4 6894/5/4 6897/5/4
f 6894/6/4 6895/6/4 6898/6/4
f 6897/5/4 6894/5/4 6898/5/4
f 6895/6/4 6896/6/4 6898/6/4
f 6898/6/4 6896/6/4 6899/6/4
f 6899/6/4 6896/6/4 6900/6/4
f 6900/6/4 6896/6/4 6901/6/4
f 6897/6/4 6898/6/4 6902/6/4
f 6898/6/4 6899/6/4 6902/6/4
f 6902/6/4 6899/6/4 6903/6/4
f 6899/4/4 6900/4/4 6904/4/4
f 6903/6/4 6899/6/4 6904/6/4
f 6900/5/4 6901/5/4 6905/5/4
f 6904/4/4 6900/4/4 6905/4/4
f 6905/5/4 6901/5/4 6906/5/4
f 6902/6/4 6903/6/4 6907/6/4
f 6903/4/4 6904/4/4 6908/4/4
f 6907/6/4 6903/6/4 6908/6/4
f 6904/5/4 6905/5/4 6909/5/4
f 6908/4/4 6904/4/4 6909/4/4
f 6905/4/4 6906/4/4 6910/4/4
f 6909/5/4 6905/5/4 6910/5/4
f 6910/4/4 6906/4/4 6911/4/4
f 6907/8/4 6908/8/4 6912/8/4
f 6908/8/4 6909/8/4 6912/8/4
f 6910/8/4 6911/8/4 6912/8/4
f 6909/8/4 6910/8/4 6912/8/4
f 6912/8/4 6911/8/4 6913/8/4
f 6916/8/4 6917/8/4 6920/8/4
f 6920/8/4 6917/8/4 6921/8/4
f 6918/8/4 6919/8/4 6922/8/4
f 6922/8/4 6919/8/4 6923/8/4
f 6914/8/4 6915/8/4 6924/8/4
f 6924/8/4 6915/8/4 6925/8/4
f 6924/5/4 6925/5/4 6926/5/4
f 6926/5/4 6925/5/4 6927/5/4
f 6926/6/4 6927/6/4 6928/6/4
f 6927/5/4 6925/5/4 6929/5/4
f 6928/6/4 6927/6/4 6929/6/4
f 6928/4/4 6929/4/4 6930/4/4
f 6929/5/4 6925/5/4 6931/5/4
f 6930/4/4 6929/4/4 6931/4/4
f 6931/5/4 6925/5/4 6932/5/4
f 6930/5/4 6931/5/4 6933/5/4
f 6931/4/4 6932/4/4 6934/4/4
f 6933/5/4 6931/5/4 6934/5/4
f 6934/4/4 6932/4/4 6935/4/4
f 6933/5/4 6934/5/4 6936/5/4
f 6934/6/4 6935/6/4 6937/6/4
f 6936/5/4 6934/5/4 6937/5/4
f 6936/1/4 6937/1/4 6938/1/4
f 6937/6/4 6935/6/4 6939/6/4
f 6938/1/4 6937/1/4 6939/1/4
f 6939/6/4 6935/6/4 6940/6/4
f 6938/1/4 6939/1/4 6941/1/4
f 6939/1/4 6940/1/4 6941/1/4
f 6941/1/4 6940/1/4 6942/1/4
f 6942/1/4 6940/1/4 6943/1/4
f 6941/5/4 6942/5/4 6944/5/4
f 6942/6/4 6943/6/4 6945/6/4
f 6944/5/4 6942/5/4 6945/5/4
f 6945/6/4 6943/6/4 6946/6/4
f 6944/5/4 6945/5/4 6947/5/4
f 6945/1/4 6946/1/4 6948/1/4
f 6947/5/4 6945/5/4 6948/5/4
f 6948/1/4 6946/1/4 6949/1/4
f 6947/6/4 6948/6/4 6950/6/4
f 6948/6/4 6949/6/4 6950/6/4
f 6950/6/4 6949/6/4 6951/6/4
f 6950/5/4 6951/5/4 6952/5/4
f 6952/5/4 6951/5/4 6953/5/4
f 6953/5/4 6951/5/4 6954/5/4
f 6952/6/4 6953/6/4 6955/6/4
f 6953/4/4 6954/4/4 6956/4/4
f 6955/6/4 6953/6/4 6956/6/4
f 6956/4/4 6954/4/4 6957/4/4
f 6955/6/4 6956/6/4 6958/6/4
f 6956/6/4 6957/6/4 6958/6/4
f 6958/6/4 6957/6/4 6959/6/4
f 6958/1/4 6959/1/4 6960/1/4
f 6960/1/4 6959/1/4 6961/1/4
f 6960/6/4 6961/6/4 6962/6/4
f 6961/1/4 6959/1/4 6962/1/4
f 6962/1/4 6959/1/4 6963/1/4
f 6960/6/4 6962/6/4 6964/6/4
f 6962/5/4 6963/5/4 6965/5/4
f 6964/6/4 6962/6/4 6965/6/4
f 6964/1/4 6965/1/4 6966/1/4
f 6965/5/4 6963/5/4 6967/5/4
f 6966/1/4 6965/1/4 6967/1/4
f 6966/5/4 6967/5/4 6968/5/4
f 6967/5/4 6963/5/4 6969/5/4
f 6968/5/4 6967/5/4 6969/5/4
f 6968/1/4 6969/1/4 6970/1/4
f 6970/1/4 6969/1/4 6971/1/4
f 6971/1/4 6969/1/4 6972/1/4
f 6971/6/4 6972/6/4 6973/6/4
f 6973/6/4 6972/6/4 6974/6/4
f 6974/6/4 6972/6/4 6975/6/4
f 6975/6/4 6972/6/4 6976/6/4
f 6974/5/4 6975/5/4 6977/5/4
f 6975/4/4 6976/4/4 6977/4/4
f 6977/4/4 6976/4/4 6978/4/4
f 6974/5/4 6977/5/4 6979/5/4
f 6977/6/4 6978/6/4 6980/6/4
f 6979/5/4 6977/5/4 6980/5/4
f 6980/6/4 6978/6/4 6981/6/4
f 6979/6/4 6980/6/4 6982/6/4
f 6980/5/4 6981/5/4 6983/5/4
f 6982/6/4 6980/6/4 6983/6/4
f 6983/5/4 6981/5/4 6984/5/4
f 6982/5/4 6983/5/4 6985/5/4
f 6983/6/4 6984/6/4 6986/6/4
f 6985/5/4 6983/5/4 6986/5/4
f 6986/6/4 6984/6/4 6987/6/4
f 6985/1/4 6986/1/4 6988/1/4
f 6986/1/4 6987/1/4 6988/1/4
f 6988/1/4 6987/1/4 6989/1/4
f 6988/5/4 6989/5/4 6990/5/4
f 6990/5/4 6989/5/4 6991/5/4
f 6991/5/4 6989/5/4 6992/5/4
f 6990/6/4 6991/6/4 6993/6/4
f 6991/4/4 6992/4/4 6994/4/4
f 6993/6/4 6991/6/4 6994/6/4
f 6994/4/4 6992/4/4 6995/4/4
f 6993/6/4 6994/6/4 6996/6/4
f 6994/6/4 6995/6/4 6996/6/4
f 6996/6/4 6995/6/4 6997/6/4
f 6997/6/4 6995/6/4 6998/6/4
f 6996/6/4 6997/6/4 6999/6/4
f 6997/5/4 6998/5/4 7000/5/4
f 6999/6/4 6997/6/4 7000/6/4
f 7000/5/4 6998/5/4 7001/5/4
f 6999/5/4 7000/5/4 7002/5/4
f 7000/1/4 7001/1/4 7003/1/4
f 7002/5/4 7000/5/4 7003/5/4
f 7002/1/4 7003/1/4 7004/1/4
f 7003/1/4 7001/1/4 7005/1/4
f 7004/1/4 7003/1/4 7005/1/4
f 7004/6/4 7005/6/4 7006/6/4
f 7005/1/4 7001/1/4 7007/1/4
f 7006/6/4 7005/6/4 7007/6/4
f 7007/1/4 7001/1/4 7008/1/4
f 7006/5/4 7007/5/4 7009/5/4
f 7007/6/4 7008/6/4 7010/6/4
f 7009/5/4 7007/5/4 7010/5/4
f 7010/6/4 7008/6/4 7011/6/4
f 7009/5/4 7010/5/4 7012/5/4
f 7010/4/4 7011/4/4 7013/4/4
f 7012/5/4 7010/5/4 7013/5/4
f 7013/4/4 7011/4/4 7014/4/4
f 7012/6/4 7013/6/4 7015/6/4
f 7013/5/4 7014/5/4 7016/5/4
f 7015/6/4 7013/6/4 7016/6/4
f 7016/5/4 7014/5/4 7017/5/4
f 7015/1/4 7016/1/4 7018/1/4
f 7016/1/4 7017/1/4 7018/1/4
f 7018/1/4 7017/1/4 7019/1/4
f 7018/6/4 7019/6/4 7020/6/4
f 7020/6/4 7019/6/4 7021/6/4
f 7020/5/4 7021/5/4 7022/5/4
f 7022/5/4 7021/5/4 7023/5/4
f 7023/5/4 7021/5/4 7024/5/4
f 7022/1/4 7023/1/4 7025/1/4
f 7025/1/4 7023/1/4 7026/1/4
f 7023/6/4 7024/6/4 7027/6/4
f 7026/1/4 7023/1/4 7027/1/4
f 7027/6/4 7024/6/4 7028/6/4
f 7026/1/4 7027/1/4 7029/1/4
f 7027/1/4 7028/1/4 7029/1/4
f 7029/1/4 7028/1/4 7030/1/4
f 7029/5/4 7030/5/4 7031/5/4
f 7031/5/4 7030/5/4 7032/5/4
f 7031/6/4 7032/6/4 7033/6/4
f 7033/6/4 7032/6/4 7034/6/4
f 7033/1/4 7034/1/4 7035/1/4
f 7034/6/4 7032/6/4 7036/6/4
f 7035/1/4 7034/1/4 7036/1/4
f 7036/6/4 7032/6/4 7037/6/4
f 7035/1/4 7036/1/4 7038/1/4
f 7036/1/4 7037/1/4 7038/1/4
f 7038/1/4 7037/1/4 7039/1/4
f 7038/8/4 7039/8/4 7040/8/4
f 7040/8/4 7039/8/4 7041/8/4
f 7042/8/4 7043/8/4 7044/8/4
f 7044/8/4 7043/8/4 7045/8/4
f 7045/8/4 7043/8/4 7046/8/4
f 7044/1/4 7045/1/4 7047/1/4
f 7045/6/4 7046/6/4 7047/6/4
f 7047/6/4 7046/6/4 7048/6/4
f 7044/1/4 7047/1/4 7049/1/4
f 7047/5/4 7048/5/4 7049/5/4
f 7049/5/4 7048/5/4 7050/5/4
f 7044/1/4 7049/1/4 7051/1/4
f 7049/1/4 7050/1/4 7051/1/4
f 7051/1/4 7050/1/4 7052/1/4
f 7052/1/4 7050/1/4 7053/1/4
f 7044/1/4 7051/1/4 7054/1/4
f 7051/6/4 7052/6/4 7054/6/4
f 7052/5/4 7053/5/4 7055/5/4
f 7054/6/4 7052/6/4 7055/6/4
f 7055/5/4 7053/5/4 7056/5/4
f 7044/1/4 7054/1/4 7057/1/4
f 7054/1/4 7055/1/4 7057/1/4
f 7055/6/4 7056/6/4 7058/6/4
f 7057/1/4 7055/1/4 7058/1/4
f 7044/1/4 7057/1/4 7059/1/4
f 7057/5/4 7058/5/4 7059/5/4
f 7058/6/4 7056/6/4 7060/6/4
f 7059/5/4 7058/5/4 7060/5/4
f 7060/6/4 7056/6/4 7061/6/4
f 7044/1/4 7059/1/4 7062/1/4
f 7059/1/4 7060/1/4 7062/1/4
f 7060/1/4 7061/1/4 7062/1/4
f 7062/1/4 7061/1/4 7063/1/4
f 7063/1/4 7061/1/4 7064/1/4
f 7064/1/4 7061/1/4 7065/1/4
f 7062/5/4 7063/5/4 7066/5/4
f 7063/1/4 7064/1/4 7067/1/4
f 7066/5/4 7063/5/4 7067/5/4
f 7064/5/4 7065/5/4 7068/5/4
f 7067/1/4 7064/1/4 7068/1/4
f 7068/5/4 7065/5/4 7069/5/4
f 7066/6/4 7067/6/4 7070/6/4
f 7067/6/4 7068/6/4 7070/6/4
f 7068/4/4 7069/4/4 7071/4/4
f 7070/6/4 7068/6/4 7071/6/4
f 7071/4/4 7069/4/4 7072/4/4
f 7070/5/4 7071/5/4 7073/5/4
f 7071/5/4 7072/5/4 7073/5/4
f 7073/5/4 7072/5/4 7074/5/4
f 7074/5/4 7072/5/4 7075/5/4
f 7073/1/4 7074/1/4 7076/1/4
f 7076/1/4 7074/1/4 7077/1/4
f 7074/6/4 7075/6/4 7078/6/4
f 7077/1/4 7074/1/4 7078/1/4
f 7078/6/4 7075/6/4 7079/6/4
f 7076/1/4 7077/1/4 7080/1/4
f 7077/5/4 7078/5/4 7081/5/4
f 7078/1/4 7079/1/4 7081/1/4
f 7081/1/4 7079/1/4 7082/1/4
f 7080/1/4 7077/1/4 7083/1/4
f 7077/5/4 7081/5/4 7083/5/4
f 7081/5/4 7082/5/4 7083/5/4
f 7083/5/4 7082/5/4 7084/5/4
f 7080/1/4 7083/1/4 7085/1/4
f 7083/1/4 7084/1/4 7085/1/4
f 7085/1/4 7084/1/4 7086/1/4
f 7085/5/4 7086/5/4 7087/5/4
f 7086/1/4 7084/1/4 7088/1/4
f 7087/5/4 7086/5/4 7088/5/4
f 7087/6/4 7088/6/4 7089/6/4
f 7089/6/4 7088/6/4 7090/6/4
f 7090/6/4 7088/6/4 7091/6/4
f 7088/1/4 7084/1/4 7092/1/4
f 7091/6/4 7088/6/4 7092/6/4
f 7091/1/4 7092/1/4 7093/1/4
f 7092/1/4 7084/1/4 7094/1/4
f 7093/1/4 7092/1/4 7094/1/4
f 7094/1/4 7084/1/4 7095/1/4
f 7095/1/4 7084/1/4 7096/1/4
f 7093/5/4 7094/5/4 7097/5/4
f 7094/1/4 7095/1/4 7098/1/4
f 7097/5/4 7094/5/4 7098/5/4
f 7095/6/4 7096/6/4 7099/6/4
f 7098/1/4 7095/1/4 7099/1/4
f 7099/6/4 7096/6/4 7100/6/4
f 7097/6/4 7098/6/4 7101/6/4
f 7098/5/4 7099/5/4 7101/5/4
f 7099/4/4 7100/4/4 7102/4/4
f 7101/5/4 7099/5/4 7102/5/4
f 7102/4/4 7100/4/4 7103/4/4
f 7097/6/4 7101/6/4 7104/6/4
f 7101/6/4 7102/6/4 7104/6/4
f 7104/6/4 7102/6/4 7105/6/4
f 7104/4/4 7105/4/4 7106/4/4
f 7106/4/4 7105/4/4 7107/4/4
f 7105/6/4 7102/6/4 7108/6/4
f 7107/4/4 7105/4/4 7108/4/4
f 7102/5/4 7103/5/4 7109/5/4
f 7108/6/4 7102/6/4 7109/6/4
f 7109/5/4 7103/5/4 7110/5/4
f 7107/5/4 7108/5/4 7111/5/4
f 7108/1/4 7109/1/4 7111/1/4
f 7109/1/4 7110/1/4 7111/1/4
f 7111/1/4 7110/1/4 7112/1/4
f 7107/5/4 7111/5/4 7113/5/4
f 7111/6/4 7112/6/4 7114/6/4
f 7113/5/4 7111/5/4 7114/5/4
f 7112/1/4 7110/1/4 7115/1/4
f 7114/6/4 7112/6/4 7115/6/4
f 7113/1/4 7114/1/4 7116/1/4
f 7114/1/4 7115/1/4 7116/1/4
f 7116/1/4 7115/1/4 7117/1/4
f 7115/1/4 7110/1/4 7118/1/4
f 7117/1/4 7115/1/4 7118/1/4
f 7116/6/4 7117/6/4 7119/6/4
f 7117/5/4 7118/5/4 7120/5/4
f 7119/6/4 7117/6/4 7120/6/4
f 7118/1/4 7110/1/4 7121/1/4
f 7120/5/4 7118/5/4 7121/5/4
f 7120/6/4 7121/6/4 7122/6/4
f 7121/1/4 7110/1/4 7122/1/4
f 7122/1/4 7110/1/4 7123/1/4
f 7119/5/4 7120/5/4 7124/5/4
f 7120/6/4 7122/6/4 7125/6/4
f 7124/5/4 7120/5/4 7125/5/4
f 7122/6/4 7123/6/4 7125/6/4
f 7125/6/4 7123/6/4 7126/6/4
f 7126/6/4 7123/6/4 7127/6/4
f 7124/6/4 7125/6/4 7128/6/4
f 7125/6/4 7126/6/4 7128/6/4
f 7126/4/4 7127/4/4 7129/4/4
f 7128/6/4 7126/6/4 7129/6/4
f 7129/4/4 7127/4/4 7130/4/4
f 7128/6/4 7129/6/4 7131/6/4
f 7129/6/4 7130/6/4 7131/6/4
f 7131/6/4 7130/6/4 7132/6/4
f 7131/1/4 7132/1/4 7133/1/4
f 7133/1/4 7132/1/4 7134/1/4
f 7134/1/4 7132/1/4 7135/1/4
f 7135/1/4 7132/1/4 7136/1/4
f 7136/1/4 7132/1/4 7137/1/4
f 7134/1/4 7135/1/4 7138/1/4
f 7138/1/4 7135/1/4 7139/1/4
f 7135/5/4 7136/5/4 7140/5/4
f 7136/6/4 7137/6/4 7140/6/4
f 7140/6/4 7137/6/4 7141/6/4
f 7139/1/4 7135/1/4 7142/1/4
f 7135/5/4 7140/5/4 7143/5/4
f 7142/1/4 7135/1/4 7143/1/4
f 7140/1/4 7141/1/4 7144/1/4
f 7143/5/4 7140/5/4 7144/5/4
f 7142/1/4 7143/1/4 7145/1/4
f 7143/1/4 7144/1/4 7145/1/4
f 7144/1/4 7141/1/4 7146/1/4
f 7145/1/4 7144/1/4 7146/1/4
f 7145/6/4 7146/6/4 7147/6/4
f 7147/6/4 7146/6/4 7148/6/4
f 7146/1/4 7141/1/4 7149/1/4
f 7148/6/4 7146/6/4 7149/6/4
f 7149/1/4 7141/1/4 7150/1/4
f 7147/5/4 7148/5/4 7151/5/4
f 7148/6/4 7149/6/4 7151/6/4
f 7149/6/4 7150/6/4 7151/6/4
f 7151/6/4 7150/6/4 7152/6/4
f 7147/5/4 7151/5/4 7153/5/4
f 7152/6/4 7150/6/4 7154/6/4
f 7151/1/4 7152/1/4 7154/1/4
f 7154/6/4 7150/6/4 7155/6/4
f 7153/5/4 7151/5/4 7156/5/4
f 7151/1/4 7154/1/4 7157/1/4
f 7156/5/4 7151/5/4 7157/5/4
f 7154/5/4 7155/5/4 7158/5/4
f 7157/1/4 7154/1/4 7158/1/4
f 7158/5/4 7155/5/4 7159/5/4
f 7156/1/4 7157/1/4 7160/1/4
f 7157/6/4 7158/6/4 7161/6/4
f 7160/1/4 7157/1/4 7161/1/4
f 7158/1/4 7159/1/4 7162/1/4
f 7161/6/4 7158/6/4 7162/6/4
f 7160/1/4 7161/1/4 7163/1/4
f 7161/1/4 7162/1/4 7163/1/4
f 7163/1/4 7162/1/4 7164/1/4
f 7162/1/4 7159/1/4 7165/1/4
f 7164/1/4 7162/1/4 7165/1/4
f 7163/1/4 7164/1/4 7166/1/4
f 7164/5/4 7165/5/4 7167/5/4
f 7166/1/4 7164/1/4 7167/1/4
f 7167/5/4 7165/5/4 7168/5/4
f 7166/1/4 7167/1/4 7169/1/4
f 7167/1/4 7168/1/4 7169/1/4
f 7169/1/4 7168/1/4 7170/1/4
f 7168/5/4 7165/5/4 7171/5/4
f 7170/1/4 7168/1/4 7171/1/4
f 7169/1/4 7170/1/4 7172/1/4
f 7170/6/4 7171/6/4 7172/6/4
f 7171/5/4 7165/5/4 7173/5/4
f 7172/6/4 7171/6/4 7173/6/4
f 7173/5/4 7165/5/4 7174/5/4
f 7169/1/4 7172/1/4 7175/1/4
f 7172/1/4 7173/1/4 7175/1/4
f 7173/1/4 7174/1/4 7175/1/4
f 7175/1/4 7174/1/4 7176/1/4
f 7175/8/4 7176/8/4 7177/8/4
f 7177/8/4 7176/8/4 7178/8/4
f 7179/8/4 7180/8/4 7181/8/4
f 7181/8/4 7180/8/4 7182/8/4
f 7182/8/4 7183/8/4 7184/8/4
f 7184/8/4 7183/8/4 7185/8/4
f 7185/8/4 7183/8/4 7186/8/4
f 7186/8/4 7183/8/4 7187/8/4
f 7187/8/4 7188/8/4 7189/8/4
f 7189/8/4 7188/8/4 7190/8/4
f 7190/8/4 7188/8/4 7191/8/4
f 7191/8/4 7188/8/4 7192/8/4
f 7192/8/4 7193/8/4 7194/8/4
f 7194/8/4 7193/8/4 7195/8/4
f 7195/8/4 7193/8/4 7196/8/4
f 7196/8/4 7193/8/4 7197/8/4
f 7197/8/4 7198/8/4 7199/8/4
f 7199/8/4 7198/8/4 7200/8/4
f 7200/8/4 7198/8/4 7201/8/4
f 7201/8/4 7198/8/4 7202/8/4
f 7202/8/4 7203/8/4 7204/8/4
f 7204/8/4 7203/8/4 7205/8/4
f 7205/8/4 7203/8/4 7206/8/4
f 7206/8/4 7203/8/4 7207/8/4
f 7207/8/4 7208/8/4 7209/8/4
f 7209/8/4 7208/8/4 7210/8/4
f 7210/8/4 7208/8/4 7211/8/4
f 7211/8/4 7208/8/4 7212/8/4
f 7212/8/4 7213/8/4 7214/8/4
f 7214/8/4 7213/8/4 7215/8/4
f 7215/8/4 7213/8/4 7216/8/4
f 7216/8/4 7213/8/4 7217/8/4
f 7217/8/4 7218/8/4 7219/8/4
f 7217/8/4 7219/8/4 7222/8/4
f 7222/8/4 7219/8/4 7223/8/4
f 7224/8/4 7225/8/4 7228/8/4
f 7228/8/4 7225/8/4 7229/8/4
f 7229/8/4 7225/8/4 7230/8/4
f 7226/8/4 7227/8/4 7231/8/4
f 7231/8/4 7227/8/4 7232/8/4
f 7220/8/4 7221/8/4 7233/8/4
f 7233/8/4 7221/8/4 7234/8/4
f 7233/1/4 7234/1/4 7235/1/4
f 7235/1/4 7234/1/4 7236/1/4
f 7236/1/4 7234/1/4 7237/1/4
f 7236/5/4 7237/5/4 7238/5/4
f 7237/1/4 7234/1/4 7239/1/4
f 7238/5/4 7237/5/4 7239/5/4
f 7238/1/4 7239/1/4 7240/1/4
f 7239/1/4 7234/1/4 7241/1/4
f 7240/1/4 7239/1/4 7241/1/4
f 7240/5/4 7241/5/4 7242/5/4
f 7241/1/4 7234/1/4 7243/1/4
f 7242/5/4 7241/5/4 7243/5/4
f 7242/1/4 7243/1/4 7244/1/4
f 7243/1/4 7234/1/4 7245/1/4
f 7244/1/4 7243/1/4 7245/1/4
f 7244/5/4 7245/5/4 7246/5/4
f 7245/1/4 7234/1/4 7247/1/4
f 7246/5/4 7245/5/4 7247/5/4
f 7247/1/4 7234/1/4 7248/1/4
f 7246/1/4 7247/1/4 7249/1/4
f 7249/1/4 7247/1/4 7250/1/4
f 7247/5/4 7248/5/4 7251/5/4
f 7250/1/4 7247/1/4 7251/1/4
f 7251/5/4 7248/5/4 7252/5/4
f 7250/6/4 7251/6/4 7253/6/4
f 7251/4/4 7252/4/4 7254/4/4
f 7253/6/4 7251/6/4 7254/6/4
f 7254/4/4 7252/4/4 7255/4/4
f 7253/6/4 7254/6/4 7256/6/4
f 7254/5/4 7255/5/4 7256/5/4
f 7256/5/4 7255/5/4 7257/5/4
f 7253/6/4 7256/6/4 7258/6/4
f 7256/1/4 7257/1/4 7259/1/4
f 7258/6/4 7256/6/4 7259/6/4
f 7258/1/4 7259/1/4 7260/1/4
f 7259/1/4 7257/1/4 7261/1/4
f 7260/1/4 7259/1/4 7261/1/4
f 7261/1/4 7257/1/4 7262/1/4
f 7260/5/4 7261/5/4 7263/5/4
f 7261/6/4 7262/6/4 7264/6/4
f 7263/5/4 7261/5/4 7264/5/4
f 7264/6/4 7262/6/4 7265/6/4
f 7263/5/4 7264/5/4 7266/5/4
f 7264/4/4 7265/4/4 7267/4/4
f 7266/5/4 7264/5/4 7267/5/4
f 7267/4/4 7265/4/4 7268/4/4
f 7266/6/4 7267/6/4 7269/6/4
f 7267/6/4 7268/6/4 7269/6/4
f 7269/6/4 7268/6/4 7270/6/4
f 7270/6/4 7268/6/4 7271/6/4
f 7269/5/4 7270/5/4 7272/5/4
f 7270/1/4 7271/1/4 7273/1/4
f 7272/5/4 7270/5/4 7273/5/4
f 7272/1/4 7273/1/4 7274/1/4
f 7274/1/4 7273/1/4 7275/1/4
f 7273/1/4 7271/1/4 7276/1/4
f 7275/1/4 7273/1/4 7276/1/4
f 7276/1/4 7271/1/4 7277/1/4
f 7275/6/4 7276/6/4 7278/6/4
f 7278/6/4 7276/6/4 7279/6/4
f 7276/5/4 7277/5/4 7280/5/4
f 7279/6/4 7276/6/4 7280/6/4
f 7279/5/4 7280/5/4 7281/5/4
f 7281/5/4 7280/5/4 7282/5/4
f 7280/5/4 7277/5/4 7283/5/4
f 7282/5/4 7280/5/4 7283/5/4
f 7282/6/4 7283/6/4 7284/6/4
f 7284/6/4 7283/6/4 7285/6/4
f 7285/6/4 7283/6/4 7286/6/4
f 7284/5/4 7285/5/4 7287/5/4
f 7285/1/4 7286/1/4 7288/1/4
f 7287/5/4 7285/5/4 7288/5/4
f 7287/6/4 7288/6/4 7289/6/4
f 7288/1/4 7286/1/4 7290/1/4
f 7289/6/4 7288/6/4 7290/6/4
f 7289/1/4 7290/1/4 7291/1/4
f 7291/1/4 7290/1/4 7292/1/4
f 7290/1/4 7286/1/4 7293/1/4
f 7292/1/4 7290/1/4 7293/1/4
f 7292/6/4 7293/6/4 7294/6/4
f 7294/6/4 7293/6/4 7295/6/4
f 7294/4/4 7295/4/4 7296/4/4
f 7295/6/4 7293/6/4 7297/6/4
f 7296/4/4 7295/4/4 7297/4/4
f 7297/6/4 7293/6/4 7298/6/4
f 7296/6/4 7297/6/4 7299/6/4
f 7297/4/4 7298/4/4 7300/4/4
f 7299/6/4 7297/6/4 7300/6/4
f 7300/4/4 7298/4/4 7301/4/4
f 7299/1/4 7300/1/4 7302/1/4
f 7300/6/4 7301/6/4 7303/6/4
f 7302/1/4 7300/1/4 7303/1/4
f 7303/6/4 7301/6/4 7304/6/4
f 7302/1/4 7303/1/4 7305/1/4
f 7303/1/4 7304/1/4 7305/1/4
f 7305/1/4 7304/1/4 7306/1/4
f 7306/1/4 7304/1/4 7307/1/4
f 7305/5/4 7306/5/4 7308/5/4
f 7306/6/4 7307/6/4 7309/6/4
f 7308/5/4 7306/5/4 7309/5/4
f 7308/6/4 7309/6/4 7310/6/4
f 7309/6/4 7307/6/4 7311/6/4
f 7310/6/4 7309/6/4 7311/6/4
f 7310/1/4 7311/1/4 7312/1/4
f 7312/1/4 7311/1/4 7313/1/4
f 7313/1/4 7311/1/4 7314/1/4
f 7312/6/4 7313/6/4 7315/6/4
f 7313/5/4 7314/5/4 7316/5/4
f 7315/6/4 7313/6/4 7316/6/4
f 7316/5/4 7314/5/4 7317/5/4
f 7315/5/4 7316/5/4 7318/5/4
f 7316/6/4 7317/6/4 7319/6/4
f 7318/5/4 7316/5/4 7319/5/4
f 7319/6/4 7317/6/4 7320/6/4
f 7318/1/4 7319/1/4 7321/1/4
f 7319/1/4 7320/1/4 7321/1/4
f 7321/1/4 7320/1/4 7322/1/4
f 7322/1/4 7320/1/4 7323/1/4
f 7321/1/4 7322/1/4 7324/1/4
f 7322/6/4 7323/6/4 7325/6/4
f 7324/1/4 7322/1/4 7325/1/4
f 7324/6/4 7325/6/4 7326/6/4
f 7325/6/4 7323/6/4 7327/6/4
f 7326/6/4 7325/6/4 7327/6/4
f 7326/5/4 7327/5/4 7328/5/4
f 7327/6/4 7323/6/4 7329/6/4
f 7328/5/4 7327/5/4 7329/5/4
f 7329/6/4 7323/6/4 7330/6/4
f 7328/1/4 7329/1/4 7331/1/4
f 7329/1/4 7330/1/4 7331/1/4
f 7331/1/4 7330/1/4 7332/1/4
f 7332/1/4 7330/1/4 7333/1/4
f 7331/1/4 7332/1/4 7334/1/4
f 7332/5/4 7333/5/4 7335/5/4
f 7334/1/4 7332/1/4 7335/1/4
f 7335/5/4 7333/5/4 7336/5/4
f 7334/1/4 7335/1/4 7337/1/4
f 7335/1/4 7336/1/4 7337/1/4
f 7337/1/4 7336/1/4 7338/1/4
f 7338/1/4 7336/1/4 7339/1/4
f 7337/6/4 7338/6/4 7340/6/4
f 7338/5/4 7339/5/4 7341/5/4
f 7340/6/4 7338/6/4 7341/6/4
f 7341/5/4 7339/5/4 7342/5/4
f 7340/4/4 7341/4/4 7343/4/4
f 7341/6/4 7342/6/4 7344/6/4
f 7343/4/4 7341/4/4 7344/4/4
f 7344/6/4 7342/6/4 7345/6/4
f 7343/6/4 7344/6/4 7346/6/4
f 7344/4/4 7345/4/4 7347/4/4
f 7346/6/4 7344/6/4 7347/6/4
f 7346/5/4 7347/5/4 7348/5/4
f 7347/4/4 7345/4/4 7349/4/4
f 7348/5/4 7347/5/4 7349/5/4
f 7348/6/4 7349/6/4 7350/6/4
f 7349/4/4 7345/4/4 7351/4/4
f 7350/6/4 7349/6/4 7351/6/4
f 7351/4/4 7345/4/4 7352/4/4
f 7350/8/4 7351/8/4 7353/8/4
f 7351/8/4 7352/8/4 7353/8/4
f 7353/8/4 7352/8/4 7354/8/4
f 7355/8/4 7356/8/4 7361/8/4
f 7361/8/4 7356/8/4 7362/8/4
f 7359/8/4 7360/8/4 7363/8/4
f 7363/8/4 7360/8/4 7364/8/4
f 7364/8/4 7360/8/4 7365/8/4
f 7365/8/4 7360/8/4 7366/8/4
f 7357/8/4 7358/8/4 7367/8/4
f 7367/8/4 7358/8/4 7368/8/4
f 7368/8/4 7358/8/4 7369/8/4
f 7367/1/4 7368/1/4 7370/1/4
f 7368/5/4 7369/5/4 7371/5/4
f 7370/1/4 7368/1/4 7371/1/4
f 7371/5/4 7369/5/4 7372/5/4
f 7370/5/4 7371/5/4 7373/5/4
f 7371/6/4 7372/6/4 7374/6/4
f 7373/5/4 7371/5/4 7374/5/4
f 7374/6/4 7372/6/4 7375/6/4
f 7373/6/4 7374/6/4 7376/6/4
f 7374/1/4 7375/1/4 7377/1/4
f 7376/6/4 7374/6/4 7377/6/4
f 7376/5/4 7377/5/4 7378/5/4
f 7378/5/4 7377/5/4 7379/5/4
f 7377/1/4 7375/1/4 7380/1/4
f 7379/5/4 7377/5/4 7380/5/4
f 7380/1/4 7375/1/4 7381/1/4
f 7379/6/4 7380/6/4 7382/6/4
f 7380/5/4 7381/5/4 7383/5/4
f 7382/6/4 7380/6/4 7383/6/4
f 7383/5/4 7381/5/4 7384/5/4
f 7382/1/4 7383/1/4 7385/1/4
f 7383/1/4 7384/1/4 7385/1/4
f 7385/1/4 7384/1/4 7386/1/4
f 7386/1/4 7384/1/4 7387/1/4
f 7385/1/4 7386/1/4 7388/1/4
f 7386/5/4 7387/5/4 7389/5/4
f 7388/1/4 7386/1/4 7389/1/4
f 7389/5/4 7387/5/4 7390/5/4
f 7388/5/4 7389/5/4 7391/5/4
f 7389/4/4 7390/4/4 7392/4/4
f 7391/5/4 7389/5/4 7392/5/4
f 7392/4/4 7390/4/4 7393/4/4
f 7391/5/4 7392/5/4 7394/5/4
f 7392/5/4 7393/5/4 7394/5/4
f 7394/5/4 7393/5/4 7395/5/4
f 7395/5/4 7393/5/4 7396/5/4
f 7394/5/4 7395/5/4 7397/5/4
f 7397/5/4 7395/5/4 7398/5/4
f 7395/6/4 7396/6/4 7399/6/4
f 7398/5/4 7395/5/4 7399/5/4
f 7399/6/4 7396/6/4 7400/6/4
f 7398/1/4 7399/1/4 7401/1/4
f 7399/1/4 7400/1/4 7401/1/4
f 7401/1/4 7400/1/4 7402/1/4
f 7401/6/4 7402/6/4 7403/6/4
f 7402/1/4 7400/1/4 7404/1/4
f 7403/6/4 7402/6/4 7404/6/4
f 7404/1/4 7400/1/4 7405/1/4
f 7403/5/4 7404/5/4 7406/5/4
f 7404/5/4 7405/5/4 7406/5/4
f 7406/5/4 7405/5/4 7407/5/4
f 7407/5/4 7405/5/4 7408/5/4
f 7406/5/4 7407/5/4 7409/5/4
f 7409/5/4 7407/5/4 7410/5/4
f 7407/6/4 7408/6/4 7411/6/4
f 7410/5/4 7407/5/4 7411/5/4
f 7411/6/4 7408/6/4 7412/6/4
f 7410/1/4 7411/1/4 7413/1/4
f 7411/5/4 7412/5/4 7414/5/4
f 7413/1/4 7411/1/4 7414/1/4
f 7414/5/4 7412/5/4 7415/5/4
f 7413/5/4 7414/5/4 7416/5/4
f 7414/6/4 7415/6/4 7417/6/4
f 7416/5/4 7414/5/4 7417/5/4
f 7417/6/4 7415/6/4 7418/6/4
f 7416/1/4 7417/1/4 7419/1/4
f 7417/1/4 7418/1/4 7419/1/4
f 7419/1/4 7418/1/4 7420/1/4
f 7420/1/4 7418/1/4 7421/1/4
f 7421/1/4 7418/1/4 7422/1/4
f 7420/1/4 7421/1/4 7423/1/4
f 7421/6/4 7422/6/4 7424/6/4
f 7423/1/4 7421/1/4 7424/1/4
f 7424/6/4 7422/6/4 7425/6/4
f 7423/1/4 7424/1/4 7426/1/4
f 7424/5/4 7425/5/4 7427/5/4
f 7426/1/4 7424/1/4 7427/1/4
f 7427/5/4 7425/5/4 7428/5/4
f 7426/1/4 7427/1/4 7429/1/4
f 7427/6/4 7428/6/4 7430/6/4
f 7429/1/4 7427/1/4 7430/1/4
f 7430/6/4 7428/6/4 7431/6/4
f 7429/1/4 7430/1/4 7432/1/4
f 7430/1/4 7431/1/4 7432/1/4
f 7432/1/4 7431/1/4 7433/1/4
f 7433/1/4 7431/1/4 7434/1/4
f 7432/1/4 7433/1/4 7435/1/4
f 7433/5/4 7434/5/4 7436/5/4
f 7435/1/4 7433/1/4 7436/1/4
f 7436/5/4 7434/5/4 7437/5/4
f 7435/1/4 7436/1/4 7438/1/4
f 7436/1/4 7437/1/4 7438/1/4
f 7438/1/4 7437/1/4 7439/1/4
f 7439/1/4 7437/1/4 7440/1/4
f 7440/1/4 7437/1/4 7441/1/4
f 7439/6/4 7440/6/4 7442/6/4
f 7440/5/4 7441/5/4 7443/5/4
f 7442/6/4 7440/6/4 7443/6/4
f 7443/5/4 7441/5/4 7444/5/4
f 7442/5/4 7443/5/4 7445/5/4
f 7443/4/4 7444/4/4 7446/4/4
f 7445/5/4 7443/5/4 7446/5/4
f 7446/4/4 7444/4/4 7447/4/4
f 7445/5/4 7446/5/4 7448/5/4
f 7446/6/4 7447/6/4 7449/6/4
f 7448/5/4 7446/5/4 7449/5/4
f 7449/6/4 7447/6/4 7450/6/4
f 7448/1/4 7449/1/4 7451/1/4
f 7449/1/4 7450/1/4 7451/1/4
f 7451/1/4 7450/1/4 7452/1/4
f 7452/1/4 7450/1/4 7453/1/4
f 7451/1/4 7452/1/4 7454/1/4
f 7452/5/4 7453/5/4 7455/5/4
f 7454/1/4 7452/1/4 7455/1/4
f 7455/5/4 7453/5/4 7456/5/4
f 7454/1/4 7455/1/4 7457/1/4
f 7455/1/4 7456/1/4 7457/1/4
f 7457/1/4 7456/1/4 7458/1/4
f 7458/1/4 7456/1/4 7459/1/4
f 7457/1/4 7458/1/4 7460/1/4
f 7460/1/4 7458/1/4 7461/1/4
f 7458/6/4 7459/6/4 7462/6/4
f 7461/1/4 7458/1/4 7462/1/4
f 7462/6/4 7459/6/4 7463/6/4
f 7461/5/4 7462/5/4 7464/5/4
f 7462/5/4 7463/5/4 7464/5/4
f 7464/5/4 7463/5/4 7465/5/4
f 7465/5/4 7463/5/4 7466/5/4
f 7464/5/4 7465/5/4 7467/5/4
f 7465/6/4 7466/6/4 7468/6/4
f 7467/5/4 7465/5/4 7468/5/4
f 7468/6/4 7466/6/4 7469/6/4
f 7467/5/4 7468/5/4 7470/5/4
f 7468/5/4 7469/5/4 7470/5/4
f 7470/5/4 7469/5/4 7471/5/4
f 7470/1/4 7471/1/4 7472/1/4
f 7472/1/4 7471/1/4 7473/1/4
f 7473/1/4 7471/1/4 7474/1/4
f 7472/6/4 7473/6/4 7475/6/4
f 7473/5/4 7474/5/4 7476/5/4
f 7475/6/4 7473/6/4 7476/6/4
f 7475/4/4 7476/4/4 7477/4/4
f 7476/5/4 7474/5/4 7478/5/4
f 7477/4/4 7476/4/4 7478/4/4
f 7477/5/4 7478/5/4 7479/5/4
f 7478/5/4 7474/5/4 7480/5/4
f 7479/5/4 7478/5/4 7480/5/4
f 7479/6/4 7480/6/4 7481/6/4
f 7480/5/4 7474/5/4 7482/5/4
f 7481/6/4 7480/6/4 7482/6/4
f 7482/5/4 7474/5/4 7483/5/4
f 7481/5/4 7482/5/4 7484/5/4
f 7482/6/4 7483/6/4 7485/6/4
f 7484/5/4 7482/5/4 7485/5/4
f 7485/6/4 7483/6/4 7486/6/4
f 7484/1/4 7485/1/4 7487/1/4
f 7485/1/4 7486/1/4 7487/1/4
f 7487/1/4 7486/1/4 7488/1/4
f 7488/1/4 7486/1/4 7489/1/4
f 7487/6/4 7488/6/4 7490/6/4
f 7488/5/4 7489/5/4 7491/5/4
f 7490/6/4 7488/6/4 7491/6/4
f 7491/5/4 7489/5/4 7492/5/4
f 7490/4/4 7491/4/4 7493/4/4
f 7491/4/4 7492/4/4 7493/4/4
f 7493/4/4 7492/4/4 7494/4/4
f 7494/4/4 7492/4/4 7495/4/4
f 7493/6/4 7494/6/4 7496/6/4
f 7494/5/4 7495/5/4 7497/5/4
f 7496/6/4 7494/6/4 7497/6/4
f 7497/5/4 7495/5/4 7498/5/4
f 7496/4/4 7497/4/4 7499/4/4
f 7497/6/4 7498/6/4 7500/6/4
f 7499/4/4 7497/4/4 7500/4/4
f 7500/6/4 7498/6/4 7501/6/4
f 7499/4/4 7500/4/4 7502/4/4
f 7500/4/4 7501/4/4 7502/4/4
f 7502/4/4 7501/4/4 7503/4/4
f 7502/8/4 7503/8/4 7504/8/4
f 7504/8/4 7503/8/4 7505/8/4
f 7506/8/4 7507/8/4 7508/8/4
f 7508/8/4 7507/8/4 7509/8/4
f 7509/8/4 7507/8/4 7510/8/4
f 7510/8/4 7507/8/4 7511/8/4
f 7508/6/4 7509/6/4 7512/6/4
f 7512/6/4 7509/6/4 7513/6/4
f 7509/5/4 7510/5/4 7514/5/4
f 7513/6/4 7509/6/4 7514/6/4
f 7510/6/4 7511/6/4 7515/6/4
f 7514/5/4 7510/5/4 7515/5/4
f 7515/6/4 7511/6/4 7516/6/4
f 7512/4/4 7513/4/4 7517/4/4
f 7514/6/4 7515/6/4 7518/6/4
f 7515/4/4 7516/4/4 7518/4/4
f 7518/4/4 7516/4/4 7519/4/4
f 7517/4/4 7513/4/4 7520/4/4
f 7513/5/4 7514/5/4 7521/5/4
f 7514/6/4 7518/6/4 7521/6/4
f 7518/5/4 7519/5/4 7522/5/4
f 7521/6/4 7518/6/4 7522/6/4
f 7522/5/4 7519/5/4 7523/5/4
f 7520/4/4 7513/4/4 7524/4/4
f 7513/5/4 7521/5/4 7525/5/4
f 7524/4/4 7513/4/4 7525/4/4
f 7521/5/4 7522/5/4 7525/5/4
f 7525/5/4 7522/5/4 7526/5/4
f 7522/6/4 7523/6/4 7527/6/4
f 7526/5/4 7522/5/4 7527/5/4
f 7527/6/4 7523/6/4 7528/6/4
f 7524/5/4 7525/5/4 7529/5/4
f 7526/5/4 7527/5/4 7530/5/4
f 7527/5/4 7528/5/4 7530/5/4
f 7530/5/4 7528/5/4 7531/5/4
f 7529/5/4 7525/5/4 7532/5/4
f 7525/1/4 7526/1/4 7533/1/4
f 7532/5/4 7525/5/4 7533/5/4
f 7526/5/4 7530/5/4 7534/5/4
f 7533/1/4 7526/1/4 7534/1/4
f 7530/1/4 7531/1/4 7535/1/4
f 7534/5/4 7530/5/4 7535/5/4
f 7532/1/4 7533/1/4 7536/1/4
f 7533/1/4 7534/1/4 7536/1/4
f 7534/1/4 7535/1/4 7536/1/4
f 7535/1/4 7531/1/4 7537/1/4
f 7536/1/4 7535/1/4 7537/1/4
f 7536/5/4 7537/5/4 7538/5/4
f 7538/5/4 7537/5/4 7539/5/4
f 7539/5/4 7537/5/4 7540/5/4
f 7538/5/4 7539/5/4 7541/5/4
f 7539/1/4 7540/1/4 7541/1/4
f 7540/5/4 7537/5/4 7542/5/4
f 7541/1/4 7540/1/4 7542/1/4
f 7542/5/4 7537/5/4 7543/5/4
f 7538/5/4 7541/5/4 7544/5/4
f 7541/6/4 7542/6/4 7545/6/4
f 7544/5/4 7541/5/4 7545/5/4
f 7542/4/4 7543/4/4 7546/4/4
f 7545/6/4 7542/6/4 7546/6/4
f 7546/4/4 7543/4/4 7547/4/4
f 7547/4/4 7543/4/4 7548/4/4
f 7544/5/4 7545/5/4 7549/5/4
f 7545/5/4 7546/5/4 7549/5/4
f 7549/5/4 7546/5/4 7550/5/4
f 7546/4/4 7547/4/4 7551/4/4
f 7550/5/4 7546/5/4 7551/5/4
f 7547/5/4 7548/5/4 7552/5/4
f 7551/4/4 7547/4/4 7552/4/4
f 7549/6/4 7550/6/4 7553/6/4
f 7550/5/4 7551/5/4 7554/5/4
f 7551/6/4 7552/6/4 7554/6/4
f 7552/5/4 7548/5/4 7555/5/4
f 7554/6/4 7552/6/4 7555/6/4
f 7555/5/4 7548/5/4 7556/5/4
f 7553/6/4 7550/6/4 7557/6/4
f 7550/5/4 7554/5/4 7558/5/4
f 7557/6/4 7550/6/4 7558/6/4
f 7554/1/4 7555/1/4 7559/1/4
f 7558/5/4 7554/5/4 7559/5/4
f 7555/1/4 7556/1/4 7559/1/4
f 7557/1/4 7558/1/4 7560/1/4
f 7558/1/4 7559/1/4 7560/1/4
f 7560/1/4 7559/1/4 7561/1/4
f 7559/1/4 7556/1/4 7562/1/4
f 7561/1/4 7559/1/4 7562/1/4
f 7562/1/4 7556/1/4 7563/1/4
f 7563/1/4 7556/1/4 7564/1/4
f 7560/5/4 7561/5/4 7565/5/4
f 7561/6/4 7562/6/4 7566/6/4
f 7565/5/4 7561/5/4 7566/5/4
f 7562/5/4 7563/5/4 7567/5/4
f 7563/6/4 7564/6/4 7567/6/4
f 7567/6/4 7564/6/4 7568/6/4
f 7566/6/4 7562/6/4 7569/6/4
f 7565/6/4 7566/6/4 7569/6/4
f 7567/5/4 7568/5/4 7570/5/4
f 7569/6/4 7562/6/4 7570/6/4
f 7562/5/4 7567/5/4 7570/5/4
f 7570/5/4 7568/5/4 7571/5/4
f 7571/5/4 7568/5/4 7572/5/4
f 7569/5/4 7570/5/4 7573/5/4
f 7570/5/4 7571/5/4 7573/5/4
f 7571/4/4 7572/4/4 7573/4/4
f 7573/4/4 7572/4/4 7574/4/4
f 7565/6/4 7569/6/4 7575/6/4
f 7569/5/4 7573/5/4 7576/5/4
f 7575/6/4 7569/6/4 7576/6/4
f 7576/5/4 7573/5/4 7577/5/4
f 7573/6/4 7574/6/4 7578/6/4
f 7577/5/4 7573/5/4 7578/5/4
f 7578/6/4 7574/6/4 7579/6/4
f 7575/5/4 7576/5/4 7580/5/4
f 7576/1/4 7577/1/4 7581/1/4
f 7580/5/4 7576/5/4 7581/5/4
f 7577/5/4 7578/5/4 7582/5/4
f 7581/1/4 7577/1/4 7582/1/4
f 7578/5/4 7579/5/4 7582/5/4
f 7582/5/4 7579/5/4 7583/5/4
f 7583/5/4 7579/5/4 7584/5/4
f 7580/6/4 7581/6/4 7585/6/4
f 7581/5/4 7582/5/4 7586/5/4
f 7585/6/4 7581/6/4 7586/6/4
f 7582/1/4 7583/1/4 7587/1/4
f 7586/5/4 7582/5/4 7587/5/4
f 7583/6/4 7584/6/4 7588/6/4
f 7587/1/4 7583/1/4 7588/1/4
f 7588/6/4 7584/6/4 7589/6/4
f 7585/1/4 7586/1/4 7590/1/4
f 7586/1/4 7587/1/4 7590/1/4
f 7588/1/4 7589/1/4 7590/1/4
f 7587/1/4 7588/1/4 7590/1/4
f 7590/1/4 7589/1/4 7591/1/4
f 7591/1/4 7589/1/4 7592/1/4
f 7592/1/4 7589/1/4 7593/1/4
f 7590/1/4 7591/1/4 7594/1/4
f 7591/6/4 7592/6/4 7595/6/4
f 7594/1/4 7591/1/4 7595/1/4
f 7592/5/4 7593/5/4 7596/5/4
f 7595/6/4 7592/6/4 7596/6/4
f 7596/5/4 7593/5/4 7597/5/4
f 7594/5/4 7595/5/4 7598/5/4
f 7595/6/4 7596/6/4 7599/6/4
f 7598/5/4 7595/5/4 7599/5/4
f 7596/6/4 7597/6/4 7599/6/4
f 7599/6/4 7597/6/4 7600/6/4
f 7600/6/4 7597/6/4 7601/6/4
f 7601/6/4 7597/6/4 7602/6/4
f 7598/6/4 7599/6/4 7603/6/4
f 7599/4/4 7600/4/4 7603/4/4
f 7600/6/4 7601/6/4 7604/6/4
f 7603/4/4 7600/4/4 7604/4/4
f 7601/4/4 7602/4/4 7605/4/4
f 7604/6/4 7601/6/4 7605/6/4
f 7605/4/4 7602/4/4 7606/4/4
f 7603/6/4 7604/6/4 7607/6/4
f 7598/6/4 7603/6/4 7607/6/4
f 7607/6/4 7604/6/4 7608/6/4
f 7604/4/4 7605/4/4 7609/4/4
f 7608/6/4 7604/6/4 7609/6/4
f 7605/5/4 7606/5/4 7610/5/4
f 7609/4/4 7605/4/4 7610/4/4
f 7610/5/4 7606/5/4 7611/5/4
f 7607/1/4 7608/1/4 7612/1/4
f 7608/6/4 7609/6/4 7613/6/4
f 7612/1/4 7608/1/4 7613/1/4
f 7609/5/4 7610/5/4 7614/5/4
f 7613/6/4 7609/6/4 7614/6/4
f 7610/6/4 7611/6/4 7615/6/4
f 7614/5/4 7610/5/4 7615/5/4
f 7615/6/4 7611/6/4 7616/6/4
f 7612/5/4 7613/5/4 7617/5/4
f 7613/1/4 7614/1/4 7618/1/4
f 7617/5/4 7613/5/4 7618/5/4
f 7614/1/4 7615/1/4 7618/1/4
f 7615/1/4 7616/1/4 7618/1/4
f 7618/1/4 7616/1/4 7619/1/4
f 7619/1/4 7616/1/4 7620/1/4
f 7620/1/4 7616/1/4 7621/1/4
f 7617/1/4 7618/1/4 7622/1/4
f 7618/5/4 7619/5/4 7623/5/4
f 7622/1/4 7618/1/4 7623/1/4
f 7619/1/4 7620/1/4 7624/1/4
f 7623/5/4 7619/5/4 7624/5/4
f 7620/6/4 7621/6/4 7625/6/4
f 7624/1/4 7620/1/4 7625/1/4
f 7625/6/4 7621/6/4 7626/6/4
f 7622/1/4 7623/1/4 7627/1/4
f 7623/1/4 7624/1/4 7627/1/4
f 7625/1/4 7626/1/4 7627/1/4
f 7624/1/4 7625/1/4 7627/1/4
f 7627/1/4 7626/1/4 7628/1/4
f 7628/1/4 7626/1/4 7629/1/4
f 7629/1/4 7626/1/4 7630/1/4
f 7627/6/4 7628/6/4 7631/6/4
f 7631/6/4 7628/6/4 7632/6/4
f 7628/5/4 7629/5/4 7633/5/4
f 7632/6/4 7628/6/4 7633/6/4
f 7629/6/4 7630/6/4 7634/6/4
f 7633/5/4 7629/5/4 7634/5/4
f 7631/6/4 7632/6/4 7635/6/4
f 7632/4/4 7633/4/4 7636/4/4
f 7635/6/4 7632/6/4 7636/6/4
f 7633/4/4 7634/4/4 7636/4/4
f 7634/6/4 7630/6/4 7637/6/4
f 7636/4/4 7634/4/4 7637/4/4
f 7637/6/4 7630/6/4 7638/6/4
f 7635/1/4 7636/1/4 7639/1/4
f 7636/6/4 7637/6/4 7640/6/4
f 7639/1/4 7636/1/4 7640/1/4
f 7640/6/4 7637/6/4 7641/6/4
f 7637/5/4 7638/5/4 7642/5/4
f 7641/6/4 7637/6/4 7642/6/4
f 7642/5/4 7638/5/4 7643/5/4
f 7640/1/4 7641/1/4 7644/1/4
f 7639/1/4 7640/1/4 7644/1/4
f 7641/5/4 7642/5/4 7645/5/4
f 7644/1/4 7641/1/4 7645/1/4
f 7642/4/4 7643/4/4 7646/4/4
f 7645/5/4 7642/5/4 7646/5/4
f 7646/4/4 7643/4/4 7647/4/4
f 7644/5/4 7645/5/4 7648/5/4
f 7645/5/4 7646/5/4 7648/5/4
f 7646/5/4 7647/5/4 7648/5/4
f 7648/5/4 7647/5/4 7649/5/4
f 7648/1/4 7649/1/4 7650/1/4
f 7650/1/4 7649/1/4 7651/1/4
f 7651/1/4 7649/1/4 7652/1/4
f 7650/6/4 7651/6/4 7653/6/4
f 7651/5/4 7652/5/4 7654/5/4
f 7653/6/4 7651/6/4 7654/6/4
f 7654/5/4 7652/5/4 7655/5/4
f 7655/5/4 7652/5/4 7656/5/4
f 7656/5/4 7652/5/4 7657/5/4
f 7653/6/4 7654/6/4 7658/6/4
f 7654/6/4 7655/6/4 7658/6/4
f 7655/5/4 7656/5/4 7659/5/4
f 7658/6/4 7655/6/4 7659/6/4
f 7658/1/4 7659/1/4 7660/1/4
f 7659/5/4 7656/5/4 7661/5/4
f 7660/1/4 7659/1/4 7661/1/4
f 7656/4/4 7657/4/4 7662/4/4
f 7661/5/4 7656/5/4 7662/5/4
f 7662/4/4 7657/4/4 7663/4/4
f 7658/1/4 7660/1/4 7664/1/4
f 7660/6/4 7661/6/4 7665/6/4
f 7664/1/4 7660/1/4 7665/1/4
f 7661/6/4 7662/6/4 7665/6/4
f 7665/6/4 7662/6/4 7666/6/4
f 7662/5/4 7663/5/4 7667/5/4
f 7666/6/4 7662/6/4 7667/6/4
f 7667/5/4 7663/5/4 7668/5/4
f 7665/5/4 7666/5/4 7669/5/4
f 7664/5/4 7665/5/4 7669/5/4
f 7666/6/4 7667/6/4 7670/6/4
f 7669/5/4 7666/5/4 7670/5/4
f 7667/1/4 7668/1/4 7671/1/4
f 7670/6/4 7667/6/4 7671/6/4
f 7669/1/4 7670/1/4 7672/1/4
f 7670/1/4 7671/1/4 7672/1/4
f 7672/1/4 7671/1/4 7673/1/4
f 7671/1/4 7668/1/4 7674/1/4
f 7673/1/4 7671/1/4 7674/1/4
f 7669/1/4 7672/1/4 7675/1/4
f 7672/6/4 7673/6/4 7676/6/4
f 7675/1/4 7672/1/4 7676/1/4
f 7673/5/4 7674/5/4 7677/5/4
f 7676/6/4 7673/6/4 7677/6/4
f 7674/1/4 7668/1/4 7678/1/4
f 7677/5/4 7674/5/4 7678/5/4
f 7678/1/4 7668/1/4 7679/1/4
f 7676/5/4 7677/5/4 7680/5/4
f 7675/5/4 7676/5/4 7680/5/4
f 7677/5/4 7678/5/4 7680/5/4
f 7680/5/4 7678/5/4 7681/5/4
f 7681/5/4 7678/5/4 7682/5/4
f 7678/6/4 7679/6/4 7683/6/4
f 7682/5/4 7678/5/4 7683/5/4
f 7683/6/4 7679/6/4 7684/6/4
f 7680/1/4 7681/1/4 7685/1/4
f 7681/5/4 7682/5/4 7686/5/4
f 7685/1/4 7681/1/4 7686/1/4
f 7682/1/4 7683/1/4 7687/1/4
f 7686/5/4 7682/5/4 7687/5/4
f 7683/1/4 7684/1/4 7687/1/4
f 7687/1/4 7684/1/4 7688/1/4
f 7688/1/4 7684/1/4 7689/1/4
f 7685/1/4 7686/1/4 7690/1/4
f 7686/1/4 7687/1/4 7690/1/4
f 7687/1/4 7688/1/4 7690/1/4
f 7688/6/4 7689/6/4 7691/6/4
f 7690/1/4 7688/1/4 7691/1/4
f 7691/6/4 7689/6/4 7692/6/4
f 7685/1/4 7690/1/4 7693/1/4
f 7690/6/4 7691/6/4 7694/6/4
f 7693/1/4 7690/1/4 7694/1/4
f 7691/1/4 7692/1/4 7695/1/4
f 7694/6/4 7691/6/4 7695/6/4
f 7693/1/4 7694/1/4 7696/1/4
f 7694/1/4 7695/1/4 7696/1/4
f 7696/1/4 7695/1/4 7697/1/4
f 7695/1/4 7692/1/4 7698/1/4
f 7697/1/4 7695/1/4 7698/1/4
f 7698/1/4 7692/1/4 7699/1/4
f 7696/6/4 7697/6/4 7700/6/4
f 7700/6/4 7697/6/4 7701/6/4
f 7697/1/4 7698/1/4 7702/1/4
f 7701/6/4 7697/6/4 7702/6/4
f 7698/6/4 7699/6/4 7703/6/4
f 7702/1/4 7698/1/4 7703/1/4
f 7703/6/4 7699/6/4 7704/6/4
f 7700/4/4 7701/4/4 7705/4/4
f 7701/5/4 7702/5/4 7706/5/4
f 7705/4/4 7701/4/4 7706/4/4
f 7702/1/4 7703/1/4 7707/1/4
f 7706/5/4 7702/5/4 7707/5/4
f 7703/5/4 7704/5/4 7708/5/4
f 7707/1/4 7703/1/4 7708/1/4
f 7708/5/4 7704/5/4 7709/5/4
f 7705/5/4 7706/5/4 7710/5/4
f 7706/1/4 7707/1/4 7711/1/4
f 7707/1/4 7708/1/4 7711/1/4
f 7708/6/4 7709/6/4 7711/6/4
f 7711/6/4 7709/6/4 7712/6/4
f 7710/5/4 7706/5/4 7713/5/4
f 7706/1/4 7711/1/4 7714/1/4
f 7713/5/4 7706/5/4 7714/5/4
f 7711/1/4 7712/1/4 7714/1/4
f 7714/1/4 7712/1/4 7715/1/4
f 7715/1/4 7712/1/4 7716/1/4
f 7713/6/4 7714/6/4 7717/6/4
f 7714/1/4 7715/1/4 7718/1/4
f 7717/6/4 7714/6/4 7718/6/4
f 7715/5/4 7716/5/4 7719/5/4
f 7718/1/4 7715/1/4 7719/1/4
f 7719/5/4 7716/5/4 7720/5/4
f 7717/8/4 7718/8/4 7721/8/4
f 7718/8/4 7719/8/4 7721/8/4
f 7719/8/4 7720/8/4 7721/8/4
f 7721/8/4 7720/8/4 7722/8/4
f 7723/8/4 7724/8/4 7725/8/4
f 7725/8/4 7724/8/4 7726/8/4
f 7725/6/4 7726/6/4 7727/6/4
f 7727/6/4 7726/6/4 7728/6/4
f 7728/6/4 7726/6/4 7729/6/4
f 7727/6/4 7728/6/4 7730/6/4
f 7728/4/4 7729/4/4 7731/4/4
f 7730/6/4 7728/6/4 7731/6/4
f 7731/4/4 7729/4/4 7732/4/4
f 7730/4/4 7731/4/4 7733/4/4
f 7731/5/4 7732/5/4 7734/5/4
f 7733/4/4 7731/4/4 7734/4/4
f 7734/5/4 7732/5/4 7735/5/4
f 7733/6/4 7734/6/4 7736/6/4
f 7734/6/4 7735/6/4 7736/6/4
f 7736/6/4 7735/6/4 7737/6/4
f 7737/6/4 7735/6/4 7738/6/4
f 7736/6/4 7737/6/4 7739/6/4
f 7737/5/4 7738/5/4 7740/5/4
f 7739/6/4 7737/6/4 7740/6/4
f 7740/5/4 7738/5/4 7741/5/4
f 7739/1/4 7740/1/4 7742/1/4
f 7740/1/4 7741/1/4 7742/1/4
f 7742/1/4 7741/1/4 7743/1/4
f 7743/1/4 7741/1/4 7744/1/4
f 7744/1/4 7741/1/4 7745/1/4
f 7743/1/4 7744/1/4 7746/1/4
f 7744/6/4 7745/6/4 7747/6/4
f 7746/1/4 7744/1/4 7747/1/4
f 7747/6/4 7745/6/4 7748/6/4
f 7746/1/4 7747/1/4 7749/1/4
f 7747/1/4 7748/1/4 7749/1/4
f 7749/1/4 7748/1/4 7750/1/4
f 7750/1/4 7748/1/4 7751/1/4
f 7751/1/4 7748/1/4 7752/1/4
f 7750/1/4 7751/1/4 7753/1/4
f 7751/5/4 7752/5/4 7753/5/4
f 7753/5/4 7752/5/4 7754/5/4
f 7750/1/4 7753/1/4 7755/1/4
f 7753/1/4 7754/1/4 7755/1/4
f 7755/1/4 7754/1/4 7756/1/4
f 7756/1/4 7754/1/4 7757/1/4
f 7755/1/4 7756/1/4 7758/1/4
f 7756/6/4 7757/6/4 7758/6/4
f 7758/6/4 7757/6/4 7759/6/4
f 7755/1/4 7758/1/4 7760/1/4
f 7758/1/4 7759/1/4 7760/1/4
f 7760/1/4 7759/1/4 7761/1/4
f 7760/5/4 7761/5/4 7762/5/4
f 7761/1/4 7759/1/4 7763/1/4
f 7762/5/4 7761/5/4 7763/5/4
f 7763/1/4 7759/1/4 7764/1/4
f 7762/5/4 7763/5/4 7765/5/4
f 7763/5/4 7764/5/4 7765/5/4
f 7765/5/4 7764/5/4 7766/5/4
f 7765/6/4 7766/6/4 7767/6/4
f 7766/5/4 7764/5/4 7768/5/4
f 7767/6/4 7766/6/4 7768/6/4
f 7767/4/4 7768/4/4 7769/4/4
f 7768/5/4 7764/5/4 7770/5/4
f 7769/4/4 7768/4/4 7770/4/4
f 7769/5/4 7770/5/4 7771/5/4
f 7770/5/4 7764/5/4 7772/5/4
f 7771/5/4 7770/5/4 7772/5/4
f 7772/5/4 7764/5/4 7773/5/4
f 7771/5/4 7772/5/4 7774/5/4
f 7772/1/4 7773/1/4 7775/1/4
f 7774/5/4 7772/5/4 7775/5/4
f 7774/1/4 7775/1/4 7776/1/4
f 7775/1/4 7773/1/4 7776/1/4
f 7776/1/4 7773/1/4 7777/1/4
f 7774/1/4 7776/1/4 7778/1/4
f 7776/5/4 7777/5/4 7779/5/4
f 7778/1/4 7776/1/4 7779/1/4
f 7778/5/4 7779/5/4 7780/5/4
f 7779/5/4 7777/5/4 7781/5/4
f 7780/5/4 7779/5/4 7781/5/4
f 7780/1/4 7781/1/4 7782/1/4
f 7782/1/4 7781/1/4 7783/1/4
f 7782/6/4 7783/6/4 7784/6/4
f 7783/1/4 7781/1/4 7785/1/4
f 7784/6/4 7783/6/4 7785/6/4
f 7785/1/4 7781/1/4 7786/1/4
f 7784/5/4 7785/5/4 7787/5/4
f 7785/5/4 7786/5/4 7787/5/4
f 7787/5/4 7786/5/4 7788/5/4
f 7788/5/4 7786/5/4 7789/5/4
f 7787/5/4 7788/5/4 7790/5/4
f 7788/1/4 7789/1/4 7791/1/4
f 7790/5/4 7788/5/4 7791/5/4
f 7791/1/4 7789/1/4 7792/1/4
f 7790/6/4 7791/6/4 7793/6/4
f 7791/5/4 7792/5/4 7794/5/4
f 7793/6/4 7791/6/4 7794/6/4
f 7794/5/4 7792/5/4 7795/5/4
f 7793/1/4 7794/1/4 7796/1/4
f 7794/1/4 7795/1/4 7796/1/4
f 7796/1/4 7795/1/4 7797/1/4
f 7793/1/4 7796/1/4 7798/1/4
f 7796/5/4 7797/5/4 7799/5/4
f 7798/1/4 7796/1/4 7799/1/4
f 7799/5/4 7797/5/4 7800/5/4
f 7798/6/4 7799/6/4 7801/6/4
f 7799/4/4 7800/4/4 7802/4/4
f 7801/6/4 7799/6/4 7802/6/4
f 7802/4/4 7800/4/4 7803/4/4
f 7801/1/4 7802/1/4 7804/1/4
f 7802/6/4 7803/6/4 7805/6/4
f 7804/1/4 7802/1/4 7805/1/4
f 7805/6/4 7803/6/4 7806/6/4
f 7804/5/4 7805/5/4 7807/5/4
f 7805/4/4 7806/4/4 7808/4/4
f 7807/5/4 7805/5/4 7808/5/4
f 7808/4/4 7806/4/4 7809/4/4
f 7807/6/4 7808/6/4 7810/6/4
f 7808/6/4 7809/6/4 7810/6/4
f 7810/6/4 7809/6/4 7811/6/4
f 7810/1/4 7811/1/4 7812/1/4
f 7812/1/4 7811/1/4 7813/1/4
f 7813/1/4 7811/1/4 7814/1/4
f 7812/1/4 7813/1/4 7815/1/4
f 7813/5/4 7814/5/4 7816/5/4
f 7815/1/4 7813/1/4 7816/1/4
f 7816/5/4 7814/5/4 7817/5/4
f 7815/6/4 7816/6/4 7818/6/4
f 7816/6/4 7817/6/4 7818/6/4
f 7818/6/4 7817/6/4 7819/6/4
f 7818/5/4 7819/5/4 7820/5/4
f 7820/5/4 7819/5/4 7821/5/4
f 7821/5/4 7819/5/4 7822/5/4
f 7821/6/4 7822/6/4 7823/6/4
f 7822/5/4 7819/5/4 7824/5/4
f 7823/6/4 7822/6/4 7824/6/4
f 7824/5/4 7819/5/4 7825/5/4
f 7823/1/4 7824/1/4 7826/1/4
f 7824/1/4 7825/1/4 7826/1/4
f 7826/1/4 7825/1/4 7827/1/4
f 7826/6/4 7827/6/4 7828/6/4
f 7828/6/4 7827/6/4 7829/6/4
f 7829/6/4 7827/6/4 7830/6/4
f 7828/4/4 7829/4/4 7831/4/4
f 7829/5/4 7830/5/4 7832/5/4
f 7831/4/4 7829/4/4 7832/4/4
f 7832/5/4 7830/5/4 7833/5/4
f 7831/5/4 7832/5/4 7834/5/4
f 7832/6/4 7833/6/4 7835/6/4
f 7834/5/4 7832/5/4 7835/5/4
f 7834/6/4 7835/6/4 7836/6/4
f 7835/6/4 7833/6/4 7837/6/4
f 7836/6/4 7835/6/4 7837/6/4
f 7836/1/4 7837/1/4 7838/1/4
f 7838/1/4 7837/1/4 7839/1/4
f 7839/1/4 7837/1/4 7840/1/4
f 7838/6/4 7839/6/4 7841/6/4
f 7839/5/4 7840/5/4 7842/5/4
f 7841/6/4 7839/6/4 7842/6/4
f 7842/5/4 7840/5/4 7843/5/4
f 7841/6/4 7842/6/4 7844/6/4
f 7842/4/4 7843/4/4 7845/4/4
f 7844/6/4 7842/6/4 7845/6/4
f 7844/4/4 7845/4/4 7846/4/4
f 7845/4/4 7843/4/4 7847/4/4
f 7846/4/4 7845/4/4 7847/4/4
f 7846/6/4 7847/6/4 7848/6/4
f 7848/6/4 7847/6/4 7849/6/4
f 7848/4/4 7849/4/4 7850/4/4
f 7850/4/4 7849/4/4 7851/4/4
f 7850/8/4 7851/8/4 7852/8/4
f 7852/8/4 7851/8/4 7853/8/4
f 7854/8/4 7855/8/4 7856/8/4
f 7856/8/4 7855/8/4 7857/8/4
f 7857/8/4 7855/8/4 7858/8/4
f 7857/5/4 7858/5/4 7859/5/4
f 7859/5/4 7858/5/4 7860/5/4
f 7860/5/4 7858/5/4 7861/5/4
f 7856/6/4 7857/6/4 7862/6/4
f 7857/5/4 7859/5/4 7862/5/4
f 7859/6/4 7860/6/4 7863/6/4
f 7862/5/4 7859/5/4 7863/5/4
f 7860/4/4 7861/4/4 7864/4/4
f 7863/6/4 7860/6/4 7864/6/4
f 7864/4/4 7861/4/4 7865/4/4
f 7862/6/4 7863/6/4 7866/6/4
f 7856/6/4 7862/6/4 7866/6/4
f 7866/6/4 7863/6/4 7867/6/4
f 7863/4/4 7864/4/4 7868/4/4
f 7867/6/4 7863/6/4 7868/6/4
f 7866/6/4 7867/6/4 7869/6/4
f 7867/4/4 7868/4/4 7870/4/4
f 7869/6/4 7867/6/4 7870/6/4
f 7868/4/4 7864/4/4 7871/4/4
f 7870/4/4 7868/4/4 7871/4/4
f 7864/5/4 7865/5/4 7872/5/4
f 7871/4/4 7864/4/4 7872/4/4
f 7872/5/4 7865/5/4 7873/5/4
f 7870/5/4 7871/5/4 7874/5/4
f 7871/6/4 7872/6/4 7874/6/4
f 7872/4/4 7873/4/4 7875/4/4
f 7874/6/4 7872/6/4 7875/6/4
f 7875/4/4 7873/4/4 7876/4/4
f 7869/1/4 7870/1/4 7877/1/4
f 7870/5/4 7874/5/4 7878/5/4
f 7877/1/4 7870/1/4 7878/1/4
f 7874/1/4 7875/1/4 7879/1/4
f 7878/5/4 7874/5/4 7879/5/4
f 7875/5/4 7876/5/4 7880/5/4
f 7879/1/4 7875/1/4 7880/1/4
f 7880/5/4 7876/5/4 7881/5/4
f 7877/1/4 7878/1/4 7882/1/4
f 7878/1/4 7879/1/4 7882/1/4
f 7880/1/4 7881/1/4 7882/1/4
f 7879/1/4 7880/1/4 7882/1/4
f 7882/1/4 7881/1/4 7883/1/4
f 7883/1/4 7881/1/4 7884/1/4
f 7882/5/4 7883/5/4 7885/5/4
f 7885/5/4 7883/5/4 7886/5/4
f 7886/5/4 7883/5/4 7887/5/4
f 7883/6/4 7884/6/4 7888/6/4
f 7887/5/4 7883/5/4 7888/5/4
f 7888/6/4 7884/6/4 7889/6/4
f 7885/6/4 7886/6/4 7890/6/4
f 7886/1/4 7887/1/4 7891/1/4
f 7887/6/4 7888/6/4 7891/6/4
f 7888/5/4 7889/5/4 7892/5/4
f 7891/6/4 7888/6/4 7892/6/4
f 7892/5/4 7889/5/4 7893/5/4
f 7890/6/4 7886/6/4 7894/6/4
f 7886/1/4 7891/1/4 7895/1/4
f 7894/6/4 7886/6/4 7895/6/4
f 7891/5/4 7892/5/4 7896/5/4
f 7895/1/4 7891/1/4 7896/1/4
f 7892/6/4 7893/6/4 7897/6/4
f 7896/5/4 7892/5/4 7897/5/4
f 7897/6/4 7893/6/4 7898/6/4
f 7894/1/4 7895/1/4 7899/1/4
f 7895/1/4 7896/1/4 7899/1/4
f 7899/1/4 7896/1/4 7900/1/4
f 7896/6/4 7897/6/4 7901/6/4
f 7900/1/4 7896/1/4 7901/1/4
f 7897/5/4 7898/5/4 7902/5/4
f 7901/6/4 7897/6/4 7902/6/4
f 7900/1/4 7901/1/4 7903/1/4
f 7899/6/4 7900/6/4 7903/6/4
f 7901/1/4 7902/1/4 7903/1/4
f 7903/1/4 7902/1/4 7904/1/4
f 7902/5/4 7898/5/4 7905/5/4
f 7904/1/4 7902/1/4 7905/1/4
f 7905/5/4 7898/5/4 7906/5/4
f 7903/6/4 7904/6/4 7907/6/4
f 7899/6/4 7903/6/4 7907/6/4
f 7905/1/4 7906/1/4 7908/1/4
f 7907/6/4 7904/6/4 7908/6/4
f 7904/1/4 7905/1/4 7908/1/4
f 7907/1/4 7908/1/4 7909/1/4
f 7909/1/4 7908/1/4 7910/1/4
f 7908/1/4 7906/1/4 7911/1/4
f 7910/1/4 7908/1/4 7911/1/4
f 7909/1/4 7910/1/4 7912/1/4
f 7910/5/4 7911/5/4 7913/5/4
f 7912/1/4 7910/1/4 7913/1/4
f 7913/5/4 7911/5/4 7914/5/4
f 7914/5/4 7911/5/4 7915/5/4
f 7915/5/4 7911/5/4 7916/5/4
f 7912/5/4 7913/5/4 7917/5/4
f 7913/6/4 7914/6/4 7918/6/4
f 7917/5/4 7913/5/4 7918/5/4
f 7914/4/4 7915/4/4 7919/4/4
f 7918/6/4 7914/6/4 7919/6/4
f 7917/5/4 7918/5/4 7920/5/4
f 7918/5/4 7919/5/4 7920/5/4
f 7920/5/4 7919/5/4 7921/5/4
f 7919/4/4 7915/4/4 7922/4/4
f 7921/5/4 7919/5/4 7922/5/4
f 7915/6/4 7916/6/4 7923/6/4
f 7922/4/4 7915/4/4 7923/4/4
f 7923/6/4 7916/6/4 7924/6/4
f 7920/6/4 7921/6/4 7925/6/4
f 7921/5/4 7922/5/4 7925/5/4
f 7922/6/4 7923/6/4 7926/6/4
f 7925/5/4 7922/5/4 7926/5/4
f 7923/4/4 7924/4/4 7927/4/4
f 7926/6/4 7923/6/4 7927/6/4
f 7927/4/4 7924/4/4 7928/4/4
f 7925/6/4 7926/6/4 7929/6/4
f 7920/6/4 7925/6/4 7929/6/4
f 7926/6/4 7927/6/4 7929/6/4
f 7929/6/4 7927/6/4 7930/6/4
f 7930/6/4 7927/6/4 7931/6/4
f 7927/5/4 7928/5/4 7932/5/4
f 7931/6/4 7927/6/4 7932/6/4
f 7932/5/4 7928/5/4 7933/5/4
f 7929/6/4 7930/6/4 7934/6/4
f 7930/5/4 7931/5/4 7935/5/4
f 7934/6/4 7930/6/4 7935/6/4
f 7931/6/4 7932/6/4 7936/6/4
f 7935/5/4 7931/5/4 7936/5/4
f 7932/6/4 7933/6/4 7936/6/4
f 7936/6/4 7933/6/4 7937/6/4
f 7934/1/4 7935/1/4 7938/1/4
f 7935/1/4 7936/1/4 7938/1/4
f 7936/1/4 7937/1/4 7938/1/4
f 7938/1/4 7937/1/4 7939/1/4
f 7939/1/4 7937/1/4 7940/1/4
f 7938/5/4 7939/5/4 7941/5/4
f 7939/6/4 7940/6/4 7941/6/4
f 7940/1/4 7937/1/4 7942/1/4
f 7941/6/4 7940/6/4 7942/6/4
f 7942/1/4 7937/1/4 7943/1/4
f 7943/1/4 7937/1/4 7944/1/4
f 7938/5/4 7941/5/4 7945/5/4
f 7941/1/4 7942/1/4 7946/1/4
f 7945/5/4 7941/5/4 7946/5/4
f 7942/1/4 7943/1/4 7946/1/4
f 7946/1/4 7943/1/4 7947/1/4
f 7943/6/4 7944/6/4 7948/6/4
f 7947/1/4 7943/1/4 7948/1/4
f 7946/1/4 7947/1/4 7949/1/4
f 7945/1/4 7946/1/4 7949/1/4
f 7947/5/4 7948/5/4 7950/5/4
f 7949/1/4 7947/1/4 7950/1/4
f 7948/6/4 7944/6/4 7951/6/4
f 7950/5/4 7948/5/4 7951/5/4
f 7949/6/4 7950/6/4 7952/6/4
f 7950/6/4 7951/6/4 7952/6/4
f 7952/6/4 7951/6/4 7953/6/4
f 7951/6/4 7944/6/4 7954/6/4
f 7953/6/4 7951/6/4 7954/6/4
f 7952/6/4 7953/6/4 7955/6/4
f 7953/1/4 7954/1/4 7956/1/4
f 7955/6/4 7953/6/4 7956/6/4
f 7956/1/4 7954/1/4 7957/1/4
f 7957/1/4 7954/1/4 7958/1/4
f 7958/1/4 7954/1/4 7959/1/4
f 7955/1/4 7956/1/4 7960/1/4
f 7956/1/4 7957/1/4 7960/1/4
f 7957/6/4 7958/6/4 7961/6/4
f 7960/1/4 7957/1/4 7961/1/4
f 7958/5/4 7959/5/4 7962/5/4
f 7961/6/4 7958/6/4 7962/6/4
f 7962/5/4 7959/5/4 7963/5/4
f 7960/1/4 7961/1/4 7964/1/4
f 7961/1/4 7962/1/4 7964/1/4
f 7962/1/4 7963/1/4 7964/1/4
f 7964/1/4 7963/1/4 7965/1/4
f 7965/1/4 7963/1/4 7966/1/4
f 7964/6/4 7965/6/4 7967/6/4
f 7965/5/4 7966/5/4 7968/5/4
f 7967/6/4 7965/6/4 7968/6/4
f 7966/1/4 7963/1/4 7969/1/4
f 7969/1/4 7963/1/4 7970/1/4
f 7967/5/4 7968/5/4 7971/5/4
f 7968/5/4 7966/5/4 7972/5/4
f 7971/5/4 7968/5/4 7972/5/4
f 7966/1/4 7969/1/4 7972/1/4
f 7971/1/4 7972/1/4 7973/1/4
f 7973/1/4 7972/1/4 7974/1/4
f 7969/6/4 7970/6/4 7975/6/4
f 7974/1/4 7972/1/4 7975/1/4
f 7972/1/4 7969/1/4 7975/1/4
f 7975/6/4 7970/6/4 7976/6/4
f 7973/6/4 7974/6/4 7977/6/4
f 7974/5/4 7975/5/4 7978/5/4
f 7977/6/4 7974/6/4 7978/6/4
f 7978/5/4 7975/5/4 7979/5/4
f 7975/4/4 7976/4/4 7980/4/4
f 7979/5/4 7975/5/4 7980/5/4
f 7980/4/4 7976/4/4 7981/4/4
f 7977/5/4 7978/5/4 7982/5/4
f 7978/1/4 7979/1/4 7983/1/4
f 7982/5/4 7978/5/4 7983/5/4
f 7979/5/4 7980/5/4 7984/5/4
f 7983/1/4 7979/1/4 7984/1/4
f 7980/5/4 7981/5/4 7984/5/4
f 7984/5/4 7981/5/4 7985/5/4
f 7982/1/4 7983/1/4 7986/1/4
f 7983/1/4 7984/1/4 7986/1/4
f 7984/1/4 7985/1/4 7986/1/4
f 7986/1/4 7985/1/4 7987/1/4
f 7987/1/4 7985/1/4 7988/1/4
f 7988/1/4 7985/1/4 7989/1/4
f 7989/1/4 7985/1/4 7990/1/4
f 7986/6/4 7987/6/4 7991/6/4
f 7987/5/4 7988/5/4 7992/5/4
f 7991/6/4 7987/6/4 7992/6/4
f 7988/6/4 7989/6/4 7993/6/4
f 7992/5/4 7988/5/4 7993/5/4
f 7989/5/4 7990/5/4 7994/5/4
f 7993/6/4 7989/6/4 7994/6/4
f 7994/5/4 7990/5/4 7995/5/4
f 7991/4/4 7992/4/4 7996/4/4
f 7992/5/4 7993/5/4 7997/5/4
f 7996/4/4 7992/4/4 7997/4/4
f 7993/5/4 7994/5/4 7997/5/4
f 7997/5/4 7994/5/4 7998/5/4
f 7994/6/4 7995/6/4 7999/6/4
f 7998/5/4 7994/5/4 7999/5/4
f 7999/6/4 7995/6/4 8000/6/4
f 7996/5/4 7997/5/4 8001/5/4
f 7997/1/4 7998/1/4 8002/1/4
f 8001/5/4 7997/5/4 8002/5/4
f 7998/5/4 7999/5/4 8003/5/4
f 8002/1/4 7998/1/4 8003/1/4
f 7999/5/4 8000/5/4 8003/5/4
f 8003/5/4 8000/5/4 8004/5/4
f 8001/6/4 8002/6/4 8005/6/4
f 8002/6/4 8003/6/4 8005/6/4
f 8005/6/4 8003/6/4 8006/6/4
f 8003/4/4 8004/4/4 8007/4/4
f 8006/6/4 8003/6/4 8007/6/4
f 8007/4/4 8004/4/4 8008/4/4
f 8008/4/4 8004/4/4 8009/4/4
f 8005/5/4 8006/5/4 8010/5/4
f 8006/1/4 8007/1/4 8011/1/4
f 8010/5/4 8006/5/4 8011/5/4
f 8007/6/4 8008/6/4 8012/6/4
f 8011/1/4 8007/1/4 8012/1/4
f 8008/5/4 8009/5/4 8013/5/4
f 8012/6/4 8008/6/4 8013/6/4
f 8013/5/4 8009/5/4 8014/5/4
f 8010/1/4 8011/1/4 8015/1/4
f 8011/1/4 8012/1/4 8015/1/4
f 8013/1/4 8014/1/4 8015/1/4
f 8012/1/4 8013/1/4 8015/1/4
f 8015/1/4 8014/1/4 8016/1/4
f 8016/1/4 8014/1/4 8017/1/4
f 8017/1/4 8014/1/4 8018/1/4
f 8015/1/4 8016/1/4 8019/1/4
f 8016/5/4 8017/5/4 8020/5/4
f 8019/1/4 8016/1/4 8020/1/4
f 8017/6/4 8018/6/4 8021/6/4
f 8020/5/4 8017/5/4 8021/5/4
f 8021/6/4 8018/6/4 8022/6/4
f 8022/6/4 8018/6/4 8023/6/4
f 8019/6/4 8020/6/4 8024/6/4
f 8020/5/4 8021/5/4 8025/5/4
f 8024/6/4 8020/6/4 8025/6/4
f 8021/5/4 8022/5/4 8025/5/4
f 8022/4/4 8023/4/4 8026/4/4
f 8025/5/4 8022/5/4 8026/5/4
f 8026/4/4 8023/4/4 8027/4/4
f 8024/1/4 8025/1/4 8028/1/4
f 8025/5/4 8026/5/4 8029/5/4
f 8026/6/4 8027/6/4 8030/6/4
f 8029/5/4 8026/5/4 8030/5/4
f 8030/6/4 8027/6/4 8031/6/4
f 8028/1/4 8025/1/4 8032/1/4
f 8025/5/4 8029/5/4 8033/5/4
f 8032/1/4 8025/1/4 8033/1/4
f 8029/1/4 8030/1/4 8034/1/4
f 8033/5/4 8029/5/4 8034/5/4
f 8030/5/4 8031/5/4 8035/5/4
f 8034/1/4 8030/1/4 8035/1/4
f 8035/5/4 8031/5/4 8036/5/4
f 8032/1/4 8033/1/4 8037/1/4
f 8033/1/4 8034/1/4 8037/1/4
f 8035/1/4 8036/1/4 8037/1/4
f 8034/1/4 8035/1/4 8037/1/4
f 8037/1/4 8036/1/4 8038/1/4
f 8038/1/4 8036/1/4 8039/1/4
f 8039/1/4 8036/1/4 8040/1/4
f 8040/1/4 8036/1/4 8041/1/4
f 8038/5/4 8039/5/4 8042/5/4
f 8039/6/4 8040/6/4 8042/6/4
f 8040/5/4 8041/5/4 8043/5/4
f 8042/6/4 8040/6/4 8043/6/4
f 8043/5/4 8041/5/4 8044/5/4
f 8037/6/4 8038/6/4 8045/6/4
f 8042/1/4 8043/1/4 8046/1/4
f 8043/6/4 8044/6/4 8046/6/4
f 8046/6/4 8044/6/4 8047/6/4
f 8045/6/4 8038/6/4 8048/6/4
f 8038/5/4 8042/5/4 8049/5/4
f 8048/6/4 8038/6/4 8049/6/4
f 8042/1/4 8046/1/4 8050/1/4
f 8049/5/4 8042/5/4 8050/5/4
f 8046/5/4 8047/5/4 8051/5/4
f 8050/1/4 8046/1/4 8051/1/4
f 8051/5/4 8047/5/4 8052/5/4
f 8048/4/4 8049/4/4 8053/4/4
f 8049/4/4 8050/4/4 8053/4/4
f 8053/4/4 8050/4/4 8054/4/4
f 8050/5/4 8051/5/4 8055/5/4
f 8054/4/4 8050/4/4 8055/4/4
f 8051/4/4 8052/4/4 8056/4/4
f 8055/5/4 8051/5/4 8056/5/4
f 8056/4/4 8052/4/4 8057/4/4
f 8053/5/4 8054/5/4 8058/5/4
f 8054/6/4 8055/6/4 8059/6/4
f 8058/5/4 8054/5/4 8059/5/4
f 8055/6/4 8056/6/4 8059/6/4
f 8056/5/4 8057/5/4 8060/5/4
f 8059/6/4 8056/6/4 8060/6/4
f 8060/5/4 8057/5/4 8061/5/4
f 8058/8/4 8059/8/4 8062/8/4
f 8059/8/4 8060/8/4 8062/8/4
f 8060/8/4 8061/8/4 8062/8/4
f 8062/8/4 8061/8/4 8063/8/4
f 8064/8/4 8065/8/4 8066/8/4
f 8066/8/4 8065/8/4 8067/8/4
f 8066/5/4 8067/5/4 8068/5/4
f 8068/5/4 8067/5/4 8069/5/4
f 8068/1/4 8069/1/4 8070/1/4
f 8069/5/4 8067/5/4 8071/5/4
f 8070/1/4 8069/1/4 8071/1/4
f 8070/6/4 8071/6/4 8072/6/4
f 8071/5/4 8067/5/4 8073/5/4
f 8072/6/4 8071/6/4 8073/6/4
f 8073/5/4 8067/5/4 8074/5/4
f 8072/6/4 8073/6/4 8075/6/4
f 8073/6/4 8074/6/4 8075/6/4
f 8075/6/4 8074/6/4 8076/6/4
f 8076/6/4 8074/6/4 8077/6/4
f 8077/6/4 8074/6/4 8078/6/4
f 8077/1/4 8078/1/4 8079/1/4
f 8079/1/4 8078/1/4 8080/1/4
f 8079/6/4 8080/6/4 8081/6/4
f 8081/6/4 8080/6/4 8082/6/4
f 8081/5/4 8082/5/4 8083/5/4
f 8083/5/4 8082/5/4 8084/5/4
f 8084/5/4 8082/5/4 8085/5/4
f 8083/6/4 8084/6/4 8086/6/4
f 8084/4/4 8085/4/4 8087/4/4
f 8086/6/4 8084/6/4 8087/6/4
f 8087/4/4 8085/4/4 8088/4/4
f 8086/4/4 8087/4/4 8089/4/4
f 8087/5/4 8088/5/4 8090/5/4
f 8089/4/4 8087/4/4 8090/4/4
f 8090/5/4 8088/5/4 8091/5/4
f 8089/4/4 8090/4/4 8092/4/4
f 8090/6/4 8091/6/4 8093/6/4
f 8092/4/4 8090/4/4 8093/4/4
f 8092/6/4 8093/6/4 8094/6/4
f 8093/6/4 8091/6/4 8095/6/4
f 8094/6/4 8093/6/4 8095/6/4
f 8094/1/4 8095/1/4 8096/1/4
f 8096/1/4 8095/1/4 8097/1/4
f 8097/1/4 8095/1/4 8098/1/4
f 8096/1/4 8097/1/4 8099/1/4
f 8099/1/4 8097/1/4 8100/1/4
f 8097/6/4 8098/6/4 8101/6/4
f 8100/1/4 8097/1/4 8101/1/4
f 8101/6/4 8098/6/4 8102/6/4
f 8100/1/4 8101/1/4 8103/1/4
f 8103/1/4 8101/1/4 8104/1/4
f 8101/5/4 8102/5/4 8105/5/4
f 8104/1/4 8101/1/4 8105/1/4
f 8105/5/4 8102/5/4 8106/5/4
f 8104/1/4 8105/1/4 8107/1/4
f 8105/6/4 8106/6/4 8108/6/4
f 8107/1/4 8105/1/4 8108/1/4
f 8108/6/4 8106/6/4 8109/6/4
f 8107/1/4 8108/1/4 8110/1/4
f 8108/1/4 8109/1/4 8110/1/4
f 8110/1/4 8109/1/4 8111/1/4
f 8110/5/4 8111/5/4 8112/5/4
f 8111/1/4 8109/1/4 8113/1/4
f 8112/5/4 8111/5/4 8113/5/4
f 8112/6/4 8113/6/4 8114/6/4
f 8113/1/4 8109/1/4 8115/1/4
f 8114/6/4 8113/6/4 8115/6/4
f 8115/1/4 8109/1/4 8116/1/4
f 8114/5/4 8115/5/4 8117/5/4
f 8117/5/4 8115/5/4 8118/5/4
f 8115/6/4 8116/6/4 8119/6/4
f 8118/5/4 8115/5/4 8119/5/4
f 8119/6/4 8116/6/4 8120/6/4
f 8118/6/4 8119/6/4 8121/6/4
f 8119/5/4 8120/5/4 8122/5/4
f 8121/6/4 8119/6/4 8122/6/4
f 8121/1/4 8122/1/4 8123/1/4
f 8122/5/4 8120/5/4 8124/5/4
f 8123/1/4 8122/1/4 8124/1/4
f 8124/5/4 8120/5/4 8125/5/4
f 8123/1/4 8124/1/4 8126/1/4
f 8124/1/4 8125/1/4 8126/1/4
f 8126/1/4 8125/1/4 8127/1/4
f 8126/6/4 8127/6/4 8128/6/4
f 8127/1/4 8125/1/4 8129/1/4
f 8128/6/4 8127/6/4 8129/6/4
f 8129/1/4 8125/1/4 8130/1/4
f 8128/5/4 8129/5/4 8131/5/4
f 8129/6/4 8130/6/4 8132/6/4
f 8131/5/4 8129/5/4 8132/5/4
f 8131/1/4 8132/1/4 8133/1/4
f 8132/6/4 8130/6/4 8134/6/4
f 8133/1/4 8132/1/4 8134/1/4
f 8134/6/4 8130/6/4 8135/6/4
f 8133/1/4 8134/1/4 8136/1/4
f 8134/5/4 8135/5/4 8137/5/4
f 8136/1/4 8134/1/4 8137/1/4
f 8137/5/4 8135/5/4 8138/5/4
f 8136/5/4 8137/5/4 8139/5/4
f 8137/6/4 8138/6/4 8140/6/4
f 8139/5/4 8137/5/4 8140/5/4
f 8140/6/4 8138/6/4 8141/6/4
f 8139/1/4 8140/1/4 8142/1/4
f 8140/1/4 8141/1/4 8142/1/4
f 8142/1/4 8141/1/4 8143/1/4
f 8143/1/4 8141/1/4 8144/1/4
f 8142/5/4 8143/5/4 8145/5/4
f 8143/6/4 8144/6/4 8146/6/4
f 8145/5/4 8143/5/4 8146/5/4
f 8146/6/4 8144/6/4 8147/6/4
f 8145/5/4 8146/5/4 8148/5/4
f 8146/5/4 8147/5/4 8148/5/4
f 8148/5/4 8147/5/4 8149/5/4
f 8148/6/4 8149/6/4 8150/6/4
f 8150/6/4 8149/6/4 8151/6/4
f 8150/5/4 8151/5/4 8152/5/4
f 8152/5/4 8151/5/4 8153/5/4
f 8153/5/4 8151/5/4 8154/5/4
f 8152/5/4 8153/5/4 8155/5/4
f 8153/1/4 8154/1/4 8156/1/4
f 8155/5/4 8153/5/4 8156/5/4
f 8155/1/4 8156/1/4 8157/1/4
f 8156/1/4 8154/1/4 8158/1/4
f 8157/1/4 8156/1/4 8158/1/4
f 8157/5/4 8158/5/4 8159/5/4
f 8159/5/4 8158/5/4 8160/5/4
f 8159/1/4 8160/1/4 8161/1/4
f 8161/1/4 8160/1/4 8162/1/4
f 8161/5/4 8162/5/4 8163/5/4
f 8162/1/4 8160/1/4 8163/1/4
f 8163/1/4 8160/1/4 8164/1/4
f 8161/5/4 8163/5/4 8165/5/4
f 8163/5/4 8164/5/4 8165/5/4
f 8165/5/4 8164/5/4 8166/5/4
f 8165/1/4 8166/1/4 8167/1/4
f 8167/1/4 8166/1/4 8168/1/4
f 8167/6/4 8168/6/4 8169/6/4
f 8168/1/4 8166/1/4 8170/1/4
f 8169/6/4 8168/6/4 8170/6/4
f 8169/1/4 8170/1/4 8171/1/4
f 8170/1/4 8166/1/4 8172/1/4
f 8171/1/4 8170/1/4 8172/1/4
f 8172/1/4 8166/1/4 8173/1/4
f 8171/6/4 8172/6/4 8174/6/4
f 8172/5/4 8173/5/4 8175/5/4
f 8174/6/4 8172/6/4 8175/6/4
f 8175/5/4 8173/5/4 8176/5/4
f 8174/4/4 8175/4/4 8177/4/4
f 8175/6/4 8176/6/4 8178/6/4
f 8177/4/4 8175/4/4 8178/4/4
f 8178/6/4 8176/6/4 8179/6/4
f 8177/5/4 8178/5/4 8180/5/4
f 8178/4/4 8179/4/4 8181/4/4
f 8180/5/4 8178/5/4 8181/5/4
f 8181/4/4 8179/4/4 8182/4/4
f 8180/8/4 8181/8/4 8183/8/4
f 8181/8/4 8182/8/4 8183/8/4
f 8183/8/4 8182/8/4 8184/8/4
f 8185/8/4 8186/8/4 8187/8/4
f 8187/8/4 8186/8/4 8188/8/4
f 8187/1/4 8188/1/4 8189/1/4
f 8189/1/4 8188/1/4 8190/1/4
f 8190/1/4 8188/1/4 8191/1/4
f 8191/1/4 8188/1/4 8192/1/4
f 8190/1/4 8191/1/4 8193/1/4
f 8191/6/4 8192/6/4 8194/6/4
f 8193/1/4 8191/1/4 8194/1/4
f 8194/6/4 8192/6/4 8195/6/4
f 8193/1/4 8194/1/4 8196/1/4
f 8194/5/4 8195/5/4 8197/5/4
f 8196/1/4 8194/1/4 8197/1/4
f 8197/5/4 8195/5/4 8198/5/4
f 8196/1/4 8197/1/4 8199/1/4
f 8197/1/4 8198/1/4 8199/1/4
f 8199/1/4 8198/1/4 8200/1/4
f 8200/1/4 8198/1/4 8201/1/4
f 8199/1/4 8200/1/4 8202/1/4
f 8200/5/4 8201/5/4 8203/5/4
f 8202/1/4 8200/1/4 8203/1/4
f 8203/5/4 8201/5/4 8204/5/4
f 8202/1/4 8203/1/4 8205/1/4
f 8203/1/4 8204/1/4 8205/1/4
f 8205/1/4 8204/1/4 8206/1/4
f 8206/1/4 8204/1/4 8207/1/4
f 8207/1/4 8204/1/4 8208/1/4
f 8205/5/4 8206/5/4 8209/5/4
f 8206/6/4 8207/6/4 8210/6/4
f 8209/5/4 8206/5/4 8210/5/4
f 8207/5/4 8208/5/4 8211/5/4
f 8210/6/4 8207/6/4 8211/6/4
f 8211/5/4 8208/5/4 8212/5/4
f 8209/6/4 8210/6/4 8213/6/4
f 8210/5/4 8211/5/4 8214/5/4
f 8213/6/4 8210/6/4 8214/6/4
f 8211/6/4 8212/6/4 8215/6/4
f 8214/5/4 8211/5/4 8215/5/4
f 8215/6/4 8212/6/4 8216/6/4
f 8213/5/4 8214/5/4 8217/5/4
f 8214/4/4 8215/4/4 8218/4/4
f 8217/5/4 8214/5/4 8218/5/4
f 8215/5/4 8216/5/4 8219/5/4
f 8218/4/4 8215/4/4 8219/4/4
f 8219/5/4 8216/5/4 8220/5/4
f 8217/4/4 8218/4/4 8221/4/4
f 8218/6/4 8219/6/4 8222/6/4
f 8221/4/4 8218/4/4 8222/4/4
f 8219/4/4 8220/4/4 8223/4/4
f 8222/6/4 8219/6/4 8223/6/4
f 8223/4/4 8220/4/4 8224/4/4
f 8221/6/4 8222/6/4 8225/6/4
f 8222/6/4 8223/6/4 8225/6/4
f 8223/6/4 8224/6/4 8225/6/4
f 8225/6/4 8224/6/4 8226/6/4
f 8226/6/4 8224/6/4 8227/6/4
f 8227/6/4 8224/6/4 8228/6/4
f 8225/6/4 8226/6/4 8229/6/4
f 8226/1/4 8227/1/4 8230/1/4
f 8229/6/4 8226/6/4 8230/6/4
f 8227/5/4 8228/5/4 8231/5/4
f 8230/1/4 8227/1/4 8231/1/4
f 8231/5/4 8228/5/4 8232/5/4
f 8229/1/4 8230/1/4 8233/1/4
f 8230/1/4 8231/1/4 8233/1/4
f 8231/1/4 8232/1/4 8233/1/4
f 8233/1/4 8232/1/4 8234/1/4
f 8234/1/4 8232/1/4 8235/1/4
f 8233/1/4 8234/1/4 8236/1/4
f 8234/5/4 8235/5/4 8236/5/4
f 8236/5/4 8235/5/4 8237/5/4
f 8237/5/4 8235/5/4 8238/5/4
f 8233/1/4 8236/1/4 8239/1/4
f 8236/6/4 8237/6/4 8240/6/4
f 8239/1/4 8236/1/4 8240/1/4
f 8237/4/4 8238/4/4 8241/4/4
f 8240/6/4 8237/6/4 8241/6/4
f 8241/4/4 8238/4/4 8242/4/4
f 8239/1/4 8240/1/4 8243/1/4
f 8240/1/4 8241/1/4 8243/1/4
f 8241/6/4 8242/6/4 8244/6/4
f 8243/1/4 8241/1/4 8244/1/4
f 8244/6/4 8242/6/4 8245/6/4
f 8239/1/4 8243/1/4 8246/1/4
f 8243/5/4 8244/5/4 8247/5/4
f 8246/1/4 8243/1/4 8247/1/4
f 8244/4/4 8245/4/4 8248/4/4
f 8247/5/4 8244/5/4 8248/5/4
f 8248/4/4 8245/4/4 8249/4/4
f 8246/6/4 8247/6/4 8250/6/4
f 8247/6/4 8248/6/4 8250/6/4
f 8250/6/4 8248/6/4 8251/6/4
f 8248/5/4 8249/5/4 8252/5/4
f 8251/6/4 8248/6/4 8252/6/4
f 8250/6/4 8251/6/4 8253/6/4
f 8251/1/4 8252/1/4 8254/1/4
f 8253/6/4 8251/6/4 8254/6/4
f 8252/5/4 8249/5/4 8255/5/4
f 8254/1/4 8252/1/4 8255/1/4
f 8255/5/4 8249/5/4 8256/5/4
f 8253/1/4 8254/1/4 8257/1/4
f 8254/1/4 8255/1/4 8257/1/4
f 8255/1/4 8256/1/4 8257/1/4
f 8257/1/4 8256/1/4 8258/1/4
f 8258/1/4 8256/1/4 8259/1/4
f 8259/1/4 8256/1/4 8260/1/4
f 8257/6/4 8258/6/4 8261/6/4
f 8258/1/4 8259/1/4 8262/1/4
f 8261/6/4 8258/6/4 8262/6/4
f 8259/6/4 8260/6/4 8263/6/4
f 8262/1/4 8259/1/4 8263/1/4
f 8263/6/4 8260/6/4 8264/6/4
f 8261/1/4 8262/1/4 8265/1/4
f 8262/1/4 8263/1/4 8265/1/4
f 8265/1/4 8263/1/4 8266/1/4
f 8263/5/4 8264/5/4 8267/5/4
f 8266/1/4 8263/1/4 8267/1/4
f 8265/6/4 8266/6/4 8268/6/4
f 8266/5/4 8267/5/4 8269/5/4
f 8268/6/4 8266/6/4 8269/6/4
f 8267/5/4 8264/5/4 8270/5/4
f 8269/5/4 8267/5/4 8270/5/4
f 8270/5/4 8264/5/4 8271/5/4
f 8268/6/4 8269/6/4 8272/6/4
f 8269/4/4 8270/4/4 8273/4/4
f 8272/6/4 8269/6/4 8273/6/4
f 8270/6/4 8271/6/4 8274/6/4
f 8273/4/4 8270/4/4 8274/4/4
f 8274/6/4 8271/6/4 8275/6/4
f 8272/6/4 8273/6/4 8276/6/4
f 8273/5/4 8274/5/4 8277/5/4
f 8276/6/4 8273/6/4 8277/6/4
f 8274/5/4 8275/5/4 8277/5/4
f 8277/5/4 8275/5/4 8278/5/4
f 8278/5/4 8275/5/4 8279/5/4
f 8276/1/4 8277/1/4 8280/1/4
f 8277/5/4 8278/5/4 8281/5/4
f 8280/1/4 8277/1/4 8281/1/4
f 8278/6/4 8279/6/4 8282/6/4
f 8281/5/4 8278/5/4 8282/5/4
f 8282/6/4 8279/6/4 8283/6/4
f 8280/6/4 8281/6/4 8284/6/4
f 8281/1/4 8282/1/4 8285/1/4
f 8284/6/4 8281/6/4 8285/6/4
f 8282/1/4 8283/1/4 8285/1/4
f 8284/1/4 8285/1/4 8286/1/4
f 8285/1/4 8283/1/4 8287/1/4
f 8286/1/4 8285/1/4 8287/1/4
f 8287/1/4 8283/1/4 8288/1/4
f 8288/1/4 8283/1/4 8289/1/4
f 8286/1/4 8287/1/4 8290/1/4
f 8287/5/4 8288/5/4 8291/5/4
f 8290/1/4 8287/1/4 8291/1/4
f 8288/6/4 8289/6/4 8292/6/4
f 8291/5/4 8288/5/4 8292/5/4
f 8292/6/4 8289/6/4 8293/6/4
f 8290/1/4 8291/1/4 8294/1/4
f 8291/1/4 8292/1/4 8294/1/4
f 8292/5/4 8293/5/4 8295/5/4
f 8294/1/4 8292/1/4 8295/1/4
f 8295/5/4 8293/5/4 8296/5/4
f 8294/1/4 8295/1/4 8297/1/4
f 8295/6/4 8296/6/4 8298/6/4
f 8297/1/4 8295/1/4 8298/1/4
f 8298/6/4 8296/6/4 8299/6/4
f 8294/1/4 8297/1/4 8300/1/4
f 8297/6/4 8298/6/4 8301/6/4
f 8300/1/4 8297/1/4 8301/1/4
f 8298/4/4 8299/4/4 8302/4/4
f 8301/6/4 8298/6/4 8302/6/4
f 8302/4/4 8299/4/4 8303/4/4
f 8300/1/4 8301/1/4 8304/1/4
f 8301/1/4 8302/1/4 8304/1/4
f 8302/6/4 8303/6/4 8305/6/4
f 8304/1/4 8302/1/4 8305/1/4
f 8305/6/4 8303/6/4 8306/6/4
f 8304/1/4 8305/1/4 8307/1/4
f 8305/1/4 8306/1/4 8307/1/4
f 8307/1/4 8306/1/4 8308/1/4
f 8307/6/4 8308/6/4 8309/6/4
f 8309/6/4 8308/6/4 8310/6/4
f 8308/1/4 8306/1/4 8311/1/4
f 8310/6/4 8308/6/4 8311/6/4
f 8311/1/4 8306/1/4 8312/1/4
f 8309/1/4 8310/1/4 8313/1/4
f 8310/5/4 8311/5/4 8313/5/4
f 8311/5/4 8312/5/4 8313/5/4
f 8313/5/4 8312/5/4 8314/5/4
f 8309/1/4 8313/1/4 8315/1/4
f 8313/1/4 8314/1/4 8315/1/4
f 8315/1/4 8314/1/4 8316/1/4
f 8315/5/4 8316/5/4 8317/5/4
f 8316/1/4 8314/1/4 8318/1/4
f 8317/5/4 8316/5/4 8318/5/4
f 8314/5/4 8312/5/4 8319/5/4
f 8318/1/4 8314/1/4 8319/1/4
f 8319/5/4 8312/5/4 8320/5/4
f 8317/6/4 8318/6/4 8321/6/4
f 8318/5/4 8319/5/4 8322/5/4
f 8321/6/4 8318/6/4 8322/6/4
f 8319/6/4 8320/6/4 8323/6/4
f 8322/5/4 8319/5/4 8323/5/4
f 8323/6/4 8320/6/4 8324/6/4
f 8321/1/4 8322/1/4 8325/1/4
f 8322/1/4 8323/1/4 8325/1/4
f 8323/1/4 8324/1/4 8325/1/4
f 8325/1/4 8324/1/4 8326/1/4
f 8326/1/4 8324/1/4 8327/1/4
f 8327/1/4 8324/1/4 8328/1/4
f 8325/5/4 8326/5/4 8329/5/4
f 8326/6/4 8327/6/4 8330/6/4
f 8329/5/4 8326/5/4 8330/5/4
f 8327/5/4 8328/5/4 8331/5/4
f 8330/6/4 8327/6/4 8331/6/4
f 8331/5/4 8328/5/4 8332/5/4
f 8329/4/4 8330/4/4 8333/4/4
f 8330/6/4 8331/6/4 8334/6/4
f 8333/4/4 8330/4/4 8334/4/4
f 8331/6/4 8332/6/4 8334/6/4
f 8334/6/4 8332/6/4 8335/6/4
f 8335/6/4 8332/6/4 8336/6/4
f 8333/5/4 8334/5/4 8337/5/4
f 8334/1/4 8335/1/4 8338/1/4
f 8337/5/4 8334/5/4 8338/5/4
f 8335/5/4 8336/5/4 8339/5/4
f 8338/1/4 8335/1/4 8339/1/4
f 8339/5/4 8336/5/4 8340/5/4
f 8337/1/4 8338/1/4 8341/1/4
f 8338/1/4 8339/1/4 8341/1/4
f 8339/1/4 8340/1/4 8341/1/4
f 8341/1/4 8340/1/4 8342/1/4
f 8342/1/4 8340/1/4 8343/1/4
f 8342/5/4 8343/5/4 8344/5/4
f 8344/5/4 8343/5/4 8345/5/4
f 8341/6/4 8342/6/4 8346/6/4
f 8342/5/4 8344/5/4 8347/5/4
f 8346/6/4 8342/6/4 8347/6/4
f 8344/4/4 8345/4/4 8348/4/4
f 8347/5/4 8344/5/4 8348/5/4
f 8348/4/4 8345/4/4 8349/4/4
f 8346/5/4 8347/5/4 8350/5/4
f 8347/5/4 8348/5/4 8350/5/4
f 8350/5/4 8348/5/4 8351/5/4
f 8348/6/4 8349/6/4 8352/6/4
f 8351/5/4 8348/5/4 8352/5/4
f 8352/6/4 8349/6/4 8353/6/4
f 8350/6/4 8351/6/4 8354/6/4
f 8351/5/4 8352/5/4 8355/5/4
f 8352/5/4 8353/5/4 8355/5/4
f 8355/5/4 8353/5/4 8356/5/4
f 8354/6/4 8351/6/4 8357/6/4
f 8351/5/4 8355/5/4 8358/5/4
f 8357/6/4 8351/6/4 8358/6/4
f 8355/4/4 8356/4/4 8359/4/4
f 8358/5/4 8355/5/4 8359/5/4
f 8359/4/4 8356/4/4 8360/4/4
f 8357/8/4 8358/8/4 8361/8/4
f 8358/8/4 8359/8/4 8361/8/4
f 8359/8/4 8360/8/4 8361/8/4
f 8361/8/4 8360/8/4 8362/8/4
f 8363/8/4 8364/8/4 8365/8/4
f 8365/8/4 8364/8/4 8366/8/4
f 8366/8/4 8364/8/4 8367/8/4
f 8365/5/4 8366/5/4 8368/5/4
f 8366/1/4 8367/1/4 8369/1/4
f 8368/5/4 8366/5/4 8369/5/4
f 8369/1/4 8367/1/4 8370/1/4
f 8368/6/4 8369/6/4 8371/6/4
f 8369/5/4 8370/5/4 8372/5/4
f 8371/6/4 8369/6/4 8372/6/4
f 8372/5/4 8370/5/4 8373/5/4
f 8371/1/4 8372/1/4 8374/1/4
f 8372/6/4 8373/6/4 8375/6/4
f 8374/1/4 8372/1/4 8375/1/4
f 8375/6/4 8373/6/4 8376/6/4
f 8374/1/4 8375/1/4 8377/1/4
f 8375/1/4 8376/1/4 8377/1/4
f 8377/1/4 8376/1/4 8378/1/4
f 8377/5/4 8378/5/4 8379/5/4
f 8379/5/4 8378/5/4 8380/5/4
f 8379/6/4 8380/6/4 8381/6/4
f 8381/6/4 8380/6/4 8382/6/4
f 8381/1/4 8382/1/4 8383/1/4
f 8383/1/4 8382/1/4 8384/1/4
f 8383/6/4 8384/6/4 8385/6/4
f 8384/1/4 8382/1/4 8386/1/4
f 8385/6/4 8384/6/4 8386/6/4
f 8385/1/4 8386/1/4 8387/1/4
f 8386/1/4 8382/1/4 8388/1/4
f 8387/1/4 8386/1/4 8388/1/4
f 8387/5/4 8388/5/4 8389/5/4
f 8389/5/4 8388/5/4 8390/5/4
f 8389/6/4 8390/6/4 8391/6/4
f 8390/5/4 8388/5/4 8392/5/4
f 8391/6/4 8390/6/4 8392/6/4
f 8392/5/4 8388/5/4 8393/5/4
f 8391/6/4 8392/6/4 8394/6/4
f 8392/6/4 8393/6/4 8394/6/4
f 8394/6/4 8393/6/4 8395/6/4
f 8391/6/4 8394/6/4 8396/6/4
f 8394/5/4 8395/5/4 8397/5/4
f 8396/6/4 8394/6/4 8397/6/4
f 8397/5/4 8395/5/4 8398/5/4
f 8396/1/4 8397/1/4 8399/1/4
f 8397/1/4 8398/1/4 8399/1/4
f 8399/1/4 8398/1/4 8400/1/4
f 8400/1/4 8398/1/4 8401/1/4
f 8399/5/4 8400/5/4 8402/5/4
f 8400/6/4 8401/6/4 8403/6/4
f 8402/5/4 8400/5/4 8403/5/4
f 8402/1/4 8403/1/4 8404/1/4
f 8403/6/4 8401/6/4 8405/6/4
f 8404/1/4 8403/1/4 8405/1/4
f 8405/6/4 8401/6/4 8406/6/4
f 8404/6/4 8405/6/4 8407/6/4
f 8405/1/4 8406/1/4 8408/1/4
f 8407/6/4 8405/6/4 8408/6/4
f 8407/1/4 8408/1/4 8409/1/4
f 8408/1/4 8406/1/4 8410/1/4
f 8409/1/4 8408/1/4 8410/1/4
f 8410/1/4 8406/1/4 8411/1/4
f 8409/5/4 8410/5/4 8412/5/4
f 8410/6/4 8411/6/4 8413/6/4
f 8412/5/4 8410/5/4 8413/5/4
f 8413/6/4 8411/6/4 8414/6/4
f 8412/1/4 8413/1/4 8415/1/4
f 8413/1/4 8414/1/4 8415/1/4
f 8415/1/4 8414/1/4 8416/1/4
f 8415/5/4 8416/5/4 8417/5/4
f 8417/5/4 8416/5/4 8418/5/4
f 8417/6/4 8418/6/4 8419/6/4
f 8419/6/4 8418/6/4 8420/6/4
f 8419/5/4 8420/5/4 8421/5/4
f 8420/6/4 8418/6/4 8421/6/4
f 8421/6/4 8418/6/4 8422/6/4
f 8419/5/4 8421/5/4 8423/5/4
f 8421/4/4 8422/4/4 8424/4/4
f 8423/5/4 8421/5/4 8424/5/4
f 8424/4/4 8422/4/4 8425/4/4
f 8423/1/4 8424/1/4 8426/1/4
f 8424/6/4 8425/6/4 8427/6/4
f 8426/1/4 8424/1/4 8427/1/4
f 8426/6/4 8427/6/4 8428/6/4
f 8427/6/4 8425/6/4 8429/6/4
f 8428/6/4 8427/6/4 8429/6/4
f 8429/6/4 8425/6/4 8430/6/4
f 8428/6/4 8429/6/4 8431/6/4
f 8429/1/4 8430/1/4 8432/1/4
f 8431/6/4 8429/6/4 8432/6/4
f 8431/1/4 8432/1/4 8433/1/4
f 8432/1/4 8430/1/4 8434/1/4
f 8433/1/4 8432/1/4 8434/1/4
f 8434/1/4 8430/1/4 8435/1/4
f 8433/1/4 8434/1/4 8436/1/4
f 8434/6/4 8435/6/4 8437/6/4
f 8436/1/4 8434/1/4 8437/1/4
f 8437/6/4 8435/6/4 8438/6/4
f 8436/5/4 8437/5/4 8439/5/4
f 8437/4/4 8438/4/4 8440/4/4
f 8439/5/4 8437/5/4 8440/5/4
f 8440/4/4 8438/4/4 8441/4/4
f 8439/6/4 8440/6/4 8442/6/4
f 8440/6/4 8441/6/4 8442/6/4
f 8442/6/4 8441/6/4 8443/6/4
f 8442/5/4 8443/5/4 8444/5/4
f 8443/6/4 8441/6/4 8444/6/4
f 8444/6/4 8441/6/4 8445/6/4
f 8442/5/4 8444/5/4 8446/5/4
f 8444/5/4 8445/5/4 8446/5/4
f 8446/5/4 8445/5/4 8447/5/4
f 8446/1/4 8447/1/4 8448/1/4
f 8448/1/4 8447/1/4 8449/1/4
f 8448/5/4 8449/5/4 8450/5/4
f 8449/1/4 8447/1/4 8451/1/4
f 8450/5/4 8449/5/4 8451/5/4
f 8451/1/4 8447/1/4 8452/1/4
f 8450/5/4 8451/5/4 8453/5/4
f 8451/5/4 8452/5/4 8453/5/4
f 8453/5/4 8452/5/4 8454/5/4
f 8454/5/4 8452/5/4 8455/5/4
f 8454/1/4 8455/1/4 8456/1/4
f 8456/1/4 8455/1/4 8457/1/4
f 8456/6/4 8457/6/4 8458/6/4
f 8458/6/4 8457/6/4 8459/6/4
f 8458/1/4 8459/1/4 8460/1/4
f 8460/1/4 8459/1/4 8461/1/4
f 8460/5/4 8461/5/4 8462/5/4
f 8461/1/4 8459/1/4 8463/1/4
f 8462/5/4 8461/5/4 8463/5/4
f 8462/1/4 8463/1/4 8464/1/4
f 8463/1/4 8459/1/4 8465/1/4
f 8464/1/4 8463/1/4 8465/1/4
f 8464/5/4 8465/5/4 8466/5/4
f 8465/1/4 8459/1/4 8467/1/4
f 8466/5/4 8465/5/4 8467/5/4
f 8466/6/4 8467/6/4 8468/6/4
f 8467/1/4 8459/1/4 8469/1/4
f 8468/6/4 8467/6/4 8469/6/4
f 8468/1/4 8469/1/4 8470/1/4
f 8469/1/4 8459/1/4 8471/1/4
f 8470/1/4 8469/1/4 8471/1/4
f 8470/5/4 8471/5/4 8472/5/4
f 8472/5/4 8471/5/4 8473/5/4
f 8471/1/4 8459/1/4 8474/1/4
f 8473/5/4 8471/5/4 8474/5/4
f 8474/1/4 8459/1/4 8475/1/4
f 8473/4/4 8474/4/4 8476/4/4
f 8474/5/4 8475/5/4 8477/5/4
f 8476/4/4 8474/4/4 8477/4/4
f 8477/5/4 8475/5/4 8478/5/4
f 8476/5/4 8477/5/4 8479/5/4
f 8477/6/4 8478/6/4 8479/6/4
f 8479/6/4 8478/6/4 8480/6/4
f 8476/5/4 8479/5/4 8481/5/4
f 8479/4/4 8480/4/4 8482/4/4
f 8481/5/4 8479/5/4 8482/5/4
f 8482/4/4 8480/4/4 8483/4/4
f 8481/8/4 8482/8/4 8484/8/4
f 8482/8/4 8483/8/4 8484/8/4
f 8484/8/4 8483/8/4 8485/8/4
f 8486/8/4 8487/8/4 8488/8/4
f 8488/8/4 8487/8/4 8489/8/4
f 8489/8/4 8487/8/4 8490/8/4
f 8488/5/4 8489/5/4 8491/5/4
f 8489/6/4 8490/6/4 8492/6/4
f 8491/5/4 8489/5/4 8492/5/4
f 8491/6/4 8492/6/4 8493/6/4
f 8492/6/4 8490/6/4 8494/6/4
f 8493/6/4 8492/6/4 8494/6/4
f 8494/6/4 8490/6/4 8495/6/4
f 8493/5/4 8494/5/4 8496/5/4
f 8494/4/4 8495/4/4 8497/4/4
f 8496/5/4 8494/5/4 8497/5/4
f 8497/4/4 8495/4/4 8498/4/4
f 8496/1/4 8497/1/4 8499/1/4
f 8497/5/4 8498/5/4 8500/5/4
f 8499/1/4 8497/1/4 8500/1/4
f 8500/5/4 8498/5/4 8501/5/4
f 8499/6/4 8500/6/4 8502/6/4
f 8500/1/4 8501/1/4 8503/1/4
f 8502/6/4 8500/6/4 8503/6/4
f 8503/1/4 8501/1/4 8504/1/4
f 8502/1/4 8503/1/4 8505/1/4
f 8503/5/4 8504/5/4 8506/5/4
f 8505/1/4 8503/1/4 8506/1/4
f 8506/5/4 8504/5/4 8507/5/4
f 8505/1/4 8506/1/4 8508/1/4
f 8506/1/4 8507/1/4 8508/1/4
f 8508/1/4 8507/1/4 8509/1/4
f 8505/1/4 8508/1/4 8510/1/4
f 8508/5/4 8509/5/4 8511/5/4
f 8510/1/4 8508/1/4 8511/1/4
f 8510/6/4 8511/6/4 8512/6/4
f 8511/5/4 8509/5/4 8513/5/4
f 8512/6/4 8511/6/4 8513/6/4
f 8513/5/4 8509/5/4 8514/5/4
f 8512/5/4 8513/5/4 8515/5/4
f 8513/4/4 8514/4/4 8516/4/4
f 8515/5/4 8513/5/4 8516/5/4
f 8516/4/4 8514/4/4 8517/4/4
f 8515/1/4 8516/1/4 8518/1/4
f 8516/6/4 8517/6/4 8519/6/4
f 8518/1/4 8516/1/4 8519/1/4
f 8519/6/4 8517/6/4 8520/6/4
f 8518/1/4 8519/1/4 8521/1/4
f 8519/5/4 8520/5/4 8522/5/4
f 8521/1/4 8519/1/4 8522/1/4
f 8521/5/4 8522/5/4 8523/5/4
f 8522/5/4 8520/5/4 8524/5/4
f 8523/5/4 8522/5/4 8524/5/4
f 8523/1/4 8524/1/4 8525/1/4
f 8525/1/4 8524/1/4 8526/1/4
f 8523/1/4 8525/1/4 8527/1/4
f 8525/6/4 8526/6/4 8528/6/4
f 8527/1/4 8525/1/4 8528/1/4
f 8528/6/4 8526/6/4 8529/6/4
f 8527/5/4 8528/5/4 8530/5/4
f 8528/5/4 8529/5/4 8530/5/4
f 8530/5/4 8529/5/4 8531/5/4
f 8530/6/4 8531/6/4 8532/6/4
f 8532/6/4 8531/6/4 8533/6/4
f 8532/1/4 8533/1/4 8534/1/4
f 8533/6/4 8531/6/4 8534/6/4
f 8534/6/4 8531/6/4 8535/6/4
f 8532/1/4 8534/1/4 8536/1/4
f 8534/1/4 8535/1/4 8536/1/4
f 8536/1/4 8535/1/4 8537/1/4
f 8537/1/4 8535/1/4 8538/1/4
f 8536/5/4 8537/5/4 8539/5/4
f 8537/6/4 8538/6/4 8540/6/4
f 8539/5/4 8537/5/4 8540/5/4
f 8540/6/4 8538/6/4 8541/6/4
f 8539/1/4 8540/1/4 8542/1/4
f 8540/1/4 8541/1/4 8542/1/4
f 8542/1/4 8541/1/4 8543/1/4
f 8539/1/4 8542/1/4 8544/1/4
f 8542/5/4 8543/5/4 8545/5/4
f 8544/1/4 8542/1/4 8545/1/4
f 8545/5/4 8543/5/4 8546/5/4
f 8544/5/4 8545/5/4 8547/5/4
f 8547/5/4 8545/5/4 8548/5/4
f 8548/5/4 8545/5/4 8549/5/4
f 8545/1/4 8546/1/4 8550/1/4
f 8549/5/4 8545/5/4 8550/5/4
f 8549/1/4 8550/1/4 8551/1/4
f 8550/1/4 8546/1/4 8552/1/4
f 8551/1/4 8550/1/4 8552/1/4
f 8552/1/4 8546/1/4 8553/1/4
f 8551/6/4 8552/6/4 8554/6/4
f 8552/5/4 8553/5/4 8555/5/4
f 8554/6/4 8552/6/4 8555/6/4
f 8555/5/4 8553/5/4 8556/5/4
f 8554/1/4 8555/1/4 8557/1/4
f 8555/1/4 8556/1/4 8557/1/4
f 8557/1/4 8556/1/4 8558/1/4
f 8558/1/4 8556/1/4 8559/1/4
f 8557/1/4 8558/1/4 8560/1/4
f 8560/1/4 8558/1/4 8561/1/4
f 8558/5/4 8559/5/4 8562/5/4
f 8561/1/4 8558/1/4 8562/1/4
f 8562/5/4 8559/5/4 8563/5/4
f 8561/6/4 8562/6/4 8564/6/4
f 8562/4/4 8563/4/4 8565/4/4
f 8564/6/4 8562/6/4 8565/6/4
f 8565/4/4 8563/4/4 8566/4/4
f 8564/6/4 8565/6/4 8567/6/4
f 8565/6/4 8566/6/4 8567/6/4
f 8567/6/4 8566/6/4 8568/6/4
f 8567/5/4 8568/5/4 8569/5/4
f 8568/6/4 8566/6/4 8570/6/4
f 8569/5/4 8568/5/4 8570/5/4
f 8570/6/4 8566/6/4 8571/6/4
f 8569/1/4 8570/1/4 8572/1/4
f 8570/1/4 8571/1/4 8572/1/4
f 8572/1/4 8571/1/4 8573/1/4
f 8572/5/4 8573/5/4 8574/5/4
f 8574/5/4 8573/5/4 8575/5/4
f 8574/6/4 8575/6/4 8576/6/4
f 8576/6/4 8575/6/4 8577/6/4
f 8577/6/4 8575/6/4 8578/6/4
f 8576/6/4 8577/6/4 8579/6/4
f 8577/5/4 8578/5/4 8580/5/4
f 8579/6/4 8577/6/4 8580/6/4
f 8580/5/4 8578/5/4 8581/5/4
f 8579/4/4 8580/4/4 8582/4/4
f 8580/6/4 8581/6/4 8583/6/4
f 8582/4/4 8580/4/4 8583/4/4
f 8583/6/4 8581/6/4 8584/6/4
f 8582/5/4 8583/5/4 8585/5/4
f 8583/1/4 8584/1/4 8586/1/4
f 8585/5/4 8583/5/4 8586/5/4
f 8585/1/4 8586/1/4 8587/1/4
f 8586/1/4 8584/1/4 8588/1/4
f 8587/1/4 8586/1/4 8588/1/4
f 8587/5/4 8588/5/4 8589/5/4
f 8588/1/4 8584/1/4 8590/1/4
f 8589/5/4 8588/5/4 8590/5/4
f 8589/6/4 8590/6/4 8591/6/4
f 8590/1/4 8584/1/4 8592/1/4
f 8591/6/4 8590/6/4 8592/6/4
f 8591/1/4 8592/1/4 8593/1/4
f 8592/1/4 8584/1/4 8594/1/4
f 8593/1/4 8592/1/4 8594/1/4
f 8593/5/4 8594/5/4 8595/5/4
f 8595/5/4 8594/5/4 8596/5/4
f 8593/5/4 8595/5/4 8597/5/4
f 8595/1/4 8596/1/4 8598/1/4
f 8597/5/4 8595/5/4 8598/5/4
f 8597/1/4 8598/1/4 8599/1/4
f 8598/1/4 8596/1/4 8600/1/4
f 8599/1/4 8598/1/4 8600/1/4
f 8600/1/4 8596/1/4 8601/1/4
f 8599/5/4 8600/5/4 8602/5/4
f 8600/6/4 8601/6/4 8603/6/4
f 8602/5/4 8600/5/4 8603/5/4
f 8603/6/4 8601/6/4 8604/6/4
f 8602/4/4 8603/4/4 8605/4/4
f 8603/5/4 8604/5/4 8606/5/4
f 8605/4/4 8603/4/4 8606/4/4
f 8606/5/4 8604/5/4 8607/5/4
f 8605/5/4 8606/5/4 8608/5/4
f 8606/6/4 8607/6/4 8609/6/4
f 8608/5/4 8606/5/4 8609/5/4
f 8609/6/4 8607/6/4 8610/6/4
f 8608/5/4 8609/5/4 8611/5/4
f 8609/4/4 8610/4/4 8612/4/4
f 8611/5/4 8609/5/4 8612/5/4
f 8611/6/4 8612/6/4 8613/6/4
f 8612/4/4 8610/4/4 8614/4/4
f 8613/6/4 8612/6/4 8614/6/4
f 8614/4/4 8610/4/4 8615/4/4
f 8613/8/4 8614/8/4 8616/8/4
f 8614/8/4 8615/8/4 8616/8/4
f 8616/8/4 8615/8/4 8617/8/4
f 8618/8/4 8619/8/4 8635/8/4
f 8635/8/4 8619/8/4 8636/8/4
f 8636/8/4 8619/8/4 8637/8/4
f 8637/8/4 8619/8/4 8638/8/4
f 8638/8/4 8619/8/4 8639/8/4
f 8633/2/4 8634/2/4 8640/2/4
f 8635/5/4 8636/5/4 8641/5/4
f 8636/4/4 8637/4/4 8642/4/4
f 8641/5/4 8636/5/4 8642/5/4
f 8637/5/4 8638/5/4 8643/5/4
f 8642/4/4 8637/4/4 8643/4/4
f 8638/4/4 8639/4/4 8644/4/4
f 8643/5/4 8638/5/4 8644/5/4
f 8644/4/4 8639/4/4 8645/4/4
f 8633/2/4 8640/2/4 8646/2/4
f 8641/1/4 8642/1/4 8647/1/4
f 8642/6/4 8643/6/4 8648/6/4
f 8647/1/4 8642/1/4 8648/1/4
f 8643/5/4 8644/5/4 8649/5/4
f 8648/6/4 8643/6/4 8649/6/4
f 8644/5/4 8645/5/4 8649/5/4
f 8649/5/4 8645/5/4 8650/5/4
f 8633/2/4 8646/2/4 8651/2/4
f 8647/1/4 8648/1/4 8652/1/4
f 8648/1/4 8649/1/4 8652/1/4
f 8649/1/4 8650/1/4 8652/1/4
f 8652/1/4 8650/1/4 8653/1/4
f 8650/5/4 8645/5/4 8654/5/4
f 8653/1/4 8650/1/4 8654/1/4
f 8654/5/4 8645/5/4 8655/5/4
f 8653/6/4 8654/6/4 8656/6/4
f 8654/1/4 8655/1/4 8656/1/4
f 8656/1/4 8655/1/4 8657/1/4
f 8633/2/4 8651/2/4 8658/2/4
f 8652/5/4 8653/5/4 8659/5/4
f 8653/6/4 8656/6/4 8660/6/4
f 8659/5/4 8653/5/4 8660/5/4
f 8656/6/4 8657/6/4 8660/6/4
f 8660/6/4 8657/6/4 8661/6/4
f 8633/2/4 8658/2/4 8662/2/4
f 8659/6/4 8660/6/4 8663/6/4
f 8660/1/4 8661/1/4 8664/1/4
f 8663/6/4 8660/6/4 8664/6/4
f 8661/6/4 8657/6/4 8665/6/4
f 8664/1/4 8661/1/4 8665/1/4
f 8665/6/4 8657/6/4 8666/6/4
f 8633/2/4 8662/2/4 8667/2/4
f 8663/1/4 8664/1/4 8668/1/4
f 8664/1/4 8665/1/4 8668/1/4
f 8665/1/4 8666/1/4 8668/1/4
f 8668/1/4 8666/1/4 8669/1/4
f 8669/1/4 8666/1/4 8670/1/4
f 8668/1/4 8669/1/4 8671/1/4
f 8669/5/4 8670/5/4 8671/5/4
f 8671/5/4 8670/5/4 8672/5/4
f 8668/1/4 8671/1/4 8673/1/4
f 8671/1/4 8672/1/4 8673/1/4
f 8673/1/4 8672/1/4 8674/1/4
f 8633/2/4 8667/2/4 8675/2/4
f 8668/1/4 8673/1/4 8676/1/4
f 8673/6/4 8674/6/4 8677/6/4
f 8676/1/4 8673/1/4 8677/1/4
f 8677/6/4 8674/6/4 8678/6/4
f 8678/6/4 8674/6/4 8679/6/4
f 8676/1/4 8677/1/4 8680/1/4
f 8677/1/4 8678/1/4 8680/1/4
f 8678/5/4 8679/5/4 8681/5/4
f 8680/1/4 8678/1/4 8681/1/4
f 8633/2/4 8675/2/4 8682/2/4
f 8676/1/4 8680/1/4 8683/1/4
f 8680/6/4 8681/6/4 8684/6/4
f 8683/1/4 8680/1/4 8684/1/4
f 8681/5/4 8679/5/4 8685/5/4
f 8684/6/4 8681/6/4 8685/6/4
f 8685/5/4 8679/5/4 8686/5/4
f 8683/1/4 8684/1/4 8687/1/4
f 8684/1/4 8685/1/4 8687/1/4
f 8685/1/4 8686/1/4 8687/1/4
f 8687/1/4 8686/1/4 8688/1/4
f 8688/1/4 8686/1/4 8689/1/4
f 8687/5/4 8688/5/4 8690/5/4
f 8688/6/4 8689/6/4 8690/6/4
f 8689/1/4 8686/1/4 8691/1/4
f 8690/6/4 8689/6/4 8691/6/4
f 8691/1/4 8686/1/4 8692/1/4
f 8692/1/4 8686/1/4 8693/1/4
f 8633/2/4 8682/2/4 8694/2/4
f 8687/5/4 8690/5/4 8695/5/4
f 8690/5/4 8691/5/4 8695/5/4
f 8695/5/4 8691/5/4 8696/5/4
f 8691/1/4 8692/1/4 8697/1/4
f 8696/5/4 8691/5/4 8697/5/4
f 8692/6/4 8693/6/4 8698/6/4
f 8697/1/4 8692/1/4 8698/1/4
f 8698/6/4 8693/6/4 8699/6/4
f 8633/2/4 8694/2/4 8700/2/4
f 8695/1/4 8696/1/4 8701/1/4
f 8696/6/4 8697/6/4 8702/6/4
f 8701/1/4 8696/1/4 8702/1/4
f 8697/6/4 8698/6/4 8702/6/4
f 8702/6/4 8698/6/4 8703/6/4
f 8698/4/4 8699/4/4 8704/4/4
f 8703/6/4 8698/6/4 8704/6/4
f 8704/4/4 8699/4/4 8705/4/4
f 8633/2/4 8700/2/4 8706/2/4
f 8702/1/4 8703/1/4 8707/1/4
f 8701/1/4 8702/1/4 8707/1/4
f 8704/6/4 8705/6/4 8708/6/4
f 8707/1/4 8703/1/4 8708/1/4
f 8703/6/4 8704/6/4 8708/6/4
f 8708/6/4 8705/6/4 8709/6/4
f 8633/2/4 8706/2/4 8710/2/4
f 8707/1/4 8708/1/4 8711/1/4
f 8708/1/4 8709/1/4 8711/1/4
f 8711/1/4 8709/1/4 8712/1/4
f 8709/6/4 8705/6/4 8713/6/4
f 8712/1/4 8709/1/4 8713/1/4
f 8711/1/4 8712/1/4 8714/1/4
f 8712/5/4 8713/5/4 8714/5/4
f 8713/6/4 8705/6/4 8715/6/4
f 8714/5/4 8713/5/4 8715/5/4
f 8715/6/4 8705/6/4 8716/6/4
f 8711/1/4 8714/1/4 8717/1/4
f 8714/1/4 8715/1/4 8717/1/4
f 8715/1/4 8716/1/4 8717/1/4
f 8717/1/4 8716/1/4 8718/1/4
f 8718/1/4 8716/1/4 8719/1/4
f 8719/1/4 8716/1/4 8720/1/4
f 8633/2/4 8710/2/4 8721/2/4
f 8717/6/4 8718/6/4 8722/6/4
f 8718/1/4 8719/1/4 8723/1/4
f 8722/6/4 8718/6/4 8723/6/4
f 8719/6/4 8720/6/4 8724/6/4
f 8723/1/4 8719/1/4 8724/1/4
f 8633/2/4 8721/2/4 8725/2/4
f 8722/5/4 8723/5/4 8726/5/4
f 8723/5/4 8724/5/4 8726/5/4
f 8726/5/4 8724/5/4 8727/5/4
f 8724/6/4 8720/6/4 8728/6/4
f 8727/5/4 8724/5/4 8728/5/4
f 8720/1/4 8716/1/4 8729/1/4
f 8728/6/4 8720/6/4 8729/6/4
f 8727/4/4 8728/4/4 8730/4/4
f 8726/6/4 8727/6/4 8730/6/4
f 8728/5/4 8729/5/4 8731/5/4
f 8730/4/4 8728/4/4 8731/4/4
f 8729/1/4 8716/1/4 8732/1/4
f 8731/5/4 8729/5/4 8732/5/4
f 8732/1/4 8716/1/4 8733/1/4
f 8633/2/4 8725/2/4 8734/2/4
f 8726/6/4 8730/6/4 8735/6/4
f 8730/5/4 8731/5/4 8736/5/4
f 8735/6/4 8730/6/4 8736/6/4
f 8731/6/4 8732/6/4 8737/6/4
f 8736/5/4 8731/5/4 8737/5/4
f 8732/5/4 8733/5/4 8738/5/4
f 8737/6/4 8732/6/4 8738/6/4
f 8738/5/4 8733/5/4 8739/5/4
f 8735/4/4 8736/4/4 8740/4/4
f 8736/4/4 8737/4/4 8740/4/4
f 8737/5/4 8738/5/4 8741/5/4
f 8740/4/4 8737/4/4 8741/4/4
f 8633/2/4 8734/2/4 8742/2/4
f 8735/4/4 8740/4/4 8743/4/4
f 8740/6/4 8741/6/4 8744/6/4
f 8743/4/4 8740/4/4 8744/4/4
f 8741/5/4 8738/5/4 8745/5/4
f 8744/6/4 8741/6/4 8745/6/4
f 8738/6/4 8739/6/4 8746/6/4
f 8745/5/4 8738/5/4 8746/5/4
f 8746/6/4 8739/6/4 8747/6/4
f 8633/2/4 8742/2/4 8748/2/4
f 8743/5/4 8744/5/4 8749/5/4
f 8744/1/4 8745/1/4 8750/1/4
f 8749/5/4 8744/5/4 8750/5/4
f 8745/1/4 8746/1/4 8750/1/4
f 8746/5/4 8747/5/4 8751/5/4
f 8750/1/4 8746/1/4 8751/1/4
f 8751/5/4 8747/5/4 8752/5/4
f 8633/2/4 8748/2/4 8753/2/4
f 8749/1/4 8750/1/4 8754/1/4
f 8750/1/4 8751/1/4 8754/1/4
f 8751/1/4 8752/1/4 8754/1/4
f 8754/1/4 8752/1/4 8755/1/4
f 8755/1/4 8752/1/4 8756/1/4
f 8756/1/4 8752/1/4 8757/1/4
f 8633/2/4 8753/2/4 8758/2/4
f 8754/5/4 8755/5/4 8759/5/4
f 8755/1/4 8756/1/4 8760/1/4
f 8759/5/4 8755/5/4 8760/5/4
f 8760/1/4 8756/1/4 8761/1/4
f 8756/6/4 8757/6/4 8762/6/4
f 8761/1/4 8756/1/4 8762/1/4
f 8762/6/4 8757/6/4 8763/6/4
f 8633/2/4 8758/2/4 8764/2/4
f 8759/5/4 8760/5/4 8765/5/4
f 8760/6/4 8761/6/4 8766/6/4
f 8765/5/4 8760/5/4 8766/5/4
f 8761/5/4 8762/5/4 8767/5/4
f 8766/6/4 8761/6/4 8767/6/4
f 8762/4/4 8763/4/4 8768/4/4
f 8767/5/4 8762/5/4 8768/5/4
f 8768/4/4 8763/4/4 8769/4/4
f 8633/2/4 8764/2/4 8770/2/4
f 8765/5/4 8766/5/4 8771/5/4
f 8766/5/4 8767/5/4 8771/5/4
f 8767/5/4 8768/5/4 8771/5/4
f 8771/5/4 8768/5/4 8772/5/4
f 8772/5/4 8768/5/4 8773/5/4
f 8768/6/4 8769/6/4 8774/6/4
f 8773/5/4 8768/5/4 8774/5/4
f 8774/6/4 8769/6/4 8775/6/4
f 8633/2/4 8770/2/4 8776/2/4
f 8771/5/4 8772/5/4 8777/5/4
f 8772/4/4 8773/4/4 8778/4/4
f 8777/5/4 8772/5/4 8778/5/4
f 8773/5/4 8774/5/4 8779/5/4
f 8778/4/4 8773/4/4 8779/4/4
f 8633/2/4 8776/2/4 8780/2/4
f 8777/5/4 8778/5/4 8781/5/4
f 8778/5/4 8779/5/4 8781/5/4
f 8779/5/4 8774/5/4 8782/5/4
f 8781/5/4 8779/5/4 8782/5/4
f 8774/1/4 8775/1/4 8782/1/4
f 8633/2/4 8780/2/4 8783/2/4
f 8781/1/4 8782/1/4 8784/1/4
f 8784/1/4 8782/1/4 8785/1/4
f 8784/5/4 8785/5/4 8786/5/4
f 8785/1/4 8782/1/4 8787/1/4
f 8786/5/4 8785/5/4 8787/5/4
f 8782/1/4 8775/1/4 8788/1/4
f 8787/1/4 8782/1/4 8788/1/4
f 8788/1/4 8775/1/4 8789/1/4
f 8633/2/4 8783/2/4 8790/2/4
f 8784/5/4 8786/5/4 8791/5/4
f 8786/6/4 8787/6/4 8792/6/4
f 8791/5/4 8786/5/4 8792/5/4
f 8787/1/4 8788/1/4 8793/1/4
f 8792/6/4 8787/6/4 8793/6/4
f 8788/5/4 8789/5/4 8794/5/4
f 8793/1/4 8788/1/4 8794/1/4
f 8794/5/4 8789/5/4 8795/5/4
f 8633/2/4 8790/2/4 8796/2/4
f 8791/1/4 8792/1/4 8797/1/4
f 8792/6/4 8793/6/4 8798/6/4
f 8797/1/4 8792/1/4 8798/1/4
f 8793/6/4 8794/6/4 8798/6/4
f 8798/6/4 8794/6/4 8799/6/4
f 8794/1/4 8795/1/4 8800/1/4
f 8799/6/4 8794/6/4 8800/6/4
f 8800/1/4 8795/1/4 8801/1/4
f 8633/2/4 8796/2/4 8802/2/4
f 8797/1/4 8798/1/4 8803/1/4
f 8798/5/4 8799/5/4 8804/5/4
f 8803/1/4 8798/1/4 8804/1/4
f 8799/6/4 8800/6/4 8805/6/4
f 8804/5/4 8799/5/4 8805/5/4
f 8800/6/4 8801/6/4 8805/6/4
f 8805/6/4 8801/6/4 8806/6/4
f 8806/6/4 8801/6/4 8807/6/4
f 8633/2/4 8802/2/4 8808/2/4
f 8803/5/4 8804/5/4 8809/5/4
f 8804/1/4 8805/1/4 8810/1/4
f 8809/5/4 8804/5/4 8810/5/4
f 8805/1/4 8806/1/4 8810/1/4
f 8806/5/4 8807/5/4 8811/5/4
f 8810/1/4 8806/1/4 8811/1/4
f 8811/5/4 8807/5/4 8812/5/4
f 8633/2/4 8808/2/4 8813/2/4
f 8809/1/4 8810/1/4 8814/1/4
f 8810/1/4 8811/1/4 8814/1/4
f 8811/1/4 8812/1/4 8814/1/4
f 8814/1/4 8812/1/4 8815/1/4
f 8815/1/4 8812/1/4 8816/1/4
f 8816/1/4 8812/1/4 8817/1/4
f 8633/2/4 8813/2/4 8818/2/4
f 8814/5/4 8815/5/4 8819/5/4
f 8815/1/4 8816/1/4 8820/1/4
f 8819/5/4 8815/5/4 8820/5/4
f 8816/6/4 8817/6/4 8821/6/4
f 8820/1/4 8816/1/4 8821/1/4
f 8633/2/4 8818/2/4 8822/2/4
f 8819/5/4 8820/5/4 8823/5/4
f 8820/5/4 8821/5/4 8823/5/4
f 8823/5/4 8821/5/4 8824/5/4
f 8821/6/4 8817/6/4 8825/6/4
f 8824/5/4 8821/5/4 8825/5/4
f 8633/2/4 8822/2/4 8826/2/4
f 8823/5/4 8824/5/4 8827/5/4
f 8824/6/4 8825/6/4 8828/6/4
f 8827/5/4 8824/5/4 8828/5/4
f 8828/6/4 8825/6/4 8829/6/4
f 8825/6/4 8817/6/4 8830/6/4
f 8829/6/4 8825/6/4 8830/6/4
f 8830/6/4 8817/6/4 8831/6/4
f 8633/2/4 8826/2/4 8832/2/4
f 8828/6/4 8829/6/4 8833/6/4
f 8827/6/4 8828/6/4 8833/6/4
f 8833/6/4 8829/6/4 8834/6/4
f 8829/1/4 8830/1/4 8835/1/4
f 8834/6/4 8829/6/4 8835/6/4
f 8633/2/4 8832/2/4 8836/2/4
f 8833/6/4 8834/6/4 8837/6/4
f 8834/1/4 8835/1/4 8838/1/4
f 8837/6/4 8834/6/4 8838/6/4
f 8835/1/4 8830/1/4 8839/1/4
f 8838/1/4 8835/1/4 8839/1/4
f 8830/5/4 8831/5/4 8839/5/4
f 8839/5/4 8831/5/4 8840/5/4
f 8633/2/4 8836/2/4 8841/2/4
f 8837/1/4 8838/1/4 8842/1/4
f 8838/1/4 8839/1/4 8842/1/4
f 8839/1/4 8840/1/4 8842/1/4
f 8842/1/4 8840/1/4 8843/1/4
f 8843/1/4 8840/1/4 8844/1/4
f 8844/1/4 8840/1/4 8845/1/4
f 8620/8/4 8621/8/4 8846/8/4
f 8621/2/4 8622/2/4 8847/2/4
f 8846/8/4 8621/8/4 8847/8/4
f 8622/3/4 8623/3/4 8848/3/4
f 8847/2/4 8622/2/4 8848/2/4
f 8623/2/4 8624/2/4 8849/2/4
f 8848/3/4 8623/3/4 8849/3/4
f 8624/3/4 8625/3/4 8850/3/4
f 8849/2/4 8624/2/4 8850/2/4
f 8625/2/4 8626/2/4 8851/2/4
f 8850/3/4 8625/3/4 8851/3/4
f 8626/3/4 8627/3/4 8852/3/4
f 8851/2/4 8626/2/4 8852/2/4
f 8627/2/4 8628/2/4 8853/2/4
f 8852/3/4 8627/3/4 8853/3/4
f 8628/3/4 8629/3/4 8854/3/4
f 8853/2/4 8628/2/4 8854/2/4
f 8629/2/4 8630/2/4 8855/2/4
f 8854/3/4 8629/3/4 8855/3/4
f 8630/3/4 8631/3/4 8856/3/4
f 8855/2/4 8630/2/4 8856/2/4
f 8631/2/4 8632/2/4 8857/2/4
f 8856/3/4 8631/3/4 8857/3/4
f 8632/3/4 8633/3/4 8858/3/4
f 8857/2/4 8632/2/4 8858/2/4
f 8633/2/4 8841/2/4 8859/2/4
f 8858/3/4 8633/3/4 8859/3/4
f 8859/2/4 8841/2/4 8860/2/4
f 8842/5/4 8843/5/4 8861/5/4
f 8861/5/4 8843/5/4 8862/5/4
f 8843/1/4 8844/1/4 8863/1/4
f 8862/5/4 8843/5/4 8863/5/4
f 8861/6/4 8862/6/4 8864/6/4
f 8862/1/4 8863/1/4 8865/1/4
f 8864/6/4 8862/6/4 8865/6/4
f 8863/1/4 8844/1/4 8866/1/4
f 8865/1/4 8863/1/4 8866/1/4
f 8844/6/4 8845/6/4 8867/6/4
f 8866/1/4 8844/1/4 8867/1/4
f 8867/6/4 8845/6/4 8868/6/4
f 8864/5/4 8865/5/4 8869/5/4
f 8865/5/4 8866/5/4 8869/5/4
f 8869/5/4 8866/5/4 8870/5/4
f 8867/5/4 8868/5/4 8871/5/4
f 8866/6/4 8867/6/4 8871/6/4
f 8871/5/4 8868/5/4 8872/5/4
f 8869/6/4 8870/6/4 8873/6/4
f 8870/5/4 8866/5/4 8874/5/4
f 8873/6/4 8870/6/4 8874/6/4
f 8866/6/4 8871/6/4 8875/6/4
f 8874/5/4 8866/5/4 8875/5/4
f 8873/5/4 8874/5/4 8876/5/4
f 8874/4/4 8875/4/4 8877/4/4
f 8876/5/4 8874/5/4 8877/5/4
f 8875/6/4 8871/6/4 8878/6/4
f 8877/4/4 8875/4/4 8878/4/4
f 8871/4/4 8872/4/4 8879/4/4
f 8878/6/4 8871/6/4 8879/6/4
f 8879/4/4 8872/4/4 8880/4/4
f 8876/8/4 8877/8/4 8881/8/4
f 8877/8/4 8878/8/4 8881/8/4
f 8879/8/4 8880/8/4 8881/8/4
f 8878/8/4 8879/8/4 8881/8/4
f 8881/8/4 8880/8/4 8882/8/4
f 8883/8/4 8884/8/4 8886/8/4
f 8885/8/4 8886/8/4 8887/8/4
f 8887/8/4 8886/8/4 8888/8/4
f 8888/8/4 8886/8/4 8889/8/4
f 8889/8/4 8886/8/4 8890/8/4
f 8890/8/4 8886/8/4 8891/8/4
f 8891/8/4 8886/8/4 8892/8/4
f 8892/8/4 8886/8/4 8893/8/4
f 8886/8/4 8884/8/4 8894/8/4
f 8893/8/4 8886/8/4 8894/8/4
f 8894/8/4 8884/8/4 8895/8/4
f 8894/6/4 8895/6/4 8896/6/4
f 8896/6/4 8895/6/4 8897/6/4
f 8896/4/4 8897/4/4 8898/4/4
f 8898/4/4 8897/4/4 8899/4/4
f 8898/5/4 8899/5/4 8900/5/4
f 8900/5/4 8899/5/4 8901/5/4
f 8891/9/4 8892/9/4 8903/9/4
f 8892/8/4 8893/8/4 8904/8/4
f 8903/9/4 8892/9/4 8904/9/4
f 8900/1/4 8901/1/4 8905/1/4
f 8905/1/4 8901/1/4 8906/1/4
f 8888/8/4 8889/8/4 8907/8/4
f 8889/9/4 8890/9/4 8907/9/4
f 8907/9/4 8890/9/4 8908/9/4
f 8905/5/4 8906/5/4 8910/5/4
f 8910/5/4 8906/5/4 8911/5/4
f 8910/1/4 8911/1/4 8912/1/4
f 8912/1/4 8911/1/4 8913/1/4
f 8912/6/4 8913/6/4 8914/6/4
f 8914/6/4 8913/6/4 8915/6/4
f 8902/9/4 8903/9/4 8917/9/4
f 8917/9/4 8903/9/4 8918/9/4
f 8914/1/4 8915/1/4 8919/1/4
f 8919/1/4 8915/1/4 8920/1/4
f 8908/9/4 8909/9/4 8921/9/4
f 8921/9/4 8909/9/4 8922/9/4
f 8919/5/4 8920/5/4 8924/5/4
f 8924/5/4 8920/5/4 8925/5/4
f 8924/1/4 8925/1/4 8926/1/4
f 8926/1/4 8925/1/4 8927/1/4
f 8926/6/4 8927/6/4 8928/6/4
f 8928/6/4 8927/6/4 8929/6/4
f 8928/5/4 8929/5/4 8930/5/4
f 8930/5/4 8929/5/4 8931/5/4
f 8922/9/4 8923/9/4 8932/9/4
f 8916/9/4 8917/9/4 8933/9/4
f 8933/9/4 8917/9/4 8934/9/4
f 8922/9/4 8932/9/4 8935/9/4
f 8932/9/4 8933/9/4 8935/9/4
f 8935/9/4 8933/9/4 8936/9/4
f 8930/1/4 8931/1/4 8937/1/4
f 8937/1/4 8931/1/4 8938/1/4
f 8937/5/4 8938/5/4 8939/5/4
f 8939/5/4 8938/5/4 8940/5/4
f 8939/4/4 8940/4/4 8941/4/4
f 8941/4/4 8940/4/4 8942/4/4
f 8936/9/4 8933/9/4 8944/9/4
f 8941/5/4 8942/5/4 8945/5/4
f 8945/5/4 8942/5/4 8946/5/4
f 8945/6/4 8946/6/4 8947/6/4
f 8947/6/4 8946/6/4 8948/6/4
f 8947/1/4 8948/1/4 8949/1/4
f 8949/1/4 8948/1/4 8950/1/4
f 8949/6/4 8950/6/4 8951/6/4
f 8951/6/4 8950/6/4 8952/6/4
f 8943/9/4 8944/9/4 8953/9/4
f 8944/9/4 8933/9/4 8953/9/4
f 8953/9/4 8933/9/4 8954/9/4
f 8951/4/4 8952/4/4 8956/4/4
f 8956/4/4 8952/4/4 8957/4/4
f 8956/6/4 8957/6/4 8958/6/4
f 8958/6/4 8957/6/4 8959/6/4
f 8958/4/4 8959/4/4 8960/4/4
f 8960/4/4 8959/4/4 8961/4/4
f 8960/5/4 8961/5/4 8962/5/4
f 8962/5/4 8961/5/4 8963/5/4
f 8943/9/4 8953/9/4 8965/9/4
f 8965/9/4 8953/9/4 8966/9/4
f 8962/1/4 8963/1/4 8967/1/4
f 8967/1/4 8963/1/4 8968/1/4
f 8967/5/4 8968/5/4 8969/5/4
f 8969/5/4 8968/5/4 8970/5/4
f 8954/9/4 8955/9/4 8971/9/4
f 8971/9/4 8955/9/4 8972/9/4
f 8969/6/4 8970/6/4 8974/6/4
f 8974/6/4 8970/6/4 8975/6/4
f 8974/5/4 8975/5/4 8976/5/4
f 8976/5/4 8975/5/4 8977/5/4
f 8976/6/4 8977/6/4 8978/6/4
f 8978/6/4 8977/6/4 8979/6/4
f 8978/1/4 8979/1/4 8980/1/4
f 8980/1/4 8979/1/4 8981/1/4
f 8888/8/4 8907/8/4 8982/8/4
f 8964/9/4 8965/9/4 8983/9/4
f 8983/9/4 8965/9/4 8984/9/4
f 8980/6/4 8981/6/4 8985/6/4
f 8985/6/4 8981/6/4 8986/6/4
f 8985/4/4 8986/4/4 8987/4/4
f 8987/4/4 8986/4/4 8988/4/4
f 8972/9/4 8973/9/4 8989/9/4
f 8989/9/4 8973/9/4 8990/9/4
f 8904/8/4 8893/8/4 8991/8/4
f 8987/6/4 8988/6/4 8992/6/4
f 8992/6/4 8988/6/4 8993/6/4
f 8992/5/4 8993/5/4 8994/5/4
f 8994/5/4 8993/5/4 8995/5/4
f 8994/6/4 8995/6/4 8996/6/4
f 8996/6/4 8995/6/4 8997/6/4
f 8888/8/4 8982/8/4 8998/8/4
f 8982/9/4 8983/9/4 8998/9/4
f 8998/9/4 8983/9/4 8999/9/4
f 8996/1/4 8997/1/4 9000/1/4
f 9000/1/4 8997/1/4 9001/1/4
f 8888/8/4 8998/8/4 9003/8/4
f 9003/8/4 8998/8/4 9004/8/4
f 8990/9/4 8991/9/4 9005/9/4
f 8991/8/4 8893/8/4 9006/8/4
f 9005/9/4 8991/9/4 9006/9/4
f 9006/8/4 8893/8/4 9007/8/4
f 9000/5/4 9001/5/4 9008/5/4
f 9008/5/4 9001/5/4 9009/5/4
f 9003/8/4 9004/8/4 9010/8/4
f 9004/8/4 9005/8/4 9010/8/4
f 9008/4/4 9009/4/4 9010/4/4
f 9007/8/4 9008/8/4 9010/8/4
f 9006/8/4 9007/8/4 9010/8/4
f 9005/8/4 9006/8/4 9010/8/4
f 9002/8/4 9003/8/4 9010/8/4
f 9010/4/4 9009/4/4 9011/4/4
f 9002/8/4 9010/8/4 9012/8/4
f 9010/6/4 9011/6/4 9013/6/4
f 9012/8/4 9010/8/4 9013/8/4
f 9013/6/4 9011/6/4 9014/6/4
f 9013/5/4 9014/5/4 9015/5/4
f 9015/5/4 9014/5/4 9016/5/4
f 9015/8/4 9016/8/4 9017/8/4
f 9017/8/4 9016/8/4 9018/8/4
f 9023/8/5 9020/8/5 9019/8/5
f 9024/8/5 9020/8/5 9023/8/5
f 9025/8/5 9022/8/5 9021/8/5
f 9026/8/5 9022/8/5 9025/8/5
f 9027/8/5 9023/8/5 9019/8/5
f 9028/8/5 9023/8/5 9027/8/5
f 9029/8/5 9022/8/5 9026/8/5
f 9030/8/5 9022/8/5 9029/8/5
f 9035/8/5 9034/8/5 9033/8/5
f 9036/8/5 9034/8/5 9035/8/5
f 9037/8/5 9032/8/5 9031/8/5
f 9038/8/5 9032/8/5 9037/8/5
f 9039/8/5 9035/8/5 9033/8/5
f 9040/8/5 9035/8/5 9039/8/5
f 9043/8/5 9042/8/5 9041/8/5
f 9044/8/5 9042/8/5 9043/8/5
f 9049/8/5 9046/8/5 9045/8/5
f 9052/8/5 9048/8/5 9047/8/5
f 9053/8/5 9050/8/5 9049/8/5
f 9053/8/5 9049/8/5 9045/8/5
f 9054/8/5 9050/8/5 9053/8/5
f 9055/8/5 9052/8/5 9051/8/5
f 9056/8/5 9048/8/5 9052/8/5
f 9056/8/5 9052/8/5 9055/8/5
f 9059/8/5 9058/8/5 9057/8/5
f 9060/8/5 9058/8/5 9059/8/5
f 9063/8/5 9062/8/5 9061/8/5
f 9064/8/5 9062/8/5 9063/8/5
f 9067/8/5 9066/8/5 9065/8/5
f 9068/8/5 9066/8/5 9067/8/5
f 9071/8/5 9070/8/5 9069/8/5
f 9072/8/5 9070/8/5 9071/8/5
f 9075/8/5 9074/8/5 9073/8/5
f 9076/8/5 9074/8/5 9075/8/5
f 9079/8/5 9078/8/5 9077/8/5
f 9080/8/5 9078/8/5 9079/8/5
f 9083/9/5 9082/9/5 9081/9/5
f 9084/9/5 9082/9/5 9083/9/5
f 9087/9/5 9086/9/5 9085/9/5
f 9088/9/5 9086/9/5 9087/9/5
f 9091/8/5 9090/8/5 9089/8/5
f 9092/8/5 9090/8/5 9091/8/5
f 9097/9/5 9094/9/5 9093/9/5
f 9098/9/5 9094/9/5 9097/9/5
f 9099/9/5 9096/9/5 9095/9/5
f 9100/9/5 9096/9/5 9099/9/5
f 9103/9/5 9102/9/5 9101/9/5
f 9104/9/5 9102/9/5 9103/9/5
f 9107/9/5 9106/9/5 9105/9/5
f 9108/9/5 9106/9/5 9107/9/5
f 9111/8/5 9110/8/5 9109/8/5
f 9112/8/5 9110/8/5 9111/8/5
f 9117/9/5 9114/9/5 9113/9/5
f 9118/9/5 9114/9/5 9117/9/5
f 9119/9/5 9116/9/5 9115/9/5
f 9120/9/5 9116/9/5 9119/9/5
f 9123/9/5 9122/9/5 9121/9/5
f 9124/9/5 9122/9/5 9123/9/5
f 9127/8/5 9126/8/5 9125/8/5
f 9128/8/5 9126/8/5 9127/8/5
f 9131/9/5 9130/9/5 9129/9/5
f 9132/9/5 9130/9/5 9131/9/5
f 9135/9/5 9134/9/5 9133/9/5
f 9136/9/5 9134/9/5 9135/9/5
f 9139/9/5 9138/9/5 9137/9/5
f 9140/9/5 9138/9/5 9139/9/5
f 9143/8/5 9142/8/5 9141/8/5
f 9144/8/5 9142/8/5 9143/8/5
f 9149/9/5 9146/9/5 9145/9/5
f 9150/9/5 9146/9/5 9149/9/5
f 9151/9/5 9148/9/5 9147/9/5
f 9152/9/5 9148/9/5 9151/9/5
f 9155/9/5 9154/9/5 9153/9/5
f 9156/9/5 9154/9/5 9155/9/5
f 9159/9/5 9158/9/5 9157/9/5
f 9160/9/5 9158/9/5 9159/9/5
f 9163/8/5 9162/8/5 9161/8/5
f 9164/8/5 9162/8/5 9163/8/5
f 9169/9/5 9166/9/5 9165/9/5
f 9170/9/5 9166/9/5 9169/9/5
f 9171/9/5 9168/9/5 9167/9/5
f 9172/9/5 9168/9/5 9171/9/5
f 9175/9/5 9174/9/5 9173/9/5
f 9176/9/5 9174/9/5 9175/9/5
f 9179/9/5 9178/9/5 9177/9/5
f 9180/9/5 9178/9/5 9179/9/5
f 9183/8/5 9182/8/5 9181/8/5
f 9184/8/5 9182/8/5 9183/8/5
f 9189/9/5 9186/9/5 9185/9/5
f 9190/9/5 9186/9/5 9189/9/5
f 9191/9/5 9188/9/5 9187/9/5
f 9192/9/5 9188/9/5 9191/9/5
f 9195/8/5 9194/8/5 9193/8/5
f 9196/8/5 9194/8/5 9195/8/5
f 9199/8/5 9198/8/5 9197/8/5
f 9200/8/5 9198/8/5 9199/8/5
f 9203/8/5 9202/8/5 9201/8/5
f 9204/8/5 9202/8/5 9203/8/5
f 9207/8/5 9206/8/5 9205/8/5
f 9208/8/5 9206/8/5 9207/8/5
f 9211/8/5 9210/8/5 9209/8/5
f 9212/8/5 9210/8/5 9211/8/5
f 9215/8/5 9214/8/5 9213/8/5
f 9216/8/5 9214/8/5 9215/8/5
f 9221/8/5 9218/8/5 9217/8/5
f 9221/8/5 9220/8/5 9219/8/5
f 9221/8/5 9219/8/5 9218/8/5
f 9222/8/5 9220/8/5 9221/8/5
f 9223/8/5 9222/8/5 9221/8/5
f 9227/8/5 9222/8/5 9223/8/5
f 9228/8/5 9226/8/5 9225/8/5
f 9228/8/5 9227/8/5 9226/8/5
f 9228/8/5 9225/8/5 9224/8/5
f 9231/8/5 9230/8/5 9229/8/5
f 9232/8/5 9230/8/5 9231/8/5
f 9233/8/5 9227/8/5 9228/8/5
f 9234/8/5 9222/8/5 9227/8/5
f 9234/8/5 9227/8/5 9233/8/5
f 9236/8/5 9234/8/5 9233/8/5
f 9236/8/5 9235/8/5 9234/8/5
f 9237/8/5 9235/8/5 9236/8/5
f 9238/8/5 9236/8/5 9233/8/5
f 9239/8/5 9236/8/5 9238/8/5
f 9240/8/5 9236/8/5 9239/8/5
f 9241/8/5 9236/8/5 9240/8/5
f 9244/8/5 9243/8/5 9242/8/5
f 9245/8/5 9243/8/5 9244/8/5
f 9247/8/5 9243/8/5 9245/8/5
f 9248/8/5 9247/8/5 9246/8/5
f 9249/8/5 9243/8/5 9247/8/5
f 9249/8/5 9247/8/5 9248/8/5
f 9252/8/5 9251/8/5 9250/8/5
f 9253/8/5 9252/8/5 9250/8/5
f 9254/8/5 9253/8/5 9250/8/5
f 9255/8/5 9254/8/5 9250/8/5
f 9256/8/5 9255/8/5 9250/8/5
f 9257/8/5 9255/8/5 9256/8/5
f 9260/8/5 9259/8/5 9258/8/5
f 9261/8/5 9259/8/5 9260/8/5
f 9264/8/5 9263/8/5 9262/8/5
f 9265/8/5 9263/8/5 9264/8/5
f 9268/11/5 9267/11/5 9266/11/5
f 9269/11/5 9267/11/5 9268/11/5
f 9272/8/5 9271/8/5 9270/8/5
f 9273/8/5 9271/8/5 9272/8/5
f 9276/8/5 9275/8/5 9274/8/5
f 9277/8/5 9275/8/5 9276/8/5
f 9280/8/5 9279/8/5 9278/8/5
f 9281/8/5 9279/8/5 9280/8/5
f 9284/8/5 9283/8/5 9282/8/5
f 9285/8/5 9284/8/5 9282/8/5
f 9286/8/5 9285/8/5 9282/8/5
f 9287/8/5 9285/8/5 9286/8/5
f 9292/8/5 9289/8/5 9288/8/5
f 9293/8/5 9289/8/5 9292/8/5
f 9294/2/5 9291/2/5 9290/2/5
f 9295/2/5 9291/2/5 9294/2/5
f 9296/4/5 9293/4/5 9292/4/5
f 9297/4/5 9293/4/5 9296/4/5
f 9298/6/5 9297/6/5 9296/6/5
f 9299/6/5 9297/6/5 9298/6/5
f 9303/4/5 9300/4/5 9299/4/5
f 9303/4/5 9299/4/5 9298/4/5
f 9304/4/5 9300/4/5 9303/4/5
f 9305/5/5 9304/5/5 9303/5/5
f 9306/4/5 9300/4/5 9304/4/5
f 9306/5/5 9304/5/5 9305/5/5
f 9307/4/5 9300/4/5 9306/4/5
f 9308/5/5 9302/5/5 9301/5/5
f 9309/5/5 9302/5/5 9308/5/5
f 9310/7/5 9307/7/5 9306/7/5
f 9310/7/5 9306/7/5 9305/7/5
f 9311/7/5 9307/7/5 9310/7/5
f 9312/7/5 9307/7/5 9311/7/5
f 9313/7/5 9309/7/5 9308/7/5
f 9314/7/5 9309/7/5 9313/7/5
f 9315/4/5 9312/4/5 9311/4/5
f 9315/6/5 9311/6/5 9310/6/5
f 9316/4/5 9312/4/5 9315/4/5
f 9317/6/5 9315/6/5 9310/6/5
f 9317/6/5 9316/6/5 9315/6/5
f 9318/6/5 9316/6/5 9317/6/5
f 9319/4/5 9314/4/5 9313/4/5
f 9320/4/5 9314/4/5 9319/4/5
f 9321/6/5 9317/6/5 9310/6/5
f 9322/4/5 9318/4/5 9317/4/5
f 9322/6/5 9317/6/5 9321/6/5
f 9323/4/5 9318/4/5 9322/4/5
f 9324/6/5 9320/6/5 9319/6/5
f 9325/6/5 9320/6/5 9324/6/5
f 9326/4/5 9322/4/5 9321/4/5
f 9327/6/5 9323/6/5 9322/6/5
f 9327/4/5 9322/4/5 9326/4/5
f 9328/6/5 9323/6/5 9327/6/5
f 9329/5/5 9325/5/5 9324/5/5
f 9330/5/5 9325/5/5 9329/5/5
f 9331/6/5 9327/6/5 9326/6/5
f 9332/5/5 9328/5/5 9327/5/5
f 9332/6/5 9327/6/5 9331/6/5
f 9333/5/5 9328/5/5 9332/5/5
f 9334/7/5 9330/7/5 9329/7/5
f 9335/7/5 9330/7/5 9334/7/5
f 9336/7/5 9333/7/5 9332/7/5
f 9336/7/5 9332/7/5 9331/7/5
f 9337/7/5 9333/7/5 9336/7/5
f 9338/7/5 9333/7/5 9337/7/5
f 9339/5/5 9335/5/5 9334/5/5
f 9340/5/5 9335/5/5 9339/5/5
f 9341/6/5 9338/6/5 9337/6/5
f 9341/4/5 9337/4/5 9336/4/5
f 9342/6/5 9338/6/5 9341/6/5
f 9343/6/5 9340/6/5 9339/6/5
f 9344/6/5 9340/6/5 9343/6/5
f 9345/4/5 9342/4/5 9341/4/5
f 9345/4/5 9341/4/5 9336/4/5
f 9346/4/5 9342/4/5 9345/4/5
f 9347/5/5 9344/5/5 9343/5/5
f 9348/5/5 9344/5/5 9347/5/5
f 9349/5/5 9346/5/5 9345/5/5
f 9349/4/5 9345/4/5 9336/4/5
f 9350/5/5 9346/5/5 9349/5/5
f 9351/4/5 9348/4/5 9347/4/5
f 9352/4/5 9348/4/5 9351/4/5
f 9353/4/5 9350/4/5 9349/4/5
f 9353/4/5 9349/4/5 9336/4/5
f 9354/4/5 9350/4/5 9353/4/5
f 9355/7/5 9352/7/5 9351/7/5
f 9356/7/5 9352/7/5 9355/7/5
f 9357/4/5 9353/4/5 9336/4/5
f 9358/5/5 9354/5/5 9353/5/5
f 9358/4/5 9353/4/5 9357/4/5
f 9359/5/5 9354/5/5 9358/5/5
f 9360/5/5 9356/5/5 9355/5/5
f 9361/5/5 9356/5/5 9360/5/5
f 9362/7/5 9359/7/5 9358/7/5
f 9362/7/5 9358/7/5 9357/7/5
f 9363/7/5 9359/7/5 9362/7/5
f 9364/4/5 9361/4/5 9360/4/5
f 9365/4/5 9361/4/5 9364/4/5
f 9366/6/5 9363/6/5 9362/6/5
f 9367/6/5 9363/6/5 9366/6/5
f 9368/5/5 9365/5/5 9364/5/5
f 9369/5/5 9365/5/5 9368/5/5
f 9370/6/5 9366/6/5 9362/6/5
f 9371/5/5 9367/5/5 9366/5/5
f 9371/6/5 9366/6/5 9370/6/5
f 9372/5/5 9367/5/5 9371/5/5
f 9373/4/5 9369/4/5 9368/4/5
f 9374/4/5 9369/4/5 9373/4/5
f 9375/4/5 9372/4/5 9371/4/5
f 9375/4/5 9371/4/5 9370/4/5
f 9376/4/5 9372/4/5 9375/4/5
f 9377/7/5 9374/7/5 9373/7/5
f 9378/7/5 9374/7/5 9377/7/5
f 9379/5/5 9376/5/5 9375/5/5
f 9380/4/5 9372/4/5 9376/4/5
f 9380/5/5 9376/5/5 9379/5/5
f 9381/4/5 9372/4/5 9380/4/5
f 9382/7/5 9380/7/5 9379/7/5
f 9382/7/5 9381/7/5 9380/7/5
f 9383/7/5 9381/7/5 9382/7/5
f 9384/7/5 9381/7/5 9383/7/5
f 9385/4/5 9378/4/5 9377/4/5
f 9386/4/5 9378/4/5 9385/4/5
f 9387/4/5 9383/4/5 9382/4/5
f 9388/5/5 9384/5/5 9383/5/5
f 9388/4/5 9383/4/5 9387/4/5
f 9389/5/5 9384/5/5 9388/5/5
f 9390/5/5 9388/5/5 9387/5/5
f 9391/6/5 9389/6/5 9388/6/5
f 9391/5/5 9388/5/5 9390/5/5
f 9392/6/5 9386/6/5 9385/6/5
f 9393/6/5 9386/6/5 9392/6/5
f 9394/6/5 9391/6/5 9390/6/5
f 9395/6/5 9389/6/5 9391/6/5
f 9395/6/5 9391/6/5 9394/6/5
f 9396/7/5 9393/7/5 9392/7/5
f 9397/7/5 9393/7/5 9396/7/5
f 9398/5/5 9395/5/5 9394/5/5
f 9399/5/5 9395/5/5 9398/5/5
f 9400/4/5 9397/4/5 9396/4/5
f 9401/4/5 9397/4/5 9400/4/5
f 9402/4/5 9399/4/5 9398/4/5
f 9403/4/5 9399/4/5 9402/4/5
f 9404/7/5 9403/7/5 9402/7/5
f 9405/7/5 9403/7/5 9404/7/5
f 9406/7/5 9403/7/5 9405/7/5
f 9407/6/5 9401/6/5 9400/6/5
f 9408/6/5 9401/6/5 9407/6/5
f 9409/6/5 9405/6/5 9404/6/5
f 9410/4/5 9406/4/5 9405/4/5
f 9410/6/5 9405/6/5 9409/6/5
f 9411/4/5 9406/4/5 9410/4/5
f 9412/5/5 9408/5/5 9407/5/5
f 9413/5/5 9408/5/5 9412/5/5
f 9414/4/5 9410/4/5 9409/4/5
f 9415/5/5 9411/5/5 9410/5/5
f 9415/4/5 9410/4/5 9414/4/5
f 9416/5/5 9411/5/5 9415/5/5
f 9417/4/5 9413/4/5 9412/4/5
f 9418/4/5 9413/4/5 9417/4/5
f 9419/6/5 9415/6/5 9414/6/5
f 9420/4/5 9416/4/5 9415/4/5
f 9420/6/5 9415/6/5 9419/6/5
f 9421/7/5 9418/7/5 9417/7/5
f 9422/7/5 9418/7/5 9421/7/5
f 9423/5/5 9420/5/5 9419/5/5
f 9424/4/5 9416/4/5 9420/4/5
f 9424/5/5 9420/5/5 9423/5/5
f 9425/4/5 9416/4/5 9424/4/5
f 9426/6/5 9422/6/5 9421/6/5
f 9427/6/5 9422/6/5 9426/6/5
f 9428/7/5 9425/7/5 9424/7/5
f 9428/7/5 9424/7/5 9423/7/5
f 9429/7/5 9425/7/5 9428/7/5
f 9430/7/5 9425/7/5 9429/7/5
f 9431/4/5 9427/4/5 9426/4/5
f 9432/4/5 9427/4/5 9431/4/5
f 9433/6/5 9430/6/5 9429/6/5
f 9433/5/5 9429/5/5 9428/5/5
f 9434/6/5 9430/6/5 9433/6/5
f 9435/6/5 9432/6/5 9431/6/5
f 9436/6/5 9432/6/5 9435/6/5
f 9455/5/5 9433/5/5 9428/5/5
f 9456/4/5 9434/4/5 9433/4/5
f 9456/5/5 9433/5/5 9455/5/5
f 9457/4/5 9434/4/5 9456/4/5
f 9458/5/5 9436/5/5 9435/5/5
f 9459/5/5 9436/5/5 9458/5/5
f 9462/8/5 9438/8/5 9437/8/5
f 9463/1/5 9439/1/5 9438/1/5
f 9463/8/5 9438/8/5 9462/8/5
f 9464/1/5 9439/1/5 9463/1/5
f 9465/1/5 9439/1/5 9464/1/5
f 9466/1/5 9439/1/5 9465/1/5
f 9467/5/5 9440/5/5 9439/5/5
f 9468/1/5 9441/1/5 9440/1/5
f 9468/5/5 9440/5/5 9467/5/5
f 9469/5/5 9442/5/5 9441/5/5
f 9470/4/5 9443/4/5 9442/4/5
f 9470/5/5 9442/5/5 9469/5/5
f 9471/6/5 9446/6/5 9445/6/5
f 9471/1/5 9445/1/5 9444/1/5
f 9472/5/5 9447/5/5 9446/5/5
f 9472/6/5 9446/6/5 9471/6/5
f 9473/4/5 9448/4/5 9447/4/5
f 9473/5/5 9447/5/5 9472/5/5
f 9474/5/5 9449/5/5 9448/5/5
f 9474/4/5 9448/4/5 9473/4/5
f 9475/1/5 9450/1/5 9449/1/5
f 9475/5/5 9449/5/5 9474/5/5
f 9476/6/5 9451/6/5 9450/6/5
f 9476/1/5 9450/1/5 9475/1/5
f 9477/4/5 9452/4/5 9451/4/5
f 9477/6/5 9451/6/5 9476/6/5
f 9478/6/5 9453/6/5 9452/6/5
f 9478/4/5 9452/4/5 9477/4/5
f 9479/7/5 9459/7/5 9458/7/5
f 9480/5/5 9460/5/5 9459/5/5
f 9480/7/5 9459/7/5 9479/7/5
f 9481/8/5 9461/8/5 9460/8/5
f 9481/5/5 9460/5/5 9480/5/5
f 9482/1/5 9464/1/5 9463/1/5
f 9483/6/5 9465/6/5 9464/6/5
f 9483/1/5 9464/1/5 9482/1/5
f 9484/5/5 9466/5/5 9465/5/5
f 9484/6/5 9465/6/5 9483/6/5
f 9485/1/5 9439/1/5 9466/1/5
f 9485/5/5 9466/5/5 9484/5/5
f 9486/5/5 9467/5/5 9439/5/5
f 9486/1/5 9439/1/5 9485/1/5
f 9487/6/5 9468/6/5 9467/6/5
f 9487/5/5 9467/5/5 9486/5/5
f 9488/1/5 9441/1/5 9468/1/5
f 9488/6/5 9468/6/5 9487/6/5
f 9489/5/5 9469/5/5 9441/5/5
f 9489/1/5 9441/1/5 9488/1/5
f 9490/4/5 9470/4/5 9469/4/5
f 9490/5/5 9469/5/5 9489/5/5
f 9491/4/5 9443/4/5 9470/4/5
f 9491/4/5 9470/4/5 9490/4/5
f 9491/5/5 9444/5/5 9443/5/5
f 9492/1/5 9473/1/5 9472/1/5
f 9492/5/5 9444/5/5 9491/5/5
f 9492/1/5 9472/1/5 9471/1/5
f 9492/1/5 9471/1/5 9444/1/5
f 9493/5/5 9474/5/5 9473/5/5
f 9493/1/5 9473/1/5 9492/1/5
f 9494/1/5 9476/1/5 9475/1/5
f 9494/5/5 9474/5/5 9493/5/5
f 9494/1/5 9475/1/5 9474/1/5
f 9495/5/5 9477/5/5 9476/5/5
f 9495/1/5 9476/1/5 9494/1/5
f 9495/5/5 9478/5/5 9477/5/5
f 9496/6/5 9453/6/5 9478/6/5
f 9496/5/5 9478/5/5 9495/5/5
f 9497/4/5 9454/4/5 9453/4/5
f 9497/6/5 9453/6/5 9496/6/5
f 9498/6/5 9455/6/5 9454/6/5
f 9498/4/5 9454/4/5 9497/4/5
f 9499/6/5 9455/6/5 9498/6/5
f 9500/10/5 9480/10/5 9479/10/5
f 9500/10/5 9481/10/5 9480/10/5
f 9501/8/5 9461/8/5 9481/8/5
f 9501/10/5 9481/10/5 9500/10/5
f 9502/8/5 9461/8/5 9501/8/5
f 9503/8/5 9462/8/5 9437/8/5
f 9504/8/5 9462/8/5 9503/8/5
f 9547/10/5 9508/10/5 9507/10/5
f 9548/8/5 9509/8/5 9508/8/5
f 9548/10/5 9508/10/5 9547/10/5
f 9549/8/5 9506/8/5 9505/8/5
f 9550/8/5 9506/8/5 9549/8/5
f 9551/6/5 9511/6/5 9510/6/5
f 9552/4/5 9512/4/5 9511/4/5
f 9552/6/5 9511/6/5 9551/6/5
f 9553/5/5 9513/5/5 9512/5/5
f 9553/4/5 9512/4/5 9552/4/5
f 9554/1/5 9514/1/5 9513/1/5
f 9554/5/5 9513/5/5 9553/5/5
f 9555/5/5 9515/5/5 9514/5/5
f 9555/1/5 9514/1/5 9554/1/5
f 9556/1/5 9516/1/5 9515/1/5
f 9556/5/5 9515/5/5 9555/5/5
f 9557/6/5 9517/6/5 9516/6/5
f 9557/1/5 9516/1/5 9556/1/5
f 9558/1/5 9518/1/5 9517/1/5
f 9558/6/5 9517/6/5 9557/6/5
f 9559/5/5 9519/5/5 9518/5/5
f 9559/1/5 9518/1/5 9558/1/5
f 9560/1/5 9520/1/5 9519/1/5
f 9560/5/5 9519/5/5 9559/5/5
f 9561/6/5 9521/6/5 9520/6/5
f 9561/1/5 9520/1/5 9560/1/5
f 9562/5/5 9522/5/5 9521/5/5
f 9562/6/5 9521/6/5 9561/6/5
f 9563/1/5 9523/1/5 9522/1/5
f 9563/5/5 9522/5/5 9562/5/5
f 9564/5/5 9524/5/5 9523/5/5
f 9564/1/5 9523/1/5 9563/1/5
f 9565/4/5 9525/4/5 9524/4/5
f 9565/5/5 9524/5/5 9564/5/5
f 9566/5/5 9526/5/5 9525/5/5
f 9566/4/5 9525/4/5 9565/4/5
f 9567/6/5 9527/6/5 9526/6/5
f 9567/5/5 9526/5/5 9566/5/5
f 9568/1/5 9528/1/5 9527/1/5
f 9568/6/5 9527/6/5 9567/6/5
f 9569/6/5 9529/6/5 9528/6/5
f 9569/1/5 9528/1/5 9568/1/5
f 9570/4/5 9530/4/5 9529/4/5
f 9570/6/5 9529/6/5 9569/6/5
f 9571/6/5 9531/6/5 9530/6/5
f 9571/4/5 9530/4/5 9570/4/5
f 9572/4/5 9532/4/5 9531/4/5
f 9572/6/5 9531/6/5 9571/6/5
f 9573/5/5 9533/5/5 9532/5/5
f 9573/4/5 9532/4/5 9572/4/5
f 9574/1/5 9534/1/5 9533/1/5
f 9574/5/5 9533/5/5 9573/5/5
f 9575/5/5 9535/5/5 9534/5/5
f 9575/1/5 9534/1/5 9574/1/5
f 9576/6/5 9536/6/5 9535/6/5
f 9576/5/5 9535/5/5 9575/5/5
f 9577/5/5 9537/5/5 9536/5/5
f 9577/6/5 9536/6/5 9576/6/5
f 9578/6/5 9538/6/5 9537/6/5
f 9578/5/5 9537/5/5 9577/5/5
f 9579/1/5 9539/1/5 9538/1/5
f 9579/6/5 9538/6/5 9578/6/5
f 9580/6/5 9540/6/5 9539/6/5
f 9580/1/5 9539/1/5 9579/1/5
f 9581/4/5 9541/4/5 9540/4/5
f 9581/6/5 9540/6/5 9580/6/5
f 9582/6/5 9542/6/5 9541/6/5
f 9582/4/5 9541/4/5 9581/4/5
f 9583/5/5 9543/5/5 9542/5/5
f 9583/6/5 9542/6/5 9582/6/5
f 9584/6/5 9544/6/5 9543/6/5
f 9584/5/5 9543/5/5 9583/5/5
f 9585/1/5 9545/1/5 9544/1/5
f 9585/6/5 9544/6/5 9584/6/5
f 9586/5/5 9546/5/5 9545/5/5
f 9586/1/5 9545/1/5 9585/1/5
f 9587/5/5 9546/5/5 9586/5/5
f 9588/5/5 9548/5/5 9547/5/5
f 9589/8/5 9509/8/5 9548/8/5
f 9589/5/5 9548/5/5 9588/5/5
f 9590/8/5 9509/8/5 9589/8/5
f 9596/8/5 9592/8/5 9591/8/5
f 9597/8/5 9592/8/5 9596/8/5
f 9598/10/5 9594/10/5 9593/10/5
f 9599/8/5 9595/8/5 9594/8/5
f 9599/10/5 9594/10/5 9598/10/5
f 9600/8/5 9595/8/5 9599/8/5
f 9604/10/5 9602/10/5 9601/10/5
f 9605/8/5 9603/8/5 9602/8/5
f 9605/10/5 9602/10/5 9604/10/5
f 9606/8/5 9603/8/5 9605/8/5
f 9610/10/5 9608/10/5 9607/10/5
f 9611/8/5 9609/8/5 9608/8/5
f 9611/10/5 9608/10/5 9610/10/5
f 9612/8/5 9609/8/5 9611/8/5
f 9618/8/5 9614/8/5 9613/8/5
f 9619/8/5 9614/8/5 9618/8/5
f 9620/10/5 9616/10/5 9615/10/5
f 9621/8/5 9617/8/5 9616/8/5
f 9621/10/5 9616/10/5 9620/10/5
f 9622/8/5 9617/8/5 9621/8/5
f 9625/8/5 9624/8/5 9623/8/5
f 9626/8/5 9624/8/5 9625/8/5
f 9630/10/5 9628/10/5 9627/10/5
f 9631/8/5 9629/8/5 9628/8/5
f 9631/10/5 9628/10/5 9630/10/5
f 9632/8/5 9629/8/5 9631/8/5
f 9635/8/5 9634/8/5 9633/8/5
f 9636/8/5 9634/8/5 9635/8/5
f 9642/8/5 9638/8/5 9637/8/5
f 9643/8/5 9638/8/5 9642/8/5
f 9644/10/5 9640/10/5 9639/10/5
f 9645/8/5 9641/8/5 9640/8/5
f 9645/10/5 9640/10/5 9644/10/5
f 9646/8/5 9641/8/5 9645/8/5
f 9649/8/5 9648/8/5 9647/8/5
f 9650/8/5 9648/8/5 9649/8/5
f 9653/8/5 9652/8/5 9651/8/5
f 9654/8/5 9652/8/5 9653/8/5
f 9657/8/5 9656/8/5 9655/8/5
f 9658/8/5 9656/8/5 9657/8/5
f 9664/8/5 9660/8/5 9659/8/5
f 9665/8/5 9660/8/5 9664/8/5
f 9666/10/5 9662/10/5 9661/10/5
f 9667/8/5 9663/8/5 9662/8/5
f 9667/10/5 9662/10/5 9666/10/5
f 9668/8/5 9663/8/5 9667/8/5
f 9672/10/5 9670/10/5 9669/10/5
f 9673/8/5 9671/8/5 9670/8/5
f 9673/10/5 9670/10/5 9672/10/5
f 9674/8/5 9671/8/5 9673/8/5
f 9677/8/5 9676/8/5 9675/8/5
f 9678/8/5 9676/8/5 9677/8/5
f 9681/8/5 9680/8/5 9679/8/5
f 9682/8/5 9680/8/5 9681/8/5
f 9685/8/5 9684/8/5 9683/8/5
f 9686/8/5 9684/8/5 9685/8/5
f 9692/8/5 9688/8/5 9687/8/5
f 9693/8/5 9688/8/5 9692/8/5
f 9694/10/5 9690/10/5 9689/10/5
f 9695/8/5 9691/8/5 9690/8/5
f 9695/10/5 9690/10/5 9694/10/5
f 9696/8/5 9691/8/5 9695/8/5
f 9702/8/5 9698/8/5 9697/8/5
f 9703/8/5 9698/8/5 9702/8/5
f 9704/10/5 9700/10/5 9699/10/5
f 9705/8/5 9701/8/5 9700/8/5
f 9705/10/5 9700/10/5 9704/10/5
f 9706/8/5 9701/8/5 9705/8/5
f 9709/8/5 9708/8/5 9707/8/5
f 9710/8/5 9708/8/5 9709/8/5
f 9713/8/5 9712/8/5 9711/8/5
f 9714/8/5 9712/8/5 9713/8/5
f 9717/8/5 9716/8/5 9715/8/5
f 9718/8/5 9716/8/5 9717/8/5
f 9721/8/5 9720/8/5 9719/8/5
f 9722/8/5 9720/8/5 9721/8/5
f 9726/10/5 9724/10/5 9723/10/5
f 9727/8/5 9725/8/5 9724/8/5
f 9727/10/5 9724/10/5 9726/10/5
f 9728/8/5 9725/8/5 9727/8/5
f 9731/8/5 9730/8/5 9729/8/5
f 9732/8/5 9730/8/5 9731/8/5
f 9735/8/5 9734/8/5 9733/8/5
f 9736/8/5 9735/8/5 9733/8/5
f 9737/8/5 9736/8/5 9733/8/5
f 9738/8/5 9736/8/5 9737/8/5
f 9741/8/5 9740/8/5 9739/8/5
f 9742/8/5 9740/8/5 9741/8/5
f 9746/10/5 9744/10/5 9743/10/5
f 9747/8/5 9745/8/5 9744/8/5
f 9747/10/5 9744/10/5 9746/10/5
f 9748/8/5 9745/8/5 9747/8/5
f 9752/10/5 9750/10/5 9749/10/5
f 9753/8/5 9751/8/5 9750/8/5
f 9753/10/5 9750/10/5 9752/10/5
f 9754/8/5 9751/8/5 9753/8/5
f 9760/8/5 9756/8/5 9755/8/5
f 9761/8/5 9756/8/5 9760/8/5
f 9762/10/5 9758/10/5 9757/10/5
f 9763/8/5 9759/8/5 9758/8/5
f 9763/10/5 9758/10/5 9762/10/5
f 9764/8/5 9759/8/5 9763/8/5
f 9767/8/5 9766/8/5 9765/8/5
f 9768/8/5 9766/8/5 9767/8/5
f 9774/8/5 9770/8/5 9769/8/5
f 9775/8/5 9770/8/5 9774/8/5
f 9776/10/5 9772/10/5 9771/10/5
f 9777/8/5 9773/8/5 9772/8/5
f 9777/10/5 9772/10/5 9776/10/5
f 9778/8/5 9773/8/5 9777/8/5
f 9784/8/5 9780/8/5 9779/8/5
f 9785/8/5 9780/8/5 9784/8/5
f 9786/10/5 9782/10/5 9781/10/5
f 9787/8/5 9783/8/5 9782/8/5
f 9787/10/5 9782/10/5 9786/10/5
f 9788/8/5 9783/8/5 9787/8/5
f 9794/8/5 9790/8/5 9789/8/5
f 9795/8/5 9790/8/5 9794/8/5
f 9796/10/5 9792/10/5 9791/10/5
f 9797/8/5 9793/8/5 9792/8/5
f 9797/10/5 9792/10/5 9796/10/5
f 9798/8/5 9793/8/5 9797/8/5
f 9804/8/5 9800/8/5 9799/8/5
f 9805/8/5 9800/8/5 9804/8/5
f 9806/10/5 9802/10/5 9801/10/5
f 9807/8/5 9803/8/5 9802/8/5
f 9807/10/5 9802/10/5 9806/10/5
f 9808/8/5 9803/8/5 9807/8/5
f 9814/8/5 9810/8/5 9809/8/5
f 9815/8/5 9810/8/5 9814/8/5
f 9816/10/5 9812/10/5 9811/10/5
f 9817/8/5 9813/8/5 9812/8/5
f 9817/10/5 9812/10/5 9816/10/5
f 9818/8/5 9813/8/5 9817/8/5
f 9821/8/5 9820/8/5 9819/8/5
f 9822/8/5 9820/8/5 9821/8/5
f 9828/8/5 9824/8/5 9823/8/5
f 9829/8/5 9824/8/5 9828/8/5
f 9830/10/5 9826/10/5 9825/10/5
f 9831/8/5 9827/8/5 9826/8/5
f 9831/10/5 9826/10/5 9830/10/5
f 9832/8/5 9827/8/5 9831/8/5
f 9836/10/5 9834/10/5 9833/10/5
f 9837/8/5 9835/8/5 9834/8/5
f 9837/10/5 9834/10/5 9836/10/5
f 9838/8/5 9835/8/5 9837/8/5
f 9841/8/5 9840/8/5 9839/8/5
f 9842/8/5 9840/8/5 9841/8/5
f 9845/8/5 9844/8/5 9843/8/5
f 9846/8/5 9844/8/5 9845/8/5
f 9850/10/5 9848/10/5 9847/10/5
f 9851/8/5 9849/8/5 9848/8/5
f 9851/10/5 9848/10/5 9850/10/5
f 9852/8/5 9849/8/5 9851/8/5
f 9858/8/5 9854/8/5 9853/8/5
f 9859/8/5 9854/8/5 9858/8/5
f 9860/10/5 9856/10/5 9855/10/5
f 9861/8/5 9857/8/5 9856/8/5
f 9861/10/5 9856/10/5 9860/10/5
f 9862/8/5 9857/8/5 9861/8/5
f 9868/8/5 9867/8/5 9866/8/5
f 9869/8/5 9867/8/5 9868/8/5
f 9870/10/5 9864/10/5 9863/10/5
f 9871/8/5 9865/8/5 9864/8/5
f 9871/10/5 9864/10/5 9870/10/5
f 9872/8/5 9865/8/5 9871/8/5
f 9873/8/6 9874/8/6 9875/8/6
f 9875/8/6 9874/8/6 9876/8/6
f 9877/8/6 9878/8/6 9879/8/6
f 9879/8/6 9878/8/6 9880/8/6
f 9881/8/6 9882/8/6 9883/8/6
f 9883/8/6 9882/8/6 9884/8/6
f 9885/8/6 9886/8/6 9887/8/6
f 9887/8/6 9886/8/6 9888/8/6
f 9889/8/6 9890/8/6 9893/8/6
f 9893/8/6 9890/8/6 9894/8/6
f 9891/8/6 9892/8/6 9895/8/6
f 9895/8/6 9892/8/6 9896/8/6
f 9897/9/6 9898/9/6 9899/9/6
f 9899/9/6 9898/9/6 9900/9/6
f 9901/9/6 9902/9/6 9903/9/6
f 9903/9/6 9902/9/6 9904/9/6
f 9905/8/6 9906/8/6 9907/8/6
f 9907/8/6 9906/8/6 9908/8/6
f 9909/9/6 9910/9/6 9913/9/6
f 9913/9/6 9910/9/6 9914/9/6
f 9911/9/6 9912/9/6 9915/9/6
f 9915/9/6 9912/9/6 9916/9/6
f 9917/9/6 9918/9/6 9919/9/6
f 9919/9/6 9918/9/6 9920/9/6
f 9921/9/6 9922/9/6 9923/9/6
f 9923/9/6 9922/9/6 9924/9/6
f 9925/9/6 9926/9/6 9929/9/6
f 9929/9/6 9926/9/6 9930/9/6
f 9927/9/6 9928/9/6 9931/9/6
f 9931/9/6 9928/9/6 9932/9/6
f 9933/9/6 9934/9/6 9935/9/6
f 9935/9/6 9934/9/6 9936/9/6
f 9937/9/6 9938/9/6 9939/9/6
f 9939/9/6 9938/9/6 9940/9/6
f 9941/8/6 9942/8/6 9943/8/6
f 9943/8/6 9942/8/6 9944/8/6
f 9945/9/6 9946/9/6 9949/9/6
f 9949/9/6 9946/9/6 9950/9/6
f 9947/9/6 9948/9/6 9951/9/6
f 9951/9/6 9948/9/6 9952/9/6
f 9953/9/6 9954/9/6 9955/9/6
f 9955/9/6 9954/9/6 9956/9/6
f 9957/9/6 9958/9/6 9959/9/6
f 9959/9/6 9958/9/6 9960/9/6
f 9961/9/6 9962/9/6 9963/9/6
f 9963/9/6 9962/9/6 9964/9/6
f 9965/9/6 9966/9/6 9967/9/6
f 9967/9/6 9966/9/6 9968/9/6
f 9969/8/6 9970/8/6 9971/8/6
f 9971/8/6 9970/8/6 9972/8/6
f 9973/9/6 9974/9/6 9977/9/6
f 9977/9/6 9974/9/6 9978/9/6
f 9975/9/6 9976/9/6 9979/9/6
f 9979/9/6 9976/9/6 9980/9/6
f 9981/9/6 9982/9/6 9983/9/6
f 9983/9/6 9982/9/6 9984/9/6
f 9985/9/6 9986/9/6 9987/9/6
f 9987/9/6 9986/9/6 9988/9/6
f 9989/9/6 9990/9/6 9993/9/6
f 9993/9/6 9990/9/6 9994/9/6
f 9991/9/6 9992/9/6 9995/9/6
f 9995/9/6 9992/9/6 9996/9/6
f 9997/8/6 9998/8/6 9999/8/6
f 9999/8/6 9998/8/6 10000/8/6
f 10001/8/6 10002/8/6 10003/8/6
f 10003/8/6 10002/8/6 10004/8/6
f 10005/8/6 10006/8/6 10007/8/6
f 10007/8/6 10006/8/6 10008/8/6
f 10009/8/6 10010/8/6 10011/8/6
f 10011/8/6 10010/8/6 10012/8/6
f 10013/8/6 10014/8/6 10015/8/6
f 10015/8/6 10014/8/6 10016/8/6
f 10017/8/6 10018/8/6 10019/8/6
f 10019/8/6 10018/8/6 10020/8/6
f 10021/8/6 10022/8/6 10023/8/6
f 10021/8/6 10023/8/6 10024/8/6
f 10021/8/6 10024/8/6 10025/8/6
f 10021/8/6 10025/8/6 10026/8/6
f 10021/8/6 10026/8/6 10027/8/6
f 10027/8/6 10026/8/6 10028/8/6
f 10029/8/6 10030/8/6 10031/8/6
f 10031/8/6 10030/8/6 10032/8/6
f 10033/8/6 10034/8/6 10035/8/6
f 10035/8/6 10034/8/6 10036/8/6
f 10037/8/6 10038/8/6 10039/8/6
f 10039/8/6 10038/8/6 10040/8/6
f 10041/11/6 10042/11/6 10043/11/6
f 10043/11/6 10042/11/6 10044/11/6
f 10045/8/6 10046/8/6 10047/8/6
f 10045/8/6 10047/8/6 10048/8/6
f 10045/8/6 10048/8/6 10049/8/6
f 10045/8/6 10049/8/6 10050/8/6
f 10045/8/6 10050/8/6 10051/8/6
f 10051/8/6 10050/8/6 10052/8/6
f 10053/8/6 10054/8/6 10055/8/6
f 10055/8/6 10054/8/6 10056/8/6
f 10057/8/6 10058/8/6 10059/8/6
f 10059/8/6 10058/8/6 10060/8/6
f 10061/8/6 10062/8/6 10063/8/6
f 10063/8/6 10062/8/6 10064/8/6
f 10065/8/6 10066/8/6 10067/8/6
f 10067/8/6 10066/8/6 10068/8/6
f 10069/8/6 10070/8/6 10073/8/6
f 10073/8/6 10070/8/6 10074/8/6
f 10071/8/6 10072/8/6 10075/8/6
f 10075/8/6 10072/8/6 10076/8/6
f 10077/8/6 10078/8/6 10081/8/6
f 10081/8/6 10078/8/6 10082/8/6
f 10079/8/6 10080/8/6 10083/8/6
f 10083/8/6 10080/8/6 10084/8/6
f 10081/4/6 10082/4/6 10085/4/6
f 10085/4/6 10082/4/6 10086/4/6
f 10083/5/6 10084/5/6 10087/5/6
f 10087/5/6 10084/5/6 10088/5/6
f 10085/6/6 10086/6/6 10089/6/6
f 10089/6/6 10086/6/6 10090/6/6
f 10087/4/6 10088/4/6 10091/4/6
f 10091/4/6 10088/4/6 10092/4/6
f 10089/4/6 10090/4/6 10093/4/6
f 10093/4/6 10090/4/6 10094/4/6
f 10093/5/6 10094/5/6 10095/5/6
f 10095/5/6 10094/5/6 10096/5/6
f 10091/5/6 10092/5/6 10097/5/6
f 10097/5/6 10092/5/6 10098/5/6
f 10095/7/6 10096/7/6 10099/7/6
f 10099/7/6 10096/7/6 10100/7/6
f 10097/7/6 10098/7/6 10101/7/6
f 10101/7/6 10098/7/6 10102/7/6
f 10099/6/6 10100/6/6 10103/6/6
f 10101/4/6 10102/4/6 10104/4/6
f 10099/6/6 10103/6/6 10105/6/6
f 10104/4/6 10102/4/6 10106/4/6
f 10106/4/6 10102/4/6 10107/4/6
f 10099/6/6 10105/6/6 10108/6/6
f 10108/6/6 10105/6/6 10109/6/6
f 10106/6/6 10107/6/6 10110/6/6
f 10110/6/6 10107/6/6 10111/6/6
f 10108/4/6 10109/4/6 10112/4/6
f 10112/4/6 10109/4/6 10113/4/6
f 10110/5/6 10111/5/6 10114/5/6
f 10114/5/6 10111/5/6 10115/5/6
f 10112/6/6 10113/6/6 10116/6/6
f 10116/6/6 10113/6/6 10117/6/6
f 10114/7/6 10115/7/6 10118/7/6
f 10118/7/6 10115/7/6 10119/7/6
f 10116/7/6 10117/7/6 10120/7/6
f 10120/7/6 10117/7/6 10121/7/6
f 10118/5/6 10119/5/6 10122/5/6
f 10122/5/6 10119/5/6 10123/5/6
f 10120/4/6 10121/4/6 10124/4/6
f 10122/6/6 10123/6/6 10125/6/6
f 10125/6/6 10123/6/6 10126/6/6
f 10120/4/6 10124/4/6 10127/4/6
f 10125/5/6 10126/5/6 10128/5/6
f 10128/5/6 10126/5/6 10129/5/6
f 10120/4/6 10127/4/6 10130/4/6
f 10128/4/6 10129/4/6 10131/4/6
f 10131/4/6 10129/4/6 10132/4/6
f 10120/4/6 10130/4/6 10133/4/6
f 10131/7/6 10132/7/6 10134/7/6
f 10134/7/6 10132/7/6 10135/7/6
f 10120/4/6 10133/4/6 10136/4/6
f 10136/4/6 10133/4/6 10137/4/6
f 10134/5/6 10135/5/6 10138/5/6
f 10138/5/6 10135/5/6 10139/5/6
f 10136/7/6 10137/7/6 10140/7/6
f 10140/7/6 10137/7/6 10141/7/6
f 10138/4/6 10139/4/6 10142/4/6
f 10140/6/6 10141/6/6 10143/6/6
f 10142/4/6 10139/4/6 10144/4/6
f 10144/4/6 10139/4/6 10145/4/6
f 10140/6/6 10143/6/6 10146/6/6
f 10144/5/6 10145/5/6 10147/5/6
f 10147/5/6 10145/5/6 10148/5/6
f 10140/6/6 10146/6/6 10149/6/6
f 10149/6/6 10146/6/6 10150/6/6
f 10147/4/6 10148/4/6 10151/4/6
f 10151/4/6 10148/4/6 10152/4/6
f 10149/4/6 10150/4/6 10153/4/6
f 10153/4/6 10150/4/6 10154/4/6
f 10151/7/6 10152/7/6 10155/7/6
f 10155/7/6 10152/7/6 10156/7/6
f 10153/5/6 10154/5/6 10157/5/6
f 10157/5/6 10154/5/6 10158/5/6
f 10155/4/6 10156/4/6 10159/4/6
f 10157/7/6 10158/7/6 10160/7/6
f 10160/7/6 10158/7/6 10161/7/6
f 10159/4/6 10156/4/6 10162/4/6
f 10162/4/6 10156/4/6 10163/4/6
f 10160/4/6 10161/4/6 10164/4/6
f 10164/4/6 10161/4/6 10165/4/6
f 10162/6/6 10163/6/6 10166/6/6
f 10164/5/6 10165/5/6 10167/5/6
f 10167/5/6 10165/5/6 10168/5/6
f 10166/6/6 10163/6/6 10169/6/6
f 10169/6/6 10163/6/6 10170/6/6
f 10167/6/6 10168/6/6 10171/6/6
f 10171/6/6 10168/6/6 10172/6/6
f 10169/7/6 10170/7/6 10173/7/6
f 10173/7/6 10170/7/6 10174/7/6
f 10171/5/6 10172/5/6 10175/5/6
f 10175/5/6 10172/5/6 10176/5/6
f 10173/4/6 10174/4/6 10177/4/6
f 10177/4/6 10174/4/6 10178/4/6
f 10175/4/6 10176/4/6 10179/4/6
f 10179/4/6 10176/4/6 10180/4/6
f 10177/6/6 10178/6/6 10181/6/6
f 10179/7/6 10180/7/6 10182/7/6
f 10182/7/6 10180/7/6 10183/7/6
f 10181/6/6 10178/6/6 10184/6/6
f 10184/6/6 10178/6/6 10185/6/6
f 10182/6/6 10183/6/6 10186/6/6
f 10186/6/6 10183/6/6 10187/6/6
f 10184/5/6 10185/5/6 10188/5/6
f 10188/5/6 10185/5/6 10189/5/6
f 10186/4/6 10187/4/6 10190/4/6
f 10190/4/6 10187/4/6 10191/4/6
f 10188/4/6 10189/4/6 10192/4/6
f 10192/4/6 10189/4/6 10193/4/6
f 10190/6/6 10191/6/6 10194/6/6
f 10194/6/6 10191/6/6 10195/6/6
f 10192/7/6 10193/7/6 10196/7/6
f 10196/7/6 10193/7/6 10197/7/6
f 10194/5/6 10195/5/6 10198/5/6
f 10198/5/6 10195/5/6 10199/5/6
f 10196/6/6 10197/6/6 10200/6/6
f 10200/6/6 10197/6/6 10201/6/6
f 10198/7/6 10199/7/6 10202/7/6
f 10202/7/6 10199/7/6 10203/7/6
f 10200/4/6 10201/4/6 10204/4/6
f 10204/4/6 10201/4/6 10205/4/6
f 10202/5/6 10203/5/6 10206/5/6
f 10204/6/6 10205/6/6 10207/6/6
f 10207/6/6 10205/6/6 10208/6/6
f 10202/5/6 10206/5/6 10227/5/6
f 10227/5/6 10206/5/6 10228/5/6
f 10207/5/6 10208/5/6 10229/5/6
f 10229/5/6 10208/5/6 10230/5/6
f 10209/8/6 10210/8/6 10233/8/6
f 10210/1/6 10211/1/6 10234/1/6
f 10233/8/6 10210/8/6 10234/8/6
f 10234/1/6 10211/1/6 10235/1/6
f 10235/1/6 10211/1/6 10236/1/6
f 10236/1/6 10211/1/6 10237/1/6
f 10211/5/6 10212/5/6 10238/5/6
f 10237/1/6 10211/1/6 10238/1/6
f 10238/5/6 10212/5/6 10239/5/6
f 10212/1/6 10213/1/6 10240/1/6
f 10239/5/6 10212/5/6 10240/5/6
f 10213/5/6 10214/5/6 10241/5/6
f 10240/1/6 10213/1/6 10241/1/6
f 10241/5/6 10214/5/6 10242/5/6
f 10214/4/6 10215/4/6 10243/4/6
f 10242/5/6 10214/5/6 10243/5/6
f 10215/5/6 10216/5/6 10244/5/6
f 10243/4/6 10215/4/6 10244/4/6
f 10244/5/6 10216/5/6 10245/5/6
f 10216/1/6 10217/1/6 10246/1/6
f 10245/5/6 10216/5/6 10246/5/6
f 10217/6/6 10218/6/6 10247/6/6
f 10246/1/6 10217/1/6 10247/1/6
f 10247/6/6 10218/6/6 10248/6/6
f 10218/5/6 10219/5/6 10249/5/6
f 10248/6/6 10218/6/6 10249/6/6
f 10219/4/6 10220/4/6 10250/4/6
f 10249/5/6 10219/5/6 10250/5/6
f 10250/4/6 10220/4/6 10251/4/6
f 10220/5/6 10221/5/6 10252/5/6
f 10251/4/6 10220/4/6 10252/4/6
f 10221/1/6 10222/1/6 10253/1/6
f 10252/5/6 10221/5/6 10253/5/6
f 10222/6/6 10223/6/6 10254/6/6
f 10253/1/6 10222/1/6 10254/1/6
f 10223/4/6 10224/4/6 10255/4/6
f 10254/6/6 10223/6/6 10255/6/6
f 10224/6/6 10225/6/6 10256/6/6
f 10255/4/6 10224/4/6 10256/4/6
f 10225/4/6 10226/4/6 10257/4/6
f 10256/6/6 10225/6/6 10257/6/6
f 10226/6/6 10227/6/6 10258/6/6
f 10257/4/6 10226/4/6 10258/4/6
f 10227/4/6 10228/4/6 10259/4/6
f 10258/6/6 10227/6/6 10259/6/6
f 10259/4/6 10228/4/6 10260/4/6
f 10229/7/6 10230/7/6 10261/7/6
f 10230/5/6 10231/5/6 10262/5/6
f 10261/7/6 10230/7/6 10262/7/6
f 10231/8/6 10232/8/6 10263/8/6
f 10262/5/6 10231/5/6 10263/5/6
f 10263/8/6 10232/8/6 10264/8/6
f 10265/8/6 10266/8/6 10310/8/6
f 10266/6/6 10267/6/6 10311/6/6
f 10310/8/6 10266/8/6 10311/8/6
f 10267/4/6 10268/4/6 10312/4/6
f 10311/6/6 10267/6/6 10312/6/6
f 10268/5/6 10269/5/6 10313/5/6
f 10312/4/6 10268/4/6 10313/4/6
f 10269/1/6 10270/1/6 10314/1/6
f 10313/5/6 10269/5/6 10314/5/6
f 10270/5/6 10271/5/6 10315/5/6
f 10314/1/6 10270/1/6 10315/1/6
f 10271/1/6 10272/1/6 10316/1/6
f 10315/5/6 10271/5/6 10316/5/6
f 10272/6/6 10273/6/6 10317/6/6
f 10316/1/6 10272/1/6 10317/1/6
f 10273/1/6 10274/1/6 10318/1/6
f 10317/6/6 10273/6/6 10318/6/6
f 10274/5/6 10275/5/6 10319/5/6
f 10318/1/6 10274/1/6 10319/1/6
f 10275/5/6 10276/5/6 10319/5/6
f 10276/1/6 10277/1/6 10320/1/6
f 10319/5/6 10276/5/6 10320/5/6
f 10277/6/6 10278/6/6 10321/6/6
f 10320/1/6 10277/1/6 10321/1/6
f 10278/5/6 10279/5/6 10322/5/6
f 10321/6/6 10278/6/6 10322/6/6
f 10279/1/6 10280/1/6 10323/1/6
f 10322/5/6 10279/5/6 10323/5/6
f 10280/1/6 10281/1/6 10323/1/6
f 10281/5/6 10282/5/6 10324/5/6
f 10323/1/6 10281/1/6 10324/1/6
f 10282/4/6 10283/4/6 10325/4/6
f 10324/5/6 10282/5/6 10325/5/6
f 10283/5/6 10284/5/6 10326/5/6
f 10325/4/6 10283/4/6 10326/4/6
f 10284/6/6 10285/6/6 10327/6/6
f 10326/5/6 10284/5/6 10327/5/6
f 10285/1/6 10286/1/6 10328/1/6
f 10327/6/6 10285/6/6 10328/6/6
f 10286/6/6 10287/6/6 10329/6/6
f 10328/1/6 10286/1/6 10329/1/6
f 10287/4/6 10288/4/6 10330/4/6
f 10329/6/6 10287/6/6 10330/6/6
f 10288/6/6 10289/6/6 10331/6/6
f 10330/4/6 10288/4/6 10331/4/6
f 10289/4/6 10290/4/6 10332/4/6
f 10331/6/6 10289/6/6 10332/6/6
f 10290/5/6 10291/5/6 10333/5/6
f 10332/4/6 10290/4/6 10333/4/6
f 10291/1/6 10292/1/6 10334/1/6
f 10333/5/6 10291/5/6 10334/5/6
f 10292/5/6 10293/5/6 10335/5/6
f 10334/1/6 10292/1/6 10335/1/6
f 10293/6/6 10294/6/6 10336/6/6
f 10335/5/6 10293/5/6 10336/5/6
f 10294/5/6 10295/5/6 10337/5/6
f 10336/6/6 10294/6/6 10337/6/6
f 10295/6/6 10296/6/6 10338/6/6
f 10337/5/6 10295/5/6 10338/5/6
f 10296/1/6 10297/1/6 10339/1/6
f 10338/6/6 10296/6/6 10339/6/6
f 10297/6/6 10298/6/6 10340/6/6
f 10339/1/6 10297/1/6 10340/1/6
f 10298/4/6 10299/4/6 10341/4/6
f 10340/6/6 10298/6/6 10341/6/6
f 10299/6/6 10300/6/6 10342/6/6
f 10341/4/6 10299/4/6 10342/4/6
f 10300/5/6 10301/5/6 10343/5/6
f 10342/6/6 10300/6/6 10343/6/6
f 10301/6/6 10302/6/6 10344/6/6
f 10343/5/6 10301/5/6 10344/5/6
f 10302/1/6 10303/1/6 10345/1/6
f 10344/6/6 10302/6/6 10345/6/6
f 10303/5/6 10304/5/6 10346/5/6
f 10345/1/6 10303/1/6 10346/1/6
f 10304/4/6 10305/4/6 10347/4/6
f 10346/5/6 10304/5/6 10347/5/6
f 10306/6/6 10307/6/6 10348/6/6
f 10347/4/6 10305/4/6 10348/4/6
f 10305/6/6 10306/6/6 10348/6/6
f 10307/5/6 10308/5/6 10349/5/6
f 10348/6/6 10307/6/6 10349/6/6
f 10308/8/6 10309/8/6 10350/8/6
f 10349/5/6 10308/5/6 10350/5/6
f 10350/8/6 10309/8/6 10351/8/6
f 10352/8/6 10353/8/6 10356/8/6
f 10356/8/6 10353/8/6 10357/8/6
f 10354/8/6 10355/8/6 10358/8/6
f 10358/8/6 10355/8/6 10359/8/6
f 10356/4/6 10357/4/6 10360/4/6
f 10360/4/6 10357/4/6 10361/4/6
f 10358/4/6 10359/4/6 10362/4/6
f 10362/4/6 10359/4/6 10363/4/6
f 10360/5/6 10361/5/6 10364/5/6
f 10362/5/6 10363/5/6 10365/5/6
f 10360/5/6 10364/5/6 10366/5/6
f 10365/5/6 10363/5/6 10367/5/6
f 10367/5/6 10363/5/6 10368/5/6
f 10360/5/6 10366/5/6 10369/5/6
f 10369/5/6 10366/5/6 10370/5/6
f 10367/4/6 10368/4/6 10371/4/6
f 10371/4/6 10368/4/6 10372/4/6
f 10369/7/6 10370/7/6 10373/7/6
f 10373/7/6 10370/7/6 10374/7/6
f 10371/7/6 10372/7/6 10375/7/6
f 10375/7/6 10372/7/6 10376/7/6
f 10373/6/6 10374/6/6 10377/6/6
f 10377/6/6 10374/6/6 10378/6/6
f 10375/4/6 10376/4/6 10379/4/6
f 10379/4/6 10376/4/6 10380/4/6
f 10377/4/6 10378/4/6 10381/4/6
f 10377/4/6 10381/4/6 10382/4/6
f 10379/5/6 10380/5/6 10383/5/6
f 10383/5/6 10380/5/6 10384/5/6
f 10377/4/6 10382/4/6 10385/4/6
f 10385/4/6 10382/4/6 10386/4/6
f 10383/6/6 10384/6/6 10387/6/6
f 10387/6/6 10384/6/6 10388/6/6
f 10385/5/6 10386/5/6 10389/5/6
f 10389/5/6 10386/5/6 10390/5/6
f 10387/7/6 10388/7/6 10391/7/6
f 10391/7/6 10388/7/6 10392/7/6
f 10389/7/6 10390/7/6 10393/7/6
f 10393/7/6 10390/7/6 10394/7/6
f 10391/6/6 10392/6/6 10395/6/6
f 10395/6/6 10392/6/6 10396/6/6
f 10393/4/6 10394/4/6 10397/4/6
f 10397/4/6 10394/4/6 10398/4/6
f 10395/5/6 10396/5/6 10399/5/6
f 10399/5/6 10396/5/6 10400/5/6
f 10397/5/6 10398/5/6 10401/5/6
f 10401/5/6 10398/5/6 10402/5/6
f 10399/6/6 10400/6/6 10403/6/6
f 10401/4/6 10402/4/6 10404/4/6
f 10404/4/6 10402/4/6 10405/4/6
f 10403/6/6 10400/6/6 10406/6/6
f 10406/6/6 10400/6/6 10407/6/6
f 10404/6/6 10405/6/6 10408/6/6
f 10408/6/6 10405/6/6 10409/6/6
f 10406/7/6 10407/7/6 10410/7/6
f 10410/7/6 10407/7/6 10411/7/6
f 10408/4/6 10409/4/6 10412/4/6
f 10412/4/6 10409/4/6 10413/4/6
f 10410/5/6 10411/5/6 10414/5/6
f 10412/7/6 10413/7/6 10415/7/6
f 10415/7/6 10413/7/6 10416/7/6
f 10414/5/6 10411/5/6 10417/5/6
f 10417/5/6 10411/5/6 10418/5/6
f 10415/5/6 10416/5/6 10419/5/6
f 10415/5/6 10419/5/6 10420/5/6
f 10420/5/6 10419/5/6 10421/5/6
f 10417/4/6 10418/4/6 10422/4/6
f 10422/4/6 10418/4/6 10423/4/6
f 10420/6/6 10421/6/6 10424/6/6
f 10424/6/6 10421/6/6 10425/6/6
f 10422/6/6 10423/6/6 10426/6/6
f 10426/6/6 10423/6/6 10427/6/6
f 10424/4/6 10425/4/6 10428/4/6
f 10428/4/6 10425/4/6 10429/4/6
f 10426/7/6 10427/7/6 10430/7/6
f 10430/7/6 10427/7/6 10431/7/6
f 10428/5/6 10429/5/6 10432/5/6
f 10432/5/6 10429/5/6 10433/5/6
f 10432/7/6 10433/7/6 10434/7/6
f 10430/6/6 10431/6/6 10435/6/6
f 10435/6/6 10431/6/6 10436/6/6
f 10435/5/6 10436/5/6 10437/5/6
f 10437/5/6 10436/5/6 10438/5/6
f 10432/7/6 10434/7/6 10439/7/6
f 10437/4/6 10438/4/6 10440/4/6
f 10440/4/6 10438/4/6 10441/4/6
f 10432/7/6 10439/7/6 10442/7/6
f 10440/7/6 10441/7/6 10443/7/6
f 10443/7/6 10441/7/6 10444/7/6
f 10432/7/6 10442/7/6 10445/7/6
f 10443/6/6 10444/6/6 10446/6/6
f 10446/6/6 10444/6/6 10447/6/6
f 10432/7/6 10445/7/6 10448/7/6
f 10446/5/6 10447/5/6 10449/5/6
f 10449/5/6 10447/5/6 10450/5/6
f 10432/7/6 10448/7/6 10451/7/6
f 10451/7/6 10448/7/6 10452/7/6
f 10449/4/6 10450/4/6 10453/4/6
f 10453/4/6 10450/4/6 10454/4/6
f 10451/4/6 10452/4/6 10455/4/6
f 10455/4/6 10452/4/6 10456/4/6
f 10453/6/6 10454/6/6 10457/6/6
f 10457/6/6 10454/6/6 10458/6/6
f 10455/6/6 10456/6/6 10459/6/6
f 10457/4/6 10458/4/6 10460/4/6
f 10460/4/6 10458/4/6 10461/4/6
f 10455/6/6 10459/6/6 10462/6/6
f 10462/6/6 10459/6/6 10463/6/6
f 10460/7/6 10461/7/6 10464/7/6
f 10464/7/6 10461/7/6 10465/7/6
f 10462/5/6 10463/5/6 10466/5/6
f 10466/5/6 10463/5/6 10467/5/6
f 10464/5/6 10465/5/6 10468/5/6
f 10468/5/6 10465/5/6 10469/5/6
f 10466/7/6 10467/7/6 10470/7/6
f 10470/7/6 10467/7/6 10471/7/6
f 10468/4/6 10469/4/6 10472/4/6
f 10472/4/6 10469/4/6 10473/4/6
f 10470/6/6 10471/6/6 10474/6/6
f 10474/6/6 10471/6/6 10475/6/6
f 10474/5/6 10475/5/6 10476/5/6
f 10476/5/6 10475/5/6 10477/5/6
f 10472/6/6 10473/6/6 10478/6/6
f 10478/6/6 10473/6/6 10479/6/6
f 10476/6/6 10477/6/6 10480/6/6
f 10480/6/6 10477/6/6 10481/6/6
f 10478/7/6 10479/7/6 10482/7/6
f 10482/7/6 10479/7/6 10483/7/6
f 10484/8/6 10485/8/6 10488/8/6
f 10488/8/6 10485/8/6 10489/8/6
f 10486/8/6 10487/8/6 10490/8/6
f 10490/8/6 10487/8/6 10491/8/6
f 10488/4/6 10489/4/6 10492/4/6
f 10492/4/6 10489/4/6 10493/4/6
f 10490/5/6 10491/5/6 10494/5/6
f 10494/5/6 10491/5/6 10495/5/6
f 10492/5/6 10493/5/6 10496/5/6
f 10496/5/6 10493/5/6 10497/5/6
f 10494/6/6 10495/6/6 10498/6/6
f 10498/6/6 10495/6/6 10499/6/6
f 10496/4/6 10497/4/6 10500/4/6
f 10500/4/6 10497/4/6 10501/4/6
f 10498/5/6 10499/5/6 10502/5/6
f 10502/5/6 10499/5/6 10503/5/6
f 10500/7/6 10501/7/6 10504/7/6
f 10504/7/6 10501/7/6 10505/7/6
f 10502/7/6 10503/7/6 10506/7/6
f 10506/7/6 10503/7/6 10507/7/6
f 10504/5/6 10505/5/6 10508/5/6
f 10508/5/6 10505/5/6 10509/5/6
f 10506/4/6 10507/4/6 10510/4/6
f 10510/4/6 10507/4/6 10511/4/6
f 10508/4/6 10509/4/6 10512/4/6
f 10512/4/6 10509/4/6 10513/4/6
f 10510/6/6 10511/6/6 10514/6/6
f 10512/5/6 10513/5/6 10515/5/6
f 10515/5/6 10513/5/6 10516/5/6
f 10514/6/6 10511/6/6 10517/6/6
f 10517/6/6 10511/6/6 10518/6/6
f 10515/6/6 10516/6/6 10519/6/6
f 10519/6/6 10516/6/6 10520/6/6
f 10517/4/6 10518/4/6 10521/4/6
f 10521/4/6 10518/4/6 10522/4/6
f 10519/5/6 10520/5/6 10523/5/6
f 10523/5/6 10520/5/6 10524/5/6
f 10521/7/6 10522/7/6 10525/7/6
f 10525/7/6 10522/7/6 10526/7/6
f 10523/7/6 10524/7/6 10527/7/6
f 10527/7/6 10524/7/6 10528/7/6
f 10525/6/6 10526/6/6 10529/6/6
f 10529/6/6 10526/6/6 10530/6/6
f 10527/4/6 10528/4/6 10531/4/6
f 10531/4/6 10528/4/6 10532/4/6
f 10529/5/6 10530/5/6 10533/5/6
f 10533/5/6 10530/5/6 10534/5/6
f 10531/5/6 10532/5/6 10535/5/6
f 10533/4/6 10534/4/6 10536/4/6
f 10536/4/6 10534/4/6 10537/4/6
f 10531/5/6 10535/5/6 10538/5/6
f 10536/6/6 10537/6/6 10539/6/6
f 10539/6/6 10537/6/6 10540/6/6
f 10539/7/6 10540/7/6 10541/7/6
f 10541/7/6 10540/7/6 10542/7/6
f 10531/5/6 10538/5/6 10543/5/6
f 10543/5/6 10538/5/6 10544/5/6
f 10541/6/6 10542/6/6 10545/6/6
f 10545/6/6 10542/6/6 10546/6/6
f 10543/7/6 10544/7/6 10547/7/6
f 10547/7/6 10544/7/6 10548/7/6
f 10545/5/6 10546/5/6 10549/5/6
f 10549/5/6 10546/5/6 10550/5/6
f 10547/5/6 10548/5/6 10551/5/6
f 10551/5/6 10548/5/6 10552/5/6
f 10549/4/6 10550/4/6 10553/4/6
f 10551/4/6 10552/4/6 10554/4/6
f 10554/4/6 10552/4/6 10555/4/6
f 10553/4/6 10550/4/6 10556/4/6
f 10556/4/6 10550/4/6 10557/4/6
f 10556/6/6 10557/6/6 10558/6/6
f 10558/6/6 10557/6/6 10559/6/6
f 10554/5/6 10555/5/6 10560/5/6
f 10560/5/6 10555/5/6 10561/5/6
f 10558/7/6 10559/7/6 10562/7/6
f 10562/7/6 10559/7/6 10563/7/6
f 10560/4/6 10561/4/6 10564/4/6
f 10564/4/6 10561/4/6 10565/4/6
f 10564/7/6 10565/7/6 10566/7/6
f 10566/7/6 10565/7/6 10567/7/6
f 10562/4/6 10563/4/6 10568/4/6
f 10568/4/6 10563/4/6 10569/4/6
f 10566/4/6 10567/4/6 10570/4/6
f 10568/6/6 10569/6/6 10571/6/6
f 10571/6/6 10569/6/6 10572/6/6
f 10566/4/6 10570/4/6 10573/4/6
f 10573/4/6 10570/4/6 10574/4/6
f 10571/4/6 10572/4/6 10575/4/6
f 10575/4/6 10572/4/6 10576/4/6
f 10573/5/6 10574/5/6 10577/5/6
f 10577/5/6 10574/5/6 10578/5/6
f 10575/7/6 10576/7/6 10579/7/6
f 10579/7/6 10576/7/6 10580/7/6
f 10577/4/6 10578/4/6 10581/4/6
f 10581/4/6 10578/4/6 10582/4/6
f 10579/4/6 10580/4/6 10583/4/6
f 10581/5/6 10582/5/6 10584/5/6
f 10584/5/6 10582/5/6 10585/5/6
f 10583/4/6 10580/4/6 10586/4/6
f 10586/4/6 10580/4/6 10587/4/6
f 10584/7/6 10585/7/6 10588/7/6
f 10588/7/6 10585/7/6 10589/7/6
f 10586/6/6 10587/6/6 10590/6/6
f 10588/5/6 10589/5/6 10591/5/6
f 10590/6/6 10587/6/6 10592/6/6
f 10592/6/6 10587/6/6 10593/6/6
f 10588/5/6 10591/5/6 10594/5/6
f 10594/5/6 10591/5/6 10595/5/6
f 10592/4/6 10593/4/6 10596/4/6
f 10596/4/6 10593/4/6 10597/4/6
f 10594/4/6 10595/4/6 10598/4/6
f 10596/7/6 10597/7/6 10599/7/6
f 10599/7/6 10597/7/6 10600/7/6
f 10594/4/6 10598/4/6 10601/4/6
f 10601/4/6 10598/4/6 10602/4/6
f 10599/5/6 10600/5/6 10603/5/6
f 10603/5/6 10600/5/6 10604/5/6
f 10601/7/6 10602/7/6 10605/7/6
f 10605/7/6 10602/7/6 10606/7/6
f 10603/6/6 10604/6/6 10607/6/6
f 10607/6/6 10604/6/6 10608/6/6
f 10605/5/6 10606/5/6 10609/5/6
f 10607/5/6 10608/5/6 10610/5/6
f 10605/5/6 10609/5/6 10611/5/6
f 10610/5/6 10608/5/6 10612/5/6
f 10612/5/6 10608/5/6 10613/5/6
f 10605/5/6 10611/5/6 10632/5/6
f 10632/5/6 10611/5/6 10633/5/6
f 10612/7/6 10613/7/6 10634/7/6
f 10634/7/6 10613/7/6 10635/7/6
f 10614/8/6 10615/8/6 10640/8/6
f 10615/1/6 10616/1/6 10641/1/6
f 10640/8/6 10615/8/6 10641/8/6
f 10616/6/6 10617/6/6 10642/6/6
f 10641/1/6 10616/1/6 10642/1/6
f 10642/6/6 10617/6/6 10643/6/6
f 10617/4/6 10618/4/6 10644/4/6
f 10643/6/6 10617/6/6 10644/6/6
f 10618/5/6 10619/5/6 10645/5/6
f 10644/4/6 10618/4/6 10645/4/6
f 10619/1/6 10620/1/6 10646/1/6
f 10645/5/6 10619/5/6 10646/5/6
f 10620/5/6 10621/5/6 10647/5/6
f 10646/1/6 10620/1/6 10647/1/6
f 10621/1/6 10622/1/6 10648/1/6
f 10647/5/6 10621/5/6 10648/5/6
f 10622/5/6 10623/5/6 10649/5/6
f 10648/1/6 10622/1/6 10649/1/6
f 10623/6/6 10624/6/6 10650/6/6
f 10649/5/6 10623/5/6 10650/5/6
f 10624/5/6 10625/5/6 10651/5/6
f 10650/6/6 10624/6/6 10651/6/6
f 10625/1/6 10626/1/6 10652/1/6
f 10651/5/6 10625/5/6 10652/5/6
f 10652/1/6 10626/1/6 10653/1/6
f 10626/6/6 10627/6/6 10654/6/6
f 10653/1/6 10626/1/6 10654/1/6
f 10627/5/6 10628/5/6 10655/5/6
f 10654/6/6 10627/6/6 10655/6/6
f 10628/4/6 10629/4/6 10656/4/6
f 10655/5/6 10628/5/6 10656/5/6
f 10629/5/6 10630/5/6 10657/5/6
f 10656/4/6 10629/4/6 10657/4/6
f 10630/6/6 10631/6/6 10658/6/6
f 10657/5/6 10630/5/6 10658/5/6
f 10631/1/6 10632/1/6 10659/1/6
f 10658/6/6 10631/6/6 10659/6/6
f 10659/1/6 10632/1/6 10660/1/6
f 10660/1/6 10632/1/6 10661/1/6
f 10661/1/6 10632/1/6 10662/1/6
f 10662/1/6 10632/1/6 10663/1/6
f 10663/1/6 10632/1/6 10664/1/6
f 10664/1/6 10632/1/6 10665/1/6
f 10665/1/6 10632/1/6 10666/1/6
f 10632/5/6 10633/5/6 10667/5/6
f 10666/1/6 10632/1/6 10667/1/6
f 10667/5/6 10633/5/6 10668/5/6
f 10634/5/6 10635/5/6 10669/5/6
f 10635/5/6 10636/5/6 10669/5/6
f 10669/5/6 10636/5/6 10670/5/6
f 10636/4/6 10637/4/6 10671/4/6
f 10670/5/6 10636/5/6 10671/5/6
f 10637/6/6 10638/6/6 10672/6/6
f 10671/4/6 10637/4/6 10672/4/6
f 10638/8/6 10639/8/6 10673/8/6
f 10672/6/6 10638/6/6 10673/6/6
f 10673/8/6 10639/8/6 10674/8/6
f 10675/8/6 10676/8/6 10724/8/6
f 10676/4/6 10677/4/6 10725/4/6
f 10724/8/6 10676/8/6 10725/8/6
f 10677/5/6 10678/5/6 10726/5/6
f 10725/4/6 10677/4/6 10726/4/6
f 10678/5/6 10679/5/6 10726/5/6
f 10679/1/6 10680/1/6 10727/1/6
f 10726/5/6 10679/5/6 10727/5/6
f 10680/6/6 10681/6/6 10728/6/6
f 10727/1/6 10680/1/6 10728/1/6
f 10681/6/6 10682/6/6 10728/6/6
f 10682/1/6 10683/1/6 10729/1/6
f 10728/6/6 10682/6/6 10729/6/6
f 10683/5/6 10684/5/6 10730/5/6
f 10729/1/6 10683/1/6 10730/1/6
f 10684/1/6 10685/1/6 10731/1/6
f 10730/5/6 10684/5/6 10731/5/6
f 10685/6/6 10686/6/6 10732/6/6
f 10731/1/6 10685/1/6 10732/1/6
f 10686/5/6 10687/5/6 10733/5/6
f 10732/6/6 10686/6/6 10733/6/6
f 10687/5/6 10688/5/6 10733/5/6
f 10688/1/6 10689/1/6 10734/1/6
f 10733/5/6 10688/5/6 10734/5/6
f 10689/6/6 10690/6/6 10735/6/6
f 10734/1/6 10689/1/6 10735/1/6
f 10690/4/6 10691/4/6 10736/4/6
f 10735/6/6 10690/6/6 10736/6/6
f 10691/6/6 10692/6/6 10737/6/6
f 10736/4/6 10691/4/6 10737/4/6
f 10692/6/6 10693/6/6 10737/6/6
f 10693/1/6 10694/1/6 10738/1/6
f 10737/6/6 10693/6/6 10738/6/6
f 10694/1/6 10695/1/6 10738/1/6
f 10695/5/6 10696/5/6 10739/5/6
f 10738/1/6 10695/1/6 10739/1/6
f 10696/6/6 10697/6/6 10740/6/6
f 10739/5/6 10696/5/6 10740/5/6
f 10697/6/6 10698/6/6 10740/6/6
f 10698/5/6 10699/5/6 10741/5/6
f 10740/6/6 10698/6/6 10741/6/6
f 10699/1/6 10700/1/6 10742/1/6
f 10741/5/6 10699/5/6 10742/5/6
f 10700/6/6 10701/6/6 10743/6/6
f 10742/1/6 10700/1/6 10743/1/6
f 10701/4/6 10702/4/6 10744/4/6
f 10743/6/6 10701/6/6 10744/6/6
f 10702/6/6 10703/6/6 10745/6/6
f 10744/4/6 10702/4/6 10745/4/6
f 10703/1/6 10704/1/6 10746/1/6
f 10745/6/6 10703/6/6 10746/6/6
f 10704/1/6 10705/1/6 10746/1/6
f 10705/1/6 10706/1/6 10746/1/6
f 10706/1/6 10707/1/6 10746/1/6
f 10707/5/6 10708/5/6 10747/5/6
f 10746/1/6 10707/1/6 10747/1/6
f 10708/1/6 10709/1/6 10748/1/6
f 10747/5/6 10708/5/6 10748/5/6
f 10709/6/6 10710/6/6 10749/6/6
f 10748/1/6 10709/1/6 10749/1/6
f 10710/5/6 10711/5/6 10750/5/6
f 10749/6/6 10710/6/6 10750/6/6
f 10711/1/6 10712/1/6 10751/1/6
f 10750/5/6 10711/5/6 10751/5/6
f 10714/6/6 10715/6/6 10752/6/6
f 10751/1/6 10712/1/6 10752/1/6
f 10713/6/6 10714/6/6 10752/6/6
f 10712/6/6 10713/6/6 10752/6/6
f 10715/5/6 10716/5/6 10753/5/6
f 10752/6/6 10715/6/6 10753/6/6
f 10716/1/6 10717/1/6 10754/1/6
f 10753/5/6 10716/5/6 10754/5/6
f 10718/6/6 10719/6/6 10755/6/6
f 10754/1/6 10717/1/6 10755/1/6
f 10717/6/6 10718/6/6 10755/6/6
f 10719/5/6 10720/5/6 10756/5/6
f 10755/6/6 10719/6/6 10756/6/6
f 10721/4/6 10722/4/6 10757/4/6
f 10756/5/6 10720/5/6 10757/5/6
f 10720/4/6 10721/4/6 10757/4/6
f 10722/8/6 10723/8/6 10758/8/6
f 10757/4/6 10722/4/6 10758/4/6
f 10758/8/6 10723/8/6 10759/8/6
f 10760/8/6 10761/8/6 10762/8/6
f 10760/8/6 10762/8/6 10763/8/6
f 10760/8/6 10763/8/6 10764/8/6
f 10764/8/6 10763/8/6 10765/8/6
f 10766/8/6 10767/8/6 10768/8/6
f 10768/8/6 10767/8/6 10769/8/6
f 10768/6/6 10769/6/6 10770/6/6
f 10770/6/6 10769/6/6 10771/6/6
f 10770/5/6 10771/5/6 10772/5/6
f 10772/5/6 10771/5/6 10773/5/6
f 10773/5/6 10771/5/6 10774/5/6
f 10773/4/6 10774/4/6 10775/4/6
f 10775/4/6 10774/4/6 10776/4/6
f 10775/7/6 10776/7/6 10777/7/6
f 10777/7/6 10776/7/6 10778/7/6
f 10777/5/6 10778/5/6 10779/5/6
f 10779/5/6 10778/5/6 10780/5/6
f 10779/6/6 10780/6/6 10781/6/6
f 10781/6/6 10780/6/6 10782/6/6
f 10781/5/6 10782/5/6 10783/5/6
f 10783/5/6 10782/5/6 10784/5/6
f 10783/7/6 10784/7/6 10785/7/6
f 10785/7/6 10784/7/6 10786/7/6
f 10785/4/6 10786/4/6 10787/4/6
f 10787/4/6 10786/4/6 10788/4/6
f 10787/5/6 10788/5/6 10789/5/6
f 10789/5/6 10788/5/6 10790/5/6
f 10789/4/6 10790/4/6 10791/4/6
f 10791/4/6 10790/4/6 10792/4/6
f 10791/6/6 10792/6/6 10793/6/6
f 10793/6/6 10792/6/6 10794/6/6
f 10793/7/6 10794/7/6 10795/7/6
f 10795/7/6 10794/7/6 10796/7/6
f 10795/4/6 10796/4/6 10797/4/6
f 10797/4/6 10796/4/6 10798/4/6
f 10797/5/6 10798/5/6 10799/5/6
f 10799/5/6 10798/5/6 10800/5/6
f 10799/4/6 10800/4/6 10801/4/6
f 10801/4/6 10800/4/6 10802/4/6
f 10801/5/6 10802/5/6 10803/5/6
f 10803/5/6 10802/5/6 10804/5/6
f 10803/6/6 10804/6/6 10805/6/6
f 10805/6/6 10804/6/6 10806/6/6
f 10805/7/6 10806/7/6 10807/7/6
f 10807/7/6 10806/7/6 10808/7/6
f 10807/6/6 10808/6/6 10809/6/6
f 10809/6/6 10808/6/6 10810/6/6
f 10809/4/6 10810/4/6 10811/4/6
f 10811/4/6 10810/4/6 10812/4/6
f 10811/6/6 10812/6/6 10813/6/6
f 10813/6/6 10812/6/6 10814/6/6
f 10813/5/6 10814/5/6 10815/5/6
f 10815/5/6 10814/5/6 10816/5/6
f 10815/7/6 10816/7/6 10817/7/6
f 10817/7/6 10816/7/6 10818/7/6
f 10817/5/6 10818/5/6 10819/5/6
f 10819/5/6 10818/5/6 10820/5/6
f 10819/6/6 10820/6/6 10821/6/6
f 10821/6/6 10820/6/6 10822/6/6
f 10822/6/6 10820/6/6 10823/6/6
f 10823/6/6 10820/6/6 10824/6/6
f 10823/4/6 10824/4/6 10825/4/6
f 10825/4/6 10824/4/6 10826/4/6
f 10825/7/6 10826/7/6 10827/7/6
f 10827/7/6 10826/7/6 10828/7/6
f 10827/5/6 10828/5/6 10829/5/6
f 10829/5/6 10828/5/6 10830/5/6
f 10829/4/6 10830/4/6 10831/4/6
f 10831/4/6 10830/4/6 10832/4/6
f 10831/5/6 10832/5/6 10833/5/6
f 10833/5/6 10832/5/6 10834/5/6
f 10833/4/6 10834/4/6 10835/4/6
f 10835/4/6 10834/4/6 10836/4/6
f 10835/7/6 10836/7/6 10837/7/6
f 10837/7/6 10836/7/6 10838/7/6
f 10837/6/6 10838/6/6 10861/6/6
f 10861/6/6 10838/6/6 10862/6/6
f 10839/8/6 10840/8/6 10866/8/6
f 10840/1/6 10841/1/6 10867/1/6
f 10866/8/6 10840/8/6 10867/8/6
f 10841/5/6 10842/5/6 10868/5/6
f 10867/1/6 10841/1/6 10868/1/6
f 10842/6/6 10843/6/6 10869/6/6
f 10868/5/6 10842/5/6 10869/5/6
f 10869/6/6 10843/6/6 10870/6/6
f 10843/5/6 10844/5/6 10871/5/6
f 10870/6/6 10843/6/6 10871/6/6
f 10844/6/6 10845/6/6 10872/6/6
f 10871/5/6 10844/5/6 10872/5/6
f 10845/1/6 10846/1/6 10873/1/6
f 10872/6/6 10845/6/6 10873/6/6
f 10873/1/6 10846/1/6 10874/1/6
f 10846/6/6 10847/6/6 10875/6/6
f 10874/1/6 10846/1/6 10875/1/6
f 10847/5/6 10848/5/6 10876/5/6
f 10875/6/6 10847/6/6 10876/6/6
f 10848/1/6 10849/1/6 10877/1/6
f 10876/5/6 10848/5/6 10877/5/6
f 10849/5/6 10850/5/6 10878/5/6
f 10877/1/6 10849/1/6 10878/1/6
f 10850/6/6 10851/6/6 10879/6/6
f 10878/5/6 10850/5/6 10879/5/6
f 10851/5/6 10852/5/6 10880/5/6
f 10879/6/6 10851/6/6 10880/6/6
f 10852/6/6 10853/6/6 10881/6/6
f 10880/5/6 10852/5/6 10881/5/6
f 10853/5/6 10854/5/6 10882/5/6
f 10881/6/6 10853/6/6 10882/6/6
f 10854/1/6 10855/1/6 10883/1/6
f 10882/5/6 10854/5/6 10883/5/6
f 10883/1/6 10855/1/6 10884/1/6
f 10855/5/6 10856/5/6 10885/5/6
f 10884/1/6 10855/1/6 10885/1/6
f 10885/5/6 10856/5/6 10886/5/6
f 10856/4/6 10857/4/6 10887/4/6
f 10886/5/6 10856/5/6 10887/5/6
f 10857/6/6 10858/6/6 10888/6/6
f 10887/4/6 10857/4/6 10888/4/6
f 10858/1/6 10859/1/6 10889/1/6
f 10888/6/6 10858/6/6 10889/6/6
f 10859/5/6 10860/5/6 10890/5/6
f 10889/1/6 10859/1/6 10890/1/6
f 10890/5/6 10860/5/6 10891/5/6
f 10861/6/6 10862/6/6 10892/6/6
f 10862/6/6 10863/6/6 10892/6/6
f 10892/6/6 10863/6/6 10893/6/6
f 10863/4/6 10864/4/6 10894/4/6
f 10893/6/6 10863/6/6 10894/6/6
f 10894/4/6 10864/4/6 10895/4/6
f 10864/8/6 10865/8/6 10896/8/6
f 10895/4/6 10864/4/6 10896/4/6
f 10896/8/6 10865/8/6 10897/8/6
f 10898/8/6 10899/8/6 10900/8/6
f 10900/8/6 10899/8/6 10901/8/6
f 10902/8/6 10903/8/6 10904/8/6
f 10904/8/6 10903/8/6 10905/8/6
f 10906/8/6 10907/8/6 10955/8/6
f 10907/6/6 10908/6/6 10956/6/6
f 10955/8/6 10907/8/6 10956/8/6
f 10908/6/6 10909/6/6 10956/6/6
f 10909/4/6 10910/4/6 10957/4/6
f 10956/6/6 10909/6/6 10957/6/6
f 10910/5/6 10911/5/6 10958/5/6
f 10957/4/6 10910/4/6 10958/4/6
f 10911/1/6 10912/1/6 10959/1/6
f 10958/5/6 10911/5/6 10959/5/6
f 10912/5/6 10913/5/6 10960/5/6
f 10959/1/6 10912/1/6 10960/1/6
f 10913/1/6 10914/1/6 10961/1/6
f 10960/5/6 10913/5/6 10961/5/6
f 10914/5/6 10915/5/6 10962/5/6
f 10961/1/6 10914/1/6 10962/1/6
f 10915/5/6 10916/5/6 10962/5/6
f 10916/4/6 10917/4/6 10963/4/6
f 10962/5/6 10916/5/6 10963/5/6
f 10917/6/6 10918/6/6 10964/6/6
f 10963/4/6 10917/4/6 10964/4/6
f 10918/5/6 10919/5/6 10965/5/6
f 10964/6/6 10918/6/6 10965/6/6
f 10919/1/6 10920/1/6 10966/1/6
f 10965/5/6 10919/5/6 10966/5/6
f 10920/6/6 10921/6/6 10967/6/6
f 10966/1/6 10920/1/6 10967/1/6
f 10921/5/6 10922/5/6 10968/5/6
f 10967/6/6 10921/6/6 10968/6/6
f 10922/6/6 10923/6/6 10969/6/6
f 10968/5/6 10922/5/6 10969/5/6
f 10923/1/6 10924/1/6 10970/1/6
f 10969/6/6 10923/6/6 10970/6/6
f 10924/6/6 10925/6/6 10971/6/6
f 10970/1/6 10924/1/6 10971/1/6
f 10925/1/6 10926/1/6 10972/1/6
f 10971/6/6 10925/6/6 10972/6/6
f 10926/5/6 10927/5/6 10973/5/6
f 10972/1/6 10926/1/6 10973/1/6
f 10927/5/6 10928/5/6 10973/5/6
f 10928/1/6 10929/1/6 10974/1/6
f 10973/5/6 10928/5/6 10974/5/6
f 10929/1/6 10930/1/6 10974/1/6
f 10930/1/6 10931/1/6 10974/1/6
f 10931/5/6 10932/5/6 10975/5/6
f 10974/1/6 10931/1/6 10975/1/6
f 10932/1/6 10933/1/6 10976/1/6
f 10975/5/6 10932/5/6 10976/5/6
f 10933/5/6 10934/5/6 10977/5/6
f 10976/1/6 10933/1/6 10977/1/6
f 10934/5/6 10935/5/6 10977/5/6
f 10935/4/6 10936/4/6 10978/4/6
f 10977/5/6 10935/5/6 10978/5/6
f 10936/6/6 10937/6/6 10979/6/6
f 10978/4/6 10936/4/6 10979/4/6
f 10937/1/6 10938/1/6 10980/1/6
f 10979/6/6 10937/6/6 10980/6/6
f 10938/5/6 10939/5/6 10981/5/6
f 10980/1/6 10938/1/6 10981/1/6
f 10939/6/6 10940/6/6 10982/6/6
f 10981/5/6 10939/5/6 10982/5/6
f 10940/5/6 10941/5/6 10983/5/6
f 10982/6/6 10940/6/6 10983/6/6
f 10941/6/6 10942/6/6 10984/6/6
f 10983/5/6 10941/5/6 10984/5/6
f 10942/1/6 10943/1/6 10985/1/6
f 10984/6/6 10942/6/6 10985/6/6
f 10943/1/6 10944/1/6 10985/1/6
f 10944/1/6 10945/1/6 10985/1/6
f 10945/1/6 10946/1/6 10985/1/6
f 10946/5/6 10947/5/6 10986/5/6
f 10985/1/6 10946/1/6 10986/1/6
f 10948/1/6 10949/1/6 10987/1/6
f 10986/5/6 10947/5/6 10987/5/6
f 10947/1/6 10948/1/6 10987/1/6
f 10949/6/6 10950/6/6 10988/6/6
f 10987/1/6 10949/1/6 10988/1/6
f 10950/5/6 10951/5/6 10989/5/6
f 10988/6/6 10950/6/6 10989/6/6
f 10951/6/6 10952/6/6 10990/6/6
f 10989/5/6 10951/5/6 10990/5/6
f 10952/4/6 10953/4/6 10991/4/6
f 10990/6/6 10952/6/6 10991/6/6
f 10953/8/6 10954/8/6 10992/8/6
f 10991/4/6 10953/4/6 10992/4/6
f 10992/8/6 10954/8/6 10993/8/6
f 10994/8/6 10995/8/6 10996/8/6
f 10996/8/6 10995/8/6 10997/8/6
f 10996/5/6 10997/5/6 10998/5/6
f 10996/5/6 10998/5/6 10999/5/6
f 10996/5/6 10999/5/6 11000/5/6
f 11000/5/6 10999/5/6 11001/5/6
f 11000/6/6 11001/6/6 11002/6/6
f 11002/6/6 11001/6/6 11003/6/6
f 11002/7/6 11003/7/6 11004/7/6
f 11004/7/6 11003/7/6 11005/7/6
f 11004/4/6 11005/4/6 11006/4/6
f 11004/4/6 11006/4/6 11007/4/6
f 11007/4/6 11006/4/6 11008/4/6
f 11007/6/6 11008/6/6 11009/6/6
f 11007/6/6 11009/6/6 11010/6/6
f 11010/6/6 11009/6/6 11011/6/6
f 11010/7/6 11011/7/6 11012/7/6
f 11012/7/6 11011/7/6 11013/7/6
f 11012/5/6 11013/5/6 11014/5/6
f 11014/5/6 11013/5/6 11015/5/6
f 11014/6/6 11015/6/6 11016/6/6
f 11016/6/6 11015/6/6 11017/6/6
f 11016/4/6 11017/4/6 11018/4/6
f 11018/4/6 11017/4/6 11019/4/6
f 11018/7/6 11019/7/6 11020/7/6
f 11020/7/6 11019/7/6 11021/7/6
f 11020/4/6 11021/4/6 11022/4/6
f 11022/4/6 11021/4/6 11023/4/6
f 11022/5/6 11023/5/6 11024/5/6
f 11024/5/6 11023/5/6 11025/5/6
f 11024/6/6 11025/6/6 11026/6/6
f 11026/6/6 11025/6/6 11027/6/6
f 11026/4/6 11027/4/6 11028/4/6
f 11028/4/6 11027/4/6 11029/4/6
f 11028/5/6 11029/5/6 11030/5/6
f 11030/5/6 11029/5/6 11031/5/6
f 11030/7/6 11031/7/6 11032/7/6
f 11032/7/6 11031/7/6 11033/7/6
f 11032/6/6 11033/6/6 11034/6/6
f 11034/6/6 11033/6/6 11035/6/6
f 11034/4/6 11035/4/6 11036/4/6
f 11034/4/6 11036/4/6 11037/4/6
f 11037/4/6 11036/4/6 11038/4/6
f 11037/5/6 11038/5/6 11039/5/6
f 11037/5/6 11039/5/6 11040/5/6
f 11040/5/6 11039/5/6 11041/5/6
f 11040/7/6 11041/7/6 11042/7/6
f 11042/7/6 11041/7/6 11043/7/6
f 11042/5/6 11043/5/6 11044/5/6
f 11044/5/6 11043/5/6 11045/5/6
f 11044/6/6 11045/6/6 11046/6/6
f 11046/6/6 11045/6/6 11047/6/6
f 11046/4/6 11047/4/6 11048/4/6
f 11048/4/6 11047/4/6 11049/4/6
f 11048/7/6 11049/7/6 11050/7/6
f 11050/7/6 11049/7/6 11051/7/6
f 11050/6/6 11051/6/6 11052/6/6
f 11052/6/6 11051/6/6 11053/6/6
f 11052/4/6 11053/4/6 11054/4/6
f 11054/4/6 11053/4/6 11055/4/6
f 11054/6/6 11055/6/6 11056/6/6
f 11056/6/6 11055/6/6 11057/6/6
f 11056/7/6 11057/7/6 11058/7/6
f 11058/7/6 11057/7/6 11059/7/6
f 11060/8/6 11061/8/6 11062/8/6
f 11062/8/6 11061/8/6 11063/8/6
f 11064/8/6 11065/8/6 11066/8/6
f 11066/8/6 11065/8/6 11067/8/6
f 11068/8/6 11069/8/6 11116/8/6
f 11069/1/6 11070/1/6 11117/1/6
f 11116/8/6 11069/8/6 11117/8/6
f 11070/5/6 11071/5/6 11118/5/6
f 11117/1/6 11070/1/6 11118/1/6
f 11071/6/6 11072/6/6 11119/6/6
f 11118/5/6 11071/5/6 11119/5/6
f 11072/1/6 11073/1/6 11120/1/6
f 11119/6/6 11072/6/6 11120/6/6
f 11073/5/6 11074/5/6 11121/5/6
f 11120/1/6 11073/1/6 11121/1/6
f 11074/6/6 11075/6/6 11122/6/6
f 11121/5/6 11074/5/6 11122/5/6
f 11075/1/6 11076/1/6 11123/1/6
f 11122/6/6 11075/6/6 11123/6/6
f 11076/1/6 11077/1/6 11123/1/6
f 11077/1/6 11078/1/6 11123/1/6
f 11078/5/6 11079/5/6 11124/5/6
f 11123/1/6 11078/1/6 11124/1/6
f 11079/5/6 11080/5/6 11124/5/6
f 11080/6/6 11081/6/6 11125/6/6
f 11124/5/6 11080/5/6 11125/5/6
f 11081/5/6 11082/5/6 11126/5/6
f 11125/6/6 11081/6/6 11126/6/6
f 11082/1/6 11083/1/6 11127/1/6
f 11126/5/6 11082/5/6 11127/5/6
f 11083/6/6 11084/6/6 11128/6/6
f 11127/1/6 11083/1/6 11128/1/6
f 11084/1/6 11085/1/6 11129/1/6
f 11128/6/6 11084/6/6 11129/6/6
f 11085/1/6 11086/1/6 11129/1/6
f 11086/6/6 11087/6/6 11130/6/6
f 11129/1/6 11086/1/6 11130/1/6
f 11087/1/6 11088/1/6 11131/1/6
f 11130/6/6 11087/6/6 11131/6/6
f 11088/5/6 11089/5/6 11132/5/6
f 11131/1/6 11088/1/6 11132/1/6
f 11089/6/6 11090/6/6 11133/6/6
f 11132/5/6 11089/5/6 11133/5/6
f 11090/6/6 11091/6/6 11133/6/6
f 11091/4/6 11092/4/6 11134/4/6
f 11133/6/6 11091/6/6 11134/6/6
f 11092/6/6 11093/6/6 11135/6/6
f 11134/4/6 11092/4/6 11135/4/6
f 11093/6/6 11094/6/6 11135/6/6
f 11094/1/6 11095/1/6 11136/1/6
f 11135/6/6 11094/6/6 11136/6/6
f 11095/1/6 11096/1/6 11136/1/6
f 11096/6/6 11097/6/6 11137/6/6
f 11136/1/6 11096/1/6 11137/1/6
f 11097/4/6 11098/4/6 11138/4/6
f 11137/6/6 11097/6/6 11138/6/6
f 11098/6/6 11099/6/6 11139/6/6
f 11138/4/6 11098/4/6 11139/4/6
f 11099/5/6 11100/5/6 11140/5/6
f 11139/6/6 11099/6/6 11140/6/6
f 11100/1/6 11101/1/6 11141/1/6
f 11140/5/6 11100/5/6 11141/5/6
f 11101/1/6 11102/1/6 11141/1/6
f 11102/5/6 11103/5/6 11142/5/6
f 11141/1/6 11102/1/6 11142/1/6
f 11103/1/6 11104/1/6 11143/1/6
f 11142/5/6 11103/5/6 11143/5/6
f 11104/6/6 11105/6/6 11144/6/6
f 11143/1/6 11104/1/6 11144/1/6
f 11110/1/6 11111/1/6 11145/1/6
f 11144/6/6 11105/6/6 11145/6/6
f 11109/1/6 11110/1/6 11145/1/6
f 11105/1/6 11106/1/6 11145/1/6
f 11108/1/6 11109/1/6 11145/1/6
f 11107/1/6 11108/1/6 11145/1/6
f 11106/1/6 11107/1/6 11145/1/6
f 11111/5/6 11112/5/6 11146/5/6
f 11145/1/6 11111/1/6 11146/1/6
f 11112/6/6 11113/6/6 11147/6/6
f 11146/5/6 11112/5/6 11147/5/6
f 11113/4/6 11114/4/6 11148/4/6
f 11147/6/6 11113/6/6 11148/6/6
f 11114/8/6 11115/8/6 11149/8/6
f 11148/4/6 11114/4/6 11149/4/6
f 11149/8/6 11115/8/6 11150/8/6
f 11151/8/6 11152/8/6 11174/8/6
f 11152/1/6 11153/1/6 11175/1/6
f 11174/8/6 11152/8/6 11175/8/6
f 11175/1/6 11153/1/6 11176/1/6
f 11176/1/6 11153/1/6 11177/1/6
f 11177/1/6 11153/1/6 11178/1/6
f 11178/1/6 11153/1/6 11179/1/6
f 11153/6/6 11154/6/6 11180/6/6
f 11179/1/6 11153/1/6 11180/1/6
f 11154/4/6 11155/4/6 11181/4/6
f 11180/6/6 11154/6/6 11181/6/6
f 11155/5/6 11156/5/6 11182/5/6
f 11181/4/6 11155/4/6 11182/4/6
f 11156/4/6 11157/4/6 11183/4/6
f 11182/5/6 11156/5/6 11183/5/6
f 11157/6/6 11158/6/6 11184/6/6
f 11183/4/6 11157/4/6 11184/4/6
f 11158/1/6 11159/1/6 11185/1/6
f 11184/6/6 11158/6/6 11185/6/6
f 11185/1/6 11159/1/6 11186/1/6
f 11186/1/6 11159/1/6 11187/1/6
f 11187/1/6 11159/1/6 11188/1/6
f 11188/1/6 11159/1/6 11189/1/6
f 11189/1/6 11159/1/6 11190/1/6
f 11159/5/6 11160/5/6 11191/5/6
f 11190/1/6 11159/1/6 11191/1/6
f 11160/4/6 11161/4/6 11192/4/6
f 11191/5/6 11160/5/6 11192/5/6
f 11161/6/6 11162/6/6 11193/6/6
f 11192/4/6 11161/4/6 11193/4/6
f 11162/5/6 11163/5/6 11194/5/6
f 11193/6/6 11162/6/6 11194/6/6
f 11163/4/6 11164/4/6 11195/4/6
f 11194/5/6 11163/5/6 11195/5/6
f 11164/5/6 11165/5/6 11196/5/6
f 11195/4/6 11164/4/6 11196/4/6
f 11165/1/6 11166/1/6 11197/1/6
f 11196/5/6 11165/5/6 11197/5/6
f 11166/5/6 11167/5/6 11198/5/6
f 11197/1/6 11166/1/6 11198/1/6
f 11198/5/6 11167/5/6 11199/5/6
f 11199/5/6 11167/5/6 11200/5/6
f 11168/4/6 11169/4/6 11201/4/6
f 11169/6/6 11170/6/6 11202/6/6
f 11201/4/6 11169/4/6 11202/4/6
f 11170/5/6 11171/5/6 11203/5/6
f 11202/6/6 11170/6/6 11203/6/6
f 11171/6/6 11172/6/6 11204/6/6
f 11203/5/6 11171/5/6 11204/5/6
f 11172/8/6 11173/8/6 11205/8/6
f 11204/6/6 11172/6/6 11205/6/6
f 11205/8/6 11173/8/6 11206/8/6
f 11207/8/6 11208/8/6 11211/8/6
f 11211/8/6 11208/8/6 11212/8/6
f 11209/8/6 11210/8/6 11213/8/6
f 11213/8/6 11210/8/6 11214/8/6
f 11211/6/6 11212/6/6 11215/6/6
f 11215/6/6 11212/6/6 11216/6/6
f 11215/5/6 11216/5/6 11217/5/6
f 11217/5/6 11216/5/6 11218/5/6
f 11213/4/6 11214/4/6 11219/4/6
f 11219/4/6 11214/4/6 11220/4/6
f 11217/6/6 11218/6/6 11221/6/6
f 11221/6/6 11218/6/6 11222/6/6
f 11219/5/6 11220/5/6 11223/5/6
f 11223/5/6 11220/5/6 11224/5/6
f 11221/5/6 11222/5/6 11225/5/6
f 11225/5/6 11222/5/6 11226/5/6
f 11223/4/6 11224/4/6 11227/4/6
f 11227/4/6 11224/4/6 11228/4/6
f 11225/7/6 11226/7/6 11229/7/6
f 11229/7/6 11226/7/6 11230/7/6
f 11227/7/6 11228/7/6 11231/7/6
f 11231/7/6 11228/7/6 11232/7/6
f 11229/4/6 11230/4/6 11233/4/6
f 11233/4/6 11230/4/6 11234/4/6
f 11231/6/6 11232/6/6 11235/6/6
f 11235/6/6 11232/6/6 11236/6/6
f 11233/5/6 11234/5/6 11237/5/6
f 11237/5/6 11234/5/6 11238/5/6
f 11235/5/6 11236/5/6 11239/5/6
f 11239/5/6 11236/5/6 11240/5/6
f 11237/4/6 11238/4/6 11241/4/6
f 11241/4/6 11238/4/6 11242/4/6
f 11239/4/6 11240/4/6 11243/4/6
f 11243/4/6 11240/4/6 11244/4/6
f 11243/6/6 11244/6/6 11245/6/6
f 11245/6/6 11244/6/6 11246/6/6
f 11241/5/6 11242/5/6 11247/5/6
f 11247/5/6 11242/5/6 11248/5/6
f 11245/7/6 11246/7/6 11249/7/6
f 11249/7/6 11246/7/6 11250/7/6
f 11247/7/6 11248/7/6 11251/7/6
f 11251/7/6 11248/7/6 11252/7/6
f 11251/5/6 11252/5/6 11253/5/6
f 11253/5/6 11252/5/6 11254/5/6
f 11249/5/6 11250/5/6 11255/5/6
f 11255/5/6 11250/5/6 11256/5/6
f 11253/4/6 11254/4/6 11257/4/6
f 11257/4/6 11254/4/6 11258/4/6
f 11255/6/6 11256/6/6 11259/6/6
f 11259/6/6 11256/6/6 11260/6/6
f 11257/5/6 11258/5/6 11261/5/6
f 11261/5/6 11258/5/6 11262/5/6
f 11259/5/6 11260/5/6 11263/5/6
f 11263/5/6 11260/5/6 11264/5/6
f 11261/6/6 11262/6/6 11265/6/6
f 11265/6/6 11262/6/6 11266/6/6
f 11263/7/6 11264/7/6 11267/7/6
f 11267/7/6 11264/7/6 11268/7/6
f 11265/4/6 11266/4/6 11269/4/6
f 11269/4/6 11266/4/6 11270/4/6
f 11267/5/6 11268/5/6 11271/5/6
f 11271/5/6 11268/5/6 11272/5/6
f 11269/7/6 11270/7/6 11273/7/6
f 11273/7/6 11270/7/6 11274/7/6
f 11271/4/6 11272/4/6 11275/4/6
f 11275/4/6 11272/4/6 11276/4/6
f 11273/4/6 11274/4/6 11277/4/6
f 11275/6/6 11276/6/6 11278/6/6
f 11278/6/6 11276/6/6 11279/6/6
f 11278/5/6 11279/5/6 11280/5/6
f 11280/5/6 11279/5/6 11281/5/6
f 11280/4/6 11281/4/6 11282/4/6
f 11282/4/6 11281/4/6 11283/4/6
f 11273/4/6 11277/4/6 11284/4/6
f 11282/7/6 11283/7/6 11285/7/6
f 11285/7/6 11283/7/6 11286/7/6
f 11273/4/6 11284/4/6 11287/4/6
f 11287/4/6 11284/4/6 11288/4/6
f 11285/4/6 11286/4/6 11289/4/6
f 11287/7/6 11288/7/6 11290/7/6
f 11290/7/6 11288/7/6 11291/7/6
f 11289/4/6 11286/4/6 11292/4/6
f 11290/5/6 11291/5/6 11293/5/6
f 11293/5/6 11291/5/6 11294/5/6
f 11292/4/6 11286/4/6 11295/4/6
f 11293/4/6 11294/4/6 11296/4/6
f 11296/4/6 11294/4/6 11297/4/6
f 11295/4/6 11286/4/6 11298/4/6
f 11298/4/6 11286/4/6 11299/4/6
f 11296/5/6 11297/5/6 11300/5/6
f 11298/7/6 11299/7/6 11301/7/6
f 11301/7/6 11299/7/6 11302/7/6
f 11296/5/6 11300/5/6 11303/5/6
f 11303/5/6 11300/5/6 11304/5/6
f 11301/5/6 11302/5/6 11305/5/6
f 11305/5/6 11302/5/6 11306/5/6
f 11303/4/6 11304/4/6 11307/4/6
f 11307/4/6 11304/4/6 11308/4/6
f 11305/4/6 11306/4/6 11309/4/6
f 11309/4/6 11306/4/6 11310/4/6
f 11307/7/6 11308/7/6 11311/7/6
f 11311/7/6 11308/7/6 11312/7/6
f 11309/6/6 11310/6/6 11313/6/6
f 11311/4/6 11312/4/6 11314/4/6
f 11313/6/6 11310/6/6 11315/6/6
f 11315/6/6 11310/6/6 11316/6/6
f 11311/4/6 11314/4/6 11317/4/6
f 11317/4/6 11314/4/6 11318/4/6
f 11315/5/6 11316/5/6 11319/5/6
f 11319/5/6 11316/5/6 11320/5/6
f 11319/7/6 11320/7/6 11321/7/6
f 11321/7/6 11320/7/6 11322/7/6
f 11317/6/6 11318/6/6 11323/6/6
f 11323/6/6 11318/6/6 11324/6/6
f 11321/6/6 11322/6/6 11325/6/6
f 11323/7/6 11324/7/6 11326/7/6
f 11326/7/6 11324/7/6 11327/7/6
f 11325/6/6 11322/6/6 11328/6/6
f 11328/6/6 11322/6/6 11329/6/6
f 11326/4/6 11327/4/6 11330/4/6
f 11330/4/6 11327/4/6 11331/4/6
f 11328/4/6 11329/4/6 11332/4/6
f 11332/4/6 11329/4/6 11333/4/6
f 11330/6/6 11331/6/6 11334/6/6
f 11332/6/6 11333/6/6 11335/6/6
f 11335/6/6 11333/6/6 11336/6/6
f 11335/7/6 11336/7/6 11337/7/6
f 11337/7/6 11336/7/6 11338/7/6
f 11330/6/6 11334/6/6 11339/6/6
f 11339/6/6 11334/6/6 11340/6/6
f 11339/7/6 11340/7/6 11341/7/6
f 11341/7/6 11340/7/6 11342/7/6
f 11337/5/6 11338/5/6 11343/5/6
f 11343/5/6 11338/5/6 11344/5/6
f 11341/6/6 11342/6/6 11345/6/6
f 11345/6/6 11342/6/6 11346/6/6
f 11343/4/6 11344/4/6 11347/4/6
f 11347/4/6 11344/4/6 11348/4/6
f 11349/8/6 11350/8/6 11377/8/6
f 11350/1/6 11351/1/6 11378/1/6
f 11377/8/6 11350/8/6 11378/8/6
f 11351/5/6 11352/5/6 11379/5/6
f 11378/1/6 11351/1/6 11379/1/6
f 11379/5/6 11352/5/6 11380/5/6
f 11380/5/6 11352/5/6 11381/5/6
f 11352/1/6 11353/1/6 11382/1/6
f 11381/5/6 11352/5/6 11382/5/6
f 11353/6/6 11354/6/6 11383/6/6
f 11382/1/6 11353/1/6 11383/1/6
f 11354/4/6 11355/4/6 11384/4/6
f 11383/6/6 11354/6/6 11384/6/6
f 11355/6/6 11356/6/6 11385/6/6
f 11384/4/6 11355/4/6 11385/4/6
f 11356/4/6 11357/4/6 11386/4/6
f 11385/6/6 11356/6/6 11386/6/6
f 11357/6/6 11358/6/6 11387/6/6
f 11386/4/6 11357/4/6 11387/4/6
f 11358/1/6 11359/1/6 11388/1/6
f 11387/6/6 11358/6/6 11388/6/6
f 11359/5/6 11360/5/6 11389/5/6
f 11388/1/6 11359/1/6 11389/1/6
f 11360/4/6 11361/4/6 11390/4/6
f 11389/5/6 11360/5/6 11390/5/6
f 11390/4/6 11361/4/6 11391/4/6
f 11361/5/6 11362/5/6 11392/5/6
f 11391/4/6 11361/4/6 11392/4/6
f 11392/5/6 11362/5/6 11393/5/6
f 11393/5/6 11362/5/6 11394/5/6
f 11362/1/6 11363/1/6 11395/1/6
f 11394/5/6 11362/5/6 11395/5/6
f 11363/6/6 11364/6/6 11396/6/6
f 11395/1/6 11363/1/6 11396/1/6
f 11364/5/6 11365/5/6 11397/5/6
f 11396/6/6 11364/6/6 11397/6/6
f 11365/6/6 11366/6/6 11398/6/6
f 11397/5/6 11365/5/6 11398/5/6
f 11366/1/6 11367/1/6 11399/1/6
f 11398/6/6 11366/6/6 11399/6/6
f 11367/6/6 11368/6/6 11400/6/6
f 11399/1/6 11367/1/6 11400/1/6
f 11368/1/6 11369/1/6 11401/1/6
f 11400/6/6 11368/6/6 11401/6/6
f 11401/1/6 11369/1/6 11402/1/6
f 11369/5/6 11370/5/6 11403/5/6
f 11402/1/6 11369/1/6 11403/1/6
f 11370/4/6 11371/4/6 11404/4/6
f 11403/5/6 11370/5/6 11404/5/6
f 11404/4/6 11371/4/6 11405/4/6
f 11372/4/6 11373/4/6 11406/4/6
f 11406/4/6 11373/4/6 11407/4/6
f 11373/6/6 11374/6/6 11408/6/6
f 11407/4/6 11373/4/6 11408/4/6
f 11374/5/6 11375/5/6 11409/5/6
f 11408/6/6 11374/6/6 11409/6/6
f 11409/5/6 11375/5/6 11410/5/6
f 11375/8/6 11376/8/6 11411/8/6
f 11410/5/6 11375/5/6 11411/5/6
f 11411/8/6 11376/8/6 11412/8/6
f 11413/8/6 11414/8/6 11415/8/6
f 11415/8/6 11414/8/6 11416/8/6
f 11417/8/6 11418/8/6 11419/8/6
f 11419/8/6 11418/8/6 11420/8/6
f 11421/8/6 11422/8/6 11472/8/6
f 11422/1/6 11423/1/6 11473/1/6
f 11472/8/6 11422/8/6 11473/8/6
f 11423/1/6 11424/1/6 11473/1/6
f 11424/6/6 11425/6/6 11474/6/6
f 11473/1/6 11424/1/6 11474/1/6
f 11425/5/6 11426/5/6 11475/5/6
f 11474/6/6 11425/6/6 11475/6/6
f 11426/1/6 11427/1/6 11476/1/6
f 11475/5/6 11426/5/6 11476/5/6
f 11427/5/6 11428/5/6 11477/5/6
f 11476/1/6 11427/1/6 11477/1/6
f 11428/1/6 11429/1/6 11478/1/6
f 11477/5/6 11428/5/6 11478/5/6
f 11429/5/6 11430/5/6 11479/5/6
f 11478/1/6 11429/1/6 11479/1/6
f 11430/6/6 11431/6/6 11480/6/6
f 11479/5/6 11430/5/6 11480/5/6
f 11431/5/6 11432/5/6 11481/5/6
f 11480/6/6 11431/6/6 11481/6/6
f 11432/4/6 11433/4/6 11482/4/6
f 11481/5/6 11432/5/6 11482/5/6
f 11433/6/6 11434/6/6 11483/6/6
f 11482/4/6 11433/4/6 11483/4/6
f 11434/5/6 11435/5/6 11484/5/6
f 11483/6/6 11434/6/6 11484/6/6
f 11435/1/6 11436/1/6 11485/1/6
f 11484/5/6 11435/5/6 11485/5/6
f 11436/5/6 11437/5/6 11486/5/6
f 11485/1/6 11436/1/6 11486/1/6
f 11437/4/6 11438/4/6 11487/4/6
f 11486/5/6 11437/5/6 11487/5/6
f 11438/6/6 11439/6/6 11488/6/6
f 11487/4/6 11438/4/6 11488/4/6
f 11439/4/6 11440/4/6 11489/4/6
f 11488/6/6 11439/6/6 11489/6/6
f 11440/5/6 11441/5/6 11490/5/6
f 11489/4/6 11440/4/6 11490/4/6
f 11441/1/6 11442/1/6 11491/1/6
f 11490/5/6 11441/5/6 11491/5/6
f 11442/6/6 11443/6/6 11492/6/6
f 11491/1/6 11442/1/6 11492/1/6
f 11443/5/6 11444/5/6 11493/5/6
f 11492/6/6 11443/6/6 11493/6/6
f 11444/5/6 11445/5/6 11493/5/6
f 11445/6/6 11446/6/6 11494/6/6
f 11493/5/6 11445/5/6 11494/5/6
f 11446/5/6 11447/5/6 11495/5/6
f 11494/6/6 11446/6/6 11495/6/6
f 11447/6/6 11448/6/6 11496/6/6
f 11495/5/6 11447/5/6 11496/5/6
f 11448/1/6 11449/1/6 11497/1/6
f 11496/6/6 11448/6/6 11497/6/6
f 11449/6/6 11450/6/6 11498/6/6
f 11497/1/6 11449/1/6 11498/1/6
f 11450/5/6 11451/5/6 11499/5/6
f 11498/6/6 11450/6/6 11499/6/6
f 11451/6/6 11452/6/6 11500/6/6
f 11499/5/6 11451/5/6 11500/5/6
f 11452/4/6 11453/4/6 11501/4/6
f 11500/6/6 11452/6/6 11501/6/6
f 11453/6/6 11454/6/6 11502/6/6
f 11501/4/6 11453/4/6 11502/4/6
f 11454/1/6 11455/1/6 11503/1/6
f 11502/6/6 11454/6/6 11503/6/6
f 11455/1/6 11456/1/6 11503/1/6
f 11456/5/6 11457/5/6 11504/5/6
f 11503/1/6 11456/1/6 11504/1/6
f 11457/5/6 11458/5/6 11504/5/6
f 11458/5/6 11459/5/6 11504/5/6
f 11459/6/6 11460/6/6 11505/6/6
f 11504/5/6 11459/5/6 11505/5/6
f 11460/1/6 11461/1/6 11506/1/6
f 11505/6/6 11460/6/6 11506/6/6
f 11461/5/6 11462/5/6 11507/5/6
f 11506/1/6 11461/1/6 11507/1/6
f 11462/6/6 11463/6/6 11508/6/6
f 11507/5/6 11462/5/6 11508/5/6
f 11463/5/6 11464/5/6 11509/5/6
f 11508/6/6 11463/6/6 11509/6/6
f 11464/1/6 11465/1/6 11510/1/6
f 11509/5/6 11464/5/6 11510/5/6
f 11465/5/6 11466/5/6 11511/5/6
f 11510/1/6 11465/1/6 11511/1/6
f 11466/4/6 11467/4/6 11512/4/6
f 11511/5/6 11466/5/6 11512/5/6
f 11467/6/6 11468/6/6 11513/6/6
f 11512/4/6 11467/4/6 11513/4/6
f 11468/5/6 11469/5/6 11514/5/6
f 11513/6/6 11468/6/6 11514/6/6
f 11469/4/6 11470/4/6 11515/4/6
f 11514/5/6 11469/5/6 11515/5/6
f 11470/8/6 11471/8/6 11516/8/6
f 11515/4/6 11470/4/6 11516/4/6
f 11516/8/6 11471/8/6 11517/8/6
f 11518/8/6 11519/8/6 11522/8/6
f 11522/8/6 11519/8/6 11523/8/6
f 11520/8/6 11521/8/6 11524/8/6
f 11524/8/6 11521/8/6 11525/8/6
f 11522/6/6 11523/6/6 11526/6/6
f 11526/6/6 11523/6/6 11527/6/6
f 11524/4/6 11525/4/6 11528/4/6
f 11528/4/6 11525/4/6 11529/4/6
f 11526/5/6 11527/5/6 11530/5/6
f 11530/5/6 11527/5/6 11531/5/6
f 11528/5/6 11529/5/6 11532/5/6
f 11530/4/6 11531/4/6 11533/4/6
f 11533/4/6 11531/4/6 11534/4/6
f 11532/5/6 11529/5/6 11535/5/6
f 11535/5/6 11529/5/6 11536/5/6
f 11533/5/6 11534/5/6 11537/5/6
f 11537/5/6 11534/5/6 11538/5/6
f 11535/4/6 11536/4/6 11539/4/6
f 11539/4/6 11536/4/6 11540/4/6
f 11537/7/6 11538/7/6 11541/7/6
f 11541/7/6 11538/7/6 11542/7/6
f 11539/7/6 11540/7/6 11543/7/6
f 11543/7/6 11540/7/6 11544/7/6
f 11541/6/6 11542/6/6 11545/6/6
f 11545/6/6 11542/6/6 11546/6/6
f 11545/5/6 11546/5/6 11547/5/6
f 11547/5/6 11546/5/6 11548/5/6
f 11543/6/6 11544/6/6 11549/6/6
f 11549/6/6 11544/6/6 11550/6/6
f 11549/4/6 11550/4/6 11551/4/6
f 11551/4/6 11550/4/6 11552/4/6
f 11547/4/6 11548/4/6 11553/4/6
f 11551/6/6 11552/6/6 11554/6/6
f 11554/6/6 11552/6/6 11555/6/6
f 11547/4/6 11553/4/6 11556/4/6
f 11556/4/6 11553/4/6 11557/4/6
f 11554/7/6 11555/7/6 11558/7/6
f 11558/7/6 11555/7/6 11559/7/6
f 11556/7/6 11557/7/6 11560/7/6
f 11560/7/6 11557/7/6 11561/7/6
f 11558/4/6 11559/4/6 11562/4/6
f 11562/4/6 11559/4/6 11563/4/6
f 11560/4/6 11561/4/6 11564/4/6
f 11564/4/6 11561/4/6 11565/4/6
f 11562/5/6 11563/5/6 11566/5/6
f 11566/5/6 11563/5/6 11567/5/6
f 11564/6/6 11565/6/6 11568/6/6
f 11564/6/6 11568/6/6 11569/6/6
f 11569/6/6 11568/6/6 11570/6/6
f 11566/4/6 11567/4/6 11571/4/6
f 11571/4/6 11567/4/6 11572/4/6
f 11569/4/6 11570/4/6 11573/4/6
f 11573/4/6 11570/4/6 11574/4/6
f 11571/7/6 11572/7/6 11575/7/6
f 11575/7/6 11572/7/6 11576/7/6
f 11573/5/6 11574/5/6 11577/5/6
f 11577/5/6 11574/5/6 11578/5/6
f 11575/4/6 11576/4/6 11579/4/6
f 11579/4/6 11576/4/6 11580/4/6
f 11577/7/6 11578/7/6 11581/7/6
f 11581/7/6 11578/7/6 11582/7/6
f 11579/5/6 11580/5/6 11583/5/6
f 11583/5/6 11580/5/6 11584/5/6
f 11581/4/6 11582/4/6 11585/4/6
f 11585/4/6 11582/4/6 11586/4/6
f 11585/6/6 11586/6/6 11587/6/6
f 11587/6/6 11586/6/6 11588/6/6
f 11583/4/6 11584/4/6 11589/4/6
f 11589/4/6 11584/4/6 11590/4/6
f 11587/4/6 11588/4/6 11591/4/6
f 11591/4/6 11588/4/6 11592/4/6
f 11589/5/6 11590/5/6 11593/5/6
f 11593/5/6 11590/5/6 11594/5/6
f 11591/5/6 11592/5/6 11595/5/6
f 11595/5/6 11592/5/6 11596/5/6
f 11593/7/6 11594/7/6 11597/7/6
f 11597/7/6 11594/7/6 11598/7/6
f 11595/4/6 11596/4/6 11599/4/6
f 11599/4/6 11596/4/6 11600/4/6
f 11597/4/6 11598/4/6 11601/4/6
f 11601/4/6 11598/4/6 11602/4/6
f 11599/7/6 11600/7/6 11603/7/6
f 11603/7/6 11600/7/6 11604/7/6
f 11603/4/6 11604/4/6 11605/4/6
f 11605/4/6 11604/4/6 11606/4/6
f 11601/6/6 11602/6/6 11607/6/6
f 11607/6/6 11602/6/6 11608/6/6
f 11605/6/6 11606/6/6 11609/6/6
f 11609/6/6 11606/6/6 11610/6/6
f 11607/5/6 11608/5/6 11611/5/6
f 11611/5/6 11608/5/6 11612/5/6
f 11609/4/6 11610/4/6 11613/4/6
f 11613/4/6 11610/4/6 11614/4/6
f 11611/7/6 11612/7/6 11615/7/6
f 11615/7/6 11612/7/6 11616/7/6
f 11613/6/6 11614/6/6 11617/6/6
f 11617/6/6 11614/6/6 11618/6/6
f 11615/4/6 11616/4/6 11619/4/6
f 11619/4/6 11616/4/6 11620/4/6
f 11617/5/6 11618/5/6 11621/5/6
f 11621/5/6 11618/5/6 11622/5/6
f 11621/7/6 11622/7/6 11623/7/6
f 11623/7/6 11622/7/6 11624/7/6
f 11619/6/6 11620/6/6 11625/6/6
f 11625/6/6 11620/6/6 11626/6/6
f 11623/4/6 11624/4/6 11627/4/6
f 11627/4/6 11624/4/6 11628/4/6
f 11625/4/6 11626/4/6 11629/4/6
f 11629/4/6 11626/4/6 11630/4/6
f 11627/6/6 11628/6/6 11631/6/6
f 11631/6/6 11628/6/6 11632/6/6
f 11629/5/6 11630/5/6 11633/5/6
f 11633/5/6 11630/5/6 11634/5/6
f 11631/5/6 11632/5/6 11635/5/6
f 11635/5/6 11632/5/6 11636/5/6
f 11633/7/6 11634/7/6 11637/7/6
f 11637/7/6 11634/7/6 11638/7/6
f 11635/4/6 11636/4/6 11639/4/6
f 11639/4/6 11636/4/6 11640/4/6
f 11639/7/6 11640/7/6 11641/7/6
f 11641/7/6 11640/7/6 11642/7/6
f 11637/6/6 11638/6/6 11643/6/6
f 11641/6/6 11642/6/6 11644/6/6
f 11644/6/6 11642/6/6 11645/6/6
f 11643/6/6 11638/6/6 11646/6/6
f 11646/6/6 11638/6/6 11647/6/6
f 11644/5/6 11645/5/6 11648/5/6
f 11648/5/6 11645/5/6 11649/5/6
f 11646/4/6 11647/4/6 11650/4/6
f 11650/4/6 11647/4/6 11651/4/6
f 11650/7/6 11651/7/6 11652/7/6
f 11652/7/6 11651/7/6 11653/7/6
f 11648/4/6 11649/4/6 11654/4/6
f 11654/4/6 11649/4/6 11655/4/6
f 11652/6/6 11653/6/6 11656/6/6
f 11656/6/6 11653/6/6 11657/6/6
f 11654/7/6 11655/7/6 11658/7/6
f 11658/7/6 11655/7/6 11659/7/6
f 11656/4/6 11657/4/6 11660/4/6
f 11660/4/6 11657/4/6 11661/4/6
f 11658/6/6 11659/6/6 11662/6/6
f 11662/6/6 11659/6/6 11663/6/6
f 11660/5/6 11661/5/6 11664/5/6
f 11664/5/6 11661/5/6 11665/5/6
f 11662/4/6 11663/4/6 11683/4/6
f 11683/4/6 11663/4/6 11684/4/6
f 11664/4/6 11665/4/6 11685/4/6
f 11685/4/6 11665/4/6 11686/4/6
f 11666/8/6 11667/8/6 11692/8/6
f 11667/1/6 11668/1/6 11693/1/6
f 11692/8/6 11667/8/6 11693/8/6
f 11693/1/6 11668/1/6 11694/1/6
f 11694/1/6 11668/1/6 11695/1/6
f 11668/5/6 11669/5/6 11696/5/6
f 11695/1/6 11668/1/6 11696/1/6
f 11669/1/6 11670/1/6 11697/1/6
f 11696/5/6 11669/5/6 11697/5/6
f 11670/6/6 11671/6/6 11698/6/6
f 11697/1/6 11670/1/6 11698/1/6
f 11671/5/6 11672/5/6 11699/5/6
f 11698/6/6 11671/6/6 11699/6/6
f 11699/5/6 11672/5/6 11700/5/6
f 11672/1/6 11673/1/6 11701/1/6
f 11700/5/6 11672/5/6 11701/5/6
f 11701/1/6 11673/1/6 11702/1/6
f 11702/1/6 11673/1/6 11703/1/6
f 11673/6/6 11674/6/6 11704/6/6
f 11703/1/6 11673/1/6 11704/1/6
f 11674/4/6 11675/4/6 11705/4/6
f 11704/6/6 11674/6/6 11705/6/6
f 11675/5/6 11676/5/6 11706/5/6
f 11705/4/6 11675/4/6 11706/4/6
f 11706/5/6 11676/5/6 11707/5/6
f 11676/1/6 11677/1/6 11708/1/6
f 11707/5/6 11676/5/6 11708/5/6
f 11677/5/6 11678/5/6 11709/5/6
f 11708/1/6 11677/1/6 11709/1/6
f 11678/4/6 11679/4/6 11710/4/6
f 11709/5/6 11678/5/6 11710/5/6
f 11679/5/6 11680/5/6 11711/5/6
f 11710/4/6 11679/4/6 11711/4/6
f 11711/5/6 11680/5/6 11712/5/6
f 11680/6/6 11681/6/6 11713/6/6
f 11712/5/6 11680/5/6 11713/5/6
f 11713/6/6 11681/6/6 11714/6/6
f 11681/1/6 11682/1/6 11715/1/6
f 11714/6/6 11681/6/6 11715/6/6
f 11682/5/6 11683/5/6 11716/5/6
f 11715/1/6 11682/1/6 11716/1/6
f 11683/6/6 11684/6/6 11717/6/6
f 11716/5/6 11683/5/6 11717/5/6
f 11717/6/6 11684/6/6 11718/6/6
f 11685/7/6 11686/7/6 11719/7/6
f 11686/5/6 11687/5/6 11720/5/6
f 11719/7/6 11686/7/6 11720/7/6
f 11687/4/6 11688/4/6 11721/4/6
f 11720/5/6 11687/5/6 11721/5/6
f 11688/5/6 11689/5/6 11722/5/6
f 11721/4/6 11688/4/6 11722/4/6
f 11722/5/6 11689/5/6 11723/5/6
f 11723/5/6 11689/5/6 11724/5/6
f 11689/6/6 11690/6/6 11725/6/6
f 11724/5/6 11689/5/6 11725/5/6
f 11690/8/6 11691/8/6 11726/8/6
f 11725/6/6 11690/6/6 11726/6/6
f 11726/8/6 11691/8/6 11727/8/6
f 11728/8/6 11729/8/6 11730/8/6
f 11730/8/6 11729/8/6 11731/8/6
f 11732/8/6 11733/8/6 11734/8/6
f 11734/8/6 11733/8/6 11735/8/6
f 11736/8/6 11737/8/6 11782/8/6
f 11737/5/6 11738/5/6 11783/5/6
f 11782/8/6 11737/8/6 11783/8/6
f 11738/6/6 11739/6/6 11784/6/6
f 11783/5/6 11738/5/6 11784/5/6
f 11739/6/6 11740/6/6 11784/6/6
f 11740/1/6 11741/1/6 11785/1/6
f 11784/6/6 11740/6/6 11785/6/6
f 11741/6/6 11742/6/6 11786/6/6
f 11785/1/6 11741/1/6 11786/1/6
f 11742/5/6 11743/5/6 11787/5/6
f 11786/6/6 11742/6/6 11787/6/6
f 11743/4/6 11744/4/6 11788/4/6
f 11787/5/6 11743/5/6 11788/5/6
f 11744/5/6 11745/5/6 11789/5/6
f 11788/4/6 11744/4/6 11789/4/6
f 11745/6/6 11746/6/6 11790/6/6
f 11789/5/6 11745/5/6 11790/5/6
f 11746/1/6 11747/1/6 11791/1/6
f 11790/6/6 11746/6/6 11791/6/6
f 11747/6/6 11748/6/6 11792/6/6
f 11791/1/6 11747/1/6 11792/1/6
f 11748/6/6 11749/6/6 11792/6/6
f 11749/5/6 11750/5/6 11793/5/6
f 11792/6/6 11749/6/6 11793/6/6
f 11750/5/6 11751/5/6 11793/5/6
f 11751/6/6 11752/6/6 11794/6/6
f 11793/5/6 11751/5/6 11794/5/6
f 11752/1/6 11753/1/6 11795/1/6
f 11794/6/6 11752/6/6 11795/6/6
f 11753/1/6 11754/1/6 11795/1/6
f 11754/6/6 11755/6/6 11796/6/6
f 11795/1/6 11754/1/6 11796/1/6
f 11755/6/6 11756/6/6 11796/6/6
f 11756/5/6 11757/5/6 11797/5/6
f 11796/6/6 11756/6/6 11797/6/6
f 11757/5/6 11758/5/6 11797/5/6
f 11758/1/6 11759/1/6 11798/1/6
f 11797/5/6 11758/5/6 11798/5/6
f 11759/1/6 11760/1/6 11798/1/6
f 11760/6/6 11761/6/6 11799/6/6
f 11798/1/6 11760/1/6 11799/1/6
f 11761/6/6 11762/6/6 11799/6/6
f 11762/5/6 11763/5/6 11800/5/6
f 11799/6/6 11762/6/6 11800/6/6
f 11763/6/6 11764/6/6 11801/6/6
f 11800/5/6 11763/5/6 11801/5/6
f 11764/1/6 11765/1/6 11802/1/6
f 11801/6/6 11764/6/6 11802/6/6
f 11765/6/6 11766/6/6 11803/6/6
f 11802/1/6 11765/1/6 11803/1/6
f 11766/5/6 11767/5/6 11804/5/6
f 11803/6/6 11766/6/6 11804/6/6
f 11767/6/6 11768/6/6 11805/6/6
f 11804/5/6 11767/5/6 11805/5/6
f 11768/5/6 11769/5/6 11806/5/6
f 11805/6/6 11768/6/6 11806/6/6
f 11769/1/6 11770/1/6 11807/1/6
f 11806/5/6 11769/5/6 11807/5/6
f 11770/1/6 11771/1/6 11807/1/6
f 11771/5/6 11772/5/6 11808/5/6
f 11807/1/6 11771/1/6 11808/1/6
f 11773/1/6 11774/1/6 11809/1/6
f 11808/5/6 11772/5/6 11809/5/6
f 11772/1/6 11773/1/6 11809/1/6
f 11774/5/6 11775/5/6 11810/5/6
f 11809/1/6 11774/1/6 11810/1/6
f 11776/1/6 11777/1/6 11811/1/6
f 11810/5/6 11775/5/6 11811/5/6
f 11775/1/6 11776/1/6 11811/1/6
f 11777/5/6 11778/5/6 11812/5/6
f 11811/1/6 11777/1/6 11812/1/6
f 11778/6/6 11779/6/6 11813/6/6
f 11812/5/6 11778/5/6 11813/5/6
f 11779/4/6 11780/4/6 11814/4/6
f 11813/6/6 11779/6/6 11814/6/6
f 11780/8/6 11781/8/6 11815/8/6
f 11814/4/6 11780/4/6 11815/4/6
f 11815/8/6 11781/8/6 11816/8/6
f 11817/8/6 11818/8/6 11821/8/6
f 11821/8/6 11818/8/6 11822/8/6
f 11819/8/6 11820/8/6 11823/8/6
f 11823/8/6 11820/8/6 11824/8/6
f 11823/6/6 11824/6/6 11825/6/6
f 11825/6/6 11824/6/6 11826/6/6
f 11821/5/6 11822/5/6 11827/5/6
f 11827/5/6 11822/5/6 11828/5/6
f 11825/4/6 11826/4/6 11829/4/6
f 11829/4/6 11826/4/6 11830/4/6
f 11827/6/6 11828/6/6 11831/6/6
f 11831/6/6 11828/6/6 11832/6/6
f 11829/6/6 11830/6/6 11833/6/6
f 11833/6/6 11830/6/6 11834/6/6
f 11831/4/6 11832/4/6 11835/4/6
f 11835/4/6 11832/4/6 11836/4/6
f 11833/4/6 11834/4/6 11837/4/6
f 11837/4/6 11834/4/6 11838/4/6
f 11835/7/6 11836/7/6 11839/7/6
f 11839/7/6 11836/7/6 11840/7/6
f 11837/7/6 11838/7/6 11841/7/6
f 11841/7/6 11838/7/6 11842/7/6
f 11839/4/6 11840/4/6 11843/4/6
f 11843/4/6 11840/4/6 11844/4/6
f 11843/5/6 11844/5/6 11845/5/6
f 11845/5/6 11844/5/6 11846/5/6
f 11841/4/6 11842/4/6 11847/4/6
f 11847/4/6 11842/4/6 11848/4/6
f 11845/4/6 11846/4/6 11849/4/6
f 11845/4/6 11849/4/6 11850/4/6
f 11850/4/6 11849/4/6 11851/4/6
f 11847/6/6 11848/6/6 11852/6/6
f 11852/6/6 11848/6/6 11853/6/6
f 11850/6/6 11851/6/6 11854/6/6
f 11854/6/6 11851/6/6 11855/6/6
f 11852/7/6 11853/7/6 11856/7/6
f 11856/7/6 11853/7/6 11857/7/6
f 11854/7/6 11855/7/6 11858/7/6
f 11858/7/6 11855/7/6 11859/7/6
f 11856/5/6 11857/5/6 11860/5/6
f 11858/5/6 11859/5/6 11861/5/6
f 11861/5/6 11859/5/6 11862/5/6
f 11860/5/6 11857/5/6 11863/5/6
f 11863/5/6 11857/5/6 11864/5/6
f 11861/6/6 11862/6/6 11865/6/6
f 11865/6/6 11862/6/6 11866/6/6
f 11863/4/6 11864/4/6 11867/4/6
f 11867/4/6 11864/4/6 11868/4/6
f 11868/4/6 11864/4/6 11869/4/6
f 11865/4/6 11866/4/6 11870/4/6
f 11870/4/6 11866/4/6 11871/4/6
f 11868/7/6 11869/7/6 11872/7/6
f 11872/7/6 11869/7/6 11873/7/6
f 11870/6/6 11871/6/6 11874/6/6
f 11874/6/6 11871/6/6 11875/6/6
f 11872/5/6 11873/5/6 11876/5/6
f 11874/7/6 11875/7/6 11877/7/6
f 11877/7/6 11875/7/6 11878/7/6
f 11876/5/6 11873/5/6 11879/5/6
f 11879/5/6 11873/5/6 11880/5/6
f 11877/5/6 11878/5/6 11881/5/6
f 11879/6/6 11880/6/6 11882/6/6
f 11882/6/6 11880/6/6 11883/6/6
f 11877/5/6 11881/5/6 11884/5/6
f 11884/5/6 11881/5/6 11885/5/6
f 11882/5/6 11883/5/6 11886/5/6
f 11886/5/6 11883/5/6 11887/5/6
f 11884/4/6 11885/4/6 11888/4/6
f 11888/4/6 11885/4/6 11889/4/6
f 11886/7/6 11887/7/6 11890/7/6
f 11890/7/6 11887/7/6 11891/7/6
f 11888/5/6 11889/5/6 11892/5/6
f 11892/5/6 11889/5/6 11893/5/6
f 11890/6/6 11891/6/6 11894/6/6
f 11894/6/6 11891/6/6 11895/6/6
f 11892/7/6 11893/7/6 11896/7/6
f 11896/7/6 11893/7/6 11897/7/6
f 11896/6/6 11897/6/6 11898/6/6
f 11898/6/6 11897/6/6 11899/6/6
f 11894/4/6 11895/4/6 11900/4/6
f 11898/4/6 11899/4/6 11901/4/6
f 11900/4/6 11895/4/6 11902/4/6
f 11902/4/6 11895/4/6 11903/4/6
f 11898/4/6 11901/4/6 11904/4/6
f 11902/7/6 11903/7/6 11905/7/6
f 11905/7/6 11903/7/6 11906/7/6
f 11898/4/6 11904/4/6 11907/4/6
f 11905/6/6 11906/6/6 11908/6/6
f 11908/6/6 11906/6/6 11909/6/6
f 11898/4/6 11907/4/6 11910/4/6
f 11910/4/6 11907/4/6 11911/4/6
f 11908/5/6 11909/5/6 11912/5/6
f 11910/7/6 11911/7/6 11913/7/6
f 11913/7/6 11911/7/6 11914/7/6
f 11912/5/6 11909/5/6 11915/5/6
f 11915/5/6 11909/5/6 11916/5/6
f 11913/4/6 11914/4/6 11917/4/6
f 11917/4/6 11914/4/6 11918/4/6
f 11915/4/6 11916/4/6 11919/4/6
f 11919/4/6 11916/4/6 11920/4/6
f 11919/5/6 11920/5/6 11921/5/6
f 11921/5/6 11920/5/6 11922/5/6
f 11917/5/6 11918/5/6 11923/5/6
f 11923/5/6 11918/5/6 11924/5/6
f 11921/7/6 11922/7/6 11925/7/6
f 11925/7/6 11922/7/6 11926/7/6
f 11923/4/6 11924/4/6 11927/4/6
f 11927/4/6 11924/4/6 11928/4/6
f 11927/7/6 11928/7/6 11929/7/6
f 11929/7/6 11928/7/6 11930/7/6
f 11925/4/6 11926/4/6 11931/4/6
f 11931/4/6 11926/4/6 11932/4/6
f 11929/5/6 11930/5/6 11933/5/6
f 11933/5/6 11930/5/6 11934/5/6
f 11931/5/6 11932/5/6 11935/5/6
f 11935/5/6 11932/5/6 11936/5/6
f 11935/7/6 11936/7/6 11937/7/6
f 11937/7/6 11936/7/6 11938/7/6
f 11933/6/6 11934/6/6 11939/6/6
f 11939/6/6 11934/6/6 11940/6/6
f 11939/7/6 11940/7/6 11941/7/6
f 11941/7/6 11940/7/6 11942/7/6
f 11937/5/6 11938/5/6 11943/5/6
f 11943/5/6 11938/5/6 11944/5/6
f 11943/6/6 11944/6/6 11945/6/6
f 11945/6/6 11944/6/6 11946/6/6
f 11941/6/6 11942/6/6 11947/6/6
f 11945/5/6 11946/5/6 11948/5/6
f 11948/5/6 11946/5/6 11949/5/6
f 11941/6/6 11947/6/6 11950/6/6
f 11950/6/6 11947/6/6 11951/6/6
f 11948/7/6 11949/7/6 11952/7/6
f 11952/7/6 11949/7/6 11953/7/6
f 11954/8/6 11955/8/6 11956/8/6
f 11956/8/6 11955/8/6 11957/8/6
f 11958/8/6 11959/8/6 11962/8/6
f 11962/8/6 11959/8/6 11963/8/6
f 11960/8/6 11961/8/6 11964/8/6
f 11964/8/6 11961/8/6 11965/8/6
f 11964/5/6 11965/5/6 11966/5/6
f 11966/5/6 11965/5/6 11967/5/6
f 11962/4/6 11963/4/6 11968/4/6
f 11966/6/6 11967/6/6 11969/6/6
f 11969/6/6 11967/6/6 11970/6/6
f 11962/4/6 11968/4/6 11971/4/6
f 11969/4/6 11970/4/6 11972/4/6
f 11972/4/6 11970/4/6 11973/4/6
f 11962/4/6 11971/4/6 11974/4/6
f 11974/4/6 11971/4/6 11975/4/6
f 11972/5/6 11973/5/6 11976/5/6
f 11976/5/6 11973/5/6 11977/5/6
f 11974/7/6 11975/7/6 11978/7/6
f 11978/7/6 11975/7/6 11979/7/6
f 11976/7/6 11977/7/6 11980/7/6
f 11980/7/6 11977/7/6 11981/7/6
f 11978/5/6 11979/5/6 11982/5/6
f 11982/5/6 11979/5/6 11983/5/6
f 11980/4/6 11981/4/6 11984/4/6
f 11984/4/6 11981/4/6 11985/4/6
f 11982/6/6 11983/6/6 11986/6/6
f 11986/6/6 11983/6/6 11987/6/6
f 11984/6/6 11985/6/6 11988/6/6
f 11986/4/6 11987/4/6 11989/4/6
f 11989/4/6 11987/4/6 11990/4/6
f 11988/6/6 11985/6/6 11991/6/6
f 11991/6/6 11985/6/6 11992/6/6
f 11989/6/6 11990/6/6 11993/6/6
f 11991/5/6 11992/5/6 11994/5/6
f 11994/5/6 11992/5/6 11995/5/6
f 11989/6/6 11993/6/6 11996/6/6
f 11996/6/6 11993/6/6 11997/6/6
f 11994/7/6 11995/7/6 11998/7/6
f 11998/7/6 11995/7/6 11999/7/6
f 11996/7/6 11997/7/6 12000/7/6
f 12000/7/6 11997/7/6 12001/7/6
f 11998/5/6 11999/5/6 12002/5/6
f 12002/5/6 11999/5/6 12003/5/6
f 12000/4/6 12001/4/6 12004/4/6
f 12004/4/6 12001/4/6 12005/4/6
f 12002/6/6 12003/6/6 12006/6/6
f 12004/6/6 12005/6/6 12007/6/6
f 12007/6/6 12005/6/6 12008/6/6
f 12007/5/6 12008/5/6 12009/5/6
f 12009/5/6 12008/5/6 12010/5/6
f 12006/6/6 12003/6/6 12011/6/6
f 12011/6/6 12003/6/6 12012/6/6
f 12009/4/6 12010/4/6 12013/4/6
f 12013/4/6 12010/4/6 12014/4/6
f 12011/7/6 12012/7/6 12015/7/6
f 12015/7/6 12012/7/6 12016/7/6
f 12013/6/6 12014/6/6 12017/6/6
f 12017/6/6 12014/6/6 12018/6/6
f 12015/5/6 12016/5/6 12019/5/6
f 12019/5/6 12016/5/6 12020/5/6
f 12019/4/6 12020/4/6 12021/4/6
f 12021/4/6 12020/4/6 12022/4/6
f 12021/5/6 12022/5/6 12023/5/6
f 12023/5/6 12022/5/6 12024/5/6
f 12023/4/6 12024/4/6 12025/4/6
f 12025/4/6 12024/4/6 12026/4/6
f 12025/7/6 12026/7/6 12027/7/6
f 12027/7/6 12026/7/6 12028/7/6
f 12027/6/6 12028/6/6 12029/6/6
f 12029/6/6 12028/6/6 12030/6/6
f 12017/7/6 12018/7/6 12031/7/6
f 12031/7/6 12018/7/6 12032/7/6
f 12029/5/6 12030/5/6 12033/5/6
f 12031/4/6 12032/4/6 12034/4/6
f 12034/4/6 12032/4/6 12035/4/6
f 12033/5/6 12030/5/6 12036/5/6
f 12036/5/6 12030/5/6 12037/5/6
f 12034/5/6 12035/5/6 12038/5/6
f 12036/6/6 12037/6/6 12039/6/6
f 12039/6/6 12037/6/6 12040/6/6
f 12034/5/6 12038/5/6 12041/5/6
f 12039/7/6 12040/7/6 12042/7/6
f 12042/7/6 12040/7/6 12043/7/6
f 12034/5/6 12041/5/6 12044/5/6
f 12044/5/6 12041/5/6 12045/5/6
f 12042/6/6 12043/6/6 12046/6/6
f 12044/4/6 12045/4/6 12047/4/6
f 12047/4/6 12045/4/6 12048/4/6
f 12046/6/6 12043/6/6 12049/6/6
f 12049/6/6 12043/6/6 12050/6/6
f 12047/7/6 12048/7/6 12051/7/6
f 12051/7/6 12048/7/6 12052/7/6
f 12049/4/6 12050/4/6 12053/4/6
f 12053/4/6 12050/4/6 12054/4/6
f 12051/5/6 12052/5/6 12055/5/6
f 12055/5/6 12052/5/6 12056/5/6
f 12053/5/6 12054/5/6 12057/5/6
f 12055/6/6 12056/6/6 12058/6/6
f 12058/6/6 12056/6/6 12059/6/6
f 12057/5/6 12054/5/6 12060/5/6
f 12060/5/6 12054/5/6 12061/5/6
f 12058/5/6 12059/5/6 12062/5/6
f 12062/5/6 12059/5/6 12063/5/6
f 12060/7/6 12061/7/6 12064/7/6
f 12064/7/6 12061/7/6 12065/7/6
f 12062/6/6 12063/6/6 12066/6/6
f 12066/6/6 12063/6/6 12067/6/6
f 12064/6/6 12065/6/6 12068/6/6
f 12068/6/6 12065/6/6 12069/6/6
f 12066/7/6 12067/7/6 12070/7/6
f 12070/7/6 12067/7/6 12071/7/6
f 12068/5/6 12069/5/6 12072/5/6
f 12072/5/6 12069/5/6 12073/5/6
f 12070/4/6 12071/4/6 12074/4/6
f 12074/4/6 12071/4/6 12075/4/6
f 12072/4/6 12073/4/6 12076/4/6
f 12076/4/6 12073/4/6 12077/4/6
f 12074/6/6 12075/6/6 12078/6/6
f 12076/6/6 12077/6/6 12079/6/6
f 12079/6/6 12077/6/6 12080/6/6
f 12074/6/6 12078/6/6 12081/6/6
f 12079/7/6 12080/7/6 12082/7/6
f 12082/7/6 12080/7/6 12083/7/6
f 12074/6/6 12081/6/6 12084/6/6
f 12084/6/6 12081/6/6 12085/6/6
f 12082/4/6 12083/4/6 12086/4/6
f 12086/4/6 12083/4/6 12087/4/6
f 12084/7/6 12085/7/6 12088/7/6
f 12088/7/6 12085/7/6 12089/7/6
f 12088/6/6 12089/6/6 12090/6/6
f 12090/6/6 12089/6/6 12091/6/6
f 12086/6/6 12087/6/6 12092/6/6
f 12092/6/6 12087/6/6 12093/6/6
f 12090/5/6 12091/5/6 12094/5/6
f 12094/5/6 12091/5/6 12095/5/6
f 12092/4/6 12093/4/6 12096/4/6
f 12096/4/6 12093/4/6 12097/4/6
f 12094/4/6 12095/4/6 12118/4/6
f 12118/4/6 12095/4/6 12119/4/6
f 12096/7/6 12097/7/6 12120/7/6
f 12120/7/6 12097/7/6 12121/7/6
f 12098/8/6 12099/8/6 12128/8/6
f 12099/1/6 12100/1/6 12129/1/6
f 12128/8/6 12099/8/6 12129/8/6
f 12100/5/6 12101/5/6 12130/5/6
f 12129/1/6 12100/1/6 12130/1/6
f 12101/4/6 12102/4/6 12131/4/6
f 12130/5/6 12101/5/6 12131/5/6
f 12102/5/6 12103/5/6 12132/5/6
f 12131/4/6 12102/4/6 12132/4/6
f 12103/1/6 12104/1/6 12133/1/6
f 12132/5/6 12103/5/6 12133/5/6
f 12133/1/6 12104/1/6 12134/1/6
f 12104/5/6 12105/5/6 12135/5/6
f 12134/1/6 12104/1/6 12135/1/6
f 12105/4/6 12106/4/6 12136/4/6
f 12135/5/6 12105/5/6 12136/5/6
f 12106/6/6 12107/6/6 12137/6/6
f 12136/4/6 12106/4/6 12137/4/6
f 12107/1/6 12108/1/6 12138/1/6
f 12137/6/6 12107/6/6 12138/6/6
f 12138/1/6 12108/1/6 12139/1/6
f 12108/5/6 12109/5/6 12140/5/6
f 12139/1/6 12108/1/6 12140/1/6
f 12109/4/6 12110/4/6 12141/4/6
f 12140/5/6 12109/5/6 12141/5/6
f 12110/5/6 12111/5/6 12142/5/6
f 12141/4/6 12110/4/6 12142/4/6
f 12111/6/6 12112/6/6 12143/6/6
f 12142/5/6 12111/5/6 12143/5/6
f 12112/1/6 12113/1/6 12144/1/6
f 12143/6/6 12112/6/6 12144/6/6
f 12144/1/6 12113/1/6 12145/1/6
f 12145/1/6 12113/1/6 12146/1/6
f 12113/5/6 12114/5/6 12147/5/6
f 12146/1/6 12113/1/6 12147/1/6
f 12114/6/6 12115/6/6 12148/6/6
f 12147/5/6 12114/5/6 12148/5/6
f 12115/1/6 12116/1/6 12149/1/6
f 12148/6/6 12115/6/6 12149/6/6
f 12116/6/6 12117/6/6 12150/6/6
f 12149/1/6 12116/1/6 12150/1/6
f 12117/1/6 12118/1/6 12151/1/6
f 12150/6/6 12117/6/6 12151/6/6
f 12151/1/6 12118/1/6 12152/1/6
f 12152/1/6 12118/1/6 12153/1/6
f 12118/5/6 12119/5/6 12154/5/6
f 12153/1/6 12118/1/6 12154/1/6
f 12154/5/6 12119/5/6 12155/5/6
f 12120/6/6 12121/6/6 12156/6/6
f 12121/5/6 12122/5/6 12157/5/6
f 12156/6/6 12121/6/6 12157/6/6
f 12122/1/6 12123/1/6 12158/1/6
f 12157/5/6 12122/5/6 12158/5/6
f 12123/5/6 12124/5/6 12159/5/6
f 12158/1/6 12123/1/6 12159/1/6
f 12159/5/6 12124/5/6 12160/5/6
f 12124/6/6 12125/6/6 12161/6/6
f 12160/5/6 12124/5/6 12161/5/6
f 12161/6/6 12125/6/6 12162/6/6
f 12162/6/6 12125/6/6 12163/6/6
f 12125/5/6 12126/5/6 12164/5/6
f 12163/6/6 12125/6/6 12164/6/6
f 12126/8/6 12127/8/6 12165/8/6
f 12164/5/6 12126/5/6 12165/5/6
f 12165/8/6 12127/8/6 12166/8/6
f 12167/8/6 12168/8/6 12217/8/6
f 12168/5/6 12169/5/6 12218/5/6
f 12217/8/6 12168/8/6 12218/8/6
f 12169/4/6 12170/4/6 12219/4/6
f 12218/5/6 12169/5/6 12219/5/6
f 12170/5/6 12171/5/6 12220/5/6
f 12219/4/6 12170/4/6 12220/4/6
f 12171/5/6 12172/5/6 12220/5/6
f 12172/4/6 12173/4/6 12221/4/6
f 12220/5/6 12172/5/6 12221/5/6
f 12173/5/6 12174/5/6 12222/5/6
f 12221/4/6 12173/4/6 12222/4/6
f 12174/1/6 12175/1/6 12223/1/6
f 12222/5/6 12174/5/6 12223/5/6
f 12175/6/6 12176/6/6 12224/6/6
f 12223/1/6 12175/1/6 12224/1/6
f 12176/5/6 12177/5/6 12225/5/6
f 12224/6/6 12176/6/6 12225/6/6
f 12177/6/6 12178/6/6 12226/6/6
f 12225/5/6 12177/5/6 12226/5/6
f 12178/5/6 12179/5/6 12227/5/6
f 12226/6/6 12178/6/6 12227/6/6
f 12179/1/6 12180/1/6 12228/1/6
f 12227/5/6 12179/5/6 12228/5/6
f 12180/5/6 12181/5/6 12229/5/6
f 12228/1/6 12180/1/6 12229/1/6
f 12181/6/6 12182/6/6 12230/6/6
f 12229/5/6 12181/5/6 12230/5/6
f 12182/6/6 12183/6/6 12230/6/6
f 12183/4/6 12184/4/6 12231/4/6
f 12230/6/6 12183/6/6 12231/6/6
f 12184/5/6 12185/5/6 12232/5/6
f 12231/4/6 12184/4/6 12232/4/6
f 12185/6/6 12186/6/6 12233/6/6
f 12232/5/6 12185/5/6 12233/5/6
f 12186/1/6 12187/1/6 12234/1/6
f 12233/6/6 12186/6/6 12234/6/6
f 12187/6/6 12188/6/6 12235/6/6
f 12234/1/6 12187/1/6 12235/1/6
f 12188/6/6 12189/6/6 12235/6/6
f 12189/6/6 12190/6/6 12235/6/6
f 12190/1/6 12191/1/6 12236/1/6
f 12235/6/6 12190/6/6 12236/6/6
f 12191/5/6 12192/5/6 12237/5/6
f 12236/1/6 12191/1/6 12237/1/6
f 12192/5/6 12193/5/6 12237/5/6
f 12193/1/6 12194/1/6 12238/1/6
f 12237/5/6 12193/5/6 12238/5/6
f 12194/6/6 12195/6/6 12239/6/6
f 12238/1/6 12194/1/6 12239/1/6
f 12195/6/6 12196/6/6 12239/6/6
f 12196/4/6 12197/4/6 12240/4/6
f 12239/6/6 12196/6/6 12240/6/6
f 12197/5/6 12198/5/6 12241/5/6
f 12240/4/6 12197/4/6 12241/4/6
f 12198/1/6 12199/1/6 12242/1/6
f 12241/5/6 12198/5/6 12242/5/6
f 12199/5/6 12200/5/6 12243/5/6
f 12242/1/6 12199/1/6 12243/1/6
f 12200/6/6 12201/6/6 12244/6/6
f 12243/5/6 12200/5/6 12244/5/6
f 12201/5/6 12202/5/6 12245/5/6
f 12244/6/6 12201/6/6 12245/6/6
f 12202/4/6 12203/4/6 12246/4/6
f 12245/5/6 12202/5/6 12246/5/6
f 12203/5/6 12204/5/6 12247/5/6
f 12246/4/6 12203/4/6 12247/4/6
f 12204/1/6 12205/1/6 12248/1/6
f 12247/5/6 12204/5/6 12248/5/6
f 12205/6/6 12206/6/6 12249/6/6
f 12248/1/6 12205/1/6 12249/1/6
f 12206/4/6 12207/4/6 12250/4/6
f 12249/6/6 12206/6/6 12250/6/6
f 12207/6/6 12208/6/6 12251/6/6
f 12250/4/6 12207/4/6 12251/4/6
f 12208/5/6 12209/5/6 12252/5/6
f 12251/6/6 12208/6/6 12252/6/6
f 12209/1/6 12210/1/6 12253/1/6
f 12252/5/6 12209/5/6 12253/5/6
f 12210/5/6 12211/5/6 12254/5/6
f 12253/1/6 12210/1/6 12254/1/6
f 12211/6/6 12212/6/6 12255/6/6
f 12254/5/6 12211/5/6 12255/5/6
f 12212/5/6 12213/5/6 12256/5/6
f 12255/6/6 12212/6/6 12256/6/6
f 12213/4/6 12214/4/6 12257/4/6
f 12256/5/6 12213/5/6 12257/5/6
f 12214/5/6 12215/5/6 12258/5/6
f 12257/4/6 12214/4/6 12258/4/6
f 12215/8/6 12216/8/6 12259/8/6
f 12258/5/6 12215/5/6 12259/5/6
f 12259/8/6 12216/8/6 12260/8/6
f 12261/8/6 12262/8/6 12265/8/6
f 12265/8/6 12262/8/6 12266/8/6
f 12263/8/6 12264/8/6 12267/8/6
f 12267/8/6 12264/8/6 12268/8/6
f 12265/4/6 12266/4/6 12269/4/6
f 12269/4/6 12266/4/6 12270/4/6
f 12267/6/6 12268/6/6 12271/6/6
f 12271/6/6 12268/6/6 12272/6/6
f 12269/5/6 12270/5/6 12273/5/6
f 12273/5/6 12270/5/6 12274/5/6
f 12271/5/6 12272/5/6 12275/5/6
f 12275/5/6 12272/5/6 12276/5/6
f 12273/6/6 12274/6/6 12277/6/6
f 12277/6/6 12274/6/6 12278/6/6
f 12275/6/6 12276/6/6 12279/6/6
f 12279/6/6 12276/6/6 12280/6/6
f 12277/5/6 12278/5/6 12281/5/6
f 12281/5/6 12278/5/6 12282/5/6
f 12279/4/6 12280/4/6 12283/4/6
f 12283/4/6 12280/4/6 12284/4/6
f 12281/7/6 12282/7/6 12285/7/6
f 12285/7/6 12282/7/6 12286/7/6
f 12283/7/6 12284/7/6 12287/7/6
f 12287/7/6 12284/7/6 12288/7/6
f 12285/6/6 12286/6/6 12289/6/6
f 12289/6/6 12286/6/6 12290/6/6
f 12287/5/6 12288/5/6 12291/5/6
f 12291/5/6 12288/5/6 12292/5/6
f 12289/5/6 12290/5/6 12293/5/6
f 12293/5/6 12290/5/6 12294/5/6
f 12291/4/6 12292/4/6 12295/4/6
f 12295/4/6 12292/4/6 12296/4/6
f 12293/6/6 12294/6/6 12297/6/6
f 12297/6/6 12294/6/6 12298/6/6
f 12295/6/6 12296/6/6 12299/6/6
f 12299/6/6 12296/6/6 12300/6/6
f 12297/4/6 12298/4/6 12301/4/6
f 12301/4/6 12298/4/6 12302/4/6
f 12299/4/6 12300/4/6 12303/4/6
f 12303/4/6 12300/4/6 12304/4/6
f 12301/5/6 12302/5/6 12305/5/6
f 12305/5/6 12302/5/6 12306/5/6
f 12303/7/6 12304/7/6 12307/7/6
f 12307/7/6 12304/7/6 12308/7/6
f 12305/7/6 12306/7/6 12309/7/6
f 12309/7/6 12306/7/6 12310/7/6
f 12307/5/6 12308/5/6 12311/5/6
f 12311/5/6 12308/5/6 12312/5/6
f 12309/6/6 12310/6/6 12313/6/6
f 12313/6/6 12310/6/6 12314/6/6
f 12311/4/6 12312/4/6 12315/4/6
f 12315/4/6 12312/4/6 12316/4/6
f 12313/4/6 12314/4/6 12317/4/6
f 12317/4/6 12314/4/6 12318/4/6
f 12315/5/6 12316/5/6 12319/5/6
f 12319/5/6 12316/5/6 12320/5/6
f 12317/6/6 12318/6/6 12321/6/6
f 12319/6/6 12320/6/6 12322/6/6
f 12322/6/6 12320/6/6 12323/6/6
f 12317/6/6 12321/6/6 12324/6/6
f 12324/6/6 12321/6/6 12325/6/6
f 12322/7/6 12323/7/6 12326/7/6
f 12326/7/6 12323/7/6 12327/7/6
f 12324/4/6 12325/4/6 12328/4/6
f 12328/4/6 12325/4/6 12329/4/6
f 12326/4/6 12327/4/6 12330/4/6
f 12330/4/6 12327/4/6 12331/4/6
f 12328/7/6 12329/7/6 12332/7/6
f 12332/7/6 12329/7/6 12333/7/6
f 12332/4/6 12333/4/6 12334/4/6
f 12330/6/6 12331/6/6 12335/6/6
f 12335/6/6 12331/6/6 12336/6/6
f 12332/4/6 12334/4/6 12337/4/6
f 12335/4/6 12336/4/6 12338/4/6
f 12338/4/6 12336/4/6 12339/4/6
f 12332/4/6 12337/4/6 12340/4/6
f 12340/4/6 12337/4/6 12341/4/6
f 12338/6/6 12339/6/6 12342/6/6
f 12342/6/6 12339/6/6 12343/6/6
f 12340/6/6 12341/6/6 12344/6/6
f 12344/6/6 12341/6/6 12345/6/6
f 12342/7/6 12343/7/6 12346/7/6
f 12346/7/6 12343/7/6 12347/7/6
f 12344/5/6 12345/5/6 12348/5/6
f 12348/5/6 12345/5/6 12349/5/6
f 12346/6/6 12347/6/6 12350/6/6
f 12350/6/6 12347/6/6 12351/6/6
f 12348/7/6 12349/7/6 12352/7/6
f 12352/7/6 12349/7/6 12353/7/6
f 12350/5/6 12351/5/6 12354/5/6
f 12354/5/6 12351/5/6 12355/5/6
f 12352/6/6 12353/6/6 12356/6/6
f 12356/6/6 12353/6/6 12357/6/6
f 12354/4/6 12355/4/6 12358/4/6
f 12358/4/6 12355/4/6 12359/4/6
f 12356/4/6 12357/4/6 12360/4/6
f 12358/5/6 12359/5/6 12361/5/6
f 12361/5/6 12359/5/6 12362/5/6
f 12356/4/6 12360/4/6 12363/4/6
f 12363/4/6 12360/4/6 12364/4/6
f 12361/7/6 12362/7/6 12365/7/6
f 12365/7/6 12362/7/6 12366/7/6
f 12363/6/6 12364/6/6 12367/6/6
f 12365/6/6 12366/6/6 12368/6/6
f 12363/6/6 12367/6/6 12369/6/6
f 12369/6/6 12367/6/6 12370/6/6
f 12368/6/6 12366/6/6 12371/6/6
f 12371/6/6 12366/6/6 12372/6/6
f 12369/7/6 12370/7/6 12373/7/6
f 12373/7/6 12370/7/6 12374/7/6
f 12371/5/6 12372/5/6 12375/5/6
f 12375/5/6 12372/5/6 12376/5/6
f 12376/5/6 12372/5/6 12377/5/6
f 12373/6/6 12374/6/6 12378/6/6
f 12378/6/6 12374/6/6 12379/6/6
f 12376/6/6 12377/6/6 12380/6/6
f 12380/6/6 12377/6/6 12381/6/6
f 12378/5/6 12379/5/6 12382/5/6
f 12382/5/6 12379/5/6 12383/5/6
f 12380/7/6 12381/7/6 12384/7/6
f 12384/7/6 12381/7/6 12385/7/6
f 12382/4/6 12383/4/6 12386/4/6
f 12386/4/6 12383/4/6 12387/4/6
f 12384/5/6 12385/5/6 12388/5/6
f 12386/7/6 12387/7/6 12389/7/6
f 12389/7/6 12387/7/6 12390/7/6
f 12388/5/6 12385/5/6 12391/5/6
f 12389/6/6 12390/6/6 12392/6/6
f 12391/5/6 12385/5/6 12393/5/6
f 12393/5/6 12385/5/6 12394/5/6
f 12389/6/6 12392/6/6 12395/6/6
f 12395/6/6 12392/6/6 12396/6/6
f 12393/6/6 12394/6/6 12397/6/6
f 12397/6/6 12394/6/6 12398/6/6
f 12395/4/6 12396/4/6 12399/4/6
f 12399/4/6 12396/4/6 12400/4/6
f 12397/7/6 12398/7/6 12401/7/6
f 12401/7/6 12398/7/6 12402/7/6
f 12399/6/6 12400/6/6 12403/6/6
f 12403/6/6 12400/6/6 12404/6/6
f 12401/6/6 12402/6/6 12405/6/6
f 12405/6/6 12402/6/6 12406/6/6
f 12403/7/6 12404/7/6 12407/7/6
f 12407/7/6 12404/7/6 12408/7/6
f 12405/5/6 12406/5/6 12409/5/6
f 12409/5/6 12406/5/6 12410/5/6
f 12410/5/6 12406/5/6 12411/5/6
f 12410/6/6 12411/6/6 12412/6/6
f 12412/6/6 12411/6/6 12413/6/6
f 12407/6/6 12408/6/6 12414/6/6
f 12414/6/6 12408/6/6 12415/6/6
f 12412/7/6 12413/7/6 12416/7/6
f 12416/7/6 12413/7/6 12417/7/6
f 12414/5/6 12415/5/6 12439/5/6
f 12439/5/6 12415/5/6 12440/5/6
f 12416/6/6 12417/6/6 12441/6/6
f 12441/6/6 12417/6/6 12442/6/6
f 12418/8/6 12419/8/6 12450/8/6
f 12419/1/6 12420/1/6 12451/1/6
f 12450/8/6 12419/8/6 12451/8/6
f 12420/5/6 12421/5/6 12452/5/6
f 12451/1/6 12420/1/6 12452/1/6
f 12421/4/6 12422/4/6 12453/4/6
f 12452/5/6 12421/5/6 12453/5/6
f 12453/4/6 12422/4/6 12454/4/6
f 12422/5/6 12423/5/6 12455/5/6
f 12454/4/6 12422/4/6 12455/4/6
f 12423/6/6 12424/6/6 12456/6/6
f 12455/5/6 12423/5/6 12456/5/6
f 12424/1/6 12425/1/6 12457/1/6
f 12456/6/6 12424/6/6 12457/6/6
f 12457/1/6 12425/1/6 12458/1/6
f 12458/1/6 12425/1/6 12459/1/6
f 12459/1/6 12425/1/6 12460/1/6
f 12460/1/6 12425/1/6 12461/1/6
f 12461/1/6 12425/1/6 12462/1/6
f 12425/6/6 12426/6/6 12463/6/6
f 12462/1/6 12425/1/6 12463/1/6
f 12426/5/6 12427/5/6 12464/5/6
f 12463/6/6 12426/6/6 12464/6/6
f 12427/1/6 12428/1/6 12465/1/6
f 12464/5/6 12427/5/6 12465/5/6
f 12428/6/6 12429/6/6 12466/6/6
f 12465/1/6 12428/1/6 12466/1/6
f 12429/1/6 12430/1/6 12467/1/6
f 12466/6/6 12429/6/6 12467/6/6
f 12430/5/6 12431/5/6 12468/5/6
f 12467/1/6 12430/1/6 12468/1/6
f 12431/6/6 12432/6/6 12469/6/6
f 12468/5/6 12431/5/6 12469/5/6
f 12432/5/6 12433/5/6 12470/5/6
f 12469/6/6 12432/6/6 12470/6/6
f 12470/5/6 12433/5/6 12471/5/6
f 12471/5/6 12433/5/6 12472/5/6
f 12433/1/6 12434/1/6 12473/1/6
f 12472/5/6 12433/5/6 12473/5/6
f 12473/1/6 12434/1/6 12474/1/6
f 12434/6/6 12435/6/6 12475/6/6
f 12474/1/6 12434/1/6 12475/1/6
f 12435/5/6 12436/5/6 12476/5/6
f 12475/6/6 12435/6/6 12476/6/6
f 12436/6/6 12437/6/6 12477/6/6
f 12476/5/6 12436/5/6 12477/5/6
f 12437/1/6 12438/1/6 12478/1/6
f 12477/6/6 12437/6/6 12478/6/6
f 12438/5/6 12439/5/6 12479/5/6
f 12478/1/6 12438/1/6 12479/1/6
f 12439/4/6 12440/4/6 12480/4/6
f 12479/5/6 12439/5/6 12480/5/6
f 12480/4/6 12440/4/6 12481/4/6
f 12441/4/6 12442/4/6 12482/4/6
f 12442/6/6 12443/6/6 12483/6/6
f 12482/4/6 12442/4/6 12483/4/6
f 12483/6/6 12443/6/6 12484/6/6
f 12443/1/6 12444/1/6 12485/1/6
f 12484/6/6 12443/6/6 12485/6/6
f 12444/6/6 12445/6/6 12486/6/6
f 12485/1/6 12444/1/6 12486/1/6
f 12445/5/6 12446/5/6 12487/5/6
f 12486/6/6 12445/6/6 12487/6/6
f 12446/4/6 12447/4/6 12488/4/6
f 12487/5/6 12446/5/6 12488/5/6
f 12447/6/6 12448/6/6 12489/6/6
f 12488/4/6 12447/4/6 12489/4/6
f 12448/8/6 12449/8/6 12490/8/6
f 12489/6/6 12448/6/6 12490/6/6
f 12490/8/6 12449/8/6 12491/8/6
f 12492/8/6 12493/8/6 12540/8/6
f 12493/6/6 12494/6/6 12541/6/6
f 12540/8/6 12493/8/6 12541/8/6
f 12494/4/6 12495/4/6 12542/4/6
f 12541/6/6 12494/6/6 12542/6/6
f 12495/5/6 12496/5/6 12543/5/6
f 12542/4/6 12495/4/6 12543/4/6
f 12496/6/6 12497/6/6 12544/6/6
f 12543/5/6 12496/5/6 12544/5/6
f 12497/5/6 12498/5/6 12545/5/6
f 12544/6/6 12497/6/6 12545/6/6
f 12498/1/6 12499/1/6 12546/1/6
f 12545/5/6 12498/5/6 12546/5/6
f 12499/1/6 12500/1/6 12546/1/6
f 12500/6/6 12501/6/6 12547/6/6
f 12546/1/6 12500/1/6 12547/1/6
f 12501/1/6 12502/1/6 12548/1/6
f 12547/6/6 12501/6/6 12548/6/6
f 12502/5/6 12503/5/6 12549/5/6
f 12548/1/6 12502/1/6 12549/1/6
f 12503/1/6 12504/1/6 12550/1/6
f 12549/5/6 12503/5/6 12550/5/6
f 12504/6/6 12505/6/6 12551/6/6
f 12550/1/6 12504/1/6 12551/1/6
f 12505/1/6 12506/1/6 12552/1/6
f 12551/6/6 12505/6/6 12552/6/6
f 12506/1/6 12507/1/6 12552/1/6
f 12507/5/6 12508/5/6 12553/5/6
f 12552/1/6 12507/1/6 12553/1/6
f 12508/5/6 12509/5/6 12553/5/6
f 12509/1/6 12510/1/6 12554/1/6
f 12553/5/6 12509/5/6 12554/5/6
f 12510/1/6 12511/1/6 12554/1/6
f 12511/5/6 12512/5/6 12555/5/6
f 12554/1/6 12511/1/6 12555/1/6
f 12512/5/6 12513/5/6 12555/5/6
f 12513/1/6 12514/1/6 12556/1/6
f 12555/5/6 12513/5/6 12556/5/6
f 12514/5/6 12515/5/6 12557/5/6
f 12556/1/6 12514/1/6 12557/1/6
f 12515/1/6 12516/1/6 12558/1/6
f 12557/5/6 12515/5/6 12558/5/6
f 12516/5/6 12517/5/6 12559/5/6
f 12558/1/6 12516/1/6 12559/1/6
f 12517/1/6 12518/1/6 12560/1/6
f 12559/5/6 12517/5/6 12560/5/6
f 12518/5/6 12519/5/6 12561/5/6
f 12560/1/6 12518/1/6 12561/1/6
f 12519/4/6 12520/4/6 12562/4/6
f 12561/5/6 12519/5/6 12562/5/6
f 12520/6/6 12521/6/6 12563/6/6
f 12562/4/6 12520/4/6 12563/4/6
f 12521/4/6 12522/4/6 12564/4/6
f 12563/6/6 12521/6/6 12564/6/6
f 12522/6/6 12523/6/6 12565/6/6
f 12564/4/6 12522/4/6 12565/4/6
f 12523/1/6 12524/1/6 12566/1/6
f 12565/6/6 12523/6/6 12566/6/6
f 12524/5/6 12525/5/6 12567/5/6
f 12566/1/6 12524/1/6 12567/1/6
f 12525/6/6 12526/6/6 12568/6/6
f 12567/5/6 12525/5/6 12568/5/6
f 12526/5/6 12527/5/6 12569/5/6
f 12568/6/6 12526/6/6 12569/6/6
f 12527/5/6 12528/5/6 12569/5/6
f 12528/1/6 12529/1/6 12570/1/6
f 12569/5/6 12528/5/6 12570/5/6
f 12529/6/6 12530/6/6 12571/6/6
f 12570/1/6 12529/1/6 12571/1/6
f 12530/5/6 12531/5/6 12572/5/6
f 12571/6/6 12530/6/6 12572/6/6
f 12531/6/6 12532/6/6 12573/6/6
f 12572/5/6 12531/5/6 12573/5/6
f 12532/1/6 12533/1/6 12574/1/6
f 12573/6/6 12532/6/6 12574/6/6
f 12533/5/6 12534/5/6 12575/5/6
f 12574/1/6 12533/1/6 12575/1/6
f 12535/4/6 12536/4/6 12576/4/6
f 12575/5/6 12534/5/6 12576/5/6
f 12534/4/6 12535/4/6 12576/4/6
f 12536/6/6 12537/6/6 12577/6/6
f 12576/4/6 12536/4/6 12577/4/6
f 12537/4/6 12538/4/6 12578/4/6
f 12577/6/6 12537/6/6 12578/6/6
f 12538/8/6 12539/8/6 12579/8/6
f 12578/4/6 12538/4/6 12579/4/6
f 12579/8/6 12539/8/6 12580/8/6
f 12581/8/6 12582/8/6 12583/8/6
f 12583/8/6 12582/8/6 12584/8/6
f 12583/5/6 12584/5/6 12585/5/6
f 12585/5/6 12584/5/6 12586/5/6
f 12585/6/6 12586/6/6 12587/6/6
f 12587/6/6 12586/6/6 12588/6/6
f 12588/6/6 12586/6/6 12589/6/6
f 12588/7/6 12589/7/6 12590/7/6
f 12590/7/6 12589/7/6 12591/7/6
f 12590/4/6 12591/4/6 12592/4/6
f 12592/4/6 12591/4/6 12593/4/6
f 12592/5/6 12593/5/6 12594/5/6
f 12594/5/6 12593/5/6 12595/5/6
f 12594/6/6 12595/6/6 12596/6/6
f 12596/6/6 12595/6/6 12597/6/6
f 12596/7/6 12597/7/6 12598/7/6
f 12598/7/6 12597/7/6 12599/7/6
f 12598/6/6 12599/6/6 12600/6/6
f 12600/6/6 12599/6/6 12601/6/6
f 12600/4/6 12601/4/6 12602/4/6
f 12602/4/6 12601/4/6 12603/4/6
f 12602/6/6 12603/6/6 12604/6/6
f 12604/6/6 12603/6/6 12605/6/6
f 12604/7/6 12605/7/6 12606/7/6
f 12606/7/6 12605/7/6 12607/7/6
f 12606/5/6 12607/5/6 12608/5/6
f 12608/5/6 12607/5/6 12609/5/6
f 12609/5/6 12607/5/6 12610/5/6
f 12610/5/6 12607/5/6 12611/5/6
f 12611/5/6 12607/5/6 12612/5/6
f 12612/5/6 12607/5/6 12613/5/6
f 12612/7/6 12613/7/6 12614/7/6
f 12614/7/6 12613/7/6 12615/7/6
f 12614/4/6 12615/4/6 12616/4/6
f 12616/4/6 12615/4/6 12617/4/6
f 12617/4/6 12615/4/6 12618/4/6
f 12618/4/6 12615/4/6 12619/4/6
f 12618/7/6 12619/7/6 12620/7/6
f 12620/7/6 12619/7/6 12621/7/6
f 12620/6/6 12621/6/6 12622/6/6
f 12622/6/6 12621/6/6 12623/6/6
f 12622/4/6 12623/4/6 12624/4/6
f 12624/4/6 12623/4/6 12625/4/6
f 12624/6/6 12625/6/6 12626/6/6
f 12626/6/6 12625/6/6 12627/6/6
f 12626/5/6 12627/5/6 12628/5/6
f 12628/5/6 12627/5/6 12629/5/6
f 12628/4/6 12629/4/6 12630/4/6
f 12630/4/6 12629/4/6 12631/4/6
f 12630/7/6 12631/7/6 12632/7/6
f 12632/7/6 12631/7/6 12633/7/6
f 12632/4/6 12633/4/6 12634/4/6
f 12634/4/6 12633/4/6 12635/4/6
f 12634/5/6 12635/5/6 12636/5/6
f 12636/5/6 12635/5/6 12637/5/6
f 12636/6/6 12637/6/6 12638/6/6
f 12638/6/6 12637/6/6 12639/6/6
f 12639/6/6 12637/6/6 12640/6/6
f 12639/7/6 12640/7/6 12641/7/6
f 12641/7/6 12640/7/6 12642/7/6
f 12641/5/6 12642/5/6 12643/5/6
f 12643/5/6 12642/5/6 12644/5/6
f 12644/5/6 12642/5/6 12645/5/6
f 12644/4/6 12645/4/6 12646/4/6
f 12646/4/6 12645/4/6 12647/4/6
f 12646/5/6 12647/5/6 12648/5/6
f 12648/5/6 12647/5/6 12649/5/6
f 12648/7/6 12649/7/6 12650/7/6
f 12650/7/6 12649/7/6 12651/7/6
f 12650/5/6 12651/5/6 12652/5/6
f 12652/5/6 12651/5/6 12653/5/6
f 12652/6/6 12653/6/6 12654/6/6
f 12654/6/6 12653/6/6 12655/6/6
f 12656/8/6 12657/8/6 12658/8/6
f 12658/8/6 12657/8/6 12659/8/6
f 12658/6/6 12659/6/6 12660/6/6
f 12660/6/6 12659/6/6 12661/6/6
f 12660/4/6 12661/4/6 12662/4/6
f 12662/4/6 12661/4/6 12663/4/6
f 12662/5/6 12663/5/6 12664/5/6
f 12664/5/6 12663/5/6 12665/5/6
f 12664/6/6 12665/6/6 12666/6/6
f 12666/6/6 12665/6/6 12667/6/6
f 12666/7/6 12667/7/6 12668/7/6
f 12668/7/6 12667/7/6 12669/7/6
f 12668/5/6 12669/5/6 12670/5/6
f 12670/5/6 12669/5/6 12671/5/6
f 12670/6/6 12671/6/6 12672/6/6
f 12670/6/6 12672/6/6 12673/6/6
f 12673/6/6 12672/6/6 12674/6/6
f 12673/5/6 12674/5/6 12675/5/6
f 12675/5/6 12674/5/6 12676/5/6
f 12675/4/6 12676/4/6 12677/4/6
f 12677/4/6 12676/4/6 12678/4/6
f 12677/7/6 12678/7/6 12679/7/6
f 12679/7/6 12678/7/6 12680/7/6
f 12679/6/6 12680/6/6 12681/6/6
f 12681/6/6 12680/6/6 12682/6/6
f 12681/5/6 12682/5/6 12683/5/6
f 12681/5/6 12683/5/6 12684/5/6
f 12681/5/6 12684/5/6 12685/5/6
f 12685/5/6 12684/5/6 12686/5/6
f 12685/7/6 12686/7/6 12687/7/6
f 12687/7/6 12686/7/6 12688/7/6
f 12687/6/6 12688/6/6 12689/6/6
f 12689/6/6 12688/6/6 12690/6/6
f 12689/5/6 12690/5/6 12691/5/6
f 12689/5/6 12691/5/6 12692/5/6
f 12692/5/6 12691/5/6 12693/5/6
f 12692/6/6 12693/6/6 12694/6/6
f 12694/6/6 12693/6/6 12695/6/6
f 12694/4/6 12695/4/6 12696/4/6
f 12696/4/6 12695/4/6 12697/4/6
f 12696/7/6 12697/7/6 12698/7/6
f 12698/7/6 12697/7/6 12699/7/6
f 12698/4/6 12699/4/6 12700/4/6
f 12700/4/6 12699/4/6 12701/4/6
f 12700/6/6 12701/6/6 12702/6/6
f 12702/6/6 12701/6/6 12703/6/6
f 12702/5/6 12703/5/6 12704/5/6
f 12704/5/6 12703/5/6 12705/5/6
f 12704/7/6 12705/7/6 12706/7/6
f 12706/7/6 12705/7/6 12707/7/6
f 12706/5/6 12707/5/6 12708/5/6
f 12708/5/6 12707/5/6 12709/5/6
f 12708/4/6 12709/4/6 12710/4/6
f 12710/4/6 12709/4/6 12711/4/6
f 12710/5/6 12711/5/6 12712/5/6
f 12710/5/6 12712/5/6 12713/5/6
f 12713/5/6 12712/5/6 12714/5/6
f 12713/7/6 12714/7/6 12715/7/6
f 12715/7/6 12714/7/6 12716/7/6
f 12715/5/6 12716/5/6 12717/5/6
f 12717/5/6 12716/5/6 12718/5/6
f 12717/6/6 12718/6/6 12719/6/6
f 12719/6/6 12718/6/6 12720/6/6
f 12719/4/6 12720/4/6 12721/4/6
f 12719/4/6 12721/4/6 12722/4/6
f 12722/4/6 12721/4/6 12723/4/6
f 12722/7/6 12723/7/6 12724/7/6
f 12724/7/6 12723/7/6 12725/7/6
f 12724/4/6 12725/4/6 12726/4/6
f 12726/4/6 12725/4/6 12727/4/6
f 12726/5/6 12727/5/6 12728/5/6
f 12726/5/6 12728/5/6 12729/5/6
f 12729/5/6 12728/5/6 12730/5/6
f 12729/4/6 12730/4/6 12731/4/6
f 12731/4/6 12730/4/6 12732/4/6
f 12731/6/6 12732/6/6 12733/6/6
f 12733/6/6 12732/6/6 12734/6/6
f 12735/8/6 12736/8/6 12739/8/6
f 12739/8/6 12736/8/6 12740/8/6
f 12737/8/6 12738/8/6 12741/8/6
f 12741/8/6 12738/8/6 12742/8/6
f 12739/6/6 12740/6/6 12743/6/6
f 12743/6/6 12740/6/6 12744/6/6
f 12741/5/6 12742/5/6 12745/5/6
f 12743/5/6 12744/5/6 12746/5/6
f 12746/5/6 12744/5/6 12747/5/6
f 12745/5/6 12742/5/6 12748/5/6
f 12748/5/6 12742/5/6 12749/5/6
f 12748/4/6 12749/4/6 12750/4/6
f 12750/4/6 12749/4/6 12751/4/6
f 12746/6/6 12747/6/6 12752/6/6
f 12752/6/6 12747/6/6 12753/6/6
f 12750/5/6 12751/5/6 12754/5/6
f 12754/5/6 12751/5/6 12755/5/6
f 12752/7/6 12753/7/6 12756/7/6
f 12756/7/6 12753/7/6 12757/7/6
f 12754/7/6 12755/7/6 12758/7/6
f 12758/7/6 12755/7/6 12759/7/6
f 12756/4/6 12757/4/6 12760/4/6
f 12760/4/6 12757/4/6 12761/4/6
f 12758/5/6 12759/5/6 12762/5/6
f 12762/5/6 12759/5/6 12763/5/6
f 12760/5/6 12761/5/6 12764/5/6
f 12764/5/6 12761/5/6 12765/5/6
f 12762/6/6 12763/6/6 12766/6/6
f 12766/6/6 12763/6/6 12767/6/6
f 12766/4/6 12767/4/6 12768/4/6
f 12768/4/6 12767/4/6 12769/4/6
f 12764/4/6 12765/4/6 12770/4/6
f 12770/4/6 12765/4/6 12771/4/6
f 12768/6/6 12769/6/6 12772/6/6
f 12772/6/6 12769/6/6 12773/6/6
f 12770/5/6 12771/5/6 12774/5/6
f 12774/5/6 12771/5/6 12775/5/6
f 12772/7/6 12773/7/6 12776/7/6
f 12776/7/6 12773/7/6 12777/7/6
f 12774/7/6 12775/7/6 12778/7/6
f 12778/7/6 12775/7/6 12779/7/6
f 12776/6/6 12777/6/6 12780/6/6
f 12780/6/6 12777/6/6 12781/6/6
f 12780/5/6 12781/5/6 12782/5/6
f 12782/5/6 12781/5/6 12783/5/6
f 12778/4/6 12779/4/6 12784/4/6
f 12778/4/6 12784/4/6 12785/4/6
f 12785/4/6 12784/4/6 12786/4/6
f 12782/4/6 12783/4/6 12787/4/6
f 12787/4/6 12783/4/6 12788/4/6
f 12785/6/6 12786/6/6 12789/6/6
f 12789/6/6 12786/6/6 12790/6/6
f 12787/7/6 12788/7/6 12791/7/6
f 12791/7/6 12788/7/6 12792/7/6
f 12789/4/6 12790/4/6 12793/4/6
f 12793/4/6 12790/4/6 12794/4/6
f 12791/6/6 12792/6/6 12795/6/6
f 12795/6/6 12792/6/6 12796/6/6
f 12793/7/6 12794/7/6 12797/7/6
f 12797/7/6 12794/7/6 12798/7/6
f 12795/4/6 12796/4/6 12799/4/6
f 12799/4/6 12796/4/6 12800/4/6
f 12797/5/6 12798/5/6 12801/5/6
f 12799/5/6 12800/5/6 12802/5/6
f 12802/5/6 12800/5/6 12803/5/6
f 12797/5/6 12801/5/6 12804/5/6
f 12804/5/6 12801/5/6 12805/5/6
f 12802/6/6 12803/6/6 12806/6/6
f 12806/6/6 12803/6/6 12807/6/6
f 12804/6/6 12805/6/6 12808/6/6
f 12808/6/6 12805/6/6 12809/6/6
f 12806/5/6 12807/5/6 12810/5/6
f 12810/5/6 12807/5/6 12811/5/6
f 12808/4/6 12809/4/6 12812/4/6
f 12812/4/6 12809/4/6 12813/4/6
f 12810/7/6 12811/7/6 12814/7/6
f 12814/7/6 12811/7/6 12815/7/6
f 12812/5/6 12813/5/6 12816/5/6
f 12816/5/6 12813/5/6 12817/5/6
f 12814/6/6 12815/6/6 12818/6/6
f 12816/7/6 12817/7/6 12819/7/6
f 12818/6/6 12815/6/6 12820/6/6
f 12820/6/6 12815/6/6 12821/6/6
f 12816/7/6 12819/7/6 12822/7/6
f 12820/4/6 12821/4/6 12823/4/6
f 12823/4/6 12821/4/6 12824/4/6
f 12823/5/6 12824/5/6 12825/5/6
f 12825/5/6 12824/5/6 12826/5/6
f 12816/7/6 12822/7/6 12827/7/6
f 12825/7/6 12826/7/6 12828/7/6
f 12828/7/6 12826/7/6 12829/7/6
f 12816/7/6 12827/7/6 12830/7/6
f 12828/6/6 12829/6/6 12831/6/6
f 12831/6/6 12829/6/6 12832/6/6
f 12816/7/6 12830/7/6 12833/7/6
f 12816/7/6 12833/7/6 12834/7/6
f 12834/7/6 12833/7/6 12835/7/6
f 12831/4/6 12832/4/6 12836/4/6
f 12836/4/6 12832/4/6 12837/4/6
f 12836/5/6 12837/5/6 12838/5/6
f 12838/5/6 12837/5/6 12839/5/6
f 12838/6/6 12839/6/6 12840/6/6
f 12840/6/6 12839/6/6 12841/6/6
f 12834/6/6 12835/6/6 12842/6/6
f 12842/6/6 12835/6/6 12843/6/6
f 12840/7/6 12841/7/6 12844/7/6
f 12844/7/6 12841/7/6 12845/7/6
f 12842/4/6 12843/4/6 12846/4/6
f 12846/4/6 12843/4/6 12847/4/6
f 12846/7/6 12847/7/6 12848/7/6
f 12848/7/6 12847/7/6 12849/7/6
f 12844/5/6 12845/5/6 12850/5/6
f 12850/5/6 12845/5/6 12851/5/6
f 12848/6/6 12849/6/6 12852/6/6
f 12852/6/6 12849/6/6 12853/6/6
f 12850/6/6 12851/6/6 12854/6/6
f 12854/6/6 12851/6/6 12855/6/6
f 12854/5/6 12855/5/6 12856/5/6
f 12856/5/6 12855/5/6 12857/5/6
f 12852/5/6 12853/5/6 12858/5/6
f 12858/5/6 12853/5/6 12859/5/6
f 12856/7/6 12857/7/6 12860/7/6
f 12860/7/6 12857/7/6 12861/7/6
f 12858/6/6 12859/6/6 12862/6/6
f 12862/6/6 12859/6/6 12863/6/6
f 12860/4/6 12861/4/6 12864/4/6
f 12862/7/6 12863/7/6 12865/7/6
f 12865/7/6 12863/7/6 12866/7/6
f 12864/4/6 12861/4/6 12867/4/6
f 12865/5/6 12866/5/6 12868/5/6
f 12868/5/6 12866/5/6 12869/5/6
f 12867/4/6 12861/4/6 12870/4/6
f 12870/4/6 12861/4/6 12871/4/6
f 12870/7/6 12871/7/6 12872/7/6
f 12872/7/6 12871/7/6 12873/7/6
f 12868/4/6 12869/4/6 12874/4/6
f 12874/4/6 12869/4/6 12875/4/6
f 12872/5/6 12873/5/6 12876/5/6
f 12874/6/6 12875/6/6 12877/6/6
f 12877/6/6 12875/6/6 12878/6/6
f 12876/5/6 12873/5/6 12879/5/6
f 12879/5/6 12873/5/6 12880/5/6
f 12881/8/6 12882/8/6 12914/8/6
f 12882/1/6 12883/1/6 12915/1/6
f 12914/8/6 12882/8/6 12915/8/6
f 12883/5/6 12884/5/6 12916/5/6
f 12915/1/6 12883/1/6 12916/1/6
f 12884/1/6 12885/1/6 12917/1/6
f 12916/5/6 12884/5/6 12917/5/6
f 12885/6/6 12886/6/6 12918/6/6
f 12917/1/6 12885/1/6 12918/1/6
f 12918/6/6 12886/6/6 12919/6/6
f 12886/1/6 12887/1/6 12920/1/6
f 12919/6/6 12886/6/6 12920/6/6
f 12887/6/6 12888/6/6 12921/6/6
f 12920/1/6 12887/1/6 12921/1/6
f 12921/6/6 12888/6/6 12922/6/6
f 12888/5/6 12889/5/6 12923/5/6
f 12922/6/6 12888/6/6 12923/6/6
f 12923/5/6 12889/5/6 12924/5/6
f 12889/1/6 12890/1/6 12925/1/6
f 12924/5/6 12889/5/6 12925/5/6
f 12925/1/6 12890/1/6 12926/1/6
f 12890/6/6 12891/6/6 12927/6/6
f 12926/1/6 12890/1/6 12927/1/6
f 12891/4/6 12892/4/6 12928/4/6
f 12927/6/6 12891/6/6 12928/6/6
f 12892/6/6 12893/6/6 12929/6/6
f 12928/4/6 12892/4/6 12929/4/6
f 12893/1/6 12894/1/6 12930/1/6
f 12929/6/6 12893/6/6 12930/6/6
f 12894/5/6 12895/5/6 12931/5/6
f 12930/1/6 12894/1/6 12931/1/6
f 12895/6/6 12896/6/6 12932/6/6
f 12931/5/6 12895/5/6 12932/5/6
f 12896/5/6 12897/5/6 12933/5/6
f 12932/6/6 12896/6/6 12933/6/6
f 12897/1/6 12898/1/6 12934/1/6
f 12933/5/6 12897/5/6 12934/5/6
f 12898/6/6 12899/6/6 12935/6/6
f 12934/1/6 12898/1/6 12935/1/6
f 12935/6/6 12899/6/6 12936/6/6
f 12936/6/6 12899/6/6 12937/6/6
f 12937/6/6 12899/6/6 12938/6/6
f 12899/1/6 12900/1/6 12939/1/6
f 12938/6/6 12899/6/6 12939/6/6
f 12900/5/6 12901/5/6 12940/5/6
f 12939/1/6 12900/1/6 12940/1/6
f 12901/6/6 12902/6/6 12941/6/6
f 12940/5/6 12901/5/6 12941/5/6
f 12941/6/6 12902/6/6 12942/6/6
f 12903/1/6 12904/1/6 12943/1/6
f 12904/6/6 12905/6/6 12944/6/6
f 12943/1/6 12904/1/6 12944/1/6
f 12944/6/6 12905/6/6 12945/6/6
f 12905/1/6 12906/1/6 12946/1/6
f 12945/6/6 12905/6/6 12946/6/6
f 12906/6/6 12907/6/6 12947/6/6
f 12946/1/6 12906/1/6 12947/1/6
f 12907/1/6 12908/1/6 12948/1/6
f 12947/6/6 12907/6/6 12948/6/6
f 12908/6/6 12909/6/6 12949/6/6
f 12948/1/6 12908/1/6 12949/1/6
f 12949/6/6 12909/6/6 12950/6/6
f 12909/4/6 12910/4/6 12951/4/6
f 12950/6/6 12909/6/6 12951/6/6
f 12910/6/6 12911/6/6 12952/6/6
f 12951/4/6 12910/4/6 12952/4/6
f 12911/5/6 12912/5/6 12953/5/6
f 12952/6/6 12911/6/6 12953/6/6
f 12912/8/6 12913/8/6 12954/8/6
f 12953/5/6 12912/5/6 12954/5/6
f 12954/8/6 12913/8/6 12955/8/6
f 12956/8/6 12957/8/6 13010/8/6
f 12957/6/6 12958/6/6 13011/6/6
f 13010/8/6 12957/8/6 13011/8/6
f 12958/4/6 12959/4/6 13012/4/6
f 13011/6/6 12958/6/6 13012/6/6
f 12959/5/6 12960/5/6 13013/5/6
f 13012/4/6 12959/4/6 13013/4/6
f 12960/6/6 12961/6/6 13014/6/6
f 13013/5/6 12960/5/6 13014/5/6
f 12961/5/6 12962/5/6 13015/5/6
f 13014/6/6 12961/6/6 13015/6/6
f 12962/1/6 12963/1/6 13016/1/6
f 13015/5/6 12962/5/6 13016/5/6
f 12963/1/6 12964/1/6 13016/1/6
f 12964/5/6 12965/5/6 13017/5/6
f 13016/1/6 12964/1/6 13017/1/6
f 12965/5/6 12966/5/6 13017/5/6
f 12966/4/6 12967/4/6 13018/4/6
f 13017/5/6 12966/5/6 13018/5/6
f 12967/5/6 12968/5/6 13019/5/6
f 13018/4/6 12967/4/6 13019/4/6
f 12968/1/6 12969/1/6 13020/1/6
f 13019/5/6 12968/5/6 13020/5/6
f 12969/1/6 12970/1/6 13020/1/6
f 12970/6/6 12971/6/6 13021/6/6
f 13020/1/6 12970/1/6 13021/1/6
f 12971/5/6 12972/5/6 13022/5/6
f 13021/6/6 12971/6/6 13022/6/6
f 12972/4/6 12973/4/6 13023/4/6
f 13022/5/6 12972/5/6 13023/5/6
f 12973/6/6 12974/6/6 13024/6/6
f 13023/4/6 12973/4/6 13024/4/6
f 12974/5/6 12975/5/6 13025/5/6
f 13024/6/6 12974/6/6 13025/6/6
f 12975/6/6 12976/6/6 13026/6/6
f 13025/5/6 12975/5/6 13026/5/6
f 12976/1/6 12977/1/6 13027/1/6
f 13026/6/6 12976/6/6 13027/6/6
f 12977/5/6 12978/5/6 13028/5/6
f 13027/1/6 12977/1/6 13028/1/6
f 12978/6/6 12979/6/6 13029/6/6
f 13028/5/6 12978/5/6 13029/5/6
f 12979/4/6 12980/4/6 13030/4/6
f 13029/6/6 12979/6/6 13030/6/6
f 12980/5/6 12981/5/6 13031/5/6
f 13030/4/6 12980/4/6 13031/4/6
f 12981/6/6 12982/6/6 13032/6/6
f 13031/5/6 12981/5/6 13032/5/6
f 12982/1/6 12983/1/6 13033/1/6
f 13032/6/6 12982/6/6 13033/6/6
f 12983/6/6 12984/6/6 13034/6/6
f 13033/1/6 12983/1/6 13034/1/6
f 12984/1/6 12985/1/6 13035/1/6
f 13034/6/6 12984/6/6 13035/6/6
f 12985/6/6 12986/6/6 13036/6/6
f 13035/1/6 12985/1/6 13036/1/6
f 12986/6/6 12987/6/6 13036/6/6
f 12987/5/6 12988/5/6 13037/5/6
f 13036/6/6 12987/6/6 13037/6/6
f 12988/4/6 12989/4/6 13038/4/6
f 13037/5/6 12988/5/6 13038/5/6
f 12989/5/6 12990/5/6 13039/5/6
f 13038/4/6 12989/4/6 13039/4/6
f 12990/1/6 12991/1/6 13040/1/6
f 13039/5/6 12990/5/6 13040/5/6
f 12991/5/6 12992/5/6 13041/5/6
f 13040/1/6 12991/1/6 13041/1/6
f 12992/4/6 12993/4/6 13042/4/6
f 13041/5/6 12992/5/6 13042/5/6
f 12993/4/6 12994/4/6 13042/4/6
f 12994/5/6 12995/5/6 13043/5/6
f 13042/4/6 12994/4/6 13043/4/6
f 12995/1/6 12996/1/6 13044/1/6
f 13043/5/6 12995/5/6 13044/5/6
f 12996/1/6 12997/1/6 13044/1/6
f 12997/1/6 12998/1/6 13044/1/6
f 12998/6/6 12999/6/6 13045/6/6
f 13044/1/6 12998/1/6 13045/1/6
f 12999/1/6 13000/1/6 13046/1/6
f 13045/6/6 12999/6/6 13046/6/6
f 13000/6/6 13001/6/6 13047/6/6
f 13046/1/6 13000/1/6 13047/1/6
f 13002/1/6 13003/1/6 13048/1/6
f 13047/6/6 13001/6/6 13048/6/6
f 13001/1/6 13002/1/6 13048/1/6
f 13003/6/6 13004/6/6 13049/6/6
f 13048/1/6 13003/1/6 13049/1/6
f 13004/5/6 13005/5/6 13050/5/6
f 13049/6/6 13004/6/6 13050/6/6
f 13005/6/6 13006/6/6 13051/6/6
f 13050/5/6 13005/5/6 13051/5/6
f 13006/1/6 13007/1/6 13052/1/6
f 13051/6/6 13006/6/6 13052/6/6
f 13007/5/6 13008/5/6 13053/5/6
f 13052/1/6 13007/1/6 13053/1/6
f 13008/8/6 13009/8/6 13054/8/6
f 13053/5/6 13008/5/6 13054/5/6
f 13054/8/6 13009/8/6 13055/8/6
f 13056/8/6 13057/8/6 13060/8/6
f 13060/8/6 13057/8/6 13061/8/6
f 13058/8/6 13059/8/6 13062/8/6
f 13062/8/6 13059/8/6 13063/8/6
f 13060/5/6 13061/5/6 13064/5/6
f 13064/5/6 13061/5/6 13065/5/6
f 13062/6/6 13063/6/6 13066/6/6
f 13066/6/6 13063/6/6 13067/6/6
f 13064/4/6 13065/4/6 13068/4/6
f 13068/4/6 13065/4/6 13069/4/6
f 13066/5/6 13067/5/6 13070/5/6
f 13068/5/6 13069/5/6 13071/5/6
f 13070/5/6 13067/5/6 13072/5/6
f 13072/5/6 13067/5/6 13073/5/6
f 13068/5/6 13071/5/6 13074/5/6
f 13074/5/6 13071/5/6 13075/5/6
f 13072/6/6 13073/6/6 13076/6/6
f 13076/6/6 13073/6/6 13077/6/6
f 13074/7/6 13075/7/6 13078/7/6
f 13078/7/6 13075/7/6 13079/7/6
f 13076/7/6 13077/7/6 13080/7/6
f 13080/7/6 13077/7/6 13081/7/6
f 13078/5/6 13079/5/6 13082/5/6
f 13082/5/6 13079/5/6 13083/5/6
f 13080/6/6 13081/6/6 13084/6/6
f 13084/6/6 13081/6/6 13085/6/6
f 13082/6/6 13083/6/6 13086/6/6
f 13086/6/6 13083/6/6 13087/6/6
f 13084/5/6 13085/5/6 13088/5/6
f 13088/5/6 13085/5/6 13089/5/6
f 13086/4/6 13087/4/6 13090/4/6
f 13088/4/6 13089/4/6 13091/4/6
f 13091/4/6 13089/4/6 13092/4/6
f 13086/4/6 13090/4/6 13093/4/6
f 13091/6/6 13092/6/6 13094/6/6
f 13094/6/6 13092/6/6 13095/6/6
f 13086/4/6 13093/4/6 13096/4/6
f 13096/4/6 13093/4/6 13097/4/6
f 13094/7/6 13095/7/6 13098/7/6
f 13098/7/6 13095/7/6 13099/7/6
f 13096/7/6 13097/7/6 13100/7/6
f 13100/7/6 13097/7/6 13101/7/6
f 13098/6/6 13099/6/6 13102/6/6
f 13102/6/6 13099/6/6 13103/6/6
f 13100/4/6 13101/4/6 13104/4/6
f 13104/4/6 13101/4/6 13105/4/6
f 13102/5/6 13103/5/6 13106/5/6
f 13106/5/6 13103/5/6 13107/5/6
f 13104/6/6 13105/6/6 13108/6/6
f 13108/6/6 13105/6/6 13109/6/6
f 13106/6/6 13107/6/6 13110/6/6
f 13110/6/6 13107/6/6 13111/6/6
f 13108/4/6 13109/4/6 13112/4/6
f 13112/4/6 13109/4/6 13113/4/6
f 13110/7/6 13111/7/6 13114/7/6
f 13114/7/6 13111/7/6 13115/7/6
f 13112/5/6 13113/5/6 13116/5/6
f 13116/5/6 13113/5/6 13117/5/6
f 13114/6/6 13115/6/6 13118/6/6
f 13118/6/6 13115/6/6 13119/6/6
f 13116/7/6 13117/7/6 13120/7/6
f 13120/7/6 13117/7/6 13121/7/6
f 13118/5/6 13119/5/6 13122/5/6
f 13122/5/6 13119/5/6 13123/5/6
f 13120/6/6 13121/6/6 13124/6/6
f 13124/6/6 13121/6/6 13125/6/6
f 13122/6/6 13123/6/6 13126/6/6
f 13126/6/6 13123/6/6 13127/6/6
f 13124/5/6 13125/5/6 13128/5/6
f 13128/5/6 13125/5/6 13129/5/6
f 13126/4/6 13127/4/6 13130/4/6
f 13128/4/6 13129/4/6 13131/4/6
f 13131/4/6 13129/4/6 13132/4/6
f 13130/4/6 13127/4/6 13133/4/6
f 13133/4/6 13127/4/6 13134/4/6
f 13131/6/6 13132/6/6 13135/6/6
f 13135/6/6 13132/6/6 13136/6/6
f 13133/7/6 13134/7/6 13137/7/6
f 13137/7/6 13134/7/6 13138/7/6
f 13135/4/6 13136/4/6 13139/4/6
f 13139/4/6 13136/4/6 13140/4/6
f 13137/4/6 13138/4/6 13141/4/6
f 13141/4/6 13138/4/6 13142/4/6
f 13139/7/6 13140/7/6 13143/7/6
f 13143/7/6 13140/7/6 13144/7/6
f 13141/6/6 13142/6/6 13145/6/6
f 13145/6/6 13142/6/6 13146/6/6
f 13143/6/6 13144/6/6 13147/6/6
f 13147/6/6 13144/6/6 13148/6/6
f 13145/4/6 13146/4/6 13149/4/6
f 13149/4/6 13146/4/6 13150/4/6
f 13147/4/6 13148/4/6 13151/4/6
f 13151/4/6 13148/4/6 13152/4/6
f 13149/5/6 13150/5/6 13153/5/6
f 13153/5/6 13150/5/6 13154/5/6
f 13151/6/6 13152/6/6 13155/6/6
f 13153/7/6 13154/7/6 13156/7/6
f 13156/7/6 13154/7/6 13157/7/6
f 13151/6/6 13155/6/6 13158/6/6
f 13158/6/6 13155/6/6 13159/6/6
f 13156/5/6 13157/5/6 13160/5/6
f 13158/4/6 13159/4/6 13161/4/6
f 13161/4/6 13159/4/6 13162/4/6
f 13160/5/6 13157/5/6 13163/5/6
f 13163/5/6 13157/5/6 13164/5/6
f 13161/7/6 13162/7/6 13165/7/6
f 13165/7/6 13162/7/6 13166/7/6
f 13163/6/6 13164/6/6 13167/6/6
f 13167/6/6 13164/6/6 13168/6/6
f 13165/5/6 13166/5/6 13169/5/6
f 13169/5/6 13166/5/6 13170/5/6
f 13167/5/6 13168/5/6 13171/5/6
f 13171/5/6 13168/5/6 13172/5/6
f 13169/4/6 13170/4/6 13173/4/6
f 13173/4/6 13170/4/6 13174/4/6
f 13171/7/6 13172/7/6 13175/7/6
f 13175/7/6 13172/7/6 13176/7/6
f 13173/5/6 13174/5/6 13177/5/6
f 13177/5/6 13174/5/6 13178/5/6
f 13175/6/6 13176/6/6 13179/6/6
f 13179/6/6 13176/6/6 13180/6/6
f 13177/7/6 13178/7/6 13181/7/6
f 13181/7/6 13178/7/6 13182/7/6
f 13179/4/6 13180/4/6 13183/4/6
f 13183/4/6 13180/4/6 13184/4/6
f 13181/5/6 13182/5/6 13185/5/6
f 13183/6/6 13184/6/6 13186/6/6
f 13186/6/6 13184/6/6 13187/6/6
f 13181/5/6 13185/5/6 13188/5/6
f 13188/5/6 13185/5/6 13189/5/6
f 13186/4/6 13187/4/6 13190/4/6
f 13190/4/6 13187/4/6 13191/4/6
f 13188/6/6 13189/6/6 13192/6/6
f 13192/6/6 13189/6/6 13193/6/6
f 13190/7/6 13191/7/6 13194/7/6
f 13194/7/6 13191/7/6 13195/7/6
f 13192/5/6 13193/5/6 13196/5/6
f 13196/5/6 13193/5/6 13197/5/6
f 13194/4/6 13195/4/6 13198/4/6
f 13198/4/6 13195/4/6 13199/4/6
f 13196/7/6 13197/7/6 13200/7/6
f 13200/7/6 13197/7/6 13201/7/6
f 13198/6/6 13199/6/6 13202/6/6
f 13202/6/6 13199/6/6 13203/6/6
f 13200/5/6 13201/5/6 13204/5/6
f 13204/5/6 13201/5/6 13205/5/6
f 13202/5/6 13203/5/6 13206/5/6
f 13206/5/6 13203/5/6 13207/5/6
f 13204/4/6 13205/4/6 13208/4/6
f 13208/4/6 13205/4/6 13209/4/6
f 13206/6/6 13207/6/6 13210/6/6
f 13210/6/6 13207/6/6 13211/6/6
f 13208/6/6 13209/6/6 13212/6/6
f 13212/6/6 13209/6/6 13213/6/6
f 13210/7/6 13211/7/6 13214/7/6
f 13214/7/6 13211/7/6 13215/7/6
f 13212/4/6 13213/4/6 13216/4/6
f 13214/5/6 13215/5/6 13217/5/6
f 13217/5/6 13215/5/6 13218/5/6
f 13212/4/6 13216/4/6 13219/4/6
f 13217/4/6 13218/4/6 13220/4/6
f 13220/4/6 13218/4/6 13221/4/6
f 13212/4/6 13219/4/6 13222/4/6
f 13222/4/6 13219/4/6 13223/4/6
f 13220/5/6 13221/5/6 13224/5/6
f 13224/5/6 13221/5/6 13225/5/6
f 13226/8/6 13227/8/6 13263/8/6
f 13227/1/6 13228/1/6 13264/1/6
f 13263/8/6 13227/8/6 13264/8/6
f 13264/1/6 13228/1/6 13265/1/6
f 13228/5/6 13229/5/6 13266/5/6
f 13265/1/6 13228/1/6 13266/1/6
f 13229/1/6 13230/1/6 13267/1/6
f 13266/5/6 13229/5/6 13267/5/6
f 13230/6/6 13231/6/6 13268/6/6
f 13267/1/6 13230/1/6 13268/1/6
f 13231/1/6 13232/1/6 13269/1/6
f 13268/6/6 13231/6/6 13269/6/6
f 13269/1/6 13232/1/6 13270/1/6
f 13232/6/6 13233/6/6 13271/6/6
f 13270/1/6 13232/1/6 13271/1/6
f 13233/5/6 13234/5/6 13272/5/6
f 13271/6/6 13233/6/6 13272/6/6
f 13234/1/6 13235/1/6 13273/1/6
f 13272/5/6 13234/5/6 13273/5/6
f 13273/1/6 13235/1/6 13274/1/6
f 13235/5/6 13236/5/6 13275/5/6
f 13274/1/6 13235/1/6 13275/1/6
f 13236/4/6 13237/4/6 13276/4/6
f 13275/5/6 13236/5/6 13276/5/6
f 13237/6/6 13238/6/6 13277/6/6
f 13276/4/6 13237/4/6 13277/4/6
f 13238/1/6 13239/1/6 13278/1/6
f 13277/6/6 13238/6/6 13278/6/6
f 13278/1/6 13239/1/6 13279/1/6
f 13279/1/6 13239/1/6 13280/1/6
f 13239/6/6 13240/6/6 13281/6/6
f 13280/1/6 13239/1/6 13281/1/6
f 13240/1/6 13241/1/6 13282/1/6
f 13281/6/6 13240/6/6 13282/6/6
f 13241/6/6 13242/6/6 13283/6/6
f 13282/1/6 13241/1/6 13283/1/6
f 13242/5/6 13243/5/6 13284/5/6
f 13283/6/6 13242/6/6 13284/6/6
f 13243/1/6 13244/1/6 13285/1/6
f 13284/5/6 13243/5/6 13285/5/6
f 13244/5/6 13245/5/6 13286/5/6
f 13285/1/6 13244/1/6 13286/1/6
f 13245/1/6 13246/1/6 13287/1/6
f 13286/5/6 13245/5/6 13287/5/6
f 13246/5/6 13247/5/6 13288/5/6
f 13287/1/6 13246/1/6 13288/1/6
f 13247/6/6 13248/6/6 13289/6/6
f 13288/5/6 13247/5/6 13289/5/6
f 13248/4/6 13249/4/6 13290/4/6
f 13289/6/6 13248/6/6 13290/6/6
f 13249/6/6 13250/6/6 13291/6/6
f 13290/4/6 13249/4/6 13291/4/6
f 13250/1/6 13251/1/6 13292/1/6
f 13291/6/6 13250/6/6 13292/6/6
f 13292/1/6 13251/1/6 13293/1/6
f 13251/6/6 13252/6/6 13294/6/6
f 13293/1/6 13251/1/6 13294/1/6
f 13294/6/6 13252/6/6 13295/6/6
f 13253/6/6 13254/6/6 13296/6/6
f 13254/1/6 13255/1/6 13297/1/6
f 13296/6/6 13254/6/6 13297/6/6
f 13255/6/6 13256/6/6 13298/6/6
f 13297/1/6 13255/1/6 13298/1/6
f 13256/1/6 13257/1/6 13299/1/6
f 13298/6/6 13256/6/6 13299/6/6
f 13257/6/6 13258/6/6 13300/6/6
f 13299/1/6 13257/1/6 13300/1/6
f 13258/4/6 13259/4/6 13301/4/6
f 13300/6/6 13258/6/6 13301/6/6
f 13259/6/6 13260/6/6 13302/6/6
f 13301/4/6 13259/4/6 13302/4/6
f 13260/4/6 13261/4/6 13303/4/6
f 13302/6/6 13260/6/6 13303/6/6
f 13303/4/6 13261/4/6 13304/4/6
f 13304/4/6 13261/4/6 13305/4/6
f 13261/8/6 13262/8/6 13306/8/6
f 13305/4/6 13261/4/6 13306/4/6
f 13306/8/6 13262/8/6 13307/8/6
f 13308/8/6 13309/8/6 13360/8/6
f 13309/5/6 13310/5/6 13361/5/6
f 13360/8/6 13309/8/6 13361/8/6
f 13310/6/6 13311/6/6 13362/6/6
f 13361/5/6 13310/5/6 13362/5/6
f 13311/1/6 13312/1/6 13363/1/6
f 13362/6/6 13311/6/6 13363/6/6
f 13312/1/6 13313/1/6 13363/1/6
f 13313/5/6 13314/5/6 13364/5/6
f 13363/1/6 13313/1/6 13364/1/6
f 13314/1/6 13315/1/6 13365/1/6
f 13364/5/6 13314/5/6 13365/5/6
f 13315/5/6 13316/5/6 13366/5/6
f 13365/1/6 13315/1/6 13366/1/6
f 13316/4/6 13317/4/6 13367/4/6
f 13366/5/6 13316/5/6 13367/5/6
f 13317/5/6 13318/5/6 13368/5/6
f 13367/4/6 13317/4/6 13368/4/6
f 13318/5/6 13319/5/6 13368/5/6
f 13319/6/6 13320/6/6 13369/6/6
f 13368/5/6 13319/5/6 13369/5/6
f 13320/1/6 13321/1/6 13370/1/6
f 13369/6/6 13320/6/6 13370/6/6
f 13321/1/6 13322/1/6 13370/1/6
f 13322/5/6 13323/5/6 13371/5/6
f 13370/1/6 13322/1/6 13371/1/6
f 13323/6/6 13324/6/6 13372/6/6
f 13371/5/6 13323/5/6 13372/5/6
f 13324/5/6 13325/5/6 13373/5/6
f 13372/6/6 13324/6/6 13373/6/6
f 13325/6/6 13326/6/6 13374/6/6
f 13373/5/6 13325/5/6 13374/5/6
f 13326/1/6 13327/1/6 13375/1/6
f 13374/6/6 13326/6/6 13375/6/6
f 13327/1/6 13328/1/6 13375/1/6
f 13328/6/6 13329/6/6 13376/6/6
f 13375/1/6 13328/1/6 13376/1/6
f 13329/5/6 13330/5/6 13377/5/6
f 13376/6/6 13329/6/6 13377/6/6
f 13330/6/6 13331/6/6 13378/6/6
f 13377/5/6 13330/5/6 13378/5/6
f 13331/1/6 13332/1/6 13379/1/6
f 13378/6/6 13331/6/6 13379/6/6
f 13332/5/6 13333/5/6 13380/5/6
f 13379/1/6 13332/1/6 13380/1/6
f 13333/1/6 13334/1/6 13381/1/6
f 13380/5/6 13333/5/6 13381/5/6
f 13334/1/6 13335/1/6 13381/1/6
f 13335/5/6 13336/5/6 13382/5/6
f 13381/1/6 13335/1/6 13382/1/6
f 13336/4/6 13337/4/6 13383/4/6
f 13382/5/6 13336/5/6 13383/5/6
f 13337/6/6 13338/6/6 13384/6/6
f 13383/4/6 13337/4/6 13384/4/6
f 13338/1/6 13339/1/6 13385/1/6
f 13384/6/6 13338/6/6 13385/6/6
f 13339/5/6 13340/5/6 13386/5/6
f 13385/1/6 13339/1/6 13386/1/6
f 13340/1/6 13341/1/6 13387/1/6
f 13386/5/6 13340/5/6 13387/5/6
f 13341/6/6 13342/6/6 13388/6/6
f 13387/1/6 13341/1/6 13388/1/6
f 13342/6/6 13343/6/6 13388/6/6
f 13343/5/6 13344/5/6 13389/5/6
f 13388/6/6 13343/6/6 13389/6/6
f 13344/6/6 13345/6/6 13390/6/6
f 13389/5/6 13344/5/6 13390/5/6
f 13345/5/6 13346/5/6 13391/5/6
f 13390/6/6 13345/6/6 13391/6/6
f 13346/1/6 13347/1/6 13392/1/6
f 13391/5/6 13346/5/6 13392/5/6
f 13347/5/6 13348/5/6 13393/5/6
f 13392/1/6 13347/1/6 13393/1/6
f 13348/5/6 13349/5/6 13393/5/6
f 13349/5/6 13350/5/6 13393/5/6
f 13350/5/6 13351/5/6 13393/5/6
f 13351/6/6 13352/6/6 13394/6/6
f 13393/5/6 13351/5/6 13394/5/6
f 13352/1/6 13353/1/6 13395/1/6
f 13394/6/6 13352/6/6 13395/6/6
f 13353/5/6 13354/5/6 13396/5/6
f 13395/1/6 13353/1/6 13396/1/6
f 13354/4/6 13355/4/6 13397/4/6
f 13396/5/6 13354/5/6 13397/5/6
f 13355/5/6 13356/5/6 13398/5/6
f 13397/4/6 13355/4/6 13398/4/6
f 13356/6/6 13357/6/6 13399/6/6
f 13398/5/6 13356/5/6 13399/5/6
f 13357/4/6 13358/4/6 13400/4/6
f 13399/6/6 13357/6/6 13400/6/6
f 13358/8/6 13359/8/6 13401/8/6
f 13400/4/6 13358/4/6 13401/4/6
f 13401/8/6 13359/8/6 13402/8/6
f 13403/8/6 13404/8/6 13405/8/6
f 13405/8/6 13404/8/6 13406/8/6
f 13405/5/6 13406/5/6 13407/5/6
f 13407/5/6 13406/5/6 13408/5/6
f 13407/6/6 13408/6/6 13409/6/6
f 13408/5/6 13406/5/6 13410/5/6
f 13409/6/6 13408/6/6 13410/6/6
f 13410/5/6 13406/5/6 13411/5/6
f 13409/4/6 13410/4/6 13412/4/6
f 13410/4/6 13411/4/6 13412/4/6
f 13412/4/6 13411/4/6 13413/4/6
f 13412/6/6 13413/6/6 13414/6/6
f 13414/6/6 13413/6/6 13415/6/6
f 13414/7/6 13415/7/6 13416/7/6
f 13416/7/6 13415/7/6 13417/7/6
f 13416/5/6 13417/5/6 13418/5/6
f 13418/5/6 13417/5/6 13419/5/6
f 13418/6/6 13419/6/6 13420/6/6
f 13419/5/6 13417/5/6 13421/5/6
f 13420/6/6 13419/6/6 13421/6/6
f 13420/4/6 13421/4/6 13422/4/6
f 13421/5/6 13417/5/6 13423/5/6
f 13422/4/6 13421/4/6 13423/4/6
f 13423/5/6 13417/5/6 13424/5/6
f 13422/6/6 13423/6/6 13425/6/6
f 13423/7/6 13424/7/6 13426/7/6
f 13425/6/6 13423/6/6 13426/6/6
f 13426/7/6 13424/7/6 13427/7/6
f 13425/7/6 13426/7/6 13428/7/6
f 13426/6/6 13427/6/6 13429/6/6
f 13428/7/6 13426/7/6 13429/7/6
f 13429/6/6 13427/6/6 13430/6/6
f 13428/4/6 13429/4/6 13431/4/6
f 13429/5/6 13430/5/6 13432/5/6
f 13431/4/6 13429/4/6 13432/4/6
f 13431/5/6 13432/5/6 13433/5/6
f 13432/5/6 13430/5/6 13434/5/6
f 13433/5/6 13432/5/6 13434/5/6
f 13433/4/6 13434/4/6 13435/4/6
f 13435/4/6 13434/4/6 13436/4/6
f 13436/4/6 13434/4/6 13437/4/6
f 13435/5/6 13436/5/6 13438/5/6
f 13436/7/6 13437/7/6 13439/7/6
f 13438/5/6 13436/5/6 13439/5/6
f 13439/7/6 13437/7/6 13440/7/6
f 13438/6/6 13439/6/6 13441/6/6
f 13439/4/6 13440/4/6 13442/4/6
f 13441/6/6 13439/6/6 13442/6/6
f 13442/4/6 13440/4/6 13443/4/6
f 13441/7/6 13442/7/6 13444/7/6
f 13442/6/6 13443/6/6 13445/6/6
f 13444/7/6 13442/7/6 13445/7/6
f 13445/6/6 13443/6/6 13446/6/6
f 13444/5/6 13445/5/6 13447/5/6
f 13445/4/6 13446/4/6 13448/4/6
f 13447/5/6 13445/5/6 13448/5/6
f 13448/4/6 13446/4/6 13449/4/6
f 13447/4/6 13448/4/6 13450/4/6
f 13448/5/6 13449/5/6 13451/5/6
f 13450/4/6 13448/4/6 13451/4/6
f 13451/5/6 13449/5/6 13452/5/6
f 13450/6/6 13451/6/6 13453/6/6
f 13451/4/6 13452/4/6 13454/4/6
f 13453/6/6 13451/6/6 13454/6/6
f 13454/4/6 13452/4/6 13455/4/6
f 13453/5/6 13454/5/6 13456/5/6
f 13454/7/6 13455/7/6 13457/7/6
f 13456/5/6 13454/5/6 13457/5/6
f 13457/7/6 13455/7/6 13458/7/6
f 13456/6/6 13457/6/6 13459/6/6
f 13457/4/6 13458/4/6 13460/4/6
f 13459/6/6 13457/6/6 13460/6/6
f 13460/4/6 13458/4/6 13461/4/6
f 13459/7/6 13460/7/6 13462/7/6
f 13460/6/6 13461/6/6 13463/6/6
f 13462/7/6 13460/7/6 13463/7/6
f 13463/6/6 13461/6/6 13464/6/6
f 13462/6/6 13463/6/6 13465/6/6
f 13463/5/6 13464/5/6 13466/5/6
f 13465/6/6 13463/6/6 13466/6/6
f 13466/5/6 13464/5/6 13467/5/6
f 13465/4/6 13466/4/6 13468/4/6
f 13466/6/6 13467/6/6 13469/6/6
f 13468/4/6 13466/4/6 13469/4/6
f 13469/6/6 13467/6/6 13470/6/6
f 13468/5/6 13469/5/6 13471/5/6
f 13469/7/6 13470/7/6 13471/7/6
f 13471/7/6 13470/7/6 13472/7/6
f 13468/5/6 13471/5/6 13473/5/6
f 13471/5/6 13472/5/6 13473/5/6
f 13473/5/6 13472/5/6 13474/5/6
f 13474/5/6 13472/5/6 13475/5/6
f 13473/6/6 13474/6/6 13476/6/6
f 13474/4/6 13475/4/6 13477/4/6
f 13476/6/6 13474/6/6 13477/6/6
f 13477/4/6 13475/4/6 13478/4/6
f 13476/7/6 13477/7/6 13479/7/6
f 13477/6/6 13478/6/6 13480/6/6
f 13479/7/6 13477/7/6 13480/7/6
f 13479/5/6 13480/5/6 13481/5/6
f 13480/6/6 13478/6/6 13482/6/6
f 13481/5/6 13480/5/6 13482/5/6
f 13482/6/6 13478/6/6 13483/6/6
f 13481/6/6 13482/6/6 13484/6/6
f 13482/4/6 13483/4/6 13484/4/6
f 13484/4/6 13483/4/6 13485/4/6
f 13481/6/6 13484/6/6 13486/6/6
f 13484/7/6 13485/7/6 13487/7/6
f 13486/6/6 13484/6/6 13487/6/6
f 13487/7/6 13485/7/6 13488/7/6
f 13486/5/6 13487/5/6 13489/5/6
f 13487/6/6 13488/6/6 13490/6/6
f 13489/5/6 13487/5/6 13490/5/6
f 13490/6/6 13488/6/6 13491/6/6
f 13489/7/6 13490/7/6 13492/7/6
f 13490/5/6 13491/5/6 13493/5/6
f 13492/7/6 13490/7/6 13493/7/6
f 13493/5/6 13491/5/6 13494/5/6
f 13492/6/6 13493/6/6 13495/6/6
f 13493/4/6 13494/4/6 13496/4/6
f 13495/6/6 13493/6/6 13496/6/6
f 13496/4/6 13494/4/6 13497/4/6
f 13495/5/6 13496/5/6 13498/5/6
f 13496/6/6 13497/6/6 13498/6/6
f 13498/6/6 13497/6/6 13499/6/6
f 13495/5/6 13498/5/6 13500/5/6
f 13498/7/6 13499/7/6 13501/7/6
f 13500/5/6 13498/5/6 13501/5/6
f 13501/7/6 13499/7/6 13502/7/6
f 13500/6/6 13501/6/6 13503/6/6
f 13501/5/6 13502/5/6 13503/5/6
f 13503/5/6 13502/5/6 13504/5/6
f 13500/6/6 13503/6/6 13505/6/6
f 13503/6/6 13504/6/6 13505/6/6
f 13505/6/6 13504/6/6 13506/6/6
f 13505/5/6 13506/5/6 13507/5/6
f 13507/5/6 13506/5/6 13508/5/6
f 13507/6/6 13508/6/6 13509/6/6
f 13508/5/6 13506/5/6 13510/5/6
f 13509/6/6 13508/6/6 13510/6/6
f 13510/5/6 13506/5/6 13511/5/6
f 13509/5/6 13510/5/6 13512/5/6
f 13510/7/6 13511/7/6 13512/7/6
f 13512/7/6 13511/7/6 13513/7/6
f 13509/5/6 13512/5/6 13514/5/6
f 13512/6/6 13513/6/6 13515/6/6
f 13514/5/6 13512/5/6 13515/5/6
f 13515/6/6 13513/6/6 13516/6/6
f 13514/6/6 13515/6/6 13517/6/6
f 13515/4/6 13516/4/6 13518/4/6
f 13517/6/6 13515/6/6 13518/6/6
f 13518/4/6 13516/4/6 13519/4/6
f 13517/5/6 13518/5/6 13520/5/6
f 13518/5/6 13519/5/6 13520/5/6
f 13520/5/6 13519/5/6 13521/5/6
f 13520/4/6 13521/4/6 13522/4/6
f 13522/4/6 13521/4/6 13523/4/6
f 13523/4/6 13521/4/6 13524/4/6
f 13525/8/6 13526/8/6 13564/8/6
f 13527/1/6 13528/1/6 13565/1/6
f 13564/8/6 13526/8/6 13565/8/6
f 13526/1/6 13527/1/6 13565/1/6
f 13529/5/6 13530/5/6 13566/5/6
f 13565/1/6 13528/1/6 13566/1/6
f 13528/5/6 13529/5/6 13566/5/6
f 13530/4/6 13531/4/6 13567/4/6
f 13566/5/6 13530/5/6 13567/5/6
f 13531/5/6 13532/5/6 13568/5/6
f 13567/4/6 13531/4/6 13568/4/6
f 13532/1/6 13533/1/6 13569/1/6
f 13568/5/6 13532/5/6 13569/5/6
f 13533/6/6 13534/6/6 13570/6/6
f 13569/1/6 13533/1/6 13570/1/6
f 13534/4/6 13535/4/6 13571/4/6
f 13570/6/6 13534/6/6 13571/6/6
f 13535/6/6 13536/6/6 13572/6/6
f 13571/4/6 13535/4/6 13572/4/6
f 13537/1/6 13538/1/6 13573/1/6
f 13572/6/6 13536/6/6 13573/6/6
f 13536/1/6 13537/1/6 13573/1/6
f 13540/5/6 13541/5/6 13574/5/6
f 13573/1/6 13538/1/6 13574/1/6
f 13539/5/6 13540/5/6 13574/5/6
f 13538/5/6 13539/5/6 13574/5/6
f 13541/6/6 13542/6/6 13575/6/6
f 13574/5/6 13541/5/6 13575/5/6
f 13544/1/6 13545/1/6 13576/1/6
f 13575/6/6 13542/6/6 13576/6/6
f 13543/1/6 13544/1/6 13576/1/6
f 13542/1/6 13543/1/6 13576/1/6
f 13545/6/6 13546/6/6 13577/6/6
f 13576/1/6 13545/1/6 13577/1/6
f 13546/4/6 13547/4/6 13578/4/6
f 13577/6/6 13546/6/6 13578/6/6
f 13547/6/6 13548/6/6 13579/6/6
f 13578/4/6 13547/4/6 13579/4/6
f 13548/1/6 13549/1/6 13580/1/6
f 13579/6/6 13548/6/6 13580/6/6
f 13549/6/6 13550/6/6 13581/6/6
f 13580/1/6 13549/1/6 13581/1/6
f 13550/1/6 13551/1/6 13582/1/6
f 13581/6/6 13550/6/6 13582/6/6
f 13551/5/6 13552/5/6 13583/5/6
f 13582/1/6 13551/1/6 13583/1/6
f 13552/6/6 13553/6/6 13584/6/6
f 13583/5/6 13552/5/6 13584/5/6
f 13553/1/6 13554/1/6 13585/1/6
f 13584/6/6 13553/6/6 13585/6/6
f 13555/6/6 13556/6/6 13586/6/6
f 13585/1/6 13554/1/6 13586/1/6
f 13554/6/6 13555/6/6 13586/6/6
f 13556/1/6 13557/1/6 13587/1/6
f 13586/6/6 13556/6/6 13587/6/6
f 13557/5/6 13558/5/6 13588/5/6
f 13587/1/6 13557/1/6 13588/1/6
f 13558/1/6 13559/1/6 13589/1/6
f 13588/5/6 13558/5/6 13589/5/6
f 13559/5/6 13560/5/6 13590/5/6
f 13589/1/6 13559/1/6 13590/1/6
f 13560/6/6 13561/6/6 13591/6/6
f 13590/5/6 13560/5/6 13591/5/6
f 13561/4/6 13562/4/6 13592/4/6
f 13591/6/6 13561/6/6 13592/6/6
f 13562/8/6 13563/8/6 13593/8/6
f 13592/4/6 13562/4/6 13593/4/6
f 13593/8/6 13563/8/6 13594/8/6
f 13595/8/6 13596/8/6 13631/8/6
f 13596/1/6 13597/1/6 13632/1/6
f 13631/8/6 13596/8/6 13632/8/6
f 13632/1/6 13597/1/6 13633/1/6
f 13633/1/6 13597/1/6 13634/1/6
f 13634/1/6 13597/1/6 13635/1/6
f 13635/1/6 13597/1/6 13636/1/6
f 13636/1/6 13597/1/6 13637/1/6
f 13597/6/6 13598/6/6 13638/6/6
f 13637/1/6 13597/1/6 13638/1/6
f 13598/5/6 13599/5/6 13639/5/6
f 13638/6/6 13598/6/6 13639/6/6
f 13599/4/6 13600/4/6 13640/4/6
f 13639/5/6 13599/5/6 13640/5/6
f 13600/6/6 13601/6/6 13641/6/6
f 13640/4/6 13600/4/6 13641/4/6
f 13601/1/6 13602/1/6 13642/1/6
f 13641/6/6 13601/6/6 13642/6/6
f 13602/6/6 13603/6/6 13643/6/6
f 13642/1/6 13602/1/6 13643/1/6
f 13603/1/6 13604/1/6 13644/1/6
f 13643/6/6 13603/6/6 13644/6/6
f 13604/6/6 13605/6/6 13645/6/6
f 13644/1/6 13604/1/6 13645/1/6
f 13605/1/6 13606/1/6 13646/1/6
f 13645/6/6 13605/6/6 13646/6/6
f 13606/5/6 13607/5/6 13647/5/6
f 13646/1/6 13606/1/6 13647/1/6
f 13607/1/6 13608/1/6 13648/1/6
f 13647/5/6 13607/5/6 13648/5/6
f 13608/5/6 13609/5/6 13649/5/6
f 13648/1/6 13608/1/6 13649/1/6
f 13609/4/6 13610/4/6 13650/4/6
f 13649/5/6 13609/5/6 13650/5/6
f 13610/5/6 13611/5/6 13651/5/6
f 13650/4/6 13610/4/6 13651/4/6
f 13611/1/6 13612/1/6 13652/1/6
f 13651/5/6 13611/5/6 13652/5/6
f 13652/1/6 13612/1/6 13653/1/6
f 13612/6/6 13613/6/6 13654/6/6
f 13653/1/6 13612/1/6 13654/1/6
f 13613/4/6 13614/4/6 13655/4/6
f 13654/6/6 13613/6/6 13655/6/6
f 13614/6/6 13615/6/6 13656/6/6
f 13655/4/6 13614/4/6 13656/4/6
f 13615/5/6 13616/5/6 13657/5/6
f 13656/6/6 13615/6/6 13657/6/6
f 13616/1/6 13617/1/6 13658/1/6
f 13657/5/6 13616/5/6 13658/5/6
f 13658/1/6 13617/1/6 13659/1/6
f 13617/6/6 13618/6/6 13660/6/6
f 13659/1/6 13617/1/6 13660/1/6
f 13618/5/6 13619/5/6 13661/5/6
f 13660/6/6 13618/6/6 13661/6/6
f 13661/5/6 13619/5/6 13662/5/6
f 13619/6/6 13620/6/6 13663/6/6
f 13662/5/6 13619/5/6 13663/5/6
f 13663/6/6 13620/6/6 13664/6/6
f 13620/1/6 13621/1/6 13665/1/6
f 13664/6/6 13620/6/6 13665/6/6
f 13621/6/6 13622/6/6 13666/6/6
f 13665/1/6 13621/1/6 13666/1/6
f 13622/5/6 13623/5/6 13667/5/6
f 13666/6/6 13622/6/6 13667/6/6
f 13623/6/6 13624/6/6 13668/6/6
f 13667/5/6 13623/5/6 13668/5/6
f 13624/1/6 13625/1/6 13669/1/6
f 13668/6/6 13624/6/6 13669/6/6
f 13625/6/6 13626/6/6 13670/6/6
f 13669/1/6 13625/1/6 13670/1/6
f 13670/6/6 13626/6/6 13671/6/6
f 13626/4/6 13627/4/6 13672/4/6
f 13671/6/6 13626/6/6 13672/6/6
f 13627/5/6 13628/5/6 13673/5/6
f 13672/4/6 13627/4/6 13673/4/6
f 13628/6/6 13629/6/6 13674/6/6
f 13673/5/6 13628/5/6 13674/5/6
f 13629/8/6 13630/8/6 13675/8/6
f 13674/6/6 13629/6/6 13675/6/6
f 13675/8/6 13630/8/6 13676/8/6
f 13677/8/6 13678/8/6 13705/8/6
f 13678/1/6 13679/1/6 13706/1/6
f 13705/8/6 13678/8/6 13706/8/6
f 13679/5/6 13680/5/6 13707/5/6
f 13706/1/6 13679/1/6 13707/1/6
f 13680/6/6 13681/6/6 13708/6/6
f 13707/5/6 13680/5/6 13708/5/6
f 13681/4/6 13682/4/6 13709/4/6
f 13708/6/6 13681/6/6 13709/6/6
f 13682/5/6 13683/5/6 13710/5/6
f 13709/4/6 13682/4/6 13710/4/6
f 13710/5/6 13683/5/6 13711/5/6
f 13683/1/6 13684/1/6 13712/1/6
f 13711/5/6 13683/5/6 13712/5/6
f 13684/6/6 13685/6/6 13713/6/6
f 13712/1/6 13684/1/6 13713/1/6
f 13685/4/6 13686/4/6 13714/4/6
f 13713/6/6 13685/6/6 13714/6/6
f 13686/6/6 13687/6/6 13715/6/6
f 13714/4/6 13686/4/6 13715/4/6
f 13687/5/6 13688/5/6 13716/5/6
f 13715/6/6 13687/6/6 13716/6/6
f 13716/5/6 13688/5/6 13717/5/6
f 13688/1/6 13689/1/6 13718/1/6
f 13717/5/6 13688/5/6 13718/5/6
f 13718/1/6 13689/1/6 13719/1/6
f 13719/1/6 13689/1/6 13720/1/6
f 13720/1/6 13689/1/6 13721/1/6
f 13721/1/6 13689/1/6 13722/1/6
f 13689/6/6 13690/6/6 13723/6/6
f 13722/1/6 13689/1/6 13723/1/6
f 13690/4/6 13691/4/6 13724/4/6
f 13723/6/6 13690/6/6 13724/6/6
f 13691/6/6 13692/6/6 13725/6/6
f 13724/4/6 13691/4/6 13725/4/6
f 13725/6/6 13692/6/6 13726/6/6
f 13726/6/6 13692/6/6 13727/6/6
f 13692/1/6 13693/1/6 13728/1/6
f 13727/6/6 13692/6/6 13728/6/6
f 13728/1/6 13693/1/6 13729/1/6
f 13693/5/6 13694/5/6 13730/5/6
f 13729/1/6 13693/1/6 13730/1/6
f 13694/1/6 13695/1/6 13731/1/6
f 13730/5/6 13694/5/6 13731/5/6
f 13731/1/6 13695/1/6 13732/1/6
f 13732/1/6 13695/1/6 13733/1/6
f 13733/1/6 13695/1/6 13734/1/6
f 13695/5/6 13696/5/6 13735/5/6
f 13734/1/6 13695/1/6 13735/1/6
f 13696/6/6 13697/6/6 13736/6/6
f 13735/5/6 13696/5/6 13736/5/6
f 13736/6/6 13697/6/6 13737/6/6
f 13697/5/6 13698/5/6 13738/5/6
f 13737/6/6 13697/6/6 13738/6/6
f 13698/1/6 13699/1/6 13739/1/6
f 13738/5/6 13698/5/6 13739/5/6
f 13699/5/6 13700/5/6 13740/5/6
f 13739/1/6 13699/1/6 13740/1/6
f 13700/6/6 13701/6/6 13741/6/6
f 13740/5/6 13700/5/6 13741/5/6
f 13701/5/6 13702/5/6 13742/5/6
f 13741/6/6 13701/6/6 13742/6/6
f 13702/6/6 13703/6/6 13743/6/6
f 13742/5/6 13702/5/6 13743/5/6
f 13703/8/6 13704/8/6 13744/8/6
f 13743/6/6 13703/6/6 13744/6/6
f 13744/8/6 13704/8/6 13745/8/6
f 13746/8/6 13747/8/6 13794/8/6
f 13747/6/6 13748/6/6 13795/6/6
f 13794/8/6 13747/8/6 13795/8/6
f 13748/5/6 13749/5/6 13796/5/6
f 13795/6/6 13748/6/6 13796/6/6
f 13749/1/6 13750/1/6 13797/1/6
f 13796/5/6 13749/5/6 13797/5/6
f 13750/5/6 13751/5/6 13798/5/6
f 13797/1/6 13750/1/6 13798/1/6
f 13751/6/6 13752/6/6 13799/6/6
f 13798/5/6 13751/5/6 13799/5/6
f 13752/6/6 13753/6/6 13799/6/6
f 13753/1/6 13754/1/6 13800/1/6
f 13799/6/6 13753/6/6 13800/6/6
f 13754/5/6 13755/5/6 13801/5/6
f 13800/1/6 13754/1/6 13801/1/6
f 13755/4/6 13756/4/6 13802/4/6
f 13801/5/6 13755/5/6 13802/5/6
f 13756/5/6 13757/5/6 13803/5/6
f 13802/4/6 13756/4/6 13803/4/6
f 13757/6/6 13758/6/6 13804/6/6
f 13803/5/6 13757/5/6 13804/5/6
f 13758/1/6 13759/1/6 13805/1/6
f 13804/6/6 13758/6/6 13805/6/6
f 13759/5/6 13760/5/6 13806/5/6
f 13805/1/6 13759/1/6 13806/1/6
f 13760/1/6 13761/1/6 13807/1/6
f 13806/5/6 13760/5/6 13807/5/6
f 13761/1/6 13762/1/6 13807/1/6
f 13762/1/6 13763/1/6 13807/1/6
f 13763/1/6 13764/1/6 13807/1/6
f 13764/1/6 13765/1/6 13807/1/6
f 13765/6/6 13766/6/6 13808/6/6
f 13807/1/6 13765/1/6 13808/1/6
f 13766/4/6 13767/4/6 13809/4/6
f 13808/6/6 13766/6/6 13809/6/6
f 13767/5/6 13768/5/6 13810/5/6
f 13809/4/6 13767/4/6 13810/4/6
f 13768/5/6 13769/5/6 13810/5/6
f 13769/1/6 13770/1/6 13811/1/6
f 13810/5/6 13769/5/6 13811/5/6
f 13770/1/6 13771/1/6 13811/1/6
f 13771/1/6 13772/1/6 13811/1/6
f 13772/1/6 13773/1/6 13811/1/6
f 13773/1/6 13774/1/6 13811/1/6
f 13774/6/6 13775/6/6 13812/6/6
f 13811/1/6 13774/1/6 13812/1/6
f 13775/4/6 13776/4/6 13813/4/6
f 13812/6/6 13775/6/6 13813/6/6
f 13776/6/6 13777/6/6 13814/6/6
f 13813/4/6 13776/4/6 13814/4/6
f 13777/1/6 13778/1/6 13815/1/6
f 13814/6/6 13777/6/6 13815/6/6
f 13778/1/6 13779/1/6 13815/1/6
f 13779/1/6 13780/1/6 13815/1/6
f 13780/6/6 13781/6/6 13816/6/6
f 13815/1/6 13780/1/6 13816/1/6
f 13783/1/6 13784/1/6 13817/1/6
f 13816/6/6 13781/6/6 13817/6/6
f 13782/1/6 13783/1/6 13817/1/6
f 13781/1/6 13782/1/6 13817/1/6
f 13785/6/6 13786/6/6 13818/6/6
f 13817/1/6 13784/1/6 13818/1/6
f 13784/6/6 13785/6/6 13818/6/6
f 13786/5/6 13787/5/6 13819/5/6
f 13818/6/6 13786/6/6 13819/6/6
f 13787/1/6 13788/1/6 13820/1/6
f 13819/5/6 13787/5/6 13820/5/6
f 13790/5/6 13791/5/6 13821/5/6
f 13820/1/6 13788/1/6 13821/1/6
f 13789/5/6 13790/5/6 13821/5/6
f 13788/5/6 13789/5/6 13821/5/6
f 13791/1/6 13792/1/6 13822/1/6
f 13821/5/6 13791/5/6 13822/5/6
f 13792/8/6 13793/8/6 13823/8/6
f 13822/1/6 13792/1/6 13823/1/6
f 13823/8/6 13793/8/6 13824/8/6
f 13825/8/6 13826/8/6 13857/8/6
f 13826/1/6 13827/1/6 13858/1/6
f 13857/8/6 13826/8/6 13858/8/6
f 13827/5/6 13828/5/6 13859/5/6
f 13858/1/6 13827/1/6 13859/1/6
f 13828/1/6 13829/1/6 13860/1/6
f 13859/5/6 13828/5/6 13860/5/6
f 13860/1/6 13829/1/6 13861/1/6
f 13829/5/6 13830/5/6 13862/5/6
f 13861/1/6 13829/1/6 13862/1/6
f 13830/1/6 13831/1/6 13863/1/6
f 13862/5/6 13830/5/6 13863/5/6
f 13863/1/6 13831/1/6 13864/1/6
f 13864/1/6 13831/1/6 13865/1/6
f 13831/6/6 13832/6/6 13866/6/6
f 13865/1/6 13831/1/6 13866/1/6
f 13832/1/6 13833/1/6 13867/1/6
f 13866/6/6 13832/6/6 13867/6/6
f 13867/1/6 13833/1/6 13868/1/6
f 13868/1/6 13833/1/6 13869/1/6
f 13833/5/6 13834/5/6 13870/5/6
f 13869/1/6 13833/1/6 13870/1/6
f 13870/5/6 13834/5/6 13871/5/6
f 13834/1/6 13835/1/6 13872/1/6
f 13871/5/6 13834/5/6 13872/5/6
f 13835/5/6 13836/5/6 13873/5/6
f 13872/1/6 13835/1/6 13873/1/6
f 13836/4/6 13837/4/6 13874/4/6
f 13873/5/6 13836/5/6 13874/5/6
f 13837/6/6 13838/6/6 13875/6/6
f 13874/4/6 13837/4/6 13875/4/6
f 13838/1/6 13839/1/6 13876/1/6
f 13875/6/6 13838/6/6 13876/6/6
f 13839/5/6 13840/5/6 13877/5/6
f 13876/1/6 13839/1/6 13877/1/6
f 13840/4/6 13841/4/6 13878/4/6
f 13877/5/6 13840/5/6 13878/5/6
f 13878/4/6 13841/4/6 13879/4/6
f 13841/5/6 13842/5/6 13880/5/6
f 13879/4/6 13841/4/6 13880/4/6
f 13842/6/6 13843/6/6 13881/6/6
f 13880/5/6 13842/5/6 13881/5/6
f 13843/1/6 13844/1/6 13882/1/6
f 13881/6/6 13843/6/6 13882/6/6
f 13882/1/6 13844/1/6 13883/1/6
f 13883/1/6 13844/1/6 13884/1/6
f 13844/6/6 13845/6/6 13885/6/6
f 13884/1/6 13844/1/6 13885/1/6
f 13845/4/6 13846/4/6 13886/4/6
f 13885/6/6 13845/6/6 13886/6/6
f 13846/6/6 13847/6/6 13887/6/6
f 13886/4/6 13846/4/6 13887/4/6
f 13887/6/6 13847/6/6 13888/6/6
f 13847/1/6 13848/1/6 13889/1/6
f 13888/6/6 13847/6/6 13889/6/6
f 13889/1/6 13848/1/6 13890/1/6
f 13890/1/6 13848/1/6 13891/1/6
f 13848/5/6 13849/5/6 13892/5/6
f 13891/1/6 13848/1/6 13892/1/6
f 13849/1/6 13850/1/6 13893/1/6
f 13892/5/6 13849/5/6 13893/5/6
f 13893/1/6 13850/1/6 13894/1/6
f 13894/1/6 13850/1/6 13895/1/6
f 13850/5/6 13851/5/6 13896/5/6
f 13895/1/6 13850/1/6 13896/1/6
f 13896/5/6 13851/5/6 13897/5/6
f 13851/1/6 13852/1/6 13898/1/6
f 13897/5/6 13851/5/6 13898/5/6
f 13898/1/6 13852/1/6 13899/1/6
f 13852/5/6 13853/5/6 13900/5/6
f 13899/1/6 13852/1/6 13900/1/6
f 13900/5/6 13853/5/6 13901/5/6
f 13853/1/6 13854/1/6 13902/1/6
f 13901/5/6 13853/5/6 13902/5/6
f 13854/5/6 13855/5/6 13903/5/6
f 13902/1/6 13854/1/6 13903/1/6
f 13855/8/6 13856/8/6 13904/8/6
f 13903/5/6 13855/5/6 13904/5/6
f 13904/8/6 13856/8/6 13905/8/6
f 13906/8/6 13907/8/6 13956/8/6
f 13907/5/6 13908/5/6 13957/5/6
f 13956/8/6 13907/8/6 13957/8/6
f 13908/4/6 13909/4/6 13958/4/6
f 13957/5/6 13908/5/6 13958/5/6
f 13909/6/6 13910/6/6 13959/6/6
f 13958/4/6 13909/4/6 13959/4/6
f 13910/1/6 13911/1/6 13960/1/6
f 13959/6/6 13910/6/6 13960/6/6
f 13911/6/6 13912/6/6 13961/6/6
f 13960/1/6 13911/1/6 13961/1/6
f 13912/1/6 13913/1/6 13962/1/6
f 13961/6/6 13912/6/6 13962/6/6
f 13913/6/6 13914/6/6 13963/6/6
f 13962/1/6 13913/1/6 13963/1/6
f 13914/5/6 13915/5/6 13964/5/6
f 13963/6/6 13914/6/6 13964/6/6
f 13915/4/6 13916/4/6 13965/4/6
f 13964/5/6 13915/5/6 13965/5/6
f 13916/6/6 13917/6/6 13966/6/6
f 13965/4/6 13916/4/6 13966/4/6
f 13917/1/6 13918/1/6 13967/1/6
f 13966/6/6 13917/6/6 13967/6/6
f 13918/1/6 13919/1/6 13967/1/6
f 13919/5/6 13920/5/6 13968/5/6
f 13967/1/6 13919/1/6 13968/1/6
f 13920/5/6 13921/5/6 13968/5/6
f 13921/5/6 13922/5/6 13968/5/6
f 13922/5/6 13923/5/6 13968/5/6
f 13923/1/6 13924/1/6 13969/1/6
f 13968/5/6 13923/5/6 13969/5/6
f 13924/1/6 13925/1/6 13969/1/6
f 13925/6/6 13926/6/6 13970/6/6
f 13969/1/6 13925/1/6 13970/1/6
f 13926/6/6 13927/6/6 13970/6/6
f 13927/4/6 13928/4/6 13971/4/6
f 13970/6/6 13927/6/6 13971/6/6
f 13928/6/6 13929/6/6 13972/6/6
f 13971/4/6 13928/4/6 13972/4/6
f 13929/5/6 13930/5/6 13973/5/6
f 13972/6/6 13929/6/6 13973/6/6
f 13930/6/6 13931/6/6 13974/6/6
f 13973/5/6 13930/5/6 13974/5/6
f 13931/1/6 13932/1/6 13975/1/6
f 13974/6/6 13931/6/6 13975/6/6
f 13932/5/6 13933/5/6 13976/5/6
f 13975/1/6 13932/1/6 13976/1/6
f 13933/4/6 13934/4/6 13977/4/6
f 13976/5/6 13933/5/6 13977/5/6
f 13934/6/6 13935/6/6 13978/6/6
f 13977/4/6 13934/4/6 13978/4/6
f 13935/5/6 13936/5/6 13979/5/6
f 13978/6/6 13935/6/6 13979/6/6
f 13936/1/6 13937/1/6 13980/1/6
f 13979/5/6 13936/5/6 13980/5/6
f 13937/1/6 13938/1/6 13980/1/6
f 13938/1/6 13939/1/6 13980/1/6
f 13939/6/6 13940/6/6 13981/6/6
f 13980/1/6 13939/1/6 13981/1/6
f 13940/4/6 13941/4/6 13982/4/6
f 13981/6/6 13940/6/6 13982/6/6
f 13941/4/6 13942/4/6 13982/4/6
f 13942/5/6 13943/5/6 13983/5/6
f 13982/4/6 13942/4/6 13983/4/6
f 13943/1/6 13944/1/6 13984/1/6
f 13983/5/6 13943/5/6 13984/5/6
f 13944/6/6 13945/6/6 13985/6/6
f 13984/1/6 13944/1/6 13985/1/6
f 13945/5/6 13946/5/6 13986/5/6
f 13985/6/6 13945/6/6 13986/6/6
f 13947/6/6 13948/6/6 13987/6/6
f 13986/5/6 13946/5/6 13987/5/6
f 13946/6/6 13947/6/6 13987/6/6
f 13949/1/6 13950/1/6 13988/1/6
f 13987/6/6 13948/6/6 13988/6/6
f 13948/1/6 13949/1/6 13988/1/6
f 13950/5/6 13951/5/6 13989/5/6
f 13988/1/6 13950/1/6 13989/1/6
f 13952/6/6 13953/6/6 13990/6/6
f 13989/5/6 13951/5/6 13990/5/6
f 13951/6/6 13952/6/6 13990/6/6
f 13953/1/6 13954/1/6 13991/1/6
f 13990/6/6 13953/6/6 13991/6/6
f 13954/8/6 13955/8/6 13992/8/6
f 13991/1/6 13954/1/6 13992/1/6
f 13992/8/6 13955/8/6 13993/8/6
f 13996/6/6 13997/6/6 14027/6/6
f 13997/4/6 13998/4/6 14027/4/6
f 14027/4/6 13998/4/6 14028/4/6
f 13998/5/6 13999/5/6 14029/5/6
f 14028/4/6 13998/4/6 14029/4/6
f 13999/1/6 14000/1/6 14030/1/6
f 14029/5/6 13999/5/6 14030/5/6
f 14000/5/6 14001/5/6 14031/5/6
f 14030/1/6 14000/1/6 14031/1/6
f 14001/6/6 14002/6/6 14032/6/6
f 14031/5/6 14001/5/6 14032/5/6
f 14002/5/6 14003/5/6 14033/5/6
f 14032/6/6 14002/6/6 14033/6/6
f 14003/6/6 14004/6/6 14034/6/6
f 14033/5/6 14003/5/6 14034/5/6
f 14004/1/6 14005/1/6 14035/1/6
f 14034/6/6 14004/6/6 14035/6/6
f 14005/5/6 14006/5/6 14036/5/6
f 14035/1/6 14005/1/6 14036/1/6
f 14006/6/6 14007/6/6 14037/6/6
f 14036/5/6 14006/5/6 14037/5/6
f 14007/1/6 14008/1/6 14038/1/6
f 14037/6/6 14007/6/6 14038/6/6
f 14038/1/6 14008/1/6 14039/1/6
f 14008/5/6 14009/5/6 14040/5/6
f 14039/1/6 14008/1/6 14040/1/6
f 14009/1/6 14010/1/6 14041/1/6
f 14040/5/6 14009/5/6 14041/5/6
f 14041/1/6 14010/1/6 14042/1/6
f 14042/1/6 14010/1/6 14043/1/6
f 14043/1/6 14010/1/6 14044/1/6
f 14044/1/6 14010/1/6 14045/1/6
f 14045/1/6 14010/1/6 14046/1/6
f 14010/5/6 14011/5/6 14047/5/6
f 14046/1/6 14010/1/6 14047/1/6
f 14011/4/6 14012/4/6 14048/4/6
f 14047/5/6 14011/5/6 14048/5/6
f 14012/5/6 14013/5/6 14049/5/6
f 14048/4/6 14012/4/6 14049/4/6
f 14049/5/6 14013/5/6 14050/5/6
f 14013/1/6 14014/1/6 14051/1/6
f 14050/5/6 14013/5/6 14051/5/6
f 14014/5/6 14015/5/6 14052/5/6
f 14015/4/6 14016/4/6 14052/4/6
f 14052/4/6 14016/4/6 14053/4/6
f 14016/5/6 14017/5/6 14054/5/6
f 14053/4/6 14016/4/6 14054/4/6
f 14017/6/6 14018/6/6 14055/6/6
f 14054/5/6 14017/5/6 14055/5/6
f 14018/1/6 14019/1/6 14056/1/6
f 14055/6/6 14018/6/6 14056/6/6
f 14056/1/6 14019/1/6 14057/1/6
f 14021/1/6 14022/1/6 14058/1/6
f 14022/6/6 14023/6/6 14059/6/6
f 14058/1/6 14022/1/6 14059/1/6
f 14023/4/6 14024/4/6 14060/4/6
f 14059/6/6 14023/6/6 14060/6/6
f 14060/4/6 14024/4/6 14061/4/6
f 14024/6/6 14025/6/6 14062/6/6
f 14061/4/6 14024/4/6 14062/4/6
f 13996/6/6 14027/6/6 14063/6/6
f 14027/5/6 14028/5/6 14064/5/6
f 14063/6/6 14027/6/6 14064/6/6
f 14028/6/6 14029/6/6 14065/6/6
f 14064/5/6 14028/5/6 14065/5/6
f 14029/6/6 14030/6/6 14065/6/6
f 14030/1/6 14031/1/6 14066/1/6
f 14065/6/6 14030/6/6 14066/6/6
f 14031/6/6 14032/6/6 14067/6/6
f 14066/1/6 14031/1/6 14067/1/6
f 14032/5/6 14033/5/6 14068/5/6
f 14067/6/6 14032/6/6 14068/6/6
f 14033/6/6 14034/6/6 14069/6/6
f 14068/5/6 14033/5/6 14069/5/6
f 14034/4/6 14035/4/6 14070/4/6
f 14069/6/6 14034/6/6 14070/6/6
f 14035/5/6 14036/5/6 14071/5/6
f 14070/4/6 14035/4/6 14071/4/6
f 14071/5/6 14036/5/6 14072/5/6
f 14036/6/6 14037/6/6 14073/6/6
f 14072/5/6 14036/5/6 14073/5/6
f 14037/5/6 14038/5/6 14074/5/6
f 14073/6/6 14037/6/6 14074/6/6
f 14038/1/6 14039/1/6 14075/1/6
f 14039/5/6 14040/5/6 14075/5/6
f 14040/1/6 14041/1/6 14076/1/6
f 14075/5/6 14040/5/6 14076/5/6
f 14041/1/6 14042/1/6 14076/1/6
f 14076/1/6 14042/1/6 14077/1/6
f 14042/6/6 14043/6/6 14078/6/6
f 14077/1/6 14042/1/6 14078/1/6
f 14078/6/6 14043/6/6 14079/6/6
f 14043/5/6 14044/5/6 14080/5/6
f 14079/6/6 14043/6/6 14080/6/6
f 14044/6/6 14045/6/6 14081/6/6
f 14080/5/6 14044/5/6 14081/5/6
f 14045/5/6 14046/5/6 14082/5/6
f 14081/6/6 14045/6/6 14082/6/6
f 14046/6/6 14047/6/6 14083/6/6
f 14082/5/6 14046/5/6 14083/5/6
f 14047/4/6 14048/4/6 14084/4/6
f 14083/6/6 14047/6/6 14084/6/6
f 14049/6/6 14050/6/6 14085/6/6
f 14084/4/6 14048/4/6 14085/4/6
f 14048/6/6 14049/6/6 14085/6/6
f 14085/6/6 14050/6/6 14086/6/6
f 14050/1/6 14051/1/6 14087/1/6
f 14086/6/6 14050/6/6 14087/6/6
f 14051/1/6 14014/1/6 14088/1/6
f 14087/1/6 14051/1/6 14088/1/6
f 14088/1/6 14014/1/6 14089/1/6
f 14014/5/6 14052/5/6 14090/5/6
f 14089/1/6 14014/1/6 14090/1/6
f 14052/6/6 14053/6/6 14091/6/6
f 14090/5/6 14052/5/6 14091/5/6
f 14053/5/6 14054/5/6 14092/5/6
f 14091/6/6 14053/6/6 14092/6/6
f 14092/5/6 14054/5/6 14093/5/6
f 14054/6/6 14055/6/6 14094/6/6
f 14093/5/6 14054/5/6 14094/5/6
f 14055/6/6 14056/6/6 14094/6/6
f 14094/6/6 14056/6/6 14095/6/6
f 14056/5/6 14057/5/6 14096/5/6
f 14095/6/6 14056/6/6 14096/6/6
f 14057/1/6 14019/1/6 14097/1/6
f 14096/5/6 14057/5/6 14097/5/6
f 14019/6/6 14020/6/6 14098/6/6
f 14097/1/6 14019/1/6 14098/1/6
f 14020/5/6 14021/5/6 14099/5/6
f 14098/6/6 14020/6/6 14099/6/6
f 14021/1/6 14058/1/6 14100/1/6
f 14099/5/6 14021/5/6 14100/5/6
f 14058/6/6 14059/6/6 14101/6/6
f 14100/1/6 14058/1/6 14101/1/6
f 14059/6/6 14060/6/6 14101/6/6
f 14101/6/6 14060/6/6 14102/6/6
f 14060/5/6 14061/5/6 14103/5/6
f 14102/6/6 14060/6/6 14103/6/6
f 14061/6/6 14062/6/6 14104/6/6
f 14103/5/6 14061/5/6 14104/5/6
f 14104/6/6 14062/6/6 14105/6/6
f 14062/6/6 14025/6/6 14106/6/6
f 14105/6/6 14062/6/6 14106/6/6
f 14025/8/6 14026/8/6 14107/8/6
f 14106/6/6 14025/6/6 14107/6/6
f 13994/8/6 13995/8/6 14108/8/6
f 13995/1/6 13996/1/6 14109/1/6
f 14108/8/6 13995/8/6 14109/8/6
f 13996/6/6 14063/6/6 14110/6/6
f 14109/1/6 13996/1/6 14110/1/6
f 14063/4/6 14064/4/6 14111/4/6
f 14110/6/6 14063/6/6 14111/6/6
f 14064/4/6 14065/4/6 14111/4/6
f 14065/5/6 14066/5/6 14112/5/6
f 14111/4/6 14065/4/6 14112/4/6
f 14066/1/6 14067/1/6 14113/1/6
f 14112/5/6 14066/5/6 14113/5/6
f 14067/5/6 14068/5/6 14114/5/6
f 14113/1/6 14067/1/6 14114/1/6
f 14068/4/6 14069/4/6 14115/4/6
f 14114/5/6 14068/5/6 14115/5/6
f 14069/5/6 14070/5/6 14116/5/6
f 14115/4/6 14069/4/6 14116/4/6
f 14070/4/6 14071/4/6 14117/4/6
f 14116/5/6 14070/5/6 14117/5/6
f 14071/6/6 14072/6/6 14118/6/6
f 14117/4/6 14071/4/6 14118/4/6
f 14072/5/6 14073/5/6 14119/5/6
f 14118/6/6 14072/6/6 14119/6/6
f 14073/1/6 14074/1/6 14120/1/6
f 14119/5/6 14073/5/6 14120/5/6
f 14074/5/6 14038/5/6 14121/5/6
f 14120/1/6 14074/1/6 14121/1/6
f 14038/1/6 14075/1/6 14122/1/6
f 14121/5/6 14038/5/6 14122/5/6
f 14076/6/6 14077/6/6 14123/6/6
f 14122/1/6 14075/1/6 14123/1/6
f 14075/6/6 14076/6/6 14123/6/6
f 14078/1/6 14079/1/6 14124/1/6
f 14123/6/6 14077/6/6 14124/6/6
f 14077/1/6 14078/1/6 14124/1/6
f 14079/6/6 14080/6/6 14125/6/6
f 14124/1/6 14079/1/6 14125/1/6
f 14080/4/6 14081/4/6 14126/4/6
f 14125/6/6 14080/6/6 14126/6/6
f 14081/4/6 14082/4/6 14126/4/6
f 14082/6/6 14083/6/6 14127/6/6
f 14126/4/6 14082/4/6 14127/4/6
f 14083/1/6 14084/1/6 14128/1/6
f 14127/6/6 14083/6/6 14128/6/6
f 14084/6/6 14085/6/6 14129/6/6
f 14128/1/6 14084/1/6 14129/1/6
f 14085/1/6 14086/1/6 14130/1/6
f 14129/6/6 14085/6/6 14130/6/6
f 14086/5/6 14087/5/6 14131/5/6
f 14130/1/6 14086/1/6 14131/1/6
f 14087/6/6 14088/6/6 14132/6/6
f 14131/5/6 14087/5/6 14132/5/6
f 14088/5/6 14089/5/6 14133/5/6
f 14132/6/6 14088/6/6 14133/6/6
f 14089/6/6 14090/6/6 14134/6/6
f 14133/5/6 14089/5/6 14134/5/6
f 14090/1/6 14091/1/6 14135/1/6
f 14134/6/6 14090/6/6 14135/6/6
f 14091/5/6 14092/5/6 14136/5/6
f 14135/1/6 14091/1/6 14136/1/6
f 14092/4/6 14093/4/6 14137/4/6
f 14136/5/6 14092/5/6 14137/5/6
f 14094/6/6 14095/6/6 14138/6/6
f 14137/4/6 14093/4/6 14138/4/6
f 14093/6/6 14094/6/6 14138/6/6
f 14095/5/6 14096/5/6 14139/5/6
f 14138/6/6 14095/6/6 14139/6/6
f 14096/1/6 14097/1/6 14140/1/6
f 14139/5/6 14096/5/6 14140/5/6
f 14097/5/6 14098/5/6 14141/5/6
f 14140/1/6 14097/1/6 14141/1/6
f 14098/6/6 14099/6/6 14142/6/6
f 14141/5/6 14098/5/6 14142/5/6
f 14099/6/6 14100/6/6 14142/6/6
f 14100/6/6 14101/6/6 14142/6/6
f 14101/5/6 14102/5/6 14143/5/6
f 14142/6/6 14101/6/6 14143/6/6
f 14102/1/6 14103/1/6 14144/1/6
f 14143/5/6 14102/5/6 14144/5/6
f 14103/1/6 14104/1/6 14144/1/6
f 14104/6/6 14105/6/6 14145/6/6
f 14144/1/6 14104/1/6 14145/1/6
f 14105/5/6 14106/5/6 14146/5/6
f 14145/6/6 14105/6/6 14146/6/6
f 14106/4/6 14107/4/6 14147/4/6
f 14146/5/6 14106/5/6 14147/5/6
f 14107/8/6 14026/8/6 14148/8/6
f 14147/4/6 14107/4/6 14148/4/6
f 14148/8/6 14026/8/6 14149/8/6
