# MagicaVoxel @ Ephtracy

# group
o 

# material
mtllib Boat-2.mtl
usemtl palette

# normals
vn -1 0 0
vn 1 0 0
vn 0 0 1
vn 0 0 -1
vn 0 -1 0
vn 0 1 0

# texcoords
vt 0.751953 0.5
vt 0.755859 0.5
vt 0.759766 0.5
vt 0.763672 0.5
vt 0.845703 0.5

# verts
v -2.1 1.9 1.9
v -2.1 1.9 1.8
v -2.1 1.9 1.7
v -2.1 1.9 1.6
v -2.1 1.9 1.5
v -2.1 1.9 1.3
v -2.1 1.9 1.2
v -2.1 1.9 1
v -2.1 1.9 0.8
v -2.1 1.9 0.6
v -2.1 1.9 0.5
v -2.1 1.9 0.4
v -2.1 1.9 0.3
v -2.1 1.9 0.0999999
v -2.1 1.9 0
v -2.1 1.9 -0.0999999
v -2.1 1.9 -0.4
v -2.1 1.9 -0.5
v -2.1 1.9 -0.6
v -2.1 1.9 -0.7
v -2.1 1.9 -0.8
v -2.1 1.9 -0.9
v -2.1 1.9 -1.3
v -2.1 1.9 -1.5
v -2.1 1.9 -1.6
v -2.1 1.9 -1.7
v -2.1 1.9 -1.8
v -2.1 1.9 -1.9
v -2.1 1.9 -2
v -2.1 1.9 -2.1
v -2.1 1.9 -2.2
v -2.1 2 1.9
v -2.1 2 1.8
v -2.1 2 1.5
v -2.1 2 1.4
v -2.1 2 1.3
v -2.1 2 1.2
v -2.1 2 1.1
v -2.1 2 1
v -2.1 2 0.9
v -2.1 2 0.8
v -2.1 2 0.7
v -2.1 2 0.5
v -2.1 2 0.4
v -2.1 2 0.3
v -2.1 2 0.0999999
v -2.1 2 0
v -2.1 2 -0.0999999
v -2.1 2 -0.3
v -2.1 2 -0.4
v -2.1 2 -0.5
v -2.1 2 -0.6
v -2.1 2 -0.8
v -2.1 2 -0.9
v -2.1 2 -1
v -2.1 2 -1.1
v -2.1 2 -1.4
v -2.1 2 -1.5
v -2.1 2 -1.6
v -2.1 2 -1.7
v -2.1 2 -1.8
v -2.1 2 -1.9
v -2.1 2 -2
v -2.1 2 -2.1
v -2.1 2 -2.2
v -2.1 2.1 1.9
v -2.1 2.1 1.8
v -2.1 2.1 1.7
v -2.1 2.1 1.6
v -2.1 2.1 1.5
v -2.1 2.1 1.4
v -2.1 2.1 1.3
v -2.1 2.1 1.2
v -2.1 2.1 1.1
v -2.1 2.1 1
v -2.1 2.1 0.8
v -2.1 2.1 0.7
v -2.1 2.1 0.6
v -2.1 2.1 0.5
v -2.1 2.1 0.4
v -2.1 2.1 0.3
v -2.1 2.1 0.2
v -2.1 2.1 0.0999999
v -2.1 2.1 0
v -2.1 2.1 -0.0999999
v -2.1 2.1 -0.2
v -2.1 2.1 -0.3
v -2.1 2.1 -0.4
v -2.1 2.1 -0.5
v -2.1 2.1 -0.6
v -2.1 2.1 -0.7
v -2.1 2.1 -0.8
v -2.1 2.1 -0.9
v -2.1 2.1 -1
v -2.1 2.1 -1.1
v -2.1 2.1 -1.2
v -2.1 2.1 -1.3
v -2.1 2.1 -1.4
v -2.1 2.1 -1.5
v -2.1 2.1 -1.6
v -2.1 2.1 -1.7
v -2.1 2.1 -1.8
v -2.1 2.1 -1.9
v -2.1 2.1 -2
v -2.1 2.2 1.9
v -2.1 2.2 1.8
v -2.1 2.2 1.6
v -2.1 2.2 1.5
v -2.1 2.2 1.2
v -2.1 2.2 1.1
v -2.1 2.2 1
v -2.1 2.2 0.9
v -2.1 2.2 0.8
v -2.1 2.2 0.6
v -2.1 2.2 0.5
v -2.1 2.2 0.4
v -2.1 2.2 0.3
v -2.1 2.2 0.2
v -2.1 2.2 0
v -2.1 2.2 -0.0999999
v -2.1 2.2 -0.2
v -2.1 2.2 -0.3
v -2.1 2.2 -0.4
v -2.1 2.2 -0.5
v -2.1 2.2 -0.6
v -2.1 2.2 -0.7
v -2.1 2.2 -0.8
v -2.1 2.2 -0.9
v -2.1 2.2 -1.1
v -2.1 2.2 -1.2
v -2.1 2.2 -1.3
v -2.1 2.2 -1.4
v -2.1 2.2 -1.5
v -2.1 2.2 -1.6
v -2.1 2.2 -1.7
v -2.1 2.2 -1.9
v -2.1 2.2 -2
v -2.1 2.4 1.9
v -2.1 2.4 -2
v -2 1.7 2
v -2 1.7 1.7
v -2 1.7 1.6
v -2 1.7 -2.4
v -2 1.8 2
v -2 1.8 1.9
v -2 1.8 1.8
v -2 1.8 1.7
v -2 1.8 1.6
v -2 1.8 1.4
v -2 1.8 1.3
v -2 1.8 1.1
v -2 1.8 1
v -2 1.8 0.8
v -2 1.8 0.6
v -2 1.8 0.5
v -2 1.8 0.4
v -2 1.8 0.2
v -2 1.8 0.0999999
v -2 1.8 0
v -2 1.8 -0.0999999
v -2 1.8 -0.4
v -2 1.8 -0.6
v -2 1.8 -0.7
v -2 1.8 -0.8
v -2 1.8 -1
v -2 1.8 -1.1
v -2 1.8 -1.2
v -2 1.8 -1.3
v -2 1.8 -1.5
v -2 1.8 -1.6
v -2 1.8 -1.7
v -2 1.8 -1.8
v -2 1.8 -2
v -2 1.8 -2.1
v -2 1.8 -2.3
v -2 1.8 -2.4
v -2 1.9 2
v -2 1.9 1.9
v -2 1.9 1.8
v -2 1.9 1.7
v -2 1.9 1.6
v -2 1.9 1.5
v -2 1.9 1.4
v -2 1.9 1.3
v -2 1.9 1.2
v -2 1.9 1.1
v -2 1.9 1
v -2 1.9 0.8
v -2 1.9 0.6
v -2 1.9 0.5
v -2 1.9 0.4
v -2 1.9 0.3
v -2 1.9 0.2
v -2 1.9 0.0999999
v -2 1.9 0
v -2 1.9 -0.0999999
v -2 1.9 -0.4
v -2 1.9 -0.5
v -2 1.9 -0.6
v -2 1.9 -0.7
v -2 1.9 -0.8
v -2 1.9 -0.9
v -2 1.9 -1
v -2 1.9 -1.1
v -2 1.9 -1.2
v -2 1.9 -1.3
v -2 1.9 -1.5
v -2 1.9 -1.6
v -2 1.9 -1.7
v -2 1.9 -1.8
v -2 1.9 -1.9
v -2 1.9 -2
v -2 1.9 -2.1
v -2 1.9 -2.2
v -2 1.9 -2.3
v -2 1.9 -2.4
v -2 2 2
v -2 2 1.9
v -2 2 -2
v -2 2 -2.1
v -2 2 -2.2
v -2 2.1 2
v -2 2.1 1.9
v -2 2.1 -2
v -2 2.1 -2.1
v -2 2.1 -2.2
v -2 2.1 -2.3
v -2 2.1 -2.4
v -2 2.2 2
v -2 2.2 1.9
v -2 2.2 -2
v -2 2.2 -2.2
v -2 2.2 -2.3
v -2 2.2 -2.4
v -2 2.3 -2.4
v -2 2.3 -2.5
v -2 2.4 2
v -2 2.4 1.9
v -2 2.4 -0.2
v -2 2.4 -0.4
v -2 2.4 -0.7
v -2 2.4 -0.9
v -2 2.4 -2
v -2 2.4 -2.5
v -2 2.6 -0.2
v -2 2.6 -0.4
v -2 2.6 -0.7
v -2 2.6 -0.9
v -2 2.7 -0.4
v -2 2.7 -0.7
v -1.9 1.5 1.9
v -1.9 1.5 1.8
v -1.9 1.6 2.1
v -1.9 1.6 2
v -1.9 1.6 1.9
v -1.9 1.6 1.8
v -1.9 1.6 1.7
v -1.9 1.6 1.6
v -1.9 1.6 1.4
v -1.9 1.6 1.3
v -1.9 1.6 1.2
v -1.9 1.6 1
v -1.9 1.6 0.9
v -1.9 1.6 0.8
v -1.9 1.6 0.7
v -1.9 1.6 0.6
v -1.9 1.6 0.5
v -1.9 1.6 0.4
v -1.9 1.6 0.3
v -1.9 1.6 0.2
v -1.9 1.6 0.0999999
v -1.9 1.6 0
v -1.9 1.6 -0.2
v -1.9 1.6 -0.3
v -1.9 1.6 -0.6
v -1.9 1.6 -0.9
v -1.9 1.6 -1
v -1.9 1.6 -1.1
v -1.9 1.6 -1.2
v -1.9 1.6 -1.3
v -1.9 1.6 -1.6
v -1.9 1.6 -1.8
v -1.9 1.6 -1.9
v -1.9 1.6 -2
v -1.9 1.6 -2.1
v -1.9 1.6 -2.3
v -1.9 1.6 -2.4
v -1.9 1.6 -2.5
v -1.9 1.7 2.1
v -1.9 1.7 2
v -1.9 1.7 1.9
v -1.9 1.7 1.7
v -1.9 1.7 1.6
v -1.9 1.7 1.4
v -1.9 1.7 1.3
v -1.9 1.7 1.2
v -1.9 1.7 1
v -1.9 1.7 0.9
v -1.9 1.7 0.8
v -1.9 1.7 0.7
v -1.9 1.7 0.6
v -1.9 1.7 0.5
v -1.9 1.7 0.4
v -1.9 1.7 0.3
v -1.9 1.7 0.2
v -1.9 1.7 0.0999999
v -1.9 1.7 0
v -1.9 1.7 -0.2
v -1.9 1.7 -0.3
v -1.9 1.7 -0.6
v -1.9 1.7 -0.9
v -1.9 1.7 -1
v -1.9 1.7 -1.1
v -1.9 1.7 -1.2
v -1.9 1.7 -1.3
v -1.9 1.7 -1.6
v -1.9 1.7 -1.8
v -1.9 1.7 -1.9
v -1.9 1.7 -2
v -1.9 1.7 -2.1
v -1.9 1.7 -2.3
v -1.9 1.7 -2.4
v -1.9 1.7 -2.5
v -1.9 1.8 2.1
v -1.9 1.8 2
v -1.9 1.8 1.7
v -1.9 1.8 1.6
v -1.9 1.8 -2.4
v -1.9 1.8 -2.5
v -1.9 1.9 2
v -1.9 1.9 -2.3
v -1.9 1.9 -2.4
v -1.9 1.9 -2.5
v -1.9 2 2
v -1.9 2 -2.3
v -1.9 2 -2.4
v -1.9 2 -2.5
v -1.9 2.1 2.1
v -1.9 2.1 2
v -1.9 2.1 -2.3
v -1.9 2.1 -2.4
v -1.9 2.2 2.1
v -1.9 2.2 2
v -1.9 2.2 -2.4
v -1.9 2.2 -2.5
v -1.9 2.3 -2.4
v -1.9 2.3 -2.5
v -1.9 2.4 2.1
v -1.9 2.4 2
v -1.8 1.3 1.9
v -1.8 1.3 1.8
v -1.8 1.4 2.1
v -1.8 1.4 2
v -1.8 1.4 1.9
v -1.8 1.4 1.8
v -1.8 1.4 1.6
v -1.8 1.4 1.5
v -1.8 1.4 1.4
v -1.8 1.4 1.3
v -1.8 1.4 1.2
v -1.8 1.4 1
v -1.8 1.4 0.9
v -1.8 1.4 0.7
v -1.8 1.4 0.6
v -1.8 1.4 0.5
v -1.8 1.4 0.4
v -1.8 1.4 0.2
v -1.8 1.4 0.0999999
v -1.8 1.4 0
v -1.8 1.4 -0.3
v -1.8 1.4 -0.6
v -1.8 1.4 -1
v -1.8 1.4 -1.1
v -1.8 1.4 -1.3
v -1.8 1.4 -1.4
v -1.8 1.4 -1.5
v -1.8 1.4 -1.6
v -1.8 1.4 -1.7
v -1.8 1.4 -1.8
v -1.8 1.4 -2
v -1.8 1.4 -2.1
v -1.8 1.4 -2.2
v -1.8 1.4 -2.3
v -1.8 1.4 -2.4
v -1.8 1.4 -2.5
v -1.8 1.4 -2.6
v -1.8 1.5 2.1
v -1.8 1.5 2
v -1.8 1.5 1.9
v -1.8 1.5 1.8
v -1.8 1.5 1.7
v -1.8 1.5 1.6
v -1.8 1.5 1.5
v -1.8 1.5 1.4
v -1.8 1.5 1.3
v -1.8 1.5 1.2
v -1.8 1.5 1.1
v -1.8 1.5 1
v -1.8 1.5 0.9
v -1.8 1.5 0.7
v -1.8 1.5 0.6
v -1.8 1.5 0.5
v -1.8 1.5 0.4
v -1.8 1.5 0.3
v -1.8 1.5 0.2
v -1.8 1.5 0.0999999
v -1.8 1.5 0
v -1.8 1.5 -0.0999999
v -1.8 1.5 -0.2
v -1.8 1.5 -0.3
v -1.8 1.5 -0.4
v -1.8 1.5 -0.6
v -1.8 1.5 -0.7
v -1.8 1.5 -0.8
v -1.8 1.5 -1
v -1.8 1.5 -1.1
v -1.8 1.5 -1.2
v -1.8 1.5 -1.3
v -1.8 1.5 -1.4
v -1.8 1.5 -1.5
v -1.8 1.5 -1.6
v -1.8 1.5 -1.7
v -1.8 1.5 -1.8
v -1.8 1.5 -1.9
v -1.8 1.5 -2
v -1.8 1.5 -2.1
v -1.8 1.5 -2.2
v -1.8 1.5 -2.3
v -1.8 1.5 -2.4
v -1.8 1.5 -2.5
v -1.8 1.5 -2.6
v -1.8 1.6 2.1
v -1.8 1.6 2
v -1.8 1.6 1.9
v -1.8 1.6 1.8
v -1.8 1.6 1.7
v -1.8 1.6 1.6
v -1.8 1.6 1.5
v -1.8 1.6 1.4
v -1.8 1.6 1.3
v -1.8 1.6 1.2
v -1.8 1.6 1.1
v -1.8 1.6 1
v -1.8 1.6 0.9
v -1.8 1.6 0.8
v -1.8 1.6 0.7
v -1.8 1.6 0.6
v -1.8 1.6 0.5
v -1.8 1.6 0.4
v -1.8 1.6 0.3
v -1.8 1.6 0.2
v -1.8 1.6 0.0999999
v -1.8 1.6 0
v -1.8 1.6 -0.0999999
v -1.8 1.6 -0.2
v -1.8 1.6 -0.3
v -1.8 1.6 -0.4
v -1.8 1.6 -0.6
v -1.8 1.6 -0.7
v -1.8 1.6 -0.8
v -1.8 1.6 -0.9
v -1.8 1.6 -1
v -1.8 1.6 -1.1
v -1.8 1.6 -1.2
v -1.8 1.6 -1.3
v -1.8 1.6 -1.4
v -1.8 1.6 -1.5
v -1.8 1.6 -1.6
v -1.8 1.6 -1.8
v -1.8 1.6 -1.9
v -1.8 1.6 -2
v -1.8 1.6 -2.1
v -1.8 1.6 -2.3
v -1.8 1.6 -2.4
v -1.8 1.6 -2.5
v -1.8 1.7 2.2
v -1.8 1.7 2.1
v -1.8 1.7 -2.5
v -1.8 1.7 -2.6
v -1.8 1.8 2.2
v -1.8 1.8 2.1
v -1.8 1.8 -2.5
v -1.8 1.8 -2.6
v -1.8 1.9 2.3
v -1.8 1.9 2.2
v -1.8 1.9 -2.5
v -1.8 2 2.3
v -1.8 2 2.2
v -1.8 2 2.1
v -1.8 2 -2.5
v -1.8 2.1 2.2
v -1.8 2.1 2.1
v -1.8 2.2 2.3
v -1.8 2.2 2.2
v -1.8 2.2 2.1
v -1.8 2.2 -2.5
v -1.8 2.2 -2.6
v -1.8 2.4 2.3
v -1.8 2.4 2.1
v -1.8 2.4 -2.5
v -1.8 2.4 -2.6
v -1.7 1.1 1.9
v -1.7 1.1 1.8
v -1.7 1.2 2
v -1.7 1.2 1.9
v -1.7 1.2 1.8
v -1.7 1.3 2.1
v -1.7 1.3 2
v -1.7 1.3 1.9
v -1.7 1.3 1.8
v -1.7 1.3 1.5
v -1.7 1.3 1.4
v -1.7 1.3 1.3
v -1.7 1.3 1.2
v -1.7 1.3 1
v -1.7 1.3 0.9
v -1.7 1.3 0.8
v -1.7 1.3 0.7
v -1.7 1.3 0.6
v -1.7 1.3 0.5
v -1.7 1.3 0.4
v -1.7 1.3 0.2
v -1.7 1.3 0.0999999
v -1.7 1.3 0
v -1.7 1.3 -0.3
v -1.7 1.3 -0.6
v -1.7 1.3 -0.7
v -1.7 1.3 -0.9
v -1.7 1.3 -1
v -1.7 1.3 -1.1
v -1.7 1.3 -1.3
v -1.7 1.3 -1.6
v -1.7 1.3 -1.7
v -1.7 1.3 -1.8
v -1.7 1.3 -2.2
v -1.7 1.3 -2.4
v -1.7 1.3 -2.5
v -1.7 1.3 -2.6
v -1.7 1.3 -2.7
v -1.7 1.4 2.2
v -1.7 1.4 2.1
v -1.7 1.4 2
v -1.7 1.4 1.9
v -1.7 1.4 1.8
v -1.7 1.4 1.6
v -1.7 1.4 1.5
v -1.7 1.4 1.4
v -1.7 1.4 1.3
v -1.7 1.4 1.2
v -1.7 1.4 1
v -1.7 1.4 0.9
v -1.7 1.4 0.8
v -1.7 1.4 0.7
v -1.7 1.4 0.6
v -1.7 1.4 0.5
v -1.7 1.4 0.4
v -1.7 1.4 0.2
v -1.7 1.4 0.0999999
v -1.7 1.4 0
v -1.7 1.4 -0.3
v -1.7 1.4 -0.6
v -1.7 1.4 -0.7
v -1.7 1.4 -0.9
v -1.7 1.4 -1
v -1.7 1.4 -1.1
v -1.7 1.4 -1.3
v -1.7 1.4 -1.4
v -1.7 1.4 -1.5
v -1.7 1.4 -1.6
v -1.7 1.4 -1.7
v -1.7 1.4 -1.8
v -1.7 1.4 -2
v -1.7 1.4 -2.1
v -1.7 1.4 -2.2
v -1.7 1.4 -2.3
v -1.7 1.4 -2.4
v -1.7 1.4 -2.5
v -1.7 1.4 -2.6
v -1.7 1.4 -2.7
v -1.7 1.5 2.3
v -1.7 1.5 2.2
v -1.7 1.5 2.1
v -1.7 1.5 1.5
v -1.7 1.5 1.4
v -1.7 1.5 -2.6
v -1.7 1.6 2.2
v -1.7 1.6 2.1
v -1.7 1.6 -2.6
v -1.7 1.6 -2.7
v -1.7 1.7 2.4
v -1.7 1.7 2.3
v -1.7 1.7 2.2
v -1.7 1.7 2.1
v -1.7 1.7 -2.6
v -1.7 1.7 -2.7
v -1.7 1.8 2.4
v -1.7 1.8 2.3
v -1.7 1.8 2.2
v -1.7 1.8 -2.6
v -1.7 1.8 -2.7
v -1.7 1.9 2.5
v -1.7 1.9 2.4
v -1.7 1.9 2.3
v -1.7 1.9 2.2
v -1.7 2 2.5
v -1.7 2 2.4
v -1.7 2 2.3
v -1.7 2.1 2.5
v -1.7 2.1 2.4
v -1.7 2.2 2.5
v -1.7 2.2 2.4
v -1.7 2.2 2.3
v -1.7 2.2 -2.6
v -1.7 2.2 -2.7
v -1.7 2.4 2.5
v -1.7 2.4 2.3
v -1.7 2.4 -2.6
v -1.7 2.4 -2.7
v -1.6 1 1.9
v -1.6 1 1.8
v -1.6 1.1 2.1
v -1.6 1.1 1.9
v -1.6 1.1 1.8
v -1.6 1.2 2.2
v -1.6 1.2 2.1
v -1.6 1.2 2
v -1.6 1.2 1.9
v -1.6 1.2 1.8
v -1.6 1.2 -2.8
v -1.6 1.3 2.3
v -1.6 1.3 2.2
v -1.6 1.3 2.1
v -1.6 1.3 2
v -1.6 1.3 1.8
v -1.6 1.3 1.5
v -1.6 1.3 1.4
v -1.6 1.3 1.3
v -1.6 1.3 1.2
v -1.6 1.3 1
v -1.6 1.3 0.9
v -1.6 1.3 0.8
v -1.6 1.3 0.7
v -1.6 1.3 0.6
v -1.6 1.3 0.5
v -1.6 1.3 0.4
v -1.6 1.3 0.2
v -1.6 1.3 0.0999999
v -1.6 1.3 0
v -1.6 1.3 -0.3
v -1.6 1.3 -0.6
v -1.6 1.3 -0.7
v -1.6 1.3 -0.9
v -1.6 1.3 -1
v -1.6 1.3 -1.1
v -1.6 1.3 -1.3
v -1.6 1.3 -1.6
v -1.6 1.3 -1.7
v -1.6 1.3 -1.8
v -1.6 1.3 -2.2
v -1.6 1.3 -2.4
v -1.6 1.3 -2.5
v -1.6 1.3 -2.6
v -1.6 1.3 -2.7
v -1.6 1.3 -2.8
v -1.6 1.4 2.4
v -1.6 1.4 2.3
v -1.6 1.4 2.2
v -1.6 1.4 2.1
v -1.6 1.5 2.4
v -1.6 1.5 2.3
v -1.6 1.5 2.2
v -1.6 1.6 2.5
v -1.6 1.6 2.4
v -1.6 1.6 2.3
v -1.6 1.7 2.6
v -1.6 1.7 2.5
v -1.6 1.7 2.4
v -1.6 1.7 2.3
v -1.6 1.8 2.6
v -1.6 1.8 2.5
v -1.6 1.8 2.4
v -1.6 1.9 2.7
v -1.6 1.9 2.6
v -1.6 1.9 2.5
v -1.6 1.9 2.4
v -1.6 2 2.7
v -1.6 2 2.6
v -1.6 2 2.5
v -1.6 2.1 2.7
v -1.6 2.1 2.6
v -1.6 2.1 2.5
v -1.6 2.2 2.7
v -1.6 2.2 2.6
v -1.6 2.2 2.5
v -1.6 2.4 2.7
v -1.6 2.4 2.5
v -1.5 0.9 2
v -1.5 0.9 1.8
v -1.5 1 2.1
v -1.5 1 2
v -1.5 1 1.9
v -1.5 1 1.8
v -1.5 1 1.6
v -1.5 1 1.4
v -1.5 1 1.3
v -1.5 1 1.2
v -1.5 1 1
v -1.5 1 0.7
v -1.5 1 0.6
v -1.5 1 0.5
v -1.5 1 0.4
v -1.5 1 0.3
v -1.5 1 0.0999999
v -1.5 1 0
v -1.5 1 -0.0999999
v -1.5 1 -0.2
v -1.5 1 -0.3
v -1.5 1 -0.4
v -1.5 1 -0.6
v -1.5 1 -0.9
v -1.5 1 -1.2
v -1.5 1 -1.3
v -1.5 1 -1.4
v -1.5 1 -1.5
v -1.5 1 -1.8
v -1.5 1 -1.9
v -1.5 1 -2.2
v -1.5 1 -2.4
v -1.5 1.1 2.2
v -1.5 1.1 2.1
v -1.5 1.1 2
v -1.5 1.1 1.9
v -1.5 1.1 1.8
v -1.5 1.1 1.7
v -1.5 1.1 1.6
v -1.5 1.1 1.4
v -1.5 1.1 1.3
v -1.5 1.1 1.2
v -1.5 1.1 1.1
v -1.5 1.1 0.9
v -1.5 1.1 0.8
v -1.5 1.1 0.7
v -1.5 1.1 0.6
v -1.5 1.1 0.4
v -1.5 1.1 0.3
v -1.5 1.1 0.2
v -1.5 1.1 0.0999999
v -1.5 1.1 0
v -1.5 1.1 -0.0999999
v -1.5 1.1 -0.2
v -1.5 1.1 -0.3
v -1.5 1.1 -0.4
v -1.5 1.1 -0.5
v -1.5 1.1 -0.6
v -1.5 1.1 -0.7
v -1.5 1.1 -0.8
v -1.5 1.1 -1
v -1.5 1.1 -1.1
v -1.5 1.1 -1.2
v -1.5 1.1 -1.3
v -1.5 1.1 -1.4
v -1.5 1.1 -1.6
v -1.5 1.1 -1.7
v -1.5 1.1 -2
v -1.5 1.1 -2.1
v -1.5 1.1 -2.2
v -1.5 1.1 -2.3
v -1.5 1.1 -2.4
v -1.5 1.1 -2.5
v -1.5 1.2 2.3
v -1.5 1.2 2.2
v -1.5 1.2 2.1
v -1.5 1.2 1.8
v -1.5 1.2 1.7
v -1.5 1.2 1.6
v -1.5 1.2 1.2
v -1.5 1.2 1.1
v -1.5 1.2 1
v -1.5 1.2 0.9
v -1.5 1.2 0.8
v -1.5 1.2 0.6
v -1.5 1.2 0.5
v -1.5 1.2 0.3
v -1.5 1.2 0.2
v -1.5 1.2 0.0999999
v -1.5 1.2 -0.0999999
v -1.5 1.2 -0.2
v -1.5 1.2 -0.3
v -1.5 1.2 -0.5
v -1.5 1.2 -0.6
v -1.5 1.2 -0.7
v -1.5 1.2 -0.8
v -1.5 1.2 -0.9
v -1.5 1.2 -1
v -1.5 1.2 -1.1
v -1.5 1.2 -1.2
v -1.5 1.2 -1.3
v -1.5 1.2 -1.4
v -1.5 1.2 -1.5
v -1.5 1.2 -1.6
v -1.5 1.2 -1.7
v -1.5 1.2 -1.8
v -1.5 1.2 -1.9
v -1.5 1.2 -2
v -1.5 1.2 -2.1
v -1.5 1.2 -2.3
v -1.5 1.2 -2.4
v -1.5 1.2 -2.5
v -1.5 1.2 -2.8
v -1.5 1.2 -2.9
v -1.5 1.3 2.4
v -1.5 1.3 2.3
v -1.5 1.3 2.2
v -1.5 1.3 -2.7
v -1.5 1.3 -2.8
v -1.5 1.3 -2.9
v -1.5 1.4 2.5
v -1.5 1.4 2.4
v -1.5 1.4 2.3
v -1.5 1.4 -2.7
v -1.5 1.4 -2.9
v -1.5 1.5 2.6
v -1.5 1.5 2.5
v -1.5 1.5 2.4
v -1.5 1.5 -2.7
v -1.5 1.5 -2.9
v -1.5 1.6 2.7
v -1.5 1.6 2.6
v -1.5 1.6 2.5
v -1.5 1.6 2.4
v -1.5 1.6 -2.7
v -1.5 1.6 -2.8
v -1.5 1.7 2.8
v -1.5 1.7 2.7
v -1.5 1.7 2.6
v -1.5 1.7 2.5
v -1.5 1.7 -2.7
v -1.5 1.7 -2.8
v -1.5 1.7 -2.9
v -1.5 1.8 2.8
v -1.5 1.8 2.6
v -1.5 1.8 -2.7
v -1.5 1.8 -2.8
v -1.5 1.8 -2.9
v -1.5 1.9 2.9
v -1.5 1.9 2.8
v -1.5 1.9 2.7
v -1.5 1.9 2.6
v -1.5 1.9 -2.7
v -1.5 1.9 -2.8
v -1.5 2 2.9
v -1.5 2 2.8
v -1.5 2 2.7
v -1.5 2 -2.7
v -1.5 2 -2.8
v -1.5 2 -2.9
v -1.5 2.1 2.8
v -1.5 2.1 2.7
v -1.5 2.1 -2.7
v -1.5 2.1 -2.8
v -1.5 2.2 2.9
v -1.5 2.2 2.8
v -1.5 2.2 2.7
v -1.5 2.2 -2.7
v -1.5 2.2 -2.8
v -1.5 2.4 2.9
v -1.5 2.4 2.7
v -1.5 2.4 -2.7
v -1.5 2.4 -2.8
v -1.4 0.8 2
v -1.4 0.8 1.8
v -1.4 0.9 2.1
v -1.4 0.9 2
v -1.4 0.9 1.8
v -1.4 0.9 1.7
v -1.4 0.9 1.6
v -1.4 0.9 1.5
v -1.4 0.9 1.4
v -1.4 0.9 1.3
v -1.4 0.9 1.2
v -1.4 0.9 1.1
v -1.4 0.9 1
v -1.4 0.9 0.9
v -1.4 0.9 0.7
v -1.4 0.9 0.6
v -1.4 0.9 0.5
v -1.4 0.9 0.3
v -1.4 0.9 0.2
v -1.4 0.9 0
v -1.4 0.9 -0.0999999
v -1.4 0.9 -0.2
v -1.4 0.9 -0.4
v -1.4 0.9 -0.5
v -1.4 0.9 -0.6
v -1.4 0.9 -0.8
v -1.4 0.9 -0.9
v -1.4 0.9 -1.1
v -1.4 0.9 -1.2
v -1.4 0.9 -1.3
v -1.4 0.9 -1.5
v -1.4 0.9 -1.7
v -1.4 0.9 -1.8
v -1.4 0.9 -1.9
v -1.4 0.9 -2
v -1.4 0.9 -2.2
v -1.4 1 2.3
v -1.4 1 2.2
v -1.4 1 2.1
v -1.4 1 2
v -1.4 1 1.8
v -1.4 1 1.7
v -1.4 1 1.6
v -1.4 1 1.5
v -1.4 1 1.4
v -1.4 1 1.3
v -1.4 1 1.2
v -1.4 1 1.1
v -1.4 1 1
v -1.4 1 0.9
v -1.4 1 0.7
v -1.4 1 0.6
v -1.4 1 0.5
v -1.4 1 0.4
v -1.4 1 0.3
v -1.4 1 0.2
v -1.4 1 0.0999999
v -1.4 1 0
v -1.4 1 -0.0999999
v -1.4 1 -0.2
v -1.4 1 -0.3
v -1.4 1 -0.4
v -1.4 1 -0.5
v -1.4 1 -0.6
v -1.4 1 -0.8
v -1.4 1 -0.9
v -1.4 1 -1.1
v -1.4 1 -1.2
v -1.4 1 -1.3
v -1.4 1 -1.4
v -1.4 1 -1.5
v -1.4 1 -1.7
v -1.4 1 -1.8
v -1.4 1 -1.9
v -1.4 1 -2
v -1.4 1 -2.2
v -1.4 1.1 2.4
v -1.4 1.1 2.3
v -1.4 1.1 2.2
v -1.4 1.1 2.1
v -1.4 1.2 2.5
v -1.4 1.2 2.4
v -1.4 1.2 2.3
v -1.4 1.2 2.2
v -1.4 1.3 2.6
v -1.4 1.3 2.5
v -1.4 1.3 2.4
v -1.4 1.3 2.3
v -1.4 1.3 -2.9
v -1.4 1.3 -3
v -1.4 1.4 2.7
v -1.4 1.4 2.6
v -1.4 1.4 2.5
v -1.4 1.4 2.4
v -1.4 1.4 -2.6
v -1.4 1.4 -2.7
v -1.4 1.4 -2.9
v -1.4 1.4 -3
v -1.4 1.5 2.8
v -1.4 1.5 2.7
v -1.4 1.5 2.6
v -1.4 1.5 2.5
v -1.4 1.5 -2.6
v -1.4 1.5 -2.7
v -1.4 1.5 -2.9
v -1.4 1.5 -3
v -1.4 1.6 2.9
v -1.4 1.6 2.8
v -1.4 1.6 2.7
v -1.4 1.6 2.6
v -1.4 1.6 -2.6
v -1.4 1.6 -2.7
v -1.4 1.7 3
v -1.4 1.7 2.9
v -1.4 1.7 2.8
v -1.4 1.7 2.7
v -1.4 1.7 -2.6
v -1.4 1.7 -2.7
v -1.4 1.7 -2.9
v -1.4 1.7 -3
v -1.4 1.8 3
v -1.4 1.8 2.8
v -1.4 1.8 -2.6
v -1.4 1.8 -2.7
v -1.4 1.8 -2.9
v -1.4 1.8 -3
v -1.4 1.9 3.1
v -1.4 1.9 3
v -1.4 1.9 2.9
v -1.4 1.9 2.8
v -1.4 1.9 -2.9
v -1.4 1.9 -3
v -1.4 2 3.1
v -1.4 2 3
v -1.4 2 2.9
v -1.4 2 -2.8
v -1.4 2 -2.9
v -1.4 2 -3
v -1.4 2.1 -2.8
v -1.4 2.1 -2.9
v -1.4 2.1 -3
v -1.4 2.2 3.1
v -1.4 2.2 3
v -1.4 2.2 2.9
v -1.4 2.2 -2.8
v -1.4 2.2 -2.9
v -1.4 2.2 -3
v -1.4 2.4 3.1
v -1.4 2.4 2.9
v -1.4 2.4 -2.8
v -1.4 2.4 -2.9
v -1.3 0.7 2
v -1.3 0.7 1.8
v -1.3 0.8 2.1
v -1.3 0.8 2
v -1.3 0.8 1.8
v -1.3 0.8 1.3
v -1.3 0.8 1.2
v -1.3 0.8 1.1
v -1.3 0.8 1
v -1.3 0.8 0.8
v -1.3 0.8 0.7
v -1.3 0.8 0.6
v -1.3 0.8 0.5
v -1.3 0.8 0.3
v -1.3 0.8 0.2
v -1.3 0.8 0.0999999
v -1.3 0.8 0
v -1.3 0.8 -0.0999999
v -1.3 0.8 -0.3
v -1.3 0.8 -0.4
v -1.3 0.8 -0.7
v -1.3 0.8 -1
v -1.3 0.8 -1.1
v -1.3 0.8 -1.2
v -1.3 0.8 -1.3
v -1.3 0.8 -1.5
v -1.3 0.8 -1.6
v -1.3 0.8 -1.7
v -1.3 0.8 -1.8
v -1.3 0.8 -1.9
v -1.3 0.8 -2
v -1.3 0.8 -2.1
v -1.3 0.9 2.3
v -1.3 0.9 2.1
v -1.3 0.9 2
v -1.3 0.9 1.8
v -1.3 0.9 1.7
v -1.3 0.9 1.6
v -1.3 0.9 1.5
v -1.3 0.9 1.4
v -1.3 0.9 1.3
v -1.3 0.9 1.2
v -1.3 0.9 1.1
v -1.3 0.9 1
v -1.3 0.9 0.9
v -1.3 0.9 0.8
v -1.3 0.9 0.7
v -1.3 0.9 0.6
v -1.3 0.9 0.5
v -1.3 0.9 0.3
v -1.3 0.9 0.2
v -1.3 0.9 0.0999999
v -1.3 0.9 0
v -1.3 0.9 -0.0999999
v -1.3 0.9 -0.2
v -1.3 0.9 -0.3
v -1.3 0.9 -0.4
v -1.3 0.9 -0.5
v -1.3 0.9 -0.6
v -1.3 0.9 -0.7
v -1.3 0.9 -0.8
v -1.3 0.9 -0.9
v -1.3 0.9 -1
v -1.3 0.9 -1.1
v -1.3 0.9 -1.2
v -1.3 0.9 -1.3
v -1.3 0.9 -1.5
v -1.3 0.9 -1.6
v -1.3 0.9 -1.7
v -1.3 0.9 -1.8
v -1.3 0.9 -1.9
v -1.3 0.9 -2
v -1.3 0.9 -2.1
v -1.3 1 2.4
v -1.3 1 2.3
v -1.3 1 2.2
v -1.3 1 2.1
v -1.3 1.1 2.5
v -1.3 1.1 2.4
v -1.3 1.1 2.3
v -1.3 1.2 2.7
v -1.3 1.2 2.5
v -1.3 1.2 2.4
v -1.3 1.3 2.8
v -1.3 1.3 2.7
v -1.3 1.3 2.6
v -1.3 1.3 2.5
v -1.3 1.3 -3
v -1.3 1.3 -3.1
v -1.3 1.4 2.9
v -1.3 1.4 2.8
v -1.3 1.4 2.7
v -1.3 1.4 2.6
v -1.3 1.4 -3
v -1.3 1.5 3
v -1.3 1.5 2.9
v -1.3 1.5 2.8
v -1.3 1.5 2.7
v -1.3 1.5 -3
v -1.3 1.5 -3.1
v -1.3 1.6 3.1
v -1.3 1.6 3
v -1.3 1.6 2.9
v -1.3 1.6 2.8
v -1.3 1.7 3.1
v -1.3 1.7 3
v -1.3 1.7 2.9
v -1.3 1.7 -3
v -1.3 1.7 -3.1
v -1.3 1.8 3.2
v -1.3 1.8 3.1
v -1.3 1.8 3
v -1.3 1.8 -3
v -1.3 1.8 -3.1
v -1.3 1.9 3.3
v -1.3 1.9 3.2
v -1.3 1.9 3.1
v -1.3 1.9 3
v -1.3 1.9 -3
v -1.3 1.9 -3.1
v -1.3 2 3.1
v -1.3 2.1 3.2
v -1.3 2.1 3.1
v -1.3 2.2 3.3
v -1.3 2.2 3.1
v -1.3 2.2 -2.9
v -1.3 2.2 -3
v -1.3 2.4 3.3
v -1.3 2.4 3.1
v -1.3 2.4 -2.9
v -1.3 2.4 -3
v -1.2 0.6 1.9
v -1.2 0.6 1.8
v -1.2 0.7 2.1
v -1.2 0.7 2
v -1.2 0.7 1.9
v -1.2 0.7 1.8
v -1.2 0.7 -2
v -1.2 0.8 2.3
v -1.2 0.8 2.1
v -1.2 0.8 2
v -1.2 0.8 1.8
v -1.2 0.8 1.3
v -1.2 0.8 1.2
v -1.2 0.8 1.1
v -1.2 0.8 1
v -1.2 0.8 0.8
v -1.2 0.8 0.7
v -1.2 0.8 0.6
v -1.2 0.8 0.5
v -1.2 0.8 0.3
v -1.2 0.8 0.2
v -1.2 0.8 0.0999999
v -1.2 0.8 0
v -1.2 0.8 -0.0999999
v -1.2 0.8 -0.3
v -1.2 0.8 -0.4
v -1.2 0.8 -0.7
v -1.2 0.8 -1
v -1.2 0.8 -1.1
v -1.2 0.8 -1.2
v -1.2 0.8 -1.3
v -1.2 0.8 -1.5
v -1.2 0.8 -1.6
v -1.2 0.8 -1.7
v -1.2 0.8 -1.8
v -1.2 0.8 -1.9
v -1.2 0.8 -2
v -1.2 0.9 2.4
v -1.2 0.9 2.3
v -1.2 0.9 2.1
v -1.2 1 2.5
v -1.2 1 2.4
v -1.2 1 2.3
v -1.2 1.1 2.7
v -1.2 1.1 2.6
v -1.2 1.1 2.5
v -1.2 1.1 2.4
v -1.2 1.2 2.8
v -1.2 1.2 2.7
v -1.2 1.2 2.6
v -1.2 1.2 2.5
v -1.2 1.3 2.9
v -1.2 1.3 2.8
v -1.2 1.3 2.7
v -1.2 1.3 -3.1
v -1.2 1.3 -3.2
v -1.2 1.4 3.1
v -1.2 1.4 2.9
v -1.2 1.4 2.8
v -1.2 1.4 -3.1
v -1.2 1.4 -3.2
v -1.2 1.5 3.2
v -1.2 1.5 3.1
v -1.2 1.5 3
v -1.2 1.5 2.9
v -1.2 1.5 -3.1
v -1.2 1.5 -3.2
v -1.2 1.6 3.3
v -1.2 1.6 3.2
v -1.2 1.6 3.1
v -1.2 1.6 3
v -1.2 1.6 -3.1
v -1.2 1.6 -3.2
v -1.2 1.7 3.3
v -1.2 1.7 3.2
v -1.2 1.7 3.1
v -1.2 1.7 -3.1
v -1.2 1.7 -3.2
v -1.2 1.8 3.4
v -1.2 1.8 3.3
v -1.2 1.8 3.2
v -1.2 1.8 3.1
v -1.2 1.8 -3.1
v -1.2 1.8 -3.2
v -1.2 1.9 3.4
v -1.2 1.9 3.3
v -1.2 1.9 3.2
v -1.2 1.9 -3
v -1.2 1.9 -3.1
v -1.2 2 3.5
v -1.2 2 3.4
v -1.2 2 -3
v -1.2 2 -3.1
v -1.2 2 -3.2
v -1.2 2.1 3.5
v -1.2 2.1 3.3
v -1.2 2.1 -3
v -1.2 2.1 -3.1
v -1.2 2.1 -3.2
v -1.2 2.2 3.5
v -1.2 2.2 3.3
v -1.2 2.2 -3
v -1.2 2.2 -3.1
v -1.2 2.2 -3.2
v -1.2 2.4 3.5
v -1.2 2.4 3.3
v -1.2 2.4 -3
v -1.2 2.4 -3.1
v -1.1 0.5 1.9
v -1.1 0.5 1.8
v -1.1 0.6 2.1
v -1.1 0.6 2
v -1.1 0.6 1.9
v -1.1 0.6 1.8
v -1.1 0.6 1.4
v -1.1 0.6 1.3
v -1.1 0.6 1.1
v -1.1 0.6 1
v -1.1 0.6 0.9
v -1.1 0.6 0.8
v -1.1 0.6 0.4
v -1.1 0.6 0.3
v -1.1 0.6 0.2
v -1.1 0.6 0.0999999
v -1.1 0.6 0
v -1.1 0.6 -0.0999999
v -1.1 0.6 -0.3
v -1.1 0.6 -0.4
v -1.1 0.6 -0.9
v -1.1 0.6 -1
v -1.1 0.6 -1.1
v -1.1 0.6 -1.2
v -1.1 0.6 -1.4
v -1.1 0.6 -1.5
v -1.1 0.6 -1.6
v -1.1 0.6 -1.9
v -1.1 0.6 -2
v -1.1 0.7 2.2
v -1.1 0.7 2.1
v -1.1 0.7 2
v -1.1 0.7 1.9
v -1.1 0.7 1.8
v -1.1 0.7 1.4
v -1.1 0.7 1.3
v -1.1 0.7 1.1
v -1.1 0.7 1
v -1.1 0.7 0.9
v -1.1 0.7 0.8
v -1.1 0.7 0.4
v -1.1 0.7 0.3
v -1.1 0.7 0.2
v -1.1 0.7 0.0999999
v -1.1 0.7 0
v -1.1 0.7 -0.0999999
v -1.1 0.7 -0.3
v -1.1 0.7 -0.4
v -1.1 0.7 -0.9
v -1.1 0.7 -1
v -1.1 0.7 -1.1
v -1.1 0.7 -1.2
v -1.1 0.7 -1.4
v -1.1 0.7 -1.5
v -1.1 0.7 -1.6
v -1.1 0.7 -1.9
v -1.1 0.7 -2
v -1.1 0.8 2.4
v -1.1 0.8 2.3
v -1.1 0.8 2.2
v -1.1 0.8 2.1
v -1.1 0.9 2.5
v -1.1 0.9 2.4
v -1.1 0.9 2.3
v -1.1 1 2.7
v -1.1 1 2.6
v -1.1 1 2.5
v -1.1 1 2.4
v -1.1 1.1 2.8
v -1.1 1.1 2.7
v -1.1 1.1 2.6
v -1.1 1.1 2.5
v -1.1 1.2 3
v -1.1 1.2 2.8
v -1.1 1.2 2.7
v -1.1 1.3 3.1
v -1.1 1.3 3
v -1.1 1.3 2.9
v -1.1 1.3 2.8
v -1.1 1.4 3.2
v -1.1 1.4 3.1
v -1.1 1.4 3
v -1.1 1.4 2.9
v -1.1 1.5 3.3
v -1.1 1.5 3.2
v -1.1 1.5 3.1
v -1.1 1.6 3.4
v -1.1 1.6 3.3
v -1.1 1.6 3.2
v -1.1 1.7 3.5
v -1.1 1.7 3.4
v -1.1 1.7 3.3
v -1.1 1.8 3.6
v -1.1 1.8 3.5
v -1.1 1.8 3.4
v -1.1 1.8 3.3
v -1.1 1.9 3.5
v -1.1 1.9 3.4
v -1.1 2 3.7
v -1.1 2 3.6
v -1.1 2 3.5
v -1.1 2 3.4
v -1.1 2.1 3.7
v -1.1 2.1 3.6
v -1.1 2.1 3.5
v -1.1 2.2 3.7
v -1.1 2.2 3.6
v -1.1 2.2 3.5
v -1.1 2.2 -3.1
v -1.1 2.2 -3.2
v -1.1 2.4 3.7
v -1.1 2.4 3.5
v -1.1 2.4 -3.1
v -1.1 2.4 -3.2
v -1 0.5 2.1
v -1 0.5 2
v -1 0.5 1.9
v -1 0.5 1.8
v -1 0.5 1.7
v -1 0.5 1.6
v -1 0.5 1.5
v -1 0.5 1.4
v -1 0.5 1.1
v -1 0.5 1
v -1 0.5 0.9
v -1 0.5 0.8
v -1 0.5 0.6
v -1 0.5 0.5
v -1 0.5 0.4
v -1 0.5 0.3
v -1 0.5 0.2
v -1 0.5 0
v -1 0.5 -0.0999999
v -1 0.5 -0.2
v -1 0.5 -0.3
v -1 0.5 -0.4
v -1 0.5 -0.6
v -1 0.5 -0.7
v -1 0.5 -0.9
v -1 0.5 -1
v -1 0.5 -1.2
v -1 0.5 -1.4
v -1 0.5 -1.5
v -1 0.5 -1.8
v -1 0.5 -2
v -1 0.6 2.2
v -1 0.6 2.1
v -1 0.6 2
v -1 0.6 1.9
v -1 0.6 1.8
v -1 0.6 1.7
v -1 0.6 1.6
v -1 0.6 1.5
v -1 0.6 1.4
v -1 0.6 1.3
v -1 0.6 1.1
v -1 0.6 1
v -1 0.6 0.9
v -1 0.6 0.8
v -1 0.6 0.6
v -1 0.6 0.5
v -1 0.6 0.4
v -1 0.6 0.3
v -1 0.6 0.2
v -1 0.6 0.0999999
v -1 0.6 0
v -1 0.6 -0.0999999
v -1 0.6 -0.2
v -1 0.6 -0.3
v -1 0.6 -0.4
v -1 0.6 -0.6
v -1 0.6 -0.7
v -1 0.6 -0.9
v -1 0.6 -1
v -1 0.6 -1.1
v -1 0.6 -1.2
v -1 0.6 -1.4
v -1 0.6 -1.5
v -1 0.6 -1.6
v -1 0.6 -1.8
v -1 0.6 -1.9
v -1 0.6 -2
v -1 0.7 2.3
v -1 0.7 2.2
v -1 0.7 2.1
v -1 0.8 2.5
v -1 0.8 2.4
v -1 0.8 2.3
v -1 0.8 2.2
v -1 0.9 2.7
v -1 0.9 2.6
v -1 0.9 2.5
v -1 0.9 2.4
v -1 1 2.8
v -1 1 2.7
v -1 1 2.6
v -1 1 2.5
v -1 1.1 3
v -1 1.1 2.8
v -1 1.1 2.7
v -1 1.2 3.1
v -1 1.2 3
v -1 1.2 2.8
v -1 1.3 3.3
v -1 1.3 3.2
v -1 1.3 3.1
v -1 1.3 3
v -1 1.4 3.4
v -1 1.4 3.3
v -1 1.4 3.2
v -1 1.4 3.1
v -1 1.5 3.5
v -1 1.5 3.4
v -1 1.5 3.3
v -1 1.5 3.2
v -1 1.6 3.6
v -1 1.6 3.5
v -1 1.6 3.4
v -1 1.6 3.3
v -1 1.7 3.7
v -1 1.7 3.6
v -1 1.7 3.5
v -1 1.7 3.4
v -1 1.8 3.8
v -1 1.8 3.7
v -1 1.8 3.6
v -1 1.8 3.5
v -1 1.9 3.8
v -1 1.9 3.7
v -1 1.9 3.6
v -1 2 3.9
v -1 2 3.8
v -1 2 3.7
v -1 2 3.6
v -1 2.1 3.8
v -1 2.1 3.7
v -1 2.2 3.9
v -1 2.2 3.8
v -1 2.2 3.7
v -1 2.4 3.9
v -1 2.4 3.7
v -0.9 0.4 1.9
v -0.9 0.4 1.8
v -0.9 0.5 1.9
v -0.9 0.5 1.8
v -0.9 0.6 2.3
v -0.9 0.6 2.2
v -0.9 0.7 2.4
v -0.9 0.7 2.3
v -0.9 0.7 2.2
v -0.9 0.8 2.6
v -0.9 0.8 2.5
v -0.9 0.8 2.4
v -0.9 0.8 2.3
v -0.9 0.9 2.8
v -0.9 0.9 2.7
v -0.9 0.9 2.6
v -0.9 0.9 2.5
v -0.9 1 2.9
v -0.9 1 2.8
v -0.9 1 2.7
v -0.9 1.1 3.1
v -0.9 1.1 3
v -0.9 1.1 2.9
v -0.9 1.1 2.8
v -0.9 1.1 -2.2
v -0.9 1.1 -2.3
v -0.9 1.2 3.3
v -0.9 1.2 3.1
v -0.9 1.2 3
v -0.9 1.2 -2.2
v -0.9 1.2 -2.3
v -0.9 1.3 3.4
v -0.9 1.3 3.3
v -0.9 1.3 3.2
v -0.9 1.3 3.1
v -0.9 1.4 3.5
v -0.9 1.4 3.4
v -0.9 1.4 3.3
v -0.9 1.5 3.7
v -0.9 1.5 3.5
v -0.9 1.5 3.4
v -0.9 1.6 3.8
v -0.9 1.6 3.7
v -0.9 1.6 3.6
v -0.9 1.6 3.5
v -0.9 1.7 3.9
v -0.9 1.7 3.8
v -0.9 1.7 3.7
v -0.9 1.7 3.6
v -0.9 1.8 4
v -0.9 1.8 3.9
v -0.9 1.8 3.8
v -0.9 1.8 3.7
v -0.9 1.9 4
v -0.9 1.9 3.9
v -0.9 1.9 3.8
v -0.9 2 4.1
v -0.9 2 4
v -0.9 2 3.9
v -0.9 2 3.8
v -0.9 2.1 4.1
v -0.9 2.1 4
v -0.9 2.2 4.1
v -0.9 2.2 3.9
v -0.9 2.4 4.1
v -0.9 2.4 3.9
v -0.8 0.4 2.1
v -0.8 0.4 2
v -0.8 0.4 1.9
v -0.8 0.4 1.8
v -0.8 0.4 1.7
v -0.8 0.4 1.6
v -0.8 0.4 1.5
v -0.8 0.4 1.4
v -0.8 0.4 1
v -0.8 0.4 0.9
v -0.8 0.4 0.8
v -0.8 0.4 0.7
v -0.8 0.4 0.6
v -0.8 0.4 0.5
v -0.8 0.4 0.4
v -0.8 0.4 0.0999999
v -0.8 0.4 0
v -0.8 0.4 -0.0999999
v -0.8 0.4 -0.2
v -0.8 0.4 -0.3
v -0.8 0.4 -0.4
v -0.8 0.4 -0.5
v -0.8 0.4 -0.6
v -0.8 0.4 -0.7
v -0.8 0.4 -0.8
v -0.8 0.4 -1
v -0.8 0.4 -1.2
v -0.8 0.4 -1.6
v -0.8 0.4 -1.7
v -0.8 0.4 -1.8
v -0.8 0.4 -1.9
v -0.8 0.4 -2
v -0.8 0.5 2.2
v -0.8 0.5 2.1
v -0.8 0.5 2
v -0.8 0.5 1.9
v -0.8 0.5 1.8
v -0.8 0.5 1.7
v -0.8 0.5 1.6
v -0.8 0.5 1.5
v -0.8 0.5 1.4
v -0.8 0.5 1.2
v -0.8 0.5 1.1
v -0.8 0.5 1
v -0.8 0.5 0.9
v -0.8 0.5 0.8
v -0.8 0.5 0.7
v -0.8 0.5 0.6
v -0.8 0.5 0.5
v -0.8 0.5 0.4
v -0.8 0.5 0.3
v -0.8 0.5 0.2
v -0.8 0.5 0.0999999
v -0.8 0.5 0
v -0.8 0.5 -0.0999999
v -0.8 0.5 -0.2
v -0.8 0.5 -0.3
v -0.8 0.5 -0.4
v -0.8 0.5 -0.5
v -0.8 0.5 -0.6
v -0.8 0.5 -0.7
v -0.8 0.5 -0.8
v -0.8 0.5 -0.9
v -0.8 0.5 -1
v -0.8 0.5 -1.1
v -0.8 0.5 -1.2
v -0.8 0.5 -1.3
v -0.8 0.5 -1.5
v -0.8 0.5 -1.6
v -0.8 0.5 -1.7
v -0.8 0.5 -1.8
v -0.8 0.5 -1.9
v -0.8 0.5 -2
v -0.8 0.6 2.4
v -0.8 0.6 2.3
v -0.8 0.6 2.2
v -0.8 0.6 2.1
v -0.8 0.7 2.5
v -0.8 0.7 2.4
v -0.8 0.7 2.3
v -0.8 0.8 2.7
v -0.8 0.8 2.6
v -0.8 0.8 2.5
v -0.8 0.8 2.4
v -0.8 0.9 2.9
v -0.8 0.9 2.8
v -0.8 0.9 2.7
v -0.8 0.9 2.6
v -0.8 1 3.1
v -0.8 1 3
v -0.8 1 2.9
v -0.8 1 2.8
v -0.8 1.1 3.2
v -0.8 1.1 3.1
v -0.8 1.1 3
v -0.8 1.1 2.9
v -0.8 1.2 3.4
v -0.8 1.2 3.3
v -0.8 1.2 3.2
v -0.8 1.2 3.1
v -0.8 1.3 3.5
v -0.8 1.3 3.4
v -0.8 1.3 3.3
v -0.8 1.4 3.7
v -0.8 1.4 3.6
v -0.8 1.4 3.5
v -0.8 1.4 3.4
v -0.8 1.5 3.8
v -0.8 1.5 3.7
v -0.8 1.5 3.6
v -0.8 1.5 3.5
v -0.8 1.6 3.9
v -0.8 1.6 3.8
v -0.8 1.6 3.7
v -0.8 1.7 4.1
v -0.8 1.7 3.9
v -0.8 1.7 3.8
v -0.8 1.8 4.1
v -0.8 1.8 4
v -0.8 1.8 3.9
v -0.8 1.9 4.2
v -0.8 1.9 4.1
v -0.8 1.9 4
v -0.8 2 4.3
v -0.8 2 4.2
v -0.8 2 4.1
v -0.8 2 4
v -0.8 2.1 4.3
v -0.8 2.1 4.2
v -0.8 2.1 4.1
v -0.8 2.2 4.3
v -0.8 2.2 4.1
v -0.8 2.4 4.3
v -0.8 2.4 4.1
v -0.7 0.3 1.9
v -0.7 0.3 1.8
v -0.7 0.4 1.9
v -0.7 0.4 1.8
v -0.7 0.4 -2
v -0.7 0.4 -2.1
v -0.7 0.5 2.3
v -0.7 0.5 2.2
v -0.7 0.5 -2
v -0.7 0.5 -2.1
v -0.7 0.6 2.3
v -0.7 0.6 2.2
v -0.7 0.6 -2
v -0.7 0.6 -2.1
v -0.7 0.7 2.6
v -0.7 0.7 2.5
v -0.7 0.7 -2
v -0.7 0.7 -2.1
v -0.7 0.8 2.8
v -0.7 0.8 2.7
v -0.7 0.8 2.6
v -0.7 0.8 2.5
v -0.7 0.8 -2
v -0.7 0.8 -2.1
v -0.7 0.9 3
v -0.7 0.9 2.9
v -0.7 0.9 2.8
v -0.7 0.9 2.7
v -0.7 0.9 -2.1
v -0.7 0.9 -2.2
v -0.7 1 3.2
v -0.7 1 3.1
v -0.7 1 3
v -0.7 1 2.9
v -0.7 1 -2.1
v -0.7 1 -2.2
v -0.7 1.1 3.3
v -0.7 1.1 3.2
v -0.7 1.1 3.1
v -0.7 1.2 3.5
v -0.7 1.2 3.4
v -0.7 1.2 3.3
v -0.7 1.2 3.2
v -0.7 1.2 -2.4
v -0.7 1.2 -2.5
v -0.7 1.3 3.7
v -0.7 1.3 3.6
v -0.7 1.3 3.5
v -0.7 1.3 3.4
v -0.7 1.3 -2.4
v -0.7 1.3 -2.5
v -0.7 1.4 3.8
v -0.7 1.4 3.7
v -0.7 1.4 3.6
v -0.7 1.4 3.5
v -0.7 1.5 4
v -0.7 1.5 3.8
v -0.7 1.5 3.7
v -0.7 1.6 4.1
v -0.7 1.6 4
v -0.7 1.6 3.9
v -0.7 1.6 3.8
v -0.7 1.7 4.2
v -0.7 1.7 4.1
v -0.7 1.7 4
v -0.7 1.7 3.9
v -0.7 1.8 4.3
v -0.7 1.8 4.2
v -0.7 1.8 4.1
v -0.7 1.9 4.4
v -0.7 1.9 4.3
v -0.7 1.9 4.2
v -0.7 1.9 4.1
v -0.7 2 4.5
v -0.7 2 4.4
v -0.7 2 4.3
v -0.7 2 4.2
v -0.7 2.1 4.4
v -0.7 2.1 4.3
v -0.7 2.2 4.5
v -0.7 2.2 4.3
v -0.7 2.4 4.5
v -0.7 2.4 4.3
v -0.6 0.6 2.5
v -0.6 0.6 2.4
v -0.6 0.7 2.7
v -0.6 0.7 2.6
v -0.6 0.7 2.5
v -0.6 0.7 2.4
v -0.6 0.8 2.9
v -0.6 0.8 2.8
v -0.6 0.8 2.7
v -0.6 0.8 2.6
v -0.6 0.8 -2.1
v -0.6 0.8 -2.2
v -0.6 0.9 3.1
v -0.6 0.9 3
v -0.6 0.9 2.9
v -0.6 0.9 2.8
v -0.6 0.9 -2.1
v -0.6 0.9 -2.2
v -0.6 1 3.3
v -0.6 1 3.2
v -0.6 1 3.1
v -0.6 1 3
v -0.6 1 -2.2
v -0.6 1 -2.3
v -0.6 1.1 3.4
v -0.6 1.1 3.3
v -0.6 1.1 3.2
v -0.6 1.1 -2.2
v -0.6 1.1 -2.3
v -0.6 1.1 -2.4
v -0.6 1.2 3.6
v -0.6 1.2 3.5
v -0.6 1.2 3.4
v -0.6 1.2 3.3
v -0.6 1.2 -2.3
v -0.6 1.2 -2.4
v -0.6 1.2 -2.5
v -0.6 1.2 -2.6
v -0.6 1.3 3.8
v -0.6 1.3 3.7
v -0.6 1.3 3.6
v -0.6 1.3 3.5
v -0.6 1.3 -2.5
v -0.6 1.3 -2.6
v -0.6 1.4 3.9
v -0.6 1.4 3.8
v -0.6 1.4 3.7
v -0.6 1.5 4.1
v -0.6 1.5 4
v -0.6 1.5 3.9
v -0.6 1.5 3.8
v -0.6 1.6 4.2
v -0.6 1.6 4.1
v -0.6 1.6 4
v -0.6 1.7 4.4
v -0.6 1.7 4.2
v -0.6 1.7 4.1
v -0.6 1.8 4.5
v -0.6 1.8 4.4
v -0.6 1.8 4.3
v -0.6 1.8 4.2
v -0.6 1.9 4.6
v -0.6 1.9 4.5
v -0.6 1.9 4.4
v -0.6 1.9 4.3
v -0.6 2 4.7
v -0.6 2 4.6
v -0.6 2 4.5
v -0.6 2 4.4
v -0.6 2.2 4.7
v -0.6 2.2 4.6
v -0.6 2.2 4.5
v -0.6 2.4 4.7
v -0.6 2.4 4.5
v -0.5 0.3 2
v -0.5 0.3 1.9
v -0.5 0.4 2.2
v -0.5 0.4 2.1
v -0.5 0.4 2
v -0.5 0.4 1.9
v -0.5 0.5 2.4
v -0.5 0.5 2.3
v -0.5 0.5 2.2
v -0.5 0.5 2.1
v -0.5 0.6 2.6
v -0.5 0.6 2.5
v -0.5 0.6 2.4
v -0.5 0.6 2.3
v -0.5 0.7 2.8
v -0.5 0.7 2.7
v -0.5 0.7 2.6
v -0.5 0.7 2.5
v -0.5 0.8 3
v -0.5 0.8 2.9
v -0.5 0.8 2.8
v -0.5 0.8 2.7
v -0.5 0.9 3
v -0.5 0.9 2.9
v -0.5 1.1 3.5
v -0.5 1.1 3.4
v -0.5 1.2 3.7
v -0.5 1.2 3.6
v -0.5 1.2 3.5
v -0.5 1.2 3.4
v -0.5 1.3 3.9
v -0.5 1.3 3.8
v -0.5 1.3 3.7
v -0.5 1.3 3.6
v -0.5 1.4 4.1
v -0.5 1.4 4
v -0.5 1.4 3.9
v -0.5 1.4 3.8
v -0.5 1.5 4.2
v -0.5 1.5 4.1
v -0.5 1.5 4
v -0.5 1.5 3.9
v -0.5 1.6 4.4
v -0.5 1.6 4.3
v -0.5 1.6 4.2
v -0.5 1.6 4.1
v -0.5 1.7 4.5
v -0.5 1.7 4.4
v -0.5 1.7 4.3
v -0.5 1.7 4.2
v -0.5 1.8 4.7
v -0.5 1.8 4.6
v -0.5 1.8 4.5
v -0.5 1.8 4.4
v -0.5 1.9 4.8
v -0.5 1.9 4.7
v -0.5 1.9 4.6
v -0.5 1.9 4.5
v -0.5 2 4.9
v -0.5 2 4.8
v -0.5 2 4.7
v -0.5 2 4.6
v -0.5 2.1 4.9
v -0.5 2.1 4.8
v -0.5 2.2 4.9
v -0.5 2.2 4.7
v -0.5 2.4 4.9
v -0.5 2.4 4.7
v -0.4 0.3 2.1
v -0.4 0.3 2
v -0.4 0.3 1.8
v -0.4 0.3 -2.1
v -0.4 0.4 2.1
v -0.4 0.4 2
v -0.4 0.4 1.8
v -0.4 0.4 1.6
v -0.4 0.4 1.5
v -0.4 0.4 1.4
v -0.4 0.4 1
v -0.4 0.4 0.9
v -0.4 0.4 0.8
v -0.4 0.4 0.5
v -0.4 0.4 0.4
v -0.4 0.4 0.3
v -0.4 0.4 0.2
v -0.4 0.4 0.0999999
v -0.4 0.4 0
v -0.4 0.4 -0.3
v -0.4 0.4 -0.7
v -0.4 0.4 -0.8
v -0.4 0.4 -0.9
v -0.4 0.4 -1
v -0.4 0.4 -1.1
v -0.4 0.4 -1.3
v -0.4 0.4 -1.4
v -0.4 0.4 -1.5
v -0.4 0.4 -1.6
v -0.4 0.4 -1.8
v -0.4 0.4 -1.9
v -0.4 0.4 -2
v -0.4 0.4 -2.1
v -0.4 0.9 3.2
v -0.4 0.9 3.1
v -0.4 1 3.4
v -0.4 1 3.3
v -0.4 1 3.2
v -0.4 1 3.1
v -0.4 1.1 3.6
v -0.4 1.1 3.5
v -0.4 1.1 3.4
v -0.4 1.1 3.3
v -0.4 1.2 3.8
v -0.4 1.2 3.7
v -0.4 1.2 3.6
v -0.4 1.2 3.5
v -0.4 1.3 4
v -0.4 1.3 3.9
v -0.4 1.3 3.8
v -0.4 1.3 3.7
v -0.4 1.4 4
v -0.4 1.4 3.9
v -0.4 1.5 4.3
v -0.4 1.5 4.2
v -0.4 1.6 4.5
v -0.4 1.6 4.4
v -0.4 1.6 4.3
v -0.4 1.6 4.2
v -0.4 1.7 4.7
v -0.4 1.7 4.5
v -0.4 1.7 4.4
v -0.4 1.8 4.8
v -0.4 1.8 4.7
v -0.4 1.8 4.6
v -0.4 1.8 4.5
v -0.4 1.9 4.9
v -0.4 1.9 4.8
v -0.4 1.9 4.7
v -0.4 2 5
v -0.4 2 4.9
v -0.4 2 4.8
v -0.4 2.1 5.1
v -0.4 2.1 5
v -0.4 2.1 4.9
v -0.4 2.2 4.9
v -0.4 2.3 5.1
v -0.4 2.3 5
v -0.4 2.4 5
v -0.4 2.4 4.9
v -0.3 0.1 2.4
v -0.3 0.1 2.2
v -0.3 0.1 2.1
v -0.3 0.1 2
v -0.3 0.1 1.9
v -0.3 0.1 1.8
v -0.3 0.1 1.7
v -0.3 0.1 1.6
v -0.3 0.1 1.5
v -0.3 0.1 1.4
v -0.3 0.1 1.3
v -0.3 0.1 1.2
v -0.3 0.1 1
v -0.3 0.1 0.9
v -0.3 0.1 0.6
v -0.3 0.1 0.5
v -0.3 0.1 0.4
v -0.3 0.1 0.2
v -0.3 0.1 0.0999999
v -0.3 0.1 0
v -0.3 0.1 -0.2
v -0.3 0.1 -0.3
v -0.3 0.1 -0.6
v -0.3 0.1 -0.7
v -0.3 0.2 2.9
v -0.3 0.2 2.7
v -0.3 0.2 2.4
v -0.3 0.2 2.2
v -0.3 0.2 2.1
v -0.3 0.2 2
v -0.3 0.2 1.9
v -0.3 0.2 1.8
v -0.3 0.2 1.6
v -0.3 0.2 1.5
v -0.3 0.2 1.3
v -0.3 0.2 1.2
v -0.3 0.2 1.1
v -0.3 0.2 0.8
v -0.3 0.2 0.6
v -0.3 0.2 0.5
v -0.3 0.2 0.4
v -0.3 0.2 0.3
v -0.3 0.2 0.2
v -0.3 0.2 0.0999999
v -0.3 0.2 0
v -0.3 0.2 -0.2
v -0.3 0.2 -0.3
v -0.3 0.2 -0.4
v -0.3 0.2 -0.6
v -0.3 0.2 -0.7
v -0.3 0.2 -0.8
v -0.3 0.2 -0.9
v -0.3 0.2 -1
v -0.3 0.2 -1.1
v -0.3 0.2 -1.2
v -0.3 0.3 3.2
v -0.3 0.3 2.9
v -0.3 0.3 2.7
v -0.3 0.3 2.4
v -0.3 0.3 2.2
v -0.3 0.3 2.1
v -0.3 0.3 1.9
v -0.3 0.3 1.8
v -0.3 0.3 1.7
v -0.3 0.3 1.5
v -0.3 0.3 1.4
v -0.3 0.3 1.3
v -0.3 0.3 1.2
v -0.3 0.3 1.1
v -0.3 0.3 1
v -0.3 0.3 0.9
v -0.3 0.3 0.8
v -0.3 0.3 0.6
v -0.3 0.3 0.5
v -0.3 0.3 0.4
v -0.3 0.3 0.3
v -0.3 0.3 0.0999999
v -0.3 0.3 0
v -0.3 0.3 -0.2
v -0.3 0.3 -0.3
v -0.3 0.3 -0.4
v -0.3 0.3 -0.6
v -0.3 0.3 -0.7
v -0.3 0.3 -0.8
v -0.3 0.3 -0.9
v -0.3 0.3 -1
v -0.3 0.3 -1.1
v -0.3 0.3 -1.2
v -0.3 0.4 3.2
v -0.3 0.4 3.1
v -0.3 0.4 2.9
v -0.3 0.4 2.8
v -0.3 0.4 2.6
v -0.3 0.4 2.5
v -0.3 0.4 2.3
v -0.3 0.4 2.2
v -0.3 0.4 2.1
v -0.3 0.5 3.5
v -0.3 0.5 3.3
v -0.3 0.5 3.2
v -0.3 0.5 3.1
v -0.3 0.5 3
v -0.3 0.5 2.9
v -0.3 0.5 2.8
v -0.3 0.5 2.6
v -0.3 0.5 2.5
v -0.3 0.5 2.4
v -0.3 0.5 2.3
v -0.3 0.5 2.2
v -0.3 0.5 -2.1
v -0.3 0.5 -2.4
v -0.3 0.6 3.8
v -0.3 0.6 3.7
v -0.3 0.6 3.5
v -0.3 0.6 3.4
v -0.3 0.6 3.3
v -0.3 0.6 3.1
v -0.3 0.6 3
v -0.3 0.6 2.9
v -0.3 0.6 2.8
v -0.3 0.6 2.6
v -0.3 0.6 2.5
v -0.3 0.6 2.4
v -0.3 0.6 -2.2
v -0.3 0.6 -2.3
v -0.3 0.6 -2.4
v -0.3 0.6 -2.5
v -0.3 0.6 -2.6
v -0.3 0.7 3.8
v -0.3 0.7 3.7
v -0.3 0.7 3.5
v -0.3 0.7 3.4
v -0.3 0.7 3.2
v -0.3 0.7 3.1
v -0.3 0.7 3
v -0.3 0.7 2.9
v -0.3 0.7 2.8
v -0.3 0.7 2.6
v -0.3 0.7 -2.1
v -0.3 0.7 -2.2
v -0.3 0.7 -2.3
v -0.3 0.7 -2.4
v -0.3 0.7 -2.5
v -0.3 0.7 -2.6
v -0.3 0.7 -2.8
v -0.3 0.8 4
v -0.3 0.8 3.9
v -0.3 0.8 3.8
v -0.3 0.8 3.7
v -0.3 0.8 3.6
v -0.3 0.8 3.5
v -0.3 0.8 3.3
v -0.3 0.8 3.2
v -0.3 0.8 3.1
v -0.3 0.8 3
v -0.3 0.8 2.8
v -0.3 0.8 -2.1
v -0.3 0.8 -2.2
v -0.3 0.8 -2.4
v -0.3 0.8 -2.5
v -0.3 0.8 -2.7
v -0.3 0.8 -2.8
v -0.3 0.8 -2.9
v -0.3 0.9 4.1
v -0.3 0.9 4
v -0.3 0.9 3.9
v -0.3 0.9 3.7
v -0.3 0.9 3.6
v -0.3 0.9 3.5
v -0.3 0.9 3.4
v -0.3 0.9 3.3
v -0.3 0.9 3.2
v -0.3 0.9 3.1
v -0.3 0.9 3
v -0.3 0.9 -2.1
v -0.3 0.9 -2.2
v -0.3 0.9 -2.3
v -0.3 0.9 -2.4
v -0.3 0.9 -2.5
v -0.3 0.9 -2.6
v -0.3 0.9 -2.7
v -0.3 0.9 -2.8
v -0.3 0.9 -2.9
v -0.3 0.9 -3
v -0.3 1 4.2
v -0.3 1 4.1
v -0.3 1 3.8
v -0.3 1 3.6
v -0.3 1 3.5
v -0.3 1 3.4
v -0.3 1 3.3
v -0.3 1 3.2
v -0.3 1 -2.3
v -0.3 1 -2.4
v -0.3 1 -2.5
v -0.3 1 -2.6
v -0.3 1 -2.8
v -0.3 1 -2.9
v -0.3 1 -3
v -0.3 1 -3.1
v -0.3 1.1 4.3
v -0.3 1.1 4.2
v -0.3 1.1 4.1
v -0.3 1.1 4
v -0.3 1.1 3.9
v -0.3 1.1 3.8
v -0.3 1.1 3.6
v -0.3 1.1 -2.2
v -0.3 1.1 -2.3
v -0.3 1.1 -2.4
v -0.3 1.1 -2.6
v -0.3 1.1 -2.8
v -0.3 1.1 -2.9
v -0.3 1.1 -3.1
v -0.3 1.1 -3.2
v -0.3 1.2 4.4
v -0.3 1.2 4.3
v -0.3 1.2 4.2
v -0.3 1.2 4.1
v -0.3 1.2 4
v -0.3 1.2 3.9
v -0.3 1.2 -2.3
v -0.3 1.2 -2.4
v -0.3 1.2 -2.5
v -0.3 1.2 -2.6
v -0.3 1.2 -2.8
v -0.3 1.2 -2.9
v -0.3 1.2 -3.1
v -0.3 1.2 -3.2
v -0.3 1.2 -3.5
v -0.3 1.3 4.6
v -0.3 1.3 4.4
v -0.3 1.3 4.3
v -0.3 1.3 4.1
v -0.3 1.3 4
v -0.3 1.3 3.9
v -0.3 1.3 -2.5
v -0.3 1.3 -2.6
v -0.3 1.3 -2.7
v -0.3 1.3 -2.9
v -0.3 1.3 -3.1
v -0.3 1.3 -3.2
v -0.3 1.3 -3.3
v -0.3 1.3 -3.5
v -0.3 1.3 -3.7
v -0.3 1.4 4.8
v -0.3 1.4 4.7
v -0.3 1.4 4.6
v -0.3 1.4 4.5
v -0.3 1.4 4.4
v -0.3 1.4 4.3
v -0.3 1.4 4.1
v -0.3 1.4 -2.9
v -0.3 1.4 -3
v -0.3 1.4 -3.2
v -0.3 1.4 -3.3
v -0.3 1.4 -3.4
v -0.3 1.4 -3.5
v -0.3 1.4 -3.6
v -0.3 1.4 -3.7
v -0.3 1.4 -3.9
v -0.3 1.5 4.9
v -0.3 1.5 4.8
v -0.3 1.5 4.7
v -0.3 1.5 4.6
v -0.3 1.5 4.5
v -0.3 1.5 4.4
v -0.3 1.5 4.3
v -0.3 1.5 4.2
v -0.3 1.5 4.1
v -0.3 1.5 -3
v -0.3 1.5 -3.1
v -0.3 1.5 -3.2
v -0.3 1.5 -3.3
v -0.3 1.5 -3.4
v -0.3 1.5 -3.5
v -0.3 1.5 -3.6
v -0.3 1.5 -3.7
v -0.3 1.5 -3.8
v -0.3 1.5 -3.9
v -0.3 1.6 4.9
v -0.3 1.6 4.8
v -0.3 1.6 4.7
v -0.3 1.6 4.6
v -0.3 1.6 4.5
v -0.3 1.6 4.4
v -0.3 1.6 4.3
v -0.3 1.6 -3.2
v -0.3 1.6 -3.3
v -0.3 1.6 -3.4
v -0.3 1.6 -3.5
v -0.3 1.6 -3.6
v -0.3 1.6 -3.8
v -0.3 1.7 5.1
v -0.3 1.7 4.9
v -0.3 1.7 4.8
v -0.3 1.7 4.7
v -0.3 1.7 4.6
v -0.3 1.7 4.5
v -0.3 1.7 4.4
v -0.3 1.7 4.3
v -0.3 1.7 -3.2
v -0.3 1.7 -3.4
v -0.3 1.7 -3.6
v -0.3 1.7 -3.9
v -0.3 1.8 5.1
v -0.3 1.8 5
v -0.3 1.8 4.9
v -0.3 1.8 4.8
v -0.3 1.8 4.7
v -0.3 1.8 4.4
v -0.3 1.8 4.3
v -0.3 1.8 -3.2
v -0.3 1.8 -3.9
v -0.3 1.9 5.2
v -0.3 1.9 5.1
v -0.3 1.9 5
v -0.3 1.9 4.9
v -0.3 1.9 4.8
v -0.3 1.9 4.4
v -0.3 1.9 4.3
v -0.3 1.9 -3.2
v -0.3 1.9 -3.3
v -0.3 1.9 -3.5
v -0.3 1.9 -3.6
v -0.3 1.9 -3.7
v -0.3 2 5.6
v -0.3 2 5.2
v -0.3 2 5.1
v -0.3 2 5
v -0.3 2 4.9
v -0.3 2 -3.2
v -0.3 2 -3.4
v -0.3 2 -3.5
v -0.3 2 -3.6
v -0.3 2 -3.7
v -0.3 2 -3.9
v -0.3 2.1 5.7
v -0.3 2.1 5.6
v -0.3 2.1 5.1
v -0.3 2.1 5
v -0.3 2.1 4.7
v -0.3 2.1 4.6
v -0.3 2.1 4.5
v -0.3 2.1 4.4
v -0.3 2.1 4.3
v -0.3 2.1 -3.2
v -0.3 2.1 -3.3
v -0.3 2.1 -3.4
v -0.3 2.1 -3.5
v -0.3 2.1 -3.6
v -0.3 2.1 -3.7
v -0.3 2.1 -3.8
v -0.3 2.1 -3.9
v -0.3 2.2 4.7
v -0.3 2.2 4.6
v -0.3 2.2 4.5
v -0.3 2.2 4.4
v -0.3 2.2 4.3
v -0.3 2.2 -3.2
v -0.3 2.2 -3.3
v -0.3 2.2 -3.4
v -0.3 2.2 -3.5
v -0.3 2.2 -3.6
v -0.3 2.2 -3.7
v -0.3 2.2 -3.8
v -0.3 2.3 5.1
v -0.3 2.3 5
v -0.3 2.4 5.7
v -0.3 2.4 5
v -0.3 2.4 4.7
v -0.3 2.4 4.3
v -0.3 2.4 -2.9
v -0.3 2.4 -3.2
v -0.3 2.5 -2.9
v -0.3 2.5 -3.8
v -0.2 0 2.2
v -0.2 0 2.1
v -0.2 0 1.9
v -0.2 0 1.8
v -0.2 0 1.7
v -0.2 0 1.6
v -0.2 0 1.5
v -0.2 0 1.4
v -0.2 0 1.1
v -0.2 0 0.9
v -0.2 0 0.8
v -0.2 0 0.6
v -0.2 0 0.4
v -0.2 0 0.3
v -0.2 0 0.2
v -0.2 0 0
v -0.2 0 -0.0999999
v -0.2 0 -0.2
v -0.2 0 -0.3
v -0.2 0.1 2.9
v -0.2 0.1 2.8
v -0.2 0.1 2.6
v -0.2 0.1 2.5
v -0.2 0.1 2.4
v -0.2 0.1 2.2
v -0.2 0.1 2.1
v -0.2 0.1 2
v -0.2 0.1 1.9
v -0.2 0.1 1.8
v -0.2 0.1 1.7
v -0.2 0.1 1.6
v -0.2 0.1 1.5
v -0.2 0.1 1.4
v -0.2 0.1 1.3
v -0.2 0.1 1.2
v -0.2 0.1 1.1
v -0.2 0.1 1
v -0.2 0.1 0.9
v -0.2 0.1 0.8
v -0.2 0.1 0.6
v -0.2 0.1 0.5
v -0.2 0.1 0.4
v -0.2 0.1 0.3
v -0.2 0.1 0.2
v -0.2 0.1 0.0999999
v -0.2 0.1 0
v -0.2 0.1 -0.0999999
v -0.2 0.1 -0.2
v -0.2 0.1 -0.3
v -0.2 0.1 -0.7
v -0.2 0.1 -0.8
v -0.2 0.1 -0.9
v -0.2 0.1 -1.1
v -0.2 0.1 -1.2
v -0.2 0.2 3.1
v -0.2 0.2 2.9
v -0.2 0.2 2.8
v -0.2 0.2 2.7
v -0.2 0.2 2.6
v -0.2 0.2 2.5
v -0.2 0.2 2.4
v -0.2 0.2 -0.7
v -0.2 0.2 -0.8
v -0.2 0.2 -0.9
v -0.2 0.2 -1
v -0.2 0.2 -1.1
v -0.2 0.2 -1.2
v -0.2 0.2 -1.3
v -0.2 0.2 -1.5
v -0.2 0.2 -1.6
v -0.2 0.2 -1.7
v -0.2 0.3 3.1
v -0.2 0.3 2.9
v -0.2 0.3 -1.2
v -0.2 0.3 -1.3
v -0.2 0.3 -1.4
v -0.2 0.3 -1.5
v -0.2 0.3 -1.6
v -0.2 0.3 -1.7
v -0.2 0.3 -2
v -0.2 0.3 -2.1
v -0.2 0.4 3.3
v -0.2 0.4 3.2
v -0.2 0.4 -2
v -0.2 0.4 -2.1
v -0.2 0.4 -2.3
v -0.2 0.4 -2.4
v -0.2 0.5 3.6
v -0.2 0.5 3.5
v -0.2 0.5 3.3
v -0.2 0.5 3.2
v -0.2 0.5 -2.1
v -0.2 0.5 -2.3
v -0.2 0.5 -2.4
v -0.2 0.5 -2.6
v -0.2 0.6 3.6
v -0.2 0.6 3.5
v -0.2 0.6 -2.4
v -0.2 0.6 -2.5
v -0.2 0.6 -2.6
v -0.2 0.6 -2.7
v -0.2 0.7 3.9
v -0.2 0.7 3.8
v -0.2 0.7 -2.6
v -0.2 0.7 -2.7
v -0.2 0.7 -2.8
v -0.2 0.7 -2.9
v -0.2 0.8 3.9
v -0.2 0.8 3.8
v -0.2 0.8 -2.8
v -0.2 0.8 -2.9
v -0.2 0.8 -3
v -0.2 0.9 3.4
v -0.2 0.9 3.3
v -0.2 0.9 -2.9
v -0.2 0.9 -3
v -0.2 0.9 -3.2
v -0.2 1 3.6
v -0.2 1 3.5
v -0.2 1 3.4
v -0.2 1 3.3
v -0.2 1 -3
v -0.2 1 -3.1
v -0.2 1.1 3.9
v -0.2 1.1 3.8
v -0.2 1.1 3.7
v -0.2 1.1 3.6
v -0.2 1.1 3.5
v -0.2 1.1 3.4
v -0.2 1.1 -3.1
v -0.2 1.1 -3.2
v -0.2 1.1 -3.3
v -0.2 1.1 -3.4
v -0.2 1.2 3.9
v -0.2 1.2 3.8
v -0.2 1.2 3.7
v -0.2 1.2 3.6
v -0.2 1.2 -3.2
v -0.2 1.2 -3.3
v -0.2 1.2 -3.4
v -0.2 1.3 4.1
v -0.2 1.3 4
v -0.2 1.3 3.9
v -0.2 1.3 3.8
v -0.2 1.3 -3.7
v -0.2 1.3 -3.8
v -0.2 1.4 4.9
v -0.2 1.4 4.8
v -0.2 1.4 4.1
v -0.2 1.4 4
v -0.2 1.4 -3.7
v -0.2 1.4 -3.8
v -0.2 1.5 4.9
v -0.2 1.5 4.8
v -0.2 1.6 5
v -0.2 1.6 4.9
v -0.2 1.7 5
v -0.2 1.7 4.9
v -0.2 1.8 5.2
v -0.2 1.8 5.1
v -0.2 1.9 5.3
v -0.2 1.9 5.2
v -0.2 1.9 5.1
v -0.2 1.9 4.7
v -0.2 1.9 4.6
v -0.2 1.9 4.5
v -0.2 1.9 4.4
v -0.2 1.9 4.3
v -0.2 2 5.3
v -0.2 2 5.2
v -0.2 2 4.7
v -0.2 2 4.6
v -0.2 2 4.5
v -0.2 2 4.4
v -0.2 2 4.3
v -0.2 2.1 4.7
v -0.2 2.1 4.6
v -0.2 2.1 4.5
v -0.2 2.1 4.4
v -0.2 2.1 4.3
v -0.2 2.1 -3.8
v -0.2 2.1 -3.9
v -0.2 2.2 -3.8
v -0.2 2.2 -3.9
v -0.2 2.3 4.3
v -0.2 2.3 4.2
v -0.2 2.3 4.1
v -0.2 2.3 -3.8
v -0.2 2.3 -3.9
v -0.2 2.4 4.3
v -0.2 2.4 4.2
v -0.2 2.4 4.1
v -0.0999999 0 2.4
v -0.0999999 0 2.3
v -0.0999999 0 2.2
v -0.0999999 0 -0.3
v -0.0999999 0 -0.4
v -0.0999999 0 -0.5
v -0.0999999 0 -0.6
v -0.0999999 0 -0.7
v -0.0999999 0.1 2.4
v -0.0999999 0.1 2.3
v -0.0999999 0.1 2.2
v -0.0999999 0.1 -0.3
v -0.0999999 0.1 -0.4
v -0.0999999 0.1 -0.5
v -0.0999999 0.1 -0.6
v -0.0999999 0.1 -0.7
v -0.0999999 0.1 -1.2
v -0.0999999 0.1 -1.3
v -0.0999999 0.1 -1.4
v -0.0999999 0.2 -1.2
v -0.0999999 0.2 -1.3
v -0.0999999 0.2 -1.4
v -0.0999999 0.2 -1.7
v -0.0999999 0.2 -1.8
v -0.0999999 0.2 -1.9
v -0.0999999 0.3 -1.7
v -0.0999999 0.3 -1.8
v -0.0999999 0.3 -1.9
v -0.0999999 0.4 3.4
v -0.0999999 0.4 3.3
v -0.0999999 0.5 3.7
v -0.0999999 0.5 3.6
v -0.0999999 0.5 3.4
v -0.0999999 0.5 3.3
v -0.0999999 0.6 3.7
v -0.0999999 0.6 3.6
v -0.0999999 0.6 -2.7
v -0.0999999 0.6 -2.8
v -0.0999999 0.6 -2.9
v -0.0999999 0.7 -2.7
v -0.0999999 0.7 -2.8
v -0.0999999 0.7 -2.9
v -0.0999999 0.7 -3
v -0.0999999 0.8 -2.9
v -0.0999999 0.8 -3
v -0.0999999 0.8 -3.1
v -0.0999999 0.9 -3
v -0.0999999 0.9 -3.1
v -0.0999999 1 -3.2
v -0.0999999 1 -3.3
v -0.0999999 1.1 4.3
v -0.0999999 1.1 4.2
v -0.0999999 1.1 -3.2
v -0.0999999 1.1 -3.3
v -0.0999999 1.2 4.4
v -0.0999999 1.2 4.3
v -0.0999999 1.2 4.2
v -0.0999999 1.2 -3.5
v -0.0999999 1.2 -3.6
v -0.0999999 1.3 4.4
v -0.0999999 1.3 4.3
v -0.0999999 1.3 -3.5
v -0.0999999 1.3 -3.6
v -0.0999999 1.3 -3.8
v -0.0999999 1.3 -3.9
v -0.0999999 1.4 -2.1
v -0.0999999 1.4 -2.3
v -0.0999999 1.4 -3.8
v -0.0999999 1.4 -3.9
v -0.0999999 1.5 5.1
v -0.0999999 1.5 5
v -0.0999999 1.5 4.9
v -0.0999999 1.5 -2.1
v -0.0999999 1.5 -2.3
v -0.0999999 1.6 5.1
v -0.0999999 1.6 5
v -0.0999999 1.6 4.9
v -0.0999999 1.7 5.1
v -0.0999999 1.7 5
v -0.0999999 1.7 4.3
v -0.0999999 1.7 4.2
v -0.0999999 1.7 4.1
v -0.0999999 1.8 4.3
v -0.0999999 1.8 4.2
v -0.0999999 1.8 4.1
v -0.0999999 1.9 4.3
v -0.0999999 1.9 4.2
v -0.0999999 1.9 4.1
v -0.0999999 2.1 4.3
v -0.0999999 2.1 4.1
v -0.0999999 2.2 4.3
v -0.0999999 2.2 4.1
v -0.0999999 2.3 4.3
v -0.0999999 2.3 4.2
v -0.0999999 2.3 4.1
v 0 0.3 3.2
v 0 0.3 3.1
v 0 0.4 3.2
v 0 0.4 3.1
v 0 0.7 3.9
v 0 0.7 3.8
v 0 0.7 -3
v 0 0.7 -3.1
v 0 0.8 4
v 0 0.8 3.9
v 0 0.8 3.8
v 0 0.8 -3
v 0 0.8 -3.1
v 0 0.9 4.1
v 0 0.9 4
v 0 0.9 3.9
v 0 1 4.2
v 0 1 4.1
v 0 1 4
v 0 1.1 4.4
v 0 1.1 4.3
v 0 1.1 4.2
v 0 1.1 4.1
v 0 1.2 4.5
v 0 1.2 4.4
v 0 1.2 4.3
v 0 1.3 4.6
v 0 1.3 4.5
v 0 1.3 4.4
v 0 1.4 4.6
v 0 1.4 4.5
v 0 1.4 3.9
v 0 1.4 3.8
v 0 1.4 3.7
v 0 1.4 -3.9
v 0 1.4 -4
v 0 1.5 3.9
v 0 1.5 3.7
v 0 1.5 -3.9
v 0 1.5 -4
v 0 1.6 3.9
v 0 1.6 3.7
v 0 1.6 -3.9
v 0 1.6 -4
v 0 1.7 -3.9
v 0 1.8 -3.9
v 0 1.8 -4
v 0.0999999 0.2 3.1
v 0.0999999 0.2 3
v 0.0999999 0.2 2.9
v 0.0999999 0.2 2.8
v 0.0999999 0.3 3.1
v 0.0999999 0.3 3
v 0.0999999 0.3 2.9
v 0.0999999 0.3 2.8
v 0.0999999 0.5 3.5
v 0.0999999 0.5 3.4
v 0.0999999 0.6 3.8
v 0.0999999 0.6 3.7
v 0.0999999 0.6 3.5
v 0.0999999 0.6 3.4
v 0.0999999 0.7 4
v 0.0999999 0.7 3.9
v 0.0999999 0.7 3.8
v 0.0999999 0.7 3.7
v 0.0999999 0.8 4.1
v 0.0999999 0.8 4
v 0.0999999 0.8 3.9
v 0.0999999 0.9 4.1
v 0.0999999 0.9 4
v 0.0999999 1 -3.3
v 0.0999999 1 -3.4
v 0.0999999 1.1 -3.3
v 0.0999999 1.1 -3.4
v 0.0999999 1.1 -3.5
v 0.0999999 1.2 4.6
v 0.0999999 1.2 4.5
v 0.0999999 1.2 -3.4
v 0.0999999 1.2 -3.5
v 0.0999999 1.2 -3.6
v 0.0999999 1.2 -3.7
v 0.0999999 1.3 4.7
v 0.0999999 1.3 4.6
v 0.0999999 1.3 4.5
v 0.0999999 1.3 -3.6
v 0.0999999 1.3 -3.7
v 0.0999999 1.4 4.7
v 0.0999999 1.4 4.6
v 0.0999999 1.4 3.7
v 0.0999999 1.4 3.6
v 0.0999999 1.4 3.5
v 0.0999999 1.5 3.7
v 0.0999999 1.5 3.6
v 0.0999999 1.5 3.5
v 0.0999999 1.5 -3.9
v 0.0999999 1.5 -4
v 0.0999999 1.6 3.7
v 0.0999999 1.6 3.6
v 0.0999999 1.6 3.5
v 0.0999999 1.6 -3.9
v 0.0999999 1.6 -4
v 0.2 0.3 3.2
v 0.2 0.3 3.1
v 0.2 0.4 3.2
v 0.2 0.4 3.1
v 0.2 0.8 -3.1
v 0.2 0.8 -3.2
v 0.2 0.9 4.2
v 0.2 0.9 4.1
v 0.2 0.9 -3.1
v 0.2 0.9 -3.2
v 0.2 1 4.3
v 0.2 1 4.2
v 0.2 1 4.1
v 0.2 1.1 4.4
v 0.2 1.1 4.3
v 0.2 1.1 4.2
v 0.2 1.2 4.4
v 0.2 1.2 4.3
v 0.2 1.4 3.5
v 0.2 1.4 3.4
v 0.2 1.4 3.3
v 0.2 1.5 4.1
v 0.2 1.5 4
v 0.2 1.5 3.9
v 0.2 1.5 3.5
v 0.2 1.5 3.4
v 0.2 1.5 3.3
v 0.2 1.6 4.1
v 0.2 1.6 4
v 0.2 1.6 3.9
v 0.2 1.6 3.5
v 0.2 1.6 3.4
v 0.2 1.6 3.3
v 0.2 1.7 4.1
v 0.2 1.7 4
v 0.3 1.4 3.3
v 0.3 1.4 3.2
v 0.3 1.4 3.1
v 0.3 1.5 3.3
v 0.3 1.5 3.2
v 0.3 1.6 4
v 0.3 1.6 3.9
v 0.3 1.6 3.8
v 0.3 1.6 3.7
v 0.3 1.6 3.6
v 0.3 1.6 3.3
v 0.3 1.6 3.2
v 0.3 1.6 3.1
v 0.3 1.7 4
v 0.3 1.7 3.8
v 0.3 1.7 3.7
v 0.3 1.7 3.6
v 0.4 1.4 3.1
v 0.4 1.4 3
v 0.4 1.4 2.9
v 0.4 1.5 3.1
v 0.4 1.5 3
v 0.4 1.5 2.9
v 0.4 1.6 3.6
v 0.4 1.6 3.5
v 0.4 1.6 3.4
v 0.4 1.6 3.1
v 0.4 1.6 2.9
v 0.4 1.7 4.4
v 0.4 1.7 4.3
v 0.4 1.7 4.2
v 0.4 1.7 4.1
v 0.4 1.7 3.6
v 0.4 1.7 3.5
v 0.4 1.7 3.4
v 0.4 1.8 4.4
v 0.4 1.8 4.3
v 0.4 1.8 4.1
v 0.4 1.9 4.7
v 0.4 1.9 4.6
v 0.4 1.9 4.5
v 0.4 1.9 4.4
v 0.4 1.9 4.3
v 0.4 1.9 4.1
v 0.4 2 4.7
v 0.4 2 4.6
v 0.4 2 4.5
v 0.4 2.1 4.6
v 0.4 2.1 4.5
v 0.4 2.2 4.7
v 0.4 2.2 4.6
v 0.4 2.2 4.5
v 0.4 2.4 4.7
v 0.4 2.4 4.5
v 0.5 1.4 2.9
v 0.5 1.4 2.8
v 0.5 1.5 2.9
v 0.5 1.5 2.8
v 0.5 1.6 3.4
v 0.5 1.6 3.3
v 0.5 1.6 2.9
v 0.5 1.6 2.8
v 0.5 1.7 4.1
v 0.5 1.7 3.9
v 0.5 1.7 3.8
v 0.5 1.7 3.4
v 0.5 1.7 3.3
v 0.5 1.8 4.1
v 0.5 1.8 4
v 0.5 1.8 3.9
v 0.5 1.8 3.8
v 0.5 1.9 4.5
v 0.5 1.9 4.4
v 0.5 1.9 4.1
v 0.5 1.9 4
v 0.5 1.9 3.9
v 0.5 1.9 3.8
v 0.5 2 4.5
v 0.5 2.1 4.5
v 0.5 2.2 4.5
v 0.5 2.2 4.4
v 0.5 2.4 4.5
v 0.5 2.4 4.4
v 0.6 1.4 2.8
v 0.6 1.4 2.7
v 0.6 1.4 2.6
v 0.6 1.4 -3
v 0.6 1.4 -3.2
v 0.6 1.5 2.8
v 0.6 1.5 2.7
v 0.6 1.5 -3
v 0.6 1.5 -3.1
v 0.6 1.5 -3.2
v 0.6 1.6 3.3
v 0.6 1.6 3.2
v 0.6 1.6 3.1
v 0.6 1.6 2.8
v 0.6 1.6 2.6
v 0.6 1.7 3.8
v 0.6 1.7 3.7
v 0.6 1.7 3.6
v 0.6 1.7 3.3
v 0.6 1.7 3.2
v 0.6 1.7 3.1
v 0.6 1.8 3.8
v 0.6 1.8 3.7
v 0.6 1.8 3.6
v 0.6 1.9 4.4
v 0.6 1.9 4.2
v 0.6 1.9 3.8
v 0.6 1.9 3.7
v 0.6 1.9 3.6
v 0.6 2 4.4
v 0.6 2 4.3
v 0.6 2.1 4.4
v 0.6 2.1 4.3
v 0.6 2.1 4.2
v 0.6 2.2 4.4
v 0.6 2.2 4.2
v 0.6 2.4 4.4
v 0.6 2.4 4.2
v 0.7 1.3 -3.1
v 0.7 1.3 -3.2
v 0.7 1.4 2.6
v 0.7 1.4 2.5
v 0.7 1.4 -3.1
v 0.7 1.4 -3.2
v 0.7 1.6 3.1
v 0.7 1.6 3
v 0.7 1.6 2.9
v 0.7 1.6 2.8
v 0.7 1.6 2.6
v 0.7 1.6 2.5
v 0.7 1.7 3.6
v 0.7 1.7 3.5
v 0.7 1.7 3.4
v 0.7 1.7 3.1
v 0.7 1.7 3
v 0.7 1.7 2.8
v 0.7 1.8 3.6
v 0.7 1.8 3.4
v 0.7 1.9 4.2
v 0.7 1.9 4.1
v 0.7 1.9 4
v 0.7 1.9 3.9
v 0.7 1.9 3.6
v 0.7 1.9 3.4
v 0.7 2 4.2
v 0.7 2 4.1
v 0.7 2 4
v 0.7 2 3.9
v 0.7 2.1 4.2
v 0.7 2.1 4.1
v 0.7 2.1 4
v 0.7 2.1 3.9
v 0.7 2.2 4.2
v 0.7 2.2 3.9
v 0.7 2.4 4.2
v 0.7 2.4 3.9
v 0.8 1.4 2.5
v 0.8 1.4 2.4
v 0.8 1.4 2.3
v 0.8 1.5 2.5
v 0.8 1.5 2.4
v 0.8 1.5 2.3
v 0.8 1.6 2.8
v 0.8 1.6 2.7
v 0.8 1.6 2.5
v 0.8 1.6 2.4
v 0.8 1.6 2.3
v 0.8 1.7 3.4
v 0.8 1.7 3.3
v 0.8 1.7 3.2
v 0.8 1.7 2.8
v 0.8 1.7 2.7
v 0.8 1.8 3.4
v 0.8 1.8 3.2
v 0.8 1.9 3.9
v 0.8 1.9 3.8
v 0.8 1.9 3.7
v 0.8 1.9 3.4
v 0.8 1.9 3.2
v 0.8 2 3.9
v 0.8 2 3.8
v 0.8 2.1 3.9
v 0.8 2.1 3.7
v 0.8 2.2 3.9
v 0.8 2.2 3.7
v 0.8 2.4 3.9
v 0.8 2.4 3.7
v 0.9 1.1 -2.2
v 0.9 1.1 -2.3
v 0.9 1.2 -2.2
v 0.9 1.2 -2.3
v 0.9 1.4 2.3
v 0.9 1.4 2.2
v 0.9 1.5 2.3
v 0.9 1.5 2.2
v 0.9 1.6 2.7
v 0.9 1.6 2.6
v 0.9 1.6 2.5
v 0.9 1.6 2.3
v 0.9 1.6 2.2
v 0.9 1.7 3.2
v 0.9 1.7 3
v 0.9 1.7 2.7
v 0.9 1.7 2.5
v 0.9 1.8 3.2
v 0.9 1.8 3
v 0.9 1.9 3.7
v 0.9 1.9 3.5
v 0.9 1.9 3.2
v 0.9 1.9 3
v 0.9 2 3.7
v 0.9 2 3.6
v 0.9 2.1 3.7
v 0.9 2.1 3.6
v 0.9 2.1 3.5
v 0.9 2.2 3.7
v 0.9 2.2 3.6
v 0.9 2.2 3.5
v 0.9 2.4 3.7
v 0.9 2.4 3.5
v 1 1.4 2.2
v 1 1.4 2.1
v 1 1.4 2
v 1 1.5 2.2
v 1 1.5 2.1
v 1 1.6 2.5
v 1 1.6 2.4
v 1 1.6 2.3
v 1 1.6 2.2
v 1 1.6 2.1
v 1 1.6 2
v 1 1.7 3
v 1 1.7 2.9
v 1 1.7 2.8
v 1 1.7 2.5
v 1 1.7 2.4
v 1 1.7 2.3
v 1 1.8 3
v 1 1.8 2.9
v 1 1.8 2.8
v 1 1.9 3.5
v 1 1.9 3.4
v 1 1.9 3.2
v 1 1.9 3
v 1 1.9 2.9
v 1 1.9 2.8
v 1 2 3.5
v 1 2 3.4
v 1 2 3.3
v 1 2 3.2
v 1 2.1 3.5
v 1 2.1 3.4
v 1 2.1 3.3
v 1 2.1 3.2
v 1 2.2 3.5
v 1 2.2 3.4
v 1 2.2 3.3
v 1 2.2 3.2
v 1 2.4 3.5
v 1 2.4 3.2
v 1.1 0.7 -2
v 1.1 0.7 -2.1
v 1.1 0.8 -2
v 1.1 0.8 -2.1
v 1.1 0.9 -2.1
v 1.1 0.9 -2.2
v 1.1 1 -2.1
v 1.1 1 -2.2
v 1.1 1.2 -2.4
v 1.1 1.2 -2.5
v 1.1 1.3 -2.4
v 1.1 1.3 -2.5
v 1.1 1.4 2
v 1.1 1.4 1.9
v 1.1 1.4 1.8
v 1.1 1.5 2
v 1.1 1.5 1.9
v 1.1 1.5 1.8
v 1.1 1.6 2.3
v 1.1 1.6 2.2
v 1.1 1.6 2.1
v 1.1 1.6 2
v 1.1 1.6 1.9
v 1.1 1.6 1.8
v 1.1 1.7 2.8
v 1.1 1.7 2.7
v 1.1 1.7 2.5
v 1.1 1.7 2.3
v 1.1 1.7 2.2
v 1.1 1.7 2.1
v 1.1 1.8 2.8
v 1.1 1.8 2.6
v 1.1 1.8 2.5
v 1.1 1.9 3.2
v 1.1 1.9 3.1
v 1.1 1.9 3
v 1.1 1.9 2.8
v 1.1 1.9 2.6
v 1.1 1.9 2.5
v 1.1 2 3.2
v 1.1 2 3.1
v 1.1 2 3
v 1.1 2.1 3.2
v 1.1 2.1 3
v 1.1 2.2 3.2
v 1.1 2.2 3
v 1.1 2.4 3.2
v 1.1 2.4 3
v 1.2 0.8 -2.1
v 1.2 0.8 -2.2
v 1.2 0.9 -2.1
v 1.2 0.9 -2.2
v 1.2 1 -2.2
v 1.2 1 -2.3
v 1.2 1.1 -2.2
v 1.2 1.1 -2.3
v 1.2 1.1 -2.4
v 1.2 1.2 -2.3
v 1.2 1.2 -2.4
v 1.2 1.2 -2.5
v 1.2 1.2 -2.6
v 1.2 1.3 -2.5
v 1.2 1.3 -2.6
v 1.2 1.4 1.8
v 1.2 1.4 1.7
v 1.2 1.4 1.6
v 1.2 1.4 1.5
v 1.2 1.5 1.8
v 1.2 1.5 1.7
v 1.2 1.5 1.6
v 1.2 1.5 1.5
v 1.2 1.6 2.1
v 1.2 1.6 2
v 1.2 1.6 1.9
v 1.2 1.6 1.8
v 1.2 1.6 1.6
v 1.2 1.6 1.5
v 1.2 1.7 2.5
v 1.2 1.7 2.3
v 1.2 1.7 2.1
v 1.2 1.7 2
v 1.2 1.7 1.9
v 1.2 1.8 2.5
v 1.2 1.8 2.4
v 1.2 1.8 2.3
v 1.2 1.9 3
v 1.2 1.9 2.9
v 1.2 1.9 2.5
v 1.2 1.9 2.4
v 1.2 1.9 2.3
v 1.2 2 3
v 1.2 2 2.9
v 1.2 2.1 3
v 1.2 2.2 3
v 1.2 2.2 2.9
v 1.2 2.4 3
v 1.2 2.4 2.9
v 1.3 0.9 -2.2
v 1.3 0.9 -2.3
v 1.3 1 -2.2
v 1.3 1 -2.3
v 1.3 1 -2.4
v 1.3 1.1 -2.3
v 1.3 1.1 -2.4
v 1.3 1.1 -2.5
v 1.3 1.2 -2.4
v 1.3 1.2 -2.5
v 1.3 1.2 -2.6
v 1.3 1.2 -2.9
v 1.3 1.3 -2.6
v 1.3 1.3 -2.7
v 1.3 1.3 -2.9
v 1.3 1.4 -2.6
v 1.3 1.4 -2.7
v 1.3 1.6 1.9
v 1.3 1.6 1.8
v 1.3 1.6 1.7
v 1.3 1.7 2.3
v 1.3 1.7 2.2
v 1.3 1.7 1.9
v 1.3 1.7 1.7
v 1.3 1.7 -2.6
v 1.3 1.7 -2.7
v 1.3 1.8 2.3
v 1.3 1.8 2.2
v 1.3 1.8 -2.6
v 1.3 1.8 -2.7
v 1.3 1.9 2.9
v 1.3 1.9 2.8
v 1.3 1.9 2.7
v 1.3 1.9 2.3
v 1.3 1.9 2.2
v 1.3 1.9 -2.7
v 1.3 1.9 -2.8
v 1.3 1.9 -2.9
v 1.3 2 2.9
v 1.3 2 2.8
v 1.3 2 2.7
v 1.3 2 -2.6
v 1.3 2 -2.7
v 1.3 2 -2.8
v 1.3 2 -2.9
v 1.3 2.1 2.9
v 1.3 2.1 2.8
v 1.3 2.1 2.7
v 1.3 2.1 -2.6
v 1.3 2.1 -2.7
v 1.3 2.1 -2.8
v 1.3 2.1 -2.9
v 1.3 2.2 2.9
v 1.3 2.2 2.7
v 1.3 2.2 -2.8
v 1.3 2.2 -2.9
v 1.3 2.4 2.9
v 1.3 2.4 2.7
v 1.3 2.4 -2.8
v 1.3 2.4 -2.9
v 1.4 1 -2.4
v 1.4 1 -2.5
v 1.4 1.1 -2.4
v 1.4 1.1 -2.5
v 1.4 1.1 -2.7
v 1.4 1.1 -2.8
v 1.4 1.2 -2.5
v 1.4 1.2 -2.7
v 1.4 1.2 -2.8
v 1.4 1.4 -2.7
v 1.4 1.4 -2.8
v 1.4 1.5 -2.7
v 1.4 1.5 -2.8
v 1.4 1.6 1.7
v 1.4 1.6 1.6
v 1.4 1.6 1.5
v 1.4 1.7 2.2
v 1.4 1.7 2.1
v 1.4 1.7 2
v 1.4 1.7 1.7
v 1.4 1.7 1.6
v 1.4 1.7 1.5
v 1.4 1.7 -2.7
v 1.4 1.7 -2.8
v 1.4 1.8 2.2
v 1.4 1.8 2
v 1.4 1.8 -2.7
v 1.4 1.8 -2.8
v 1.4 1.9 2.7
v 1.4 1.9 2.6
v 1.4 1.9 2.5
v 1.4 1.9 2.2
v 1.4 1.9 2
v 1.4 1.9 -2.7
v 1.4 1.9 -2.8
v 1.4 2 2.7
v 1.4 2 2.6
v 1.4 2 2.5
v 1.4 2.1 2.7
v 1.4 2.1 2.6
v 1.4 2.1 2.5
v 1.4 2.1 -2.7
v 1.4 2.1 -2.8
v 1.4 2.2 2.7
v 1.4 2.2 2.6
v 1.4 2.2 2.5
v 1.4 2.2 -2.7
v 1.4 2.2 -2.8
v 1.4 2.4 2.7
v 1.4 2.4 2.5
v 1.4 2.4 -2.7
v 1.4 2.4 -2.8
v 1.5 1.4 -2.6
v 1.5 1.4 -2.7
v 1.5 1.5 -2.6
v 1.5 1.5 -2.7
v 1.5 1.6 -2.6
v 1.5 1.6 -2.7
v 1.5 1.7 2
v 1.5 1.7 1.9
v 1.5 1.7 1.8
v 1.5 1.7 1.6
v 1.5 1.7 1.5
v 1.5 1.7 -2.6
v 1.5 1.7 -2.7
v 1.5 1.8 2
v 1.5 1.8 1.9
v 1.5 1.8 1.8
v 1.5 1.8 1.6
v 1.5 1.8 1.5
v 1.5 1.8 -2.6
v 1.5 1.8 -2.7
v 1.5 1.9 2.5
v 1.5 1.9 2.4
v 1.5 1.9 2.3
v 1.5 1.9 2
v 1.5 1.9 1.9
v 1.5 1.9 1.8
v 1.5 1.9 1.6
v 1.5 1.9 1.5
v 1.5 2 2.5
v 1.5 2.1 2.5
v 1.5 2.1 2.4
v 1.5 2.1 2.3
v 1.5 2.1 -2.6
v 1.5 2.1 -2.7
v 1.5 2.2 2.5
v 1.5 2.2 2.4
v 1.5 2.2 2.3
v 1.5 2.2 -2.6
v 1.5 2.2 -2.7
v 1.5 2.4 2.5
v 1.5 2.4 2.3
v 1.5 2.4 -2.6
v 1.5 2.4 -2.7
v 1.6 1.4 1.5
v 1.6 1.4 1.4
v 1.6 1.4 1.3
v 1.6 1.4 1.2
v 1.6 1.4 1.1
v 1.6 1.4 1
v 1.6 1.4 0.9
v 1.6 1.4 0.8
v 1.6 1.4 0.7
v 1.6 1.4 0.6
v 1.6 1.4 0.5
v 1.6 1.4 0.4
v 1.6 1.4 0.3
v 1.6 1.4 0.2
v 1.6 1.4 0.0999999
v 1.6 1.4 0
v 1.6 1.4 -0.0999999
v 1.6 1.4 -0.2
v 1.6 1.4 -0.3
v 1.6 1.4 -0.4
v 1.6 1.4 -0.5
v 1.6 1.4 -0.6
v 1.6 1.4 -0.9
v 1.6 1.4 -1
v 1.6 1.4 -1.1
v 1.6 1.4 -1.2
v 1.6 1.4 -1.3
v 1.6 1.4 -1.4
v 1.6 1.4 -1.5
v 1.6 1.4 -1.6
v 1.6 1.4 -1.7
v 1.6 1.4 -1.8
v 1.6 1.4 -1.9
v 1.6 1.4 -2.1
v 1.6 1.4 -2.2
v 1.6 1.4 -2.3
v 1.6 1.4 -2.4
v 1.6 1.4 -2.5
v 1.6 1.4 -2.6
v 1.6 1.4 -2.7
v 1.6 1.4 -2.8
v 1.6 1.5 1.5
v 1.6 1.5 1.4
v 1.6 1.5 1.3
v 1.6 1.5 1.2
v 1.6 1.5 1.1
v 1.6 1.5 1
v 1.6 1.5 0.9
v 1.6 1.5 0.8
v 1.6 1.5 0.6
v 1.6 1.5 0.5
v 1.6 1.5 0.4
v 1.6 1.5 0.3
v 1.6 1.5 0
v 1.6 1.5 -0.0999999
v 1.6 1.5 -0.2
v 1.6 1.5 -0.5
v 1.6 1.5 -0.6
v 1.6 1.5 -0.7
v 1.6 1.5 -0.9
v 1.6 1.5 -1
v 1.6 1.5 -1.1
v 1.6 1.5 -1.2
v 1.6 1.5 -1.3
v 1.6 1.5 -1.4
v 1.6 1.5 -1.6
v 1.6 1.5 -1.7
v 1.6 1.5 -1.9
v 1.6 1.5 -2.1
v 1.6 1.5 -2.2
v 1.6 1.5 -2.3
v 1.6 1.5 -2.4
v 1.6 1.5 -2.5
v 1.6 1.5 -2.6
v 1.6 1.5 -2.7
v 1.6 1.5 -2.8
v 1.6 1.6 1.5
v 1.6 1.6 1.4
v 1.6 1.6 1.3
v 1.6 1.6 1.2
v 1.6 1.6 1.1
v 1.6 1.6 1
v 1.6 1.6 0.9
v 1.6 1.6 0.8
v 1.6 1.6 0.6
v 1.6 1.6 0.5
v 1.6 1.6 0.4
v 1.6 1.6 0.3
v 1.6 1.6 0.2
v 1.6 1.6 0.0999999
v 1.6 1.6 -0.2
v 1.6 1.6 -0.3
v 1.6 1.6 -0.4
v 1.6 1.6 -0.5
v 1.6 1.6 -0.6
v 1.6 1.6 -0.7
v 1.6 1.6 -0.8
v 1.6 1.6 -0.9
v 1.6 1.6 -1
v 1.6 1.6 -1.1
v 1.6 1.6 -1.3
v 1.6 1.6 -1.4
v 1.6 1.6 -1.5
v 1.6 1.6 -1.7
v 1.6 1.6 -1.8
v 1.6 1.6 -1.9
v 1.6 1.6 -2
v 1.6 1.6 -2.1
v 1.6 1.6 -2.2
v 1.6 1.6 -2.3
v 1.6 1.6 -2.6
v 1.6 1.6 -2.7
v 1.6 1.7 1.8
v 1.6 1.7 1.6
v 1.6 1.7 1.5
v 1.6 1.7 1.4
v 1.6 1.7 1.3
v 1.6 1.7 1.2
v 1.6 1.7 1.1
v 1.6 1.7 1
v 1.6 1.7 0.9
v 1.6 1.7 0.8
v 1.6 1.7 0.6
v 1.6 1.7 0.5
v 1.6 1.7 0.4
v 1.6 1.7 0.2
v 1.6 1.7 -0.0999999
v 1.6 1.7 -0.2
v 1.6 1.7 -0.3
v 1.6 1.7 -0.4
v 1.6 1.7 -0.5
v 1.6 1.7 -0.6
v 1.6 1.7 -0.7
v 1.6 1.7 -0.8
v 1.6 1.7 -0.9
v 1.6 1.7 -1
v 1.6 1.7 -1.4
v 1.6 1.7 -1.5
v 1.6 1.7 -1.7
v 1.6 1.7 -1.8
v 1.6 1.7 -1.9
v 1.6 1.7 -2
v 1.6 1.7 -2.1
v 1.6 1.7 -2.2
v 1.6 1.7 -2.3
v 1.6 1.7 -2.4
v 1.6 1.7 -2.5
v 1.6 1.7 -2.6
v 1.6 1.7 -2.7
v 1.6 1.7 -2.8
v 1.6 1.8 1.8
v 1.6 1.8 1.7
v 1.6 1.8 1.6
v 1.6 1.8 1.5
v 1.6 1.8 1.3
v 1.6 1.8 1.2
v 1.6 1.8 1.1
v 1.6 1.8 1
v 1.6 1.8 0.9
v 1.6 1.8 0.6
v 1.6 1.8 0.5
v 1.6 1.8 0.3
v 1.6 1.8 0.0999999
v 1.6 1.8 -0.0999999
v 1.6 1.8 -0.2
v 1.6 1.8 -0.4
v 1.6 1.8 -0.5
v 1.6 1.8 -0.6
v 1.6 1.8 -0.7
v 1.6 1.8 -0.9
v 1.6 1.8 -1
v 1.6 1.8 -1.2
v 1.6 1.8 -1.3
v 1.6 1.8 -1.5
v 1.6 1.8 -1.6
v 1.6 1.8 -1.7
v 1.6 1.8 -1.8
v 1.6 1.8 -1.9
v 1.6 1.8 -2
v 1.6 1.8 -2.1
v 1.6 1.8 -2.2
v 1.6 1.8 -2.3
v 1.6 1.8 -2.4
v 1.6 1.8 -2.5
v 1.6 1.8 -2.6
v 1.6 1.8 -2.7
v 1.6 1.8 -2.8
v 1.6 1.9 2.3
v 1.6 1.9 2.2
v 1.6 1.9 2.1
v 1.6 1.9 1.8
v 1.6 1.9 1.7
v 1.6 1.9 1.6
v 1.6 1.9 1.5
v 1.6 1.9 1.3
v 1.6 1.9 1.2
v 1.6 1.9 1.1
v 1.6 1.9 1
v 1.6 1.9 0.9
v 1.6 1.9 0.6
v 1.6 1.9 0.5
v 1.6 1.9 0.3
v 1.6 1.9 0.0999999
v 1.6 1.9 -0.0999999
v 1.6 1.9 -0.2
v 1.6 1.9 -0.4
v 1.6 1.9 -0.5
v 1.6 1.9 -0.6
v 1.6 1.9 -0.7
v 1.6 1.9 -0.9
v 1.6 1.9 -1
v 1.6 1.9 -1.2
v 1.6 1.9 -1.3
v 1.6 1.9 -1.5
v 1.6 1.9 -1.6
v 1.6 1.9 -1.7
v 1.6 1.9 -1.8
v 1.6 1.9 -1.9
v 1.6 1.9 -2
v 1.6 1.9 -2.1
v 1.6 1.9 -2.2
v 1.6 1.9 -2.3
v 1.6 1.9 -2.4
v 1.6 1.9 -2.5
v 1.6 1.9 -2.6
v 1.6 1.9 -2.7
v 1.6 1.9 -2.8
v 1.6 2 2.3
v 1.6 2 2.2
v 1.6 2 2.1
v 1.6 2.1 2.3
v 1.6 2.1 2.2
v 1.6 2.2 2.3
v 1.6 2.2 2.1
v 1.6 2.4 2.3
v 1.6 2.4 2.1
v 1.7 1.9 2.1
v 1.7 1.9 2
v 1.7 1.9 1.9
v 1.7 1.9 -2.5
v 1.7 1.9 -2.6
v 1.7 2 2.1
v 1.7 2 2
v 1.7 2 1.9
v 1.7 2 -2.6
v 1.7 2.1 2.1
v 1.7 2.1 2
v 1.7 2.1 -2.5
v 1.7 2.1 -2.6
v 1.7 2.2 2.1
v 1.7 2.2 1.9
v 1.7 2.2 -2.5
v 1.7 2.2 -2.6
v 1.7 2.4 2.1
v 1.7 2.4 1.9
v 1.7 2.4 -2.5
v 1.7 2.4 -2.6
v 1.8 1.9 1.9
v 1.8 1.9 1.8
v 1.8 1.9 1.7
v 1.8 1.9 1.6
v 1.8 1.9 1.5
v 1.8 1.9 1.4
v 1.8 1.9 1.3
v 1.8 1.9 1.2
v 1.8 1.9 1.1
v 1.8 1.9 1
v 1.8 1.9 0.9
v 1.8 1.9 0.8
v 1.8 1.9 0.6
v 1.8 1.9 0.5
v 1.8 1.9 0.4
v 1.8 1.9 0.3
v 1.8 1.9 0.2
v 1.8 1.9 0.0999999
v 1.8 1.9 -0.0999999
v 1.8 1.9 -0.2
v 1.8 1.9 -0.3
v 1.8 1.9 -0.4
v 1.8 1.9 -0.5
v 1.8 1.9 -0.6
v 1.8 1.9 -0.7
v 1.8 1.9 -0.8
v 1.8 1.9 -0.9
v 1.8 1.9 -1
v 1.8 1.9 -1.1
v 1.8 1.9 -1.2
v 1.8 1.9 -1.4
v 1.8 1.9 -1.5
v 1.8 1.9 -1.6
v 1.8 1.9 -1.7
v 1.8 1.9 -1.8
v 1.8 1.9 -1.9
v 1.8 1.9 -2
v 1.8 1.9 -2.1
v 1.8 1.9 -2.3
v 1.8 1.9 -2.4
v 1.8 1.9 -2.5
v 1.8 2 1.9
v 1.8 2 1.8
v 1.8 2 1.7
v 1.8 2 1.6
v 1.8 2 1
v 1.8 2 0.9
v 1.8 2 0.8
v 1.8 2 0.6
v 1.8 2 0.5
v 1.8 2 0.4
v 1.8 2 0.3
v 1.8 2 0.2
v 1.8 2 0.0999999
v 1.8 2 0
v 1.8 2 -0.0999999
v 1.8 2 -0.2
v 1.8 2 -0.5
v 1.8 2 -0.6
v 1.8 2 -0.7
v 1.8 2 -0.8
v 1.8 2 -1
v 1.8 2 -1.1
v 1.8 2 -1.2
v 1.8 2 -1.3
v 1.8 2 -1.4
v 1.8 2 -1.5
v 1.8 2 -1.6
v 1.8 2 -1.9
v 1.8 2 -2
v 1.8 2 -2.2
v 1.8 2 -2.3
v 1.8 2 -2.4
v 1.8 2 -2.5
v 1.8 2.1 1.9
v 1.8 2.1 1.8
v 1.8 2.1 1.7
v 1.8 2.1 1.6
v 1.8 2.1 1.4
v 1.8 2.1 1.3
v 1.8 2.1 1.2
v 1.8 2.1 1.1
v 1.8 2.1 1
v 1.8 2.1 0.7
v 1.8 2.1 0.6
v 1.8 2.1 0.5
v 1.8 2.1 0.4
v 1.8 2.1 0.3
v 1.8 2.1 0.2
v 1.8 2.1 0
v 1.8 2.1 -0.0999999
v 1.8 2.1 -0.2
v 1.8 2.1 -0.3
v 1.8 2.1 -0.4
v 1.8 2.1 -0.5
v 1.8 2.1 -0.6
v 1.8 2.1 -0.9
v 1.8 2.1 -1
v 1.8 2.1 -1.2
v 1.8 2.1 -1.3
v 1.8 2.1 -1.4
v 1.8 2.1 -1.5
v 1.8 2.1 -1.6
v 1.8 2.1 -1.7
v 1.8 2.1 -1.8
v 1.8 2.1 -1.9
v 1.8 2.1 -2.3
v 1.8 2.1 -2.4
v 1.8 2.1 -2.5
v 1.8 2.2 1.9
v 1.8 2.2 1.7
v 1.8 2.2 1.6
v 1.8 2.2 1.5
v 1.8 2.2 1.3
v 1.8 2.2 1.2
v 1.8 2.2 1.1
v 1.8 2.2 1
v 1.8 2.2 0.9
v 1.8 2.2 0.7
v 1.8 2.2 0.6
v 1.8 2.2 0.4
v 1.8 2.2 0.3
v 1.8 2.2 0.2
v 1.8 2.2 0.0999999
v 1.8 2.2 0
v 1.8 2.2 -0.0999999
v 1.8 2.2 -0.2
v 1.8 2.2 -0.3
v 1.8 2.2 -0.5
v 1.8 2.2 -0.6
v 1.8 2.2 -0.7
v 1.8 2.2 -0.9
v 1.8 2.2 -1
v 1.8 2.2 -1.1
v 1.8 2.2 -1.2
v 1.8 2.2 -1.3
v 1.8 2.2 -1.4
v 1.8 2.2 -1.5
v 1.8 2.2 -1.6
v 1.8 2.2 -1.7
v 1.8 2.2 -1.8
v 1.8 2.2 -1.9
v 1.8 2.2 -2
v 1.8 2.2 -2.1
v 1.8 2.2 -2.2
v 1.8 2.2 -2.3
v 1.8 2.2 -2.4
v 1.8 2.2 -2.5
v 1.8 2.3 1.9
v 1.8 2.3 1.8
v 1.8 2.3 1.7
v 1.8 2.3 1.6
v 1.8 2.3 1.5
v 1.8 2.3 1.4
v 1.8 2.3 1.3
v 1.8 2.3 1.2
v 1.8 2.3 1.1
v 1.8 2.3 1
v 1.8 2.3 0.8
v 1.8 2.3 0.6
v 1.8 2.3 0.5
v 1.8 2.3 0.4
v 1.8 2.3 0.3
v 1.8 2.3 0.2
v 1.8 2.3 0.0999999
v 1.8 2.3 0
v 1.8 2.3 -0.0999999
v 1.8 2.3 -0.2
v 1.8 2.3 -0.3
v 1.8 2.3 -0.4
v 1.8 2.3 -0.5
v 1.8 2.3 -0.6
v 1.8 2.3 -0.7
v 1.8 2.3 -0.8
v 1.8 2.3 -0.9
v 1.8 2.3 -1
v 1.8 2.3 -1.1
v 1.8 2.3 -1.2
v 1.8 2.3 -1.3
v 1.8 2.3 -1.4
v 1.8 2.3 -1.5
v 1.8 2.3 -1.6
v 1.8 2.3 -1.8
v 1.8 2.3 -1.9
v 1.8 2.3 -2
v 1.8 2.3 -2.1
v 1.8 2.4 1.9
v 1.8 2.4 1.8
v 1.8 2.4 1.7
v 1.8 2.4 1.6
v 1.8 2.4 1.5
v 1.8 2.4 1.4
v 1.8 2.4 1.3
v 1.8 2.4 1.2
v 1.8 2.4 1.1
v 1.8 2.4 1
v 1.8 2.4 0.9
v 1.8 2.4 0.8
v 1.8 2.4 0.6
v 1.8 2.4 0.5
v 1.8 2.4 0.4
v 1.8 2.4 0.3
v 1.8 2.4 0.2
v 1.8 2.4 0.0999999
v 1.8 2.4 0
v 1.8 2.4 -0.0999999
v 1.8 2.4 -0.2
v 1.8 2.4 -0.3
v 1.8 2.4 -0.4
v 1.8 2.4 -0.7
v 1.8 2.4 -0.8
v 1.8 2.4 -0.9
v 1.8 2.4 -1.1
v 1.8 2.4 -1.2
v 1.8 2.4 -1.3
v 1.8 2.4 -1.4
v 1.8 2.4 -1.5
v 1.8 2.4 -1.8
v 1.8 2.4 -1.9
v 1.8 2.4 -2
v 1.8 2.4 -2.1
v 1.8 2.4 -2.3
v 1.8 2.4 -2.4
v 1.8 2.4 -2.5
v 1.8 2.6 -0.2
v 1.8 2.6 -0.4
v 1.8 2.6 -0.7
v 1.8 2.6 -0.9
v 1.8 2.7 -0.4
v 1.8 2.7 -0.7
v -1.8 1.9 1.9
v -1.8 1.9 1.8
v -1.8 1.9 1.7
v -1.8 1.9 1.6
v -1.8 1.9 1.4
v -1.8 1.9 1.3
v -1.8 1.9 1.2
v -1.8 1.9 1.1
v -1.8 1.9 1
v -1.8 1.9 0.9
v -1.8 1.9 0.8
v -1.8 1.9 0.7
v -1.8 1.9 0.6
v -1.8 1.9 0.5
v -1.8 1.9 0.4
v -1.8 1.9 0.3
v -1.8 1.9 0.2
v -1.8 1.9 0
v -1.8 1.9 -0.0999999
v -1.8 1.9 -0.3
v -1.8 1.9 -0.5
v -1.8 1.9 -0.6
v -1.8 1.9 -0.7
v -1.8 1.9 -0.8
v -1.8 1.9 -0.9
v -1.8 1.9 -1
v -1.8 1.9 -1.1
v -1.8 1.9 -1.2
v -1.8 1.9 -1.3
v -1.8 1.9 -1.5
v -1.8 1.9 -1.6
v -1.8 1.9 -1.8
v -1.8 1.9 -1.9
v -1.8 1.9 -2.2
v -1.8 1.9 -2.3
v -1.8 1.9 -2.4
v -1.8 1.9 -2.5
v -1.8 2 1.9
v -1.8 2 1.8
v -1.8 2 1.7
v -1.8 2 1.6
v -1.8 2 1.5
v -1.8 2 1.4
v -1.8 2 1.2
v -1.8 2 1.1
v -1.8 2 1
v -1.8 2 0.7
v -1.8 2 0.6
v -1.8 2 0.5
v -1.8 2 0.4
v -1.8 2 0.3
v -1.8 2 0.2
v -1.8 2 0.0999999
v -1.8 2 0
v -1.8 2 -0.0999999
v -1.8 2 -0.2
v -1.8 2 -0.3
v -1.8 2 -0.5
v -1.8 2 -0.6
v -1.8 2 -0.8
v -1.8 2 -0.9
v -1.8 2 -1
v -1.8 2 -1.1
v -1.8 2 -1.2
v -1.8 2 -1.4
v -1.8 2 -1.5
v -1.8 2 -1.6
v -1.8 2 -2
v -1.8 2 -2.1
v -1.8 2 -2.2
v -1.8 2 -2.3
v -1.8 2 -2.4
v -1.8 2 -2.5
v -1.8 2.1 1.9
v -1.8 2.1 1.7
v -1.8 2.1 1.6
v -1.8 2.1 1.5
v -1.8 2.1 1.4
v -1.8 2.1 1.3
v -1.8 2.1 1.2
v -1.8 2.1 1
v -1.8 2.1 0.9
v -1.8 2.1 0.8
v -1.8 2.1 0.7
v -1.8 2.1 0.6
v -1.8 2.1 0.5
v -1.8 2.1 0.4
v -1.8 2.1 0.3
v -1.8 2.1 0.2
v -1.8 2.1 0.0999999
v -1.8 2.1 0
v -1.8 2.1 -0.0999999
v -1.8 2.1 -0.2
v -1.8 2.1 -0.3
v -1.8 2.1 -0.5
v -1.8 2.1 -0.6
v -1.8 2.1 -0.7
v -1.8 2.1 -0.8
v -1.8 2.1 -0.9
v -1.8 2.1 -1
v -1.8 2.1 -1.1
v -1.8 2.1 -1.2
v -1.8 2.1 -1.4
v -1.8 2.1 -1.6
v -1.8 2.1 -1.7
v -1.8 2.1 -1.8
v -1.8 2.1 -1.9
v -1.8 2.1 -2
v -1.8 2.1 -2.1
v -1.8 2.1 -2.2
v -1.8 2.2 1.9
v -1.8 2.2 1.6
v -1.8 2.2 1.5
v -1.8 2.2 1.3
v -1.8 2.2 1.2
v -1.8 2.2 1.1
v -1.8 2.2 1
v -1.8 2.2 0.9
v -1.8 2.2 0.8
v -1.8 2.2 0.7
v -1.8 2.2 0.5
v -1.8 2.2 0.4
v -1.8 2.2 0.3
v -1.8 2.2 0.0999999
v -1.8 2.2 0
v -1.8 2.2 -0.0999999
v -1.8 2.2 -0.2
v -1.8 2.2 -0.3
v -1.8 2.2 -0.4
v -1.8 2.2 -0.5
v -1.8 2.2 -0.6
v -1.8 2.2 -0.7
v -1.8 2.2 -0.8
v -1.8 2.2 -0.9
v -1.8 2.2 -1
v -1.8 2.2 -1.2
v -1.8 2.2 -1.4
v -1.8 2.2 -1.6
v -1.8 2.2 -1.7
v -1.8 2.2 -1.8
v -1.8 2.2 -1.9
v -1.8 2.2 -2
v -1.8 2.2 -2.1
v -1.8 2.2 -2.2
v -1.8 2.2 -2.3
v -1.8 2.2 -2.4
v -1.8 2.2 -2.5
v -1.8 2.3 1.9
v -1.8 2.3 1.8
v -1.8 2.3 1.7
v -1.8 2.3 1.6
v -1.8 2.3 1.5
v -1.8 2.3 1.4
v -1.8 2.3 1.3
v -1.8 2.3 1.1
v -1.8 2.3 1
v -1.8 2.3 0.9
v -1.8 2.3 0.8
v -1.8 2.3 0.7
v -1.8 2.3 0.6
v -1.8 2.3 0.4
v -1.8 2.3 0.3
v -1.8 2.3 0.2
v -1.8 2.3 -0.0999999
v -1.8 2.3 -0.2
v -1.8 2.3 -0.3
v -1.8 2.3 -0.4
v -1.8 2.3 -0.5
v -1.8 2.3 -0.6
v -1.8 2.3 -0.7
v -1.8 2.3 -0.9
v -1.8 2.3 -1
v -1.8 2.3 -1.2
v -1.8 2.3 -1.4
v -1.8 2.3 -1.5
v -1.8 2.3 -1.6
v -1.8 2.3 -1.7
v -1.8 2.3 -1.8
v -1.8 2.3 -1.9
v -1.8 2.3 -2
v -1.8 2.3 -2.2
v -1.8 2.3 -2.3
v -1.8 2.4 1.9
v -1.8 2.4 1.7
v -1.8 2.4 1.6
v -1.8 2.4 1.5
v -1.8 2.4 1.4
v -1.8 2.4 1.3
v -1.8 2.4 0.9
v -1.8 2.4 0.8
v -1.8 2.4 0.7
v -1.8 2.4 0.6
v -1.8 2.4 0.5
v -1.8 2.4 0.3
v -1.8 2.4 0.2
v -1.8 2.4 -0.0999999
v -1.8 2.4 -0.2
v -1.8 2.4 -0.3
v -1.8 2.4 -0.4
v -1.8 2.4 -0.7
v -1.8 2.4 -0.8
v -1.8 2.4 -0.9
v -1.8 2.4 -1
v -1.8 2.4 -1.2
v -1.8 2.4 -1.4
v -1.8 2.4 -1.5
v -1.8 2.4 -1.7
v -1.8 2.4 -1.8
v -1.8 2.4 -1.9
v -1.8 2.4 -2.2
v -1.8 2.4 -2.3
v -1.8 2.4 -2.4
v -1.8 2.4 -2.5
v -1.8 2.6 -0.2
v -1.8 2.6 -0.4
v -1.8 2.6 -0.7
v -1.8 2.6 -0.9
v -1.8 2.7 -0.4
v -1.8 2.7 -0.7
v -1.7 1.4 1.4
v -1.7 1.4 1.3
v -1.7 1.4 1.2
v -1.7 1.4 1
v -1.7 1.4 0.9
v -1.7 1.4 0.8
v -1.7 1.4 0.7
v -1.7 1.4 0.6
v -1.7 1.4 0.5
v -1.7 1.4 0.4
v -1.7 1.4 0.2
v -1.7 1.4 0.0999999
v -1.7 1.4 0
v -1.7 1.4 -0.3
v -1.7 1.4 -0.6
v -1.7 1.4 -0.7
v -1.7 1.4 -0.9
v -1.7 1.4 -1
v -1.7 1.4 -1.1
v -1.7 1.4 -1.3
v -1.7 1.4 -1.4
v -1.7 1.4 -1.5
v -1.7 1.4 -1.6
v -1.7 1.4 -1.7
v -1.7 1.4 -1.8
v -1.7 1.4 -2
v -1.7 1.4 -2.1
v -1.7 1.4 -2.2
v -1.7 1.4 -2.3
v -1.7 1.4 -2.4
v -1.7 1.4 -2.5
v -1.7 1.4 -2.6
v -1.7 1.5 1.4
v -1.7 1.5 1.3
v -1.7 1.5 1.2
v -1.7 1.5 1.1
v -1.7 1.5 1
v -1.7 1.5 0.9
v -1.7 1.5 0.7
v -1.7 1.5 0.6
v -1.7 1.5 0.5
v -1.7 1.5 0.4
v -1.7 1.5 0.3
v -1.7 1.5 0.2
v -1.7 1.5 0.0999999
v -1.7 1.5 0
v -1.7 1.5 -0.0999999
v -1.7 1.5 -0.2
v -1.7 1.5 -0.3
v -1.7 1.5 -0.4
v -1.7 1.5 -0.6
v -1.7 1.5 -0.7
v -1.7 1.5 -0.8
v -1.7 1.5 -1
v -1.7 1.5 -1.1
v -1.7 1.5 -1.2
v -1.7 1.5 -1.3
v -1.7 1.5 -1.4
v -1.7 1.5 -1.5
v -1.7 1.5 -1.6
v -1.7 1.5 -1.7
v -1.7 1.5 -1.8
v -1.7 1.5 -1.9
v -1.7 1.5 -2
v -1.7 1.5 -2.1
v -1.7 1.5 -2.2
v -1.7 1.5 -2.3
v -1.7 1.5 -2.4
v -1.7 1.5 -2.5
v -1.7 1.5 -2.6
v -1.7 1.6 1.2
v -1.7 1.6 1.1
v -1.7 1.6 1
v -1.7 1.6 0.9
v -1.7 1.6 0.7
v -1.7 1.6 0.6
v -1.7 1.6 0.5
v -1.7 1.6 0.4
v -1.7 1.6 0.3
v -1.7 1.6 0.2
v -1.7 1.6 -0.0999999
v -1.7 1.6 -0.2
v -1.7 1.6 -0.4
v -1.7 1.6 -0.5
v -1.7 1.6 -0.6
v -1.7 1.6 -0.7
v -1.7 1.6 -0.8
v -1.7 1.6 -0.9
v -1.7 1.6 -1
v -1.7 1.6 -1.1
v -1.7 1.6 -1.2
v -1.7 1.6 -1.3
v -1.7 1.6 -1.4
v -1.7 1.6 -1.5
v -1.7 1.6 -1.6
v -1.7 1.6 -1.7
v -1.7 1.6 -1.8
v -1.7 1.6 -1.9
v -1.7 1.6 -2
v -1.7 1.6 -2.1
v -1.7 1.6 -2.2
v -1.7 1.6 -2.3
v -1.7 1.6 -2.4
v -1.7 1.6 -2.6
v -1.7 1.7 1.4
v -1.7 1.7 1.3
v -1.7 1.7 1.2
v -1.7 1.7 1.1
v -1.7 1.7 1
v -1.7 1.7 0.9
v -1.7 1.7 0.7
v -1.7 1.7 0.6
v -1.7 1.7 0.5
v -1.7 1.7 0.2
v -1.7 1.7 0.0999999
v -1.7 1.7 0
v -1.7 1.7 -0.0999999
v -1.7 1.7 -0.2
v -1.7 1.7 -0.3
v -1.7 1.7 -0.4
v -1.7 1.7 -0.5
v -1.7 1.7 -0.7
v -1.7 1.7 -0.8
v -1.7 1.7 -0.9
v -1.7 1.7 -1
v -1.7 1.7 -1.2
v -1.7 1.7 -1.3
v -1.7 1.7 -1.4
v -1.7 1.7 -1.5
v -1.7 1.7 -1.6
v -1.7 1.7 -1.7
v -1.7 1.7 -1.8
v -1.7 1.7 -2
v -1.7 1.7 -2.1
v -1.7 1.7 -2.2
v -1.7 1.7 -2.3
v -1.7 1.7 -2.4
v -1.7 1.7 -2.5
v -1.7 1.7 -2.6
v -1.7 1.8 1.4
v -1.7 1.8 1.3
v -1.7 1.8 1.2
v -1.7 1.8 1
v -1.7 1.8 0.9
v -1.7 1.8 0.8
v -1.7 1.8 0.7
v -1.7 1.8 0.5
v -1.7 1.8 0.4
v -1.7 1.8 0.3
v -1.7 1.8 0.2
v -1.7 1.8 -0.3
v -1.7 1.8 -0.5
v -1.7 1.8 -0.6
v -1.7 1.8 -0.7
v -1.7 1.8 -0.9
v -1.7 1.8 -1
v -1.7 1.8 -1.1
v -1.7 1.8 -1.3
v -1.7 1.8 -1.5
v -1.7 1.8 -1.6
v -1.7 1.8 -1.8
v -1.7 1.8 -1.9
v -1.7 1.8 -2.2
v -1.7 1.8 -2.3
v -1.7 1.8 -2.6
v -1.7 1.9 2.1
v -1.7 1.9 2
v -1.7 1.9 1.9
v -1.7 1.9 1.4
v -1.7 1.9 1.3
v -1.7 1.9 1.2
v -1.7 1.9 1
v -1.7 1.9 0.9
v -1.7 1.9 0.8
v -1.7 1.9 0.7
v -1.7 1.9 0.5
v -1.7 1.9 0.4
v -1.7 1.9 0.3
v -1.7 1.9 0.2
v -1.7 1.9 -0.3
v -1.7 1.9 -0.5
v -1.7 1.9 -0.6
v -1.7 1.9 -0.7
v -1.7 1.9 -0.9
v -1.7 1.9 -1
v -1.7 1.9 -1.1
v -1.7 1.9 -1.3
v -1.7 1.9 -1.5
v -1.7 1.9 -1.6
v -1.7 1.9 -1.8
v -1.7 1.9 -1.9
v -1.7 1.9 -2.2
v -1.7 1.9 -2.3
v -1.7 1.9 -2.5
v -1.7 2 2.1
v -1.7 2 1.9
v -1.7 2.1 2.1
v -1.7 2.1 2
v -1.7 2.1 1.9
v -1.7 2.1 0.9
v -1.7 2.1 0.8
v -1.7 2.1 0.7
v -1.7 2.1 0.5
v -1.7 2.1 0.4
v -1.7 2.2 2.1
v -1.7 2.2 2
v -1.7 2.2 1.9
v -1.7 2.2 0.9
v -1.7 2.2 0.8
v -1.7 2.2 0.7
v -1.7 2.2 0.5
v -1.7 2.2 0.4
v -1.7 2.2 -2.5
v -1.7 2.2 -2.6
v -1.7 2.4 2.1
v -1.7 2.4 1.9
v -1.7 2.4 -2.5
v -1.7 2.4 -2.6
v -1.6 1.4 1.5
v -1.6 1.4 1.4
v -1.6 1.6 1.5
v -1.6 1.7 1.5
v -1.6 1.7 1.4
v -1.6 1.8 1.7
v -1.6 1.8 1.6
v -1.6 1.8 1.5
v -1.6 1.8 1.4
v -1.6 1.9 2.3
v -1.6 1.9 2.2
v -1.6 1.9 2.1
v -1.6 1.9 1.7
v -1.6 1.9 1.6
v -1.6 1.9 1.5
v -1.6 1.9 1.4
v -1.6 2 2.3
v -1.6 2.1 2.3
v -1.6 2.1 2.2
v -1.6 2.2 2.3
v -1.6 2.2 2.2
v -1.6 2.2 2.1
v -1.6 2.4 2.3
v -1.6 2.4 2.1
v -1.5 1.4 -2.6
v -1.5 1.4 -2.7
v -1.5 1.5 -2.6
v -1.5 1.5 -2.7
v -1.5 1.6 -2.6
v -1.5 1.6 -2.7
v -1.5 1.7 2.1
v -1.5 1.7 2
v -1.5 1.7 1.9
v -1.5 1.7 1.8
v -1.5 1.7 1.6
v -1.5 1.7 1.5
v -1.5 1.7 -2.6
v -1.5 1.7 -2.7
v -1.5 1.8 2.1
v -1.5 1.8 1.8
v -1.5 1.8 1.7
v -1.5 1.8 1.5
v -1.5 1.8 -2.6
v -1.5 1.8 -2.7
v -1.5 1.9 2.5
v -1.5 1.9 2.4
v -1.5 1.9 2.3
v -1.5 1.9 2.1
v -1.5 1.9 1.8
v -1.5 1.9 1.7
v -1.5 2 2.5
v -1.5 2 2.4
v -1.5 2 2.3
v -1.5 2.1 2.5
v -1.5 2.1 2.4
v -1.5 2.1 2.3
v -1.5 2.1 -2.6
v -1.5 2.1 -2.7
v -1.5 2.2 2.5
v -1.5 2.2 2.3
v -1.5 2.2 -2.6
v -1.5 2.2 -2.7
v -1.5 2.4 2.5
v -1.5 2.4 2.3
v -1.5 2.4 -2.6
v -1.5 2.4 -2.7
v -1.4 1 -2.3
v -1.4 1 -2.4
v -1.4 1.1 -2.3
v -1.4 1.1 -2.4
v -1.4 1.1 -2.5
v -1.4 1.2 -2.4
v -1.4 1.2 -2.5
v -1.4 1.2 -2.6
v -1.4 1.2 -2.9
v -1.4 1.3 -2.6
v -1.4 1.3 -2.7
v -1.4 1.3 -2.8
v -1.4 1.3 -2.9
v -1.4 1.4 -2.7
v -1.4 1.4 -2.8
v -1.4 1.5 -2.7
v -1.4 1.5 -2.8
v -1.4 1.6 1.7
v -1.4 1.6 1.6
v -1.4 1.6 -2.7
v -1.4 1.6 -2.8
v -1.4 1.7 2.2
v -1.4 1.7 2.1
v -1.4 1.7 1.7
v -1.4 1.7 1.6
v -1.4 1.7 -2.7
v -1.4 1.7 -2.8
v -1.4 1.8 2.2
v -1.4 1.8 2.1
v -1.4 1.8 -2.7
v -1.4 1.8 -2.8
v -1.4 1.9 2.7
v -1.4 1.9 2.6
v -1.4 1.9 2.5
v -1.4 1.9 2.2
v -1.4 1.9 2.1
v -1.4 1.9 -2.7
v -1.4 1.9 -2.8
v -1.4 2 2.7
v -1.4 2 2.6
v -1.4 2 2.5
v -1.4 2.1 2.7
v -1.4 2.1 2.6
v -1.4 2.1 2.5
v -1.4 2.1 -2.7
v -1.4 2.1 -2.8
v -1.4 2.2 2.7
v -1.4 2.2 2.6
v -1.4 2.2 2.5
v -1.4 2.2 -2.7
v -1.4 2.2 -2.8
v -1.4 2.4 2.7
v -1.4 2.4 2.5
v -1.4 2.4 -2.7
v -1.4 2.4 -2.8
v -1.3 1 -2.2
v -1.3 1 -2.3
v -1.3 1.1 -2.2
v -1.3 1.1 -2.3
v -1.3 1.1 -2.4
v -1.3 1.2 -2.3
v -1.3 1.2 -2.4
v -1.3 1.2 -2.5
v -1.3 1.2 -2.6
v -1.3 1.3 -2.5
v -1.3 1.3 -2.6
v -1.3 1.4 1.7
v -1.3 1.4 1.5
v -1.3 1.4 -2.6
v -1.3 1.4 -2.7
v -1.3 1.5 1.7
v -1.3 1.5 1.6
v -1.3 1.5 1.5
v -1.3 1.5 -2.6
v -1.3 1.5 -2.7
v -1.3 1.6 2
v -1.3 1.6 1.9
v -1.3 1.6 1.8
v -1.3 1.6 1.7
v -1.3 1.6 1.6
v -1.3 1.6 1.5
v -1.3 1.6 -2.6
v -1.3 1.6 -2.7
v -1.3 1.7 2.4
v -1.3 1.7 2.2
v -1.3 1.7 2
v -1.3 1.7 1.9
v -1.3 1.7 1.8
v -1.3 1.7 1.7
v -1.3 1.7 1.6
v -1.3 1.7 1.5
v -1.3 1.7 -2.6
v -1.3 1.7 -2.7
v -1.3 1.8 2.4
v -1.3 1.8 2.3
v -1.3 1.8 2.2
v -1.3 1.8 -2.6
v -1.3 1.8 -2.7
v -1.3 1.9 2.9
v -1.3 1.9 2.8
v -1.3 1.9 2.7
v -1.3 1.9 2.4
v -1.3 1.9 2.3
v -1.3 1.9 2.2
v -1.3 1.9 -2.6
v -1.3 1.9 -2.7
v -1.3 1.9 -2.8
v -1.3 1.9 -2.9
v -1.3 2 2.9
v -1.3 2 2.8
v -1.3 2 2.7
v -1.3 2 -2.6
v -1.3 2 -2.7
v -1.3 2 -2.8
v -1.3 2 -2.9
v -1.3 2.1 2.8
v -1.3 2.1 2.7
v -1.3 2.1 -2.6
v -1.3 2.1 -2.7
v -1.3 2.1 -2.8
v -1.3 2.2 2.9
v -1.3 2.2 2.8
v -1.3 2.2 2.7
v -1.3 2.2 -2.8
v -1.3 2.2 -2.9
v -1.3 2.4 2.9
v -1.3 2.4 2.7
v -1.3 2.4 -2.8
v -1.3 2.4 -2.9
v -1.2 0.9 -2.1
v -1.2 0.9 -2.2
v -1.2 1 -2.1
v -1.2 1 -2.2
v -1.2 1.2 -2.4
v -1.2 1.2 -2.5
v -1.2 1.3 -2.4
v -1.2 1.3 -2.5
v -1.2 1.4 1.8
v -1.2 1.4 1.7
v -1.2 1.5 1.8
v -1.2 1.5 1.7
v -1.2 1.6 2.2
v -1.2 1.6 2
v -1.2 1.6 1.8
v -1.2 1.6 1.7
v -1.2 1.7 2.6
v -1.2 1.7 2.4
v -1.2 1.7 2.2
v -1.2 1.7 2
v -1.2 1.8 2.6
v -1.2 1.8 2.5
v -1.2 1.8 2.4
v -1.2 1.9 3
v -1.2 1.9 2.9
v -1.2 1.9 2.6
v -1.2 1.9 2.5
v -1.2 1.9 2.4
v -1.2 2 3
v -1.2 2 2.9
v -1.2 2.2 3
v -1.2 2.2 2.9
v -1.2 2.4 3
v -1.2 2.4 2.9
v -1.1 1.4 1.9
v -1.1 1.4 1.8
v -1.1 1.5 1.9
v -1.1 1.5 1.8
v -1.1 1.6 2.5
v -1.1 1.6 2.4
v -1.1 1.6 2.3
v -1.1 1.6 2.2
v -1.1 1.6 1.9
v -1.1 1.6 1.8
v -1.1 1.7 2.8
v -1.1 1.7 2.7
v -1.1 1.7 2.6
v -1.1 1.7 2.5
v -1.1 1.7 2.3
v -1.1 1.7 2.2
v -1.1 1.8 2.8
v -1.1 1.8 2.7
v -1.1 1.8 2.6
v -1.1 1.9 3.2
v -1.1 1.9 3.1
v -1.1 1.9 3
v -1.1 1.9 2.8
v -1.1 1.9 2.7
v -1.1 1.9 2.6
v -1.1 2 3.2
v -1.1 2.1 3.2
v -1.1 2.1 3.1
v -1.1 2.2 3.2
v -1.1 2.2 3.1
v -1.1 2.2 3
v -1.1 2.4 3.2
v -1.1 2.4 3
v -1 1.1 -2.2
v -1 1.1 -2.3
v -1 1.2 -2.2
v -1 1.2 -2.3
v -1 1.4 2
v -1 1.4 1.9
v -1 1.6 2.7
v -1 1.6 2.6
v -1 1.6 2.5
v -1 1.6 2
v -1 1.6 1.9
v -1 1.7 3
v -1 1.7 2.9
v -1 1.7 2.8
v -1 1.7 2.7
v -1 1.7 2.6
v -1 1.7 2.5
v -1 1.8 3
v -1 1.8 2.9
v -1 1.8 2.8
v -1 1.9 3.5
v -1 1.9 3.3
v -1 1.9 3.2
v -1 1.9 3
v -1 1.9 2.9
v -1 1.9 2.8
v -1 2 3.5
v -1 2 3.3
v -1 2 3.2
v -1 2.1 3.5
v -1 2.2 3.5
v -1 2.2 3.2
v -1 2.4 3.5
v -1 2.4 3.2
v -0.9 1.4 2.1
v -0.9 1.4 2
v -0.9 1.5 2.1
v -0.9 1.6 2.9
v -0.9 1.6 2.7
v -0.9 1.6 2.1
v -0.9 1.6 2
v -0.9 1.7 3.2
v -0.9 1.7 3.1
v -0.9 1.7 3
v -0.9 1.7 2.9
v -0.9 1.7 2.7
v -0.9 1.8 3.2
v -0.9 1.8 3.1
v -0.9 1.8 3
v -0.9 1.9 3.7
v -0.9 1.9 3.6
v -0.9 1.9 3.5
v -0.9 1.9 3.2
v -0.9 1.9 3.1
v -0.9 1.9 3
v -0.9 2 3.6
v -0.9 2 3.5
v -0.9 2.1 3.7
v -0.9 2.1 3.5
v -0.9 2.2 3.7
v -0.9 2.2 3.5
v -0.9 2.4 3.7
v -0.9 2.4 3.5
v -0.8 1.4 2.3
v -0.8 1.4 2.2
v -0.8 1.4 2.1
v -0.8 1.5 2.3
v -0.8 1.5 2.2
v -0.8 1.5 2.1
v -0.8 1.6 3
v -0.8 1.6 2.9
v -0.8 1.6 2.3
v -0.8 1.6 2.1
v -0.8 1.7 3.4
v -0.8 1.7 3.3
v -0.8 1.7 3.2
v -0.8 1.7 3
v -0.8 1.7 2.9
v -0.8 1.8 3.4
v -0.8 1.8 3.3
v -0.8 1.8 3.2
v -0.8 1.9 3.9
v -0.8 1.9 3.8
v -0.8 1.9 3.7
v -0.8 1.9 3.4
v -0.8 1.9 3.3
v -0.8 1.9 3.2
v -0.8 2 3.9
v -0.8 2.1 3.9
v -0.8 2.1 3.8
v -0.8 2.2 3.9
v -0.8 2.2 3.8
v -0.8 2.2 3.7
v -0.8 2.4 3.9
v -0.8 2.4 3.7
v -0.7 1.3 -2.9
v -0.7 1.3 -3
v -0.7 1.3 -3.2
v -0.7 1.4 2.5
v -0.7 1.4 2.4
v -0.7 1.4 2.3
v -0.7 1.4 -2.9
v -0.7 1.4 -3
v -0.7 1.4 -3.2
v -0.7 1.5 2.5
v -0.7 1.5 2.4
v -0.7 1.5 2.3
v -0.7 1.5 -3
v -0.7 1.5 -3.1
v -0.7 1.5 -3.2
v -0.7 1.6 3.1
v -0.7 1.6 3
v -0.7 1.6 2.5
v -0.7 1.6 2.4
v -0.7 1.6 2.3
v -0.7 1.7 3.6
v -0.7 1.7 3.5
v -0.7 1.7 3.4
v -0.7 1.7 3.1
v -0.7 1.7 3
v -0.7 1.8 3.6
v -0.7 1.8 3.5
v -0.7 1.8 3.4
v -0.7 1.9 4.2
v -0.7 1.9 4.1
v -0.7 1.9 4
v -0.7 1.9 3.9
v -0.7 1.9 3.6
v -0.7 1.9 3.5
v -0.7 1.9 3.4
v -0.7 2 4.2
v -0.7 2 4.1
v -0.7 2 4
v -0.7 2 3.9
v -0.7 2.1 4.2
v -0.7 2.1 4.1
v -0.7 2.1 4
v -0.7 2.1 3.9
v -0.7 2.2 4.2
v -0.7 2.2 4
v -0.7 2.2 3.9
v -0.7 2.4 4.2
v -0.7 2.4 3.9
v -0.6 1.4 2.7
v -0.6 1.4 2.5
v -0.6 1.5 2.7
v -0.6 1.5 2.6
v -0.6 1.6 3.2
v -0.6 1.6 3.1
v -0.6 1.6 2.7
v -0.6 1.6 2.6
v -0.6 1.6 2.5
v -0.6 1.7 4
v -0.6 1.7 3.8
v -0.6 1.7 3.7
v -0.6 1.7 3.6
v -0.6 1.7 3.2
v -0.6 1.7 3.1
v -0.6 1.8 4
v -0.6 1.8 3.9
v -0.6 1.8 3.7
v -0.6 1.8 3.6
v -0.6 1.9 4.4
v -0.6 1.9 4.3
v -0.6 1.9 4.2
v -0.6 1.9 4
v -0.6 1.9 3.9
v -0.6 1.9 3.7
v -0.6 1.9 3.6
v -0.6 2 4.4
v -0.6 2 4.3
v -0.6 2.1 4.4
v -0.6 2.1 4.3
v -0.6 2.1 4.2
v -0.6 2.2 4.4
v -0.6 2.2 4.3
v -0.6 2.2 4.2
v -0.6 2.4 4.4
v -0.6 2.4 4.2
v -0.5 1.4 2.9
v -0.5 1.4 2.7
v -0.5 1.5 2.9
v -0.5 1.5 2.7
v -0.5 1.6 3.4
v -0.5 1.6 3.3
v -0.5 1.6 3.2
v -0.5 1.6 2.9
v -0.5 1.6 2.7
v -0.5 1.7 4.2
v -0.5 1.7 4.1
v -0.5 1.7 4
v -0.5 1.7 3.4
v -0.5 1.7 3.3
v -0.5 1.7 3.2
v -0.5 1.8 4.2
v -0.5 1.8 4.1
v -0.5 1.8 4
v -0.5 1.9 4.5
v -0.5 1.9 4.4
v -0.5 1.9 4.2
v -0.5 1.9 4.1
v -0.5 1.9 4
v -0.5 2 4.5
v -0.5 2 4.4
v -0.5 2.1 4.5
v -0.5 2.1 4.4
v -0.5 2.2 4.5
v -0.5 2.2 4.4
v -0.5 2.4 4.5
v -0.5 2.4 4.4
v -0.4 0.8 -2.1
v -0.4 0.8 -2.2
v -0.4 0.9 -2.1
v -0.4 0.9 -2.2
v -0.4 1 -2.2
v -0.4 1 -2.3
v -0.4 1.1 -2.2
v -0.4 1.1 -2.3
v -0.4 1.1 -2.4
v -0.4 1.2 -2.3
v -0.4 1.2 -2.4
v -0.4 1.2 -2.5
v -0.4 1.2 -2.6
v -0.4 1.3 -2.5
v -0.4 1.3 -2.6
v -0.4 1.4 3.2
v -0.4 1.4 3.1
v -0.4 1.4 3
v -0.4 1.4 2.9
v -0.4 1.5 3.2
v -0.4 1.5 3.1
v -0.4 1.5 3
v -0.4 1.6 3.5
v -0.4 1.6 3.4
v -0.4 1.6 3.2
v -0.4 1.6 3.1
v -0.4 1.6 2.9
v -0.4 1.7 4.4
v -0.4 1.7 4.3
v -0.4 1.7 4.2
v -0.4 1.7 3.5
v -0.4 1.7 3.4
v -0.4 1.8 4.4
v -0.4 1.8 4.3
v -0.4 1.8 4.2
v -0.4 1.9 4.7
v -0.4 1.9 4.6
v -0.4 1.9 4.5
v -0.4 1.9 4.4
v -0.4 1.9 4.3
v -0.4 1.9 4.2
v -0.4 2 4.7
v -0.4 2 4.6
v -0.4 2 4.5
v -0.4 2.1 4.7
v -0.4 2.1 4.6
v -0.4 2.1 4.5
v -0.4 2.2 4.7
v -0.4 2.2 4.5
v -0.4 2.4 4.7
v -0.4 2.4 4.5
v -0.3 0.3 -2
v -0.3 0.3 -2.1
v -0.3 0.4 -2
v -0.3 0.4 -2.1
v -0.3 1.4 3.5
v -0.3 1.4 3.4
v -0.3 1.4 3.3
v -0.3 1.4 3.2
v -0.3 1.6 3.9
v -0.3 1.6 3.8
v -0.3 1.6 3.7
v -0.3 1.6 3.5
v -0.3 1.6 3.4
v -0.3 1.6 3.3
v -0.3 1.6 3.2
v -0.3 1.7 3.9
v -0.3 1.7 3.7
v -0.3 1.7 3.5
v -0.2 1.1 4.3
v -0.2 1.1 4.2
v -0.2 1.2 4.4
v -0.2 1.2 4.3
v -0.2 1.2 4.2
v -0.2 1.3 4.4
v -0.2 1.3 4.3
v -0.2 1.4 3.7
v -0.2 1.4 3.6
v -0.2 1.4 3.5
v -0.2 1.5 3.7
v -0.2 1.5 3.6
v -0.2 1.6 4.1
v -0.2 1.6 4
v -0.2 1.6 3.9
v -0.2 1.6 3.7
v -0.2 1.6 3.5
v -0.2 1.7 4.1
v -0.2 1.7 4
v -0.2 1.7 3.9
v -0.2 2 5.6
v -0.2 2 5.4
v -0.2 2.1 5.7
v -0.2 2.1 5.6
v -0.2 2.2 5.7
v -0.2 2.2 5.4
v -0.2 2.3 -3.2
v -0.2 2.3 -3.8
v -0.2 2.4 -2.9
v -0.2 2.4 -3.2
v -0.2 2.5 -2.9
v -0.2 2.5 -3.8
v -0.0999999 0.1 2.9
v -0.0999999 0.1 2.8
v -0.0999999 0.2 3
v -0.0999999 0.2 2.9
v -0.0999999 0.2 2.8
v -0.0999999 0.3 3.2
v -0.0999999 0.3 3.1
v -0.0999999 0.3 3
v -0.0999999 0.3 2.9
v -0.0999999 0.4 3.2
v -0.0999999 0.4 3.1
v -0.0999999 0.5 3.6
v -0.0999999 0.5 3.5
v -0.0999999 0.6 3.6
v -0.0999999 0.6 3.5
v -0.0999999 0.7 3.9
v -0.0999999 0.7 3.8
v -0.0999999 0.8 4
v -0.0999999 0.8 3.9
v -0.0999999 0.8 3.8
v -0.0999999 0.9 4.1
v -0.0999999 0.9 4
v -0.0999999 0.9 3.9
v -0.0999999 1 4.2
v -0.0999999 1 4.1
v -0.0999999 1 4
v -0.0999999 1.1 4.2
v -0.0999999 1.1 4.1
v -0.0999999 1.3 4.6
v -0.0999999 1.3 4.5
v -0.0999999 1.4 4.9
v -0.0999999 1.4 4.8
v -0.0999999 1.4 4.6
v -0.0999999 1.4 4.5
v -0.0999999 1.4 3.9
v -0.0999999 1.4 3.8
v -0.0999999 1.4 3.7
v -0.0999999 1.5 4.9
v -0.0999999 1.5 4.8
v -0.0999999 1.5 3.9
v -0.0999999 1.6 3.9
v -0.0999999 1.6 3.7
v 0 0.2 3.1
v 0 0.2 3
v 0 0.2 2.9
v 0 0.2 2.8
v 0 0.3 3.1
v 0 0.3 3
v 0 0.3 2.9
v 0 0.3 2.8
v 0 0.5 3.7
v 0 0.5 3.6
v 0 0.5 3.5
v 0 0.5 3.4
v 0 0.6 3.8
v 0 0.6 3.7
v 0 0.6 3.6
v 0 0.6 3.5
v 0 0.6 3.4
v 0 0.7 3.8
v 0 0.7 3.7
v 0 1.5 5.1
v 0 1.5 5
v 0 1.6 5.1
v 0 1.6 5
v 0.0999999 0 2.4
v 0.0999999 0 2.3
v 0.0999999 0 2.2
v 0.0999999 0 -0.3
v 0.0999999 0 -0.4
v 0.0999999 0 -0.5
v 0.0999999 0 -0.6
v 0.0999999 0 -0.7
v 0.0999999 0.1 2.4
v 0.0999999 0.1 2.3
v 0.0999999 0.1 2.2
v 0.0999999 0.1 -0.3
v 0.0999999 0.1 -0.4
v 0.0999999 0.1 -0.5
v 0.0999999 0.1 -0.6
v 0.0999999 0.1 -0.7
v 0.0999999 0.1 -1.2
v 0.0999999 0.1 -1.4
v 0.0999999 0.2 -1.2
v 0.0999999 0.2 -1.4
v 0.0999999 0.2 -1.7
v 0.0999999 0.2 -1.8
v 0.0999999 0.2 -1.9
v 0.0999999 0.3 3.2
v 0.0999999 0.3 3.1
v 0.0999999 0.3 -1.7
v 0.0999999 0.3 -1.8
v 0.0999999 0.3 -1.9
v 0.0999999 0.4 3.4
v 0.0999999 0.4 3.3
v 0.0999999 0.4 3.2
v 0.0999999 0.4 3.1
v 0.0999999 0.5 3.4
v 0.0999999 0.5 3.3
v 0.0999999 1.1 4.4
v 0.0999999 1.1 4.3
v 0.0999999 1.2 4.4
v 0.0999999 1.2 4.3
v 0.0999999 1.4 -2.1
v 0.0999999 1.4 -2.2
v 0.0999999 1.4 -2.3
v 0.0999999 1.4 -3.9
v 0.0999999 1.4 -4
v 0.0999999 1.5 4.1
v 0.0999999 1.5 4
v 0.0999999 1.5 3.9
v 0.0999999 1.5 -2.1
v 0.0999999 1.5 -2.3
v 0.0999999 1.5 -3.9
v 0.0999999 1.5 -4
v 0.0999999 1.6 4.1
v 0.0999999 1.6 3.9
v 0.0999999 1.7 4.3
v 0.0999999 1.7 4.2
v 0.0999999 1.7 4.1
v 0.0999999 1.8 4.3
v 0.0999999 1.8 4.2
v 0.0999999 1.8 4.1
v 0.0999999 1.9 4.3
v 0.0999999 1.9 4.2
v 0.0999999 1.9 4.1
v 0.0999999 2.1 4.3
v 0.0999999 2.1 4.1
v 0.0999999 2.2 4.3
v 0.0999999 2.2 4.2
v 0.0999999 2.2 4.1
v 0.0999999 2.3 4.3
v 0.0999999 2.3 4.2
v 0.0999999 2.3 4.1
v 0.2 0 2.2
v 0.2 0 2.1
v 0.2 0 2
v 0.2 0 1.6
v 0.2 0 1.5
v 0.2 0 1.3
v 0.2 0 1.1
v 0.2 0 1
v 0.2 0 0.9
v 0.2 0 0.7
v 0.2 0 0.6
v 0.2 0 0.5
v 0.2 0 0.4
v 0.2 0 0
v 0.2 0 -0.0999999
v 0.2 0 -0.3
v 0.2 0.1 2.8
v 0.2 0.1 2.7
v 0.2 0.1 2.6
v 0.2 0.1 2.5
v 0.2 0.1 2.4
v 0.2 0.1 2.2
v 0.2 0.1 2.1
v 0.2 0.1 2
v 0.2 0.1 1.9
v 0.2 0.1 1.7
v 0.2 0.1 1.6
v 0.2 0.1 1.5
v 0.2 0.1 1.4
v 0.2 0.1 1.3
v 0.2 0.1 1.2
v 0.2 0.1 1.1
v 0.2 0.1 1
v 0.2 0.1 0.9
v 0.2 0.1 0.8
v 0.2 0.1 0.7
v 0.2 0.1 0.6
v 0.2 0.1 0.5
v 0.2 0.1 0.4
v 0.2 0.1 0.2
v 0.2 0.1 0.0999999
v 0.2 0.1 0
v 0.2 0.1 -0.0999999
v 0.2 0.1 -0.3
v 0.2 0.1 -0.7
v 0.2 0.1 -0.9
v 0.2 0.1 -1.2
v 0.2 0.2 3.1
v 0.2 0.2 3
v 0.2 0.2 2.8
v 0.2 0.2 2.7
v 0.2 0.2 2.6
v 0.2 0.2 2.5
v 0.2 0.2 2.4
v 0.2 0.2 -0.7
v 0.2 0.2 -0.9
v 0.2 0.2 -1
v 0.2 0.2 -1.1
v 0.2 0.2 -1.2
v 0.2 0.2 -1.4
v 0.2 0.2 -1.5
v 0.2 0.2 -1.6
v 0.2 0.2 -1.7
v 0.2 0.3 3.1
v 0.2 0.3 3
v 0.2 0.3 -1.2
v 0.2 0.3 -1.3
v 0.2 0.3 -1.4
v 0.2 0.3 -1.5
v 0.2 0.3 -1.6
v 0.2 0.3 -1.7
v 0.2 0.4 3.3
v 0.2 0.4 3.2
v 0.2 0.4 -2.1
v 0.2 0.4 -2.3
v 0.2 0.4 -2.4
v 0.2 0.5 3.3
v 0.2 0.5 3.2
v 0.2 0.5 -2.1
v 0.2 0.5 -2.3
v 0.2 0.5 -2.4
v 0.2 0.5 -2.5
v 0.2 0.5 -2.6
v 0.2 0.6 3.8
v 0.2 0.6 3.7
v 0.2 0.6 -2.4
v 0.2 0.6 -2.5
v 0.2 0.6 -2.6
v 0.2 0.6 -2.8
v 0.2 0.6 -2.9
v 0.2 0.7 3.8
v 0.2 0.7 3.7
v 0.2 0.7 -2.6
v 0.2 0.7 -2.8
v 0.2 0.7 -2.9
v 0.2 0.7 -3.1
v 0.2 0.8 4.1
v 0.2 0.8 4
v 0.2 0.8 -2.9
v 0.2 0.8 -3
v 0.2 0.8 -3.1
v 0.2 0.9 4.1
v 0.2 0.9 4
v 0.2 0.9 3.4
v 0.2 0.9 3.3
v 0.2 1 3.6
v 0.2 1 3.5
v 0.2 1 3.4
v 0.2 1 3.3
v 0.2 1.1 3.9
v 0.2 1.1 3.8
v 0.2 1.1 3.7
v 0.2 1.1 3.6
v 0.2 1.1 3.4
v 0.2 1.2 4.6
v 0.2 1.2 4.5
v 0.2 1.2 3.9
v 0.2 1.2 3.8
v 0.2 1.2 3.7
v 0.2 1.2 3.6
v 0.2 1.3 4.6
v 0.2 1.3 4.5
v 0.2 1.3 4.1
v 0.2 1.3 4
v 0.2 1.3 3.9
v 0.2 1.3 3.8
v 0.2 1.3 -3.7
v 0.2 1.3 -3.8
v 0.2 1.3 -3.9
v 0.2 1.4 4.1
v 0.2 1.4 4
v 0.2 1.4 -3.7
v 0.2 1.4 -3.8
v 0.2 1.4 -3.9
v 0.2 1.5 -3.9
v 0.2 1.5 -4
v 0.2 1.6 -3.9
v 0.2 1.6 -4
v 0.2 1.7 -3.9
v 0.2 1.7 -4
v 0.2 1.8 -3.9
v 0.2 1.8 -4
v 0.2 1.9 4.7
v 0.2 1.9 4.6
v 0.2 1.9 4.4
v 0.2 1.9 4.3
v 0.2 2 4.7
v 0.2 2 4.6
v 0.2 2 4.5
v 0.2 2 4.4
v 0.2 2 4.3
v 0.2 2.1 4.7
v 0.2 2.1 4.6
v 0.2 2.1 4.5
v 0.2 2.1 4.3
v 0.2 2.3 4.3
v 0.2 2.3 4.1
v 0.2 2.4 4.3
v 0.2 2.4 4.1
v 0.3 0.1 2.4
v 0.3 0.1 2.1
v 0.3 0.1 2
v 0.3 0.1 1.9
v 0.3 0.1 1.7
v 0.3 0.1 1.5
v 0.3 0.1 1.4
v 0.3 0.1 1.3
v 0.3 0.1 1.2
v 0.3 0.1 1.1
v 0.3 0.1 1
v 0.3 0.1 0.9
v 0.3 0.1 0.8
v 0.3 0.1 0.7
v 0.3 0.1 0.6
v 0.3 0.1 0.5
v 0.3 0.1 0.4
v 0.3 0.1 0.2
v 0.3 0.1 0.0999999
v 0.3 0.1 -0.0999999
v 0.3 0.1 -0.3
v 0.3 0.1 -0.5
v 0.3 0.1 -0.7
v 0.3 0.2 2.9
v 0.3 0.2 2.8
v 0.3 0.2 2.7
v 0.3 0.2 2.6
v 0.3 0.2 2.4
v 0.3 0.2 2.3
v 0.3 0.2 2.2
v 0.3 0.2 2.1
v 0.3 0.2 2
v 0.3 0.2 1.9
v 0.3 0.2 1.8
v 0.3 0.2 1.7
v 0.3 0.2 1.5
v 0.3 0.2 1.4
v 0.3 0.2 1.3
v 0.3 0.2 1.2
v 0.3 0.2 1.1
v 0.3 0.2 1
v 0.3 0.2 0.9
v 0.3 0.2 0.8
v 0.3 0.2 0.7
v 0.3 0.2 0.6
v 0.3 0.2 0.5
v 0.3 0.2 0.4
v 0.3 0.2 0.3
v 0.3 0.2 0.2
v 0.3 0.2 0.0999999
v 0.3 0.2 -0.0999999
v 0.3 0.2 -0.2
v 0.3 0.2 -0.3
v 0.3 0.2 -0.4
v 0.3 0.2 -0.5
v 0.3 0.2 -0.6
v 0.3 0.2 -0.7
v 0.3 0.2 -0.9
v 0.3 0.2 -1
v 0.3 0.2 -1.1
v 0.3 0.2 -1.2
v 0.3 0.3 3.2
v 0.3 0.3 2.9
v 0.3 0.3 2.8
v 0.3 0.3 2.7
v 0.3 0.3 2.6
v 0.3 0.3 2.4
v 0.3 0.3 2.3
v 0.3 0.3 2.2
v 0.3 0.3 2.1
v 0.3 0.3 2
v 0.3 0.3 1.8
v 0.3 0.3 1.7
v 0.3 0.3 1.5
v 0.3 0.3 1.4
v 0.3 0.3 1.3
v 0.3 0.3 1
v 0.3 0.3 0.9
v 0.3 0.3 0.6
v 0.3 0.3 0.3
v 0.3 0.3 0.0999999
v 0.3 0.3 -0.2
v 0.3 0.3 -0.3
v 0.3 0.3 -0.4
v 0.3 0.3 -0.5
v 0.3 0.3 -0.6
v 0.3 0.3 -0.7
v 0.3 0.3 -0.9
v 0.3 0.3 -1
v 0.3 0.3 -1.1
v 0.3 0.3 -1.2
v 0.3 0.4 3.2
v 0.3 0.4 3
v 0.3 0.4 2.8
v 0.3 0.4 2.7
v 0.3 0.4 2.5
v 0.3 0.4 2.4
v 0.3 0.4 2.3
v 0.3 0.4 2.2
v 0.3 0.4 2.1
v 0.3 0.5 3.5
v 0.3 0.5 3.3
v 0.3 0.5 3.2
v 0.3 0.5 3.1
v 0.3 0.5 3
v 0.3 0.5 2.9
v 0.3 0.5 2.8
v 0.3 0.5 2.7
v 0.3 0.5 2.6
v 0.3 0.5 2.5
v 0.3 0.5 2.4
v 0.3 0.5 2.3
v 0.3 0.5 2.2
v 0.3 0.5 -2.1
v 0.3 0.5 -2.3
v 0.3 0.5 -2.4
v 0.3 0.6 3.7
v 0.3 0.6 3.6
v 0.3 0.6 3.5
v 0.3 0.6 3.4
v 0.3 0.6 3.3
v 0.3 0.6 3.2
v 0.3 0.6 3.1
v 0.3 0.6 3
v 0.3 0.6 2.9
v 0.3 0.6 2.8
v 0.3 0.6 2.7
v 0.3 0.6 2.6
v 0.3 0.6 2.5
v 0.3 0.6 2.4
v 0.3 0.6 -2.1
v 0.3 0.6 -2.2
v 0.3 0.6 -2.3
v 0.3 0.6 -2.4
v 0.3 0.6 -2.5
v 0.3 0.6 -2.6
v 0.3 0.7 4
v 0.3 0.7 3.7
v 0.3 0.7 3.6
v 0.3 0.7 3.5
v 0.3 0.7 3.4
v 0.3 0.7 3.3
v 0.3 0.7 3.1
v 0.3 0.7 2.9
v 0.3 0.7 2.8
v 0.3 0.7 2.7
v 0.3 0.7 2.6
v 0.3 0.7 -2.1
v 0.3 0.7 -2.2
v 0.3 0.7 -2.3
v 0.3 0.7 -2.5
v 0.3 0.7 -2.6
v 0.3 0.7 -2.9
v 0.3 0.8 4
v 0.3 0.8 3.8
v 0.3 0.8 3.7
v 0.3 0.8 3.6
v 0.3 0.8 3.5
v 0.3 0.8 3.4
v 0.3 0.8 3.3
v 0.3 0.8 3.2
v 0.3 0.8 3.1
v 0.3 0.8 3
v 0.3 0.8 2.9
v 0.3 0.8 2.8
v 0.3 0.8 -2.1
v 0.3 0.8 -2.2
v 0.3 0.8 -2.3
v 0.3 0.8 -2.4
v 0.3 0.8 -2.5
v 0.3 0.8 -2.6
v 0.3 0.8 -2.7
v 0.3 0.8 -2.9
v 0.3 0.8 -3
v 0.3 0.8 -3.2
v 0.3 0.9 4.2
v 0.3 0.9 4.1
v 0.3 0.9 4
v 0.3 0.9 3.9
v 0.3 0.9 3.6
v 0.3 0.9 3.5
v 0.3 0.9 3.4
v 0.3 0.9 3.3
v 0.3 0.9 3.2
v 0.3 0.9 3.1
v 0.3 0.9 3
v 0.3 0.9 -2.3
v 0.3 0.9 -2.4
v 0.3 0.9 -2.5
v 0.3 0.9 -2.6
v 0.3 0.9 -2.7
v 0.3 0.9 -2.8
v 0.3 0.9 -2.9
v 0.3 0.9 -3
v 0.3 0.9 -3.2
v 0.3 1 4.3
v 0.3 1 4.2
v 0.3 1 4.1
v 0.3 1 4
v 0.3 1 3.9
v 0.3 1 3.8
v 0.3 1 3.7
v 0.3 1 3.6
v 0.3 1 3.5
v 0.3 1 3.4
v 0.3 1 3.3
v 0.3 1 3.2
v 0.3 1 -2.2
v 0.3 1 -2.3
v 0.3 1 -2.4
v 0.3 1 -2.5
v 0.3 1 -2.7
v 0.3 1 -2.8
v 0.3 1 -2.9
v 0.3 1 -3
v 0.3 1 -3.1
v 0.3 1 -3.2
v 0.3 1 -3.3
v 0.3 1 -3.4
v 0.3 1.1 4.4
v 0.3 1.1 4.3
v 0.3 1.1 4.2
v 0.3 1.1 4.1
v 0.3 1.1 4
v 0.3 1.1 3.9
v 0.3 1.1 3.8
v 0.3 1.1 3.7
v 0.3 1.1 3.6
v 0.3 1.1 -2.3
v 0.3 1.1 -2.4
v 0.3 1.1 -2.5
v 0.3 1.1 -2.6
v 0.3 1.1 -2.7
v 0.3 1.1 -2.8
v 0.3 1.1 -3.2
v 0.3 1.1 -3.3
v 0.3 1.1 -3.4
v 0.3 1.1 -3.5
v 0.3 1.2 4.5
v 0.3 1.2 4.4
v 0.3 1.2 4.3
v 0.3 1.2 4.2
v 0.3 1.2 4.1
v 0.3 1.2 3.9
v 0.3 1.2 -2.4
v 0.3 1.2 -2.6
v 0.3 1.2 -2.7
v 0.3 1.2 -2.9
v 0.3 1.2 -3
v 0.3 1.2 -3.1
v 0.3 1.2 -3.2
v 0.3 1.2 -3.5
v 0.3 1.2 -3.7
v 0.3 1.3 4.7
v 0.3 1.3 4.5
v 0.3 1.3 4.4
v 0.3 1.3 4.1
v 0.3 1.3 4
v 0.3 1.3 3.9
v 0.3 1.3 -2.6
v 0.3 1.3 -2.7
v 0.3 1.3 -2.8
v 0.3 1.3 -2.9
v 0.3 1.3 -3.1
v 0.3 1.3 -3.2
v 0.3 1.3 -3.3
v 0.3 1.3 -3.5
v 0.3 1.3 -3.7
v 0.3 1.4 4.8
v 0.3 1.4 4.7
v 0.3 1.4 4.6
v 0.3 1.4 4.5
v 0.3 1.4 4.3
v 0.3 1.4 4.1
v 0.3 1.4 -2.9
v 0.3 1.4 -3
v 0.3 1.4 -3.1
v 0.3 1.4 -3.2
v 0.3 1.4 -3.3
v 0.3 1.4 -3.4
v 0.3 1.4 -3.5
v 0.3 1.4 -3.7
v 0.3 1.4 -3.8
v 0.3 1.4 -3.9
v 0.3 1.5 5
v 0.3 1.5 4.9
v 0.3 1.5 4.8
v 0.3 1.5 4.7
v 0.3 1.5 4.6
v 0.3 1.5 4.4
v 0.3 1.5 4.3
v 0.3 1.5 4.1
v 0.3 1.5 -3
v 0.3 1.5 -3.1
v 0.3 1.5 -3.2
v 0.3 1.5 -3.3
v 0.3 1.5 -3.4
v 0.3 1.5 -3.5
v 0.3 1.5 -3.6
v 0.3 1.5 -3.7
v 0.3 1.5 -3.8
v 0.3 1.5 -3.9
v 0.3 1.6 5.1
v 0.3 1.6 5
v 0.3 1.6 4.8
v 0.3 1.6 4.7
v 0.3 1.6 4.6
v 0.3 1.6 4.5
v 0.3 1.6 4.3
v 0.3 1.6 -3.2
v 0.3 1.6 -3.5
v 0.3 1.6 -3.6
v 0.3 1.6 -3.7
v 0.3 1.6 -3.8
v 0.3 1.6 -3.9
v 0.3 1.7 5.1
v 0.3 1.7 5
v 0.3 1.7 4.9
v 0.3 1.7 4.8
v 0.3 1.7 4.7
v 0.3 1.7 4.6
v 0.3 1.7 4.5
v 0.3 1.7 4.4
v 0.3 1.7 4.3
v 0.3 1.7 -3.2
v 0.3 1.7 -3.4
v 0.3 1.7 -3.5
v 0.3 1.7 -3.6
v 0.3 1.7 -3.7
v 0.3 1.7 -3.9
v 0.3 1.8 5.2
v 0.3 1.8 5.1
v 0.3 1.8 4.9
v 0.3 1.8 4.8
v 0.3 1.8 4.7
v 0.3 1.8 4.4
v 0.3 1.8 4.3
v 0.3 1.8 -3.2
v 0.3 1.8 -3.3
v 0.3 1.8 -3.5
v 0.3 1.8 -3.6
v 0.3 1.8 -3.7
v 0.3 1.8 -3.8
v 0.3 1.8 -3.9
v 0.3 1.9 5.3
v 0.3 1.9 5.2
v 0.3 1.9 5.1
v 0.3 1.9 5
v 0.3 1.9 4.9
v 0.3 1.9 4.8
v 0.3 1.9 4.4
v 0.3 1.9 4.3
v 0.3 1.9 -3.2
v 0.3 1.9 -3.3
v 0.3 1.9 -3.4
v 0.3 1.9 -3.5
v 0.3 1.9 -3.6
v 0.3 1.9 -3.7
v 0.3 1.9 -3.8
v 0.3 1.9 -3.9
v 0.3 2 5.4
v 0.3 2 5.3
v 0.3 2 5.2
v 0.3 2 5.1
v 0.3 2 5
v 0.3 2 4.9
v 0.3 2 -3.2
v 0.3 2 -3.3
v 0.3 2 -3.4
v 0.3 2 -3.6
v 0.3 2 -3.7
v 0.3 2 -3.8
v 0.3 2 -3.9
v 0.3 2.1 5.1
v 0.3 2.1 5
v 0.3 2.1 4.7
v 0.3 2.1 4.5
v 0.3 2.1 4.3
v 0.3 2.1 -3.2
v 0.3 2.1 -3.3
v 0.3 2.1 -3.4
v 0.3 2.1 -3.5
v 0.3 2.1 -3.6
v 0.3 2.1 -3.7
v 0.3 2.1 -3.8
v 0.3 2.1 -3.9
v 0.3 2.2 5.7
v 0.3 2.2 5.4
v 0.3 2.2 4.7
v 0.3 2.2 4.5
v 0.3 2.2 4.3
v 0.3 2.2 -3.2
v 0.3 2.2 -3.3
v 0.3 2.2 -3.4
v 0.3 2.2 -3.7
v 0.3 2.2 -3.8
v 0.3 2.2 -3.9
v 0.3 2.3 5.1
v 0.3 2.3 5
v 0.3 2.3 -3.2
v 0.3 2.3 -3.9
v 0.3 2.4 5.7
v 0.3 2.4 5
v 0.3 2.4 4.7
v 0.3 2.4 4.3
v 0.4 0.3 2.1
v 0.4 0.3 2
v 0.4 0.3 1.8
v 0.4 0.3 -2.1
v 0.4 0.4 2.1
v 0.4 0.4 2
v 0.4 0.4 1.8
v 0.4 0.4 1.7
v 0.4 0.4 1.6
v 0.4 0.4 1
v 0.4 0.4 0.9
v 0.4 0.4 0.7
v 0.4 0.4 0.5
v 0.4 0.4 0.4
v 0.4 0.4 0.2
v 0.4 0.4 0.0999999
v 0.4 0.4 0
v 0.4 0.4 -0.0999999
v 0.4 0.4 -0.2
v 0.4 0.4 -0.3
v 0.4 0.4 -0.4
v 0.4 0.4 -0.5
v 0.4 0.4 -0.6
v 0.4 0.4 -0.8
v 0.4 0.4 -1
v 0.4 0.4 -1.1
v 0.4 0.4 -1.2
v 0.4 0.4 -1.3
v 0.4 0.4 -1.4
v 0.4 0.4 -1.5
v 0.4 0.4 -1.6
v 0.4 0.4 -1.7
v 0.4 0.4 -2.1
v 0.4 0.9 3.2
v 0.4 0.9 3.1
v 0.4 1 3.4
v 0.4 1 3.3
v 0.4 1 3.2
v 0.4 1 3.1
v 0.4 1.1 3.6
v 0.4 1.1 3.5
v 0.4 1.1 3.4
v 0.4 1.1 3.3
v 0.4 1.2 3.8
v 0.4 1.2 3.7
v 0.4 1.2 3.6
v 0.4 1.2 3.5
v 0.4 1.3 4
v 0.4 1.3 3.9
v 0.4 1.3 3.8
v 0.4 1.3 3.7
v 0.4 1.4 4
v 0.4 1.4 3.9
v 0.4 1.5 4.3
v 0.4 1.5 4.2
v 0.4 1.6 4.5
v 0.4 1.6 4.4
v 0.4 1.6 4.3
v 0.4 1.6 4.2
v 0.4 1.7 4.7
v 0.4 1.7 4.5
v 0.4 1.7 4.4
v 0.4 1.8 4.8
v 0.4 1.8 4.7
v 0.4 1.8 4.6
v 0.4 1.8 4.5
v 0.4 1.9 4.9
v 0.4 1.9 4.8
v 0.4 1.9 4.7
v 0.4 2 5
v 0.4 2 4.9
v 0.4 2 4.8
v 0.4 2.1 5.1
v 0.4 2.1 5
v 0.4 2.2 4.9
v 0.4 2.3 5.1
v 0.4 2.3 5
v 0.4 2.4 5
v 0.4 2.4 4.9
v 0.5 0.3 2
v 0.5 0.3 1.9
v 0.5 0.4 2.2
v 0.5 0.4 2.1
v 0.5 0.4 2
v 0.5 0.4 1.9
v 0.5 0.5 2.4
v 0.5 0.5 2.3
v 0.5 0.5 2.2
v 0.5 0.5 2.1
v 0.5 0.6 2.6
v 0.5 0.6 2.5
v 0.5 0.6 2.4
v 0.5 0.6 2.3
v 0.5 0.7 2.8
v 0.5 0.7 2.7
v 0.5 0.7 2.6
v 0.5 0.7 2.5
v 0.5 0.8 3
v 0.5 0.8 2.9
v 0.5 0.8 2.8
v 0.5 0.8 2.7
v 0.5 0.8 -2.1
v 0.5 0.8 -2.2
v 0.5 0.9 3
v 0.5 0.9 2.9
v 0.5 0.9 -2.1
v 0.5 0.9 -2.2
v 0.5 1 -2.2
v 0.5 1 -2.3
v 0.5 1.1 3.5
v 0.5 1.1 3.4
v 0.5 1.1 -2.2
v 0.5 1.1 -2.3
v 0.5 1.1 -2.4
v 0.5 1.2 3.7
v 0.5 1.2 3.6
v 0.5 1.2 3.5
v 0.5 1.2 3.4
v 0.5 1.2 -2.3
v 0.5 1.2 -2.4
v 0.5 1.2 -2.5
v 0.5 1.2 -2.6
v 0.5 1.3 3.9
v 0.5 1.3 3.8
v 0.5 1.3 3.7
v 0.5 1.3 3.6
v 0.5 1.3 -2.5
v 0.5 1.3 -2.6
v 0.5 1.4 4.1
v 0.5 1.4 3.9
v 0.5 1.4 3.8
v 0.5 1.5 4.2
v 0.5 1.5 4.1
v 0.5 1.5 4
v 0.5 1.5 3.9
v 0.5 1.6 4.4
v 0.5 1.6 4.2
v 0.5 1.6 4.1
v 0.5 1.7 4.5
v 0.5 1.7 4.4
v 0.5 1.7 4.2
v 0.5 1.8 4.7
v 0.5 1.8 4.6
v 0.5 1.8 4.5
v 0.5 1.8 4.4
v 0.5 1.9 4.8
v 0.5 1.9 4.7
v 0.5 1.9 4.6
v 0.5 1.9 4.5
v 0.5 2 4.9
v 0.5 2 4.8
v 0.5 2 4.7
v 0.5 2 4.6
v 0.5 2.1 4.7
v 0.5 2.2 4.9
v 0.5 2.2 4.8
v 0.5 2.2 4.7
v 0.5 2.4 4.9
v 0.5 2.4 4.7
v 0.6 0.4 -2
v 0.6 0.4 -2.1
v 0.6 0.5 -2
v 0.6 0.5 -2.1
v 0.6 0.6 2.5
v 0.6 0.6 2.4
v 0.6 0.6 -2
v 0.6 0.6 -2.1
v 0.6 0.7 2.7
v 0.6 0.7 2.6
v 0.6 0.7 2.5
v 0.6 0.7 2.4
v 0.6 0.7 -2
v 0.6 0.7 -2.1
v 0.6 0.8 2.9
v 0.6 0.8 2.8
v 0.6 0.8 2.7
v 0.6 0.8 2.6
v 0.6 0.8 -2
v 0.6 0.8 -2.1
v 0.6 0.9 3.1
v 0.6 0.9 3
v 0.6 0.9 2.9
v 0.6 0.9 2.8
v 0.6 0.9 -2.1
v 0.6 0.9 -2.2
v 0.6 1 3.3
v 0.6 1 3.2
v 0.6 1 3.1
v 0.6 1 3
v 0.6 1 -2.1
v 0.6 1 -2.2
v 0.6 1.1 3.4
v 0.6 1.1 3.3
v 0.6 1.1 3.2
v 0.6 1.2 3.6
v 0.6 1.2 3.5
v 0.6 1.2 3.4
v 0.6 1.2 3.3
v 0.6 1.2 -2.4
v 0.6 1.2 -2.5
v 0.6 1.3 3.8
v 0.6 1.3 3.7
v 0.6 1.3 3.6
v 0.6 1.3 3.5
v 0.6 1.3 -2.4
v 0.6 1.3 -2.5
v 0.6 1.4 3.9
v 0.6 1.4 3.8
v 0.6 1.4 3.7
v 0.6 1.5 4.1
v 0.6 1.5 4
v 0.6 1.5 3.9
v 0.6 1.5 3.8
v 0.6 1.6 4.2
v 0.6 1.6 4.1
v 0.6 1.6 4
v 0.6 1.7 4.4
v 0.6 1.7 4.2
v 0.6 1.7 4.1
v 0.6 1.8 4.5
v 0.6 1.8 4.4
v 0.6 1.8 4.3
v 0.6 1.8 4.2
v 0.6 1.9 4.6
v 0.6 1.9 4.5
v 0.6 1.9 4.4
v 0.6 1.9 4.3
v 0.6 2 4.7
v 0.6 2 4.6
v 0.6 2 4.5
v 0.6 2 4.4
v 0.6 2.1 4.7
v 0.6 2.1 4.6
v 0.6 2.1 4.5
v 0.6 2.2 4.7
v 0.6 2.2 4.6
v 0.6 2.2 4.5
v 0.6 2.4 4.7
v 0.6 2.4 4.5
v 0.7 0.3 1.9
v 0.7 0.3 1.8
v 0.7 0.4 1.9
v 0.7 0.4 1.8
v 0.7 0.5 2.3
v 0.7 0.5 2.2
v 0.7 0.6 2.3
v 0.7 0.6 2.2
v 0.7 0.7 2.6
v 0.7 0.7 2.5
v 0.7 0.8 2.8
v 0.7 0.8 2.7
v 0.7 0.8 2.6
v 0.7 0.8 2.5
v 0.7 0.9 3
v 0.7 0.9 2.9
v 0.7 0.9 2.8
v 0.7 0.9 2.7
v 0.7 1 3.2
v 0.7 1 3.1
v 0.7 1 3
v 0.7 1 2.9
v 0.7 1.1 3.3
v 0.7 1.1 3.2
v 0.7 1.1 3.1
v 0.7 1.2 3.5
v 0.7 1.2 3.4
v 0.7 1.2 3.3
v 0.7 1.2 3.2
v 0.7 1.3 3.7
v 0.7 1.3 3.6
v 0.7 1.3 3.5
v 0.7 1.3 3.4
v 0.7 1.4 3.8
v 0.7 1.4 3.7
v 0.7 1.4 3.6
v 0.7 1.4 3.5
v 0.7 1.5 4
v 0.7 1.5 3.8
v 0.7 1.5 3.7
v 0.7 1.6 4.1
v 0.7 1.6 4
v 0.7 1.6 3.9
v 0.7 1.6 3.8
v 0.7 1.7 4.2
v 0.7 1.7 4.1
v 0.7 1.7 4
v 0.7 1.7 3.9
v 0.7 1.8 4.3
v 0.7 1.8 4.2
v 0.7 1.8 4.1
v 0.7 1.9 4.4
v 0.7 1.9 4.3
v 0.7 1.9 4.2
v 0.7 1.9 4.1
v 0.7 2 4.5
v 0.7 2 4.4
v 0.7 2 4.3
v 0.7 2 4.2
v 0.7 2.1 4.5
v 0.7 2.1 4.3
v 0.7 2.2 4.5
v 0.7 2.2 4.3
v 0.7 2.4 4.5
v 0.7 2.4 4.3
v 0.8 0.4 2.1
v 0.8 0.4 1.9
v 0.8 0.4 1.8
v 0.8 0.4 1.7
v 0.8 0.4 1.6
v 0.8 0.4 1.5
v 0.8 0.4 1.4
v 0.8 0.4 1.3
v 0.8 0.4 1.2
v 0.8 0.4 1.1
v 0.8 0.4 1
v 0.8 0.4 0.9
v 0.8 0.4 0.7
v 0.8 0.4 0.5
v 0.8 0.4 0.4
v 0.8 0.4 0.3
v 0.8 0.4 0.2
v 0.8 0.4 0.0999999
v 0.8 0.4 -0.3
v 0.8 0.4 -0.6
v 0.8 0.4 -0.8
v 0.8 0.4 -1.2
v 0.8 0.4 -1.3
v 0.8 0.4 -1.5
v 0.8 0.4 -1.6
v 0.8 0.4 -1.7
v 0.8 0.4 -1.8
v 0.8 0.4 -1.9
v 0.8 0.4 -2
v 0.8 0.5 2.2
v 0.8 0.5 2.1
v 0.8 0.5 2
v 0.8 0.5 1.9
v 0.8 0.5 1.8
v 0.8 0.5 1.7
v 0.8 0.5 1.6
v 0.8 0.5 1.5
v 0.8 0.5 1.4
v 0.8 0.5 1.3
v 0.8 0.5 1.2
v 0.8 0.5 1.1
v 0.8 0.5 1
v 0.8 0.5 0.9
v 0.8 0.5 0.8
v 0.8 0.5 0.7
v 0.8 0.5 0.6
v 0.8 0.5 0.5
v 0.8 0.5 0.4
v 0.8 0.5 0.3
v 0.8 0.5 0.2
v 0.8 0.5 0.0999999
v 0.8 0.5 0
v 0.8 0.5 -0.0999999
v 0.8 0.5 -0.2
v 0.8 0.5 -0.3
v 0.8 0.5 -0.4
v 0.8 0.5 -0.5
v 0.8 0.5 -0.6
v 0.8 0.5 -0.7
v 0.8 0.5 -0.8
v 0.8 0.5 -0.9
v 0.8 0.5 -1
v 0.8 0.5 -1.1
v 0.8 0.5 -1.2
v 0.8 0.5 -1.3
v 0.8 0.5 -1.4
v 0.8 0.5 -1.5
v 0.8 0.5 -1.6
v 0.8 0.5 -1.7
v 0.8 0.5 -1.8
v 0.8 0.5 -1.9
v 0.8 0.5 -2
v 0.8 0.6 2.4
v 0.8 0.6 2.3
v 0.8 0.6 2.2
v 0.8 0.6 2.1
v 0.8 0.7 2.5
v 0.8 0.7 2.4
v 0.8 0.7 2.3
v 0.8 0.8 2.7
v 0.8 0.8 2.6
v 0.8 0.8 2.5
v 0.8 0.8 2.4
v 0.8 0.9 2.9
v 0.8 0.9 2.8
v 0.8 0.9 2.7
v 0.8 0.9 2.6
v 0.8 1 3.1
v 0.8 1 2.9
v 0.8 1 2.8
v 0.8 1.1 3.2
v 0.8 1.1 3.1
v 0.8 1.1 3
v 0.8 1.1 2.9
v 0.8 1.1 -2.2
v 0.8 1.1 -2.3
v 0.8 1.2 3.4
v 0.8 1.2 3.3
v 0.8 1.2 3.2
v 0.8 1.2 3.1
v 0.8 1.2 -2.2
v 0.8 1.2 -2.3
v 0.8 1.3 3.5
v 0.8 1.3 3.4
v 0.8 1.3 3.3
v 0.8 1.4 3.7
v 0.8 1.4 3.6
v 0.8 1.4 3.5
v 0.8 1.4 3.4
v 0.8 1.5 3.8
v 0.8 1.5 3.7
v 0.8 1.5 3.6
v 0.8 1.5 3.5
v 0.8 1.6 3.9
v 0.8 1.6 3.8
v 0.8 1.6 3.7
v 0.8 1.7 4.1
v 0.8 1.7 3.9
v 0.8 1.7 3.8
v 0.8 1.8 4.1
v 0.8 1.8 4
v 0.8 1.8 3.9
v 0.8 1.9 4.2
v 0.8 1.9 4.1
v 0.8 1.9 4
v 0.8 2 4.3
v 0.8 2 4.2
v 0.8 2 4.1
v 0.8 2 4
v 0.8 2.1 4.3
v 0.8 2.1 4.2
v 0.8 2.1 4.1
v 0.8 2.2 4.3
v 0.8 2.2 4.2
v 0.8 2.2 4.1
v 0.8 2.4 4.3
v 0.8 2.4 4.1
v 0.9 0.4 1.9
v 0.9 0.4 1.8
v 0.9 0.5 1.9
v 0.9 0.5 1.8
v 0.9 0.6 2.3
v 0.9 0.6 2.2
v 0.9 0.7 2.4
v 0.9 0.7 2.3
v 0.9 0.7 2.2
v 0.9 0.8 2.6
v 0.9 0.8 2.5
v 0.9 0.8 2.4
v 0.9 0.8 2.3
v 0.9 0.9 2.8
v 0.9 0.9 2.7
v 0.9 0.9 2.6
v 0.9 0.9 2.5
v 0.9 1 2.9
v 0.9 1 2.8
v 0.9 1 2.7
v 0.9 1.1 3.1
v 0.9 1.1 3
v 0.9 1.1 2.9
v 0.9 1.1 2.8
v 0.9 1.2 3.3
v 0.9 1.2 3.1
v 0.9 1.2 3
v 0.9 1.3 3.4
v 0.9 1.3 3.3
v 0.9 1.3 3.2
v 0.9 1.3 3.1
v 0.9 1.4 3.5
v 0.9 1.4 3.4
v 0.9 1.4 3.3
v 0.9 1.5 3.7
v 0.9 1.5 3.5
v 0.9 1.5 3.4
v 0.9 1.6 3.8
v 0.9 1.6 3.7
v 0.9 1.6 3.6
v 0.9 1.6 3.5
v 0.9 1.7 3.9
v 0.9 1.7 3.8
v 0.9 1.7 3.7
v 0.9 1.7 3.6
v 0.9 1.8 4
v 0.9 1.8 3.9
v 0.9 1.8 3.8
v 0.9 1.8 3.7
v 0.9 1.9 4
v 0.9 1.9 3.9
v 0.9 1.9 3.8
v 0.9 2 4.1
v 0.9 2 4
v 0.9 2 3.9
v 0.9 2 3.8
v 0.9 2.1 4
v 0.9 2.1 3.9
v 0.9 2.2 4.1
v 0.9 2.2 3.9
v 0.9 2.4 4.1
v 0.9 2.4 3.9
v 1 0.5 2.1
v 1 0.5 1.9
v 1 0.5 1.8
v 1 0.5 1.7
v 1 0.5 1.6
v 1 0.5 1.5
v 1 0.5 1.4
v 1 0.5 1.3
v 1 0.5 1.2
v 1 0.5 1.1
v 1 0.5 0.9
v 1 0.5 0.8
v 1 0.5 0.7
v 1 0.5 0.5
v 1 0.5 0.4
v 1 0.5 0.2
v 1 0.5 -0.0999999
v 1 0.5 -0.2
v 1 0.5 -0.4
v 1 0.5 -0.6
v 1 0.5 -0.8
v 1 0.5 -0.9
v 1 0.5 -1
v 1 0.5 -1.2
v 1 0.5 -1.3
v 1 0.5 -1.5
v 1 0.5 -1.7
v 1 0.5 -1.8
v 1 0.5 -1.9
v 1 0.5 -2
v 1 0.6 2.2
v 1 0.6 2.1
v 1 0.6 2
v 1 0.6 1.9
v 1 0.6 1.8
v 1 0.6 1.7
v 1 0.6 1.6
v 1 0.6 1.5
v 1 0.6 1.4
v 1 0.6 1.3
v 1 0.6 1.2
v 1 0.6 1.1
v 1 0.6 1
v 1 0.6 0.9
v 1 0.6 0.8
v 1 0.6 0.7
v 1 0.6 0.6
v 1 0.6 0.5
v 1 0.6 0.4
v 1 0.6 0.2
v 1 0.6 0.0999999
v 1 0.6 0
v 1 0.6 -0.0999999
v 1 0.6 -0.2
v 1 0.6 -0.3
v 1 0.6 -0.4
v 1 0.6 -0.5
v 1 0.6 -0.6
v 1 0.6 -0.8
v 1 0.6 -0.9
v 1 0.6 -1
v 1 0.6 -1.2
v 1 0.6 -1.3
v 1 0.6 -1.4
v 1 0.6 -1.5
v 1 0.6 -1.6
v 1 0.6 -1.7
v 1 0.6 -1.8
v 1 0.6 -1.9
v 1 0.6 -2
v 1 0.7 2.3
v 1 0.7 2.2
v 1 0.7 2.1
v 1 0.8 2.5
v 1 0.8 2.4
v 1 0.8 2.3
v 1 0.8 2.2
v 1 0.9 2.7
v 1 0.9 2.5
v 1 0.9 2.4
v 1 1 2.8
v 1 1 2.7
v 1 1 2.6
v 1 1 2.5
v 1 1.1 3
v 1 1.1 2.9
v 1 1.1 2.8
v 1 1.1 2.7
v 1 1.2 3.1
v 1 1.2 3
v 1 1.2 2.9
v 1 1.2 2.8
v 1 1.3 3.3
v 1 1.3 3.2
v 1 1.3 3.1
v 1 1.3 3
v 1 1.3 -3.1
v 1 1.3 -3.2
v 1 1.4 3.4
v 1 1.4 3.3
v 1 1.4 3.2
v 1 1.4 3.1
v 1 1.4 -3.1
v 1 1.4 -3.2
v 1 1.5 3.5
v 1 1.5 3.4
v 1 1.5 3.3
v 1 1.5 3.2
v 1 1.6 3.6
v 1 1.6 3.5
v 1 1.6 3.4
v 1 1.6 3.3
v 1 1.7 3.7
v 1 1.7 3.6
v 1 1.7 3.5
v 1 1.7 3.4
v 1 1.8 3.8
v 1 1.8 3.7
v 1 1.8 3.6
v 1 1.8 3.5
v 1 1.9 3.8
v 1 1.9 3.7
v 1 1.9 3.6
v 1 2 3.9
v 1 2 3.8
v 1 2 3.7
v 1 2 3.6
v 1 2.1 3.8
v 1 2.1 3.7
v 1 2.2 3.9
v 1 2.2 3.8
v 1 2.2 3.7
v 1 2.4 3.9
v 1 2.4 3.7
v 1.1 0.5 1.9
v 1.1 0.5 1.8
v 1.1 0.6 2.1
v 1.1 0.6 2
v 1.1 0.6 1.9
v 1.1 0.6 1.8
v 1.1 0.6 1.6
v 1.1 0.6 1.5
v 1.1 0.6 1.4
v 1.1 0.6 1.3
v 1.1 0.6 1.2
v 1.1 0.6 1.1
v 1.1 0.6 1
v 1.1 0.6 0.8
v 1.1 0.6 0.7
v 1.1 0.6 0.6
v 1.1 0.6 0.5
v 1.1 0.6 0.4
v 1.1 0.6 0.2
v 1.1 0.6 0.0999999
v 1.1 0.6 0
v 1.1 0.6 -0.0999999
v 1.1 0.6 -0.2
v 1.1 0.6 -0.3
v 1.1 0.6 -0.4
v 1.1 0.6 -0.5
v 1.1 0.6 -0.6
v 1.1 0.6 -0.8
v 1.1 0.6 -1
v 1.1 0.6 -1.2
v 1.1 0.6 -1.3
v 1.1 0.6 -1.4
v 1.1 0.6 -1.6
v 1.1 0.6 -1.7
v 1.1 0.6 -1.8
v 1.1 0.6 -1.9
v 1.1 0.6 -2
v 1.1 0.7 2.2
v 1.1 0.7 2.1
v 1.1 0.7 2
v 1.1 0.7 1.9
v 1.1 0.7 1.8
v 1.1 0.7 1.6
v 1.1 0.7 1.5
v 1.1 0.7 1.4
v 1.1 0.7 1.3
v 1.1 0.7 1.2
v 1.1 0.7 1.1
v 1.1 0.7 1
v 1.1 0.7 0.8
v 1.1 0.7 0.7
v 1.1 0.7 0.6
v 1.1 0.7 0.5
v 1.1 0.7 0.4
v 1.1 0.7 0.2
v 1.1 0.7 0.0999999
v 1.1 0.7 0
v 1.1 0.7 -0.0999999
v 1.1 0.7 -0.2
v 1.1 0.7 -0.3
v 1.1 0.7 -0.4
v 1.1 0.7 -0.5
v 1.1 0.7 -0.6
v 1.1 0.7 -0.8
v 1.1 0.7 -1
v 1.1 0.7 -1.2
v 1.1 0.7 -1.3
v 1.1 0.7 -1.4
v 1.1 0.7 -1.6
v 1.1 0.7 -1.7
v 1.1 0.7 -1.8
v 1.1 0.7 -1.9
v 1.1 0.7 -2
v 1.1 0.8 2.4
v 1.1 0.8 2.3
v 1.1 0.8 2.2
v 1.1 0.8 2.1
v 1.1 0.9 2.5
v 1.1 0.9 2.4
v 1.1 0.9 2.3
v 1.1 1 2.7
v 1.1 1 2.6
v 1.1 1 2.5
v 1.1 1 2.4
v 1.1 1.1 2.8
v 1.1 1.1 2.7
v 1.1 1.1 2.6
v 1.1 1.1 2.5
v 1.1 1.2 3
v 1.1 1.2 2.8
v 1.1 1.2 2.7
v 1.1 1.3 3.1
v 1.1 1.3 3
v 1.1 1.3 2.9
v 1.1 1.3 2.8
v 1.1 1.4 3.2
v 1.1 1.4 3.1
v 1.1 1.4 3
v 1.1 1.4 2.9
v 1.1 1.4 -3
v 1.1 1.4 -3.1
v 1.1 1.4 -3.2
v 1.1 1.5 3.3
v 1.1 1.5 3.2
v 1.1 1.5 3.1
v 1.1 1.5 -3
v 1.1 1.5 -3.1
v 1.1 1.5 -3.2
v 1.1 1.6 3.4
v 1.1 1.6 3.3
v 1.1 1.6 3.2
v 1.1 1.7 3.5
v 1.1 1.7 3.4
v 1.1 1.7 3.3
v 1.1 1.8 3.6
v 1.1 1.8 3.5
v 1.1 1.8 3.4
v 1.1 1.8 3.3
v 1.1 1.9 3.6
v 1.1 1.9 3.5
v 1.1 1.9 3.4
v 1.1 2 3.7
v 1.1 2 3.6
v 1.1 2 3.5
v 1.1 2 3.4
v 1.1 2.1 3.7
v 1.1 2.1 3.5
v 1.1 2.2 3.7
v 1.1 2.2 3.5
v 1.1 2.2 -3.1
v 1.1 2.2 -3.2
v 1.1 2.4 3.7
v 1.1 2.4 3.5
v 1.1 2.4 -3.1
v 1.1 2.4 -3.2
v 1.2 0.6 1.9
v 1.2 0.6 1.8
v 1.2 0.7 2.1
v 1.2 0.7 2
v 1.2 0.7 1.9
v 1.2 0.7 1.8
v 1.2 0.7 -2.1
v 1.2 0.8 2.3
v 1.2 0.8 2.2
v 1.2 0.8 2.1
v 1.2 0.8 2
v 1.2 0.8 1.8
v 1.2 0.8 1.5
v 1.2 0.8 1.4
v 1.2 0.8 1.1
v 1.2 0.8 1
v 1.2 0.8 0.8
v 1.2 0.8 0.5
v 1.2 0.8 0.2
v 1.2 0.8 0.0999999
v 1.2 0.8 0
v 1.2 0.8 -0.0999999
v 1.2 0.8 -0.2
v 1.2 0.8 -0.3
v 1.2 0.8 -0.4
v 1.2 0.8 -0.5
v 1.2 0.8 -0.6
v 1.2 0.8 -0.8
v 1.2 0.8 -0.9
v 1.2 0.8 -1
v 1.2 0.8 -1.1
v 1.2 0.8 -1.2
v 1.2 0.8 -1.3
v 1.2 0.8 -1.4
v 1.2 0.8 -1.5
v 1.2 0.8 -1.6
v 1.2 0.8 -1.7
v 1.2 0.8 -1.8
v 1.2 0.8 -1.9
v 1.2 0.8 -2.1
v 1.2 0.9 2.4
v 1.2 0.9 2.3
v 1.2 0.9 2.2
v 1.2 0.9 2.1
v 1.2 1 2.5
v 1.2 1 2.4
v 1.2 1 2.3
v 1.2 1.1 2.7
v 1.2 1.1 2.6
v 1.2 1.1 2.5
v 1.2 1.1 2.4
v 1.2 1.2 2.8
v 1.2 1.2 2.7
v 1.2 1.2 2.6
v 1.2 1.2 2.5
v 1.2 1.3 2.9
v 1.2 1.3 2.8
v 1.2 1.3 2.7
v 1.2 1.4 3.1
v 1.2 1.4 3
v 1.2 1.4 2.9
v 1.2 1.4 2.8
v 1.2 1.5 3.2
v 1.2 1.5 3.1
v 1.2 1.5 3
v 1.2 1.5 2.9
v 1.2 1.5 -3.1
v 1.2 1.5 -3.2
v 1.2 1.6 3.3
v 1.2 1.6 3.2
v 1.2 1.6 3.1
v 1.2 1.6 3
v 1.2 1.6 -3.1
v 1.2 1.6 -3.2
v 1.2 1.7 3.3
v 1.2 1.7 3.2
v 1.2 1.7 3.1
v 1.2 1.7 -3.1
v 1.2 1.7 -3.2
v 1.2 1.8 3.4
v 1.2 1.8 3.3
v 1.2 1.8 3.2
v 1.2 1.8 3.1
v 1.2 1.8 -3.1
v 1.2 1.8 -3.2
v 1.2 1.9 3.4
v 1.2 1.9 3.3
v 1.2 1.9 3.2
v 1.2 1.9 -3
v 1.2 1.9 -3.1
v 1.2 1.9 -3.2
v 1.2 2 3.5
v 1.2 2 3.4
v 1.2 2 3.3
v 1.2 2 -3
v 1.2 2 -3.1
v 1.2 2.1 3.4
v 1.2 2.1 3.3
v 1.2 2.1 -3
v 1.2 2.2 3.5
v 1.2 2.2 3.4
v 1.2 2.2 3.3
v 1.2 2.2 -3
v 1.2 2.2 -3.1
v 1.2 2.2 -3.2
v 1.2 2.4 3.5
v 1.2 2.4 3.3
v 1.2 2.4 -3
v 1.2 2.4 -3.1
v 1.3 0.7 2
v 1.3 0.7 1.8
v 1.3 0.8 2.1
v 1.3 0.8 2
v 1.3 0.8 1.9
v 1.3 0.8 1.8
v 1.3 0.8 1.5
v 1.3 0.8 1.4
v 1.3 0.8 1.1
v 1.3 0.8 1
v 1.3 0.8 0.8
v 1.3 0.8 0.5
v 1.3 0.8 0.2
v 1.3 0.8 0.0999999
v 1.3 0.8 0
v 1.3 0.8 -0.0999999
v 1.3 0.8 -0.2
v 1.3 0.8 -0.3
v 1.3 0.8 -0.4
v 1.3 0.8 -0.5
v 1.3 0.8 -0.6
v 1.3 0.8 -0.8
v 1.3 0.8 -0.9
v 1.3 0.8 -1
v 1.3 0.8 -1.1
v 1.3 0.8 -1.2
v 1.3 0.8 -1.3
v 1.3 0.8 -1.4
v 1.3 0.8 -1.5
v 1.3 0.8 -1.6
v 1.3 0.8 -1.7
v 1.3 0.8 -1.8
v 1.3 0.8 -1.9
v 1.3 0.8 -2.2
v 1.3 0.9 2.3
v 1.3 0.9 2.2
v 1.3 0.9 2.1
v 1.3 0.9 2
v 1.3 0.9 1.8
v 1.3 0.9 1.7
v 1.3 0.9 1.5
v 1.3 0.9 1.4
v 1.3 0.9 1.3
v 1.3 0.9 1.1
v 1.3 0.9 1
v 1.3 0.9 0.8
v 1.3 0.9 0.7
v 1.3 0.9 0.6
v 1.3 0.9 0.5
v 1.3 0.9 0.3
v 1.3 0.9 0.2
v 1.3 0.9 0.0999999
v 1.3 0.9 0
v 1.3 0.9 -0.0999999
v 1.3 0.9 -0.2
v 1.3 0.9 -0.3
v 1.3 0.9 -0.4
v 1.3 0.9 -0.5
v 1.3 0.9 -0.6
v 1.3 0.9 -0.8
v 1.3 0.9 -0.9
v 1.3 0.9 -1
v 1.3 0.9 -1.1
v 1.3 0.9 -1.2
v 1.3 0.9 -1.3
v 1.3 0.9 -1.4
v 1.3 0.9 -1.5
v 1.3 0.9 -1.6
v 1.3 0.9 -1.7
v 1.3 0.9 -1.8
v 1.3 0.9 -1.9
v 1.3 0.9 -2
v 1.3 0.9 -2.1
v 1.3 0.9 -2.2
v 1.3 1 2.4
v 1.3 1 2.3
v 1.3 1 2.2
v 1.3 1 2.1
v 1.3 1.1 2.5
v 1.3 1.1 2.4
v 1.3 1.1 2.3
v 1.3 1.2 2.7
v 1.3 1.2 2.5
v 1.3 1.2 2.4
v 1.3 1.3 2.8
v 1.3 1.3 2.7
v 1.3 1.3 2.6
v 1.3 1.3 2.5
v 1.3 1.4 2.9
v 1.3 1.4 2.8
v 1.3 1.4 2.7
v 1.3 1.4 2.6
v 1.3 1.5 3
v 1.3 1.5 2.9
v 1.3 1.5 2.8
v 1.3 1.5 2.7
v 1.3 1.5 -3
v 1.3 1.5 -3.1
v 1.3 1.6 3.1
v 1.3 1.6 3
v 1.3 1.6 2.9
v 1.3 1.6 2.8
v 1.3 1.6 -3
v 1.3 1.6 -3.1
v 1.3 1.7 3.1
v 1.3 1.7 3
v 1.3 1.7 2.9
v 1.3 1.7 -3
v 1.3 1.7 -3.1
v 1.3 1.8 3.2
v 1.3 1.8 3.1
v 1.3 1.8 3
v 1.3 1.8 -3
v 1.3 1.8 -3.1
v 1.3 1.9 3.3
v 1.3 1.9 3.2
v 1.3 1.9 3.1
v 1.3 1.9 3
v 1.3 1.9 -3
v 1.3 1.9 -3.1
v 1.3 2 3.1
v 1.3 2.1 3.2
v 1.3 2.1 3.1
v 1.3 2.2 3.3
v 1.3 2.2 3.1
v 1.3 2.2 -2.9
v 1.3 2.2 -3
v 1.3 2.4 3.3
v 1.3 2.4 3.1
v 1.3 2.4 -2.9
v 1.3 2.4 -3
v 1.4 0.8 2
v 1.4 0.8 1.9
v 1.4 0.8 1.8
v 1.4 0.9 2.1
v 1.4 0.9 2
v 1.4 0.9 1.9
v 1.4 0.9 1.8
v 1.4 0.9 1.7
v 1.4 0.9 1.4
v 1.4 0.9 1.3
v 1.4 0.9 1.1
v 1.4 0.9 0.8
v 1.4 0.9 0.7
v 1.4 0.9 0.6
v 1.4 0.9 0.5
v 1.4 0.9 0.3
v 1.4 0.9 0.0999999
v 1.4 0.9 -0.2
v 1.4 0.9 -0.3
v 1.4 0.9 -0.6
v 1.4 0.9 -0.8
v 1.4 0.9 -1.1
v 1.4 0.9 -1.2
v 1.4 0.9 -1.5
v 1.4 0.9 -1.7
v 1.4 0.9 -1.8
v 1.4 0.9 -1.9
v 1.4 0.9 -2
v 1.4 0.9 -2.1
v 1.4 0.9 -2.3
v 1.4 1 2.3
v 1.4 1 2.1
v 1.4 1 2
v 1.4 1 1.8
v 1.4 1 1.7
v 1.4 1 1.4
v 1.4 1 1.3
v 1.4 1 1.2
v 1.4 1 1.1
v 1.4 1 1
v 1.4 1 0.9
v 1.4 1 0.8
v 1.4 1 0.7
v 1.4 1 0.6
v 1.4 1 0.5
v 1.4 1 0.4
v 1.4 1 0.3
v 1.4 1 0.0999999
v 1.4 1 0
v 1.4 1 -0.2
v 1.4 1 -0.3
v 1.4 1 -0.4
v 1.4 1 -0.6
v 1.4 1 -0.7
v 1.4 1 -0.8
v 1.4 1 -0.9
v 1.4 1 -1
v 1.4 1 -1.1
v 1.4 1 -1.2
v 1.4 1 -1.3
v 1.4 1 -1.4
v 1.4 1 -1.5
v 1.4 1 -1.7
v 1.4 1 -1.8
v 1.4 1 -1.9
v 1.4 1 -2
v 1.4 1 -2.1
v 1.4 1 -2.3
v 1.4 1.1 2.4
v 1.4 1.1 2.3
v 1.4 1.1 2.2
v 1.4 1.1 2.1
v 1.4 1.2 2.5
v 1.4 1.2 2.4
v 1.4 1.2 2.3
v 1.4 1.2 2.2
v 1.4 1.3 2.6
v 1.4 1.3 2.5
v 1.4 1.3 2.4
v 1.4 1.3 2.3
v 1.4 1.4 2.7
v 1.4 1.4 2.6
v 1.4 1.4 2.5
v 1.4 1.4 2.4
v 1.4 1.4 -2.6
v 1.4 1.4 -2.7
v 1.4 1.4 -2.9
v 1.4 1.4 -3
v 1.4 1.5 2.8
v 1.4 1.5 2.7
v 1.4 1.5 2.6
v 1.4 1.5 2.5
v 1.4 1.5 -2.7
v 1.4 1.5 -2.9
v 1.4 1.5 -3
v 1.4 1.6 2.9
v 1.4 1.6 2.8
v 1.4 1.6 2.7
v 1.4 1.6 2.6
v 1.4 1.6 -2.9
v 1.4 1.6 -3
v 1.4 1.7 3
v 1.4 1.7 2.9
v 1.4 1.7 2.8
v 1.4 1.7 2.7
v 1.4 1.7 -2.6
v 1.4 1.7 -2.7
v 1.4 1.7 -2.9
v 1.4 1.7 -3
v 1.4 1.8 3
v 1.4 1.8 2.8
v 1.4 1.8 -2.6
v 1.4 1.8 -2.7
v 1.4 1.8 -2.9
v 1.4 1.8 -3
v 1.4 1.9 3.1
v 1.4 1.9 3
v 1.4 1.9 2.9
v 1.4 1.9 2.8
v 1.4 1.9 -2.9
v 1.4 1.9 -3
v 1.4 2 3.1
v 1.4 2 3
v 1.4 2 2.9
v 1.4 2 -2.8
v 1.4 2 -2.9
v 1.4 2.1 3.1
v 1.4 2.1 3
v 1.4 2.1 -2.8
v 1.4 2.1 -2.9
v 1.4 2.1 -3
v 1.4 2.2 3.1
v 1.4 2.2 3
v 1.4 2.2 2.9
v 1.4 2.2 -2.8
v 1.4 2.2 -2.9
v 1.4 2.2 -3
v 1.4 2.4 3.1
v 1.4 2.4 2.9
v 1.4 2.4 -2.8
v 1.4 2.4 -2.9
v 1.5 0.9 2
v 1.5 0.9 1.9
v 1.5 0.9 1.8
v 1.5 1 2.1
v 1.5 1 2
v 1.5 1 1.9
v 1.5 1 1.8
v 1.5 1 1.7
v 1.5 1 1.4
v 1.5 1 1.3
v 1.5 1 1.2
v 1.5 1 1
v 1.5 1 0.9
v 1.5 1 0.8
v 1.5 1 0.7
v 1.5 1 0.5
v 1.5 1 0.4
v 1.5 1 0.3
v 1.5 1 0.0999999
v 1.5 1 0
v 1.5 1 -0.4
v 1.5 1 -0.6
v 1.5 1 -0.7
v 1.5 1 -0.9
v 1.5 1 -1
v 1.5 1 -1.3
v 1.5 1 -1.4
v 1.5 1 -1.5
v 1.5 1 -1.7
v 1.5 1 -1.8
v 1.5 1 -1.9
v 1.5 1 -2
v 1.5 1 -2.1
v 1.5 1 -2.4
v 1.5 1 -2.5
v 1.5 1.1 2.2
v 1.5 1.1 2.1
v 1.5 1.1 2
v 1.5 1.1 1.9
v 1.5 1.1 1.8
v 1.5 1.1 1.7
v 1.5 1.1 1.6
v 1.5 1.1 1.5
v 1.5 1.1 1.4
v 1.5 1.1 1.3
v 1.5 1.1 1.2
v 1.5 1.1 1.1
v 1.5 1.1 1
v 1.5 1.1 0.8
v 1.5 1.1 0.7
v 1.5 1.1 0.5
v 1.5 1.1 0.4
v 1.5 1.1 0.3
v 1.5 1.1 0.0999999
v 1.5 1.1 0
v 1.5 1.1 -0.0999999
v 1.5 1.1 -0.2
v 1.5 1.1 -0.3
v 1.5 1.1 -0.4
v 1.5 1.1 -0.5
v 1.5 1.1 -0.7
v 1.5 1.1 -0.9
v 1.5 1.1 -1
v 1.5 1.1 -1.1
v 1.5 1.1 -1.2
v 1.5 1.1 -1.5
v 1.5 1.1 -1.6
v 1.5 1.1 -1.7
v 1.5 1.1 -1.8
v 1.5 1.1 -1.9
v 1.5 1.1 -2.1
v 1.5 1.1 -2.2
v 1.5 1.1 -2.3
v 1.5 1.1 -2.4
v 1.5 1.1 -2.5
v 1.5 1.1 -2.7
v 1.5 1.1 -2.8
v 1.5 1.2 2.3
v 1.5 1.2 2.2
v 1.5 1.2 2.1
v 1.5 1.2 1.8
v 1.5 1.2 1.7
v 1.5 1.2 1.6
v 1.5 1.2 1.5
v 1.5 1.2 1.3
v 1.5 1.2 1.2
v 1.5 1.2 1.1
v 1.5 1.2 1
v 1.5 1.2 0.9
v 1.5 1.2 0.8
v 1.5 1.2 0.4
v 1.5 1.2 0.0999999
v 1.5 1.2 -0.0999999
v 1.5 1.2 -0.2
v 1.5 1.2 -0.3
v 1.5 1.2 -0.5
v 1.5 1.2 -0.6
v 1.5 1.2 -0.7
v 1.5 1.2 -0.9
v 1.5 1.2 -1.1
v 1.5 1.2 -1.2
v 1.5 1.2 -1.3
v 1.5 1.2 -1.4
v 1.5 1.2 -1.6
v 1.5 1.2 -1.8
v 1.5 1.2 -2
v 1.5 1.2 -2.2
v 1.5 1.2 -2.3
v 1.5 1.2 -2.4
v 1.5 1.2 -2.5
v 1.5 1.2 -2.7
v 1.5 1.2 -2.8
v 1.5 1.2 -2.9
v 1.5 1.3 2.4
v 1.5 1.3 2.3
v 1.5 1.3 2.2
v 1.5 1.3 -2.7
v 1.5 1.3 -2.8
v 1.5 1.3 -2.9
v 1.5 1.4 2.5
v 1.5 1.4 2.4
v 1.5 1.4 2.3
v 1.5 1.4 -2.7
v 1.5 1.4 -2.8
v 1.5 1.4 -2.9
v 1.5 1.5 2.6
v 1.5 1.5 2.5
v 1.5 1.5 2.4
v 1.5 1.5 -2.7
v 1.5 1.5 -2.9
v 1.5 1.6 2.7
v 1.5 1.6 2.6
v 1.5 1.6 2.5
v 1.5 1.6 2.4
v 1.5 1.6 -2.7
v 1.5 1.6 -2.8
v 1.5 1.6 -2.9
v 1.5 1.7 2.8
v 1.5 1.7 2.7
v 1.5 1.7 2.6
v 1.5 1.7 2.5
v 1.5 1.7 -2.7
v 1.5 1.7 -2.8
v 1.5 1.7 -2.9
v 1.5 1.8 2.8
v 1.5 1.8 2.6
v 1.5 1.8 -2.7
v 1.5 1.8 -2.8
v 1.5 1.8 -2.9
v 1.5 1.9 2.9
v 1.5 1.9 2.8
v 1.5 1.9 2.7
v 1.5 1.9 2.6
v 1.5 1.9 -2.7
v 1.5 1.9 -2.8
v 1.5 1.9 -2.9
v 1.5 2 2.9
v 1.5 2 2.8
v 1.5 2 2.7
v 1.5 2 -2.7
v 1.5 2 -2.8
v 1.5 2 -2.9
v 1.5 2.1 2.8
v 1.5 2.1 2.7
v 1.5 2.1 -2.7
v 1.5 2.1 -2.8
v 1.5 2.2 2.9
v 1.5 2.2 2.7
v 1.5 2.2 -2.7
v 1.5 2.2 -2.8
v 1.5 2.4 2.9
v 1.5 2.4 2.7
v 1.5 2.4 -2.7
v 1.5 2.4 -2.8
v 1.6 1 1.9
v 1.6 1 1.8
v 1.6 1.1 2.1
v 1.6 1.1 2
v 1.6 1.1 1.9
v 1.6 1.1 1.8
v 1.6 1.2 2.2
v 1.6 1.2 2.1
v 1.6 1.2 2
v 1.6 1.2 1.9
v 1.6 1.2 1.8
v 1.6 1.2 -2.8
v 1.6 1.3 2.3
v 1.6 1.3 2.2
v 1.6 1.3 2.1
v 1.6 1.3 2
v 1.6 1.3 1.8
v 1.6 1.3 1.7
v 1.6 1.3 1.6
v 1.6 1.3 1.5
v 1.6 1.3 1.4
v 1.6 1.3 1.2
v 1.6 1.3 1.1
v 1.6 1.3 0.9
v 1.6 1.3 0.8
v 1.6 1.3 0.6
v 1.6 1.3 0.5
v 1.6 1.3 0.4
v 1.6 1.3 0.3
v 1.6 1.3 0
v 1.6 1.3 -0.2
v 1.6 1.3 -0.4
v 1.6 1.3 -0.5
v 1.6 1.3 -0.6
v 1.6 1.3 -0.7
v 1.6 1.3 -0.8
v 1.6 1.3 -0.9
v 1.6 1.3 -1
v 1.6 1.3 -1.1
v 1.6 1.3 -1.3
v 1.6 1.3 -1.5
v 1.6 1.3 -1.6
v 1.6 1.3 -1.7
v 1.6 1.3 -1.8
v 1.6 1.3 -1.9
v 1.6 1.3 -2
v 1.6 1.3 -2.1
v 1.6 1.3 -2.2
v 1.6 1.3 -2.3
v 1.6 1.3 -2.4
v 1.6 1.3 -2.5
v 1.6 1.3 -2.7
v 1.6 1.3 -2.8
v 1.6 1.4 2.4
v 1.6 1.4 2.3
v 1.6 1.4 2.2
v 1.6 1.4 2.1
v 1.6 1.5 2.4
v 1.6 1.5 2.3
v 1.6 1.5 2.2
v 1.6 1.6 2.5
v 1.6 1.6 2.4
v 1.6 1.6 2.3
v 1.6 1.7 2.6
v 1.6 1.7 2.5
v 1.6 1.7 2.4
v 1.6 1.7 2.3
v 1.6 1.8 2.6
v 1.6 1.8 2.4
v 1.6 1.9 2.7
v 1.6 1.9 2.6
v 1.6 1.9 2.5
v 1.6 1.9 2.4
v 1.6 2 2.7
v 1.6 2 2.6
v 1.6 2 2.5
v 1.6 2.1 2.7
v 1.6 2.1 2.6
v 1.6 2.1 2.5
v 1.6 2.2 2.7
v 1.6 2.2 2.6
v 1.6 2.2 2.5
v 1.6 2.4 2.7
v 1.6 2.4 2.5
v 1.7 1.1 1.9
v 1.7 1.1 1.8
v 1.7 1.2 2
v 1.7 1.2 1.9
v 1.7 1.2 1.8
v 1.7 1.3 2.1
v 1.7 1.3 2
v 1.7 1.3 1.9
v 1.7 1.3 1.8
v 1.7 1.3 1.7
v 1.7 1.3 1.6
v 1.7 1.3 1.5
v 1.7 1.3 1.4
v 1.7 1.3 1.2
v 1.7 1.3 1.1
v 1.7 1.3 0.9
v 1.7 1.3 0.8
v 1.7 1.3 0.6
v 1.7 1.3 0.5
v 1.7 1.3 0.4
v 1.7 1.3 0.3
v 1.7 1.3 0
v 1.7 1.3 -0.2
v 1.7 1.3 -0.4
v 1.7 1.3 -0.5
v 1.7 1.3 -0.6
v 1.7 1.3 -0.7
v 1.7 1.3 -0.8
v 1.7 1.3 -0.9
v 1.7 1.3 -1
v 1.7 1.3 -1.1
v 1.7 1.3 -1.3
v 1.7 1.3 -1.5
v 1.7 1.3 -1.6
v 1.7 1.3 -1.7
v 1.7 1.3 -1.8
v 1.7 1.3 -1.9
v 1.7 1.3 -2
v 1.7 1.3 -2.1
v 1.7 1.3 -2.2
v 1.7 1.3 -2.3
v 1.7 1.3 -2.4
v 1.7 1.3 -2.5
v 1.7 1.3 -2.7
v 1.7 1.4 2.2
v 1.7 1.4 2.1
v 1.7 1.4 2
v 1.7 1.4 1.9
v 1.7 1.4 1.8
v 1.7 1.4 1.7
v 1.7 1.4 1.6
v 1.7 1.4 1.5
v 1.7 1.4 1.4
v 1.7 1.4 1.3
v 1.7 1.4 1.2
v 1.7 1.4 1.1
v 1.7 1.4 0.9
v 1.7 1.4 0.8
v 1.7 1.4 0.6
v 1.7 1.4 0.5
v 1.7 1.4 0.4
v 1.7 1.4 0.3
v 1.7 1.4 0.2
v 1.7 1.4 0
v 1.7 1.4 -0.2
v 1.7 1.4 -0.3
v 1.7 1.4 -0.4
v 1.7 1.4 -0.5
v 1.7 1.4 -0.6
v 1.7 1.4 -0.7
v 1.7 1.4 -0.8
v 1.7 1.4 -0.9
v 1.7 1.4 -1
v 1.7 1.4 -1.1
v 1.7 1.4 -1.3
v 1.7 1.4 -1.4
v 1.7 1.4 -1.5
v 1.7 1.4 -1.6
v 1.7 1.4 -1.7
v 1.7 1.4 -1.8
v 1.7 1.4 -1.9
v 1.7 1.4 -2
v 1.7 1.4 -2.1
v 1.7 1.4 -2.2
v 1.7 1.4 -2.3
v 1.7 1.4 -2.4
v 1.7 1.4 -2.5
v 1.7 1.4 -2.6
v 1.7 1.4 -2.7
v 1.7 1.4 -2.8
v 1.7 1.5 2.3
v 1.7 1.5 2.2
v 1.7 1.5 2.1
v 1.7 1.5 -2.6
v 1.7 1.5 -2.7
v 1.7 1.5 -2.8
v 1.7 1.6 2.3
v 1.7 1.6 2.2
v 1.7 1.6 2.1
v 1.7 1.6 -2.6
v 1.7 1.6 -2.7
v 1.7 1.7 2.4
v 1.7 1.7 2.3
v 1.7 1.7 2.2
v 1.7 1.7 2.1
v 1.7 1.7 -2.6
v 1.7 1.7 -2.7
v 1.7 1.7 -2.8
v 1.7 1.8 2.4
v 1.7 1.8 2.3
v 1.7 1.8 2.2
v 1.7 1.8 -2.6
v 1.7 1.8 -2.8
v 1.7 1.9 2.5
v 1.7 1.9 2.4
v 1.7 1.9 2.3
v 1.7 1.9 2.2
v 1.7 1.9 -2.6
v 1.7 1.9 -2.7
v 1.7 1.9 -2.8
v 1.7 2 2.5
v 1.7 2 2.4
v 1.7 2 2.3
v 1.7 2 -2.6
v 1.7 2 -2.7
v 1.7 2.1 2.5
v 1.7 2.1 2.4
v 1.7 2.1 2.3
v 1.7 2.1 -2.6
v 1.7 2.1 -2.7
v 1.7 2.2 2.5
v 1.7 2.2 2.3
v 1.7 2.2 -2.6
v 1.7 2.2 -2.7
v 1.7 2.4 2.5
v 1.7 2.4 2.3
v 1.7 2.4 -2.6
v 1.7 2.4 -2.7
v 1.8 1.3 1.9
v 1.8 1.3 1.8
v 1.8 1.4 2.1
v 1.8 1.4 1.9
v 1.8 1.4 1.8
v 1.8 1.4 1.6
v 1.8 1.4 1.5
v 1.8 1.4 1.3
v 1.8 1.4 1.2
v 1.8 1.4 0.9
v 1.8 1.4 0.8
v 1.8 1.4 0.6
v 1.8 1.4 0.5
v 1.8 1.4 0.4
v 1.8 1.4 0.3
v 1.8 1.4 0.2
v 1.8 1.4 -0.2
v 1.8 1.4 -0.3
v 1.8 1.4 -0.5
v 1.8 1.4 -0.6
v 1.8 1.4 -0.7
v 1.8 1.4 -0.8
v 1.8 1.4 -0.9
v 1.8 1.4 -1
v 1.8 1.4 -1.3
v 1.8 1.4 -1.4
v 1.8 1.4 -1.5
v 1.8 1.4 -1.6
v 1.8 1.4 -1.7
v 1.8 1.4 -1.9
v 1.8 1.4 -2
v 1.8 1.4 -2.2
v 1.8 1.4 -2.3
v 1.8 1.4 -2.4
v 1.8 1.4 -2.5
v 1.8 1.4 -2.6
v 1.8 1.5 2.1
v 1.8 1.5 1.9
v 1.8 1.5 1.8
v 1.8 1.5 1.7
v 1.8 1.5 1.6
v 1.8 1.5 1.5
v 1.8 1.5 1.4
v 1.8 1.5 1.1
v 1.8 1.5 1
v 1.8 1.5 0.9
v 1.8 1.5 0.8
v 1.8 1.5 0.6
v 1.8 1.5 0.5
v 1.8 1.5 0.4
v 1.8 1.5 0.3
v 1.8 1.5 0.2
v 1.8 1.5 0.0999999
v 1.8 1.5 0
v 1.8 1.5 -0.0999999
v 1.8 1.5 -0.2
v 1.8 1.5 -0.3
v 1.8 1.5 -0.4
v 1.8 1.5 -0.5
v 1.8 1.5 -0.7
v 1.8 1.5 -0.8
v 1.8 1.5 -0.9
v 1.8 1.5 -1
v 1.8 1.5 -1.1
v 1.8 1.5 -1.2
v 1.8 1.5 -1.3
v 1.8 1.5 -1.4
v 1.8 1.5 -1.5
v 1.8 1.5 -1.6
v 1.8 1.5 -1.7
v 1.8 1.5 -1.8
v 1.8 1.5 -1.9
v 1.8 1.5 -2
v 1.8 1.5 -2.1
v 1.8 1.5 -2.2
v 1.8 1.5 -2.3
v 1.8 1.5 -2.4
v 1.8 1.5 -2.5
v 1.8 1.5 -2.6
v 1.8 1.6 2.1
v 1.8 1.6 1.9
v 1.8 1.6 1.8
v 1.8 1.6 1.7
v 1.8 1.6 1.6
v 1.8 1.6 1.5
v 1.8 1.6 1.4
v 1.8 1.6 1.3
v 1.8 1.6 1.2
v 1.8 1.6 1.1
v 1.8 1.6 1
v 1.8 1.6 0.9
v 1.8 1.6 0.8
v 1.8 1.6 0.7
v 1.8 1.6 0.6
v 1.8 1.6 0.5
v 1.8 1.6 0.4
v 1.8 1.6 0.3
v 1.8 1.6 0.2
v 1.8 1.6 0.0999999
v 1.8 1.6 0
v 1.8 1.6 -0.0999999
v 1.8 1.6 -0.2
v 1.8 1.6 -0.3
v 1.8 1.6 -0.4
v 1.8 1.6 -0.5
v 1.8 1.6 -0.6
v 1.8 1.6 -0.7
v 1.8 1.6 -0.8
v 1.8 1.6 -0.9
v 1.8 1.6 -1
v 1.8 1.6 -1.1
v 1.8 1.6 -1.2
v 1.8 1.6 -1.3
v 1.8 1.6 -1.4
v 1.8 1.6 -1.5
v 1.8 1.6 -1.6
v 1.8 1.6 -1.7
v 1.8 1.6 -1.8
v 1.8 1.6 -1.9
v 1.8 1.6 -2.1
v 1.8 1.6 -2.2
v 1.8 1.6 -2.3
v 1.8 1.6 -2.4
v 1.8 1.6 -2.5
v 1.8 1.7 2.2
v 1.8 1.7 2.1
v 1.8 1.7 -2.5
v 1.8 1.7 -2.6
v 1.8 1.8 2.2
v 1.8 1.8 2.1
v 1.8 1.8 -2.5
v 1.8 1.8 -2.6
v 1.8 1.9 2.3
v 1.8 1.9 2.2
v 1.8 1.9 2.1
v 1.8 1.9 -2.5
v 1.8 1.9 -2.6
v 1.8 2 2.2
v 1.8 2 2.1
v 1.8 2 -2.5
v 1.8 2.1 2.3
v 1.8 2.1 2.2
v 1.8 2.1 2.1
v 1.8 2.1 -2.5
v 1.8 2.1 -2.6
v 1.8 2.2 2.3
v 1.8 2.2 2.1
v 1.8 2.2 -2.5
v 1.8 2.2 -2.6
v 1.8 2.4 2.3
v 1.8 2.4 2.1
v 1.8 2.4 -2.5
v 1.8 2.4 -2.6
v 1.9 1.5 1.9
v 1.9 1.5 1.8
v 1.9 1.6 2.1
v 1.9 1.6 1.9
v 1.9 1.6 1.8
v 1.9 1.6 1.7
v 1.9 1.6 1.6
v 1.9 1.6 1.5
v 1.9 1.6 1.2
v 1.9 1.6 0.9
v 1.9 1.6 0.8
v 1.9 1.6 0.7
v 1.9 1.6 0.6
v 1.9 1.6 0.5
v 1.9 1.6 0.4
v 1.9 1.6 0.2
v 1.9 1.6 0.0999999
v 1.9 1.6 -0.0999999
v 1.9 1.6 -0.2
v 1.9 1.6 -0.3
v 1.9 1.6 -0.5
v 1.9 1.6 -0.8
v 1.9 1.6 -0.9
v 1.9 1.6 -1
v 1.9 1.6 -1.3
v 1.9 1.6 -1.4
v 1.9 1.6 -1.5
v 1.9 1.6 -1.6
v 1.9 1.6 -1.7
v 1.9 1.6 -1.8
v 1.9 1.6 -1.9
v 1.9 1.6 -2.1
v 1.9 1.6 -2.3
v 1.9 1.6 -2.4
v 1.9 1.6 -2.5
v 1.9 1.7 2.1
v 1.9 1.7 1.9
v 1.9 1.7 1.7
v 1.9 1.7 1.6
v 1.9 1.7 1.5
v 1.9 1.7 1.2
v 1.9 1.7 0.9
v 1.9 1.7 0.8
v 1.9 1.7 0.7
v 1.9 1.7 0.6
v 1.9 1.7 0.5
v 1.9 1.7 0.4
v 1.9 1.7 0.2
v 1.9 1.7 0.0999999
v 1.9 1.7 -0.0999999
v 1.9 1.7 -0.2
v 1.9 1.7 -0.3
v 1.9 1.7 -0.5
v 1.9 1.7 -0.8
v 1.9 1.7 -0.9
v 1.9 1.7 -1
v 1.9 1.7 -1.3
v 1.9 1.7 -1.4
v 1.9 1.7 -1.5
v 1.9 1.7 -1.6
v 1.9 1.7 -1.7
v 1.9 1.7 -1.8
v 1.9 1.7 -1.9
v 1.9 1.7 -2.1
v 1.9 1.7 -2.3
v 1.9 1.7 -2.4
v 1.9 1.7 -2.5
v 1.9 1.8 -2.4
v 1.9 1.8 -2.5
v 1.9 1.9 -2.3
v 1.9 1.9 -2.4
v 1.9 1.9 -2.5
v 1.9 2 -2.3
v 1.9 2 -2.4
v 1.9 2 -2.5
v 1.9 2.1 -2.3
v 1.9 2.1 -2.4
v 1.9 2.1 -2.5
v 1.9 2.2 -2.4
v 1.9 2.2 -2.5
v 1.9 2.3 -2.4
v 1.9 2.3 -2.5
v 2 1.7 2.1
v 2 1.7 -2.4
v 2 1.8 2.1
v 2 1.8 2
v 2 1.8 1.9
v 2 1.8 1.7
v 2 1.8 1.6
v 2 1.8 1.5
v 2 1.8 1.3
v 2 1.8 1.2
v 2 1.8 1.1
v 2 1.8 1
v 2 1.8 0.9
v 2 1.8 0.5
v 2 1.8 0.3
v 2 1.8 0.0999999
v 2 1.8 0
v 2 1.8 -0.0999999
v 2 1.8 -0.2
v 2 1.8 -0.3
v 2 1.8 -0.7
v 2 1.8 -1
v 2 1.8 -1.1
v 2 1.8 -1.2
v 2 1.8 -1.3
v 2 1.8 -1.4
v 2 1.8 -1.6
v 2 1.8 -1.9
v 2 1.8 -2.1
v 2 1.8 -2.2
v 2 1.8 -2.3
v 2 1.8 -2.4
v 2 1.9 2.1
v 2 1.9 2
v 2 1.9 1.9
v 2 1.9 1.7
v 2 1.9 1.6
v 2 1.9 1.5
v 2 1.9 1.4
v 2 1.9 1.3
v 2 1.9 1.2
v 2 1.9 1.1
v 2 1.9 1
v 2 1.9 0.9
v 2 1.9 0.7
v 2 1.9 0.6
v 2 1.9 0.5
v 2 1.9 0.4
v 2 1.9 0.3
v 2 1.9 0.2
v 2 1.9 0.0999999
v 2 1.9 0
v 2 1.9 -0.0999999
v 2 1.9 -0.2
v 2 1.9 -0.3
v 2 1.9 -0.4
v 2 1.9 -0.5
v 2 1.9 -0.6
v 2 1.9 -0.7
v 2 1.9 -0.9
v 2 1.9 -1
v 2 1.9 -1.1
v 2 1.9 -1.2
v 2 1.9 -1.3
v 2 1.9 -1.4
v 2 1.9 -1.5
v 2 1.9 -1.6
v 2 1.9 -1.7
v 2 1.9 -1.8
v 2 1.9 -1.9
v 2 1.9 -2
v 2 1.9 -2.1
v 2 1.9 -2.2
v 2 1.9 -2.3
v 2 1.9 -2.4
v 2 2 2.1
v 2 2 2
v 2 2 -2
v 2 2 -2.1
v 2 2 -2.2
v 2 2 -2.3
v 2 2.1 2.1
v 2 2.1 2
v 2 2.1 -2
v 2 2.1 -2.1
v 2 2.1 -2.2
v 2 2.1 -2.3
v 2 2.1 -2.4
v 2 2.2 2.1
v 2 2.2 2
v 2 2.2 -2
v 2 2.2 -2.3
v 2 2.2 -2.4
v 2 2.3 2
v 2 2.3 -2.4
v 2 2.3 -2.5
v 2 2.4 2.1
v 2 2.4 2
v 2 2.4 -0.2
v 2 2.4 -0.4
v 2 2.4 -0.7
v 2 2.4 -0.9
v 2 2.4 -2
v 2 2.4 -2.5
v 2 2.6 -0.2
v 2 2.6 -0.4
v 2 2.6 -0.7
v 2 2.6 -0.9
v 2 2.7 -0.4
v 2 2.7 -0.7
v 2.1 1.9 2
v 2.1 1.9 1.9
v 2.1 1.9 1.7
v 2.1 1.9 1.6
v 2.1 1.9 1.5
v 2.1 1.9 1.4
v 2.1 1.9 1.3
v 2.1 1.9 1.1
v 2.1 1.9 1
v 2.1 1.9 0.9
v 2.1 1.9 0.7
v 2.1 1.9 0.6
v 2.1 1.9 0.5
v 2.1 1.9 0.4
v 2.1 1.9 0.2
v 2.1 1.9 0.0999999
v 2.1 1.9 0
v 2.1 1.9 -0.2
v 2.1 1.9 -0.3
v 2.1 1.9 -0.4
v 2.1 1.9 -0.5
v 2.1 1.9 -0.6
v 2.1 1.9 -0.7
v 2.1 1.9 -0.9
v 2.1 1.9 -1.1
v 2.1 1.9 -1.2
v 2.1 1.9 -1.3
v 2.1 1.9 -1.4
v 2.1 1.9 -1.5
v 2.1 1.9 -1.6
v 2.1 1.9 -1.7
v 2.1 1.9 -1.8
v 2.1 1.9 -1.9
v 2.1 1.9 -2
v 2.1 1.9 -2.2
v 2.1 2 2
v 2.1 2 1.9
v 2.1 2 1.8
v 2.1 2 1.7
v 2.1 2 1.6
v 2.1 2 1.5
v 2.1 2 1.3
v 2.1 2 1.2
v 2.1 2 1.1
v 2.1 2 1
v 2.1 2 0.9
v 2.1 2 0.8
v 2.1 2 0.7
v 2.1 2 0.5
v 2.1 2 0.4
v 2.1 2 0.2
v 2.1 2 0.0999999
v 2.1 2 0
v 2.1 2 -0.0999999
v 2.1 2 -0.2
v 2.1 2 -0.3
v 2.1 2 -0.8
v 2.1 2 -0.9
v 2.1 2 -1
v 2.1 2 -1.1
v 2.1 2 -1.2
v 2.1 2 -1.3
v 2.1 2 -1.4
v 2.1 2 -1.5
v 2.1 2 -1.7
v 2.1 2 -1.8
v 2.1 2 -1.9
v 2.1 2 -2
v 2.1 2 -2.2
v 2.1 2.1 1.9
v 2.1 2.1 1.8
v 2.1 2.1 1.6
v 2.1 2.1 1.5
v 2.1 2.1 1.4
v 2.1 2.1 1.3
v 2.1 2.1 1.2
v 2.1 2.1 1.1
v 2.1 2.1 1
v 2.1 2.1 0.9
v 2.1 2.1 0.7
v 2.1 2.1 0.6
v 2.1 2.1 0.5
v 2.1 2.1 0.3
v 2.1 2.1 0.2
v 2.1 2.1 0.0999999
v 2.1 2.1 -0.0999999
v 2.1 2.1 -0.3
v 2.1 2.1 -0.4
v 2.1 2.1 -0.6
v 2.1 2.1 -0.7
v 2.1 2.1 -0.8
v 2.1 2.1 -0.9
v 2.1 2.1 -1
v 2.1 2.1 -1.1
v 2.1 2.1 -1.2
v 2.1 2.1 -1.3
v 2.1 2.1 -1.4
v 2.1 2.1 -1.5
v 2.1 2.1 -1.6
v 2.1 2.1 -1.8
v 2.1 2.1 -2
v 2.1 2.2 1.9
v 2.1 2.2 1.6
v 2.1 2.2 1.5
v 2.1 2.2 1.3
v 2.1 2.2 1.1
v 2.1 2.2 1
v 2.1 2.2 0.9
v 2.1 2.2 0.8
v 2.1 2.2 0.7
v 2.1 2.2 0.6
v 2.1 2.2 0.5
v 2.1 2.2 0.4
v 2.1 2.2 0.3
v 2.1 2.2 0.2
v 2.1 2.2 0
v 2.1 2.2 -0.0999999
v 2.1 2.2 -0.4
v 2.1 2.2 -0.5
v 2.1 2.2 -0.6
v 2.1 2.2 -0.7
v 2.1 2.2 -0.8
v 2.1 2.2 -0.9
v 2.1 2.2 -1
v 2.1 2.2 -1.1
v 2.1 2.2 -1.2
v 2.1 2.2 -1.3
v 2.1 2.2 -1.5
v 2.1 2.2 -1.6
v 2.1 2.2 -2
v 2.1 2.3 2
v 2.1 2.3 1.9
v 2.1 2.4 2
v 2.1 2.4 1.9
v 2.1 2.4 -2
v -0.3 2.1 5.7
v -0.3 2.4 5.7
v -0.2 2.1 5.7
v -0.2 2.2 5.7
v 0.3 2.2 5.7
v 0.3 2.4 5.7
v -0.3 2 5.6
v -0.3 2.1 5.6
v -0.2 2 5.6
v -0.2 2.1 5.6
v -0.2 2 5.4
v -0.2 2.2 5.4
v 0.3 2 5.4
v 0.3 2.2 5.4
v -0.2 1.9 5.3
v -0.2 2 5.3
v -0.0999999 1.9 5.3
v -0.0999999 2 5.3
v 0 1.9 5.3
v 0 2 5.3
v 0.0999999 1.9 5.3
v 0.0999999 2 5.3
v 0.2 1.9 5.3
v 0.2 2 5.3
v 0.3 1.9 5.3
v 0.3 2 5.3
v -0.3 1.9 5.2
v -0.3 2 5.2
v -0.2 1.8 5.2
v -0.2 1.9 5.2
v -0.2 2 5.2
v -0.0999999 1.8 5.2
v -0.0999999 1.9 5.2
v 0 1.8 5.2
v 0 1.9 5.2
v 0.0999999 1.8 5.2
v 0.0999999 1.9 5.2
v 0.2 1.8 5.2
v 0.2 1.9 5.2
v 0.3 1.8 5.2
v 0.3 1.9 5.2
v -0.4 2.1 5.1
v -0.4 2.3 5.1
v -0.3 1.7 5.1
v -0.3 1.8 5.1
v -0.3 1.9 5.1
v -0.3 2.1 5.1
v -0.3 2.3 5.1
v -0.2 1.7 5.1
v -0.2 1.8 5.1
v -0.2 1.9 5.1
v -0.0999999 1.5 5.1
v -0.0999999 1.6 5.1
v -0.0999999 1.7 5.1
v -0.0999999 1.8 5.1
v 0 1.5 5.1
v 0 1.6 5.1
v 0 1.8 5.1
v 0.0999999 1.6 5.1
v 0.0999999 1.7 5.1
v 0.0999999 1.8 5.1
v 0.2 1.6 5.1
v 0.2 1.7 5.1
v 0.2 1.8 5.1
v 0.3 1.6 5.1
v 0.3 1.7 5.1
v 0.3 1.8 5.1
v 0.3 2.1 5.1
v 0.3 2.3 5.1
v 0.4 2.1 5.1
v 0.4 2.3 5.1
v -0.4 2 5
v -0.4 2.1 5
v -0.4 2.3 5
v -0.4 2.4 5
v -0.3 2 5
v -0.3 2.1 5
v -0.3 2.3 5
v -0.3 2.4 5
v -0.2 1.6 5
v -0.2 1.7 5
v -0.0999999 1.6 5
v -0.0999999 1.7 5
v 0 1.5 5
v 0 1.6 5
v 0.0999999 1.5 5
v 0.0999999 1.6 5
v 0.2 1.5 5
v 0.2 1.6 5
v 0.3 1.5 5
v 0.3 1.6 5
v 0.3 2 5
v 0.3 2.1 5
v 0.3 2.3 5
v 0.3 2.4 5
v 0.4 2 5
v 0.4 2.1 5
v 0.4 2.3 5
v 0.4 2.4 5
v -0.5 2 4.9
v -0.5 2.1 4.9
v -0.5 2.2 4.9
v -0.5 2.4 4.9
v -0.4 1.9 4.9
v -0.4 2 4.9
v -0.4 2.1 4.9
v -0.4 2.2 4.9
v -0.4 2.4 4.9
v -0.3 1.5 4.9
v -0.3 1.6 4.9
v -0.3 1.7 4.9
v -0.3 1.9 4.9
v -0.3 2 4.9
v -0.2 1.4 4.9
v -0.2 1.5 4.9
v -0.2 1.6 4.9
v -0.2 1.7 4.9
v -0.0999999 1.4 4.9
v -0.0999999 1.5 4.9
v -0.0999999 1.6 4.9
v 0.3 1.9 4.9
v 0.3 2 4.9
v 0.4 1.9 4.9
v 0.4 2 4.9
v 0.4 2.2 4.9
v 0.4 2.4 4.9
v 0.5 2 4.9
v 0.5 2.2 4.9
v 0.5 2.4 4.9
v -0.5 1.9 4.8
v -0.5 2 4.8
v -0.4 1.8 4.8
v -0.4 1.9 4.8
v -0.4 2 4.8
v -0.3 1.4 4.8
v -0.3 1.5 4.8
v -0.3 1.8 4.8
v -0.3 1.9 4.8
v -0.2 1.4 4.8
v -0.2 1.5 4.8
v -0.0999999 1.4 4.8
v -0.0999999 1.5 4.8
v 0 1.4 4.8
v 0 1.5 4.8
v 0.2 1.4 4.8
v 0.2 1.5 4.8
v 0.3 1.4 4.8
v 0.3 1.5 4.8
v 0.3 1.8 4.8
v 0.3 1.9 4.8
v 0.4 1.8 4.8
v 0.4 1.9 4.8
v 0.4 2 4.8
v 0.5 1.9 4.8
v 0.5 2 4.8
v -0.6 2 4.7
v -0.6 2.2 4.7
v -0.6 2.4 4.7
v -0.5 1.8 4.7
v -0.5 1.9 4.7
v -0.5 2 4.7
v -0.5 2.2 4.7
v -0.5 2.4 4.7
v -0.4 1.7 4.7
v -0.4 1.8 4.7
v -0.4 1.9 4.7
v -0.3 1.7 4.7
v -0.3 1.8 4.7
v 0.0999999 1.3 4.7
v 0.0999999 1.4 4.7
v 0.2 1.3 4.7
v 0.2 1.4 4.7
v 0.3 1.3 4.7
v 0.3 1.4 4.7
v 0.3 1.7 4.7
v 0.3 1.8 4.7
v 0.4 1.7 4.7
v 0.4 1.8 4.7
v 0.4 1.9 4.7
v 0.5 1.8 4.7
v 0.5 1.9 4.7
v 0.5 2 4.7
v 0.5 2.1 4.7
v 0.5 2.2 4.7
v 0.5 2.4 4.7
v 0.6 2 4.7
v 0.6 2.1 4.7
v 0.6 2.2 4.7
v 0.6 2.4 4.7
v -0.6 1.9 4.6
v -0.6 2 4.6
v -0.5 1.9 4.6
v -0.5 2 4.6
v -0.3 1.3 4.6
v -0.3 1.4 4.6
v -0.2 1.4 4.6
v -0.0999999 1.3 4.6
v -0.0999999 1.4 4.6
v 0 1.3 4.6
v 0 1.4 4.6
v 0.0999999 1.2 4.6
v 0.0999999 1.3 4.6
v 0.0999999 1.4 4.6
v 0.2 1.2 4.6
v 0.2 1.3 4.6
v 0.5 1.9 4.6
v 0.5 2 4.6
v 0.6 1.9 4.6
v 0.6 2 4.6
v -0.7 2 4.5
v -0.7 2.2 4.5
v -0.7 2.4 4.5
v -0.6 1.8 4.5
v -0.6 1.9 4.5
v -0.6 2 4.5
v -0.6 2.2 4.5
v -0.6 2.4 4.5
v -0.5 1.7 4.5
v -0.5 1.8 4.5
v -0.5 1.9 4.5
v -0.4 1.6 4.5
v -0.4 1.7 4.5
v -0.4 1.8 4.5
v -0.3 1.6 4.5
v -0.3 1.7 4.5
v -0.0999999 1.3 4.5
v -0.0999999 1.4 4.5
v 0 1.2 4.5
v 0 1.3 4.5
v 0 1.4 4.5
v 0.0999999 1.2 4.5
v 0.0999999 1.3 4.5
v 0.2 1.2 4.5
v 0.2 1.3 4.5
v 0.3 1.2 4.5
v 0.3 1.3 4.5
v 0.3 1.6 4.5
v 0.3 1.7 4.5
v 0.4 1.6 4.5
v 0.4 1.7 4.5
v 0.4 1.8 4.5
v 0.5 1.7 4.5
v 0.5 1.8 4.5
v 0.5 1.9 4.5
v 0.6 1.8 4.5
v 0.6 1.9 4.5
v 0.6 2 4.5
v 0.6 2.1 4.5
v 0.6 2.2 4.5
v 0.6 2.4 4.5
v 0.7 2 4.5
v 0.7 2.1 4.5
v 0.7 2.2 4.5
v 0.7 2.4 4.5
v -0.7 1.9 4.4
v -0.7 2 4.4
v -0.6 1.7 4.4
v -0.6 1.8 4.4
v -0.6 1.9 4.4
v -0.6 2 4.4
v -0.5 1.6 4.4
v -0.5 1.7 4.4
v -0.5 1.8 4.4
v -0.4 1.6 4.4
v -0.4 1.7 4.4
v -0.3 1.2 4.4
v -0.3 1.3 4.4
v -0.2 1.2 4.4
v -0.2 1.3 4.4
v -0.0999999 1.2 4.4
v -0.0999999 1.3 4.4
v 0 1.1 4.4
v 0 1.2 4.4
v 0 1.3 4.4
v 0.0999999 1.1 4.4
v 0.0999999 1.2 4.4
v 0.2 1.1 4.4
v 0.2 1.2 4.4
v 0.3 1.1 4.4
v 0.3 1.2 4.4
v 0.4 1.6 4.4
v 0.4 1.7 4.4
v 0.5 1.6 4.4
v 0.5 1.7 4.4
v 0.5 1.8 4.4
v 0.6 1.7 4.4
v 0.6 1.8 4.4
v 0.6 1.9 4.4
v 0.6 2 4.4
v 0.7 1.9 4.4
v 0.7 2 4.4
v -0.8 2 4.3
v -0.8 2.1 4.3
v -0.8 2.2 4.3
v -0.8 2.4 4.3
v -0.7 1.8 4.3
v -0.7 1.9 4.3
v -0.7 2 4.3
v -0.7 2.1 4.3
v -0.7 2.2 4.3
v -0.7 2.4 4.3
v -0.6 1.8 4.3
v -0.6 1.9 4.3
v -0.4 1.5 4.3
v -0.4 1.6 4.3
v -0.3 1.1 4.3
v -0.3 1.2 4.3
v -0.3 1.5 4.3
v -0.3 1.6 4.3
v -0.2 1.1 4.3
v -0.2 1.2 4.3
v -0.2 1.3 4.3
v -0.0999999 1.1 4.3
v -0.0999999 1.2 4.3
v -0.0999999 1.3 4.3
v 0 1.1 4.3
v 0 1.2 4.3
v 0.0999999 1.1 4.3
v 0.0999999 1.2 4.3
v 0.2 1 4.3
v 0.2 1.1 4.3
v 0.2 1.2 4.3
v 0.3 1 4.3
v 0.3 1.1 4.3
v 0.3 1.5 4.3
v 0.3 1.6 4.3
v 0.4 1.5 4.3
v 0.4 1.6 4.3
v 0.6 1.8 4.3
v 0.6 1.9 4.3
v 0.7 1.8 4.3
v 0.7 1.9 4.3
v 0.7 2 4.3
v 0.7 2.1 4.3
v 0.7 2.2 4.3
v 0.7 2.4 4.3
v 0.8 2 4.3
v 0.8 2.1 4.3
v 0.8 2.2 4.3
v 0.8 2.4 4.3
v -0.8 1.9 4.2
v -0.8 2 4.2
v -0.7 1.7 4.2
v -0.7 1.8 4.2
v -0.7 1.9 4.2
v -0.7 2 4.2
v -0.6 1.6 4.2
v -0.6 1.7 4.2
v -0.6 1.8 4.2
v -0.5 1.5 4.2
v -0.5 1.6 4.2
v -0.5 1.7 4.2
v -0.4 1.5 4.2
v -0.4 1.6 4.2
v -0.3 1 4.2
v -0.3 1.1 4.2
v -0.2 1.1 4.2
v -0.2 1.2 4.2
v -0.0999999 1 4.2
v -0.0999999 1.1 4.2
v -0.0999999 1.2 4.2
v 0 1 4.2
v 0 1.1 4.2
v 0.0999999 1 4.2
v 0.0999999 1.1 4.2
v 0.2 0.9 4.2
v 0.2 1 4.2
v 0.2 1.1 4.2
v 0.3 0.9 4.2
v 0.3 1 4.2
v 0.4 1.5 4.2
v 0.4 1.6 4.2
v 0.5 1.5 4.2
v 0.5 1.6 4.2
v 0.5 1.7 4.2
v 0.6 1.6 4.2
v 0.6 1.7 4.2
v 0.6 1.8 4.2
v 0.7 1.7 4.2
v 0.7 1.8 4.2
v 0.7 1.9 4.2
v 0.7 2 4.2
v 0.8 1.9 4.2
v 0.8 2 4.2
v -0.9 2 4.1
v -0.9 2.1 4.1
v -0.9 2.2 4.1
v -0.9 2.4 4.1
v -0.8 1.7 4.1
v -0.8 1.8 4.1
v -0.8 1.9 4.1
v -0.8 2 4.1
v -0.8 2.1 4.1
v -0.8 2.2 4.1
v -0.8 2.4 4.1
v -0.7 1.6 4.1
v -0.7 1.7 4.1
v -0.7 1.8 4.1
v -0.7 1.9 4.1
v -0.6 1.5 4.1
v -0.6 1.6 4.1
v -0.6 1.7 4.1
v -0.5 1.4 4.1
v -0.5 1.5 4.1
v -0.5 1.6 4.1
v -0.4 1.4 4.1
v -0.4 1.5 4.1
v -0.3 0.9 4.1
v -0.3 1 4.1
v -0.3 1.4 4.1
v -0.3 1.5 4.1
v -0.0999999 0.9 4.1
v -0.0999999 1 4.1
v -0.0999999 1.1 4.1
v 0 0.9 4.1
v 0 1 4.1
v 0 1.1 4.1
v 0.0999999 0.8 4.1
v 0.0999999 0.9 4.1
v 0.0999999 1 4.1
v 0.2 0.8 4.1
v 0.2 0.9 4.1
v 0.2 1 4.1
v 0.3 1.4 4.1
v 0.3 1.5 4.1
v 0.5 1.4 4.1
v 0.5 1.5 4.1
v 0.5 1.6 4.1
v 0.6 1.5 4.1
v 0.6 1.6 4.1
v 0.6 1.7 4.1
v 0.7 1.6 4.1
v 0.7 1.7 4.1
v 0.7 1.8 4.1
v 0.7 1.9 4.1
v 0.8 1.7 4.1
v 0.8 1.8 4.1
v 0.8 1.9 4.1
v 0.8 2 4.1
v 0.8 2.1 4.1
v 0.8 2.2 4.1
v 0.8 2.4 4.1
v 0.9 2 4.1
v 0.9 2.2 4.1
v 0.9 2.4 4.1
v -0.9 1.8 4
v -0.9 1.9 4
v -0.9 2 4
v -0.8 1.8 4
v -0.8 1.9 4
v -0.8 2 4
v -0.7 1.5 4
v -0.7 1.6 4
v -0.6 1.5 4
v -0.6 1.6 4
v -0.4 1.3 4
v -0.4 1.4 4
v -0.3 0.8 4
v -0.3 0.9 4
v -0.3 1.3 4
v -0.3 1.4 4
v -0.2 1.3 4
v -0.2 1.4 4
v -0.0999999 0.8 4
v -0.0999999 0.9 4
v -0.0999999 1 4
v 0 0.8 4
v 0 0.9 4
v 0 1 4
v 0.0999999 0.7 4
v 0.0999999 0.8 4
v 0.0999999 0.9 4
v 0.2 0.8 4
v 0.2 0.9 4
v 0.2 1.3 4
v 0.2 1.4 4
v 0.3 0.7 4
v 0.3 0.8 4
v 0.3 0.9 4
v 0.3 1.3 4
v 0.3 1.4 4
v 0.4 1.3 4
v 0.4 1.4 4
v 0.6 1.5 4
v 0.6 1.6 4
v 0.7 1.5 4
v 0.7 1.6 4
v 0.8 1.8 4
v 0.8 1.9 4
v 0.8 2 4
v 0.9 1.8 4
v 0.9 1.9 4
v 0.9 2 4
v -1 2 3.9
v -1 2.2 3.9
v -1 2.4 3.9
v -0.9 1.7 3.9
v -0.9 1.8 3.9
v -0.9 2 3.9
v -0.9 2.2 3.9
v -0.9 2.4 3.9
v -0.8 1.6 3.9
v -0.8 1.7 3.9
v -0.8 1.8 3.9
v -0.7 1.6 3.9
v -0.7 1.7 3.9
v -0.6 1.4 3.9
v -0.6 1.5 3.9
v -0.5 1.3 3.9
v -0.5 1.4 3.9
v -0.5 1.5 3.9
v -0.4 1.3 3.9
v -0.4 1.4 3.9
v -0.2 0.7 3.9
v -0.2 0.8 3.9
v -0.0999999 0.7 3.9
v -0.0999999 0.8 3.9
v -0.0999999 0.9 3.9
v 0 0.7 3.9
v 0 0.8 3.9
v 0 0.9 3.9
v 0.0999999 0.7 3.9
v 0.0999999 0.8 3.9
v 0.0999999 1.5 3.9
v 0.0999999 1.6 3.9
v 0.2 1.5 3.9
v 0.2 1.6 3.9
v 0.4 1.3 3.9
v 0.4 1.4 3.9
v 0.5 1.3 3.9
v 0.5 1.4 3.9
v 0.5 1.5 3.9
v 0.6 1.4 3.9
v 0.6 1.5 3.9
v 0.7 1.6 3.9
v 0.7 1.7 3.9
v 0.8 1.6 3.9
v 0.8 1.7 3.9
v 0.8 1.8 3.9
v 0.9 1.7 3.9
v 0.9 1.8 3.9
v 0.9 2 3.9
v 0.9 2.1 3.9
v 0.9 2.2 3.9
v 0.9 2.4 3.9
v 1 2 3.9
v 1 2.2 3.9
v 1 2.4 3.9
v -1 1.8 3.8
v -1 1.9 3.8
v -1 2 3.8
v -0.9 1.6 3.8
v -0.9 1.7 3.8
v -0.9 1.8 3.8
v -0.9 1.9 3.8
v -0.9 2 3.8
v -0.8 1.5 3.8
v -0.8 1.6 3.8
v -0.8 1.7 3.8
v -0.7 1.4 3.8
v -0.7 1.5 3.8
v -0.7 1.6 3.8
v -0.6 1.3 3.8
v -0.6 1.4 3.8
v -0.6 1.5 3.8
v -0.5 1.3 3.8
v -0.5 1.4 3.8
v -0.4 1.2 3.8
v -0.4 1.3 3.8
v -0.3 0.6 3.8
v -0.3 0.7 3.8
v -0.3 0.8 3.8
v -0.3 1.3 3.8
v -0.2 0.7 3.8
v -0.2 0.8 3.8
v -0.2 1.2 3.8
v -0.2 1.3 3.8
v -0.0999999 0.6 3.8
v -0.0999999 0.7 3.8
v -0.0999999 0.8 3.8
v 0 0.6 3.8
v 0 0.7 3.8
v 0 0.8 3.8
v 0.0999999 0.6 3.8
v 0.0999999 0.7 3.8
v 0.2 0.6 3.8
v 0.2 0.7 3.8
v 0.2 1.2 3.8
v 0.2 1.3 3.8
v 0.4 1.2 3.8
v 0.4 1.3 3.8
v 0.5 1.3 3.8
v 0.5 1.4 3.8
v 0.6 1.3 3.8
v 0.6 1.4 3.8
v 0.6 1.5 3.8
v 0.7 1.4 3.8
v 0.7 1.5 3.8
v 0.7 1.6 3.8
v 0.8 1.5 3.8
v 0.8 1.6 3.8
v 0.8 1.7 3.8
v 0.9 1.6 3.8
v 0.9 1.7 3.8
v 0.9 1.8 3.8
v 0.9 1.9 3.8
v 0.9 2 3.8
v 1 1.8 3.8
v 1 1.9 3.8
v 1 2 3.8
v -1.1 2 3.7
v -1.1 2.1 3.7
v -1.1 2.2 3.7
v -1.1 2.4 3.7
v -1 1.7 3.7
v -1 1.8 3.7
v -1 2 3.7
v -1 2.1 3.7
v -1 2.2 3.7
v -1 2.4 3.7
v -0.9 1.5 3.7
v -0.9 1.6 3.7
v -0.9 1.7 3.7
v -0.9 1.8 3.7
v -0.8 1.4 3.7
v -0.8 1.5 3.7
v -0.8 1.6 3.7
v -0.7 1.3 3.7
v -0.7 1.4 3.7
v -0.7 1.5 3.7
v -0.6 1.3 3.7
v -0.6 1.4 3.7
v -0.5 1.2 3.7
v -0.5 1.3 3.7
v -0.4 1.2 3.7
v -0.4 1.3 3.7
v -0.0999999 0.5 3.7
v -0.0999999 0.6 3.7
v 0 0.5 3.7
v 0 0.6 3.7
v 0 0.7 3.7
v 0.0999999 0.6 3.7
v 0.0999999 0.7 3.7
v 0.2 0.6 3.7
v 0.2 0.7 3.7
v 0.3 0.6 3.7
v 0.3 0.7 3.7
v 0.4 1.2 3.7
v 0.4 1.3 3.7
v 0.5 1.2 3.7
v 0.5 1.3 3.7
v 0.6 1.3 3.7
v 0.6 1.4 3.7
v 0.7 1.3 3.7
v 0.7 1.4 3.7
v 0.7 1.5 3.7
v 0.8 1.4 3.7
v 0.8 1.5 3.7
v 0.8 1.6 3.7
v 0.9 1.5 3.7
v 0.9 1.6 3.7
v 0.9 1.7 3.7
v 0.9 1.8 3.7
v 1 1.7 3.7
v 1 1.8 3.7
v 1 2 3.7
v 1 2.1 3.7
v 1 2.2 3.7
v 1 2.4 3.7
v 1.1 2 3.7
v 1.1 2.1 3.7
v 1.1 2.2 3.7
v 1.1 2.4 3.7
v -1.1 1.8 3.6
v -1.1 2 3.6
v -1 1.6 3.6
v -1 1.7 3.6
v -1 1.8 3.6
v -1 1.9 3.6
v -1 2 3.6
v -0.9 1.6 3.6
v -0.9 1.7 3.6
v -0.6 1.2 3.6
v -0.6 1.3 3.6
v -0.5 1.2 3.6
v -0.5 1.3 3.6
v -0.4 1.1 3.6
v -0.4 1.2 3.6
v -0.3 1.1 3.6
v -0.2 0.5 3.6
v -0.2 0.6 3.6
v -0.2 1.1 3.6
v -0.2 1.2 3.6
v -0.0999999 0.5 3.6
v -0.0999999 0.6 3.6
v 0.2 1.1 3.6
v 0.2 1.2 3.6
v 0.3 1.1 3.6
v 0.3 1.2 3.6
v 0.4 1.1 3.6
v 0.4 1.2 3.6
v 0.5 1.2 3.6
v 0.5 1.3 3.6
v 0.6 1.2 3.6
v 0.6 1.3 3.6
v 0.9 1.6 3.6
v 0.9 1.7 3.6
v 1 1.6 3.6
v 1 1.7 3.6
v 1 1.8 3.6
v 1 1.9 3.6
v 1 2 3.6
v 1.1 1.8 3.6
v 1.1 1.9 3.6
v 1.1 2 3.6
v -1.2 2 3.5
v -1.2 2.1 3.5
v -1.2 2.2 3.5
v -1.2 2.4 3.5
v -1.1 1.7 3.5
v -1.1 1.8 3.5
v -1.1 2 3.5
v -1.1 2.1 3.5
v -1.1 2.2 3.5
v -1.1 2.4 3.5
v -1 1.5 3.5
v -1 1.6 3.5
v -1 1.7 3.5
v -1 1.8 3.5
v -0.9 1.4 3.5
v -0.9 1.5 3.5
v -0.9 1.6 3.5
v -0.8 1.3 3.5
v -0.8 1.4 3.5
v -0.8 1.5 3.5
v -0.7 1.2 3.5
v -0.7 1.3 3.5
v -0.7 1.4 3.5
v -0.6 1.2 3.5
v -0.6 1.3 3.5
v -0.5 1.1 3.5
v -0.5 1.2 3.5
v -0.4 1.1 3.5
v -0.4 1.2 3.5
v -0.3 0.5 3.5
v -0.3 0.6 3.5
v -0.2 0.5 3.5
v -0.2 0.6 3.5
v -0.0999999 0.5 3.5
v -0.0999999 0.6 3.5
v 0 0.5 3.5
v 0 0.6 3.5
v 0.0999999 0.5 3.5
v 0.0999999 0.6 3.5
v 0.2 0.5 3.5
v 0.2 0.6 3.5
v 0.3 0.5 3.5
v 0.3 0.6 3.5
v 0.4 1.1 3.5
v 0.4 1.2 3.5
v 0.5 1.1 3.5
v 0.5 1.2 3.5
v 0.6 1.2 3.5
v 0.6 1.3 3.5
v 0.7 1.2 3.5
v 0.7 1.3 3.5
v 0.7 1.4 3.5
v 0.8 1.3 3.5
v 0.8 1.4 3.5
v 0.8 1.5 3.5
v 0.9 1.4 3.5
v 0.9 1.5 3.5
v 0.9 1.6 3.5
v 1 1.5 3.5
v 1 1.6 3.5
v 1 1.7 3.5
v 1 1.8 3.5
v 1.1 1.7 3.5
v 1.1 1.8 3.5
v 1.1 2 3.5
v 1.1 2.1 3.5
v 1.1 2.2 3.5
v 1.1 2.4 3.5
v 1.2 2 3.5
v 1.2 2.2 3.5
v 1.2 2.4 3.5
v -1.2 1.8 3.4
v -1.2 1.9 3.4
v -1.2 2 3.4
v -1.1 1.6 3.4
v -1.1 1.7 3.4
v -1.1 1.8 3.4
v -1.1 1.9 3.4
v -1.1 2 3.4
v -1 1.4 3.4
v -1 1.5 3.4
v -1 1.6 3.4
v -1 1.7 3.4
v -0.9 1.3 3.4
v -0.9 1.4 3.4
v -0.9 1.5 3.4
v -0.8 1.2 3.4
v -0.8 1.3 3.4
v -0.8 1.4 3.4
v -0.7 1.2 3.4
v -0.7 1.3 3.4
v -0.6 1.1 3.4
v -0.6 1.2 3.4
v -0.5 1.1 3.4
v -0.5 1.2 3.4
v -0.4 1 3.4
v -0.4 1.1 3.4
v -0.3 1 3.4
v -0.3 1.1 3.4
v -0.2 1 3.4
v -0.2 1.1 3.4
v -0.0999999 0.4 3.4
v -0.0999999 0.5 3.4
v 0 0.4 3.4
v 0 0.5 3.4
v 0 0.6 3.4
v 0.0999999 0.4 3.4
v 0.0999999 0.5 3.4
v 0.0999999 0.6 3.4
v 0.2 1 3.4
v 0.2 1.1 3.4
v 0.3 1 3.4
v 0.3 1.1 3.4
v 0.4 1 3.4
v 0.4 1.1 3.4
v 0.5 1.1 3.4
v 0.5 1.2 3.4
v 0.6 1.1 3.4
v 0.6 1.2 3.4
v 0.7 1.2 3.4
v 0.7 1.3 3.4
v 0.8 1.2 3.4
v 0.8 1.3 3.4
v 0.8 1.4 3.4
v 0.9 1.3 3.4
v 0.9 1.4 3.4
v 0.9 1.5 3.4
v 1 1.4 3.4
v 1 1.5 3.4
v 1 1.6 3.4
v 1 1.7 3.4
v 1.1 1.6 3.4
v 1.1 1.7 3.4
v 1.1 1.8 3.4
v 1.1 1.9 3.4
v 1.1 2 3.4
v 1.2 1.8 3.4
v 1.2 1.9 3.4
v 1.2 2 3.4
v -1.3 1.9 3.3
v -1.3 2.2 3.3
v -1.3 2.4 3.3
v -1.2 1.6 3.3
v -1.2 1.7 3.3
v -1.2 1.8 3.3
v -1.2 1.9 3.3
v -1.2 2.1 3.3
v -1.2 2.2 3.3
v -1.2 2.4 3.3
v -1.1 1.5 3.3
v -1.1 1.6 3.3
v -1.1 1.7 3.3
v -1.1 1.8 3.3
v -1 1.3 3.3
v -1 1.4 3.3
v -1 1.5 3.3
v -1 1.6 3.3
v -0.9 1.2 3.3
v -0.9 1.3 3.3
v -0.9 1.4 3.3
v -0.8 1.2 3.3
v -0.8 1.3 3.3
v -0.7 1.1 3.3
v -0.7 1.2 3.3
v -0.6 1 3.3
v -0.6 1.1 3.3
v -0.6 1.2 3.3
v -0.5 1 3.3
v -0.5 1.1 3.3
v -0.4 1 3.3
v -0.4 1.1 3.3
v -0.3 0.9 3.3
v -0.3 1 3.3
v -0.2 0.4 3.3
v -0.2 0.5 3.3
v -0.2 0.9 3.3
v -0.2 1 3.3
v -0.0999999 0.4 3.3
v -0.0999999 0.5 3.3
v 0.0999999 0.4 3.3
v 0.0999999 0.5 3.3
v 0.2 0.4 3.3
v 0.2 0.5 3.3
v 0.2 0.9 3.3
v 0.2 1 3.3
v 0.3 0.9 3.3
v 0.3 1 3.3
v 0.4 1 3.3
v 0.4 1.1 3.3
v 0.5 1 3.3
v 0.5 1.1 3.3
v 0.6 1 3.3
v 0.6 1.1 3.3
v 0.6 1.2 3.3
v 0.7 1.1 3.3
v 0.7 1.2 3.3
v 0.8 1.2 3.3
v 0.8 1.3 3.3
v 0.9 1.2 3.3
v 0.9 1.3 3.3
v 0.9 1.4 3.3
v 1 1.3 3.3
v 1 1.4 3.3
v 1 1.5 3.3
v 1 1.6 3.3
v 1.1 1.5 3.3
v 1.1 1.6 3.3
v 1.1 1.7 3.3
v 1.1 1.8 3.3
v 1.2 1.6 3.3
v 1.2 1.7 3.3
v 1.2 1.8 3.3
v 1.2 1.9 3.3
v 1.2 2 3.3
v 1.2 2.1 3.3
v 1.2 2.2 3.3
v 1.2 2.4 3.3
v 1.3 1.9 3.3
v 1.3 2.2 3.3
v 1.3 2.4 3.3
v -1.3 1.8 3.2
v -1.3 1.9 3.2
v -1.2 1.5 3.2
v -1.2 1.6 3.2
v -1.2 1.8 3.2
v -1.2 1.9 3.2
v -1.1 1.4 3.2
v -1.1 1.5 3.2
v -1.1 1.6 3.2
v -1 1.4 3.2
v -1 1.5 3.2
v -0.8 1.1 3.2
v -0.8 1.2 3.2
v -0.7 1 3.2
v -0.7 1.1 3.2
v -0.7 1.2 3.2
v -0.6 1 3.2
v -0.6 1.1 3.2
v -0.4 0.9 3.2
v -0.4 1 3.2
v -0.3 0.3 3.2
v -0.3 0.4 3.2
v -0.3 0.5 3.2
v -0.3 0.9 3.2
v -0.3 1 3.2
v -0.2 0.3 3.2
v -0.2 0.4 3.2
v -0.2 0.5 3.2
v -0.0999999 0.3 3.2
v -0.0999999 0.4 3.2
v 0 0.3 3.2
v 0 0.4 3.2
v 0.0999999 0.3 3.2
v 0.0999999 0.4 3.2
v 0.2 0.3 3.2
v 0.2 0.4 3.2
v 0.2 0.5 3.2
v 0.3 0.3 3.2
v 0.3 0.4 3.2
v 0.3 0.5 3.2
v 0.3 0.9 3.2
v 0.3 1 3.2
v 0.4 0.9 3.2
v 0.4 1 3.2
v 0.6 1 3.2
v 0.6 1.1 3.2
v 0.7 1 3.2
v 0.7 1.1 3.2
v 0.7 1.2 3.2
v 0.8 1.1 3.2
v 0.8 1.2 3.2
v 1 1.4 3.2
v 1 1.5 3.2
v 1.1 1.4 3.2
v 1.1 1.5 3.2
v 1.1 1.6 3.2
v 1.2 1.5 3.2
v 1.2 1.6 3.2
v 1.2 1.8 3.2
v 1.2 1.9 3.2
v 1.3 1.8 3.2
v 1.3 1.9 3.2
v -1.4 1.9 3.1
v -1.4 2 3.1
v -1.4 2.2 3.1
v -1.4 2.4 3.1
v -1.3 1.6 3.1
v -1.3 1.7 3.1
v -1.3 1.8 3.1
v -1.3 1.9 3.1
v -1.3 2 3.1
v -1.3 2.1 3.1
v -1.3 2.2 3.1
v -1.3 2.4 3.1
v -1.2 1.4 3.1
v -1.2 1.5 3.1
v -1.2 1.6 3.1
v -1.2 1.7 3.1
v -1.2 1.8 3.1
v -1.1 1.3 3.1
v -1.1 1.4 3.1
v -1.1 1.5 3.1
v -1 1.2 3.1
v -1 1.3 3.1
v -1 1.4 3.1
v -0.9 1.1 3.1
v -0.9 1.2 3.1
v -0.9 1.3 3.1
v -0.8 1 3.1
v -0.8 1.1 3.1
v -0.8 1.2 3.1
v -0.7 1 3.1
v -0.7 1.1 3.1
v -0.6 0.9 3.1
v -0.6 1 3.1
v -0.5 0.9 3.1
v -0.5 1 3.1
v -0.4 0.9 3.1
v -0.4 1 3.1
v -0.2 0.2 3.1
v -0.2 0.3 3.1
v -0.0999999 0.2 3.1
v -0.0999999 0.3 3.1
v -0.0999999 0.4 3.1
v 0 0.2 3.1
v 0 0.3 3.1
v 0 0.4 3.1
v 0.0999999 0.2 3.1
v 0.0999999 0.3 3.1
v 0.0999999 0.4 3.1
v 0.2 0.2 3.1
v 0.2 0.3 3.1
v 0.2 0.4 3.1
v 0.4 0.9 3.1
v 0.4 1 3.1
v 0.5 0.9 3.1
v 0.5 1 3.1
v 0.6 0.9 3.1
v 0.6 1 3.1
v 0.7 1 3.1
v 0.7 1.1 3.1
v 0.8 1 3.1
v 0.8 1.1 3.1
v 0.8 1.2 3.1
v 0.9 1.1 3.1
v 0.9 1.2 3.1
v 0.9 1.3 3.1
v 1 1.2 3.1
v 1 1.3 3.1
v 1 1.4 3.1
v 1.1 1.3 3.1
v 1.1 1.4 3.1
v 1.1 1.5 3.1
v 1.2 1.4 3.1
v 1.2 1.5 3.1
v 1.2 1.6 3.1
v 1.2 1.7 3.1
v 1.2 1.8 3.1
v 1.3 1.6 3.1
v 1.3 1.7 3.1
v 1.3 1.8 3.1
v 1.3 1.9 3.1
v 1.3 2 3.1
v 1.3 2.1 3.1
v 1.3 2.2 3.1
v 1.3 2.4 3.1
v 1.4 1.9 3.1
v 1.4 2 3.1
v 1.4 2.1 3.1
v 1.4 2.2 3.1
v 1.4 2.4 3.1
v -1.4 1.7 3
v -1.4 1.8 3
v -1.4 1.9 3
v -1.3 1.5 3
v -1.3 1.6 3
v -1.3 1.7 3
v -1.3 1.8 3
v -1.3 1.9 3
v -1.2 1.5 3
v -1.2 1.6 3
v -1.1 1.2 3
v -1.1 1.3 3
v -1 1.1 3
v -1 1.2 3
v -1 1.3 3
v -0.9 1.1 3
v -0.9 1.2 3
v -0.7 0.9 3
v -0.7 1 3
v -0.6 0.9 3
v -0.6 1 3
v -0.5 0.8 3
v -0.5 0.9 3
v -0.4 0.8 3
v -0.4 0.9 3
v -0.3 0.8 3
v -0.3 0.9 3
v 0.3 0.8 3
v 0.3 0.9 3
v 0.4 0.8 3
v 0.4 0.9 3
v 0.5 0.8 3
v 0.5 0.9 3
v 0.6 0.9 3
v 0.6 1 3
v 0.7 0.9 3
v 0.7 1 3
v 0.9 1.1 3
v 0.9 1.2 3
v 1 1.1 3
v 1 1.2 3
v 1 1.3 3
v 1.1 1.2 3
v 1.1 1.3 3
v 1.2 1.5 3
v 1.2 1.6 3
v 1.3 1.5 3
v 1.3 1.6 3
v 1.3 1.7 3
v 1.3 1.8 3
v 1.3 1.9 3
v 1.4 1.7 3
v 1.4 1.8 3
v 1.4 1.9 3
v -1.5 1.9 2.9
v -1.5 2 2.9
v -1.5 2.2 2.9
v -1.5 2.4 2.9
v -1.4 1.6 2.9
v -1.4 1.7 2.9
v -1.4 1.9 2.9
v -1.4 2 2.9
v -1.4 2.2 2.9
v -1.4 2.4 2.9
v -1.3 1.4 2.9
v -1.3 1.5 2.9
v -1.3 1.6 2.9
v -1.3 1.7 2.9
v -1.2 1.3 2.9
v -1.2 1.4 2.9
v -1.2 1.5 2.9
v -1.1 1.3 2.9
v -1.1 1.4 2.9
v -0.9 1 2.9
v -0.9 1.1 2.9
v -0.8 0.9 2.9
v -0.8 1 2.9
v -0.8 1.1 2.9
v -0.7 0.9 2.9
v -0.7 1 2.9
v -0.6 0.8 2.9
v -0.6 0.9 2.9
v -0.5 0.8 2.9
v -0.5 0.9 2.9
v -0.3 0.2 2.9
v -0.3 0.3 2.9
v -0.2 0.1 2.9
v -0.2 0.2 2.9
v -0.2 0.3 2.9
v -0.0999999 0.1 2.9
v -0.0999999 0.2 2.9
v -0.0999999 0.3 2.9
v 0 0.2 2.9
v 0 0.3 2.9
v 0.0999999 0.2 2.9
v 0.0999999 0.3 2.9
v 0.2 0.2 2.9
v 0.2 0.3 2.9
v 0.3 0.2 2.9
v 0.3 0.3 2.9
v 0.5 0.8 2.9
v 0.5 0.9 2.9
v 0.6 0.8 2.9
v 0.6 0.9 2.9
v 0.7 0.9 2.9
v 0.7 1 2.9
v 0.8 0.9 2.9
v 0.8 1 2.9
v 0.8 1.1 2.9
v 0.9 1 2.9
v 0.9 1.1 2.9
v 1.1 1.3 2.9
v 1.1 1.4 2.9
v 1.2 1.3 2.9
v 1.2 1.4 2.9
v 1.2 1.5 2.9
v 1.3 1.4 2.9
v 1.3 1.5 2.9
v 1.3 1.6 2.9
v 1.3 1.7 2.9
v 1.4 1.6 2.9
v 1.4 1.7 2.9
v 1.4 1.9 2.9
v 1.4 2 2.9
v 1.4 2.2 2.9
v 1.4 2.4 2.9
v 1.5 1.9 2.9
v 1.5 2 2.9
v 1.5 2.2 2.9
v 1.5 2.4 2.9
v -1.5 1.7 2.8
v -1.5 1.8 2.8
v -1.5 1.9 2.8
v -1.4 1.5 2.8
v -1.4 1.6 2.8
v -1.4 1.7 2.8
v -1.4 1.8 2.8
v -1.4 1.9 2.8
v -1.3 1.3 2.8
v -1.3 1.4 2.8
v -1.3 1.5 2.8
v -1.3 1.6 2.8
v -1.2 1.2 2.8
v -1.2 1.3 2.8
v -1.2 1.4 2.8
v -1.1 1.1 2.8
v -1.1 1.2 2.8
v -1.1 1.3 2.8
v -1 1 2.8
v -1 1.1 2.8
v -1 1.2 2.8
v -0.9 0.9 2.8
v -0.9 1 2.8
v -0.9 1.1 2.8
v -0.8 0.9 2.8
v -0.8 1 2.8
v -0.7 0.8 2.8
v -0.7 0.9 2.8
v -0.6 0.8 2.8
v -0.6 0.9 2.8
v -0.5 0.7 2.8
v -0.5 0.8 2.8
v -0.4 0.8 2.8
v -0.3 0.7 2.8
v -0.3 0.8 2.8
v -0.0999999 0.1 2.8
v -0.0999999 0.2 2.8
v 0 0.1 2.8
v 0 0.2 2.8
v 0 0.3 2.8
v 0.0999999 0.1 2.8
v 0.0999999 0.2 2.8
v 0.0999999 0.3 2.8
v 0.2 0.1 2.8
v 0.2 0.2 2.8
v 0.3 0.7 2.8
v 0.3 0.8 2.8
v 0.5 0.7 2.8
v 0.5 0.8 2.8
v 0.6 0.8 2.8
v 0.6 0.9 2.8
v 0.7 0.8 2.8
v 0.7 0.9 2.8
v 0.8 0.9 2.8
v 0.8 1 2.8
v 0.9 0.9 2.8
v 0.9 1 2.8
v 0.9 1.1 2.8
v 1 1 2.8
v 1 1.1 2.8
v 1 1.2 2.8
v 1.1 1.1 2.8
v 1.1 1.2 2.8
v 1.1 1.3 2.8
v 1.2 1.2 2.8
v 1.2 1.3 2.8
v 1.2 1.4 2.8
v 1.3 1.3 2.8
v 1.3 1.4 2.8
v 1.3 1.5 2.8
v 1.3 1.6 2.8
v 1.4 1.5 2.8
v 1.4 1.6 2.8
v 1.4 1.7 2.8
v 1.4 1.8 2.8
v 1.4 1.9 2.8
v 1.5 1.7 2.8
v 1.5 1.8 2.8
v 1.5 1.9 2.8
v -1.6 1.9 2.7
v -1.6 2 2.7
v -1.6 2.1 2.7
v -1.6 2.2 2.7
v -1.6 2.4 2.7
v -1.5 1.6 2.7
v -1.5 1.7 2.7
v -1.5 1.9 2.7
v -1.5 2 2.7
v -1.5 2.1 2.7
v -1.5 2.2 2.7
v -1.5 2.4 2.7
v -1.4 1.4 2.7
v -1.4 1.5 2.7
v -1.4 1.6 2.7
v -1.4 1.7 2.7
v -1.3 1.2 2.7
v -1.3 1.3 2.7
v -1.3 1.4 2.7
v -1.3 1.5 2.7
v -1.2 1.1 2.7
v -1.2 1.2 2.7
v -1.2 1.3 2.7
v -1.1 1 2.7
v -1.1 1.1 2.7
v -1.1 1.2 2.7
v -1 0.9 2.7
v -1 1 2.7
v -1 1.1 2.7
v -0.9 0.9 2.7
v -0.9 1 2.7
v -0.8 0.8 2.7
v -0.8 0.9 2.7
v -0.7 0.8 2.7
v -0.7 0.9 2.7
v -0.6 0.7 2.7
v -0.6 0.8 2.7
v -0.5 0.7 2.7
v -0.5 0.8 2.7
v 0.5 0.7 2.7
v 0.5 0.8 2.7
v 0.6 0.7 2.7
v 0.6 0.8 2.7
v 0.7 0.8 2.7
v 0.7 0.9 2.7
v 0.8 0.8 2.7
v 0.8 0.9 2.7
v 0.9 0.9 2.7
v 0.9 1 2.7
v 1 0.9 2.7
v 1 1 2.7
v 1 1.1 2.7
v 1.1 1 2.7
v 1.1 1.1 2.7
v 1.1 1.2 2.7
v 1.2 1.1 2.7
v 1.2 1.2 2.7
v 1.2 1.3 2.7
v 1.3 1.2 2.7
v 1.3 1.3 2.7
v 1.3 1.4 2.7
v 1.3 1.5 2.7
v 1.4 1.4 2.7
v 1.4 1.5 2.7
v 1.4 1.6 2.7
v 1.4 1.7 2.7
v 1.5 1.6 2.7
v 1.5 1.7 2.7
v 1.5 1.9 2.7
v 1.5 2 2.7
v 1.5 2.1 2.7
v 1.5 2.2 2.7
v 1.5 2.4 2.7
v 1.6 1.9 2.7
v 1.6 2 2.7
v 1.6 2.1 2.7
v 1.6 2.2 2.7
v 1.6 2.4 2.7
v -1.6 1.7 2.6
v -1.6 1.8 2.6
v -1.6 1.9 2.6
v -1.5 1.5 2.6
v -1.5 1.6 2.6
v -1.5 1.7 2.6
v -1.5 1.8 2.6
v -1.5 1.9 2.6
v -1.4 1.3 2.6
v -1.4 1.4 2.6
v -1.4 1.5 2.6
v -1.4 1.6 2.6
v -1.3 1.3 2.6
v -1.3 1.4 2.6
v -0.9 0.8 2.6
v -0.9 0.9 2.6
v -0.8 0.8 2.6
v -0.8 0.9 2.6
v -0.7 0.7 2.6
v -0.7 0.8 2.6
v -0.6 0.7 2.6
v -0.6 0.8 2.6
v -0.5 0.6 2.6
v -0.5 0.7 2.6
v -0.3 0.6 2.6
v -0.3 0.7 2.6
v 0.3 0.6 2.6
v 0.3 0.7 2.6
v 0.4 0.6 2.6
v 0.4 0.7 2.6
v 0.5 0.6 2.6
v 0.5 0.7 2.6
v 0.6 0.7 2.6
v 0.6 0.8 2.6
v 0.7 0.7 2.6
v 0.7 0.8 2.6
v 0.8 0.8 2.6
v 0.8 0.9 2.6
v 0.9 0.8 2.6
v 0.9 0.9 2.6
v 1.3 1.3 2.6
v 1.3 1.4 2.6
v 1.4 1.3 2.6
v 1.4 1.4 2.6
v 1.4 1.5 2.6
v 1.4 1.6 2.6
v 1.5 1.5 2.6
v 1.5 1.6 2.6
v 1.5 1.7 2.6
v 1.5 1.8 2.6
v 1.5 1.9 2.6
v 1.6 1.7 2.6
v 1.6 1.8 2.6
v 1.6 1.9 2.6
v -1.7 1.9 2.5
v -1.7 2 2.5
v -1.7 2.1 2.5
v -1.7 2.2 2.5
v -1.7 2.4 2.5
v -1.6 1.6 2.5
v -1.6 1.7 2.5
v -1.6 1.9 2.5
v -1.6 2 2.5
v -1.6 2.1 2.5
v -1.6 2.2 2.5
v -1.6 2.4 2.5
v -1.5 1.4 2.5
v -1.5 1.5 2.5
v -1.5 1.6 2.5
v -1.5 1.7 2.5
v -1.4 1.2 2.5
v -1.4 1.3 2.5
v -1.4 1.4 2.5
v -1.4 1.5 2.5
v -1.3 1.1 2.5
v -1.3 1.2 2.5
v -1.3 1.3 2.5
v -1.2 1 2.5
v -1.2 1.1 2.5
v -1.2 1.2 2.5
v -1.1 0.9 2.5
v -1.1 1 2.5
v -1.1 1.1 2.5
v -1 0.8 2.5
v -1 0.9 2.5
v -1 1 2.5
v -0.9 0.8 2.5
v -0.9 0.9 2.5
v -0.8 0.7 2.5
v -0.8 0.8 2.5
v -0.7 0.7 2.5
v -0.7 0.8 2.5
v -0.6 0.6 2.5
v -0.6 0.7 2.5
v -0.5 0.6 2.5
v -0.5 0.7 2.5
v 0.5 0.6 2.5
v 0.5 0.7 2.5
v 0.6 0.6 2.5
v 0.6 0.7 2.5
v 0.7 0.7 2.5
v 0.7 0.8 2.5
v 0.8 0.7 2.5
v 0.8 0.8 2.5
v 0.9 0.8 2.5
v 0.9 0.9 2.5
v 1 0.8 2.5
v 1 0.9 2.5
v 1 1 2.5
v 1.1 0.9 2.5
v 1.1 1 2.5
v 1.1 1.1 2.5
v 1.2 1 2.5
v 1.2 1.1 2.5
v 1.2 1.2 2.5
v 1.3 1.1 2.5
v 1.3 1.2 2.5
v 1.3 1.3 2.5
v 1.4 1.2 2.5
v 1.4 1.3 2.5
v 1.4 1.4 2.5
v 1.4 1.5 2.5
v 1.5 1.4 2.5
v 1.5 1.5 2.5
v 1.5 1.6 2.5
v 1.5 1.7 2.5
v 1.6 1.6 2.5
v 1.6 1.7 2.5
v 1.6 1.9 2.5
v 1.6 2 2.5
v 1.6 2.1 2.5
v 1.6 2.2 2.5
v 1.6 2.4 2.5
v 1.7 1.9 2.5
v 1.7 2 2.5
v 1.7 2.1 2.5
v 1.7 2.2 2.5
v 1.7 2.4 2.5
v -1.7 1.7 2.4
v -1.7 1.8 2.4
v -1.7 1.9 2.4
v -1.6 1.4 2.4
v -1.6 1.5 2.4
v -1.6 1.6 2.4
v -1.6 1.7 2.4
v -1.6 1.8 2.4
v -1.6 1.9 2.4
v -1.5 1.3 2.4
v -1.5 1.4 2.4
v -1.5 1.5 2.4
v -1.5 1.6 2.4
v -1.4 1.1 2.4
v -1.4 1.2 2.4
v -1.4 1.3 2.4
v -1.4 1.4 2.4
v -1.3 1 2.4
v -1.3 1.1 2.4
v -1.3 1.2 2.4
v -1.2 0.9 2.4
v -1.2 1 2.4
v -1.2 1.1 2.4
v -1.1 0.8 2.4
v -1.1 0.9 2.4
v -1.1 1 2.4
v -1 0.8 2.4
v -1 0.9 2.4
v -0.9 0.7 2.4
v -0.9 0.8 2.4
v -0.8 0.6 2.4
v -0.8 0.7 2.4
v -0.8 0.8 2.4
v -0.7 0.6 2.4
v -0.7 0.7 2.4
v -0.6 0.6 2.4
v -0.6 0.7 2.4
v -0.5 0.5 2.4
v -0.5 0.6 2.4
v -0.4 0.5 2.4
v -0.4 0.6 2.4
v -0.3 0.1 2.4
v -0.3 0.2 2.4
v -0.3 0.5 2.4
v -0.3 0.6 2.4
v -0.2 0.1 2.4
v -0.2 0.2 2.4
v -0.0999999 0 2.4
v -0.0999999 0.1 2.4
v 0 0 2.4
v 0 0.1 2.4
v 0.0999999 0 2.4
v 0.0999999 0.1 2.4
v 0.2 0.1 2.4
v 0.2 0.2 2.4
v 0.3 0.1 2.4
v 0.3 0.2 2.4
v 0.3 0.5 2.4
v 0.3 0.6 2.4
v 0.4 0.6 2.4
v 0.5 0.5 2.4
v 0.5 0.6 2.4
v 0.6 0.6 2.4
v 0.6 0.7 2.4
v 0.8 0.6 2.4
v 0.8 0.7 2.4
v 0.8 0.8 2.4
v 0.9 0.7 2.4
v 0.9 0.8 2.4
v 1 0.8 2.4
v 1 0.9 2.4
v 1.1 0.8 2.4
v 1.1 0.9 2.4
v 1.1 1 2.4
v 1.2 0.9 2.4
v 1.2 1 2.4
v 1.2 1.1 2.4
v 1.3 1 2.4
v 1.3 1.1 2.4
v 1.3 1.2 2.4
v 1.4 1.1 2.4
v 1.4 1.2 2.4
v 1.4 1.3 2.4
v 1.4 1.4 2.4
v 1.5 1.3 2.4
v 1.5 1.4 2.4
v 1.5 1.5 2.4
v 1.5 1.6 2.4
v 1.6 1.4 2.4
v 1.6 1.5 2.4
v 1.6 1.6 2.4
v 1.6 1.7 2.4
v 1.6 1.8 2.4
v 1.6 1.9 2.4
v 1.7 1.7 2.4
v 1.7 1.8 2.4
v 1.7 1.9 2.4
v -1.8 1.9 2.3
v -1.8 2 2.3
v -1.8 2.2 2.3
v -1.8 2.4 2.3
v -1.7 1.5 2.3
v -1.7 1.7 2.3
v -1.7 1.9 2.3
v -1.7 2 2.3
v -1.7 2.2 2.3
v -1.7 2.4 2.3
v -1.6 1.3 2.3
v -1.6 1.4 2.3
v -1.6 1.5 2.3
v -1.6 1.6 2.3
v -1.6 1.7 2.3
v -1.5 1.2 2.3
v -1.5 1.3 2.3
v -1.5 1.4 2.3
v -1.4 1 2.3
v -1.4 1.1 2.3
v -1.4 1.2 2.3
v -1.4 1.3 2.3
v -1.3 0.9 2.3
v -1.3 1 2.3
v -1.3 1.1 2.3
v -1.2 0.8 2.3
v -1.2 0.9 2.3
v -1.2 1 2.3
v -1.1 0.8 2.3
v -1.1 0.9 2.3
v -1 0.7 2.3
v -1 0.8 2.3
v -0.9 0.6 2.3
v -0.9 0.7 2.3
v -0.9 0.8 2.3
v -0.8 0.6 2.3
v -0.8 0.7 2.3
v -0.7 0.5 2.3
v -0.7 0.6 2.3
v -0.6 0.5 2.3
v -0.6 0.6 2.3
v -0.5 0.5 2.3
v -0.5 0.6 2.3
v 0.5 0.5 2.3
v 0.5 0.6 2.3
v 0.6 0.5 2.3
v 0.6 0.6 2.3
v 0.7 0.5 2.3
v 0.7 0.6 2.3
v 0.8 0.6 2.3
v 0.8 0.7 2.3
v 0.9 0.6 2.3
v 0.9 0.7 2.3
v 0.9 0.8 2.3
v 1 0.7 2.3
v 1 0.8 2.3
v 1.1 0.8 2.3
v 1.1 0.9 2.3
v 1.2 0.8 2.3
v 1.2 0.9 2.3
v 1.2 1 2.3
v 1.3 0.9 2.3
v 1.3 1 2.3
v 1.3 1.1 2.3
v 1.4 1 2.3
v 1.4 1.1 2.3
v 1.4 1.2 2.3
v 1.4 1.3 2.3
v 1.5 1.2 2.3
v 1.5 1.3 2.3
v 1.5 1.4 2.3
v 1.6 1.3 2.3
v 1.6 1.4 2.3
v 1.6 1.5 2.3
v 1.6 1.6 2.3
v 1.6 1.7 2.3
v 1.7 1.5 2.3
v 1.7 1.6 2.3
v 1.7 1.7 2.3
v 1.7 1.9 2.3
v 1.7 2 2.3
v 1.7 2.1 2.3
v 1.7 2.2 2.3
v 1.7 2.4 2.3
v 1.8 1.9 2.3
v 1.8 2.1 2.3
v 1.8 2.2 2.3
v 1.8 2.4 2.3
v -1.8 1.7 2.2
v -1.8 1.8 2.2
v -1.8 1.9 2.2
v -1.7 1.4 2.2
v -1.7 1.5 2.2
v -1.7 1.7 2.2
v -1.7 1.8 2.2
v -1.7 1.9 2.2
v -1.6 1.2 2.2
v -1.6 1.3 2.2
v -1.6 1.4 2.2
v -1.6 1.5 2.2
v -1.5 1.1 2.2
v -1.5 1.2 2.2
v -1.5 1.3 2.2
v -1.4 1.1 2.2
v -1.4 1.2 2.2
v -1.1 0.7 2.2
v -1.1 0.8 2.2
v -1 0.6 2.2
v -1 0.7 2.2
v -1 0.8 2.2
v -0.9 0.6 2.2
v -0.9 0.7 2.2
v -0.8 0.5 2.2
v -0.8 0.6 2.2
v -0.7 0.5 2.2
v -0.7 0.6 2.2
v -0.5 0.4 2.2
v -0.5 0.5 2.2
v -0.4 0.4 2.2
v -0.4 0.5 2.2
v -0.3 0.4 2.2
v -0.3 0.5 2.2
v -0.2 0 2.2
v -0.2 0.1 2.2
v -0.0999999 0 2.2
v -0.0999999 0.1 2.2
v 0.0999999 0 2.2
v 0.0999999 0.1 2.2
v 0.2 0 2.2
v 0.2 0.1 2.2
v 0.3 0.4 2.2
v 0.3 0.5 2.2
v 0.4 0.4 2.2
v 0.4 0.5 2.2
v 0.5 0.4 2.2
v 0.5 0.5 2.2
v 0.7 0.5 2.2
v 0.7 0.6 2.2
v 0.8 0.5 2.2
v 0.8 0.6 2.2
v 0.9 0.6 2.2
v 0.9 0.7 2.2
v 1 0.6 2.2
v 1 0.7 2.2
v 1 0.8 2.2
v 1.1 0.7 2.2
v 1.1 0.8 2.2
v 1.4 1.1 2.2
v 1.4 1.2 2.2
v 1.5 1.1 2.2
v 1.5 1.2 2.2
v 1.5 1.3 2.2
v 1.6 1.2 2.2
v 1.6 1.3 2.2
v 1.6 1.4 2.2
v 1.6 1.5 2.2
v 1.7 1.4 2.2
v 1.7 1.5 2.2
v 1.7 1.7 2.2
v 1.7 1.8 2.2
v 1.7 1.9 2.2
v 1.8 1.7 2.2
v 1.8 1.8 2.2
v 1.8 1.9 2.2
v -1.9 1.6 2.1
v -1.9 1.7 2.1
v -1.9 1.8 2.1
v -1.9 2.1 2.1
v -1.9 2.2 2.1
v -1.9 2.4 2.1
v -1.8 1.4 2.1
v -1.8 1.5 2.1
v -1.8 1.6 2.1
v -1.8 1.7 2.1
v -1.8 1.8 2.1
v -1.8 2 2.1
v -1.8 2.1 2.1
v -1.8 2.2 2.1
v -1.8 2.4 2.1
v -1.7 1.3 2.1
v -1.7 1.4 2.1
v -1.7 1.5 2.1
v -1.7 1.6 2.1
v -1.7 1.7 2.1
v -1.6 1.1 2.1
v -1.6 1.2 2.1
v -1.6 1.3 2.1
v -1.6 1.4 2.1
v -1.5 1 2.1
v -1.5 1.1 2.1
v -1.5 1.2 2.1
v -1.4 0.9 2.1
v -1.4 1 2.1
v -1.4 1.1 2.1
v -1.3 0.8 2.1
v -1.3 0.9 2.1
v -1.3 1 2.1
v -1.2 0.7 2.1
v -1.2 0.8 2.1
v -1.2 0.9 2.1
v -1.1 0.6 2.1
v -1.1 0.7 2.1
v -1.1 0.8 2.1
v -1 0.5 2.1
v -1 0.6 2.1
v -1 0.7 2.1
v -0.9 0.5 2.1
v -0.9 0.6 2.1
v -0.8 0.4 2.1
v -0.8 0.5 2.1
v -0.8 0.6 2.1
v -0.7 0.4 2.1
v -0.7 0.5 2.1
v -0.5 0.4 2.1
v -0.5 0.5 2.1
v -0.4 0.3 2.1
v -0.4 0.4 2.1
v -0.3 0.3 2.1
v -0.3 0.4 2.1
v 0.3 0.3 2.1
v 0.3 0.4 2.1
v 0.4 0.3 2.1
v 0.4 0.4 2.1
v 0.5 0.4 2.1
v 0.5 0.5 2.1
v 0.6 0.4 2.1
v 0.6 0.5 2.1
v 0.7 0.4 2.1
v 0.7 0.5 2.1
v 0.8 0.4 2.1
v 0.8 0.5 2.1
v 0.8 0.6 2.1
v 0.9 0.5 2.1
v 0.9 0.6 2.1
v 1 0.5 2.1
v 1 0.6 2.1
v 1 0.7 2.1
v 1.1 0.6 2.1
v 1.1 0.7 2.1
v 1.1 0.8 2.1
v 1.2 0.7 2.1
v 1.2 0.8 2.1
v 1.2 0.9 2.1
v 1.3 0.8 2.1
v 1.3 0.9 2.1
v 1.3 1 2.1
v 1.4 0.9 2.1
v 1.4 1 2.1
v 1.4 1.1 2.1
v 1.5 1 2.1
v 1.5 1.1 2.1
v 1.5 1.2 2.1
v 1.6 1.1 2.1
v 1.6 1.2 2.1
v 1.6 1.3 2.1
v 1.6 1.4 2.1
v 1.7 1.3 2.1
v 1.7 1.4 2.1
v 1.7 1.5 2.1
v 1.7 1.6 2.1
v 1.7 1.7 2.1
v 1.8 1.4 2.1
v 1.8 1.5 2.1
v 1.8 1.6 2.1
v 1.8 1.7 2.1
v 1.8 1.8 2.1
v 1.8 1.9 2.1
v 1.8 2 2.1
v 1.8 2.1 2.1
v 1.8 2.2 2.1
v 1.8 2.4 2.1
v 1.9 1.6 2.1
v 1.9 1.7 2.1
v 1.9 1.8 2.1
v 1.9 1.9 2.1
v 1.9 2 2.1
v 1.9 2.1 2.1
v 1.9 2.2 2.1
v 2 1.7 2.1
v 2 1.8 2.1
v 2 1.9 2.1
v 2 2 2.1
v 2 2.1 2.1
v 2 2.2 2.1
v 2 2.4 2.1
v -2 1.7 2
v -2 1.8 2
v -2 1.9 2
v -2 2 2
v -2 2.1 2
v -2 2.2 2
v -2 2.4 2
v -1.9 1.7 2
v -1.9 1.8 2
v -1.9 1.9 2
v -1.9 2 2
v -1.9 2.1 2
v -1.9 2.2 2
v -1.9 2.4 2
v -1.7 1.2 2
v -1.7 1.3 2
v -1.6 1.2 2
v -1.6 1.3 2
v -1.5 0.9 2
v -1.5 1 2
v -1.4 0.8 2
v -1.4 0.9 2
v -1.4 1 2
v -1.3 0.7 2
v -1.3 0.8 2
v -1.3 0.9 2
v -1.2 0.7 2
v -1.2 0.8 2
v -0.5 0.3 2
v -0.5 0.4 2
v -0.4 0.3 2
v -0.4 0.4 2
v 0.4 0.3 2
v 0.4 0.4 2
v 0.5 0.3 2
v 0.5 0.4 2
v 1.2 0.7 2
v 1.2 0.8 2
v 1.3 0.7 2
v 1.3 0.8 2
v 1.3 0.9 2
v 1.4 0.8 2
v 1.4 0.9 2
v 1.4 1 2
v 1.5 0.9 2
v 1.5 1 2
v 1.6 1.2 2
v 1.6 1.3 2
v 1.7 1.2 2
v 1.7 1.3 2
v 2 1.9 2
v 2 2 2
v 2 2.1 2
v 2 2.2 2
v 2 2.3 2
v 2 2.4 2
v 2.1 1.9 2
v 2.1 2 2
v 2.1 2.3 2
v 2.1 2.4 2
v -2.1 1.9 1.9
v -2.1 2 1.9
v -2.1 2.1 1.9
v -2.1 2.2 1.9
v -2.1 2.4 1.9
v -2 1.9 1.9
v -2 2 1.9
v -2 2.1 1.9
v -2 2.2 1.9
v -2 2.4 1.9
v -1.9 1.5 1.9
v -1.9 1.6 1.9
v -1.8 1.3 1.9
v -1.8 1.4 1.9
v -1.8 1.5 1.9
v -1.8 1.6 1.9
v -1.7 1.1 1.9
v -1.7 1.2 1.9
v -1.7 1.3 1.9
v -1.7 1.4 1.9
v -1.6 1 1.9
v -1.6 1.1 1.9
v -1.6 1.2 1.9
v -1.5 1 1.9
v -1.5 1.1 1.9
v -1.2 0.6 1.9
v -1.2 0.7 1.9
v -1.1 0.5 1.9
v -1.1 0.6 1.9
v -1.1 0.7 1.9
v -1 0.5 1.9
v -1 0.6 1.9
v -0.9 0.4 1.9
v -0.9 0.5 1.9
v -0.8 0.4 1.9
v -0.8 0.5 1.9
v -0.7 0.3 1.9
v -0.7 0.4 1.9
v -0.6 0.4 1.9
v -0.5 0.3 1.9
v -0.5 0.4 1.9
v 0.5 0.3 1.9
v 0.5 0.4 1.9
v 0.7 0.3 1.9
v 0.7 0.4 1.9
v 0.8 0.4 1.9
v 0.8 0.5 1.9
v 0.9 0.4 1.9
v 0.9 0.5 1.9
v 1 0.5 1.9
v 1 0.6 1.9
v 1.1 0.5 1.9
v 1.1 0.6 1.9
v 1.1 0.7 1.9
v 1.2 0.6 1.9
v 1.2 0.7 1.9
v 1.5 1 1.9
v 1.5 1.1 1.9
v 1.6 1 1.9
v 1.6 1.1 1.9
v 1.6 1.2 1.9
v 1.7 1.1 1.9
v 1.7 1.2 1.9
v 1.7 1.3 1.9
v 1.7 1.4 1.9
v 1.8 1.3 1.9
v 1.8 1.4 1.9
v 1.8 1.5 1.9
v 1.8 1.6 1.9
v 1.9 1.5 1.9
v 1.9 1.6 1.9
v -2 1.7 1.6
v -2 1.8 1.6
v -1.9 1.7 1.6
v -1.9 1.8 1.6
v -1.4 1.6 1.6
v -1.4 1.7 1.6
v -1.3 1.6 1.6
v -1.3 1.7 1.6
v 1.5 1.7 1.6
v 1.5 1.8 1.6
v 1.5 1.9 1.6
v 1.6 1.7 1.6
v 1.6 1.8 1.6
v 1.6 1.9 1.6
v -1.8 1.4 1.4
v -1.8 1.5 1.4
v -1.7 1.4 1.4
v -1.7 1.5 1.4
v -1.7 1.6 1.1
v -1.7 1.7 1.1
v -1.6 1.6 1.1
v -1.6 1.7 1.1
v -1.5 1.6 1.1
v -1.5 1.7 1.1
v -1.4 1.6 1.1
v -1.4 1.7 1.1
v -1.3 1.6 1.1
v -1.3 1.7 1.1
v -1.1 1.6 1.1
v -1.1 1.7 1.1
v -1 1.6 1.1
v -1 1.7 1.1
v -0.9 1.6 1.1
v -0.9 1.7 1.1
v -0.8 1.6 1.1
v -0.8 1.7 1.1
v -0.6 1.6 1.1
v -0.6 1.7 1.1
v -0.4 1.6 1.1
v -0.4 1.7 1.1
v -0.3 1.6 1.1
v -0.3 1.7 1.1
v -0.2 1.6 1.1
v -0.2 1.7 1.1
v -0.0999999 1.6 1.1
v -0.0999999 1.7 1.1
v 0 1.6 1.1
v 0 1.7 1.1
v 0.0999999 1.6 1.1
v 0.0999999 1.7 1.1
v 0.2 1.6 1.1
v 0.2 1.7 1.1
v 0.3 1.6 1.1
v 0.3 1.7 1.1
v 0.4 1.6 1.1
v 0.4 1.7 1.1
v 0.5 1.6 1.1
v 0.5 1.7 1.1
v 0.6 1.6 1.1
v 0.6 1.7 1.1
v 0.7 1.6 1.1
v 0.7 1.7 1.1
v 0.8 1.6 1.1
v 0.8 1.7 1.1
v 0.9 1.6 1.1
v 0.9 1.7 1.1
v 1 1.6 1.1
v 1 1.7 1.1
v 1.1 1.6 1.1
v 1.1 1.7 1.1
v 1.2 1.6 1.1
v 1.2 1.7 1.1
v 1.3 1.6 1.1
v 1.3 1.7 1.1
v 1.6 1.6 1.1
v 1.6 1.7 1.1
v -1.8 2.1 0.9
v -1.8 2.2 0.9
v -1.7 2.1 0.9
v -1.7 2.2 0.9
v -2 2.4 -0.2
v -2 2.6 -0.2
v -1.9 2.4 -0.2
v -1.8 2.4 -0.2
v -1.8 2.6 -0.2
v 1.8 2.4 -0.2
v 1.8 2.6 -0.2
v 1.9 2.4 -0.2
v 2 2.4 -0.2
v 2 2.6 -0.2
v -2 2.6 -0.4
v -2 2.7 -0.4
v -1.8 2.6 -0.4
v -1.8 2.7 -0.4
v 1.8 2.6 -0.4
v 1.8 2.7 -0.4
v 2 2.6 -0.4
v 2 2.7 -0.4
v -1.7 1.6 -0.5
v -1.7 1.7 -0.5
v -1.5 1.6 -0.5
v -1.5 1.7 -0.5
v -1.4 1.6 -0.5
v -1.4 1.7 -0.5
v -1.3 1.6 -0.5
v -1.3 1.7 -0.5
v -1.1 1.6 -0.5
v -1.1 1.7 -0.5
v -0.8 1.6 -0.5
v -0.8 1.7 -0.5
v -0.7 1.6 -0.5
v -0.7 1.7 -0.5
v -0.6 1.6 -0.5
v -0.6 1.7 -0.5
v -0.5 1.6 -0.5
v -0.5 1.7 -0.5
v -0.3 1.6 -0.5
v -0.3 1.7 -0.5
v -0.2 1.6 -0.5
v -0.2 1.7 -0.5
v 0 1.6 -0.5
v 0 1.7 -0.5
v 0.0999999 1.6 -0.5
v 0.0999999 1.7 -0.5
v 0.2 1.6 -0.5
v 0.2 1.7 -0.5
v 0.3 1.6 -0.5
v 0.3 1.7 -0.5
v 0.5 1.6 -0.5
v 0.5 1.7 -0.5
v 0.6 1.6 -0.5
v 0.6 1.7 -0.5
v 0.7 1.6 -0.5
v 0.7 1.7 -0.5
v 0.8 1.6 -0.5
v 0.8 1.7 -0.5
v 0.9 1.6 -0.5
v 0.9 1.7 -0.5
v 1 1.6 -0.5
v 1 1.7 -0.5
v 1.1 1.6 -0.5
v 1.1 1.7 -0.5
v 1.2 1.6 -0.5
v 1.2 1.7 -0.5
v 1.3 1.6 -0.5
v 1.3 1.7 -0.5
v 1.5 1.6 -0.5
v 1.5 1.7 -0.5
v 1.6 1.6 -0.5
v 1.6 1.7 -0.5
v -2 2.4 -0.7
v -2 2.6 -0.7
v -1.9 2.4 -0.7
v -1.8 2.4 -0.7
v -1.8 2.6 -0.7
v 1.8 2.4 -0.7
v 1.8 2.6 -0.7
v 1.9 2.4 -0.7
v 2 2.4 -0.7
v 2 2.6 -0.7
v -1.7 1.6 -1.8
v -1.7 1.7 -1.8
v -1.5 1.6 -1.8
v -1.5 1.7 -1.8
v -1.2 1.6 -1.8
v -1.2 1.7 -1.8
v -1.1 1.6 -1.8
v -1.1 1.7 -1.8
v -0.9 1.6 -1.8
v -0.9 1.7 -1.8
v -0.8 1.6 -1.8
v -0.8 1.7 -1.8
v -0.7 1.6 -1.8
v -0.7 1.7 -1.8
v -0.6 1.6 -1.8
v -0.6 1.7 -1.8
v -0.5 1.6 -1.8
v -0.5 1.7 -1.8
v -0.3 1.6 -1.8
v -0.3 1.7 -1.8
v -0.2 1.6 -1.8
v -0.2 1.7 -1.8
v -0.0999999 1.6 -1.8
v -0.0999999 1.7 -1.8
v 0 1.6 -1.8
v 0 1.7 -1.8
v 0.0999999 1.6 -1.8
v 0.0999999 1.7 -1.8
v 0.2 1.6 -1.8
v 0.2 1.7 -1.8
v 0.3 1.6 -1.8
v 0.3 1.7 -1.8
v 0.4 1.6 -1.8
v 0.4 1.7 -1.8
v 0.6 1.6 -1.8
v 0.6 1.7 -1.8
v 0.7 1.6 -1.8
v 0.7 1.7 -1.8
v 0.8 1.6 -1.8
v 0.8 1.7 -1.8
v 0.9 1.6 -1.8
v 0.9 1.7 -1.8
v 1 1.6 -1.8
v 1 1.7 -1.8
v 1.1 1.6 -1.8
v 1.1 1.7 -1.8
v 1.2 1.6 -1.8
v 1.2 1.7 -1.8
v 1.6 1.6 -1.8
v 1.6 1.7 -1.8
v -0.0999999 1.4 -2.1
v -0.0999999 1.5 -2.1
v 0 1.4 -2.1
v 0.0999999 1.4 -2.1
v 0.0999999 1.5 -2.1
v -1.8 1.9 -2.5
v -1.8 2 -2.5
v -1.8 2.2 -2.5
v -1.8 2.4 -2.5
v -1.7 1.9 -2.5
v -1.7 2.2 -2.5
v -1.7 2.4 -2.5
v 1.7 1.9 -2.5
v 1.7 2.1 -2.5
v 1.7 2.2 -2.5
v 1.7 2.4 -2.5
v 1.8 1.9 -2.5
v 1.8 2 -2.5
v 1.8 2.1 -2.5
v 1.8 2.2 -2.5
v 1.8 2.4 -2.5
v -1.7 1.4 -2.6
v -1.7 1.5 -2.6
v -1.7 1.6 -2.6
v -1.7 1.7 -2.6
v -1.7 1.8 -2.6
v -1.7 2.2 -2.6
v -1.7 2.4 -2.6
v -1.6 1.5 -2.6
v -1.6 1.6 -2.6
v -1.6 1.7 -2.6
v -1.6 2 -2.6
v -1.6 2.2 -2.6
v -1.5 1.4 -2.6
v -1.5 1.5 -2.6
v -1.5 1.6 -2.6
v -1.5 1.7 -2.6
v -1.5 1.8 -2.6
v -1.5 1.9 -2.6
v -1.5 2 -2.6
v -1.5 2.1 -2.6
v -1.5 2.2 -2.6
v -1.5 2.4 -2.6
v -1.4 1.4 -2.6
v -1.4 1.5 -2.6
v -1.4 1.6 -2.6
v -1.4 1.7 -2.6
v -1.4 1.8 -2.6
v -1.4 1.9 -2.6
v -1.4 2 -2.6
v -1.4 2.1 -2.6
v -1.3 1.4 -2.6
v -1.3 1.5 -2.6
v -1.3 1.6 -2.6
v -1.3 1.7 -2.6
v -1.3 1.8 -2.6
v -1.3 1.9 -2.6
v -1.3 2 -2.6
v -1.3 2.1 -2.6
v 1.3 1.4 -2.6
v 1.3 1.7 -2.6
v 1.3 1.8 -2.6
v 1.3 2 -2.6
v 1.3 2.1 -2.6
v 1.4 1.4 -2.6
v 1.4 1.7 -2.6
v 1.4 1.8 -2.6
v 1.4 1.9 -2.6
v 1.4 2 -2.6
v 1.4 2.1 -2.6
v 1.5 1.4 -2.6
v 1.5 1.5 -2.6
v 1.5 1.6 -2.6
v 1.5 1.7 -2.6
v 1.5 1.8 -2.6
v 1.5 1.9 -2.6
v 1.5 2 -2.6
v 1.5 2.1 -2.6
v 1.5 2.2 -2.6
v 1.5 2.4 -2.6
v 1.6 1.4 -2.6
v 1.6 1.5 -2.6
v 1.6 1.6 -2.6
v 1.6 1.7 -2.6
v 1.6 1.8 -2.6
v 1.6 1.9 -2.6
v 1.6 2 -2.6
v 1.6 2.1 -2.6
v 1.6 2.2 -2.6
v 1.7 1.9 -2.6
v 1.7 2 -2.6
v 1.7 2.1 -2.6
v 1.7 2.2 -2.6
v 1.7 2.4 -2.6
v -1.5 1.4 -2.7
v -1.5 1.5 -2.7
v -1.5 1.6 -2.7
v -1.5 1.7 -2.7
v -1.5 1.8 -2.7
v -1.5 2.1 -2.7
v -1.5 2.2 -2.7
v -1.5 2.4 -2.7
v -1.4 1.4 -2.7
v -1.4 1.5 -2.7
v -1.4 1.6 -2.7
v -1.4 1.7 -2.7
v -1.4 1.8 -2.7
v -1.4 2.1 -2.7
v -1.4 2.2 -2.7
v -1.4 2.4 -2.7
v 1.4 1.4 -2.7
v 1.4 1.5 -2.7
v 1.4 1.7 -2.7
v 1.4 1.8 -2.7
v 1.4 2.1 -2.7
v 1.4 2.2 -2.7
v 1.4 2.4 -2.7
v 1.5 1.4 -2.7
v 1.5 1.5 -2.7
v 1.5 1.6 -2.7
v 1.5 1.7 -2.7
v 1.5 1.8 -2.7
v 1.5 2.1 -2.7
v 1.5 2.2 -2.7
v 1.5 2.4 -2.7
v -1.4 1.4 -2.8
v -1.4 1.5 -2.8
v -1.4 1.6 -2.8
v -1.4 1.7 -2.8
v -1.4 1.8 -2.8
v -1.4 1.9 -2.8
v -1.4 2.1 -2.8
v -1.4 2.2 -2.8
v -1.4 2.4 -2.8
v -1.3 1.4 -2.8
v -1.3 1.5 -2.8
v -1.3 1.6 -2.8
v -1.3 1.8 -2.8
v -1.3 1.9 -2.8
v -1.3 2.1 -2.8
v -1.3 2.2 -2.8
v -1.3 2.4 -2.8
v -1.2 1.4 -2.8
v -1.2 1.5 -2.8
v -1.2 1.6 -2.8
v -1.2 1.7 -2.8
v -1.2 1.8 -2.8
v -1.2 1.9 -2.8
v -1.1 1.4 -2.8
v -1.1 1.5 -2.8
v -1.1 1.6 -2.8
v -1.1 1.7 -2.8
v -1.1 1.8 -2.8
v -1.1 1.9 -2.8
v -1 1.4 -2.8
v -1 1.5 -2.8
v -1 1.6 -2.8
v -1 1.7 -2.8
v -0.9 1.4 -2.8
v -0.9 1.5 -2.8
v -0.9 1.6 -2.8
v -0.9 1.7 -2.8
v -0.9 1.8 -2.8
v -0.9 1.9 -2.8
v -0.8 1.4 -2.8
v -0.8 1.5 -2.8
v -0.8 1.6 -2.8
v -0.7 1.4 -2.8
v -0.7 1.6 -2.8
v -0.7 1.7 -2.8
v -0.7 1.8 -2.8
v -0.7 1.9 -2.8
v -0.6 1.5 -2.8
v -0.6 1.6 -2.8
v -0.6 1.7 -2.8
v -0.6 1.8 -2.8
v -0.6 1.9 -2.8
v -0.5 1.4 -2.8
v -0.5 1.5 -2.8
v -0.5 1.6 -2.8
v -0.5 1.8 -2.8
v -0.5 1.9 -2.8
v -0.4 1.4 -2.8
v -0.4 1.5 -2.8
v -0.4 1.6 -2.8
v -0.4 1.7 -2.8
v -0.4 1.8 -2.8
v -0.4 1.9 -2.8
v -0.3 1.4 -2.8
v -0.3 1.5 -2.8
v -0.3 1.8 -2.8
v -0.3 1.9 -2.8
v -0.2 1.4 -2.8
v -0.2 1.5 -2.8
v -0.2 1.6 -2.8
v -0.2 1.7 -2.8
v -0.2 1.8 -2.8
v -0.2 1.9 -2.8
v -0.0999999 1.4 -2.8
v -0.0999999 1.5 -2.8
v -0.0999999 1.6 -2.8
v -0.0999999 1.7 -2.8
v -0.0999999 1.8 -2.8
v -0.0999999 1.9 -2.8
v 0 1.5 -2.8
v 0 1.7 -2.8
v 0 1.8 -2.8
v 0 1.9 -2.8
v 0.0999999 1.4 -2.8
v 0.0999999 1.5 -2.8
v 0.0999999 1.6 -2.8
v 0.0999999 1.7 -2.8
v 0.0999999 1.8 -2.8
v 0.2 1.4 -2.8
v 0.2 1.5 -2.8
v 0.2 1.6 -2.8
v 0.2 1.7 -2.8
v 0.2 1.8 -2.8
v 0.3 1.4 -2.8
v 0.3 1.5 -2.8
v 0.3 1.8 -2.8
v 0.3 1.9 -2.8
v 0.4 1.8 -2.8
v 0.4 1.9 -2.8
v 0.5 1.4 -2.8
v 0.5 1.5 -2.8
v 0.5 1.6 -2.8
v 0.5 1.7 -2.8
v 0.6 1.4 -2.8
v 0.6 1.5 -2.8
v 0.6 1.6 -2.8
v 0.6 1.7 -2.8
v 0.7 1.4 -2.8
v 0.7 1.5 -2.8
v 0.7 1.7 -2.8
v 0.7 1.8 -2.8
v 0.7 1.9 -2.8
v 0.8 1.4 -2.8
v 0.8 1.6 -2.8
v 0.8 1.7 -2.8
v 0.8 1.8 -2.8
v 0.8 1.9 -2.8
v 0.9 1.4 -2.8
v 0.9 1.5 -2.8
v 0.9 1.6 -2.8
v 0.9 1.7 -2.8
v 1 1.4 -2.8
v 1 1.5 -2.8
v 1 1.6 -2.8
v 1.1 1.4 -2.8
v 1.1 1.5 -2.8
v 1.1 1.6 -2.8
v 1.1 1.7 -2.8
v 1.1 1.8 -2.8
v 1.1 1.9 -2.8
v 1.2 1.4 -2.8
v 1.2 1.5 -2.8
v 1.2 1.6 -2.8
v 1.2 1.7 -2.8
v 1.3 1.4 -2.8
v 1.3 1.5 -2.8
v 1.3 1.6 -2.8
v 1.3 1.7 -2.8
v 1.3 1.8 -2.8
v 1.3 1.9 -2.8
v 1.3 2.1 -2.8
v 1.3 2.2 -2.8
v 1.3 2.4 -2.8
v 1.4 1.4 -2.8
v 1.4 1.5 -2.8
v 1.4 1.7 -2.8
v 1.4 1.8 -2.8
v 1.4 1.9 -2.8
v 1.4 2.1 -2.8
v 1.4 2.2 -2.8
v 1.4 2.4 -2.8
v -1.3 1.9 -2.9
v -1.3 2 -2.9
v -1.3 2.2 -2.9
v -1.3 2.4 -2.9
v -1.2 1.9 -2.9
v -1.2 2 -2.9
v -1.1 1.9 -2.9
v -1.1 2 -2.9
v -1.1 2.1 -2.9
v -1.1 2.2 -2.9
v -1 1.9 -2.9
v -1 2 -2.9
v -1 2.1 -2.9
v -1 2.2 -2.9
v -0.9 1.9 -2.9
v -0.9 2 -2.9
v -0.9 2.1 -2.9
v -0.9 2.2 -2.9
v -0.8 2.1 -2.9
v -0.8 2.2 -2.9
v -0.7 1.9 -2.9
v -0.7 2 -2.9
v -0.7 2.1 -2.9
v -0.6 1.9 -2.9
v -0.6 2 -2.9
v -0.6 2.1 -2.9
v -0.6 2.2 -2.9
v -0.5 1.9 -2.9
v -0.5 2 -2.9
v -0.5 2.2 -2.9
v -0.4 1.9 -2.9
v -0.4 2 -2.9
v -0.4 2.2 -2.9
v -0.3 1.9 -2.9
v -0.3 2 -2.9
v -0.3 2.1 -2.9
v -0.3 2.4 -2.9
v -0.3 2.5 -2.9
v -0.2 1.9 -2.9
v -0.2 2 -2.9
v -0.2 2.1 -2.9
v -0.2 2.4 -2.9
v -0.2 2.5 -2.9
v -0.0999999 1.9 -2.9
v -0.0999999 2 -2.9
v -0.0999999 2.1 -2.9
v -0.0999999 2.2 -2.9
v -0.0999999 2.3 -2.9
v -0.0999999 2.4 -2.9
v 0 1.9 -2.9
v 0 2 -2.9
v 0 2.1 -2.9
v 0 2.2 -2.9
v 0 2.3 -2.9
v 0.0999999 1.9 -2.9
v 0.0999999 2 -2.9
v 0.0999999 2.2 -2.9
v 0.0999999 2.3 -2.9
v 0.0999999 2.4 -2.9
v 0.2 1.9 -2.9
v 0.2 2 -2.9
v 0.2 2.2 -2.9
v 0.3 1.9 -2.9
v 0.3 2 -2.9
v 0.4 1.9 -2.9
v 0.4 2 -2.9
v 0.4 2.1 -2.9
v 0.4 2.2 -2.9
v 0.5 2.1 -2.9
v 0.5 2.2 -2.9
v 0.6 1.9 -2.9
v 0.6 2 -2.9
v 0.6 2.2 -2.9
v 0.7 1.9 -2.9
v 0.7 2 -2.9
v 0.7 2.1 -2.9
v 0.8 1.9 -2.9
v 0.8 2 -2.9
v 0.8 2.1 -2.9
v 0.8 2.2 -2.9
v 0.9 1.9 -2.9
v 0.9 2 -2.9
v 0.9 2.1 -2.9
v 1 2 -2.9
v 1 2.1 -2.9
v 1 2.2 -2.9
v 1.1 1.9 -2.9
v 1.1 2 -2.9
v 1.1 2.1 -2.9
v 1.1 2.2 -2.9
v 1.2 1.9 -2.9
v 1.2 2 -2.9
v 1.2 2.1 -2.9
v 1.2 2.2 -2.9
v 1.3 1.9 -2.9
v 1.3 2 -2.9
v 1.3 2.1 -2.9
v 1.3 2.2 -2.9
v 1.3 2.4 -2.9
v 0.7 1.3 -3.1
v 0.7 1.4 -3.1
v 0.8 1.3 -3.1
v 0.8 1.4 -3.1
v 0.9 1.3 -3.1
v 0.9 1.4 -3.1
v 1 1.3 -3.1
v 1 1.4 -3.1
v -0.4 1.9 4.7
v -0.4 2 4.7
v -0.4 2.1 4.7
v -0.4 2.2 4.7
v -0.4 2.4 4.7
v -0.3 1.9 4.7
v -0.3 2.1 4.7
v -0.3 2.2 4.7
v -0.3 2.4 4.7
v -0.2 1.9 4.7
v -0.2 2 4.7
v -0.2 2.1 4.7
v 0.2 1.9 4.7
v 0.2 2 4.7
v 0.2 2.1 4.7
v 0.3 1.9 4.7
v 0.3 2 4.7
v 0.3 2.1 4.7
v 0.3 2.2 4.7
v 0.3 2.4 4.7
v 0.4 1.9 4.7
v 0.4 2 4.7
v 0.4 2.2 4.7
v 0.4 2.4 4.7
v -0.5 1.9 4.5
v -0.5 2 4.5
v -0.5 2.1 4.5
v -0.5 2.2 4.5
v -0.5 2.4 4.5
v -0.4 1.9 4.5
v -0.4 2 4.5
v -0.4 2.1 4.5
v -0.4 2.2 4.5
v -0.4 2.4 4.5
v 0.4 1.9 4.5
v 0.4 2 4.5
v 0.4 2.1 4.5
v 0.4 2.2 4.5
v 0.4 2.4 4.5
v 0.5 1.9 4.5
v 0.5 2 4.5
v 0.5 2.1 4.5
v 0.5 2.2 4.5
v 0.5 2.4 4.5
v -0.6 1.9 4.4
v -0.6 2 4.4
v -0.6 2.1 4.4
v -0.6 2.2 4.4
v -0.6 2.4 4.4
v -0.5 1.9 4.4
v -0.5 2 4.4
v -0.5 2.1 4.4
v -0.5 2.2 4.4
v -0.5 2.4 4.4
v -0.4 1.7 4.4
v -0.4 1.8 4.4
v -0.4 1.9 4.4
v -0.3 1.7 4.4
v -0.3 1.8 4.4
v -0.3 1.9 4.4
v 0.3 1.7 4.4
v 0.3 1.8 4.4
v 0.3 1.9 4.4
v 0.4 1.7 4.4
v 0.4 1.8 4.4
v 0.4 1.9 4.4
v 0.5 1.9 4.4
v 0.5 2.2 4.4
v 0.5 2.4 4.4
v 0.6 1.9 4.4
v 0.6 2 4.4
v 0.6 2.1 4.4
v 0.6 2.2 4.4
v 0.6 2.4 4.4
v -0.3 1.7 4.3
v -0.3 1.8 4.3
v -0.3 1.9 4.3
v -0.3 2.1 4.3
v -0.3 2.2 4.3
v -0.3 2.4 4.3
v -0.2 1.7 4.3
v -0.2 1.8 4.3
v -0.2 1.9 4.3
v -0.2 2 4.3
v -0.2 2.1 4.3
v -0.2 2.2 4.3
v -0.2 2.3 4.3
v -0.2 2.4 4.3
v -0.0999999 1.7 4.3
v -0.0999999 1.8 4.3
v -0.0999999 1.9 4.3
v -0.0999999 2 4.3
v -0.0999999 2.1 4.3
v -0.0999999 2.2 4.3
v -0.0999999 2.3 4.3
v 0 1.9 4.3
v 0 2 4.3
v 0 2.1 4.3
v 0.0999999 1.7 4.3
v 0.0999999 1.8 4.3
v 0.0999999 1.9 4.3
v 0.0999999 2 4.3
v 0.0999999 2.1 4.3
v 0.0999999 2.2 4.3
v 0.0999999 2.3 4.3
v 0.2 1.7 4.3
v 0.2 1.8 4.3
v 0.2 1.9 4.3
v 0.2 2 4.3
v 0.2 2.1 4.3
v 0.2 2.2 4.3
v 0.2 2.3 4.3
v 0.2 2.4 4.3
v 0.3 1.7 4.3
v 0.3 1.8 4.3
v 0.3 1.9 4.3
v 0.3 2.1 4.3
v 0.3 2.2 4.3
v 0.3 2.4 4.3
v -0.7 1.9 4.2
v -0.7 2 4.2
v -0.7 2.1 4.2
v -0.7 2.2 4.2
v -0.7 2.4 4.2
v -0.6 1.9 4.2
v -0.6 2.1 4.2
v -0.6 2.2 4.2
v -0.6 2.4 4.2
v -0.5 1.7 4.2
v -0.5 1.8 4.2
v -0.5 1.9 4.2
v -0.4 1.7 4.2
v -0.4 1.8 4.2
v -0.4 1.9 4.2
v 0.6 1.9 4.2
v 0.6 2.1 4.2
v 0.6 2.2 4.2
v 0.6 2.4 4.2
v 0.7 1.9 4.2
v 0.7 2 4.2
v 0.7 2.1 4.2
v 0.7 2.2 4.2
v 0.7 2.4 4.2
v -0.3 1.3 4.1
v -0.3 1.4 4.1
v -0.2 1.3 4.1
v -0.2 1.4 4.1
v -0.2 1.6 4.1
v -0.2 1.7 4.1
v -0.2 2.3 4.1
v -0.2 2.4 4.1
v -0.0999999 1.6 4.1
v -0.0999999 1.7 4.1
v -0.0999999 1.8 4.1
v -0.0999999 1.9 4.1
v -0.0999999 2.1 4.1
v -0.0999999 2.2 4.1
v -0.0999999 2.3 4.1
v 0 1.6 4.1
v 0 1.7 4.1
v 0 1.8 4.1
v 0 1.9 4.1
v 0 2.1 4.1
v 0 2.2 4.1
v 0 2.3 4.1
v 0 2.4 4.1
v 0.0999999 1.5 4.1
v 0.0999999 1.6 4.1
v 0.0999999 1.7 4.1
v 0.0999999 1.8 4.1
v 0.0999999 1.9 4.1
v 0.0999999 2.1 4.1
v 0.0999999 2.2 4.1
v 0.0999999 2.3 4.1
v 0.0999999 2.4 4.1
v 0.2 1.3 4.1
v 0.2 1.4 4.1
v 0.2 1.5 4.1
v 0.2 1.6 4.1
v 0.2 1.7 4.1
v 0.2 2.3 4.1
v 0.2 2.4 4.1
v 0.3 1.3 4.1
v 0.3 1.4 4.1
v 0.4 1.7 4.1
v 0.4 1.8 4.1
v 0.4 1.9 4.1
v 0.5 1.7 4.1
v 0.5 1.8 4.1
v 0.5 1.9 4.1
v -0.6 1.7 4
v -0.6 1.8 4
v -0.6 1.9 4
v -0.5 1.7 4
v -0.5 1.8 4
v -0.5 1.9 4
v 0.2 1.6 4
v 0.2 1.7 4
v 0.3 1.6 4
v 0.3 1.7 4
v -0.8 1.9 3.9
v -0.8 2 3.9
v -0.8 2.1 3.9
v -0.8 2.2 3.9
v -0.8 2.4 3.9
v -0.7 1.9 3.9
v -0.7 2 3.9
v -0.7 2.1 3.9
v -0.7 2.2 3.9
v -0.7 2.4 3.9
v -0.3 1.1 3.9
v -0.3 1.2 3.9
v -0.3 1.3 3.9
v -0.3 1.6 3.9
v -0.3 1.7 3.9
v -0.2 1.1 3.9
v -0.2 1.2 3.9
v -0.2 1.3 3.9
v -0.2 1.6 3.9
v -0.2 1.7 3.9
v -0.0999999 1.4 3.9
v -0.0999999 1.5 3.9
v -0.0999999 1.6 3.9
v 0 1.4 3.9
v 0 1.5 3.9
v 0 1.6 3.9
v 0.2 1.1 3.9
v 0.2 1.2 3.9
v 0.2 1.3 3.9
v 0.3 1.1 3.9
v 0.3 1.2 3.9
v 0.3 1.3 3.9
v 0.7 1.9 3.9
v 0.7 2 3.9
v 0.7 2.1 3.9
v 0.7 2.2 3.9
v 0.7 2.4 3.9
v 0.8 1.9 3.9
v 0.8 2 3.9
v 0.8 2.1 3.9
v 0.8 2.2 3.9
v 0.8 2.4 3.9
v 0.5 1.7 3.8
v 0.5 1.8 3.8
v 0.5 1.9 3.8
v 0.6 1.7 3.8
v 0.6 1.8 3.8
v 0.6 1.9 3.8
v -0.9 1.9 3.7
v -0.9 2.1 3.7
v -0.9 2.2 3.7
v -0.9 2.4 3.7
v -0.8 1.9 3.7
v -0.8 2.2 3.7
v -0.8 2.4 3.7
v -0.2 1.4 3.7
v -0.2 1.5 3.7
v -0.2 1.6 3.7
v -0.0999999 1.4 3.7
v -0.0999999 1.6 3.7
v 0 1.4 3.7
v 0 1.5 3.7
v 0 1.6 3.7
v 0.0999999 1.4 3.7
v 0.0999999 1.5 3.7
v 0.0999999 1.6 3.7
v 0.8 1.9 3.7
v 0.8 2.1 3.7
v 0.8 2.2 3.7
v 0.8 2.4 3.7
v 0.9 1.9 3.7
v 0.9 2 3.7
v 0.9 2.1 3.7
v 0.9 2.2 3.7
v 0.9 2.4 3.7
v -0.7 1.7 3.6
v -0.7 1.8 3.6
v -0.7 1.9 3.6
v -0.6 1.7 3.6
v -0.6 1.8 3.6
v -0.6 1.9 3.6
v -0.3 1 3.6
v -0.3 1.1 3.6
v -0.2 1 3.6
v -0.2 1.1 3.6
v -0.0999999 0.5 3.6
v -0.0999999 0.6 3.6
v 0 0.5 3.6
v 0 0.6 3.6
v 0.2 1 3.6
v 0.2 1.1 3.6
v 0.3 1 3.6
v 0.3 1.1 3.6
v 0.3 1.6 3.6
v 0.3 1.7 3.6
v 0.4 1.6 3.6
v 0.4 1.7 3.6
v 0.6 1.7 3.6
v 0.6 1.8 3.6
v 0.6 1.9 3.6
v 0.7 1.7 3.6
v 0.7 1.8 3.6
v 0.7 1.9 3.6
v -1 1.9 3.5
v -1 2 3.5
v -1 2.1 3.5
v -1 2.2 3.5
v -1 2.4 3.5
v -0.9 1.9 3.5
v -0.9 2 3.5
v -0.9 2.1 3.5
v -0.9 2.2 3.5
v -0.9 2.4 3.5
v -0.4 1.6 3.5
v -0.4 1.7 3.5
v -0.3 1.4 3.5
v -0.3 1.6 3.5
v -0.3 1.7 3.5
v -0.2 1.4 3.5
v -0.2 1.6 3.5
v 0.0999999 1.4 3.5
v 0.0999999 1.5 3.5
v 0.0999999 1.6 3.5
v 0.2 1.4 3.5
v 0.2 1.5 3.5
v 0.2 1.6 3.5
v 0.9 1.9 3.5
v 0.9 2.1 3.5
v 0.9 2.2 3.5
v 0.9 2.4 3.5
v 1 1.9 3.5
v 1 2 3.5
v 1 2.1 3.5
v 1 2.2 3.5
v 1 2.4 3.5
v -0.8 1.7 3.4
v -0.8 1.8 3.4
v -0.8 1.9 3.4
v -0.7 1.7 3.4
v -0.7 1.8 3.4
v -0.7 1.9 3.4
v -0.5 1.6 3.4
v -0.5 1.7 3.4
v -0.4 1.6 3.4
v -0.4 1.7 3.4
v -0.3 0.9 3.4
v -0.3 1 3.4
v -0.2 0.9 3.4
v -0.2 1 3.4
v 0.2 0.9 3.4
v 0.2 1 3.4
v 0.3 0.9 3.4
v 0.3 1 3.4
v 0.4 1.6 3.4
v 0.4 1.7 3.4
v 0.5 1.6 3.4
v 0.5 1.7 3.4
v 0.7 1.7 3.4
v 0.7 1.8 3.4
v 0.7 1.9 3.4
v 0.8 1.7 3.4
v 0.8 1.8 3.4
v 0.8 1.9 3.4
v 0.2 1.4 3.3
v 0.2 1.5 3.3
v 0.2 1.6 3.3
v 0.3 1.4 3.3
v 0.3 1.5 3.3
v 0.3 1.6 3.3
v 0.5 1.6 3.3
v 0.5 1.7 3.3
v 0.6 1.6 3.3
v 0.6 1.7 3.3
v -1.1 1.9 3.2
v -1.1 2 3.2
v -1.1 2.1 3.2
v -1.1 2.2 3.2
v -1.1 2.4 3.2
v -1 1.9 3.2
v -1 2 3.2
v -1 2.2 3.2
v -1 2.4 3.2
v -0.9 1.7 3.2
v -0.9 1.8 3.2
v -0.9 1.9 3.2
v -0.8 1.7 3.2
v -0.8 1.8 3.2
v -0.8 1.9 3.2
v -0.6 1.6 3.2
v -0.6 1.7 3.2
v -0.5 1.6 3.2
v -0.5 1.7 3.2
v -0.4 1.4 3.2
v -0.4 1.5 3.2
v -0.4 1.6 3.2
v -0.3 1.4 3.2
v -0.3 1.6 3.2
v 0.8 1.7 3.2
v 0.8 1.8 3.2
v 0.8 1.9 3.2
v 0.9 1.7 3.2
v 0.9 1.8 3.2
v 0.9 1.9 3.2
v 1 1.9 3.2
v 1 2 3.2
v 1 2.1 3.2
v 1 2.2 3.2
v 1 2.4 3.2
v 1.1 1.9 3.2
v 1.1 2 3.2
v 1.1 2.1 3.2
v 1.1 2.2 3.2
v 1.1 2.4 3.2
v -0.7 1.6 3.1
v -0.7 1.7 3.1
v -0.6 1.6 3.1
v -0.6 1.7 3.1
v 0.3 1.4 3.1
v 0.3 1.6 3.1
v 0.4 1.4 3.1
v 0.4 1.5 3.1
v 0.4 1.6 3.1
v 0.6 1.6 3.1
v 0.6 1.7 3.1
v 0.7 1.6 3.1
v 0.7 1.7 3.1
v -1.2 1.9 3
v -1.2 2 3
v -1.2 2.2 3
v -1.2 2.4 3
v -1.1 1.9 3
v -1.1 2.2 3
v -1.1 2.4 3
v -1 1.7 3
v -1 1.8 3
v -1 1.9 3
v -0.9 1.7 3
v -0.9 1.8 3
v -0.9 1.9 3
v -0.8 1.6 3
v -0.8 1.7 3
v -0.7 1.6 3
v -0.7 1.7 3
v -0.0999999 0.2 3
v -0.0999999 0.3 3
v 0 0.2 3
v 0 0.3 3
v 0.0999999 0.2 3
v 0.0999999 0.3 3
v 0.2 0.2 3
v 0.2 0.3 3
v 0.9 1.7 3
v 0.9 1.8 3
v 0.9 1.9 3
v 1 1.7 3
v 1 1.8 3
v 1 1.9 3
v 1.1 1.9 3
v 1.1 2 3
v 1.1 2.1 3
v 1.1 2.2 3
v 1.1 2.4 3
v 1.2 1.9 3
v 1.2 2 3
v 1.2 2.1 3
v 1.2 2.2 3
v 1.2 2.4 3
v -1.3 1.9 2.9
v -1.3 2 2.9
v -1.3 2.2 2.9
v -1.3 2.4 2.9
v -1.2 1.9 2.9
v -1.2 2 2.9
v -1.2 2.2 2.9
v -1.2 2.4 2.9
v -0.9 1.6 2.9
v -0.9 1.7 2.9
v -0.8 1.6 2.9
v -0.8 1.7 2.9
v -0.5 1.4 2.9
v -0.5 1.5 2.9
v -0.5 1.6 2.9
v -0.4 1.4 2.9
v -0.4 1.6 2.9
v 0.4 1.4 2.9
v 0.4 1.5 2.9
v 0.4 1.6 2.9
v 0.5 1.4 2.9
v 0.5 1.5 2.9
v 0.5 1.6 2.9
v 1.2 1.9 2.9
v 1.2 2 2.9
v 1.2 2.2 2.9
v 1.2 2.4 2.9
v 1.3 1.9 2.9
v 1.3 2 2.9
v 1.3 2.1 2.9
v 1.3 2.2 2.9
v 1.3 2.4 2.9
v -1.1 1.7 2.8
v -1.1 1.8 2.8
v -1.1 1.9 2.8
v -1 1.7 2.8
v -1 1.8 2.8
v -1 1.9 2.8
v 0.5 1.4 2.8
v 0.5 1.5 2.8
v 0.5 1.6 2.8
v 0.6 1.4 2.8
v 0.6 1.5 2.8
v 0.6 1.6 2.8
v 0.7 1.6 2.8
v 0.7 1.7 2.8
v 0.8 1.6 2.8
v 0.8 1.7 2.8
v 1 1.7 2.8
v 1 1.8 2.8
v 1 1.9 2.8
v 1.1 1.7 2.8
v 1.1 1.8 2.8
v 1.1 1.9 2.8
v -1.4 1.9 2.7
v -1.4 2 2.7
v -1.4 2.1 2.7
v -1.4 2.2 2.7
v -1.4 2.4 2.7
v -1.3 1.9 2.7
v -1.3 2 2.7
v -1.3 2.1 2.7
v -1.3 2.2 2.7
v -1.3 2.4 2.7
v -1 1.6 2.7
v -1 1.7 2.7
v -0.9 1.6 2.7
v -0.9 1.7 2.7
v -0.6 1.4 2.7
v -0.6 1.5 2.7
v -0.6 1.6 2.7
v -0.5 1.4 2.7
v -0.5 1.5 2.7
v -0.5 1.6 2.7
v 0.8 1.6 2.7
v 0.8 1.7 2.7
v 0.9 1.6 2.7
v 0.9 1.7 2.7
v 1.3 1.9 2.7
v 1.3 2 2.7
v 1.3 2.1 2.7
v 1.3 2.2 2.7
v 1.3 2.4 2.7
v 1.4 1.9 2.7
v 1.4 2 2.7
v 1.4 2.1 2.7
v 1.4 2.2 2.7
v 1.4 2.4 2.7
v -1.2 1.7 2.6
v -1.2 1.8 2.6
v -1.2 1.9 2.6
v -1.1 1.7 2.6
v -1.1 1.8 2.6
v -1.1 1.9 2.6
v 0.6 1.4 2.6
v 0.6 1.6 2.6
v 0.7 1.4 2.6
v 0.7 1.6 2.6
v -1.5 1.9 2.5
v -1.5 2 2.5
v -1.5 2.1 2.5
v -1.5 2.2 2.5
v -1.5 2.4 2.5
v -1.4 1.9 2.5
v -1.4 2 2.5
v -1.4 2.1 2.5
v -1.4 2.2 2.5
v -1.4 2.4 2.5
v -1.1 1.6 2.5
v -1.1 1.7 2.5
v -1 1.6 2.5
v -1 1.7 2.5
v -0.7 1.4 2.5
v -0.7 1.5 2.5
v -0.7 1.6 2.5
v -0.6 1.4 2.5
v -0.6 1.6 2.5
v 0.7 1.4 2.5
v 0.7 1.6 2.5
v 0.8 1.4 2.5
v 0.8 1.5 2.5
v 0.8 1.6 2.5
v 0.9 1.6 2.5
v 0.9 1.7 2.5
v 1 1.6 2.5
v 1 1.7 2.5
v 1.1 1.7 2.5
v 1.1 1.8 2.5
v 1.1 1.9 2.5
v 1.2 1.7 2.5
v 1.2 1.8 2.5
v 1.2 1.9 2.5
v 1.4 1.9 2.5
v 1.4 2 2.5
v 1.4 2.1 2.5
v 1.4 2.2 2.5
v 1.4 2.4 2.5
v 1.5 1.9 2.5
v 1.5 2 2.5
v 1.5 2.1 2.5
v 1.5 2.2 2.5
v 1.5 2.4 2.5
v -1.3 1.7 2.4
v -1.3 1.8 2.4
v -1.3 1.9 2.4
v -1.2 1.7 2.4
v -1.2 1.8 2.4
v -1.2 1.9 2.4
v -1.6 1.9 2.3
v -1.6 2 2.3
v -1.6 2.1 2.3
v -1.6 2.2 2.3
v -1.6 2.4 2.3
v -1.5 1.9 2.3
v -1.5 2 2.3
v -1.5 2.1 2.3
v -1.5 2.2 2.3
v -1.5 2.4 2.3
v -0.8 1.4 2.3
v -0.8 1.5 2.3
v -0.8 1.6 2.3
v -0.7 1.4 2.3
v -0.7 1.5 2.3
v -0.7 1.6 2.3
v 0.8 1.4 2.3
v 0.8 1.5 2.3
v 0.8 1.6 2.3
v 0.9 1.4 2.3
v 0.9 1.5 2.3
v 0.9 1.6 2.3
v 1 1.6 2.3
v 1 1.7 2.3
v 1.1 1.6 2.3
v 1.1 1.7 2.3
v 1.2 1.7 2.3
v 1.2 1.8 2.3
v 1.2 1.9 2.3
v 1.3 1.7 2.3
v 1.3 1.8 2.3
v 1.3 1.9 2.3
v 1.5 1.9 2.3
v 1.5 2.1 2.3
v 1.5 2.2 2.3
v 1.5 2.4 2.3
v 1.6 1.9 2.3
v 1.6 2 2.3
v 1.6 2.1 2.3
v 1.6 2.2 2.3
v 1.6 2.4 2.3
v -1.4 1.7 2.2
v -1.4 1.8 2.2
v -1.4 1.9 2.2
v -1.3 1.7 2.2
v -1.3 1.8 2.2
v -1.3 1.9 2.2
v -1.2 1.6 2.2
v -1.2 1.7 2.2
v -1.1 1.6 2.2
v -1.1 1.7 2.2
v 0.9 1.4 2.2
v 0.9 1.5 2.2
v 0.9 1.6 2.2
v 1 1.4 2.2
v 1 1.5 2.2
v 1 1.6 2.2
v 1.3 1.7 2.2
v 1.3 1.8 2.2
v 1.3 1.9 2.2
v 1.4 1.7 2.2
v 1.4 1.8 2.2
v 1.4 1.9 2.2
v -1.7 1.9 2.1
v -1.7 2 2.1
v -1.7 2.1 2.1
v -1.7 2.2 2.1
v -1.7 2.4 2.1
v -1.6 1.9 2.1
v -1.6 2.2 2.1
v -1.6 2.4 2.1
v -1.5 1.7 2.1
v -1.5 1.8 2.1
v -1.5 1.9 2.1
v -1.4 1.7 2.1
v -1.4 1.8 2.1
v -1.4 1.9 2.1
v -0.9 1.4 2.1
v -0.9 1.5 2.1
v -0.9 1.6 2.1
v -0.8 1.4 2.1
v -0.8 1.5 2.1
v -0.8 1.6 2.1
v 1.1 1.6 2.1
v 1.1 1.7 2.1
v 1.2 1.6 2.1
v 1.2 1.7 2.1
v 1.6 1.9 2.1
v 1.6 2 2.1
v 1.6 2.2 2.1
v 1.6 2.4 2.1
v 1.7 1.9 2.1
v 1.7 2 2.1
v 1.7 2.1 2.1
v 1.7 2.2 2.1
v 1.7 2.4 2.1
v -1.3 1.6 2
v -1.3 1.7 2
v -1.2 1.6 2
v -1.2 1.7 2
v -1 1.4 2
v -1 1.6 2
v -0.9 1.4 2
v -0.9 1.6 2
v 1 1.4 2
v 1 1.6 2
v 1.1 1.4 2
v 1.1 1.5 2
v 1.1 1.6 2
v 1.4 1.7 2
v 1.4 1.8 2
v 1.4 1.9 2
v 1.5 1.7 2
v 1.5 1.8 2
v 1.5 1.9 2
v -1.8 1.9 1.9
v -1.8 2 1.9
v -1.8 2.1 1.9
v -1.8 2.2 1.9
v -1.8 2.3 1.9
v -1.8 2.4 1.9
v -1.7 1.9 1.9
v -1.7 2 1.9
v -1.7 2.1 1.9
v -1.7 2.2 1.9
v -1.7 2.4 1.9
v -1.1 1.4 1.9
v -1.1 1.5 1.9
v -1.1 1.6 1.9
v -1 1.4 1.9
v -1 1.6 1.9
v 1.2 1.6 1.9
v 1.2 1.7 1.9
v 1.3 1.6 1.9
v 1.3 1.7 1.9
v 1.7 1.9 1.9
v 1.7 2 1.9
v 1.7 2.2 1.9
v 1.7 2.4 1.9
v 1.8 1.9 1.9
v 1.8 2 1.9
v 1.8 2.1 1.9
v 1.8 2.2 1.9
v 1.8 2.3 1.9
v 1.8 2.4 1.9
v -1.9 1.5 1.8
v -1.9 1.6 1.8
v -1.8 1.3 1.8
v -1.8 1.4 1.8
v -1.8 1.5 1.8
v -1.8 1.6 1.8
v -1.7 1.1 1.8
v -1.7 1.2 1.8
v -1.7 1.3 1.8
v -1.7 1.4 1.8
v -1.6 1 1.8
v -1.6 1.1 1.8
v -1.6 1.2 1.8
v -1.6 1.3 1.8
v -1.5 0.9 1.8
v -1.5 1 1.8
v -1.5 1.1 1.8
v -1.5 1.2 1.8
v -1.4 0.8 1.8
v -1.4 0.9 1.8
v -1.4 1 1.8
v -1.3 0.7 1.8
v -1.3 0.8 1.8
v -1.3 0.9 1.8
v -1.2 0.6 1.8
v -1.2 0.7 1.8
v -1.2 0.8 1.8
v -1.2 1.4 1.8
v -1.2 1.5 1.8
v -1.2 1.6 1.8
v -1.1 0.5 1.8
v -1.1 0.6 1.8
v -1.1 0.7 1.8
v -1.1 1.4 1.8
v -1.1 1.5 1.8
v -1.1 1.6 1.8
v -1 0.5 1.8
v -1 0.6 1.8
v -0.9 0.4 1.8
v -0.9 0.5 1.8
v -0.8 0.4 1.8
v -0.8 0.5 1.8
v -0.7 0.3 1.8
v -0.7 0.4 1.8
v -0.6 0.4 1.8
v -0.5 0.4 1.8
v -0.4 0.3 1.8
v -0.4 0.4 1.8
v 0.4 0.3 1.8
v 0.4 0.4 1.8
v 0.7 0.3 1.8
v 0.7 0.4 1.8
v 0.8 0.4 1.8
v 0.8 0.5 1.8
v 0.9 0.4 1.8
v 0.9 0.5 1.8
v 1 0.5 1.8
v 1 0.6 1.8
v 1.1 0.5 1.8
v 1.1 0.6 1.8
v 1.1 0.7 1.8
v 1.1 1.4 1.8
v 1.1 1.5 1.8
v 1.1 1.6 1.8
v 1.2 0.6 1.8
v 1.2 0.7 1.8
v 1.2 0.8 1.8
v 1.2 1.4 1.8
v 1.2 1.5 1.8
v 1.2 1.6 1.8
v 1.3 0.7 1.8
v 1.3 0.8 1.8
v 1.3 0.9 1.8
v 1.4 0.8 1.8
v 1.4 0.9 1.8
v 1.4 1 1.8
v 1.5 0.9 1.8
v 1.5 1 1.8
v 1.5 1.1 1.8
v 1.5 1.2 1.8
v 1.5 1.7 1.8
v 1.5 1.8 1.8
v 1.5 1.9 1.8
v 1.6 1 1.8
v 1.6 1.1 1.8
v 1.6 1.2 1.8
v 1.6 1.3 1.8
v 1.6 1.7 1.8
v 1.6 1.8 1.8
v 1.6 1.9 1.8
v 1.7 1.1 1.8
v 1.7 1.2 1.8
v 1.7 1.3 1.8
v 1.7 1.4 1.8
v 1.8 1.3 1.8
v 1.8 1.4 1.8
v 1.8 1.5 1.8
v 1.8 1.6 1.8
v 1.9 1.5 1.8
v 1.9 1.6 1.8
v -2 1.7 1.7
v -2 1.8 1.7
v -1.9 1.7 1.7
v -1.9 1.8 1.7
v -1.6 1.8 1.7
v -1.6 1.9 1.7
v -1.5 1.8 1.7
v -1.5 1.9 1.7
v -1.4 1.6 1.7
v -1.4 1.7 1.7
v -1.3 1.4 1.7
v -1.3 1.5 1.7
v -1.3 1.6 1.7
v -1.3 1.7 1.7
v -1.2 1.4 1.7
v -1.2 1.5 1.7
v -1.2 1.6 1.7
v 1.3 1.6 1.7
v 1.3 1.7 1.7
v 1.4 1.6 1.7
v 1.4 1.7 1.7
v -1.8 1.4 1.5
v -1.8 1.5 1.5
v -1.7 1.4 1.5
v -1.7 1.5 1.5
v -1.6 1.4 1.5
v -1.6 1.6 1.5
v -1.6 1.7 1.5
v -1.6 1.8 1.5
v -1.5 1.4 1.5
v -1.5 1.5 1.5
v -1.5 1.7 1.5
v -1.5 1.8 1.5
v -1.4 1.4 1.5
v -1.4 1.5 1.5
v -1.3 1.4 1.5
v -1.3 1.5 1.5
v -1.3 1.6 1.5
v -1.3 1.7 1.5
v 1.2 1.4 1.5
v 1.2 1.5 1.5
v 1.2 1.6 1.5
v 1.3 1.5 1.5
v 1.3 1.6 1.5
v 1.4 1.4 1.5
v 1.4 1.6 1.5
v 1.4 1.7 1.5
v 1.5 1.4 1.5
v 1.5 1.6 1.5
v 1.5 1.7 1.5
v 1.5 1.8 1.5
v 1.5 1.9 1.5
v 1.6 1.4 1.5
v 1.6 1.5 1.5
v 1.6 1.6 1.5
v 1.6 1.7 1.5
v 1.6 1.8 1.5
v 1.6 1.9 1.5
v -1.7 1.4 1.4
v -1.7 1.5 1.4
v -1.7 1.7 1.4
v -1.7 1.8 1.4
v -1.7 1.9 1.4
v -1.6 1.4 1.4
v -1.6 1.7 1.4
v -1.6 1.8 1.4
v -1.6 1.9 1.4
v -1.7 1.6 0.6
v -1.7 1.7 0.6
v -1.6 1.6 0.6
v -1.6 1.7 0.6
v -1.5 1.6 0.6
v -1.5 1.7 0.6
v -1.4 1.6 0.6
v -1.4 1.7 0.6
v -1.3 1.6 0.6
v -1.3 1.7 0.6
v -1.2 1.6 0.6
v -1.2 1.7 0.6
v -1.1 1.6 0.6
v -1.1 1.7 0.6
v -1 1.6 0.6
v -1 1.7 0.6
v -0.7 1.6 0.6
v -0.7 1.7 0.6
v -0.4 1.6 0.6
v -0.4 1.7 0.6
v 0 1.6 0.6
v 0 1.7 0.6
v 0.2 1.6 0.6
v 0.2 1.7 0.6
v 0.3 1.6 0.6
v 0.3 1.7 0.6
v 0.4 1.6 0.6
v 0.4 1.7 0.6
v 0.7 1.6 0.6
v 0.7 1.7 0.6
v 0.9 1.6 0.6
v 0.9 1.7 0.6
v 1 1.6 0.6
v 1 1.7 0.6
v 1.1 1.6 0.6
v 1.1 1.7 0.6
v 1.3 1.6 0.6
v 1.3 1.7 0.6
v 1.4 1.6 0.6
v 1.4 1.7 0.6
v 1.5 1.6 0.6
v 1.5 1.7 0.6
v 1.6 1.6 0.6
v 1.6 1.7 0.6
v -1.8 2.1 0.4
v -1.8 2.2 0.4
v -1.7 2.1 0.4
v -1.7 2.2 0.4
v -0.2 0 -0.3
v -0.2 0.1 -0.3
v -0.0999999 0 -0.3
v -0.0999999 0.1 -0.3
v 0.0999999 0 -0.3
v 0.0999999 0.1 -0.3
v 0.2 0 -0.3
v 0.2 0.1 -0.3
v -2 2.4 -0.4
v -2 2.6 -0.4
v -1.9 2.4 -0.4
v -1.8 2.4 -0.4
v -1.8 2.6 -0.4
v 1.8 2.4 -0.4
v 1.8 2.6 -0.4
v 1.9 2.4 -0.4
v 2 2.4 -0.4
v 2 2.6 -0.4
v -2 2.6 -0.7
v -2 2.7 -0.7
v -1.8 2.6 -0.7
v -1.8 2.7 -0.7
v -0.3 0.1 -0.7
v -0.3 0.2 -0.7
v -0.2 0.1 -0.7
v -0.2 0.2 -0.7
v -0.0999999 0 -0.7
v -0.0999999 0.1 -0.7
v 0 0.1 -0.7
v 0.0999999 0 -0.7
v 0.0999999 0.1 -0.7
v 0.2 0.1 -0.7
v 0.2 0.2 -0.7
v 0.3 0.1 -0.7
v 0.3 0.2 -0.7
v 1.8 2.6 -0.7
v 1.8 2.7 -0.7
v 2 2.6 -0.7
v 2 2.7 -0.7
v -2 2.4 -0.9
v -2 2.6 -0.9
v -1.9 2.4 -0.9
v -1.8 2.4 -0.9
v -1.8 2.6 -0.9
v 1.8 2.4 -0.9
v 1.8 2.6 -0.9
v 1.9 2.4 -0.9
v 2 2.4 -0.9
v 2 2.6 -0.9
v -1.7 1.6 -1
v -1.7 1.7 -1
v -1.6 1.6 -1
v -1.6 1.7 -1
v -1.5 1.6 -1
v -1.5 1.7 -1
v -1.4 1.6 -1
v -1.4 1.7 -1
v -1.3 1.6 -1
v -1.3 1.7 -1
v -1.1 1.6 -1
v -1.1 1.7 -1
v -1 1.6 -1
v -1 1.7 -1
v -0.9 1.6 -1
v -0.9 1.7 -1
v -0.7 1.6 -1
v -0.7 1.7 -1
v -0.5 1.6 -1
v -0.5 1.7 -1
v -0.4 1.6 -1
v -0.4 1.7 -1
v -0.3 1.6 -1
v -0.3 1.7 -1
v -0.2 1.6 -1
v -0.2 1.7 -1
v -0.0999999 1.6 -1
v -0.0999999 1.7 -1
v 0.0999999 1.6 -1
v 0.0999999 1.7 -1
v 0.3 1.6 -1
v 0.3 1.7 -1
v 0.4 1.6 -1
v 0.4 1.7 -1
v 0.6 1.6 -1
v 0.6 1.7 -1
v 0.8 1.6 -1
v 0.8 1.7 -1
v 0.9 1.6 -1
v 0.9 1.7 -1
v 1 1.6 -1
v 1 1.7 -1
v 1.3 1.6 -1
v 1.3 1.7 -1
v 1.4 1.6 -1
v 1.4 1.7 -1
v 1.5 1.6 -1
v 1.5 1.7 -1
v 1.6 1.6 -1
v 1.6 1.7 -1
v -0.3 0.2 -1.2
v -0.3 0.3 -1.2
v -0.2 0.1 -1.2
v -0.2 0.2 -1.2
v -0.2 0.3 -1.2
v -0.0999999 0.1 -1.2
v -0.0999999 0.2 -1.2
v 0.0999999 0.1 -1.2
v 0.0999999 0.2 -1.2
v 0.2 0.1 -1.2
v 0.2 0.2 -1.2
v 0.2 0.3 -1.2
v 0.3 0.2 -1.2
v 0.3 0.3 -1.2
v -0.0999999 0.1 -1.4
v -0.0999999 0.2 -1.4
v 0 0.1 -1.4
v 0 0.2 -1.4
v 0.0999999 0.1 -1.4
v 0.0999999 0.2 -1.4
v -0.2 0.2 -1.7
v -0.2 0.3 -1.7
v -0.0999999 0.2 -1.7
v -0.0999999 0.3 -1.7
v 0.0999999 0.2 -1.7
v 0.0999999 0.3 -1.7
v 0.2 0.2 -1.7
v 0.2 0.3 -1.7
v -0.0999999 0.2 -1.9
v -0.0999999 0.3 -1.9
v 0 0.2 -1.9
v 0 0.3 -1.9
v 0.0999999 0.2 -1.9
v 0.0999999 0.3 -1.9
v -2.1 2 -2
v -2.1 2.1 -2
v -2.1 2.2 -2
v -2.1 2.4 -2
v -2 2 -2
v -2 2.1 -2
v -2 2.2 -2
v -2 2.4 -2
v -1.2 0.7 -2
v -1.2 0.8 -2
v -1.1 0.6 -2
v -1.1 0.7 -2
v -1 0.5 -2
v -1 0.6 -2
v -1 0.8 -2
v -0.8 0.4 -2
v -0.8 0.5 -2
v -0.8 0.6 -2
v -0.8 0.8 -2
v -0.7 0.4 -2
v -0.7 0.5 -2
v -0.7 0.6 -2
v -0.7 0.7 -2
v -0.7 0.8 -2
v -0.3 0.3 -2
v -0.3 0.4 -2
v -0.2 0.3 -2
v -0.2 0.4 -2
v 0.6 0.4 -2
v 0.6 0.5 -2
v 0.6 0.6 -2
v 0.6 0.7 -2
v 0.6 0.8 -2
v 0.7 0.4 -2
v 0.7 0.5 -2
v 0.7 0.6 -2
v 0.7 0.7 -2
v 0.8 0.4 -2
v 0.8 0.5 -2
v 0.8 0.6 -2
v 0.9 0.5 -2
v 0.9 0.6 -2
v 0.9 0.7 -2
v 0.9 0.8 -2
v 1 0.5 -2
v 1 0.6 -2
v 1 0.7 -2
v 1 0.8 -2
v 1.1 0.6 -2
v 1.1 0.7 -2
v 1.1 0.8 -2
v 2 2 -2
v 2 2.1 -2
v 2 2.2 -2
v 2 2.4 -2
v 2.1 2 -2
v 2.1 2.1 -2
v 2.1 2.2 -2
v 2.1 2.4 -2
v -1.3 0.8 -2.1
v -1.3 0.9 -2.1
v -1.2 0.8 -2.1
v -1.2 0.9 -2.1
v -1.2 1 -2.1
v -1 0.8 -2.1
v -1 0.9 -2.1
v -1 1 -2.1
v -0.9 0.9 -2.1
v -0.9 1 -2.1
v -0.8 0.8 -2.1
v -0.8 0.9 -2.1
v -0.8 1 -2.1
v -0.7 0.4 -2.1
v -0.7 0.5 -2.1
v -0.7 0.6 -2.1
v -0.7 0.7 -2.1
v -0.7 0.8 -2.1
v -0.7 0.9 -2.1
v -0.7 1 -2.1
v -0.6 0.4 -2.1
v -0.6 0.5 -2.1
v -0.6 0.6 -2.1
v -0.6 0.7 -2.1
v -0.6 0.8 -2.1
v -0.6 0.9 -2.1
v -0.5 0.6 -2.1
v -0.5 0.7 -2.1
v -0.4 0.3 -2.1
v -0.4 0.4 -2.1
v -0.4 0.5 -2.1
v -0.4 0.7 -2.1
v -0.4 0.8 -2.1
v -0.4 0.9 -2.1
v -0.3 0.3 -2.1
v -0.3 0.4 -2.1
v -0.3 0.5 -2.1
v -0.3 0.7 -2.1
v -0.3 0.8 -2.1
v -0.3 0.9 -2.1
v -0.2 0.3 -2.1
v -0.2 0.4 -2.1
v -0.2 0.5 -2.1
v -0.0999999 0.4 -2.1
v 0.0999999 0.3 -2.1
v 0.0999999 0.4 -2.1
v 0.2 0.4 -2.1
v 0.2 0.5 -2.1
v 0.3 0.3 -2.1
v 0.3 0.4 -2.1
v 0.3 0.5 -2.1
v 0.3 0.6 -2.1
v 0.3 0.7 -2.1
v 0.3 0.8 -2.1
v 0.4 0.3 -2.1
v 0.4 0.4 -2.1
v 0.4 0.5 -2.1
v 0.4 0.6 -2.1
v 0.4 0.7 -2.1
v 0.4 0.8 -2.1
v 0.5 0.4 -2.1
v 0.5 0.5 -2.1
v 0.5 0.6 -2.1
v 0.5 0.7 -2.1
v 0.5 0.8 -2.1
v 0.5 0.9 -2.1
v 0.6 0.4 -2.1
v 0.6 0.5 -2.1
v 0.6 0.6 -2.1
v 0.6 0.7 -2.1
v 0.6 0.8 -2.1
v 0.6 0.9 -2.1
v 0.6 1 -2.1
v 0.7 1 -2.1
v 0.8 0.9 -2.1
v 0.8 1 -2.1
v 0.9 0.8 -2.1
v 0.9 0.9 -2.1
v 0.9 1 -2.1
v 1 0.8 -2.1
v 1 0.9 -2.1
v 1 1 -2.1
v 1.1 0.7 -2.1
v 1.1 0.8 -2.1
v 1.1 0.9 -2.1
v 1.1 1 -2.1
v 1.2 0.7 -2.1
v 1.2 0.8 -2.1
v 1.2 0.9 -2.1
v -2.1 1.9 -2.2
v -2.1 2 -2.2
v -2 1.9 -2.2
v -2 2 -2.2
v -1.4 0.9 -2.2
v -1.4 1 -2.2
v -1.3 1 -2.2
v -1.3 1.1 -2.2
v -1.2 0.9 -2.2
v -1.2 1 -2.2
v -1.2 1.1 -2.2
v -1.1 1.1 -2.2
v -1 1 -2.2
v -1 1.1 -2.2
v -1 1.2 -2.2
v -0.9 1 -2.2
v -0.9 1.1 -2.2
v -0.9 1.2 -2.2
v -0.8 1 -2.2
v -0.8 1.1 -2.2
v -0.7 0.9 -2.2
v -0.7 1 -2.2
v -0.6 0.8 -2.2
v -0.6 0.9 -2.2
v -0.6 1 -2.2
v -0.6 1.1 -2.2
v -0.5 0.9 -2.2
v -0.5 1 -2.2
v -0.4 0.8 -2.2
v -0.4 0.9 -2.2
v -0.4 1 -2.2
v -0.4 1.1 -2.2
v -0.3 0.9 -2.2
v -0.3 1.1 -2.2
v 0.3 0.8 -2.2
v 0.3 1 -2.2
v 0.4 0.8 -2.2
v 0.4 1 -2.2
v 0.5 0.8 -2.2
v 0.5 0.9 -2.2
v 0.5 1 -2.2
v 0.5 1.1 -2.2
v 0.6 0.9 -2.2
v 0.6 1 -2.2
v 0.6 1.1 -2.2
v 0.7 1 -2.2
v 0.7 1.1 -2.2
v 0.8 1 -2.2
v 0.8 1.1 -2.2
v 0.8 1.2 -2.2
v 0.9 1 -2.2
v 0.9 1.1 -2.2
v 0.9 1.2 -2.2
v 1.1 0.9 -2.2
v 1.1 1 -2.2
v 1.1 1.1 -2.2
v 1.2 0.8 -2.2
v 1.2 0.9 -2.2
v 1.2 1 -2.2
v 1.2 1.1 -2.2
v 1.3 0.8 -2.2
v 1.3 0.9 -2.2
v 1.3 1 -2.2
v 2 1.9 -2.2
v 2 2 -2.2
v 2.1 1.9 -2.2
v 2.1 2 -2.2
v -2 1.9 -2.3
v -2 2.1 -2.3
v -1.9 1.9 -2.3
v -1.9 2 -2.3
v -1.9 2.1 -2.3
v -1.7 1.6 -2.3
v -1.7 1.7 -2.3
v -1.6 1.6 -2.3
v -1.6 1.7 -2.3
v -1.5 1.6 -2.3
v -1.5 1.7 -2.3
v -1.4 1 -2.3
v -1.4 1.1 -2.3
v -1.4 1.6 -2.3
v -1.4 1.7 -2.3
v -1.3 1 -2.3
v -1.3 1.1 -2.3
v -1.3 1.2 -2.3
v -1.3 1.6 -2.3
v -1.3 1.7 -2.3
v -1.2 1.1 -2.3
v -1.2 1.2 -2.3
v -1.2 1.6 -2.3
v -1.2 1.7 -2.3
v -1.1 1.1 -2.3
v -1.1 1.2 -2.3
v -1.1 1.6 -2.3
v -1.1 1.7 -2.3
v -1 1.1 -2.3
v -1 1.2 -2.3
v -0.9 1.1 -2.3
v -0.9 1.2 -2.3
v -0.9 1.6 -2.3
v -0.9 1.7 -2.3
v -0.8 1.1 -2.3
v -0.8 1.2 -2.3
v -0.8 1.6 -2.3
v -0.8 1.7 -2.3
v -0.6 1 -2.3
v -0.6 1.1 -2.3
v -0.6 1.2 -2.3
v -0.5 1.1 -2.3
v -0.5 1.6 -2.3
v -0.5 1.7 -2.3
v -0.4 1 -2.3
v -0.4 1.1 -2.3
v -0.4 1.2 -2.3
v -0.4 1.6 -2.3
v -0.4 1.7 -2.3
v -0.3 1.1 -2.3
v -0.3 1.2 -2.3
v -0.3 1.6 -2.3
v -0.3 1.7 -2.3
v -0.2 1.6 -2.3
v -0.2 1.7 -2.3
v -0.0999999 1.4 -2.3
v -0.0999999 1.5 -2.3
v -0.0999999 1.6 -2.3
v -0.0999999 1.7 -2.3
v 0 1.4 -2.3
v 0.0999999 1.4 -2.3
v 0.0999999 1.5 -2.3
v 0.0999999 1.6 -2.3
v 0.0999999 1.7 -2.3
v 0.3 1 -2.3
v 0.3 1.1 -2.3
v 0.3 1.6 -2.3
v 0.3 1.7 -2.3
v 0.4 1 -2.3
v 0.4 1.1 -2.3
v 0.5 1 -2.3
v 0.5 1.1 -2.3
v 0.5 1.2 -2.3
v 0.6 1.1 -2.3
v 0.6 1.2 -2.3
v 0.7 1.6 -2.3
v 0.7 1.7 -2.3
v 0.8 1.1 -2.3
v 0.8 1.2 -2.3
v 0.9 1.1 -2.3
v 0.9 1.2 -2.3
v 0.9 1.6 -2.3
v 0.9 1.7 -2.3
v 1.1 1.1 -2.3
v 1.1 1.2 -2.3
v 1.1 1.6 -2.3
v 1.1 1.7 -2.3
v 1.2 1 -2.3
v 1.2 1.1 -2.3
v 1.2 1.2 -2.3
v 1.3 0.9 -2.3
v 1.3 1 -2.3
v 1.3 1.1 -2.3
v 1.3 1.6 -2.3
v 1.3 1.7 -2.3
v 1.4 0.9 -2.3
v 1.4 1 -2.3
v 1.4 1.6 -2.3
v 1.4 1.7 -2.3
v 1.5 1.6 -2.3
v 1.5 1.7 -2.3
v 1.6 1.6 -2.3
v 1.6 1.7 -2.3
v 1.9 1.9 -2.3
v 1.9 2 -2.3
v 1.9 2.1 -2.3
v 2 1.9 -2.3
v 2 2 -2.3
v 2 2.1 -2.3
v -2 1.7 -2.4
v -2 1.8 -2.4
v -2 1.9 -2.4
v -2 2.1 -2.4
v -2 2.2 -2.4
v -2 2.3 -2.4
v -1.9 1.7 -2.4
v -1.9 1.8 -2.4
v -1.9 1.9 -2.4
v -1.9 2.1 -2.4
v -1.9 2.2 -2.4
v -1.9 2.3 -2.4
v -1.5 1 -2.4
v -1.5 1.1 -2.4
v -1.4 1 -2.4
v -1.4 1.1 -2.4
v -1.4 1.2 -2.4
v -1.3 1.1 -2.4
v -1.3 1.2 -2.4
v -1.2 1.2 -2.4
v -1.2 1.3 -2.4
v -1.1 1.3 -2.4
v -1 1.3 -2.4
v -0.8 1.3 -2.4
v -0.7 1.2 -2.4
v -0.7 1.3 -2.4
v -0.6 1.1 -2.4
v -0.6 1.2 -2.4
v -0.5 1.1 -2.4
v -0.5 1.2 -2.4
v -0.4 1.1 -2.4
v -0.4 1.2 -2.4
v -0.3 0.5 -2.4
v -0.3 0.6 -2.4
v -0.2 0.4 -2.4
v -0.2 0.5 -2.4
v -0.2 0.6 -2.4
v -0.0999999 0.4 -2.4
v -0.0999999 0.5 -2.4
v 0 0.4 -2.4
v 0 0.5 -2.4
v 0.0999999 0.4 -2.4
v 0.0999999 0.5 -2.4
v 0.2 0.4 -2.4
v 0.2 0.5 -2.4
v 0.2 0.6 -2.4
v 0.3 0.5 -2.4
v 0.3 0.6 -2.4
v 0.3 1.1 -2.4
v 0.3 1.2 -2.4
v 0.4 1.1 -2.4
v 0.4 1.2 -2.4
v 0.5 1.1 -2.4
v 0.5 1.2 -2.4
v 0.6 1.2 -2.4
v 0.6 1.3 -2.4
v 0.8 1.3 -2.4
v 0.9 1.3 -2.4
v 1.1 1.2 -2.4
v 1.1 1.3 -2.4
v 1.2 1.1 -2.4
v 1.2 1.2 -2.4
v 1.3 1 -2.4
v 1.3 1.1 -2.4
v 1.3 1.2 -2.4
v 1.4 1 -2.4
v 1.4 1.1 -2.4
v 1.9 1.7 -2.4
v 1.9 1.8 -2.4
v 1.9 1.9 -2.4
v 1.9 2.1 -2.4
v 1.9 2.2 -2.4
v 1.9 2.3 -2.4
v 2 1.7 -2.4
v 2 1.8 -2.4
v 2 1.9 -2.4
v 2 2.1 -2.4
v 2 2.2 -2.4
v 2 2.3 -2.4
v -2 2.3 -2.5
v -2 2.4 -2.5
v -1.9 1.6 -2.5
v -1.9 1.7 -2.5
v -1.9 1.8 -2.5
v -1.9 1.9 -2.5
v -1.9 2 -2.5
v -1.9 2.2 -2.5
v -1.9 2.3 -2.5
v -1.8 1.6 -2.5
v -1.8 1.7 -2.5
v -1.8 1.8 -2.5
v -1.8 1.9 -2.5
v -1.8 2 -2.5
v -1.8 2.2 -2.5
v -1.8 2.4 -2.5
v -1.5 1.1 -2.5
v -1.5 1.2 -2.5
v -1.4 1.1 -2.5
v -1.4 1.2 -2.5
v -1.3 1.2 -2.5
v -1.3 1.3 -2.5
v -1.2 1.2 -2.5
v -1.2 1.3 -2.5
v -0.7 1.2 -2.5
v -0.7 1.3 -2.5
v -0.6 1.2 -2.5
v -0.6 1.3 -2.5
v -0.4 1.2 -2.5
v -0.4 1.3 -2.5
v -0.3 1.2 -2.5
v -0.3 1.3 -2.5
v 0.5 1.2 -2.5
v 0.5 1.3 -2.5
v 0.6 1.2 -2.5
v 0.6 1.3 -2.5
v 1.1 1.2 -2.5
v 1.1 1.3 -2.5
v 1.2 1.2 -2.5
v 1.2 1.3 -2.5
v 1.3 1.1 -2.5
v 1.3 1.2 -2.5
v 1.4 1 -2.5
v 1.4 1.1 -2.5
v 1.4 1.2 -2.5
v 1.5 1 -2.5
v 1.5 1.1 -2.5
v 1.8 1.6 -2.5
v 1.8 1.7 -2.5
v 1.8 1.8 -2.5
v 1.8 1.9 -2.5
v 1.8 2 -2.5
v 1.8 2.1 -2.5
v 1.8 2.2 -2.5
v 1.8 2.4 -2.5
v 1.9 1.6 -2.5
v 1.9 1.7 -2.5
v 1.9 1.8 -2.5
v 1.9 1.9 -2.5
v 1.9 2 -2.5
v 1.9 2.1 -2.5
v 1.9 2.2 -2.5
v 1.9 2.3 -2.5
v 2 2.3 -2.5
v 2 2.4 -2.5
v -1.8 1.4 -2.6
v -1.8 1.5 -2.6
v -1.8 1.7 -2.6
v -1.8 1.8 -2.6
v -1.8 2.2 -2.6
v -1.8 2.4 -2.6
v -1.7 1.4 -2.6
v -1.7 1.5 -2.6
v -1.7 1.6 -2.6
v -1.7 1.7 -2.6
v -1.7 1.8 -2.6
v -1.7 2.2 -2.6
v -1.7 2.4 -2.6
v -1.4 1.2 -2.6
v -1.4 1.3 -2.6
v -1.3 1.2 -2.6
v -1.3 1.3 -2.6
v -0.6 1.2 -2.6
v -0.6 1.3 -2.6
v -0.5 1.3 -2.6
v -0.4 1.2 -2.6
v -0.4 1.3 -2.6
v -0.3 0.6 -2.6
v -0.3 0.7 -2.6
v -0.2 0.5 -2.6
v -0.2 0.6 -2.6
v -0.2 0.7 -2.6
v -0.0999999 0.5 -2.6
v -0.0999999 0.6 -2.6
v 0 0.5 -2.6
v 0 0.6 -2.6
v 0.0999999 0.5 -2.6
v 0.0999999 0.6 -2.6
v 0.2 0.5 -2.6
v 0.2 0.6 -2.6
v 0.2 0.7 -2.6
v 0.3 0.6 -2.6
v 0.3 0.7 -2.6
v 0.3 1.2 -2.6
v 0.3 1.3 -2.6
v 0.4 1.3 -2.6
v 0.5 1.2 -2.6
v 0.5 1.3 -2.6
v 1.2 1.2 -2.6
v 1.2 1.3 -2.6
v 1.3 1.2 -2.6
v 1.3 1.3 -2.6
v 1.7 1.4 -2.6
v 1.7 1.5 -2.6
v 1.7 1.6 -2.6
v 1.7 1.7 -2.6
v 1.7 1.8 -2.6
v 1.7 1.9 -2.6
v 1.7 2 -2.6
v 1.7 2.1 -2.6
v 1.7 2.2 -2.6
v 1.7 2.4 -2.6
v 1.8 1.4 -2.6
v 1.8 1.5 -2.6
v 1.8 1.7 -2.6
v 1.8 1.8 -2.6
v 1.8 1.9 -2.6
v 1.8 2.1 -2.6
v 1.8 2.2 -2.6
v 1.8 2.4 -2.6
v -1.7 1.3 -2.7
v -1.7 1.4 -2.7
v -1.7 1.6 -2.7
v -1.7 1.7 -2.7
v -1.7 1.8 -2.7
v -1.7 2.2 -2.7
v -1.7 2.4 -2.7
v -1.6 1.3 -2.7
v -1.6 1.5 -2.7
v -1.6 1.6 -2.7
v -1.6 1.7 -2.7
v -1.6 2 -2.7
v -1.6 2.2 -2.7
v -1.5 1.3 -2.7
v -1.5 1.4 -2.7
v -1.5 1.5 -2.7
v -1.5 1.6 -2.7
v -1.5 1.7 -2.7
v -1.5 1.8 -2.7
v -1.5 1.9 -2.7
v -1.5 2 -2.7
v -1.5 2.1 -2.7
v -1.5 2.2 -2.7
v -1.5 2.4 -2.7
v -1.4 1.4 -2.7
v -1.4 1.5 -2.7
v -1.4 1.6 -2.7
v -1.4 1.7 -2.7
v -1.4 1.8 -2.7
v -1.4 1.9 -2.7
v -1.3 1.4 -2.7
v -1.3 1.5 -2.7
v -1.3 1.6 -2.7
v -1.3 1.7 -2.7
v -1.3 1.8 -2.7
v -1.3 1.9 -2.7
v -0.2 0.6 -2.7
v -0.2 0.7 -2.7
v -0.0999999 0.6 -2.7
v -0.0999999 0.7 -2.7
v 1.3 1.4 -2.7
v 1.3 1.7 -2.7
v 1.3 1.8 -2.7
v 1.3 1.9 -2.7
v 1.4 1.4 -2.7
v 1.4 1.5 -2.7
v 1.4 1.7 -2.7
v 1.4 1.8 -2.7
v 1.4 1.9 -2.7
v 1.5 1.3 -2.7
v 1.5 1.4 -2.7
v 1.5 1.5 -2.7
v 1.5 1.6 -2.7
v 1.5 1.7 -2.7
v 1.5 1.8 -2.7
v 1.5 1.9 -2.7
v 1.5 2 -2.7
v 1.5 2.1 -2.7
v 1.5 2.2 -2.7
v 1.5 2.4 -2.7
v 1.6 1.3 -2.7
v 1.6 1.4 -2.7
v 1.6 1.5 -2.7
v 1.6 1.6 -2.7
v 1.6 1.7 -2.7
v 1.6 1.8 -2.7
v 1.6 1.9 -2.7
v 1.6 2 -2.7
v 1.6 2.1 -2.7
v 1.6 2.2 -2.7
v 1.7 1.3 -2.7
v 1.7 1.4 -2.7
v 1.7 1.9 -2.7
v 1.7 2 -2.7
v 1.7 2.1 -2.7
v 1.7 2.2 -2.7
v 1.7 2.4 -2.7
v -1.6 1.2 -2.8
v -1.6 1.3 -2.8
v -1.5 1.2 -2.8
v -1.5 1.3 -2.8
v -1.5 2 -2.8
v -1.5 2.1 -2.8
v -1.5 2.2 -2.8
v -1.5 2.4 -2.8
v -1.4 2 -2.8
v -1.4 2.1 -2.8
v -1.4 2.2 -2.8
v -1.4 2.4 -2.8
v -0.3 0.7 -2.8
v -0.3 0.8 -2.8
v -0.2 0.7 -2.8
v -0.2 0.8 -2.8
v 1.4 1.1 -2.8
v 1.4 1.2 -2.8
v 1.4 2 -2.8
v 1.4 2.1 -2.8
v 1.4 2.2 -2.8
v 1.4 2.4 -2.8
v 1.5 1.1 -2.8
v 1.5 1.2 -2.8
v 1.5 1.3 -2.8
v 1.5 2 -2.8
v 1.5 2.1 -2.8
v 1.5 2.2 -2.8
v 1.5 2.4 -2.8
v 1.6 1.2 -2.8
v 1.6 1.3 -2.8
v 1.6 1.4 -2.8
v 1.6 1.5 -2.8
v 1.6 1.7 -2.8
v 1.6 1.8 -2.8
v 1.6 1.9 -2.8
v 1.7 1.4 -2.8
v 1.7 1.5 -2.8
v 1.7 1.7 -2.8
v 1.7 1.8 -2.8
v 1.7 1.9 -2.8
v -1.5 1.2 -2.9
v -1.5 1.3 -2.9
v -1.5 1.4 -2.9
v -1.5 1.5 -2.9
v -1.5 1.7 -2.9
v -1.5 1.8 -2.9
v -1.5 2 -2.9
v -1.4 1.2 -2.9
v -1.4 1.3 -2.9
v -1.4 1.4 -2.9
v -1.4 1.5 -2.9
v -1.4 1.7 -2.9
v -1.4 1.8 -2.9
v -1.4 1.9 -2.9
v -1.4 2 -2.9
v -1.4 2.2 -2.9
v -1.4 2.4 -2.9
v -1.3 2.2 -2.9
v -1.3 2.4 -2.9
v -0.7 1.3 -2.9
v -0.7 1.4 -2.9
v -0.5 1.3 -2.9
v -0.5 1.4 -2.9
v -0.4 1.3 -2.9
v -0.4 1.4 -2.9
v -0.3 0.8 -2.9
v -0.3 0.9 -2.9
v -0.3 1.3 -2.9
v -0.3 1.4 -2.9
v -0.2 0.7 -2.9
v -0.2 0.8 -2.9
v -0.2 0.9 -2.9
v -0.0999999 0.6 -2.9
v -0.0999999 0.7 -2.9
v -0.0999999 0.8 -2.9
v 0.2 0.6 -2.9
v 0.2 0.7 -2.9
v 0.2 0.8 -2.9
v 0.3 0.7 -2.9
v 0.3 0.8 -2.9
v 0.3 1.3 -2.9
v 0.3 1.4 -2.9
v 0.4 1.4 -2.9
v 0.5 1.3 -2.9
v 0.5 1.4 -2.9
v 0.7 1.3 -2.9
v 0.7 1.4 -2.9
v 0.8 1.3 -2.9
v 0.8 1.4 -2.9
v 0.9 1.3 -2.9
v 0.9 1.4 -2.9
v 1 1.4 -2.9
v 1.1 1.3 -2.9
v 1.1 1.4 -2.9
v 1.3 1.2 -2.9
v 1.3 1.3 -2.9
v 1.3 1.4 -2.9
v 1.3 2.2 -2.9
v 1.3 2.4 -2.9
v 1.4 1.4 -2.9
v 1.4 1.5 -2.9
v 1.4 1.6 -2.9
v 1.4 1.7 -2.9
v 1.4 1.8 -2.9
v 1.4 1.9 -2.9
v 1.4 2 -2.9
v 1.4 2.2 -2.9
v 1.4 2.4 -2.9
v 1.5 1.2 -2.9
v 1.5 1.3 -2.9
v 1.5 1.4 -2.9
v 1.5 1.5 -2.9
v 1.5 1.6 -2.9
v 1.5 1.7 -2.9
v 1.5 1.8 -2.9
v 1.5 1.9 -2.9
v 1.5 2 -2.9
v -1.4 1.3 -3
v -1.4 1.4 -3
v -1.4 1.5 -3
v -1.4 1.7 -3
v -1.4 1.8 -3
v -1.4 1.9 -3
v -1.4 2 -3
v -1.4 2.1 -3
v -1.4 2.2 -3
v -1.3 1.3 -3
v -1.3 1.4 -3
v -1.3 1.5 -3
v -1.3 1.7 -3
v -1.3 1.8 -3
v -1.3 1.9 -3
v -1.3 2.1 -3
v -1.3 2.2 -3
v -1.3 2.4 -3
v -1.2 1.9 -3
v -1.2 2 -3
v -1.2 2.1 -3
v -1.2 2.2 -3
v -1.2 2.4 -3
v -0.7 1.4 -3
v -0.7 1.5 -3
v -0.4 1.4 -3
v -0.4 1.5 -3
v -0.3 0.9 -3
v -0.3 1 -3
v -0.3 1.4 -3
v -0.3 1.5 -3
v -0.2 0.8 -3
v -0.2 0.9 -3
v -0.2 1 -3
v -0.0999999 0.7 -3
v -0.0999999 0.8 -3
v -0.0999999 0.9 -3
v 0 0.7 -3
v 0 0.8 -3
v 0.3 1.4 -3
v 0.3 1.5 -3
v 0.4 1.4 -3
v 0.4 1.5 -3
v 0.5 1.4 -3
v 0.5 1.5 -3
v 0.6 1.4 -3
v 0.6 1.5 -3
v 1.1 1.4 -3
v 1.1 1.5 -3
v 1.2 1.5 -3
v 1.2 1.9 -3
v 1.2 2 -3
v 1.2 2.1 -3
v 1.2 2.2 -3
v 1.2 2.4 -3
v 1.3 1.4 -3
v 1.3 1.5 -3
v 1.3 1.6 -3
v 1.3 1.7 -3
v 1.3 1.8 -3
v 1.3 1.9 -3
v 1.3 2 -3
v 1.3 2.1 -3
v 1.3 2.2 -3
v 1.3 2.4 -3
v 1.4 1.4 -3
v 1.4 1.5 -3
v 1.4 1.6 -3
v 1.4 1.7 -3
v 1.4 1.8 -3
v 1.4 1.9 -3
v 1.4 2.1 -3
v 1.4 2.2 -3
v -1.3 1.3 -3.1
v -1.3 1.5 -3.1
v -1.3 1.7 -3.1
v -1.3 1.8 -3.1
v -1.3 1.9 -3.1
v -1.2 1.3 -3.1
v -1.2 1.4 -3.1
v -1.2 1.5 -3.1
v -1.2 1.6 -3.1
v -1.2 1.7 -3.1
v -1.2 1.8 -3.1
v -1.2 1.9 -3.1
v -1.2 2.2 -3.1
v -1.2 2.4 -3.1
v -1.1 2.2 -3.1
v -1.1 2.4 -3.1
v -0.3 1 -3.1
v -0.3 1.1 -3.1
v -0.2 1 -3.1
v -0.2 1.1 -3.1
v -0.0999999 0.8 -3.1
v -0.0999999 0.9 -3.1
v 0 0.7 -3.1
v 0 0.8 -3.1
v 0 0.9 -3.1
v 0.0999999 0.9 -3.1
v 0.2 0.7 -3.1
v 0.2 0.8 -3.1
v 0.2 0.9 -3.1
v 1.1 2.2 -3.1
v 1.1 2.4 -3.1
v 1.2 1.5 -3.1
v 1.2 1.6 -3.1
v 1.2 1.7 -3.1
v 1.2 1.8 -3.1
v 1.2 1.9 -3.1
v 1.2 2.2 -3.1
v 1.2 2.4 -3.1
v 1.3 1.5 -3.1
v 1.3 1.6 -3.1
v 1.3 1.7 -3.1
v 1.3 1.8 -3.1
v 1.3 1.9 -3.1
v -1.2 1.3 -3.2
v -1.2 1.4 -3.2
v -1.2 1.5 -3.2
v -1.2 1.6 -3.2
v -1.2 1.7 -3.2
v -1.2 1.8 -3.2
v -1.2 2 -3.2
v -1.2 2.1 -3.2
v -1.2 2.2 -3.2
v -1.1 1.3 -3.2
v -1.1 1.4 -3.2
v -1.1 1.5 -3.2
v -1.1 1.6 -3.2
v -1.1 1.8 -3.2
v -1.1 1.9 -3.2
v -1.1 2 -3.2
v -1.1 2.1 -3.2
v -1.1 2.2 -3.2
v -1.1 2.4 -3.2
v -1 1.3 -3.2
v -1 1.4 -3.2
v -1 1.5 -3.2
v -1 1.6 -3.2
v -1 1.7 -3.2
v -1 1.9 -3.2
v -1 2 -3.2
v -0.9 1.4 -3.2
v -0.9 1.5 -3.2
v -0.9 1.6 -3.2
v -0.9 1.7 -3.2
v -0.9 1.8 -3.2
v -0.9 1.9 -3.2
v -0.9 2 -3.2
v -0.9 2.1 -3.2
v -0.8 1.4 -3.2
v -0.8 1.5 -3.2
v -0.8 1.6 -3.2
v -0.8 1.7 -3.2
v -0.8 1.8 -3.2
v -0.8 1.9 -3.2
v -0.8 2 -3.2
v -0.8 2.1 -3.2
v -0.7 1.3 -3.2
v -0.7 1.4 -3.2
v -0.7 1.5 -3.2
v -0.7 1.6 -3.2
v -0.7 1.7 -3.2
v -0.7 1.8 -3.2
v -0.7 1.9 -3.2
v -0.7 2 -3.2
v -0.7 2.1 -3.2
v -0.6 1.5 -3.2
v -0.6 1.6 -3.2
v -0.6 1.7 -3.2
v -0.6 1.8 -3.2
v -0.6 1.9 -3.2
v -0.6 2 -3.2
v -0.6 2.1 -3.2
v -0.5 1.5 -3.2
v -0.5 1.6 -3.2
v -0.5 1.7 -3.2
v -0.5 1.8 -3.2
v -0.5 1.9 -3.2
v -0.5 2 -3.2
v -0.5 2.1 -3.2
v -0.4 1.6 -3.2
v -0.4 1.7 -3.2
v -0.4 1.9 -3.2
v -0.4 2 -3.2
v -0.4 2.1 -3.2
v -0.4 2.2 -3.2
v -0.3 1.1 -3.2
v -0.3 1.2 -3.2
v -0.3 1.5 -3.2
v -0.3 1.6 -3.2
v -0.3 1.7 -3.2
v -0.3 1.8 -3.2
v -0.3 1.9 -3.2
v -0.3 2 -3.2
v -0.3 2.1 -3.2
v -0.3 2.2 -3.2
v -0.3 2.4 -3.2
v -0.2 0.9 -3.2
v -0.2 1.1 -3.2
v -0.2 1.2 -3.2
v -0.2 2.3 -3.2
v -0.2 2.4 -3.2
v -0.0999999 1 -3.2
v -0.0999999 1.1 -3.2
v -0.0999999 2.3 -3.2
v -0.0999999 2.4 -3.2
v 0 0.9 -3.2
v 0 1 -3.2
v 0 2.3 -3.2
v 0 2.4 -3.2
v 0.0999999 0.9 -3.2
v 0.0999999 1 -3.2
v 0.0999999 2.3 -3.2
v 0.0999999 2.4 -3.2
v 0.2 0.8 -3.2
v 0.2 0.9 -3.2
v 0.3 0.8 -3.2
v 0.3 0.9 -3.2
v 0.3 1 -3.2
v 0.3 1.5 -3.2
v 0.3 1.6 -3.2
v 0.3 1.7 -3.2
v 0.3 1.8 -3.2
v 0.3 1.9 -3.2
v 0.3 2 -3.2
v 0.3 2.1 -3.2
v 0.3 2.2 -3.2
v 0.3 2.3 -3.2
v 0.4 1.5 -3.2
v 0.4 1.6 -3.2
v 0.4 1.7 -3.2
v 0.4 1.8 -3.2
v 0.4 1.9 -3.2
v 0.4 2 -3.2
v 0.4 2.1 -3.2
v 0.4 2.2 -3.2
v 0.5 1.6 -3.2
v 0.5 1.7 -3.2
v 0.5 1.9 -3.2
v 0.5 2 -3.2
v 0.5 2.2 -3.2
v 0.6 1.4 -3.2
v 0.6 1.5 -3.2
v 0.6 1.7 -3.2
v 0.6 2 -3.2
v 0.6 2.2 -3.2
v 0.7 1.3 -3.2
v 0.7 1.4 -3.2
v 0.7 1.5 -3.2
v 0.7 1.6 -3.2
v 0.7 1.7 -3.2
v 0.7 1.8 -3.2
v 0.7 1.9 -3.2
v 0.7 2.1 -3.2
v 0.8 1.3 -3.2
v 0.8 1.4 -3.2
v 0.8 1.5 -3.2
v 0.8 1.6 -3.2
v 0.8 1.7 -3.2
v 0.8 1.8 -3.2
v 0.8 1.9 -3.2
v 0.8 2 -3.2
v 0.9 1.3 -3.2
v 0.9 1.4 -3.2
v 0.9 1.6 -3.2
v 0.9 1.7 -3.2
v 0.9 1.8 -3.2
v 0.9 1.9 -3.2
v 1 1.3 -3.2
v 1 1.4 -3.2
v 1 1.5 -3.2
v 1 1.6 -3.2
v 1 1.7 -3.2
v 1 1.8 -3.2
v 1 1.9 -3.2
v 1 2 -3.2
v 1 2.1 -3.2
v 1 2.2 -3.2
v 1.1 1.4 -3.2
v 1.1 1.5 -3.2
v 1.1 1.6 -3.2
v 1.1 1.7 -3.2
v 1.1 2 -3.2
v 1.1 2.1 -3.2
v 1.1 2.2 -3.2
v 1.1 2.4 -3.2
v 1.2 1.5 -3.2
v 1.2 1.6 -3.2
v 1.2 1.7 -3.2
v 1.2 1.8 -3.2
v 1.2 1.9 -3.2
v 1.2 2.2 -3.2
v -0.0999999 1 -3.3
v -0.0999999 1.1 -3.3
v 0 1 -3.3
v 0 1.1 -3.3
v 0.0999999 1 -3.3
v 0.0999999 1.1 -3.3
v -0.2 1.1 -3.4
v -0.2 1.2 -3.4
v -0.0999999 1.1 -3.4
v -0.0999999 1.2 -3.4
v 0.0999999 1 -3.4
v 0.0999999 1.1 -3.4
v 0.0999999 1.2 -3.4
v 0.2 1 -3.4
v 0.2 1.1 -3.4
v 0.3 1 -3.4
v 0.3 1.1 -3.4
v -0.3 1.2 -3.5
v -0.3 1.3 -3.5
v -0.2 1.3 -3.5
v -0.0999999 1.2 -3.5
v -0.0999999 1.3 -3.5
v 0.0999999 1.1 -3.5
v 0.0999999 1.2 -3.5
v 0.2 1.1 -3.5
v 0.2 1.2 -3.5
v 0.3 1.1 -3.5
v 0.3 1.2 -3.5
v -0.0999999 1.2 -3.6
v -0.0999999 1.3 -3.6
v 0 1.3 -3.6
v 0.0999999 1.2 -3.6
v 0.0999999 1.3 -3.6
v -0.3 1.3 -3.7
v -0.3 1.4 -3.7
v -0.2 1.3 -3.7
v -0.2 1.4 -3.7
v 0.0999999 1.2 -3.7
v 0.0999999 1.3 -3.7
v 0.2 1.3 -3.7
v 0.2 1.4 -3.7
v 0.3 1.2 -3.7
v 0.3 1.3 -3.7
v 0.3 1.4 -3.7
v -0.3 2.1 -3.8
v -0.3 2.2 -3.8
v -0.3 2.5 -3.8
v -0.2 1.3 -3.8
v -0.2 1.4 -3.8
v -0.2 2.1 -3.8
v -0.2 2.2 -3.8
v -0.2 2.3 -3.8
v -0.2 2.5 -3.8
v -0.0999999 1.3 -3.8
v -0.0999999 1.4 -3.8
v -0.3 1.4 -3.9
v -0.3 1.5 -3.9
v -0.3 1.7 -3.9
v -0.3 1.8 -3.9
v -0.3 2 -3.9
v -0.3 2.1 -3.9
v -0.2 1.5 -3.9
v -0.2 1.7 -3.9
v -0.2 1.8 -3.9
v -0.2 1.9 -3.9
v -0.2 2 -3.9
v -0.2 2.1 -3.9
v -0.2 2.2 -3.9
v -0.2 2.3 -3.9
v -0.0999999 1.3 -3.9
v -0.0999999 1.4 -3.9
v -0.0999999 1.5 -3.9
v -0.0999999 1.6 -3.9
v -0.0999999 1.7 -3.9
v -0.0999999 1.9 -3.9
v -0.0999999 2 -3.9
v -0.0999999 2.1 -3.9
v -0.0999999 2.2 -3.9
v -0.0999999 2.3 -3.9
v 0 1.3 -3.9
v 0 1.4 -3.9
v 0 1.5 -3.9
v 0 1.6 -3.9
v 0 1.7 -3.9
v 0 1.8 -3.9
v 0 1.9 -3.9
v 0 2.1 -3.9
v 0 2.2 -3.9
v 0 2.3 -3.9
v 0.0999999 1.3 -3.9
v 0.0999999 1.4 -3.9
v 0.0999999 1.5 -3.9
v 0.0999999 1.6 -3.9
v 0.0999999 1.8 -3.9
v 0.0999999 2.2 -3.9
v 0.0999999 2.3 -3.9
v 0.2 1.3 -3.9
v 0.2 1.4 -3.9
v 0.2 1.5 -3.9
v 0.2 1.6 -3.9
v 0.2 1.7 -3.9
v 0.2 1.8 -3.9
v 0.2 1.9 -3.9
v 0.2 2 -3.9
v 0.2 2.1 -3.9
v 0.3 1.4 -3.9
v 0.3 1.5 -3.9
v 0.3 1.6 -3.9
v 0.3 1.7 -3.9
v 0.3 1.8 -3.9
v 0.3 1.9 -3.9
v 0.3 2 -3.9
v 0.3 2.1 -3.9
v 0.3 2.2 -3.9
v 0.3 2.3 -3.9
v 0 1.4 -4
v 0 1.5 -4
v 0 1.6 -4
v 0 1.8 -4
v 0.0999999 1.4 -4
v 0.0999999 1.5 -4
v 0.0999999 1.6 -4
v 0.0999999 1.7 -4
v 0.0999999 1.8 -4
v 0.2 1.5 -4
v 0.2 1.6 -4
v 0.2 1.7 -4
v 0.2 1.8 -4
v -0.0999999 0 2.4
v 0 0 2.4
v 0.0999999 0 2.4
v -0.0999999 0 2.3
v 0 0 2.3
v 0.0999999 0 2.3
v -0.2 0 2.2
v -0.0999999 0 2.2
v 0 0 2.2
v 0.0999999 0 2.2
v 0.2 0 2.2
v -0.2 0 2.1
v -0.0999999 0 2.1
v 0.0999999 0 2.1
v 0.2 0 2.1
v 0.0999999 0 2
v 0.2 0 2
v -0.2 0 1.9
v 0 0 1.9
v -0.2 0 1.8
v -0.0999999 0 1.8
v -0.2 0 1.7
v -0.0999999 0 1.7
v 0 0 1.7
v -0.2 0 1.6
v -0.0999999 0 1.6
v 0 0 1.6
v 0.2 0 1.6
v -0.2 0 1.5
v -0.0999999 0 1.5
v 0 0 1.5
v 0.2 0 1.5
v -0.2 0 1.4
v 0 0 1.4
v 0.0999999 0 1.4
v 0.0999999 0 1.3
v 0.2 0 1.3
v 0 0 1.2
v 0.0999999 0 1.2
v -0.2 0 1.1
v -0.0999999 0 1.1
v 0 0 1.1
v 0.0999999 0 1.1
v 0.2 0 1.1
v 0 0 1
v 0.0999999 0 1
v 0.2 0 1
v -0.2 0 0.9
v -0.0999999 0 0.9
v 0 0 0.9
v 0.0999999 0 0.9
v 0.2 0 0.9
v -0.2 0 0.8
v -0.0999999 0 0.8
v 0 0 0.8
v 0.0999999 0 0.8
v 0.0999999 0 0.7
v 0.2 0 0.7
v -0.2 0 0.6
v -0.0999999 0 0.6
v 0 0 0.6
v 0.0999999 0 0.6
v 0.2 0 0.6
v -0.0999999 0 0.5
v 0.0999999 0 0.5
v 0.2 0 0.5
v -0.2 0 0.4
v -0.0999999 0 0.4
v 0 0 0.4
v 0.0999999 0 0.4
v 0.2 0 0.4
v -0.2 0 0.3
v -0.0999999 0 0.3
v 0 0 0.3
v 0.0999999 0 0.3
v -0.2 0 0.2
v -0.0999999 0 0.2
v 0.0999999 0 0.2
v 0 0 0.0999999
v 0.0999999 0 0.0999999
v -0.2 0 0
v -0.0999999 0 0
v 0 0 0
v 0.0999999 0 0
v 0.2 0 0
v -0.2 0 -0.0999999
v -0.0999999 0 -0.0999999
v 0 0 -0.0999999
v 0.0999999 0 -0.0999999
v 0.2 0 -0.0999999
v -0.2 0 -0.2
v -0.0999999 0 -0.2
v 0 0 -0.2
v 0.0999999 0 -0.2
v -0.2 0 -0.3
v -0.0999999 0 -0.3
v 0 0 -0.3
v 0.0999999 0 -0.3
v 0.2 0 -0.3
v -0.0999999 0 -0.4
v 0 0 -0.4
v 0.0999999 0 -0.4
v -0.0999999 0 -0.5
v 0 0 -0.5
v 0.0999999 0 -0.5
v -0.0999999 0 -0.6
v 0 0 -0.6
v 0.0999999 0 -0.6
v -0.0999999 0 -0.7
v 0.0999999 0 -0.7
v -0.2 0.1 2.9
v -0.0999999 0.1 2.9
v -0.2 0.1 2.8
v -0.0999999 0.1 2.8
v 0 0.1 2.8
v 0.0999999 0.1 2.8
v 0.2 0.1 2.8
v -0.0999999 0.1 2.7
v 0 0.1 2.7
v 0.0999999 0.1 2.7
v 0.2 0.1 2.7
v -0.2 0.1 2.6
v 0 0.1 2.6
v 0.0999999 0.1 2.6
v 0.2 0.1 2.6
v -0.2 0.1 2.5
v 0 0.1 2.5
v 0.0999999 0.1 2.5
v 0.2 0.1 2.5
v -0.3 0.1 2.4
v -0.2 0.1 2.4
v -0.0999999 0.1 2.4
v 0 0.1 2.4
v 0.0999999 0.1 2.4
v 0.2 0.1 2.4
v 0.3 0.1 2.4
v -0.2 0.1 2.3
v -0.0999999 0.1 2.3
v 0.0999999 0.1 2.3
v 0.2 0.1 2.3
v -0.3 0.1 2.2
v -0.2 0.1 2.2
v -0.0999999 0.1 2.2
v 0.0999999 0.1 2.2
v 0.2 0.1 2.2
v -0.3 0.1 2.1
v -0.2 0.1 2.1
v 0.2 0.1 2.1
v 0.3 0.1 2.1
v -0.3 0.1 2
v -0.2 0.1 2
v 0.2 0.1 2
v 0.3 0.1 2
v -0.3 0.1 1.9
v -0.2 0.1 1.9
v 0.2 0.1 1.9
v 0.3 0.1 1.9
v -0.3 0.1 1.8
v -0.2 0.1 1.8
v -0.3 0.1 1.7
v -0.2 0.1 1.7
v 0.2 0.1 1.7
v 0.3 0.1 1.7
v -0.3 0.1 1.6
v -0.2 0.1 1.6
v 0.2 0.1 1.6
v -0.3 0.1 1.5
v -0.2 0.1 1.5
v 0.2 0.1 1.5
v 0.3 0.1 1.5
v -0.3 0.1 1.4
v -0.2 0.1 1.4
v 0.2 0.1 1.4
v 0.3 0.1 1.4
v -0.3 0.1 1.3
v -0.2 0.1 1.3
v 0.2 0.1 1.3
v 0.3 0.1 1.3
v -0.3 0.1 1.2
v -0.2 0.1 1.2
v 0.2 0.1 1.2
v 0.3 0.1 1.2
v -0.2 0.1 1.1
v 0.2 0.1 1.1
v 0.3 0.1 1.1
v -0.3 0.1 1
v -0.2 0.1 1
v 0.2 0.1 1
v 0.3 0.1 1
v -0.3 0.1 0.9
v -0.2 0.1 0.9
v 0.2 0.1 0.9
v 0.3 0.1 0.9
v -0.2 0.1 0.8
v 0.2 0.1 0.8
v 0.3 0.1 0.8
v 0.2 0.1 0.7
v 0.3 0.1 0.7
v -0.3 0.1 0.6
v -0.2 0.1 0.6
v 0.2 0.1 0.6
v 0.3 0.1 0.6
v -0.3 0.1 0.5
v -0.2 0.1 0.5
v 0.2 0.1 0.5
v 0.3 0.1 0.5
v -0.3 0.1 0.4
v -0.2 0.1 0.4
v 0.2 0.1 0.4
v 0.3 0.1 0.4
v -0.2 0.1 0.3
v -0.3 0.1 0.2
v -0.2 0.1 0.2
v 0.2 0.1 0.2
v 0.3 0.1 0.2
v -0.3 0.1 0.0999999
v -0.2 0.1 0.0999999
v 0.2 0.1 0.0999999
v 0.3 0.1 0.0999999
v -0.3 0.1 0
v -0.2 0.1 0
v 0.2 0.1 0
v -0.2 0.1 -0.0999999
v 0.2 0.1 -0.0999999
v 0.3 0.1 -0.0999999
v -0.3 0.1 -0.2
v -0.2 0.1 -0.2
v -0.3 0.1 -0.3
v -0.2 0.1 -0.3
v -0.0999999 0.1 -0.3
v 0.0999999 0.1 -0.3
v 0.2 0.1 -0.3
v 0.3 0.1 -0.3
v -0.2 0.1 -0.4
v -0.0999999 0.1 -0.4
v 0.0999999 0.1 -0.4
v -0.0999999 0.1 -0.5
v 0.0999999 0.1 -0.5
v 0.3 0.1 -0.5
v -0.3 0.1 -0.6
v -0.2 0.1 -0.6
v -0.0999999 0.1 -0.6
v 0.0999999 0.1 -0.6
v 0.2 0.1 -0.6
v -0.3 0.1 -0.7
v -0.2 0.1 -0.7
v -0.0999999 0.1 -0.7
v 0 0.1 -0.7
v 0.0999999 0.1 -0.7
v 0.2 0.1 -0.7
v 0.3 0.1 -0.7
v -0.2 0.1 -0.8
v -0.0999999 0.1 -0.8
v 0 0.1 -0.8
v 0.0999999 0.1 -0.8
v -0.2 0.1 -0.9
v 0 0.1 -0.9
v 0.0999999 0.1 -0.9
v 0.2 0.1 -0.9
v -0.0999999 0.1 -1
v 0 0.1 -1
v 0.0999999 0.1 -1
v -0.2 0.1 -1.1
v -0.0999999 0.1 -1.1
v -0.2 0.1 -1.2
v -0.0999999 0.1 -1.2
v 0 0.1 -1.2
v 0.0999999 0.1 -1.2
v 0.2 0.1 -1.2
v -0.0999999 0.1 -1.3
v 0 0.1 -1.3
v -0.0999999 0.1 -1.4
v 0 0.1 -1.4
v 0.0999999 0.1 -1.4
v -0.2 0.2 3.1
v -0.0999999 0.2 3.1
v 0 0.2 3.1
v 0.0999999 0.2 3.1
v 0.2 0.2 3.1
v -0.0999999 0.2 3
v 0 0.2 3
v 0.0999999 0.2 3
v 0.2 0.2 3
v -0.3 0.2 2.9
v -0.2 0.2 2.9
v -0.0999999 0.2 2.9
v 0 0.2 2.9
v 0.0999999 0.2 2.9
v 0.2 0.2 2.9
v 0.3 0.2 2.9
v -0.2 0.2 2.8
v -0.0999999 0.2 2.8
v 0 0.2 2.8
v 0.0999999 0.2 2.8
v 0.2 0.2 2.8
v 0.3 0.2 2.8
v -0.3 0.2 2.7
v -0.2 0.2 2.7
v 0.2 0.2 2.7
v 0.3 0.2 2.7
v -0.2 0.2 2.6
v 0.2 0.2 2.6
v 0.3 0.2 2.6
v -0.2 0.2 2.5
v 0.2 0.2 2.5
v -0.3 0.2 2.4
v -0.2 0.2 2.4
v 0.2 0.2 2.4
v 0.3 0.2 2.4
v -0.3 0.2 -0.7
v -0.2 0.2 -0.7
v 0.2 0.2 -0.7
v 0.3 0.2 -0.7
v -0.3 0.2 -0.8
v -0.2 0.2 -0.8
v -0.3 0.2 -0.9
v -0.2 0.2 -0.9
v 0.2 0.2 -0.9
v 0.3 0.2 -0.9
v -0.3 0.2 -1
v -0.2 0.2 -1
v 0.2 0.2 -1
v 0.3 0.2 -1
v -0.3 0.2 -1.1
v -0.2 0.2 -1.1
v 0.2 0.2 -1.1
v 0.3 0.2 -1.1
v -0.3 0.2 -1.2
v -0.2 0.2 -1.2
v -0.0999999 0.2 -1.2
v 0.0999999 0.2 -1.2
v 0.2 0.2 -1.2
v 0.3 0.2 -1.2
v -0.2 0.2 -1.3
v -0.0999999 0.2 -1.3
v -0.0999999 0.2 -1.4
v 0 0.2 -1.4
v 0.0999999 0.2 -1.4
v 0.2 0.2 -1.4
v -0.2 0.2 -1.5
v -0.0999999 0.2 -1.5
v 0.0999999 0.2 -1.5
v 0.2 0.2 -1.5
v -0.2 0.2 -1.6
v -0.0999999 0.2 -1.6
v 0 0.2 -1.6
v 0.0999999 0.2 -1.6
v 0.2 0.2 -1.6
v -0.2 0.2 -1.7
v -0.0999999 0.2 -1.7
v 0 0.2 -1.7
v 0.0999999 0.2 -1.7
v 0.2 0.2 -1.7
v -0.0999999 0.2 -1.8
v 0 0.2 -1.8
v 0.0999999 0.2 -1.8
v -0.0999999 0.2 -1.9
v 0 0.2 -1.9
v 0.0999999 0.2 -1.9
v -0.3 0.3 3.2
v -0.2 0.3 3.2
v -0.0999999 0.3 3.2
v 0 0.3 3.2
v 0.0999999 0.3 3.2
v 0.2 0.3 3.2
v 0.3 0.3 3.2
v -0.2 0.3 3.1
v -0.0999999 0.3 3.1
v 0 0.3 3.1
v 0.0999999 0.3 3.1
v 0.2 0.3 3.1
v -0.0999999 0.3 3
v 0 0.3 3
v 0.0999999 0.3 3
v 0.2 0.3 3
v -0.3 0.3 2.9
v -0.2 0.3 2.9
v -0.0999999 0.3 2.9
v 0 0.3 2.9
v 0.0999999 0.3 2.9
v 0.2 0.3 2.9
v 0.3 0.3 2.9
v 0 0.3 2.8
v 0.0999999 0.3 2.8
v -0.4 0.3 2.1
v -0.3 0.3 2.1
v 0.3 0.3 2.1
v 0.4 0.3 2.1
v -0.5 0.3 2
v -0.4 0.3 2
v 0.3 0.3 2
v 0.4 0.3 2
v 0.5 0.3 2
v -0.7 0.3 1.9
v -0.5 0.3 1.9
v -0.3 0.3 1.9
v 0.5 0.3 1.9
v 0.7 0.3 1.9
v -0.7 0.3 1.8
v -0.4 0.3 1.8
v -0.3 0.3 1.8
v 0.3 0.3 1.8
v 0.4 0.3 1.8
v 0.7 0.3 1.8
v -0.3 0.3 1.7
v 0.3 0.3 1.7
v -0.3 0.3 1.5
v 0.3 0.3 1.5
v -0.3 0.3 1.4
v 0.3 0.3 1.4
v -0.3 0.3 1.3
v 0.3 0.3 1.3
v -0.3 0.3 1.2
v -0.3 0.3 1.1
v -0.3 0.3 1
v 0.3 0.3 1
v -0.3 0.3 0.9
v 0.3 0.3 0.9
v -0.3 0.3 0.8
v -0.3 0.3 0.6
v 0.3 0.3 0.6
v -0.3 0.3 0.5
v -0.3 0.3 0.4
v -0.3 0.3 0.3
v 0.3 0.3 0.3
v -0.3 0.3 0.0999999
v 0.3 0.3 0.0999999
v -0.3 0.3 0
v -0.3 0.3 -0.2
v 0.3 0.3 -0.2
v -0.3 0.3 -0.3
v 0.3 0.3 -0.3
v -0.3 0.3 -0.4
v 0.3 0.3 -0.4
v 0.3 0.3 -0.5
v -0.3 0.3 -0.6
v 0.3 0.3 -0.6
v -0.3 0.3 -0.7
v 0.3 0.3 -0.7
v -0.3 0.3 -0.8
v -0.3 0.3 -0.9
v 0.3 0.3 -0.9
v -0.3 0.3 -1
v 0.3 0.3 -1
v -0.3 0.3 -1.1
v 0.3 0.3 -1.1
v -0.3 0.3 -1.2
v -0.2 0.3 -1.2
v 0.2 0.3 -1.2
v 0.3 0.3 -1.2
v -0.2 0.3 -1.3
v 0.2 0.3 -1.3
v 0.3 0.3 -1.3
v -0.3 0.3 -1.4
v -0.2 0.3 -1.4
v 0.2 0.3 -1.4
v 0.3 0.3 -1.4
v -0.2 0.3 -1.5
v 0.2 0.3 -1.5
v 0.3 0.3 -1.5
v -0.3 0.3 -1.6
v -0.2 0.3 -1.6
v 0.2 0.3 -1.6
v 0.3 0.3 -1.6
v -0.3 0.3 -1.7
v -0.2 0.3 -1.7
v -0.0999999 0.3 -1.7
v 0.0999999 0.3 -1.7
v 0.2 0.3 -1.7
v 0.3 0.3 -1.7
v -0.3 0.3 -1.8
v -0.2 0.3 -1.8
v -0.0999999 0.3 -1.8
v 0.0999999 0.3 -1.8
v 0.2 0.3 -1.8
v 0.3 0.3 -1.8
v -0.3 0.3 -1.9
v -0.0999999 0.3 -1.9
v 0 0.3 -1.9
v 0.0999999 0.3 -1.9
v 0.2 0.3 -1.9
v 0.3 0.3 -1.9
v -0.3 0.3 -2
v -0.2 0.3 -2
v -0.0999999 0.3 -2
v 0 0.3 -2
v 0.0999999 0.3 -2
v 0.3 0.3 -2
v -0.4 0.3 -2.1
v -0.3 0.3 -2.1
v -0.2 0.3 -2.1
v 0.0999999 0.3 -2.1
v 0.3 0.3 -2.1
v 0.4 0.3 -2.1
v -0.0999999 0.4 3.4
v 0 0.4 3.4
v 0.0999999 0.4 3.4
v -0.2 0.4 3.3
v -0.0999999 0.4 3.3
v 0 0.4 3.3
v 0.0999999 0.4 3.3
v 0.2 0.4 3.3
v -0.2 0.4 3.2
v -0.0999999 0.4 3.2
v 0 0.4 3.2
v 0.0999999 0.4 3.2
v 0.2 0.4 3.2
v -0.0999999 0.4 3.1
v 0 0.4 3.1
v 0.0999999 0.4 3.1
v 0.2 0.4 3.1
v -0.5 0.4 2.2
v -0.4 0.4 2.2
v -0.3 0.4 2.2
v 0.3 0.4 2.2
v 0.4 0.4 2.2
v 0.5 0.4 2.2
v -0.8 0.4 2.1
v -0.7 0.4 2.1
v -0.5 0.4 2.1
v -0.4 0.4 2.1
v -0.3 0.4 2.1
v 0.3 0.4 2.1
v 0.4 0.4 2.1
v 0.5 0.4 2.1
v 0.6 0.4 2.1
v 0.7 0.4 2.1
v 0.8 0.4 2.1
v -0.8 0.4 2
v -0.7 0.4 2
v -0.6 0.4 2
v -0.5 0.4 2
v -0.4 0.4 2
v 0.4 0.4 2
v 0.5 0.4 2
v 0.6 0.4 2
v -0.9 0.4 1.9
v -0.8 0.4 1.9
v -0.7 0.4 1.9
v -0.6 0.4 1.9
v -0.5 0.4 1.9
v 0.5 0.4 1.9
v 0.7 0.4 1.9
v 0.8 0.4 1.9
v 0.9 0.4 1.9
v -0.9 0.4 1.8
v -0.8 0.4 1.8
v -0.7 0.4 1.8
v -0.6 0.4 1.8
v -0.5 0.4 1.8
v -0.4 0.4 1.8
v 0.4 0.4 1.8
v 0.7 0.4 1.8
v 0.8 0.4 1.8
v 0.9 0.4 1.8
v -0.8 0.4 1.7
v -0.7 0.4 1.7
v -0.6 0.4 1.7
v -0.5 0.4 1.7
v 0.4 0.4 1.7
v 0.5 0.4 1.7
v 0.6 0.4 1.7
v 0.8 0.4 1.7
v -0.8 0.4 1.6
v -0.7 0.4 1.6
v -0.6 0.4 1.6
v -0.5 0.4 1.6
v -0.4 0.4 1.6
v 0.4 0.4 1.6
v 0.5 0.4 1.6
v 0.6 0.4 1.6
v 0.7 0.4 1.6
v 0.8 0.4 1.6
v -0.8 0.4 1.5
v -0.7 0.4 1.5
v -0.6 0.4 1.5
v -0.5 0.4 1.5
v -0.4 0.4 1.5
v 0.6 0.4 1.5
v 0.7 0.4 1.5
v 0.8 0.4 1.5
v -0.8 0.4 1.4
v -0.7 0.4 1.4
v -0.6 0.4 1.4
v -0.5 0.4 1.4
v -0.4 0.4 1.4
v 0.6 0.4 1.4
v 0.7 0.4 1.4
v 0.8 0.4 1.4
v -0.7 0.4 1.3
v -0.5 0.4 1.3
v 0.5 0.4 1.3
v 0.7 0.4 1.3
v 0.8 0.4 1.3
v -0.7 0.4 1.2
v -0.6 0.4 1.2
v -0.5 0.4 1.2
v 0.5 0.4 1.2
v 0.6 0.4 1.2
v 0.7 0.4 1.2
v 0.8 0.4 1.2
v -0.6 0.4 1.1
v -0.5 0.4 1.1
v 0.5 0.4 1.1
v 0.6 0.4 1.1
v 0.7 0.4 1.1
v 0.8 0.4 1.1
v -0.8 0.4 1
v -0.7 0.4 1
v -0.6 0.4 1
v -0.5 0.4 1
v -0.4 0.4 1
v 0.4 0.4 1
v 0.5 0.4 1
v 0.6 0.4 1
v 0.7 0.4 1
v 0.8 0.4 1
v -0.8 0.4 0.9
v -0.7 0.4 0.9
v -0.6 0.4 0.9
v -0.5 0.4 0.9
v -0.4 0.4 0.9
v 0.4 0.4 0.9
v 0.5 0.4 0.9
v 0.6 0.4 0.9
v 0.7 0.4 0.9
v 0.8 0.4 0.9
v -0.8 0.4 0.8
v -0.7 0.4 0.8
v -0.5 0.4 0.8
v -0.4 0.4 0.8
v 0.5 0.4 0.8
v 0.6 0.4 0.8
v -0.8 0.4 0.7
v -0.7 0.4 0.7
v -0.6 0.4 0.7
v -0.5 0.4 0.7
v 0.4 0.4 0.7
v 0.5 0.4 0.7
v 0.6 0.4 0.7
v 0.7 0.4 0.7
v 0.8 0.4 0.7
v -0.8 0.4 0.6
v -0.7 0.4 0.6
v -0.6 0.4 0.6
v -0.5 0.4 0.6
v 0.5 0.4 0.6
v 0.6 0.4 0.6
v 0.7 0.4 0.6
v -0.8 0.4 0.5
v -0.7 0.4 0.5
v -0.6 0.4 0.5
v -0.5 0.4 0.5
v -0.4 0.4 0.5
v 0.4 0.4 0.5
v 0.5 0.4 0.5
v 0.6 0.4 0.5
v 0.7 0.4 0.5
v 0.8 0.4 0.5
v -0.8 0.4 0.4
v -0.7 0.4 0.4
v -0.6 0.4 0.4
v -0.5 0.4 0.4
v -0.4 0.4 0.4
v 0.4 0.4 0.4
v 0.6 0.4 0.4
v 0.7 0.4 0.4
v 0.8 0.4 0.4
v -0.7 0.4 0.3
v -0.6 0.4 0.3
v -0.5 0.4 0.3
v -0.4 0.4 0.3
v 0.5 0.4 0.3
v 0.6 0.4 0.3
v 0.7 0.4 0.3
v 0.8 0.4 0.3
v -0.6 0.4 0.2
v -0.4 0.4 0.2
v 0.4 0.4 0.2
v 0.5 0.4 0.2
v 0.6 0.4 0.2
v 0.7 0.4 0.2
v 0.8 0.4 0.2
v -0.8 0.4 0.0999999
v -0.7 0.4 0.0999999
v -0.6 0.4 0.0999999
v -0.5 0.4 0.0999999
v -0.4 0.4 0.0999999
v 0.4 0.4 0.0999999
v 0.6 0.4 0.0999999
v 0.7 0.4 0.0999999
v 0.8 0.4 0.0999999
v -0.8 0.4 0
v -0.7 0.4 0
v -0.6 0.4 0
v -0.5 0.4 0
v -0.4 0.4 0
v 0.4 0.4 0
v 0.6 0.4 0
v 0.7 0.4 0
v -0.8 0.4 -0.0999999
v -0.7 0.4 -0.0999999
v -0.6 0.4 -0.0999999
v -0.5 0.4 -0.0999999
v 0.4 0.4 -0.0999999
v 0.5 0.4 -0.0999999
v 0.6 0.4 -0.0999999
v 0.7 0.4 -0.0999999
v -0.8 0.4 -0.2
v -0.7 0.4 -0.2
v -0.6 0.4 -0.2
v -0.5 0.4 -0.2
v 0.4 0.4 -0.2
v 0.5 0.4 -0.2
v 0.6 0.4 -0.2
v 0.7 0.4 -0.2
v -0.8 0.4 -0.3
v -0.6 0.4 -0.3
v -0.5 0.4 -0.3
v -0.4 0.4 -0.3
v 0.4 0.4 -0.3
v 0.5 0.4 -0.3
v 0.7 0.4 -0.3
v 0.8 0.4 -0.3
v -0.8 0.4 -0.4
v -0.7 0.4 -0.4
v 0.4 0.4 -0.4
v 0.5 0.4 -0.4
v 0.7 0.4 -0.4
v -0.8 0.4 -0.5
v -0.7 0.4 -0.5
v -0.6 0.4 -0.5
v 0.4 0.4 -0.5
v 0.5 0.4 -0.5
v 0.6 0.4 -0.5
v -0.8 0.4 -0.6
v -0.7 0.4 -0.6
v -0.6 0.4 -0.6
v -0.5 0.4 -0.6
v 0.4 0.4 -0.6
v 0.5 0.4 -0.6
v 0.6 0.4 -0.6
v 0.7 0.4 -0.6
v 0.8 0.4 -0.6
v -0.8 0.4 -0.7
v -0.7 0.4 -0.7
v -0.6 0.4 -0.7
v -0.4 0.4 -0.7
v -0.8 0.4 -0.8
v -0.7 0.4 -0.8
v -0.5 0.4 -0.8
v -0.4 0.4 -0.8
v 0.4 0.4 -0.8
v 0.5 0.4 -0.8
v 0.6 0.4 -0.8
v 0.7 0.4 -0.8
v 0.8 0.4 -0.8
v -0.7 0.4 -0.9
v -0.6 0.4 -0.9
v -0.5 0.4 -0.9
v -0.4 0.4 -0.9
v 0.6 0.4 -0.9
v 0.7 0.4 -0.9
v -0.8 0.4 -1
v -0.7 0.4 -1
v -0.6 0.4 -1
v -0.5 0.4 -1
v -0.4 0.4 -1
v 0.4 0.4 -1
v 0.5 0.4 -1
v 0.6 0.4 -1
v 0.7 0.4 -1
v -0.5 0.4 -1.1
v -0.4 0.4 -1.1
v 0.4 0.4 -1.1
v 0.5 0.4 -1.1
v 0.7 0.4 -1.1
v -0.8 0.4 -1.2
v -0.7 0.4 -1.2
v -0.6 0.4 -1.2
v -0.5 0.4 -1.2
v 0.4 0.4 -1.2
v 0.5 0.4 -1.2
v 0.7 0.4 -1.2
v 0.8 0.4 -1.2
v -0.6 0.4 -1.3
v -0.5 0.4 -1.3
v -0.4 0.4 -1.3
v 0.4 0.4 -1.3
v 0.5 0.4 -1.3
v 0.6 0.4 -1.3
v 0.7 0.4 -1.3
v 0.8 0.4 -1.3
v -0.7 0.4 -1.4
v -0.6 0.4 -1.4
v -0.5 0.4 -1.4
v -0.4 0.4 -1.4
v 0.4 0.4 -1.4
v 0.5 0.4 -1.4
v 0.6 0.4 -1.4
v 0.7 0.4 -1.4
v -0.7 0.4 -1.5
v -0.6 0.4 -1.5
v -0.5 0.4 -1.5
v -0.4 0.4 -1.5
v 0.4 0.4 -1.5
v 0.5 0.4 -1.5
v 0.6 0.4 -1.5
v 0.8 0.4 -1.5
v -0.8 0.4 -1.6
v -0.7 0.4 -1.6
v -0.5 0.4 -1.6
v -0.4 0.4 -1.6
v 0.4 0.4 -1.6
v 0.5 0.4 -1.6
v 0.6 0.4 -1.6
v 0.8 0.4 -1.6
v -0.8 0.4 -1.7
v -0.7 0.4 -1.7
v 0.4 0.4 -1.7
v 0.5 0.4 -1.7
v 0.6 0.4 -1.7
v 0.8 0.4 -1.7
v -0.8 0.4 -1.8
v -0.7 0.4 -1.8
v -0.6 0.4 -1.8
v -0.5 0.4 -1.8
v -0.4 0.4 -1.8
v 0.5 0.4 -1.8
v 0.6 0.4 -1.8
v 0.7 0.4 -1.8
v 0.8 0.4 -1.8
v -0.8 0.4 -1.9
v -0.7 0.4 -1.9
v -0.6 0.4 -1.9
v -0.5 0.4 -1.9
v -0.4 0.4 -1.9
v 0.5 0.4 -1.9
v 0.6 0.4 -1.9
v 0.7 0.4 -1.9
v 0.8 0.4 -1.9
v -0.8 0.4 -2
v -0.7 0.4 -2
v -0.6 0.4 -2
v -0.5 0.4 -2
v -0.4 0.4 -2
v -0.3 0.4 -2
v -0.2 0.4 -2
v 0.6 0.4 -2
v 0.7 0.4 -2
v 0.8 0.4 -2
v -0.7 0.4 -2.1
v -0.6 0.4 -2.1
v -0.4 0.4 -2.1
v -0.3 0.4 -2.1
v -0.2 0.4 -2.1
v -0.0999999 0.4 -2.1
v 0.0999999 0.4 -2.1
v 0.2 0.4 -2.1
v 0.4 0.4 -2.1
v 0.5 0.4 -2.1
v 0.6 0.4 -2.1
v -0.0999999 0.4 -2.2
v 0.0999999 0.4 -2.2
v -0.2 0.4 -2.3
v -0.0999999 0.4 -2.3
v 0 0.4 -2.3
v 0.0999999 0.4 -2.3
v 0.2 0.4 -2.3
v -0.2 0.4 -2.4
v -0.0999999 0.4 -2.4
v 0 0.4 -2.4
v 0.0999999 0.4 -2.4
v 0.2 0.4 -2.4
v -0.0999999 0.5 3.7
v 0 0.5 3.7
v -0.2 0.5 3.6
v -0.0999999 0.5 3.6
v 0 0.5 3.6
v -0.3 0.5 3.5
v -0.2 0.5 3.5
v -0.0999999 0.5 3.5
v 0 0.5 3.5
v 0.0999999 0.5 3.5
v 0.2 0.5 3.5
v 0.3 0.5 3.5
v -0.2 0.5 3.4
v -0.0999999 0.5 3.4
v 0 0.5 3.4
v 0.0999999 0.5 3.4
v 0.2 0.5 3.4
v -0.3 0.5 3.3
v -0.2 0.5 3.3
v -0.0999999 0.5 3.3
v 0.0999999 0.5 3.3
v 0.2 0.5 3.3
v 0.3 0.5 3.3
v -0.3 0.5 3.2
v -0.2 0.5 3.2
v 0.2 0.5 3.2
v 0.3 0.5 3.2
v -0.5 0.5 2.4
v -0.4 0.5 2.4
v -0.3 0.5 2.4
v 0.3 0.5 2.4
v 0.5 0.5 2.4
v -0.7 0.5 2.3
v -0.6 0.5 2.3
v -0.5 0.5 2.3
v -0.4 0.5 2.3
v -0.3 0.5 2.3
v 0.3 0.5 2.3
v 0.4 0.5 2.3
v 0.5 0.5 2.3
v 0.6 0.5 2.3
v 0.7 0.5 2.3
v -0.8 0.5 2.2
v -0.7 0.5 2.2
v -0.6 0.5 2.2
v -0.5 0.5 2.2
v -0.4 0.5 2.2
v -0.3 0.5 2.2
v 0.3 0.5 2.2
v 0.4 0.5 2.2
v 0.5 0.5 2.2
v 0.6 0.5 2.2
v 0.7 0.5 2.2
v 0.8 0.5 2.2
v -1 0.5 2.1
v -0.9 0.5 2.1
v -0.8 0.5 2.1
v -0.7 0.5 2.1
v -0.5 0.5 2.1
v 0.5 0.5 2.1
v 0.6 0.5 2.1
v 0.7 0.5 2.1
v 0.8 0.5 2.1
v 0.9 0.5 2.1
v 1 0.5 2.1
v -1 0.5 2
v -0.9 0.5 2
v -0.8 0.5 2
v 0.8 0.5 2
v 0.9 0.5 2
v -1.1 0.5 1.9
v -1 0.5 1.9
v -0.9 0.5 1.9
v -0.8 0.5 1.9
v 0.8 0.5 1.9
v 0.9 0.5 1.9
v 1 0.5 1.9
v 1.1 0.5 1.9
v -1.1 0.5 1.8
v -1 0.5 1.8
v -0.9 0.5 1.8
v -0.8 0.5 1.8
v 0.8 0.5 1.8
v 0.9 0.5 1.8
v 1 0.5 1.8
v 1.1 0.5 1.8
v -1 0.5 1.7
v -0.9 0.5 1.7
v -0.8 0.5 1.7
v 0.8 0.5 1.7
v 0.9 0.5 1.7
v 1 0.5 1.7
v -1 0.5 1.6
v -0.9 0.5 1.6
v -0.8 0.5 1.6
v 0.8 0.5 1.6
v 0.9 0.5 1.6
v 1 0.5 1.6
v -1 0.5 1.5
v -0.9 0.5 1.5
v -0.8 0.5 1.5
v 0.8 0.5 1.5
v 0.9 0.5 1.5
v 1 0.5 1.5
v -1 0.5 1.4
v -0.9 0.5 1.4
v -0.8 0.5 1.4
v 0.8 0.5 1.4
v 0.9 0.5 1.4
v 1 0.5 1.4
v 0.8 0.5 1.3
v 1 0.5 1.3
v -0.9 0.5 1.2
v -0.8 0.5 1.2
v 0.8 0.5 1.2
v 0.9 0.5 1.2
v 1 0.5 1.2
v -1 0.5 1.1
v -0.9 0.5 1.1
v -0.8 0.5 1.1
v 0.8 0.5 1.1
v 0.9 0.5 1.1
v 1 0.5 1.1
v -1 0.5 1
v -0.9 0.5 1
v -0.8 0.5 1
v 0.8 0.5 1
v 0.9 0.5 1
v -1 0.5 0.9
v -0.9 0.5 0.9
v -0.8 0.5 0.9
v 0.8 0.5 0.9
v 0.9 0.5 0.9
v 1 0.5 0.9
v -1 0.5 0.8
v -0.9 0.5 0.8
v -0.8 0.5 0.8
v 0.8 0.5 0.8
v 0.9 0.5 0.8
v 1 0.5 0.8
v -0.9 0.5 0.7
v -0.8 0.5 0.7
v 0.8 0.5 0.7
v 0.9 0.5 0.7
v 1 0.5 0.7
v -1 0.5 0.6
v -0.9 0.5 0.6
v -0.8 0.5 0.6
v 0.8 0.5 0.6
v 0.9 0.5 0.6
v -1 0.5 0.5
v -0.9 0.5 0.5
v -0.8 0.5 0.5
v 0.8 0.5 0.5
v 0.9 0.5 0.5
v 1 0.5 0.5
v -1 0.5 0.4
v -0.9 0.5 0.4
v -0.8 0.5 0.4
v 0.8 0.5 0.4
v 0.9 0.5 0.4
v 1 0.5 0.4
v -1 0.5 0.3
v -0.9 0.5 0.3
v -0.8 0.5 0.3
v 0.8 0.5 0.3
v 0.9 0.5 0.3
v -1 0.5 0.2
v -0.9 0.5 0.2
v -0.8 0.5 0.2
v 0.8 0.5 0.2
v 0.9 0.5 0.2
v 1 0.5 0.2
v -0.8 0.5 0.0999999
v 0.8 0.5 0.0999999
v -1 0.5 0
v -0.9 0.5 0
v -0.8 0.5 0
v 0.8 0.5 0
v 0.9 0.5 0
v -1 0.5 -0.0999999
v -0.9 0.5 -0.0999999
v -0.8 0.5 -0.0999999
v 0.8 0.5 -0.0999999
v 0.9 0.5 -0.0999999
v 1 0.5 -0.0999999
v -1 0.5 -0.2
v -0.9 0.5 -0.2
v -0.8 0.5 -0.2
v 0.8 0.5 -0.2
v 0.9 0.5 -0.2
v 1 0.5 -0.2
v -1 0.5 -0.3
v -0.9 0.5 -0.3
v -0.8 0.5 -0.3
v 0.8 0.5 -0.3
v -1 0.5 -0.4
v -0.9 0.5 -0.4
v -0.8 0.5 -0.4
v 0.8 0.5 -0.4
v 0.9 0.5 -0.4
v 1 0.5 -0.4
v -0.8 0.5 -0.5
v 0.8 0.5 -0.5
v 0.9 0.5 -0.5
v -1 0.5 -0.6
v -0.9 0.5 -0.6
v -0.8 0.5 -0.6
v 0.8 0.5 -0.6
v 0.9 0.5 -0.6
v 1 0.5 -0.6
v -1 0.5 -0.7
v -0.9 0.5 -0.7
v -0.8 0.5 -0.7
v 0.8 0.5 -0.7
v 0.9 0.5 -0.7
v -0.9 0.5 -0.8
v -0.8 0.5 -0.8
v 0.8 0.5 -0.8
v 0.9 0.5 -0.8
v 1 0.5 -0.8
v -1 0.5 -0.9
v -0.8 0.5 -0.9
v 0.8 0.5 -0.9
v 0.9 0.5 -0.9
v 1 0.5 -0.9
v -1 0.5 -1
v -0.8 0.5 -1
v 0.8 0.5 -1
v 1 0.5 -1
v -0.9 0.5 -1.1
v -0.8 0.5 -1.1
v 0.8 0.5 -1.1
v 0.9 0.5 -1.1
v -1 0.5 -1.2
v -0.9 0.5 -1.2
v -0.8 0.5 -1.2
v 0.8 0.5 -1.2
v 0.9 0.5 -1.2
v 1 0.5 -1.2
v -0.9 0.5 -1.3
v -0.8 0.5 -1.3
v 0.8 0.5 -1.3
v 0.9 0.5 -1.3
v 1 0.5 -1.3
v -1 0.5 -1.4
v -0.9 0.5 -1.4
v 0.8 0.5 -1.4
v 0.9 0.5 -1.4
v -1 0.5 -1.5
v -0.9 0.5 -1.5
v -0.8 0.5 -1.5
v 0.8 0.5 -1.5
v 0.9 0.5 -1.5
v 1 0.5 -1.5
v -0.8 0.5 -1.6
v 0.8 0.5 -1.6
v -0.8 0.5 -1.7
v 0.8 0.5 -1.7
v 1 0.5 -1.7
v -1 0.5 -1.8
v -0.9 0.5 -1.8
v -0.8 0.5 -1.8
v 0.8 0.5 -1.8
v 0.9 0.5 -1.8
v 1 0.5 -1.8
v -0.8 0.5 -1.9
v 0.8 0.5 -1.9
v 0.9 0.5 -1.9
v 1 0.5 -1.9
v -1 0.5 -2
v -0.8 0.5 -2
v 0.8 0.5 -2
v 0.9 0.5 -2
v 1 0.5 -2
v -0.3 0.5 -2.1
v -0.2 0.5 -2.1
v 0.2 0.5 -2.1
v 0.3 0.5 -2.1
v -0.2 0.5 -2.3
v 0.2 0.5 -2.3
v 0.3 0.5 -2.3
v -0.3 0.5 -2.4
v -0.2 0.5 -2.4
v -0.0999999 0.5 -2.4
v 0 0.5 -2.4
v 0.0999999 0.5 -2.4
v 0.2 0.5 -2.4
v 0.3 0.5 -2.4
v 0 0.5 -2.5
v 0.0999999 0.5 -2.5
v 0.2 0.5 -2.5
v -0.2 0.5 -2.6
v -0.0999999 0.5 -2.6
v 0 0.5 -2.6
v 0.0999999 0.5 -2.6
v 0.2 0.5 -2.6
v -0.3 0.6 3.8
v -0.0999999 0.6 3.8
v 0 0.6 3.8
v 0.0999999 0.6 3.8
v 0.2 0.6 3.8
v -0.3 0.6 3.7
v -0.2 0.6 3.7
v -0.0999999 0.6 3.7
v 0 0.6 3.7
v 0.0999999 0.6 3.7
v 0.2 0.6 3.7
v 0.3 0.6 3.7
v -0.2 0.6 3.6
v -0.0999999 0.6 3.6
v 0 0.6 3.6
v 0.0999999 0.6 3.6
v 0.2 0.6 3.6
v 0.3 0.6 3.6
v -0.3 0.6 3.5
v -0.2 0.6 3.5
v -0.0999999 0.6 3.5
v 0 0.6 3.5
v 0.0999999 0.6 3.5
v 0.2 0.6 3.5
v 0.3 0.6 3.5
v 0 0.6 3.4
v 0.0999999 0.6 3.4
v -0.5 0.6 2.6
v -0.3 0.6 2.6
v 0.3 0.6 2.6
v 0.4 0.6 2.6
v 0.5 0.6 2.6
v -0.6 0.6 2.5
v -0.5 0.6 2.5
v -0.3 0.6 2.5
v 0.3 0.6 2.5
v 0.4 0.6 2.5
v 0.5 0.6 2.5
v 0.6 0.6 2.5
v -0.8 0.6 2.4
v -0.7 0.6 2.4
v -0.6 0.6 2.4
v -0.5 0.6 2.4
v -0.4 0.6 2.4
v -0.3 0.6 2.4
v 0.3 0.6 2.4
v 0.4 0.6 2.4
v 0.5 0.6 2.4
v 0.6 0.6 2.4
v 0.8 0.6 2.4
v -0.9 0.6 2.3
v -0.8 0.6 2.3
v -0.7 0.6 2.3
v -0.6 0.6 2.3
v -0.5 0.6 2.3
v 0.5 0.6 2.3
v 0.6 0.6 2.3
v 0.7 0.6 2.3
v 0.8 0.6 2.3
v 0.9 0.6 2.3
v -1 0.6 2.2
v -0.9 0.6 2.2
v -0.8 0.6 2.2
v -0.7 0.6 2.2
v 0.7 0.6 2.2
v 0.8 0.6 2.2
v 0.9 0.6 2.2
v 1 0.6 2.2
v -1.1 0.6 2.1
v -1 0.6 2.1
v -0.9 0.6 2.1
v -0.8 0.6 2.1
v 0.8 0.6 2.1
v 0.9 0.6 2.1
v 1 0.6 2.1
v 1.1 0.6 2.1
v -1.1 0.6 2
v -1 0.6 2
v 1 0.6 2
v 1.1 0.6 2
v -1.2 0.6 1.9
v -1.1 0.6 1.9
v -1 0.6 1.9
v 1 0.6 1.9
v 1.1 0.6 1.9
v 1.2 0.6 1.9
v -1.2 0.6 1.8
v -1.1 0.6 1.8
v -1 0.6 1.8
v 1 0.6 1.8
v 1.1 0.6 1.8
v 1.2 0.6 1.8
v -1 0.6 1.7
v 1 0.6 1.7
v -1 0.6 1.6
v 1 0.6 1.6
v 1.1 0.6 1.6
v -1 0.6 1.5
v 1 0.6 1.5
v 1.1 0.6 1.5
v -1.1 0.6 1.4
v -1 0.6 1.4
v 1 0.6 1.4
v 1.1 0.6 1.4
v -1.1 0.6 1.3
v -1 0.6 1.3
v 1 0.6 1.3
v 1.1 0.6 1.3
v 1 0.6 1.2
v 1.1 0.6 1.2
v -1.1 0.6 1.1
v -1 0.6 1.1
v 1 0.6 1.1
v 1.1 0.6 1.1
v -1.1 0.6 1
v -1 0.6 1
v 1 0.6 1
v 1.1 0.6 1
v -1.1 0.6 0.9
v -1 0.6 0.9
v 1 0.6 0.9
v -1.1 0.6 0.8
v -1 0.6 0.8
v 1 0.6 0.8
v 1.1 0.6 0.8
v 1 0.6 0.7
v 1.1 0.6 0.7
v -1 0.6 0.6
v 1 0.6 0.6
v 1.1 0.6 0.6
v -1 0.6 0.5
v 1 0.6 0.5
v 1.1 0.6 0.5
v -1.1 0.6 0.4
v -1 0.6 0.4
v 1 0.6 0.4
v 1.1 0.6 0.4
v -1.1 0.6 0.3
v -1 0.6 0.3
v -1.1 0.6 0.2
v -1 0.6 0.2
v 1 0.6 0.2
v 1.1 0.6 0.2
v -1.1 0.6 0.0999999
v -1 0.6 0.0999999
v 1 0.6 0.0999999
v 1.1 0.6 0.0999999
v -1.1 0.6 0
v -1 0.6 0
v 1 0.6 0
v 1.1 0.6 0
v -1.1 0.6 -0.0999999
v -1 0.6 -0.0999999
v 1 0.6 -0.0999999
v 1.1 0.6 -0.0999999
v -1 0.6 -0.2
v 1 0.6 -0.2
v 1.1 0.6 -0.2
v -1.1 0.6 -0.3
v -1 0.6 -0.3
v 1 0.6 -0.3
v 1.1 0.6 -0.3
v -1.1 0.6 -0.4
v -1 0.6 -0.4
v 1 0.6 -0.4
v 1.1 0.6 -0.4
v 1 0.6 -0.5
v 1.1 0.6 -0.5
v -1 0.6 -0.6
v 1 0.6 -0.6
v 1.1 0.6 -0.6
v -1 0.6 -0.7
v 1 0.6 -0.8
v 1.1 0.6 -0.8
v -1.1 0.6 -0.9
v -1 0.6 -0.9
v 1 0.6 -0.9
v -1.1 0.6 -1
v -1 0.6 -1
v 1 0.6 -1
v 1.1 0.6 -1
v -1.1 0.6 -1.1
v -1 0.6 -1.1
v -1.1 0.6 -1.2
v -1 0.6 -1.2
v 1 0.6 -1.2
v 1.1 0.6 -1.2
v 1 0.6 -1.3
v 1.1 0.6 -1.3
v -1.1 0.6 -1.4
v -1 0.6 -1.4
v 1 0.6 -1.4
v 1.1 0.6 -1.4
v -1.1 0.6 -1.5
v -1 0.6 -1.5
v 1 0.6 -1.5
v -1.1 0.6 -1.6
v -1 0.6 -1.6
v 1 0.6 -1.6
v 1.1 0.6 -1.6
v 1 0.6 -1.7
v 1.1 0.6 -1.7
v -1 0.6 -1.8
v 1 0.6 -1.8
v 1.1 0.6 -1.8
v -1.1 0.6 -1.9
v -1 0.6 -1.9
v 1 0.6 -1.9
v 1.1 0.6 -1.9
v -1.1 0.6 -2
v -1 0.6 -2
v 1 0.6 -2
v 1.1 0.6 -2
v -0.3 0.6 -2.4
v -0.2 0.6 -2.4
v 0.2 0.6 -2.4
v 0.3 0.6 -2.4
v -0.3 0.6 -2.5
v -0.2 0.6 -2.5
v 0.2 0.6 -2.5
v 0.3 0.6 -2.5
v -0.3 0.6 -2.6
v -0.2 0.6 -2.6
v -0.0999999 0.6 -2.6
v 0 0.6 -2.6
v 0.0999999 0.6 -2.6
v 0.2 0.6 -2.6
v 0.3 0.6 -2.6
v -0.2 0.6 -2.7
v -0.0999999 0.6 -2.7
v 0 0.6 -2.7
v 0.0999999 0.6 -2.7
v -0.0999999 0.6 -2.8
v 0 0.6 -2.8
v 0.0999999 0.6 -2.8
v 0.2 0.6 -2.8
v -0.0999999 0.6 -2.9
v 0.2 0.6 -2.9
v 0.0999999 0.7 4
v 0.3 0.7 4
v -0.2 0.7 3.9
v -0.0999999 0.7 3.9
v 0 0.7 3.9
v 0.0999999 0.7 3.9
v -0.2 0.7 3.8
v -0.0999999 0.7 3.8
v 0 0.7 3.8
v 0.0999999 0.7 3.8
v 0.2 0.7 3.8
v 0 0.7 3.7
v 0.0999999 0.7 3.7
v 0.2 0.7 3.7
v 0.3 0.7 3.7
v -0.5 0.7 2.8
v -0.3 0.7 2.8
v 0.3 0.7 2.8
v 0.5 0.7 2.8
v -0.6 0.7 2.7
v -0.5 0.7 2.7
v 0.3 0.7 2.7
v 0.5 0.7 2.7
v 0.6 0.7 2.7
v -0.7 0.7 2.6
v -0.6 0.7 2.6
v -0.5 0.7 2.6
v -0.3 0.7 2.6
v 0.3 0.7 2.6
v 0.4 0.7 2.6
v 0.5 0.7 2.6
v 0.6 0.7 2.6
v 0.7 0.7 2.6
v -0.8 0.7 2.5
v -0.7 0.7 2.5
v -0.6 0.7 2.5
v -0.5 0.7 2.5
v 0.5 0.7 2.5
v 0.6 0.7 2.5
v 0.7 0.7 2.5
v 0.8 0.7 2.5
v -0.9 0.7 2.4
v -0.8 0.7 2.4
v -0.7 0.7 2.4
v -0.6 0.7 2.4
v 0.6 0.7 2.4
v 0.8 0.7 2.4
v 0.9 0.7 2.4
v -1 0.7 2.3
v -0.9 0.7 2.3
v -0.8 0.7 2.3
v 0.8 0.7 2.3
v 0.9 0.7 2.3
v 1 0.7 2.3
v -1.1 0.7 2.2
v -1 0.7 2.2
v -0.9 0.7 2.2
v 0.9 0.7 2.2
v 1 0.7 2.2
v 1.1 0.7 2.2
v -1.2 0.7 2.1
v -1.1 0.7 2.1
v -1 0.7 2.1
v 1 0.7 2.1
v 1.1 0.7 2.1
v 1.2 0.7 2.1
v -1.3 0.7 2
v -1.2 0.7 2
v -1.1 0.7 2
v 1.1 0.7 2
v 1.2 0.7 2
v 1.3 0.7 2
v -1.2 0.7 1.9
v -1.1 0.7 1.9
v 1.1 0.7 1.9
v 1.2 0.7 1.9
v -1.3 0.7 1.8
v -1.2 0.7 1.8
v -1.1 0.7 1.8
v 1.1 0.7 1.8
v 1.2 0.7 1.8
v 1.3 0.7 1.8
v 1.1 0.7 1.6
v 1.1 0.7 1.5
v -1.1 0.7 1.4
v 1.1 0.7 1.4
v -1.1 0.7 1.3
v 1.1 0.7 1.3
v 1.1 0.7 1.2
v -1.1 0.7 1.1
v 1.1 0.7 1.1
v -1.1 0.7 1
v 1.1 0.7 1
v -1.1 0.7 0.9
v -1.1 0.7 0.8
v 1.1 0.7 0.8
v 1.1 0.7 0.7
v 1.1 0.7 0.6
v 1.1 0.7 0.5
v -1.1 0.7 0.4
v 1.1 0.7 0.4
v -1.1 0.7 0.3
v -1.1 0.7 0.2
v 1.1 0.7 0.2
v -1.1 0.7 0.0999999
v 1.1 0.7 0.0999999
v -1.1 0.7 0
v 1.1 0.7 0
v -1.1 0.7 -0.0999999
v 1.1 0.7 -0.0999999
v 1.1 0.7 -0.2
v -1.1 0.7 -0.3
v 1.1 0.7 -0.3
v -1.1 0.7 -0.4
v 1.1 0.7 -0.4
v 1.1 0.7 -0.5
v 1.1 0.7 -0.6
v 1.1 0.7 -0.8
v -1.1 0.7 -0.9
v -1.1 0.7 -1
v 1.1 0.7 -1
v -1.1 0.7 -1.1
v -1.1 0.7 -1.2
v 1.1 0.7 -1.2
v 1.1 0.7 -1.3
v -1.1 0.7 -1.4
v 1.1 0.7 -1.4
v -1.1 0.7 -1.5
v -1.1 0.7 -1.6
v 1.1 0.7 -1.6
v 1.1 0.7 -1.7
v 1.1 0.7 -1.8
v -1.1 0.7 -1.9
v 1.1 0.7 -1.9
v -1.2 0.7 -2
v -1.1 0.7 -2
v 1.1 0.7 -2
v 1.1 0.7 -2.1
v 1.2 0.7 -2.1
v -0.3 0.7 -2.6
v -0.2 0.7 -2.6
v 0.2 0.7 -2.6
v 0.3 0.7 -2.6
v -0.2 0.7 -2.7
v -0.0999999 0.7 -2.7
v -0.3 0.7 -2.8
v -0.2 0.7 -2.8
v -0.0999999 0.7 -2.8
v 0.2 0.7 -2.8
v -0.2 0.7 -2.9
v -0.0999999 0.7 -2.9
v 0.2 0.7 -2.9
v 0.3 0.7 -2.9
v -0.0999999 0.7 -3
v 0 0.7 -3
v 0 0.7 -3.1
v 0.2 0.7 -3.1
v 0.0999999 0.8 4.1
v 0.2 0.8 4.1
v -0.3 0.8 4
v -0.0999999 0.8 4
v 0 0.8 4
v 0.0999999 0.8 4
v 0.2 0.8 4
v -0.3 0.8 3.9
v -0.2 0.8 3.9
v -0.0999999 0.8 3.9
v 0 0.8 3.9
v 0.0999999 0.8 3.9
v -0.3 0.8 3.8
v -0.2 0.8 3.8
v -0.0999999 0.8 3.8
v 0 0.8 3.8
v -0.5 0.8 3
v -0.4 0.8 3
v -0.3 0.8 3
v 0.3 0.8 3
v 0.4 0.8 3
v 0.5 0.8 3
v -0.6 0.8 2.9
v -0.5 0.8 2.9
v -0.4 0.8 2.9
v 0.3 0.8 2.9
v 0.4 0.8 2.9
v 0.5 0.8 2.9
v 0.6 0.8 2.9
v -0.7 0.8 2.8
v -0.6 0.8 2.8
v -0.5 0.8 2.8
v -0.4 0.8 2.8
v -0.3 0.8 2.8
v 0.3 0.8 2.8
v 0.5 0.8 2.8
v 0.6 0.8 2.8
v 0.7 0.8 2.8
v -0.8 0.8 2.7
v -0.7 0.8 2.7
v -0.6 0.8 2.7
v -0.5 0.8 2.7
v 0.5 0.8 2.7
v 0.6 0.8 2.7
v 0.7 0.8 2.7
v 0.8 0.8 2.7
v -0.9 0.8 2.6
v -0.8 0.8 2.6
v -0.7 0.8 2.6
v -0.6 0.8 2.6
v 0.6 0.8 2.6
v 0.7 0.8 2.6
v 0.8 0.8 2.6
v 0.9 0.8 2.6
v -1 0.8 2.5
v -0.9 0.8 2.5
v -0.8 0.8 2.5
v -0.7 0.8 2.5
v 0.7 0.8 2.5
v 0.8 0.8 2.5
v 0.9 0.8 2.5
v 1 0.8 2.5
v -1.1 0.8 2.4
v -1 0.8 2.4
v -0.9 0.8 2.4
v -0.8 0.8 2.4
v 0.8 0.8 2.4
v 0.9 0.8 2.4
v 1 0.8 2.4
v 1.1 0.8 2.4
v -1.2 0.8 2.3
v -1.1 0.8 2.3
v -1 0.8 2.3
v -0.9 0.8 2.3
v 0.9 0.8 2.3
v 1 0.8 2.3
v 1.1 0.8 2.3
v 1.2 0.8 2.3
v -1.1 0.8 2.2
v -1 0.8 2.2
v 1 0.8 2.2
v 1.1 0.8 2.2
v 1.2 0.8 2.2
v -1.3 0.8 2.1
v -1.2 0.8 2.1
v -1.1 0.8 2.1
v 1.1 0.8 2.1
v 1.2 0.8 2.1
v 1.3 0.8 2.1
v -1.4 0.8 2
v -1.3 0.8 2
v -1.2 0.8 2
v 1.2 0.8 2
v 1.3 0.8 2
v 1.4 0.8 2
v 1.3 0.8 1.9
v 1.4 0.8 1.9
v -1.4 0.8 1.8
v -1.3 0.8 1.8
v -1.2 0.8 1.8
v 1.2 0.8 1.8
v 1.3 0.8 1.8
v 1.4 0.8 1.8
v 1.2 0.8 1.5
v 1.3 0.8 1.5
v 1.2 0.8 1.4
v 1.3 0.8 1.4
v -1.3 0.8 1.3
v -1.2 0.8 1.3
v -1.3 0.8 1.2
v -1.2 0.8 1.2
v -1.3 0.8 1.1
v -1.2 0.8 1.1
v 1.2 0.8 1.1
v 1.3 0.8 1.1
v -1.3 0.8 1
v -1.2 0.8 1
v 1.2 0.8 1
v 1.3 0.8 1
v -1.3 0.8 0.8
v -1.2 0.8 0.8
v 1.2 0.8 0.8
v 1.3 0.8 0.8
v -1.3 0.8 0.7
v -1.2 0.8 0.7
v -1.3 0.8 0.6
v -1.2 0.8 0.6
v -1.3 0.8 0.5
v -1.2 0.8 0.5
v 1.2 0.8 0.5
v 1.3 0.8 0.5
v -1.3 0.8 0.3
v -1.2 0.8 0.3
v -1.3 0.8 0.2
v -1.2 0.8 0.2
v 1.2 0.8 0.2
v 1.3 0.8 0.2
v -1.3 0.8 0.0999999
v -1.2 0.8 0.0999999
v 1.2 0.8 0.0999999
v 1.3 0.8 0.0999999
v -1.3 0.8 0
v -1.2 0.8 0
v 1.2 0.8 0
v 1.3 0.8 0
v -1.3 0.8 -0.0999999
v -1.2 0.8 -0.0999999
v 1.2 0.8 -0.0999999
v 1.3 0.8 -0.0999999
v 1.2 0.8 -0.2
v 1.3 0.8 -0.2
v -1.3 0.8 -0.3
v -1.2 0.8 -0.3
v 1.2 0.8 -0.3
v 1.3 0.8 -0.3
v -1.3 0.8 -0.4
v -1.2 0.8 -0.4
v 1.2 0.8 -0.4
v 1.3 0.8 -0.4
v 1.2 0.8 -0.5
v 1.3 0.8 -0.5
v 1.2 0.8 -0.6
v 1.3 0.8 -0.6
v -1.3 0.8 -0.7
v -1.2 0.8 -0.7
v 1.2 0.8 -0.8
v 1.3 0.8 -0.8
v 1.2 0.8 -0.9
v 1.3 0.8 -0.9
v -1.3 0.8 -1
v -1.2 0.8 -1
v 1.2 0.8 -1
v 1.3 0.8 -1
v -1.3 0.8 -1.1
v -1.2 0.8 -1.1
v 1.2 0.8 -1.1
v 1.3 0.8 -1.1
v -1.3 0.8 -1.2
v -1.2 0.8 -1.2
v 1.2 0.8 -1.2
v 1.3 0.8 -1.2
v -1.3 0.8 -1.3
v -1.2 0.8 -1.3
v 1.2 0.8 -1.3
v 1.3 0.8 -1.3
v 1.2 0.8 -1.4
v 1.3 0.8 -1.4
v -1.3 0.8 -1.5
v -1.2 0.8 -1.5
v 1.2 0.8 -1.5
v 1.3 0.8 -1.5
v -1.3 0.8 -1.6
v -1.2 0.8 -1.6
v 1.2 0.8 -1.6
v 1.3 0.8 -1.6
v -1.3 0.8 -1.7
v -1.2 0.8 -1.7
v 1.2 0.8 -1.7
v 1.3 0.8 -1.7
v -1.3 0.8 -1.8
v -1.2 0.8 -1.8
v 1.2 0.8 -1.8
v 1.3 0.8 -1.8
v -1.3 0.8 -1.9
v -1.2 0.8 -1.9
v 1.2 0.8 -1.9
v 1.3 0.8 -1.9
v -1.3 0.8 -2
v -1.2 0.8 -2
v -1 0.8 -2
v -0.8 0.8 -2
v -0.7 0.8 -2
v 0.6 0.8 -2
v 0.9 0.8 -2
v 1 0.8 -2
v 1.1 0.8 -2
v -1.3 0.8 -2.1
v -1.2 0.8 -2.1
v -1 0.8 -2.1
v -0.8 0.8 -2.1
v -0.7 0.8 -2.1
v -0.6 0.8 -2.1
v -0.4 0.8 -2.1
v 0.3 0.8 -2.1
v 0.4 0.8 -2.1
v 0.5 0.8 -2.1
v 0.6 0.8 -2.1
v 0.9 0.8 -2.1
v 1 0.8 -2.1
v 1.1 0.8 -2.1
v 1.2 0.8 -2.1
v -0.6 0.8 -2.2
v -0.4 0.8 -2.2
v 0.3 0.8 -2.2
v 0.4 0.8 -2.2
v 0.5 0.8 -2.2
v 1.2 0.8 -2.2
v 1.3 0.8 -2.2
v -0.3 0.8 -2.8
v -0.2 0.8 -2.8
v -0.3 0.8 -2.9
v -0.2 0.8 -2.9
v -0.0999999 0.8 -2.9
v 0.2 0.8 -2.9
v 0.3 0.8 -2.9
v -0.2 0.8 -3
v -0.0999999 0.8 -3
v 0 0.8 -3
v 0.2 0.8 -3
v 0.3 0.8 -3
v -0.0999999 0.8 -3.1
v 0 0.8 -3.1
v 0.2 0.8 -3.1
v 0.2 0.8 -3.2
v 0.3 0.8 -3.2
v 0.2 0.9 4.2
v 0.3 0.9 4.2
v -0.3 0.9 4.1
v -0.0999999 0.9 4.1
v 0 0.9 4.1
v 0.0999999 0.9 4.1
v 0.2 0.9 4.1
v 0.3 0.9 4.1
v -0.3 0.9 4
v -0.0999999 0.9 4
v 0 0.9 4
v 0.0999999 0.9 4
v 0.2 0.9 4
v 0.3 0.9 4
v -0.0999999 0.9 3.9
v 0 0.9 3.9
v -0.4 0.9 3.2
v -0.3 0.9 3.2
v 0.3 0.9 3.2
v 0.4 0.9 3.2
v -0.6 0.9 3.1
v -0.5 0.9 3.1
v -0.4 0.9 3.1
v -0.3 0.9 3.1
v 0.3 0.9 3.1
v 0.4 0.9 3.1
v 0.5 0.9 3.1
v 0.6 0.9 3.1
v -0.7 0.9 3
v -0.6 0.9 3
v -0.5 0.9 3
v -0.4 0.9 3
v -0.3 0.9 3
v 0.3 0.9 3
v 0.4 0.9 3
v 0.5 0.9 3
v 0.6 0.9 3
v 0.7 0.9 3
v -0.8 0.9 2.9
v -0.7 0.9 2.9
v -0.6 0.9 2.9
v -0.5 0.9 2.9
v 0.5 0.9 2.9
v 0.6 0.9 2.9
v 0.7 0.9 2.9
v 0.8 0.9 2.9
v -0.9 0.9 2.8
v -0.8 0.9 2.8
v -0.7 0.9 2.8
v -0.6 0.9 2.8
v 0.6 0.9 2.8
v 0.7 0.9 2.8
v 0.8 0.9 2.8
v 0.9 0.9 2.8
v -1 0.9 2.7
v -0.9 0.9 2.7
v -0.8 0.9 2.7
v -0.7 0.9 2.7
v 0.7 0.9 2.7
v 0.8 0.9 2.7
v 0.9 0.9 2.7
v 1 0.9 2.7
v -1 0.9 2.6
v -0.9 0.9 2.6
v -0.8 0.9 2.6
v 0.8 0.9 2.6
v 0.9 0.9 2.6
v -1.1 0.9 2.5
v -1 0.9 2.5
v -0.9 0.9 2.5
v 0.9 0.9 2.5
v 1 0.9 2.5
v 1.1 0.9 2.5
v -1.2 0.9 2.4
v -1.1 0.9 2.4
v -1 0.9 2.4
v 1 0.9 2.4
v 1.1 0.9 2.4
v 1.2 0.9 2.4
v -1.3 0.9 2.3
v -1.2 0.9 2.3
v -1.1 0.9 2.3
v 1.1 0.9 2.3
v 1.2 0.9 2.3
v 1.3 0.9 2.3
v 1.2 0.9 2.2
v 1.3 0.9 2.2
v -1.4 0.9 2.1
v -1.3 0.9 2.1
v -1.2 0.9 2.1
v 1.2 0.9 2.1
v 1.3 0.9 2.1
v 1.4 0.9 2.1
v -1.5 0.9 2
v -1.4 0.9 2
v -1.3 0.9 2
v 1.3 0.9 2
v 1.4 0.9 2
v 1.5 0.9 2
v 1.4 0.9 1.9
v 1.5 0.9 1.9
v -1.5 0.9 1.8
v -1.4 0.9 1.8
v -1.3 0.9 1.8
v 1.3 0.9 1.8
v 1.4 0.9 1.8
v 1.5 0.9 1.8
v -1.4 0.9 1.7
v -1.3 0.9 1.7
v 1.3 0.9 1.7
v 1.4 0.9 1.7
v -1.4 0.9 1.6
v -1.3 0.9 1.6
v -1.4 0.9 1.5
v -1.3 0.9 1.5
v 1.3 0.9 1.5
v -1.4 0.9 1.4
v -1.3 0.9 1.4
v 1.3 0.9 1.4
v 1.4 0.9 1.4
v -1.4 0.9 1.3
v -1.3 0.9 1.3
v 1.3 0.9 1.3
v 1.4 0.9 1.3
v -1.4 0.9 1.2
v -1.3 0.9 1.2
v -1.4 0.9 1.1
v -1.3 0.9 1.1
v 1.3 0.9 1.1
v 1.4 0.9 1.1
v -1.4 0.9 1
v -1.3 0.9 1
v 1.3 0.9 1
v -1.4 0.9 0.9
v -1.3 0.9 0.9
v -1.3 0.9 0.8
v 1.3 0.9 0.8
v 1.4 0.9 0.8
v -1.4 0.9 0.7
v -1.3 0.9 0.7
v 1.3 0.9 0.7
v 1.4 0.9 0.7
v -1.4 0.9 0.6
v -1.3 0.9 0.6
v 1.3 0.9 0.6
v 1.4 0.9 0.6
v -1.4 0.9 0.5
v -1.3 0.9 0.5
v 1.3 0.9 0.5
v 1.4 0.9 0.5
v -1.4 0.9 0.3
v -1.3 0.9 0.3
v 1.3 0.9 0.3
v 1.4 0.9 0.3
v -1.4 0.9 0.2
v -1.3 0.9 0.2
v 1.3 0.9 0.2
v -1.3 0.9 0.0999999
v 1.3 0.9 0.0999999
v 1.4 0.9 0.0999999
v -1.4 0.9 0
v -1.3 0.9 0
v 1.3 0.9 0
v -1.4 0.9 -0.0999999
v -1.3 0.9 -0.0999999
v 1.3 0.9 -0.0999999
v -1.4 0.9 -0.2
v -1.3 0.9 -0.2
v 1.3 0.9 -0.2
v 1.4 0.9 -0.2
v -1.3 0.9 -0.3
v 1.3 0.9 -0.3
v 1.4 0.9 -0.3
v -1.4 0.9 -0.4
v -1.3 0.9 -0.4
v 1.3 0.9 -0.4
v -1.4 0.9 -0.5
v -1.3 0.9 -0.5
v 1.3 0.9 -0.5
v -1.4 0.9 -0.6
v -1.3 0.9 -0.6
v 1.3 0.9 -0.6
v 1.4 0.9 -0.6
v -1.3 0.9 -0.7
v -1.4 0.9 -0.8
v -1.3 0.9 -0.8
v 1.3 0.9 -0.8
v 1.4 0.9 -0.8
v -1.4 0.9 -0.9
v -1.3 0.9 -0.9
v 1.3 0.9 -0.9
v -1.3 0.9 -1
v 1.3 0.9 -1
v -1.4 0.9 -1.1
v -1.3 0.9 -1.1
v 1.3 0.9 -1.1
v 1.4 0.9 -1.1
v -1.4 0.9 -1.2
v -1.3 0.9 -1.2
v 1.3 0.9 -1.2
v 1.4 0.9 -1.2
v -1.4 0.9 -1.3
v -1.3 0.9 -1.3
v 1.3 0.9 -1.3
v 1.3 0.9 -1.4
v -1.4 0.9 -1.5
v -1.3 0.9 -1.5
v 1.3 0.9 -1.5
v 1.4 0.9 -1.5
v -1.3 0.9 -1.6
v 1.3 0.9 -1.6
v -1.4 0.9 -1.7
v -1.3 0.9 -1.7
v 1.3 0.9 -1.7
v 1.4 0.9 -1.7
v -1.4 0.9 -1.8
v -1.3 0.9 -1.8
v 1.3 0.9 -1.8
v 1.4 0.9 -1.8
v -1.4 0.9 -1.9
v -1.3 0.9 -1.9
v 1.3 0.9 -1.9
v 1.4 0.9 -1.9
v -1.4 0.9 -2
v -1.3 0.9 -2
v 1.3 0.9 -2
v 1.4 0.9 -2
v -1.3 0.9 -2.1
v -1.2 0.9 -2.1
v -0.7 0.9 -2.1
v -0.6 0.9 -2.1
v -0.4 0.9 -2.1
v -0.3 0.9 -2.1
v 0.5 0.9 -2.1
v 0.6 0.9 -2.1
v 1.1 0.9 -2.1
v 1.2 0.9 -2.1
v 1.3 0.9 -2.1
v 1.4 0.9 -2.1
v -1.4 0.9 -2.2
v -1.2 0.9 -2.2
v -0.7 0.9 -2.2
v -0.6 0.9 -2.2
v -0.4 0.9 -2.2
v -0.3 0.9 -2.2
v 0.5 0.9 -2.2
v 0.6 0.9 -2.2
v 1.1 0.9 -2.2
v 1.2 0.9 -2.2
v 1.3 0.9 -2.2
v 1.3 0.9 -2.3
v 1.4 0.9 -2.3
v -0.3 0.9 -2.9
v -0.2 0.9 -2.9
v -0.3 0.9 -3
v -0.2 0.9 -3
v -0.0999999 0.9 -3
v -0.0999999 0.9 -3.1
v 0 0.9 -3.1
v 0.0999999 0.9 -3.1
v 0.2 0.9 -3.1
v -0.2 0.9 -3.2
v 0 0.9 -3.2
v 0.0999999 0.9 -3.2
v 0.2 0.9 -3.2
v 0.2 1 4.3
v 0.3 1 4.3
v -0.3 1 4.2
v -0.0999999 1 4.2
v 0 1 4.2
v 0.0999999 1 4.2
v 0.2 1 4.2
v 0.3 1 4.2
v -0.3 1 4.1
v -0.0999999 1 4.1
v 0 1 4.1
v 0.0999999 1 4.1
v 0.2 1 4.1
v -0.0999999 1 4
v 0 1 4
v -0.4 1 3.4
v -0.3 1 3.4
v -0.2 1 3.4
v 0.2 1 3.4
v 0.3 1 3.4
v 0.4 1 3.4
v -0.6 1 3.3
v -0.5 1 3.3
v -0.4 1 3.3
v -0.3 1 3.3
v -0.2 1 3.3
v 0.2 1 3.3
v 0.3 1 3.3
v 0.4 1 3.3
v 0.5 1 3.3
v 0.6 1 3.3
v -0.7 1 3.2
v -0.6 1 3.2
v -0.5 1 3.2
v -0.4 1 3.2
v -0.3 1 3.2
v 0.3 1 3.2
v 0.4 1 3.2
v 0.5 1 3.2
v 0.6 1 3.2
v 0.7 1 3.2
v -0.8 1 3.1
v -0.7 1 3.1
v -0.6 1 3.1
v -0.5 1 3.1
v -0.4 1 3.1
v 0.4 1 3.1
v 0.5 1 3.1
v 0.6 1 3.1
v 0.7 1 3.1
v 0.8 1 3.1
v -0.8 1 3
v -0.7 1 3
v -0.6 1 3
v 0.6 1 3
v 0.7 1 3
v -0.9 1 2.9
v -0.8 1 2.9
v -0.7 1 2.9
v 0.7 1 2.9
v 0.8 1 2.9
v 0.9 1 2.9
v -1 1 2.8
v -0.9 1 2.8
v -0.8 1 2.8
v 0.8 1 2.8
v 0.9 1 2.8
v 1 1 2.8
v -1.1 1 2.7
v -1 1 2.7
v -0.9 1 2.7
v 0.9 1 2.7
v 1 1 2.7
v 1.1 1 2.7
v -1.1 1 2.6
v -1 1 2.6
v 1 1 2.6
v 1.1 1 2.6
v -1.2 1 2.5
v -1.1 1 2.5
v -1 1 2.5
v 1 1 2.5
v 1.1 1 2.5
v 1.2 1 2.5
v -1.3 1 2.4
v -1.2 1 2.4
v -1.1 1 2.4
v 1.1 1 2.4
v 1.2 1 2.4
v 1.3 1 2.4
v -1.4 1 2.3
v -1.3 1 2.3
v -1.2 1 2.3
v 1.2 1 2.3
v 1.3 1 2.3
v 1.4 1 2.3
v -1.4 1 2.2
v -1.3 1 2.2
v 1.3 1 2.2
v -1.5 1 2.1
v -1.4 1 2.1
v -1.3 1 2.1
v 1.3 1 2.1
v 1.4 1 2.1
v 1.5 1 2.1
v -1.5 1 2
v -1.4 1 2
v 1.4 1 2
v 1.5 1 2
v -1.6 1 1.9
v -1.5 1 1.9
v 1.5 1 1.9
v 1.6 1 1.9
v -1.6 1 1.8
v -1.5 1 1.8
v -1.4 1 1.8
v 1.4 1 1.8
v 1.5 1 1.8
v 1.6 1 1.8
v -1.4 1 1.7
v 1.4 1 1.7
v 1.5 1 1.7
v -1.5 1 1.6
v -1.4 1 1.6
v -1.4 1 1.5
v -1.5 1 1.4
v -1.4 1 1.4
v 1.4 1 1.4
v 1.5 1 1.4
v -1.5 1 1.3
v -1.4 1 1.3
v 1.4 1 1.3
v 1.5 1 1.3
v -1.5 1 1.2
v -1.4 1 1.2
v 1.4 1 1.2
v 1.5 1 1.2
v -1.4 1 1.1
v 1.4 1 1.1
v -1.5 1 1
v -1.4 1 1
v 1.4 1 1
v 1.5 1 1
v -1.4 1 0.9
v 1.4 1 0.9
v 1.5 1 0.9
v 1.4 1 0.8
v 1.5 1 0.8
v -1.5 1 0.7
v -1.4 1 0.7
v 1.4 1 0.7
v 1.5 1 0.7
v -1.5 1 0.6
v -1.4 1 0.6
v 1.4 1 0.6
v -1.5 1 0.5
v -1.4 1 0.5
v 1.4 1 0.5
v 1.5 1 0.5
v -1.5 1 0.4
v -1.4 1 0.4
v 1.4 1 0.4
v 1.5 1 0.4
v -1.5 1 0.3
v -1.4 1 0.3
v 1.4 1 0.3
v 1.5 1 0.3
v -1.4 1 0.2
v -1.5 1 0.0999999
v -1.4 1 0.0999999
v 1.4 1 0.0999999
v 1.5 1 0.0999999
v -1.5 1 0
v -1.4 1 0
v 1.4 1 0
v 1.5 1 0
v -1.5 1 -0.0999999
v -1.4 1 -0.0999999
v -1.5 1 -0.2
v -1.4 1 -0.2
v 1.4 1 -0.2
v -1.5 1 -0.3
v -1.4 1 -0.3
v 1.4 1 -0.3
v -1.5 1 -0.4
v -1.4 1 -0.4
v 1.4 1 -0.4
v 1.5 1 -0.4
v -1.4 1 -0.5
v -1.5 1 -0.6
v -1.4 1 -0.6
v 1.4 1 -0.6
v 1.5 1 -0.6
v 1.4 1 -0.7
v 1.5 1 -0.7
v -1.4 1 -0.8
v 1.4 1 -0.8
v -1.5 1 -0.9
v -1.4 1 -0.9
v 1.4 1 -0.9
v 1.5 1 -0.9
v 1.4 1 -1
v 1.5 1 -1
v -1.4 1 -1.1
v 1.4 1 -1.1
v -1.5 1 -1.2
v -1.4 1 -1.2
v 1.4 1 -1.2
v -1.5 1 -1.3
v -1.4 1 -1.3
v 1.4 1 -1.3
v 1.5 1 -1.3
v -1.5 1 -1.4
v -1.4 1 -1.4
v 1.4 1 -1.4
v 1.5 1 -1.4
v -1.5 1 -1.5
v -1.4 1 -1.5
v 1.4 1 -1.5
v 1.5 1 -1.5
v -1.4 1 -1.7
v 1.4 1 -1.7
v 1.5 1 -1.7
v -1.5 1 -1.8
v -1.4 1 -1.8
v 1.4 1 -1.8
v 1.5 1 -1.8
v -1.5 1 -1.9
v -1.4 1 -1.9
v 1.4 1 -1.9
v 1.5 1 -1.9
v -1.4 1 -2
v 1.4 1 -2
v 1.5 1 -2
v -1.2 1 -2.1
v -1 1 -2.1
v -0.9 1 -2.1
v -0.8 1 -2.1
v -0.7 1 -2.1
v 0.6 1 -2.1
v 0.7 1 -2.1
v 0.8 1 -2.1
v 0.9 1 -2.1
v 1 1 -2.1
v 1.1 1 -2.1
v 1.4 1 -2.1
v 1.5 1 -2.1
v -1.5 1 -2.2
v -1.4 1 -2.2
v -1.3 1 -2.2
v -1.2 1 -2.2
v -1 1 -2.2
v -0.9 1 -2.2
v -0.8 1 -2.2
v -0.7 1 -2.2
v -0.6 1 -2.2
v -0.5 1 -2.2
v -0.4 1 -2.2
v 0.3 1 -2.2
v 0.4 1 -2.2
v 0.5 1 -2.2
v 0.6 1 -2.2
v 0.7 1 -2.2
v 0.8 1 -2.2
v 0.9 1 -2.2
v 1.1 1 -2.2
v 1.2 1 -2.2
v 1.3 1 -2.2
v -1.4 1 -2.3
v -1.3 1 -2.3
v -0.6 1 -2.3
v -0.4 1 -2.3
v 0.3 1 -2.3
v 0.4 1 -2.3
v 0.5 1 -2.3
v 1.2 1 -2.3
v 1.3 1 -2.3
v 1.4 1 -2.3
v -1.5 1 -2.4
v -1.4 1 -2.4
v 1.3 1 -2.4
v 1.4 1 -2.4
v 1.5 1 -2.4
v 1.4 1 -2.5
v 1.5 1 -2.5
v -0.3 1 -3
v -0.2 1 -3
v -0.3 1 -3.1
v -0.2 1 -3.1
v -0.0999999 1 -3.2
v 0 1 -3.2
v 0.0999999 1 -3.2
v 0.3 1 -3.2
v -0.0999999 1 -3.3
v 0 1 -3.3
v 0.0999999 1 -3.3
v 0.2 1 -3.3
v 0.3 1 -3.3
v 0.0999999 1 -3.4
v 0.2 1 -3.4
v 0.3 1 -3.4
v 0 1.1 4.4
v 0.0999999 1.1 4.4
v 0.2 1.1 4.4
v 0.3 1.1 4.4
v -0.3 1.1 4.3
v -0.2 1.1 4.3
v -0.0999999 1.1 4.3
v 0 1.1 4.3
v 0.0999999 1.1 4.3
v 0.2 1.1 4.3
v 0.3 1.1 4.3
v -0.3 1.1 4.2
v -0.2 1.1 4.2
v -0.0999999 1.1 4.2
v 0 1.1 4.2
v 0.0999999 1.1 4.2
v 0.2 1.1 4.2
v -0.0999999 1.1 4.1
v 0 1.1 4.1
v -0.4 1.1 3.6
v -0.3 1.1 3.6
v -0.2 1.1 3.6
v 0.2 1.1 3.6
v 0.3 1.1 3.6
v 0.4 1.1 3.6
v -0.5 1.1 3.5
v -0.4 1.1 3.5
v -0.2 1.1 3.5
v 0.3 1.1 3.5
v 0.4 1.1 3.5
v 0.5 1.1 3.5
v -0.6 1.1 3.4
v -0.5 1.1 3.4
v -0.4 1.1 3.4
v -0.3 1.1 3.4
v -0.2 1.1 3.4
v 0.2 1.1 3.4
v 0.3 1.1 3.4
v 0.4 1.1 3.4
v 0.5 1.1 3.4
v 0.6 1.1 3.4
v -0.7 1.1 3.3
v -0.6 1.1 3.3
v -0.5 1.1 3.3
v -0.4 1.1 3.3
v 0.4 1.1 3.3
v 0.5 1.1 3.3
v 0.6 1.1 3.3
v 0.7 1.1 3.3
v -0.8 1.1 3.2
v -0.7 1.1 3.2
v -0.6 1.1 3.2
v 0.6 1.1 3.2
v 0.7 1.1 3.2
v 0.8 1.1 3.2
v -0.9 1.1 3.1
v -0.8 1.1 3.1
v -0.7 1.1 3.1
v 0.7 1.1 3.1
v 0.8 1.1 3.1
v 0.9 1.1 3.1
v -1 1.1 3
v -0.9 1.1 3
v -0.8 1.1 3
v 0.8 1.1 3
v 0.9 1.1 3
v 1 1.1 3
v -0.9 1.1 2.9
v -0.8 1.1 2.9
v 0.8 1.1 2.9
v 0.9 1.1 2.9
v 1 1.1 2.9
v -1.1 1.1 2.8
v -1 1.1 2.8
v -0.9 1.1 2.8
v 0.9 1.1 2.8
v 1 1.1 2.8
v 1.1 1.1 2.8
v -1.2 1.1 2.7
v -1.1 1.1 2.7
v -1 1.1 2.7
v 1 1.1 2.7
v 1.1 1.1 2.7
v 1.2 1.1 2.7
v -1.2 1.1 2.6
v -1.1 1.1 2.6
v 1.1 1.1 2.6
v 1.2 1.1 2.6
v -1.3 1.1 2.5
v -1.2 1.1 2.5
v -1.1 1.1 2.5
v 1.1 1.1 2.5
v 1.2 1.1 2.5
v 1.3 1.1 2.5
v -1.4 1.1 2.4
v -1.3 1.1 2.4
v -1.2 1.1 2.4
v 1.2 1.1 2.4
v 1.3 1.1 2.4
v 1.4 1.1 2.4
v -1.4 1.1 2.3
v -1.3 1.1 2.3
v 1.3 1.1 2.3
v 1.4 1.1 2.3
v -1.5 1.1 2.2
v -1.4 1.1 2.2
v 1.4 1.1 2.2
v 1.5 1.1 2.2
v -1.6 1.1 2.1
v -1.5 1.1 2.1
v -1.4 1.1 2.1
v 1.4 1.1 2.1
v 1.5 1.1 2.1
v 1.6 1.1 2.1
v -1.5 1.1 2
v 1.5 1.1 2
v 1.6 1.1 2
v -1.7 1.1 1.9
v -1.6 1.1 1.9
v -1.5 1.1 1.9
v 1.5 1.1 1.9
v 1.6 1.1 1.9
v 1.7 1.1 1.9
v -1.7 1.1 1.8
v -1.6 1.1 1.8
v 1.6 1.1 1.8
v 1.7 1.1 1.8
v -1.3 1.1 -2.2
v -1.2 1.1 -2.2
v -1.1 1.1 -2.2
v -1 1.1 -2.2
v -0.9 1.1 -2.2
v -0.8 1.1 -2.2
v -0.6 1.1 -2.2
v -0.4 1.1 -2.2
v -0.3 1.1 -2.2
v 0.5 1.1 -2.2
v 0.6 1.1 -2.2
v 0.7 1.1 -2.2
v 0.8 1.1 -2.2
v 0.9 1.1 -2.2
v 1.1 1.1 -2.2
v 1.2 1.1 -2.2
v -1.4 1.1 -2.3
v -1.3 1.1 -2.3
v -1.2 1.1 -2.3
v -1.1 1.1 -2.3
v -1 1.1 -2.3
v -0.9 1.1 -2.3
v -0.8 1.1 -2.3
v -0.6 1.1 -2.3
v -0.5 1.1 -2.3
v -0.4 1.1 -2.3
v -0.3 1.1 -2.3
v 0.3 1.1 -2.3
v 0.4 1.1 -2.3
v 0.5 1.1 -2.3
v 0.6 1.1 -2.3
v 0.8 1.1 -2.3
v 0.9 1.1 -2.3
v 1.1 1.1 -2.3
v 1.2 1.1 -2.3
v 1.3 1.1 -2.3
v -1.5 1.1 -2.4
v -1.4 1.1 -2.4
v -1.3 1.1 -2.4
v -0.6 1.1 -2.4
v -0.5 1.1 -2.4
v -0.4 1.1 -2.4
v 0.3 1.1 -2.4
v 0.4 1.1 -2.4
v 0.5 1.1 -2.4
v 1.2 1.1 -2.4
v 1.3 1.1 -2.4
v 1.4 1.1 -2.4
v -1.5 1.1 -2.5
v -1.4 1.1 -2.5
v 1.3 1.1 -2.5
v 1.4 1.1 -2.5
v 1.5 1.1 -2.5
v 1.4 1.1 -2.7
v 1.5 1.1 -2.7
v 1.4 1.1 -2.8
v 1.5 1.1 -2.8
v -0.3 1.1 -3.1
v -0.2 1.1 -3.1
v -0.3 1.1 -3.2
v -0.2 1.1 -3.2
v -0.0999999 1.1 -3.2
v -0.2 1.1 -3.3
v -0.0999999 1.1 -3.3
v 0 1.1 -3.3
v 0.0999999 1.1 -3.3
v -0.2 1.1 -3.4
v -0.0999999 1.1 -3.4
v 0.0999999 1.1 -3.4
v 0.2 1.1 -3.4
v 0.3 1.1 -3.4
v 0.0999999 1.1 -3.5
v 0.2 1.1 -3.5
v 0.3 1.1 -3.5
v 0.0999999 1.2 4.6
v 0.2 1.2 4.6
v 0 1.2 4.5
v 0.0999999 1.2 4.5
v 0.2 1.2 4.5
v 0.3 1.2 4.5
v -0.3 1.2 4.4
v -0.2 1.2 4.4
v -0.0999999 1.2 4.4
v 0 1.2 4.4
v 0.0999999 1.2 4.4
v 0.2 1.2 4.4
v 0.3 1.2 4.4
v -0.3 1.2 4.3
v -0.2 1.2 4.3
v -0.0999999 1.2 4.3
v 0 1.2 4.3
v 0.0999999 1.2 4.3
v 0.2 1.2 4.3
v -0.2 1.2 4.2
v -0.0999999 1.2 4.2
v -0.4 1.2 3.8
v -0.2 1.2 3.8
v 0.2 1.2 3.8
v 0.4 1.2 3.8
v -0.5 1.2 3.7
v -0.4 1.2 3.7
v -0.2 1.2 3.7
v 0.2 1.2 3.7
v 0.4 1.2 3.7
v 0.5 1.2 3.7
v -0.6 1.2 3.6
v -0.5 1.2 3.6
v -0.4 1.2 3.6
v -0.2 1.2 3.6
v 0.2 1.2 3.6
v 0.3 1.2 3.6
v 0.4 1.2 3.6
v 0.5 1.2 3.6
v 0.6 1.2 3.6
v -0.7 1.2 3.5
v -0.6 1.2 3.5
v -0.5 1.2 3.5
v -0.4 1.2 3.5
v 0.4 1.2 3.5
v 0.5 1.2 3.5
v 0.6 1.2 3.5
v 0.7 1.2 3.5
v -0.8 1.2 3.4
v -0.7 1.2 3.4
v -0.6 1.2 3.4
v -0.5 1.2 3.4
v 0.5 1.2 3.4
v 0.6 1.2 3.4
v 0.7 1.2 3.4
v 0.8 1.2 3.4
v -0.9 1.2 3.3
v -0.8 1.2 3.3
v -0.7 1.2 3.3
v -0.6 1.2 3.3
v 0.6 1.2 3.3
v 0.7 1.2 3.3
v 0.8 1.2 3.3
v 0.9 1.2 3.3
v -0.8 1.2 3.2
v -0.7 1.2 3.2
v 0.7 1.2 3.2
v 0.8 1.2 3.2
v -1 1.2 3.1
v -0.9 1.2 3.1
v -0.8 1.2 3.1
v 0.8 1.2 3.1
v 0.9 1.2 3.1
v 1 1.2 3.1
v -1.1 1.2 3
v -1 1.2 3
v -0.9 1.2 3
v 0.9 1.2 3
v 1 1.2 3
v 1.1 1.2 3
v 1 1.2 2.9
v -1.2 1.2 2.8
v -1.1 1.2 2.8
v -1 1.2 2.8
v 1 1.2 2.8
v 1.1 1.2 2.8
v 1.2 1.2 2.8
v -1.3 1.2 2.7
v -1.2 1.2 2.7
v -1.1 1.2 2.7
v 1.1 1.2 2.7
v 1.2 1.2 2.7
v 1.3 1.2 2.7
v -1.2 1.2 2.6
v 1.2 1.2 2.6
v -1.4 1.2 2.5
v -1.3 1.2 2.5
v -1.2 1.2 2.5
v 1.2 1.2 2.5
v 1.3 1.2 2.5
v 1.4 1.2 2.5
v -1.4 1.2 2.4
v -1.3 1.2 2.4
v 1.3 1.2 2.4
v 1.4 1.2 2.4
v -1.5 1.2 2.3
v -1.4 1.2 2.3
v 1.4 1.2 2.3
v 1.5 1.2 2.3
v -1.6 1.2 2.2
v -1.5 1.2 2.2
v -1.4 1.2 2.2
v 1.4 1.2 2.2
v 1.5 1.2 2.2
v 1.6 1.2 2.2
v -1.6 1.2 2.1
v -1.5 1.2 2.1
v 1.5 1.2 2.1
v 1.6 1.2 2.1
v -1.7 1.2 2
v -1.6 1.2 2
v 1.6 1.2 2
v 1.7 1.2 2
v -1.7 1.2 1.9
v -1.6 1.2 1.9
v 1.6 1.2 1.9
v 1.7 1.2 1.9
v -1.6 1.2 1.8
v -1.5 1.2 1.8
v 1.5 1.2 1.8
v 1.6 1.2 1.8
v -1.5 1.2 1.7
v 1.5 1.2 1.7
v -1.5 1.2 1.6
v 1.5 1.2 1.6
v 1.5 1.2 1.5
v 1.5 1.2 1.3
v -1.5 1.2 1.2
v 1.5 1.2 1.2
v -1.5 1.2 1.1
v 1.5 1.2 1.1
v -1.5 1.2 1
v 1.5 1.2 1
v -1.5 1.2 0.9
v 1.5 1.2 0.9
v -1.5 1.2 0.8
v 1.5 1.2 0.8
v -1.5 1.2 0.6
v -1.5 1.2 0.5
v 1.5 1.2 0.4
v -1.5 1.2 0.3
v -1.5 1.2 0.2
v -1.5 1.2 0.0999999
v 1.5 1.2 0.0999999
v -1.5 1.2 -0.0999999
v 1.5 1.2 -0.0999999
v -1.5 1.2 -0.2
v 1.5 1.2 -0.2
v -1.5 1.2 -0.3
v 1.5 1.2 -0.3
v -1.5 1.2 -0.5
v 1.5 1.2 -0.5
v -1.5 1.2 -0.6
v 1.5 1.2 -0.6
v -1.5 1.2 -0.7
v 1.5 1.2 -0.7
v -1.5 1.2 -0.8
v -1.5 1.2 -0.9
v 1.5 1.2 -0.9
v -1.5 1.2 -1
v -1.5 1.2 -1.1
v 1.5 1.2 -1.1
v -1.5 1.2 -1.2
v 1.5 1.2 -1.2
v -1.5 1.2 -1.3
v 1.5 1.2 -1.3
v -1.5 1.2 -1.4
v 1.5 1.2 -1.4
v -1.5 1.2 -1.5
v -1.5 1.2 -1.6
v 1.5 1.2 -1.6
v -1.5 1.2 -1.7
v -1.5 1.2 -1.8
v 1.5 1.2 -1.8
v -1.5 1.2 -1.9
v -1.5 1.2 -2
v 1.5 1.2 -2
v -1.5 1.2 -2.1
v -1 1.2 -2.2
v -0.9 1.2 -2.2
v 0.8 1.2 -2.2
v 0.9 1.2 -2.2
v 1.5 1.2 -2.2
v -1.5 1.2 -2.3
v -1.3 1.2 -2.3
v -1.2 1.2 -2.3
v -1.1 1.2 -2.3
v -1 1.2 -2.3
v -0.9 1.2 -2.3
v -0.8 1.2 -2.3
v -0.6 1.2 -2.3
v -0.4 1.2 -2.3
v -0.3 1.2 -2.3
v 0.5 1.2 -2.3
v 0.6 1.2 -2.3
v 0.8 1.2 -2.3
v 0.9 1.2 -2.3
v 1.1 1.2 -2.3
v 1.2 1.2 -2.3
v 1.5 1.2 -2.3
v -1.5 1.2 -2.4
v -1.4 1.2 -2.4
v -1.3 1.2 -2.4
v -1.2 1.2 -2.4
v -0.7 1.2 -2.4
v -0.6 1.2 -2.4
v -0.5 1.2 -2.4
v -0.4 1.2 -2.4
v -0.3 1.2 -2.4
v 0.3 1.2 -2.4
v 0.4 1.2 -2.4
v 0.5 1.2 -2.4
v 0.6 1.2 -2.4
v 1.1 1.2 -2.4
v 1.2 1.2 -2.4
v 1.3 1.2 -2.4
v 1.5 1.2 -2.4
v -1.5 1.2 -2.5
v -1.4 1.2 -2.5
v -1.3 1.2 -2.5
v -1.2 1.2 -2.5
v -0.7 1.2 -2.5
v -0.6 1.2 -2.5
v -0.4 1.2 -2.5
v -0.3 1.2 -2.5
v 0.5 1.2 -2.5
v 0.6 1.2 -2.5
v 1.1 1.2 -2.5
v 1.2 1.2 -2.5
v 1.3 1.2 -2.5
v 1.4 1.2 -2.5
v 1.5 1.2 -2.5
v -1.4 1.2 -2.6
v -1.3 1.2 -2.6
v -0.6 1.2 -2.6
v -0.4 1.2 -2.6
v 0.3 1.2 -2.6
v 0.5 1.2 -2.6
v 1.2 1.2 -2.6
v 1.3 1.2 -2.6
v 1.4 1.2 -2.7
v 1.5 1.2 -2.7
v -1.6 1.2 -2.8
v -1.5 1.2 -2.8
v 1.4 1.2 -2.8
v 1.5 1.2 -2.8
v 1.6 1.2 -2.8
v -1.5 1.2 -2.9
v -1.4 1.2 -2.9
v 1.3 1.2 -2.9
v 1.5 1.2 -2.9
v -0.3 1.2 -3.2
v -0.2 1.2 -3.2
v -0.2 1.2 -3.3
v -0.2 1.2 -3.4
v -0.0999999 1.2 -3.4
v 0.0999999 1.2 -3.4
v -0.3 1.2 -3.5
v -0.0999999 1.2 -3.5
v 0.0999999 1.2 -3.5
v 0.2 1.2 -3.5
v 0.3 1.2 -3.5
v -0.0999999 1.2 -3.6
v 0.0999999 1.2 -3.6
v 0.0999999 1.2 -3.7
v 0.3 1.2 -3.7
v 0.0999999 1.3 4.7
v 0.2 1.3 4.7
v 0.3 1.3 4.7
v -0.3 1.3 4.6
v -0.0999999 1.3 4.6
v 0 1.3 4.6
v 0.0999999 1.3 4.6
v 0.2 1.3 4.6
v -0.2 1.3 4.5
v -0.0999999 1.3 4.5
v 0 1.3 4.5
v 0.0999999 1.3 4.5
v 0.2 1.3 4.5
v 0.3 1.3 4.5
v -0.3 1.3 4.4
v -0.2 1.3 4.4
v -0.0999999 1.3 4.4
v 0 1.3 4.4
v -0.2 1.3 4.3
v -0.0999999 1.3 4.3
v -0.4 1.3 4
v -0.3 1.3 4
v 0.3 1.3 4
v 0.4 1.3 4
v -0.5 1.3 3.9
v -0.4 1.3 3.9
v -0.3 1.3 3.9
v -0.2 1.3 3.9
v 0.2 1.3 3.9
v 0.3 1.3 3.9
v 0.4 1.3 3.9
v 0.5 1.3 3.9
v -0.6 1.3 3.8
v -0.5 1.3 3.8
v -0.4 1.3 3.8
v -0.3 1.3 3.8
v -0.2 1.3 3.8
v 0.2 1.3 3.8
v 0.4 1.3 3.8
v 0.5 1.3 3.8
v 0.6 1.3 3.8
v -0.7 1.3 3.7
v -0.6 1.3 3.7
v -0.5 1.3 3.7
v -0.4 1.3 3.7
v 0.4 1.3 3.7
v 0.5 1.3 3.7
v 0.6 1.3 3.7
v 0.7 1.3 3.7
v -0.7 1.3 3.6
v -0.6 1.3 3.6
v -0.5 1.3 3.6
v 0.5 1.3 3.6
v 0.6 1.3 3.6
v 0.7 1.3 3.6
v -0.8 1.3 3.5
v -0.7 1.3 3.5
v -0.6 1.3 3.5
v 0.6 1.3 3.5
v 0.7 1.3 3.5
v 0.8 1.3 3.5
v -0.9 1.3 3.4
v -0.8 1.3 3.4
v -0.7 1.3 3.4
v 0.7 1.3 3.4
v 0.8 1.3 3.4
v 0.9 1.3 3.4
v -1 1.3 3.3
v -0.9 1.3 3.3
v -0.8 1.3 3.3
v 0.8 1.3 3.3
v 0.9 1.3 3.3
v 1 1.3 3.3
v -1 1.3 3.2
v -0.9 1.3 3.2
v 0.9 1.3 3.2
v 1 1.3 3.2
v -1.1 1.3 3.1
v -1 1.3 3.1
v -0.9 1.3 3.1
v 0.9 1.3 3.1
v 1 1.3 3.1
v 1.1 1.3 3.1
v -1.1 1.3 3
v -1 1.3 3
v 1 1.3 3
v 1.1 1.3 3
v -1.2 1.3 2.9
v -1.1 1.3 2.9
v 1.1 1.3 2.9
v 1.2 1.3 2.9
v -1.3 1.3 2.8
v -1.2 1.3 2.8
v -1.1 1.3 2.8
v 1.1 1.3 2.8
v 1.2 1.3 2.8
v 1.3 1.3 2.8
v -1.3 1.3 2.7
v -1.2 1.3 2.7
v 1.2 1.3 2.7
v 1.3 1.3 2.7
v -1.4 1.3 2.6
v -1.3 1.3 2.6
v 1.3 1.3 2.6
v 1.4 1.3 2.6
v -1.4 1.3 2.5
v -1.3 1.3 2.5
v 1.3 1.3 2.5
v 1.4 1.3 2.5
v -1.5 1.3 2.4
v -1.4 1.3 2.4
v 1.4 1.3 2.4
v 1.5 1.3 2.4
v -1.6 1.3 2.3
v -1.5 1.3 2.3
v -1.4 1.3 2.3
v 1.4 1.3 2.3
v 1.5 1.3 2.3
v 1.6 1.3 2.3
v -1.6 1.3 2.2
v -1.5 1.3 2.2
v 1.5 1.3 2.2
v 1.6 1.3 2.2
v -1.7 1.3 2.1
v -1.6 1.3 2.1
v 1.6 1.3 2.1
v 1.7 1.3 2.1
v -1.7 1.3 2
v -1.6 1.3 2
v 1.6 1.3 2
v 1.7 1.3 2
v -1.8 1.3 1.9
v -1.7 1.3 1.9
v 1.7 1.3 1.9
v 1.8 1.3 1.9
v -1.8 1.3 1.8
v -1.7 1.3 1.8
v -1.6 1.3 1.8
v 1.6 1.3 1.8
v 1.7 1.3 1.8
v 1.8 1.3 1.8
v 1.6 1.3 1.7
v 1.7 1.3 1.7
v 1.6 1.3 1.6
v 1.7 1.3 1.6
v -1.7 1.3 1.5
v -1.6 1.3 1.5
v 1.6 1.3 1.5
v 1.7 1.3 1.5
v -1.7 1.3 1.4
v -1.6 1.3 1.4
v 1.6 1.3 1.4
v 1.7 1.3 1.4
v -1.7 1.3 1.3
v -1.6 1.3 1.3
v -1.7 1.3 1.2
v -1.6 1.3 1.2
v 1.6 1.3 1.2
v 1.7 1.3 1.2
v 1.6 1.3 1.1
v 1.7 1.3 1.1
v -1.7 1.3 1
v -1.6 1.3 1
v -1.7 1.3 0.9
v -1.6 1.3 0.9
v 1.6 1.3 0.9
v 1.7 1.3 0.9
v -1.7 1.3 0.8
v -1.6 1.3 0.8
v 1.6 1.3 0.8
v 1.7 1.3 0.8
v -1.7 1.3 0.7
v -1.6 1.3 0.7
v -1.7 1.3 0.6
v -1.6 1.3 0.6
v 1.6 1.3 0.6
v 1.7 1.3 0.6
v -1.7 1.3 0.5
v -1.6 1.3 0.5
v 1.6 1.3 0.5
v 1.7 1.3 0.5
v -1.7 1.3 0.4
v -1.6 1.3 0.4
v 1.6 1.3 0.4
v 1.7 1.3 0.4
v 1.6 1.3 0.3
v 1.7 1.3 0.3
v -1.7 1.3 0.2
v -1.6 1.3 0.2
v -1.7 1.3 0.0999999
v -1.6 1.3 0.0999999
v -1.7 1.3 0
v -1.6 1.3 0
v 1.6 1.3 0
v 1.7 1.3 0
v 1.6 1.3 -0.2
v 1.7 1.3 -0.2
v -1.7 1.3 -0.3
v -1.6 1.3 -0.3
v 1.6 1.3 -0.4
v 1.7 1.3 -0.4
v 1.6 1.3 -0.5
v 1.7 1.3 -0.5
v -1.7 1.3 -0.6
v -1.6 1.3 -0.6
v 1.6 1.3 -0.6
v 1.7 1.3 -0.6
v -1.7 1.3 -0.7
v -1.6 1.3 -0.7
v 1.6 1.3 -0.7
v 1.7 1.3 -0.7
v 1.6 1.3 -0.8
v 1.7 1.3 -0.8
v -1.7 1.3 -0.9
v -1.6 1.3 -0.9
v 1.6 1.3 -0.9
v 1.7 1.3 -0.9
v -1.7 1.3 -1
v -1.6 1.3 -1
v 1.6 1.3 -1
v 1.7 1.3 -1
v -1.7 1.3 -1.1
v -1.6 1.3 -1.1
v 1.6 1.3 -1.1
v 1.7 1.3 -1.1
v -1.7 1.3 -1.3
v -1.6 1.3 -1.3
v 1.6 1.3 -1.3
v 1.7 1.3 -1.3
v 1.6 1.3 -1.5
v 1.7 1.3 -1.5
v -1.7 1.3 -1.6
v -1.6 1.3 -1.6
v 1.6 1.3 -1.6
v 1.7 1.3 -1.6
v -1.7 1.3 -1.7
v -1.6 1.3 -1.7
v 1.6 1.3 -1.7
v 1.7 1.3 -1.7
v -1.7 1.3 -1.8
v -1.6 1.3 -1.8
v 1.6 1.3 -1.8
v 1.7 1.3 -1.8
v 1.6 1.3 -1.9
v 1.7 1.3 -1.9
v 1.6 1.3 -2
v 1.7 1.3 -2
v 1.6 1.3 -2.1
v 1.7 1.3 -2.1
v -1.7 1.3 -2.2
v -1.6 1.3 -2.2
v 1.6 1.3 -2.2
v 1.7 1.3 -2.2
v 1.6 1.3 -2.3
v 1.7 1.3 -2.3
v -1.7 1.3 -2.4
v -1.6 1.3 -2.4
v -1.2 1.3 -2.4
v -1.1 1.3 -2.4
v -1 1.3 -2.4
v -0.8 1.3 -2.4
v -0.7 1.3 -2.4
v 0.6 1.3 -2.4
v 0.8 1.3 -2.4
v 0.9 1.3 -2.4
v 1.1 1.3 -2.4
v 1.6 1.3 -2.4
v 1.7 1.3 -2.4
v -1.7 1.3 -2.5
v -1.6 1.3 -2.5
v -1.3 1.3 -2.5
v -1.2 1.3 -2.5
v -1.1 1.3 -2.5
v -1 1.3 -2.5
v -0.8 1.3 -2.5
v -0.7 1.3 -2.5
v -0.6 1.3 -2.5
v -0.4 1.3 -2.5
v -0.3 1.3 -2.5
v 0.5 1.3 -2.5
v 0.6 1.3 -2.5
v 0.7 1.3 -2.5
v 0.8 1.3 -2.5
v 0.9 1.3 -2.5
v 1 1.3 -2.5
v 1.1 1.3 -2.5
v 1.2 1.3 -2.5
v 1.6 1.3 -2.5
v 1.7 1.3 -2.5
v -1.7 1.3 -2.6
v -1.6 1.3 -2.6
v -1.4 1.3 -2.6
v -1.3 1.3 -2.6
v -1.2 1.3 -2.6
v -1.1 1.3 -2.6
v -0.9 1.3 -2.6
v -0.8 1.3 -2.6
v -0.7 1.3 -2.6
v -0.6 1.3 -2.6
v -0.5 1.3 -2.6
v -0.4 1.3 -2.6
v -0.3 1.3 -2.6
v 0.3 1.3 -2.6
v 0.4 1.3 -2.6
v 0.5 1.3 -2.6
v 0.6 1.3 -2.6
v 0.7 1.3 -2.6
v 0.8 1.3 -2.6
v 0.9 1.3 -2.6
v 1.2 1.3 -2.6
v 1.3 1.3 -2.6
v -1.7 1.3 -2.7
v -1.6 1.3 -2.7
v -1.4 1.3 -2.7
v -1.3 1.3 -2.7
v -1.2 1.3 -2.7
v -1.1 1.3 -2.7
v -0.9 1.3 -2.7
v -0.8 1.3 -2.7
v -0.7 1.3 -2.7
v -0.6 1.3 -2.7
v -0.4 1.3 -2.7
v -0.3 1.3 -2.7
v 0.3 1.3 -2.7
v 0.4 1.3 -2.7
v 0.5 1.3 -2.7
v 0.6 1.3 -2.7
v 0.7 1.3 -2.7
v 0.8 1.3 -2.7
v 0.9 1.3 -2.7
v 1 1.3 -2.7
v 1.1 1.3 -2.7
v 1.2 1.3 -2.7
v 1.3 1.3 -2.7
v 1.6 1.3 -2.7
v 1.7 1.3 -2.7
v -1.4 1.3 -2.8
v -1.3 1.3 -2.8
v -1.2 1.3 -2.8
v -1 1.3 -2.8
v -0.9 1.3 -2.8
v 0.3 1.3 -2.8
v 0.5 1.3 -2.8
v 0.6 1.3 -2.8
v 0.7 1.3 -2.8
v 0.8 1.3 -2.8
v 0.9 1.3 -2.8
v 1 1.3 -2.8
v 1.1 1.3 -2.8
v 1.2 1.3 -2.8
v -1.4 1.3 -2.9
v -1.3 1.3 -2.9
v -1.2 1.3 -2.9
v -1.1 1.3 -2.9
v -1 1.3 -2.9
v -0.9 1.3 -2.9
v -0.8 1.3 -2.9
v -0.7 1.3 -2.9
v -0.5 1.3 -2.9
v -0.4 1.3 -2.9
v -0.3 1.3 -2.9
v 0.3 1.3 -2.9
v 0.5 1.3 -2.9
v 0.7 1.3 -2.9
v 0.8 1.3 -2.9
v 0.9 1.3 -2.9
v 1.1 1.3 -2.9
v 1.3 1.3 -2.9
v -1.4 1.3 -3
v -1.3 1.3 -3
v -1.2 1.3 -3
v -1.1 1.3 -3
v -0.9 1.3 -3
v -0.8 1.3 -3
v -0.7 1.3 -3
v -1.3 1.3 -3.1
v -1.2 1.3 -3.1
v -1.1 1.3 -3.1
v -1 1.3 -3.1
v -0.9 1.3 -3.1
v -0.8 1.3 -3.1
v 0.7 1.3 -3.1
v 0.8 1.3 -3.1
v 0.9 1.3 -3.1
v 1 1.3 -3.1
v -1.2 1.3 -3.2
v -1.1 1.3 -3.2
v -1 1.3 -3.2
v -0.7 1.3 -3.2
v 0.7 1.3 -3.2
v 0.8 1.3 -3.2
v 0.9 1.3 -3.2
v 1 1.3 -3.2
v -0.3 1.3 -3.5
v -0.2 1.3 -3.5
v -0.0999999 1.3 -3.5
v -0.0999999 1.3 -3.6
v 0 1.3 -3.6
v 0.0999999 1.3 -3.6
v -0.3 1.3 -3.7
v -0.2 1.3 -3.7
v -0.0999999 1.3 -3.7
v 0 1.3 -3.7
v 0.0999999 1.3 -3.7
v 0.2 1.3 -3.7
v -0.2 1.3 -3.8
v -0.0999999 1.3 -3.8
v 0 1.3 -3.8
v 0.0999999 1.3 -3.8
v 0.2 1.3 -3.8
v -0.0999999 1.3 -3.9
v 0 1.3 -3.9
v 0.0999999 1.3 -3.9
v 0.2 1.3 -3.9
v -0.2 1.4 4.9
v -0.0999999 1.4 4.9
v -0.3 1.4 4.8
v -0.2 1.4 4.8
v -0.0999999 1.4 4.8
v 0 1.4 4.8
v 0.2 1.4 4.8
v 0.3 1.4 4.8
v -0.3 1.4 4.7
v -0.2 1.4 4.7
v -0.0999999 1.4 4.7
v 0 1.4 4.7
v 0.0999999 1.4 4.7
v 0.2 1.4 4.7
v 0.3 1.4 4.7
v -0.3 1.4 4.6
v -0.2 1.4 4.6
v -0.0999999 1.4 4.6
v 0 1.4 4.6
v 0.0999999 1.4 4.6
v -0.0999999 1.4 4.5
v 0 1.4 4.5
v -0.5 1.4 4.1
v -0.4 1.4 4.1
v -0.3 1.4 4.1
v -0.2 1.4 4.1
v 0.2 1.4 4.1
v 0.3 1.4 4.1
v 0.5 1.4 4.1
v -0.5 1.4 4
v -0.4 1.4 4
v -0.3 1.4 4
v -0.2 1.4 4
v 0.2 1.4 4
v 0.3 1.4 4
v 0.4 1.4 4
v -0.6 1.4 3.9
v -0.5 1.4 3.9
v -0.4 1.4 3.9
v 0.4 1.4 3.9
v 0.5 1.4 3.9
v 0.6 1.4 3.9
v -0.7 1.4 3.8
v -0.6 1.4 3.8
v -0.5 1.4 3.8
v 0.5 1.4 3.8
v 0.6 1.4 3.8
v 0.7 1.4 3.8
v -0.8 1.4 3.7
v -0.7 1.4 3.7
v -0.6 1.4 3.7
v 0.6 1.4 3.7
v 0.7 1.4 3.7
v 0.8 1.4 3.7
v -0.8 1.4 3.6
v -0.7 1.4 3.6
v 0.7 1.4 3.6
v 0.8 1.4 3.6
v -0.9 1.4 3.5
v -0.8 1.4 3.5
v -0.7 1.4 3.5
v 0.7 1.4 3.5
v 0.8 1.4 3.5
v 0.9 1.4 3.5
v -1 1.4 3.4
v -0.9 1.4 3.4
v -0.8 1.4 3.4
v 0.8 1.4 3.4
v 0.9 1.4 3.4
v 1 1.4 3.4
v -1 1.4 3.3
v -0.9 1.4 3.3
v 0.9 1.4 3.3
v 1 1.4 3.3
v -1.1 1.4 3.2
v -1 1.4 3.2
v 1 1.4 3.2
v 1.1 1.4 3.2
v -1.2 1.4 3.1
v -1.1 1.4 3.1
v -1 1.4 3.1
v 1 1.4 3.1
v 1.1 1.4 3.1
v 1.2 1.4 3.1
v -1.1 1.4 3
v 1.1 1.4 3
v 1.2 1.4 3
v -1.3 1.4 2.9
v -1.2 1.4 2.9
v -1.1 1.4 2.9
v 1.1 1.4 2.9
v 1.2 1.4 2.9
v 1.3 1.4 2.9
v -1.3 1.4 2.8
v -1.2 1.4 2.8
v 1.2 1.4 2.8
v 1.3 1.4 2.8
v -1.4 1.4 2.7
v -1.3 1.4 2.7
v 1.3 1.4 2.7
v 1.4 1.4 2.7
v -1.4 1.4 2.6
v -1.3 1.4 2.6
v 1.3 1.4 2.6
v 1.4 1.4 2.6
v -1.5 1.4 2.5
v -1.4 1.4 2.5
v 1.4 1.4 2.5
v 1.5 1.4 2.5
v -1.6 1.4 2.4
v -1.5 1.4 2.4
v -1.4 1.4 2.4
v 1.4 1.4 2.4
v 1.5 1.4 2.4
v 1.6 1.4 2.4
v -1.6 1.4 2.3
v -1.5 1.4 2.3
v 1.5 1.4 2.3
v 1.6 1.4 2.3
v -1.7 1.4 2.2
v -1.6 1.4 2.2
v 1.6 1.4 2.2
v 1.7 1.4 2.2
v -1.8 1.4 2.1
v -1.7 1.4 2.1
v -1.6 1.4 2.1
v 1.6 1.4 2.1
v 1.7 1.4 2.1
v 1.8 1.4 2.1
v -1.8 1.4 2
v -1.7 1.4 2
v 1.7 1.4 2
v -1.8 1.4 1.9
v -1.7 1.4 1.9
v 1.7 1.4 1.9
v 1.8 1.4 1.9
v -1.8 1.4 1.8
v -1.7 1.4 1.8
v 1.7 1.4 1.8
v 1.8 1.4 1.8
v 1.7 1.4 1.7
v -1.8 1.4 1.6
v -1.7 1.4 1.6
v 1.7 1.4 1.6
v 1.8 1.4 1.6
v -1.8 1.4 1.5
v -1.7 1.4 1.5
v 1.7 1.4 1.5
v 1.8 1.4 1.5
v -1.8 1.4 1.4
v -1.7 1.4 1.4
v 1.7 1.4 1.4
v -1.8 1.4 1.3
v -1.7 1.4 1.3
v 1.7 1.4 1.3
v 1.8 1.4 1.3
v -1.8 1.4 1.2
v -1.7 1.4 1.2
v 1.7 1.4 1.2
v 1.8 1.4 1.2
v 1.7 1.4 1.1
v -1.8 1.4 1
v -1.7 1.4 1
v -1.8 1.4 0.9
v -1.7 1.4 0.9
v 1.7 1.4 0.9
v 1.8 1.4 0.9
v -1.7 1.4 0.8
v 1.7 1.4 0.8
v 1.8 1.4 0.8
v -1.8 1.4 0.7
v -1.7 1.4 0.7
v -1.8 1.4 0.6
v -1.7 1.4 0.6
v 1.7 1.4 0.6
v 1.8 1.4 0.6
v -1.8 1.4 0.5
v -1.7 1.4 0.5
v 1.7 1.4 0.5
v 1.8 1.4 0.5
v -1.8 1.4 0.4
v -1.7 1.4 0.4
v 1.7 1.4 0.4
v 1.8 1.4 0.4
v 1.7 1.4 0.3
v 1.8 1.4 0.3
v -1.8 1.4 0.2
v -1.7 1.4 0.2
v 1.7 1.4 0.2
v 1.8 1.4 0.2
v -1.8 1.4 0.0999999
v -1.7 1.4 0.0999999
v -1.8 1.4 0
v -1.7 1.4 0
v 1.7 1.4 0
v 1.7 1.4 -0.2
v 1.8 1.4 -0.2
v -1.8 1.4 -0.3
v -1.7 1.4 -0.3
v 1.7 1.4 -0.3
v 1.8 1.4 -0.3
v 1.7 1.4 -0.4
v 1.7 1.4 -0.5
v 1.8 1.4 -0.5
v -1.8 1.4 -0.6
v -1.7 1.4 -0.6
v 1.7 1.4 -0.6
v 1.8 1.4 -0.6
v -1.7 1.4 -0.7
v 1.7 1.4 -0.7
v 1.8 1.4 -0.7
v 1.7 1.4 -0.8
v 1.8 1.4 -0.8
v -1.7 1.4 -0.9
v 1.7 1.4 -0.9
v 1.8 1.4 -0.9
v -1.8 1.4 -1
v -1.7 1.4 -1
v 1.7 1.4 -1
v 1.8 1.4 -1
v -1.8 1.4 -1.1
v -1.7 1.4 -1.1
v 1.7 1.4 -1.1
v -1.8 1.4 -1.3
v -1.7 1.4 -1.3
v 1.7 1.4 -1.3
v 1.8 1.4 -1.3
v -1.8 1.4 -1.4
v -1.7 1.4 -1.4
v 1.7 1.4 -1.4
v 1.8 1.4 -1.4
v -1.8 1.4 -1.5
v -1.7 1.4 -1.5
v 1.7 1.4 -1.5
v 1.8 1.4 -1.5
v -1.8 1.4 -1.6
v -1.7 1.4 -1.6
v 1.7 1.4 -1.6
v 1.8 1.4 -1.6
v -1.8 1.4 -1.7
v -1.7 1.4 -1.7
v 1.7 1.4 -1.7
v 1.8 1.4 -1.7
v -1.8 1.4 -1.8
v -1.7 1.4 -1.8
v 1.7 1.4 -1.8
v 1.7 1.4 -1.9
v 1.8 1.4 -1.9
v -1.8 1.4 -2
v -1.7 1.4 -2
v 1.7 1.4 -2
v 1.8 1.4 -2
v -1.8 1.4 -2.1
v -1.7 1.4 -2.1
v 1.7 1.4 -2.1
v -1.8 1.4 -2.2
v -1.7 1.4 -2.2
v 1.7 1.4 -2.2
v 1.8 1.4 -2.2
v -1.8 1.4 -2.3
v -1.7 1.4 -2.3
v 1.7 1.4 -2.3
v 1.8 1.4 -2.3
v -1.8 1.4 -2.4
v -1.7 1.4 -2.4
v 1.7 1.4 -2.4
v 1.8 1.4 -2.4
v -1.8 1.4 -2.5
v -1.7 1.4 -2.5
v 1.7 1.4 -2.5
v 1.8 1.4 -2.5
v -1.8 1.4 -2.6
v -1.7 1.4 -2.6
v 1.7 1.4 -2.6
v 1.8 1.4 -2.6
v 1.6 1.4 -2.7
v 1.7 1.4 -2.7
v 1.6 1.4 -2.8
v 1.7 1.4 -2.8
v -0.7 1.4 -2.9
v -0.5 1.4 -2.9
v -0.4 1.4 -2.9
v -0.3 1.4 -2.9
v 0.3 1.4 -2.9
v 0.4 1.4 -2.9
v 0.5 1.4 -2.9
v 0.7 1.4 -2.9
v 0.8 1.4 -2.9
v 0.9 1.4 -2.9
v 1 1.4 -2.9
v 1.1 1.4 -2.9
v 1.3 1.4 -2.9
v 1.4 1.4 -2.9
v -0.7 1.4 -3
v -0.4 1.4 -3
v -0.3 1.4 -3
v 0.3 1.4 -3
v 0.4 1.4 -3
v 0.5 1.4 -3
v 0.6 1.4 -3
v 0.8 1.4 -3
v 0.9 1.4 -3
v 1.1 1.4 -3
v 1.3 1.4 -3
v 1.4 1.4 -3
v 0.7 1.4 -3.1
v 0.8 1.4 -3.1
v 0.9 1.4 -3.1
v 1 1.4 -3.1
v 1.1 1.4 -3.1
v 0.6 1.4 -3.2
v 0.7 1.4 -3.2
v 1 1.4 -3.2
v 1.1 1.4 -3.2
v -0.3 1.4 -3.7
v -0.2 1.4 -3.7
v 0.2 1.4 -3.7
v 0.3 1.4 -3.7
v -0.2 1.4 -3.8
v -0.0999999 1.4 -3.8
v 0.2 1.4 -3.8
v 0.3 1.4 -3.8
v -0.3 1.4 -3.9
v -0.0999999 1.4 -3.9
v 0 1.4 -3.9
v 0.0999999 1.4 -3.9
v 0.2 1.4 -3.9
v 0.3 1.4 -3.9
v 0 1.4 -4
v 0.0999999 1.4 -4
v -0.0999999 1.5 5.1
v 0 1.5 5.1
v -0.0999999 1.5 5
v 0 1.5 5
v 0.0999999 1.5 5
v 0.2 1.5 5
v 0.3 1.5 5
v -0.3 1.5 4.9
v -0.2 1.5 4.9
v -0.0999999 1.5 4.9
v 0.0999999 1.5 4.9
v 0.2 1.5 4.9
v 0.3 1.5 4.9
v -0.3 1.5 4.8
v -0.2 1.5 4.8
v -0.0999999 1.5 4.8
v 0 1.5 4.8
v 0.2 1.5 4.8
v 0.3 1.5 4.8
v -0.4 1.5 4.3
v -0.3 1.5 4.3
v 0.3 1.5 4.3
v 0.4 1.5 4.3
v -0.5 1.5 4.2
v -0.4 1.5 4.2
v -0.3 1.5 4.2
v 0.4 1.5 4.2
v 0.5 1.5 4.2
v -0.6 1.5 4.1
v -0.5 1.5 4.1
v -0.4 1.5 4.1
v -0.3 1.5 4.1
v 0.3 1.5 4.1
v 0.5 1.5 4.1
v 0.6 1.5 4.1
v -0.7 1.5 4
v -0.6 1.5 4
v -0.5 1.5 4
v 0.5 1.5 4
v 0.6 1.5 4
v 0.7 1.5 4
v -0.6 1.5 3.9
v -0.5 1.5 3.9
v 0.5 1.5 3.9
v 0.6 1.5 3.9
v -0.8 1.5 3.8
v -0.7 1.5 3.8
v -0.6 1.5 3.8
v 0.6 1.5 3.8
v 0.7 1.5 3.8
v 0.8 1.5 3.8
v -0.9 1.5 3.7
v -0.8 1.5 3.7
v -0.7 1.5 3.7
v 0.7 1.5 3.7
v 0.8 1.5 3.7
v 0.9 1.5 3.7
v -0.8 1.5 3.6
v 0.8 1.5 3.6
v -1 1.5 3.5
v -0.9 1.5 3.5
v -0.8 1.5 3.5
v 0.8 1.5 3.5
v 0.9 1.5 3.5
v 1 1.5 3.5
v -1 1.5 3.4
v -0.9 1.5 3.4
v 0.9 1.5 3.4
v 1 1.5 3.4
v -1.1 1.5 3.3
v -1 1.5 3.3
v 1 1.5 3.3
v 1.1 1.5 3.3
v -1.2 1.5 3.2
v -1.1 1.5 3.2
v -1 1.5 3.2
v 1 1.5 3.2
v 1.1 1.5 3.2
v 1.2 1.5 3.2
v -1.2 1.5 3.1
v -1.1 1.5 3.1
v 1.1 1.5 3.1
v 1.2 1.5 3.1
v -1.3 1.5 3
v -1.2 1.5 3
v 1.2 1.5 3
v 1.3 1.5 3
v -1.3 1.5 2.9
v -1.2 1.5 2.9
v 1.2 1.5 2.9
v 1.3 1.5 2.9
v -1.4 1.5 2.8
v -1.3 1.5 2.8
v 1.3 1.5 2.8
v 1.4 1.5 2.8
v -1.4 1.5 2.7
v -1.3 1.5 2.7
v 1.3 1.5 2.7
v 1.4 1.5 2.7
v -1.5 1.5 2.6
v -1.4 1.5 2.6
v 1.4 1.5 2.6
v 1.5 1.5 2.6
v -1.5 1.5 2.5
v -1.4 1.5 2.5
v 1.4 1.5 2.5
v 1.5 1.5 2.5
v -1.7 1.5 2.3
v -1.6 1.5 2.3
v 1.6 1.5 2.3
v 1.7 1.5 2.3
v -1.7 1.5 2.2
v -1.6 1.5 2.2
v 1.6 1.5 2.2
v 1.7 1.5 2.2
v -1.9 1.5 1.9
v -1.8 1.5 1.9
v 1.8 1.5 1.9
v 1.9 1.5 1.9
v -1.9 1.5 1.8
v -1.8 1.5 1.8
v 1.8 1.5 1.8
v 1.9 1.5 1.8
v -1.8 1.5 1.5
v -1.7 1.5 1.5
v -1.8 1.5 1.4
v -1.7 1.5 1.4
v -0.7 1.5 -3
v -0.4 1.5 -3
v -0.3 1.5 -3
v 0.3 1.5 -3
v 0.4 1.5 -3
v 0.5 1.5 -3
v 0.6 1.5 -3
v 1.1 1.5 -3
v 1.2 1.5 -3
v 1.3 1.5 -3
v -0.7 1.5 -3.1
v -0.6 1.5 -3.1
v -0.5 1.5 -3.1
v -0.4 1.5 -3.1
v -0.3 1.5 -3.1
v 0.3 1.5 -3.1
v 0.4 1.5 -3.1
v 0.6 1.5 -3.1
v 1.1 1.5 -3.1
v 1.2 1.5 -3.1
v 1.3 1.5 -3.1
v -0.7 1.5 -3.2
v -0.6 1.5 -3.2
v -0.5 1.5 -3.2
v -0.3 1.5 -3.2
v 0.3 1.5 -3.2
v 0.4 1.5 -3.2
v 0.6 1.5 -3.2
v 1.1 1.5 -3.2
v 1.2 1.5 -3.2
v 0.0999999 1.5 -3.9
v 0.2 1.5 -3.9
v 0.0999999 1.5 -4
v 0.2 1.5 -4
v 0 1.6 5.1
v 0.0999999 1.6 5.1
v 0.2 1.6 5.1
v 0.3 1.6 5.1
v -0.2 1.6 5
v -0.0999999 1.6 5
v 0 1.6 5
v 0.0999999 1.6 5
v 0.2 1.6 5
v 0.3 1.6 5
v -0.2 1.6 4.9
v -0.0999999 1.6 4.9
v -0.4 1.6 4.5
v -0.3 1.6 4.5
v 0.3 1.6 4.5
v 0.4 1.6 4.5
v -0.5 1.6 4.4
v -0.4 1.6 4.4
v -0.3 1.6 4.4
v 0.4 1.6 4.4
v 0.5 1.6 4.4
v -0.5 1.6 4.3
v -0.4 1.6 4.3
v -0.3 1.6 4.3
v 0.3 1.6 4.3
v 0.4 1.6 4.3
v -0.6 1.6 4.2
v -0.5 1.6 4.2
v -0.4 1.6 4.2
v 0.4 1.6 4.2
v 0.5 1.6 4.2
v 0.6 1.6 4.2
v -0.7 1.6 4.1
v -0.6 1.6 4.1
v -0.5 1.6 4.1
v 0.5 1.6 4.1
v 0.6 1.6 4.1
v 0.7 1.6 4.1
v -0.7 1.6 4
v -0.6 1.6 4
v 0.6 1.6 4
v 0.7 1.6 4
v -0.8 1.6 3.9
v -0.7 1.6 3.9
v 0.7 1.6 3.9
v 0.8 1.6 3.9
v -0.9 1.6 3.8
v -0.8 1.6 3.8
v -0.7 1.6 3.8
v 0.7 1.6 3.8
v 0.8 1.6 3.8
v 0.9 1.6 3.8
v -0.9 1.6 3.7
v -0.8 1.6 3.7
v 0.8 1.6 3.7
v 0.9 1.6 3.7
v -1 1.6 3.6
v -0.9 1.6 3.6
v 0.9 1.6 3.6
v 1 1.6 3.6
v -1 1.6 3.5
v -0.9 1.6 3.5
v 0.9 1.6 3.5
v 1 1.6 3.5
v -1.1 1.6 3.4
v -1 1.6 3.4
v 1 1.6 3.4
v 1.1 1.6 3.4
v -1.2 1.6 3.3
v -1.1 1.6 3.3
v -1 1.6 3.3
v 1 1.6 3.3
v 1.1 1.6 3.3
v 1.2 1.6 3.3
v -1.2 1.6 3.2
v -1.1 1.6 3.2
v 1.1 1.6 3.2
v 1.2 1.6 3.2
v -1.3 1.6 3.1
v -1.2 1.6 3.1
v 1.2 1.6 3.1
v 1.3 1.6 3.1
v -1.3 1.6 3
v -1.2 1.6 3
v 1.2 1.6 3
v 1.3 1.6 3
v -1.4 1.6 2.9
v -1.3 1.6 2.9
v 1.3 1.6 2.9
v 1.4 1.6 2.9
v -1.4 1.6 2.8
v -1.3 1.6 2.8
v 1.3 1.6 2.8
v 1.4 1.6 2.8
v -1.5 1.6 2.7
v -1.4 1.6 2.7
v 1.4 1.6 2.7
v 1.5 1.6 2.7
v -1.5 1.6 2.6
v -1.4 1.6 2.6
v 1.4 1.6 2.6
v 1.5 1.6 2.6
v -1.6 1.6 2.5
v -1.5 1.6 2.5
v 1.5 1.6 2.5
v 1.6 1.6 2.5
v -1.6 1.6 2.4
v -1.5 1.6 2.4
v 1.5 1.6 2.4
v 1.6 1.6 2.4
v -1.9 1.6 2.1
v -1.8 1.6 2.1
v 1.8 1.6 2.1
v 1.9 1.6 2.1
v -1.9 1.6 2
v -1.8 1.6 2
v -1.9 1.6 1.9
v -1.8 1.6 1.9
v 1.8 1.6 1.9
v 1.9 1.6 1.9
v -1.9 1.6 1.8
v -1.8 1.6 1.8
v 1.8 1.6 1.8
v 1.9 1.6 1.8
v -1.9 1.6 1.7
v -1.8 1.6 1.7
v 1.8 1.6 1.7
v 1.9 1.6 1.7
v -1.9 1.6 1.6
v -1.8 1.6 1.6
v 1.8 1.6 1.6
v 1.9 1.6 1.6
v -1.8 1.6 1.5
v 1.8 1.6 1.5
v 1.9 1.6 1.5
v -1.9 1.6 1.4
v -1.8 1.6 1.4
v 1.8 1.6 1.4
v -1.9 1.6 1.3
v -1.8 1.6 1.3
v 1.8 1.6 1.3
v -1.9 1.6 1.2
v -1.8 1.6 1.2
v 1.8 1.6 1.2
v 1.9 1.6 1.2
v -1.8 1.6 1.1
v -1.7 1.6 1.1
v -1.6 1.6 1.1
v -1.5 1.6 1.1
v -1.4 1.6 1.1
v -1.3 1.6 1.1
v -1.1 1.6 1.1
v -1 1.6 1.1
v -0.9 1.6 1.1
v -0.8 1.6 1.1
v -0.6 1.6 1.1
v -0.4 1.6 1.1
v -0.3 1.6 1.1
v -0.2 1.6 1.1
v -0.0999999 1.6 1.1
v 0 1.6 1.1
v 0.0999999 1.6 1.1
v 0.2 1.6 1.1
v 0.3 1.6 1.1
v 0.4 1.6 1.1
v 0.5 1.6 1.1
v 0.6 1.6 1.1
v 0.7 1.6 1.1
v 0.8 1.6 1.1
v 0.9 1.6 1.1
v 1 1.6 1.1
v 1.1 1.6 1.1
v 1.2 1.6 1.1
v 1.3 1.6 1.1
v 1.6 1.6 1.1
v 1.8 1.6 1.1
v -1.9 1.6 1
v -1.8 1.6 1
v -1.7 1.6 1
v -1.6 1.6 1
v -1.4 1.6 1
v -1.3 1.6 1
v -1.2 1.6 1
v -1.1 1.6 1
v -0.9 1.6 1
v -0.8 1.6 1
v -0.7 1.6 1
v -0.6 1.6 1
v -0.5 1.6 1
v -0.4 1.6 1
v -0.3 1.6 1
v -0.2 1.6 1
v -0.0999999 1.6 1
v 0 1.6 1
v 0.0999999 1.6 1
v 0.2 1.6 1
v 0.3 1.6 1
v 0.4 1.6 1
v 0.5 1.6 1
v 0.6 1.6 1
v 0.7 1.6 1
v 0.9 1.6 1
v 1 1.6 1
v 1.1 1.6 1
v 1.2 1.6 1
v 1.3 1.6 1
v 1.6 1.6 1
v 1.8 1.6 1
v -1.9 1.6 0.9
v -1.8 1.6 0.9
v -1.7 1.6 0.9
v -1.6 1.6 0.9
v -1.5 1.6 0.9
v -1.4 1.6 0.9
v -1.3 1.6 0.9
v -1.2 1.6 0.9
v -1.1 1.6 0.9
v -1 1.6 0.9
v -0.9 1.6 0.9
v -0.5 1.6 0.9
v -0.2 1.6 0.9
v -0.0999999 1.6 0.9
v 0 1.6 0.9
v 0.0999999 1.6 0.9
v 0.2 1.6 0.9
v 0.3 1.6 0.9
v 0.4 1.6 0.9
v 0.5 1.6 0.9
v 0.6 1.6 0.9
v 0.7 1.6 0.9
v 0.9 1.6 0.9
v 1 1.6 0.9
v 1.1 1.6 0.9
v 1.2 1.6 0.9
v 1.3 1.6 0.9
v 1.5 1.6 0.9
v 1.6 1.6 0.9
v 1.8 1.6 0.9
v 1.9 1.6 0.9
v -1.9 1.6 0.8
v -1.8 1.6 0.8
v -1.6 1.6 0.8
v -1.5 1.6 0.8
v -1.4 1.6 0.8
v -1.3 1.6 0.8
v -1.2 1.6 0.8
v -1.1 1.6 0.8
v -1 1.6 0.8
v -0.9 1.6 0.8
v -0.8 1.6 0.8
v -0.7 1.6 0.8
v -0.6 1.6 0.8
v -0.5 1.6 0.8
v -0.3 1.6 0.8
v -0.2 1.6 0.8
v -0.0999999 1.6 0.8
v 0 1.6 0.8
v 0.0999999 1.6 0.8
v 0.2 1.6 0.8
v 0.3 1.6 0.8
v 0.4 1.6 0.8
v 0.5 1.6 0.8
v 0.6 1.6 0.8
v 0.7 1.6 0.8
v 0.8 1.6 0.8
v 0.9 1.6 0.8
v 1 1.6 0.8
v 1.1 1.6 0.8
v 1.3 1.6 0.8
v 1.5 1.6 0.8
v 1.6 1.6 0.8
v 1.8 1.6 0.8
v 1.9 1.6 0.8
v -1.9 1.6 0.7
v -1.8 1.6 0.7
v -1.7 1.6 0.7
v -1.6 1.6 0.7
v -1.5 1.6 0.7
v -1.4 1.6 0.7
v -1.3 1.6 0.7
v -1.2 1.6 0.7
v -1.1 1.6 0.7
v -0.8 1.6 0.7
v -0.7 1.6 0.7
v -0.6 1.6 0.7
v -0.5 1.6 0.7
v -0.4 1.6 0.7
v -0.3 1.6 0.7
v -0.2 1.6 0.7
v -0.0999999 1.6 0.7
v 0 1.6 0.7
v 0.0999999 1.6 0.7
v 0.2 1.6 0.7
v 0.3 1.6 0.7
v 0.4 1.6 0.7
v 0.5 1.6 0.7
v 0.6 1.6 0.7
v 0.7 1.6 0.7
v 0.8 1.6 0.7
v 0.9 1.6 0.7
v 1 1.6 0.7
v 1.1 1.6 0.7
v 1.3 1.6 0.7
v 1.4 1.6 0.7
v 1.5 1.6 0.7
v 1.8 1.6 0.7
v 1.9 1.6 0.7
v -1.9 1.6 0.6
v -1.8 1.6 0.6
v -1.7 1.6 0.6
v -1.6 1.6 0.6
v -1.5 1.6 0.6
v -1.4 1.6 0.6
v -1.3 1.6 0.6
v -1.2 1.6 0.6
v -1.1 1.6 0.6
v -1 1.6 0.6
v -0.7 1.6 0.6
v -0.4 1.6 0.6
v 0 1.6 0.6
v 0.2 1.6 0.6
v 0.3 1.6 0.6
v 0.4 1.6 0.6
v 0.7 1.6 0.6
v 0.9 1.6 0.6
v 1 1.6 0.6
v 1.1 1.6 0.6
v 1.3 1.6 0.6
v 1.4 1.6 0.6
v 1.5 1.6 0.6
v 1.6 1.6 0.6
v 1.8 1.6 0.6
v 1.9 1.6 0.6
v -1.9 1.6 0.5
v -1.8 1.6 0.5
v 1.8 1.6 0.5
v 1.9 1.6 0.5
v -1.9 1.6 0.4
v -1.8 1.6 0.4
v 1.8 1.6 0.4
v 1.9 1.6 0.4
v -1.9 1.6 0.3
v -1.8 1.6 0.3
v 1.8 1.6 0.3
v -1.9 1.6 0.2
v -1.8 1.6 0.2
v 1.8 1.6 0.2
v 1.9 1.6 0.2
v -1.9 1.6 0.0999999
v -1.8 1.6 0.0999999
v 1.8 1.6 0.0999999
v 1.9 1.6 0.0999999
v -1.9 1.6 0
v -1.8 1.6 0
v 1.8 1.6 0
v -1.8 1.6 -0.0999999
v 1.8 1.6 -0.0999999
v 1.9 1.6 -0.0999999
v -1.9 1.6 -0.2
v -1.8 1.6 -0.2
v 1.8 1.6 -0.2
v 1.9 1.6 -0.2
v -1.9 1.6 -0.3
v -1.8 1.6 -0.3
v 1.8 1.6 -0.3
v 1.9 1.6 -0.3
v -1.8 1.6 -0.4
v 1.8 1.6 -0.4
v -1.7 1.6 -0.5
v -1.5 1.6 -0.5
v -1.4 1.6 -0.5
v -1.3 1.6 -0.5
v -1.1 1.6 -0.5
v -0.8 1.6 -0.5
v -0.7 1.6 -0.5
v -0.6 1.6 -0.5
v -0.5 1.6 -0.5
v -0.3 1.6 -0.5
v -0.2 1.6 -0.5
v 0 1.6 -0.5
v 0.0999999 1.6 -0.5
v 0.2 1.6 -0.5
v 0.3 1.6 -0.5
v 0.5 1.6 -0.5
v 0.6 1.6 -0.5
v 0.7 1.6 -0.5
v 0.8 1.6 -0.5
v 0.9 1.6 -0.5
v 1 1.6 -0.5
v 1.1 1.6 -0.5
v 1.2 1.6 -0.5
v 1.3 1.6 -0.5
v 1.5 1.6 -0.5
v 1.6 1.6 -0.5
v 1.8 1.6 -0.5
v 1.9 1.6 -0.5
v -1.9 1.6 -0.6
v -1.8 1.6 -0.6
v -1.7 1.6 -0.6
v -1.5 1.6 -0.6
v -1.4 1.6 -0.6
v -1.3 1.6 -0.6
v -1.2 1.6 -0.6
v -1.1 1.6 -0.6
v -1 1.6 -0.6
v -0.9 1.6 -0.6
v -0.8 1.6 -0.6
v -0.6 1.6 -0.6
v -0.5 1.6 -0.6
v -0.4 1.6 -0.6
v -0.3 1.6 -0.6
v -0.2 1.6 -0.6
v -0.0999999 1.6 -0.6
v 0 1.6 -0.6
v 0.0999999 1.6 -0.6
v 0.2 1.6 -0.6
v 0.3 1.6 -0.6
v 0.4 1.6 -0.6
v 0.5 1.6 -0.6
v 0.6 1.6 -0.6
v 0.7 1.6 -0.6
v 0.8 1.6 -0.6
v 0.9 1.6 -0.6
v 1.2 1.6 -0.6
v 1.3 1.6 -0.6
v 1.4 1.6 -0.6
v 1.5 1.6 -0.6
v 1.6 1.6 -0.6
v 1.8 1.6 -0.6
v -1.8 1.6 -0.7
v -1.7 1.6 -0.7
v -1.6 1.6 -0.7
v -1.5 1.6 -0.7
v -1.4 1.6 -0.7
v -1.2 1.6 -0.7
v -1.1 1.6 -0.7
v -1 1.6 -0.7
v -0.9 1.6 -0.7
v -0.8 1.6 -0.7
v -0.7 1.6 -0.7
v -0.6 1.6 -0.7
v -0.5 1.6 -0.7
v -0.4 1.6 -0.7
v -0.3 1.6 -0.7
v -0.2 1.6 -0.7
v -0.0999999 1.6 -0.7
v 0 1.6 -0.7
v 0.2 1.6 -0.7
v 0.4 1.6 -0.7
v 0.5 1.6 -0.7
v 0.6 1.6 -0.7
v 0.7 1.6 -0.7
v 0.9 1.6 -0.7
v 1 1.6 -0.7
v 1.1 1.6 -0.7
v 1.2 1.6 -0.7
v 1.3 1.6 -0.7
v 1.4 1.6 -0.7
v 1.5 1.6 -0.7
v 1.6 1.6 -0.7
v 1.8 1.6 -0.7
v -1.8 1.6 -0.8
v -1.7 1.6 -0.8
v -1.6 1.6 -0.8
v -1.5 1.6 -0.8
v -1.4 1.6 -0.8
v -1.3 1.6 -0.8
v -1.2 1.6 -0.8
v -1 1.6 -0.8
v -0.9 1.6 -0.8
v -0.8 1.6 -0.8
v -0.7 1.6 -0.8
v -0.6 1.6 -0.8
v -0.2 1.6 -0.8
v -0.0999999 1.6 -0.8
v 0 1.6 -0.8
v 0.0999999 1.6 -0.8
v 0.2 1.6 -0.8
v 0.5 1.6 -0.8
v 0.9 1.6 -0.8
v 1 1.6 -0.8
v 1.1 1.6 -0.8
v 1.2 1.6 -0.8
v 1.3 1.6 -0.8
v 1.5 1.6 -0.8
v 1.6 1.6 -0.8
v 1.8 1.6 -0.8
v 1.9 1.6 -0.8
v -1.9 1.6 -0.9
v -1.8 1.6 -0.9
v -1.7 1.6 -0.9
v -1.6 1.6 -0.9
v -1.5 1.6 -0.9
v -1.4 1.6 -0.9
v -1.3 1.6 -0.9
v -1.2 1.6 -0.9
v -1.1 1.6 -0.9
v -0.9 1.6 -0.9
v -0.8 1.6 -0.9
v -0.7 1.6 -0.9
v -0.6 1.6 -0.9
v -0.5 1.6 -0.9
v -0.4 1.6 -0.9
v -0.3 1.6 -0.9
v -0.2 1.6 -0.9
v -0.0999999 1.6 -0.9
v 0.0999999 1.6 -0.9
v 0.2 1.6 -0.9
v 0.3 1.6 -0.9
v 0.4 1.6 -0.9
v 0.5 1.6 -0.9
v 0.6 1.6 -0.9
v 0.7 1.6 -0.9
v 0.8 1.6 -0.9
v 0.9 1.6 -0.9
v 1 1.6 -0.9
v 1.1 1.6 -0.9
v 1.3 1.6 -0.9
v 1.4 1.6 -0.9
v 1.5 1.6 -0.9
v 1.6 1.6 -0.9
v 1.8 1.6 -0.9
v 1.9 1.6 -0.9
v -1.9 1.6 -1
v -1.8 1.6 -1
v -1.7 1.6 -1
v -1.6 1.6 -1
v -1.5 1.6 -1
v -1.4 1.6 -1
v -1.3 1.6 -1
v -1.1 1.6 -1
v -1 1.6 -1
v -0.9 1.6 -1
v -0.7 1.6 -1
v -0.5 1.6 -1
v -0.4 1.6 -1
v -0.3 1.6 -1
v -0.2 1.6 -1
v -0.0999999 1.6 -1
v 0.0999999 1.6 -1
v 0.3 1.6 -1
v 0.4 1.6 -1
v 0.6 1.6 -1
v 0.8 1.6 -1
v 0.9 1.6 -1
v 1 1.6 -1
v 1.3 1.6 -1
v 1.4 1.6 -1
v 1.5 1.6 -1
v 1.6 1.6 -1
v 1.8 1.6 -1
v 1.9 1.6 -1
v -1.9 1.6 -1.1
v -1.8 1.6 -1.1
v 1.8 1.6 -1.1
v -1.9 1.6 -1.2
v -1.8 1.6 -1.2
v 1.8 1.6 -1.2
v -1.9 1.6 -1.3
v -1.8 1.6 -1.3
v 1.8 1.6 -1.3
v 1.9 1.6 -1.3
v -1.8 1.6 -1.4
v 1.8 1.6 -1.4
v 1.9 1.6 -1.4
v -1.8 1.6 -1.5
v 1.8 1.6 -1.5
v 1.9 1.6 -1.5
v -1.9 1.6 -1.6
v -1.8 1.6 -1.6
v 1.8 1.6 -1.6
v 1.9 1.6 -1.6
v 1.8 1.6 -1.7
v 1.9 1.6 -1.7
v -1.9 1.6 -1.8
v -1.8 1.6 -1.8
v -1.7 1.6 -1.8
v -1.5 1.6 -1.8
v -1.2 1.6 -1.8
v -1.1 1.6 -1.8
v -0.9 1.6 -1.8
v -0.8 1.6 -1.8
v -0.7 1.6 -1.8
v -0.6 1.6 -1.8
v -0.5 1.6 -1.8
v -0.3 1.6 -1.8
v -0.2 1.6 -1.8
v -0.0999999 1.6 -1.8
v 0 1.6 -1.8
v 0.0999999 1.6 -1.8
v 0.2 1.6 -1.8
v 0.3 1.6 -1.8
v 0.4 1.6 -1.8
v 0.6 1.6 -1.8
v 0.7 1.6 -1.8
v 0.8 1.6 -1.8
v 0.9 1.6 -1.8
v 1 1.6 -1.8
v 1.1 1.6 -1.8
v 1.2 1.6 -1.8
v 1.6 1.6 -1.8
v 1.8 1.6 -1.8
v 1.9 1.6 -1.8
v -1.9 1.6 -1.9
v -1.8 1.6 -1.9
v -1.7 1.6 -1.9
v -1.6 1.6 -1.9
v -1.5 1.6 -1.9
v -1.4 1.6 -1.9
v -1.3 1.6 -1.9
v -1.2 1.6 -1.9
v -1 1.6 -1.9
v -0.9 1.6 -1.9
v -0.8 1.6 -1.9
v -0.7 1.6 -1.9
v -0.5 1.6 -1.9
v -0.3 1.6 -1.9
v -0.0999999 1.6 -1.9
v 0 1.6 -1.9
v 0.0999999 1.6 -1.9
v 0.2 1.6 -1.9
v 0.3 1.6 -1.9
v 0.4 1.6 -1.9
v 0.5 1.6 -1.9
v 0.6 1.6 -1.9
v 0.7 1.6 -1.9
v 0.8 1.6 -1.9
v 0.9 1.6 -1.9
v 1 1.6 -1.9
v 1.1 1.6 -1.9
v 1.4 1.6 -1.9
v 1.6 1.6 -1.9
v 1.8 1.6 -1.9
v 1.9 1.6 -1.9
v -1.9 1.6 -2
v -1.8 1.6 -2
v -1.7 1.6 -2
v -1.6 1.6 -2
v -1.5 1.6 -2
v -1.4 1.6 -2
v -1.3 1.6 -2
v -1.2 1.6 -2
v -1.1 1.6 -2
v -1 1.6 -2
v -0.9 1.6 -2
v -0.8 1.6 -2
v -0.6 1.6 -2
v -0.5 1.6 -2
v -0.4 1.6 -2
v -0.3 1.6 -2
v -0.2 1.6 -2
v -0.0999999 1.6 -2
v 0 1.6 -2
v 0.2 1.6 -2
v 0.3 1.6 -2
v 0.4 1.6 -2
v 0.5 1.6 -2
v 0.6 1.6 -2
v 0.7 1.6 -2
v 0.8 1.6 -2
v 1 1.6 -2
v 1.1 1.6 -2
v 1.2 1.6 -2
v 1.4 1.6 -2
v 1.5 1.6 -2
v 1.6 1.6 -2
v -1.9 1.6 -2.1
v -1.8 1.6 -2.1
v -1.7 1.6 -2.1
v -1.6 1.6 -2.1
v -1.3 1.6 -2.1
v -1.2 1.6 -2.1
v -1.1 1.6 -2.1
v -1 1.6 -2.1
v -0.9 1.6 -2.1
v -0.8 1.6 -2.1
v -0.5 1.6 -2.1
v -0.4 1.6 -2.1
v -0.3 1.6 -2.1
v -0.2 1.6 -2.1
v -0.0999999 1.6 -2.1
v 0.0999999 1.6 -2.1
v 0.2 1.6 -2.1
v 0.3 1.6 -2.1
v 0.4 1.6 -2.1
v 0.5 1.6 -2.1
v 0.6 1.6 -2.1
v 0.7 1.6 -2.1
v 0.8 1.6 -2.1
v 0.9 1.6 -2.1
v 1 1.6 -2.1
v 1.1 1.6 -2.1
v 1.2 1.6 -2.1
v 1.3 1.6 -2.1
v 1.4 1.6 -2.1
v 1.5 1.6 -2.1
v 1.6 1.6 -2.1
v 1.8 1.6 -2.1
v 1.9 1.6 -2.1
v -1.7 1.6 -2.2
v -1.6 1.6 -2.2
v -1.4 1.6 -2.2
v -1.3 1.6 -2.2
v -1.2 1.6 -2.2
v -1.1 1.6 -2.2
v -1 1.6 -2.2
v -0.9 1.6 -2.2
v -0.8 1.6 -2.2
v -0.5 1.6 -2.2
v -0.4 1.6 -2.2
v -0.3 1.6 -2.2
v -0.2 1.6 -2.2
v 0.0999999 1.6 -2.2
v 0.3 1.6 -2.2
v 0.4 1.6 -2.2
v 0.6 1.6 -2.2
v 0.7 1.6 -2.2
v 0.8 1.6 -2.2
v 0.9 1.6 -2.2
v 1 1.6 -2.2
v 1.1 1.6 -2.2
v 1.5 1.6 -2.2
v 1.6 1.6 -2.2
v 1.8 1.6 -2.2
v -1.9 1.6 -2.3
v -1.8 1.6 -2.3
v -1.7 1.6 -2.3
v -1.6 1.6 -2.3
v -1.5 1.6 -2.3
v -1.4 1.6 -2.3
v -1.3 1.6 -2.3
v -1.2 1.6 -2.3
v -1.1 1.6 -2.3
v -0.9 1.6 -2.3
v -0.8 1.6 -2.3
v -0.5 1.6 -2.3
v -0.4 1.6 -2.3
v -0.3 1.6 -2.3
v -0.2 1.6 -2.3
v -0.0999999 1.6 -2.3
v 0.0999999 1.6 -2.3
v 0.3 1.6 -2.3
v 0.7 1.6 -2.3
v 0.9 1.6 -2.3
v 1.1 1.6 -2.3
v 1.3 1.6 -2.3
v 1.4 1.6 -2.3
v 1.5 1.6 -2.3
v 1.6 1.6 -2.3
v 1.8 1.6 -2.3
v 1.9 1.6 -2.3
v -1.9 1.6 -2.4
v -1.8 1.6 -2.4
v 1.8 1.6 -2.4
v 1.9 1.6 -2.4
v -1.9 1.6 -2.5
v -1.8 1.6 -2.5
v 1.8 1.6 -2.5
v 1.9 1.6 -2.5
v 0 1.6 -3.9
v 0.0999999 1.6 -3.9
v 0 1.6 -4
v 0.0999999 1.6 -4
v -0.3 1.7 5.1
v -0.2 1.7 5.1
v -0.0999999 1.7 5.1
v -0.2 1.7 5
v -0.0999999 1.7 5
v -0.3 1.7 4.9
v -0.2 1.7 4.9
v -0.4 1.7 4.7
v -0.3 1.7 4.7
v 0.3 1.7 4.7
v 0.4 1.7 4.7
v -0.3 1.7 4.6
v 0.3 1.7 4.6
v -0.5 1.7 4.5
v -0.4 1.7 4.5
v -0.3 1.7 4.5
v 0.3 1.7 4.5
v 0.4 1.7 4.5
v 0.5 1.7 4.5
v -0.6 1.7 4.4
v -0.5 1.7 4.4
v -0.4 1.7 4.4
v 0.4 1.7 4.4
v 0.5 1.7 4.4
v 0.6 1.7 4.4
v -0.5 1.7 4.3
v -0.7 1.7 4.2
v -0.6 1.7 4.2
v -0.5 1.7 4.2
v 0.5 1.7 4.2
v 0.6 1.7 4.2
v 0.7 1.7 4.2
v -0.8 1.7 4.1
v -0.7 1.7 4.1
v -0.6 1.7 4.1
v 0.6 1.7 4.1
v 0.7 1.7 4.1
v 0.8 1.7 4.1
v -0.7 1.7 4
v 0.7 1.7 4
v -0.9 1.7 3.9
v -0.8 1.7 3.9
v -0.7 1.7 3.9
v 0.7 1.7 3.9
v 0.8 1.7 3.9
v 0.9 1.7 3.9
v -0.9 1.7 3.8
v -0.8 1.7 3.8
v 0.8 1.7 3.8
v 0.9 1.7 3.8
v -1 1.7 3.7
v -0.9 1.7 3.7
v 0.9 1.7 3.7
v 1 1.7 3.7
v -1 1.7 3.6
v -0.9 1.7 3.6
v 0.9 1.7 3.6
v 1 1.7 3.6
v -1.1 1.7 3.5
v -1 1.7 3.5
v 1 1.7 3.5
v 1.1 1.7 3.5
v -1.1 1.7 3.4
v -1 1.7 3.4
v 1 1.7 3.4
v 1.1 1.7 3.4
v -1.4 1.7 3
v -1.3 1.7 3
v 1.3 1.7 3
v 1.4 1.7 3
v -1.4 1.7 2.9
v -1.3 1.7 2.9
v 1.3 1.7 2.9
v 1.4 1.7 2.9
v -1.5 1.7 2.8
v -1.4 1.7 2.8
v 1.4 1.7 2.8
v 1.5 1.7 2.8
v -1.5 1.7 2.7
v -1.4 1.7 2.7
v 1.4 1.7 2.7
v 1.5 1.7 2.7
v -1.6 1.7 2.6
v -1.5 1.7 2.6
v 1.5 1.7 2.6
v 1.6 1.7 2.6
v -1.6 1.7 2.5
v -1.5 1.7 2.5
v 1.5 1.7 2.5
v 1.6 1.7 2.5
v -1.7 1.7 2.4
v -1.6 1.7 2.4
v 1.6 1.7 2.4
v 1.7 1.7 2.4
v -1.7 1.7 2.3
v -1.6 1.7 2.3
v 1.6 1.7 2.3
v 1.7 1.7 2.3
v -1.8 1.7 2.2
v -1.7 1.7 2.2
v 1.7 1.7 2.2
v 1.8 1.7 2.2
v -1.8 1.7 2.1
v -1.7 1.7 2.1
v 1.7 1.7 2.1
v 1.8 1.7 2.1
v 1.9 1.7 2.1
v 2 1.7 2.1
v -2 1.7 2
v -1.9 1.7 2
v -1.9 1.7 1.9
v 1.9 1.7 1.9
v -2 1.7 1.7
v -1.9 1.7 1.7
v 1.9 1.7 1.7
v -2 1.7 1.6
v -1.9 1.7 1.6
v 1.9 1.7 1.6
v 1.9 1.7 1.5
v -1.9 1.7 1.4
v -1.9 1.7 1.3
v -1.9 1.7 1.2
v 1.9 1.7 1.2
v -1.9 1.7 1
v -1.9 1.7 0.9
v 1.9 1.7 0.9
v -1.9 1.7 0.8
v 1.9 1.7 0.8
v -1.9 1.7 0.7
v 1.9 1.7 0.7
v -1.9 1.7 0.6
v 1.9 1.7 0.6
v -1.9 1.7 0.5
v 1.9 1.7 0.5
v -1.9 1.7 0.4
v 1.9 1.7 0.4
v -1.9 1.7 0.3
v -1.9 1.7 0.2
v 1.9 1.7 0.2
v -1.9 1.7 0.0999999
v 1.9 1.7 0.0999999
v -1.9 1.7 0
v 1.9 1.7 -0.0999999
v -1.9 1.7 -0.2
v 1.9 1.7 -0.2
v -1.9 1.7 -0.3
v 1.9 1.7 -0.3
v 1.9 1.7 -0.5
v -1.9 1.7 -0.6
v 1.9 1.7 -0.8
v -1.9 1.7 -0.9
v 1.9 1.7 -0.9
v -1.9 1.7 -1
v 1.9 1.7 -1
v -1.9 1.7 -1.1
v -1.9 1.7 -1.2
v -1.9 1.7 -1.3
v 1.9 1.7 -1.3
v 1.9 1.7 -1.4
v 1.9 1.7 -1.5
v -1.9 1.7 -1.6
v 1.9 1.7 -1.6
v 1.9 1.7 -1.7
v -1.9 1.7 -1.8
v 1.9 1.7 -1.8
v -1.9 1.7 -1.9
v 1.9 1.7 -1.9
v -1.9 1.7 -2
v -1.9 1.7 -2.1
v 1.9 1.7 -2.1
v -1.9 1.7 -2.3
v 1.9 1.7 -2.3
v -2 1.7 -2.4
v -1.9 1.7 -2.4
v 1.9 1.7 -2.4
v 2 1.7 -2.4
v -0.2 1.8 5.2
v -0.0999999 1.8 5.2
v 0 1.8 5.2
v 0.0999999 1.8 5.2
v 0.2 1.8 5.2
v 0.3 1.8 5.2
v -0.2 1.8 5.1
v -0.0999999 1.8 5.1
v 0 1.8 5.1
v 0.0999999 1.8 5.1
v 0.2 1.8 5.1
v 0.3 1.8 5.1
v -0.4 1.8 4.8
v -0.3 1.8 4.8
v 0.3 1.8 4.8
v 0.4 1.8 4.8
v -0.5 1.8 4.7
v -0.4 1.8 4.7
v -0.3 1.8 4.7
v 0.3 1.8 4.7
v 0.4 1.8 4.7
v 0.5 1.8 4.7
v -0.5 1.8 4.6
v -0.4 1.8 4.6
v 0.4 1.8 4.6
v 0.5 1.8 4.6
v -0.6 1.8 4.5
v -0.5 1.8 4.5
v -0.4 1.8 4.5
v 0.4 1.8 4.5
v 0.5 1.8 4.5
v 0.6 1.8 4.5
v -0.6 1.8 4.4
v -0.5 1.8 4.4
v 0.5 1.8 4.4
v 0.6 1.8 4.4
v -0.7 1.8 4.3
v -0.6 1.8 4.3
v 0.6 1.8 4.3
v 0.7 1.8 4.3
v -0.7 1.8 4.2
v -0.6 1.8 4.2
v 0.6 1.8 4.2
v 0.7 1.8 4.2
v -0.9 1.8 4
v -0.8 1.8 4
v 0.8 1.8 4
v 0.9 1.8 4
v -0.9 1.8 3.9
v -0.8 1.8 3.9
v 0.8 1.8 3.9
v 0.9 1.8 3.9
v -1 1.8 3.8
v -0.9 1.8 3.8
v 0.9 1.8 3.8
v 1 1.8 3.8
v -1 1.8 3.7
v -0.9 1.8 3.7
v 0.9 1.8 3.7
v 1 1.8 3.7
v -1.1 1.8 3.6
v -1 1.8 3.6
v 1 1.8 3.6
v 1.1 1.8 3.6
v -1.1 1.8 3.5
v -1 1.8 3.5
v 1 1.8 3.5
v 1.1 1.8 3.5
v -1.2 1.8 3.4
v -1.1 1.8 3.4
v 1.1 1.8 3.4
v 1.2 1.8 3.4
v -1.2 1.8 3.3
v -1.1 1.8 3.3
v 1.1 1.8 3.3
v 1.2 1.8 3.3
v -1.3 1.8 3.2
v -1.2 1.8 3.2
v 1.2 1.8 3.2
v 1.3 1.8 3.2
v -1.3 1.8 3.1
v -1.2 1.8 3.1
v 1.2 1.8 3.1
v 1.3 1.8 3.1
v -2 1.8 1.7
v -1.9 1.8 1.7
v -2 1.8 1.6
v -1.9 1.8 1.6
v -1.5 1.8 -2.6
v -1.4 1.8 -2.6
v 1.4 1.8 -2.6
v 1.5 1.8 -2.6
v -1.5 1.8 -2.7
v -1.4 1.8 -2.7
v 1.4 1.8 -2.7
v 1.5 1.8 -2.7
v -0.2 1.9 5.3
v -0.0999999 1.9 5.3
v 0 1.9 5.3
v 0.0999999 1.9 5.3
v 0.2 1.9 5.3
v 0.3 1.9 5.3
v -0.3 1.9 5.2
v -0.2 1.9 5.2
v -0.0999999 1.9 5.2
v 0 1.9 5.2
v 0.0999999 1.9 5.2
v 0.2 1.9 5.2
v 0.3 1.9 5.2
v -0.3 1.9 5.1
v -0.2 1.9 5.1
v -0.4 1.9 4.9
v -0.3 1.9 4.9
v 0.3 1.9 4.9
v 0.4 1.9 4.9
v -0.5 1.9 4.8
v -0.4 1.9 4.8
v -0.3 1.9 4.8
v 0.3 1.9 4.8
v 0.4 1.9 4.8
v 0.5 1.9 4.8
v -0.5 1.9 4.7
v -0.4 1.9 4.7
v 0.4 1.9 4.7
v 0.5 1.9 4.7
v -0.6 1.9 4.6
v -0.5 1.9 4.6
v 0.5 1.9 4.6
v 0.6 1.9 4.6
v -0.6 1.9 4.5
v -0.5 1.9 4.5
v 0.5 1.9 4.5
v 0.6 1.9 4.5
v -0.7 1.9 4.4
v -0.6 1.9 4.4
v 0.6 1.9 4.4
v 0.7 1.9 4.4
v -0.7 1.9 4.3
v -0.6 1.9 4.3
v 0.6 1.9 4.3
v 0.7 1.9 4.3
v -0.8 1.9 4.2
v -0.7 1.9 4.2
v 0.7 1.9 4.2
v 0.8 1.9 4.2
v -0.8 1.9 4.1
v -0.7 1.9 4.1
v 0.7 1.9 4.1
v 0.8 1.9 4.1
v -1.3 1.9 3.3
v -1.2 1.9 3.3
v 1.2 1.9 3.3
v 1.3 1.9 3.3
v -1.3 1.9 3.2
v -1.2 1.9 3.2
v 1.2 1.9 3.2
v 1.3 1.9 3.2
v -1.4 1.9 3.1
v -1.3 1.9 3.1
v 1.3 1.9 3.1
v 1.4 1.9 3.1
v -1.4 1.9 3
v -1.3 1.9 3
v 1.3 1.9 3
v 1.4 1.9 3
v -1.5 1.9 2.9
v -1.4 1.9 2.9
v 1.4 1.9 2.9
v 1.5 1.9 2.9
v -1.5 1.9 2.8
v -1.4 1.9 2.8
v 1.4 1.9 2.8
v 1.5 1.9 2.8
v -1.6 1.9 2.7
v -1.5 1.9 2.7
v 1.5 1.9 2.7
v 1.6 1.9 2.7
v -1.6 1.9 2.6
v -1.5 1.9 2.6
v 1.5 1.9 2.6
v 1.6 1.9 2.6
v -1.7 1.9 2.5
v -1.6 1.9 2.5
v 1.6 1.9 2.5
v 1.7 1.9 2.5
v -1.7 1.9 2.4
v -1.6 1.9 2.4
v 1.6 1.9 2.4
v 1.7 1.9 2.4
v -1.8 1.9 2.3
v -1.7 1.9 2.3
v 1.7 1.9 2.3
v 1.8 1.9 2.3
v -1.8 1.9 2.2
v -1.7 1.9 2.2
v 1.7 1.9 2.2
v 1.8 1.9 2.2
v 2 1.9 2
v 2.1 1.9 2
v -2.1 1.9 1.9
v -2 1.9 1.9
v 2 1.9 1.9
v 2.1 1.9 1.9
v -2.1 1.9 1.8
v -2 1.9 1.8
v -2.1 1.9 1.7
v -2 1.9 1.7
v 2 1.9 1.7
v 2.1 1.9 1.7
v -2.1 1.9 1.6
v -2 1.9 1.6
v 2 1.9 1.6
v 2.1 1.9 1.6
v -2.1 1.9 1.5
v -2 1.9 1.5
v 2 1.9 1.5
v 2.1 1.9 1.5
v -2 1.9 1.4
v 2 1.9 1.4
v 2.1 1.9 1.4
v -2.1 1.9 1.3
v -2 1.9 1.3
v 2 1.9 1.3
v 2.1 1.9 1.3
v -2.1 1.9 1.2
v -2 1.9 1.2
v 2 1.9 1.2
v -2 1.9 1.1
v 2 1.9 1.1
v 2.1 1.9 1.1
v -2.1 1.9 1
v -2 1.9 1
v 2 1.9 1
v 2.1 1.9 1
v 2 1.9 0.9
v 2.1 1.9 0.9
v -2.1 1.9 0.8
v -2 1.9 0.8
v 2 1.9 0.7
v 2.1 1.9 0.7
v -2.1 1.9 0.6
v -2 1.9 0.6
v 2 1.9 0.6
v 2.1 1.9 0.6
v -2.1 1.9 0.5
v -2 1.9 0.5
v 2 1.9 0.5
v 2.1 1.9 0.5
v -2.1 1.9 0.4
v -2 1.9 0.4
v 2 1.9 0.4
v 2.1 1.9 0.4
v -2.1 1.9 0.3
v -2 1.9 0.3
v 2 1.9 0.3
v -2 1.9 0.2
v 2 1.9 0.2
v 2.1 1.9 0.2
v -2.1 1.9 0.0999999
v -2 1.9 0.0999999
v 2 1.9 0.0999999
v 2.1 1.9 0.0999999
v -2.1 1.9 0
v -2 1.9 0
v 2 1.9 0
v 2.1 1.9 0
v -2.1 1.9 -0.0999999
v -2 1.9 -0.0999999
v 2 1.9 -0.0999999
v 2 1.9 -0.2
v 2.1 1.9 -0.2
v 2 1.9 -0.3
v 2.1 1.9 -0.3
v -2.1 1.9 -0.4
v -2 1.9 -0.4
v 2 1.9 -0.4
v 2.1 1.9 -0.4
v -2.1 1.9 -0.5
v -2 1.9 -0.5
v 2 1.9 -0.5
v 2.1 1.9 -0.5
v -2.1 1.9 -0.6
v -2 1.9 -0.6
v 2 1.9 -0.6
v 2.1 1.9 -0.6
v -2.1 1.9 -0.7
v -2 1.9 -0.7
v 2 1.9 -0.7
v 2.1 1.9 -0.7
v -2.1 1.9 -0.8
v -2 1.9 -0.8
v -2.1 1.9 -0.9
v -2 1.9 -0.9
v 2 1.9 -0.9
v 2.1 1.9 -0.9
v -2 1.9 -1
v 2 1.9 -1
v -2 1.9 -1.1
v 2 1.9 -1.1
v 2.1 1.9 -1.1
v -2 1.9 -1.2
v 2 1.9 -1.2
v 2.1 1.9 -1.2
v -2.1 1.9 -1.3
v -2 1.9 -1.3
v 2 1.9 -1.3
v 2.1 1.9 -1.3
v 2 1.9 -1.4
v 2.1 1.9 -1.4
v -2.1 1.9 -1.5
v -2 1.9 -1.5
v 2 1.9 -1.5
v 2.1 1.9 -1.5
v -2.1 1.9 -1.6
v -2 1.9 -1.6
v 2 1.9 -1.6
v 2.1 1.9 -1.6
v -2.1 1.9 -1.7
v -2 1.9 -1.7
v 2 1.9 -1.7
v 2.1 1.9 -1.7
v -2.1 1.9 -1.8
v -2 1.9 -1.8
v 2 1.9 -1.8
v 2.1 1.9 -1.8
v -2.1 1.9 -1.9
v -2 1.9 -1.9
v 2 1.9 -1.9
v 2.1 1.9 -1.9
v -2.1 1.9 -2
v -2 1.9 -2
v 2 1.9 -2
v 2.1 1.9 -2
v -2.1 1.9 -2.1
v -2 1.9 -2.1
v 2 1.9 -2.1
v -2.1 1.9 -2.2
v -2 1.9 -2.2
v 2 1.9 -2.2
v 2.1 1.9 -2.2
v -1.4 1.9 -2.7
v -1.3 1.9 -2.7
v 1.3 1.9 -2.7
v 1.4 1.9 -2.7
v -1.4 1.9 -2.8
v -1.3 1.9 -2.8
v 1.3 1.9 -2.8
v 1.4 1.9 -2.8
v -0.3 2 5.6
v -0.2 2 5.6
v -0.2 2 5.4
v 0.3 2 5.4
v -0.2 2 5.3
v -0.0999999 2 5.3
v 0 2 5.3
v 0.0999999 2 5.3
v 0.2 2 5.3
v 0.3 2 5.3
v -0.3 2 5.2
v -0.2 2 5.2
v -0.4 2 5
v -0.3 2 5
v 0.3 2 5
v 0.4 2 5
v -0.5 2 4.9
v -0.4 2 4.9
v -0.3 2 4.9
v 0.3 2 4.9
v 0.4 2 4.9
v 0.5 2 4.9
v -0.5 2 4.8
v -0.4 2 4.8
v 0.4 2 4.8
v 0.5 2 4.8
v -0.6 2 4.7
v -0.5 2 4.7
v 0.5 2 4.7
v 0.6 2 4.7
v -0.6 2 4.6
v -0.5 2 4.6
v 0.5 2 4.6
v 0.6 2 4.6
v -0.7 2 4.5
v -0.6 2 4.5
v 0.6 2 4.5
v 0.7 2 4.5
v -0.7 2 4.4
v -0.6 2 4.4
v 0.6 2 4.4
v 0.7 2 4.4
v -0.8 2 4.3
v -0.7 2 4.3
v 0.7 2 4.3
v 0.8 2 4.3
v -0.8 2 4.2
v -0.7 2 4.2
v 0.7 2 4.2
v 0.8 2 4.2
v -0.9 2 4.1
v -0.8 2 4.1
v 0.8 2 4.1
v 0.9 2 4.1
v -0.9 2 4
v -0.8 2 4
v 0.8 2 4
v 0.9 2 4
v -1 2 3.9
v -0.9 2 3.9
v 0.9 2 3.9
v 1 2 3.9
v -1 2 3.8
v -0.9 2 3.8
v 0.9 2 3.8
v 1 2 3.8
v -1.1 2 3.7
v -1 2 3.7
v 1 2 3.7
v 1.1 2 3.7
v -1.1 2 3.6
v -1 2 3.6
v 1 2 3.6
v 1.1 2 3.6
v -1.2 2 3.5
v -1.1 2 3.5
v 1.1 2 3.5
v 1.2 2 3.5
v -1.2 2 3.4
v -1.1 2 3.4
v 1.1 2 3.4
v 1.2 2 3.4
v -0.3 2.1 5.7
v -0.2 2.1 5.7
v -0.3 2.1 5.6
v -0.2 2.1 5.6
v -0.4 2.1 5.1
v -0.3 2.1 5.1
v 0.3 2.1 5.1
v 0.4 2.1 5.1
v -0.4 2.1 5
v -0.3 2.1 5
v 0.3 2.1 5
v 0.4 2.1 5
v -0.3 2.1 4.7
v -0.2 2.1 4.7
v 0.2 2.1 4.7
v 0.3 2.1 4.7
v -0.3 2.1 4.6
v -0.2 2.1 4.6
v 0.2 2.1 4.6
v -0.3 2.1 4.5
v -0.2 2.1 4.5
v 0.2 2.1 4.5
v 0.3 2.1 4.5
v -0.3 2.1 4.4
v -0.2 2.1 4.4
v -0.3 2.1 4.3
v -0.2 2.1 4.3
v -0.0999999 2.1 4.3
v 0 2.1 4.3
v 0.0999999 2.1 4.3
v 0.2 2.1 4.3
v 0.3 2.1 4.3
v -0.0999999 2.1 4.1
v 0 2.1 4.1
v 0.0999999 2.1 4.1
v -1.8 2.1 0.9
v -1.7 2.1 0.9
v -1.8 2.1 0.8
v -1.7 2.1 0.8
v -1.8 2.1 0.7
v -1.7 2.1 0.7
v -1.8 2.1 0.6
v -1.8 2.1 0.5
v -1.7 2.1 0.5
v -1.8 2.1 0.4
v -1.7 2.1 0.4
v -2 2.1 -2.3
v -1.9 2.1 -2.3
v 1.9 2.1 -2.3
v 2 2.1 -2.3
v -2 2.1 -2.4
v -1.9 2.1 -2.4
v 1.9 2.1 -2.4
v 2 2.1 -2.4
v -0.2 2.2 5.7
v 0.3 2.2 5.7
v -0.2 2.2 5.4
v 0.3 2.2 5.4
v -0.2 2.3 4.3
v -0.0999999 2.3 4.3
v 0.0999999 2.3 4.3
v 0.2 2.3 4.3
v -0.2 2.3 4.2
v -0.0999999 2.3 4.2
v 0.0999999 2.3 4.2
v -0.2 2.3 4.1
v -0.0999999 2.3 4.1
v 0.0999999 2.3 4.1
v 0.2 2.3 4.1
v -2 2.3 -2.4
v -1.9 2.3 -2.4
v 1.9 2.3 -2.4
v 2 2.3 -2.4
v -2 2.3 -2.5
v -1.9 2.3 -2.5
v 1.9 2.3 -2.5
v 2 2.3 -2.5
v -2 2.6 -0.4
v -1.8 2.6 -0.4
v 1.8 2.6 -0.4
v 2 2.6 -0.4
v -2 2.6 -0.7
v -1.8 2.6 -0.7
v 1.8 2.6 -0.7
v 2 2.6 -0.7
v -0.3 0.9 3.4
v -0.2 0.9 3.4
v 0.2 0.9 3.4
v 0.3 0.9 3.4
v -0.3 0.9 3.3
v -0.2 0.9 3.3
v 0.2 0.9 3.3
v 0.3 0.9 3.3
v -0.3 1 3.6
v -0.2 1 3.6
v 0.2 1 3.6
v 0.3 1 3.6
v -0.3 1 3.5
v -0.2 1 3.5
v 0.2 1 3.5
v 0.3 1 3.5
v -0.3 1 3.4
v -0.2 1 3.4
v 0.2 1 3.4
v 0.3 1 3.4
v -0.3 1.1 3.9
v -0.2 1.1 3.9
v 0.2 1.1 3.9
v 0.3 1.1 3.9
v -0.3 1.1 3.8
v -0.2 1.1 3.8
v 0.2 1.1 3.8
v 0.3 1.1 3.8
v -0.2 1.1 3.7
v 0.2 1.1 3.7
v 0.3 1.1 3.7
v -0.3 1.1 3.6
v -0.2 1.1 3.6
v 0.2 1.1 3.6
v 0.3 1.1 3.6
v -0.3 1.3 4.1
v -0.2 1.3 4.1
v 0.2 1.3 4.1
v 0.3 1.3 4.1
v -0.3 1.3 4
v -0.2 1.3 4
v 0.2 1.3 4
v 0.3 1.3 4
v -1.6 1.3 -2.7
v -1.5 1.3 -2.7
v 1.5 1.3 -2.7
v 1.6 1.3 -2.7
v -1.6 1.3 -2.8
v -1.5 1.3 -2.8
v 1.5 1.3 -2.8
v 1.6 1.3 -2.8
v -0.0999999 1.4 3.9
v 0 1.4 3.9
v -0.0999999 1.4 3.8
v 0 1.4 3.8
v -0.2 1.4 3.7
v -0.0999999 1.4 3.7
v 0 1.4 3.7
v 0.0999999 1.4 3.7
v -0.2 1.4 3.6
v -0.0999999 1.4 3.6
v 0 1.4 3.6
v 0.0999999 1.4 3.6
v -0.3 1.4 3.5
v -0.2 1.4 3.5
v -0.0999999 1.4 3.5
v 0 1.4 3.5
v 0.0999999 1.4 3.5
v 0.2 1.4 3.5
v -0.3 1.4 3.4
v -0.2 1.4 3.4
v 0 1.4 3.4
v 0.0999999 1.4 3.4
v 0.2 1.4 3.4
v -0.3 1.4 3.3
v -0.2 1.4 3.3
v -0.0999999 1.4 3.3
v 0 1.4 3.3
v 0.0999999 1.4 3.3
v 0.2 1.4 3.3
v 0.3 1.4 3.3
v -0.4 1.4 3.2
v -0.3 1.4 3.2
v -0.2 1.4 3.2
v 0 1.4 3.2
v 0.0999999 1.4 3.2
v 0.3 1.4 3.2
v -0.4 1.4 3.1
v -0.3 1.4 3.1
v -0.2 1.4 3.1
v 0 1.4 3.1
v 0.0999999 1.4 3.1
v 0.3 1.4 3.1
v 0.4 1.4 3.1
v -0.4 1.4 3
v -0.3 1.4 3
v -0.2 1.4 3
v -0.0999999 1.4 3
v 0.2 1.4 3
v 0.4 1.4 3
v -0.5 1.4 2.9
v -0.4 1.4 2.9
v -0.3 1.4 2.9
v -0.0999999 1.4 2.9
v 0 1.4 2.9
v 0.0999999 1.4 2.9
v 0.2 1.4 2.9
v 0.3 1.4 2.9
v 0.4 1.4 2.9
v 0.5 1.4 2.9
v -0.4 1.4 2.8
v -0.3 1.4 2.8
v -0.2 1.4 2.8
v -0.0999999 1.4 2.8
v 0 1.4 2.8
v 0.0999999 1.4 2.8
v 0.2 1.4 2.8
v 0.3 1.4 2.8
v 0.4 1.4 2.8
v 0.5 1.4 2.8
v 0.6 1.4 2.8
v -0.6 1.4 2.7
v -0.5 1.4 2.7
v -0.4 1.4 2.7
v -0.3 1.4 2.7
v -0.2 1.4 2.7
v 0 1.4 2.7
v 0.2 1.4 2.7
v 0.3 1.4 2.7
v 0.4 1.4 2.7
v 0.5 1.4 2.7
v 0.6 1.4 2.7
v -0.5 1.4 2.6
v -0.3 1.4 2.6
v -0.2 1.4 2.6
v -0.0999999 1.4 2.6
v 0 1.4 2.6
v 0.2 1.4 2.6
v 0.3 1.4 2.6
v 0.4 1.4 2.6
v 0.5 1.4 2.6
v 0.6 1.4 2.6
v 0.7 1.4 2.6
v -0.7 1.4 2.5
v -0.6 1.4 2.5
v -0.5 1.4 2.5
v -0.4 1.4 2.5
v -0.3 1.4 2.5
v -0.0999999 1.4 2.5
v 0 1.4 2.5
v 0.0999999 1.4 2.5
v 0.2 1.4 2.5
v 0.3 1.4 2.5
v 0.5 1.4 2.5
v 0.6 1.4 2.5
v 0.7 1.4 2.5
v 0.8 1.4 2.5
v -0.7 1.4 2.4
v -0.6 1.4 2.4
v -0.5 1.4 2.4
v -0.4 1.4 2.4
v -0.2 1.4 2.4
v -0.0999999 1.4 2.4
v 0.0999999 1.4 2.4
v 0.2 1.4 2.4
v 0.3 1.4 2.4
v 0.5 1.4 2.4
v 0.6 1.4 2.4
v 0.8 1.4 2.4
v -0.8 1.4 2.3
v -0.7 1.4 2.3
v -0.5 1.4 2.3
v -0.4 1.4 2.3
v -0.2 1.4 2.3
v 0 1.4 2.3
v 0.0999999 1.4 2.3
v 0.2 1.4 2.3
v 0.3 1.4 2.3
v 0.5 1.4 2.3
v 0.7 1.4 2.3
v 0.8 1.4 2.3
v 0.9 1.4 2.3
v -0.8 1.4 2.2
v -0.7 1.4 2.2
v -0.6 1.4 2.2
v -0.5 1.4 2.2
v -0.4 1.4 2.2
v -0.3 1.4 2.2
v 0 1.4 2.2
v 0.0999999 1.4 2.2
v 0.2 1.4 2.2
v 0.3 1.4 2.2
v 0.5 1.4 2.2
v 0.6 1.4 2.2
v 0.9 1.4 2.2
v 1 1.4 2.2
v -0.9 1.4 2.1
v -0.8 1.4 2.1
v -0.7 1.4 2.1
v -0.6 1.4 2.1
v -0.5 1.4 2.1
v -0.4 1.4 2.1
v -0.3 1.4 2.1
v -0.2 1.4 2.1
v -0.0999999 1.4 2.1
v 0 1.4 2.1
v 0.0999999 1.4 2.1
v 0.2 1.4 2.1
v 0.3 1.4 2.1
v 0.5 1.4 2.1
v 0.7 1.4 2.1
v 1 1.4 2.1
v -1 1.4 2
v -0.9 1.4 2
v -0.8 1.4 2
v -0.7 1.4 2
v -0.5 1.4 2
v -0.4 1.4 2
v -0.3 1.4 2
v -0.2 1.4 2
v 0.2 1.4 2
v 0.3 1.4 2
v 0.4 1.4 2
v 0.5 1.4 2
v 0.6 1.4 2
v 0.7 1.4 2
v 0.8 1.4 2
v 0.9 1.4 2
v 1 1.4 2
v 1.1 1.4 2
v -1.1 1.4 1.9
v -1 1.4 1.9
v -0.8 1.4 1.9
v -0.6 1.4 1.9
v -0.5 1.4 1.9
v -0.4 1.4 1.9
v -0.3 1.4 1.9
v -0.2 1.4 1.9
v -0.0999999 1.4 1.9
v 0 1.4 1.9
v 0.0999999 1.4 1.9
v 0.2 1.4 1.9
v 0.3 1.4 1.9
v 0.4 1.4 1.9
v 0.5 1.4 1.9
v 0.6 1.4 1.9
v 0.7 1.4 1.9
v 0.8 1.4 1.9
v 1 1.4 1.9
v 1.1 1.4 1.9
v -1.2 1.4 1.8
v -1.1 1.4 1.8
v -1 1.4 1.8
v -0.8 1.4 1.8
v -0.7 1.4 1.8
v -0.6 1.4 1.8
v -0.5 1.4 1.8
v -0.4 1.4 1.8
v -0.3 1.4 1.8
v -0.2 1.4 1.8
v -0.0999999 1.4 1.8
v 0 1.4 1.8
v 0.0999999 1.4 1.8
v 0.2 1.4 1.8
v 0.3 1.4 1.8
v 0.4 1.4 1.8
v 0.5 1.4 1.8
v 0.6 1.4 1.8
v 0.7 1.4 1.8
v 0.8 1.4 1.8
v 1 1.4 1.8
v 1.1 1.4 1.8
v 1.2 1.4 1.8
v -1.3 1.4 1.7
v -1.2 1.4 1.7
v -1.1 1.4 1.7
v -1 1.4 1.7
v -0.8 1.4 1.7
v -0.7 1.4 1.7
v -0.6 1.4 1.7
v -0.5 1.4 1.7
v -0.4 1.4 1.7
v -0.3 1.4 1.7
v -0.2 1.4 1.7
v -0.0999999 1.4 1.7
v 0 1.4 1.7
v 0.0999999 1.4 1.7
v 0.2 1.4 1.7
v 0.3 1.4 1.7
v 0.4 1.4 1.7
v 0.5 1.4 1.7
v 0.6 1.4 1.7
v 0.7 1.4 1.7
v 0.8 1.4 1.7
v 0.9 1.4 1.7
v 1 1.4 1.7
v 1.2 1.4 1.7
v -1.2 1.4 1.6
v -1.1 1.4 1.6
v -1 1.4 1.6
v -0.7 1.4 1.6
v -0.6 1.4 1.6
v -0.5 1.4 1.6
v -0.4 1.4 1.6
v -0.3 1.4 1.6
v -0.2 1.4 1.6
v -0.0999999 1.4 1.6
v 0 1.4 1.6
v 0.2 1.4 1.6
v 0.4 1.4 1.6
v 0.5 1.4 1.6
v 0.6 1.4 1.6
v 0.7 1.4 1.6
v 0.8 1.4 1.6
v 0.9 1.4 1.6
v 1 1.4 1.6
v 1.1 1.4 1.6
v 1.2 1.4 1.6
v -1.6 1.4 1.5
v -1.5 1.4 1.5
v -1.4 1.4 1.5
v -1.3 1.4 1.5
v -0.8 1.4 1.5
v -0.7 1.4 1.5
v -0.6 1.4 1.5
v -0.5 1.4 1.5
v -0.4 1.4 1.5
v -0.3 1.4 1.5
v -0.2 1.4 1.5
v 0 1.4 1.5
v 0.0999999 1.4 1.5
v 0.2 1.4 1.5
v 0.4 1.4 1.5
v 0.5 1.4 1.5
v 0.6 1.4 1.5
v 0.7 1.4 1.5
v 0.8 1.4 1.5
v 1 1.4 1.5
v 1.1 1.4 1.5
v 1.2 1.4 1.5
v 1.4 1.4 1.5
v 1.5 1.4 1.5
v 1.6 1.4 1.5
v -1.7 1.4 1.4
v -1.6 1.4 1.4
v -1.5 1.4 1.4
v -1.4 1.4 1.4
v -1.3 1.4 1.4
v -1 1.4 1.4
v -0.9 1.4 1.4
v -0.7 1.4 1.4
v -0.6 1.4 1.4
v -0.5 1.4 1.4
v -0.4 1.4 1.4
v -0.2 1.4 1.4
v -0.0999999 1.4 1.4
v 0 1.4 1.4
v 0.0999999 1.4 1.4
v 0.2 1.4 1.4
v 0.3 1.4 1.4
v 0.4 1.4 1.4
v 0.5 1.4 1.4
v 0.6 1.4 1.4
v 0.7 1.4 1.4
v 0.8 1.4 1.4
v 0.9 1.4 1.4
v 1 1.4 1.4
v 1.1 1.4 1.4
v 1.2 1.4 1.4
v 1.4 1.4 1.4
v 1.5 1.4 1.4
v 1.6 1.4 1.4
v -1.7 1.4 1.3
v -1.6 1.4 1.3
v -1.5 1.4 1.3
v -1.3 1.4 1.3
v -1.2 1.4 1.3
v -1.1 1.4 1.3
v -1 1.4 1.3
v -0.9 1.4 1.3
v -0.8 1.4 1.3
v -0.7 1.4 1.3
v -0.6 1.4 1.3
v -0.5 1.4 1.3
v -0.3 1.4 1.3
v -0.2 1.4 1.3
v -0.0999999 1.4 1.3
v 0.0999999 1.4 1.3
v 0.2 1.4 1.3
v 0.3 1.4 1.3
v 0.4 1.4 1.3
v 0.6 1.4 1.3
v 0.7 1.4 1.3
v 0.8 1.4 1.3
v 0.9 1.4 1.3
v 1 1.4 1.3
v 1.1 1.4 1.3
v 1.2 1.4 1.3
v 1.4 1.4 1.3
v 1.6 1.4 1.3
v -1.7 1.4 1.2
v -1.6 1.4 1.2
v -1.5 1.4 1.2
v -1.4 1.4 1.2
v -1.3 1.4 1.2
v -1.2 1.4 1.2
v -1.1 1.4 1.2
v -0.8 1.4 1.2
v -0.7 1.4 1.2
v -0.6 1.4 1.2
v -0.5 1.4 1.2
v -0.4 1.4 1.2
v -0.3 1.4 1.2
v -0.0999999 1.4 1.2
v 0.0999999 1.4 1.2
v 0.3 1.4 1.2
v 0.4 1.4 1.2
v 0.6 1.4 1.2
v 0.7 1.4 1.2
v 1 1.4 1.2
v 1.1 1.4 1.2
v 1.2 1.4 1.2
v 1.3 1.4 1.2
v 1.4 1.4 1.2
v 1.5 1.4 1.2
v 1.6 1.4 1.2
v -1.6 1.4 1.1
v -1.5 1.4 1.1
v -1.4 1.4 1.1
v -1.3 1.4 1.1
v -1.2 1.4 1.1
v -1.1 1.4 1.1
v -0.8 1.4 1.1
v -0.7 1.4 1.1
v -0.6 1.4 1.1
v -0.5 1.4 1.1
v -0.4 1.4 1.1
v -0.3 1.4 1.1
v -0.0999999 1.4 1.1
v 0 1.4 1.1
v 0.0999999 1.4 1.1
v 0.3 1.4 1.1
v 0.4 1.4 1.1
v 0.7 1.4 1.1
v 0.9 1.4 1.1
v 1 1.4 1.1
v 1.1 1.4 1.1
v 1.2 1.4 1.1
v 1.3 1.4 1.1
v 1.4 1.4 1.1
v 1.6 1.4 1.1
v -1.7 1.4 1
v -1.6 1.4 1
v -1.5 1.4 1
v -1.4 1.4 1
v -1.3 1.4 1
v -1.2 1.4 1
v -1 1.4 1
v -0.9 1.4 1
v -0.8 1.4 1
v -0.7 1.4 1
v -0.6 1.4 1
v -0.5 1.4 1
v -0.3 1.4 1
v -0.2 1.4 1
v -0.0999999 1.4 1
v 0 1.4 1
v 0.0999999 1.4 1
v 0.2 1.4 1
v 0.4 1.4 1
v 0.5 1.4 1
v 0.6 1.4 1
v 0.7 1.4 1
v 0.8 1.4 1
v 0.9 1.4 1
v 1 1.4 1
v 1.1 1.4 1
v 1.2 1.4 1
v 1.4 1.4 1
v 1.6 1.4 1
v -1.7 1.4 0.9
v -1.6 1.4 0.9
v -1.5 1.4 0.9
v -1.4 1.4 0.9
v -1.3 1.4 0.9
v -1.2 1.4 0.9
v -1.1 1.4 0.9
v -1 1.4 0.9
v -0.9 1.4 0.9
v -0.8 1.4 0.9
v -0.6 1.4 0.9
v -0.5 1.4 0.9
v -0.3 1.4 0.9
v -0.2 1.4 0.9
v 0 1.4 0.9
v 0.2 1.4 0.9
v 0.3 1.4 0.9
v 0.4 1.4 0.9
v 0.5 1.4 0.9
v 0.6 1.4 0.9
v 0.7 1.4 0.9
v 0.8 1.4 0.9
v 0.9 1.4 0.9
v 1 1.4 0.9
v 1.1 1.4 0.9
v 1.2 1.4 0.9
v 1.4 1.4 0.9
v 1.5 1.4 0.9
v 1.6 1.4 0.9
v -1.7 1.4 0.8
v -1.6 1.4 0.8
v -1.5 1.4 0.8
v -1.4 1.4 0.8
v -1.3 1.4 0.8
v -1.2 1.4 0.8
v -1.1 1.4 0.8
v -1 1.4 0.8
v -0.9 1.4 0.8
v -0.8 1.4 0.8
v -0.7 1.4 0.8
v -0.6 1.4 0.8
v -0.5 1.4 0.8
v -0.3 1.4 0.8
v 0 1.4 0.8
v 0.0999999 1.4 0.8
v 0.2 1.4 0.8
v 0.3 1.4 0.8
v 0.4 1.4 0.8
v 0.6 1.4 0.8
v 0.7 1.4 0.8
v 0.8 1.4 0.8
v 0.9 1.4 0.8
v 1 1.4 0.8
v 1.1 1.4 0.8
v 1.2 1.4 0.8
v 1.3 1.4 0.8
v 1.4 1.4 0.8
v 1.5 1.4 0.8
v 1.6 1.4 0.8
v -1.7 1.4 0.7
v -1.6 1.4 0.7
v -1.5 1.4 0.7
v -1.3 1.4 0.7
v -1.2 1.4 0.7
v -1.1 1.4 0.7
v -1 1.4 0.7
v -0.9 1.4 0.7
v -0.8 1.4 0.7
v -0.7 1.4 0.7
v -0.6 1.4 0.7
v -0.5 1.4 0.7
v -0.4 1.4 0.7
v -0.3 1.4 0.7
v -0.2 1.4 0.7
v -0.0999999 1.4 0.7
v 0 1.4 0.7
v 0.0999999 1.4 0.7
v 0.3 1.4 0.7
v 0.4 1.4 0.7
v 0.7 1.4 0.7
v 0.8 1.4 0.7
v 0.9 1.4 0.7
v 1 1.4 0.7
v 1.1 1.4 0.7
v 1.2 1.4 0.7
v 1.3 1.4 0.7
v 1.4 1.4 0.7
v 1.5 1.4 0.7
v 1.6 1.4 0.7
v -1.7 1.4 0.6
v -1.6 1.4 0.6
v -1.5 1.4 0.6
v -1.3 1.4 0.6
v -1.1 1.4 0.6
v -1 1.4 0.6
v -0.9 1.4 0.6
v -0.8 1.4 0.6
v -0.6 1.4 0.6
v -0.5 1.4 0.6
v -0.4 1.4 0.6
v -0.0999999 1.4 0.6
v 0 1.4 0.6
v 0.0999999 1.4 0.6
v 0.2 1.4 0.6
v 0.3 1.4 0.6
v 0.4 1.4 0.6
v 0.6 1.4 0.6
v 0.7 1.4 0.6
v 0.8 1.4 0.6
v 0.9 1.4 0.6
v 1 1.4 0.6
v 1.1 1.4 0.6
v 1.2 1.4 0.6
v 1.3 1.4 0.6
v 1.5 1.4 0.6
v 1.6 1.4 0.6
v -1.7 1.4 0.5
v -1.6 1.4 0.5
v -1.5 1.4 0.5
v -1.4 1.4 0.5
v -1.2 1.4 0.5
v -1 1.4 0.5
v -0.8 1.4 0.5
v -0.7 1.4 0.5
v -0.6 1.4 0.5
v -0.5 1.4 0.5
v -0.4 1.4 0.5
v -0.3 1.4 0.5
v -0.2 1.4 0.5
v -0.0999999 1.4 0.5
v 0 1.4 0.5
v 0.0999999 1.4 0.5
v 0.2 1.4 0.5
v 0.3 1.4 0.5
v 0.4 1.4 0.5
v 0.5 1.4 0.5
v 0.8 1.4 0.5
v 1.1 1.4 0.5
v 1.2 1.4 0.5
v 1.3 1.4 0.5
v 1.4 1.4 0.5
v 1.5 1.4 0.5
v 1.6 1.4 0.5
v -1.7 1.4 0.4
v -1.6 1.4 0.4
v -1.5 1.4 0.4
v -1.4 1.4 0.4
v -1.3 1.4 0.4
v -1.1 1.4 0.4
v -1 1.4 0.4
v -0.8 1.4 0.4
v -0.7 1.4 0.4
v -0.6 1.4 0.4
v -0.5 1.4 0.4
v -0.4 1.4 0.4
v -0.3 1.4 0.4
v -0.2 1.4 0.4
v 0.2 1.4 0.4
v 0.3 1.4 0.4
v 0.5 1.4 0.4
v 0.7 1.4 0.4
v 0.8 1.4 0.4
v 0.9 1.4 0.4
v 1 1.4 0.4
v 1.1 1.4 0.4
v 1.2 1.4 0.4
v 1.3 1.4 0.4
v 1.4 1.4 0.4
v 1.5 1.4 0.4
v 1.6 1.4 0.4
v -1.5 1.4 0.3
v -1.4 1.4 0.3
v -1.3 1.4 0.3
v -1.2 1.4 0.3
v -1.1 1.4 0.3
v -1 1.4 0.3
v -0.9 1.4 0.3
v -0.8 1.4 0.3
v -0.7 1.4 0.3
v -0.6 1.4 0.3
v -0.5 1.4 0.3
v -0.4 1.4 0.3
v -0.3 1.4 0.3
v -0.2 1.4 0.3
v 0 1.4 0.3
v 0.0999999 1.4 0.3
v 0.2 1.4 0.3
v 0.3 1.4 0.3
v 0.5 1.4 0.3
v 0.7 1.4 0.3
v 0.8 1.4 0.3
v 0.9 1.4 0.3
v 1 1.4 0.3
v 1.1 1.4 0.3
v 1.2 1.4 0.3
v 1.3 1.4 0.3
v 1.4 1.4 0.3
v 1.5 1.4 0.3
v 1.6 1.4 0.3
v -1.7 1.4 0.2
v -1.6 1.4 0.2
v -1.5 1.4 0.2
v -1.4 1.4 0.2
v -1.3 1.4 0.2
v -1.2 1.4 0.2
v -0.9 1.4 0.2
v -0.8 1.4 0.2
v -0.7 1.4 0.2
v -0.3 1.4 0.2
v -0.2 1.4 0.2
v 0.3 1.4 0.2
v 0.4 1.4 0.2
v 0.5 1.4 0.2
v 0.6 1.4 0.2
v 0.7 1.4 0.2
v 0.8 1.4 0.2
v 0.9 1.4 0.2
v 1 1.4 0.2
v 1.1 1.4 0.2
v 1.2 1.4 0.2
v 1.4 1.4 0.2
v 1.5 1.4 0.2
v 1.6 1.4 0.2
v -1.7 1.4 0.0999999
v -1.5 1.4 0.0999999
v -1.4 1.4 0.0999999
v -1.3 1.4 0.0999999
v -1.2 1.4 0.0999999
v -0.9 1.4 0.0999999
v -0.8 1.4 0.0999999
v -0.7 1.4 0.0999999
v -0.6 1.4 0.0999999
v -0.5 1.4 0.0999999
v -0.4 1.4 0.0999999
v -0.3 1.4 0.0999999
v -0.2 1.4 0.0999999
v -0.0999999 1.4 0.0999999
v 0 1.4 0.0999999
v 0.3 1.4 0.0999999
v 0.4 1.4 0.0999999
v 0.5 1.4 0.0999999
v 0.6 1.4 0.0999999
v 0.7 1.4 0.0999999
v 0.8 1.4 0.0999999
v 0.9 1.4 0.0999999
v 1 1.4 0.0999999
v 1.2 1.4 0.0999999
v 1.3 1.4 0.0999999
v 1.4 1.4 0.0999999
v 1.6 1.4 0.0999999
v -1.7 1.4 0
v -1.5 1.4 0
v -1.3 1.4 0
v -1.2 1.4 0
v -1.1 1.4 0
v -0.9 1.4 0
v -0.8 1.4 0
v -0.7 1.4 0
v -0.6 1.4 0
v -0.5 1.4 0
v -0.4 1.4 0
v -0.3 1.4 0
v -0.2 1.4 0
v -0.0999999 1.4 0
v 0 1.4 0
v 0.0999999 1.4 0
v 0.2 1.4 0
v 0.3 1.4 0
v 0.4 1.4 0
v 0.5 1.4 0
v 0.6 1.4 0
v 0.9 1.4 0
v 1.1 1.4 0
v 1.2 1.4 0
v 1.5 1.4 0
v 1.6 1.4 0
v -1.6 1.4 -0.0999999
v -1.5 1.4 -0.0999999
v -1.3 1.4 -0.0999999
v -1.1 1.4 -0.0999999
v -1 1.4 -0.0999999
v -0.9 1.4 -0.0999999
v -0.7 1.4 -0.0999999
v -0.6 1.4 -0.0999999
v -0.5 1.4 -0.0999999
v -0.4 1.4 -0.0999999
v -0.3 1.4 -0.0999999
v -0.2 1.4 -0.0999999
v 0 1.4 -0.0999999
v 0.0999999 1.4 -0.0999999
v 0.2 1.4 -0.0999999
v 0.3 1.4 -0.0999999
v 0.4 1.4 -0.0999999
v 0.5 1.4 -0.0999999
v 0.6 1.4 -0.0999999
v 0.7 1.4 -0.0999999
v 0.8 1.4 -0.0999999
v 0.9 1.4 -0.0999999
v 1 1.4 -0.0999999
v 1.1 1.4 -0.0999999
v 1.2 1.4 -0.0999999
v 1.3 1.4 -0.0999999
v 1.5 1.4 -0.0999999
v 1.6 1.4 -0.0999999
v -1.2 1.4 -0.2
v -1.1 1.4 -0.2
v -0.9 1.4 -0.2
v -0.8 1.4 -0.2
v -0.7 1.4 -0.2
v -0.3 1.4 -0.2
v -0.2 1.4 -0.2
v -0.0999999 1.4 -0.2
v 0 1.4 -0.2
v 0.0999999 1.4 -0.2
v 0.2 1.4 -0.2
v 0.4 1.4 -0.2
v 0.5 1.4 -0.2
v 0.6 1.4 -0.2
v 0.7 1.4 -0.2
v 0.8 1.4 -0.2
v 0.9 1.4 -0.2
v 1 1.4 -0.2
v 1.1 1.4 -0.2
v 1.2 1.4 -0.2
v 1.4 1.4 -0.2
v 1.6 1.4 -0.2
v -1.7 1.4 -0.3
v -1.6 1.4 -0.3
v -1.5 1.4 -0.3
v -1.3 1.4 -0.3
v -1.2 1.4 -0.3
v -1.1 1.4 -0.3
v -1 1.4 -0.3
v -0.9 1.4 -0.3
v -0.7 1.4 -0.3
v -0.6 1.4 -0.3
v -0.3 1.4 -0.3
v -0.2 1.4 -0.3
v -0.0999999 1.4 -0.3
v 0.0999999 1.4 -0.3
v 0.2 1.4 -0.3
v 0.4 1.4 -0.3
v 0.5 1.4 -0.3
v 0.6 1.4 -0.3
v 0.7 1.4 -0.3
v 1 1.4 -0.3
v 1.3 1.4 -0.3
v 1.4 1.4 -0.3
v 1.5 1.4 -0.3
v 1.6 1.4 -0.3
v -1.6 1.4 -0.4
v -1.5 1.4 -0.4
v -1.4 1.4 -0.4
v -1.3 1.4 -0.4
v -1 1.4 -0.4
v -0.9 1.4 -0.4
v -0.8 1.4 -0.4
v -0.7 1.4 -0.4
v -0.6 1.4 -0.4
v -0.5 1.4 -0.4
v -0.2 1.4 -0.4
v -0.0999999 1.4 -0.4
v 0 1.4 -0.4
v 0.0999999 1.4 -0.4
v 0.2 1.4 -0.4
v 0.3 1.4 -0.4
v 0.4 1.4 -0.4
v 0.5 1.4 -0.4
v 0.6 1.4 -0.4
v 0.7 1.4 -0.4
v 0.8 1.4 -0.4
v 1 1.4 -0.4
v 1.1 1.4 -0.4
v 1.3 1.4 -0.4
v 1.4 1.4 -0.4
v 1.5 1.4 -0.4
v 1.6 1.4 -0.4
v -1.6 1.4 -0.5
v -1.5 1.4 -0.5
v -1.4 1.4 -0.5
v -1.3 1.4 -0.5
v -1.1 1.4 -0.5
v -1 1.4 -0.5
v -0.9 1.4 -0.5
v -0.8 1.4 -0.5
v -0.7 1.4 -0.5
v -0.6 1.4 -0.5
v -0.5 1.4 -0.5
v -0.4 1.4 -0.5
v -0.3 1.4 -0.5
v -0.2 1.4 -0.5
v -0.0999999 1.4 -0.5
v 0 1.4 -0.5
v 0.0999999 1.4 -0.5
v 0.2 1.4 -0.5
v 0.5 1.4 -0.5
v 0.7 1.4 -0.5
v 0.8 1.4 -0.5
v 0.9 1.4 -0.5
v 1.1 1.4 -0.5
v 1.3 1.4 -0.5
v 1.4 1.4 -0.5
v 1.5 1.4 -0.5
v 1.6 1.4 -0.5
v -1.7 1.4 -0.6
v -1.6 1.4 -0.6
v -1.5 1.4 -0.6
v -1.4 1.4 -0.6
v -1.3 1.4 -0.6
v -1.2 1.4 -0.6
v -1.1 1.4 -0.6
v -1 1.4 -0.6
v -0.9 1.4 -0.6
v -0.8 1.4 -0.6
v -0.7 1.4 -0.6
v -0.5 1.4 -0.6
v -0.4 1.4 -0.6
v -0.2 1.4 -0.6
v -0.0999999 1.4 -0.6
v 0 1.4 -0.6
v 0.0999999 1.4 -0.6
v 0.2 1.4 -0.6
v 0.3 1.4 -0.6
v 0.4 1.4 -0.6
v 0.5 1.4 -0.6
v 0.6 1.4 -0.6
v 0.7 1.4 -0.6
v 0.8 1.4 -0.6
v 1 1.4 -0.6
v 1.3 1.4 -0.6
v 1.4 1.4 -0.6
v 1.5 1.4 -0.6
v 1.6 1.4 -0.6
v -1.7 1.4 -0.7
v -1.6 1.4 -0.7
v -1.5 1.4 -0.7
v -1.4 1.4 -0.7
v -1.3 1.4 -0.7
v -1.2 1.4 -0.7
v -1.1 1.4 -0.7
v -1 1.4 -0.7
v -0.9 1.4 -0.7
v -0.8 1.4 -0.7
v -0.7 1.4 -0.7
v -0.6 1.4 -0.7
v -0.5 1.4 -0.7
v -0.4 1.4 -0.7
v -0.3 1.4 -0.7
v -0.2 1.4 -0.7
v -0.0999999 1.4 -0.7
v 0 1.4 -0.7
v 0.0999999 1.4 -0.7
v 0.2 1.4 -0.7
v 0.3 1.4 -0.7
v 0.4 1.4 -0.7
v 0.5 1.4 -0.7
v 0.6 1.4 -0.7
v 0.9 1.4 -0.7
v 1 1.4 -0.7
v 1.1 1.4 -0.7
v 1.3 1.4 -0.7
v 1.4 1.4 -0.7
v 1.5 1.4 -0.7
v -1.5 1.4 -0.8
v -1.4 1.4 -0.8
v -1.3 1.4 -0.8
v -1.2 1.4 -0.8
v -1 1.4 -0.8
v -0.9 1.4 -0.8
v -0.8 1.4 -0.8
v -0.7 1.4 -0.8
v -0.6 1.4 -0.8
v -0.5 1.4 -0.8
v -0.4 1.4 -0.8
v -0.3 1.4 -0.8
v -0.2 1.4 -0.8
v -0.0999999 1.4 -0.8
v 0 1.4 -0.8
v 0.0999999 1.4 -0.8
v 0.2 1.4 -0.8
v 0.3 1.4 -0.8
v 0.4 1.4 -0.8
v 0.7 1.4 -0.8
v 0.8 1.4 -0.8
v 0.9 1.4 -0.8
v 1 1.4 -0.8
v 1.1 1.4 -0.8
v 1.2 1.4 -0.8
v 1.3 1.4 -0.8
v 1.4 1.4 -0.8
v 1.5 1.4 -0.8
v -1.7 1.4 -0.9
v -1.5 1.4 -0.9
v -1.4 1.4 -0.9
v -1.3 1.4 -0.9
v -1.2 1.4 -0.9
v -1.1 1.4 -0.9
v -1 1.4 -0.9
v -0.9 1.4 -0.9
v -0.8 1.4 -0.9
v -0.7 1.4 -0.9
v -0.6 1.4 -0.9
v -0.5 1.4 -0.9
v -0.4 1.4 -0.9
v -0.3 1.4 -0.9
v -0.2 1.4 -0.9
v -0.0999999 1.4 -0.9
v 0 1.4 -0.9
v 0.0999999 1.4 -0.9
v 0.2 1.4 -0.9
v 0.3 1.4 -0.9
v 0.5 1.4 -0.9
v 0.6 1.4 -0.9
v 0.7 1.4 -0.9
v 0.8 1.4 -0.9
v 0.9 1.4 -0.9
v 1 1.4 -0.9
v 1.1 1.4 -0.9
v 1.2 1.4 -0.9
v 1.3 1.4 -0.9
v 1.4 1.4 -0.9
v 1.5 1.4 -0.9
v 1.6 1.4 -0.9
v -1.7 1.4 -1
v -1.6 1.4 -1
v -1.5 1.4 -1
v -1.4 1.4 -1
v -1.3 1.4 -1
v -1.2 1.4 -1
v -1.1 1.4 -1
v -1 1.4 -1
v -0.9 1.4 -1
v -0.8 1.4 -1
v -0.7 1.4 -1
v -0.6 1.4 -1
v -0.5 1.4 -1
v -0.4 1.4 -1
v -0.2 1.4 -1
v -0.0999999 1.4 -1
v 0 1.4 -1
v 0.2 1.4 -1
v 0.4 1.4 -1
v 0.5 1.4 -1
v 0.6 1.4 -1
v 0.7 1.4 -1
v 0.8 1.4 -1
v 0.9 1.4 -1
v 1 1.4 -1
v 1.1 1.4 -1
v 1.2 1.4 -1
v 1.5 1.4 -1
v 1.6 1.4 -1
v -1.7 1.4 -1.1
v -1.6 1.4 -1.1
v -1.5 1.4 -1.1
v -1.3 1.4 -1.1
v -1.2 1.4 -1.1
v -1.1 1.4 -1.1
v -1 1.4 -1.1
v -0.9 1.4 -1.1
v -0.7 1.4 -1.1
v -0.6 1.4 -1.1
v -0.5 1.4 -1.1
v -0.4 1.4 -1.1
v -0.3 1.4 -1.1
v -0.2 1.4 -1.1
v -0.0999999 1.4 -1.1
v 0 1.4 -1.1
v 0.0999999 1.4 -1.1
v 0.2 1.4 -1.1
v 0.3 1.4 -1.1
v 0.4 1.4 -1.1
v 0.5 1.4 -1.1
v 0.6 1.4 -1.1
v 0.7 1.4 -1.1
v 1 1.4 -1.1
v 1.2 1.4 -1.1
v 1.3 1.4 -1.1
v 1.4 1.4 -1.1
v 1.5 1.4 -1.1
v 1.6 1.4 -1.1
v -1.5 1.4 -1.2
v -1.3 1.4 -1.2
v -1.2 1.4 -1.2
v -1.1 1.4 -1.2
v -1 1.4 -1.2
v -0.9 1.4 -1.2
v -0.8 1.4 -1.2
v -0.7 1.4 -1.2
v -0.6 1.4 -1.2
v -0.5 1.4 -1.2
v -0.4 1.4 -1.2
v -0.2 1.4 -1.2
v -0.0999999 1.4 -1.2
v 0 1.4 -1.2
v 0.0999999 1.4 -1.2
v 0.2 1.4 -1.2
v 0.3 1.4 -1.2
v 0.4 1.4 -1.2
v 0.8 1.4 -1.2
v 0.9 1.4 -1.2
v 1 1.4 -1.2
v 1.1 1.4 -1.2
v 1.2 1.4 -1.2
v 1.4 1.4 -1.2
v 1.5 1.4 -1.2
v 1.6 1.4 -1.2
v -1.7 1.4 -1.3
v -1.6 1.4 -1.3
v -1.5 1.4 -1.3
v -1.4 1.4 -1.3
v -1.1 1.4 -1.3
v -1 1.4 -1.3
v -0.9 1.4 -1.3
v -0.8 1.4 -1.3
v -0.6 1.4 -1.3
v -0.5 1.4 -1.3
v -0.4 1.4 -1.3
v -0.3 1.4 -1.3
v -0.2 1.4 -1.3
v -0.0999999 1.4 -1.3
v 0 1.4 -1.3
v 0.0999999 1.4 -1.3
v 0.2 1.4 -1.3
v 0.3 1.4 -1.3
v 0.4 1.4 -1.3
v 0.5 1.4 -1.3
v 0.6 1.4 -1.3
v 0.7 1.4 -1.3
v 1.1 1.4 -1.3
v 1.2 1.4 -1.3
v 1.4 1.4 -1.3
v 1.5 1.4 -1.3
v 1.6 1.4 -1.3
v -1.7 1.4 -1.4
v -1.6 1.4 -1.4
v -1.5 1.4 -1.4
v -1.4 1.4 -1.4
v -1.3 1.4 -1.4
v -1.2 1.4 -1.4
v -1.1 1.4 -1.4
v -1 1.4 -1.4
v -0.8 1.4 -1.4
v -0.7 1.4 -1.4
v -0.5 1.4 -1.4
v -0.4 1.4 -1.4
v -0.3 1.4 -1.4
v -0.2 1.4 -1.4
v -0.0999999 1.4 -1.4
v 0 1.4 -1.4
v 0.0999999 1.4 -1.4
v 0.3 1.4 -1.4
v 0.5 1.4 -1.4
v 0.6 1.4 -1.4
v 0.7 1.4 -1.4
v 0.9 1.4 -1.4
v 1 1.4 -1.4
v 1.1 1.4 -1.4
v 1.2 1.4 -1.4
v 1.4 1.4 -1.4
v 1.5 1.4 -1.4
v 1.6 1.4 -1.4
v -1.7 1.4 -1.5
v -1.6 1.4 -1.5
v -1.5 1.4 -1.5
v -1.4 1.4 -1.5
v -1.3 1.4 -1.5
v -1.2 1.4 -1.5
v -1.1 1.4 -1.5
v -1 1.4 -1.5
v -0.8 1.4 -1.5
v -0.7 1.4 -1.5
v -0.6 1.4 -1.5
v -0.5 1.4 -1.5
v -0.4 1.4 -1.5
v -0.3 1.4 -1.5
v -0.2 1.4 -1.5
v -0.0999999 1.4 -1.5
v 0 1.4 -1.5
v 0.0999999 1.4 -1.5
v 0.2 1.4 -1.5
v 0.4 1.4 -1.5
v 0.5 1.4 -1.5
v 0.6 1.4 -1.5
v 0.9 1.4 -1.5
v 1 1.4 -1.5
v 1.1 1.4 -1.5
v 1.2 1.4 -1.5
v 1.3 1.4 -1.5
v 1.4 1.4 -1.5
v 1.5 1.4 -1.5
v 1.6 1.4 -1.5
v -1.7 1.4 -1.6
v -1.6 1.4 -1.6
v -1.5 1.4 -1.6
v -1.4 1.4 -1.6
v -1.3 1.4 -1.6
v -1.2 1.4 -1.6
v -1.1 1.4 -1.6
v -1 1.4 -1.6
v -0.9 1.4 -1.6
v -0.8 1.4 -1.6
v -0.7 1.4 -1.6
v -0.6 1.4 -1.6
v -0.5 1.4 -1.6
v -0.4 1.4 -1.6
v -0.3 1.4 -1.6
v -0.2 1.4 -1.6
v -0.0999999 1.4 -1.6
v 0 1.4 -1.6
v 0.0999999 1.4 -1.6
v 0.2 1.4 -1.6
v 0.3 1.4 -1.6
v 0.5 1.4 -1.6
v 0.6 1.4 -1.6
v 0.7 1.4 -1.6
v 0.8 1.4 -1.6
v 0.9 1.4 -1.6
v 1 1.4 -1.6
v 1.2 1.4 -1.6
v 1.3 1.4 -1.6
v 1.4 1.4 -1.6
v 1.6 1.4 -1.6
v -1.7 1.4 -1.7
v -1.6 1.4 -1.7
v -1.5 1.4 -1.7
v -1.4 1.4 -1.7
v -1.3 1.4 -1.7
v -1.2 1.4 -1.7
v -1.1 1.4 -1.7
v -1 1.4 -1.7
v -0.9 1.4 -1.7
v -0.8 1.4 -1.7
v -0.7 1.4 -1.7
v -0.6 1.4 -1.7
v -0.5 1.4 -1.7
v -0.4 1.4 -1.7
v -0.3 1.4 -1.7
v -0.2 1.4 -1.7
v 0 1.4 -1.7
v 0.0999999 1.4 -1.7
v 0.2 1.4 -1.7
v 0.3 1.4 -1.7
v 0.4 1.4 -1.7
v 0.5 1.4 -1.7
v 0.6 1.4 -1.7
v 0.7 1.4 -1.7
v 0.8 1.4 -1.7
v 0.9 1.4 -1.7
v 1 1.4 -1.7
v 1.1 1.4 -1.7
v 1.2 1.4 -1.7
v 1.3 1.4 -1.7
v 1.4 1.4 -1.7
v 1.5 1.4 -1.7
v 1.6 1.4 -1.7
v -1.7 1.4 -1.8
v -1.6 1.4 -1.8
v -1.5 1.4 -1.8
v -1.4 1.4 -1.8
v -1.3 1.4 -1.8
v -1.2 1.4 -1.8
v -1.1 1.4 -1.8
v -1 1.4 -1.8
v -0.8 1.4 -1.8
v -0.7 1.4 -1.8
v -0.6 1.4 -1.8
v -0.4 1.4 -1.8
v -0.3 1.4 -1.8
v -0.2 1.4 -1.8
v -0.0999999 1.4 -1.8
v 0 1.4 -1.8
v 0.0999999 1.4 -1.8
v 0.2 1.4 -1.8
v 0.3 1.4 -1.8
v 0.4 1.4 -1.8
v 0.5 1.4 -1.8
v 0.6 1.4 -1.8
v 0.7 1.4 -1.8
v 0.8 1.4 -1.8
v 0.9 1.4 -1.8
v 1 1.4 -1.8
v 1.1 1.4 -1.8
v 1.2 1.4 -1.8
v 1.5 1.4 -1.8
v 1.6 1.4 -1.8
v -1.5 1.4 -1.9
v -1.4 1.4 -1.9
v -1.2 1.4 -1.9
v -1.1 1.4 -1.9
v -1 1.4 -1.9
v -0.9 1.4 -1.9
v -0.8 1.4 -1.9
v -0.7 1.4 -1.9
v -0.5 1.4 -1.9
v -0.4 1.4 -1.9
v -0.3 1.4 -1.9
v -0.0999999 1.4 -1.9
v 0 1.4 -1.9
v 0.2 1.4 -1.9
v 0.3 1.4 -1.9
v 0.4 1.4 -1.9
v 0.5 1.4 -1.9
v 0.6 1.4 -1.9
v 0.7 1.4 -1.9
v 0.8 1.4 -1.9
v 0.9 1.4 -1.9
v 1 1.4 -1.9
v 1.1 1.4 -1.9
v 1.2 1.4 -1.9
v 1.3 1.4 -1.9
v 1.4 1.4 -1.9
v 1.5 1.4 -1.9
v 1.6 1.4 -1.9
v -1.7 1.4 -2
v -1.6 1.4 -2
v -1.5 1.4 -2
v -1.4 1.4 -2
v -1.3 1.4 -2
v -1.2 1.4 -2
v -1 1.4 -2
v -0.9 1.4 -2
v -0.8 1.4 -2
v -0.7 1.4 -2
v -0.6 1.4 -2
v -0.5 1.4 -2
v -0.4 1.4 -2
v -0.3 1.4 -2
v -0.0999999 1.4 -2
v 0 1.4 -2
v 0.0999999 1.4 -2
v 0.2 1.4 -2
v 0.3 1.4 -2
v 0.5 1.4 -2
v 0.6 1.4 -2
v 0.7 1.4 -2
v 0.8 1.4 -2
v 0.9 1.4 -2
v 1 1.4 -2
v 1.1 1.4 -2
v 1.2 1.4 -2
v 1.3 1.4 -2
v 1.4 1.4 -2
v -1.7 1.4 -2.1
v -1.6 1.4 -2.1
v -1.5 1.4 -2.1
v -1.4 1.4 -2.1
v -1.3 1.4 -2.1
v -1.2 1.4 -2.1
v -1.1 1.4 -2.1
v -1 1.4 -2.1
v -0.9 1.4 -2.1
v -0.8 1.4 -2.1
v -0.6 1.4 -2.1
v -0.5 1.4 -2.1
v -0.4 1.4 -2.1
v -0.0999999 1.4 -2.1
v 0 1.4 -2.1
v 0.0999999 1.4 -2.1
v 0.2 1.4 -2.1
v 0.3 1.4 -2.1
v 0.5 1.4 -2.1
v 0.6 1.4 -2.1
v 0.7 1.4 -2.1
v 0.8 1.4 -2.1
v 1 1.4 -2.1
v 1.1 1.4 -2.1
v 1.2 1.4 -2.1
v 1.3 1.4 -2.1
v 1.4 1.4 -2.1
v 1.5 1.4 -2.1
v 1.6 1.4 -2.1
v -1.7 1.4 -2.2
v -1.6 1.4 -2.2
v -1.5 1.4 -2.2
v -1.4 1.4 -2.2
v -1.3 1.4 -2.2
v -1.2 1.4 -2.2
v -1.1 1.4 -2.2
v -1 1.4 -2.2
v -0.9 1.4 -2.2
v -0.8 1.4 -2.2
v -0.7 1.4 -2.2
v -0.6 1.4 -2.2
v -0.5 1.4 -2.2
v -0.4 1.4 -2.2
v -0.3 1.4 -2.2
v -0.2 1.4 -2.2
v 0.0999999 1.4 -2.2
v 0.2 1.4 -2.2
v 0.3 1.4 -2.2
v 0.4 1.4 -2.2
v 0.6 1.4 -2.2
v 0.7 1.4 -2.2
v 0.8 1.4 -2.2
v 0.9 1.4 -2.2
v 1 1.4 -2.2
v 1.1 1.4 -2.2
v 1.2 1.4 -2.2
v 1.3 1.4 -2.2
v 1.4 1.4 -2.2
v 1.5 1.4 -2.2
v 1.6 1.4 -2.2
v -1.7 1.4 -2.3
v -1.6 1.4 -2.3
v -1.5 1.4 -2.3
v -1.4 1.4 -2.3
v -1.3 1.4 -2.3
v -1.1 1.4 -2.3
v -1 1.4 -2.3
v -0.9 1.4 -2.3
v -0.8 1.4 -2.3
v -0.7 1.4 -2.3
v -0.6 1.4 -2.3
v -0.5 1.4 -2.3
v -0.4 1.4 -2.3
v -0.3 1.4 -2.3
v -0.2 1.4 -2.3
v -0.0999999 1.4 -2.3
v 0 1.4 -2.3
v 0.0999999 1.4 -2.3
v 0.2 1.4 -2.3
v 0.3 1.4 -2.3
v 0.7 1.4 -2.3
v 0.8 1.4 -2.3
v 0.9 1.4 -2.3
v 1 1.4 -2.3
v 1.1 1.4 -2.3
v 1.2 1.4 -2.3
v 1.6 1.4 -2.3
v -1.7 1.4 -2.4
v -1.5 1.4 -2.4
v -1.4 1.4 -2.4
v -1.3 1.4 -2.4
v -1.1 1.4 -2.4
v -1 1.4 -2.4
v -0.8 1.4 -2.4
v -0.7 1.4 -2.4
v -0.6 1.4 -2.4
v -0.5 1.4 -2.4
v -0.3 1.4 -2.4
v -0.2 1.4 -2.4
v -0.0999999 1.4 -2.4
v 0 1.4 -2.4
v 0.0999999 1.4 -2.4
v 0.2 1.4 -2.4
v 0.3 1.4 -2.4
v 0.4 1.4 -2.4
v 0.5 1.4 -2.4
v 0.6 1.4 -2.4
v 0.7 1.4 -2.4
v 0.8 1.4 -2.4
v 0.9 1.4 -2.4
v 1.1 1.4 -2.4
v 1.2 1.4 -2.4
v 1.3 1.4 -2.4
v 1.4 1.4 -2.4
v 1.5 1.4 -2.4
v 1.6 1.4 -2.4
v -1.7 1.4 -2.5
v -1.5 1.4 -2.5
v -1.3 1.4 -2.5
v -1.2 1.4 -2.5
v -1.1 1.4 -2.5
v -1 1.4 -2.5
v -0.8 1.4 -2.5
v -0.7 1.4 -2.5
v -0.6 1.4 -2.5
v -0.5 1.4 -2.5
v -0.4 1.4 -2.5
v -0.3 1.4 -2.5
v -0.2 1.4 -2.5
v -0.0999999 1.4 -2.5
v 0 1.4 -2.5
v 0.0999999 1.4 -2.5
v 0.2 1.4 -2.5
v 0.3 1.4 -2.5
v 0.4 1.4 -2.5
v 0.5 1.4 -2.5
v 0.6 1.4 -2.5
v 0.7 1.4 -2.5
v 0.8 1.4 -2.5
v 0.9 1.4 -2.5
v 1 1.4 -2.5
v 1.1 1.4 -2.5
v 1.4 1.4 -2.5
v 1.5 1.4 -2.5
v 1.6 1.4 -2.5
v -1.7 1.4 -2.6
v -1.5 1.4 -2.6
v -1.4 1.4 -2.6
v -1.3 1.4 -2.6
v -1.2 1.4 -2.6
v -1.1 1.4 -2.6
v -0.9 1.4 -2.6
v -0.8 1.4 -2.6
v -0.7 1.4 -2.6
v -0.6 1.4 -2.6
v -0.5 1.4 -2.6
v -0.4 1.4 -2.6
v -0.3 1.4 -2.6
v -0.2 1.4 -2.6
v -0.0999999 1.4 -2.6
v 0 1.4 -2.6
v 0.0999999 1.4 -2.6
v 0.2 1.4 -2.6
v 0.3 1.4 -2.6
v 0.4 1.4 -2.6
v 0.6 1.4 -2.6
v 0.7 1.4 -2.6
v 0.8 1.4 -2.6
v 0.9 1.4 -2.6
v 1.2 1.4 -2.6
v 1.3 1.4 -2.6
v 1.4 1.4 -2.6
v 1.5 1.4 -2.6
v 1.6 1.4 -2.6
v -1.5 1.4 -2.7
v -1.4 1.4 -2.7
v -1.3 1.4 -2.7
v -1.2 1.4 -2.7
v -1.1 1.4 -2.7
v -0.9 1.4 -2.7
v -0.8 1.4 -2.7
v -0.7 1.4 -2.7
v -0.6 1.4 -2.7
v -0.4 1.4 -2.7
v -0.3 1.4 -2.7
v -0.2 1.4 -2.7
v -0.0999999 1.4 -2.7
v 0 1.4 -2.7
v 0.0999999 1.4 -2.7
v 0.2 1.4 -2.7
v 0.3 1.4 -2.7
v 0.4 1.4 -2.7
v 0.5 1.4 -2.7
v 0.6 1.4 -2.7
v 0.7 1.4 -2.7
v 0.8 1.4 -2.7
v 0.9 1.4 -2.7
v 1 1.4 -2.7
v 1.1 1.4 -2.7
v 1.2 1.4 -2.7
v 1.3 1.4 -2.7
v 1.4 1.4 -2.7
v 1.5 1.4 -2.7
v -1.4 1.4 -2.8
v -1.3 1.4 -2.8
v -1.2 1.4 -2.8
v -1.1 1.4 -2.8
v -1 1.4 -2.8
v -0.9 1.4 -2.8
v -0.8 1.4 -2.8
v -0.7 1.4 -2.8
v -0.5 1.4 -2.8
v -0.4 1.4 -2.8
v -0.3 1.4 -2.8
v -0.2 1.4 -2.8
v -0.0999999 1.4 -2.8
v 0.0999999 1.4 -2.8
v 0.2 1.4 -2.8
v 0.3 1.4 -2.8
v 0.5 1.4 -2.8
v 0.6 1.4 -2.8
v 0.7 1.4 -2.8
v 0.8 1.4 -2.8
v 0.9 1.4 -2.8
v 1 1.4 -2.8
v 1.1 1.4 -2.8
v 1.2 1.4 -2.8
v 1.3 1.4 -2.8
v 1.4 1.4 -2.8
v 0.0999999 1.5 4.1
v 0.2 1.5 4.1
v 0.0999999 1.5 4
v 0.2 1.5 4
v 0.0999999 1.5 3.9
v 0.2 1.5 3.9
v -0.0999999 1.5 -2.1
v 0.0999999 1.5 -2.1
v -0.0999999 1.5 -2.3
v 0.0999999 1.5 -2.3
v 0 1.5 -3.9
v 0.0999999 1.5 -3.9
v 0 1.5 -4
v 0.0999999 1.5 -4
v -0.2 1.6 4.1
v -0.0999999 1.6 4.1
v 0 1.6 4.1
v 0.0999999 1.6 4.1
v -0.2 1.6 4
v -0.0999999 1.6 4
v 0 1.6 4
v 0.2 1.6 4
v 0.3 1.6 4
v -0.3 1.6 3.9
v -0.2 1.6 3.9
v -0.0999999 1.6 3.9
v 0 1.6 3.9
v 0.0999999 1.6 3.9
v 0.2 1.6 3.9
v 0.3 1.6 3.9
v -0.3 1.6 3.8
v -0.2 1.6 3.8
v 0.2 1.6 3.8
v 0.3 1.6 3.8
v -0.3 1.6 3.7
v -0.2 1.6 3.7
v -0.0999999 1.6 3.7
v 0 1.6 3.7
v 0.0999999 1.6 3.7
v 0.3 1.6 3.7
v 0.0999999 1.6 3.6
v 0.2 1.6 3.6
v 0.3 1.6 3.6
v 0.4 1.6 3.6
v -0.4 1.6 3.5
v -0.3 1.6 3.5
v -0.2 1.6 3.5
v 0.0999999 1.6 3.5
v 0.2 1.6 3.5
v 0.3 1.6 3.5
v 0.4 1.6 3.5
v -0.5 1.6 3.4
v -0.4 1.6 3.4
v -0.3 1.6 3.4
v 0.2 1.6 3.4
v 0.3 1.6 3.4
v 0.4 1.6 3.4
v 0.5 1.6 3.4
v -0.5 1.6 3.3
v -0.4 1.6 3.3
v -0.3 1.6 3.3
v 0.2 1.6 3.3
v 0.3 1.6 3.3
v 0.4 1.6 3.3
v 0.5 1.6 3.3
v 0.6 1.6 3.3
v -0.6 1.6 3.2
v -0.5 1.6 3.2
v -0.4 1.6 3.2
v -0.3 1.6 3.2
v 0.3 1.6 3.2
v 0.4 1.6 3.2
v 0.5 1.6 3.2
v 0.6 1.6 3.2
v -0.7 1.6 3.1
v -0.6 1.6 3.1
v -0.5 1.6 3.1
v -0.4 1.6 3.1
v 0.3 1.6 3.1
v 0.4 1.6 3.1
v 0.6 1.6 3.1
v 0.7 1.6 3.1
v -0.8 1.6 3
v -0.7 1.6 3
v -0.6 1.6 3
v -0.5 1.6 3
v 0.5 1.6 3
v 0.6 1.6 3
v 0.7 1.6 3
v -0.9 1.6 2.9
v -0.8 1.6 2.9
v -0.5 1.6 2.9
v -0.4 1.6 2.9
v 0.4 1.6 2.9
v 0.5 1.6 2.9
v 0.6 1.6 2.9
v 0.7 1.6 2.9
v -0.8 1.6 2.8
v -0.7 1.6 2.8
v 0.5 1.6 2.8
v 0.6 1.6 2.8
v 0.7 1.6 2.8
v 0.8 1.6 2.8
v -1 1.6 2.7
v -0.9 1.6 2.7
v -0.8 1.6 2.7
v -0.6 1.6 2.7
v -0.5 1.6 2.7
v 0.7 1.6 2.7
v 0.8 1.6 2.7
v 0.9 1.6 2.7
v -1 1.6 2.6
v -0.9 1.6 2.6
v -0.8 1.6 2.6
v -0.7 1.6 2.6
v -0.6 1.6 2.6
v 0.6 1.6 2.6
v 0.7 1.6 2.6
v 0.8 1.6 2.6
v 0.9 1.6 2.6
v -1.1 1.6 2.5
v -1 1.6 2.5
v -0.9 1.6 2.5
v -0.8 1.6 2.5
v -0.7 1.6 2.5
v -0.6 1.6 2.5
v 0.7 1.6 2.5
v 0.8 1.6 2.5
v 0.9 1.6 2.5
v 1 1.6 2.5
v -1.1 1.6 2.4
v -0.9 1.6 2.4
v -0.8 1.6 2.4
v -0.7 1.6 2.4
v 0.8 1.6 2.4
v 0.9 1.6 2.4
v 1 1.6 2.4
v -1.1 1.6 2.3
v -0.8 1.6 2.3
v -0.7 1.6 2.3
v 0.8 1.6 2.3
v 0.9 1.6 2.3
v 1 1.6 2.3
v 1.1 1.6 2.3
v -1.2 1.6 2.2
v -1.1 1.6 2.2
v -1 1.6 2.2
v -0.9 1.6 2.2
v 0.9 1.6 2.2
v 1 1.6 2.2
v 1.1 1.6 2.2
v -1.1 1.6 2.1
v -1 1.6 2.1
v -0.9 1.6 2.1
v -0.8 1.6 2.1
v 1 1.6 2.1
v 1.1 1.6 2.1
v 1.2 1.6 2.1
v -1.3 1.6 2
v -1.2 1.6 2
v -1.1 1.6 2
v -1 1.6 2
v -0.9 1.6 2
v 1 1.6 2
v 1.1 1.6 2
v 1.2 1.6 2
v -1.3 1.6 1.9
v -1.1 1.6 1.9
v -1 1.6 1.9
v 1.1 1.6 1.9
v 1.2 1.6 1.9
v 1.3 1.6 1.9
v -1.3 1.6 1.8
v -1.2 1.6 1.8
v -1.1 1.6 1.8
v 1.1 1.6 1.8
v 1.2 1.6 1.8
v 1.3 1.6 1.8
v -1.4 1.6 1.7
v -1.3 1.6 1.7
v -1.2 1.6 1.7
v 1.3 1.6 1.7
v 1.4 1.6 1.7
v -1.4 1.6 1.6
v -1.3 1.6 1.6
v 1.2 1.6 1.6
v 1.3 1.6 1.6
v 1.4 1.6 1.6
v 1.2 1.6 1.5
v 1.3 1.6 1.5
v 1.4 1.6 1.5
v -0.4 1.7 4.4
v -0.3 1.7 4.4
v 0.3 1.7 4.4
v 0.4 1.7 4.4
v -0.4 1.7 4.3
v -0.3 1.7 4.3
v -0.2 1.7 4.3
v -0.0999999 1.7 4.3
v 0.0999999 1.7 4.3
v 0.2 1.7 4.3
v 0.3 1.7 4.3
v 0.4 1.7 4.3
v -0.5 1.7 4.2
v -0.4 1.7 4.2
v -0.3 1.7 4.2
v -0.0999999 1.7 4.2
v 0.0999999 1.7 4.2
v 0.2 1.7 4.2
v 0.3 1.7 4.2
v 0.4 1.7 4.2
v -0.5 1.7 4.1
v -0.4 1.7 4.1
v -0.3 1.7 4.1
v -0.2 1.7 4.1
v -0.0999999 1.7 4.1
v 0.0999999 1.7 4.1
v 0.2 1.7 4.1
v 0.3 1.7 4.1
v 0.4 1.7 4.1
v 0.5 1.7 4.1
v -0.6 1.7 4
v -0.5 1.7 4
v -0.4 1.7 4
v -0.3 1.7 4
v -0.2 1.7 4
v 0.2 1.7 4
v 0.3 1.7 4
v 0.4 1.7 4
v -0.5 1.7 3.9
v -0.4 1.7 3.9
v -0.3 1.7 3.9
v -0.2 1.7 3.9
v 0.4 1.7 3.9
v 0.5 1.7 3.9
v -0.6 1.7 3.8
v -0.5 1.7 3.8
v -0.4 1.7 3.8
v 0.3 1.7 3.8
v 0.4 1.7 3.8
v 0.5 1.7 3.8
v 0.6 1.7 3.8
v -0.6 1.7 3.7
v -0.5 1.7 3.7
v -0.4 1.7 3.7
v -0.3 1.7 3.7
v 0.3 1.7 3.7
v 0.4 1.7 3.7
v 0.5 1.7 3.7
v 0.6 1.7 3.7
v -0.7 1.7 3.6
v -0.6 1.7 3.6
v -0.5 1.7 3.6
v -0.4 1.7 3.6
v 0.3 1.7 3.6
v 0.4 1.7 3.6
v 0.5 1.7 3.6
v 0.6 1.7 3.6
v 0.7 1.7 3.6
v -0.7 1.7 3.5
v -0.6 1.7 3.5
v -0.5 1.7 3.5
v -0.4 1.7 3.5
v -0.3 1.7 3.5
v 0.4 1.7 3.5
v 0.5 1.7 3.5
v 0.6 1.7 3.5
v 0.7 1.7 3.5
v -0.8 1.7 3.4
v -0.7 1.7 3.4
v -0.6 1.7 3.4
v -0.5 1.7 3.4
v -0.4 1.7 3.4
v 0.4 1.7 3.4
v 0.5 1.7 3.4
v 0.6 1.7 3.4
v 0.7 1.7 3.4
v 0.8 1.7 3.4
v -0.8 1.7 3.3
v -0.7 1.7 3.3
v -0.5 1.7 3.3
v 0.5 1.7 3.3
v 0.6 1.7 3.3
v 0.7 1.7 3.3
v 0.8 1.7 3.3
v -0.9 1.7 3.2
v -0.8 1.7 3.2
v -0.7 1.7 3.2
v -0.6 1.7 3.2
v -0.5 1.7 3.2
v 0.6 1.7 3.2
v 0.7 1.7 3.2
v 0.8 1.7 3.2
v 0.9 1.7 3.2
v -0.9 1.7 3.1
v -0.8 1.7 3.1
v -0.7 1.7 3.1
v -0.6 1.7 3.1
v 0.6 1.7 3.1
v 0.7 1.7 3.1
v 0.8 1.7 3.1
v -1 1.7 3
v -0.9 1.7 3
v -0.8 1.7 3
v -0.7 1.7 3
v 0.7 1.7 3
v 0.8 1.7 3
v 0.9 1.7 3
v 1 1.7 3
v -1 1.7 2.9
v -0.9 1.7 2.9
v -0.8 1.7 2.9
v 0.9 1.7 2.9
v 1 1.7 2.9
v -1.1 1.7 2.8
v -1 1.7 2.8
v 0.7 1.7 2.8
v 0.8 1.7 2.8
v 0.9 1.7 2.8
v 1 1.7 2.8
v 1.1 1.7 2.8
v -1.1 1.7 2.7
v -1 1.7 2.7
v -0.9 1.7 2.7
v 0.8 1.7 2.7
v 0.9 1.7 2.7
v 1 1.7 2.7
v 1.1 1.7 2.7
v -1.2 1.7 2.6
v -1.1 1.7 2.6
v -1 1.7 2.6
v -1.1 1.7 2.5
v -1 1.7 2.5
v 0.9 1.7 2.5
v 1 1.7 2.5
v 1.1 1.7 2.5
v 1.2 1.7 2.5
v -1.3 1.7 2.4
v -1.2 1.7 2.4
v 1 1.7 2.4
v 1.1 1.7 2.4
v -1.2 1.7 2.3
v -1.1 1.7 2.3
v 1 1.7 2.3
v 1.1 1.7 2.3
v 1.2 1.7 2.3
v 1.3 1.7 2.3
v -1.4 1.7 2.2
v -1.3 1.7 2.2
v -1.2 1.7 2.2
v -1.1 1.7 2.2
v 1.1 1.7 2.2
v 1.2 1.7 2.2
v 1.3 1.7 2.2
v 1.4 1.7 2.2
v -1.5 1.7 2.1
v -1.4 1.7 2.1
v 1.1 1.7 2.1
v 1.2 1.7 2.1
v 1.3 1.7 2.1
v 1.4 1.7 2.1
v -1.5 1.7 2
v -1.4 1.7 2
v -1.3 1.7 2
v -1.2 1.7 2
v 1.2 1.7 2
v 1.3 1.7 2
v 1.4 1.7 2
v 1.5 1.7 2
v -1.5 1.7 1.9
v -1.4 1.7 1.9
v -1.3 1.7 1.9
v 1.2 1.7 1.9
v 1.3 1.7 1.9
v 1.4 1.7 1.9
v 1.5 1.7 1.9
v -1.5 1.7 1.8
v -1.4 1.7 1.8
v -1.3 1.7 1.8
v 1.4 1.7 1.8
v 1.5 1.7 1.8
v 1.6 1.7 1.8
v -1.4 1.7 1.7
v -1.3 1.7 1.7
v 1.3 1.7 1.7
v 1.4 1.7 1.7
v 1.5 1.7 1.7
v -1.5 1.7 1.6
v -1.4 1.7 1.6
v -1.3 1.7 1.6
v 1.4 1.7 1.6
v 1.5 1.7 1.6
v 1.6 1.7 1.6
v -1.5 1.7 1.5
v -1.3 1.7 1.5
v 1.4 1.7 1.5
v 1.5 1.7 1.5
v -1.7 1.7 1.1
v -1.6 1.7 1.1
v -1.5 1.7 1.1
v -1.4 1.7 1.1
v -1.3 1.7 1.1
v -1.1 1.7 1.1
v -1 1.7 1.1
v -0.9 1.7 1.1
v -0.8 1.7 1.1
v -0.6 1.7 1.1
v -0.4 1.7 1.1
v -0.3 1.7 1.1
v -0.2 1.7 1.1
v -0.0999999 1.7 1.1
v 0 1.7 1.1
v 0.0999999 1.7 1.1
v 0.2 1.7 1.1
v 0.3 1.7 1.1
v 0.4 1.7 1.1
v 0.5 1.7 1.1
v 0.6 1.7 1.1
v 0.7 1.7 1.1
v 0.8 1.7 1.1
v 0.9 1.7 1.1
v 1 1.7 1.1
v 1.1 1.7 1.1
v 1.2 1.7 1.1
v 1.3 1.7 1.1
v 1.6 1.7 1.1
v -1.7 1.7 1
v -1.6 1.7 1
v -1.4 1.7 1
v -1.3 1.7 1
v -1.2 1.7 1
v -1.1 1.7 1
v -0.9 1.7 1
v -0.8 1.7 1
v -0.7 1.7 1
v -0.6 1.7 1
v -0.5 1.7 1
v -0.4 1.7 1
v -0.3 1.7 1
v -0.2 1.7 1
v -0.0999999 1.7 1
v 0 1.7 1
v 0.0999999 1.7 1
v 0.2 1.7 1
v 0.3 1.7 1
v 0.4 1.7 1
v 0.5 1.7 1
v 0.6 1.7 1
v 0.7 1.7 1
v 0.9 1.7 1
v 1 1.7 1
v 1.1 1.7 1
v 1.2 1.7 1
v 1.3 1.7 1
v 1.6 1.7 1
v -1.7 1.7 0.9
v -1.6 1.7 0.9
v -1.5 1.7 0.9
v -1.4 1.7 0.9
v -1.3 1.7 0.9
v -1.2 1.7 0.9
v -1.1 1.7 0.9
v -1 1.7 0.9
v -0.9 1.7 0.9
v -0.5 1.7 0.9
v -0.2 1.7 0.9
v -0.0999999 1.7 0.9
v 0 1.7 0.9
v 0.0999999 1.7 0.9
v 0.2 1.7 0.9
v 0.3 1.7 0.9
v 0.4 1.7 0.9
v 0.5 1.7 0.9
v 0.6 1.7 0.9
v 0.7 1.7 0.9
v 0.9 1.7 0.9
v 1 1.7 0.9
v 1.1 1.7 0.9
v 1.2 1.7 0.9
v 1.3 1.7 0.9
v 1.5 1.7 0.9
v 1.6 1.7 0.9
v -1.6 1.7 0.8
v -1.5 1.7 0.8
v -1.4 1.7 0.8
v -1.3 1.7 0.8
v -1.2 1.7 0.8
v -1.1 1.7 0.8
v -1 1.7 0.8
v -0.9 1.7 0.8
v -0.8 1.7 0.8
v -0.7 1.7 0.8
v -0.6 1.7 0.8
v -0.5 1.7 0.8
v -0.3 1.7 0.8
v -0.2 1.7 0.8
v -0.0999999 1.7 0.8
v 0 1.7 0.8
v 0.0999999 1.7 0.8
v 0.2 1.7 0.8
v 0.3 1.7 0.8
v 0.4 1.7 0.8
v 0.5 1.7 0.8
v 0.6 1.7 0.8
v 0.7 1.7 0.8
v 0.8 1.7 0.8
v 0.9 1.7 0.8
v 1 1.7 0.8
v 1.1 1.7 0.8
v 1.3 1.7 0.8
v 1.5 1.7 0.8
v 1.6 1.7 0.8
v -1.7 1.7 0.7
v -1.6 1.7 0.7
v -1.5 1.7 0.7
v -1.4 1.7 0.7
v -1.3 1.7 0.7
v -1.2 1.7 0.7
v -1.1 1.7 0.7
v -0.8 1.7 0.7
v -0.7 1.7 0.7
v -0.6 1.7 0.7
v -0.5 1.7 0.7
v -0.4 1.7 0.7
v -0.3 1.7 0.7
v -0.2 1.7 0.7
v -0.0999999 1.7 0.7
v 0 1.7 0.7
v 0.0999999 1.7 0.7
v 0.2 1.7 0.7
v 0.3 1.7 0.7
v 0.4 1.7 0.7
v 0.5 1.7 0.7
v 0.6 1.7 0.7
v 0.7 1.7 0.7
v 0.8 1.7 0.7
v 0.9 1.7 0.7
v 1 1.7 0.7
v 1.1 1.7 0.7
v 1.3 1.7 0.7
v 1.4 1.7 0.7
v 1.5 1.7 0.7
v -1.7 1.7 0.6
v -1.6 1.7 0.6
v -1.5 1.7 0.6
v -1.4 1.7 0.6
v -1.3 1.7 0.6
v -1.2 1.7 0.6
v -1.1 1.7 0.6
v -1 1.7 0.6
v -0.7 1.7 0.6
v -0.4 1.7 0.6
v 0 1.7 0.6
v 0.2 1.7 0.6
v 0.3 1.7 0.6
v 0.4 1.7 0.6
v 0.7 1.7 0.6
v 0.9 1.7 0.6
v 1 1.7 0.6
v 1.1 1.7 0.6
v 1.3 1.7 0.6
v 1.4 1.7 0.6
v 1.5 1.7 0.6
v 1.6 1.7 0.6
v -1.7 1.7 -0.5
v -1.5 1.7 -0.5
v -1.4 1.7 -0.5
v -1.3 1.7 -0.5
v -1.1 1.7 -0.5
v -0.8 1.7 -0.5
v -0.7 1.7 -0.5
v -0.6 1.7 -0.5
v -0.5 1.7 -0.5
v -0.3 1.7 -0.5
v -0.2 1.7 -0.5
v 0 1.7 -0.5
v 0.0999999 1.7 -0.5
v 0.2 1.7 -0.5
v 0.3 1.7 -0.5
v 0.5 1.7 -0.5
v 0.6 1.7 -0.5
v 0.7 1.7 -0.5
v 0.8 1.7 -0.5
v 0.9 1.7 -0.5
v 1 1.7 -0.5
v 1.1 1.7 -0.5
v 1.2 1.7 -0.5
v 1.3 1.7 -0.5
v 1.5 1.7 -0.5
v 1.6 1.7 -0.5
v -1.5 1.7 -0.6
v -1.4 1.7 -0.6
v -1.3 1.7 -0.6
v -1.2 1.7 -0.6
v -1.1 1.7 -0.6
v -1 1.7 -0.6
v -0.9 1.7 -0.6
v -0.8 1.7 -0.6
v -0.6 1.7 -0.6
v -0.5 1.7 -0.6
v -0.4 1.7 -0.6
v -0.3 1.7 -0.6
v -0.2 1.7 -0.6
v -0.0999999 1.7 -0.6
v 0 1.7 -0.6
v 0.0999999 1.7 -0.6
v 0.2 1.7 -0.6
v 0.3 1.7 -0.6
v 0.4 1.7 -0.6
v 0.5 1.7 -0.6
v 0.6 1.7 -0.6
v 0.7 1.7 -0.6
v 0.8 1.7 -0.6
v 0.9 1.7 -0.6
v 1.2 1.7 -0.6
v 1.3 1.7 -0.6
v 1.4 1.7 -0.6
v 1.5 1.7 -0.6
v 1.6 1.7 -0.6
v -1.7 1.7 -0.7
v -1.6 1.7 -0.7
v -1.5 1.7 -0.7
v -1.4 1.7 -0.7
v -1.2 1.7 -0.7
v -1.1 1.7 -0.7
v -1 1.7 -0.7
v -0.9 1.7 -0.7
v -0.8 1.7 -0.7
v -0.7 1.7 -0.7
v -0.6 1.7 -0.7
v -0.5 1.7 -0.7
v -0.4 1.7 -0.7
v -0.3 1.7 -0.7
v -0.2 1.7 -0.7
v -0.0999999 1.7 -0.7
v 0 1.7 -0.7
v 0.2 1.7 -0.7
v 0.4 1.7 -0.7
v 0.5 1.7 -0.7
v 0.6 1.7 -0.7
v 0.7 1.7 -0.7
v 0.9 1.7 -0.7
v 1 1.7 -0.7
v 1.1 1.7 -0.7
v 1.2 1.7 -0.7
v 1.3 1.7 -0.7
v 1.4 1.7 -0.7
v 1.5 1.7 -0.7
v 1.6 1.7 -0.7
v -1.7 1.7 -0.8
v -1.6 1.7 -0.8
v -1.5 1.7 -0.8
v -1.4 1.7 -0.8
v -1.3 1.7 -0.8
v -1.2 1.7 -0.8
v -1 1.7 -0.8
v -0.9 1.7 -0.8
v -0.8 1.7 -0.8
v -0.7 1.7 -0.8
v -0.6 1.7 -0.8
v -0.2 1.7 -0.8
v -0.0999999 1.7 -0.8
v 0 1.7 -0.8
v 0.0999999 1.7 -0.8
v 0.2 1.7 -0.8
v 0.5 1.7 -0.8
v 0.9 1.7 -0.8
v 1 1.7 -0.8
v 1.1 1.7 -0.8
v 1.2 1.7 -0.8
v 1.3 1.7 -0.8
v 1.5 1.7 -0.8
v 1.6 1.7 -0.8
v -1.7 1.7 -0.9
v -1.6 1.7 -0.9
v -1.5 1.7 -0.9
v -1.4 1.7 -0.9
v -1.3 1.7 -0.9
v -1.2 1.7 -0.9
v -1.1 1.7 -0.9
v -0.9 1.7 -0.9
v -0.8 1.7 -0.9
v -0.7 1.7 -0.9
v -0.6 1.7 -0.9
v -0.5 1.7 -0.9
v -0.4 1.7 -0.9
v -0.3 1.7 -0.9
v -0.2 1.7 -0.9
v -0.0999999 1.7 -0.9
v 0.0999999 1.7 -0.9
v 0.2 1.7 -0.9
v 0.3 1.7 -0.9
v 0.4 1.7 -0.9
v 0.5 1.7 -0.9
v 0.6 1.7 -0.9
v 0.7 1.7 -0.9
v 0.8 1.7 -0.9
v 0.9 1.7 -0.9
v 1 1.7 -0.9
v 1.1 1.7 -0.9
v 1.3 1.7 -0.9
v 1.4 1.7 -0.9
v 1.5 1.7 -0.9
v 1.6 1.7 -0.9
v -1.7 1.7 -1
v -1.6 1.7 -1
v -1.5 1.7 -1
v -1.4 1.7 -1
v -1.3 1.7 -1
v -1.1 1.7 -1
v -1 1.7 -1
v -0.9 1.7 -1
v -0.7 1.7 -1
v -0.5 1.7 -1
v -0.4 1.7 -1
v -0.3 1.7 -1
v -0.2 1.7 -1
v -0.0999999 1.7 -1
v 0.0999999 1.7 -1
v 0.3 1.7 -1
v 0.4 1.7 -1
v 0.6 1.7 -1
v 0.8 1.7 -1
v 0.9 1.7 -1
v 1 1.7 -1
v 1.3 1.7 -1
v 1.4 1.7 -1
v 1.5 1.7 -1
v 1.6 1.7 -1
v -1.7 1.7 -1.8
v -1.5 1.7 -1.8
v -1.2 1.7 -1.8
v -1.1 1.7 -1.8
v -0.9 1.7 -1.8
v -0.8 1.7 -1.8
v -0.7 1.7 -1.8
v -0.6 1.7 -1.8
v -0.5 1.7 -1.8
v -0.3 1.7 -1.8
v -0.2 1.7 -1.8
v -0.0999999 1.7 -1.8
v 0 1.7 -1.8
v 0.0999999 1.7 -1.8
v 0.2 1.7 -1.8
v 0.3 1.7 -1.8
v 0.4 1.7 -1.8
v 0.6 1.7 -1.8
v 0.7 1.7 -1.8
v 0.8 1.7 -1.8
v 0.9 1.7 -1.8
v 1 1.7 -1.8
v 1.1 1.7 -1.8
v 1.2 1.7 -1.8
v 1.6 1.7 -1.8
v -1.6 1.7 -1.9
v -1.5 1.7 -1.9
v -1.4 1.7 -1.9
v -1.3 1.7 -1.9
v -1.2 1.7 -1.9
v -1 1.7 -1.9
v -0.9 1.7 -1.9
v -0.8 1.7 -1.9
v -0.7 1.7 -1.9
v -0.5 1.7 -1.9
v -0.3 1.7 -1.9
v -0.0999999 1.7 -1.9
v 0 1.7 -1.9
v 0.0999999 1.7 -1.9
v 0.2 1.7 -1.9
v 0.3 1.7 -1.9
v 0.4 1.7 -1.9
v 0.5 1.7 -1.9
v 0.6 1.7 -1.9
v 0.7 1.7 -1.9
v 0.8 1.7 -1.9
v 0.9 1.7 -1.9
v 1 1.7 -1.9
v 1.1 1.7 -1.9
v 1.4 1.7 -1.9
v 1.6 1.7 -1.9
v -1.7 1.7 -2
v -1.6 1.7 -2
v -1.5 1.7 -2
v -1.4 1.7 -2
v -1.3 1.7 -2
v -1.2 1.7 -2
v -1.1 1.7 -2
v -1 1.7 -2
v -0.9 1.7 -2
v -0.8 1.7 -2
v -0.6 1.7 -2
v -0.5 1.7 -2
v -0.4 1.7 -2
v -0.3 1.7 -2
v -0.2 1.7 -2
v -0.0999999 1.7 -2
v 0 1.7 -2
v 0.2 1.7 -2
v 0.3 1.7 -2
v 0.4 1.7 -2
v 0.5 1.7 -2
v 0.6 1.7 -2
v 0.7 1.7 -2
v 0.8 1.7 -2
v 1 1.7 -2
v 1.1 1.7 -2
v 1.2 1.7 -2
v 1.4 1.7 -2
v 1.5 1.7 -2
v 1.6 1.7 -2
v -1.7 1.7 -2.1
v -1.6 1.7 -2.1
v -1.3 1.7 -2.1
v -1.2 1.7 -2.1
v -1.1 1.7 -2.1
v -1 1.7 -2.1
v -0.9 1.7 -2.1
v -0.8 1.7 -2.1
v -0.5 1.7 -2.1
v -0.4 1.7 -2.1
v -0.3 1.7 -2.1
v -0.2 1.7 -2.1
v -0.0999999 1.7 -2.1
v 0.0999999 1.7 -2.1
v 0.2 1.7 -2.1
v 0.3 1.7 -2.1
v 0.4 1.7 -2.1
v 0.5 1.7 -2.1
v 0.6 1.7 -2.1
v 0.7 1.7 -2.1
v 0.8 1.7 -2.1
v 0.9 1.7 -2.1
v 1 1.7 -2.1
v 1.1 1.7 -2.1
v 1.2 1.7 -2.1
v 1.3 1.7 -2.1
v 1.4 1.7 -2.1
v 1.5 1.7 -2.1
v 1.6 1.7 -2.1
v -1.7 1.7 -2.2
v -1.6 1.7 -2.2
v -1.4 1.7 -2.2
v -1.3 1.7 -2.2
v -1.2 1.7 -2.2
v -1.1 1.7 -2.2
v -1 1.7 -2.2
v -0.9 1.7 -2.2
v -0.8 1.7 -2.2
v -0.5 1.7 -2.2
v -0.4 1.7 -2.2
v -0.3 1.7 -2.2
v -0.2 1.7 -2.2
v 0.0999999 1.7 -2.2
v 0.3 1.7 -2.2
v 0.4 1.7 -2.2
v 0.6 1.7 -2.2
v 0.7 1.7 -2.2
v 0.8 1.7 -2.2
v 0.9 1.7 -2.2
v 1 1.7 -2.2
v 1.1 1.7 -2.2
v 1.5 1.7 -2.2
v 1.6 1.7 -2.2
v -1.7 1.7 -2.3
v -1.6 1.7 -2.3
v -1.5 1.7 -2.3
v -1.4 1.7 -2.3
v -1.3 1.7 -2.3
v -1.2 1.7 -2.3
v -1.1 1.7 -2.3
v -0.9 1.7 -2.3
v -0.8 1.7 -2.3
v -0.5 1.7 -2.3
v -0.4 1.7 -2.3
v -0.3 1.7 -2.3
v -0.2 1.7 -2.3
v -0.0999999 1.7 -2.3
v 0.0999999 1.7 -2.3
v 0.3 1.7 -2.3
v 0.7 1.7 -2.3
v 0.9 1.7 -2.3
v 1.1 1.7 -2.3
v 1.3 1.7 -2.3
v 1.4 1.7 -2.3
v 1.5 1.7 -2.3
v 1.6 1.7 -2.3
v -1.6 1.8 1.7
v -1.5 1.8 1.7
v -1.6 1.8 1.6
v -1.6 1.8 1.5
v -1.5 1.8 1.5
v 0 1.8 -3.9
v 0.0999999 1.8 -3.9
v 0.2 1.8 -3.9
v 0 1.8 -4
v 0.0999999 1.8 -4
v 0.2 1.8 -4
v -0.4 1.9 4.7
v -0.3 1.9 4.7
v -0.2 1.9 4.7
v 0.2 1.9 4.7
v 0.3 1.9 4.7
v 0.4 1.9 4.7
v -0.4 1.9 4.6
v -0.3 1.9 4.6
v -0.2 1.9 4.6
v 0.2 1.9 4.6
v 0.3 1.9 4.6
v 0.4 1.9 4.6
v -0.5 1.9 4.5
v -0.4 1.9 4.5
v -0.3 1.9 4.5
v -0.2 1.9 4.5
v 0.4 1.9 4.5
v 0.5 1.9 4.5
v -0.6 1.9 4.4
v -0.5 1.9 4.4
v -0.4 1.9 4.4
v -0.3 1.9 4.4
v -0.2 1.9 4.4
v 0.2 1.9 4.4
v 0.3 1.9 4.4
v 0.4 1.9 4.4
v 0.5 1.9 4.4
v 0.6 1.9 4.4
v -0.6 1.9 4.3
v -0.5 1.9 4.3
v -0.4 1.9 4.3
v -0.3 1.9 4.3
v -0.2 1.9 4.3
v -0.0999999 1.9 4.3
v 0 1.9 4.3
v 0.0999999 1.9 4.3
v 0.2 1.9 4.3
v 0.3 1.9 4.3
v 0.4 1.9 4.3
v 0.5 1.9 4.3
v -0.7 1.9 4.2
v -0.6 1.9 4.2
v -0.5 1.9 4.2
v -0.4 1.9 4.2
v -0.0999999 1.9 4.2
v 0 1.9 4.2
v 0.0999999 1.9 4.2
v 0.5 1.9 4.2
v 0.6 1.9 4.2
v 0.7 1.9 4.2
v -0.7 1.9 4.1
v -0.6 1.9 4.1
v -0.5 1.9 4.1
v -0.0999999 1.9 4.1
v 0 1.9 4.1
v 0.0999999 1.9 4.1
v 0.4 1.9 4.1
v 0.5 1.9 4.1
v 0.6 1.9 4.1
v 0.7 1.9 4.1
v -0.7 1.9 4
v -0.6 1.9 4
v -0.5 1.9 4
v 0.5 1.9 4
v 0.7 1.9 4
v -0.8 1.9 3.9
v -0.7 1.9 3.9
v -0.6 1.9 3.9
v 0.5 1.9 3.9
v 0.7 1.9 3.9
v 0.8 1.9 3.9
v -0.8 1.9 3.8
v -0.7 1.9 3.8
v 0.5 1.9 3.8
v 0.6 1.9 3.8
v 0.7 1.9 3.8
v 0.8 1.9 3.8
v -0.9 1.9 3.7
v -0.8 1.9 3.7
v -0.7 1.9 3.7
v -0.6 1.9 3.7
v 0.6 1.9 3.7
v 0.7 1.9 3.7
v 0.8 1.9 3.7
v 0.9 1.9 3.7
v -0.9 1.9 3.6
v -0.8 1.9 3.6
v -0.7 1.9 3.6
v -0.6 1.9 3.6
v 0.6 1.9 3.6
v 0.7 1.9 3.6
v 0.8 1.9 3.6
v -1 1.9 3.5
v -0.9 1.9 3.5
v -0.8 1.9 3.5
v -0.7 1.9 3.5
v 0.9 1.9 3.5
v 1 1.9 3.5
v -0.9 1.9 3.4
v -0.8 1.9 3.4
v -0.7 1.9 3.4
v 0.7 1.9 3.4
v 0.8 1.9 3.4
v 0.9 1.9 3.4
v 1 1.9 3.4
v -1 1.9 3.3
v -0.9 1.9 3.3
v -0.8 1.9 3.3
v -1.1 1.9 3.2
v -1 1.9 3.2
v -0.9 1.9 3.2
v -0.8 1.9 3.2
v 0.8 1.9 3.2
v 0.9 1.9 3.2
v 1 1.9 3.2
v 1.1 1.9 3.2
v -1.1 1.9 3.1
v -1 1.9 3.1
v -0.9 1.9 3.1
v 1 1.9 3.1
v 1.1 1.9 3.1
v -1.2 1.9 3
v -1.1 1.9 3
v -1 1.9 3
v -0.9 1.9 3
v 0.9 1.9 3
v 1 1.9 3
v 1.1 1.9 3
v 1.2 1.9 3
v -1.3 1.9 2.9
v -1.2 1.9 2.9
v -1.1 1.9 2.9
v -1 1.9 2.9
v 1 1.9 2.9
v 1.1 1.9 2.9
v 1.2 1.9 2.9
v 1.3 1.9 2.9
v -1.3 1.9 2.8
v -1.2 1.9 2.8
v -1.1 1.9 2.8
v -1 1.9 2.8
v 1 1.9 2.8
v 1.1 1.9 2.8
v 1.2 1.9 2.8
v 1.3 1.9 2.8
v -1.4 1.9 2.7
v -1.3 1.9 2.7
v -1.2 1.9 2.7
v -1.1 1.9 2.7
v 1.3 1.9 2.7
v 1.4 1.9 2.7
v -1.4 1.9 2.6
v -1.3 1.9 2.6
v -1.2 1.9 2.6
v -1.1 1.9 2.6
v 1.1 1.9 2.6
v 1.2 1.9 2.6
v 1.3 1.9 2.6
v 1.4 1.9 2.6
v -1.5 1.9 2.5
v -1.4 1.9 2.5
v -1.3 1.9 2.5
v -1.2 1.9 2.5
v 1.1 1.9 2.5
v 1.2 1.9 2.5
v 1.3 1.9 2.5
v 1.4 1.9 2.5
v 1.5 1.9 2.5
v -1.5 1.9 2.4
v -1.4 1.9 2.4
v -1.3 1.9 2.4
v -1.2 1.9 2.4
v 1.2 1.9 2.4
v 1.3 1.9 2.4
v 1.4 1.9 2.4
v 1.5 1.9 2.4
v -1.6 1.9 2.3
v -1.5 1.9 2.3
v -1.4 1.9 2.3
v -1.3 1.9 2.3
v 1.2 1.9 2.3
v 1.3 1.9 2.3
v 1.4 1.9 2.3
v 1.5 1.9 2.3
v 1.6 1.9 2.3
v -1.6 1.9 2.2
v -1.5 1.9 2.2
v -1.4 1.9 2.2
v -1.3 1.9 2.2
v 1.3 1.9 2.2
v 1.4 1.9 2.2
v 1.5 1.9 2.2
v 1.6 1.9 2.2
v -1.7 1.9 2.1
v -1.6 1.9 2.1
v -1.5 1.9 2.1
v -1.4 1.9 2.1
v 1.5 1.9 2.1
v 1.6 1.9 2.1
v 1.7 1.9 2.1
v -1.7 1.9 2
v -1.6 1.9 2
v 1.4 1.9 2
v 1.5 1.9 2
v 1.6 1.9 2
v 1.7 1.9 2
v -1.8 1.9 1.9
v -1.7 1.9 1.9
v -1.6 1.9 1.9
v 1.5 1.9 1.9
v 1.6 1.9 1.9
v 1.7 1.9 1.9
v 1.8 1.9 1.9
v -1.8 1.9 1.8
v -1.7 1.9 1.8
v -1.6 1.9 1.8
v -1.5 1.9 1.8
v 1.5 1.9 1.8
v 1.6 1.9 1.8
v 1.7 1.9 1.8
v 1.8 1.9 1.8
v -1.8 1.9 1.7
v -1.6 1.9 1.7
v -1.5 1.9 1.7
v 1.6 1.9 1.7
v 1.7 1.9 1.7
v 1.8 1.9 1.7
v -1.8 1.9 1.6
v -1.7 1.9 1.6
v -1.6 1.9 1.6
v 1.5 1.9 1.6
v 1.6 1.9 1.6
v 1.7 1.9 1.6
v 1.8 1.9 1.6
v -1.7 1.9 1.5
v -1.6 1.9 1.5
v 1.5 1.9 1.5
v 1.6 1.9 1.5
v 1.7 1.9 1.5
v 1.8 1.9 1.5
v -1.8 1.9 1.4
v -1.7 1.9 1.4
v -1.6 1.9 1.4
v 1.8 1.9 1.4
v -1.8 1.9 1.3
v -1.7 1.9 1.3
v 1.6 1.9 1.3
v 1.7 1.9 1.3
v 1.8 1.9 1.3
v -1.8 1.9 1.2
v -1.7 1.9 1.2
v 1.6 1.9 1.2
v 1.7 1.9 1.2
v 1.8 1.9 1.2
v -1.8 1.9 1.1
v 1.6 1.9 1.1
v 1.7 1.9 1.1
v 1.8 1.9 1.1
v -1.8 1.9 1
v -1.7 1.9 1
v 1.6 1.9 1
v 1.7 1.9 1
v 1.8 1.9 1
v -1.8 1.9 0.9
v -1.7 1.9 0.9
v 1.6 1.9 0.9
v 1.7 1.9 0.9
v 1.8 1.9 0.9
v -1.8 1.9 0.8
v -1.7 1.9 0.8
v 1.7 1.9 0.8
v 1.8 1.9 0.8
v -1.8 1.9 0.7
v -1.7 1.9 0.7
v -1.8 1.9 0.6
v 1.6 1.9 0.6
v 1.7 1.9 0.6
v 1.8 1.9 0.6
v -1.8 1.9 0.5
v -1.7 1.9 0.5
v 1.6 1.9 0.5
v 1.7 1.9 0.5
v 1.8 1.9 0.5
v -1.8 1.9 0.4
v -1.7 1.9 0.4
v 1.8 1.9 0.4
v -1.8 1.9 0.3
v -1.7 1.9 0.3
v 1.6 1.9 0.3
v 1.7 1.9 0.3
v 1.8 1.9 0.3
v -1.8 1.9 0.2
v -1.7 1.9 0.2
v 1.7 1.9 0.2
v 1.8 1.9 0.2
v 1.6 1.9 0.0999999
v 1.7 1.9 0.0999999
v 1.8 1.9 0.0999999
v -1.8 1.9 0
v -1.8 1.9 -0.0999999
v 1.6 1.9 -0.0999999
v 1.7 1.9 -0.0999999
v 1.8 1.9 -0.0999999
v 1.6 1.9 -0.2
v 1.8 1.9 -0.2
v -1.8 1.9 -0.3
v -1.7 1.9 -0.3
v 1.7 1.9 -0.3
v 1.8 1.9 -0.3
v 1.6 1.9 -0.4
v 1.7 1.9 -0.4
v 1.8 1.9 -0.4
v -1.8 1.9 -0.5
v -1.7 1.9 -0.5
v 1.6 1.9 -0.5
v 1.7 1.9 -0.5
v 1.8 1.9 -0.5
v -1.8 1.9 -0.6
v -1.7 1.9 -0.6
v 1.6 1.9 -0.6
v 1.7 1.9 -0.6
v 1.8 1.9 -0.6
v -1.8 1.9 -0.7
v -1.7 1.9 -0.7
v 1.6 1.9 -0.7
v 1.7 1.9 -0.7
v 1.8 1.9 -0.7
v -1.8 1.9 -0.8
v 1.8 1.9 -0.8
v -1.8 1.9 -0.9
v -1.7 1.9 -0.9
v 1.6 1.9 -0.9
v 1.7 1.9 -0.9
v 1.8 1.9 -0.9
v -1.8 1.9 -1
v -1.7 1.9 -1
v 1.6 1.9 -1
v 1.7 1.9 -1
v 1.8 1.9 -1
v -1.8 1.9 -1.1
v -1.7 1.9 -1.1
v 1.7 1.9 -1.1
v 1.8 1.9 -1.1
v -1.8 1.9 -1.2
v 1.6 1.9 -1.2
v 1.7 1.9 -1.2
v 1.8 1.9 -1.2
v -1.8 1.9 -1.3
v -1.7 1.9 -1.3
v 1.6 1.9 -1.3
v 1.7 1.9 -1.3
v 1.8 1.9 -1.4
v -1.8 1.9 -1.5
v -1.7 1.9 -1.5
v 1.6 1.9 -1.5
v 1.8 1.9 -1.5
v -1.8 1.9 -1.6
v -1.7 1.9 -1.6
v 1.6 1.9 -1.6
v 1.7 1.9 -1.6
v 1.8 1.9 -1.6
v 1.6 1.9 -1.7
v 1.7 1.9 -1.7
v 1.8 1.9 -1.7
v -1.8 1.9 -1.8
v -1.7 1.9 -1.8
v 1.6 1.9 -1.8
v 1.7 1.9 -1.8
v 1.8 1.9 -1.8
v -1.8 1.9 -1.9
v -1.7 1.9 -1.9
v 1.6 1.9 -1.9
v 1.7 1.9 -1.9
v 1.8 1.9 -1.9
v 1.6 1.9 -2
v 1.7 1.9 -2
v 1.8 1.9 -2
v 1.6 1.9 -2.1
v 1.7 1.9 -2.1
v 1.8 1.9 -2.1
v -1.8 1.9 -2.2
v -1.7 1.9 -2.2
v 1.6 1.9 -2.2
v 1.7 1.9 -2.2
v -2 1.9 -2.3
v -1.9 1.9 -2.3
v -1.8 1.9 -2.3
v -1.7 1.9 -2.3
v 1.6 1.9 -2.3
v 1.7 1.9 -2.3
v 1.8 1.9 -2.3
v 1.9 1.9 -2.3
v 2 1.9 -2.3
v -2 1.9 -2.4
v -1.9 1.9 -2.4
v -1.8 1.9 -2.4
v 1.6 1.9 -2.4
v 1.7 1.9 -2.4
v 1.8 1.9 -2.4
v 1.9 1.9 -2.4
v 2 1.9 -2.4
v -1.8 1.9 -2.5
v -1.7 1.9 -2.5
v 1.6 1.9 -2.5
v 1.7 1.9 -2.5
v 1.8 1.9 -2.5
v 1.6 1.9 -2.6
v 1.7 1.9 -2.6
v 1.6 1.9 -2.7
v 1.7 1.9 -2.7
v -1.3 1.9 -2.8
v -1.2 1.9 -2.8
v -1.1 1.9 -2.8
v -0.9 1.9 -2.8
v -0.7 1.9 -2.8
v -0.6 1.9 -2.8
v -0.5 1.9 -2.8
v -0.4 1.9 -2.8
v -0.3 1.9 -2.8
v -0.2 1.9 -2.8
v -0.0999999 1.9 -2.8
v 0 1.9 -2.8
v 0.3 1.9 -2.8
v 0.4 1.9 -2.8
v 0.7 1.9 -2.8
v 0.8 1.9 -2.8
v 1.1 1.9 -2.8
v 1.3 1.9 -2.8
v 1.6 1.9 -2.8
v 1.7 1.9 -2.8
v -1.3 1.9 -2.9
v -1.2 1.9 -2.9
v -1.1 1.9 -2.9
v -1 1.9 -2.9
v -0.9 1.9 -2.9
v -0.7 1.9 -2.9
v -0.6 1.9 -2.9
v -0.5 1.9 -2.9
v -0.4 1.9 -2.9
v -0.3 1.9 -2.9
v -0.2 1.9 -2.9
v -0.0999999 1.9 -2.9
v 0 1.9 -2.9
v 0.0999999 1.9 -2.9
v 0.2 1.9 -2.9
v 0.3 1.9 -2.9
v 0.4 1.9 -2.9
v 0.6 1.9 -2.9
v 0.7 1.9 -2.9
v 0.8 1.9 -2.9
v 0.9 1.9 -2.9
v 1.1 1.9 -2.9
v 1.2 1.9 -2.9
v 1.3 1.9 -2.9
v -1.3 1.9 -3
v -1.2 1.9 -3
v 1.2 1.9 -3
v 1.3 1.9 -3
v -1.3 1.9 -3.1
v -1.2 1.9 -3.1
v 1.2 1.9 -3.1
v 1.3 1.9 -3.1
v -2.1 2 -2
v -2 2 -2
v 2 2 -2
v 2.1 2 -2
v -2.1 2 -2.1
v -2 2 -2.1
v 2 2 -2.1
v -2.1 2 -2.2
v -2 2 -2.2
v 2 2 -2.2
v 2.1 2 -2.2
v -1.5 2 -2.8
v -1.4 2 -2.8
v 1.4 2 -2.8
v 1.5 2 -2.8
v -1.5 2 -2.9
v -1.4 2 -2.9
v 1.4 2 -2.9
v 1.5 2 -2.9
v -1.5 2.1 -2.6
v -1.4 2.1 -2.6
v -1.3 2.1 -2.6
v 1.3 2.1 -2.6
v 1.4 2.1 -2.6
v 1.5 2.1 -2.6
v -1.5 2.1 -2.7
v -1.4 2.1 -2.7
v -1.3 2.1 -2.7
v 1.3 2.1 -2.7
v 1.4 2.1 -2.7
v 1.5 2.1 -2.7
v -1.4 2.1 -2.8
v -1.3 2.1 -2.8
v 1.3 2.1 -2.8
v 1.4 2.1 -2.8
v -0.3 2.1 -3.8
v -0.2 2.1 -3.8
v -0.3 2.1 -3.9
v -0.2 2.1 -3.9
v -1.8 2.2 0.9
v -1.7 2.2 0.9
v -1.8 2.2 0.8
v -1.7 2.2 0.8
v -1.8 2.2 0.7
v -1.7 2.2 0.7
v -1.8 2.2 0.5
v -1.7 2.2 0.5
v -1.8 2.2 0.4
v -1.7 2.2 0.4
v -1.4 2.2 -2.9
v -1.3 2.2 -2.9
v 1.3 2.2 -2.9
v 1.4 2.2 -2.9
v -1.4 2.2 -3
v -1.3 2.2 -3
v 1.3 2.2 -3
v 1.4 2.2 -3
v -1.2 2.2 -3.1
v -1.1 2.2 -3.1
v 1.1 2.2 -3.1
v 1.2 2.2 -3.1
v -1.2 2.2 -3.2
v -1.1 2.2 -3.2
v 1.1 2.2 -3.2
v 1.2 2.2 -3.2
v -0.4 2.3 5.1
v -0.3 2.3 5.1
v 0.3 2.3 5.1
v 0.4 2.3 5.1
v -0.4 2.3 5
v -0.3 2.3 5
v 0.3 2.3 5
v 0.4 2.3 5
v -0.2 2.3 -3.2
v -0.0999999 2.3 -3.2
v 0 2.3 -3.2
v 0.0999999 2.3 -3.2
v 0.3 2.3 -3.2
v -0.0999999 2.3 -3.3
v 0 2.3 -3.3
v -0.0999999 2.3 -3.5
v 0 2.3 -3.5
v 0.0999999 2.3 -3.5
v -0.0999999 2.3 -3.6
v 0 2.3 -3.6
v 0.0999999 2.3 -3.6
v -0.0999999 2.3 -3.7
v 0 2.3 -3.7
v -0.2 2.3 -3.8
v -0.0999999 2.3 -3.8
v 0 2.3 -3.8
v -0.2 2.3 -3.9
v -0.0999999 2.3 -3.9
v 0 2.3 -3.9
v 0.0999999 2.3 -3.9
v 0.3 2.3 -3.9
v -0.3 2.4 5.7
v 0.3 2.4 5.7
v -0.4 2.4 5
v -0.3 2.4 5
v 0.3 2.4 5
v 0.4 2.4 5
v -0.5 2.4 4.9
v -0.4 2.4 4.9
v 0.4 2.4 4.9
v 0.5 2.4 4.9
v -0.6 2.4 4.7
v -0.5 2.4 4.7
v -0.4 2.4 4.7
v -0.3 2.4 4.7
v 0.3 2.4 4.7
v 0.4 2.4 4.7
v 0.5 2.4 4.7
v 0.6 2.4 4.7
v -0.7 2.4 4.5
v -0.6 2.4 4.5
v -0.5 2.4 4.5
v -0.4 2.4 4.5
v 0.4 2.4 4.5
v 0.5 2.4 4.5
v 0.6 2.4 4.5
v 0.7 2.4 4.5
v -0.6 2.4 4.4
v -0.5 2.4 4.4
v 0.5 2.4 4.4
v 0.6 2.4 4.4
v -0.8 2.4 4.3
v -0.7 2.4 4.3
v -0.3 2.4 4.3
v -0.2 2.4 4.3
v -0.0999999 2.4 4.3
v 0.2 2.4 4.3
v 0.3 2.4 4.3
v 0.7 2.4 4.3
v 0.8 2.4 4.3
v -0.7 2.4 4.2
v -0.6 2.4 4.2
v -0.2 2.4 4.2
v -0.0999999 2.4 4.2
v 0 2.4 4.2
v 0.0999999 2.4 4.2
v 0.6 2.4 4.2
v 0.7 2.4 4.2
v -0.9 2.4 4.1
v -0.8 2.4 4.1
v -0.2 2.4 4.1
v 0 2.4 4.1
v 0.0999999 2.4 4.1
v 0.2 2.4 4.1
v 0.8 2.4 4.1
v 0.9 2.4 4.1
v -1 2.4 3.9
v -0.9 2.4 3.9
v -0.8 2.4 3.9
v -0.7 2.4 3.9
v 0.7 2.4 3.9
v 0.8 2.4 3.9
v 0.9 2.4 3.9
v 1 2.4 3.9
v -1.1 2.4 3.7
v -1 2.4 3.7
v -0.9 2.4 3.7
v -0.8 2.4 3.7
v 0.8 2.4 3.7
v 0.9 2.4 3.7
v 1 2.4 3.7
v 1.1 2.4 3.7
v -1.2 2.4 3.5
v -1.1 2.4 3.5
v -1 2.4 3.5
v -0.9 2.4 3.5
v 0.9 2.4 3.5
v 1 2.4 3.5
v 1.1 2.4 3.5
v 1.2 2.4 3.5
v -1.3 2.4 3.3
v -1.2 2.4 3.3
v 1.2 2.4 3.3
v 1.3 2.4 3.3
v -1.1 2.4 3.2
v -1 2.4 3.2
v 1 2.4 3.2
v 1.1 2.4 3.2
v -1.4 2.4 3.1
v -1.3 2.4 3.1
v 1.3 2.4 3.1
v 1.4 2.4 3.1
v -1.2 2.4 3
v -1.1 2.4 3
v 1.1 2.4 3
v 1.2 2.4 3
v -1.5 2.4 2.9
v -1.4 2.4 2.9
v -1.3 2.4 2.9
v -1.2 2.4 2.9
v 1.2 2.4 2.9
v 1.3 2.4 2.9
v 1.4 2.4 2.9
v 1.5 2.4 2.9
v -1.6 2.4 2.7
v -1.5 2.4 2.7
v -1.4 2.4 2.7
v -1.3 2.4 2.7
v 1.3 2.4 2.7
v 1.4 2.4 2.7
v 1.5 2.4 2.7
v 1.6 2.4 2.7
v -1.7 2.4 2.5
v -1.6 2.4 2.5
v -1.5 2.4 2.5
v -1.4 2.4 2.5
v 1.4 2.4 2.5
v 1.5 2.4 2.5
v 1.6 2.4 2.5
v 1.7 2.4 2.5
v -1.8 2.4 2.3
v -1.7 2.4 2.3
v -1.6 2.4 2.3
v -1.5 2.4 2.3
v 1.5 2.4 2.3
v 1.6 2.4 2.3
v 1.7 2.4 2.3
v 1.8 2.4 2.3
v -1.9 2.4 2.1
v -1.8 2.4 2.1
v -1.7 2.4 2.1
v -1.6 2.4 2.1
v 1.6 2.4 2.1
v 1.7 2.4 2.1
v 1.8 2.4 2.1
v 2 2.4 2.1
v -2 2.4 2
v -1.9 2.4 2
v 2 2.4 2
v 2.1 2.4 2
v -2.1 2.4 1.9
v -2 2.4 1.9
v -1.9 2.4 1.9
v -1.8 2.4 1.9
v -1.7 2.4 1.9
v 1.7 2.4 1.9
v 1.8 2.4 1.9
v 1.9 2.4 1.9
v 2 2.4 1.9
v 2.1 2.4 1.9
v 1.8 2.4 1.8
v 1.9 2.4 1.8
v -1.9 2.4 1.7
v -1.8 2.4 1.7
v 1.8 2.4 1.7
v 1.9 2.4 1.7
v -1.9 2.4 1.6
v -1.8 2.4 1.6
v 1.8 2.4 1.6
v 1.9 2.4 1.6
v -1.9 2.4 1.5
v -1.8 2.4 1.5
v 1.8 2.4 1.5
v 1.9 2.4 1.5
v -1.9 2.4 1.4
v -1.8 2.4 1.4
v 1.8 2.4 1.4
v 1.9 2.4 1.4
v -1.9 2.4 1.3
v -1.8 2.4 1.3
v 1.8 2.4 1.3
v 1.9 2.4 1.3
v 1.8 2.4 1.2
v 1.9 2.4 1.2
v 1.8 2.4 1.1
v 1.9 2.4 1.1
v 1.8 2.4 1
v 1.9 2.4 1
v -1.9 2.4 0.9
v -1.8 2.4 0.9
v 1.8 2.4 0.9
v 1.9 2.4 0.9
v -1.9 2.4 0.8
v -1.8 2.4 0.8
v 1.8 2.4 0.8
v 1.9 2.4 0.8
v -1.9 2.4 0.7
v -1.8 2.4 0.7
v -1.9 2.4 0.6
v -1.8 2.4 0.6
v 1.8 2.4 0.6
v 1.9 2.4 0.6
v -1.9 2.4 0.5
v -1.8 2.4 0.5
v 1.8 2.4 0.5
v 1.9 2.4 0.5
v 1.8 2.4 0.4
v 1.9 2.4 0.4
v -1.9 2.4 0.3
v -1.8 2.4 0.3
v 1.8 2.4 0.3
v 1.9 2.4 0.3
v -1.9 2.4 0.2
v -1.8 2.4 0.2
v 1.8 2.4 0.2
v 1.9 2.4 0.2
v 1.8 2.4 0.0999999
v 1.9 2.4 0.0999999
v 1.8 2.4 0
v 1.9 2.4 0
v -1.9 2.4 -0.0999999
v -1.8 2.4 -0.0999999
v 1.8 2.4 -0.0999999
v 1.9 2.4 -0.0999999
v -2 2.4 -0.2
v -1.9 2.4 -0.2
v -1.8 2.4 -0.2
v 1.8 2.4 -0.2
v 1.9 2.4 -0.2
v 2 2.4 -0.2
v -2 2.4 -0.4
v -1.9 2.4 -0.4
v -1.8 2.4 -0.4
v 1.8 2.4 -0.4
v 1.9 2.4 -0.4
v 2 2.4 -0.4
v -2 2.4 -0.7
v -1.9 2.4 -0.7
v -1.8 2.4 -0.7
v 1.8 2.4 -0.7
v 1.9 2.4 -0.7
v 2 2.4 -0.7
v -2 2.4 -0.9
v -1.9 2.4 -0.9
v -1.8 2.4 -0.9
v 1.8 2.4 -0.9
v 1.9 2.4 -0.9
v 2 2.4 -0.9
v -1.9 2.4 -1
v -1.8 2.4 -1
v 1.8 2.4 -1.1
v 1.9 2.4 -1.1
v -1.9 2.4 -1.2
v -1.8 2.4 -1.2
v 1.8 2.4 -1.2
v 1.9 2.4 -1.2
v 1.8 2.4 -1.3
v 1.9 2.4 -1.3
v -1.9 2.4 -1.4
v -1.8 2.4 -1.4
v 1.8 2.4 -1.4
v 1.9 2.4 -1.4
v -1.9 2.4 -1.5
v -1.8 2.4 -1.5
v 1.8 2.4 -1.5
v 1.9 2.4 -1.5
v -1.9 2.4 -1.7
v -1.8 2.4 -1.7
v -1.9 2.4 -1.8
v -1.8 2.4 -1.8
v 1.8 2.4 -1.8
v 1.9 2.4 -1.8
v -1.9 2.4 -1.9
v -1.8 2.4 -1.9
v 1.8 2.4 -1.9
v 1.9 2.4 -1.9
v -2.1 2.4 -2
v -2 2.4 -2
v 1.8 2.4 -2
v 1.9 2.4 -2
v 2 2.4 -2
v 2.1 2.4 -2
v 1.8 2.4 -2.1
v 1.9 2.4 -2.1
v -1.9 2.4 -2.2
v -1.8 2.4 -2.2
v -1.9 2.4 -2.3
v -1.8 2.4 -2.3
v 1.8 2.4 -2.3
v 1.9 2.4 -2.3
v -1.9 2.4 -2.4
v -1.8 2.4 -2.4
v 1.8 2.4 -2.4
v 1.9 2.4 -2.4
v -2 2.4 -2.5
v -1.8 2.4 -2.5
v -1.7 2.4 -2.5
v 1.7 2.4 -2.5
v 1.8 2.4 -2.5
v 2 2.4 -2.5
v -1.8 2.4 -2.6
v -1.7 2.4 -2.6
v -1.5 2.4 -2.6
v 1.5 2.4 -2.6
v 1.7 2.4 -2.6
v 1.8 2.4 -2.6
v -1.7 2.4 -2.7
v -1.5 2.4 -2.7
v -1.4 2.4 -2.7
v 1.4 2.4 -2.7
v 1.5 2.4 -2.7
v 1.7 2.4 -2.7
v -1.5 2.4 -2.8
v -1.4 2.4 -2.8
v -1.3 2.4 -2.8
v 1.3 2.4 -2.8
v 1.4 2.4 -2.8
v 1.5 2.4 -2.8
v -1.4 2.4 -2.9
v -1.3 2.4 -2.9
v -0.3 2.4 -2.9
v -0.2 2.4 -2.9
v -0.0999999 2.4 -2.9
v 0.0999999 2.4 -2.9
v 1.3 2.4 -2.9
v 1.4 2.4 -2.9
v -1.3 2.4 -3
v -1.2 2.4 -3
v -0.0999999 2.4 -3
v 0 2.4 -3
v 0.0999999 2.4 -3
v 1.2 2.4 -3
v 1.3 2.4 -3
v -1.2 2.4 -3.1
v -1.1 2.4 -3.1
v -0.0999999 2.4 -3.1
v 0 2.4 -3.1
v 0.0999999 2.4 -3.1
v 1.1 2.4 -3.1
v 1.2 2.4 -3.1
v -1.1 2.4 -3.2
v -0.3 2.4 -3.2
v -0.2 2.4 -3.2
v -0.0999999 2.4 -3.2
v 0 2.4 -3.2
v 0.0999999 2.4 -3.2
v 1.1 2.4 -3.2
v -0.3 2.5 -2.9
v -0.2 2.5 -2.9
v -0.3 2.5 -3.8
v -0.2 2.5 -3.8
v -2 2.6 -0.2
v -1.8 2.6 -0.2
v 1.8 2.6 -0.2
v 2 2.6 -0.2
v -2 2.6 -0.4
v -1.8 2.6 -0.4
v 1.8 2.6 -0.4
v 2 2.6 -0.4
v -2 2.6 -0.7
v -1.8 2.6 -0.7
v 1.8 2.6 -0.7
v 2 2.6 -0.7
v -2 2.6 -0.9
v -1.8 2.6 -0.9
v 1.8 2.6 -0.9
v 2 2.6 -0.9
v -2 2.7 -0.4
v -1.8 2.7 -0.4
v 1.8 2.7 -0.4
v 2 2.7 -0.4
v -2 2.7 -0.7
v -1.8 2.7 -0.7
v 1.8 2.7 -0.7
v 2 2.7 -0.7

# faces
f 32/1/1 2/1/1 1/1/1
f 33/2/1 3/2/1 2/2/1
f 33/1/1 2/1/1 32/1/1
f 34/3/1 5/3/1 4/3/1
f 34/1/1 6/1/1 5/1/1
f 35/1/1 6/1/1 34/1/1
f 36/2/1 7/2/1 6/2/1
f 36/1/1 6/1/1 35/1/1
f 37/1/1 8/1/1 7/1/1
f 37/2/1 7/2/1 36/2/1
f 38/1/1 8/1/1 37/1/1
f 39/2/1 9/2/1 8/2/1
f 39/1/1 8/1/1 38/1/1
f 40/2/1 9/2/1 39/2/1
f 41/3/1 10/3/1 9/3/1
f 41/2/1 9/2/1 40/2/1
f 42/3/1 10/3/1 41/3/1
f 43/2/1 11/2/1 10/2/1
f 43/1/1 12/1/1 11/1/1
f 44/2/1 13/2/1 12/2/1
f 44/1/1 12/1/1 43/1/1
f 45/3/1 14/3/1 13/3/1
f 45/2/1 13/2/1 44/2/1
f 46/2/1 15/2/1 14/2/1
f 46/3/1 14/3/1 45/3/1
f 47/1/1 16/1/1 15/1/1
f 47/2/1 15/2/1 46/2/1
f 48/2/1 17/2/1 16/2/1
f 48/1/1 16/1/1 47/1/1
f 49/2/1 17/2/1 48/2/1
f 50/1/1 18/1/1 17/1/1
f 50/2/1 17/2/1 49/2/1
f 51/2/1 19/2/1 18/2/1
f 51/1/1 18/1/1 50/1/1
f 52/1/1 20/1/1 19/1/1
f 52/2/1 19/2/1 51/2/1
f 53/3/1 21/3/1 20/3/1
f 53/2/1 22/2/1 21/2/1
f 54/3/1 23/3/1 22/3/1
f 54/2/1 22/2/1 53/2/1
f 55/3/1 23/3/1 54/3/1
f 56/3/1 23/3/1 55/3/1
f 57/2/1 24/2/1 23/2/1
f 58/1/1 25/1/1 24/1/1
f 58/2/1 24/2/1 57/2/1
f 59/3/1 26/3/1 25/3/1
f 59/1/1 25/1/1 58/1/1
f 60/2/1 27/2/1 26/2/1
f 60/3/1 26/3/1 59/3/1
f 61/1/1 28/1/1 27/1/1
f 61/2/1 27/2/1 60/2/1
f 62/3/1 29/3/1 28/3/1
f 62/1/1 28/1/1 61/1/1
f 63/1/1 30/1/1 29/1/1
f 63/3/1 29/3/1 62/3/1
f 64/2/1 31/2/1 30/2/1
f 64/1/1 30/1/1 63/1/1
f 65/2/1 31/2/1 64/2/1
f 66/2/1 33/2/1 32/2/1
f 67/2/1 3/2/1 33/2/1
f 67/2/1 33/2/1 66/2/1
f 68/1/1 4/1/1 3/1/1
f 68/2/1 3/2/1 67/2/1
f 69/3/1 35/3/1 34/3/1
f 69/1/1 4/1/1 68/1/1
f 69/3/1 34/3/1 4/3/1
f 70/3/1 35/3/1 69/3/1
f 71/1/1 36/1/1 35/1/1
f 71/3/1 35/3/1 70/3/1
f 72/3/1 37/3/1 36/3/1
f 72/1/1 36/1/1 71/1/1
f 73/2/1 38/2/1 37/2/1
f 73/3/1 37/3/1 72/3/1
f 74/1/1 39/1/1 38/1/1
f 74/2/1 38/2/1 73/2/1
f 75/3/1 40/3/1 39/3/1
f 75/1/1 39/1/1 74/1/1
f 76/1/1 42/1/1 41/1/1
f 76/2/1 41/2/1 40/2/1
f 77/3/1 10/3/1 42/3/1
f 77/1/1 42/1/1 76/1/1
f 78/2/1 43/2/1 10/2/1
f 78/3/1 10/3/1 77/3/1
f 79/3/1 44/3/1 43/3/1
f 79/2/1 43/2/1 78/2/1
f 79/3/1 45/3/1 44/3/1
f 79/3/1 46/3/1 45/3/1
f 80/3/1 46/3/1 79/3/1
f 81/3/1 46/3/1 80/3/1
f 82/3/1 46/3/1 81/3/1
f 83/1/1 47/1/1 46/1/1
f 83/3/1 46/3/1 82/3/1
f 83/1/1 48/1/1 47/1/1
f 84/1/1 48/1/1 83/1/1
f 85/3/1 49/3/1 48/3/1
f 85/1/1 48/1/1 84/1/1
f 86/3/1 49/3/1 85/3/1
f 87/1/1 50/1/1 49/1/1
f 87/3/1 49/3/1 86/3/1
f 87/1/1 51/1/1 50/1/1
f 87/1/1 52/1/1 51/1/1
f 88/1/1 52/1/1 87/1/1
f 89/1/1 52/1/1 88/1/1
f 90/1/1 20/1/1 52/1/1
f 90/1/1 52/1/1 89/1/1
f 91/3/1 55/3/1 54/3/1
f 91/1/1 20/1/1 90/1/1
f 91/3/1 53/3/1 20/3/1
f 91/3/1 54/3/1 53/3/1
f 92/3/1 55/3/1 91/3/1
f 93/3/1 55/3/1 92/3/1
f 94/1/1 56/1/1 55/1/1
f 94/3/1 55/3/1 93/3/1
f 95/3/1 23/3/1 56/3/1
f 95/1/1 56/1/1 94/1/1
f 96/3/1 23/3/1 95/3/1
f 97/2/1 57/2/1 23/2/1
f 97/3/1 23/3/1 96/3/1
f 98/1/1 58/1/1 57/1/1
f 98/2/1 57/2/1 97/2/1
f 99/2/1 59/2/1 58/2/1
f 99/1/1 58/1/1 98/1/1
f 100/3/1 60/3/1 59/3/1
f 100/2/1 59/2/1 99/2/1
f 100/3/1 61/3/1 60/3/1
f 101/3/1 61/3/1 100/3/1
f 102/1/1 62/1/1 61/1/1
f 102/3/1 61/3/1 101/3/1
f 103/2/1 63/2/1 62/2/1
f 103/1/1 62/1/1 102/1/1
f 104/2/1 63/2/1 103/2/1
f 105/1/1 67/1/1 66/1/1
f 106/3/1 68/3/1 67/3/1
f 106/1/1 67/1/1 105/1/1
f 106/3/1 69/3/1 68/3/1
f 107/1/1 70/1/1 69/1/1
f 107/3/1 69/3/1 106/3/1
f 108/2/1 72/2/1 71/2/1
f 108/1/1 70/1/1 107/1/1
f 108/2/1 71/2/1 70/2/1
f 108/2/1 73/2/1 72/2/1
f 109/3/1 74/3/1 73/3/1
f 109/2/1 73/2/1 108/2/1
f 110/2/1 75/2/1 74/2/1
f 110/3/1 74/3/1 109/3/1
f 111/3/1 40/3/1 75/3/1
f 111/2/1 75/2/1 110/2/1
f 112/2/1 76/2/1 40/2/1
f 112/3/1 40/3/1 111/3/1
f 113/3/1 77/3/1 76/3/1
f 113/2/1 76/2/1 112/2/1
f 113/3/1 78/3/1 77/3/1
f 114/1/1 79/1/1 78/1/1
f 114/3/1 78/3/1 113/3/1
f 115/2/1 80/2/1 79/2/1
f 115/1/1 79/1/1 114/1/1
f 116/1/1 81/1/1 80/1/1
f 116/2/1 80/2/1 115/2/1
f 117/2/1 82/2/1 81/2/1
f 117/1/1 81/1/1 116/1/1
f 118/3/1 84/3/1 83/3/1
f 118/2/1 82/2/1 117/2/1
f 118/3/1 83/3/1 82/3/1
f 119/1/1 85/1/1 84/1/1
f 119/3/1 84/3/1 118/3/1
f 120/2/1 86/2/1 85/2/1
f 120/1/1 85/1/1 119/1/1
f 121/1/1 87/1/1 86/1/1
f 121/2/1 86/2/1 120/2/1
f 122/2/1 88/2/1 87/2/1
f 122/1/1 87/1/1 121/1/1
f 123/3/1 89/3/1 88/3/1
f 123/2/1 88/2/1 122/2/1
f 124/2/1 90/2/1 89/2/1
f 124/3/1 89/3/1 123/3/1
f 125/3/1 91/3/1 90/3/1
f 125/2/1 90/2/1 124/2/1
f 126/1/1 92/1/1 91/1/1
f 126/3/1 91/3/1 125/3/1
f 127/2/1 93/2/1 92/2/1
f 127/1/1 92/1/1 126/1/1
f 128/3/1 94/3/1 93/3/1
f 128/2/1 93/2/1 127/2/1
f 128/3/1 95/3/1 94/3/1
f 129/1/1 96/1/1 95/1/1
f 129/3/1 95/3/1 128/3/1
f 130/3/1 97/3/1 96/3/1
f 130/1/1 96/1/1 129/1/1
f 131/1/1 98/1/1 97/1/1
f 131/3/1 97/3/1 130/3/1
f 132/3/1 99/3/1 98/3/1
f 132/1/1 98/1/1 131/1/1
f 133/2/1 100/2/1 99/2/1
f 133/3/1 99/3/1 132/3/1
f 134/1/1 101/1/1 100/1/1
f 134/2/1 100/2/1 133/2/1
f 135/2/1 102/2/1 101/2/1
f 135/1/1 101/1/1 134/1/1
f 135/2/1 103/2/1 102/2/1
f 136/1/1 104/1/1 103/1/1
f 136/2/1 103/2/1 135/2/1
f 137/1/1 104/1/1 136/1/1
f 138/4/1 134/4/1 133/4/1
f 138/4/1 106/4/1 105/4/1
f 138/4/1 137/4/1 136/4/1
f 138/4/1 136/4/1 135/4/1
f 138/4/1 120/4/1 119/4/1
f 138/4/1 115/4/1 114/4/1
f 138/4/1 109/4/1 108/4/1
f 138/4/1 132/4/1 131/4/1
f 138/4/1 113/4/1 112/4/1
f 138/4/1 126/4/1 125/4/1
f 138/4/1 133/4/1 132/4/1
f 138/4/1 114/4/1 113/4/1
f 138/4/1 131/4/1 130/4/1
f 138/4/1 130/4/1 129/4/1
f 138/4/1 129/4/1 128/4/1
f 138/4/1 128/4/1 127/4/1
f 138/4/1 127/4/1 126/4/1
f 138/4/1 121/4/1 120/4/1
f 138/4/1 124/4/1 123/4/1
f 138/4/1 122/4/1 121/4/1
f 138/4/1 118/4/1 117/4/1
f 138/4/1 119/4/1 118/4/1
f 138/4/1 117/4/1 116/4/1
f 138/4/1 116/4/1 115/4/1
f 138/4/1 123/4/1 122/4/1
f 138/4/1 135/4/1 134/4/1
f 138/4/1 125/4/1 124/4/1
f 138/4/1 112/4/1 111/4/1
f 138/4/1 110/4/1 109/4/1
f 138/4/1 111/4/1 110/4/1
f 138/4/1 108/4/1 107/4/1
f 138/4/1 107/4/1 106/4/1
f 139/4/1 137/4/1 138/4/1
f 144/4/1 141/4/1 140/4/1
f 145/4/1 141/4/1 144/4/1
f 146/4/1 141/4/1 145/4/1
f 147/4/1 141/4/1 146/4/1
f 148/4/1 143/4/1 142/4/1
f 149/4/1 143/4/1 148/4/1
f 150/4/1 143/4/1 149/4/1
f 151/4/1 143/4/1 150/4/1
f 152/4/1 143/4/1 151/4/1
f 153/4/1 143/4/1 152/4/1
f 154/4/1 143/4/1 153/4/1
f 155/4/1 143/4/1 154/4/1
f 156/4/1 143/4/1 155/4/1
f 157/4/1 143/4/1 156/4/1
f 158/4/1 143/4/1 157/4/1
f 159/4/1 143/4/1 158/4/1
f 160/4/1 143/4/1 159/4/1
f 161/4/1 143/4/1 160/4/1
f 162/4/1 143/4/1 161/4/1
f 163/4/1 143/4/1 162/4/1
f 164/4/1 143/4/1 163/4/1
f 165/4/1 143/4/1 164/4/1
f 166/4/1 143/4/1 165/4/1
f 167/4/1 143/4/1 166/4/1
f 168/4/1 143/4/1 167/4/1
f 169/4/1 143/4/1 168/4/1
f 170/4/1 143/4/1 169/4/1
f 171/4/1 143/4/1 170/4/1
f 172/4/1 143/4/1 171/4/1
f 173/4/1 143/4/1 172/4/1
f 174/4/1 143/4/1 173/4/1
f 175/4/1 143/4/1 174/4/1
f 176/4/1 143/4/1 175/4/1
f 177/3/1 145/3/1 144/3/1
f 178/1/1 146/1/1 145/1/1
f 178/3/1 145/3/1 177/3/1
f 179/3/1 147/3/1 146/3/1
f 179/1/1 146/1/1 178/1/1
f 180/2/1 148/2/1 147/2/1
f 180/3/1 147/3/1 179/3/1
f 180/2/1 149/2/1 148/2/1
f 181/2/1 149/2/1 180/2/1
f 182/2/1 149/2/1 181/2/1
f 183/1/1 150/1/1 149/1/1
f 183/2/1 149/2/1 182/2/1
f 184/2/1 151/2/1 150/2/1
f 184/1/1 150/1/1 183/1/1
f 185/2/1 151/2/1 184/2/1
f 186/3/1 152/3/1 151/3/1
f 186/2/1 151/2/1 185/2/1
f 187/1/1 153/1/1 152/1/1
f 187/3/1 152/3/1 186/3/1
f 188/2/1 154/2/1 153/2/1
f 188/1/1 153/1/1 187/1/1
f 189/1/1 155/1/1 154/1/1
f 189/2/1 154/2/1 188/2/1
f 190/2/1 156/2/1 155/2/1
f 190/1/1 155/1/1 189/1/1
f 191/1/1 157/1/1 156/1/1
f 191/2/1 156/2/1 190/2/1
f 192/1/1 157/1/1 191/1/1
f 193/2/1 158/2/1 157/2/1
f 193/1/1 157/1/1 192/1/1
f 194/1/1 159/1/1 158/1/1
f 194/2/1 158/2/1 193/2/1
f 195/2/1 160/2/1 159/2/1
f 195/1/1 159/1/1 194/1/1
f 196/1/1 161/1/1 160/1/1
f 196/2/1 160/2/1 195/2/1
f 197/3/1 162/3/1 161/3/1
f 197/1/1 161/1/1 196/1/1
f 198/3/1 162/3/1 197/3/1
f 199/2/1 163/2/1 162/2/1
f 199/3/1 162/3/1 198/3/1
f 200/3/1 164/3/1 163/3/1
f 200/2/1 163/2/1 199/2/1
f 201/1/1 165/1/1 164/1/1
f 201/3/1 164/3/1 200/3/1
f 202/1/1 165/1/1 201/1/1
f 203/2/1 166/2/1 165/2/1
f 203/1/1 165/1/1 202/1/1
f 204/1/1 167/1/1 166/1/1
f 204/2/1 166/2/1 203/2/1
f 205/3/1 168/3/1 167/3/1
f 205/1/1 167/1/1 204/1/1
f 206/2/1 169/2/1 168/2/1
f 206/3/1 168/3/1 205/3/1
f 207/3/1 170/3/1 169/3/1
f 207/2/1 169/2/1 206/2/1
f 208/2/1 171/2/1 170/2/1
f 208/3/1 170/3/1 207/3/1
f 209/3/1 172/3/1 171/3/1
f 209/2/1 171/2/1 208/2/1
f 210/1/1 173/1/1 172/1/1
f 210/3/1 172/3/1 209/3/1
f 211/1/1 173/1/1 210/1/1
f 212/2/1 174/2/1 173/2/1
f 212/1/1 173/1/1 211/1/1
f 213/3/1 175/3/1 174/3/1
f 213/2/1 174/2/1 212/2/1
f 214/3/1 175/3/1 213/3/1
f 215/2/1 176/2/1 175/2/1
f 215/3/1 175/3/1 214/3/1
f 216/2/1 176/2/1 215/2/1
f 217/1/1 178/1/1 177/1/1
f 218/1/1 178/1/1 217/1/1
f 221/3/1 215/3/1 214/3/1
f 222/2/1 218/2/1 217/2/1
f 223/2/1 218/2/1 222/2/1
f 224/2/1 220/2/1 219/2/1
f 225/3/1 221/3/1 220/3/1
f 225/2/1 220/2/1 224/2/1
f 226/3/1 215/3/1 221/3/1
f 226/3/1 221/3/1 225/3/1
f 227/3/1 215/3/1 226/3/1
f 229/1/1 223/1/1 222/1/1
f 230/1/1 223/1/1 229/1/1
f 231/3/1 225/3/1 224/3/1
f 231/3/1 226/3/1 225/3/1
f 232/2/1 227/2/1 226/2/1
f 232/3/1 226/3/1 231/3/1
f 233/3/1 228/3/1 227/3/1
f 233/2/1 227/2/1 232/2/1
f 234/3/1 228/3/1 233/3/1
f 235/4/1 232/4/1 231/4/1
f 235/4/1 233/4/1 232/4/1
f 235/4/1 234/4/1 233/4/1
f 237/4/1 230/4/1 229/4/1
f 238/4/1 230/4/1 237/4/1
f 243/4/1 235/4/1 231/4/1
f 243/4/1 236/4/1 235/4/1
f 244/4/1 236/4/1 243/4/1
f 245/5/1 240/5/1 239/5/1
f 246/5/1 240/5/1 245/5/1
f 247/5/1 242/5/1 241/5/1
f 248/5/1 242/5/1 247/5/1
f 249/5/1 247/5/1 246/5/1
f 250/5/1 247/5/1 249/5/1
f 255/3/1 252/3/1 251/3/1
f 256/3/1 252/3/1 255/3/1
f 289/2/1 254/2/1 253/2/1
f 290/3/1 255/3/1 254/3/1
f 290/2/1 254/2/1 289/2/1
f 291/2/1 256/2/1 255/2/1
f 291/3/1 255/3/1 290/3/1
f 291/2/1 257/2/1 256/2/1
f 292/3/1 258/3/1 257/3/1
f 292/2/1 257/2/1 291/2/1
f 293/2/1 259/2/1 258/2/1
f 293/3/1 258/3/1 292/3/1
f 294/3/1 260/3/1 259/3/1
f 294/2/1 259/2/1 293/2/1
f 295/2/1 261/2/1 260/2/1
f 295/3/1 260/3/1 294/3/1
f 296/3/1 262/3/1 261/3/1
f 296/2/1 261/2/1 295/2/1
f 297/1/1 263/1/1 262/1/1
f 297/3/1 262/3/1 296/3/1
f 298/2/1 264/2/1 263/2/1
f 298/1/1 263/1/1 297/1/1
f 299/1/1 265/1/1 264/1/1
f 299/2/1 264/2/1 298/2/1
f 300/3/1 266/3/1 265/3/1
f 300/1/1 265/1/1 299/1/1
f 301/2/1 267/2/1 266/2/1
f 301/3/1 266/3/1 300/3/1
f 302/1/1 268/1/1 267/1/1
f 302/2/1 267/2/1 301/2/1
f 303/3/1 269/3/1 268/3/1
f 303/1/1 268/1/1 302/1/1
f 304/1/1 270/1/1 269/1/1
f 304/3/1 269/3/1 303/3/1
f 305/2/1 271/2/1 270/2/1
f 305/1/1 270/1/1 304/1/1
f 306/1/1 272/1/1 271/1/1
f 306/2/1 271/2/1 305/2/1
f 307/3/1 273/3/1 272/3/1
f 307/1/1 272/1/1 306/1/1
f 308/1/1 274/1/1 273/1/1
f 308/3/1 273/3/1 307/3/1
f 309/3/1 275/3/1 274/3/1
f 309/1/1 274/1/1 308/1/1
f 310/1/1 276/1/1 275/1/1
f 310/3/1 275/3/1 309/3/1
f 311/2/1 277/2/1 276/2/1
f 311/1/1 276/1/1 310/1/1
f 312/3/1 278/3/1 277/3/1
f 312/2/1 277/2/1 311/2/1
f 313/2/1 279/2/1 278/2/1
f 313/3/1 278/3/1 312/3/1
f 314/3/1 280/3/1 279/3/1
f 314/2/1 279/2/1 313/2/1
f 315/2/1 281/2/1 280/2/1
f 315/3/1 280/3/1 314/3/1
f 316/1/1 282/1/1 281/1/1
f 316/2/1 281/2/1 315/2/1
f 317/3/1 283/3/1 282/3/1
f 317/1/1 282/1/1 316/1/1
f 318/1/1 284/1/1 283/1/1
f 318/3/1 283/3/1 317/3/1
f 319/2/1 285/2/1 284/2/1
f 319/1/1 284/1/1 318/1/1
f 320/3/1 286/3/1 285/3/1
f 320/2/1 285/2/1 319/2/1
f 321/1/1 287/1/1 286/1/1
f 321/3/1 286/3/1 320/3/1
f 322/2/1 288/2/1 287/2/1
f 322/1/1 287/1/1 321/1/1
f 323/2/1 288/2/1 322/2/1
f 324/4/1 290/4/1 289/4/1
f 325/4/1 290/4/1 324/4/1
f 326/4/1 293/4/1 292/4/1
f 327/4/1 293/4/1 326/4/1
f 328/4/1 323/4/1 322/4/1
f 329/4/1 323/4/1 328/4/1
f 330/3/1 325/3/1 324/3/1
f 332/2/1 329/2/1 328/2/1
f 333/2/1 329/2/1 332/2/1
f 334/3/1 330/3/1 324/3/1
f 335/2/1 332/2/1 331/2/1
f 336/3/1 333/3/1 332/3/1
f 336/2/1 332/2/1 335/2/1
f 337/3/1 333/3/1 336/3/1
f 338/3/1 334/3/1 324/3/1
f 339/3/1 334/3/1 338/3/1
f 340/1/1 336/1/1 335/1/1
f 340/1/1 337/1/1 336/1/1
f 341/1/1 337/1/1 340/1/1
f 342/1/1 339/1/1 338/1/1
f 343/1/1 339/1/1 342/1/1
f 344/1/1 337/1/1 341/1/1
f 345/1/1 337/1/1 344/1/1
f 346/4/1 345/4/1 344/4/1
f 347/4/1 345/4/1 346/4/1
f 348/4/1 343/4/1 342/4/1
f 349/4/1 343/4/1 348/4/1
f 354/3/1 351/3/1 350/3/1
f 355/3/1 351/3/1 354/3/1
f 387/1/1 353/1/1 352/1/1
f 388/3/1 354/3/1 353/3/1
f 388/1/1 353/1/1 387/1/1
f 389/1/1 355/1/1 354/1/1
f 389/3/1 354/3/1 388/3/1
f 390/2/1 356/2/1 355/2/1
f 390/1/1 355/1/1 389/1/1
f 391/2/1 356/2/1 390/2/1
f 392/3/1 357/3/1 356/3/1
f 392/2/1 356/2/1 391/2/1
f 393/3/1 357/3/1 392/3/1
f 394/2/1 359/2/1 358/2/1
f 395/3/1 360/3/1 359/3/1
f 395/2/1 359/2/1 394/2/1
f 396/1/1 361/1/1 360/1/1
f 396/3/1 360/3/1 395/3/1
f 397/1/1 361/1/1 396/1/1
f 398/2/1 362/2/1 361/2/1
f 398/1/1 361/1/1 397/1/1
f 399/1/1 363/1/1 362/1/1
f 399/2/1 362/2/1 398/2/1
f 400/2/1 364/2/1 363/2/1
f 400/1/1 363/1/1 399/1/1
f 401/1/1 365/1/1 364/1/1
f 401/2/1 364/2/1 400/2/1
f 402/3/1 366/3/1 365/3/1
f 402/1/1 365/1/1 401/1/1
f 403/1/1 367/1/1 366/1/1
f 403/3/1 366/3/1 402/3/1
f 404/1/1 367/1/1 403/1/1
f 405/3/1 368/3/1 367/3/1
f 405/1/1 367/1/1 404/1/1
f 406/2/1 369/2/1 368/2/1
f 406/3/1 368/3/1 405/3/1
f 407/1/1 370/1/1 369/1/1
f 407/2/1 369/2/1 406/2/1
f 408/1/1 370/1/1 407/1/1
f 409/1/1 370/1/1 408/1/1
f 410/3/1 371/3/1 370/3/1
f 410/1/1 370/1/1 409/1/1
f 411/3/1 371/3/1 410/3/1
f 412/1/1 372/1/1 371/1/1
f 412/3/1 371/3/1 411/3/1
f 413/1/1 372/1/1 412/1/1
f 414/1/1 372/1/1 413/1/1
f 415/2/1 373/2/1 372/2/1
f 415/1/1 372/1/1 414/1/1
f 416/1/1 374/1/1 373/1/1
f 416/2/1 373/2/1 415/2/1
f 417/1/1 374/1/1 416/1/1
f 418/2/1 375/2/1 374/2/1
f 418/1/1 374/1/1 417/1/1
f 419/1/1 376/1/1 375/1/1
f 419/2/1 375/2/1 418/2/1
f 420/2/1 377/2/1 376/2/1
f 420/1/1 376/1/1 419/1/1
f 421/3/1 378/3/1 377/3/1
f 421/2/1 377/2/1 420/2/1
f 422/2/1 379/2/1 378/2/1
f 422/3/1 378/3/1 421/3/1
f 423/1/1 380/1/1 379/1/1
f 423/2/1 379/2/1 422/2/1
f 424/1/1 380/1/1 423/1/1
f 425/2/1 381/2/1 380/2/1
f 425/1/1 380/1/1 424/1/1
f 426/3/1 382/3/1 381/3/1
f 426/2/1 381/2/1 425/2/1
f 427/2/1 383/2/1 382/2/1
f 427/3/1 382/3/1 426/3/1
f 428/3/1 384/3/1 383/3/1
f 428/2/1 383/2/1 427/2/1
f 429/1/1 385/1/1 384/1/1
f 429/3/1 384/3/1 428/3/1
f 430/3/1 386/3/1 385/3/1
f 430/1/1 385/1/1 429/1/1
f 431/3/1 386/3/1 430/3/1
f 432/2/1 388/2/1 387/2/1
f 433/3/1 389/3/1 388/3/1
f 433/2/1 388/2/1 432/2/1
f 434/3/1 389/3/1 433/3/1
f 435/1/1 391/1/1 390/1/1
f 436/2/1 393/2/1 392/2/1
f 436/1/1 391/1/1 435/1/1
f 436/2/1 392/2/1 391/2/1
f 437/2/1 393/2/1 436/2/1
f 438/1/1 394/1/1 393/1/1
f 438/2/1 393/2/1 437/2/1
f 439/3/1 395/3/1 394/3/1
f 439/1/1 394/1/1 438/1/1
f 440/2/1 397/2/1 396/2/1
f 440/3/1 395/3/1 439/3/1
f 440/2/1 396/2/1 395/2/1
f 441/2/1 397/2/1 440/2/1
f 442/3/1 398/3/1 397/3/1
f 442/2/1 397/2/1 441/2/1
f 442/3/1 399/3/1 398/3/1
f 442/3/1 400/3/1 399/3/1
f 442/3/1 401/3/1 400/3/1
f 442/3/1 402/3/1 401/3/1
f 443/3/1 402/3/1 442/3/1
f 444/3/1 402/3/1 443/3/1
f 445/3/1 402/3/1 444/3/1
f 446/3/1 402/3/1 445/3/1
f 447/3/1 402/3/1 446/3/1
f 448/1/1 403/1/1 402/1/1
f 448/3/1 402/3/1 447/3/1
f 449/3/1 404/3/1 403/3/1
f 449/1/1 403/1/1 448/1/1
f 450/1/1 405/1/1 404/1/1
f 450/3/1 404/3/1 449/3/1
f 450/1/1 406/1/1 405/1/1
f 451/1/1 406/1/1 450/1/1
f 452/3/1 407/3/1 406/3/1
f 452/1/1 406/1/1 451/1/1
f 453/2/1 408/2/1 407/2/1
f 453/3/1 407/3/1 452/3/1
f 454/3/1 409/3/1 408/3/1
f 454/2/1 408/2/1 453/2/1
f 455/2/1 410/2/1 409/2/1
f 455/3/1 409/3/1 454/3/1
f 456/3/1 411/3/1 410/3/1
f 456/2/1 410/2/1 455/2/1
f 457/2/1 412/2/1 411/2/1
f 457/3/1 411/3/1 456/3/1
f 458/1/1 413/1/1 412/1/1
f 458/2/1 412/2/1 457/2/1
f 459/3/1 414/3/1 413/3/1
f 459/1/1 413/1/1 458/1/1
f 460/1/1 416/1/1 415/1/1
f 460/3/1 414/3/1 459/3/1
f 460/1/1 415/1/1 414/1/1
f 461/1/1 416/1/1 460/1/1
f 462/1/1 416/1/1 461/1/1
f 463/2/1 417/2/1 416/2/1
f 463/1/1 416/1/1 462/1/1
f 464/3/1 418/3/1 417/3/1
f 464/2/1 417/2/1 463/2/1
f 465/1/1 419/1/1 418/1/1
f 465/3/1 418/3/1 464/3/1
f 466/3/1 420/3/1 419/3/1
f 466/1/1 419/1/1 465/1/1
f 467/1/1 423/1/1 422/1/1
f 467/3/1 420/3/1 466/3/1
f 467/1/1 421/1/1 420/1/1
f 467/1/1 422/1/1 421/1/1
f 468/1/1 423/1/1 467/1/1
f 469/2/1 424/2/1 423/2/1
f 469/1/1 423/1/1 468/1/1
f 470/3/1 425/3/1 424/3/1
f 470/2/1 424/2/1 469/2/1
f 471/1/1 426/1/1 425/1/1
f 471/3/1 425/3/1 470/3/1
f 471/1/1 427/1/1 426/1/1
f 471/1/1 428/1/1 427/1/1
f 472/1/1 428/1/1 471/1/1
f 473/2/1 429/2/1 428/2/1
f 473/1/1 428/1/1 472/1/1
f 474/3/1 430/3/1 429/3/1
f 474/2/1 429/2/1 473/2/1
f 475/2/1 431/2/1 430/2/1
f 475/3/1 430/3/1 474/3/1
f 478/2/1 431/2/1 475/2/1
f 479/2/1 431/2/1 478/2/1
f 480/4/1 477/4/1 476/4/1
f 481/4/1 477/4/1 480/4/1
f 482/4/1 479/4/1 478/4/1
f 483/4/1 479/4/1 482/4/1
f 485/3/1 481/3/1 480/3/1
f 486/2/1 483/2/1 482/2/1
f 487/1/1 485/1/1 484/1/1
f 488/3/1 481/3/1 485/3/1
f 488/1/1 485/1/1 487/1/1
f 489/3/1 481/3/1 488/3/1
f 490/2/1 483/2/1 486/2/1
f 491/2/1 489/2/1 488/2/1
f 491/2/1 488/2/1 487/2/1
f 492/2/1 489/2/1 491/2/1
f 493/2/1 491/2/1 487/2/1
f 494/3/1 492/3/1 491/3/1
f 494/2/1 491/2/1 493/2/1
f 495/3/1 492/3/1 494/3/1
f 496/2/1 483/2/1 490/2/1
f 497/2/1 483/2/1 496/2/1
f 498/4/1 495/4/1 494/4/1
f 498/4/1 494/4/1 493/4/1
f 499/4/1 495/4/1 498/4/1
f 500/4/1 497/4/1 496/4/1
f 501/4/1 497/4/1 500/4/1
f 505/2/1 503/2/1 502/2/1
f 506/2/1 503/2/1 505/2/1
f 508/4/1 505/4/1 504/4/1
f 508/4/1 506/4/1 505/4/1
f 509/4/1 506/4/1 508/4/1
f 510/4/1 506/4/1 509/4/1
f 541/1/1 508/1/1 507/1/1
f 542/3/1 509/3/1 508/3/1
f 542/1/1 508/1/1 541/1/1
f 543/3/1 509/3/1 542/3/1
f 544/1/1 511/1/1 510/1/1
f 545/1/1 511/1/1 544/1/1
f 546/2/1 512/2/1 511/2/1
f 546/1/1 511/1/1 545/1/1
f 547/3/1 513/3/1 512/3/1
f 547/2/1 512/2/1 546/2/1
f 548/2/1 514/2/1 513/2/1
f 548/3/1 513/3/1 547/3/1
f 549/1/1 515/1/1 514/1/1
f 549/2/1 514/2/1 548/2/1
f 550/2/1 516/2/1 515/2/1
f 550/1/1 515/1/1 549/1/1
f 551/3/1 517/3/1 516/3/1
f 551/2/1 516/2/1 550/2/1
f 552/2/1 518/2/1 517/2/1
f 552/3/1 517/3/1 551/3/1
f 553/1/1 519/1/1 518/1/1
f 553/2/1 518/2/1 552/2/1
f 554/3/1 520/3/1 519/3/1
f 554/1/1 519/1/1 553/1/1
f 555/1/1 521/1/1 520/1/1
f 555/3/1 520/3/1 554/3/1
f 556/2/1 522/2/1 521/2/1
f 556/1/1 521/1/1 555/1/1
f 557/1/1 523/1/1 522/1/1
f 557/2/1 522/2/1 556/2/1
f 558/3/1 524/3/1 523/3/1
f 558/1/1 523/1/1 557/1/1
f 559/2/1 525/2/1 524/2/1
f 559/3/1 524/3/1 558/3/1
f 560/3/1 526/3/1 525/3/1
f 560/2/1 525/2/1 559/2/1
f 561/1/1 527/1/1 526/1/1
f 561/3/1 526/3/1 560/3/1
f 562/2/1 528/2/1 527/2/1
f 562/1/1 527/1/1 561/1/1
f 563/3/1 529/3/1 528/3/1
f 563/2/1 528/2/1 562/2/1
f 564/2/1 530/2/1 529/2/1
f 564/3/1 529/3/1 563/3/1
f 565/3/1 531/3/1 530/3/1
f 565/2/1 530/2/1 564/2/1
f 566/2/1 532/2/1 531/2/1
f 566/3/1 531/3/1 565/3/1
f 567/2/1 532/2/1 566/2/1
f 568/2/1 532/2/1 567/2/1
f 569/1/1 533/1/1 532/1/1
f 569/2/1 532/2/1 568/2/1
f 570/3/1 534/3/1 533/3/1
f 570/1/1 533/1/1 569/1/1
f 571/2/1 535/2/1 534/2/1
f 571/3/1 534/3/1 570/3/1
f 572/2/1 535/2/1 571/2/1
f 573/2/1 535/2/1 572/2/1
f 574/1/1 536/1/1 535/1/1
f 574/2/1 535/2/1 573/2/1
f 575/1/1 536/1/1 574/1/1
f 576/2/1 537/2/1 536/2/1
f 576/1/1 536/1/1 575/1/1
f 577/3/1 538/3/1 537/3/1
f 577/2/1 537/2/1 576/2/1
f 578/2/1 539/2/1 538/2/1
f 578/3/1 538/3/1 577/3/1
f 579/2/1 539/2/1 578/2/1
f 581/2/1 541/2/1 540/2/1
f 582/2/1 541/2/1 581/2/1
f 583/1/1 547/1/1 546/1/1
f 584/1/1 547/1/1 583/1/1
f 585/3/1 579/3/1 578/3/1
f 586/1/1 582/1/1 581/1/1
f 586/1/1 581/1/1 580/1/1
f 587/1/1 582/1/1 586/1/1
f 588/3/1 579/3/1 585/3/1
f 589/3/1 579/3/1 588/3/1
f 591/1/1 586/1/1 580/1/1
f 592/3/1 587/3/1 586/3/1
f 592/1/1 586/1/1 591/1/1
f 593/3/1 587/3/1 592/3/1
f 594/1/1 589/1/1 588/1/1
f 595/1/1 589/1/1 594/1/1
f 596/4/1 591/4/1 590/4/1
f 596/4/1 592/4/1 591/4/1
f 597/4/1 592/4/1 596/4/1
f 598/4/1 592/4/1 597/4/1
f 599/4/1 595/4/1 594/4/1
f 600/4/1 595/4/1 599/4/1
f 602/3/1 597/3/1 596/3/1
f 603/2/1 598/2/1 597/2/1
f 603/3/1 597/3/1 602/3/1
f 604/2/1 598/2/1 603/2/1
f 605/3/1 602/3/1 601/3/1
f 606/2/1 603/2/1 602/2/1
f 606/3/1 602/3/1 605/3/1
f 607/2/1 603/2/1 606/2/1
f 608/2/1 606/2/1 605/2/1
f 609/3/1 607/3/1 606/3/1
f 609/2/1 606/2/1 608/2/1
f 610/1/1 609/1/1 608/1/1
f 611/3/1 607/3/1 609/3/1
f 611/1/1 609/1/1 610/1/1
f 612/3/1 607/3/1 611/3/1
f 613/3/1 600/3/1 599/3/1
f 614/3/1 600/3/1 613/3/1
f 615/4/1 612/4/1 611/4/1
f 615/4/1 611/4/1 610/4/1
f 616/4/1 612/4/1 615/4/1
f 617/4/1 614/4/1 613/4/1
f 618/4/1 614/4/1 617/4/1
f 622/3/1 620/3/1 619/3/1
f 623/3/1 620/3/1 622/3/1
f 625/2/1 622/2/1 621/2/1
f 626/2/1 622/2/1 625/2/1
f 627/2/1 622/2/1 626/2/1
f 631/4/1 625/4/1 624/4/1
f 631/4/1 626/4/1 625/4/1
f 632/4/1 626/4/1 631/4/1
f 633/4/1 626/4/1 632/4/1
f 634/4/1 629/4/1 628/4/1
f 635/4/1 629/4/1 634/4/1
f 636/4/1 629/4/1 635/4/1
f 637/4/1 629/4/1 636/4/1
f 638/4/1 629/4/1 637/4/1
f 639/4/1 629/4/1 638/4/1
f 640/4/1 629/4/1 639/4/1
f 641/4/1 629/4/1 640/4/1
f 642/4/1 629/4/1 641/4/1
f 643/4/1 629/4/1 642/4/1
f 644/4/1 629/4/1 643/4/1
f 645/4/1 629/4/1 644/4/1
f 646/4/1 629/4/1 645/4/1
f 647/4/1 629/4/1 646/4/1
f 648/4/1 629/4/1 647/4/1
f 649/4/1 629/4/1 648/4/1
f 650/4/1 629/4/1 649/4/1
f 651/4/1 629/4/1 650/4/1
f 652/4/1 629/4/1 651/4/1
f 653/4/1 629/4/1 652/4/1
f 654/4/1 629/4/1 653/4/1
f 655/4/1 629/4/1 654/4/1
f 656/4/1 629/4/1 655/4/1
f 657/4/1 629/4/1 656/4/1
f 658/4/1 629/4/1 657/4/1
f 659/4/1 629/4/1 658/4/1
f 660/4/1 629/4/1 659/4/1
f 661/4/1 629/4/1 660/4/1
f 662/4/1 629/4/1 661/4/1
f 663/4/1 629/4/1 662/4/1
f 664/4/1 629/4/1 663/4/1
f 666/3/1 631/3/1 630/3/1
f 666/3/1 632/3/1 631/3/1
f 667/3/1 632/3/1 666/3/1
f 668/3/1 632/3/1 667/3/1
f 669/3/1 666/3/1 665/3/1
f 670/1/1 667/1/1 666/1/1
f 670/3/1 666/3/1 669/3/1
f 671/1/1 667/1/1 670/1/1
f 673/2/1 670/2/1 669/2/1
f 674/2/1 670/2/1 673/2/1
f 676/1/1 673/1/1 672/1/1
f 677/3/1 674/3/1 673/3/1
f 677/1/1 673/1/1 676/1/1
f 678/3/1 674/3/1 677/3/1
f 679/4/1 676/4/1 675/4/1
f 679/4/1 677/4/1 676/4/1
f 680/4/1 677/4/1 679/4/1
f 681/4/1 677/4/1 680/4/1
f 683/3/1 680/3/1 679/3/1
f 684/1/1 681/1/1 680/1/1
f 684/3/1 680/3/1 683/3/1
f 685/1/1 681/1/1 684/1/1
f 686/3/1 683/3/1 682/3/1
f 687/2/1 684/2/1 683/2/1
f 687/3/1 683/3/1 686/3/1
f 688/2/1 684/2/1 687/2/1
f 689/2/1 687/2/1 686/2/1
f 689/2/1 688/2/1 687/2/1
f 690/2/1 688/2/1 689/2/1
f 691/2/1 688/2/1 690/2/1
f 692/3/1 690/3/1 689/3/1
f 693/1/1 691/1/1 690/1/1
f 693/3/1 690/3/1 692/3/1
f 694/1/1 691/1/1 693/1/1
f 695/4/1 693/4/1 692/4/1
f 695/4/1 694/4/1 693/4/1
f 696/4/1 694/4/1 695/4/1
f 700/3/1 698/3/1 697/3/1
f 701/3/1 698/3/1 700/3/1
f 702/3/1 698/3/1 701/3/1
f 730/3/1 700/3/1 699/3/1
f 731/1/1 701/1/1 700/1/1
f 731/3/1 700/3/1 730/3/1
f 732/1/1 701/1/1 731/1/1
f 733/2/1 703/2/1 702/2/1
f 734/2/1 703/2/1 733/2/1
f 735/3/1 704/3/1 703/3/1
f 735/2/1 703/2/1 734/2/1
f 736/1/1 705/1/1 704/1/1
f 736/3/1 704/3/1 735/3/1
f 737/3/1 706/3/1 705/3/1
f 737/1/1 705/1/1 736/1/1
f 738/2/1 707/2/1 706/2/1
f 738/3/1 706/3/1 737/3/1
f 739/2/1 707/2/1 738/2/1
f 740/1/1 708/1/1 707/1/1
f 741/1/1 708/1/1 740/1/1
f 742/3/1 709/3/1 708/3/1
f 742/1/1 708/1/1 741/1/1
f 743/2/1 710/2/1 709/2/1
f 743/3/1 709/3/1 742/3/1
f 744/1/1 711/1/1 710/1/1
f 744/2/1 712/2/1 711/2/1
f 745/3/1 713/3/1 712/3/1
f 745/2/1 712/2/1 744/2/1
f 746/3/1 713/3/1 745/3/1
f 747/2/1 714/2/1 713/2/1
f 747/3/1 713/3/1 746/3/1
f 748/3/1 715/3/1 714/3/1
f 748/2/1 714/2/1 747/2/1
f 749/2/1 716/2/1 715/2/1
f 749/3/1 715/3/1 748/3/1
f 750/1/1 717/1/1 716/1/1
f 750/2/1 716/2/1 749/2/1
f 751/3/1 718/3/1 717/3/1
f 751/1/1 717/1/1 750/1/1
f 752/1/1 719/1/1 718/1/1
f 752/3/1 718/3/1 751/3/1
f 753/1/1 719/1/1 752/1/1
f 754/2/1 720/2/1 719/2/1
f 754/1/1 719/1/1 753/1/1
f 755/2/1 720/2/1 754/2/1
f 756/2/1 720/2/1 755/2/1
f 757/3/1 721/3/1 720/3/1
f 758/3/1 721/3/1 757/3/1
f 759/2/1 722/2/1 721/2/1
f 759/3/1 721/3/1 758/3/1
f 760/3/1 723/3/1 722/3/1
f 760/2/1 722/2/1 759/2/1
f 761/1/1 724/1/1 723/1/1
f 761/3/1 723/3/1 760/3/1
f 762/3/1 725/3/1 724/3/1
f 763/3/1 725/3/1 762/3/1
f 764/3/1 727/3/1 726/3/1
f 765/3/1 727/3/1 764/3/1
f 766/1/1 728/1/1 727/1/1
f 766/3/1 727/3/1 765/3/1
f 767/1/1 728/1/1 766/1/1
f 768/1/1 728/1/1 767/1/1
f 771/1/1 730/1/1 729/1/1
f 772/1/1 730/1/1 771/1/1
f 773/3/1 734/3/1 733/3/1
f 774/1/1 735/1/1 734/1/1
f 774/3/1 734/3/1 773/3/1
f 775/3/1 736/3/1 735/3/1
f 775/1/1 735/1/1 774/1/1
f 775/3/1 737/3/1 736/3/1
f 775/3/1 738/3/1 737/3/1
f 776/1/1 739/1/1 738/1/1
f 776/3/1 738/3/1 775/3/1
f 777/2/1 707/2/1 739/2/1
f 777/1/1 739/1/1 776/1/1
f 778/1/1 740/1/1 707/1/1
f 778/2/1 707/2/1 777/2/1
f 779/2/1 741/2/1 740/2/1
f 779/1/1 740/1/1 778/1/1
f 780/1/1 742/1/1 741/1/1
f 780/2/1 741/2/1 779/2/1
f 780/1/1 743/1/1 742/1/1
f 781/2/1 710/2/1 743/2/1
f 781/1/1 743/1/1 780/1/1
f 782/1/1 744/1/1 710/1/1
f 782/2/1 710/2/1 781/2/1
f 782/1/1 745/1/1 744/1/1
f 783/3/1 746/3/1 745/3/1
f 783/1/1 745/1/1 782/1/1
f 784/1/1 747/1/1 746/1/1
f 784/3/1 746/3/1 783/3/1
f 785/2/1 748/2/1 747/2/1
f 785/1/1 747/1/1 784/1/1
f 785/2/1 749/2/1 748/2/1
f 786/3/1 750/3/1 749/3/1
f 786/2/1 749/2/1 785/2/1
f 787/2/1 751/2/1 750/2/1
f 787/3/1 750/3/1 786/3/1
f 788/1/1 753/1/1 752/1/1
f 788/2/1 751/2/1 787/2/1
f 788/1/1 752/1/1 751/1/1
f 789/2/1 754/2/1 753/2/1
f 789/1/1 753/1/1 788/1/1
f 790/1/1 755/1/1 754/1/1
f 790/2/1 754/2/1 789/2/1
f 791/3/1 756/3/1 755/3/1
f 791/1/1 755/1/1 790/1/1
f 792/2/1 720/2/1 756/2/1
f 792/3/1 756/3/1 791/3/1
f 793/3/1 757/3/1 720/3/1
f 793/2/1 720/2/1 792/2/1
f 794/2/1 758/2/1 757/2/1
f 794/3/1 757/3/1 793/3/1
f 795/3/1 759/3/1 758/3/1
f 795/2/1 758/2/1 794/2/1
f 796/1/1 760/1/1 759/1/1
f 796/3/1 759/3/1 795/3/1
f 797/2/1 761/2/1 760/2/1
f 797/1/1 760/1/1 796/1/1
f 798/1/1 724/1/1 761/1/1
f 798/2/1 761/2/1 797/2/1
f 799/3/1 762/3/1 724/3/1
f 799/1/1 724/1/1 798/1/1
f 800/2/1 763/2/1 762/2/1
f 800/3/1 762/3/1 799/3/1
f 801/3/1 725/3/1 763/3/1
f 801/2/1 763/2/1 800/2/1
f 802/1/1 726/1/1 725/1/1
f 802/3/1 725/3/1 801/3/1
f 803/3/1 764/3/1 726/3/1
f 803/1/1 726/1/1 802/1/1
f 804/1/1 765/1/1 764/1/1
f 804/3/1 764/3/1 803/3/1
f 805/2/1 767/2/1 766/2/1
f 805/1/1 765/1/1 804/1/1
f 805/2/1 766/2/1 765/2/1
f 806/3/1 768/3/1 767/3/1
f 806/2/1 767/2/1 805/2/1
f 807/2/1 769/2/1 768/2/1
f 807/3/1 768/3/1 806/3/1
f 808/2/1 769/2/1 807/2/1
f 812/4/1 771/4/1 770/4/1
f 813/4/1 771/4/1 812/4/1
f 815/4/1 810/4/1 809/4/1
f 816/4/1 810/4/1 815/4/1
f 818/1/1 812/1/1 811/1/1
f 819/1/1 812/1/1 818/1/1
f 820/2/1 816/2/1 815/2/1
f 820/2/1 815/2/1 814/2/1
f 821/2/1 816/2/1 820/2/1
f 823/1/1 818/1/1 817/1/1
f 824/1/1 818/1/1 823/1/1
f 825/1/1 821/1/1 820/1/1
f 826/1/1 821/1/1 825/1/1
f 828/3/1 824/3/1 823/3/1
f 828/3/1 823/3/1 822/3/1
f 829/3/1 824/3/1 828/3/1
f 830/3/1 824/3/1 829/3/1
f 831/3/1 826/3/1 825/3/1
f 832/3/1 826/3/1 831/3/1
f 834/1/1 828/1/1 827/1/1
f 835/2/1 829/2/1 828/2/1
f 835/1/1 828/1/1 834/1/1
f 836/2/1 829/2/1 835/2/1
f 837/1/1 832/1/1 831/1/1
f 838/3/1 826/3/1 832/3/1
f 838/1/1 832/1/1 837/1/1
f 839/3/1 826/3/1 838/3/1
f 840/4/1 834/4/1 833/4/1
f 840/4/1 835/4/1 834/4/1
f 841/4/1 835/4/1 840/4/1
f 842/4/1 839/4/1 838/4/1
f 842/4/1 838/4/1 837/4/1
f 843/4/1 839/4/1 842/4/1
f 844/4/1 839/4/1 843/4/1
f 846/2/1 841/2/1 840/2/1
f 847/2/1 841/2/1 846/2/1
f 848/2/1 841/2/1 847/2/1
f 849/2/1 843/2/1 842/2/1
f 850/1/1 844/1/1 843/1/1
f 850/2/1 843/2/1 849/2/1
f 851/3/1 846/3/1 845/3/1
f 852/2/1 847/2/1 846/2/1
f 852/3/1 846/3/1 851/3/1
f 853/2/1 847/2/1 852/2/1
f 854/3/1 850/3/1 849/3/1
f 855/1/1 844/1/1 850/1/1
f 855/3/1 850/3/1 854/3/1
f 856/1/1 844/1/1 855/1/1
f 857/3/1 853/3/1 852/3/1
f 857/1/1 852/1/1 851/1/1
f 858/3/1 853/3/1 857/3/1
f 859/2/1 855/2/1 854/2/1
f 860/2/1 855/2/1 859/2/1
f 861/1/1 857/1/1 851/1/1
f 862/2/1 858/2/1 857/2/1
f 862/1/1 857/1/1 861/1/1
f 863/2/1 858/2/1 862/2/1
f 864/3/1 860/3/1 859/3/1
f 865/3/1 860/3/1 864/3/1
f 866/4/1 863/4/1 862/4/1
f 866/4/1 862/4/1 861/4/1
f 867/4/1 863/4/1 866/4/1
f 868/4/1 865/4/1 864/4/1
f 869/4/1 865/4/1 868/4/1
f 873/2/1 871/2/1 870/2/1
f 874/2/1 871/2/1 873/2/1
f 908/3/1 873/3/1 872/3/1
f 909/3/1 873/3/1 908/3/1
f 910/1/1 875/1/1 874/1/1
f 911/3/1 876/3/1 875/3/1
f 911/1/1 875/1/1 910/1/1
f 912/2/1 877/2/1 876/2/1
f 912/3/1 876/3/1 911/3/1
f 913/3/1 878/3/1 877/3/1
f 913/2/1 877/2/1 912/2/1
f 914/2/1 879/2/1 878/2/1
f 914/3/1 878/3/1 913/3/1
f 915/3/1 880/3/1 879/3/1
f 915/2/1 879/2/1 914/2/1
f 916/1/1 881/1/1 880/1/1
f 916/3/1 880/3/1 915/3/1
f 917/3/1 882/3/1 881/3/1
f 917/1/1 881/1/1 916/1/1
f 918/1/1 883/1/1 882/1/1
f 918/3/1 882/3/1 917/3/1
f 919/2/1 884/2/1 883/2/1
f 919/1/1 883/1/1 918/1/1
f 920/1/1 885/1/1 884/1/1
f 920/2/1 884/2/1 919/2/1
f 921/2/1 886/2/1 885/2/1
f 921/1/1 885/1/1 920/1/1
f 922/1/1 887/1/1 886/1/1
f 922/2/1 886/2/1 921/2/1
f 923/1/1 887/1/1 922/1/1
f 924/3/1 888/3/1 887/3/1
f 924/1/1 887/1/1 923/1/1
f 925/2/1 889/2/1 888/2/1
f 925/3/1 888/3/1 924/3/1
f 926/2/1 889/2/1 925/2/1
f 927/1/1 890/1/1 889/1/1
f 927/2/1 889/2/1 926/2/1
f 928/2/1 891/2/1 890/2/1
f 928/1/1 890/1/1 927/1/1
f 929/3/1 892/3/1 891/3/1
f 929/2/1 891/2/1 928/2/1
f 930/3/1 892/3/1 929/3/1
f 931/2/1 893/2/1 892/2/1
f 931/3/1 892/3/1 930/3/1
f 932/1/1 894/1/1 893/1/1
f 932/2/1 893/2/1 931/2/1
f 933/3/1 895/3/1 894/3/1
f 933/1/1 894/1/1 932/1/1
f 934/1/1 896/1/1 895/1/1
f 934/3/1 895/3/1 933/3/1
f 935/2/1 897/2/1 896/2/1
f 935/1/1 896/1/1 934/1/1
f 936/3/1 898/3/1 897/3/1
f 936/2/1 897/2/1 935/2/1
f 937/1/1 899/1/1 898/1/1
f 937/3/1 898/3/1 936/3/1
f 938/3/1 900/3/1 899/3/1
f 938/1/1 899/1/1 937/1/1
f 939/3/1 900/3/1 938/3/1
f 940/1/1 901/1/1 900/1/1
f 940/3/1 900/3/1 939/3/1
f 941/2/1 902/2/1 901/2/1
f 941/1/1 901/1/1 940/1/1
f 942/1/1 903/1/1 902/1/1
f 942/2/1 902/2/1 941/2/1
f 943/3/1 904/3/1 903/3/1
f 943/1/1 903/1/1 942/1/1
f 944/1/1 905/1/1 904/1/1
f 944/3/1 904/3/1 943/3/1
f 945/1/1 905/1/1 944/1/1
f 947/2/1 907/2/1 906/2/1
f 948/3/1 908/3/1 907/3/1
f 948/2/1 907/2/1 947/2/1
f 949/3/1 908/3/1 948/3/1
f 951/2/1 947/2/1 946/2/1
f 952/3/1 948/3/1 947/3/1
f 952/2/1 947/2/1 951/2/1
f 953/3/1 948/3/1 952/3/1
f 955/4/1 951/4/1 950/4/1
f 955/4/1 952/4/1 951/4/1
f 956/4/1 952/4/1 955/4/1
f 957/4/1 952/4/1 956/4/1
f 961/2/1 955/2/1 954/2/1
f 962/3/1 956/3/1 955/3/1
f 962/2/1 955/2/1 961/2/1
f 963/3/1 956/3/1 962/3/1
f 966/3/1 959/3/1 958/3/1
f 967/3/1 959/3/1 966/3/1
f 969/1/1 961/1/1 960/1/1
f 970/3/1 962/3/1 961/3/1
f 970/1/1 961/1/1 969/1/1
f 971/3/1 962/3/1 970/3/1
f 972/1/1 965/1/1 964/1/1
f 973/1/1 965/1/1 972/1/1
f 974/1/1 967/1/1 966/1/1
f 975/1/1 967/1/1 974/1/1
f 977/1/1 969/1/1 968/1/1
f 978/2/1 970/2/1 969/2/1
f 978/1/1 969/1/1 977/1/1
f 979/2/1 970/2/1 978/2/1
f 980/2/1 973/2/1 972/2/1
f 981/2/1 973/2/1 980/2/1
f 983/2/1 977/2/1 976/2/1
f 984/3/1 978/3/1 977/3/1
f 984/2/1 977/2/1 983/2/1
f 985/3/1 978/3/1 984/3/1
f 986/1/1 981/1/1 980/1/1
f 987/1/1 981/1/1 986/1/1
f 988/2/1 975/2/1 974/2/1
f 989/2/1 975/2/1 988/2/1
f 990/4/1 983/4/1 982/4/1
f 990/4/1 984/4/1 983/4/1
f 991/4/1 984/4/1 990/4/1
f 992/4/1 987/4/1 986/4/1
f 993/4/1 987/4/1 992/4/1
f 994/4/1 989/4/1 988/4/1
f 995/4/1 989/4/1 994/4/1
f 997/3/1 991/3/1 990/3/1
f 998/3/1 991/3/1 997/3/1
f 999/3/1 991/3/1 998/3/1
f 1000/3/1 995/3/1 994/3/1
f 1001/3/1 995/3/1 1000/3/1
f 1002/2/1 997/2/1 996/2/1
f 1003/3/1 998/3/1 997/3/1
f 1003/2/1 997/2/1 1002/2/1
f 1004/3/1 998/3/1 1003/3/1
f 1006/1/1 1001/1/1 1000/1/1
f 1007/1/1 1001/1/1 1006/1/1
f 1008/1/1 1006/1/1 1005/1/1
f 1009/3/1 1007/3/1 1006/3/1
f 1009/1/1 1006/1/1 1008/1/1
f 1010/3/1 1007/3/1 1009/3/1
f 1011/1/1 1003/1/1 1002/1/1
f 1012/3/1 1004/3/1 1003/3/1
f 1012/1/1 1003/1/1 1011/1/1
f 1013/3/1 1004/3/1 1012/3/1
f 1014/1/1 1009/1/1 1008/1/1
f 1014/1/1 1010/1/1 1009/1/1
f 1015/1/1 1010/1/1 1014/1/1
f 1016/1/1 1010/1/1 1015/1/1
f 1017/4/1 1013/4/1 1012/4/1
f 1017/4/1 1012/4/1 1011/4/1
f 1018/4/1 1013/4/1 1017/4/1
f 1019/4/1 1015/4/1 1014/4/1
f 1020/4/1 1015/4/1 1019/4/1
f 1024/4/1 1022/4/1 1021/4/1
f 1025/4/1 1022/4/1 1024/4/1
f 1054/2/1 1024/2/1 1023/2/1
f 1055/2/1 1024/2/1 1054/2/1
f 1056/3/1 1026/3/1 1025/3/1
f 1057/3/1 1026/3/1 1056/3/1
f 1058/3/1 1026/3/1 1057/3/1
f 1059/3/1 1026/3/1 1058/3/1
f 1060/3/1 1026/3/1 1059/3/1
f 1061/1/1 1027/1/1 1026/1/1
f 1061/3/1 1026/3/1 1060/3/1
f 1062/2/1 1028/2/1 1027/2/1
f 1062/1/1 1027/1/1 1061/1/1
f 1063/3/1 1029/3/1 1028/3/1
f 1063/2/1 1028/2/1 1062/2/1
f 1064/1/1 1030/1/1 1029/1/1
f 1064/3/1 1029/3/1 1063/3/1
f 1065/1/1 1030/1/1 1064/1/1
f 1066/3/1 1031/3/1 1030/3/1
f 1066/1/1 1030/1/1 1065/1/1
f 1067/1/1 1032/1/1 1031/1/1
f 1067/3/1 1031/3/1 1066/3/1
f 1068/3/1 1033/3/1 1032/3/1
f 1068/1/1 1032/1/1 1067/1/1
f 1069/2/1 1034/2/1 1033/2/1
f 1069/3/1 1033/3/1 1068/3/1
f 1070/1/1 1035/1/1 1034/1/1
f 1070/2/1 1034/2/1 1069/2/1
f 1071/3/1 1036/3/1 1035/3/1
f 1071/1/1 1035/1/1 1070/1/1
f 1072/1/1 1037/1/1 1036/1/1
f 1072/3/1 1036/3/1 1071/3/1
f 1073/3/1 1038/3/1 1037/3/1
f 1073/1/1 1037/1/1 1072/1/1
f 1074/1/1 1039/1/1 1038/1/1
f 1074/3/1 1038/3/1 1073/3/1
f 1075/1/1 1039/1/1 1074/1/1
f 1076/2/1 1040/2/1 1039/2/1
f 1076/1/1 1039/1/1 1075/1/1
f 1077/1/1 1041/1/1 1040/1/1
f 1077/2/1 1040/2/1 1076/2/1
f 1078/1/1 1041/1/1 1077/1/1
f 1079/1/1 1041/1/1 1078/1/1
f 1080/2/1 1042/2/1 1041/2/1
f 1080/1/1 1041/1/1 1079/1/1
f 1081/2/1 1042/2/1 1080/2/1
f 1082/2/1 1042/2/1 1081/2/1
f 1083/1/1 1043/1/1 1042/1/1
f 1083/2/1 1042/2/1 1082/2/1
f 1084/2/1 1044/2/1 1043/2/1
f 1084/1/1 1043/1/1 1083/1/1
f 1085/1/1 1045/1/1 1044/1/1
f 1085/2/1 1044/2/1 1084/2/1
f 1086/3/1 1046/3/1 1045/3/1
f 1086/1/1 1045/1/1 1085/1/1
f 1087/2/1 1047/2/1 1046/2/1
f 1087/3/1 1046/3/1 1086/3/1
f 1088/1/1 1048/1/1 1047/1/1
f 1088/2/1 1047/2/1 1087/2/1
f 1089/3/1 1049/3/1 1048/3/1
f 1089/1/1 1048/1/1 1088/1/1
f 1090/2/1 1050/2/1 1049/2/1
f 1090/3/1 1049/3/1 1089/3/1
f 1091/1/1 1051/1/1 1050/1/1
f 1091/2/1 1050/2/1 1090/2/1
f 1092/3/1 1052/3/1 1051/3/1
f 1092/1/1 1051/1/1 1091/1/1
f 1093/3/1 1052/3/1 1092/3/1
f 1095/3/1 1054/3/1 1053/3/1
f 1096/3/1 1054/3/1 1095/3/1
f 1097/3/1 1054/3/1 1096/3/1
f 1099/2/1 1095/2/1 1094/2/1
f 1100/2/1 1095/2/1 1099/2/1
f 1102/1/1 1099/1/1 1098/1/1
f 1103/1/1 1099/1/1 1102/1/1
f 1105/4/1 1102/4/1 1101/4/1
f 1106/4/1 1102/4/1 1105/4/1
f 1107/4/1 1102/4/1 1106/4/1
f 1111/1/1 1105/1/1 1104/1/1
f 1112/3/1 1106/3/1 1105/3/1
f 1112/1/1 1105/1/1 1111/1/1
f 1113/3/1 1106/3/1 1112/3/1
f 1114/1/1 1109/1/1 1108/1/1
f 1116/1/1 1111/1/1 1110/1/1
f 1117/2/1 1112/2/1 1111/2/1
f 1117/1/1 1111/1/1 1116/1/1
f 1118/2/1 1112/2/1 1117/2/1
f 1119/1/1 1109/1/1 1114/1/1
f 1120/1/1 1109/1/1 1119/1/1
f 1122/1/1 1116/1/1 1115/1/1
f 1122/1/1 1117/1/1 1116/1/1
f 1123/1/1 1117/1/1 1122/1/1
f 1124/1/1 1117/1/1 1123/1/1
f 1125/2/1 1122/2/1 1121/2/1
f 1126/3/1 1123/3/1 1122/3/1
f 1126/2/1 1122/2/1 1125/2/1
f 1127/3/1 1123/3/1 1126/3/1
f 1128/2/1 1120/2/1 1119/2/1
f 1129/2/1 1120/2/1 1128/2/1
f 1131/4/1 1126/4/1 1125/4/1
f 1132/4/1 1126/4/1 1131/4/1
f 1133/4/1 1129/4/1 1128/4/1
f 1134/4/1 1129/4/1 1133/4/1
f 1136/2/1 1131/2/1 1130/2/1
f 1137/1/1 1132/1/1 1131/1/1
f 1137/2/1 1131/2/1 1136/2/1
f 1138/1/1 1132/1/1 1137/1/1
f 1139/1/1 1134/1/1 1133/1/1
f 1140/1/1 1134/1/1 1139/1/1
f 1141/2/1 1137/2/1 1136/2/1
f 1142/1/1 1136/1/1 1135/1/1
f 1142/2/1 1141/2/1 1136/2/1
f 1143/2/1 1141/2/1 1142/2/1
f 1144/1/1 1142/1/1 1135/1/1
f 1144/1/1 1143/1/1 1142/1/1
f 1145/1/1 1143/1/1 1144/1/1
f 1148/4/1 1145/4/1 1144/4/1
f 1149/4/1 1145/4/1 1148/4/1
f 1150/4/1 1147/4/1 1146/4/1
f 1151/4/1 1147/4/1 1150/4/1
f 1156/2/1 1153/2/1 1152/2/1
f 1157/2/1 1153/2/1 1156/2/1
f 1160/4/1 1155/4/1 1154/4/1
f 1161/4/1 1155/4/1 1160/4/1
f 1162/4/1 1158/4/1 1157/4/1
f 1163/4/1 1158/4/1 1162/4/1
f 1164/4/1 1158/4/1 1163/4/1
f 1165/4/1 1158/4/1 1164/4/1
f 1166/4/1 1158/4/1 1165/4/1
f 1167/4/1 1158/4/1 1166/4/1
f 1168/4/1 1158/4/1 1167/4/1
f 1169/4/1 1158/4/1 1168/4/1
f 1170/4/1 1158/4/1 1169/4/1
f 1171/4/1 1158/4/1 1170/4/1
f 1172/4/1 1158/4/1 1171/4/1
f 1173/4/1 1158/4/1 1172/4/1
f 1174/4/1 1158/4/1 1173/4/1
f 1175/4/1 1158/4/1 1174/4/1
f 1176/4/1 1158/4/1 1175/4/1
f 1177/4/1 1158/4/1 1176/4/1
f 1178/4/1 1158/4/1 1177/4/1
f 1179/4/1 1158/4/1 1178/4/1
f 1180/4/1 1158/4/1 1179/4/1
f 1181/4/1 1158/4/1 1180/4/1
f 1182/4/1 1158/4/1 1181/4/1
f 1183/4/1 1158/4/1 1182/4/1
f 1184/4/1 1158/4/1 1183/4/1
f 1185/4/1 1158/4/1 1184/4/1
f 1186/4/1 1158/4/1 1185/4/1
f 1187/4/1 1158/4/1 1186/4/1
f 1188/4/1 1158/4/1 1187/4/1
f 1190/2/1 1160/2/1 1159/2/1
f 1191/2/1 1160/2/1 1190/2/1
f 1193/2/1 1190/2/1 1189/2/1
f 1194/2/1 1190/2/1 1193/2/1
f 1197/2/1 1193/2/1 1192/2/1
f 1198/2/1 1193/2/1 1197/2/1
f 1200/2/1 1196/2/1 1195/2/1
f 1201/1/1 1197/1/1 1196/1/1
f 1201/2/1 1196/2/1 1200/2/1
f 1202/1/1 1197/1/1 1201/1/1
f 1204/4/1 1200/4/1 1199/4/1
f 1205/4/1 1200/4/1 1204/4/1
f 1209/2/1 1204/2/1 1203/2/1
f 1210/2/1 1204/2/1 1209/2/1
f 1211/3/1 1207/3/1 1206/3/1
f 1212/3/1 1207/3/1 1211/3/1
f 1214/3/1 1209/3/1 1208/3/1
f 1215/3/1 1209/3/1 1214/3/1
f 1216/3/1 1209/3/1 1215/3/1
f 1217/1/1 1212/1/1 1211/1/1
f 1218/1/1 1212/1/1 1217/1/1
f 1220/3/1 1214/3/1 1213/3/1
f 1220/3/1 1215/3/1 1214/3/1
f 1221/3/1 1215/3/1 1220/3/1
f 1222/3/1 1215/3/1 1221/3/1
f 1223/2/1 1218/2/1 1217/2/1
f 1224/2/1 1218/2/1 1223/2/1
f 1225/1/1 1220/1/1 1219/1/1
f 1226/3/1 1221/3/1 1220/3/1
f 1226/1/1 1220/1/1 1225/1/1
f 1227/3/1 1221/3/1 1226/3/1
f 1228/1/1 1224/1/1 1223/1/1
f 1229/1/1 1224/1/1 1228/1/1
f 1231/4/1 1227/4/1 1226/4/1
f 1231/4/1 1226/4/1 1225/4/1
f 1232/4/1 1227/4/1 1231/4/1
f 1233/4/1 1227/4/1 1232/4/1
f 1234/4/1 1229/4/1 1228/4/1
f 1235/4/1 1229/4/1 1234/4/1
f 1236/3/1 1231/3/1 1230/3/1
f 1237/2/1 1232/2/1 1231/2/1
f 1237/3/1 1231/3/1 1236/3/1
f 1238/2/1 1232/2/1 1237/2/1
f 1240/3/1 1235/3/1 1234/3/1
f 1242/1/1 1237/1/1 1236/1/1
f 1243/1/1 1240/1/1 1239/1/1
f 1244/3/1 1235/3/1 1240/3/1
f 1244/1/1 1240/1/1 1243/1/1
f 1245/3/1 1235/3/1 1244/3/1
f 1246/1/1 1242/1/1 1241/1/1
f 1247/1/1 1237/1/1 1242/1/1
f 1247/1/1 1242/1/1 1246/1/1
f 1248/1/1 1244/1/1 1243/1/1
f 1248/1/1 1245/1/1 1244/1/1
f 1249/1/1 1245/1/1 1248/1/1
f 1250/1/1 1245/1/1 1249/1/1
f 1251/2/1 1247/2/1 1246/2/1
f 1252/2/1 1247/2/1 1251/2/1
f 1253/3/1 1249/3/1 1248/3/1
f 1254/2/1 1250/2/1 1249/2/1
f 1254/3/1 1249/3/1 1253/3/1
f 1255/2/1 1250/2/1 1254/2/1
f 1256/4/1 1252/4/1 1251/4/1
f 1257/4/1 1252/4/1 1256/4/1
f 1258/4/1 1254/4/1 1253/4/1
f 1259/4/1 1254/4/1 1258/4/1
f 1264/3/1 1261/3/1 1260/3/1
f 1265/3/1 1261/3/1 1264/3/1
f 1290/3/1 1263/3/1 1262/3/1
f 1291/2/1 1264/2/1 1263/2/1
f 1291/3/1 1263/3/1 1290/3/1
f 1292/2/1 1264/2/1 1291/2/1
f 1293/2/1 1266/2/1 1265/2/1
f 1294/3/1 1267/3/1 1266/3/1
f 1294/2/1 1266/2/1 1293/2/1
f 1295/1/1 1268/1/1 1267/1/1
f 1295/3/1 1267/3/1 1294/3/1
f 1296/3/1 1269/3/1 1268/3/1
f 1296/1/1 1268/1/1 1295/1/1
f 1297/1/1 1270/1/1 1269/1/1
f 1297/3/1 1269/3/1 1296/3/1
f 1298/2/1 1271/2/1 1270/2/1
f 1298/1/1 1270/1/1 1297/1/1
f 1299/3/1 1272/3/1 1271/3/1
f 1299/2/1 1271/2/1 1298/2/1
f 1300/2/1 1273/2/1 1272/2/1
f 1300/3/1 1272/3/1 1299/3/1
f 1301/1/1 1274/1/1 1273/1/1
f 1301/2/1 1273/2/1 1300/2/1
f 1302/3/1 1275/3/1 1274/3/1
f 1302/1/1 1274/1/1 1301/1/1
f 1303/2/1 1276/2/1 1275/2/1
f 1303/3/1 1275/3/1 1302/3/1
f 1304/3/1 1277/3/1 1276/3/1
f 1304/2/1 1276/2/1 1303/2/1
f 1305/1/1 1278/1/1 1277/1/1
f 1305/3/1 1277/3/1 1304/3/1
f 1306/3/1 1279/3/1 1278/3/1
f 1306/1/1 1278/1/1 1305/1/1
f 1307/1/1 1280/1/1 1279/1/1
f 1307/3/1 1279/3/1 1306/3/1
f 1308/2/1 1281/2/1 1280/2/1
f 1308/1/1 1280/1/1 1307/1/1
f 1309/1/1 1282/1/1 1281/1/1
f 1309/2/1 1281/2/1 1308/2/1
f 1310/2/1 1283/2/1 1282/2/1
f 1310/1/1 1282/1/1 1309/1/1
f 1311/3/1 1284/3/1 1283/3/1
f 1311/2/1 1283/2/1 1310/2/1
f 1312/2/1 1285/2/1 1284/2/1
f 1312/3/1 1284/3/1 1311/3/1
f 1313/1/1 1286/1/1 1285/1/1
f 1313/2/1 1285/2/1 1312/2/1
f 1314/2/1 1287/2/1 1286/2/1
f 1314/1/1 1286/1/1 1313/1/1
f 1315/1/1 1288/1/1 1287/1/1
f 1315/2/1 1287/2/1 1314/2/1
f 1316/1/1 1288/1/1 1315/1/1
f 1319/4/1 1290/4/1 1289/4/1
f 1320/4/1 1290/4/1 1319/4/1
f 1322/2/1 1318/2/1 1317/2/1
f 1323/2/1 1318/2/1 1322/2/1
f 1326/2/1 1322/2/1 1321/2/1
f 1327/2/1 1322/2/1 1326/2/1
f 1329/3/1 1325/3/1 1324/3/1
f 1330/1/1 1326/1/1 1325/1/1
f 1330/3/1 1325/3/1 1329/3/1
f 1331/1/1 1326/1/1 1330/1/1
f 1333/3/1 1329/3/1 1328/3/1
f 1334/3/1 1329/3/1 1333/3/1
f 1336/4/1 1333/4/1 1332/4/1
f 1337/4/1 1333/4/1 1336/4/1
f 1338/4/1 1333/4/1 1337/4/1
f 1340/1/1 1336/1/1 1335/1/1
f 1341/3/1 1337/3/1 1336/3/1
f 1341/1/1 1336/1/1 1340/1/1
f 1342/3/1 1337/3/1 1341/3/1
f 1344/3/1 1340/3/1 1339/3/1
f 1345/3/1 1340/3/1 1344/3/1
f 1347/2/1 1344/2/1 1343/2/1
f 1348/2/1 1344/2/1 1347/2/1
f 1350/1/1 1347/1/1 1346/1/1
f 1351/1/1 1347/1/1 1350/1/1
f 1353/4/1 1350/4/1 1349/4/1
f 1353/4/1 1351/4/1 1350/4/1
f 1354/4/1 1351/4/1 1353/4/1
f 1355/4/1 1351/4/1 1354/4/1
f 1356/1/1 1353/1/1 1352/1/1
f 1356/2/1 1354/2/1 1353/2/1
f 1357/2/1 1354/2/1 1356/2/1
f 1359/1/1 1356/1/1 1352/1/1
f 1360/3/1 1357/3/1 1356/3/1
f 1360/1/1 1356/1/1 1359/1/1
f 1361/3/1 1357/3/1 1360/3/1
f 1362/3/1 1359/3/1 1358/3/1
f 1363/1/1 1360/1/1 1359/1/1
f 1363/3/1 1359/3/1 1362/3/1
f 1364/1/1 1360/1/1 1363/1/1
f 1365/2/1 1363/2/1 1362/2/1
f 1366/1/1 1364/1/1 1363/1/1
f 1366/2/1 1363/2/1 1365/2/1
f 1367/1/1 1364/1/1 1366/1/1
f 1370/4/1 1367/4/1 1366/4/1
f 1370/4/1 1366/4/1 1365/4/1
f 1371/4/1 1367/4/1 1370/4/1
f 1372/4/1 1369/4/1 1368/4/1
f 1373/4/1 1369/4/1 1372/4/1
f 1406/2/1 1375/2/1 1374/2/1
f 1407/1/1 1376/1/1 1375/1/1
f 1407/2/1 1375/2/1 1406/2/1
f 1408/1/1 1376/1/1 1407/1/1
f 1409/2/1 1378/2/1 1377/2/1
f 1410/3/1 1379/3/1 1378/3/1
f 1410/2/1 1378/2/1 1409/2/1
f 1411/2/1 1380/2/1 1379/2/1
f 1411/3/1 1379/3/1 1410/3/1
f 1412/1/1 1381/1/1 1380/1/1
f 1412/2/1 1380/2/1 1411/2/1
f 1413/2/1 1382/2/1 1381/2/1
f 1413/1/1 1381/1/1 1412/1/1
f 1414/2/1 1382/2/1 1413/2/1
f 1415/3/1 1383/3/1 1382/3/1
f 1415/2/1 1382/2/1 1414/2/1
f 1416/2/1 1384/2/1 1383/2/1
f 1416/3/1 1383/3/1 1415/3/1
f 1417/1/1 1385/1/1 1384/1/1
f 1417/2/1 1384/2/1 1416/2/1
f 1418/2/1 1386/2/1 1385/2/1
f 1418/1/1 1385/1/1 1417/1/1
f 1419/3/1 1387/3/1 1386/3/1
f 1419/2/1 1386/2/1 1418/2/1
f 1420/1/1 1388/1/1 1387/1/1
f 1420/3/1 1387/3/1 1419/3/1
f 1421/3/1 1389/3/1 1388/3/1
f 1421/1/1 1388/1/1 1420/1/1
f 1422/1/1 1390/1/1 1389/1/1
f 1422/3/1 1389/3/1 1421/3/1
f 1423/2/1 1391/2/1 1390/2/1
f 1423/1/1 1390/1/1 1422/1/1
f 1424/2/1 1391/2/1 1423/2/1
f 1425/1/1 1392/1/1 1391/1/1
f 1425/2/1 1391/2/1 1424/2/1
f 1426/2/1 1393/2/1 1392/2/1
f 1426/1/1 1392/1/1 1425/1/1
f 1427/3/1 1394/3/1 1393/3/1
f 1427/2/1 1393/2/1 1426/2/1
f 1428/2/1 1395/2/1 1394/2/1
f 1428/3/1 1394/3/1 1427/3/1
f 1429/1/1 1396/1/1 1395/1/1
f 1429/2/1 1395/2/1 1428/2/1
f 1430/3/1 1397/3/1 1396/3/1
f 1430/1/1 1396/1/1 1429/1/1
f 1431/1/1 1398/1/1 1397/1/1
f 1431/3/1 1397/3/1 1430/3/1
f 1432/2/1 1399/2/1 1398/2/1
f 1432/1/1 1398/1/1 1431/1/1
f 1433/3/1 1400/3/1 1399/3/1
f 1433/2/1 1399/2/1 1432/2/1
f 1434/3/1 1400/3/1 1433/3/1
f 1435/1/1 1401/1/1 1400/1/1
f 1435/3/1 1400/3/1 1434/3/1
f 1436/3/1 1402/3/1 1401/3/1
f 1436/1/1 1401/1/1 1435/1/1
f 1437/2/1 1403/2/1 1402/2/1
f 1437/3/1 1402/3/1 1436/3/1
f 1438/2/1 1403/2/1 1437/2/1
f 1439/1/1 1404/1/1 1403/1/1
f 1439/2/1 1403/2/1 1438/2/1
f 1440/1/1 1404/1/1 1439/1/1
f 1441/1/1 1404/1/1 1440/1/1
f 1443/1/1 1406/1/1 1405/1/1
f 1444/1/1 1406/1/1 1443/1/1
f 1447/4/1 1443/4/1 1442/4/1
f 1448/4/1 1443/4/1 1447/4/1
f 1451/3/1 1446/3/1 1445/3/1
f 1452/3/1 1446/3/1 1451/3/1
f 1454/3/1 1450/3/1 1449/3/1
f 1455/1/1 1451/1/1 1450/1/1
f 1455/3/1 1450/3/1 1454/3/1
f 1456/1/1 1451/1/1 1455/1/1
f 1458/3/1 1454/3/1 1453/3/1
f 1459/3/1 1454/3/1 1458/3/1
f 1461/3/1 1458/3/1 1457/3/1
f 1462/3/1 1458/3/1 1461/3/1
f 1465/4/1 1461/4/1 1460/4/1
f 1466/4/1 1461/4/1 1465/4/1
f 1468/3/1 1464/3/1 1463/3/1
f 1469/1/1 1465/1/1 1464/1/1
f 1469/3/1 1464/3/1 1468/3/1
f 1470/1/1 1465/1/1 1469/1/1
f 1472/2/1 1468/2/1 1467/2/1
f 1473/1/1 1469/1/1 1468/1/1
f 1473/2/1 1468/2/1 1472/2/1
f 1474/1/1 1469/1/1 1473/1/1
f 1476/3/1 1472/3/1 1471/3/1
f 1476/3/1 1473/3/1 1472/3/1
f 1477/3/1 1473/3/1 1476/3/1
f 1478/3/1 1473/3/1 1477/3/1
f 1480/1/1 1476/1/1 1475/1/1
f 1480/1/1 1477/1/1 1476/1/1
f 1481/1/1 1477/1/1 1480/1/1
f 1482/1/1 1477/1/1 1481/1/1
f 1484/4/1 1480/4/1 1479/4/1
f 1484/4/1 1481/4/1 1480/4/1
f 1485/4/1 1481/4/1 1484/4/1
f 1486/4/1 1481/4/1 1485/4/1
f 1487/1/1 1484/1/1 1483/1/1
f 1488/3/1 1485/3/1 1484/3/1
f 1488/1/1 1484/1/1 1487/1/1
f 1489/3/1 1485/3/1 1488/3/1
f 1491/3/1 1488/3/1 1487/3/1
f 1492/2/1 1489/2/1 1488/2/1
f 1492/3/1 1488/3/1 1491/3/1
f 1493/2/1 1489/2/1 1492/2/1
f 1494/3/1 1491/3/1 1490/3/1
f 1494/3/1 1492/3/1 1491/3/1
f 1495/3/1 1492/3/1 1494/3/1
f 1496/3/1 1494/3/1 1490/3/1
f 1497/1/1 1495/1/1 1494/1/1
f 1497/3/1 1494/3/1 1496/3/1
f 1498/1/1 1495/1/1 1497/1/1
f 1499/4/1 1497/4/1 1496/4/1
f 1499/4/1 1498/4/1 1497/4/1
f 1500/4/1 1498/4/1 1499/4/1
f 1503/3/1 1502/3/1 1501/3/1
f 1504/3/1 1502/3/1 1503/3/1
f 1508/1/1 1506/1/1 1505/1/1
f 1509/1/1 1506/1/1 1508/1/1
f 1512/4/1 1508/4/1 1507/4/1
f 1513/4/1 1508/4/1 1512/4/1
f 1516/1/1 1511/1/1 1510/1/1
f 1517/1/1 1511/1/1 1516/1/1
f 1519/2/1 1515/2/1 1514/2/1
f 1520/2/1 1515/2/1 1519/2/1
f 1523/3/1 1519/3/1 1518/3/1
f 1524/3/1 1519/3/1 1523/3/1
f 1528/1/1 1522/1/1 1521/1/1
f 1529/1/1 1522/1/1 1528/1/1
f 1530/3/1 1526/3/1 1525/3/1
f 1531/3/1 1526/3/1 1530/3/1
f 1533/4/1 1528/4/1 1527/4/1
f 1534/4/1 1528/4/1 1533/4/1
f 1535/4/1 1528/4/1 1534/4/1
f 1537/3/1 1533/3/1 1532/3/1
f 1538/3/1 1533/3/1 1537/3/1
f 1540/1/1 1537/1/1 1536/1/1
f 1541/1/1 1537/1/1 1540/1/1
f 1543/3/1 1540/3/1 1539/3/1
f 1544/3/1 1540/3/1 1543/3/1
f 1545/3/1 1540/3/1 1544/3/1
f 1547/1/1 1543/1/1 1542/1/1
f 1548/2/1 1544/2/1 1543/2/1
f 1548/1/1 1543/1/1 1547/1/1
f 1549/2/1 1544/2/1 1548/2/1
f 1551/4/1 1547/4/1 1546/4/1
f 1551/4/1 1548/4/1 1547/4/1
f 1552/4/1 1548/4/1 1551/4/1
f 1553/4/1 1548/4/1 1552/4/1
f 1554/1/1 1551/1/1 1550/1/1
f 1554/1/1 1552/1/1 1551/1/1
f 1555/1/1 1552/1/1 1554/1/1
f 1556/1/1 1552/1/1 1555/1/1
f 1558/2/1 1555/2/1 1554/2/1
f 1559/1/1 1556/1/1 1555/1/1
f 1559/2/1 1555/2/1 1558/2/1
f 1560/1/1 1556/1/1 1559/1/1
f 1561/3/1 1558/3/1 1557/3/1
f 1562/1/1 1559/1/1 1558/1/1
f 1562/3/1 1558/3/1 1561/3/1
f 1563/1/1 1562/1/1 1561/1/1
f 1564/1/1 1559/1/1 1562/1/1
f 1564/1/1 1562/1/1 1563/1/1
f 1565/4/1 1564/4/1 1563/4/1
f 1566/4/1 1564/4/1 1565/4/1
f 1600/2/1 1568/2/1 1567/2/1
f 1601/3/1 1569/3/1 1568/3/1
f 1601/2/1 1568/2/1 1600/2/1
f 1602/3/1 1569/3/1 1601/3/1
f 1603/3/1 1571/3/1 1570/3/1
f 1604/2/1 1572/2/1 1571/2/1
f 1604/3/1 1571/3/1 1603/3/1
f 1605/3/1 1573/3/1 1572/3/1
f 1605/2/1 1572/2/1 1604/2/1
f 1606/1/1 1574/1/1 1573/1/1
f 1606/3/1 1573/3/1 1605/3/1
f 1607/3/1 1575/3/1 1574/3/1
f 1607/1/1 1574/1/1 1606/1/1
f 1608/3/1 1575/3/1 1607/3/1
f 1609/3/1 1575/3/1 1608/3/1
f 1610/1/1 1576/1/1 1575/1/1
f 1610/3/1 1575/3/1 1609/3/1
f 1611/2/1 1577/2/1 1576/2/1
f 1611/1/1 1576/1/1 1610/1/1
f 1612/3/1 1578/3/1 1577/3/1
f 1612/2/1 1577/2/1 1611/2/1
f 1613/2/1 1579/2/1 1578/2/1
f 1613/3/1 1578/3/1 1612/3/1
f 1614/3/1 1580/3/1 1579/3/1
f 1614/2/1 1579/2/1 1613/2/1
f 1615/1/1 1581/1/1 1580/1/1
f 1615/3/1 1580/3/1 1614/3/1
f 1616/2/1 1582/2/1 1581/2/1
f 1616/1/1 1581/1/1 1615/1/1
f 1617/2/1 1582/2/1 1616/2/1
f 1618/2/1 1582/2/1 1617/2/1
f 1619/1/1 1583/1/1 1582/1/1
f 1619/2/1 1582/2/1 1618/2/1
f 1620/3/1 1584/3/1 1583/3/1
f 1620/1/1 1583/1/1 1619/1/1
f 1621/2/1 1585/2/1 1584/2/1
f 1621/3/1 1584/3/1 1620/3/1
f 1622/1/1 1586/1/1 1585/1/1
f 1622/2/1 1585/2/1 1621/2/1
f 1623/2/1 1587/2/1 1586/2/1
f 1623/1/1 1586/1/1 1622/1/1
f 1624/3/1 1588/3/1 1587/3/1
f 1624/2/1 1587/2/1 1623/2/1
f 1625/1/1 1589/1/1 1588/1/1
f 1625/3/1 1588/3/1 1624/3/1
f 1626/3/1 1590/3/1 1589/3/1
f 1626/1/1 1589/1/1 1625/1/1
f 1627/2/1 1591/2/1 1590/2/1
f 1627/3/1 1590/3/1 1626/3/1
f 1628/3/1 1592/3/1 1591/3/1
f 1628/2/1 1591/2/1 1627/2/1
f 1629/3/1 1592/3/1 1628/3/1
f 1630/1/1 1593/1/1 1592/1/1
f 1630/3/1 1592/3/1 1629/3/1
f 1631/1/1 1593/1/1 1630/1/1
f 1632/2/1 1594/2/1 1593/2/1
f 1632/1/1 1593/1/1 1631/1/1
f 1633/2/1 1594/2/1 1632/2/1
f 1634/2/1 1594/2/1 1633/2/1
f 1635/3/1 1595/3/1 1594/3/1
f 1635/2/1 1594/2/1 1634/2/1
f 1636/1/1 1596/1/1 1595/1/1
f 1636/3/1 1595/3/1 1635/3/1
f 1637/3/1 1597/3/1 1596/3/1
f 1637/1/1 1596/1/1 1636/1/1
f 1638/1/1 1598/1/1 1597/1/1
f 1638/3/1 1597/3/1 1637/3/1
f 1639/1/1 1598/1/1 1638/1/1
f 1642/3/1 1600/3/1 1599/3/1
f 1643/3/1 1600/3/1 1642/3/1
f 1645/1/1 1641/1/1 1640/1/1
f 1646/1/1 1641/1/1 1645/1/1
f 1649/4/1 1645/4/1 1644/4/1
f 1650/4/1 1645/4/1 1649/4/1
f 1653/3/1 1648/3/1 1647/3/1
f 1654/3/1 1648/3/1 1653/3/1
f 1657/2/1 1652/2/1 1651/2/1
f 1658/2/1 1652/2/1 1657/2/1
f 1660/1/1 1656/1/1 1655/1/1
f 1661/3/1 1657/3/1 1656/3/1
f 1661/1/1 1656/1/1 1660/1/1
f 1662/3/1 1657/3/1 1661/3/1
f 1665/1/1 1660/1/1 1659/1/1
f 1666/1/1 1660/1/1 1665/1/1
f 1668/4/1 1664/4/1 1663/4/1
f 1669/4/1 1664/4/1 1668/4/1
f 1672/1/1 1668/1/1 1667/1/1
f 1673/1/1 1668/1/1 1672/1/1
f 1675/2/1 1671/2/1 1670/2/1
f 1676/1/1 1672/1/1 1671/1/1
f 1676/2/1 1671/2/1 1675/2/1
f 1677/1/1 1672/1/1 1676/1/1
f 1679/2/1 1675/2/1 1674/2/1
f 1680/2/1 1675/2/1 1679/2/1
f 1682/3/1 1679/3/1 1678/3/1
f 1683/3/1 1679/3/1 1682/3/1
f 1684/4/1 1682/4/1 1681/4/1
f 1685/4/1 1682/4/1 1684/4/1
f 1686/4/1 1682/4/1 1685/4/1
f 1688/2/1 1685/2/1 1684/2/1
f 1689/2/1 1685/2/1 1688/2/1
f 1691/1/1 1688/1/1 1687/1/1
f 1692/3/1 1689/3/1 1688/3/1
f 1692/1/1 1688/1/1 1691/1/1
f 1693/3/1 1689/3/1 1692/3/1
f 1694/2/1 1691/2/1 1690/2/1
f 1695/3/1 1692/3/1 1691/3/1
f 1695/2/1 1691/2/1 1694/2/1
f 1696/3/1 1692/3/1 1695/3/1
f 1697/3/1 1695/3/1 1694/3/1
f 1697/3/1 1696/3/1 1695/3/1
f 1698/3/1 1696/3/1 1697/3/1
f 1699/4/1 1698/4/1 1697/4/1
f 1700/4/1 1698/4/1 1699/4/1
f 1703/4/1 1702/4/1 1701/4/1
f 1704/4/1 1702/4/1 1703/4/1
f 1709/2/1 1706/2/1 1705/2/1
f 1710/2/1 1706/2/1 1709/2/1
f 1711/1/1 1708/1/1 1707/1/1
f 1712/1/1 1708/1/1 1711/1/1
f 1713/3/1 1710/3/1 1709/3/1
f 1714/3/1 1710/3/1 1713/3/1
f 1717/1/1 1714/1/1 1713/1/1
f 1718/1/1 1714/1/1 1717/1/1
f 1721/4/1 1716/4/1 1715/4/1
f 1722/4/1 1716/4/1 1721/4/1
f 1723/4/1 1718/4/1 1717/4/1
f 1724/4/1 1718/4/1 1723/4/1
f 1727/3/1 1720/3/1 1719/3/1
f 1728/3/1 1720/3/1 1727/3/1
f 1733/1/1 1726/1/1 1725/1/1
f 1734/1/1 1726/1/1 1733/1/1
f 1735/2/1 1730/2/1 1729/2/1
f 1736/2/1 1730/2/1 1735/2/1
f 1738/3/1 1732/3/1 1731/3/1
f 1739/3/1 1732/3/1 1738/3/1
f 1742/1/1 1738/1/1 1737/1/1
f 1743/1/1 1738/1/1 1742/1/1
f 1748/4/1 1741/4/1 1740/4/1
f 1749/4/1 1741/4/1 1748/4/1
f 1750/4/1 1745/4/1 1744/4/1
f 1751/4/1 1745/4/1 1750/4/1
f 1753/2/1 1747/2/1 1746/2/1
f 1754/1/1 1748/1/1 1747/1/1
f 1754/2/1 1747/2/1 1753/2/1
f 1755/1/1 1748/1/1 1754/1/1
f 1757/1/1 1753/1/1 1752/1/1
f 1758/1/1 1753/1/1 1757/1/1
f 1760/1/1 1757/1/1 1756/1/1
f 1761/1/1 1757/1/1 1760/1/1
f 1762/1/1 1757/1/1 1761/1/1
f 1764/2/1 1760/2/1 1759/2/1
f 1765/1/1 1761/1/1 1760/1/1
f 1765/2/1 1760/2/1 1764/2/1
f 1766/1/1 1761/1/1 1765/1/1
f 1768/4/1 1764/4/1 1763/4/1
f 1769/4/1 1764/4/1 1768/4/1
f 1771/3/1 1768/3/1 1767/3/1
f 1772/2/1 1769/2/1 1768/2/1
f 1772/3/1 1768/3/1 1771/3/1
f 1773/2/1 1769/2/1 1772/2/1
f 1775/1/1 1771/1/1 1770/1/1
f 1776/3/1 1772/3/1 1771/3/1
f 1776/1/1 1771/1/1 1775/1/1
f 1777/3/1 1772/3/1 1776/3/1
f 1778/3/1 1775/3/1 1774/3/1
f 1778/2/1 1776/2/1 1775/2/1
f 1779/2/1 1776/2/1 1778/2/1
f 1780/3/1 1778/3/1 1774/3/1
f 1780/3/1 1779/3/1 1778/3/1
f 1781/3/1 1779/3/1 1780/3/1
f 1782/4/1 1781/4/1 1780/4/1
f 1783/4/1 1781/4/1 1782/4/1
f 1788/3/1 1785/3/1 1784/3/1
f 1789/3/1 1785/3/1 1788/3/1
f 1792/4/1 1787/4/1 1786/4/1
f 1793/4/1 1787/4/1 1792/4/1
f 1798/2/1 1791/2/1 1790/2/1
f 1799/2/1 1791/2/1 1798/2/1
f 1800/3/1 1795/3/1 1794/3/1
f 1801/3/1 1795/3/1 1800/3/1
f 1804/1/1 1797/1/1 1796/1/1
f 1805/1/1 1797/1/1 1804/1/1
f 1809/1/1 1803/1/1 1802/1/1
f 1810/1/1 1803/1/1 1809/1/1
f 1811/3/1 1807/3/1 1806/3/1
f 1812/3/1 1807/3/1 1811/3/1
f 1816/2/1 1809/2/1 1808/2/1
f 1817/2/1 1809/2/1 1816/2/1
f 1818/1/1 1813/1/1 1812/1/1
f 1819/1/1 1813/1/1 1818/1/1
f 1824/4/1 1815/4/1 1814/4/1
f 1825/4/1 1815/4/1 1824/4/1
f 1826/4/1 1821/4/1 1820/4/1
f 1827/4/1 1821/4/1 1826/4/1
f 1829/1/1 1823/1/1 1822/1/1
f 1830/1/1 1823/1/1 1829/1/1
f 1833/3/1 1829/3/1 1828/3/1
f 1834/3/1 1829/3/1 1833/3/1
f 1836/3/1 1832/3/1 1831/3/1
f 1837/3/1 1832/3/1 1836/3/1
f 1839/1/1 1836/1/1 1835/1/1
f 1840/1/1 1836/1/1 1839/1/1
f 1842/4/1 1839/4/1 1838/4/1
f 1843/4/1 1839/4/1 1842/4/1
f 1844/4/1 1839/4/1 1843/4/1
f 1846/3/1 1842/3/1 1841/3/1
f 1847/2/1 1843/2/1 1842/2/1
f 1847/3/1 1842/3/1 1846/3/1
f 1848/2/1 1843/2/1 1847/2/1
f 1850/3/1 1846/3/1 1845/3/1
f 1850/3/1 1847/3/1 1846/3/1
f 1851/3/1 1847/3/1 1850/3/1
f 1852/3/1 1847/3/1 1851/3/1
f 1853/2/1 1850/2/1 1849/2/1
f 1854/1/1 1851/1/1 1850/1/1
f 1854/2/1 1850/2/1 1853/2/1
f 1855/1/1 1851/1/1 1854/1/1
f 1856/4/1 1854/4/1 1853/4/1
f 1856/4/1 1855/4/1 1854/4/1
f 1857/4/1 1855/4/1 1856/4/1
f 1862/4/1 1859/4/1 1858/4/1
f 1863/4/1 1859/4/1 1862/4/1
f 1866/2/1 1861/2/1 1860/2/1
f 1867/2/1 1861/2/1 1866/2/1
f 1870/2/1 1865/2/1 1864/2/1
f 1871/2/1 1865/2/1 1870/2/1
f 1874/1/1 1869/1/1 1868/1/1
f 1875/1/1 1869/1/1 1874/1/1
f 1878/4/1 1873/4/1 1872/4/1
f 1879/4/1 1873/4/1 1878/4/1
f 1880/1/1 1877/1/1 1876/1/1
f 1881/1/1 1877/1/1 1880/1/1
f 1886/3/1 1883/3/1 1882/3/1
f 1887/3/1 1883/3/1 1886/3/1
f 1890/4/1 1885/4/1 1884/4/1
f 1891/4/1 1885/4/1 1890/4/1
f 1894/1/1 1889/1/1 1888/1/1
f 1895/1/1 1889/1/1 1894/1/1
f 1897/2/1 1893/2/1 1892/2/1
f 1898/3/1 1894/3/1 1893/3/1
f 1898/2/1 1893/2/1 1897/2/1
f 1899/3/1 1894/3/1 1898/3/1
f 1902/2/1 1897/2/1 1896/2/1
f 1903/2/1 1897/2/1 1902/2/1
f 1905/2/1 1901/2/1 1900/2/1
f 1906/1/1 1902/1/1 1901/1/1
f 1906/2/1 1901/2/1 1905/2/1
f 1907/1/1 1902/1/1 1906/1/1
f 1910/4/1 1905/4/1 1904/4/1
f 1911/4/1 1905/4/1 1910/4/1
f 1913/2/1 1909/2/1 1908/2/1
f 1914/1/1 1910/1/1 1909/1/1
f 1914/2/1 1909/2/1 1913/2/1
f 1915/1/1 1910/1/1 1914/1/1
f 1917/3/1 1913/3/1 1912/3/1
f 1917/3/1 1914/3/1 1913/3/1
f 1918/3/1 1914/3/1 1917/3/1
f 1919/3/1 1914/3/1 1918/3/1
f 1920/3/1 1917/3/1 1916/3/1
f 1921/1/1 1918/1/1 1917/1/1
f 1921/3/1 1917/3/1 1920/3/1
f 1922/1/1 1921/1/1 1920/1/1
f 1923/1/1 1918/1/1 1921/1/1
f 1923/1/1 1921/1/1 1922/1/1
f 1924/4/1 1923/4/1 1922/4/1
f 1925/4/1 1923/4/1 1924/4/1
f 1930/4/1 1927/4/1 1926/4/1
f 1931/4/1 1927/4/1 1930/4/1
f 1932/4/1 1929/4/1 1928/4/1
f 1933/4/1 1929/4/1 1932/4/1
f 1934/4/1 1929/4/1 1933/4/1
f 1935/4/1 1929/4/1 1934/4/1
f 1936/4/1 1929/4/1 1935/4/1
f 1937/4/1 1929/4/1 1936/4/1
f 1938/4/1 1929/4/1 1937/4/1
f 1939/4/1 1929/4/1 1938/4/1
f 1940/4/1 1929/4/1 1939/4/1
f 1941/4/1 1929/4/1 1940/4/1
f 1942/4/1 1929/4/1 1941/4/1
f 1943/4/1 1929/4/1 1942/4/1
f 1944/4/1 1929/4/1 1943/4/1
f 1945/4/1 1929/4/1 1944/4/1
f 1946/4/1 1929/4/1 1945/4/1
f 1947/4/1 1929/4/1 1946/4/1
f 1948/4/1 1929/4/1 1947/4/1
f 1949/4/1 1929/4/1 1948/4/1
f 1950/4/1 1929/4/1 1949/4/1
f 1951/4/1 1929/4/1 1950/4/1
f 1952/4/1 1929/4/1 1951/4/1
f 1953/4/1 1929/4/1 1952/4/1
f 1954/4/1 1929/4/1 1953/4/1
f 1955/4/1 1929/4/1 1954/4/1
f 1956/4/1 1929/4/1 1955/4/1
f 1957/4/1 1929/4/1 1956/4/1
f 1958/4/1 1929/4/1 1957/4/1
f 1963/3/1 1960/3/1 1959/3/1
f 1964/3/1 1960/3/1 1963/3/1
f 1967/3/1 1962/3/1 1961/3/1
f 1968/3/1 1962/3/1 1967/3/1
f 1971/2/1 1966/2/1 1965/2/1
f 1972/2/1 1966/2/1 1971/2/1
f 1975/4/1 1970/4/1 1969/4/1
f 1976/4/1 1970/4/1 1975/4/1
f 1977/2/1 1974/2/1 1973/2/1
f 1978/2/1 1974/2/1 1977/2/1
f 1983/3/1 1980/3/1 1979/3/1
f 1984/3/1 1980/3/1 1983/3/1
f 1986/2/1 1982/2/1 1981/2/1
f 1987/2/1 1982/2/1 1986/2/1
f 1989/4/1 1986/4/1 1985/4/1
f 1990/4/1 1986/4/1 1989/4/1
f 1991/4/1 1986/4/1 1990/4/1
f 1993/3/1 1989/3/1 1988/3/1
f 1994/3/1 1989/3/1 1993/3/1
f 1996/2/1 1993/2/1 1992/2/1
f 1997/2/1 1993/2/1 1996/2/1
f 1999/4/1 1996/4/1 1995/4/1
f 2000/4/1 1996/4/1 1999/4/1
f 2001/4/1 1999/4/1 1998/4/1
f 2001/4/1 2000/4/1 1999/4/1
f 2002/4/1 2001/4/1 1998/4/1
f 2003/4/1 2001/4/1 2002/4/1
f 2004/4/1 2001/4/1 2003/4/1
f 2005/4/1 2001/4/1 2004/4/1
f 2032/1/1 2007/1/1 2006/1/1
f 2033/3/1 2008/3/1 2007/3/1
f 2033/1/1 2007/1/1 2032/1/1
f 2034/2/1 2009/2/1 2008/2/1
f 2034/3/1 2008/3/1 2033/3/1
f 2035/3/1 2010/3/1 2009/3/1
f 2035/2/1 2009/2/1 2034/2/1
f 2036/2/1 2011/2/1 2010/2/1
f 2036/3/1 2010/3/1 2035/3/1
f 2037/3/1 2012/3/1 2011/3/1
f 2037/2/1 2011/2/1 2036/2/1
f 2038/1/1 2013/1/1 2012/1/1
f 2038/2/1 2014/2/1 2013/2/1
f 2039/3/1 2015/3/1 2014/3/1
f 2039/2/1 2014/2/1 2038/2/1
f 2040/2/1 2016/2/1 2015/2/1
f 2040/3/1 2017/3/1 2016/3/1
f 2041/2/1 2018/2/1 2017/2/1
f 2041/3/1 2017/3/1 2040/3/1
f 2042/2/1 2018/2/1 2041/2/1
f 2043/2/1 2020/2/1 2019/2/1
f 2044/1/1 2021/1/1 2020/1/1
f 2044/2/1 2020/2/1 2043/2/1
f 2045/3/1 2022/3/1 2021/3/1
f 2045/1/1 2021/1/1 2044/1/1
f 2046/2/1 2023/2/1 2022/2/1
f 2046/3/1 2022/3/1 2045/3/1
f 2047/2/1 2023/2/1 2046/2/1
f 2048/3/1 2024/3/1 2023/3/1
f 2048/2/1 2023/2/1 2047/2/1
f 2049/1/1 2025/1/1 2024/1/1
f 2049/3/1 2024/3/1 2048/3/1
f 2050/3/1 2026/3/1 2025/3/1
f 2050/1/1 2025/1/1 2049/1/1
f 2051/2/1 2027/2/1 2026/2/1
f 2051/3/1 2026/3/1 2050/3/1
f 2052/3/1 2028/3/1 2027/3/1
f 2052/2/1 2027/2/1 2051/2/1
f 2053/3/1 2028/3/1 2052/3/1
f 2054/2/1 2029/2/1 2028/2/1
f 2054/3/1 2028/3/1 2053/3/1
f 2055/2/1 2029/2/1 2054/2/1
f 2062/1/1 2031/1/1 2030/1/1
f 2063/2/1 2032/2/1 2031/2/1
f 2063/1/1 2031/1/1 2062/1/1
f 2064/3/1 2033/3/1 2032/3/1
f 2064/2/1 2032/2/1 2063/2/1
f 2065/2/1 2034/2/1 2033/2/1
f 2065/3/1 2033/3/1 2064/3/1
f 2065/2/1 2035/2/1 2034/2/1
f 2065/2/1 2036/2/1 2035/2/1
f 2066/2/1 2036/2/1 2065/2/1
f 2067/1/1 2037/1/1 2036/1/1
f 2067/2/1 2036/2/1 2066/2/1
f 2068/3/1 2012/3/1 2037/3/1
f 2068/1/1 2037/1/1 2067/1/1
f 2069/1/1 2038/1/1 2012/1/1
f 2069/3/1 2012/3/1 2068/3/1
f 2069/1/1 2039/1/1 2038/1/1
f 2070/3/1 2015/3/1 2039/3/1
f 2070/1/1 2039/1/1 2069/1/1
f 2071/2/1 2040/2/1 2015/2/1
f 2071/3/1 2015/3/1 2070/3/1
f 2072/1/1 2041/1/1 2040/1/1
f 2072/2/1 2040/2/1 2071/2/1
f 2073/3/1 2042/3/1 2041/3/1
f 2073/1/1 2041/1/1 2072/1/1
f 2074/2/1 2018/2/1 2042/2/1
f 2074/3/1 2042/3/1 2073/3/1
f 2075/1/1 2019/1/1 2018/1/1
f 2075/2/1 2018/2/1 2074/2/1
f 2076/2/1 2043/2/1 2019/2/1
f 2076/1/1 2019/1/1 2075/1/1
f 2077/1/1 2044/1/1 2043/1/1
f 2077/2/1 2043/2/1 2076/2/1
f 2078/3/1 2045/3/1 2044/3/1
f 2078/1/1 2044/1/1 2077/1/1
f 2079/2/1 2046/2/1 2045/2/1
f 2079/3/1 2045/3/1 2078/3/1
f 2080/3/1 2047/3/1 2046/3/1
f 2080/2/1 2046/2/1 2079/2/1
f 2081/1/1 2048/1/1 2047/1/1
f 2081/3/1 2047/3/1 2080/3/1
f 2081/1/1 2049/1/1 2048/1/1
f 2082/2/1 2050/2/1 2049/2/1
f 2082/1/1 2049/1/1 2081/1/1
f 2083/3/1 2051/3/1 2050/3/1
f 2083/2/1 2050/2/1 2082/2/1
f 2084/1/1 2052/1/1 2051/1/1
f 2084/3/1 2051/3/1 2083/3/1
f 2085/3/1 2053/3/1 2052/3/1
f 2085/1/1 2052/1/1 2084/1/1
f 2086/1/1 2054/1/1 2053/1/1
f 2086/3/1 2053/3/1 2085/3/1
f 2087/2/1 2055/2/1 2054/2/1
f 2087/1/1 2054/1/1 2086/1/1
f 2088/1/1 2056/1/1 2055/1/1
f 2088/2/1 2055/2/1 2087/2/1
f 2089/2/1 2057/2/1 2056/2/1
f 2089/1/1 2056/1/1 2088/1/1
f 2090/3/1 2058/3/1 2057/3/1
f 2090/2/1 2057/2/1 2089/2/1
f 2091/2/1 2059/2/1 2058/2/1
f 2091/3/1 2058/3/1 2090/3/1
f 2092/3/1 2060/3/1 2059/3/1
f 2092/2/1 2059/2/1 2091/2/1
f 2093/3/1 2060/3/1 2092/3/1
f 2094/4/1 2062/4/1 2061/4/1
f 2094/4/1 2063/4/1 2062/4/1
f 2094/4/1 2065/4/1 2064/4/1
f 2094/4/1 2066/4/1 2065/4/1
f 2094/4/1 2064/4/1 2063/4/1
f 2095/4/1 2066/4/1 2094/4/1
f 2096/4/1 2066/4/1 2095/4/1
f 2097/4/1 2066/4/1 2096/4/1
f 2098/4/1 2066/4/1 2097/4/1
f 2099/4/1 2066/4/1 2098/4/1
f 2100/4/1 2066/4/1 2099/4/1
f 2101/4/1 2066/4/1 2100/4/1
f 2102/4/1 2066/4/1 2101/4/1
f 2105/2/1 2095/2/1 2094/2/1
f 2106/1/1 2096/1/1 2095/1/1
f 2106/2/1 2095/2/1 2105/2/1
f 2107/1/1 2096/1/1 2106/1/1
f 2108/3/1 2097/3/1 2096/3/1
f 2108/1/1 2096/1/1 2107/1/1
f 2109/1/1 2098/1/1 2097/1/1
f 2109/3/1 2097/3/1 2108/3/1
f 2110/2/1 2099/2/1 2098/2/1
f 2110/1/1 2098/1/1 2109/1/1
f 2111/3/1 2100/3/1 2099/3/1
f 2111/2/1 2099/2/1 2110/2/1
f 2112/3/1 2100/3/1 2111/3/1
f 2113/2/1 2101/2/1 2100/2/1
f 2113/3/1 2100/3/1 2112/3/1
f 2114/2/1 2101/2/1 2113/2/1
f 2119/3/1 2104/3/1 2103/3/1
f 2120/3/1 2104/3/1 2119/3/1
f 2121/1/1 2105/1/1 2104/1/1
f 2121/3/1 2104/3/1 2120/3/1
f 2122/3/1 2107/3/1 2106/3/1
f 2122/3/1 2106/3/1 2105/3/1
f 2123/1/1 2108/1/1 2107/1/1
f 2123/3/1 2107/3/1 2122/3/1
f 2124/2/1 2109/2/1 2108/2/1
f 2124/1/1 2108/1/1 2123/1/1
f 2125/1/1 2110/1/1 2109/1/1
f 2125/2/1 2109/2/1 2124/2/1
f 2126/3/1 2111/3/1 2110/3/1
f 2126/1/1 2110/1/1 2125/1/1
f 2127/1/1 2112/1/1 2111/1/1
f 2127/3/1 2111/3/1 2126/3/1
f 2128/1/1 2112/1/1 2127/1/1
f 2129/2/1 2116/2/1 2115/2/1
f 2130/2/1 2116/2/1 2129/2/1
f 2131/2/1 2116/2/1 2130/2/1
f 2134/1/1 2118/1/1 2117/1/1
f 2135/2/1 2119/2/1 2118/2/1
f 2135/1/1 2118/1/1 2134/1/1
f 2136/3/1 2120/3/1 2119/3/1
f 2136/2/1 2119/2/1 2135/2/1
f 2137/1/1 2121/1/1 2120/1/1
f 2137/3/1 2120/3/1 2136/3/1
f 2138/1/1 2105/1/1 2121/1/1
f 2138/1/1 2121/1/1 2137/1/1
f 2138/3/1 2122/3/1 2105/3/1
f 2139/2/1 2123/2/1 2122/2/1
f 2139/3/1 2122/3/1 2138/3/1
f 2140/1/1 2124/1/1 2123/1/1
f 2140/2/1 2123/2/1 2139/2/1
f 2141/3/1 2125/3/1 2124/3/1
f 2141/1/1 2124/1/1 2140/1/1
f 2142/1/1 2126/1/1 2125/1/1
f 2142/3/1 2125/3/1 2141/3/1
f 2143/1/1 2126/1/1 2142/1/1
f 2144/2/1 2129/2/1 2115/2/1
f 2145/3/1 2130/3/1 2129/3/1
f 2145/2/1 2129/2/1 2144/2/1
f 2146/1/1 2131/1/1 2130/1/1
f 2146/3/1 2130/3/1 2145/3/1
f 2147/3/1 2132/3/1 2131/3/1
f 2147/1/1 2131/1/1 2146/1/1
f 2148/1/1 2133/1/1 2132/1/1
f 2148/3/1 2132/3/1 2147/3/1
f 2149/1/1 2133/1/1 2148/1/1
f 2153/4/1 2135/4/1 2134/4/1
f 2153/4/1 2137/4/1 2136/4/1
f 2153/4/1 2138/4/1 2137/4/1
f 2153/4/1 2139/4/1 2138/4/1
f 2153/4/1 2142/4/1 2141/4/1
f 2153/4/1 2141/4/1 2140/4/1
f 2153/4/1 2140/4/1 2139/4/1
f 2153/4/1 2136/4/1 2135/4/1
f 2154/4/1 2142/4/1 2153/4/1
f 2155/4/1 2142/4/1 2154/4/1
f 2156/4/1 2142/4/1 2155/4/1
f 2157/4/1 2142/4/1 2156/4/1
f 2158/4/1 2142/4/1 2157/4/1
f 2159/4/1 2142/4/1 2158/4/1
f 2160/4/1 2142/4/1 2159/4/1
f 2161/4/1 2142/4/1 2160/4/1
f 2162/4/1 2147/4/1 2146/4/1
f 2162/4/1 2146/4/1 2145/4/1
f 2162/4/1 2149/4/1 2148/4/1
f 2162/4/1 2148/4/1 2147/4/1
f 2162/4/1 2150/4/1 2149/4/1
f 2162/4/1 2145/4/1 2144/4/1
f 2163/4/1 2150/4/1 2162/4/1
f 2164/4/1 2150/4/1 2163/4/1
f 2165/4/1 2150/4/1 2164/4/1
f 2166/4/1 2150/4/1 2165/4/1
f 2167/4/1 2150/4/1 2166/4/1
f 2170/1/1 2152/1/1 2151/1/1
f 2171/3/1 2153/3/1 2152/3/1
f 2171/3/1 2154/3/1 2153/3/1
f 2171/1/1 2152/1/1 2170/1/1
f 2172/1/1 2155/1/1 2154/1/1
f 2172/3/1 2154/3/1 2171/3/1
f 2173/3/1 2156/3/1 2155/3/1
f 2173/1/1 2155/1/1 2172/1/1
f 2174/1/1 2157/1/1 2156/1/1
f 2174/3/1 2156/3/1 2173/3/1
f 2175/1/1 2157/1/1 2174/1/1
f 2176/2/1 2158/2/1 2157/2/1
f 2176/1/1 2157/1/1 2175/1/1
f 2177/3/1 2159/3/1 2158/3/1
f 2177/2/1 2158/2/1 2176/2/1
f 2178/1/1 2160/1/1 2159/1/1
f 2178/3/1 2159/3/1 2177/3/1
f 2179/1/1 2160/1/1 2178/1/1
f 2180/3/1 2163/3/1 2162/3/1
f 2181/1/1 2164/1/1 2163/1/1
f 2181/3/1 2163/3/1 2180/3/1
f 2182/1/1 2164/1/1 2181/1/1
f 2183/2/1 2165/2/1 2164/2/1
f 2183/1/1 2164/1/1 2182/1/1
f 2184/3/1 2166/3/1 2165/3/1
f 2184/2/1 2165/2/1 2183/2/1
f 2185/3/1 2166/3/1 2184/3/1
f 2186/2/1 2167/2/1 2166/2/1
f 2186/3/1 2166/3/1 2185/3/1
f 2187/3/1 2168/3/1 2167/3/1
f 2187/2/1 2167/2/1 2186/2/1
f 2188/3/1 2168/3/1 2187/3/1
f 2191/1/1 2173/1/1 2172/1/1
f 2191/1/1 2172/1/1 2171/1/1
f 2191/1/1 2170/1/1 2169/1/1
f 2191/1/1 2171/1/1 2170/1/1
f 2192/1/1 2173/1/1 2191/1/1
f 2193/2/1 2174/2/1 2173/2/1
f 2193/1/1 2173/1/1 2192/1/1
f 2194/3/1 2175/3/1 2174/3/1
f 2194/2/1 2174/2/1 2193/2/1
f 2195/3/1 2175/3/1 2194/3/1
f 2196/3/1 2177/3/1 2176/3/1
f 2197/3/1 2177/3/1 2196/3/1
f 2198/2/1 2183/2/1 2182/2/1
f 2198/1/1 2182/1/1 2181/1/1
f 2199/3/1 2184/3/1 2183/3/1
f 2199/2/1 2183/2/1 2198/2/1
f 2200/2/1 2185/2/1 2184/2/1
f 2200/3/1 2184/3/1 2199/3/1
f 2201/1/1 2186/1/1 2185/1/1
f 2201/2/1 2185/2/1 2200/2/1
f 2201/1/1 2187/1/1 2186/1/1
f 2202/2/1 2188/2/1 2187/2/1
f 2202/1/1 2187/1/1 2201/1/1
f 2203/3/1 2189/3/1 2188/3/1
f 2203/2/1 2188/2/1 2202/2/1
f 2204/3/1 2189/3/1 2203/3/1
f 2207/1/1 2191/1/1 2190/1/1
f 2208/2/1 2192/2/1 2191/2/1
f 2208/1/1 2191/1/1 2207/1/1
f 2209/2/1 2192/2/1 2208/2/1
f 2210/2/1 2192/2/1 2209/2/1
f 2211/3/1 2193/3/1 2192/3/1
f 2211/2/1 2192/2/1 2210/2/1
f 2212/3/1 2193/3/1 2211/3/1
f 2213/1/1 2198/1/1 2181/1/1
f 2214/3/1 2199/3/1 2198/3/1
f 2214/1/1 2198/1/1 2213/1/1
f 2215/2/1 2200/2/1 2199/2/1
f 2215/3/1 2199/3/1 2214/3/1
f 2215/2/1 2201/2/1 2200/2/1
f 2216/3/1 2202/3/1 2201/3/1
f 2216/2/1 2201/2/1 2215/2/1
f 2217/2/1 2205/2/1 2204/2/1
f 2217/3/1 2202/3/1 2216/3/1
f 2217/2/1 2204/2/1 2203/2/1
f 2217/2/1 2203/2/1 2202/2/1
f 2218/2/1 2205/2/1 2217/2/1
f 2219/2/1 2205/2/1 2218/2/1
f 2222/2/1 2207/2/1 2206/2/1
f 2223/1/1 2208/1/1 2207/1/1
f 2223/2/1 2207/2/1 2222/2/1
f 2224/3/1 2209/3/1 2208/3/1
f 2224/1/1 2208/1/1 2223/1/1
f 2225/1/1 2210/1/1 2209/1/1
f 2225/3/1 2209/3/1 2224/3/1
f 2226/1/1 2210/1/1 2225/1/1
f 2227/2/1 2215/2/1 2214/2/1
f 2228/3/1 2216/3/1 2215/3/1
f 2228/2/1 2215/2/1 2227/2/1
f 2229/3/1 2216/3/1 2228/3/1
f 2230/1/1 2217/1/1 2216/1/1
f 2230/3/1 2216/3/1 2229/3/1
f 2231/3/1 2218/3/1 2217/3/1
f 2231/1/1 2217/1/1 2230/1/1
f 2232/2/1 2219/2/1 2218/2/1
f 2232/3/1 2218/3/1 2231/3/1
f 2233/3/1 2220/3/1 2219/3/1
f 2233/2/1 2219/2/1 2232/2/1
f 2234/3/1 2220/3/1 2233/3/1
f 2237/4/1 2226/4/1 2225/4/1
f 2237/4/1 2224/4/1 2223/4/1
f 2237/4/1 2223/4/1 2222/4/1
f 2237/4/1 2225/4/1 2224/4/1
f 2237/4/1 2222/4/1 2221/4/1
f 2238/4/1 2226/4/1 2237/4/1
f 2239/4/1 2226/4/1 2238/4/1
f 2240/4/1 2226/4/1 2239/4/1
f 2241/4/1 2226/4/1 2240/4/1
f 2242/4/1 2232/4/1 2231/4/1
f 2242/4/1 2233/4/1 2232/4/1
f 2242/4/1 2234/4/1 2233/4/1
f 2242/4/1 2231/4/1 2230/4/1
f 2242/4/1 2235/4/1 2234/4/1
f 2242/4/1 2230/4/1 2229/4/1
f 2243/4/1 2235/4/1 2242/4/1
f 2244/4/1 2235/4/1 2243/4/1
f 2245/4/1 2235/4/1 2244/4/1
f 2246/4/1 2235/4/1 2245/4/1
f 2247/4/1 2235/4/1 2246/4/1
f 2248/4/1 2235/4/1 2247/4/1
f 2249/4/1 2235/4/1 2248/4/1
f 2253/2/1 2237/2/1 2236/2/1
f 2254/2/1 2237/2/1 2253/2/1
f 2255/3/1 2238/3/1 2237/3/1
f 2255/2/1 2237/2/1 2254/2/1
f 2256/2/1 2239/2/1 2238/2/1
f 2256/3/1 2238/3/1 2255/3/1
f 2257/2/1 2239/2/1 2256/2/1
f 2258/2/1 2246/2/1 2245/2/1
f 2259/2/1 2246/2/1 2258/2/1
f 2260/1/1 2248/1/1 2247/1/1
f 2260/3/1 2247/3/1 2246/3/1
f 2261/2/1 2250/2/1 2249/2/1
f 2261/1/1 2248/1/1 2260/1/1
f 2261/2/1 2249/2/1 2248/2/1
f 2262/2/1 2250/2/1 2261/2/1
f 2263/2/1 2250/2/1 2262/2/1
f 2264/2/1 2250/2/1 2263/2/1
f 2265/2/1 2250/2/1 2264/2/1
f 2268/3/1 2252/3/1 2251/3/1
f 2269/1/1 2254/1/1 2253/1/1
f 2269/1/1 2253/1/1 2252/1/1
f 2269/3/1 2252/3/1 2268/3/1
f 2270/1/1 2254/1/1 2269/1/1
f 2271/2/1 2255/2/1 2254/2/1
f 2271/1/1 2254/1/1 2270/1/1
f 2272/1/1 2257/1/1 2256/1/1
f 2272/2/1 2255/2/1 2271/2/1
f 2272/1/1 2256/1/1 2255/1/1
f 2273/1/1 2257/1/1 2272/1/1
f 2274/1/1 2257/1/1 2273/1/1
f 2275/1/1 2257/1/1 2274/1/1
f 2276/2/1 2246/2/1 2259/2/1
f 2277/3/1 2260/3/1 2246/3/1
f 2277/2/1 2246/2/1 2276/2/1
f 2278/2/1 2261/2/1 2260/2/1
f 2278/3/1 2260/3/1 2277/3/1
f 2278/2/1 2262/2/1 2261/2/1
f 2279/2/1 2262/2/1 2278/2/1
f 2280/3/1 2263/3/1 2262/3/1
f 2280/2/1 2262/2/1 2279/2/1
f 2281/1/1 2264/1/1 2263/1/1
f 2281/3/1 2263/3/1 2280/3/1
f 2282/3/1 2265/3/1 2264/3/1
f 2282/1/1 2264/1/1 2281/1/1
f 2283/1/1 2266/1/1 2265/1/1
f 2283/3/1 2265/3/1 2282/3/1
f 2284/1/1 2266/1/1 2283/1/1
f 2285/1/1 2266/1/1 2284/1/1
f 2286/2/1 2268/2/1 2267/2/1
f 2286/2/1 2269/2/1 2268/2/1
f 2287/2/1 2269/2/1 2286/2/1
f 2288/3/1 2270/3/1 2269/3/1
f 2288/2/1 2269/2/1 2287/2/1
f 2289/2/1 2271/2/1 2270/2/1
f 2289/3/1 2270/3/1 2288/3/1
f 2290/1/1 2272/1/1 2271/1/1
f 2290/2/1 2271/2/1 2289/2/1
f 2291/2/1 2273/2/1 2272/2/1
f 2291/1/1 2272/1/1 2290/1/1
f 2292/2/1 2273/2/1 2291/2/1
f 2293/2/1 2279/2/1 2278/2/1
f 2294/1/1 2280/1/1 2279/1/1
f 2294/2/1 2279/2/1 2293/2/1
f 2295/3/1 2281/3/1 2280/3/1
f 2295/1/1 2280/1/1 2294/1/1
f 2296/2/1 2282/2/1 2281/2/1
f 2296/3/1 2281/3/1 2295/3/1
f 2297/3/1 2284/3/1 2283/3/1
f 2297/2/1 2282/2/1 2296/2/1
f 2297/3/1 2283/3/1 2282/3/1
f 2298/2/1 2285/2/1 2284/2/1
f 2298/3/1 2284/3/1 2297/3/1
f 2300/3/1 2287/3/1 2286/3/1
f 2301/1/1 2288/1/1 2287/1/1
f 2301/3/1 2287/3/1 2300/3/1
f 2302/2/1 2289/2/1 2288/2/1
f 2302/1/1 2288/1/1 2301/1/1
f 2303/1/1 2290/1/1 2289/1/1
f 2303/2/1 2289/2/1 2302/2/1
f 2304/1/1 2290/1/1 2303/1/1
f 2307/3/1 2294/3/1 2293/3/1
f 2307/3/1 2295/3/1 2294/3/1
f 2308/1/1 2297/1/1 2296/1/1
f 2308/3/1 2295/3/1 2307/3/1
f 2308/1/1 2296/1/1 2295/1/1
f 2309/2/1 2298/2/1 2297/2/1
f 2309/1/1 2297/1/1 2308/1/1
f 2310/2/1 2285/2/1 2298/2/1
f 2310/2/1 2298/2/1 2309/2/1
f 2311/4/1 2300/4/1 2299/4/1
f 2311/4/1 2302/4/1 2301/4/1
f 2311/4/1 2301/4/1 2300/4/1
f 2312/4/1 2302/4/1 2311/4/1
f 2313/4/1 2302/4/1 2312/4/1
f 2314/4/1 2302/4/1 2313/4/1
f 2315/4/1 2302/4/1 2314/4/1
f 2316/4/1 2306/4/1 2305/4/1
f 2317/4/1 2306/4/1 2316/4/1
f 2318/4/1 2310/4/1 2309/4/1
f 2318/4/1 2309/4/1 2308/4/1
f 2318/4/1 2308/4/1 2307/4/1
f 2319/4/1 2310/4/1 2318/4/1
f 2321/3/1 2312/3/1 2311/3/1
f 2322/1/1 2313/1/1 2312/1/1
f 2322/3/1 2312/3/1 2321/3/1
f 2323/2/1 2314/2/1 2313/2/1
f 2323/1/1 2313/1/1 2322/1/1
f 2324/2/1 2314/2/1 2323/2/1
f 2325/1/1 2317/1/1 2316/1/1
f 2326/1/1 2317/1/1 2325/1/1
f 2327/3/1 2319/3/1 2318/3/1
f 2328/3/1 2319/3/1 2327/3/1
f 2329/3/1 2319/3/1 2328/3/1
f 2330/3/1 2319/3/1 2329/3/1
f 2331/3/1 2319/3/1 2330/3/1
f 2333/2/1 2321/2/1 2320/2/1
f 2334/1/1 2322/1/1 2321/1/1
f 2334/2/1 2321/2/1 2333/2/1
f 2335/3/1 2323/3/1 2322/3/1
f 2335/1/1 2322/1/1 2334/1/1
f 2336/3/1 2323/3/1 2335/3/1
f 2337/2/1 2328/2/1 2327/2/1
f 2338/3/1 2329/3/1 2328/3/1
f 2339/2/1 2330/2/1 2329/2/1
f 2339/3/1 2329/3/1 2338/3/1
f 2340/1/1 2331/1/1 2330/1/1
f 2340/2/1 2330/2/1 2339/2/1
f 2341/3/1 2319/3/1 2331/3/1
f 2341/1/1 2331/1/1 2340/1/1
f 2342/3/1 2319/3/1 2341/3/1
f 2344/4/1 2333/4/1 2332/4/1
f 2344/4/1 2334/4/1 2333/4/1
f 2344/4/1 2335/4/1 2334/4/1
f 2345/4/1 2335/4/1 2344/4/1
f 2346/4/1 2335/4/1 2345/4/1
f 2352/2/1 2328/2/1 2337/2/1
f 2353/3/1 2338/3/1 2328/3/1
f 2353/2/1 2328/2/1 2352/2/1
f 2354/2/1 2340/2/1 2339/2/1
f 2354/3/1 2338/3/1 2353/3/1
f 2354/2/1 2339/2/1 2338/2/1
f 2354/2/1 2341/2/1 2340/2/1
f 2355/2/1 2341/2/1 2354/2/1
f 2356/2/1 2341/2/1 2355/2/1
f 2357/1/1 2342/1/1 2341/1/1
f 2357/2/1 2341/2/1 2356/2/1
f 2358/1/1 2342/1/1 2357/1/1
f 2359/1/1 2342/1/1 2358/1/1
f 2360/1/1 2348/1/1 2347/1/1
f 2361/3/1 2349/3/1 2348/3/1
f 2361/1/1 2348/1/1 2360/1/1
f 2362/1/1 2350/1/1 2349/1/1
f 2362/3/1 2349/3/1 2361/3/1
f 2363/3/1 2351/3/1 2350/3/1
f 2363/1/1 2350/1/1 2362/1/1
f 2364/3/1 2351/3/1 2363/3/1
f 2365/1/1 2353/1/1 2352/1/1
f 2366/2/1 2354/2/1 2353/2/1
f 2366/1/1 2353/1/1 2365/1/1
f 2367/1/1 2355/1/1 2354/1/1
f 2367/2/1 2354/2/1 2366/2/1
f 2368/2/1 2356/2/1 2355/2/1
f 2368/1/1 2355/1/1 2367/1/1
f 2369/3/1 2357/3/1 2356/3/1
f 2369/2/1 2356/2/1 2368/2/1
f 2370/1/1 2358/1/1 2357/1/1
f 2370/3/1 2357/3/1 2369/3/1
f 2371/1/1 2358/1/1 2370/1/1
f 2372/4/1 2344/4/1 2343/4/1
f 2372/4/1 2345/4/1 2344/4/1
f 2374/4/1 2372/4/1 2343/4/1
f 2374/4/1 2373/4/1 2372/4/1
f 2375/4/1 2373/4/1 2374/4/1
f 2376/4/1 2364/4/1 2363/4/1
f 2376/4/1 2361/4/1 2360/4/1
f 2376/4/1 2362/4/1 2361/4/1
f 2376/4/1 2363/4/1 2362/4/1
f 2377/4/1 2364/4/1 2376/4/1
f 2379/4/1 2367/4/1 2366/4/1
f 2379/4/1 2370/4/1 2369/4/1
f 2379/4/1 2371/4/1 2370/4/1
f 2379/4/1 2368/4/1 2367/4/1
f 2379/4/1 2366/4/1 2365/4/1
f 2379/4/1 2369/4/1 2368/4/1
f 2380/4/1 2379/4/1 2378/4/1
f 2381/4/1 2371/4/1 2379/4/1
f 2381/4/1 2379/4/1 2380/4/1
f 2406/1/1 2383/1/1 2382/1/1
f 2407/2/1 2384/2/1 2383/2/1
f 2407/1/1 2383/1/1 2406/1/1
f 2408/2/1 2384/2/1 2407/2/1
f 2409/1/1 2385/1/1 2384/1/1
f 2409/2/1 2384/2/1 2408/2/1
f 2410/3/1 2386/3/1 2385/3/1
f 2410/1/1 2385/1/1 2409/1/1
f 2411/1/1 2387/1/1 2386/1/1
f 2411/3/1 2386/3/1 2410/3/1
f 2412/2/1 2388/2/1 2387/2/1
f 2412/1/1 2387/1/1 2411/1/1
f 2413/3/1 2389/3/1 2388/3/1
f 2413/2/1 2388/2/1 2412/2/1
f 2414/1/1 2390/1/1 2389/1/1
f 2414/3/1 2389/3/1 2413/3/1
f 2415/1/1 2390/1/1 2414/1/1
f 2416/1/1 2390/1/1 2415/1/1
f 2417/3/1 2391/3/1 2390/3/1
f 2417/1/1 2390/1/1 2416/1/1
f 2418/3/1 2391/3/1 2417/3/1
f 2419/1/1 2392/1/1 2391/1/1
f 2419/3/1 2391/3/1 2418/3/1
f 2420/3/1 2393/3/1 2392/3/1
f 2420/1/1 2392/1/1 2419/1/1
f 2421/1/1 2394/1/1 2393/1/1
f 2421/3/1 2393/3/1 2420/3/1
f 2422/1/1 2394/1/1 2421/1/1
f 2423/2/1 2395/2/1 2394/2/1
f 2423/1/1 2394/1/1 2422/1/1
f 2424/1/1 2396/1/1 2395/1/1
f 2424/2/1 2395/2/1 2423/2/1
f 2425/2/1 2397/2/1 2396/2/1
f 2425/1/1 2396/1/1 2424/1/1
f 2426/2/1 2397/2/1 2425/2/1
f 2427/1/1 2398/1/1 2397/1/1
f 2427/2/1 2397/2/1 2426/2/1
f 2428/3/1 2399/3/1 2398/3/1
f 2428/1/1 2398/1/1 2427/1/1
f 2429/1/1 2400/1/1 2399/1/1
f 2429/3/1 2399/3/1 2428/3/1
f 2430/1/1 2400/1/1 2429/1/1
f 2437/3/1 2402/3/1 2401/3/1
f 2438/2/1 2403/2/1 2402/2/1
f 2438/3/1 2402/3/1 2437/3/1
f 2439/2/1 2403/2/1 2438/2/1
f 2440/3/1 2404/3/1 2403/3/1
f 2440/2/1 2403/2/1 2439/2/1
f 2441/1/1 2405/1/1 2404/1/1
f 2441/3/1 2404/3/1 2440/3/1
f 2442/1/1 2405/1/1 2441/1/1
f 2443/2/1 2432/2/1 2431/2/1
f 2444/3/1 2433/3/1 2432/3/1
f 2444/2/1 2432/2/1 2443/2/1
f 2445/2/1 2434/2/1 2433/2/1
f 2445/3/1 2433/3/1 2444/3/1
f 2446/2/1 2434/2/1 2445/2/1
f 2447/3/1 2435/3/1 2434/3/1
f 2447/2/1 2434/2/1 2446/2/1
f 2448/3/1 2435/3/1 2447/3/1
f 2453/2/1 2437/2/1 2436/2/1
f 2454/2/1 2437/2/1 2453/2/1
f 2455/3/1 2449/3/1 2448/3/1
f 2456/1/1 2450/1/1 2449/1/1
f 2456/3/1 2449/3/1 2455/3/1
f 2457/1/1 2450/1/1 2456/1/1
f 2458/3/1 2451/3/1 2450/3/1
f 2458/1/1 2450/1/1 2457/1/1
f 2459/2/1 2452/2/1 2451/2/1
f 2459/3/1 2451/3/1 2458/3/1
f 2460/2/1 2452/2/1 2459/2/1
f 2465/3/1 2462/3/1 2461/3/1
f 2466/3/1 2462/3/1 2465/3/1
f 2471/3/1 2464/3/1 2463/3/1
f 2472/3/1 2464/3/1 2471/3/1
f 2473/1/1 2467/1/1 2466/1/1
f 2474/3/1 2468/3/1 2467/3/1
f 2474/1/1 2467/1/1 2473/1/1
f 2475/3/1 2468/3/1 2474/3/1
f 2477/3/1 2470/3/1 2469/3/1
f 2478/3/1 2470/3/1 2477/3/1
f 2479/1/1 2476/1/1 2475/1/1
f 2480/1/1 2476/1/1 2479/1/1
f 2481/1/1 2476/1/1 2480/1/1
f 2485/2/1 2482/2/1 2481/2/1
f 2486/2/1 2482/2/1 2485/2/1
f 2489/4/1 2484/4/1 2483/4/1
f 2490/4/1 2484/4/1 2489/4/1
f 2491/4/1 2488/4/1 2487/4/1
f 2492/4/1 2488/4/1 2491/4/1
f 2496/1/1 2493/1/1 2492/1/1
f 2497/1/1 2493/1/1 2496/1/1
f 2501/3/1 2495/3/1 2494/3/1
f 2502/3/1 2495/3/1 2501/3/1
f 2503/2/1 2498/2/1 2497/2/1
f 2504/2/1 2498/2/1 2503/2/1
f 2508/3/1 2500/3/1 2499/3/1
f 2509/1/1 2501/1/1 2500/1/1
f 2509/3/1 2500/3/1 2508/3/1
f 2510/1/1 2501/1/1 2509/1/1
f 2511/2/1 2498/2/1 2504/2/1
f 2512/2/1 2498/2/1 2511/2/1
f 2515/3/1 2507/3/1 2506/3/1
f 2515/3/1 2506/3/1 2505/3/1
f 2516/3/1 2507/3/1 2515/3/1
f 2517/2/1 2508/2/1 2507/2/1
f 2517/3/1 2507/3/1 2516/3/1
f 2518/2/1 2508/2/1 2517/2/1
f 2519/2/1 2513/2/1 2512/2/1
f 2520/1/1 2514/1/1 2513/1/1
f 2520/2/1 2513/2/1 2519/2/1
f 2521/1/1 2514/1/1 2520/1/1
f 2524/4/1 2516/4/1 2515/4/1
f 2525/4/1 2516/4/1 2524/4/1
f 2530/3/1 2523/3/1 2522/3/1
f 2531/3/1 2523/3/1 2530/3/1
f 2532/1/1 2527/1/1 2526/1/1
f 2533/1/1 2527/1/1 2532/1/1
f 2534/2/1 2529/2/1 2528/2/1
f 2535/2/1 2529/2/1 2534/2/1
f 2538/3/1 2537/3/1 2536/3/1
f 2539/3/1 2537/3/1 2538/3/1
f 2543/2/1 2541/2/1 2540/2/1
f 2544/2/1 2541/2/1 2543/2/1
f 2550/1/1 2543/1/1 2542/1/1
f 2551/1/1 2543/1/1 2550/1/1
f 2552/2/1 2546/2/1 2545/2/1
f 2553/1/1 2548/1/1 2547/1/1
f 2553/2/1 2546/2/1 2552/2/1
f 2553/1/1 2547/1/1 2546/1/1
f 2554/1/1 2548/1/1 2553/1/1
f 2555/3/1 2549/3/1 2548/3/1
f 2555/1/1 2548/1/1 2554/1/1
f 2556/3/1 2549/3/1 2555/3/1
f 2557/3/1 2554/3/1 2553/3/1
f 2557/3/1 2553/3/1 2552/3/1
f 2558/3/1 2554/3/1 2557/3/1
f 2559/2/1 2556/2/1 2555/2/1
f 2559/3/1 2554/3/1 2558/3/1
f 2559/2/1 2555/2/1 2554/2/1
f 2560/2/1 2556/2/1 2559/2/1
f 2561/2/1 2556/2/1 2560/2/1
f 2564/3/1 2563/3/1 2562/3/1
f 2565/3/1 2563/3/1 2564/3/1
f 2569/4/1 2565/4/1 2564/4/1
f 2570/4/1 2565/4/1 2569/4/1
f 2571/2/1 2567/2/1 2566/2/1
f 2572/3/1 2568/3/1 2567/3/1
f 2572/2/1 2567/2/1 2571/2/1
f 2573/3/1 2568/3/1 2572/3/1
f 2582/3/1 2575/3/1 2574/3/1
f 2583/1/1 2576/1/1 2575/1/1
f 2583/3/1 2575/3/1 2582/3/1
f 2584/1/1 2576/1/1 2583/1/1
f 2585/2/1 2578/2/1 2577/2/1
f 2586/1/1 2579/1/1 2578/1/1
f 2586/2/1 2578/2/1 2585/2/1
f 2587/3/1 2580/3/1 2579/3/1
f 2587/1/1 2579/1/1 2586/1/1
f 2588/2/1 2581/2/1 2580/2/1
f 2588/3/1 2580/3/1 2587/3/1
f 2589/2/1 2581/2/1 2588/2/1
f 2593/1/1 2591/1/1 2590/1/1
f 2594/3/1 2592/3/1 2591/3/1
f 2594/1/1 2591/1/1 2593/1/1
f 2595/3/1 2592/3/1 2594/3/1
f 2599/3/1 2597/3/1 2596/3/1
f 2600/2/1 2598/2/1 2597/2/1
f 2600/3/1 2597/3/1 2599/3/1
f 2601/2/1 2598/2/1 2600/2/1
f 2606/3/1 2603/3/1 2602/3/1
f 2607/3/1 2603/3/1 2606/3/1
f 2608/3/1 2605/3/1 2604/3/1
f 2609/3/1 2605/3/1 2608/3/1
f 2613/3/1 2611/3/1 2610/3/1
f 2614/1/1 2612/1/1 2611/1/1
f 2614/3/1 2611/3/1 2613/3/1
f 2615/1/1 2612/1/1 2614/1/1
f 2617/4/1 2616/4/1 2615/4/1
f 2618/4/1 2616/4/1 2617/4/1
f 2620/3/1 2619/3/1 2618/3/1
f 2621/3/1 2619/3/1 2620/3/1
f 2626/3/1 2623/3/1 2622/3/1
f 2627/3/1 2623/3/1 2626/3/1
f 2629/3/1 2625/3/1 2624/3/1
f 2630/3/1 2625/3/1 2629/3/1
f 2633/4/1 2629/4/1 2628/4/1
f 2634/4/1 2629/4/1 2633/4/1
f 2635/4/1 2632/4/1 2631/4/1
f 2636/4/1 2632/4/1 2635/4/1
f 2641/3/1 2638/3/1 2637/3/1
f 2642/3/1 2638/3/1 2641/3/1
f 2646/1/1 2640/1/1 2639/1/1
f 2647/1/1 2640/1/1 2646/1/1
f 2648/1/1 2644/1/1 2643/1/1
f 2649/2/1 2645/2/1 2644/2/1
f 2649/1/1 2644/1/1 2648/1/1
f 2650/2/1 2645/2/1 2649/2/1
f 2651/3/1 2649/3/1 2648/3/1
f 2652/3/1 2649/3/1 2651/3/1
f 2656/2/1 2654/2/1 2653/2/1
f 2657/1/1 2655/1/1 2654/1/1
f 2657/2/1 2654/2/1 2656/2/1
f 2658/1/1 2655/1/1 2657/1/1
f 2659/1/1 2657/1/1 2656/1/1
f 2660/2/1 2658/2/1 2657/2/1
f 2660/1/1 2657/1/1 2659/1/1
f 2661/2/1 2658/2/1 2660/2/1
f 2664/2/1 2663/2/1 2662/2/1
f 2665/2/1 2663/2/1 2664/2/1
f 2666/1/1 2665/1/1 2664/1/1
f 2667/1/1 2665/1/1 2666/1/1
f 2668/1/1 2665/1/1 2667/1/1
f 2671/2/1 2670/2/1 2669/2/1
f 2672/2/1 2670/2/1 2671/2/1
f 2678/4/1 2674/4/1 2673/4/1
f 2679/4/1 2674/4/1 2678/4/1
f 2680/4/1 2676/4/1 2675/4/1
f 2681/4/1 2676/4/1 2680/4/1
f 2683/1/1 2678/1/1 2677/1/1
f 2684/1/1 2678/1/1 2683/1/1
f 2686/2/1 2683/2/1 2682/2/1
f 2687/2/1 2683/2/1 2686/2/1
f 2690/1/1 2686/1/1 2685/1/1
f 2691/1/1 2686/1/1 2690/1/1
f 2693/2/1 2689/2/1 2688/2/1
f 2694/2/1 2689/2/1 2693/2/1
f 2696/4/1 2693/4/1 2692/4/1
f 2697/4/1 2693/4/1 2696/4/1
f 2698/2/1 2696/2/1 2695/2/1
f 2699/2/1 2696/2/1 2698/2/1
f 2705/1/1 2702/1/1 2701/1/1
f 2705/1/1 2701/1/1 2700/1/1
f 2706/1/1 2702/1/1 2705/1/1
f 2707/2/1 2704/2/1 2703/2/1
f 2708/2/1 2704/2/1 2707/2/1
f 2709/3/1 2706/3/1 2705/3/1
f 2710/3/1 2706/3/1 2709/3/1
f 2713/1/1 2712/1/1 2711/1/1
f 2714/1/1 2712/1/1 2713/1/1
f 2715/1/1 2712/1/1 2714/1/1
f 2720/1/1 2717/1/1 2716/1/1
f 2721/1/1 2717/1/1 2720/1/1
f 2722/3/1 2719/3/1 2718/3/1
f 2723/3/1 2719/3/1 2722/3/1
f 2728/2/1 2725/2/1 2724/2/1
f 2729/2/1 2725/2/1 2728/2/1
f 2732/3/1 2727/3/1 2726/3/1
f 2733/3/1 2727/3/1 2732/3/1
f 2735/4/1 2731/4/1 2730/4/1
f 2736/4/1 2731/4/1 2735/4/1
f 2737/1/1 2735/1/1 2734/1/1
f 2738/1/1 2735/1/1 2737/1/1
f 2741/2/1 2740/2/1 2739/2/1
f 2742/2/1 2740/2/1 2741/2/1
f 2746/2/1 2743/2/1 2742/2/1
f 2747/2/1 2743/2/1 2746/2/1
f 2751/4/1 2745/4/1 2744/4/1
f 2752/4/1 2745/4/1 2751/4/1
f 2753/4/1 2749/4/1 2748/4/1
f 2754/4/1 2749/4/1 2753/4/1
f 2755/3/1 2751/3/1 2750/3/1
f 2756/3/1 2751/3/1 2755/3/1
f 2760/2/1 2758/2/1 2757/2/1
f 2761/3/1 2759/3/1 2758/3/1
f 2761/2/1 2758/2/1 2760/2/1
f 2762/3/1 2759/3/1 2761/3/1
f 2765/1/1 2761/1/1 2760/1/1
f 2766/2/1 2762/2/1 2761/2/1
f 2766/1/1 2761/1/1 2765/1/1
f 2767/2/1 2762/2/1 2766/2/1
f 2768/2/1 2764/2/1 2763/2/1
f 2769/2/1 2764/2/1 2768/2/1
f 2772/4/1 2771/4/1 2770/4/1
f 2773/4/1 2771/4/1 2772/4/1
f 2778/3/1 2775/3/1 2774/3/1
f 2779/3/1 2775/3/1 2778/3/1
f 2781/2/1 2777/2/1 2776/2/1
f 2782/2/1 2777/2/1 2781/2/1
f 2784/2/1 2781/2/1 2780/2/1
f 2785/2/1 2781/2/1 2784/2/1
f 2786/3/1 2784/3/1 2783/3/1
f 2787/3/1 2784/3/1 2786/3/1
f 2794/3/1 2789/3/1 2788/3/1
f 2795/1/1 2790/1/1 2789/1/1
f 2795/3/1 2789/3/1 2794/3/1
f 2796/1/1 2790/1/1 2795/1/1
f 2797/3/1 2792/3/1 2791/3/1
f 2798/2/1 2793/2/1 2792/2/1
f 2798/3/1 2792/3/1 2797/3/1
f 2799/2/1 2793/2/1 2798/2/1
f 2800/3/1 2795/3/1 2794/3/1
f 2801/2/1 2796/2/1 2795/2/1
f 2801/3/1 2795/3/1 2800/3/1
f 2802/2/1 2796/2/1 2801/2/1
f 2803/1/1 2798/1/1 2797/1/1
f 2804/1/1 2798/1/1 2803/1/1
f 2808/1/1 2806/1/1 2805/1/1
f 2809/3/1 2807/3/1 2806/3/1
f 2809/1/1 2806/1/1 2808/1/1
f 2815/2/1 2809/2/1 2808/2/1
f 2816/3/1 2807/3/1 2809/3/1
f 2816/2/1 2809/2/1 2815/2/1
f 2817/3/1 2807/3/1 2816/3/1
f 2818/2/1 2811/2/1 2810/2/1
f 2818/2/1 2812/2/1 2811/2/1
f 2819/3/1 2813/3/1 2812/3/1
f 2819/2/1 2812/2/1 2818/2/1
f 2820/2/1 2814/2/1 2813/2/1
f 2820/3/1 2813/3/1 2819/3/1
f 2821/2/1 2814/2/1 2820/2/1
f 2825/1/1 2823/1/1 2822/1/1
f 2826/3/1 2824/3/1 2823/3/1
f 2826/1/1 2823/1/1 2825/1/1
f 2827/3/1 2824/3/1 2826/3/1
f 2831/2/1 2826/2/1 2825/2/1
f 2831/2/1 2827/2/1 2826/2/1
f 2832/2/1 2827/2/1 2831/2/1
f 2837/2/1 2829/2/1 2828/2/1
f 2838/1/1 2830/1/1 2829/1/1
f 2838/2/1 2829/2/1 2837/2/1
f 2839/1/1 2830/1/1 2838/1/1
f 2840/4/1 2836/4/1 2835/4/1
f 2840/4/1 2834/4/1 2833/4/1
f 2840/4/1 2835/4/1 2834/4/1
f 2841/4/1 2836/4/1 2840/4/1
f 2842/4/1 2836/4/1 2841/4/1
f 2846/1/1 2841/1/1 2840/1/1
f 2847/3/1 2842/3/1 2841/3/1
f 2847/1/1 2841/1/1 2846/1/1
f 2848/3/1 2842/3/1 2847/3/1
f 2849/1/1 2845/1/1 2844/1/1
f 2849/1/1 2844/1/1 2843/1/1
f 2850/1/1 2845/1/1 2849/1/1
f 2851/1/1 2845/1/1 2850/1/1
f 2852/3/1 2850/3/1 2849/3/1
f 2852/2/1 2851/2/1 2850/2/1
f 2853/2/1 2851/2/1 2852/2/1
f 2854/3/1 2852/3/1 2849/3/1
f 2855/1/1 2853/1/1 2852/1/1
f 2855/3/1 2852/3/1 2854/3/1
f 2856/1/1 2853/1/1 2855/1/1
f 2857/4/1 2855/4/1 2854/4/1
f 2857/4/1 2856/4/1 2855/4/1
f 2858/4/1 2856/4/1 2857/4/1
f 2861/1/1 2860/1/1 2859/1/1
f 2862/1/1 2860/1/1 2861/1/1
f 2865/3/1 2862/3/1 2861/3/1
f 2866/3/1 2862/3/1 2865/3/1
f 2870/3/1 2864/3/1 2863/3/1
f 2871/3/1 2864/3/1 2870/3/1
f 2872/4/1 2869/4/1 2868/4/1
f 2872/4/1 2868/4/1 2867/4/1
f 2873/4/1 2869/4/1 2872/4/1
f 2874/4/1 2869/4/1 2873/4/1
f 2875/4/1 2869/4/1 2874/4/1
f 2878/2/1 2873/2/1 2872/2/1
f 2879/3/1 2874/3/1 2873/3/1
f 2879/2/1 2873/2/1 2878/2/1
f 2880/1/1 2875/1/1 2874/1/1
f 2880/3/1 2874/3/1 2879/3/1
f 2881/1/1 2875/1/1 2880/1/1
f 2882/2/1 2877/2/1 2876/2/1
f 2883/2/1 2877/2/1 2882/2/1
f 2884/2/1 2877/2/1 2883/2/1
f 2885/2/1 2877/2/1 2884/2/1
f 2886/4/1 2885/4/1 2884/4/1
f 2887/4/1 2885/4/1 2886/4/1
f 2893/1/1 2889/1/1 2888/1/1
f 2894/2/1 2890/2/1 2889/2/1
f 2894/1/1 2889/1/1 2893/1/1
f 2895/1/1 2892/1/1 2891/1/1
f 2896/1/1 2892/1/1 2895/1/1
f 2897/1/1 2892/1/1 2896/1/1
f 2901/2/1 2894/2/1 2893/2/1
f 2902/2/1 2890/2/1 2894/2/1
f 2902/2/1 2894/2/1 2901/2/1
f 2906/1/1 2899/1/1 2898/1/1
f 2907/3/1 2900/3/1 2899/3/1
f 2907/1/1 2899/1/1 2906/1/1
f 2908/3/1 2900/3/1 2907/3/1
f 2909/4/1 2905/4/1 2904/4/1
f 2909/4/1 2904/4/1 2903/4/1
f 2910/4/1 2905/4/1 2909/4/1
f 2911/4/1 2905/4/1 2910/4/1
f 2914/2/1 2910/2/1 2909/2/1
f 2915/3/1 2911/3/1 2910/3/1
f 2915/2/1 2910/2/1 2914/2/1
f 2916/3/1 2911/3/1 2915/3/1
f 2917/1/1 2913/1/1 2912/1/1
f 2918/1/1 2913/1/1 2917/1/1
f 2919/2/1 2918/2/1 2917/2/1
f 2920/1/1 2913/1/1 2918/1/1
f 2920/2/1 2918/2/1 2919/2/1
f 2921/1/1 2913/1/1 2920/1/1
f 2922/3/1 2920/3/1 2919/3/1
f 2922/3/1 2921/3/1 2920/3/1
f 2923/3/1 2921/3/1 2922/3/1
f 2924/4/1 2923/4/1 2922/4/1
f 2925/4/1 2923/4/1 2924/4/1
f 2930/1/1 2927/1/1 2926/1/1
f 2931/1/1 2927/1/1 2930/1/1
f 2936/1/1 2929/1/1 2928/1/1
f 2937/1/1 2929/1/1 2936/1/1
f 2941/2/1 2933/2/1 2932/2/1
f 2942/1/1 2935/1/1 2934/1/1
f 2942/2/1 2933/2/1 2941/2/1
f 2942/1/1 2934/1/1 2933/1/1
f 2943/1/1 2935/1/1 2942/1/1
f 2944/4/1 2940/4/1 2939/4/1
f 2944/4/1 2939/4/1 2938/4/1
f 2945/4/1 2940/4/1 2944/4/1
f 2950/1/1 2945/1/1 2944/1/1
f 2951/1/1 2945/1/1 2950/1/1
f 2952/1/1 2947/1/1 2946/1/1
f 2953/2/1 2948/2/1 2947/2/1
f 2953/1/1 2947/1/1 2952/1/1
f 2954/1/1 2949/1/1 2948/1/1
f 2954/2/1 2948/2/1 2953/2/1
f 2955/1/1 2949/1/1 2954/1/1
f 2956/3/1 2953/3/1 2952/3/1
f 2957/1/1 2954/1/1 2953/1/1
f 2957/3/1 2953/3/1 2956/3/1
f 2958/3/1 2955/3/1 2954/3/1
f 2958/1/1 2954/1/1 2957/1/1
f 2959/3/1 2955/3/1 2958/3/1
f 2960/2/1 2957/2/1 2956/2/1
f 2960/2/1 2958/2/1 2957/2/1
f 2960/2/1 2959/2/1 2958/2/1
f 2961/2/1 2959/2/1 2960/2/1
f 2962/4/1 2961/4/1 2960/4/1
f 2963/4/1 2961/4/1 2962/4/1
f 2967/1/1 2965/1/1 2964/1/1
f 2968/3/1 2966/3/1 2965/3/1
f 2968/1/1 2965/1/1 2967/1/1
f 2969/3/1 2966/3/1 2968/3/1
f 2972/3/1 2968/3/1 2967/3/1
f 2973/1/1 2969/1/1 2968/1/1
f 2973/3/1 2968/3/1 2972/3/1
f 2974/1/1 2969/1/1 2973/1/1
f 2978/1/1 2971/1/1 2970/1/1
f 2979/1/1 2971/1/1 2978/1/1
f 2980/4/1 2977/4/1 2976/4/1
f 2980/4/1 2976/4/1 2975/4/1
f 2981/4/1 2977/4/1 2980/4/1
f 2985/1/1 2981/1/1 2980/1/1
f 2986/1/1 2981/1/1 2985/1/1
f 2987/2/1 2983/2/1 2982/2/1
f 2988/3/1 2984/3/1 2983/3/1
f 2988/2/1 2983/2/1 2987/2/1
f 2989/3/1 2988/3/1 2987/3/1
f 2990/3/1 2984/3/1 2988/3/1
f 2990/3/1 2988/3/1 2989/3/1
f 2991/2/1 2990/2/1 2989/2/1
f 2992/2/1 2990/2/1 2991/2/1
f 2993/4/1 2992/4/1 2991/4/1
f 2994/4/1 2992/4/1 2993/4/1
f 2997/2/1 2996/2/1 2995/2/1
f 2998/2/1 2996/2/1 2997/2/1
f 3001/3/1 3000/3/1 2999/3/1
f 3002/3/1 3000/3/1 3001/3/1
f 3006/1/1 3002/1/1 3001/1/1
f 3007/1/1 3002/1/1 3006/1/1
f 3010/3/1 3005/3/1 3004/3/1
f 3010/3/1 3004/3/1 3003/3/1
f 3011/3/1 3005/3/1 3010/3/1
f 3012/4/1 3009/4/1 3008/4/1
f 3013/4/1 3009/4/1 3012/4/1
f 3016/1/1 3013/1/1 3012/1/1
f 3017/1/1 3013/1/1 3016/1/1
f 3018/1/1 3015/1/1 3014/1/1
f 3019/1/1 3015/1/1 3018/1/1
f 3020/2/1 3019/2/1 3018/2/1
f 3021/1/1 3015/1/1 3019/1/1
f 3021/2/1 3019/2/1 3020/2/1
f 3022/1/1 3015/1/1 3021/1/1
f 3023/1/1 3021/1/1 3020/1/1
f 3024/2/1 3022/2/1 3021/2/1
f 3024/1/1 3021/1/1 3023/1/1
f 3025/2/1 3022/2/1 3024/2/1
f 3026/4/1 3024/4/1 3023/4/1
f 3026/4/1 3025/4/1 3024/4/1
f 3027/4/1 3025/4/1 3026/4/1
f 3031/1/1 3029/1/1 3028/1/1
f 3032/2/1 3030/2/1 3029/2/1
f 3032/1/1 3029/1/1 3031/1/1
f 3036/3/1 3032/3/1 3031/3/1
f 3037/2/1 3030/2/1 3032/2/1
f 3037/3/1 3032/3/1 3036/3/1
f 3038/2/1 3030/2/1 3037/2/1
f 3042/1/1 3034/1/1 3033/1/1
f 3043/3/1 3035/3/1 3034/3/1
f 3043/1/1 3034/1/1 3042/1/1
f 3044/3/1 3035/3/1 3043/3/1
f 3045/4/1 3041/4/1 3040/4/1
f 3045/4/1 3040/4/1 3039/4/1
f 3046/4/1 3041/4/1 3045/4/1
f 3047/4/1 3041/4/1 3046/4/1
f 3051/3/1 3046/3/1 3045/3/1
f 3052/1/1 3047/1/1 3046/1/1
f 3052/3/1 3046/3/1 3051/3/1
f 3053/1/1 3047/1/1 3052/1/1
f 3054/2/1 3049/2/1 3048/2/1
f 3055/1/1 3050/1/1 3049/1/1
f 3055/2/1 3049/2/1 3054/2/1
f 3056/1/1 3050/1/1 3055/1/1
f 3057/1/1 3050/1/1 3056/1/1
f 3058/1/1 3055/1/1 3054/1/1
f 3058/1/1 3056/1/1 3055/1/1
f 3059/1/1 3056/1/1 3058/1/1
f 3060/2/1 3057/2/1 3056/2/1
f 3060/1/1 3056/1/1 3059/1/1
f 3061/2/1 3057/2/1 3060/2/1
f 3062/2/1 3059/2/1 3058/2/1
f 3063/3/1 3060/3/1 3059/3/1
f 3063/2/1 3059/2/1 3062/2/1
f 3064/1/1 3061/1/1 3060/1/1
f 3064/3/1 3060/3/1 3063/3/1
f 3065/1/1 3061/1/1 3064/1/1
f 3066/4/1 3063/4/1 3062/4/1
f 3066/4/1 3064/4/1 3063/4/1
f 3066/4/1 3065/4/1 3064/4/1
f 3067/4/1 3065/4/1 3066/4/1
f 3070/4/1 3069/4/1 3068/4/1
f 3071/4/1 3069/4/1 3070/4/1
f 3074/2/1 3073/2/1 3072/2/1
f 3075/2/1 3073/2/1 3074/2/1
f 3078/4/1 3077/4/1 3076/4/1
f 3079/4/1 3077/4/1 3078/4/1
f 3083/3/1 3081/3/1 3080/3/1
f 3084/2/1 3082/2/1 3081/2/1
f 3084/3/1 3081/3/1 3083/3/1
f 3085/2/1 3082/2/1 3084/2/1
f 3089/2/1 3084/2/1 3083/2/1
f 3090/1/1 3085/1/1 3084/1/1
f 3090/2/1 3084/2/1 3089/2/1
f 3091/1/1 3085/1/1 3090/1/1
f 3095/2/1 3087/2/1 3086/2/1
f 3096/3/1 3088/3/1 3087/3/1
f 3096/2/1 3087/2/1 3095/2/1
f 3097/3/1 3088/3/1 3096/3/1
f 3098/4/1 3094/4/1 3093/4/1
f 3098/4/1 3093/4/1 3092/4/1
f 3099/4/1 3094/4/1 3098/4/1
f 3100/4/1 3094/4/1 3099/4/1
f 3104/3/1 3099/3/1 3098/3/1
f 3105/2/1 3100/2/1 3099/2/1
f 3105/3/1 3099/3/1 3104/3/1
f 3106/2/1 3100/2/1 3105/2/1
f 3107/3/1 3102/3/1 3101/3/1
f 3108/1/1 3103/1/1 3102/1/1
f 3108/3/1 3102/3/1 3107/3/1
f 3109/1/1 3103/1/1 3108/1/1
f 3110/3/1 3108/3/1 3107/3/1
f 3110/3/1 3109/3/1 3108/3/1
f 3111/3/1 3109/3/1 3110/3/1
f 3112/1/1 3111/1/1 3110/1/1
f 3113/1/1 3111/1/1 3112/1/1
f 3114/4/1 3113/4/1 3112/4/1
f 3115/4/1 3113/4/1 3114/4/1
f 3118/1/1 3117/1/1 3116/1/1
f 3119/1/1 3117/1/1 3118/1/1
f 3122/3/1 3121/3/1 3120/3/1
f 3123/3/1 3121/3/1 3122/3/1
f 3125/1/1 3124/1/1 3123/1/1
f 3126/1/1 3124/1/1 3125/1/1
f 3129/4/1 3128/4/1 3127/4/1
f 3130/4/1 3128/4/1 3129/4/1
f 3135/3/1 3132/3/1 3131/3/1
f 3136/1/1 3133/1/1 3132/1/1
f 3136/3/1 3132/3/1 3135/3/1
f 3137/3/1 3134/3/1 3133/3/1
f 3137/1/1 3133/1/1 3136/1/1
f 3138/3/1 3134/3/1 3137/3/1
f 3142/3/1 3136/3/1 3135/3/1
f 3142/3/1 3137/3/1 3136/3/1
f 3143/2/1 3138/2/1 3137/2/1
f 3143/3/1 3137/3/1 3142/3/1
f 3144/2/1 3138/2/1 3143/2/1
f 3147/3/1 3140/3/1 3139/3/1
f 3148/2/1 3141/2/1 3140/2/1
f 3148/3/1 3140/3/1 3147/3/1
f 3149/2/1 3141/2/1 3148/2/1
f 3150/4/1 3146/4/1 3145/4/1
f 3151/4/1 3146/4/1 3150/4/1
f 3152/4/1 3146/4/1 3151/4/1
f 3155/3/1 3151/3/1 3150/3/1
f 3156/1/1 3152/1/1 3151/1/1
f 3156/3/1 3151/3/1 3155/3/1
f 3157/1/1 3152/1/1 3156/1/1
f 3158/3/1 3154/3/1 3153/3/1
f 3159/3/1 3154/3/1 3158/3/1
f 3160/2/1 3159/2/1 3158/2/1
f 3161/2/1 3159/2/1 3160/2/1
f 3162/2/1 3159/2/1 3161/2/1
f 3163/4/1 3162/4/1 3161/4/1
f 3164/4/1 3162/4/1 3163/4/1
f 3167/2/1 3166/2/1 3165/2/1
f 3168/2/1 3166/2/1 3167/2/1
f 3170/3/1 3169/3/1 3168/3/1
f 3171/3/1 3169/3/1 3170/3/1
f 3173/2/1 3172/2/1 3171/2/1
f 3174/2/1 3172/2/1 3173/2/1
f 3177/4/1 3176/4/1 3175/4/1
f 3178/4/1 3176/4/1 3177/4/1
f 3179/4/1 3176/4/1 3178/4/1
f 3187/2/1 3183/2/1 3182/2/1
f 3187/2/1 3184/2/1 3183/2/1
f 3188/2/1 3184/2/1 3187/2/1
f 3189/2/1 3181/2/1 3180/2/1
f 3190/2/1 3181/2/1 3189/2/1
f 3191/4/1 3186/4/1 3185/4/1
f 3192/4/1 3186/4/1 3191/4/1
f 3193/4/1 3190/4/1 3189/4/1
f 3194/4/1 3190/4/1 3193/4/1
f 3198/2/1 3192/2/1 3191/2/1
f 3199/2/1 3192/2/1 3198/2/1
f 3200/3/1 3194/3/1 3193/3/1
f 3203/3/1 3196/3/1 3195/3/1
f 3204/1/1 3197/1/1 3196/1/1
f 3204/3/1 3196/3/1 3203/3/1
f 3205/1/1 3197/1/1 3204/1/1
f 3206/3/1 3200/3/1 3193/3/1
f 3206/3/1 3202/3/1 3201/3/1
f 3206/3/1 3201/3/1 3200/3/1
f 3207/3/1 3202/3/1 3206/3/1
f 3208/3/1 3202/3/1 3207/3/1
f 3209/3/1 3202/3/1 3208/3/1
f 3210/3/1 3204/3/1 3203/3/1
f 3211/2/1 3205/2/1 3204/2/1
f 3211/3/1 3204/3/1 3210/3/1
f 3212/2/1 3205/2/1 3211/2/1
f 3213/2/1 3207/2/1 3206/2/1
f 3214/1/1 3208/1/1 3207/1/1
f 3214/2/1 3207/2/1 3213/2/1
f 3215/2/1 3209/2/1 3208/2/1
f 3215/1/1 3208/1/1 3214/1/1
f 3216/2/1 3209/2/1 3215/2/1
f 3217/1/1 3212/1/1 3211/1/1
f 3217/1/1 3211/1/1 3210/1/1
f 3218/1/1 3212/1/1 3217/1/1
f 3219/3/1 3216/3/1 3215/3/1
f 3220/3/1 3216/3/1 3219/3/1
f 3221/4/1 3218/4/1 3217/4/1
f 3222/4/1 3218/4/1 3221/4/1
f 3223/4/1 3220/4/1 3219/4/1
f 3224/4/1 3220/4/1 3223/4/1
f 3227/3/1 3226/3/1 3225/3/1
f 3228/3/1 3226/3/1 3227/3/1
f 3231/2/1 3229/2/1 3228/2/1
f 3232/3/1 3230/3/1 3229/3/1
f 3232/2/1 3229/2/1 3231/2/1
f 3233/3/1 3230/3/1 3232/3/1
f 3236/1/1 3235/1/1 3234/1/1
f 3237/1/1 3235/1/1 3236/1/1
f 3244/2/1 3239/2/1 3238/2/1
f 3245/3/1 3240/3/1 3239/3/1
f 3245/2/1 3239/2/1 3244/2/1
f 3246/3/1 3240/3/1 3245/3/1
f 3247/2/1 3237/2/1 3236/2/1
f 3248/2/1 3237/2/1 3247/2/1
f 3249/4/1 3243/4/1 3242/4/1
f 3249/4/1 3242/4/1 3241/4/1
f 3250/4/1 3243/4/1 3249/4/1
f 3251/4/1 3248/4/1 3247/4/1
f 3252/4/1 3248/4/1 3251/4/1
f 3256/1/1 3250/1/1 3249/1/1
f 3257/1/1 3250/1/1 3256/1/1
f 3258/1/1 3252/1/1 3251/1/1
f 3259/1/1 3252/1/1 3258/1/1
f 3260/3/1 3254/3/1 3253/3/1
f 3261/1/1 3255/1/1 3254/1/1
f 3261/3/1 3254/3/1 3260/3/1
f 3262/1/1 3255/1/1 3261/1/1
f 3263/1/1 3261/1/1 3260/1/1
f 3264/3/1 3262/3/1 3261/3/1
f 3264/1/1 3261/1/1 3263/1/1
f 3265/3/1 3262/3/1 3264/3/1
f 3268/3/1 3264/3/1 3263/3/1
f 3269/1/1 3265/1/1 3264/1/1
f 3269/3/1 3264/3/1 3268/3/1
f 3270/1/1 3265/1/1 3269/1/1
f 3271/1/1 3267/1/1 3266/1/1
f 3272/1/1 3267/1/1 3271/1/1
f 3273/4/1 3270/4/1 3269/4/1
f 3273/4/1 3269/4/1 3268/4/1
f 3274/4/1 3270/4/1 3273/4/1
f 3275/4/1 3272/4/1 3271/4/1
f 3276/4/1 3272/4/1 3275/4/1
f 3279/3/1 3278/3/1 3277/3/1
f 3280/3/1 3278/3/1 3279/3/1
f 3281/1/1 3280/1/1 3279/1/1
f 3282/1/1 3280/1/1 3281/1/1
f 3288/2/1 3282/2/1 3281/2/1
f 3289/2/1 3282/2/1 3288/2/1
f 3290/4/1 3284/4/1 3283/4/1
f 3290/4/1 3285/4/1 3284/4/1
f 3291/4/1 3285/4/1 3290/4/1
f 3292/4/1 3285/4/1 3291/4/1
f 3293/4/1 3287/4/1 3286/4/1
f 3294/4/1 3287/4/1 3293/4/1
f 3295/4/1 3289/4/1 3288/4/1
f 3296/4/1 3289/4/1 3295/4/1
f 3300/1/1 3291/1/1 3290/1/1
f 3301/2/1 3292/2/1 3291/2/1
f 3301/1/1 3291/1/1 3300/1/1
f 3302/2/1 3292/2/1 3301/2/1
f 3303/3/1 3294/3/1 3293/3/1
f 3304/3/1 3294/3/1 3303/3/1
f 3305/1/1 3298/1/1 3297/1/1
f 3306/1/1 3298/1/1 3305/1/1
f 3307/3/1 3299/3/1 3298/3/1
f 3307/1/1 3298/1/1 3306/1/1
f 3308/3/1 3299/3/1 3307/3/1
f 3311/3/1 3307/3/1 3306/3/1
f 3312/1/1 3308/1/1 3307/1/1
f 3312/3/1 3307/3/1 3311/3/1
f 3313/1/1 3308/1/1 3312/1/1
f 3314/3/1 3310/3/1 3309/3/1
f 3315/3/1 3310/3/1 3314/3/1
f 3316/4/1 3313/4/1 3312/4/1
f 3316/4/1 3312/4/1 3311/4/1
f 3317/4/1 3313/4/1 3316/4/1
f 3318/4/1 3315/4/1 3314/4/1
f 3319/4/1 3315/4/1 3318/4/1
f 3361/1/1 3321/1/1 3320/1/1
f 3362/2/1 3322/2/1 3321/2/1
f 3362/1/1 3321/1/1 3361/1/1
f 3363/3/1 3323/3/1 3322/3/1
f 3363/2/1 3322/2/1 3362/2/1
f 3364/1/1 3324/1/1 3323/1/1
f 3364/3/1 3323/3/1 3363/3/1
f 3365/3/1 3325/3/1 3324/3/1
f 3365/1/1 3324/1/1 3364/1/1
f 3366/2/1 3326/2/1 3325/2/1
f 3366/3/1 3325/3/1 3365/3/1
f 3367/1/1 3327/1/1 3326/1/1
f 3367/2/1 3326/2/1 3366/2/1
f 3368/3/1 3328/3/1 3327/3/1
f 3368/1/1 3327/1/1 3367/1/1
f 3368/3/1 3329/3/1 3328/3/1
f 3369/2/1 3330/2/1 3329/2/1
f 3369/3/1 3329/3/1 3368/3/1
f 3369/2/1 3331/2/1 3330/2/1
f 3370/2/1 3331/2/1 3369/2/1
f 3371/1/1 3332/1/1 3331/1/1
f 3371/2/1 3331/2/1 3370/2/1
f 3372/3/1 3333/3/1 3332/3/1
f 3372/1/1 3332/1/1 3371/1/1
f 3373/2/1 3335/2/1 3334/2/1
f 3373/3/1 3336/3/1 3335/3/1
f 3374/2/1 3337/2/1 3336/2/1
f 3374/3/1 3336/3/1 3373/3/1
f 3375/1/1 3338/1/1 3337/1/1
f 3375/2/1 3337/2/1 3374/2/1
f 3375/1/1 3339/1/1 3338/1/1
f 3376/3/1 3340/3/1 3339/3/1
f 3376/3/1 3341/3/1 3340/3/1
f 3377/2/1 3342/2/1 3341/2/1
f 3377/3/1 3341/3/1 3376/3/1
f 3378/2/1 3342/2/1 3377/2/1
f 3379/1/1 3343/1/1 3342/1/1
f 3379/2/1 3342/2/1 3378/2/1
f 3380/2/1 3344/2/1 3343/2/1
f 3380/1/1 3343/1/1 3379/1/1
f 3381/3/1 3345/3/1 3344/3/1
f 3381/2/1 3344/2/1 3380/2/1
f 3382/2/1 3346/2/1 3345/2/1
f 3382/3/1 3345/3/1 3381/3/1
f 3383/1/1 3347/1/1 3346/1/1
f 3383/2/1 3346/2/1 3382/2/1
f 3384/2/1 3348/2/1 3347/2/1
f 3384/1/1 3347/1/1 3383/1/1
f 3384/2/1 3349/2/1 3348/2/1
f 3385/1/1 3350/1/1 3349/1/1
f 3385/2/1 3349/2/1 3384/2/1
f 3386/3/1 3351/3/1 3350/3/1
f 3386/1/1 3350/1/1 3385/1/1
f 3386/3/1 3352/3/1 3351/3/1
f 3387/1/1 3353/1/1 3352/1/1
f 3387/3/1 3352/3/1 3386/3/1
f 3388/3/1 3354/3/1 3353/3/1
f 3388/1/1 3353/1/1 3387/1/1
f 3389/1/1 3355/1/1 3354/1/1
f 3389/3/1 3354/3/1 3388/3/1
f 3390/3/1 3357/3/1 3356/3/1
f 3390/1/1 3355/1/1 3389/1/1
f 3390/3/1 3356/3/1 3355/3/1
f 3391/3/1 3357/3/1 3390/3/1
f 3392/2/1 3358/2/1 3357/2/1
f 3392/3/1 3357/3/1 3391/3/1
f 3393/2/1 3358/2/1 3392/2/1
f 3394/1/1 3360/1/1 3359/1/1
f 3395/1/1 3360/1/1 3394/1/1
f 3396/3/1 3362/3/1 3361/3/1
f 3397/1/1 3363/1/1 3362/1/1
f 3397/3/1 3362/3/1 3396/3/1
f 3397/1/1 3364/1/1 3363/1/1
f 3397/1/1 3365/1/1 3364/1/1
f 3397/1/1 3366/1/1 3365/1/1
f 3397/1/1 3367/1/1 3366/1/1
f 3398/1/1 3367/1/1 3397/1/1
f 3399/1/1 3367/1/1 3398/1/1
f 3400/1/1 3367/1/1 3399/1/1
f 3401/1/1 3367/1/1 3400/1/1
f 3402/3/1 3368/3/1 3367/3/1
f 3402/1/1 3367/1/1 3401/1/1
f 3403/2/1 3369/2/1 3368/2/1
f 3403/3/1 3368/3/1 3402/3/1
f 3404/3/1 3370/3/1 3369/3/1
f 3404/2/1 3369/2/1 3403/2/1
f 3405/1/1 3371/1/1 3370/1/1
f 3405/3/1 3370/3/1 3404/3/1
f 3406/2/1 3372/2/1 3371/2/1
f 3406/1/1 3371/1/1 3405/1/1
f 3407/3/1 3333/3/1 3372/3/1
f 3407/2/1 3372/2/1 3406/2/1
f 3408/1/1 3334/1/1 3333/1/1
f 3408/3/1 3333/3/1 3407/3/1
f 3409/2/1 3373/2/1 3334/2/1
f 3409/1/1 3334/1/1 3408/1/1
f 3409/2/1 3374/2/1 3373/2/1
f 3410/1/1 3339/1/1 3375/1/1
f 3410/1/1 3375/1/1 3374/1/1
f 3411/1/1 3339/1/1 3410/1/1
f 3412/3/1 3376/3/1 3339/3/1
f 3412/1/1 3339/1/1 3411/1/1
f 3413/2/1 3378/2/1 3377/2/1
f 3413/3/1 3376/3/1 3412/3/1
f 3413/2/1 3377/2/1 3376/2/1
f 3414/2/1 3378/2/1 3413/2/1
f 3415/1/1 3379/1/1 3378/1/1
f 3415/2/1 3378/2/1 3414/2/1
f 3415/1/1 3380/1/1 3379/1/1
f 3415/1/1 3381/1/1 3380/1/1
f 3416/1/1 3381/1/1 3415/1/1
f 3417/1/1 3381/1/1 3416/1/1
f 3418/1/1 3381/1/1 3417/1/1
f 3419/2/1 3382/2/1 3381/2/1
f 3419/1/1 3381/1/1 3418/1/1
f 3419/2/1 3383/2/1 3382/2/1
f 3420/3/1 3384/3/1 3383/3/1
f 3420/2/1 3383/2/1 3419/2/1
f 3420/3/1 3385/3/1 3384/3/1
f 3420/3/1 3386/3/1 3385/3/1
f 3420/3/1 3387/3/1 3386/3/1
f 3421/3/1 3387/3/1 3420/3/1
f 3422/3/1 3387/3/1 3421/3/1
f 3423/3/1 3387/3/1 3422/3/1
f 3424/3/1 3387/3/1 3423/3/1
f 3425/2/1 3390/2/1 3389/2/1
f 3425/3/1 3387/3/1 3424/3/1
f 3425/2/1 3389/2/1 3388/2/1
f 3425/2/1 3388/2/1 3387/2/1
f 3426/2/1 3390/2/1 3425/2/1
f 3427/2/1 3390/2/1 3426/2/1
f 3428/2/1 3390/2/1 3427/2/1
f 3429/3/1 3391/3/1 3390/3/1
f 3429/2/1 3390/2/1 3428/2/1
f 3430/3/1 3393/3/1 3392/3/1
f 3431/3/1 3395/3/1 3394/3/1
f 3434/1/1 3397/1/1 3396/1/1
f 3435/3/1 3398/3/1 3397/3/1
f 3435/1/1 3397/1/1 3434/1/1
f 3436/2/1 3399/2/1 3398/2/1
f 3436/3/1 3398/3/1 3435/3/1
f 3437/3/1 3400/3/1 3399/3/1
f 3437/2/1 3399/2/1 3436/2/1
f 3438/3/1 3400/3/1 3437/3/1
f 3442/2/1 3405/2/1 3404/2/1
f 3443/3/1 3406/3/1 3405/3/1
f 3443/2/1 3405/2/1 3442/2/1
f 3444/1/1 3407/1/1 3406/1/1
f 3444/3/1 3406/3/1 3443/3/1
f 3444/1/1 3408/1/1 3407/1/1
f 3445/2/1 3409/2/1 3408/2/1
f 3445/1/1 3408/1/1 3444/1/1
f 3446/2/1 3374/2/1 3409/2/1
f 3446/2/1 3409/2/1 3445/2/1
f 3446/1/1 3410/1/1 3374/1/1
f 3447/3/1 3411/3/1 3410/3/1
f 3447/1/1 3410/1/1 3446/1/1
f 3448/2/1 3412/2/1 3411/2/1
f 3448/3/1 3411/3/1 3447/3/1
f 3449/3/1 3413/3/1 3412/3/1
f 3449/2/1 3412/2/1 3448/2/1
f 3450/3/1 3413/3/1 3449/3/1
f 3455/2/1 3421/2/1 3420/2/1
f 3455/2/1 3420/2/1 3419/2/1
f 3455/2/1 3419/2/1 3418/2/1
f 3456/3/1 3422/3/1 3421/3/1
f 3456/2/1 3421/2/1 3455/2/1
f 3457/1/1 3423/1/1 3422/1/1
f 3457/3/1 3422/3/1 3456/3/1
f 3458/2/1 3424/2/1 3423/2/1
f 3458/1/1 3423/1/1 3457/1/1
f 3459/2/1 3424/2/1 3458/2/1
f 3464/3/1 3391/3/1 3429/3/1
f 3465/2/1 3392/2/1 3391/2/1
f 3465/3/1 3391/3/1 3464/3/1
f 3466/3/1 3430/3/1 3392/3/1
f 3466/2/1 3392/2/1 3465/2/1
f 3467/3/1 3430/3/1 3466/3/1
f 3468/3/1 3395/3/1 3431/3/1
f 3469/3/1 3395/3/1 3468/3/1
f 3470/4/1 3433/4/1 3432/4/1
f 3471/4/1 3433/4/1 3470/4/1
f 3472/4/1 3433/4/1 3471/4/1
f 3473/4/1 3463/4/1 3462/4/1
f 3473/4/1 3465/4/1 3464/4/1
f 3473/4/1 3464/4/1 3463/4/1
f 3473/4/1 3457/4/1 3456/4/1
f 3473/4/1 3467/4/1 3466/4/1
f 3473/4/1 3456/4/1 3455/4/1
f 3473/4/1 3466/4/1 3465/4/1
f 3473/4/1 3454/4/1 3453/4/1
f 3473/4/1 3462/4/1 3461/4/1
f 3473/4/1 3461/4/1 3460/4/1
f 3473/4/1 3460/4/1 3459/4/1
f 3473/4/1 3459/4/1 3458/4/1
f 3473/4/1 3458/4/1 3457/4/1
f 3473/4/1 3453/4/1 3452/4/1
f 3473/4/1 3451/4/1 3450/4/1
f 3473/4/1 3450/4/1 3449/4/1
f 3473/4/1 3449/4/1 3448/4/1
f 3473/4/1 3439/4/1 3438/4/1
f 3473/4/1 3438/4/1 3437/4/1
f 3473/4/1 3437/4/1 3436/4/1
f 3473/4/1 3440/4/1 3439/4/1
f 3473/4/1 3452/4/1 3451/4/1
f 3473/4/1 3455/4/1 3454/4/1
f 3473/4/1 3435/4/1 3434/4/1
f 3473/4/1 3448/4/1 3447/4/1
f 3473/4/1 3443/4/1 3442/4/1
f 3473/4/1 3447/4/1 3446/4/1
f 3473/4/1 3446/4/1 3445/4/1
f 3473/4/1 3444/4/1 3443/4/1
f 3473/4/1 3445/4/1 3444/4/1
f 3473/4/1 3442/4/1 3441/4/1
f 3473/4/1 3436/4/1 3435/4/1
f 3473/4/1 3441/4/1 3440/4/1
f 3474/4/1 3467/4/1 3473/4/1
f 3475/4/1 3467/4/1 3474/4/1
f 3476/4/1 3467/4/1 3475/4/1
f 3477/4/1 3467/4/1 3476/4/1
f 3478/4/1 3467/4/1 3477/4/1
f 3479/4/1 3467/4/1 3478/4/1
f 3480/4/1 3467/4/1 3479/4/1
f 3481/4/1 3467/4/1 3480/4/1
f 3482/4/1 3467/4/1 3481/4/1
f 3483/4/1 3467/4/1 3482/4/1
f 3484/4/1 3467/4/1 3483/4/1
f 3485/4/1 3467/4/1 3484/4/1
f 3486/4/1 3467/4/1 3485/4/1
f 3487/4/1 3467/4/1 3486/4/1
f 3488/4/1 3467/4/1 3487/4/1
f 3489/4/1 3467/4/1 3488/4/1
f 3490/4/1 3467/4/1 3489/4/1
f 3491/4/1 3467/4/1 3490/4/1
f 3492/4/1 3467/4/1 3491/4/1
f 3493/4/1 3467/4/1 3492/4/1
f 3494/4/1 3467/4/1 3493/4/1
f 3495/4/1 3467/4/1 3494/4/1
f 3496/4/1 3467/4/1 3495/4/1
f 3497/4/1 3467/4/1 3496/4/1
f 3498/4/1 3467/4/1 3497/4/1
f 3499/4/1 3467/4/1 3498/4/1
f 3500/4/1 3467/4/1 3499/4/1
f 3501/4/1 3467/4/1 3500/4/1
f 3502/4/1 3467/4/1 3501/4/1
f 3503/4/1 3467/4/1 3502/4/1
f 3504/4/1 3467/4/1 3503/4/1
f 3505/4/1 3469/4/1 3468/4/1
f 3506/4/1 3469/4/1 3505/4/1
f 3510/2/1 3471/2/1 3470/2/1
f 3511/1/1 3472/1/1 3471/1/1
f 3511/2/1 3471/2/1 3510/2/1
f 3512/1/1 3472/1/1 3511/1/1
f 3513/2/1 3474/2/1 3473/2/1
f 3514/3/1 3475/3/1 3474/3/1
f 3514/2/1 3474/2/1 3513/2/1
f 3515/1/1 3476/1/1 3475/1/1
f 3515/3/1 3475/3/1 3514/3/1
f 3516/3/1 3477/3/1 3476/3/1
f 3516/1/1 3476/1/1 3515/1/1
f 3517/1/1 3478/1/1 3477/1/1
f 3517/3/1 3477/3/1 3516/3/1
f 3518/2/1 3479/2/1 3478/2/1
f 3518/1/1 3478/1/1 3517/1/1
f 3519/3/1 3480/3/1 3479/3/1
f 3519/2/1 3479/2/1 3518/2/1
f 3520/2/1 3481/2/1 3480/2/1
f 3520/3/1 3480/3/1 3519/3/1
f 3521/1/1 3482/1/1 3481/1/1
f 3521/2/1 3481/2/1 3520/2/1
f 3522/3/1 3483/3/1 3482/3/1
f 3522/1/1 3482/1/1 3521/1/1
f 3523/1/1 3484/1/1 3483/1/1
f 3523/3/1 3483/3/1 3522/3/1
f 3524/2/1 3485/2/1 3484/2/1
f 3524/1/1 3484/1/1 3523/1/1
f 3525/3/1 3486/3/1 3485/3/1
f 3525/2/1 3485/2/1 3524/2/1
f 3526/1/1 3487/1/1 3486/1/1
f 3526/3/1 3486/3/1 3525/3/1
f 3527/2/1 3488/2/1 3487/2/1
f 3527/1/1 3487/1/1 3526/1/1
f 3528/3/1 3489/3/1 3488/3/1
f 3528/2/1 3488/2/1 3527/2/1
f 3529/2/1 3490/2/1 3489/2/1
f 3529/3/1 3489/3/1 3528/3/1
f 3530/1/1 3491/1/1 3490/1/1
f 3530/2/1 3490/2/1 3529/2/1
f 3531/3/1 3492/3/1 3491/3/1
f 3531/1/1 3491/1/1 3530/1/1
f 3532/1/1 3493/1/1 3492/1/1
f 3532/3/1 3492/3/1 3531/3/1
f 3533/2/1 3494/2/1 3493/2/1
f 3533/1/1 3493/1/1 3532/1/1
f 3534/1/1 3495/1/1 3494/1/1
f 3534/2/1 3494/2/1 3533/2/1
f 3535/2/1 3496/2/1 3495/2/1
f 3535/1/1 3495/1/1 3534/1/1
f 3536/3/1 3497/3/1 3496/3/1
f 3536/2/1 3496/2/1 3535/2/1
f 3537/2/1 3498/2/1 3497/2/1
f 3537/3/1 3497/3/1 3536/3/1
f 3538/3/1 3499/3/1 3498/3/1
f 3538/2/1 3498/2/1 3537/2/1
f 3539/2/1 3500/2/1 3499/2/1
f 3539/3/1 3499/3/1 3538/3/1
f 3540/3/1 3501/3/1 3500/3/1
f 3540/2/1 3500/2/1 3539/2/1
f 3541/2/1 3502/2/1 3501/2/1
f 3541/3/1 3501/3/1 3540/3/1
f 3542/1/1 3503/1/1 3502/1/1
f 3542/2/1 3502/2/1 3541/2/1
f 3543/2/1 3504/2/1 3503/2/1
f 3543/1/1 3503/1/1 3542/1/1
f 3544/2/1 3504/2/1 3543/2/1
f 3545/2/1 3506/2/1 3505/2/1
f 3546/2/1 3506/2/1 3545/2/1
f 3547/3/1 3508/3/1 3507/3/1
f 3548/2/1 3509/2/1 3508/2/1
f 3548/3/1 3508/3/1 3547/3/1
f 3549/2/1 3509/2/1 3548/2/1
f 3550/2/1 3548/2/1 3547/2/1
f 3551/1/1 3549/1/1 3548/1/1
f 3551/2/1 3548/2/1 3550/2/1
f 3552/1/1 3551/1/1 3550/1/1
f 3553/1/1 3549/1/1 3551/1/1
f 3553/1/1 3551/1/1 3552/1/1
f 3554/4/1 3553/4/1 3552/4/1
f 3555/4/1 3553/4/1 3554/4/1
f 3561/1/1 3557/1/1 3556/1/1
f 3561/1/1 3558/1/1 3557/1/1
f 3562/1/1 3558/1/1 3561/1/1
f 3563/1/1 3558/1/1 3562/1/1
f 3564/1/1 3560/1/1 3559/1/1
f 3565/1/1 3562/1/1 3561/1/1
f 3566/3/1 3563/3/1 3562/3/1
f 3566/1/1 3562/1/1 3565/1/1
f 3567/1/1 3564/1/1 3559/1/1
f 3568/1/1 3564/1/1 3567/1/1
f 3569/3/1 3566/3/1 3565/3/1
f 3570/3/1 3563/3/1 3566/3/1
f 3570/3/1 3566/3/1 3569/3/1
f 3571/3/1 3568/3/1 3567/3/1
f 3572/3/1 3568/3/1 3571/3/1
f 3573/4/1 3570/4/1 3569/4/1
f 3574/4/1 3570/4/1 3573/4/1
f 3575/4/1 3572/4/1 3571/4/1
f 3576/4/1 3572/4/1 3575/4/1
f 3618/3/1 3578/3/1 3577/3/1
f 3619/2/1 3579/2/1 3578/2/1
f 3619/3/1 3578/3/1 3618/3/1
f 3620/1/1 3580/1/1 3579/1/1
f 3620/2/1 3579/2/1 3619/2/1
f 3621/3/1 3581/3/1 3580/3/1
f 3621/1/1 3580/1/1 3620/1/1
f 3621/3/1 3582/3/1 3581/3/1
f 3622/1/1 3586/1/1 3585/1/1
f 3622/3/1 3587/3/1 3586/3/1
f 3623/2/1 3588/2/1 3587/2/1
f 3623/3/1 3587/3/1 3622/3/1
f 3624/3/1 3589/3/1 3588/3/1
f 3624/2/1 3588/2/1 3623/2/1
f 3625/1/1 3590/1/1 3589/1/1
f 3625/3/1 3589/3/1 3624/3/1
f 3625/1/1 3591/1/1 3590/1/1
f 3626/1/1 3591/1/1 3625/1/1
f 3627/3/1 3592/3/1 3591/3/1
f 3627/1/1 3591/1/1 3626/1/1
f 3628/2/1 3593/2/1 3592/2/1
f 3628/3/1 3592/3/1 3627/3/1
f 3628/2/1 3594/2/1 3593/2/1
f 3628/2/1 3595/2/1 3594/2/1
f 3629/2/1 3595/2/1 3628/2/1
f 3630/2/1 3595/2/1 3629/2/1
f 3631/2/1 3595/2/1 3630/2/1
f 3632/3/1 3596/3/1 3595/3/1
f 3632/2/1 3595/2/1 3631/2/1
f 3633/1/1 3597/1/1 3596/1/1
f 3633/3/1 3596/3/1 3632/3/1
f 3634/1/1 3599/1/1 3598/1/1
f 3634/1/1 3600/1/1 3599/1/1
f 3635/3/1 3601/3/1 3600/3/1
f 3635/1/1 3600/1/1 3634/1/1
f 3636/2/1 3602/2/1 3601/2/1
f 3636/3/1 3601/3/1 3635/3/1
f 3637/3/1 3603/3/1 3602/3/1
f 3637/2/1 3602/2/1 3636/2/1
f 3637/3/1 3604/3/1 3603/3/1
f 3638/1/1 3605/1/1 3604/1/1
f 3638/3/1 3604/3/1 3637/3/1
f 3639/3/1 3606/3/1 3605/3/1
f 3639/1/1 3605/1/1 3638/1/1
f 3640/2/1 3607/2/1 3606/2/1
f 3640/3/1 3606/3/1 3639/3/1
f 3641/2/1 3607/2/1 3640/2/1
f 3642/3/1 3608/3/1 3607/3/1
f 3642/2/1 3607/2/1 3641/2/1
f 3642/3/1 3609/3/1 3608/3/1
f 3643/3/1 3609/3/1 3642/3/1
f 3644/2/1 3610/2/1 3609/2/1
f 3644/3/1 3609/3/1 3643/3/1
f 3645/2/1 3612/2/1 3611/2/1
f 3645/1/1 3613/1/1 3612/1/1
f 3646/2/1 3614/2/1 3613/2/1
f 3646/1/1 3613/1/1 3645/1/1
f 3647/3/1 3615/3/1 3614/3/1
f 3648/1/1 3617/1/1 3616/1/1
f 3648/3/1 3615/3/1 3647/3/1
f 3648/1/1 3616/1/1 3615/1/1
f 3649/1/1 3617/1/1 3648/1/1
f 3650/1/1 3617/1/1 3649/1/1
f 3651/3/1 3619/3/1 3618/3/1
f 3652/1/1 3620/1/1 3619/1/1
f 3652/3/1 3619/3/1 3651/3/1
f 3653/2/1 3621/2/1 3620/2/1
f 3653/1/1 3620/1/1 3652/1/1
f 3654/3/1 3582/3/1 3621/3/1
f 3654/2/1 3621/2/1 3653/2/1
f 3655/1/1 3583/1/1 3582/1/1
f 3655/3/1 3582/3/1 3654/3/1
f 3656/2/1 3584/2/1 3583/2/1
f 3656/1/1 3583/1/1 3655/1/1
f 3656/2/1 3585/2/1 3584/2/1
f 3657/2/1 3585/2/1 3656/2/1
f 3658/1/1 3622/1/1 3585/1/1
f 3658/2/1 3585/2/1 3657/2/1
f 3659/2/1 3623/2/1 3622/2/1
f 3659/1/1 3622/1/1 3658/1/1
f 3659/2/1 3624/2/1 3623/2/1
f 3659/2/1 3625/2/1 3624/2/1
f 3660/2/1 3625/2/1 3659/2/1
f 3661/3/1 3626/3/1 3625/3/1
f 3661/2/1 3625/2/1 3660/2/1
f 3662/2/1 3627/2/1 3626/2/1
f 3662/3/1 3626/3/1 3661/3/1
f 3662/2/1 3628/2/1 3627/2/1
f 3663/2/1 3628/2/1 3662/2/1
f 3664/1/1 3629/1/1 3628/1/1
f 3664/2/1 3628/2/1 3663/2/1
f 3665/3/1 3630/3/1 3629/3/1
f 3665/1/1 3629/1/1 3664/1/1
f 3666/2/1 3631/2/1 3630/2/1
f 3666/1/1 3632/1/1 3631/1/1
f 3667/2/1 3633/2/1 3632/2/1
f 3667/1/1 3632/1/1 3666/1/1
f 3668/1/1 3597/1/1 3633/1/1
f 3668/2/1 3633/2/1 3667/2/1
f 3669/2/1 3598/2/1 3597/2/1
f 3669/1/1 3597/1/1 3668/1/1
f 3670/1/1 3634/1/1 3598/1/1
f 3670/2/1 3598/2/1 3669/2/1
f 3671/3/1 3635/3/1 3634/3/1
f 3671/1/1 3634/1/1 3670/1/1
f 3671/3/1 3636/3/1 3635/3/1
f 3672/3/1 3636/3/1 3671/3/1
f 3673/2/1 3638/2/1 3637/2/1
f 3674/1/1 3639/1/1 3638/1/1
f 3674/2/1 3638/2/1 3673/2/1
f 3675/1/1 3641/1/1 3640/1/1
f 3675/2/1 3640/2/1 3639/2/1
f 3676/3/1 3643/3/1 3642/3/1
f 3676/1/1 3641/1/1 3675/1/1
f 3676/3/1 3642/3/1 3641/3/1
f 3677/3/1 3643/3/1 3676/3/1
f 3678/2/1 3644/2/1 3643/2/1
f 3678/3/1 3643/3/1 3677/3/1
f 3679/2/1 3610/2/1 3644/2/1
f 3679/2/1 3644/2/1 3678/2/1
f 3680/3/1 3611/3/1 3610/3/1
f 3680/2/1 3610/2/1 3679/2/1
f 3681/2/1 3645/2/1 3611/2/1
f 3681/3/1 3611/3/1 3680/3/1
f 3682/3/1 3646/3/1 3645/3/1
f 3682/2/1 3645/2/1 3681/2/1
f 3683/3/1 3649/3/1 3648/3/1
f 3683/1/1 3648/1/1 3647/1/1
f 3684/2/1 3650/2/1 3649/2/1
f 3684/3/1 3649/3/1 3683/3/1
f 3685/2/1 3650/2/1 3684/2/1
f 3686/2/1 3652/2/1 3651/2/1
f 3687/2/1 3654/2/1 3653/2/1
f 3687/3/1 3653/3/1 3652/3/1
f 3688/1/1 3655/1/1 3654/1/1
f 3688/2/1 3654/2/1 3687/2/1
f 3688/1/1 3657/1/1 3656/1/1
f 3688/1/1 3656/1/1 3655/1/1
f 3689/1/1 3657/1/1 3688/1/1
f 3690/1/1 3657/1/1 3689/1/1
f 3691/2/1 3658/2/1 3657/2/1
f 3691/1/1 3657/1/1 3690/1/1
f 3692/3/1 3659/3/1 3658/3/1
f 3692/2/1 3658/2/1 3691/2/1
f 3693/1/1 3660/1/1 3659/1/1
f 3693/3/1 3659/3/1 3692/3/1
f 3694/1/1 3660/1/1 3693/1/1
f 3695/2/1 3661/2/1 3660/2/1
f 3695/1/1 3660/1/1 3694/1/1
f 3696/1/1 3662/1/1 3661/1/1
f 3696/2/1 3661/2/1 3695/2/1
f 3697/1/1 3664/1/1 3663/1/1
f 3697/2/1 3663/2/1 3662/2/1
f 3698/3/1 3665/3/1 3664/3/1
f 3698/1/1 3664/1/1 3697/1/1
f 3699/3/1 3630/3/1 3665/3/1
f 3699/3/1 3665/3/1 3698/3/1
f 3700/2/1 3666/2/1 3630/2/1
f 3700/3/1 3630/3/1 3699/3/1
f 3701/3/1 3668/3/1 3667/3/1
f 3701/2/1 3666/2/1 3700/2/1
f 3701/3/1 3667/3/1 3666/3/1
f 3701/3/1 3669/3/1 3668/3/1
f 3702/3/1 3669/3/1 3701/3/1
f 3703/3/1 3669/3/1 3702/3/1
f 3704/1/1 3670/1/1 3669/1/1
f 3704/3/1 3669/3/1 3703/3/1
f 3704/1/1 3672/1/1 3671/1/1
f 3704/1/1 3671/1/1 3670/1/1
f 3705/1/1 3672/1/1 3704/1/1
f 3706/3/1 3636/3/1 3672/3/1
f 3706/1/1 3672/1/1 3705/1/1
f 3707/1/1 3637/1/1 3636/1/1
f 3707/3/1 3636/3/1 3706/3/1
f 3708/2/1 3673/2/1 3637/2/1
f 3708/3/1 3674/3/1 3673/3/1
f 3709/1/1 3639/1/1 3674/1/1
f 3709/3/1 3674/3/1 3708/3/1
f 3710/2/1 3675/2/1 3639/2/1
f 3710/1/1 3639/1/1 3709/1/1
f 3711/3/1 3676/3/1 3675/3/1
f 3711/2/1 3675/2/1 3710/2/1
f 3712/1/1 3677/1/1 3676/1/1
f 3712/3/1 3676/3/1 3711/3/1
f 3713/2/1 3679/2/1 3678/2/1
f 3713/1/1 3677/1/1 3712/1/1
f 3713/2/1 3678/2/1 3677/2/1
f 3714/2/1 3679/2/1 3713/2/1
f 3715/1/1 3680/1/1 3679/1/1
f 3715/2/1 3679/2/1 3714/2/1
f 3716/3/1 3681/3/1 3680/3/1
f 3716/1/1 3680/1/1 3715/1/1
f 3717/1/1 3682/1/1 3681/1/1
f 3717/3/1 3681/3/1 3716/3/1
f 3718/3/1 3646/3/1 3682/3/1
f 3718/1/1 3682/1/1 3717/1/1
f 3719/2/1 3614/2/1 3646/2/1
f 3719/3/1 3646/3/1 3718/3/1
f 3720/3/1 3647/3/1 3614/3/1
f 3720/2/1 3614/2/1 3719/2/1
f 3721/1/1 3683/1/1 3647/1/1
f 3721/3/1 3647/3/1 3720/3/1
f 3721/1/1 3685/1/1 3684/1/1
f 3721/1/1 3684/1/1 3683/1/1
f 3722/1/1 3685/1/1 3721/1/1
f 3723/1/1 3685/1/1 3722/1/1
f 3724/1/1 3685/1/1 3723/1/1
f 3725/2/1 3652/2/1 3686/2/1
f 3726/3/1 3687/3/1 3652/3/1
f 3726/2/1 3652/2/1 3725/2/1
f 3726/3/1 3688/3/1 3687/3/1
f 3727/3/1 3688/3/1 3726/3/1
f 3728/1/1 3689/1/1 3688/1/1
f 3728/3/1 3688/3/1 3727/3/1
f 3729/2/1 3690/2/1 3689/2/1
f 3729/1/1 3689/1/1 3728/1/1
f 3730/2/1 3690/2/1 3729/2/1
f 3731/1/1 3691/1/1 3690/1/1
f 3731/2/1 3690/2/1 3730/2/1
f 3732/3/1 3692/3/1 3691/3/1
f 3732/1/1 3691/1/1 3731/1/1
f 3733/2/1 3694/2/1 3693/2/1
f 3733/3/1 3692/3/1 3732/3/1
f 3733/2/1 3693/2/1 3692/2/1
f 3734/2/1 3694/2/1 3733/2/1
f 3735/1/1 3695/1/1 3694/1/1
f 3735/1/1 3696/1/1 3695/1/1
f 3736/1/1 3662/1/1 3696/1/1
f 3736/1/1 3696/1/1 3735/1/1
f 3737/2/1 3698/2/1 3697/2/1
f 3737/1/1 3662/1/1 3736/1/1
f 3737/2/1 3697/2/1 3662/2/1
f 3737/2/1 3699/2/1 3698/2/1
f 3738/2/1 3699/2/1 3737/2/1
f 3739/2/1 3699/2/1 3738/2/1
f 3740/1/1 3700/1/1 3699/1/1
f 3740/2/1 3699/2/1 3739/2/1
f 3740/1/1 3702/1/1 3701/1/1
f 3740/1/1 3701/1/1 3700/1/1
f 3741/1/1 3702/1/1 3740/1/1
f 3742/1/1 3702/1/1 3741/1/1
f 3743/3/1 3703/3/1 3702/3/1
f 3743/1/1 3702/1/1 3742/1/1
f 3744/2/1 3705/2/1 3704/2/1
f 3744/3/1 3703/3/1 3743/3/1
f 3744/2/1 3704/2/1 3703/2/1
f 3745/2/1 3705/2/1 3744/2/1
f 3746/2/1 3705/2/1 3745/2/1
f 3747/1/1 3706/1/1 3705/1/1
f 3747/2/1 3705/2/1 3746/2/1
f 3748/2/1 3707/2/1 3706/2/1
f 3748/1/1 3706/1/1 3747/1/1
f 3749/1/1 3637/1/1 3707/1/1
f 3749/2/1 3707/2/1 3748/2/1
f 3750/2/1 3708/2/1 3637/2/1
f 3750/1/1 3637/1/1 3749/1/1
f 3751/1/1 3709/1/1 3708/1/1
f 3751/2/1 3708/2/1 3750/2/1
f 3752/3/1 3710/3/1 3709/3/1
f 3752/1/1 3709/1/1 3751/1/1
f 3753/2/1 3712/2/1 3711/2/1
f 3753/3/1 3710/3/1 3752/3/1
f 3753/2/1 3711/2/1 3710/2/1
f 3754/2/1 3712/2/1 3753/2/1
f 3755/3/1 3713/3/1 3712/3/1
f 3755/2/1 3712/2/1 3754/2/1
f 3755/3/1 3714/3/1 3713/3/1
f 3756/3/1 3714/3/1 3755/3/1
f 3757/2/1 3715/2/1 3714/2/1
f 3757/3/1 3714/3/1 3756/3/1
f 3758/3/1 3717/3/1 3716/3/1
f 3758/2/1 3715/2/1 3757/2/1
f 3758/3/1 3716/3/1 3715/3/1
f 3759/2/1 3719/2/1 3718/2/1
f 3759/3/1 3717/3/1 3758/3/1
f 3759/2/1 3720/2/1 3719/2/1
f 3759/2/1 3718/2/1 3717/2/1
f 3760/2/1 3720/2/1 3759/2/1
f 3761/2/1 3720/2/1 3760/2/1
f 3762/1/1 3721/1/1 3720/1/1
f 3762/2/1 3720/2/1 3761/2/1
f 3762/1/1 3722/1/1 3721/1/1
f 3763/3/1 3726/3/1 3725/3/1
f 3764/2/1 3727/2/1 3726/2/1
f 3764/3/1 3726/3/1 3763/3/1
f 3765/1/1 3728/1/1 3727/1/1
f 3765/2/1 3727/2/1 3764/2/1
f 3766/3/1 3729/3/1 3728/3/1
f 3766/1/1 3728/1/1 3765/1/1
f 3767/2/1 3730/2/1 3729/2/1
f 3767/3/1 3729/3/1 3766/3/1
f 3768/1/1 3731/1/1 3730/1/1
f 3768/2/1 3730/2/1 3767/2/1
f 3769/3/1 3732/3/1 3731/3/1
f 3769/1/1 3731/1/1 3768/1/1
f 3770/2/1 3733/2/1 3732/2/1
f 3770/3/1 3732/3/1 3769/3/1
f 3771/3/1 3734/3/1 3733/3/1
f 3771/2/1 3733/2/1 3770/2/1
f 3772/2/1 3694/2/1 3734/2/1
f 3772/3/1 3734/3/1 3771/3/1
f 3773/1/1 3735/1/1 3694/1/1
f 3773/2/1 3694/2/1 3772/2/1
f 3774/2/1 3736/2/1 3735/2/1
f 3774/1/1 3735/1/1 3773/1/1
f 3775/1/1 3737/1/1 3736/1/1
f 3775/2/1 3736/2/1 3774/2/1
f 3776/3/1 3738/3/1 3737/3/1
f 3776/1/1 3737/1/1 3775/1/1
f 3777/1/1 3739/1/1 3738/1/1
f 3777/3/1 3738/3/1 3776/3/1
f 3778/3/1 3740/3/1 3739/3/1
f 3778/1/1 3739/1/1 3777/1/1
f 3779/1/1 3741/1/1 3740/1/1
f 3779/3/1 3740/3/1 3778/3/1
f 3780/2/1 3742/2/1 3741/2/1
f 3780/1/1 3741/1/1 3779/1/1
f 3781/3/1 3743/3/1 3742/3/1
f 3781/2/1 3742/2/1 3780/2/1
f 3782/2/1 3744/2/1 3743/2/1
f 3782/3/1 3743/3/1 3781/3/1
f 3782/2/1 3745/2/1 3744/2/1
f 3783/2/1 3745/2/1 3782/2/1
f 3784/3/1 3746/3/1 3745/3/1
f 3784/2/1 3745/2/1 3783/2/1
f 3785/5/1 3748/5/1 3747/5/1
f 3785/3/1 3746/3/1 3784/3/1
f 3785/5/1 3749/5/1 3748/5/1
f 3785/5/1 3747/5/1 3746/5/1
f 3786/3/1 3750/3/1 3749/3/1
f 3786/5/1 3749/5/1 3785/5/1
f 3787/1/1 3753/1/1 3752/1/1
f 3787/3/1 3750/3/1 3786/3/1
f 3787/1/1 3752/1/1 3751/1/1
f 3787/1/1 3751/1/1 3750/1/1
f 3788/1/1 3753/1/1 3787/1/1
f 3789/3/1 3754/3/1 3753/3/1
f 3789/1/1 3753/1/1 3788/1/1
f 3790/2/1 3755/2/1 3754/2/1
f 3790/3/1 3754/3/1 3789/3/1
f 3791/1/1 3756/1/1 3755/1/1
f 3791/2/1 3755/2/1 3790/2/1
f 3792/3/1 3757/3/1 3756/3/1
f 3792/1/1 3756/1/1 3791/1/1
f 3793/1/1 3758/1/1 3757/1/1
f 3793/3/1 3757/3/1 3792/3/1
f 3793/1/1 3759/1/1 3758/1/1
f 3794/2/1 3760/2/1 3759/2/1
f 3794/1/1 3759/1/1 3793/1/1
f 3795/1/1 3761/1/1 3760/1/1
f 3795/2/1 3760/2/1 3794/2/1
f 3796/3/1 3762/3/1 3761/3/1
f 3796/1/1 3761/1/1 3795/1/1
f 3797/1/1 3722/1/1 3762/1/1
f 3797/3/1 3762/3/1 3796/3/1
f 3798/2/1 3723/2/1 3722/2/1
f 3798/1/1 3722/1/1 3797/1/1
f 3799/4/1 3724/4/1 3723/4/1
f 3799/2/1 3723/2/1 3798/2/1
f 3800/4/1 3724/4/1 3799/4/1
f 3801/5/1 3785/5/1 3784/5/1
f 3801/5/1 3784/5/1 3783/5/1
f 3802/5/1 3785/5/1 3801/5/1
f 3803/5/1 3787/5/1 3786/5/1
f 3803/5/1 3788/5/1 3787/5/1
f 3804/5/1 3788/5/1 3803/5/1
f 3805/5/1 3803/5/1 3802/5/1
f 3806/5/1 3803/5/1 3805/5/1
f 3807/1/2 3808/1/2 3844/1/2
f 3808/3/2 3809/3/2 3845/3/2
f 3844/1/2 3808/1/2 3845/1/2
f 3809/3/2 3810/3/2 3845/3/2
f 3845/3/2 3810/3/2 3846/3/2
f 3810/1/2 3811/1/2 3847/1/2
f 3846/3/2 3810/3/2 3847/3/2
f 3847/1/2 3811/1/2 3848/1/2
f 3811/2/2 3812/2/2 3849/2/2
f 3848/1/2 3811/1/2 3849/1/2
f 3812/2/2 3813/2/2 3849/2/2
f 3813/1/2 3814/1/2 3850/1/2
f 3849/2/2 3813/2/2 3850/2/2
f 3814/3/2 3815/3/2 3851/3/2
f 3850/1/2 3814/1/2 3851/1/2
f 3815/3/2 3816/3/2 3851/3/2
f 3816/3/2 3817/3/2 3851/3/2
f 3851/3/2 3817/3/2 3852/3/2
f 3817/1/2 3818/1/2 3853/1/2
f 3818/2/2 3819/2/2 3853/2/2
f 3819/1/2 3820/1/2 3854/1/2
f 3853/2/2 3819/2/2 3854/2/2
f 3820/2/2 3821/2/2 3855/2/2
f 3854/1/2 3820/1/2 3855/1/2
f 3821/3/2 3822/3/2 3856/3/2
f 3855/2/2 3821/2/2 3856/2/2
f 3822/3/2 3823/3/2 3856/3/2
f 3856/3/2 3823/3/2 3857/3/2
f 3823/1/2 3824/1/2 3858/1/2
f 3857/3/2 3823/3/2 3858/3/2
f 3858/1/2 3824/1/2 3859/1/2
f 3824/3/2 3825/3/2 3860/3/2
f 3859/1/2 3824/1/2 3860/1/2
f 3825/1/2 3826/1/2 3861/1/2
f 3860/3/2 3825/3/2 3861/3/2
f 3826/1/2 3827/1/2 3861/1/2
f 3827/1/2 3828/1/2 3861/1/2
f 3861/1/2 3828/1/2 3862/1/2
f 3862/1/2 3828/1/2 3863/1/2
f 3863/1/2 3828/1/2 3864/1/2
f 3828/3/2 3829/3/2 3865/3/2
f 3864/1/2 3828/1/2 3865/1/2
f 3829/3/2 3830/3/2 3865/3/2
f 3830/2/2 3831/2/2 3866/2/2
f 3865/3/2 3830/3/2 3866/3/2
f 3831/1/2 3832/1/2 3867/1/2
f 3866/2/2 3831/2/2 3867/2/2
f 3832/2/2 3833/2/2 3868/2/2
f 3867/1/2 3832/1/2 3868/1/2
f 3833/2/2 3834/2/2 3868/2/2
f 3868/2/2 3834/2/2 3869/2/2
f 3834/1/2 3835/1/2 3870/1/2
f 3869/2/2 3834/2/2 3870/2/2
f 3835/1/2 3836/1/2 3870/1/2
f 3870/1/2 3836/1/2 3871/1/2
f 3836/2/2 3837/2/2 3872/2/2
f 3871/1/2 3836/1/2 3872/1/2
f 3837/1/2 3838/1/2 3873/1/2
f 3872/2/2 3837/2/2 3873/2/2
f 3838/2/2 3839/2/2 3874/2/2
f 3839/2/2 3840/2/2 3874/2/2
f 3874/2/2 3840/2/2 3875/2/2
f 3840/1/2 3841/1/2 3876/1/2
f 3875/2/2 3840/2/2 3876/2/2
f 3841/2/2 3842/2/2 3877/2/2
f 3876/1/2 3841/1/2 3877/1/2
f 3842/3/2 3843/3/2 3878/3/2
f 3877/2/2 3842/2/2 3878/2/2
f 3878/3/2 3843/3/2 3879/3/2
f 3844/2/2 3845/2/2 3880/2/2
f 3845/3/2 3846/3/2 3881/3/2
f 3846/1/2 3847/1/2 3881/1/2
f 3847/2/2 3848/2/2 3882/2/2
f 3881/1/2 3847/1/2 3882/1/2
f 3848/3/2 3849/3/2 3883/3/2
f 3882/2/2 3848/2/2 3883/2/2
f 3849/1/2 3850/1/2 3884/1/2
f 3883/3/2 3849/3/2 3884/3/2
f 3884/1/2 3850/1/2 3885/1/2
f 3851/2/2 3852/2/2 3886/2/2
f 3885/1/2 3850/1/2 3886/1/2
f 3850/2/2 3851/2/2 3886/2/2
f 3852/3/2 3817/3/2 3887/3/2
f 3886/2/2 3852/2/2 3887/2/2
f 3887/3/2 3817/3/2 3888/3/2
f 3817/1/2 3853/1/2 3889/1/2
f 3888/3/2 3817/3/2 3889/3/2
f 3853/1/2 3854/1/2 3889/1/2
f 3889/1/2 3854/1/2 3890/1/2
f 3854/2/2 3855/2/2 3891/2/2
f 3890/1/2 3854/1/2 3891/1/2
f 3855/1/2 3856/1/2 3892/1/2
f 3891/2/2 3855/2/2 3892/2/2
f 3856/3/2 3857/3/2 3893/3/2
f 3892/1/2 3856/1/2 3893/1/2
f 3858/1/2 3859/1/2 3894/1/2
f 3893/3/2 3857/3/2 3894/3/2
f 3857/1/2 3858/1/2 3894/1/2
f 3894/1/2 3859/1/2 3895/1/2
f 3859/2/2 3860/2/2 3896/2/2
f 3895/1/2 3859/1/2 3896/1/2
f 3861/1/2 3862/1/2 3897/1/2
f 3896/2/2 3860/2/2 3897/2/2
f 3860/1/2 3861/1/2 3897/1/2
f 3897/1/2 3862/1/2 3898/1/2
f 3862/3/2 3863/3/2 3899/3/2
f 3898/1/2 3862/1/2 3899/1/2
f 3863/2/2 3864/2/2 3900/2/2
f 3899/3/2 3863/3/2 3900/3/2
f 3864/3/2 3865/3/2 3901/3/2
f 3900/2/2 3864/2/2 3901/2/2
f 3865/2/2 3866/2/2 3902/2/2
f 3901/3/2 3865/3/2 3902/3/2
f 3902/2/2 3866/2/2 3903/2/2
f 3866/3/2 3867/3/2 3904/3/2
f 3903/2/2 3866/2/2 3904/2/2
f 3867/2/2 3868/2/2 3905/2/2
f 3904/3/2 3867/3/2 3905/3/2
f 3868/1/2 3869/1/2 3906/1/2
f 3905/2/2 3868/2/2 3906/2/2
f 3870/3/2 3871/3/2 3907/3/2
f 3906/1/2 3869/1/2 3907/1/2
f 3869/3/2 3870/3/2 3907/3/2
f 3907/3/2 3871/3/2 3908/3/2
f 3871/1/2 3872/1/2 3909/1/2
f 3908/3/2 3871/3/2 3909/3/2
f 3872/1/2 3873/1/2 3909/1/2
f 3873/1/2 3838/1/2 3910/1/2
f 3909/1/2 3873/1/2 3910/1/2
f 3910/1/2 3838/1/2 3911/1/2
f 3838/2/2 3874/2/2 3912/2/2
f 3911/1/2 3838/1/2 3912/1/2
f 3912/2/2 3874/2/2 3913/2/2
f 3874/1/2 3875/1/2 3914/1/2
f 3913/2/2 3874/2/2 3914/2/2
f 3876/3/2 3877/3/2 3915/3/2
f 3914/1/2 3875/1/2 3915/1/2
f 3875/3/2 3876/3/2 3915/3/2
f 3915/3/2 3877/3/2 3916/3/2
f 3880/2/2 3845/2/2 3917/2/2
f 3881/3/2 3882/3/2 3918/3/2
f 3882/3/2 3883/3/2 3918/3/2
f 3883/3/2 3884/3/2 3918/3/2
f 3918/3/2 3884/3/2 3919/3/2
f 3885/3/2 3886/3/2 3920/3/2
f 3884/2/2 3885/2/2 3920/2/2
f 3887/1/2 3888/1/2 3921/1/2
f 3920/3/2 3886/3/2 3921/3/2
f 3886/1/2 3887/1/2 3921/1/2
f 3921/1/2 3888/1/2 3922/1/2
f 3922/1/2 3888/1/2 3923/1/2
f 3923/1/2 3888/1/2 3924/1/2
f 3893/2/2 3894/2/2 3928/2/2
f 3894/3/2 3895/3/2 3929/3/2
f 3928/2/2 3894/2/2 3929/2/2
f 3896/3/2 3897/3/2 3930/3/2
f 3895/2/2 3896/2/2 3930/2/2
f 3897/1/2 3898/1/2 3931/1/2
f 3930/3/2 3897/3/2 3931/3/2
f 3898/3/2 3899/3/2 3932/3/2
f 3931/1/2 3898/1/2 3932/1/2
f 3899/1/2 3900/1/2 3933/1/2
f 3932/3/2 3899/3/2 3933/3/2
f 3900/1/2 3901/1/2 3933/1/2
f 3902/1/2 3903/1/2 3933/1/2
f 3901/1/2 3902/1/2 3933/1/2
f 3933/1/2 3903/1/2 3934/1/2
f 3934/1/2 3903/1/2 3935/1/2
f 3935/1/2 3903/1/2 3936/1/2
f 3936/1/2 3903/1/2 3937/1/2
f 3903/3/2 3904/3/2 3938/3/2
f 3937/1/2 3903/1/2 3938/1/2
f 3904/2/2 3905/2/2 3939/2/2
f 3938/3/2 3904/3/2 3939/3/2
f 3905/2/2 3906/2/2 3939/2/2
f 3939/2/2 3906/2/2 3940/2/2
f 3907/3/2 3908/3/2 3941/3/2
f 3940/2/2 3906/2/2 3941/2/2
f 3906/3/2 3907/3/2 3941/3/2
f 3908/2/2 3909/2/2 3942/2/2
f 3941/3/2 3908/3/2 3942/3/2
f 3909/3/2 3910/3/2 3943/3/2
f 3942/2/2 3909/2/2 3943/2/2
f 3910/1/2 3911/1/2 3944/1/2
f 3943/3/2 3910/3/2 3944/3/2
f 3911/3/2 3912/3/2 3945/3/2
f 3944/1/2 3911/1/2 3945/1/2
f 3912/2/2 3913/2/2 3946/2/2
f 3945/3/2 3912/3/2 3946/3/2
f 3913/3/2 3914/3/2 3947/3/2
f 3946/2/2 3913/2/2 3947/2/2
f 3914/3/2 3915/3/2 3947/3/2
f 3947/3/2 3915/3/2 3948/3/2
f 3915/2/2 3916/2/2 3949/2/2
f 3948/3/2 3915/3/2 3949/3/2
f 3916/3/2 3877/3/2 3950/3/2
f 3949/2/2 3916/2/2 3950/2/2
f 3877/1/2 3878/1/2 3951/1/2
f 3950/3/2 3877/3/2 3951/3/2
f 3878/1/2 3879/1/2 3951/1/2
f 3951/1/2 3879/1/2 3952/1/2
f 3952/1/2 3879/1/2 3953/1/2
f 3917/2/2 3845/2/2 3954/2/2
f 3845/3/2 3881/3/2 3955/3/2
f 3954/2/2 3845/2/2 3955/2/2
f 3881/3/2 3918/3/2 3955/3/2
f 3955/3/2 3918/3/2 3956/3/2
f 3918/2/2 3919/2/2 3957/2/2
f 3956/3/2 3918/3/2 3957/3/2
f 3919/3/2 3884/3/2 3958/3/2
f 3957/2/2 3919/2/2 3958/2/2
f 3884/2/2 3920/2/2 3959/2/2
f 3958/3/2 3884/3/2 3959/3/2
f 3920/2/2 3921/2/2 3959/2/2
f 3921/2/2 3922/2/2 3959/2/2
f 3959/2/2 3922/2/2 3960/2/2
f 3922/1/2 3923/1/2 3961/1/2
f 3960/2/2 3922/2/2 3961/2/2
f 3923/3/2 3924/3/2 3962/3/2
f 3961/1/2 3923/1/2 3962/1/2
f 3924/2/2 3925/2/2 3963/2/2
f 3962/3/2 3924/3/2 3963/3/2
f 3925/3/2 3926/3/2 3964/3/2
f 3963/2/2 3925/2/2 3964/2/2
f 3926/1/2 3927/1/2 3965/1/2
f 3964/3/2 3926/3/2 3965/3/2
f 3965/1/2 3927/1/2 3966/1/2
f 3927/2/2 3928/2/2 3967/2/2
f 3928/3/2 3929/3/2 3967/3/2
f 3929/3/2 3895/3/2 3968/3/2
f 3967/3/2 3929/3/2 3968/3/2
f 3930/2/2 3931/2/2 3969/2/2
f 3968/3/2 3895/3/2 3969/3/2
f 3895/2/2 3930/2/2 3969/2/2
f 3931/2/2 3932/2/2 3969/2/2
f 3932/1/2 3933/1/2 3970/1/2
f 3969/2/2 3932/2/2 3970/2/2
f 3933/3/2 3934/3/2 3971/3/2
f 3970/1/2 3933/1/2 3971/1/2
f 3934/1/2 3935/1/2 3972/1/2
f 3971/3/2 3934/3/2 3972/3/2
f 3935/2/2 3936/2/2 3973/2/2
f 3972/1/2 3935/1/2 3973/1/2
f 3936/3/2 3937/3/2 3974/3/2
f 3973/2/2 3936/2/2 3974/2/2
f 3937/1/2 3938/1/2 3975/1/2
f 3974/3/2 3937/3/2 3975/3/2
f 3938/2/2 3939/2/2 3976/2/2
f 3975/1/2 3938/1/2 3976/1/2
f 3939/1/2 3940/1/2 3977/1/2
f 3940/3/2 3941/3/2 3977/3/2
f 3941/1/2 3942/1/2 3978/1/2
f 3977/3/2 3941/3/2 3978/3/2
f 3942/3/2 3943/3/2 3979/3/2
f 3978/1/2 3942/1/2 3979/1/2
f 3943/1/2 3944/1/2 3980/1/2
f 3979/3/2 3943/3/2 3980/3/2
f 3980/1/2 3944/1/2 3981/1/2
f 3944/3/2 3945/3/2 3982/3/2
f 3981/1/2 3944/1/2 3982/1/2
f 3945/2/2 3946/2/2 3983/2/2
f 3982/3/2 3945/3/2 3983/3/2
f 3946/3/2 3947/3/2 3984/3/2
f 3983/2/2 3946/2/2 3984/2/2
f 3947/1/2 3948/1/2 3985/1/2
f 3984/3/2 3947/3/2 3985/3/2
f 3948/3/2 3949/3/2 3986/3/2
f 3985/1/2 3948/1/2 3986/1/2
f 3949/3/2 3950/3/2 3986/3/2
f 3950/2/2 3951/2/2 3987/2/2
f 3986/3/2 3950/3/2 3987/3/2
f 3951/3/2 3952/3/2 3988/3/2
f 3987/2/2 3951/2/2 3988/2/2
f 3955/1/2 3956/1/2 3989/1/2
f 3954/1/2 3955/1/2 3989/1/2
f 3956/2/2 3957/2/2 3990/2/2
f 3989/1/2 3956/1/2 3990/1/2
f 3957/1/2 3958/1/2 3991/1/2
f 3990/2/2 3957/2/2 3991/2/2
f 3958/3/2 3959/3/2 3992/3/2
f 3991/1/2 3958/1/2 3992/1/2
f 3959/1/2 3960/1/2 3993/1/2
f 3992/3/2 3959/3/2 3993/3/2
f 3962/3/2 3963/3/2 3994/3/2
f 3993/1/2 3960/1/2 3994/1/2
f 3961/3/2 3962/3/2 3994/3/2
f 3960/3/2 3961/3/2 3994/3/2
f 3963/1/2 3964/1/2 3995/1/2
f 3994/3/2 3963/3/2 3995/3/2
f 3964/2/2 3965/2/2 3996/2/2
f 3995/1/2 3964/1/2 3996/1/2
f 3965/3/2 3966/3/2 3997/3/2
f 3996/2/2 3965/2/2 3997/2/2
f 3966/1/2 3927/1/2 3998/1/2
f 3997/3/2 3966/3/2 3998/3/2
f 3927/2/2 3967/2/2 3999/2/2
f 3998/1/2 3927/1/2 3999/1/2
f 3967/2/2 3968/2/2 3999/2/2
f 3968/1/2 3969/1/2 4000/1/2
f 3999/2/2 3968/2/2 4000/2/2
f 3969/2/2 3970/2/2 4001/2/2
f 4000/1/2 3969/1/2 4001/1/2
f 3970/3/2 3971/3/2 4002/3/2
f 4001/2/2 3970/2/2 4002/2/2
f 3971/1/2 3972/1/2 4003/1/2
f 4002/3/2 3971/3/2 4003/3/2
f 3972/3/2 3973/3/2 4004/3/2
f 4003/1/2 3972/1/2 4004/1/2
f 3973/5/2 3974/5/2 4005/5/2
f 4004/3/2 3973/3/2 4005/3/2
f 3975/5/2 3976/5/2 4005/5/2
f 3974/5/2 3975/5/2 4005/5/2
f 3976/2/2 3939/2/2 4006/2/2
f 4005/5/2 3976/5/2 4006/5/2
f 3939/1/2 3977/1/2 4007/1/2
f 4006/2/2 3939/2/2 4007/2/2
f 3977/1/2 3978/1/2 4007/1/2
f 4007/1/2 3978/1/2 4008/1/2
f 3978/3/2 3979/3/2 4009/3/2
f 4008/1/2 3978/1/2 4009/1/2
f 3979/2/2 3980/2/2 4010/2/2
f 4009/3/2 3979/3/2 4010/3/2
f 3980/3/2 3981/3/2 4011/3/2
f 4010/2/2 3980/2/2 4011/2/2
f 3981/1/2 3982/1/2 4012/1/2
f 4011/3/2 3981/3/2 4012/3/2
f 3982/1/2 3983/1/2 4012/1/2
f 3983/3/2 3984/3/2 4013/3/2
f 4012/1/2 3983/1/2 4013/1/2
f 3984/1/2 3985/1/2 4014/1/2
f 4013/3/2 3984/3/2 4014/3/2
f 3985/3/2 3986/3/2 4015/3/2
f 4014/1/2 3985/1/2 4015/1/2
f 3986/3/2 3987/3/2 4015/3/2
f 3987/1/2 3988/1/2 4016/1/2
f 4015/3/2 3987/3/2 4016/3/2
f 3988/3/2 3952/3/2 4017/3/2
f 4016/1/2 3988/1/2 4017/1/2
f 3952/4/2 3953/4/2 4018/4/2
f 4017/3/2 3952/3/2 4018/3/2
f 4018/4/2 3953/4/2 4019/4/2
f 4004/5/2 4005/5/2 4020/5/2
f 4003/5/2 4004/5/2 4020/5/2
f 4020/5/2 4005/5/2 4021/5/2
f 4007/5/2 4008/5/2 4022/5/2
f 4006/5/2 4007/5/2 4022/5/2
f 4022/5/2 4008/5/2 4023/5/2
f 4021/5/2 4022/5/2 4024/5/2
f 4024/5/2 4022/5/2 4025/5/2
f 4026/2/2 4027/2/2 4058/2/2
f 4027/3/2 4028/3/2 4059/3/2
f 4058/2/2 4027/2/2 4059/2/2
f 4028/1/2 4029/1/2 4060/1/2
f 4059/3/2 4028/3/2 4060/3/2
f 4060/1/2 4029/1/2 4061/1/2
f 4029/2/2 4030/2/2 4062/2/2
f 4061/1/2 4029/1/2 4062/1/2
f 4030/1/2 4031/1/2 4063/1/2
f 4062/2/2 4030/2/2 4063/2/2
f 4031/1/2 4032/1/2 4063/1/2
f 4032/2/2 4033/2/2 4064/2/2
f 4063/1/2 4032/1/2 4064/1/2
f 4033/1/2 4034/1/2 4065/1/2
f 4064/2/2 4033/2/2 4065/2/2
f 4034/3/2 4035/3/2 4066/3/2
f 4065/1/2 4034/1/2 4066/1/2
f 4035/1/2 4036/1/2 4067/1/2
f 4066/3/2 4035/3/2 4067/3/2
f 4067/1/2 4036/1/2 4068/1/2
f 4036/3/2 4037/3/2 4069/3/2
f 4068/1/2 4036/1/2 4069/1/2
f 4037/2/2 4038/2/2 4070/2/2
f 4069/3/2 4037/3/2 4070/3/2
f 4038/1/2 4039/1/2 4071/1/2
f 4070/2/2 4038/2/2 4071/2/2
f 4071/1/2 4039/1/2 4072/1/2
f 4072/1/2 4039/1/2 4073/1/2
f 4039/3/2 4040/3/2 4074/3/2
f 4073/1/2 4039/1/2 4074/1/2
f 4074/3/2 4040/3/2 4075/3/2
f 4040/1/2 4041/1/2 4076/1/2
f 4075/3/2 4040/3/2 4076/3/2
f 4041/1/2 4042/1/2 4076/1/2
f 4042/1/2 4043/1/2 4076/1/2
f 4076/1/2 4043/1/2 4077/1/2
f 4077/1/2 4043/1/2 4078/1/2
f 4043/2/2 4044/2/2 4079/2/2
f 4078/1/2 4043/1/2 4079/1/2
f 4044/1/2 4045/1/2 4080/1/2
f 4079/2/2 4044/2/2 4080/2/2
f 4080/1/2 4045/1/2 4081/1/2
f 4045/2/2 4046/2/2 4082/2/2
f 4081/1/2 4045/1/2 4082/1/2
f 4046/1/2 4047/1/2 4083/1/2
f 4082/2/2 4046/2/2 4083/2/2
f 4047/2/2 4048/2/2 4084/2/2
f 4083/1/2 4047/1/2 4084/1/2
f 4048/3/2 4049/3/2 4085/3/2
f 4084/2/2 4048/2/2 4085/2/2
f 4049/2/2 4050/2/2 4086/2/2
f 4085/3/2 4049/3/2 4086/3/2
f 4050/1/2 4051/1/2 4087/1/2
f 4086/2/2 4050/2/2 4087/2/2
f 4087/1/2 4051/1/2 4088/1/2
f 4051/2/2 4052/2/2 4089/2/2
f 4088/1/2 4051/1/2 4089/1/2
f 4052/3/2 4053/3/2 4090/3/2
f 4089/2/2 4052/2/2 4090/2/2
f 4053/2/2 4054/2/2 4091/2/2
f 4090/3/2 4053/3/2 4091/3/2
f 4054/3/2 4055/3/2 4092/3/2
f 4091/2/2 4054/2/2 4092/2/2
f 4055/1/2 4056/1/2 4093/1/2
f 4092/3/2 4055/3/2 4093/3/2
f 4056/3/2 4057/3/2 4094/3/2
f 4093/1/2 4056/1/2 4094/1/2
f 4094/3/2 4057/3/2 4095/3/2
f 4060/2/2 4061/2/2 4096/2/2
f 4059/2/2 4060/2/2 4096/2/2
f 4061/3/2 4062/3/2 4097/3/2
f 4096/2/2 4061/2/2 4097/2/2
f 4062/3/2 4063/3/2 4097/3/2
f 4063/3/2 4064/3/2 4097/3/2
f 4064/3/2 4065/3/2 4097/3/2
f 4065/3/2 4066/3/2 4097/3/2
f 4097/3/2 4066/3/2 4098/3/2
f 4098/3/2 4066/3/2 4099/3/2
f 4099/3/2 4066/3/2 4100/3/2
f 4100/3/2 4066/3/2 4101/3/2
f 4066/1/2 4067/1/2 4102/1/2
f 4101/3/2 4066/3/2 4102/3/2
f 4067/3/2 4068/3/2 4103/3/2
f 4102/1/2 4067/1/2 4103/1/2
f 4068/1/2 4069/1/2 4104/1/2
f 4103/3/2 4068/3/2 4104/3/2
f 4069/1/2 4070/1/2 4104/1/2
f 4104/1/2 4070/1/2 4105/1/2
f 4072/3/2 4073/3/2 4106/3/2
f 4071/2/2 4072/2/2 4106/2/2
f 4073/2/2 4074/2/2 4107/2/2
f 4106/3/2 4073/3/2 4107/3/2
f 4074/3/2 4075/3/2 4108/3/2
f 4075/2/2 4076/2/2 4108/2/2
f 4108/2/2 4076/2/2 4109/2/2
f 4076/1/2 4077/1/2 4110/1/2
f 4109/2/2 4076/2/2 4110/2/2
f 4077/3/2 4078/3/2 4111/3/2
f 4110/1/2 4077/1/2 4111/1/2
f 4079/1/2 4080/1/2 4112/1/2
f 4111/3/2 4078/3/2 4112/3/2
f 4078/1/2 4079/1/2 4112/1/2
f 4112/1/2 4080/1/2 4113/1/2
f 4113/1/2 4080/1/2 4114/1/2
f 4080/2/2 4081/2/2 4115/2/2
f 4114/1/2 4080/1/2 4115/1/2
f 4081/3/2 4082/3/2 4116/3/2
f 4115/2/2 4081/2/2 4116/2/2
f 4082/1/2 4083/1/2 4117/1/2
f 4116/3/2 4082/3/2 4117/3/2
f 4083/3/2 4084/3/2 4118/3/2
f 4117/1/2 4083/1/2 4118/1/2
f 4086/1/2 4087/1/2 4119/1/2
f 4118/3/2 4084/3/2 4119/3/2
f 4084/1/2 4085/1/2 4119/1/2
f 4085/1/2 4086/1/2 4119/1/2
f 4119/1/2 4087/1/2 4120/1/2
f 4120/1/2 4087/1/2 4121/1/2
f 4087/2/2 4088/2/2 4122/2/2
f 4121/1/2 4087/1/2 4122/1/2
f 4088/3/2 4089/3/2 4123/3/2
f 4122/2/2 4088/2/2 4123/2/2
f 4089/1/2 4090/1/2 4124/1/2
f 4123/3/2 4089/3/2 4124/3/2
f 4090/1/2 4091/1/2 4124/1/2
f 4091/1/2 4092/1/2 4124/1/2
f 4124/1/2 4092/1/2 4125/1/2
f 4125/1/2 4092/1/2 4126/1/2
f 4092/2/2 4093/2/2 4127/2/2
f 4126/1/2 4092/1/2 4127/1/2
f 4093/3/2 4094/3/2 4128/3/2
f 4127/2/2 4093/2/2 4128/2/2
f 4094/2/2 4095/2/2 4129/2/2
f 4058/3/2 4059/3/2 4130/3/2
f 4059/2/2 4096/2/2 4131/2/2
f 4130/3/2 4059/3/2 4131/3/2
f 4096/1/2 4097/1/2 4132/1/2
f 4131/2/2 4096/2/2 4132/2/2
f 4132/1/2 4097/1/2 4133/1/2
f 4101/3/2 4102/3/2 4137/3/2
f 4103/2/2 4104/2/2 4138/2/2
f 4102/2/2 4103/2/2 4138/2/2
f 4137/3/2 4102/3/2 4138/3/2
f 4104/2/2 4105/2/2 4138/2/2
f 4105/1/2 4070/1/2 4139/1/2
f 4138/2/2 4105/2/2 4139/2/2
f 4070/3/2 4071/3/2 4140/3/2
f 4139/1/2 4070/1/2 4140/1/2
f 4071/2/2 4106/2/2 4141/2/2
f 4140/3/2 4071/3/2 4141/3/2
f 4106/1/2 4107/1/2 4142/1/2
f 4141/2/2 4106/2/2 4142/2/2
f 4107/2/2 4074/2/2 4143/2/2
f 4142/1/2 4107/1/2 4143/1/2
f 4074/3/2 4108/3/2 4144/3/2
f 4143/2/2 4074/2/2 4144/2/2
f 4108/1/2 4109/1/2 4145/1/2
f 4144/3/2 4108/3/2 4145/3/2
f 4145/1/2 4109/1/2 4146/1/2
f 4114/3/2 4115/3/2 4150/3/2
f 4115/3/2 4116/3/2 4150/3/2
f 4116/2/2 4117/2/2 4151/2/2
f 4150/3/2 4116/3/2 4151/3/2
f 4117/1/2 4118/1/2 4152/1/2
f 4151/2/2 4117/2/2 4152/2/2
f 4118/2/2 4119/2/2 4153/2/2
f 4152/1/2 4118/1/2 4153/1/2
f 4119/3/2 4120/3/2 4154/3/2
f 4153/2/2 4119/2/2 4154/2/2
f 4120/2/2 4121/2/2 4155/2/2
f 4154/3/2 4120/3/2 4155/3/2
f 4121/1/2 4122/1/2 4156/1/2
f 4155/2/2 4121/2/2 4156/2/2
f 4156/1/2 4122/1/2 4157/1/2
f 4127/1/2 4128/1/2 4161/1/2
f 4128/3/2 4094/3/2 4162/3/2
f 4161/1/2 4128/1/2 4162/1/2
f 4094/2/2 4129/2/2 4163/2/2
f 4162/3/2 4094/3/2 4163/3/2
f 4163/2/2 4129/2/2 4164/2/2
f 4161/4/2 4162/4/2 4165/4/2
f 4160/4/2 4161/4/2 4165/4/2
f 4163/4/2 4164/4/2 4165/4/2
f 4162/4/2 4163/4/2 4165/4/2
f 4159/4/2 4160/4/2 4165/4/2
f 4158/4/2 4159/4/2 4165/4/2
f 4157/4/2 4158/4/2 4165/4/2
f 4156/4/2 4157/4/2 4165/4/2
f 4155/4/2 4156/4/2 4165/4/2
f 4150/4/2 4151/4/2 4165/4/2
f 4146/4/2 4147/4/2 4165/4/2
f 4145/4/2 4146/4/2 4165/4/2
f 4144/4/2 4145/4/2 4165/4/2
f 4133/4/2 4134/4/2 4165/4/2
f 4132/4/2 4133/4/2 4165/4/2
f 4131/4/2 4132/4/2 4165/4/2
f 4154/4/2 4155/4/2 4165/4/2
f 4153/4/2 4154/4/2 4165/4/2
f 4152/4/2 4153/4/2 4165/4/2
f 4151/4/2 4152/4/2 4165/4/2
f 4149/4/2 4150/4/2 4165/4/2
f 4147/4/2 4148/4/2 4165/4/2
f 4148/4/2 4149/4/2 4165/4/2
f 4138/4/2 4139/4/2 4165/4/2
f 4142/4/2 4143/4/2 4165/4/2
f 4140/4/2 4141/4/2 4165/4/2
f 4134/4/2 4135/4/2 4165/4/2
f 4139/4/2 4140/4/2 4165/4/2
f 4141/4/2 4142/4/2 4165/4/2
f 4137/4/2 4138/4/2 4165/4/2
f 4130/4/2 4131/4/2 4165/4/2
f 4136/4/2 4137/4/2 4165/4/2
f 4135/4/2 4136/4/2 4165/4/2
f 4143/4/2 4144/4/2 4165/4/2
f 4165/4/2 4164/4/2 4166/4/2
f 4166/4/2 4164/4/2 4167/4/2
f 4167/4/2 4164/4/2 4168/4/2
f 4168/4/2 4164/4/2 4169/4/2
f 4169/4/2 4164/4/2 4170/4/2
f 4170/4/2 4164/4/2 4171/4/2
f 4171/4/2 4164/4/2 4172/4/2
f 4172/4/2 4164/4/2 4173/4/2
f 4173/4/2 4164/4/2 4174/4/2
f 4174/4/2 4164/4/2 4175/4/2
f 4175/4/2 4164/4/2 4176/4/2
f 4176/4/2 4164/4/2 4177/4/2
f 4177/4/2 4164/4/2 4178/4/2
f 4178/4/2 4164/4/2 4179/4/2
f 4179/4/2 4164/4/2 4180/4/2
f 4180/4/2 4164/4/2 4181/4/2
f 4181/4/2 4164/4/2 4182/4/2
f 4182/4/2 4164/4/2 4183/4/2
f 4183/4/2 4164/4/2 4184/4/2
f 4184/4/2 4164/4/2 4185/4/2
f 4185/4/2 4164/4/2 4186/4/2
f 4186/4/2 4164/4/2 4187/4/2
f 4187/4/2 4164/4/2 4188/4/2
f 4188/4/2 4164/4/2 4189/4/2
f 4189/4/2 4164/4/2 4190/4/2
f 4165/3/2 4166/3/2 4194/3/2
f 4166/2/2 4167/2/2 4195/2/2
f 4194/3/2 4166/3/2 4195/3/2
f 4167/1/2 4168/1/2 4196/1/2
f 4195/2/2 4167/2/2 4196/2/2
f 4168/2/2 4169/2/2 4197/2/2
f 4196/1/2 4168/1/2 4197/1/2
f 4169/1/2 4170/1/2 4198/1/2
f 4197/2/2 4169/2/2 4198/2/2
f 4170/2/2 4171/2/2 4199/2/2
f 4198/1/2 4170/1/2 4199/1/2
f 4171/3/2 4172/3/2 4200/3/2
f 4199/2/2 4171/2/2 4200/2/2
f 4172/1/2 4173/1/2 4201/1/2
f 4200/3/2 4172/3/2 4201/3/2
f 4173/3/2 4174/3/2 4202/3/2
f 4201/1/2 4173/1/2 4202/1/2
f 4174/1/2 4175/1/2 4203/1/2
f 4202/3/2 4174/3/2 4203/3/2
f 4175/2/2 4176/2/2 4204/2/2
f 4203/1/2 4175/1/2 4204/1/2
f 4176/1/2 4177/1/2 4205/1/2
f 4204/2/2 4176/2/2 4205/2/2
f 4177/2/2 4178/2/2 4206/2/2
f 4205/1/2 4177/1/2 4206/1/2
f 4178/1/2 4179/1/2 4207/1/2
f 4206/2/2 4178/2/2 4207/2/2
f 4179/2/2 4180/2/2 4208/2/2
f 4207/1/2 4179/1/2 4208/1/2
f 4180/3/2 4181/3/2 4209/3/2
f 4208/2/2 4180/2/2 4209/2/2
f 4181/1/2 4182/1/2 4210/1/2
f 4209/3/2 4181/3/2 4210/3/2
f 4182/2/2 4183/2/2 4211/2/2
f 4210/1/2 4182/1/2 4211/1/2
f 4183/3/2 4184/3/2 4212/3/2
f 4211/2/2 4183/2/2 4212/2/2
f 4184/2/2 4185/2/2 4213/2/2
f 4212/3/2 4184/3/2 4213/3/2
f 4185/1/2 4186/1/2 4214/1/2
f 4213/2/2 4185/2/2 4214/2/2
f 4186/3/2 4187/3/2 4215/3/2
f 4214/1/2 4186/1/2 4215/1/2
f 4187/1/2 4188/1/2 4216/1/2
f 4215/3/2 4187/3/2 4216/3/2
f 4188/3/2 4189/3/2 4217/3/2
f 4216/1/2 4188/1/2 4217/1/2
f 4189/2/2 4190/2/2 4218/2/2
f 4217/3/2 4189/3/2 4218/3/2
f 4218/2/2 4190/2/2 4219/2/2
f 4192/1/2 4193/1/2 4220/1/2
f 4191/1/2 4192/1/2 4220/1/2
f 4220/1/2 4193/1/2 4221/1/2
f 4220/3/2 4221/3/2 4222/3/2
f 4222/3/2 4221/3/2 4223/3/2
f 4223/3/2 4221/3/2 4224/3/2
f 4222/2/2 4223/2/2 4230/2/2
f 4223/1/2 4224/1/2 4231/1/2
f 4230/2/2 4223/2/2 4231/2/2
f 4231/1/2 4224/1/2 4232/1/2
f 4225/1/2 4226/1/2 4233/1/2
f 4226/2/2 4227/2/2 4234/2/2
f 4233/1/2 4226/1/2 4234/1/2
f 4227/1/2 4228/1/2 4235/1/2
f 4234/2/2 4227/2/2 4235/2/2
f 4228/2/2 4229/2/2 4236/2/2
f 4235/1/2 4228/1/2 4236/1/2
f 4236/2/2 4229/2/2 4237/2/2
f 4219/2/2 4190/2/2 4238/2/2
f 4238/2/2 4190/2/2 4239/2/2
f 4231/4/2 4232/4/2 4240/4/2
f 4230/4/2 4231/4/2 4240/4/2
f 4240/4/2 4232/4/2 4241/4/2
f 4238/4/2 4239/4/2 4242/4/2
f 4242/4/2 4239/4/2 4243/4/2
f 4244/1/2 4245/1/2 4246/1/2
f 4246/1/2 4245/1/2 4247/1/2
f 4247/1/2 4245/1/2 4248/1/2
f 4247/4/2 4248/4/2 4251/4/2
f 4251/4/2 4248/4/2 4252/4/2
f 4249/3/2 4250/3/2 4256/3/2
f 4250/2/2 4251/2/2 4257/2/2
f 4256/3/2 4250/3/2 4257/3/2
f 4251/1/2 4252/1/2 4258/1/2
f 4257/2/2 4251/2/2 4258/2/2
f 4258/1/2 4252/1/2 4259/1/2
f 4254/2/2 4255/2/2 4260/2/2
f 4253/2/2 4254/2/2 4260/2/2
f 4260/2/2 4255/2/2 4261/2/2
f 4261/2/2 4255/2/2 4262/2/2
f 4261/1/2 4262/1/2 4263/1/2
f 4262/2/2 4255/2/2 4264/2/2
f 4263/1/2 4262/1/2 4264/1/2
f 4264/2/2 4255/2/2 4265/2/2
f 4263/4/2 4264/4/2 4266/4/2
f 4264/4/2 4265/4/2 4266/4/2
f 4266/4/2 4265/4/2 4267/4/2
f 4268/3/2 4269/3/2 4270/3/2
f 4270/3/2 4269/3/2 4271/3/2
f 4270/1/2 4271/1/2 4272/1/2
f 4272/1/2 4271/1/2 4273/1/2
f 4272/3/2 4273/3/2 4280/3/2
f 4280/3/2 4273/3/2 4281/3/2
f 4278/4/2 4279/4/2 4282/4/2
f 4274/4/2 4275/4/2 4282/4/2
f 4275/4/2 4276/4/2 4282/4/2
f 4276/4/2 4277/4/2 4282/4/2
f 4277/4/2 4278/4/2 4282/4/2
f 4282/4/2 4279/4/2 4283/4/2
f 4283/4/2 4279/4/2 4284/4/2
f 4284/4/2 4279/4/2 4285/4/2
f 4280/4/2 4281/4/2 4286/4/2
f 4286/4/2 4281/4/2 4287/4/2
f 4282/2/2 4283/2/2 4291/2/2
f 4283/1/2 4284/1/2 4292/1/2
f 4291/2/2 4283/2/2 4292/2/2
f 4292/1/2 4284/1/2 4293/1/2
f 4289/2/2 4290/2/2 4294/2/2
f 4288/2/2 4289/2/2 4294/2/2
f 4294/2/2 4290/2/2 4295/2/2
f 4295/2/2 4290/2/2 4296/2/2
f 4294/3/2 4295/3/2 4297/3/2
f 4295/1/2 4296/1/2 4298/1/2
f 4297/3/2 4295/3/2 4298/3/2
f 4298/1/2 4296/1/2 4299/1/2
f 4298/3/2 4299/3/2 4302/3/2
f 4297/3/2 4298/3/2 4302/3/2
f 4302/3/2 4299/3/2 4303/3/2
f 4300/2/2 4301/2/2 4304/2/2
f 4304/2/2 4301/2/2 4305/2/2
f 4302/4/2 4303/4/2 4306/4/2
f 4306/4/2 4303/4/2 4307/4/2
f 4304/4/2 4305/4/2 4308/4/2
f 4308/4/2 4305/4/2 4309/4/2
f 4310/1/2 4311/1/2 4312/1/2
f 4312/1/2 4311/1/2 4313/1/2
f 4313/2/2 4314/2/2 4315/2/2
f 4315/2/2 4314/2/2 4316/2/2
f 4317/4/2 4318/4/2 4319/4/2
f 4319/4/2 4318/4/2 4320/4/2
f 4320/4/2 4318/4/2 4321/4/2
f 4321/4/2 4318/4/2 4322/4/2
f 4323/1/2 4324/1/2 4325/1/2
f 4325/1/2 4324/1/2 4326/1/2
f 4325/3/2 4326/3/2 4329/3/2
f 4329/3/2 4326/3/2 4330/3/2
f 4327/2/2 4328/2/2 4333/2/2
f 4333/2/2 4328/2/2 4334/2/2
f 4329/1/2 4330/1/2 4335/1/2
f 4335/1/2 4330/1/2 4336/1/2
f 4331/4/2 4332/4/2 4337/4/2
f 4337/4/2 4332/4/2 4338/4/2
f 4335/4/2 4336/4/2 4339/4/2
f 4339/4/2 4336/4/2 4340/4/2
f 4337/1/2 4338/1/2 4344/1/2
f 4344/1/2 4338/1/2 4345/1/2
f 4339/2/2 4340/2/2 4346/2/2
f 4346/2/2 4340/2/2 4347/2/2
f 4341/1/2 4342/1/2 4348/1/2
f 4342/3/2 4343/3/2 4349/3/2
f 4348/1/2 4342/1/2 4349/1/2
f 4349/3/2 4343/3/2 4350/3/2
f 4348/1/2 4349/1/2 4351/1/2
f 4349/2/2 4350/2/2 4352/2/2
f 4351/1/2 4349/1/2 4352/1/2
f 4352/2/2 4350/2/2 4353/2/2
f 4351/1/2 4352/1/2 4356/1/2
f 4352/3/2 4353/3/2 4357/3/2
f 4356/1/2 4352/1/2 4357/1/2
f 4357/3/2 4353/3/2 4358/3/2
f 4354/3/2 4355/3/2 4359/3/2
f 4359/3/2 4355/3/2 4360/3/2
f 4357/4/2 4358/4/2 4361/4/2
f 4356/4/2 4357/4/2 4361/4/2
f 4361/4/2 4358/4/2 4362/4/2
f 4359/4/2 4360/4/2 4363/4/2
f 4363/4/2 4360/4/2 4364/4/2
f 4365/3/2 4366/3/2 4367/3/2
f 4367/3/2 4366/3/2 4368/3/2
f 4368/1/2 4369/1/2 4370/1/2
f 4370/1/2 4369/1/2 4371/1/2
f 4372/4/2 4373/4/2 4374/4/2
f 4374/4/2 4373/4/2 4375/4/2
f 4376/2/2 4377/2/2 4380/2/2
f 4380/2/2 4377/2/2 4381/2/2
f 4381/2/2 4377/2/2 4382/2/2
f 4378/1/2 4379/1/2 4383/1/2
f 4383/1/2 4379/1/2 4384/1/2
f 4380/3/2 4381/3/2 4388/3/2
f 4381/1/2 4382/1/2 4389/1/2
f 4388/3/2 4381/3/2 4389/3/2
f 4389/1/2 4382/1/2 4390/1/2
f 4383/2/2 4384/2/2 4391/2/2
f 4391/2/2 4384/2/2 4392/2/2
f 4385/1/2 4386/1/2 4395/1/2
f 4386/2/2 4387/2/2 4396/2/2
f 4395/1/2 4386/1/2 4396/1/2
f 4387/3/2 4388/3/2 4397/3/2
f 4396/2/2 4387/2/2 4397/2/2
f 4397/3/2 4388/3/2 4398/3/2
f 4389/3/2 4390/3/2 4399/3/2
f 4399/3/2 4390/3/2 4400/3/2
f 4391/1/2 4392/1/2 4401/1/2
f 4401/1/2 4392/1/2 4402/1/2
f 4393/4/2 4394/4/2 4403/4/2
f 4403/4/2 4394/4/2 4404/4/2
f 4404/4/2 4394/4/2 4405/4/2
f 4401/4/2 4402/4/2 4406/4/2
f 4406/4/2 4402/4/2 4407/4/2
f 4403/3/2 4404/3/2 4411/3/2
f 4404/1/2 4405/1/2 4412/1/2
f 4411/3/2 4404/3/2 4412/3/2
f 4412/1/2 4405/1/2 4413/1/2
f 4406/2/2 4407/2/2 4414/2/2
f 4414/2/2 4407/2/2 4415/2/2
f 4408/1/2 4409/1/2 4418/1/2
f 4409/3/2 4410/3/2 4419/3/2
f 4418/1/2 4409/1/2 4419/1/2
f 4419/3/2 4410/3/2 4420/3/2
f 4414/3/2 4415/3/2 4421/3/2
f 4415/3/2 4416/3/2 4421/3/2
f 4421/3/2 4416/3/2 4422/3/2
f 4416/2/2 4417/2/2 4423/2/2
f 4422/3/2 4416/3/2 4423/3/2
f 4423/2/2 4417/2/2 4424/2/2
f 4419/1/2 4420/1/2 4425/1/2
f 4418/1/2 4419/1/2 4425/1/2
f 4425/1/2 4420/1/2 4426/1/2
f 4421/1/2 4422/1/2 4427/1/2
f 4422/2/2 4423/2/2 4428/2/2
f 4427/1/2 4422/1/2 4428/1/2
f 4423/1/2 4424/1/2 4429/1/2
f 4428/2/2 4423/2/2 4429/2/2
f 4418/1/2 4425/1/2 4430/1/2
f 4425/2/2 4426/2/2 4431/2/2
f 4430/1/2 4425/1/2 4431/1/2
f 4431/2/2 4426/2/2 4432/2/2
f 4429/1/2 4424/1/2 4433/1/2
f 4433/1/2 4424/1/2 4434/1/2
f 4431/4/2 4432/4/2 4435/4/2
f 4430/4/2 4431/4/2 4435/4/2
f 4435/4/2 4432/4/2 4436/4/2
f 4433/4/2 4434/4/2 4437/4/2
f 4437/4/2 4434/4/2 4438/4/2
f 4439/1/2 4440/1/2 4441/1/2
f 4441/1/2 4440/1/2 4442/1/2
f 4443/4/2 4444/4/2 4445/4/2
f 4445/4/2 4444/4/2 4446/4/2
f 4447/2/2 4448/2/2 4449/2/2
f 4449/2/2 4448/2/2 4450/2/2
f 4449/1/2 4450/1/2 4453/1/2
f 4453/1/2 4450/1/2 4454/1/2
f 4451/1/2 4452/1/2 4457/1/2
f 4457/1/2 4452/1/2 4458/1/2
f 4455/4/2 4456/4/2 4459/4/2
f 4459/4/2 4456/4/2 4460/4/2
f 4460/4/2 4456/4/2 4461/4/2
f 4459/1/2 4460/1/2 4464/1/2
f 4460/2/2 4461/2/2 4465/2/2
f 4464/1/2 4460/1/2 4465/1/2
f 4465/2/2 4461/2/2 4466/2/2
f 4462/3/2 4463/3/2 4467/3/2
f 4467/3/2 4463/3/2 4468/3/2
f 4467/1/2 4468/1/2 4469/1/2
f 4469/1/2 4468/1/2 4470/1/2
f 4469/4/2 4470/4/2 4471/4/2
f 4471/4/2 4470/4/2 4472/4/2
f 4473/3/2 4474/3/2 4475/3/2
f 4475/3/2 4474/3/2 4476/3/2
f 4475/2/2 4476/2/2 4481/2/2
f 4481/2/2 4476/2/2 4482/2/2
f 4477/3/2 4478/3/2 4486/3/2
f 4478/3/2 4479/3/2 4486/3/2
f 4479/2/2 4480/2/2 4487/2/2
f 4486/3/2 4479/3/2 4487/3/2
f 4487/2/2 4480/2/2 4488/2/2
f 4484/4/2 4485/4/2 4489/4/2
f 4483/4/2 4484/4/2 4489/4/2
f 4489/4/2 4485/4/2 4490/4/2
f 4490/4/2 4485/4/2 4491/4/2
f 4489/3/2 4490/3/2 4495/3/2
f 4490/2/2 4491/2/2 4496/2/2
f 4495/3/2 4490/3/2 4496/3/2
f 4496/2/2 4491/2/2 4497/2/2
f 4492/3/2 4493/3/2 4498/3/2
f 4498/3/2 4493/3/2 4499/3/2
f 4493/2/2 4494/2/2 4500/2/2
f 4499/3/2 4493/3/2 4500/3/2
f 4499/1/2 4500/1/2 4501/1/2
f 4500/2/2 4494/2/2 4502/2/2
f 4501/1/2 4500/1/2 4502/1/2
f 4502/2/2 4494/2/2 4503/2/2
f 4501/4/2 4502/4/2 4504/4/2
f 4502/4/2 4503/4/2 4504/4/2
f 4504/4/2 4503/4/2 4505/4/2
f 4506/2/2 4507/2/2 4508/2/2
f 4508/2/2 4507/2/2 4509/2/2
f 4510/1/2 4511/1/2 4515/1/2
f 4515/1/2 4511/1/2 4516/1/2
f 4512/1/2 4513/1/2 4520/1/2
f 4513/2/2 4514/2/2 4521/2/2
f 4520/1/2 4513/1/2 4521/1/2
f 4521/2/2 4514/2/2 4522/2/2
f 4518/4/2 4519/4/2 4523/4/2
f 4517/4/2 4518/4/2 4523/4/2
f 4523/4/2 4519/4/2 4524/4/2
f 4524/4/2 4519/4/2 4525/4/2
f 4523/2/2 4524/2/2 4529/2/2
f 4524/3/2 4525/3/2 4530/3/2
f 4529/2/2 4524/2/2 4530/2/2
f 4530/3/2 4525/3/2 4531/3/2
f 4526/3/2 4527/3/2 4532/3/2
f 4527/2/2 4528/2/2 4533/2/2
f 4532/3/2 4527/3/2 4533/3/2
f 4533/2/2 4528/2/2 4534/2/2
f 4532/3/2 4533/3/2 4535/3/2
f 4533/3/2 4534/3/2 4535/3/2
f 4535/3/2 4534/3/2 4536/3/2
f 4536/3/2 4534/3/2 4537/3/2
f 4536/4/2 4537/4/2 4538/4/2
f 4538/4/2 4537/4/2 4539/4/2
f 4540/3/2 4541/3/2 4542/3/2
f 4542/3/2 4541/3/2 4545/3/2
f 4545/3/2 4541/3/2 4546/3/2
f 4543/3/2 4544/3/2 4550/3/2
f 4550/3/2 4544/3/2 4551/3/2
f 4548/4/2 4549/4/2 4552/4/2
f 4547/4/2 4548/4/2 4552/4/2
f 4552/4/2 4549/4/2 4553/4/2
f 4553/4/2 4549/4/2 4554/4/2
f 4552/2/2 4553/2/2 4558/2/2
f 4553/3/2 4554/3/2 4559/3/2
f 4558/2/2 4553/2/2 4559/2/2
f 4559/3/2 4554/3/2 4560/3/2
f 4556/1/2 4557/1/2 4561/1/2
f 4555/2/2 4556/2/2 4561/2/2
f 4561/1/2 4557/1/2 4562/1/2
f 4555/2/2 4561/2/2 4563/2/2
f 4561/2/2 4562/2/2 4563/2/2
f 4563/2/2 4562/2/2 4564/2/2
f 4563/3/2 4564/3/2 4565/3/2
f 4565/3/2 4564/3/2 4566/3/2
f 4565/4/2 4566/4/2 4567/4/2
f 4567/4/2 4566/4/2 4568/4/2
f 4569/2/2 4570/2/2 4572/2/2
f 4570/3/2 4571/3/2 4573/3/2
f 4572/2/2 4570/2/2 4573/2/2
f 4573/3/2 4571/3/2 4574/3/2
f 4572/1/2 4573/1/2 4577/1/2
f 4573/1/2 4574/1/2 4577/1/2
f 4577/1/2 4574/1/2 4578/1/2
f 4575/1/2 4576/1/2 4582/1/2
f 4582/1/2 4576/1/2 4583/1/2
f 4580/4/2 4581/4/2 4584/4/2
f 4579/4/2 4580/4/2 4584/4/2
f 4584/4/2 4581/4/2 4585/4/2
f 4585/4/2 4581/4/2 4586/4/2
f 4584/1/2 4585/1/2 4590/1/2
f 4585/3/2 4586/3/2 4591/3/2
f 4590/1/2 4585/1/2 4591/1/2
f 4591/3/2 4586/3/2 4592/3/2
f 4588/1/2 4589/1/2 4593/1/2
f 4587/1/2 4588/1/2 4593/1/2
f 4593/1/2 4589/1/2 4594/1/2
f 4594/1/2 4589/1/2 4595/1/2
f 4594/2/2 4595/2/2 4596/2/2
f 4595/1/2 4589/1/2 4597/1/2
f 4596/2/2 4595/2/2 4597/2/2
f 4597/1/2 4589/1/2 4598/1/2
f 4596/4/2 4597/4/2 4599/4/2
f 4597/4/2 4598/4/2 4599/4/2
f 4599/4/2 4598/4/2 4600/4/2
f 4601/1/2 4602/1/2 4607/1/2
f 4602/3/2 4603/3/2 4608/3/2
f 4607/1/2 4602/1/2 4608/1/2
f 4608/3/2 4603/3/2 4609/3/2
f 4604/1/2 4605/1/2 4610/1/2
f 4605/2/2 4606/2/2 4611/2/2
f 4610/1/2 4605/1/2 4611/1/2
f 4611/2/2 4606/2/2 4612/2/2
f 4608/1/2 4609/1/2 4613/1/2
f 4613/1/2 4609/1/2 4614/1/2
f 4614/1/2 4609/1/2 4615/1/2
f 4610/2/2 4611/2/2 4618/2/2
f 4611/1/2 4612/1/2 4619/1/2
f 4618/2/2 4611/2/2 4619/2/2
f 4619/1/2 4612/1/2 4620/1/2
f 4616/2/2 4617/2/2 4624/2/2
f 4624/2/2 4617/2/2 4625/2/2
f 4622/4/2 4623/4/2 4626/4/2
f 4621/4/2 4622/4/2 4626/4/2
f 4626/4/2 4623/4/2 4627/4/2
f 4627/4/2 4623/4/2 4628/4/2
f 4626/3/2 4627/3/2 4633/3/2
f 4627/1/2 4628/1/2 4634/1/2
f 4633/3/2 4627/3/2 4634/3/2
f 4634/1/2 4628/1/2 4635/1/2
f 4629/1/2 4630/1/2 4636/1/2
f 4630/3/2 4631/3/2 4637/3/2
f 4636/1/2 4630/1/2 4637/1/2
f 4631/1/2 4632/1/2 4638/1/2
f 4637/3/2 4631/3/2 4638/3/2
f 4638/1/2 4632/1/2 4639/1/2
f 4636/3/2 4637/3/2 4640/3/2
f 4637/1/2 4638/1/2 4641/1/2
f 4640/3/2 4637/3/2 4641/3/2
f 4638/2/2 4639/2/2 4642/2/2
f 4641/1/2 4638/1/2 4642/1/2
f 4642/2/2 4639/2/2 4643/2/2
f 4640/3/2 4641/3/2 4644/3/2
f 4641/3/2 4642/3/2 4644/3/2
f 4642/1/2 4643/1/2 4645/1/2
f 4644/3/2 4642/3/2 4645/3/2
f 4645/1/2 4643/1/2 4646/1/2
f 4644/4/2 4645/4/2 4647/4/2
f 4645/4/2 4646/4/2 4647/4/2
f 4647/4/2 4646/4/2 4648/4/2
f 4649/1/2 4650/1/2 4651/1/2
f 4651/1/2 4650/1/2 4652/1/2
f 4651/2/2 4652/2/2 4655/2/2
f 4652/1/2 4650/1/2 4656/1/2
f 4655/2/2 4652/2/2 4656/2/2
f 4656/1/2 4650/1/2 4657/1/2
f 4653/3/2 4654/3/2 4662/3/2
f 4662/3/2 4654/3/2 4663/3/2
f 4660/4/2 4661/4/2 4664/4/2
f 4658/4/2 4659/4/2 4664/4/2
f 4659/4/2 4660/4/2 4664/4/2
f 4664/4/2 4661/4/2 4665/4/2
f 4665/4/2 4661/4/2 4666/4/2
f 4666/4/2 4661/4/2 4667/4/2
f 4664/1/2 4665/1/2 4671/1/2
f 4665/2/2 4666/2/2 4672/2/2
f 4671/1/2 4665/1/2 4672/1/2
f 4666/1/2 4667/1/2 4673/1/2
f 4672/2/2 4666/2/2 4673/2/2
f 4673/1/2 4667/1/2 4674/1/2
f 4668/1/2 4669/1/2 4675/1/2
f 4669/3/2 4670/3/2 4676/3/2
f 4675/1/2 4669/1/2 4676/1/2
f 4675/2/2 4676/2/2 4677/2/2
f 4676/3/2 4670/3/2 4678/3/2
f 4677/2/2 4676/2/2 4678/2/2
f 4678/3/2 4670/3/2 4679/3/2
f 4677/3/2 4678/3/2 4680/3/2
f 4678/1/2 4679/1/2 4681/1/2
f 4680/3/2 4678/3/2 4681/3/2
f 4681/1/2 4679/1/2 4682/1/2
f 4680/4/2 4681/4/2 4683/4/2
f 4681/4/2 4682/4/2 4683/4/2
f 4683/4/2 4682/4/2 4684/4/2
f 4685/3/2 4686/3/2 4687/3/2
f 4687/3/2 4686/3/2 4688/3/2
f 4687/2/2 4688/2/2 4692/2/2
f 4692/2/2 4688/2/2 4693/2/2
f 4689/2/2 4690/2/2 4697/2/2
f 4690/1/2 4691/1/2 4698/1/2
f 4697/2/2 4690/2/2 4698/2/2
f 4698/1/2 4691/1/2 4699/1/2
f 4695/4/2 4696/4/2 4700/4/2
f 4694/4/2 4695/4/2 4700/4/2
f 4700/4/2 4696/4/2 4701/4/2
f 4701/4/2 4696/4/2 4702/4/2
f 4700/2/2 4701/2/2 4705/2/2
f 4701/3/2 4702/3/2 4706/3/2
f 4705/2/2 4701/2/2 4706/2/2
f 4706/3/2 4702/3/2 4707/3/2
f 4703/3/2 4704/3/2 4708/3/2
f 4708/3/2 4704/3/2 4709/3/2
f 4708/2/2 4709/2/2 4710/2/2
f 4710/2/2 4709/2/2 4711/2/2
f 4710/3/2 4711/3/2 4712/3/2
f 4712/3/2 4711/3/2 4713/3/2
f 4712/4/2 4713/4/2 4714/4/2
f 4714/4/2 4713/4/2 4715/4/2
f 4716/3/2 4717/3/2 4718/3/2
f 4718/3/2 4717/3/2 4719/3/2
f 4720/3/2 4721/3/2 4722/3/2
f 4722/3/2 4721/3/2 4723/3/2
f 4723/3/2 4724/3/2 4725/3/2
f 4725/3/2 4724/3/2 4726/3/2
f 4727/4/2 4728/4/2 4729/4/2
f 4729/4/2 4728/4/2 4730/4/2
f 4731/1/2 4732/1/2 4735/1/2
f 4732/3/2 4733/3/2 4736/3/2
f 4735/1/2 4732/1/2 4736/1/2
f 4733/1/2 4734/1/2 4737/1/2
f 4736/3/2 4733/3/2 4737/3/2
f 4735/3/2 4736/3/2 4740/3/2
f 4736/1/2 4737/1/2 4741/1/2
f 4740/3/2 4736/3/2 4741/3/2
f 4737/1/2 4734/1/2 4742/1/2
f 4741/1/2 4737/1/2 4742/1/2
f 4738/3/2 4739/3/2 4746/3/2
f 4746/3/2 4739/3/2 4747/3/2
f 4744/4/2 4745/4/2 4748/4/2
f 4743/4/2 4744/4/2 4748/4/2
f 4748/4/2 4745/4/2 4749/4/2
f 4749/4/2 4745/4/2 4750/4/2
f 4748/2/2 4749/2/2 4754/2/2
f 4749/3/2 4750/3/2 4755/3/2
f 4754/2/2 4749/2/2 4755/2/2
f 4755/3/2 4750/3/2 4756/3/2
f 4751/3/2 4752/3/2 4757/3/2
f 4752/2/2 4753/2/2 4758/2/2
f 4757/3/2 4752/3/2 4758/3/2
f 4758/2/2 4753/2/2 4759/2/2
f 4757/2/2 4758/2/2 4760/2/2
f 4758/3/2 4759/3/2 4761/3/2
f 4760/2/2 4758/2/2 4761/2/2
f 4761/3/2 4759/3/2 4762/3/2
f 4760/1/2 4761/1/2 4763/1/2
f 4761/1/2 4762/1/2 4763/1/2
f 4763/1/2 4762/1/2 4764/1/2
f 4763/4/2 4764/4/2 4765/4/2
f 4765/4/2 4764/4/2 4766/4/2
f 4767/4/2 4768/4/2 4769/4/2
f 4769/4/2 4768/4/2 4770/4/2
f 4771/2/2 4772/2/2 4778/2/2
f 4772/1/2 4773/1/2 4779/1/2
f 4778/2/2 4772/2/2 4779/2/2
f 4773/2/2 4774/2/2 4780/2/2
f 4779/1/2 4773/1/2 4780/1/2
f 4780/2/2 4774/2/2 4781/2/2
f 4776/3/2 4777/3/2 4782/3/2
f 4775/3/2 4776/3/2 4782/3/2
f 4777/2/2 4778/2/2 4783/2/2
f 4782/3/2 4777/3/2 4783/3/2
f 4783/2/2 4778/2/2 4784/2/2
f 4785/2/2 4786/2/2 4788/2/2
f 4788/2/2 4786/2/2 4789/2/2
f 4787/4/2 4788/4/2 4790/4/2
f 4790/4/2 4788/4/2 4791/4/2
f 4792/2/2 4793/2/2 4795/2/2
f 4793/1/2 4794/1/2 4796/1/2
f 4795/2/2 4793/2/2 4796/2/2
f 4795/1/2 4796/1/2 4800/1/2
f 4796/1/2 4794/1/2 4801/1/2
f 4800/1/2 4796/1/2 4801/1/2
f 4797/3/2 4798/3/2 4802/3/2
f 4798/1/2 4799/1/2 4803/1/2
f 4802/3/2 4798/3/2 4803/3/2
f 4803/1/2 4799/1/2 4804/1/2
f 4805/4/2 4806/4/2 4808/4/2
f 4807/4/2 4808/4/2 4809/4/2
f 4808/4/2 4806/4/2 4810/4/2
f 4809/4/2 4808/4/2 4810/4/2
f 4811/4/2 4812/4/2 4814/4/2
f 4813/4/2 4814/4/2 4815/4/2
f 4814/4/2 4812/4/2 4816/4/2
f 4815/4/2 4814/4/2 4816/4/2
f 4817/3/2 4818/3/2 4820/3/2
f 4820/3/2 4818/3/2 4821/3/2
f 4819/2/2 4820/2/2 4824/2/2
f 4824/2/2 4820/2/2 4825/2/2
f 4822/1/2 4823/1/2 4826/1/2
f 4826/1/2 4823/1/2 4827/1/2
f 4828/3/2 4829/3/2 4830/3/2
f 4830/3/2 4829/3/2 4831/3/2
f 4832/4/2 4833/4/2 4835/4/2
f 4835/4/2 4833/4/2 4836/4/2
f 4834/1/2 4835/1/2 4838/1/2
f 4838/1/2 4835/1/2 4839/1/2
f 4837/1/2 4838/1/2 4841/1/2
f 4841/1/2 4838/1/2 4842/1/2
f 4840/1/2 4841/1/2 4843/1/2
f 4843/1/2 4841/1/2 4844/1/2
f 4845/2/2 4846/2/2 4849/2/2
f 4849/2/2 4846/2/2 4850/2/2
f 4847/2/2 4848/2/2 4854/2/2
f 4854/2/2 4848/2/2 4855/2/2
f 4851/1/2 4852/1/2 4856/1/2
f 4852/1/2 4853/1/2 4856/1/2
f 4856/1/2 4853/1/2 4857/1/2
f 4857/1/2 4853/1/2 4858/1/2
f 4859/1/2 4860/1/2 4863/1/2
f 4863/1/2 4860/1/2 4864/1/2
f 4861/2/2 4862/2/2 4865/2/2
f 4865/2/2 4862/2/2 4866/2/2
f 4867/3/2 4868/3/2 4872/3/2
f 4872/3/2 4868/3/2 4873/3/2
f 4869/1/2 4870/1/2 4874/1/2
f 4874/1/2 4870/1/2 4875/1/2
f 4871/2/2 4872/2/2 4876/2/2
f 4876/2/2 4872/2/2 4877/2/2
f 4878/1/2 4879/1/2 4880/1/2
f 4880/1/2 4879/1/2 4881/1/2
f 4882/1/2 4883/1/2 4890/1/2
f 4883/2/2 4884/2/2 4891/2/2
f 4890/1/2 4883/1/2 4891/1/2
f 4891/2/2 4884/2/2 4892/2/2
f 4885/2/2 4886/2/2 4893/2/2
f 4886/3/2 4887/3/2 4894/3/2
f 4893/2/2 4886/2/2 4894/2/2
f 4887/1/2 4888/1/2 4895/1/2
f 4894/3/2 4887/3/2 4895/3/2
f 4888/2/2 4889/2/2 4896/2/2
f 4895/1/2 4888/1/2 4896/1/2
f 4896/2/2 4889/2/2 4897/2/2
f 4898/2/2 4899/2/2 4900/2/2
f 4900/2/2 4899/2/2 4901/2/2
f 4902/2/2 4903/2/2 4907/2/2
f 4903/1/2 4904/1/2 4908/1/2
f 4907/2/2 4903/2/2 4908/2/2
f 4908/1/2 4904/1/2 4909/1/2
f 4905/2/2 4906/2/2 4912/2/2
f 4912/2/2 4906/2/2 4913/2/2
f 4910/2/2 4911/2/2 4914/2/2
f 4914/2/2 4911/2/2 4915/2/2
f 4916/2/2 4917/2/2 4918/2/2
f 4918/2/2 4917/2/2 4919/2/2
f 4920/1/2 4921/1/2 4928/1/2
f 4921/1/2 4922/1/2 4928/1/2
f 4928/1/2 4922/1/2 4929/1/2
f 4923/2/2 4924/2/2 4930/2/2
f 4930/2/2 4924/2/2 4931/2/2
f 4926/2/2 4927/2/2 4932/2/2
f 4925/2/2 4926/2/2 4932/2/2
f 4932/2/2 4927/2/2 4933/2/2
f 4934/1/2 4935/1/2 4937/1/2
f 4935/3/2 4936/3/2 4938/3/2
f 4937/1/2 4935/1/2 4938/1/2
f 4938/3/2 4936/3/2 4939/3/2
f 4937/3/2 4938/3/2 4940/3/2
f 4938/1/2 4939/1/2 4941/1/2
f 4940/3/2 4938/3/2 4941/3/2
f 4941/1/2 4939/1/2 4942/1/2
f 4943/3/2 4944/3/2 4945/3/2
f 4945/3/2 4944/3/2 4946/3/2
f 4946/3/2 4944/3/2 4947/3/2
f 4945/3/2 4946/3/2 4948/3/2
f 4946/1/2 4947/1/2 4949/1/2
f 4948/3/2 4946/3/2 4949/3/2
f 4949/1/2 4947/1/2 4950/1/2
f 4951/2/2 4952/2/2 4972/2/2
f 4952/3/2 4953/3/2 4973/3/2
f 4972/2/2 4952/2/2 4973/2/2
f 4953/2/2 4954/2/2 4974/2/2
f 4973/3/2 4953/3/2 4974/3/2
f 4974/2/2 4954/2/2 4975/2/2
f 4975/2/2 4954/2/2 4976/2/2
f 4954/1/2 4955/1/2 4977/1/2
f 4976/2/2 4954/2/2 4977/2/2
f 4955/3/2 4956/3/2 4978/3/2
f 4977/1/2 4955/1/2 4978/1/2
f 4978/3/2 4956/3/2 4979/3/2
f 4956/2/2 4957/2/2 4980/2/2
f 4979/3/2 4956/3/2 4980/3/2
f 4980/2/2 4957/2/2 4981/2/2
f 4957/1/2 4958/1/2 4982/1/2
f 4981/2/2 4957/2/2 4982/2/2
f 4958/2/2 4959/2/2 4983/2/2
f 4982/1/2 4958/1/2 4983/1/2
f 4959/3/2 4960/3/2 4984/3/2
f 4983/2/2 4959/2/2 4984/2/2
f 4984/3/2 4960/3/2 4985/3/2
f 4960/1/2 4961/1/2 4986/1/2
f 4985/3/2 4960/3/2 4986/3/2
f 4961/2/2 4962/2/2 4987/2/2
f 4986/1/2 4961/1/2 4987/1/2
f 4962/1/2 4963/1/2 4988/1/2
f 4987/2/2 4962/2/2 4988/2/2
f 4963/3/2 4964/3/2 4989/3/2
f 4988/1/2 4963/1/2 4989/1/2
f 4989/3/2 4964/3/2 4990/3/2
f 4990/3/2 4964/3/2 4991/3/2
f 4964/2/2 4965/2/2 4992/2/2
f 4991/3/2 4964/3/2 4992/3/2
f 4965/3/2 4966/3/2 4993/3/2
f 4992/2/2 4965/2/2 4993/2/2
f 4993/3/2 4966/3/2 4994/3/2
f 4967/3/2 4968/3/2 5000/3/2
f 4968/1/2 4969/1/2 5001/1/2
f 5000/3/2 4968/3/2 5001/3/2
f 4969/3/2 4970/3/2 5002/3/2
f 5001/1/2 4969/1/2 5002/1/2
f 4970/2/2 4971/2/2 5003/2/2
f 5002/3/2 4970/3/2 5003/3/2
f 5003/2/2 4971/2/2 5004/2/2
f 4995/1/2 4996/1/2 5005/1/2
f 4996/3/2 4997/3/2 5006/3/2
f 5005/1/2 4996/1/2 5006/1/2
f 5006/3/2 4997/3/2 5007/3/2
f 5007/3/2 4997/3/2 5008/3/2
f 5008/3/2 4997/3/2 5009/3/2
f 4998/1/2 4999/1/2 5014/1/2
f 5014/1/2 4999/1/2 5015/1/2
f 5009/3/2 5010/3/2 5016/3/2
f 5016/3/2 5010/3/2 5017/3/2
f 5010/1/2 5011/1/2 5018/1/2
f 5017/3/2 5010/3/2 5018/3/2
f 5011/3/2 5012/3/2 5019/3/2
f 5018/1/2 5011/1/2 5019/1/2
f 5012/2/2 5013/2/2 5020/2/2
f 5019/3/2 5012/3/2 5020/3/2
f 5020/2/2 5013/2/2 5021/2/2
f 5022/1/2 5023/1/2 5027/1/2
f 5027/1/2 5023/1/2 5028/1/2
f 5024/3/2 5025/3/2 5029/3/2
f 5025/1/2 5026/1/2 5030/1/2
f 5029/3/2 5025/3/2 5030/3/2
f 5030/1/2 5026/1/2 5031/1/2
f 5031/1/2 5032/1/2 5036/1/2
f 5032/3/2 5033/3/2 5037/3/2
f 5036/1/2 5032/1/2 5037/1/2
f 5037/3/2 5033/3/2 5038/3/2
f 5034/3/2 5035/3/2 5041/3/2
f 5041/3/2 5035/3/2 5042/3/2
f 5038/2/2 5039/2/2 5043/2/2
f 5039/1/2 5040/1/2 5044/1/2
f 5043/2/2 5039/2/2 5044/2/2
f 5044/1/2 5040/1/2 5045/1/2
f 5045/4/2 5046/4/2 5049/4/2
f 5049/4/2 5046/4/2 5050/4/2
f 5050/4/2 5046/4/2 5051/4/2
f 5047/1/2 5048/1/2 5052/1/2
f 5052/1/2 5048/1/2 5053/1/2
f 5054/3/2 5055/3/2 5058/3/2
f 5058/3/2 5055/3/2 5059/3/2
f 5056/3/2 5057/3/2 5063/3/2
f 5057/3/2 5058/3/2 5063/3/2
f 5063/3/2 5058/3/2 5064/3/2
f 5060/3/2 5061/3/2 5067/3/2
f 5061/2/2 5062/2/2 5068/2/2
f 5067/3/2 5061/3/2 5068/3/2
f 5062/3/2 5063/3/2 5069/3/2
f 5068/2/2 5062/2/2 5069/2/2
f 5069/3/2 5063/3/2 5070/3/2
f 5065/4/2 5066/4/2 5071/4/2
f 5071/4/2 5066/4/2 5072/4/2
f 5067/4/2 5068/4/2 5075/4/2
f 5075/4/2 5068/4/2 5076/4/2
f 5073/1/2 5074/1/2 5080/1/2
f 5080/1/2 5074/1/2 5081/1/2
f 5077/2/2 5078/2/2 5082/2/2
f 5078/3/2 5079/3/2 5083/3/2
f 5082/2/2 5078/2/2 5083/2/2
f 5083/3/2 5079/3/2 5084/3/2
f 5085/2/2 5086/2/2 5087/2/2
f 5087/2/2 5086/2/2 5088/2/2
f 5087/1/2 5088/1/2 5089/1/2
f 5089/1/2 5088/1/2 5090/1/2
f 5089/3/2 5090/3/2 5091/3/2
f 5091/3/2 5090/3/2 5092/3/2
f 5093/1/2 5094/1/2 5097/1/2
f 5094/3/2 5095/3/2 5098/3/2
f 5097/1/2 5094/1/2 5098/1/2
f 5098/3/2 5095/3/2 5099/3/2
f 5095/2/2 5096/2/2 5100/2/2
f 5099/3/2 5095/3/2 5100/3/2
f 5100/2/2 5096/2/2 5101/2/2
f 5097/2/2 5098/2/2 5102/2/2
f 5098/3/2 5099/3/2 5103/3/2
f 5102/2/2 5098/2/2 5103/2/2
f 5099/1/2 5100/1/2 5104/1/2
f 5103/3/2 5099/3/2 5104/3/2
f 5100/1/2 5101/1/2 5104/1/2
f 5104/1/2 5101/1/2 5105/1/2
f 5106/3/2 5107/3/2 5108/3/2
f 5108/3/2 5107/3/2 5109/3/2
f 5110/1/2 5111/1/2 5137/1/2
f 5137/1/2 5111/1/2 5138/1/2
f 5138/1/2 5111/1/2 5139/1/2
f 5111/3/2 5112/3/2 5140/3/2
f 5139/1/2 5111/1/2 5140/1/2
f 5112/1/2 5113/1/2 5141/1/2
f 5140/3/2 5112/3/2 5141/3/2
f 5113/3/2 5114/3/2 5142/3/2
f 5141/1/2 5113/1/2 5142/1/2
f 5142/3/2 5114/3/2 5143/3/2
f 5114/2/2 5115/2/2 5144/2/2
f 5143/3/2 5114/3/2 5144/3/2
f 5115/3/2 5116/3/2 5145/3/2
f 5144/2/2 5115/2/2 5145/2/2
f 5116/2/2 5117/2/2 5146/2/2
f 5145/3/2 5116/3/2 5146/3/2
f 5117/1/2 5118/1/2 5147/1/2
f 5146/2/2 5117/2/2 5147/2/2
f 5118/2/2 5119/2/2 5148/2/2
f 5147/1/2 5118/1/2 5148/1/2
f 5119/1/2 5120/1/2 5149/1/2
f 5148/2/2 5119/2/2 5149/2/2
f 5120/2/2 5121/2/2 5150/2/2
f 5149/1/2 5120/1/2 5150/1/2
f 5121/3/2 5122/3/2 5151/3/2
f 5150/2/2 5121/2/2 5151/2/2
f 5122/2/2 5123/2/2 5152/2/2
f 5151/3/2 5122/3/2 5152/3/2
f 5123/3/2 5124/3/2 5153/3/2
f 5152/2/2 5123/2/2 5153/2/2
f 5124/2/2 5125/2/2 5154/2/2
f 5153/3/2 5124/3/2 5154/3/2
f 5125/3/2 5126/3/2 5155/3/2
f 5154/2/2 5125/2/2 5155/2/2
f 5126/2/2 5127/2/2 5156/2/2
f 5155/3/2 5126/3/2 5156/3/2
f 5156/2/2 5127/2/2 5157/2/2
f 5127/1/2 5128/1/2 5158/1/2
f 5157/2/2 5127/2/2 5158/2/2
f 5128/3/2 5129/3/2 5159/3/2
f 5158/1/2 5128/1/2 5159/1/2
f 5129/1/2 5130/1/2 5160/1/2
f 5159/3/2 5129/3/2 5160/3/2
f 5160/1/2 5130/1/2 5161/1/2
f 5130/3/2 5131/3/2 5162/3/2
f 5161/1/2 5130/1/2 5162/1/2
f 5162/3/2 5131/3/2 5163/3/2
f 5131/2/2 5132/2/2 5164/2/2
f 5163/3/2 5131/3/2 5164/3/2
f 5164/2/2 5132/2/2 5165/2/2
f 5165/2/2 5132/2/2 5166/2/2
f 5133/1/2 5134/1/2 5172/1/2
f 5134/2/2 5135/2/2 5173/2/2
f 5172/1/2 5134/1/2 5173/1/2
f 5135/1/2 5136/1/2 5174/1/2
f 5173/2/2 5135/2/2 5174/2/2
f 5136/2/2 5137/2/2 5175/2/2
f 5174/1/2 5136/1/2 5175/1/2
f 5137/3/2 5138/3/2 5176/3/2
f 5175/2/2 5137/2/2 5176/2/2
f 5138/1/2 5139/1/2 5177/1/2
f 5176/3/2 5138/3/2 5177/3/2
f 5139/2/2 5140/2/2 5178/2/2
f 5177/1/2 5139/1/2 5178/1/2
f 5140/2/2 5141/2/2 5178/2/2
f 5178/2/2 5141/2/2 5179/2/2
f 5142/3/2 5143/3/2 5180/3/2
f 5179/2/2 5141/2/2 5180/2/2
f 5141/3/2 5142/3/2 5180/3/2
f 5143/2/2 5144/2/2 5181/2/2
f 5180/3/2 5143/3/2 5181/3/2
f 5144/3/2 5145/3/2 5182/3/2
f 5181/2/2 5144/2/2 5182/2/2
f 5145/1/2 5146/1/2 5183/1/2
f 5182/3/2 5145/3/2 5183/3/2
f 5146/3/2 5147/3/2 5184/3/2
f 5183/1/2 5146/1/2 5184/1/2
f 5147/2/2 5148/2/2 5185/2/2
f 5184/3/2 5147/3/2 5185/3/2
f 5148/2/2 5149/2/2 5185/2/2
f 5149/2/2 5150/2/2 5185/2/2
f 5150/3/2 5151/3/2 5186/3/2
f 5185/2/2 5150/2/2 5186/2/2
f 5151/2/2 5152/2/2 5187/2/2
f 5186/3/2 5151/3/2 5187/3/2
f 5152/2/2 5153/2/2 5187/2/2
f 5153/2/2 5154/2/2 5187/2/2
f 5154/1/2 5155/1/2 5188/1/2
f 5187/2/2 5154/2/2 5188/2/2
f 5156/1/2 5157/1/2 5188/1/2
f 5155/1/2 5156/1/2 5188/1/2
f 5157/2/2 5158/2/2 5189/2/2
f 5188/1/2 5157/1/2 5189/1/2
f 5158/2/2 5159/2/2 5189/2/2
f 5160/1/2 5161/1/2 5190/1/2
f 5189/2/2 5159/2/2 5190/2/2
f 5159/1/2 5160/1/2 5190/1/2
f 5161/3/2 5162/3/2 5191/3/2
f 5190/1/2 5161/1/2 5191/1/2
f 5162/2/2 5163/2/2 5192/2/2
f 5191/3/2 5162/3/2 5192/3/2
f 5163/3/2 5164/3/2 5193/3/2
f 5192/2/2 5163/2/2 5193/2/2
f 5164/1/2 5165/1/2 5194/1/2
f 5193/3/2 5164/3/2 5194/3/2
f 5165/2/2 5166/2/2 5195/2/2
f 5194/1/2 5165/1/2 5195/1/2
f 5166/1/2 5167/1/2 5196/1/2
f 5195/2/2 5166/2/2 5196/2/2
f 5167/2/2 5168/2/2 5197/2/2
f 5196/1/2 5167/1/2 5197/1/2
f 5168/3/2 5169/3/2 5198/3/2
f 5197/2/2 5168/2/2 5198/2/2
f 5169/2/2 5170/2/2 5199/2/2
f 5198/3/2 5169/3/2 5199/3/2
f 5199/2/2 5170/2/2 5200/2/2
f 5172/4/2 5173/4/2 5201/4/2
f 5175/4/2 5176/4/2 5201/4/2
f 5177/4/2 5178/4/2 5201/4/2
f 5174/4/2 5175/4/2 5201/4/2
f 5173/4/2 5174/4/2 5201/4/2
f 5176/4/2 5177/4/2 5201/4/2
f 5171/4/2 5172/4/2 5201/4/2
f 5178/4/2 5179/4/2 5201/4/2
f 5201/4/2 5179/4/2 5202/4/2
f 5202/4/2 5179/4/2 5203/4/2
f 5203/4/2 5179/4/2 5204/4/2
f 5204/4/2 5179/4/2 5205/4/2
f 5205/4/2 5179/4/2 5206/4/2
f 5206/4/2 5179/4/2 5207/4/2
f 5207/4/2 5179/4/2 5208/4/2
f 5208/4/2 5179/4/2 5209/4/2
f 5201/1/2 5202/1/2 5212/1/2
f 5212/1/2 5202/1/2 5213/1/2
f 5202/2/2 5203/2/2 5214/2/2
f 5213/1/2 5202/1/2 5214/1/2
f 5214/2/2 5203/2/2 5215/2/2
f 5203/3/2 5204/3/2 5216/3/2
f 5215/2/2 5203/2/2 5216/2/2
f 5204/2/2 5205/2/2 5217/2/2
f 5216/3/2 5204/3/2 5217/3/2
f 5217/2/2 5205/2/2 5218/2/2
f 5205/1/2 5206/1/2 5219/1/2
f 5218/2/2 5205/2/2 5219/2/2
f 5206/2/2 5207/2/2 5220/2/2
f 5219/1/2 5206/1/2 5220/1/2
f 5207/1/2 5208/1/2 5221/1/2
f 5220/2/2 5207/2/2 5221/2/2
f 5221/1/2 5208/1/2 5222/1/2
f 5210/1/2 5211/1/2 5228/1/2
f 5228/1/2 5211/1/2 5229/1/2
f 5211/2/2 5212/2/2 5230/2/2
f 5229/1/2 5211/1/2 5230/1/2
f 5212/1/2 5213/1/2 5231/1/2
f 5230/2/2 5212/2/2 5231/2/2
f 5213/2/2 5214/2/2 5232/2/2
f 5231/1/2 5213/1/2 5232/1/2
f 5214/3/2 5215/3/2 5233/3/2
f 5232/2/2 5214/2/2 5233/2/2
f 5215/1/2 5216/1/2 5234/1/2
f 5233/3/2 5215/3/2 5234/3/2
f 5217/1/2 5218/1/2 5234/1/2
f 5216/1/2 5217/1/2 5234/1/2
f 5234/1/2 5218/1/2 5235/1/2
f 5235/1/2 5218/1/2 5236/1/2
f 5218/2/2 5219/2/2 5237/2/2
f 5236/1/2 5218/1/2 5237/1/2
f 5219/2/2 5220/2/2 5237/2/2
f 5237/2/2 5220/2/2 5238/2/2
f 5238/2/2 5220/2/2 5239/2/2
f 5223/3/2 5224/3/2 5240/3/2
f 5240/3/2 5224/3/2 5241/3/2
f 5224/2/2 5225/2/2 5242/2/2
f 5241/3/2 5224/3/2 5242/3/2
f 5242/2/2 5225/2/2 5243/2/2
f 5226/3/2 5227/3/2 5247/3/2
f 5227/1/2 5228/1/2 5248/1/2
f 5247/3/2 5227/3/2 5248/3/2
f 5228/2/2 5229/2/2 5249/2/2
f 5248/1/2 5228/1/2 5249/1/2
f 5229/3/2 5230/3/2 5250/3/2
f 5249/2/2 5229/2/2 5250/2/2
f 5231/2/2 5232/2/2 5251/2/2
f 5250/3/2 5230/3/2 5251/3/2
f 5230/2/2 5231/2/2 5251/2/2
f 5232/3/2 5233/3/2 5252/3/2
f 5251/2/2 5232/2/2 5252/2/2
f 5233/3/2 5234/3/2 5252/3/2
f 5234/2/2 5235/2/2 5253/2/2
f 5252/3/2 5234/3/2 5253/3/2
f 5235/3/2 5236/3/2 5254/3/2
f 5253/2/2 5235/2/2 5254/2/2
f 5236/2/2 5237/2/2 5255/2/2
f 5254/3/2 5236/3/2 5255/3/2
f 5255/2/2 5237/2/2 5256/2/2
f 5240/1/2 5241/1/2 5257/1/2
f 5241/3/2 5242/3/2 5258/3/2
f 5257/1/2 5241/1/2 5258/1/2
f 5242/1/2 5243/1/2 5259/1/2
f 5258/3/2 5242/3/2 5259/3/2
f 5243/1/2 5244/1/2 5259/1/2
f 5244/3/2 5245/3/2 5260/3/2
f 5259/1/2 5244/1/2 5260/1/2
f 5260/3/2 5245/3/2 5261/3/2
f 5248/4/2 5249/4/2 5263/4/2
f 5249/4/2 5250/4/2 5263/4/2
f 5250/4/2 5251/4/2 5263/4/2
f 5246/4/2 5247/4/2 5263/4/2
f 5253/4/2 5254/4/2 5263/4/2
f 5252/4/2 5253/4/2 5263/4/2
f 5251/4/2 5252/4/2 5263/4/2
f 5247/4/2 5248/4/2 5263/4/2
f 5263/4/2 5254/4/2 5264/4/2
f 5264/4/2 5254/4/2 5265/4/2
f 5265/4/2 5254/4/2 5266/4/2
f 5266/4/2 5254/4/2 5267/4/2
f 5267/4/2 5254/4/2 5268/4/2
f 5268/4/2 5254/4/2 5269/4/2
f 5269/4/2 5254/4/2 5270/4/2
f 5270/4/2 5254/4/2 5271/4/2
f 5271/4/2 5254/4/2 5272/4/2
f 5272/4/2 5254/4/2 5273/4/2
f 5273/4/2 5254/4/2 5274/4/2
f 5261/4/2 5262/4/2 5275/4/2
f 5257/4/2 5258/4/2 5275/4/2
f 5260/4/2 5261/4/2 5275/4/2
f 5259/4/2 5260/4/2 5275/4/2
f 5258/4/2 5259/4/2 5275/4/2
f 5275/4/2 5262/4/2 5276/4/2
f 5276/4/2 5262/4/2 5277/4/2
f 5277/4/2 5262/4/2 5278/4/2
f 5278/4/2 5262/4/2 5279/4/2
f 5279/4/2 5262/4/2 5280/4/2
f 5280/4/2 5262/4/2 5281/4/2
f 5281/4/2 5262/4/2 5282/4/2
f 5263/1/2 5264/1/2 5287/1/2
f 5287/1/2 5264/1/2 5288/1/2
f 5265/3/2 5266/3/2 5289/3/2
f 5266/2/2 5267/2/2 5289/2/2
f 5267/1/2 5268/1/2 5290/1/2
f 5289/2/2 5267/2/2 5290/2/2
f 5268/2/2 5269/2/2 5291/2/2
f 5290/1/2 5268/1/2 5291/1/2
f 5269/3/2 5270/3/2 5292/3/2
f 5291/2/2 5269/2/2 5292/2/2
f 5270/1/2 5271/1/2 5293/1/2
f 5292/3/2 5270/3/2 5293/3/2
f 5271/3/2 5272/3/2 5294/3/2
f 5293/1/2 5271/1/2 5294/1/2
f 5294/3/2 5272/3/2 5295/3/2
f 5276/3/2 5277/3/2 5296/3/2
f 5277/1/2 5278/1/2 5296/1/2
f 5278/2/2 5279/2/2 5297/2/2
f 5296/1/2 5278/1/2 5297/1/2
f 5279/3/2 5280/3/2 5298/3/2
f 5297/2/2 5279/2/2 5298/2/2
f 5280/1/2 5281/1/2 5299/1/2
f 5298/3/2 5280/3/2 5299/3/2
f 5281/2/2 5282/2/2 5300/2/2
f 5299/1/2 5281/1/2 5300/1/2
f 5300/2/2 5282/2/2 5301/2/2
f 5282/1/2 5283/1/2 5302/1/2
f 5301/2/2 5282/2/2 5302/2/2
f 5283/3/2 5284/3/2 5303/3/2
f 5302/1/2 5283/1/2 5303/1/2
f 5303/3/2 5284/3/2 5304/3/2
f 5285/2/2 5286/2/2 5306/2/2
f 5286/3/2 5287/3/2 5307/3/2
f 5306/2/2 5286/2/2 5307/2/2
f 5287/2/2 5288/2/2 5308/2/2
f 5307/3/2 5287/3/2 5308/3/2
f 5288/1/2 5264/1/2 5309/1/2
f 5308/2/2 5288/2/2 5309/2/2
f 5264/2/2 5265/2/2 5310/2/2
f 5309/1/2 5264/1/2 5310/1/2
f 5265/3/2 5289/3/2 5311/3/2
f 5310/2/2 5265/2/2 5311/2/2
f 5289/1/2 5290/1/2 5312/1/2
f 5311/3/2 5289/3/2 5312/3/2
f 5290/3/2 5291/3/2 5313/3/2
f 5312/1/2 5290/1/2 5313/1/2
f 5313/3/2 5291/3/2 5314/3/2
f 5292/2/2 5293/2/2 5315/2/2
f 5315/2/2 5293/2/2 5316/2/2
f 5276/3/2 5296/3/2 5317/3/2
f 5296/3/2 5297/3/2 5317/3/2
f 5317/3/2 5297/3/2 5318/3/2
f 5298/2/2 5299/2/2 5319/2/2
f 5318/3/2 5297/3/2 5319/3/2
f 5297/2/2 5298/2/2 5319/2/2
f 5319/2/2 5299/2/2 5320/2/2
f 5300/1/2 5301/1/2 5321/1/2
f 5299/3/2 5300/3/2 5321/3/2
f 5301/2/2 5302/2/2 5322/2/2
f 5321/1/2 5301/1/2 5322/1/2
f 5302/3/2 5303/3/2 5323/3/2
f 5322/2/2 5302/2/2 5323/2/2
f 5303/2/2 5304/2/2 5324/2/2
f 5323/3/2 5303/3/2 5324/3/2
f 5324/2/2 5304/2/2 5325/2/2
f 5325/2/2 5304/2/2 5326/2/2
f 5305/2/2 5306/2/2 5330/2/2
f 5307/1/2 5308/1/2 5331/1/2
f 5306/1/2 5307/1/2 5331/1/2
f 5330/2/2 5306/2/2 5331/2/2
f 5331/1/2 5308/1/2 5332/1/2
f 5308/2/2 5309/2/2 5333/2/2
f 5332/1/2 5308/1/2 5333/1/2
f 5309/2/2 5310/2/2 5333/2/2
f 5333/2/2 5310/2/2 5334/2/2
f 5310/1/2 5311/1/2 5335/1/2
f 5334/2/2 5310/2/2 5335/2/2
f 5311/2/2 5312/2/2 5336/2/2
f 5335/1/2 5311/1/2 5336/1/2
f 5336/2/2 5312/2/2 5337/2/2
f 5319/1/2 5320/1/2 5338/1/2
f 5318/1/2 5319/1/2 5338/1/2
f 5338/1/2 5320/1/2 5339/1/2
f 5320/2/2 5299/2/2 5340/2/2
f 5339/1/2 5320/1/2 5340/1/2
f 5299/3/2 5321/3/2 5341/3/2
f 5340/2/2 5299/2/2 5341/2/2
f 5321/2/2 5322/2/2 5342/2/2
f 5341/3/2 5321/3/2 5342/3/2
f 5322/3/2 5323/3/2 5343/3/2
f 5342/2/2 5322/2/2 5343/2/2
f 5325/2/2 5326/2/2 5344/2/2
f 5326/1/2 5327/1/2 5344/1/2
f 5327/3/2 5328/3/2 5345/3/2
f 5344/1/2 5327/1/2 5345/1/2
f 5345/3/2 5328/3/2 5346/3/2
f 5329/3/2 5330/3/2 5349/3/2
f 5330/1/2 5331/1/2 5350/1/2
f 5349/3/2 5330/3/2 5350/3/2
f 5331/2/2 5332/2/2 5351/2/2
f 5350/1/2 5331/1/2 5351/1/2
f 5332/3/2 5333/3/2 5352/3/2
f 5351/2/2 5332/2/2 5352/2/2
f 5333/3/2 5334/3/2 5352/3/2
f 5352/3/2 5334/3/2 5353/3/2
f 5339/1/2 5340/1/2 5354/1/2
f 5341/1/2 5342/1/2 5354/1/2
f 5340/1/2 5341/1/2 5354/1/2
f 5354/1/2 5342/1/2 5355/1/2
f 5342/3/2 5343/3/2 5356/3/2
f 5355/1/2 5342/1/2 5356/1/2
f 5343/3/2 5323/3/2 5357/3/2
f 5356/3/2 5343/3/2 5357/3/2
f 5323/2/2 5324/2/2 5357/2/2
f 5324/3/2 5325/3/2 5358/3/2
f 5357/2/2 5324/2/2 5358/2/2
f 5325/2/2 5344/2/2 5359/2/2
f 5358/3/2 5325/3/2 5359/3/2
f 5346/3/2 5347/3/2 5360/3/2
f 5359/2/2 5344/2/2 5360/2/2
f 5345/3/2 5346/3/2 5360/3/2
f 5344/3/2 5345/3/2 5360/3/2
f 5360/3/2 5347/3/2 5361/3/2
f 5352/4/2 5353/4/2 5364/4/2
f 5349/4/2 5350/4/2 5364/4/2
f 5350/4/2 5351/4/2 5364/4/2
f 5348/4/2 5349/4/2 5364/4/2
f 5351/4/2 5352/4/2 5364/4/2
f 5364/4/2 5353/4/2 5365/4/2
f 5365/4/2 5353/4/2 5366/4/2
f 5366/4/2 5353/4/2 5367/4/2
f 5367/4/2 5353/4/2 5368/4/2
f 5360/4/2 5361/4/2 5369/4/2
f 5358/4/2 5359/4/2 5369/4/2
f 5357/4/2 5358/4/2 5369/4/2
f 5355/4/2 5356/4/2 5369/4/2
f 5359/4/2 5360/4/2 5369/4/2
f 5361/4/2 5362/4/2 5369/4/2
f 5356/4/2 5357/4/2 5369/4/2
f 5369/4/2 5362/4/2 5370/4/2
f 5370/4/2 5362/4/2 5371/4/2
f 5371/4/2 5362/4/2 5372/4/2
f 5372/4/2 5362/4/2 5373/4/2
f 5373/4/2 5362/4/2 5374/4/2
f 5374/4/2 5362/4/2 5375/4/2
f 5375/4/2 5362/4/2 5376/4/2
f 5376/4/2 5362/4/2 5377/4/2
f 5364/1/2 5365/1/2 5379/1/2
f 5363/1/2 5364/1/2 5379/1/2
f 5379/1/2 5365/1/2 5380/1/2
f 5380/1/2 5365/1/2 5381/1/2
f 5365/3/2 5366/3/2 5382/3/2
f 5382/3/2 5366/3/2 5383/3/2
f 5372/2/2 5373/2/2 5384/2/2
f 5384/2/2 5373/2/2 5385/2/2
f 5373/1/2 5374/1/2 5386/1/2
f 5385/2/2 5373/2/2 5386/2/2
f 5374/2/2 5375/2/2 5387/2/2
f 5386/1/2 5374/1/2 5387/1/2
f 5375/1/2 5376/1/2 5388/1/2
f 5387/2/2 5375/2/2 5388/2/2
f 5388/1/2 5376/1/2 5389/1/2
f 5376/3/2 5377/3/2 5390/3/2
f 5389/1/2 5376/1/2 5390/1/2
f 5390/3/2 5377/3/2 5391/3/2
f 5378/2/2 5379/2/2 5396/2/2
f 5379/1/2 5380/1/2 5397/1/2
f 5396/2/2 5379/2/2 5397/2/2
f 5380/3/2 5381/3/2 5398/3/2
f 5397/1/2 5380/1/2 5398/1/2
f 5381/1/2 5365/1/2 5399/1/2
f 5365/3/2 5382/3/2 5399/3/2
f 5382/2/2 5383/2/2 5400/2/2
f 5399/3/2 5382/3/2 5400/3/2
f 5400/2/2 5383/2/2 5401/2/2
f 5385/1/2 5386/1/2 5402/1/2
f 5386/3/2 5387/3/2 5403/3/2
f 5402/1/2 5386/1/2 5403/1/2
f 5387/3/2 5388/3/2 5403/3/2
f 5403/3/2 5388/3/2 5404/3/2
f 5388/1/2 5389/1/2 5405/1/2
f 5404/3/2 5388/3/2 5405/3/2
f 5389/3/2 5390/3/2 5406/3/2
f 5405/1/2 5389/1/2 5406/1/2
f 5390/1/2 5391/1/2 5407/1/2
f 5406/3/2 5390/3/2 5407/3/2
f 5391/1/2 5392/1/2 5407/1/2
f 5407/1/2 5392/1/2 5408/1/2
f 5408/1/2 5392/1/2 5409/1/2
f 5392/3/2 5393/3/2 5410/3/2
f 5409/1/2 5392/1/2 5410/1/2
f 5410/3/2 5393/3/2 5411/3/2
f 5394/2/2 5395/2/2 5413/2/2
f 5395/1/2 5396/1/2 5414/1/2
f 5396/1/2 5397/1/2 5414/1/2
f 5397/3/2 5398/3/2 5415/3/2
f 5414/1/2 5397/1/2 5415/1/2
f 5398/3/2 5381/3/2 5416/3/2
f 5415/3/2 5398/3/2 5416/3/2
f 5381/1/2 5399/1/2 5417/1/2
f 5416/3/2 5381/3/2 5417/3/2
f 5399/1/2 5400/1/2 5417/1/2
f 5417/1/2 5400/1/2 5418/1/2
f 5405/3/2 5406/3/2 5419/3/2
f 5404/3/2 5405/3/2 5419/3/2
f 5407/3/2 5408/3/2 5420/3/2
f 5406/2/2 5407/2/2 5420/2/2
f 5408/1/2 5409/1/2 5421/1/2
f 5420/3/2 5408/3/2 5421/3/2
f 5409/3/2 5410/3/2 5422/3/2
f 5421/1/2 5409/1/2 5422/1/2
f 5410/1/2 5411/1/2 5423/1/2
f 5422/3/2 5410/3/2 5423/3/2
f 5423/1/2 5411/1/2 5424/1/2
f 5412/3/2 5413/3/2 5425/3/2
f 5413/2/2 5395/2/2 5426/2/2
f 5425/3/2 5413/3/2 5426/3/2
f 5395/1/2 5414/1/2 5427/1/2
f 5426/2/2 5395/2/2 5427/2/2
f 5414/2/2 5415/2/2 5428/2/2
f 5427/1/2 5414/1/2 5428/1/2
f 5415/2/2 5416/2/2 5428/2/2
f 5428/2/2 5416/2/2 5429/2/2
f 5416/3/2 5417/3/2 5430/3/2
f 5429/2/2 5416/2/2 5430/2/2
f 5430/3/2 5417/3/2 5431/3/2
f 5419/3/2 5406/3/2 5434/3/2
f 5406/2/2 5420/2/2 5435/2/2
f 5434/3/2 5406/3/2 5435/3/2
f 5420/1/2 5421/1/2 5436/1/2
f 5435/2/2 5420/2/2 5436/2/2
f 5421/3/2 5422/3/2 5437/3/2
f 5436/1/2 5421/1/2 5437/1/2
f 5422/2/2 5423/2/2 5438/2/2
f 5437/3/2 5422/3/2 5438/3/2
f 5423/2/2 5424/2/2 5438/2/2
f 5438/2/2 5424/2/2 5439/2/2
f 5426/4/2 5427/4/2 5441/4/2
f 5425/4/2 5426/4/2 5441/4/2
f 5428/4/2 5429/4/2 5441/4/2
f 5427/4/2 5428/4/2 5441/4/2
f 5441/4/2 5429/4/2 5442/4/2
f 5442/4/2 5429/4/2 5443/4/2
f 5443/4/2 5429/4/2 5444/4/2
f 5432/4/2 5433/4/2 5445/4/2
f 5445/4/2 5433/4/2 5446/4/2
f 5437/4/2 5438/4/2 5447/4/2
f 5436/4/2 5437/4/2 5447/4/2
f 5435/4/2 5436/4/2 5447/4/2
f 5438/4/2 5439/4/2 5447/4/2
f 5434/4/2 5435/4/2 5447/4/2
f 5447/4/2 5439/4/2 5448/4/2
f 5448/4/2 5439/4/2 5449/4/2
f 5449/4/2 5439/4/2 5450/4/2
f 5450/4/2 5439/4/2 5451/4/2
f 5451/4/2 5439/4/2 5452/4/2
f 5452/4/2 5439/4/2 5453/4/2
f 5441/1/2 5442/1/2 5455/1/2
f 5440/1/2 5441/1/2 5455/1/2
f 5455/1/2 5442/1/2 5456/1/2
f 5456/1/2 5442/1/2 5457/1/2
f 5442/3/2 5443/3/2 5458/3/2
f 5457/1/2 5442/1/2 5458/1/2
f 5458/3/2 5443/3/2 5459/3/2
f 5445/3/2 5446/3/2 5460/3/2
f 5460/3/2 5446/3/2 5461/3/2
f 5447/2/2 5448/2/2 5462/2/2
f 5448/3/2 5449/3/2 5463/3/2
f 5462/2/2 5448/2/2 5463/2/2
f 5463/3/2 5449/3/2 5464/3/2
f 5449/2/2 5450/2/2 5465/2/2
f 5464/3/2 5449/3/2 5465/3/2
f 5450/1/2 5451/1/2 5466/1/2
f 5465/2/2 5450/2/2 5466/2/2
f 5451/2/2 5452/2/2 5467/2/2
f 5466/1/2 5451/1/2 5467/1/2
f 5452/1/2 5453/1/2 5468/1/2
f 5467/2/2 5452/2/2 5468/2/2
f 5468/1/2 5453/1/2 5469/1/2
f 5454/1/2 5455/1/2 5471/1/2
f 5455/3/2 5456/3/2 5472/3/2
f 5471/1/2 5455/1/2 5472/1/2
f 5456/2/2 5457/2/2 5473/2/2
f 5472/3/2 5456/3/2 5473/3/2
f 5457/3/2 5458/3/2 5474/3/2
f 5473/2/2 5457/2/2 5474/2/2
f 5474/3/2 5458/3/2 5475/3/2
f 5462/3/2 5463/3/2 5476/3/2
f 5463/2/2 5464/2/2 5477/2/2
f 5476/3/2 5463/3/2 5477/3/2
f 5464/1/2 5465/1/2 5478/1/2
f 5477/2/2 5464/2/2 5478/2/2
f 5466/1/2 5467/1/2 5479/1/2
f 5465/3/2 5466/3/2 5479/3/2
f 5467/3/2 5468/3/2 5480/3/2
f 5479/1/2 5467/1/2 5480/1/2
f 5468/2/2 5469/2/2 5481/2/2
f 5480/3/2 5468/3/2 5481/3/2
f 5481/2/2 5469/2/2 5482/2/2
f 5471/4/2 5472/4/2 5483/4/2
f 5470/4/2 5471/4/2 5483/4/2
f 5472/4/2 5473/4/2 5483/4/2
f 5473/4/2 5474/4/2 5483/4/2
f 5483/4/2 5474/4/2 5484/4/2
f 5477/1/2 5478/1/2 5488/1/2
f 5476/1/2 5477/1/2 5488/1/2
f 5488/1/2 5478/1/2 5489/1/2
f 5478/1/2 5465/1/2 5490/1/2
f 5489/1/2 5478/1/2 5490/1/2
f 5465/3/2 5479/3/2 5491/3/2
f 5490/1/2 5465/1/2 5491/1/2
f 5479/2/2 5480/2/2 5492/2/2
f 5491/3/2 5479/3/2 5492/3/2
f 5480/3/2 5481/3/2 5493/3/2
f 5492/2/2 5480/2/2 5493/2/2
f 5481/1/2 5482/1/2 5494/1/2
f 5493/3/2 5481/3/2 5494/3/2
f 5494/1/2 5482/1/2 5495/1/2
f 5470/4/2 5483/4/2 5497/4/2
f 5485/3/2 5486/3/2 5498/3/2
f 5486/2/2 5487/2/2 5499/2/2
f 5498/3/2 5486/3/2 5499/3/2
f 5499/2/2 5487/2/2 5500/2/2
f 5488/2/2 5489/2/2 5501/2/2
f 5489/1/2 5490/1/2 5502/1/2
f 5501/2/2 5489/2/2 5502/2/2
f 5490/3/2 5491/3/2 5503/3/2
f 5502/1/2 5490/1/2 5503/1/2
f 5492/3/2 5493/3/2 5503/3/2
f 5491/3/2 5492/3/2 5503/3/2
f 5493/1/2 5494/1/2 5504/1/2
f 5503/3/2 5493/3/2 5504/3/2
f 5494/2/2 5495/2/2 5505/2/2
f 5504/1/2 5494/1/2 5505/1/2
f 5505/2/2 5495/2/2 5506/2/2
f 5496/4/2 5497/4/2 5507/4/2
f 5497/4/2 5483/4/2 5507/4/2
f 5501/4/2 5502/4/2 5509/4/2
f 5505/4/2 5506/4/2 5509/4/2
f 5503/4/2 5504/4/2 5509/4/2
f 5504/4/2 5505/4/2 5509/4/2
f 5502/4/2 5503/4/2 5509/4/2
f 5509/4/2 5506/4/2 5510/4/2
f 5507/4/2 5508/4/2 5511/4/2
f 5496/4/2 5507/4/2 5511/4/2
f 5511/4/2 5508/4/2 5512/4/2
f 5499/4/2 5500/4/2 5513/4/2
f 5498/4/2 5499/4/2 5513/4/2
f 5513/4/2 5500/4/2 5514/4/2
f 5515/4/2 5516/4/2 5519/4/2
f 5519/4/2 5516/4/2 5520/4/2
f 5517/4/2 5518/4/2 5521/4/2
f 5521/4/2 5518/4/2 5522/4/2
f 5522/4/2 5518/4/2 5523/4/2
f 5523/4/2 5518/4/2 5524/4/2
f 5524/4/2 5518/4/2 5525/4/2
f 5525/4/2 5518/4/2 5526/4/2
f 5526/4/2 5518/4/2 5527/4/2
f 5527/4/2 5518/4/2 5528/4/2
f 5528/4/2 5518/4/2 5529/4/2
f 5529/4/2 5518/4/2 5530/4/2
f 5530/4/2 5518/4/2 5531/4/2
f 5531/4/2 5518/4/2 5532/4/2
f 5532/4/2 5518/4/2 5533/4/2
f 5533/4/2 5518/4/2 5534/4/2
f 5534/4/2 5518/4/2 5535/4/2
f 5535/4/2 5518/4/2 5536/4/2
f 5536/4/2 5518/4/2 5537/4/2
f 5537/4/2 5518/4/2 5538/4/2
f 5538/4/2 5518/4/2 5539/4/2
f 5539/4/2 5518/4/2 5540/4/2
f 5540/4/2 5518/4/2 5541/4/2
f 5541/4/2 5518/4/2 5542/4/2
f 5542/4/2 5518/4/2 5543/4/2
f 5543/4/2 5518/4/2 5544/4/2
f 5544/4/2 5518/4/2 5545/4/2
f 5545/4/2 5518/4/2 5546/4/2
f 5546/4/2 5518/4/2 5547/4/2
f 5548/1/2 5549/1/2 5552/1/2
f 5552/1/2 5549/1/2 5553/1/2
f 5550/2/2 5551/2/2 5556/2/2
f 5556/2/2 5551/2/2 5557/2/2
f 5554/2/2 5555/2/2 5560/2/2
f 5560/2/2 5555/2/2 5561/2/2
f 5558/4/2 5559/4/2 5564/4/2
f 5564/4/2 5559/4/2 5565/4/2
f 5562/2/2 5563/2/2 5566/2/2
f 5566/2/2 5563/2/2 5567/2/2
f 5568/2/2 5569/2/2 5572/2/2
f 5572/2/2 5569/2/2 5573/2/2
f 5570/1/2 5571/1/2 5575/1/2
f 5575/1/2 5571/1/2 5576/1/2
f 5574/4/2 5575/4/2 5578/4/2
f 5578/4/2 5575/4/2 5579/4/2
f 5579/4/2 5575/4/2 5580/4/2
f 5577/3/2 5578/3/2 5582/3/2
f 5582/3/2 5578/3/2 5583/3/2
f 5581/2/2 5582/2/2 5585/2/2
f 5585/2/2 5582/2/2 5586/2/2
f 5584/4/2 5585/4/2 5588/4/2
f 5588/4/2 5585/4/2 5589/4/2
f 5587/4/2 5588/4/2 5589/4/2
f 5587/4/2 5589/4/2 5590/4/2
f 5590/4/2 5589/4/2 5591/4/2
f 5591/4/2 5589/4/2 5592/4/2
f 5592/4/2 5589/4/2 5593/4/2
f 5594/4/2 5595/4/2 5598/4/2
f 5598/4/2 5595/4/2 5599/4/2
f 5596/3/2 5597/3/2 5602/3/2
f 5602/3/2 5597/3/2 5603/3/2
f 5600/1/2 5601/1/2 5606/1/2
f 5606/1/2 5601/1/2 5607/1/2
f 5604/3/2 5605/3/2 5610/3/2
f 5610/3/2 5605/3/2 5611/3/2
f 5608/4/2 5609/4/2 5614/4/2
f 5614/4/2 5609/4/2 5615/4/2
f 5612/1/2 5613/1/2 5618/1/2
f 5618/1/2 5613/1/2 5619/1/2
f 5616/1/2 5617/1/2 5620/1/2
f 5620/1/2 5617/1/2 5621/1/2
f 5622/3/2 5623/3/2 5626/3/2
f 5626/3/2 5623/3/2 5627/3/2
f 5624/2/2 5625/2/2 5631/2/2
f 5631/2/2 5625/2/2 5632/2/2
f 5627/3/2 5628/3/2 5633/3/2
f 5633/3/2 5628/3/2 5634/3/2
f 5629/4/2 5630/4/2 5639/4/2
f 5639/4/2 5630/4/2 5640/4/2
f 5635/4/2 5636/4/2 5641/4/2
f 5641/4/2 5636/4/2 5642/4/2
f 5637/2/2 5638/2/2 5644/2/2
f 5644/2/2 5638/2/2 5645/2/2
f 5643/3/2 5644/3/2 5647/3/2
f 5647/3/2 5644/3/2 5648/3/2
f 5648/3/2 5644/3/2 5649/3/2
f 5646/2/2 5647/2/2 5651/2/2
f 5651/2/2 5647/2/2 5652/2/2
f 5650/1/2 5651/1/2 5654/1/2
f 5654/1/2 5651/1/2 5655/1/2
f 5653/4/2 5654/4/2 5658/4/2
f 5658/4/2 5654/4/2 5659/4/2
f 5656/3/2 5657/3/2 5661/3/2
f 5657/2/2 5658/2/2 5662/2/2
f 5661/3/2 5657/3/2 5662/3/2
f 5662/2/2 5658/2/2 5663/2/2
f 5660/2/2 5661/2/2 5665/2/2
f 5661/1/2 5662/1/2 5666/1/2
f 5665/2/2 5661/2/2 5666/2/2
f 5666/1/2 5662/1/2 5667/1/2
f 5665/2/2 5666/2/2 5668/2/2
f 5664/3/2 5665/3/2 5669/3/2
f 5665/2/2 5668/2/2 5670/2/2
f 5669/3/2 5665/3/2 5670/3/2
f 5670/2/2 5668/2/2 5671/2/2
f 5669/4/2 5670/4/2 5672/4/2
f 5670/4/2 5671/4/2 5672/4/2
f 5672/4/2 5671/4/2 5673/4/2
f 5674/1/2 5675/1/2 5676/1/2
f 5676/1/2 5675/1/2 5677/1/2
f 5676/2/2 5677/2/2 5680/2/2
f 5680/2/2 5677/2/2 5681/2/2
f 5678/2/2 5679/2/2 5684/2/2
f 5684/2/2 5679/2/2 5685/2/2
f 5680/1/2 5681/1/2 5686/1/2
f 5686/1/2 5681/1/2 5687/1/2
f 5682/4/2 5683/4/2 5690/4/2
f 5690/4/2 5683/4/2 5691/4/2
f 5686/4/2 5687/4/2 5692/4/2
f 5692/4/2 5687/4/2 5693/4/2
f 5688/1/2 5689/1/2 5696/1/2
f 5696/1/2 5689/1/2 5697/1/2
f 5694/3/2 5695/3/2 5702/3/2
f 5702/3/2 5695/3/2 5703/3/2
f 5698/3/2 5699/3/2 5704/3/2
f 5704/3/2 5699/3/2 5705/3/2
f 5700/3/2 5701/3/2 5707/3/2
f 5707/3/2 5701/3/2 5708/3/2
f 5706/1/2 5707/1/2 5711/1/2
f 5711/1/2 5707/1/2 5712/1/2
f 5709/4/2 5710/4/2 5717/4/2
f 5717/4/2 5710/4/2 5718/4/2
f 5713/4/2 5714/4/2 5719/4/2
f 5719/4/2 5714/4/2 5720/4/2
f 5715/1/2 5716/1/2 5722/1/2
f 5722/1/2 5716/1/2 5723/1/2
f 5721/2/2 5722/2/2 5726/2/2
f 5726/2/2 5722/2/2 5727/2/2
f 5724/1/2 5725/1/2 5729/1/2
f 5729/1/2 5725/1/2 5730/1/2
f 5728/2/2 5729/2/2 5732/2/2
f 5732/2/2 5729/2/2 5733/2/2
f 5731/4/2 5732/4/2 5735/4/2
f 5735/4/2 5732/4/2 5736/4/2
f 5736/4/2 5732/4/2 5737/4/2
f 5734/3/2 5735/3/2 5739/3/2
f 5735/1/2 5736/1/2 5740/1/2
f 5739/3/2 5735/3/2 5740/3/2
f 5740/1/2 5736/1/2 5741/1/2
f 5738/2/2 5739/2/2 5743/2/2
f 5739/2/2 5740/2/2 5743/2/2
f 5743/2/2 5740/2/2 5744/2/2
f 5744/2/2 5740/2/2 5745/2/2
f 5742/2/2 5743/2/2 5746/2/2
f 5743/3/2 5744/3/2 5747/3/2
f 5746/2/2 5743/2/2 5747/2/2
f 5747/3/2 5744/3/2 5748/3/2
f 5746/3/2 5747/3/2 5749/3/2
f 5747/2/2 5748/2/2 5750/2/2
f 5749/3/2 5747/3/2 5750/3/2
f 5750/2/2 5748/2/2 5751/2/2
f 5749/4/2 5750/4/2 5752/4/2
f 5750/4/2 5751/4/2 5752/4/2
f 5752/4/2 5751/4/2 5753/4/2
f 5754/4/2 5755/4/2 5756/4/2
f 5756/4/2 5755/4/2 5757/4/2
f 5758/2/2 5759/2/2 5760/2/2
f 5760/2/2 5759/2/2 5761/2/2
f 5762/4/2 5763/4/2 5766/4/2
f 5766/4/2 5763/4/2 5767/4/2
f 5764/1/2 5765/1/2 5770/1/2
f 5770/1/2 5765/1/2 5771/1/2
f 5768/3/2 5769/3/2 5774/3/2
f 5774/3/2 5769/3/2 5775/3/2
f 5772/3/2 5773/3/2 5777/3/2
f 5777/3/2 5773/3/2 5778/3/2
f 5776/1/2 5777/1/2 5781/1/2
f 5781/1/2 5777/1/2 5782/1/2
f 5779/4/2 5780/4/2 5785/4/2
f 5785/4/2 5780/4/2 5786/4/2
f 5783/1/2 5784/1/2 5788/1/2
f 5784/2/2 5785/2/2 5789/2/2
f 5788/1/2 5784/1/2 5789/1/2
f 5789/2/2 5785/2/2 5790/2/2
f 5787/2/2 5788/2/2 5792/2/2
f 5792/2/2 5788/2/2 5793/2/2
f 5791/2/2 5792/2/2 5795/2/2
f 5795/2/2 5792/2/2 5796/2/2
f 5796/2/2 5792/2/2 5797/2/2
f 5794/2/2 5795/2/2 5799/2/2
f 5795/3/2 5796/3/2 5800/3/2
f 5799/2/2 5795/2/2 5800/2/2
f 5800/3/2 5796/3/2 5801/3/2
f 5798/4/2 5799/4/2 5803/4/2
f 5803/4/2 5799/4/2 5804/4/2
f 5802/3/2 5803/3/2 5806/3/2
f 5803/1/2 5804/1/2 5807/1/2
f 5806/3/2 5803/3/2 5807/3/2
f 5807/1/2 5804/1/2 5808/1/2
f 5805/1/2 5806/1/2 5810/1/2
f 5806/1/2 5807/1/2 5810/1/2
f 5810/1/2 5807/1/2 5811/1/2
f 5811/1/2 5807/1/2 5812/1/2
f 5809/2/2 5810/2/2 5813/2/2
f 5810/2/2 5811/2/2 5813/2/2
f 5813/2/2 5811/2/2 5814/2/2
f 5813/3/2 5814/3/2 5815/3/2
f 5815/3/2 5814/3/2 5816/3/2
f 5815/4/2 5816/4/2 5817/4/2
f 5817/4/2 5816/4/2 5818/4/2
f 5819/2/2 5820/2/2 5849/2/2
f 5849/2/2 5820/2/2 5850/2/2
f 5850/2/2 5820/2/2 5851/2/2
f 5821/1/2 5822/1/2 5852/1/2
f 5822/2/2 5823/2/2 5853/2/2
f 5852/1/2 5822/1/2 5853/1/2
f 5823/1/2 5824/1/2 5854/1/2
f 5853/2/2 5823/2/2 5854/2/2
f 5824/3/2 5825/3/2 5855/3/2
f 5854/1/2 5824/1/2 5855/1/2
f 5825/2/2 5826/2/2 5856/2/2
f 5855/3/2 5825/3/2 5856/3/2
f 5826/1/2 5827/1/2 5857/1/2
f 5856/2/2 5826/2/2 5857/2/2
f 5827/2/2 5828/2/2 5858/2/2
f 5857/1/2 5827/1/2 5858/1/2
f 5828/3/2 5829/3/2 5859/3/2
f 5858/2/2 5828/2/2 5859/2/2
f 5829/2/2 5830/2/2 5860/2/2
f 5859/3/2 5829/3/2 5860/3/2
f 5830/1/2 5831/1/2 5861/1/2
f 5860/2/2 5830/2/2 5861/2/2
f 5861/1/2 5831/1/2 5862/1/2
f 5831/3/2 5832/3/2 5863/3/2
f 5862/1/2 5831/1/2 5863/1/2
f 5863/3/2 5832/3/2 5864/3/2
f 5832/2/2 5833/2/2 5865/2/2
f 5864/3/2 5832/3/2 5865/3/2
f 5833/3/2 5834/3/2 5866/3/2
f 5865/2/2 5833/2/2 5866/2/2
f 5834/1/2 5835/1/2 5867/1/2
f 5866/3/2 5834/3/2 5867/3/2
f 5835/2/2 5836/2/2 5868/2/2
f 5867/1/2 5835/1/2 5868/1/2
f 5836/1/2 5837/1/2 5869/1/2
f 5868/2/2 5836/2/2 5869/2/2
f 5869/1/2 5837/1/2 5870/1/2
f 5870/1/2 5837/1/2 5871/1/2
f 5871/1/2 5837/1/2 5872/1/2
f 5837/2/2 5838/2/2 5873/2/2
f 5872/1/2 5837/1/2 5873/1/2
f 5873/2/2 5838/2/2 5874/2/2
f 5874/2/2 5838/2/2 5875/2/2
f 5838/1/2 5839/1/2 5876/1/2
f 5875/2/2 5838/2/2 5876/2/2
f 5876/1/2 5839/1/2 5877/1/2
f 5839/2/2 5840/2/2 5878/2/2
f 5877/1/2 5839/1/2 5878/1/2
f 5878/2/2 5840/2/2 5879/2/2
f 5879/2/2 5840/2/2 5880/2/2
f 5880/2/2 5840/2/2 5881/2/2
f 5840/3/2 5841/3/2 5882/3/2
f 5881/2/2 5840/2/2 5882/2/2
f 5841/1/2 5842/1/2 5883/1/2
f 5882/3/2 5841/3/2 5883/3/2
f 5883/1/2 5842/1/2 5884/1/2
f 5842/2/2 5843/2/2 5885/2/2
f 5884/1/2 5842/1/2 5885/1/2
f 5843/3/2 5844/3/2 5886/3/2
f 5885/2/2 5843/2/2 5886/2/2
f 5844/2/2 5845/2/2 5887/2/2
f 5886/3/2 5844/3/2 5887/3/2
f 5845/3/2 5846/3/2 5888/3/2
f 5887/2/2 5845/2/2 5888/2/2
f 5846/1/2 5847/1/2 5889/1/2
f 5888/3/2 5846/3/2 5889/3/2
f 5889/1/2 5847/1/2 5890/1/2
f 5848/1/2 5849/1/2 5893/1/2
f 5893/1/2 5849/1/2 5894/1/2
f 5891/3/2 5892/3/2 5896/3/2
f 5896/3/2 5892/3/2 5897/3/2
f 5895/4/2 5896/4/2 5900/4/2
f 5900/4/2 5896/4/2 5901/4/2
f 5898/3/2 5899/3/2 5904/3/2
f 5904/3/2 5899/3/2 5905/3/2
f 5902/2/2 5903/2/2 5907/2/2
f 5907/2/2 5903/2/2 5908/2/2
f 5906/2/2 5907/2/2 5910/2/2
f 5910/2/2 5907/2/2 5911/2/2
f 5911/2/2 5907/2/2 5912/2/2
f 5909/3/2 5910/3/2 5917/3/2
f 5917/3/2 5910/3/2 5918/3/2
f 5913/2/2 5914/2/2 5919/2/2
f 5919/2/2 5914/2/2 5920/2/2
f 5915/4/2 5916/4/2 5922/4/2
f 5922/4/2 5916/4/2 5923/4/2
f 5921/3/2 5922/3/2 5926/3/2
f 5926/3/2 5922/3/2 5927/3/2
f 5924/3/2 5925/3/2 5929/3/2
f 5925/2/2 5926/2/2 5930/2/2
f 5929/3/2 5925/3/2 5930/3/2
f 5930/2/2 5926/2/2 5931/2/2
f 5928/3/2 5929/3/2 5933/3/2
f 5933/3/2 5929/3/2 5934/3/2
f 5932/2/2 5933/2/2 5936/2/2
f 5936/2/2 5933/2/2 5937/2/2
f 5935/4/2 5936/4/2 5938/4/2
f 5938/4/2 5936/4/2 5939/4/2
f 5939/4/2 5936/4/2 5940/4/2
f 5938/3/2 5939/3/2 5942/3/2
f 5942/3/2 5939/3/2 5943/3/2
f 5941/1/2 5942/1/2 5945/1/2
f 5942/2/2 5943/2/2 5946/2/2
f 5945/1/2 5942/1/2 5946/1/2
f 5946/2/2 5943/2/2 5947/2/2
f 5944/2/2 5945/2/2 5948/2/2
f 5945/3/2 5946/3/2 5949/3/2
f 5948/2/2 5945/2/2 5949/2/2
f 5949/3/2 5946/3/2 5950/3/2
f 5948/1/2 5949/1/2 5951/1/2
f 5949/2/2 5950/2/2 5952/2/2
f 5951/1/2 5949/1/2 5952/1/2
f 5952/2/2 5950/2/2 5953/2/2
f 5951/4/2 5952/4/2 5954/4/2
f 5952/4/2 5953/4/2 5954/4/2
f 5954/4/2 5953/4/2 5955/4/2
f 5956/1/2 5957/1/2 5958/1/2
f 5958/1/2 5957/1/2 5959/1/2
f 5960/3/2 5961/3/2 5963/3/2
f 5963/3/2 5961/3/2 5964/3/2
f 5962/4/2 5963/4/2 5967/4/2
f 5967/4/2 5963/4/2 5968/4/2
f 5965/2/2 5966/2/2 5971/2/2
f 5971/2/2 5966/2/2 5972/2/2
f 5969/2/2 5970/2/2 5974/2/2
f 5974/2/2 5970/2/2 5975/2/2
f 5973/3/2 5974/3/2 5978/3/2
f 5978/3/2 5974/3/2 5979/3/2
f 5976/1/2 5977/1/2 5981/1/2
f 5981/1/2 5977/1/2 5982/1/2
f 5980/4/2 5981/4/2 5984/4/2
f 5984/4/2 5981/4/2 5985/4/2
f 5985/4/2 5981/4/2 5986/4/2
f 5983/2/2 5984/2/2 5988/2/2
f 5988/2/2 5984/2/2 5989/2/2
f 5987/3/2 5988/3/2 5991/3/2
f 5991/3/2 5988/3/2 5992/3/2
f 5990/1/2 5991/1/2 5994/1/2
f 5994/1/2 5991/1/2 5995/1/2
f 5995/1/2 5991/1/2 5996/1/2
f 5993/2/2 5994/2/2 5998/2/2
f 5994/2/2 5995/2/2 5998/2/2
f 5998/2/2 5995/2/2 5999/2/2
f 5999/2/2 5995/2/2 6000/2/2
f 5997/4/2 5998/4/2 6002/4/2
f 5998/4/2 5999/4/2 6002/4/2
f 6002/4/2 5999/4/2 6003/4/2
f 6003/4/2 5999/4/2 6004/4/2
f 6001/2/2 6002/2/2 6005/2/2
f 6002/1/2 6003/1/2 6006/1/2
f 6005/2/2 6002/2/2 6006/2/2
f 6006/1/2 6003/1/2 6007/1/2
f 6005/1/2 6006/1/2 6009/1/2
f 6006/2/2 6007/2/2 6010/2/2
f 6009/1/2 6006/1/2 6010/1/2
f 6010/2/2 6007/2/2 6011/2/2
f 6008/2/2 6009/2/2 6012/2/2
f 6009/1/2 6010/1/2 6012/1/2
f 6012/1/2 6010/1/2 6013/1/2
f 6008/2/2 6012/2/2 6014/2/2
f 6012/2/2 6013/2/2 6014/2/2
f 6014/2/2 6013/2/2 6015/2/2
f 6014/4/2 6015/4/2 6016/4/2
f 6016/4/2 6015/4/2 6017/4/2
f 6018/1/2 6019/1/2 6049/1/2
f 6049/1/2 6019/1/2 6050/1/2
f 6050/1/2 6019/1/2 6051/1/2
f 6020/3/2 6021/3/2 6052/3/2
f 6021/2/2 6022/2/2 6053/2/2
f 6052/3/2 6021/3/2 6053/3/2
f 6022/1/2 6023/1/2 6054/1/2
f 6053/2/2 6022/2/2 6054/2/2
f 6023/2/2 6024/2/2 6055/2/2
f 6054/1/2 6023/1/2 6055/1/2
f 6024/3/2 6025/3/2 6056/3/2
f 6055/2/2 6024/2/2 6056/2/2
f 6025/2/2 6026/2/2 6057/2/2
f 6056/3/2 6025/3/2 6057/3/2
f 6026/1/2 6027/1/2 6058/1/2
f 6057/2/2 6026/2/2 6058/2/2
f 6027/3/2 6028/3/2 6059/3/2
f 6058/1/2 6027/1/2 6059/1/2
f 6059/3/2 6028/3/2 6060/3/2
f 6028/2/2 6029/2/2 6061/2/2
f 6060/3/2 6028/3/2 6061/3/2
f 6029/1/2 6030/1/2 6062/1/2
f 6061/2/2 6029/2/2 6062/2/2
f 6030/2/2 6031/2/2 6063/2/2
f 6062/1/2 6030/1/2 6063/1/2
f 6063/2/2 6031/2/2 6064/2/2
f 6031/1/2 6032/1/2 6065/1/2
f 6064/2/2 6031/2/2 6065/2/2
f 6032/3/2 6033/3/2 6066/3/2
f 6065/1/2 6032/1/2 6066/1/2
f 6033/2/2 6034/2/2 6067/2/2
f 6066/3/2 6033/3/2 6067/3/2
f 6067/2/2 6034/2/2 6068/2/2
f 6068/2/2 6034/2/2 6069/2/2
f 6034/1/2 6035/1/2 6070/1/2
f 6069/2/2 6034/2/2 6070/2/2
f 6035/2/2 6036/2/2 6071/2/2
f 6070/1/2 6035/1/2 6071/1/2
f 6071/2/2 6036/2/2 6072/2/2
f 6036/1/2 6037/1/2 6073/1/2
f 6072/2/2 6036/2/2 6073/2/2
f 6073/1/2 6037/1/2 6074/1/2
f 6037/2/2 6038/2/2 6075/2/2
f 6074/1/2 6037/1/2 6075/1/2
f 6038/3/2 6039/3/2 6076/3/2
f 6075/2/2 6038/2/2 6076/2/2
f 6039/1/2 6040/1/2 6077/1/2
f 6076/3/2 6039/3/2 6077/3/2
f 6040/2/2 6041/2/2 6078/2/2
f 6077/1/2 6040/1/2 6078/1/2
f 6041/1/2 6042/1/2 6079/1/2
f 6078/2/2 6041/2/2 6079/2/2
f 6042/2/2 6043/2/2 6080/2/2
f 6079/1/2 6042/1/2 6080/1/2
f 6080/2/2 6043/2/2 6081/2/2
f 6043/1/2 6044/1/2 6082/1/2
f 6081/2/2 6043/2/2 6082/2/2
f 6082/1/2 6044/1/2 6083/1/2
f 6044/2/2 6045/2/2 6084/2/2
f 6083/1/2 6044/1/2 6084/1/2
f 6045/1/2 6046/1/2 6085/1/2
f 6084/2/2 6045/2/2 6085/2/2
f 6046/2/2 6047/2/2 6086/2/2
f 6085/1/2 6046/1/2 6086/1/2
f 6086/2/2 6047/2/2 6087/2/2
f 6048/2/2 6049/2/2 6089/2/2
f 6089/2/2 6049/2/2 6090/2/2
f 6088/4/2 6089/4/2 6093/4/2
f 6093/4/2 6089/4/2 6094/4/2
f 6091/1/2 6092/1/2 6096/1/2
f 6096/1/2 6092/1/2 6097/1/2
f 6095/2/2 6096/2/2 6099/2/2
f 6099/2/2 6096/2/2 6100/2/2
f 6100/2/2 6096/2/2 6101/2/2
f 6098/3/2 6099/3/2 6104/3/2
f 6104/3/2 6099/3/2 6105/3/2
f 6102/1/2 6103/1/2 6107/1/2
f 6103/2/2 6104/2/2 6108/2/2
f 6107/1/2 6103/1/2 6108/1/2
f 6108/2/2 6104/2/2 6109/2/2
f 6106/4/2 6107/4/2 6112/4/2
f 6112/4/2 6107/4/2 6113/4/2
f 6110/2/2 6111/2/2 6117/2/2
f 6111/3/2 6112/3/2 6118/3/2
f 6117/2/2 6111/2/2 6118/2/2
f 6118/3/2 6112/3/2 6119/3/2
f 6114/1/2 6115/1/2 6120/1/2
f 6120/1/2 6115/1/2 6121/1/2
f 6116/2/2 6117/2/2 6123/2/2
f 6117/1/2 6118/1/2 6124/1/2
f 6123/2/2 6117/2/2 6124/2/2
f 6124/1/2 6118/1/2 6125/1/2
f 6122/2/2 6123/2/2 6127/2/2
f 6123/3/2 6124/3/2 6128/3/2
f 6127/2/2 6123/2/2 6128/2/2
f 6128/3/2 6124/3/2 6129/3/2
f 6126/1/2 6127/1/2 6131/1/2
f 6127/3/2 6128/3/2 6132/3/2
f 6131/1/2 6127/1/2 6132/1/2
f 6132/3/2 6128/3/2 6133/3/2
f 6130/4/2 6131/4/2 6135/4/2
f 6131/4/2 6132/4/2 6135/4/2
f 6135/4/2 6132/4/2 6136/4/2
f 6136/4/2 6132/4/2 6137/4/2
f 6134/1/2 6135/1/2 6138/1/2
f 6135/2/2 6136/2/2 6139/2/2
f 6138/1/2 6135/1/2 6139/1/2
f 6139/2/2 6136/2/2 6140/2/2
f 6138/2/2 6139/2/2 6142/2/2
f 6139/1/2 6140/1/2 6143/1/2
f 6142/2/2 6139/2/2 6143/2/2
f 6143/1/2 6140/1/2 6144/1/2
f 6141/3/2 6142/3/2 6145/3/2
f 6142/2/2 6143/2/2 6145/2/2
f 6145/2/2 6143/2/2 6146/2/2
f 6141/3/2 6145/3/2 6147/3/2
f 6145/1/2 6146/1/2 6148/1/2
f 6147/3/2 6145/3/2 6148/3/2
f 6148/1/2 6146/1/2 6149/1/2
f 6147/4/2 6148/4/2 6150/4/2
f 6148/4/2 6149/4/2 6150/4/2
f 6150/4/2 6149/4/2 6151/4/2
f 6152/1/2 6153/1/2 6156/1/2
f 6156/1/2 6153/1/2 6157/1/2
f 6154/3/2 6155/3/2 6190/3/2
f 6155/1/2 6156/1/2 6191/1/2
f 6190/3/2 6155/3/2 6191/3/2
f 6191/1/2 6156/1/2 6192/1/2
f 6157/3/2 6158/3/2 6193/3/2
f 6158/2/2 6159/2/2 6194/2/2
f 6193/3/2 6158/3/2 6194/3/2
f 6159/1/2 6160/1/2 6195/1/2
f 6194/2/2 6159/2/2 6195/2/2
f 6160/3/2 6161/3/2 6196/3/2
f 6195/1/2 6160/1/2 6196/1/2
f 6161/2/2 6162/2/2 6197/2/2
f 6196/3/2 6161/3/2 6197/3/2
f 6162/1/2 6163/1/2 6198/1/2
f 6197/2/2 6162/2/2 6198/2/2
f 6163/2/2 6164/2/2 6199/2/2
f 6198/1/2 6163/1/2 6199/1/2
f 6164/3/2 6165/3/2 6200/3/2
f 6199/2/2 6164/2/2 6200/2/2
f 6165/1/2 6166/1/2 6201/1/2
f 6200/3/2 6165/3/2 6201/3/2
f 6166/3/2 6167/3/2 6202/3/2
f 6201/1/2 6166/1/2 6202/1/2
f 6167/1/2 6168/1/2 6203/1/2
f 6202/3/2 6167/3/2 6203/3/2
f 6168/3/2 6169/3/2 6204/3/2
f 6203/1/2 6168/1/2 6204/1/2
f 6169/2/2 6170/2/2 6205/2/2
f 6204/3/2 6169/3/2 6205/3/2
f 6170/3/2 6171/3/2 6206/3/2
f 6205/2/2 6170/2/2 6206/2/2
f 6171/1/2 6172/1/2 6207/1/2
f 6206/3/2 6171/3/2 6207/3/2
f 6172/3/2 6173/3/2 6208/3/2
f 6207/1/2 6172/1/2 6208/1/2
f 6173/2/2 6174/2/2 6209/2/2
f 6208/3/2 6173/3/2 6209/3/2
f 6174/1/2 6175/1/2 6210/1/2
f 6209/2/2 6174/2/2 6210/2/2
f 6175/2/2 6176/2/2 6211/2/2
f 6210/1/2 6175/1/2 6211/1/2
f 6176/3/2 6177/3/2 6212/3/2
f 6211/2/2 6176/2/2 6212/2/2
f 6177/2/2 6178/2/2 6213/2/2
f 6212/3/2 6177/3/2 6213/3/2
f 6178/1/2 6179/1/2 6214/1/2
f 6213/2/2 6178/2/2 6214/2/2
f 6179/3/2 6180/3/2 6215/3/2
f 6214/1/2 6179/1/2 6215/1/2
f 6180/2/2 6181/2/2 6216/2/2
f 6215/3/2 6180/3/2 6216/3/2
f 6181/1/2 6182/1/2 6217/1/2
f 6216/2/2 6181/2/2 6217/2/2
f 6182/2/2 6183/2/2 6218/2/2
f 6217/1/2 6182/1/2 6218/1/2
f 6183/3/2 6184/3/2 6219/3/2
f 6218/2/2 6183/2/2 6219/2/2
f 6184/1/2 6185/1/2 6220/1/2
f 6219/3/2 6184/3/2 6220/3/2
f 6185/2/2 6186/2/2 6221/2/2
f 6220/1/2 6185/1/2 6221/1/2
f 6186/3/2 6187/3/2 6222/3/2
f 6221/2/2 6186/2/2 6222/2/2
f 6187/2/2 6188/2/2 6223/2/2
f 6222/3/2 6187/3/2 6223/3/2
f 6223/2/2 6188/2/2 6224/2/2
f 6189/4/2 6190/4/2 6227/4/2
f 6227/4/2 6190/4/2 6228/4/2
f 6225/1/2 6226/1/2 6230/1/2
f 6230/1/2 6226/1/2 6231/1/2
f 6229/1/2 6230/1/2 6234/1/2
f 6234/1/2 6230/1/2 6235/1/2
f 6232/1/2 6233/1/2 6237/1/2
f 6233/3/2 6234/3/2 6238/3/2
f 6237/1/2 6233/1/2 6238/1/2
f 6238/3/2 6234/3/2 6239/3/2
f 6236/3/2 6237/3/2 6241/3/2
f 6241/3/2 6237/3/2 6242/3/2
f 6240/4/2 6241/4/2 6244/4/2
f 6244/4/2 6241/4/2 6245/4/2
f 6245/4/2 6241/4/2 6246/4/2
f 6243/3/2 6244/3/2 6248/3/2
f 6244/2/2 6245/2/2 6249/2/2
f 6248/3/2 6244/3/2 6249/3/2
f 6249/2/2 6245/2/2 6250/2/2
f 6247/3/2 6248/3/2 6255/3/2
f 6255/3/2 6248/3/2 6256/3/2
f 6251/2/2 6252/2/2 6257/2/2
f 6252/1/2 6253/1/2 6258/1/2
f 6257/2/2 6252/2/2 6258/2/2
f 6258/1/2 6253/1/2 6259/1/2
f 6254/3/2 6255/3/2 6261/3/2
f 6261/3/2 6255/3/2 6262/3/2
f 6260/2/2 6261/2/2 6264/2/2
f 6264/2/2 6261/2/2 6265/2/2
f 6263/4/2 6264/4/2 6267/4/2
f 6264/4/2 6265/4/2 6267/4/2
f 6267/4/2 6265/4/2 6268/4/2
f 6268/4/2 6265/4/2 6269/4/2
f 6266/3/2 6267/3/2 6270/3/2
f 6267/3/2 6268/3/2 6270/3/2
f 6270/3/2 6268/3/2 6271/3/2
f 6271/3/2 6268/3/2 6272/3/2
f 6270/1/2 6271/1/2 6274/1/2
f 6271/2/2 6272/2/2 6275/2/2
f 6274/1/2 6271/1/2 6275/1/2
f 6275/2/2 6272/2/2 6276/2/2
f 6273/2/2 6274/2/2 6277/2/2
f 6274/2/2 6275/2/2 6277/2/2
f 6277/2/2 6275/2/2 6278/2/2
f 6277/3/2 6278/3/2 6279/3/2
f 6279/3/2 6278/3/2 6280/3/2
f 6279/4/2 6280/4/2 6283/4/2
f 6283/4/2 6280/4/2 6284/4/2
f 6281/4/2 6282/4/2 6285/4/2
f 6285/4/2 6282/4/2 6286/4/2
f 6287/3/2 6288/3/2 6291/3/2
f 6291/3/2 6288/3/2 6292/3/2
f 6289/4/2 6290/4/2 6296/4/2
f 6296/4/2 6290/4/2 6297/4/2
f 6292/4/2 6293/4/2 6298/4/2
f 6298/4/2 6293/4/2 6299/4/2
f 6299/4/2 6293/4/2 6300/4/2
f 6300/4/2 6293/4/2 6301/4/2
f 6301/4/2 6293/4/2 6302/4/2
f 6302/4/2 6293/4/2 6303/4/2
f 6303/4/2 6293/4/2 6304/4/2
f 6304/4/2 6293/4/2 6305/4/2
f 6305/4/2 6293/4/2 6306/4/2
f 6306/4/2 6293/4/2 6307/4/2
f 6307/4/2 6293/4/2 6308/4/2
f 6308/4/2 6293/4/2 6309/4/2
f 6309/4/2 6293/4/2 6310/4/2
f 6310/4/2 6293/4/2 6311/4/2
f 6311/4/2 6293/4/2 6312/4/2
f 6312/4/2 6293/4/2 6313/4/2
f 6313/4/2 6293/4/2 6314/4/2
f 6314/4/2 6293/4/2 6315/4/2
f 6315/4/2 6293/4/2 6316/4/2
f 6316/4/2 6293/4/2 6317/4/2
f 6317/4/2 6293/4/2 6318/4/2
f 6318/4/2 6293/4/2 6319/4/2
f 6319/4/2 6293/4/2 6320/4/2
f 6320/4/2 6293/4/2 6321/4/2
f 6321/4/2 6293/4/2 6322/4/2
f 6322/4/2 6293/4/2 6323/4/2
f 6323/4/2 6293/4/2 6324/4/2
f 6324/4/2 6293/4/2 6325/4/2
f 6325/4/2 6293/4/2 6326/4/2
f 6294/3/2 6295/3/2 6328/3/2
f 6295/2/2 6296/2/2 6329/2/2
f 6328/3/2 6295/3/2 6329/3/2
f 6329/2/2 6296/2/2 6330/2/2
f 6327/3/2 6328/3/2 6332/3/2
f 6332/3/2 6328/3/2 6333/3/2
f 6331/3/2 6332/3/2 6336/3/2
f 6336/3/2 6332/3/2 6337/3/2
f 6334/1/2 6335/1/2 6339/1/2
f 6335/3/2 6336/3/2 6340/3/2
f 6339/1/2 6335/1/2 6340/1/2
f 6340/3/2 6336/3/2 6341/3/2
f 6338/4/2 6339/4/2 6343/4/2
f 6343/4/2 6339/4/2 6344/4/2
f 6342/1/2 6343/1/2 6347/1/2
f 6347/1/2 6343/1/2 6348/1/2
f 6345/3/2 6346/3/2 6350/3/2
f 6346/1/2 6347/1/2 6351/1/2
f 6350/3/2 6346/3/2 6351/3/2
f 6351/1/2 6347/1/2 6352/1/2
f 6349/1/2 6350/1/2 6356/1/2
f 6350/2/2 6351/2/2 6357/2/2
f 6356/1/2 6350/1/2 6357/1/2
f 6357/2/2 6351/2/2 6358/2/2
f 6353/3/2 6354/3/2 6359/3/2
f 6359/3/2 6354/3/2 6360/3/2
f 6355/3/2 6356/3/2 6361/3/2
f 6356/1/2 6357/1/2 6362/1/2
f 6361/3/2 6356/3/2 6362/3/2
f 6362/1/2 6357/1/2 6363/1/2
f 6359/1/2 6360/1/2 6364/1/2
f 6364/1/2 6360/1/2 6365/1/2
f 6362/4/2 6363/4/2 6367/4/2
f 6361/4/2 6362/4/2 6367/4/2
f 6367/4/2 6363/4/2 6368/4/2
f 6368/4/2 6363/4/2 6369/4/2
f 6364/4/2 6365/4/2 6370/4/2
f 6370/4/2 6365/4/2 6371/4/2
f 6366/1/2 6367/1/2 6372/1/2
f 6367/3/2 6368/3/2 6373/3/2
f 6372/1/2 6367/1/2 6373/1/2
f 6373/3/2 6368/3/2 6374/3/2
f 6370/3/2 6371/3/2 6376/3/2
f 6376/3/2 6371/3/2 6377/3/2
f 6372/2/2 6373/2/2 6379/2/2
f 6379/2/2 6373/2/2 6380/2/2
f 6375/3/2 6376/3/2 6381/3/2
f 6376/1/2 6377/1/2 6382/1/2
f 6381/3/2 6376/3/2 6382/3/2
f 6379/3/2 6380/3/2 6383/3/2
f 6378/2/2 6379/2/2 6383/2/2
f 6383/3/2 6380/3/2 6384/3/2
f 6381/1/2 6382/1/2 6385/1/2
f 6378/2/2 6383/2/2 6386/2/2
f 6383/1/2 6384/1/2 6387/1/2
f 6386/2/2 6383/2/2 6387/2/2
f 6387/1/2 6384/1/2 6388/1/2
f 6385/1/2 6382/1/2 6389/1/2
f 6382/1/2 6377/1/2 6390/1/2
f 6389/1/2 6382/1/2 6390/1/2
f 6390/1/2 6377/1/2 6391/1/2
f 6387/4/2 6388/4/2 6392/4/2
f 6386/4/2 6387/4/2 6392/4/2
f 6392/4/2 6388/4/2 6393/4/2
f 6389/4/2 6390/4/2 6394/4/2
f 6394/4/2 6390/4/2 6395/4/2
f 6396/4/2 6397/4/2 6399/4/2
f 6399/4/2 6397/4/2 6400/4/2
f 6400/4/2 6397/4/2 6401/4/2
f 6398/3/2 6399/3/2 6432/3/2
f 6432/3/2 6399/3/2 6433/3/2
f 6401/1/2 6402/1/2 6434/1/2
f 6434/1/2 6402/1/2 6435/1/2
f 6402/3/2 6403/3/2 6436/3/2
f 6435/1/2 6402/1/2 6436/1/2
f 6403/2/2 6404/2/2 6437/2/2
f 6436/3/2 6403/3/2 6437/3/2
f 6437/2/2 6404/2/2 6438/2/2
f 6404/3/2 6405/3/2 6439/3/2
f 6438/2/2 6404/2/2 6439/2/2
f 6405/1/2 6406/1/2 6440/1/2
f 6439/3/2 6405/3/2 6440/3/2
f 6406/2/2 6407/2/2 6441/2/2
f 6440/1/2 6406/1/2 6441/1/2
f 6441/2/2 6407/2/2 6442/2/2
f 6442/2/2 6407/2/2 6443/2/2
f 6407/1/2 6408/1/2 6444/1/2
f 6443/2/2 6407/2/2 6444/2/2
f 6444/1/2 6408/1/2 6445/1/2
f 6408/2/2 6409/2/2 6446/2/2
f 6445/1/2 6408/1/2 6446/1/2
f 6409/1/2 6410/1/2 6447/1/2
f 6446/2/2 6409/2/2 6447/2/2
f 6410/2/2 6411/2/2 6448/2/2
f 6447/1/2 6410/1/2 6448/1/2
f 6411/3/2 6412/3/2 6449/3/2
f 6448/2/2 6411/2/2 6449/2/2
f 6412/1/2 6413/1/2 6450/1/2
f 6449/3/2 6412/3/2 6450/3/2
f 6413/3/2 6414/3/2 6451/3/2
f 6450/1/2 6413/1/2 6451/1/2
f 6414/2/2 6415/2/2 6452/2/2
f 6451/3/2 6414/3/2 6452/3/2
f 6415/3/2 6416/3/2 6453/3/2
f 6452/2/2 6415/2/2 6453/2/2
f 6416/2/2 6417/2/2 6454/2/2
f 6453/3/2 6416/3/2 6454/3/2
f 6417/3/2 6418/3/2 6455/3/2
f 6454/2/2 6417/2/2 6455/2/2
f 6418/1/2 6419/1/2 6456/1/2
f 6455/3/2 6418/3/2 6456/3/2
f 6419/3/2 6420/3/2 6457/3/2
f 6456/1/2 6419/1/2 6457/1/2
f 6420/1/2 6421/1/2 6458/1/2
f 6457/3/2 6420/3/2 6458/3/2
f 6421/2/2 6422/2/2 6459/2/2
f 6458/1/2 6421/1/2 6459/1/2
f 6422/3/2 6423/3/2 6460/3/2
f 6459/2/2 6422/2/2 6460/2/2
f 6423/1/2 6424/1/2 6461/1/2
f 6460/3/2 6423/3/2 6461/3/2
f 6424/2/2 6425/2/2 6462/2/2
f 6461/1/2 6424/1/2 6462/1/2
f 6425/1/2 6426/1/2 6463/1/2
f 6462/2/2 6425/2/2 6463/2/2
f 6426/3/2 6427/3/2 6464/3/2
f 6463/1/2 6426/1/2 6464/1/2
f 6427/2/2 6428/2/2 6465/2/2
f 6464/3/2 6427/3/2 6465/3/2
f 6428/1/2 6429/1/2 6466/1/2
f 6465/2/2 6428/2/2 6466/2/2
f 6466/1/2 6429/1/2 6467/1/2
f 6467/1/2 6429/1/2 6468/1/2
f 6468/1/2 6429/1/2 6469/1/2
f 6430/1/2 6431/1/2 6471/1/2
f 6431/3/2 6432/3/2 6472/3/2
f 6471/1/2 6431/1/2 6472/1/2
f 6472/3/2 6432/3/2 6473/3/2
f 6470/3/2 6471/3/2 6475/3/2
f 6475/3/2 6471/3/2 6476/3/2
f 6474/1/2 6475/1/2 6478/1/2
f 6478/1/2 6475/1/2 6479/1/2
f 6477/4/2 6478/4/2 6481/4/2
f 6481/4/2 6478/4/2 6482/4/2
f 6482/4/2 6478/4/2 6483/4/2
f 6480/1/2 6481/1/2 6485/1/2
f 6481/2/2 6482/2/2 6486/2/2
f 6485/1/2 6481/1/2 6486/1/2
f 6486/2/2 6482/2/2 6487/2/2
f 6484/3/2 6485/3/2 6489/3/2
f 6485/1/2 6486/1/2 6490/1/2
f 6489/3/2 6485/3/2 6490/3/2
f 6490/1/2 6486/1/2 6491/1/2
f 6488/2/2 6489/2/2 6495/2/2
f 6489/3/2 6490/3/2 6496/3/2
f 6495/2/2 6489/2/2 6496/2/2
f 6496/3/2 6490/3/2 6497/3/2
f 6492/3/2 6493/3/2 6498/3/2
f 6498/3/2 6493/3/2 6499/3/2
f 6494/3/2 6495/3/2 6500/3/2
f 6495/3/2 6496/3/2 6500/3/2
f 6500/3/2 6496/3/2 6501/3/2
f 6501/3/2 6496/3/2 6502/3/2
f 6498/1/2 6499/1/2 6503/1/2
f 6503/1/2 6499/1/2 6504/1/2
f 6500/4/2 6501/4/2 6506/4/2
f 6506/4/2 6501/4/2 6507/4/2
f 6503/4/2 6504/4/2 6508/4/2
f 6508/4/2 6504/4/2 6509/4/2
f 6506/2/2 6507/2/2 6511/2/2
f 6505/2/2 6506/2/2 6511/2/2
f 6511/2/2 6507/2/2 6512/2/2
f 6512/2/2 6507/2/2 6513/2/2
f 6508/1/2 6509/1/2 6514/1/2
f 6514/1/2 6509/1/2 6515/1/2
f 6511/1/2 6512/1/2 6516/1/2
f 6510/3/2 6511/3/2 6517/3/2
f 6511/1/2 6516/1/2 6517/1/2
f 6517/1/2 6516/1/2 6518/1/2
f 6510/3/2 6517/3/2 6519/3/2
f 6517/3/2 6518/3/2 6519/3/2
f 6519/3/2 6518/3/2 6520/3/2
f 6519/4/2 6520/4/2 6523/4/2
f 6523/4/2 6520/4/2 6524/4/2
f 6521/4/2 6522/4/2 6525/4/2
f 6525/4/2 6522/4/2 6526/4/2
f 6527/3/2 6528/3/2 6531/3/2
f 6528/2/2 6529/2/2 6532/2/2
f 6531/3/2 6528/3/2 6532/3/2
f 6532/2/2 6529/2/2 6533/2/2
f 6530/3/2 6531/3/2 6558/3/2
f 6558/3/2 6531/3/2 6559/3/2
f 6533/3/2 6534/3/2 6560/3/2
f 6534/2/2 6535/2/2 6561/2/2
f 6560/3/2 6534/3/2 6561/3/2
f 6535/3/2 6536/3/2 6562/3/2
f 6561/2/2 6535/2/2 6562/2/2
f 6536/2/2 6537/2/2 6563/2/2
f 6562/3/2 6536/3/2 6563/3/2
f 6563/2/2 6537/2/2 6564/2/2
f 6537/1/2 6538/1/2 6565/1/2
f 6564/2/2 6537/2/2 6565/2/2
f 6565/1/2 6538/1/2 6566/1/2
f 6566/1/2 6538/1/2 6567/1/2
f 6538/2/2 6539/2/2 6568/2/2
f 6567/1/2 6538/1/2 6568/1/2
f 6539/3/2 6540/3/2 6569/3/2
f 6568/2/2 6539/2/2 6569/2/2
f 6540/1/2 6541/1/2 6570/1/2
f 6569/3/2 6540/3/2 6570/3/2
f 6541/3/2 6542/3/2 6571/3/2
f 6570/1/2 6541/1/2 6571/1/2
f 6571/3/2 6542/3/2 6572/3/2
f 6542/1/2 6543/1/2 6573/1/2
f 6572/3/2 6542/3/2 6573/3/2
f 6543/2/2 6544/2/2 6574/2/2
f 6573/1/2 6543/1/2 6574/1/2
f 6574/2/2 6544/2/2 6575/2/2
f 6544/1/2 6545/1/2 6576/1/2
f 6575/2/2 6544/2/2 6576/2/2
f 6545/2/2 6546/2/2 6577/2/2
f 6576/1/2 6545/1/2 6577/1/2
f 6577/2/2 6546/2/2 6578/2/2
f 6546/1/2 6547/1/2 6579/1/2
f 6578/2/2 6546/2/2 6579/2/2
f 6579/1/2 6547/1/2 6580/1/2
f 6547/3/2 6548/3/2 6581/3/2
f 6580/1/2 6547/1/2 6581/1/2
f 6581/3/2 6548/3/2 6582/3/2
f 6582/3/2 6548/3/2 6583/3/2
f 6548/1/2 6549/1/2 6584/1/2
f 6583/3/2 6548/3/2 6584/3/2
f 6549/3/2 6550/3/2 6585/3/2
f 6584/1/2 6549/1/2 6585/1/2
f 6585/3/2 6550/3/2 6586/3/2
f 6586/3/2 6550/3/2 6587/3/2
f 6550/2/2 6551/2/2 6588/2/2
f 6587/3/2 6550/3/2 6588/3/2
f 6551/3/2 6552/3/2 6589/3/2
f 6588/2/2 6551/2/2 6589/2/2
f 6552/2/2 6553/2/2 6590/2/2
f 6589/3/2 6552/3/2 6590/3/2
f 6553/1/2 6554/1/2 6591/1/2
f 6590/2/2 6553/2/2 6591/2/2
f 6554/3/2 6555/3/2 6592/3/2
f 6591/1/2 6554/1/2 6592/1/2
f 6555/2/2 6556/2/2 6593/2/2
f 6592/3/2 6555/3/2 6593/3/2
f 6593/2/2 6556/2/2 6594/2/2
f 6557/1/2 6558/1/2 6596/1/2
f 6596/1/2 6558/1/2 6597/1/2
f 6597/1/2 6558/1/2 6598/1/2
f 6595/3/2 6596/3/2 6600/3/2
f 6596/2/2 6597/2/2 6601/2/2
f 6600/3/2 6596/3/2 6601/3/2
f 6601/2/2 6597/2/2 6602/2/2
f 6599/4/2 6600/4/2 6604/4/2
f 6600/4/2 6601/4/2 6604/4/2
f 6604/4/2 6601/4/2 6605/4/2
f 6605/4/2 6601/4/2 6606/4/2
f 6603/3/2 6604/3/2 6608/3/2
f 6604/1/2 6605/1/2 6609/1/2
f 6608/3/2 6604/3/2 6609/3/2
f 6609/1/2 6605/1/2 6610/1/2
f 6607/2/2 6608/2/2 6616/2/2
f 6608/3/2 6609/3/2 6617/3/2
f 6616/2/2 6608/2/2 6617/2/2
f 6617/3/2 6609/3/2 6618/3/2
f 6611/2/2 6612/2/2 6619/2/2
f 6613/1/2 6614/1/2 6620/1/2
f 6620/1/2 6614/1/2 6621/1/2
f 6615/1/2 6616/1/2 6623/1/2
f 6616/3/2 6617/3/2 6624/3/2
f 6623/1/2 6616/1/2 6624/1/2
f 6624/3/2 6617/3/2 6625/3/2
f 6620/3/2 6621/3/2 6626/3/2
f 6626/3/2 6621/3/2 6627/3/2
f 6622/3/2 6623/3/2 6629/3/2
f 6623/2/2 6624/2/2 6630/2/2
f 6629/3/2 6623/3/2 6630/3/2
f 6630/2/2 6624/2/2 6631/2/2
f 6611/2/2 6619/2/2 6632/2/2
f 6632/2/2 6619/2/2 6633/2/2
f 6626/2/2 6627/2/2 6634/2/2
f 6634/2/2 6627/2/2 6635/2/2
f 6628/4/2 6629/4/2 6636/4/2
f 6629/4/2 6630/4/2 6636/4/2
f 6636/4/2 6630/4/2 6637/4/2
f 6632/4/2 6633/4/2 6638/4/2
f 6638/4/2 6633/4/2 6639/4/2
f 6634/4/2 6635/4/2 6640/4/2
f 6640/4/2 6635/4/2 6641/4/2
f 6636/1/2 6637/1/2 6643/1/2
f 6643/1/2 6637/1/2 6644/1/2
f 6644/1/2 6637/1/2 6645/1/2
f 6640/2/2 6641/2/2 6646/2/2
f 6646/2/2 6641/2/2 6647/2/2
f 6642/1/2 6643/1/2 6648/1/2
f 6643/3/2 6644/3/2 6649/3/2
f 6648/1/2 6643/1/2 6649/1/2
f 6649/3/2 6644/3/2 6650/3/2
f 6646/3/2 6647/3/2 6652/3/2
f 6649/3/2 6650/3/2 6653/3/2
f 6648/3/2 6649/3/2 6653/3/2
f 6653/3/2 6650/3/2 6654/3/2
f 6651/2/2 6652/2/2 6655/2/2
f 6652/3/2 6647/3/2 6656/3/2
f 6655/2/2 6652/2/2 6656/2/2
f 6656/3/2 6647/3/2 6657/3/2
f 6653/2/2 6654/2/2 6658/2/2
f 6654/3/2 6650/3/2 6659/3/2
f 6658/2/2 6654/2/2 6659/2/2
f 6659/3/2 6650/3/2 6660/3/2
f 6655/3/2 6656/3/2 6661/3/2
f 6656/1/2 6657/1/2 6662/1/2
f 6661/3/2 6656/3/2 6662/3/2
f 6662/1/2 6657/1/2 6663/1/2
f 6659/4/2 6660/4/2 6664/4/2
f 6658/4/2 6659/4/2 6664/4/2
f 6664/4/2 6660/4/2 6665/4/2
f 6661/4/2 6662/4/2 6666/4/2
f 6666/4/2 6662/4/2 6667/4/2
f 6668/2/2 6669/2/2 6672/2/2
f 6669/1/2 6670/1/2 6673/1/2
f 6672/2/2 6669/2/2 6673/2/2
f 6673/1/2 6670/1/2 6674/1/2
f 6671/2/2 6672/2/2 6704/2/2
f 6672/1/2 6673/1/2 6705/1/2
f 6704/2/2 6672/2/2 6705/2/2
f 6705/1/2 6673/1/2 6706/1/2
f 6674/2/2 6675/2/2 6707/2/2
f 6675/3/2 6676/3/2 6708/3/2
f 6707/2/2 6675/2/2 6708/2/2
f 6708/3/2 6676/3/2 6709/3/2
f 6709/3/2 6676/3/2 6710/3/2
f 6676/1/2 6677/1/2 6711/1/2
f 6710/3/2 6676/3/2 6711/3/2
f 6677/2/2 6678/2/2 6712/2/2
f 6711/1/2 6677/1/2 6712/1/2
f 6678/1/2 6679/1/2 6713/1/2
f 6712/2/2 6678/2/2 6713/2/2
f 6713/1/2 6679/1/2 6714/1/2
f 6679/3/2 6680/3/2 6715/3/2
f 6714/1/2 6679/1/2 6715/1/2
f 6680/1/2 6681/1/2 6716/1/2
f 6681/2/2 6682/2/2 6716/2/2
f 6682/3/2 6683/3/2 6717/3/2
f 6716/2/2 6682/2/2 6717/2/2
f 6683/2/2 6684/2/2 6718/2/2
f 6717/3/2 6683/3/2 6718/3/2
f 6684/1/2 6685/1/2 6719/1/2
f 6718/2/2 6684/2/2 6719/2/2
f 6685/2/2 6686/2/2 6720/2/2
f 6719/1/2 6685/1/2 6720/1/2
f 6686/1/2 6687/1/2 6721/1/2
f 6720/2/2 6686/2/2 6721/2/2
f 6687/3/2 6688/3/2 6722/3/2
f 6721/1/2 6687/1/2 6722/1/2
f 6722/3/2 6688/3/2 6723/3/2
f 6723/3/2 6688/3/2 6724/3/2
f 6724/3/2 6688/3/2 6725/3/2
f 6688/1/2 6689/1/2 6726/1/2
f 6725/3/2 6688/3/2 6726/3/2
f 6726/1/2 6689/1/2 6727/1/2
f 6689/2/2 6690/2/2 6728/2/2
f 6690/3/2 6691/3/2 6728/3/2
f 6691/2/2 6692/2/2 6729/2/2
f 6728/3/2 6691/3/2 6729/3/2
f 6692/3/2 6693/3/2 6730/3/2
f 6729/2/2 6692/2/2 6730/2/2
f 6730/3/2 6693/3/2 6731/3/2
f 6731/3/2 6693/3/2 6732/3/2
f 6694/3/2 6695/3/2 6733/3/2
f 6695/2/2 6696/2/2 6733/2/2
f 6733/2/2 6696/2/2 6734/2/2
f 6696/3/2 6697/3/2 6735/3/2
f 6734/2/2 6696/2/2 6735/2/2
f 6697/2/2 6698/2/2 6736/2/2
f 6735/3/2 6697/3/2 6736/3/2
f 6698/3/2 6699/3/2 6737/3/2
f 6736/2/2 6698/2/2 6737/2/2
f 6700/2/2 6701/2/2 6738/2/2
f 6699/1/2 6700/1/2 6738/1/2
f 6738/2/2 6701/2/2 6739/2/2
f 6739/2/2 6701/2/2 6740/2/2
f 6701/3/2 6702/3/2 6741/3/2
f 6740/2/2 6701/2/2 6741/2/2
f 6741/3/2 6702/3/2 6742/3/2
f 6703/3/2 6704/3/2 6746/3/2
f 6746/3/2 6704/3/2 6747/3/2
f 6707/3/2 6708/3/2 6748/3/2
f 6708/2/2 6709/2/2 6749/2/2
f 6748/3/2 6708/3/2 6749/3/2
f 6709/3/2 6710/3/2 6750/3/2
f 6749/2/2 6709/2/2 6750/2/2
f 6710/1/2 6711/1/2 6751/1/2
f 6750/3/2 6710/3/2 6751/3/2
f 6711/1/2 6712/1/2 6751/1/2
f 6712/3/2 6713/3/2 6752/3/2
f 6751/1/2 6712/1/2 6752/1/2
f 6713/1/2 6714/1/2 6753/1/2
f 6752/3/2 6713/3/2 6753/3/2
f 6714/2/2 6715/2/2 6754/2/2
f 6753/1/2 6714/1/2 6754/1/2
f 6715/3/2 6680/3/2 6755/3/2
f 6754/2/2 6715/2/2 6755/2/2
f 6680/1/2 6716/1/2 6756/1/2
f 6755/3/2 6680/3/2 6756/3/2
f 6716/3/2 6717/3/2 6757/3/2
f 6756/1/2 6716/1/2 6757/1/2
f 6717/3/2 6718/3/2 6757/3/2
f 6718/3/2 6719/3/2 6757/3/2
f 6719/2/2 6720/2/2 6758/2/2
f 6757/3/2 6719/3/2 6758/3/2
f 6720/2/2 6721/2/2 6758/2/2
f 6721/3/2 6722/3/2 6759/3/2
f 6758/2/2 6721/2/2 6759/2/2
f 6722/3/2 6723/3/2 6759/3/2
f 6723/2/2 6724/2/2 6760/2/2
f 6759/3/2 6723/3/2 6760/3/2
f 6724/1/2 6725/1/2 6761/1/2
f 6760/2/2 6724/2/2 6761/2/2
f 6726/3/2 6727/3/2 6762/3/2
f 6761/1/2 6725/1/2 6762/1/2
f 6725/3/2 6726/3/2 6762/3/2
f 6727/1/2 6689/1/2 6763/1/2
f 6762/3/2 6727/3/2 6763/3/2
f 6689/2/2 6728/2/2 6764/2/2
f 6763/1/2 6689/1/2 6764/1/2
f 6728/1/2 6729/1/2 6765/1/2
f 6764/2/2 6728/2/2 6765/2/2
f 6729/2/2 6730/2/2 6766/2/2
f 6765/1/2 6729/1/2 6766/1/2
f 6730/2/2 6731/2/2 6766/2/2
f 6731/1/2 6732/1/2 6767/1/2
f 6766/2/2 6731/2/2 6767/2/2
f 6732/3/2 6693/3/2 6768/3/2
f 6767/1/2 6732/1/2 6768/1/2
f 6693/1/2 6694/1/2 6769/1/2
f 6768/3/2 6693/3/2 6769/3/2
f 6733/3/2 6734/3/2 6770/3/2
f 6769/1/2 6694/1/2 6770/1/2
f 6694/3/2 6733/3/2 6770/3/2
f 6734/1/2 6735/1/2 6771/1/2
f 6770/3/2 6734/3/2 6771/3/2
f 6735/1/2 6736/1/2 6771/1/2
f 6736/3/2 6737/3/2 6772/3/2
f 6771/1/2 6736/1/2 6772/1/2
f 6737/3/2 6699/3/2 6773/3/2
f 6772/3/2 6737/3/2 6773/3/2
f 6738/1/2 6739/1/2 6773/1/2
f 6699/1/2 6738/1/2 6773/1/2
f 6739/3/2 6740/3/2 6774/3/2
f 6773/1/2 6739/1/2 6774/1/2
f 6740/1/2 6741/1/2 6775/1/2
f 6774/3/2 6740/3/2 6775/3/2
f 6741/3/2 6742/3/2 6776/3/2
f 6775/1/2 6741/1/2 6776/1/2
f 6742/2/2 6743/2/2 6777/2/2
f 6776/3/2 6742/3/2 6777/3/2
f 6743/3/2 6744/3/2 6778/3/2
f 6777/2/2 6743/2/2 6778/2/2
f 6778/3/2 6744/3/2 6779/3/2
f 6745/4/2 6746/4/2 6782/4/2
f 6782/4/2 6746/4/2 6783/4/2
f 6779/4/2 6780/4/2 6785/4/2
f 6785/4/2 6780/4/2 6786/4/2
f 6781/3/2 6782/3/2 6788/3/2
f 6788/3/2 6782/3/2 6789/3/2
f 6784/1/2 6785/1/2 6790/1/2
f 6785/2/2 6786/2/2 6791/2/2
f 6790/1/2 6785/1/2 6791/1/2
f 6791/2/2 6786/2/2 6792/2/2
f 6787/1/2 6788/1/2 6794/1/2
f 6794/1/2 6788/1/2 6795/1/2
f 6791/1/2 6792/1/2 6796/1/2
f 6790/1/2 6791/1/2 6796/1/2
f 6796/1/2 6792/1/2 6797/1/2
f 6794/3/2 6795/3/2 6799/3/2
f 6793/3/2 6794/3/2 6799/3/2
f 6799/3/2 6795/3/2 6800/3/2
f 6800/3/2 6795/3/2 6801/3/2
f 6796/2/2 6797/2/2 6802/2/2
f 6802/2/2 6797/2/2 6803/2/2
f 6803/2/2 6797/2/2 6804/2/2
f 6798/2/2 6799/2/2 6806/2/2
f 6799/3/2 6800/3/2 6807/3/2
f 6806/2/2 6799/2/2 6807/2/2
f 6807/3/2 6800/3/2 6808/3/2
f 6802/2/2 6803/2/2 6809/2/2
f 6803/1/2 6804/1/2 6810/1/2
f 6809/2/2 6803/2/2 6810/2/2
f 6810/1/2 6804/1/2 6811/1/2
f 6805/4/2 6806/4/2 6812/4/2
f 6806/4/2 6807/4/2 6812/4/2
f 6812/4/2 6807/4/2 6813/4/2
f 6810/4/2 6811/4/2 6814/4/2
f 6809/4/2 6810/4/2 6814/4/2
f 6814/4/2 6811/4/2 6815/4/2
f 6815/4/2 6811/4/2 6816/4/2
f 6812/3/2 6813/3/2 6818/3/2
f 6818/3/2 6813/3/2 6819/3/2
f 6819/3/2 6813/3/2 6820/3/2
f 6814/1/2 6815/1/2 6821/1/2
f 6815/3/2 6816/3/2 6822/3/2
f 6821/1/2 6815/1/2 6822/1/2
f 6822/3/2 6816/3/2 6823/3/2
f 6817/3/2 6818/3/2 6824/3/2
f 6818/1/2 6819/1/2 6825/1/2
f 6824/3/2 6818/3/2 6825/3/2
f 6825/1/2 6819/1/2 6826/1/2
f 6821/3/2 6822/3/2 6827/3/2
f 6822/2/2 6823/2/2 6828/2/2
f 6827/3/2 6822/3/2 6828/3/2
f 6828/2/2 6823/2/2 6829/2/2
f 6825/1/2 6826/1/2 6830/1/2
f 6824/2/2 6825/2/2 6830/2/2
f 6830/1/2 6826/1/2 6831/1/2
f 6827/2/2 6828/2/2 6832/2/2
f 6832/2/2 6828/2/2 6833/2/2
f 6830/2/2 6831/2/2 6834/2/2
f 6824/2/2 6830/2/2 6834/2/2
f 6834/2/2 6831/2/2 6835/2/2
f 6832/1/2 6833/1/2 6836/1/2
f 6836/1/2 6833/1/2 6837/1/2
f 6834/4/2 6835/4/2 6838/4/2
f 6838/4/2 6835/4/2 6839/4/2
f 6836/4/2 6837/4/2 6840/4/2
f 6840/4/2 6837/4/2 6841/4/2
f 6842/3/2 6843/3/2 6846/3/2
f 6846/3/2 6843/3/2 6847/3/2
f 6844/2/2 6845/2/2 6849/2/2
f 6845/3/2 6846/3/2 6850/3/2
f 6849/2/2 6845/2/2 6850/2/2
f 6850/3/2 6846/3/2 6851/3/2
f 6848/4/2 6849/4/2 6855/4/2
f 6849/4/2 6850/4/2 6855/4/2
f 6855/4/2 6850/4/2 6856/4/2
f 6856/4/2 6850/4/2 6857/4/2
f 6852/4/2 6853/4/2 6858/4/2
f 6858/4/2 6853/4/2 6859/4/2
f 6859/4/2 6853/4/2 6860/4/2
f 6860/4/2 6853/4/2 6861/4/2
f 6861/4/2 6853/4/2 6862/4/2
f 6862/4/2 6853/4/2 6863/4/2
f 6863/4/2 6853/4/2 6864/4/2
f 6864/4/2 6853/4/2 6865/4/2
f 6865/4/2 6853/4/2 6866/4/2
f 6866/4/2 6853/4/2 6867/4/2
f 6867/4/2 6853/4/2 6868/4/2
f 6868/4/2 6853/4/2 6869/4/2
f 6869/4/2 6853/4/2 6870/4/2
f 6870/4/2 6853/4/2 6871/4/2
f 6871/4/2 6853/4/2 6872/4/2
f 6872/4/2 6853/4/2 6873/4/2
f 6873/4/2 6853/4/2 6874/4/2
f 6874/4/2 6853/4/2 6875/4/2
f 6875/4/2 6853/4/2 6876/4/2
f 6876/4/2 6853/4/2 6877/4/2
f 6877/4/2 6853/4/2 6878/4/2
f 6878/4/2 6853/4/2 6879/4/2
f 6879/4/2 6853/4/2 6880/4/2
f 6880/4/2 6853/4/2 6881/4/2
f 6881/4/2 6853/4/2 6882/4/2
f 6882/4/2 6853/4/2 6883/4/2
f 6883/4/2 6853/4/2 6884/4/2
f 6884/4/2 6853/4/2 6885/4/2
f 6885/4/2 6853/4/2 6886/4/2
f 6886/4/2 6853/4/2 6887/4/2
f 6887/4/2 6853/4/2 6888/4/2
f 6888/4/2 6853/4/2 6889/4/2
f 6889/4/2 6853/4/2 6890/4/2
f 6890/4/2 6853/4/2 6891/4/2
f 6891/4/2 6853/4/2 6892/4/2
f 6892/4/2 6853/4/2 6893/4/2
f 6893/4/2 6853/4/2 6894/4/2
f 6854/2/2 6855/2/2 6896/2/2
f 6855/2/2 6856/2/2 6896/2/2
f 6896/2/2 6856/2/2 6897/2/2
f 6897/2/2 6856/2/2 6898/2/2
f 6895/3/2 6896/3/2 6899/3/2
f 6896/2/2 6897/2/2 6900/2/2
f 6899/3/2 6896/3/2 6900/3/2
f 6900/2/2 6897/2/2 6901/2/2
f 6899/2/2 6900/2/2 6903/2/2
f 6903/2/2 6900/2/2 6904/2/2
f 6902/1/2 6903/1/2 6906/1/2
f 6903/2/2 6904/2/2 6907/2/2
f 6906/1/2 6903/1/2 6907/1/2
f 6907/2/2 6904/2/2 6908/2/2
f 6905/4/2 6906/4/2 6909/4/2
f 6906/4/2 6907/4/2 6909/4/2
f 6909/4/2 6907/4/2 6910/4/2
f 6909/3/2 6910/3/2 6912/3/2
f 6912/3/2 6910/3/2 6913/3/2
f 6913/3/2 6910/3/2 6914/3/2
f 6911/2/2 6912/2/2 6915/2/2
f 6912/1/2 6913/1/2 6916/1/2
f 6915/2/2 6912/2/2 6916/2/2
f 6916/1/2 6913/1/2 6917/1/2
f 6915/3/2 6916/3/2 6918/3/2
f 6916/1/2 6917/1/2 6919/1/2
f 6918/3/2 6916/3/2 6919/3/2
f 6919/1/2 6917/1/2 6920/1/2
f 6918/2/2 6919/2/2 6921/2/2
f 6919/3/2 6920/3/2 6922/3/2
f 6921/2/2 6919/2/2 6922/2/2
f 6922/3/2 6920/3/2 6923/3/2
f 6921/4/2 6922/4/2 6924/4/2
f 6922/4/2 6923/4/2 6924/4/2
f 6924/4/2 6923/4/2 6925/4/2
f 6926/1/2 6927/1/2 6929/1/2
f 6929/1/2 6927/1/2 6930/1/2
f 6928/4/2 6929/4/2 6932/4/2
f 6929/4/2 6930/4/2 6932/4/2
f 6932/4/2 6930/4/2 6933/4/2
f 6933/4/2 6930/4/2 6934/4/2
f 6931/2/2 6932/2/2 6971/2/2
f 6932/1/2 6933/1/2 6972/1/2
f 6971/2/2 6932/2/2 6972/2/2
f 6972/1/2 6933/1/2 6973/1/2
f 6934/2/2 6935/2/2 6974/2/2
f 6935/1/2 6936/1/2 6975/1/2
f 6974/2/2 6935/2/2 6975/2/2
f 6936/3/2 6937/3/2 6976/3/2
f 6975/1/2 6936/1/2 6976/1/2
f 6937/2/2 6938/2/2 6977/2/2
f 6976/3/2 6937/3/2 6977/3/2
f 6938/1/2 6939/1/2 6978/1/2
f 6977/2/2 6938/2/2 6978/2/2
f 6978/1/2 6939/1/2 6979/1/2
f 6939/3/2 6940/3/2 6980/3/2
f 6979/1/2 6939/1/2 6980/1/2
f 6940/1/2 6941/1/2 6981/1/2
f 6980/3/2 6940/3/2 6981/3/2
f 6941/3/2 6942/3/2 6982/3/2
f 6981/1/2 6941/1/2 6982/1/2
f 6942/1/2 6943/1/2 6983/1/2
f 6982/3/2 6942/3/2 6983/3/2
f 6943/3/2 6944/3/2 6984/3/2
f 6983/1/2 6943/1/2 6984/1/2
f 6944/2/2 6945/2/2 6985/2/2
f 6984/3/2 6944/3/2 6985/3/2
f 6945/1/2 6946/1/2 6986/1/2
f 6985/2/2 6945/2/2 6986/2/2
f 6946/3/2 6947/3/2 6987/3/2
f 6986/1/2 6946/1/2 6987/1/2
f 6987/3/2 6947/3/2 6988/3/2
f 6947/1/2 6948/1/2 6989/1/2
f 6988/3/2 6947/3/2 6989/3/2
f 6948/2/2 6949/2/2 6990/2/2
f 6989/1/2 6948/1/2 6990/1/2
f 6990/2/2 6949/2/2 6991/2/2
f 6949/3/2 6950/3/2 6992/3/2
f 6991/2/2 6949/2/2 6992/2/2
f 6950/2/2 6951/2/2 6993/2/2
f 6992/3/2 6950/3/2 6993/3/2
f 6951/3/2 6952/3/2 6994/3/2
f 6993/2/2 6951/2/2 6994/2/2
f 6952/2/2 6953/2/2 6995/2/2
f 6994/3/2 6952/3/2 6995/3/2
f 6953/3/2 6954/3/2 6996/3/2
f 6995/2/2 6953/2/2 6996/2/2
f 6954/1/2 6955/1/2 6997/1/2
f 6996/3/2 6954/3/2 6997/3/2
f 6955/3/2 6956/3/2 6998/3/2
f 6997/1/2 6955/1/2 6998/1/2
f 6956/1/2 6957/1/2 6999/1/2
f 6998/3/2 6956/3/2 6999/3/2
f 6957/3/2 6958/3/2 7000/3/2
f 6999/1/2 6957/1/2 7000/1/2
f 7000/3/2 6958/3/2 7001/3/2
f 6958/1/2 6959/1/2 7002/1/2
f 7001/3/2 6958/3/2 7002/3/2
f 6959/2/2 6960/2/2 7003/2/2
f 7002/1/2 6959/1/2 7003/1/2
f 6960/3/2 6961/3/2 7004/3/2
f 7003/2/2 6960/2/2 7004/2/2
f 6961/2/2 6962/2/2 7005/2/2
f 7004/3/2 6961/3/2 7005/3/2
f 6962/3/2 6963/3/2 7006/3/2
f 7005/2/2 6962/2/2 7006/2/2
f 6963/1/2 6964/1/2 7007/1/2
f 7006/3/2 6963/3/2 7007/3/2
f 6964/2/2 6965/2/2 7008/2/2
f 7007/1/2 6964/1/2 7008/1/2
f 6965/1/2 6966/1/2 7009/1/2
f 7008/2/2 6965/2/2 7009/2/2
f 6966/2/2 6967/2/2 7010/2/2
f 7009/1/2 6966/1/2 7010/1/2
f 6967/1/2 6968/1/2 7011/1/2
f 7010/2/2 6967/2/2 7011/2/2
f 6968/3/2 6969/3/2 7012/3/2
f 7011/1/2 6968/1/2 7012/1/2
f 7012/3/2 6969/3/2 7013/3/2
f 7013/3/2 6969/3/2 7014/3/2
f 6970/2/2 6971/2/2 7017/2/2
f 7017/2/2 6971/2/2 7018/2/2
f 7014/1/2 7015/1/2 7019/1/2
f 7013/1/2 7014/1/2 7019/1/2
f 7019/1/2 7015/1/2 7020/1/2
f 7020/1/2 7015/1/2 7021/1/2
f 7016/2/2 7017/2/2 7022/2/2
f 7017/1/2 7018/1/2 7023/1/2
f 7022/2/2 7017/2/2 7023/2/2
f 7023/1/2 7018/1/2 7024/1/2
f 7019/2/2 7020/2/2 7025/2/2
f 7020/3/2 7021/3/2 7026/3/2
f 7025/2/2 7020/2/2 7026/2/2
f 7022/3/2 7023/3/2 7028/3/2
f 7023/2/2 7024/2/2 7029/2/2
f 7028/3/2 7023/3/2 7029/3/2
f 7029/2/2 7024/2/2 7030/2/2
f 7025/1/2 7026/1/2 7031/1/2
f 7026/3/2 7021/3/2 7032/3/2
f 7031/1/2 7026/1/2 7032/1/2
f 7032/3/2 7021/3/2 7033/3/2
f 7027/4/2 7028/4/2 7034/4/2
f 7028/4/2 7029/4/2 7034/4/2
f 7034/4/2 7029/4/2 7035/4/2
f 7035/4/2 7029/4/2 7036/4/2
f 7032/4/2 7033/4/2 7037/4/2
f 7031/4/2 7032/4/2 7037/4/2
f 7037/4/2 7033/4/2 7038/4/2
f 7034/2/2 7035/2/2 7040/2/2
f 7035/1/2 7036/1/2 7041/1/2
f 7040/2/2 7035/2/2 7041/2/2
f 7041/1/2 7036/1/2 7042/1/2
f 7037/2/2 7038/2/2 7043/2/2
f 7043/2/2 7038/2/2 7044/2/2
f 7044/2/2 7038/2/2 7045/2/2
f 7039/1/2 7040/1/2 7046/1/2
f 7040/3/2 7041/3/2 7047/3/2
f 7046/1/2 7040/1/2 7047/1/2
f 7047/3/2 7041/3/2 7048/3/2
f 7043/3/2 7044/3/2 7049/3/2
f 7049/3/2 7044/3/2 7050/3/2
f 7046/3/2 7047/3/2 7051/3/2
f 7047/2/2 7048/2/2 7052/2/2
f 7051/3/2 7047/3/2 7052/3/2
f 7052/2/2 7048/2/2 7053/2/2
f 7049/2/2 7050/2/2 7054/2/2
f 7054/2/2 7050/2/2 7055/2/2
f 7052/1/2 7053/1/2 7056/1/2
f 7051/1/2 7052/1/2 7056/1/2
f 7056/1/2 7053/1/2 7057/1/2
f 7054/1/2 7055/1/2 7058/1/2
f 7058/1/2 7055/1/2 7059/1/2
f 7056/4/2 7057/4/2 7060/4/2
f 7060/4/2 7057/4/2 7061/4/2
f 7058/4/2 7059/4/2 7062/4/2
f 7062/4/2 7059/4/2 7063/4/2
f 7064/1/2 7065/1/2 7067/1/2
f 7067/1/2 7065/1/2 7068/1/2
f 7066/3/2 7067/3/2 7100/3/2
f 7067/2/2 7068/2/2 7101/2/2
f 7100/3/2 7067/3/2 7101/3/2
f 7068/3/2 7069/3/2 7102/3/2
f 7101/2/2 7068/2/2 7102/2/2
f 7102/3/2 7069/3/2 7103/3/2
f 7069/2/2 7070/2/2 7104/2/2
f 7103/3/2 7069/3/2 7104/3/2
f 7070/1/2 7071/1/2 7105/1/2
f 7104/2/2 7070/2/2 7105/2/2
f 7105/1/2 7071/1/2 7106/1/2
f 7072/1/2 7073/1/2 7107/1/2
f 7107/1/2 7073/1/2 7108/1/2
f 7073/2/2 7074/2/2 7109/2/2
f 7108/1/2 7073/1/2 7109/1/2
f 7074/3/2 7075/3/2 7110/3/2
f 7109/2/2 7074/2/2 7110/2/2
f 7075/1/2 7076/1/2 7111/1/2
f 7110/3/2 7075/3/2 7111/3/2
f 7076/3/2 7077/3/2 7112/3/2
f 7111/1/2 7076/1/2 7112/1/2
f 7077/1/2 7078/1/2 7113/1/2
f 7112/3/2 7077/3/2 7113/3/2
f 7078/2/2 7079/2/2 7114/2/2
f 7113/1/2 7078/1/2 7114/1/2
f 7079/1/2 7080/1/2 7115/1/2
f 7114/2/2 7079/2/2 7115/2/2
f 7115/1/2 7080/1/2 7116/1/2
f 7116/1/2 7080/1/2 7117/1/2
f 7117/1/2 7080/1/2 7118/1/2
f 7080/2/2 7081/2/2 7119/2/2
f 7118/1/2 7080/1/2 7119/1/2
f 7081/3/2 7082/3/2 7120/3/2
f 7119/2/2 7081/2/2 7120/2/2
f 7120/3/2 7082/3/2 7121/3/2
f 7082/2/2 7083/2/2 7122/2/2
f 7121/3/2 7082/3/2 7122/3/2
f 7083/3/2 7084/3/2 7123/3/2
f 7084/1/2 7085/1/2 7123/1/2
f 7085/2/2 7086/2/2 7124/2/2
f 7123/1/2 7085/1/2 7124/1/2
f 7086/1/2 7087/1/2 7125/1/2
f 7124/2/2 7086/2/2 7125/2/2
f 7087/2/2 7088/2/2 7126/2/2
f 7125/1/2 7087/1/2 7126/1/2
f 7126/2/2 7088/2/2 7127/2/2
f 7127/2/2 7088/2/2 7128/2/2
f 7088/3/2 7089/3/2 7129/3/2
f 7128/2/2 7088/2/2 7129/2/2
f 7089/2/2 7090/2/2 7130/2/2
f 7129/3/2 7089/3/2 7130/3/2
f 7090/1/2 7091/1/2 7131/1/2
f 7130/2/2 7090/2/2 7131/2/2
f 7091/2/2 7092/2/2 7132/2/2
f 7131/1/2 7091/1/2 7132/1/2
f 7092/3/2 7093/3/2 7133/3/2
f 7132/2/2 7092/2/2 7133/2/2
f 7133/3/2 7093/3/2 7134/3/2
f 7093/1/2 7094/1/2 7135/1/2
f 7134/3/2 7093/3/2 7135/3/2
f 7094/2/2 7095/2/2 7136/2/2
f 7135/1/2 7094/1/2 7136/1/2
f 7136/2/2 7095/2/2 7137/2/2
f 7095/3/2 7096/3/2 7138/3/2
f 7137/2/2 7095/2/2 7138/2/2
f 7096/1/2 7097/1/2 7139/1/2
f 7138/3/2 7096/3/2 7139/3/2
f 7097/2/2 7098/2/2 7140/2/2
f 7139/1/2 7097/1/2 7140/1/2
f 7098/3/2 7099/3/2 7141/3/2
f 7140/2/2 7098/2/2 7141/2/2
f 7141/3/2 7099/3/2 7142/3/2
f 7100/1/2 7101/1/2 7143/1/2
f 7143/1/2 7101/1/2 7144/1/2
f 7102/2/2 7103/2/2 7145/2/2
f 7103/3/2 7104/3/2 7146/3/2
f 7145/2/2 7103/2/2 7146/2/2
f 7104/3/2 7105/3/2 7146/3/2
f 7105/3/2 7106/3/2 7146/3/2
f 7146/3/2 7106/3/2 7147/3/2
f 7147/3/2 7106/3/2 7148/3/2
f 7106/1/2 7071/1/2 7149/1/2
f 7148/3/2 7106/3/2 7149/3/2
f 7071/3/2 7072/3/2 7150/3/2
f 7149/1/2 7071/1/2 7150/1/2
f 7072/1/2 7107/1/2 7151/1/2
f 7150/3/2 7072/3/2 7151/3/2
f 7107/3/2 7108/3/2 7152/3/2
f 7151/1/2 7107/1/2 7152/1/2
f 7108/1/2 7109/1/2 7153/1/2
f 7152/3/2 7108/3/2 7153/3/2
f 7109/3/2 7110/3/2 7154/3/2
f 7153/1/2 7109/1/2 7154/1/2
f 7110/2/2 7111/2/2 7155/2/2
f 7154/3/2 7110/3/2 7155/3/2
f 7111/2/2 7112/2/2 7155/2/2
f 7112/2/2 7113/2/2 7155/2/2
f 7113/2/2 7114/2/2 7155/2/2
f 7155/2/2 7114/2/2 7156/2/2
f 7156/2/2 7114/2/2 7157/2/2
f 7157/2/2 7114/2/2 7158/2/2
f 7158/2/2 7114/2/2 7159/2/2
f 7114/3/2 7115/3/2 7160/3/2
f 7159/2/2 7114/2/2 7160/2/2
f 7115/2/2 7116/2/2 7161/2/2
f 7160/3/2 7115/3/2 7161/3/2
f 7116/3/2 7117/3/2 7162/3/2
f 7161/2/2 7116/2/2 7162/2/2
f 7117/2/2 7118/2/2 7163/2/2
f 7162/3/2 7117/3/2 7163/3/2
f 7118/3/2 7119/3/2 7164/3/2
f 7163/2/2 7118/2/2 7164/2/2
f 7120/1/2 7121/1/2 7165/1/2
f 7164/3/2 7119/3/2 7165/3/2
f 7119/1/2 7120/1/2 7165/1/2
f 7165/1/2 7121/1/2 7166/1/2
f 7121/2/2 7122/2/2 7167/2/2
f 7166/1/2 7121/1/2 7167/1/2
f 7122/2/2 7083/2/2 7168/2/2
f 7167/2/2 7122/2/2 7168/2/2
f 7083/3/2 7123/3/2 7169/3/2
f 7168/2/2 7083/2/2 7169/2/2
f 7123/2/2 7124/2/2 7170/2/2
f 7169/3/2 7123/3/2 7170/3/2
f 7124/2/2 7125/2/2 7170/2/2
f 7170/2/2 7125/2/2 7171/2/2
f 7125/3/2 7126/3/2 7172/3/2
f 7171/2/2 7125/2/2 7172/2/2
f 7126/3/2 7127/3/2 7172/3/2
f 7172/3/2 7127/3/2 7173/3/2
f 7127/2/2 7128/2/2 7174/2/2
f 7173/3/2 7127/3/2 7174/3/2
f 7128/3/2 7129/3/2 7175/3/2
f 7174/2/2 7128/2/2 7175/2/2
f 7129/3/2 7130/3/2 7175/3/2
f 7175/3/2 7130/3/2 7176/3/2
f 7130/1/2 7131/1/2 7177/1/2
f 7176/3/2 7130/3/2 7177/3/2
f 7131/2/2 7132/2/2 7178/2/2
f 7177/1/2 7131/1/2 7178/1/2
f 7133/3/2 7134/3/2 7179/3/2
f 7178/2/2 7132/2/2 7179/2/2
f 7132/3/2 7133/3/2 7179/3/2
f 7179/3/2 7134/3/2 7180/3/2
f 7134/1/2 7135/1/2 7181/1/2
f 7180/3/2 7134/3/2 7181/3/2
f 7135/3/2 7136/3/2 7182/3/2
f 7181/1/2 7135/1/2 7182/1/2
f 7136/3/2 7137/3/2 7182/3/2
f 7137/1/2 7138/1/2 7183/1/2
f 7182/3/2 7137/3/2 7183/3/2
f 7139/3/2 7140/3/2 7184/3/2
f 7183/1/2 7138/1/2 7184/1/2
f 7138/3/2 7139/3/2 7184/3/2
f 7184/3/2 7140/3/2 7185/3/2
f 7140/2/2 7141/2/2 7186/2/2
f 7185/3/2 7140/3/2 7186/3/2
f 7141/1/2 7142/1/2 7187/1/2
f 7186/2/2 7141/2/2 7187/2/2
f 7187/1/2 7142/1/2 7190/1/2
f 7190/1/2 7142/1/2 7191/1/2
f 7188/4/2 7189/4/2 7192/4/2
f 7192/4/2 7189/4/2 7193/4/2
f 7190/4/2 7191/4/2 7194/4/2
f 7194/4/2 7191/4/2 7195/4/2
f 7192/3/2 7193/3/2 7197/3/2
f 7197/3/2 7193/3/2 7198/3/2
f 7194/3/2 7195/3/2 7199/3/2
f 7199/3/2 7195/3/2 7200/3/2
f 7197/1/2 7198/1/2 7201/1/2
f 7196/1/2 7197/1/2 7201/1/2
f 7201/1/2 7198/1/2 7202/1/2
f 7199/1/2 7200/1/2 7203/1/2
f 7196/1/2 7201/1/2 7204/1/2
f 7201/2/2 7202/2/2 7205/2/2
f 7204/1/2 7201/1/2 7205/1/2
f 7205/2/2 7202/2/2 7206/2/2
f 7203/1/2 7200/1/2 7207/1/2
f 7207/1/2 7200/1/2 7208/1/2
f 7205/3/2 7206/3/2 7209/3/2
f 7204/3/2 7205/3/2 7209/3/2
f 7209/3/2 7206/3/2 7210/3/2
f 7207/3/2 7208/3/2 7211/3/2
f 7211/3/2 7208/3/2 7212/3/2
f 7209/4/2 7210/4/2 7213/4/2
f 7213/4/2 7210/4/2 7214/4/2
f 7211/4/2 7212/4/2 7215/4/2
f 7215/4/2 7212/4/2 7216/4/2
f 7217/3/2 7218/3/2 7220/3/2
f 7220/3/2 7218/3/2 7221/3/2
f 7219/3/2 7220/3/2 7252/3/2
f 7220/1/2 7221/1/2 7253/1/2
f 7252/3/2 7220/3/2 7253/3/2
f 7221/1/2 7222/1/2 7253/1/2
f 7222/2/2 7223/2/2 7254/2/2
f 7253/1/2 7222/1/2 7254/1/2
f 7223/1/2 7224/1/2 7255/1/2
f 7254/2/2 7223/2/2 7255/2/2
f 7224/3/2 7225/3/2 7256/3/2
f 7255/1/2 7224/1/2 7256/1/2
f 7225/2/2 7226/2/2 7257/2/2
f 7256/3/2 7225/3/2 7257/3/2
f 7226/1/2 7227/1/2 7258/1/2
f 7257/2/2 7226/2/2 7258/2/2
f 7227/2/2 7228/2/2 7259/2/2
f 7258/1/2 7227/1/2 7259/1/2
f 7228/3/2 7229/3/2 7260/3/2
f 7259/2/2 7228/2/2 7260/2/2
f 7229/2/2 7230/2/2 7261/2/2
f 7260/3/2 7229/3/2 7261/3/2
f 7230/3/2 7231/3/2 7262/3/2
f 7261/2/2 7230/2/2 7262/2/2
f 7231/1/2 7232/1/2 7263/1/2
f 7262/3/2 7231/3/2 7263/3/2
f 7232/2/2 7233/2/2 7264/2/2
f 7263/1/2 7232/1/2 7264/1/2
f 7233/1/2 7234/1/2 7265/1/2
f 7264/2/2 7233/2/2 7265/2/2
f 7234/2/2 7235/2/2 7266/2/2
f 7265/1/2 7234/1/2 7266/1/2
f 7235/1/2 7236/1/2 7267/1/2
f 7266/2/2 7235/2/2 7267/2/2
f 7236/3/2 7237/3/2 7268/3/2
f 7267/1/2 7236/1/2 7268/1/2
f 7237/1/2 7238/1/2 7269/1/2
f 7268/3/2 7237/3/2 7269/3/2
f 7238/3/2 7239/3/2 7270/3/2
f 7269/1/2 7238/1/2 7270/1/2
f 7239/1/2 7240/1/2 7271/1/2
f 7270/3/2 7239/3/2 7271/3/2
f 7240/3/2 7241/3/2 7272/3/2
f 7271/1/2 7240/1/2 7272/1/2
f 7241/2/2 7242/2/2 7273/2/2
f 7272/3/2 7241/3/2 7273/3/2
f 7242/3/2 7243/3/2 7274/3/2
f 7273/2/2 7242/2/2 7274/2/2
f 7243/1/2 7244/1/2 7275/1/2
f 7274/3/2 7243/3/2 7275/3/2
f 7244/2/2 7245/2/2 7276/2/2
f 7275/1/2 7244/1/2 7276/1/2
f 7245/1/2 7246/1/2 7277/1/2
f 7276/2/2 7245/2/2 7277/2/2
f 7246/2/2 7247/2/2 7278/2/2
f 7277/1/2 7246/1/2 7278/1/2
f 7247/1/2 7248/1/2 7279/1/2
f 7278/2/2 7247/2/2 7279/2/2
f 7248/2/2 7249/2/2 7280/2/2
f 7279/1/2 7248/1/2 7280/1/2
f 7249/3/2 7250/3/2 7281/3/2
f 7280/2/2 7249/2/2 7281/2/2
f 7250/2/2 7251/2/2 7282/2/2
f 7281/3/2 7250/3/2 7282/3/2
f 7282/2/2 7251/2/2 7283/2/2
f 7282/4/2 7283/4/2 7284/4/2
f 7284/4/2 7283/4/2 7285/4/2
f 7284/2/2 7285/2/2 7287/2/2
f 7287/2/2 7285/2/2 7288/2/2
f 7286/1/2 7287/1/2 7289/1/2
f 7287/1/2 7288/1/2 7289/1/2
f 7289/1/2 7288/1/2 7290/1/2
f 7290/1/2 7288/1/2 7291/1/2
f 7289/3/2 7290/3/2 7292/3/2
f 7290/2/2 7291/2/2 7293/2/2
f 7292/3/2 7290/3/2 7293/3/2
f 7293/2/2 7291/2/2 7294/2/2
f 7293/1/2 7294/1/2 7295/1/2
f 7295/1/2 7294/1/2 7296/1/2
f 7295/4/2 7296/4/2 7297/4/2
f 7297/4/2 7296/4/2 7298/4/2
f 7299/4/2 7300/4/2 7301/4/2
f 7301/4/2 7300/4/2 7302/4/2
f 7302/4/2 7300/4/2 7303/4/2
f 7303/4/2 7300/4/2 7304/4/2
f 7304/4/2 7300/4/2 7305/4/2
f 7305/4/2 7300/4/2 7306/4/2
f 7306/4/2 7300/4/2 7307/4/2
f 7307/4/2 7300/4/2 7308/4/2
f 7308/4/2 7300/4/2 7309/4/2
f 7309/4/2 7300/4/2 7310/4/2
f 7310/4/2 7300/4/2 7311/4/2
f 7311/4/2 7300/4/2 7312/4/2
f 7312/4/2 7300/4/2 7313/4/2
f 7313/4/2 7300/4/2 7314/4/2
f 7314/4/2 7300/4/2 7315/4/2
f 7315/4/2 7300/4/2 7316/4/2
f 7316/4/2 7300/4/2 7317/4/2
f 7317/4/2 7300/4/2 7318/4/2
f 7318/4/2 7300/4/2 7319/4/2
f 7319/4/2 7300/4/2 7320/4/2
f 7320/4/2 7300/4/2 7321/4/2
f 7321/4/2 7300/4/2 7322/4/2
f 7322/4/2 7300/4/2 7323/4/2
f 7323/4/2 7300/4/2 7324/4/2
f 7324/4/2 7300/4/2 7325/4/2
f 7325/4/2 7300/4/2 7326/4/2
f 7326/4/2 7300/4/2 7327/4/2
f 7327/4/2 7300/4/2 7328/4/2
f 7328/4/2 7300/4/2 7329/4/2
f 7329/4/2 7300/4/2 7330/4/2
f 7301/2/2 7302/2/2 7331/2/2
f 7302/3/2 7303/3/2 7332/3/2
f 7331/2/2 7302/2/2 7332/2/2
f 7303/1/2 7304/1/2 7333/1/2
f 7332/3/2 7303/3/2 7333/3/2
f 7304/2/2 7305/2/2 7334/2/2
f 7333/1/2 7304/1/2 7334/1/2
f 7305/3/2 7306/3/2 7335/3/2
f 7334/2/2 7305/2/2 7335/2/2
f 7306/1/2 7307/1/2 7336/1/2
f 7335/3/2 7306/3/2 7336/3/2
f 7336/1/2 7307/1/2 7337/1/2
f 7307/2/2 7308/2/2 7338/2/2
f 7337/1/2 7307/1/2 7338/1/2
f 7308/3/2 7309/3/2 7339/3/2
f 7338/2/2 7308/2/2 7339/2/2
f 7309/2/2 7310/2/2 7340/2/2
f 7339/3/2 7309/3/2 7340/3/2
f 7310/3/2 7311/3/2 7341/3/2
f 7340/2/2 7310/2/2 7341/2/2
f 7311/1/2 7312/1/2 7342/1/2
f 7341/3/2 7311/3/2 7342/3/2
f 7342/1/2 7312/1/2 7343/1/2
f 7343/1/2 7312/1/2 7344/1/2
f 7312/3/2 7313/3/2 7345/3/2
f 7344/1/2 7312/1/2 7345/1/2
f 7345/3/2 7313/3/2 7346/3/2
f 7313/1/2 7314/1/2 7347/1/2
f 7346/3/2 7313/3/2 7347/3/2
f 7347/1/2 7314/1/2 7348/1/2
f 7314/2/2 7315/2/2 7349/2/2
f 7348/1/2 7314/1/2 7349/1/2
f 7315/3/2 7316/3/2 7350/3/2
f 7349/2/2 7315/2/2 7350/2/2
f 7316/2/2 7317/2/2 7351/2/2
f 7350/3/2 7316/3/2 7351/3/2
f 7317/3/2 7318/3/2 7352/3/2
f 7351/2/2 7317/2/2 7352/2/2
f 7318/2/2 7319/2/2 7353/2/2
f 7352/3/2 7318/3/2 7353/3/2
f 7353/2/2 7319/2/2 7354/2/2
f 7354/2/2 7319/2/2 7355/2/2
f 7355/2/2 7319/2/2 7356/2/2
f 7319/3/2 7320/3/2 7357/3/2
f 7356/2/2 7319/2/2 7357/2/2
f 7357/3/2 7320/3/2 7358/3/2
f 7320/2/2 7321/2/2 7359/2/2
f 7358/3/2 7320/3/2 7359/3/2
f 7321/3/2 7322/3/2 7360/3/2
f 7359/2/2 7321/2/2 7360/2/2
f 7322/2/2 7323/2/2 7361/2/2
f 7360/3/2 7322/3/2 7361/3/2
f 7323/1/2 7324/1/2 7362/1/2
f 7361/2/2 7323/2/2 7362/2/2
f 7324/3/2 7325/3/2 7363/3/2
f 7362/1/2 7324/1/2 7363/1/2
f 7363/3/2 7325/3/2 7364/3/2
f 7325/1/2 7326/1/2 7365/1/2
f 7364/3/2 7325/3/2 7365/3/2
f 7365/1/2 7326/1/2 7366/1/2
f 7366/1/2 7326/1/2 7367/1/2
f 7326/2/2 7327/2/2 7368/2/2
f 7367/1/2 7326/1/2 7368/1/2
f 7368/2/2 7327/2/2 7369/2/2
f 7327/3/2 7328/3/2 7370/3/2
f 7369/2/2 7327/2/2 7370/2/2
f 7328/1/2 7329/1/2 7371/1/2
f 7370/3/2 7328/3/2 7371/3/2
f 7329/2/2 7330/2/2 7372/2/2
f 7371/1/2 7329/1/2 7372/1/2
f 7372/2/2 7330/2/2 7373/2/2
f 7331/1/2 7332/1/2 7374/1/2
f 7374/1/2 7332/1/2 7375/1/2
f 7371/2/2 7372/2/2 7378/2/2
f 7378/2/2 7372/2/2 7379/2/2
f 7374/3/2 7375/3/2 7380/3/2
f 7380/3/2 7375/3/2 7381/3/2
f 7376/1/2 7377/1/2 7382/1/2
f 7377/2/2 7378/2/2 7383/2/2
f 7382/1/2 7377/1/2 7383/1/2
f 7378/3/2 7379/3/2 7384/3/2
f 7383/2/2 7378/2/2 7384/2/2
f 7384/3/2 7379/3/2 7385/3/2
f 7380/1/2 7381/1/2 7387/1/2
f 7387/1/2 7381/1/2 7388/1/2
f 7384/1/2 7385/1/2 7389/1/2
f 7382/1/2 7383/1/2 7389/1/2
f 7383/1/2 7384/1/2 7389/1/2
f 7385/3/2 7386/3/2 7390/3/2
f 7389/1/2 7385/1/2 7390/1/2
f 7390/3/2 7386/3/2 7391/3/2
f 7387/4/2 7388/4/2 7392/4/2
f 7389/4/2 7390/4/2 7393/4/2
f 7390/4/2 7391/4/2 7393/4/2
f 7387/4/2 7392/4/2 7395/4/2
f 7395/4/2 7392/4/2 7396/4/2
f 7389/4/2 7393/4/2 7401/4/2
f 7393/4/2 7394/4/2 7401/4/2
f 7401/4/2 7394/4/2 7402/4/2
f 7397/5/2 7398/5/2 7403/5/2
f 7403/5/2 7398/5/2 7404/5/2
f 7399/5/2 7400/5/2 7405/5/2
f 7405/5/2 7400/5/2 7406/5/2
f 7404/5/2 7405/5/2 7407/5/2
f 7407/5/2 7405/5/2 7408/5/2
f 7409/1/2 7410/1/2 7444/1/2
f 7410/3/2 7411/3/2 7445/3/2
f 7444/1/2 7410/1/2 7445/1/2
f 7445/3/2 7411/3/2 7446/3/2
f 7411/2/2 7412/2/2 7447/2/2
f 7446/3/2 7411/3/2 7447/3/2
f 7412/3/2 7413/3/2 7448/3/2
f 7447/2/2 7412/2/2 7448/2/2
f 7413/2/2 7414/2/2 7449/2/2
f 7448/3/2 7413/3/2 7449/3/2
f 7414/3/2 7415/3/2 7450/3/2
f 7415/1/2 7416/1/2 7450/1/2
f 7450/1/2 7416/1/2 7451/1/2
f 7416/2/2 7417/2/2 7452/2/2
f 7451/1/2 7416/1/2 7452/1/2
f 7417/1/2 7418/1/2 7453/1/2
f 7452/2/2 7417/2/2 7453/2/2
f 7418/2/2 7419/2/2 7454/2/2
f 7453/1/2 7418/1/2 7454/1/2
f 7454/2/2 7419/2/2 7455/2/2
f 7419/1/2 7420/1/2 7456/1/2
f 7455/2/2 7419/2/2 7456/2/2
f 7420/2/2 7421/2/2 7457/2/2
f 7421/3/2 7422/3/2 7457/3/2
f 7422/2/2 7423/2/2 7458/2/2
f 7457/3/2 7422/3/2 7458/3/2
f 7423/1/2 7424/1/2 7459/1/2
f 7458/2/2 7423/2/2 7459/2/2
f 7424/2/2 7425/2/2 7460/2/2
f 7459/1/2 7424/1/2 7460/1/2
f 7425/1/2 7426/1/2 7461/1/2
f 7460/2/2 7425/2/2 7461/2/2
f 7461/1/2 7426/1/2 7462/1/2
f 7426/3/2 7427/3/2 7463/3/2
f 7462/1/2 7426/1/2 7463/1/2
f 7427/1/2 7428/1/2 7464/1/2
f 7463/3/2 7427/3/2 7464/3/2
f 7431/1/2 7432/1/2 7465/1/2
f 7432/3/2 7433/3/2 7466/3/2
f 7465/1/2 7432/1/2 7466/1/2
f 7466/3/2 7433/3/2 7467/3/2
f 7433/2/2 7434/2/2 7468/2/2
f 7467/3/2 7433/3/2 7468/3/2
f 7434/3/2 7435/3/2 7469/3/2
f 7468/2/2 7434/2/2 7469/2/2
f 7435/1/2 7436/1/2 7470/1/2
f 7469/3/2 7435/3/2 7470/3/2
f 7436/2/2 7437/2/2 7471/2/2
f 7470/1/2 7436/1/2 7471/1/2
f 7437/3/2 7438/3/2 7472/3/2
f 7471/2/2 7437/2/2 7472/2/2
f 7438/1/2 7439/1/2 7473/1/2
f 7439/2/2 7440/2/2 7473/2/2
f 7440/3/2 7441/3/2 7474/3/2
f 7473/2/2 7440/2/2 7474/2/2
f 7441/2/2 7442/2/2 7475/2/2
f 7474/3/2 7441/3/2 7475/3/2
f 7442/1/2 7443/1/2 7476/1/2
f 7475/2/2 7442/2/2 7476/2/2
f 7476/1/2 7443/1/2 7477/1/2
f 7445/3/2 7446/3/2 7478/3/2
f 7444/2/2 7445/2/2 7478/2/2
f 7446/2/2 7447/2/2 7479/2/2
f 7478/3/2 7446/3/2 7479/3/2
f 7447/2/2 7448/2/2 7479/2/2
f 7448/1/2 7449/1/2 7480/1/2
f 7479/2/2 7448/2/2 7480/2/2
f 7449/2/2 7414/2/2 7481/2/2
f 7480/1/2 7449/1/2 7481/1/2
f 7450/3/2 7451/3/2 7482/3/2
f 7481/2/2 7414/2/2 7482/2/2
f 7414/3/2 7450/3/2 7482/3/2
f 7482/3/2 7451/3/2 7483/3/2
f 7451/1/2 7452/1/2 7484/1/2
f 7483/3/2 7451/3/2 7484/3/2
f 7452/1/2 7453/1/2 7484/1/2
f 7484/1/2 7453/1/2 7485/1/2
f 7453/2/2 7454/2/2 7486/2/2
f 7485/1/2 7453/1/2 7486/1/2
f 7454/3/2 7455/3/2 7487/3/2
f 7486/2/2 7454/2/2 7487/2/2
f 7456/1/2 7420/1/2 7488/1/2
f 7455/1/2 7456/1/2 7488/1/2
f 7420/2/2 7457/2/2 7489/2/2
f 7488/1/2 7420/1/2 7489/1/2
f 7457/2/2 7458/2/2 7489/2/2
f 7489/2/2 7458/2/2 7490/2/2
f 7458/3/2 7459/3/2 7491/3/2
f 7459/2/2 7460/2/2 7492/2/2
f 7491/3/2 7459/3/2 7492/3/2
f 7460/3/2 7461/3/2 7493/3/2
f 7492/2/2 7460/2/2 7493/2/2
f 7461/1/2 7462/1/2 7494/1/2
f 7462/2/2 7463/2/2 7494/2/2
f 7463/2/2 7464/2/2 7494/2/2
f 7464/1/2 7428/1/2 7495/1/2
f 7494/2/2 7464/2/2 7495/2/2
f 7428/2/2 7429/2/2 7496/2/2
f 7495/1/2 7428/1/2 7496/1/2
f 7429/3/2 7430/3/2 7497/3/2
f 7430/2/2 7431/2/2 7497/2/2
f 7431/1/2 7465/1/2 7498/1/2
f 7497/2/2 7431/2/2 7498/2/2
f 7465/3/2 7466/3/2 7499/3/2
f 7498/1/2 7465/1/2 7499/1/2
f 7466/3/2 7467/3/2 7499/3/2
f 7499/3/2 7467/3/2 7500/3/2
f 7467/1/2 7468/1/2 7501/1/2
f 7500/3/2 7467/3/2 7501/3/2
f 7468/1/2 7469/1/2 7501/1/2
f 7501/1/2 7469/1/2 7502/1/2
f 7469/3/2 7470/3/2 7503/3/2
f 7502/1/2 7469/1/2 7503/1/2
f 7470/3/2 7471/3/2 7503/3/2
f 7503/3/2 7471/3/2 7504/3/2
f 7471/1/2 7472/1/2 7505/1/2
f 7504/3/2 7471/3/2 7505/3/2
f 7472/3/2 7438/3/2 7506/3/2
f 7505/1/2 7472/1/2 7506/1/2
f 7438/1/2 7473/1/2 7507/1/2
f 7506/3/2 7438/3/2 7507/3/2
f 7473/1/2 7474/1/2 7507/1/2
f 7474/2/2 7475/2/2 7508/2/2
f 7507/1/2 7474/1/2 7508/1/2
f 7475/2/2 7476/2/2 7508/2/2
f 7508/2/2 7476/2/2 7509/2/2
f 7444/2/2 7478/2/2 7510/2/2
f 7479/2/2 7480/2/2 7510/2/2
f 7478/2/2 7479/2/2 7510/2/2
f 7480/3/2 7481/3/2 7511/3/2
f 7510/2/2 7480/2/2 7511/2/2
f 7482/2/2 7483/2/2 7512/2/2
f 7511/3/2 7481/3/2 7512/3/2
f 7481/2/2 7482/2/2 7512/2/2
f 7484/1/2 7485/1/2 7513/1/2
f 7512/2/2 7483/2/2 7513/2/2
f 7483/1/2 7484/1/2 7513/1/2
f 7485/2/2 7486/2/2 7514/2/2
f 7513/1/2 7485/1/2 7514/1/2
f 7486/1/2 7487/1/2 7515/1/2
f 7514/2/2 7486/2/2 7515/2/2
f 7487/3/2 7455/3/2 7516/3/2
f 7515/1/2 7487/1/2 7516/1/2
f 7455/1/2 7488/1/2 7517/1/2
f 7516/3/2 7455/3/2 7517/3/2
f 7488/2/2 7489/2/2 7518/2/2
f 7517/1/2 7488/1/2 7518/1/2
f 7489/1/2 7490/1/2 7519/1/2
f 7518/2/2 7489/2/2 7519/2/2
f 7490/2/2 7458/2/2 7520/2/2
f 7519/1/2 7490/1/2 7520/1/2
f 7458/3/2 7491/3/2 7521/3/2
f 7520/2/2 7458/2/2 7521/2/2
f 7491/2/2 7492/2/2 7522/2/2
f 7521/3/2 7491/3/2 7522/3/2
f 7492/3/2 7493/3/2 7523/3/2
f 7522/2/2 7492/2/2 7523/2/2
f 7493/3/2 7461/3/2 7524/3/2
f 7523/3/2 7493/3/2 7524/3/2
f 7461/1/2 7494/1/2 7524/1/2
f 7494/3/2 7495/3/2 7525/3/2
f 7524/1/2 7494/1/2 7525/1/2
f 7495/3/2 7496/3/2 7525/3/2
f 7496/2/2 7429/2/2 7526/2/2
f 7525/3/2 7496/3/2 7526/3/2
f 7429/3/2 7497/3/2 7527/3/2
f 7526/2/2 7429/2/2 7527/2/2
f 7497/1/2 7498/1/2 7528/1/2
f 7527/3/2 7497/3/2 7528/3/2
f 7498/2/2 7499/2/2 7529/2/2
f 7528/1/2 7498/1/2 7529/1/2
f 7499/1/2 7500/1/2 7530/1/2
f 7529/2/2 7499/2/2 7530/2/2
f 7500/2/2 7501/2/2 7531/2/2
f 7530/1/2 7500/1/2 7531/1/2
f 7501/3/2 7502/3/2 7532/3/2
f 7531/2/2 7501/2/2 7532/2/2
f 7502/1/2 7503/1/2 7533/1/2
f 7532/3/2 7502/3/2 7533/3/2
f 7503/2/2 7504/2/2 7534/2/2
f 7533/1/2 7503/1/2 7534/1/2
f 7504/3/2 7505/3/2 7535/3/2
f 7534/2/2 7504/2/2 7535/2/2
f 7505/3/2 7506/3/2 7535/3/2
f 7506/1/2 7507/1/2 7536/1/2
f 7535/3/2 7506/3/2 7536/3/2
f 7508/3/2 7509/3/2 7537/3/2
f 7536/1/2 7507/1/2 7537/1/2
f 7507/3/2 7508/3/2 7537/3/2
f 7537/3/2 7509/3/2 7538/3/2
f 7444/2/2 7510/2/2 7539/2/2
f 7534/4/2 7535/4/2 7540/4/2
f 7539/2/2 7510/2/2 7540/2/2
f 7526/4/2 7527/4/2 7540/4/2
f 7537/4/2 7538/4/2 7540/4/2
f 7536/4/2 7537/4/2 7540/4/2
f 7533/4/2 7534/4/2 7540/4/2
f 7529/4/2 7530/4/2 7540/4/2
f 7530/4/2 7531/4/2 7540/4/2
f 7527/4/2 7528/4/2 7540/4/2
f 7528/4/2 7529/4/2 7540/4/2
f 7516/4/2 7517/4/2 7540/4/2
f 7525/4/2 7526/4/2 7540/4/2
f 7520/4/2 7521/4/2 7540/4/2
f 7531/4/2 7532/4/2 7540/4/2
f 7524/4/2 7525/4/2 7540/4/2
f 7523/4/2 7524/4/2 7540/4/2
f 7521/4/2 7522/4/2 7540/4/2
f 7522/4/2 7523/4/2 7540/4/2
f 7519/4/2 7520/4/2 7540/4/2
f 7518/4/2 7519/4/2 7540/4/2
f 7517/4/2 7518/4/2 7540/4/2
f 7515/4/2 7516/4/2 7540/4/2
f 7513/4/2 7514/4/2 7540/4/2
f 7514/4/2 7515/4/2 7540/4/2
f 7512/4/2 7513/4/2 7540/4/2
f 7511/4/2 7512/4/2 7540/4/2
f 7510/4/2 7511/4/2 7540/4/2
f 7535/4/2 7536/4/2 7540/4/2
f 7532/4/2 7533/4/2 7540/4/2
f 7539/3/2 7540/3/2 7541/3/2
f 7540/4/2 7538/4/2 7542/4/2
f 7541/3/2 7540/3/2 7542/3/2
f 7542/4/2 7538/4/2 7543/4/2
f 7546/4/3 7545/4/3 7544/4/3
f 7547/4/3 7545/4/3 7546/4/3
f 7548/4/3 7545/4/3 7547/4/3
f 7549/4/3 7545/4/3 7548/4/3
f 7552/4/3 7551/4/3 7550/4/3
f 7553/4/3 7551/4/3 7552/4/3
f 7556/4/3 7555/4/3 7554/4/3
f 7557/4/3 7555/4/3 7556/4/3
f 7560/1/3 7559/1/3 7558/1/3
f 7561/1/3 7559/1/3 7560/1/3
f 7562/3/3 7561/3/3 7560/3/3
f 7563/3/3 7561/3/3 7562/3/3
f 7564/2/3 7563/2/3 7562/2/3
f 7565/2/3 7563/2/3 7564/2/3
f 7566/3/3 7565/3/3 7564/3/3
f 7567/3/3 7565/3/3 7566/3/3
f 7568/1/3 7567/1/3 7566/1/3
f 7569/1/3 7567/1/3 7568/1/3
f 7573/2/3 7571/2/3 7570/2/3
f 7574/2/3 7571/2/3 7573/2/3
f 7575/2/3 7573/2/3 7572/2/3
f 7576/2/3 7573/2/3 7575/2/3
f 7577/1/3 7576/1/3 7575/1/3
f 7578/1/3 7576/1/3 7577/1/3
f 7579/3/3 7578/3/3 7577/3/3
f 7580/3/3 7578/3/3 7579/3/3
f 7581/2/3 7580/2/3 7579/2/3
f 7582/2/3 7580/2/3 7581/2/3
f 7583/1/3 7582/1/3 7581/1/3
f 7584/1/3 7582/1/3 7583/1/3
f 7590/4/3 7586/4/3 7585/4/3
f 7591/4/3 7586/4/3 7590/4/3
f 7592/4/3 7588/4/3 7587/4/3
f 7593/3/3 7589/3/3 7588/3/3
f 7593/4/3 7588/4/3 7592/4/3
f 7594/3/3 7589/3/3 7593/3/3
f 7597/2/3 7593/2/3 7592/2/3
f 7598/2/3 7593/2/3 7597/2/3
f 7599/1/3 7596/1/3 7595/1/3
f 7600/3/3 7597/3/3 7596/3/3
f 7600/1/3 7596/1/3 7599/1/3
f 7601/1/3 7598/1/3 7597/1/3
f 7602/3/3 7597/3/3 7600/3/3
f 7603/1/3 7601/1/3 7597/1/3
f 7603/3/3 7597/3/3 7602/3/3
f 7604/1/3 7601/1/3 7603/1/3
f 7605/2/3 7603/2/3 7602/2/3
f 7606/1/3 7604/1/3 7603/1/3
f 7606/2/3 7603/2/3 7605/2/3
f 7607/1/3 7604/1/3 7606/1/3
f 7608/3/3 7606/3/3 7605/3/3
f 7609/4/3 7607/4/3 7606/4/3
f 7609/3/3 7606/3/3 7608/3/3
f 7610/4/3 7607/4/3 7609/4/3
f 7613/4/3 7612/4/3 7611/4/3
f 7614/4/3 7612/4/3 7613/4/3
f 7619/4/3 7616/4/3 7615/4/3
f 7620/4/3 7616/4/3 7619/4/3
f 7621/4/3 7618/4/3 7617/4/3
f 7622/4/3 7618/4/3 7621/4/3
f 7625/3/3 7624/3/3 7623/3/3
f 7626/3/3 7624/3/3 7625/3/3
f 7629/2/3 7628/2/3 7627/2/3
f 7630/2/3 7628/2/3 7629/2/3
f 7631/1/3 7630/1/3 7629/1/3
f 7632/1/3 7630/1/3 7631/1/3
f 7633/2/3 7632/2/3 7631/2/3
f 7634/2/3 7632/2/3 7633/2/3
f 7639/4/3 7636/4/3 7635/4/3
f 7640/4/3 7636/4/3 7639/4/3
f 7641/4/3 7638/4/3 7637/4/3
f 7642/4/3 7638/4/3 7641/4/3
f 7648/3/3 7644/3/3 7643/3/3
f 7649/1/3 7645/1/3 7644/1/3
f 7649/3/3 7644/3/3 7648/3/3
f 7650/4/3 7646/4/3 7645/4/3
f 7650/1/3 7645/1/3 7649/1/3
f 7651/4/3 7646/4/3 7650/4/3
f 7655/2/3 7648/2/3 7647/2/3
f 7656/2/3 7648/2/3 7655/2/3
f 7658/2/3 7653/2/3 7652/2/3
f 7659/3/3 7654/3/3 7653/3/3
f 7659/2/3 7653/2/3 7658/2/3
f 7660/3/3 7654/3/3 7659/3/3
f 7661/2/3 7658/2/3 7657/2/3
f 7661/2/3 7659/2/3 7658/2/3
f 7662/2/3 7659/2/3 7661/2/3
f 7663/2/3 7659/2/3 7662/2/3
f 7666/2/3 7665/2/3 7664/2/3
f 7667/2/3 7665/2/3 7666/2/3
f 7670/3/3 7668/3/3 7667/3/3
f 7671/4/3 7669/4/3 7668/4/3
f 7671/3/3 7668/3/3 7670/3/3
f 7672/4/3 7669/4/3 7671/4/3
f 7676/3/3 7674/3/3 7673/3/3
f 7677/3/3 7674/3/3 7676/3/3
f 7680/3/3 7676/3/3 7675/3/3
f 7681/3/3 7676/3/3 7680/3/3
f 7682/3/3 7679/3/3 7678/3/3
f 7683/3/3 7679/3/3 7682/3/3
f 7686/3/3 7685/3/3 7684/3/3
f 7687/3/3 7685/3/3 7686/3/3
f 7688/1/3 7687/1/3 7686/1/3
f 7689/1/3 7687/1/3 7688/1/3
f 7690/2/3 7689/2/3 7688/2/3
f 7691/2/3 7689/2/3 7690/2/3
f 7694/3/3 7693/3/3 7692/3/3
f 7695/3/3 7693/3/3 7694/3/3
f 7697/2/3 7696/2/3 7695/2/3
f 7698/2/3 7696/2/3 7697/2/3
f 7704/2/3 7700/2/3 7699/2/3
f 7705/4/3 7701/4/3 7700/4/3
f 7705/2/3 7700/2/3 7704/2/3
f 7706/4/3 7701/4/3 7705/4/3
f 7708/2/3 7703/2/3 7702/2/3
f 7709/2/3 7703/2/3 7708/2/3
f 7710/4/3 7708/4/3 7707/4/3
f 7711/4/3 7708/4/3 7710/4/3
f 7714/3/3 7713/3/3 7712/3/3
f 7715/3/3 7713/3/3 7714/3/3
f 7716/1/3 7715/1/3 7714/1/3
f 7717/1/3 7715/1/3 7716/1/3
f 7720/4/3 7719/4/3 7718/4/3
f 7721/4/3 7719/4/3 7720/4/3
f 7723/3/3 7722/3/3 7721/3/3
f 7724/3/3 7722/3/3 7723/3/3
f 7729/2/3 7726/2/3 7725/2/3
f 7730/3/3 7727/3/3 7726/3/3
f 7730/2/3 7726/2/3 7729/2/3
f 7731/4/3 7728/4/3 7727/4/3
f 7731/3/3 7727/3/3 7730/3/3
f 7732/4/3 7728/4/3 7731/4/3
f 7735/3/3 7734/3/3 7733/3/3
f 7736/3/3 7734/3/3 7735/3/3
f 7739/2/3 7738/2/3 7737/2/3
f 7740/2/3 7739/2/3 7737/2/3
f 7741/2/3 7739/2/3 7740/2/3
f 7745/2/3 7743/2/3 7742/2/3
f 7746/2/3 7743/2/3 7745/2/3
f 7747/4/3 7745/4/3 7744/4/3
f 7748/4/3 7745/4/3 7747/4/3
f 7751/2/3 7750/2/3 7749/2/3
f 7752/2/3 7750/2/3 7751/2/3
f 7758/3/3 7754/3/3 7753/3/3
f 7759/4/3 7755/4/3 7754/4/3
f 7759/3/3 7754/3/3 7758/3/3
f 7760/4/3 7755/4/3 7759/4/3
f 7762/3/3 7757/3/3 7756/3/3
f 7763/3/3 7757/3/3 7762/3/3
f 7765/4/3 7762/4/3 7761/4/3
f 7766/4/3 7762/4/3 7765/4/3
f 7767/2/3 7765/2/3 7764/2/3
f 7768/2/3 7765/2/3 7767/2/3
f 7772/2/3 7770/2/3 7769/2/3
f 7773/2/3 7770/2/3 7772/2/3
f 7774/4/3 7772/4/3 7771/4/3
f 7775/4/3 7772/4/3 7774/4/3
f 7778/4/3 7777/4/3 7776/4/3
f 7779/4/3 7777/4/3 7778/4/3
f 7782/1/3 7781/1/3 7780/1/3
f 7783/1/3 7781/1/3 7782/1/3
f 7785/4/3 7784/4/3 7783/4/3
f 7786/4/3 7784/4/3 7785/4/3
f 7788/3/3 7787/3/3 7786/3/3
f 7789/3/3 7787/3/3 7788/3/3
f 7794/2/3 7791/2/3 7790/2/3
f 7795/3/3 7792/3/3 7791/3/3
f 7795/2/3 7791/2/3 7794/2/3
f 7796/4/3 7793/4/3 7792/4/3
f 7796/3/3 7792/3/3 7795/3/3
f 7797/4/3 7793/4/3 7796/4/3
f 7802/1/3 7799/1/3 7798/1/3
f 7803/1/3 7799/1/3 7802/1/3
f 7805/4/3 7801/4/3 7800/4/3
f 7806/4/3 7801/4/3 7805/4/3
f 7807/2/3 7805/2/3 7804/2/3
f 7808/2/3 7805/2/3 7807/2/3
f 7811/4/3 7810/4/3 7809/4/3
f 7812/4/3 7810/4/3 7811/4/3
f 7816/4/3 7814/4/3 7813/4/3
f 7817/4/3 7814/4/3 7816/4/3
f 7818/2/3 7816/2/3 7815/2/3
f 7819/2/3 7816/2/3 7818/2/3
f 7822/3/3 7821/3/3 7820/3/3
f 7823/3/3 7821/3/3 7822/3/3
f 7826/1/3 7825/1/3 7824/1/3
f 7827/1/3 7825/1/3 7826/1/3
f 7829/4/3 7828/4/3 7827/4/3
f 7830/4/3 7828/4/3 7829/4/3
f 7833/1/3 7832/1/3 7831/1/3
f 7834/1/3 7832/1/3 7833/1/3
f 7841/2/3 7836/2/3 7835/2/3
f 7842/3/3 7837/3/3 7836/3/3
f 7842/2/3 7836/2/3 7841/2/3
f 7843/4/3 7838/4/3 7837/4/3
f 7843/3/3 7837/3/3 7842/3/3
f 7844/4/3 7838/4/3 7843/4/3
f 7845/3/3 7840/3/3 7839/3/3
f 7846/3/3 7840/3/3 7845/3/3
f 7851/3/3 7848/3/3 7847/3/3
f 7852/3/3 7848/3/3 7851/3/3
f 7853/2/3 7850/2/3 7849/2/3
f 7854/2/3 7850/2/3 7853/2/3
f 7857/4/3 7855/4/3 7854/4/3
f 7858/4/3 7855/4/3 7857/4/3
f 7859/3/3 7857/3/3 7856/3/3
f 7860/3/3 7857/3/3 7859/3/3
f 7864/3/3 7862/3/3 7861/3/3
f 7865/3/3 7862/3/3 7864/3/3
f 7866/2/3 7864/2/3 7863/2/3
f 7867/2/3 7864/2/3 7866/2/3
f 7870/2/3 7869/2/3 7868/2/3
f 7871/2/3 7869/2/3 7870/2/3
f 7874/3/3 7873/3/3 7872/3/3
f 7875/3/3 7873/3/3 7874/3/3
f 7880/2/3 7877/2/3 7876/2/3
f 7881/1/3 7878/1/3 7877/1/3
f 7881/2/3 7877/2/3 7880/2/3
f 7882/4/3 7879/4/3 7878/4/3
f 7882/1/3 7878/1/3 7881/1/3
f 7883/4/3 7879/4/3 7882/4/3
f 7888/1/3 7885/1/3 7884/1/3
f 7889/1/3 7885/1/3 7888/1/3
f 7891/4/3 7887/4/3 7886/4/3
f 7892/4/3 7887/4/3 7891/4/3
f 7894/1/3 7891/1/3 7890/1/3
f 7895/1/3 7891/1/3 7894/1/3
f 7896/2/3 7894/2/3 7893/2/3
f 7897/2/3 7894/2/3 7896/2/3
f 7900/1/3 7899/1/3 7898/1/3
f 7902/1/3 7900/1/3 7898/1/3
f 7903/3/3 7901/3/3 7900/3/3
f 7903/1/3 7900/1/3 7902/1/3
f 7904/3/3 7901/3/3 7903/3/3
f 7907/1/3 7906/1/3 7905/1/3
f 7908/1/3 7906/1/3 7907/1/3
f 7910/3/3 7908/3/3 7907/3/3
f 7911/3/3 7908/3/3 7910/3/3
f 7912/2/3 7910/2/3 7909/2/3
f 7913/2/3 7910/2/3 7912/2/3
f 7916/2/3 7915/2/3 7914/2/3
f 7917/2/3 7915/2/3 7916/2/3
f 7919/2/3 7918/2/3 7917/2/3
f 7920/2/3 7918/2/3 7919/2/3
f 7922/4/3 7921/4/3 7920/4/3
f 7923/4/3 7921/4/3 7922/4/3
f 7926/1/3 7925/1/3 7924/1/3
f 7927/1/3 7925/1/3 7926/1/3
f 7935/3/3 7929/3/3 7928/3/3
f 7936/1/3 7930/1/3 7929/1/3
f 7936/3/3 7929/3/3 7935/3/3
f 7937/4/3 7931/4/3 7930/4/3
f 7937/1/3 7930/1/3 7936/1/3
f 7938/4/3 7931/4/3 7937/4/3
f 7940/4/3 7933/4/3 7932/4/3
f 7941/2/3 7934/2/3 7933/2/3
f 7941/4/3 7933/4/3 7940/4/3
f 7942/2/3 7934/2/3 7941/2/3
f 7944/2/3 7940/2/3 7939/2/3
f 7945/2/3 7940/2/3 7944/2/3
f 7947/3/3 7944/3/3 7943/3/3
f 7948/3/3 7944/3/3 7947/3/3
f 7949/2/3 7947/2/3 7946/2/3
f 7950/2/3 7947/2/3 7949/2/3
f 7953/1/3 7950/1/3 7949/1/3
f 7954/1/3 7950/1/3 7953/1/3
f 7955/1/3 7952/1/3 7951/1/3
f 7956/1/3 7952/1/3 7955/1/3
f 7959/3/3 7957/3/3 7956/3/3
f 7960/3/3 7957/3/3 7959/3/3
f 7962/2/3 7959/2/3 7958/2/3
f 7963/2/3 7959/2/3 7962/2/3
f 7964/1/3 7962/1/3 7961/1/3
f 7965/2/3 7963/2/3 7962/2/3
f 7965/1/3 7962/1/3 7964/1/3
f 7966/2/3 7963/2/3 7965/2/3
f 7969/3/3 7968/3/3 7967/3/3
f 7970/3/3 7968/3/3 7969/3/3
f 7972/1/3 7971/1/3 7970/1/3
f 7973/1/3 7971/1/3 7972/1/3
f 7975/2/3 7974/2/3 7973/2/3
f 7976/2/3 7974/2/3 7975/2/3
f 7979/4/3 7977/4/3 7976/4/3
f 7980/3/3 7978/3/3 7977/3/3
f 7980/4/3 7977/4/3 7979/4/3
f 7981/3/3 7978/3/3 7980/3/3
f 7986/2/3 7984/2/3 7983/2/3
f 7986/2/3 7983/2/3 7982/2/3
f 7987/4/3 7985/4/3 7984/4/3
f 7987/2/3 7984/2/3 7986/2/3
f 7988/4/3 7985/4/3 7987/4/3
f 7992/1/3 7990/1/3 7989/1/3
f 7993/2/3 7991/2/3 7990/2/3
f 7993/1/3 7990/1/3 7992/1/3
f 7994/2/3 7991/2/3 7993/2/3
f 7997/1/3 7996/1/3 7995/1/3
f 7998/1/3 7996/1/3 7997/1/3
f 8003/2/3 8000/2/3 7999/2/3
f 8004/2/3 8000/2/3 8003/2/3
f 8005/1/3 8004/1/3 8003/1/3
f 8006/1/3 8004/1/3 8005/1/3
f 8007/1/3 8002/1/3 8001/1/3
f 8008/1/3 8002/1/3 8007/1/3
f 8011/2/3 8009/2/3 8008/2/3
f 8012/2/3 8009/2/3 8011/2/3
f 8014/1/3 8011/1/3 8010/1/3
f 8015/1/3 8011/1/3 8014/1/3
f 8016/4/3 8014/4/3 8013/4/3
f 8020/4/3 8016/4/3 8013/4/3
f 8021/1/3 8017/1/3 8016/1/3
f 8021/4/3 8016/4/3 8020/4/3
f 8022/1/3 8017/1/3 8021/1/3
f 8023/3/3 8019/3/3 8018/3/3
f 8024/3/3 8019/3/3 8023/3/3
f 8025/2/3 8024/2/3 8023/2/3
f 8026/2/3 8024/2/3 8025/2/3
f 8029/2/3 8028/2/3 8027/2/3
f 8030/2/3 8028/2/3 8029/2/3
f 8034/2/3 8032/2/3 8031/2/3
f 8035/1/3 8033/1/3 8032/1/3
f 8035/2/3 8032/2/3 8034/2/3
f 8036/1/3 8033/1/3 8035/1/3
f 8042/3/3 8038/3/3 8037/3/3
f 8043/4/3 8039/4/3 8038/4/3
f 8043/3/3 8038/3/3 8042/3/3
f 8044/4/3 8039/4/3 8043/4/3
f 8046/4/3 8041/4/3 8040/4/3
f 8047/4/3 8041/4/3 8046/4/3
f 8048/3/3 8046/3/3 8045/3/3
f 8049/3/3 8046/3/3 8048/3/3
f 8053/3/3 8051/3/3 8050/3/3
f 8054/3/3 8051/3/3 8053/3/3
f 8055/1/3 8053/1/3 8052/1/3
f 8056/1/3 8053/1/3 8055/1/3
f 8059/4/3 8058/4/3 8057/4/3
f 8060/4/3 8058/4/3 8059/4/3
f 8063/3/3 8061/3/3 8060/3/3
f 8064/3/3 8061/3/3 8063/3/3
f 8065/4/3 8063/4/3 8062/4/3
f 8066/4/3 8063/4/3 8065/4/3
f 8069/1/3 8068/1/3 8067/1/3
f 8070/1/3 8068/1/3 8069/1/3
f 8073/2/3 8072/2/3 8071/2/3
f 8074/2/3 8072/2/3 8073/2/3
f 8076/2/3 8075/2/3 8074/2/3
f 8077/2/3 8075/2/3 8076/2/3
f 8080/2/3 8079/2/3 8078/2/3
f 8081/2/3 8079/2/3 8080/2/3
f 8083/4/3 8082/4/3 8081/4/3
f 8084/4/3 8082/4/3 8083/4/3
f 8089/3/3 8086/3/3 8085/3/3
f 8089/3/3 8087/3/3 8086/3/3
f 8090/4/3 8088/4/3 8087/4/3
f 8090/3/3 8087/3/3 8089/3/3
f 8091/4/3 8088/4/3 8090/4/3
f 8097/1/3 8093/1/3 8092/1/3
f 8098/3/3 8094/3/3 8093/3/3
f 8098/1/3 8093/1/3 8097/1/3
f 8099/3/3 8094/3/3 8098/3/3
f 8101/1/3 8096/1/3 8095/1/3
f 8102/1/3 8096/1/3 8101/1/3
f 8104/2/3 8101/2/3 8100/2/3
f 8105/2/3 8101/2/3 8104/2/3
f 8107/1/3 8104/1/3 8103/1/3
f 8108/1/3 8104/1/3 8107/1/3
f 8109/1/3 8107/1/3 8106/1/3
f 8110/1/3 8107/1/3 8109/1/3
f 8116/4/3 8112/4/3 8111/4/3
f 8117/4/3 8115/4/3 8114/4/3
f 8117/1/3 8114/1/3 8113/1/3
f 8118/4/3 8115/4/3 8117/4/3
f 8119/4/3 8116/4/3 8111/4/3
f 8120/4/3 8116/4/3 8119/4/3
f 8121/1/3 8117/1/3 8113/1/3
f 8122/1/3 8117/1/3 8121/1/3
f 8124/2/3 8122/2/3 8121/2/3
f 8125/4/3 8123/4/3 8122/4/3
f 8125/2/3 8122/2/3 8124/2/3
f 8126/4/3 8123/4/3 8125/4/3
f 8129/3/3 8128/3/3 8127/3/3
f 8130/3/3 8128/3/3 8129/3/3
f 8133/4/3 8132/4/3 8131/4/3
f 8134/4/3 8132/4/3 8133/4/3
f 8137/1/3 8136/1/3 8135/1/3
f 8138/1/3 8136/1/3 8137/1/3
f 8140/2/3 8139/2/3 8138/2/3
f 8141/2/3 8139/2/3 8140/2/3
f 8143/3/3 8142/3/3 8141/3/3
f 8144/3/3 8142/3/3 8143/3/3
f 8146/2/3 8145/2/3 8144/2/3
f 8147/2/3 8145/2/3 8146/2/3
f 8151/1/3 8149/1/3 8148/1/3
f 8152/2/3 8150/2/3 8149/2/3
f 8152/1/3 8149/1/3 8151/1/3
f 8153/2/3 8150/2/3 8152/2/3
f 8160/3/3 8155/3/3 8154/3/3
f 8161/2/3 8156/2/3 8155/2/3
f 8161/3/3 8155/3/3 8160/3/3
f 8162/4/3 8157/4/3 8156/4/3
f 8162/2/3 8156/2/3 8161/2/3
f 8163/4/3 8157/4/3 8162/4/3
f 8166/4/3 8159/4/3 8158/4/3
f 8167/4/3 8159/4/3 8166/4/3
f 8169/3/3 8165/3/3 8164/3/3
f 8170/3/3 8165/3/3 8169/3/3
f 8172/2/3 8169/2/3 8168/2/3
f 8173/2/3 8169/2/3 8172/2/3
f 8174/2/3 8172/2/3 8171/2/3
f 8175/2/3 8172/2/3 8174/2/3
f 8178/4/3 8177/4/3 8176/4/3
f 8179/4/3 8177/4/3 8178/4/3
f 8182/3/3 8181/3/3 8180/3/3
f 8183/3/3 8181/3/3 8182/3/3
f 8185/1/3 8184/1/3 8183/1/3
f 8186/1/3 8184/1/3 8185/1/3
f 8189/3/3 8188/3/3 8187/3/3
f 8190/3/3 8188/3/3 8189/3/3
f 8193/4/3 8192/4/3 8191/4/3
f 8194/4/3 8192/4/3 8193/4/3
f 8197/1/3 8196/1/3 8195/1/3
f 8198/1/3 8196/1/3 8197/1/3
f 8200/3/3 8199/3/3 8198/3/3
f 8201/3/3 8199/3/3 8200/3/3
f 8203/1/3 8202/1/3 8201/1/3
f 8204/1/3 8202/1/3 8203/1/3
f 8207/4/3 8206/4/3 8205/4/3
f 8208/4/3 8206/4/3 8207/4/3
f 8213/2/3 8210/2/3 8209/2/3
f 8214/3/3 8211/3/3 8210/3/3
f 8214/2/3 8210/2/3 8213/2/3
f 8215/4/3 8212/4/3 8211/4/3
f 8215/3/3 8211/3/3 8214/3/3
f 8216/4/3 8212/4/3 8215/4/3
f 8221/1/3 8218/1/3 8217/1/3
f 8222/1/3 8218/1/3 8221/1/3
f 8223/1/3 8218/1/3 8222/1/3
f 8224/1/3 8220/1/3 8219/1/3
f 8225/1/3 8220/1/3 8224/1/3
f 8228/4/3 8227/4/3 8226/4/3
f 8229/4/3 8227/4/3 8228/4/3
f 8232/2/3 8231/2/3 8230/2/3
f 8235/2/3 8231/2/3 8232/2/3
f 8236/2/3 8231/2/3 8235/2/3
f 8237/3/3 8234/3/3 8233/3/3
f 8238/3/3 8234/3/3 8237/3/3
f 8241/3/3 8240/3/3 8239/3/3
f 8242/3/3 8240/3/3 8241/3/3
f 8243/2/3 8242/2/3 8241/2/3
f 8244/2/3 8242/2/3 8243/2/3
f 8247/4/3 8246/4/3 8245/4/3
f 8248/4/3 8246/4/3 8247/4/3
f 8251/1/3 8250/1/3 8249/1/3
f 8252/1/3 8250/1/3 8251/1/3
f 8256/3/3 8254/3/3 8253/3/3
f 8257/1/3 8255/1/3 8254/1/3
f 8257/3/3 8254/3/3 8256/3/3
f 8258/1/3 8255/1/3 8257/1/3
f 8265/1/3 8260/1/3 8259/1/3
f 8266/2/3 8261/2/3 8260/2/3
f 8266/1/3 8260/1/3 8265/1/3
f 8267/4/3 8262/4/3 8261/4/3
f 8267/2/3 8261/2/3 8266/2/3
f 8268/4/3 8262/4/3 8267/4/3
f 8271/4/3 8264/4/3 8263/4/3
f 8272/4/3 8264/4/3 8271/4/3
f 8274/3/3 8270/3/3 8269/3/3
f 8275/3/3 8270/3/3 8274/3/3
f 8277/1/3 8274/1/3 8273/1/3
f 8278/1/3 8274/1/3 8277/1/3
f 8280/1/3 8277/1/3 8276/1/3
f 8281/1/3 8277/1/3 8280/1/3
f 8282/4/3 8280/4/3 8279/4/3
f 8283/4/3 8280/4/3 8282/4/3
f 8286/3/3 8285/3/3 8284/3/3
f 8287/3/3 8285/3/3 8286/3/3
f 8290/3/3 8289/3/3 8288/3/3
f 8291/3/3 8289/3/3 8290/3/3
f 8294/1/3 8293/1/3 8292/1/3
f 8295/1/3 8293/1/3 8294/1/3
f 8298/2/3 8297/2/3 8296/2/3
f 8299/2/3 8297/2/3 8298/2/3
f 8300/1/3 8299/1/3 8298/1/3
f 8301/1/3 8299/1/3 8300/1/3
f 8304/2/3 8303/2/3 8302/2/3
f 8305/2/3 8303/2/3 8304/2/3
f 8308/4/3 8307/4/3 8306/4/3
f 8309/4/3 8307/4/3 8308/4/3
f 8311/3/3 8310/3/3 8309/3/3
f 8312/3/3 8310/3/3 8311/3/3
f 8314/3/3 8313/3/3 8312/3/3
f 8315/3/3 8313/3/3 8314/3/3
f 8317/2/3 8316/2/3 8315/2/3
f 8318/2/3 8316/2/3 8317/2/3
f 8321/4/3 8320/4/3 8319/4/3
f 8322/4/3 8320/4/3 8321/4/3
f 8327/2/3 8324/2/3 8323/2/3
f 8327/2/3 8325/2/3 8324/2/3
f 8328/4/3 8326/4/3 8325/4/3
f 8328/2/3 8325/2/3 8327/2/3
f 8329/4/3 8326/4/3 8328/4/3
f 8335/3/3 8331/3/3 8330/3/3
f 8336/1/3 8332/1/3 8331/1/3
f 8336/3/3 8331/3/3 8335/3/3
f 8337/1/3 8332/1/3 8336/1/3
f 8340/1/3 8334/1/3 8333/1/3
f 8341/1/3 8334/1/3 8340/1/3
f 8343/2/3 8339/2/3 8338/2/3
f 8344/2/3 8339/2/3 8343/2/3
f 8346/3/3 8343/3/3 8342/3/3
f 8347/3/3 8343/3/3 8346/3/3
f 8348/4/3 8346/4/3 8345/4/3
f 8349/4/3 8346/4/3 8348/4/3
f 8352/2/3 8351/2/3 8350/2/3
f 8353/2/3 8351/2/3 8352/2/3
f 8356/3/3 8355/3/3 8354/3/3
f 8357/3/3 8355/3/3 8356/3/3
f 8358/2/3 8357/2/3 8356/2/3
f 8359/2/3 8357/2/3 8358/2/3
f 8362/3/3 8361/3/3 8360/3/3
f 8363/3/3 8361/3/3 8362/3/3
f 8365/2/3 8363/2/3 8362/2/3
f 8365/2/3 8364/2/3 8363/2/3
f 8366/2/3 8364/2/3 8365/2/3
f 8367/2/3 8364/2/3 8366/2/3
f 8370/3/3 8369/3/3 8368/3/3
f 8371/3/3 8369/3/3 8370/3/3
f 8372/2/3 8371/2/3 8370/2/3
f 8373/2/3 8371/2/3 8372/2/3
f 8376/1/3 8375/1/3 8374/1/3
f 8377/1/3 8375/1/3 8376/1/3
f 8380/4/3 8379/4/3 8378/4/3
f 8381/4/3 8379/4/3 8380/4/3
f 8383/2/3 8382/2/3 8381/2/3
f 8384/2/3 8382/2/3 8383/2/3
f 8386/2/3 8385/2/3 8384/2/3
f 8387/2/3 8385/2/3 8386/2/3
f 8390/2/3 8389/2/3 8388/2/3
f 8391/2/3 8389/2/3 8390/2/3
f 8395/1/3 8393/1/3 8392/1/3
f 8396/2/3 8394/2/3 8393/2/3
f 8396/1/3 8393/1/3 8395/1/3
f 8397/2/3 8394/2/3 8396/2/3
f 8404/1/3 8399/1/3 8398/1/3
f 8405/1/3 8399/1/3 8404/1/3
f 8406/4/3 8400/4/3 8399/4/3
f 8406/1/3 8399/1/3 8405/1/3
f 8407/4/3 8400/4/3 8406/4/3
f 8409/1/3 8402/1/3 8401/1/3
f 8410/4/3 8403/4/3 8402/4/3
f 8410/1/3 8402/1/3 8409/1/3
f 8411/4/3 8403/4/3 8410/4/3
f 8414/2/3 8409/2/3 8408/2/3
f 8415/2/3 8409/2/3 8414/2/3
f 8417/3/3 8413/3/3 8412/3/3
f 8418/3/3 8413/3/3 8417/3/3
f 8419/4/3 8417/4/3 8416/4/3
f 8420/4/3 8417/4/3 8419/4/3
f 8424/1/3 8422/1/3 8421/1/3
f 8425/1/3 8422/1/3 8424/1/3
f 8426/1/3 8424/1/3 8423/1/3
f 8427/1/3 8424/1/3 8426/1/3
f 8428/2/3 8427/2/3 8426/2/3
f 8429/2/3 8427/2/3 8428/2/3
f 8434/3/3 8431/3/3 8430/3/3
f 8435/3/3 8431/3/3 8434/3/3
f 8436/3/3 8433/3/3 8432/3/3
f 8437/3/3 8433/3/3 8436/3/3
f 8440/1/3 8439/1/3 8438/1/3
f 8441/1/3 8439/1/3 8440/1/3
f 8444/2/3 8443/2/3 8442/2/3
f 8445/2/3 8443/2/3 8444/2/3
f 8448/2/3 8447/2/3 8446/2/3
f 8449/2/3 8447/2/3 8448/2/3
f 8450/3/3 8449/3/3 8448/3/3
f 8451/3/3 8449/3/3 8450/3/3
f 8453/1/3 8452/1/3 8451/1/3
f 8454/1/3 8452/1/3 8453/1/3
f 8457/4/3 8456/4/3 8455/4/3
f 8458/4/3 8456/4/3 8457/4/3
f 8460/2/3 8459/2/3 8458/2/3
f 8461/2/3 8459/2/3 8460/2/3
f 8464/3/3 8463/3/3 8462/3/3
f 8465/3/3 8463/3/3 8464/3/3
f 8468/3/3 8466/3/3 8465/3/3
f 8469/4/3 8467/4/3 8466/4/3
f 8469/3/3 8466/3/3 8468/3/3
f 8470/4/3 8467/4/3 8469/4/3
f 8476/3/3 8474/3/3 8473/3/3
f 8476/3/3 8473/3/3 8472/3/3
f 8476/3/3 8472/3/3 8471/3/3
f 8477/4/3 8475/4/3 8474/4/3
f 8477/3/3 8474/3/3 8476/3/3
f 8478/4/3 8475/4/3 8477/4/3
f 8483/2/3 8480/2/3 8479/2/3
f 8484/2/3 8480/2/3 8483/2/3
f 8486/3/3 8482/3/3 8481/3/3
f 8487/3/3 8482/3/3 8486/3/3
f 8488/3/3 8486/3/3 8485/3/3
f 8489/3/3 8486/3/3 8488/3/3
f 8493/1/3 8491/1/3 8490/1/3
f 8494/1/3 8491/1/3 8493/1/3
f 8495/3/3 8493/3/3 8492/3/3
f 8496/3/3 8493/3/3 8495/3/3
f 8502/3/3 8498/3/3 8497/3/3
f 8503/3/3 8498/3/3 8502/3/3
f 8504/4/3 8500/4/3 8499/4/3
f 8505/2/3 8501/2/3 8500/2/3
f 8505/4/3 8500/4/3 8504/4/3
f 8506/2/3 8501/2/3 8505/2/3
f 8507/1/3 8505/1/3 8504/1/3
f 8508/1/3 8505/1/3 8507/1/3
f 8511/2/3 8510/2/3 8509/2/3
f 8512/2/3 8510/2/3 8511/2/3
f 8516/4/3 8514/4/3 8513/4/3
f 8517/1/3 8515/1/3 8514/1/3
f 8517/4/3 8514/4/3 8516/4/3
f 8518/1/3 8515/1/3 8517/1/3
f 8521/1/3 8520/1/3 8519/1/3
f 8522/1/3 8520/1/3 8521/1/3
f 8525/3/3 8524/3/3 8523/3/3
f 8526/3/3 8524/3/3 8525/3/3
f 8528/3/3 8527/3/3 8526/3/3
f 8529/3/3 8527/3/3 8528/3/3
f 8532/3/3 8531/3/3 8530/3/3
f 8533/3/3 8531/3/3 8532/3/3
f 8535/1/3 8534/1/3 8533/1/3
f 8536/1/3 8534/1/3 8535/1/3
f 8539/2/3 8538/2/3 8537/2/3
f 8540/2/3 8538/2/3 8539/2/3
f 8548/2/3 8542/2/3 8541/2/3
f 8549/1/3 8543/1/3 8542/1/3
f 8549/2/3 8542/2/3 8548/2/3
f 8550/1/3 8543/1/3 8549/1/3
f 8551/4/3 8544/4/3 8543/4/3
f 8551/1/3 8543/1/3 8550/1/3
f 8552/4/3 8544/4/3 8551/4/3
f 8555/2/3 8546/2/3 8545/2/3
f 8556/4/3 8547/4/3 8546/4/3
f 8556/2/3 8546/2/3 8555/2/3
f 8557/4/3 8547/4/3 8556/4/3
f 8559/3/3 8554/3/3 8553/3/3
f 8560/3/3 8554/3/3 8559/3/3
f 8562/1/3 8559/1/3 8558/1/3
f 8563/1/3 8559/1/3 8562/1/3
f 8565/4/3 8562/4/3 8561/4/3
f 8566/4/3 8562/4/3 8565/4/3
f 8568/1/3 8565/1/3 8564/1/3
f 8569/1/3 8565/1/3 8568/1/3
f 8570/1/3 8568/1/3 8567/1/3
f 8571/1/3 8568/1/3 8570/1/3
f 8574/1/3 8573/1/3 8572/1/3
f 8575/1/3 8573/1/3 8574/1/3
f 8576/2/3 8575/2/3 8574/2/3
f 8577/2/3 8575/2/3 8576/2/3
f 8580/2/3 8579/2/3 8578/2/3
f 8581/2/3 8579/2/3 8580/2/3
f 8583/1/3 8581/1/3 8580/1/3
f 8583/1/3 8582/1/3 8581/1/3
f 8584/1/3 8582/1/3 8583/1/3
f 8585/1/3 8582/1/3 8584/1/3
f 8589/1/3 8587/1/3 8586/1/3
f 8590/2/3 8588/2/3 8587/2/3
f 8590/1/3 8587/1/3 8589/1/3
f 8591/2/3 8588/2/3 8590/2/3
f 8594/2/3 8593/2/3 8592/2/3
f 8595/2/3 8593/2/3 8594/2/3
f 8596/3/3 8595/3/3 8594/3/3
f 8597/3/3 8595/3/3 8596/3/3
f 8600/2/3 8599/2/3 8598/2/3
f 8601/2/3 8599/2/3 8600/2/3
f 8603/1/3 8602/1/3 8601/1/3
f 8604/1/3 8602/1/3 8603/1/3
f 8606/4/3 8605/4/3 8604/4/3
f 8607/4/3 8605/4/3 8606/4/3
f 8609/3/3 8608/3/3 8607/3/3
f 8610/3/3 8608/3/3 8609/3/3
f 8612/3/3 8611/3/3 8610/3/3
f 8613/3/3 8611/3/3 8612/3/3
f 8617/3/3 8615/3/3 8614/3/3
f 8618/4/3 8616/4/3 8615/4/3
f 8618/3/3 8615/3/3 8617/3/3
f 8619/4/3 8616/4/3 8618/4/3
f 8625/1/3 8621/1/3 8620/1/3
f 8626/3/3 8622/3/3 8621/3/3
f 8626/1/3 8621/1/3 8625/1/3
f 8627/2/3 8623/2/3 8622/2/3
f 8627/3/3 8622/3/3 8626/3/3
f 8628/4/3 8624/4/3 8623/4/3
f 8628/2/3 8623/2/3 8627/2/3
f 8629/4/3 8624/4/3 8628/4/3
f 8635/4/3 8631/4/3 8630/4/3
f 8636/3/3 8632/3/3 8631/3/3
f 8636/4/3 8631/4/3 8635/4/3
f 8637/3/3 8632/3/3 8636/3/3
f 8638/1/3 8634/1/3 8633/1/3
f 8639/1/3 8634/1/3 8638/1/3
f 8643/4/3 8641/4/3 8640/4/3
f 8644/4/3 8641/4/3 8643/4/3
f 8645/3/3 8643/3/3 8642/3/3
f 8646/3/3 8643/3/3 8645/3/3
f 8649/1/3 8648/1/3 8647/1/3
f 8650/1/3 8648/1/3 8649/1/3
f 8653/1/3 8652/1/3 8651/1/3
f 8654/1/3 8652/1/3 8653/1/3
f 8655/2/3 8654/2/3 8653/2/3
f 8656/2/3 8654/2/3 8655/2/3
f 8659/2/3 8658/2/3 8657/2/3
f 8660/2/3 8658/2/3 8659/2/3
f 8661/1/3 8660/1/3 8659/1/3
f 8662/1/3 8660/1/3 8661/1/3
f 8665/3/3 8664/3/3 8663/3/3
f 8666/3/3 8664/3/3 8665/3/3
f 8669/1/3 8668/1/3 8667/1/3
f 8670/1/3 8668/1/3 8669/1/3
f 8672/4/3 8671/4/3 8670/4/3
f 8673/4/3 8671/4/3 8672/4/3
f 8676/2/3 8675/2/3 8674/2/3
f 8677/2/3 8675/2/3 8676/2/3
f 8681/4/3 8679/4/3 8678/4/3
f 8682/1/3 8680/1/3 8679/1/3
f 8682/4/3 8679/4/3 8681/4/3
f 8683/1/3 8680/1/3 8682/1/3
f 8690/3/3 8685/3/3 8684/3/3
f 8691/1/3 8686/1/3 8685/1/3
f 8691/3/3 8685/3/3 8690/3/3
f 8692/4/3 8687/4/3 8686/4/3
f 8692/1/3 8686/1/3 8691/1/3
f 8693/4/3 8687/4/3 8692/4/3
f 8696/2/3 8689/2/3 8688/2/3
f 8697/2/3 8689/2/3 8696/2/3
f 8699/1/3 8695/1/3 8694/1/3
f 8700/1/3 8695/1/3 8699/1/3
f 8701/2/3 8699/2/3 8698/2/3
f 8702/2/3 8699/2/3 8701/2/3
f 8706/3/3 8704/3/3 8703/3/3
f 8707/3/3 8704/3/3 8706/3/3
f 8708/2/3 8706/2/3 8705/2/3
f 8709/2/3 8706/2/3 8708/2/3
f 8712/2/3 8711/2/3 8710/2/3
f 8713/2/3 8711/2/3 8712/2/3
f 8717/1/3 8715/1/3 8714/1/3
f 8718/1/3 8715/1/3 8717/1/3
f 8719/3/3 8717/3/3 8716/3/3
f 8720/3/3 8717/3/3 8719/3/3
f 8722/2/3 8721/2/3 8720/2/3
f 8723/2/3 8721/2/3 8722/2/3
f 8726/3/3 8725/3/3 8724/3/3
f 8727/3/3 8725/3/3 8726/3/3
f 8728/1/3 8727/1/3 8726/1/3
f 8729/1/3 8727/1/3 8728/1/3
f 8732/1/3 8731/1/3 8730/1/3
f 8733/1/3 8731/1/3 8732/1/3
f 8736/2/3 8735/2/3 8734/2/3
f 8737/2/3 8735/2/3 8736/2/3
f 8739/3/3 8738/3/3 8737/3/3
f 8740/3/3 8738/3/3 8739/3/3
f 8743/1/3 8742/1/3 8741/1/3
f 8744/1/3 8742/1/3 8743/1/3
f 8746/3/3 8745/3/3 8744/3/3
f 8747/3/3 8745/3/3 8746/3/3
f 8750/3/3 8749/3/3 8748/3/3
f 8751/3/3 8749/3/3 8750/3/3
f 8756/3/3 8753/3/3 8752/3/3
f 8757/2/3 8754/2/3 8753/2/3
f 8757/3/3 8753/3/3 8756/3/3
f 8758/4/3 8755/4/3 8754/4/3
f 8758/2/3 8754/2/3 8757/2/3
f 8759/4/3 8755/4/3 8758/4/3
f 8765/4/3 8761/4/3 8760/4/3
f 8766/2/3 8762/2/3 8761/2/3
f 8766/4/3 8761/4/3 8765/4/3
f 8767/2/3 8762/2/3 8766/2/3
f 8770/1/3 8764/1/3 8763/1/3
f 8771/1/3 8764/1/3 8770/1/3
f 8773/1/3 8769/1/3 8768/1/3
f 8774/1/3 8769/1/3 8773/1/3
f 8776/4/3 8773/4/3 8772/4/3
f 8777/4/3 8773/4/3 8776/4/3
f 8779/3/3 8776/3/3 8775/3/3
f 8780/3/3 8776/3/3 8779/3/3
f 8782/3/3 8779/3/3 8778/3/3
f 8783/3/3 8779/3/3 8782/3/3
f 8784/2/3 8782/2/3 8781/2/3
f 8785/2/3 8782/2/3 8784/2/3
f 8788/3/3 8787/3/3 8786/3/3
f 8789/3/3 8787/3/3 8788/3/3
f 8792/4/3 8791/4/3 8790/4/3
f 8793/4/3 8792/4/3 8790/4/3
f 8794/4/3 8792/4/3 8793/4/3
f 8797/1/3 8796/1/3 8795/1/3
f 8798/1/3 8796/1/3 8797/1/3
f 8800/2/3 8798/2/3 8797/2/3
f 8801/1/3 8799/1/3 8798/1/3
f 8801/2/3 8798/2/3 8800/2/3
f 8802/1/3 8799/1/3 8801/1/3
f 8803/3/3 8801/3/3 8800/3/3
f 8804/3/3 8801/3/3 8803/3/3
f 8807/4/3 8806/4/3 8805/4/3
f 8808/4/3 8806/4/3 8807/4/3
f 8811/1/3 8810/1/3 8809/1/3
f 8812/1/3 8810/1/3 8811/1/3
f 8815/2/3 8814/2/3 8813/2/3
f 8816/2/3 8814/2/3 8815/2/3
f 8818/3/3 8817/3/3 8816/3/3
f 8819/3/3 8817/3/3 8818/3/3
f 8821/3/3 8820/3/3 8819/3/3
f 8822/3/3 8820/3/3 8821/3/3
f 8824/4/3 8823/4/3 8822/4/3
f 8825/4/3 8823/4/3 8824/4/3
f 8827/1/3 8826/1/3 8825/1/3
f 8828/1/3 8826/1/3 8827/1/3
f 8831/1/3 8830/1/3 8829/1/3
f 8832/1/3 8830/1/3 8831/1/3
f 8836/4/3 8834/4/3 8833/4/3
f 8837/3/3 8835/3/3 8834/3/3
f 8837/4/3 8834/4/3 8836/4/3
f 8838/3/3 8835/3/3 8837/3/3
f 8846/3/3 8840/3/3 8839/3/3
f 8847/2/3 8841/2/3 8840/2/3
f 8847/3/3 8840/3/3 8846/3/3
f 8848/3/3 8842/3/3 8841/3/3
f 8848/2/3 8841/2/3 8847/2/3
f 8849/4/3 8843/4/3 8842/4/3
f 8849/3/3 8842/3/3 8848/3/3
f 8850/4/3 8843/4/3 8849/4/3
f 8853/1/3 8845/1/3 8844/1/3
f 8854/1/3 8845/1/3 8853/1/3
f 8857/1/3 8852/1/3 8851/1/3
f 8858/1/3 8852/1/3 8857/1/3
f 8860/4/3 8856/4/3 8855/4/3
f 8861/4/3 8856/4/3 8860/4/3
f 8863/2/3 8860/2/3 8859/2/3
f 8864/2/3 8860/2/3 8863/2/3
f 8866/3/3 8863/3/3 8862/3/3
f 8867/3/3 8863/3/3 8866/3/3
f 8868/3/3 8866/3/3 8865/3/3
f 8869/3/3 8866/3/3 8868/3/3
f 8872/3/3 8871/3/3 8870/3/3
f 8873/3/3 8871/3/3 8872/3/3
f 8876/4/3 8875/4/3 8874/4/3
f 8877/4/3 8875/4/3 8876/4/3
f 8880/4/3 8879/4/3 8878/4/3
f 8881/4/3 8879/4/3 8880/4/3
f 8884/3/3 8883/3/3 8882/3/3
f 8885/3/3 8883/3/3 8884/3/3
f 8888/2/3 8887/2/3 8886/2/3
f 8889/2/3 8887/2/3 8888/2/3
f 8891/1/3 8890/1/3 8889/1/3
f 8892/1/3 8890/1/3 8891/1/3
f 8894/1/3 8893/1/3 8892/1/3
f 8895/1/3 8893/1/3 8894/1/3
f 8897/4/3 8896/4/3 8895/4/3
f 8898/4/3 8896/4/3 8897/4/3
f 8901/2/3 8900/2/3 8899/2/3
f 8902/2/3 8900/2/3 8901/2/3
f 8905/2/3 8904/2/3 8903/2/3
f 8906/2/3 8904/2/3 8905/2/3
f 8912/2/3 8908/2/3 8907/2/3
f 8913/3/3 8909/3/3 8908/3/3
f 8913/2/3 8908/2/3 8912/2/3
f 8914/2/3 8910/2/3 8909/2/3
f 8914/3/3 8909/3/3 8913/3/3
f 8915/4/3 8911/4/3 8910/4/3
f 8915/2/3 8910/2/3 8914/2/3
f 8916/4/3 8911/4/3 8915/4/3
f 8922/4/3 8918/4/3 8917/4/3
f 8923/3/3 8919/3/3 8918/3/3
f 8923/4/3 8918/4/3 8922/4/3
f 8924/3/3 8919/3/3 8923/3/3
f 8927/3/3 8921/3/3 8920/3/3
f 8928/3/3 8921/3/3 8927/3/3
f 8929/2/3 8926/2/3 8925/2/3
f 8930/2/3 8926/2/3 8929/2/3
f 8933/1/3 8932/1/3 8931/1/3
f 8934/1/3 8932/1/3 8933/1/3
f 8937/4/3 8936/4/3 8935/4/3
f 8938/4/3 8936/4/3 8937/4/3
f 8941/1/3 8940/1/3 8939/1/3
f 8942/1/3 8940/1/3 8941/1/3
f 8945/2/3 8944/2/3 8943/2/3
f 8946/2/3 8944/2/3 8945/2/3
f 8947/3/3 8946/3/3 8945/3/3
f 8948/3/3 8946/3/3 8947/3/3
f 8951/4/3 8950/4/3 8949/4/3
f 8952/4/3 8950/4/3 8951/4/3
f 8955/2/3 8954/2/3 8953/2/3
f 8956/2/3 8954/2/3 8955/2/3
f 8959/3/3 8958/3/3 8957/3/3
f 8960/3/3 8958/3/3 8959/3/3
f 8963/3/3 8962/3/3 8961/3/3
f 8964/3/3 8962/3/3 8963/3/3
f 8968/4/3 8966/4/3 8965/4/3
f 8969/3/3 8967/3/3 8966/3/3
f 8969/4/3 8966/4/3 8968/4/3
f 8970/3/3 8967/3/3 8969/3/3
f 8978/3/3 8972/3/3 8971/3/3
f 8979/2/3 8973/2/3 8972/2/3
f 8979/3/3 8972/3/3 8978/3/3
f 8980/1/3 8974/1/3 8973/1/3
f 8980/2/3 8973/2/3 8979/2/3
f 8981/4/3 8975/4/3 8974/4/3
f 8981/1/3 8974/1/3 8980/1/3
f 8982/4/3 8975/4/3 8981/4/3
f 8985/1/3 8977/1/3 8976/1/3
f 8986/1/3 8977/1/3 8985/1/3
f 8989/1/3 8984/1/3 8983/1/3
f 8990/1/3 8984/1/3 8989/1/3
f 8992/4/3 8988/4/3 8987/4/3
f 8993/4/3 8988/4/3 8992/4/3
f 8995/1/3 8992/1/3 8991/1/3
f 8996/1/3 8992/1/3 8995/1/3
f 8998/2/3 8995/2/3 8994/2/3
f 8999/2/3 8995/2/3 8998/2/3
f 9001/2/3 8998/2/3 8997/2/3
f 9002/2/3 8998/2/3 9001/2/3
f 9003/3/3 9001/3/3 9000/3/3
f 9004/3/3 9001/3/3 9003/3/3
f 9007/4/3 9006/4/3 9005/4/3
f 9008/4/3 9006/4/3 9007/4/3
f 9011/3/3 9010/3/3 9009/3/3
f 9012/3/3 9010/3/3 9011/3/3
f 9015/2/3 9014/2/3 9013/2/3
f 9016/2/3 9014/2/3 9015/2/3
f 9019/4/3 9018/4/3 9017/4/3
f 9020/4/3 9018/4/3 9019/4/3
f 9023/1/3 9022/1/3 9021/1/3
f 9024/1/3 9022/1/3 9023/1/3
f 9026/1/3 9025/1/3 9024/1/3
f 9027/1/3 9025/1/3 9026/1/3
f 9029/3/3 9028/3/3 9027/3/3
f 9030/3/3 9028/3/3 9029/3/3
f 9032/1/3 9031/1/3 9030/1/3
f 9033/1/3 9031/1/3 9032/1/3
f 9035/4/3 9034/4/3 9033/4/3
f 9036/4/3 9034/4/3 9035/4/3
f 9039/1/3 9038/1/3 9037/1/3
f 9040/1/3 9038/1/3 9039/1/3
f 9043/1/3 9042/1/3 9041/1/3
f 9044/1/3 9042/1/3 9043/1/3
f 9050/1/3 9046/1/3 9045/1/3
f 9051/3/3 9047/3/3 9046/3/3
f 9051/1/3 9046/1/3 9050/1/3
f 9052/1/3 9048/1/3 9047/1/3
f 9052/3/3 9047/3/3 9051/3/3
f 9053/4/3 9049/4/3 9048/4/3
f 9053/1/3 9048/1/3 9052/1/3
f 9054/4/3 9049/4/3 9053/4/3
f 9061/4/3 9056/4/3 9055/4/3
f 9062/3/3 9057/3/3 9056/3/3
f 9062/4/3 9056/4/3 9061/4/3
f 9063/3/3 9057/3/3 9062/3/3
f 9065/3/3 9059/3/3 9058/3/3
f 9066/2/3 9060/2/3 9059/2/3
f 9066/3/3 9059/3/3 9065/3/3
f 9067/2/3 9060/2/3 9066/2/3
f 9070/1/3 9065/1/3 9064/1/3
f 9071/1/3 9065/1/3 9070/1/3
f 9073/2/3 9069/2/3 9068/2/3
f 9074/2/3 9069/2/3 9073/2/3
f 9076/2/3 9073/2/3 9072/2/3
f 9077/2/3 9073/2/3 9076/2/3
f 9079/2/3 9076/2/3 9075/2/3
f 9080/2/3 9076/2/3 9079/2/3
f 9081/2/3 9079/2/3 9078/2/3
f 9082/2/3 9079/2/3 9081/2/3
f 9086/4/3 9084/4/3 9083/4/3
f 9087/4/3 9084/4/3 9086/4/3
f 9088/1/3 9086/1/3 9085/1/3
f 9089/1/3 9086/1/3 9088/1/3
f 9090/2/3 9089/2/3 9088/2/3
f 9091/2/3 9089/2/3 9090/2/3
f 9094/2/3 9093/2/3 9092/2/3
f 9095/2/3 9093/2/3 9094/2/3
f 9098/3/3 9095/3/3 9094/3/3
f 9099/3/3 9095/3/3 9098/3/3
f 9100/1/3 9097/1/3 9096/1/3
f 9101/1/3 9097/1/3 9100/1/3
f 9104/3/3 9103/3/3 9102/3/3
f 9105/3/3 9103/3/3 9104/3/3
f 9106/1/3 9105/1/3 9104/1/3
f 9107/1/3 9105/1/3 9106/1/3
f 9110/1/3 9109/1/3 9108/1/3
f 9111/1/3 9109/1/3 9110/1/3
f 9114/1/3 9113/1/3 9112/1/3
f 9115/1/3 9114/1/3 9112/1/3
f 9116/1/3 9114/1/3 9115/1/3
f 9119/3/3 9118/3/3 9117/3/3
f 9120/3/3 9118/3/3 9119/3/3
f 9122/4/3 9121/4/3 9120/4/3
f 9123/4/3 9121/4/3 9122/4/3
f 9126/1/3 9125/1/3 9124/1/3
f 9127/1/3 9125/1/3 9126/1/3
f 9129/3/3 9128/3/3 9127/3/3
f 9130/3/3 9128/3/3 9129/3/3
f 9132/3/3 9131/3/3 9130/3/3
f 9133/3/3 9131/3/3 9132/3/3
f 9135/3/3 9134/3/3 9133/3/3
f 9136/3/3 9134/3/3 9135/3/3
f 9139/3/3 9138/3/3 9137/3/3
f 9140/3/3 9138/3/3 9139/3/3
f 9143/3/3 9141/3/3 9140/3/3
f 9144/2/3 9142/2/3 9141/2/3
f 9144/3/3 9141/3/3 9143/3/3
f 9145/2/3 9142/2/3 9144/2/3
f 9149/4/3 9147/4/3 9146/4/3
f 9150/2/3 9148/2/3 9147/2/3
f 9150/4/3 9147/4/3 9149/4/3
f 9151/2/3 9148/2/3 9150/2/3
f 9158/1/3 9153/1/3 9152/1/3
f 9159/2/3 9154/2/3 9153/2/3
f 9159/1/3 9153/1/3 9158/1/3
f 9160/4/3 9155/4/3 9154/4/3
f 9160/2/3 9154/2/3 9159/2/3
f 9161/4/3 9155/4/3 9160/4/3
f 9164/1/3 9157/1/3 9156/1/3
f 9165/1/3 9157/1/3 9164/1/3
f 9166/1/3 9157/1/3 9165/1/3
f 9168/3/3 9163/3/3 9162/3/3
f 9169/3/3 9163/3/3 9168/3/3
f 9172/4/3 9168/4/3 9167/4/3
f 9173/4/3 9168/4/3 9172/4/3
f 9175/2/3 9171/2/3 9170/2/3
f 9176/2/3 9171/2/3 9175/2/3
f 9178/3/3 9175/3/3 9174/3/3
f 9179/3/3 9175/3/3 9178/3/3
f 9180/2/3 9178/2/3 9177/2/3
f 9181/2/3 9178/2/3 9180/2/3
f 9185/4/3 9183/4/3 9182/4/3
f 9186/4/3 9183/4/3 9185/4/3
f 9187/1/3 9185/1/3 9184/1/3
f 9188/1/3 9185/1/3 9187/1/3
f 9191/1/3 9190/1/3 9189/1/3
f 9192/1/3 9190/1/3 9191/1/3
f 9193/2/3 9192/2/3 9191/2/3
f 9194/2/3 9192/2/3 9193/2/3
f 9197/3/3 9196/3/3 9195/3/3
f 9198/3/3 9196/3/3 9197/3/3
f 9199/2/3 9198/2/3 9197/2/3
f 9200/2/3 9198/2/3 9199/2/3
f 9203/3/3 9202/3/3 9201/3/3
f 9204/3/3 9202/3/3 9203/3/3
f 9206/4/3 9205/4/3 9204/4/3
f 9207/4/3 9205/4/3 9206/4/3
f 9210/3/3 9209/3/3 9208/3/3
f 9211/3/3 9209/3/3 9210/3/3
f 9213/1/3 9212/1/3 9211/1/3
f 9214/1/3 9212/1/3 9213/1/3
f 9216/1/3 9215/1/3 9214/1/3
f 9217/1/3 9215/1/3 9216/1/3
f 9220/4/3 9219/4/3 9218/4/3
f 9221/4/3 9219/4/3 9220/4/3
f 9223/2/3 9222/2/3 9221/2/3
f 9224/2/3 9222/2/3 9223/2/3
f 9228/2/3 9226/2/3 9225/2/3
f 9229/3/3 9227/3/3 9226/3/3
f 9229/2/3 9226/2/3 9228/2/3
f 9230/3/3 9227/3/3 9229/3/3
f 9236/1/3 9232/1/3 9231/1/3
f 9236/1/3 9233/1/3 9232/1/3
f 9237/3/3 9234/3/3 9233/3/3
f 9237/1/3 9233/1/3 9236/1/3
f 9238/4/3 9235/4/3 9234/4/3
f 9238/3/3 9234/3/3 9237/3/3
f 9239/4/3 9235/4/3 9238/4/3
f 9245/4/3 9241/4/3 9240/4/3
f 9246/3/3 9242/3/3 9241/3/3
f 9246/4/3 9241/4/3 9245/4/3
f 9247/3/3 9242/3/3 9246/3/3
f 9250/2/3 9244/2/3 9243/2/3
f 9251/2/3 9244/2/3 9250/2/3
f 9253/4/3 9249/4/3 9248/4/3
f 9254/4/3 9249/4/3 9253/4/3
f 9255/1/3 9253/1/3 9252/1/3
f 9256/1/3 9253/1/3 9255/1/3
f 9260/4/3 9258/4/3 9257/4/3
f 9261/4/3 9258/4/3 9260/4/3
f 9262/1/3 9260/1/3 9259/1/3
f 9263/1/3 9260/1/3 9262/1/3
f 9266/3/3 9265/3/3 9264/3/3
f 9267/3/3 9265/3/3 9266/3/3
f 9270/2/3 9269/2/3 9268/2/3
f 9271/2/3 9269/2/3 9270/2/3
f 9272/1/3 9271/1/3 9270/1/3
f 9273/1/3 9271/1/3 9272/1/3
f 9276/1/3 9275/1/3 9274/1/3
f 9277/1/3 9275/1/3 9276/1/3
f 9280/2/3 9279/2/3 9278/2/3
f 9281/2/3 9279/2/3 9280/2/3
f 9284/1/3 9283/1/3 9282/1/3
f 9285/1/3 9283/1/3 9284/1/3
f 9286/3/3 9285/3/3 9284/3/3
f 9287/3/3 9285/3/3 9286/3/3
f 9290/1/3 9289/1/3 9288/1/3
f 9291/1/3 9289/1/3 9290/1/3
f 9294/2/3 9293/2/3 9292/2/3
f 9295/2/3 9293/2/3 9294/2/3
f 9297/4/3 9296/4/3 9295/4/3
f 9298/4/3 9296/4/3 9297/4/3
f 9301/3/3 9300/3/3 9299/3/3
f 9302/3/3 9300/3/3 9301/3/3
f 9304/4/3 9303/4/3 9302/4/3
f 9305/4/3 9303/4/3 9304/4/3
f 9308/2/3 9307/2/3 9306/2/3
f 9309/2/3 9307/2/3 9308/2/3
f 9313/4/3 9311/4/3 9310/4/3
f 9314/3/3 9312/3/3 9311/3/3
f 9314/4/3 9311/4/3 9313/4/3
f 9315/3/3 9312/3/3 9314/3/3
f 9324/2/3 9317/2/3 9316/2/3
f 9325/4/3 9318/4/3 9317/4/3
f 9325/2/3 9317/2/3 9324/2/3
f 9326/3/3 9319/3/3 9318/3/3
f 9326/4/3 9318/4/3 9325/4/3
f 9327/3/3 9319/3/3 9326/3/3
f 9328/1/3 9320/1/3 9319/1/3
f 9328/3/3 9319/3/3 9327/3/3
f 9329/4/3 9321/4/3 9320/4/3
f 9329/1/3 9320/1/3 9328/1/3
f 9330/4/3 9321/4/3 9329/4/3
f 9332/1/3 9323/1/3 9322/1/3
f 9333/2/3 9324/2/3 9323/2/3
f 9333/1/3 9323/1/3 9332/1/3
f 9334/3/3 9325/3/3 9324/3/3
f 9334/2/3 9324/2/3 9333/2/3
f 9335/3/3 9325/3/3 9334/3/3
f 9338/1/3 9332/1/3 9331/1/3
f 9339/1/3 9332/1/3 9338/1/3
f 9341/2/3 9337/2/3 9336/2/3
f 9342/2/3 9337/2/3 9341/2/3
f 9344/3/3 9341/3/3 9340/3/3
f 9345/3/3 9341/3/3 9344/3/3
f 9347/3/3 9344/3/3 9343/3/3
f 9348/3/3 9344/3/3 9347/3/3
f 9350/2/3 9347/2/3 9346/2/3
f 9351/2/3 9347/2/3 9350/2/3
f 9353/4/3 9350/4/3 9349/4/3
f 9354/4/3 9350/4/3 9353/4/3
f 9356/3/3 9353/3/3 9352/3/3
f 9357/3/3 9353/3/3 9356/3/3
f 9358/2/3 9356/2/3 9355/2/3
f 9359/2/3 9356/2/3 9358/2/3
f 9361/3/3 9359/3/3 9358/3/3
f 9362/3/3 9359/3/3 9361/3/3
f 9363/2/3 9361/2/3 9360/2/3
f 9364/2/3 9361/2/3 9363/2/3
f 9365/3/3 9364/3/3 9363/3/3
f 9366/3/3 9364/3/3 9365/3/3
f 9369/4/3 9368/4/3 9367/4/3
f 9370/4/3 9368/4/3 9369/4/3
f 9373/4/3 9372/4/3 9371/4/3
f 9374/4/3 9372/4/3 9373/4/3
f 9377/2/3 9376/2/3 9375/2/3
f 9378/2/3 9376/2/3 9377/2/3
f 9379/3/3 9378/3/3 9377/3/3
f 9380/3/3 9378/3/3 9379/3/3
f 9381/2/3 9380/2/3 9379/2/3
f 9382/2/3 9380/2/3 9381/2/3
f 9384/2/3 9383/2/3 9382/2/3
f 9385/2/3 9383/2/3 9384/2/3
f 9386/1/3 9385/1/3 9384/1/3
f 9387/1/3 9385/1/3 9386/1/3
f 9389/3/3 9388/3/3 9387/3/3
f 9390/3/3 9388/3/3 9389/3/3
f 9392/4/3 9391/4/3 9390/4/3
f 9393/4/3 9391/4/3 9392/4/3
f 9395/3/3 9394/3/3 9393/3/3
f 9396/3/3 9394/3/3 9395/3/3
f 9398/3/3 9397/3/3 9396/3/3
f 9399/3/3 9397/3/3 9398/3/3
f 9401/2/3 9400/2/3 9399/2/3
f 9402/2/3 9400/2/3 9401/2/3
f 9404/2/3 9403/2/3 9402/2/3
f 9405/2/3 9403/2/3 9404/2/3
f 9408/2/3 9407/2/3 9406/2/3
f 9409/2/3 9407/2/3 9408/2/3
f 9413/3/3 9410/3/3 9409/3/3
f 9414/1/3 9412/1/3 9411/1/3
f 9414/3/3 9410/3/3 9413/3/3
f 9414/1/3 9411/1/3 9410/1/3
f 9415/1/3 9412/1/3 9414/1/3
f 9416/1/3 9412/1/3 9415/1/3
f 9423/3/3 9416/3/3 9415/3/3
f 9424/4/3 9417/4/3 9416/4/3
f 9424/3/3 9416/3/3 9423/3/3
f 9425/1/3 9420/1/3 9419/1/3
f 9425/4/3 9417/4/3 9424/4/3
f 9425/1/3 9418/1/3 9417/1/3
f 9425/1/3 9419/1/3 9418/1/3
f 9426/1/3 9420/1/3 9425/1/3
f 9427/1/3 9420/1/3 9426/1/3
f 9428/3/3 9421/3/3 9420/3/3
f 9428/1/3 9420/1/3 9427/1/3
f 9429/4/3 9422/4/3 9421/4/3
f 9429/3/3 9421/3/3 9428/3/3
f 9430/4/3 9425/4/3 9424/4/3
f 9431/2/3 9426/2/3 9425/2/3
f 9431/4/3 9425/4/3 9430/4/3
f 9432/1/3 9427/1/3 9426/1/3
f 9432/2/3 9426/2/3 9431/2/3
f 9433/3/3 9428/3/3 9427/3/3
f 9433/1/3 9427/1/3 9432/1/3
f 9434/1/3 9429/1/3 9428/1/3
f 9434/3/3 9428/3/3 9433/3/3
f 9435/4/3 9422/4/3 9429/4/3
f 9435/1/3 9429/1/3 9434/1/3
f 9436/4/3 9422/4/3 9435/4/3
f 9444/4/3 9438/4/3 9437/4/3
f 9445/3/3 9439/3/3 9438/3/3
f 9445/4/3 9438/4/3 9444/4/3
f 9446/1/3 9440/1/3 9439/1/3
f 9446/3/3 9439/3/3 9445/3/3
f 9447/2/3 9441/2/3 9440/2/3
f 9447/1/3 9440/1/3 9446/1/3
f 9448/1/3 9442/1/3 9441/1/3
f 9448/2/3 9441/2/3 9447/2/3
f 9449/4/3 9443/4/3 9442/4/3
f 9449/1/3 9442/1/3 9448/1/3
f 9450/4/3 9443/4/3 9449/4/3
f 9453/4/3 9452/4/3 9451/4/3
f 9454/4/3 9452/4/3 9453/4/3
f 9458/3/3 9456/3/3 9455/3/3
f 9459/3/3 9456/3/3 9458/3/3
f 9461/2/3 9458/2/3 9457/2/3
f 9462/2/3 9458/2/3 9461/2/3
f 9463/4/3 9461/4/3 9460/4/3
f 9464/4/3 9461/4/3 9463/4/3
f 9467/4/3 9466/4/3 9465/4/3
f 9468/4/3 9466/4/3 9467/4/3
f 9471/4/3 9470/4/3 9469/4/3
f 9472/4/3 9470/4/3 9471/4/3
f 9475/4/3 9474/4/3 9473/4/3
f 9476/4/3 9474/4/3 9475/4/3
f 9478/3/3 9477/3/3 9476/3/3
f 9479/3/3 9477/3/3 9478/3/3
f 9481/2/3 9480/2/3 9479/2/3
f 9482/2/3 9480/2/3 9481/2/3
f 9485/4/3 9484/4/3 9483/4/3
f 9486/4/3 9484/4/3 9485/4/3
f 9493/1/3 9488/1/3 9487/1/3
f 9494/2/3 9489/2/3 9488/2/3
f 9494/1/3 9488/1/3 9493/1/3
f 9494/2/3 9490/2/3 9489/2/3
f 9494/2/3 9491/2/3 9490/2/3
f 9495/3/3 9492/3/3 9491/3/3
f 9495/2/3 9491/2/3 9494/2/3
f 9496/3/3 9492/3/3 9495/3/3
f 9502/1/3 9498/1/3 9497/1/3
f 9503/2/3 9499/2/3 9498/2/3
f 9503/1/3 9498/1/3 9502/1/3
f 9504/1/3 9500/1/3 9499/1/3
f 9504/2/3 9499/2/3 9503/2/3
f 9505/4/3 9501/4/3 9500/4/3
f 9505/1/3 9500/1/3 9504/1/3
f 9506/4/3 9501/4/3 9505/4/3
f 9511/3/3 9508/3/3 9507/3/3
f 9512/3/3 9508/3/3 9511/3/3
f 9515/3/3 9510/3/3 9509/3/3
f 9516/3/3 9510/3/3 9515/3/3
f 9518/2/3 9514/2/3 9513/2/3
f 9519/2/3 9514/2/3 9518/2/3
f 9520/3/3 9518/3/3 9517/3/3
f 9521/3/3 9518/3/3 9520/3/3
f 9525/2/3 9523/2/3 9522/2/3
f 9526/2/3 9523/2/3 9525/2/3
f 9527/3/3 9525/3/3 9524/3/3
f 9528/3/3 9525/3/3 9527/3/3
f 9531/3/3 9530/3/3 9529/3/3
f 9532/3/3 9530/3/3 9531/3/3
f 9535/4/3 9534/4/3 9533/4/3
f 9536/4/3 9535/4/3 9533/4/3
f 9537/4/3 9535/4/3 9536/4/3
f 9540/4/3 9539/4/3 9538/4/3
f 9541/4/3 9539/4/3 9540/4/3
f 9544/1/3 9543/1/3 9542/1/3
f 9545/1/3 9543/1/3 9544/1/3
f 9548/1/3 9547/1/3 9546/1/3
f 9549/1/3 9547/1/3 9548/1/3
f 9551/3/3 9550/3/3 9549/3/3
f 9552/3/3 9550/3/3 9551/3/3
f 9555/3/3 9554/3/3 9553/3/3
f 9556/3/3 9554/3/3 9555/3/3
f 9558/1/3 9557/1/3 9556/1/3
f 9559/1/3 9557/1/3 9558/1/3
f 9562/1/3 9561/1/3 9560/1/3
f 9563/1/3 9561/1/3 9562/1/3
f 9566/3/3 9565/3/3 9564/3/3
f 9567/3/3 9565/3/3 9566/3/3
f 9570/4/3 9569/4/3 9568/4/3
f 9571/4/3 9569/4/3 9570/4/3
f 9574/3/3 9573/3/3 9572/3/3
f 9575/3/3 9573/3/3 9574/3/3
f 9579/4/3 9577/4/3 9576/4/3
f 9580/3/3 9578/3/3 9577/3/3
f 9580/4/3 9577/4/3 9579/4/3
f 9581/3/3 9578/3/3 9580/3/3
f 9584/2/3 9583/2/3 9582/2/3
f 9585/2/3 9583/2/3 9584/2/3
f 9588/1/3 9587/1/3 9586/1/3
f 9589/1/3 9587/1/3 9588/1/3
f 9590/2/3 9589/2/3 9588/2/3
f 9591/2/3 9589/2/3 9590/2/3
f 9592/1/3 9591/1/3 9590/1/3
f 9593/1/3 9591/1/3 9592/1/3
f 9594/3/3 9593/3/3 9592/3/3
f 9595/3/3 9593/3/3 9594/3/3
f 9596/2/3 9595/2/3 9594/2/3
f 9597/2/3 9595/2/3 9596/2/3
f 9598/1/3 9597/1/3 9596/1/3
f 9599/1/3 9597/1/3 9598/1/3
f 9600/2/3 9599/2/3 9598/2/3
f 9601/2/3 9599/2/3 9600/2/3
f 9602/1/3 9601/1/3 9600/1/3
f 9603/1/3 9601/1/3 9602/1/3
f 9604/2/3 9603/2/3 9602/2/3
f 9605/2/3 9603/2/3 9604/2/3
f 9606/1/3 9605/1/3 9604/1/3
f 9607/1/3 9605/1/3 9606/1/3
f 9608/3/3 9607/3/3 9606/3/3
f 9609/3/3 9607/3/3 9608/3/3
f 9610/2/3 9609/2/3 9608/2/3
f 9611/2/3 9609/2/3 9610/2/3
f 9612/3/3 9611/3/3 9610/3/3
f 9613/3/3 9611/3/3 9612/3/3
f 9614/1/3 9613/1/3 9612/1/3
f 9615/1/3 9613/1/3 9614/1/3
f 9616/2/3 9615/2/3 9614/2/3
f 9617/2/3 9615/2/3 9616/2/3
f 9618/3/3 9617/3/3 9616/3/3
f 9619/3/3 9617/3/3 9618/3/3
f 9620/1/3 9619/1/3 9618/1/3
f 9621/1/3 9619/1/3 9620/1/3
f 9622/2/3 9621/2/3 9620/2/3
f 9623/2/3 9621/2/3 9622/2/3
f 9624/1/3 9623/1/3 9622/1/3
f 9625/1/3 9623/1/3 9624/1/3
f 9626/2/3 9625/2/3 9624/2/3
f 9627/2/3 9625/2/3 9626/2/3
f 9628/1/3 9627/1/3 9626/1/3
f 9629/1/3 9627/1/3 9628/1/3
f 9630/3/3 9629/3/3 9628/3/3
f 9631/3/3 9629/3/3 9630/3/3
f 9632/1/3 9631/1/3 9630/1/3
f 9633/1/3 9631/1/3 9632/1/3
f 9634/3/3 9633/3/3 9632/3/3
f 9635/3/3 9633/3/3 9634/3/3
f 9636/2/3 9635/2/3 9634/2/3
f 9637/2/3 9635/2/3 9636/2/3
f 9638/3/3 9637/3/3 9636/3/3
f 9639/3/3 9637/3/3 9638/3/3
f 9640/2/3 9639/2/3 9638/2/3
f 9641/2/3 9639/2/3 9640/2/3
f 9642/3/3 9641/3/3 9640/3/3
f 9643/3/3 9641/3/3 9642/3/3
f 9646/1/3 9645/1/3 9644/1/3
f 9647/1/3 9645/1/3 9646/1/3
f 9650/5/3 9649/5/3 9648/5/3
f 9651/5/3 9649/5/3 9650/5/3
f 9652/5/3 9649/5/3 9651/5/3
f 9655/5/3 9654/5/3 9653/5/3
f 9656/5/3 9654/5/3 9655/5/3
f 9657/5/3 9654/5/3 9656/5/3
f 9660/5/3 9659/5/3 9658/5/3
f 9661/5/3 9659/5/3 9660/5/3
f 9664/5/3 9663/5/3 9662/5/3
f 9665/5/3 9663/5/3 9664/5/3
f 9668/3/3 9667/3/3 9666/3/3
f 9669/3/3 9667/3/3 9668/3/3
f 9670/1/3 9669/1/3 9668/1/3
f 9671/1/3 9669/1/3 9670/1/3
f 9672/3/3 9671/3/3 9670/3/3
f 9673/3/3 9671/3/3 9672/3/3
f 9674/1/3 9673/1/3 9672/1/3
f 9675/1/3 9673/1/3 9674/1/3
f 9676/3/3 9675/3/3 9674/3/3
f 9677/3/3 9675/3/3 9676/3/3
f 9678/2/3 9677/2/3 9676/2/3
f 9679/2/3 9677/2/3 9678/2/3
f 9680/3/3 9679/3/3 9678/3/3
f 9681/3/3 9679/3/3 9680/3/3
f 9682/1/3 9681/1/3 9680/1/3
f 9683/1/3 9681/1/3 9682/1/3
f 9684/3/3 9683/3/3 9682/3/3
f 9685/3/3 9683/3/3 9684/3/3
f 9686/2/3 9685/2/3 9684/2/3
f 9687/2/3 9685/2/3 9686/2/3
f 9688/3/3 9687/3/3 9686/3/3
f 9689/3/3 9687/3/3 9688/3/3
f 9690/2/3 9689/2/3 9688/2/3
f 9691/2/3 9689/2/3 9690/2/3
f 9692/1/3 9691/1/3 9690/1/3
f 9693/1/3 9691/1/3 9692/1/3
f 9694/2/3 9693/2/3 9692/2/3
f 9695/2/3 9693/2/3 9694/2/3
f 9696/3/3 9695/3/3 9694/3/3
f 9697/3/3 9695/3/3 9696/3/3
f 9698/2/3 9697/2/3 9696/2/3
f 9699/2/3 9697/2/3 9698/2/3
f 9700/1/3 9699/1/3 9698/1/3
f 9701/1/3 9699/1/3 9700/1/3
f 9702/3/3 9701/3/3 9700/3/3
f 9703/3/3 9701/3/3 9702/3/3
f 9704/2/3 9703/2/3 9702/2/3
f 9705/2/3 9703/2/3 9704/2/3
f 9706/3/3 9705/3/3 9704/3/3
f 9707/3/3 9705/3/3 9706/3/3
f 9708/2/3 9707/2/3 9706/2/3
f 9709/2/3 9707/2/3 9708/2/3
f 9710/1/3 9709/1/3 9708/1/3
f 9711/1/3 9709/1/3 9710/1/3
f 9712/3/3 9711/3/3 9710/3/3
f 9713/3/3 9711/3/3 9712/3/3
f 9714/1/3 9713/1/3 9712/1/3
f 9715/1/3 9713/1/3 9714/1/3
f 9716/3/3 9715/3/3 9714/3/3
f 9717/3/3 9715/3/3 9716/3/3
f 9720/5/3 9719/5/3 9718/5/3
f 9721/5/3 9719/5/3 9720/5/3
f 9722/5/3 9719/5/3 9721/5/3
f 9725/5/3 9724/5/3 9723/5/3
f 9726/5/3 9724/5/3 9725/5/3
f 9727/5/3 9724/5/3 9726/5/3
f 9730/1/3 9729/1/3 9728/1/3
f 9731/1/3 9729/1/3 9730/1/3
f 9732/3/3 9731/3/3 9730/3/3
f 9733/3/3 9731/3/3 9732/3/3
f 9734/2/3 9733/2/3 9732/2/3
f 9735/2/3 9733/2/3 9734/2/3
f 9736/3/3 9735/3/3 9734/3/3
f 9737/3/3 9735/3/3 9736/3/3
f 9738/2/3 9737/2/3 9736/2/3
f 9739/2/3 9737/2/3 9738/2/3
f 9740/3/3 9739/3/3 9738/3/3
f 9741/3/3 9739/3/3 9740/3/3
f 9742/2/3 9741/2/3 9740/2/3
f 9743/2/3 9741/2/3 9742/2/3
f 9744/1/3 9743/1/3 9742/1/3
f 9745/1/3 9743/1/3 9744/1/3
f 9746/2/3 9745/2/3 9744/2/3
f 9747/2/3 9745/2/3 9746/2/3
f 9748/1/3 9747/1/3 9746/1/3
f 9749/1/3 9747/1/3 9748/1/3
f 9750/2/3 9749/2/3 9748/2/3
f 9751/2/3 9749/2/3 9750/2/3
f 9752/1/3 9751/1/3 9750/1/3
f 9753/1/3 9751/1/3 9752/1/3
f 9754/3/3 9753/3/3 9752/3/3
f 9755/3/3 9753/3/3 9754/3/3
f 9756/2/3 9755/2/3 9754/2/3
f 9757/2/3 9755/2/3 9756/2/3
f 9758/3/3 9757/3/3 9756/3/3
f 9759/3/3 9757/3/3 9758/3/3
f 9760/2/3 9759/2/3 9758/2/3
f 9761/2/3 9759/2/3 9760/2/3
f 9762/1/3 9761/1/3 9760/1/3
f 9763/1/3 9761/1/3 9762/1/3
f 9764/2/3 9763/2/3 9762/2/3
f 9765/2/3 9763/2/3 9764/2/3
f 9766/3/3 9765/3/3 9764/3/3
f 9767/3/3 9765/3/3 9766/3/3
f 9768/1/3 9767/1/3 9766/1/3
f 9769/1/3 9767/1/3 9768/1/3
f 9770/3/3 9769/3/3 9768/3/3
f 9771/3/3 9769/3/3 9770/3/3
f 9772/1/3 9771/1/3 9770/1/3
f 9773/1/3 9771/1/3 9772/1/3
f 9774/2/3 9773/2/3 9772/2/3
f 9775/2/3 9773/2/3 9774/2/3
f 9776/1/3 9775/1/3 9774/1/3
f 9777/1/3 9775/1/3 9776/1/3
f 9780/1/3 9779/1/3 9778/1/3
f 9781/1/3 9779/1/3 9780/1/3
f 9782/1/3 9779/1/3 9781/1/3
f 9787/2/3 9784/2/3 9783/2/3
f 9787/2/3 9785/2/3 9784/2/3
f 9788/4/3 9786/4/3 9785/4/3
f 9788/2/3 9785/2/3 9787/2/3
f 9789/4/3 9786/4/3 9788/4/3
f 9794/1/3 9791/1/3 9790/1/3
f 9795/1/3 9791/1/3 9794/1/3
f 9796/3/3 9792/3/3 9791/3/3
f 9796/1/3 9791/1/3 9795/1/3
f 9797/4/3 9793/4/3 9792/4/3
f 9797/3/3 9792/3/3 9796/3/3
f 9798/4/3 9793/4/3 9797/4/3
f 9806/3/3 9800/3/3 9799/3/3
f 9806/3/3 9801/3/3 9800/3/3
f 9807/1/3 9802/1/3 9801/1/3
f 9807/3/3 9801/3/3 9806/3/3
f 9808/4/3 9803/4/3 9802/4/3
f 9808/1/3 9802/1/3 9807/1/3
f 9809/3/3 9804/3/3 9803/3/3
f 9810/4/3 9805/4/3 9804/4/3
f 9810/3/3 9804/3/3 9809/3/3
f 9811/3/3 9806/3/3 9799/3/3
f 9812/1/3 9807/1/3 9806/1/3
f 9812/3/3 9806/3/3 9811/3/3
f 9813/3/3 9808/3/3 9807/3/3
f 9813/1/3 9807/1/3 9812/1/3
f 9814/4/3 9803/4/3 9808/4/3
f 9814/3/3 9808/3/3 9813/3/3
f 9815/3/3 9809/3/3 9803/3/3
f 9815/4/3 9803/4/3 9814/4/3
f 9816/3/3 9809/3/3 9815/3/3
f 9817/2/3 9810/2/3 9809/2/3
f 9817/3/3 9809/3/3 9816/3/3
f 9818/2/3 9810/2/3 9817/2/3
f 9819/4/3 9805/4/3 9810/4/3
f 9819/2/3 9810/2/3 9818/2/3
f 9820/4/3 9805/4/3 9819/4/3
f 9825/2/3 9816/2/3 9815/2/3
f 9826/1/3 9817/1/3 9816/1/3
f 9826/2/3 9816/2/3 9825/2/3
f 9827/3/3 9818/3/3 9817/3/3
f 9827/1/3 9817/1/3 9826/1/3
f 9828/3/3 9818/3/3 9827/3/3
f 9829/1/3 9822/1/3 9821/1/3
f 9830/2/3 9823/2/3 9822/2/3
f 9830/1/3 9822/1/3 9829/1/3
f 9831/1/3 9824/1/3 9823/1/3
f 9831/2/3 9823/2/3 9830/2/3
f 9832/4/3 9825/4/3 9824/4/3
f 9832/1/3 9824/1/3 9831/1/3
f 9833/2/3 9826/2/3 9825/2/3
f 9833/4/3 9825/4/3 9832/4/3
f 9834/3/3 9827/3/3 9826/3/3
f 9834/2/3 9826/2/3 9833/2/3
f 9835/1/3 9828/1/3 9827/1/3
f 9835/3/3 9827/3/3 9834/3/3
f 9836/1/3 9828/1/3 9835/1/3
f 9842/2/3 9838/2/3 9837/2/3
f 9843/4/3 9839/4/3 9838/4/3
f 9843/2/3 9838/2/3 9842/2/3
f 9844/3/3 9840/3/3 9839/3/3
f 9844/4/3 9839/4/3 9843/4/3
f 9845/3/3 9840/3/3 9844/3/3
f 9846/2/3 9841/2/3 9840/2/3
f 9846/3/3 9840/3/3 9845/3/3
f 9847/2/3 9841/2/3 9846/2/3
f 9852/3/3 9845/3/3 9844/3/3
f 9853/1/3 9846/1/3 9845/1/3
f 9853/3/3 9845/3/3 9852/3/3
f 9854/3/3 9847/3/3 9846/3/3
f 9854/1/3 9846/1/3 9853/1/3
f 9855/3/3 9847/3/3 9854/3/3
f 9858/3/3 9849/3/3 9848/3/3
f 9859/1/3 9850/1/3 9849/1/3
f 9859/3/3 9849/3/3 9858/3/3
f 9860/2/3 9851/2/3 9850/2/3
f 9860/1/3 9850/1/3 9859/1/3
f 9861/4/3 9852/4/3 9851/4/3
f 9861/2/3 9851/2/3 9860/2/3
f 9862/1/3 9853/1/3 9852/1/3
f 9862/4/3 9852/4/3 9861/4/3
f 9863/2/3 9854/2/3 9853/2/3
f 9863/1/3 9853/1/3 9862/1/3
f 9864/3/3 9855/3/3 9854/3/3
f 9864/2/3 9854/2/3 9863/2/3
f 9864/3/3 9856/3/3 9855/3/3
f 9865/3/3 9856/3/3 9864/3/3
f 9866/4/3 9857/4/3 9856/4/3
f 9866/3/3 9856/3/3 9865/3/3
f 9867/3/3 9864/3/3 9863/3/3
f 9868/2/3 9865/2/3 9864/2/3
f 9868/3/3 9864/3/3 9867/3/3
f 9869/1/3 9866/1/3 9865/1/3
f 9869/2/3 9865/2/3 9868/2/3
f 9870/4/3 9857/4/3 9866/4/3
f 9870/1/3 9866/1/3 9869/1/3
f 9871/4/3 9857/4/3 9870/4/3
f 9880/1/3 9873/1/3 9872/1/3
f 9881/3/3 9874/3/3 9873/3/3
f 9881/1/3 9873/1/3 9880/1/3
f 9882/1/3 9875/1/3 9874/1/3
f 9882/3/3 9874/3/3 9881/3/3
f 9883/4/3 9876/4/3 9875/4/3
f 9883/1/3 9875/1/3 9882/1/3
f 9884/4/3 9876/4/3 9883/4/3
f 9885/3/3 9878/3/3 9877/3/3
f 9886/4/3 9879/4/3 9878/4/3
f 9886/3/3 9878/3/3 9885/3/3
f 9887/4/3 9879/4/3 9886/4/3
f 9895/1/3 9889/1/3 9888/1/3
f 9896/2/3 9890/2/3 9889/2/3
f 9896/1/3 9889/1/3 9895/1/3
f 9897/2/3 9890/2/3 9896/2/3
f 9898/4/3 9891/4/3 9890/4/3
f 9898/2/3 9890/2/3 9897/2/3
f 9899/4/3 9891/4/3 9898/4/3
f 9900/1/3 9893/1/3 9892/1/3
f 9901/4/3 9894/4/3 9893/4/3
f 9901/1/3 9893/1/3 9900/1/3
f 9902/4/3 9894/4/3 9901/4/3
f 9912/3/3 9904/3/3 9903/3/3
f 9913/1/3 9905/1/3 9904/1/3
f 9913/3/3 9904/3/3 9912/3/3
f 9914/3/3 9906/3/3 9905/3/3
f 9914/1/3 9905/1/3 9913/1/3
f 9915/4/3 9907/4/3 9906/4/3
f 9915/2/3 9908/2/3 9907/2/3
f 9916/2/3 9908/2/3 9915/2/3
f 9917/1/3 9910/1/3 9909/1/3
f 9918/4/3 9911/4/3 9910/4/3
f 9918/1/3 9910/1/3 9917/1/3
f 9919/4/3 9911/4/3 9918/4/3
f 9920/1/3 9913/1/3 9912/1/3
f 9921/2/3 9914/2/3 9913/2/3
f 9921/1/3 9913/1/3 9920/1/3
f 9922/3/3 9906/3/3 9914/3/3
f 9922/2/3 9914/2/3 9921/2/3
f 9923/4/3 9915/4/3 9906/4/3
f 9923/3/3 9906/3/3 9922/3/3
f 9924/3/3 9916/3/3 9915/3/3
f 9924/4/3 9915/4/3 9923/4/3
f 9925/3/3 9916/3/3 9924/3/3
f 9926/3/3 9921/3/3 9920/3/3
f 9927/1/3 9922/1/3 9921/1/3
f 9927/3/3 9921/3/3 9926/3/3
f 9928/2/3 9923/2/3 9922/2/3
f 9928/1/3 9922/1/3 9927/1/3
f 9929/4/3 9924/4/3 9923/4/3
f 9929/2/3 9923/2/3 9928/2/3
f 9930/2/3 9925/2/3 9924/2/3
f 9930/4/3 9924/4/3 9929/4/3
f 9931/2/3 9925/2/3 9930/2/3
f 9932/2/3 9927/2/3 9926/2/3
f 9933/1/3 9928/1/3 9927/1/3
f 9933/2/3 9927/2/3 9932/2/3
f 9933/1/3 9929/1/3 9928/1/3
f 9934/1/3 9929/1/3 9933/1/3
f 9935/4/3 9930/4/3 9929/4/3
f 9935/1/3 9929/1/3 9934/1/3
f 9936/1/3 9933/1/3 9932/1/3
f 9937/3/3 9934/3/3 9933/3/3
f 9937/1/3 9933/1/3 9936/1/3
f 9938/2/3 9935/2/3 9934/2/3
f 9938/3/3 9934/3/3 9937/3/3
f 9939/4/3 9930/4/3 9935/4/3
f 9939/2/3 9935/2/3 9938/2/3
f 9940/1/3 9931/1/3 9930/1/3
f 9940/4/3 9930/4/3 9939/4/3
f 9941/1/3 9931/1/3 9940/1/3
f 9942/2/3 9938/2/3 9937/2/3
f 9942/2/3 9937/2/3 9936/2/3
f 9943/2/3 9938/2/3 9942/2/3
f 9944/3/3 9939/3/3 9938/3/3
f 9944/2/3 9938/2/3 9943/2/3
f 9945/3/3 9943/3/3 9942/3/3
f 9946/3/3 9939/3/3 9944/3/3
f 9946/1/3 9944/1/3 9943/1/3
f 9947/4/3 9940/4/3 9939/4/3
f 9947/3/3 9939/3/3 9946/3/3
f 9948/3/3 9941/3/3 9940/3/3
f 9948/4/3 9940/4/3 9947/4/3
f 9949/3/3 9941/3/3 9948/3/3
f 9950/3/3 9943/3/3 9945/3/3
f 9950/1/3 9947/1/3 9946/1/3
f 9950/1/3 9946/1/3 9943/1/3
f 9951/1/3 9947/1/3 9950/1/3
f 9952/4/3 9948/4/3 9947/4/3
f 9952/1/3 9947/1/3 9951/1/3
f 9953/1/3 9949/1/3 9948/1/3
f 9953/4/3 9948/4/3 9952/4/3
f 9954/1/3 9949/1/3 9953/1/3
f 9955/3/3 9950/3/3 9945/3/3
f 9956/2/3 9951/2/3 9950/2/3
f 9956/3/3 9950/3/3 9955/3/3
f 9957/3/3 9952/3/3 9951/3/3
f 9957/2/3 9951/2/3 9956/2/3
f 9958/4/3 9953/4/3 9952/4/3
f 9958/2/3 9954/2/3 9953/2/3
f 9959/2/3 9954/2/3 9958/2/3
f 9960/1/3 9956/1/3 9955/1/3
f 9961/3/3 9957/3/3 9956/3/3
f 9961/1/3 9956/1/3 9960/1/3
f 9962/3/3 9952/3/3 9957/3/3
f 9962/3/3 9957/3/3 9961/3/3
f 9963/4/3 9958/4/3 9952/4/3
f 9963/3/3 9952/3/3 9962/3/3
f 9964/1/3 9959/1/3 9958/1/3
f 9964/4/3 9958/4/3 9963/4/3
f 9965/1/3 9959/1/3 9964/1/3
f 9966/1/3 9961/1/3 9960/1/3
f 9967/2/3 9962/2/3 9961/2/3
f 9967/1/3 9961/1/3 9966/1/3
f 9968/4/3 9964/4/3 9963/4/3
f 9968/2/3 9965/2/3 9964/2/3
f 9969/2/3 9965/2/3 9968/2/3
f 9970/3/3 9967/3/3 9966/3/3
f 9971/2/3 9962/2/3 9967/2/3
f 9971/3/3 9967/3/3 9970/3/3
f 9972/1/3 9963/1/3 9962/1/3
f 9972/2/3 9962/2/3 9971/2/3
f 9973/4/3 9968/4/3 9963/4/3
f 9973/1/3 9963/1/3 9972/1/3
f 9974/3/3 9969/3/3 9968/3/3
f 9974/4/3 9968/4/3 9973/4/3
f 9975/3/3 9969/3/3 9974/3/3
f 9976/2/3 9971/2/3 9970/2/3
f 9977/1/3 9972/1/3 9971/1/3
f 9977/2/3 9971/2/3 9976/2/3
f 9978/2/3 9973/2/3 9972/2/3
f 9978/1/3 9972/1/3 9977/1/3
f 9979/3/3 9974/3/3 9973/3/3
f 9979/2/3 9973/2/3 9978/2/3
f 9980/1/3 9975/1/3 9974/1/3
f 9980/3/3 9974/3/3 9979/3/3
f 9981/1/3 9975/1/3 9980/1/3
f 9982/3/3 9977/3/3 9976/3/3
f 9982/2/3 9978/2/3 9977/2/3
f 9982/2/3 9979/2/3 9978/2/3
f 9983/1/3 9980/1/3 9979/1/3
f 9983/2/3 9979/2/3 9982/2/3
f 9984/2/3 9981/2/3 9980/2/3
f 9984/1/3 9980/1/3 9983/1/3
f 9985/2/3 9981/2/3 9984/2/3
f 9986/3/3 9982/3/3 9976/3/3
f 9987/1/3 9983/1/3 9982/1/3
f 9987/3/3 9982/3/3 9986/3/3
f 9988/1/3 9983/1/3 9987/1/3
f 9989/2/3 9984/2/3 9983/2/3
f 9989/1/3 9983/1/3 9988/1/3
f 9990/1/3 9985/1/3 9984/1/3
f 9990/2/3 9984/2/3 9989/2/3
f 9991/2/3 9988/2/3 9987/2/3
f 9991/2/3 9987/2/3 9986/2/3
f 9992/2/3 9988/2/3 9991/2/3
f 9993/1/3 9989/1/3 9988/1/3
f 9993/2/3 9988/2/3 9992/2/3
f 9993/1/3 9990/1/3 9989/1/3
f 9994/1/3 9990/1/3 9993/1/3
f 9995/1/3 9985/1/3 9990/1/3
f 9995/1/3 9990/1/3 9994/1/3
f 9996/2/3 9992/2/3 9991/2/3
f 9997/1/3 9993/1/3 9992/1/3
f 9997/2/3 9992/2/3 9996/2/3
f 9998/1/3 9985/1/3 9995/1/3
f 9998/4/3 9995/4/3 9994/4/3
f 9999/1/3 9985/1/3 9998/1/3
f 10000/4/3 9998/4/3 9994/4/3
f 10000/2/3 9999/2/3 9998/2/3
f 10001/2/3 9999/2/3 10000/2/3
f 10002/3/3 9997/3/3 9996/3/3
f 10003/1/3 9993/1/3 9997/1/3
f 10003/3/3 9997/3/3 10002/3/3
f 10004/3/3 9994/3/3 9993/3/3
f 10004/1/3 9993/1/3 10003/1/3
f 10005/4/3 10000/4/3 9994/4/3
f 10005/3/3 9994/3/3 10004/3/3
f 10006/2/3 10003/2/3 10002/2/3
f 10006/2/3 10004/2/3 10003/2/3
f 10007/2/3 10004/2/3 10006/2/3
f 10008/1/3 10005/1/3 10004/1/3
f 10008/2/3 10004/2/3 10007/2/3
f 10009/4/3 10000/4/3 10005/4/3
f 10009/1/3 10005/1/3 10008/1/3
f 10010/1/3 10007/1/3 10006/1/3
f 10011/2/3 10008/2/3 10007/2/3
f 10011/1/3 10007/1/3 10010/1/3
f 10011/2/3 10009/2/3 10008/2/3
f 10012/4/3 10000/4/3 10009/4/3
f 10012/2/3 10009/2/3 10011/2/3
f 10013/3/3 10001/3/3 10000/3/3
f 10013/4/3 10000/4/3 10012/4/3
f 10014/3/3 10001/3/3 10013/3/3
f 10015/3/3 10011/3/3 10010/3/3
f 10016/1/3 10012/1/3 10011/1/3
f 10017/4/3 10013/4/3 10012/4/3
f 10017/1/3 10012/1/3 10016/1/3
f 10018/1/3 10014/1/3 10013/1/3
f 10018/4/3 10013/4/3 10017/4/3
f 10019/1/3 10014/1/3 10018/1/3
f 10020/3/3 10011/3/3 10015/3/3
f 10021/1/3 10016/1/3 10011/1/3
f 10021/3/3 10011/3/3 10020/3/3
f 10022/3/3 10017/3/3 10016/3/3
f 10022/1/3 10016/1/3 10021/1/3
f 10023/4/3 10018/4/3 10017/4/3
f 10023/3/3 10017/3/3 10022/3/3
f 10024/2/3 10021/2/3 10020/2/3
f 10025/3/3 10022/3/3 10021/3/3
f 10025/2/3 10021/2/3 10024/2/3
f 10026/2/3 10023/2/3 10022/2/3
f 10026/3/3 10022/3/3 10025/3/3
f 10027/1/3 10025/1/3 10024/1/3
f 10027/1/3 10026/1/3 10025/1/3
f 10028/1/3 10026/1/3 10027/1/3
f 10029/2/3 10023/2/3 10026/2/3
f 10029/1/3 10026/1/3 10028/1/3
f 10030/4/3 10018/4/3 10023/4/3
f 10030/2/3 10023/2/3 10029/2/3
f 10031/3/3 10019/3/3 10018/3/3
f 10031/4/3 10018/4/3 10030/4/3
f 10032/3/3 10019/3/3 10031/3/3
f 10033/3/3 10028/3/3 10027/3/3
f 10034/2/3 10029/2/3 10028/2/3
f 10034/3/3 10028/3/3 10033/3/3
f 10035/1/3 10030/1/3 10029/1/3
f 10035/2/3 10029/2/3 10034/2/3
f 10036/4/3 10031/4/3 10030/4/3
f 10036/1/3 10030/1/3 10035/1/3
f 10037/3/3 10034/3/3 10033/3/3
f 10037/3/3 10035/3/3 10034/3/3
f 10038/3/3 10035/3/3 10037/3/3
f 10039/2/3 10036/2/3 10035/2/3
f 10039/3/3 10035/3/3 10038/3/3
f 10040/4/3 10031/4/3 10036/4/3
f 10040/2/3 10036/2/3 10039/2/3
f 10041/1/3 10032/1/3 10031/1/3
f 10041/4/3 10031/4/3 10040/4/3
f 10042/1/3 10032/1/3 10041/1/3
f 10046/1/3 10038/1/3 10037/1/3
f 10047/3/3 10040/3/3 10039/3/3
f 10047/1/3 10038/1/3 10046/1/3
f 10047/3/3 10039/3/3 10038/3/3
f 10048/4/3 10041/4/3 10040/4/3
f 10048/3/3 10040/3/3 10047/3/3
f 10049/3/3 10042/3/3 10041/3/3
f 10049/4/3 10041/4/3 10048/4/3
f 10050/3/3 10042/3/3 10049/3/3
f 10051/3/3 10044/3/3 10043/3/3
f 10052/4/3 10045/4/3 10044/4/3
f 10052/3/3 10044/3/3 10051/3/3
f 10053/4/3 10045/4/3 10052/4/3
f 10058/1/3 10055/1/3 10054/1/3
f 10059/3/3 10056/3/3 10055/3/3
f 10059/1/3 10055/1/3 10058/1/3
f 10060/3/3 10059/3/3 10058/3/3
f 10061/3/3 10056/3/3 10059/3/3
f 10061/3/3 10059/3/3 10060/3/3
f 10062/3/3 10056/3/3 10061/3/3
f 10063/4/3 10057/4/3 10056/4/3
f 10063/3/3 10056/3/3 10062/3/3
f 10064/1/3 10061/1/3 10060/1/3
f 10065/3/3 10062/3/3 10061/3/3
f 10065/1/3 10061/1/3 10064/1/3
f 10066/2/3 10063/2/3 10062/2/3
f 10066/3/3 10062/3/3 10065/3/3
f 10067/4/3 10057/4/3 10063/4/3
f 10067/2/3 10063/2/3 10066/2/3
f 10068/3/3 10065/3/3 10064/3/3
f 10069/2/3 10066/2/3 10065/2/3
f 10069/3/3 10065/3/3 10068/3/3
f 10070/1/3 10067/1/3 10066/1/3
f 10070/2/3 10066/2/3 10069/2/3
f 10071/4/3 10057/4/3 10067/4/3
f 10071/1/3 10067/1/3 10070/1/3
f 10072/2/3 10070/2/3 10069/2/3
f 10072/3/3 10071/3/3 10070/3/3
f 10073/4/3 10057/4/3 10071/4/3
f 10073/3/3 10071/3/3 10072/3/3
f 10074/1/3 10069/1/3 10068/1/3
f 10075/2/3 10072/2/3 10069/2/3
f 10075/1/3 10069/1/3 10074/1/3
f 10075/2/3 10073/2/3 10072/2/3
f 10076/2/3 10073/2/3 10075/2/3
f 10077/2/3 10075/2/3 10074/2/3
f 10078/1/3 10076/1/3 10075/1/3
f 10078/2/3 10075/2/3 10077/2/3
f 10079/2/3 10073/2/3 10076/2/3
f 10079/1/3 10076/1/3 10078/1/3
f 10080/4/3 10057/4/3 10073/4/3
f 10080/2/3 10073/2/3 10079/2/3
f 10081/3/3 10078/3/3 10077/3/3
f 10082/1/3 10079/1/3 10078/1/3
f 10082/3/3 10078/3/3 10081/3/3
f 10082/1/3 10080/1/3 10079/1/3
f 10083/4/3 10057/4/3 10080/4/3
f 10083/1/3 10080/1/3 10082/1/3
f 10084/3/3 10082/3/3 10081/3/3
f 10085/2/3 10083/2/3 10082/2/3
f 10085/3/3 10082/3/3 10084/3/3
f 10086/4/3 10057/4/3 10083/4/3
f 10086/2/3 10083/2/3 10085/2/3
f 10087/1/3 10085/1/3 10084/1/3
f 10088/3/3 10086/3/3 10085/3/3
f 10088/1/3 10085/1/3 10087/1/3
f 10089/3/3 10086/3/3 10088/3/3
f 10090/4/3 10057/4/3 10086/4/3
f 10092/3/3 10088/3/3 10087/3/3
f 10093/1/3 10089/1/3 10088/1/3
f 10093/3/3 10088/3/3 10092/3/3
f 10094/3/3 10086/3/3 10089/3/3
f 10094/1/3 10089/1/3 10093/1/3
f 10095/4/3 10091/4/3 10090/4/3
f 10095/4/3 10090/4/3 10086/4/3
f 10096/4/3 10091/4/3 10095/4/3
f 10097/2/3 10093/2/3 10092/2/3
f 10097/2/3 10094/2/3 10093/2/3
f 10098/2/3 10094/2/3 10097/2/3
f 10099/3/3 10086/3/3 10094/3/3
f 10099/2/3 10094/2/3 10098/2/3
f 10100/4/3 10095/4/3 10086/4/3
f 10100/3/3 10086/3/3 10099/3/3
f 10101/4/3 10095/4/3 10100/4/3
f 10102/4/3 10095/4/3 10101/4/3
f 10103/2/3 10098/2/3 10097/2/3
f 10104/3/3 10099/3/3 10098/3/3
f 10104/2/3 10098/2/3 10103/2/3
f 10105/2/3 10100/2/3 10099/2/3
f 10105/3/3 10099/3/3 10104/3/3
f 10106/1/3 10101/1/3 10100/1/3
f 10106/2/3 10100/2/3 10105/2/3
f 10107/2/3 10102/2/3 10101/2/3
f 10107/1/3 10101/1/3 10106/1/3
f 10108/1/3 10104/1/3 10103/1/3
f 10108/1/3 10105/1/3 10104/1/3
f 10108/1/3 10106/1/3 10105/1/3
f 10109/1/3 10106/1/3 10108/1/3
f 10110/3/3 10107/3/3 10106/3/3
f 10110/1/3 10106/1/3 10109/1/3
f 10111/2/3 10102/2/3 10107/2/3
f 10111/3/3 10107/3/3 10110/3/3
f 10112/2/3 10102/2/3 10111/2/3
f 10113/2/3 10109/2/3 10108/2/3
f 10114/1/3 10110/1/3 10109/1/3
f 10114/2/3 10109/2/3 10113/2/3
f 10115/4/3 10111/4/3 10110/4/3
f 10115/1/3 10110/1/3 10114/1/3
f 10115/4/3 10112/4/3 10111/4/3
f 10116/3/3 10114/3/3 10113/3/3
f 10117/2/3 10115/2/3 10114/2/3
f 10117/3/3 10114/3/3 10116/3/3
f 10118/2/3 10117/2/3 10116/2/3
f 10119/2/3 10115/2/3 10117/2/3
f 10119/2/3 10117/2/3 10118/2/3
f 10120/2/3 10115/2/3 10119/2/3
f 10121/4/3 10112/4/3 10115/4/3
f 10121/2/3 10115/2/3 10120/2/3
f 10122/2/3 10120/2/3 10119/2/3
f 10122/1/3 10121/1/3 10120/1/3
f 10123/4/3 10112/4/3 10121/4/3
f 10123/1/3 10121/1/3 10122/1/3
f 10124/3/3 10119/3/3 10118/3/3
f 10125/2/3 10122/2/3 10119/2/3
f 10125/3/3 10119/3/3 10124/3/3
f 10125/2/3 10123/2/3 10122/2/3
f 10126/4/3 10112/4/3 10123/4/3
f 10126/2/3 10123/2/3 10125/2/3
f 10127/1/3 10125/1/3 10124/1/3
f 10127/1/3 10126/1/3 10125/1/3
f 10128/1/3 10126/1/3 10127/1/3
f 10129/1/3 10126/1/3 10128/1/3
f 10130/1/3 10128/1/3 10127/1/3
f 10131/2/3 10129/2/3 10128/2/3
f 10131/1/3 10128/1/3 10130/1/3
f 10132/1/3 10126/1/3 10129/1/3
f 10132/2/3 10129/2/3 10131/2/3
f 10133/4/3 10112/4/3 10126/4/3
f 10133/1/3 10126/1/3 10132/1/3
f 10134/3/3 10131/3/3 10130/3/3
f 10135/2/3 10132/2/3 10131/2/3
f 10135/3/3 10131/3/3 10134/3/3
f 10135/2/3 10133/2/3 10132/2/3
f 10136/2/3 10133/2/3 10135/2/3
f 10137/2/3 10135/2/3 10134/2/3
f 10137/1/3 10136/1/3 10135/1/3
f 10138/2/3 10133/2/3 10136/2/3
f 10138/1/3 10136/1/3 10137/1/3
f 10139/4/3 10112/4/3 10133/4/3
f 10139/2/3 10133/2/3 10138/2/3
f 10140/2/3 10138/2/3 10137/2/3
f 10140/2/3 10137/2/3 10134/2/3
f 10141/2/3 10138/2/3 10140/2/3
f 10142/3/3 10139/3/3 10138/3/3
f 10142/2/3 10138/2/3 10141/2/3
f 10143/4/3 10112/4/3 10139/4/3
f 10143/3/3 10139/3/3 10142/3/3
f 10144/3/3 10141/3/3 10140/3/3
f 10145/1/3 10142/1/3 10141/1/3
f 10145/3/3 10141/3/3 10144/3/3
f 10145/1/3 10143/1/3 10142/1/3
f 10146/1/3 10143/1/3 10145/1/3
f 10147/4/3 10112/4/3 10143/4/3
f 10147/1/3 10143/1/3 10146/1/3
f 10148/2/3 10145/2/3 10144/2/3
f 10149/1/3 10146/1/3 10145/1/3
f 10149/2/3 10145/2/3 10148/2/3
f 10150/3/3 10147/3/3 10146/3/3
f 10150/1/3 10146/1/3 10149/1/3
f 10151/4/3 10112/4/3 10147/4/3
f 10151/3/3 10147/3/3 10150/3/3
f 10152/4/3 10112/4/3 10151/4/3
f 10155/1/3 10154/1/3 10153/1/3
f 10156/1/3 10154/1/3 10155/1/3
f 10157/3/3 10156/3/3 10155/3/3
f 10158/3/3 10156/3/3 10157/3/3
f 10159/1/3 10158/1/3 10157/1/3
f 10160/1/3 10158/1/3 10159/1/3
f 10161/1/4 10162/1/4 10166/1/4
f 10162/1/4 10163/1/4 10166/1/4
f 10163/3/4 10164/3/4 10167/3/4
f 10166/1/4 10163/1/4 10167/1/4
f 10164/4/4 10165/4/4 10168/4/4
f 10167/3/4 10164/3/4 10168/3/4
f 10168/4/4 10165/4/4 10169/4/4
f 10166/1/4 10167/1/4 10170/1/4
f 10170/1/4 10167/1/4 10171/1/4
f 10171/1/4 10167/1/4 10172/1/4
f 10173/2/4 10174/2/4 10176/2/4
f 10174/3/4 10175/3/4 10177/3/4
f 10176/2/4 10174/2/4 10177/2/4
f 10177/3/4 10175/3/4 10178/3/4
f 10176/2/4 10177/2/4 10181/2/4
f 10177/1/4 10178/1/4 10182/1/4
f 10181/2/4 10177/2/4 10182/2/4
f 10178/1/4 10179/1/4 10182/1/4
f 10179/4/4 10180/4/4 10183/4/4
f 10182/1/4 10179/1/4 10183/1/4
f 10183/4/4 10180/4/4 10184/4/4
f 10185/2/4 10186/2/4 10190/2/4
f 10186/3/4 10187/3/4 10191/3/4
f 10190/2/4 10186/2/4 10191/2/4
f 10187/1/4 10188/1/4 10192/1/4
f 10191/3/4 10187/3/4 10192/3/4
f 10188/4/4 10189/4/4 10193/4/4
f 10192/1/4 10188/1/4 10193/1/4
f 10193/4/4 10189/4/4 10194/4/4
f 10195/1/4 10196/1/4 10200/1/4
f 10196/2/4 10197/2/4 10201/2/4
f 10200/1/4 10196/1/4 10201/1/4
f 10197/1/4 10198/1/4 10202/1/4
f 10201/2/4 10197/2/4 10202/2/4
f 10198/4/4 10199/4/4 10203/4/4
f 10202/1/4 10198/1/4 10203/1/4
f 10203/4/4 10199/4/4 10204/4/4
f 10205/3/4 10206/3/4 10210/3/4
f 10206/2/4 10207/2/4 10211/2/4
f 10210/3/4 10206/3/4 10211/3/4
f 10207/3/4 10208/3/4 10212/3/4
f 10211/2/4 10207/2/4 10212/2/4
f 10208/4/4 10209/4/4 10213/4/4
f 10212/3/4 10208/3/4 10213/3/4
f 10213/4/4 10209/4/4 10214/4/4
f 10215/4/4 10216/4/4 10218/4/4
f 10216/1/4 10217/1/4 10219/1/4
f 10218/4/4 10216/4/4 10219/4/4
f 10219/1/4 10217/1/4 10220/1/4
f 10221/4/4 10222/4/4 10224/4/4
f 10222/2/4 10223/2/4 10225/2/4
f 10224/4/4 10222/4/4 10225/4/4
f 10225/2/4 10223/2/4 10226/2/4
f 10227/2/4 10228/2/4 10230/2/4
f 10230/2/4 10228/2/4 10231/2/4
f 10231/2/4 10228/2/4 10232/2/4
f 10228/4/4 10229/4/4 10233/4/4
f 10232/2/4 10228/2/4 10233/2/4
f 10233/4/4 10229/4/4 10234/4/4
f 10235/4/4 10236/4/4 10241/4/4
f 10236/1/4 10237/1/4 10242/1/4
f 10241/4/4 10236/4/4 10242/4/4
f 10242/1/4 10237/1/4 10243/1/4
f 10238/3/4 10239/3/4 10245/3/4
f 10239/4/4 10240/4/4 10246/4/4
f 10245/3/4 10239/3/4 10246/3/4
f 10246/4/4 10240/4/4 10247/4/4
f 10247/4/4 10240/4/4 10248/4/4
f 10241/1/4 10242/1/4 10249/1/4
f 10242/1/4 10243/1/4 10249/1/4
f 10249/1/4 10243/1/4 10250/1/4
f 10243/3/4 10244/3/4 10251/3/4
f 10250/1/4 10243/1/4 10251/1/4
f 10244/2/4 10245/2/4 10252/2/4
f 10251/3/4 10244/3/4 10252/3/4
f 10245/3/4 10246/3/4 10253/3/4
f 10252/2/4 10245/2/4 10253/2/4
f 10246/2/4 10247/2/4 10254/2/4
f 10253/3/4 10246/3/4 10254/3/4
f 10254/2/4 10247/2/4 10255/2/4
f 10251/1/4 10252/1/4 10256/1/4
f 10252/2/4 10253/2/4 10257/2/4
f 10256/1/4 10252/1/4 10257/1/4
f 10257/2/4 10253/2/4 10258/2/4
f 10256/3/4 10257/3/4 10261/3/4
f 10257/2/4 10258/2/4 10262/2/4
f 10261/3/4 10257/3/4 10262/3/4
f 10262/2/4 10258/2/4 10263/2/4
f 10259/2/4 10260/2/4 10266/2/4
f 10260/2/4 10261/2/4 10266/2/4
f 10261/2/4 10262/2/4 10266/2/4
f 10266/2/4 10262/2/4 10267/2/4
f 10267/2/4 10262/2/4 10268/2/4
f 10263/1/4 10264/1/4 10269/1/4
f 10268/2/4 10262/2/4 10269/2/4
f 10262/1/4 10263/1/4 10269/1/4
f 10269/1/4 10264/1/4 10270/1/4
f 10264/3/4 10265/3/4 10271/3/4
f 10270/1/4 10264/1/4 10271/1/4
f 10271/3/4 10265/3/4 10272/3/4
f 10266/4/4 10267/4/4 10274/4/4
f 10267/3/4 10268/3/4 10275/3/4
f 10274/4/4 10267/4/4 10275/4/4
f 10275/3/4 10268/3/4 10276/3/4
f 10270/2/4 10271/2/4 10277/2/4
f 10271/4/4 10272/4/4 10278/4/4
f 10277/2/4 10271/2/4 10278/2/4
f 10272/4/4 10273/4/4 10278/4/4
f 10278/4/4 10273/4/4 10279/4/4
f 10280/3/4 10281/3/4 10285/3/4
f 10281/3/4 10282/3/4 10285/3/4
f 10282/1/4 10283/1/4 10286/1/4
f 10285/3/4 10282/3/4 10286/3/4
f 10283/4/4 10284/4/4 10287/4/4
f 10286/1/4 10283/1/4 10287/1/4
f 10287/4/4 10284/4/4 10288/4/4
f 10289/4/4 10290/4/4 10292/4/4
f 10290/3/4 10291/3/4 10293/3/4
f 10292/4/4 10290/4/4 10293/4/4
f 10293/3/4 10291/3/4 10294/3/4
f 10295/1/4 10296/1/4 10299/1/4
f 10299/1/4 10296/1/4 10300/1/4
f 10296/3/4 10297/3/4 10301/3/4
f 10300/1/4 10296/1/4 10301/1/4
f 10297/4/4 10298/4/4 10302/4/4
f 10301/3/4 10297/3/4 10302/3/4
f 10302/4/4 10298/4/4 10303/4/4
f 10304/2/4 10305/2/4 10306/2/4
f 10306/2/4 10305/2/4 10307/2/4
f 10308/2/4 10309/2/4 10312/2/4
f 10312/2/4 10309/2/4 10313/2/4
f 10310/3/4 10311/3/4 10318/3/4
f 10312/2/4 10313/2/4 10319/2/4
f 10313/1/4 10314/1/4 10320/1/4
f 10319/2/4 10313/2/4 10320/2/4
f 10314/2/4 10315/2/4 10321/2/4
f 10320/1/4 10314/1/4 10321/1/4
f 10321/2/4 10315/2/4 10322/2/4
f 10316/2/4 10317/2/4 10323/2/4
f 10317/1/4 10318/1/4 10324/1/4
f 10323/2/4 10317/2/4 10324/2/4
f 10318/3/4 10311/3/4 10325/3/4
f 10324/1/4 10318/1/4 10325/1/4
f 10325/3/4 10311/3/4 10326/3/4
f 10319/1/4 10320/1/4 10328/1/4
f 10320/3/4 10321/3/4 10329/3/4
f 10328/1/4 10320/1/4 10329/1/4
f 10321/1/4 10322/1/4 10330/1/4
f 10329/3/4 10321/3/4 10330/3/4
f 10330/1/4 10322/1/4 10331/1/4
f 10323/3/4 10324/3/4 10332/3/4
f 10324/1/4 10325/1/4 10333/1/4
f 10332/3/4 10324/3/4 10333/3/4
f 10325/1/4 10326/1/4 10333/1/4
f 10333/1/4 10326/1/4 10334/1/4
f 10334/1/4 10326/1/4 10335/1/4
f 10328/2/4 10329/2/4 10338/2/4
f 10327/2/4 10328/2/4 10338/2/4
f 10338/2/4 10329/2/4 10339/2/4
f 10339/2/4 10329/2/4 10340/2/4
f 10334/3/4 10335/3/4 10341/3/4
f 10341/3/4 10335/3/4 10342/3/4
f 10336/3/4 10337/3/4 10343/3/4
f 10343/3/4 10337/3/4 10344/3/4
f 10345/4/4 10346/4/4 10348/4/4
f 10346/3/4 10347/3/4 10349/3/4
f 10348/4/4 10346/4/4 10349/4/4
f 10349/3/4 10347/3/4 10350/3/4
f 10351/4/4 10352/4/4 10354/4/4
f 10352/3/4 10353/3/4 10355/3/4
f 10354/4/4 10352/4/4 10355/4/4
f 10355/3/4 10353/3/4 10356/3/4
f 10357/1/4 10358/1/4 10359/1/4
f 10359/1/4 10358/1/4 10360/1/4
f 10361/1/4 10362/1/4 10366/1/4
f 10362/2/4 10363/2/4 10367/2/4
f 10366/1/4 10362/1/4 10367/1/4
f 10363/1/4 10364/1/4 10368/1/4
f 10367/2/4 10363/2/4 10368/2/4
f 10364/4/4 10365/4/4 10369/4/4
f 10368/1/4 10364/1/4 10369/1/4
f 10369/4/4 10365/4/4 10370/4/4
f 10371/1/4 10372/1/4 10376/1/4
f 10372/4/4 10373/4/4 10377/4/4
f 10376/1/4 10372/1/4 10377/1/4
f 10377/4/4 10373/4/4 10378/4/4
f 10374/1/4 10375/1/4 10379/1/4
f 10379/1/4 10375/1/4 10380/1/4
f 10381/2/4 10382/2/4 10384/2/4
f 10382/1/4 10383/1/4 10385/1/4
f 10384/2/4 10382/2/4 10385/2/4
f 10385/1/4 10383/1/4 10386/1/4
f 10387/3/4 10388/3/4 10390/3/4
f 10388/4/4 10389/4/4 10391/4/4
f 10390/3/4 10388/3/4 10391/3/4
f 10391/4/4 10389/4/4 10392/4/4
f 10393/1/4 10394/1/4 10398/1/4
f 10394/3/4 10395/3/4 10399/3/4
f 10398/1/4 10394/1/4 10399/1/4
f 10395/2/4 10396/2/4 10400/2/4
f 10399/3/4 10395/3/4 10400/3/4
f 10396/4/4 10397/4/4 10401/4/4
f 10400/2/4 10396/2/4 10401/2/4
f 10401/4/4 10397/4/4 10402/4/4
f 10403/4/4 10404/4/4 10406/4/4
f 10404/1/4 10405/1/4 10407/1/4
f 10406/4/4 10404/4/4 10407/4/4
f 10407/1/4 10405/1/4 10408/1/4
f 10409/1/4 10410/1/4 10413/1/4
f 10410/1/4 10411/1/4 10413/1/4
f 10411/4/4 10412/4/4 10414/4/4
f 10413/1/4 10411/1/4 10414/1/4
f 10414/4/4 10412/4/4 10415/4/4
f 10416/1/4 10417/1/4 10419/1/4
f 10417/1/4 10418/1/4 10419/1/4
f 10419/1/4 10418/1/4 10420/1/4
f 10421/1/4 10422/1/4 10424/1/4
f 10422/3/4 10423/3/4 10425/3/4
f 10424/1/4 10422/1/4 10425/1/4
f 10425/3/4 10423/3/4 10426/3/4
f 10427/3/4 10428/3/4 10431/3/4
f 10431/3/4 10428/3/4 10432/3/4
f 10428/2/4 10429/2/4 10433/2/4
f 10432/3/4 10428/3/4 10433/3/4
f 10429/4/4 10430/4/4 10434/4/4
f 10433/2/4 10429/2/4 10434/2/4
f 10434/4/4 10430/4/4 10435/4/4
f 10436/4/4 10437/4/4 10439/4/4
f 10437/1/4 10438/1/4 10440/1/4
f 10439/4/4 10437/4/4 10440/4/4
f 10440/1/4 10438/1/4 10441/1/4
f 10442/3/4 10443/3/4 10444/3/4
f 10444/3/4 10443/3/4 10445/3/4
f 10446/3/4 10447/3/4 10448/3/4
f 10448/3/4 10447/3/4 10449/3/4
f 10450/2/4 10451/2/4 10452/2/4
f 10452/2/4 10451/2/4 10453/2/4
f 10454/2/4 10455/2/4 10456/2/4
f 10456/2/4 10455/2/4 10457/2/4
f 10458/4/4 10459/4/4 10461/4/4
f 10459/3/4 10460/3/4 10462/3/4
f 10461/4/4 10459/4/4 10462/4/4
f 10462/3/4 10460/3/4 10463/3/4
f 10464/1/4 10465/1/4 10469/1/4
f 10465/2/4 10466/2/4 10470/2/4
f 10469/1/4 10465/1/4 10470/1/4
f 10466/3/4 10467/3/4 10471/3/4
f 10470/2/4 10466/2/4 10471/2/4
f 10467/4/4 10468/4/4 10472/4/4
f 10471/3/4 10467/3/4 10472/3/4
f 10472/4/4 10468/4/4 10473/4/4
f 10474/2/4 10475/2/4 10477/2/4
f 10477/2/4 10475/2/4 10478/2/4
f 10476/1/4 10477/1/4 10479/1/4
f 10479/1/4 10477/1/4 10480/1/4
f 10481/3/4 10482/3/4 10484/3/4
f 10482/2/4 10483/2/4 10485/2/4
f 10484/3/4 10482/3/4 10485/3/4
f 10485/2/4 10483/2/4 10486/2/4
f 10487/1/4 10488/1/4 10491/1/4
f 10491/1/4 10488/1/4 10492/1/4
f 10488/2/4 10489/2/4 10493/2/4
f 10492/1/4 10488/1/4 10493/1/4
f 10489/4/4 10490/4/4 10494/4/4
f 10493/2/4 10489/2/4 10494/2/4
f 10494/4/4 10490/4/4 10495/4/4
f 10496/4/4 10497/4/4 10499/4/4
f 10497/1/4 10498/1/4 10500/1/4
f 10499/4/4 10497/4/4 10500/4/4
f 10500/1/4 10498/1/4 10501/1/4
f 10502/3/4 10503/3/4 10504/3/4
f 10504/3/4 10503/3/4 10505/3/4
f 10506/3/4 10507/3/4 10508/3/4
f 10508/3/4 10507/3/4 10509/3/4
f 10510/3/4 10511/3/4 10512/3/4
f 10512/3/4 10511/3/4 10513/3/4
f 10514/1/4 10515/1/4 10516/1/4
f 10516/1/4 10515/1/4 10517/1/4
f 10518/4/4 10519/4/4 10521/4/4
f 10519/1/4 10520/1/4 10522/1/4
f 10521/4/4 10519/4/4 10522/4/4
f 10522/1/4 10520/1/4 10523/1/4
f 10524/1/4 10525/1/4 10527/1/4
f 10525/2/4 10526/2/4 10528/2/4
f 10527/1/4 10525/1/4 10528/1/4
f 10528/2/4 10526/2/4 10529/2/4
f 10530/3/4 10531/3/4 10532/3/4
f 10532/3/4 10531/3/4 10533/3/4
f 10534/2/4 10535/2/4 10539/2/4
f 10535/3/4 10536/3/4 10540/3/4
f 10539/2/4 10535/2/4 10540/2/4
f 10536/3/4 10537/3/4 10540/3/4
f 10537/4/4 10538/4/4 10541/4/4
f 10540/3/4 10537/3/4 10541/3/4
f 10541/4/4 10538/4/4 10542/4/4
f 10543/4/4 10544/4/4 10546/4/4
f 10544/3/4 10545/3/4 10547/3/4
f 10546/4/4 10544/4/4 10547/4/4
f 10547/3/4 10545/3/4 10548/3/4
f 10549/1/4 10550/1/4 10551/1/4
f 10551/1/4 10550/1/4 10552/1/4
f 10553/2/4 10554/2/4 10556/2/4
f 10554/2/4 10555/2/4 10556/2/4
f 10556/2/4 10555/2/4 10557/2/4
f 10558/4/4 10559/4/4 10561/4/4
f 10559/1/4 10560/1/4 10562/1/4
f 10561/4/4 10559/4/4 10562/4/4
f 10562/1/4 10560/1/4 10563/1/4
f 10564/1/4 10565/1/4 10569/1/4
f 10565/2/4 10566/2/4 10570/2/4
f 10569/1/4 10565/1/4 10570/1/4
f 10566/1/4 10567/1/4 10571/1/4
f 10570/2/4 10566/2/4 10571/2/4
f 10567/4/4 10568/4/4 10572/4/4
f 10571/1/4 10567/1/4 10572/1/4
f 10572/4/4 10568/4/4 10573/4/4
f 10574/3/4 10575/3/4 10576/3/4
f 10576/3/4 10575/3/4 10577/3/4
f 10578/3/4 10579/3/4 10580/3/4
f 10580/3/4 10579/3/4 10581/3/4
f 10581/3/4 10579/3/4 10582/3/4
f 10583/3/4 10584/3/4 10585/3/4
f 10585/3/4 10584/3/4 10586/3/4
f 10587/2/4 10588/2/4 10591/2/4
f 10588/2/4 10589/2/4 10591/2/4
f 10589/4/4 10590/4/4 10592/4/4
f 10591/2/4 10589/2/4 10592/2/4
f 10592/4/4 10590/4/4 10593/4/4
f 10594/4/4 10595/4/4 10597/4/4
f 10595/3/4 10596/3/4 10598/3/4
f 10597/4/4 10595/4/4 10598/4/4
f 10598/3/4 10596/3/4 10599/3/4
f 10600/2/4 10601/2/4 10602/2/4
f 10602/2/4 10601/2/4 10603/2/4
f 10604/1/4 10605/1/4 10606/1/4
f 10606/1/4 10605/1/4 10607/1/4
f 10608/1/4 10609/1/4 10610/1/4
f 10610/1/4 10609/1/4 10611/1/4
f 10612/4/4 10613/4/4 10615/4/4
f 10613/1/4 10614/1/4 10616/1/4
f 10615/4/4 10613/4/4 10616/4/4
f 10616/1/4 10614/1/4 10617/1/4
f 10618/1/4 10619/1/4 10623/1/4
f 10619/3/4 10620/3/4 10624/3/4
f 10623/1/4 10619/1/4 10624/1/4
f 10620/1/4 10621/1/4 10625/1/4
f 10624/3/4 10620/3/4 10625/3/4
f 10621/4/4 10622/4/4 10626/4/4
f 10625/1/4 10621/1/4 10626/1/4
f 10626/4/4 10622/4/4 10627/4/4
f 10628/3/4 10629/3/4 10632/3/4
f 10629/1/4 10630/1/4 10633/1/4
f 10632/3/4 10629/3/4 10633/3/4
f 10630/4/4 10631/4/4 10634/4/4
f 10633/1/4 10630/1/4 10634/1/4
f 10634/4/4 10631/4/4 10635/4/4
f 10636/1/4 10637/1/4 10638/1/4
f 10638/1/4 10637/1/4 10639/1/4
f 10640/1/4 10641/1/4 10643/1/4
f 10641/1/4 10642/1/4 10643/1/4
f 10643/1/4 10642/1/4 10644/1/4
f 10645/3/4 10646/3/4 10648/3/4
f 10646/2/4 10647/2/4 10649/2/4
f 10648/3/4 10646/3/4 10649/3/4
f 10649/2/4 10647/2/4 10650/2/4
f 10651/3/4 10652/3/4 10655/3/4
f 10652/2/4 10653/2/4 10656/2/4
f 10655/3/4 10652/3/4 10656/3/4
f 10656/2/4 10653/2/4 10657/2/4
f 10653/4/4 10654/4/4 10658/4/4
f 10657/2/4 10653/2/4 10658/2/4
f 10658/4/4 10654/4/4 10659/4/4
f 10660/4/4 10661/4/4 10663/4/4
f 10661/3/4 10662/3/4 10664/3/4
f 10663/4/4 10661/4/4 10664/4/4
f 10664/3/4 10662/3/4 10665/3/4
f 10666/1/4 10667/1/4 10669/1/4
f 10667/3/4 10668/3/4 10670/3/4
f 10669/1/4 10667/1/4 10670/1/4
f 10670/3/4 10668/3/4 10671/3/4
f 10672/1/4 10673/1/4 10674/1/4
f 10674/1/4 10673/1/4 10675/1/4
f 10676/4/4 10677/4/4 10679/4/4
f 10677/1/4 10678/1/4 10680/1/4
f 10679/4/4 10677/4/4 10680/4/4
f 10680/1/4 10678/1/4 10681/1/4
f 10682/3/4 10683/3/4 10687/3/4
f 10683/1/4 10684/1/4 10688/1/4
f 10687/3/4 10683/3/4 10688/3/4
f 10684/2/4 10685/2/4 10689/2/4
f 10688/1/4 10684/1/4 10689/1/4
f 10685/4/4 10686/4/4 10690/4/4
f 10689/2/4 10685/2/4 10690/2/4
f 10690/4/4 10686/4/4 10691/4/4
f 10692/3/4 10693/3/4 10694/3/4
f 10694/3/4 10693/3/4 10695/3/4
f 10696/3/4 10697/3/4 10699/3/4
f 10697/2/4 10698/2/4 10700/2/4
f 10699/3/4 10697/3/4 10700/3/4
f 10700/2/4 10698/2/4 10701/2/4
f 10702/1/4 10703/1/4 10704/1/4
f 10704/1/4 10703/1/4 10705/1/4
f 10706/1/4 10707/1/4 10711/1/4
f 10707/2/4 10708/2/4 10712/2/4
f 10711/1/4 10707/1/4 10712/1/4
f 10708/1/4 10709/1/4 10713/1/4
f 10712/2/4 10708/2/4 10713/2/4
f 10709/4/4 10710/4/4 10714/4/4
f 10713/1/4 10709/1/4 10714/1/4
f 10714/4/4 10710/4/4 10715/4/4
f 10716/4/4 10717/4/4 10719/4/4
f 10717/2/4 10718/2/4 10720/2/4
f 10719/4/4 10717/4/4 10720/4/4
f 10720/2/4 10718/2/4 10721/2/4
f 10722/2/4 10723/2/4 10724/2/4
f 10724/2/4 10723/2/4 10725/2/4
f 10726/3/4 10727/3/4 10731/3/4
f 10727/2/4 10728/2/4 10732/2/4
f 10731/3/4 10727/3/4 10732/3/4
f 10728/3/4 10729/3/4 10733/3/4
f 10732/2/4 10728/2/4 10733/2/4
f 10729/4/4 10730/4/4 10734/4/4
f 10733/3/4 10729/3/4 10734/3/4
f 10734/4/4 10730/4/4 10735/4/4
f 10736/2/4 10737/2/4 10738/2/4
f 10738/2/4 10737/2/4 10739/2/4
f 10740/1/4 10741/1/4 10743/1/4
f 10741/1/4 10742/1/4 10743/1/4
f 10743/1/4 10742/1/4 10744/1/4
f 10745/1/4 10746/1/4 10747/1/4
f 10747/1/4 10746/1/4 10748/1/4
f 10748/1/4 10746/1/4 10749/1/4
f 10750/3/4 10751/3/4 10752/3/4
f 10752/3/4 10751/3/4 10753/3/4
f 10754/4/4 10755/4/4 10757/4/4
f 10755/2/4 10756/2/4 10758/2/4
f 10757/4/4 10755/4/4 10758/4/4
f 10758/2/4 10756/2/4 10759/2/4
f 10760/1/4 10761/1/4 10765/1/4
f 10761/3/4 10762/3/4 10766/3/4
f 10765/1/4 10761/1/4 10766/1/4
f 10762/1/4 10763/1/4 10767/1/4
f 10766/3/4 10762/3/4 10767/3/4
f 10763/4/4 10764/4/4 10768/4/4
f 10767/1/4 10763/1/4 10768/1/4
f 10768/4/4 10764/4/4 10769/4/4
f 10770/4/4 10771/4/4 10773/4/4
f 10771/2/4 10772/2/4 10774/2/4
f 10773/4/4 10771/4/4 10774/4/4
f 10774/2/4 10772/2/4 10775/2/4
f 10776/2/4 10777/2/4 10781/2/4
f 10777/1/4 10778/1/4 10782/1/4
f 10781/2/4 10777/2/4 10782/2/4
f 10778/3/4 10779/3/4 10783/3/4
f 10782/1/4 10778/1/4 10783/1/4
f 10779/4/4 10780/4/4 10784/4/4
f 10783/3/4 10779/3/4 10784/3/4
f 10784/4/4 10780/4/4 10785/4/4
f 10786/2/4 10787/2/4 10789/2/4
f 10787/1/4 10788/1/4 10790/1/4
f 10789/2/4 10787/2/4 10790/2/4
f 10790/1/4 10788/1/4 10791/1/4
f 10792/3/4 10793/3/4 10795/3/4
f 10793/1/4 10794/1/4 10796/1/4
f 10795/3/4 10793/3/4 10796/3/4
f 10796/1/4 10794/1/4 10797/1/4
f 10798/3/4 10799/3/4 10800/3/4
f 10800/3/4 10799/3/4 10801/3/4
f 10802/4/4 10803/4/4 10805/4/4
f 10803/1/4 10804/1/4 10806/1/4
f 10805/4/4 10803/4/4 10806/4/4
f 10806/1/4 10804/1/4 10807/1/4
f 10808/3/4 10809/3/4 10812/3/4
f 10812/3/4 10809/3/4 10813/3/4
f 10809/1/4 10810/1/4 10814/1/4
f 10813/3/4 10809/3/4 10814/3/4
f 10810/4/4 10811/4/4 10815/4/4
f 10814/1/4 10810/1/4 10815/1/4
f 10815/4/4 10811/4/4 10816/4/4
f 10817/4/4 10818/4/4 10820/4/4
f 10818/1/4 10819/1/4 10821/1/4
f 10820/4/4 10818/4/4 10821/4/4
f 10821/1/4 10819/1/4 10822/1/4
f 10823/2/4 10824/2/4 10825/2/4
f 10825/2/4 10824/2/4 10826/2/4
f 10827/3/4 10828/3/4 10830/3/4
f 10828/1/4 10829/1/4 10831/1/4
f 10830/3/4 10828/3/4 10831/3/4
f 10831/1/4 10829/1/4 10832/1/4
f 10833/4/4 10834/4/4 10836/4/4
f 10834/2/4 10835/2/4 10837/2/4
f 10836/4/4 10834/4/4 10837/4/4
f 10837/2/4 10835/2/4 10838/2/4
f 10839/2/4 10840/2/4 10844/2/4
f 10840/2/4 10841/2/4 10844/2/4
f 10841/2/4 10842/2/4 10844/2/4
f 10842/4/4 10843/4/4 10845/4/4
f 10844/2/4 10842/2/4 10845/2/4
f 10845/4/4 10843/4/4 10846/4/4
f 10847/4/4 10848/4/4 10850/4/4
f 10848/1/4 10849/1/4 10851/1/4
f 10850/4/4 10848/4/4 10851/4/4
f 10851/1/4 10849/1/4 10852/1/4
f 10853/3/4 10854/3/4 10856/3/4
f 10854/1/4 10855/1/4 10857/1/4
f 10856/3/4 10854/3/4 10857/3/4
f 10857/1/4 10855/1/4 10858/1/4
f 10859/3/4 10860/3/4 10861/3/4
f 10861/3/4 10860/3/4 10862/3/4
f 10863/2/4 10864/2/4 10867/2/4
f 10864/1/4 10865/1/4 10868/1/4
f 10867/2/4 10864/2/4 10868/2/4
f 10868/1/4 10865/1/4 10869/1/4
f 10865/4/4 10866/4/4 10870/4/4
f 10869/1/4 10865/1/4 10870/1/4
f 10870/4/4 10866/4/4 10871/4/4
f 10872/1/4 10873/1/4 10874/1/4
f 10874/1/4 10873/1/4 10875/1/4
f 10876/3/4 10877/3/4 10878/3/4
f 10878/3/4 10877/3/4 10879/3/4
f 10880/2/4 10881/2/4 10882/2/4
f 10882/2/4 10881/2/4 10883/2/4
f 10883/2/4 10881/2/4 10884/2/4
f 10885/4/4 10886/4/4 10888/4/4
f 10886/1/4 10887/1/4 10889/1/4
f 10888/4/4 10886/4/4 10889/4/4
f 10889/1/4 10887/1/4 10890/1/4
f 10891/1/4 10892/1/4 10897/1/4
f 10892/3/4 10893/3/4 10898/3/4
f 10897/1/4 10892/1/4 10898/1/4
f 10893/1/4 10894/1/4 10899/1/4
f 10898/3/4 10893/3/4 10899/3/4
f 10895/4/4 10896/4/4 10900/4/4
f 10899/1/4 10894/1/4 10900/1/4
f 10894/4/4 10895/4/4 10900/4/4
f 10900/4/4 10896/4/4 10901/4/4
f 10902/1/4 10903/1/4 10905/1/4
f 10903/1/4 10904/1/4 10905/1/4
f 10905/1/4 10904/1/4 10906/1/4
f 10907/2/4 10908/2/4 10909/2/4
f 10909/2/4 10908/2/4 10910/2/4
f 10911/1/4 10912/1/4 10915/1/4
f 10912/3/4 10913/3/4 10916/3/4
f 10915/1/4 10912/1/4 10916/1/4
f 10916/3/4 10913/3/4 10917/3/4
f 10913/4/4 10914/4/4 10918/4/4
f 10917/3/4 10913/3/4 10918/3/4
f 10918/4/4 10914/4/4 10919/4/4
f 10919/4/4 10914/4/4 10920/4/4
f 10921/3/4 10922/3/4 10925/3/4
f 10925/3/4 10922/3/4 10926/3/4
f 10923/3/4 10924/3/4 10929/3/4
f 10929/3/4 10924/3/4 10930/3/4
f 10927/2/4 10928/2/4 10932/2/4
f 10928/4/4 10929/4/4 10933/4/4
f 10932/2/4 10928/2/4 10933/2/4
f 10933/4/4 10929/4/4 10934/4/4
f 10931/3/4 10932/3/4 10936/3/4
f 10932/2/4 10933/2/4 10937/2/4
f 10936/3/4 10932/3/4 10937/3/4
f 10937/2/4 10933/2/4 10938/2/4
f 10935/3/4 10936/3/4 10940/3/4
f 10940/3/4 10936/3/4 10941/3/4
f 10939/2/4 10940/2/4 10943/2/4
f 10943/2/4 10940/2/4 10944/2/4
f 10942/4/4 10943/4/4 10946/4/4
f 10946/4/4 10943/4/4 10947/4/4
f 10945/2/4 10946/2/4 10952/2/4
f 10952/2/4 10946/2/4 10953/2/4
f 10948/3/4 10949/3/4 10954/3/4
f 10949/2/4 10950/2/4 10955/2/4
f 10954/3/4 10949/3/4 10955/3/4
f 10955/2/4 10950/2/4 10956/2/4
f 10951/3/4 10952/3/4 10957/3/4
f 10957/3/4 10952/3/4 10958/3/4
f 10959/3/4 10960/3/4 10961/3/4
f 10961/3/4 10960/3/4 10962/3/4
f 10963/4/4 10964/4/4 10965/4/4
f 10963/4/4 10965/4/4 10966/4/4
f 10963/4/4 10966/4/4 10967/4/4
f 10967/4/4 10966/4/4 10968/4/4
f 10969/4/4 10970/4/4 10971/4/4
f 10971/4/4 10970/4/4 10972/4/4
f 10973/1/4 10974/1/4 10975/1/4
f 10975/1/4 10974/1/4 10976/1/4
f 10977/1/4 10978/1/4 10979/1/4
f 10979/1/4 10978/1/4 10980/1/4
f 10980/3/4 10981/3/4 10985/3/4
f 10985/3/4 10981/3/4 10986/3/4
f 10982/2/4 10983/2/4 10988/2/4
f 10983/1/4 10984/1/4 10989/1/4
f 10988/2/4 10983/2/4 10989/2/4
f 10989/1/4 10984/1/4 10990/1/4
f 10986/4/4 10987/4/4 10991/4/4
f 10991/4/4 10987/4/4 10992/4/4
f 10992/2/4 10993/2/4 10994/2/4
f 10994/2/4 10993/2/4 10995/2/4
f 10995/1/4 10996/1/4 10997/1/4
f 10997/1/4 10996/1/4 10998/1/4
f 10998/3/4 10999/3/4 11004/3/4
f 10999/2/4 11000/2/4 11005/2/4
f 11004/3/4 10999/3/4 11005/3/4
f 11005/2/4 11000/2/4 11006/2/4
f 11001/4/4 11002/4/4 11008/4/4
f 11002/2/4 11003/2/4 11009/2/4
f 11008/4/4 11002/4/4 11009/4/4
f 11009/2/4 11003/2/4 11010/2/4
f 11005/1/4 11006/1/4 11011/1/4
f 11006/4/4 11007/4/4 11012/4/4
f 11011/1/4 11006/1/4 11012/1/4
f 11012/4/4 11007/4/4 11013/4/4
f 11013/1/4 11014/1/4 11015/1/4
f 11015/1/4 11014/1/4 11016/1/4
f 11017/3/4 11018/3/4 11019/3/4
f 11019/3/4 11018/3/4 11020/3/4
f 11021/4/4 11022/4/4 11023/4/4
f 11023/4/4 11022/4/4 11024/4/4
f 11025/1/4 11026/1/4 11027/1/4
f 11027/1/4 11026/1/4 11028/1/4
f 11029/3/4 11030/3/4 11033/3/4
f 11033/3/4 11030/3/4 11034/3/4
f 11031/2/4 11032/2/4 11035/2/4
f 11032/1/4 11033/1/4 11036/1/4
f 11035/2/4 11032/2/4 11036/2/4
f 11036/1/4 11033/1/4 11037/1/4
f 11038/2/4 11039/2/4 11040/2/4
f 11040/2/4 11039/2/4 11041/2/4
f 11042/3/4 11043/3/4 11044/3/4
f 11044/3/4 11043/3/4 11045/3/4
f 11046/1/4 11047/1/4 11050/1/4
f 11050/1/4 11047/1/4 11051/1/4
f 11048/4/4 11049/4/4 11052/4/4
f 11047/3/4 11048/3/4 11052/3/4
f 11052/4/4 11049/4/4 11053/4/4
f 11050/3/4 11051/3/4 11054/3/4
f 11051/1/4 11047/1/4 11055/1/4
f 11054/3/4 11051/3/4 11055/3/4
f 11054/2/4 11055/2/4 11056/2/4
f 11055/1/4 11047/1/4 11057/1/4
f 11056/2/4 11055/2/4 11057/2/4
f 11047/3/4 11052/3/4 11058/3/4
f 11057/1/4 11047/1/4 11058/1/4
f 11058/3/4 11052/3/4 11059/3/4
f 11060/3/4 11061/3/4 11063/3/4
f 11061/2/4 11062/2/4 11063/2/4
f 11063/2/4 11062/2/4 11064/2/4
f 11060/3/4 11063/3/4 11065/3/4
f 11063/3/4 11064/3/4 11065/3/4
f 11065/3/4 11064/3/4 11066/3/4
f 11065/2/4 11066/2/4 11068/2/4
f 11066/3/4 11067/3/4 11069/3/4
f 11068/2/4 11066/2/4 11069/2/4
f 11069/3/4 11067/3/4 11070/3/4
f 11069/1/4 11070/1/4 11073/1/4
f 11068/1/4 11069/1/4 11073/1/4
f 11073/1/4 11070/1/4 11074/1/4
f 11074/1/4 11070/1/4 11075/1/4
f 11070/4/4 11071/4/4 11076/4/4
f 11075/1/4 11070/1/4 11076/1/4
f 11071/3/4 11072/3/4 11077/3/4
f 11076/4/4 11071/4/4 11077/4/4
f 11077/3/4 11072/3/4 11078/3/4
f 11079/1/4 11080/1/4 11084/1/4
f 11080/1/4 11081/1/4 11084/1/4
f 11081/4/4 11082/4/4 11085/4/4
f 11084/1/4 11081/1/4 11085/1/4
f 11082/1/4 11083/1/4 11086/1/4
f 11085/4/4 11082/4/4 11086/4/4
f 11086/1/4 11083/1/4 11087/1/4
f 11088/2/4 11089/2/4 11090/2/4
f 11090/2/4 11089/2/4 11091/2/4
f 11090/3/4 11091/3/4 11092/3/4
f 11092/3/4 11091/3/4 11093/3/4
f 11092/2/4 11093/2/4 11094/2/4
f 11094/2/4 11093/2/4 11095/2/4
f 11094/3/4 11095/3/4 11096/3/4
f 11096/3/4 11095/3/4 11097/3/4
f 11096/2/4 11097/2/4 11098/2/4
f 11098/2/4 11097/2/4 11099/2/4
f 11098/3/4 11099/3/4 11100/3/4
f 11100/3/4 11099/3/4 11101/3/4
f 11100/1/4 11101/1/4 11102/1/4
f 11102/1/4 11101/1/4 11103/1/4
f 11102/2/4 11103/2/4 11104/2/4
f 11104/2/4 11103/2/4 11105/2/4
f 11104/1/4 11105/1/4 11106/1/4
f 11106/1/4 11105/1/4 11107/1/4
f 11106/3/4 11107/3/4 11108/3/4
f 11108/3/4 11107/3/4 11109/3/4
f 11108/1/4 11109/1/4 11110/1/4
f 11110/1/4 11109/1/4 11111/1/4
f 11110/2/4 11111/2/4 11112/2/4
f 11112/2/4 11111/2/4 11113/2/4
f 11112/1/4 11113/1/4 11114/1/4
f 11114/1/4 11113/1/4 11115/1/4
f 11114/2/4 11115/2/4 11116/2/4
f 11116/2/4 11115/2/4 11117/2/4
f 11116/3/4 11117/3/4 11118/3/4
f 11118/3/4 11117/3/4 11119/3/4
f 11118/1/4 11119/1/4 11120/1/4
f 11120/1/4 11119/1/4 11121/1/4
f 11120/2/4 11121/2/4 11122/2/4
f 11122/2/4 11121/2/4 11123/2/4
f 11122/3/4 11123/3/4 11124/3/4
f 11124/3/4 11123/3/4 11125/3/4
f 11124/1/4 11125/1/4 11126/1/4
f 11126/1/4 11125/1/4 11127/1/4
f 11126/3/4 11127/3/4 11128/3/4
f 11128/3/4 11127/3/4 11129/3/4
f 11128/1/4 11129/1/4 11130/1/4
f 11130/1/4 11129/1/4 11131/1/4
f 11132/2/4 11133/2/4 11134/2/4
f 11134/2/4 11133/2/4 11135/2/4
f 11136/1/4 11137/1/4 11138/1/4
f 11138/1/4 11137/1/4 11139/1/4
f 11140/3/4 11141/3/4 11142/3/4
f 11142/3/4 11141/3/4 11143/3/4
f 11144/5/4 11145/5/4 11146/5/4
f 11146/5/4 11145/5/4 11147/5/4
f 11147/5/4 11145/5/4 11148/5/4
f 11149/5/4 11150/5/4 11151/5/4
f 11151/5/4 11150/5/4 11152/5/4
f 11152/5/4 11150/5/4 11153/5/4
f 11154/5/4 11155/5/4 11156/5/4
f 11156/5/4 11155/5/4 11157/5/4
f 11158/2/4 11159/2/4 11160/2/4
f 11160/2/4 11159/2/4 11161/2/4
f 11162/2/4 11163/2/4 11164/2/4
f 11162/2/4 11164/2/4 11165/2/4
f 11165/2/4 11164/2/4 11166/2/4
f 11167/2/4 11168/2/4 11169/2/4
f 11169/2/4 11168/2/4 11170/2/4
f 11171/5/4 11172/5/4 11173/5/4
f 11173/5/4 11172/5/4 11174/5/4
f 11175/5/4 11176/5/4 11177/5/4
f 11177/5/4 11176/5/4 11178/5/4
f 11178/5/4 11176/5/4 11179/5/4
f 11180/5/4 11181/5/4 11182/5/4
f 11182/5/4 11181/5/4 11183/5/4
f 11183/5/4 11181/5/4 11184/5/4
f 11185/2/4 11186/2/4 11187/2/4
f 11187/2/4 11186/2/4 11188/2/4
f 11187/1/4 11188/1/4 11189/1/4
f 11189/1/4 11188/1/4 11190/1/4
f 11189/2/4 11190/2/4 11191/2/4
f 11191/2/4 11190/2/4 11192/2/4
f 11191/1/4 11192/1/4 11193/1/4
f 11193/1/4 11192/1/4 11194/1/4
f 11193/2/4 11194/2/4 11195/2/4
f 11195/2/4 11194/2/4 11196/2/4
f 11195/1/4 11196/1/4 11197/1/4
f 11197/1/4 11196/1/4 11198/1/4
f 11197/3/4 11198/3/4 11199/3/4
f 11199/3/4 11198/3/4 11200/3/4
f 11199/2/4 11200/2/4 11201/2/4
f 11201/2/4 11200/2/4 11202/2/4
f 11201/3/4 11202/3/4 11203/3/4
f 11203/3/4 11202/3/4 11204/3/4
f 11203/2/4 11204/2/4 11205/2/4
f 11205/2/4 11204/2/4 11206/2/4
f 11205/3/4 11206/3/4 11207/3/4
f 11207/3/4 11206/3/4 11208/3/4
f 11207/2/4 11208/2/4 11209/2/4
f 11209/2/4 11208/2/4 11210/2/4
f 11209/1/4 11210/1/4 11211/1/4
f 11211/1/4 11210/1/4 11212/1/4
f 11211/3/4 11212/3/4 11213/3/4
f 11213/3/4 11212/3/4 11214/3/4
f 11213/1/4 11214/1/4 11215/1/4
f 11215/1/4 11214/1/4 11216/1/4
f 11215/3/4 11216/3/4 11217/3/4
f 11217/3/4 11216/3/4 11218/3/4
f 11217/2/4 11218/2/4 11219/2/4
f 11219/2/4 11218/2/4 11220/2/4
f 11219/3/4 11220/3/4 11221/3/4
f 11221/3/4 11220/3/4 11222/3/4
f 11221/1/4 11222/1/4 11223/1/4
f 11223/1/4 11222/1/4 11224/1/4
f 11223/2/4 11224/2/4 11225/2/4
f 11225/2/4 11224/2/4 11226/2/4
f 11225/1/4 11226/1/4 11227/1/4
f 11227/1/4 11226/1/4 11228/1/4
f 11227/3/4 11228/3/4 11229/3/4
f 11229/3/4 11228/3/4 11230/3/4
f 11229/2/4 11230/2/4 11231/2/4
f 11231/2/4 11230/2/4 11232/2/4
f 11231/1/4 11232/1/4 11233/1/4
f 11233/1/4 11232/1/4 11234/1/4
f 11235/3/4 11236/3/4 11238/3/4
f 11238/3/4 11236/3/4 11239/3/4
f 11237/3/4 11238/3/4 11240/3/4
f 11240/3/4 11238/3/4 11241/3/4
f 11242/3/4 11243/3/4 11244/3/4
f 11244/3/4 11243/3/4 11245/3/4
f 11245/2/4 11246/2/4 11247/2/4
f 11247/2/4 11246/2/4 11248/2/4
f 11249/3/4 11250/3/4 11251/3/4
f 11251/3/4 11250/3/4 11252/3/4
f 11251/2/4 11252/2/4 11253/2/4
f 11253/2/4 11252/2/4 11254/2/4
f 11255/2/4 11256/2/4 11257/2/4
f 11257/2/4 11256/2/4 11258/2/4
f 11259/2/4 11260/2/4 11261/2/4
f 11261/2/4 11260/2/4 11262/2/4
f 11263/2/4 11264/2/4 11265/2/4
f 11265/2/4 11264/2/4 11266/2/4
f 11265/1/4 11266/1/4 11267/1/4
f 11267/1/4 11266/1/4 11268/1/4
f 11269/2/4 11270/2/4 11273/2/4
f 11270/1/4 11271/1/4 11274/1/4
f 11273/2/4 11270/2/4 11274/2/4
f 11271/4/4 11272/4/4 11275/4/4
f 11274/1/4 11271/1/4 11275/1/4
f 11275/4/4 11272/4/4 11276/4/4
f 11277/4/4 11278/4/4 11280/4/4
f 11279/1/4 11280/1/4 11282/1/4
f 11280/4/4 11278/4/4 11283/4/4
f 11281/1/4 11282/1/4 11285/1/4
f 11282/1/4 11280/1/4 11286/1/4
f 11285/1/4 11282/1/4 11286/1/4
f 11280/4/4 11283/4/4 11287/4/4
f 11284/1/4 11285/1/4 11288/1/4
f 11285/2/4 11286/2/4 11289/2/4
f 11288/1/4 11285/1/4 11289/1/4
f 11286/1/4 11280/1/4 11290/1/4
f 11289/2/4 11286/2/4 11290/2/4
f 11280/4/4 11287/4/4 11291/4/4
f 11290/1/4 11280/1/4 11291/1/4
f 11291/4/4 11287/4/4 11292/4/4
f 11293/1/4 11294/1/4 11295/1/4
f 11295/1/4 11294/1/4 11296/1/4
f 11297/3/4 11298/3/4 11302/3/4
f 11298/3/4 11299/3/4 11302/3/4
f 11299/3/4 11300/3/4 11302/3/4
f 11302/3/4 11300/3/4 11303/3/4
f 11303/3/4 11300/3/4 11304/3/4
f 11300/4/4 11301/4/4 11305/4/4
f 11304/3/4 11300/3/4 11305/3/4
f 11302/1/4 11303/1/4 11306/1/4
f 11303/3/4 11304/3/4 11307/3/4
f 11306/1/4 11303/1/4 11307/1/4
f 11304/1/4 11305/1/4 11308/1/4
f 11307/3/4 11304/3/4 11308/3/4
f 11307/1/4 11308/1/4 11309/1/4
f 11308/1/4 11305/1/4 11310/1/4
f 11309/1/4 11308/1/4 11310/1/4
f 11305/4/4 11301/4/4 11311/4/4
f 11310/1/4 11305/1/4 11311/1/4
f 11311/4/4 11301/4/4 11312/4/4
f 11309/2/4 11310/2/4 11313/2/4
f 11310/3/4 11311/3/4 11314/3/4
f 11313/2/4 11310/2/4 11314/2/4
f 11311/4/4 11312/4/4 11315/4/4
f 11314/3/4 11311/3/4 11315/3/4
f 11315/4/4 11312/4/4 11316/4/4
f 11314/2/4 11315/2/4 11317/2/4
f 11315/4/4 11316/4/4 11318/4/4
f 11317/2/4 11315/2/4 11318/2/4
f 11318/4/4 11316/4/4 11319/4/4
f 11320/2/4 11321/2/4 11324/2/4
f 11321/3/4 11322/3/4 11325/3/4
f 11324/2/4 11321/2/4 11325/2/4
f 11322/4/4 11323/4/4 11326/4/4
f 11325/3/4 11322/3/4 11326/3/4
f 11326/4/4 11323/4/4 11327/4/4
f 11328/3/4 11329/3/4 11330/3/4
f 11330/3/4 11329/3/4 11331/3/4
f 11330/2/4 11331/2/4 11333/2/4
f 11331/1/4 11332/1/4 11334/1/4
f 11333/2/4 11331/2/4 11334/2/4
f 11334/1/4 11332/1/4 11335/1/4
f 11333/1/4 11334/1/4 11336/1/4
f 11334/1/4 11335/1/4 11336/1/4
f 11336/1/4 11335/1/4 11337/1/4
f 11333/1/4 11336/1/4 11338/1/4
f 11336/3/4 11337/3/4 11339/3/4
f 11338/1/4 11336/1/4 11339/1/4
f 11339/3/4 11337/3/4 11340/3/4
f 11338/3/4 11339/3/4 11345/3/4
f 11339/1/4 11340/1/4 11346/1/4
f 11345/3/4 11339/3/4 11346/3/4
f 11346/1/4 11340/1/4 11347/1/4
f 11341/2/4 11342/2/4 11348/2/4
f 11342/3/4 11343/3/4 11349/3/4
f 11348/2/4 11342/2/4 11349/2/4
f 11343/1/4 11344/1/4 11350/1/4
f 11349/3/4 11343/3/4 11350/3/4
f 11344/4/4 11345/4/4 11351/4/4
f 11350/1/4 11344/1/4 11351/1/4
f 11345/3/4 11346/3/4 11352/3/4
f 11351/4/4 11345/4/4 11352/4/4
f 11352/3/4 11346/3/4 11353/3/4
f 11348/1/4 11349/1/4 11354/1/4
f 11349/1/4 11350/1/4 11354/1/4
f 11350/3/4 11351/3/4 11354/3/4
f 11351/4/4 11352/4/4 11355/4/4
f 11354/3/4 11351/3/4 11355/3/4
f 11348/1/4 11354/1/4 11357/1/4
f 11354/1/4 11355/1/4 11357/1/4
f 11357/1/4 11355/1/4 11358/1/4
f 11355/4/4 11352/4/4 11359/4/4
f 11358/1/4 11355/1/4 11359/1/4
f 11359/4/4 11352/4/4 11360/4/4
f 11356/4/4 11357/4/4 11362/4/4
f 11357/2/4 11358/2/4 11363/2/4
f 11362/4/4 11357/4/4 11363/4/4
f 11358/3/4 11359/3/4 11364/3/4
f 11363/2/4 11358/2/4 11364/2/4
f 11359/4/4 11360/4/4 11365/4/4
f 11364/3/4 11359/3/4 11365/3/4
f 11360/3/4 11361/3/4 11366/3/4
f 11365/4/4 11360/4/4 11366/4/4
f 11366/3/4 11361/3/4 11367/3/4
f 11363/2/4 11364/2/4 11369/2/4
f 11369/2/4 11364/2/4 11370/2/4
f 11368/3/4 11369/3/4 11371/3/4
f 11368/3/4 11371/3/4 11372/3/4
f 11372/3/4 11371/3/4 11373/3/4
f 11372/1/4 11373/1/4 11374/1/4
f 11372/1/4 11374/1/4 11376/1/4
f 11374/3/4 11375/3/4 11377/3/4
f 11376/1/4 11374/1/4 11377/1/4
f 11377/3/4 11375/3/4 11378/3/4
f 11376/4/4 11377/4/4 11382/4/4
f 11377/1/4 11378/1/4 11383/1/4
f 11382/4/4 11377/4/4 11383/4/4
f 11378/2/4 11379/2/4 11384/2/4
f 11383/1/4 11378/1/4 11384/1/4
f 11379/3/4 11380/3/4 11385/3/4
f 11384/2/4 11379/2/4 11385/2/4
f 11380/4/4 11381/4/4 11386/4/4
f 11385/3/4 11380/3/4 11386/3/4
f 11386/4/4 11381/4/4 11387/4/4
f 11383/2/4 11384/2/4 11388/2/4
f 11384/3/4 11385/3/4 11389/3/4
f 11388/2/4 11384/2/4 11389/2/4
f 11385/2/4 11386/2/4 11390/2/4
f 11389/3/4 11385/3/4 11390/3/4
f 11386/4/4 11387/4/4 11391/4/4
f 11390/2/4 11386/2/4 11391/2/4
f 11391/4/4 11387/4/4 11392/4/4
f 11388/1/4 11389/1/4 11394/1/4
f 11389/2/4 11390/2/4 11395/2/4
f 11394/1/4 11389/1/4 11395/1/4
f 11390/1/4 11391/1/4 11396/1/4
f 11395/2/4 11390/2/4 11396/2/4
f 11391/4/4 11392/4/4 11397/4/4
f 11396/1/4 11391/1/4 11397/1/4
f 11392/1/4 11393/1/4 11398/1/4
f 11397/4/4 11392/4/4 11398/4/4
f 11398/1/4 11393/1/4 11399/1/4
f 11399/1/4 11400/1/4 11401/1/4
f 11398/3/4 11399/3/4 11402/3/4
f 11399/1/4 11401/1/4 11402/1/4
f 11402/1/4 11401/1/4 11403/1/4
f 11398/3/4 11402/3/4 11404/3/4
f 11402/3/4 11403/3/4 11404/3/4
f 11404/3/4 11403/3/4 11405/3/4
f 11405/3/4 11403/3/4 11406/3/4
f 11404/1/4 11405/1/4 11407/1/4
f 11405/2/4 11406/2/4 11408/2/4
f 11407/1/4 11405/1/4 11408/1/4
f 11408/2/4 11406/2/4 11409/2/4
f 11407/3/4 11408/3/4 11411/3/4
f 11408/3/4 11409/3/4 11411/3/4
f 11411/3/4 11409/3/4 11412/3/4
f 11412/3/4 11409/3/4 11413/3/4
f 11410/4/4 11411/4/4 11414/4/4
f 11411/1/4 11412/1/4 11415/1/4
f 11414/4/4 11411/4/4 11415/4/4
f 11415/1/4 11412/1/4 11416/1/4
f 11417/2/4 11418/2/4 11419/2/4
f 11419/2/4 11418/2/4 11420/2/4
f 11421/1/4 11422/1/4 11423/1/4
f 11421/1/4 11423/1/4 11425/1/4
f 11423/3/4 11424/3/4 11426/3/4
f 11425/1/4 11423/1/4 11426/1/4
f 11426/3/4 11424/3/4 11427/3/4
f 11426/3/4 11427/3/4 11428/3/4
f 11426/3/4 11428/3/4 11429/3/4
f 11429/3/4 11428/3/4 11430/3/4
f 11429/2/4 11430/2/4 11432/2/4
f 11430/3/4 11431/3/4 11433/3/4
f 11432/2/4 11430/2/4 11433/2/4
f 11433/3/4 11431/3/4 11434/3/4
f 11432/1/4 11433/1/4 11435/1/4
f 11435/1/4 11433/1/4 11436/1/4
f 11435/3/4 11436/3/4 11438/3/4
f 11437/2/4 11438/2/4 11440/2/4
f 11438/3/4 11436/3/4 11441/3/4
f 11440/2/4 11438/2/4 11441/2/4
f 11441/3/4 11436/3/4 11442/3/4
f 11439/3/4 11440/3/4 11443/3/4
f 11440/1/4 11441/1/4 11443/1/4
f 11443/1/4 11441/1/4 11444/1/4
f 11439/3/4 11443/3/4 11445/3/4
f 11443/3/4 11444/3/4 11445/3/4
f 11445/3/4 11444/3/4 11446/3/4
f 11446/3/4 11444/3/4 11447/3/4
f 11446/2/4 11447/2/4 11449/2/4
f 11447/2/4 11448/2/4 11449/2/4
f 11449/2/4 11448/2/4 11450/2/4
f 11451/3/4 11452/3/4 11453/3/4
f 11453/3/4 11452/3/4 11454/3/4
f 11453/1/4 11454/1/4 11455/1/4
f 11455/1/4 11454/1/4 11456/1/4
f 11456/1/4 11454/1/4 11457/1/4
f 11456/3/4 11457/3/4 11459/3/4
f 11457/3/4 11458/3/4 11459/3/4
f 11459/3/4 11458/3/4 11460/3/4
f 11460/3/4 11458/3/4 11461/3/4
f 11460/2/4 11461/2/4 11462/2/4
f 11462/2/4 11461/2/4 11463/2/4
f 11462/3/4 11463/3/4 11464/3/4
f 11464/3/4 11463/3/4 11465/3/4
f 11464/2/4 11465/2/4 11467/2/4
f 11465/3/4 11466/3/4 11468/3/4
f 11467/2/4 11465/2/4 11468/2/4
f 11468/3/4 11466/3/4 11469/3/4
f 11467/1/4 11468/1/4 11471/1/4
f 11471/1/4 11468/1/4 11472/1/4
f 11470/2/4 11471/2/4 11474/2/4
f 11471/2/4 11472/2/4 11474/2/4
f 11474/2/4 11472/2/4 11475/2/4
f 11475/2/4 11472/2/4 11476/2/4
f 11473/1/4 11474/1/4 11477/1/4
f 11474/1/4 11475/1/4 11477/1/4
f 11477/1/4 11475/1/4 11478/1/4
f 11478/1/4 11475/1/4 11479/1/4
f 11480/1/4 11481/1/4 11482/1/4
f 11482/1/4 11481/1/4 11483/1/4
f 11484/3/4 11485/3/4 11486/3/4
f 11486/3/4 11485/3/4 11487/3/4
f 11487/3/4 11485/3/4 11488/3/4
f 11489/2/4 11490/2/4 11491/2/4
f 11491/2/4 11490/2/4 11492/2/4
f 11491/1/4 11492/1/4 11493/1/4
f 11493/1/4 11492/1/4 11494/1/4
f 11493/2/4 11494/2/4 11497/2/4
f 11497/2/4 11494/2/4 11498/2/4
f 11495/3/4 11496/3/4 11499/3/4
f 11499/3/4 11496/3/4 11500/3/4
f 11497/3/4 11498/3/4 11502/3/4
f 11502/3/4 11498/3/4 11503/3/4
f 11500/2/4 11501/2/4 11504/2/4
f 11504/2/4 11501/2/4 11505/2/4
f 11502/2/4 11503/2/4 11506/2/4
f 11506/2/4 11503/2/4 11507/2/4
f 11504/1/4 11505/1/4 11508/1/4
f 11508/1/4 11505/1/4 11509/1/4
f 11506/3/4 11507/3/4 11510/3/4
f 11510/3/4 11507/3/4 11511/3/4
f 11508/2/4 11509/2/4 11512/2/4
f 11512/2/4 11509/2/4 11513/2/4
f 11510/2/4 11511/2/4 11516/2/4
f 11516/2/4 11511/2/4 11517/2/4
f 11514/3/4 11515/3/4 11518/3/4
f 11518/3/4 11515/3/4 11519/3/4
f 11516/3/4 11517/3/4 11520/3/4
f 11520/3/4 11517/3/4 11521/3/4
f 11518/2/4 11519/2/4 11523/2/4
f 11523/2/4 11519/2/4 11524/2/4
f 11522/3/4 11523/3/4 11525/3/4
f 11520/2/4 11521/2/4 11526/2/4
f 11526/2/4 11521/2/4 11527/2/4
f 11522/3/4 11525/3/4 11528/3/4
f 11528/3/4 11525/3/4 11529/3/4
f 11526/1/4 11527/1/4 11531/1/4
f 11531/1/4 11527/1/4 11532/1/4
f 11529/1/4 11530/1/4 11533/1/4
f 11533/1/4 11530/1/4 11534/1/4
f 11531/3/4 11532/3/4 11535/3/4
f 11535/3/4 11532/3/4 11536/3/4
f 11535/1/4 11536/1/4 11537/1/4
f 11537/1/4 11536/1/4 11538/1/4
f 11537/2/4 11538/2/4 11541/2/4
f 11541/2/4 11538/2/4 11542/2/4
f 11539/1/4 11540/1/4 11543/1/4
f 11543/1/4 11540/1/4 11544/1/4
f 11544/1/4 11540/1/4 11545/1/4
f 11541/3/4 11542/3/4 11546/3/4
f 11546/3/4 11542/3/4 11547/3/4
f 11546/1/4 11547/1/4 11550/1/4
f 11550/1/4 11547/1/4 11551/1/4
f 11548/2/4 11549/2/4 11552/2/4
f 11552/2/4 11549/2/4 11553/2/4
f 11552/3/4 11553/3/4 11554/3/4
f 11554/3/4 11553/3/4 11555/3/4
f 11555/3/4 11556/3/4 11557/3/4
f 11557/3/4 11556/3/4 11558/3/4
f 11550/2/4 11551/2/4 11559/2/4
f 11559/2/4 11551/2/4 11560/2/4
f 11557/2/4 11558/2/4 11561/2/4
f 11561/2/4 11558/2/4 11562/2/4
f 11559/3/4 11560/3/4 11565/3/4
f 11565/3/4 11560/3/4 11566/3/4
f 11563/2/4 11564/2/4 11567/2/4
f 11567/2/4 11564/2/4 11568/2/4
f 11565/2/4 11566/2/4 11569/2/4
f 11569/2/4 11566/2/4 11570/2/4
f 11567/1/4 11568/1/4 11572/1/4
f 11572/1/4 11568/1/4 11573/1/4
f 11571/3/4 11572/3/4 11575/3/4
f 11575/3/4 11572/3/4 11576/3/4
f 11569/1/4 11570/1/4 11577/1/4
f 11577/1/4 11570/1/4 11578/1/4
f 11574/2/4 11575/2/4 11579/2/4
f 11579/2/4 11575/2/4 11580/2/4
f 11577/2/4 11578/2/4 11581/2/4
f 11581/2/4 11578/2/4 11582/2/4
f 11581/1/4 11582/1/4 11583/1/4
f 11583/1/4 11582/1/4 11584/1/4
f 11583/2/4 11584/2/4 11585/2/4
f 11585/2/4 11584/2/4 11586/2/4
f 11587/2/4 11588/2/4 11590/2/4
f 11588/3/4 11589/3/4 11591/3/4
f 11590/2/4 11588/2/4 11591/2/4
f 11591/3/4 11589/3/4 11592/3/4
f 11593/4/4 11594/4/4 11599/4/4
f 11594/2/4 11595/2/4 11600/2/4
f 11599/4/4 11594/4/4 11600/4/4
f 11600/2/4 11595/2/4 11601/2/4
f 11596/3/4 11597/3/4 11602/3/4
f 11597/4/4 11598/4/4 11603/4/4
f 11602/3/4 11597/3/4 11603/3/4
f 11603/4/4 11598/4/4 11604/4/4
f 11605/1/4 11606/1/4 11607/1/4
f 11607/1/4 11606/1/4 11608/1/4
f 11608/1/4 11609/1/4 11610/1/4
f 11610/1/4 11609/1/4 11611/1/4
f 11612/4/4 11613/4/4 11614/4/4
f 11612/4/4 11614/4/4 11615/4/4
f 11612/4/4 11615/4/4 11616/4/4
f 11612/4/4 11616/4/4 11617/4/4
f 11617/4/4 11616/4/4 11618/4/4
f 11619/1/4 11620/1/4 11621/1/4
f 11621/1/4 11620/1/4 11622/1/4
f 11621/3/4 11622/3/4 11623/3/4
f 11623/3/4 11622/3/4 11624/3/4
f 11625/2/4 11626/2/4 11628/2/4
f 11628/2/4 11626/2/4 11629/2/4
f 11627/3/4 11628/3/4 11630/3/4
f 11630/3/4 11628/3/4 11631/3/4
f 11630/2/4 11631/2/4 11632/2/4
f 11632/2/4 11631/2/4 11633/2/4
f 11632/3/4 11633/3/4 11634/3/4
f 11634/3/4 11633/3/4 11635/3/4
f 11634/1/4 11635/1/4 11636/1/4
f 11636/1/4 11635/1/4 11637/1/4
f 11637/2/4 11638/2/4 11639/2/4
f 11639/2/4 11638/2/4 11640/2/4
f 11641/1/4 11642/1/4 11643/1/4
f 11643/1/4 11642/1/4 11644/1/4
f 11643/3/4 11644/3/4 11645/3/4
f 11645/3/4 11644/3/4 11646/3/4
f 11647/4/4 11648/4/4 11649/4/4
f 11647/4/4 11649/4/4 11650/4/4
f 11647/4/4 11650/4/4 11651/4/4
f 11651/4/4 11650/4/4 11652/4/4
f 11653/1/4 11654/1/4 11656/1/4
f 11656/1/4 11654/1/4 11657/1/4
f 11655/3/4 11656/3/4 11658/3/4
f 11658/3/4 11656/3/4 11659/3/4
f 11660/4/4 11661/4/4 11666/4/4
f 11661/2/4 11662/2/4 11667/2/4
f 11666/4/4 11661/4/4 11667/4/4
f 11667/2/4 11662/2/4 11668/2/4
f 11663/3/4 11664/3/4 11669/3/4
f 11664/4/4 11665/4/4 11670/4/4
f 11669/3/4 11664/3/4 11670/3/4
f 11670/4/4 11665/4/4 11671/4/4
f 11672/4/4 11673/4/4 11680/4/4
f 11674/2/4 11675/2/4 11681/2/4
f 11675/4/4 11676/4/4 11682/4/4
f 11681/2/4 11675/2/4 11682/2/4
f 11676/2/4 11677/2/4 11683/2/4
f 11682/4/4 11676/4/4 11683/4/4
f 11677/3/4 11678/3/4 11684/3/4
f 11683/2/4 11677/2/4 11684/2/4
f 11678/1/4 11679/1/4 11685/1/4
f 11684/3/4 11678/3/4 11685/3/4
f 11679/4/4 11680/4/4 11686/4/4
f 11685/1/4 11679/1/4 11686/1/4
f 11680/4/4 11673/4/4 11687/4/4
f 11686/4/4 11680/4/4 11687/4/4
f 11688/2/4 11689/2/4 11690/2/4
f 11690/2/4 11689/2/4 11691/2/4
f 11692/4/4 11693/4/4 11694/4/4
f 11694/4/4 11693/4/4 11695/4/4
f 11696/4/4 11697/4/4 11698/4/4
f 11698/4/4 11697/4/4 11699/4/4
f 11700/4/4 11701/4/4 11702/4/4
f 11702/4/4 11701/4/4 11703/4/4
f 11704/4/4 11705/4/4 11706/4/4
f 11706/4/4 11705/4/4 11707/4/4
f 11708/4/4 11709/4/4 11710/4/4
f 11710/4/4 11709/4/4 11711/4/4
f 11712/2/4 11713/2/4 11715/2/4
f 11715/2/4 11713/2/4 11716/2/4
f 11714/3/4 11715/3/4 11717/3/4
f 11717/3/4 11715/3/4 11718/3/4
f 11719/2/4 11720/2/4 11727/2/4
f 11720/4/4 11721/4/4 11728/4/4
f 11727/2/4 11720/2/4 11728/2/4
f 11721/2/4 11722/2/4 11729/2/4
f 11728/4/4 11721/4/4 11729/4/4
f 11722/1/4 11723/1/4 11730/1/4
f 11729/2/4 11722/2/4 11730/2/4
f 11723/2/4 11724/2/4 11731/2/4
f 11730/1/4 11723/1/4 11731/1/4
f 11724/1/4 11725/1/4 11732/1/4
f 11731/2/4 11724/2/4 11732/2/4
f 11725/4/4 11726/4/4 11733/4/4
f 11732/1/4 11725/1/4 11733/1/4
f 11733/4/4 11726/4/4 11734/4/4
f 11734/4/4 11726/4/4 11735/4/4
f 11735/4/4 11726/4/4 11736/4/4
f 11737/3/4 11738/3/4 11743/3/4
f 11738/2/4 11739/2/4 11744/2/4
f 11743/3/4 11738/3/4 11744/3/4
f 11744/2/4 11739/2/4 11745/2/4
f 11739/4/4 11740/4/4 11746/4/4
f 11745/2/4 11739/2/4 11746/2/4
f 11740/2/4 11741/2/4 11747/2/4
f 11746/4/4 11740/4/4 11747/4/4
f 11741/4/4 11742/4/4 11748/4/4
f 11747/2/4 11741/2/4 11748/2/4
f 11748/4/4 11742/4/4 11749/4/4
f 11750/4/4 11751/4/4 11752/4/4
f 11752/4/4 11751/4/4 11753/4/4
f 11754/4/4 11755/4/4 11756/4/4
f 11754/4/4 11756/4/4 11757/4/4
f 11757/4/4 11756/4/4 11758/4/4
f 11759/1/4 11760/1/4 11762/1/4
f 11762/1/4 11760/1/4 11763/1/4
f 11761/1/4 11762/1/4 11764/1/4
f 11764/1/4 11762/1/4 11765/1/4
f 11764/2/4 11765/2/4 11766/2/4
f 11766/2/4 11765/2/4 11767/2/4
f 11766/1/4 11767/1/4 11768/1/4
f 11768/1/4 11767/1/4 11769/1/4
f 11768/3/4 11769/3/4 11770/3/4
f 11770/3/4 11769/3/4 11771/3/4
f 11771/3/4 11772/3/4 11773/3/4
f 11773/3/4 11772/3/4 11774/3/4
f 11775/4/4 11776/4/4 11777/4/4
f 11775/4/4 11777/4/4 11778/4/4
f 11778/4/4 11777/4/4 11779/4/4
f 11780/4/4 11781/4/4 11782/4/4
f 11782/4/4 11781/4/4 11783/4/4
f 11784/3/4 11785/3/4 11794/3/4
f 11785/1/4 11786/1/4 11795/1/4
f 11794/3/4 11785/3/4 11795/3/4
f 11786/1/4 11787/1/4 11795/1/4
f 11787/4/4 11788/4/4 11796/4/4
f 11795/1/4 11787/1/4 11796/1/4
f 11788/3/4 11789/3/4 11797/3/4
f 11796/4/4 11788/4/4 11797/4/4
f 11789/1/4 11790/1/4 11798/1/4
f 11797/3/4 11789/3/4 11798/3/4
f 11790/1/4 11791/1/4 11798/1/4
f 11791/3/4 11792/3/4 11799/3/4
f 11798/1/4 11791/1/4 11799/1/4
f 11792/4/4 11793/4/4 11800/4/4
f 11799/3/4 11792/3/4 11800/3/4
f 11800/4/4 11793/4/4 11801/4/4
f 11802/2/4 11803/2/4 11809/2/4
f 11803/3/4 11804/3/4 11810/3/4
f 11804/1/4 11805/1/4 11811/1/4
f 11810/3/4 11804/3/4 11811/3/4
f 11805/4/4 11806/4/4 11812/4/4
f 11811/1/4 11805/1/4 11812/1/4
f 11806/3/4 11807/3/4 11813/3/4
f 11807/4/4 11808/4/4 11814/4/4
f 11813/3/4 11807/3/4 11814/3/4
f 11809/2/4 11803/2/4 11815/2/4
f 11803/3/4 11810/3/4 11816/3/4
f 11815/2/4 11803/2/4 11816/2/4
f 11810/1/4 11811/1/4 11817/1/4
f 11816/3/4 11810/3/4 11817/3/4
f 11811/3/4 11812/3/4 11818/3/4
f 11817/1/4 11811/1/4 11818/1/4
f 11812/4/4 11806/4/4 11819/4/4
f 11818/3/4 11812/3/4 11819/3/4
f 11806/3/4 11813/3/4 11820/3/4
f 11819/4/4 11806/4/4 11820/4/4
f 11820/3/4 11813/3/4 11821/3/4
f 11813/2/4 11814/2/4 11822/2/4
f 11821/3/4 11813/3/4 11822/3/4
f 11822/2/4 11814/2/4 11823/2/4
f 11814/4/4 11808/4/4 11824/4/4
f 11823/2/4 11814/2/4 11824/2/4
f 11824/4/4 11808/4/4 11825/4/4
f 11826/1/4 11827/1/4 11832/1/4
f 11827/2/4 11828/2/4 11833/2/4
f 11832/1/4 11827/1/4 11833/1/4
f 11828/1/4 11829/1/4 11834/1/4
f 11833/2/4 11828/2/4 11834/2/4
f 11829/4/4 11830/4/4 11835/4/4
f 11834/1/4 11829/1/4 11835/1/4
f 11830/2/4 11831/2/4 11836/2/4
f 11835/4/4 11830/4/4 11836/4/4
f 11836/2/4 11831/2/4 11837/2/4
f 11838/2/4 11839/2/4 11840/2/4
f 11840/2/4 11839/2/4 11841/2/4
f 11842/2/4 11843/2/4 11846/2/4
f 11846/2/4 11843/2/4 11847/2/4
f 11843/4/4 11844/4/4 11848/4/4
f 11847/2/4 11843/2/4 11848/2/4
f 11844/3/4 11845/3/4 11849/3/4
f 11848/4/4 11844/4/4 11849/4/4
f 11849/3/4 11845/3/4 11850/3/4
f 11851/1/4 11852/1/4 11862/1/4
f 11852/3/4 11853/3/4 11863/3/4
f 11862/1/4 11852/1/4 11863/1/4
f 11853/1/4 11854/1/4 11864/1/4
f 11863/3/4 11853/3/4 11864/3/4
f 11854/2/4 11855/2/4 11865/2/4
f 11864/1/4 11854/1/4 11865/1/4
f 11855/4/4 11856/4/4 11866/4/4
f 11865/2/4 11855/2/4 11866/2/4
f 11856/1/4 11857/1/4 11867/1/4
f 11866/4/4 11856/4/4 11867/4/4
f 11857/2/4 11858/2/4 11868/2/4
f 11867/1/4 11857/1/4 11868/1/4
f 11858/3/4 11859/3/4 11869/3/4
f 11868/2/4 11858/2/4 11869/2/4
f 11859/3/4 11860/3/4 11869/3/4
f 11869/3/4 11860/3/4 11870/3/4
f 11860/4/4 11861/4/4 11871/4/4
f 11870/3/4 11860/3/4 11871/3/4
f 11862/3/4 11863/3/4 11872/3/4
f 11872/3/4 11863/3/4 11873/3/4
f 11868/3/4 11869/3/4 11874/3/4
f 11869/2/4 11870/2/4 11875/2/4
f 11874/3/4 11869/3/4 11875/3/4
f 11870/1/4 11871/1/4 11876/1/4
f 11875/2/4 11870/2/4 11876/2/4
f 11871/4/4 11861/4/4 11877/4/4
f 11876/1/4 11871/1/4 11877/1/4
f 11877/4/4 11861/4/4 11878/4/4
f 11879/4/4 11880/4/4 11881/4/4
f 11881/4/4 11880/4/4 11882/4/4
f 11883/2/4 11884/2/4 11887/2/4
f 11884/3/4 11885/3/4 11888/3/4
f 11887/2/4 11884/2/4 11888/2/4
f 11885/4/4 11886/4/4 11889/4/4
f 11888/3/4 11885/3/4 11889/3/4
f 11889/4/4 11886/4/4 11890/4/4
f 11891/4/4 11892/4/4 11893/4/4
f 11893/4/4 11892/4/4 11894/4/4
f 11895/3/4 11896/3/4 11901/3/4
f 11901/3/4 11896/3/4 11902/3/4
f 11897/2/4 11898/2/4 11904/2/4
f 11898/1/4 11899/1/4 11905/1/4
f 11904/2/4 11898/2/4 11905/2/4
f 11899/4/4 11900/4/4 11906/4/4
f 11905/1/4 11899/1/4 11906/1/4
f 11906/4/4 11900/4/4 11907/4/4
f 11902/4/4 11903/4/4 11908/4/4
f 11908/4/4 11903/4/4 11909/4/4
f 11910/1/4 11911/1/4 11915/1/4
f 11911/3/4 11912/3/4 11916/3/4
f 11915/1/4 11911/1/4 11916/1/4
f 11912/4/4 11913/4/4 11917/4/4
f 11916/3/4 11912/3/4 11917/3/4
f 11913/2/4 11914/2/4 11918/2/4
f 11917/4/4 11913/4/4 11918/4/4
f 11918/2/4 11914/2/4 11919/2/4
f 11920/4/4 11921/4/4 11927/4/4
f 11921/2/4 11922/2/4 11928/2/4
f 11927/4/4 11921/4/4 11928/4/4
f 11922/1/4 11923/1/4 11929/1/4
f 11928/2/4 11922/2/4 11929/2/4
f 11923/3/4 11924/3/4 11930/3/4
f 11929/1/4 11923/1/4 11930/1/4
f 11924/4/4 11925/4/4 11931/4/4
f 11930/3/4 11924/3/4 11931/3/4
f 11925/1/4 11926/1/4 11932/1/4
f 11931/4/4 11925/4/4 11932/4/4
f 11932/1/4 11926/1/4 11933/1/4
f 11933/1/4 11926/1/4 11934/1/4
f 11935/4/4 11936/4/4 11937/4/4
f 11937/4/4 11936/4/4 11938/4/4
f 11939/1/4 11940/1/4 11941/1/4
f 11941/1/4 11940/1/4 11942/1/4
f 11941/2/4 11942/2/4 11943/2/4
f 11943/2/4 11942/2/4 11944/2/4
f 11943/3/4 11944/3/4 11947/3/4
f 11947/3/4 11944/3/4 11948/3/4
f 11945/3/4 11946/3/4 11950/3/4
f 11950/3/4 11946/3/4 11951/3/4
f 11949/4/4 11950/4/4 11953/4/4
f 11953/4/4 11950/4/4 11954/4/4
f 11952/1/4 11953/1/4 11955/1/4
f 11955/1/4 11953/1/4 11956/1/4
f 11956/4/4 11957/4/4 11958/4/4
f 11958/4/4 11957/4/4 11959/4/4
f 11960/3/4 11961/3/4 11962/3/4
f 11960/3/4 11962/3/4 11963/3/4
f 11963/3/4 11962/3/4 11964/3/4
f 11963/1/4 11964/1/4 11965/1/4
f 11965/1/4 11964/1/4 11966/1/4
f 11965/2/4 11966/2/4 11967/2/4
f 11967/2/4 11966/2/4 11968/2/4
f 11967/1/4 11968/1/4 11969/1/4
f 11969/1/4 11968/1/4 11970/1/4
f 11969/3/4 11970/3/4 11971/3/4
f 11969/3/4 11971/3/4 11972/3/4
f 11972/3/4 11971/3/4 11973/3/4
f 11972/2/4 11973/2/4 11975/2/4
f 11975/2/4 11973/2/4 11976/2/4
f 11975/2/4 11976/2/4 11979/2/4
f 11977/4/4 11978/4/4 11986/4/4
f 11986/4/4 11978/4/4 11987/4/4
f 11974/4/4 11975/4/4 11988/4/4
f 11975/2/4 11979/2/4 11989/2/4
f 11988/4/4 11975/4/4 11989/4/4
f 11979/1/4 11980/1/4 11990/1/4
f 11989/2/4 11979/2/4 11990/2/4
f 11980/2/4 11981/2/4 11991/2/4
f 11990/1/4 11980/1/4 11991/1/4
f 11981/1/4 11982/1/4 11992/1/4
f 11991/2/4 11981/2/4 11992/2/4
f 11982/4/4 11983/4/4 11993/4/4
f 11992/1/4 11982/1/4 11993/1/4
f 11983/3/4 11984/3/4 11994/3/4
f 11993/4/4 11983/4/4 11994/4/4
f 11984/2/4 11985/2/4 11995/2/4
f 11994/3/4 11984/3/4 11995/3/4
f 11995/2/4 11985/2/4 11996/2/4
f 11997/3/4 11998/3/4 12006/3/4
f 11998/1/4 11999/1/4 12007/1/4
f 12006/3/4 11998/3/4 12007/3/4
f 11999/2/4 12000/2/4 12008/2/4
f 12007/1/4 11999/1/4 12008/1/4
f 12000/4/4 12001/4/4 12009/4/4
f 12008/2/4 12000/2/4 12009/2/4
f 12001/3/4 12002/3/4 12010/3/4
f 12009/4/4 12001/4/4 12010/4/4
f 12002/1/4 12003/1/4 12011/1/4
f 12010/3/4 12002/3/4 12011/3/4
f 12004/1/4 12005/1/4 12012/1/4
f 12003/3/4 12004/3/4 12012/3/4
f 12012/1/4 12005/1/4 12013/1/4
f 12011/1/4 12003/1/4 12015/1/4
f 12012/3/4 12013/3/4 12016/3/4
f 12015/1/4 12003/1/4 12016/1/4
f 12003/3/4 12012/3/4 12016/3/4
f 12016/3/4 12013/3/4 12017/3/4
f 12013/4/4 12014/4/4 12018/4/4
f 12017/3/4 12013/3/4 12018/3/4
f 12018/4/4 12014/4/4 12019/4/4
f 12020/1/4 12021/1/4 12022/1/4
f 12022/1/4 12021/1/4 12023/1/4
f 12022/2/4 12023/2/4 12026/2/4
f 12026/2/4 12023/2/4 12027/2/4
f 12024/3/4 12025/3/4 12029/3/4
f 12029/3/4 12025/3/4 12030/3/4
f 12028/1/4 12029/1/4 12032/1/4
f 12032/1/4 12029/1/4 12033/1/4
f 12031/4/4 12032/4/4 12034/4/4
f 12034/4/4 12032/4/4 12035/4/4
f 12036/3/4 12037/3/4 12038/3/4
f 12038/3/4 12037/3/4 12039/3/4
f 12038/1/4 12039/1/4 12040/1/4
f 12040/1/4 12039/1/4 12041/1/4
f 12040/3/4 12041/3/4 12042/3/4
f 12042/3/4 12041/3/4 12043/3/4
f 12044/3/4 12045/3/4 12046/3/4
f 12044/3/4 12046/3/4 12052/3/4
f 12052/3/4 12046/3/4 12053/3/4
f 12047/2/4 12048/2/4 12057/2/4
f 12048/1/4 12049/1/4 12058/1/4
f 12057/2/4 12048/2/4 12058/2/4
f 12049/3/4 12050/3/4 12059/3/4
f 12058/1/4 12049/1/4 12059/1/4
f 12050/4/4 12051/4/4 12060/4/4
f 12059/3/4 12050/3/4 12060/3/4
f 12060/4/4 12051/4/4 12061/4/4
f 12052/1/4 12053/1/4 12062/1/4
f 12053/3/4 12054/3/4 12063/3/4
f 12062/1/4 12053/1/4 12063/1/4
f 12054/2/4 12055/2/4 12064/2/4
f 12063/3/4 12054/3/4 12064/3/4
f 12055/4/4 12056/4/4 12065/4/4
f 12064/2/4 12055/2/4 12065/2/4
f 12056/2/4 12057/2/4 12066/2/4
f 12065/4/4 12056/4/4 12066/4/4
f 12058/3/4 12059/3/4 12067/3/4
f 12066/2/4 12057/2/4 12067/2/4
f 12057/3/4 12058/3/4 12067/3/4
f 12059/1/4 12060/1/4 12068/1/4
f 12067/3/4 12059/3/4 12068/3/4
f 12068/1/4 12060/1/4 12069/1/4
f 12070/1/4 12071/1/4 12075/1/4
f 12075/1/4 12071/1/4 12076/1/4
f 12071/2/4 12072/2/4 12077/2/4
f 12076/1/4 12071/1/4 12077/1/4
f 12077/2/4 12072/2/4 12078/2/4
f 12072/4/4 12073/4/4 12079/4/4
f 12078/2/4 12072/2/4 12079/2/4
f 12073/1/4 12074/1/4 12080/1/4
f 12079/4/4 12073/4/4 12080/4/4
f 12080/1/4 12074/1/4 12081/1/4
f 12082/4/4 12083/4/4 12084/4/4
f 12084/4/4 12083/4/4 12085/4/4
f 12086/2/4 12087/2/4 12088/2/4
f 12088/2/4 12087/2/4 12089/2/4
f 12090/3/4 12091/3/4 12093/3/4
f 12093/3/4 12091/3/4 12094/3/4
f 12093/1/4 12094/1/4 12095/1/4
f 12092/4/4 12093/4/4 12096/4/4
f 12093/1/4 12095/1/4 12097/1/4
f 12096/4/4 12093/4/4 12097/4/4
f 12097/1/4 12095/1/4 12098/1/4
f 12099/4/4 12100/4/4 12106/4/4
f 12106/4/4 12100/4/4 12107/4/4
f 12101/3/4 12102/3/4 12108/3/4
f 12102/1/4 12103/1/4 12109/1/4
f 12108/3/4 12102/3/4 12109/3/4
f 12103/4/4 12104/4/4 12110/4/4
f 12109/1/4 12103/1/4 12110/1/4
f 12104/1/4 12105/1/4 12111/1/4
f 12110/4/4 12104/4/4 12111/4/4
f 12111/1/4 12105/1/4 12112/1/4
f 12113/3/4 12114/3/4 12122/3/4
f 12114/1/4 12115/1/4 12123/1/4
f 12122/3/4 12114/3/4 12123/3/4
f 12115/2/4 12116/2/4 12124/2/4
f 12123/1/4 12115/1/4 12124/1/4
f 12116/1/4 12117/1/4 12125/1/4
f 12124/2/4 12116/2/4 12125/2/4
f 12117/4/4 12118/4/4 12126/4/4
f 12118/3/4 12119/3/4 12126/3/4
f 12126/3/4 12119/3/4 12127/3/4
f 12119/1/4 12120/1/4 12128/1/4
f 12127/3/4 12119/3/4 12128/3/4
f 12120/2/4 12121/2/4 12129/2/4
f 12128/1/4 12120/1/4 12129/1/4
f 12129/2/4 12121/2/4 12130/2/4
f 12122/1/4 12123/1/4 12132/1/4
f 12123/2/4 12124/2/4 12133/2/4
f 12132/1/4 12123/1/4 12133/1/4
f 12124/3/4 12125/3/4 12134/3/4
f 12133/2/4 12124/2/4 12134/2/4
f 12125/1/4 12117/1/4 12135/1/4
f 12134/3/4 12125/3/4 12135/3/4
f 12117/4/4 12126/4/4 12136/4/4
f 12135/1/4 12117/1/4 12136/1/4
f 12127/3/4 12128/3/4 12137/3/4
f 12126/1/4 12127/1/4 12137/1/4
f 12128/3/4 12129/3/4 12137/3/4
f 12129/3/4 12130/3/4 12137/3/4
f 12137/3/4 12130/3/4 12138/3/4
f 12133/3/4 12134/3/4 12139/3/4
f 12132/3/4 12133/3/4 12139/3/4
f 12134/1/4 12135/1/4 12140/1/4
f 12139/3/4 12134/3/4 12140/3/4
f 12135/2/4 12136/2/4 12141/2/4
f 12140/1/4 12135/1/4 12141/1/4
f 12136/4/4 12126/4/4 12142/4/4
f 12141/2/4 12136/2/4 12142/2/4
f 12137/1/4 12138/1/4 12143/1/4
f 12142/4/4 12126/4/4 12143/4/4
f 12126/1/4 12137/1/4 12143/1/4
f 12143/1/4 12138/1/4 12144/1/4
f 12138/3/4 12130/3/4 12145/3/4
f 12144/1/4 12138/1/4 12145/1/4
f 12145/3/4 12130/3/4 12146/3/4
f 12139/2/4 12140/2/4 12147/2/4
f 12132/3/4 12139/3/4 12147/3/4
f 12140/3/4 12141/3/4 12148/3/4
f 12147/2/4 12140/2/4 12148/2/4
f 12141/1/4 12142/1/4 12149/1/4
f 12148/3/4 12141/3/4 12149/3/4
f 12142/4/4 12143/4/4 12150/4/4
f 12149/1/4 12142/1/4 12150/1/4
f 12143/2/4 12144/2/4 12151/2/4
f 12150/4/4 12143/4/4 12151/4/4
f 12144/1/4 12145/1/4 12152/1/4
f 12151/2/4 12144/2/4 12152/2/4
f 12145/2/4 12146/2/4 12153/2/4
f 12152/1/4 12145/1/4 12153/1/4
f 12146/3/4 12130/3/4 12154/3/4
f 12153/2/4 12146/2/4 12154/2/4
f 12132/3/4 12147/3/4 12155/3/4
f 12147/1/4 12148/1/4 12156/1/4
f 12155/3/4 12147/3/4 12156/3/4
f 12149/2/4 12150/2/4 12157/2/4
f 12156/1/4 12148/1/4 12157/1/4
f 12148/2/4 12149/2/4 12157/2/4
f 12157/2/4 12150/2/4 12158/2/4
f 12150/4/4 12151/4/4 12159/4/4
f 12158/2/4 12150/2/4 12159/2/4
f 12152/1/4 12153/1/4 12160/1/4
f 12159/4/4 12151/4/4 12160/4/4
f 12151/1/4 12152/1/4 12160/1/4
f 12160/1/4 12153/1/4 12161/1/4
f 12153/3/4 12154/3/4 12162/3/4
f 12161/1/4 12153/1/4 12162/1/4
f 12154/3/4 12130/3/4 12163/3/4
f 12162/3/4 12154/3/4 12163/3/4
f 12157/2/4 12158/2/4 12164/2/4
f 12158/3/4 12159/3/4 12165/3/4
f 12164/2/4 12158/2/4 12165/2/4
f 12159/4/4 12160/4/4 12166/4/4
f 12165/3/4 12159/3/4 12166/3/4
f 12160/3/4 12161/3/4 12167/3/4
f 12166/4/4 12160/4/4 12167/4/4
f 12161/1/4 12162/1/4 12168/1/4
f 12167/3/4 12161/3/4 12168/3/4
f 12162/1/4 12163/1/4 12168/1/4
f 12168/1/4 12163/1/4 12169/1/4
f 12163/3/4 12130/3/4 12170/3/4
f 12169/1/4 12163/1/4 12170/1/4
f 12164/1/4 12165/1/4 12171/1/4
f 12165/2/4 12166/2/4 12172/2/4
f 12171/1/4 12165/1/4 12172/1/4
f 12166/4/4 12167/4/4 12173/4/4
f 12172/2/4 12166/2/4 12173/2/4
f 12167/2/4 12168/2/4 12174/2/4
f 12173/4/4 12167/4/4 12174/4/4
f 12168/3/4 12169/3/4 12175/3/4
f 12174/2/4 12168/2/4 12175/2/4
f 12169/2/4 12170/2/4 12176/2/4
f 12175/3/4 12169/3/4 12176/3/4
f 12170/3/4 12130/3/4 12177/3/4
f 12176/2/4 12170/2/4 12177/2/4
f 12171/3/4 12172/3/4 12178/3/4
f 12172/3/4 12173/3/4 12178/3/4
f 12173/4/4 12174/4/4 12179/4/4
f 12178/3/4 12173/3/4 12179/3/4
f 12175/1/4 12176/1/4 12180/1/4
f 12176/1/4 12177/1/4 12180/1/4
f 12174/1/4 12175/1/4 12180/1/4
f 12180/1/4 12177/1/4 12181/1/4
f 12177/3/4 12130/3/4 12182/3/4
f 12181/1/4 12177/1/4 12182/1/4
f 12130/4/4 12131/4/4 12183/4/4
f 12182/3/4 12130/3/4 12183/3/4
f 12171/3/4 12178/3/4 12186/3/4
f 12178/2/4 12179/2/4 12187/2/4
f 12186/3/4 12178/3/4 12187/3/4
f 12179/4/4 12174/4/4 12188/4/4
f 12187/2/4 12179/2/4 12188/2/4
f 12174/1/4 12180/1/4 12189/1/4
f 12188/4/4 12174/4/4 12189/4/4
f 12180/2/4 12181/2/4 12190/2/4
f 12189/1/4 12180/1/4 12190/1/4
f 12181/3/4 12182/3/4 12191/3/4
f 12190/2/4 12181/2/4 12191/2/4
f 12182/2/4 12183/2/4 12192/2/4
f 12191/3/4 12182/3/4 12192/3/4
f 12183/4/4 12131/4/4 12193/4/4
f 12192/2/4 12183/2/4 12193/2/4
f 12193/4/4 12131/4/4 12194/4/4
f 12184/3/4 12185/3/4 12196/3/4
f 12196/3/4 12185/3/4 12197/3/4
f 12195/2/4 12196/2/4 12200/2/4
f 12200/2/4 12196/2/4 12201/2/4
f 12198/4/4 12199/4/4 12202/4/4
f 12202/4/4 12199/4/4 12203/4/4
f 12195/2/4 12200/2/4 12204/2/4
f 12204/2/4 12200/2/4 12205/2/4
f 12202/2/4 12203/2/4 12206/2/4
f 12206/2/4 12203/2/4 12207/2/4
f 12204/1/4 12205/1/4 12208/1/4
f 12208/1/4 12205/1/4 12209/1/4
f 12206/1/4 12207/1/4 12210/1/4
f 12210/1/4 12207/1/4 12211/1/4
f 12208/2/4 12209/2/4 12213/2/4
f 12212/3/4 12213/3/4 12214/3/4
f 12213/2/4 12209/2/4 12215/2/4
f 12214/3/4 12213/3/4 12215/3/4
f 12215/2/4 12209/2/4 12216/2/4
f 12210/4/4 12211/4/4 12225/4/4
f 12217/2/4 12218/2/4 12226/2/4
f 12218/3/4 12219/3/4 12227/3/4
f 12226/2/4 12218/2/4 12227/2/4
f 12219/4/4 12220/4/4 12228/4/4
f 12227/3/4 12219/3/4 12228/3/4
f 12220/2/4 12221/2/4 12229/2/4
f 12228/4/4 12220/4/4 12229/4/4
f 12221/2/4 12222/2/4 12229/2/4
f 12222/2/4 12223/2/4 12229/2/4
f 12229/2/4 12223/2/4 12230/2/4
f 12230/2/4 12223/2/4 12231/2/4
f 12223/3/4 12224/3/4 12232/3/4
f 12231/2/4 12223/2/4 12232/2/4
f 12224/4/4 12225/4/4 12233/4/4
f 12232/3/4 12224/3/4 12233/3/4
f 12226/3/4 12227/3/4 12234/3/4
f 12227/2/4 12228/2/4 12234/2/4
f 12228/4/4 12229/4/4 12235/4/4
f 12234/2/4 12228/2/4 12235/2/4
f 12230/3/4 12231/3/4 12236/3/4
f 12229/1/4 12230/1/4 12236/1/4
f 12231/1/4 12232/1/4 12237/1/4
f 12236/3/4 12231/3/4 12237/3/4
f 12232/1/4 12233/1/4 12237/1/4
f 12233/4/4 12225/4/4 12238/4/4
f 12237/1/4 12233/1/4 12238/1/4
f 12234/3/4 12235/3/4 12240/3/4
f 12226/3/4 12234/3/4 12240/3/4
f 12235/4/4 12229/4/4 12241/4/4
f 12240/3/4 12235/3/4 12241/3/4
f 12236/2/4 12237/2/4 12242/2/4
f 12237/3/4 12238/3/4 12242/3/4
f 12238/4/4 12225/4/4 12243/4/4
f 12242/3/4 12238/3/4 12243/3/4
f 12239/1/4 12240/1/4 12245/1/4
f 12240/2/4 12241/2/4 12246/2/4
f 12245/1/4 12240/1/4 12246/1/4
f 12246/2/4 12241/2/4 12247/2/4
f 12241/4/4 12229/4/4 12248/4/4
f 12247/2/4 12241/2/4 12248/2/4
f 12229/1/4 12236/1/4 12249/1/4
f 12248/4/4 12229/4/4 12249/4/4
f 12236/2/4 12242/2/4 12250/2/4
f 12249/1/4 12236/1/4 12250/1/4
f 12242/2/4 12243/2/4 12250/2/4
f 12250/2/4 12243/2/4 12251/2/4
f 12244/1/4 12245/1/4 12252/1/4
f 12245/1/4 12246/1/4 12252/1/4
f 12252/1/4 12246/1/4 12253/1/4
f 12246/3/4 12247/3/4 12254/3/4
f 12253/1/4 12246/1/4 12254/1/4
f 12247/1/4 12248/1/4 12255/1/4
f 12254/3/4 12247/3/4 12255/3/4
f 12248/4/4 12249/4/4 12256/4/4
f 12255/1/4 12248/1/4 12256/1/4
f 12250/3/4 12251/3/4 12257/3/4
f 12256/4/4 12249/4/4 12257/4/4
f 12249/3/4 12250/3/4 12257/3/4
f 12257/3/4 12251/3/4 12258/3/4
f 12258/3/4 12251/3/4 12259/3/4
f 12252/3/4 12253/3/4 12260/3/4
f 12253/2/4 12254/2/4 12261/2/4
f 12260/3/4 12253/3/4 12261/3/4
f 12254/3/4 12255/3/4 12262/3/4
f 12255/3/4 12256/3/4 12262/3/4
f 12256/4/4 12257/4/4 12263/4/4
f 12262/3/4 12256/3/4 12263/3/4
f 12257/2/4 12258/2/4 12264/2/4
f 12263/4/4 12257/4/4 12264/4/4
f 12258/1/4 12259/1/4 12265/1/4
f 12264/2/4 12258/2/4 12265/2/4
f 12260/1/4 12261/1/4 12266/1/4
f 12261/2/4 12254/2/4 12267/2/4
f 12266/1/4 12261/1/4 12267/1/4
f 12254/3/4 12262/3/4 12268/3/4
f 12267/2/4 12254/2/4 12268/2/4
f 12262/1/4 12263/1/4 12269/1/4
f 12268/3/4 12262/3/4 12269/3/4
f 12263/4/4 12264/4/4 12270/4/4
f 12269/1/4 12263/1/4 12270/1/4
f 12264/1/4 12265/1/4 12271/1/4
f 12270/4/4 12264/4/4 12271/4/4
f 12265/1/4 12259/1/4 12272/1/4
f 12271/1/4 12265/1/4 12272/1/4
f 12259/3/4 12251/3/4 12273/3/4
f 12272/1/4 12259/1/4 12273/1/4
f 12251/2/4 12243/2/4 12274/2/4
f 12273/3/4 12251/3/4 12274/3/4
f 12243/4/4 12225/4/4 12275/4/4
f 12274/2/4 12243/2/4 12275/2/4
f 12267/1/4 12268/1/4 12276/1/4
f 12268/2/4 12269/2/4 12277/2/4
f 12276/1/4 12268/1/4 12277/1/4
f 12269/2/4 12270/2/4 12277/2/4
f 12277/2/4 12270/2/4 12278/2/4
f 12270/4/4 12271/4/4 12279/4/4
f 12278/2/4 12270/2/4 12279/2/4
f 12273/2/4 12274/2/4 12280/2/4
f 12272/1/4 12273/1/4 12280/1/4
f 12274/1/4 12275/1/4 12281/1/4
f 12280/2/4 12274/2/4 12281/2/4
f 12275/4/4 12225/4/4 12282/4/4
f 12281/1/4 12275/1/4 12282/1/4
f 12225/4/4 12211/4/4 12283/4/4
f 12282/4/4 12225/4/4 12283/4/4
f 12277/3/4 12278/3/4 12284/3/4
f 12278/1/4 12279/1/4 12285/1/4
f 12284/3/4 12278/3/4 12285/3/4
f 12279/4/4 12271/4/4 12286/4/4
f 12285/1/4 12279/1/4 12286/1/4
f 12271/3/4 12272/3/4 12287/3/4
f 12286/4/4 12271/4/4 12287/4/4
f 12281/1/4 12282/1/4 12288/1/4
f 12287/3/4 12272/3/4 12288/3/4
f 12280/1/4 12281/1/4 12288/1/4
f 12272/1/4 12280/1/4 12288/1/4
f 12288/1/4 12282/1/4 12289/1/4
f 12290/3/4 12291/3/4 12292/3/4
f 12292/3/4 12291/3/4 12293/3/4
f 12292/1/4 12293/1/4 12294/1/4
f 12294/1/4 12293/1/4 12295/1/4
f 12296/1/4 12297/1/4 12298/1/4
f 12298/1/4 12297/1/4 12299/1/4
f 12298/3/4 12299/3/4 12301/3/4
f 12301/3/4 12299/3/4 12302/3/4
f 12300/2/4 12301/2/4 12303/2/4
f 12303/2/4 12301/2/4 12304/2/4
f 12303/3/4 12304/3/4 12305/3/4
f 12305/3/4 12304/3/4 12306/3/4
f 12307/4/4 12308/4/4 12309/4/4
f 12307/4/4 12309/4/4 12310/4/4
f 12310/4/4 12309/4/4 12311/4/4
f 12312/2/4 12313/2/4 12314/2/4
f 12314/2/4 12313/2/4 12315/2/4
f 12314/3/4 12315/3/4 12316/3/4
f 12316/3/4 12315/3/4 12317/3/4
f 12318/4/4 12319/4/4 12320/4/4
f 12318/4/4 12320/4/4 12321/4/4
f 12321/4/4 12320/4/4 12322/4/4
f 12323/2/4 12324/2/4 12325/2/4
f 12325/2/4 12324/2/4 12326/2/4
f 12327/4/4 12328/4/4 12329/4/4
f 12327/4/4 12329/4/4 12331/4/4
f 12329/3/4 12330/3/4 12332/3/4
f 12331/4/4 12329/4/4 12332/4/4
f 12332/3/4 12330/3/4 12333/3/4
f 12334/1/4 12335/1/4 12339/1/4
f 12335/4/4 12336/4/4 12340/4/4
f 12339/1/4 12335/1/4 12340/1/4
f 12340/4/4 12336/4/4 12341/4/4
f 12341/4/4 12336/4/4 12342/4/4
f 12337/1/4 12338/1/4 12343/1/4
f 12343/1/4 12338/1/4 12344/1/4
f 12345/1/4 12346/1/4 12351/1/4
f 12346/2/4 12347/2/4 12351/2/4
f 12347/4/4 12348/4/4 12352/4/4
f 12351/2/4 12347/2/4 12352/2/4
f 12348/3/4 12349/3/4 12353/3/4
f 12352/4/4 12348/4/4 12353/4/4
f 12353/3/4 12349/3/4 12354/3/4
f 12349/1/4 12350/1/4 12355/1/4
f 12354/3/4 12349/3/4 12355/3/4
f 12355/1/4 12350/1/4 12356/1/4
f 12351/1/4 12352/1/4 12360/1/4
f 12345/1/4 12351/1/4 12360/1/4
f 12360/1/4 12352/1/4 12361/1/4
f 12361/1/4 12352/1/4 12362/1/4
f 12353/2/4 12354/2/4 12363/2/4
f 12362/1/4 12352/1/4 12363/1/4
f 12352/2/4 12353/2/4 12363/2/4
f 12354/1/4 12355/1/4 12364/1/4
f 12363/2/4 12354/2/4 12364/2/4
f 12355/2/4 12356/2/4 12365/2/4
f 12364/1/4 12355/1/4 12365/1/4
f 12356/3/4 12357/3/4 12366/3/4
f 12365/2/4 12356/2/4 12366/2/4
f 12357/4/4 12358/4/4 12367/4/4
f 12366/3/4 12357/3/4 12367/3/4
f 12367/4/4 12358/4/4 12368/4/4
f 12360/3/4 12361/3/4 12369/3/4
f 12359/3/4 12360/3/4 12369/3/4
f 12369/3/4 12361/3/4 12370/3/4
f 12361/1/4 12362/1/4 12371/1/4
f 12370/3/4 12361/3/4 12371/3/4
f 12362/2/4 12363/2/4 12372/2/4
f 12371/1/4 12362/1/4 12372/1/4
f 12363/3/4 12364/3/4 12373/3/4
f 12372/2/4 12363/2/4 12373/2/4
f 12373/3/4 12364/3/4 12374/3/4
f 12365/2/4 12366/2/4 12375/2/4
f 12374/3/4 12364/3/4 12375/3/4
f 12364/2/4 12365/2/4 12375/2/4
f 12367/2/4 12368/2/4 12375/2/4
f 12366/2/4 12367/2/4 12375/2/4
f 12375/2/4 12368/2/4 12376/2/4
f 12376/2/4 12368/2/4 12377/2/4
f 12377/2/4 12368/2/4 12378/2/4
f 12369/2/4 12370/2/4 12379/2/4
f 12379/2/4 12370/2/4 12380/2/4
f 12371/1/4 12372/1/4 12381/1/4
f 12381/1/4 12372/1/4 12382/1/4
f 12375/3/4 12376/3/4 12383/3/4
f 12374/3/4 12375/3/4 12383/3/4
f 12377/1/4 12378/1/4 12384/1/4
f 12376/2/4 12377/2/4 12384/2/4
f 12384/1/4 12378/1/4 12385/1/4
f 12379/3/4 12380/3/4 12386/3/4
f 12380/2/4 12381/2/4 12387/2/4
f 12386/3/4 12380/3/4 12387/3/4
f 12387/2/4 12381/2/4 12388/2/4
f 12383/3/4 12376/3/4 12391/3/4
f 12391/3/4 12376/3/4 12392/3/4
f 12392/3/4 12376/3/4 12393/3/4
f 12376/2/4 12384/2/4 12394/2/4
f 12393/3/4 12376/3/4 12394/3/4
f 12387/3/4 12388/3/4 12395/3/4
f 12388/1/4 12389/1/4 12396/1/4
f 12395/3/4 12388/3/4 12396/3/4
f 12389/2/4 12390/2/4 12397/2/4
f 12396/1/4 12389/1/4 12397/1/4
f 12390/4/4 12391/4/4 12398/4/4
f 12397/2/4 12390/2/4 12398/2/4
f 12391/1/4 12392/1/4 12399/1/4
f 12398/4/4 12391/4/4 12399/4/4
f 12392/2/4 12393/2/4 12400/2/4
f 12399/1/4 12392/1/4 12400/1/4
f 12393/1/4 12394/1/4 12401/1/4
f 12400/2/4 12393/2/4 12401/2/4
f 12394/2/4 12384/2/4 12402/2/4
f 12401/1/4 12394/1/4 12402/1/4
f 12384/4/4 12385/4/4 12403/4/4
f 12402/2/4 12384/2/4 12403/2/4
f 12403/4/4 12385/4/4 12404/4/4
f 12405/2/4 12406/2/4 12409/2/4
f 12409/2/4 12406/2/4 12410/2/4
f 12407/1/4 12408/1/4 12411/1/4
f 12411/1/4 12408/1/4 12412/1/4
f 12412/1/4 12408/1/4 12413/1/4
f 12410/2/4 12411/2/4 12414/2/4
f 12411/1/4 12412/1/4 12415/1/4
f 12414/2/4 12411/2/4 12415/2/4
f 12412/3/4 12413/3/4 12416/3/4
f 12415/1/4 12412/1/4 12416/1/4
f 12416/3/4 12413/3/4 12417/3/4
f 12421/3/5 12419/3/5 12418/3/5
f 12422/1/5 12420/1/5 12419/1/5
f 12422/3/5 12419/3/5 12421/3/5
f 12423/1/5 12420/1/5 12422/1/5
f 12425/1/5 12422/1/5 12421/1/5
f 12426/2/5 12423/2/5 12422/2/5
f 12426/1/5 12422/1/5 12425/1/5
f 12427/2/5 12423/2/5 12426/2/5
f 12429/1/5 12425/1/5 12424/1/5
f 12430/3/5 12427/3/5 12426/3/5
f 12430/1/5 12425/1/5 12429/1/5
f 12430/3/5 12426/3/5 12425/3/5
f 12431/2/5 12428/2/5 12427/2/5
f 12431/3/5 12427/3/5 12430/3/5
f 12432/2/5 12428/2/5 12431/2/5
f 12433/2/5 12430/2/5 12429/2/5
f 12433/2/5 12431/2/5 12430/2/5
f 12433/3/5 12432/3/5 12431/3/5
f 12434/3/5 12432/3/5 12433/3/5
f 12435/2/5 12433/2/5 12429/2/5
f 12435/2/5 12434/2/5 12433/2/5
f 12436/2/5 12434/2/5 12435/2/5
f 12437/1/5 12436/1/5 12435/1/5
f 12438/1/5 12436/1/5 12437/1/5
f 12439/3/5 12438/3/5 12437/3/5
f 12440/1/5 12436/1/5 12438/1/5
f 12440/3/5 12438/3/5 12439/3/5
f 12441/2/5 12434/2/5 12436/2/5
f 12441/1/5 12436/1/5 12440/1/5
f 12442/1/5 12440/1/5 12439/1/5
f 12443/3/5 12441/3/5 12440/3/5
f 12443/1/5 12440/1/5 12442/1/5
f 12444/2/5 12434/2/5 12441/2/5
f 12444/3/5 12441/3/5 12443/3/5
f 12445/2/5 12434/2/5 12444/2/5
f 12446/2/5 12443/2/5 12442/2/5
f 12447/3/5 12444/3/5 12443/3/5
f 12447/2/5 12443/2/5 12446/2/5
f 12448/1/5 12445/1/5 12444/1/5
f 12448/3/5 12444/3/5 12447/3/5
f 12449/1/5 12445/1/5 12448/1/5
f 12450/3/5 12447/3/5 12446/3/5
f 12450/3/5 12448/3/5 12447/3/5
f 12450/3/5 12449/3/5 12448/3/5
f 12451/3/5 12449/3/5 12450/3/5
f 12452/3/5 12449/3/5 12451/3/5
f 12453/2/5 12452/2/5 12451/2/5
f 12453/3/5 12449/3/5 12452/3/5
f 12454/3/5 12449/3/5 12453/3/5
f 12455/1/5 12451/1/5 12450/1/5
f 12455/2/5 12453/2/5 12451/2/5
f 12455/2/5 12454/2/5 12453/2/5
f 12456/2/5 12454/2/5 12455/2/5
f 12457/1/5 12455/1/5 12450/1/5
f 12457/1/5 12456/1/5 12455/1/5
f 12458/1/5 12456/1/5 12457/1/5
f 12459/1/5 12456/1/5 12458/1/5
f 12460/2/5 12454/2/5 12456/2/5
f 12460/1/5 12456/1/5 12459/1/5
f 12461/2/5 12454/2/5 12460/2/5
f 12462/2/5 12459/2/5 12458/2/5
f 12462/3/5 12460/3/5 12459/3/5
f 12463/1/5 12461/1/5 12460/1/5
f 12463/3/5 12460/3/5 12462/3/5
f 12464/1/5 12461/1/5 12463/1/5
f 12465/3/5 12458/3/5 12457/3/5
f 12466/2/5 12462/2/5 12458/2/5
f 12466/3/5 12458/3/5 12465/3/5
f 12466/2/5 12463/2/5 12462/2/5
f 12466/2/5 12464/2/5 12463/2/5
f 12467/2/5 12464/2/5 12466/2/5
f 12468/2/5 12464/2/5 12467/2/5
f 12469/2/5 12464/2/5 12468/2/5
f 12470/1/5 12466/1/5 12465/1/5
f 12470/1/5 12467/1/5 12466/1/5
f 12471/1/5 12467/1/5 12470/1/5
f 12472/2/5 12468/2/5 12467/2/5
f 12472/1/5 12467/1/5 12471/1/5
f 12473/3/5 12469/3/5 12468/3/5
f 12473/2/5 12468/2/5 12472/2/5
f 12474/1/5 12473/1/5 12472/1/5
f 12474/3/5 12469/3/5 12473/3/5
f 12475/3/5 12469/3/5 12474/3/5
f 12476/3/5 12471/3/5 12470/3/5
f 12477/2/5 12472/2/5 12471/2/5
f 12477/3/5 12471/3/5 12476/3/5
f 12478/1/5 12474/1/5 12472/1/5
f 12478/2/5 12472/2/5 12477/2/5
f 12478/1/5 12475/1/5 12474/1/5
f 12479/1/5 12475/1/5 12478/1/5
f 12480/1/5 12475/1/5 12479/1/5
f 12481/1/5 12477/1/5 12476/1/5
f 12481/3/5 12478/3/5 12477/3/5
f 12481/3/5 12479/3/5 12478/3/5
f 12482/2/5 12480/2/5 12479/2/5
f 12482/3/5 12479/3/5 12481/3/5
f 12483/2/5 12480/2/5 12482/2/5
f 12484/1/5 12481/1/5 12476/1/5
f 12485/2/5 12482/2/5 12481/2/5
f 12485/1/5 12481/1/5 12484/1/5
f 12486/2/5 12482/2/5 12485/2/5
f 12487/1/5 12483/1/5 12482/1/5
f 12487/2/5 12482/2/5 12486/2/5
f 12488/1/5 12483/1/5 12487/1/5
f 12489/2/5 12486/2/5 12485/2/5
f 12489/2/5 12485/2/5 12484/2/5
f 12490/2/5 12486/2/5 12489/2/5
f 12491/1/5 12487/1/5 12486/1/5
f 12491/2/5 12486/2/5 12490/2/5
f 12492/3/5 12488/3/5 12487/3/5
f 12492/1/5 12487/1/5 12491/1/5
f 12493/1/5 12490/1/5 12489/1/5
f 12494/2/5 12491/2/5 12490/2/5
f 12494/1/5 12490/1/5 12493/1/5
f 12494/2/5 12492/2/5 12491/2/5
f 12495/3/5 12488/3/5 12492/3/5
f 12495/2/5 12492/2/5 12494/2/5
f 12496/3/5 12495/3/5 12494/3/5
f 12497/3/5 12488/3/5 12495/3/5
f 12497/3/5 12495/3/5 12496/3/5
f 12498/2/5 12494/2/5 12493/2/5
f 12499/3/5 12496/3/5 12494/3/5
f 12499/2/5 12494/2/5 12498/2/5
f 12500/1/5 12497/1/5 12496/1/5
f 12500/3/5 12496/3/5 12499/3/5
f 12501/3/5 12488/3/5 12497/3/5
f 12501/1/5 12497/1/5 12500/1/5
f 12502/3/5 12488/3/5 12501/3/5
f 12503/1/5 12499/1/5 12498/1/5
f 12504/2/5 12500/2/5 12499/2/5
f 12504/1/5 12499/1/5 12503/1/5
f 12505/1/5 12501/1/5 12500/1/5
f 12505/2/5 12500/2/5 12504/2/5
f 12506/2/5 12502/2/5 12501/2/5
f 12506/1/5 12501/1/5 12505/1/5
f 12507/2/5 12502/2/5 12506/2/5
f 12508/3/5 12504/3/5 12503/3/5
f 12509/1/5 12505/1/5 12504/1/5
f 12509/3/5 12504/3/5 12508/3/5
f 12510/2/5 12506/2/5 12505/2/5
f 12510/1/5 12505/1/5 12509/1/5
f 12511/3/5 12507/3/5 12506/3/5
f 12511/2/5 12506/2/5 12510/2/5
f 12512/1/5 12509/1/5 12508/1/5
f 12513/3/5 12510/3/5 12509/3/5
f 12513/1/5 12509/1/5 12512/1/5
f 12514/1/5 12511/1/5 12510/1/5
f 12514/3/5 12510/3/5 12513/3/5
f 12515/3/5 12507/3/5 12511/3/5
f 12515/1/5 12511/1/5 12514/1/5
f 12516/3/5 12507/3/5 12515/3/5
f 12517/2/5 12514/2/5 12513/2/5
f 12517/2/5 12515/2/5 12514/2/5
f 12518/2/5 12515/2/5 12517/2/5
f 12519/2/5 12515/2/5 12518/2/5
f 12520/1/5 12518/1/5 12517/1/5
f 12521/3/5 12519/3/5 12518/3/5
f 12521/1/5 12518/1/5 12520/1/5
f 12522/3/5 12519/3/5 12521/3/5
f 12523/3/5 12521/3/5 12520/3/5
f 12524/1/5 12522/1/5 12521/1/5
f 12524/3/5 12521/3/5 12523/3/5
f 12525/1/5 12522/1/5 12524/1/5
f 12526/2/5 12524/2/5 12523/2/5
f 12526/2/5 12525/2/5 12524/2/5
f 12527/2/5 12525/2/5 12526/2/5
f 12530/3/5 12529/3/5 12528/3/5
f 12531/3/5 12529/3/5 12530/3/5
f 12535/2/5 12531/2/5 12530/2/5
f 12535/1/5 12532/1/5 12531/1/5
f 12536/2/5 12533/2/5 12532/2/5
f 12536/1/5 12532/1/5 12535/1/5
f 12537/3/5 12534/3/5 12533/3/5
f 12537/2/5 12533/2/5 12536/2/5
f 12538/3/5 12534/3/5 12537/3/5
f 12539/2/5 12536/2/5 12535/2/5
f 12539/2/5 12535/2/5 12530/2/5
f 12539/2/5 12537/2/5 12536/2/5
f 12540/2/5 12537/2/5 12539/2/5
f 12541/1/5 12538/1/5 12537/1/5
f 12541/2/5 12537/2/5 12540/2/5
f 12542/1/5 12538/1/5 12541/1/5
f 12543/3/5 12540/3/5 12539/3/5
f 12544/1/5 12541/1/5 12540/1/5
f 12544/3/5 12540/3/5 12543/3/5
f 12545/3/5 12542/3/5 12541/3/5
f 12545/1/5 12541/1/5 12544/1/5
f 12546/3/5 12542/3/5 12545/3/5
f 12548/1/5 12544/1/5 12543/1/5
f 12549/1/5 12544/1/5 12548/1/5
f 12550/3/5 12545/3/5 12544/3/5
f 12550/1/5 12544/1/5 12549/1/5
f 12551/2/5 12546/2/5 12545/2/5
f 12551/3/5 12545/3/5 12550/3/5
f 12552/2/5 12546/2/5 12551/2/5
f 12554/1/5 12548/1/5 12547/1/5
f 12554/1/5 12549/1/5 12548/1/5
f 12555/1/5 12549/1/5 12554/1/5
f 12556/1/5 12552/1/5 12551/1/5
f 12556/1/5 12553/1/5 12552/1/5
f 12557/1/5 12553/1/5 12556/1/5
f 12558/1/5 12554/1/5 12547/1/5
f 12559/3/5 12555/3/5 12554/3/5
f 12559/1/5 12554/1/5 12558/1/5
f 12560/3/5 12555/3/5 12559/3/5
f 12561/2/5 12557/2/5 12556/2/5
f 12562/1/5 12553/1/5 12557/1/5
f 12562/2/5 12557/2/5 12561/2/5
f 12563/3/5 12559/3/5 12558/3/5
f 12564/3/5 12559/3/5 12563/3/5
f 12565/1/5 12553/1/5 12562/1/5
f 12566/1/5 12553/1/5 12565/1/5
f 12567/2/5 12564/2/5 12563/2/5
f 12568/2/5 12564/2/5 12567/2/5
f 12569/3/5 12566/3/5 12565/3/5
f 12570/3/5 12566/3/5 12569/3/5
f 12571/3/5 12568/3/5 12567/3/5
f 12572/3/5 12568/3/5 12571/3/5
f 12573/1/5 12570/1/5 12569/1/5
f 12574/1/5 12570/1/5 12573/1/5
f 12575/2/5 12572/2/5 12571/2/5
f 12576/2/5 12572/2/5 12575/2/5
f 12577/3/5 12576/3/5 12575/3/5
f 12578/3/5 12576/3/5 12577/3/5
f 12579/3/5 12574/3/5 12573/3/5
f 12580/3/5 12574/3/5 12579/3/5
f 12581/1/5 12578/1/5 12577/1/5
f 12582/1/5 12578/1/5 12581/1/5
f 12583/2/5 12580/2/5 12579/2/5
f 12584/2/5 12582/2/5 12581/2/5
f 12585/2/5 12582/2/5 12584/2/5
f 12586/2/5 12580/2/5 12583/2/5
f 12587/2/5 12580/2/5 12586/2/5
f 12588/3/5 12585/3/5 12584/3/5
f 12589/3/5 12585/3/5 12588/3/5
f 12590/3/5 12587/3/5 12586/3/5
f 12591/3/5 12587/3/5 12590/3/5
f 12592/2/5 12589/2/5 12588/2/5
f 12593/2/5 12589/2/5 12592/2/5
f 12594/2/5 12591/2/5 12590/2/5
f 12595/2/5 12591/2/5 12594/2/5
f 12596/3/5 12593/3/5 12592/3/5
f 12597/3/5 12593/3/5 12596/3/5
f 12598/1/5 12595/1/5 12594/1/5
f 12599/1/5 12595/1/5 12598/1/5
f 12600/2/5 12597/2/5 12596/2/5
f 12601/2/5 12599/2/5 12598/2/5
f 12602/2/5 12599/2/5 12601/2/5
f 12603/2/5 12600/2/5 12596/2/5
f 12604/2/5 12600/2/5 12603/2/5
f 12605/1/5 12602/1/5 12601/1/5
f 12606/1/5 12602/1/5 12605/1/5
f 12607/1/5 12604/1/5 12603/1/5
f 12608/1/5 12604/1/5 12607/1/5
f 12609/2/5 12606/2/5 12605/2/5
f 12610/2/5 12606/2/5 12609/2/5
f 12611/2/5 12608/2/5 12607/2/5
f 12612/3/5 12610/3/5 12609/3/5
f 12613/3/5 12610/3/5 12612/3/5
f 12614/2/5 12613/2/5 12612/2/5
f 12615/2/5 12613/2/5 12614/2/5
f 12616/2/5 12611/2/5 12607/2/5
f 12617/2/5 12611/2/5 12616/2/5
f 12618/3/5 12615/3/5 12614/3/5
f 12619/3/5 12615/3/5 12618/3/5
f 12620/1/5 12617/1/5 12616/1/5
f 12621/1/5 12617/1/5 12620/1/5
f 12622/2/5 12619/2/5 12618/2/5
f 12623/2/5 12619/2/5 12622/2/5
f 12624/3/5 12621/3/5 12620/3/5
f 12625/3/5 12621/3/5 12624/3/5
f 12626/3/5 12623/3/5 12622/3/5
f 12627/3/5 12623/3/5 12626/3/5
f 12628/2/5 12625/2/5 12624/2/5
f 12629/2/5 12628/2/5 12624/2/5
f 12630/2/5 12628/2/5 12629/2/5
f 12631/2/5 12627/2/5 12626/2/5
f 12632/2/5 12627/2/5 12631/2/5
f 12633/3/5 12630/3/5 12629/3/5
f 12634/3/5 12630/3/5 12633/3/5
f 12635/1/5 12632/1/5 12631/1/5
f 12636/1/5 12632/1/5 12635/1/5
f 12637/1/5 12634/1/5 12633/1/5
f 12638/1/5 12634/1/5 12637/1/5
f 12639/3/5 12636/3/5 12635/3/5
f 12640/3/5 12638/3/5 12637/3/5
f 12641/3/5 12636/3/5 12639/3/5
f 12642/3/5 12636/3/5 12641/3/5
f 12643/3/5 12640/3/5 12637/3/5
f 12644/3/5 12640/3/5 12643/3/5
f 12645/2/5 12644/2/5 12643/2/5
f 12646/2/5 12644/2/5 12645/2/5
f 12649/1/5 12642/1/5 12641/1/5
f 12650/1/5 12642/1/5 12649/1/5
f 12651/2/5 12647/2/5 12646/2/5
f 12651/3/5 12646/3/5 12645/3/5
f 12652/2/5 12647/2/5 12651/2/5
f 12653/3/5 12650/3/5 12649/3/5
f 12653/3/5 12649/3/5 12648/3/5
f 12654/3/5 12652/3/5 12651/3/5
f 12655/3/5 12650/3/5 12653/3/5
f 12656/3/5 12650/3/5 12655/3/5
f 12657/3/5 12654/3/5 12651/3/5
f 12657/3/5 12651/3/5 12645/3/5
f 12658/3/5 12654/3/5 12657/3/5
f 12659/3/5 12654/3/5 12658/3/5
f 12660/2/5 12656/2/5 12655/2/5
f 12661/2/5 12656/2/5 12660/2/5
f 12662/2/5 12658/2/5 12657/2/5
f 12663/1/5 12659/1/5 12658/1/5
f 12663/2/5 12658/2/5 12662/2/5
f 12664/1/5 12659/1/5 12663/1/5
f 12666/1/5 12661/1/5 12660/1/5
f 12667/2/5 12656/2/5 12661/2/5
f 12667/1/5 12661/1/5 12666/1/5
f 12668/2/5 12656/2/5 12667/2/5
f 12669/2/5 12664/2/5 12663/2/5
f 12670/3/5 12665/3/5 12664/3/5
f 12670/2/5 12664/2/5 12669/2/5
f 12671/1/5 12666/1/5 12665/1/5
f 12671/3/5 12665/3/5 12670/3/5
f 12671/1/5 12667/1/5 12666/1/5
f 12672/1/5 12667/1/5 12671/1/5
f 12673/3/5 12670/3/5 12669/3/5
f 12673/3/5 12671/3/5 12670/3/5
f 12674/2/5 12672/2/5 12671/2/5
f 12674/3/5 12671/3/5 12673/3/5
f 12675/1/5 12667/1/5 12672/1/5
f 12675/2/5 12672/2/5 12674/2/5
f 12676/1/5 12667/1/5 12675/1/5
f 12677/2/5 12674/2/5 12673/2/5
f 12678/3/5 12675/3/5 12674/3/5
f 12678/2/5 12674/2/5 12677/2/5
f 12678/3/5 12676/3/5 12675/3/5
f 12679/3/5 12676/3/5 12678/3/5
f 12680/2/5 12677/2/5 12673/2/5
f 12681/3/5 12678/3/5 12677/3/5
f 12681/2/5 12677/2/5 12680/2/5
f 12682/3/5 12681/3/5 12680/3/5
f 12683/3/5 12678/3/5 12681/3/5
f 12683/3/5 12681/3/5 12682/3/5
f 12684/2/5 12679/2/5 12678/2/5
f 12684/3/5 12678/3/5 12683/3/5
f 12685/3/5 12676/3/5 12679/3/5
f 12685/2/5 12679/2/5 12684/2/5
f 12686/3/5 12676/3/5 12685/3/5
f 12687/1/5 12684/1/5 12683/1/5
f 12688/2/5 12685/2/5 12684/2/5
f 12688/1/5 12684/1/5 12687/1/5
f 12689/3/5 12688/3/5 12687/3/5
f 12690/2/5 12685/2/5 12688/2/5
f 12690/3/5 12688/3/5 12689/3/5
f 12691/2/5 12685/2/5 12690/2/5
f 12697/2/5 12693/2/5 12692/2/5
f 12697/1/5 12694/1/5 12693/1/5
f 12698/1/5 12694/1/5 12697/1/5
f 12699/1/5 12696/1/5 12695/1/5
f 12700/1/5 12696/1/5 12699/1/5
f 12702/2/5 12697/2/5 12692/2/5
f 12703/2/5 12697/2/5 12702/2/5
f 12708/1/5 12702/1/5 12701/1/5
f 12709/2/5 12704/2/5 12703/2/5
f 12710/2/5 12704/2/5 12709/2/5
f 12711/3/5 12706/3/5 12705/3/5
f 12712/1/5 12707/1/5 12706/1/5
f 12712/3/5 12706/3/5 12711/3/5
f 12713/1/5 12707/1/5 12712/1/5
f 12714/1/5 12708/1/5 12701/1/5
f 12715/1/5 12708/1/5 12714/1/5
f 12716/2/5 12713/2/5 12712/2/5
f 12717/2/5 12713/2/5 12716/2/5
f 12718/2/5 12715/2/5 12714/2/5
f 12719/1/5 12717/1/5 12716/1/5
f 12720/1/5 12717/1/5 12719/1/5
f 12721/2/5 12718/2/5 12714/2/5
f 12722/2/5 12720/2/5 12719/2/5
f 12723/2/5 12721/2/5 12714/2/5
f 12724/2/5 12721/2/5 12723/2/5
f 12725/2/5 12720/2/5 12722/2/5
f 12726/2/5 12720/2/5 12725/2/5
f 12731/1/5 12728/1/5 12727/1/5
f 12732/1/5 12728/1/5 12731/1/5
f 12733/2/5 12732/2/5 12731/2/5
f 12734/2/5 12732/2/5 12733/2/5
f 12735/1/5 12730/1/5 12729/1/5
f 12736/1/5 12730/1/5 12735/1/5
f 12737/3/5 12734/3/5 12733/3/5
f 12738/3/5 12734/3/5 12737/3/5
f 12739/2/5 12736/2/5 12735/2/5
f 12740/2/5 12736/2/5 12739/2/5
f 12741/2/5 12738/2/5 12737/2/5
f 12742/2/5 12738/2/5 12741/2/5
f 12743/3/5 12740/3/5 12739/3/5
f 12744/3/5 12740/3/5 12743/3/5
f 12745/3/5 12742/3/5 12741/3/5
f 12746/3/5 12742/3/5 12745/3/5
f 12749/2/5 12744/2/5 12743/2/5
f 12750/2/5 12744/2/5 12749/2/5
f 12751/3/5 12747/3/5 12746/3/5
f 12752/3/5 12747/3/5 12751/3/5
f 12753/1/5 12752/1/5 12751/1/5
f 12755/3/5 12749/3/5 12748/3/5
f 12756/3/5 12749/3/5 12755/3/5
f 12757/1/5 12754/1/5 12753/1/5
f 12757/1/5 12753/1/5 12751/1/5
f 12757/1/5 12756/1/5 12755/1/5
f 12757/1/5 12755/1/5 12754/1/5
f 12758/1/5 12756/1/5 12757/1/5
f 12759/1/5 12756/1/5 12758/1/5
f 12760/1/5 12756/1/5 12759/1/5
f 12761/3/5 12758/3/5 12757/3/5
f 12762/1/5 12759/1/5 12758/1/5
f 12762/3/5 12758/3/5 12761/3/5
f 12763/1/5 12759/1/5 12762/1/5
f 12764/3/5 12760/3/5 12759/3/5
f 12764/1/5 12759/1/5 12763/1/5
f 12765/3/5 12760/3/5 12764/3/5
f 12766/2/5 12762/2/5 12761/2/5
f 12767/1/5 12763/1/5 12762/1/5
f 12767/2/5 12762/2/5 12766/2/5
f 12768/2/5 12764/2/5 12763/2/5
f 12768/1/5 12763/1/5 12767/1/5
f 12768/2/5 12765/2/5 12764/2/5
f 12769/2/5 12765/2/5 12768/2/5
f 12770/2/5 12765/2/5 12769/2/5
f 12771/3/5 12768/3/5 12767/3/5
f 12772/2/5 12769/2/5 12768/2/5
f 12772/3/5 12768/3/5 12771/3/5
f 12773/2/5 12769/2/5 12772/2/5
f 12774/2/5 12772/2/5 12771/2/5
f 12775/1/5 12773/1/5 12772/1/5
f 12775/2/5 12772/2/5 12774/2/5
f 12776/1/5 12773/1/5 12775/1/5
f 12784/4/5 12778/4/5 12777/4/5
f 12784/1/5 12779/1/5 12778/1/5
f 12785/1/5 12779/1/5 12784/1/5
f 12786/2/5 12781/2/5 12780/2/5
f 12787/2/5 12781/2/5 12786/2/5
f 12788/4/5 12783/4/5 12782/4/5
f 12790/1/5 12787/1/5 12786/1/5
f 12791/1/5 12787/1/5 12790/1/5
f 12792/4/5 12783/4/5 12788/4/5
f 12793/4/5 12784/4/5 12777/4/5
f 12794/4/5 12784/4/5 12793/4/5
f 12795/2/5 12790/2/5 12789/2/5
f 12796/3/5 12791/3/5 12790/3/5
f 12796/2/5 12790/2/5 12795/2/5
f 12797/2/5 12792/2/5 12791/2/5
f 12797/3/5 12791/3/5 12796/3/5
f 12798/4/5 12783/4/5 12792/4/5
f 12798/2/5 12792/2/5 12797/2/5
f 12799/4/5 12783/4/5 12798/4/5
f 12800/2/5 12797/2/5 12796/2/5
f 12801/2/5 12797/2/5 12800/2/5
f 12807/4/5 12803/4/5 12802/4/5
f 12808/4/5 12805/4/5 12804/4/5
f 12809/4/5 12805/4/5 12808/4/5
f 12812/4/5 12807/4/5 12806/4/5
f 12813/4/5 12803/4/5 12807/4/5
f 12813/4/5 12807/4/5 12812/4/5
f 12814/4/5 12810/4/5 12809/4/5
f 12814/4/5 12809/4/5 12808/4/5
f 12816/4/5 12813/4/5 12812/4/5
f 12816/4/5 12812/4/5 12811/4/5
f 12817/4/5 12813/4/5 12816/4/5
f 12818/4/5 12813/4/5 12817/4/5
f 12819/4/5 12815/4/5 12814/4/5
f 12819/4/5 12814/4/5 12808/4/5
f 12820/4/5 12815/4/5 12819/4/5
f 12821/4/5 12815/4/5 12820/4/5
f 12822/4/5 12818/4/5 12817/4/5
f 12823/4/5 12820/4/5 12819/4/5
f 12824/4/5 12822/4/5 12817/4/5
f 12825/4/5 12820/4/5 12823/4/5
f 12826/4/5 12824/4/5 12817/4/5
f 12827/4/5 12820/4/5 12825/4/5
f 12828/4/5 12826/4/5 12817/4/5
f 12829/4/5 12820/4/5 12827/4/5
f 12830/4/5 12828/4/5 12817/4/5
f 12831/4/5 12830/4/5 12817/4/5
f 12832/4/5 12831/4/5 12817/4/5
f 12833/4/5 12820/4/5 12829/4/5
f 12834/4/5 12832/4/5 12817/4/5
f 12835/4/5 12820/4/5 12833/4/5
f 12836/4/5 12834/4/5 12817/4/5
f 12837/4/5 12836/4/5 12817/4/5
f 12838/4/5 12820/4/5 12835/4/5
f 12839/4/5 12837/4/5 12817/4/5
f 12840/4/5 12839/4/5 12817/4/5
f 12841/4/5 12840/4/5 12817/4/5
f 12842/4/5 12820/4/5 12838/4/5
f 12843/4/5 12841/4/5 12817/4/5
f 12844/4/5 12820/4/5 12842/4/5
f 12845/4/5 12843/4/5 12817/4/5
f 12846/4/5 12845/4/5 12817/4/5
f 12847/4/5 12820/4/5 12844/4/5
f 12848/4/5 12846/4/5 12817/4/5
f 12849/4/5 12820/4/5 12847/4/5
f 12850/4/5 12848/4/5 12817/4/5
f 12851/4/5 12820/4/5 12849/4/5
f 12852/4/5 12820/4/5 12851/4/5
f 12853/4/5 12850/4/5 12817/4/5
f 12854/4/5 12820/4/5 12852/4/5
f 12855/4/5 12853/4/5 12817/4/5
f 12856/4/5 12820/4/5 12854/4/5
f 12857/4/5 12855/4/5 12817/4/5
f 12858/4/5 12857/4/5 12817/4/5
f 12859/4/5 12820/4/5 12856/4/5
f 12860/4/5 12858/4/5 12817/4/5
f 12861/4/5 12820/4/5 12859/4/5
f 12862/4/5 12860/4/5 12817/4/5
f 12863/4/5 12820/4/5 12861/4/5
f 12864/4/5 12862/4/5 12817/4/5
f 12867/4/5 12820/4/5 12863/4/5
f 12868/1/5 12865/1/5 12864/1/5
f 12869/2/5 12867/2/5 12866/2/5
f 12870/4/5 12820/4/5 12867/4/5
f 12870/2/5 12867/2/5 12869/2/5
f 12871/1/5 12868/1/5 12864/1/5
f 12871/4/5 12864/4/5 12817/4/5
f 12872/1/5 12868/1/5 12871/1/5
f 12873/3/5 12870/3/5 12869/3/5
f 12874/4/5 12820/4/5 12870/4/5
f 12874/3/5 12870/3/5 12873/3/5
f 12875/3/5 12872/3/5 12871/3/5
f 12876/2/5 12874/2/5 12873/2/5
f 12877/4/5 12820/4/5 12874/4/5
f 12877/2/5 12874/2/5 12876/2/5
f 12878/4/5 12871/4/5 12817/4/5
f 12878/3/5 12875/3/5 12871/3/5
f 12879/3/5 12875/3/5 12878/3/5
f 12880/1/5 12877/1/5 12876/1/5
f 12881/4/5 12820/4/5 12877/4/5
f 12881/1/5 12877/1/5 12880/1/5
f 12882/2/5 12879/2/5 12878/2/5
f 12882/4/5 12878/4/5 12817/4/5
f 12883/2/5 12879/2/5 12882/2/5
f 12886/2/5 12881/2/5 12880/2/5
f 12887/4/5 12820/4/5 12881/4/5
f 12887/2/5 12881/2/5 12886/2/5
f 12888/4/5 12882/4/5 12817/4/5
f 12888/1/5 12883/1/5 12882/1/5
f 12889/2/5 12884/2/5 12883/2/5
f 12889/1/5 12883/1/5 12888/1/5
f 12890/2/5 12884/2/5 12889/2/5
f 12891/1/5 12886/1/5 12885/1/5
f 12892/3/5 12887/3/5 12886/3/5
f 12892/1/5 12886/1/5 12891/1/5
f 12893/4/5 12820/4/5 12887/4/5
f 12893/3/5 12887/3/5 12892/3/5
f 12894/2/5 12890/2/5 12889/2/5
f 12894/4/5 12888/4/5 12817/4/5
f 12894/2/5 12889/2/5 12888/2/5
f 12895/2/5 12890/2/5 12894/2/5
f 12897/3/5 12892/3/5 12891/3/5
f 12898/1/5 12893/1/5 12892/1/5
f 12898/3/5 12892/3/5 12897/3/5
f 12899/4/5 12820/4/5 12893/4/5
f 12899/1/5 12893/1/5 12898/1/5
f 12900/4/5 12894/4/5 12817/4/5
f 12900/1/5 12895/1/5 12894/1/5
f 12901/1/5 12895/1/5 12900/1/5
f 12902/2/5 12896/2/5 12895/2/5
f 12902/1/5 12895/1/5 12901/1/5
f 12903/1/5 12897/1/5 12896/1/5
f 12903/2/5 12896/2/5 12902/2/5
f 12904/2/5 12898/2/5 12897/2/5
f 12904/1/5 12897/1/5 12903/1/5
f 12904/2/5 12899/2/5 12898/2/5
f 12905/4/5 12820/4/5 12899/4/5
f 12905/2/5 12899/2/5 12904/2/5
f 12906/4/5 12900/4/5 12817/4/5
f 12907/4/5 12900/4/5 12906/4/5
f 12908/3/5 12903/3/5 12902/3/5
f 12908/3/5 12902/3/5 12901/3/5
f 12908/3/5 12904/3/5 12903/3/5
f 12909/1/5 12905/1/5 12904/1/5
f 12909/3/5 12904/3/5 12908/3/5
f 12910/4/5 12820/4/5 12905/4/5
f 12910/1/5 12905/1/5 12909/1/5
f 12911/4/5 12820/4/5 12910/4/5
f 12916/3/5 12913/3/5 12912/3/5
f 12917/2/5 12914/2/5 12913/2/5
f 12917/3/5 12913/3/5 12916/3/5
f 12918/2/5 12914/2/5 12917/2/5
f 12920/3/5 12916/3/5 12915/3/5
f 12921/1/5 12917/1/5 12916/1/5
f 12921/3/5 12916/3/5 12920/3/5
f 12922/3/5 12918/3/5 12917/3/5
f 12922/1/5 12917/1/5 12921/1/5
f 12923/1/5 12919/1/5 12918/1/5
f 12923/3/5 12918/3/5 12922/3/5
f 12924/1/5 12919/1/5 12923/1/5
f 12925/1/5 12922/1/5 12921/1/5
f 12926/1/5 12922/1/5 12925/1/5
f 12927/2/5 12924/2/5 12923/2/5
f 12928/2/5 12924/2/5 12927/2/5
f 12937/2/5 12930/2/5 12929/2/5
f 12938/1/5 12931/1/5 12930/1/5
f 12938/2/5 12930/2/5 12937/2/5
f 12939/1/5 12931/1/5 12938/1/5
f 12940/1/5 12933/1/5 12932/1/5
f 12941/3/5 12934/3/5 12933/3/5
f 12941/1/5 12933/1/5 12940/1/5
f 12942/3/5 12934/3/5 12941/3/5
f 12946/2/5 12936/2/5 12935/2/5
f 12947/3/5 12937/3/5 12936/3/5
f 12947/2/5 12936/2/5 12946/2/5
f 12947/3/5 12938/3/5 12937/3/5
f 12948/3/5 12938/3/5 12947/3/5
f 12949/3/5 12938/3/5 12948/3/5
f 12950/3/5 12938/3/5 12949/3/5
f 12951/1/5 12942/1/5 12941/1/5
f 12952/2/5 12943/2/5 12942/2/5
f 12952/1/5 12942/1/5 12951/1/5
f 12953/3/5 12944/3/5 12943/3/5
f 12953/2/5 12943/2/5 12952/2/5
f 12955/3/5 12947/3/5 12946/3/5
f 12955/3/5 12948/3/5 12947/3/5
f 12956/3/5 12948/3/5 12955/3/5
f 12957/2/5 12949/2/5 12948/2/5
f 12957/3/5 12948/3/5 12956/3/5
f 12958/2/5 12949/2/5 12957/2/5
f 12959/3/5 12953/3/5 12952/3/5
f 12960/2/5 12945/2/5 12944/2/5
f 12960/3/5 12953/3/5 12959/3/5
f 12960/3/5 12944/3/5 12953/3/5
f 12961/2/5 12945/2/5 12960/2/5
f 12963/3/5 12956/3/5 12955/3/5
f 12963/3/5 12955/3/5 12954/3/5
f 12964/3/5 12956/3/5 12963/3/5
f 12965/3/5 12956/3/5 12964/3/5
f 12970/3/5 12961/3/5 12960/3/5
f 12971/1/5 12962/1/5 12961/1/5
f 12971/3/5 12961/3/5 12970/3/5
f 12972/1/5 12962/1/5 12971/1/5
f 12973/3/5 12965/3/5 12964/3/5
f 12973/3/5 12966/3/5 12965/3/5
f 12974/3/5 12966/3/5 12973/3/5
f 12975/1/5 12967/1/5 12966/1/5
f 12975/3/5 12966/3/5 12974/3/5
f 12976/3/5 12968/3/5 12967/3/5
f 12976/1/5 12967/1/5 12975/1/5
f 12977/1/5 12970/1/5 12969/1/5
f 12977/1/5 12971/1/5 12970/1/5
f 12978/1/5 12971/1/5 12977/1/5
f 12979/1/5 12971/1/5 12978/1/5
f 12980/1/5 12971/1/5 12979/1/5
f 12981/2/5 12974/2/5 12973/2/5
f 12982/3/5 12975/3/5 12974/3/5
f 12982/2/5 12974/2/5 12981/2/5
f 12983/2/5 12976/2/5 12975/2/5
f 12983/3/5 12975/3/5 12982/3/5
f 12984/3/5 12968/3/5 12976/3/5
f 12984/2/5 12976/2/5 12983/2/5
f 12985/3/5 12968/3/5 12984/3/5
f 12986/3/5 12978/3/5 12977/3/5
f 12987/1/5 12979/1/5 12978/1/5
f 12987/3/5 12978/3/5 12986/3/5
f 12988/2/5 12980/2/5 12979/2/5
f 12988/1/5 12979/1/5 12987/1/5
f 12989/2/5 12980/2/5 12988/2/5
f 12990/2/5 12980/2/5 12989/2/5
f 12991/3/5 12982/3/5 12981/3/5
f 12992/1/5 12983/1/5 12982/1/5
f 12992/3/5 12982/3/5 12991/3/5
f 12993/2/5 12984/2/5 12983/2/5
f 12993/1/5 12983/1/5 12992/1/5
f 12994/1/5 12985/1/5 12984/1/5
f 12994/2/5 12984/2/5 12993/2/5
f 12995/1/5 12985/1/5 12994/1/5
f 12996/2/5 12987/2/5 12986/2/5
f 12996/2/5 12988/2/5 12987/2/5
f 12996/3/5 12989/3/5 12988/3/5
f 12997/1/5 12990/1/5 12989/1/5
f 12997/3/5 12989/3/5 12996/3/5
f 12998/1/5 12990/1/5 12997/1/5
f 12999/1/5 12992/1/5 12991/1/5
f 13000/3/5 12993/3/5 12992/3/5
f 13000/1/5 12992/1/5 12999/1/5
f 13001/1/5 12994/1/5 12993/1/5
f 13001/3/5 12993/3/5 13000/3/5
f 13002/2/5 12995/2/5 12994/2/5
f 13002/1/5 12994/1/5 13001/1/5
f 13003/2/5 12995/2/5 13002/2/5
f 13004/2/5 12996/2/5 12986/2/5
f 13004/1/5 12997/1/5 12996/1/5
f 13005/3/5 12998/3/5 12997/3/5
f 13005/1/5 12997/1/5 13004/1/5
f 13006/3/5 12998/3/5 13005/3/5
f 13007/2/5 13001/2/5 13000/2/5
f 13007/3/5 13000/3/5 12999/3/5
f 13007/2/5 13002/2/5 13001/2/5
f 13008/3/5 13003/3/5 13002/3/5
f 13008/2/5 13002/2/5 13007/2/5
f 13009/2/5 13006/2/5 13005/2/5
f 13009/2/5 13005/2/5 13004/2/5
f 13009/2/5 13004/2/5 12986/2/5
f 13010/2/5 13006/2/5 13009/2/5
f 13011/2/5 13006/2/5 13010/2/5
f 13012/3/5 13007/3/5 12999/3/5
f 13012/3/5 13008/3/5 13007/3/5
f 13013/3/5 13008/3/5 13012/3/5
f 13014/3/5 13003/3/5 13008/3/5
f 13014/3/5 13008/3/5 13013/3/5
f 13015/2/5 13009/2/5 12986/2/5
f 13015/3/5 13010/3/5 13009/3/5
f 13016/3/5 13010/3/5 13015/3/5
f 13017/1/5 13011/1/5 13010/1/5
f 13017/3/5 13010/3/5 13016/3/5
f 13018/1/5 13011/1/5 13017/1/5
f 13019/1/5 13013/1/5 13012/1/5
f 13019/2/5 13014/2/5 13013/2/5
f 13020/3/5 13003/3/5 13014/3/5
f 13020/2/5 13014/2/5 13019/2/5
f 13021/2/5 13016/2/5 13015/2/5
f 13021/2/5 13015/2/5 12986/2/5
f 13022/1/5 13017/1/5 13016/1/5
f 13022/2/5 13016/2/5 13021/2/5
f 13023/2/5 13018/2/5 13017/2/5
f 13023/1/5 13017/1/5 13022/1/5
f 13024/2/5 13018/2/5 13023/2/5
f 13025/3/5 13012/3/5 12999/3/5
f 13026/1/5 13019/1/5 13012/1/5
f 13026/3/5 13012/3/5 13025/3/5
f 13026/1/5 13020/1/5 13019/1/5
f 13027/1/5 13020/1/5 13026/1/5
f 13028/3/5 13003/3/5 13020/3/5
f 13028/1/5 13020/1/5 13027/1/5
f 13029/3/5 13003/3/5 13028/3/5
f 13030/2/5 13021/2/5 12986/2/5
f 13031/3/5 13022/3/5 13021/3/5
f 13031/2/5 13021/2/5 13030/2/5
f 13032/2/5 13023/2/5 13022/2/5
f 13032/3/5 13022/3/5 13031/3/5
f 13033/3/5 13024/3/5 13023/3/5
f 13033/2/5 13023/2/5 13032/2/5
f 13034/3/5 13024/3/5 13033/3/5
f 13035/1/5 13027/1/5 13026/1/5
f 13035/1/5 13026/1/5 13025/1/5
f 13036/1/5 13027/1/5 13035/1/5
f 13037/2/5 13028/2/5 13027/2/5
f 13037/1/5 13027/1/5 13036/1/5
f 13038/1/5 13029/1/5 13028/1/5
f 13038/2/5 13028/2/5 13037/2/5
f 13039/1/5 13029/1/5 13038/1/5
f 13040/3/5 13031/3/5 13030/3/5
f 13041/2/5 13032/2/5 13031/2/5
f 13041/3/5 13031/3/5 13040/3/5
f 13042/1/5 13033/1/5 13032/1/5
f 13042/2/5 13032/2/5 13041/2/5
f 13043/2/5 13034/2/5 13033/2/5
f 13043/1/5 13033/1/5 13042/1/5
f 13044/2/5 13034/2/5 13043/2/5
f 13045/2/5 13036/2/5 13035/2/5
f 13046/1/5 13037/1/5 13036/1/5
f 13046/2/5 13036/2/5 13045/2/5
f 13046/1/5 13038/1/5 13037/1/5
f 13047/3/5 13039/3/5 13038/3/5
f 13047/1/5 13038/1/5 13046/1/5
f 13048/3/5 13039/3/5 13047/3/5
f 13049/1/5 13042/1/5 13041/1/5
f 13049/1/5 13041/1/5 13040/1/5
f 13050/2/5 13043/2/5 13042/2/5
f 13050/1/5 13042/1/5 13049/1/5
f 13051/3/5 13046/3/5 13045/3/5
f 13052/1/5 13048/1/5 13047/1/5
f 13052/3/5 13046/3/5 13051/3/5
f 13052/1/5 13047/1/5 13046/1/5
f 13053/1/5 13048/1/5 13052/1/5
f 13054/1/5 13048/1/5 13053/1/5
f 13055/1/5 13049/1/5 13040/1/5
f 13056/3/5 13050/3/5 13049/3/5
f 13056/1/5 13049/1/5 13055/1/5
f 13057/2/5 13043/2/5 13050/2/5
f 13057/3/5 13050/3/5 13056/3/5
f 13058/1/5 13044/1/5 13043/1/5
f 13058/2/5 13043/2/5 13057/2/5
f 13059/1/5 13044/1/5 13058/1/5
f 13060/2/5 13052/2/5 13051/2/5
f 13061/1/5 13053/1/5 13052/1/5
f 13061/2/5 13052/2/5 13060/2/5
f 13062/2/5 13054/2/5 13053/2/5
f 13062/1/5 13053/1/5 13061/1/5
f 13063/1/5 13048/1/5 13054/1/5
f 13063/2/5 13054/2/5 13062/2/5
f 13064/2/5 13056/2/5 13055/2/5
f 13064/3/5 13057/3/5 13056/3/5
f 13065/1/5 13058/1/5 13057/1/5
f 13065/3/5 13057/3/5 13064/3/5
f 13066/3/5 13059/3/5 13058/3/5
f 13066/1/5 13058/1/5 13065/1/5
f 13067/3/5 13063/3/5 13062/3/5
f 13067/3/5 13062/3/5 13061/3/5
f 13067/3/5 13061/3/5 13060/3/5
f 13068/3/5 13063/3/5 13067/3/5
f 13069/3/5 13063/3/5 13068/3/5
f 13070/1/5 13048/1/5 13063/1/5
f 13070/3/5 13063/3/5 13069/3/5
f 13071/1/5 13048/1/5 13070/1/5
f 13072/2/5 13064/2/5 13055/2/5
f 13073/1/5 13065/1/5 13064/1/5
f 13073/2/5 13064/2/5 13072/2/5
f 13074/2/5 13066/2/5 13065/2/5
f 13074/1/5 13065/1/5 13073/1/5
f 13075/3/5 13059/3/5 13066/3/5
f 13075/2/5 13066/2/5 13074/2/5
f 13076/3/5 13059/3/5 13075/3/5
f 13077/1/5 13068/1/5 13067/1/5
f 13078/3/5 13069/3/5 13068/3/5
f 13078/1/5 13068/1/5 13077/1/5
f 13079/1/5 13070/1/5 13069/1/5
f 13079/3/5 13069/3/5 13078/3/5
f 13080/2/5 13071/2/5 13070/2/5
f 13080/1/5 13070/1/5 13079/1/5
f 13081/2/5 13071/2/5 13080/2/5
f 13082/3/5 13074/3/5 13073/3/5
f 13082/3/5 13073/3/5 13072/3/5
f 13082/3/5 13075/3/5 13074/3/5
f 13083/3/5 13075/3/5 13082/3/5
f 13084/2/5 13076/2/5 13075/2/5
f 13084/3/5 13075/3/5 13083/3/5
f 13085/2/5 13076/2/5 13084/2/5
f 13086/3/5 13079/3/5 13078/3/5
f 13086/2/5 13078/2/5 13077/2/5
f 13087/2/5 13080/2/5 13079/2/5
f 13087/3/5 13079/3/5 13086/3/5
f 13088/1/5 13081/1/5 13080/1/5
f 13088/2/5 13080/2/5 13087/2/5
f 13089/1/5 13081/1/5 13088/1/5
f 13090/2/5 13083/2/5 13082/2/5
f 13091/3/5 13085/3/5 13084/3/5
f 13091/2/5 13083/2/5 13090/2/5
f 13091/3/5 13084/3/5 13083/3/5
f 13092/3/5 13085/3/5 13091/3/5
f 13093/3/5 13085/3/5 13092/3/5
f 13094/2/5 13087/2/5 13086/2/5
f 13094/3/5 13089/3/5 13088/3/5
f 13094/3/5 13088/3/5 13087/3/5
f 13095/3/5 13089/3/5 13094/3/5
f 13096/2/5 13090/2/5 13082/2/5
f 13097/1/5 13091/1/5 13090/1/5
f 13097/2/5 13090/2/5 13096/2/5
f 13098/2/5 13092/2/5 13091/2/5
f 13098/1/5 13091/1/5 13097/1/5
f 13099/1/5 13093/1/5 13092/1/5
f 13099/2/5 13092/2/5 13098/2/5
f 13100/1/5 13093/1/5 13099/1/5
f 13101/2/5 13086/2/5 13077/2/5
f 13101/2/5 13095/2/5 13094/2/5
f 13101/2/5 13094/2/5 13086/2/5
f 13102/2/5 13095/2/5 13101/2/5
f 13103/2/5 13095/2/5 13102/2/5
f 13104/2/5 13095/2/5 13103/2/5
f 13105/2/5 13095/2/5 13104/2/5
f 13106/1/5 13098/1/5 13097/1/5
f 13106/1/5 13097/1/5 13096/1/5
f 13107/3/5 13099/3/5 13098/3/5
f 13107/1/5 13098/1/5 13106/1/5
f 13108/2/5 13100/2/5 13099/2/5
f 13108/3/5 13099/3/5 13107/3/5
f 13109/2/5 13100/2/5 13108/2/5
f 13110/1/5 13102/1/5 13101/1/5
f 13111/3/5 13103/3/5 13102/3/5
f 13111/1/5 13102/1/5 13110/1/5
f 13112/2/5 13104/2/5 13103/2/5
f 13112/3/5 13103/3/5 13111/3/5
f 13113/1/5 13105/1/5 13104/1/5
f 13113/2/5 13104/2/5 13112/2/5
f 13114/1/5 13105/1/5 13113/1/5
f 13115/2/5 13107/2/5 13106/2/5
f 13116/1/5 13108/1/5 13107/1/5
f 13116/2/5 13107/2/5 13115/2/5
f 13116/1/5 13109/1/5 13108/1/5
f 13117/1/5 13109/1/5 13116/1/5
f 13118/3/5 13111/3/5 13110/3/5
f 13119/1/5 13112/1/5 13111/1/5
f 13119/3/5 13111/3/5 13118/3/5
f 13120/3/5 13114/3/5 13113/3/5
f 13120/1/5 13112/1/5 13119/1/5
f 13120/3/5 13113/3/5 13112/3/5
f 13121/3/5 13114/3/5 13120/3/5
f 13122/3/5 13117/3/5 13116/3/5
f 13122/3/5 13116/3/5 13115/3/5
f 13123/3/5 13117/3/5 13122/3/5
f 13124/3/5 13117/3/5 13123/3/5
f 13125/1/5 13109/1/5 13117/1/5
f 13125/3/5 13117/3/5 13124/3/5
f 13126/2/5 13119/2/5 13118/2/5
f 13127/3/5 13120/3/5 13119/3/5
f 13127/2/5 13119/2/5 13126/2/5
f 13128/1/5 13121/1/5 13120/1/5
f 13128/3/5 13120/3/5 13127/3/5
f 13129/3/5 13114/3/5 13121/3/5
f 13129/1/5 13121/1/5 13128/1/5
f 13130/2/5 13123/2/5 13122/2/5
f 13131/3/5 13124/3/5 13123/3/5
f 13131/2/5 13123/2/5 13130/2/5
f 13132/1/5 13125/1/5 13124/1/5
f 13132/3/5 13124/3/5 13131/3/5
f 13133/1/5 13109/1/5 13125/1/5
f 13133/1/5 13125/1/5 13132/1/5
f 13134/1/5 13128/1/5 13127/1/5
f 13134/1/5 13127/1/5 13126/1/5
f 13135/2/5 13129/2/5 13128/2/5
f 13135/1/5 13128/1/5 13134/1/5
f 13136/3/5 13114/3/5 13129/3/5
f 13136/2/5 13129/2/5 13135/2/5
f 13137/3/5 13114/3/5 13136/3/5
f 13138/3/5 13132/3/5 13131/3/5
f 13138/3/5 13133/3/5 13132/3/5
f 13138/3/5 13131/3/5 13130/3/5
f 13139/3/5 13133/3/5 13138/3/5
f 13140/1/5 13109/1/5 13133/1/5
f 13140/3/5 13133/3/5 13139/3/5
f 13141/1/5 13109/1/5 13140/1/5
f 13142/2/5 13135/2/5 13134/2/5
f 13143/2/5 13135/2/5 13142/2/5
f 13144/2/5 13139/2/5 13138/2/5
f 13145/3/5 13140/3/5 13139/3/5
f 13145/2/5 13139/2/5 13144/2/5
f 13146/2/5 13141/2/5 13140/2/5
f 13146/3/5 13140/3/5 13145/3/5
f 13147/3/5 13143/3/5 13142/3/5
f 13148/2/5 13135/2/5 13143/2/5
f 13148/3/5 13143/3/5 13147/3/5
f 13149/3/5 13136/3/5 13135/3/5
f 13149/2/5 13135/2/5 13148/2/5
f 13150/3/5 13145/3/5 13144/3/5
f 13151/1/5 13146/1/5 13145/1/5
f 13151/3/5 13145/3/5 13150/3/5
f 13152/1/5 13146/1/5 13151/1/5
f 13153/1/5 13148/1/5 13147/1/5
f 13153/1/5 13149/1/5 13148/1/5
f 13154/1/5 13149/1/5 13153/1/5
f 13155/3/5 13136/3/5 13149/3/5
f 13155/1/5 13149/1/5 13154/1/5
f 13156/2/5 13137/2/5 13136/2/5
f 13156/3/5 13136/3/5 13155/3/5
f 13157/1/5 13151/1/5 13150/1/5
f 13158/3/5 13152/3/5 13151/3/5
f 13158/1/5 13151/1/5 13157/1/5
f 13159/1/5 13146/1/5 13152/1/5
f 13159/3/5 13152/3/5 13158/3/5
f 13160/2/5 13141/2/5 13146/2/5
f 13160/1/5 13146/1/5 13159/1/5
f 13161/2/5 13141/2/5 13160/2/5
f 13162/3/5 13154/3/5 13153/3/5
f 13163/1/5 13155/1/5 13154/1/5
f 13163/3/5 13154/3/5 13162/3/5
f 13164/2/5 13156/2/5 13155/2/5
f 13164/1/5 13155/1/5 13163/1/5
f 13165/2/5 13137/2/5 13156/2/5
f 13165/2/5 13156/2/5 13164/2/5
f 13166/2/5 13163/2/5 13162/2/5
f 13167/3/5 13164/3/5 13163/3/5
f 13167/2/5 13163/2/5 13166/2/5
f 13168/1/5 13165/1/5 13164/1/5
f 13169/1/5 13165/1/5 13168/1/5
f 13170/3/5 13158/3/5 13157/3/5
f 13171/1/5 13159/1/5 13158/1/5
f 13171/3/5 13158/3/5 13170/3/5
f 13172/3/5 13160/3/5 13159/3/5
f 13172/1/5 13159/1/5 13171/1/5
f 13173/1/5 13161/1/5 13160/1/5
f 13173/3/5 13160/3/5 13172/3/5
f 13174/1/5 13161/1/5 13173/1/5
f 13175/3/5 13164/3/5 13167/3/5
f 13175/3/5 13167/3/5 13166/3/5
f 13176/1/5 13168/1/5 13164/1/5
f 13176/3/5 13164/3/5 13175/3/5
f 13177/3/5 13169/3/5 13168/3/5
f 13177/1/5 13168/1/5 13176/1/5
f 13178/3/5 13169/3/5 13177/3/5
f 13179/3/5 13172/3/5 13171/3/5
f 13179/2/5 13174/2/5 13173/2/5
f 13179/2/5 13173/2/5 13172/2/5
f 13180/2/5 13174/2/5 13179/2/5
f 13181/3/5 13175/3/5 13166/3/5
f 13182/1/5 13176/1/5 13175/1/5
f 13182/3/5 13175/3/5 13181/3/5
f 13183/2/5 13177/2/5 13176/2/5
f 13183/1/5 13176/1/5 13182/1/5
f 13184/1/5 13178/1/5 13177/1/5
f 13184/2/5 13177/2/5 13183/2/5
f 13185/1/5 13178/1/5 13184/1/5
f 13186/2/5 13171/2/5 13170/2/5
f 13187/3/5 13179/3/5 13171/3/5
f 13187/2/5 13171/2/5 13186/2/5
f 13188/1/5 13180/1/5 13179/1/5
f 13188/3/5 13179/3/5 13187/3/5
f 13189/2/5 13174/2/5 13180/2/5
f 13189/1/5 13180/1/5 13188/1/5
f 13190/2/5 13185/2/5 13184/2/5
f 13190/1/5 13183/1/5 13182/1/5
f 13190/1/5 13182/1/5 13181/1/5
f 13190/1/5 13184/1/5 13183/1/5
f 13191/2/5 13185/2/5 13190/2/5
f 13192/1/5 13187/1/5 13186/1/5
f 13193/2/5 13188/2/5 13187/2/5
f 13193/1/5 13187/1/5 13192/1/5
f 13193/2/5 13189/2/5 13188/2/5
f 13194/2/5 13174/2/5 13189/2/5
f 13194/2/5 13189/2/5 13193/2/5
f 13195/1/5 13190/1/5 13181/1/5
f 13195/1/5 13191/1/5 13190/1/5
f 13196/1/5 13191/1/5 13195/1/5
f 13197/1/5 13191/1/5 13196/1/5
f 13198/1/5 13191/1/5 13197/1/5
f 13199/3/5 13193/3/5 13192/3/5
f 13199/3/5 13194/3/5 13193/3/5
f 13200/3/5 13194/3/5 13199/3/5
f 13201/2/5 13174/2/5 13194/2/5
f 13201/3/5 13194/3/5 13200/3/5
f 13202/2/5 13174/2/5 13201/2/5
f 13203/2/5 13198/2/5 13197/2/5
f 13203/1/5 13197/1/5 13196/1/5
f 13204/1/5 13191/1/5 13198/1/5
f 13204/2/5 13198/2/5 13203/2/5
f 13205/1/5 13191/1/5 13204/1/5
f 13206/2/5 13200/2/5 13199/2/5
f 13207/3/5 13202/3/5 13201/3/5
f 13207/2/5 13200/2/5 13206/2/5
f 13207/3/5 13201/3/5 13200/3/5
f 13208/3/5 13202/3/5 13207/3/5
f 13209/3/5 13202/3/5 13208/3/5
f 13210/3/5 13202/3/5 13209/3/5
f 13211/1/5 13203/1/5 13196/1/5
f 13211/2/5 13196/2/5 13195/2/5
f 13212/3/5 13205/3/5 13204/3/5
f 13212/1/5 13203/1/5 13211/1/5
f 13212/3/5 13204/3/5 13203/3/5
f 13213/3/5 13205/3/5 13212/3/5
f 13214/3/5 13205/3/5 13213/3/5
f 13215/3/5 13207/3/5 13206/3/5
f 13216/1/5 13208/1/5 13207/1/5
f 13216/3/5 13207/3/5 13215/3/5
f 13217/3/5 13209/3/5 13208/3/5
f 13217/1/5 13208/1/5 13216/1/5
f 13218/1/5 13210/1/5 13209/1/5
f 13218/3/5 13209/3/5 13217/3/5
f 13219/2/5 13211/2/5 13195/2/5
f 13219/2/5 13212/2/5 13211/2/5
f 13220/3/5 13213/3/5 13212/3/5
f 13220/2/5 13212/2/5 13219/2/5
f 13221/2/5 13214/2/5 13213/2/5
f 13221/3/5 13213/3/5 13220/3/5
f 13222/2/5 13214/2/5 13221/2/5
f 13223/2/5 13216/2/5 13215/2/5
f 13224/3/5 13217/3/5 13216/3/5
f 13224/2/5 13216/2/5 13223/2/5
f 13225/1/5 13218/1/5 13217/1/5
f 13225/3/5 13217/3/5 13224/3/5
f 13226/1/5 13210/1/5 13218/1/5
f 13226/1/5 13218/1/5 13225/1/5
f 13227/2/5 13219/2/5 13195/2/5
f 13228/1/5 13220/1/5 13219/1/5
f 13228/2/5 13219/2/5 13227/2/5
f 13229/3/5 13222/3/5 13221/3/5
f 13229/3/5 13221/3/5 13220/3/5
f 13230/3/5 13222/3/5 13229/3/5
f 13231/3/5 13224/3/5 13223/3/5
f 13232/1/5 13225/1/5 13224/1/5
f 13232/3/5 13224/3/5 13231/3/5
f 13233/2/5 13226/2/5 13225/2/5
f 13233/1/5 13225/1/5 13232/1/5
f 13234/2/5 13226/2/5 13233/2/5
f 13235/3/5 13228/3/5 13227/3/5
f 13236/1/5 13220/1/5 13228/1/5
f 13236/3/5 13228/3/5 13235/3/5
f 13237/1/5 13232/1/5 13231/1/5
f 13238/3/5 13233/3/5 13232/3/5
f 13238/1/5 13232/1/5 13237/1/5
f 13238/3/5 13234/3/5 13233/3/5
f 13239/3/5 13234/3/5 13238/3/5
f 13240/3/5 13234/3/5 13239/3/5
f 13241/1/5 13236/1/5 13235/1/5
f 13242/1/5 13220/1/5 13236/1/5
f 13242/1/5 13236/1/5 13241/1/5
f 13243/3/5 13229/3/5 13220/3/5
f 13243/1/5 13220/1/5 13242/1/5
f 13244/2/5 13230/2/5 13229/2/5
f 13244/3/5 13229/3/5 13243/3/5
f 13245/2/5 13230/2/5 13244/2/5
f 13246/2/5 13238/2/5 13237/2/5
f 13246/1/5 13239/1/5 13238/1/5
f 13247/2/5 13240/2/5 13239/2/5
f 13247/1/5 13239/1/5 13246/1/5
f 13248/2/5 13240/2/5 13247/2/5
f 13249/2/5 13240/2/5 13248/2/5
f 13250/3/5 13242/3/5 13241/3/5
f 13251/2/5 13243/2/5 13242/2/5
f 13251/3/5 13242/3/5 13250/3/5
f 13252/1/5 13244/1/5 13243/1/5
f 13252/2/5 13243/2/5 13251/2/5
f 13253/3/5 13245/3/5 13244/3/5
f 13253/1/5 13244/1/5 13252/1/5
f 13254/3/5 13245/3/5 13253/3/5
f 13255/2/5 13246/2/5 13237/2/5
f 13255/2/5 13247/2/5 13246/2/5
f 13256/1/5 13248/1/5 13247/1/5
f 13256/2/5 13247/2/5 13255/2/5
f 13257/3/5 13249/3/5 13248/3/5
f 13257/1/5 13248/1/5 13256/1/5
f 13258/3/5 13249/3/5 13257/3/5
f 13259/1/5 13252/1/5 13251/1/5
f 13259/1/5 13251/1/5 13250/1/5
f 13259/1/5 13253/1/5 13252/1/5
f 13260/1/5 13253/1/5 13259/1/5
f 13261/1/5 13253/1/5 13260/1/5
f 13262/2/5 13254/2/5 13253/2/5
f 13262/1/5 13253/1/5 13261/1/5
f 13263/2/5 13254/2/5 13262/2/5
f 13266/3/5 13257/3/5 13256/3/5
f 13266/1/5 13256/1/5 13255/1/5
f 13267/1/5 13258/1/5 13257/1/5
f 13267/3/5 13257/3/5 13266/3/5
f 13268/1/5 13258/1/5 13267/1/5
f 13269/2/5 13261/2/5 13260/2/5
f 13270/1/5 13263/1/5 13262/1/5
f 13270/2/5 13261/2/5 13269/2/5
f 13270/1/5 13262/1/5 13261/1/5
f 13271/1/5 13263/1/5 13270/1/5
f 13272/2/5 13265/2/5 13264/2/5
f 13273/2/5 13265/2/5 13272/2/5
f 13277/2/5 13255/2/5 13237/2/5
f 13278/1/5 13266/1/5 13255/1/5
f 13278/2/5 13255/2/5 13277/2/5
f 13279/1/5 13266/1/5 13278/1/5
f 13280/3/5 13276/3/5 13275/3/5
f 13280/3/5 13275/3/5 13274/3/5
f 13280/1/5 13274/1/5 13273/1/5
f 13281/3/5 13276/3/5 13280/3/5
f 13282/1/5 13280/1/5 13273/1/5
f 13283/2/5 13281/2/5 13280/2/5
f 13283/1/5 13280/1/5 13282/1/5
f 13284/2/5 13281/2/5 13283/2/5
f 13285/3/5 13276/3/5 13281/3/5
f 13285/2/5 13281/2/5 13284/2/5
f 13286/3/5 13276/3/5 13285/3/5
f 13287/3/5 13283/3/5 13282/3/5
f 13288/2/5 13284/2/5 13283/2/5
f 13288/3/5 13283/3/5 13287/3/5
f 13289/3/5 13285/3/5 13284/3/5
f 13289/2/5 13284/2/5 13288/2/5
f 13290/1/5 13286/1/5 13285/1/5
f 13290/3/5 13285/3/5 13289/3/5
f 13291/1/5 13286/1/5 13290/1/5
f 13295/3/5 13293/3/5 13292/3/5
f 13296/3/5 13293/3/5 13295/3/5
f 13298/3/5 13295/3/5 13294/3/5
f 13299/3/5 13295/3/5 13298/3/5
f 13304/1/5 13300/1/5 13299/1/5
f 13304/3/5 13298/3/5 13297/3/5
f 13304/1/5 13299/1/5 13298/1/5
f 13305/1/5 13300/1/5 13304/1/5
f 13306/1/5 13300/1/5 13305/1/5
f 13307/2/5 13302/2/5 13301/2/5
f 13308/1/5 13303/1/5 13302/1/5
f 13308/2/5 13302/2/5 13307/2/5
f 13309/3/5 13304/3/5 13297/3/5
f 13310/2/5 13305/2/5 13304/2/5
f 13310/3/5 13304/3/5 13309/3/5
f 13311/2/5 13305/2/5 13310/2/5
f 13312/1/5 13308/1/5 13307/1/5
f 13313/1/5 13303/1/5 13308/1/5
f 13313/1/5 13308/1/5 13312/1/5
f 13314/1/5 13303/1/5 13313/1/5
f 13315/1/5 13310/1/5 13309/1/5
f 13316/1/5 13310/1/5 13315/1/5
f 13317/2/5 13314/2/5 13313/2/5
f 13318/2/5 13314/2/5 13317/2/5
f 13326/2/5 13320/2/5 13319/2/5
f 13327/3/5 13321/3/5 13320/3/5
f 13327/2/5 13320/2/5 13326/2/5
f 13328/3/5 13321/3/5 13327/3/5
f 13329/1/5 13323/1/5 13322/1/5
f 13330/1/5 13323/1/5 13329/1/5
f 13331/1/5 13323/1/5 13330/1/5
f 13335/1/5 13325/1/5 13324/1/5
f 13336/2/5 13326/2/5 13325/2/5
f 13336/1/5 13325/1/5 13335/1/5
f 13337/3/5 13327/3/5 13326/3/5
f 13337/2/5 13326/2/5 13336/2/5
f 13338/1/5 13328/1/5 13327/1/5
f 13338/3/5 13327/3/5 13337/3/5
f 13339/1/5 13328/1/5 13338/1/5
f 13340/1/5 13330/1/5 13329/1/5
f 13341/3/5 13331/3/5 13330/3/5
f 13341/1/5 13330/1/5 13340/1/5
f 13341/3/5 13332/3/5 13331/3/5
f 13342/3/5 13332/3/5 13341/3/5
f 13343/2/5 13333/2/5 13332/2/5
f 13343/3/5 13332/3/5 13342/3/5
f 13344/2/5 13333/2/5 13343/2/5
f 13348/3/5 13335/3/5 13334/3/5
f 13349/2/5 13337/2/5 13336/2/5
f 13349/2/5 13336/2/5 13335/2/5
f 13349/3/5 13335/3/5 13348/3/5
f 13350/2/5 13337/2/5 13349/2/5
f 13351/3/5 13343/3/5 13342/3/5
f 13352/1/5 13345/1/5 13344/1/5
f 13352/3/5 13343/3/5 13351/3/5
f 13352/1/5 13344/1/5 13343/1/5
f 13353/1/5 13345/1/5 13352/1/5
f 13354/1/5 13345/1/5 13353/1/5
f 13357/2/5 13347/2/5 13346/2/5
f 13358/3/5 13348/3/5 13347/3/5
f 13358/2/5 13347/2/5 13357/2/5
f 13359/3/5 13348/3/5 13358/3/5
f 13360/2/5 13355/2/5 13354/2/5
f 13361/1/5 13356/1/5 13355/1/5
f 13361/2/5 13355/2/5 13360/2/5
f 13363/1/5 13359/1/5 13358/1/5
f 13363/1/5 13358/1/5 13357/1/5
f 13364/1/5 13359/1/5 13363/1/5
f 13365/1/5 13359/1/5 13364/1/5
f 13366/1/5 13361/1/5 13360/1/5
f 13367/1/5 13356/1/5 13361/1/5
f 13367/1/5 13361/1/5 13366/1/5
f 13368/1/5 13356/1/5 13367/1/5
f 13370/3/5 13363/3/5 13362/3/5
f 13371/2/5 13364/2/5 13363/2/5
f 13371/3/5 13363/3/5 13370/3/5
f 13372/2/5 13364/2/5 13371/2/5
f 13375/3/5 13368/3/5 13367/3/5
f 13376/1/5 13369/1/5 13368/1/5
f 13376/3/5 13368/3/5 13375/3/5
f 13377/1/5 13369/1/5 13376/1/5
f 13378/2/5 13372/2/5 13371/2/5
f 13379/1/5 13373/1/5 13372/1/5
f 13379/2/5 13372/2/5 13378/2/5
f 13380/1/5 13373/1/5 13379/1/5
f 13381/3/5 13375/3/5 13374/3/5
f 13381/3/5 13376/3/5 13375/3/5
f 13382/3/5 13376/3/5 13381/3/5
f 13383/3/5 13376/3/5 13382/3/5
f 13384/3/5 13380/3/5 13379/3/5
f 13384/3/5 13379/3/5 13378/3/5
f 13385/3/5 13380/3/5 13384/3/5
f 13386/3/5 13380/3/5 13385/3/5
f 13387/1/5 13382/1/5 13381/1/5
f 13388/2/5 13383/2/5 13382/2/5
f 13388/1/5 13382/1/5 13387/1/5
f 13389/2/5 13383/2/5 13388/2/5
f 13390/2/5 13385/2/5 13384/2/5
f 13391/1/5 13386/1/5 13385/1/5
f 13391/2/5 13385/2/5 13390/2/5
f 13392/1/5 13386/1/5 13391/1/5
f 13393/1/5 13388/1/5 13387/1/5
f 13393/1/5 13389/1/5 13388/1/5
f 13394/1/5 13389/1/5 13393/1/5
f 13395/1/5 13389/1/5 13394/1/5
f 13396/1/5 13392/1/5 13391/1/5
f 13396/1/5 13391/1/5 13390/1/5
f 13397/1/5 13392/1/5 13396/1/5
f 13398/1/5 13392/1/5 13397/1/5
f 13399/1/5 13394/1/5 13393/1/5
f 13400/2/5 13395/2/5 13394/2/5
f 13400/1/5 13394/1/5 13399/1/5
f 13401/2/5 13395/2/5 13400/2/5
f 13402/3/5 13400/3/5 13399/3/5
f 13402/3/5 13401/3/5 13400/3/5
f 13403/3/5 13401/3/5 13402/3/5
f 13404/3/5 13398/3/5 13397/3/5
f 13404/2/5 13397/2/5 13396/2/5
f 13405/3/5 13398/3/5 13404/3/5
f 13406/2/5 13403/2/5 13402/2/5
f 13407/2/5 13403/2/5 13406/2/5
f 13408/2/5 13403/2/5 13407/2/5
f 13409/2/5 13405/2/5 13404/2/5
f 13409/2/5 13404/2/5 13396/2/5
f 13410/2/5 13405/2/5 13409/2/5
f 13411/2/5 13405/2/5 13410/2/5
f 13412/3/5 13407/3/5 13406/3/5
f 13413/1/5 13408/1/5 13407/1/5
f 13413/3/5 13407/3/5 13412/3/5
f 13414/1/5 13408/1/5 13413/1/5
f 13415/3/5 13410/3/5 13409/3/5
f 13416/1/5 13411/1/5 13410/1/5
f 13416/3/5 13410/3/5 13415/3/5
f 13417/1/5 13411/1/5 13416/1/5
f 13418/1/5 13413/1/5 13412/1/5
f 13419/3/5 13414/3/5 13413/3/5
f 13419/1/5 13413/1/5 13418/1/5
f 13420/2/5 13416/2/5 13415/2/5
f 13421/3/5 13417/3/5 13416/3/5
f 13421/2/5 13416/2/5 13420/2/5
f 13422/3/5 13417/3/5 13421/3/5
f 13423/2/5 13419/2/5 13418/2/5
f 13424/3/5 13414/3/5 13419/3/5
f 13424/2/5 13419/2/5 13423/2/5
f 13425/3/5 13414/3/5 13424/3/5
f 13426/1/5 13421/1/5 13420/1/5
f 13427/3/5 13422/3/5 13421/3/5
f 13427/1/5 13421/1/5 13426/1/5
f 13428/3/5 13422/3/5 13427/3/5
f 13429/2/5 13424/2/5 13423/2/5
f 13429/2/5 13425/2/5 13424/2/5
f 13430/2/5 13425/2/5 13429/2/5
f 13431/2/5 13425/2/5 13430/2/5
f 13432/2/5 13428/2/5 13427/2/5
f 13432/2/5 13427/2/5 13426/2/5
f 13433/2/5 13428/2/5 13432/2/5
f 13434/3/5 13430/3/5 13429/3/5
f 13435/1/5 13431/1/5 13430/1/5
f 13435/3/5 13430/3/5 13434/3/5
f 13436/1/5 13431/1/5 13435/1/5
f 13437/2/5 13432/2/5 13426/2/5
f 13438/1/5 13433/1/5 13432/1/5
f 13438/2/5 13432/2/5 13437/2/5
f 13439/1/5 13433/1/5 13438/1/5
f 13440/3/5 13435/3/5 13434/3/5
f 13441/2/5 13436/2/5 13435/2/5
f 13441/3/5 13435/3/5 13440/3/5
f 13442/3/5 13438/3/5 13437/3/5
f 13443/2/5 13439/2/5 13438/2/5
f 13443/3/5 13438/3/5 13442/3/5
f 13444/2/5 13439/2/5 13443/2/5
f 13445/2/5 13441/2/5 13440/2/5
f 13446/2/5 13436/2/5 13441/2/5
f 13446/2/5 13441/2/5 13445/2/5
f 13447/2/5 13436/2/5 13446/2/5
f 13448/1/5 13443/1/5 13442/1/5
f 13449/3/5 13444/3/5 13443/3/5
f 13449/1/5 13443/1/5 13448/1/5
f 13450/3/5 13444/3/5 13449/3/5
f 13451/2/5 13446/2/5 13445/2/5
f 13452/1/5 13447/1/5 13446/1/5
f 13452/2/5 13446/2/5 13451/2/5
f 13453/1/5 13447/1/5 13452/1/5
f 13454/3/5 13449/3/5 13448/3/5
f 13455/1/5 13450/1/5 13449/1/5
f 13455/3/5 13449/3/5 13454/3/5
f 13456/1/5 13450/1/5 13455/1/5
f 13457/1/5 13452/1/5 13451/1/5
f 13458/3/5 13453/3/5 13452/3/5
f 13458/1/5 13452/1/5 13457/1/5
f 13459/1/5 13455/1/5 13454/1/5
f 13460/3/5 13456/3/5 13455/3/5
f 13460/1/5 13455/1/5 13459/1/5
f 13461/3/5 13456/3/5 13460/3/5
f 13462/2/5 13458/2/5 13457/2/5
f 13463/3/5 13453/3/5 13458/3/5
f 13463/2/5 13458/2/5 13462/2/5
f 13464/3/5 13453/3/5 13463/3/5
f 13465/1/5 13461/1/5 13460/1/5
f 13466/2/5 13463/2/5 13462/2/5
f 13466/2/5 13464/2/5 13463/2/5
f 13467/2/5 13460/2/5 13459/2/5
f 13468/1/5 13465/1/5 13460/1/5
f 13468/2/5 13460/2/5 13467/2/5
f 13469/1/5 13465/1/5 13468/1/5
f 13470/2/5 13464/2/5 13466/2/5
f 13471/2/5 13464/2/5 13470/2/5
f 13472/1/5 13468/1/5 13467/1/5
f 13473/3/5 13469/3/5 13468/3/5
f 13473/1/5 13468/1/5 13472/1/5
f 13474/3/5 13469/3/5 13473/3/5
f 13475/1/5 13471/1/5 13470/1/5
f 13476/2/5 13464/2/5 13471/2/5
f 13476/1/5 13471/1/5 13475/1/5
f 13477/2/5 13464/2/5 13476/2/5
f 13478/2/5 13473/2/5 13472/2/5
f 13479/3/5 13474/3/5 13473/3/5
f 13479/2/5 13473/2/5 13478/2/5
f 13480/3/5 13474/3/5 13479/3/5
f 13481/3/5 13476/3/5 13475/3/5
f 13482/1/5 13477/1/5 13476/1/5
f 13482/3/5 13476/3/5 13481/3/5
f 13483/1/5 13477/1/5 13482/1/5
f 13484/3/5 13479/3/5 13478/3/5
f 13485/2/5 13480/2/5 13479/2/5
f 13485/3/5 13479/3/5 13484/3/5
f 13486/2/5 13480/2/5 13485/2/5
f 13487/2/5 13482/2/5 13481/2/5
f 13487/2/5 13483/2/5 13482/2/5
f 13488/2/5 13485/2/5 13484/2/5
f 13489/3/5 13486/3/5 13485/3/5
f 13489/2/5 13485/2/5 13488/2/5
f 13490/3/5 13486/3/5 13489/3/5
f 13491/2/5 13483/2/5 13487/2/5
f 13492/2/5 13483/2/5 13491/2/5
f 13493/2/5 13483/2/5 13492/2/5
f 13494/2/5 13490/2/5 13489/2/5
f 13495/3/5 13492/3/5 13491/3/5
f 13496/1/5 13493/1/5 13492/1/5
f 13496/3/5 13492/3/5 13495/3/5
f 13497/1/5 13489/1/5 13488/1/5
f 13498/2/5 13494/2/5 13489/2/5
f 13498/1/5 13489/1/5 13497/1/5
f 13499/2/5 13494/2/5 13498/2/5
f 13500/1/5 13496/1/5 13495/1/5
f 13501/1/5 13493/1/5 13496/1/5
f 13501/1/5 13496/1/5 13500/1/5
f 13502/1/5 13493/1/5 13501/1/5
f 13503/3/5 13498/3/5 13497/3/5
f 13504/2/5 13499/2/5 13498/2/5
f 13504/3/5 13498/3/5 13503/3/5
f 13505/2/5 13499/2/5 13504/2/5
f 13506/1/5 13501/1/5 13500/1/5
f 13507/2/5 13502/2/5 13501/2/5
f 13507/1/5 13501/1/5 13506/1/5
f 13508/2/5 13505/2/5 13504/2/5
f 13508/1/5 13504/1/5 13503/1/5
f 13509/2/5 13505/2/5 13508/2/5
f 13510/3/5 13507/3/5 13506/3/5
f 13511/2/5 13502/2/5 13507/2/5
f 13511/3/5 13507/3/5 13510/3/5
f 13512/2/5 13502/2/5 13511/2/5
f 13513/1/5 13509/1/5 13508/1/5
f 13513/1/5 13508/1/5 13503/1/5
f 13514/1/5 13509/1/5 13513/1/5
f 13515/2/5 13511/2/5 13510/2/5
f 13516/3/5 13512/3/5 13511/3/5
f 13516/2/5 13511/2/5 13515/2/5
f 13517/3/5 13512/3/5 13516/3/5
f 13518/2/5 13514/2/5 13513/2/5
f 13519/2/5 13514/2/5 13518/2/5
f 13520/1/5 13516/1/5 13515/1/5
f 13520/1/5 13517/1/5 13516/1/5
f 13521/1/5 13517/1/5 13520/1/5
f 13522/3/5 13519/3/5 13518/3/5
f 13523/3/5 13519/3/5 13522/3/5
f 13524/2/5 13521/2/5 13520/2/5
f 13525/2/5 13521/2/5 13524/2/5
f 13526/3/5 13522/3/5 13518/3/5
f 13527/2/5 13523/2/5 13522/2/5
f 13527/3/5 13522/3/5 13526/3/5
f 13528/2/5 13523/2/5 13527/2/5
f 13529/1/5 13525/1/5 13524/1/5
f 13530/2/5 13521/2/5 13525/2/5
f 13530/1/5 13525/1/5 13529/1/5
f 13531/2/5 13521/2/5 13530/2/5
f 13532/2/5 13528/2/5 13527/2/5
f 13532/1/5 13527/1/5 13526/1/5
f 13533/2/5 13528/2/5 13532/2/5
f 13534/2/5 13530/2/5 13529/2/5
f 13535/1/5 13531/1/5 13530/1/5
f 13535/2/5 13530/2/5 13534/2/5
f 13536/1/5 13531/1/5 13535/1/5
f 13537/1/5 13532/1/5 13526/1/5
f 13538/3/5 13533/3/5 13532/3/5
f 13538/1/5 13532/1/5 13537/1/5
f 13539/1/5 13535/1/5 13534/1/5
f 13540/2/5 13536/2/5 13535/2/5
f 13540/1/5 13535/1/5 13539/1/5
f 13541/3/5 13538/3/5 13537/3/5
f 13542/3/5 13533/3/5 13538/3/5
f 13542/3/5 13538/3/5 13541/3/5
f 13543/3/5 13533/3/5 13542/3/5
f 13544/3/5 13540/3/5 13539/3/5
f 13545/2/5 13536/2/5 13540/2/5
f 13545/3/5 13540/3/5 13544/3/5
f 13546/2/5 13536/2/5 13545/2/5
f 13547/1/5 13543/1/5 13542/1/5
f 13548/1/5 13545/1/5 13544/1/5
f 13548/1/5 13546/1/5 13545/1/5
f 13549/1/5 13547/1/5 13542/1/5
f 13550/1/5 13546/1/5 13548/1/5
f 13551/1/5 13546/1/5 13550/1/5
f 13552/2/5 13542/2/5 13541/2/5
f 13553/1/5 13549/1/5 13542/1/5
f 13553/2/5 13542/2/5 13552/2/5
f 13554/1/5 13549/1/5 13553/1/5
f 13555/2/5 13551/2/5 13550/2/5
f 13556/2/5 13551/2/5 13555/2/5
f 13557/2/5 13551/2/5 13556/2/5
f 13558/1/5 13554/1/5 13553/1/5
f 13558/1/5 13553/1/5 13552/1/5
f 13559/2/5 13556/2/5 13555/2/5
f 13560/1/5 13557/1/5 13556/1/5
f 13560/2/5 13556/2/5 13559/2/5
f 13561/1/5 13557/1/5 13560/1/5
f 13562/1/5 13558/1/5 13552/1/5
f 13563/1/5 13558/1/5 13562/1/5
f 13564/1/5 13560/1/5 13559/1/5
f 13565/2/5 13561/2/5 13560/2/5
f 13565/1/5 13560/1/5 13564/1/5
f 13566/2/5 13561/2/5 13565/2/5
f 13571/2/5 13568/2/5 13567/2/5
f 13572/3/5 13570/3/5 13569/3/5
f 13573/3/5 13570/3/5 13572/3/5
f 13574/2/5 13571/2/5 13567/2/5
f 13575/2/5 13571/2/5 13574/2/5
f 13579/2/5 13573/2/5 13572/2/5
f 13580/2/5 13573/2/5 13579/2/5
f 13581/2/5 13578/2/5 13577/2/5
f 13581/2/5 13577/2/5 13576/2/5
f 13582/1/5 13579/1/5 13578/1/5
f 13582/2/5 13578/2/5 13581/2/5
f 13583/1/5 13579/1/5 13582/1/5
f 13584/1/5 13576/1/5 13575/1/5
f 13585/2/5 13581/2/5 13576/2/5
f 13585/1/5 13576/1/5 13584/1/5
f 13586/1/5 13582/1/5 13581/1/5
f 13586/2/5 13581/2/5 13585/2/5
f 13587/3/5 13583/3/5 13582/3/5
f 13587/1/5 13582/1/5 13586/1/5
f 13588/3/5 13583/3/5 13587/3/5
f 13594/1/5 13590/1/5 13589/1/5
f 13595/1/5 13590/1/5 13594/1/5
f 13596/2/5 13591/2/5 13590/2/5
f 13596/1/5 13590/1/5 13595/1/5
f 13597/2/5 13591/2/5 13596/2/5
f 13598/3/5 13593/3/5 13592/3/5
f 13599/3/5 13593/3/5 13598/3/5
f 13601/2/5 13595/2/5 13594/2/5
f 13601/1/5 13596/1/5 13595/1/5
f 13602/1/5 13596/1/5 13601/1/5
f 13603/1/5 13599/1/5 13598/1/5
f 13603/1/5 13598/1/5 13597/1/5
f 13604/1/5 13599/1/5 13603/1/5
f 13605/3/5 13600/3/5 13599/3/5
f 13605/1/5 13599/1/5 13604/1/5
f 13606/3/5 13600/3/5 13605/3/5
f 13607/2/5 13601/2/5 13594/2/5
f 13608/2/5 13601/2/5 13607/2/5
f 13609/1/5 13603/1/5 13602/1/5
f 13610/2/5 13604/2/5 13603/2/5
f 13610/1/5 13603/1/5 13609/1/5
f 13611/1/5 13606/1/5 13605/1/5
f 13611/2/5 13604/2/5 13610/2/5
f 13611/1/5 13605/1/5 13604/1/5
f 13612/1/5 13606/1/5 13611/1/5
f 13613/1/5 13606/1/5 13612/1/5
f 13614/2/5 13611/2/5 13610/2/5
f 13615/2/5 13611/2/5 13614/2/5
f 13622/1/5 13617/1/5 13616/1/5
f 13623/1/5 13617/1/5 13622/1/5
f 13624/2/5 13619/2/5 13618/2/5
f 13625/3/5 13620/3/5 13619/3/5
f 13625/2/5 13619/2/5 13624/2/5
f 13626/3/5 13620/3/5 13625/3/5
f 13630/3/5 13622/3/5 13621/3/5
f 13631/2/5 13623/2/5 13622/2/5
f 13631/3/5 13622/3/5 13630/3/5
f 13632/2/5 13623/2/5 13631/2/5
f 13633/2/5 13623/2/5 13632/2/5
f 13634/1/5 13625/1/5 13624/1/5
f 13635/2/5 13626/2/5 13625/2/5
f 13635/1/5 13625/1/5 13634/1/5
f 13635/2/5 13627/2/5 13626/2/5
f 13636/2/5 13627/2/5 13635/2/5
f 13637/2/5 13627/2/5 13636/2/5
f 13640/1/5 13629/1/5 13628/1/5
f 13641/2/5 13630/2/5 13629/2/5
f 13641/1/5 13629/1/5 13640/1/5
f 13642/3/5 13631/3/5 13630/3/5
f 13642/2/5 13630/2/5 13641/2/5
f 13643/3/5 13631/3/5 13642/3/5
f 13644/1/5 13637/1/5 13636/1/5
f 13645/3/5 13638/3/5 13637/3/5
f 13645/1/5 13637/1/5 13644/1/5
f 13646/3/5 13638/3/5 13645/3/5
f 13647/3/5 13638/3/5 13646/3/5
f 13650/1/5 13640/1/5 13639/1/5
f 13651/3/5 13641/3/5 13640/3/5
f 13651/1/5 13640/1/5 13650/1/5
f 13652/3/5 13641/3/5 13651/3/5
f 13653/2/5 13647/2/5 13646/2/5
f 13654/3/5 13648/3/5 13647/3/5
f 13654/2/5 13647/2/5 13653/2/5
f 13655/3/5 13648/3/5 13654/3/5
f 13658/1/5 13650/1/5 13649/1/5
f 13658/1/5 13651/1/5 13650/1/5
f 13659/1/5 13651/1/5 13658/1/5
f 13660/1/5 13651/1/5 13659/1/5
f 13661/2/5 13656/2/5 13655/2/5
f 13661/2/5 13655/2/5 13654/2/5
f 13662/2/5 13656/2/5 13661/2/5
f 13663/2/5 13656/2/5 13662/2/5
f 13665/3/5 13658/3/5 13657/3/5
f 13666/3/5 13658/3/5 13665/3/5
f 13667/3/5 13664/3/5 13663/3/5
f 13668/3/5 13664/3/5 13667/3/5
f 13670/2/5 13666/2/5 13665/2/5
f 13671/2/5 13666/2/5 13670/2/5
f 13672/1/5 13668/1/5 13667/1/5
f 13673/1/5 13668/1/5 13672/1/5
f 13675/2/5 13670/2/5 13669/2/5
f 13676/2/5 13670/2/5 13675/2/5
f 13679/3/5 13674/3/5 13673/3/5
f 13680/3/5 13674/3/5 13679/3/5
f 13681/2/5 13677/2/5 13676/2/5
f 13682/3/5 13679/3/5 13678/3/5
f 13683/2/5 13681/2/5 13676/2/5
f 13684/3/5 13679/3/5 13682/3/5
f 13685/3/5 13679/3/5 13684/3/5
f 13686/2/5 13683/2/5 13676/2/5
f 13687/2/5 13685/2/5 13684/2/5
f 13688/2/5 13685/2/5 13687/2/5
f 13689/2/5 13686/2/5 13676/2/5
f 13690/2/5 13686/2/5 13689/2/5
f 13691/1/5 13688/1/5 13687/1/5
f 13692/1/5 13688/1/5 13691/1/5
f 13693/3/5 13690/3/5 13689/3/5
f 13694/3/5 13690/3/5 13693/3/5
f 13695/3/5 13692/3/5 13691/3/5
f 13696/3/5 13692/3/5 13695/3/5
f 13697/2/5 13696/2/5 13695/2/5
f 13698/2/5 13696/2/5 13697/2/5
f 13699/1/5 13694/1/5 13693/1/5
f 13700/1/5 13694/1/5 13699/1/5
f 13701/1/5 13698/1/5 13697/1/5
f 13702/1/5 13698/1/5 13701/1/5
f 13703/3/5 13700/3/5 13699/3/5
f 13704/3/5 13700/3/5 13703/3/5
f 13705/2/5 13702/2/5 13701/2/5
f 13706/2/5 13702/2/5 13705/2/5
f 13707/1/5 13704/1/5 13703/1/5
f 13708/1/5 13704/1/5 13707/1/5
f 13709/3/5 13706/3/5 13705/3/5
f 13710/2/5 13708/2/5 13707/2/5
f 13711/2/5 13708/2/5 13710/2/5
f 13712/3/5 13706/3/5 13709/3/5
f 13713/3/5 13706/3/5 13712/3/5
f 13714/1/5 13713/1/5 13712/1/5
f 13715/1/5 13713/1/5 13714/1/5
f 13716/3/5 13711/3/5 13710/3/5
f 13717/3/5 13715/3/5 13714/3/5
f 13718/3/5 13715/3/5 13717/3/5
f 13719/3/5 13716/3/5 13710/3/5
f 13720/1/5 13718/1/5 13717/1/5
f 13721/1/5 13718/1/5 13720/1/5
f 13722/3/5 13719/3/5 13710/3/5
f 13723/3/5 13719/3/5 13722/3/5
f 13724/3/5 13721/3/5 13720/3/5
f 13725/3/5 13721/3/5 13724/3/5
f 13726/2/5 13723/2/5 13722/2/5
f 13727/2/5 13723/2/5 13726/2/5
f 13728/1/5 13727/1/5 13726/1/5
f 13729/1/5 13727/1/5 13728/1/5
f 13730/2/5 13725/2/5 13724/2/5
f 13731/2/5 13725/2/5 13730/2/5
f 13732/3/5 13729/3/5 13728/3/5
f 13733/3/5 13729/3/5 13732/3/5
f 13734/3/5 13731/3/5 13730/3/5
f 13735/3/5 13731/3/5 13734/3/5
f 13736/2/5 13733/2/5 13732/2/5
f 13737/2/5 13733/2/5 13736/2/5
f 13738/1/5 13735/1/5 13734/1/5
f 13739/1/5 13735/1/5 13738/1/5
f 13740/3/5 13737/3/5 13736/3/5
f 13741/3/5 13737/3/5 13740/3/5
f 13742/3/5 13739/3/5 13738/3/5
f 13743/3/5 13739/3/5 13742/3/5
f 13744/1/5 13741/1/5 13740/1/5
f 13745/2/5 13743/2/5 13742/2/5
f 13746/2/5 13743/2/5 13745/2/5
f 13747/1/5 13744/1/5 13740/1/5
f 13748/1/5 13744/1/5 13747/1/5
f 13749/1/5 13746/1/5 13745/1/5
f 13750/1/5 13746/1/5 13749/1/5
f 13751/3/5 13748/3/5 13747/3/5
f 13752/3/5 13748/3/5 13751/3/5
f 13753/2/5 13750/2/5 13749/2/5
f 13754/2/5 13750/2/5 13753/2/5
f 13755/3/5 13754/3/5 13753/3/5
f 13756/3/5 13754/3/5 13755/3/5
f 13757/1/5 13752/1/5 13751/1/5
f 13758/2/5 13756/2/5 13755/2/5
f 13759/2/5 13756/2/5 13758/2/5
f 13760/1/5 13757/1/5 13751/1/5
f 13761/1/5 13759/1/5 13758/1/5
f 13762/1/5 13759/1/5 13761/1/5
f 13763/1/5 13760/1/5 13751/1/5
f 13764/1/5 13760/1/5 13763/1/5
f 13765/3/5 13762/3/5 13761/3/5
f 13766/2/5 13764/2/5 13763/2/5
f 13767/2/5 13764/2/5 13766/2/5
f 13768/3/5 13762/3/5 13765/3/5
f 13769/3/5 13762/3/5 13768/3/5
f 13770/1/5 13767/1/5 13766/1/5
f 13771/1/5 13767/1/5 13770/1/5
f 13772/2/5 13771/2/5 13770/2/5
f 13773/2/5 13771/2/5 13772/2/5
f 13774/2/5 13769/2/5 13768/2/5
f 13775/2/5 13769/2/5 13774/2/5
f 13776/1/5 13775/1/5 13774/1/5
f 13777/1/5 13775/1/5 13776/1/5
f 13778/3/5 13773/3/5 13772/3/5
f 13779/3/5 13773/3/5 13778/3/5
f 13780/2/5 13777/2/5 13776/2/5
f 13781/2/5 13777/2/5 13780/2/5
f 13782/2/5 13779/2/5 13778/2/5
f 13783/2/5 13779/2/5 13782/2/5
f 13784/3/5 13781/3/5 13780/3/5
f 13785/1/5 13783/1/5 13782/1/5
f 13786/1/5 13783/1/5 13785/1/5
f 13787/3/5 13781/3/5 13784/3/5
f 13788/3/5 13781/3/5 13787/3/5
f 13789/1/5 13788/1/5 13787/1/5
f 13790/1/5 13788/1/5 13789/1/5
f 13791/2/5 13786/2/5 13785/2/5
f 13792/2/5 13790/2/5 13789/2/5
f 13793/2/5 13790/2/5 13792/2/5
f 13794/2/5 13791/2/5 13785/2/5
f 13795/2/5 13791/2/5 13794/2/5
f 13796/3/5 13793/3/5 13792/3/5
f 13797/3/5 13793/3/5 13796/3/5
f 13798/1/5 13795/1/5 13794/1/5
f 13799/1/5 13795/1/5 13798/1/5
f 13800/2/5 13797/2/5 13796/2/5
f 13801/2/5 13797/2/5 13800/2/5
f 13806/3/5 13803/3/5 13802/3/5
f 13807/3/5 13803/3/5 13806/3/5
f 13808/1/5 13805/1/5 13804/1/5
f 13809/1/5 13805/1/5 13808/1/5
f 13810/1/5 13807/1/5 13806/1/5
f 13811/1/5 13807/1/5 13810/1/5
f 13815/3/5 13809/3/5 13808/3/5
f 13816/3/5 13809/3/5 13815/3/5
f 13817/2/5 13812/2/5 13811/2/5
f 13818/1/5 13813/1/5 13812/1/5
f 13818/2/5 13812/2/5 13817/2/5
f 13819/3/5 13814/3/5 13813/3/5
f 13819/1/5 13813/1/5 13818/1/5
f 13820/2/5 13815/2/5 13814/2/5
f 13820/3/5 13814/3/5 13819/3/5
f 13821/3/5 13819/3/5 13818/3/5
f 13822/1/5 13820/1/5 13819/1/5
f 13822/3/5 13819/3/5 13821/3/5
f 13823/2/5 13815/2/5 13820/2/5
f 13823/1/5 13820/1/5 13822/1/5
f 13824/2/5 13815/2/5 13823/2/5
f 13825/1/5 13822/1/5 13821/1/5
f 13825/1/5 13823/1/5 13822/1/5
f 13825/1/5 13824/1/5 13823/1/5
f 13826/1/5 13824/1/5 13825/1/5
f 13832/4/5 13828/4/5 13827/4/5
f 13833/4/5 13830/4/5 13829/4/5
f 13834/4/5 13830/4/5 13833/4/5
f 13835/4/5 13832/4/5 13831/4/5
f 13836/4/5 13828/4/5 13832/4/5
f 13836/4/5 13832/4/5 13835/4/5
f 13837/4/5 13828/4/5 13836/4/5
f 13838/4/5 13836/4/5 13835/4/5
f 13839/4/5 13836/4/5 13838/4/5
f 13840/4/5 13828/4/5 13837/4/5
f 13841/4/5 13828/4/5 13840/4/5
f 13847/4/5 13843/4/5 13842/4/5
f 13848/4/5 13845/4/5 13844/4/5
f 13849/4/5 13845/4/5 13848/4/5
f 13852/4/5 13847/4/5 13846/4/5
f 13853/4/5 13843/4/5 13847/4/5
f 13853/4/5 13847/4/5 13852/4/5
f 13854/4/5 13843/4/5 13853/4/5
f 13855/4/5 13850/4/5 13849/4/5
f 13855/4/5 13849/4/5 13848/4/5
f 13856/4/5 13850/4/5 13855/4/5
f 13857/4/5 13850/4/5 13856/4/5
f 13858/4/5 13850/4/5 13857/4/5
f 13861/4/5 13852/4/5 13851/4/5
f 13861/4/5 13853/4/5 13852/4/5
f 13862/4/5 13853/4/5 13861/4/5
f 13863/4/5 13853/4/5 13862/4/5
f 13864/4/5 13859/4/5 13858/4/5
f 13864/4/5 13858/4/5 13857/4/5
f 13865/4/5 13859/4/5 13864/4/5
f 13866/4/5 13859/4/5 13865/4/5
f 13869/4/5 13862/4/5 13861/4/5
f 13869/4/5 13861/4/5 13860/4/5
f 13870/4/5 13862/4/5 13869/4/5
f 13871/4/5 13862/4/5 13870/4/5
f 13872/4/5 13867/4/5 13866/4/5
f 13872/4/5 13866/4/5 13865/4/5
f 13873/4/5 13867/4/5 13872/4/5
f 13876/4/5 13869/4/5 13868/4/5
f 13877/4/5 13869/4/5 13876/4/5
f 13878/4/5 13874/4/5 13873/4/5
f 13879/4/5 13874/4/5 13878/4/5
f 13882/4/5 13876/4/5 13875/4/5
f 13883/4/5 13876/4/5 13882/4/5
f 13884/4/5 13880/4/5 13879/4/5
f 13885/4/5 13880/4/5 13884/4/5
f 13888/4/5 13882/4/5 13881/4/5
f 13889/4/5 13882/4/5 13888/4/5
f 13890/4/5 13886/4/5 13885/4/5
f 13891/4/5 13886/4/5 13890/4/5
f 13894/4/5 13888/4/5 13887/4/5
f 13895/4/5 13888/4/5 13894/4/5
f 13896/4/5 13892/4/5 13891/4/5
f 13897/4/5 13892/4/5 13896/4/5
f 13899/4/5 13895/4/5 13894/4/5
f 13899/4/5 13894/4/5 13893/4/5
f 13900/4/5 13895/4/5 13899/4/5
f 13901/4/5 13898/4/5 13897/4/5
f 13901/4/5 13897/4/5 13896/4/5
f 13902/4/5 13898/4/5 13901/4/5
f 13903/4/5 13899/4/5 13893/4/5
f 13904/4/5 13899/4/5 13903/4/5
f 13907/4/5 13898/4/5 13902/4/5
f 13908/4/5 13898/4/5 13907/4/5
f 13909/4/5 13907/4/5 13906/4/5
f 13910/4/5 13907/4/5 13909/4/5
f 13911/4/5 13905/4/5 13904/4/5
f 13912/4/5 13907/4/5 13910/4/5
f 13913/4/5 13911/4/5 13904/4/5
f 13914/4/5 13907/4/5 13912/4/5
f 13915/4/5 13907/4/5 13914/4/5
f 13916/4/5 13913/4/5 13904/4/5
f 13917/4/5 13907/4/5 13915/4/5
f 13918/4/5 13916/4/5 13904/4/5
f 13919/4/5 13907/4/5 13917/4/5
f 13920/4/5 13918/4/5 13904/4/5
f 13921/4/5 13920/4/5 13904/4/5
f 13922/4/5 13907/4/5 13919/4/5
f 13923/4/5 13907/4/5 13922/4/5
f 13924/4/5 13907/4/5 13923/4/5
f 13925/4/5 13907/4/5 13924/4/5
f 13926/4/5 13921/4/5 13904/4/5
f 13927/4/5 13907/4/5 13925/4/5
f 13928/4/5 13926/4/5 13904/4/5
f 13929/4/5 13928/4/5 13904/4/5
f 13930/4/5 13907/4/5 13927/4/5
f 13931/4/5 13929/4/5 13904/4/5
f 13932/4/5 13907/4/5 13930/4/5
f 13933/4/5 13931/4/5 13904/4/5
f 13934/4/5 13907/4/5 13932/4/5
f 13935/4/5 13933/4/5 13904/4/5
f 13936/4/5 13907/4/5 13934/4/5
f 13937/4/5 13907/4/5 13936/4/5
f 13938/4/5 13935/4/5 13904/4/5
f 13939/4/5 13907/4/5 13937/4/5
f 13940/4/5 13938/4/5 13904/4/5
f 13941/4/5 13907/4/5 13939/4/5
f 13942/4/5 13907/4/5 13941/4/5
f 13943/4/5 13907/4/5 13942/4/5
f 13944/4/5 13907/4/5 13943/4/5
f 13945/4/5 13940/4/5 13904/4/5
f 13946/4/5 13945/4/5 13904/4/5
f 13947/4/5 13907/4/5 13944/4/5
f 13948/4/5 13946/4/5 13904/4/5
f 13949/4/5 13948/4/5 13904/4/5
f 13950/4/5 13907/4/5 13947/4/5
f 13951/4/5 13907/4/5 13950/4/5
f 13952/4/5 13949/4/5 13904/4/5
f 13953/4/5 13907/4/5 13951/4/5
f 13954/4/5 13952/4/5 13904/4/5
f 13955/4/5 13954/4/5 13904/4/5
f 13956/4/5 13907/4/5 13953/4/5
f 13957/4/5 13907/4/5 13956/4/5
f 13958/4/5 13907/4/5 13957/4/5
f 13959/4/5 13955/4/5 13904/4/5
f 13960/4/5 13907/4/5 13958/4/5
f 13961/4/5 13959/4/5 13904/4/5
f 13962/4/5 13959/4/5 13961/4/5
f 13963/4/5 13907/4/5 13960/4/5
f 13964/4/5 13907/4/5 13963/4/5
f 13965/4/5 13907/4/5 13964/4/5
f 13970/4/5 13967/4/5 13966/4/5
f 13972/4/5 13970/4/5 13966/4/5
f 13972/4/5 13971/4/5 13970/4/5
f 13973/4/5 13971/4/5 13972/4/5
f 13974/4/5 13971/4/5 13973/4/5
f 13975/4/5 13969/4/5 13968/4/5
f 13976/4/5 13974/4/5 13973/4/5
f 13977/4/5 13974/4/5 13976/4/5
f 13978/4/5 13969/4/5 13975/4/5
f 13979/4/5 13969/4/5 13978/4/5
f 13980/4/5 13978/4/5 13977/4/5
f 13981/4/5 13978/4/5 13980/4/5
f 13982/4/5 13978/4/5 13981/4/5
f 13983/4/5 13978/4/5 13982/4/5
f 13989/1/5 13985/1/5 13984/1/5
f 13990/1/5 13985/1/5 13989/1/5
f 13991/1/5 13987/1/5 13986/1/5
f 13992/1/5 13987/1/5 13991/1/5
f 13993/1/5 13987/1/5 13992/1/5
f 13994/1/5 13989/1/5 13988/1/5
f 13995/1/5 13989/1/5 13994/1/5
f 13996/3/5 13992/3/5 13991/3/5
f 13997/3/5 13992/3/5 13996/3/5
f 13998/3/5 13994/3/5 13993/3/5
f 13999/3/5 13994/3/5 13998/3/5
f 14007/1/5 14001/1/5 14000/1/5
f 14008/2/5 14002/2/5 14001/2/5
f 14008/1/5 14001/1/5 14007/1/5
f 14009/2/5 14004/2/5 14003/2/5
f 14010/1/5 14005/1/5 14004/1/5
f 14010/2/5 14004/2/5 14009/2/5
f 14011/1/5 14005/1/5 14010/1/5
f 14014/2/5 14007/2/5 14006/2/5
f 14015/3/5 14008/3/5 14007/3/5
f 14015/2/5 14007/2/5 14014/2/5
f 14016/2/5 14002/2/5 14008/2/5
f 14016/3/5 14008/3/5 14015/3/5
f 14017/2/5 14002/2/5 14016/2/5
f 14018/3/5 14010/3/5 14009/3/5
f 14018/3/5 14011/3/5 14010/3/5
f 14019/1/5 14012/1/5 14011/1/5
f 14019/3/5 14011/3/5 14018/3/5
f 14020/1/5 14012/1/5 14019/1/5
f 14023/3/5 14014/3/5 14013/3/5
f 14024/2/5 14015/2/5 14014/2/5
f 14024/3/5 14014/3/5 14023/3/5
f 14025/2/5 14015/2/5 14024/2/5
f 14026/1/5 14021/1/5 14020/1/5
f 14026/1/5 14020/1/5 14019/1/5
f 14027/1/5 14021/1/5 14026/1/5
f 14028/1/5 14021/1/5 14027/1/5
f 14031/3/5 14023/3/5 14022/3/5
f 14032/1/5 14024/1/5 14023/1/5
f 14032/3/5 14023/3/5 14031/3/5
f 14033/1/5 14024/1/5 14032/1/5
f 14034/1/5 14028/1/5 14027/1/5
f 14035/3/5 14029/3/5 14028/3/5
f 14035/1/5 14028/1/5 14034/1/5
f 14036/3/5 14029/3/5 14035/3/5
f 14039/1/5 14031/1/5 14030/1/5
f 14040/2/5 14032/2/5 14031/2/5
f 14040/1/5 14031/1/5 14039/1/5
f 14041/2/5 14032/2/5 14040/2/5
f 14042/1/5 14036/1/5 14035/1/5
f 14043/2/5 14037/2/5 14036/2/5
f 14043/1/5 14036/1/5 14042/1/5
f 14044/2/5 14037/2/5 14043/2/5
f 14047/3/5 14039/3/5 14038/3/5
f 14048/1/5 14040/1/5 14039/1/5
f 14048/3/5 14039/3/5 14047/3/5
f 14049/1/5 14040/1/5 14048/1/5
f 14050/1/5 14045/1/5 14044/1/5
f 14050/1/5 14044/1/5 14043/1/5
f 14051/1/5 14045/1/5 14050/1/5
f 14052/1/5 14045/1/5 14051/1/5
f 14055/2/5 14047/2/5 14046/2/5
f 14056/1/5 14048/1/5 14047/1/5
f 14056/2/5 14047/2/5 14055/2/5
f 14057/1/5 14048/1/5 14056/1/5
f 14058/1/5 14053/1/5 14052/1/5
f 14058/1/5 14052/1/5 14051/1/5
f 14059/1/5 14053/1/5 14058/1/5
f 14060/1/5 14053/1/5 14059/1/5
f 14062/2/5 14055/2/5 14054/2/5
f 14062/2/5 14056/2/5 14055/2/5
f 14063/2/5 14056/2/5 14062/2/5
f 14064/2/5 14060/2/5 14059/2/5
f 14065/3/5 14061/3/5 14060/3/5
f 14065/2/5 14060/2/5 14064/2/5
f 14066/3/5 14061/3/5 14065/3/5
f 14068/2/5 14062/2/5 14054/2/5
f 14069/2/5 14062/2/5 14068/2/5
f 14070/2/5 14066/2/5 14065/2/5
f 14071/2/5 14066/2/5 14070/2/5
f 14074/2/5 14068/2/5 14067/2/5
f 14075/2/5 14068/2/5 14074/2/5
f 14076/3/5 14072/3/5 14071/3/5
f 14077/3/5 14072/3/5 14076/3/5
f 14079/3/5 14078/3/5 14077/3/5
f 14080/3/5 14078/3/5 14079/3/5
f 14081/2/5 14074/2/5 14073/2/5
f 14082/2/5 14074/2/5 14081/2/5
f 14085/2/5 14080/2/5 14079/2/5
f 14086/2/5 14080/2/5 14085/2/5
f 14087/1/5 14085/1/5 14084/1/5
f 14088/1/5 14085/1/5 14087/1/5
f 14089/3/5 14088/3/5 14087/3/5
f 14090/3/5 14088/3/5 14089/3/5
f 14091/3/5 14083/3/5 14082/3/5
f 14092/3/5 14083/3/5 14091/3/5
f 14093/1/5 14092/1/5 14091/1/5
f 14094/1/5 14092/1/5 14093/1/5
f 14095/2/5 14094/2/5 14093/2/5
f 14096/2/5 14094/2/5 14095/2/5
f 14097/2/5 14090/2/5 14089/2/5
f 14098/2/5 14090/2/5 14097/2/5
f 14099/3/5 14096/3/5 14095/3/5
f 14100/3/5 14096/3/5 14099/3/5
f 14101/3/5 14098/3/5 14097/3/5
f 14102/3/5 14098/3/5 14101/3/5
f 14103/1/5 14100/1/5 14099/1/5
f 14104/1/5 14100/1/5 14103/1/5
f 14105/1/5 14102/1/5 14101/1/5
f 14106/1/5 14102/1/5 14105/1/5
f 14107/3/5 14104/3/5 14103/3/5
f 14108/3/5 14104/3/5 14107/3/5
f 14109/1/5 14108/1/5 14107/1/5
f 14110/1/5 14108/1/5 14109/1/5
f 14111/3/5 14110/3/5 14109/3/5
f 14112/3/5 14110/3/5 14111/3/5
f 14113/2/5 14106/2/5 14105/2/5
f 14114/2/5 14106/2/5 14113/2/5
f 14115/2/5 14112/2/5 14111/2/5
f 14116/2/5 14112/2/5 14115/2/5
f 14117/1/5 14116/1/5 14115/1/5
f 14118/1/5 14116/1/5 14117/1/5
f 14119/1/5 14114/1/5 14113/1/5
f 14120/1/5 14114/1/5 14119/1/5
f 14121/3/5 14118/3/5 14117/3/5
f 14122/3/5 14118/3/5 14121/3/5
f 14123/2/5 14120/2/5 14119/2/5
f 14124/2/5 14120/2/5 14123/2/5
f 14125/1/5 14122/1/5 14121/1/5
f 14126/1/5 14122/1/5 14125/1/5
f 14127/1/5 14124/1/5 14123/1/5
f 14128/1/5 14124/1/5 14127/1/5
f 14129/3/5 14126/3/5 14125/3/5
f 14130/3/5 14126/3/5 14129/3/5
f 14131/2/5 14128/2/5 14127/2/5
f 14132/2/5 14128/2/5 14131/2/5
f 14133/3/5 14132/3/5 14131/3/5
f 14134/3/5 14132/3/5 14133/3/5
f 14135/1/5 14130/1/5 14129/1/5
f 14136/1/5 14130/1/5 14135/1/5
f 14137/1/5 14134/1/5 14133/1/5
f 14138/1/5 14134/1/5 14137/1/5
f 14139/2/5 14136/2/5 14135/2/5
f 14140/2/5 14136/2/5 14139/2/5
f 14141/3/5 14138/3/5 14137/3/5
f 14142/3/5 14138/3/5 14141/3/5
f 14143/2/5 14142/2/5 14141/2/5
f 14144/2/5 14142/2/5 14143/2/5
f 14145/3/5 14144/3/5 14143/3/5
f 14146/3/5 14144/3/5 14145/3/5
f 14147/1/5 14140/1/5 14139/1/5
f 14148/1/5 14140/1/5 14147/1/5
f 14149/2/5 14146/2/5 14145/2/5
f 14150/2/5 14146/2/5 14149/2/5
f 14151/3/5 14150/3/5 14149/3/5
f 14152/3/5 14150/3/5 14151/3/5
f 14153/2/5 14148/2/5 14147/2/5
f 14154/2/5 14148/2/5 14153/2/5
f 14155/1/5 14152/1/5 14151/1/5
f 14156/1/5 14152/1/5 14155/1/5
f 14157/1/5 14154/1/5 14153/1/5
f 14158/1/5 14154/1/5 14157/1/5
f 14159/3/5 14156/3/5 14155/3/5
f 14160/3/5 14156/3/5 14159/3/5
f 14161/2/5 14158/2/5 14157/2/5
f 14162/2/5 14158/2/5 14161/2/5
f 14163/1/5 14160/1/5 14159/1/5
f 14164/1/5 14160/1/5 14163/1/5
f 14165/1/5 14162/1/5 14161/1/5
f 14166/1/5 14162/1/5 14165/1/5
f 14167/2/5 14164/2/5 14163/2/5
f 14168/2/5 14164/2/5 14167/2/5
f 14169/3/5 14168/3/5 14167/3/5
f 14170/3/5 14168/3/5 14169/3/5
f 14171/3/5 14166/3/5 14165/3/5
f 14172/3/5 14166/3/5 14171/3/5
f 14173/1/5 14170/1/5 14169/1/5
f 14174/1/5 14170/1/5 14173/1/5
f 14175/2/5 14172/2/5 14171/2/5
f 14176/2/5 14172/2/5 14175/2/5
f 14177/2/5 14174/2/5 14173/2/5
f 14178/2/5 14174/2/5 14177/2/5
f 14179/1/5 14176/1/5 14175/1/5
f 14180/1/5 14176/1/5 14179/1/5
f 14181/1/5 14178/1/5 14177/1/5
f 14182/1/5 14178/1/5 14181/1/5
f 14183/3/5 14180/3/5 14179/3/5
f 14184/3/5 14180/3/5 14183/3/5
f 14185/3/5 14182/3/5 14181/3/5
f 14186/3/5 14182/3/5 14185/3/5
f 14187/2/5 14184/2/5 14183/2/5
f 14188/2/5 14184/2/5 14187/2/5
f 14189/2/5 14186/2/5 14185/2/5
f 14190/2/5 14186/2/5 14189/2/5
f 14191/1/5 14188/1/5 14187/1/5
f 14192/1/5 14188/1/5 14191/1/5
f 14200/3/5 14192/3/5 14191/3/5
f 14201/2/5 14193/2/5 14192/2/5
f 14201/3/5 14192/3/5 14200/3/5
f 14202/1/5 14194/1/5 14193/1/5
f 14202/2/5 14193/2/5 14201/2/5
f 14203/3/5 14195/3/5 14194/3/5
f 14203/1/5 14194/1/5 14202/1/5
f 14204/3/5 14195/3/5 14203/3/5
f 14210/3/5 14197/3/5 14196/3/5
f 14211/1/5 14198/1/5 14197/1/5
f 14211/3/5 14197/3/5 14210/3/5
f 14212/3/5 14199/3/5 14198/3/5
f 14212/1/5 14198/1/5 14211/1/5
f 14213/3/5 14199/3/5 14212/3/5
f 14214/1/5 14190/1/5 14189/1/5
f 14215/3/5 14206/3/5 14205/3/5
f 14216/3/5 14206/3/5 14215/3/5
f 14217/3/5 14208/3/5 14207/3/5
f 14218/1/5 14209/1/5 14208/1/5
f 14218/3/5 14208/3/5 14217/3/5
f 14219/1/5 14209/1/5 14218/1/5
f 14220/1/5 14190/1/5 14214/1/5
f 14221/1/5 14190/1/5 14220/1/5
f 14224/3/5 14223/3/5 14222/3/5
f 14225/3/5 14223/3/5 14224/3/5
f 14229/1/5 14226/1/5 14225/1/5
f 14230/1/5 14226/1/5 14229/1/5
f 14232/1/5 14228/1/5 14227/1/5
f 14233/1/5 14228/1/5 14232/1/5
f 14234/3/5 14231/3/5 14230/3/5
f 14235/3/5 14231/3/5 14234/3/5
f 14236/3/5 14233/3/5 14232/3/5
f 14237/3/5 14233/3/5 14236/3/5
f 14238/3/5 14233/3/5 14237/3/5
f 14245/2/5 14240/2/5 14239/2/5
f 14246/2/5 14240/2/5 14245/2/5
f 14247/1/5 14242/1/5 14241/1/5
f 14248/1/5 14242/1/5 14247/1/5
f 14249/2/5 14244/2/5 14243/2/5
f 14250/2/5 14244/2/5 14249/2/5
f 14251/3/5 14246/3/5 14245/3/5
f 14252/3/5 14246/3/5 14251/3/5
f 14253/2/5 14249/2/5 14248/2/5
f 14254/2/5 14249/2/5 14253/2/5
f 14261/3/5 14256/3/5 14255/3/5
f 14262/3/5 14256/3/5 14261/3/5
f 14263/1/5 14258/1/5 14257/1/5
f 14264/1/5 14258/1/5 14263/1/5
f 14268/1/5 14260/1/5 14259/1/5
f 14269/2/5 14262/2/5 14261/2/5
f 14269/2/5 14261/2/5 14260/2/5
f 14269/1/5 14260/1/5 14268/1/5
f 14270/2/5 14262/2/5 14269/2/5
f 14271/2/5 14262/2/5 14270/2/5
f 14272/2/5 14264/2/5 14263/2/5
f 14272/2/5 14265/2/5 14264/2/5
f 14273/2/5 14265/2/5 14272/2/5
f 14274/3/5 14266/3/5 14265/3/5
f 14274/2/5 14265/2/5 14273/2/5
f 14275/3/5 14266/3/5 14274/3/5
f 14278/1/5 14268/1/5 14267/1/5
f 14278/1/5 14269/1/5 14268/1/5
f 14279/1/5 14269/1/5 14278/1/5
f 14280/1/5 14269/1/5 14279/1/5
f 14281/2/5 14275/2/5 14274/2/5
f 14282/3/5 14276/3/5 14275/3/5
f 14282/2/5 14275/2/5 14281/2/5
f 14283/3/5 14276/3/5 14282/3/5
f 14286/2/5 14278/2/5 14277/2/5
f 14287/3/5 14279/3/5 14278/3/5
f 14287/2/5 14278/2/5 14286/2/5
f 14288/3/5 14279/3/5 14287/3/5
f 14289/1/5 14283/1/5 14282/1/5
f 14290/2/5 14284/2/5 14283/2/5
f 14290/1/5 14283/1/5 14289/1/5
f 14291/2/5 14284/2/5 14290/2/5
f 14294/2/5 14286/2/5 14285/2/5
f 14295/1/5 14287/1/5 14286/1/5
f 14295/2/5 14286/2/5 14294/2/5
f 14296/1/5 14287/1/5 14295/1/5
f 14297/1/5 14291/1/5 14290/1/5
f 14298/2/5 14292/2/5 14291/2/5
f 14298/1/5 14291/1/5 14297/1/5
f 14299/2/5 14292/2/5 14298/2/5
f 14301/3/5 14294/3/5 14293/3/5
f 14301/3/5 14295/3/5 14294/3/5
f 14302/3/5 14295/3/5 14301/3/5
f 14303/3/5 14295/3/5 14302/3/5
f 14304/2/5 14300/2/5 14299/2/5
f 14304/2/5 14299/2/5 14298/2/5
f 14305/2/5 14300/2/5 14304/2/5
f 14307/1/5 14302/1/5 14301/1/5
f 14308/1/5 14302/1/5 14307/1/5
f 14309/2/5 14300/2/5 14305/2/5
f 14310/2/5 14300/2/5 14309/2/5
f 14313/2/5 14307/2/5 14306/2/5
f 14314/2/5 14307/2/5 14313/2/5
f 14315/1/5 14311/1/5 14310/1/5
f 14316/1/5 14311/1/5 14315/1/5
f 14319/2/5 14313/2/5 14312/2/5
f 14320/2/5 14313/2/5 14319/2/5
f 14321/3/5 14317/3/5 14316/3/5
f 14322/3/5 14317/3/5 14321/3/5
f 14324/1/5 14323/1/5 14322/1/5
f 14325/1/5 14323/1/5 14324/1/5
f 14327/3/5 14319/3/5 14318/3/5
f 14328/3/5 14319/3/5 14327/3/5
f 14329/3/5 14325/3/5 14324/3/5
f 14330/3/5 14325/3/5 14329/3/5
f 14333/3/5 14327/3/5 14326/3/5
f 14334/3/5 14327/3/5 14333/3/5
f 14335/3/5 14331/3/5 14330/3/5
f 14336/3/5 14331/3/5 14335/3/5
f 14338/2/5 14337/2/5 14336/2/5
f 14339/2/5 14337/2/5 14338/2/5
f 14340/3/5 14333/3/5 14332/3/5
f 14341/3/5 14333/3/5 14340/3/5
f 14344/1/5 14339/1/5 14338/1/5
f 14345/1/5 14339/1/5 14344/1/5
f 14346/1/5 14342/1/5 14341/1/5
f 14347/1/5 14342/1/5 14346/1/5
f 14348/3/5 14344/3/5 14343/3/5
f 14349/3/5 14344/3/5 14348/3/5
f 14350/3/5 14347/3/5 14346/3/5
f 14351/3/5 14347/3/5 14350/3/5
f 14352/2/5 14351/2/5 14350/2/5
f 14353/2/5 14351/2/5 14352/2/5
f 14354/2/5 14349/2/5 14348/2/5
f 14355/3/5 14353/3/5 14352/3/5
f 14356/3/5 14353/3/5 14355/3/5
f 14357/2/5 14349/2/5 14354/2/5
f 14358/2/5 14349/2/5 14357/2/5
f 14359/2/5 14356/2/5 14355/2/5
f 14360/2/5 14356/2/5 14359/2/5
f 14361/3/5 14358/3/5 14357/3/5
f 14362/3/5 14358/3/5 14361/3/5
f 14363/3/5 14360/3/5 14359/3/5
f 14364/3/5 14360/3/5 14363/3/5
f 14365/1/5 14364/1/5 14363/1/5
f 14366/1/5 14364/1/5 14365/1/5
f 14367/2/5 14362/2/5 14361/2/5
f 14368/2/5 14362/2/5 14367/2/5
f 14369/3/5 14366/3/5 14365/3/5
f 14370/3/5 14366/3/5 14369/3/5
f 14371/1/5 14368/1/5 14367/1/5
f 14372/1/5 14370/1/5 14369/1/5
f 14373/1/5 14370/1/5 14372/1/5
f 14374/2/5 14373/2/5 14372/2/5
f 14375/1/5 14368/1/5 14371/1/5
f 14376/1/5 14368/1/5 14375/1/5
f 14377/2/5 14374/2/5 14372/2/5
f 14378/2/5 14374/2/5 14377/2/5
f 14379/2/5 14376/2/5 14375/2/5
f 14380/2/5 14376/2/5 14379/2/5
f 14381/1/5 14378/1/5 14377/1/5
f 14382/1/5 14378/1/5 14381/1/5
f 14383/3/5 14380/3/5 14379/3/5
f 14384/3/5 14380/3/5 14383/3/5
f 14385/2/5 14382/2/5 14381/2/5
f 14386/2/5 14382/2/5 14385/2/5
f 14387/1/5 14384/1/5 14383/1/5
f 14388/1/5 14384/1/5 14387/1/5
f 14389/1/5 14386/1/5 14385/1/5
f 14390/1/5 14386/1/5 14389/1/5
f 14391/3/5 14388/3/5 14387/3/5
f 14392/3/5 14388/3/5 14391/3/5
f 14393/3/5 14390/3/5 14389/3/5
f 14394/3/5 14390/3/5 14393/3/5
f 14395/1/5 14392/1/5 14391/1/5
f 14396/2/5 14394/2/5 14393/2/5
f 14397/1/5 14392/1/5 14395/1/5
f 14398/1/5 14392/1/5 14397/1/5
f 14399/2/5 14396/2/5 14393/2/5
f 14400/2/5 14396/2/5 14399/2/5
f 14401/2/5 14398/2/5 14397/2/5
f 14402/1/5 14400/1/5 14399/1/5
f 14403/1/5 14400/1/5 14402/1/5
f 14404/2/5 14398/2/5 14401/2/5
f 14405/2/5 14403/2/5 14402/2/5
f 14406/2/5 14403/2/5 14405/2/5
f 14407/2/5 14398/2/5 14404/2/5
f 14408/2/5 14398/2/5 14407/2/5
f 14409/3/5 14406/3/5 14405/3/5
f 14410/1/5 14408/1/5 14407/1/5
f 14411/1/5 14408/1/5 14410/1/5
f 14412/3/5 14409/3/5 14405/3/5
f 14413/3/5 14409/3/5 14412/3/5
f 14414/2/5 14411/2/5 14410/2/5
f 14415/2/5 14413/2/5 14412/2/5
f 14416/2/5 14413/2/5 14415/2/5
f 14417/2/5 14411/2/5 14414/2/5
f 14418/1/5 14416/1/5 14415/1/5
f 14419/1/5 14416/1/5 14418/1/5
f 14420/2/5 14411/2/5 14417/2/5
f 14421/2/5 14411/2/5 14420/2/5
f 14422/3/5 14419/3/5 14418/3/5
f 14423/3/5 14422/3/5 14418/3/5
f 14424/3/5 14422/3/5 14423/3/5
f 14425/1/5 14421/1/5 14420/1/5
f 14426/1/5 14421/1/5 14425/1/5
f 14427/1/5 14424/1/5 14423/1/5
f 14428/1/5 14424/1/5 14427/1/5
f 14429/3/5 14426/3/5 14425/3/5
f 14430/2/5 14428/2/5 14427/2/5
f 14431/3/5 14426/3/5 14429/3/5
f 14432/2/5 14430/2/5 14427/2/5
f 14433/2/5 14430/2/5 14432/2/5
f 14434/3/5 14426/3/5 14431/3/5
f 14435/3/5 14426/3/5 14434/3/5
f 14436/3/5 14433/3/5 14432/3/5
f 14437/3/5 14433/3/5 14436/3/5
f 14438/1/5 14435/1/5 14434/1/5
f 14439/1/5 14435/1/5 14438/1/5
f 14440/1/5 14437/1/5 14436/1/5
f 14441/1/5 14437/1/5 14440/1/5
f 14442/3/5 14439/3/5 14438/3/5
f 14443/3/5 14439/3/5 14442/3/5
f 14444/3/5 14441/3/5 14440/3/5
f 14445/3/5 14441/3/5 14444/3/5
f 14446/3/5 14439/3/5 14443/3/5
f 14447/3/5 14439/3/5 14446/3/5
f 14448/1/5 14445/1/5 14444/1/5
f 14449/2/5 14447/2/5 14446/2/5
f 14450/1/5 14448/1/5 14444/1/5
f 14451/1/5 14448/1/5 14450/1/5
f 14452/2/5 14447/2/5 14449/2/5
f 14453/2/5 14447/2/5 14452/2/5
f 14454/2/5 14451/2/5 14450/2/5
f 14455/2/5 14451/2/5 14454/2/5
f 14456/3/5 14453/3/5 14452/3/5
f 14457/3/5 14453/3/5 14456/3/5
f 14458/1/5 14455/1/5 14454/1/5
f 14459/1/5 14455/1/5 14458/1/5
f 14460/2/5 14457/2/5 14456/2/5
f 14461/2/5 14457/2/5 14460/2/5
f 14462/3/5 14459/3/5 14458/3/5
f 14463/3/5 14459/3/5 14462/3/5
f 14464/1/5 14461/1/5 14460/1/5
f 14465/1/5 14461/1/5 14464/1/5
f 14466/1/5 14463/1/5 14462/1/5
f 14476/3/5 14465/3/5 14464/3/5
f 14477/3/5 14465/3/5 14476/3/5
f 14478/1/5 14466/1/5 14462/1/5
f 14478/1/5 14467/1/5 14466/1/5
f 14479/1/5 14467/1/5 14478/1/5
f 14480/2/5 14469/2/5 14468/2/5
f 14481/2/5 14469/2/5 14480/2/5
f 14482/2/5 14471/2/5 14470/2/5
f 14483/2/5 14471/2/5 14482/2/5
f 14484/3/5 14473/3/5 14472/3/5
f 14485/3/5 14473/3/5 14484/3/5
f 14486/2/5 14475/2/5 14474/2/5
f 14487/2/5 14475/2/5 14486/2/5
f 14488/2/5 14477/2/5 14476/2/5
f 14489/2/5 14477/2/5 14488/2/5
f 14490/2/5 14477/2/5 14489/2/5
f 14493/3/5 14492/3/5 14491/3/5
f 14494/3/5 14492/3/5 14493/3/5
f 14496/2/5 14495/2/5 14494/2/5
f 14500/2/5 14496/2/5 14494/2/5
f 14500/2/5 14497/2/5 14496/2/5
f 14501/1/5 14498/1/5 14497/1/5
f 14501/2/5 14497/2/5 14500/2/5
f 14502/2/5 14499/2/5 14498/2/5
f 14502/1/5 14498/1/5 14501/1/5
f 14503/2/5 14499/2/5 14502/2/5
f 14510/2/5 14505/2/5 14504/2/5
f 14511/2/5 14505/2/5 14510/2/5
f 14512/1/5 14507/1/5 14506/1/5
f 14513/1/5 14507/1/5 14512/1/5
f 14514/1/5 14509/1/5 14508/1/5
f 14515/3/5 14510/3/5 14509/3/5
f 14515/1/5 14509/1/5 14514/1/5
f 14516/3/5 14510/3/5 14515/3/5
f 14517/3/5 14514/3/5 14513/3/5
f 14518/3/5 14514/3/5 14517/3/5
f 14527/3/5 14520/3/5 14519/3/5
f 14528/2/5 14521/2/5 14520/2/5
f 14528/3/5 14520/3/5 14527/3/5
f 14529/2/5 14521/2/5 14528/2/5
f 14530/3/5 14523/3/5 14522/3/5
f 14531/2/5 14524/2/5 14523/2/5
f 14531/3/5 14523/3/5 14530/3/5
f 14532/2/5 14524/2/5 14531/2/5
f 14536/1/5 14526/1/5 14525/1/5
f 14537/2/5 14527/2/5 14526/2/5
f 14537/1/5 14526/1/5 14536/1/5
f 14538/3/5 14528/3/5 14527/3/5
f 14538/2/5 14527/2/5 14537/2/5
f 14539/3/5 14528/3/5 14538/3/5
f 14540/3/5 14532/3/5 14531/3/5
f 14541/2/5 14533/2/5 14532/2/5
f 14541/3/5 14532/3/5 14540/3/5
f 14542/3/5 14534/3/5 14533/3/5
f 14542/2/5 14533/2/5 14541/2/5
f 14543/3/5 14534/3/5 14542/3/5
f 14546/3/5 14536/3/5 14535/3/5
f 14547/2/5 14537/2/5 14536/2/5
f 14547/3/5 14536/3/5 14546/3/5
f 14548/3/5 14538/3/5 14537/3/5
f 14548/2/5 14537/2/5 14547/2/5
f 14549/3/5 14538/3/5 14548/3/5
f 14550/1/5 14543/1/5 14542/1/5
f 14550/1/5 14542/1/5 14541/1/5
f 14551/1/5 14543/1/5 14550/1/5
f 14552/3/5 14544/3/5 14543/3/5
f 14552/1/5 14543/1/5 14551/1/5
f 14553/3/5 14544/3/5 14552/3/5
f 14555/1/5 14546/1/5 14545/1/5
f 14555/1/5 14547/1/5 14546/1/5
f 14556/1/5 14547/1/5 14555/1/5
f 14557/1/5 14547/1/5 14556/1/5
f 14558/1/5 14553/1/5 14552/1/5
f 14559/2/5 14554/2/5 14553/2/5
f 14559/1/5 14553/1/5 14558/1/5
f 14561/3/5 14556/3/5 14555/3/5
f 14562/3/5 14556/3/5 14561/3/5
f 14563/2/5 14554/2/5 14559/2/5
f 14564/2/5 14554/2/5 14563/2/5
f 14567/3/5 14561/3/5 14560/3/5
f 14568/3/5 14561/3/5 14567/3/5
f 14569/3/5 14565/3/5 14564/3/5
f 14570/3/5 14565/3/5 14569/3/5
f 14573/3/5 14567/3/5 14566/3/5
f 14574/3/5 14567/3/5 14573/3/5
f 14575/3/5 14571/3/5 14570/3/5
f 14576/3/5 14571/3/5 14575/3/5
f 14578/3/5 14573/3/5 14572/3/5
f 14579/3/5 14573/3/5 14578/3/5
f 14580/1/5 14577/1/5 14576/1/5
f 14581/1/5 14577/1/5 14580/1/5
f 14583/1/5 14579/1/5 14578/1/5
f 14584/1/5 14579/1/5 14583/1/5
f 14585/3/5 14581/3/5 14580/3/5
f 14586/3/5 14581/3/5 14585/3/5
f 14589/2/5 14583/2/5 14582/2/5
f 14590/2/5 14583/2/5 14589/2/5
f 14591/3/5 14587/3/5 14586/3/5
f 14592/3/5 14587/3/5 14591/3/5
f 14595/2/5 14589/2/5 14588/2/5
f 14596/2/5 14589/2/5 14595/2/5
f 14597/3/5 14593/3/5 14592/3/5
f 14598/3/5 14593/3/5 14597/3/5
f 14600/2/5 14595/2/5 14594/2/5
f 14601/2/5 14595/2/5 14600/2/5
f 14602/1/5 14599/1/5 14598/1/5
f 14604/3/5 14601/3/5 14600/3/5
f 14605/3/5 14601/3/5 14604/3/5
f 14606/1/5 14599/1/5 14602/1/5
f 14607/1/5 14599/1/5 14606/1/5
f 14609/3/5 14604/3/5 14603/3/5
f 14610/3/5 14604/3/5 14609/3/5
f 14611/2/5 14608/2/5 14607/2/5
f 14612/2/5 14608/2/5 14611/2/5
f 14617/3/5 14614/3/5 14613/3/5
f 14618/3/5 14614/3/5 14617/3/5
f 14621/3/5 14616/3/5 14615/3/5
f 14622/3/5 14616/3/5 14621/3/5
f 14623/2/5 14619/2/5 14618/2/5
f 14624/2/5 14621/2/5 14620/2/5
f 14625/2/5 14621/2/5 14624/2/5
f 14626/2/5 14623/2/5 14618/2/5
f 14627/2/5 14623/2/5 14626/2/5
f 14628/3/5 14627/3/5 14626/3/5
f 14629/3/5 14628/3/5 14626/3/5
f 14630/3/5 14628/3/5 14629/3/5
f 14631/3/5 14625/3/5 14624/3/5
f 14632/3/5 14625/3/5 14631/3/5
f 14633/1/5 14630/1/5 14629/1/5
f 14634/1/5 14630/1/5 14633/1/5
f 14635/1/5 14632/1/5 14631/1/5
f 14636/1/5 14632/1/5 14635/1/5
f 14637/3/5 14634/3/5 14633/3/5
f 14638/3/5 14634/3/5 14637/3/5
f 14639/2/5 14636/2/5 14635/2/5
f 14640/2/5 14636/2/5 14639/2/5
f 14641/2/5 14638/2/5 14637/2/5
f 14642/1/5 14640/1/5 14639/1/5
f 14643/2/5 14641/2/5 14637/2/5
f 14644/2/5 14641/2/5 14643/2/5
f 14645/1/5 14640/1/5 14642/1/5
f 14646/1/5 14640/1/5 14645/1/5
f 14647/1/5 14644/1/5 14643/1/5
f 14648/3/5 14646/3/5 14645/3/5
f 14649/3/5 14646/3/5 14648/3/5
f 14650/1/5 14649/1/5 14648/1/5
f 14651/1/5 14649/1/5 14650/1/5
f 14652/1/5 14647/1/5 14643/1/5
f 14653/1/5 14647/1/5 14652/1/5
f 14654/2/5 14651/2/5 14650/2/5
f 14655/2/5 14651/2/5 14654/2/5
f 14656/3/5 14653/3/5 14652/3/5
f 14657/3/5 14653/3/5 14656/3/5
f 14658/3/5 14655/3/5 14654/3/5
f 14659/2/5 14657/2/5 14656/2/5
f 14660/2/5 14657/2/5 14659/2/5
f 14661/3/5 14655/3/5 14658/3/5
f 14662/3/5 14655/3/5 14661/3/5
f 14663/1/5 14660/1/5 14659/1/5
f 14664/1/5 14660/1/5 14663/1/5
f 14665/2/5 14662/2/5 14661/2/5
f 14666/2/5 14662/2/5 14665/2/5
f 14667/2/5 14664/2/5 14663/2/5
f 14668/2/5 14664/2/5 14667/2/5
f 14669/1/5 14666/1/5 14665/1/5
f 14670/1/5 14666/1/5 14669/1/5
f 14671/3/5 14668/3/5 14667/3/5
f 14672/3/5 14671/3/5 14667/3/5
f 14673/3/5 14671/3/5 14672/3/5
f 14674/2/5 14670/2/5 14669/2/5
f 14675/2/5 14670/2/5 14674/2/5
f 14676/2/5 14673/2/5 14672/2/5
f 14677/2/5 14673/2/5 14676/2/5
f 14678/1/5 14675/1/5 14674/1/5
f 14679/1/5 14675/1/5 14678/1/5
f 14680/3/5 14677/3/5 14676/3/5
f 14681/3/5 14677/3/5 14680/3/5
f 14682/2/5 14681/2/5 14680/2/5
f 14683/2/5 14681/2/5 14682/2/5
f 14684/3/5 14679/3/5 14678/3/5
f 14685/1/5 14683/1/5 14682/1/5
f 14686/1/5 14683/1/5 14685/1/5
f 14687/3/5 14679/3/5 14684/3/5
f 14688/3/5 14686/3/5 14685/3/5
f 14689/3/5 14686/3/5 14688/3/5
f 14690/3/5 14679/3/5 14687/3/5
f 14691/3/5 14679/3/5 14690/3/5
f 14692/1/5 14689/1/5 14688/1/5
f 14693/1/5 14692/1/5 14688/1/5
f 14694/1/5 14692/1/5 14693/1/5
f 14695/1/5 14691/1/5 14690/1/5
f 14696/1/5 14691/1/5 14695/1/5
f 14697/2/5 14696/2/5 14695/2/5
f 14698/2/5 14696/2/5 14697/2/5
f 14699/2/5 14694/2/5 14693/2/5
f 14700/3/5 14698/3/5 14697/3/5
f 14701/2/5 14699/2/5 14693/2/5
f 14702/2/5 14699/2/5 14701/2/5
f 14703/3/5 14698/3/5 14700/3/5
f 14704/3/5 14698/3/5 14703/3/5
f 14705/2/5 14704/2/5 14703/2/5
f 14706/2/5 14704/2/5 14705/2/5
f 14707/3/5 14702/3/5 14701/3/5
f 14708/3/5 14706/3/5 14705/3/5
f 14709/3/5 14707/3/5 14701/3/5
f 14710/3/5 14707/3/5 14709/3/5
f 14711/3/5 14706/3/5 14708/3/5
f 14712/2/5 14710/2/5 14709/2/5
f 14713/2/5 14710/2/5 14712/2/5
f 14714/3/5 14706/3/5 14711/3/5
f 14715/3/5 14706/3/5 14714/3/5
f 14716/3/5 14713/3/5 14712/3/5
f 14717/3/5 14713/3/5 14716/3/5
f 14718/1/5 14715/1/5 14714/1/5
f 14719/1/5 14715/1/5 14718/1/5
f 14720/1/5 14717/1/5 14716/1/5
f 14721/1/5 14717/1/5 14720/1/5
f 14722/3/5 14719/3/5 14718/3/5
f 14723/3/5 14719/3/5 14722/3/5
f 14724/3/5 14721/3/5 14720/3/5
f 14725/2/5 14723/2/5 14722/2/5
f 14726/2/5 14723/2/5 14725/2/5
f 14727/3/5 14724/3/5 14720/3/5
f 14728/3/5 14724/3/5 14727/3/5
f 14729/3/5 14726/3/5 14725/3/5
f 14730/3/5 14726/3/5 14729/3/5
f 14731/1/5 14728/1/5 14727/1/5
f 14732/1/5 14728/1/5 14731/1/5
f 14733/2/5 14730/2/5 14729/2/5
f 14734/2/5 14730/2/5 14733/2/5
f 14735/3/5 14732/3/5 14731/3/5
f 14736/3/5 14734/3/5 14733/3/5
f 14737/3/5 14734/3/5 14736/3/5
f 14749/1/5 14737/1/5 14736/1/5
f 14750/1/5 14737/1/5 14749/1/5
f 14751/3/5 14735/3/5 14731/3/5
f 14752/3/5 14735/3/5 14751/3/5
f 14754/3/5 14739/3/5 14738/3/5
f 14755/2/5 14740/2/5 14739/2/5
f 14755/3/5 14739/3/5 14754/3/5
f 14756/1/5 14741/1/5 14740/1/5
f 14756/2/5 14740/2/5 14755/2/5
f 14757/3/5 14742/3/5 14741/3/5
f 14757/1/5 14741/1/5 14756/1/5
f 14758/3/5 14742/3/5 14757/3/5
f 14765/2/5 14744/2/5 14743/2/5
f 14766/3/5 14745/3/5 14744/3/5
f 14766/2/5 14744/2/5 14765/2/5
f 14767/2/5 14746/2/5 14745/2/5
f 14767/3/5 14745/3/5 14766/3/5
f 14768/1/5 14748/1/5 14747/1/5
f 14768/2/5 14746/2/5 14767/2/5
f 14768/1/5 14747/1/5 14746/1/5
f 14769/1/5 14748/1/5 14768/1/5
f 14772/3/5 14753/3/5 14752/3/5
f 14772/1/5 14752/1/5 14751/1/5
f 14773/3/5 14753/3/5 14772/3/5
f 14774/3/5 14761/3/5 14760/3/5
f 14774/3/5 14760/3/5 14759/3/5
f 14775/3/5 14761/3/5 14774/3/5
f 14776/2/5 14763/2/5 14762/2/5
f 14777/3/5 14764/3/5 14763/3/5
f 14777/2/5 14763/2/5 14776/2/5
f 14778/3/5 14764/3/5 14777/3/5
f 14779/3/5 14771/3/5 14770/3/5
f 14780/3/5 14771/3/5 14779/3/5
f 14781/2/5 14750/2/5 14749/2/5
f 14782/1/5 14772/1/5 14751/1/5
f 14783/1/5 14772/1/5 14782/1/5
f 14784/3/5 14781/3/5 14780/3/5
f 14785/2/5 14750/2/5 14781/2/5
f 14785/3/5 14781/3/5 14784/3/5
f 14786/2/5 14750/2/5 14785/2/5
f 14787/3/5 14786/3/5 14785/3/5
f 14788/3/5 14786/3/5 14787/3/5
f 14791/2/5 14790/2/5 14789/2/5
f 14792/2/5 14790/2/5 14791/2/5
f 14797/3/5 14794/3/5 14793/3/5
f 14798/1/5 14796/1/5 14795/1/5
f 14798/3/5 14794/3/5 14797/3/5
f 14798/1/5 14795/1/5 14794/1/5
f 14799/1/5 14796/1/5 14798/1/5
f 14800/1/5 14796/1/5 14799/1/5
f 14801/1/5 14796/1/5 14800/1/5
f 14802/2/5 14800/2/5 14799/2/5
f 14803/3/5 14801/3/5 14800/3/5
f 14803/2/5 14800/2/5 14802/2/5
f 14804/3/5 14801/3/5 14803/3/5
f 14812/2/5 14806/2/5 14805/2/5
f 14813/2/5 14806/2/5 14812/2/5
f 14814/3/5 14808/3/5 14807/3/5
f 14815/3/5 14808/3/5 14814/3/5
f 14816/2/5 14810/2/5 14809/2/5
f 14817/2/5 14810/2/5 14816/2/5
f 14818/3/5 14812/3/5 14811/3/5
f 14819/1/5 14813/1/5 14812/1/5
f 14819/3/5 14812/3/5 14818/3/5
f 14820/3/5 14814/3/5 14813/3/5
f 14820/1/5 14813/1/5 14819/1/5
f 14821/3/5 14814/3/5 14820/3/5
f 14822/3/5 14819/3/5 14818/3/5
f 14823/3/5 14819/3/5 14822/3/5
f 14831/2/5 14825/2/5 14824/2/5
f 14831/2/5 14826/2/5 14825/2/5
f 14832/2/5 14826/2/5 14831/2/5
f 14833/3/5 14828/3/5 14827/3/5
f 14833/2/5 14829/2/5 14828/2/5
f 14834/2/5 14829/2/5 14833/2/5
f 14837/3/5 14832/3/5 14831/3/5
f 14837/3/5 14831/3/5 14830/3/5
f 14838/3/5 14832/3/5 14837/3/5
f 14839/3/5 14832/3/5 14838/3/5
f 14840/3/5 14832/3/5 14839/3/5
f 14841/3/5 14833/3/5 14827/3/5
f 14842/1/5 14834/1/5 14833/1/5
f 14842/3/5 14833/3/5 14841/3/5
f 14843/2/5 14835/2/5 14834/2/5
f 14843/1/5 14834/1/5 14842/1/5
f 14844/2/5 14835/2/5 14843/2/5
f 14847/2/5 14837/2/5 14836/2/5
f 14848/1/5 14838/1/5 14837/1/5
f 14848/2/5 14837/2/5 14847/2/5
f 14849/1/5 14838/1/5 14848/1/5
f 14850/1/5 14845/1/5 14844/1/5
f 14850/1/5 14844/1/5 14843/1/5
f 14851/1/5 14845/1/5 14850/1/5
f 14852/1/5 14845/1/5 14851/1/5
f 14855/1/5 14847/1/5 14846/1/5
f 14856/1/5 14847/1/5 14855/1/5
f 14857/1/5 14853/1/5 14852/1/5
f 14858/1/5 14853/1/5 14857/1/5
f 14861/1/5 14855/1/5 14854/1/5
f 14862/1/5 14855/1/5 14861/1/5
f 14863/3/5 14859/3/5 14858/3/5
f 14864/3/5 14859/3/5 14863/3/5
f 14867/1/5 14861/1/5 14860/1/5
f 14868/1/5 14861/1/5 14867/1/5
f 14869/1/5 14865/1/5 14864/1/5
f 14870/1/5 14865/1/5 14869/1/5
f 14872/3/5 14868/3/5 14867/3/5
f 14872/3/5 14867/3/5 14866/3/5
f 14873/3/5 14868/3/5 14872/3/5
f 14874/2/5 14870/2/5 14869/2/5
f 14875/1/5 14871/1/5 14870/1/5
f 14875/2/5 14870/2/5 14874/2/5
f 14876/1/5 14871/1/5 14875/1/5
f 14878/3/5 14872/3/5 14866/3/5
f 14879/3/5 14872/3/5 14878/3/5
f 14880/2/5 14876/2/5 14875/2/5
f 14881/2/5 14876/2/5 14880/2/5
f 14884/3/5 14878/3/5 14877/3/5
f 14885/3/5 14878/3/5 14884/3/5
f 14886/3/5 14882/3/5 14881/3/5
f 14887/3/5 14882/3/5 14886/3/5
f 14889/2/5 14884/2/5 14883/2/5
f 14890/2/5 14884/2/5 14889/2/5
f 14891/1/5 14888/1/5 14887/1/5
f 14892/1/5 14888/1/5 14891/1/5
f 14894/1/5 14890/1/5 14889/1/5
f 14895/1/5 14890/1/5 14894/1/5
f 14896/3/5 14892/3/5 14891/3/5
f 14897/3/5 14892/3/5 14896/3/5
f 14900/1/5 14894/1/5 14893/1/5
f 14901/1/5 14894/1/5 14900/1/5
f 14902/1/5 14898/1/5 14897/1/5
f 14903/1/5 14898/1/5 14902/1/5
f 14905/2/5 14900/2/5 14899/2/5
f 14906/2/5 14900/2/5 14905/2/5
f 14907/3/5 14904/3/5 14903/3/5
f 14908/3/5 14904/3/5 14907/3/5
f 14914/1/5 14910/1/5 14909/1/5
f 14915/1/5 14910/1/5 14914/1/5
f 14916/3/5 14912/3/5 14911/3/5
f 14917/3/5 14912/3/5 14916/3/5
f 14919/2/5 14914/2/5 14913/2/5
f 14920/2/5 14918/2/5 14917/2/5
f 14921/2/5 14918/2/5 14920/2/5
f 14923/2/5 14919/2/5 14913/2/5
f 14924/2/5 14919/2/5 14923/2/5
f 14925/3/5 14921/3/5 14920/3/5
f 14926/3/5 14921/3/5 14925/3/5
f 14928/2/5 14923/2/5 14922/2/5
f 14929/2/5 14923/2/5 14928/2/5
f 14930/1/5 14927/1/5 14926/1/5
f 14931/1/5 14927/1/5 14930/1/5
f 14949/2/5 14933/2/5 14932/2/5
f 14950/1/5 14934/1/5 14933/1/5
f 14950/2/5 14933/2/5 14949/2/5
f 14951/2/5 14935/2/5 14934/2/5
f 14951/1/5 14934/1/5 14950/1/5
f 14952/2/5 14935/2/5 14951/2/5
f 14953/3/5 14937/3/5 14936/3/5
f 14954/2/5 14938/2/5 14937/2/5
f 14954/3/5 14937/3/5 14953/3/5
f 14955/2/5 14938/2/5 14954/2/5
f 14957/1/5 14940/1/5 14939/1/5
f 14958/1/5 14940/1/5 14957/1/5
f 14961/3/5 14942/3/5 14941/3/5
f 14962/2/5 14943/2/5 14942/2/5
f 14962/2/5 14944/2/5 14943/2/5
f 14962/3/5 14942/3/5 14961/3/5
f 14963/2/5 14944/2/5 14962/2/5
f 14964/2/5 14946/2/5 14945/2/5
f 14965/1/5 14947/1/5 14946/1/5
f 14965/2/5 14946/2/5 14964/2/5
f 14966/1/5 14947/1/5 14965/1/5
f 14969/1/5 14949/1/5 14948/1/5
f 14970/1/5 14949/1/5 14969/1/5
f 14971/1/5 14956/1/5 14955/1/5
f 14972/3/5 14957/3/5 14956/3/5
f 14972/1/5 14956/1/5 14971/1/5
f 14973/3/5 14957/3/5 14972/3/5
f 14974/1/5 14960/1/5 14959/1/5
f 14975/3/5 14961/3/5 14960/3/5
f 14975/1/5 14960/1/5 14974/1/5
f 14976/3/5 14961/3/5 14975/3/5
f 14977/1/5 14967/1/5 14966/1/5
f 14978/1/5 14967/1/5 14977/1/5
f 14980/2/5 14969/2/5 14968/2/5
f 14981/2/5 14969/2/5 14980/2/5
f 14982/2/5 14979/2/5 14978/2/5
f 14983/2/5 14979/2/5 14982/2/5
f 14985/2/5 14984/2/5 14983/2/5
f 14986/2/5 14984/2/5 14985/2/5
f 14987/3/5 14986/3/5 14985/3/5
f 14988/3/5 14986/3/5 14987/3/5
f 14991/3/5 14990/3/5 14989/3/5
f 14992/3/5 14990/3/5 14991/3/5
f 14994/2/5 14993/2/5 14992/2/5
f 14995/2/5 14993/2/5 14994/2/5
f 14998/1/5 14995/1/5 14994/1/5
f 14999/3/5 14997/3/5 14996/3/5
f 14999/1/5 14995/1/5 14998/1/5
f 14999/3/5 14996/3/5 14995/3/5
f 15000/3/5 14997/3/5 14999/3/5
f 15003/2/5 15001/2/5 15000/2/5
f 15004/3/5 15002/3/5 15001/3/5
f 15004/2/5 15001/2/5 15003/2/5
f 15005/3/5 15002/3/5 15004/3/5
f 15009/4/5 15007/4/5 15006/4/5
f 15010/4/5 15007/4/5 15009/4/5
f 15015/4/5 15009/4/5 15008/4/5
f 15015/4/5 15010/4/5 15009/4/5
f 15015/4/5 15011/4/5 15010/4/5
f 15016/4/5 15011/4/5 15015/4/5
f 15017/4/5 15011/4/5 15016/4/5
f 15018/4/5 15011/4/5 15017/4/5
f 15019/4/5 15013/4/5 15012/4/5
f 15020/4/5 15013/4/5 15019/4/5
f 15021/4/5 15015/4/5 15014/4/5
f 15022/4/5 15015/4/5 15021/4/5
f 15023/4/5 15017/4/5 15016/4/5
f 15024/4/5 15017/4/5 15023/4/5
f 15025/4/5 15021/4/5 15020/4/5
f 15026/4/5 15021/4/5 15025/4/5
f 15032/4/5 15028/4/5 15027/4/5
f 15033/4/5 15028/4/5 15032/4/5
f 15034/4/5 15030/4/5 15029/4/5
f 15035/4/5 15030/4/5 15034/4/5
f 15038/4/5 15033/4/5 15032/4/5
f 15038/4/5 15032/4/5 15031/4/5
f 15039/4/5 15033/4/5 15038/4/5
f 15040/4/5 15033/4/5 15039/4/5
f 15041/4/5 15036/4/5 15035/4/5
f 15041/4/5 15035/4/5 15034/4/5
f 15042/4/5 15036/4/5 15041/4/5
f 15043/4/5 15036/4/5 15042/4/5
f 15044/4/5 15036/4/5 15043/4/5
f 15047/4/5 15039/4/5 15038/4/5
f 15047/4/5 15038/4/5 15037/4/5
f 15048/4/5 15039/4/5 15047/4/5
f 15049/4/5 15039/4/5 15048/4/5
f 15050/4/5 15045/4/5 15044/4/5
f 15050/4/5 15044/4/5 15043/4/5
f 15051/4/5 15045/4/5 15050/4/5
f 15052/4/5 15045/4/5 15051/4/5
f 15055/4/5 15048/4/5 15047/4/5
f 15055/4/5 15047/4/5 15046/4/5
f 15056/4/5 15048/4/5 15055/4/5
f 15057/4/5 15048/4/5 15056/4/5
f 15058/4/5 15053/4/5 15052/4/5
f 15058/4/5 15052/4/5 15051/4/5
f 15059/4/5 15053/4/5 15058/4/5
f 15060/4/5 15053/4/5 15059/4/5
f 15063/4/5 15056/4/5 15055/4/5
f 15063/4/5 15055/4/5 15054/4/5
f 15064/4/5 15056/4/5 15063/4/5
f 15065/4/5 15056/4/5 15064/4/5
f 15066/4/5 15061/4/5 15060/4/5
f 15066/4/5 15060/4/5 15059/4/5
f 15067/4/5 15061/4/5 15066/4/5
f 15068/4/5 15061/4/5 15067/4/5
f 15070/4/5 15064/4/5 15063/4/5
f 15070/4/5 15063/4/5 15062/4/5
f 15071/4/5 15064/4/5 15070/4/5
f 15072/4/5 15069/4/5 15068/4/5
f 15072/4/5 15068/4/5 15067/4/5
f 15073/4/5 15069/4/5 15072/4/5
f 15075/4/5 15070/4/5 15062/4/5
f 15076/4/5 15070/4/5 15075/4/5
f 15077/4/5 15069/4/5 15073/4/5
f 15078/4/5 15069/4/5 15077/4/5
f 15081/4/5 15075/4/5 15074/4/5
f 15082/4/5 15075/4/5 15081/4/5
f 15083/4/5 15079/4/5 15078/4/5
f 15084/4/5 15079/4/5 15083/4/5
f 15086/4/5 15085/4/5 15084/4/5
f 15088/4/5 15081/4/5 15080/4/5
f 15089/4/5 15081/4/5 15088/4/5
f 15090/4/5 15085/4/5 15086/4/5
f 15091/4/5 15085/4/5 15090/4/5
f 15094/4/5 15088/4/5 15087/4/5
f 15095/4/5 15088/4/5 15094/4/5
f 15096/4/5 15092/4/5 15091/4/5
f 15097/4/5 15092/4/5 15096/4/5
f 15099/4/5 15094/4/5 15093/4/5
f 15100/4/5 15098/4/5 15097/4/5
f 15102/4/5 15099/4/5 15093/4/5
f 15103/4/5 15099/4/5 15102/4/5
f 15104/4/5 15098/4/5 15100/4/5
f 15105/4/5 15098/4/5 15104/4/5
f 15107/4/5 15102/4/5 15101/4/5
f 15108/4/5 15102/4/5 15107/4/5
f 15109/4/5 15106/4/5 15105/4/5
f 15110/4/5 15106/4/5 15109/4/5
f 15116/4/5 15112/4/5 15111/4/5
f 15117/4/5 15112/4/5 15116/4/5
f 15118/4/5 15114/4/5 15113/4/5
f 15119/4/5 15114/4/5 15118/4/5
f 15121/4/5 15116/4/5 15115/4/5
f 15122/4/5 15116/4/5 15121/4/5
f 15123/4/5 15120/4/5 15119/4/5
f 15124/4/5 15120/4/5 15123/4/5
f 15129/4/5 15126/4/5 15125/4/5
f 15130/4/5 15126/4/5 15129/4/5
f 15131/4/5 15128/4/5 15127/4/5
f 15132/4/5 15128/4/5 15131/4/5
f 15137/4/5 15134/4/5 15133/4/5
f 15138/4/5 15136/4/5 15135/4/5
f 15139/4/5 15137/4/5 15133/4/5
f 15140/4/5 15136/4/5 15138/4/5
f 15141/4/5 15136/4/5 15140/4/5
f 15142/4/5 15136/4/5 15141/4/5
f 15143/4/5 15139/4/5 15133/4/5
f 15144/4/5 15136/4/5 15142/4/5
f 15145/4/5 15143/4/5 15133/4/5
f 15146/4/5 15136/4/5 15144/4/5
f 15147/4/5 15145/4/5 15133/4/5
f 15148/4/5 15136/4/5 15146/4/5
f 15149/4/5 15147/4/5 15133/4/5
f 15150/4/5 15136/4/5 15148/4/5
f 15151/4/5 15149/4/5 15133/4/5
f 15152/4/5 15136/4/5 15150/4/5
f 15153/4/5 15151/4/5 15133/4/5
f 15154/4/5 15153/4/5 15133/4/5
f 15155/4/5 15136/4/5 15152/4/5
f 15156/4/5 15154/4/5 15133/4/5
f 15157/4/5 15156/4/5 15133/4/5
f 15158/4/5 15157/4/5 15133/4/5
f 15159/4/5 15136/4/5 15155/4/5
f 15160/4/5 15158/4/5 15133/4/5
f 15161/4/5 15136/4/5 15159/4/5
f 15162/4/5 15160/4/5 15133/4/5
f 15163/4/5 15136/4/5 15161/4/5
f 15164/4/5 15162/4/5 15133/4/5
f 15165/4/5 15136/4/5 15163/4/5
f 15166/4/5 15164/4/5 15133/4/5
f 15167/4/5 15136/4/5 15165/4/5
f 15168/4/5 15166/4/5 15133/4/5
f 15169/4/5 15136/4/5 15167/4/5
f 15170/4/5 15168/4/5 15133/4/5
f 15171/4/5 15136/4/5 15169/4/5
f 15172/4/5 15170/4/5 15133/4/5
f 15173/4/5 15172/4/5 15133/4/5
f 15174/4/5 15136/4/5 15171/4/5
f 15175/4/5 15173/4/5 15133/4/5
f 15176/4/5 15175/4/5 15133/4/5
f 15177/4/5 15136/4/5 15174/4/5
f 15178/4/5 15176/4/5 15133/4/5
f 15179/4/5 15136/4/5 15177/4/5
f 15180/4/5 15178/4/5 15133/4/5
f 15181/4/5 15136/4/5 15179/4/5
f 15182/4/5 15180/4/5 15133/4/5
f 15183/4/5 15136/4/5 15181/4/5
f 15184/4/5 15182/4/5 15133/4/5
f 15185/4/5 15184/4/5 15133/4/5
f 15186/4/5 15136/4/5 15183/4/5
f 15187/4/5 15185/4/5 15133/4/5
f 15188/4/5 15187/4/5 15133/4/5
f 15189/4/5 15136/4/5 15186/4/5
f 15190/4/5 15188/4/5 15133/4/5
f 15191/4/5 15190/4/5 15133/4/5
f 15192/4/5 15136/4/5 15189/4/5
f 15193/4/5 15191/4/5 15133/4/5
f 15198/4/5 15136/4/5 15192/4/5
f 15199/4/5 15193/4/5 15133/4/5
f 15203/4/5 15195/4/5 15194/4/5
f 15204/4/5 15195/4/5 15203/4/5
f 15211/4/5 15197/4/5 15196/4/5
f 15212/4/5 15197/4/5 15211/4/5
f 15215/4/5 15136/4/5 15198/4/5
f 15216/4/5 15199/4/5 15133/4/5
f 15218/4/5 15202/4/5 15201/4/5
f 15218/4/5 15201/4/5 15200/4/5
f 15218/4/5 15203/4/5 15202/4/5
f 15218/4/5 15204/4/5 15203/4/5
f 15218/4/5 15205/4/5 15204/4/5
f 15218/4/5 15206/4/5 15205/4/5
f 15219/4/5 15206/4/5 15218/4/5
f 15220/4/5 15206/4/5 15219/4/5
f 15221/4/5 15206/4/5 15220/4/5
f 15223/4/5 15208/4/5 15207/4/5
f 15224/4/5 15208/4/5 15223/4/5
f 15227/4/5 15210/4/5 15209/4/5
f 15227/4/5 15214/4/5 15213/4/5
f 15227/4/5 15213/4/5 15212/4/5
f 15227/4/5 15212/4/5 15211/4/5
f 15227/4/5 15211/4/5 15210/4/5
f 15228/4/5 15214/4/5 15227/4/5
f 15229/4/5 15214/4/5 15228/4/5
f 15230/4/5 15214/4/5 15229/4/5
f 15232/4/5 15136/4/5 15215/4/5
f 15233/4/5 15216/4/5 15133/4/5
f 15234/4/5 15218/4/5 15217/4/5
f 15234/4/5 15219/4/5 15218/4/5
f 15235/4/5 15219/4/5 15234/4/5
f 15236/4/5 15219/4/5 15235/4/5
f 15237/4/5 15224/4/5 15223/4/5
f 15237/4/5 15223/4/5 15222/4/5
f 15237/4/5 15221/4/5 15220/4/5
f 15237/4/5 15222/4/5 15221/4/5
f 15238/4/5 15224/4/5 15237/4/5
f 15239/4/5 15224/4/5 15238/4/5
f 15240/4/5 15224/4/5 15239/4/5
f 15241/4/5 15226/4/5 15225/4/5
f 15241/4/5 15227/4/5 15226/4/5
f 15241/4/5 15228/4/5 15227/4/5
f 15242/4/5 15228/4/5 15241/4/5
f 15243/4/5 15231/4/5 15230/4/5
f 15243/4/5 15230/4/5 15229/4/5
f 15244/4/5 15231/4/5 15243/4/5
f 15245/4/5 15231/4/5 15244/4/5
f 15247/4/5 15136/4/5 15232/4/5
f 15248/4/5 15235/4/5 15234/4/5
f 15248/4/5 15234/4/5 15233/4/5
f 15249/4/5 15235/4/5 15248/4/5
f 15250/4/5 15239/4/5 15238/4/5
f 15251/4/5 15239/4/5 15250/4/5
f 15252/4/5 15241/4/5 15225/4/5
f 15253/4/5 15241/4/5 15252/4/5
f 15254/4/5 15246/4/5 15245/4/5
f 15254/4/5 15245/4/5 15244/4/5
f 15255/4/5 15246/4/5 15254/4/5
f 15256/4/5 15246/4/5 15255/4/5
f 15257/4/5 15136/4/5 15247/4/5
f 15258/4/5 15233/4/5 15133/4/5
f 15258/4/5 15248/4/5 15233/4/5
f 15259/4/5 15248/4/5 15258/4/5
f 15260/4/5 15256/4/5 15255/4/5
f 15261/4/5 15136/4/5 15257/4/5
f 15262/4/5 15136/4/5 15261/4/5
f 15263/4/5 15248/4/5 15259/4/5
f 15264/4/5 15248/4/5 15263/4/5
f 15265/4/5 15260/4/5 15255/4/5
f 15265/4/5 15261/4/5 15260/4/5
f 15266/4/5 15261/4/5 15265/4/5
f 15269/4/5 15268/4/5 15267/4/5
f 15270/4/5 15269/4/5 15267/4/5
f 15273/4/5 15270/4/5 15267/4/5
f 15273/4/5 15272/4/5 15271/4/5
f 15273/4/5 15271/4/5 15270/4/5
f 15274/4/5 15272/4/5 15273/4/5
f 15275/4/5 15272/4/5 15274/4/5
f 15278/4/5 15277/4/5 15276/4/5
f 15278/4/5 15276/4/5 15275/4/5
f 15278/4/5 15275/4/5 15274/4/5
f 15279/4/5 15277/4/5 15278/4/5
f 15280/4/5 15277/4/5 15279/4/5
f 15281/4/5 15277/4/5 15280/4/5
f 15288/3/5 15283/3/5 15282/3/5
f 15289/1/5 15284/1/5 15283/1/5
f 15289/3/5 15283/3/5 15288/3/5
f 15290/2/5 15286/2/5 15285/2/5
f 15291/2/5 15286/2/5 15290/2/5
f 15292/2/5 15288/2/5 15287/2/5
f 15293/2/5 15288/2/5 15292/2/5
f 15294/1/5 15284/1/5 15289/1/5
f 15295/1/5 15284/1/5 15294/1/5
f 15296/2/5 15290/2/5 15285/2/5
f 15297/1/5 15291/1/5 15290/1/5
f 15297/2/5 15290/2/5 15296/2/5
f 15298/2/5 15292/2/5 15291/2/5
f 15298/1/5 15291/1/5 15297/1/5
f 15299/2/5 15292/2/5 15298/2/5
f 15300/3/5 15298/3/5 15297/3/5
f 15301/3/5 15298/3/5 15300/3/5
f 15307/2/5 15303/2/5 15302/2/5
f 15308/2/5 15303/2/5 15307/2/5
f 15311/2/5 15305/2/5 15304/2/5
f 15312/2/5 15305/2/5 15311/2/5
f 15315/1/5 15307/1/5 15306/1/5
f 15316/3/5 15308/3/5 15307/3/5
f 15316/1/5 15307/1/5 15315/1/5
f 15317/1/5 15309/1/5 15308/1/5
f 15317/3/5 15308/3/5 15316/3/5
f 15318/1/5 15309/1/5 15317/1/5
f 15319/3/5 15311/3/5 15310/3/5
f 15319/3/5 15312/3/5 15311/3/5
f 15320/2/5 15313/2/5 15312/2/5
f 15320/3/5 15312/3/5 15319/3/5
f 15321/2/5 15313/2/5 15320/2/5
f 15324/1/5 15315/1/5 15314/1/5
f 15325/3/5 15316/3/5 15315/3/5
f 15325/1/5 15315/1/5 15324/1/5
f 15326/3/5 15316/3/5 15325/3/5
f 15327/2/5 15321/2/5 15320/2/5
f 15328/1/5 15322/1/5 15321/1/5
f 15328/2/5 15321/2/5 15327/2/5
f 15329/1/5 15322/1/5 15328/1/5
f 15331/2/5 15324/2/5 15323/2/5
f 15332/3/5 15325/3/5 15324/3/5
f 15332/2/5 15324/2/5 15331/2/5
f 15333/3/5 15325/3/5 15332/3/5
f 15334/2/5 15329/2/5 15328/2/5
f 15335/1/5 15330/1/5 15329/1/5
f 15335/2/5 15329/2/5 15334/2/5
f 15336/1/5 15330/1/5 15335/1/5
f 15338/1/5 15332/1/5 15331/1/5
f 15339/1/5 15332/1/5 15338/1/5
f 15340/2/5 15336/2/5 15335/2/5
f 15341/2/5 15336/2/5 15340/2/5
f 15344/1/5 15338/1/5 15337/1/5
f 15345/1/5 15338/1/5 15344/1/5
f 15346/3/5 15342/3/5 15341/3/5
f 15347/3/5 15342/3/5 15346/3/5
f 15350/3/5 15344/3/5 15343/3/5
f 15351/3/5 15344/3/5 15350/3/5
f 15352/2/5 15348/2/5 15347/2/5
f 15353/2/5 15348/2/5 15352/2/5
f 15355/3/5 15350/3/5 15349/3/5
f 15356/3/5 15350/3/5 15355/3/5
f 15357/2/5 15354/2/5 15353/2/5
f 15358/2/5 15354/2/5 15357/2/5
f 15360/1/5 15356/1/5 15355/1/5
f 15361/1/5 15356/1/5 15360/1/5
f 15362/3/5 15358/3/5 15357/3/5
f 15363/3/5 15358/3/5 15362/3/5
f 15365/1/5 15360/1/5 15359/1/5
f 15366/1/5 15360/1/5 15365/1/5
f 15367/3/5 15364/3/5 15363/3/5
f 15368/3/5 15364/3/5 15367/3/5
f 15374/2/5 15370/2/5 15369/2/5
f 15375/2/5 15370/2/5 15374/2/5
f 15376/1/5 15372/1/5 15371/1/5
f 15377/1/5 15372/1/5 15376/1/5
f 15379/1/5 15374/1/5 15373/1/5
f 15380/1/5 15374/1/5 15379/1/5
f 15381/1/5 15378/1/5 15377/1/5
f 15382/1/5 15378/1/5 15381/1/5
f 15387/2/5 15384/2/5 15383/2/5
f 15388/2/5 15384/2/5 15387/2/5
f 15389/3/5 15386/3/5 15385/3/5
f 15390/3/5 15386/3/5 15389/3/5
f 15396/1/5 15392/1/5 15391/1/5
f 15397/1/5 15392/1/5 15396/1/5
f 15398/3/5 15394/3/5 15393/3/5
f 15399/3/5 15394/3/5 15398/3/5
f 15401/3/5 15396/3/5 15395/3/5
f 15402/3/5 15396/3/5 15401/3/5
f 15403/2/5 15400/2/5 15399/2/5
f 15404/2/5 15400/2/5 15403/2/5
f 15409/1/5 15406/1/5 15405/1/5
f 15410/1/5 15406/1/5 15409/1/5
f 15411/2/5 15408/2/5 15407/2/5
f 15412/2/5 15408/2/5 15411/2/5
f 15417/3/5 15414/3/5 15413/3/5
f 15418/3/5 15414/3/5 15417/3/5
f 15421/1/5 15416/1/5 15415/1/5
f 15422/1/5 15416/1/5 15421/1/5
f 15423/2/5 15421/2/5 15420/2/5
f 15424/2/5 15421/2/5 15423/2/5
f 15425/1/5 15424/1/5 15423/1/5
f 15426/1/5 15424/1/5 15425/1/5
f 15427/1/5 15419/1/5 15418/1/5
f 15428/1/5 15419/1/5 15427/1/5
f 15429/3/5 15426/3/5 15425/3/5
f 15430/3/5 15426/3/5 15429/3/5
f 15431/2/5 15428/2/5 15427/2/5
f 15432/2/5 15428/2/5 15431/2/5
f 15433/2/5 15430/2/5 15429/2/5
f 15434/2/5 15430/2/5 15433/2/5
f 15435/3/5 15432/3/5 15431/3/5
f 15436/3/5 15432/3/5 15435/3/5
f 15437/2/5 15436/2/5 15435/2/5
f 15438/2/5 15436/2/5 15437/2/5
f 15439/1/5 15434/1/5 15433/1/5
f 15440/1/5 15434/1/5 15439/1/5
f 15441/3/5 15440/3/5 15439/3/5
f 15442/3/5 15440/3/5 15441/3/5
f 15443/1/5 15438/1/5 15437/1/5
f 15444/1/5 15438/1/5 15443/1/5
f 15445/2/5 15444/2/5 15443/2/5
f 15446/2/5 15444/2/5 15445/2/5
f 15447/1/5 15442/1/5 15441/1/5
f 15448/1/5 15442/1/5 15447/1/5
f 15449/3/5 15446/3/5 15445/3/5
f 15450/3/5 15446/3/5 15449/3/5
f 15451/3/5 15448/3/5 15447/3/5
f 15452/3/5 15448/3/5 15451/3/5
f 15453/2/5 15450/2/5 15449/2/5
f 15454/2/5 15450/2/5 15453/2/5
f 15455/1/5 15454/1/5 15453/1/5
f 15456/1/5 15454/1/5 15455/1/5
f 15457/1/5 15452/1/5 15451/1/5
f 15458/1/5 15452/1/5 15457/1/5
f 15459/3/5 15456/3/5 15455/3/5
f 15460/3/5 15456/3/5 15459/3/5
f 15461/3/5 15458/3/5 15457/3/5
f 15462/3/5 15458/3/5 15461/3/5
f 15463/1/5 15460/1/5 15459/1/5
f 15464/1/5 15460/1/5 15463/1/5
f 15465/2/5 15462/2/5 15461/2/5
f 15466/2/5 15462/2/5 15465/2/5
f 15467/1/5 15466/1/5 15465/1/5
f 15468/1/5 15466/1/5 15467/1/5
f 15469/2/5 15464/2/5 15463/2/5
f 15470/2/5 15464/2/5 15469/2/5
f 15471/1/5 15470/1/5 15469/1/5
f 15472/1/5 15470/1/5 15471/1/5
f 15473/3/5 15472/3/5 15471/3/5
f 15474/3/5 15472/3/5 15473/3/5
f 15475/3/5 15468/3/5 15467/3/5
f 15476/3/5 15468/3/5 15475/3/5
f 15477/1/5 15476/1/5 15475/1/5
f 15478/1/5 15476/1/5 15477/1/5
f 15479/2/5 15474/2/5 15473/2/5
f 15480/2/5 15474/2/5 15479/2/5
f 15481/2/5 15478/2/5 15477/2/5
f 15482/2/5 15478/2/5 15481/2/5
f 15483/3/5 15482/3/5 15481/3/5
f 15484/3/5 15482/3/5 15483/3/5
f 15485/3/5 15480/3/5 15479/3/5
f 15486/3/5 15480/3/5 15485/3/5
f 15487/2/5 15484/2/5 15483/2/5
f 15488/2/5 15484/2/5 15487/2/5
f 15489/1/5 15486/1/5 15485/1/5
f 15490/1/5 15486/1/5 15489/1/5
f 15491/3/5 15488/3/5 15487/3/5
f 15492/3/5 15488/3/5 15491/3/5
f 15493/2/5 15492/2/5 15491/2/5
f 15494/2/5 15492/2/5 15493/2/5
f 15495/2/5 15490/2/5 15489/2/5
f 15496/2/5 15490/2/5 15495/2/5
f 15497/3/5 15494/3/5 15493/3/5
f 15498/3/5 15494/3/5 15497/3/5
f 15499/3/5 15496/3/5 15495/3/5
f 15500/3/5 15496/3/5 15499/3/5
f 15501/1/5 15498/1/5 15497/1/5
f 15502/1/5 15498/1/5 15501/1/5
f 15503/2/5 15500/2/5 15499/2/5
f 15504/2/5 15500/2/5 15503/2/5
f 15505/3/5 15502/3/5 15501/3/5
f 15506/3/5 15502/3/5 15505/3/5
f 15507/3/5 15504/3/5 15503/3/5
f 15508/3/5 15504/3/5 15507/3/5
f 15509/1/5 15506/1/5 15505/1/5
f 15510/1/5 15506/1/5 15509/1/5
f 15511/3/5 15510/3/5 15509/3/5
f 15512/3/5 15510/3/5 15511/3/5
f 15513/2/5 15508/2/5 15507/2/5
f 15514/2/5 15508/2/5 15513/2/5
f 15515/1/5 15512/1/5 15511/1/5
f 15516/1/5 15512/1/5 15515/1/5
f 15517/1/5 15514/1/5 15513/1/5
f 15518/1/5 15514/1/5 15517/1/5
f 15519/2/5 15516/2/5 15515/2/5
f 15520/2/5 15516/2/5 15519/2/5
f 15521/3/5 15518/3/5 15517/3/5
f 15522/3/5 15518/3/5 15521/3/5
f 15523/3/5 15520/3/5 15519/3/5
f 15524/3/5 15520/3/5 15523/3/5
f 15525/2/5 15524/2/5 15523/2/5
f 15526/2/5 15524/2/5 15525/2/5
f 15527/3/5 15526/3/5 15525/3/5
f 15528/3/5 15526/3/5 15527/3/5
f 15529/1/5 15528/1/5 15527/1/5
f 15530/1/5 15528/1/5 15529/1/5
f 15531/2/5 15522/2/5 15521/2/5
f 15532/2/5 15522/2/5 15531/2/5
f 15533/2/5 15530/2/5 15529/2/5
f 15534/2/5 15530/2/5 15533/2/5
f 15535/1/5 15534/1/5 15533/1/5
f 15536/1/5 15534/1/5 15535/1/5
f 15537/1/5 15532/1/5 15531/1/5
f 15538/1/5 15532/1/5 15537/1/5
f 15548/2/5 15536/2/5 15535/2/5
f 15549/2/5 15536/2/5 15548/2/5
f 15550/2/5 15538/2/5 15537/2/5
f 15551/2/5 15538/2/5 15550/2/5
f 15553/2/5 15540/2/5 15539/2/5
f 15554/1/5 15541/1/5 15540/1/5
f 15554/2/5 15540/2/5 15553/2/5
f 15555/3/5 15542/3/5 15541/3/5
f 15555/1/5 15541/1/5 15554/1/5
f 15556/2/5 15543/2/5 15542/2/5
f 15556/3/5 15542/3/5 15555/3/5
f 15557/2/5 15543/2/5 15556/2/5
f 15562/2/5 15545/2/5 15544/2/5
f 15563/2/5 15545/2/5 15562/2/5
f 15564/1/5 15546/1/5 15545/1/5
f 15564/2/5 15545/2/5 15563/2/5
f 15565/2/5 15547/2/5 15546/2/5
f 15565/1/5 15546/1/5 15564/1/5
f 15566/2/5 15547/2/5 15565/2/5
f 15567/2/5 15547/2/5 15566/2/5
f 15569/1/5 15549/1/5 15548/1/5
f 15570/1/5 15549/1/5 15569/1/5
f 15571/3/5 15551/3/5 15550/3/5
f 15572/3/5 15551/3/5 15571/3/5
f 15574/3/5 15553/3/5 15552/3/5
f 15575/1/5 15554/1/5 15553/1/5
f 15575/3/5 15553/3/5 15574/3/5
f 15576/2/5 15555/2/5 15554/2/5
f 15576/1/5 15554/1/5 15575/1/5
f 15577/1/5 15556/1/5 15555/1/5
f 15577/1/5 15557/1/5 15556/1/5
f 15578/1/5 15557/1/5 15577/1/5
f 15579/3/5 15558/3/5 15557/3/5
f 15579/1/5 15557/1/5 15578/1/5
f 15580/3/5 15558/3/5 15579/3/5
f 15582/3/5 15560/3/5 15559/3/5
f 15583/3/5 15560/3/5 15582/3/5
f 15586/2/5 15563/2/5 15562/2/5
f 15586/2/5 15562/2/5 15561/2/5
f 15587/2/5 15563/2/5 15586/2/5
f 15588/1/5 15564/1/5 15563/1/5
f 15588/2/5 15563/2/5 15587/2/5
f 15589/2/5 15565/2/5 15564/2/5
f 15589/1/5 15564/1/5 15588/1/5
f 15589/2/5 15566/2/5 15565/2/5
f 15590/2/5 15566/2/5 15589/2/5
f 15591/1/5 15568/1/5 15567/1/5
f 15593/2/5 15572/2/5 15571/2/5
f 15594/2/5 15572/2/5 15593/2/5
f 15595/3/5 15574/3/5 15573/3/5
f 15596/2/5 15575/2/5 15574/2/5
f 15596/3/5 15574/3/5 15595/3/5
f 15597/3/5 15576/3/5 15575/3/5
f 15597/2/5 15575/2/5 15596/2/5
f 15598/2/5 15555/2/5 15576/2/5
f 15598/3/5 15576/3/5 15597/3/5
f 15599/3/5 15578/3/5 15577/3/5
f 15599/1/5 15577/1/5 15555/1/5
f 15600/2/5 15579/2/5 15578/2/5
f 15600/3/5 15578/3/5 15599/3/5
f 15600/2/5 15580/2/5 15579/2/5
f 15601/2/5 15580/2/5 15600/2/5
f 15602/1/5 15581/1/5 15580/1/5
f 15602/2/5 15580/2/5 15601/2/5
f 15603/1/5 15583/1/5 15582/1/5
f 15603/2/5 15582/2/5 15581/2/5
f 15604/1/5 15583/1/5 15603/1/5
f 15605/2/5 15585/2/5 15584/2/5
f 15606/1/5 15587/1/5 15586/1/5
f 15606/2/5 15585/2/5 15605/2/5
f 15606/1/5 15586/1/5 15585/1/5
f 15607/1/5 15587/1/5 15606/1/5
f 15608/2/5 15588/2/5 15587/2/5
f 15608/1/5 15587/1/5 15607/1/5
f 15609/3/5 15589/3/5 15588/3/5
f 15609/2/5 15588/2/5 15608/2/5
f 15609/3/5 15590/3/5 15589/3/5
f 15610/3/5 15590/3/5 15609/3/5
f 15611/2/5 15566/2/5 15590/2/5
f 15611/3/5 15590/3/5 15610/3/5
f 15612/3/5 15567/3/5 15566/3/5
f 15612/2/5 15566/2/5 15611/2/5
f 15613/1/5 15591/1/5 15567/1/5
f 15613/3/5 15567/3/5 15612/3/5
f 15614/3/5 15592/3/5 15591/3/5
f 15614/1/5 15591/1/5 15613/1/5
f 15615/3/5 15592/3/5 15614/3/5
f 15616/3/5 15570/3/5 15569/3/5
f 15617/3/5 15570/3/5 15616/3/5
f 15618/2/5 15596/2/5 15595/2/5
f 15619/3/5 15597/3/5 15596/3/5
f 15619/2/5 15596/2/5 15618/2/5
f 15620/2/5 15598/2/5 15597/2/5
f 15620/3/5 15597/3/5 15619/3/5
f 15621/2/5 15555/2/5 15598/2/5
f 15621/2/5 15598/2/5 15620/2/5
f 15621/1/5 15599/1/5 15555/1/5
f 15622/2/5 15600/2/5 15599/2/5
f 15622/1/5 15599/1/5 15621/1/5
f 15623/1/5 15607/1/5 15606/1/5
f 15623/1/5 15606/1/5 15605/1/5
f 15624/2/5 15608/2/5 15607/2/5
f 15624/1/5 15607/1/5 15623/1/5
f 15625/1/5 15610/1/5 15609/1/5
f 15625/2/5 15608/2/5 15624/2/5
f 15625/1/5 15609/1/5 15608/1/5
f 15626/1/5 15610/1/5 15625/1/5
f 15627/2/5 15611/2/5 15610/2/5
f 15627/1/5 15610/1/5 15626/1/5
f 15628/1/5 15612/1/5 15611/1/5
f 15628/2/5 15611/2/5 15627/2/5
f 15629/2/5 15613/2/5 15612/2/5
f 15629/1/5 15612/1/5 15628/1/5
f 15630/1/5 15614/1/5 15613/1/5
f 15630/2/5 15613/2/5 15629/2/5
f 15631/2/5 15615/2/5 15614/2/5
f 15631/1/5 15614/1/5 15630/1/5
f 15632/1/5 15619/1/5 15618/1/5
f 15633/2/5 15620/2/5 15619/2/5
f 15633/1/5 15619/1/5 15632/1/5
f 15634/3/5 15621/3/5 15620/3/5
f 15634/2/5 15620/2/5 15633/2/5
f 15635/3/5 15621/3/5 15634/3/5
f 15636/2/5 15622/2/5 15621/2/5
f 15636/3/5 15621/3/5 15635/3/5
f 15637/2/5 15600/2/5 15622/2/5
f 15637/2/5 15622/2/5 15636/2/5
f 15638/3/5 15601/3/5 15600/3/5
f 15638/2/5 15600/2/5 15637/2/5
f 15639/1/5 15602/1/5 15601/1/5
f 15639/3/5 15601/3/5 15638/3/5
f 15640/1/5 15581/1/5 15602/1/5
f 15640/1/5 15602/1/5 15639/1/5
f 15640/2/5 15603/2/5 15581/2/5
f 15641/3/5 15604/3/5 15603/3/5
f 15641/2/5 15603/2/5 15640/2/5
f 15642/3/5 15604/3/5 15641/3/5
f 15643/3/5 15624/3/5 15623/3/5
f 15644/1/5 15626/1/5 15625/1/5
f 15644/3/5 15624/3/5 15643/3/5
f 15644/1/5 15625/1/5 15624/1/5
f 15645/2/5 15627/2/5 15626/2/5
f 15645/1/5 15626/1/5 15644/1/5
f 15646/1/5 15628/1/5 15627/1/5
f 15646/2/5 15627/2/5 15645/2/5
f 15647/3/5 15630/3/5 15629/3/5
f 15647/1/5 15628/1/5 15646/1/5
f 15647/3/5 15629/3/5 15628/3/5
f 15648/2/5 15631/2/5 15630/2/5
f 15648/3/5 15630/3/5 15647/3/5
f 15649/2/5 15615/2/5 15631/2/5
f 15649/2/5 15631/2/5 15648/2/5
f 15650/3/5 15633/3/5 15632/3/5
f 15651/2/5 15635/2/5 15634/2/5
f 15651/3/5 15633/3/5 15650/3/5
f 15651/2/5 15634/2/5 15633/2/5
f 15652/2/5 15635/2/5 15651/2/5
f 15653/3/5 15637/3/5 15636/3/5
f 15653/2/5 15635/2/5 15652/2/5
f 15653/3/5 15636/3/5 15635/3/5
f 15654/2/5 15638/2/5 15637/2/5
f 15654/3/5 15637/3/5 15653/3/5
f 15655/1/5 15639/1/5 15638/1/5
f 15655/2/5 15638/2/5 15654/2/5
f 15656/1/5 15639/1/5 15655/1/5
f 15657/1/5 15652/1/5 15651/1/5
f 15658/3/5 15654/3/5 15653/3/5
f 15658/1/5 15652/1/5 15657/1/5
f 15658/3/5 15653/3/5 15652/3/5
f 15659/3/5 15654/3/5 15658/3/5
f 15660/3/5 15654/3/5 15659/3/5
f 15661/1/5 15655/1/5 15654/1/5
f 15661/3/5 15654/3/5 15660/3/5
f 15662/3/5 15656/3/5 15655/3/5
f 15662/1/5 15655/1/5 15661/1/5
f 15667/3/5 15659/3/5 15658/3/5
f 15668/1/5 15660/1/5 15659/1/5
f 15668/3/5 15659/3/5 15667/3/5
f 15669/3/5 15661/3/5 15660/3/5
f 15669/1/5 15660/1/5 15668/1/5
f 15669/3/5 15662/3/5 15661/3/5
f 15670/3/5 15656/3/5 15662/3/5
f 15670/3/5 15662/3/5 15669/3/5
f 15671/1/5 15664/1/5 15663/1/5
f 15672/3/5 15665/3/5 15664/3/5
f 15672/1/5 15664/1/5 15671/1/5
f 15673/1/5 15666/1/5 15665/1/5
f 15673/3/5 15665/3/5 15672/3/5
f 15674/1/5 15666/1/5 15673/1/5
f 15678/3/5 15677/3/5 15676/3/5
f 15681/2/5 15676/2/5 15675/2/5
f 15682/3/5 15678/3/5 15676/3/5
f 15682/2/5 15676/2/5 15681/2/5
f 15682/3/5 15679/3/5 15678/3/5
f 15683/3/5 15679/3/5 15682/3/5
f 15684/2/5 15680/2/5 15679/2/5
f 15684/3/5 15679/3/5 15683/3/5
f 15685/2/5 15680/2/5 15684/2/5
f 15687/1/5 15683/1/5 15682/1/5
f 15688/2/5 15686/2/5 15685/2/5
f 15688/1/5 15683/1/5 15687/1/5
f 15688/2/5 15685/2/5 15684/2/5
f 15688/2/5 15684/2/5 15683/2/5
f 15689/2/5 15686/2/5 15688/2/5
f 15690/2/5 15686/2/5 15689/2/5
f 15691/2/5 15686/2/5 15690/2/5
f 15692/3/5 15689/3/5 15688/3/5
f 15693/2/5 15690/2/5 15689/2/5
f 15693/3/5 15689/3/5 15692/3/5
f 15694/3/5 15691/3/5 15690/3/5
f 15694/2/5 15690/2/5 15693/2/5
f 15695/3/5 15691/3/5 15694/3/5
f 15699/2/5 15697/2/5 15696/2/5
f 15700/2/5 15697/2/5 15699/2/5
f 15704/3/5 15699/3/5 15698/3/5
f 15705/1/5 15700/1/5 15699/1/5
f 15705/3/5 15699/3/5 15704/3/5
f 15706/3/5 15701/3/5 15700/3/5
f 15706/1/5 15700/1/5 15705/1/5
f 15707/1/5 15702/1/5 15701/1/5
f 15707/3/5 15701/3/5 15706/3/5
f 15708/1/5 15702/1/5 15707/1/5
f 15709/2/5 15703/2/5 15702/2/5
f 15709/1/5 15702/1/5 15708/1/5
f 15710/2/5 15703/2/5 15709/2/5
f 15711/1/5 15705/1/5 15704/1/5
f 15712/2/5 15706/2/5 15705/2/5
f 15712/1/5 15705/1/5 15711/1/5
f 15713/3/5 15707/3/5 15706/3/5
f 15713/2/5 15706/2/5 15712/2/5
f 15714/2/5 15708/2/5 15707/2/5
f 15714/3/5 15707/3/5 15713/3/5
f 15715/2/5 15708/2/5 15714/2/5
f 15716/1/5 15714/1/5 15713/1/5
f 15717/1/5 15714/1/5 15716/1/5
f 15725/2/5 15719/2/5 15718/2/5
f 15726/1/5 15721/1/5 15720/1/5
f 15726/2/5 15719/2/5 15725/2/5
f 15726/1/5 15720/1/5 15719/1/5
f 15727/1/5 15721/1/5 15726/1/5
f 15728/1/5 15721/1/5 15727/1/5
f 15729/2/5 15723/2/5 15722/2/5
f 15730/3/5 15724/3/5 15723/3/5
f 15730/2/5 15723/2/5 15729/2/5
f 15731/3/5 15724/3/5 15730/3/5
f 15733/3/5 15726/3/5 15725/3/5
f 15734/3/5 15726/3/5 15733/3/5
f 15735/3/5 15724/3/5 15731/3/5
f 15736/3/5 15724/3/5 15735/3/5
f 15739/3/5 15733/3/5 15732/3/5
f 15740/3/5 15733/3/5 15739/3/5
f 15741/2/5 15737/2/5 15736/2/5
f 15742/2/5 15737/2/5 15741/2/5
f 15745/1/5 15739/1/5 15738/1/5
f 15746/1/5 15739/1/5 15745/1/5
f 15747/2/5 15743/2/5 15742/2/5
f 15748/2/5 15743/2/5 15747/2/5
f 15750/2/5 15745/2/5 15744/2/5
f 15751/2/5 15745/2/5 15750/2/5
f 15752/3/5 15749/3/5 15748/3/5
f 15753/3/5 15749/3/5 15752/3/5
f 15755/1/5 15751/1/5 15750/1/5
f 15756/1/5 15751/1/5 15755/1/5
f 15757/2/5 15753/2/5 15752/2/5
f 15758/2/5 15753/2/5 15757/2/5
f 15761/1/5 15755/1/5 15754/1/5
f 15762/1/5 15755/1/5 15761/1/5
f 15763/3/5 15759/3/5 15758/3/5
f 15764/3/5 15759/3/5 15763/3/5
f 15766/2/5 15761/2/5 15760/2/5
f 15767/2/5 15761/2/5 15766/2/5
f 15768/2/5 15765/2/5 15764/2/5
f 15769/2/5 15765/2/5 15768/2/5
f 15775/3/5 15771/3/5 15770/3/5
f 15776/3/5 15771/3/5 15775/3/5
f 15777/3/5 15773/3/5 15772/3/5
f 15778/3/5 15773/3/5 15777/3/5
f 15780/3/5 15775/3/5 15774/3/5
f 15781/3/5 15779/3/5 15778/3/5
f 15782/3/5 15779/3/5 15781/3/5
f 15784/3/5 15780/3/5 15774/3/5
f 15785/3/5 15780/3/5 15784/3/5
f 15786/1/5 15782/1/5 15781/1/5
f 15787/1/5 15782/1/5 15786/1/5
f 15789/1/5 15784/1/5 15783/1/5
f 15790/1/5 15784/1/5 15789/1/5
f 15791/3/5 15788/3/5 15787/3/5
f 15792/3/5 15788/3/5 15791/3/5
f 15797/1/5 15794/1/5 15793/1/5
f 15798/1/5 15794/1/5 15797/1/5
f 15799/2/5 15796/2/5 15795/2/5
f 15800/2/5 15796/2/5 15799/2/5
f 15806/1/5 15802/1/5 15801/1/5
f 15807/1/5 15802/1/5 15806/1/5
f 15808/1/5 15804/1/5 15803/1/5
f 15809/1/5 15804/1/5 15808/1/5
f 15811/3/5 15806/3/5 15805/3/5
f 15812/3/5 15806/3/5 15811/3/5
f 15813/3/5 15810/3/5 15809/3/5
f 15814/3/5 15810/3/5 15813/3/5
f 15820/2/5 15816/2/5 15815/2/5
f 15821/2/5 15816/2/5 15820/2/5
f 15822/2/5 15818/2/5 15817/2/5
f 15823/2/5 15818/2/5 15822/2/5
f 15825/1/5 15820/1/5 15819/1/5
f 15826/1/5 15820/1/5 15825/1/5
f 15827/3/5 15824/3/5 15823/3/5
f 15828/3/5 15826/3/5 15825/3/5
f 15829/3/5 15826/3/5 15828/3/5
f 15830/3/5 15824/3/5 15827/3/5
f 15831/3/5 15824/3/5 15830/3/5
f 15836/3/5 15835/3/5 15834/3/5
f 15837/2/5 15833/2/5 15832/2/5
f 15838/2/5 15833/2/5 15837/2/5
f 15839/3/5 15835/3/5 15836/3/5
f 15840/3/5 15835/3/5 15839/3/5
f 15841/3/5 15838/3/5 15837/3/5
f 15842/3/5 15838/3/5 15841/3/5
f 15843/2/5 15840/2/5 15839/2/5
f 15844/2/5 15840/2/5 15843/2/5
f 15847/1/5 15844/1/5 15843/1/5
f 15848/2/5 15846/2/5 15845/2/5
f 15849/2/5 15846/2/5 15848/2/5
f 15850/1/5 15844/1/5 15847/1/5
f 15851/1/5 15844/1/5 15850/1/5
f 15852/3/5 15849/3/5 15848/3/5
f 15853/3/5 15849/3/5 15852/3/5
f 15854/3/5 15851/3/5 15850/3/5
f 15855/3/5 15851/3/5 15854/3/5
f 15856/1/5 15855/1/5 15854/1/5
f 15857/1/5 15853/1/5 15852/1/5
f 15858/1/5 15853/1/5 15857/1/5
f 15859/2/5 15858/2/5 15857/2/5
f 15860/2/5 15858/2/5 15859/2/5
f 15861/1/5 15855/1/5 15856/1/5
f 15862/1/5 15855/1/5 15861/1/5
f 15863/1/5 15860/1/5 15859/1/5
f 15864/2/5 15862/2/5 15861/2/5
f 15865/2/5 15862/2/5 15864/2/5
f 15866/1/5 15863/1/5 15859/1/5
f 15867/1/5 15863/1/5 15866/1/5
f 15868/2/5 15867/2/5 15866/2/5
f 15869/2/5 15867/2/5 15868/2/5
f 15870/3/5 15865/3/5 15864/3/5
f 15871/3/5 15865/3/5 15870/3/5
f 15872/1/5 15869/1/5 15868/1/5
f 15873/1/5 15869/1/5 15872/1/5
f 15874/1/5 15871/1/5 15870/1/5
f 15875/1/5 15871/1/5 15874/1/5
f 15876/3/5 15873/3/5 15872/3/5
f 15877/3/5 15873/3/5 15876/3/5
f 15878/3/5 15875/3/5 15874/3/5
f 15879/3/5 15875/3/5 15878/3/5
f 15880/1/5 15879/1/5 15878/1/5
f 15881/1/5 15879/1/5 15880/1/5
f 15882/1/5 15877/1/5 15876/1/5
f 15883/1/5 15877/1/5 15882/1/5
f 15884/2/5 15881/2/5 15880/2/5
f 15885/2/5 15881/2/5 15884/2/5
f 15886/3/5 15883/3/5 15882/3/5
f 15887/3/5 15883/3/5 15886/3/5
f 15888/2/5 15887/2/5 15886/2/5
f 15889/2/5 15887/2/5 15888/2/5
f 15890/1/5 15885/1/5 15884/1/5
f 15891/1/5 15885/1/5 15890/1/5
f 15892/1/5 15885/1/5 15891/1/5
f 15893/1/5 15889/1/5 15888/1/5
f 15894/1/5 15889/1/5 15893/1/5
f 15895/2/5 15892/2/5 15891/2/5
f 15896/2/5 15892/2/5 15895/2/5
f 15897/3/5 15896/3/5 15895/3/5
f 15898/3/5 15896/3/5 15897/3/5
f 15899/3/5 15896/3/5 15898/3/5
f 15900/3/5 15894/3/5 15893/3/5
f 15901/3/5 15894/3/5 15900/3/5
f 15902/2/5 15899/2/5 15898/2/5
f 15903/2/5 15899/2/5 15902/2/5
f 15904/1/5 15901/1/5 15900/1/5
f 15905/3/5 15903/3/5 15902/3/5
f 15906/3/5 15903/3/5 15905/3/5
f 15907/1/5 15906/1/5 15905/1/5
f 15908/1/5 15906/1/5 15907/1/5
f 15909/1/5 15904/1/5 15900/1/5
f 15910/2/5 15908/2/5 15907/2/5
f 15911/2/5 15908/2/5 15910/2/5
f 15912/1/5 15909/1/5 15900/1/5
f 15913/1/5 15909/1/5 15912/1/5
f 15914/1/5 15911/1/5 15910/1/5
f 15915/1/5 15911/1/5 15914/1/5
f 15916/2/5 15913/2/5 15912/2/5
f 15917/2/5 15913/2/5 15916/2/5
f 15918/2/5 15915/2/5 15914/2/5
f 15919/1/5 15917/1/5 15916/1/5
f 15920/1/5 15917/1/5 15919/1/5
f 15921/2/5 15915/2/5 15918/2/5
f 15922/2/5 15915/2/5 15921/2/5
f 15923/2/5 15920/2/5 15919/2/5
f 15924/2/5 15920/2/5 15923/2/5
f 15925/3/5 15922/3/5 15921/3/5
f 15926/3/5 15922/3/5 15925/3/5
f 15927/1/5 15924/1/5 15923/1/5
f 15928/1/5 15924/1/5 15927/1/5
f 15929/2/5 15926/2/5 15925/2/5
f 15930/2/5 15926/2/5 15929/2/5
f 15931/2/5 15928/2/5 15927/2/5
f 15932/2/5 15928/2/5 15931/2/5
f 15933/1/5 15930/1/5 15929/1/5
f 15934/1/5 15930/1/5 15933/1/5
f 15935/3/5 15932/3/5 15931/3/5
f 15936/3/5 15932/3/5 15935/3/5
f 15937/2/5 15934/2/5 15933/2/5
f 15938/2/5 15934/2/5 15937/2/5
f 15939/2/5 15936/2/5 15935/2/5
f 15940/2/5 15936/2/5 15939/2/5
f 15941/3/5 15938/3/5 15937/3/5
f 15942/3/5 15938/3/5 15941/3/5
f 15943/3/5 15938/3/5 15942/3/5
f 15944/1/5 15940/1/5 15939/1/5
f 15945/1/5 15940/1/5 15944/1/5
f 15946/1/5 15943/1/5 15942/1/5
f 15947/1/5 15943/1/5 15946/1/5
f 15948/2/5 15945/2/5 15944/2/5
f 15949/2/5 15945/2/5 15948/2/5
f 15950/2/5 15947/2/5 15946/2/5
f 15951/3/5 15949/3/5 15948/3/5
f 15952/3/5 15949/3/5 15951/3/5
f 15953/2/5 15947/2/5 15950/2/5
f 15954/2/5 15947/2/5 15953/2/5
f 15955/2/5 15952/2/5 15951/2/5
f 15956/2/5 15952/2/5 15955/2/5
f 15957/3/5 15954/3/5 15953/3/5
f 15958/3/5 15954/3/5 15957/3/5
f 15959/3/5 15956/3/5 15955/3/5
f 15960/3/5 15956/3/5 15959/3/5
f 15961/1/5 15958/1/5 15957/1/5
f 15962/1/5 15958/1/5 15961/1/5
f 15963/1/5 15960/1/5 15959/1/5
f 15964/1/5 15960/1/5 15963/1/5
f 15965/2/5 15962/2/5 15961/2/5
f 15966/2/5 15962/2/5 15965/2/5
f 15967/3/5 15964/3/5 15963/3/5
f 15968/3/5 15964/3/5 15967/3/5
f 15969/3/5 15966/3/5 15965/3/5
f 15970/3/5 15966/3/5 15969/3/5
f 15973/1/5 15972/1/5 15971/1/5
f 15974/1/5 15972/1/5 15973/1/5
f 15989/1/5 15976/1/5 15975/1/5
f 15989/1/5 15977/1/5 15976/1/5
f 15990/2/5 15978/2/5 15977/2/5
f 15990/1/5 15977/1/5 15989/1/5
f 15991/2/5 15978/2/5 15990/2/5
f 15992/3/5 15980/3/5 15979/3/5
f 15993/1/5 15981/1/5 15980/1/5
f 15993/3/5 15980/3/5 15992/3/5
f 15994/3/5 15982/3/5 15981/3/5
f 15994/1/5 15981/1/5 15993/1/5
f 15994/3/5 15983/3/5 15982/3/5
f 15995/3/5 15983/3/5 15994/3/5
f 15996/2/5 15984/2/5 15983/2/5
f 15996/3/5 15983/3/5 15995/3/5
f 15997/3/5 15985/3/5 15984/3/5
f 15997/2/5 15984/2/5 15996/2/5
f 15998/3/5 15987/3/5 15986/3/5
f 15998/2/5 15986/2/5 15985/2/5
f 15999/1/5 15988/1/5 15987/1/5
f 15999/3/5 15987/3/5 15998/3/5
f 16000/1/5 15988/1/5 15999/1/5
f 16001/1/5 15996/1/5 15995/1/5
f 16002/3/5 15997/3/5 15996/3/5
f 16002/1/5 15996/1/5 16001/1/5
f 16003/3/5 15985/3/5 15997/3/5
f 16003/3/5 15997/3/5 16002/3/5
f 16004/2/5 15998/2/5 15985/2/5
f 16004/3/5 15985/3/5 16003/3/5
f 16005/2/5 15998/2/5 16004/2/5
f 16006/1/5 16001/1/5 15995/1/5
f 16007/1/5 16001/1/5 16006/1/5
f 16008/1/5 16005/1/5 16004/1/5
f 16009/1/5 16005/1/5 16008/1/5
f 16014/1/5 16011/1/5 16010/1/5
f 16016/1/5 16013/1/5 16012/1/5
f 16017/1/5 16013/1/5 16016/1/5
f 16018/1/5 16015/1/5 16014/1/5
f 16018/1/5 16014/1/5 16010/1/5
f 16019/1/5 16015/1/5 16018/1/5
f 16022/3/5 16017/3/5 16016/3/5
f 16023/3/5 16017/3/5 16022/3/5
f 16024/2/5 16021/2/5 16020/2/5
f 16025/2/5 16021/2/5 16024/2/5
f 16028/1/5 16027/1/5 16026/1/5
f 16029/1/5 16027/1/5 16028/1/5
f 16035/2/5 16029/2/5 16028/2/5
f 16035/2/5 16030/2/5 16029/2/5
f 16036/1/5 16031/1/5 16030/1/5
f 16036/2/5 16030/2/5 16035/2/5
f 16037/2/5 16032/2/5 16031/2/5
f 16037/1/5 16031/1/5 16036/1/5
f 16038/2/5 16032/2/5 16037/2/5
f 16039/2/5 16034/2/5 16033/2/5
f 16040/2/5 16034/2/5 16039/2/5
f 16041/1/5 16036/1/5 16035/1/5
f 16041/1/5 16037/1/5 16036/1/5
f 16041/1/5 16038/1/5 16037/1/5
f 16042/1/5 16038/1/5 16041/1/5
f 16043/1/5 16038/1/5 16042/1/5
f 16044/1/5 16038/1/5 16043/1/5
f 16050/3/5 16046/3/5 16045/3/5
f 16051/3/5 16046/3/5 16050/3/5
f 16052/2/5 16048/2/5 16047/2/5
f 16055/2/5 16051/2/5 16050/2/5
f 16055/2/5 16050/2/5 16049/2/5
f 16056/2/5 16051/2/5 16055/2/5
f 16057/2/5 16051/2/5 16056/2/5
f 16058/2/5 16053/2/5 16052/2/5
f 16058/2/5 16052/2/5 16047/2/5
f 16059/2/5 16053/2/5 16058/2/5
f 16062/3/5 16055/3/5 16054/3/5
f 16063/3/5 16055/3/5 16062/3/5
f 16064/1/5 16060/1/5 16059/1/5
f 16065/1/5 16060/1/5 16064/1/5
f 16067/2/5 16063/2/5 16062/2/5
f 16067/1/5 16062/1/5 16061/1/5
f 16068/2/5 16063/2/5 16067/2/5
f 16069/3/5 16065/3/5 16064/3/5
f 16070/2/5 16066/2/5 16065/2/5
f 16070/3/5 16065/3/5 16069/3/5
f 16072/1/5 16067/1/5 16061/1/5
f 16073/1/5 16067/1/5 16072/1/5
f 16074/2/5 16066/2/5 16070/2/5
f 16075/2/5 16066/2/5 16074/2/5
f 16078/2/5 16072/2/5 16071/2/5
f 16079/2/5 16072/2/5 16078/2/5
f 16080/3/5 16076/3/5 16075/3/5
f 16081/3/5 16076/3/5 16080/3/5
f 16083/3/5 16078/3/5 16077/3/5
f 16084/1/5 16082/1/5 16081/1/5
f 16086/3/5 16083/3/5 16077/3/5
f 16087/3/5 16083/3/5 16086/3/5
f 16088/1/5 16082/1/5 16084/1/5
f 16089/1/5 16082/1/5 16088/1/5
f 16091/3/5 16086/3/5 16085/3/5
f 16092/3/5 16086/3/5 16091/3/5
f 16093/2/5 16090/2/5 16089/2/5
f 16094/2/5 16090/2/5 16093/2/5
f 16100/2/5 16096/2/5 16095/2/5
f 16101/2/5 16096/2/5 16100/2/5
f 16102/3/5 16098/3/5 16097/3/5
f 16103/3/5 16098/3/5 16102/3/5
f 16105/3/5 16100/3/5 16099/3/5
f 16106/3/5 16100/3/5 16105/3/5
f 16107/1/5 16104/1/5 16103/1/5
f 16108/1/5 16104/1/5 16107/1/5
f 16113/1/5 16110/1/5 16109/1/5
f 16114/1/5 16110/1/5 16113/1/5
f 16115/2/5 16112/2/5 16111/2/5
f 16116/2/5 16112/2/5 16115/2/5
f 16121/1/5 16118/1/5 16117/1/5
f 16122/1/5 16118/1/5 16121/1/5
f 16123/1/5 16120/1/5 16119/1/5
f 16124/1/5 16120/1/5 16123/1/5
f 16129/3/5 16126/3/5 16125/3/5
f 16130/3/5 16126/3/5 16129/3/5
f 16131/3/5 16128/3/5 16127/3/5
f 16132/3/5 16128/3/5 16131/3/5
f 16137/1/5 16134/1/5 16133/1/5
f 16138/1/5 16134/1/5 16137/1/5
f 16139/2/5 16136/2/5 16135/2/5
f 16140/2/5 16136/2/5 16139/2/5
f 16145/3/5 16142/3/5 16141/3/5
f 16146/3/5 16142/3/5 16145/3/5
f 16147/3/5 16144/3/5 16143/3/5
f 16148/3/5 16144/3/5 16147/3/5
f 16151/1/5 16150/1/5 16149/1/5
f 16152/1/5 16150/1/5 16151/1/5
f 16163/3/5 16154/3/5 16153/3/5
f 16164/3/5 16154/3/5 16163/3/5
f 16165/3/5 16154/3/5 16164/3/5
f 16166/2/5 16155/2/5 16154/2/5
f 16166/3/5 16154/3/5 16165/3/5
f 16167/2/5 16155/2/5 16166/2/5
f 16168/1/5 16157/1/5 16156/1/5
f 16169/2/5 16158/2/5 16157/2/5
f 16169/1/5 16157/1/5 16168/1/5
f 16169/2/5 16159/2/5 16158/2/5
f 16170/2/5 16159/2/5 16169/2/5
f 16171/1/5 16161/1/5 16160/1/5
f 16172/3/5 16162/3/5 16161/3/5
f 16172/1/5 16161/1/5 16171/1/5
f 16173/3/5 16162/3/5 16172/3/5
f 16174/2/5 16164/2/5 16163/2/5
f 16175/1/5 16165/1/5 16164/1/5
f 16175/2/5 16164/2/5 16174/2/5
f 16176/3/5 16167/3/5 16166/3/5
f 16176/1/5 16165/1/5 16175/1/5
f 16176/3/5 16166/3/5 16165/3/5
f 16177/3/5 16167/3/5 16176/3/5
f 16178/2/5 16169/2/5 16168/2/5
f 16179/3/5 16170/3/5 16169/3/5
f 16179/2/5 16169/2/5 16178/2/5
f 16180/3/5 16170/3/5 16179/3/5
f 16181/3/5 16172/3/5 16171/3/5
f 16182/3/5 16172/3/5 16181/3/5
f 16185/2/5 16184/2/5 16183/2/5
f 16186/2/5 16184/2/5 16185/2/5
f 16193/3/5 16188/3/5 16187/3/5
f 16194/2/5 16189/2/5 16188/2/5
f 16194/3/5 16188/3/5 16193/3/5
f 16195/3/5 16190/3/5 16189/3/5
f 16195/2/5 16189/2/5 16194/2/5
f 16196/3/5 16190/3/5 16195/3/5
f 16197/3/5 16192/3/5 16191/3/5
f 16198/3/5 16192/3/5 16197/3/5
f 16204/2/5 16200/2/5 16199/2/5
f 16205/2/5 16200/2/5 16204/2/5
f 16206/1/5 16202/1/5 16201/1/5
f 16208/2/5 16205/2/5 16204/2/5
f 16208/2/5 16204/2/5 16203/2/5
f 16209/2/5 16205/2/5 16208/2/5
f 16210/2/5 16205/2/5 16209/2/5
f 16211/1/5 16207/1/5 16206/1/5
f 16211/1/5 16206/1/5 16201/1/5
f 16212/1/5 16207/1/5 16211/1/5
f 16214/1/5 16209/1/5 16208/1/5
f 16215/1/5 16209/1/5 16214/1/5
f 16216/1/5 16207/1/5 16212/1/5
f 16217/1/5 16207/1/5 16216/1/5
f 16220/1/5 16214/1/5 16213/1/5
f 16221/1/5 16214/1/5 16220/1/5
f 16222/2/5 16218/2/5 16217/2/5
f 16223/2/5 16218/2/5 16222/2/5
f 16225/2/5 16220/2/5 16219/2/5
f 16226/2/5 16220/2/5 16225/2/5
f 16227/2/5 16224/2/5 16223/2/5
f 16228/2/5 16224/2/5 16227/2/5
f 16234/3/5 16230/3/5 16229/3/5
f 16235/3/5 16230/3/5 16234/3/5
f 16236/2/5 16232/2/5 16231/2/5
f 16237/2/5 16232/2/5 16236/2/5
f 16239/1/5 16234/1/5 16233/1/5
f 16240/1/5 16234/1/5 16239/1/5
f 16241/2/5 16238/2/5 16237/2/5
f 16242/2/5 16238/2/5 16241/2/5
f 16247/1/5 16244/1/5 16243/1/5
f 16248/1/5 16244/1/5 16247/1/5
f 16249/1/5 16246/1/5 16245/1/5
f 16250/1/5 16246/1/5 16249/1/5
f 16256/1/5 16252/1/5 16251/1/5
f 16257/1/5 16252/1/5 16256/1/5
f 16258/2/5 16254/2/5 16253/2/5
f 16259/2/5 16254/2/5 16258/2/5
f 16261/1/5 16256/1/5 16255/1/5
f 16262/1/5 16256/1/5 16261/1/5
f 16263/3/5 16260/3/5 16259/3/5
f 16264/3/5 16260/3/5 16263/3/5
f 16269/2/5 16266/2/5 16265/2/5
f 16270/2/5 16266/2/5 16269/2/5
f 16271/3/5 16268/3/5 16267/3/5
f 16272/3/5 16268/3/5 16271/3/5
f 16277/2/5 16274/2/5 16273/2/5
f 16278/2/5 16274/2/5 16277/2/5
f 16279/3/5 16276/3/5 16275/3/5
f 16280/3/5 16276/3/5 16279/3/5
f 16285/1/5 16282/1/5 16281/1/5
f 16286/1/5 16282/1/5 16285/1/5
f 16287/2/5 16284/2/5 16283/2/5
f 16288/2/5 16284/2/5 16287/2/5
f 16293/1/5 16290/1/5 16289/1/5
f 16294/1/5 16290/1/5 16293/1/5
f 16295/1/5 16292/1/5 16291/1/5
f 16296/1/5 16292/1/5 16295/1/5
f 16301/2/5 16298/2/5 16297/2/5
f 16302/2/5 16298/2/5 16301/2/5
f 16303/3/5 16302/3/5 16301/3/5
f 16304/3/5 16302/3/5 16303/3/5
f 16305/3/5 16300/3/5 16299/3/5
f 16306/3/5 16300/3/5 16305/3/5
f 16311/2/5 16308/2/5 16307/2/5
f 16312/2/5 16308/2/5 16311/2/5
f 16313/1/5 16310/1/5 16309/1/5
f 16314/1/5 16310/1/5 16313/1/5
f 16315/3/5 16312/3/5 16311/3/5
f 16316/3/5 16312/3/5 16315/3/5
f 16317/2/5 16314/2/5 16313/2/5
f 16318/2/5 16314/2/5 16317/2/5
f 16319/2/5 16316/2/5 16315/2/5
f 16320/1/5 16318/1/5 16317/1/5
f 16321/1/5 16318/1/5 16320/1/5
f 16322/2/5 16319/2/5 16315/2/5
f 16323/2/5 16319/2/5 16322/2/5
f 16324/3/5 16321/3/5 16320/3/5
f 16325/3/5 16323/3/5 16322/3/5
f 16326/3/5 16323/3/5 16325/3/5
f 16327/3/5 16321/3/5 16324/3/5
f 16328/2/5 16326/2/5 16325/2/5
f 16329/2/5 16326/2/5 16328/2/5
f 16330/3/5 16321/3/5 16327/3/5
f 16331/3/5 16321/3/5 16330/3/5
f 16332/3/5 16329/3/5 16328/3/5
f 16362/2/5 16331/2/5 16330/2/5
f 16363/3/5 16332/3/5 16328/3/5
f 16364/3/5 16332/3/5 16363/3/5
f 16365/1/5 16334/1/5 16333/1/5
f 16366/2/5 16335/2/5 16334/2/5
f 16366/1/5 16334/1/5 16365/1/5
f 16367/1/5 16336/1/5 16335/1/5
f 16367/3/5 16337/3/5 16336/3/5
f 16368/2/5 16338/2/5 16337/2/5
f 16368/3/5 16337/3/5 16367/3/5
f 16369/2/5 16338/2/5 16368/2/5
f 16370/1/5 16339/1/5 16338/1/5
f 16370/2/5 16338/2/5 16369/2/5
f 16371/2/5 16340/2/5 16339/2/5
f 16371/1/5 16341/1/5 16340/1/5
f 16372/2/5 16342/2/5 16341/2/5
f 16372/1/5 16341/1/5 16371/1/5
f 16373/2/5 16342/2/5 16372/2/5
f 16374/1/5 16343/1/5 16342/1/5
f 16374/2/5 16342/2/5 16373/2/5
f 16375/1/5 16343/1/5 16374/1/5
f 16376/3/5 16344/3/5 16343/3/5
f 16376/1/5 16343/1/5 16375/1/5
f 16377/2/5 16345/2/5 16344/2/5
f 16377/3/5 16344/3/5 16376/3/5
f 16378/3/5 16346/3/5 16345/3/5
f 16378/2/5 16345/2/5 16377/2/5
f 16379/1/5 16347/1/5 16346/1/5
f 16379/3/5 16346/3/5 16378/3/5
f 16380/2/5 16348/2/5 16347/2/5
f 16380/1/5 16347/1/5 16379/1/5
f 16381/3/5 16349/3/5 16348/3/5
f 16381/2/5 16348/2/5 16380/2/5
f 16382/1/5 16350/1/5 16349/1/5
f 16382/3/5 16349/3/5 16381/3/5
f 16383/2/5 16351/2/5 16350/2/5
f 16383/1/5 16350/1/5 16382/1/5
f 16384/1/5 16352/1/5 16351/1/5
f 16384/2/5 16351/2/5 16383/2/5
f 16385/2/5 16353/2/5 16352/2/5
f 16385/1/5 16352/1/5 16384/1/5
f 16386/1/5 16354/1/5 16353/1/5
f 16386/2/5 16353/2/5 16385/2/5
f 16387/3/5 16355/3/5 16354/3/5
f 16387/1/5 16354/1/5 16386/1/5
f 16388/1/5 16356/1/5 16355/1/5
f 16388/3/5 16357/3/5 16356/3/5
f 16389/2/5 16358/2/5 16357/2/5
f 16389/3/5 16357/3/5 16388/3/5
f 16390/3/5 16359/3/5 16358/3/5
f 16390/2/5 16358/2/5 16389/2/5
f 16391/2/5 16360/2/5 16359/2/5
f 16391/3/5 16359/3/5 16390/3/5
f 16392/3/5 16361/3/5 16360/3/5
f 16392/2/5 16360/2/5 16391/2/5
f 16393/3/5 16361/3/5 16392/3/5
f 16394/2/5 16331/2/5 16362/2/5
f 16395/1/5 16364/1/5 16363/1/5
f 16396/1/5 16364/1/5 16395/1/5
f 16397/2/5 16366/2/5 16365/2/5
f 16398/2/5 16335/2/5 16366/2/5
f 16398/2/5 16366/2/5 16397/2/5
f 16399/1/5 16367/1/5 16335/1/5
f 16399/2/5 16335/2/5 16398/2/5
f 16399/1/5 16369/1/5 16368/1/5
f 16399/1/5 16368/1/5 16367/1/5
f 16400/1/5 16369/1/5 16399/1/5
f 16401/1/5 16369/1/5 16400/1/5
f 16402/3/5 16370/3/5 16369/3/5
f 16402/1/5 16369/1/5 16401/1/5
f 16403/1/5 16339/1/5 16370/1/5
f 16403/3/5 16370/3/5 16402/3/5
f 16404/2/5 16371/2/5 16339/2/5
f 16404/1/5 16339/1/5 16403/1/5
f 16405/3/5 16373/3/5 16372/3/5
f 16405/2/5 16371/2/5 16404/2/5
f 16405/3/5 16372/3/5 16371/3/5
f 16406/3/5 16375/3/5 16374/3/5
f 16406/2/5 16376/2/5 16375/2/5
f 16406/2/5 16377/2/5 16376/2/5
f 16406/2/5 16378/2/5 16377/2/5
f 16406/2/5 16379/2/5 16378/2/5
f 16406/2/5 16380/2/5 16379/2/5
f 16407/2/5 16380/2/5 16406/2/5
f 16408/2/5 16380/2/5 16407/2/5
f 16409/3/5 16381/3/5 16380/3/5
f 16409/2/5 16380/2/5 16408/2/5
f 16410/2/5 16382/2/5 16381/2/5
f 16410/3/5 16381/3/5 16409/3/5
f 16410/2/5 16383/2/5 16382/2/5
f 16411/2/5 16383/2/5 16410/2/5
f 16412/1/5 16384/1/5 16383/1/5
f 16412/2/5 16383/2/5 16411/2/5
f 16413/3/5 16385/3/5 16384/3/5
f 16413/1/5 16384/1/5 16412/1/5
f 16414/1/5 16386/1/5 16385/1/5
f 16414/3/5 16385/3/5 16413/3/5
f 16415/2/5 16387/2/5 16386/2/5
f 16415/1/5 16386/1/5 16414/1/5
f 16416/3/5 16355/3/5 16387/3/5
f 16416/2/5 16387/2/5 16415/2/5
f 16417/2/5 16391/2/5 16390/2/5
f 16417/1/5 16388/1/5 16355/1/5
f 16417/2/5 16389/2/5 16388/2/5
f 16417/2/5 16390/2/5 16389/2/5
f 16418/2/5 16391/2/5 16417/2/5
f 16419/2/5 16391/2/5 16418/2/5
f 16420/3/5 16392/3/5 16391/3/5
f 16420/2/5 16391/2/5 16419/2/5
f 16421/2/5 16393/2/5 16392/2/5
f 16421/3/5 16392/3/5 16420/3/5
f 16422/2/5 16393/2/5 16421/2/5
f 16423/2/5 16393/2/5 16422/2/5
f 16424/2/5 16331/2/5 16394/2/5
f 16425/2/5 16331/2/5 16424/2/5
f 16426/2/5 16396/2/5 16395/2/5
f 16427/2/5 16396/2/5 16426/2/5
f 16428/3/5 16398/3/5 16397/3/5
f 16428/1/5 16399/1/5 16398/1/5
f 16429/2/5 16400/2/5 16399/2/5
f 16429/1/5 16399/1/5 16428/1/5
f 16430/3/5 16401/3/5 16400/3/5
f 16430/2/5 16400/2/5 16429/2/5
f 16431/2/5 16402/2/5 16401/2/5
f 16431/3/5 16401/3/5 16430/3/5
f 16432/1/5 16403/1/5 16402/1/5
f 16432/2/5 16402/2/5 16431/2/5
f 16433/2/5 16404/2/5 16403/2/5
f 16433/1/5 16403/1/5 16432/1/5
f 16434/1/5 16405/1/5 16404/1/5
f 16434/2/5 16404/2/5 16433/2/5
f 16435/3/5 16373/3/5 16405/3/5
f 16435/1/5 16405/1/5 16434/1/5
f 16436/3/5 16373/3/5 16435/3/5
f 16437/2/5 16374/2/5 16373/2/5
f 16437/3/5 16373/3/5 16436/3/5
f 16438/3/5 16407/3/5 16406/3/5
f 16438/2/5 16374/2/5 16437/2/5
f 16438/3/5 16406/3/5 16374/3/5
f 16439/3/5 16407/3/5 16438/3/5
f 16440/3/5 16407/3/5 16439/3/5
f 16441/1/5 16408/1/5 16407/1/5
f 16441/3/5 16407/3/5 16440/3/5
f 16442/2/5 16409/2/5 16408/2/5
f 16442/1/5 16408/1/5 16441/1/5
f 16443/1/5 16410/1/5 16409/1/5
f 16443/2/5 16409/2/5 16442/2/5
f 16444/3/5 16411/3/5 16410/3/5
f 16444/1/5 16410/1/5 16443/1/5
f 16445/1/5 16412/1/5 16411/1/5
f 16445/3/5 16411/3/5 16444/3/5
f 16446/3/5 16413/3/5 16412/3/5
f 16446/1/5 16412/1/5 16445/1/5
f 16446/3/5 16414/3/5 16413/3/5
f 16447/3/5 16414/3/5 16446/3/5
f 16448/2/5 16415/2/5 16414/2/5
f 16448/3/5 16414/3/5 16447/3/5
f 16449/1/5 16416/1/5 16415/1/5
f 16449/2/5 16415/2/5 16448/2/5
f 16450/3/5 16355/3/5 16416/3/5
f 16450/1/5 16416/1/5 16449/1/5
f 16451/1/5 16417/1/5 16355/1/5
f 16451/3/5 16355/3/5 16450/3/5
f 16452/3/5 16418/3/5 16417/3/5
f 16452/1/5 16417/1/5 16451/1/5
f 16453/2/5 16419/2/5 16418/2/5
f 16453/3/5 16418/3/5 16452/3/5
f 16454/3/5 16420/3/5 16419/3/5
f 16454/2/5 16419/2/5 16453/2/5
f 16454/3/5 16421/3/5 16420/3/5
f 16455/1/5 16422/1/5 16421/1/5
f 16455/3/5 16421/3/5 16454/3/5
f 16456/3/5 16423/3/5 16422/3/5
f 16456/1/5 16422/1/5 16455/1/5
f 16457/3/5 16423/3/5 16456/3/5
f 16458/1/5 16425/1/5 16424/1/5
f 16459/1/5 16425/1/5 16458/1/5
f 16460/1/5 16427/1/5 16426/1/5
f 16461/1/5 16427/1/5 16460/1/5
f 16462/3/5 16428/3/5 16397/3/5
f 16463/2/5 16429/2/5 16428/2/5
f 16463/3/5 16428/3/5 16462/3/5
f 16464/3/5 16430/3/5 16429/3/5
f 16464/2/5 16429/2/5 16463/2/5
f 16465/2/5 16431/2/5 16430/2/5
f 16465/3/5 16430/3/5 16464/3/5
f 16466/1/5 16432/1/5 16431/1/5
f 16466/2/5 16431/2/5 16465/2/5
f 16466/1/5 16434/1/5 16433/1/5
f 16466/1/5 16433/1/5 16432/1/5
f 16467/1/5 16434/1/5 16466/1/5
f 16468/1/5 16434/1/5 16467/1/5
f 16469/2/5 16436/2/5 16435/2/5
f 16469/3/5 16437/3/5 16436/3/5
f 16469/2/5 16435/2/5 16434/2/5
f 16469/3/5 16438/3/5 16437/3/5
f 16470/3/5 16438/3/5 16469/3/5
f 16471/1/5 16439/1/5 16438/1/5
f 16471/3/5 16438/3/5 16470/3/5
f 16472/2/5 16440/2/5 16439/2/5
f 16472/1/5 16439/1/5 16471/1/5
f 16473/2/5 16440/2/5 16472/2/5
f 16474/3/5 16441/3/5 16440/3/5
f 16474/2/5 16440/2/5 16473/2/5
f 16475/2/5 16442/2/5 16441/2/5
f 16475/3/5 16441/3/5 16474/3/5
f 16476/3/5 16443/3/5 16442/3/5
f 16476/2/5 16442/2/5 16475/2/5
f 16477/2/5 16444/2/5 16443/2/5
f 16477/3/5 16443/3/5 16476/3/5
f 16478/1/5 16445/1/5 16444/1/5
f 16478/2/5 16444/2/5 16477/2/5
f 16479/3/5 16447/3/5 16446/3/5
f 16479/1/5 16445/1/5 16478/1/5
f 16479/3/5 16446/3/5 16445/3/5
f 16480/3/5 16447/3/5 16479/3/5
f 16481/2/5 16448/2/5 16447/2/5
f 16481/3/5 16447/3/5 16480/3/5
f 16482/1/5 16449/1/5 16448/1/5
f 16482/2/5 16448/2/5 16481/2/5
f 16483/2/5 16450/2/5 16449/2/5
f 16483/1/5 16449/1/5 16482/1/5
f 16483/2/5 16451/2/5 16450/2/5
f 16484/2/5 16451/2/5 16483/2/5
f 16485/3/5 16452/3/5 16451/3/5
f 16485/2/5 16451/2/5 16484/2/5
f 16486/2/5 16453/2/5 16452/2/5
f 16486/3/5 16452/3/5 16485/3/5
f 16487/1/5 16455/1/5 16454/1/5
f 16487/2/5 16453/2/5 16486/2/5
f 16487/1/5 16454/1/5 16453/1/5
f 16488/1/5 16455/1/5 16487/1/5
f 16489/2/5 16456/2/5 16455/2/5
f 16489/1/5 16455/1/5 16488/1/5
f 16490/2/5 16456/2/5 16489/2/5
f 16491/1/5 16457/1/5 16456/1/5
f 16491/2/5 16456/2/5 16490/2/5
f 16492/2/5 16459/2/5 16458/2/5
f 16493/2/5 16459/2/5 16492/2/5
f 16494/3/5 16461/3/5 16460/3/5
f 16495/3/5 16461/3/5 16494/3/5
f 16496/2/5 16463/2/5 16462/2/5
f 16497/3/5 16464/3/5 16463/3/5
f 16497/2/5 16463/2/5 16496/2/5
f 16498/2/5 16465/2/5 16464/2/5
f 16498/3/5 16464/3/5 16497/3/5
f 16499/3/5 16466/3/5 16465/3/5
f 16499/2/5 16465/2/5 16498/2/5
f 16500/2/5 16467/2/5 16466/2/5
f 16500/3/5 16466/3/5 16499/3/5
f 16501/3/5 16468/3/5 16467/3/5
f 16501/2/5 16467/2/5 16500/2/5
f 16502/1/5 16434/1/5 16468/1/5
f 16502/3/5 16468/3/5 16501/3/5
f 16503/2/5 16470/2/5 16469/2/5
f 16503/1/5 16434/1/5 16502/1/5
f 16503/2/5 16469/2/5 16434/2/5
f 16504/1/5 16471/1/5 16470/1/5
f 16504/2/5 16470/2/5 16503/2/5
f 16504/1/5 16473/1/5 16472/1/5
f 16504/1/5 16472/1/5 16471/1/5
f 16505/3/5 16475/3/5 16474/3/5
f 16505/1/5 16473/1/5 16504/1/5
f 16505/3/5 16476/3/5 16475/3/5
f 16505/3/5 16477/3/5 16476/3/5
f 16505/3/5 16474/3/5 16473/3/5
f 16506/1/5 16478/1/5 16477/1/5
f 16506/3/5 16477/3/5 16505/3/5
f 16506/1/5 16479/1/5 16478/1/5
f 16507/2/5 16480/2/5 16479/2/5
f 16507/1/5 16479/1/5 16506/1/5
f 16508/1/5 16481/1/5 16480/1/5
f 16508/2/5 16480/2/5 16507/2/5
f 16509/2/5 16484/2/5 16483/2/5
f 16509/1/5 16481/1/5 16508/1/5
f 16509/2/5 16482/2/5 16481/2/5
f 16509/2/5 16483/2/5 16482/2/5
f 16510/3/5 16485/3/5 16484/3/5
f 16510/2/5 16484/2/5 16509/2/5
f 16510/3/5 16486/3/5 16485/3/5
f 16511/1/5 16487/1/5 16486/1/5
f 16511/3/5 16486/3/5 16510/3/5
f 16512/2/5 16488/2/5 16487/2/5
f 16512/1/5 16487/1/5 16511/1/5
f 16513/3/5 16489/3/5 16488/3/5
f 16513/2/5 16488/2/5 16512/2/5
f 16514/1/5 16490/1/5 16489/1/5
f 16514/3/5 16489/3/5 16513/3/5
f 16515/3/5 16491/3/5 16490/3/5
f 16515/1/5 16490/1/5 16514/1/5
f 16516/1/5 16457/1/5 16491/1/5
f 16516/3/5 16491/3/5 16515/3/5
f 16517/1/5 16457/1/5 16516/1/5
f 16518/3/5 16493/3/5 16492/3/5
f 16519/3/5 16493/3/5 16518/3/5
f 16520/2/5 16495/2/5 16494/2/5
f 16521/2/5 16495/2/5 16520/2/5
f 16522/2/5 16519/2/5 16518/2/5
f 16523/2/5 16519/2/5 16522/2/5
f 16524/1/5 16521/1/5 16520/1/5
f 16525/1/5 16521/1/5 16524/1/5
f 16526/3/5 16523/3/5 16522/3/5
f 16527/3/5 16523/3/5 16526/3/5
f 16528/3/5 16525/3/5 16524/3/5
f 16529/3/5 16525/3/5 16528/3/5
f 16530/1/5 16527/1/5 16526/1/5
f 16531/1/5 16529/1/5 16528/1/5
f 16532/1/5 16529/1/5 16531/1/5
f 16533/1/5 16527/1/5 16530/1/5
f 16534/1/5 16527/1/5 16533/1/5
f 16535/2/5 16532/2/5 16531/2/5
f 16536/2/5 16532/2/5 16535/2/5
f 16537/2/5 16534/2/5 16533/2/5
f 16538/2/5 16534/2/5 16537/2/5
f 16539/1/5 16536/1/5 16535/1/5
f 16540/1/5 16536/1/5 16539/1/5
f 16541/1/5 16538/1/5 16537/1/5
f 16542/3/5 16540/3/5 16539/3/5
f 16543/1/5 16538/1/5 16541/1/5
f 16544/1/5 16538/1/5 16543/1/5
f 16545/3/5 16542/3/5 16539/3/5
f 16546/3/5 16542/3/5 16545/3/5
f 16547/2/5 16544/2/5 16543/2/5
f 16548/2/5 16544/2/5 16547/2/5
f 16549/1/5 16546/1/5 16545/1/5
f 16550/1/5 16546/1/5 16549/1/5
f 16551/1/5 16548/1/5 16547/1/5
f 16552/1/5 16548/1/5 16551/1/5
f 16553/3/5 16550/3/5 16549/3/5
f 16554/3/5 16552/3/5 16551/3/5
f 16581/3/5 16552/3/5 16554/3/5
f 16582/3/5 16552/3/5 16581/3/5
f 16583/3/5 16553/3/5 16549/3/5
f 16584/3/5 16553/3/5 16583/3/5
f 16585/3/5 16556/3/5 16555/3/5
f 16586/1/5 16557/1/5 16556/1/5
f 16586/3/5 16556/3/5 16585/3/5
f 16587/3/5 16558/3/5 16557/3/5
f 16587/1/5 16557/1/5 16586/1/5
f 16588/1/5 16559/1/5 16558/1/5
f 16588/3/5 16558/3/5 16587/3/5
f 16589/1/5 16559/1/5 16588/1/5
f 16590/3/5 16560/3/5 16559/3/5
f 16590/1/5 16559/1/5 16589/1/5
f 16591/3/5 16560/3/5 16590/3/5
f 16592/3/5 16560/3/5 16591/3/5
f 16593/2/5 16561/2/5 16560/2/5
f 16593/3/5 16560/3/5 16592/3/5
f 16594/3/5 16562/3/5 16561/3/5
f 16594/1/5 16563/1/5 16562/1/5
f 16595/3/5 16564/3/5 16563/3/5
f 16595/1/5 16563/1/5 16594/1/5
f 16596/3/5 16564/3/5 16595/3/5
f 16597/2/5 16565/2/5 16564/2/5
f 16597/3/5 16564/3/5 16596/3/5
f 16598/3/5 16566/3/5 16565/3/5
f 16598/2/5 16565/2/5 16597/2/5
f 16599/3/5 16566/3/5 16598/3/5
f 16600/2/5 16567/2/5 16566/2/5
f 16600/3/5 16566/3/5 16599/3/5
f 16601/1/5 16568/1/5 16567/1/5
f 16601/2/5 16567/2/5 16600/2/5
f 16602/2/5 16569/2/5 16568/2/5
f 16602/1/5 16568/1/5 16601/1/5
f 16603/3/5 16570/3/5 16569/3/5
f 16603/2/5 16569/2/5 16602/2/5
f 16604/3/5 16570/3/5 16603/3/5
f 16605/2/5 16571/2/5 16570/2/5
f 16605/3/5 16570/3/5 16604/3/5
f 16606/1/5 16572/1/5 16571/1/5
f 16606/2/5 16571/2/5 16605/2/5
f 16607/3/5 16573/3/5 16572/3/5
f 16607/1/5 16572/1/5 16606/1/5
f 16608/2/5 16574/2/5 16573/2/5
f 16608/3/5 16573/3/5 16607/3/5
f 16609/3/5 16575/3/5 16574/3/5
f 16609/2/5 16574/2/5 16608/2/5
f 16610/1/5 16577/1/5 16576/1/5
f 16610/3/5 16578/3/5 16577/3/5
f 16611/1/5 16579/1/5 16578/1/5
f 16611/3/5 16578/3/5 16610/3/5
f 16612/1/5 16579/1/5 16611/1/5
f 16613/3/5 16580/3/5 16579/3/5
f 16613/1/5 16579/1/5 16612/1/5
f 16614/3/5 16580/3/5 16613/3/5
f 16615/1/5 16582/1/5 16581/1/5
f 16616/1/5 16584/1/5 16583/1/5
f 16617/3/5 16586/3/5 16585/3/5
f 16618/3/5 16586/3/5 16617/3/5
f 16619/2/5 16587/2/5 16586/2/5
f 16619/3/5 16586/3/5 16618/3/5
f 16620/1/5 16589/1/5 16588/1/5
f 16620/2/5 16587/2/5 16619/2/5
f 16620/1/5 16588/1/5 16587/1/5
f 16621/2/5 16590/2/5 16589/2/5
f 16621/1/5 16589/1/5 16620/1/5
f 16622/1/5 16591/1/5 16590/1/5
f 16622/2/5 16590/2/5 16621/2/5
f 16623/3/5 16592/3/5 16591/3/5
f 16623/1/5 16591/1/5 16622/1/5
f 16624/1/5 16593/1/5 16592/1/5
f 16624/3/5 16592/3/5 16623/3/5
f 16625/2/5 16561/2/5 16593/2/5
f 16625/1/5 16593/1/5 16624/1/5
f 16626/3/5 16594/3/5 16561/3/5
f 16626/2/5 16561/2/5 16625/2/5
f 16627/2/5 16595/2/5 16594/2/5
f 16627/3/5 16594/3/5 16626/3/5
f 16628/1/5 16596/1/5 16595/1/5
f 16628/2/5 16595/2/5 16627/2/5
f 16629/3/5 16597/3/5 16596/3/5
f 16629/1/5 16596/1/5 16628/1/5
f 16630/1/5 16598/1/5 16597/1/5
f 16630/3/5 16597/3/5 16629/3/5
f 16631/2/5 16599/2/5 16598/2/5
f 16631/1/5 16598/1/5 16630/1/5
f 16632/1/5 16600/1/5 16599/1/5
f 16632/2/5 16599/2/5 16631/2/5
f 16632/1/5 16601/1/5 16600/1/5
f 16632/1/5 16602/1/5 16601/1/5
f 16633/1/5 16602/1/5 16632/1/5
f 16634/3/5 16604/3/5 16603/3/5
f 16634/1/5 16602/1/5 16633/1/5
f 16634/3/5 16603/3/5 16602/3/5
f 16635/2/5 16605/2/5 16604/2/5
f 16635/3/5 16604/3/5 16634/3/5
f 16636/1/5 16606/1/5 16605/1/5
f 16636/2/5 16605/2/5 16635/2/5
f 16637/3/5 16607/3/5 16606/3/5
f 16637/1/5 16606/1/5 16636/1/5
f 16638/1/5 16608/1/5 16607/1/5
f 16638/3/5 16607/3/5 16637/3/5
f 16638/1/5 16609/1/5 16608/1/5
f 16639/3/5 16575/3/5 16609/3/5
f 16639/1/5 16609/1/5 16638/1/5
f 16640/2/5 16576/2/5 16575/2/5
f 16640/3/5 16575/3/5 16639/3/5
f 16641/1/5 16610/1/5 16576/1/5
f 16641/2/5 16576/2/5 16640/2/5
f 16642/2/5 16612/2/5 16611/2/5
f 16642/1/5 16610/1/5 16641/1/5
f 16642/2/5 16611/2/5 16610/2/5
f 16643/2/5 16612/2/5 16642/2/5
f 16644/3/5 16613/3/5 16612/3/5
f 16644/2/5 16612/2/5 16643/2/5
f 16645/2/5 16614/2/5 16613/2/5
f 16645/3/5 16613/3/5 16644/3/5
f 16646/2/5 16614/2/5 16645/2/5
f 16647/1/5 16582/1/5 16615/1/5
f 16648/1/5 16616/1/5 16583/1/5
f 16649/2/5 16618/2/5 16617/2/5
f 16650/1/5 16619/1/5 16618/1/5
f 16650/2/5 16618/2/5 16649/2/5
f 16651/3/5 16620/3/5 16619/3/5
f 16651/1/5 16619/1/5 16650/1/5
f 16652/1/5 16621/1/5 16620/1/5
f 16652/3/5 16620/3/5 16651/3/5
f 16653/1/5 16621/1/5 16652/1/5
f 16654/3/5 16622/3/5 16621/3/5
f 16654/1/5 16621/1/5 16653/1/5
f 16654/3/5 16624/3/5 16623/3/5
f 16654/3/5 16623/3/5 16622/3/5
f 16655/3/5 16624/3/5 16654/3/5
f 16656/2/5 16625/2/5 16624/2/5
f 16656/3/5 16624/3/5 16655/3/5
f 16657/3/5 16626/3/5 16625/3/5
f 16657/2/5 16625/2/5 16656/2/5
f 16658/1/5 16627/1/5 16626/1/5
f 16658/3/5 16626/3/5 16657/3/5
f 16658/1/5 16628/1/5 16627/1/5
f 16659/1/5 16628/1/5 16658/1/5
f 16660/3/5 16631/3/5 16630/3/5
f 16660/2/5 16633/2/5 16632/2/5
f 16660/2/5 16632/2/5 16631/2/5
f 16661/2/5 16633/2/5 16660/2/5
f 16662/3/5 16634/3/5 16633/3/5
f 16662/2/5 16633/2/5 16661/2/5
f 16663/3/5 16634/3/5 16662/3/5
f 16664/2/5 16635/2/5 16634/2/5
f 16664/3/5 16634/3/5 16663/3/5
f 16664/2/5 16636/2/5 16635/2/5
f 16665/3/5 16637/3/5 16636/3/5
f 16665/2/5 16636/2/5 16664/2/5
f 16665/3/5 16638/3/5 16637/3/5
f 16666/2/5 16639/2/5 16638/2/5
f 16666/1/5 16640/1/5 16639/1/5
f 16667/3/5 16641/3/5 16640/3/5
f 16667/1/5 16640/1/5 16666/1/5
f 16667/3/5 16642/3/5 16641/3/5
f 16668/3/5 16642/3/5 16667/3/5
f 16669/1/5 16643/1/5 16642/1/5
f 16669/3/5 16642/3/5 16668/3/5
f 16670/2/5 16644/2/5 16643/2/5
f 16670/1/5 16643/1/5 16669/1/5
f 16670/2/5 16645/2/5 16644/2/5
f 16671/3/5 16646/3/5 16645/3/5
f 16671/2/5 16645/2/5 16670/2/5
f 16672/3/5 16646/3/5 16671/3/5
f 16673/1/5 16582/1/5 16647/1/5
f 16674/1/5 16582/1/5 16673/1/5
f 16675/1/5 16648/1/5 16583/1/5
f 16676/1/5 16648/1/5 16675/1/5
f 16677/1/5 16653/1/5 16652/1/5
f 16677/1/5 16652/1/5 16651/1/5
f 16677/1/5 16650/1/5 16649/1/5
f 16677/1/5 16651/1/5 16650/1/5
f 16678/1/5 16653/1/5 16677/1/5
f 16679/1/5 16653/1/5 16678/1/5
f 16680/1/5 16653/1/5 16679/1/5
f 16681/3/5 16654/3/5 16653/3/5
f 16681/1/5 16653/1/5 16680/1/5
f 16682/1/5 16655/1/5 16654/1/5
f 16682/3/5 16654/3/5 16681/3/5
f 16683/1/5 16655/1/5 16682/1/5
f 16684/3/5 16657/3/5 16656/3/5
f 16684/3/5 16656/3/5 16655/3/5
f 16685/1/5 16658/1/5 16657/1/5
f 16685/3/5 16657/3/5 16684/3/5
f 16686/3/5 16659/3/5 16658/3/5
f 16686/1/5 16658/1/5 16685/1/5
f 16687/1/5 16628/1/5 16659/1/5
f 16687/3/5 16659/3/5 16686/3/5
f 16688/2/5 16630/2/5 16629/2/5
f 16688/1/5 16628/1/5 16687/1/5
f 16688/2/5 16629/2/5 16628/2/5
f 16689/2/5 16630/2/5 16688/2/5
f 16690/3/5 16660/3/5 16630/3/5
f 16690/2/5 16630/2/5 16689/2/5
f 16691/1/5 16661/1/5 16660/1/5
f 16691/3/5 16660/3/5 16690/3/5
f 16692/2/5 16663/2/5 16662/2/5
f 16692/1/5 16661/1/5 16691/1/5
f 16692/2/5 16662/2/5 16661/2/5
f 16693/3/5 16664/3/5 16663/3/5
f 16693/2/5 16663/2/5 16692/2/5
f 16694/1/5 16665/1/5 16664/1/5
f 16694/3/5 16664/3/5 16693/3/5
f 16695/1/5 16665/1/5 16694/1/5
f 16696/1/5 16665/1/5 16695/1/5
f 16697/3/5 16638/3/5 16665/3/5
f 16697/1/5 16665/1/5 16696/1/5
f 16698/3/5 16638/3/5 16697/3/5
f 16699/2/5 16666/2/5 16638/2/5
f 16699/3/5 16638/3/5 16698/3/5
f 16700/2/5 16666/2/5 16699/2/5
f 16701/3/5 16667/3/5 16666/3/5
f 16701/2/5 16666/2/5 16700/2/5
f 16702/1/5 16668/1/5 16667/1/5
f 16702/3/5 16667/3/5 16701/3/5
f 16703/2/5 16670/2/5 16669/2/5
f 16703/1/5 16668/1/5 16702/1/5
f 16703/2/5 16669/2/5 16668/2/5
f 16704/1/5 16671/1/5 16670/1/5
f 16704/2/5 16670/2/5 16703/2/5
f 16705/1/5 16671/1/5 16704/1/5
f 16706/2/5 16672/2/5 16671/2/5
f 16706/1/5 16671/1/5 16705/1/5
f 16707/2/5 16672/2/5 16706/2/5
f 16708/3/5 16674/3/5 16673/3/5
f 16709/3/5 16674/3/5 16708/3/5
f 16710/2/5 16676/2/5 16675/2/5
f 16711/2/5 16676/2/5 16710/2/5
f 16712/2/5 16678/2/5 16677/2/5
f 16713/1/5 16679/1/5 16678/1/5
f 16713/2/5 16678/2/5 16712/2/5
f 16714/2/5 16680/2/5 16679/2/5
f 16714/1/5 16679/1/5 16713/1/5
f 16715/1/5 16681/1/5 16680/1/5
f 16715/2/5 16680/2/5 16714/2/5
f 16716/2/5 16683/2/5 16682/2/5
f 16716/1/5 16681/1/5 16715/1/5
f 16716/2/5 16682/2/5 16681/2/5
f 16717/1/5 16655/1/5 16683/1/5
f 16717/2/5 16683/2/5 16716/2/5
f 16718/3/5 16684/3/5 16655/3/5
f 16718/1/5 16655/1/5 16717/1/5
f 16719/2/5 16686/2/5 16685/2/5
f 16719/3/5 16684/3/5 16718/3/5
f 16719/2/5 16685/2/5 16684/2/5
f 16720/3/5 16687/3/5 16686/3/5
f 16720/2/5 16686/2/5 16719/2/5
f 16720/3/5 16688/3/5 16687/3/5
f 16721/2/5 16689/2/5 16688/2/5
f 16721/3/5 16688/3/5 16720/3/5
f 16722/3/5 16690/3/5 16689/3/5
f 16722/2/5 16689/2/5 16721/2/5
f 16723/2/5 16691/2/5 16690/2/5
f 16723/3/5 16690/3/5 16722/3/5
f 16724/1/5 16692/1/5 16691/1/5
f 16724/2/5 16691/2/5 16723/2/5
f 16725/3/5 16693/3/5 16692/3/5
f 16725/1/5 16692/1/5 16724/1/5
f 16726/1/5 16694/1/5 16693/1/5
f 16726/3/5 16693/3/5 16725/3/5
f 16726/1/5 16695/1/5 16694/1/5
f 16727/3/5 16696/3/5 16695/3/5
f 16727/1/5 16695/1/5 16726/1/5
f 16728/2/5 16698/2/5 16697/2/5
f 16728/3/5 16696/3/5 16727/3/5
f 16728/2/5 16697/2/5 16696/2/5
f 16729/3/5 16699/3/5 16698/3/5
f 16729/2/5 16698/2/5 16728/2/5
f 16729/3/5 16700/3/5 16699/3/5
f 16730/1/5 16701/1/5 16700/1/5
f 16730/3/5 16700/3/5 16729/3/5
f 16731/2/5 16702/2/5 16701/2/5
f 16731/1/5 16701/1/5 16730/1/5
f 16732/1/5 16704/1/5 16703/1/5
f 16732/2/5 16702/2/5 16731/2/5
f 16732/1/5 16703/1/5 16702/1/5
f 16733/3/5 16705/3/5 16704/3/5
f 16733/1/5 16704/1/5 16732/1/5
f 16734/2/5 16706/2/5 16705/2/5
f 16734/3/5 16705/3/5 16733/3/5
f 16735/1/5 16707/1/5 16706/1/5
f 16735/2/5 16706/2/5 16734/2/5
f 16736/1/5 16707/1/5 16735/1/5
f 16737/1/5 16709/1/5 16708/1/5
f 16738/1/5 16709/1/5 16737/1/5
f 16739/3/5 16711/3/5 16710/3/5
f 16740/3/5 16711/3/5 16739/3/5
f 16741/3/5 16738/3/5 16737/3/5
f 16742/2/5 16740/2/5 16739/2/5
f 16743/2/5 16740/2/5 16742/2/5
f 16744/3/5 16738/3/5 16741/3/5
f 16745/3/5 16743/3/5 16742/3/5
f 16746/3/5 16743/3/5 16745/3/5
f 16747/3/5 16738/3/5 16744/3/5
f 16748/3/5 16738/3/5 16747/3/5
f 16749/2/5 16746/2/5 16745/2/5
f 16750/2/5 16748/2/5 16747/2/5
f 16751/2/5 16748/2/5 16750/2/5
f 16752/2/5 16749/2/5 16745/2/5
f 16753/3/5 16751/3/5 16750/3/5
f 16754/3/5 16751/3/5 16753/3/5
f 16755/2/5 16752/2/5 16745/2/5
f 16756/2/5 16752/2/5 16755/2/5
f 16757/1/5 16754/1/5 16753/1/5
f 16758/1/5 16754/1/5 16757/1/5
f 16759/2/5 16758/2/5 16757/2/5
f 16760/2/5 16758/2/5 16759/2/5
f 16761/1/5 16756/1/5 16755/1/5
f 16762/1/5 16756/1/5 16761/1/5
f 16788/1/5 16760/1/5 16759/1/5
f 16789/1/5 16760/1/5 16788/1/5
f 16790/3/5 16762/3/5 16761/3/5
f 16791/3/5 16762/3/5 16790/3/5
f 16792/1/5 16764/1/5 16763/1/5
f 16793/1/5 16764/1/5 16792/1/5
f 16794/3/5 16765/3/5 16764/3/5
f 16794/1/5 16764/1/5 16793/1/5
f 16795/3/5 16765/3/5 16794/3/5
f 16796/3/5 16765/3/5 16795/3/5
f 16797/2/5 16766/2/5 16765/2/5
f 16797/3/5 16765/3/5 16796/3/5
f 16798/3/5 16767/3/5 16766/3/5
f 16799/2/5 16768/2/5 16767/2/5
f 16799/3/5 16767/3/5 16798/3/5
f 16800/3/5 16769/3/5 16768/3/5
f 16800/2/5 16768/2/5 16799/2/5
f 16801/2/5 16770/2/5 16769/2/5
f 16801/3/5 16769/3/5 16800/3/5
f 16802/1/5 16771/1/5 16770/1/5
f 16802/2/5 16772/2/5 16771/2/5
f 16803/1/5 16773/1/5 16772/1/5
f 16803/2/5 16772/2/5 16802/2/5
f 16804/2/5 16774/2/5 16773/2/5
f 16804/1/5 16775/1/5 16774/1/5
f 16805/3/5 16776/3/5 16775/3/5
f 16805/1/5 16775/1/5 16804/1/5
f 16806/2/5 16777/2/5 16776/2/5
f 16806/3/5 16776/3/5 16805/3/5
f 16807/3/5 16778/3/5 16777/3/5
f 16807/2/5 16777/2/5 16806/2/5
f 16808/2/5 16779/2/5 16778/2/5
f 16808/3/5 16778/3/5 16807/3/5
f 16809/1/5 16780/1/5 16779/1/5
f 16809/2/5 16779/2/5 16808/2/5
f 16810/1/5 16780/1/5 16809/1/5
f 16811/2/5 16781/2/5 16780/2/5
f 16811/1/5 16780/1/5 16810/1/5
f 16812/3/5 16782/3/5 16781/3/5
f 16812/2/5 16781/2/5 16811/2/5
f 16813/1/5 16783/1/5 16782/1/5
f 16813/3/5 16782/3/5 16812/3/5
f 16814/3/5 16784/3/5 16783/3/5
f 16814/1/5 16783/1/5 16813/1/5
f 16815/1/5 16785/1/5 16784/1/5
f 16815/3/5 16784/3/5 16814/3/5
f 16816/2/5 16786/2/5 16785/2/5
f 16816/1/5 16785/1/5 16815/1/5
f 16817/1/5 16787/1/5 16786/1/5
f 16818/1/5 16787/1/5 16817/1/5
f 16819/2/5 16789/2/5 16788/2/5
f 16820/2/5 16789/2/5 16819/2/5
f 16821/1/5 16791/1/5 16790/1/5
f 16822/1/5 16791/1/5 16821/1/5
f 16823/1/5 16793/1/5 16792/1/5
f 16824/2/5 16794/2/5 16793/2/5
f 16824/1/5 16793/1/5 16823/1/5
f 16825/1/5 16795/1/5 16794/1/5
f 16825/2/5 16794/2/5 16824/2/5
f 16826/3/5 16796/3/5 16795/3/5
f 16826/1/5 16795/1/5 16825/1/5
f 16827/2/5 16797/2/5 16796/2/5
f 16827/3/5 16796/3/5 16826/3/5
f 16828/2/5 16766/2/5 16797/2/5
f 16828/2/5 16797/2/5 16827/2/5
f 16829/3/5 16798/3/5 16766/3/5
f 16829/2/5 16766/2/5 16828/2/5
f 16830/2/5 16799/2/5 16798/2/5
f 16830/3/5 16798/3/5 16829/3/5
f 16830/2/5 16800/2/5 16799/2/5
f 16830/2/5 16801/2/5 16800/2/5
f 16831/2/5 16801/2/5 16830/2/5
f 16832/2/5 16801/2/5 16831/2/5
f 16833/2/5 16770/2/5 16801/2/5
f 16833/2/5 16801/2/5 16832/2/5
f 16833/1/5 16802/1/5 16770/1/5
f 16834/3/5 16803/3/5 16802/3/5
f 16834/1/5 16802/1/5 16833/1/5
f 16835/3/5 16803/3/5 16834/3/5
f 16836/1/5 16773/1/5 16803/1/5
f 16836/3/5 16803/3/5 16835/3/5
f 16837/2/5 16804/2/5 16773/2/5
f 16837/1/5 16773/1/5 16836/1/5
f 16838/3/5 16805/3/5 16804/3/5
f 16838/2/5 16804/2/5 16837/2/5
f 16839/1/5 16806/1/5 16805/1/5
f 16839/3/5 16805/3/5 16838/3/5
f 16839/1/5 16807/1/5 16806/1/5
f 16839/1/5 16808/1/5 16807/1/5
f 16840/1/5 16808/1/5 16839/1/5
f 16841/2/5 16810/2/5 16809/2/5
f 16841/1/5 16808/1/5 16840/1/5
f 16841/2/5 16809/2/5 16808/2/5
f 16842/2/5 16810/2/5 16841/2/5
f 16843/3/5 16811/3/5 16810/3/5
f 16843/2/5 16810/2/5 16842/2/5
f 16843/3/5 16812/3/5 16811/3/5
f 16844/3/5 16812/3/5 16843/3/5
f 16845/1/5 16813/1/5 16812/1/5
f 16845/3/5 16812/3/5 16844/3/5
f 16846/2/5 16814/2/5 16813/2/5
f 16846/1/5 16813/1/5 16845/1/5
f 16847/1/5 16815/1/5 16814/1/5
f 16847/3/5 16816/3/5 16815/3/5
f 16848/2/5 16786/2/5 16816/2/5
f 16848/3/5 16816/3/5 16847/3/5
f 16849/1/5 16817/1/5 16786/1/5
f 16849/2/5 16786/2/5 16848/2/5
f 16850/2/5 16818/2/5 16817/2/5
f 16850/1/5 16817/1/5 16849/1/5
f 16851/2/5 16818/2/5 16850/2/5
f 16852/2/5 16818/2/5 16851/2/5
f 16853/2/5 16822/2/5 16821/2/5
f 16854/2/5 16822/2/5 16853/2/5
f 16855/2/5 16824/2/5 16823/2/5
f 16856/1/5 16825/1/5 16824/1/5
f 16856/2/5 16824/2/5 16855/2/5
f 16857/1/5 16827/1/5 16826/1/5
f 16857/3/5 16828/3/5 16827/3/5
f 16858/2/5 16829/2/5 16828/2/5
f 16858/3/5 16828/3/5 16857/3/5
f 16859/1/5 16831/1/5 16830/1/5
f 16859/2/5 16829/2/5 16858/2/5
f 16859/1/5 16830/1/5 16829/1/5
f 16860/1/5 16831/1/5 16859/1/5
f 16861/3/5 16832/3/5 16831/3/5
f 16861/1/5 16831/1/5 16860/1/5
f 16862/2/5 16833/2/5 16832/2/5
f 16862/3/5 16832/3/5 16861/3/5
f 16862/2/5 16834/2/5 16833/2/5
f 16863/1/5 16835/1/5 16834/1/5
f 16863/2/5 16834/2/5 16862/2/5
f 16864/2/5 16836/2/5 16835/2/5
f 16864/1/5 16835/1/5 16863/1/5
f 16865/3/5 16837/3/5 16836/3/5
f 16865/2/5 16836/2/5 16864/2/5
f 16866/2/5 16838/2/5 16837/2/5
f 16866/3/5 16837/3/5 16865/3/5
f 16867/1/5 16840/1/5 16839/1/5
f 16867/2/5 16838/2/5 16866/2/5
f 16867/1/5 16839/1/5 16838/1/5
f 16868/1/5 16840/1/5 16867/1/5
f 16869/2/5 16841/2/5 16840/2/5
f 16869/1/5 16840/1/5 16868/1/5
f 16870/1/5 16842/1/5 16841/1/5
f 16870/2/5 16841/2/5 16869/2/5
f 16871/2/5 16843/2/5 16842/2/5
f 16871/1/5 16842/1/5 16870/1/5
f 16872/1/5 16844/1/5 16843/1/5
f 16872/2/5 16843/2/5 16871/2/5
f 16873/2/5 16845/2/5 16844/2/5
f 16873/1/5 16844/1/5 16872/1/5
f 16873/2/5 16846/2/5 16845/2/5
f 16874/2/5 16846/2/5 16873/2/5
f 16875/2/5 16814/2/5 16846/2/5
f 16875/2/5 16846/2/5 16874/2/5
f 16876/1/5 16847/1/5 16814/1/5
f 16876/2/5 16814/2/5 16875/2/5
f 16876/1/5 16849/1/5 16848/1/5
f 16876/1/5 16848/1/5 16847/1/5
f 16877/1/5 16849/1/5 16876/1/5
f 16878/1/5 16849/1/5 16877/1/5
f 16879/2/5 16851/2/5 16850/2/5
f 16879/1/5 16849/1/5 16878/1/5
f 16879/2/5 16850/2/5 16849/2/5
f 16880/2/5 16851/2/5 16879/2/5
f 16881/2/5 16851/2/5 16880/2/5
f 16882/3/5 16852/3/5 16851/3/5
f 16882/2/5 16851/2/5 16881/2/5
f 16883/3/5 16852/3/5 16882/3/5
f 16884/1/5 16820/1/5 16819/1/5
f 16885/1/5 16820/1/5 16884/1/5
f 16886/3/5 16856/3/5 16855/3/5
f 16887/1/5 16825/1/5 16856/1/5
f 16887/3/5 16856/3/5 16886/3/5
f 16888/1/5 16857/1/5 16826/1/5
f 16888/2/5 16826/2/5 16825/2/5
f 16889/2/5 16860/2/5 16859/2/5
f 16889/1/5 16857/1/5 16888/1/5
f 16889/2/5 16858/2/5 16857/2/5
f 16889/2/5 16859/2/5 16858/2/5
f 16890/2/5 16860/2/5 16889/2/5
f 16891/2/5 16860/2/5 16890/2/5
f 16892/3/5 16862/3/5 16861/3/5
f 16892/2/5 16860/2/5 16891/2/5
f 16892/3/5 16861/3/5 16860/3/5
f 16892/3/5 16863/3/5 16862/3/5
f 16893/3/5 16863/3/5 16892/3/5
f 16894/3/5 16863/3/5 16893/3/5
f 16895/2/5 16864/2/5 16863/2/5
f 16895/3/5 16863/3/5 16894/3/5
f 16895/2/5 16865/2/5 16864/2/5
f 16895/2/5 16866/2/5 16865/2/5
f 16895/2/5 16867/2/5 16866/2/5
f 16896/2/5 16867/2/5 16895/2/5
f 16897/2/5 16867/2/5 16896/2/5
f 16898/2/5 16867/2/5 16897/2/5
f 16899/2/5 16869/2/5 16868/2/5
f 16899/3/5 16868/3/5 16867/3/5
f 16899/2/5 16870/2/5 16869/2/5
f 16900/3/5 16871/3/5 16870/3/5
f 16900/2/5 16870/2/5 16899/2/5
f 16901/1/5 16872/1/5 16871/1/5
f 16901/3/5 16871/3/5 16900/3/5
f 16901/1/5 16873/1/5 16872/1/5
f 16902/3/5 16874/3/5 16873/3/5
f 16902/1/5 16873/1/5 16901/1/5
f 16903/1/5 16875/1/5 16874/1/5
f 16903/3/5 16874/3/5 16902/3/5
f 16904/3/5 16876/3/5 16875/3/5
f 16904/1/5 16875/1/5 16903/1/5
f 16905/1/5 16877/1/5 16876/1/5
f 16905/3/5 16876/3/5 16904/3/5
f 16906/3/5 16878/3/5 16877/3/5
f 16906/1/5 16877/1/5 16905/1/5
f 16907/1/5 16880/1/5 16879/1/5
f 16907/3/5 16878/3/5 16906/3/5
f 16907/1/5 16879/1/5 16878/1/5
f 16908/1/5 16883/1/5 16882/1/5
f 16908/1/5 16882/1/5 16881/1/5
f 16909/1/5 16883/1/5 16908/1/5
f 16910/2/5 16885/2/5 16884/2/5
f 16911/3/5 16854/3/5 16853/3/5
f 16912/3/5 16854/3/5 16911/3/5
f 16913/2/5 16887/2/5 16886/2/5
f 16914/1/5 16825/1/5 16887/1/5
f 16914/2/5 16887/2/5 16913/2/5
f 16915/2/5 16888/2/5 16825/2/5
f 16915/1/5 16825/1/5 16914/1/5
f 16916/3/5 16889/3/5 16888/3/5
f 16916/2/5 16888/2/5 16915/2/5
f 16917/2/5 16890/2/5 16889/2/5
f 16917/3/5 16889/3/5 16916/3/5
f 16918/3/5 16891/3/5 16890/3/5
f 16918/2/5 16890/2/5 16917/2/5
f 16919/2/5 16893/2/5 16892/2/5
f 16919/3/5 16891/3/5 16918/3/5
f 16919/2/5 16892/2/5 16891/2/5
f 16920/3/5 16894/3/5 16893/3/5
f 16920/2/5 16893/2/5 16919/2/5
f 16921/2/5 16895/2/5 16894/2/5
f 16921/3/5 16894/3/5 16920/3/5
f 16922/1/5 16896/1/5 16895/1/5
f 16922/2/5 16895/2/5 16921/2/5
f 16923/3/5 16897/3/5 16896/3/5
f 16923/1/5 16896/1/5 16922/1/5
f 16924/1/5 16898/1/5 16897/1/5
f 16924/3/5 16897/3/5 16923/3/5
f 16925/2/5 16867/2/5 16898/2/5
f 16925/1/5 16898/1/5 16924/1/5
f 16926/3/5 16899/3/5 16867/3/5
f 16926/2/5 16867/2/5 16925/2/5
f 16927/1/5 16900/1/5 16899/1/5
f 16927/3/5 16899/3/5 16926/3/5
f 16928/2/5 16902/2/5 16901/2/5
f 16928/1/5 16900/1/5 16927/1/5
f 16928/2/5 16901/2/5 16900/2/5
f 16928/2/5 16903/2/5 16902/2/5
f 16929/3/5 16905/3/5 16904/3/5
f 16929/2/5 16903/2/5 16928/2/5
f 16929/3/5 16904/3/5 16903/3/5
f 16930/2/5 16907/2/5 16906/2/5
f 16930/3/5 16905/3/5 16929/3/5
f 16930/2/5 16906/2/5 16905/2/5
f 16931/1/5 16880/1/5 16907/1/5
f 16931/2/5 16907/2/5 16930/2/5
f 16932/2/5 16881/2/5 16880/2/5
f 16932/1/5 16880/1/5 16931/1/5
f 16933/1/5 16908/1/5 16881/1/5
f 16933/2/5 16881/2/5 16932/2/5
f 16934/2/5 16909/2/5 16908/2/5
f 16934/1/5 16908/1/5 16933/1/5
f 16935/2/5 16909/2/5 16934/2/5
f 16936/2/5 16885/2/5 16910/2/5
f 16937/2/5 16885/2/5 16936/2/5
f 16938/1/5 16912/1/5 16911/1/5
f 16939/1/5 16912/1/5 16938/1/5
f 16940/3/5 16937/3/5 16936/3/5
f 16941/3/5 16937/3/5 16940/3/5
f 16942/2/5 16939/2/5 16938/2/5
f 16943/2/5 16939/2/5 16942/2/5
f 16944/2/5 16941/2/5 16940/2/5
f 16945/2/5 16941/2/5 16944/2/5
f 16948/1/5 16947/1/5 16946/1/5
f 16949/1/5 16947/1/5 16948/1/5
f 16953/4/5 16951/4/5 16950/4/5
f 16953/2/5 16952/2/5 16951/2/5
f 16954/2/5 16952/2/5 16953/2/5
f 16955/4/5 16953/4/5 16950/4/5
f 16956/4/5 16953/4/5 16955/4/5
f 16961/4/5 16958/4/5 16957/4/5
f 16962/4/5 16960/4/5 16959/4/5
f 16964/4/5 16961/4/5 16957/4/5
f 16965/4/5 16961/4/5 16964/4/5
f 16966/4/5 16960/4/5 16962/4/5
f 16967/4/5 16960/4/5 16966/4/5
f 16970/4/5 16964/4/5 16963/4/5
f 16971/4/5 16964/4/5 16970/4/5
f 16972/4/5 16968/4/5 16967/4/5
f 16973/4/5 16968/4/5 16972/4/5
f 16975/4/5 16970/4/5 16969/4/5
f 16977/4/5 16975/4/5 16969/4/5
f 16978/4/5 16975/4/5 16977/4/5
f 16979/4/5 16974/4/5 16973/4/5
f 16980/4/5 16974/4/5 16979/4/5
f 16983/4/5 16977/4/5 16976/4/5
f 16984/4/5 16977/4/5 16983/4/5
f 16985/4/5 16981/4/5 16980/4/5
f 16986/4/5 16981/4/5 16985/4/5
f 16988/4/5 16983/4/5 16982/4/5
f 16989/4/5 16987/4/5 16986/4/5
f 16991/4/5 16988/4/5 16982/4/5
f 16992/4/5 16988/4/5 16991/4/5
f 16993/4/5 16987/4/5 16989/4/5
f 16994/4/5 16987/4/5 16993/4/5
f 16996/4/5 16991/4/5 16990/4/5
f 16997/4/5 16991/4/5 16996/4/5
f 16998/4/5 16995/4/5 16994/4/5
f 16999/4/5 16995/4/5 16998/4/5
f 17004/4/5 17001/4/5 17000/4/5
f 17005/4/5 17001/4/5 17004/4/5
f 17006/4/5 17003/4/5 17002/4/5
f 17007/4/5 17003/4/5 17006/4/5
f 17012/4/5 17009/4/5 17008/4/5
f 17013/4/5 17009/4/5 17012/4/5
f 17014/4/5 17011/4/5 17010/4/5
f 17015/4/5 17011/4/5 17014/4/5
f 17020/4/5 17017/4/5 17016/4/5
f 17021/4/5 17017/4/5 17020/4/5
f 17022/4/5 17019/4/5 17018/4/5
f 17023/4/5 17019/4/5 17022/4/5
f 17028/4/5 17025/4/5 17024/4/5
f 17029/4/5 17025/4/5 17028/4/5
f 17030/4/5 17027/4/5 17026/4/5
f 17031/4/5 17027/4/5 17030/4/5
f 17036/4/5 17033/4/5 17032/4/5
f 17037/4/5 17033/4/5 17036/4/5
f 17038/4/5 17035/4/5 17034/4/5
f 17039/4/5 17035/4/5 17038/4/5
f 17044/4/5 17041/4/5 17040/4/5
f 17045/4/5 17041/4/5 17044/4/5
f 17046/4/5 17043/4/5 17042/4/5
f 17047/4/5 17043/4/5 17046/4/5
f 17052/4/5 17049/4/5 17048/4/5
f 17053/4/5 17049/4/5 17052/4/5
f 17054/4/5 17051/4/5 17050/4/5
f 17055/4/5 17051/4/5 17054/4/5
f 17060/4/5 17059/4/5 17058/4/5
f 17061/4/5 17057/4/5 17056/4/5
f 17062/4/5 17060/4/5 17058/4/5
f 17063/4/5 17060/4/5 17062/4/5
f 17064/4/5 17057/4/5 17061/4/5
f 17067/4/5 17057/4/5 17064/4/5
f 17068/4/5 17057/4/5 17067/4/5
f 17069/4/5 17066/4/5 17065/4/5
f 17070/4/5 17069/4/5 17065/4/5
f 17071/4/5 17070/4/5 17065/4/5
f 17072/4/5 17057/4/5 17068/4/5
f 17073/4/5 17071/4/5 17065/4/5
f 17074/4/5 17073/4/5 17065/4/5
f 17075/4/5 17057/4/5 17072/4/5
f 17076/4/5 17074/4/5 17065/4/5
f 17077/4/5 17057/4/5 17075/4/5
f 17078/4/5 17076/4/5 17065/4/5
f 17079/4/5 17057/4/5 17077/4/5
f 17080/4/5 17078/4/5 17065/4/5
f 17081/4/5 17057/4/5 17079/4/5
f 17082/4/5 17080/4/5 17065/4/5
f 17083/4/5 17057/4/5 17081/4/5
f 17084/4/5 17082/4/5 17065/4/5
f 17085/4/5 17057/4/5 17083/4/5
f 17086/4/5 17084/4/5 17065/4/5
f 17087/4/5 17086/4/5 17065/4/5
f 17088/4/5 17057/4/5 17085/4/5
f 17089/4/5 17087/4/5 17065/4/5
f 17090/4/5 17057/4/5 17088/4/5
f 17091/4/5 17089/4/5 17065/4/5
f 17092/4/5 17057/4/5 17090/4/5
f 17093/4/5 17091/4/5 17065/4/5
f 17094/4/5 17057/4/5 17092/4/5
f 17095/4/5 17093/4/5 17065/4/5
f 17096/4/5 17057/4/5 17094/4/5
f 17097/4/5 17057/4/5 17096/4/5
f 17098/4/5 17095/4/5 17065/4/5
f 17099/4/5 17057/4/5 17097/4/5
f 17100/4/5 17098/4/5 17065/4/5
f 17101/4/5 17057/4/5 17099/4/5
f 17102/4/5 17100/4/5 17065/4/5
f 17103/4/5 17057/4/5 17101/4/5
f 17104/4/5 17102/4/5 17065/4/5
f 17105/4/5 17104/4/5 17065/4/5
f 17106/4/5 17105/4/5 17065/4/5
f 17107/4/5 17057/4/5 17103/4/5
f 17108/4/5 17057/4/5 17107/4/5
f 17109/4/5 17057/4/5 17108/4/5
f 17110/4/5 17106/4/5 17065/4/5
f 17111/4/5 17057/4/5 17109/4/5
f 17112/4/5 17057/4/5 17111/4/5
f 17113/4/5 17110/4/5 17065/4/5
f 17114/4/5 17057/4/5 17112/4/5
f 17115/4/5 17113/4/5 17065/4/5
f 17116/4/5 17057/4/5 17114/4/5
f 17117/4/5 17115/4/5 17065/4/5
f 17118/4/5 17117/4/5 17065/4/5
f 17119/4/5 17057/4/5 17116/4/5
f 17120/4/5 17118/4/5 17065/4/5
f 17121/4/5 17057/4/5 17119/4/5
f 17122/4/5 17120/4/5 17065/4/5
f 17123/4/5 17120/4/5 17122/4/5
f 17124/4/5 17057/4/5 17121/4/5
f 17125/4/5 17057/4/5 17124/4/5
f 17132/2/5 17127/2/5 17126/2/5
f 17133/1/5 17128/1/5 17127/1/5
f 17133/2/5 17127/2/5 17132/2/5
f 17134/3/5 17129/3/5 17128/3/5
f 17134/1/5 17128/1/5 17133/1/5
f 17135/2/5 17130/2/5 17129/2/5
f 17135/3/5 17129/3/5 17134/3/5
f 17136/1/5 17131/1/5 17130/1/5
f 17136/2/5 17130/2/5 17135/2/5
f 17137/1/5 17131/1/5 17136/1/5
f 17143/3/5 17139/3/5 17138/3/5
f 17144/3/5 17139/3/5 17143/3/5
f 17145/3/5 17141/3/5 17140/3/5
f 17146/3/5 17141/3/5 17145/3/5
f 17148/2/5 17143/2/5 17142/2/5
f 17149/2/5 17143/2/5 17148/2/5
f 17150/3/5 17147/3/5 17146/3/5
f 17151/3/5 17147/3/5 17150/3/5
f 17153/1/5 17149/1/5 17148/1/5
f 17154/1/5 17149/1/5 17153/1/5
f 17155/2/5 17151/2/5 17150/2/5
f 17156/2/5 17151/2/5 17155/2/5
f 17158/3/5 17153/3/5 17152/3/5
f 17159/3/5 17153/3/5 17158/3/5
f 17160/3/5 17157/3/5 17156/3/5
f 17161/3/5 17157/3/5 17160/3/5
f 17166/3/5 17163/3/5 17162/3/5
f 17167/3/5 17163/3/5 17166/3/5
f 17168/3/5 17165/3/5 17164/3/5
f 17169/3/5 17165/3/5 17168/3/5
f 17174/1/5 17171/1/5 17170/1/5
f 17175/1/5 17171/1/5 17174/1/5
f 17176/2/5 17173/2/5 17172/2/5
f 17177/2/5 17173/2/5 17176/2/5
f 17182/1/5 17179/1/5 17178/1/5
f 17183/1/5 17179/1/5 17182/1/5
f 17184/1/5 17181/1/5 17180/1/5
f 17185/1/5 17181/1/5 17184/1/5
f 17190/1/5 17187/1/5 17186/1/5
f 17191/1/5 17187/1/5 17190/1/5
f 17192/3/5 17189/3/5 17188/3/5
f 17193/3/5 17189/3/5 17192/3/5
f 17198/3/5 17195/3/5 17194/3/5
f 17199/3/5 17195/3/5 17198/3/5
f 17200/1/5 17197/1/5 17196/1/5
f 17201/1/5 17197/1/5 17200/1/5
f 17206/2/5 17203/2/5 17202/2/5
f 17207/2/5 17203/2/5 17206/2/5
f 17208/2/5 17205/2/5 17204/2/5
f 17209/2/5 17205/2/5 17208/2/5
f 17212/2/5 17211/2/5 17210/2/5
f 17213/2/5 17211/2/5 17212/2/5
f 17218/2/5 17215/2/5 17214/2/5
f 17219/2/5 17215/2/5 17218/2/5
f 17220/3/5 17217/3/5 17216/3/5
f 17221/3/5 17217/3/5 17220/3/5
f 17229/1/5 17223/1/5 17222/1/5
f 17230/3/5 17224/3/5 17223/3/5
f 17230/1/5 17223/1/5 17229/1/5
f 17231/2/5 17225/2/5 17224/2/5
f 17231/3/5 17224/3/5 17230/3/5
f 17232/3/5 17226/3/5 17225/3/5
f 17232/2/5 17225/2/5 17231/2/5
f 17233/1/5 17227/1/5 17226/1/5
f 17233/3/5 17226/3/5 17232/3/5
f 17234/1/5 17227/1/5 17233/1/5
f 17235/2/5 17229/2/5 17228/2/5
f 17236/2/5 17229/2/5 17235/2/5
f 17242/2/5 17238/2/5 17237/2/5
f 17243/2/5 17238/2/5 17242/2/5
f 17244/2/5 17240/2/5 17239/2/5
f 17245/2/5 17240/2/5 17244/2/5
f 17247/3/5 17242/3/5 17241/3/5
f 17248/3/5 17242/3/5 17247/3/5
f 17249/2/5 17246/2/5 17245/2/5
f 17250/2/5 17246/2/5 17249/2/5
f 17255/3/5 17252/3/5 17251/3/5
f 17256/3/5 17252/3/5 17255/3/5
f 17257/2/5 17254/2/5 17253/2/5
f 17258/2/5 17254/2/5 17257/2/5
f 17263/1/5 17260/1/5 17259/1/5
f 17264/1/5 17260/1/5 17263/1/5
f 17265/1/5 17262/1/5 17261/1/5
f 17266/1/5 17262/1/5 17265/1/5
f 17271/1/5 17268/1/5 17267/1/5
f 17272/1/5 17268/1/5 17271/1/5
f 17273/1/5 17270/1/5 17269/1/5
f 17274/1/5 17270/1/5 17273/1/5
f 17279/1/5 17276/1/5 17275/1/5
f 17280/1/5 17276/1/5 17279/1/5
f 17281/3/5 17278/3/5 17277/3/5
f 17282/3/5 17278/3/5 17281/3/5
f 17287/2/5 17284/2/5 17283/2/5
f 17288/2/5 17284/2/5 17287/2/5
f 17289/1/5 17286/1/5 17285/1/5
f 17290/1/5 17286/1/5 17289/1/5
f 17295/3/5 17292/3/5 17291/3/5
f 17296/3/5 17292/3/5 17295/3/5
f 17297/3/5 17294/3/5 17293/3/5
f 17298/3/5 17294/3/5 17297/3/5
f 17303/3/5 17300/3/5 17299/3/5
f 17304/3/5 17300/3/5 17303/3/5
f 17305/2/5 17302/2/5 17301/2/5
f 17306/2/5 17302/2/5 17305/2/5
f 17311/3/5 17308/3/5 17307/3/5
f 17312/3/5 17308/3/5 17311/3/5
f 17313/1/5 17310/1/5 17309/1/5
f 17314/1/5 17310/1/5 17313/1/5
f 17319/1/5 17316/1/5 17315/1/5
f 17320/1/5 17316/1/5 17319/1/5
f 17321/1/5 17318/1/5 17317/1/5
f 17322/1/5 17318/1/5 17321/1/5
f 17327/1/5 17324/1/5 17323/1/5
f 17328/1/5 17324/1/5 17327/1/5
f 17329/1/5 17326/1/5 17325/1/5
f 17330/1/5 17326/1/5 17329/1/5
f 17331/2/5 17330/2/5 17329/2/5
f 17332/2/5 17330/2/5 17331/2/5
f 17333/3/5 17328/3/5 17327/3/5
f 17334/3/5 17328/3/5 17333/3/5
f 17335/1/5 17332/1/5 17331/1/5
f 17336/1/5 17332/1/5 17335/1/5
f 17337/2/5 17334/2/5 17333/2/5
f 17338/2/5 17334/2/5 17337/2/5
f 17339/3/5 17336/3/5 17335/3/5
f 17340/3/5 17336/3/5 17339/3/5
f 17341/3/5 17338/3/5 17337/3/5
f 17342/3/5 17338/3/5 17341/3/5
f 17343/1/5 17340/1/5 17339/1/5
f 17344/2/5 17342/2/5 17341/2/5
f 17345/2/5 17342/2/5 17344/2/5
f 17346/1/5 17343/1/5 17339/1/5
f 17347/1/5 17343/1/5 17346/1/5
f 17348/3/5 17345/3/5 17344/3/5
f 17349/3/5 17345/3/5 17348/3/5
f 17350/2/5 17347/2/5 17346/2/5
f 17351/2/5 17347/2/5 17350/2/5
f 17352/1/5 17349/1/5 17348/1/5
f 17353/1/5 17351/1/5 17350/1/5
f 17354/1/5 17349/1/5 17352/1/5
f 17355/1/5 17349/1/5 17354/1/5
f 17356/1/5 17353/1/5 17350/1/5
f 17357/1/5 17353/1/5 17356/1/5
f 17358/2/5 17355/2/5 17354/2/5
f 17359/2/5 17355/2/5 17358/2/5
f 17360/1/5 17359/1/5 17358/1/5
f 17361/1/5 17359/1/5 17360/1/5
f 17362/2/5 17357/2/5 17356/2/5
f 17363/2/5 17357/2/5 17362/2/5
f 17364/2/5 17361/2/5 17360/2/5
f 17365/2/5 17361/2/5 17364/2/5
f 17366/3/5 17363/3/5 17362/3/5
f 17367/3/5 17363/3/5 17366/3/5
f 17368/1/5 17365/1/5 17364/1/5
f 17369/1/5 17365/1/5 17368/1/5
f 17370/2/5 17367/2/5 17366/2/5
f 17371/2/5 17367/2/5 17370/2/5
f 17372/2/5 17369/2/5 17368/2/5
f 17373/2/5 17369/2/5 17372/2/5
f 17374/1/5 17371/1/5 17370/1/5
f 17375/1/5 17371/1/5 17374/1/5
f 17376/3/5 17373/3/5 17372/3/5
f 17377/3/5 17373/3/5 17376/3/5
f 17378/2/5 17375/2/5 17374/2/5
f 17379/2/5 17375/2/5 17378/2/5
f 17380/2/5 17377/2/5 17376/2/5
f 17381/3/5 17379/3/5 17378/3/5
f 17382/2/5 17377/2/5 17380/2/5
f 17383/2/5 17377/2/5 17382/2/5
f 17384/3/5 17381/3/5 17378/3/5
f 17385/3/5 17381/3/5 17384/3/5
f 17386/1/5 17383/1/5 17382/1/5
f 17387/1/5 17383/1/5 17386/1/5
f 17388/2/5 17385/2/5 17384/2/5
f 17389/2/5 17385/2/5 17388/2/5
f 17390/2/5 17387/2/5 17386/2/5
f 17391/2/5 17387/2/5 17390/2/5
f 17392/1/5 17389/1/5 17388/1/5
f 17393/1/5 17389/1/5 17392/1/5
f 17394/1/5 17391/1/5 17390/1/5
f 17395/1/5 17391/1/5 17394/1/5
f 17396/1/5 17391/1/5 17395/1/5
f 17397/3/5 17396/3/5 17395/3/5
f 17398/3/5 17396/3/5 17397/3/5
f 17399/2/5 17393/2/5 17392/2/5
f 17400/2/5 17393/2/5 17399/2/5
f 17401/1/5 17398/1/5 17397/1/5
f 17402/1/5 17398/1/5 17401/1/5
f 17403/1/5 17400/1/5 17399/1/5
f 17404/1/5 17400/1/5 17403/1/5
f 17405/2/5 17402/2/5 17401/2/5
f 17406/2/5 17402/2/5 17405/2/5
f 17407/2/5 17404/2/5 17403/2/5
f 17408/2/5 17404/2/5 17407/2/5
f 17409/3/5 17406/3/5 17405/3/5
f 17410/3/5 17406/3/5 17409/3/5
f 17411/1/5 17408/1/5 17407/1/5
f 17412/1/5 17408/1/5 17411/1/5
f 17413/2/5 17410/2/5 17409/2/5
f 17414/2/5 17410/2/5 17413/2/5
f 17415/3/5 17412/3/5 17411/3/5
f 17416/3/5 17412/3/5 17415/3/5
f 17417/2/5 17416/2/5 17415/2/5
f 17418/2/5 17416/2/5 17417/2/5
f 17419/1/5 17414/1/5 17413/1/5
f 17420/1/5 17414/1/5 17419/1/5
f 17421/3/5 17418/3/5 17417/3/5
f 17422/3/5 17420/3/5 17419/3/5
f 17423/3/5 17421/3/5 17417/3/5
f 17424/3/5 17420/3/5 17422/3/5
f 17425/3/5 17420/3/5 17424/3/5
f 17426/3/5 17423/3/5 17417/3/5
f 17427/2/5 17425/2/5 17424/2/5
f 17428/2/5 17425/2/5 17427/2/5
f 17429/3/5 17426/3/5 17417/3/5
f 17430/3/5 17426/3/5 17429/3/5
f 17431/3/5 17428/3/5 17427/3/5
f 17432/3/5 17428/3/5 17431/3/5
f 17433/1/5 17432/1/5 17431/1/5
f 17434/1/5 17432/1/5 17433/1/5
f 17435/2/5 17430/2/5 17429/2/5
f 17436/2/5 17430/2/5 17435/2/5
f 17437/2/5 17434/2/5 17433/2/5
f 17438/2/5 17434/2/5 17437/2/5
f 17439/1/5 17436/1/5 17435/1/5
f 17440/1/5 17436/1/5 17439/1/5
f 17441/3/5 17438/3/5 17437/3/5
f 17442/3/5 17438/3/5 17441/3/5
f 17443/3/5 17440/3/5 17439/3/5
f 17444/3/5 17440/3/5 17443/3/5
f 17445/1/5 17442/1/5 17441/1/5
f 17446/1/5 17442/1/5 17445/1/5
f 17447/2/5 17444/2/5 17443/2/5
f 17448/2/5 17444/2/5 17447/2/5
f 17449/2/5 17446/2/5 17445/2/5
f 17450/2/5 17446/2/5 17449/2/5
f 17451/1/5 17448/1/5 17447/1/5
f 17452/1/5 17448/1/5 17451/1/5
f 17453/3/5 17450/3/5 17449/3/5
f 17454/3/5 17450/3/5 17453/3/5
f 17455/3/5 17452/3/5 17451/3/5
f 17456/3/5 17452/3/5 17455/3/5
f 17457/2/5 17454/2/5 17453/2/5
f 17458/2/5 17454/2/5 17457/2/5
f 17459/1/5 17456/1/5 17455/1/5
f 17460/1/5 17456/1/5 17459/1/5
f 17461/1/5 17458/1/5 17457/1/5
f 17462/2/5 17460/2/5 17459/2/5
f 17463/2/5 17460/2/5 17462/2/5
f 17464/1/5 17458/1/5 17461/1/5
f 17465/1/5 17458/1/5 17464/1/5
f 17470/3/5 17467/3/5 17466/3/5
f 17471/3/5 17467/3/5 17470/3/5
f 17472/3/5 17469/3/5 17468/3/5
f 17473/3/5 17469/3/5 17472/3/5
f 17476/4/5 17475/4/5 17474/4/5
f 17478/4/5 17476/4/5 17474/4/5
f 17478/4/5 17477/4/5 17476/4/5
f 17479/4/5 17477/4/5 17478/4/5
f 17480/4/5 17477/4/5 17479/4/5
f 17481/4/5 17477/4/5 17480/4/5
f 17482/4/5 17477/4/5 17481/4/5
f 17483/4/5 17477/4/5 17482/4/5
f 17484/4/5 17478/4/5 17474/4/5
f 17485/4/5 17478/4/5 17484/4/5
f 17491/4/5 17487/4/5 17486/4/5
f 17492/4/5 17487/4/5 17491/4/5
f 17493/4/5 17489/4/5 17488/4/5
f 17494/4/5 17489/4/5 17493/4/5
f 17496/3/5 17491/3/5 17490/3/5
f 17497/3/5 17491/3/5 17496/3/5
f 17498/3/5 17495/3/5 17494/3/5
f 17499/3/5 17495/3/5 17498/3/5
f 17504/2/5 17501/2/5 17500/2/5
f 17505/2/5 17501/2/5 17504/2/5
f 17506/2/5 17503/2/5 17502/2/5
f 17507/2/5 17503/2/5 17506/2/5
f 17512/3/5 17509/3/5 17508/3/5
f 17513/3/5 17509/3/5 17512/3/5
f 17514/2/5 17511/2/5 17510/2/5
f 17515/2/5 17511/2/5 17514/2/5
f 17520/2/5 17517/2/5 17516/2/5
f 17521/2/5 17517/2/5 17520/2/5
f 17522/2/5 17519/2/5 17518/2/5
f 17523/2/5 17519/2/5 17522/2/5
f 17528/3/5 17525/3/5 17524/3/5
f 17529/3/5 17525/3/5 17528/3/5
f 17530/2/5 17527/2/5 17526/2/5
f 17531/2/5 17527/2/5 17530/2/5
f 17536/3/5 17533/3/5 17532/3/5
f 17537/3/5 17533/3/5 17536/3/5
f 17538/3/5 17535/3/5 17534/3/5
f 17539/3/5 17535/3/5 17538/3/5
f 17544/3/5 17541/3/5 17540/3/5
f 17545/3/5 17541/3/5 17544/3/5
f 17546/2/5 17543/2/5 17542/2/5
f 17547/2/5 17543/2/5 17546/2/5
f 17552/1/5 17549/1/5 17548/1/5
f 17553/1/5 17549/1/5 17552/1/5
f 17554/2/5 17551/2/5 17550/2/5
f 17555/2/5 17551/2/5 17554/2/5
f 17558/4/5 17557/4/5 17556/4/5
f 17559/4/5 17557/4/5 17558/4/5
f 17564/4/5 17561/4/5 17560/4/5
f 17565/4/5 17561/4/5 17564/4/5
f 17566/4/5 17563/4/5 17562/4/5
f 17567/4/5 17563/4/5 17566/4/5
f 17572/1/5 17569/1/5 17568/1/5
f 17573/1/5 17569/1/5 17572/1/5
f 17574/3/5 17571/3/5 17570/3/5
f 17575/3/5 17573/3/5 17572/3/5
f 17576/3/5 17573/3/5 17575/3/5
f 17577/3/5 17571/3/5 17574/3/5
f 17578/3/5 17571/3/5 17577/3/5
f 17579/1/5 17576/1/5 17575/1/5
f 17580/1/5 17576/1/5 17579/1/5
f 17581/3/5 17580/3/5 17579/3/5
f 17582/3/5 17580/3/5 17581/3/5
f 17586/2/5 17578/2/5 17577/2/5
f 17587/2/5 17578/2/5 17586/2/5
f 17588/2/5 17584/2/5 17583/2/5
f 17589/3/5 17585/3/5 17584/3/5
f 17589/2/5 17584/2/5 17588/2/5
f 17590/3/5 17585/3/5 17589/3/5
f 17593/1/5 17592/1/5 17591/1/5
f 17594/1/5 17592/1/5 17593/1/5
f 17595/2/5 17594/2/5 17593/2/5
f 17596/2/5 17594/2/5 17595/2/5
f 17597/1/5 17596/1/5 17595/1/5
f 17598/1/5 17596/1/5 17597/1/5
f 17599/1/5 17596/1/5 17598/1/5
f 17600/2/5 17599/2/5 17598/2/5
f 17601/2/5 17599/2/5 17600/2/5
f 17606/3/5 17603/3/5 17602/3/5
f 17607/3/5 17603/3/5 17606/3/5
f 17608/3/5 17605/3/5 17604/3/5
f 17609/3/5 17605/3/5 17608/3/5
f 17612/4/5 17611/4/5 17610/4/5
f 17613/4/5 17611/4/5 17612/4/5
f 17618/2/5 17615/2/5 17614/2/5
f 17619/2/5 17615/2/5 17618/2/5
f 17620/3/5 17617/3/5 17616/3/5
f 17621/3/5 17619/3/5 17618/3/5
f 17622/3/5 17619/3/5 17621/3/5
f 17623/3/5 17617/3/5 17620/3/5
f 17624/3/5 17617/3/5 17623/3/5
f 17629/4/5 17626/4/5 17625/4/5
f 17630/4/5 17626/4/5 17629/4/5
f 17631/4/5 17628/4/5 17627/4/5
f 17632/4/5 17628/4/5 17631/4/5
f 17637/5/5 17634/5/5 17633/5/5
f 17638/5/5 17634/5/5 17637/5/5
f 17639/5/5 17636/5/5 17635/5/5
f 17640/5/5 17636/5/5 17639/5/5
f 17641/1/6 17642/1/6 17645/1/6
f 17645/1/6 17642/1/6 17646/1/6
f 17643/2/6 17644/2/6 17647/2/6
f 17647/2/6 17644/2/6 17648/2/6
f 17649/2/6 17650/2/6 17653/2/6
f 17653/2/6 17650/2/6 17654/2/6
f 17651/1/6 17652/1/6 17655/1/6
f 17655/1/6 17652/1/6 17656/1/6
f 17653/3/6 17654/3/6 17657/3/6
f 17657/3/6 17654/3/6 17658/3/6
f 17655/3/6 17656/3/6 17659/3/6
f 17659/3/6 17656/3/6 17660/3/6
f 17661/2/6 17662/2/6 17665/2/6
f 17665/2/6 17662/2/6 17666/2/6
f 17663/2/6 17664/2/6 17667/2/6
f 17667/2/6 17664/2/6 17668/2/6
f 17665/3/6 17666/3/6 17669/3/6
f 17667/1/6 17668/1/6 17670/1/6
f 17670/1/6 17668/1/6 17671/1/6
f 17665/3/6 17669/3/6 17672/3/6
f 17672/3/6 17669/3/6 17673/3/6
f 17670/2/6 17671/2/6 17674/2/6
f 17674/2/6 17671/2/6 17675/2/6
f 17676/4/6 17677/4/6 17680/4/6
f 17680/4/6 17677/4/6 17681/4/6
f 17678/4/6 17679/4/6 17682/4/6
f 17682/4/6 17679/4/6 17683/4/6
f 17684/4/6 17685/4/6 17688/4/6
f 17688/4/6 17685/4/6 17689/4/6
f 17686/4/6 17687/4/6 17690/4/6
f 17690/4/6 17687/4/6 17691/4/6
f 17692/2/6 17693/2/6 17694/2/6
f 17694/2/6 17693/2/6 17695/2/6
f 17694/1/6 17695/1/6 17697/1/6
f 17697/1/6 17695/1/6 17698/1/6
f 17696/2/6 17697/2/6 17700/2/6
f 17697/1/6 17698/1/6 17701/1/6
f 17700/2/6 17697/2/6 17701/2/6
f 17698/2/6 17699/2/6 17702/2/6
f 17701/1/6 17698/1/6 17702/1/6
f 17702/2/6 17699/2/6 17703/2/6
f 17700/3/6 17701/3/6 17705/3/6
f 17701/2/6 17702/2/6 17706/2/6
f 17705/3/6 17701/3/6 17706/3/6
f 17702/1/6 17703/1/6 17707/1/6
f 17706/2/6 17702/2/6 17707/2/6
f 17707/1/6 17703/1/6 17708/1/6
f 17704/2/6 17705/2/6 17710/2/6
f 17705/1/6 17706/1/6 17711/1/6
f 17710/2/6 17705/2/6 17711/2/6
f 17707/3/6 17708/3/6 17712/3/6
f 17706/3/6 17707/3/6 17712/3/6
f 17708/1/6 17709/1/6 17713/1/6
f 17712/3/6 17708/3/6 17713/3/6
f 17713/1/6 17709/1/6 17714/1/6
f 17710/1/6 17711/1/6 17715/1/6
f 17711/1/6 17706/1/6 17716/1/6
f 17715/1/6 17711/1/6 17716/1/6
f 17706/3/6 17712/3/6 17717/3/6
f 17716/1/6 17706/1/6 17717/1/6
f 17712/1/6 17713/1/6 17718/1/6
f 17717/3/6 17712/3/6 17718/3/6
f 17713/2/6 17714/2/6 17719/2/6
f 17718/1/6 17713/1/6 17719/1/6
f 17719/2/6 17714/2/6 17720/2/6
f 17715/3/6 17716/3/6 17723/3/6
f 17716/2/6 17717/2/6 17724/2/6
f 17717/2/6 17718/2/6 17724/2/6
f 17723/3/6 17716/3/6 17724/3/6
f 17718/2/6 17719/2/6 17724/2/6
f 17724/2/6 17719/2/6 17725/2/6
f 17720/1/6 17721/1/6 17726/1/6
f 17725/2/6 17719/2/6 17726/2/6
f 17719/1/6 17720/1/6 17726/1/6
f 17726/1/6 17721/1/6 17727/1/6
f 17722/2/6 17723/2/6 17728/2/6
f 17724/1/6 17725/1/6 17729/1/6
f 17728/2/6 17723/2/6 17729/2/6
f 17723/1/6 17724/1/6 17729/1/6
f 17729/1/6 17725/1/6 17730/1/6
f 17725/3/6 17726/3/6 17731/3/6
f 17730/1/6 17725/1/6 17731/1/6
f 17726/1/6 17727/1/6 17732/1/6
f 17731/3/6 17726/3/6 17732/3/6
f 17732/1/6 17727/1/6 17733/1/6
f 17729/3/6 17730/3/6 17735/3/6
f 17728/3/6 17729/3/6 17735/3/6
f 17735/3/6 17730/3/6 17736/3/6
f 17730/2/6 17731/2/6 17737/2/6
f 17736/3/6 17730/3/6 17737/3/6
f 17732/2/6 17733/2/6 17737/2/6
f 17733/2/6 17734/2/6 17737/2/6
f 17731/2/6 17732/2/6 17737/2/6
f 17737/2/6 17734/2/6 17738/2/6
f 17738/2/6 17734/2/6 17739/2/6
f 17739/2/6 17734/2/6 17740/2/6
f 17735/1/6 17736/1/6 17742/1/6
f 17736/2/6 17737/2/6 17743/2/6
f 17737/2/6 17738/2/6 17743/2/6
f 17742/1/6 17736/1/6 17743/1/6
f 17738/1/6 17739/1/6 17744/1/6
f 17743/2/6 17738/2/6 17744/2/6
f 17744/1/6 17739/1/6 17745/1/6
f 17745/1/6 17739/1/6 17746/1/6
f 17739/2/6 17740/2/6 17747/2/6
f 17746/1/6 17739/1/6 17747/1/6
f 17747/2/6 17740/2/6 17748/2/6
f 17748/2/6 17740/2/6 17749/2/6
f 17741/3/6 17742/3/6 17751/3/6
f 17742/2/6 17743/2/6 17751/2/6
f 17743/3/6 17744/3/6 17752/3/6
f 17751/2/6 17743/2/6 17752/2/6
f 17752/3/6 17744/3/6 17753/3/6
f 17744/2/6 17745/2/6 17754/2/6
f 17753/3/6 17744/3/6 17754/3/6
f 17745/1/6 17746/1/6 17755/1/6
f 17754/2/6 17745/2/6 17755/2/6
f 17746/2/6 17747/2/6 17756/2/6
f 17755/1/6 17746/1/6 17756/1/6
f 17747/3/6 17748/3/6 17757/3/6
f 17756/2/6 17747/2/6 17757/2/6
f 17748/2/6 17749/2/6 17758/2/6
f 17757/3/6 17748/3/6 17758/3/6
f 17749/3/6 17750/3/6 17759/3/6
f 17758/2/6 17749/2/6 17759/2/6
f 17759/3/6 17750/3/6 17760/3/6
f 17741/3/6 17751/3/6 17763/3/6
f 17752/1/6 17753/1/6 17764/1/6
f 17751/1/6 17752/1/6 17764/1/6
f 17763/3/6 17751/3/6 17764/3/6
f 17764/1/6 17753/1/6 17765/1/6
f 17753/3/6 17754/3/6 17766/3/6
f 17765/1/6 17753/1/6 17766/1/6
f 17754/3/6 17755/3/6 17766/3/6
f 17756/1/6 17757/1/6 17767/1/6
f 17766/3/6 17755/3/6 17767/3/6
f 17755/1/6 17756/1/6 17767/1/6
f 17757/2/6 17758/2/6 17768/2/6
f 17767/1/6 17757/1/6 17768/1/6
f 17759/1/6 17760/1/6 17769/1/6
f 17768/2/6 17758/2/6 17769/2/6
f 17758/1/6 17759/1/6 17769/1/6
f 17769/1/6 17760/1/6 17770/1/6
f 17760/2/6 17761/2/6 17771/2/6
f 17770/1/6 17760/1/6 17771/1/6
f 17771/2/6 17761/2/6 17772/2/6
f 17764/1/6 17765/1/6 17773/1/6
f 17762/2/6 17763/2/6 17773/2/6
f 17763/1/6 17764/1/6 17773/1/6
f 17765/2/6 17766/2/6 17774/2/6
f 17773/1/6 17765/1/6 17774/1/6
f 17766/2/6 17767/2/6 17774/2/6
f 17767/2/6 17768/2/6 17774/2/6
f 17774/2/6 17768/2/6 17775/2/6
f 17775/2/6 17768/2/6 17776/2/6
f 17776/2/6 17768/2/6 17777/2/6
f 17768/1/6 17769/1/6 17778/1/6
f 17777/2/6 17768/2/6 17778/2/6
f 17769/2/6 17770/2/6 17779/2/6
f 17778/1/6 17769/1/6 17779/1/6
f 17771/3/6 17772/3/6 17780/3/6
f 17779/2/6 17770/2/6 17780/2/6
f 17770/3/6 17771/3/6 17780/3/6
f 17780/3/6 17772/3/6 17781/3/6
f 17781/3/6 17772/3/6 17782/3/6
f 17762/2/6 17773/2/6 17785/2/6
f 17773/2/6 17774/2/6 17785/2/6
f 17785/2/6 17774/2/6 17786/2/6
f 17786/2/6 17774/2/6 17787/2/6
f 17774/1/6 17775/1/6 17788/1/6
f 17787/2/6 17774/2/6 17788/2/6
f 17776/1/6 17777/1/6 17789/1/6
f 17775/2/6 17776/2/6 17789/2/6
f 17777/3/6 17778/3/6 17790/3/6
f 17789/1/6 17777/1/6 17790/1/6
f 17790/3/6 17778/3/6 17791/3/6
f 17778/2/6 17779/2/6 17792/2/6
f 17791/3/6 17778/3/6 17792/3/6
f 17780/1/6 17781/1/6 17793/1/6
f 17792/2/6 17779/2/6 17793/2/6
f 17779/1/6 17780/1/6 17793/1/6
f 17781/2/6 17782/2/6 17794/2/6
f 17793/1/6 17781/1/6 17794/1/6
f 17782/3/6 17783/3/6 17795/3/6
f 17794/2/6 17782/2/6 17795/2/6
f 17795/3/6 17783/3/6 17796/3/6
f 17784/3/6 17785/3/6 17798/3/6
f 17785/1/6 17786/1/6 17799/1/6
f 17798/3/6 17785/3/6 17799/3/6
f 17786/3/6 17787/3/6 17800/3/6
f 17799/1/6 17786/1/6 17800/1/6
f 17787/1/6 17788/1/6 17801/1/6
f 17800/3/6 17787/3/6 17801/3/6
f 17788/1/6 17775/1/6 17802/1/6
f 17801/1/6 17788/1/6 17802/1/6
f 17775/2/6 17789/2/6 17802/2/6
f 17789/2/6 17790/2/6 17802/2/6
f 17802/2/6 17790/2/6 17803/2/6
f 17790/3/6 17791/3/6 17804/3/6
f 17791/1/6 17792/1/6 17804/1/6
f 17792/3/6 17793/3/6 17805/3/6
f 17804/1/6 17792/1/6 17805/1/6
f 17793/2/6 17794/2/6 17806/2/6
f 17805/3/6 17793/3/6 17806/3/6
f 17795/1/6 17796/1/6 17807/1/6
f 17806/2/6 17794/2/6 17807/2/6
f 17794/1/6 17795/1/6 17807/1/6
f 17807/1/6 17796/1/6 17808/1/6
f 17796/3/6 17797/3/6 17809/3/6
f 17799/2/6 17800/2/6 17811/2/6
f 17798/2/6 17799/2/6 17811/2/6
f 17800/3/6 17801/3/6 17812/3/6
f 17811/2/6 17800/2/6 17812/2/6
f 17801/2/6 17802/2/6 17813/2/6
f 17812/3/6 17801/3/6 17813/3/6
f 17802/1/6 17803/1/6 17814/1/6
f 17813/2/6 17802/2/6 17814/2/6
f 17790/3/6 17804/3/6 17815/3/6
f 17803/2/6 17790/2/6 17815/2/6
f 17804/2/6 17805/2/6 17816/2/6
f 17815/3/6 17804/3/6 17816/3/6
f 17805/3/6 17806/3/6 17817/3/6
f 17816/2/6 17805/2/6 17817/2/6
f 17806/1/6 17807/1/6 17818/1/6
f 17817/3/6 17806/3/6 17818/3/6
f 17807/2/6 17808/2/6 17819/2/6
f 17818/1/6 17807/1/6 17819/1/6
f 17796/3/6 17809/3/6 17820/3/6
f 17808/1/6 17796/1/6 17820/1/6
f 17820/3/6 17809/3/6 17821/3/6
f 17810/3/6 17811/3/6 17823/3/6
f 17811/3/6 17812/3/6 17823/3/6
f 17823/3/6 17812/3/6 17824/3/6
f 17824/3/6 17812/3/6 17825/3/6
f 17812/2/6 17813/2/6 17826/2/6
f 17825/3/6 17812/3/6 17826/3/6
f 17813/3/6 17814/3/6 17827/3/6
f 17826/2/6 17813/2/6 17827/2/6
f 17827/3/6 17814/3/6 17828/3/6
f 17803/2/6 17815/2/6 17829/2/6
f 17815/2/6 17816/2/6 17829/2/6
f 17816/2/6 17817/2/6 17829/2/6
f 17829/2/6 17817/2/6 17830/2/6
f 17817/1/6 17818/1/6 17831/1/6
f 17830/2/6 17817/2/6 17831/2/6
f 17818/2/6 17819/2/6 17832/2/6
f 17831/1/6 17818/1/6 17832/1/6
f 17819/2/6 17808/2/6 17833/2/6
f 17832/2/6 17819/2/6 17833/2/6
f 17820/1/6 17821/1/6 17834/1/6
f 17833/2/6 17808/2/6 17834/2/6
f 17808/1/6 17820/1/6 17834/1/6
f 17821/2/6 17822/2/6 17835/2/6
f 17823/1/6 17824/1/6 17838/1/6
f 17824/3/6 17825/3/6 17839/3/6
f 17838/1/6 17824/1/6 17839/1/6
f 17825/1/6 17826/1/6 17840/1/6
f 17839/3/6 17825/3/6 17840/3/6
f 17826/2/6 17827/2/6 17841/2/6
f 17840/1/6 17826/1/6 17841/1/6
f 17827/1/6 17828/1/6 17842/1/6
f 17841/2/6 17827/2/6 17842/2/6
f 17828/3/6 17814/3/6 17843/3/6
f 17842/1/6 17828/1/6 17843/1/6
f 17814/1/6 17803/1/6 17844/1/6
f 17843/3/6 17814/3/6 17844/3/6
f 17803/2/6 17829/2/6 17845/2/6
f 17844/1/6 17803/1/6 17845/1/6
f 17829/3/6 17830/3/6 17846/3/6
f 17845/2/6 17829/2/6 17846/2/6
f 17830/2/6 17831/2/6 17847/2/6
f 17846/3/6 17830/3/6 17847/3/6
f 17831/3/6 17832/3/6 17848/3/6
f 17847/2/6 17831/2/6 17848/2/6
f 17832/2/6 17833/2/6 17849/2/6
f 17848/3/6 17832/3/6 17849/3/6
f 17833/1/6 17834/1/6 17850/1/6
f 17849/2/6 17833/2/6 17850/2/6
f 17834/1/6 17821/1/6 17851/1/6
f 17850/1/6 17834/1/6 17851/1/6
f 17835/3/6 17836/3/6 17852/3/6
f 17837/2/6 17838/2/6 17854/2/6
f 17838/3/6 17839/3/6 17855/3/6
f 17854/2/6 17838/2/6 17855/2/6
f 17840/1/6 17841/1/6 17856/1/6
f 17855/3/6 17839/3/6 17856/3/6
f 17839/1/6 17840/1/6 17856/1/6
f 17841/3/6 17842/3/6 17857/3/6
f 17856/1/6 17841/1/6 17857/1/6
f 17842/2/6 17843/2/6 17858/2/6
f 17857/3/6 17842/3/6 17858/3/6
f 17843/2/6 17844/2/6 17858/2/6
f 17858/2/6 17844/2/6 17859/2/6
f 17844/3/6 17845/3/6 17860/3/6
f 17859/2/6 17844/2/6 17860/2/6
f 17847/1/6 17848/1/6 17861/1/6
f 17848/2/6 17849/2/6 17861/2/6
f 17849/1/6 17850/1/6 17862/1/6
f 17861/2/6 17849/2/6 17862/2/6
f 17862/1/6 17850/1/6 17863/1/6
f 17850/3/6 17851/3/6 17864/3/6
f 17863/1/6 17850/1/6 17864/1/6
f 17864/3/6 17851/3/6 17865/3/6
f 17851/1/6 17821/1/6 17866/1/6
f 17865/3/6 17851/3/6 17866/3/6
f 17821/2/6 17835/2/6 17867/2/6
f 17866/1/6 17821/1/6 17867/1/6
f 17835/3/6 17852/3/6 17868/3/6
f 17867/2/6 17835/2/6 17868/2/6
f 17868/3/6 17852/3/6 17869/3/6
f 17854/3/6 17855/3/6 17872/3/6
f 17853/3/6 17854/3/6 17872/3/6
f 17855/2/6 17856/2/6 17873/2/6
f 17856/2/6 17857/2/6 17873/2/6
f 17872/3/6 17855/3/6 17873/3/6
f 17873/2/6 17857/2/6 17874/2/6
f 17858/1/6 17859/1/6 17875/1/6
f 17874/2/6 17857/2/6 17875/2/6
f 17857/1/6 17858/1/6 17875/1/6
f 17875/1/6 17859/1/6 17876/1/6
f 17859/3/6 17860/3/6 17877/3/6
f 17876/1/6 17859/1/6 17877/1/6
f 17860/3/6 17845/3/6 17878/3/6
f 17877/3/6 17860/3/6 17878/3/6
f 17845/1/6 17846/1/6 17879/1/6
f 17878/3/6 17845/3/6 17879/3/6
f 17846/2/6 17847/2/6 17880/2/6
f 17879/1/6 17846/1/6 17880/1/6
f 17847/1/6 17861/1/6 17881/1/6
f 17880/2/6 17847/2/6 17881/2/6
f 17861/3/6 17862/3/6 17882/3/6
f 17881/1/6 17861/1/6 17882/1/6
f 17862/1/6 17863/1/6 17883/1/6
f 17882/3/6 17862/3/6 17883/3/6
f 17863/3/6 17864/3/6 17884/3/6
f 17883/1/6 17863/1/6 17884/1/6
f 17864/2/6 17865/2/6 17885/2/6
f 17884/3/6 17864/3/6 17885/3/6
f 17869/1/6 17870/1/6 17886/1/6
f 17885/2/6 17865/2/6 17886/2/6
f 17867/1/6 17868/1/6 17886/1/6
f 17868/1/6 17869/1/6 17886/1/6
f 17866/1/6 17867/1/6 17886/1/6
f 17865/1/6 17866/1/6 17886/1/6
f 17886/1/6 17870/1/6 17887/1/6
f 17887/1/6 17870/1/6 17888/1/6
f 17888/1/6 17870/1/6 17889/1/6
f 17889/1/6 17870/1/6 17890/1/6
f 17871/1/6 17872/1/6 17892/1/6
f 17872/3/6 17873/3/6 17893/3/6
f 17892/1/6 17872/1/6 17893/1/6
f 17873/1/6 17874/1/6 17894/1/6
f 17893/3/6 17873/3/6 17894/3/6
f 17894/1/6 17874/1/6 17895/1/6
f 17874/3/6 17875/3/6 17896/3/6
f 17895/1/6 17874/1/6 17896/1/6
f 17875/1/6 17876/1/6 17897/1/6
f 17896/3/6 17875/3/6 17897/3/6
f 17876/3/6 17877/3/6 17898/3/6
f 17897/1/6 17876/1/6 17898/1/6
f 17877/2/6 17878/2/6 17899/2/6
f 17898/3/6 17877/3/6 17899/3/6
f 17878/1/6 17879/1/6 17900/1/6
f 17899/2/6 17878/2/6 17900/2/6
f 17879/2/6 17880/2/6 17901/2/6
f 17900/1/6 17879/1/6 17901/1/6
f 17880/1/6 17881/1/6 17902/1/6
f 17901/2/6 17880/2/6 17902/2/6
f 17881/3/6 17882/3/6 17903/3/6
f 17902/1/6 17881/1/6 17903/1/6
f 17882/1/6 17883/1/6 17904/1/6
f 17903/3/6 17882/3/6 17904/3/6
f 17883/3/6 17884/3/6 17905/3/6
f 17904/1/6 17883/1/6 17905/1/6
f 17884/1/6 17885/1/6 17906/1/6
f 17905/3/6 17884/3/6 17906/3/6
f 17885/1/6 17886/1/6 17906/1/6
f 17886/1/6 17887/1/6 17906/1/6
f 17906/1/6 17887/1/6 17907/1/6
f 17907/1/6 17887/1/6 17908/1/6
f 17887/2/6 17888/2/6 17909/2/6
f 17908/1/6 17887/1/6 17909/1/6
f 17888/1/6 17889/1/6 17910/1/6
f 17909/2/6 17888/2/6 17910/2/6
f 17889/2/6 17890/2/6 17911/2/6
f 17910/1/6 17889/1/6 17911/1/6
f 17911/2/6 17890/2/6 17912/2/6
f 17891/2/6 17892/2/6 17915/2/6
f 17892/1/6 17893/1/6 17916/1/6
f 17915/2/6 17892/2/6 17916/2/6
f 17893/2/6 17894/2/6 17917/2/6
f 17916/1/6 17893/1/6 17917/1/6
f 17894/1/6 17895/1/6 17918/1/6
f 17917/2/6 17894/2/6 17918/2/6
f 17895/2/6 17896/2/6 17919/2/6
f 17918/1/6 17895/1/6 17919/1/6
f 17896/1/6 17897/1/6 17920/1/6
f 17919/2/6 17896/2/6 17920/2/6
f 17897/3/6 17898/3/6 17921/3/6
f 17920/1/6 17897/1/6 17921/1/6
f 17898/1/6 17899/1/6 17922/1/6
f 17921/3/6 17898/3/6 17922/3/6
f 17899/3/6 17900/3/6 17923/3/6
f 17922/1/6 17899/1/6 17923/1/6
f 17902/1/6 17903/1/6 17924/1/6
f 17923/3/6 17900/3/6 17924/3/6
f 17900/1/6 17901/1/6 17924/1/6
f 17901/1/6 17902/1/6 17924/1/6
f 17924/1/6 17903/1/6 17925/1/6
f 17925/1/6 17903/1/6 17926/1/6
f 17903/2/6 17904/2/6 17927/2/6
f 17926/1/6 17903/1/6 17927/1/6
f 17904/3/6 17905/3/6 17928/3/6
f 17927/2/6 17904/2/6 17928/2/6
f 17905/1/6 17906/1/6 17929/1/6
f 17928/3/6 17905/3/6 17929/3/6
f 17906/3/6 17907/3/6 17930/3/6
f 17929/1/6 17906/1/6 17930/1/6
f 17907/1/6 17908/1/6 17931/1/6
f 17930/3/6 17907/3/6 17931/3/6
f 17908/2/6 17909/2/6 17932/2/6
f 17931/1/6 17908/1/6 17932/1/6
f 17909/3/6 17910/3/6 17933/3/6
f 17932/2/6 17909/2/6 17933/2/6
f 17910/2/6 17911/2/6 17934/2/6
f 17933/3/6 17910/3/6 17934/3/6
f 17934/2/6 17911/2/6 17935/2/6
f 17911/3/6 17912/3/6 17936/3/6
f 17935/2/6 17911/2/6 17936/2/6
f 17912/1/6 17913/1/6 17937/1/6
f 17914/1/6 17915/1/6 17938/1/6
f 17915/1/6 17916/1/6 17938/1/6
f 17916/3/6 17917/3/6 17939/3/6
f 17938/1/6 17916/1/6 17939/1/6
f 17918/1/6 17919/1/6 17940/1/6
f 17939/3/6 17917/3/6 17940/3/6
f 17919/1/6 17920/1/6 17940/1/6
f 17917/1/6 17918/1/6 17940/1/6
f 17940/1/6 17920/1/6 17941/1/6
f 17921/2/6 17922/2/6 17942/2/6
f 17941/1/6 17920/1/6 17942/1/6
f 17920/2/6 17921/2/6 17942/2/6
f 17942/2/6 17922/2/6 17943/2/6
f 17922/3/6 17923/3/6 17944/3/6
f 17943/2/6 17922/2/6 17944/2/6
f 17923/1/6 17924/1/6 17945/1/6
f 17944/3/6 17923/3/6 17945/3/6
f 17924/1/6 17925/1/6 17945/1/6
f 17945/1/6 17925/1/6 17946/1/6
f 17925/2/6 17926/2/6 17947/2/6
f 17946/1/6 17925/1/6 17947/1/6
f 17926/1/6 17927/1/6 17948/1/6
f 17947/2/6 17926/2/6 17948/2/6
f 17929/1/6 17930/1/6 17948/1/6
f 17930/1/6 17931/1/6 17948/1/6
f 17931/1/6 17932/1/6 17948/1/6
f 17927/1/6 17928/1/6 17948/1/6
f 17928/1/6 17929/1/6 17948/1/6
f 17948/1/6 17932/1/6 17949/1/6
f 17949/1/6 17932/1/6 17950/1/6
f 17950/1/6 17932/1/6 17951/1/6
f 17932/3/6 17933/3/6 17952/3/6
f 17951/1/6 17932/1/6 17952/1/6
f 17933/1/6 17934/1/6 17953/1/6
f 17952/3/6 17933/3/6 17953/3/6
f 17934/3/6 17935/3/6 17954/3/6
f 17953/1/6 17934/1/6 17954/1/6
f 17935/1/6 17936/1/6 17955/1/6
f 17954/3/6 17935/3/6 17955/3/6
f 17936/3/6 17912/3/6 17956/3/6
f 17955/1/6 17936/1/6 17956/1/6
f 17912/1/6 17937/1/6 17957/1/6
f 17956/3/6 17912/3/6 17957/3/6
f 17957/1/6 17937/1/6 17958/1/6
f 17914/1/6 17938/1/6 17962/1/6
f 17940/2/6 17941/2/6 17963/2/6
f 17941/3/6 17942/3/6 17964/3/6
f 17963/2/6 17941/2/6 17964/2/6
f 17942/2/6 17943/2/6 17965/2/6
f 17964/3/6 17942/3/6 17965/3/6
f 17943/3/6 17944/3/6 17966/3/6
f 17965/2/6 17943/2/6 17966/2/6
f 17944/2/6 17945/2/6 17967/2/6
f 17966/3/6 17944/3/6 17967/3/6
f 17945/3/6 17946/3/6 17968/3/6
f 17967/2/6 17945/2/6 17968/2/6
f 17946/2/6 17947/2/6 17969/2/6
f 17968/3/6 17946/3/6 17969/3/6
f 17947/2/6 17948/2/6 17969/2/6
f 17948/3/6 17949/3/6 17970/3/6
f 17969/2/6 17948/2/6 17970/2/6
f 17970/3/6 17949/3/6 17971/3/6
f 17949/2/6 17950/2/6 17972/2/6
f 17971/3/6 17949/3/6 17972/3/6
f 17950/1/6 17951/1/6 17973/1/6
f 17972/2/6 17950/2/6 17973/2/6
f 17951/2/6 17952/2/6 17974/2/6
f 17973/1/6 17951/1/6 17974/1/6
f 17952/3/6 17953/3/6 17975/3/6
f 17974/2/6 17952/2/6 17975/2/6
f 17953/2/6 17954/2/6 17976/2/6
f 17975/3/6 17953/3/6 17976/3/6
f 17954/3/6 17955/3/6 17977/3/6
f 17976/2/6 17954/2/6 17977/2/6
f 17955/3/6 17956/3/6 17977/3/6
f 17956/2/6 17957/2/6 17978/2/6
f 17977/3/6 17956/3/6 17978/3/6
f 17957/1/6 17958/1/6 17979/1/6
f 17978/2/6 17957/2/6 17979/2/6
f 17979/1/6 17958/1/6 17980/1/6
f 17959/3/6 17960/3/6 17985/3/6
f 17960/2/6 17961/2/6 17986/2/6
f 17985/3/6 17960/3/6 17986/3/6
f 17961/3/6 17962/3/6 17987/3/6
f 17986/2/6 17961/2/6 17987/2/6
f 17962/1/6 17938/1/6 17988/1/6
f 17987/3/6 17962/3/6 17988/3/6
f 17939/3/6 17940/3/6 17989/3/6
f 17940/2/6 17963/2/6 17989/2/6
f 17989/2/6 17963/2/6 17990/2/6
f 17963/1/6 17964/1/6 17991/1/6
f 17964/1/6 17965/1/6 17991/1/6
f 17966/3/6 17967/3/6 17992/3/6
f 17991/1/6 17965/1/6 17992/1/6
f 17965/3/6 17966/3/6 17992/3/6
f 17992/3/6 17967/3/6 17993/3/6
f 17967/1/6 17968/1/6 17994/1/6
f 17993/3/6 17967/3/6 17994/3/6
f 17969/3/6 17970/3/6 17995/3/6
f 17968/3/6 17969/3/6 17995/3/6
f 17995/3/6 17970/3/6 17996/3/6
f 17970/2/6 17971/2/6 17997/2/6
f 17996/3/6 17970/3/6 17997/3/6
f 17971/3/6 17972/3/6 17998/3/6
f 17997/2/6 17971/2/6 17998/2/6
f 17973/1/6 17974/1/6 17999/1/6
f 17998/3/6 17972/3/6 17999/3/6
f 17972/1/6 17973/1/6 17999/1/6
f 17999/1/6 17974/1/6 18000/1/6
f 18000/1/6 17974/1/6 18001/1/6
f 17974/3/6 17975/3/6 18002/3/6
f 18001/1/6 17974/1/6 18002/1/6
f 17975/2/6 17976/2/6 18003/2/6
f 18002/3/6 17975/3/6 18003/3/6
f 17976/1/6 17977/1/6 18004/1/6
f 18003/2/6 17976/2/6 18004/2/6
f 17977/2/6 17978/2/6 18005/2/6
f 18004/1/6 17977/1/6 18005/1/6
f 18005/2/6 17978/2/6 18006/2/6
f 17979/1/6 17980/1/6 18007/1/6
f 18006/2/6 17978/2/6 18007/2/6
f 17978/1/6 17979/1/6 18007/1/6
f 18007/1/6 17980/1/6 18008/1/6
f 17980/2/6 17981/2/6 18009/2/6
f 18008/1/6 17980/1/6 18009/1/6
f 17982/1/6 17983/1/6 18010/1/6
f 18009/2/6 17981/2/6 18010/2/6
f 17981/1/6 17982/1/6 18010/1/6
f 18010/1/6 17983/1/6 18011/1/6
f 18011/1/6 17983/1/6 18012/1/6
f 17984/3/6 17985/3/6 18013/3/6
f 17985/1/6 17986/1/6 18014/1/6
f 18013/3/6 17985/3/6 18014/3/6
f 17986/3/6 17987/3/6 18015/3/6
f 18014/1/6 17986/1/6 18015/1/6
f 17988/1/6 17938/1/6 18016/1/6
f 17987/2/6 17988/2/6 18016/2/6
f 17938/2/6 17939/2/6 18017/2/6
f 18016/1/6 17938/1/6 18017/1/6
f 17939/3/6 17989/3/6 18018/3/6
f 18017/2/6 17939/2/6 18018/2/6
f 17989/3/6 17990/3/6 18018/3/6
f 18018/3/6 17990/3/6 18019/3/6
f 17990/2/6 17963/2/6 18020/2/6
f 18019/3/6 17990/3/6 18020/3/6
f 17963/1/6 17991/1/6 18021/1/6
f 18020/2/6 17963/2/6 18021/2/6
f 17991/3/6 17992/3/6 18022/3/6
f 18021/1/6 17991/1/6 18022/1/6
f 17992/2/6 17993/2/6 18023/2/6
f 18022/3/6 17992/3/6 18023/3/6
f 17993/1/6 17994/1/6 18024/1/6
f 18023/2/6 17993/2/6 18024/2/6
f 17968/3/6 17995/3/6 18025/3/6
f 18024/1/6 17994/1/6 18025/1/6
f 17994/1/6 17968/1/6 18025/1/6
f 17995/2/6 17996/2/6 18026/2/6
f 18025/3/6 17995/3/6 18026/3/6
f 17997/3/6 17998/3/6 18027/3/6
f 18026/2/6 17996/2/6 18027/2/6
f 17996/3/6 17997/3/6 18027/3/6
f 17998/2/6 17999/2/6 18028/2/6
f 18027/3/6 17998/3/6 18028/3/6
f 17999/1/6 18000/1/6 18029/1/6
f 18028/2/6 17999/2/6 18029/2/6
f 18000/2/6 18001/2/6 18030/2/6
f 18029/1/6 18000/1/6 18030/1/6
f 18001/1/6 18002/1/6 18031/1/6
f 18030/2/6 18001/2/6 18031/2/6
f 18002/1/6 18003/1/6 18031/1/6
f 18003/1/6 18004/1/6 18031/1/6
f 18031/1/6 18004/1/6 18032/1/6
f 18004/2/6 18005/2/6 18033/2/6
f 18032/1/6 18004/1/6 18033/1/6
f 18005/3/6 18006/3/6 18034/3/6
f 18033/2/6 18005/2/6 18034/2/6
f 18006/2/6 18007/2/6 18035/2/6
f 18034/3/6 18006/3/6 18035/3/6
f 18007/3/6 18008/3/6 18036/3/6
f 18035/2/6 18007/2/6 18036/2/6
f 18008/2/6 18009/2/6 18037/2/6
f 18036/3/6 18008/3/6 18037/3/6
f 18009/3/6 18010/3/6 18038/3/6
f 18037/2/6 18009/2/6 18038/2/6
f 18010/2/6 18011/2/6 18039/2/6
f 18038/3/6 18010/3/6 18039/3/6
f 18011/1/6 18012/1/6 18040/1/6
f 18014/2/6 18015/2/6 18041/2/6
f 18013/2/6 18014/2/6 18041/2/6
f 18041/2/6 18015/2/6 18042/2/6
f 18015/3/6 17987/3/6 18043/3/6
f 18042/2/6 18015/2/6 18043/2/6
f 17987/2/6 18016/2/6 18044/2/6
f 18043/3/6 17987/3/6 18044/3/6
f 18016/3/6 18017/3/6 18045/3/6
f 18044/2/6 18016/2/6 18045/2/6
f 18017/2/6 18018/2/6 18046/2/6
f 18045/3/6 18017/3/6 18046/3/6
f 18018/1/6 18019/1/6 18047/1/6
f 18046/2/6 18018/2/6 18047/2/6
f 18021/1/6 18022/1/6 18048/1/6
f 18020/3/6 18021/3/6 18048/3/6
f 18022/2/6 18023/2/6 18049/2/6
f 18048/1/6 18022/1/6 18049/1/6
f 18023/1/6 18024/1/6 18050/1/6
f 18049/2/6 18023/2/6 18050/2/6
f 18024/2/6 18025/2/6 18051/2/6
f 18050/1/6 18024/1/6 18051/1/6
f 18051/2/6 18025/2/6 18052/2/6
f 18025/3/6 18026/3/6 18053/3/6
f 18052/2/6 18025/2/6 18053/2/6
f 18026/3/6 18027/3/6 18053/3/6
f 18028/2/6 18029/2/6 18054/2/6
f 18053/3/6 18027/3/6 18054/3/6
f 18029/2/6 18030/2/6 18054/2/6
f 18027/2/6 18028/2/6 18054/2/6
f 18030/2/6 18031/2/6 18054/2/6
f 18054/2/6 18031/2/6 18055/2/6
f 18055/2/6 18031/2/6 18056/2/6
f 18031/3/6 18032/3/6 18057/3/6
f 18056/2/6 18031/2/6 18057/2/6
f 18032/2/6 18033/2/6 18058/2/6
f 18057/3/6 18032/3/6 18058/3/6
f 18034/2/6 18035/2/6 18058/2/6
f 18033/2/6 18034/2/6 18058/2/6
f 18058/2/6 18035/2/6 18059/2/6
f 18036/1/6 18037/1/6 18060/1/6
f 18035/3/6 18036/3/6 18060/3/6
f 18037/3/6 18038/3/6 18061/3/6
f 18060/1/6 18037/1/6 18061/1/6
f 18038/1/6 18039/1/6 18062/1/6
f 18061/3/6 18038/3/6 18062/3/6
f 18062/1/6 18039/1/6 18063/1/6
f 18039/2/6 18011/2/6 18064/2/6
f 18063/1/6 18039/1/6 18064/1/6
f 18011/1/6 18040/1/6 18065/1/6
f 18064/2/6 18011/2/6 18065/2/6
f 18065/1/6 18040/1/6 18066/1/6
f 18042/3/6 18043/3/6 18067/3/6
f 18041/1/6 18042/1/6 18067/1/6
f 18044/3/6 18045/3/6 18067/3/6
f 18043/3/6 18044/3/6 18067/3/6
f 18067/3/6 18045/3/6 18068/3/6
f 18068/3/6 18045/3/6 18069/3/6
f 18045/2/6 18046/2/6 18070/2/6
f 18069/3/6 18045/3/6 18070/3/6
f 18046/3/6 18047/3/6 18071/3/6
f 18070/2/6 18046/2/6 18071/2/6
f 18047/1/6 18019/1/6 18072/1/6
f 18071/3/6 18047/3/6 18072/3/6
f 18048/3/6 18049/3/6 18073/3/6
f 18020/3/6 18048/3/6 18073/3/6
f 18049/1/6 18050/1/6 18074/1/6
f 18073/3/6 18049/3/6 18074/3/6
f 18051/3/6 18052/3/6 18075/3/6
f 18074/1/6 18050/1/6 18075/1/6
f 18050/3/6 18051/3/6 18075/3/6
f 18075/3/6 18052/3/6 18076/3/6
f 18052/2/6 18053/2/6 18077/2/6
f 18076/3/6 18052/3/6 18077/3/6
f 18054/1/6 18055/1/6 18078/1/6
f 18077/2/6 18053/2/6 18078/2/6
f 18053/1/6 18054/1/6 18078/1/6
f 18078/1/6 18055/1/6 18079/1/6
f 18079/1/6 18055/1/6 18080/1/6
f 18055/3/6 18056/3/6 18081/3/6
f 18080/1/6 18055/1/6 18081/1/6
f 18056/1/6 18057/1/6 18082/1/6
f 18081/3/6 18056/3/6 18082/3/6
f 18057/1/6 18058/1/6 18082/1/6
f 18082/1/6 18058/1/6 18083/1/6
f 18059/2/6 18035/2/6 18084/2/6
f 18058/3/6 18059/3/6 18084/3/6
f 18035/3/6 18060/3/6 18085/3/6
f 18084/2/6 18035/2/6 18085/2/6
f 18060/2/6 18061/2/6 18086/2/6
f 18085/3/6 18060/3/6 18086/3/6
f 18061/1/6 18062/1/6 18087/1/6
f 18086/2/6 18061/2/6 18087/2/6
f 18062/3/6 18063/3/6 18088/3/6
f 18087/1/6 18062/1/6 18088/1/6
f 18063/2/6 18064/2/6 18089/2/6
f 18088/3/6 18063/3/6 18089/3/6
f 18064/1/6 18065/1/6 18090/1/6
f 18089/2/6 18064/2/6 18090/2/6
f 18065/2/6 18066/2/6 18091/2/6
f 18041/1/6 18067/1/6 18092/1/6
f 18067/2/6 18068/2/6 18093/2/6
f 18092/1/6 18067/1/6 18093/1/6
f 18068/1/6 18069/1/6 18094/1/6
f 18093/2/6 18068/2/6 18094/2/6
f 18069/2/6 18070/2/6 18095/2/6
f 18094/1/6 18069/1/6 18095/1/6
f 18070/1/6 18071/1/6 18096/1/6
f 18095/2/6 18070/2/6 18096/2/6
f 18071/2/6 18072/2/6 18097/2/6
f 18096/1/6 18071/1/6 18097/1/6
f 18019/2/6 18020/2/6 18098/2/6
f 18072/1/6 18019/1/6 18098/1/6
f 18020/3/6 18073/3/6 18099/3/6
f 18098/2/6 18020/2/6 18099/2/6
f 18073/2/6 18074/2/6 18100/2/6
f 18099/3/6 18073/3/6 18100/3/6
f 18075/1/6 18076/1/6 18101/1/6
f 18100/2/6 18074/2/6 18101/2/6
f 18074/1/6 18075/1/6 18101/1/6
f 18101/1/6 18076/1/6 18102/1/6
f 18076/2/6 18077/2/6 18103/2/6
f 18102/1/6 18076/1/6 18103/1/6
f 18078/1/6 18079/1/6 18104/1/6
f 18077/3/6 18078/3/6 18104/3/6
f 18104/1/6 18079/1/6 18105/1/6
f 18079/3/6 18080/3/6 18106/3/6
f 18105/1/6 18079/1/6 18106/1/6
f 18080/2/6 18081/2/6 18107/2/6
f 18106/3/6 18080/3/6 18107/3/6
f 18081/3/6 18082/3/6 18108/3/6
f 18107/2/6 18081/2/6 18108/2/6
f 18108/3/6 18082/3/6 18109/3/6
f 18083/1/6 18058/1/6 18110/1/6
f 18082/2/6 18083/2/6 18110/2/6
f 18110/1/6 18058/1/6 18111/1/6
f 18058/3/6 18084/3/6 18112/3/6
f 18111/1/6 18058/1/6 18112/1/6
f 18084/3/6 18085/3/6 18112/3/6
f 18112/3/6 18085/3/6 18113/3/6
f 18113/3/6 18085/3/6 18114/3/6
f 18085/2/6 18086/2/6 18115/2/6
f 18114/3/6 18085/3/6 18115/3/6
f 18088/3/6 18089/3/6 18116/3/6
f 18115/2/6 18086/2/6 18116/2/6
f 18086/3/6 18087/3/6 18116/3/6
f 18087/3/6 18088/3/6 18116/3/6
f 18089/3/6 18090/3/6 18116/3/6
f 18116/3/6 18090/3/6 18117/3/6
f 18117/3/6 18090/3/6 18118/3/6
f 18090/1/6 18065/1/6 18119/1/6
f 18118/3/6 18090/3/6 18119/3/6
f 18065/2/6 18091/2/6 18120/2/6
f 18092/2/6 18093/2/6 18121/2/6
f 18093/3/6 18094/3/6 18122/3/6
f 18121/2/6 18093/2/6 18122/2/6
f 18094/2/6 18095/2/6 18123/2/6
f 18122/3/6 18094/3/6 18123/3/6
f 18095/1/6 18096/1/6 18124/1/6
f 18123/2/6 18095/2/6 18124/2/6
f 18096/2/6 18097/2/6 18125/2/6
f 18124/1/6 18096/1/6 18125/1/6
f 18097/2/6 18072/2/6 18126/2/6
f 18125/2/6 18097/2/6 18126/2/6
f 18098/1/6 18099/1/6 18127/1/6
f 18126/2/6 18072/2/6 18127/2/6
f 18072/1/6 18098/1/6 18127/1/6
f 18127/1/6 18099/1/6 18128/1/6
f 18099/2/6 18100/2/6 18129/2/6
f 18128/1/6 18099/1/6 18129/1/6
f 18101/1/6 18102/1/6 18130/1/6
f 18129/2/6 18100/2/6 18130/2/6
f 18100/1/6 18101/1/6 18130/1/6
f 18102/2/6 18103/2/6 18131/2/6
f 18130/1/6 18102/1/6 18131/1/6
f 18103/2/6 18077/2/6 18132/2/6
f 18131/2/6 18103/2/6 18132/2/6
f 18104/2/6 18105/2/6 18133/2/6
f 18077/3/6 18104/3/6 18133/3/6
f 18105/1/6 18106/1/6 18134/1/6
f 18133/2/6 18105/2/6 18134/2/6
f 18106/1/6 18107/1/6 18134/1/6
f 18108/2/6 18109/2/6 18135/2/6
f 18134/1/6 18107/1/6 18135/1/6
f 18107/2/6 18108/2/6 18135/2/6
f 18109/3/6 18082/3/6 18136/3/6
f 18135/2/6 18109/2/6 18136/2/6
f 18082/2/6 18110/2/6 18137/2/6
f 18136/3/6 18082/3/6 18137/3/6
f 18110/3/6 18111/3/6 18138/3/6
f 18137/2/6 18110/2/6 18138/2/6
f 18112/1/6 18113/1/6 18139/1/6
f 18138/3/6 18111/3/6 18139/3/6
f 18111/1/6 18112/1/6 18139/1/6
f 18139/1/6 18113/1/6 18140/1/6
f 18113/3/6 18114/3/6 18141/3/6
f 18140/1/6 18113/1/6 18141/1/6
f 18114/2/6 18115/2/6 18142/2/6
f 18141/3/6 18114/3/6 18142/3/6
f 18115/2/6 18116/2/6 18142/2/6
f 18116/2/6 18117/2/6 18142/2/6
f 18142/2/6 18117/2/6 18143/2/6
f 18143/2/6 18117/2/6 18144/2/6
f 18117/1/6 18118/1/6 18145/1/6
f 18144/2/6 18117/2/6 18145/2/6
f 18118/2/6 18119/2/6 18146/2/6
f 18145/1/6 18118/1/6 18146/1/6
f 18119/1/6 18065/1/6 18147/1/6
f 18146/2/6 18119/2/6 18147/2/6
f 18065/2/6 18120/2/6 18148/2/6
f 18147/1/6 18065/1/6 18148/1/6
f 18148/2/6 18120/2/6 18149/2/6
f 18121/3/6 18122/3/6 18150/3/6
f 18123/1/6 18124/1/6 18151/1/6
f 18150/3/6 18122/3/6 18151/3/6
f 18122/1/6 18123/1/6 18151/1/6
f 18151/1/6 18124/1/6 18152/1/6
f 18125/2/6 18126/2/6 18153/2/6
f 18152/1/6 18124/1/6 18153/1/6
f 18124/2/6 18125/2/6 18153/2/6
f 18153/2/6 18126/2/6 18154/2/6
f 18126/3/6 18127/3/6 18155/3/6
f 18154/2/6 18126/2/6 18155/2/6
f 18127/1/6 18128/1/6 18156/1/6
f 18155/3/6 18127/3/6 18156/3/6
f 18128/2/6 18129/2/6 18157/2/6
f 18156/1/6 18128/1/6 18157/1/6
f 18129/1/6 18130/1/6 18158/1/6
f 18157/2/6 18129/2/6 18158/2/6
f 18130/2/6 18131/2/6 18159/2/6
f 18158/1/6 18130/1/6 18159/1/6
f 18159/2/6 18131/2/6 18160/2/6
f 18131/1/6 18132/1/6 18161/1/6
f 18160/2/6 18131/2/6 18161/2/6
f 18132/2/6 18077/2/6 18162/2/6
f 18161/1/6 18132/1/6 18162/1/6
f 18077/3/6 18133/3/6 18163/3/6
f 18134/3/6 18135/3/6 18163/3/6
f 18133/3/6 18134/3/6 18163/3/6
f 18135/1/6 18136/1/6 18164/1/6
f 18163/3/6 18135/3/6 18164/3/6
f 18164/1/6 18136/1/6 18165/1/6
f 18136/2/6 18137/2/6 18166/2/6
f 18165/1/6 18136/1/6 18166/1/6
f 18137/1/6 18138/1/6 18167/1/6
f 18166/2/6 18137/2/6 18167/2/6
f 18139/3/6 18140/3/6 18168/3/6
f 18167/1/6 18138/1/6 18168/1/6
f 18138/3/6 18139/3/6 18168/3/6
f 18140/1/6 18141/1/6 18169/1/6
f 18168/3/6 18140/3/6 18169/3/6
f 18141/1/6 18142/1/6 18169/1/6
f 18142/1/6 18143/1/6 18169/1/6
f 18169/1/6 18143/1/6 18170/1/6
f 18170/1/6 18143/1/6 18171/1/6
f 18143/3/6 18144/3/6 18172/3/6
f 18171/1/6 18143/1/6 18172/1/6
f 18145/1/6 18146/1/6 18173/1/6
f 18172/3/6 18144/3/6 18173/3/6
f 18144/1/6 18145/1/6 18173/1/6
f 18173/1/6 18146/1/6 18174/1/6
f 18146/3/6 18147/3/6 18175/3/6
f 18174/1/6 18146/1/6 18175/1/6
f 18175/3/6 18147/3/6 18176/3/6
f 18147/2/6 18148/2/6 18177/2/6
f 18176/3/6 18147/3/6 18177/3/6
f 18148/1/6 18149/1/6 18178/1/6
f 18177/2/6 18148/2/6 18178/2/6
f 18178/1/6 18149/1/6 18179/1/6
f 18151/2/6 18152/2/6 18180/2/6
f 18150/2/6 18151/2/6 18180/2/6
f 18180/2/6 18152/2/6 18181/2/6
f 18153/3/6 18154/3/6 18182/3/6
f 18181/2/6 18152/2/6 18182/2/6
f 18152/3/6 18153/3/6 18182/3/6
f 18154/2/6 18155/2/6 18183/2/6
f 18182/3/6 18154/3/6 18183/3/6
f 18155/2/6 18156/2/6 18183/2/6
f 18156/2/6 18157/2/6 18183/2/6
f 18183/2/6 18157/2/6 18184/2/6
f 18184/2/6 18157/2/6 18185/2/6
f 18158/3/6 18159/3/6 18186/3/6
f 18185/2/6 18157/2/6 18186/2/6
f 18157/3/6 18158/3/6 18186/3/6
f 18159/3/6 18160/3/6 18186/3/6
f 18186/3/6 18160/3/6 18187/3/6
f 18187/3/6 18160/3/6 18188/3/6
f 18160/2/6 18161/2/6 18189/2/6
f 18188/3/6 18160/3/6 18189/3/6
f 18161/3/6 18162/3/6 18190/3/6
f 18189/2/6 18161/2/6 18190/2/6
f 18162/2/6 18077/2/6 18191/2/6
f 18190/3/6 18162/3/6 18191/3/6
f 18077/3/6 18163/3/6 18192/3/6
f 18191/2/6 18077/2/6 18192/2/6
f 18163/2/6 18164/2/6 18193/2/6
f 18192/3/6 18163/3/6 18193/3/6
f 18193/2/6 18164/2/6 18194/2/6
f 18194/2/6 18164/2/6 18195/2/6
f 18164/3/6 18165/3/6 18196/3/6
f 18195/2/6 18164/2/6 18196/2/6
f 18166/1/6 18167/1/6 18197/1/6
f 18196/3/6 18165/3/6 18197/3/6
f 18165/1/6 18166/1/6 18197/1/6
f 18167/2/6 18168/2/6 18198/2/6
f 18197/1/6 18167/1/6 18198/1/6
f 18168/1/6 18169/1/6 18199/1/6
f 18198/2/6 18168/2/6 18199/2/6
f 18170/3/6 18171/3/6 18200/3/6
f 18169/2/6 18170/2/6 18200/2/6
f 18171/1/6 18172/1/6 18201/1/6
f 18200/3/6 18171/3/6 18201/3/6
f 18172/2/6 18173/2/6 18202/2/6
f 18201/1/6 18172/1/6 18202/1/6
f 18173/1/6 18174/1/6 18203/1/6
f 18202/2/6 18173/2/6 18203/2/6
f 18174/3/6 18175/3/6 18204/3/6
f 18203/1/6 18174/1/6 18204/1/6
f 18175/2/6 18176/2/6 18205/2/6
f 18204/3/6 18175/3/6 18205/3/6
f 18176/3/6 18177/3/6 18206/3/6
f 18205/2/6 18176/2/6 18206/2/6
f 18177/1/6 18178/1/6 18207/1/6
f 18206/3/6 18177/3/6 18207/3/6
f 18178/2/6 18179/2/6 18208/2/6
f 18207/1/6 18178/1/6 18208/1/6
f 18208/2/6 18179/2/6 18209/2/6
f 18180/1/6 18181/1/6 18210/1/6
f 18181/3/6 18182/3/6 18211/3/6
f 18210/1/6 18181/1/6 18211/1/6
f 18182/1/6 18183/1/6 18212/1/6
f 18211/3/6 18182/3/6 18212/3/6
f 18183/2/6 18184/2/6 18213/2/6
f 18212/1/6 18183/1/6 18213/1/6
f 18184/3/6 18185/3/6 18214/3/6
f 18185/1/6 18186/1/6 18214/1/6
f 18186/2/6 18187/2/6 18215/2/6
f 18214/1/6 18186/1/6 18215/1/6
f 18187/1/6 18188/1/6 18216/1/6
f 18215/2/6 18187/2/6 18216/2/6
f 18189/3/6 18190/3/6 18217/3/6
f 18216/1/6 18188/1/6 18217/1/6
f 18191/3/6 18192/3/6 18217/3/6
f 18188/3/6 18189/3/6 18217/3/6
f 18190/3/6 18191/3/6 18217/3/6
f 18217/3/6 18192/3/6 18218/3/6
f 18218/3/6 18192/3/6 18219/3/6
f 18192/2/6 18193/2/6 18220/2/6
f 18219/3/6 18192/3/6 18220/3/6
f 18194/2/6 18195/2/6 18221/2/6
f 18195/1/6 18196/1/6 18221/1/6
f 18196/2/6 18197/2/6 18222/2/6
f 18221/1/6 18196/1/6 18222/1/6
f 18197/2/6 18198/2/6 18222/2/6
f 18222/2/6 18198/2/6 18223/2/6
f 18223/2/6 18198/2/6 18224/2/6
f 18198/1/6 18199/1/6 18225/1/6
f 18224/2/6 18198/2/6 18225/2/6
f 18199/1/6 18169/1/6 18226/1/6
f 18225/1/6 18199/1/6 18226/1/6
f 18169/2/6 18200/2/6 18227/2/6
f 18226/1/6 18169/1/6 18227/1/6
f 18200/1/6 18201/1/6 18228/1/6
f 18227/2/6 18200/2/6 18228/2/6
f 18201/3/6 18202/3/6 18229/3/6
f 18228/1/6 18201/1/6 18229/1/6
f 18202/1/6 18203/1/6 18230/1/6
f 18229/3/6 18202/3/6 18230/3/6
f 18203/3/6 18204/3/6 18231/3/6
f 18230/1/6 18203/1/6 18231/1/6
f 18204/1/6 18205/1/6 18232/1/6
f 18231/3/6 18204/3/6 18232/3/6
f 18205/3/6 18206/3/6 18233/3/6
f 18232/1/6 18205/1/6 18233/1/6
f 18206/1/6 18207/1/6 18234/1/6
f 18233/3/6 18206/3/6 18234/3/6
f 18208/1/6 18209/1/6 18235/1/6
f 18207/3/6 18208/3/6 18235/3/6
f 18235/1/6 18209/1/6 18236/1/6
f 18210/3/6 18211/3/6 18237/3/6
f 18211/1/6 18212/1/6 18238/1/6
f 18237/3/6 18211/3/6 18238/3/6
f 18212/2/6 18213/2/6 18239/2/6
f 18238/1/6 18212/1/6 18239/1/6
f 18239/2/6 18213/2/6 18240/2/6
f 18213/2/6 18184/2/6 18241/2/6
f 18240/2/6 18213/2/6 18241/2/6
f 18184/3/6 18214/3/6 18241/3/6
f 18215/3/6 18216/3/6 18242/3/6
f 18214/2/6 18215/2/6 18242/2/6
f 18216/3/6 18217/3/6 18242/3/6
f 18217/1/6 18218/1/6 18243/1/6
f 18242/3/6 18217/3/6 18243/3/6
f 18243/1/6 18218/1/6 18244/1/6
f 18218/3/6 18219/3/6 18245/3/6
f 18244/1/6 18218/1/6 18245/1/6
f 18219/1/6 18220/1/6 18246/1/6
f 18245/3/6 18219/3/6 18246/3/6
f 18220/2/6 18193/2/6 18247/2/6
f 18246/1/6 18220/1/6 18247/1/6
f 18193/3/6 18194/3/6 18248/3/6
f 18247/2/6 18193/2/6 18248/2/6
f 18194/2/6 18221/2/6 18249/2/6
f 18248/3/6 18194/3/6 18249/3/6
f 18221/2/6 18222/2/6 18249/2/6
f 18222/2/6 18223/2/6 18249/2/6
f 18249/2/6 18223/2/6 18250/2/6
f 18250/2/6 18223/2/6 18251/2/6
f 18223/1/6 18224/1/6 18252/1/6
f 18251/2/6 18223/2/6 18252/2/6
f 18224/2/6 18225/2/6 18253/2/6
f 18252/1/6 18224/1/6 18253/1/6
f 18225/3/6 18226/3/6 18254/3/6
f 18253/2/6 18225/2/6 18254/2/6
f 18227/1/6 18228/1/6 18255/1/6
f 18254/3/6 18226/3/6 18255/3/6
f 18226/1/6 18227/1/6 18255/1/6
f 18255/1/6 18228/1/6 18256/1/6
f 18230/1/6 18231/1/6 18257/1/6
f 18231/1/6 18232/1/6 18257/1/6
f 18228/3/6 18229/3/6 18257/3/6
f 18229/1/6 18230/1/6 18257/1/6
f 18232/2/6 18233/2/6 18258/2/6
f 18257/1/6 18232/1/6 18258/1/6
f 18233/1/6 18234/1/6 18259/1/6
f 18258/2/6 18233/2/6 18259/2/6
f 18234/1/6 18207/1/6 18260/1/6
f 18259/1/6 18234/1/6 18260/1/6
f 18207/3/6 18235/3/6 18261/3/6
f 18260/1/6 18207/1/6 18261/1/6
f 18235/2/6 18236/2/6 18262/2/6
f 18261/3/6 18235/3/6 18262/3/6
f 18262/2/6 18236/2/6 18263/2/6
f 18237/1/6 18238/1/6 18264/1/6
f 18238/2/6 18239/2/6 18265/2/6
f 18264/1/6 18238/1/6 18265/1/6
f 18239/1/6 18240/1/6 18266/1/6
f 18265/2/6 18239/2/6 18266/2/6
f 18240/3/6 18241/3/6 18267/3/6
f 18266/1/6 18240/1/6 18267/1/6
f 18267/3/6 18241/3/6 18268/3/6
f 18241/3/6 18214/3/6 18269/3/6
f 18268/3/6 18241/3/6 18269/3/6
f 18214/2/6 18242/2/6 18269/2/6
f 18242/2/6 18243/2/6 18269/2/6
f 18269/2/6 18243/2/6 18270/2/6
f 18243/1/6 18244/1/6 18271/1/6
f 18270/2/6 18243/2/6 18271/2/6
f 18245/2/6 18246/2/6 18272/2/6
f 18271/1/6 18244/1/6 18272/1/6
f 18244/2/6 18245/2/6 18272/2/6
f 18272/2/6 18246/2/6 18273/2/6
f 18247/1/6 18248/1/6 18274/1/6
f 18273/2/6 18246/2/6 18274/2/6
f 18246/1/6 18247/1/6 18274/1/6
f 18274/1/6 18248/1/6 18275/1/6
f 18248/2/6 18249/2/6 18276/2/6
f 18275/1/6 18248/1/6 18276/1/6
f 18249/3/6 18250/3/6 18277/3/6
f 18276/2/6 18249/2/6 18277/2/6
f 18253/3/6 18254/3/6 18278/3/6
f 18252/2/6 18253/2/6 18278/2/6
f 18254/3/6 18255/3/6 18278/3/6
f 18278/3/6 18255/3/6 18279/3/6
f 18256/1/6 18228/1/6 18280/1/6
f 18255/2/6 18256/2/6 18280/2/6
f 18228/3/6 18257/3/6 18281/3/6
f 18280/1/6 18228/1/6 18281/1/6
f 18257/2/6 18258/2/6 18282/2/6
f 18281/3/6 18257/3/6 18282/3/6
f 18282/2/6 18258/2/6 18283/2/6
f 18283/2/6 18258/2/6 18284/2/6
f 18258/3/6 18259/3/6 18285/3/6
f 18284/2/6 18258/2/6 18285/2/6
f 18259/2/6 18260/2/6 18286/2/6
f 18285/3/6 18259/3/6 18286/3/6
f 18260/3/6 18261/3/6 18287/3/6
f 18286/2/6 18260/2/6 18287/2/6
f 18261/2/6 18262/2/6 18288/2/6
f 18287/3/6 18261/3/6 18288/3/6
f 18262/1/6 18263/1/6 18289/1/6
f 18288/2/6 18262/2/6 18289/2/6
f 18289/1/6 18263/1/6 18290/1/6
f 18265/3/6 18266/3/6 18291/3/6
f 18266/1/6 18267/1/6 18291/1/6
f 18267/2/6 18268/2/6 18292/2/6
f 18291/1/6 18267/1/6 18292/1/6
f 18268/3/6 18269/3/6 18293/3/6
f 18292/2/6 18268/2/6 18293/2/6
f 18293/3/6 18269/3/6 18294/3/6
f 18269/1/6 18270/1/6 18295/1/6
f 18294/3/6 18269/3/6 18295/3/6
f 18270/3/6 18271/3/6 18296/3/6
f 18295/1/6 18270/1/6 18296/1/6
f 18296/3/6 18271/3/6 18297/3/6
f 18272/2/6 18273/2/6 18298/2/6
f 18297/3/6 18271/3/6 18298/3/6
f 18271/2/6 18272/2/6 18298/2/6
f 18298/2/6 18273/2/6 18299/2/6
f 18273/1/6 18274/1/6 18300/1/6
f 18299/2/6 18273/2/6 18300/2/6
f 18274/1/6 18275/1/6 18300/1/6
f 18300/1/6 18275/1/6 18301/1/6
f 18275/2/6 18276/2/6 18302/2/6
f 18301/1/6 18275/1/6 18302/1/6
f 18276/3/6 18277/3/6 18303/3/6
f 18302/2/6 18276/2/6 18303/2/6
f 18277/3/6 18250/3/6 18304/3/6
f 18303/3/6 18277/3/6 18304/3/6
f 18251/3/6 18252/3/6 18305/3/6
f 18250/1/6 18251/1/6 18305/1/6
f 18278/2/6 18279/2/6 18306/2/6
f 18305/3/6 18252/3/6 18306/3/6
f 18252/2/6 18278/2/6 18306/2/6
f 18306/2/6 18279/2/6 18307/2/6
f 18279/3/6 18255/3/6 18308/3/6
f 18307/2/6 18279/2/6 18308/2/6
f 18255/2/6 18280/2/6 18309/2/6
f 18280/3/6 18281/3/6 18309/3/6
f 18281/3/6 18282/3/6 18309/3/6
f 18282/3/6 18283/3/6 18309/3/6
f 18309/3/6 18283/3/6 18310/3/6
f 18310/3/6 18283/3/6 18311/3/6
f 18283/1/6 18284/1/6 18312/1/6
f 18311/3/6 18283/3/6 18312/3/6
f 18284/3/6 18285/3/6 18313/3/6
f 18312/1/6 18284/1/6 18313/1/6
f 18285/2/6 18286/2/6 18314/2/6
f 18313/3/6 18285/3/6 18314/3/6
f 18286/2/6 18287/2/6 18314/2/6
f 18314/2/6 18287/2/6 18315/2/6
f 18287/1/6 18288/1/6 18316/1/6
f 18315/2/6 18287/2/6 18316/2/6
f 18289/3/6 18290/3/6 18317/3/6
f 18316/1/6 18288/1/6 18317/1/6
f 18288/3/6 18289/3/6 18317/3/6
f 18317/3/6 18290/3/6 18318/3/6
f 18318/3/6 18290/3/6 18319/3/6
f 18264/2/6 18265/2/6 18320/2/6
f 18265/3/6 18291/3/6 18321/3/6
f 18320/2/6 18265/2/6 18321/2/6
f 18291/2/6 18292/2/6 18322/2/6
f 18321/3/6 18291/3/6 18322/3/6
f 18293/1/6 18294/1/6 18323/1/6
f 18322/2/6 18292/2/6 18323/2/6
f 18292/1/6 18293/1/6 18323/1/6
f 18323/1/6 18294/1/6 18324/1/6
f 18294/3/6 18295/3/6 18325/3/6
f 18324/1/6 18294/1/6 18325/1/6
f 18296/3/6 18297/3/6 18325/3/6
f 18295/3/6 18296/3/6 18325/3/6
f 18297/2/6 18298/2/6 18326/2/6
f 18325/3/6 18297/3/6 18326/3/6
f 18298/1/6 18299/1/6 18327/1/6
f 18326/2/6 18298/2/6 18327/2/6
f 18299/3/6 18300/3/6 18328/3/6
f 18327/1/6 18299/1/6 18328/1/6
f 18302/2/6 18303/2/6 18329/2/6
f 18301/2/6 18302/2/6 18329/2/6
f 18303/2/6 18304/2/6 18329/2/6
f 18304/3/6 18250/3/6 18330/3/6
f 18329/2/6 18304/2/6 18330/2/6
f 18308/3/6 18255/3/6 18331/3/6
f 18307/3/6 18308/3/6 18331/3/6
f 18309/2/6 18310/2/6 18332/2/6
f 18331/3/6 18255/3/6 18332/3/6
f 18255/2/6 18309/2/6 18332/2/6
f 18332/2/6 18310/2/6 18333/2/6
f 18333/2/6 18310/2/6 18334/2/6
f 18310/3/6 18311/3/6 18335/3/6
f 18334/2/6 18310/2/6 18335/2/6
f 18312/1/6 18313/1/6 18336/1/6
f 18335/3/6 18311/3/6 18336/3/6
f 18311/1/6 18312/1/6 18336/1/6
f 18336/1/6 18313/1/6 18337/1/6
f 18313/2/6 18314/2/6 18338/2/6
f 18337/1/6 18313/1/6 18338/1/6
f 18314/1/6 18315/1/6 18339/1/6
f 18338/2/6 18314/2/6 18339/2/6
f 18315/3/6 18316/3/6 18340/3/6
f 18339/1/6 18315/1/6 18340/1/6
f 18317/1/6 18318/1/6 18341/1/6
f 18316/1/6 18317/1/6 18341/1/6
f 18318/2/6 18319/2/6 18342/2/6
f 18341/1/6 18318/1/6 18342/1/6
f 18342/2/6 18319/2/6 18343/2/6
f 18320/1/6 18321/1/6 18344/1/6
f 18321/1/6 18322/1/6 18344/1/6
f 18322/3/6 18323/3/6 18345/3/6
f 18344/1/6 18322/1/6 18345/1/6
f 18323/2/6 18324/2/6 18346/2/6
f 18345/3/6 18323/3/6 18346/3/6
f 18325/1/6 18326/1/6 18347/1/6
f 18346/2/6 18324/2/6 18347/2/6
f 18324/1/6 18325/1/6 18347/1/6
f 18347/1/6 18326/1/6 18348/1/6
f 18326/2/6 18327/2/6 18349/2/6
f 18348/1/6 18326/1/6 18349/1/6
f 18327/3/6 18328/3/6 18350/3/6
f 18349/2/6 18327/2/6 18350/2/6
f 18328/3/6 18300/3/6 18351/3/6
f 18350/3/6 18328/3/6 18351/3/6
f 18300/1/6 18301/1/6 18352/1/6
f 18351/3/6 18300/3/6 18352/3/6
f 18301/2/6 18329/2/6 18353/2/6
f 18352/1/6 18301/1/6 18353/1/6
f 18353/2/6 18329/2/6 18354/2/6
f 18329/1/6 18330/1/6 18355/1/6
f 18354/2/6 18329/2/6 18355/2/6
f 18330/3/6 18250/3/6 18356/3/6
f 18355/1/6 18330/1/6 18356/1/6
f 18250/1/6 18305/1/6 18357/1/6
f 18356/3/6 18250/3/6 18357/3/6
f 18306/2/6 18307/2/6 18358/2/6
f 18357/1/6 18305/1/6 18358/1/6
f 18305/2/6 18306/2/6 18358/2/6
f 18332/2/6 18333/2/6 18359/2/6
f 18307/3/6 18331/3/6 18359/3/6
f 18331/2/6 18332/2/6 18359/2/6
f 18359/2/6 18333/2/6 18360/2/6
f 18333/1/6 18334/1/6 18361/1/6
f 18360/2/6 18333/2/6 18361/2/6
f 18334/3/6 18335/3/6 18362/3/6
f 18361/1/6 18334/1/6 18362/1/6
f 18335/2/6 18336/2/6 18363/2/6
f 18362/3/6 18335/3/6 18363/3/6
f 18336/1/6 18337/1/6 18364/1/6
f 18363/2/6 18336/2/6 18364/2/6
f 18337/3/6 18338/3/6 18365/3/6
f 18364/1/6 18337/1/6 18365/1/6
f 18339/2/6 18340/2/6 18366/2/6
f 18365/3/6 18338/3/6 18366/3/6
f 18338/2/6 18339/2/6 18366/2/6
f 18340/3/6 18316/3/6 18367/3/6
f 18366/2/6 18340/2/6 18367/2/6
f 18316/1/6 18341/1/6 18368/1/6
f 18367/3/6 18316/3/6 18368/3/6
f 18341/3/6 18342/3/6 18369/3/6
f 18368/1/6 18341/1/6 18369/1/6
f 18342/1/6 18343/1/6 18370/1/6
f 18344/3/6 18345/3/6 18371/3/6
f 18345/3/6 18346/3/6 18371/3/6
f 18347/3/6 18348/3/6 18371/3/6
f 18346/3/6 18347/3/6 18371/3/6
f 18371/3/6 18348/3/6 18372/3/6
f 18372/3/6 18348/3/6 18373/3/6
f 18348/2/6 18349/2/6 18374/2/6
f 18373/3/6 18348/3/6 18374/3/6
f 18374/2/6 18349/2/6 18375/2/6
f 18349/1/6 18350/1/6 18376/1/6
f 18375/2/6 18349/2/6 18376/2/6
f 18350/3/6 18351/3/6 18377/3/6
f 18376/1/6 18350/1/6 18377/1/6
f 18351/1/6 18352/1/6 18378/1/6
f 18377/3/6 18351/3/6 18378/3/6
f 18352/2/6 18353/2/6 18379/2/6
f 18378/1/6 18352/1/6 18379/1/6
f 18353/3/6 18354/3/6 18380/3/6
f 18379/2/6 18353/2/6 18380/2/6
f 18354/1/6 18355/1/6 18381/1/6
f 18380/3/6 18354/3/6 18381/3/6
f 18355/2/6 18356/2/6 18382/2/6
f 18381/1/6 18355/1/6 18382/1/6
f 18356/1/6 18357/1/6 18383/1/6
f 18382/2/6 18356/2/6 18383/2/6
f 18357/3/6 18358/3/6 18384/3/6
f 18383/1/6 18357/1/6 18384/1/6
f 18358/2/6 18307/2/6 18385/2/6
f 18384/3/6 18358/3/6 18385/3/6
f 18385/2/6 18307/2/6 18386/2/6
f 18359/3/6 18360/3/6 18387/3/6
f 18386/2/6 18307/2/6 18387/2/6
f 18307/3/6 18359/3/6 18387/3/6
f 18387/3/6 18360/3/6 18388/3/6
f 18360/2/6 18361/2/6 18389/2/6
f 18388/3/6 18360/3/6 18389/3/6
f 18362/2/6 18363/2/6 18389/2/6
f 18361/2/6 18362/2/6 18389/2/6
f 18389/2/6 18363/2/6 18390/2/6
f 18390/2/6 18363/2/6 18391/2/6
f 18365/3/6 18366/3/6 18392/3/6
f 18364/3/6 18365/3/6 18392/3/6
f 18363/3/6 18364/3/6 18392/3/6
f 18366/3/6 18367/3/6 18392/3/6
f 18392/3/6 18367/3/6 18393/3/6
f 18367/1/6 18368/1/6 18394/1/6
f 18393/3/6 18367/3/6 18394/3/6
f 18369/3/6 18342/3/6 18395/3/6
f 18342/1/6 18370/1/6 18395/1/6
f 18368/3/6 18369/3/6 18395/3/6
f 18395/1/6 18370/1/6 18396/1/6
f 18371/2/6 18372/2/6 18397/2/6
f 18372/3/6 18373/3/6 18398/3/6
f 18397/2/6 18372/2/6 18398/2/6
f 18374/1/6 18375/1/6 18399/1/6
f 18398/3/6 18373/3/6 18399/3/6
f 18373/1/6 18374/1/6 18399/1/6
f 18375/2/6 18376/2/6 18400/2/6
f 18399/1/6 18375/1/6 18400/1/6
f 18400/2/6 18376/2/6 18401/2/6
f 18376/3/6 18377/3/6 18402/3/6
f 18401/2/6 18376/2/6 18402/2/6
f 18378/3/6 18379/3/6 18402/3/6
f 18377/3/6 18378/3/6 18402/3/6
f 18402/3/6 18379/3/6 18403/3/6
f 18379/1/6 18380/1/6 18404/1/6
f 18403/3/6 18379/3/6 18404/3/6
f 18380/3/6 18381/3/6 18405/3/6
f 18404/1/6 18380/1/6 18405/1/6
f 18381/2/6 18382/2/6 18406/2/6
f 18405/3/6 18381/3/6 18406/3/6
f 18382/1/6 18383/1/6 18407/1/6
f 18406/2/6 18382/2/6 18407/2/6
f 18385/3/6 18386/3/6 18408/3/6
f 18407/1/6 18383/1/6 18408/1/6
f 18384/3/6 18385/3/6 18408/3/6
f 18383/3/6 18384/3/6 18408/3/6
f 18408/3/6 18386/3/6 18409/3/6
f 18386/1/6 18387/1/6 18410/1/6
f 18409/3/6 18386/3/6 18410/3/6
f 18387/3/6 18388/3/6 18411/3/6
f 18410/1/6 18387/1/6 18411/1/6
f 18388/2/6 18389/2/6 18412/2/6
f 18411/3/6 18388/3/6 18412/3/6
f 18389/3/6 18390/3/6 18413/3/6
f 18412/2/6 18389/2/6 18413/2/6
f 18390/1/6 18391/1/6 18414/1/6
f 18413/3/6 18390/3/6 18414/3/6
f 18391/2/6 18363/2/6 18415/2/6
f 18414/1/6 18391/1/6 18415/1/6
f 18363/3/6 18392/3/6 18416/3/6
f 18415/2/6 18363/2/6 18416/2/6
f 18416/3/6 18392/3/6 18417/3/6
f 18392/2/6 18393/2/6 18418/2/6
f 18417/3/6 18392/3/6 18418/3/6
f 18418/2/6 18393/2/6 18419/2/6
f 18393/1/6 18394/1/6 18420/1/6
f 18419/2/6 18393/2/6 18420/2/6
f 18394/1/6 18368/1/6 18421/1/6
f 18420/1/6 18394/1/6 18421/1/6
f 18368/3/6 18395/3/6 18422/3/6
f 18421/1/6 18368/1/6 18422/1/6
f 18395/2/6 18396/2/6 18423/2/6
f 18422/3/6 18395/3/6 18423/3/6
f 18423/2/6 18396/2/6 18424/2/6
f 18399/2/6 18400/2/6 18425/2/6
f 18400/3/6 18401/3/6 18426/3/6
f 18425/2/6 18400/2/6 18426/2/6
f 18402/2/6 18403/2/6 18427/2/6
f 18401/1/6 18402/1/6 18427/1/6
f 18427/2/6 18403/2/6 18428/2/6
f 18403/1/6 18404/1/6 18429/1/6
f 18428/2/6 18403/2/6 18429/2/6
f 18406/1/6 18407/1/6 18430/1/6
f 18407/3/6 18408/3/6 18430/3/6
f 18408/1/6 18409/1/6 18431/1/6
f 18430/3/6 18408/3/6 18431/3/6
f 18431/1/6 18409/1/6 18432/1/6
f 18409/2/6 18410/2/6 18433/2/6
f 18432/1/6 18409/1/6 18433/1/6
f 18411/3/6 18412/3/6 18434/3/6
f 18433/2/6 18410/2/6 18434/2/6
f 18410/3/6 18411/3/6 18434/3/6
f 18434/3/6 18412/3/6 18435/3/6
f 18413/2/6 18414/2/6 18436/2/6
f 18412/1/6 18413/1/6 18436/1/6
f 18414/2/6 18415/2/6 18436/2/6
f 18436/2/6 18415/2/6 18437/2/6
f 18415/1/6 18416/1/6 18438/1/6
f 18437/2/6 18415/2/6 18438/2/6
f 18416/3/6 18417/3/6 18439/3/6
f 18438/1/6 18416/1/6 18439/1/6
f 18418/2/6 18419/2/6 18440/2/6
f 18439/3/6 18417/3/6 18440/3/6
f 18417/2/6 18418/2/6 18440/2/6
f 18440/2/6 18419/2/6 18441/2/6
f 18419/3/6 18420/3/6 18442/3/6
f 18441/2/6 18419/2/6 18442/2/6
f 18420/1/6 18421/1/6 18443/1/6
f 18442/3/6 18420/3/6 18443/3/6
f 18421/2/6 18422/2/6 18444/2/6
f 18443/1/6 18421/1/6 18444/1/6
f 18422/2/6 18423/2/6 18444/2/6
f 18444/2/6 18423/2/6 18445/2/6
f 18423/1/6 18424/1/6 18446/1/6
f 18371/2/6 18397/2/6 18447/2/6
f 18397/3/6 18398/3/6 18448/3/6
f 18447/2/6 18397/2/6 18448/2/6
f 18398/1/6 18399/1/6 18449/1/6
f 18448/3/6 18398/3/6 18449/3/6
f 18399/2/6 18425/2/6 18450/2/6
f 18449/1/6 18399/1/6 18450/1/6
f 18425/1/6 18426/1/6 18451/1/6
f 18450/2/6 18425/2/6 18451/2/6
f 18426/3/6 18401/3/6 18452/3/6
f 18451/1/6 18426/1/6 18452/1/6
f 18401/1/6 18427/1/6 18453/1/6
f 18452/3/6 18401/3/6 18453/3/6
f 18427/3/6 18428/3/6 18454/3/6
f 18453/1/6 18427/1/6 18454/1/6
f 18429/1/6 18404/1/6 18455/1/6
f 18428/1/6 18429/1/6 18455/1/6
f 18404/3/6 18405/3/6 18456/3/6
f 18455/1/6 18404/1/6 18456/1/6
f 18430/2/6 18431/2/6 18457/2/6
f 18406/1/6 18430/1/6 18457/1/6
f 18431/3/6 18432/3/6 18458/3/6
f 18457/2/6 18431/2/6 18458/2/6
f 18432/2/6 18433/2/6 18459/2/6
f 18458/3/6 18432/3/6 18459/3/6
f 18433/2/6 18434/2/6 18459/2/6
f 18434/1/6 18435/1/6 18460/1/6
f 18459/2/6 18434/2/6 18460/2/6
f 18435/3/6 18412/3/6 18461/3/6
f 18460/1/6 18435/1/6 18461/1/6
f 18436/3/6 18437/3/6 18462/3/6
f 18412/1/6 18436/1/6 18462/1/6
f 18437/1/6 18438/1/6 18463/1/6
f 18462/3/6 18437/3/6 18463/3/6
f 18438/2/6 18439/2/6 18464/2/6
f 18463/1/6 18438/1/6 18464/1/6
f 18439/1/6 18440/1/6 18465/1/6
f 18464/2/6 18439/2/6 18465/2/6
f 18441/1/6 18442/1/6 18466/1/6
f 18442/1/6 18443/1/6 18466/1/6
f 18443/1/6 18444/1/6 18466/1/6
f 18444/1/6 18445/1/6 18466/1/6
f 18466/1/6 18445/1/6 18467/1/6
f 18445/2/6 18423/2/6 18468/2/6
f 18467/1/6 18445/1/6 18468/1/6
f 18423/1/6 18446/1/6 18469/1/6
f 18468/2/6 18423/2/6 18469/2/6
f 18469/1/6 18446/1/6 18470/1/6
f 18448/2/6 18449/2/6 18471/2/6
f 18447/3/6 18448/3/6 18471/3/6
f 18449/3/6 18450/3/6 18472/3/6
f 18471/2/6 18449/2/6 18472/2/6
f 18472/3/6 18450/3/6 18473/3/6
f 18450/1/6 18451/1/6 18474/1/6
f 18473/3/6 18450/3/6 18474/3/6
f 18452/2/6 18453/2/6 18475/2/6
f 18453/2/6 18454/2/6 18475/2/6
f 18454/3/6 18428/3/6 18476/3/6
f 18475/2/6 18454/2/6 18476/2/6
f 18428/1/6 18455/1/6 18477/1/6
f 18476/3/6 18428/3/6 18477/3/6
f 18455/2/6 18456/2/6 18478/2/6
f 18477/1/6 18455/1/6 18478/1/6
f 18456/3/6 18405/3/6 18479/3/6
f 18478/2/6 18456/2/6 18479/2/6
f 18405/2/6 18406/2/6 18480/2/6
f 18479/3/6 18405/3/6 18480/3/6
f 18458/2/6 18459/2/6 18481/2/6
f 18457/1/6 18458/1/6 18481/1/6
f 18459/3/6 18460/3/6 18482/3/6
f 18481/2/6 18459/2/6 18482/2/6
f 18482/3/6 18460/3/6 18483/3/6
f 18460/2/6 18461/2/6 18484/2/6
f 18483/3/6 18460/3/6 18484/3/6
f 18461/3/6 18412/3/6 18485/3/6
f 18484/2/6 18461/2/6 18485/2/6
f 18462/1/6 18463/1/6 18486/1/6
f 18485/3/6 18412/3/6 18486/3/6
f 18412/1/6 18462/1/6 18486/1/6
f 18463/1/6 18464/1/6 18486/1/6
f 18486/1/6 18464/1/6 18487/1/6
f 18487/1/6 18464/1/6 18488/1/6
f 18464/3/6 18465/3/6 18489/3/6
f 18488/1/6 18464/1/6 18489/1/6
f 18465/1/6 18440/1/6 18490/1/6
f 18489/3/6 18465/3/6 18490/3/6
f 18440/2/6 18441/2/6 18491/2/6
f 18490/1/6 18440/1/6 18491/1/6
f 18466/3/6 18467/3/6 18492/3/6
f 18441/1/6 18466/1/6 18492/1/6
f 18492/3/6 18467/3/6 18493/3/6
f 18469/2/6 18470/2/6 18494/2/6
f 18493/3/6 18467/3/6 18494/3/6
f 18467/2/6 18468/2/6 18494/2/6
f 18468/2/6 18469/2/6 18494/2/6
f 18494/2/6 18470/2/6 18495/2/6
f 18495/2/6 18470/2/6 18496/2/6
f 18496/2/6 18470/2/6 18497/2/6
f 18447/3/6 18471/3/6 18498/3/6
f 18471/3/6 18472/3/6 18498/3/6
f 18472/2/6 18473/2/6 18499/2/6
f 18498/3/6 18472/3/6 18499/3/6
f 18473/1/6 18474/1/6 18500/1/6
f 18499/2/6 18473/2/6 18500/2/6
f 18474/1/6 18451/1/6 18501/1/6
f 18500/1/6 18474/1/6 18501/1/6
f 18452/2/6 18475/2/6 18502/2/6
f 18451/3/6 18452/3/6 18502/3/6
f 18475/3/6 18476/3/6 18503/3/6
f 18502/2/6 18475/2/6 18503/2/6
f 18476/2/6 18477/2/6 18504/2/6
f 18503/3/6 18476/3/6 18504/3/6
f 18477/3/6 18478/3/6 18505/3/6
f 18504/2/6 18477/2/6 18505/2/6
f 18478/1/6 18479/1/6 18506/1/6
f 18505/3/6 18478/3/6 18506/3/6
f 18479/2/6 18480/2/6 18507/2/6
f 18506/1/6 18479/1/6 18507/1/6
f 18480/2/6 18406/2/6 18508/2/6
f 18507/2/6 18480/2/6 18508/2/6
f 18457/1/6 18481/1/6 18509/1/6
f 18508/2/6 18406/2/6 18509/2/6
f 18481/1/6 18482/1/6 18509/1/6
f 18406/1/6 18457/1/6 18509/1/6
f 18509/1/6 18482/1/6 18510/1/6
f 18510/1/6 18482/1/6 18511/1/6
f 18482/2/6 18483/2/6 18512/2/6
f 18511/1/6 18482/1/6 18512/1/6
f 18484/1/6 18485/1/6 18513/1/6
f 18512/2/6 18483/2/6 18513/2/6
f 18483/1/6 18484/1/6 18513/1/6
f 18513/1/6 18485/1/6 18514/1/6
f 18486/3/6 18487/3/6 18515/3/6
f 18514/1/6 18485/1/6 18515/1/6
f 18485/3/6 18486/3/6 18515/3/6
f 18489/2/6 18490/2/6 18516/2/6
f 18488/2/6 18489/2/6 18516/2/6
f 18487/1/6 18488/1/6 18516/1/6
f 18490/2/6 18491/2/6 18516/2/6
f 18516/2/6 18491/2/6 18517/2/6
f 18491/2/6 18441/2/6 18518/2/6
f 18517/2/6 18491/2/6 18518/2/6
f 18441/1/6 18492/1/6 18519/1/6
f 18518/2/6 18441/2/6 18519/2/6
f 18492/2/6 18493/2/6 18520/2/6
f 18493/1/6 18494/1/6 18520/1/6
f 18494/3/6 18495/3/6 18521/3/6
f 18520/1/6 18494/1/6 18521/1/6
f 18495/1/6 18496/1/6 18522/1/6
f 18521/3/6 18495/3/6 18522/3/6
f 18496/2/6 18497/2/6 18523/2/6
f 18522/1/6 18496/1/6 18523/1/6
f 18523/2/6 18497/2/6 18524/2/6
f 18447/3/6 18498/3/6 18525/3/6
f 18499/1/6 18500/1/6 18526/1/6
f 18525/3/6 18498/3/6 18526/3/6
f 18498/1/6 18499/1/6 18526/1/6
f 18526/1/6 18500/1/6 18527/1/6
f 18500/2/6 18501/2/6 18528/2/6
f 18527/1/6 18500/1/6 18528/1/6
f 18501/1/6 18451/1/6 18529/1/6
f 18528/2/6 18501/2/6 18529/2/6
f 18451/3/6 18502/3/6 18530/3/6
f 18529/1/6 18451/1/6 18530/1/6
f 18502/1/6 18503/1/6 18531/1/6
f 18530/3/6 18502/3/6 18531/3/6
f 18503/2/6 18504/2/6 18532/2/6
f 18531/1/6 18503/1/6 18532/1/6
f 18504/3/6 18505/3/6 18533/3/6
f 18532/2/6 18504/2/6 18533/2/6
f 18507/2/6 18508/2/6 18534/2/6
f 18533/3/6 18505/3/6 18534/3/6
f 18506/2/6 18507/2/6 18534/2/6
f 18505/2/6 18506/2/6 18534/2/6
f 18534/2/6 18508/2/6 18535/2/6
f 18508/1/6 18509/1/6 18536/1/6
f 18535/2/6 18508/2/6 18536/2/6
f 18509/3/6 18510/3/6 18537/3/6
f 18536/1/6 18509/1/6 18537/1/6
f 18511/3/6 18512/3/6 18538/3/6
f 18510/2/6 18511/2/6 18538/2/6
f 18512/1/6 18513/1/6 18539/1/6
f 18538/3/6 18512/3/6 18539/3/6
f 18513/3/6 18514/3/6 18540/3/6
f 18539/1/6 18513/1/6 18540/1/6
f 18514/2/6 18515/2/6 18541/2/6
f 18540/3/6 18514/3/6 18541/3/6
f 18515/3/6 18487/3/6 18542/3/6
f 18541/2/6 18515/2/6 18542/2/6
f 18542/3/6 18487/3/6 18543/3/6
f 18487/1/6 18516/1/6 18544/1/6
f 18543/3/6 18487/3/6 18544/3/6
f 18516/3/6 18517/3/6 18545/3/6
f 18544/1/6 18516/1/6 18545/1/6
f 18545/3/6 18517/3/6 18546/3/6
f 18517/2/6 18518/2/6 18547/2/6
f 18546/3/6 18517/3/6 18547/3/6
f 18518/1/6 18519/1/6 18548/1/6
f 18547/2/6 18518/2/6 18548/2/6
f 18519/1/6 18492/1/6 18549/1/6
f 18548/1/6 18519/1/6 18549/1/6
f 18492/2/6 18520/2/6 18549/2/6
f 18520/3/6 18521/3/6 18550/3/6
f 18521/3/6 18522/3/6 18550/3/6
f 18522/2/6 18523/2/6 18551/2/6
f 18550/3/6 18522/3/6 18551/3/6
f 18523/3/6 18524/3/6 18552/3/6
f 18551/2/6 18523/2/6 18552/2/6
f 18552/3/6 18524/3/6 18553/3/6
f 18525/1/6 18526/1/6 18554/1/6
f 18526/2/6 18527/2/6 18555/2/6
f 18554/1/6 18526/1/6 18555/1/6
f 18527/3/6 18528/3/6 18556/3/6
f 18555/2/6 18527/2/6 18556/2/6
f 18528/2/6 18529/2/6 18557/2/6
f 18556/3/6 18528/3/6 18557/3/6
f 18529/2/6 18530/2/6 18557/2/6
f 18557/2/6 18530/2/6 18558/2/6
f 18530/1/6 18531/1/6 18559/1/6
f 18558/2/6 18530/2/6 18559/2/6
f 18532/3/6 18533/3/6 18560/3/6
f 18559/1/6 18531/1/6 18560/1/6
f 18531/3/6 18532/3/6 18560/3/6
f 18533/3/6 18534/3/6 18560/3/6
f 18560/3/6 18534/3/6 18561/3/6
f 18561/3/6 18534/3/6 18562/3/6
f 18534/1/6 18535/1/6 18563/1/6
f 18562/3/6 18534/3/6 18563/3/6
f 18535/3/6 18536/3/6 18564/3/6
f 18563/1/6 18535/1/6 18564/1/6
f 18536/3/6 18537/3/6 18564/3/6
f 18564/3/6 18537/3/6 18565/3/6
f 18565/3/6 18537/3/6 18566/3/6
f 18537/3/6 18510/3/6 18567/3/6
f 18566/3/6 18537/3/6 18567/3/6
f 18510/2/6 18538/2/6 18568/2/6
f 18567/3/6 18510/3/6 18568/3/6
f 18538/1/6 18539/1/6 18569/1/6
f 18568/2/6 18538/2/6 18569/2/6
f 18539/3/6 18540/3/6 18570/3/6
f 18569/1/6 18539/1/6 18570/1/6
f 18540/1/6 18541/1/6 18571/1/6
f 18570/3/6 18540/3/6 18571/3/6
f 18542/2/6 18543/2/6 18572/2/6
f 18571/1/6 18541/1/6 18572/1/6
f 18541/2/6 18542/2/6 18572/2/6
f 18572/2/6 18543/2/6 18573/2/6
f 18544/3/6 18545/3/6 18574/3/6
f 18573/2/6 18543/2/6 18574/2/6
f 18545/3/6 18546/3/6 18574/3/6
f 18543/3/6 18544/3/6 18574/3/6
f 18574/3/6 18546/3/6 18575/3/6
f 18575/3/6 18546/3/6 18576/3/6
f 18547/1/6 18548/1/6 18577/1/6
f 18576/3/6 18546/3/6 18577/3/6
f 18546/1/6 18547/1/6 18577/1/6
f 18548/2/6 18549/2/6 18578/2/6
f 18549/2/6 18520/2/6 18579/2/6
f 18578/2/6 18549/2/6 18579/2/6
f 18520/3/6 18550/3/6 18580/3/6
f 18579/2/6 18520/2/6 18580/2/6
f 18550/1/6 18551/1/6 18581/1/6
f 18580/3/6 18550/3/6 18581/3/6
f 18551/2/6 18552/2/6 18582/2/6
f 18581/1/6 18551/1/6 18582/1/6
f 18552/1/6 18553/1/6 18583/1/6
f 18582/2/6 18552/2/6 18583/2/6
f 18554/2/6 18555/2/6 18584/2/6
f 18555/2/6 18556/2/6 18584/2/6
f 18556/1/6 18557/1/6 18584/1/6
f 18557/2/6 18558/2/6 18585/2/6
f 18584/1/6 18557/1/6 18585/1/6
f 18558/3/6 18559/3/6 18586/3/6
f 18585/2/6 18558/2/6 18586/2/6
f 18559/1/6 18560/1/6 18587/1/6
f 18586/3/6 18559/3/6 18587/3/6
f 18561/3/6 18562/3/6 18588/3/6
f 18560/2/6 18561/2/6 18588/2/6
f 18562/2/6 18563/2/6 18589/2/6
f 18588/3/6 18562/3/6 18589/3/6
f 18563/3/6 18564/3/6 18590/3/6
f 18589/2/6 18563/2/6 18590/2/6
f 18564/1/6 18565/1/6 18591/1/6
f 18590/3/6 18564/3/6 18591/3/6
f 18565/3/6 18566/3/6 18592/3/6
f 18591/1/6 18565/1/6 18592/1/6
f 18566/2/6 18567/2/6 18593/2/6
f 18592/3/6 18566/3/6 18593/3/6
f 18568/1/6 18569/1/6 18594/1/6
f 18593/2/6 18567/2/6 18594/2/6
f 18567/1/6 18568/1/6 18594/1/6
f 18594/1/6 18569/1/6 18595/1/6
f 18569/2/6 18570/2/6 18596/2/6
f 18595/1/6 18569/1/6 18596/1/6
f 18570/1/6 18571/1/6 18597/1/6
f 18596/2/6 18570/2/6 18597/2/6
f 18572/2/6 18573/2/6 18598/2/6
f 18597/1/6 18571/1/6 18598/1/6
f 18571/2/6 18572/2/6 18598/2/6
f 18598/2/6 18573/2/6 18599/2/6
f 18573/3/6 18574/3/6 18600/3/6
f 18599/2/6 18573/2/6 18600/2/6
f 18574/1/6 18575/1/6 18601/1/6
f 18600/3/6 18574/3/6 18601/3/6
f 18575/3/6 18576/3/6 18602/3/6
f 18601/1/6 18575/1/6 18602/1/6
f 18577/1/6 18548/1/6 18603/1/6
f 18548/2/6 18578/2/6 18604/2/6
f 18603/1/6 18548/1/6 18604/1/6
f 18578/3/6 18579/3/6 18605/3/6
f 18604/2/6 18578/2/6 18605/2/6
f 18579/2/6 18580/2/6 18606/2/6
f 18605/3/6 18579/3/6 18606/3/6
f 18580/1/6 18581/1/6 18607/1/6
f 18606/2/6 18580/2/6 18607/2/6
f 18607/1/6 18581/1/6 18608/1/6
f 18581/2/6 18582/2/6 18609/2/6
f 18608/1/6 18581/1/6 18609/1/6
f 18582/3/6 18583/3/6 18610/3/6
f 18609/2/6 18582/2/6 18610/2/6
f 18583/1/6 18553/1/6 18611/1/6
f 18610/3/6 18583/3/6 18611/3/6
f 18584/2/6 18585/2/6 18612/2/6
f 18554/2/6 18584/2/6 18612/2/6
f 18612/2/6 18585/2/6 18613/2/6
f 18585/1/6 18586/1/6 18614/1/6
f 18613/2/6 18585/2/6 18614/2/6
f 18586/2/6 18587/2/6 18615/2/6
f 18614/1/6 18586/1/6 18615/1/6
f 18587/1/6 18560/1/6 18616/1/6
f 18615/2/6 18587/2/6 18616/2/6
f 18560/2/6 18588/2/6 18617/2/6
f 18616/1/6 18560/1/6 18617/1/6
f 18588/2/6 18589/2/6 18617/2/6
f 18617/2/6 18589/2/6 18618/2/6
f 18589/3/6 18590/3/6 18619/3/6
f 18618/2/6 18589/2/6 18619/2/6
f 18590/1/6 18591/1/6 18620/1/6
f 18619/3/6 18590/3/6 18620/3/6
f 18594/3/6 18595/3/6 18621/3/6
f 18620/1/6 18591/1/6 18621/1/6
f 18593/3/6 18594/3/6 18621/3/6
f 18592/3/6 18593/3/6 18621/3/6
f 18591/3/6 18592/3/6 18621/3/6
f 18621/3/6 18595/3/6 18622/3/6
f 18622/3/6 18595/3/6 18623/3/6
f 18623/3/6 18595/3/6 18624/3/6
f 18595/1/6 18596/1/6 18625/1/6
f 18624/3/6 18595/3/6 18625/3/6
f 18596/3/6 18597/3/6 18626/3/6
f 18625/1/6 18596/1/6 18626/1/6
f 18598/2/6 18599/2/6 18627/2/6
f 18626/3/6 18597/3/6 18627/3/6
f 18597/2/6 18598/2/6 18627/2/6
f 18627/2/6 18599/2/6 18628/2/6
f 18599/3/6 18600/3/6 18629/3/6
f 18628/2/6 18599/2/6 18629/2/6
f 18600/2/6 18601/2/6 18630/2/6
f 18629/3/6 18600/3/6 18630/3/6
f 18601/3/6 18602/3/6 18631/3/6
f 18630/2/6 18601/2/6 18631/2/6
f 18576/2/6 18577/2/6 18632/2/6
f 18631/3/6 18602/3/6 18632/3/6
f 18602/3/6 18576/3/6 18632/3/6
f 18577/1/6 18603/1/6 18633/1/6
f 18632/2/6 18577/2/6 18633/2/6
f 18603/3/6 18604/3/6 18634/3/6
f 18633/1/6 18603/1/6 18634/1/6
f 18604/2/6 18605/2/6 18635/2/6
f 18634/3/6 18604/3/6 18635/3/6
f 18605/2/6 18606/2/6 18635/2/6
f 18635/2/6 18606/2/6 18636/2/6
f 18606/3/6 18607/3/6 18637/3/6
f 18636/2/6 18606/2/6 18637/2/6
f 18607/2/6 18608/2/6 18638/2/6
f 18637/3/6 18607/3/6 18638/3/6
f 18608/3/6 18609/3/6 18639/3/6
f 18638/2/6 18608/2/6 18639/2/6
f 18609/2/6 18610/2/6 18640/2/6
f 18639/3/6 18609/3/6 18640/3/6
f 18610/1/6 18611/1/6 18641/1/6
f 18640/2/6 18610/2/6 18641/2/6
f 18611/1/6 18553/1/6 18642/1/6
f 18641/1/6 18611/1/6 18642/1/6
f 18642/1/6 18553/1/6 18643/1/6
f 18612/3/6 18613/3/6 18644/3/6
f 18644/3/6 18613/3/6 18645/3/6
f 18613/1/6 18614/1/6 18646/1/6
f 18645/3/6 18613/3/6 18646/3/6
f 18614/3/6 18615/3/6 18647/3/6
f 18646/1/6 18614/1/6 18647/1/6
f 18616/1/6 18617/1/6 18648/1/6
f 18647/3/6 18615/3/6 18648/3/6
f 18615/1/6 18616/1/6 18648/1/6
f 18617/1/6 18618/1/6 18648/1/6
f 18648/1/6 18618/1/6 18649/1/6
f 18649/1/6 18618/1/6 18650/1/6
f 18618/2/6 18619/2/6 18651/2/6
f 18650/1/6 18618/1/6 18651/1/6
f 18619/1/6 18620/1/6 18652/1/6
f 18651/2/6 18619/2/6 18652/2/6
f 18620/3/6 18621/3/6 18653/3/6
f 18652/1/6 18620/1/6 18653/1/6
f 18621/2/6 18622/2/6 18654/2/6
f 18653/3/6 18621/3/6 18654/3/6
f 18622/3/6 18623/3/6 18655/3/6
f 18654/2/6 18622/2/6 18655/2/6
f 18623/2/6 18624/2/6 18656/2/6
f 18655/3/6 18623/3/6 18656/3/6
f 18624/3/6 18625/3/6 18657/3/6
f 18656/2/6 18624/2/6 18657/2/6
f 18626/2/6 18627/2/6 18658/2/6
f 18625/2/6 18626/2/6 18658/2/6
f 18627/1/6 18628/1/6 18659/1/6
f 18658/2/6 18627/2/6 18659/2/6
f 18628/2/6 18629/2/6 18660/2/6
f 18659/1/6 18628/1/6 18660/1/6
f 18629/2/6 18630/2/6 18660/2/6
f 18630/3/6 18631/3/6 18661/3/6
f 18660/2/6 18630/2/6 18661/2/6
f 18631/1/6 18632/1/6 18662/1/6
f 18632/1/6 18633/1/6 18662/1/6
f 18662/1/6 18633/1/6 18663/1/6
f 18633/3/6 18634/3/6 18664/3/6
f 18663/1/6 18633/1/6 18664/1/6
f 18634/3/6 18635/3/6 18664/3/6
f 18664/3/6 18635/3/6 18665/3/6
f 18635/1/6 18636/1/6 18666/1/6
f 18665/3/6 18635/3/6 18666/3/6
f 18636/3/6 18637/3/6 18667/3/6
f 18666/1/6 18636/1/6 18667/1/6
f 18637/2/6 18638/2/6 18668/2/6
f 18667/3/6 18637/3/6 18668/3/6
f 18638/3/6 18639/3/6 18669/3/6
f 18668/2/6 18638/2/6 18669/2/6
f 18639/1/6 18640/1/6 18670/1/6
f 18669/3/6 18639/3/6 18670/3/6
f 18642/1/6 18643/1/6 18671/1/6
f 18641/2/6 18642/2/6 18671/2/6
f 18671/1/6 18643/1/6 18672/1/6
f 18644/2/6 18645/2/6 18673/2/6
f 18645/1/6 18646/1/6 18674/1/6
f 18673/2/6 18645/2/6 18674/2/6
f 18646/2/6 18647/2/6 18675/2/6
f 18674/1/6 18646/1/6 18675/1/6
f 18648/2/6 18649/2/6 18675/2/6
f 18647/2/6 18648/2/6 18675/2/6
f 18675/2/6 18649/2/6 18676/2/6
f 18649/1/6 18650/1/6 18677/1/6
f 18676/2/6 18649/2/6 18677/2/6
f 18650/3/6 18651/3/6 18678/3/6
f 18677/1/6 18650/1/6 18678/1/6
f 18651/1/6 18652/1/6 18679/1/6
f 18678/3/6 18651/3/6 18679/3/6
f 18652/2/6 18653/2/6 18680/2/6
f 18679/1/6 18652/1/6 18680/1/6
f 18654/1/6 18655/1/6 18681/1/6
f 18653/1/6 18654/1/6 18681/1/6
f 18655/2/6 18656/2/6 18682/2/6
f 18681/1/6 18655/1/6 18682/1/6
f 18656/1/6 18657/1/6 18683/1/6
f 18682/2/6 18656/2/6 18683/2/6
f 18657/3/6 18625/3/6 18684/3/6
f 18683/1/6 18657/1/6 18684/1/6
f 18625/2/6 18658/2/6 18685/2/6
f 18684/3/6 18625/3/6 18685/3/6
f 18658/3/6 18659/3/6 18686/3/6
f 18685/2/6 18658/2/6 18686/2/6
f 18660/3/6 18661/3/6 18686/3/6
f 18659/3/6 18660/3/6 18686/3/6
f 18686/3/6 18661/3/6 18687/3/6
f 18687/3/6 18661/3/6 18688/3/6
f 18688/3/6 18661/3/6 18689/3/6
f 18661/3/6 18631/3/6 18690/3/6
f 18689/3/6 18661/3/6 18690/3/6
f 18631/1/6 18662/1/6 18691/1/6
f 18690/3/6 18631/3/6 18691/3/6
f 18662/3/6 18663/3/6 18692/3/6
f 18691/1/6 18662/1/6 18692/1/6
f 18663/2/6 18664/2/6 18693/2/6
f 18692/3/6 18663/3/6 18693/3/6
f 18664/2/6 18665/2/6 18693/2/6
f 18693/2/6 18665/2/6 18694/2/6
f 18665/1/6 18666/1/6 18695/1/6
f 18694/2/6 18665/2/6 18695/2/6
f 18667/1/6 18668/1/6 18696/1/6
f 18668/1/6 18669/1/6 18696/1/6
f 18669/1/6 18670/1/6 18696/1/6
f 18670/1/6 18640/1/6 18697/1/6
f 18696/1/6 18670/1/6 18697/1/6
f 18640/3/6 18641/3/6 18698/3/6
f 18697/1/6 18640/1/6 18698/1/6
f 18641/2/6 18671/2/6 18699/2/6
f 18698/3/6 18641/3/6 18699/3/6
f 18671/3/6 18672/3/6 18700/3/6
f 18699/2/6 18671/2/6 18700/2/6
f 18700/3/6 18672/3/6 18701/3/6
f 18675/1/6 18676/1/6 18702/1/6
f 18674/3/6 18675/3/6 18702/3/6
f 18673/3/6 18674/3/6 18702/3/6
f 18676/2/6 18677/2/6 18703/2/6
f 18702/1/6 18676/1/6 18703/1/6
f 18678/3/6 18679/3/6 18704/3/6
f 18703/2/6 18677/2/6 18704/2/6
f 18677/3/6 18678/3/6 18704/3/6
f 18704/3/6 18679/3/6 18705/3/6
f 18679/2/6 18680/2/6 18706/2/6
f 18705/3/6 18679/3/6 18706/3/6
f 18680/2/6 18653/2/6 18707/2/6
f 18706/2/6 18680/2/6 18707/2/6
f 18653/1/6 18681/1/6 18708/1/6
f 18707/2/6 18653/2/6 18708/2/6
f 18682/3/6 18683/3/6 18709/3/6
f 18708/1/6 18681/1/6 18709/1/6
f 18683/3/6 18684/3/6 18709/3/6
f 18681/3/6 18682/3/6 18709/3/6
f 18709/3/6 18684/3/6 18710/3/6
f 18710/3/6 18684/3/6 18711/3/6
f 18684/1/6 18685/1/6 18712/1/6
f 18711/3/6 18684/3/6 18712/3/6
f 18685/1/6 18686/1/6 18712/1/6
f 18686/1/6 18687/1/6 18712/1/6
f 18712/1/6 18687/1/6 18713/1/6
f 18687/3/6 18688/3/6 18714/3/6
f 18713/1/6 18687/1/6 18714/1/6
f 18688/2/6 18689/2/6 18715/2/6
f 18714/3/6 18688/3/6 18715/3/6
f 18689/3/6 18690/3/6 18716/3/6
f 18715/2/6 18689/2/6 18716/2/6
f 18690/1/6 18691/1/6 18717/1/6
f 18716/3/6 18690/3/6 18717/3/6
f 18691/3/6 18692/3/6 18718/3/6
f 18717/1/6 18691/1/6 18718/1/6
f 18693/3/6 18694/3/6 18718/3/6
f 18692/3/6 18693/3/6 18718/3/6
f 18718/3/6 18694/3/6 18719/3/6
f 18695/1/6 18666/1/6 18720/1/6
f 18666/2/6 18667/2/6 18720/2/6
f 18694/1/6 18695/1/6 18720/1/6
f 18667/1/6 18696/1/6 18721/1/6
f 18720/2/6 18667/2/6 18721/2/6
f 18696/3/6 18697/3/6 18722/3/6
f 18721/1/6 18696/1/6 18722/1/6
f 18722/3/6 18697/3/6 18723/3/6
f 18698/1/6 18699/1/6 18724/1/6
f 18723/3/6 18697/3/6 18724/3/6
f 18697/1/6 18698/1/6 18724/1/6
f 18699/2/6 18700/2/6 18725/2/6
f 18724/1/6 18699/1/6 18725/1/6
f 18700/1/6 18701/1/6 18726/1/6
f 18725/2/6 18700/2/6 18726/2/6
f 18726/1/6 18701/1/6 18727/1/6
f 18673/3/6 18702/3/6 18728/3/6
f 18728/3/6 18702/3/6 18729/3/6
f 18702/2/6 18703/2/6 18730/2/6
f 18729/3/6 18702/3/6 18730/3/6
f 18730/2/6 18703/2/6 18731/2/6
f 18706/2/6 18707/2/6 18732/2/6
f 18703/3/6 18704/3/6 18732/3/6
f 18705/2/6 18706/2/6 18732/2/6
f 18704/3/6 18705/3/6 18732/3/6
f 18732/2/6 18707/2/6 18733/2/6
f 18707/3/6 18708/3/6 18734/3/6
f 18733/2/6 18707/2/6 18734/2/6
f 18709/3/6 18710/3/6 18734/3/6
f 18708/3/6 18709/3/6 18734/3/6
f 18734/3/6 18710/3/6 18735/3/6
f 18710/1/6 18711/1/6 18736/1/6
f 18735/3/6 18710/3/6 18736/3/6
f 18711/2/6 18712/2/6 18737/2/6
f 18736/1/6 18711/1/6 18737/1/6
f 18712/1/6 18713/1/6 18738/1/6
f 18737/2/6 18712/2/6 18738/2/6
f 18738/1/6 18713/1/6 18739/1/6
f 18713/3/6 18714/3/6 18740/3/6
f 18739/1/6 18713/1/6 18740/1/6
f 18714/3/6 18715/3/6 18740/3/6
f 18740/3/6 18715/3/6 18741/3/6
f 18715/1/6 18716/1/6 18742/1/6
f 18741/3/6 18715/3/6 18742/3/6
f 18716/2/6 18717/2/6 18743/2/6
f 18742/1/6 18716/1/6 18743/1/6
f 18717/1/6 18718/1/6 18744/1/6
f 18743/2/6 18717/2/6 18744/2/6
f 18718/2/6 18719/2/6 18745/2/6
f 18744/1/6 18718/1/6 18745/1/6
f 18719/3/6 18694/3/6 18746/3/6
f 18745/2/6 18719/2/6 18746/2/6
f 18746/3/6 18694/3/6 18747/3/6
f 18720/1/6 18721/1/6 18748/1/6
f 18747/3/6 18694/3/6 18748/3/6
f 18722/1/6 18723/1/6 18748/1/6
f 18694/1/6 18720/1/6 18748/1/6
f 18721/1/6 18722/1/6 18748/1/6
f 18748/1/6 18723/1/6 18749/1/6
f 18723/2/6 18724/2/6 18750/2/6
f 18749/1/6 18723/1/6 18750/1/6
f 18724/3/6 18725/3/6 18751/3/6
f 18750/2/6 18724/2/6 18751/2/6
f 18725/1/6 18726/1/6 18752/1/6
f 18751/3/6 18725/3/6 18752/3/6
f 18726/2/6 18727/2/6 18753/2/6
f 18752/1/6 18726/1/6 18753/1/6
f 18753/2/6 18727/2/6 18754/2/6
f 18728/2/6 18729/2/6 18755/2/6
f 18729/3/6 18730/3/6 18756/3/6
f 18755/2/6 18729/2/6 18756/2/6
f 18730/1/6 18731/1/6 18757/1/6
f 18756/3/6 18730/3/6 18757/3/6
f 18731/2/6 18703/2/6 18758/2/6
f 18757/1/6 18731/1/6 18758/1/6
f 18732/3/6 18733/3/6 18759/3/6
f 18758/2/6 18703/2/6 18759/2/6
f 18703/3/6 18732/3/6 18759/3/6
f 18759/3/6 18733/3/6 18760/3/6
f 18760/3/6 18733/3/6 18761/3/6
f 18734/2/6 18735/2/6 18762/2/6
f 18761/3/6 18733/3/6 18762/3/6
f 18733/2/6 18734/2/6 18762/2/6
f 18735/1/6 18736/1/6 18763/1/6
f 18762/2/6 18735/2/6 18763/2/6
f 18763/1/6 18736/1/6 18764/1/6
f 18736/3/6 18737/3/6 18765/3/6
f 18737/3/6 18738/3/6 18765/3/6
f 18738/2/6 18739/2/6 18766/2/6
f 18765/3/6 18738/3/6 18766/3/6
f 18739/3/6 18740/3/6 18767/3/6
f 18766/2/6 18739/2/6 18767/2/6
f 18740/2/6 18741/2/6 18768/2/6
f 18767/3/6 18740/3/6 18768/3/6
f 18741/1/6 18742/1/6 18769/1/6
f 18768/2/6 18741/2/6 18769/2/6
f 18743/3/6 18744/3/6 18770/3/6
f 18769/1/6 18742/1/6 18770/1/6
f 18742/3/6 18743/3/6 18770/3/6
f 18770/3/6 18744/3/6 18771/3/6
f 18746/3/6 18747/3/6 18772/3/6
f 18744/1/6 18745/1/6 18772/1/6
f 18745/3/6 18746/3/6 18772/3/6
f 18748/2/6 18749/2/6 18773/2/6
f 18772/3/6 18747/3/6 18773/3/6
f 18747/2/6 18748/2/6 18773/2/6
f 18773/2/6 18749/2/6 18774/2/6
f 18749/3/6 18750/3/6 18775/3/6
f 18774/2/6 18749/2/6 18775/2/6
f 18775/3/6 18750/3/6 18776/3/6
f 18776/3/6 18750/3/6 18777/3/6
f 18751/2/6 18752/2/6 18778/2/6
f 18777/3/6 18750/3/6 18778/3/6
f 18750/2/6 18751/2/6 18778/2/6
f 18778/2/6 18752/2/6 18779/2/6
f 18753/3/6 18754/3/6 18780/3/6
f 18779/2/6 18752/2/6 18780/2/6
f 18752/3/6 18753/3/6 18780/3/6
f 18780/3/6 18754/3/6 18781/3/6
f 18781/3/6 18754/3/6 18782/3/6
f 18755/2/6 18756/2/6 18783/2/6
f 18756/1/6 18757/1/6 18784/1/6
f 18783/2/6 18756/2/6 18784/2/6
f 18757/3/6 18758/3/6 18785/3/6
f 18784/1/6 18757/1/6 18785/1/6
f 18758/1/6 18759/1/6 18786/1/6
f 18785/3/6 18758/3/6 18786/3/6
f 18759/2/6 18760/2/6 18787/2/6
f 18786/1/6 18759/1/6 18787/1/6
f 18760/1/6 18761/1/6 18788/1/6
f 18787/2/6 18760/2/6 18788/2/6
f 18762/2/6 18763/2/6 18789/2/6
f 18788/1/6 18761/1/6 18789/1/6
f 18761/2/6 18762/2/6 18789/2/6
f 18789/2/6 18763/2/6 18790/2/6
f 18763/3/6 18764/3/6 18791/3/6
f 18790/2/6 18763/2/6 18791/2/6
f 18764/1/6 18736/1/6 18792/1/6
f 18791/3/6 18764/3/6 18792/3/6
f 18736/3/6 18765/3/6 18793/3/6
f 18792/1/6 18736/1/6 18793/1/6
f 18765/2/6 18766/2/6 18794/2/6
f 18793/3/6 18765/3/6 18794/3/6
f 18766/1/6 18767/1/6 18795/1/6
f 18794/2/6 18766/2/6 18795/2/6
f 18767/3/6 18768/3/6 18796/3/6
f 18795/1/6 18767/1/6 18796/1/6
f 18768/1/6 18769/1/6 18797/1/6
f 18796/3/6 18768/3/6 18797/3/6
f 18769/3/6 18770/3/6 18798/3/6
f 18797/1/6 18769/1/6 18798/1/6
f 18770/2/6 18771/2/6 18799/2/6
f 18798/3/6 18770/3/6 18799/3/6
f 18771/3/6 18744/3/6 18800/3/6
f 18799/2/6 18771/2/6 18800/2/6
f 18744/1/6 18772/1/6 18801/1/6
f 18800/3/6 18744/3/6 18801/3/6
f 18772/1/6 18773/1/6 18801/1/6
f 18801/1/6 18773/1/6 18802/1/6
f 18773/2/6 18774/2/6 18803/2/6
f 18802/1/6 18773/1/6 18803/1/6
f 18775/1/6 18776/1/6 18804/1/6
f 18803/2/6 18774/2/6 18804/2/6
f 18774/1/6 18775/1/6 18804/1/6
f 18776/3/6 18777/3/6 18805/3/6
f 18804/1/6 18776/1/6 18805/1/6
f 18777/1/6 18778/1/6 18806/1/6
f 18805/3/6 18777/3/6 18806/3/6
f 18778/2/6 18779/2/6 18807/2/6
f 18806/1/6 18778/1/6 18807/1/6
f 18779/3/6 18780/3/6 18808/3/6
f 18807/2/6 18779/2/6 18808/2/6
f 18780/3/6 18781/3/6 18808/3/6
f 18808/3/6 18781/3/6 18809/3/6
f 18809/3/6 18781/3/6 18810/3/6
f 18781/1/6 18782/1/6 18811/1/6
f 18810/3/6 18781/3/6 18811/3/6
f 18811/1/6 18782/1/6 18812/1/6
f 18783/2/6 18784/2/6 18813/2/6
f 18785/2/6 18786/2/6 18813/2/6
f 18784/2/6 18785/2/6 18813/2/6
f 18813/2/6 18786/2/6 18814/2/6
f 18814/2/6 18786/2/6 18815/2/6
f 18786/3/6 18787/3/6 18816/3/6
f 18815/2/6 18786/2/6 18816/2/6
f 18787/2/6 18788/2/6 18817/2/6
f 18816/3/6 18787/3/6 18817/3/6
f 18788/3/6 18789/3/6 18818/3/6
f 18817/2/6 18788/2/6 18818/2/6
f 18789/1/6 18790/1/6 18819/1/6
f 18818/3/6 18789/3/6 18819/3/6
f 18790/3/6 18791/3/6 18820/3/6
f 18819/1/6 18790/1/6 18820/1/6
f 18820/3/6 18791/3/6 18821/3/6
f 18791/1/6 18792/1/6 18822/1/6
f 18821/3/6 18791/3/6 18822/3/6
f 18793/3/6 18794/3/6 18823/3/6
f 18822/1/6 18792/1/6 18823/1/6
f 18792/3/6 18793/3/6 18823/3/6
f 18823/3/6 18794/3/6 18824/3/6
f 18794/1/6 18795/1/6 18825/1/6
f 18824/3/6 18794/3/6 18825/3/6
f 18795/3/6 18796/3/6 18826/3/6
f 18825/1/6 18795/1/6 18826/1/6
f 18796/1/6 18797/1/6 18827/1/6
f 18826/3/6 18796/3/6 18827/3/6
f 18797/3/6 18798/3/6 18828/3/6
f 18827/1/6 18797/1/6 18828/1/6
f 18798/2/6 18799/2/6 18829/2/6
f 18828/3/6 18798/3/6 18829/3/6
f 18799/3/6 18800/3/6 18830/3/6
f 18829/2/6 18799/2/6 18830/2/6
f 18800/1/6 18801/1/6 18831/1/6
f 18830/3/6 18800/3/6 18831/3/6
f 18801/3/6 18802/3/6 18832/3/6
f 18831/1/6 18801/1/6 18832/1/6
f 18832/3/6 18802/3/6 18833/3/6
f 18803/1/6 18804/1/6 18834/1/6
f 18802/2/6 18803/2/6 18834/2/6
f 18804/3/6 18805/3/6 18835/3/6
f 18834/1/6 18804/1/6 18835/1/6
f 18835/3/6 18805/3/6 18836/3/6
f 18836/3/6 18805/3/6 18837/3/6
f 18805/1/6 18806/1/6 18838/1/6
f 18837/3/6 18805/3/6 18838/3/6
f 18806/3/6 18807/3/6 18839/3/6
f 18838/1/6 18806/1/6 18839/1/6
f 18807/3/6 18808/3/6 18839/3/6
f 18808/3/6 18809/3/6 18839/3/6
f 18839/3/6 18809/3/6 18840/3/6
f 18809/1/6 18810/1/6 18841/1/6
f 18840/3/6 18809/3/6 18841/3/6
f 18811/3/6 18812/3/6 18842/3/6
f 18841/1/6 18810/1/6 18842/1/6
f 18810/3/6 18811/3/6 18842/3/6
f 18842/3/6 18812/3/6 18843/3/6
f 18813/1/6 18814/1/6 18844/1/6
f 18814/2/6 18815/2/6 18845/2/6
f 18844/1/6 18814/1/6 18845/1/6
f 18815/3/6 18816/3/6 18846/3/6
f 18845/2/6 18815/2/6 18846/2/6
f 18816/1/6 18817/1/6 18847/1/6
f 18846/3/6 18816/3/6 18847/3/6
f 18817/3/6 18818/3/6 18848/3/6
f 18847/1/6 18817/1/6 18848/1/6
f 18818/2/6 18819/2/6 18849/2/6
f 18848/3/6 18818/3/6 18849/3/6
f 18819/1/6 18820/1/6 18850/1/6
f 18849/2/6 18819/2/6 18850/2/6
f 18820/2/6 18821/2/6 18851/2/6
f 18850/1/6 18820/1/6 18851/1/6
f 18821/1/6 18822/1/6 18852/1/6
f 18851/2/6 18821/2/6 18852/2/6
f 18822/1/6 18823/1/6 18852/1/6
f 18852/1/6 18823/1/6 18853/1/6
f 18823/2/6 18824/2/6 18854/2/6
f 18853/1/6 18823/1/6 18854/1/6
f 18824/1/6 18825/1/6 18855/1/6
f 18854/2/6 18824/2/6 18855/2/6
f 18826/3/6 18827/3/6 18856/3/6
f 18855/1/6 18825/1/6 18856/1/6
f 18825/3/6 18826/3/6 18856/3/6
f 18856/3/6 18827/3/6 18857/3/6
f 18827/2/6 18828/2/6 18858/2/6
f 18857/3/6 18827/3/6 18858/3/6
f 18828/1/6 18829/1/6 18859/1/6
f 18858/2/6 18828/2/6 18859/2/6
f 18829/1/6 18830/1/6 18859/1/6
f 18830/3/6 18831/3/6 18860/3/6
f 18859/1/6 18830/1/6 18860/1/6
f 18832/2/6 18833/2/6 18861/2/6
f 18860/3/6 18831/3/6 18861/3/6
f 18831/2/6 18832/2/6 18861/2/6
f 18861/2/6 18833/2/6 18862/2/6
f 18833/3/6 18802/3/6 18863/3/6
f 18862/2/6 18833/2/6 18863/2/6
f 18802/2/6 18834/2/6 18864/2/6
f 18863/3/6 18802/3/6 18864/3/6
f 18834/3/6 18835/3/6 18865/3/6
f 18864/2/6 18834/2/6 18865/2/6
f 18835/1/6 18836/1/6 18866/1/6
f 18865/3/6 18835/3/6 18866/3/6
f 18836/2/6 18837/2/6 18867/2/6
f 18866/1/6 18836/1/6 18867/1/6
f 18837/1/6 18838/1/6 18868/1/6
f 18867/2/6 18837/2/6 18868/2/6
f 18838/2/6 18839/2/6 18869/2/6
f 18868/1/6 18838/1/6 18869/1/6
f 18839/1/6 18840/1/6 18870/1/6
f 18869/2/6 18839/2/6 18870/2/6
f 18870/1/6 18840/1/6 18871/1/6
f 18840/3/6 18841/3/6 18872/3/6
f 18871/1/6 18840/1/6 18872/1/6
f 18841/2/6 18842/2/6 18873/2/6
f 18872/3/6 18841/3/6 18873/3/6
f 18842/3/6 18843/3/6 18874/3/6
f 18873/2/6 18842/2/6 18874/2/6
f 18874/3/6 18843/3/6 18875/3/6
f 18875/3/6 18843/3/6 18876/3/6
f 18844/3/6 18845/3/6 18877/3/6
f 18845/3/6 18846/3/6 18877/3/6
f 18877/3/6 18846/3/6 18878/3/6
f 18846/2/6 18847/2/6 18879/2/6
f 18878/3/6 18846/3/6 18879/3/6
f 18847/3/6 18848/3/6 18880/3/6
f 18879/2/6 18847/2/6 18880/2/6
f 18849/1/6 18850/1/6 18881/1/6
f 18880/3/6 18848/3/6 18881/3/6
f 18848/1/6 18849/1/6 18881/1/6
f 18881/1/6 18850/1/6 18882/1/6
f 18850/3/6 18851/3/6 18883/3/6
f 18882/1/6 18850/1/6 18883/1/6
f 18851/2/6 18852/2/6 18884/2/6
f 18883/3/6 18851/3/6 18884/3/6
f 18853/2/6 18854/2/6 18885/2/6
f 18852/3/6 18853/3/6 18885/3/6
f 18854/1/6 18855/1/6 18886/1/6
f 18885/2/6 18854/2/6 18886/2/6
f 18855/3/6 18856/3/6 18887/3/6
f 18886/1/6 18855/1/6 18887/1/6
f 18856/2/6 18857/2/6 18888/2/6
f 18857/3/6 18858/3/6 18888/3/6
f 18858/1/6 18859/1/6 18889/1/6
f 18888/3/6 18858/3/6 18889/3/6
f 18859/2/6 18860/2/6 18890/2/6
f 18889/1/6 18859/1/6 18890/1/6
f 18890/2/6 18860/2/6 18891/2/6
f 18860/1/6 18861/1/6 18892/1/6
f 18891/2/6 18860/2/6 18892/2/6
f 18861/2/6 18862/2/6 18893/2/6
f 18892/1/6 18861/1/6 18893/1/6
f 18862/3/6 18863/3/6 18894/3/6
f 18893/2/6 18862/2/6 18894/2/6
f 18863/1/6 18864/1/6 18895/1/6
f 18894/3/6 18863/3/6 18895/3/6
f 18865/2/6 18866/2/6 18896/2/6
f 18895/1/6 18864/1/6 18896/1/6
f 18866/2/6 18867/2/6 18896/2/6
f 18864/2/6 18865/2/6 18896/2/6
f 18896/2/6 18867/2/6 18897/2/6
f 18897/2/6 18867/2/6 18898/2/6
f 18868/1/6 18869/1/6 18899/1/6
f 18898/2/6 18867/2/6 18899/2/6
f 18867/1/6 18868/1/6 18899/1/6
f 18899/1/6 18869/1/6 18900/1/6
f 18870/3/6 18871/3/6 18901/3/6
f 18900/1/6 18869/1/6 18901/1/6
f 18869/3/6 18870/3/6 18901/3/6
f 18901/3/6 18871/3/6 18902/3/6
f 18871/1/6 18872/1/6 18903/1/6
f 18902/3/6 18871/3/6 18903/3/6
f 18872/2/6 18873/2/6 18904/2/6
f 18903/1/6 18872/1/6 18904/1/6
f 18875/3/6 18876/3/6 18905/3/6
f 18874/2/6 18875/2/6 18905/2/6
f 18905/3/6 18876/3/6 18906/3/6
f 18879/3/6 18880/3/6 18907/3/6
f 18878/3/6 18879/3/6 18907/3/6
f 18880/2/6 18881/2/6 18908/2/6
f 18907/3/6 18880/3/6 18908/3/6
f 18881/1/6 18882/1/6 18909/1/6
f 18882/3/6 18883/3/6 18909/3/6
f 18883/2/6 18884/2/6 18910/2/6
f 18909/3/6 18883/3/6 18910/3/6
f 18884/2/6 18852/2/6 18911/2/6
f 18910/2/6 18884/2/6 18911/2/6
f 18852/3/6 18885/3/6 18912/3/6
f 18911/2/6 18852/2/6 18912/2/6
f 18885/1/6 18886/1/6 18913/1/6
f 18912/3/6 18885/3/6 18913/3/6
f 18886/3/6 18887/3/6 18914/3/6
f 18913/1/6 18886/1/6 18914/1/6
f 18887/3/6 18856/3/6 18915/3/6
f 18914/3/6 18887/3/6 18915/3/6
f 18856/2/6 18888/2/6 18915/2/6
f 18888/1/6 18889/1/6 18916/1/6
f 18915/2/6 18888/2/6 18916/2/6
f 18889/2/6 18890/2/6 18917/2/6
f 18916/1/6 18889/1/6 18917/1/6
f 18890/2/6 18891/2/6 18917/2/6
f 18891/3/6 18892/3/6 18918/3/6
f 18917/2/6 18891/2/6 18918/2/6
f 18892/3/6 18893/3/6 18918/3/6
f 18893/3/6 18894/3/6 18918/3/6
f 18918/3/6 18894/3/6 18919/3/6
f 18894/2/6 18895/2/6 18920/2/6
f 18919/3/6 18894/3/6 18920/3/6
f 18895/2/6 18896/2/6 18920/2/6
f 18920/2/6 18896/2/6 18921/2/6
f 18896/3/6 18897/3/6 18922/3/6
f 18921/2/6 18896/2/6 18922/2/6
f 18897/1/6 18898/1/6 18923/1/6
f 18922/3/6 18897/3/6 18923/3/6
f 18899/2/6 18900/2/6 18924/2/6
f 18923/1/6 18898/1/6 18924/1/6
f 18898/2/6 18899/2/6 18924/2/6
f 18924/2/6 18900/2/6 18925/2/6
f 18900/1/6 18901/1/6 18926/1/6
f 18925/2/6 18900/2/6 18926/2/6
f 18901/2/6 18902/2/6 18927/2/6
f 18926/1/6 18901/1/6 18927/1/6
f 18902/1/6 18903/1/6 18928/1/6
f 18927/2/6 18902/2/6 18928/2/6
f 18903/2/6 18904/2/6 18929/2/6
f 18928/1/6 18903/1/6 18929/1/6
f 18904/2/6 18873/2/6 18930/2/6
f 18929/2/6 18904/2/6 18930/2/6
f 18873/3/6 18874/3/6 18931/3/6
f 18930/2/6 18873/2/6 18931/2/6
f 18874/2/6 18905/2/6 18932/2/6
f 18931/3/6 18874/3/6 18932/3/6
f 18905/1/6 18906/1/6 18933/1/6
f 18932/2/6 18905/2/6 18933/2/6
f 18933/1/6 18906/1/6 18934/1/6
f 18877/2/6 18878/2/6 18935/2/6
f 18878/3/6 18907/3/6 18936/3/6
f 18935/2/6 18878/2/6 18936/2/6
f 18907/2/6 18908/2/6 18937/2/6
f 18936/3/6 18907/3/6 18937/3/6
f 18908/2/6 18881/2/6 18938/2/6
f 18937/2/6 18908/2/6 18938/2/6
f 18910/1/6 18911/1/6 18939/1/6
f 18938/2/6 18881/2/6 18939/2/6
f 18909/1/6 18910/1/6 18939/1/6
f 18881/1/6 18909/1/6 18939/1/6
f 18939/1/6 18911/1/6 18940/1/6
f 18912/3/6 18913/3/6 18941/3/6
f 18940/1/6 18911/1/6 18941/1/6
f 18911/3/6 18912/3/6 18941/3/6
f 18941/3/6 18913/3/6 18942/3/6
f 18913/2/6 18914/2/6 18943/2/6
f 18942/3/6 18913/3/6 18943/3/6
f 18914/3/6 18915/3/6 18944/3/6
f 18943/2/6 18914/2/6 18944/2/6
f 18944/3/6 18915/3/6 18945/3/6
f 18916/1/6 18917/1/6 18946/1/6
f 18945/3/6 18915/3/6 18946/3/6
f 18915/1/6 18916/1/6 18946/1/6
f 18946/1/6 18917/1/6 18947/1/6
f 18918/3/6 18919/3/6 18948/3/6
f 18947/1/6 18917/1/6 18948/1/6
f 18917/3/6 18918/3/6 18948/3/6
f 18948/3/6 18919/3/6 18949/3/6
f 18919/1/6 18920/1/6 18950/1/6
f 18949/3/6 18919/3/6 18950/3/6
f 18950/1/6 18920/1/6 18951/1/6
f 18920/3/6 18921/3/6 18952/3/6
f 18951/1/6 18920/1/6 18952/1/6
f 18921/1/6 18922/1/6 18953/1/6
f 18952/3/6 18921/3/6 18953/3/6
f 18922/1/6 18923/1/6 18953/1/6
f 18923/3/6 18924/3/6 18954/3/6
f 18953/1/6 18923/1/6 18954/1/6
f 18924/2/6 18925/2/6 18955/2/6
f 18954/3/6 18924/3/6 18955/3/6
f 18925/1/6 18926/1/6 18956/1/6
f 18955/2/6 18925/2/6 18956/2/6
f 18926/2/6 18927/2/6 18957/2/6
f 18956/1/6 18926/1/6 18957/1/6
f 18928/3/6 18929/3/6 18958/3/6
f 18957/2/6 18927/2/6 18958/2/6
f 18927/3/6 18928/3/6 18958/3/6
f 18958/3/6 18929/3/6 18959/3/6
f 18929/1/6 18930/1/6 18960/1/6
f 18959/3/6 18929/3/6 18960/3/6
f 18930/2/6 18931/2/6 18961/2/6
f 18960/1/6 18930/1/6 18961/1/6
f 18931/2/6 18932/2/6 18961/2/6
f 18961/2/6 18932/2/6 18962/2/6
f 18932/3/6 18933/3/6 18963/3/6
f 18962/2/6 18932/2/6 18963/2/6
f 18936/2/6 18937/2/6 18964/2/6
f 18935/2/6 18936/2/6 18964/2/6
f 18964/2/6 18937/2/6 18965/2/6
f 18937/1/6 18938/1/6 18966/1/6
f 18965/2/6 18937/2/6 18966/2/6
f 18938/3/6 18939/3/6 18967/3/6
f 18966/1/6 18938/1/6 18967/1/6
f 18939/1/6 18940/1/6 18968/1/6
f 18967/3/6 18939/3/6 18968/3/6
f 18940/2/6 18941/2/6 18969/2/6
f 18968/1/6 18940/1/6 18969/1/6
f 18969/2/6 18941/2/6 18970/2/6
f 18941/3/6 18942/3/6 18971/3/6
f 18970/2/6 18941/2/6 18971/2/6
f 18942/1/6 18943/1/6 18972/1/6
f 18971/3/6 18942/3/6 18972/3/6
f 18944/3/6 18945/3/6 18973/3/6
f 18972/1/6 18943/1/6 18973/1/6
f 18943/3/6 18944/3/6 18973/3/6
f 18945/1/6 18946/1/6 18974/1/6
f 18973/3/6 18945/3/6 18974/3/6
f 18946/3/6 18947/3/6 18975/3/6
f 18974/1/6 18946/1/6 18975/1/6
f 18947/2/6 18948/2/6 18976/2/6
f 18975/3/6 18947/3/6 18976/3/6
f 18948/2/6 18949/2/6 18976/2/6
f 18949/1/6 18950/1/6 18977/1/6
f 18976/2/6 18949/2/6 18977/2/6
f 18950/3/6 18951/3/6 18978/3/6
f 18977/1/6 18950/1/6 18978/1/6
f 18951/2/6 18952/2/6 18979/2/6
f 18978/3/6 18951/3/6 18979/3/6
f 18952/1/6 18953/1/6 18980/1/6
f 18979/2/6 18952/2/6 18980/2/6
f 18953/2/6 18954/2/6 18981/2/6
f 18980/1/6 18953/1/6 18981/1/6
f 18954/3/6 18955/3/6 18982/3/6
f 18981/2/6 18954/2/6 18982/2/6
f 18955/1/6 18956/1/6 18983/1/6
f 18982/3/6 18955/3/6 18983/3/6
f 18957/2/6 18958/2/6 18984/2/6
f 18983/1/6 18956/1/6 18984/1/6
f 18956/2/6 18957/2/6 18984/2/6
f 18984/2/6 18958/2/6 18985/2/6
f 18959/2/6 18960/2/6 18986/2/6
f 18958/1/6 18959/1/6 18986/1/6
f 18961/3/6 18962/3/6 18987/3/6
f 18986/2/6 18960/2/6 18987/2/6
f 18960/3/6 18961/3/6 18987/3/6
f 18987/3/6 18962/3/6 18988/3/6
f 18962/1/6 18963/1/6 18989/1/6
f 18988/3/6 18962/3/6 18989/3/6
f 18963/3/6 18933/3/6 18990/3/6
f 18989/1/6 18963/1/6 18990/1/6
f 18933/2/6 18934/2/6 18991/2/6
f 18990/3/6 18933/3/6 18991/3/6
f 18991/2/6 18934/2/6 18992/2/6
f 18964/2/6 18965/2/6 18993/2/6
f 18965/1/6 18966/1/6 18994/1/6
f 18993/2/6 18965/2/6 18994/2/6
f 18966/3/6 18967/3/6 18995/3/6
f 18994/1/6 18966/1/6 18995/1/6
f 18967/1/6 18968/1/6 18996/1/6
f 18995/3/6 18967/3/6 18996/3/6
f 18968/3/6 18969/3/6 18997/3/6
f 18996/1/6 18968/1/6 18997/1/6
f 18969/1/6 18970/1/6 18998/1/6
f 18997/3/6 18969/3/6 18998/3/6
f 18970/2/6 18971/2/6 18999/2/6
f 18998/1/6 18970/1/6 18999/1/6
f 18971/1/6 18972/1/6 19000/1/6
f 18999/2/6 18971/2/6 19000/2/6
f 18972/1/6 18973/1/6 19000/1/6
f 19000/1/6 18973/1/6 19001/1/6
f 18973/2/6 18974/2/6 19002/2/6
f 19001/1/6 18973/1/6 19002/1/6
f 19002/2/6 18974/2/6 19003/2/6
f 18974/1/6 18975/1/6 19004/1/6
f 19003/2/6 18974/2/6 19004/2/6
f 18975/2/6 18976/2/6 19005/2/6
f 19004/1/6 18975/1/6 19005/1/6
f 18976/1/6 18977/1/6 19006/1/6
f 19005/2/6 18976/2/6 19006/2/6
f 19006/1/6 18977/1/6 19007/1/6
f 19007/1/6 18977/1/6 19008/1/6
f 18979/3/6 18980/3/6 19009/3/6
f 18980/2/6 18981/2/6 19010/2/6
f 19009/3/6 18980/3/6 19010/3/6
f 18982/3/6 18983/3/6 19011/3/6
f 19010/2/6 18981/2/6 19011/2/6
f 18981/3/6 18982/3/6 19011/3/6
f 19011/3/6 18983/3/6 19012/3/6
f 18983/2/6 18984/2/6 19013/2/6
f 19012/3/6 18983/3/6 19013/3/6
f 18984/3/6 18985/3/6 19014/3/6
f 19013/2/6 18984/2/6 19014/2/6
f 18985/2/6 18958/2/6 19015/2/6
f 19014/3/6 18985/3/6 19015/3/6
f 18958/1/6 18986/1/6 19016/1/6
f 19015/2/6 18958/2/6 19016/2/6
f 18987/1/6 18988/1/6 19016/1/6
f 18986/1/6 18987/1/6 19016/1/6
f 19016/1/6 18988/1/6 19017/1/6
f 19017/1/6 18988/1/6 19018/1/6
f 18989/2/6 18990/2/6 19019/2/6
f 19018/1/6 18988/1/6 19019/1/6
f 18988/2/6 18989/2/6 19019/2/6
f 18990/2/6 18991/2/6 19019/2/6
f 19019/2/6 18991/2/6 19020/2/6
f 19020/2/6 18991/2/6 19021/2/6
f 18991/3/6 18992/3/6 19022/3/6
f 19021/2/6 18991/2/6 19022/2/6
f 19022/3/6 18992/3/6 19023/3/6
f 18993/1/6 18994/1/6 19024/1/6
f 18994/3/6 18995/3/6 19025/3/6
f 19024/1/6 18994/1/6 19025/1/6
f 18995/1/6 18996/1/6 19026/1/6
f 19025/3/6 18995/3/6 19026/3/6
f 18996/3/6 18997/3/6 19027/3/6
f 19026/1/6 18996/1/6 19027/1/6
f 18998/1/6 18999/1/6 19028/1/6
f 19027/3/6 18997/3/6 19028/3/6
f 18997/1/6 18998/1/6 19028/1/6
f 18999/3/6 19000/3/6 19029/3/6
f 19028/1/6 18999/1/6 19029/1/6
f 19000/2/6 19001/2/6 19030/2/6
f 19029/3/6 19000/3/6 19030/3/6
f 19002/3/6 19003/3/6 19031/3/6
f 19030/2/6 19001/2/6 19031/2/6
f 19001/3/6 19002/3/6 19031/3/6
f 19031/3/6 19003/3/6 19032/3/6
f 19003/1/6 19004/1/6 19033/1/6
f 19032/3/6 19003/3/6 19033/3/6
f 19004/3/6 19005/3/6 19034/3/6
f 19033/1/6 19004/1/6 19034/1/6
f 19006/2/6 19007/2/6 19035/2/6
f 19034/3/6 19005/3/6 19035/3/6
f 19005/2/6 19006/2/6 19035/2/6
f 19035/2/6 19007/2/6 19036/2/6
f 19007/3/6 19008/3/6 19037/3/6
f 19036/2/6 19007/2/6 19037/2/6
f 19008/1/6 18977/1/6 19038/1/6
f 19037/3/6 19008/3/6 19038/3/6
f 19038/1/6 18977/1/6 19039/1/6
f 19009/2/6 19010/2/6 19041/2/6
f 19010/1/6 19011/1/6 19042/1/6
f 19041/2/6 19010/2/6 19042/2/6
f 19011/2/6 19012/2/6 19043/2/6
f 19042/1/6 19011/1/6 19043/1/6
f 19013/1/6 19014/1/6 19044/1/6
f 19014/2/6 19015/2/6 19044/2/6
f 19015/3/6 19016/3/6 19045/3/6
f 19044/2/6 19015/2/6 19045/2/6
f 19016/1/6 19017/1/6 19046/1/6
f 19045/3/6 19016/3/6 19046/3/6
f 19017/2/6 19018/2/6 19047/2/6
f 19046/1/6 19017/1/6 19047/1/6
f 19018/3/6 19019/3/6 19048/3/6
f 19047/2/6 19018/2/6 19048/2/6
f 19019/1/6 19020/1/6 19049/1/6
f 19048/3/6 19019/3/6 19049/3/6
f 19022/3/6 19023/3/6 19050/3/6
f 19025/1/6 19026/1/6 19051/1/6
f 19026/1/6 19027/1/6 19051/1/6
f 19024/1/6 19025/1/6 19051/1/6
f 19051/1/6 19027/1/6 19052/1/6
f 19027/2/6 19028/2/6 19053/2/6
f 19052/1/6 19027/1/6 19053/1/6
f 19028/3/6 19029/3/6 19054/3/6
f 19053/2/6 19028/2/6 19054/2/6
f 19031/3/6 19032/3/6 19054/3/6
f 19029/3/6 19030/3/6 19054/3/6
f 19030/3/6 19031/3/6 19054/3/6
f 19054/3/6 19032/3/6 19055/3/6
f 19055/3/6 19032/3/6 19056/3/6
f 19032/1/6 19033/1/6 19057/1/6
f 19056/3/6 19032/3/6 19057/3/6
f 19033/2/6 19034/2/6 19058/2/6
f 19057/1/6 19033/1/6 19058/1/6
f 19035/2/6 19036/2/6 19058/2/6
f 19034/2/6 19035/2/6 19058/2/6
f 19058/2/6 19036/2/6 19059/2/6
f 19059/2/6 19036/2/6 19060/2/6
f 19036/1/6 19037/1/6 19061/1/6
f 19037/2/6 19038/2/6 19061/2/6
f 19038/1/6 19039/1/6 19062/1/6
f 19061/2/6 19038/2/6 19062/2/6
f 19039/3/6 19040/3/6 19063/3/6
f 19062/1/6 19039/1/6 19063/1/6
f 19040/1/6 19041/1/6 19064/1/6
f 19063/3/6 19040/3/6 19064/3/6
f 19042/3/6 19043/3/6 19065/3/6
f 19064/1/6 19041/1/6 19065/1/6
f 19041/3/6 19042/3/6 19065/3/6
f 19065/3/6 19043/3/6 19066/3/6
f 19043/2/6 19012/2/6 19067/2/6
f 19066/3/6 19043/3/6 19067/3/6
f 19012/3/6 19013/3/6 19068/3/6
f 19067/2/6 19012/2/6 19068/2/6
f 19068/3/6 19013/3/6 19069/3/6
f 19013/1/6 19044/1/6 19070/1/6
f 19069/3/6 19013/3/6 19070/3/6
f 19045/3/6 19046/3/6 19071/3/6
f 19070/1/6 19044/1/6 19071/1/6
f 19044/3/6 19045/3/6 19071/3/6
f 19046/3/6 19047/3/6 19071/3/6
f 19047/3/6 19048/3/6 19071/3/6
f 19071/3/6 19048/3/6 19072/3/6
f 19072/3/6 19048/3/6 19073/3/6
f 19048/2/6 19049/2/6 19074/2/6
f 19073/3/6 19048/3/6 19074/3/6
f 19049/1/6 19020/1/6 19075/1/6
f 19074/2/6 19049/2/6 19075/2/6
f 19020/2/6 19021/2/6 19076/2/6
f 19075/1/6 19020/1/6 19076/1/6
f 19021/1/6 19022/1/6 19077/1/6
f 19076/2/6 19021/2/6 19077/2/6
f 19022/3/6 19050/3/6 19078/3/6
f 19077/1/6 19022/1/6 19078/1/6
f 19078/3/6 19050/3/6 19079/3/6
f 19051/2/6 19052/2/6 19080/2/6
f 19052/1/6 19053/1/6 19081/1/6
f 19080/2/6 19052/2/6 19081/2/6
f 19054/2/6 19055/2/6 19082/2/6
f 19053/3/6 19054/3/6 19082/3/6
f 19082/2/6 19055/2/6 19083/2/6
f 19055/1/6 19056/1/6 19084/1/6
f 19083/2/6 19055/2/6 19084/2/6
f 19056/3/6 19057/3/6 19085/3/6
f 19084/1/6 19056/1/6 19085/1/6
f 19058/2/6 19059/2/6 19086/2/6
f 19085/3/6 19057/3/6 19086/3/6
f 19057/2/6 19058/2/6 19086/2/6
f 19086/2/6 19059/2/6 19087/2/6
f 19059/1/6 19060/1/6 19088/1/6
f 19087/2/6 19059/2/6 19088/2/6
f 19060/2/6 19036/2/6 19089/2/6
f 19088/1/6 19060/1/6 19089/1/6
f 19036/1/6 19061/1/6 19090/1/6
f 19089/2/6 19036/2/6 19090/2/6
f 19061/3/6 19062/3/6 19091/3/6
f 19090/1/6 19061/1/6 19091/1/6
f 19062/1/6 19063/1/6 19092/1/6
f 19091/3/6 19062/3/6 19092/3/6
f 19063/2/6 19064/2/6 19093/2/6
f 19092/1/6 19063/1/6 19093/1/6
f 19065/3/6 19066/3/6 19094/3/6
f 19093/2/6 19064/2/6 19094/2/6
f 19064/3/6 19065/3/6 19094/3/6
f 19094/3/6 19066/3/6 19095/3/6
f 19066/2/6 19067/2/6 19096/2/6
f 19095/3/6 19066/3/6 19096/3/6
f 19067/3/6 19068/3/6 19097/3/6
f 19096/2/6 19067/2/6 19097/2/6
f 19068/1/6 19069/1/6 19098/1/6
f 19097/3/6 19068/3/6 19098/3/6
f 19069/3/6 19070/3/6 19099/3/6
f 19098/1/6 19069/1/6 19099/1/6
f 19070/2/6 19071/2/6 19100/2/6
f 19099/3/6 19070/3/6 19100/3/6
f 19071/2/6 19072/2/6 19100/2/6
f 19100/2/6 19072/2/6 19101/2/6
f 19072/1/6 19073/1/6 19102/1/6
f 19101/2/6 19072/2/6 19102/2/6
f 19073/2/6 19074/2/6 19103/2/6
f 19102/1/6 19073/1/6 19103/1/6
f 19103/2/6 19074/2/6 19104/2/6
f 19074/1/6 19075/1/6 19105/1/6
f 19104/2/6 19074/2/6 19105/2/6
f 19076/3/6 19077/3/6 19106/3/6
f 19077/3/6 19078/3/6 19106/3/6
f 19078/1/6 19079/1/6 19107/1/6
f 19106/3/6 19078/3/6 19107/3/6
f 19107/1/6 19079/1/6 19108/1/6
f 19080/3/6 19081/3/6 19109/3/6
f 19081/1/6 19053/1/6 19110/1/6
f 19109/3/6 19081/3/6 19110/3/6
f 19082/3/6 19083/3/6 19111/3/6
f 19110/1/6 19053/1/6 19111/1/6
f 19053/3/6 19082/3/6 19111/3/6
f 19111/3/6 19083/3/6 19112/3/6
f 19083/1/6 19084/1/6 19113/1/6
f 19112/3/6 19083/3/6 19113/3/6
f 19084/2/6 19085/2/6 19114/2/6
f 19113/1/6 19084/1/6 19114/1/6
f 19085/1/6 19086/1/6 19115/1/6
f 19086/1/6 19087/1/6 19115/1/6
f 19115/1/6 19087/1/6 19116/1/6
f 19087/3/6 19088/3/6 19117/3/6
f 19116/1/6 19087/1/6 19117/1/6
f 19088/2/6 19089/2/6 19118/2/6
f 19117/3/6 19088/3/6 19118/3/6
f 19089/3/6 19090/3/6 19119/3/6
f 19118/2/6 19089/2/6 19119/2/6
f 19090/3/6 19091/3/6 19119/3/6
f 19119/3/6 19091/3/6 19120/3/6
f 19091/2/6 19092/2/6 19121/2/6
f 19120/3/6 19091/3/6 19121/3/6
f 19092/3/6 19093/3/6 19122/3/6
f 19121/2/6 19092/2/6 19122/2/6
f 19093/2/6 19094/2/6 19123/2/6
f 19122/3/6 19093/3/6 19123/3/6
f 19094/1/6 19095/1/6 19124/1/6
f 19123/2/6 19094/2/6 19124/2/6
f 19097/3/6 19098/3/6 19125/3/6
f 19124/1/6 19095/1/6 19125/1/6
f 19095/3/6 19096/3/6 19125/3/6
f 19096/3/6 19097/3/6 19125/3/6
f 19125/3/6 19098/3/6 19126/3/6
f 19126/3/6 19098/3/6 19127/3/6
f 19100/2/6 19101/2/6 19128/2/6
f 19127/3/6 19098/3/6 19128/3/6
f 19098/2/6 19099/2/6 19128/2/6
f 19099/2/6 19100/2/6 19128/2/6
f 19128/2/6 19101/2/6 19129/2/6
f 19101/1/6 19102/1/6 19130/1/6
f 19129/2/6 19101/2/6 19130/2/6
f 19103/2/6 19104/2/6 19131/2/6
f 19130/1/6 19102/1/6 19131/1/6
f 19102/2/6 19103/2/6 19131/2/6
f 19131/2/6 19104/2/6 19132/2/6
f 19105/1/6 19075/1/6 19133/1/6
f 19075/2/6 19076/2/6 19133/2/6
f 19076/3/6 19106/3/6 19134/3/6
f 19133/2/6 19076/2/6 19134/2/6
f 19106/2/6 19107/2/6 19135/2/6
f 19134/3/6 19106/3/6 19135/3/6
f 19107/3/6 19108/3/6 19136/3/6
f 19135/2/6 19107/2/6 19136/2/6
f 19136/3/6 19108/3/6 19137/3/6
f 19110/3/6 19111/3/6 19138/3/6
f 19138/3/6 19111/3/6 19139/3/6
f 19112/2/6 19113/2/6 19140/2/6
f 19113/3/6 19114/3/6 19141/3/6
f 19140/2/6 19113/2/6 19141/2/6
f 19114/2/6 19085/2/6 19142/2/6
f 19141/3/6 19114/3/6 19142/3/6
f 19085/1/6 19115/1/6 19143/1/6
f 19115/3/6 19116/3/6 19143/3/6
f 19117/2/6 19118/2/6 19144/2/6
f 19143/3/6 19116/3/6 19144/3/6
f 19116/2/6 19117/2/6 19144/2/6
f 19144/2/6 19118/2/6 19145/2/6
f 19118/1/6 19119/1/6 19146/1/6
f 19145/2/6 19118/2/6 19146/2/6
f 19123/1/6 19124/1/6 19147/1/6
f 19120/1/6 19121/1/6 19147/1/6
f 19119/2/6 19120/2/6 19147/2/6
f 19122/1/6 19123/1/6 19147/1/6
f 19121/1/6 19122/1/6 19147/1/6
f 19147/1/6 19124/1/6 19148/1/6
f 19148/1/6 19124/1/6 19149/1/6
f 19149/1/6 19124/1/6 19150/1/6
f 19125/2/6 19126/2/6 19151/2/6
f 19150/1/6 19124/1/6 19151/1/6
f 19124/2/6 19125/2/6 19151/2/6
f 19151/2/6 19126/2/6 19152/2/6
f 19126/3/6 19127/3/6 19153/3/6
f 19152/2/6 19126/2/6 19153/2/6
f 19127/2/6 19128/2/6 19154/2/6
f 19153/3/6 19127/3/6 19154/3/6
f 19128/1/6 19129/1/6 19155/1/6
f 19154/2/6 19128/2/6 19155/2/6
f 19155/1/6 19129/1/6 19156/1/6
f 19129/2/6 19130/2/6 19157/2/6
f 19156/1/6 19129/1/6 19157/1/6
f 19130/3/6 19131/3/6 19158/3/6
f 19157/2/6 19130/2/6 19158/2/6
f 19131/3/6 19132/3/6 19158/3/6
f 19158/3/6 19132/3/6 19159/3/6
f 19132/2/6 19104/2/6 19160/2/6
f 19159/3/6 19132/3/6 19160/3/6
f 19104/3/6 19105/3/6 19161/3/6
f 19160/2/6 19104/2/6 19161/2/6
f 19105/1/6 19133/1/6 19162/1/6
f 19161/3/6 19105/3/6 19162/3/6
f 19133/3/6 19134/3/6 19163/3/6
f 19162/1/6 19133/1/6 19163/1/6
f 19163/3/6 19134/3/6 19164/3/6
f 19135/2/6 19136/2/6 19165/2/6
f 19165/2/6 19136/2/6 19166/2/6
f 19139/2/6 19140/2/6 19167/2/6
f 19140/3/6 19141/3/6 19168/3/6
f 19167/2/6 19140/2/6 19168/2/6
f 19141/2/6 19142/2/6 19169/2/6
f 19168/3/6 19141/3/6 19169/3/6
f 19142/2/6 19085/2/6 19170/2/6
f 19169/2/6 19142/2/6 19170/2/6
f 19085/1/6 19143/1/6 19171/1/6
f 19170/2/6 19085/2/6 19171/2/6
f 19143/2/6 19144/2/6 19172/2/6
f 19171/1/6 19143/1/6 19172/1/6
f 19144/3/6 19145/3/6 19173/3/6
f 19172/2/6 19144/2/6 19173/2/6
f 19145/1/6 19146/1/6 19174/1/6
f 19173/3/6 19145/3/6 19174/3/6
f 19146/1/6 19119/1/6 19175/1/6
f 19174/1/6 19146/1/6 19175/1/6
f 19119/2/6 19147/2/6 19175/2/6
f 19147/3/6 19148/3/6 19176/3/6
f 19175/2/6 19147/2/6 19176/2/6
f 19148/2/6 19149/2/6 19177/2/6
f 19176/3/6 19148/3/6 19177/3/6
f 19149/1/6 19150/1/6 19178/1/6
f 19177/2/6 19149/2/6 19178/2/6
f 19151/2/6 19152/2/6 19179/2/6
f 19178/1/6 19150/1/6 19179/1/6
f 19150/2/6 19151/2/6 19179/2/6
f 19152/3/6 19153/3/6 19180/3/6
f 19179/2/6 19152/2/6 19180/2/6
f 19153/2/6 19154/2/6 19181/2/6
f 19180/3/6 19153/3/6 19181/3/6
f 19155/1/6 19156/1/6 19182/1/6
f 19181/2/6 19154/2/6 19182/2/6
f 19154/1/6 19155/1/6 19182/1/6
f 19156/2/6 19157/2/6 19183/2/6
f 19182/1/6 19156/1/6 19183/1/6
f 19158/1/6 19159/1/6 19184/1/6
f 19183/2/6 19157/2/6 19184/2/6
f 19157/1/6 19158/1/6 19184/1/6
f 19184/1/6 19159/1/6 19185/1/6
f 19159/2/6 19160/2/6 19186/2/6
f 19185/1/6 19159/1/6 19186/1/6
f 19160/1/6 19161/1/6 19187/1/6
f 19186/2/6 19160/2/6 19187/2/6
f 19161/2/6 19162/2/6 19188/2/6
f 19187/1/6 19161/1/6 19188/1/6
f 19162/1/6 19163/1/6 19189/1/6
f 19188/2/6 19162/2/6 19189/2/6
f 19163/2/6 19164/2/6 19190/2/6
f 19189/1/6 19163/1/6 19190/1/6
f 19164/1/6 19165/1/6 19191/1/6
f 19190/2/6 19164/2/6 19191/2/6
f 19191/1/6 19165/1/6 19192/1/6
f 19193/1/6 19194/1/6 19195/1/6
f 19195/1/6 19194/1/6 19196/1/6
f 19195/2/6 19196/2/6 19197/2/6
f 19197/2/6 19196/2/6 19198/2/6
f 19199/1/6 19200/1/6 19201/1/6
f 19201/1/6 19200/1/6 19202/1/6
f 19203/2/6 19204/2/6 19205/2/6
f 19205/2/6 19204/2/6 19206/2/6
f 19207/2/6 19208/2/6 19211/2/6
f 19208/3/6 19209/3/6 19212/3/6
f 19211/2/6 19208/2/6 19212/2/6
f 19209/2/6 19210/2/6 19213/2/6
f 19212/3/6 19209/3/6 19213/3/6
f 19211/3/6 19212/3/6 19217/3/6
f 19212/1/6 19213/1/6 19218/1/6
f 19217/3/6 19212/3/6 19218/3/6
f 19213/2/6 19210/2/6 19219/2/6
f 19218/1/6 19213/1/6 19219/1/6
f 19219/2/6 19210/2/6 19220/2/6
f 19214/2/6 19215/2/6 19221/2/6
f 19221/2/6 19215/2/6 19222/2/6
f 19216/2/6 19217/2/6 19223/2/6
f 19217/1/6 19218/1/6 19224/1/6
f 19223/2/6 19217/2/6 19224/2/6
f 19221/1/6 19222/1/6 19225/1/6
f 19220/1/6 19221/1/6 19225/1/6
f 19225/1/6 19222/1/6 19226/1/6
f 19223/3/6 19224/3/6 19227/3/6
f 19224/1/6 19218/1/6 19228/1/6
f 19227/3/6 19224/3/6 19228/3/6
f 19228/1/6 19218/1/6 19229/1/6
f 19219/3/6 19220/3/6 19230/3/6
f 19220/1/6 19225/1/6 19231/1/6
f 19230/3/6 19220/3/6 19231/3/6
f 19225/3/6 19226/3/6 19232/3/6
f 19231/1/6 19225/1/6 19233/1/6
f 19225/3/6 19232/3/6 19234/3/6
f 19233/1/6 19225/1/6 19234/1/6
f 19234/3/6 19232/3/6 19235/3/6
f 19227/1/6 19228/1/6 19238/1/6
f 19238/1/6 19228/1/6 19239/1/6
f 19234/2/6 19235/2/6 19240/2/6
f 19233/2/6 19234/2/6 19240/2/6
f 19235/2/6 19236/2/6 19240/2/6
f 19240/2/6 19236/2/6 19241/2/6
f 19241/2/6 19236/2/6 19242/2/6
f 19242/2/6 19236/2/6 19243/2/6
f 19237/2/6 19238/2/6 19245/2/6
f 19245/2/6 19238/2/6 19246/2/6
f 19241/3/6 19242/3/6 19247/3/6
f 19242/1/6 19243/1/6 19248/1/6
f 19247/3/6 19242/3/6 19248/3/6
f 19248/1/6 19243/1/6 19249/1/6
f 19245/1/6 19246/1/6 19251/1/6
f 19244/1/6 19245/1/6 19251/1/6
f 19251/1/6 19246/1/6 19252/1/6
f 19252/1/6 19246/1/6 19253/1/6
f 19247/2/6 19248/2/6 19254/2/6
f 19248/3/6 19249/3/6 19255/3/6
f 19254/2/6 19248/2/6 19255/2/6
f 19249/1/6 19250/1/6 19256/1/6
f 19255/3/6 19249/3/6 19256/3/6
f 19256/1/6 19250/1/6 19257/1/6
f 19251/3/6 19252/3/6 19260/3/6
f 19252/2/6 19253/2/6 19261/2/6
f 19260/3/6 19252/3/6 19261/3/6
f 19261/2/6 19253/2/6 19262/2/6
f 19255/2/6 19256/2/6 19263/2/6
f 19256/3/6 19257/3/6 19264/3/6
f 19263/2/6 19256/2/6 19264/2/6
f 19257/1/6 19258/1/6 19265/1/6
f 19264/3/6 19257/3/6 19265/3/6
f 19265/1/6 19258/1/6 19266/1/6
f 19259/3/6 19260/3/6 19268/3/6
f 19260/3/6 19261/3/6 19268/3/6
f 19268/3/6 19261/3/6 19269/3/6
f 19269/3/6 19261/3/6 19270/3/6
f 19263/3/6 19264/3/6 19271/3/6
f 19265/2/6 19266/2/6 19272/2/6
f 19271/3/6 19264/3/6 19272/3/6
f 19264/2/6 19265/2/6 19272/2/6
f 19272/2/6 19266/2/6 19273/2/6
f 19267/2/6 19268/2/6 19276/2/6
f 19268/3/6 19269/3/6 19277/3/6
f 19276/2/6 19268/2/6 19277/2/6
f 19269/1/6 19270/1/6 19278/1/6
f 19277/3/6 19269/3/6 19278/3/6
f 19272/2/6 19273/2/6 19279/2/6
f 19273/2/6 19274/2/6 19279/2/6
f 19279/2/6 19274/2/6 19280/2/6
f 19280/2/6 19274/2/6 19281/2/6
f 19275/3/6 19276/3/6 19283/3/6
f 19278/1/6 19270/1/6 19284/1/6
f 19277/2/6 19278/2/6 19284/2/6
f 19284/1/6 19270/1/6 19285/1/6
f 19272/2/6 19279/2/6 19286/2/6
f 19279/3/6 19280/3/6 19287/3/6
f 19286/2/6 19279/2/6 19287/2/6
f 19280/2/6 19281/2/6 19288/2/6
f 19287/3/6 19280/3/6 19288/3/6
f 19288/2/6 19281/2/6 19289/2/6
f 19282/2/6 19283/2/6 19290/2/6
f 19283/3/6 19276/3/6 19290/3/6
f 19276/1/6 19277/1/6 19291/1/6
f 19290/3/6 19276/3/6 19291/3/6
f 19287/3/6 19288/3/6 19292/3/6
f 19288/1/6 19289/1/6 19293/1/6
f 19292/3/6 19288/3/6 19293/3/6
f 19293/1/6 19289/1/6 19294/1/6
f 19282/2/6 19290/2/6 19297/2/6
f 19290/1/6 19291/1/6 19298/1/6
f 19297/2/6 19290/2/6 19298/2/6
f 19291/1/6 19277/1/6 19299/1/6
f 19298/1/6 19291/1/6 19299/1/6
f 19277/2/6 19284/2/6 19299/2/6
f 19299/2/6 19284/2/6 19300/2/6
f 19293/2/6 19294/2/6 19301/2/6
f 19294/3/6 19295/3/6 19301/3/6
f 19301/3/6 19295/3/6 19302/3/6
f 19296/2/6 19297/2/6 19304/2/6
f 19297/3/6 19298/3/6 19305/3/6
f 19304/2/6 19297/2/6 19305/2/6
f 19298/2/6 19299/2/6 19306/2/6
f 19305/3/6 19298/3/6 19306/3/6
f 19306/2/6 19299/2/6 19307/2/6
f 19307/2/6 19299/2/6 19308/2/6
f 19302/2/6 19303/2/6 19309/2/6
f 19301/2/6 19302/2/6 19309/2/6
f 19293/2/6 19301/2/6 19309/2/6
f 19309/2/6 19303/2/6 19310/2/6
f 19310/2/6 19303/2/6 19311/2/6
f 19311/2/6 19303/2/6 19312/2/6
f 19304/1/6 19305/1/6 19314/1/6
f 19305/2/6 19306/2/6 19315/2/6
f 19314/1/6 19305/1/6 19315/1/6
f 19306/3/6 19307/3/6 19316/3/6
f 19315/2/6 19306/2/6 19316/2/6
f 19307/1/6 19308/1/6 19317/1/6
f 19316/3/6 19307/3/6 19317/3/6
f 19317/1/6 19308/1/6 19318/1/6
f 19310/1/6 19311/1/6 19319/1/6
f 19311/3/6 19312/3/6 19320/3/6
f 19319/1/6 19311/1/6 19320/1/6
f 19320/3/6 19312/3/6 19321/3/6
f 19314/2/6 19315/2/6 19323/2/6
f 19313/2/6 19314/2/6 19323/2/6
f 19315/1/6 19316/1/6 19324/1/6
f 19323/2/6 19315/2/6 19324/2/6
f 19316/2/6 19317/2/6 19325/2/6
f 19324/1/6 19316/1/6 19325/1/6
f 19325/2/6 19317/2/6 19326/2/6
f 19320/3/6 19321/3/6 19327/3/6
f 19321/2/6 19322/2/6 19328/2/6
f 19327/3/6 19321/3/6 19328/3/6
f 19328/2/6 19322/2/6 19329/2/6
f 19323/1/6 19324/1/6 19330/1/6
f 19325/1/6 19326/1/6 19330/1/6
f 19324/1/6 19325/1/6 19330/1/6
f 19330/1/6 19326/1/6 19331/1/6
f 19331/1/6 19326/1/6 19332/1/6
f 19328/1/6 19329/1/6 19333/1/6
f 19327/1/6 19328/1/6 19333/1/6
f 19333/1/6 19329/1/6 19334/1/6
f 19334/1/6 19329/1/6 19335/1/6
f 19330/1/6 19331/1/6 19338/1/6
f 19338/1/6 19331/1/6 19339/1/6
f 19339/1/6 19331/1/6 19340/1/6
f 19334/1/6 19335/1/6 19341/1/6
f 19335/2/6 19336/2/6 19342/2/6
f 19341/1/6 19335/1/6 19342/1/6
f 19342/2/6 19336/2/6 19343/2/6
f 19337/2/6 19338/2/6 19344/2/6
f 19338/1/6 19339/1/6 19344/1/6
f 19339/2/6 19340/2/6 19345/2/6
f 19344/1/6 19339/1/6 19345/1/6
f 19340/1/6 19331/1/6 19346/1/6
f 19345/2/6 19340/2/6 19346/2/6
f 19346/1/6 19331/1/6 19347/1/6
f 19342/3/6 19343/3/6 19348/3/6
f 19348/3/6 19343/3/6 19349/3/6
f 19337/2/6 19344/2/6 19352/2/6
f 19344/3/6 19345/3/6 19353/3/6
f 19345/3/6 19346/3/6 19353/3/6
f 19352/2/6 19344/2/6 19353/2/6
f 19353/3/6 19346/3/6 19354/3/6
f 19354/3/6 19346/3/6 19355/3/6
f 19348/2/6 19349/2/6 19356/2/6
f 19349/1/6 19350/1/6 19357/1/6
f 19356/2/6 19349/2/6 19357/2/6
f 19357/1/6 19350/1/6 19358/1/6
f 19351/3/6 19352/3/6 19359/3/6
f 19352/2/6 19353/2/6 19360/2/6
f 19353/1/6 19354/1/6 19360/1/6
f 19360/1/6 19354/1/6 19361/1/6
f 19357/2/6 19358/2/6 19362/2/6
f 19362/2/6 19358/2/6 19363/2/6
f 19359/3/6 19352/3/6 19365/3/6
f 19352/2/6 19360/2/6 19366/2/6
f 19365/3/6 19352/3/6 19366/3/6
f 19366/2/6 19360/2/6 19367/2/6
f 19362/1/6 19363/1/6 19368/1/6
f 19363/2/6 19364/2/6 19369/2/6
f 19368/1/6 19363/1/6 19369/1/6
f 19369/2/6 19364/2/6 19370/2/6
f 19365/1/6 19366/1/6 19372/1/6
f 19372/1/6 19366/1/6 19373/1/6
f 19369/3/6 19370/3/6 19374/3/6
f 19371/3/6 19372/3/6 19376/3/6
f 19376/3/6 19372/3/6 19377/3/6
f 19369/3/6 19374/3/6 19378/3/6
f 19374/1/6 19375/1/6 19379/1/6
f 19378/3/6 19374/3/6 19379/3/6
f 19379/1/6 19375/1/6 19380/1/6
f 19378/2/6 19379/2/6 19381/2/6
f 19379/3/6 19380/3/6 19382/3/6
f 19381/2/6 19379/2/6 19382/2/6
f 19382/3/6 19380/3/6 19383/3/6
f 19384/2/6 19385/2/6 19388/2/6
f 19388/2/6 19385/2/6 19389/2/6
f 19386/1/6 19387/1/6 19394/1/6
f 19394/1/6 19387/1/6 19395/1/6
f 19388/1/6 19389/1/6 19397/1/6
f 19389/1/6 19390/1/6 19397/1/6
f 19397/1/6 19390/1/6 19398/1/6
f 19390/2/6 19391/2/6 19399/2/6
f 19392/1/6 19393/1/6 19400/1/6
f 19394/2/6 19395/2/6 19401/2/6
f 19400/1/6 19393/1/6 19401/1/6
f 19393/2/6 19394/2/6 19401/2/6
f 19401/2/6 19395/2/6 19402/2/6
f 19402/2/6 19395/2/6 19403/2/6
f 19396/1/6 19397/1/6 19404/1/6
f 19397/3/6 19398/3/6 19405/3/6
f 19404/1/6 19397/1/6 19405/1/6
f 19398/1/6 19390/1/6 19406/1/6
f 19405/3/6 19398/3/6 19406/3/6
f 19390/2/6 19399/2/6 19407/2/6
f 19406/1/6 19390/1/6 19407/1/6
f 19407/2/6 19399/2/6 19408/2/6
f 19400/2/6 19401/2/6 19409/2/6
f 19401/3/6 19402/3/6 19410/3/6
f 19409/2/6 19401/2/6 19410/2/6
f 19402/1/6 19403/1/6 19411/1/6
f 19410/3/6 19402/3/6 19411/3/6
f 19411/1/6 19403/1/6 19412/1/6
f 19405/2/6 19406/2/6 19415/2/6
f 19404/2/6 19405/2/6 19415/2/6
f 19415/2/6 19406/2/6 19416/2/6
f 19406/3/6 19407/3/6 19417/3/6
f 19416/2/6 19406/2/6 19417/2/6
f 19417/3/6 19407/3/6 19418/3/6
f 19411/1/6 19412/1/6 19419/1/6
f 19410/1/6 19411/1/6 19419/1/6
f 19419/1/6 19412/1/6 19420/1/6
f 19412/3/6 19413/3/6 19421/3/6
f 19420/1/6 19412/1/6 19421/1/6
f 19415/3/6 19416/3/6 19422/3/6
f 19414/1/6 19415/1/6 19422/1/6
f 19417/1/6 19418/1/6 19423/1/6
f 19422/3/6 19416/3/6 19423/3/6
f 19416/1/6 19417/1/6 19423/1/6
f 19423/1/6 19418/1/6 19424/1/6
f 19424/1/6 19418/1/6 19425/1/6
f 19421/3/6 19413/3/6 19426/3/6
f 19420/2/6 19421/2/6 19426/2/6
f 19426/3/6 19413/3/6 19427/3/6
f 19414/1/6 19422/1/6 19428/1/6
f 19422/1/6 19423/1/6 19428/1/6
f 19428/1/6 19423/1/6 19429/1/6
f 19423/3/6 19424/3/6 19430/3/6
f 19429/1/6 19423/1/6 19430/1/6
f 19420/2/6 19426/2/6 19431/2/6
f 19426/1/6 19427/1/6 19432/1/6
f 19431/2/6 19426/2/6 19432/2/6
f 19432/1/6 19427/1/6 19433/1/6
f 19428/2/6 19429/2/6 19435/2/6
f 19429/3/6 19430/3/6 19436/3/6
f 19435/2/6 19429/2/6 19436/2/6
f 19430/3/6 19424/3/6 19437/3/6
f 19436/3/6 19430/3/6 19437/3/6
f 19437/3/6 19424/3/6 19438/3/6
f 19431/3/6 19432/3/6 19439/3/6
f 19432/2/6 19433/2/6 19440/2/6
f 19439/3/6 19432/3/6 19440/3/6
f 19433/1/6 19434/1/6 19441/1/6
f 19440/2/6 19433/2/6 19441/2/6
f 19441/1/6 19434/1/6 19442/1/6
f 19435/1/6 19436/1/6 19444/1/6
f 19436/1/6 19437/1/6 19444/1/6
f 19444/1/6 19437/1/6 19445/1/6
f 19437/2/6 19438/2/6 19446/2/6
f 19445/1/6 19437/1/6 19446/1/6
f 19439/2/6 19440/2/6 19447/2/6
f 19440/1/6 19441/1/6 19448/1/6
f 19447/2/6 19440/2/6 19448/2/6
f 19441/3/6 19442/3/6 19449/3/6
f 19448/1/6 19441/1/6 19449/1/6
f 19449/3/6 19442/3/6 19450/3/6
f 19444/3/6 19445/3/6 19452/3/6
f 19443/3/6 19444/3/6 19452/3/6
f 19452/3/6 19445/3/6 19453/3/6
f 19445/2/6 19446/2/6 19454/2/6
f 19453/3/6 19445/3/6 19454/3/6
f 19446/2/6 19438/2/6 19455/2/6
f 19454/2/6 19446/2/6 19455/2/6
f 19455/2/6 19438/2/6 19456/2/6
f 19448/2/6 19449/2/6 19457/2/6
f 19449/3/6 19450/3/6 19458/3/6
f 19457/2/6 19449/2/6 19458/2/6
f 19450/1/6 19451/1/6 19459/1/6
f 19458/3/6 19450/3/6 19459/3/6
f 19459/1/6 19451/1/6 19460/1/6
f 19452/1/6 19453/1/6 19462/1/6
f 19453/3/6 19454/3/6 19463/3/6
f 19454/3/6 19455/3/6 19463/3/6
f 19462/1/6 19453/1/6 19463/1/6
f 19463/3/6 19455/3/6 19464/3/6
f 19464/3/6 19455/3/6 19465/3/6
f 19457/1/6 19458/1/6 19466/1/6
f 19458/3/6 19459/3/6 19467/3/6
f 19466/1/6 19458/1/6 19467/1/6
f 19459/2/6 19460/2/6 19468/2/6
f 19467/3/6 19459/3/6 19468/3/6
f 19468/2/6 19460/2/6 19469/2/6
f 19461/3/6 19462/3/6 19471/3/6
f 19463/2/6 19464/2/6 19472/2/6
f 19471/3/6 19462/3/6 19472/3/6
f 19462/2/6 19463/2/6 19472/2/6
f 19472/2/6 19464/2/6 19473/2/6
f 19467/3/6 19468/3/6 19474/3/6
f 19468/1/6 19469/1/6 19475/1/6
f 19474/3/6 19468/3/6 19475/3/6
f 19469/3/6 19470/3/6 19476/3/6
f 19475/1/6 19469/1/6 19476/1/6
f 19476/3/6 19470/3/6 19477/3/6
f 19471/2/6 19472/2/6 19479/2/6
f 19472/1/6 19473/1/6 19480/1/6
f 19479/2/6 19472/2/6 19480/2/6
f 19480/1/6 19473/1/6 19481/1/6
f 19481/1/6 19473/1/6 19482/1/6
f 19476/1/6 19477/1/6 19483/1/6
f 19475/1/6 19476/1/6 19483/1/6
f 19483/1/6 19477/1/6 19484/1/6
f 19484/1/6 19477/1/6 19485/1/6
f 19478/2/6 19479/2/6 19487/2/6
f 19479/2/6 19480/2/6 19487/2/6
f 19487/2/6 19480/2/6 19488/2/6
f 19480/3/6 19481/3/6 19489/3/6
f 19488/2/6 19480/2/6 19489/2/6
f 19489/3/6 19481/3/6 19490/3/6
f 19483/3/6 19484/3/6 19491/3/6
f 19484/1/6 19485/1/6 19492/1/6
f 19491/3/6 19484/3/6 19492/3/6
f 19485/1/6 19486/1/6 19492/1/6
f 19492/1/6 19486/1/6 19493/1/6
f 19487/3/6 19488/3/6 19495/3/6
f 19488/2/6 19489/2/6 19496/2/6
f 19495/3/6 19488/3/6 19496/3/6
f 19496/2/6 19489/2/6 19497/2/6
f 19492/2/6 19493/2/6 19498/2/6
f 19493/1/6 19486/1/6 19499/1/6
f 19498/2/6 19493/2/6 19499/2/6
f 19499/1/6 19486/1/6 19500/1/6
f 19494/1/6 19495/1/6 19502/1/6
f 19495/1/6 19496/1/6 19502/1/6
f 19502/1/6 19496/1/6 19503/1/6
f 19503/1/6 19496/1/6 19504/1/6
f 19500/2/6 19501/2/6 19505/2/6
f 19499/1/6 19500/1/6 19505/1/6
f 19498/1/6 19499/1/6 19505/1/6
f 19505/2/6 19501/2/6 19506/2/6
f 19502/3/6 19503/3/6 19508/3/6
f 19505/1/6 19506/1/6 19509/1/6
f 19498/1/6 19505/1/6 19509/1/6
f 19509/1/6 19506/1/6 19510/1/6
f 19510/1/6 19506/1/6 19511/1/6
f 19511/1/6 19506/1/6 19512/1/6
f 19507/2/6 19508/2/6 19514/2/6
f 19508/3/6 19503/3/6 19515/3/6
f 19514/2/6 19508/2/6 19515/2/6
f 19515/3/6 19503/3/6 19516/3/6
f 19510/1/6 19511/1/6 19517/1/6
f 19511/3/6 19512/3/6 19518/3/6
f 19517/1/6 19511/1/6 19518/1/6
f 19512/2/6 19513/2/6 19519/2/6
f 19518/3/6 19512/3/6 19519/3/6
f 19519/2/6 19513/2/6 19520/2/6
f 19514/1/6 19515/1/6 19522/1/6
f 19522/1/6 19515/1/6 19523/1/6
f 19521/3/6 19522/3/6 19524/3/6
f 19522/2/6 19523/2/6 19524/2/6
f 19524/2/6 19523/2/6 19525/2/6
f 19518/3/6 19519/3/6 19526/3/6
f 19519/1/6 19520/1/6 19527/1/6
f 19526/3/6 19519/3/6 19527/3/6
f 19527/1/6 19520/1/6 19528/1/6
f 19521/3/6 19524/3/6 19531/3/6
f 19527/1/6 19528/1/6 19532/1/6
f 19528/2/6 19529/2/6 19533/2/6
f 19532/1/6 19528/1/6 19533/1/6
f 19530/2/6 19531/2/6 19534/2/6
f 19531/3/6 19524/3/6 19534/3/6
f 19534/3/6 19524/3/6 19535/3/6
f 19532/3/6 19533/3/6 19536/3/6
f 19533/2/6 19529/2/6 19537/2/6
f 19536/3/6 19533/3/6 19537/3/6
f 19537/2/6 19529/2/6 19538/2/6
f 19534/2/6 19535/2/6 19541/2/6
f 19530/2/6 19534/2/6 19541/2/6
f 19541/2/6 19535/2/6 19542/2/6
f 19542/2/6 19535/2/6 19543/2/6
f 19537/2/6 19538/2/6 19544/2/6
f 19538/1/6 19539/1/6 19545/1/6
f 19544/2/6 19538/2/6 19545/2/6
f 19545/1/6 19539/1/6 19546/1/6
f 19540/2/6 19541/2/6 19549/2/6
f 19544/3/6 19545/3/6 19550/3/6
f 19545/1/6 19546/1/6 19551/1/6
f 19550/3/6 19545/3/6 19551/3/6
f 19546/3/6 19547/3/6 19552/3/6
f 19551/1/6 19546/1/6 19552/1/6
f 19552/3/6 19547/3/6 19553/3/6
f 19548/2/6 19549/2/6 19554/2/6
f 19549/2/6 19541/2/6 19555/2/6
f 19554/2/6 19549/2/6 19555/2/6
f 19541/1/6 19542/1/6 19556/1/6
f 19555/2/6 19541/2/6 19556/2/6
f 19556/1/6 19542/1/6 19557/1/6
f 19551/3/6 19552/3/6 19558/3/6
f 19552/2/6 19553/2/6 19559/2/6
f 19558/3/6 19552/3/6 19559/3/6
f 19559/2/6 19553/2/6 19560/2/6
f 19554/3/6 19555/3/6 19562/3/6
f 19555/1/6 19556/1/6 19563/1/6
f 19562/3/6 19555/3/6 19563/3/6
f 19563/1/6 19556/1/6 19564/1/6
f 19559/2/6 19560/2/6 19565/2/6
f 19558/2/6 19559/2/6 19565/2/6
f 19565/2/6 19560/2/6 19566/2/6
f 19560/1/6 19561/1/6 19567/1/6
f 19566/2/6 19560/2/6 19567/2/6
f 19567/1/6 19561/1/6 19568/1/6
f 19562/1/6 19563/1/6 19569/1/6
f 19563/2/6 19564/2/6 19570/2/6
f 19569/1/6 19563/1/6 19570/1/6
f 19570/2/6 19564/2/6 19571/2/6
f 19567/2/6 19568/2/6 19572/2/6
f 19566/2/6 19567/2/6 19572/2/6
f 19572/2/6 19568/2/6 19573/2/6
f 19570/3/6 19571/3/6 19575/3/6
f 19569/2/6 19570/2/6 19575/2/6
f 19575/3/6 19571/3/6 19576/3/6
f 19566/2/6 19572/2/6 19577/2/6
f 19572/3/6 19573/3/6 19578/3/6
f 19577/2/6 19572/2/6 19578/2/6
f 19573/3/6 19574/3/6 19578/3/6
f 19578/3/6 19574/3/6 19579/3/6
f 19569/2/6 19575/2/6 19580/2/6
f 19580/2/6 19575/2/6 19581/2/6
f 19578/2/6 19579/2/6 19583/2/6
f 19579/3/6 19574/3/6 19584/3/6
f 19583/2/6 19579/2/6 19584/2/6
f 19584/3/6 19574/3/6 19585/3/6
f 19581/3/6 19582/3/6 19586/3/6
f 19580/3/6 19581/3/6 19586/3/6
f 19586/3/6 19582/3/6 19587/3/6
f 19583/3/6 19584/3/6 19588/3/6
f 19588/3/6 19584/3/6 19589/3/6
f 19590/1/6 19591/1/6 19619/1/6
f 19591/2/6 19592/2/6 19620/2/6
f 19619/1/6 19591/1/6 19620/1/6
f 19592/1/6 19593/1/6 19621/1/6
f 19593/3/6 19594/3/6 19621/3/6
f 19594/2/6 19595/2/6 19622/2/6
f 19621/3/6 19594/3/6 19622/3/6
f 19622/2/6 19595/2/6 19623/2/6
f 19595/1/6 19596/1/6 19624/1/6
f 19623/2/6 19595/2/6 19624/2/6
f 19596/2/6 19597/2/6 19625/2/6
f 19597/1/6 19598/1/6 19625/1/6
f 19598/2/6 19599/2/6 19626/2/6
f 19625/1/6 19598/1/6 19626/1/6
f 19626/2/6 19599/2/6 19627/2/6
f 19599/1/6 19600/1/6 19628/1/6
f 19627/2/6 19599/2/6 19628/2/6
f 19628/1/6 19600/1/6 19629/1/6
f 19600/3/6 19601/3/6 19630/3/6
f 19629/1/6 19600/1/6 19630/1/6
f 19601/2/6 19602/2/6 19631/2/6
f 19630/3/6 19601/3/6 19631/3/6
f 19602/3/6 19603/3/6 19632/3/6
f 19631/2/6 19602/2/6 19632/2/6
f 19603/1/6 19604/1/6 19633/1/6
f 19632/3/6 19603/3/6 19633/3/6
f 19604/2/6 19605/2/6 19634/2/6
f 19633/1/6 19604/1/6 19634/1/6
f 19605/3/6 19606/3/6 19635/3/6
f 19634/2/6 19605/2/6 19635/2/6
f 19606/1/6 19607/1/6 19636/1/6
f 19635/3/6 19606/3/6 19636/3/6
f 19607/2/6 19608/2/6 19637/2/6
f 19636/1/6 19607/1/6 19637/1/6
f 19608/1/6 19609/1/6 19638/1/6
f 19637/2/6 19608/2/6 19638/2/6
f 19609/2/6 19610/2/6 19639/2/6
f 19638/1/6 19609/1/6 19639/1/6
f 19610/1/6 19611/1/6 19640/1/6
f 19639/2/6 19610/2/6 19640/2/6
f 19611/3/6 19612/3/6 19641/3/6
f 19640/1/6 19611/1/6 19641/1/6
f 19612/1/6 19613/1/6 19642/1/6
f 19613/3/6 19614/3/6 19642/3/6
f 19614/2/6 19615/2/6 19643/2/6
f 19642/3/6 19614/3/6 19643/3/6
f 19615/3/6 19616/3/6 19644/3/6
f 19643/2/6 19615/2/6 19644/2/6
f 19616/2/6 19617/2/6 19645/2/6
f 19644/3/6 19616/3/6 19645/3/6
f 19617/3/6 19618/3/6 19646/3/6
f 19645/2/6 19617/2/6 19646/2/6
f 19646/3/6 19618/3/6 19647/3/6
f 19619/2/6 19620/2/6 19648/2/6
f 19620/2/6 19592/2/6 19649/2/6
f 19648/2/6 19620/2/6 19649/2/6
f 19592/1/6 19621/1/6 19650/1/6
f 19649/2/6 19592/2/6 19650/2/6
f 19622/1/6 19623/1/6 19650/1/6
f 19621/1/6 19622/1/6 19650/1/6
f 19650/1/6 19623/1/6 19651/1/6
f 19651/1/6 19623/1/6 19652/1/6
f 19623/3/6 19624/3/6 19653/3/6
f 19652/1/6 19623/1/6 19653/1/6
f 19624/1/6 19596/1/6 19654/1/6
f 19653/3/6 19624/3/6 19654/3/6
f 19596/2/6 19625/2/6 19655/2/6
f 19654/1/6 19596/1/6 19655/1/6
f 19626/3/6 19627/3/6 19656/3/6
f 19655/2/6 19625/2/6 19656/2/6
f 19625/3/6 19626/3/6 19656/3/6
f 19628/3/6 19629/3/6 19657/3/6
f 19629/2/6 19630/2/6 19657/2/6
f 19630/2/6 19631/2/6 19657/2/6
f 19631/2/6 19632/2/6 19657/2/6
f 19632/2/6 19633/2/6 19657/2/6
f 19633/2/6 19634/2/6 19657/2/6
f 19657/2/6 19634/2/6 19658/2/6
f 19658/2/6 19634/2/6 19659/2/6
f 19634/3/6 19635/3/6 19660/3/6
f 19659/2/6 19634/2/6 19660/2/6
f 19635/2/6 19636/2/6 19661/2/6
f 19660/3/6 19635/3/6 19661/3/6
f 19636/2/6 19637/2/6 19661/2/6
f 19661/2/6 19637/2/6 19662/2/6
f 19637/1/6 19638/1/6 19663/1/6
f 19662/2/6 19637/2/6 19663/2/6
f 19638/3/6 19639/3/6 19664/3/6
f 19663/1/6 19638/1/6 19664/1/6
f 19639/1/6 19640/1/6 19665/1/6
f 19664/3/6 19639/3/6 19665/3/6
f 19640/2/6 19641/2/6 19666/2/6
f 19665/1/6 19640/1/6 19666/1/6
f 19641/3/6 19612/3/6 19667/3/6
f 19666/2/6 19641/2/6 19667/2/6
f 19643/2/6 19644/2/6 19668/2/6
f 19644/2/6 19645/2/6 19668/2/6
f 19612/1/6 19642/1/6 19668/1/6
f 19642/2/6 19643/2/6 19668/2/6
f 19668/2/6 19645/2/6 19669/2/6
f 19669/2/6 19645/2/6 19670/2/6
f 19645/3/6 19646/3/6 19671/3/6
f 19670/2/6 19645/2/6 19671/2/6
f 19646/2/6 19647/2/6 19672/2/6
f 19671/3/6 19646/3/6 19672/3/6
f 19672/2/6 19647/2/6 19673/2/6
f 19673/2/6 19647/2/6 19674/2/6
f 19648/3/6 19649/3/6 19675/3/6
f 19649/1/6 19650/1/6 19675/1/6
f 19650/2/6 19651/2/6 19676/2/6
f 19675/1/6 19650/1/6 19676/1/6
f 19651/3/6 19652/3/6 19677/3/6
f 19676/2/6 19651/2/6 19677/2/6
f 19652/2/6 19653/2/6 19678/2/6
f 19677/3/6 19652/3/6 19678/3/6
f 19653/1/6 19654/1/6 19679/1/6
f 19678/2/6 19653/2/6 19679/2/6
f 19654/2/6 19655/2/6 19680/2/6
f 19679/1/6 19654/1/6 19680/1/6
f 19655/1/6 19656/1/6 19681/1/6
f 19680/2/6 19655/2/6 19681/2/6
f 19656/3/6 19627/3/6 19682/3/6
f 19681/1/6 19656/1/6 19682/1/6
f 19682/3/6 19627/3/6 19683/3/6
f 19627/2/6 19628/2/6 19684/2/6
f 19683/3/6 19627/3/6 19684/3/6
f 19657/3/6 19658/3/6 19685/3/6
f 19684/2/6 19628/2/6 19685/2/6
f 19628/3/6 19657/3/6 19685/3/6
f 19685/3/6 19658/3/6 19686/3/6
f 19686/3/6 19658/3/6 19687/3/6
f 19658/1/6 19659/1/6 19688/1/6
f 19687/3/6 19658/3/6 19688/3/6
f 19659/2/6 19660/2/6 19689/2/6
f 19688/1/6 19659/1/6 19689/1/6
f 19660/1/6 19661/1/6 19690/1/6
f 19689/2/6 19660/2/6 19690/2/6
f 19661/3/6 19662/3/6 19691/3/6
f 19690/1/6 19661/1/6 19691/1/6
f 19662/1/6 19663/1/6 19692/1/6
f 19691/3/6 19662/3/6 19692/3/6
f 19663/3/6 19664/3/6 19693/3/6
f 19692/1/6 19663/1/6 19693/1/6
f 19664/3/6 19665/3/6 19693/3/6
f 19693/3/6 19665/3/6 19694/3/6
f 19665/2/6 19666/2/6 19695/2/6
f 19694/3/6 19665/3/6 19695/3/6
f 19666/1/6 19667/1/6 19696/1/6
f 19695/2/6 19666/2/6 19696/2/6
f 19667/3/6 19612/3/6 19697/3/6
f 19696/1/6 19667/1/6 19697/1/6
f 19612/1/6 19668/1/6 19698/1/6
f 19697/3/6 19612/3/6 19698/3/6
f 19668/3/6 19669/3/6 19699/3/6
f 19698/1/6 19668/1/6 19699/1/6
f 19669/2/6 19670/2/6 19700/2/6
f 19699/3/6 19669/3/6 19700/3/6
f 19670/3/6 19671/3/6 19701/3/6
f 19700/2/6 19670/2/6 19701/2/6
f 19671/3/6 19672/3/6 19701/3/6
f 19672/1/6 19673/1/6 19702/1/6
f 19701/3/6 19672/3/6 19702/3/6
f 19673/3/6 19674/3/6 19703/3/6
f 19702/1/6 19673/1/6 19703/1/6
f 19703/3/6 19674/3/6 19704/3/6
f 19648/3/6 19675/3/6 19705/3/6
f 19675/2/6 19676/2/6 19706/2/6
f 19705/3/6 19675/3/6 19706/3/6
f 19676/3/6 19677/3/6 19707/3/6
f 19706/2/6 19676/2/6 19707/2/6
f 19677/2/6 19678/2/6 19708/2/6
f 19707/3/6 19677/3/6 19708/3/6
f 19678/1/6 19679/1/6 19709/1/6
f 19708/2/6 19678/2/6 19709/2/6
f 19680/1/6 19681/1/6 19709/1/6
f 19679/1/6 19680/1/6 19709/1/6
f 19709/1/6 19681/1/6 19710/1/6
f 19710/1/6 19681/1/6 19711/1/6
f 19682/2/6 19683/2/6 19712/2/6
f 19683/3/6 19684/3/6 19712/3/6
f 19681/2/6 19682/2/6 19712/2/6
f 19684/3/6 19685/3/6 19712/3/6
f 19712/3/6 19685/3/6 19713/3/6
f 19685/1/6 19686/1/6 19714/1/6
f 19713/3/6 19685/3/6 19714/3/6
f 19686/2/6 19687/2/6 19715/2/6
f 19714/1/6 19686/1/6 19715/1/6
f 19715/2/6 19687/2/6 19716/2/6
f 19687/3/6 19688/3/6 19717/3/6
f 19716/2/6 19687/2/6 19717/2/6
f 19688/2/6 19689/2/6 19718/2/6
f 19717/3/6 19688/3/6 19718/3/6
f 19689/3/6 19690/3/6 19719/3/6
f 19718/2/6 19689/2/6 19719/2/6
f 19690/2/6 19691/2/6 19720/2/6
f 19719/3/6 19690/3/6 19720/3/6
f 19691/1/6 19692/1/6 19721/1/6
f 19720/2/6 19691/2/6 19721/2/6
f 19693/3/6 19694/3/6 19722/3/6
f 19721/1/6 19692/1/6 19722/1/6
f 19692/3/6 19693/3/6 19722/3/6
f 19722/3/6 19694/3/6 19723/3/6
f 19694/2/6 19695/2/6 19724/2/6
f 19723/3/6 19694/3/6 19724/3/6
f 19695/1/6 19696/1/6 19725/1/6
f 19724/2/6 19695/2/6 19725/2/6
f 19696/2/6 19697/2/6 19726/2/6
f 19725/1/6 19696/1/6 19726/1/6
f 19697/2/6 19698/2/6 19726/2/6
f 19726/2/6 19698/2/6 19727/2/6
f 19698/3/6 19699/3/6 19728/3/6
f 19727/2/6 19698/2/6 19728/2/6
f 19699/2/6 19700/2/6 19729/2/6
f 19728/3/6 19699/3/6 19729/3/6
f 19701/1/6 19702/1/6 19730/1/6
f 19729/2/6 19700/2/6 19730/2/6
f 19700/1/6 19701/1/6 19730/1/6
f 19730/1/6 19702/1/6 19731/1/6
f 19702/2/6 19703/2/6 19732/2/6
f 19731/1/6 19702/1/6 19732/1/6
f 19732/2/6 19703/2/6 19733/2/6
f 19703/1/6 19704/1/6 19734/1/6
f 19733/2/6 19703/2/6 19734/2/6
f 19705/2/6 19706/2/6 19735/2/6
f 19706/3/6 19707/3/6 19736/3/6
f 19735/2/6 19706/2/6 19736/2/6
f 19707/2/6 19708/2/6 19737/2/6
f 19736/3/6 19707/3/6 19737/3/6
f 19708/3/6 19709/3/6 19738/3/6
f 19737/2/6 19708/2/6 19738/2/6
f 19709/2/6 19710/2/6 19739/2/6
f 19738/3/6 19709/3/6 19739/3/6
f 19710/3/6 19711/3/6 19740/3/6
f 19739/2/6 19710/2/6 19740/2/6
f 19711/1/6 19681/1/6 19741/1/6
f 19740/3/6 19711/3/6 19741/3/6
f 19712/2/6 19713/2/6 19742/2/6
f 19741/1/6 19681/1/6 19742/1/6
f 19681/2/6 19712/2/6 19742/2/6
f 19713/1/6 19714/1/6 19743/1/6
f 19742/2/6 19713/2/6 19743/2/6
f 19715/1/6 19716/1/6 19743/1/6
f 19714/1/6 19715/1/6 19743/1/6
f 19717/3/6 19718/3/6 19744/3/6
f 19743/1/6 19716/1/6 19744/1/6
f 19718/3/6 19719/3/6 19744/3/6
f 19719/3/6 19720/3/6 19744/3/6
f 19716/3/6 19717/3/6 19744/3/6
f 19720/1/6 19721/1/6 19745/1/6
f 19744/3/6 19720/3/6 19745/3/6
f 19721/1/6 19722/1/6 19745/1/6
f 19722/2/6 19723/2/6 19746/2/6
f 19745/1/6 19722/1/6 19746/1/6
f 19723/1/6 19724/1/6 19747/1/6
f 19746/2/6 19723/2/6 19747/2/6
f 19726/2/6 19727/2/6 19748/2/6
f 19747/1/6 19724/1/6 19748/1/6
f 19725/2/6 19726/2/6 19748/2/6
f 19724/2/6 19725/2/6 19748/2/6
f 19727/3/6 19728/3/6 19749/3/6
f 19748/2/6 19727/2/6 19749/2/6
f 19728/3/6 19729/3/6 19749/3/6
f 19729/1/6 19730/1/6 19750/1/6
f 19749/3/6 19729/3/6 19750/3/6
f 19730/2/6 19731/2/6 19751/2/6
f 19750/1/6 19730/1/6 19751/1/6
f 19731/3/6 19732/3/6 19752/3/6
f 19751/2/6 19731/2/6 19752/2/6
f 19732/1/6 19733/1/6 19753/1/6
f 19752/3/6 19732/3/6 19753/3/6
f 19733/3/6 19734/3/6 19754/3/6
f 19753/1/6 19733/1/6 19754/1/6
f 19734/1/6 19704/1/6 19755/1/6
f 19754/3/6 19734/3/6 19755/3/6
f 19755/1/6 19704/1/6 19756/1/6
f 19757/3/6 19758/3/6 19783/3/6
f 19758/1/6 19759/1/6 19783/1/6
f 19759/3/6 19760/3/6 19784/3/6
f 19783/1/6 19759/1/6 19784/1/6
f 19760/1/6 19761/1/6 19785/1/6
f 19784/3/6 19760/3/6 19785/3/6
f 19785/1/6 19761/1/6 19786/1/6
f 19761/3/6 19762/3/6 19787/3/6
f 19786/1/6 19761/1/6 19787/1/6
f 19787/3/6 19762/3/6 19788/3/6
f 19788/3/6 19762/3/6 19789/3/6
f 19762/2/6 19763/2/6 19790/2/6
f 19789/3/6 19762/3/6 19790/3/6
f 19763/3/6 19764/3/6 19791/3/6
f 19764/1/6 19765/1/6 19791/1/6
f 19765/3/6 19766/3/6 19792/3/6
f 19791/1/6 19765/1/6 19792/1/6
f 19792/3/6 19766/3/6 19793/3/6
f 19766/2/6 19767/2/6 19794/2/6
f 19793/3/6 19766/3/6 19794/3/6
f 19767/3/6 19768/3/6 19795/3/6
f 19794/2/6 19767/2/6 19795/2/6
f 19795/3/6 19768/3/6 19796/3/6
f 19768/2/6 19769/2/6 19797/2/6
f 19796/3/6 19768/3/6 19797/3/6
f 19769/1/6 19770/1/6 19798/1/6
f 19797/2/6 19769/2/6 19798/2/6
f 19770/2/6 19771/2/6 19799/2/6
f 19798/1/6 19770/1/6 19799/1/6
f 19771/3/6 19772/3/6 19800/3/6
f 19799/2/6 19771/2/6 19800/2/6
f 19800/3/6 19772/3/6 19801/3/6
f 19772/2/6 19773/2/6 19802/2/6
f 19801/3/6 19772/3/6 19802/3/6
f 19773/1/6 19774/1/6 19803/1/6
f 19802/2/6 19773/2/6 19803/2/6
f 19774/3/6 19775/3/6 19804/3/6
f 19803/1/6 19774/1/6 19804/1/6
f 19775/2/6 19776/2/6 19805/2/6
f 19804/3/6 19775/3/6 19805/3/6
f 19776/3/6 19777/3/6 19806/3/6
f 19805/2/6 19776/2/6 19806/2/6
f 19778/1/6 19779/1/6 19807/1/6
f 19779/3/6 19780/3/6 19807/3/6
f 19780/1/6 19781/1/6 19808/1/6
f 19807/3/6 19780/3/6 19808/3/6
f 19808/1/6 19781/1/6 19809/1/6
f 19781/3/6 19782/3/6 19810/3/6
f 19809/1/6 19781/1/6 19810/1/6
f 19810/3/6 19782/3/6 19811/3/6
f 19757/3/6 19783/3/6 19812/3/6
f 19812/3/6 19783/3/6 19813/3/6
f 19783/2/6 19784/2/6 19814/2/6
f 19813/3/6 19783/3/6 19814/3/6
f 19785/1/6 19786/1/6 19815/1/6
f 19814/2/6 19784/2/6 19815/2/6
f 19784/1/6 19785/1/6 19815/1/6
f 19786/2/6 19787/2/6 19816/2/6
f 19815/1/6 19786/1/6 19816/1/6
f 19787/1/6 19788/1/6 19817/1/6
f 19816/2/6 19787/2/6 19817/2/6
f 19788/3/6 19789/3/6 19818/3/6
f 19817/1/6 19788/1/6 19818/1/6
f 19789/1/6 19790/1/6 19819/1/6
f 19818/3/6 19789/3/6 19819/3/6
f 19790/2/6 19763/2/6 19820/2/6
f 19819/1/6 19790/1/6 19820/1/6
f 19763/3/6 19791/3/6 19821/3/6
f 19820/2/6 19763/2/6 19821/2/6
f 19791/2/6 19792/2/6 19822/2/6
f 19821/3/6 19791/3/6 19822/3/6
f 19792/1/6 19793/1/6 19823/1/6
f 19822/2/6 19792/2/6 19823/2/6
f 19793/3/6 19794/3/6 19824/3/6
f 19823/1/6 19793/1/6 19824/1/6
f 19794/1/6 19795/1/6 19825/1/6
f 19824/3/6 19794/3/6 19825/3/6
f 19795/2/6 19796/2/6 19826/2/6
f 19825/1/6 19795/1/6 19826/1/6
f 19796/1/6 19797/1/6 19827/1/6
f 19826/2/6 19796/2/6 19827/2/6
f 19797/1/6 19798/1/6 19827/1/6
f 19798/1/6 19799/1/6 19827/1/6
f 19827/1/6 19799/1/6 19828/1/6
f 19800/3/6 19801/3/6 19829/3/6
f 19828/1/6 19799/1/6 19829/1/6
f 19799/3/6 19800/3/6 19829/3/6
f 19801/2/6 19802/2/6 19830/2/6
f 19829/3/6 19801/3/6 19830/3/6
f 19802/1/6 19803/1/6 19831/1/6
f 19830/2/6 19802/2/6 19831/2/6
f 19803/3/6 19804/3/6 19832/3/6
f 19831/1/6 19803/1/6 19832/1/6
f 19804/1/6 19805/1/6 19833/1/6
f 19832/3/6 19804/3/6 19833/3/6
f 19805/1/6 19806/1/6 19833/1/6
f 19806/3/6 19777/3/6 19834/3/6
f 19833/1/6 19806/1/6 19834/1/6
f 19777/2/6 19778/2/6 19835/2/6
f 19834/3/6 19777/3/6 19835/3/6
f 19778/1/6 19807/1/6 19836/1/6
f 19835/2/6 19778/2/6 19836/2/6
f 19808/2/6 19809/2/6 19837/2/6
f 19836/1/6 19807/1/6 19837/1/6
f 19807/2/6 19808/2/6 19837/2/6
f 19837/2/6 19809/2/6 19838/2/6
f 19809/3/6 19810/3/6 19839/3/6
f 19838/2/6 19809/2/6 19839/2/6
f 19810/2/6 19811/2/6 19840/2/6
f 19839/3/6 19810/3/6 19840/3/6
f 19840/2/6 19811/2/6 19841/2/6
f 19812/2/6 19813/2/6 19842/2/6
f 19813/1/6 19814/1/6 19843/1/6
f 19842/2/6 19813/2/6 19843/2/6
f 19814/3/6 19815/3/6 19844/3/6
f 19843/1/6 19814/1/6 19844/1/6
f 19815/1/6 19816/1/6 19845/1/6
f 19844/3/6 19815/3/6 19845/3/6
f 19845/1/6 19816/1/6 19846/1/6
f 19816/3/6 19817/3/6 19847/3/6
f 19846/1/6 19816/1/6 19847/1/6
f 19818/3/6 19819/3/6 19847/3/6
f 19817/3/6 19818/3/6 19847/3/6
f 19847/3/6 19819/3/6 19848/3/6
f 19819/2/6 19820/2/6 19849/2/6
f 19848/3/6 19819/3/6 19849/3/6
f 19820/3/6 19821/3/6 19850/3/6
f 19849/2/6 19820/2/6 19850/2/6
f 19821/1/6 19822/1/6 19851/1/6
f 19850/3/6 19821/3/6 19851/3/6
f 19822/1/6 19823/1/6 19851/1/6
f 19851/1/6 19823/1/6 19852/1/6
f 19825/3/6 19826/3/6 19853/3/6
f 19827/2/6 19828/2/6 19853/2/6
f 19826/2/6 19827/2/6 19853/2/6
f 19853/2/6 19828/2/6 19854/2/6
f 19828/3/6 19829/3/6 19855/3/6
f 19854/2/6 19828/2/6 19855/2/6
f 19855/3/6 19829/3/6 19856/3/6
f 19829/2/6 19830/2/6 19857/2/6
f 19856/3/6 19829/3/6 19857/3/6
f 19830/2/6 19831/2/6 19857/2/6
f 19831/3/6 19832/3/6 19858/3/6
f 19857/2/6 19831/2/6 19858/2/6
f 19832/3/6 19833/3/6 19858/3/6
f 19834/1/6 19835/1/6 19859/1/6
f 19833/2/6 19834/2/6 19859/2/6
f 19835/3/6 19836/3/6 19860/3/6
f 19859/1/6 19835/1/6 19860/1/6
f 19836/3/6 19837/3/6 19860/3/6
f 19860/3/6 19837/3/6 19861/3/6
f 19837/1/6 19838/1/6 19862/1/6
f 19861/3/6 19837/3/6 19862/3/6
f 19838/2/6 19839/2/6 19863/2/6
f 19862/1/6 19838/1/6 19863/1/6
f 19839/2/6 19840/2/6 19863/2/6
f 19840/3/6 19841/3/6 19864/3/6
f 19863/2/6 19840/2/6 19864/2/6
f 19864/3/6 19841/3/6 19865/3/6
f 19845/1/6 19846/1/6 19866/1/6
f 19844/1/6 19845/1/6 19866/1/6
f 19842/1/6 19843/1/6 19866/1/6
f 19843/1/6 19844/1/6 19866/1/6
f 19866/1/6 19846/1/6 19867/1/6
f 19867/1/6 19846/1/6 19868/1/6
f 19868/1/6 19846/1/6 19869/1/6
f 19846/3/6 19847/3/6 19870/3/6
f 19869/1/6 19846/1/6 19870/1/6
f 19847/1/6 19848/1/6 19871/1/6
f 19870/3/6 19847/3/6 19871/3/6
f 19871/1/6 19848/1/6 19872/1/6
f 19849/3/6 19850/3/6 19873/3/6
f 19848/3/6 19849/3/6 19873/3/6
f 19850/1/6 19851/1/6 19874/1/6
f 19873/3/6 19850/3/6 19874/3/6
f 19851/3/6 19852/3/6 19875/3/6
f 19874/1/6 19851/1/6 19875/1/6
f 19852/1/6 19823/1/6 19876/1/6
f 19875/3/6 19852/3/6 19876/3/6
f 19824/2/6 19825/2/6 19877/2/6
f 19876/1/6 19823/1/6 19877/1/6
f 19823/2/6 19824/2/6 19877/2/6
f 19877/2/6 19825/2/6 19878/2/6
f 19825/3/6 19853/3/6 19879/3/6
f 19878/2/6 19825/2/6 19879/2/6
f 19853/1/6 19854/1/6 19880/1/6
f 19879/3/6 19853/3/6 19880/3/6
f 19855/2/6 19856/2/6 19881/2/6
f 19880/1/6 19854/1/6 19881/1/6
f 19854/2/6 19855/2/6 19881/2/6
f 19856/3/6 19857/3/6 19882/3/6
f 19881/2/6 19856/2/6 19882/2/6
f 19857/1/6 19858/1/6 19883/1/6
f 19882/3/6 19857/3/6 19883/3/6
f 19883/1/6 19858/1/6 19884/1/6
f 19884/1/6 19858/1/6 19885/1/6
f 19858/3/6 19833/3/6 19886/3/6
f 19885/1/6 19858/1/6 19886/1/6
f 19886/3/6 19833/3/6 19887/3/6
f 19833/2/6 19859/2/6 19888/2/6
f 19887/3/6 19833/3/6 19888/3/6
f 19888/2/6 19859/2/6 19889/2/6
f 19859/3/6 19860/3/6 19890/3/6
f 19889/2/6 19859/2/6 19890/2/6
f 19860/1/6 19861/1/6 19891/1/6
f 19890/3/6 19860/3/6 19891/3/6
f 19862/2/6 19863/2/6 19892/2/6
f 19891/1/6 19861/1/6 19892/1/6
f 19861/2/6 19862/2/6 19892/2/6
f 19863/1/6 19864/1/6 19893/1/6
f 19892/2/6 19863/2/6 19893/2/6
f 19893/1/6 19864/1/6 19894/1/6
f 19864/2/6 19865/2/6 19895/2/6
f 19894/1/6 19864/1/6 19895/1/6
f 19895/2/6 19865/2/6 19896/2/6
f 19866/2/6 19867/2/6 19897/2/6
f 19867/1/6 19868/1/6 19898/1/6
f 19897/2/6 19867/2/6 19898/2/6
f 19868/2/6 19869/2/6 19899/2/6
f 19898/1/6 19868/1/6 19899/1/6
f 19869/1/6 19870/1/6 19900/1/6
f 19899/2/6 19869/2/6 19900/2/6
f 19871/2/6 19872/2/6 19901/2/6
f 19900/1/6 19870/1/6 19901/1/6
f 19870/2/6 19871/2/6 19901/2/6
f 19872/1/6 19848/1/6 19902/1/6
f 19901/2/6 19872/2/6 19902/2/6
f 19848/3/6 19873/3/6 19903/3/6
f 19902/1/6 19848/1/6 19903/1/6
f 19874/2/6 19875/2/6 19904/2/6
f 19903/3/6 19873/3/6 19904/3/6
f 19873/2/6 19874/2/6 19904/2/6
f 19875/3/6 19876/3/6 19905/3/6
f 19904/2/6 19875/2/6 19905/2/6
f 19876/3/6 19877/3/6 19905/3/6
f 19877/2/6 19878/2/6 19906/2/6
f 19905/3/6 19877/3/6 19906/3/6
f 19878/3/6 19879/3/6 19907/3/6
f 19906/2/6 19878/2/6 19907/2/6
f 19879/2/6 19880/2/6 19908/2/6
f 19907/3/6 19879/3/6 19908/3/6
f 19880/1/6 19881/1/6 19909/1/6
f 19908/2/6 19880/2/6 19909/2/6
f 19881/3/6 19882/3/6 19910/3/6
f 19909/1/6 19881/1/6 19910/1/6
f 19882/1/6 19883/1/6 19911/1/6
f 19910/3/6 19882/3/6 19911/3/6
f 19883/1/6 19884/1/6 19911/1/6
f 19884/3/6 19885/3/6 19912/3/6
f 19911/1/6 19884/1/6 19912/1/6
f 19886/2/6 19887/2/6 19913/2/6
f 19912/3/6 19885/3/6 19913/3/6
f 19885/2/6 19886/2/6 19913/2/6
f 19887/3/6 19888/3/6 19914/3/6
f 19913/2/6 19887/2/6 19914/2/6
f 19888/3/6 19889/3/6 19914/3/6
f 19889/1/6 19890/1/6 19915/1/6
f 19914/3/6 19889/3/6 19915/3/6
f 19890/2/6 19891/2/6 19916/2/6
f 19915/1/6 19890/1/6 19916/1/6
f 19892/1/6 19893/1/6 19917/1/6
f 19916/2/6 19891/2/6 19917/2/6
f 19891/1/6 19892/1/6 19917/1/6
f 19893/3/6 19894/3/6 19918/3/6
f 19917/1/6 19893/1/6 19918/1/6
f 19894/2/6 19895/2/6 19919/2/6
f 19918/3/6 19894/3/6 19919/3/6
f 19895/1/6 19896/1/6 19920/1/6
f 19919/2/6 19895/2/6 19920/2/6
f 19920/1/6 19896/1/6 19921/1/6
f 19922/1/6 19923/1/6 19947/1/6
f 19923/3/6 19924/3/6 19948/3/6
f 19947/1/6 19923/1/6 19948/1/6
f 19948/3/6 19924/3/6 19949/3/6
f 19949/3/6 19924/3/6 19950/3/6
f 19924/2/6 19925/2/6 19951/2/6
f 19950/3/6 19924/3/6 19951/3/6
f 19925/3/6 19926/3/6 19952/3/6
f 19926/2/6 19927/2/6 19953/2/6
f 19952/3/6 19926/3/6 19953/3/6
f 19927/3/6 19928/3/6 19954/3/6
f 19953/2/6 19927/2/6 19954/2/6
f 19928/2/6 19929/2/6 19955/2/6
f 19954/3/6 19928/3/6 19955/3/6
f 19929/1/6 19930/1/6 19956/1/6
f 19930/2/6 19931/2/6 19956/2/6
f 19931/1/6 19932/1/6 19957/1/6
f 19956/2/6 19931/2/6 19957/2/6
f 19932/2/6 19933/2/6 19958/2/6
f 19933/1/6 19934/1/6 19958/1/6
f 19934/3/6 19935/3/6 19959/3/6
f 19958/1/6 19934/1/6 19959/1/6
f 19935/2/6 19936/2/6 19960/2/6
f 19959/3/6 19935/3/6 19960/3/6
f 19936/3/6 19937/3/6 19961/3/6
f 19960/2/6 19936/2/6 19961/2/6
f 19937/2/6 19938/2/6 19962/2/6
f 19961/3/6 19937/3/6 19962/3/6
f 19938/1/6 19939/1/6 19963/1/6
f 19962/2/6 19938/2/6 19963/2/6
f 19963/1/6 19939/1/6 19964/1/6
f 19939/2/6 19940/2/6 19965/2/6
f 19964/1/6 19939/1/6 19965/1/6
f 19940/3/6 19941/3/6 19966/3/6
f 19965/2/6 19940/2/6 19966/2/6
f 19941/1/6 19942/1/6 19967/1/6
f 19966/3/6 19941/3/6 19967/3/6
f 19942/3/6 19943/3/6 19968/3/6
f 19967/1/6 19942/1/6 19968/1/6
f 19943/1/6 19944/1/6 19969/1/6
f 19968/3/6 19943/3/6 19969/3/6
f 19944/2/6 19945/2/6 19970/2/6
f 19969/1/6 19944/1/6 19970/1/6
f 19945/1/6 19946/1/6 19971/1/6
f 19971/1/6 19946/1/6 19972/1/6
f 19922/1/6 19947/1/6 19973/1/6
f 19947/2/6 19948/2/6 19974/2/6
f 19973/1/6 19947/1/6 19974/1/6
f 19948/1/6 19949/1/6 19975/1/6
f 19974/2/6 19948/2/6 19975/2/6
f 19949/3/6 19950/3/6 19976/3/6
f 19975/1/6 19949/1/6 19976/1/6
f 19950/2/6 19951/2/6 19977/2/6
f 19976/3/6 19950/3/6 19977/3/6
f 19951/2/6 19925/2/6 19978/2/6
f 19977/2/6 19951/2/6 19978/2/6
f 19925/3/6 19952/3/6 19979/3/6
f 19978/2/6 19925/2/6 19979/2/6
f 19952/2/6 19953/2/6 19980/2/6
f 19979/3/6 19952/3/6 19980/3/6
f 19953/2/6 19954/2/6 19980/2/6
f 19954/2/6 19955/2/6 19980/2/6
f 19980/2/6 19955/2/6 19981/2/6
f 19981/2/6 19955/2/6 19982/2/6
f 19955/2/6 19929/2/6 19983/2/6
f 19982/2/6 19955/2/6 19983/2/6
f 19929/1/6 19956/1/6 19983/1/6
f 19956/3/6 19957/3/6 19984/3/6
f 19983/1/6 19956/1/6 19984/1/6
f 19984/3/6 19957/3/6 19985/3/6
f 19957/1/6 19932/1/6 19986/1/6
f 19985/3/6 19957/3/6 19986/3/6
f 19932/2/6 19958/2/6 19987/2/6
f 19986/1/6 19932/1/6 19987/1/6
f 19958/3/6 19959/3/6 19988/3/6
f 19987/2/6 19958/2/6 19988/2/6
f 19959/1/6 19960/1/6 19989/1/6
f 19988/3/6 19959/3/6 19989/3/6
f 19960/1/6 19961/1/6 19989/1/6
f 19961/1/6 19962/1/6 19989/1/6
f 19989/1/6 19962/1/6 19990/1/6
f 19963/2/6 19964/2/6 19991/2/6
f 19990/1/6 19962/1/6 19991/1/6
f 19962/2/6 19963/2/6 19991/2/6
f 19991/2/6 19964/2/6 19992/2/6
f 19964/3/6 19965/3/6 19993/3/6
f 19992/2/6 19964/2/6 19993/2/6
f 19965/3/6 19966/3/6 19993/3/6
f 19993/3/6 19966/3/6 19994/3/6
f 19966/1/6 19967/1/6 19995/1/6
f 19994/3/6 19966/3/6 19995/3/6
f 19967/2/6 19968/2/6 19996/2/6
f 19995/1/6 19967/1/6 19996/1/6
f 19968/1/6 19969/1/6 19997/1/6
f 19969/3/6 19970/3/6 19997/3/6
f 19970/2/6 19945/2/6 19998/2/6
f 19997/3/6 19970/3/6 19998/3/6
f 19945/1/6 19971/1/6 19999/1/6
f 19998/2/6 19945/2/6 19999/2/6
f 19971/2/6 19972/2/6 20000/2/6
f 19999/1/6 19971/1/6 20000/1/6
f 20000/2/6 19972/2/6 20001/2/6
f 20001/2/6 19972/2/6 20002/2/6
f 19973/2/6 19974/2/6 20003/2/6
f 19974/1/6 19975/1/6 20004/1/6
f 20003/2/6 19974/2/6 20004/2/6
f 19976/1/6 19977/1/6 20005/1/6
f 19977/3/6 19978/3/6 20005/3/6
f 19978/2/6 19979/2/6 20006/2/6
f 20005/3/6 19978/3/6 20006/3/6
f 19980/1/6 19981/1/6 20007/1/6
f 20006/2/6 19979/2/6 20007/2/6
f 19979/1/6 19980/1/6 20007/1/6
f 20007/1/6 19981/1/6 20008/1/6
f 19981/3/6 19982/3/6 20009/3/6
f 20008/1/6 19981/1/6 20009/1/6
f 19982/2/6 19983/2/6 20010/2/6
f 20009/3/6 19982/3/6 20010/3/6
f 19983/2/6 19984/2/6 20010/2/6
f 19984/1/6 19985/1/6 20011/1/6
f 20010/2/6 19984/2/6 20011/2/6
f 19985/2/6 19986/2/6 20012/2/6
f 20011/1/6 19985/1/6 20012/1/6
f 19986/3/6 19987/3/6 20013/3/6
f 20012/2/6 19986/2/6 20013/2/6
f 19987/2/6 19988/2/6 20014/2/6
f 20013/3/6 19987/3/6 20014/3/6
f 19989/1/6 19990/1/6 20015/1/6
f 20014/2/6 19988/2/6 20015/2/6
f 19988/1/6 19989/1/6 20015/1/6
f 20015/1/6 19990/1/6 20016/1/6
f 19990/2/6 19991/2/6 20017/2/6
f 20016/1/6 19990/1/6 20017/1/6
f 19991/1/6 19992/1/6 20018/1/6
f 20017/2/6 19991/2/6 20018/2/6
f 19992/2/6 19993/2/6 20019/2/6
f 20018/1/6 19992/1/6 20019/1/6
f 19993/1/6 19994/1/6 20020/1/6
f 20019/2/6 19993/2/6 20020/2/6
f 19994/2/6 19995/2/6 20021/2/6
f 20020/1/6 19994/1/6 20021/1/6
f 19995/2/6 19996/2/6 20021/2/6
f 20021/2/6 19996/2/6 20022/2/6
f 19996/2/6 19968/2/6 20023/2/6
f 20022/2/6 19996/2/6 20023/2/6
f 19968/1/6 19997/1/6 20024/1/6
f 20023/2/6 19968/2/6 20024/2/6
f 19998/1/6 19999/1/6 20024/1/6
f 19997/1/6 19998/1/6 20024/1/6
f 20024/1/6 19999/1/6 20025/1/6
f 20025/1/6 19999/1/6 20026/1/6
f 19999/2/6 20000/2/6 20027/2/6
f 20026/1/6 19999/1/6 20027/1/6
f 20000/2/6 20001/2/6 20027/2/6
f 20027/2/6 20001/2/6 20028/2/6
f 20028/2/6 20001/2/6 20029/2/6
f 20001/3/6 20002/3/6 20030/3/6
f 20029/2/6 20001/2/6 20030/2/6
f 20030/3/6 20002/3/6 20031/3/6
f 20003/3/6 20004/3/6 20032/3/6
f 20004/1/6 19975/1/6 20033/1/6
f 20032/3/6 20004/3/6 20033/3/6
f 19976/1/6 20005/1/6 20034/1/6
f 19975/2/6 19976/2/6 20034/2/6
f 20007/2/6 20008/2/6 20035/2/6
f 20034/1/6 20005/1/6 20035/1/6
f 20005/2/6 20006/2/6 20035/2/6
f 20006/2/6 20007/2/6 20035/2/6
f 20035/2/6 20008/2/6 20036/2/6
f 20036/2/6 20008/2/6 20037/2/6
f 20009/3/6 20010/3/6 20038/3/6
f 20037/2/6 20008/2/6 20038/2/6
f 20008/3/6 20009/3/6 20038/3/6
f 20010/3/6 20011/3/6 20038/3/6
f 20038/3/6 20011/3/6 20039/3/6
f 20039/3/6 20011/3/6 20040/3/6
f 20011/2/6 20012/2/6 20041/2/6
f 20040/3/6 20011/3/6 20041/3/6
f 20012/2/6 20013/2/6 20041/2/6
f 20013/2/6 20014/2/6 20041/2/6
f 20014/2/6 20015/2/6 20041/2/6
f 20041/2/6 20015/2/6 20042/2/6
f 20042/2/6 20015/2/6 20043/2/6
f 20043/2/6 20015/2/6 20044/2/6
f 20016/2/6 20017/2/6 20045/2/6
f 20015/3/6 20016/3/6 20045/3/6
f 20017/2/6 20018/2/6 20045/2/6
f 20018/3/6 20019/3/6 20046/3/6
f 20045/2/6 20018/2/6 20046/2/6
f 20020/1/6 20021/1/6 20047/1/6
f 20046/3/6 20019/3/6 20047/3/6
f 20019/1/6 20020/1/6 20047/1/6
f 20021/3/6 20022/3/6 20048/3/6
f 20047/1/6 20021/1/6 20048/1/6
f 20022/1/6 20023/1/6 20049/1/6
f 20048/3/6 20022/3/6 20049/3/6
f 20023/3/6 20024/3/6 20050/3/6
f 20049/1/6 20023/1/6 20050/1/6
f 20024/1/6 20025/1/6 20051/1/6
f 20050/3/6 20024/3/6 20051/3/6
f 20025/3/6 20026/3/6 20052/3/6
f 20051/1/6 20025/1/6 20052/1/6
f 20027/1/6 20028/1/6 20053/1/6
f 20052/3/6 20026/3/6 20053/3/6
f 20026/1/6 20027/1/6 20053/1/6
f 20030/1/6 20031/1/6 20054/1/6
f 20029/1/6 20030/1/6 20054/1/6
f 20054/1/6 20031/1/6 20055/1/6
f 20032/2/6 20033/2/6 20056/2/6
f 20033/1/6 19975/1/6 20057/1/6
f 20056/2/6 20033/2/6 20057/2/6
f 19975/2/6 20034/2/6 20058/2/6
f 20057/1/6 19975/1/6 20058/1/6
f 20034/3/6 20035/3/6 20059/3/6
f 20058/2/6 20034/2/6 20059/2/6
f 20035/2/6 20036/2/6 20060/2/6
f 20059/3/6 20035/3/6 20060/3/6
f 20036/3/6 20037/3/6 20061/3/6
f 20060/2/6 20036/2/6 20061/2/6
f 20038/2/6 20039/2/6 20062/2/6
f 20061/3/6 20037/3/6 20062/3/6
f 20037/2/6 20038/2/6 20062/2/6
f 20039/3/6 20040/3/6 20063/3/6
f 20062/2/6 20039/2/6 20063/2/6
f 20040/2/6 20041/2/6 20064/2/6
f 20063/3/6 20040/3/6 20064/3/6
f 20041/1/6 20042/1/6 20065/1/6
f 20064/2/6 20041/2/6 20065/2/6
f 20042/3/6 20043/3/6 20066/3/6
f 20065/1/6 20042/1/6 20066/1/6
f 20043/1/6 20044/1/6 20067/1/6
f 20066/3/6 20043/3/6 20067/3/6
f 20044/2/6 20015/2/6 20068/2/6
f 20067/1/6 20044/1/6 20068/1/6
f 20015/3/6 20045/3/6 20069/3/6
f 20068/2/6 20015/2/6 20069/2/6
f 20045/1/6 20046/1/6 20070/1/6
f 20069/3/6 20045/3/6 20070/3/6
f 20047/2/6 20048/2/6 20071/2/6
f 20070/1/6 20046/1/6 20071/1/6
f 20046/2/6 20047/2/6 20071/2/6
f 20048/2/6 20049/2/6 20071/2/6
f 20050/3/6 20051/3/6 20072/3/6
f 20071/2/6 20049/2/6 20072/2/6
f 20049/3/6 20050/3/6 20072/3/6
f 20052/2/6 20053/2/6 20073/2/6
f 20072/3/6 20051/3/6 20073/3/6
f 20051/2/6 20052/2/6 20073/2/6
f 20053/1/6 20028/1/6 20074/1/6
f 20073/2/6 20053/2/6 20074/2/6
f 20028/2/6 20029/2/6 20075/2/6
f 20074/1/6 20028/1/6 20075/1/6
f 20029/1/6 20054/1/6 20076/1/6
f 20075/2/6 20029/2/6 20076/2/6
f 20054/2/6 20055/2/6 20077/2/6
f 20076/1/6 20054/1/6 20077/1/6
f 20077/2/6 20055/2/6 20078/2/6
f 20079/4/6 20080/4/6 20081/4/6
f 20081/4/6 20080/4/6 20082/4/6
f 20082/4/6 20080/4/6 20083/4/6
f 20084/1/6 20085/1/6 20087/1/6
f 20085/3/6 20086/3/6 20088/3/6
f 20087/1/6 20085/1/6 20088/1/6
f 20088/3/6 20086/3/6 20089/3/6
f 20090/2/6 20091/2/6 20096/2/6
f 20091/1/6 20092/1/6 20097/1/6
f 20096/2/6 20091/2/6 20097/2/6
f 20097/1/6 20092/1/6 20098/1/6
f 20093/2/6 20094/2/6 20099/2/6
f 20094/3/6 20095/3/6 20100/3/6
f 20099/2/6 20094/2/6 20100/2/6
f 20100/3/6 20095/3/6 20101/3/6
f 20096/1/6 20097/1/6 20103/1/6
f 20097/3/6 20098/3/6 20104/3/6
f 20103/1/6 20097/1/6 20104/1/6
f 20104/3/6 20098/3/6 20105/3/6
f 20100/2/6 20101/2/6 20106/2/6
f 20102/1/6 20103/1/6 20109/1/6
f 20103/1/6 20104/1/6 20109/1/6
f 20109/1/6 20104/1/6 20110/1/6
f 20104/2/6 20105/2/6 20111/2/6
f 20110/1/6 20104/1/6 20111/1/6
f 20111/2/6 20105/2/6 20112/2/6
f 20099/1/6 20100/1/6 20113/1/6
f 20100/2/6 20106/2/6 20114/2/6
f 20113/1/6 20100/1/6 20114/1/6
f 20106/1/6 20107/1/6 20115/1/6
f 20114/2/6 20106/2/6 20115/2/6
f 20115/1/6 20107/1/6 20116/1/6
f 20109/2/6 20110/2/6 20118/2/6
f 20108/2/6 20109/2/6 20118/2/6
f 20118/2/6 20110/2/6 20119/2/6
f 20119/2/6 20110/2/6 20120/2/6
f 20111/1/6 20112/1/6 20121/1/6
f 20121/1/6 20112/1/6 20122/1/6
f 20113/3/6 20114/3/6 20126/3/6
f 20126/3/6 20114/3/6 20127/3/6
f 20116/1/6 20117/1/6 20128/1/6
f 20115/1/6 20116/1/6 20128/1/6
f 20128/1/6 20117/1/6 20129/1/6
f 20118/1/6 20119/1/6 20131/1/6
f 20119/3/6 20120/3/6 20132/3/6
f 20131/1/6 20119/1/6 20132/1/6
f 20132/3/6 20120/3/6 20133/3/6
f 20123/1/6 20124/1/6 20134/1/6
f 20124/3/6 20125/3/6 20135/3/6
f 20134/1/6 20124/1/6 20135/1/6
f 20135/3/6 20125/3/6 20136/3/6
f 20129/1/6 20117/1/6 20137/1/6
f 20128/3/6 20129/3/6 20137/3/6
f 20137/1/6 20117/1/6 20138/1/6
f 20130/2/6 20131/2/6 20140/2/6
f 20131/2/6 20132/2/6 20140/2/6
f 20140/2/6 20132/2/6 20141/2/6
f 20141/2/6 20132/2/6 20142/2/6
f 20134/2/6 20135/2/6 20143/2/6
f 20135/1/6 20136/1/6 20144/1/6
f 20143/2/6 20135/2/6 20144/2/6
f 20144/1/6 20136/1/6 20145/1/6
f 20137/3/6 20138/3/6 20146/3/6
f 20128/3/6 20137/3/6 20146/3/6
f 20146/3/6 20138/3/6 20147/3/6
f 20138/1/6 20139/1/6 20148/1/6
f 20147/3/6 20138/3/6 20148/3/6
f 20148/1/6 20139/1/6 20149/1/6
f 20140/1/6 20141/1/6 20150/1/6
f 20141/3/6 20142/3/6 20151/3/6
f 20150/1/6 20141/1/6 20151/1/6
f 20151/3/6 20142/3/6 20152/3/6
f 20148/2/6 20149/2/6 20153/2/6
f 20147/2/6 20148/2/6 20153/2/6
f 20153/2/6 20149/2/6 20154/2/6
f 20150/1/6 20151/1/6 20156/1/6
f 20156/1/6 20151/1/6 20157/1/6
f 20153/3/6 20154/3/6 20158/3/6
f 20158/3/6 20154/3/6 20159/3/6
f 20156/2/6 20157/2/6 20161/2/6
f 20155/2/6 20156/2/6 20161/2/6
f 20161/2/6 20157/2/6 20162/2/6
f 20158/1/6 20159/1/6 20163/1/6
f 20159/1/6 20160/1/6 20163/1/6
f 20163/1/6 20160/1/6 20164/1/6
f 20164/1/6 20160/1/6 20165/1/6
f 20165/1/6 20160/1/6 20166/1/6
f 20161/3/6 20162/3/6 20168/3/6
f 20162/2/6 20157/2/6 20169/2/6
f 20168/3/6 20162/3/6 20169/3/6
f 20169/2/6 20157/2/6 20170/2/6
f 20164/2/6 20165/2/6 20171/2/6
f 20165/3/6 20166/3/6 20172/3/6
f 20171/2/6 20165/2/6 20172/2/6
f 20172/3/6 20166/3/6 20173/3/6
f 20167/2/6 20168/2/6 20175/2/6
f 20169/1/6 20170/1/6 20176/1/6
f 20175/2/6 20168/2/6 20176/2/6
f 20168/1/6 20169/1/6 20176/1/6
f 20176/1/6 20170/1/6 20177/1/6
f 20177/1/6 20170/1/6 20178/1/6
f 20172/3/6 20173/3/6 20179/3/6
f 20171/3/6 20172/3/6 20179/3/6
f 20179/3/6 20173/3/6 20180/3/6
f 20173/2/6 20174/2/6 20181/2/6
f 20180/3/6 20173/3/6 20181/3/6
f 20175/2/6 20176/2/6 20183/2/6
f 20176/3/6 20177/3/6 20184/3/6
f 20183/2/6 20176/2/6 20184/2/6
f 20184/3/6 20177/3/6 20185/3/6
f 20181/2/6 20174/2/6 20186/2/6
f 20182/3/6 20183/3/6 20188/3/6
f 20183/2/6 20184/2/6 20188/2/6
f 20184/1/6 20185/1/6 20189/1/6
f 20188/2/6 20184/2/6 20189/2/6
f 20189/1/6 20185/1/6 20190/1/6
f 20180/1/6 20181/1/6 20191/1/6
f 20186/2/6 20187/2/6 20192/2/6
f 20191/1/6 20181/1/6 20192/1/6
f 20181/2/6 20186/2/6 20192/2/6
f 20192/2/6 20187/2/6 20193/2/6
f 20193/2/6 20187/2/6 20194/2/6
f 20182/3/6 20188/3/6 20195/3/6
f 20188/1/6 20189/1/6 20196/1/6
f 20195/3/6 20188/3/6 20196/3/6
f 20196/1/6 20189/1/6 20197/1/6
f 20195/2/6 20196/2/6 20199/2/6
f 20196/3/6 20197/3/6 20200/3/6
f 20199/2/6 20196/2/6 20200/2/6
f 20200/3/6 20197/3/6 20201/3/6
f 20192/1/6 20193/1/6 20202/1/6
f 20193/2/6 20194/2/6 20203/2/6
f 20202/1/6 20193/1/6 20203/1/6
f 20203/2/6 20194/2/6 20204/2/6
f 20198/3/6 20199/3/6 20206/3/6
f 20199/2/6 20200/2/6 20207/2/6
f 20206/3/6 20199/3/6 20207/3/6
f 20207/2/6 20200/2/6 20208/2/6
f 20203/1/6 20204/1/6 20209/1/6
f 20204/2/6 20205/2/6 20209/2/6
f 20209/2/6 20205/2/6 20210/2/6
f 20206/2/6 20207/2/6 20212/2/6
f 20207/3/6 20208/3/6 20213/3/6
f 20212/2/6 20207/2/6 20213/2/6
f 20213/3/6 20208/3/6 20214/3/6
f 20203/1/6 20209/1/6 20215/1/6
f 20209/1/6 20210/1/6 20215/1/6
f 20215/1/6 20210/1/6 20216/1/6
f 20216/1/6 20210/1/6 20217/1/6
f 20211/3/6 20212/3/6 20220/3/6
f 20212/2/6 20213/2/6 20221/2/6
f 20220/3/6 20212/3/6 20221/3/6
f 20221/2/6 20213/2/6 20222/2/6
f 20216/3/6 20217/3/6 20223/3/6
f 20217/3/6 20218/3/6 20223/3/6
f 20223/3/6 20218/3/6 20224/3/6
f 20224/3/6 20218/3/6 20225/3/6
f 20219/1/6 20220/1/6 20227/1/6
f 20220/2/6 20221/2/6 20228/2/6
f 20227/1/6 20220/1/6 20228/1/6
f 20221/3/6 20222/3/6 20229/3/6
f 20228/2/6 20221/2/6 20229/2/6
f 20229/3/6 20222/3/6 20230/3/6
f 20223/1/6 20224/1/6 20231/1/6
f 20224/3/6 20225/3/6 20232/3/6
f 20231/1/6 20224/1/6 20232/1/6
f 20225/2/6 20226/2/6 20233/2/6
f 20232/3/6 20225/3/6 20233/3/6
f 20233/2/6 20226/2/6 20234/2/6
f 20227/1/6 20228/1/6 20236/1/6
f 20228/3/6 20229/3/6 20237/3/6
f 20236/1/6 20228/1/6 20237/1/6
f 20237/3/6 20229/3/6 20238/3/6
f 20232/3/6 20233/3/6 20239/3/6
f 20233/3/6 20234/3/6 20239/3/6
f 20236/3/6 20237/3/6 20241/3/6
f 20235/3/6 20236/3/6 20241/3/6
f 20241/3/6 20237/3/6 20242/3/6
f 20237/2/6 20238/2/6 20243/2/6
f 20242/3/6 20237/3/6 20243/3/6
f 20243/2/6 20238/2/6 20244/2/6
f 20232/3/6 20239/3/6 20245/3/6
f 20245/3/6 20239/3/6 20246/3/6
f 20239/2/6 20240/2/6 20247/2/6
f 20246/3/6 20239/3/6 20247/3/6
f 20247/2/6 20240/2/6 20248/2/6
f 20241/3/6 20242/3/6 20250/3/6
f 20242/1/6 20243/1/6 20251/1/6
f 20250/3/6 20242/3/6 20251/3/6
f 20251/1/6 20243/1/6 20252/1/6
f 20245/2/6 20246/2/6 20253/2/6
f 20247/1/6 20248/1/6 20254/1/6
f 20253/2/6 20246/2/6 20254/2/6
f 20246/1/6 20247/1/6 20254/1/6
f 20254/1/6 20248/1/6 20255/1/6
f 20255/1/6 20248/1/6 20256/1/6
f 20249/1/6 20250/1/6 20258/1/6
f 20250/1/6 20251/1/6 20258/1/6
f 20258/1/6 20251/1/6 20259/1/6
f 20251/2/6 20252/2/6 20260/2/6
f 20259/1/6 20251/1/6 20260/1/6
f 20260/2/6 20252/2/6 20261/2/6
f 20254/3/6 20255/3/6 20262/3/6
f 20255/1/6 20256/1/6 20263/1/6
f 20262/3/6 20255/3/6 20263/3/6
f 20256/2/6 20257/2/6 20264/2/6
f 20263/1/6 20256/1/6 20264/1/6
f 20264/2/6 20257/2/6 20265/2/6
f 20258/2/6 20259/2/6 20267/2/6
f 20259/3/6 20260/3/6 20268/3/6
f 20267/2/6 20259/2/6 20268/2/6
f 20268/3/6 20260/3/6 20269/3/6
f 20262/1/6 20263/1/6 20270/1/6
f 20263/3/6 20264/3/6 20271/3/6
f 20270/1/6 20263/1/6 20271/1/6
f 20264/2/6 20265/2/6 20272/2/6
f 20271/3/6 20264/3/6 20272/3/6
f 20272/2/6 20265/2/6 20273/2/6
f 20266/2/6 20267/2/6 20275/2/6
f 20268/1/6 20269/1/6 20276/1/6
f 20275/2/6 20267/2/6 20276/2/6
f 20267/1/6 20268/1/6 20276/1/6
f 20276/1/6 20269/1/6 20277/1/6
f 20277/1/6 20269/1/6 20278/1/6
f 20271/2/6 20272/2/6 20279/2/6
f 20273/1/6 20274/1/6 20280/1/6
f 20279/2/6 20272/2/6 20280/2/6
f 20272/1/6 20273/1/6 20280/1/6
f 20280/1/6 20274/1/6 20281/1/6
f 20281/1/6 20274/1/6 20282/1/6
f 20276/1/6 20277/1/6 20284/1/6
f 20275/1/6 20276/1/6 20284/1/6
f 20284/1/6 20277/1/6 20285/1/6
f 20285/1/6 20277/1/6 20286/1/6
f 20280/1/6 20281/1/6 20287/1/6
f 20281/3/6 20282/3/6 20287/3/6
f 20287/3/6 20282/3/6 20288/3/6
f 20283/1/6 20284/1/6 20290/1/6
f 20284/2/6 20285/2/6 20291/2/6
f 20290/1/6 20284/1/6 20291/1/6
f 20280/1/6 20287/1/6 20292/1/6
f 20288/2/6 20289/2/6 20293/2/6
f 20292/1/6 20287/1/6 20293/1/6
f 20287/2/6 20288/2/6 20293/2/6
f 20293/2/6 20289/2/6 20294/2/6
f 20294/2/6 20289/2/6 20295/2/6
f 20290/2/6 20291/2/6 20297/2/6
f 20291/2/6 20285/2/6 20298/2/6
f 20297/2/6 20291/2/6 20298/2/6
f 20293/1/6 20294/1/6 20299/1/6
f 20294/3/6 20295/3/6 20300/3/6
f 20299/1/6 20294/1/6 20300/1/6
f 20300/3/6 20295/3/6 20301/3/6
f 20296/1/6 20297/1/6 20303/1/6
f 20297/3/6 20298/3/6 20304/3/6
f 20303/1/6 20297/1/6 20304/1/6
f 20298/2/6 20285/2/6 20305/2/6
f 20304/3/6 20298/3/6 20305/3/6
f 20305/2/6 20285/2/6 20306/2/6
f 20300/2/6 20301/2/6 20307/2/6
f 20299/2/6 20300/2/6 20307/2/6
f 20307/2/6 20301/2/6 20308/2/6
f 20301/1/6 20302/1/6 20309/1/6
f 20308/2/6 20301/2/6 20309/2/6
f 20309/1/6 20302/1/6 20310/1/6
f 20303/2/6 20304/2/6 20311/2/6
f 20304/2/6 20305/2/6 20311/2/6
f 20305/1/6 20306/1/6 20312/1/6
f 20311/2/6 20305/2/6 20312/2/6
f 20312/1/6 20306/1/6 20313/1/6
f 20308/2/6 20309/2/6 20314/2/6
f 20309/3/6 20310/3/6 20315/3/6
f 20314/2/6 20309/2/6 20315/2/6
f 20315/3/6 20310/3/6 20316/3/6
f 20311/3/6 20312/3/6 20317/3/6
f 20317/3/6 20312/3/6 20318/3/6
f 20318/3/6 20312/3/6 20319/3/6
f 20314/1/6 20315/1/6 20321/1/6
f 20315/2/6 20316/2/6 20322/2/6
f 20321/1/6 20315/1/6 20322/1/6
f 20322/2/6 20316/2/6 20323/2/6
f 20318/2/6 20319/2/6 20324/2/6
f 20317/3/6 20318/3/6 20324/3/6
f 20324/2/6 20319/2/6 20325/2/6
f 20320/3/6 20321/3/6 20326/3/6
f 20321/2/6 20322/2/6 20327/2/6
f 20326/3/6 20321/3/6 20327/3/6
f 20322/3/6 20323/3/6 20328/3/6
f 20327/2/6 20322/2/6 20328/2/6
f 20328/3/6 20323/3/6 20329/3/6
f 20317/3/6 20324/3/6 20330/3/6
f 20324/1/6 20325/1/6 20331/1/6
f 20330/3/6 20324/3/6 20331/3/6
f 20331/1/6 20325/1/6 20332/1/6
f 20328/1/6 20329/1/6 20333/1/6
f 20330/3/6 20331/3/6 20334/3/6
f 20334/3/6 20331/3/6 20335/3/6
f 20327/2/6 20328/2/6 20336/2/6
f 20328/1/6 20333/1/6 20337/1/6
f 20336/2/6 20328/2/6 20337/2/6
f 20337/1/6 20333/1/6 20338/1/6
f 20334/2/6 20335/2/6 20339/2/6
f 20339/2/6 20335/2/6 20340/2/6
f 20336/3/6 20337/3/6 20341/3/6
f 20337/1/6 20338/1/6 20342/1/6
f 20341/3/6 20337/3/6 20342/3/6
f 20342/1/6 20338/1/6 20343/1/6
f 20339/1/6 20340/1/6 20344/1/6
f 20341/1/6 20342/1/6 20345/1/6
f 20342/2/6 20343/2/6 20346/2/6
f 20345/1/6 20342/1/6 20346/1/6
f 20346/2/6 20343/2/6 20347/2/6
f 20344/1/6 20340/1/6 20348/1/6
f 20348/1/6 20340/1/6 20349/1/6
f 20345/3/6 20346/3/6 20350/3/6
f 20346/2/6 20347/2/6 20351/2/6
f 20350/3/6 20346/3/6 20351/3/6
f 20351/2/6 20347/2/6 20352/2/6
f 20348/2/6 20349/2/6 20353/2/6
f 20353/2/6 20349/2/6 20354/2/6
f 20350/1/6 20351/1/6 20355/1/6
f 20351/3/6 20352/3/6 20356/3/6
f 20355/1/6 20351/1/6 20356/1/6
f 20356/3/6 20352/3/6 20357/3/6
f 20353/1/6 20354/1/6 20358/1/6
f 20358/1/6 20354/1/6 20359/1/6
f 20355/2/6 20356/2/6 20360/2/6
f 20356/3/6 20357/3/6 20360/3/6
f 20360/3/6 20357/3/6 20361/3/6
f 20358/2/6 20359/2/6 20362/2/6
f 20362/2/6 20359/2/6 20363/2/6
f 20362/3/6 20363/3/6 20364/3/6
f 20355/2/6 20360/2/6 20365/2/6
f 20360/1/6 20361/1/6 20366/1/6
f 20365/2/6 20360/2/6 20366/2/6
f 20366/1/6 20361/1/6 20367/1/6
f 20364/3/6 20363/3/6 20368/3/6
f 20368/3/6 20363/3/6 20369/3/6
f 20365/3/6 20366/3/6 20370/3/6
f 20366/3/6 20367/3/6 20370/3/6
f 20370/3/6 20367/3/6 20371/3/6
f 20371/3/6 20367/3/6 20372/3/6
f 20368/1/6 20369/1/6 20373/1/6
f 20373/1/6 20369/1/6 20374/1/6
f 20371/1/6 20372/1/6 20375/1/6
f 20373/3/6 20374/3/6 20376/3/6
f 20376/3/6 20374/3/6 20377/3/6
f 20370/2/6 20371/2/6 20378/2/6
f 20371/1/6 20375/1/6 20379/1/6
f 20378/2/6 20371/2/6 20379/2/6
f 20379/1/6 20375/1/6 20380/1/6
f 20376/1/6 20377/1/6 20381/1/6
f 20381/1/6 20377/1/6 20382/1/6
f 20378/1/6 20379/1/6 20383/1/6
f 20379/3/6 20380/3/6 20383/3/6
f 20383/3/6 20380/3/6 20384/3/6
f 20378/1/6 20383/1/6 20385/1/6
f 20383/1/6 20384/1/6 20385/1/6
f 20385/1/6 20384/1/6 20386/1/6
f 20386/1/6 20384/1/6 20387/1/6
f 20381/2/6 20382/2/6 20388/2/6
f 20388/2/6 20382/2/6 20389/2/6
f 20385/3/6 20386/3/6 20390/3/6
f 20386/2/6 20387/2/6 20391/2/6
f 20390/3/6 20386/3/6 20391/3/6
f 20391/2/6 20387/2/6 20392/2/6
f 20390/1/6 20391/1/6 20393/1/6
f 20391/1/6 20392/1/6 20393/1/6
f 20393/1/6 20392/1/6 20394/1/6
f 20389/2/6 20382/2/6 20395/2/6
f 20395/2/6 20382/2/6 20396/2/6
f 20393/2/6 20394/2/6 20397/2/6
f 20397/2/6 20394/2/6 20398/2/6
f 20393/2/6 20397/2/6 20399/2/6
f 20397/3/6 20398/3/6 20400/3/6
f 20399/2/6 20397/2/6 20400/2/6
f 20400/3/6 20398/3/6 20401/3/6
f 20395/1/6 20396/1/6 20402/1/6
f 20402/1/6 20396/1/6 20403/1/6
f 20399/3/6 20400/3/6 20404/3/6
f 20400/1/6 20401/1/6 20405/1/6
f 20404/3/6 20400/3/6 20405/3/6
f 20405/1/6 20401/1/6 20406/1/6
f 20402/2/6 20403/2/6 20407/2/6
f 20407/2/6 20403/2/6 20408/2/6
f 20404/1/6 20405/1/6 20409/1/6
f 20405/3/6 20406/3/6 20410/3/6
f 20409/1/6 20405/1/6 20410/1/6
f 20410/3/6 20406/3/6 20411/3/6
f 20407/1/6 20408/1/6 20412/1/6
f 20412/1/6 20408/1/6 20413/1/6
f 20409/2/6 20410/2/6 20414/2/6
f 20410/1/6 20411/1/6 20415/1/6
f 20414/2/6 20410/2/6 20415/2/6
f 20415/1/6 20411/1/6 20416/1/6
f 20412/2/6 20413/2/6 20417/2/6
f 20415/2/6 20416/2/6 20418/2/6
f 20417/2/6 20413/2/6 20419/2/6
f 20419/2/6 20413/2/6 20420/2/6
f 20414/3/6 20415/3/6 20421/3/6
f 20415/2/6 20418/2/6 20422/2/6
f 20421/3/6 20415/3/6 20422/3/6
f 20422/2/6 20418/2/6 20423/2/6
f 20419/3/6 20420/3/6 20424/3/6
f 20424/3/6 20420/3/6 20425/3/6
f 20421/2/6 20422/2/6 20426/2/6
f 20422/1/6 20423/1/6 20427/1/6
f 20426/2/6 20422/2/6 20427/2/6
f 20427/1/6 20423/1/6 20428/1/6
f 20424/1/6 20425/1/6 20429/1/6
f 20429/1/6 20425/1/6 20430/1/6
f 20426/1/6 20427/1/6 20431/1/6
f 20427/3/6 20428/3/6 20431/3/6
f 20431/3/6 20428/3/6 20432/3/6
f 20429/2/6 20430/2/6 20433/2/6
f 20426/1/6 20431/1/6 20434/1/6
f 20431/1/6 20432/1/6 20434/1/6
f 20434/1/6 20432/1/6 20435/1/6
f 20435/1/6 20432/1/6 20436/1/6
f 20433/2/6 20430/2/6 20437/2/6
f 20437/2/6 20430/2/6 20438/2/6
f 20434/3/6 20435/3/6 20439/3/6
f 20435/1/6 20436/1/6 20440/1/6
f 20439/3/6 20435/3/6 20440/3/6
f 20439/1/6 20440/1/6 20441/1/6
f 20440/1/6 20436/1/6 20441/1/6
f 20437/3/6 20438/3/6 20442/3/6
f 20442/3/6 20438/3/6 20443/3/6
f 20439/1/6 20441/1/6 20444/1/6
f 20444/1/6 20441/1/6 20445/1/6
f 20442/2/6 20443/2/6 20446/2/6
f 20446/2/6 20443/2/6 20447/2/6
f 20444/2/6 20445/2/6 20448/2/6
f 20448/2/6 20445/2/6 20449/2/6
f 20449/2/6 20445/2/6 20450/2/6
f 20448/1/6 20449/1/6 20451/1/6
f 20449/2/6 20450/2/6 20452/2/6
f 20451/1/6 20449/1/6 20452/1/6
f 20452/2/6 20450/2/6 20453/2/6
f 20446/1/6 20447/1/6 20454/1/6
f 20454/1/6 20447/1/6 20455/1/6
f 20451/2/6 20452/2/6 20456/2/6
f 20452/2/6 20453/2/6 20456/2/6
f 20456/2/6 20453/2/6 20457/2/6
f 20457/2/6 20453/2/6 20458/2/6
f 20454/3/6 20455/3/6 20459/3/6
f 20459/3/6 20455/3/6 20460/3/6
f 20456/3/6 20457/3/6 20461/3/6
f 20457/1/6 20458/1/6 20462/1/6
f 20461/3/6 20457/3/6 20462/3/6
f 20462/1/6 20458/1/6 20463/1/6
f 20461/2/6 20462/2/6 20464/2/6
f 20462/3/6 20463/3/6 20465/3/6
f 20464/2/6 20462/2/6 20465/2/6
f 20465/3/6 20463/3/6 20466/3/6
f 20464/3/6 20465/3/6 20467/3/6
f 20465/1/6 20466/1/6 20468/1/6
f 20467/3/6 20465/3/6 20468/3/6
f 20468/1/6 20466/1/6 20469/1/6
f 20459/1/6 20460/1/6 20470/1/6
f 20470/1/6 20460/1/6 20471/1/6
f 20467/2/6 20468/2/6 20472/2/6
f 20468/2/6 20469/2/6 20472/2/6
f 20472/2/6 20469/2/6 20473/2/6
f 20470/3/6 20471/3/6 20476/3/6
f 20476/3/6 20471/3/6 20477/3/6
f 20472/3/6 20473/3/6 20478/3/6
f 20473/2/6 20469/2/6 20479/2/6
f 20478/3/6 20473/3/6 20479/3/6
f 20479/2/6 20469/2/6 20480/2/6
f 20474/2/6 20475/2/6 20483/2/6
f 20483/2/6 20475/2/6 20484/2/6
f 20476/2/6 20477/2/6 20485/2/6
f 20478/2/6 20479/2/6 20486/2/6
f 20479/3/6 20480/3/6 20487/3/6
f 20486/2/6 20479/2/6 20487/2/6
f 20487/3/6 20480/3/6 20488/3/6
f 20481/2/6 20482/2/6 20489/2/6
f 20489/2/6 20482/2/6 20490/2/6
f 20485/2/6 20477/2/6 20491/2/6
f 20491/2/6 20477/2/6 20492/2/6
f 20486/1/6 20487/1/6 20493/1/6
f 20487/2/6 20488/2/6 20494/2/6
f 20493/1/6 20487/1/6 20494/1/6
f 20494/2/6 20488/2/6 20495/2/6
f 20493/2/6 20494/2/6 20496/2/6
f 20496/2/6 20494/2/6 20497/2/6
f 20498/2/6 20499/2/6 20518/2/6
f 20518/2/6 20499/2/6 20519/2/6
f 20500/3/6 20501/3/6 20520/3/6
f 20501/2/6 20502/2/6 20521/2/6
f 20520/3/6 20501/3/6 20521/3/6
f 20502/1/6 20503/1/6 20522/1/6
f 20521/2/6 20502/2/6 20522/2/6
f 20522/1/6 20503/1/6 20523/1/6
f 20503/3/6 20504/3/6 20524/3/6
f 20523/1/6 20503/1/6 20524/1/6
f 20504/1/6 20505/1/6 20525/1/6
f 20524/3/6 20504/3/6 20525/3/6
f 20505/2/6 20506/2/6 20526/2/6
f 20525/1/6 20505/1/6 20526/1/6
f 20506/1/6 20507/1/6 20527/1/6
f 20526/2/6 20506/2/6 20527/2/6
f 20507/2/6 20508/2/6 20528/2/6
f 20527/1/6 20507/1/6 20528/1/6
f 20508/3/6 20509/3/6 20529/3/6
f 20528/2/6 20508/2/6 20529/2/6
f 20509/1/6 20510/1/6 20530/1/6
f 20529/3/6 20509/3/6 20530/3/6
f 20510/2/6 20511/2/6 20531/2/6
f 20530/1/6 20510/1/6 20531/1/6
f 20511/1/6 20512/1/6 20532/1/6
f 20531/2/6 20511/2/6 20532/2/6
f 20532/1/6 20512/1/6 20533/1/6
f 20533/1/6 20512/1/6 20534/1/6
f 20512/2/6 20513/2/6 20535/2/6
f 20534/1/6 20512/1/6 20535/1/6
f 20513/3/6 20514/3/6 20536/3/6
f 20535/2/6 20513/2/6 20536/2/6
f 20536/3/6 20514/3/6 20537/3/6
f 20514/1/6 20515/1/6 20538/1/6
f 20537/3/6 20514/3/6 20538/3/6
f 20515/3/6 20516/3/6 20539/3/6
f 20538/1/6 20515/1/6 20539/1/6
f 20539/3/6 20516/3/6 20540/3/6
f 20516/1/6 20517/1/6 20541/1/6
f 20540/3/6 20516/3/6 20541/3/6
f 20541/1/6 20517/1/6 20542/1/6
f 20542/1/6 20517/1/6 20543/1/6
f 20544/1/6 20545/1/6 20548/1/6
f 20548/1/6 20545/1/6 20549/1/6
f 20546/1/6 20547/1/6 20550/1/6
f 20550/1/6 20547/1/6 20551/1/6
f 20552/1/6 20553/1/6 20556/1/6
f 20556/1/6 20553/1/6 20557/1/6
f 20554/1/6 20555/1/6 20558/1/6
f 20556/2/6 20557/2/6 20559/2/6
f 20559/2/6 20557/2/6 20560/2/6
f 20558/1/6 20555/1/6 20561/1/6
f 20561/1/6 20555/1/6 20562/1/6
f 20563/1/6 20564/1/6 20567/1/6
f 20567/1/6 20564/1/6 20568/1/6
f 20565/2/6 20566/2/6 20569/2/6
f 20569/2/6 20566/2/6 20570/2/6
f 20571/3/6 20572/3/6 20577/3/6
f 20572/1/6 20573/1/6 20578/1/6
f 20577/3/6 20572/3/6 20578/3/6
f 20578/1/6 20573/1/6 20579/1/6
f 20574/2/6 20575/2/6 20580/2/6
f 20575/3/6 20576/3/6 20581/3/6
f 20580/2/6 20575/2/6 20581/2/6
f 20581/3/6 20576/3/6 20582/3/6
f 20578/2/6 20579/2/6 20583/2/6
f 20583/2/6 20579/2/6 20584/2/6
f 20580/1/6 20581/1/6 20585/1/6
f 20585/1/6 20581/1/6 20586/1/6
f 20587/1/6 20588/1/6 20589/1/6
f 20589/1/6 20588/1/6 20590/1/6
f 20591/1/6 20592/1/6 20593/1/6
f 20593/1/6 20592/1/6 20594/1/6
f 20593/2/6 20594/2/6 20595/2/6
f 20595/2/6 20594/2/6 20596/2/6
f 20595/1/6 20596/1/6 20597/1/6
f 20597/1/6 20596/1/6 20598/1/6
f 20597/2/6 20598/2/6 20599/2/6
f 20599/2/6 20598/2/6 20600/2/6
f 20601/1/6 20602/1/6 20605/1/6
f 20605/1/6 20602/1/6 20606/1/6
f 20603/1/6 20604/1/6 20607/1/6
f 20607/1/6 20604/1/6 20608/1/6
f 20609/2/6 20610/2/6 20613/2/6
f 20613/2/6 20610/2/6 20614/2/6
f 20611/1/6 20612/1/6 20615/1/6
f 20615/1/6 20612/1/6 20616/1/6
f 20617/4/6 20618/4/6 20621/4/6
f 20621/4/6 20618/4/6 20622/4/6
f 20619/4/6 20620/4/6 20623/4/6
f 20623/4/6 20620/4/6 20624/4/6
f 20625/4/6 20626/4/6 20630/4/6
f 20626/3/6 20627/3/6 20630/3/6
f 20627/1/6 20628/1/6 20631/1/6
f 20630/3/6 20627/3/6 20631/3/6
f 20625/4/6 20630/4/6 20632/4/6
f 20630/2/6 20631/2/6 20632/2/6
f 20631/1/6 20628/1/6 20633/1/6
f 20632/2/6 20631/2/6 20633/2/6
f 20628/4/6 20629/4/6 20634/4/6
f 20633/1/6 20628/1/6 20634/1/6
f 20632/1/6 20633/1/6 20635/1/6
f 20625/4/6 20632/4/6 20635/4/6
f 20633/2/6 20634/2/6 20636/2/6
f 20635/1/6 20633/1/6 20636/1/6
f 20634/4/6 20629/4/6 20637/4/6
f 20636/2/6 20634/2/6 20637/2/6
f 20635/3/6 20636/3/6 20638/3/6
f 20625/4/6 20635/4/6 20638/4/6
f 20636/1/6 20637/1/6 20639/1/6
f 20638/3/6 20636/3/6 20639/3/6
f 20625/4/6 20638/4/6 20640/4/6
f 20638/1/6 20639/1/6 20641/1/6
f 20640/4/6 20638/4/6 20641/4/6
f 20639/1/6 20637/1/6 20642/1/6
f 20641/1/6 20639/1/6 20642/1/6
f 20640/4/6 20641/4/6 20643/4/6
f 20641/2/6 20642/2/6 20644/2/6
f 20643/4/6 20641/4/6 20644/4/6
f 20642/1/6 20637/1/6 20645/1/6
f 20644/2/6 20642/2/6 20645/2/6
f 20637/4/6 20629/4/6 20646/4/6
f 20645/1/6 20637/1/6 20646/1/6
f 20646/4/6 20629/4/6 20647/4/6
f 20648/4/6 20649/4/6 20651/4/6
f 20651/4/6 20649/4/6 20652/4/6
f 20650/4/6 20651/4/6 20655/4/6
f 20652/4/6 20653/4/6 20655/4/6
f 20651/4/6 20652/4/6 20655/4/6
f 20655/4/6 20653/4/6 20656/4/6
f 20654/4/6 20655/4/6 20659/4/6
f 20656/4/6 20657/4/6 20659/4/6
f 20655/4/6 20656/4/6 20659/4/6
f 20659/4/6 20657/4/6 20660/4/6
f 20660/4/6 20657/4/6 20661/4/6
f 20661/4/6 20657/4/6 20662/4/6
f 20662/4/6 20657/4/6 20663/4/6
f 20663/4/6 20657/4/6 20664/4/6
f 20658/4/6 20659/4/6 20667/4/6
f 20659/4/6 20660/4/6 20667/4/6
f 20667/4/6 20660/4/6 20668/4/6
f 20668/4/6 20660/4/6 20669/4/6
f 20663/4/6 20664/4/6 20670/4/6
f 20664/4/6 20665/4/6 20670/4/6
f 20670/4/6 20665/4/6 20671/4/6
f 20671/4/6 20665/4/6 20672/4/6
f 20667/4/6 20668/4/6 20674/4/6
f 20666/4/6 20667/4/6 20674/4/6
f 20674/4/6 20668/4/6 20675/4/6
f 20672/4/6 20673/4/6 20676/4/6
f 20671/4/6 20672/4/6 20676/4/6
f 20676/4/6 20673/4/6 20677/4/6
f 20666/4/6 20674/4/6 20679/4/6
f 20661/4/6 20662/4/6 20680/4/6
f 20680/4/6 20662/4/6 20681/4/6
f 20681/4/6 20662/4/6 20682/4/6
f 20682/4/6 20662/4/6 20683/4/6
f 20683/4/6 20662/4/6 20684/4/6
f 20677/4/6 20673/4/6 20685/4/6
f 20678/4/6 20679/4/6 20687/4/6
f 20679/4/6 20674/4/6 20687/4/6
f 20687/4/6 20674/4/6 20688/4/6
f 20681/2/6 20682/2/6 20689/2/6
f 20682/3/6 20683/3/6 20690/3/6
f 20689/2/6 20682/2/6 20690/2/6
f 20690/3/6 20683/3/6 20691/3/6
f 20691/3/6 20683/3/6 20692/3/6
f 20685/4/6 20686/4/6 20693/4/6
f 20677/4/6 20685/4/6 20693/4/6
f 20693/4/6 20686/4/6 20694/4/6
f 20678/4/6 20687/4/6 20696/4/6
f 20689/3/6 20690/3/6 20697/3/6
f 20690/3/6 20691/3/6 20697/3/6
f 20691/1/6 20692/1/6 20698/1/6
f 20697/3/6 20691/3/6 20698/3/6
f 20692/3/6 20683/3/6 20699/3/6
f 20698/1/6 20692/1/6 20699/1/6
f 20699/3/6 20683/3/6 20700/3/6
f 20694/4/6 20686/4/6 20701/4/6
f 20695/4/6 20696/4/6 20704/4/6
f 20696/4/6 20687/4/6 20705/4/6
f 20704/4/6 20696/4/6 20705/4/6
f 20705/4/6 20687/4/6 20706/4/6
f 20701/4/6 20702/4/6 20707/4/6
f 20694/4/6 20701/4/6 20707/4/6
f 20707/4/6 20702/4/6 20708/4/6
f 20708/4/6 20702/4/6 20709/4/6
f 20704/4/6 20705/4/6 20712/4/6
f 20703/4/6 20704/4/6 20712/4/6
f 20712/4/6 20705/4/6 20713/4/6
f 20713/4/6 20705/4/6 20714/4/6
f 20709/4/6 20710/4/6 20715/4/6
f 20708/4/6 20709/4/6 20715/4/6
f 20715/4/6 20710/4/6 20716/4/6
f 20716/4/6 20710/4/6 20717/4/6
f 20712/4/6 20713/4/6 20720/4/6
f 20711/4/6 20712/4/6 20720/4/6
f 20720/4/6 20713/4/6 20721/4/6
f 20721/4/6 20713/4/6 20722/4/6
f 20717/4/6 20718/4/6 20723/4/6
f 20716/4/6 20717/4/6 20723/4/6
f 20723/4/6 20718/4/6 20724/4/6
f 20724/4/6 20718/4/6 20725/4/6
f 20720/4/6 20721/4/6 20728/4/6
f 20719/4/6 20720/4/6 20728/4/6
f 20725/4/6 20726/4/6 20729/4/6
f 20724/4/6 20725/4/6 20729/4/6
f 20727/4/6 20728/4/6 20731/4/6
f 20728/4/6 20721/4/6 20731/4/6
f 20731/4/6 20721/4/6 20732/4/6
f 20729/4/6 20730/4/6 20733/4/6
f 20724/4/6 20729/4/6 20733/4/6
f 20733/4/6 20730/4/6 20734/4/6
f 20727/4/6 20731/4/6 20736/4/6
f 20734/4/6 20730/4/6 20737/4/6
f 20735/4/6 20736/4/6 20739/4/6
f 20736/4/6 20731/4/6 20739/4/6
f 20739/4/6 20731/4/6 20740/4/6
f 20737/4/6 20738/4/6 20741/4/6
f 20734/4/6 20737/4/6 20741/4/6
f 20741/4/6 20738/4/6 20742/4/6
f 20735/4/6 20739/4/6 20744/4/6
f 20744/4/6 20739/4/6 20745/4/6
f 20745/4/6 20739/4/6 20746/4/6
f 20742/4/6 20738/4/6 20747/4/6
f 20747/4/6 20738/4/6 20748/4/6
f 20748/4/6 20738/4/6 20749/4/6
f 20743/4/6 20744/4/6 20752/4/6
f 20744/4/6 20745/4/6 20752/4/6
f 20752/4/6 20745/4/6 20753/4/6
f 20753/4/6 20745/4/6 20754/4/6
f 20749/4/6 20750/4/6 20755/4/6
f 20748/4/6 20749/4/6 20755/4/6
f 20755/4/6 20750/4/6 20756/4/6
f 20756/4/6 20750/4/6 20757/4/6
f 20752/4/6 20753/4/6 20760/4/6
f 20751/4/6 20752/4/6 20760/4/6
f 20760/4/6 20753/4/6 20761/4/6
f 20761/4/6 20753/4/6 20762/4/6
f 20757/4/6 20758/4/6 20763/4/6
f 20756/4/6 20757/4/6 20763/4/6
f 20763/4/6 20758/4/6 20764/4/6
f 20764/4/6 20758/4/6 20765/4/6
f 20760/4/6 20761/4/6 20768/4/6
f 20759/4/6 20760/4/6 20768/4/6
f 20768/4/6 20761/4/6 20769/4/6
f 20769/4/6 20761/4/6 20770/4/6
f 20765/4/6 20766/4/6 20771/4/6
f 20764/4/6 20765/4/6 20771/4/6
f 20771/4/6 20766/4/6 20772/4/6
f 20772/4/6 20766/4/6 20773/4/6
f 20768/4/6 20769/4/6 20776/4/6
f 20767/4/6 20768/4/6 20776/4/6
f 20776/4/6 20769/4/6 20777/4/6
f 20777/4/6 20769/4/6 20778/4/6
f 20773/4/6 20774/4/6 20779/4/6
f 20772/4/6 20773/4/6 20779/4/6
f 20779/4/6 20774/4/6 20780/4/6
f 20780/4/6 20774/4/6 20781/4/6
f 20776/4/6 20777/4/6 20784/4/6
f 20775/4/6 20776/4/6 20784/4/6
f 20781/4/6 20782/4/6 20785/4/6
f 20780/4/6 20781/4/6 20785/4/6
f 20783/4/6 20784/4/6 20788/4/6
f 20784/4/6 20777/4/6 20789/4/6
f 20788/4/6 20784/4/6 20789/4/6
f 20789/4/6 20777/4/6 20790/4/6
f 20790/4/6 20777/4/6 20791/4/6
f 20780/4/6 20785/4/6 20792/4/6
f 20792/4/6 20785/4/6 20793/4/6
f 20793/4/6 20785/4/6 20794/4/6
f 20785/3/6 20786/3/6 20795/3/6
f 20794/4/6 20785/4/6 20795/4/6
f 20795/3/6 20786/3/6 20796/3/6
f 20793/3/6 20794/3/6 20797/3/6
f 20795/4/6 20796/4/6 20798/4/6
f 20797/3/6 20794/3/6 20798/3/6
f 20794/4/6 20795/4/6 20798/4/6
f 20787/4/6 20788/4/6 20799/4/6
f 20788/4/6 20789/4/6 20799/4/6
f 20789/1/6 20790/1/6 20799/1/6
f 20799/1/6 20790/1/6 20800/1/6
f 20797/2/6 20798/2/6 20801/2/6
f 20798/4/6 20796/4/6 20802/4/6
f 20801/2/6 20798/2/6 20802/2/6
f 20799/2/6 20800/2/6 20803/2/6
f 20787/4/6 20799/4/6 20803/4/6
f 20803/2/6 20800/2/6 20804/2/6
f 20801/1/6 20802/1/6 20805/1/6
f 20802/4/6 20796/4/6 20806/4/6
f 20805/1/6 20802/1/6 20806/1/6
f 20803/1/6 20804/1/6 20807/1/6
f 20787/4/6 20803/4/6 20807/4/6
f 20807/1/6 20804/1/6 20808/1/6
f 20805/3/6 20806/3/6 20809/3/6
f 20806/4/6 20796/4/6 20810/4/6
f 20809/3/6 20806/3/6 20810/3/6
f 20807/3/6 20808/3/6 20811/3/6
f 20787/4/6 20807/4/6 20811/4/6
f 20811/3/6 20808/3/6 20812/3/6
f 20809/2/6 20810/2/6 20813/2/6
f 20810/4/6 20796/4/6 20814/4/6
f 20813/2/6 20810/2/6 20814/2/6
f 20811/1/6 20812/1/6 20815/1/6
f 20787/4/6 20811/4/6 20815/4/6
f 20815/1/6 20812/1/6 20816/1/6
f 20813/1/6 20814/1/6 20817/1/6
f 20814/4/6 20796/4/6 20818/4/6
f 20817/1/6 20814/1/6 20818/1/6
f 20817/3/6 20818/3/6 20819/3/6
f 20818/4/6 20796/4/6 20820/4/6
f 20819/3/6 20818/3/6 20820/3/6
f 20819/2/6 20820/2/6 20821/2/6
f 20820/4/6 20796/4/6 20822/4/6
f 20821/2/6 20820/2/6 20822/2/6
f 20821/3/6 20822/3/6 20823/3/6
f 20822/4/6 20796/4/6 20824/4/6
f 20823/3/6 20822/3/6 20824/3/6
f 20815/3/6 20816/3/6 20825/3/6
f 20787/4/6 20815/4/6 20825/4/6
f 20825/3/6 20816/3/6 20826/3/6
f 20823/2/6 20824/2/6 20827/2/6
f 20824/4/6 20796/4/6 20828/4/6
f 20827/2/6 20824/2/6 20828/2/6
f 20825/1/6 20826/1/6 20829/1/6
f 20787/4/6 20825/4/6 20829/4/6
f 20829/1/6 20826/1/6 20830/1/6
f 20827/1/6 20828/1/6 20831/1/6
f 20828/4/6 20796/4/6 20832/4/6
f 20831/1/6 20828/1/6 20832/1/6
f 20829/2/6 20830/2/6 20833/2/6
f 20787/4/6 20829/4/6 20833/4/6
f 20833/2/6 20830/2/6 20834/2/6
f 20787/4/6 20833/4/6 20835/4/6
f 20833/3/6 20834/3/6 20835/3/6
f 20835/3/6 20834/3/6 20836/3/6
f 20831/2/6 20832/2/6 20837/2/6
f 20832/4/6 20796/4/6 20838/4/6
f 20837/2/6 20832/2/6 20838/2/6
f 20835/1/6 20836/1/6 20839/1/6
f 20787/4/6 20835/4/6 20839/4/6
f 20839/1/6 20836/1/6 20840/1/6
f 20837/1/6 20838/1/6 20841/1/6
f 20838/4/6 20796/4/6 20842/4/6
f 20841/1/6 20838/1/6 20842/1/6
f 20841/3/6 20842/3/6 20843/3/6
f 20842/4/6 20796/4/6 20844/4/6
f 20843/3/6 20842/3/6 20844/3/6
f 20839/2/6 20840/2/6 20845/2/6
f 20787/4/6 20839/4/6 20845/4/6
f 20845/2/6 20840/2/6 20846/2/6
f 20843/1/6 20844/1/6 20847/1/6
f 20844/4/6 20796/4/6 20848/4/6
f 20847/1/6 20844/1/6 20848/1/6
f 20845/1/6 20846/1/6 20849/1/6
f 20787/4/6 20845/4/6 20849/4/6
f 20849/1/6 20846/1/6 20850/1/6
f 20847/3/6 20848/3/6 20851/3/6
f 20848/4/6 20796/4/6 20852/4/6
f 20851/3/6 20848/3/6 20852/3/6
f 20851/1/6 20852/1/6 20853/1/6
f 20852/4/6 20796/4/6 20854/4/6
f 20853/1/6 20852/1/6 20854/1/6
f 20853/2/6 20854/2/6 20855/2/6
f 20854/4/6 20796/4/6 20856/4/6
f 20855/2/6 20854/2/6 20856/2/6
f 20849/2/6 20850/2/6 20857/2/6
f 20787/4/6 20849/4/6 20857/4/6
f 20857/2/6 20850/2/6 20858/2/6
f 20855/3/6 20856/3/6 20859/3/6
f 20856/4/6 20796/4/6 20860/4/6
f 20859/3/6 20856/3/6 20860/3/6
f 20787/4/6 20857/4/6 20861/4/6
f 20857/3/6 20858/3/6 20862/3/6
f 20861/4/6 20857/4/6 20862/4/6
f 20862/3/6 20858/3/6 20863/3/6
f 20859/2/6 20860/2/6 20864/2/6
f 20860/4/6 20796/4/6 20865/4/6
f 20864/2/6 20860/2/6 20865/2/6
f 20865/4/6 20796/4/6 20866/4/6
f 20787/4/6 20861/4/6 20867/4/6
f 20866/4/6 20796/4/6 20872/4/6
f 20787/4/6 20867/4/6 20873/4/6
f 20867/4/6 20868/4/6 20873/4/6
f 20868/5/6 20869/5/6 20874/5/6
f 20873/4/6 20868/4/6 20874/4/6
f 20874/5/6 20869/5/6 20875/5/6
f 20870/5/6 20871/5/6 20876/5/6
f 20871/4/6 20872/4/6 20877/4/6
f 20876/5/6 20871/5/6 20877/5/6
f 20872/4/6 20796/4/6 20878/4/6
f 20877/4/6 20872/4/6 20878/4/6
f 20787/4/6 20873/4/6 20879/4/6
f 20878/4/6 20796/4/6 20884/4/6
f 20879/4/6 20880/4/6 20885/4/6
f 20880/1/6 20881/1/6 20885/1/6
f 20885/1/6 20881/1/6 20886/1/6
f 20882/1/6 20883/1/6 20887/1/6
f 20883/4/6 20884/4/6 20888/4/6
f 20887/1/6 20883/1/6 20888/1/6
f 20885/3/6 20886/3/6 20889/3/6
f 20879/4/6 20885/4/6 20889/4/6
f 20889/3/6 20886/3/6 20890/3/6
f 20887/3/6 20888/3/6 20891/3/6
f 20888/4/6 20884/4/6 20892/4/6
f 20891/3/6 20888/3/6 20892/3/6
f 20891/2/6 20892/2/6 20893/2/6
f 20892/4/6 20884/4/6 20894/4/6
f 20893/2/6 20892/2/6 20894/2/6
f 20889/2/6 20890/2/6 20895/2/6
f 20879/4/6 20889/4/6 20895/4/6
f 20895/2/6 20890/2/6 20896/2/6
f 20893/1/6 20894/1/6 20897/1/6
f 20894/4/6 20884/4/6 20898/4/6
f 20897/1/6 20894/1/6 20898/1/6
f 20895/3/6 20896/3/6 20899/3/6
f 20879/4/6 20895/4/6 20899/4/6
f 20899/3/6 20896/3/6 20900/3/6
f 20897/3/6 20898/3/6 20901/3/6
f 20898/4/6 20884/4/6 20902/4/6
f 20901/3/6 20898/3/6 20902/3/6
f 20899/1/6 20900/1/6 20903/1/6
f 20879/4/6 20899/4/6 20903/4/6
f 20903/1/6 20900/1/6 20904/1/6
f 20879/4/6 20903/4/6 20905/4/6
f 20903/3/6 20904/3/6 20905/3/6
f 20905/3/6 20904/3/6 20906/3/6
f 20901/1/6 20902/1/6 20907/1/6
f 20902/4/6 20884/4/6 20908/4/6
f 20907/1/6 20902/1/6 20908/1/6
f 20905/1/6 20906/1/6 20909/1/6
f 20879/4/6 20905/4/6 20909/4/6
f 20909/1/6 20906/1/6 20910/1/6
f 20907/2/6 20908/2/6 20911/2/6
f 20908/4/6 20884/4/6 20912/4/6
f 20911/2/6 20908/2/6 20912/2/6
f 20787/4/6 20879/4/6 20913/4/6
f 20879/4/6 20909/4/6 20913/4/6
f 20913/4/6 20909/4/6 20914/4/6
f 20911/1/6 20912/1/6 20915/1/6
f 20912/4/6 20884/4/6 20916/4/6
f 20915/1/6 20912/1/6 20916/1/6
f 20884/4/6 20796/4/6 20917/4/6
f 20916/4/6 20884/4/6 20917/4/6
f 20917/4/6 20796/4/6 20918/4/6
f 20915/3/6 20916/3/6 20919/3/6
f 20916/4/6 20917/4/6 20920/4/6
f 20919/3/6 20916/3/6 20920/3/6
f 20909/3/6 20910/3/6 20921/3/6
f 20914/4/6 20909/4/6 20921/4/6
f 20921/3/6 20910/3/6 20922/3/6
f 20914/4/6 20921/4/6 20923/4/6
f 20921/1/6 20922/1/6 20923/1/6
f 20923/1/6 20922/1/6 20924/1/6
f 20919/1/6 20920/1/6 20925/1/6
f 20920/4/6 20917/4/6 20926/4/6
f 20925/1/6 20920/1/6 20926/1/6
f 20923/3/6 20924/3/6 20927/3/6
f 20914/4/6 20923/4/6 20927/4/6
f 20927/3/6 20924/3/6 20928/3/6
f 20925/2/6 20926/2/6 20929/2/6
f 20926/4/6 20917/4/6 20930/4/6
f 20929/2/6 20926/2/6 20930/2/6
f 20927/4/6 20928/4/6 20931/4/6
f 20914/4/6 20927/4/6 20931/4/6
f 20931/4/6 20928/4/6 20932/4/6
f 20929/4/6 20930/4/6 20935/4/6
f 20930/4/6 20917/4/6 20936/4/6
f 20935/4/6 20930/4/6 20936/4/6
f 20932/4/6 20933/4/6 20937/4/6
f 20937/4/6 20933/4/6 20938/4/6
f 20934/4/6 20935/4/6 20941/4/6
f 20941/4/6 20935/4/6 20942/4/6
f 20938/4/6 20939/4/6 20943/4/6
f 20943/4/6 20939/4/6 20944/4/6
f 20940/4/6 20941/4/6 20947/4/6
f 20947/4/6 20941/4/6 20948/4/6
f 20944/4/6 20945/4/6 20949/4/6
f 20949/4/6 20945/4/6 20950/4/6
f 20946/4/6 20947/4/6 20953/4/6
f 20953/4/6 20947/4/6 20954/4/6
f 20950/4/6 20951/4/6 20955/4/6
f 20955/4/6 20951/4/6 20956/4/6
f 20952/4/6 20953/4/6 20961/4/6
f 20961/4/6 20953/4/6 20962/4/6
f 20956/4/6 20957/4/6 20963/4/6
f 20963/4/6 20957/4/6 20964/4/6
f 20959/2/6 20960/2/6 20965/2/6
f 20958/4/6 20959/4/6 20965/4/6
f 20965/2/6 20960/2/6 20966/2/6
f 20960/4/6 20961/4/6 20967/4/6
f 20966/2/6 20960/2/6 20967/2/6
f 20967/4/6 20961/4/6 20968/4/6
f 20968/4/6 20961/4/6 20969/4/6
f 20964/4/6 20957/4/6 20970/4/6
f 20970/4/6 20957/4/6 20971/4/6
f 20965/1/6 20966/1/6 20972/1/6
f 20958/4/6 20965/4/6 20972/4/6
f 20966/3/6 20967/3/6 20973/3/6
f 20972/1/6 20966/1/6 20973/1/6
f 20967/4/6 20968/4/6 20974/4/6
f 20973/3/6 20967/3/6 20974/3/6
f 20974/4/6 20968/4/6 20975/4/6
f 20975/4/6 20968/4/6 20976/4/6
f 20971/4/6 20957/4/6 20977/4/6
f 20977/4/6 20957/4/6 20978/4/6
f 20958/4/6 20972/4/6 20979/4/6
f 20972/2/6 20973/2/6 20980/2/6
f 20979/4/6 20972/4/6 20980/4/6
f 20973/1/6 20974/1/6 20981/1/6
f 20980/2/6 20973/2/6 20981/2/6
f 20974/4/6 20975/4/6 20982/4/6
f 20981/1/6 20974/1/6 20982/1/6
f 20982/4/6 20975/4/6 20983/4/6
f 20984/4/6 20985/4/6 20986/4/6
f 20986/4/6 20985/4/6 20987/4/6
f 20988/5/6 20989/5/6 20992/5/6
f 20992/5/6 20989/5/6 20993/5/6
f 20990/5/6 20991/5/6 20994/5/6
f 20994/5/6 20991/5/6 20995/5/6
f 20996/5/6 20997/5/6 21000/5/6
f 21000/5/6 20997/5/6 21001/5/6
f 20998/5/6 20999/5/6 21002/5/6
f 21002/5/6 20999/5/6 21003/5/6
f 21004/5/6 21005/5/6 21008/5/6
f 21008/5/6 21005/5/6 21009/5/6
f 21006/5/6 21007/5/6 21010/5/6
f 21010/5/6 21007/5/6 21011/5/6
