# MagicaVoxel @ Ephtracy

# group
o 

# material
mtllib İskele.mtl
usemtl palette

# normals
vn -1 0 0
vn 1 0 0
vn 0 0 1
vn 0 0 -1
vn 0 -1 0
vn 0 1 0

# texcoords
vt 0.751953 0.5
vt 0.755859 0.5
vt 0.759766 0.5
vt 0.763672 0.5

# verts
v 2.2 2.4 4.2
v 2.2 2.4 4.1
v 2.2 2.4 4
v 2.2 2.4 3.8
v 2.2 2.4 3.7
v 2.2 2.4 3.6
v 2.2 2.4 3.5
v 2.2 2.4 3.4
v 2.2 2.4 3.3
v 2.2 2.4 3.1
v 2.2 2.4 3
v 2.2 2.4 2.9
v 2.2 2.4 2.8
v 2.2 2.4 2.7
v 2.2 2.4 2.6
v 2.2 2.4 2.4
v 2.2 2.4 2.3
v 2.2 2.4 2.2
v 2.2 2.4 2.1
v 2.2 2.4 2
v 2.2 2.4 1.9
v 2.2 2.4 1.8
v 2.2 2.4 1.7
v 2.2 2.4 1.5
v 2.2 2.4 1.3
v 2.2 2.4 1.2
v 2.2 2.4 1.1
v 2.2 2.4 1
v 2.2 2.4 0.9
v 2.2 2.4 0.8
v 2.2 2.4 0.7
v 2.2 2.4 0.6
v 2.2 2.4 0.5
v 2.2 2.4 0.2
v 2.2 2.4 0.0999999
v 2.2 2.4 0
v 2.2 2.4 -0.0999999
v 2.2 2.4 -0.4
v 2.2 2.4 -0.5
v 2.2 2.4 -0.6
v 2.2 2.4 -0.7
v 2.2 2.4 -0.8
v 2.2 2.4 -0.9
v 2.2 2.4 -1
v 2.2 2.4 -1.2
v 2.2 2.4 -1.3
v 2.2 2.4 -1.4
v 2.2 2.4 -1.5
v 2.2 2.4 -1.6
v 2.2 2.4 -1.7
v 2.2 2.4 -1.8
v 2.2 2.4 -1.9
v 2.2 2.4 -2
v 2.2 2.4 -2.1
v 2.2 2.4 -2.2
v 2.2 2.4 -2.4
v 2.2 2.4 -2.5
v 2.2 2.4 -2.6
v 2.2 2.4 -2.7
v 2.2 2.4 -2.8
v 2.2 2.4 -3
v 2.2 2.4 -3.2
v 2.2 2.4 -3.3
v 2.2 2.4 -3.4
v 2.2 2.4 -3.5
v 2.2 2.4 -3.6
v 2.2 2.4 -3.8
v 2.2 2.4 -3.9
v 2.2 2.4 -4
v 2.2 2.4 -4.2
v 2.2 2.4 -4.3
v 2.2 2.4 -4.4
v 2.2 2.4 -4.5
v 2.2 2.4 -4.6
v 2.2 2.4 -4.7
v 2.2 2.4 -4.8
v 2.2 2.5 4.2
v 2.2 2.5 4.1
v 2.2 2.5 4
v 2.2 2.5 3.8
v 2.2 2.5 3.7
v 2.2 2.5 3.6
v 2.2 2.5 3.5
v 2.2 2.5 3.4
v 2.2 2.5 3.3
v 2.2 2.5 3.1
v 2.2 2.5 3
v 2.2 2.5 2.9
v 2.2 2.5 2.8
v 2.2 2.5 2.7
v 2.2 2.5 2.6
v 2.2 2.5 2.4
v 2.2 2.5 2.3
v 2.2 2.5 2.2
v 2.2 2.5 2.1
v 2.2 2.5 2
v 2.2 2.5 1.9
v 2.2 2.5 1.8
v 2.2 2.5 1.7
v 2.2 2.5 1.5
v 2.2 2.5 1.3
v 2.2 2.5 1.2
v 2.2 2.5 1.1
v 2.2 2.5 1
v 2.2 2.5 0.9
v 2.2 2.5 0.8
v 2.2 2.5 0.7
v 2.2 2.5 0.6
v 2.2 2.5 0.5
v 2.2 2.5 0.2
v 2.2 2.5 0.0999999
v 2.2 2.5 0
v 2.2 2.5 -0.0999999
v 2.2 2.5 -0.4
v 2.2 2.5 -0.5
v 2.2 2.5 -0.6
v 2.2 2.5 -0.7
v 2.2 2.5 -0.8
v 2.2 2.5 -0.9
v 2.2 2.5 -1
v 2.2 2.5 -1.2
v 2.2 2.5 -1.3
v 2.2 2.5 -1.4
v 2.2 2.5 -1.5
v 2.2 2.5 -1.6
v 2.2 2.5 -1.7
v 2.2 2.5 -1.8
v 2.2 2.5 -1.9
v 2.2 2.5 -2
v 2.2 2.5 -2.1
v 2.2 2.5 -2.2
v 2.2 2.5 -2.4
v 2.2 2.5 -2.5
v 2.2 2.5 -2.6
v 2.2 2.5 -2.7
v 2.2 2.5 -2.8
v 2.2 2.5 -3
v 2.2 2.5 -3.2
v 2.2 2.5 -3.3
v 2.2 2.5 -3.4
v 2.2 2.5 -3.5
v 2.2 2.5 -3.6
v 2.2 2.5 -3.8
v 2.2 2.5 -3.9
v 2.2 2.5 -4
v 2.2 2.5 -4.2
v 2.2 2.5 -4.3
v 2.2 2.5 -4.4
v 2.2 2.5 -4.5
v 2.2 2.5 -4.6
v 2.2 2.5 -4.7
v 2.2 2.5 -4.8
v 2.4 1.9 3.4
v 2.4 1.9 3.3
v 2.4 1.9 3.1
v 2.4 1.9 -0.0999999
v 2.4 1.9 -0.2
v 2.4 1.9 -0.3
v 2.4 1.9 -0.4
v 2.4 1.9 -4.4
v 2.4 1.9 -4.5
v 2.4 1.9 -4.6
v 2.4 1.9 -4.7
v 2.4 2 3.4
v 2.4 2 3.3
v 2.4 2 3.2
v 2.4 2 3.1
v 2.4 2 -0.0999999
v 2.4 2 -0.2
v 2.4 2 -0.3
v 2.4 2 -0.4
v 2.4 2 -4.4
v 2.4 2 -4.5
v 2.4 2 -4.6
v 2.4 2 -4.7
v 2.4 2.1 3.4
v 2.4 2.1 3.3
v 2.4 2.1 3.2
v 2.4 2.1 3.1
v 2.4 2.1 -0.0999999
v 2.4 2.1 -0.2
v 2.4 2.1 -0.3
v 2.4 2.1 -0.4
v 2.4 2.1 -4.5
v 2.4 2.1 -4.6
v 2.4 2.1 -4.7
v 2.4 2.1 -4.8
v 2.4 2.2 3.4
v 2.4 2.2 3.3
v 2.4 2.2 3.2
v 2.4 2.2 3.1
v 2.4 2.2 -0.0999999
v 2.4 2.2 -0.2
v 2.4 2.2 -0.3
v 2.4 2.2 -0.4
v 2.4 2.2 -4.4
v 2.4 2.2 -4.5
v 2.4 2.2 -4.6
v 2.4 2.2 -4.7
v 2.4 2.3 -4.7
v 2.4 2.3 -4.8
v 2.4 2.4 -4.6
v 2.4 2.4 -4.7
v 2.4 2.4 -4.8
v 2.5 0 3.4
v 2.5 0 3.3
v 2.5 0 3.2
v 2.5 0 3.1
v 2.5 0 -0.0999999
v 2.5 0 -0.2
v 2.5 0 -0.4
v 2.5 0 -4.4
v 2.5 0 -4.6
v 2.5 0 -4.7
v 2.5 0.1 3.4
v 2.5 0.1 3.3
v 2.5 0.1 3.2
v 2.5 0.1 3.1
v 2.5 0.1 -0.0999999
v 2.5 0.1 -0.2
v 2.5 0.1 -0.4
v 2.5 0.1 -4.4
v 2.5 0.1 -4.5
v 2.5 0.1 -4.6
v 2.5 0.2 3.4
v 2.5 0.2 3.3
v 2.5 0.2 3.2
v 2.5 0.2 3.1
v 2.5 0.2 -0.0999999
v 2.5 0.2 -0.3
v 2.5 0.2 -0.4
v 2.5 0.2 -4.4
v 2.5 0.2 -4.5
v 2.5 0.2 -4.7
v 2.5 0.3 -0.2
v 2.5 0.3 -0.3
v 2.5 0.3 -0.4
v 2.5 0.3 -4.4
v 2.5 0.3 -4.5
v 2.5 0.3 -4.6
v 2.5 0.3 -4.7
v 2.5 0.4 3.4
v 2.5 0.4 3.3
v 2.5 0.4 3.2
v 2.5 0.4 3.1
v 2.5 0.4 -0.0999999
v 2.5 0.4 -0.2
v 2.5 0.4 -0.3
v 2.5 0.4 -4.4
v 2.5 0.4 -4.5
v 2.5 0.4 -4.6
v 2.5 0.4 -4.7
v 2.5 0.5 3.4
v 2.5 0.5 3.3
v 2.5 0.5 3.2
v 2.5 0.5 3.1
v 2.5 0.5 -0.0999999
v 2.5 0.5 -0.2
v 2.5 0.5 -0.3
v 2.5 0.5 -4.4
v 2.5 0.5 -4.5
v 2.5 0.5 -4.6
v 2.5 0.6 3.4
v 2.5 0.6 3.3
v 2.5 0.6 3.2
v 2.5 0.6 -0.0999999
v 2.5 0.6 -0.2
v 2.5 0.6 -0.3
v 2.5 0.6 -0.4
v 2.5 0.6 -4.4
v 2.5 0.6 -4.5
v 2.5 0.6 -4.6
v 2.5 0.6 -4.7
v 2.5 0.7 3.4
v 2.5 0.7 3.3
v 2.5 0.7 3.2
v 2.5 0.7 3.1
v 2.5 0.7 -0.2
v 2.5 0.7 -0.3
v 2.5 0.7 -0.4
v 2.5 0.7 -4.4
v 2.5 0.7 -4.5
v 2.5 0.7 -4.7
v 2.5 0.8 3.4
v 2.5 0.8 3.3
v 2.5 0.8 3.2
v 2.5 0.8 3.1
v 2.5 0.8 -0.0999999
v 2.5 0.8 -0.2
v 2.5 0.8 -0.3
v 2.5 0.8 -0.4
v 2.5 0.8 -4.4
v 2.5 0.8 -4.5
v 2.5 0.8 -4.6
v 2.5 0.8 -4.7
v 2.5 0.9 3.3
v 2.5 0.9 3.2
v 2.5 0.9 3.1
v 2.5 0.9 -0.0999999
v 2.5 0.9 -0.2
v 2.5 0.9 -0.3
v 2.5 0.9 -0.4
v 2.5 0.9 -4.4
v 2.5 0.9 -4.5
v 2.5 1 3.2
v 2.5 1 3.1
v 2.5 1 -0.0999999
v 2.5 1 -0.2
v 2.5 1 -0.3
v 2.5 1 -4.4
v 2.5 1 -4.5
v 2.5 1 -4.6
v 2.5 1.1 3.4
v 2.5 1.1 3.3
v 2.5 1.1 3.2
v 2.5 1.1 3.1
v 2.5 1.1 -0.0999999
v 2.5 1.1 -0.2
v 2.5 1.1 -0.3
v 2.5 1.1 -4.4
v 2.5 1.1 -4.5
v 2.5 1.1 -4.6
v 2.5 1.1 -4.7
v 2.5 1.2 3.4
v 2.5 1.2 3.3
v 2.5 1.2 3.2
v 2.5 1.2 -0.0999999
v 2.5 1.2 -0.2
v 2.5 1.2 -0.4
v 2.5 1.2 -4.4
v 2.5 1.2 -4.5
v 2.5 1.2 -4.6
v 2.5 1.2 -4.7
v 2.5 1.3 3.4
v 2.5 1.3 3.3
v 2.5 1.3 -0.0999999
v 2.5 1.3 -0.2
v 2.5 1.3 -0.3
v 2.5 1.3 -0.4
v 2.5 1.3 -4.4
v 2.5 1.3 -4.5
v 2.5 1.3 -4.6
v 2.5 1.3 -4.7
v 2.5 1.4 3.4
v 2.5 1.4 3.3
v 2.5 1.4 3.2
v 2.5 1.4 3.1
v 2.5 1.4 -0.0999999
v 2.5 1.4 -0.2
v 2.5 1.4 -0.3
v 2.5 1.4 -0.4
v 2.5 1.4 -4.5
v 2.5 1.4 -4.6
v 2.5 1.4 -4.7
v 2.5 1.5 3.4
v 2.5 1.5 3.3
v 2.5 1.5 -0.0999999
v 2.5 1.5 -0.2
v 2.5 1.5 -0.3
v 2.5 1.5 -0.4
v 2.5 1.5 -4.5
v 2.5 1.5 -4.6
v 2.5 1.5 -4.7
v 2.5 1.6 3.2
v 2.5 1.6 3.1
v 2.5 1.6 2.6
v 2.5 1.6 2.5
v 2.5 1.6 -0.0999999
v 2.5 1.6 -0.2
v 2.5 1.6 -0.3
v 2.5 1.6 -0.4
v 2.5 1.6 -4.4
v 2.5 1.6 -4.5
v 2.5 1.7 3.4
v 2.5 1.7 3.3
v 2.5 1.7 3.2
v 2.5 1.7 3.1
v 2.5 1.7 2.6
v 2.5 1.7 2.5
v 2.5 1.7 2.4
v 2.5 1.7 -0.2
v 2.5 1.7 -0.3
v 2.5 1.7 -0.4
v 2.5 1.7 -4.4
v 2.5 1.7 -4.5
v 2.5 1.7 -4.6
v 2.5 1.7 -4.7
v 2.5 1.8 3.4
v 2.5 1.8 3.2
v 2.5 1.8 3.1
v 2.5 1.8 2.5
v 2.5 1.8 2.4
v 2.5 1.8 -0.0999999
v 2.5 1.8 -0.2
v 2.5 1.8 -0.3
v 2.5 1.8 -0.4
v 2.5 1.8 -4.4
v 2.5 1.8 -4.5
v 2.5 1.8 -4.6
v 2.5 1.8 -4.7
v 2.5 1.9 3.5
v 2.5 1.9 3.4
v 2.5 1.9 3.3
v 2.5 1.9 3.2
v 2.5 1.9 3.1
v 2.5 1.9 3
v 2.5 1.9 2.5
v 2.5 1.9 2.4
v 2.5 1.9 2.3
v 2.5 1.9 0
v 2.5 1.9 -0.0999999
v 2.5 1.9 -0.2
v 2.5 1.9 -0.3
v 2.5 1.9 -0.4
v 2.5 1.9 -0.5
v 2.5 1.9 -4.3
v 2.5 1.9 -4.4
v 2.5 1.9 -4.5
v 2.5 1.9 -4.6
v 2.5 1.9 -4.7
v 2.5 1.9 -4.8
v 2.5 2 3.5
v 2.5 2 3.4
v 2.5 2 3.1
v 2.5 2 3
v 2.5 2 2.4
v 2.5 2 2.3
v 2.5 2 2.2
v 2.5 2 0
v 2.5 2 -0.0999999
v 2.5 2 -0.4
v 2.5 2 -0.5
v 2.5 2 -4.3
v 2.5 2 -4.4
v 2.5 2 -4.7
v 2.5 2 -4.8
v 2.5 2.1 4.2
v 2.5 2.1 4.1
v 2.5 2.1 3.9
v 2.5 2.1 3.8
v 2.5 2.1 3.7
v 2.5 2.1 3.6
v 2.5 2.1 3.5
v 2.5 2.1 3.4
v 2.5 2.1 3.1
v 2.5 2.1 3
v 2.5 2.1 2.9
v 2.5 2.1 2.6
v 2.5 2.1 2.5
v 2.5 2.1 2.4
v 2.5 2.1 2.3
v 2.5 2.1 2.2
v 2.5 2.1 2.1
v 2.5 2.1 2
v 2.5 2.1 1.9
v 2.5 2.1 1.8
v 2.5 2.1 1.7
v 2.5 2.1 1.6
v 2.5 2.1 1.5
v 2.5 2.1 1.4
v 2.5 2.1 1.3
v 2.5 2.1 1.2
v 2.5 2.1 1
v 2.5 2.1 0.8
v 2.5 2.1 0.7
v 2.5 2.1 0.5
v 2.5 2.1 0.4
v 2.5 2.1 0.3
v 2.5 2.1 0.2
v 2.5 2.1 0.0999999
v 2.5 2.1 0
v 2.5 2.1 -0.0999999
v 2.5 2.1 -0.4
v 2.5 2.1 -0.5
v 2.5 2.1 -0.7
v 2.5 2.1 -1
v 2.5 2.1 -1.2
v 2.5 2.1 -1.3
v 2.5 2.1 -1.4
v 2.5 2.1 -1.5
v 2.5 2.1 -1.6
v 2.5 2.1 -1.7
v 2.5 2.1 -1.8
v 2.5 2.1 -1.9
v 2.5 2.1 -2
v 2.5 2.1 -2.2
v 2.5 2.1 -2.3
v 2.5 2.1 -2.4
v 2.5 2.1 -2.5
v 2.5 2.1 -2.6
v 2.5 2.1 -2.9
v 2.5 2.1 -3
v 2.5 2.1 -3.1
v 2.5 2.1 -3.2
v 2.5 2.1 -3.3
v 2.5 2.1 -3.6
v 2.5 2.1 -3.7
v 2.5 2.1 -3.8
v 2.5 2.1 -3.9
v 2.5 2.1 -4
v 2.5 2.1 -4.1
v 2.5 2.1 -4.2
v 2.5 2.1 -4.3
v 2.5 2.1 -4.4
v 2.5 2.1 -4.7
v 2.5 2.1 -4.8
v 2.5 2.2 4.2
v 2.5 2.2 4.1
v 2.5 2.2 4
v 2.5 2.2 3.9
v 2.5 2.2 3.8
v 2.5 2.2 3.7
v 2.5 2.2 3.6
v 2.5 2.2 3.5
v 2.5 2.2 3.4
v 2.5 2.2 3.3
v 2.5 2.2 3.2
v 2.5 2.2 3.1
v 2.5 2.2 3
v 2.5 2.2 2.9
v 2.5 2.2 2.7
v 2.5 2.2 2.6
v 2.5 2.2 2.4
v 2.5 2.2 2.3
v 2.5 2.2 2.1
v 2.5 2.2 2
v 2.5 2.2 1.9
v 2.5 2.2 1.8
v 2.5 2.2 1.7
v 2.5 2.2 1.6
v 2.5 2.2 1.5
v 2.5 2.2 1.4
v 2.5 2.2 1.3
v 2.5 2.2 1.2
v 2.5 2.2 1
v 2.5 2.2 0.9
v 2.5 2.2 0.8
v 2.5 2.2 0.7
v 2.5 2.2 0.6
v 2.5 2.2 0.4
v 2.5 2.2 0.3
v 2.5 2.2 0.2
v 2.5 2.2 0.0999999
v 2.5 2.2 0
v 2.5 2.2 -0.0999999
v 2.5 2.2 -0.2
v 2.5 2.2 -0.3
v 2.5 2.2 -0.4
v 2.5 2.2 -0.5
v 2.5 2.2 -0.7
v 2.5 2.2 -0.9
v 2.5 2.2 -1
v 2.5 2.2 -1.2
v 2.5 2.2 -1.3
v 2.5 2.2 -1.4
v 2.5 2.2 -1.5
v 2.5 2.2 -1.6
v 2.5 2.2 -1.7
v 2.5 2.2 -1.8
v 2.5 2.2 -1.9
v 2.5 2.2 -2
v 2.5 2.2 -2.2
v 2.5 2.2 -2.3
v 2.5 2.2 -2.4
v 2.5 2.2 -2.5
v 2.5 2.2 -2.6
v 2.5 2.2 -2.7
v 2.5 2.2 -2.8
v 2.5 2.2 -2.9
v 2.5 2.2 -3
v 2.5 2.2 -3.1
v 2.5 2.2 -3.2
v 2.5 2.2 -3.3
v 2.5 2.2 -3.5
v 2.5 2.2 -3.6
v 2.5 2.2 -3.7
v 2.5 2.2 -3.8
v 2.5 2.2 -3.9
v 2.5 2.2 -4
v 2.5 2.2 -4.2
v 2.5 2.2 -4.3
v 2.5 2.2 -4.4
v 2.5 2.2 -4.5
v 2.5 2.2 -4.6
v 2.5 2.3 4.2
v 2.5 2.3 4.1
v 2.5 2.3 4
v 2.5 2.3 3.8
v 2.5 2.3 3.6
v 2.5 2.3 3.5
v 2.5 2.3 3.4
v 2.5 2.3 3.3
v 2.5 2.3 3.1
v 2.5 2.3 3
v 2.5 2.3 2.9
v 2.5 2.3 2.7
v 2.5 2.3 2.6
v 2.5 2.3 2.5
v 2.5 2.3 2.3
v 2.5 2.3 2.2
v 2.5 2.3 2.1
v 2.5 2.3 2
v 2.5 2.3 1.9
v 2.5 2.3 1.8
v 2.5 2.3 1.7
v 2.5 2.3 1.5
v 2.5 2.3 1.4
v 2.5 2.3 1.3
v 2.5 2.3 1.2
v 2.5 2.3 1.1
v 2.5 2.3 1
v 2.5 2.3 0.9
v 2.5 2.3 0.8
v 2.5 2.3 0.7
v 2.5 2.3 0.6
v 2.5 2.3 0.5
v 2.5 2.3 0.4
v 2.5 2.3 0.3
v 2.5 2.3 0.2
v 2.5 2.3 0.0999999
v 2.5 2.3 0
v 2.5 2.3 -0.0999999
v 2.5 2.3 -0.2
v 2.5 2.3 -0.3
v 2.5 2.3 -0.4
v 2.5 2.3 -0.5
v 2.5 2.3 -0.6
v 2.5 2.3 -0.7
v 2.5 2.3 -0.8
v 2.5 2.3 -0.9
v 2.5 2.3 -1
v 2.5 2.3 -1.1
v 2.5 2.3 -1.2
v 2.5 2.3 -1.3
v 2.5 2.3 -1.4
v 2.5 2.3 -1.5
v 2.5 2.3 -1.6
v 2.5 2.3 -1.7
v 2.5 2.3 -1.8
v 2.5 2.3 -1.9
v 2.5 2.3 -2
v 2.5 2.3 -2.1
v 2.5 2.3 -2.3
v 2.5 2.3 -2.4
v 2.5 2.3 -2.5
v 2.5 2.3 -2.6
v 2.5 2.3 -2.7
v 2.5 2.3 -2.8
v 2.5 2.3 -2.9
v 2.5 2.3 -3.1
v 2.5 2.3 -3.2
v 2.5 2.3 -3.4
v 2.5 2.3 -3.5
v 2.5 2.3 -3.6
v 2.5 2.3 -3.7
v 2.5 2.3 -3.8
v 2.5 2.3 -3.9
v 2.5 2.3 -4
v 2.5 2.3 -4.1
v 2.5 2.3 -4.2
v 2.5 2.3 -4.3
v 2.5 2.3 -4.4
v 2.5 2.3 -4.5
v 2.5 2.3 -4.6
v 2.5 2.4 4.2
v 2.5 2.4 4.1
v 2.5 2.4 4
v 2.5 2.4 3.9
v 2.5 2.4 3.8
v 2.5 2.4 3.7
v 2.5 2.4 3.6
v 2.5 2.4 3.5
v 2.5 2.4 3.4
v 2.5 2.4 3.3
v 2.5 2.4 3.2
v 2.5 2.4 3.1
v 2.5 2.4 3
v 2.5 2.4 2.9
v 2.5 2.4 2.8
v 2.5 2.4 2.7
v 2.5 2.4 2.6
v 2.5 2.4 2.5
v 2.5 2.4 2.4
v 2.5 2.4 2.3
v 2.5 2.4 2.2
v 2.5 2.4 2.1
v 2.5 2.4 2
v 2.5 2.4 1.9
v 2.5 2.4 1.8
v 2.5 2.4 1.7
v 2.5 2.4 1.6
v 2.5 2.4 1.4
v 2.5 2.4 1.3
v 2.5 2.4 1.2
v 2.5 2.4 1.1
v 2.5 2.4 1
v 2.5 2.4 0.8
v 2.5 2.4 0.7
v 2.5 2.4 0.6
v 2.5 2.4 0.4
v 2.5 2.4 0.2
v 2.5 2.4 0.0999999
v 2.5 2.4 0
v 2.5 2.4 -0.0999999
v 2.5 2.4 -0.2
v 2.5 2.4 -0.3
v 2.5 2.4 -0.4
v 2.5 2.4 -0.5
v 2.5 2.4 -0.6
v 2.5 2.4 -0.7
v 2.5 2.4 -0.8
v 2.5 2.4 -0.9
v 2.5 2.4 -1
v 2.5 2.4 -1.1
v 2.5 2.4 -1.2
v 2.5 2.4 -1.3
v 2.5 2.4 -1.4
v 2.5 2.4 -1.5
v 2.5 2.4 -1.6
v 2.5 2.4 -1.7
v 2.5 2.4 -1.8
v 2.5 2.4 -1.9
v 2.5 2.4 -2
v 2.5 2.4 -2.1
v 2.5 2.4 -2.2
v 2.5 2.4 -2.3
v 2.5 2.4 -2.4
v 2.5 2.4 -2.5
v 2.5 2.4 -2.6
v 2.5 2.4 -2.7
v 2.5 2.4 -2.8
v 2.5 2.4 -2.9
v 2.5 2.4 -3
v 2.5 2.4 -3.1
v 2.5 2.4 -3.2
v 2.5 2.4 -3.3
v 2.5 2.4 -3.4
v 2.5 2.4 -3.5
v 2.5 2.4 -3.7
v 2.5 2.4 -3.8
v 2.5 2.4 -3.9
v 2.5 2.4 -4
v 2.5 2.4 -4.1
v 2.5 2.4 -4.3
v 2.5 2.4 -4.4
v 2.5 2.4 -4.5
v 2.5 2.4 -4.6
v 2.6 1 3.1
v 2.6 1 3
v 2.6 1 0
v 2.6 1 -0.0999999
v 2.6 1 -0.4
v 2.6 1 -0.5
v 2.6 1.1 3.1
v 2.6 1.1 3
v 2.6 1.1 2.9
v 2.6 1.1 0.0999999
v 2.6 1.1 0
v 2.6 1.1 -0.0999999
v 2.6 1.1 -0.4
v 2.6 1.1 -0.5
v 2.6 1.1 -0.6
v 2.6 1.1 -4.3
v 2.6 1.1 -4.4
v 2.6 1.2 3
v 2.6 1.2 2.9
v 2.6 1.2 2.8
v 2.6 1.2 0.2
v 2.6 1.2 0.0999999
v 2.6 1.2 0
v 2.6 1.2 -0.5
v 2.6 1.2 -0.6
v 2.6 1.2 -0.7
v 2.6 1.2 -4.2
v 2.6 1.2 -4.3
v 2.6 1.2 -4.4
v 2.6 1.3 2.9
v 2.6 1.3 2.8
v 2.6 1.3 0.3
v 2.6 1.3 0.2
v 2.6 1.3 0.0999999
v 2.6 1.3 -0.6
v 2.6 1.3 -0.7
v 2.6 1.3 -0.8
v 2.6 1.4 2.9
v 2.6 1.4 2.8
v 2.6 1.4 2.7
v 2.6 1.4 0.4
v 2.6 1.4 0.3
v 2.6 1.4 0.2
v 2.6 1.4 -0.7
v 2.6 1.4 -0.8
v 2.6 1.4 -0.9
v 2.6 1.4 -4.1
v 2.6 1.4 -4.2
v 2.6 1.4 -4.3
v 2.6 1.5 2.8
v 2.6 1.5 2.7
v 2.6 1.5 2.6
v 2.6 1.5 0.5
v 2.6 1.5 0.4
v 2.6 1.5 0.3
v 2.6 1.5 -0.8
v 2.6 1.5 -0.9
v 2.6 1.5 -1
v 2.6 1.5 -4
v 2.6 1.5 -4.1
v 2.6 1.5 -4.2
v 2.6 1.6 2.7
v 2.6 1.6 2.6
v 2.6 1.6 -0.9
v 2.6 1.6 -1
v 2.6 1.6 -1.1
v 2.6 1.6 -4
v 2.6 1.6 -4.1
v 2.6 1.7 0.6
v 2.6 1.7 0.5
v 2.6 1.7 0.4
v 2.6 1.7 -1
v 2.6 1.7 -1.1
v 2.6 1.7 -1.2
v 2.6 1.7 -3.9
v 2.6 1.7 -4
v 2.6 1.7 -4.1
v 2.6 1.8 0.7
v 2.6 1.8 0.6
v 2.6 1.8 0.5
v 2.6 1.8 -1.1
v 2.6 1.8 -1.2
v 2.6 1.8 -1.3
v 2.6 1.8 -3.8
v 2.6 1.8 -3.9
v 2.6 1.8 -4
v 2.6 1.9 0.8
v 2.6 1.9 0.7
v 2.6 1.9 0.6
v 2.6 1.9 -1.2
v 2.6 1.9 -1.3
v 2.6 1.9 -1.4
v 2.6 1.9 -3.8
v 2.6 1.9 -3.9
v 2.6 2 0.9
v 2.6 2 0.8
v 2.6 2 0.7
v 2.6 2 -1.3
v 2.6 2 -1.4
v 2.6 2 -1.5
v 2.6 2 -3.7
v 2.6 2 -3.8
v 2.6 2 -3.9
v 2.6 2.1 0.9
v 2.6 2.1 0.8
v 2.6 2.1 -1.4
v 2.6 2.1 -1.5
v 2.6 2.1 -3.7
v 2.6 2.1 -3.8
v 4.7 1.9 3.4
v 4.7 1.9 3.2
v 4.7 1.9 3.1
v 4.7 1.9 -0.0999999
v 4.7 1.9 -0.2
v 4.7 1.9 -0.4
v 4.7 1.9 -4.4
v 4.7 1.9 -4.5
v 4.7 1.9 -4.6
v 4.7 1.9 -4.7
v 4.7 2 3.4
v 4.7 2 3.2
v 4.7 2 -0.0999999
v 4.7 2 -0.2
v 4.7 2 -0.4
v 4.7 2 -4.4
v 4.7 2 -4.5
v 4.7 2 -4.6
v 4.7 2 -4.7
v 4.7 2.1 3.4
v 4.7 2.1 3.3
v 4.7 2.1 3.2
v 4.7 2.1 3.1
v 4.7 2.1 -0.3
v 4.7 2.1 -0.4
v 4.7 2.1 -4.5
v 4.7 2.1 -4.6
v 4.7 2.1 -4.7
v 4.7 2.1 -4.8
v 4.7 2.2 3.4
v 4.7 2.2 3.3
v 4.7 2.2 3.2
v 4.7 2.2 3.1
v 4.7 2.2 -0.0999999
v 4.7 2.2 -0.2
v 4.7 2.2 -0.3
v 4.7 2.2 -0.4
v 4.7 2.2 -4.4
v 4.7 2.2 -4.5
v 4.7 2.2 -4.6
v 4.7 2.2 -4.7
v 4.7 2.2 -4.8
v 4.7 2.3 -4.6
v 4.7 2.3 -4.7
v 4.7 2.3 -4.8
v 4.7 2.4 -4.6
v 4.7 2.4 -4.7
v 4.7 2.4 -4.8
v 4.8 0 3.4
v 4.8 0 3.3
v 4.8 0 3.1
v 4.8 0 -0.0999999
v 4.8 0 -0.2
v 4.8 0 -0.3
v 4.8 0 -0.4
v 4.8 0 -4.4
v 4.8 0 -4.6
v 4.8 0 -4.7
v 4.8 0.1 3.4
v 4.8 0.1 3.3
v 4.8 0.1 3.2
v 4.8 0.1 3.1
v 4.8 0.1 -0.2
v 4.8 0.1 -0.3
v 4.8 0.1 -0.4
v 4.8 0.1 -4.4
v 4.8 0.1 -4.5
v 4.8 0.1 -4.6
v 4.8 0.1 -4.7
v 4.8 0.2 3.4
v 4.8 0.2 3.3
v 4.8 0.2 3.2
v 4.8 0.2 3.1
v 4.8 0.2 -0.2
v 4.8 0.2 -0.3
v 4.8 0.2 -0.4
v 4.8 0.2 -4.5
v 4.8 0.2 -4.6
v 4.8 0.2 -4.7
v 4.8 0.3 3.4
v 4.8 0.3 3.2
v 4.8 0.3 3.1
v 4.8 0.3 -0.0999999
v 4.8 0.3 -0.2
v 4.8 0.3 -0.3
v 4.8 0.3 -0.4
v 4.8 0.3 -4.4
v 4.8 0.3 -4.6
v 4.8 0.4 3.4
v 4.8 0.4 3.3
v 4.8 0.4 3.2
v 4.8 0.4 3.1
v 4.8 0.4 -0.3
v 4.8 0.4 -0.4
v 4.8 0.4 -4.4
v 4.8 0.4 -4.6
v 4.8 0.4 -4.7
v 4.8 0.5 3.4
v 4.8 0.5 3.3
v 4.8 0.5 3.2
v 4.8 0.5 3.1
v 4.8 0.5 -0.0999999
v 4.8 0.5 -0.2
v 4.8 0.5 -0.4
v 4.8 0.5 -4.5
v 4.8 0.5 -4.7
v 4.8 0.6 3.4
v 4.8 0.6 3.3
v 4.8 0.6 3.2
v 4.8 0.6 3.1
v 4.8 0.6 -0.0999999
v 4.8 0.6 -0.2
v 4.8 0.6 -0.4
v 4.8 0.6 -4.4
v 4.8 0.6 -4.5
v 4.8 0.6 -4.7
v 4.8 0.7 3.4
v 4.8 0.7 3.3
v 4.8 0.7 3.2
v 4.8 0.7 3.1
v 4.8 0.7 -0.2
v 4.8 0.7 -0.4
v 4.8 0.7 -4.4
v 4.8 0.7 -4.6
v 4.8 0.7 -4.7
v 4.8 0.8 3.3
v 4.8 0.8 3.1
v 4.8 0.8 -0.2
v 4.8 0.8 -0.4
v 4.8 0.8 -4.4
v 4.8 0.8 -4.5
v 4.8 0.8 -4.6
v 4.8 0.9 3.4
v 4.8 0.9 3.3
v 4.8 0.9 3.2
v 4.8 0.9 3.1
v 4.8 0.9 -0.0999999
v 4.8 0.9 -0.2
v 4.8 0.9 -0.3
v 4.8 0.9 -0.4
v 4.8 0.9 -4.4
v 4.8 0.9 -4.5
v 4.8 0.9 -4.6
v 4.8 1 3.4
v 4.8 1 3.3
v 4.8 1 3.2
v 4.8 1 -0.2
v 4.8 1 -0.3
v 4.8 1 -4.4
v 4.8 1 -4.5
v 4.8 1 -4.6
v 4.8 1 -4.7
v 4.8 1.1 3.4
v 4.8 1.1 3.3
v 4.8 1.1 3.2
v 4.8 1.1 -0.0999999
v 4.8 1.1 -0.2
v 4.8 1.1 -0.3
v 4.8 1.1 -0.4
v 4.8 1.1 -4.5
v 4.8 1.1 -4.6
v 4.8 1.1 -4.7
v 4.8 1.2 3.4
v 4.8 1.2 3.3
v 4.8 1.2 3.2
v 4.8 1.2 3.1
v 4.8 1.2 -0.0999999
v 4.8 1.2 -0.2
v 4.8 1.2 -0.3
v 4.8 1.2 -0.4
v 4.8 1.2 -4.4
v 4.8 1.2 -4.5
v 4.8 1.3 3.3
v 4.8 1.3 3.2
v 4.8 1.3 3.1
v 4.8 1.3 -0.0999999
v 4.8 1.3 -0.2
v 4.8 1.3 -0.3
v 4.8 1.3 -0.4
v 4.8 1.3 -4.5
v 4.8 1.3 -4.6
v 4.8 1.4 3.4
v 4.8 1.4 3.3
v 4.8 1.4 3.2
v 4.8 1.4 -0.0999999
v 4.8 1.4 -0.2
v 4.8 1.4 -0.3
v 4.8 1.4 -0.4
v 4.8 1.4 -4.4
v 4.8 1.4 -4.5
v 4.8 1.4 -4.6
v 4.8 1.5 -0.0999999
v 4.8 1.5 -0.2
v 4.8 1.5 -0.3
v 4.8 1.5 -4.4
v 4.8 1.5 -4.5
v 4.8 1.5 -4.6
v 4.8 1.6 3.4
v 4.8 1.6 3.3
v 4.8 1.6 3.2
v 4.8 1.6 3.1
v 4.8 1.6 -0.0999999
v 4.8 1.6 -0.2
v 4.8 1.6 -0.3
v 4.8 1.6 -0.4
v 4.8 1.6 -4.5
v 4.8 1.6 -4.6
v 4.8 1.6 -4.7
v 4.8 1.7 3.4
v 4.8 1.7 3.3
v 4.8 1.7 3.2
v 4.8 1.7 3.1
v 4.8 1.7 -0.0999999
v 4.8 1.7 -0.2
v 4.8 1.7 -0.3
v 4.8 1.7 -4.4
v 4.8 1.7 -4.5
v 4.8 1.7 -4.6
v 4.8 1.7 -4.7
v 4.8 1.8 3.4
v 4.8 1.8 3.3
v 4.8 1.8 3.2
v 4.8 1.8 3.1
v 4.8 1.8 -0.0999999
v 4.8 1.8 -0.2
v 4.8 1.8 -0.3
v 4.8 1.8 -0.4
v 4.8 1.8 -4.5
v 4.8 1.8 -4.6
v 4.8 1.8 -4.7
v 4.8 1.9 3.5
v 4.8 1.9 3.4
v 4.8 1.9 3.3
v 4.8 1.9 3.2
v 4.8 1.9 3.1
v 4.8 1.9 3
v 4.8 1.9 0
v 4.8 1.9 -0.0999999
v 4.8 1.9 -0.2
v 4.8 1.9 -0.3
v 4.8 1.9 -0.4
v 4.8 1.9 -0.5
v 4.8 1.9 -4.3
v 4.8 1.9 -4.4
v 4.8 1.9 -4.5
v 4.8 1.9 -4.6
v 4.8 1.9 -4.7
v 4.8 1.9 -4.8
v 4.8 2 3.4
v 4.8 2 3.1
v 4.8 2 3
v 4.8 2 -0.0999999
v 4.8 2 -0.4
v 4.8 2 -0.5
v 4.8 2 -4.3
v 4.8 2 -4.4
v 4.8 2 -4.7
v 4.8 2 -4.8
v 4.8 2.1 4.2
v 4.8 2.1 4.1
v 4.8 2.1 4
v 4.8 2.1 3.9
v 4.8 2.1 3.8
v 4.8 2.1 3.7
v 4.8 2.1 3.6
v 4.8 2.1 3.5
v 4.8 2.1 3.4
v 4.8 2.1 3.1
v 4.8 2.1 3
v 4.8 2.1 2.9
v 4.8 2.1 2.8
v 4.8 2.1 2.5
v 4.8 2.1 2.4
v 4.8 2.1 2.3
v 4.8 2.1 2.1
v 4.8 2.1 2
v 4.8 2.1 1.9
v 4.8 2.1 1.8
v 4.8 2.1 1.7
v 4.8 2.1 1.5
v 4.8 2.1 1.3
v 4.8 2.1 1.2
v 4.8 2.1 1
v 4.8 2.1 0.9
v 4.8 2.1 0.8
v 4.8 2.1 0.4
v 4.8 2.1 0.3
v 4.8 2.1 0.2
v 4.8 2.1 0.0999999
v 4.8 2.1 0
v 4.8 2.1 -0.0999999
v 4.8 2.1 -0.4
v 4.8 2.1 -0.5
v 4.8 2.1 -0.6
v 4.8 2.1 -0.7
v 4.8 2.1 -0.8
v 4.8 2.1 -0.9
v 4.8 2.1 -1
v 4.8 2.1 -1.1
v 4.8 2.1 -1.3
v 4.8 2.1 -1.4
v 4.8 2.1 -1.5
v 4.8 2.1 -1.7
v 4.8 2.1 -1.8
v 4.8 2.1 -1.9
v 4.8 2.1 -2.2
v 4.8 2.1 -2.3
v 4.8 2.1 -2.5
v 4.8 2.1 -2.6
v 4.8 2.1 -2.7
v 4.8 2.1 -2.8
v 4.8 2.1 -2.9
v 4.8 2.1 -3
v 4.8 2.1 -3.1
v 4.8 2.1 -3.4
v 4.8 2.1 -3.5
v 4.8 2.1 -3.6
v 4.8 2.1 -3.7
v 4.8 2.1 -3.8
v 4.8 2.1 -3.9
v 4.8 2.1 -4
v 4.8 2.1 -4.1
v 4.8 2.1 -4.2
v 4.8 2.1 -4.3
v 4.8 2.1 -4.4
v 4.8 2.1 -4.7
v 4.8 2.1 -4.8
v 4.8 2.2 4.2
v 4.8 2.2 4.1
v 4.8 2.2 4
v 4.8 2.2 3.9
v 4.8 2.2 3.8
v 4.8 2.2 3.7
v 4.8 2.2 3.6
v 4.8 2.2 3.5
v 4.8 2.2 3.4
v 4.8 2.2 3.3
v 4.8 2.2 3.2
v 4.8 2.2 3.1
v 4.8 2.2 3
v 4.8 2.2 2.9
v 4.8 2.2 2.8
v 4.8 2.2 2.7
v 4.8 2.2 2.5
v 4.8 2.2 2.4
v 4.8 2.2 2.2
v 4.8 2.2 2.1
v 4.8 2.2 2
v 4.8 2.2 1.9
v 4.8 2.2 1.8
v 4.8 2.2 1.6
v 4.8 2.2 1.5
v 4.8 2.2 1.4
v 4.8 2.2 1.3
v 4.8 2.2 1.2
v 4.8 2.2 1.1
v 4.8 2.2 1
v 4.8 2.2 0.9
v 4.8 2.2 0.8
v 4.8 2.2 0.7
v 4.8 2.2 0.6
v 4.8 2.2 0.5
v 4.8 2.2 0.4
v 4.8 2.2 0.3
v 4.8 2.2 0.2
v 4.8 2.2 0.0999999
v 4.8 2.2 0
v 4.8 2.2 -0.0999999
v 4.8 2.2 -0.2
v 4.8 2.2 -0.3
v 4.8 2.2 -0.4
v 4.8 2.2 -0.5
v 4.8 2.2 -0.6
v 4.8 2.2 -0.7
v 4.8 2.2 -0.8
v 4.8 2.2 -0.9
v 4.8 2.2 -1
v 4.8 2.2 -1.1
v 4.8 2.2 -1.2
v 4.8 2.2 -1.3
v 4.8 2.2 -1.4
v 4.8 2.2 -1.5
v 4.8 2.2 -1.7
v 4.8 2.2 -1.8
v 4.8 2.2 -1.9
v 4.8 2.2 -2.1
v 4.8 2.2 -2.2
v 4.8 2.2 -2.3
v 4.8 2.2 -2.4
v 4.8 2.2 -2.5
v 4.8 2.2 -2.6
v 4.8 2.2 -2.7
v 4.8 2.2 -2.8
v 4.8 2.2 -2.9
v 4.8 2.2 -3
v 4.8 2.2 -3.1
v 4.8 2.2 -3.2
v 4.8 2.2 -3.3
v 4.8 2.2 -3.4
v 4.8 2.2 -3.5
v 4.8 2.2 -3.6
v 4.8 2.2 -3.7
v 4.8 2.2 -3.9
v 4.8 2.2 -4
v 4.8 2.2 -4.1
v 4.8 2.2 -4.2
v 4.8 2.2 -4.3
v 4.8 2.2 -4.4
v 4.8 2.2 -4.5
v 4.8 2.2 -4.6
v 4.8 2.3 4.2
v 4.8 2.3 4.1
v 4.8 2.3 4
v 4.8 2.3 3.9
v 4.8 2.3 3.7
v 4.8 2.3 3.6
v 4.8 2.3 3.5
v 4.8 2.3 3.4
v 4.8 2.3 3.3
v 4.8 2.3 3.2
v 4.8 2.3 3.1
v 4.8 2.3 3
v 4.8 2.3 2.8
v 4.8 2.3 2.7
v 4.8 2.3 2.6
v 4.8 2.3 2.5
v 4.8 2.3 2.4
v 4.8 2.3 2.3
v 4.8 2.3 2.2
v 4.8 2.3 2.1
v 4.8 2.3 2
v 4.8 2.3 1.9
v 4.8 2.3 1.8
v 4.8 2.3 1.7
v 4.8 2.3 1.6
v 4.8 2.3 1.5
v 4.8 2.3 1.4
v 4.8 2.3 1.3
v 4.8 2.3 1.2
v 4.8 2.3 1.1
v 4.8 2.3 1
v 4.8 2.3 0.9
v 4.8 2.3 0.8
v 4.8 2.3 0.7
v 4.8 2.3 0.6
v 4.8 2.3 0.5
v 4.8 2.3 0.4
v 4.8 2.3 0.3
v 4.8 2.3 0.2
v 4.8 2.3 0.0999999
v 4.8 2.3 0
v 4.8 2.3 -0.0999999
v 4.8 2.3 -0.2
v 4.8 2.3 -0.3
v 4.8 2.3 -0.4
v 4.8 2.3 -0.5
v 4.8 2.3 -0.7
v 4.8 2.3 -0.8
v 4.8 2.3 -0.9
v 4.8 2.3 -1.1
v 4.8 2.3 -1.2
v 4.8 2.3 -1.3
v 4.8 2.3 -1.4
v 4.8 2.3 -1.5
v 4.8 2.3 -1.7
v 4.8 2.3 -1.8
v 4.8 2.3 -1.9
v 4.8 2.3 -2
v 4.8 2.3 -2.1
v 4.8 2.3 -2.2
v 4.8 2.3 -2.3
v 4.8 2.3 -2.4
v 4.8 2.3 -2.5
v 4.8 2.3 -2.6
v 4.8 2.3 -2.7
v 4.8 2.3 -2.9
v 4.8 2.3 -3
v 4.8 2.3 -3.1
v 4.8 2.3 -3.2
v 4.8 2.3 -3.3
v 4.8 2.3 -3.4
v 4.8 2.3 -3.5
v 4.8 2.3 -3.6
v 4.8 2.3 -3.7
v 4.8 2.3 -3.8
v 4.8 2.3 -3.9
v 4.8 2.3 -4
v 4.8 2.3 -4.1
v 4.8 2.3 -4.2
v 4.8 2.3 -4.3
v 4.8 2.3 -4.4
v 4.8 2.3 -4.5
v 4.8 2.3 -4.6
v 4.8 2.4 4.2
v 4.8 2.4 4.1
v 4.8 2.4 4
v 4.8 2.4 3.9
v 4.8 2.4 3.8
v 4.8 2.4 3.7
v 4.8 2.4 3.6
v 4.8 2.4 3.5
v 4.8 2.4 3.4
v 4.8 2.4 3.3
v 4.8 2.4 3.2
v 4.8 2.4 3.1
v 4.8 2.4 3
v 4.8 2.4 2.9
v 4.8 2.4 2.8
v 4.8 2.4 2.7
v 4.8 2.4 2.6
v 4.8 2.4 2.5
v 4.8 2.4 2.4
v 4.8 2.4 2.3
v 4.8 2.4 2.2
v 4.8 2.4 2.1
v 4.8 2.4 2
v 4.8 2.4 1.9
v 4.8 2.4 1.8
v 4.8 2.4 1.7
v 4.8 2.4 1.6
v 4.8 2.4 1.5
v 4.8 2.4 1.4
v 4.8 2.4 1.3
v 4.8 2.4 1.2
v 4.8 2.4 1.1
v 4.8 2.4 1
v 4.8 2.4 0.9
v 4.8 2.4 0.8
v 4.8 2.4 0.7
v 4.8 2.4 0.6
v 4.8 2.4 0.5
v 4.8 2.4 0.4
v 4.8 2.4 0.3
v 4.8 2.4 0.2
v 4.8 2.4 0.0999999
v 4.8 2.4 0
v 4.8 2.4 -0.0999999
v 4.8 2.4 -0.2
v 4.8 2.4 -0.3
v 4.8 2.4 -0.4
v 4.8 2.4 -0.5
v 4.8 2.4 -0.6
v 4.8 2.4 -0.7
v 4.8 2.4 -0.8
v 4.8 2.4 -0.9
v 4.8 2.4 -1
v 4.8 2.4 -1.1
v 4.8 2.4 -1.2
v 4.8 2.4 -1.4
v 4.8 2.4 -1.5
v 4.8 2.4 -1.6
v 4.8 2.4 -1.7
v 4.8 2.4 -1.8
v 4.8 2.4 -1.9
v 4.8 2.4 -2
v 4.8 2.4 -2.1
v 4.8 2.4 -2.2
v 4.8 2.4 -2.3
v 4.8 2.4 -2.4
v 4.8 2.4 -2.5
v 4.8 2.4 -2.6
v 4.8 2.4 -2.7
v 4.8 2.4 -2.8
v 4.8 2.4 -2.9
v 4.8 2.4 -3
v 4.8 2.4 -3.1
v 4.8 2.4 -3.2
v 4.8 2.4 -3.3
v 4.8 2.4 -3.4
v 4.8 2.4 -3.5
v 4.8 2.4 -3.6
v 4.8 2.4 -3.7
v 4.8 2.4 -3.8
v 4.8 2.4 -3.9
v 4.8 2.4 -4
v 4.8 2.4 -4.1
v 4.8 2.4 -4.2
v 4.8 2.4 -4.3
v 4.8 2.4 -4.4
v 4.8 2.4 -4.5
v 4.8 2.4 -4.6
v 4.9 0.7 0
v 4.9 0.7 -0.0999999
v 4.9 0.7 -0.4
v 4.9 0.7 -0.5
v 4.9 0.8 3.1
v 4.9 0.8 3
v 4.9 0.8 0.0999999
v 4.9 0.8 0
v 4.9 0.8 -0.0999999
v 4.9 0.8 -0.4
v 4.9 0.8 -0.5
v 4.9 0.8 -0.6
v 4.9 0.9 3.1
v 4.9 0.9 3
v 4.9 0.9 2.9
v 4.9 0.9 0.3
v 4.9 0.9 0.2
v 4.9 0.9 0.0999999
v 4.9 0.9 0
v 4.9 0.9 -0.5
v 4.9 0.9 -0.6
v 4.9 0.9 -0.7
v 4.9 0.9 -0.8
v 4.9 0.9 -4.3
v 4.9 0.9 -4.4
v 4.9 1 3
v 4.9 1 2.9
v 4.9 1 2.8
v 4.9 1 0.4
v 4.9 1 0.3
v 4.9 1 0.2
v 4.9 1 0.0999999
v 4.9 1 -0.6
v 4.9 1 -0.7
v 4.9 1 -0.8
v 4.9 1 -0.9
v 4.9 1 -4.2
v 4.9 1 -4.3
v 4.9 1 -4.4
v 4.9 1.1 2.9
v 4.9 1.1 2.8
v 4.9 1.1 2.7
v 4.9 1.1 0.5
v 4.9 1.1 0.4
v 4.9 1.1 0.3
v 4.9 1.1 -0.8
v 4.9 1.1 -0.9
v 4.9 1.1 -1
v 4.9 1.1 -4.1
v 4.9 1.1 -4.2
v 4.9 1.1 -4.3
v 4.9 1.2 2.8
v 4.9 1.2 2.7
v 4.9 1.2 2.6
v 4.9 1.2 0.7
v 4.9 1.2 0.6
v 4.9 1.2 0.5
v 4.9 1.2 0.4
v 4.9 1.2 -0.9
v 4.9 1.2 -1
v 4.9 1.2 -1.2
v 4.9 1.2 -3.9
v 4.9 1.2 -4
v 4.9 1.2 -4.1
v 4.9 1.2 -4.2
v 4.9 1.3 2.7
v 4.9 1.3 2.6
v 4.9 1.3 2.5
v 4.9 1.3 0.8
v 4.9 1.3 0.7
v 4.9 1.3 0.6
v 4.9 1.3 0.5
v 4.9 1.3 -1
v 4.9 1.3 -1.2
v 4.9 1.3 -1.3
v 4.9 1.3 -3.8
v 4.9 1.3 -3.9
v 4.9 1.3 -4
v 4.9 1.3 -4.1
v 4.9 1.4 2.6
v 4.9 1.4 2.5
v 4.9 1.4 2.3
v 4.9 1.4 0.9
v 4.9 1.4 0.8
v 4.9 1.4 0.7
v 4.9 1.4 -1.2
v 4.9 1.4 -1.3
v 4.9 1.4 -1.4
v 4.9 1.4 -3.7
v 4.9 1.4 -3.8
v 4.9 1.4 -3.9
v 4.9 1.5 2.5
v 4.9 1.5 2.3
v 4.9 1.5 2.2
v 4.9 1.5 1.1
v 4.9 1.5 1
v 4.9 1.5 0.9
v 4.9 1.5 0.8
v 4.9 1.5 -1.3
v 4.9 1.5 -1.4
v 4.9 1.5 -1.5
v 4.9 1.5 -1.6
v 4.9 1.5 -3.6
v 4.9 1.5 -3.7
v 4.9 1.5 -3.8
v 4.9 1.6 2.3
v 4.9 1.6 2.2
v 4.9 1.6 2.1
v 4.9 1.6 1.2
v 4.9 1.6 1.1
v 4.9 1.6 1
v 4.9 1.6 0.9
v 4.9 1.6 -1.4
v 4.9 1.6 -1.5
v 4.9 1.6 -1.6
v 4.9 1.6 -1.7
v 4.9 1.6 -3.5
v 4.9 1.6 -3.6
v 4.9 1.6 -3.7
v 4.9 1.7 2.2
v 4.9 1.7 2.1
v 4.9 1.7 2
v 4.9 1.7 1.3
v 4.9 1.7 1.2
v 4.9 1.7 1.1
v 4.9 1.7 -1.6
v 4.9 1.7 -1.7
v 4.9 1.7 -1.8
v 4.9 1.7 -3.3
v 4.9 1.7 -3.4
v 4.9 1.7 -3.5
v 4.9 1.7 -3.6
v 4.9 1.8 2.1
v 4.9 1.8 2
v 4.9 1.8 1.9
v 4.9 1.8 1.5
v 4.9 1.8 1.3
v 4.9 1.8 1.2
v 4.9 1.8 -1.7
v 4.9 1.8 -1.8
v 4.9 1.8 -2
v 4.9 1.8 -3.2
v 4.9 1.8 -3.3
v 4.9 1.8 -3.4
v 4.9 1.8 -3.5
v 4.9 1.9 2
v 4.9 1.9 1.9
v 4.9 1.9 1.8
v 4.9 1.9 1.6
v 4.9 1.9 1.5
v 4.9 1.9 1.3
v 4.9 1.9 -1.8
v 4.9 1.9 -2
v 4.9 1.9 -2.1
v 4.9 1.9 -3.1
v 4.9 1.9 -3.2
v 4.9 1.9 -3.3
v 4.9 2 1.9
v 4.9 2 1.8
v 4.9 2 1.6
v 4.9 2 1.5
v 4.9 2 -2
v 4.9 2 -2.1
v 4.9 2 -2.2
v 4.9 2 -3
v 4.9 2 -3.1
v 4.9 2 -3.2
v 4.9 2.1 1.8
v 4.9 2.1 1.7
v 4.9 2.1 1.6
v 4.9 2.1 -2.1
v 4.9 2.1 -2.2
v 4.9 2.1 -3
v 4.9 2.1 -3.1
v 2.6 1.6 2.6
v 2.6 1.6 2.5
v 2.6 1.7 2.6
v 2.6 1.7 2.5
v 2.6 1.7 2.4
v 2.6 1.8 2.5
v 2.6 1.8 2.4
v 2.6 1.9 2.5
v 2.6 1.9 2.4
v 2.6 1.9 2.3
v 2.6 2 2.4
v 2.6 2 2.3
v 2.6 2 2.2
v 2.6 2.1 2.3
v 2.6 2.1 2.2
v 2.7 1 3.1
v 2.7 1 3
v 2.7 1 0
v 2.7 1 -0.0999999
v 2.7 1 -0.4
v 2.7 1 -0.5
v 2.7 1.1 3.1
v 2.7 1.1 3
v 2.7 1.1 2.9
v 2.7 1.1 0.0999999
v 2.7 1.1 0
v 2.7 1.1 -0.0999999
v 2.7 1.1 -0.4
v 2.7 1.1 -0.5
v 2.7 1.1 -0.6
v 2.7 1.1 -4.3
v 2.7 1.1 -4.4
v 2.7 1.2 3
v 2.7 1.2 2.9
v 2.7 1.2 2.8
v 2.7 1.2 0.2
v 2.7 1.2 0.0999999
v 2.7 1.2 0
v 2.7 1.2 -0.5
v 2.7 1.2 -0.6
v 2.7 1.2 -0.7
v 2.7 1.2 -4.2
v 2.7 1.2 -4.3
v 2.7 1.2 -4.4
v 2.7 1.3 2.9
v 2.7 1.3 2.8
v 2.7 1.3 0.3
v 2.7 1.3 0.2
v 2.7 1.3 0.0999999
v 2.7 1.3 -0.6
v 2.7 1.3 -0.7
v 2.7 1.3 -0.8
v 2.7 1.4 2.9
v 2.7 1.4 2.8
v 2.7 1.4 2.7
v 2.7 1.4 0.4
v 2.7 1.4 0.3
v 2.7 1.4 0.2
v 2.7 1.4 -0.7
v 2.7 1.4 -0.8
v 2.7 1.4 -0.9
v 2.7 1.4 -4.1
v 2.7 1.4 -4.2
v 2.7 1.4 -4.3
v 2.7 1.5 2.8
v 2.7 1.5 2.7
v 2.7 1.5 2.6
v 2.7 1.5 0.5
v 2.7 1.5 0.4
v 2.7 1.5 0.3
v 2.7 1.5 -0.8
v 2.7 1.5 -0.9
v 2.7 1.5 -1
v 2.7 1.5 -4
v 2.7 1.5 -4.1
v 2.7 1.5 -4.2
v 2.7 1.6 2.7
v 2.7 1.6 2.6
v 2.7 1.6 -0.9
v 2.7 1.6 -1
v 2.7 1.6 -1.1
v 2.7 1.6 -4
v 2.7 1.6 -4.1
v 2.7 1.7 0.6
v 2.7 1.7 0.5
v 2.7 1.7 0.4
v 2.7 1.7 -1
v 2.7 1.7 -1.1
v 2.7 1.7 -1.2
v 2.7 1.7 -3.9
v 2.7 1.7 -4
v 2.7 1.7 -4.1
v 2.7 1.8 0.7
v 2.7 1.8 0.6
v 2.7 1.8 0.5
v 2.7 1.8 -1.1
v 2.7 1.8 -1.2
v 2.7 1.8 -1.3
v 2.7 1.8 -3.8
v 2.7 1.8 -3.9
v 2.7 1.8 -4
v 2.7 1.9 0.8
v 2.7 1.9 0.7
v 2.7 1.9 0.6
v 2.7 1.9 -1.2
v 2.7 1.9 -1.3
v 2.7 1.9 -1.4
v 2.7 1.9 -3.8
v 2.7 1.9 -3.9
v 2.7 2 0.9
v 2.7 2 0.8
v 2.7 2 0.7
v 2.7 2 -1.3
v 2.7 2 -1.4
v 2.7 2 -1.5
v 2.7 2 -3.7
v 2.7 2 -3.8
v 2.7 2 -3.9
v 2.7 2.1 0.9
v 2.7 2.1 0.8
v 2.7 2.1 -1.4
v 2.7 2.1 -1.5
v 2.7 2.1 -3.7
v 2.7 2.1 -3.8
v 2.8 0 3.4
v 2.8 0 3.2
v 2.8 0 3.1
v 2.8 0 -0.0999999
v 2.8 0 -0.2
v 2.8 0 -0.3
v 2.8 0 -0.4
v 2.8 0 -4.4
v 2.8 0 -4.5
v 2.8 0 -4.6
v 2.8 0 -4.7
v 2.8 0.1 3.4
v 2.8 0.1 3.3
v 2.8 0.1 3.2
v 2.8 0.1 3.1
v 2.8 0.1 -0.0999999
v 2.8 0.1 -0.2
v 2.8 0.1 -0.3
v 2.8 0.1 -0.4
v 2.8 0.1 -4.4
v 2.8 0.1 -4.5
v 2.8 0.1 -4.6
v 2.8 0.1 -4.7
v 2.8 0.2 3.4
v 2.8 0.2 3.3
v 2.8 0.2 3.2
v 2.8 0.2 3.1
v 2.8 0.2 -0.0999999
v 2.8 0.2 -0.2
v 2.8 0.2 -0.3
v 2.8 0.2 -4.4
v 2.8 0.2 -4.5
v 2.8 0.2 -4.7
v 2.8 0.3 3.3
v 2.8 0.3 3.1
v 2.8 0.3 -0.0999999
v 2.8 0.3 -0.2
v 2.8 0.3 -0.3
v 2.8 0.3 -4.4
v 2.8 0.3 -4.5
v 2.8 0.3 -4.6
v 2.8 0.3 -4.7
v 2.8 0.4 3.4
v 2.8 0.4 3.3
v 2.8 0.4 3.2
v 2.8 0.4 3.1
v 2.8 0.4 -0.0999999
v 2.8 0.4 -0.2
v 2.8 0.4 -0.3
v 2.8 0.4 -4.4
v 2.8 0.4 -4.5
v 2.8 0.4 -4.6
v 2.8 0.4 -4.7
v 2.8 0.5 3.4
v 2.8 0.5 3.3
v 2.8 0.5 3.2
v 2.8 0.5 3.1
v 2.8 0.5 -0.0999999
v 2.8 0.5 -0.2
v 2.8 0.5 -0.3
v 2.8 0.5 -0.4
v 2.8 0.5 -4.4
v 2.8 0.5 -4.5
v 2.8 0.5 -4.6
v 2.8 0.6 3.4
v 2.8 0.6 3.3
v 2.8 0.6 3.2
v 2.8 0.6 3.1
v 2.8 0.6 -0.0999999
v 2.8 0.6 -0.3
v 2.8 0.6 -4.4
v 2.8 0.6 -4.5
v 2.8 0.6 -4.6
v 2.8 0.7 3.3
v 2.8 0.7 3.2
v 2.8 0.7 3.1
v 2.8 0.7 -0.0999999
v 2.8 0.7 -0.2
v 2.8 0.7 -0.3
v 2.8 0.7 -0.4
v 2.8 0.7 -4.4
v 2.8 0.7 -4.5
v 2.8 0.7 -4.6
v 2.8 0.7 -4.7
v 2.8 0.8 3.4
v 2.8 0.8 3.3
v 2.8 0.8 3.2
v 2.8 0.8 3.1
v 2.8 0.8 -0.0999999
v 2.8 0.8 -0.2
v 2.8 0.8 -0.3
v 2.8 0.8 -0.4
v 2.8 0.8 -4.4
v 2.8 0.8 -4.6
v 2.8 0.8 -4.7
v 2.8 0.9 3.4
v 2.8 0.9 3.3
v 2.8 0.9 3.2
v 2.8 0.9 3.1
v 2.8 0.9 -0.0999999
v 2.8 0.9 -0.2
v 2.8 0.9 -0.3
v 2.8 0.9 -0.4
v 2.8 0.9 -4.4
v 2.8 0.9 -4.5
v 2.8 1 3.2
v 2.8 1 3.1
v 2.8 1 -0.2
v 2.8 1 -0.3
v 2.8 1 -4.4
v 2.8 1 -4.5
v 2.8 1 -4.6
v 2.8 1 -4.7
v 2.8 1.1 3.3
v 2.8 1.1 3.2
v 2.8 1.1 3.1
v 2.8 1.1 -0.0999999
v 2.8 1.1 -0.2
v 2.8 1.1 -0.3
v 2.8 1.1 -0.4
v 2.8 1.1 -4.4
v 2.8 1.1 -4.5
v 2.8 1.1 -4.6
v 2.8 1.1 -4.7
v 2.8 1.2 3.4
v 2.8 1.2 3.2
v 2.8 1.2 3.1
v 2.8 1.2 -0.2
v 2.8 1.2 -0.3
v 2.8 1.2 -4.4
v 2.8 1.2 -4.5
v 2.8 1.2 -4.6
v 2.8 1.2 -4.7
v 2.8 1.3 3.4
v 2.8 1.3 3.2
v 2.8 1.3 3.1
v 2.8 1.3 -0.0999999
v 2.8 1.3 -0.2
v 2.8 1.3 -0.3
v 2.8 1.3 -0.4
v 2.8 1.3 -4.4
v 2.8 1.3 -4.5
v 2.8 1.3 -4.6
v 2.8 1.4 3.4
v 2.8 1.4 3.3
v 2.8 1.4 3.2
v 2.8 1.4 -0.0999999
v 2.8 1.4 -0.3
v 2.8 1.4 -4.4
v 2.8 1.4 -4.5
v 2.8 1.4 -4.6
v 2.8 1.5 3.4
v 2.8 1.5 3.3
v 2.8 1.5 3.2
v 2.8 1.5 3.1
v 2.8 1.5 -0.2
v 2.8 1.5 -0.3
v 2.8 1.5 -0.4
v 2.8 1.5 -4.4
v 2.8 1.5 -4.5
v 2.8 1.5 -4.6
v 2.8 1.5 -4.7
v 2.8 1.6 3.4
v 2.8 1.6 3.3
v 2.8 1.6 3.2
v 2.8 1.6 3.1
v 2.8 1.6 -0.0999999
v 2.8 1.6 -0.2
v 2.8 1.6 -0.3
v 2.8 1.6 -0.4
v 2.8 1.6 -4.4
v 2.8 1.6 -4.5
v 2.8 1.6 -4.6
v 2.8 1.6 -4.7
v 2.8 1.7 3.2
v 2.8 1.7 3.1
v 2.8 1.7 -0.2
v 2.8 1.7 -0.3
v 2.8 1.7 -0.4
v 2.8 1.7 -4.4
v 2.8 1.7 -4.5
v 2.8 1.7 -4.6
v 2.8 1.7 -4.7
v 2.8 1.8 3.4
v 2.8 1.8 3.3
v 2.8 1.8 3.2
v 2.8 1.8 3.1
v 2.8 1.8 -0.0999999
v 2.8 1.8 -0.2
v 2.8 1.8 -0.3
v 2.8 1.8 -0.4
v 2.8 1.8 -4.4
v 2.8 1.8 -4.5
v 2.8 1.8 -4.6
v 2.8 1.8 -4.7
v 2.8 1.9 3.5
v 2.8 1.9 3.4
v 2.8 1.9 3.3
v 2.8 1.9 3.2
v 2.8 1.9 3.1
v 2.8 1.9 3
v 2.8 1.9 0
v 2.8 1.9 -0.0999999
v 2.8 1.9 -0.2
v 2.8 1.9 -0.3
v 2.8 1.9 -0.4
v 2.8 1.9 -0.5
v 2.8 1.9 -4.3
v 2.8 1.9 -4.4
v 2.8 1.9 -4.6
v 2.8 1.9 -4.7
v 2.8 1.9 -4.8
v 2.8 2 3.5
v 2.8 2 3.4
v 2.8 2 3.1
v 2.8 2 3
v 2.8 2 0
v 2.8 2 -0.0999999
v 2.8 2 -0.4
v 2.8 2 -0.5
v 2.8 2 -4.3
v 2.8 2 -4.4
v 2.8 2.1 4.2
v 2.8 2.1 4
v 2.8 2.1 3.9
v 2.8 2.1 3.8
v 2.8 2.1 3.6
v 2.8 2.1 3.5
v 2.8 2.1 3.4
v 2.8 2.1 3.1
v 2.8 2.1 3
v 2.8 2.1 2.9
v 2.8 2.1 2.8
v 2.8 2.1 2.7
v 2.8 2.1 2.6
v 2.8 2.1 2.5
v 2.8 2.1 2.4
v 2.8 2.1 2.3
v 2.8 2.1 2.2
v 2.8 2.1 2.1
v 2.8 2.1 2
v 2.8 2.1 1.9
v 2.8 2.1 1.8
v 2.8 2.1 1.7
v 2.8 2.1 1.6
v 2.8 2.1 1.4
v 2.8 2.1 1.3
v 2.8 2.1 1.2
v 2.8 2.1 1.1
v 2.8 2.1 1
v 2.8 2.1 0.9
v 2.8 2.1 0.8
v 2.8 2.1 0.6
v 2.8 2.1 0.4
v 2.8 2.1 0.3
v 2.8 2.1 0.2
v 2.8 2.1 0
v 2.8 2.1 -0.0999999
v 2.8 2.1 -0.4
v 2.8 2.1 -0.5
v 2.8 2.1 -0.6
v 2.8 2.1 -0.7
v 2.8 2.1 -0.8
v 2.8 2.1 -1
v 2.8 2.1 -1.3
v 2.8 2.1 -1.4
v 2.8 2.1 -1.7
v 2.8 2.1 -1.8
v 2.8 2.1 -1.9
v 2.8 2.1 -2.2
v 2.8 2.1 -2.3
v 2.8 2.1 -2.4
v 2.8 2.1 -2.5
v 2.8 2.1 -2.6
v 2.8 2.1 -2.7
v 2.8 2.1 -2.8
v 2.8 2.1 -3
v 2.8 2.1 -3.1
v 2.8 2.1 -3.2
v 2.8 2.1 -3.3
v 2.8 2.1 -3.6
v 2.8 2.1 -3.7
v 2.8 2.1 -3.8
v 2.8 2.1 -4
v 2.8 2.1 -4.1
v 2.8 2.1 -4.2
v 2.8 2.1 -4.3
v 2.8 2.1 -4.4
v 2.8 2.1 -4.7
v 2.8 2.1 -4.8
v 2.8 2.2 4.1
v 2.8 2.2 4
v 2.8 2.2 3.9
v 2.8 2.2 3.8
v 2.8 2.2 3.7
v 2.8 2.2 3.6
v 2.8 2.2 3.5
v 2.8 2.2 3.4
v 2.8 2.2 3.3
v 2.8 2.2 3.2
v 2.8 2.2 3.1
v 2.8 2.2 3
v 2.8 2.2 2.9
v 2.8 2.2 2.8
v 2.8 2.2 2.7
v 2.8 2.2 2.6
v 2.8 2.2 2.5
v 2.8 2.2 2.4
v 2.8 2.2 2.3
v 2.8 2.2 2.2
v 2.8 2.2 2
v 2.8 2.2 1.9
v 2.8 2.2 1.8
v 2.8 2.2 1.7
v 2.8 2.2 1.6
v 2.8 2.2 1.5
v 2.8 2.2 1.2
v 2.8 2.2 1.1
v 2.8 2.2 1
v 2.8 2.2 0.9
v 2.8 2.2 0.8
v 2.8 2.2 0.7
v 2.8 2.2 0.6
v 2.8 2.2 0.4
v 2.8 2.2 0.3
v 2.8 2.2 0.2
v 2.8 2.2 0.0999999
v 2.8 2.2 0
v 2.8 2.2 -0.0999999
v 2.8 2.2 -0.2
v 2.8 2.2 -0.3
v 2.8 2.2 -0.4
v 2.8 2.2 -0.5
v 2.8 2.2 -0.6
v 2.8 2.2 -0.9
v 2.8 2.2 -1
v 2.8 2.2 -1.1
v 2.8 2.2 -1.2
v 2.8 2.2 -1.3
v 2.8 2.2 -1.4
v 2.8 2.2 -1.5
v 2.8 2.2 -1.7
v 2.8 2.2 -1.8
v 2.8 2.2 -1.9
v 2.8 2.2 -2
v 2.8 2.2 -2.1
v 2.8 2.2 -2.2
v 2.8 2.2 -2.3
v 2.8 2.2 -2.4
v 2.8 2.2 -2.5
v 2.8 2.2 -2.8
v 2.8 2.2 -3
v 2.8 2.2 -3.1
v 2.8 2.2 -3.2
v 2.8 2.2 -3.3
v 2.8 2.2 -3.4
v 2.8 2.2 -3.5
v 2.8 2.2 -3.6
v 2.8 2.2 -3.7
v 2.8 2.2 -3.8
v 2.8 2.2 -3.9
v 2.8 2.2 -4
v 2.8 2.2 -4.1
v 2.8 2.2 -4.2
v 2.8 2.2 -4.3
v 2.8 2.2 -4.4
v 2.8 2.2 -4.5
v 2.8 2.2 -4.6
v 2.8 2.3 4.2
v 2.8 2.3 4.1
v 2.8 2.3 4
v 2.8 2.3 3.9
v 2.8 2.3 3.8
v 2.8 2.3 3.7
v 2.8 2.3 3.6
v 2.8 2.3 3.5
v 2.8 2.3 3.4
v 2.8 2.3 3.3
v 2.8 2.3 3.2
v 2.8 2.3 3.1
v 2.8 2.3 3
v 2.8 2.3 2.8
v 2.8 2.3 2.7
v 2.8 2.3 2.6
v 2.8 2.3 2.5
v 2.8 2.3 2.4
v 2.8 2.3 2.3
v 2.8 2.3 2.2
v 2.8 2.3 2.1
v 2.8 2.3 2
v 2.8 2.3 1.8
v 2.8 2.3 1.7
v 2.8 2.3 1.6
v 2.8 2.3 1.5
v 2.8 2.3 1.4
v 2.8 2.3 1.3
v 2.8 2.3 1.2
v 2.8 2.3 1.1
v 2.8 2.3 1
v 2.8 2.3 0.9
v 2.8 2.3 0.8
v 2.8 2.3 0.7
v 2.8 2.3 0.6
v 2.8 2.3 0.5
v 2.8 2.3 0.4
v 2.8 2.3 0.3
v 2.8 2.3 0.2
v 2.8 2.3 0.0999999
v 2.8 2.3 0
v 2.8 2.3 -0.0999999
v 2.8 2.3 -0.2
v 2.8 2.3 -0.4
v 2.8 2.3 -0.5
v 2.8 2.3 -0.6
v 2.8 2.3 -0.7
v 2.8 2.3 -0.8
v 2.8 2.3 -0.9
v 2.8 2.3 -1
v 2.8 2.3 -1.1
v 2.8 2.3 -1.2
v 2.8 2.3 -1.3
v 2.8 2.3 -1.6
v 2.8 2.3 -1.7
v 2.8 2.3 -1.8
v 2.8 2.3 -1.9
v 2.8 2.3 -2.1
v 2.8 2.3 -2.2
v 2.8 2.3 -2.3
v 2.8 2.3 -2.4
v 2.8 2.3 -2.6
v 2.8 2.3 -2.7
v 2.8 2.3 -2.8
v 2.8 2.3 -2.9
v 2.8 2.3 -3
v 2.8 2.3 -3.1
v 2.8 2.3 -3.2
v 2.8 2.3 -3.4
v 2.8 2.3 -3.5
v 2.8 2.3 -3.6
v 2.8 2.3 -3.7
v 2.8 2.3 -3.8
v 2.8 2.3 -4
v 2.8 2.3 -4.1
v 2.8 2.3 -4.2
v 2.8 2.3 -4.3
v 2.8 2.3 -4.5
v 2.8 2.3 -4.6
v 2.8 2.4 4.2
v 2.8 2.4 4.1
v 2.8 2.4 4
v 2.8 2.4 3.9
v 2.8 2.4 3.8
v 2.8 2.4 3.7
v 2.8 2.4 3.6
v 2.8 2.4 3.5
v 2.8 2.4 3.4
v 2.8 2.4 3.3
v 2.8 2.4 3.2
v 2.8 2.4 3.1
v 2.8 2.4 3
v 2.8 2.4 2.9
v 2.8 2.4 2.8
v 2.8 2.4 2.7
v 2.8 2.4 2.6
v 2.8 2.4 2.5
v 2.8 2.4 2.4
v 2.8 2.4 2.3
v 2.8 2.4 2.2
v 2.8 2.4 2.1
v 2.8 2.4 2
v 2.8 2.4 1.9
v 2.8 2.4 1.8
v 2.8 2.4 1.7
v 2.8 2.4 1.6
v 2.8 2.4 1.5
v 2.8 2.4 1.3
v 2.8 2.4 1.2
v 2.8 2.4 1.1
v 2.8 2.4 1
v 2.8 2.4 0.9
v 2.8 2.4 0.8
v 2.8 2.4 0.7
v 2.8 2.4 0.6
v 2.8 2.4 0.5
v 2.8 2.4 0.4
v 2.8 2.4 0.3
v 2.8 2.4 0.2
v 2.8 2.4 0.0999999
v 2.8 2.4 0
v 2.8 2.4 -0.0999999
v 2.8 2.4 -0.2
v 2.8 2.4 -0.3
v 2.8 2.4 -0.4
v 2.8 2.4 -0.5
v 2.8 2.4 -0.6
v 2.8 2.4 -0.7
v 2.8 2.4 -0.8
v 2.8 2.4 -0.9
v 2.8 2.4 -1
v 2.8 2.4 -1.1
v 2.8 2.4 -1.2
v 2.8 2.4 -1.3
v 2.8 2.4 -1.5
v 2.8 2.4 -1.6
v 2.8 2.4 -1.7
v 2.8 2.4 -1.8
v 2.8 2.4 -2
v 2.8 2.4 -2.1
v 2.8 2.4 -2.2
v 2.8 2.4 -2.4
v 2.8 2.4 -2.5
v 2.8 2.4 -2.6
v 2.8 2.4 -2.7
v 2.8 2.4 -2.8
v 2.8 2.4 -2.9
v 2.8 2.4 -3
v 2.8 2.4 -3.1
v 2.8 2.4 -3.2
v 2.8 2.4 -3.3
v 2.8 2.4 -3.4
v 2.8 2.4 -3.5
v 2.8 2.4 -3.8
v 2.8 2.4 -3.9
v 2.8 2.4 -4
v 2.8 2.4 -4.1
v 2.8 2.4 -4.2
v 2.8 2.4 -4.3
v 2.8 2.4 -4.4
v 2.8 2.4 -4.5
v 2.8 2.4 -4.6
v 2.9 1.9 3.4
v 2.9 1.9 3.3
v 2.9 1.9 3.2
v 2.9 1.9 3.1
v 2.9 1.9 -0.0999999
v 2.9 1.9 -0.3
v 2.9 1.9 -0.4
v 2.9 1.9 -4.4
v 2.9 1.9 -4.6
v 2.9 1.9 -4.7
v 2.9 2 3.4
v 2.9 2 3.3
v 2.9 2 3.2
v 2.9 2 3.1
v 2.9 2 -0.0999999
v 2.9 2 -0.2
v 2.9 2 -0.3
v 2.9 2 -0.4
v 2.9 2 -4.4
v 2.9 2 -4.6
v 2.9 2.1 3.4
v 2.9 2.1 3.3
v 2.9 2.1 3.2
v 2.9 2.1 3.1
v 2.9 2.1 -0.0999999
v 2.9 2.1 -0.2
v 2.9 2.1 -0.3
v 2.9 2.1 -0.4
v 2.9 2.1 -4.4
v 2.9 2.1 -4.5
v 2.9 2.1 -4.6
v 2.9 2.1 -4.7
v 2.9 2.1 -4.8
v 2.9 2.2 3.4
v 2.9 2.2 3.3
v 2.9 2.2 3.2
v 2.9 2.2 3.1
v 2.9 2.2 -0.0999999
v 2.9 2.2 -0.2
v 2.9 2.2 -0.3
v 2.9 2.2 -0.4
v 2.9 2.2 -4.4
v 2.9 2.2 -4.5
v 2.9 2.2 -4.6
v 2.9 2.2 -4.7
v 2.9 2.2 -4.8
v 2.9 2.3 -4.6
v 2.9 2.3 -4.7
v 2.9 2.4 -4.6
v 2.9 2.4 -4.7
v 2.9 2.4 -4.8
v 5 0.7 0
v 5 0.7 -0.0999999
v 5 0.7 -0.4
v 5 0.7 -0.5
v 5 0.8 3.1
v 5 0.8 3
v 5 0.8 0.0999999
v 5 0.8 0
v 5 0.8 -0.0999999
v 5 0.8 -0.4
v 5 0.8 -0.5
v 5 0.8 -0.6
v 5 0.9 3.1
v 5 0.9 3
v 5 0.9 2.9
v 5 0.9 0.3
v 5 0.9 0.2
v 5 0.9 0.0999999
v 5 0.9 0
v 5 0.9 -0.5
v 5 0.9 -0.6
v 5 0.9 -0.7
v 5 0.9 -0.8
v 5 0.9 -4.3
v 5 0.9 -4.4
v 5 1 3
v 5 1 2.9
v 5 1 2.8
v 5 1 0.4
v 5 1 0.3
v 5 1 0.2
v 5 1 0.0999999
v 5 1 -0.6
v 5 1 -0.7
v 5 1 -0.8
v 5 1 -0.9
v 5 1 -4.2
v 5 1 -4.3
v 5 1 -4.4
v 5 1.1 2.9
v 5 1.1 2.8
v 5 1.1 2.7
v 5 1.1 0.5
v 5 1.1 0.4
v 5 1.1 0.3
v 5 1.1 -0.8
v 5 1.1 -0.9
v 5 1.1 -1
v 5 1.1 -4.1
v 5 1.1 -4.2
v 5 1.1 -4.3
v 5 1.2 2.8
v 5 1.2 2.7
v 5 1.2 2.6
v 5 1.2 0.7
v 5 1.2 0.6
v 5 1.2 0.5
v 5 1.2 0.4
v 5 1.2 -0.9
v 5 1.2 -1
v 5 1.2 -1.2
v 5 1.2 -3.9
v 5 1.2 -4
v 5 1.2 -4.1
v 5 1.2 -4.2
v 5 1.3 2.7
v 5 1.3 2.6
v 5 1.3 2.5
v 5 1.3 0.8
v 5 1.3 0.7
v 5 1.3 0.6
v 5 1.3 0.5
v 5 1.3 -1
v 5 1.3 -1.2
v 5 1.3 -1.3
v 5 1.3 -3.8
v 5 1.3 -3.9
v 5 1.3 -4
v 5 1.3 -4.1
v 5 1.4 2.6
v 5 1.4 2.5
v 5 1.4 2.3
v 5 1.4 0.9
v 5 1.4 0.8
v 5 1.4 0.7
v 5 1.4 -1.2
v 5 1.4 -1.3
v 5 1.4 -1.4
v 5 1.4 -3.7
v 5 1.4 -3.8
v 5 1.4 -3.9
v 5 1.5 2.5
v 5 1.5 2.3
v 5 1.5 2.2
v 5 1.5 1.1
v 5 1.5 1
v 5 1.5 0.9
v 5 1.5 0.8
v 5 1.5 -1.3
v 5 1.5 -1.4
v 5 1.5 -1.5
v 5 1.5 -1.6
v 5 1.5 -3.6
v 5 1.5 -3.7
v 5 1.5 -3.8
v 5 1.6 2.3
v 5 1.6 2.2
v 5 1.6 2.1
v 5 1.6 1.2
v 5 1.6 1.1
v 5 1.6 1
v 5 1.6 0.9
v 5 1.6 -1.4
v 5 1.6 -1.5
v 5 1.6 -1.6
v 5 1.6 -1.7
v 5 1.6 -3.5
v 5 1.6 -3.6
v 5 1.6 -3.7
v 5 1.7 2.2
v 5 1.7 2.1
v 5 1.7 2
v 5 1.7 1.3
v 5 1.7 1.2
v 5 1.7 1.1
v 5 1.7 -1.6
v 5 1.7 -1.7
v 5 1.7 -1.8
v 5 1.7 -3.3
v 5 1.7 -3.4
v 5 1.7 -3.5
v 5 1.7 -3.6
v 5 1.8 2.1
v 5 1.8 2
v 5 1.8 1.9
v 5 1.8 1.5
v 5 1.8 1.3
v 5 1.8 1.2
v 5 1.8 -1.7
v 5 1.8 -1.8
v 5 1.8 -2
v 5 1.8 -3.2
v 5 1.8 -3.3
v 5 1.8 -3.4
v 5 1.8 -3.5
v 5 1.9 2
v 5 1.9 1.9
v 5 1.9 1.8
v 5 1.9 1.6
v 5 1.9 1.5
v 5 1.9 1.3
v 5 1.9 -1.8
v 5 1.9 -2
v 5 1.9 -2.1
v 5 1.9 -3.1
v 5 1.9 -3.2
v 5 1.9 -3.3
v 5 2 1.9
v 5 2 1.8
v 5 2 1.6
v 5 2 1.5
v 5 2 -2
v 5 2 -2.1
v 5 2 -2.2
v 5 2 -3
v 5 2 -3.1
v 5 2 -3.2
v 5 2.1 1.8
v 5 2.1 1.7
v 5 2.1 1.6
v 5 2.1 -2.1
v 5 2.1 -2.2
v 5 2.1 -3
v 5 2.1 -3.1
v 5.1 0 3.4
v 5.1 0 3.3
v 5.1 0 3.2
v 5.1 0 3.1
v 5.1 0 -0.0999999
v 5.1 0 -0.2
v 5.1 0 -0.4
v 5.1 0 -4.4
v 5.1 0 -4.5
v 5.1 0 -4.7
v 5.1 0.1 3.4
v 5.1 0.1 3.3
v 5.1 0.1 3.2
v 5.1 0.1 3.1
v 5.1 0.1 -0.0999999
v 5.1 0.1 -0.2
v 5.1 0.1 -0.3
v 5.1 0.1 -4.4
v 5.1 0.1 -4.5
v 5.1 0.1 -4.6
v 5.1 0.1 -4.7
v 5.1 0.2 3.4
v 5.1 0.2 3.2
v 5.1 0.2 3.1
v 5.1 0.2 -0.0999999
v 5.1 0.2 -0.2
v 5.1 0.2 -0.3
v 5.1 0.2 -0.4
v 5.1 0.2 -4.4
v 5.1 0.2 -4.5
v 5.1 0.2 -4.6
v 5.1 0.3 3.3
v 5.1 0.3 3.1
v 5.1 0.3 -0.2
v 5.1 0.3 -0.3
v 5.1 0.3 -4.4
v 5.1 0.3 -4.5
v 5.1 0.4 3.4
v 5.1 0.4 3.3
v 5.1 0.4 3.2
v 5.1 0.4 3.1
v 5.1 0.4 -0.0999999
v 5.1 0.4 -0.2
v 5.1 0.4 -0.4
v 5.1 0.4 -4.4
v 5.1 0.4 -4.5
v 5.1 0.4 -4.6
v 5.1 0.4 -4.7
v 5.1 0.5 3.4
v 5.1 0.5 3.2
v 5.1 0.5 3.1
v 5.1 0.5 -0.0999999
v 5.1 0.5 -0.2
v 5.1 0.5 -0.4
v 5.1 0.5 -4.5
v 5.1 0.5 -4.6
v 5.1 0.6 3.3
v 5.1 0.6 3.2
v 5.1 0.6 3.1
v 5.1 0.6 -0.3
v 5.1 0.6 -0.4
v 5.1 0.6 -4.4
v 5.1 0.6 -4.5
v 5.1 0.6 -4.6
v 5.1 0.6 -4.7
v 5.1 0.7 3.4
v 5.1 0.7 3.3
v 5.1 0.7 3.2
v 5.1 0.7 3.1
v 5.1 0.7 -0.3
v 5.1 0.7 -0.4
v 5.1 0.7 -4.4
v 5.1 0.7 -4.5
v 5.1 0.7 -4.6
v 5.1 0.7 -4.7
v 5.1 0.8 3.4
v 5.1 0.8 3.3
v 5.1 0.8 3.2
v 5.1 0.8 3.1
v 5.1 0.8 -0.0999999
v 5.1 0.8 -0.2
v 5.1 0.8 -0.3
v 5.1 0.8 -4.5
v 5.1 0.8 -4.6
v 5.1 0.8 -4.7
v 5.1 0.9 3.4
v 5.1 0.9 3.2
v 5.1 0.9 -0.0999999
v 5.1 0.9 -0.2
v 5.1 0.9 -0.3
v 5.1 0.9 -0.4
v 5.1 0.9 -4.4
v 5.1 0.9 -4.5
v 5.1 0.9 -4.6
v 5.1 0.9 -4.7
v 5.1 1 3.4
v 5.1 1 3.2
v 5.1 1 3.1
v 5.1 1 -0.0999999
v 5.1 1 -0.2
v 5.1 1 -0.3
v 5.1 1 -0.4
v 5.1 1 -4.4
v 5.1 1 -4.5
v 5.1 1 -4.6
v 5.1 1 -4.7
v 5.1 1.1 3.4
v 5.1 1.1 3.3
v 5.1 1.1 3.2
v 5.1 1.1 3.1
v 5.1 1.1 -0.0999999
v 5.1 1.1 -0.2
v 5.1 1.1 -0.3
v 5.1 1.1 -0.4
v 5.1 1.1 -4.5
v 5.1 1.1 -4.6
v 5.1 1.1 -4.7
v 5.1 1.2 3.3
v 5.1 1.2 3.2
v 5.1 1.2 -0.2
v 5.1 1.2 -0.3
v 5.1 1.2 -4.4
v 5.1 1.2 -4.5
v 5.1 1.2 -4.7
v 5.1 1.3 3.4
v 5.1 1.3 3.3
v 5.1 1.3 3.2
v 5.1 1.3 3.1
v 5.1 1.3 -0.0999999
v 5.1 1.3 -0.2
v 5.1 1.3 -0.3
v 5.1 1.3 -0.4
v 5.1 1.3 -4.6
v 5.1 1.3 -4.7
v 5.1 1.4 3.4
v 5.1 1.4 3.3
v 5.1 1.4 3.2
v 5.1 1.4 3.1
v 5.1 1.4 -0.0999999
v 5.1 1.4 -0.2
v 5.1 1.4 -0.3
v 5.1 1.4 -0.4
v 5.1 1.4 -4.4
v 5.1 1.4 -4.5
v 5.1 1.4 -4.6
v 5.1 1.4 -4.7
v 5.1 1.5 3.4
v 5.1 1.5 3.2
v 5.1 1.5 -0.0999999
v 5.1 1.5 -0.2
v 5.1 1.5 -0.3
v 5.1 1.5 -0.4
v 5.1 1.5 -4.4
v 5.1 1.5 -4.5
v 5.1 1.5 -4.6
v 5.1 1.5 -4.7
v 5.1 1.6 3.4
v 5.1 1.6 3.3
v 5.1 1.6 3.2
v 5.1 1.6 -0.0999999
v 5.1 1.6 -0.2
v 5.1 1.6 -0.3
v 5.1 1.6 -0.4
v 5.1 1.6 -4.4
v 5.1 1.6 -4.5
v 5.1 1.6 -4.6
v 5.1 1.6 -4.7
v 5.1 1.7 3.4
v 5.1 1.7 3.3
v 5.1 1.7 3.2
v 5.1 1.7 -0.0999999
v 5.1 1.7 -0.2
v 5.1 1.7 -0.3
v 5.1 1.7 -0.4
v 5.1 1.7 -4.5
v 5.1 1.7 -4.7
v 5.1 1.8 -0.0999999
v 5.1 1.8 -0.2
v 5.1 1.8 -0.3
v 5.1 1.8 -0.4
v 5.1 1.8 -4.4
v 5.1 1.8 -4.5
v 5.1 1.8 -4.6
v 5.1 1.9 3.5
v 5.1 1.9 3.4
v 5.1 1.9 3.3
v 5.1 1.9 3.2
v 5.1 1.9 3.1
v 5.1 1.9 3
v 5.1 1.9 0
v 5.1 1.9 -0.0999999
v 5.1 1.9 -0.2
v 5.1 1.9 -0.3
v 5.1 1.9 -0.4
v 5.1 1.9 -0.5
v 5.1 1.9 -4.3
v 5.1 1.9 -4.4
v 5.1 1.9 -4.5
v 5.1 1.9 -4.6
v 5.1 1.9 -4.7
v 5.1 1.9 -4.8
v 5.1 2 3.5
v 5.1 2 3.4
v 5.1 2 3.1
v 5.1 2 3
v 5.1 2 -0.0999999
v 5.1 2 -0.4
v 5.1 2 -0.5
v 5.1 2 -4.3
v 5.1 2 -4.4
v 5.1 2 -4.7
v 5.1 2.1 4.2
v 5.1 2.1 4.1
v 5.1 2.1 4
v 5.1 2.1 3.9
v 5.1 2.1 3.8
v 5.1 2.1 3.7
v 5.1 2.1 3.6
v 5.1 2.1 3.5
v 5.1 2.1 3.4
v 5.1 2.1 3.1
v 5.1 2.1 3
v 5.1 2.1 2.9
v 5.1 2.1 2.8
v 5.1 2.1 2.7
v 5.1 2.1 2.6
v 5.1 2.1 2.5
v 5.1 2.1 2.4
v 5.1 2.1 2.3
v 5.1 2.1 2.2
v 5.1 2.1 2.1
v 5.1 2.1 2
v 5.1 2.1 1.9
v 5.1 2.1 1.8
v 5.1 2.1 1.7
v 5.1 2.1 1.5
v 5.1 2.1 1.4
v 5.1 2.1 1.2
v 5.1 2.1 1.1
v 5.1 2.1 1
v 5.1 2.1 0.9
v 5.1 2.1 0.8
v 5.1 2.1 0.7
v 5.1 2.1 0.5
v 5.1 2.1 0.3
v 5.1 2.1 0.0999999
v 5.1 2.1 0
v 5.1 2.1 -0.0999999
v 5.1 2.1 -0.4
v 5.1 2.1 -0.5
v 5.1 2.1 -0.6
v 5.1 2.1 -0.7
v 5.1 2.1 -0.8
v 5.1 2.1 -0.9
v 5.1 2.1 -1.1
v 5.1 2.1 -1.2
v 5.1 2.1 -1.3
v 5.1 2.1 -1.4
v 5.1 2.1 -1.5
v 5.1 2.1 -1.6
v 5.1 2.1 -1.7
v 5.1 2.1 -1.8
v 5.1 2.1 -1.9
v 5.1 2.1 -2.1
v 5.1 2.1 -2.2
v 5.1 2.1 -2.3
v 5.1 2.1 -2.6
v 5.1 2.1 -2.7
v 5.1 2.1 -2.8
v 5.1 2.1 -3
v 5.1 2.1 -3.1
v 5.1 2.1 -3.2
v 5.1 2.1 -3.3
v 5.1 2.1 -3.5
v 5.1 2.1 -3.6
v 5.1 2.1 -3.7
v 5.1 2.1 -3.9
v 5.1 2.1 -4.2
v 5.1 2.1 -4.3
v 5.1 2.1 -4.4
v 5.1 2.1 -4.7
v 5.1 2.1 -4.8
v 5.1 2.2 4.2
v 5.1 2.2 4.1
v 5.1 2.2 4
v 5.1 2.2 3.9
v 5.1 2.2 3.8
v 5.1 2.2 3.7
v 5.1 2.2 3.6
v 5.1 2.2 3.4
v 5.1 2.2 3.3
v 5.1 2.2 3.1
v 5.1 2.2 3
v 5.1 2.2 2.9
v 5.1 2.2 2.8
v 5.1 2.2 2.7
v 5.1 2.2 2.6
v 5.1 2.2 2.5
v 5.1 2.2 2.4
v 5.1 2.2 2.2
v 5.1 2.2 2.1
v 5.1 2.2 2
v 5.1 2.2 1.9
v 5.1 2.2 1.8
v 5.1 2.2 1.7
v 5.1 2.2 1.6
v 5.1 2.2 1.5
v 5.1 2.2 1.4
v 5.1 2.2 1.3
v 5.1 2.2 1.1
v 5.1 2.2 1
v 5.1 2.2 0.9
v 5.1 2.2 0.8
v 5.1 2.2 0.7
v 5.1 2.2 0.6
v 5.1 2.2 0.5
v 5.1 2.2 0.4
v 5.1 2.2 0.3
v 5.1 2.2 0.0999999
v 5.1 2.2 0
v 5.1 2.2 -0.0999999
v 5.1 2.2 -0.2
v 5.1 2.2 -0.3
v 5.1 2.2 -0.4
v 5.1 2.2 -0.6
v 5.1 2.2 -0.7
v 5.1 2.2 -0.8
v 5.1 2.2 -1
v 5.1 2.2 -1.1
v 5.1 2.2 -1.2
v 5.1 2.2 -1.3
v 5.1 2.2 -1.4
v 5.1 2.2 -1.5
v 5.1 2.2 -1.6
v 5.1 2.2 -1.8
v 5.1 2.2 -1.9
v 5.1 2.2 -2.1
v 5.1 2.2 -2.2
v 5.1 2.2 -2.3
v 5.1 2.2 -2.6
v 5.1 2.2 -2.7
v 5.1 2.2 -2.8
v 5.1 2.2 -2.9
v 5.1 2.2 -3
v 5.1 2.2 -3.1
v 5.1 2.2 -3.2
v 5.1 2.2 -3.3
v 5.1 2.2 -3.4
v 5.1 2.2 -3.5
v 5.1 2.2 -3.6
v 5.1 2.2 -3.7
v 5.1 2.2 -3.8
v 5.1 2.2 -3.9
v 5.1 2.2 -4
v 5.1 2.2 -4.1
v 5.1 2.2 -4.2
v 5.1 2.2 -4.3
v 5.1 2.2 -4.4
v 5.1 2.2 -4.5
v 5.1 2.2 -4.6
v 5.1 2.3 4.2
v 5.1 2.3 4.1
v 5.1 2.3 4
v 5.1 2.3 3.9
v 5.1 2.3 3.8
v 5.1 2.3 3.7
v 5.1 2.3 3.6
v 5.1 2.3 3.5
v 5.1 2.3 3.4
v 5.1 2.3 3.3
v 5.1 2.3 3.2
v 5.1 2.3 3.1
v 5.1 2.3 3
v 5.1 2.3 2.9
v 5.1 2.3 2.8
v 5.1 2.3 2.7
v 5.1 2.3 2.6
v 5.1 2.3 2.5
v 5.1 2.3 2.4
v 5.1 2.3 2.3
v 5.1 2.3 2.2
v 5.1 2.3 2.1
v 5.1 2.3 2
v 5.1 2.3 1.9
v 5.1 2.3 1.7
v 5.1 2.3 1.6
v 5.1 2.3 1.5
v 5.1 2.3 1.4
v 5.1 2.3 1.3
v 5.1 2.3 1.2
v 5.1 2.3 1.1
v 5.1 2.3 1
v 5.1 2.3 0.9
v 5.1 2.3 0.8
v 5.1 2.3 0.7
v 5.1 2.3 0.6
v 5.1 2.3 0.5
v 5.1 2.3 0.4
v 5.1 2.3 0.2
v 5.1 2.3 0.0999999
v 5.1 2.3 0
v 5.1 2.3 -0.0999999
v 5.1 2.3 -0.3
v 5.1 2.3 -0.4
v 5.1 2.3 -0.5
v 5.1 2.3 -0.6
v 5.1 2.3 -0.7
v 5.1 2.3 -0.8
v 5.1 2.3 -0.9
v 5.1 2.3 -1
v 5.1 2.3 -1.1
v 5.1 2.3 -1.3
v 5.1 2.3 -1.4
v 5.1 2.3 -1.5
v 5.1 2.3 -1.6
v 5.1 2.3 -1.7
v 5.1 2.3 -1.8
v 5.1 2.3 -1.9
v 5.1 2.3 -2
v 5.1 2.3 -2.2
v 5.1 2.3 -2.3
v 5.1 2.3 -2.4
v 5.1 2.3 -2.5
v 5.1 2.3 -2.6
v 5.1 2.3 -2.7
v 5.1 2.3 -2.8
v 5.1 2.3 -2.9
v 5.1 2.3 -3
v 5.1 2.3 -3.1
v 5.1 2.3 -3.2
v 5.1 2.3 -3.3
v 5.1 2.3 -3.4
v 5.1 2.3 -3.5
v 5.1 2.3 -3.6
v 5.1 2.3 -3.7
v 5.1 2.3 -3.8
v 5.1 2.3 -3.9
v 5.1 2.3 -4
v 5.1 2.3 -4.1
v 5.1 2.3 -4.2
v 5.1 2.3 -4.3
v 5.1 2.3 -4.4
v 5.1 2.3 -4.5
v 5.1 2.3 -4.6
v 5.1 2.4 4.2
v 5.1 2.4 4.1
v 5.1 2.4 4
v 5.1 2.4 3.9
v 5.1 2.4 3.8
v 5.1 2.4 3.7
v 5.1 2.4 3.6
v 5.1 2.4 3.5
v 5.1 2.4 3.4
v 5.1 2.4 3.3
v 5.1 2.4 3.2
v 5.1 2.4 3.1
v 5.1 2.4 2.9
v 5.1 2.4 2.8
v 5.1 2.4 2.7
v 5.1 2.4 2.6
v 5.1 2.4 2.5
v 5.1 2.4 2.4
v 5.1 2.4 2.3
v 5.1 2.4 2.2
v 5.1 2.4 2.1
v 5.1 2.4 2
v 5.1 2.4 1.9
v 5.1 2.4 1.7
v 5.1 2.4 1.6
v 5.1 2.4 1.4
v 5.1 2.4 1.3
v 5.1 2.4 1.2
v 5.1 2.4 1.1
v 5.1 2.4 1
v 5.1 2.4 0.9
v 5.1 2.4 0.8
v 5.1 2.4 0.7
v 5.1 2.4 0.6
v 5.1 2.4 0.5
v 5.1 2.4 0.2
v 5.1 2.4 0.0999999
v 5.1 2.4 0
v 5.1 2.4 -0.2
v 5.1 2.4 -0.3
v 5.1 2.4 -0.4
v 5.1 2.4 -0.5
v 5.1 2.4 -0.6
v 5.1 2.4 -0.7
v 5.1 2.4 -0.8
v 5.1 2.4 -0.9
v 5.1 2.4 -1
v 5.1 2.4 -1.1
v 5.1 2.4 -1.2
v 5.1 2.4 -1.3
v 5.1 2.4 -1.4
v 5.1 2.4 -1.5
v 5.1 2.4 -1.6
v 5.1 2.4 -1.7
v 5.1 2.4 -1.8
v 5.1 2.4 -1.9
v 5.1 2.4 -2
v 5.1 2.4 -2.1
v 5.1 2.4 -2.3
v 5.1 2.4 -2.4
v 5.1 2.4 -2.5
v 5.1 2.4 -2.6
v 5.1 2.4 -2.7
v 5.1 2.4 -2.8
v 5.1 2.4 -2.9
v 5.1 2.4 -3.1
v 5.1 2.4 -3.2
v 5.1 2.4 -3.3
v 5.1 2.4 -3.4
v 5.1 2.4 -3.5
v 5.1 2.4 -3.6
v 5.1 2.4 -3.7
v 5.1 2.4 -3.8
v 5.1 2.4 -3.9
v 5.1 2.4 -4
v 5.1 2.4 -4.1
v 5.1 2.4 -4.2
v 5.1 2.4 -4.3
v 5.1 2.4 -4.4
v 5.1 2.4 -4.6
v 5.2 1.9 3.4
v 5.2 1.9 3.3
v 5.2 1.9 3.2
v 5.2 1.9 3.1
v 5.2 1.9 -0.0999999
v 5.2 1.9 -0.2
v 5.2 1.9 -0.4
v 5.2 1.9 -4.4
v 5.2 1.9 -4.5
v 5.2 1.9 -4.7
v 5.2 2 3.4
v 5.2 2 3.3
v 5.2 2 3.2
v 5.2 2 3.1
v 5.2 2 -0.0999999
v 5.2 2 -0.2
v 5.2 2 -0.3
v 5.2 2 -0.4
v 5.2 2 -4.4
v 5.2 2 -4.5
v 5.2 2 -4.6
v 5.2 2 -4.7
v 5.2 2.1 3.3
v 5.2 2.1 3.2
v 5.2 2.1 -0.0999999
v 5.2 2.1 -0.2
v 5.2 2.1 -0.3
v 5.2 2.1 -4.7
v 5.2 2.1 -4.8
v 5.2 2.2 3.4
v 5.2 2.2 3.3
v 5.2 2.2 3.1
v 5.2 2.2 -0.0999999
v 5.2 2.2 -0.4
v 5.2 2.2 -4.4
v 5.2 2.2 -4.5
v 5.2 2.2 -4.6
v 5.2 2.2 -4.7
v 5.2 2.2 -4.8
v 5.2 2.3 -4.6
v 5.2 2.3 -4.7
v 5.2 2.3 -4.8
v 5.2 2.4 -4.6
v 5.2 2.4 -4.7
v 5.2 2.4 -4.8
v 5.4 2.4 4.2
v 5.4 2.4 4.1
v 5.4 2.4 3.8
v 5.4 2.4 3.7
v 5.4 2.4 3.6
v 5.4 2.4 3.5
v 5.4 2.4 3.4
v 5.4 2.4 3.3
v 5.4 2.4 3.2
v 5.4 2.4 3.1
v 5.4 2.4 3
v 5.4 2.4 2.9
v 5.4 2.4 2.8
v 5.4 2.4 2.7
v 5.4 2.4 2.6
v 5.4 2.4 2.5
v 5.4 2.4 2.4
v 5.4 2.4 2.3
v 5.4 2.4 2.2
v 5.4 2.4 2.1
v 5.4 2.4 2
v 5.4 2.4 1.9
v 5.4 2.4 1.7
v 5.4 2.4 1.6
v 5.4 2.4 1.5
v 5.4 2.4 1.4
v 5.4 2.4 1.3
v 5.4 2.4 1.1
v 5.4 2.4 1
v 5.4 2.4 0.8
v 5.4 2.4 0.7
v 5.4 2.4 0.6
v 5.4 2.4 0.5
v 5.4 2.4 0.4
v 5.4 2.4 0.3
v 5.4 2.4 0.2
v 5.4 2.4 0.0999999
v 5.4 2.4 0
v 5.4 2.4 -0.0999999
v 5.4 2.4 -0.6
v 5.4 2.4 -0.7
v 5.4 2.4 -0.8
v 5.4 2.4 -0.9
v 5.4 2.4 -1
v 5.4 2.4 -1.1
v 5.4 2.4 -1.2
v 5.4 2.4 -1.3
v 5.4 2.4 -1.4
v 5.4 2.4 -1.5
v 5.4 2.4 -1.6
v 5.4 2.4 -1.7
v 5.4 2.4 -1.9
v 5.4 2.4 -2
v 5.4 2.4 -2.1
v 5.4 2.4 -2.3
v 5.4 2.4 -2.4
v 5.4 2.4 -2.5
v 5.4 2.4 -2.6
v 5.4 2.4 -2.7
v 5.4 2.4 -2.8
v 5.4 2.4 -2.9
v 5.4 2.4 -3
v 5.4 2.4 -3.2
v 5.4 2.4 -3.3
v 5.4 2.4 -3.4
v 5.4 2.4 -3.5
v 5.4 2.4 -3.6
v 5.4 2.4 -3.7
v 5.4 2.4 -3.8
v 5.4 2.4 -3.9
v 5.4 2.4 -4
v 5.4 2.4 -4.1
v 5.4 2.4 -4.3
v 5.4 2.4 -4.4
v 5.4 2.4 -4.5
v 5.4 2.4 -4.6
v 5.4 2.4 -4.7
v 5.4 2.4 -4.8
v 5.4 2.5 4.2
v 5.4 2.5 4.1
v 5.4 2.5 3.8
v 5.4 2.5 3.7
v 5.4 2.5 3.6
v 5.4 2.5 3.5
v 5.4 2.5 3.4
v 5.4 2.5 3.3
v 5.4 2.5 3.2
v 5.4 2.5 3.1
v 5.4 2.5 3
v 5.4 2.5 2.9
v 5.4 2.5 2.8
v 5.4 2.5 2.7
v 5.4 2.5 2.6
v 5.4 2.5 2.5
v 5.4 2.5 2.4
v 5.4 2.5 2.3
v 5.4 2.5 2.2
v 5.4 2.5 2.1
v 5.4 2.5 2
v 5.4 2.5 1.9
v 5.4 2.5 1.7
v 5.4 2.5 1.6
v 5.4 2.5 1.5
v 5.4 2.5 1.4
v 5.4 2.5 1.3
v 5.4 2.5 1.1
v 5.4 2.5 1
v 5.4 2.5 0.8
v 5.4 2.5 0.7
v 5.4 2.5 0.6
v 5.4 2.5 0.5
v 5.4 2.5 0.4
v 5.4 2.5 0.3
v 5.4 2.5 0.2
v 5.4 2.5 0.0999999
v 5.4 2.5 0
v 5.4 2.5 -0.0999999
v 5.4 2.5 -0.6
v 5.4 2.5 -0.7
v 5.4 2.5 -0.8
v 5.4 2.5 -0.9
v 5.4 2.5 -1
v 5.4 2.5 -1.1
v 5.4 2.5 -1.2
v 5.4 2.5 -1.3
v 5.4 2.5 -1.4
v 5.4 2.5 -1.5
v 5.4 2.5 -1.6
v 5.4 2.5 -1.7
v 5.4 2.5 -1.9
v 5.4 2.5 -2
v 5.4 2.5 -2.1
v 5.4 2.5 -2.3
v 5.4 2.5 -2.4
v 5.4 2.5 -2.5
v 5.4 2.5 -2.6
v 5.4 2.5 -2.7
v 5.4 2.5 -2.8
v 5.4 2.5 -2.9
v 5.4 2.5 -3
v 5.4 2.5 -3.2
v 5.4 2.5 -3.3
v 5.4 2.5 -3.4
v 5.4 2.5 -3.5
v 5.4 2.5 -3.6
v 5.4 2.5 -3.7
v 5.4 2.5 -3.8
v 5.4 2.5 -3.9
v 5.4 2.5 -4
v 5.4 2.5 -4.1
v 5.4 2.5 -4.3
v 5.4 2.5 -4.4
v 5.4 2.5 -4.5
v 5.4 2.5 -4.6
v 5.4 2.5 -4.7
v 5.4 2.5 -4.8
v 2.2 2.4 4.2
v 2.2 2.5 4.2
v 2.3 2.4 4.2
v 2.3 2.5 4.2
v 2.5 2.1 4.2
v 2.5 2.2 4.2
v 2.5 2.3 4.2
v 2.5 2.4 4.2
v 2.5 2.5 4.2
v 2.6 2.2 4.2
v 2.6 2.3 4.2
v 2.6 2.4 4.2
v 2.6 2.5 4.2
v 2.7 2.1 4.2
v 2.7 2.3 4.2
v 2.7 2.4 4.2
v 2.7 2.5 4.2
v 2.8 2.1 4.2
v 2.8 2.3 4.2
v 2.8 2.4 4.2
v 2.8 2.5 4.2
v 3 2.4 4.2
v 3 2.5 4.2
v 3.1 2.4 4.2
v 3.1 2.5 4.2
v 3.2 2.4 4.2
v 3.2 2.5 4.2
v 3.3 2.4 4.2
v 3.3 2.5 4.2
v 3.6 2.4 4.2
v 3.6 2.5 4.2
v 3.8 2.4 4.2
v 3.8 2.5 4.2
v 3.9 2.4 4.2
v 3.9 2.5 4.2
v 4 2.4 4.2
v 4 2.5 4.2
v 4.1 2.4 4.2
v 4.1 2.5 4.2
v 4.2 2.4 4.2
v 4.2 2.5 4.2
v 4.5 2.4 4.2
v 4.5 2.5 4.2
v 4.6 2.4 4.2
v 4.6 2.5 4.2
v 4.7 2.4 4.2
v 4.7 2.5 4.2
v 4.8 2.1 4.2
v 4.8 2.2 4.2
v 4.8 2.3 4.2
v 4.8 2.4 4.2
v 4.9 2.1 4.2
v 4.9 2.2 4.2
v 4.9 2.3 4.2
v 4.9 2.4 4.2
v 4.9 2.5 4.2
v 5 2.1 4.2
v 5 2.2 4.2
v 5 2.3 4.2
v 5 2.4 4.2
v 5 2.5 4.2
v 5.1 2.1 4.2
v 5.1 2.2 4.2
v 5.1 2.3 4.2
v 5.1 2.4 4.2
v 5.1 2.5 4.2
v 5.3 2.4 4.2
v 5.3 2.5 4.2
v 5.4 2.4 4.2
v 5.4 2.5 4.2
v 2.2 2.4 3.7
v 2.2 2.5 3.7
v 2.4 2.4 3.7
v 2.4 2.5 3.7
v 2.5 2.4 3.7
v 2.6 2.4 3.7
v 2.6 2.5 3.7
v 2.7 2.4 3.7
v 2.7 2.5 3.7
v 2.8 2.4 3.7
v 2.8 2.5 3.7
v 3 2.4 3.7
v 3 2.5 3.7
v 3.2 2.4 3.7
v 3.2 2.5 3.7
v 3.3 2.4 3.7
v 3.3 2.5 3.7
v 3.4 2.4 3.7
v 3.4 2.5 3.7
v 3.5 2.4 3.7
v 3.5 2.5 3.7
v 3.6 2.4 3.7
v 3.6 2.5 3.7
v 3.7 2.4 3.7
v 3.7 2.5 3.7
v 3.8 2.4 3.7
v 3.8 2.5 3.7
v 3.9 2.4 3.7
v 3.9 2.5 3.7
v 4 2.4 3.7
v 4 2.5 3.7
v 4.1 2.4 3.7
v 4.1 2.5 3.7
v 4.2 2.4 3.7
v 4.2 2.5 3.7
v 4.3 2.4 3.7
v 4.3 2.5 3.7
v 4.5 2.4 3.7
v 4.5 2.5 3.7
v 4.6 2.4 3.7
v 4.6 2.5 3.7
v 4.7 2.4 3.7
v 4.7 2.5 3.7
v 4.8 2.4 3.7
v 4.8 2.5 3.7
v 4.9 2.4 3.7
v 4.9 2.5 3.7
v 5 2.4 3.7
v 5 2.5 3.7
v 5.1 2.4 3.7
v 5.3 2.4 3.7
v 5.3 2.5 3.7
v 5.4 2.4 3.7
v 5.4 2.5 3.7
v 2.5 1.9 3.5
v 2.5 2 3.5
v 2.5 2.1 3.5
v 2.6 2 3.5
v 2.6 2.1 3.5
v 2.7 1.9 3.5
v 2.7 2 3.5
v 2.7 2.1 3.5
v 2.8 1.9 3.5
v 2.8 2 3.5
v 2.8 2.1 3.5
v 4.8 1.9 3.5
v 4.8 2.1 3.5
v 4.9 2 3.5
v 4.9 2.1 3.5
v 5 2 3.5
v 5 2.1 3.5
v 5.1 1.9 3.5
v 5.1 2 3.5
v 5.1 2.1 3.5
v 2.4 1.9 3.4
v 2.4 2 3.4
v 2.4 2.1 3.4
v 2.4 2.2 3.4
v 2.5 0 3.4
v 2.5 0.1 3.4
v 2.5 0.2 3.4
v 2.5 0.4 3.4
v 2.5 0.5 3.4
v 2.5 0.6 3.4
v 2.5 0.7 3.4
v 2.5 0.8 3.4
v 2.5 1.1 3.4
v 2.5 1.2 3.4
v 2.5 1.3 3.4
v 2.5 1.4 3.4
v 2.5 1.5 3.4
v 2.5 1.7 3.4
v 2.5 1.8 3.4
v 2.5 1.9 3.4
v 2.5 2 3.4
v 2.5 2.1 3.4
v 2.5 2.2 3.4
v 2.6 0 3.4
v 2.6 0.1 3.4
v 2.6 0.2 3.4
v 2.6 0.3 3.4
v 2.6 0.4 3.4
v 2.6 0.5 3.4
v 2.6 0.6 3.4
v 2.6 0.7 3.4
v 2.6 0.8 3.4
v 2.6 0.9 3.4
v 2.6 1 3.4
v 2.6 1.1 3.4
v 2.6 1.2 3.4
v 2.6 1.3 3.4
v 2.6 1.4 3.4
v 2.6 1.5 3.4
v 2.6 1.6 3.4
v 2.6 1.7 3.4
v 2.6 1.8 3.4
v 2.6 1.9 3.4
v 2.7 0 3.4
v 2.7 0.1 3.4
v 2.7 0.2 3.4
v 2.7 0.3 3.4
v 2.7 0.4 3.4
v 2.7 0.5 3.4
v 2.7 0.6 3.4
v 2.7 0.7 3.4
v 2.7 0.8 3.4
v 2.7 0.9 3.4
v 2.7 1 3.4
v 2.7 1.1 3.4
v 2.7 1.2 3.4
v 2.7 1.3 3.4
v 2.7 1.4 3.4
v 2.7 1.5 3.4
v 2.7 1.6 3.4
v 2.7 1.7 3.4
v 2.7 1.8 3.4
v 2.7 1.9 3.4
v 2.8 0 3.4
v 2.8 0.1 3.4
v 2.8 0.2 3.4
v 2.8 0.4 3.4
v 2.8 0.5 3.4
v 2.8 0.6 3.4
v 2.8 0.8 3.4
v 2.8 0.9 3.4
v 2.8 1.2 3.4
v 2.8 1.3 3.4
v 2.8 1.4 3.4
v 2.8 1.5 3.4
v 2.8 1.6 3.4
v 2.8 1.8 3.4
v 2.8 1.9 3.4
v 2.8 2 3.4
v 2.8 2.1 3.4
v 2.8 2.2 3.4
v 2.9 1.9 3.4
v 2.9 2 3.4
v 2.9 2.1 3.4
v 2.9 2.2 3.4
v 4.7 1.9 3.4
v 4.7 2 3.4
v 4.7 2.1 3.4
v 4.7 2.2 3.4
v 4.8 0 3.4
v 4.8 0.1 3.4
v 4.8 0.2 3.4
v 4.8 0.3 3.4
v 4.8 0.4 3.4
v 4.8 0.5 3.4
v 4.8 0.6 3.4
v 4.8 0.7 3.4
v 4.8 0.9 3.4
v 4.8 1 3.4
v 4.8 1.1 3.4
v 4.8 1.2 3.4
v 4.8 1.4 3.4
v 4.8 1.6 3.4
v 4.8 1.7 3.4
v 4.8 1.8 3.4
v 4.8 1.9 3.4
v 4.8 2 3.4
v 4.8 2.1 3.4
v 4.8 2.2 3.4
v 4.9 0 3.4
v 4.9 0.1 3.4
v 4.9 0.2 3.4
v 4.9 0.4 3.4
v 4.9 0.5 3.4
v 4.9 0.7 3.4
v 4.9 0.8 3.4
v 4.9 0.9 3.4
v 4.9 1 3.4
v 4.9 1.1 3.4
v 4.9 1.2 3.4
v 4.9 1.3 3.4
v 4.9 1.4 3.4
v 4.9 1.5 3.4
v 4.9 1.6 3.4
v 4.9 1.7 3.4
v 4.9 1.8 3.4
v 5 0 3.4
v 5 0.1 3.4
v 5 0.2 3.4
v 5 0.3 3.4
v 5 0.4 3.4
v 5 0.5 3.4
v 5 0.6 3.4
v 5 0.7 3.4
v 5 0.8 3.4
v 5 0.9 3.4
v 5 1 3.4
v 5 1.1 3.4
v 5 1.3 3.4
v 5 1.4 3.4
v 5 1.5 3.4
v 5 1.7 3.4
v 5 1.8 3.4
v 5 1.9 3.4
v 5.1 0 3.4
v 5.1 0.1 3.4
v 5.1 0.2 3.4
v 5.1 0.4 3.4
v 5.1 0.5 3.4
v 5.1 0.7 3.4
v 5.1 0.8 3.4
v 5.1 0.9 3.4
v 5.1 1 3.4
v 5.1 1.1 3.4
v 5.1 1.3 3.4
v 5.1 1.4 3.4
v 5.1 1.5 3.4
v 5.1 1.6 3.4
v 5.1 1.7 3.4
v 5.1 1.9 3.4
v 5.1 2 3.4
v 5.1 2.1 3.4
v 5.1 2.2 3.4
v 5.2 1.9 3.4
v 5.2 2 3.4
v 5.2 2.2 3.4
v 2.6 1.1 3
v 2.6 1.2 3
v 2.7 1.1 3
v 2.7 1.2 3
v 4.9 0.9 3
v 4.9 1 3
v 5 0.9 3
v 5 1 3
v 2.6 1.2 2.9
v 2.6 1.3 2.9
v 2.6 1.4 2.9
v 2.7 1.2 2.9
v 2.7 1.3 2.9
v 2.7 1.4 2.9
v 4.9 1 2.9
v 4.9 1.1 2.9
v 5 1 2.9
v 5 1.1 2.9
v 2.2 2.4 2.8
v 2.2 2.5 2.8
v 2.3 2.4 2.8
v 2.3 2.5 2.8
v 2.4 2.4 2.8
v 2.4 2.5 2.8
v 2.5 2.4 2.8
v 2.5 2.5 2.8
v 2.6 1.4 2.8
v 2.6 1.5 2.8
v 2.7 1.4 2.8
v 2.7 1.5 2.8
v 2.7 2.4 2.8
v 2.7 2.5 2.8
v 2.8 2.4 2.8
v 2.8 2.5 2.8
v 2.9 2.4 2.8
v 2.9 2.5 2.8
v 3 2.4 2.8
v 3 2.5 2.8
v 3.1 2.4 2.8
v 3.1 2.5 2.8
v 3.2 2.4 2.8
v 3.2 2.5 2.8
v 3.3 2.4 2.8
v 3.3 2.5 2.8
v 3.4 2.4 2.8
v 3.4 2.5 2.8
v 3.5 2.4 2.8
v 3.5 2.5 2.8
v 3.7 2.4 2.8
v 3.7 2.5 2.8
v 3.8 2.4 2.8
v 3.8 2.5 2.8
v 3.9 2.4 2.8
v 3.9 2.5 2.8
v 4 2.4 2.8
v 4 2.5 2.8
v 4.1 2.4 2.8
v 4.1 2.5 2.8
v 4.3 2.4 2.8
v 4.3 2.5 2.8
v 4.5 2.4 2.8
v 4.5 2.5 2.8
v 4.6 2.4 2.8
v 4.6 2.5 2.8
v 4.7 2.4 2.8
v 4.7 2.5 2.8
v 4.8 2.4 2.8
v 4.8 2.5 2.8
v 4.9 1.1 2.8
v 4.9 1.2 2.8
v 4.9 2.4 2.8
v 5 1.1 2.8
v 5 1.2 2.8
v 5 2.4 2.8
v 5.1 2.4 2.8
v 5.1 2.5 2.8
v 5.2 2.4 2.8
v 5.2 2.5 2.8
v 5.3 2.4 2.8
v 5.3 2.5 2.8
v 5.4 2.4 2.8
v 5.4 2.5 2.8
v 2.6 1.5 2.7
v 2.6 1.6 2.7
v 2.7 1.5 2.7
v 2.7 1.6 2.7
v 4.9 1.2 2.7
v 4.9 1.3 2.7
v 5 1.2 2.7
v 5 1.3 2.7
v 2.5 1.6 2.6
v 2.5 1.7 2.6
v 2.6 1.6 2.6
v 2.6 1.7 2.6
v 4.9 1.3 2.6
v 4.9 1.4 2.6
v 5 1.3 2.6
v 5 1.4 2.6
v 2.5 1.7 2.5
v 2.5 1.8 2.5
v 2.5 1.9 2.5
v 2.6 1.7 2.5
v 2.6 1.8 2.5
v 2.6 1.9 2.5
v 4.9 1.4 2.5
v 4.9 1.5 2.5
v 5 1.4 2.5
v 5 1.5 2.5
v 2.5 1.9 2.4
v 2.5 2 2.4
v 2.6 1.9 2.4
v 2.6 2 2.4
v 2.5 2 2.3
v 2.5 2.1 2.3
v 2.6 2 2.3
v 2.6 2.1 2.3
v 4.9 1.5 2.3
v 4.9 1.6 2.3
v 5 1.5 2.3
v 5 1.6 2.3
v 4.9 1.6 2.2
v 4.9 1.7 2.2
v 5 1.6 2.2
v 5 1.7 2.2
v 4.9 1.7 2.1
v 4.9 1.8 2.1
v 5 1.7 2.1
v 5 1.8 2.1
v 4.9 1.8 2
v 4.9 1.9 2
v 5 1.8 2
v 5 1.9 2
v 2.2 2.4 1.9
v 2.2 2.5 1.9
v 2.3 2.4 1.9
v 2.3 2.5 1.9
v 2.4 2.4 1.9
v 2.4 2.5 1.9
v 2.5 2.4 1.9
v 2.5 2.5 1.9
v 2.6 2.4 1.9
v 2.6 2.5 1.9
v 2.7 2.4 1.9
v 2.8 2.4 1.9
v 2.8 2.5 1.9
v 2.9 2.4 1.9
v 2.9 2.5 1.9
v 3 2.4 1.9
v 3 2.5 1.9
v 3.1 2.4 1.9
v 3.1 2.5 1.9
v 3.3 2.4 1.9
v 3.3 2.5 1.9
v 3.5 2.4 1.9
v 3.5 2.5 1.9
v 3.6 2.4 1.9
v 3.6 2.5 1.9
v 3.7 2.4 1.9
v 3.7 2.5 1.9
v 3.8 2.4 1.9
v 3.8 2.5 1.9
v 4.1 2.4 1.9
v 4.1 2.5 1.9
v 4.2 2.4 1.9
v 4.2 2.5 1.9
v 4.3 2.4 1.9
v 4.3 2.5 1.9
v 4.4 2.4 1.9
v 4.4 2.5 1.9
v 4.5 2.4 1.9
v 4.5 2.5 1.9
v 4.6 2.4 1.9
v 4.6 2.5 1.9
v 4.7 2.4 1.9
v 4.7 2.5 1.9
v 4.8 2.4 1.9
v 4.8 2.5 1.9
v 4.9 1.9 1.9
v 4.9 2 1.9
v 4.9 2.4 1.9
v 5 1.9 1.9
v 5 2 1.9
v 5 2.4 1.9
v 5 2.5 1.9
v 5.1 2.4 1.9
v 5.1 2.5 1.9
v 5.2 2.4 1.9
v 5.2 2.5 1.9
v 5.3 2.4 1.9
v 5.3 2.5 1.9
v 5.4 2.4 1.9
v 5.4 2.5 1.9
v 4.9 2 1.8
v 4.9 2.1 1.8
v 5 2 1.8
v 5 2.1 1.8
v 4.9 1.9 1.6
v 4.9 2 1.6
v 5 1.9 1.6
v 5 2 1.6
v 4.9 1.8 1.5
v 4.9 1.9 1.5
v 5 1.8 1.5
v 5 1.9 1.5
v 4.9 1.7 1.3
v 4.9 1.8 1.3
v 5 1.7 1.3
v 5 1.8 1.3
v 4.9 1.6 1.2
v 4.9 1.7 1.2
v 5 1.6 1.2
v 5 1.7 1.2
v 4.9 1.5 1.1
v 4.9 1.6 1.1
v 5 1.5 1.1
v 5 1.6 1.1
v 2.2 2.4 1
v 2.2 2.5 1
v 2.3 2.4 1
v 2.3 2.5 1
v 2.4 2.4 1
v 2.4 2.5 1
v 2.5 2.4 1
v 2.5 2.5 1
v 2.6 2.4 1
v 2.7 2.4 1
v 2.7 2.5 1
v 2.8 2.4 1
v 2.9 2.4 1
v 2.9 2.5 1
v 3 2.4 1
v 3 2.5 1
v 3.1 2.4 1
v 3.1 2.5 1
v 3.2 2.4 1
v 3.2 2.5 1
v 3.4 2.4 1
v 3.4 2.5 1
v 3.5 2.4 1
v 3.5 2.5 1
v 3.6 2.4 1
v 3.6 2.5 1
v 3.8 2.4 1
v 3.8 2.5 1
v 4 2.4 1
v 4 2.5 1
v 4.2 2.4 1
v 4.2 2.5 1
v 4.3 2.4 1
v 4.3 2.5 1
v 4.4 2.4 1
v 4.4 2.5 1
v 4.6 2.4 1
v 4.6 2.5 1
v 4.8 2.4 1
v 4.9 2.4 1
v 4.9 2.5 1
v 5 2.4 1
v 5 2.5 1
v 5.1 2.4 1
v 5.1 2.5 1
v 5.2 2.4 1
v 5.2 2.5 1
v 5.3 2.4 1
v 5.3 2.5 1
v 5.4 2.4 1
v 5.4 2.5 1
v 2.6 2 0.9
v 2.6 2.1 0.9
v 2.7 2 0.9
v 2.7 2.1 0.9
v 4.9 1.4 0.9
v 4.9 1.5 0.9
v 5 1.4 0.9
v 5 1.5 0.9
v 2.6 1.9 0.8
v 2.6 2 0.8
v 2.7 1.9 0.8
v 2.7 2 0.8
v 4.9 1.3 0.8
v 4.9 1.4 0.8
v 5 1.3 0.8
v 5 1.4 0.8
v 2.6 1.8 0.7
v 2.6 1.9 0.7
v 2.7 1.8 0.7
v 2.7 1.9 0.7
v 4.9 1.2 0.7
v 4.9 1.3 0.7
v 5 1.2 0.7
v 5 1.3 0.7
v 2.6 1.7 0.6
v 2.6 1.8 0.6
v 2.7 1.7 0.6
v 2.7 1.8 0.6
v 2.6 1.5 0.5
v 2.6 1.7 0.5
v 2.7 1.5 0.5
v 2.7 1.7 0.5
v 4.9 1.1 0.5
v 4.9 1.2 0.5
v 5 1.1 0.5
v 5 1.2 0.5
v 2.6 1.4 0.4
v 2.6 1.5 0.4
v 2.7 1.4 0.4
v 2.7 1.5 0.4
v 4.9 1 0.4
v 4.9 1.1 0.4
v 5 1 0.4
v 5 1.1 0.4
v 2.6 1.3 0.3
v 2.6 1.4 0.3
v 2.7 1.3 0.3
v 2.7 1.4 0.3
v 4.9 0.9 0.3
v 4.9 1 0.3
v 5 0.9 0.3
v 5 1 0.3
v 2.6 1.2 0.2
v 2.6 1.3 0.2
v 2.7 1.2 0.2
v 2.7 1.3 0.2
v 2.2 2.4 0.0999999
v 2.2 2.5 0.0999999
v 2.4 2.4 0.0999999
v 2.4 2.5 0.0999999
v 2.5 2.4 0.0999999
v 2.5 2.5 0.0999999
v 2.6 1.1 0.0999999
v 2.6 1.2 0.0999999
v 2.6 2.4 0.0999999
v 2.6 2.5 0.0999999
v 2.7 1.1 0.0999999
v 2.7 1.2 0.0999999
v 2.7 2.4 0.0999999
v 2.7 2.5 0.0999999
v 2.8 2.4 0.0999999
v 2.8 2.5 0.0999999
v 2.9 2.4 0.0999999
v 2.9 2.5 0.0999999
v 3.2 2.4 0.0999999
v 3.2 2.5 0.0999999
v 3.3 2.4 0.0999999
v 3.3 2.5 0.0999999
v 3.4 2.4 0.0999999
v 3.4 2.5 0.0999999
v 3.5 2.4 0.0999999
v 3.5 2.5 0.0999999
v 3.6 2.4 0.0999999
v 3.6 2.5 0.0999999
v 3.7 2.4 0.0999999
v 3.7 2.5 0.0999999
v 4.2 2.4 0.0999999
v 4.2 2.5 0.0999999
v 4.3 2.4 0.0999999
v 4.3 2.5 0.0999999
v 4.4 2.4 0.0999999
v 4.4 2.5 0.0999999
v 4.8 2.4 0.0999999
v 4.8 2.5 0.0999999
v 4.9 0.8 0.0999999
v 4.9 0.9 0.0999999
v 4.9 2.4 0.0999999
v 4.9 2.5 0.0999999
v 5 0.8 0.0999999
v 5 0.9 0.0999999
v 5 2.4 0.0999999
v 5 2.5 0.0999999
v 5.1 2.4 0.0999999
v 5.1 2.5 0.0999999
v 5.2 2.4 0.0999999
v 5.2 2.5 0.0999999
v 5.4 2.4 0.0999999
v 5.4 2.5 0.0999999
v 2.5 1.9 0
v 2.5 2 0
v 2.5 2.1 0
v 2.6 1 0
v 2.6 1.1 0
v 2.6 1.9 0
v 2.6 2 0
v 2.6 2.1 0
v 2.7 1 0
v 2.7 1.1 0
v 2.7 1.9 0
v 2.7 2 0
v 2.7 2.1 0
v 2.8 1.9 0
v 2.8 2 0
v 2.8 2.1 0
v 4.8 1.9 0
v 4.8 2.1 0
v 4.9 0.7 0
v 4.9 0.8 0
v 4.9 1.9 0
v 4.9 2 0
v 4.9 2.1 0
v 5 0.7 0
v 5 0.8 0
v 5 1.9 0
v 5 2 0
v 5 2.1 0
v 5.1 1.9 0
v 5.1 2.1 0
v 2.4 1.9 -0.0999999
v 2.4 2 -0.0999999
v 2.4 2.1 -0.0999999
v 2.4 2.2 -0.0999999
v 2.5 0 -0.0999999
v 2.5 0.1 -0.0999999
v 2.5 0.2 -0.0999999
v 2.5 0.4 -0.0999999
v 2.5 0.5 -0.0999999
v 2.5 0.6 -0.0999999
v 2.5 0.8 -0.0999999
v 2.5 0.9 -0.0999999
v 2.5 1 -0.0999999
v 2.5 1.1 -0.0999999
v 2.5 1.2 -0.0999999
v 2.5 1.3 -0.0999999
v 2.5 1.4 -0.0999999
v 2.5 1.5 -0.0999999
v 2.5 1.6 -0.0999999
v 2.5 1.8 -0.0999999
v 2.5 1.9 -0.0999999
v 2.5 2 -0.0999999
v 2.5 2.1 -0.0999999
v 2.5 2.2 -0.0999999
v 2.6 0 -0.0999999
v 2.6 0.1 -0.0999999
v 2.6 0.2 -0.0999999
v 2.6 0.3 -0.0999999
v 2.6 0.4 -0.0999999
v 2.6 0.5 -0.0999999
v 2.6 0.6 -0.0999999
v 2.6 0.7 -0.0999999
v 2.6 0.8 -0.0999999
v 2.6 0.9 -0.0999999
v 2.6 1 -0.0999999
v 2.6 1.1 -0.0999999
v 2.6 1.2 -0.0999999
v 2.6 1.3 -0.0999999
v 2.6 1.4 -0.0999999
v 2.6 1.5 -0.0999999
v 2.6 1.6 -0.0999999
v 2.6 1.8 -0.0999999
v 2.6 1.9 -0.0999999
v 2.7 0 -0.0999999
v 2.7 0.1 -0.0999999
v 2.7 0.2 -0.0999999
v 2.7 0.3 -0.0999999
v 2.7 0.4 -0.0999999
v 2.7 0.5 -0.0999999
v 2.7 0.6 -0.0999999
v 2.7 0.7 -0.0999999
v 2.7 0.8 -0.0999999
v 2.7 0.9 -0.0999999
v 2.7 1 -0.0999999
v 2.7 1.1 -0.0999999
v 2.7 1.2 -0.0999999
v 2.7 1.3 -0.0999999
v 2.7 1.4 -0.0999999
v 2.7 1.5 -0.0999999
v 2.7 1.6 -0.0999999
v 2.7 1.8 -0.0999999
v 2.7 1.9 -0.0999999
v 2.8 0 -0.0999999
v 2.8 0.1 -0.0999999
v 2.8 0.2 -0.0999999
v 2.8 0.3 -0.0999999
v 2.8 0.4 -0.0999999
v 2.8 0.5 -0.0999999
v 2.8 0.6 -0.0999999
v 2.8 0.7 -0.0999999
v 2.8 0.8 -0.0999999
v 2.8 0.9 -0.0999999
v 2.8 1.1 -0.0999999
v 2.8 1.3 -0.0999999
v 2.8 1.4 -0.0999999
v 2.8 1.6 -0.0999999
v 2.8 1.8 -0.0999999
v 2.8 1.9 -0.0999999
v 2.8 2 -0.0999999
v 2.8 2.1 -0.0999999
v 2.8 2.2 -0.0999999
v 2.9 1.9 -0.0999999
v 2.9 2 -0.0999999
v 2.9 2.1 -0.0999999
v 2.9 2.2 -0.0999999
v 4.7 1.9 -0.0999999
v 4.7 2 -0.0999999
v 4.7 2.2 -0.0999999
v 4.8 0 -0.0999999
v 4.8 0.3 -0.0999999
v 4.8 0.5 -0.0999999
v 4.8 0.6 -0.0999999
v 4.8 0.9 -0.0999999
v 4.8 1.1 -0.0999999
v 4.8 1.2 -0.0999999
v 4.8 1.3 -0.0999999
v 4.8 1.4 -0.0999999
v 4.8 1.5 -0.0999999
v 4.8 1.6 -0.0999999
v 4.8 1.7 -0.0999999
v 4.8 1.8 -0.0999999
v 4.8 1.9 -0.0999999
v 4.8 2 -0.0999999
v 4.8 2.1 -0.0999999
v 4.8 2.2 -0.0999999
v 4.9 0 -0.0999999
v 4.9 0.1 -0.0999999
v 4.9 0.2 -0.0999999
v 4.9 0.3 -0.0999999
v 4.9 0.4 -0.0999999
v 4.9 0.5 -0.0999999
v 4.9 0.7 -0.0999999
v 4.9 0.8 -0.0999999
v 4.9 0.9 -0.0999999
v 4.9 1 -0.0999999
v 4.9 1.1 -0.0999999
v 4.9 1.2 -0.0999999
v 4.9 1.3 -0.0999999
v 4.9 1.4 -0.0999999
v 4.9 1.5 -0.0999999
v 4.9 1.6 -0.0999999
v 4.9 1.7 -0.0999999
v 4.9 1.8 -0.0999999
v 4.9 1.9 -0.0999999
v 5 0 -0.0999999
v 5 0.1 -0.0999999
v 5 0.2 -0.0999999
v 5 0.3 -0.0999999
v 5 0.4 -0.0999999
v 5 0.5 -0.0999999
v 5 0.6 -0.0999999
v 5 0.7 -0.0999999
v 5 0.8 -0.0999999
v 5 0.9 -0.0999999
v 5 1 -0.0999999
v 5 1.1 -0.0999999
v 5 1.3 -0.0999999
v 5 1.4 -0.0999999
v 5 1.5 -0.0999999
v 5 1.6 -0.0999999
v 5 1.7 -0.0999999
v 5 1.8 -0.0999999
v 5 1.9 -0.0999999
v 5.1 0 -0.0999999
v 5.1 0.1 -0.0999999
v 5.1 0.2 -0.0999999
v 5.1 0.4 -0.0999999
v 5.1 0.5 -0.0999999
v 5.1 0.8 -0.0999999
v 5.1 0.9 -0.0999999
v 5.1 1 -0.0999999
v 5.1 1.1 -0.0999999
v 5.1 1.3 -0.0999999
v 5.1 1.4 -0.0999999
v 5.1 1.5 -0.0999999
v 5.1 1.6 -0.0999999
v 5.1 1.7 -0.0999999
v 5.1 1.8 -0.0999999
v 5.1 1.9 -0.0999999
v 5.1 2 -0.0999999
v 5.1 2.1 -0.0999999
v 5.1 2.2 -0.0999999
v 5.2 1.9 -0.0999999
v 5.2 2 -0.0999999
v 5.2 2.1 -0.0999999
v 5.2 2.2 -0.0999999
v 2.6 1.1 -0.5
v 2.6 1.2 -0.5
v 2.7 1.1 -0.5
v 2.7 1.2 -0.5
v 4.9 0.8 -0.5
v 4.9 0.9 -0.5
v 5 0.8 -0.5
v 5 0.9 -0.5
v 2.6 1.2 -0.6
v 2.6 1.3 -0.6
v 2.7 1.2 -0.6
v 2.7 1.3 -0.6
v 4.9 0.9 -0.6
v 4.9 1 -0.6
v 5 0.9 -0.6
v 5 1 -0.6
v 2.6 1.3 -0.7
v 2.6 1.4 -0.7
v 2.7 1.3 -0.7
v 2.7 1.4 -0.7
v 2.2 2.4 -0.8
v 2.2 2.5 -0.8
v 2.3 2.4 -0.8
v 2.3 2.5 -0.8
v 2.5 2.4 -0.8
v 2.5 2.5 -0.8
v 2.6 1.4 -0.8
v 2.6 1.5 -0.8
v 2.6 2.4 -0.8
v 2.6 2.5 -0.8
v 2.7 1.4 -0.8
v 2.7 1.5 -0.8
v 2.7 2.4 -0.8
v 2.7 2.5 -0.8
v 2.8 2.4 -0.8
v 2.9 2.4 -0.8
v 2.9 2.5 -0.8
v 3 2.4 -0.8
v 3 2.5 -0.8
v 3.1 2.4 -0.8
v 3.1 2.5 -0.8
v 3.2 2.4 -0.8
v 3.2 2.5 -0.8
v 3.7 2.4 -0.8
v 3.7 2.5 -0.8
v 3.8 2.4 -0.8
v 3.8 2.5 -0.8
v 3.9 2.4 -0.8
v 3.9 2.5 -0.8
v 4 2.4 -0.8
v 4 2.5 -0.8
v 4.1 2.4 -0.8
v 4.1 2.5 -0.8
v 4.2 2.4 -0.8
v 4.2 2.5 -0.8
v 4.3 2.4 -0.8
v 4.3 2.5 -0.8
v 4.5 2.4 -0.8
v 4.5 2.5 -0.8
v 4.6 2.4 -0.8
v 4.6 2.5 -0.8
v 4.8 2.4 -0.8
v 4.9 1 -0.8
v 4.9 1.1 -0.8
v 4.9 2.4 -0.8
v 4.9 2.5 -0.8
v 5 1 -0.8
v 5 1.1 -0.8
v 5 2.4 -0.8
v 5 2.5 -0.8
v 5.1 2.4 -0.8
v 5.1 2.5 -0.8
v 5.2 2.4 -0.8
v 5.2 2.5 -0.8
v 5.3 2.4 -0.8
v 5.3 2.5 -0.8
v 5.4 2.4 -0.8
v 5.4 2.5 -0.8
v 2.6 1.5 -0.9
v 2.6 1.6 -0.9
v 2.7 1.5 -0.9
v 2.7 1.6 -0.9
v 4.9 1.1 -0.9
v 4.9 1.2 -0.9
v 5 1.1 -0.9
v 5 1.2 -0.9
v 2.6 1.6 -1
v 2.6 1.7 -1
v 2.7 1.6 -1
v 2.7 1.7 -1
v 4.9 1.2 -1
v 4.9 1.3 -1
v 5 1.2 -1
v 5 1.3 -1
v 2.6 1.7 -1.1
v 2.6 1.8 -1.1
v 2.7 1.7 -1.1
v 2.7 1.8 -1.1
v 2.6 1.8 -1.2
v 2.6 1.9 -1.2
v 2.7 1.8 -1.2
v 2.7 1.9 -1.2
v 4.9 1.3 -1.2
v 4.9 1.4 -1.2
v 5 1.3 -1.2
v 5 1.4 -1.2
v 2.6 1.9 -1.3
v 2.6 2 -1.3
v 2.7 1.9 -1.3
v 2.7 2 -1.3
v 4.9 1.4 -1.3
v 4.9 1.5 -1.3
v 5 1.4 -1.3
v 5 1.5 -1.3
v 2.6 2 -1.4
v 2.6 2.1 -1.4
v 2.7 2 -1.4
v 2.7 2.1 -1.4
v 4.9 1.5 -1.4
v 4.9 1.6 -1.4
v 5 1.5 -1.4
v 5 1.6 -1.4
v 4.9 1.6 -1.6
v 4.9 1.7 -1.6
v 5 1.6 -1.6
v 5 1.7 -1.6
v 2.2 2.4 -1.7
v 2.2 2.5 -1.7
v 2.3 2.4 -1.7
v 2.3 2.5 -1.7
v 2.5 2.4 -1.7
v 2.5 2.5 -1.7
v 2.6 2.4 -1.7
v 2.6 2.5 -1.7
v 2.7 2.4 -1.7
v 2.7 2.5 -1.7
v 2.8 2.4 -1.7
v 2.8 2.5 -1.7
v 2.9 2.4 -1.7
v 2.9 2.5 -1.7
v 3 2.4 -1.7
v 3 2.5 -1.7
v 3.2 2.4 -1.7
v 3.2 2.5 -1.7
v 3.3 2.4 -1.7
v 3.3 2.5 -1.7
v 3.5 2.4 -1.7
v 3.5 2.5 -1.7
v 3.7 2.4 -1.7
v 3.7 2.5 -1.7
v 3.8 2.4 -1.7
v 3.8 2.5 -1.7
v 3.9 2.4 -1.7
v 3.9 2.5 -1.7
v 4 2.4 -1.7
v 4 2.5 -1.7
v 4.1 2.4 -1.7
v 4.1 2.5 -1.7
v 4.3 2.4 -1.7
v 4.3 2.5 -1.7
v 4.4 2.4 -1.7
v 4.4 2.5 -1.7
v 4.5 2.4 -1.7
v 4.5 2.5 -1.7
v 4.7 2.4 -1.7
v 4.7 2.5 -1.7
v 4.8 2.4 -1.7
v 4.8 2.5 -1.7
v 4.9 1.7 -1.7
v 4.9 1.8 -1.7
v 4.9 2.4 -1.7
v 4.9 2.5 -1.7
v 5 1.7 -1.7
v 5 1.8 -1.7
v 5 2.4 -1.7
v 5 2.5 -1.7
v 5.1 2.4 -1.7
v 5.2 2.4 -1.7
v 5.2 2.5 -1.7
v 5.3 2.4 -1.7
v 5.3 2.5 -1.7
v 5.4 2.4 -1.7
v 5.4 2.5 -1.7
v 4.9 1.8 -1.8
v 4.9 1.9 -1.8
v 5 1.8 -1.8
v 5 1.9 -1.8
v 4.9 1.9 -2
v 4.9 2 -2
v 5 1.9 -2
v 5 2 -2
v 4.9 2 -2.1
v 4.9 2.1 -2.1
v 5 2 -2.1
v 5 2.1 -2.1
v 2.2 2.4 -2.6
v 2.2 2.5 -2.6
v 2.3 2.4 -2.6
v 2.3 2.5 -2.6
v 2.5 2.4 -2.6
v 2.5 2.5 -2.6
v 2.6 2.4 -2.6
v 2.6 2.5 -2.6
v 2.7 2.4 -2.6
v 2.7 2.5 -2.6
v 2.8 2.4 -2.6
v 2.9 2.4 -2.6
v 2.9 2.5 -2.6
v 3 2.4 -2.6
v 3 2.5 -2.6
v 3.2 2.4 -2.6
v 3.2 2.5 -2.6
v 3.4 2.4 -2.6
v 3.4 2.5 -2.6
v 3.5 2.4 -2.6
v 3.5 2.5 -2.6
v 3.7 2.4 -2.6
v 3.7 2.5 -2.6
v 3.9 2.4 -2.6
v 3.9 2.5 -2.6
v 4 2.4 -2.6
v 4 2.5 -2.6
v 4.2 2.4 -2.6
v 4.2 2.5 -2.6
v 4.3 2.4 -2.6
v 4.3 2.5 -2.6
v 4.4 2.4 -2.6
v 4.4 2.5 -2.6
v 4.5 2.4 -2.6
v 4.5 2.5 -2.6
v 4.7 2.4 -2.6
v 4.7 2.5 -2.6
v 4.8 2.4 -2.6
v 4.8 2.5 -2.6
v 4.9 2.4 -2.6
v 5 2.4 -2.6
v 5 2.5 -2.6
v 5.1 2.4 -2.6
v 5.1 2.5 -2.6
v 5.2 2.4 -2.6
v 5.2 2.5 -2.6
v 5.3 2.4 -2.6
v 5.3 2.5 -2.6
v 5.4 2.4 -2.6
v 5.4 2.5 -2.6
v 4.9 2 -3
v 4.9 2.1 -3
v 5 2 -3
v 5 2.1 -3
v 4.9 1.9 -3.1
v 4.9 2 -3.1
v 5 1.9 -3.1
v 5 2 -3.1
v 4.9 1.8 -3.2
v 4.9 1.9 -3.2
v 5 1.8 -3.2
v 5 1.9 -3.2
v 4.9 1.7 -3.3
v 4.9 1.8 -3.3
v 5 1.7 -3.3
v 5 1.8 -3.3
v 2.2 2.4 -3.5
v 2.2 2.5 -3.5
v 2.3 2.4 -3.5
v 2.3 2.5 -3.5
v 2.4 2.4 -3.5
v 2.4 2.5 -3.5
v 2.5 2.4 -3.5
v 2.6 2.4 -3.5
v 2.6 2.5 -3.5
v 2.7 2.4 -3.5
v 2.7 2.5 -3.5
v 2.8 2.4 -3.5
v 2.8 2.5 -3.5
v 2.9 2.4 -3.5
v 2.9 2.5 -3.5
v 3 2.4 -3.5
v 3 2.5 -3.5
v 3.1 2.4 -3.5
v 3.1 2.5 -3.5
v 3.3 2.4 -3.5
v 3.3 2.5 -3.5
v 3.4 2.4 -3.5
v 3.4 2.5 -3.5
v 3.5 2.4 -3.5
v 3.5 2.5 -3.5
v 3.7 2.4 -3.5
v 3.7 2.5 -3.5
v 3.8 2.4 -3.5
v 3.8 2.5 -3.5
v 3.9 2.4 -3.5
v 3.9 2.5 -3.5
v 4 2.4 -3.5
v 4 2.5 -3.5
v 4.1 2.4 -3.5
v 4.1 2.5 -3.5
v 4.2 2.4 -3.5
v 4.2 2.5 -3.5
v 4.4 2.4 -3.5
v 4.4 2.5 -3.5
v 4.6 2.4 -3.5
v 4.6 2.5 -3.5
v 4.7 2.4 -3.5
v 4.7 2.5 -3.5
v 4.8 2.4 -3.5
v 4.8 2.5 -3.5
v 4.9 1.6 -3.5
v 4.9 1.7 -3.5
v 4.9 2.4 -3.5
v 4.9 2.5 -3.5
v 5 1.6 -3.5
v 5 1.7 -3.5
v 5.1 2.4 -3.5
v 5.1 2.5 -3.5
v 5.2 2.4 -3.5
v 5.2 2.5 -3.5
v 5.3 2.4 -3.5
v 5.3 2.5 -3.5
v 5.4 2.4 -3.5
v 5.4 2.5 -3.5
v 4.9 1.5 -3.6
v 4.9 1.6 -3.6
v 5 1.5 -3.6
v 5 1.6 -3.6
v 2.6 2 -3.7
v 2.6 2.1 -3.7
v 2.7 2 -3.7
v 2.7 2.1 -3.7
v 4.9 1.4 -3.7
v 4.9 1.5 -3.7
v 5 1.4 -3.7
v 5 1.5 -3.7
v 2.6 1.8 -3.8
v 2.6 1.9 -3.8
v 2.6 2 -3.8
v 2.7 1.8 -3.8
v 2.7 1.9 -3.8
v 2.7 2 -3.8
v 4.9 1.3 -3.8
v 4.9 1.4 -3.8
v 5 1.3 -3.8
v 5 1.4 -3.8
v 2.6 1.7 -3.9
v 2.6 1.8 -3.9
v 2.7 1.7 -3.9
v 2.7 1.8 -3.9
v 4.9 1.2 -3.9
v 4.9 1.3 -3.9
v 5 1.2 -3.9
v 5 1.3 -3.9
v 2.6 1.5 -4
v 2.6 1.6 -4
v 2.6 1.7 -4
v 2.7 1.5 -4
v 2.7 1.6 -4
v 2.7 1.7 -4
v 2.6 1.4 -4.1
v 2.6 1.5 -4.1
v 2.7 1.4 -4.1
v 2.7 1.5 -4.1
v 4.9 1.1 -4.1
v 4.9 1.2 -4.1
v 5 1.1 -4.1
v 5 1.2 -4.1
v 2.6 1.2 -4.2
v 2.6 1.4 -4.2
v 2.7 1.2 -4.2
v 2.7 1.4 -4.2
v 4.9 1 -4.2
v 4.9 1.1 -4.2
v 5 1 -4.2
v 5 1.1 -4.2
v 2.5 1.9 -4.3
v 2.5 2 -4.3
v 2.5 2.1 -4.3
v 2.6 1.1 -4.3
v 2.6 1.2 -4.3
v 2.6 1.9 -4.3
v 2.6 2 -4.3
v 2.6 2.1 -4.3
v 2.7 1.1 -4.3
v 2.7 1.2 -4.3
v 2.7 1.9 -4.3
v 2.7 2 -4.3
v 2.7 2.1 -4.3
v 2.8 1.9 -4.3
v 2.8 2 -4.3
v 2.8 2.1 -4.3
v 4.8 1.9 -4.3
v 4.8 2 -4.3
v 4.8 2.1 -4.3
v 4.9 0.9 -4.3
v 4.9 1 -4.3
v 4.9 1.9 -4.3
v 4.9 2 -4.3
v 4.9 2.1 -4.3
v 5 0.9 -4.3
v 5 1 -4.3
v 5 1.9 -4.3
v 5 2 -4.3
v 5 2.1 -4.3
v 5.1 1.9 -4.3
v 5.1 2 -4.3
v 5.1 2.1 -4.3
v 2.2 2.4 -4.4
v 2.2 2.5 -4.4
v 2.3 2.4 -4.4
v 2.3 2.5 -4.4
v 2.4 1.9 -4.4
v 2.4 2 -4.4
v 2.4 2.2 -4.4
v 2.4 2.4 -4.4
v 2.4 2.5 -4.4
v 2.5 0 -4.4
v 2.5 0.1 -4.4
v 2.5 0.2 -4.4
v 2.5 0.3 -4.4
v 2.5 0.4 -4.4
v 2.5 0.5 -4.4
v 2.5 0.6 -4.4
v 2.5 0.7 -4.4
v 2.5 0.8 -4.4
v 2.5 0.9 -4.4
v 2.5 1 -4.4
v 2.5 1.1 -4.4
v 2.5 1.2 -4.4
v 2.5 1.3 -4.4
v 2.5 1.6 -4.4
v 2.5 1.7 -4.4
v 2.5 1.8 -4.4
v 2.5 1.9 -4.4
v 2.5 2 -4.4
v 2.5 2.1 -4.4
v 2.5 2.2 -4.4
v 2.5 2.4 -4.4
v 2.6 0.1 -4.4
v 2.6 0.2 -4.4
v 2.6 0.3 -4.4
v 2.6 0.4 -4.4
v 2.6 0.5 -4.4
v 2.6 0.8 -4.4
v 2.6 0.9 -4.4
v 2.6 1 -4.4
v 2.6 1.1 -4.4
v 2.6 1.2 -4.4
v 2.6 1.3 -4.4
v 2.6 1.4 -4.4
v 2.6 1.6 -4.4
v 2.6 1.7 -4.4
v 2.6 1.8 -4.4
v 2.6 1.9 -4.4
v 2.6 2.4 -4.4
v 2.6 2.5 -4.4
v 2.7 0.2 -4.4
v 2.7 0.3 -4.4
v 2.7 0.4 -4.4
v 2.7 0.5 -4.4
v 2.7 0.6 -4.4
v 2.7 0.7 -4.4
v 2.7 0.8 -4.4
v 2.7 0.9 -4.4
v 2.7 1 -4.4
v 2.7 1.1 -4.4
v 2.7 1.2 -4.4
v 2.7 1.3 -4.4
v 2.7 1.4 -4.4
v 2.7 1.5 -4.4
v 2.7 1.6 -4.4
v 2.7 1.7 -4.4
v 2.7 1.8 -4.4
v 2.7 1.9 -4.4
v 2.7 2.4 -4.4
v 2.7 2.5 -4.4
v 2.8 0 -4.4
v 2.8 0.1 -4.4
v 2.8 0.2 -4.4
v 2.8 0.3 -4.4
v 2.8 0.4 -4.4
v 2.8 0.5 -4.4
v 2.8 0.6 -4.4
v 2.8 0.7 -4.4
v 2.8 0.8 -4.4
v 2.8 0.9 -4.4
v 2.8 1 -4.4
v 2.8 1.1 -4.4
v 2.8 1.2 -4.4
v 2.8 1.3 -4.4
v 2.8 1.4 -4.4
v 2.8 1.5 -4.4
v 2.8 1.6 -4.4
v 2.8 1.7 -4.4
v 2.8 1.8 -4.4
v 2.8 1.9 -4.4
v 2.8 2 -4.4
v 2.8 2.1 -4.4
v 2.8 2.2 -4.4
v 2.8 2.4 -4.4
v 2.8 2.5 -4.4
v 2.9 1.9 -4.4
v 2.9 2 -4.4
v 2.9 2.1 -4.4
v 2.9 2.2 -4.4
v 2.9 2.4 -4.4
v 2.9 2.5 -4.4
v 3.1 2.4 -4.4
v 3.1 2.5 -4.4
v 3.2 2.4 -4.4
v 3.2 2.5 -4.4
v 3.3 2.4 -4.4
v 3.3 2.5 -4.4
v 3.4 2.4 -4.4
v 3.4 2.5 -4.4
v 3.5 2.4 -4.4
v 3.5 2.5 -4.4
v 3.6 2.4 -4.4
v 3.6 2.5 -4.4
v 3.7 2.4 -4.4
v 3.7 2.5 -4.4
v 3.8 2.4 -4.4
v 3.8 2.5 -4.4
v 3.9 2.4 -4.4
v 3.9 2.5 -4.4
v 4 2.4 -4.4
v 4 2.5 -4.4
v 4.1 2.4 -4.4
v 4.1 2.5 -4.4
v 4.2 2.4 -4.4
v 4.2 2.5 -4.4
v 4.4 2.4 -4.4
v 4.4 2.5 -4.4
v 4.5 2.4 -4.4
v 4.5 2.5 -4.4
v 4.7 1.9 -4.4
v 4.7 2 -4.4
v 4.7 2.2 -4.4
v 4.7 2.4 -4.4
v 4.7 2.5 -4.4
v 4.8 0 -4.4
v 4.8 0.1 -4.4
v 4.8 0.3 -4.4
v 4.8 0.4 -4.4
v 4.8 0.6 -4.4
v 4.8 0.7 -4.4
v 4.8 0.8 -4.4
v 4.8 0.9 -4.4
v 4.8 1 -4.4
v 4.8 1.2 -4.4
v 4.8 1.4 -4.4
v 4.8 1.5 -4.4
v 4.8 1.7 -4.4
v 4.8 1.9 -4.4
v 4.8 2 -4.4
v 4.8 2.1 -4.4
v 4.8 2.2 -4.4
v 4.8 2.4 -4.4
v 4.8 2.5 -4.4
v 4.9 0 -4.4
v 4.9 0.1 -4.4
v 4.9 0.2 -4.4
v 4.9 0.3 -4.4
v 4.9 0.4 -4.4
v 4.9 0.5 -4.4
v 4.9 0.6 -4.4
v 4.9 0.7 -4.4
v 4.9 0.8 -4.4
v 4.9 0.9 -4.4
v 4.9 1 -4.4
v 4.9 1.1 -4.4
v 4.9 1.2 -4.4
v 4.9 1.4 -4.4
v 4.9 1.5 -4.4
v 4.9 1.6 -4.4
v 4.9 1.7 -4.4
v 4.9 1.8 -4.4
v 4.9 1.9 -4.4
v 4.9 2.4 -4.4
v 4.9 2.5 -4.4
v 5 0 -4.4
v 5 0.1 -4.4
v 5 0.4 -4.4
v 5 0.5 -4.4
v 5 0.6 -4.4
v 5 0.7 -4.4
v 5 0.8 -4.4
v 5 0.9 -4.4
v 5 1 -4.4
v 5 1.1 -4.4
v 5 1.2 -4.4
v 5 1.4 -4.4
v 5 1.5 -4.4
v 5 1.6 -4.4
v 5 1.7 -4.4
v 5 1.8 -4.4
v 5 1.9 -4.4
v 5 2.4 -4.4
v 5 2.5 -4.4
v 5.1 0 -4.4
v 5.1 0.1 -4.4
v 5.1 0.2 -4.4
v 5.1 0.3 -4.4
v 5.1 0.4 -4.4
v 5.1 0.6 -4.4
v 5.1 0.7 -4.4
v 5.1 0.9 -4.4
v 5.1 1 -4.4
v 5.1 1.2 -4.4
v 5.1 1.4 -4.4
v 5.1 1.5 -4.4
v 5.1 1.6 -4.4
v 5.1 1.8 -4.4
v 5.1 1.9 -4.4
v 5.1 2 -4.4
v 5.1 2.1 -4.4
v 5.1 2.2 -4.4
v 5.1 2.4 -4.4
v 5.1 2.5 -4.4
v 5.2 1.9 -4.4
v 5.2 2 -4.4
v 5.2 2.2 -4.4
v 5.2 2.4 -4.4
v 5.2 2.5 -4.4
v 5.3 2.4 -4.4
v 5.3 2.5 -4.4
v 5.4 2.4 -4.4
v 5.4 2.5 -4.4
v 2.4 2.2 -4.6
v 2.4 2.4 -4.6
v 2.5 2.2 -4.6
v 2.5 2.3 -4.6
v 2.5 2.4 -4.6
v 2.8 2.2 -4.6
v 2.8 2.3 -4.6
v 2.8 2.4 -4.6
v 2.9 2.2 -4.6
v 2.9 2.3 -4.6
v 2.9 2.4 -4.6
v 4.7 2.2 -4.6
v 4.7 2.3 -4.6
v 4.7 2.4 -4.6
v 4.8 2.2 -4.6
v 4.8 2.3 -4.6
v 4.8 2.4 -4.6
v 5.1 2.2 -4.6
v 5.1 2.3 -4.6
v 5.1 2.4 -4.6
v 5.2 2.2 -4.6
v 5.2 2.3 -4.6
v 5.2 2.4 -4.6
v 2.2 2.4 3.8
v 2.2 2.5 3.8
v 2.3 2.4 3.8
v 2.3 2.5 3.8
v 2.5 2.4 3.8
v 2.6 2.4 3.8
v 2.6 2.5 3.8
v 2.7 2.4 3.8
v 2.7 2.5 3.8
v 2.8 2.4 3.8
v 2.8 2.5 3.8
v 2.9 2.4 3.8
v 2.9 2.5 3.8
v 3.2 2.4 3.8
v 3.2 2.5 3.8
v 3.3 2.4 3.8
v 3.3 2.5 3.8
v 3.4 2.4 3.8
v 3.4 2.5 3.8
v 3.5 2.4 3.8
v 3.5 2.5 3.8
v 3.6 2.4 3.8
v 3.6 2.5 3.8
v 3.7 2.4 3.8
v 3.7 2.5 3.8
v 3.8 2.4 3.8
v 3.8 2.5 3.8
v 3.9 2.4 3.8
v 3.9 2.5 3.8
v 4 2.4 3.8
v 4 2.5 3.8
v 4.1 2.4 3.8
v 4.1 2.5 3.8
v 4.2 2.4 3.8
v 4.2 2.5 3.8
v 4.3 2.4 3.8
v 4.3 2.5 3.8
v 4.4 2.4 3.8
v 4.4 2.5 3.8
v 4.6 2.4 3.8
v 4.6 2.5 3.8
v 4.7 2.4 3.8
v 4.7 2.5 3.8
v 4.8 2.4 3.8
v 4.8 2.5 3.8
v 4.9 2.4 3.8
v 4.9 2.5 3.8
v 5 2.4 3.8
v 5 2.5 3.8
v 5.1 2.4 3.8
v 5.1 2.5 3.8
v 5.2 2.4 3.8
v 5.2 2.5 3.8
v 5.3 2.4 3.8
v 5.3 2.5 3.8
v 5.4 2.4 3.8
v 5.4 2.5 3.8
v 2.4 1.9 3.1
v 2.4 2 3.1
v 2.4 2.1 3.1
v 2.4 2.2 3.1
v 2.5 0 3.1
v 2.5 0.1 3.1
v 2.5 0.2 3.1
v 2.5 0.4 3.1
v 2.5 0.5 3.1
v 2.5 0.7 3.1
v 2.5 0.8 3.1
v 2.5 0.9 3.1
v 2.5 1 3.1
v 2.5 1.1 3.1
v 2.5 1.4 3.1
v 2.5 1.6 3.1
v 2.5 1.7 3.1
v 2.5 1.8 3.1
v 2.5 1.9 3.1
v 2.5 2 3.1
v 2.5 2.1 3.1
v 2.5 2.2 3.1
v 2.6 0.1 3.1
v 2.6 0.2 3.1
v 2.6 0.3 3.1
v 2.6 0.4 3.1
v 2.6 0.5 3.1
v 2.6 0.6 3.1
v 2.6 0.8 3.1
v 2.6 0.9 3.1
v 2.6 1 3.1
v 2.6 1.1 3.1
v 2.6 1.2 3.1
v 2.6 1.3 3.1
v 2.6 1.5 3.1
v 2.6 1.6 3.1
v 2.6 1.7 3.1
v 2.6 1.8 3.1
v 2.6 1.9 3.1
v 2.7 0 3.1
v 2.7 0.1 3.1
v 2.7 0.2 3.1
v 2.7 0.3 3.1
v 2.7 0.4 3.1
v 2.7 0.5 3.1
v 2.7 0.6 3.1
v 2.7 0.7 3.1
v 2.7 0.8 3.1
v 2.7 0.9 3.1
v 2.7 1 3.1
v 2.7 1.1 3.1
v 2.7 1.2 3.1
v 2.7 1.3 3.1
v 2.7 1.4 3.1
v 2.7 1.5 3.1
v 2.7 1.6 3.1
v 2.7 1.7 3.1
v 2.7 1.8 3.1
v 2.7 1.9 3.1
v 2.8 0 3.1
v 2.8 0.1 3.1
v 2.8 0.2 3.1
v 2.8 0.3 3.1
v 2.8 0.4 3.1
v 2.8 0.5 3.1
v 2.8 0.6 3.1
v 2.8 0.7 3.1
v 2.8 0.8 3.1
v 2.8 0.9 3.1
v 2.8 1 3.1
v 2.8 1.1 3.1
v 2.8 1.2 3.1
v 2.8 1.3 3.1
v 2.8 1.5 3.1
v 2.8 1.6 3.1
v 2.8 1.7 3.1
v 2.8 1.8 3.1
v 2.8 1.9 3.1
v 2.8 2 3.1
v 2.8 2.1 3.1
v 2.8 2.2 3.1
v 2.9 1.9 3.1
v 2.9 2 3.1
v 2.9 2.1 3.1
v 2.9 2.2 3.1
v 4.7 1.9 3.1
v 4.7 2.1 3.1
v 4.7 2.2 3.1
v 4.8 0 3.1
v 4.8 0.1 3.1
v 4.8 0.2 3.1
v 4.8 0.3 3.1
v 4.8 0.4 3.1
v 4.8 0.5 3.1
v 4.8 0.6 3.1
v 4.8 0.7 3.1
v 4.8 0.8 3.1
v 4.8 0.9 3.1
v 4.8 1.2 3.1
v 4.8 1.3 3.1
v 4.8 1.6 3.1
v 4.8 1.7 3.1
v 4.8 1.8 3.1
v 4.8 1.9 3.1
v 4.8 2 3.1
v 4.8 2.1 3.1
v 4.8 2.2 3.1
v 4.9 0 3.1
v 4.9 0.1 3.1
v 4.9 0.2 3.1
v 4.9 0.3 3.1
v 4.9 0.4 3.1
v 4.9 0.5 3.1
v 4.9 0.7 3.1
v 4.9 0.8 3.1
v 4.9 0.9 3.1
v 4.9 1.1 3.1
v 4.9 1.2 3.1
v 4.9 1.3 3.1
v 4.9 1.4 3.1
v 4.9 1.5 3.1
v 4.9 1.6 3.1
v 4.9 1.7 3.1
v 4.9 1.8 3.1
v 4.9 1.9 3.1
v 5 0 3.1
v 5 0.1 3.1
v 5 0.2 3.1
v 5 0.3 3.1
v 5 0.4 3.1
v 5 0.5 3.1
v 5 0.6 3.1
v 5 0.7 3.1
v 5 0.8 3.1
v 5 0.9 3.1
v 5 1 3.1
v 5 1.1 3.1
v 5 1.3 3.1
v 5 1.4 3.1
v 5 1.5 3.1
v 5 1.8 3.1
v 5 1.9 3.1
v 5.1 0 3.1
v 5.1 0.1 3.1
v 5.1 0.2 3.1
v 5.1 0.3 3.1
v 5.1 0.4 3.1
v 5.1 0.5 3.1
v 5.1 0.6 3.1
v 5.1 0.7 3.1
v 5.1 0.8 3.1
v 5.1 1 3.1
v 5.1 1.1 3.1
v 5.1 1.3 3.1
v 5.1 1.4 3.1
v 5.1 1.9 3.1
v 5.1 2 3.1
v 5.1 2.1 3.1
v 5.1 2.2 3.1
v 5.2 1.9 3.1
v 5.2 2 3.1
v 5.2 2.2 3.1
v 2.5 1.9 3
v 2.5 2 3
v 2.5 2.1 3
v 2.6 1 3
v 2.6 1.1 3
v 2.6 1.9 3
v 2.6 2 3
v 2.6 2.1 3
v 2.7 1 3
v 2.7 1.1 3
v 2.7 1.9 3
v 2.7 2 3
v 2.7 2.1 3
v 2.8 1.9 3
v 2.8 2 3
v 2.8 2.1 3
v 4.8 1.9 3
v 4.8 2 3
v 4.8 2.1 3
v 4.9 0.8 3
v 4.9 0.9 3
v 4.9 1.9 3
v 4.9 2 3
v 4.9 2.1 3
v 5 0.8 3
v 5 0.9 3
v 5 2 3
v 5 2.1 3
v 5.1 1.9 3
v 5.1 2 3
v 5.1 2.1 3
v 2.2 2.4 2.9
v 2.2 2.5 2.9
v 2.4 2.4 2.9
v 2.4 2.5 2.9
v 2.5 2.4 2.9
v 2.5 2.5 2.9
v 2.6 1.1 2.9
v 2.6 1.2 2.9
v 2.7 1.1 2.9
v 2.7 1.2 2.9
v 2.7 2.4 2.9
v 2.8 2.4 2.9
v 2.9 2.4 2.9
v 2.9 2.5 2.9
v 3 2.4 2.9
v 3 2.5 2.9
v 3.2 2.4 2.9
v 3.2 2.5 2.9
v 3.3 2.4 2.9
v 3.3 2.5 2.9
v 3.4 2.4 2.9
v 3.4 2.5 2.9
v 3.5 2.4 2.9
v 3.5 2.5 2.9
v 3.6 2.4 2.9
v 3.6 2.5 2.9
v 3.7 2.4 2.9
v 3.7 2.5 2.9
v 3.8 2.4 2.9
v 3.8 2.5 2.9
v 4 2.4 2.9
v 4 2.5 2.9
v 4.2 2.4 2.9
v 4.2 2.5 2.9
v 4.4 2.4 2.9
v 4.4 2.5 2.9
v 4.5 2.4 2.9
v 4.5 2.5 2.9
v 4.6 2.4 2.9
v 4.6 2.5 2.9
v 4.7 2.4 2.9
v 4.7 2.5 2.9
v 4.8 2.4 2.9
v 4.8 2.5 2.9
v 4.9 0.9 2.9
v 4.9 1 2.9
v 4.9 2.4 2.9
v 4.9 2.5 2.9
v 5 0.9 2.9
v 5 1 2.9
v 5 2.4 2.9
v 5 2.5 2.9
v 5.1 2.4 2.9
v 5.1 2.5 2.9
v 5.2 2.4 2.9
v 5.2 2.5 2.9
v 5.3 2.4 2.9
v 5.3 2.5 2.9
v 5.4 2.4 2.9
v 5.4 2.5 2.9
v 2.6 1.2 2.8
v 2.6 1.3 2.8
v 2.6 1.4 2.8
v 2.7 1.2 2.8
v 2.7 1.3 2.8
v 2.7 1.4 2.8
v 4.9 1 2.8
v 4.9 1.1 2.8
v 5 1 2.8
v 5 1.1 2.8
v 2.6 1.4 2.7
v 2.6 1.5 2.7
v 2.7 1.4 2.7
v 2.7 1.5 2.7
v 4.9 1.1 2.7
v 4.9 1.2 2.7
v 5 1.1 2.7
v 5 1.2 2.7
v 2.6 1.5 2.6
v 2.6 1.6 2.6
v 2.7 1.5 2.6
v 2.7 1.6 2.6
v 4.9 1.2 2.6
v 4.9 1.3 2.6
v 5 1.2 2.6
v 5 1.3 2.6
v 2.5 1.6 2.5
v 2.5 1.7 2.5
v 2.6 1.6 2.5
v 2.6 1.7 2.5
v 4.9 1.3 2.5
v 4.9 1.4 2.5
v 5 1.3 2.5
v 5 1.4 2.5
v 2.5 1.7 2.4
v 2.5 1.8 2.4
v 2.5 1.9 2.4
v 2.6 1.7 2.4
v 2.6 1.8 2.4
v 2.6 1.9 2.4
v 2.5 1.9 2.3
v 2.5 2 2.3
v 2.6 1.9 2.3
v 2.6 2 2.3
v 4.9 1.4 2.3
v 4.9 1.5 2.3
v 5 1.4 2.3
v 5 1.5 2.3
v 2.5 2 2.2
v 2.5 2.1 2.2
v 2.6 2 2.2
v 2.6 2.1 2.2
v 4.9 1.5 2.2
v 4.9 1.6 2.2
v 5 1.5 2.2
v 5 1.6 2.2
v 4.9 1.6 2.1
v 4.9 1.7 2.1
v 5 1.6 2.1
v 5 1.7 2.1
v 2.2 2.4 2
v 2.2 2.5 2
v 2.3 2.4 2
v 2.3 2.5 2
v 2.4 2.4 2
v 2.4 2.5 2
v 2.5 2.4 2
v 2.6 2.4 2
v 2.6 2.5 2
v 2.7 2.4 2
v 2.7 2.5 2
v 2.8 2.4 2
v 2.8 2.5 2
v 2.9 2.4 2
v 2.9 2.5 2
v 3.1 2.4 2
v 3.1 2.5 2
v 3.2 2.4 2
v 3.2 2.5 2
v 3.4 2.4 2
v 3.4 2.5 2
v 3.5 2.4 2
v 3.5 2.5 2
v 3.6 2.4 2
v 3.6 2.5 2
v 3.7 2.4 2
v 3.7 2.5 2
v 3.9 2.4 2
v 3.9 2.5 2
v 4 2.4 2
v 4 2.5 2
v 4.1 2.4 2
v 4.1 2.5 2
v 4.2 2.4 2
v 4.2 2.5 2
v 4.3 2.4 2
v 4.3 2.5 2
v 4.5 2.4 2
v 4.5 2.5 2
v 4.8 2.4 2
v 4.8 2.5 2
v 4.9 1.7 2
v 4.9 1.8 2
v 4.9 2.4 2
v 5 1.7 2
v 5 1.8 2
v 5 2.4 2
v 5.1 2.4 2
v 5.1 2.5 2
v 5.2 2.4 2
v 5.2 2.5 2
v 5.3 2.4 2
v 5.3 2.5 2
v 5.4 2.4 2
v 5.4 2.5 2
v 4.9 1.8 1.9
v 4.9 1.9 1.9
v 5 1.8 1.9
v 5 1.9 1.9
v 4.9 1.9 1.8
v 4.9 2 1.8
v 5 1.9 1.8
v 5 2 1.8
v 4.9 2 1.6
v 4.9 2.1 1.6
v 5 2 1.6
v 5 2.1 1.6
v 4.9 1.9 1.5
v 4.9 2 1.5
v 5 1.9 1.5
v 5 2 1.5
v 4.9 1.8 1.3
v 4.9 1.9 1.3
v 5 1.8 1.3
v 5 1.9 1.3
v 4.9 1.7 1.2
v 4.9 1.8 1.2
v 5 1.7 1.2
v 5 1.8 1.2
v 2.2 2.4 1.1
v 2.2 2.5 1.1
v 2.3 2.4 1.1
v 2.3 2.5 1.1
v 2.5 2.4 1.1
v 2.6 2.4 1.1
v 2.7 2.4 1.1
v 2.7 2.5 1.1
v 2.8 2.4 1.1
v 2.8 2.5 1.1
v 2.9 2.4 1.1
v 2.9 2.5 1.1
v 3 2.4 1.1
v 3 2.5 1.1
v 3.1 2.4 1.1
v 3.1 2.5 1.1
v 3.2 2.4 1.1
v 3.2 2.5 1.1
v 3.3 2.4 1.1
v 3.3 2.5 1.1
v 3.5 2.4 1.1
v 3.5 2.5 1.1
v 3.6 2.4 1.1
v 3.6 2.5 1.1
v 3.7 2.4 1.1
v 3.7 2.5 1.1
v 3.8 2.4 1.1
v 3.8 2.5 1.1
v 3.9 2.4 1.1
v 3.9 2.5 1.1
v 4 2.4 1.1
v 4 2.5 1.1
v 4.1 2.4 1.1
v 4.1 2.5 1.1
v 4.2 2.4 1.1
v 4.2 2.5 1.1
v 4.4 2.4 1.1
v 4.4 2.5 1.1
v 4.5 2.4 1.1
v 4.5 2.5 1.1
v 4.6 2.4 1.1
v 4.6 2.5 1.1
v 4.8 2.4 1.1
v 4.8 2.5 1.1
v 4.9 1.6 1.1
v 4.9 1.7 1.1
v 4.9 2.4 1.1
v 4.9 2.5 1.1
v 5 1.6 1.1
v 5 1.7 1.1
v 5 2.4 1.1
v 5 2.5 1.1
v 5.1 2.4 1.1
v 5.1 2.5 1.1
v 5.2 2.4 1.1
v 5.2 2.5 1.1
v 5.3 2.4 1.1
v 5.3 2.5 1.1
v 5.4 2.4 1.1
v 5.4 2.5 1.1
v 4.9 1.5 0.9
v 4.9 1.6 0.9
v 5 1.5 0.9
v 5 1.6 0.9
v 2.6 2 0.8
v 2.6 2.1 0.8
v 2.7 2 0.8
v 2.7 2.1 0.8
v 4.9 1.4 0.8
v 4.9 1.5 0.8
v 5 1.4 0.8
v 5 1.5 0.8
v 2.6 1.9 0.7
v 2.6 2 0.7
v 2.7 1.9 0.7
v 2.7 2 0.7
v 4.9 1.3 0.7
v 4.9 1.4 0.7
v 5 1.3 0.7
v 5 1.4 0.7
v 2.6 1.8 0.6
v 2.6 1.9 0.6
v 2.7 1.8 0.6
v 2.7 1.9 0.6
v 2.6 1.7 0.5
v 2.6 1.8 0.5
v 2.7 1.7 0.5
v 2.7 1.8 0.5
v 4.9 1.2 0.5
v 4.9 1.3 0.5
v 5 1.2 0.5
v 5 1.3 0.5
v 2.6 1.5 0.4
v 2.6 1.7 0.4
v 2.7 1.5 0.4
v 2.7 1.7 0.4
v 4.9 1.1 0.4
v 4.9 1.2 0.4
v 5 1.1 0.4
v 5 1.2 0.4
v 2.6 1.4 0.3
v 2.6 1.5 0.3
v 2.7 1.4 0.3
v 2.7 1.5 0.3
v 4.9 1 0.3
v 4.9 1.1 0.3
v 5 1 0.3
v 5 1.1 0.3
v 2.2 2.4 0.2
v 2.2 2.5 0.2
v 2.3 2.4 0.2
v 2.3 2.5 0.2
v 2.5 2.4 0.2
v 2.5 2.5 0.2
v 2.6 1.3 0.2
v 2.6 1.4 0.2
v 2.6 2.4 0.2
v 2.7 1.3 0.2
v 2.7 1.4 0.2
v 2.7 2.4 0.2
v 2.7 2.5 0.2
v 2.8 2.4 0.2
v 2.8 2.5 0.2
v 3 2.4 0.2
v 3 2.5 0.2
v 3.3 2.4 0.2
v 3.3 2.5 0.2
v 3.4 2.4 0.2
v 3.4 2.5 0.2
v 3.6 2.4 0.2
v 3.6 2.5 0.2
v 3.8 2.4 0.2
v 3.8 2.5 0.2
v 3.9 2.4 0.2
v 3.9 2.5 0.2
v 4 2.4 0.2
v 4 2.5 0.2
v 4.1 2.4 0.2
v 4.1 2.5 0.2
v 4.2 2.4 0.2
v 4.2 2.5 0.2
v 4.3 2.4 0.2
v 4.3 2.5 0.2
v 4.4 2.4 0.2
v 4.4 2.5 0.2
v 4.5 2.4 0.2
v 4.5 2.5 0.2
v 4.6 2.4 0.2
v 4.6 2.5 0.2
v 4.8 2.4 0.2
v 4.8 2.5 0.2
v 4.9 2.4 0.2
v 4.9 2.5 0.2
v 5 2.4 0.2
v 5 2.5 0.2
v 5.1 2.4 0.2
v 5.1 2.5 0.2
v 5.2 2.4 0.2
v 5.2 2.5 0.2
v 5.3 2.4 0.2
v 5.3 2.5 0.2
v 5.4 2.4 0.2
v 5.4 2.5 0.2
v 2.6 1.2 0.0999999
v 2.6 1.3 0.0999999
v 2.7 1.2 0.0999999
v 2.7 1.3 0.0999999
v 4.9 0.9 0.0999999
v 4.9 1 0.0999999
v 5 0.9 0.0999999
v 5 1 0.0999999
v 2.6 1.1 0
v 2.6 1.2 0
v 2.7 1.1 0
v 2.7 1.2 0
v 4.9 0.8 0
v 4.9 0.9 0
v 5 0.8 0
v 5 0.9 0
v 2.4 1.9 -0.4
v 2.4 2 -0.4
v 2.4 2.1 -0.4
v 2.4 2.2 -0.4
v 2.5 0 -0.4
v 2.5 0.1 -0.4
v 2.5 0.2 -0.4
v 2.5 0.3 -0.4
v 2.5 0.6 -0.4
v 2.5 0.7 -0.4
v 2.5 0.8 -0.4
v 2.5 0.9 -0.4
v 2.5 1.2 -0.4
v 2.5 1.3 -0.4
v 2.5 1.4 -0.4
v 2.5 1.5 -0.4
v 2.5 1.6 -0.4
v 2.5 1.7 -0.4
v 2.5 1.8 -0.4
v 2.5 1.9 -0.4
v 2.5 2 -0.4
v 2.5 2.1 -0.4
v 2.5 2.2 -0.4
v 2.6 0 -0.4
v 2.6 0.1 -0.4
v 2.6 0.2 -0.4
v 2.6 0.3 -0.4
v 2.6 0.4 -0.4
v 2.6 0.5 -0.4
v 2.6 0.9 -0.4
v 2.6 1 -0.4
v 2.6 1.1 -0.4
v 2.6 1.2 -0.4
v 2.6 1.3 -0.4
v 2.6 1.4 -0.4
v 2.6 1.5 -0.4
v 2.6 1.6 -0.4
v 2.6 1.7 -0.4
v 2.6 1.8 -0.4
v 2.6 1.9 -0.4
v 2.7 0 -0.4
v 2.7 0.1 -0.4
v 2.7 0.2 -0.4
v 2.7 0.3 -0.4
v 2.7 0.4 -0.4
v 2.7 0.5 -0.4
v 2.7 0.6 -0.4
v 2.7 0.8 -0.4
v 2.7 0.9 -0.4
v 2.7 1 -0.4
v 2.7 1.1 -0.4
v 2.7 1.2 -0.4
v 2.7 1.3 -0.4
v 2.7 1.5 -0.4
v 2.7 1.6 -0.4
v 2.7 1.7 -0.4
v 2.7 1.8 -0.4
v 2.8 0 -0.4
v 2.8 0.1 -0.4
v 2.8 0.5 -0.4
v 2.8 0.7 -0.4
v 2.8 0.8 -0.4
v 2.8 0.9 -0.4
v 2.8 1.1 -0.4
v 2.8 1.3 -0.4
v 2.8 1.5 -0.4
v 2.8 1.6 -0.4
v 2.8 1.7 -0.4
v 2.8 1.8 -0.4
v 2.8 1.9 -0.4
v 2.8 2 -0.4
v 2.8 2.1 -0.4
v 2.8 2.2 -0.4
v 2.9 1.9 -0.4
v 2.9 2 -0.4
v 2.9 2.1 -0.4
v 2.9 2.2 -0.4
v 4.7 1.9 -0.4
v 4.7 2 -0.4
v 4.7 2.1 -0.4
v 4.7 2.2 -0.4
v 4.8 0 -0.4
v 4.8 0.1 -0.4
v 4.8 0.2 -0.4
v 4.8 0.3 -0.4
v 4.8 0.4 -0.4
v 4.8 0.5 -0.4
v 4.8 0.6 -0.4
v 4.8 0.7 -0.4
v 4.8 0.8 -0.4
v 4.8 0.9 -0.4
v 4.8 1.1 -0.4
v 4.8 1.2 -0.4
v 4.8 1.3 -0.4
v 4.8 1.4 -0.4
v 4.8 1.6 -0.4
v 4.8 1.8 -0.4
v 4.8 1.9 -0.4
v 4.8 2 -0.4
v 4.8 2.1 -0.4
v 4.8 2.2 -0.4
v 4.9 0.1 -0.4
v 4.9 0.2 -0.4
v 4.9 0.3 -0.4
v 4.9 0.4 -0.4
v 4.9 0.7 -0.4
v 4.9 0.8 -0.4
v 4.9 0.9 -0.4
v 4.9 1 -0.4
v 4.9 1.1 -0.4
v 4.9 1.2 -0.4
v 4.9 1.3 -0.4
v 4.9 1.4 -0.4
v 4.9 1.5 -0.4
v 4.9 1.6 -0.4
v 4.9 1.7 -0.4
v 4.9 1.8 -0.4
v 4.9 1.9 -0.4
v 5 0.1 -0.4
v 5 0.2 -0.4
v 5 0.4 -0.4
v 5 0.5 -0.4
v 5 0.6 -0.4
v 5 0.7 -0.4
v 5 0.8 -0.4
v 5 0.9 -0.4
v 5 1 -0.4
v 5 1.1 -0.4
v 5 1.3 -0.4
v 5 1.4 -0.4
v 5 1.5 -0.4
v 5 1.6 -0.4
v 5 1.7 -0.4
v 5 1.8 -0.4
v 5 1.9 -0.4
v 5.1 0 -0.4
v 5.1 0.2 -0.4
v 5.1 0.4 -0.4
v 5.1 0.5 -0.4
v 5.1 0.6 -0.4
v 5.1 0.7 -0.4
v 5.1 0.9 -0.4
v 5.1 1 -0.4
v 5.1 1.1 -0.4
v 5.1 1.3 -0.4
v 5.1 1.4 -0.4
v 5.1 1.5 -0.4
v 5.1 1.6 -0.4
v 5.1 1.7 -0.4
v 5.1 1.8 -0.4
v 5.1 1.9 -0.4
v 5.1 2 -0.4
v 5.1 2.1 -0.4
v 5.1 2.2 -0.4
v 5.2 1.9 -0.4
v 5.2 2 -0.4
v 5.2 2.2 -0.4
v 2.5 1.9 -0.5
v 2.5 2 -0.5
v 2.5 2.1 -0.5
v 2.6 1 -0.5
v 2.6 1.1 -0.5
v 2.6 1.9 -0.5
v 2.6 2 -0.5
v 2.6 2.1 -0.5
v 2.7 1 -0.5
v 2.7 1.1 -0.5
v 2.7 2 -0.5
v 2.7 2.1 -0.5
v 2.8 1.9 -0.5
v 2.8 2 -0.5
v 2.8 2.1 -0.5
v 4.8 1.9 -0.5
v 4.8 2 -0.5
v 4.8 2.1 -0.5
v 4.9 0.7 -0.5
v 4.9 0.8 -0.5
v 4.9 1.9 -0.5
v 4.9 2 -0.5
v 4.9 2.1 -0.5
v 5 0.7 -0.5
v 5 0.8 -0.5
v 5 2 -0.5
v 5 2.1 -0.5
v 5.1 1.9 -0.5
v 5.1 2 -0.5
v 5.1 2.1 -0.5
v 2.6 1.1 -0.6
v 2.6 1.2 -0.6
v 2.7 1.1 -0.6
v 2.7 1.2 -0.6
v 4.9 0.8 -0.6
v 4.9 0.9 -0.6
v 5 0.8 -0.6
v 5 0.9 -0.6
v 2.2 2.4 -0.7
v 2.2 2.5 -0.7
v 2.3 2.4 -0.7
v 2.3 2.5 -0.7
v 2.4 2.4 -0.7
v 2.4 2.5 -0.7
v 2.5 2.4 -0.7
v 2.5 2.5 -0.7
v 2.6 1.2 -0.7
v 2.6 1.3 -0.7
v 2.6 2.4 -0.7
v 2.6 2.5 -0.7
v 2.7 1.2 -0.7
v 2.7 1.3 -0.7
v 2.7 2.4 -0.7
v 2.7 2.5 -0.7
v 2.8 2.4 -0.7
v 2.8 2.5 -0.7
v 2.9 2.4 -0.7
v 2.9 2.5 -0.7
v 3 2.4 -0.7
v 3 2.5 -0.7
v 3.2 2.4 -0.7
v 3.2 2.5 -0.7
v 3.3 2.4 -0.7
v 3.3 2.5 -0.7
v 3.4 2.4 -0.7
v 3.4 2.5 -0.7
v 3.5 2.4 -0.7
v 3.5 2.5 -0.7
v 3.6 2.4 -0.7
v 3.6 2.5 -0.7
v 3.7 2.4 -0.7
v 3.7 2.5 -0.7
v 3.8 2.4 -0.7
v 3.8 2.5 -0.7
v 4 2.4 -0.7
v 4 2.5 -0.7
v 4.1 2.4 -0.7
v 4.1 2.5 -0.7
v 4.2 2.4 -0.7
v 4.2 2.5 -0.7
v 4.4 2.4 -0.7
v 4.4 2.5 -0.7
v 4.6 2.4 -0.7
v 4.6 2.5 -0.7
v 4.7 2.4 -0.7
v 4.7 2.5 -0.7
v 4.8 2.4 -0.7
v 4.8 2.5 -0.7
v 4.9 2.4 -0.7
v 4.9 2.5 -0.7
v 5 2.4 -0.7
v 5.1 2.4 -0.7
v 5.1 2.5 -0.7
v 5.2 2.4 -0.7
v 5.2 2.5 -0.7
v 5.3 2.4 -0.7
v 5.3 2.5 -0.7
v 5.4 2.4 -0.7
v 5.4 2.5 -0.7
v 2.6 1.3 -0.8
v 2.6 1.4 -0.8
v 2.7 1.3 -0.8
v 2.7 1.4 -0.8
v 4.9 0.9 -0.8
v 4.9 1 -0.8
v 5 0.9 -0.8
v 5 1 -0.8
v 2.6 1.4 -0.9
v 2.6 1.5 -0.9
v 2.7 1.4 -0.9
v 2.7 1.5 -0.9
v 4.9 1 -0.9
v 4.9 1.1 -0.9
v 5 1 -0.9
v 5 1.1 -0.9
v 2.6 1.5 -1
v 2.6 1.6 -1
v 2.7 1.5 -1
v 2.7 1.6 -1
v 4.9 1.1 -1
v 4.9 1.2 -1
v 5 1.1 -1
v 5 1.2 -1
v 2.6 1.6 -1.1
v 2.6 1.7 -1.1
v 2.7 1.6 -1.1
v 2.7 1.7 -1.1
v 2.6 1.7 -1.2
v 2.6 1.8 -1.2
v 2.7 1.7 -1.2
v 2.7 1.8 -1.2
v 4.9 1.2 -1.2
v 4.9 1.3 -1.2
v 5 1.2 -1.2
v 5 1.3 -1.2
v 2.6 1.8 -1.3
v 2.6 1.9 -1.3
v 2.7 1.8 -1.3
v 2.7 1.9 -1.3
v 4.9 1.3 -1.3
v 4.9 1.4 -1.3
v 5 1.3 -1.3
v 5 1.4 -1.3
v 2.6 1.9 -1.4
v 2.6 2 -1.4
v 2.7 1.9 -1.4
v 2.7 2 -1.4
v 4.9 1.4 -1.4
v 4.9 1.5 -1.4
v 5 1.4 -1.4
v 5 1.5 -1.4
v 2.6 2 -1.5
v 2.6 2.1 -1.5
v 2.7 2 -1.5
v 2.7 2.1 -1.5
v 2.2 2.4 -1.6
v 2.2 2.5 -1.6
v 2.3 2.4 -1.6
v 2.3 2.5 -1.6
v 2.4 2.4 -1.6
v 2.4 2.5 -1.6
v 2.5 2.4 -1.6
v 2.5 2.5 -1.6
v 2.6 2.4 -1.6
v 2.7 2.4 -1.6
v 2.8 2.4 -1.6
v 2.8 2.5 -1.6
v 3 2.4 -1.6
v 3 2.5 -1.6
v 3.1 2.4 -1.6
v 3.1 2.5 -1.6
v 3.2 2.4 -1.6
v 3.2 2.5 -1.6
v 3.3 2.4 -1.6
v 3.3 2.5 -1.6
v 3.5 2.4 -1.6
v 3.5 2.5 -1.6
v 3.6 2.4 -1.6
v 3.6 2.5 -1.6
v 3.8 2.4 -1.6
v 3.8 2.5 -1.6
v 3.9 2.4 -1.6
v 3.9 2.5 -1.6
v 4 2.4 -1.6
v 4 2.5 -1.6
v 4.3 2.4 -1.6
v 4.3 2.5 -1.6
v 4.4 2.4 -1.6
v 4.4 2.5 -1.6
v 4.5 2.4 -1.6
v 4.5 2.5 -1.6
v 4.6 2.4 -1.6
v 4.6 2.5 -1.6
v 4.7 2.4 -1.6
v 4.7 2.5 -1.6
v 4.8 2.4 -1.6
v 4.9 1.5 -1.6
v 4.9 1.6 -1.6
v 4.9 2.4 -1.6
v 4.9 2.5 -1.6
v 5 1.5 -1.6
v 5 1.6 -1.6
v 5 2.4 -1.6
v 5 2.5 -1.6
v 5.1 2.4 -1.6
v 5.2 2.4 -1.6
v 5.2 2.5 -1.6
v 5.4 2.4 -1.6
v 5.4 2.5 -1.6
v 4.9 1.6 -1.7
v 4.9 1.7 -1.7
v 5 1.6 -1.7
v 5 1.7 -1.7
v 4.9 1.7 -1.8
v 4.9 1.8 -1.8
v 5 1.7 -1.8
v 5 1.8 -1.8
v 4.9 1.8 -2
v 4.9 1.9 -2
v 5 1.8 -2
v 5 1.9 -2
v 4.9 1.9 -2.1
v 4.9 2 -2.1
v 5 1.9 -2.1
v 5 2 -2.1
v 4.9 2 -2.2
v 4.9 2.1 -2.2
v 5 2 -2.2
v 5 2.1 -2.2
v 2.2 2.4 -2.5
v 2.2 2.5 -2.5
v 2.3 2.4 -2.5
v 2.3 2.5 -2.5
v 2.4 2.4 -2.5
v 2.4 2.5 -2.5
v 2.5 2.4 -2.5
v 2.5 2.5 -2.5
v 2.6 2.4 -2.5
v 2.6 2.5 -2.5
v 2.7 2.4 -2.5
v 2.7 2.5 -2.5
v 2.8 2.4 -2.5
v 2.9 2.4 -2.5
v 2.9 2.5 -2.5
v 3 2.4 -2.5
v 3 2.5 -2.5
v 3.1 2.4 -2.5
v 3.1 2.5 -2.5
v 3.2 2.4 -2.5
v 3.2 2.5 -2.5
v 3.5 2.4 -2.5
v 3.5 2.5 -2.5
v 3.9 2.4 -2.5
v 3.9 2.5 -2.5
v 4 2.4 -2.5
v 4 2.5 -2.5
v 4.1 2.4 -2.5
v 4.1 2.5 -2.5
v 4.2 2.4 -2.5
v 4.2 2.5 -2.5
v 4.3 2.4 -2.5
v 4.3 2.5 -2.5
v 4.4 2.4 -2.5
v 4.4 2.5 -2.5
v 4.5 2.4 -2.5
v 4.5 2.5 -2.5
v 4.7 2.4 -2.5
v 4.7 2.5 -2.5
v 4.8 2.4 -2.5
v 4.8 2.5 -2.5
v 4.9 2.4 -2.5
v 4.9 2.5 -2.5
v 5 2.4 -2.5
v 5.1 2.4 -2.5
v 5.1 2.5 -2.5
v 5.2 2.4 -2.5
v 5.2 2.5 -2.5
v 5.4 2.4 -2.5
v 5.4 2.5 -2.5
v 4.9 2 -3.1
v 4.9 2.1 -3.1
v 5 2 -3.1
v 5 2.1 -3.1
v 4.9 1.9 -3.2
v 4.9 2 -3.2
v 5 1.9 -3.2
v 5 2 -3.2
v 4.9 1.8 -3.3
v 4.9 1.9 -3.3
v 5 1.8 -3.3
v 5 1.9 -3.3
v 2.2 2.4 -3.4
v 2.2 2.5 -3.4
v 2.3 2.4 -3.4
v 2.3 2.5 -3.4
v 2.4 2.4 -3.4
v 2.4 2.5 -3.4
v 2.5 2.4 -3.4
v 2.6 2.4 -3.4
v 2.8 2.4 -3.4
v 2.9 2.4 -3.4
v 2.9 2.5 -3.4
v 3.1 2.4 -3.4
v 3.1 2.5 -3.4
v 3.2 2.4 -3.4
v 3.2 2.5 -3.4
v 3.3 2.4 -3.4
v 3.3 2.5 -3.4
v 3.4 2.4 -3.4
v 3.4 2.5 -3.4
v 3.5 2.4 -3.4
v 3.5 2.5 -3.4
v 3.6 2.4 -3.4
v 3.6 2.5 -3.4
v 3.9 2.4 -3.4
v 3.9 2.5 -3.4
v 4 2.4 -3.4
v 4 2.5 -3.4
v 4.1 2.4 -3.4
v 4.1 2.5 -3.4
v 4.2 2.4 -3.4
v 4.2 2.5 -3.4
v 4.4 2.4 -3.4
v 4.4 2.5 -3.4
v 4.5 2.4 -3.4
v 4.5 2.5 -3.4
v 4.6 2.4 -3.4
v 4.6 2.5 -3.4
v 4.7 2.4 -3.4
v 4.7 2.5 -3.4
v 4.8 2.4 -3.4
v 4.9 2.4 -3.4
v 4.9 2.5 -3.4
v 5 2.4 -3.4
v 5 2.5 -3.4
v 5.1 2.4 -3.4
v 5.1 2.5 -3.4
v 5.2 2.4 -3.4
v 5.2 2.5 -3.4
v 5.3 2.4 -3.4
v 5.3 2.5 -3.4
v 5.4 2.4 -3.4
v 5.4 2.5 -3.4
v 4.9 1.7 -3.5
v 4.9 1.8 -3.5
v 5 1.7 -3.5
v 5 1.8 -3.5
v 4.9 1.6 -3.6
v 4.9 1.7 -3.6
v 5 1.6 -3.6
v 5 1.7 -3.6
v 4.9 1.5 -3.7
v 4.9 1.6 -3.7
v 5 1.5 -3.7
v 5 1.6 -3.7
v 2.6 2 -3.8
v 2.6 2.1 -3.8
v 2.7 2 -3.8
v 2.7 2.1 -3.8
v 4.9 1.4 -3.8
v 4.9 1.5 -3.8
v 5 1.4 -3.8
v 5 1.5 -3.8
v 2.6 1.8 -3.9
v 2.6 1.9 -3.9
v 2.6 2 -3.9
v 2.7 1.8 -3.9
v 2.7 1.9 -3.9
v 2.7 2 -3.9
v 4.9 1.3 -3.9
v 4.9 1.4 -3.9
v 5 1.3 -3.9
v 5 1.4 -3.9
v 2.6 1.7 -4
v 2.6 1.8 -4
v 2.7 1.7 -4
v 2.7 1.8 -4
v 2.6 1.5 -4.1
v 2.6 1.6 -4.1
v 2.6 1.7 -4.1
v 2.7 1.5 -4.1
v 2.7 1.6 -4.1
v 2.7 1.7 -4.1
v 4.9 1.2 -4.1
v 4.9 1.3 -4.1
v 5 1.2 -4.1
v 5 1.3 -4.1
v 2.6 1.4 -4.2
v 2.6 1.5 -4.2
v 2.7 1.4 -4.2
v 2.7 1.5 -4.2
v 4.9 1.1 -4.2
v 4.9 1.2 -4.2
v 5 1.1 -4.2
v 5 1.2 -4.2
v 2.2 2.4 -4.3
v 2.2 2.5 -4.3
v 2.3 2.4 -4.3
v 2.3 2.5 -4.3
v 2.5 2.4 -4.3
v 2.6 1.2 -4.3
v 2.6 1.4 -4.3
v 2.6 2.4 -4.3
v 2.6 2.5 -4.3
v 2.7 1.2 -4.3
v 2.7 1.4 -4.3
v 2.8 2.4 -4.3
v 2.8 2.5 -4.3
v 2.9 2.4 -4.3
v 2.9 2.5 -4.3
v 3 2.4 -4.3
v 3 2.5 -4.3
v 3.1 2.4 -4.3
v 3.1 2.5 -4.3
v 3.2 2.4 -4.3
v 3.2 2.5 -4.3
v 3.4 2.4 -4.3
v 3.4 2.5 -4.3
v 3.5 2.4 -4.3
v 3.5 2.5 -4.3
v 3.7 2.4 -4.3
v 3.7 2.5 -4.3
v 3.8 2.4 -4.3
v 3.8 2.5 -4.3
v 4 2.4 -4.3
v 4 2.5 -4.3
v 4.1 2.4 -4.3
v 4.1 2.5 -4.3
v 4.2 2.4 -4.3
v 4.2 2.5 -4.3
v 4.3 2.4 -4.3
v 4.3 2.5 -4.3
v 4.4 2.4 -4.3
v 4.4 2.5 -4.3
v 4.5 2.4 -4.3
v 4.5 2.5 -4.3
v 4.7 2.4 -4.3
v 4.7 2.5 -4.3
v 4.8 2.4 -4.3
v 4.9 1 -4.3
v 4.9 1.1 -4.3
v 4.9 2.4 -4.3
v 4.9 2.5 -4.3
v 5 1 -4.3
v 5 1.1 -4.3
v 5 2.4 -4.3
v 5.1 2.4 -4.3
v 5.1 2.5 -4.3
v 5.3 2.4 -4.3
v 5.3 2.5 -4.3
v 5.4 2.4 -4.3
v 5.4 2.5 -4.3
v 2.4 1.9 -4.7
v 2.4 2 -4.7
v 2.4 2.1 -4.7
v 2.5 0 -4.7
v 2.5 0.2 -4.7
v 2.5 0.3 -4.7
v 2.5 0.4 -4.7
v 2.5 0.6 -4.7
v 2.5 0.7 -4.7
v 2.5 0.8 -4.7
v 2.5 1.1 -4.7
v 2.5 1.2 -4.7
v 2.5 1.3 -4.7
v 2.5 1.4 -4.7
v 2.5 1.5 -4.7
v 2.5 1.7 -4.7
v 2.5 1.8 -4.7
v 2.5 1.9 -4.7
v 2.5 2 -4.7
v 2.5 2.1 -4.7
v 2.6 0 -4.7
v 2.6 0.1 -4.7
v 2.6 0.3 -4.7
v 2.6 0.4 -4.7
v 2.6 0.5 -4.7
v 2.6 0.6 -4.7
v 2.6 0.7 -4.7
v 2.6 0.8 -4.7
v 2.6 0.9 -4.7
v 2.6 1 -4.7
v 2.6 1.2 -4.7
v 2.6 1.3 -4.7
v 2.6 1.4 -4.7
v 2.6 1.5 -4.7
v 2.6 1.7 -4.7
v 2.6 1.8 -4.7
v 2.6 1.9 -4.7
v 2.7 0 -4.7
v 2.7 0.1 -4.7
v 2.7 0.2 -4.7
v 2.7 0.3 -4.7
v 2.7 0.4 -4.7
v 2.7 0.5 -4.7
v 2.7 0.6 -4.7
v 2.7 0.7 -4.7
v 2.7 0.8 -4.7
v 2.7 0.9 -4.7
v 2.7 1 -4.7
v 2.7 1.1 -4.7
v 2.7 1.2 -4.7
v 2.7 1.3 -4.7
v 2.7 1.4 -4.7
v 2.7 1.5 -4.7
v 2.7 1.6 -4.7
v 2.7 1.7 -4.7
v 2.7 1.8 -4.7
v 2.7 1.9 -4.7
v 2.8 0 -4.7
v 2.8 0.1 -4.7
v 2.8 0.2 -4.7
v 2.8 0.3 -4.7
v 2.8 0.4 -4.7
v 2.8 0.7 -4.7
v 2.8 0.8 -4.7
v 2.8 1 -4.7
v 2.8 1.1 -4.7
v 2.8 1.2 -4.7
v 2.8 1.5 -4.7
v 2.8 1.6 -4.7
v 2.8 1.7 -4.7
v 2.8 1.8 -4.7
v 2.8 1.9 -4.7
v 2.8 2.1 -4.7
v 2.9 1.9 -4.7
v 2.9 2.1 -4.7
v 4.7 1.9 -4.7
v 4.7 2 -4.7
v 4.7 2.1 -4.7
v 4.8 0 -4.7
v 4.8 0.1 -4.7
v 4.8 0.2 -4.7
v 4.8 0.4 -4.7
v 4.8 0.5 -4.7
v 4.8 0.6 -4.7
v 4.8 0.7 -4.7
v 4.8 1 -4.7
v 4.8 1.1 -4.7
v 4.8 1.6 -4.7
v 4.8 1.7 -4.7
v 4.8 1.8 -4.7
v 4.8 1.9 -4.7
v 4.8 2 -4.7
v 4.8 2.1 -4.7
v 4.9 0 -4.7
v 4.9 0.1 -4.7
v 4.9 0.2 -4.7
v 4.9 0.3 -4.7
v 4.9 0.4 -4.7
v 4.9 0.5 -4.7
v 4.9 0.6 -4.7
v 4.9 0.7 -4.7
v 4.9 0.8 -4.7
v 4.9 0.9 -4.7
v 4.9 1.1 -4.7
v 4.9 1.2 -4.7
v 4.9 1.3 -4.7
v 4.9 1.4 -4.7
v 4.9 1.5 -4.7
v 4.9 1.6 -4.7
v 4.9 1.7 -4.7
v 4.9 1.8 -4.7
v 4.9 1.9 -4.7
v 5 0 -4.7
v 5 0.1 -4.7
v 5 0.2 -4.7
v 5 0.3 -4.7
v 5 0.4 -4.7
v 5 0.5 -4.7
v 5 0.6 -4.7
v 5 0.7 -4.7
v 5 0.8 -4.7
v 5 0.9 -4.7
v 5 1 -4.7
v 5 1.1 -4.7
v 5 1.2 -4.7
v 5 1.3 -4.7
v 5 1.7 -4.7
v 5 1.8 -4.7
v 5 1.9 -4.7
v 5.1 0 -4.7
v 5.1 0.1 -4.7
v 5.1 0.4 -4.7
v 5.1 0.6 -4.7
v 5.1 0.7 -4.7
v 5.1 0.8 -4.7
v 5.1 0.9 -4.7
v 5.1 1 -4.7
v 5.1 1.1 -4.7
v 5.1 1.2 -4.7
v 5.1 1.3 -4.7
v 5.1 1.4 -4.7
v 5.1 1.5 -4.7
v 5.1 1.6 -4.7
v 5.1 1.7 -4.7
v 5.1 1.9 -4.7
v 5.1 2 -4.7
v 5.1 2.1 -4.7
v 5.2 1.9 -4.7
v 5.2 2 -4.7
v 5.2 2.1 -4.7
v 2.2 2.4 -4.8
v 2.2 2.5 -4.8
v 2.3 2.4 -4.8
v 2.3 2.5 -4.8
v 2.4 2.1 -4.8
v 2.4 2.3 -4.8
v 2.4 2.4 -4.8
v 2.4 2.5 -4.8
v 2.5 1.9 -4.8
v 2.5 2 -4.8
v 2.5 2.1 -4.8
v 2.5 2.3 -4.8
v 2.5 2.4 -4.8
v 2.5 2.5 -4.8
v 2.6 1.9 -4.8
v 2.6 2 -4.8
v 2.6 2.1 -4.8
v 2.6 2.2 -4.8
v 2.6 2.3 -4.8
v 2.6 2.4 -4.8
v 2.6 2.5 -4.8
v 2.7 1.9 -4.8
v 2.7 2 -4.8
v 2.7 2.1 -4.8
v 2.7 2.2 -4.8
v 2.7 2.3 -4.8
v 2.7 2.4 -4.8
v 2.8 1.9 -4.8
v 2.8 2.1 -4.8
v 2.8 2.2 -4.8
v 2.8 2.4 -4.8
v 2.8 2.5 -4.8
v 2.9 2.1 -4.8
v 2.9 2.2 -4.8
v 2.9 2.4 -4.8
v 2.9 2.5 -4.8
v 3 2.4 -4.8
v 3 2.5 -4.8
v 3.1 2.4 -4.8
v 3.1 2.5 -4.8
v 3.2 2.4 -4.8
v 3.2 2.5 -4.8
v 3.4 2.4 -4.8
v 3.4 2.5 -4.8
v 3.5 2.4 -4.8
v 3.5 2.5 -4.8
v 3.7 2.4 -4.8
v 3.7 2.5 -4.8
v 3.9 2.4 -4.8
v 3.9 2.5 -4.8
v 4 2.4 -4.8
v 4 2.5 -4.8
v 4.1 2.4 -4.8
v 4.1 2.5 -4.8
v 4.2 2.4 -4.8
v 4.2 2.5 -4.8
v 4.4 2.4 -4.8
v 4.4 2.5 -4.8
v 4.6 2.4 -4.8
v 4.6 2.5 -4.8
v 4.7 2.1 -4.8
v 4.7 2.2 -4.8
v 4.7 2.3 -4.8
v 4.7 2.4 -4.8
v 4.7 2.5 -4.8
v 4.8 1.9 -4.8
v 4.8 2 -4.8
v 4.8 2.1 -4.8
v 4.8 2.2 -4.8
v 4.8 2.3 -4.8
v 4.8 2.4 -4.8
v 4.8 2.5 -4.8
v 4.9 1.9 -4.8
v 4.9 2 -4.8
v 4.9 2.1 -4.8
v 4.9 2.2 -4.8
v 4.9 2.3 -4.8
v 4.9 2.4 -4.8
v 4.9 2.5 -4.8
v 5 1.9 -4.8
v 5 2.1 -4.8
v 5 2.2 -4.8
v 5 2.3 -4.8
v 5 2.4 -4.8
v 5.1 1.9 -4.8
v 5.1 2.1 -4.8
v 5.1 2.2 -4.8
v 5.1 2.3 -4.8
v 5.1 2.4 -4.8
v 5.1 2.5 -4.8
v 5.2 2.1 -4.8
v 5.2 2.2 -4.8
v 5.2 2.3 -4.8
v 5.2 2.4 -4.8
v 5.2 2.5 -4.8
v 5.4 2.4 -4.8
v 5.4 2.5 -4.8
v 2.5 0 3.4
v 2.6 0 3.4
v 2.7 0 3.4
v 2.8 0 3.4
v 4.8 0 3.4
v 4.9 0 3.4
v 5 0 3.4
v 5.1 0 3.4
v 2.5 0 3.3
v 2.6 0 3.3
v 2.7 0 3.3
v 4.8 0 3.3
v 4.9 0 3.3
v 5 0 3.3
v 5.1 0 3.3
v 2.5 0 3.2
v 2.6 0 3.2
v 2.7 0 3.2
v 2.8 0 3.2
v 4.9 0 3.2
v 5 0 3.2
v 5.1 0 3.2
v 2.5 0 3.1
v 2.7 0 3.1
v 2.8 0 3.1
v 4.8 0 3.1
v 4.9 0 3.1
v 5 0 3.1
v 5.1 0 3.1
v 2.5 0 -0.0999999
v 2.6 0 -0.0999999
v 2.7 0 -0.0999999
v 2.8 0 -0.0999999
v 4.8 0 -0.0999999
v 4.9 0 -0.0999999
v 5 0 -0.0999999
v 5.1 0 -0.0999999
v 2.5 0 -0.2
v 2.6 0 -0.2
v 2.7 0 -0.2
v 2.8 0 -0.2
v 4.8 0 -0.2
v 4.9 0 -0.2
v 5 0 -0.2
v 5.1 0 -0.2
v 2.7 0 -0.3
v 2.8 0 -0.3
v 4.8 0 -0.3
v 5 0 -0.3
v 2.5 0 -0.4
v 2.6 0 -0.4
v 2.7 0 -0.4
v 2.8 0 -0.4
v 4.8 0 -0.4
v 5.1 0 -0.4
v 2.5 0 -4.4
v 2.8 0 -4.4
v 4.8 0 -4.4
v 4.9 0 -4.4
v 5 0 -4.4
v 5.1 0 -4.4
v 2.6 0 -4.5
v 2.7 0 -4.5
v 2.8 0 -4.5
v 5 0 -4.5
v 5.1 0 -4.5
v 2.5 0 -4.6
v 2.6 0 -4.6
v 2.7 0 -4.6
v 2.8 0 -4.6
v 4.8 0 -4.6
v 4.9 0 -4.6
v 5 0 -4.6
v 2.5 0 -4.7
v 2.6 0 -4.7
v 2.7 0 -4.7
v 2.8 0 -4.7
v 4.8 0 -4.7
v 4.9 0 -4.7
v 5 0 -4.7
v 5.1 0 -4.7
v 4.9 0.7 0
v 5 0.7 0
v 4.9 0.7 -0.0999999
v 5 0.7 -0.0999999
v 4.9 0.7 -0.4
v 5 0.7 -0.4
v 4.9 0.7 -0.5
v 5 0.7 -0.5
v 4.9 0.8 3.1
v 5 0.8 3.1
v 4.9 0.8 3
v 5 0.8 3
v 4.9 0.8 0.0999999
v 5 0.8 0.0999999
v 4.9 0.8 0
v 5 0.8 0
v 4.9 0.8 -0.5
v 5 0.8 -0.5
v 4.9 0.8 -0.6
v 5 0.8 -0.6
v 4.9 0.9 3
v 5 0.9 3
v 4.9 0.9 2.9
v 5 0.9 2.9
v 4.9 0.9 0.3
v 5 0.9 0.3
v 4.9 0.9 0.2
v 5 0.9 0.2
v 4.9 0.9 0.0999999
v 5 0.9 0.0999999
v 4.9 0.9 -0.6
v 5 0.9 -0.6
v 4.9 0.9 -0.7
v 5 0.9 -0.7
v 4.9 0.9 -0.8
v 5 0.9 -0.8
v 4.9 0.9 -4.3
v 5 0.9 -4.3
v 4.9 0.9 -4.4
v 5 0.9 -4.4
v 2.6 1 3.1
v 2.7 1 3.1
v 2.6 1 3
v 2.7 1 3
v 4.9 1 2.9
v 5 1 2.9
v 4.9 1 2.8
v 5 1 2.8
v 4.9 1 0.4
v 5 1 0.4
v 4.9 1 0.3
v 5 1 0.3
v 2.6 1 0
v 2.7 1 0
v 2.6 1 -0.0999999
v 2.7 1 -0.0999999
v 2.6 1 -0.4
v 2.7 1 -0.4
v 2.6 1 -0.5
v 2.7 1 -0.5
v 4.9 1 -0.8
v 5 1 -0.8
v 4.9 1 -0.9
v 5 1 -0.9
v 4.9 1 -4.2
v 5 1 -4.2
v 4.9 1 -4.3
v 5 1 -4.3
v 2.6 1.1 3
v 2.7 1.1 3
v 2.6 1.1 2.9
v 2.7 1.1 2.9
v 4.9 1.1 2.8
v 5 1.1 2.8
v 4.9 1.1 2.7
v 5 1.1 2.7
v 4.9 1.1 0.5
v 5 1.1 0.5
v 4.9 1.1 0.4
v 5 1.1 0.4
v 2.6 1.1 0.0999999
v 2.7 1.1 0.0999999
v 2.6 1.1 0
v 2.7 1.1 0
v 2.6 1.1 -0.5
v 2.7 1.1 -0.5
v 2.6 1.1 -0.6
v 2.7 1.1 -0.6
v 4.9 1.1 -0.9
v 5 1.1 -0.9
v 4.9 1.1 -1
v 5 1.1 -1
v 4.9 1.1 -4.1
v 5 1.1 -4.1
v 4.9 1.1 -4.2
v 5 1.1 -4.2
v 2.6 1.1 -4.3
v 2.7 1.1 -4.3
v 2.6 1.1 -4.4
v 2.7 1.1 -4.4
v 2.6 1.2 2.9
v 2.7 1.2 2.9
v 2.6 1.2 2.8
v 2.7 1.2 2.8
v 4.9 1.2 2.7
v 5 1.2 2.7
v 4.9 1.2 2.6
v 5 1.2 2.6
v 4.9 1.2 0.7
v 5 1.2 0.7
v 4.9 1.2 0.6
v 5 1.2 0.6
v 4.9 1.2 0.5
v 5 1.2 0.5
v 2.6 1.2 0.2
v 2.7 1.2 0.2
v 2.6 1.2 0.0999999
v 2.7 1.2 0.0999999
v 2.6 1.2 -0.6
v 2.7 1.2 -0.6
v 2.6 1.2 -0.7
v 2.7 1.2 -0.7
v 4.9 1.2 -1
v 5 1.2 -1
v 4.9 1.2 -1.2
v 5 1.2 -1.2
v 4.9 1.2 -3.9
v 5 1.2 -3.9
v 4.9 1.2 -4
v 5 1.2 -4
v 4.9 1.2 -4.1
v 5 1.2 -4.1
v 2.6 1.2 -4.2
v 2.7 1.2 -4.2
v 2.6 1.2 -4.3
v 2.7 1.2 -4.3
v 4.9 1.3 2.6
v 5 1.3 2.6
v 4.9 1.3 2.5
v 5 1.3 2.5
v 4.9 1.3 0.8
v 5 1.3 0.8
v 4.9 1.3 0.7
v 5 1.3 0.7
v 2.6 1.3 0.3
v 2.7 1.3 0.3
v 2.6 1.3 0.2
v 2.7 1.3 0.2
v 2.6 1.3 -0.7
v 2.7 1.3 -0.7
v 2.6 1.3 -0.8
v 2.7 1.3 -0.8
v 4.9 1.3 -1.2
v 5 1.3 -1.2
v 4.9 1.3 -1.3
v 5 1.3 -1.3
v 4.9 1.3 -3.8
v 5 1.3 -3.8
v 4.9 1.3 -3.9
v 5 1.3 -3.9
v 2.6 1.4 2.8
v 2.7 1.4 2.8
v 2.6 1.4 2.7
v 2.7 1.4 2.7
v 4.9 1.4 2.5
v 5 1.4 2.5
v 4.9 1.4 2.3
v 5 1.4 2.3
v 4.9 1.4 0.9
v 5 1.4 0.9
v 4.9 1.4 0.8
v 5 1.4 0.8
v 2.6 1.4 0.4
v 2.7 1.4 0.4
v 2.6 1.4 0.3
v 2.7 1.4 0.3
v 2.6 1.4 -0.8
v 2.7 1.4 -0.8
v 2.6 1.4 -0.9
v 2.7 1.4 -0.9
v 4.9 1.4 -1.3
v 5 1.4 -1.3
v 4.9 1.4 -1.4
v 5 1.4 -1.4
v 4.9 1.4 -3.7
v 5 1.4 -3.7
v 4.9 1.4 -3.8
v 5 1.4 -3.8
v 2.6 1.4 -4.1
v 2.7 1.4 -4.1
v 2.6 1.4 -4.2
v 2.7 1.4 -4.2
v 2.6 1.5 2.7
v 2.7 1.5 2.7
v 2.6 1.5 2.6
v 2.7 1.5 2.6
v 4.9 1.5 2.3
v 5 1.5 2.3
v 4.9 1.5 2.2
v 5 1.5 2.2
v 4.9 1.5 1.1
v 5 1.5 1.1
v 4.9 1.5 1
v 5 1.5 1
v 4.9 1.5 0.9
v 5 1.5 0.9
v 2.6 1.5 0.5
v 2.7 1.5 0.5
v 2.6 1.5 0.4
v 2.7 1.5 0.4
v 2.6 1.5 -0.9
v 2.7 1.5 -0.9
v 2.6 1.5 -1
v 2.7 1.5 -1
v 4.9 1.5 -1.4
v 5 1.5 -1.4
v 4.9 1.5 -1.5
v 5 1.5 -1.5
v 4.9 1.5 -1.6
v 5 1.5 -1.6
v 4.9 1.5 -3.6
v 5 1.5 -3.6
v 4.9 1.5 -3.7
v 5 1.5 -3.7
v 2.6 1.5 -4
v 2.7 1.5 -4
v 2.6 1.5 -4.1
v 2.7 1.5 -4.1
v 2.5 1.6 2.6
v 2.6 1.6 2.6
v 2.5 1.6 2.5
v 2.6 1.6 2.5
v 4.9 1.6 2.2
v 5 1.6 2.2
v 4.9 1.6 2.1
v 5 1.6 2.1
v 4.9 1.6 1.2
v 5 1.6 1.2
v 4.9 1.6 1.1
v 5 1.6 1.1
v 2.6 1.6 -1
v 2.7 1.6 -1
v 2.6 1.6 -1.1
v 2.7 1.6 -1.1
v 4.9 1.6 -1.6
v 5 1.6 -1.6
v 4.9 1.6 -1.7
v 5 1.6 -1.7
v 4.9 1.6 -3.5
v 5 1.6 -3.5
v 4.9 1.6 -3.6
v 5 1.6 -3.6
v 2.5 1.7 2.5
v 2.6 1.7 2.5
v 2.5 1.7 2.4
v 2.6 1.7 2.4
v 4.9 1.7 2.1
v 5 1.7 2.1
v 4.9 1.7 2
v 5 1.7 2
v 4.9 1.7 1.3
v 5 1.7 1.3
v 4.9 1.7 1.2
v 5 1.7 1.2
v 2.6 1.7 0.6
v 2.7 1.7 0.6
v 2.6 1.7 0.5
v 2.7 1.7 0.5
v 2.6 1.7 -1.1
v 2.7 1.7 -1.1
v 2.6 1.7 -1.2
v 2.7 1.7 -1.2
v 4.9 1.7 -1.7
v 5 1.7 -1.7
v 4.9 1.7 -1.8
v 5 1.7 -1.8
v 4.9 1.7 -3.3
v 5 1.7 -3.3
v 4.9 1.7 -3.4
v 5 1.7 -3.4
v 4.9 1.7 -3.5
v 5 1.7 -3.5
v 2.6 1.7 -3.9
v 2.7 1.7 -3.9
v 2.6 1.7 -4
v 2.7 1.7 -4
v 4.9 1.8 2
v 5 1.8 2
v 4.9 1.8 1.9
v 5 1.8 1.9
v 4.9 1.8 1.5
v 5 1.8 1.5
v 4.9 1.8 1.3
v 5 1.8 1.3
v 2.6 1.8 0.7
v 2.7 1.8 0.7
v 2.6 1.8 0.6
v 2.7 1.8 0.6
v 2.6 1.8 -1.2
v 2.7 1.8 -1.2
v 2.6 1.8 -1.3
v 2.7 1.8 -1.3
v 4.9 1.8 -1.8
v 5 1.8 -1.8
v 4.9 1.8 -2
v 5 1.8 -2
v 4.9 1.8 -3.2
v 5 1.8 -3.2
v 4.9 1.8 -3.3
v 5 1.8 -3.3
v 2.6 1.8 -3.8
v 2.7 1.8 -3.8
v 2.6 1.8 -3.9
v 2.7 1.8 -3.9
v 2.5 1.9 3.5
v 2.7 1.9 3.5
v 2.8 1.9 3.5
v 4.8 1.9 3.5
v 5.1 1.9 3.5
v 2.4 1.9 3.4
v 2.5 1.9 3.4
v 2.6 1.9 3.4
v 2.7 1.9 3.4
v 2.8 1.9 3.4
v 2.9 1.9 3.4
v 4.7 1.9 3.4
v 4.8 1.9 3.4
v 5 1.9 3.4
v 5.1 1.9 3.4
v 5.2 1.9 3.4
v 2.4 1.9 3.3
v 2.5 1.9 3.3
v 2.8 1.9 3.3
v 2.9 1.9 3.3
v 4.8 1.9 3.3
v 5.1 1.9 3.3
v 5.2 1.9 3.3
v 2.5 1.9 3.2
v 2.8 1.9 3.2
v 2.9 1.9 3.2
v 4.7 1.9 3.2
v 4.8 1.9 3.2
v 5.1 1.9 3.2
v 5.2 1.9 3.2
v 2.4 1.9 3.1
v 2.5 1.9 3.1
v 2.6 1.9 3.1
v 2.7 1.9 3.1
v 2.8 1.9 3.1
v 2.9 1.9 3.1
v 4.7 1.9 3.1
v 4.8 1.9 3.1
v 4.9 1.9 3.1
v 5 1.9 3.1
v 5.1 1.9 3.1
v 5.2 1.9 3.1
v 2.5 1.9 3
v 2.6 1.9 3
v 2.7 1.9 3
v 2.8 1.9 3
v 4.8 1.9 3
v 4.9 1.9 3
v 5.1 1.9 3
v 2.5 1.9 2.4
v 2.6 1.9 2.4
v 2.5 1.9 2.3
v 2.6 1.9 2.3
v 4.9 1.9 1.9
v 5 1.9 1.9
v 4.9 1.9 1.8
v 5 1.9 1.8
v 4.9 1.9 1.6
v 5 1.9 1.6
v 4.9 1.9 1.5
v 5 1.9 1.5
v 2.6 1.9 0.8
v 2.7 1.9 0.8
v 2.6 1.9 0.7
v 2.7 1.9 0.7
v 2.5 1.9 0
v 2.6 1.9 0
v 2.7 1.9 0
v 2.8 1.9 0
v 4.8 1.9 0
v 4.9 1.9 0
v 5 1.9 0
v 5.1 1.9 0
v 2.4 1.9 -0.0999999
v 2.5 1.9 -0.0999999
v 2.6 1.9 -0.0999999
v 2.7 1.9 -0.0999999
v 2.8 1.9 -0.0999999
v 2.9 1.9 -0.0999999
v 4.7 1.9 -0.0999999
v 4.8 1.9 -0.0999999
v 4.9 1.9 -0.0999999
v 5 1.9 -0.0999999
v 5.1 1.9 -0.0999999
v 5.2 1.9 -0.0999999
v 2.4 1.9 -0.2
v 2.5 1.9 -0.2
v 2.8 1.9 -0.2
v 4.7 1.9 -0.2
v 4.8 1.9 -0.2
v 5.1 1.9 -0.2
v 5.2 1.9 -0.2
v 2.4 1.9 -0.3
v 2.5 1.9 -0.3
v 2.8 1.9 -0.3
v 2.9 1.9 -0.3
v 4.8 1.9 -0.3
v 5.1 1.9 -0.3
v 2.4 1.9 -0.4
v 2.5 1.9 -0.4
v 2.6 1.9 -0.4
v 2.8 1.9 -0.4
v 2.9 1.9 -0.4
v 4.7 1.9 -0.4
v 4.8 1.9 -0.4
v 4.9 1.9 -0.4
v 5 1.9 -0.4
v 5.1 1.9 -0.4
v 5.2 1.9 -0.4
v 2.5 1.9 -0.5
v 2.6 1.9 -0.5
v 2.8 1.9 -0.5
v 4.8 1.9 -0.5
v 4.9 1.9 -0.5
v 5.1 1.9 -0.5
v 2.6 1.9 -1.3
v 2.7 1.9 -1.3
v 2.6 1.9 -1.4
v 2.7 1.9 -1.4
v 4.9 1.9 -2
v 5 1.9 -2
v 4.9 1.9 -2.1
v 5 1.9 -2.1
v 4.9 1.9 -3.1
v 5 1.9 -3.1
v 4.9 1.9 -3.2
v 5 1.9 -3.2
v 2.5 1.9 -4.3
v 2.6 1.9 -4.3
v 2.7 1.9 -4.3
v 2.8 1.9 -4.3
v 4.8 1.9 -4.3
v 4.9 1.9 -4.3
v 5 1.9 -4.3
v 5.1 1.9 -4.3
v 2.4 1.9 -4.4
v 2.5 1.9 -4.4
v 2.6 1.9 -4.4
v 2.7 1.9 -4.4
v 2.8 1.9 -4.4
v 2.9 1.9 -4.4
v 4.7 1.9 -4.4
v 4.8 1.9 -4.4
v 4.9 1.9 -4.4
v 5 1.9 -4.4
v 5.1 1.9 -4.4
v 5.2 1.9 -4.4
v 2.4 1.9 -4.5
v 2.5 1.9 -4.5
v 4.7 1.9 -4.5
v 4.8 1.9 -4.5
v 5.1 1.9 -4.5
v 5.2 1.9 -4.5
v 2.4 1.9 -4.6
v 2.5 1.9 -4.6
v 2.8 1.9 -4.6
v 2.9 1.9 -4.6
v 4.7 1.9 -4.6
v 4.8 1.9 -4.6
v 5.1 1.9 -4.6
v 2.4 1.9 -4.7
v 2.5 1.9 -4.7
v 2.6 1.9 -4.7
v 2.7 1.9 -4.7
v 2.8 1.9 -4.7
v 2.9 1.9 -4.7
v 4.7 1.9 -4.7
v 4.8 1.9 -4.7
v 4.9 1.9 -4.7
v 5 1.9 -4.7
v 5.1 1.9 -4.7
v 5.2 1.9 -4.7
v 2.5 1.9 -4.8
v 2.6 1.9 -4.8
v 2.7 1.9 -4.8
v 2.8 1.9 -4.8
v 4.8 1.9 -4.8
v 4.9 1.9 -4.8
v 5 1.9 -4.8
v 5.1 1.9 -4.8
v 2.5 2 2.3
v 2.6 2 2.3
v 2.5 2 2.2
v 2.6 2 2.2
v 4.9 2 1.8
v 5 2 1.8
v 4.9 2 1.6
v 5 2 1.6
v 2.6 2 0.9
v 2.7 2 0.9
v 2.6 2 0.8
v 2.7 2 0.8
v 2.6 2 -1.4
v 2.7 2 -1.4
v 2.6 2 -1.5
v 2.7 2 -1.5
v 4.9 2 -2.1
v 5 2 -2.1
v 4.9 2 -2.2
v 5 2 -2.2
v 4.9 2 -3
v 5 2 -3
v 4.9 2 -3.1
v 5 2 -3.1
v 2.6 2 -3.7
v 2.7 2 -3.7
v 2.6 2 -3.8
v 2.7 2 -3.8
v 2.5 2.1 4.2
v 2.7 2.1 4.2
v 2.8 2.1 4.2
v 4.8 2.1 4.2
v 4.9 2.1 4.2
v 5 2.1 4.2
v 5.1 2.1 4.2
v 2.5 2.1 4.1
v 2.6 2.1 4.1
v 2.7 2.1 4.1
v 4.8 2.1 4.1
v 4.9 2.1 4.1
v 5 2.1 4.1
v 5.1 2.1 4.1
v 2.6 2.1 4
v 2.7 2.1 4
v 2.8 2.1 4
v 4.8 2.1 4
v 4.9 2.1 4
v 5 2.1 4
v 5.1 2.1 4
v 2.5 2.1 3.9
v 2.6 2.1 3.9
v 2.7 2.1 3.9
v 2.8 2.1 3.9
v 4.8 2.1 3.9
v 4.9 2.1 3.9
v 5 2.1 3.9
v 5.1 2.1 3.9
v 2.5 2.1 3.8
v 2.6 2.1 3.8
v 2.7 2.1 3.8
v 2.8 2.1 3.8
v 4.8 2.1 3.8
v 4.9 2.1 3.8
v 5 2.1 3.8
v 5.1 2.1 3.8
v 2.5 2.1 3.7
v 2.6 2.1 3.7
v 2.7 2.1 3.7
v 4.8 2.1 3.7
v 4.9 2.1 3.7
v 5 2.1 3.7
v 5.1 2.1 3.7
v 2.5 2.1 3.6
v 2.6 2.1 3.6
v 2.7 2.1 3.6
v 2.8 2.1 3.6
v 4.8 2.1 3.6
v 4.9 2.1 3.6
v 5 2.1 3.6
v 5.1 2.1 3.6
v 2.5 2.1 3.5
v 2.6 2.1 3.5
v 2.7 2.1 3.5
v 2.8 2.1 3.5
v 4.8 2.1 3.5
v 4.9 2.1 3.5
v 5 2.1 3.5
v 5.1 2.1 3.5
v 2.5 2.1 3
v 2.6 2.1 3
v 2.7 2.1 3
v 2.8 2.1 3
v 4.8 2.1 3
v 4.9 2.1 3
v 5 2.1 3
v 5.1 2.1 3
v 2.5 2.1 2.9
v 2.6 2.1 2.9
v 2.7 2.1 2.9
v 2.8 2.1 2.9
v 4.8 2.1 2.9
v 4.9 2.1 2.9
v 5 2.1 2.9
v 5.1 2.1 2.9
v 2.7 2.1 2.8
v 2.8 2.1 2.8
v 4.8 2.1 2.8
v 4.9 2.1 2.8
v 5 2.1 2.8
v 5.1 2.1 2.8
v 2.6 2.1 2.7
v 2.7 2.1 2.7
v 2.8 2.1 2.7
v 4.9 2.1 2.7
v 5.1 2.1 2.7
v 2.5 2.1 2.6
v 2.6 2.1 2.6
v 2.7 2.1 2.6
v 2.8 2.1 2.6
v 4.9 2.1 2.6
v 5 2.1 2.6
v 5.1 2.1 2.6
v 2.5 2.1 2.5
v 2.6 2.1 2.5
v 2.7 2.1 2.5
v 2.8 2.1 2.5
v 4.8 2.1 2.5
v 4.9 2.1 2.5
v 5 2.1 2.5
v 5.1 2.1 2.5
v 2.5 2.1 2.4
v 2.6 2.1 2.4
v 2.7 2.1 2.4
v 2.8 2.1 2.4
v 4.8 2.1 2.4
v 4.9 2.1 2.4
v 5 2.1 2.4
v 5.1 2.1 2.4
v 2.5 2.1 2.3
v 2.6 2.1 2.3
v 2.7 2.1 2.3
v 2.8 2.1 2.3
v 4.8 2.1 2.3
v 4.9 2.1 2.3
v 5 2.1 2.3
v 5.1 2.1 2.3
v 2.5 2.1 2.2
v 2.6 2.1 2.2
v 2.7 2.1 2.2
v 2.8 2.1 2.2
v 4.9 2.1 2.2
v 5.1 2.1 2.2
v 2.5 2.1 2.1
v 2.6 2.1 2.1
v 2.7 2.1 2.1
v 2.8 2.1 2.1
v 4.8 2.1 2.1
v 4.9 2.1 2.1
v 5 2.1 2.1
v 5.1 2.1 2.1
v 2.5 2.1 2
v 2.6 2.1 2
v 2.7 2.1 2
v 2.8 2.1 2
v 4.8 2.1 2
v 5 2.1 2
v 5.1 2.1 2
v 2.5 2.1 1.9
v 2.6 2.1 1.9
v 2.7 2.1 1.9
v 2.8 2.1 1.9
v 4.8 2.1 1.9
v 5 2.1 1.9
v 5.1 2.1 1.9
v 2.5 2.1 1.8
v 2.6 2.1 1.8
v 2.7 2.1 1.8
v 2.8 2.1 1.8
v 4.8 2.1 1.8
v 4.9 2.1 1.8
v 5 2.1 1.8
v 5.1 2.1 1.8
v 2.5 2.1 1.7
v 2.6 2.1 1.7
v 2.7 2.1 1.7
v 2.8 2.1 1.7
v 4.8 2.1 1.7
v 4.9 2.1 1.7
v 5 2.1 1.7
v 5.1 2.1 1.7
v 2.5 2.1 1.6
v 2.6 2.1 1.6
v 2.7 2.1 1.6
v 2.8 2.1 1.6
v 4.9 2.1 1.6
v 5 2.1 1.6
v 2.5 2.1 1.5
v 2.6 2.1 1.5
v 2.7 2.1 1.5
v 4.8 2.1 1.5
v 4.9 2.1 1.5
v 5 2.1 1.5
v 5.1 2.1 1.5
v 2.5 2.1 1.4
v 2.6 2.1 1.4
v 2.7 2.1 1.4
v 2.8 2.1 1.4
v 4.9 2.1 1.4
v 5 2.1 1.4
v 5.1 2.1 1.4
v 2.5 2.1 1.3
v 2.6 2.1 1.3
v 2.8 2.1 1.3
v 4.8 2.1 1.3
v 4.9 2.1 1.3
v 5 2.1 1.3
v 2.5 2.1 1.2
v 2.6 2.1 1.2
v 2.8 2.1 1.2
v 4.8 2.1 1.2
v 4.9 2.1 1.2
v 5 2.1 1.2
v 5.1 2.1 1.2
v 2.6 2.1 1.1
v 2.7 2.1 1.1
v 2.8 2.1 1.1
v 4.9 2.1 1.1
v 5 2.1 1.1
v 5.1 2.1 1.1
v 2.5 2.1 1
v 2.6 2.1 1
v 2.7 2.1 1
v 2.8 2.1 1
v 4.8 2.1 1
v 5 2.1 1
v 5.1 2.1 1
v 2.6 2.1 0.9
v 2.7 2.1 0.9
v 2.8 2.1 0.9
v 4.8 2.1 0.9
v 5 2.1 0.9
v 5.1 2.1 0.9
v 2.5 2.1 0.8
v 2.6 2.1 0.8
v 2.7 2.1 0.8
v 2.8 2.1 0.8
v 4.8 2.1 0.8
v 5 2.1 0.8
v 5.1 2.1 0.8
v 2.5 2.1 0.7
v 2.6 2.1 0.7
v 4.9 2.1 0.7
v 5 2.1 0.7
v 5.1 2.1 0.7
v 2.6 2.1 0.6
v 2.7 2.1 0.6
v 2.8 2.1 0.6
v 4.9 2.1 0.6
v 5 2.1 0.6
v 2.5 2.1 0.5
v 2.6 2.1 0.5
v 2.7 2.1 0.5
v 4.9 2.1 0.5
v 5 2.1 0.5
v 5.1 2.1 0.5
v 2.5 2.1 0.4
v 2.6 2.1 0.4
v 2.8 2.1 0.4
v 4.8 2.1 0.4
v 4.9 2.1 0.4
v 5 2.1 0.4
v 2.5 2.1 0.3
v 2.6 2.1 0.3
v 2.8 2.1 0.3
v 4.8 2.1 0.3
v 4.9 2.1 0.3
v 5 2.1 0.3
v 5.1 2.1 0.3
v 2.5 2.1 0.2
v 2.6 2.1 0.2
v 2.7 2.1 0.2
v 2.8 2.1 0.2
v 4.8 2.1 0.2
v 4.9 2.1 0.2
v 5 2.1 0.2
v 2.5 2.1 0.0999999
v 2.6 2.1 0.0999999
v 4.8 2.1 0.0999999
v 4.9 2.1 0.0999999
v 5 2.1 0.0999999
v 5.1 2.1 0.0999999
v 2.5 2.1 0
v 2.6 2.1 0
v 2.7 2.1 0
v 2.8 2.1 0
v 4.8 2.1 0
v 4.9 2.1 0
v 5 2.1 0
v 5.1 2.1 0
v 2.5 2.1 -0.5
v 2.6 2.1 -0.5
v 2.7 2.1 -0.5
v 2.8 2.1 -0.5
v 4.8 2.1 -0.5
v 4.9 2.1 -0.5
v 5 2.1 -0.5
v 5.1 2.1 -0.5
v 2.6 2.1 -0.6
v 2.7 2.1 -0.6
v 2.8 2.1 -0.6
v 4.8 2.1 -0.6
v 4.9 2.1 -0.6
v 5 2.1 -0.6
v 5.1 2.1 -0.6
v 2.5 2.1 -0.7
v 2.6 2.1 -0.7
v 2.7 2.1 -0.7
v 2.8 2.1 -0.7
v 4.8 2.1 -0.7
v 4.9 2.1 -0.7
v 5 2.1 -0.7
v 5.1 2.1 -0.7
v 2.6 2.1 -0.8
v 2.7 2.1 -0.8
v 2.8 2.1 -0.8
v 4.8 2.1 -0.8
v 4.9 2.1 -0.8
v 5 2.1 -0.8
v 5.1 2.1 -0.8
v 2.6 2.1 -0.9
v 2.7 2.1 -0.9
v 4.8 2.1 -0.9
v 4.9 2.1 -0.9
v 5 2.1 -0.9
v 5.1 2.1 -0.9
v 2.5 2.1 -1
v 2.6 2.1 -1
v 2.7 2.1 -1
v 2.8 2.1 -1
v 4.8 2.1 -1
v 4.9 2.1 -1
v 2.6 2.1 -1.1
v 2.7 2.1 -1.1
v 4.8 2.1 -1.1
v 4.9 2.1 -1.1
v 5 2.1 -1.1
v 5.1 2.1 -1.1
v 2.5 2.1 -1.2
v 2.6 2.1 -1.2
v 2.7 2.1 -1.2
v 4.9 2.1 -1.2
v 5 2.1 -1.2
v 5.1 2.1 -1.2
v 2.5 2.1 -1.3
v 2.6 2.1 -1.3
v 2.7 2.1 -1.3
v 2.8 2.1 -1.3
v 4.8 2.1 -1.3
v 4.9 2.1 -1.3
v 5 2.1 -1.3
v 5.1 2.1 -1.3
v 2.5 2.1 -1.4
v 2.6 2.1 -1.4
v 2.7 2.1 -1.4
v 2.8 2.1 -1.4
v 4.8 2.1 -1.4
v 4.9 2.1 -1.4
v 5 2.1 -1.4
v 5.1 2.1 -1.4
v 2.5 2.1 -1.5
v 2.6 2.1 -1.5
v 2.7 2.1 -1.5
v 4.8 2.1 -1.5
v 4.9 2.1 -1.5
v 5 2.1 -1.5
v 5.1 2.1 -1.5
v 2.5 2.1 -1.6
v 2.6 2.1 -1.6
v 2.7 2.1 -1.6
v 4.9 2.1 -1.6
v 5 2.1 -1.6
v 5.1 2.1 -1.6
v 2.5 2.1 -1.7
v 2.6 2.1 -1.7
v 2.7 2.1 -1.7
v 2.8 2.1 -1.7
v 4.8 2.1 -1.7
v 4.9 2.1 -1.7
v 5 2.1 -1.7
v 5.1 2.1 -1.7
v 2.5 2.1 -1.8
v 2.6 2.1 -1.8
v 2.7 2.1 -1.8
v 2.8 2.1 -1.8
v 4.8 2.1 -1.8
v 4.9 2.1 -1.8
v 5 2.1 -1.8
v 5.1 2.1 -1.8
v 2.5 2.1 -1.9
v 2.6 2.1 -1.9
v 2.7 2.1 -1.9
v 2.8 2.1 -1.9
v 4.8 2.1 -1.9
v 4.9 2.1 -1.9
v 5 2.1 -1.9
v 5.1 2.1 -1.9
v 2.5 2.1 -2
v 2.6 2.1 -2
v 2.7 2.1 -2
v 4.9 2.1 -2.1
v 5 2.1 -2.1
v 5.1 2.1 -2.1
v 2.5 2.1 -2.2
v 2.6 2.1 -2.2
v 2.7 2.1 -2.2
v 2.8 2.1 -2.2
v 4.8 2.1 -2.2
v 4.9 2.1 -2.2
v 5 2.1 -2.2
v 5.1 2.1 -2.2
v 2.5 2.1 -2.3
v 2.6 2.1 -2.3
v 2.7 2.1 -2.3
v 2.8 2.1 -2.3
v 4.8 2.1 -2.3
v 4.9 2.1 -2.3
v 5 2.1 -2.3
v 5.1 2.1 -2.3
v 2.5 2.1 -2.4
v 2.6 2.1 -2.4
v 2.7 2.1 -2.4
v 2.8 2.1 -2.4
v 4.9 2.1 -2.4
v 5 2.1 -2.4
v 2.5 2.1 -2.5
v 2.6 2.1 -2.5
v 2.7 2.1 -2.5
v 2.8 2.1 -2.5
v 4.8 2.1 -2.5
v 4.9 2.1 -2.5
v 5 2.1 -2.5
v 2.5 2.1 -2.6
v 2.6 2.1 -2.6
v 2.7 2.1 -2.6
v 2.8 2.1 -2.6
v 4.8 2.1 -2.6
v 4.9 2.1 -2.6
v 5 2.1 -2.6
v 5.1 2.1 -2.6
v 2.6 2.1 -2.7
v 2.7 2.1 -2.7
v 2.8 2.1 -2.7
v 4.8 2.1 -2.7
v 4.9 2.1 -2.7
v 5 2.1 -2.7
v 5.1 2.1 -2.7
v 2.7 2.1 -2.8
v 2.8 2.1 -2.8
v 4.8 2.1 -2.8
v 4.9 2.1 -2.8
v 5 2.1 -2.8
v 5.1 2.1 -2.8
v 2.5 2.1 -2.9
v 2.6 2.1 -2.9
v 2.7 2.1 -2.9
v 4.8 2.1 -2.9
v 4.9 2.1 -2.9
v 5 2.1 -2.9
v 2.5 2.1 -3
v 2.6 2.1 -3
v 2.7 2.1 -3
v 2.8 2.1 -3
v 4.8 2.1 -3
v 4.9 2.1 -3
v 5 2.1 -3
v 5.1 2.1 -3
v 2.5 2.1 -3.1
v 2.6 2.1 -3.1
v 2.7 2.1 -3.1
v 2.8 2.1 -3.1
v 4.8 2.1 -3.1
v 4.9 2.1 -3.1
v 5 2.1 -3.1
v 5.1 2.1 -3.1
v 2.5 2.1 -3.2
v 2.6 2.1 -3.2
v 2.7 2.1 -3.2
v 2.8 2.1 -3.2
v 4.9 2.1 -3.2
v 5 2.1 -3.2
v 5.1 2.1 -3.2
v 2.5 2.1 -3.3
v 2.6 2.1 -3.3
v 2.8 2.1 -3.3
v 4.9 2.1 -3.3
v 5 2.1 -3.3
v 5.1 2.1 -3.3
v 2.6 2.1 -3.4
v 2.7 2.1 -3.4
v 4.8 2.1 -3.4
v 4.9 2.1 -3.4
v 2.6 2.1 -3.5
v 2.7 2.1 -3.5
v 4.8 2.1 -3.5
v 4.9 2.1 -3.5
v 5 2.1 -3.5
v 5.1 2.1 -3.5
v 2.5 2.1 -3.6
v 2.6 2.1 -3.6
v 2.7 2.1 -3.6
v 2.8 2.1 -3.6
v 4.8 2.1 -3.6
v 5 2.1 -3.6
v 5.1 2.1 -3.6
v 2.5 2.1 -3.7
v 2.6 2.1 -3.7
v 2.7 2.1 -3.7
v 2.8 2.1 -3.7
v 4.8 2.1 -3.7
v 5 2.1 -3.7
v 5.1 2.1 -3.7
v 2.5 2.1 -3.8
v 2.6 2.1 -3.8
v 2.7 2.1 -3.8
v 2.8 2.1 -3.8
v 4.8 2.1 -3.8
v 4.9 2.1 -3.8
v 5 2.1 -3.8
v 2.5 2.1 -3.9
v 2.6 2.1 -3.9
v 2.7 2.1 -3.9
v 4.8 2.1 -3.9
v 4.9 2.1 -3.9
v 5 2.1 -3.9
v 5.1 2.1 -3.9
v 2.5 2.1 -4
v 2.6 2.1 -4
v 2.7 2.1 -4
v 2.8 2.1 -4
v 4.8 2.1 -4
v 4.9 2.1 -4
v 5 2.1 -4
v 2.5 2.1 -4.1
v 2.6 2.1 -4.1
v 2.8 2.1 -4.1
v 4.8 2.1 -4.1
v 4.9 2.1 -4.1
v 5 2.1 -4.1
v 2.5 2.1 -4.2
v 2.6 2.1 -4.2
v 2.8 2.1 -4.2
v 4.8 2.1 -4.2
v 4.9 2.1 -4.2
v 5 2.1 -4.2
v 5.1 2.1 -4.2
v 2.5 2.1 -4.3
v 2.6 2.1 -4.3
v 2.7 2.1 -4.3
v 2.8 2.1 -4.3
v 4.8 2.1 -4.3
v 4.9 2.1 -4.3
v 5 2.1 -4.3
v 5.1 2.1 -4.3
v 2.4 2.1 -4.7
v 2.5 2.1 -4.7
v 2.8 2.1 -4.7
v 2.9 2.1 -4.7
v 4.7 2.1 -4.7
v 4.8 2.1 -4.7
v 5.1 2.1 -4.7
v 5.2 2.1 -4.7
v 2.4 2.1 -4.8
v 2.5 2.1 -4.8
v 2.8 2.1 -4.8
v 2.9 2.1 -4.8
v 4.7 2.1 -4.8
v 4.8 2.1 -4.8
v 5.1 2.1 -4.8
v 5.2 2.1 -4.8
v 2.2 2.4 4.2
v 2.3 2.4 4.2
v 2.5 2.4 4.2
v 2.8 2.4 4.2
v 3 2.4 4.2
v 3.1 2.4 4.2
v 3.2 2.4 4.2
v 3.3 2.4 4.2
v 3.6 2.4 4.2
v 3.8 2.4 4.2
v 3.9 2.4 4.2
v 4 2.4 4.2
v 4.1 2.4 4.2
v 4.2 2.4 4.2
v 4.5 2.4 4.2
v 4.6 2.4 4.2
v 4.7 2.4 4.2
v 4.8 2.4 4.2
v 5.1 2.4 4.2
v 5.3 2.4 4.2
v 5.4 2.4 4.2
v 2.2 2.4 4.1
v 2.3 2.4 4.1
v 2.4 2.4 4.1
v 2.5 2.4 4.1
v 2.8 2.4 4.1
v 3 2.4 4.1
v 3.1 2.4 4.1
v 3.2 2.4 4.1
v 3.3 2.4 4.1
v 3.6 2.4 4.1
v 3.7 2.4 4.1
v 3.8 2.4 4.1
v 3.9 2.4 4.1
v 4 2.4 4.1
v 4.1 2.4 4.1
v 4.2 2.4 4.1
v 4.3 2.4 4.1
v 4.5 2.4 4.1
v 4.6 2.4 4.1
v 4.7 2.4 4.1
v 4.8 2.4 4.1
v 5.1 2.4 4.1
v 5.3 2.4 4.1
v 5.4 2.4 4.1
v 2.2 2.4 4
v 2.3 2.4 4
v 2.4 2.4 4
v 2.5 2.4 4
v 2.8 2.4 4
v 3 2.4 4
v 3.1 2.4 4
v 3.2 2.4 4
v 3.3 2.4 4
v 3.4 2.4 4
v 3.5 2.4 4
v 3.6 2.4 4
v 3.7 2.4 4
v 3.8 2.4 4
v 3.9 2.4 4
v 4 2.4 4
v 4.1 2.4 4
v 4.2 2.4 4
v 4.4 2.4 4
v 4.5 2.4 4
v 4.8 2.4 4
v 5.1 2.4 4
v 5.2 2.4 4
v 5.3 2.4 4
v 2.3 2.4 3.9
v 2.5 2.4 3.9
v 2.8 2.4 3.9
v 2.9 2.4 3.9
v 3 2.4 3.9
v 3.1 2.4 3.9
v 3.2 2.4 3.9
v 3.3 2.4 3.9
v 3.4 2.4 3.9
v 3.5 2.4 3.9
v 3.6 2.4 3.9
v 3.7 2.4 3.9
v 3.9 2.4 3.9
v 4 2.4 3.9
v 4.1 2.4 3.9
v 4.2 2.4 3.9
v 4.3 2.4 3.9
v 4.4 2.4 3.9
v 4.5 2.4 3.9
v 4.6 2.4 3.9
v 4.7 2.4 3.9
v 4.8 2.4 3.9
v 5.1 2.4 3.9
v 5.2 2.4 3.9
v 5.3 2.4 3.9
v 2.2 2.4 3.8
v 2.3 2.4 3.8
v 2.5 2.4 3.8
v 2.8 2.4 3.8
v 2.9 2.4 3.8
v 3.2 2.4 3.8
v 3.3 2.4 3.8
v 3.4 2.4 3.8
v 3.5 2.4 3.8
v 3.6 2.4 3.8
v 3.7 2.4 3.8
v 3.8 2.4 3.8
v 3.9 2.4 3.8
v 4 2.4 3.8
v 4.1 2.4 3.8
v 4.2 2.4 3.8
v 4.3 2.4 3.8
v 4.4 2.4 3.8
v 4.6 2.4 3.8
v 4.7 2.4 3.8
v 4.8 2.4 3.8
v 5.1 2.4 3.8
v 5.2 2.4 3.8
v 5.3 2.4 3.8
v 5.4 2.4 3.8
v 2.2 2.4 3.7
v 2.4 2.4 3.7
v 2.5 2.4 3.7
v 2.8 2.4 3.7
v 3 2.4 3.7
v 3.2 2.4 3.7
v 3.3 2.4 3.7
v 3.4 2.4 3.7
v 3.5 2.4 3.7
v 3.6 2.4 3.7
v 3.7 2.4 3.7
v 3.8 2.4 3.7
v 3.9 2.4 3.7
v 4 2.4 3.7
v 4.1 2.4 3.7
v 4.2 2.4 3.7
v 4.3 2.4 3.7
v 4.5 2.4 3.7
v 4.6 2.4 3.7
v 4.7 2.4 3.7
v 4.8 2.4 3.7
v 5.1 2.4 3.7
v 5.3 2.4 3.7
v 5.4 2.4 3.7
v 2.2 2.4 3.6
v 2.3 2.4 3.6
v 2.4 2.4 3.6
v 2.5 2.4 3.6
v 2.8 2.4 3.6
v 3 2.4 3.6
v 3.1 2.4 3.6
v 3.2 2.4 3.6
v 3.3 2.4 3.6
v 3.4 2.4 3.6
v 3.5 2.4 3.6
v 3.6 2.4 3.6
v 3.7 2.4 3.6
v 3.8 2.4 3.6
v 3.9 2.4 3.6
v 4 2.4 3.6
v 4.1 2.4 3.6
v 4.2 2.4 3.6
v 4.3 2.4 3.6
v 4.4 2.4 3.6
v 4.5 2.4 3.6
v 4.6 2.4 3.6
v 4.7 2.4 3.6
v 4.8 2.4 3.6
v 5.1 2.4 3.6
v 5.3 2.4 3.6
v 5.4 2.4 3.6
v 2.2 2.4 3.5
v 2.3 2.4 3.5
v 2.4 2.4 3.5
v 2.5 2.4 3.5
v 2.8 2.4 3.5
v 2.9 2.4 3.5
v 3 2.4 3.5
v 3.1 2.4 3.5
v 3.2 2.4 3.5
v 3.3 2.4 3.5
v 3.5 2.4 3.5
v 3.6 2.4 3.5
v 3.7 2.4 3.5
v 3.8 2.4 3.5
v 3.9 2.4 3.5
v 4 2.4 3.5
v 4.1 2.4 3.5
v 4.2 2.4 3.5
v 4.4 2.4 3.5
v 4.5 2.4 3.5
v 4.6 2.4 3.5
v 4.7 2.4 3.5
v 4.8 2.4 3.5
v 5.1 2.4 3.5
v 5.2 2.4 3.5
v 5.3 2.4 3.5
v 5.4 2.4 3.5
v 2.2 2.4 3.4
v 2.3 2.4 3.4
v 2.4 2.4 3.4
v 2.5 2.4 3.4
v 2.8 2.4 3.4
v 2.9 2.4 3.4
v 3 2.4 3.4
v 3.2 2.4 3.4
v 3.3 2.4 3.4
v 3.4 2.4 3.4
v 3.5 2.4 3.4
v 3.6 2.4 3.4
v 3.7 2.4 3.4
v 3.8 2.4 3.4
v 4 2.4 3.4
v 4.1 2.4 3.4
v 4.2 2.4 3.4
v 4.3 2.4 3.4
v 4.4 2.4 3.4
v 4.5 2.4 3.4
v 4.6 2.4 3.4
v 4.7 2.4 3.4
v 4.8 2.4 3.4
v 5.1 2.4 3.4
v 5.2 2.4 3.4
v 5.3 2.4 3.4
v 5.4 2.4 3.4
v 2.2 2.4 3.3
v 2.3 2.4 3.3
v 2.4 2.4 3.3
v 2.5 2.4 3.3
v 2.8 2.4 3.3
v 3 2.4 3.3
v 3.1 2.4 3.3
v 3.3 2.4 3.3
v 3.4 2.4 3.3
v 3.5 2.4 3.3
v 3.6 2.4 3.3
v 3.7 2.4 3.3
v 3.8 2.4 3.3
v 3.9 2.4 3.3
v 4 2.4 3.3
v 4.1 2.4 3.3
v 4.2 2.4 3.3
v 4.3 2.4 3.3
v 4.4 2.4 3.3
v 4.5 2.4 3.3
v 4.7 2.4 3.3
v 4.8 2.4 3.3
v 5.1 2.4 3.3
v 5.2 2.4 3.3
v 5.3 2.4 3.3
v 5.4 2.4 3.3
v 2.4 2.4 3.2
v 2.5 2.4 3.2
v 2.8 2.4 3.2
v 2.9 2.4 3.2
v 3 2.4 3.2
v 3.1 2.4 3.2
v 3.4 2.4 3.2
v 3.5 2.4 3.2
v 3.6 2.4 3.2
v 3.7 2.4 3.2
v 3.8 2.4 3.2
v 3.9 2.4 3.2
v 4 2.4 3.2
v 4.1 2.4 3.2
v 4.2 2.4 3.2
v 4.3 2.4 3.2
v 4.4 2.4 3.2
v 4.6 2.4 3.2
v 4.7 2.4 3.2
v 4.8 2.4 3.2
v 5.1 2.4 3.2
v 5.2 2.4 3.2
v 5.3 2.4 3.2
v 5.4 2.4 3.2
v 2.2 2.4 3.1
v 2.3 2.4 3.1
v 2.4 2.4 3.1
v 2.5 2.4 3.1
v 2.8 2.4 3.1
v 2.9 2.4 3.1
v 3 2.4 3.1
v 3.1 2.4 3.1
v 3.2 2.4 3.1
v 3.3 2.4 3.1
v 3.4 2.4 3.1
v 3.5 2.4 3.1
v 3.6 2.4 3.1
v 3.7 2.4 3.1
v 3.8 2.4 3.1
v 3.9 2.4 3.1
v 4 2.4 3.1
v 4.1 2.4 3.1
v 4.2 2.4 3.1
v 4.3 2.4 3.1
v 4.8 2.4 3.1
v 5.1 2.4 3.1
v 5.2 2.4 3.1
v 5.3 2.4 3.1
v 5.4 2.4 3.1
v 2.2 2.4 3
v 2.3 2.4 3
v 2.4 2.4 3
v 2.5 2.4 3
v 2.8 2.4 3
v 2.9 2.4 3
v 3 2.4 3
v 3.1 2.4 3
v 3.2 2.4 3
v 3.3 2.4 3
v 3.4 2.4 3
v 3.5 2.4 3
v 3.6 2.4 3
v 3.7 2.4 3
v 3.9 2.4 3
v 4 2.4 3
v 4.1 2.4 3
v 4.2 2.4 3
v 4.3 2.4 3
v 4.4 2.4 3
v 4.5 2.4 3
v 4.6 2.4 3
v 4.7 2.4 3
v 4.8 2.4 3
v 5.2 2.4 3
v 5.3 2.4 3
v 5.4 2.4 3
v 2.2 2.4 2.9
v 2.4 2.4 2.9
v 2.5 2.4 2.9
v 2.8 2.4 2.9
v 2.9 2.4 2.9
v 3 2.4 2.9
v 3.2 2.4 2.9
v 3.3 2.4 2.9
v 3.4 2.4 2.9
v 3.5 2.4 2.9
v 3.6 2.4 2.9
v 3.7 2.4 2.9
v 3.8 2.4 2.9
v 4 2.4 2.9
v 4.2 2.4 2.9
v 4.4 2.4 2.9
v 4.5 2.4 2.9
v 4.6 2.4 2.9
v 4.7 2.4 2.9
v 4.8 2.4 2.9
v 5.1 2.4 2.9
v 5.2 2.4 2.9
v 5.3 2.4 2.9
v 5.4 2.4 2.9
v 2.2 2.4 2.8
v 2.3 2.4 2.8
v 2.4 2.4 2.8
v 2.5 2.4 2.8
v 2.8 2.4 2.8
v 2.9 2.4 2.8
v 3 2.4 2.8
v 3.1 2.4 2.8
v 3.2 2.4 2.8
v 3.3 2.4 2.8
v 3.4 2.4 2.8
v 3.5 2.4 2.8
v 3.7 2.4 2.8
v 3.8 2.4 2.8
v 3.9 2.4 2.8
v 4 2.4 2.8
v 4.1 2.4 2.8
v 4.3 2.4 2.8
v 4.5 2.4 2.8
v 4.6 2.4 2.8
v 4.7 2.4 2.8
v 4.8 2.4 2.8
v 5.1 2.4 2.8
v 5.2 2.4 2.8
v 5.3 2.4 2.8
v 5.4 2.4 2.8
v 2.2 2.4 2.7
v 2.3 2.4 2.7
v 2.4 2.4 2.7
v 2.5 2.4 2.7
v 2.8 2.4 2.7
v 2.9 2.4 2.7
v 3 2.4 2.7
v 3.1 2.4 2.7
v 3.2 2.4 2.7
v 3.3 2.4 2.7
v 3.4 2.4 2.7
v 3.5 2.4 2.7
v 3.6 2.4 2.7
v 3.7 2.4 2.7
v 3.8 2.4 2.7
v 3.9 2.4 2.7
v 4 2.4 2.7
v 4.1 2.4 2.7
v 4.2 2.4 2.7
v 4.3 2.4 2.7
v 4.4 2.4 2.7
v 4.5 2.4 2.7
v 4.6 2.4 2.7
v 4.7 2.4 2.7
v 4.8 2.4 2.7
v 5.1 2.4 2.7
v 5.2 2.4 2.7
v 5.3 2.4 2.7
v 5.4 2.4 2.7
v 2.2 2.4 2.6
v 2.3 2.4 2.6
v 2.5 2.4 2.6
v 2.8 2.4 2.6
v 2.9 2.4 2.6
v 3 2.4 2.6
v 3.1 2.4 2.6
v 3.2 2.4 2.6
v 3.3 2.4 2.6
v 3.4 2.4 2.6
v 3.5 2.4 2.6
v 3.6 2.4 2.6
v 3.7 2.4 2.6
v 3.8 2.4 2.6
v 3.9 2.4 2.6
v 4 2.4 2.6
v 4.1 2.4 2.6
v 4.2 2.4 2.6
v 4.3 2.4 2.6
v 4.4 2.4 2.6
v 4.5 2.4 2.6
v 4.6 2.4 2.6
v 4.7 2.4 2.6
v 4.8 2.4 2.6
v 5.1 2.4 2.6
v 5.2 2.4 2.6
v 5.3 2.4 2.6
v 5.4 2.4 2.6
v 2.3 2.4 2.5
v 2.4 2.4 2.5
v 2.5 2.4 2.5
v 2.8 2.4 2.5
v 2.9 2.4 2.5
v 3 2.4 2.5
v 3.1 2.4 2.5
v 3.2 2.4 2.5
v 3.3 2.4 2.5
v 3.4 2.4 2.5
v 3.6 2.4 2.5
v 3.7 2.4 2.5
v 3.8 2.4 2.5
v 3.9 2.4 2.5
v 4 2.4 2.5
v 4.1 2.4 2.5
v 4.2 2.4 2.5
v 4.4 2.4 2.5
v 4.5 2.4 2.5
v 4.6 2.4 2.5
v 4.8 2.4 2.5
v 5.1 2.4 2.5
v 5.3 2.4 2.5
v 5.4 2.4 2.5
v 2.2 2.4 2.4
v 2.3 2.4 2.4
v 2.4 2.4 2.4
v 2.5 2.4 2.4
v 2.8 2.4 2.4
v 2.9 2.4 2.4
v 3 2.4 2.4
v 3.1 2.4 2.4
v 3.2 2.4 2.4
v 3.3 2.4 2.4
v 3.4 2.4 2.4
v 3.5 2.4 2.4
v 3.6 2.4 2.4
v 3.7 2.4 2.4
v 3.8 2.4 2.4
v 3.9 2.4 2.4
v 4 2.4 2.4
v 4.1 2.4 2.4
v 4.2 2.4 2.4
v 4.4 2.4 2.4
v 4.6 2.4 2.4
v 4.7 2.4 2.4
v 4.8 2.4 2.4
v 5.1 2.4 2.4
v 5.2 2.4 2.4
v 5.3 2.4 2.4
v 5.4 2.4 2.4
v 2.2 2.4 2.3
v 2.3 2.4 2.3
v 2.4 2.4 2.3
v 2.5 2.4 2.3
v 2.8 2.4 2.3
v 3 2.4 2.3
v 3.1 2.4 2.3
v 3.2 2.4 2.3
v 3.3 2.4 2.3
v 3.4 2.4 2.3
v 3.5 2.4 2.3
v 3.6 2.4 2.3
v 3.8 2.4 2.3
v 3.9 2.4 2.3
v 4 2.4 2.3
v 4.1 2.4 2.3
v 4.2 2.4 2.3
v 4.3 2.4 2.3
v 4.4 2.4 2.3
v 4.5 2.4 2.3
v 4.6 2.4 2.3
v 4.7 2.4 2.3
v 4.8 2.4 2.3
v 5.1 2.4 2.3
v 5.2 2.4 2.3
v 5.3 2.4 2.3
v 5.4 2.4 2.3
v 2.2 2.4 2.2
v 2.3 2.4 2.2
v 2.4 2.4 2.2
v 2.5 2.4 2.2
v 2.8 2.4 2.2
v 3 2.4 2.2
v 3.1 2.4 2.2
v 3.2 2.4 2.2
v 3.3 2.4 2.2
v 3.5 2.4 2.2
v 3.7 2.4 2.2
v 3.8 2.4 2.2
v 3.9 2.4 2.2
v 4 2.4 2.2
v 4.1 2.4 2.2
v 4.2 2.4 2.2
v 4.3 2.4 2.2
v 4.4 2.4 2.2
v 4.5 2.4 2.2
v 4.6 2.4 2.2
v 4.7 2.4 2.2
v 4.8 2.4 2.2
v 5.1 2.4 2.2
v 5.2 2.4 2.2
v 5.3 2.4 2.2
v 5.4 2.4 2.2
v 2.2 2.4 2.1
v 2.3 2.4 2.1
v 2.4 2.4 2.1
v 2.5 2.4 2.1
v 2.8 2.4 2.1
v 2.9 2.4 2.1
v 3 2.4 2.1
v 3.1 2.4 2.1
v 3.2 2.4 2.1
v 3.3 2.4 2.1
v 3.4 2.4 2.1
v 3.5 2.4 2.1
v 3.6 2.4 2.1
v 3.7 2.4 2.1
v 3.8 2.4 2.1
v 3.9 2.4 2.1
v 4.1 2.4 2.1
v 4.2 2.4 2.1
v 4.3 2.4 2.1
v 4.5 2.4 2.1
v 4.6 2.4 2.1
v 4.8 2.4 2.1
v 5.1 2.4 2.1
v 5.2 2.4 2.1
v 5.3 2.4 2.1
v 5.4 2.4 2.1
v 2.2 2.4 2
v 2.3 2.4 2
v 2.4 2.4 2
v 2.5 2.4 2
v 2.8 2.4 2
v 2.9 2.4 2
v 3.1 2.4 2
v 3.2 2.4 2
v 3.4 2.4 2
v 3.5 2.4 2
v 3.6 2.4 2
v 3.7 2.4 2
v 3.9 2.4 2
v 4 2.4 2
v 4.1 2.4 2
v 4.2 2.4 2
v 4.3 2.4 2
v 4.5 2.4 2
v 4.8 2.4 2
v 5.1 2.4 2
v 5.2 2.4 2
v 5.3 2.4 2
v 5.4 2.4 2
v 2.2 2.4 1.9
v 2.3 2.4 1.9
v 2.4 2.4 1.9
v 2.5 2.4 1.9
v 2.8 2.4 1.9
v 2.9 2.4 1.9
v 3 2.4 1.9
v 3.1 2.4 1.9
v 3.3 2.4 1.9
v 3.5 2.4 1.9
v 3.6 2.4 1.9
v 3.7 2.4 1.9
v 3.8 2.4 1.9
v 4.1 2.4 1.9
v 4.2 2.4 1.9
v 4.3 2.4 1.9
v 4.4 2.4 1.9
v 4.5 2.4 1.9
v 4.6 2.4 1.9
v 4.7 2.4 1.9
v 4.8 2.4 1.9
v 5.1 2.4 1.9
v 5.2 2.4 1.9
v 5.3 2.4 1.9
v 5.4 2.4 1.9
v 2.2 2.4 1.8
v 2.3 2.4 1.8
v 2.4 2.4 1.8
v 2.5 2.4 1.8
v 2.8 2.4 1.8
v 2.9 2.4 1.8
v 3 2.4 1.8
v 3.1 2.4 1.8
v 3.3 2.4 1.8
v 3.5 2.4 1.8
v 3.6 2.4 1.8
v 3.7 2.4 1.8
v 3.8 2.4 1.8
v 4 2.4 1.8
v 4.1 2.4 1.8
v 4.2 2.4 1.8
v 4.3 2.4 1.8
v 4.4 2.4 1.8
v 4.5 2.4 1.8
v 4.6 2.4 1.8
v 4.8 2.4 1.8
v 2.2 2.4 1.7
v 2.3 2.4 1.7
v 2.4 2.4 1.7
v 2.5 2.4 1.7
v 2.8 2.4 1.7
v 3.1 2.4 1.7
v 3.2 2.4 1.7
v 3.3 2.4 1.7
v 3.6 2.4 1.7
v 3.7 2.4 1.7
v 3.8 2.4 1.7
v 3.9 2.4 1.7
v 4 2.4 1.7
v 4.1 2.4 1.7
v 4.2 2.4 1.7
v 4.3 2.4 1.7
v 4.4 2.4 1.7
v 4.5 2.4 1.7
v 4.6 2.4 1.7
v 4.7 2.4 1.7
v 4.8 2.4 1.7
v 5.1 2.4 1.7
v 5.2 2.4 1.7
v 5.3 2.4 1.7
v 5.4 2.4 1.7
v 2.3 2.4 1.6
v 2.4 2.4 1.6
v 2.5 2.4 1.6
v 2.8 2.4 1.6
v 2.9 2.4 1.6
v 3 2.4 1.6
v 3.1 2.4 1.6
v 3.2 2.4 1.6
v 3.3 2.4 1.6
v 3.4 2.4 1.6
v 3.5 2.4 1.6
v 3.6 2.4 1.6
v 3.7 2.4 1.6
v 3.8 2.4 1.6
v 3.9 2.4 1.6
v 4 2.4 1.6
v 4.1 2.4 1.6
v 4.2 2.4 1.6
v 4.3 2.4 1.6
v 4.4 2.4 1.6
v 4.5 2.4 1.6
v 4.6 2.4 1.6
v 4.7 2.4 1.6
v 4.8 2.4 1.6
v 5.1 2.4 1.6
v 5.2 2.4 1.6
v 5.3 2.4 1.6
v 5.4 2.4 1.6
v 2.2 2.4 1.5
v 2.3 2.4 1.5
v 2.4 2.4 1.5
v 2.8 2.4 1.5
v 2.9 2.4 1.5
v 3 2.4 1.5
v 3.1 2.4 1.5
v 3.2 2.4 1.5
v 3.3 2.4 1.5
v 3.4 2.4 1.5
v 3.5 2.4 1.5
v 3.6 2.4 1.5
v 3.7 2.4 1.5
v 3.8 2.4 1.5
v 3.9 2.4 1.5
v 4 2.4 1.5
v 4.1 2.4 1.5
v 4.2 2.4 1.5
v 4.3 2.4 1.5
v 4.5 2.4 1.5
v 4.6 2.4 1.5
v 4.8 2.4 1.5
v 5.2 2.4 1.5
v 5.3 2.4 1.5
v 5.4 2.4 1.5
v 2.3 2.4 1.4
v 2.4 2.4 1.4
v 2.5 2.4 1.4
v 2.9 2.4 1.4
v 3 2.4 1.4
v 3.1 2.4 1.4
v 3.2 2.4 1.4
v 3.3 2.4 1.4
v 3.4 2.4 1.4
v 3.5 2.4 1.4
v 3.6 2.4 1.4
v 3.7 2.4 1.4
v 3.8 2.4 1.4
v 3.9 2.4 1.4
v 4 2.4 1.4
v 4.1 2.4 1.4
v 4.2 2.4 1.4
v 4.3 2.4 1.4
v 4.4 2.4 1.4
v 4.5 2.4 1.4
v 4.6 2.4 1.4
v 4.7 2.4 1.4
v 4.8 2.4 1.4
v 5.1 2.4 1.4
v 5.2 2.4 1.4
v 5.3 2.4 1.4
v 5.4 2.4 1.4
v 2.2 2.4 1.3
v 2.3 2.4 1.3
v 2.4 2.4 1.3
v 2.5 2.4 1.3
v 2.8 2.4 1.3
v 2.9 2.4 1.3
v 3 2.4 1.3
v 3.1 2.4 1.3
v 3.2 2.4 1.3
v 3.3 2.4 1.3
v 3.4 2.4 1.3
v 3.5 2.4 1.3
v 3.6 2.4 1.3
v 3.7 2.4 1.3
v 3.8 2.4 1.3
v 3.9 2.4 1.3
v 4 2.4 1.3
v 4.1 2.4 1.3
v 4.2 2.4 1.3
v 4.3 2.4 1.3
v 4.4 2.4 1.3
v 4.5 2.4 1.3
v 4.7 2.4 1.3
v 4.8 2.4 1.3
v 5.1 2.4 1.3
v 5.2 2.4 1.3
v 5.3 2.4 1.3
v 5.4 2.4 1.3
v 2.2 2.4 1.2
v 2.3 2.4 1.2
v 2.5 2.4 1.2
v 2.8 2.4 1.2
v 2.9 2.4 1.2
v 3.2 2.4 1.2
v 3.3 2.4 1.2
v 3.4 2.4 1.2
v 3.5 2.4 1.2
v 3.6 2.4 1.2
v 3.7 2.4 1.2
v 3.8 2.4 1.2
v 3.9 2.4 1.2
v 4 2.4 1.2
v 4.1 2.4 1.2
v 4.2 2.4 1.2
v 4.3 2.4 1.2
v 4.4 2.4 1.2
v 4.5 2.4 1.2
v 4.6 2.4 1.2
v 4.7 2.4 1.2
v 4.8 2.4 1.2
v 5.1 2.4 1.2
v 5.2 2.4 1.2
v 5.3 2.4 1.2
v 2.2 2.4 1.1
v 2.3 2.4 1.1
v 2.5 2.4 1.1
v 2.8 2.4 1.1
v 2.9 2.4 1.1
v 3 2.4 1.1
v 3.1 2.4 1.1
v 3.2 2.4 1.1
v 3.3 2.4 1.1
v 3.5 2.4 1.1
v 3.6 2.4 1.1
v 3.7 2.4 1.1
v 3.8 2.4 1.1
v 3.9 2.4 1.1
v 4 2.4 1.1
v 4.1 2.4 1.1
v 4.2 2.4 1.1
v 4.4 2.4 1.1
v 4.5 2.4 1.1
v 4.6 2.4 1.1
v 4.8 2.4 1.1
v 5.1 2.4 1.1
v 5.2 2.4 1.1
v 5.3 2.4 1.1
v 5.4 2.4 1.1
v 2.2 2.4 1
v 2.3 2.4 1
v 2.4 2.4 1
v 2.5 2.4 1
v 2.8 2.4 1
v 2.9 2.4 1
v 3 2.4 1
v 3.1 2.4 1
v 3.2 2.4 1
v 3.4 2.4 1
v 3.5 2.4 1
v 3.6 2.4 1
v 3.8 2.4 1
v 4 2.4 1
v 4.2 2.4 1
v 4.3 2.4 1
v 4.4 2.4 1
v 4.6 2.4 1
v 4.8 2.4 1
v 5.1 2.4 1
v 5.2 2.4 1
v 5.3 2.4 1
v 5.4 2.4 1
v 2.2 2.4 0.9
v 2.3 2.4 0.9
v 2.4 2.4 0.9
v 2.8 2.4 0.9
v 2.9 2.4 0.9
v 3 2.4 0.9
v 3.3 2.4 0.9
v 3.4 2.4 0.9
v 3.5 2.4 0.9
v 3.6 2.4 0.9
v 3.8 2.4 0.9
v 3.9 2.4 0.9
v 4 2.4 0.9
v 4.1 2.4 0.9
v 4.2 2.4 0.9
v 4.3 2.4 0.9
v 4.4 2.4 0.9
v 4.5 2.4 0.9
v 4.6 2.4 0.9
v 4.8 2.4 0.9
v 5.1 2.4 0.9
v 5.2 2.4 0.9
v 5.3 2.4 0.9
v 2.2 2.4 0.8
v 2.3 2.4 0.8
v 2.4 2.4 0.8
v 2.5 2.4 0.8
v 2.8 2.4 0.8
v 2.9 2.4 0.8
v 3 2.4 0.8
v 3.1 2.4 0.8
v 3.2 2.4 0.8
v 3.3 2.4 0.8
v 3.4 2.4 0.8
v 3.5 2.4 0.8
v 3.6 2.4 0.8
v 3.7 2.4 0.8
v 3.9 2.4 0.8
v 4 2.4 0.8
v 4.1 2.4 0.8
v 4.2 2.4 0.8
v 4.3 2.4 0.8
v 4.4 2.4 0.8
v 4.5 2.4 0.8
v 4.6 2.4 0.8
v 4.7 2.4 0.8
v 4.8 2.4 0.8
v 5.1 2.4 0.8
v 5.2 2.4 0.8
v 5.3 2.4 0.8
v 5.4 2.4 0.8
v 2.2 2.4 0.7
v 2.3 2.4 0.7
v 2.4 2.4 0.7
v 2.5 2.4 0.7
v 2.8 2.4 0.7
v 2.9 2.4 0.7
v 3 2.4 0.7
v 3.1 2.4 0.7
v 3.2 2.4 0.7
v 3.3 2.4 0.7
v 3.4 2.4 0.7
v 3.5 2.4 0.7
v 3.6 2.4 0.7
v 3.7 2.4 0.7
v 3.9 2.4 0.7
v 4 2.4 0.7
v 4.1 2.4 0.7
v 4.2 2.4 0.7
v 4.3 2.4 0.7
v 4.4 2.4 0.7
v 4.5 2.4 0.7
v 4.6 2.4 0.7
v 4.7 2.4 0.7
v 4.8 2.4 0.7
v 5.1 2.4 0.7
v 5.2 2.4 0.7
v 5.3 2.4 0.7
v 5.4 2.4 0.7
v 2.2 2.4 0.6
v 2.3 2.4 0.6
v 2.4 2.4 0.6
v 2.5 2.4 0.6
v 2.8 2.4 0.6
v 2.9 2.4 0.6
v 3 2.4 0.6
v 3.1 2.4 0.6
v 3.2 2.4 0.6
v 3.3 2.4 0.6
v 3.4 2.4 0.6
v 3.5 2.4 0.6
v 3.7 2.4 0.6
v 3.8 2.4 0.6
v 3.9 2.4 0.6
v 4 2.4 0.6
v 4.1 2.4 0.6
v 4.2 2.4 0.6
v 4.3 2.4 0.6
v 4.4 2.4 0.6
v 4.5 2.4 0.6
v 4.6 2.4 0.6
v 4.7 2.4 0.6
v 4.8 2.4 0.6
v 5.1 2.4 0.6
v 5.3 2.4 0.6
v 5.4 2.4 0.6
v 2.2 2.4 0.5
v 2.4 2.4 0.5
v 2.8 2.4 0.5
v 2.9 2.4 0.5
v 3 2.4 0.5
v 3.1 2.4 0.5
v 3.2 2.4 0.5
v 3.3 2.4 0.5
v 3.4 2.4 0.5
v 3.5 2.4 0.5
v 3.7 2.4 0.5
v 3.8 2.4 0.5
v 3.9 2.4 0.5
v 4 2.4 0.5
v 4.1 2.4 0.5
v 4.2 2.4 0.5
v 4.3 2.4 0.5
v 4.4 2.4 0.5
v 4.5 2.4 0.5
v 4.6 2.4 0.5
v 4.7 2.4 0.5
v 4.8 2.4 0.5
v 5.1 2.4 0.5
v 5.2 2.4 0.5
v 5.3 2.4 0.5
v 5.4 2.4 0.5
v 2.3 2.4 0.4
v 2.4 2.4 0.4
v 2.5 2.4 0.4
v 2.8 2.4 0.4
v 2.9 2.4 0.4
v 3 2.4 0.4
v 3.1 2.4 0.4
v 3.2 2.4 0.4
v 3.3 2.4 0.4
v 3.4 2.4 0.4
v 3.5 2.4 0.4
v 3.6 2.4 0.4
v 3.7 2.4 0.4
v 3.8 2.4 0.4
v 3.9 2.4 0.4
v 4 2.4 0.4
v 4.1 2.4 0.4
v 4.2 2.4 0.4
v 4.3 2.4 0.4
v 4.4 2.4 0.4
v 4.5 2.4 0.4
v 4.6 2.4 0.4
v 4.7 2.4 0.4
v 4.8 2.4 0.4
v 5.3 2.4 0.4
v 5.4 2.4 0.4
v 2.8 2.4 0.3
v 3 2.4 0.3
v 3.2 2.4 0.3
v 3.4 2.4 0.3
v 3.5 2.4 0.3
v 3.6 2.4 0.3
v 3.7 2.4 0.3
v 3.8 2.4 0.3
v 3.9 2.4 0.3
v 4 2.4 0.3
v 4.1 2.4 0.3
v 4.2 2.4 0.3
v 4.3 2.4 0.3
v 4.4 2.4 0.3
v 4.5 2.4 0.3
v 4.6 2.4 0.3
v 4.8 2.4 0.3
v 5.2 2.4 0.3
v 5.3 2.4 0.3
v 5.4 2.4 0.3
v 2.2 2.4 0.2
v 2.3 2.4 0.2
v 2.5 2.4 0.2
v 2.8 2.4 0.2
v 3 2.4 0.2
v 3.3 2.4 0.2
v 3.4 2.4 0.2
v 3.6 2.4 0.2
v 3.8 2.4 0.2
v 3.9 2.4 0.2
v 4 2.4 0.2
v 4.1 2.4 0.2
v 4.2 2.4 0.2
v 4.3 2.4 0.2
v 4.4 2.4 0.2
v 4.5 2.4 0.2
v 4.6 2.4 0.2
v 4.8 2.4 0.2
v 5.1 2.4 0.2
v 5.2 2.4 0.2
v 5.3 2.4 0.2
v 5.4 2.4 0.2
v 2.2 2.4 0.0999999
v 2.4 2.4 0.0999999
v 2.5 2.4 0.0999999
v 2.8 2.4 0.0999999
v 2.9 2.4 0.0999999
v 3.2 2.4 0.0999999
v 3.3 2.4 0.0999999
v 3.4 2.4 0.0999999
v 3.5 2.4 0.0999999
v 3.6 2.4 0.0999999
v 3.7 2.4 0.0999999
v 4.2 2.4 0.0999999
v 4.3 2.4 0.0999999
v 4.4 2.4 0.0999999
v 4.8 2.4 0.0999999
v 5.1 2.4 0.0999999
v 5.2 2.4 0.0999999
v 5.4 2.4 0.0999999
v 2.2 2.4 0
v 2.3 2.4 0
v 2.4 2.4 0
v 2.5 2.4 0
v 2.8 2.4 0
v 2.9 2.4 0
v 3 2.4 0
v 3.1 2.4 0
v 3.2 2.4 0
v 3.3 2.4 0
v 3.4 2.4 0
v 3.5 2.4 0
v 3.7 2.4 0
v 3.8 2.4 0
v 3.9 2.4 0
v 4 2.4 0
v 4.2 2.4 0
v 4.3 2.4 0
v 4.4 2.4 0
v 4.6 2.4 0
v 4.8 2.4 0
v 5.1 2.4 0
v 5.2 2.4 0
v 5.4 2.4 0
v 2.2 2.4 -0.0999999
v 2.3 2.4 -0.0999999
v 2.4 2.4 -0.0999999
v 2.5 2.4 -0.0999999
v 2.8 2.4 -0.0999999
v 2.9 2.4 -0.0999999
v 3 2.4 -0.0999999
v 3.1 2.4 -0.0999999
v 3.2 2.4 -0.0999999
v 3.3 2.4 -0.0999999
v 3.4 2.4 -0.0999999
v 3.5 2.4 -0.0999999
v 3.6 2.4 -0.0999999
v 3.7 2.4 -0.0999999
v 3.8 2.4 -0.0999999
v 3.9 2.4 -0.0999999
v 4 2.4 -0.0999999
v 4.1 2.4 -0.0999999
v 4.2 2.4 -0.0999999
v 4.3 2.4 -0.0999999
v 4.4 2.4 -0.0999999
v 4.5 2.4 -0.0999999
v 4.6 2.4 -0.0999999
v 4.7 2.4 -0.0999999
v 4.8 2.4 -0.0999999
v 5.2 2.4 -0.0999999
v 5.3 2.4 -0.0999999
v 5.4 2.4 -0.0999999
v 2.3 2.4 -0.2
v 2.4 2.4 -0.2
v 2.5 2.4 -0.2
v 2.8 2.4 -0.2
v 2.9 2.4 -0.2
v 3 2.4 -0.2
v 3.1 2.4 -0.2
v 3.2 2.4 -0.2
v 3.3 2.4 -0.2
v 3.4 2.4 -0.2
v 3.5 2.4 -0.2
v 3.6 2.4 -0.2
v 3.7 2.4 -0.2
v 3.8 2.4 -0.2
v 3.9 2.4 -0.2
v 4 2.4 -0.2
v 4.1 2.4 -0.2
v 4.2 2.4 -0.2
v 4.3 2.4 -0.2
v 4.4 2.4 -0.2
v 4.5 2.4 -0.2
v 4.6 2.4 -0.2
v 4.7 2.4 -0.2
v 4.8 2.4 -0.2
v 5.1 2.4 -0.2
v 5.2 2.4 -0.2
v 2.3 2.4 -0.3
v 2.4 2.4 -0.3
v 2.5 2.4 -0.3
v 2.8 2.4 -0.3
v 2.9 2.4 -0.3
v 3 2.4 -0.3
v 3.2 2.4 -0.3
v 3.3 2.4 -0.3
v 3.4 2.4 -0.3
v 3.8 2.4 -0.3
v 3.9 2.4 -0.3
v 4.2 2.4 -0.3
v 4.3 2.4 -0.3
v 4.4 2.4 -0.3
v 4.5 2.4 -0.3
v 4.6 2.4 -0.3
v 4.7 2.4 -0.3
v 4.8 2.4 -0.3
v 5.1 2.4 -0.3
v 5.2 2.4 -0.3
v 2.2 2.4 -0.4
v 2.3 2.4 -0.4
v 2.4 2.4 -0.4
v 2.5 2.4 -0.4
v 2.8 2.4 -0.4
v 2.9 2.4 -0.4
v 3.1 2.4 -0.4
v 3.2 2.4 -0.4
v 3.3 2.4 -0.4
v 3.4 2.4 -0.4
v 3.5 2.4 -0.4
v 3.6 2.4 -0.4
v 3.7 2.4 -0.4
v 3.8 2.4 -0.4
v 3.9 2.4 -0.4
v 4 2.4 -0.4
v 4.1 2.4 -0.4
v 4.2 2.4 -0.4
v 4.3 2.4 -0.4
v 4.4 2.4 -0.4
v 4.5 2.4 -0.4
v 4.6 2.4 -0.4
v 4.7 2.4 -0.4
v 4.8 2.4 -0.4
v 5.1 2.4 -0.4
v 5.2 2.4 -0.4
v 2.2 2.4 -0.5
v 2.3 2.4 -0.5
v 2.4 2.4 -0.5
v 2.5 2.4 -0.5
v 2.8 2.4 -0.5
v 2.9 2.4 -0.5
v 3 2.4 -0.5
v 3.1 2.4 -0.5
v 3.4 2.4 -0.5
v 3.5 2.4 -0.5
v 3.6 2.4 -0.5
v 3.7 2.4 -0.5
v 3.8 2.4 -0.5
v 3.9 2.4 -0.5
v 4 2.4 -0.5
v 4.1 2.4 -0.5
v 4.2 2.4 -0.5
v 4.3 2.4 -0.5
v 4.4 2.4 -0.5
v 4.6 2.4 -0.5
v 4.7 2.4 -0.5
v 4.8 2.4 -0.5
v 5.1 2.4 -0.5
v 2.2 2.4 -0.6
v 2.3 2.4 -0.6
v 2.4 2.4 -0.6
v 2.5 2.4 -0.6
v 2.8 2.4 -0.6
v 2.9 2.4 -0.6
v 3 2.4 -0.6
v 3.1 2.4 -0.6
v 3.3 2.4 -0.6
v 3.4 2.4 -0.6
v 3.5 2.4 -0.6
v 3.6 2.4 -0.6
v 3.8 2.4 -0.6
v 4 2.4 -0.6
v 4.1 2.4 -0.6
v 4.2 2.4 -0.6
v 4.3 2.4 -0.6
v 4.4 2.4 -0.6
v 4.6 2.4 -0.6
v 4.7 2.4 -0.6
v 4.8 2.4 -0.6
v 5.1 2.4 -0.6
v 5.2 2.4 -0.6
v 5.3 2.4 -0.6
v 5.4 2.4 -0.6
v 2.2 2.4 -0.7
v 2.3 2.4 -0.7
v 2.4 2.4 -0.7
v 2.5 2.4 -0.7
v 2.8 2.4 -0.7
v 2.9 2.4 -0.7
v 3 2.4 -0.7
v 3.2 2.4 -0.7
v 3.3 2.4 -0.7
v 3.4 2.4 -0.7
v 3.5 2.4 -0.7
v 3.6 2.4 -0.7
v 3.7 2.4 -0.7
v 3.8 2.4 -0.7
v 4 2.4 -0.7
v 4.1 2.4 -0.7
v 4.2 2.4 -0.7
v 4.4 2.4 -0.7
v 4.6 2.4 -0.7
v 4.7 2.4 -0.7
v 4.8 2.4 -0.7
v 5.1 2.4 -0.7
v 5.2 2.4 -0.7
v 5.3 2.4 -0.7
v 5.4 2.4 -0.7
v 2.2 2.4 -0.8
v 2.3 2.4 -0.8
v 2.5 2.4 -0.8
v 2.8 2.4 -0.8
v 2.9 2.4 -0.8
v 3 2.4 -0.8
v 3.1 2.4 -0.8
v 3.2 2.4 -0.8
v 3.7 2.4 -0.8
v 3.8 2.4 -0.8
v 3.9 2.4 -0.8
v 4 2.4 -0.8
v 4.1 2.4 -0.8
v 4.2 2.4 -0.8
v 4.3 2.4 -0.8
v 4.5 2.4 -0.8
v 4.6 2.4 -0.8
v 4.8 2.4 -0.8
v 5.1 2.4 -0.8
v 5.2 2.4 -0.8
v 5.3 2.4 -0.8
v 5.4 2.4 -0.8
v 2.2 2.4 -0.9
v 2.3 2.4 -0.9
v 2.5 2.4 -0.9
v 2.8 2.4 -0.9
v 3.1 2.4 -0.9
v 3.2 2.4 -0.9
v 3.3 2.4 -0.9
v 3.5 2.4 -0.9
v 3.6 2.4 -0.9
v 3.7 2.4 -0.9
v 3.8 2.4 -0.9
v 3.9 2.4 -0.9
v 4 2.4 -0.9
v 4.1 2.4 -0.9
v 4.2 2.4 -0.9
v 4.3 2.4 -0.9
v 4.4 2.4 -0.9
v 4.5 2.4 -0.9
v 4.6 2.4 -0.9
v 4.7 2.4 -0.9
v 4.8 2.4 -0.9
v 5.1 2.4 -0.9
v 5.2 2.4 -0.9
v 5.3 2.4 -0.9
v 5.4 2.4 -0.9
v 2.2 2.4 -1
v 2.3 2.4 -1
v 2.4 2.4 -1
v 2.5 2.4 -1
v 2.8 2.4 -1
v 2.9 2.4 -1
v 3 2.4 -1
v 3.2 2.4 -1
v 3.3 2.4 -1
v 3.4 2.4 -1
v 3.5 2.4 -1
v 3.6 2.4 -1
v 3.7 2.4 -1
v 3.8 2.4 -1
v 3.9 2.4 -1
v 4.1 2.4 -1
v 4.2 2.4 -1
v 4.3 2.4 -1
v 4.4 2.4 -1
v 4.5 2.4 -1
v 4.6 2.4 -1
v 4.7 2.4 -1
v 4.8 2.4 -1
v 5.1 2.4 -1
v 5.2 2.4 -1
v 5.3 2.4 -1
v 5.4 2.4 -1
v 2.3 2.4 -1.1
v 2.4 2.4 -1.1
v 2.5 2.4 -1.1
v 2.8 2.4 -1.1
v 2.9 2.4 -1.1
v 3 2.4 -1.1
v 3.1 2.4 -1.1
v 3.2 2.4 -1.1
v 3.3 2.4 -1.1
v 3.4 2.4 -1.1
v 3.5 2.4 -1.1
v 3.7 2.4 -1.1
v 4 2.4 -1.1
v 4.1 2.4 -1.1
v 4.2 2.4 -1.1
v 4.3 2.4 -1.1
v 4.4 2.4 -1.1
v 4.5 2.4 -1.1
v 4.6 2.4 -1.1
v 4.8 2.4 -1.1
v 5.1 2.4 -1.1
v 5.2 2.4 -1.1
v 5.3 2.4 -1.1
v 5.4 2.4 -1.1
v 2.2 2.4 -1.2
v 2.5 2.4 -1.2
v 2.8 2.4 -1.2
v 2.9 2.4 -1.2
v 3 2.4 -1.2
v 3.1 2.4 -1.2
v 3.2 2.4 -1.2
v 3.3 2.4 -1.2
v 3.4 2.4 -1.2
v 3.5 2.4 -1.2
v 3.6 2.4 -1.2
v 3.8 2.4 -1.2
v 3.9 2.4 -1.2
v 4 2.4 -1.2
v 4.1 2.4 -1.2
v 4.3 2.4 -1.2
v 4.4 2.4 -1.2
v 4.5 2.4 -1.2
v 4.6 2.4 -1.2
v 4.7 2.4 -1.2
v 4.8 2.4 -1.2
v 5.1 2.4 -1.2
v 5.2 2.4 -1.2
v 5.3 2.4 -1.2
v 5.4 2.4 -1.2
v 2.2 2.4 -1.3
v 2.3 2.4 -1.3
v 2.4 2.4 -1.3
v 2.5 2.4 -1.3
v 2.8 2.4 -1.3
v 2.9 2.4 -1.3
v 3 2.4 -1.3
v 3.1 2.4 -1.3
v 3.2 2.4 -1.3
v 3.3 2.4 -1.3
v 3.4 2.4 -1.3
v 3.5 2.4 -1.3
v 3.6 2.4 -1.3
v 3.7 2.4 -1.3
v 3.8 2.4 -1.3
v 3.9 2.4 -1.3
v 4.1 2.4 -1.3
v 4.2 2.4 -1.3
v 4.3 2.4 -1.3
v 4.6 2.4 -1.3
v 4.7 2.4 -1.3
v 5.1 2.4 -1.3
v 5.3 2.4 -1.3
v 5.4 2.4 -1.3
v 2.2 2.4 -1.4
v 2.3 2.4 -1.4
v 2.4 2.4 -1.4
v 2.5 2.4 -1.4
v 2.9 2.4 -1.4
v 3 2.4 -1.4
v 3.1 2.4 -1.4
v 3.2 2.4 -1.4
v 3.3 2.4 -1.4
v 3.4 2.4 -1.4
v 3.5 2.4 -1.4
v 3.6 2.4 -1.4
v 3.7 2.4 -1.4
v 3.8 2.4 -1.4
v 3.9 2.4 -1.4
v 4 2.4 -1.4
v 4.1 2.4 -1.4
v 4.2 2.4 -1.4
v 4.3 2.4 -1.4
v 4.4 2.4 -1.4
v 4.6 2.4 -1.4
v 4.7 2.4 -1.4
v 4.8 2.4 -1.4
v 5.1 2.4 -1.4
v 5.2 2.4 -1.4
v 5.3 2.4 -1.4
v 5.4 2.4 -1.4
v 2.2 2.4 -1.5
v 2.3 2.4 -1.5
v 2.5 2.4 -1.5
v 2.8 2.4 -1.5
v 2.9 2.4 -1.5
v 3 2.4 -1.5
v 3.1 2.4 -1.5
v 3.2 2.4 -1.5
v 3.3 2.4 -1.5
v 3.4 2.4 -1.5
v 3.5 2.4 -1.5
v 3.6 2.4 -1.5
v 3.7 2.4 -1.5
v 3.8 2.4 -1.5
v 3.9 2.4 -1.5
v 4 2.4 -1.5
v 4.1 2.4 -1.5
v 4.2 2.4 -1.5
v 4.5 2.4 -1.5
v 4.6 2.4 -1.5
v 4.7 2.4 -1.5
v 4.8 2.4 -1.5
v 5.1 2.4 -1.5
v 5.2 2.4 -1.5
v 5.4 2.4 -1.5
v 2.2 2.4 -1.6
v 2.3 2.4 -1.6
v 2.4 2.4 -1.6
v 2.5 2.4 -1.6
v 2.8 2.4 -1.6
v 3 2.4 -1.6
v 3.1 2.4 -1.6
v 3.2 2.4 -1.6
v 3.3 2.4 -1.6
v 3.5 2.4 -1.6
v 3.6 2.4 -1.6
v 3.8 2.4 -1.6
v 3.9 2.4 -1.6
v 4 2.4 -1.6
v 4.3 2.4 -1.6
v 4.4 2.4 -1.6
v 4.5 2.4 -1.6
v 4.6 2.4 -1.6
v 4.7 2.4 -1.6
v 4.8 2.4 -1.6
v 5.1 2.4 -1.6
v 5.2 2.4 -1.6
v 5.4 2.4 -1.6
v 2.2 2.4 -1.7
v 2.3 2.4 -1.7
v 2.5 2.4 -1.7
v 2.8 2.4 -1.7
v 2.9 2.4 -1.7
v 3 2.4 -1.7
v 3.2 2.4 -1.7
v 3.3 2.4 -1.7
v 3.5 2.4 -1.7
v 3.7 2.4 -1.7
v 3.8 2.4 -1.7
v 3.9 2.4 -1.7
v 4 2.4 -1.7
v 4.1 2.4 -1.7
v 4.3 2.4 -1.7
v 4.4 2.4 -1.7
v 4.5 2.4 -1.7
v 4.7 2.4 -1.7
v 4.8 2.4 -1.7
v 5.1 2.4 -1.7
v 5.2 2.4 -1.7
v 5.3 2.4 -1.7
v 5.4 2.4 -1.7
v 2.2 2.4 -1.8
v 2.3 2.4 -1.8
v 2.4 2.4 -1.8
v 2.5 2.4 -1.8
v 2.8 2.4 -1.8
v 2.9 2.4 -1.8
v 3 2.4 -1.8
v 3.1 2.4 -1.8
v 3.2 2.4 -1.8
v 3.3 2.4 -1.8
v 3.4 2.4 -1.8
v 3.5 2.4 -1.8
v 3.6 2.4 -1.8
v 3.7 2.4 -1.8
v 3.8 2.4 -1.8
v 3.9 2.4 -1.8
v 4 2.4 -1.8
v 4.1 2.4 -1.8
v 4.2 2.4 -1.8
v 4.3 2.4 -1.8
v 4.4 2.4 -1.8
v 4.5 2.4 -1.8
v 4.6 2.4 -1.8
v 4.7 2.4 -1.8
v 4.8 2.4 -1.8
v 5.1 2.4 -1.8
v 5.2 2.4 -1.8
v 5.3 2.4 -1.8
v 2.2 2.4 -1.9
v 2.3 2.4 -1.9
v 2.4 2.4 -1.9
v 2.5 2.4 -1.9
v 2.9 2.4 -1.9
v 3 2.4 -1.9
v 3.1 2.4 -1.9
v 3.3 2.4 -1.9
v 3.4 2.4 -1.9
v 3.5 2.4 -1.9
v 3.6 2.4 -1.9
v 3.7 2.4 -1.9
v 3.8 2.4 -1.9
v 3.9 2.4 -1.9
v 4 2.4 -1.9
v 4.1 2.4 -1.9
v 4.2 2.4 -1.9
v 4.4 2.4 -1.9
v 4.5 2.4 -1.9
v 4.6 2.4 -1.9
v 4.7 2.4 -1.9
v 4.8 2.4 -1.9
v 5.1 2.4 -1.9
v 5.2 2.4 -1.9
v 5.3 2.4 -1.9
v 5.4 2.4 -1.9
v 2.2 2.4 -2
v 2.3 2.4 -2
v 2.4 2.4 -2
v 2.5 2.4 -2
v 2.8 2.4 -2
v 2.9 2.4 -2
v 3 2.4 -2
v 3.1 2.4 -2
v 3.2 2.4 -2
v 3.3 2.4 -2
v 3.4 2.4 -2
v 3.5 2.4 -2
v 3.6 2.4 -2
v 3.7 2.4 -2
v 3.8 2.4 -2
v 3.9 2.4 -2
v 4 2.4 -2
v 4.1 2.4 -2
v 4.3 2.4 -2
v 4.5 2.4 -2
v 4.6 2.4 -2
v 4.7 2.4 -2
v 4.8 2.4 -2
v 5.1 2.4 -2
v 5.2 2.4 -2
v 5.3 2.4 -2
v 5.4 2.4 -2
v 2.2 2.4 -2.1
v 2.3 2.4 -2.1
v 2.4 2.4 -2.1
v 2.5 2.4 -2.1
v 2.8 2.4 -2.1
v 2.9 2.4 -2.1
v 3.1 2.4 -2.1
v 3.2 2.4 -2.1
v 3.3 2.4 -2.1
v 3.5 2.4 -2.1
v 3.6 2.4 -2.1
v 3.7 2.4 -2.1
v 3.8 2.4 -2.1
v 3.9 2.4 -2.1
v 4 2.4 -2.1
v 4.1 2.4 -2.1
v 4.2 2.4 -2.1
v 4.3 2.4 -2.1
v 4.4 2.4 -2.1
v 4.5 2.4 -2.1
v 4.6 2.4 -2.1
v 4.7 2.4 -2.1
v 4.8 2.4 -2.1
v 5.1 2.4 -2.1
v 5.3 2.4 -2.1
v 5.4 2.4 -2.1
v 2.2 2.4 -2.2
v 2.3 2.4 -2.2
v 2.4 2.4 -2.2
v 2.5 2.4 -2.2
v 2.8 2.4 -2.2
v 2.9 2.4 -2.2
v 3 2.4 -2.2
v 3.1 2.4 -2.2
v 3.2 2.4 -2.2
v 3.3 2.4 -2.2
v 3.4 2.4 -2.2
v 3.6 2.4 -2.2
v 3.9 2.4 -2.2
v 4 2.4 -2.2
v 4.1 2.4 -2.2
v 4.2 2.4 -2.2
v 4.3 2.4 -2.2
v 4.4 2.4 -2.2
v 4.5 2.4 -2.2
v 4.6 2.4 -2.2
v 4.7 2.4 -2.2
v 4.8 2.4 -2.2
v 2.3 2.4 -2.3
v 2.5 2.4 -2.3
v 2.9 2.4 -2.3
v 3 2.4 -2.3
v 3.1 2.4 -2.3
v 3.2 2.4 -2.3
v 3.3 2.4 -2.3
v 3.4 2.4 -2.3
v 3.6 2.4 -2.3
v 3.7 2.4 -2.3
v 3.8 2.4 -2.3
v 3.9 2.4 -2.3
v 4 2.4 -2.3
v 4.1 2.4 -2.3
v 4.2 2.4 -2.3
v 4.3 2.4 -2.3
v 4.4 2.4 -2.3
v 4.5 2.4 -2.3
v 4.6 2.4 -2.3
v 4.8 2.4 -2.3
v 5.1 2.4 -2.3
v 5.2 2.4 -2.3
v 5.3 2.4 -2.3
v 5.4 2.4 -2.3
v 2.2 2.4 -2.4
v 2.3 2.4 -2.4
v 2.4 2.4 -2.4
v 2.5 2.4 -2.4
v 2.8 2.4 -2.4
v 2.9 2.4 -2.4
v 3 2.4 -2.4
v 3.1 2.4 -2.4
v 3.2 2.4 -2.4
v 3.4 2.4 -2.4
v 3.5 2.4 -2.4
v 3.8 2.4 -2.4
v 3.9 2.4 -2.4
v 4 2.4 -2.4
v 4.1 2.4 -2.4
v 4.2 2.4 -2.4
v 4.3 2.4 -2.4
v 4.4 2.4 -2.4
v 4.5 2.4 -2.4
v 4.6 2.4 -2.4
v 4.7 2.4 -2.4
v 4.8 2.4 -2.4
v 5.1 2.4 -2.4
v 5.2 2.4 -2.4
v 5.3 2.4 -2.4
v 5.4 2.4 -2.4
v 2.2 2.4 -2.5
v 2.3 2.4 -2.5
v 2.4 2.4 -2.5
v 2.5 2.4 -2.5
v 2.8 2.4 -2.5
v 2.9 2.4 -2.5
v 3 2.4 -2.5
v 3.1 2.4 -2.5
v 3.2 2.4 -2.5
v 3.5 2.4 -2.5
v 3.9 2.4 -2.5
v 4 2.4 -2.5
v 4.1 2.4 -2.5
v 4.2 2.4 -2.5
v 4.3 2.4 -2.5
v 4.4 2.4 -2.5
v 4.5 2.4 -2.5
v 4.7 2.4 -2.5
v 4.8 2.4 -2.5
v 5.1 2.4 -2.5
v 5.2 2.4 -2.5
v 5.4 2.4 -2.5
v 2.2 2.4 -2.6
v 2.3 2.4 -2.6
v 2.5 2.4 -2.6
v 2.8 2.4 -2.6
v 2.9 2.4 -2.6
v 3 2.4 -2.6
v 3.2 2.4 -2.6
v 3.4 2.4 -2.6
v 3.5 2.4 -2.6
v 3.7 2.4 -2.6
v 3.9 2.4 -2.6
v 4 2.4 -2.6
v 4.2 2.4 -2.6
v 4.3 2.4 -2.6
v 4.4 2.4 -2.6
v 4.5 2.4 -2.6
v 4.7 2.4 -2.6
v 4.8 2.4 -2.6
v 5.1 2.4 -2.6
v 5.2 2.4 -2.6
v 5.3 2.4 -2.6
v 5.4 2.4 -2.6
v 2.2 2.4 -2.7
v 2.3 2.4 -2.7
v 2.4 2.4 -2.7
v 2.5 2.4 -2.7
v 2.8 2.4 -2.7
v 2.9 2.4 -2.7
v 3 2.4 -2.7
v 3.1 2.4 -2.7
v 3.2 2.4 -2.7
v 3.4 2.4 -2.7
v 3.5 2.4 -2.7
v 3.7 2.4 -2.7
v 3.9 2.4 -2.7
v 4 2.4 -2.7
v 4.1 2.4 -2.7
v 4.2 2.4 -2.7
v 4.3 2.4 -2.7
v 4.4 2.4 -2.7
v 4.5 2.4 -2.7
v 4.6 2.4 -2.7
v 4.8 2.4 -2.7
v 5.1 2.4 -2.7
v 5.2 2.4 -2.7
v 5.3 2.4 -2.7
v 5.4 2.4 -2.7
v 2.2 2.4 -2.8
v 2.3 2.4 -2.8
v 2.4 2.4 -2.8
v 2.5 2.4 -2.8
v 2.8 2.4 -2.8
v 2.9 2.4 -2.8
v 3 2.4 -2.8
v 3.1 2.4 -2.8
v 3.2 2.4 -2.8
v 3.3 2.4 -2.8
v 3.4 2.4 -2.8
v 3.5 2.4 -2.8
v 3.6 2.4 -2.8
v 3.7 2.4 -2.8
v 3.8 2.4 -2.8
v 3.9 2.4 -2.8
v 4 2.4 -2.8
v 4.1 2.4 -2.8
v 4.2 2.4 -2.8
v 4.4 2.4 -2.8
v 4.5 2.4 -2.8
v 4.6 2.4 -2.8
v 4.7 2.4 -2.8
v 4.8 2.4 -2.8
v 5.1 2.4 -2.8
v 5.2 2.4 -2.8
v 5.4 2.4 -2.8
v 2.3 2.4 -2.9
v 2.4 2.4 -2.9
v 2.5 2.4 -2.9
v 2.8 2.4 -2.9
v 2.9 2.4 -2.9
v 3 2.4 -2.9
v 3.1 2.4 -2.9
v 3.3 2.4 -2.9
v 3.4 2.4 -2.9
v 3.5 2.4 -2.9
v 3.6 2.4 -2.9
v 3.7 2.4 -2.9
v 3.8 2.4 -2.9
v 3.9 2.4 -2.9
v 4 2.4 -2.9
v 4.1 2.4 -2.9
v 4.2 2.4 -2.9
v 4.3 2.4 -2.9
v 4.4 2.4 -2.9
v 4.5 2.4 -2.9
v 4.6 2.4 -2.9
v 4.7 2.4 -2.9
v 4.8 2.4 -2.9
v 5.1 2.4 -2.9
v 5.2 2.4 -2.9
v 5.3 2.4 -2.9
v 5.4 2.4 -2.9
v 2.2 2.4 -3
v 2.3 2.4 -3
v 2.4 2.4 -3
v 2.5 2.4 -3
v 2.8 2.4 -3
v 2.9 2.4 -3
v 3 2.4 -3
v 3.1 2.4 -3
v 3.3 2.4 -3
v 3.4 2.4 -3
v 3.5 2.4 -3
v 3.6 2.4 -3
v 3.7 2.4 -3
v 3.8 2.4 -3
v 3.9 2.4 -3
v 4 2.4 -3
v 4.1 2.4 -3
v 4.2 2.4 -3
v 4.3 2.4 -3
v 4.4 2.4 -3
v 4.5 2.4 -3
v 4.6 2.4 -3
v 4.7 2.4 -3
v 4.8 2.4 -3
v 5.2 2.4 -3
v 5.3 2.4 -3
v 5.4 2.4 -3
v 2.5 2.4 -3.1
v 2.8 2.4 -3.1
v 2.9 2.4 -3.1
v 3 2.4 -3.1
v 3.1 2.4 -3.1
v 3.2 2.4 -3.1
v 3.3 2.4 -3.1
v 3.4 2.4 -3.1
v 3.5 2.4 -3.1
v 3.6 2.4 -3.1
v 3.7 2.4 -3.1
v 3.8 2.4 -3.1
v 3.9 2.4 -3.1
v 4 2.4 -3.1
v 4.1 2.4 -3.1
v 4.2 2.4 -3.1
v 4.3 2.4 -3.1
v 4.4 2.4 -3.1
v 4.5 2.4 -3.1
v 4.6 2.4 -3.1
v 4.7 2.4 -3.1
v 4.8 2.4 -3.1
v 5.1 2.4 -3.1
v 5.2 2.4 -3.1
v 5.3 2.4 -3.1
v 2.2 2.4 -3.2
v 2.3 2.4 -3.2
v 2.4 2.4 -3.2
v 2.5 2.4 -3.2
v 2.8 2.4 -3.2
v 2.9 2.4 -3.2
v 3 2.4 -3.2
v 3.1 2.4 -3.2
v 3.3 2.4 -3.2
v 3.4 2.4 -3.2
v 3.5 2.4 -3.2
v 3.7 2.4 -3.2
v 3.8 2.4 -3.2
v 3.9 2.4 -3.2
v 4 2.4 -3.2
v 4.1 2.4 -3.2
v 4.2 2.4 -3.2
v 4.3 2.4 -3.2
v 4.5 2.4 -3.2
v 4.6 2.4 -3.2
v 4.7 2.4 -3.2
v 4.8 2.4 -3.2
v 5.1 2.4 -3.2
v 5.2 2.4 -3.2
v 5.3 2.4 -3.2
v 5.4 2.4 -3.2
v 2.2 2.4 -3.3
v 2.3 2.4 -3.3
v 2.4 2.4 -3.3
v 2.5 2.4 -3.3
v 2.8 2.4 -3.3
v 2.9 2.4 -3.3
v 3 2.4 -3.3
v 3.1 2.4 -3.3
v 3.2 2.4 -3.3
v 3.3 2.4 -3.3
v 3.4 2.4 -3.3
v 3.5 2.4 -3.3
v 3.6 2.4 -3.3
v 3.8 2.4 -3.3
v 3.9 2.4 -3.3
v 4 2.4 -3.3
v 4.1 2.4 -3.3
v 4.2 2.4 -3.3
v 4.3 2.4 -3.3
v 4.4 2.4 -3.3
v 4.5 2.4 -3.3
v 4.6 2.4 -3.3
v 4.7 2.4 -3.3
v 4.8 2.4 -3.3
v 5.1 2.4 -3.3
v 5.2 2.4 -3.3
v 5.3 2.4 -3.3
v 5.4 2.4 -3.3
v 2.2 2.4 -3.4
v 2.3 2.4 -3.4
v 2.4 2.4 -3.4
v 2.5 2.4 -3.4
v 2.8 2.4 -3.4
v 2.9 2.4 -3.4
v 3.1 2.4 -3.4
v 3.2 2.4 -3.4
v 3.3 2.4 -3.4
v 3.4 2.4 -3.4
v 3.5 2.4 -3.4
v 3.6 2.4 -3.4
v 3.9 2.4 -3.4
v 4 2.4 -3.4
v 4.1 2.4 -3.4
v 4.2 2.4 -3.4
v 4.4 2.4 -3.4
v 4.5 2.4 -3.4
v 4.6 2.4 -3.4
v 4.7 2.4 -3.4
v 4.8 2.4 -3.4
v 5.1 2.4 -3.4
v 5.2 2.4 -3.4
v 5.3 2.4 -3.4
v 5.4 2.4 -3.4
v 2.2 2.4 -3.5
v 2.3 2.4 -3.5
v 2.4 2.4 -3.5
v 2.5 2.4 -3.5
v 2.8 2.4 -3.5
v 2.9 2.4 -3.5
v 3 2.4 -3.5
v 3.1 2.4 -3.5
v 3.3 2.4 -3.5
v 3.4 2.4 -3.5
v 3.5 2.4 -3.5
v 3.7 2.4 -3.5
v 3.8 2.4 -3.5
v 3.9 2.4 -3.5
v 4 2.4 -3.5
v 4.1 2.4 -3.5
v 4.2 2.4 -3.5
v 4.4 2.4 -3.5
v 4.6 2.4 -3.5
v 4.7 2.4 -3.5
v 4.8 2.4 -3.5
v 5.1 2.4 -3.5
v 5.2 2.4 -3.5
v 5.3 2.4 -3.5
v 5.4 2.4 -3.5
v 2.2 2.4 -3.6
v 2.3 2.4 -3.6
v 2.4 2.4 -3.6
v 2.9 2.4 -3.6
v 3 2.4 -3.6
v 3.1 2.4 -3.6
v 3.2 2.4 -3.6
v 3.3 2.4 -3.6
v 3.4 2.4 -3.6
v 3.5 2.4 -3.6
v 3.6 2.4 -3.6
v 3.8 2.4 -3.6
v 3.9 2.4 -3.6
v 4 2.4 -3.6
v 4.1 2.4 -3.6
v 4.2 2.4 -3.6
v 4.3 2.4 -3.6
v 4.4 2.4 -3.6
v 4.5 2.4 -3.6
v 4.6 2.4 -3.6
v 4.7 2.4 -3.6
v 4.8 2.4 -3.6
v 5.1 2.4 -3.6
v 5.2 2.4 -3.6
v 5.3 2.4 -3.6
v 5.4 2.4 -3.6
v 2.3 2.4 -3.7
v 2.4 2.4 -3.7
v 2.5 2.4 -3.7
v 2.9 2.4 -3.7
v 3 2.4 -3.7
v 3.1 2.4 -3.7
v 3.2 2.4 -3.7
v 3.3 2.4 -3.7
v 3.4 2.4 -3.7
v 3.5 2.4 -3.7
v 3.6 2.4 -3.7
v 3.7 2.4 -3.7
v 3.8 2.4 -3.7
v 3.9 2.4 -3.7
v 4.1 2.4 -3.7
v 4.3 2.4 -3.7
v 4.4 2.4 -3.7
v 4.5 2.4 -3.7
v 4.7 2.4 -3.7
v 4.8 2.4 -3.7
v 5.1 2.4 -3.7
v 5.2 2.4 -3.7
v 5.3 2.4 -3.7
v 5.4 2.4 -3.7
v 2.2 2.4 -3.8
v 2.3 2.4 -3.8
v 2.4 2.4 -3.8
v 2.5 2.4 -3.8
v 2.8 2.4 -3.8
v 2.9 2.4 -3.8
v 3 2.4 -3.8
v 3.1 2.4 -3.8
v 3.2 2.4 -3.8
v 3.3 2.4 -3.8
v 3.4 2.4 -3.8
v 3.5 2.4 -3.8
v 3.6 2.4 -3.8
v 3.7 2.4 -3.8
v 3.9 2.4 -3.8
v 4 2.4 -3.8
v 4.1 2.4 -3.8
v 4.2 2.4 -3.8
v 4.3 2.4 -3.8
v 4.4 2.4 -3.8
v 4.5 2.4 -3.8
v 4.8 2.4 -3.8
v 5.1 2.4 -3.8
v 5.2 2.4 -3.8
v 5.3 2.4 -3.8
v 5.4 2.4 -3.8
v 2.2 2.4 -3.9
v 2.3 2.4 -3.9
v 2.4 2.4 -3.9
v 2.5 2.4 -3.9
v 2.8 2.4 -3.9
v 2.9 2.4 -3.9
v 3 2.4 -3.9
v 3.1 2.4 -3.9
v 3.2 2.4 -3.9
v 3.3 2.4 -3.9
v 3.4 2.4 -3.9
v 3.5 2.4 -3.9
v 3.6 2.4 -3.9
v 3.7 2.4 -3.9
v 3.8 2.4 -3.9
v 3.9 2.4 -3.9
v 4 2.4 -3.9
v 4.1 2.4 -3.9
v 4.3 2.4 -3.9
v 4.4 2.4 -3.9
v 4.5 2.4 -3.9
v 4.6 2.4 -3.9
v 4.7 2.4 -3.9
v 4.8 2.4 -3.9
v 5.1 2.4 -3.9
v 5.2 2.4 -3.9
v 5.3 2.4 -3.9
v 5.4 2.4 -3.9
v 2.2 2.4 -4
v 2.3 2.4 -4
v 2.4 2.4 -4
v 2.5 2.4 -4
v 2.8 2.4 -4
v 2.9 2.4 -4
v 3 2.4 -4
v 3.1 2.4 -4
v 3.2 2.4 -4
v 3.3 2.4 -4
v 3.4 2.4 -4
v 3.5 2.4 -4
v 3.6 2.4 -4
v 3.8 2.4 -4
v 3.9 2.4 -4
v 4 2.4 -4
v 4.1 2.4 -4
v 4.3 2.4 -4
v 4.4 2.4 -4
v 4.5 2.4 -4
v 4.6 2.4 -4
v 4.7 2.4 -4
v 4.8 2.4 -4
v 5.1 2.4 -4
v 5.2 2.4 -4
v 5.3 2.4 -4
v 5.4 2.4 -4
v 2.3 2.4 -4.1
v 2.5 2.4 -4.1
v 2.8 2.4 -4.1
v 2.9 2.4 -4.1
v 3 2.4 -4.1
v 3.1 2.4 -4.1
v 3.2 2.4 -4.1
v 3.3 2.4 -4.1
v 3.4 2.4 -4.1
v 3.5 2.4 -4.1
v 3.6 2.4 -4.1
v 3.7 2.4 -4.1
v 3.8 2.4 -4.1
v 3.9 2.4 -4.1
v 4 2.4 -4.1
v 4.1 2.4 -4.1
v 4.3 2.4 -4.1
v 4.4 2.4 -4.1
v 4.5 2.4 -4.1
v 4.6 2.4 -4.1
v 4.7 2.4 -4.1
v 4.8 2.4 -4.1
v 5.1 2.4 -4.1
v 5.2 2.4 -4.1
v 5.4 2.4 -4.1
v 2.2 2.4 -4.2
v 2.3 2.4 -4.2
v 2.8 2.4 -4.2
v 3 2.4 -4.2
v 3.1 2.4 -4.2
v 3.2 2.4 -4.2
v 3.3 2.4 -4.2
v 3.4 2.4 -4.2
v 3.5 2.4 -4.2
v 3.6 2.4 -4.2
v 3.7 2.4 -4.2
v 3.8 2.4 -4.2
v 3.9 2.4 -4.2
v 4 2.4 -4.2
v 4.1 2.4 -4.2
v 4.2 2.4 -4.2
v 4.3 2.4 -4.2
v 4.4 2.4 -4.2
v 4.5 2.4 -4.2
v 4.7 2.4 -4.2
v 4.8 2.4 -4.2
v 5.1 2.4 -4.2
v 5.3 2.4 -4.2
v 2.2 2.4 -4.3
v 2.3 2.4 -4.3
v 2.5 2.4 -4.3
v 2.8 2.4 -4.3
v 2.9 2.4 -4.3
v 3 2.4 -4.3
v 3.1 2.4 -4.3
v 3.2 2.4 -4.3
v 3.4 2.4 -4.3
v 3.5 2.4 -4.3
v 3.7 2.4 -4.3
v 3.8 2.4 -4.3
v 4 2.4 -4.3
v 4.1 2.4 -4.3
v 4.2 2.4 -4.3
v 4.3 2.4 -4.3
v 4.4 2.4 -4.3
v 4.5 2.4 -4.3
v 4.7 2.4 -4.3
v 4.8 2.4 -4.3
v 5.1 2.4 -4.3
v 5.3 2.4 -4.3
v 5.4 2.4 -4.3
v 2.2 2.4 -4.4
v 2.3 2.4 -4.4
v 2.4 2.4 -4.4
v 2.5 2.4 -4.4
v 2.8 2.4 -4.4
v 2.9 2.4 -4.4
v 3.1 2.4 -4.4
v 3.2 2.4 -4.4
v 3.3 2.4 -4.4
v 3.4 2.4 -4.4
v 3.5 2.4 -4.4
v 3.6 2.4 -4.4
v 3.7 2.4 -4.4
v 3.8 2.4 -4.4
v 3.9 2.4 -4.4
v 4 2.4 -4.4
v 4.1 2.4 -4.4
v 4.2 2.4 -4.4
v 4.4 2.4 -4.4
v 4.5 2.4 -4.4
v 4.7 2.4 -4.4
v 4.8 2.4 -4.4
v 5.1 2.4 -4.4
v 5.2 2.4 -4.4
v 5.3 2.4 -4.4
v 5.4 2.4 -4.4
v 2.2 2.4 -4.5
v 2.3 2.4 -4.5
v 2.4 2.4 -4.5
v 2.5 2.4 -4.5
v 2.8 2.4 -4.5
v 2.9 2.4 -4.5
v 3.1 2.4 -4.5
v 3.2 2.4 -4.5
v 3.3 2.4 -4.5
v 3.4 2.4 -4.5
v 3.5 2.4 -4.5
v 3.6 2.4 -4.5
v 3.7 2.4 -4.5
v 3.8 2.4 -4.5
v 3.9 2.4 -4.5
v 4 2.4 -4.5
v 4.1 2.4 -4.5
v 4.3 2.4 -4.5
v 4.4 2.4 -4.5
v 4.5 2.4 -4.5
v 4.6 2.4 -4.5
v 4.7 2.4 -4.5
v 4.8 2.4 -4.5
v 5.3 2.4 -4.5
v 5.4 2.4 -4.5
v 2.2 2.4 -4.6
v 2.3 2.4 -4.6
v 2.4 2.4 -4.6
v 2.5 2.4 -4.6
v 2.8 2.4 -4.6
v 2.9 2.4 -4.6
v 3 2.4 -4.6
v 3.2 2.4 -4.6
v 3.3 2.4 -4.6
v 3.4 2.4 -4.6
v 3.5 2.4 -4.6
v 3.6 2.4 -4.6
v 3.7 2.4 -4.6
v 3.8 2.4 -4.6
v 3.9 2.4 -4.6
v 4.1 2.4 -4.6
v 4.2 2.4 -4.6
v 4.3 2.4 -4.6
v 4.4 2.4 -4.6
v 4.5 2.4 -4.6
v 4.6 2.4 -4.6
v 4.7 2.4 -4.6
v 4.8 2.4 -4.6
v 5.1 2.4 -4.6
v 5.2 2.4 -4.6
v 5.3 2.4 -4.6
v 5.4 2.4 -4.6
v 2.2 2.4 -4.7
v 2.3 2.4 -4.7
v 2.4 2.4 -4.7
v 2.9 2.4 -4.7
v 3 2.4 -4.7
v 3.1 2.4 -4.7
v 3.2 2.4 -4.7
v 3.3 2.4 -4.7
v 3.4 2.4 -4.7
v 3.5 2.4 -4.7
v 3.6 2.4 -4.7
v 3.7 2.4 -4.7
v 3.8 2.4 -4.7
v 3.9 2.4 -4.7
v 4 2.4 -4.7
v 4.1 2.4 -4.7
v 4.2 2.4 -4.7
v 4.3 2.4 -4.7
v 4.4 2.4 -4.7
v 4.6 2.4 -4.7
v 4.7 2.4 -4.7
v 5.2 2.4 -4.7
v 5.3 2.4 -4.7
v 5.4 2.4 -4.7
v 2.2 2.4 -4.8
v 2.3 2.4 -4.8
v 2.4 2.4 -4.8
v 2.9 2.4 -4.8
v 3 2.4 -4.8
v 3.1 2.4 -4.8
v 3.2 2.4 -4.8
v 3.4 2.4 -4.8
v 3.5 2.4 -4.8
v 3.7 2.4 -4.8
v 3.9 2.4 -4.8
v 4 2.4 -4.8
v 4.1 2.4 -4.8
v 4.2 2.4 -4.8
v 4.4 2.4 -4.8
v 4.6 2.4 -4.8
v 4.7 2.4 -4.8
v 5.2 2.4 -4.8
v 5.4 2.4 -4.8
v 4.9 0.8 0
v 5 0.8 0
v 4.9 0.8 -0.0999999
v 5 0.8 -0.0999999
v 4.9 0.8 -0.4
v 5 0.8 -0.4
v 4.9 0.8 -0.5
v 5 0.8 -0.5
v 4.9 0.9 3.1
v 5 0.9 3.1
v 4.9 0.9 3
v 5 0.9 3
v 4.9 0.9 0.0999999
v 5 0.9 0.0999999
v 4.9 0.9 0
v 5 0.9 0
v 4.9 0.9 -0.5
v 5 0.9 -0.5
v 4.9 0.9 -0.6
v 5 0.9 -0.6
v 4.9 1 3
v 5 1 3
v 4.9 1 2.9
v 5 1 2.9
v 4.9 1 0.3
v 5 1 0.3
v 4.9 1 0.2
v 5 1 0.2
v 4.9 1 0.0999999
v 5 1 0.0999999
v 4.9 1 -0.6
v 5 1 -0.6
v 4.9 1 -0.7
v 5 1 -0.7
v 4.9 1 -0.8
v 5 1 -0.8
v 4.9 1 -4.3
v 5 1 -4.3
v 4.9 1 -4.4
v 5 1 -4.4
v 2.6 1.1 3.1
v 2.7 1.1 3.1
v 2.6 1.1 3
v 2.7 1.1 3
v 4.9 1.1 2.9
v 5 1.1 2.9
v 4.9 1.1 2.8
v 5 1.1 2.8
v 4.9 1.1 0.4
v 5 1.1 0.4
v 4.9 1.1 0.3
v 5 1.1 0.3
v 2.6 1.1 0
v 2.7 1.1 0
v 2.6 1.1 -0.0999999
v 2.7 1.1 -0.0999999
v 2.6 1.1 -0.4
v 2.7 1.1 -0.4
v 2.6 1.1 -0.5
v 2.7 1.1 -0.5
v 4.9 1.1 -0.8
v 5 1.1 -0.8
v 4.9 1.1 -0.9
v 5 1.1 -0.9
v 4.9 1.1 -4.2
v 5 1.1 -4.2
v 4.9 1.1 -4.3
v 5 1.1 -4.3
v 2.6 1.2 3
v 2.7 1.2 3
v 2.6 1.2 2.9
v 2.7 1.2 2.9
v 4.9 1.2 2.8
v 5 1.2 2.8
v 4.9 1.2 2.7
v 5 1.2 2.7
v 4.9 1.2 0.5
v 5 1.2 0.5
v 4.9 1.2 0.4
v 5 1.2 0.4
v 2.6 1.2 0.0999999
v 2.7 1.2 0.0999999
v 2.6 1.2 0
v 2.7 1.2 0
v 2.6 1.2 -0.5
v 2.7 1.2 -0.5
v 2.6 1.2 -0.6
v 2.7 1.2 -0.6
v 4.9 1.2 -0.9
v 5 1.2 -0.9
v 4.9 1.2 -1
v 5 1.2 -1
v 4.9 1.2 -4.1
v 5 1.2 -4.1
v 4.9 1.2 -4.2
v 5 1.2 -4.2
v 2.6 1.2 -4.3
v 2.7 1.2 -4.3
v 2.6 1.2 -4.4
v 2.7 1.2 -4.4
v 4.9 1.3 2.7
v 5 1.3 2.7
v 4.9 1.3 2.6
v 5 1.3 2.6
v 4.9 1.3 0.7
v 5 1.3 0.7
v 4.9 1.3 0.6
v 5 1.3 0.6
v 4.9 1.3 0.5
v 5 1.3 0.5
v 2.6 1.3 0.2
v 2.7 1.3 0.2
v 2.6 1.3 0.0999999
v 2.7 1.3 0.0999999
v 2.6 1.3 -0.6
v 2.7 1.3 -0.6
v 2.6 1.3 -0.7
v 2.7 1.3 -0.7
v 4.9 1.3 -1
v 5 1.3 -1
v 4.9 1.3 -1.2
v 5 1.3 -1.2
v 4.9 1.3 -3.9
v 5 1.3 -3.9
v 4.9 1.3 -4
v 5 1.3 -4
v 4.9 1.3 -4.1
v 5 1.3 -4.1
v 2.6 1.4 2.9
v 2.7 1.4 2.9
v 2.6 1.4 2.8
v 2.7 1.4 2.8
v 4.9 1.4 2.6
v 5 1.4 2.6
v 4.9 1.4 2.5
v 5 1.4 2.5
v 4.9 1.4 0.8
v 5 1.4 0.8
v 4.9 1.4 0.7
v 5 1.4 0.7
v 2.6 1.4 0.3
v 2.7 1.4 0.3
v 2.6 1.4 0.2
v 2.7 1.4 0.2
v 2.6 1.4 -0.7
v 2.7 1.4 -0.7
v 2.6 1.4 -0.8
v 2.7 1.4 -0.8
v 4.9 1.4 -1.2
v 5 1.4 -1.2
v 4.9 1.4 -1.3
v 5 1.4 -1.3
v 4.9 1.4 -3.8
v 5 1.4 -3.8
v 4.9 1.4 -3.9
v 5 1.4 -3.9
v 2.6 1.4 -4.2
v 2.7 1.4 -4.2
v 2.6 1.4 -4.3
v 2.7 1.4 -4.3
v 2.6 1.5 2.8
v 2.7 1.5 2.8
v 2.6 1.5 2.7
v 2.7 1.5 2.7
v 4.9 1.5 2.5
v 5 1.5 2.5
v 4.9 1.5 2.3
v 5 1.5 2.3
v 4.9 1.5 0.9
v 5 1.5 0.9
v 4.9 1.5 0.8
v 5 1.5 0.8
v 2.6 1.5 0.4
v 2.7 1.5 0.4
v 2.6 1.5 0.3
v 2.7 1.5 0.3
v 2.6 1.5 -0.8
v 2.7 1.5 -0.8
v 2.6 1.5 -0.9
v 2.7 1.5 -0.9
v 4.9 1.5 -1.3
v 5 1.5 -1.3
v 4.9 1.5 -1.4
v 5 1.5 -1.4
v 4.9 1.5 -3.7
v 5 1.5 -3.7
v 4.9 1.5 -3.8
v 5 1.5 -3.8
v 2.6 1.5 -4.1
v 2.7 1.5 -4.1
v 2.6 1.5 -4.2
v 2.7 1.5 -4.2
v 2.6 1.6 2.7
v 2.7 1.6 2.7
v 2.6 1.6 2.6
v 2.7 1.6 2.6
v 4.9 1.6 2.3
v 5 1.6 2.3
v 4.9 1.6 2.2
v 5 1.6 2.2
v 4.9 1.6 1.1
v 5 1.6 1.1
v 4.9 1.6 1
v 5 1.6 1
v 4.9 1.6 0.9
v 5 1.6 0.9
v 2.6 1.6 -0.9
v 2.7 1.6 -0.9
v 2.6 1.6 -1
v 2.7 1.6 -1
v 4.9 1.6 -1.4
v 5 1.6 -1.4
v 4.9 1.6 -1.5
v 5 1.6 -1.5
v 4.9 1.6 -1.6
v 5 1.6 -1.6
v 4.9 1.6 -3.6
v 5 1.6 -3.6
v 4.9 1.6 -3.7
v 5 1.6 -3.7
v 2.5 1.7 2.6
v 2.6 1.7 2.6
v 2.5 1.7 2.5
v 2.6 1.7 2.5
v 4.9 1.7 2.2
v 5 1.7 2.2
v 4.9 1.7 2.1
v 5 1.7 2.1
v 4.9 1.7 1.2
v 5 1.7 1.2
v 4.9 1.7 1.1
v 5 1.7 1.1
v 2.6 1.7 0.5
v 2.7 1.7 0.5
v 2.6 1.7 0.4
v 2.7 1.7 0.4
v 2.6 1.7 -1
v 2.7 1.7 -1
v 2.6 1.7 -1.1
v 2.7 1.7 -1.1
v 4.9 1.7 -1.6
v 5 1.7 -1.6
v 4.9 1.7 -1.7
v 5 1.7 -1.7
v 4.9 1.7 -3.5
v 5 1.7 -3.5
v 4.9 1.7 -3.6
v 5 1.7 -3.6
v 2.6 1.7 -4
v 2.7 1.7 -4
v 2.6 1.7 -4.1
v 2.7 1.7 -4.1
v 4.9 1.8 2.1
v 5 1.8 2.1
v 4.9 1.8 2
v 5 1.8 2
v 4.9 1.8 1.3
v 5 1.8 1.3
v 4.9 1.8 1.2
v 5 1.8 1.2
v 2.6 1.8 0.6
v 2.7 1.8 0.6
v 2.6 1.8 0.5
v 2.7 1.8 0.5
v 2.6 1.8 -1.1
v 2.7 1.8 -1.1
v 2.6 1.8 -1.2
v 2.7 1.8 -1.2
v 4.9 1.8 -1.7
v 5 1.8 -1.7
v 4.9 1.8 -1.8
v 5 1.8 -1.8
v 4.9 1.8 -3.3
v 5 1.8 -3.3
v 4.9 1.8 -3.4
v 5 1.8 -3.4
v 4.9 1.8 -3.5
v 5 1.8 -3.5
v 2.6 1.8 -3.9
v 2.7 1.8 -3.9
v 2.6 1.8 -4
v 2.7 1.8 -4
v 2.5 1.9 2.5
v 2.6 1.9 2.5
v 2.5 1.9 2.4
v 2.6 1.9 2.4
v 4.9 1.9 2
v 5 1.9 2
v 4.9 1.9 1.9
v 5 1.9 1.9
v 4.9 1.9 1.5
v 5 1.9 1.5
v 4.9 1.9 1.3
v 5 1.9 1.3
v 2.6 1.9 0.7
v 2.7 1.9 0.7
v 2.6 1.9 0.6
v 2.7 1.9 0.6
v 2.6 1.9 -1.2
v 2.7 1.9 -1.2
v 2.6 1.9 -1.3
v 2.7 1.9 -1.3
v 4.9 1.9 -1.8
v 5 1.9 -1.8
v 4.9 1.9 -2
v 5 1.9 -2
v 4.9 1.9 -3.2
v 5 1.9 -3.2
v 4.9 1.9 -3.3
v 5 1.9 -3.3
v 2.5 2 2.4
v 2.6 2 2.4
v 2.5 2 2.3
v 2.6 2 2.3
v 4.9 2 1.9
v 5 2 1.9
v 4.9 2 1.8
v 5 2 1.8
v 4.9 2 1.6
v 5 2 1.6
v 4.9 2 1.5
v 5 2 1.5
v 2.6 2 0.8
v 2.7 2 0.8
v 2.6 2 0.7
v 2.7 2 0.7
v 2.6 2 -1.3
v 2.7 2 -1.3
v 2.6 2 -1.4
v 2.7 2 -1.4
v 4.9 2 -2
v 5 2 -2
v 4.9 2 -2.1
v 5 2 -2.1
v 4.9 2 -3.1
v 5 2 -3.1
v 4.9 2 -3.2
v 5 2 -3.2
v 2.6 2 -3.8
v 2.7 2 -3.8
v 2.6 2 -3.9
v 2.7 2 -3.9
v 2.4 2.2 3.4
v 2.5 2.2 3.4
v 2.8 2.2 3.4
v 2.9 2.2 3.4
v 4.7 2.2 3.4
v 4.8 2.2 3.4
v 5.1 2.2 3.4
v 5.2 2.2 3.4
v 2.4 2.2 3.3
v 2.5 2.2 3.3
v 2.8 2.2 3.3
v 2.9 2.2 3.3
v 4.7 2.2 3.3
v 4.8 2.2 3.3
v 5.1 2.2 3.3
v 5.2 2.2 3.3
v 2.4 2.2 3.2
v 2.5 2.2 3.2
v 2.8 2.2 3.2
v 2.9 2.2 3.2
v 4.7 2.2 3.2
v 4.8 2.2 3.2
v 2.4 2.2 3.1
v 2.5 2.2 3.1
v 2.8 2.2 3.1
v 2.9 2.2 3.1
v 4.7 2.2 3.1
v 4.8 2.2 3.1
v 5.1 2.2 3.1
v 5.2 2.2 3.1
v 2.4 2.2 -0.0999999
v 2.5 2.2 -0.0999999
v 2.8 2.2 -0.0999999
v 2.9 2.2 -0.0999999
v 4.7 2.2 -0.0999999
v 4.8 2.2 -0.0999999
v 5.1 2.2 -0.0999999
v 5.2 2.2 -0.0999999
v 2.4 2.2 -0.2
v 2.5 2.2 -0.2
v 2.8 2.2 -0.2
v 2.9 2.2 -0.2
v 4.7 2.2 -0.2
v 4.8 2.2 -0.2
v 5.1 2.2 -0.2
v 2.4 2.2 -0.3
v 2.5 2.2 -0.3
v 2.8 2.2 -0.3
v 2.9 2.2 -0.3
v 4.7 2.2 -0.3
v 4.8 2.2 -0.3
v 5.1 2.2 -0.3
v 2.4 2.2 -0.4
v 2.5 2.2 -0.4
v 2.8 2.2 -0.4
v 2.9 2.2 -0.4
v 4.7 2.2 -0.4
v 4.8 2.2 -0.4
v 5.1 2.2 -0.4
v 5.2 2.2 -0.4
v 2.4 2.2 -4.4
v 2.5 2.2 -4.4
v 2.8 2.2 -4.4
v 2.9 2.2 -4.4
v 4.7 2.2 -4.4
v 4.8 2.2 -4.4
v 5.1 2.2 -4.4
v 5.2 2.2 -4.4
v 2.4 2.2 -4.5
v 2.5 2.2 -4.5
v 2.8 2.2 -4.5
v 2.9 2.2 -4.5
v 4.7 2.2 -4.5
v 4.8 2.2 -4.5
v 5.1 2.2 -4.5
v 5.2 2.2 -4.5
v 2.4 2.2 -4.6
v 2.5 2.2 -4.6
v 2.8 2.2 -4.6
v 2.9 2.2 -4.6
v 4.7 2.2 -4.6
v 4.8 2.2 -4.6
v 5.1 2.2 -4.6
v 5.2 2.2 -4.6
v 2.5 2.4 3.8
v 2.6 2.4 3.8
v 2.7 2.4 3.8
v 2.8 2.4 3.8
v 4.8 2.4 3.8
v 4.9 2.4 3.8
v 5 2.4 3.8
v 5.1 2.4 3.8
v 2.5 2.4 3.7
v 2.6 2.4 3.7
v 2.7 2.4 3.7
v 2.8 2.4 3.7
v 4.8 2.4 3.7
v 4.9 2.4 3.7
v 5 2.4 3.7
v 5.1 2.4 3.7
v 2.5 2.4 2.9
v 2.7 2.4 2.9
v 2.8 2.4 2.9
v 4.8 2.4 2.9
v 4.9 2.4 2.9
v 5 2.4 2.9
v 5.1 2.4 2.9
v 2.5 2.4 2.8
v 2.7 2.4 2.8
v 2.8 2.4 2.8
v 4.8 2.4 2.8
v 4.9 2.4 2.8
v 5 2.4 2.8
v 5.1 2.4 2.8
v 2.5 2.4 2
v 2.6 2.4 2
v 2.7 2.4 2
v 2.8 2.4 2
v 4.8 2.4 2
v 4.9 2.4 2
v 5 2.4 2
v 5.1 2.4 2
v 2.5 2.4 1.9
v 2.6 2.4 1.9
v 2.7 2.4 1.9
v 2.8 2.4 1.9
v 4.8 2.4 1.9
v 4.9 2.4 1.9
v 5 2.4 1.9
v 5.1 2.4 1.9
v 2.5 2.4 1.1
v 2.6 2.4 1.1
v 2.7 2.4 1.1
v 2.8 2.4 1.1
v 4.8 2.4 1.1
v 4.9 2.4 1.1
v 5 2.4 1.1
v 5.1 2.4 1.1
v 2.5 2.4 1
v 2.6 2.4 1
v 2.7 2.4 1
v 2.8 2.4 1
v 4.8 2.4 1
v 4.9 2.4 1
v 5 2.4 1
v 5.1 2.4 1
v 2.5 2.4 0.2
v 2.6 2.4 0.2
v 2.7 2.4 0.2
v 2.8 2.4 0.2
v 4.8 2.4 0.2
v 4.9 2.4 0.2
v 5 2.4 0.2
v 5.1 2.4 0.2
v 2.5 2.4 0.0999999
v 2.6 2.4 0.0999999
v 2.7 2.4 0.0999999
v 2.8 2.4 0.0999999
v 4.8 2.4 0.0999999
v 4.9 2.4 0.0999999
v 5 2.4 0.0999999
v 5.1 2.4 0.0999999
v 2.5 2.4 -0.7
v 2.6 2.4 -0.7
v 2.7 2.4 -0.7
v 2.8 2.4 -0.7
v 4.8 2.4 -0.7
v 4.9 2.4 -0.7
v 5 2.4 -0.7
v 5.1 2.4 -0.7
v 2.5 2.4 -0.8
v 2.6 2.4 -0.8
v 2.7 2.4 -0.8
v 2.8 2.4 -0.8
v 4.8 2.4 -0.8
v 4.9 2.4 -0.8
v 5 2.4 -0.8
v 5.1 2.4 -0.8
v 2.5 2.4 -1.6
v 2.6 2.4 -1.6
v 2.7 2.4 -1.6
v 2.8 2.4 -1.6
v 4.8 2.4 -1.6
v 4.9 2.4 -1.6
v 5 2.4 -1.6
v 5.1 2.4 -1.6
v 2.5 2.4 -1.7
v 2.6 2.4 -1.7
v 2.7 2.4 -1.7
v 2.8 2.4 -1.7
v 4.8 2.4 -1.7
v 4.9 2.4 -1.7
v 5 2.4 -1.7
v 5.1 2.4 -1.7
v 2.5 2.4 -2.5
v 2.6 2.4 -2.5
v 2.7 2.4 -2.5
v 2.8 2.4 -2.5
v 4.8 2.4 -2.5
v 4.9 2.4 -2.5
v 5 2.4 -2.5
v 5.1 2.4 -2.5
v 2.5 2.4 -2.6
v 2.6 2.4 -2.6
v 2.7 2.4 -2.6
v 2.8 2.4 -2.6
v 4.8 2.4 -2.6
v 4.9 2.4 -2.6
v 5 2.4 -2.6
v 5.1 2.4 -2.6
v 2.5 2.4 -3.4
v 2.6 2.4 -3.4
v 2.8 2.4 -3.4
v 4.8 2.4 -3.4
v 4.9 2.4 -3.4
v 5 2.4 -3.4
v 5.1 2.4 -3.4
v 2.5 2.4 -3.5
v 2.6 2.4 -3.5
v 2.7 2.4 -3.5
v 2.8 2.4 -3.5
v 4.8 2.4 -3.5
v 4.9 2.4 -3.5
v 5.1 2.4 -3.5
v 2.5 2.4 -4.3
v 2.6 2.4 -4.3
v 2.8 2.4 -4.3
v 4.8 2.4 -4.3
v 4.9 2.4 -4.3
v 5 2.4 -4.3
v 5.1 2.4 -4.3
v 2.5 2.4 -4.4
v 2.6 2.4 -4.4
v 2.7 2.4 -4.4
v 2.8 2.4 -4.4
v 4.8 2.4 -4.4
v 4.9 2.4 -4.4
v 5 2.4 -4.4
v 5.1 2.4 -4.4
v 2.2 2.5 4.2
v 2.3 2.5 4.2
v 2.5 2.5 4.2
v 2.6 2.5 4.2
v 2.7 2.5 4.2
v 2.8 2.5 4.2
v 3 2.5 4.2
v 3.1 2.5 4.2
v 3.2 2.5 4.2
v 3.3 2.5 4.2
v 3.6 2.5 4.2
v 3.8 2.5 4.2
v 3.9 2.5 4.2
v 4 2.5 4.2
v 4.1 2.5 4.2
v 4.2 2.5 4.2
v 4.5 2.5 4.2
v 4.6 2.5 4.2
v 4.7 2.5 4.2
v 4.9 2.5 4.2
v 5 2.5 4.2
v 5.1 2.5 4.2
v 5.3 2.5 4.2
v 5.4 2.5 4.2
v 2.2 2.5 4.1
v 2.3 2.5 4.1
v 2.4 2.5 4.1
v 2.5 2.5 4.1
v 2.6 2.5 4.1
v 3 2.5 4.1
v 3.1 2.5 4.1
v 3.2 2.5 4.1
v 3.3 2.5 4.1
v 3.6 2.5 4.1
v 3.7 2.5 4.1
v 3.8 2.5 4.1
v 3.9 2.5 4.1
v 4 2.5 4.1
v 4.1 2.5 4.1
v 4.2 2.5 4.1
v 4.3 2.5 4.1
v 4.5 2.5 4.1
v 4.6 2.5 4.1
v 4.7 2.5 4.1
v 4.9 2.5 4.1
v 5 2.5 4.1
v 5.1 2.5 4.1
v 5.3 2.5 4.1
v 5.4 2.5 4.1
v 2.2 2.5 4
v 2.3 2.5 4
v 2.4 2.5 4
v 2.5 2.5 4
v 2.6 2.5 4
v 2.7 2.5 4
v 2.8 2.5 4
v 3 2.5 4
v 3.1 2.5 4
v 3.2 2.5 4
v 3.3 2.5 4
v 3.4 2.5 4
v 3.5 2.5 4
v 3.6 2.5 4
v 3.7 2.5 4
v 3.8 2.5 4
v 3.9 2.5 4
v 4 2.5 4
v 4.1 2.5 4
v 4.2 2.5 4
v 4.4 2.5 4
v 4.5 2.5 4
v 4.8 2.5 4
v 5.1 2.5 4
v 5.2 2.5 4
v 5.3 2.5 4
v 2.3 2.5 3.9
v 2.5 2.5 3.9
v 2.6 2.5 3.9
v 2.7 2.5 3.9
v 2.9 2.5 3.9
v 3 2.5 3.9
v 3.1 2.5 3.9
v 3.2 2.5 3.9
v 3.3 2.5 3.9
v 3.4 2.5 3.9
v 3.5 2.5 3.9
v 3.6 2.5 3.9
v 3.7 2.5 3.9
v 3.9 2.5 3.9
v 4 2.5 3.9
v 4.1 2.5 3.9
v 4.2 2.5 3.9
v 4.3 2.5 3.9
v 4.4 2.5 3.9
v 4.5 2.5 3.9
v 4.6 2.5 3.9
v 4.7 2.5 3.9
v 4.8 2.5 3.9
v 4.9 2.5 3.9
v 5 2.5 3.9
v 5.1 2.5 3.9
v 5.2 2.5 3.9
v 5.3 2.5 3.9
v 2.2 2.5 3.8
v 2.3 2.5 3.8
v 2.6 2.5 3.8
v 2.7 2.5 3.8
v 2.8 2.5 3.8
v 2.9 2.5 3.8
v 3.2 2.5 3.8
v 3.3 2.5 3.8
v 3.4 2.5 3.8
v 3.5 2.5 3.8
v 3.6 2.5 3.8
v 3.7 2.5 3.8
v 3.8 2.5 3.8
v 3.9 2.5 3.8
v 4 2.5 3.8
v 4.1 2.5 3.8
v 4.2 2.5 3.8
v 4.3 2.5 3.8
v 4.4 2.5 3.8
v 4.6 2.5 3.8
v 4.7 2.5 3.8
v 4.8 2.5 3.8
v 4.9 2.5 3.8
v 5 2.5 3.8
v 5.1 2.5 3.8
v 5.2 2.5 3.8
v 5.3 2.5 3.8
v 5.4 2.5 3.8
v 2.2 2.5 3.7
v 2.4 2.5 3.7
v 2.6 2.5 3.7
v 2.7 2.5 3.7
v 2.8 2.5 3.7
v 3 2.5 3.7
v 3.2 2.5 3.7
v 3.3 2.5 3.7
v 3.4 2.5 3.7
v 3.5 2.5 3.7
v 3.6 2.5 3.7
v 3.7 2.5 3.7
v 3.8 2.5 3.7
v 3.9 2.5 3.7
v 4 2.5 3.7
v 4.1 2.5 3.7
v 4.2 2.5 3.7
v 4.3 2.5 3.7
v 4.5 2.5 3.7
v 4.6 2.5 3.7
v 4.7 2.5 3.7
v 4.8 2.5 3.7
v 4.9 2.5 3.7
v 5 2.5 3.7
v 5.3 2.5 3.7
v 5.4 2.5 3.7
v 2.2 2.5 3.6
v 2.3 2.5 3.6
v 2.4 2.5 3.6
v 2.5 2.5 3.6
v 2.6 2.5 3.6
v 2.7 2.5 3.6
v 2.8 2.5 3.6
v 3 2.5 3.6
v 3.1 2.5 3.6
v 3.2 2.5 3.6
v 3.3 2.5 3.6
v 3.4 2.5 3.6
v 3.5 2.5 3.6
v 3.6 2.5 3.6
v 3.7 2.5 3.6
v 3.8 2.5 3.6
v 3.9 2.5 3.6
v 4 2.5 3.6
v 4.1 2.5 3.6
v 4.2 2.5 3.6
v 4.3 2.5 3.6
v 4.4 2.5 3.6
v 4.5 2.5 3.6
v 4.6 2.5 3.6
v 4.7 2.5 3.6
v 4.8 2.5 3.6
v 4.9 2.5 3.6
v 5 2.5 3.6
v 5.1 2.5 3.6
v 5.3 2.5 3.6
v 5.4 2.5 3.6
v 2.2 2.5 3.5
v 2.3 2.5 3.5
v 2.4 2.5 3.5
v 2.5 2.5 3.5
v 2.6 2.5 3.5
v 2.7 2.5 3.5
v 2.8 2.5 3.5
v 2.9 2.5 3.5
v 3 2.5 3.5
v 3.1 2.5 3.5
v 3.2 2.5 3.5
v 3.3 2.5 3.5
v 3.5 2.5 3.5
v 3.6 2.5 3.5
v 3.7 2.5 3.5
v 3.8 2.5 3.5
v 3.9 2.5 3.5
v 4 2.5 3.5
v 4.1 2.5 3.5
v 4.2 2.5 3.5
v 4.4 2.5 3.5
v 4.5 2.5 3.5
v 4.6 2.5 3.5
v 4.7 2.5 3.5
v 4.8 2.5 3.5
v 4.9 2.5 3.5
v 5 2.5 3.5
v 5.1 2.5 3.5
v 5.2 2.5 3.5
v 5.3 2.5 3.5
v 5.4 2.5 3.5
v 2.2 2.5 3.4
v 2.3 2.5 3.4
v 2.4 2.5 3.4
v 2.5 2.5 3.4
v 2.7 2.5 3.4
v 2.8 2.5 3.4
v 2.9 2.5 3.4
v 3 2.5 3.4
v 3.2 2.5 3.4
v 3.3 2.5 3.4
v 3.4 2.5 3.4
v 3.5 2.5 3.4
v 3.6 2.5 3.4
v 3.7 2.5 3.4
v 3.8 2.5 3.4
v 4 2.5 3.4
v 4.1 2.5 3.4
v 4.2 2.5 3.4
v 4.3 2.5 3.4
v 4.4 2.5 3.4
v 4.5 2.5 3.4
v 4.6 2.5 3.4
v 4.7 2.5 3.4
v 4.8 2.5 3.4
v 4.9 2.5 3.4
v 5 2.5 3.4
v 5.1 2.5 3.4
v 5.2 2.5 3.4
v 5.3 2.5 3.4
v 5.4 2.5 3.4
v 2.2 2.5 3.3
v 2.3 2.5 3.3
v 2.4 2.5 3.3
v 2.5 2.5 3.3
v 2.6 2.5 3.3
v 2.8 2.5 3.3
v 3 2.5 3.3
v 3.1 2.5 3.3
v 3.3 2.5 3.3
v 3.4 2.5 3.3
v 3.5 2.5 3.3
v 3.6 2.5 3.3
v 3.7 2.5 3.3
v 3.8 2.5 3.3
v 3.9 2.5 3.3
v 4 2.5 3.3
v 4.1 2.5 3.3
v 4.2 2.5 3.3
v 4.3 2.5 3.3
v 4.4 2.5 3.3
v 4.5 2.5 3.3
v 4.7 2.5 3.3
v 4.8 2.5 3.3
v 4.9 2.5 3.3
v 5 2.5 3.3
v 5.1 2.5 3.3
v 5.2 2.5 3.3
v 5.3 2.5 3.3
v 5.4 2.5 3.3
v 2.4 2.5 3.2
v 2.5 2.5 3.2
v 2.6 2.5 3.2
v 2.7 2.5 3.2
v 2.8 2.5 3.2
v 2.9 2.5 3.2
v 3 2.5 3.2
v 3.1 2.5 3.2
v 3.4 2.5 3.2
v 3.5 2.5 3.2
v 3.6 2.5 3.2
v 3.7 2.5 3.2
v 3.8 2.5 3.2
v 3.9 2.5 3.2
v 4 2.5 3.2
v 4.1 2.5 3.2
v 4.2 2.5 3.2
v 4.3 2.5 3.2
v 4.4 2.5 3.2
v 4.6 2.5 3.2
v 4.7 2.5 3.2
v 4.8 2.5 3.2
v 4.9 2.5 3.2
v 5 2.5 3.2
v 5.1 2.5 3.2
v 5.2 2.5 3.2
v 5.3 2.5 3.2
v 5.4 2.5 3.2
v 2.2 2.5 3.1
v 2.3 2.5 3.1
v 2.4 2.5 3.1
v 2.5 2.5 3.1
v 2.6 2.5 3.1
v 2.7 2.5 3.1
v 2.8 2.5 3.1
v 2.9 2.5 3.1
v 3 2.5 3.1
v 3.1 2.5 3.1
v 3.2 2.5 3.1
v 3.3 2.5 3.1
v 3.4 2.5 3.1
v 3.5 2.5 3.1
v 3.6 2.5 3.1
v 3.7 2.5 3.1
v 3.8 2.5 3.1
v 3.9 2.5 3.1
v 4 2.5 3.1
v 4.1 2.5 3.1
v 4.2 2.5 3.1
v 4.3 2.5 3.1
v 4.8 2.5 3.1
v 4.9 2.5 3.1
v 5.2 2.5 3.1
v 5.3 2.5 3.1
v 5.4 2.5 3.1
v 2.2 2.5 3
v 2.3 2.5 3
v 2.4 2.5 3
v 2.5 2.5 3
v 2.6 2.5 3
v 2.8 2.5 3
v 2.9 2.5 3
v 3 2.5 3
v 3.1 2.5 3
v 3.2 2.5 3
v 3.3 2.5 3
v 3.4 2.5 3
v 3.5 2.5 3
v 3.6 2.5 3
v 3.7 2.5 3
v 3.9 2.5 3
v 4 2.5 3
v 4.1 2.5 3
v 4.2 2.5 3
v 4.3 2.5 3
v 4.4 2.5 3
v 4.5 2.5 3
v 4.6 2.5 3
v 4.7 2.5 3
v 4.8 2.5 3
v 4.9 2.5 3
v 5 2.5 3
v 5.1 2.5 3
v 5.2 2.5 3
v 5.3 2.5 3
v 5.4 2.5 3
v 2.2 2.5 2.9
v 2.4 2.5 2.9
v 2.5 2.5 2.9
v 2.9 2.5 2.9
v 3 2.5 2.9
v 3.2 2.5 2.9
v 3.3 2.5 2.9
v 3.4 2.5 2.9
v 3.5 2.5 2.9
v 3.6 2.5 2.9
v 3.7 2.5 2.9
v 3.8 2.5 2.9
v 4 2.5 2.9
v 4.2 2.5 2.9
v 4.4 2.5 2.9
v 4.5 2.5 2.9
v 4.6 2.5 2.9
v 4.7 2.5 2.9
v 4.8 2.5 2.9
v 4.9 2.5 2.9
v 5 2.5 2.9
v 5.1 2.5 2.9
v 5.2 2.5 2.9
v 5.3 2.5 2.9
v 5.4 2.5 2.9
v 2.2 2.5 2.8
v 2.3 2.5 2.8
v 2.4 2.5 2.8
v 2.5 2.5 2.8
v 2.7 2.5 2.8
v 2.8 2.5 2.8
v 2.9 2.5 2.8
v 3 2.5 2.8
v 3.1 2.5 2.8
v 3.2 2.5 2.8
v 3.3 2.5 2.8
v 3.4 2.5 2.8
v 3.5 2.5 2.8
v 3.7 2.5 2.8
v 3.8 2.5 2.8
v 3.9 2.5 2.8
v 4 2.5 2.8
v 4.1 2.5 2.8
v 4.3 2.5 2.8
v 4.5 2.5 2.8
v 4.6 2.5 2.8
v 4.7 2.5 2.8
v 4.8 2.5 2.8
v 5.1 2.5 2.8
v 5.2 2.5 2.8
v 5.3 2.5 2.8
v 5.4 2.5 2.8
v 2.2 2.5 2.7
v 2.3 2.5 2.7
v 2.4 2.5 2.7
v 2.5 2.5 2.7
v 2.6 2.5 2.7
v 2.7 2.5 2.7
v 2.8 2.5 2.7
v 2.9 2.5 2.7
v 3 2.5 2.7
v 3.1 2.5 2.7
v 3.2 2.5 2.7
v 3.3 2.5 2.7
v 3.4 2.5 2.7
v 3.5 2.5 2.7
v 3.6 2.5 2.7
v 3.7 2.5 2.7
v 3.8 2.5 2.7
v 3.9 2.5 2.7
v 4 2.5 2.7
v 4.1 2.5 2.7
v 4.2 2.5 2.7
v 4.3 2.5 2.7
v 4.4 2.5 2.7
v 4.5 2.5 2.7
v 4.6 2.5 2.7
v 4.7 2.5 2.7
v 4.8 2.5 2.7
v 4.9 2.5 2.7
v 5 2.5 2.7
v 5.1 2.5 2.7
v 5.2 2.5 2.7
v 5.3 2.5 2.7
v 5.4 2.5 2.7
v 2.2 2.5 2.6
v 2.3 2.5 2.6
v 2.5 2.5 2.6
v 2.6 2.5 2.6
v 2.7 2.5 2.6
v 2.8 2.5 2.6
v 2.9 2.5 2.6
v 3 2.5 2.6
v 3.1 2.5 2.6
v 3.2 2.5 2.6
v 3.3 2.5 2.6
v 3.4 2.5 2.6
v 3.5 2.5 2.6
v 3.6 2.5 2.6
v 3.7 2.5 2.6
v 3.8 2.5 2.6
v 3.9 2.5 2.6
v 4 2.5 2.6
v 4.1 2.5 2.6
v 4.2 2.5 2.6
v 4.3 2.5 2.6
v 4.4 2.5 2.6
v 4.5 2.5 2.6
v 4.6 2.5 2.6
v 4.7 2.5 2.6
v 4.8 2.5 2.6
v 4.9 2.5 2.6
v 5 2.5 2.6
v 5.1 2.5 2.6
v 5.2 2.5 2.6
v 5.3 2.5 2.6
v 5.4 2.5 2.6
v 2.3 2.5 2.5
v 2.4 2.5 2.5
v 2.5 2.5 2.5
v 2.6 2.5 2.5
v 2.7 2.5 2.5
v 2.8 2.5 2.5
v 2.9 2.5 2.5
v 3 2.5 2.5
v 3.1 2.5 2.5
v 3.2 2.5 2.5
v 3.3 2.5 2.5
v 3.4 2.5 2.5
v 3.6 2.5 2.5
v 3.7 2.5 2.5
v 3.8 2.5 2.5
v 3.9 2.5 2.5
v 4 2.5 2.5
v 4.1 2.5 2.5
v 4.2 2.5 2.5
v 4.4 2.5 2.5
v 4.5 2.5 2.5
v 4.6 2.5 2.5
v 4.8 2.5 2.5
v 4.9 2.5 2.5
v 5 2.5 2.5
v 5.1 2.5 2.5
v 5.3 2.5 2.5
v 5.4 2.5 2.5
v 2.2 2.5 2.4
v 2.3 2.5 2.4
v 2.4 2.5 2.4
v 2.5 2.5 2.4
v 2.6 2.5 2.4
v 2.7 2.5 2.4
v 2.8 2.5 2.4
v 2.9 2.5 2.4
v 3 2.5 2.4
v 3.1 2.5 2.4
v 3.2 2.5 2.4
v 3.3 2.5 2.4
v 3.4 2.5 2.4
v 3.5 2.5 2.4
v 3.6 2.5 2.4
v 3.7 2.5 2.4
v 3.8 2.5 2.4
v 3.9 2.5 2.4
v 4 2.5 2.4
v 4.1 2.5 2.4
v 4.2 2.5 2.4
v 4.4 2.5 2.4
v 4.6 2.5 2.4
v 4.7 2.5 2.4
v 4.8 2.5 2.4
v 4.9 2.5 2.4
v 5 2.5 2.4
v 5.1 2.5 2.4
v 5.2 2.5 2.4
v 5.3 2.5 2.4
v 5.4 2.5 2.4
v 2.2 2.5 2.3
v 2.3 2.5 2.3
v 2.4 2.5 2.3
v 2.5 2.5 2.3
v 2.6 2.5 2.3
v 2.7 2.5 2.3
v 2.8 2.5 2.3
v 3 2.5 2.3
v 3.1 2.5 2.3
v 3.2 2.5 2.3
v 3.3 2.5 2.3
v 3.4 2.5 2.3
v 3.5 2.5 2.3
v 3.6 2.5 2.3
v 3.8 2.5 2.3
v 3.9 2.5 2.3
v 4 2.5 2.3
v 4.1 2.5 2.3
v 4.2 2.5 2.3
v 4.3 2.5 2.3
v 4.4 2.5 2.3
v 4.5 2.5 2.3
v 4.6 2.5 2.3
v 4.7 2.5 2.3
v 4.8 2.5 2.3
v 4.9 2.5 2.3
v 5 2.5 2.3
v 5.1 2.5 2.3
v 5.2 2.5 2.3
v 5.3 2.5 2.3
v 5.4 2.5 2.3
v 2.2 2.5 2.2
v 2.3 2.5 2.2
v 2.4 2.5 2.2
v 2.5 2.5 2.2
v 2.8 2.5 2.2
v 3 2.5 2.2
v 3.1 2.5 2.2
v 3.2 2.5 2.2
v 3.3 2.5 2.2
v 3.5 2.5 2.2
v 3.7 2.5 2.2
v 3.8 2.5 2.2
v 3.9 2.5 2.2
v 4 2.5 2.2
v 4.1 2.5 2.2
v 4.2 2.5 2.2
v 4.3 2.5 2.2
v 4.4 2.5 2.2
v 4.5 2.5 2.2
v 4.6 2.5 2.2
v 4.7 2.5 2.2
v 4.8 2.5 2.2
v 4.9 2.5 2.2
v 5 2.5 2.2
v 5.1 2.5 2.2
v 5.2 2.5 2.2
v 5.3 2.5 2.2
v 5.4 2.5 2.2
v 2.2 2.5 2.1
v 2.3 2.5 2.1
v 2.4 2.5 2.1
v 2.5 2.5 2.1
v 2.6 2.5 2.1
v 2.7 2.5 2.1
v 2.8 2.5 2.1
v 2.9 2.5 2.1
v 3 2.5 2.1
v 3.1 2.5 2.1
v 3.2 2.5 2.1
v 3.3 2.5 2.1
v 3.4 2.5 2.1
v 3.5 2.5 2.1
v 3.6 2.5 2.1
v 3.7 2.5 2.1
v 3.8 2.5 2.1
v 3.9 2.5 2.1
v 4.1 2.5 2.1
v 4.2 2.5 2.1
v 4.3 2.5 2.1
v 4.5 2.5 2.1
v 4.6 2.5 2.1
v 4.8 2.5 2.1
v 5 2.5 2.1
v 5.1 2.5 2.1
v 5.2 2.5 2.1
v 5.3 2.5 2.1
v 5.4 2.5 2.1
v 2.2 2.5 2
v 2.3 2.5 2
v 2.4 2.5 2
v 2.6 2.5 2
v 2.7 2.5 2
v 2.8 2.5 2
v 2.9 2.5 2
v 3.1 2.5 2
v 3.2 2.5 2
v 3.4 2.5 2
v 3.5 2.5 2
v 3.6 2.5 2
v 3.7 2.5 2
v 3.9 2.5 2
v 4 2.5 2
v 4.1 2.5 2
v 4.2 2.5 2
v 4.3 2.5 2
v 4.5 2.5 2
v 4.8 2.5 2
v 5.1 2.5 2
v 5.2 2.5 2
v 5.3 2.5 2
v 5.4 2.5 2
v 2.2 2.5 1.9
v 2.3 2.5 1.9
v 2.4 2.5 1.9
v 2.5 2.5 1.9
v 2.6 2.5 1.9
v 2.8 2.5 1.9
v 2.9 2.5 1.9
v 3 2.5 1.9
v 3.1 2.5 1.9
v 3.3 2.5 1.9
v 3.5 2.5 1.9
v 3.6 2.5 1.9
v 3.7 2.5 1.9
v 3.8 2.5 1.9
v 4.1 2.5 1.9
v 4.2 2.5 1.9
v 4.3 2.5 1.9
v 4.4 2.5 1.9
v 4.5 2.5 1.9
v 4.6 2.5 1.9
v 4.7 2.5 1.9
v 4.8 2.5 1.9
v 5 2.5 1.9
v 5.1 2.5 1.9
v 5.2 2.5 1.9
v 5.3 2.5 1.9
v 5.4 2.5 1.9
v 2.2 2.5 1.8
v 2.3 2.5 1.8
v 2.4 2.5 1.8
v 2.5 2.5 1.8
v 2.6 2.5 1.8
v 2.7 2.5 1.8
v 2.8 2.5 1.8
v 2.9 2.5 1.8
v 3 2.5 1.8
v 3.1 2.5 1.8
v 3.3 2.5 1.8
v 3.5 2.5 1.8
v 3.6 2.5 1.8
v 3.7 2.5 1.8
v 3.8 2.5 1.8
v 4 2.5 1.8
v 4.1 2.5 1.8
v 4.2 2.5 1.8
v 4.3 2.5 1.8
v 4.4 2.5 1.8
v 4.5 2.5 1.8
v 4.6 2.5 1.8
v 4.8 2.5 1.8
v 4.9 2.5 1.8
v 5 2.5 1.8
v 5.1 2.5 1.8
v 2.2 2.5 1.7
v 2.3 2.5 1.7
v 2.4 2.5 1.7
v 2.5 2.5 1.7
v 2.6 2.5 1.7
v 2.7 2.5 1.7
v 2.8 2.5 1.7
v 3.1 2.5 1.7
v 3.2 2.5 1.7
v 3.3 2.5 1.7
v 3.6 2.5 1.7
v 3.7 2.5 1.7
v 3.8 2.5 1.7
v 3.9 2.5 1.7
v 4 2.5 1.7
v 4.1 2.5 1.7
v 4.2 2.5 1.7
v 4.3 2.5 1.7
v 4.4 2.5 1.7
v 4.5 2.5 1.7
v 4.6 2.5 1.7
v 4.7 2.5 1.7
v 4.8 2.5 1.7
v 4.9 2.5 1.7
v 5 2.5 1.7
v 5.1 2.5 1.7
v 5.2 2.5 1.7
v 5.3 2.5 1.7
v 5.4 2.5 1.7
v 2.3 2.5 1.6
v 2.4 2.5 1.6
v 2.5 2.5 1.6
v 2.6 2.5 1.6
v 2.7 2.5 1.6
v 2.8 2.5 1.6
v 2.9 2.5 1.6
v 3 2.5 1.6
v 3.1 2.5 1.6
v 3.2 2.5 1.6
v 3.3 2.5 1.6
v 3.4 2.5 1.6
v 3.5 2.5 1.6
v 3.6 2.5 1.6
v 3.7 2.5 1.6
v 3.8 2.5 1.6
v 3.9 2.5 1.6
v 4 2.5 1.6
v 4.1 2.5 1.6
v 4.2 2.5 1.6
v 4.3 2.5 1.6
v 4.4 2.5 1.6
v 4.5 2.5 1.6
v 4.6 2.5 1.6
v 4.7 2.5 1.6
v 4.8 2.5 1.6
v 4.9 2.5 1.6
v 5 2.5 1.6
v 5.1 2.5 1.6
v 5.2 2.5 1.6
v 5.3 2.5 1.6
v 5.4 2.5 1.6
v 2.2 2.5 1.5
v 2.3 2.5 1.5
v 2.4 2.5 1.5
v 2.6 2.5 1.5
v 2.8 2.5 1.5
v 2.9 2.5 1.5
v 3 2.5 1.5
v 3.1 2.5 1.5
v 3.2 2.5 1.5
v 3.3 2.5 1.5
v 3.4 2.5 1.5
v 3.5 2.5 1.5
v 3.6 2.5 1.5
v 3.7 2.5 1.5
v 3.8 2.5 1.5
v 3.9 2.5 1.5
v 4 2.5 1.5
v 4.1 2.5 1.5
v 4.2 2.5 1.5
v 4.3 2.5 1.5
v 4.5 2.5 1.5
v 4.6 2.5 1.5
v 4.8 2.5 1.5
v 4.9 2.5 1.5
v 5.1 2.5 1.5
v 5.2 2.5 1.5
v 5.3 2.5 1.5
v 5.4 2.5 1.5
v 2.3 2.5 1.4
v 2.4 2.5 1.4
v 2.5 2.5 1.4
v 2.6 2.5 1.4
v 2.7 2.5 1.4
v 2.8 2.5 1.4
v 2.9 2.5 1.4
v 3 2.5 1.4
v 3.1 2.5 1.4
v 3.2 2.5 1.4
v 3.3 2.5 1.4
v 3.4 2.5 1.4
v 3.5 2.5 1.4
v 3.6 2.5 1.4
v 3.7 2.5 1.4
v 3.8 2.5 1.4
v 3.9 2.5 1.4
v 4 2.5 1.4
v 4.1 2.5 1.4
v 4.2 2.5 1.4
v 4.3 2.5 1.4
v 4.4 2.5 1.4
v 4.5 2.5 1.4
v 4.6 2.5 1.4
v 4.7 2.5 1.4
v 4.8 2.5 1.4
v 4.9 2.5 1.4
v 5.1 2.5 1.4
v 5.2 2.5 1.4
v 5.3 2.5 1.4
v 5.4 2.5 1.4
v 2.2 2.5 1.3
v 2.3 2.5 1.3
v 2.4 2.5 1.3
v 2.5 2.5 1.3
v 2.6 2.5 1.3
v 2.7 2.5 1.3
v 2.8 2.5 1.3
v 2.9 2.5 1.3
v 3 2.5 1.3
v 3.1 2.5 1.3
v 3.2 2.5 1.3
v 3.3 2.5 1.3
v 3.4 2.5 1.3
v 3.5 2.5 1.3
v 3.6 2.5 1.3
v 3.7 2.5 1.3
v 3.8 2.5 1.3
v 3.9 2.5 1.3
v 4 2.5 1.3
v 4.1 2.5 1.3
v 4.2 2.5 1.3
v 4.3 2.5 1.3
v 4.4 2.5 1.3
v 4.5 2.5 1.3
v 4.7 2.5 1.3
v 4.8 2.5 1.3
v 4.9 2.5 1.3
v 5 2.5 1.3
v 5.1 2.5 1.3
v 5.2 2.5 1.3
v 5.3 2.5 1.3
v 5.4 2.5 1.3
v 2.2 2.5 1.2
v 2.3 2.5 1.2
v 2.5 2.5 1.2
v 2.6 2.5 1.2
v 2.7 2.5 1.2
v 2.8 2.5 1.2
v 2.9 2.5 1.2
v 3.2 2.5 1.2
v 3.3 2.5 1.2
v 3.4 2.5 1.2
v 3.5 2.5 1.2
v 3.6 2.5 1.2
v 3.7 2.5 1.2
v 3.8 2.5 1.2
v 3.9 2.5 1.2
v 4 2.5 1.2
v 4.1 2.5 1.2
v 4.2 2.5 1.2
v 4.3 2.5 1.2
v 4.4 2.5 1.2
v 4.5 2.5 1.2
v 4.6 2.5 1.2
v 4.7 2.5 1.2
v 4.8 2.5 1.2
v 4.9 2.5 1.2
v 5 2.5 1.2
v 5.1 2.5 1.2
v 5.2 2.5 1.2
v 5.3 2.5 1.2
v 2.2 2.5 1.1
v 2.3 2.5 1.1
v 2.7 2.5 1.1
v 2.8 2.5 1.1
v 2.9 2.5 1.1
v 3 2.5 1.1
v 3.1 2.5 1.1
v 3.2 2.5 1.1
v 3.3 2.5 1.1
v 3.5 2.5 1.1
v 3.6 2.5 1.1
v 3.7 2.5 1.1
v 3.8 2.5 1.1
v 3.9 2.5 1.1
v 4 2.5 1.1
v 4.1 2.5 1.1
v 4.2 2.5 1.1
v 4.4 2.5 1.1
v 4.5 2.5 1.1
v 4.6 2.5 1.1
v 4.8 2.5 1.1
v 4.9 2.5 1.1
v 5 2.5 1.1
v 5.1 2.5 1.1
v 5.2 2.5 1.1
v 5.3 2.5 1.1
v 5.4 2.5 1.1
v 2.2 2.5 1
v 2.3 2.5 1
v 2.4 2.5 1
v 2.5 2.5 1
v 2.7 2.5 1
v 2.9 2.5 1
v 3 2.5 1
v 3.1 2.5 1
v 3.2 2.5 1
v 3.4 2.5 1
v 3.5 2.5 1
v 3.6 2.5 1
v 3.8 2.5 1
v 4 2.5 1
v 4.2 2.5 1
v 4.3 2.5 1
v 4.4 2.5 1
v 4.6 2.5 1
v 4.9 2.5 1
v 5 2.5 1
v 5.1 2.5 1
v 5.2 2.5 1
v 5.3 2.5 1
v 5.4 2.5 1
v 2.2 2.5 0.9
v 2.3 2.5 0.9
v 2.4 2.5 0.9
v 2.5 2.5 0.9
v 2.7 2.5 0.9
v 2.9 2.5 0.9
v 3 2.5 0.9
v 3.3 2.5 0.9
v 3.4 2.5 0.9
v 3.5 2.5 0.9
v 3.6 2.5 0.9
v 3.8 2.5 0.9
v 3.9 2.5 0.9
v 4 2.5 0.9
v 4.1 2.5 0.9
v 4.2 2.5 0.9
v 4.3 2.5 0.9
v 4.4 2.5 0.9
v 4.5 2.5 0.9
v 4.6 2.5 0.9
v 4.8 2.5 0.9
v 4.9 2.5 0.9
v 5 2.5 0.9
v 5.1 2.5 0.9
v 5.2 2.5 0.9
v 5.3 2.5 0.9
v 2.2 2.5 0.8
v 2.3 2.5 0.8
v 2.4 2.5 0.8
v 2.6 2.5 0.8
v 2.7 2.5 0.8
v 2.8 2.5 0.8
v 2.9 2.5 0.8
v 3 2.5 0.8
v 3.1 2.5 0.8
v 3.2 2.5 0.8
v 3.3 2.5 0.8
v 3.4 2.5 0.8
v 3.5 2.5 0.8
v 3.6 2.5 0.8
v 3.7 2.5 0.8
v 3.9 2.5 0.8
v 4 2.5 0.8
v 4.1 2.5 0.8
v 4.2 2.5 0.8
v 4.3 2.5 0.8
v 4.4 2.5 0.8
v 4.5 2.5 0.8
v 4.6 2.5 0.8
v 4.7 2.5 0.8
v 4.8 2.5 0.8
v 4.9 2.5 0.8
v 5 2.5 0.8
v 5.1 2.5 0.8
v 5.2 2.5 0.8
v 5.3 2.5 0.8
v 5.4 2.5 0.8
v 2.2 2.5 0.7
v 2.3 2.5 0.7
v 2.4 2.5 0.7
v 2.5 2.5 0.7
v 2.6 2.5 0.7
v 2.7 2.5 0.7
v 2.8 2.5 0.7
v 2.9 2.5 0.7
v 3 2.5 0.7
v 3.1 2.5 0.7
v 3.2 2.5 0.7
v 3.3 2.5 0.7
v 3.4 2.5 0.7
v 3.5 2.5 0.7
v 3.6 2.5 0.7
v 3.7 2.5 0.7
v 3.9 2.5 0.7
v 4 2.5 0.7
v 4.1 2.5 0.7
v 4.2 2.5 0.7
v 4.3 2.5 0.7
v 4.4 2.5 0.7
v 4.5 2.5 0.7
v 4.6 2.5 0.7
v 4.7 2.5 0.7
v 4.8 2.5 0.7
v 4.9 2.5 0.7
v 5 2.5 0.7
v 5.1 2.5 0.7
v 5.2 2.5 0.7
v 5.3 2.5 0.7
v 5.4 2.5 0.7
v 2.2 2.5 0.6
v 2.3 2.5 0.6
v 2.4 2.5 0.6
v 2.5 2.5 0.6
v 2.6 2.5 0.6
v 2.7 2.5 0.6
v 2.8 2.5 0.6
v 2.9 2.5 0.6
v 3 2.5 0.6
v 3.1 2.5 0.6
v 3.2 2.5 0.6
v 3.3 2.5 0.6
v 3.4 2.5 0.6
v 3.5 2.5 0.6
v 3.7 2.5 0.6
v 3.8 2.5 0.6
v 3.9 2.5 0.6
v 4 2.5 0.6
v 4.1 2.5 0.6
v 4.2 2.5 0.6
v 4.3 2.5 0.6
v 4.4 2.5 0.6
v 4.5 2.5 0.6
v 4.6 2.5 0.6
v 4.7 2.5 0.6
v 4.8 2.5 0.6
v 4.9 2.5 0.6
v 5 2.5 0.6
v 5.1 2.5 0.6
v 5.3 2.5 0.6
v 5.4 2.5 0.6
v 2.2 2.5 0.5
v 2.4 2.5 0.5
v 2.5 2.5 0.5
v 2.6 2.5 0.5
v 2.7 2.5 0.5
v 2.8 2.5 0.5
v 2.9 2.5 0.5
v 3 2.5 0.5
v 3.1 2.5 0.5
v 3.2 2.5 0.5
v 3.3 2.5 0.5
v 3.4 2.5 0.5
v 3.5 2.5 0.5
v 3.7 2.5 0.5
v 3.8 2.5 0.5
v 3.9 2.5 0.5
v 4 2.5 0.5
v 4.1 2.5 0.5
v 4.2 2.5 0.5
v 4.3 2.5 0.5
v 4.4 2.5 0.5
v 4.5 2.5 0.5
v 4.6 2.5 0.5
v 4.7 2.5 0.5
v 4.8 2.5 0.5
v 4.9 2.5 0.5
v 5 2.5 0.5
v 5.1 2.5 0.5
v 5.2 2.5 0.5
v 5.3 2.5 0.5
v 5.4 2.5 0.5
v 2.3 2.5 0.4
v 2.4 2.5 0.4
v 2.5 2.5 0.4
v 2.6 2.5 0.4
v 2.7 2.5 0.4
v 2.8 2.5 0.4
v 2.9 2.5 0.4
v 3 2.5 0.4
v 3.1 2.5 0.4
v 3.2 2.5 0.4
v 3.3 2.5 0.4
v 3.4 2.5 0.4
v 3.5 2.5 0.4
v 3.6 2.5 0.4
v 3.7 2.5 0.4
v 3.8 2.5 0.4
v 3.9 2.5 0.4
v 4 2.5 0.4
v 4.1 2.5 0.4
v 4.2 2.5 0.4
v 4.3 2.5 0.4
v 4.4 2.5 0.4
v 4.5 2.5 0.4
v 4.6 2.5 0.4
v 4.7 2.5 0.4
v 4.8 2.5 0.4
v 4.9 2.5 0.4
v 5 2.5 0.4
v 5.1 2.5 0.4
v 5.3 2.5 0.4
v 5.4 2.5 0.4
v 2.5 2.5 0.3
v 2.6 2.5 0.3
v 2.7 2.5 0.3
v 2.8 2.5 0.3
v 3 2.5 0.3
v 3.2 2.5 0.3
v 3.4 2.5 0.3
v 3.5 2.5 0.3
v 3.6 2.5 0.3
v 3.7 2.5 0.3
v 3.8 2.5 0.3
v 3.9 2.5 0.3
v 4 2.5 0.3
v 4.1 2.5 0.3
v 4.2 2.5 0.3
v 4.3 2.5 0.3
v 4.4 2.5 0.3
v 4.5 2.5 0.3
v 4.6 2.5 0.3
v 4.8 2.5 0.3
v 4.9 2.5 0.3
v 5 2.5 0.3
v 5.1 2.5 0.3
v 5.2 2.5 0.3
v 5.3 2.5 0.3
v 5.4 2.5 0.3
v 2.2 2.5 0.2
v 2.3 2.5 0.2
v 2.5 2.5 0.2
v 2.7 2.5 0.2
v 2.8 2.5 0.2
v 3 2.5 0.2
v 3.3 2.5 0.2
v 3.4 2.5 0.2
v 3.6 2.5 0.2
v 3.8 2.5 0.2
v 3.9 2.5 0.2
v 4 2.5 0.2
v 4.1 2.5 0.2
v 4.2 2.5 0.2
v 4.3 2.5 0.2
v 4.4 2.5 0.2
v 4.5 2.5 0.2
v 4.6 2.5 0.2
v 4.8 2.5 0.2
v 4.9 2.5 0.2
v 5 2.5 0.2
v 5.1 2.5 0.2
v 5.2 2.5 0.2
v 5.3 2.5 0.2
v 5.4 2.5 0.2
v 2.2 2.5 0.0999999
v 2.4 2.5 0.0999999
v 2.5 2.5 0.0999999
v 2.6 2.5 0.0999999
v 2.7 2.5 0.0999999
v 2.8 2.5 0.0999999
v 2.9 2.5 0.0999999
v 3.2 2.5 0.0999999
v 3.3 2.5 0.0999999
v 3.4 2.5 0.0999999
v 3.5 2.5 0.0999999
v 3.6 2.5 0.0999999
v 3.7 2.5 0.0999999
v 4.2 2.5 0.0999999
v 4.3 2.5 0.0999999
v 4.4 2.5 0.0999999
v 4.8 2.5 0.0999999
v 4.9 2.5 0.0999999
v 5 2.5 0.0999999
v 5.1 2.5 0.0999999
v 5.2 2.5 0.0999999
v 5.4 2.5 0.0999999
v 2.2 2.5 0
v 2.3 2.5 0
v 2.4 2.5 0
v 2.5 2.5 0
v 2.6 2.5 0
v 2.7 2.5 0
v 2.8 2.5 0
v 2.9 2.5 0
v 3 2.5 0
v 3.1 2.5 0
v 3.2 2.5 0
v 3.3 2.5 0
v 3.4 2.5 0
v 3.5 2.5 0
v 3.7 2.5 0
v 3.8 2.5 0
v 3.9 2.5 0
v 4 2.5 0
v 4.2 2.5 0
v 4.3 2.5 0
v 4.4 2.5 0
v 4.6 2.5 0
v 4.8 2.5 0
v 4.9 2.5 0
v 5.2 2.5 0
v 5.4 2.5 0
v 2.2 2.5 -0.0999999
v 2.3 2.5 -0.0999999
v 2.4 2.5 -0.0999999
v 2.5 2.5 -0.0999999
v 2.6 2.5 -0.0999999
v 2.7 2.5 -0.0999999
v 2.8 2.5 -0.0999999
v 2.9 2.5 -0.0999999
v 3 2.5 -0.0999999
v 3.1 2.5 -0.0999999
v 3.2 2.5 -0.0999999
v 3.3 2.5 -0.0999999
v 3.4 2.5 -0.0999999
v 3.5 2.5 -0.0999999
v 3.6 2.5 -0.0999999
v 3.7 2.5 -0.0999999
v 3.8 2.5 -0.0999999
v 3.9 2.5 -0.0999999
v 4 2.5 -0.0999999
v 4.1 2.5 -0.0999999
v 4.2 2.5 -0.0999999
v 4.3 2.5 -0.0999999
v 4.4 2.5 -0.0999999
v 4.5 2.5 -0.0999999
v 4.6 2.5 -0.0999999
v 4.7 2.5 -0.0999999
v 5.2 2.5 -0.0999999
v 5.3 2.5 -0.0999999
v 5.4 2.5 -0.0999999
v 2.3 2.5 -0.2
v 2.4 2.5 -0.2
v 2.5 2.5 -0.2
v 2.7 2.5 -0.2
v 2.8 2.5 -0.2
v 2.9 2.5 -0.2
v 3 2.5 -0.2
v 3.1 2.5 -0.2
v 3.2 2.5 -0.2
v 3.3 2.5 -0.2
v 3.4 2.5 -0.2
v 3.5 2.5 -0.2
v 3.6 2.5 -0.2
v 3.7 2.5 -0.2
v 3.8 2.5 -0.2
v 3.9 2.5 -0.2
v 4 2.5 -0.2
v 4.1 2.5 -0.2
v 4.2 2.5 -0.2
v 4.3 2.5 -0.2
v 4.4 2.5 -0.2
v 4.5 2.5 -0.2
v 4.6 2.5 -0.2
v 4.7 2.5 -0.2
v 4.8 2.5 -0.2
v 4.9 2.5 -0.2
v 5 2.5 -0.2
v 5.1 2.5 -0.2
v 5.2 2.5 -0.2
v 2.3 2.5 -0.3
v 2.4 2.5 -0.3
v 2.5 2.5 -0.3
v 2.6 2.5 -0.3
v 2.7 2.5 -0.3
v 2.8 2.5 -0.3
v 2.9 2.5 -0.3
v 3 2.5 -0.3
v 3.2 2.5 -0.3
v 3.3 2.5 -0.3
v 3.4 2.5 -0.3
v 3.8 2.5 -0.3
v 3.9 2.5 -0.3
v 4.2 2.5 -0.3
v 4.3 2.5 -0.3
v 4.4 2.5 -0.3
v 4.5 2.5 -0.3
v 4.6 2.5 -0.3
v 4.7 2.5 -0.3
v 4.8 2.5 -0.3
v 4.9 2.5 -0.3
v 5 2.5 -0.3
v 5.2 2.5 -0.3
v 2.2 2.5 -0.4
v 2.3 2.5 -0.4
v 2.4 2.5 -0.4
v 2.5 2.5 -0.4
v 2.6 2.5 -0.4
v 2.7 2.5 -0.4
v 2.8 2.5 -0.4
v 2.9 2.5 -0.4
v 3.1 2.5 -0.4
v 3.2 2.5 -0.4
v 3.3 2.5 -0.4
v 3.4 2.5 -0.4
v 3.5 2.5 -0.4
v 3.6 2.5 -0.4
v 3.7 2.5 -0.4
v 3.8 2.5 -0.4
v 3.9 2.5 -0.4
v 4 2.5 -0.4
v 4.1 2.5 -0.4
v 4.2 2.5 -0.4
v 4.3 2.5 -0.4
v 4.4 2.5 -0.4
v 4.5 2.5 -0.4
v 4.6 2.5 -0.4
v 4.7 2.5 -0.4
v 4.8 2.5 -0.4
v 4.9 2.5 -0.4
v 5 2.5 -0.4
v 5.2 2.5 -0.4
v 2.2 2.5 -0.5
v 2.3 2.5 -0.5
v 2.4 2.5 -0.5
v 2.5 2.5 -0.5
v 2.6 2.5 -0.5
v 2.7 2.5 -0.5
v 2.8 2.5 -0.5
v 2.9 2.5 -0.5
v 3 2.5 -0.5
v 3.1 2.5 -0.5
v 3.4 2.5 -0.5
v 3.5 2.5 -0.5
v 3.6 2.5 -0.5
v 3.7 2.5 -0.5
v 3.8 2.5 -0.5
v 3.9 2.5 -0.5
v 4 2.5 -0.5
v 4.1 2.5 -0.5
v 4.2 2.5 -0.5
v 4.3 2.5 -0.5
v 4.4 2.5 -0.5
v 4.6 2.5 -0.5
v 4.7 2.5 -0.5
v 4.8 2.5 -0.5
v 4.9 2.5 -0.5
v 5 2.5 -0.5
v 5.1 2.5 -0.5
v 2.2 2.5 -0.6
v 2.3 2.5 -0.6
v 2.4 2.5 -0.6
v 2.5 2.5 -0.6
v 2.6 2.5 -0.6
v 2.7 2.5 -0.6
v 2.8 2.5 -0.6
v 2.9 2.5 -0.6
v 3 2.5 -0.6
v 3.1 2.5 -0.6
v 3.3 2.5 -0.6
v 3.4 2.5 -0.6
v 3.5 2.5 -0.6
v 3.6 2.5 -0.6
v 3.8 2.5 -0.6
v 4 2.5 -0.6
v 4.1 2.5 -0.6
v 4.2 2.5 -0.6
v 4.3 2.5 -0.6
v 4.4 2.5 -0.6
v 4.6 2.5 -0.6
v 4.7 2.5 -0.6
v 4.8 2.5 -0.6
v 4.9 2.5 -0.6
v 5 2.5 -0.6
v 5.1 2.5 -0.6
v 5.2 2.5 -0.6
v 5.3 2.5 -0.6
v 5.4 2.5 -0.6
v 2.2 2.5 -0.7
v 2.3 2.5 -0.7
v 2.4 2.5 -0.7
v 2.5 2.5 -0.7
v 2.6 2.5 -0.7
v 2.7 2.5 -0.7
v 2.8 2.5 -0.7
v 2.9 2.5 -0.7
v 3 2.5 -0.7
v 3.2 2.5 -0.7
v 3.3 2.5 -0.7
v 3.4 2.5 -0.7
v 3.5 2.5 -0.7
v 3.6 2.5 -0.7
v 3.7 2.5 -0.7
v 3.8 2.5 -0.7
v 4 2.5 -0.7
v 4.1 2.5 -0.7
v 4.2 2.5 -0.7
v 4.4 2.5 -0.7
v 4.6 2.5 -0.7
v 4.7 2.5 -0.7
v 4.8 2.5 -0.7
v 4.9 2.5 -0.7
v 5.1 2.5 -0.7
v 5.2 2.5 -0.7
v 5.3 2.5 -0.7
v 5.4 2.5 -0.7
v 2.2 2.5 -0.8
v 2.3 2.5 -0.8
v 2.5 2.5 -0.8
v 2.6 2.5 -0.8
v 2.7 2.5 -0.8
v 2.9 2.5 -0.8
v 3 2.5 -0.8
v 3.1 2.5 -0.8
v 3.2 2.5 -0.8
v 3.7 2.5 -0.8
v 3.8 2.5 -0.8
v 3.9 2.5 -0.8
v 4 2.5 -0.8
v 4.1 2.5 -0.8
v 4.2 2.5 -0.8
v 4.3 2.5 -0.8
v 4.5 2.5 -0.8
v 4.6 2.5 -0.8
v 4.9 2.5 -0.8
v 5 2.5 -0.8
v 5.1 2.5 -0.8
v 5.2 2.5 -0.8
v 5.3 2.5 -0.8
v 5.4 2.5 -0.8
v 2.2 2.5 -0.9
v 2.3 2.5 -0.9
v 2.6 2.5 -0.9
v 2.7 2.5 -0.9
v 2.8 2.5 -0.9
v 3.1 2.5 -0.9
v 3.2 2.5 -0.9
v 3.3 2.5 -0.9
v 3.5 2.5 -0.9
v 3.6 2.5 -0.9
v 3.7 2.5 -0.9
v 3.8 2.5 -0.9
v 3.9 2.5 -0.9
v 4 2.5 -0.9
v 4.1 2.5 -0.9
v 4.2 2.5 -0.9
v 4.3 2.5 -0.9
v 4.4 2.5 -0.9
v 4.5 2.5 -0.9
v 4.6 2.5 -0.9
v 4.7 2.5 -0.9
v 4.8 2.5 -0.9
v 4.9 2.5 -0.9
v 5 2.5 -0.9
v 5.1 2.5 -0.9
v 5.2 2.5 -0.9
v 5.3 2.5 -0.9
v 5.4 2.5 -0.9
v 2.2 2.5 -1
v 2.3 2.5 -1
v 2.4 2.5 -1
v 2.5 2.5 -1
v 2.6 2.5 -1
v 2.7 2.5 -1
v 2.8 2.5 -1
v 2.9 2.5 -1
v 3 2.5 -1
v 3.2 2.5 -1
v 3.3 2.5 -1
v 3.4 2.5 -1
v 3.5 2.5 -1
v 3.6 2.5 -1
v 3.7 2.5 -1
v 3.8 2.5 -1
v 3.9 2.5 -1
v 4.1 2.5 -1
v 4.2 2.5 -1
v 4.3 2.5 -1
v 4.4 2.5 -1
v 4.5 2.5 -1
v 4.6 2.5 -1
v 4.7 2.5 -1
v 4.8 2.5 -1
v 4.9 2.5 -1
v 5 2.5 -1
v 5.1 2.5 -1
v 5.2 2.5 -1
v 5.3 2.5 -1
v 5.4 2.5 -1
v 2.3 2.5 -1.1
v 2.4 2.5 -1.1
v 2.5 2.5 -1.1
v 2.6 2.5 -1.1
v 2.7 2.5 -1.1
v 2.8 2.5 -1.1
v 2.9 2.5 -1.1
v 3 2.5 -1.1
v 3.1 2.5 -1.1
v 3.2 2.5 -1.1
v 3.3 2.5 -1.1
v 3.4 2.5 -1.1
v 3.5 2.5 -1.1
v 3.7 2.5 -1.1
v 4 2.5 -1.1
v 4.1 2.5 -1.1
v 4.2 2.5 -1.1
v 4.3 2.5 -1.1
v 4.4 2.5 -1.1
v 4.5 2.5 -1.1
v 4.6 2.5 -1.1
v 4.8 2.5 -1.1
v 4.9 2.5 -1.1
v 5 2.5 -1.1
v 5.1 2.5 -1.1
v 5.2 2.5 -1.1
v 5.3 2.5 -1.1
v 5.4 2.5 -1.1
v 2.2 2.5 -1.2
v 2.5 2.5 -1.2
v 2.6 2.5 -1.2
v 2.7 2.5 -1.2
v 2.8 2.5 -1.2
v 2.9 2.5 -1.2
v 3 2.5 -1.2
v 3.1 2.5 -1.2
v 3.2 2.5 -1.2
v 3.3 2.5 -1.2
v 3.4 2.5 -1.2
v 3.5 2.5 -1.2
v 3.6 2.5 -1.2
v 3.8 2.5 -1.2
v 3.9 2.5 -1.2
v 4 2.5 -1.2
v 4.1 2.5 -1.2
v 4.3 2.5 -1.2
v 4.4 2.5 -1.2
v 4.5 2.5 -1.2
v 4.6 2.5 -1.2
v 4.7 2.5 -1.2
v 4.8 2.5 -1.2
v 4.9 2.5 -1.2
v 5 2.5 -1.2
v 5.1 2.5 -1.2
v 5.2 2.5 -1.2
v 5.3 2.5 -1.2
v 5.4 2.5 -1.2
v 2.2 2.5 -1.3
v 2.3 2.5 -1.3
v 2.4 2.5 -1.3
v 2.5 2.5 -1.3
v 2.7 2.5 -1.3
v 2.9 2.5 -1.3
v 3 2.5 -1.3
v 3.1 2.5 -1.3
v 3.2 2.5 -1.3
v 3.3 2.5 -1.3
v 3.4 2.5 -1.3
v 3.5 2.5 -1.3
v 3.6 2.5 -1.3
v 3.7 2.5 -1.3
v 3.8 2.5 -1.3
v 3.9 2.5 -1.3
v 4.1 2.5 -1.3
v 4.2 2.5 -1.3
v 4.3 2.5 -1.3
v 4.6 2.5 -1.3
v 4.7 2.5 -1.3
v 4.8 2.5 -1.3
v 4.9 2.5 -1.3
v 5 2.5 -1.3
v 5.1 2.5 -1.3
v 5.3 2.5 -1.3
v 5.4 2.5 -1.3
v 2.2 2.5 -1.4
v 2.3 2.5 -1.4
v 2.4 2.5 -1.4
v 2.5 2.5 -1.4
v 2.6 2.5 -1.4
v 2.7 2.5 -1.4
v 2.9 2.5 -1.4
v 3 2.5 -1.4
v 3.1 2.5 -1.4
v 3.2 2.5 -1.4
v 3.3 2.5 -1.4
v 3.4 2.5 -1.4
v 3.5 2.5 -1.4
v 3.6 2.5 -1.4
v 3.7 2.5 -1.4
v 3.8 2.5 -1.4
v 3.9 2.5 -1.4
v 4 2.5 -1.4
v 4.1 2.5 -1.4
v 4.2 2.5 -1.4
v 4.3 2.5 -1.4
v 4.4 2.5 -1.4
v 4.6 2.5 -1.4
v 4.7 2.5 -1.4
v 4.8 2.5 -1.4
v 4.9 2.5 -1.4
v 5.1 2.5 -1.4
v 5.2 2.5 -1.4
v 5.3 2.5 -1.4
v 5.4 2.5 -1.4
v 2.2 2.5 -1.5
v 2.3 2.5 -1.5
v 2.6 2.5 -1.5
v 2.7 2.5 -1.5
v 2.8 2.5 -1.5
v 2.9 2.5 -1.5
v 3 2.5 -1.5
v 3.1 2.5 -1.5
v 3.2 2.5 -1.5
v 3.3 2.5 -1.5
v 3.4 2.5 -1.5
v 3.5 2.5 -1.5
v 3.6 2.5 -1.5
v 3.7 2.5 -1.5
v 3.8 2.5 -1.5
v 3.9 2.5 -1.5
v 4 2.5 -1.5
v 4.1 2.5 -1.5
v 4.2 2.5 -1.5
v 4.5 2.5 -1.5
v 4.6 2.5 -1.5
v 4.7 2.5 -1.5
v 4.8 2.5 -1.5
v 4.9 2.5 -1.5
v 5.2 2.5 -1.5
v 5.4 2.5 -1.5
v 2.2 2.5 -1.6
v 2.3 2.5 -1.6
v 2.4 2.5 -1.6
v 2.5 2.5 -1.6
v 2.8 2.5 -1.6
v 3 2.5 -1.6
v 3.1 2.5 -1.6
v 3.2 2.5 -1.6
v 3.3 2.5 -1.6
v 3.5 2.5 -1.6
v 3.6 2.5 -1.6
v 3.8 2.5 -1.6
v 3.9 2.5 -1.6
v 4 2.5 -1.6
v 4.3 2.5 -1.6
v 4.4 2.5 -1.6
v 4.5 2.5 -1.6
v 4.6 2.5 -1.6
v 4.7 2.5 -1.6
v 4.9 2.5 -1.6
v 5 2.5 -1.6
v 5.2 2.5 -1.6
v 5.4 2.5 -1.6
v 2.2 2.5 -1.7
v 2.3 2.5 -1.7
v 2.5 2.5 -1.7
v 2.6 2.5 -1.7
v 2.7 2.5 -1.7
v 2.8 2.5 -1.7
v 2.9 2.5 -1.7
v 3 2.5 -1.7
v 3.2 2.5 -1.7
v 3.3 2.5 -1.7
v 3.5 2.5 -1.7
v 3.7 2.5 -1.7
v 3.8 2.5 -1.7
v 3.9 2.5 -1.7
v 4 2.5 -1.7
v 4.1 2.5 -1.7
v 4.3 2.5 -1.7
v 4.4 2.5 -1.7
v 4.5 2.5 -1.7
v 4.7 2.5 -1.7
v 4.8 2.5 -1.7
v 4.9 2.5 -1.7
v 5 2.5 -1.7
v 5.2 2.5 -1.7
v 5.3 2.5 -1.7
v 5.4 2.5 -1.7
v 2.2 2.5 -1.8
v 2.3 2.5 -1.8
v 2.4 2.5 -1.8
v 2.5 2.5 -1.8
v 2.6 2.5 -1.8
v 2.8 2.5 -1.8
v 2.9 2.5 -1.8
v 3 2.5 -1.8
v 3.1 2.5 -1.8
v 3.2 2.5 -1.8
v 3.3 2.5 -1.8
v 3.4 2.5 -1.8
v 3.5 2.5 -1.8
v 3.6 2.5 -1.8
v 3.7 2.5 -1.8
v 3.8 2.5 -1.8
v 3.9 2.5 -1.8
v 4 2.5 -1.8
v 4.1 2.5 -1.8
v 4.2 2.5 -1.8
v 4.3 2.5 -1.8
v 4.4 2.5 -1.8
v 4.5 2.5 -1.8
v 4.6 2.5 -1.8
v 4.7 2.5 -1.8
v 4.8 2.5 -1.8
v 4.9 2.5 -1.8
v 5 2.5 -1.8
v 5.1 2.5 -1.8
v 5.2 2.5 -1.8
v 5.3 2.5 -1.8
v 2.2 2.5 -1.9
v 2.3 2.5 -1.9
v 2.4 2.5 -1.9
v 2.5 2.5 -1.9
v 2.6 2.5 -1.9
v 2.7 2.5 -1.9
v 2.8 2.5 -1.9
v 2.9 2.5 -1.9
v 3 2.5 -1.9
v 3.1 2.5 -1.9
v 3.3 2.5 -1.9
v 3.4 2.5 -1.9
v 3.5 2.5 -1.9
v 3.6 2.5 -1.9
v 3.7 2.5 -1.9
v 3.8 2.5 -1.9
v 3.9 2.5 -1.9
v 4 2.5 -1.9
v 4.1 2.5 -1.9
v 4.2 2.5 -1.9
v 4.4 2.5 -1.9
v 4.5 2.5 -1.9
v 4.6 2.5 -1.9
v 4.7 2.5 -1.9
v 4.8 2.5 -1.9
v 5 2.5 -1.9
v 5.1 2.5 -1.9
v 5.2 2.5 -1.9
v 5.3 2.5 -1.9
v 5.4 2.5 -1.9
v 2.2 2.5 -2
v 2.3 2.5 -2
v 2.4 2.5 -2
v 2.5 2.5 -2
v 2.6 2.5 -2
v 2.7 2.5 -2
v 2.8 2.5 -2
v 2.9 2.5 -2
v 3 2.5 -2
v 3.1 2.5 -2
v 3.2 2.5 -2
v 3.3 2.5 -2
v 3.4 2.5 -2
v 3.5 2.5 -2
v 3.6 2.5 -2
v 3.7 2.5 -2
v 3.8 2.5 -2
v 3.9 2.5 -2
v 4 2.5 -2
v 4.1 2.5 -2
v 4.3 2.5 -2
v 4.5 2.5 -2
v 4.6 2.5 -2
v 4.7 2.5 -2
v 4.8 2.5 -2
v 4.9 2.5 -2
v 5 2.5 -2
v 5.1 2.5 -2
v 5.2 2.5 -2
v 5.3 2.5 -2
v 5.4 2.5 -2
v 2.2 2.5 -2.1
v 2.3 2.5 -2.1
v 2.4 2.5 -2.1
v 2.5 2.5 -2.1
v 2.6 2.5 -2.1
v 2.7 2.5 -2.1
v 2.8 2.5 -2.1
v 2.9 2.5 -2.1
v 3.1 2.5 -2.1
v 3.2 2.5 -2.1
v 3.3 2.5 -2.1
v 3.5 2.5 -2.1
v 3.6 2.5 -2.1
v 3.7 2.5 -2.1
v 3.8 2.5 -2.1
v 3.9 2.5 -2.1
v 4 2.5 -2.1
v 4.1 2.5 -2.1
v 4.2 2.5 -2.1
v 4.3 2.5 -2.1
v 4.4 2.5 -2.1
v 4.5 2.5 -2.1
v 4.6 2.5 -2.1
v 4.7 2.5 -2.1
v 4.9 2.5 -2.1
v 5 2.5 -2.1
v 5.1 2.5 -2.1
v 5.3 2.5 -2.1
v 5.4 2.5 -2.1
v 2.2 2.5 -2.2
v 2.3 2.5 -2.2
v 2.4 2.5 -2.2
v 2.5 2.5 -2.2
v 2.6 2.5 -2.2
v 2.7 2.5 -2.2
v 2.8 2.5 -2.2
v 2.9 2.5 -2.2
v 3 2.5 -2.2
v 3.1 2.5 -2.2
v 3.2 2.5 -2.2
v 3.3 2.5 -2.2
v 3.4 2.5 -2.2
v 3.6 2.5 -2.2
v 3.9 2.5 -2.2
v 4 2.5 -2.2
v 4.1 2.5 -2.2
v 4.2 2.5 -2.2
v 4.3 2.5 -2.2
v 4.4 2.5 -2.2
v 4.5 2.5 -2.2
v 4.6 2.5 -2.2
v 4.7 2.5 -2.2
v 4.8 2.5 -2.2
v 4.9 2.5 -2.2
v 5 2.5 -2.2
v 5.1 2.5 -2.2
v 2.3 2.5 -2.3
v 2.5 2.5 -2.3
v 2.6 2.5 -2.3
v 2.7 2.5 -2.3
v 2.8 2.5 -2.3
v 2.9 2.5 -2.3
v 3 2.5 -2.3
v 3.1 2.5 -2.3
v 3.2 2.5 -2.3
v 3.3 2.5 -2.3
v 3.4 2.5 -2.3
v 3.6 2.5 -2.3
v 3.7 2.5 -2.3
v 3.8 2.5 -2.3
v 3.9 2.5 -2.3
v 4 2.5 -2.3
v 4.1 2.5 -2.3
v 4.2 2.5 -2.3
v 4.3 2.5 -2.3
v 4.4 2.5 -2.3
v 4.5 2.5 -2.3
v 4.6 2.5 -2.3
v 4.8 2.5 -2.3
v 5.1 2.5 -2.3
v 5.2 2.5 -2.3
v 5.3 2.5 -2.3
v 5.4 2.5 -2.3
v 2.2 2.5 -2.4
v 2.3 2.5 -2.4
v 2.4 2.5 -2.4
v 2.7 2.5 -2.4
v 2.9 2.5 -2.4
v 3 2.5 -2.4
v 3.1 2.5 -2.4
v 3.2 2.5 -2.4
v 3.4 2.5 -2.4
v 3.5 2.5 -2.4
v 3.8 2.5 -2.4
v 3.9 2.5 -2.4
v 4 2.5 -2.4
v 4.1 2.5 -2.4
v 4.2 2.5 -2.4
v 4.3 2.5 -2.4
v 4.4 2.5 -2.4
v 4.5 2.5 -2.4
v 4.6 2.5 -2.4
v 4.7 2.5 -2.4
v 4.8 2.5 -2.4
v 4.9 2.5 -2.4
v 5.1 2.5 -2.4
v 5.2 2.5 -2.4
v 5.3 2.5 -2.4
v 5.4 2.5 -2.4
v 2.2 2.5 -2.5
v 2.3 2.5 -2.5
v 2.4 2.5 -2.5
v 2.5 2.5 -2.5
v 2.6 2.5 -2.5
v 2.7 2.5 -2.5
v 2.9 2.5 -2.5
v 3 2.5 -2.5
v 3.1 2.5 -2.5
v 3.2 2.5 -2.5
v 3.5 2.5 -2.5
v 3.9 2.5 -2.5
v 4 2.5 -2.5
v 4.1 2.5 -2.5
v 4.2 2.5 -2.5
v 4.3 2.5 -2.5
v 4.4 2.5 -2.5
v 4.5 2.5 -2.5
v 4.7 2.5 -2.5
v 4.8 2.5 -2.5
v 4.9 2.5 -2.5
v 5.1 2.5 -2.5
v 5.2 2.5 -2.5
v 5.4 2.5 -2.5
v 2.2 2.5 -2.6
v 2.3 2.5 -2.6
v 2.5 2.5 -2.6
v 2.6 2.5 -2.6
v 2.7 2.5 -2.6
v 2.9 2.5 -2.6
v 3 2.5 -2.6
v 3.2 2.5 -2.6
v 3.4 2.5 -2.6
v 3.5 2.5 -2.6
v 3.7 2.5 -2.6
v 3.9 2.5 -2.6
v 4 2.5 -2.6
v 4.2 2.5 -2.6
v 4.3 2.5 -2.6
v 4.4 2.5 -2.6
v 4.5 2.5 -2.6
v 4.7 2.5 -2.6
v 4.8 2.5 -2.6
v 5 2.5 -2.6
v 5.1 2.5 -2.6
v 5.2 2.5 -2.6
v 5.3 2.5 -2.6
v 5.4 2.5 -2.6
v 2.2 2.5 -2.7
v 2.3 2.5 -2.7
v 2.4 2.5 -2.7
v 2.5 2.5 -2.7
v 2.6 2.5 -2.7
v 2.7 2.5 -2.7
v 2.9 2.5 -2.7
v 3 2.5 -2.7
v 3.1 2.5 -2.7
v 3.2 2.5 -2.7
v 3.4 2.5 -2.7
v 3.5 2.5 -2.7
v 3.7 2.5 -2.7
v 3.9 2.5 -2.7
v 4 2.5 -2.7
v 4.1 2.5 -2.7
v 4.2 2.5 -2.7
v 4.3 2.5 -2.7
v 4.4 2.5 -2.7
v 4.5 2.5 -2.7
v 4.6 2.5 -2.7
v 4.8 2.5 -2.7
v 5 2.5 -2.7
v 5.1 2.5 -2.7
v 5.2 2.5 -2.7
v 5.3 2.5 -2.7
v 5.4 2.5 -2.7
v 2.2 2.5 -2.8
v 2.3 2.5 -2.8
v 2.4 2.5 -2.8
v 2.5 2.5 -2.8
v 2.6 2.5 -2.8
v 2.7 2.5 -2.8
v 2.8 2.5 -2.8
v 2.9 2.5 -2.8
v 3 2.5 -2.8
v 3.1 2.5 -2.8
v 3.2 2.5 -2.8
v 3.3 2.5 -2.8
v 3.4 2.5 -2.8
v 3.5 2.5 -2.8
v 3.6 2.5 -2.8
v 3.7 2.5 -2.8
v 3.8 2.5 -2.8
v 3.9 2.5 -2.8
v 4 2.5 -2.8
v 4.1 2.5 -2.8
v 4.2 2.5 -2.8
v 4.4 2.5 -2.8
v 4.5 2.5 -2.8
v 4.6 2.5 -2.8
v 4.7 2.5 -2.8
v 4.8 2.5 -2.8
v 4.9 2.5 -2.8
v 5 2.5 -2.8
v 5.1 2.5 -2.8
v 5.2 2.5 -2.8
v 5.4 2.5 -2.8
v 2.3 2.5 -2.9
v 2.4 2.5 -2.9
v 2.5 2.5 -2.9
v 2.6 2.5 -2.9
v 2.7 2.5 -2.9
v 2.8 2.5 -2.9
v 2.9 2.5 -2.9
v 3 2.5 -2.9
v 3.1 2.5 -2.9
v 3.3 2.5 -2.9
v 3.4 2.5 -2.9
v 3.5 2.5 -2.9
v 3.6 2.5 -2.9
v 3.7 2.5 -2.9
v 3.8 2.5 -2.9
v 3.9 2.5 -2.9
v 4 2.5 -2.9
v 4.1 2.5 -2.9
v 4.2 2.5 -2.9
v 4.3 2.5 -2.9
v 4.4 2.5 -2.9
v 4.5 2.5 -2.9
v 4.6 2.5 -2.9
v 4.7 2.5 -2.9
v 4.8 2.5 -2.9
v 4.9 2.5 -2.9
v 5 2.5 -2.9
v 5.1 2.5 -2.9
v 5.2 2.5 -2.9
v 5.3 2.5 -2.9
v 5.4 2.5 -2.9
v 2.2 2.5 -3
v 2.3 2.5 -3
v 2.4 2.5 -3
v 2.5 2.5 -3
v 2.6 2.5 -3
v 2.7 2.5 -3
v 2.9 2.5 -3
v 3 2.5 -3
v 3.1 2.5 -3
v 3.3 2.5 -3
v 3.4 2.5 -3
v 3.5 2.5 -3
v 3.6 2.5 -3
v 3.7 2.5 -3
v 3.8 2.5 -3
v 3.9 2.5 -3
v 4 2.5 -3
v 4.1 2.5 -3
v 4.2 2.5 -3
v 4.3 2.5 -3
v 4.4 2.5 -3
v 4.5 2.5 -3
v 4.6 2.5 -3
v 4.7 2.5 -3
v 4.8 2.5 -3
v 5 2.5 -3
v 5.1 2.5 -3
v 5.2 2.5 -3
v 5.3 2.5 -3
v 5.4 2.5 -3
v 2.5 2.5 -3.1
v 2.6 2.5 -3.1
v 2.8 2.5 -3.1
v 2.9 2.5 -3.1
v 3 2.5 -3.1
v 3.1 2.5 -3.1
v 3.2 2.5 -3.1
v 3.3 2.5 -3.1
v 3.4 2.5 -3.1
v 3.5 2.5 -3.1
v 3.6 2.5 -3.1
v 3.7 2.5 -3.1
v 3.8 2.5 -3.1
v 3.9 2.5 -3.1
v 4 2.5 -3.1
v 4.1 2.5 -3.1
v 4.2 2.5 -3.1
v 4.3 2.5 -3.1
v 4.4 2.5 -3.1
v 4.5 2.5 -3.1
v 4.6 2.5 -3.1
v 4.7 2.5 -3.1
v 4.8 2.5 -3.1
v 4.9 2.5 -3.1
v 5 2.5 -3.1
v 5.1 2.5 -3.1
v 5.2 2.5 -3.1
v 5.3 2.5 -3.1
v 2.2 2.5 -3.2
v 2.3 2.5 -3.2
v 2.4 2.5 -3.2
v 2.5 2.5 -3.2
v 2.6 2.5 -3.2
v 2.8 2.5 -3.2
v 2.9 2.5 -3.2
v 3 2.5 -3.2
v 3.1 2.5 -3.2
v 3.3 2.5 -3.2
v 3.4 2.5 -3.2
v 3.5 2.5 -3.2
v 3.7 2.5 -3.2
v 3.8 2.5 -3.2
v 3.9 2.5 -3.2
v 4 2.5 -3.2
v 4.1 2.5 -3.2
v 4.2 2.5 -3.2
v 4.3 2.5 -3.2
v 4.5 2.5 -3.2
v 4.6 2.5 -3.2
v 4.7 2.5 -3.2
v 4.8 2.5 -3.2
v 4.9 2.5 -3.2
v 5 2.5 -3.2
v 5.1 2.5 -3.2
v 5.2 2.5 -3.2
v 5.3 2.5 -3.2
v 5.4 2.5 -3.2
v 2.2 2.5 -3.3
v 2.3 2.5 -3.3
v 2.4 2.5 -3.3
v 2.5 2.5 -3.3
v 2.6 2.5 -3.3
v 2.8 2.5 -3.3
v 2.9 2.5 -3.3
v 3 2.5 -3.3
v 3.1 2.5 -3.3
v 3.2 2.5 -3.3
v 3.3 2.5 -3.3
v 3.4 2.5 -3.3
v 3.5 2.5 -3.3
v 3.6 2.5 -3.3
v 3.8 2.5 -3.3
v 3.9 2.5 -3.3
v 4 2.5 -3.3
v 4.1 2.5 -3.3
v 4.2 2.5 -3.3
v 4.3 2.5 -3.3
v 4.4 2.5 -3.3
v 4.5 2.5 -3.3
v 4.6 2.5 -3.3
v 4.7 2.5 -3.3
v 4.8 2.5 -3.3
v 4.9 2.5 -3.3
v 5 2.5 -3.3
v 5.1 2.5 -3.3
v 5.2 2.5 -3.3
v 5.3 2.5 -3.3
v 5.4 2.5 -3.3
v 2.2 2.5 -3.4
v 2.3 2.5 -3.4
v 2.4 2.5 -3.4
v 2.9 2.5 -3.4
v 3.1 2.5 -3.4
v 3.2 2.5 -3.4
v 3.3 2.5 -3.4
v 3.4 2.5 -3.4
v 3.5 2.5 -3.4
v 3.6 2.5 -3.4
v 3.9 2.5 -3.4
v 4 2.5 -3.4
v 4.1 2.5 -3.4
v 4.2 2.5 -3.4
v 4.4 2.5 -3.4
v 4.5 2.5 -3.4
v 4.6 2.5 -3.4
v 4.7 2.5 -3.4
v 4.9 2.5 -3.4
v 5 2.5 -3.4
v 5.1 2.5 -3.4
v 5.2 2.5 -3.4
v 5.3 2.5 -3.4
v 5.4 2.5 -3.4
v 2.2 2.5 -3.5
v 2.3 2.5 -3.5
v 2.4 2.5 -3.5
v 2.6 2.5 -3.5
v 2.7 2.5 -3.5
v 2.8 2.5 -3.5
v 2.9 2.5 -3.5
v 3 2.5 -3.5
v 3.1 2.5 -3.5
v 3.3 2.5 -3.5
v 3.4 2.5 -3.5
v 3.5 2.5 -3.5
v 3.7 2.5 -3.5
v 3.8 2.5 -3.5
v 3.9 2.5 -3.5
v 4 2.5 -3.5
v 4.1 2.5 -3.5
v 4.2 2.5 -3.5
v 4.4 2.5 -3.5
v 4.6 2.5 -3.5
v 4.7 2.5 -3.5
v 4.8 2.5 -3.5
v 4.9 2.5 -3.5
v 5.1 2.5 -3.5
v 5.2 2.5 -3.5
v 5.3 2.5 -3.5
v 5.4 2.5 -3.5
v 2.2 2.5 -3.6
v 2.3 2.5 -3.6
v 2.4 2.5 -3.6
v 2.5 2.5 -3.6
v 2.6 2.5 -3.6
v 2.7 2.5 -3.6
v 2.8 2.5 -3.6
v 2.9 2.5 -3.6
v 3 2.5 -3.6
v 3.1 2.5 -3.6
v 3.2 2.5 -3.6
v 3.3 2.5 -3.6
v 3.4 2.5 -3.6
v 3.5 2.5 -3.6
v 3.6 2.5 -3.6
v 3.8 2.5 -3.6
v 3.9 2.5 -3.6
v 4 2.5 -3.6
v 4.1 2.5 -3.6
v 4.2 2.5 -3.6
v 4.3 2.5 -3.6
v 4.4 2.5 -3.6
v 4.5 2.5 -3.6
v 4.6 2.5 -3.6
v 4.7 2.5 -3.6
v 4.8 2.5 -3.6
v 4.9 2.5 -3.6
v 5 2.5 -3.6
v 5.1 2.5 -3.6
v 5.2 2.5 -3.6
v 5.3 2.5 -3.6
v 5.4 2.5 -3.6
v 2.3 2.5 -3.7
v 2.4 2.5 -3.7
v 2.5 2.5 -3.7
v 2.6 2.5 -3.7
v 2.7 2.5 -3.7
v 2.8 2.5 -3.7
v 2.9 2.5 -3.7
v 3 2.5 -3.7
v 3.1 2.5 -3.7
v 3.2 2.5 -3.7
v 3.3 2.5 -3.7
v 3.4 2.5 -3.7
v 3.5 2.5 -3.7
v 3.6 2.5 -3.7
v 3.7 2.5 -3.7
v 3.8 2.5 -3.7
v 3.9 2.5 -3.7
v 4.1 2.5 -3.7
v 4.3 2.5 -3.7
v 4.4 2.5 -3.7
v 4.5 2.5 -3.7
v 4.7 2.5 -3.7
v 4.8 2.5 -3.7
v 4.9 2.5 -3.7
v 5 2.5 -3.7
v 5.1 2.5 -3.7
v 5.2 2.5 -3.7
v 5.3 2.5 -3.7
v 5.4 2.5 -3.7
v 2.2 2.5 -3.8
v 2.3 2.5 -3.8
v 2.4 2.5 -3.8
v 2.5 2.5 -3.8
v 2.6 2.5 -3.8
v 2.7 2.5 -3.8
v 2.8 2.5 -3.8
v 2.9 2.5 -3.8
v 3 2.5 -3.8
v 3.1 2.5 -3.8
v 3.2 2.5 -3.8
v 3.3 2.5 -3.8
v 3.4 2.5 -3.8
v 3.5 2.5 -3.8
v 3.6 2.5 -3.8
v 3.7 2.5 -3.8
v 3.9 2.5 -3.8
v 4 2.5 -3.8
v 4.1 2.5 -3.8
v 4.2 2.5 -3.8
v 4.3 2.5 -3.8
v 4.4 2.5 -3.8
v 4.5 2.5 -3.8
v 4.8 2.5 -3.8
v 4.9 2.5 -3.8
v 5 2.5 -3.8
v 5.1 2.5 -3.8
v 5.2 2.5 -3.8
v 5.3 2.5 -3.8
v 5.4 2.5 -3.8
v 2.2 2.5 -3.9
v 2.3 2.5 -3.9
v 2.4 2.5 -3.9
v 2.5 2.5 -3.9
v 2.6 2.5 -3.9
v 2.7 2.5 -3.9
v 2.8 2.5 -3.9
v 2.9 2.5 -3.9
v 3 2.5 -3.9
v 3.1 2.5 -3.9
v 3.2 2.5 -3.9
v 3.3 2.5 -3.9
v 3.4 2.5 -3.9
v 3.5 2.5 -3.9
v 3.6 2.5 -3.9
v 3.7 2.5 -3.9
v 3.8 2.5 -3.9
v 3.9 2.5 -3.9
v 4 2.5 -3.9
v 4.1 2.5 -3.9
v 4.3 2.5 -3.9
v 4.4 2.5 -3.9
v 4.5 2.5 -3.9
v 4.6 2.5 -3.9
v 4.7 2.5 -3.9
v 4.8 2.5 -3.9
v 4.9 2.5 -3.9
v 5 2.5 -3.9
v 5.1 2.5 -3.9
v 5.2 2.5 -3.9
v 5.3 2.5 -3.9
v 5.4 2.5 -3.9
v 2.2 2.5 -4
v 2.3 2.5 -4
v 2.4 2.5 -4
v 2.5 2.5 -4
v 2.8 2.5 -4
v 2.9 2.5 -4
v 3 2.5 -4
v 3.1 2.5 -4
v 3.2 2.5 -4
v 3.3 2.5 -4
v 3.4 2.5 -4
v 3.5 2.5 -4
v 3.6 2.5 -4
v 3.8 2.5 -4
v 3.9 2.5 -4
v 4 2.5 -4
v 4.1 2.5 -4
v 4.3 2.5 -4
v 4.4 2.5 -4
v 4.5 2.5 -4
v 4.6 2.5 -4
v 4.7 2.5 -4
v 4.8 2.5 -4
v 4.9 2.5 -4
v 5 2.5 -4
v 5.1 2.5 -4
v 5.2 2.5 -4
v 5.3 2.5 -4
v 5.4 2.5 -4
v 2.3 2.5 -4.1
v 2.5 2.5 -4.1
v 2.6 2.5 -4.1
v 2.7 2.5 -4.1
v 2.8 2.5 -4.1
v 2.9 2.5 -4.1
v 3 2.5 -4.1
v 3.1 2.5 -4.1
v 3.2 2.5 -4.1
v 3.3 2.5 -4.1
v 3.4 2.5 -4.1
v 3.5 2.5 -4.1
v 3.6 2.5 -4.1
v 3.7 2.5 -4.1
v 3.8 2.5 -4.1
v 3.9 2.5 -4.1
v 4 2.5 -4.1
v 4.1 2.5 -4.1
v 4.3 2.5 -4.1
v 4.4 2.5 -4.1
v 4.5 2.5 -4.1
v 4.6 2.5 -4.1
v 4.7 2.5 -4.1
v 4.8 2.5 -4.1
v 4.9 2.5 -4.1
v 5 2.5 -4.1
v 5.1 2.5 -4.1
v 5.2 2.5 -4.1
v 5.4 2.5 -4.1
v 2.2 2.5 -4.2
v 2.3 2.5 -4.2
v 2.5 2.5 -4.2
v 2.6 2.5 -4.2
v 2.7 2.5 -4.2
v 2.8 2.5 -4.2
v 3 2.5 -4.2
v 3.1 2.5 -4.2
v 3.2 2.5 -4.2
v 3.3 2.5 -4.2
v 3.4 2.5 -4.2
v 3.5 2.5 -4.2
v 3.6 2.5 -4.2
v 3.7 2.5 -4.2
v 3.8 2.5 -4.2
v 3.9 2.5 -4.2
v 4 2.5 -4.2
v 4.1 2.5 -4.2
v 4.2 2.5 -4.2
v 4.3 2.5 -4.2
v 4.4 2.5 -4.2
v 4.5 2.5 -4.2
v 4.7 2.5 -4.2
v 4.8 2.5 -4.2
v 4.9 2.5 -4.2
v 5.1 2.5 -4.2
v 5.3 2.5 -4.2
v 2.2 2.5 -4.3
v 2.3 2.5 -4.3
v 2.6 2.5 -4.3
v 2.8 2.5 -4.3
v 2.9 2.5 -4.3
v 3 2.5 -4.3
v 3.1 2.5 -4.3
v 3.2 2.5 -4.3
v 3.4 2.5 -4.3
v 3.5 2.5 -4.3
v 3.7 2.5 -4.3
v 3.8 2.5 -4.3
v 4 2.5 -4.3
v 4.1 2.5 -4.3
v 4.2 2.5 -4.3
v 4.3 2.5 -4.3
v 4.4 2.5 -4.3
v 4.5 2.5 -4.3
v 4.7 2.5 -4.3
v 4.9 2.5 -4.3
v 5.1 2.5 -4.3
v 5.3 2.5 -4.3
v 5.4 2.5 -4.3
v 2.2 2.5 -4.4
v 2.3 2.5 -4.4
v 2.4 2.5 -4.4
v 2.6 2.5 -4.4
v 2.7 2.5 -4.4
v 2.8 2.5 -4.4
v 2.9 2.5 -4.4
v 3.1 2.5 -4.4
v 3.2 2.5 -4.4
v 3.3 2.5 -4.4
v 3.4 2.5 -4.4
v 3.5 2.5 -4.4
v 3.6 2.5 -4.4
v 3.7 2.5 -4.4
v 3.8 2.5 -4.4
v 3.9 2.5 -4.4
v 4 2.5 -4.4
v 4.1 2.5 -4.4
v 4.2 2.5 -4.4
v 4.4 2.5 -4.4
v 4.5 2.5 -4.4
v 4.7 2.5 -4.4
v 4.8 2.5 -4.4
v 4.9 2.5 -4.4
v 5 2.5 -4.4
v 5.1 2.5 -4.4
v 5.2 2.5 -4.4
v 5.3 2.5 -4.4
v 5.4 2.5 -4.4
v 2.2 2.5 -4.5
v 2.3 2.5 -4.5
v 2.4 2.5 -4.5
v 2.5 2.5 -4.5
v 2.8 2.5 -4.5
v 2.9 2.5 -4.5
v 3.1 2.5 -4.5
v 3.2 2.5 -4.5
v 3.3 2.5 -4.5
v 3.4 2.5 -4.5
v 3.5 2.5 -4.5
v 3.6 2.5 -4.5
v 3.7 2.5 -4.5
v 3.8 2.5 -4.5
v 3.9 2.5 -4.5
v 4 2.5 -4.5
v 4.1 2.5 -4.5
v 4.3 2.5 -4.5
v 4.4 2.5 -4.5
v 4.5 2.5 -4.5
v 4.6 2.5 -4.5
v 4.7 2.5 -4.5
v 4.8 2.5 -4.5
v 4.9 2.5 -4.5
v 5.3 2.5 -4.5
v 5.4 2.5 -4.5
v 2.2 2.5 -4.6
v 2.3 2.5 -4.6
v 2.4 2.5 -4.6
v 2.5 2.5 -4.6
v 2.6 2.5 -4.6
v 2.7 2.5 -4.6
v 2.9 2.5 -4.6
v 3 2.5 -4.6
v 3.2 2.5 -4.6
v 3.3 2.5 -4.6
v 3.4 2.5 -4.6
v 3.5 2.5 -4.6
v 3.6 2.5 -4.6
v 3.7 2.5 -4.6
v 3.8 2.5 -4.6
v 3.9 2.5 -4.6
v 4.1 2.5 -4.6
v 4.2 2.5 -4.6
v 4.3 2.5 -4.6
v 4.4 2.5 -4.6
v 4.5 2.5 -4.6
v 4.6 2.5 -4.6
v 4.7 2.5 -4.6
v 4.8 2.5 -4.6
v 4.9 2.5 -4.6
v 5 2.5 -4.6
v 5.1 2.5 -4.6
v 5.2 2.5 -4.6
v 5.3 2.5 -4.6
v 5.4 2.5 -4.6
v 2.2 2.5 -4.7
v 2.3 2.5 -4.7
v 2.4 2.5 -4.7
v 2.5 2.5 -4.7
v 2.6 2.5 -4.7
v 2.7 2.5 -4.7
v 2.8 2.5 -4.7
v 2.9 2.5 -4.7
v 3 2.5 -4.7
v 3.1 2.5 -4.7
v 3.2 2.5 -4.7
v 3.3 2.5 -4.7
v 3.4 2.5 -4.7
v 3.5 2.5 -4.7
v 3.6 2.5 -4.7
v 3.7 2.5 -4.7
v 3.8 2.5 -4.7
v 3.9 2.5 -4.7
v 4 2.5 -4.7
v 4.1 2.5 -4.7
v 4.2 2.5 -4.7
v 4.3 2.5 -4.7
v 4.4 2.5 -4.7
v 4.6 2.5 -4.7
v 4.7 2.5 -4.7
v 4.8 2.5 -4.7
v 4.9 2.5 -4.7
v 5 2.5 -4.7
v 5.1 2.5 -4.7
v 5.2 2.5 -4.7
v 5.3 2.5 -4.7
v 5.4 2.5 -4.7
v 2.2 2.5 -4.8
v 2.3 2.5 -4.8
v 2.4 2.5 -4.8
v 2.5 2.5 -4.8
v 2.6 2.5 -4.8
v 2.8 2.5 -4.8
v 2.9 2.5 -4.8
v 3 2.5 -4.8
v 3.1 2.5 -4.8
v 3.2 2.5 -4.8
v 3.4 2.5 -4.8
v 3.5 2.5 -4.8
v 3.7 2.5 -4.8
v 3.9 2.5 -4.8
v 4 2.5 -4.8
v 4.1 2.5 -4.8
v 4.2 2.5 -4.8
v 4.4 2.5 -4.8
v 4.6 2.5 -4.8
v 4.7 2.5 -4.8
v 4.8 2.5 -4.8
v 4.9 2.5 -4.8
v 5.1 2.5 -4.8
v 5.2 2.5 -4.8
v 5.4 2.5 -4.8

# faces
f 77/1/1 2/1/1 1/1/1
f 78/3/1 3/3/1 2/3/1
f 78/1/1 2/1/1 77/1/1
f 79/2/1 4/2/1 3/2/1
f 79/3/1 3/3/1 78/3/1
f 80/2/1 4/2/1 79/2/1
f 81/3/1 6/3/1 5/3/1
f 82/1/1 7/1/1 6/1/1
f 82/3/1 6/3/1 81/3/1
f 83/4/1 8/4/1 7/4/1
f 83/1/1 7/1/1 82/1/1
f 84/2/1 9/2/1 8/2/1
f 84/4/1 8/4/1 83/4/1
f 85/3/1 10/3/1 9/3/1
f 85/2/1 9/2/1 84/2/1
f 86/4/1 11/4/1 10/4/1
f 86/3/1 10/3/1 85/3/1
f 87/1/1 12/1/1 11/1/1
f 87/4/1 11/4/1 86/4/1
f 88/1/1 12/1/1 87/1/1
f 89/3/1 14/3/1 13/3/1
f 90/1/1 15/1/1 14/1/1
f 90/3/1 14/3/1 89/3/1
f 91/4/1 16/4/1 15/4/1
f 91/1/1 15/1/1 90/1/1
f 92/2/1 17/2/1 16/2/1
f 92/4/1 16/4/1 91/4/1
f 93/3/1 18/3/1 17/3/1
f 93/2/1 17/2/1 92/2/1
f 94/2/1 19/2/1 18/2/1
f 94/3/1 18/3/1 93/3/1
f 95/4/1 20/4/1 19/4/1
f 95/2/1 19/2/1 94/2/1
f 96/4/1 20/4/1 95/4/1
f 97/1/1 22/1/1 21/1/1
f 98/4/1 23/4/1 22/4/1
f 98/1/1 22/1/1 97/1/1
f 99/1/1 24/1/1 23/1/1
f 99/4/1 23/4/1 98/4/1
f 100/4/1 25/4/1 24/4/1
f 100/1/1 24/1/1 99/1/1
f 101/2/1 26/2/1 25/2/1
f 101/4/1 25/4/1 100/4/1
f 102/1/1 27/1/1 26/1/1
f 102/2/1 26/2/1 101/2/1
f 103/1/1 27/1/1 102/1/1
f 104/3/1 29/3/1 28/3/1
f 105/4/1 30/4/1 29/4/1
f 105/3/1 29/3/1 104/3/1
f 106/1/1 31/1/1 30/1/1
f 106/4/1 30/4/1 105/4/1
f 107/2/1 32/2/1 31/2/1
f 107/1/1 31/1/1 106/1/1
f 108/4/1 33/4/1 32/4/1
f 108/2/1 32/2/1 107/2/1
f 109/2/1 34/2/1 33/2/1
f 109/4/1 33/4/1 108/4/1
f 110/2/1 34/2/1 109/2/1
f 111/4/1 36/4/1 35/4/1
f 112/2/1 37/2/1 36/2/1
f 112/4/1 36/4/1 111/4/1
f 113/4/1 38/4/1 37/4/1
f 113/2/1 37/2/1 112/2/1
f 114/3/1 39/3/1 38/3/1
f 114/4/1 38/4/1 113/4/1
f 115/2/1 40/2/1 39/2/1
f 115/3/1 39/3/1 114/3/1
f 116/3/1 41/3/1 40/3/1
f 116/2/1 40/2/1 115/2/1
f 117/3/1 41/3/1 116/3/1
f 118/4/1 43/4/1 42/4/1
f 119/1/1 44/1/1 43/1/1
f 119/4/1 43/4/1 118/4/1
f 120/3/1 45/3/1 44/3/1
f 120/1/1 44/1/1 119/1/1
f 121/4/1 46/4/1 45/4/1
f 121/3/1 45/3/1 120/3/1
f 122/1/1 47/1/1 46/1/1
f 122/4/1 46/4/1 121/4/1
f 123/2/1 48/2/1 47/2/1
f 123/1/1 47/1/1 122/1/1
f 124/4/1 49/4/1 48/4/1
f 124/2/1 48/2/1 123/2/1
f 125/4/1 49/4/1 124/4/1
f 126/1/1 51/1/1 50/1/1
f 127/2/1 52/2/1 51/2/1
f 127/1/1 51/1/1 126/1/1
f 128/1/1 53/1/1 52/1/1
f 128/2/1 52/2/1 127/2/1
f 129/4/1 54/4/1 53/4/1
f 129/1/1 53/1/1 128/1/1
f 130/1/1 55/1/1 54/1/1
f 130/4/1 54/4/1 129/4/1
f 131/4/1 56/4/1 55/4/1
f 131/1/1 55/1/1 130/1/1
f 132/2/1 57/2/1 56/2/1
f 132/4/1 56/4/1 131/4/1
f 133/2/1 57/2/1 132/2/1
f 134/3/1 59/3/1 58/3/1
f 135/1/1 60/1/1 59/1/1
f 135/3/1 59/3/1 134/3/1
f 136/4/1 61/4/1 60/4/1
f 136/1/1 60/1/1 135/1/1
f 137/1/1 62/1/1 61/1/1
f 137/4/1 61/4/1 136/4/1
f 138/4/1 63/4/1 62/4/1
f 138/1/1 62/1/1 137/1/1
f 139/2/1 64/2/1 63/2/1
f 139/4/1 63/4/1 138/4/1
f 140/2/1 64/2/1 139/2/1
f 141/1/1 66/1/1 65/1/1
f 142/2/1 67/2/1 66/2/1
f 142/1/1 66/1/1 141/1/1
f 143/3/1 68/3/1 67/3/1
f 143/2/1 67/2/1 142/2/1
f 144/1/1 69/1/1 68/1/1
f 144/3/1 68/3/1 143/3/1
f 145/3/1 70/3/1 69/3/1
f 145/1/1 69/1/1 144/1/1
f 146/4/1 71/4/1 70/4/1
f 146/3/1 70/3/1 145/3/1
f 147/4/1 71/4/1 146/4/1
f 148/3/1 73/3/1 72/3/1
f 149/4/1 74/4/1 73/4/1
f 149/3/1 73/3/1 148/3/1
f 150/1/1 75/1/1 74/1/1
f 150/4/1 74/4/1 149/4/1
f 151/3/1 76/3/1 75/3/1
f 151/1/1 75/1/1 150/1/1
f 152/3/1 76/3/1 151/3/1
f 164/3/1 154/3/1 153/3/1
f 165/1/1 155/1/1 154/1/1
f 165/3/1 154/3/1 164/3/1
f 166/1/1 155/1/1 165/1/1
f 167/1/1 155/1/1 166/1/1
f 168/4/1 157/4/1 156/4/1
f 169/2/1 158/2/1 157/2/1
f 169/4/1 157/4/1 168/4/1
f 170/1/1 159/1/1 158/1/1
f 170/2/1 158/2/1 169/2/1
f 171/1/1 159/1/1 170/1/1
f 172/1/1 161/1/1 160/1/1
f 173/4/1 162/4/1 161/4/1
f 173/1/1 161/1/1 172/1/1
f 174/3/1 163/3/1 162/3/1
f 174/4/1 162/4/1 173/4/1
f 175/3/1 163/3/1 174/3/1
f 176/2/1 165/2/1 164/2/1
f 176/2/1 166/2/1 165/2/1
f 177/2/1 166/2/1 176/2/1
f 178/3/1 167/3/1 166/3/1
f 178/2/1 166/2/1 177/2/1
f 179/3/1 167/3/1 178/3/1
f 180/3/1 169/3/1 168/3/1
f 181/4/1 170/4/1 169/4/1
f 181/3/1 169/3/1 180/3/1
f 182/2/1 171/2/1 170/2/1
f 182/4/1 170/4/1 181/4/1
f 183/2/1 171/2/1 182/2/1
f 184/4/1 173/4/1 172/4/1
f 184/2/1 175/2/1 174/2/1
f 184/2/1 174/2/1 173/2/1
f 185/2/1 175/2/1 184/2/1
f 186/2/1 175/2/1 185/2/1
f 188/3/1 177/3/1 176/3/1
f 189/1/1 178/1/1 177/1/1
f 189/3/1 177/3/1 188/3/1
f 190/4/1 179/4/1 178/4/1
f 190/1/1 178/1/1 189/1/1
f 191/4/1 179/4/1 190/4/1
f 192/1/1 181/1/1 180/1/1
f 193/4/1 182/4/1 181/4/1
f 193/1/1 181/1/1 192/1/1
f 194/3/1 183/3/1 182/3/1
f 194/4/1 182/4/1 193/4/1
f 195/3/1 183/3/1 194/3/1
f 196/4/1 184/4/1 172/4/1
f 197/3/1 185/3/1 184/3/1
f 197/4/1 184/4/1 196/4/1
f 198/4/1 186/4/1 185/4/1
f 198/3/1 185/3/1 197/3/1
f 199/3/1 187/3/1 186/3/1
f 199/4/1 186/4/1 198/4/1
f 200/3/1 187/3/1 199/3/1
f 200/2/1 199/2/1 198/2/1
f 201/3/1 187/3/1 200/3/1
f 202/2/1 200/2/1 198/2/1
f 202/2/1 201/2/1 200/2/1
f 203/2/1 201/2/1 202/2/1
f 204/2/1 201/2/1 203/2/1
f 215/4/1 206/4/1 205/4/1
f 216/1/1 207/1/1 206/1/1
f 216/4/1 206/4/1 215/4/1
f 217/2/1 208/2/1 207/2/1
f 217/1/1 207/1/1 216/1/1
f 218/2/1 208/2/1 217/2/1
f 219/3/1 210/3/1 209/3/1
f 220/1/1 211/1/1 210/1/1
f 220/3/1 210/3/1 219/3/1
f 221/1/1 211/1/1 220/1/1
f 222/3/1 213/3/1 212/3/1
f 223/3/1 213/3/1 222/3/1
f 224/2/1 214/2/1 213/2/1
f 224/3/1 213/3/1 223/3/1
f 225/3/1 216/3/1 215/3/1
f 225/3/1 218/3/1 217/3/1
f 225/3/1 217/3/1 216/3/1
f 226/3/1 218/3/1 225/3/1
f 227/3/1 218/3/1 226/3/1
f 228/3/1 218/3/1 227/3/1
f 229/2/1 221/2/1 220/2/1
f 229/2/1 220/2/1 219/2/1
f 230/2/1 221/2/1 229/2/1
f 231/2/1 221/2/1 230/2/1
f 232/1/1 223/1/1 222/1/1
f 233/2/1 224/2/1 223/2/1
f 233/1/1 223/1/1 232/1/1
f 234/2/1 214/2/1 224/2/1
f 234/2/1 224/2/1 233/2/1
f 235/1/1 230/1/1 229/1/1
f 236/3/1 231/3/1 230/3/1
f 236/1/1 230/1/1 235/1/1
f 237/3/1 231/3/1 236/3/1
f 238/4/1 233/4/1 232/4/1
f 239/3/1 234/3/1 233/3/1
f 239/4/1 233/4/1 238/4/1
f 240/3/1 234/3/1 239/3/1
f 241/3/1 234/3/1 240/3/1
f 242/2/1 226/2/1 225/2/1
f 243/3/1 227/3/1 226/3/1
f 243/2/1 226/2/1 242/2/1
f 244/4/1 228/4/1 227/4/1
f 244/3/1 227/3/1 243/3/1
f 245/4/1 228/4/1 244/4/1
f 246/1/1 235/1/1 229/1/1
f 247/2/1 236/2/1 235/2/1
f 247/1/1 235/1/1 246/1/1
f 248/4/1 237/4/1 236/4/1
f 248/2/1 236/2/1 247/2/1
f 249/1/1 239/1/1 238/1/1
f 249/1/1 240/1/1 239/1/1
f 250/1/1 240/1/1 249/1/1
f 251/4/1 241/4/1 240/4/1
f 251/1/1 240/1/1 250/1/1
f 252/4/1 241/4/1 251/4/1
f 253/4/1 243/4/1 242/4/1
f 254/2/1 244/2/1 243/2/1
f 254/4/1 243/4/1 253/4/1
f 255/1/1 245/1/1 244/1/1
f 255/2/1 244/2/1 254/2/1
f 256/1/1 245/1/1 255/1/1
f 257/2/1 247/2/1 246/2/1
f 258/3/1 248/3/1 247/3/1
f 258/2/1 247/2/1 257/2/1
f 259/4/1 237/4/1 248/4/1
f 259/3/1 248/3/1 258/3/1
f 260/4/1 250/4/1 249/4/1
f 261/2/1 251/2/1 250/2/1
f 261/4/1 250/4/1 260/4/1
f 262/3/1 252/3/1 251/3/1
f 262/2/1 251/2/1 261/2/1
f 263/1/1 254/1/1 253/1/1
f 263/1/1 255/1/1 254/1/1
f 264/1/1 255/1/1 263/1/1
f 265/2/1 256/2/1 255/2/1
f 265/1/1 255/1/1 264/1/1
f 266/1/1 258/1/1 257/1/1
f 266/1/1 259/1/1 258/1/1
f 267/1/1 259/1/1 266/1/1
f 268/4/1 237/4/1 259/4/1
f 268/1/1 259/1/1 267/1/1
f 269/4/1 237/4/1 268/4/1
f 270/2/1 261/2/1 260/2/1
f 271/1/1 262/1/1 261/1/1
f 271/2/1 261/2/1 270/2/1
f 272/3/1 252/3/1 262/3/1
f 272/1/1 262/1/1 271/1/1
f 273/3/1 252/3/1 272/3/1
f 274/2/1 264/2/1 263/2/1
f 275/3/1 265/3/1 264/3/1
f 275/2/1 264/2/1 274/2/1
f 276/2/1 256/2/1 265/2/1
f 276/3/1 265/3/1 275/3/1
f 277/2/1 256/2/1 276/2/1
f 278/2/1 267/2/1 266/2/1
f 278/3/1 269/3/1 268/3/1
f 278/3/1 268/3/1 267/3/1
f 279/3/1 269/3/1 278/3/1
f 280/3/1 269/3/1 279/3/1
f 281/4/1 271/4/1 270/4/1
f 281/4/1 273/4/1 272/4/1
f 281/4/1 272/4/1 271/4/1
f 282/4/1 273/4/1 281/4/1
f 283/4/1 273/4/1 282/4/1
f 284/1/1 275/1/1 274/1/1
f 285/2/1 276/2/1 275/2/1
f 285/1/1 275/1/1 284/1/1
f 286/4/1 277/4/1 276/4/1
f 286/2/1 276/2/1 285/2/1
f 287/4/1 277/4/1 286/4/1
f 288/2/1 279/2/1 278/2/1
f 288/2/1 278/2/1 266/2/1
f 289/2/1 279/2/1 288/2/1
f 290/4/1 280/4/1 279/4/1
f 290/2/1 279/2/1 289/2/1
f 291/4/1 280/4/1 290/4/1
f 292/1/1 282/1/1 281/1/1
f 293/2/1 283/2/1 282/2/1
f 293/1/1 282/1/1 292/1/1
f 294/2/1 283/2/1 293/2/1
f 295/2/1 283/2/1 294/2/1
f 296/2/1 285/2/1 284/2/1
f 296/1/1 286/1/1 285/1/1
f 297/2/1 287/2/1 286/2/1
f 297/1/1 286/1/1 296/1/1
f 298/2/1 287/2/1 297/2/1
f 299/3/1 289/3/1 288/3/1
f 300/1/1 290/1/1 289/1/1
f 300/3/1 289/3/1 299/3/1
f 301/3/1 291/3/1 290/3/1
f 301/1/1 290/1/1 300/1/1
f 302/3/1 291/3/1 301/3/1
f 303/2/1 293/2/1 292/2/1
f 304/4/1 294/4/1 293/4/1
f 304/2/1 293/2/1 303/2/1
f 305/3/1 298/3/1 297/3/1
f 305/2/1 297/2/1 296/2/1
f 306/3/1 298/3/1 305/3/1
f 307/2/1 300/2/1 299/2/1
f 308/1/1 302/1/1 301/1/1
f 308/2/1 300/2/1 307/2/1
f 308/1/1 301/1/1 300/1/1
f 309/1/1 302/1/1 308/1/1
f 310/1/1 304/1/1 303/1/1
f 311/4/1 294/4/1 304/4/1
f 311/1/1 304/1/1 310/1/1
f 312/1/1 295/1/1 294/1/1
f 312/4/1 294/4/1 311/4/1
f 313/2/1 296/2/1 284/2/1
f 313/2/1 305/2/1 296/2/1
f 314/2/1 305/2/1 313/2/1
f 315/4/1 306/4/1 305/4/1
f 315/2/1 305/2/1 314/2/1
f 316/4/1 306/4/1 315/4/1
f 317/1/1 308/1/1 307/1/1
f 318/3/1 309/3/1 308/3/1
f 318/1/1 308/1/1 317/1/1
f 319/1/1 302/1/1 309/1/1
f 319/3/1 309/3/1 318/3/1
f 320/2/1 311/2/1 310/2/1
f 321/1/1 312/1/1 311/1/1
f 321/2/1 311/2/1 320/2/1
f 322/1/1 295/1/1 312/1/1
f 322/1/1 312/1/1 321/1/1
f 323/1/1 295/1/1 322/1/1
f 324/1/1 314/1/1 313/1/1
f 325/3/1 316/3/1 315/3/1
f 325/1/1 314/1/1 324/1/1
f 325/3/1 315/3/1 314/3/1
f 326/3/1 316/3/1 325/3/1
f 327/4/1 318/4/1 317/4/1
f 328/1/1 319/1/1 318/1/1
f 328/4/1 318/4/1 327/4/1
f 329/1/1 302/1/1 319/1/1
f 329/1/1 319/1/1 328/1/1
f 330/4/1 321/4/1 320/4/1
f 331/3/1 322/3/1 321/3/1
f 331/4/1 321/4/1 330/4/1
f 332/4/1 323/4/1 322/4/1
f 332/3/1 322/3/1 331/3/1
f 333/4/1 323/4/1 332/4/1
f 334/3/1 325/3/1 324/3/1
f 335/1/1 326/1/1 325/1/1
f 335/3/1 325/3/1 334/3/1
f 336/1/1 328/1/1 327/1/1
f 337/3/1 329/3/1 328/3/1
f 337/1/1 328/1/1 336/1/1
f 338/3/1 329/3/1 337/3/1
f 339/3/1 329/3/1 338/3/1
f 340/2/1 331/2/1 330/2/1
f 341/3/1 332/3/1 331/3/1
f 341/2/1 331/2/1 340/2/1
f 341/3/1 333/3/1 332/3/1
f 342/3/1 333/3/1 341/3/1
f 343/3/1 333/3/1 342/3/1
f 344/2/1 335/2/1 334/2/1
f 345/1/1 326/1/1 335/1/1
f 345/2/1 335/2/1 344/2/1
f 346/3/1 316/3/1 326/3/1
f 346/1/1 326/1/1 345/1/1
f 347/3/1 316/3/1 346/3/1
f 348/2/1 338/2/1 337/2/1
f 348/2/1 337/2/1 336/2/1
f 349/2/1 338/2/1 348/2/1
f 350/4/1 339/4/1 338/4/1
f 350/2/1 338/2/1 349/2/1
f 351/4/1 339/4/1 350/4/1
f 352/4/1 341/4/1 340/4/1
f 352/3/1 342/3/1 341/3/1
f 353/2/1 343/2/1 342/2/1
f 353/3/1 342/3/1 352/3/1
f 354/2/1 343/2/1 353/2/1
f 355/1/1 345/1/1 344/1/1
f 356/4/1 346/4/1 345/4/1
f 356/1/1 345/1/1 355/1/1
f 357/4/1 349/4/1 348/4/1
f 358/2/1 350/2/1 349/2/1
f 358/4/1 349/4/1 357/4/1
f 359/3/1 351/3/1 350/3/1
f 359/2/1 350/2/1 358/2/1
f 360/3/1 351/3/1 359/3/1
f 361/4/1 352/4/1 340/4/1
f 361/1/1 353/1/1 352/1/1
f 362/3/1 354/3/1 353/3/1
f 362/1/1 353/1/1 361/1/1
f 363/3/1 354/3/1 362/3/1
f 364/4/1 346/4/1 356/4/1
f 364/2/1 347/2/1 346/2/1
f 365/2/1 347/2/1 364/2/1
f 368/2/1 358/2/1 357/2/1
f 369/1/1 359/1/1 358/1/1
f 369/2/1 358/2/1 368/2/1
f 370/4/1 360/4/1 359/4/1
f 370/1/1 359/1/1 369/1/1
f 371/4/1 360/4/1 370/4/1
f 372/4/1 361/4/1 340/4/1
f 373/2/1 362/2/1 361/2/1
f 373/4/1 361/4/1 372/4/1
f 374/3/1 356/3/1 355/3/1
f 375/4/1 364/4/1 356/4/1
f 375/3/1 356/3/1 374/3/1
f 375/4/1 365/4/1 364/4/1
f 376/4/1 365/4/1 375/4/1
f 377/4/1 365/4/1 376/4/1
f 378/4/1 367/4/1 366/4/1
f 379/4/1 367/4/1 378/4/1
f 381/1/1 369/1/1 368/1/1
f 381/2/1 370/2/1 369/2/1
f 382/3/1 371/3/1 370/3/1
f 382/2/1 370/2/1 381/2/1
f 383/3/1 371/3/1 382/3/1
f 384/1/1 373/1/1 372/1/1
f 385/2/1 362/2/1 373/2/1
f 385/1/1 373/1/1 384/1/1
f 386/1/1 363/1/1 362/1/1
f 386/2/1 362/2/1 385/2/1
f 387/1/1 363/1/1 386/1/1
f 388/2/1 375/2/1 374/2/1
f 388/2/1 376/2/1 375/2/1
f 389/3/1 377/3/1 376/3/1
f 389/2/1 376/2/1 388/2/1
f 390/3/1 377/3/1 389/3/1
f 391/3/1 380/3/1 379/3/1
f 392/3/1 380/3/1 391/3/1
f 393/1/1 381/1/1 368/1/1
f 394/4/1 382/4/1 381/4/1
f 394/1/1 381/1/1 393/1/1
f 395/2/1 383/2/1 382/2/1
f 395/4/1 382/4/1 394/4/1
f 396/2/1 383/2/1 395/2/1
f 397/4/1 385/4/1 384/4/1
f 398/1/1 386/1/1 385/1/1
f 398/4/1 385/4/1 397/4/1
f 399/3/1 387/3/1 386/3/1
f 399/1/1 386/1/1 398/1/1
f 400/3/1 387/3/1 399/3/1
f 402/4/1 389/4/1 388/4/1
f 403/4/1 389/4/1 402/4/1
f 404/1/1 390/1/1 389/1/1
f 404/4/1 389/4/1 403/4/1
f 405/1/1 390/1/1 404/1/1
f 407/2/1 392/2/1 391/2/1
f 408/2/1 392/2/1 407/2/1
f 411/4/1 394/4/1 393/4/1
f 412/3/1 395/3/1 394/3/1
f 412/4/1 394/4/1 411/4/1
f 413/1/1 396/1/1 395/1/1
f 413/3/1 395/3/1 412/3/1
f 414/1/1 396/1/1 413/1/1
f 417/1/1 398/1/1 397/1/1
f 417/1/1 399/1/1 398/1/1
f 418/1/1 399/1/1 417/1/1
f 419/4/1 400/4/1 399/4/1
f 419/1/1 399/1/1 418/1/1
f 420/4/1 400/4/1 419/4/1
f 422/4/1 402/4/1 401/4/1
f 423/4/1 402/4/1 422/4/1
f 424/2/1 406/2/1 405/2/1
f 425/2/1 406/2/1 424/2/1
f 426/3/1 409/3/1 408/3/1
f 427/3/1 409/3/1 426/3/1
f 429/4/1 411/4/1 410/4/1
f 430/4/1 411/4/1 429/4/1
f 431/1/1 415/1/1 414/1/1
f 432/1/1 415/1/1 431/1/1
f 433/3/1 417/3/1 416/3/1
f 434/3/1 417/3/1 433/3/1
f 435/1/1 421/1/1 420/1/1
f 436/1/1 421/1/1 435/1/1
f 443/2/1 423/2/1 422/2/1
f 444/2/1 423/2/1 443/2/1
f 445/3/1 425/3/1 424/3/1
f 446/3/1 425/3/1 445/3/1
f 451/1/1 428/1/1 427/1/1
f 452/1/1 428/1/1 451/1/1
f 471/2/1 430/2/1 429/2/1
f 472/2/1 430/2/1 471/2/1
f 473/3/1 432/3/1 431/3/1
f 474/3/1 432/3/1 473/3/1
f 503/1/1 434/1/1 433/1/1
f 504/1/1 434/1/1 503/1/1
f 505/3/1 436/3/1 435/3/1
f 506/3/1 436/3/1 505/3/1
f 507/2/1 438/2/1 437/2/1
f 508/4/1 439/4/1 438/4/1
f 508/2/1 438/2/1 507/2/1
f 509/4/1 439/4/1 508/4/1
f 510/3/1 440/3/1 439/3/1
f 510/4/1 439/4/1 509/4/1
f 511/2/1 441/2/1 440/2/1
f 511/3/1 440/3/1 510/3/1
f 512/4/1 442/4/1 441/4/1
f 512/2/1 441/2/1 511/2/1
f 513/3/1 443/3/1 442/3/1
f 513/4/1 442/4/1 512/4/1
f 514/2/1 444/2/1 443/2/1
f 514/3/1 443/3/1 513/3/1
f 515/2/1 444/2/1 514/2/1
f 518/2/1 446/2/1 445/2/1
f 519/3/1 447/3/1 446/3/1
f 519/2/1 446/2/1 518/2/1
f 520/2/1 448/2/1 447/2/1
f 520/3/1 447/3/1 519/3/1
f 521/2/1 448/2/1 520/2/1
f 522/3/1 449/3/1 448/3/1
f 522/2/1 448/2/1 521/2/1
f 523/4/1 450/4/1 449/4/1
f 523/3/1 451/3/1 450/3/1
f 524/2/1 452/2/1 451/2/1
f 524/3/1 451/3/1 523/3/1
f 524/2/1 453/2/1 452/2/1
f 525/4/1 454/4/1 453/4/1
f 525/2/1 453/2/1 524/2/1
f 526/3/1 455/3/1 454/3/1
f 526/4/1 454/4/1 525/4/1
f 527/1/1 456/1/1 455/1/1
f 527/3/1 455/3/1 526/3/1
f 528/2/1 457/2/1 456/2/1
f 528/1/1 456/1/1 527/1/1
f 529/4/1 458/4/1 457/4/1
f 529/2/1 457/2/1 528/2/1
f 530/3/1 459/3/1 458/3/1
f 530/4/1 458/4/1 529/4/1
f 531/4/1 460/4/1 459/4/1
f 531/3/1 459/3/1 530/3/1
f 532/3/1 461/3/1 460/3/1
f 532/4/1 460/4/1 531/4/1
f 533/2/1 462/2/1 461/2/1
f 533/3/1 461/3/1 532/3/1
f 534/3/1 463/3/1 462/3/1
f 534/2/1 462/2/1 533/2/1
f 535/4/1 464/4/1 463/4/1
f 535/3/1 463/3/1 534/3/1
f 536/4/1 464/4/1 535/4/1
f 537/1/1 465/1/1 464/1/1
f 537/4/1 464/4/1 536/4/1
f 538/4/1 466/4/1 465/4/1
f 538/1/1 465/1/1 537/1/1
f 539/4/1 466/4/1 538/4/1
f 540/3/1 467/3/1 466/3/1
f 540/2/1 468/2/1 467/2/1
f 541/3/1 469/3/1 468/3/1
f 541/2/1 468/2/1 540/2/1
f 542/2/1 470/2/1 469/2/1
f 542/3/1 469/3/1 541/3/1
f 543/3/1 471/3/1 470/3/1
f 543/2/1 470/2/1 542/2/1
f 544/4/1 472/4/1 471/4/1
f 544/3/1 471/3/1 543/3/1
f 545/4/1 472/4/1 544/4/1
f 548/2/1 474/2/1 473/2/1
f 549/4/1 475/4/1 474/4/1
f 549/2/1 474/2/1 548/2/1
f 550/3/1 476/3/1 475/3/1
f 550/4/1 475/4/1 549/4/1
f 551/3/1 476/3/1 550/3/1
f 552/1/1 477/1/1 476/1/1
f 552/3/1 476/3/1 551/3/1
f 553/2/1 478/2/1 477/2/1
f 553/1/1 477/1/1 552/1/1
f 554/1/1 479/1/1 478/1/1
f 554/2/1 478/2/1 553/2/1
f 555/4/1 480/4/1 479/4/1
f 555/1/1 479/1/1 554/1/1
f 556/1/1 481/1/1 480/1/1
f 556/4/1 480/4/1 555/4/1
f 557/4/1 482/4/1 481/4/1
f 557/1/1 481/1/1 556/1/1
f 558/2/1 483/2/1 482/2/1
f 558/4/1 482/4/1 557/4/1
f 559/3/1 484/3/1 483/3/1
f 559/2/1 483/2/1 558/2/1
f 560/2/1 485/2/1 484/2/1
f 560/3/1 484/3/1 559/3/1
f 561/1/1 486/1/1 485/1/1
f 561/2/1 485/2/1 560/2/1
f 562/4/1 487/4/1 486/4/1
f 562/1/1 486/1/1 561/1/1
f 563/1/1 488/1/1 487/1/1
f 563/4/1 487/4/1 562/4/1
f 564/2/1 489/2/1 488/2/1
f 564/1/1 488/1/1 563/1/1
f 565/3/1 490/3/1 489/3/1
f 565/2/1 489/2/1 564/2/1
f 566/4/1 491/4/1 490/4/1
f 566/3/1 490/3/1 565/3/1
f 567/4/1 491/4/1 566/4/1
f 568/4/1 491/4/1 567/4/1
f 569/2/1 492/2/1 491/2/1
f 569/4/1 491/4/1 568/4/1
f 570/1/1 493/1/1 492/1/1
f 570/2/1 492/2/1 569/2/1
f 571/4/1 494/4/1 493/4/1
f 571/1/1 493/1/1 570/1/1
f 572/3/1 495/3/1 494/3/1
f 572/4/1 494/4/1 571/4/1
f 573/1/1 496/1/1 495/1/1
f 573/3/1 495/3/1 572/3/1
f 574/1/1 496/1/1 573/1/1
f 575/4/1 497/4/1 496/4/1
f 575/1/1 496/1/1 574/1/1
f 576/1/1 498/1/1 497/1/1
f 576/4/1 497/4/1 575/4/1
f 577/3/1 499/3/1 498/3/1
f 577/1/1 498/1/1 576/1/1
f 578/1/1 500/1/1 499/1/1
f 578/3/1 499/3/1 577/3/1
f 579/2/1 501/2/1 500/2/1
f 579/1/1 500/1/1 578/1/1
f 580/4/1 502/4/1 501/4/1
f 580/2/1 504/2/1 503/2/1
f 580/2/1 503/2/1 502/2/1
f 581/2/1 504/2/1 580/2/1
f 582/2/1 504/2/1 581/2/1
f 585/1/1 508/1/1 507/1/1
f 586/4/1 509/4/1 508/4/1
f 586/1/1 508/1/1 585/1/1
f 587/2/1 511/2/1 510/2/1
f 587/4/1 509/4/1 586/4/1
f 587/2/1 510/2/1 509/2/1
f 588/1/1 512/1/1 511/1/1
f 588/2/1 511/2/1 587/2/1
f 589/2/1 513/2/1 512/2/1
f 589/4/1 514/4/1 513/4/1
f 590/2/1 515/2/1 514/2/1
f 590/4/1 514/4/1 589/4/1
f 591/1/1 517/1/1 516/1/1
f 591/2/1 515/2/1 590/2/1
f 591/1/1 518/1/1 517/1/1
f 591/1/1 516/1/1 515/1/1
f 592/1/1 518/1/1 591/1/1
f 593/2/1 519/2/1 518/2/1
f 593/1/1 518/1/1 592/1/1
f 594/4/1 520/4/1 519/4/1
f 594/2/1 519/2/1 593/2/1
f 595/2/1 521/2/1 520/2/1
f 595/4/1 520/4/1 594/4/1
f 596/4/1 522/4/1 521/4/1
f 596/2/1 521/2/1 595/2/1
f 597/3/1 449/3/1 522/3/1
f 597/4/1 522/4/1 596/4/1
f 598/4/1 523/4/1 449/4/1
f 598/3/1 449/3/1 597/3/1
f 598/4/1 524/4/1 523/4/1
f 598/4/1 525/4/1 524/4/1
f 599/4/1 525/4/1 598/4/1
f 600/4/1 525/4/1 599/4/1
f 601/2/1 526/2/1 525/2/1
f 601/4/1 525/4/1 600/4/1
f 602/4/1 527/4/1 526/4/1
f 602/2/1 526/2/1 601/2/1
f 603/2/1 528/2/1 527/2/1
f 603/4/1 527/4/1 602/4/1
f 604/1/1 529/1/1 528/1/1
f 604/2/1 528/2/1 603/2/1
f 605/3/1 530/3/1 529/3/1
f 605/1/1 529/1/1 604/1/1
f 605/3/1 531/3/1 530/3/1
f 606/1/1 532/1/1 531/1/1
f 606/3/1 531/3/1 605/3/1
f 607/3/1 533/3/1 532/3/1
f 607/1/1 532/1/1 606/1/1
f 608/1/1 534/1/1 533/1/1
f 608/3/1 533/3/1 607/3/1
f 608/1/1 535/1/1 534/1/1
f 609/1/1 535/1/1 608/1/1
f 610/1/1 535/1/1 609/1/1
f 611/3/1 536/3/1 535/3/1
f 611/1/1 535/1/1 610/1/1
f 612/1/1 537/1/1 536/1/1
f 612/3/1 536/3/1 611/3/1
f 613/4/1 538/4/1 537/4/1
f 613/1/1 537/1/1 612/1/1
f 614/3/1 539/3/1 538/3/1
f 614/4/1 538/4/1 613/4/1
f 615/4/1 466/4/1 539/4/1
f 615/3/1 539/3/1 614/3/1
f 616/3/1 540/3/1 466/3/1
f 616/4/1 466/4/1 615/4/1
f 617/1/1 541/1/1 540/1/1
f 617/3/1 540/3/1 616/3/1
f 618/3/1 542/3/1 541/3/1
f 618/1/1 541/1/1 617/1/1
f 619/4/1 543/4/1 542/4/1
f 619/3/1 542/3/1 618/3/1
f 620/2/1 544/2/1 543/2/1
f 620/4/1 543/4/1 619/4/1
f 621/1/1 545/1/1 544/1/1
f 621/2/1 544/2/1 620/2/1
f 622/3/1 547/3/1 546/3/1
f 622/1/1 545/1/1 621/1/1
f 622/3/1 546/3/1 545/3/1
f 623/3/1 547/3/1 622/3/1
f 624/1/1 548/1/1 547/1/1
f 624/3/1 547/3/1 623/3/1
f 625/2/1 549/2/1 548/2/1
f 625/1/1 548/1/1 624/1/1
f 625/2/1 550/2/1 549/2/1
f 626/2/1 550/2/1 625/2/1
f 627/2/1 550/2/1 626/2/1
f 628/1/1 551/1/1 550/1/1
f 628/2/1 550/2/1 627/2/1
f 629/1/1 551/1/1 628/1/1
f 630/2/1 552/2/1 551/2/1
f 630/1/1 551/1/1 629/1/1
f 630/2/1 553/2/1 552/2/1
f 631/2/1 553/2/1 630/2/1
f 632/2/1 553/2/1 631/2/1
f 633/1/1 554/1/1 553/1/1
f 633/2/1 553/2/1 632/2/1
f 634/3/1 555/3/1 554/3/1
f 634/1/1 554/1/1 633/1/1
f 635/4/1 556/4/1 555/4/1
f 635/3/1 555/3/1 634/3/1
f 636/2/1 557/2/1 556/2/1
f 636/4/1 556/4/1 635/4/1
f 637/1/1 558/1/1 557/1/1
f 637/2/1 557/2/1 636/2/1
f 638/3/1 559/3/1 558/3/1
f 638/1/1 558/1/1 637/1/1
f 639/1/1 560/1/1 559/1/1
f 639/3/1 559/3/1 638/3/1
f 640/3/1 561/3/1 560/3/1
f 640/1/1 560/1/1 639/1/1
f 641/2/1 562/2/1 561/2/1
f 641/3/1 561/3/1 640/3/1
f 641/2/1 563/2/1 562/2/1
f 642/2/1 563/2/1 641/2/1
f 643/1/1 564/1/1 563/1/1
f 643/2/1 563/2/1 642/2/1
f 643/1/1 565/1/1 564/1/1
f 644/1/1 565/1/1 643/1/1
f 645/4/1 566/4/1 565/4/1
f 645/1/1 565/1/1 644/1/1
f 646/2/1 567/2/1 566/2/1
f 646/4/1 566/4/1 645/4/1
f 647/1/1 568/1/1 567/1/1
f 647/2/1 567/2/1 646/2/1
f 648/4/1 569/4/1 568/4/1
f 648/1/1 568/1/1 647/1/1
f 649/3/1 570/3/1 569/3/1
f 649/4/1 569/4/1 648/4/1
f 650/2/1 571/2/1 570/2/1
f 650/4/1 572/4/1 571/4/1
f 651/2/1 573/2/1 572/2/1
f 651/4/1 572/4/1 650/4/1
f 652/3/1 574/3/1 573/3/1
f 653/1/1 575/1/1 574/1/1
f 653/3/1 574/3/1 652/3/1
f 654/3/1 576/3/1 575/3/1
f 654/1/1 575/1/1 653/1/1
f 655/4/1 577/4/1 576/4/1
f 655/3/1 576/3/1 654/3/1
f 656/1/1 578/1/1 577/1/1
f 656/4/1 577/4/1 655/4/1
f 657/4/1 579/4/1 578/4/1
f 657/1/1 578/1/1 656/1/1
f 658/2/1 501/2/1 579/2/1
f 658/4/1 579/4/1 657/4/1
f 659/4/1 580/4/1 501/4/1
f 659/2/1 501/2/1 658/2/1
f 660/3/1 581/3/1 580/3/1
f 660/4/1 580/4/1 659/4/1
f 661/2/1 582/2/1 581/2/1
f 661/3/1 581/3/1 660/3/1
f 662/1/1 583/1/1 582/1/1
f 662/2/1 582/2/1 661/2/1
f 663/3/1 584/3/1 583/3/1
f 663/1/1 583/1/1 662/1/1
f 664/3/1 584/3/1 663/3/1
f 665/2/1 586/2/1 585/2/1
f 666/1/1 587/1/1 586/1/1
f 666/2/1 586/2/1 665/2/1
f 667/3/1 588/3/1 587/3/1
f 667/1/1 587/1/1 666/1/1
f 668/3/1 588/3/1 667/3/1
f 669/1/1 512/1/1 588/1/1
f 669/3/1 588/3/1 668/3/1
f 670/2/1 589/2/1 512/2/1
f 670/1/1 512/1/1 669/1/1
f 671/1/1 590/1/1 589/1/1
f 671/2/1 589/2/1 670/2/1
f 672/2/1 591/2/1 590/2/1
f 672/1/1 590/1/1 671/1/1
f 673/4/1 592/4/1 591/4/1
f 673/2/1 591/2/1 672/2/1
f 674/3/1 593/3/1 592/3/1
f 674/4/1 592/4/1 673/4/1
f 675/3/1 593/3/1 674/3/1
f 676/2/1 594/2/1 593/2/1
f 676/3/1 593/3/1 675/3/1
f 677/1/1 595/1/1 594/1/1
f 677/2/1 594/2/1 676/2/1
f 678/3/1 596/3/1 595/3/1
f 678/1/1 595/1/1 677/1/1
f 679/3/1 596/3/1 678/3/1
f 680/2/1 597/2/1 596/2/1
f 680/3/1 596/3/1 679/3/1
f 681/1/1 598/1/1 597/1/1
f 681/2/1 597/2/1 680/2/1
f 682/3/1 599/3/1 598/3/1
f 682/1/1 598/1/1 681/1/1
f 683/3/1 599/3/1 682/3/1
f 684/1/1 600/1/1 599/1/1
f 684/3/1 599/3/1 683/3/1
f 685/2/1 601/2/1 600/2/1
f 685/1/1 600/1/1 684/1/1
f 686/3/1 602/3/1 601/3/1
f 686/2/1 601/2/1 685/2/1
f 687/1/1 603/1/1 602/1/1
f 687/3/1 602/3/1 686/3/1
f 688/4/1 604/4/1 603/4/1
f 688/1/1 603/1/1 687/1/1
f 689/2/1 605/2/1 604/2/1
f 689/4/1 604/4/1 688/4/1
f 689/2/1 606/2/1 605/2/1
f 689/2/1 607/2/1 606/2/1
f 690/2/1 607/2/1 689/2/1
f 691/2/1 607/2/1 690/2/1
f 692/3/1 608/3/1 607/3/1
f 692/2/1 607/2/1 691/2/1
f 693/4/1 609/4/1 608/4/1
f 693/3/1 608/3/1 692/3/1
f 694/2/1 610/2/1 609/2/1
f 694/4/1 609/4/1 693/4/1
f 695/3/1 611/3/1 610/3/1
f 695/2/1 610/2/1 694/2/1
f 696/4/1 613/4/1 612/4/1
f 696/3/1 611/3/1 695/3/1
f 696/4/1 612/4/1 611/4/1
f 697/1/1 614/1/1 613/1/1
f 697/4/1 613/4/1 696/4/1
f 697/1/1 615/1/1 614/1/1
f 698/1/1 615/1/1 697/1/1
f 699/3/1 618/3/1 617/3/1
f 699/1/1 615/1/1 698/1/1
f 699/3/1 616/3/1 615/3/1
f 699/3/1 617/3/1 616/3/1
f 699/3/1 619/3/1 618/3/1
f 700/3/1 619/3/1 699/3/1
f 701/1/1 620/1/1 619/1/1
f 701/3/1 619/3/1 700/3/1
f 702/3/1 621/3/1 620/3/1
f 702/1/1 620/1/1 701/1/1
f 703/2/1 622/2/1 621/2/1
f 703/3/1 621/3/1 702/3/1
f 704/3/1 623/3/1 622/3/1
f 704/2/1 622/2/1 703/2/1
f 705/2/1 624/2/1 623/2/1
f 705/3/1 623/3/1 704/3/1
f 706/3/1 625/3/1 624/3/1
f 706/2/1 624/2/1 705/2/1
f 707/1/1 626/1/1 625/1/1
f 707/3/1 625/3/1 706/3/1
f 708/3/1 627/3/1 626/3/1
f 708/1/1 626/1/1 707/1/1
f 709/2/1 628/2/1 627/2/1
f 709/3/1 627/3/1 708/3/1
f 710/4/1 629/4/1 628/4/1
f 710/2/1 628/2/1 709/2/1
f 711/1/1 630/1/1 629/1/1
f 711/4/1 629/4/1 710/4/1
f 712/4/1 631/4/1 630/4/1
f 712/1/1 630/1/1 711/1/1
f 713/3/1 632/3/1 631/3/1
f 713/4/1 631/4/1 712/4/1
f 714/1/1 633/1/1 632/1/1
f 714/3/1 632/3/1 713/3/1
f 715/3/1 634/3/1 633/3/1
f 715/1/1 633/1/1 714/1/1
f 715/3/1 635/3/1 634/3/1
f 716/3/1 635/3/1 715/3/1
f 717/2/1 636/2/1 635/2/1
f 717/3/1 635/3/1 716/3/1
f 718/1/1 637/1/1 636/1/1
f 718/2/1 636/2/1 717/2/1
f 719/4/1 638/4/1 637/4/1
f 719/1/1 637/1/1 718/1/1
f 719/4/1 639/4/1 638/4/1
f 720/4/1 639/4/1 719/4/1
f 721/3/1 640/3/1 639/3/1
f 721/4/1 639/4/1 720/4/1
f 722/1/1 641/1/1 640/1/1
f 722/3/1 640/3/1 721/3/1
f 723/3/1 642/3/1 641/3/1
f 723/1/1 641/1/1 722/1/1
f 724/4/1 644/4/1 643/4/1
f 724/3/1 642/3/1 723/3/1
f 724/4/1 643/4/1 642/4/1
f 725/4/1 644/4/1 724/4/1
f 726/4/1 644/4/1 725/4/1
f 727/2/1 645/2/1 644/2/1
f 727/4/1 644/4/1 726/4/1
f 728/4/1 646/4/1 645/4/1
f 728/2/1 645/2/1 727/2/1
f 729/1/1 647/1/1 646/1/1
f 729/4/1 646/4/1 728/4/1
f 730/2/1 648/2/1 647/2/1
f 730/1/1 647/1/1 729/1/1
f 731/3/1 649/3/1 648/3/1
f 731/2/1 648/2/1 730/2/1
f 732/3/1 570/3/1 649/3/1
f 732/3/1 649/3/1 731/3/1
f 733/2/1 650/2/1 570/2/1
f 733/3/1 570/3/1 732/3/1
f 734/1/1 651/1/1 650/1/1
f 734/2/1 650/2/1 733/2/1
f 735/2/1 573/2/1 651/2/1
f 735/1/1 651/1/1 734/1/1
f 736/3/1 652/3/1 573/3/1
f 736/2/1 573/2/1 735/2/1
f 737/2/1 653/2/1 652/2/1
f 737/3/1 652/3/1 736/3/1
f 737/2/1 654/2/1 653/2/1
f 737/2/1 655/2/1 654/2/1
f 738/2/1 655/2/1 737/2/1
f 739/3/1 657/3/1 656/3/1
f 739/2/1 655/2/1 738/2/1
f 739/3/1 656/3/1 655/3/1
f 740/3/1 657/3/1 739/3/1
f 741/4/1 658/4/1 657/4/1
f 741/3/1 657/3/1 740/3/1
f 742/3/1 659/3/1 658/3/1
f 742/4/1 658/4/1 741/4/1
f 743/2/1 661/2/1 660/2/1
f 743/3/1 659/3/1 742/3/1
f 743/2/1 660/2/1 659/2/1
f 743/2/1 662/2/1 661/2/1
f 744/2/1 662/2/1 743/2/1
f 745/3/1 663/3/1 662/3/1
f 745/2/1 662/2/1 744/2/1
f 746/4/1 664/4/1 663/4/1
f 746/3/1 663/3/1 745/3/1
f 747/4/1 664/4/1 746/4/1
f 754/2/1 749/2/1 748/2/1
f 755/2/1 749/2/1 754/2/1
f 758/3/1 751/3/1 750/3/1
f 759/3/1 751/3/1 758/3/1
f 760/3/1 753/3/1 752/3/1
f 761/3/1 753/3/1 760/3/1
f 765/3/1 756/3/1 755/3/1
f 766/3/1 756/3/1 765/3/1
f 769/1/1 758/1/1 757/1/1
f 770/1/1 758/1/1 769/1/1
f 771/4/1 762/4/1 761/4/1
f 772/4/1 762/4/1 771/4/1
f 775/3/1 764/3/1 763/3/1
f 776/3/1 764/3/1 775/3/1
f 777/1/1 767/1/1 766/1/1
f 778/1/1 767/1/1 777/1/1
f 780/1/1 769/1/1 768/1/1
f 781/1/1 769/1/1 780/1/1
f 782/1/1 773/1/1 772/1/1
f 783/1/1 773/1/1 782/1/1
f 785/4/1 778/4/1 777/4/1
f 786/4/1 778/4/1 785/4/1
f 789/4/1 780/4/1 779/4/1
f 790/4/1 780/4/1 789/4/1
f 791/4/1 784/4/1 783/4/1
f 792/4/1 784/4/1 791/4/1
f 795/3/1 775/3/1 774/3/1
f 796/3/1 775/3/1 795/3/1
f 797/3/1 787/3/1 786/3/1
f 798/3/1 787/3/1 797/3/1
f 801/2/1 789/2/1 788/2/1
f 802/2/1 789/2/1 801/2/1
f 803/2/1 793/2/1 792/2/1
f 804/2/1 793/2/1 803/2/1
f 807/2/1 795/2/1 794/2/1
f 808/2/1 795/2/1 807/2/1
f 809/2/1 799/2/1 798/2/1
f 810/2/1 799/2/1 809/2/1
f 811/1/1 805/1/1 804/1/1
f 812/1/1 805/1/1 811/1/1
f 814/3/1 807/3/1 806/3/1
f 815/3/1 807/3/1 814/3/1
f 817/4/1 801/4/1 800/4/1
f 818/4/1 801/4/1 817/4/1
f 819/3/1 813/3/1 812/3/1
f 820/3/1 813/3/1 819/3/1
f 823/2/1 815/2/1 814/2/1
f 824/2/1 815/2/1 823/2/1
f 826/1/1 817/1/1 816/1/1
f 827/1/1 817/1/1 826/1/1
f 828/4/1 821/4/1 820/4/1
f 829/4/1 821/4/1 828/4/1
f 832/2/1 823/2/1 822/2/1
f 833/2/1 823/2/1 832/2/1
f 835/1/1 826/1/1 825/1/1
f 836/1/1 826/1/1 835/1/1
f 837/2/1 830/2/1 829/2/1
f 838/2/1 830/2/1 837/2/1
f 840/2/1 832/2/1 831/2/1
f 841/2/1 832/2/1 840/2/1
f 843/1/1 835/1/1 834/1/1
f 844/1/1 835/1/1 843/1/1
f 845/2/1 839/2/1 838/2/1
f 846/2/1 839/2/1 845/2/1
f 849/3/1 841/3/1 840/3/1
f 850/3/1 841/3/1 849/3/1
f 851/3/1 843/3/1 842/3/1
f 852/3/1 843/3/1 851/3/1
f 853/1/1 847/1/1 846/1/1
f 854/1/1 847/1/1 853/1/1
f 855/3/1 849/3/1 848/3/1
f 856/3/1 849/3/1 855/3/1
f 867/3/1 858/3/1 857/3/1
f 868/2/1 859/2/1 858/2/1
f 868/3/1 858/3/1 867/3/1
f 869/3/1 861/3/1 860/3/1
f 870/1/1 862/1/1 861/1/1
f 870/3/1 861/3/1 869/3/1
f 871/1/1 862/1/1 870/1/1
f 872/3/1 864/3/1 863/3/1
f 873/1/1 865/1/1 864/1/1
f 873/3/1 864/3/1 872/3/1
f 874/3/1 866/3/1 865/3/1
f 874/1/1 865/1/1 873/1/1
f 875/3/1 866/3/1 874/3/1
f 876/2/1 868/2/1 867/2/1
f 877/2/1 868/2/1 876/2/1
f 878/2/1 859/2/1 868/2/1
f 878/2/1 868/2/1 877/2/1
f 879/2/1 859/2/1 878/2/1
f 880/4/1 871/4/1 870/4/1
f 881/4/1 871/4/1 880/4/1
f 882/4/1 873/4/1 872/4/1
f 882/2/1 874/2/1 873/2/1
f 882/2/1 875/2/1 874/2/1
f 883/2/1 875/2/1 882/2/1
f 884/2/1 875/2/1 883/2/1
f 886/1/1 877/1/1 876/1/1
f 887/2/1 878/2/1 877/2/1
f 887/1/1 877/1/1 886/1/1
f 888/1/1 879/1/1 878/1/1
f 888/2/1 878/2/1 887/2/1
f 889/1/1 879/1/1 888/1/1
f 890/1/1 870/1/1 869/1/1
f 891/4/1 880/4/1 870/4/1
f 891/1/1 870/1/1 890/1/1
f 892/2/1 881/2/1 880/2/1
f 892/4/1 880/4/1 891/4/1
f 893/2/1 881/2/1 892/2/1
f 894/4/1 882/4/1 872/4/1
f 895/3/1 883/3/1 882/3/1
f 895/4/1 882/4/1 894/4/1
f 896/2/1 884/2/1 883/2/1
f 896/3/1 883/3/1 895/3/1
f 897/1/1 885/1/1 884/1/1
f 897/2/1 884/2/1 896/2/1
f 898/1/1 885/1/1 897/1/1
f 899/2/1 897/2/1 896/2/1
f 900/4/1 898/4/1 897/4/1
f 900/2/1 897/2/1 899/2/1
f 901/4/1 898/4/1 900/4/1
f 902/3/1 900/3/1 899/3/1
f 903/1/1 901/1/1 900/1/1
f 903/3/1 900/3/1 902/3/1
f 904/1/1 901/1/1 903/1/1
f 915/2/1 906/2/1 905/2/1
f 916/3/1 907/3/1 906/3/1
f 916/2/1 906/2/1 915/2/1
f 917/3/1 907/3/1 916/3/1
f 918/3/1 907/3/1 917/3/1
f 919/2/1 909/2/1 908/2/1
f 919/3/1 910/3/1 909/3/1
f 920/1/1 911/1/1 910/1/1
f 920/3/1 910/3/1 919/3/1
f 921/1/1 911/1/1 920/1/1
f 922/2/1 913/2/1 912/2/1
f 923/2/1 913/2/1 922/2/1
f 924/3/1 914/3/1 913/3/1
f 924/2/1 913/2/1 923/2/1
f 925/3/1 914/3/1 924/3/1
f 926/1/1 916/1/1 915/1/1
f 927/3/1 917/3/1 916/3/1
f 927/1/1 916/1/1 926/1/1
f 928/1/1 918/1/1 917/1/1
f 928/3/1 917/3/1 927/3/1
f 929/1/1 918/1/1 928/1/1
f 930/2/1 919/2/1 908/2/1
f 930/2/1 921/2/1 920/2/1
f 930/2/1 920/2/1 919/2/1
f 931/2/1 921/2/1 930/2/1
f 932/2/1 921/2/1 931/2/1
f 933/3/1 923/3/1 922/3/1
f 933/4/1 924/4/1 923/4/1
f 934/2/1 925/2/1 924/2/1
f 934/4/1 924/4/1 933/4/1
f 935/2/1 925/2/1 934/2/1
f 936/3/1 927/3/1 926/3/1
f 936/3/1 928/3/1 927/3/1
f 937/2/1 929/2/1 928/2/1
f 937/3/1 928/3/1 936/3/1
f 938/2/1 929/2/1 937/2/1
f 939/2/1 930/2/1 908/2/1
f 940/3/1 931/3/1 930/3/1
f 940/2/1 930/2/1 939/2/1
f 941/1/1 932/1/1 931/1/1
f 941/3/1 931/3/1 940/3/1
f 942/1/1 932/1/1 941/1/1
f 943/3/1 935/3/1 934/3/1
f 943/3/1 933/3/1 922/3/1
f 943/3/1 934/3/1 933/3/1
f 944/3/1 935/3/1 943/3/1
f 945/4/1 937/4/1 936/4/1
f 946/4/1 937/4/1 945/4/1
f 947/1/1 938/1/1 937/1/1
f 947/4/1 937/4/1 946/4/1
f 948/1/1 938/1/1 947/1/1
f 949/3/1 940/3/1 939/3/1
f 949/4/1 942/4/1 941/4/1
f 949/3/1 941/3/1 940/3/1
f 950/4/1 942/4/1 949/4/1
f 951/4/1 944/4/1 943/4/1
f 952/3/1 935/3/1 944/3/1
f 952/4/1 944/4/1 951/4/1
f 953/3/1 935/3/1 952/3/1
f 954/1/1 946/1/1 945/1/1
f 955/4/1 948/4/1 947/4/1
f 955/1/1 946/1/1 954/1/1
f 955/4/1 947/4/1 946/4/1
f 956/4/1 948/4/1 955/4/1
f 957/4/1 948/4/1 956/4/1
f 958/3/1 950/3/1 949/3/1
f 958/3/1 949/3/1 939/3/1
f 959/3/1 950/3/1 958/3/1
f 960/3/1 950/3/1 959/3/1
f 961/1/1 953/1/1 952/1/1
f 961/1/1 952/1/1 951/1/1
f 962/1/1 953/1/1 961/1/1
f 963/3/1 956/3/1 955/3/1
f 963/3/1 955/3/1 954/3/1
f 964/3/1 956/3/1 963/3/1
f 965/2/1 957/2/1 956/2/1
f 965/3/1 956/3/1 964/3/1
f 966/2/1 957/2/1 965/2/1
f 967/1/1 959/1/1 958/1/1
f 968/2/1 960/2/1 959/2/1
f 968/1/1 959/1/1 967/1/1
f 969/2/1 960/2/1 968/2/1
f 970/1/1 961/1/1 951/1/1
f 971/2/1 962/2/1 961/2/1
f 971/1/1 961/1/1 970/1/1
f 972/2/1 962/2/1 971/2/1
f 973/4/1 964/4/1 963/4/1
f 974/2/1 965/2/1 964/2/1
f 974/4/1 964/4/1 973/4/1
f 975/3/1 966/3/1 965/3/1
f 975/2/1 965/2/1 974/2/1
f 976/3/1 966/3/1 975/3/1
f 977/1/1 969/1/1 968/1/1
f 977/3/1 968/3/1 967/3/1
f 978/1/1 969/1/1 977/1/1
f 979/4/1 971/4/1 970/4/1
f 979/4/1 972/4/1 971/4/1
f 980/4/1 972/4/1 979/4/1
f 981/4/1 972/4/1 980/4/1
f 982/1/1 974/1/1 973/1/1
f 982/1/1 976/1/1 975/1/1
f 982/1/1 975/1/1 974/1/1
f 983/1/1 976/1/1 982/1/1
f 984/3/1 978/3/1 977/3/1
f 984/3/1 977/3/1 967/3/1
f 985/3/1 978/3/1 984/3/1
f 986/2/1 980/2/1 979/2/1
f 987/2/1 980/2/1 986/2/1
f 988/1/1 981/1/1 980/1/1
f 988/2/1 980/2/1 987/2/1
f 989/1/1 982/1/1 973/1/1
f 990/4/1 983/4/1 982/4/1
f 990/1/1 982/1/1 989/1/1
f 991/4/1 983/4/1 990/4/1
f 992/4/1 983/4/1 991/4/1
f 993/3/1 984/3/1 967/3/1
f 994/2/1 985/2/1 984/2/1
f 994/3/1 984/3/1 993/3/1
f 995/2/1 985/2/1 994/2/1
f 996/2/1 985/2/1 995/2/1
f 997/1/1 987/1/1 986/1/1
f 998/4/1 988/4/1 987/4/1
f 998/1/1 987/1/1 997/1/1
f 999/1/1 981/1/1 988/1/1
f 999/4/1 988/4/1 998/4/1
f 1000/2/1 990/2/1 989/2/1
f 1001/4/1 991/4/1 990/4/1
f 1001/2/1 990/2/1 1000/2/1
f 1002/2/1 992/2/1 991/2/1
f 1002/4/1 991/4/1 1001/4/1
f 1003/4/1 994/4/1 993/4/1
f 1003/3/1 995/3/1 994/3/1
f 1004/1/1 996/1/1 995/1/1
f 1004/3/1 995/3/1 1003/3/1
f 1005/2/1 998/2/1 997/2/1
f 1005/2/1 999/2/1 998/2/1
f 1006/2/1 999/2/1 1005/2/1
f 1007/1/1 981/1/1 999/1/1
f 1007/2/1 999/2/1 1006/2/1
f 1008/1/1 981/1/1 1007/1/1
f 1009/4/1 1001/4/1 1000/4/1
f 1010/1/1 1002/1/1 1001/1/1
f 1010/4/1 1001/4/1 1009/4/1
f 1011/2/1 992/2/1 1002/2/1
f 1011/1/1 1002/1/1 1010/1/1
f 1012/4/1 1003/4/1 993/4/1
f 1012/4/1 1004/4/1 1003/4/1
f 1013/4/1 1004/4/1 1012/4/1
f 1014/1/1 996/1/1 1004/1/1
f 1014/4/1 1004/4/1 1013/4/1
f 1015/1/1 996/1/1 1014/1/1
f 1016/3/1 1006/3/1 1005/3/1
f 1016/1/1 1007/1/1 1006/1/1
f 1017/4/1 1008/4/1 1007/4/1
f 1017/1/1 1007/1/1 1016/1/1
f 1018/4/1 1008/4/1 1017/4/1
f 1019/2/1 1010/2/1 1009/2/1
f 1020/4/1 1011/4/1 1010/4/1
f 1020/2/1 1010/2/1 1019/2/1
f 1021/2/1 992/2/1 1011/2/1
f 1021/4/1 1011/4/1 1020/4/1
f 1022/2/1 992/2/1 1021/2/1
f 1023/3/1 1013/3/1 1012/3/1
f 1024/4/1 1014/4/1 1013/4/1
f 1024/3/1 1013/3/1 1023/3/1
f 1025/3/1 1015/3/1 1014/3/1
f 1025/4/1 1014/4/1 1024/4/1
f 1026/3/1 1015/3/1 1025/3/1
f 1027/3/1 1016/3/1 1005/3/1
f 1027/3/1 1017/3/1 1016/3/1
f 1027/3/1 1018/3/1 1017/3/1
f 1028/3/1 1018/3/1 1027/3/1
f 1029/1/1 1020/1/1 1019/1/1
f 1029/2/1 1021/2/1 1020/2/1
f 1030/1/1 1022/1/1 1021/1/1
f 1030/2/1 1021/2/1 1029/2/1
f 1031/1/1 1022/1/1 1030/1/1
f 1032/2/1 1024/2/1 1023/2/1
f 1033/1/1 1025/1/1 1024/1/1
f 1033/2/1 1024/2/1 1032/2/1
f 1034/4/1 1026/4/1 1025/4/1
f 1034/1/1 1025/1/1 1033/1/1
f 1035/4/1 1026/4/1 1034/4/1
f 1036/3/1 1018/3/1 1028/3/1
f 1036/2/1 1028/2/1 1027/2/1
f 1037/3/1 1018/3/1 1036/3/1
f 1038/1/1 1029/1/1 1019/1/1
f 1039/3/1 1031/3/1 1030/3/1
f 1039/1/1 1029/1/1 1038/1/1
f 1039/3/1 1030/3/1 1029/3/1
f 1040/3/1 1031/3/1 1039/3/1
f 1041/3/1 1033/3/1 1032/3/1
f 1042/1/1 1034/1/1 1033/1/1
f 1042/3/1 1033/3/1 1041/3/1
f 1043/2/1 1035/2/1 1034/2/1
f 1043/1/1 1034/1/1 1042/1/1
f 1044/2/1 1035/2/1 1043/2/1
f 1045/2/1 1037/2/1 1036/2/1
f 1045/2/1 1036/2/1 1027/2/1
f 1046/2/1 1037/2/1 1045/2/1
f 1047/3/1 1018/3/1 1037/3/1
f 1047/2/1 1037/2/1 1046/2/1
f 1048/2/1 1042/2/1 1041/2/1
f 1049/3/1 1043/3/1 1042/3/1
f 1049/2/1 1042/2/1 1048/2/1
f 1050/1/1 1044/1/1 1043/1/1
f 1050/3/1 1043/3/1 1049/3/1
f 1051/3/1 1046/3/1 1045/3/1
f 1052/1/1 1047/1/1 1046/1/1
f 1052/3/1 1046/3/1 1051/3/1
f 1053/3/1 1018/3/1 1047/3/1
f 1053/1/1 1047/1/1 1052/1/1
f 1054/2/1 1039/2/1 1038/2/1
f 1055/4/1 1040/4/1 1039/4/1
f 1055/2/1 1039/2/1 1054/2/1
f 1056/3/1 1031/3/1 1040/3/1
f 1056/4/1 1040/4/1 1055/4/1
f 1057/3/1 1031/3/1 1056/3/1
f 1058/4/1 1049/4/1 1048/4/1
f 1059/2/1 1050/2/1 1049/2/1
f 1059/4/1 1049/4/1 1058/4/1
f 1060/1/1 1044/1/1 1050/1/1
f 1060/2/1 1050/2/1 1059/2/1
f 1061/1/1 1044/1/1 1060/1/1
f 1062/2/1 1052/2/1 1051/2/1
f 1062/3/1 1053/3/1 1052/3/1
f 1063/3/1 1018/3/1 1053/3/1
f 1063/3/1 1053/3/1 1062/3/1
f 1064/3/1 1018/3/1 1063/3/1
f 1065/3/1 1055/3/1 1054/3/1
f 1065/3/1 1056/3/1 1055/3/1
f 1066/3/1 1056/3/1 1065/3/1
f 1067/1/1 1057/1/1 1056/1/1
f 1067/3/1 1056/3/1 1066/3/1
f 1068/1/1 1057/1/1 1067/1/1
f 1069/2/1 1059/2/1 1058/2/1
f 1070/3/1 1061/3/1 1060/3/1
f 1070/2/1 1059/2/1 1069/2/1
f 1070/3/1 1060/3/1 1059/3/1
f 1071/3/1 1061/3/1 1070/3/1
f 1072/2/1 1062/2/1 1051/2/1
f 1073/4/1 1063/4/1 1062/4/1
f 1073/2/1 1062/2/1 1072/2/1
f 1074/2/1 1064/2/1 1063/2/1
f 1074/4/1 1063/4/1 1073/4/1
f 1075/2/1 1064/2/1 1074/2/1
f 1076/2/1 1066/2/1 1065/2/1
f 1077/4/1 1067/4/1 1066/4/1
f 1077/2/1 1066/2/1 1076/2/1
f 1078/2/1 1068/2/1 1067/2/1
f 1078/4/1 1067/4/1 1077/4/1
f 1079/2/1 1068/2/1 1078/2/1
f 1080/4/1 1070/4/1 1069/4/1
f 1081/2/1 1071/2/1 1070/2/1
f 1081/4/1 1070/4/1 1080/4/1
f 1082/3/1 1061/3/1 1071/3/1
f 1082/2/1 1071/2/1 1081/2/1
f 1083/3/1 1061/3/1 1082/3/1
f 1084/3/1 1073/3/1 1072/3/1
f 1084/1/1 1074/1/1 1073/1/1
f 1085/3/1 1075/3/1 1074/3/1
f 1085/1/1 1074/1/1 1084/1/1
f 1086/3/1 1075/3/1 1085/3/1
f 1088/3/1 1077/3/1 1076/3/1
f 1089/1/1 1079/1/1 1078/1/1
f 1089/1/1 1078/1/1 1077/1/1
f 1089/3/1 1077/3/1 1088/3/1
f 1090/1/1 1079/1/1 1089/1/1
f 1091/1/1 1079/1/1 1090/1/1
f 1094/3/1 1081/3/1 1080/3/1
f 1095/4/1 1082/4/1 1081/4/1
f 1095/3/1 1081/3/1 1094/3/1
f 1096/2/1 1083/2/1 1082/2/1
f 1096/4/1 1082/4/1 1095/4/1
f 1097/2/1 1083/2/1 1096/2/1
f 1100/3/1 1084/3/1 1072/3/1
f 1101/2/1 1085/2/1 1084/2/1
f 1101/3/1 1084/3/1 1100/3/1
f 1102/4/1 1086/4/1 1085/4/1
f 1102/2/1 1085/2/1 1101/2/1
f 1103/4/1 1086/4/1 1102/4/1
f 1105/4/1 1088/4/1 1087/4/1
f 1106/1/1 1092/1/1 1091/1/1
f 1107/1/1 1092/1/1 1106/1/1
f 1108/4/1 1094/4/1 1093/4/1
f 1109/1/1 1098/1/1 1097/1/1
f 1110/1/1 1098/1/1 1109/1/1
f 1111/2/1 1100/2/1 1099/2/1
f 1112/2/1 1100/2/1 1111/2/1
f 1113/2/1 1104/2/1 1103/2/1
f 1114/2/1 1104/2/1 1113/2/1
f 1122/4/1 1105/4/1 1087/4/1
f 1123/4/1 1105/4/1 1122/4/1
f 1124/2/1 1107/2/1 1106/2/1
f 1125/2/1 1107/2/1 1124/2/1
f 1146/4/1 1108/4/1 1093/4/1
f 1147/4/1 1108/4/1 1146/4/1
f 1148/3/1 1110/3/1 1109/3/1
f 1149/3/1 1110/3/1 1148/3/1
f 1180/3/1 1112/3/1 1111/3/1
f 1181/3/1 1112/3/1 1180/3/1
f 1182/1/1 1114/1/1 1113/1/1
f 1183/1/1 1114/1/1 1182/1/1
f 1184/1/1 1116/1/1 1115/1/1
f 1185/4/1 1117/4/1 1116/4/1
f 1185/1/1 1116/1/1 1184/1/1
f 1186/1/1 1118/1/1 1117/1/1
f 1186/4/1 1117/4/1 1185/4/1
f 1187/3/1 1119/3/1 1118/3/1
f 1187/1/1 1118/1/1 1186/1/1
f 1188/4/1 1120/4/1 1119/4/1
f 1188/3/1 1119/3/1 1187/3/1
f 1189/1/1 1121/1/1 1120/1/1
f 1189/4/1 1120/4/1 1188/4/1
f 1190/2/1 1123/2/1 1122/2/1
f 1190/1/1 1121/1/1 1189/1/1
f 1190/2/1 1122/2/1 1121/2/1
f 1191/2/1 1123/2/1 1190/2/1
f 1192/2/1 1123/2/1 1191/2/1
f 1195/3/1 1125/3/1 1124/3/1
f 1196/1/1 1126/1/1 1125/1/1
f 1196/3/1 1125/3/1 1195/3/1
f 1197/4/1 1127/4/1 1126/4/1
f 1197/1/1 1126/1/1 1196/1/1
f 1198/2/1 1128/2/1 1127/2/1
f 1198/4/1 1127/4/1 1197/4/1
f 1199/2/1 1128/2/1 1198/2/1
f 1200/3/1 1129/3/1 1128/3/1
f 1200/2/1 1128/2/1 1199/2/1
f 1201/1/1 1130/1/1 1129/1/1
f 1201/3/1 1129/3/1 1200/3/1
f 1202/4/1 1131/4/1 1130/4/1
f 1203/3/1 1132/3/1 1131/3/1
f 1203/4/1 1131/4/1 1202/4/1
f 1204/2/1 1133/2/1 1132/2/1
f 1204/3/1 1132/3/1 1203/3/1
f 1205/1/1 1134/1/1 1133/1/1
f 1205/2/1 1133/2/1 1204/2/1
f 1206/4/1 1135/4/1 1134/4/1
f 1206/1/1 1134/1/1 1205/1/1
f 1207/2/1 1136/2/1 1135/2/1
f 1208/4/1 1137/4/1 1136/4/1
f 1208/2/1 1136/2/1 1207/2/1
f 1209/4/1 1137/4/1 1208/4/1
f 1210/3/1 1138/3/1 1137/3/1
f 1210/4/1 1137/4/1 1209/4/1
f 1211/2/1 1139/2/1 1138/2/1
f 1211/3/1 1138/3/1 1210/3/1
f 1212/2/1 1139/2/1 1211/2/1
f 1213/1/1 1140/1/1 1139/1/1
f 1213/2/1 1139/2/1 1212/2/1
f 1214/4/1 1141/4/1 1140/4/1
f 1214/1/1 1140/1/1 1213/1/1
f 1215/1/1 1142/1/1 1141/1/1
f 1215/4/1 1141/4/1 1214/4/1
f 1216/1/1 1142/1/1 1215/1/1
f 1217/1/1 1142/1/1 1216/1/1
f 1218/1/1 1142/1/1 1217/1/1
f 1219/4/1 1143/4/1 1142/4/1
f 1219/1/1 1142/1/1 1218/1/1
f 1220/2/1 1144/2/1 1143/2/1
f 1220/4/1 1143/4/1 1219/4/1
f 1221/4/1 1145/4/1 1144/4/1
f 1221/2/1 1144/2/1 1220/2/1
f 1222/1/1 1147/1/1 1146/1/1
f 1222/4/1 1145/4/1 1221/4/1
f 1222/1/1 1146/1/1 1145/1/1
f 1223/1/1 1147/1/1 1222/1/1
f 1224/1/1 1147/1/1 1223/1/1
f 1227/4/1 1149/4/1 1148/4/1
f 1228/2/1 1150/2/1 1149/2/1
f 1228/4/1 1149/4/1 1227/4/1
f 1229/3/1 1151/3/1 1150/3/1
f 1229/2/1 1150/2/1 1228/2/1
f 1230/4/1 1152/4/1 1151/4/1
f 1230/3/1 1151/3/1 1229/3/1
f 1231/1/1 1153/1/1 1152/1/1
f 1231/4/1 1152/4/1 1230/4/1
f 1232/3/1 1154/3/1 1153/3/1
f 1232/1/1 1153/1/1 1231/1/1
f 1233/4/1 1155/4/1 1154/4/1
f 1233/3/1 1154/3/1 1232/3/1
f 1234/1/1 1156/1/1 1155/1/1
f 1234/4/1 1155/4/1 1233/4/1
f 1235/1/1 1156/1/1 1234/1/1
f 1236/2/1 1157/2/1 1156/2/1
f 1236/1/1 1156/1/1 1235/1/1
f 1237/1/1 1158/1/1 1157/1/1
f 1237/2/1 1157/2/1 1236/2/1
f 1238/4/1 1159/4/1 1158/4/1
f 1238/1/1 1158/1/1 1237/1/1
f 1239/2/1 1160/2/1 1159/2/1
f 1239/4/1 1159/4/1 1238/4/1
f 1240/1/1 1161/1/1 1160/1/1
f 1240/2/1 1160/2/1 1239/2/1
f 1241/3/1 1162/3/1 1161/3/1
f 1241/1/1 1161/1/1 1240/1/1
f 1242/3/1 1162/3/1 1241/3/1
f 1243/2/1 1163/2/1 1162/2/1
f 1243/3/1 1162/3/1 1242/3/1
f 1244/3/1 1164/3/1 1163/3/1
f 1244/2/1 1163/2/1 1243/2/1
f 1245/3/1 1164/3/1 1244/3/1
f 1246/1/1 1165/1/1 1164/1/1
f 1246/3/1 1164/3/1 1245/3/1
f 1247/4/1 1166/4/1 1165/4/1
f 1247/1/1 1165/1/1 1246/1/1
f 1248/1/1 1167/1/1 1166/1/1
f 1248/4/1 1166/4/1 1247/4/1
f 1249/3/1 1168/3/1 1167/3/1
f 1249/1/1 1167/1/1 1248/1/1
f 1250/4/1 1169/4/1 1168/4/1
f 1250/3/1 1168/3/1 1249/3/1
f 1251/1/1 1170/1/1 1169/1/1
f 1251/4/1 1169/4/1 1250/4/1
f 1252/4/1 1171/4/1 1170/4/1
f 1252/1/1 1170/1/1 1251/1/1
f 1253/4/1 1171/4/1 1252/4/1
f 1254/4/1 1171/4/1 1253/4/1
f 1255/1/1 1172/1/1 1171/1/1
f 1255/4/1 1171/4/1 1254/4/1
f 1256/4/1 1173/4/1 1172/4/1
f 1256/1/1 1172/1/1 1255/1/1
f 1257/1/1 1174/1/1 1173/1/1
f 1257/4/1 1173/4/1 1256/4/1
f 1258/2/1 1175/2/1 1174/2/1
f 1258/1/1 1174/1/1 1257/1/1
f 1259/4/1 1176/4/1 1175/4/1
f 1259/2/1 1177/2/1 1176/2/1
f 1260/1/1 1178/1/1 1177/1/1
f 1260/2/1 1177/2/1 1259/2/1
f 1261/4/1 1179/4/1 1178/4/1
f 1261/1/1 1178/1/1 1260/1/1
f 1262/2/1 1180/2/1 1179/2/1
f 1262/4/1 1179/4/1 1261/4/1
f 1263/1/1 1181/1/1 1180/1/1
f 1263/2/1 1180/2/1 1262/2/1
f 1264/1/1 1181/1/1 1263/1/1
f 1267/2/1 1185/2/1 1184/2/1
f 1268/4/1 1186/4/1 1185/4/1
f 1268/2/1 1185/2/1 1267/2/1
f 1269/2/1 1187/2/1 1186/2/1
f 1269/4/1 1186/4/1 1268/4/1
f 1270/1/1 1189/1/1 1188/1/1
f 1270/2/1 1187/2/1 1269/2/1
f 1270/1/1 1188/1/1 1187/1/1
f 1270/1/1 1190/1/1 1189/1/1
f 1271/1/1 1190/1/1 1270/1/1
f 1272/3/1 1191/3/1 1190/3/1
f 1272/1/1 1190/1/1 1271/1/1
f 1273/1/1 1192/1/1 1191/1/1
f 1273/3/1 1191/3/1 1272/3/1
f 1274/2/1 1193/2/1 1192/2/1
f 1274/1/1 1192/1/1 1273/1/1
f 1275/4/1 1194/4/1 1193/4/1
f 1275/2/1 1193/2/1 1274/2/1
f 1276/1/1 1195/1/1 1194/1/1
f 1276/4/1 1194/4/1 1275/4/1
f 1277/2/1 1196/2/1 1195/2/1
f 1277/1/1 1195/1/1 1276/1/1
f 1278/4/1 1197/4/1 1196/4/1
f 1278/2/1 1196/2/1 1277/2/1
f 1279/2/1 1199/2/1 1198/2/1
f 1279/3/1 1198/3/1 1197/3/1
f 1280/1/1 1200/1/1 1199/1/1
f 1280/2/1 1199/2/1 1279/2/1
f 1281/1/1 1200/1/1 1280/1/1
f 1282/2/1 1201/2/1 1200/2/1
f 1282/1/1 1200/1/1 1281/1/1
f 1283/1/1 1130/1/1 1201/1/1
f 1283/2/1 1201/2/1 1282/2/1
f 1284/4/1 1202/4/1 1130/4/1
f 1284/1/1 1130/1/1 1283/1/1
f 1285/3/1 1203/3/1 1202/3/1
f 1285/4/1 1202/4/1 1284/4/1
f 1285/3/1 1204/3/1 1203/3/1
f 1285/3/1 1205/3/1 1204/3/1
f 1286/3/1 1205/3/1 1285/3/1
f 1287/3/1 1205/3/1 1286/3/1
f 1288/2/1 1206/2/1 1205/2/1
f 1288/3/1 1205/3/1 1287/3/1
f 1289/4/1 1135/4/1 1206/4/1
f 1289/2/1 1206/2/1 1288/2/1
f 1290/2/1 1207/2/1 1135/2/1
f 1290/4/1 1135/4/1 1289/4/1
f 1291/1/1 1208/1/1 1207/1/1
f 1291/2/1 1207/2/1 1290/2/1
f 1292/2/1 1209/2/1 1208/2/1
f 1292/1/1 1208/1/1 1291/1/1
f 1293/1/1 1210/1/1 1209/1/1
f 1293/2/1 1209/2/1 1292/2/1
f 1293/1/1 1211/1/1 1210/1/1
f 1294/1/1 1211/1/1 1293/1/1
f 1295/3/1 1212/3/1 1211/3/1
f 1295/1/1 1211/1/1 1294/1/1
f 1296/2/1 1213/2/1 1212/2/1
f 1296/3/1 1212/3/1 1295/3/1
f 1297/4/1 1214/4/1 1213/4/1
f 1297/2/1 1213/2/1 1296/2/1
f 1298/2/1 1215/2/1 1214/2/1
f 1298/4/1 1214/4/1 1297/4/1
f 1299/3/1 1216/3/1 1215/3/1
f 1299/2/1 1215/2/1 1298/2/1
f 1300/2/1 1217/2/1 1216/2/1
f 1300/3/1 1216/3/1 1299/3/1
f 1301/1/1 1218/1/1 1217/1/1
f 1301/2/1 1217/2/1 1300/2/1
f 1302/3/1 1219/3/1 1218/3/1
f 1302/1/1 1218/1/1 1301/1/1
f 1303/1/1 1220/1/1 1219/1/1
f 1303/3/1 1219/3/1 1302/3/1
f 1303/1/1 1221/1/1 1220/1/1
f 1304/1/1 1221/1/1 1303/1/1
f 1305/3/1 1222/3/1 1221/3/1
f 1305/1/1 1221/1/1 1304/1/1
f 1306/2/1 1223/2/1 1222/2/1
f 1306/3/1 1222/3/1 1305/3/1
f 1307/1/1 1224/1/1 1223/1/1
f 1307/2/1 1223/2/1 1306/2/1
f 1308/3/1 1225/3/1 1224/3/1
f 1308/1/1 1224/1/1 1307/1/1
f 1309/2/1 1226/2/1 1225/2/1
f 1309/3/1 1225/3/1 1308/3/1
f 1310/4/1 1227/4/1 1226/4/1
f 1310/2/1 1226/2/1 1309/2/1
f 1311/2/1 1228/2/1 1227/2/1
f 1311/4/1 1227/4/1 1310/4/1
f 1312/3/1 1229/3/1 1228/3/1
f 1312/2/1 1228/2/1 1311/2/1
f 1312/3/1 1230/3/1 1229/3/1
f 1312/3/1 1231/3/1 1230/3/1
f 1313/3/1 1231/3/1 1312/3/1
f 1314/2/1 1232/2/1 1231/2/1
f 1314/3/1 1231/3/1 1313/3/1
f 1315/1/1 1233/1/1 1232/1/1
f 1315/2/1 1232/2/1 1314/2/1
f 1315/1/1 1234/1/1 1233/1/1
f 1316/4/1 1235/4/1 1234/4/1
f 1316/1/1 1234/1/1 1315/1/1
f 1317/3/1 1236/3/1 1235/3/1
f 1317/4/1 1235/4/1 1316/4/1
f 1318/2/1 1237/2/1 1236/2/1
f 1318/3/1 1236/3/1 1317/3/1
f 1319/3/1 1238/3/1 1237/3/1
f 1319/2/1 1237/2/1 1318/2/1
f 1320/1/1 1239/1/1 1238/1/1
f 1320/3/1 1238/3/1 1319/3/1
f 1321/3/1 1240/3/1 1239/3/1
f 1321/1/1 1239/1/1 1320/1/1
f 1322/4/1 1241/4/1 1240/4/1
f 1322/3/1 1240/3/1 1321/3/1
f 1323/1/1 1242/1/1 1241/1/1
f 1323/4/1 1241/4/1 1322/4/1
f 1324/1/1 1242/1/1 1323/1/1
f 1325/2/1 1243/2/1 1242/2/1
f 1325/1/1 1242/1/1 1324/1/1
f 1326/4/1 1244/4/1 1243/4/1
f 1326/2/1 1243/2/1 1325/2/1
f 1327/3/1 1245/3/1 1244/3/1
f 1327/4/1 1244/4/1 1326/4/1
f 1328/2/1 1246/2/1 1245/2/1
f 1328/3/1 1245/3/1 1327/3/1
f 1328/2/1 1247/2/1 1246/2/1
f 1328/2/1 1248/2/1 1247/2/1
f 1329/2/1 1248/2/1 1328/2/1
f 1330/2/1 1248/2/1 1329/2/1
f 1331/4/1 1249/4/1 1248/4/1
f 1331/2/1 1248/2/1 1330/2/1
f 1331/4/1 1250/4/1 1249/4/1
f 1332/2/1 1251/2/1 1250/2/1
f 1332/4/1 1250/4/1 1331/4/1
f 1333/3/1 1252/3/1 1251/3/1
f 1333/2/1 1251/2/1 1332/2/1
f 1334/4/1 1253/4/1 1252/4/1
f 1334/3/1 1252/3/1 1333/3/1
f 1335/2/1 1254/2/1 1253/2/1
f 1335/4/1 1253/4/1 1334/4/1
f 1336/4/1 1255/4/1 1254/4/1
f 1336/2/1 1254/2/1 1335/2/1
f 1337/2/1 1256/2/1 1255/2/1
f 1337/4/1 1255/4/1 1336/4/1
f 1338/1/1 1257/1/1 1256/1/1
f 1338/2/1 1256/2/1 1337/2/1
f 1339/3/1 1258/3/1 1257/3/1
f 1339/1/1 1257/1/1 1338/1/1
f 1340/2/1 1175/2/1 1258/2/1
f 1340/3/1 1258/3/1 1339/3/1
f 1341/4/1 1259/4/1 1175/4/1
f 1341/2/1 1175/2/1 1340/2/1
f 1342/1/1 1260/1/1 1259/1/1
f 1342/4/1 1259/4/1 1341/4/1
f 1343/2/1 1261/2/1 1260/2/1
f 1343/1/1 1260/1/1 1342/1/1
f 1344/1/1 1262/1/1 1261/1/1
f 1344/2/1 1261/2/1 1343/2/1
f 1344/1/1 1263/1/1 1262/1/1
f 1345/1/1 1263/1/1 1344/1/1
f 1346/2/1 1264/2/1 1263/2/1
f 1346/1/1 1263/1/1 1345/1/1
f 1347/1/1 1265/1/1 1264/1/1
f 1347/2/1 1264/2/1 1346/2/1
f 1347/1/1 1266/1/1 1265/1/1
f 1348/1/1 1266/1/1 1347/1/1
f 1349/1/1 1266/1/1 1348/1/1
f 1350/1/1 1268/1/1 1267/1/1
f 1351/3/1 1269/3/1 1268/3/1
f 1351/1/1 1268/1/1 1350/1/1
f 1351/3/1 1270/3/1 1269/3/1
f 1352/3/1 1270/3/1 1351/3/1
f 1353/2/1 1271/2/1 1270/2/1
f 1353/3/1 1270/3/1 1352/3/1
f 1354/2/1 1271/2/1 1353/2/1
f 1355/1/1 1272/1/1 1271/1/1
f 1355/2/1 1271/2/1 1354/2/1
f 1356/4/1 1273/4/1 1272/4/1
f 1356/1/1 1272/1/1 1355/1/1
f 1357/2/1 1274/2/1 1273/2/1
f 1357/4/1 1273/4/1 1356/4/1
f 1358/1/1 1275/1/1 1274/1/1
f 1358/2/1 1274/2/1 1357/2/1
f 1359/3/1 1276/3/1 1275/3/1
f 1359/1/1 1275/1/1 1358/1/1
f 1360/1/1 1277/1/1 1276/1/1
f 1360/3/1 1276/3/1 1359/3/1
f 1361/3/1 1278/3/1 1277/3/1
f 1361/1/1 1277/1/1 1360/1/1
f 1362/4/1 1197/4/1 1278/4/1
f 1362/3/1 1278/3/1 1361/3/1
f 1363/3/1 1279/3/1 1197/3/1
f 1363/4/1 1197/4/1 1362/4/1
f 1363/3/1 1280/3/1 1279/3/1
f 1364/3/1 1280/3/1 1363/3/1
f 1365/1/1 1281/1/1 1280/1/1
f 1365/3/1 1280/3/1 1364/3/1
f 1366/3/1 1282/3/1 1281/3/1
f 1366/1/1 1281/1/1 1365/1/1
f 1367/2/1 1283/2/1 1282/2/1
f 1367/3/1 1282/3/1 1366/3/1
f 1368/4/1 1284/4/1 1283/4/1
f 1368/2/1 1283/2/1 1367/2/1
f 1369/3/1 1285/3/1 1284/3/1
f 1369/4/1 1284/4/1 1368/4/1
f 1370/2/1 1286/2/1 1285/2/1
f 1370/3/1 1285/3/1 1369/3/1
f 1371/4/1 1287/4/1 1286/4/1
f 1371/2/1 1286/2/1 1370/2/1
f 1372/2/1 1288/2/1 1287/2/1
f 1372/4/1 1287/4/1 1371/4/1
f 1373/4/1 1289/4/1 1288/4/1
f 1373/2/1 1288/2/1 1372/2/1
f 1374/1/1 1291/1/1 1290/1/1
f 1374/4/1 1289/4/1 1373/4/1
f 1374/1/1 1290/1/1 1289/1/1
f 1375/1/1 1291/1/1 1374/1/1
f 1376/3/1 1292/3/1 1291/3/1
f 1376/1/1 1291/1/1 1375/1/1
f 1377/1/1 1293/1/1 1292/1/1
f 1377/3/1 1292/3/1 1376/3/1
f 1377/1/1 1294/1/1 1293/1/1
f 1378/1/1 1294/1/1 1377/1/1
f 1379/4/1 1295/4/1 1294/4/1
f 1379/1/1 1294/1/1 1378/1/1
f 1379/4/1 1296/4/1 1295/4/1
f 1379/4/1 1297/4/1 1296/4/1
f 1380/4/1 1297/4/1 1379/4/1
f 1381/4/1 1297/4/1 1380/4/1
f 1382/3/1 1298/3/1 1297/3/1
f 1382/4/1 1297/4/1 1381/4/1
f 1383/4/1 1299/4/1 1298/4/1
f 1383/3/1 1298/3/1 1382/3/1
f 1384/1/1 1300/1/1 1299/1/1
f 1384/4/1 1299/4/1 1383/4/1
f 1385/4/1 1302/4/1 1301/4/1
f 1385/1/1 1300/1/1 1384/1/1
f 1385/4/1 1301/4/1 1300/4/1
f 1385/4/1 1303/4/1 1302/4/1
f 1385/4/1 1304/4/1 1303/4/1
f 1386/4/1 1304/4/1 1385/4/1
f 1387/4/1 1304/4/1 1386/4/1
f 1388/4/1 1304/4/1 1387/4/1
f 1389/3/1 1305/3/1 1304/3/1
f 1389/4/1 1304/4/1 1388/4/1
f 1389/3/1 1306/3/1 1305/3/1
f 1390/3/1 1306/3/1 1389/3/1
f 1391/4/1 1307/4/1 1306/4/1
f 1391/3/1 1306/3/1 1390/3/1
f 1392/1/1 1308/1/1 1307/1/1
f 1392/4/1 1307/4/1 1391/4/1
f 1393/2/1 1309/2/1 1308/2/1
f 1393/1/1 1308/1/1 1392/1/1
f 1394/3/1 1310/3/1 1309/3/1
f 1394/2/1 1309/2/1 1393/2/1
f 1394/3/1 1311/3/1 1310/3/1
f 1394/3/1 1313/3/1 1312/3/1
f 1394/3/1 1312/3/1 1311/3/1
f 1395/3/1 1313/3/1 1394/3/1
f 1396/3/1 1313/3/1 1395/3/1
f 1397/3/1 1313/3/1 1396/3/1
f 1398/3/1 1313/3/1 1397/3/1
f 1399/1/1 1314/1/1 1313/1/1
f 1399/3/1 1313/3/1 1398/3/1
f 1399/1/1 1315/1/1 1314/1/1
f 1399/1/1 1316/1/1 1315/1/1
f 1400/1/1 1316/1/1 1399/1/1
f 1401/1/1 1316/1/1 1400/1/1
f 1402/1/1 1316/1/1 1401/1/1
f 1403/2/1 1317/2/1 1316/2/1
f 1403/1/1 1316/1/1 1402/1/1
f 1404/3/1 1318/3/1 1317/3/1
f 1404/2/1 1317/2/1 1403/2/1
f 1404/3/1 1319/3/1 1318/3/1
f 1405/1/1 1320/1/1 1319/1/1
f 1405/3/1 1319/3/1 1404/3/1
f 1406/2/1 1321/2/1 1320/2/1
f 1406/1/1 1320/1/1 1405/1/1
f 1407/2/1 1321/2/1 1406/2/1
f 1408/4/1 1322/4/1 1321/4/1
f 1408/2/1 1321/2/1 1407/2/1
f 1409/1/1 1323/1/1 1322/1/1
f 1409/4/1 1322/4/1 1408/4/1
f 1410/4/1 1324/4/1 1323/4/1
f 1410/1/1 1323/1/1 1409/1/1
f 1411/3/1 1325/3/1 1324/3/1
f 1411/4/1 1324/4/1 1410/4/1
f 1412/2/1 1326/2/1 1325/2/1
f 1412/3/1 1325/3/1 1411/3/1
f 1413/3/1 1327/3/1 1326/3/1
f 1413/2/1 1326/2/1 1412/2/1
f 1414/2/1 1328/2/1 1327/2/1
f 1414/3/1 1327/3/1 1413/3/1
f 1415/4/1 1329/4/1 1328/4/1
f 1415/2/1 1328/2/1 1414/2/1
f 1416/3/1 1330/3/1 1329/3/1
f 1416/4/1 1329/4/1 1415/4/1
f 1417/1/1 1331/1/1 1330/1/1
f 1417/3/1 1330/3/1 1416/3/1
f 1418/3/1 1332/3/1 1331/3/1
f 1418/1/1 1331/1/1 1417/1/1
f 1419/3/1 1332/3/1 1418/3/1
f 1420/1/1 1333/1/1 1332/1/1
f 1420/3/1 1332/3/1 1419/3/1
f 1421/3/1 1334/3/1 1333/3/1
f 1421/1/1 1333/1/1 1420/1/1
f 1422/2/1 1335/2/1 1334/2/1
f 1422/3/1 1334/3/1 1421/3/1
f 1422/2/1 1336/2/1 1335/2/1
f 1423/2/1 1336/2/1 1422/2/1
f 1424/3/1 1337/3/1 1336/3/1
f 1424/2/1 1336/2/1 1423/2/1
f 1425/1/1 1338/1/1 1337/1/1
f 1425/3/1 1337/3/1 1424/3/1
f 1426/2/1 1339/2/1 1338/2/1
f 1426/1/1 1338/1/1 1425/1/1
f 1427/3/1 1340/3/1 1339/3/1
f 1427/2/1 1339/2/1 1426/2/1
f 1428/4/1 1341/4/1 1340/4/1
f 1428/3/1 1340/3/1 1427/3/1
f 1429/1/1 1342/1/1 1341/1/1
f 1429/4/1 1341/4/1 1428/4/1
f 1430/3/1 1343/3/1 1342/3/1
f 1430/1/1 1342/1/1 1429/1/1
f 1431/1/1 1344/1/1 1343/1/1
f 1431/3/1 1343/3/1 1430/3/1
f 1432/4/1 1345/4/1 1344/4/1
f 1432/1/1 1344/1/1 1431/1/1
f 1433/3/1 1346/3/1 1345/3/1
f 1433/4/1 1345/4/1 1432/4/1
f 1434/1/1 1347/1/1 1346/1/1
f 1434/3/1 1346/3/1 1433/3/1
f 1435/3/1 1348/3/1 1347/3/1
f 1435/1/1 1347/1/1 1434/1/1
f 1436/2/1 1349/2/1 1348/2/1
f 1436/3/1 1348/3/1 1435/3/1
f 1437/2/1 1349/2/1 1436/2/1
f 1445/4/1 1439/4/1 1438/4/1
f 1446/4/1 1439/4/1 1445/4/1
f 1447/3/1 1441/3/1 1440/3/1
f 1448/3/1 1441/3/1 1447/3/1
f 1450/4/1 1443/4/1 1442/4/1
f 1451/4/1 1443/4/1 1450/4/1
f 1455/1/1 1445/1/1 1444/1/1
f 1456/1/1 1445/1/1 1455/1/1
f 1457/2/1 1449/2/1 1448/2/1
f 1458/2/1 1449/2/1 1457/2/1
f 1463/1/1 1452/1/1 1451/1/1
f 1464/1/1 1452/1/1 1463/1/1
f 1467/2/1 1454/2/1 1453/2/1
f 1468/3/1 1455/3/1 1454/3/1
f 1468/2/1 1454/2/1 1467/2/1
f 1469/3/1 1455/3/1 1468/3/1
f 1470/3/1 1459/3/1 1458/3/1
f 1471/2/1 1460/2/1 1459/2/1
f 1471/3/1 1459/3/1 1470/3/1
f 1472/2/1 1460/2/1 1471/2/1
f 1475/4/1 1462/4/1 1461/4/1
f 1476/4/1 1462/4/1 1475/4/1
f 1477/4/1 1465/4/1 1464/4/1
f 1478/4/1 1465/4/1 1477/4/1
f 1481/1/1 1467/1/1 1466/1/1
f 1482/1/1 1467/1/1 1481/1/1
f 1483/2/1 1473/2/1 1472/2/1
f 1484/2/1 1473/2/1 1483/2/1
f 1487/3/1 1475/3/1 1474/3/1
f 1488/3/1 1475/3/1 1487/3/1
f 1489/3/1 1479/3/1 1478/3/1
f 1490/3/1 1479/3/1 1489/3/1
f 1494/2/1 1481/2/1 1480/2/1
f 1495/2/1 1481/2/1 1494/2/1
f 1496/4/1 1485/4/1 1484/4/1
f 1497/4/1 1485/4/1 1496/4/1
f 1501/3/1 1487/3/1 1486/3/1
f 1502/3/1 1487/3/1 1501/3/1
f 1503/3/1 1491/3/1 1490/3/1
f 1504/3/1 1491/3/1 1503/3/1
f 1507/3/1 1493/3/1 1492/3/1
f 1508/4/1 1494/4/1 1493/4/1
f 1508/3/1 1493/3/1 1507/3/1
f 1509/4/1 1494/4/1 1508/4/1
f 1510/1/1 1498/1/1 1497/1/1
f 1511/1/1 1498/1/1 1510/1/1
f 1514/1/1 1500/1/1 1499/1/1
f 1515/2/1 1501/2/1 1500/2/1
f 1515/1/1 1500/1/1 1514/1/1
f 1516/2/1 1501/2/1 1515/2/1
f 1517/1/1 1505/1/1 1504/1/1
f 1518/1/1 1505/1/1 1517/1/1
f 1521/3/1 1507/3/1 1506/3/1
f 1522/3/1 1507/3/1 1521/3/1
f 1523/2/1 1512/2/1 1511/2/1
f 1524/2/1 1512/2/1 1523/2/1
f 1527/4/1 1514/4/1 1513/4/1
f 1528/4/1 1514/4/1 1527/4/1
f 1529/2/1 1519/2/1 1518/2/1
f 1530/2/1 1519/2/1 1529/2/1
f 1534/2/1 1521/2/1 1520/2/1
f 1535/2/1 1521/2/1 1534/2/1
f 1536/4/1 1525/4/1 1524/4/1
f 1537/4/1 1525/4/1 1536/4/1
f 1541/1/1 1527/1/1 1526/1/1
f 1542/1/1 1527/1/1 1541/1/1
f 1543/2/1 1531/2/1 1530/2/1
f 1544/2/1 1531/2/1 1543/2/1
f 1547/4/1 1533/4/1 1532/4/1
f 1548/3/1 1534/3/1 1533/3/1
f 1548/4/1 1533/4/1 1547/4/1
f 1549/3/1 1534/3/1 1548/3/1
f 1550/3/1 1538/3/1 1537/3/1
f 1551/1/1 1539/1/1 1538/1/1
f 1551/3/1 1538/3/1 1550/3/1
f 1552/1/1 1539/1/1 1551/1/1
f 1555/4/1 1541/4/1 1540/4/1
f 1556/4/1 1541/4/1 1555/4/1
f 1557/2/1 1545/2/1 1544/2/1
f 1558/2/1 1545/2/1 1557/2/1
f 1561/3/1 1547/3/1 1546/3/1
f 1562/3/1 1547/3/1 1561/3/1
f 1563/4/1 1553/4/1 1552/4/1
f 1564/4/1 1553/4/1 1563/4/1
f 1568/2/1 1555/2/1 1554/2/1
f 1569/2/1 1555/2/1 1568/2/1
f 1570/2/1 1559/2/1 1558/2/1
f 1571/2/1 1559/2/1 1570/2/1
f 1574/4/1 1561/4/1 1560/4/1
f 1575/4/1 1561/4/1 1574/4/1
f 1576/2/1 1565/2/1 1564/2/1
f 1577/2/1 1565/2/1 1576/2/1
f 1580/3/1 1567/3/1 1566/3/1
f 1581/1/1 1568/1/1 1567/1/1
f 1581/3/1 1567/3/1 1580/3/1
f 1582/1/1 1568/1/1 1581/1/1
f 1583/2/1 1572/2/1 1571/2/1
f 1584/2/1 1572/2/1 1583/2/1
f 1587/2/1 1574/2/1 1573/2/1
f 1588/2/1 1574/2/1 1587/2/1
f 1589/1/1 1578/1/1 1577/1/1
f 1590/1/1 1578/1/1 1589/1/1
f 1593/1/1 1580/1/1 1579/1/1
f 1594/1/1 1580/1/1 1593/1/1
f 1595/3/1 1585/3/1 1584/3/1
f 1596/3/1 1585/3/1 1595/3/1
f 1597/1/1 1587/1/1 1586/1/1
f 1598/1/1 1587/1/1 1597/1/1
f 1599/4/1 1591/4/1 1590/4/1
f 1600/4/1 1591/4/1 1599/4/1
f 1603/1/1 1593/1/1 1592/1/1
f 1604/1/1 1593/1/1 1603/1/1
f 1605/4/1 1597/4/1 1596/4/1
f 1606/4/1 1597/4/1 1605/4/1
f 1607/4/1 1597/4/1 1606/4/1
f 1608/3/1 1601/3/1 1600/3/1
f 1609/3/1 1601/3/1 1608/3/1
f 1610/2/1 1603/2/1 1602/2/1
f 1611/2/1 1603/2/1 1610/2/1
f 1612/4/2 1613/4/2 1614/4/2
f 1614/4/2 1613/4/2 1615/4/2
f 1615/3/2 1616/3/2 1617/3/2
f 1617/3/2 1616/3/2 1618/3/2
f 1617/2/2 1618/2/2 1619/2/2
f 1619/2/2 1618/2/2 1620/2/2
f 1620/3/2 1621/3/2 1622/3/2
f 1622/3/2 1621/3/2 1623/3/2
f 1623/1/2 1624/1/2 1625/1/2
f 1625/1/2 1624/1/2 1626/1/2
f 1627/2/2 1628/2/2 1633/2/2
f 1633/2/2 1628/2/2 1634/2/2
f 1629/3/2 1630/3/2 1637/3/2
f 1637/3/2 1630/3/2 1638/3/2
f 1631/3/2 1632/3/2 1639/3/2
f 1639/3/2 1632/3/2 1640/3/2
f 1634/3/2 1635/3/2 1644/3/2
f 1644/3/2 1635/3/2 1645/3/2
f 1636/1/2 1637/1/2 1648/1/2
f 1648/1/2 1637/1/2 1649/1/2
f 1640/4/2 1641/4/2 1650/4/2
f 1650/4/2 1641/4/2 1651/4/2
f 1642/3/2 1643/3/2 1654/3/2
f 1654/3/2 1643/3/2 1655/3/2
f 1645/1/2 1646/1/2 1656/1/2
f 1656/1/2 1646/1/2 1657/1/2
f 1647/1/2 1648/1/2 1659/1/2
f 1659/1/2 1648/1/2 1660/1/2
f 1651/1/2 1652/1/2 1661/1/2
f 1661/1/2 1652/1/2 1662/1/2
f 1656/4/2 1657/4/2 1664/4/2
f 1664/4/2 1657/4/2 1665/4/2
f 1658/4/2 1659/4/2 1668/4/2
f 1668/4/2 1659/4/2 1669/4/2
f 1662/4/2 1663/4/2 1670/4/2
f 1670/4/2 1663/4/2 1671/4/2
f 1653/3/2 1654/3/2 1674/3/2
f 1674/3/2 1654/3/2 1675/3/2
f 1665/3/2 1666/3/2 1676/3/2
f 1676/3/2 1666/3/2 1677/3/2
f 1667/2/2 1668/2/2 1680/2/2
f 1680/2/2 1668/2/2 1681/2/2
f 1671/2/2 1672/2/2 1682/2/2
f 1682/2/2 1672/2/2 1683/2/2
f 1673/2/2 1674/2/2 1686/2/2
f 1686/2/2 1674/2/2 1687/2/2
f 1677/2/2 1678/2/2 1688/2/2
f 1688/2/2 1678/2/2 1689/2/2
f 1683/1/2 1684/1/2 1690/1/2
f 1690/1/2 1684/1/2 1691/1/2
f 1685/3/2 1686/3/2 1693/3/2
f 1693/3/2 1686/3/2 1694/3/2
f 1679/4/2 1680/4/2 1696/4/2
f 1696/4/2 1680/4/2 1697/4/2
f 1691/3/2 1692/3/2 1698/3/2
f 1698/3/2 1692/3/2 1699/3/2
f 1693/2/2 1694/2/2 1702/2/2
f 1702/2/2 1694/2/2 1703/2/2
f 1695/1/2 1696/1/2 1705/1/2
f 1705/1/2 1696/1/2 1706/1/2
f 1699/4/2 1700/4/2 1707/4/2
f 1707/4/2 1700/4/2 1708/4/2
f 1701/2/2 1702/2/2 1711/2/2
f 1711/2/2 1702/2/2 1712/2/2
f 1704/1/2 1705/1/2 1714/1/2
f 1714/1/2 1705/1/2 1715/1/2
f 1708/2/2 1709/2/2 1716/2/2
f 1716/2/2 1709/2/2 1717/2/2
f 1710/2/2 1711/2/2 1719/2/2
f 1719/2/2 1711/2/2 1720/2/2
f 1713/1/2 1714/1/2 1722/1/2
f 1722/1/2 1714/1/2 1723/1/2
f 1717/2/2 1718/2/2 1724/2/2
f 1724/2/2 1718/2/2 1725/2/2
f 1719/3/2 1720/3/2 1728/3/2
f 1728/3/2 1720/3/2 1729/3/2
f 1721/3/2 1722/3/2 1730/3/2
f 1730/3/2 1722/3/2 1731/3/2
f 1725/1/2 1726/1/2 1732/1/2
f 1732/1/2 1726/1/2 1733/1/2
f 1727/3/2 1728/3/2 1734/3/2
f 1734/3/2 1728/3/2 1735/3/2
f 1736/4/2 1737/4/2 1747/4/2
f 1747/4/2 1737/4/2 1748/4/2
f 1737/1/2 1738/1/2 1749/1/2
f 1748/4/2 1737/4/2 1749/4/2
f 1749/1/2 1738/1/2 1750/1/2
f 1739/3/2 1740/3/2 1751/3/2
f 1740/2/2 1741/2/2 1752/2/2
f 1751/3/2 1740/3/2 1752/3/2
f 1741/1/2 1742/1/2 1753/1/2
f 1752/2/2 1741/2/2 1753/2/2
f 1753/1/2 1742/1/2 1754/1/2
f 1743/3/2 1744/3/2 1755/3/2
f 1744/1/2 1745/1/2 1756/1/2
f 1755/3/2 1744/3/2 1756/3/2
f 1745/4/2 1746/4/2 1757/4/2
f 1756/1/2 1745/1/2 1757/1/2
f 1757/4/2 1746/4/2 1758/4/2
f 1747/2/2 1748/2/2 1759/2/2
f 1748/4/2 1749/4/2 1760/4/2
f 1759/2/2 1748/2/2 1760/2/2
f 1749/3/2 1750/3/2 1761/3/2
f 1760/4/2 1749/4/2 1761/4/2
f 1761/3/2 1750/3/2 1762/3/2
f 1751/2/2 1752/2/2 1763/2/2
f 1752/1/2 1753/1/2 1764/1/2
f 1763/2/2 1752/2/2 1764/2/2
f 1753/2/2 1754/2/2 1765/2/2
f 1764/1/2 1753/1/2 1765/1/2
f 1755/2/2 1756/2/2 1766/2/2
f 1756/3/2 1757/3/2 1767/3/2
f 1766/2/2 1756/2/2 1767/2/2
f 1757/3/2 1758/3/2 1767/3/2
f 1767/3/2 1758/3/2 1768/3/2
f 1759/1/2 1760/1/2 1769/1/2
f 1761/4/2 1762/4/2 1769/4/2
f 1760/4/2 1761/4/2 1769/4/2
f 1769/4/2 1762/4/2 1770/4/2
f 1763/1/2 1764/1/2 1771/1/2
f 1764/3/2 1765/3/2 1772/3/2
f 1771/1/2 1764/1/2 1772/1/2
f 1765/2/2 1754/2/2 1773/2/2
f 1772/3/2 1765/3/2 1773/3/2
f 1766/3/2 1767/3/2 1774/3/2
f 1767/2/2 1768/2/2 1775/2/2
f 1774/3/2 1767/3/2 1775/3/2
f 1775/2/2 1768/2/2 1776/2/2
f 1776/2/2 1768/2/2 1777/2/2
f 1759/1/2 1769/1/2 1778/1/2
f 1769/3/2 1770/3/2 1779/3/2
f 1778/1/2 1769/1/2 1779/1/2
f 1779/3/2 1770/3/2 1780/3/2
f 1780/3/2 1770/3/2 1781/3/2
f 1771/4/2 1772/4/2 1782/4/2
f 1772/4/2 1773/4/2 1782/4/2
f 1782/4/2 1773/4/2 1783/4/2
f 1773/2/2 1754/2/2 1784/2/2
f 1783/4/2 1773/4/2 1784/4/2
f 1774/2/2 1775/2/2 1785/2/2
f 1775/2/2 1776/2/2 1785/2/2
f 1785/2/2 1776/2/2 1786/2/2
f 1776/1/2 1777/1/2 1787/1/2
f 1786/2/2 1776/2/2 1787/2/2
f 1787/1/2 1777/1/2 1788/1/2
f 1778/4/2 1779/4/2 1789/4/2
f 1779/2/2 1780/2/2 1790/2/2
f 1789/4/2 1779/4/2 1790/4/2
f 1780/1/2 1781/1/2 1791/1/2
f 1790/2/2 1780/2/2 1791/2/2
f 1791/1/2 1781/1/2 1792/1/2
f 1782/3/2 1783/3/2 1793/3/2
f 1783/1/2 1784/1/2 1794/1/2
f 1793/3/2 1783/3/2 1794/3/2
f 1784/2/2 1754/2/2 1795/2/2
f 1794/1/2 1784/1/2 1795/1/2
f 1795/2/2 1754/2/2 1796/2/2
f 1785/4/2 1786/4/2 1797/4/2
f 1786/3/2 1787/3/2 1798/3/2
f 1797/4/2 1786/4/2 1798/4/2
f 1787/4/2 1788/4/2 1799/4/2
f 1798/3/2 1787/3/2 1799/3/2
f 1789/1/2 1790/1/2 1800/1/2
f 1790/1/2 1791/1/2 1800/1/2
f 1800/1/2 1791/1/2 1801/1/2
f 1791/3/2 1792/3/2 1802/3/2
f 1801/1/2 1791/1/2 1802/1/2
f 1802/3/2 1792/3/2 1803/3/2
f 1793/4/2 1794/4/2 1804/4/2
f 1794/4/2 1795/4/2 1804/4/2
f 1795/3/2 1796/3/2 1805/3/2
f 1804/4/2 1795/4/2 1805/4/2
f 1797/1/2 1798/1/2 1806/1/2
f 1798/1/2 1799/1/2 1806/1/2
f 1806/1/2 1799/1/2 1807/1/2
f 1799/4/2 1788/4/2 1808/4/2
f 1807/1/2 1799/1/2 1808/1/2
f 1800/4/2 1801/4/2 1809/4/2
f 1802/1/2 1803/1/2 1809/1/2
f 1801/1/2 1802/1/2 1809/1/2
f 1809/1/2 1803/1/2 1810/1/2
f 1810/1/2 1803/1/2 1811/1/2
f 1804/1/2 1805/1/2 1812/1/2
f 1812/1/2 1805/1/2 1813/1/2
f 1805/3/2 1796/3/2 1814/3/2
f 1813/1/2 1805/1/2 1814/1/2
f 1814/3/2 1796/3/2 1815/3/2
f 1806/4/2 1807/4/2 1816/4/2
f 1807/3/2 1808/3/2 1817/3/2
f 1816/4/2 1807/4/2 1817/4/2
f 1808/4/2 1788/4/2 1818/4/2
f 1817/3/2 1808/3/2 1818/3/2
f 1818/4/2 1788/4/2 1819/4/2
f 1800/4/2 1809/4/2 1820/4/2
f 1809/4/2 1810/4/2 1820/4/2
f 1820/4/2 1810/4/2 1821/4/2
f 1810/2/2 1811/2/2 1822/2/2
f 1821/4/2 1810/4/2 1822/4/2
f 1822/2/2 1811/2/2 1823/2/2
f 1812/4/2 1813/4/2 1824/4/2
f 1813/3/2 1814/3/2 1825/3/2
f 1824/4/2 1813/4/2 1825/4/2
f 1814/4/2 1815/4/2 1826/4/2
f 1825/3/2 1814/3/2 1826/3/2
f 1826/4/2 1815/4/2 1827/4/2
f 1816/2/2 1817/2/2 1828/2/2
f 1817/2/2 1818/2/2 1828/2/2
f 1818/1/2 1819/1/2 1829/1/2
f 1828/2/2 1818/2/2 1829/2/2
f 1829/1/2 1819/1/2 1830/1/2
f 1820/2/2 1821/2/2 1831/2/2
f 1822/4/2 1823/4/2 1832/4/2
f 1831/2/2 1821/2/2 1832/2/2
f 1821/4/2 1822/4/2 1832/4/2
f 1832/4/2 1823/4/2 1833/4/2
f 1833/4/2 1823/4/2 1834/4/2
f 1824/3/2 1825/3/2 1835/3/2
f 1825/4/2 1826/4/2 1836/4/2
f 1835/3/2 1825/3/2 1836/3/2
f 1826/1/2 1827/1/2 1837/1/2
f 1836/4/2 1826/4/2 1837/4/2
f 1837/1/2 1827/1/2 1838/1/2
f 1828/3/2 1829/3/2 1839/3/2
f 1839/3/2 1829/3/2 1840/3/2
f 1833/1/2 1834/1/2 1841/1/2
f 1832/4/2 1833/4/2 1841/4/2
f 1841/1/2 1834/1/2 1842/1/2
f 1835/4/2 1836/4/2 1843/4/2
f 1837/4/2 1838/4/2 1843/4/2
f 1836/4/2 1837/4/2 1843/4/2
f 1843/4/2 1838/4/2 1844/4/2
f 1839/2/2 1840/2/2 1845/2/2
f 1840/3/2 1829/3/2 1846/3/2
f 1845/2/2 1840/2/2 1846/2/2
f 1829/2/2 1830/2/2 1847/2/2
f 1846/3/2 1829/3/2 1847/3/2
f 1847/2/2 1830/2/2 1848/2/2
f 1832/4/2 1841/4/2 1849/4/2
f 1831/3/2 1832/3/2 1849/3/2
f 1841/2/2 1842/2/2 1850/2/2
f 1849/4/2 1841/4/2 1850/4/2
f 1850/2/2 1842/2/2 1851/2/2
f 1835/4/2 1843/4/2 1852/4/2
f 1843/1/2 1844/1/2 1853/1/2
f 1852/4/2 1843/4/2 1853/4/2
f 1844/4/2 1838/4/2 1854/4/2
f 1853/1/2 1844/1/2 1854/1/2
f 1854/4/2 1838/4/2 1855/4/2
f 1845/4/2 1846/4/2 1856/4/2
f 1846/4/2 1847/4/2 1856/4/2
f 1856/4/2 1847/4/2 1857/4/2
f 1847/3/2 1848/3/2 1858/3/2
f 1857/4/2 1847/4/2 1858/4/2
f 1858/3/2 1848/3/2 1859/3/2
f 1831/3/2 1849/3/2 1860/3/2
f 1849/3/2 1850/3/2 1860/3/2
f 1850/1/2 1851/1/2 1861/1/2
f 1860/3/2 1850/3/2 1861/3/2
f 1861/1/2 1851/1/2 1862/1/2
f 1852/1/2 1853/1/2 1863/1/2
f 1853/1/2 1854/1/2 1863/1/2
f 1854/3/2 1855/3/2 1864/3/2
f 1863/1/2 1854/1/2 1864/1/2
f 1856/2/2 1857/2/2 1865/2/2
f 1857/1/2 1858/1/2 1866/1/2
f 1865/2/2 1857/2/2 1866/2/2
f 1858/4/2 1859/4/2 1867/4/2
f 1866/1/2 1858/1/2 1867/1/2
f 1867/4/2 1859/4/2 1868/4/2
f 1860/4/2 1861/4/2 1869/4/2
f 1861/2/2 1862/2/2 1870/2/2
f 1869/4/2 1861/4/2 1870/4/2
f 1870/2/2 1862/2/2 1871/2/2
f 1852/1/2 1863/1/2 1872/1/2
f 1863/2/2 1864/2/2 1873/2/2
f 1872/1/2 1863/1/2 1873/1/2
f 1864/3/2 1855/3/2 1874/3/2
f 1873/2/2 1864/2/2 1874/2/2
f 1874/3/2 1855/3/2 1875/3/2
f 1865/3/2 1866/3/2 1876/3/2
f 1866/4/2 1867/4/2 1877/4/2
f 1876/3/2 1866/3/2 1877/3/2
f 1867/2/2 1868/2/2 1878/2/2
f 1877/4/2 1867/4/2 1878/4/2
f 1869/2/2 1870/2/2 1879/2/2
f 1879/2/2 1870/2/2 1880/2/2
f 1870/4/2 1871/4/2 1881/4/2
f 1880/2/2 1870/2/2 1881/2/2
f 1872/4/2 1873/4/2 1882/4/2
f 1873/4/2 1874/4/2 1882/4/2
f 1874/2/2 1875/2/2 1883/2/2
f 1882/4/2 1874/4/2 1883/4/2
f 1876/1/2 1877/1/2 1884/1/2
f 1877/3/2 1878/3/2 1885/3/2
f 1884/1/2 1877/1/2 1885/1/2
f 1878/2/2 1868/2/2 1886/2/2
f 1885/3/2 1878/3/2 1886/3/2
f 1879/1/2 1880/1/2 1887/1/2
f 1880/4/2 1881/4/2 1888/4/2
f 1887/1/2 1880/1/2 1888/1/2
f 1881/4/2 1871/4/2 1889/4/2
f 1888/4/2 1881/4/2 1889/4/2
f 1889/4/2 1871/4/2 1890/4/2
f 1882/1/2 1883/1/2 1891/1/2
f 1883/2/2 1875/2/2 1892/2/2
f 1891/1/2 1883/1/2 1892/1/2
f 1892/2/2 1875/2/2 1893/2/2
f 1884/4/2 1885/4/2 1894/4/2
f 1885/2/2 1886/2/2 1895/2/2
f 1894/4/2 1885/4/2 1895/4/2
f 1886/2/2 1868/2/2 1896/2/2
f 1895/2/2 1886/2/2 1896/2/2
f 1896/2/2 1868/2/2 1897/2/2
f 1887/2/2 1888/2/2 1898/2/2
f 1888/3/2 1889/3/2 1899/3/2
f 1898/2/2 1888/2/2 1899/2/2
f 1889/2/2 1890/2/2 1900/2/2
f 1899/3/2 1889/3/2 1900/3/2
f 1900/2/2 1890/2/2 1901/2/2
f 1882/1/2 1891/1/2 1902/1/2
f 1891/4/2 1892/4/2 1903/4/2
f 1902/1/2 1891/1/2 1903/1/2
f 1892/1/2 1893/1/2 1904/1/2
f 1903/4/2 1892/4/2 1904/4/2
f 1904/1/2 1893/1/2 1905/1/2
f 1894/2/2 1895/2/2 1906/2/2
f 1895/3/2 1896/3/2 1907/3/2
f 1906/2/2 1895/2/2 1907/2/2
f 1896/4/2 1897/4/2 1908/4/2
f 1907/3/2 1896/3/2 1908/3/2
f 1908/4/2 1897/4/2 1909/4/2
f 1900/3/2 1901/3/2 1910/3/2
f 1899/4/2 1900/4/2 1910/4/2
f 1910/3/2 1901/3/2 1911/3/2
f 1904/4/2 1905/4/2 1912/4/2
f 1902/2/2 1903/2/2 1912/2/2
f 1903/4/2 1904/4/2 1912/4/2
f 1912/4/2 1905/4/2 1913/4/2
f 1913/4/2 1905/4/2 1914/4/2
f 1906/1/2 1907/1/2 1915/1/2
f 1907/4/2 1908/4/2 1916/4/2
f 1915/1/2 1907/1/2 1916/1/2
f 1908/3/2 1909/3/2 1917/3/2
f 1916/4/2 1908/4/2 1917/4/2
f 1917/3/2 1909/3/2 1918/3/2
f 1898/1/2 1899/1/2 1919/1/2
f 1899/4/2 1910/4/2 1920/4/2
f 1919/1/2 1899/1/2 1920/1/2
f 1910/2/2 1911/2/2 1921/2/2
f 1920/4/2 1910/4/2 1921/4/2
f 1921/2/2 1911/2/2 1922/2/2
f 1902/2/2 1912/2/2 1923/2/2
f 1912/3/2 1913/3/2 1924/3/2
f 1923/2/2 1912/2/2 1924/2/2
f 1913/1/2 1914/1/2 1925/1/2
f 1924/3/2 1913/3/2 1925/3/2
f 1925/1/2 1914/1/2 1926/1/2
f 1915/2/2 1916/2/2 1927/2/2
f 1916/3/2 1917/3/2 1928/3/2
f 1927/2/2 1916/2/2 1928/2/2
f 1917/1/2 1918/1/2 1929/1/2
f 1928/3/2 1917/3/2 1929/3/2
f 1929/1/2 1918/1/2 1930/1/2
f 1919/3/2 1920/3/2 1932/3/2
f 1920/4/2 1921/4/2 1933/4/2
f 1932/3/2 1920/3/2 1933/3/2
f 1921/3/2 1922/3/2 1934/3/2
f 1933/4/2 1921/4/2 1934/4/2
f 1934/3/2 1922/3/2 1935/3/2
f 1923/4/2 1924/4/2 1938/4/2
f 1924/1/2 1925/1/2 1939/1/2
f 1938/4/2 1924/4/2 1939/4/2
f 1925/2/2 1926/2/2 1940/2/2
f 1939/1/2 1925/1/2 1940/1/2
f 1940/2/2 1926/2/2 1941/2/2
f 1927/4/2 1928/4/2 1944/4/2
f 1928/4/2 1929/4/2 1944/4/2
f 1929/3/2 1930/3/2 1945/3/2
f 1944/4/2 1929/4/2 1945/4/2
f 1945/3/2 1930/3/2 1946/3/2
f 1931/3/2 1932/3/2 1948/3/2
f 1948/3/2 1932/3/2 1949/3/2
f 1935/2/2 1936/2/2 1950/2/2
f 1950/2/2 1936/2/2 1951/2/2
f 1937/4/2 1938/4/2 1952/4/2
f 1952/4/2 1938/4/2 1953/4/2
f 1941/3/2 1942/3/2 1954/3/2
f 1954/3/2 1942/3/2 1955/3/2
f 1943/4/2 1944/4/2 1956/4/2
f 1956/4/2 1944/4/2 1957/4/2
f 1948/1/2 1949/1/2 1963/1/2
f 1963/1/2 1949/1/2 1964/1/2
f 1950/3/2 1951/3/2 1965/3/2
f 1965/3/2 1951/3/2 1966/3/2
f 1952/1/2 1953/1/2 1992/1/2
f 1992/1/2 1953/1/2 1993/1/2
f 1954/1/2 1955/1/2 1994/1/2
f 1994/1/2 1955/1/2 1995/1/2
f 1956/3/2 1957/3/2 2022/3/2
f 2022/3/2 1957/3/2 2023/3/2
f 1946/4/2 1947/4/2 2024/4/2
f 2024/4/2 1947/4/2 2025/4/2
f 1958/1/2 1959/1/2 2026/1/2
f 1959/2/2 1960/2/2 2027/2/2
f 2026/1/2 1959/1/2 2027/1/2
f 1960/4/2 1961/4/2 2028/4/2
f 2027/2/2 1960/2/2 2028/2/2
f 1961/2/2 1962/2/2 2029/2/2
f 2028/4/2 1961/4/2 2029/4/2
f 2029/2/2 1962/2/2 2030/2/2
f 1962/3/2 1963/3/2 2031/3/2
f 2030/2/2 1962/2/2 2031/2/2
f 1963/2/2 1964/2/2 2032/2/2
f 2031/3/2 1963/3/2 2032/3/2
f 2032/2/2 1964/2/2 2033/2/2
f 1965/3/2 1966/3/2 2036/3/2
f 1966/1/2 1967/1/2 2037/1/2
f 2036/3/2 1966/3/2 2037/3/2
f 1967/3/2 1968/3/2 2038/3/2
f 2037/1/2 1967/1/2 2038/1/2
f 1968/2/2 1969/2/2 2039/2/2
f 2038/3/2 1968/3/2 2039/3/2
f 1969/3/2 1970/3/2 2040/3/2
f 2039/2/2 1969/2/2 2040/2/2
f 1970/4/2 1971/4/2 2041/4/2
f 2040/3/2 1970/3/2 2041/3/2
f 1971/3/2 1972/3/2 2042/3/2
f 2041/4/2 1971/4/2 2042/4/2
f 1972/2/2 1973/2/2 2043/2/2
f 2042/3/2 1972/3/2 2043/3/2
f 1973/3/2 1974/3/2 2044/3/2
f 2043/2/2 1973/2/2 2044/2/2
f 1974/2/2 1975/2/2 2045/2/2
f 2044/3/2 1974/3/2 2045/3/2
f 1975/4/2 1976/4/2 2046/4/2
f 1976/2/2 1977/2/2 2046/2/2
f 1977/1/2 1978/1/2 2047/1/2
f 2046/2/2 1977/2/2 2047/2/2
f 1978/2/2 1979/2/2 2048/2/2
f 2047/1/2 1978/1/2 2048/1/2
f 1979/4/2 1980/4/2 2049/4/2
f 2048/2/2 1979/2/2 2049/2/2
f 1980/1/2 1981/1/2 2050/1/2
f 2049/4/2 1980/4/2 2050/4/2
f 2050/1/2 1981/1/2 2051/1/2
f 1982/3/2 1983/3/2 2052/3/2
f 1983/4/2 1984/4/2 2052/4/2
f 1984/1/2 1985/1/2 2053/1/2
f 2052/4/2 1984/4/2 2053/4/2
f 1985/3/2 1986/3/2 2054/3/2
f 2053/1/2 1985/1/2 2054/1/2
f 1986/2/2 1987/2/2 2055/2/2
f 2054/3/2 1986/3/2 2055/3/2
f 1987/1/2 1988/1/2 2056/1/2
f 2055/2/2 1987/2/2 2056/2/2
f 2056/1/2 1988/1/2 2057/1/2
f 1988/4/2 1989/4/2 2058/4/2
f 2057/1/2 1988/1/2 2058/1/2
f 1989/2/2 1990/2/2 2059/2/2
f 2058/4/2 1989/4/2 2059/4/2
f 1990/1/2 1991/1/2 2060/1/2
f 2059/2/2 1990/2/2 2060/2/2
f 1992/3/2 1993/3/2 2061/3/2
f 2060/1/2 1991/1/2 2061/1/2
f 1991/3/2 1992/3/2 2061/3/2
f 2061/3/2 1993/3/2 2062/3/2
f 2062/3/2 1993/3/2 2063/3/2
f 2063/3/2 1993/3/2 2064/3/2
f 1994/2/2 1995/2/2 2067/2/2
f 1995/1/2 1996/1/2 2068/1/2
f 2067/2/2 1995/2/2 2068/2/2
f 1996/4/2 1997/4/2 2069/4/2
f 2068/1/2 1996/1/2 2069/1/2
f 1998/1/2 1999/1/2 2070/1/2
f 1999/2/2 2000/2/2 2071/2/2
f 2070/1/2 1999/1/2 2071/1/2
f 2071/2/2 2000/2/2 2072/2/2
f 2072/2/2 2000/2/2 2073/2/2
f 2000/4/2 2001/4/2 2074/4/2
f 2073/2/2 2000/2/2 2074/2/2
f 2001/1/2 2002/1/2 2075/1/2
f 2074/4/2 2001/4/2 2075/4/2
f 2075/1/2 2002/1/2 2076/1/2
f 2002/4/2 2003/4/2 2077/4/2
f 2076/1/2 2002/1/2 2077/1/2
f 2003/1/2 2004/1/2 2078/1/2
f 2077/4/2 2003/4/2 2078/4/2
f 2004/2/2 2005/2/2 2079/2/2
f 2078/1/2 2004/1/2 2079/1/2
f 2079/2/2 2005/2/2 2080/2/2
f 2080/2/2 2005/2/2 2081/2/2
f 2005/4/2 2006/4/2 2082/4/2
f 2081/2/2 2005/2/2 2082/2/2
f 2006/3/2 2007/3/2 2083/3/2
f 2082/4/2 2006/4/2 2083/4/2
f 2007/4/2 2008/4/2 2084/4/2
f 2083/3/2 2007/3/2 2084/3/2
f 2008/1/2 2009/1/2 2085/1/2
f 2084/4/2 2008/4/2 2085/4/2
f 2010/1/2 2011/1/2 2086/1/2
f 2011/3/2 2012/3/2 2086/3/2
f 2012/1/2 2013/1/2 2087/1/2
f 2086/3/2 2012/3/2 2087/3/2
f 2013/3/2 2014/3/2 2088/3/2
f 2087/1/2 2013/1/2 2088/1/2
f 2014/1/2 2015/1/2 2089/1/2
f 2088/3/2 2014/3/2 2089/3/2
f 2015/3/2 2016/3/2 2090/3/2
f 2089/1/2 2015/1/2 2090/1/2
f 2090/3/2 2016/3/2 2091/3/2
f 2091/3/2 2016/3/2 2092/3/2
f 2016/2/2 2017/2/2 2093/2/2
f 2092/3/2 2016/3/2 2093/3/2
f 2017/3/2 2018/3/2 2094/3/2
f 2093/2/2 2017/2/2 2094/2/2
f 2018/2/2 2019/2/2 2095/2/2
f 2094/3/2 2018/3/2 2095/3/2
f 2095/2/2 2019/2/2 2096/2/2
f 2019/4/2 2020/4/2 2097/4/2
f 2096/2/2 2019/2/2 2097/2/2
f 2020/3/2 2021/3/2 2098/3/2
f 2097/4/2 2020/4/2 2098/4/2
f 2021/2/2 2022/2/2 2099/2/2
f 2098/3/2 2021/3/2 2099/3/2
f 2022/4/2 2023/4/2 2100/4/2
f 2099/2/2 2022/2/2 2100/2/2
f 2100/4/2 2023/4/2 2101/4/2
f 1958/1/2 2026/1/2 2104/1/2
f 2026/3/2 2027/3/2 2105/3/2
f 2104/1/2 2026/1/2 2105/1/2
f 2027/2/2 2028/2/2 2106/2/2
f 2105/3/2 2027/3/2 2106/3/2
f 2028/3/2 2029/3/2 2107/3/2
f 2106/2/2 2028/2/2 2107/2/2
f 2029/4/2 2030/4/2 2108/4/2
f 2107/3/2 2029/3/2 2108/3/2
f 2030/1/2 2031/1/2 2109/1/2
f 2108/4/2 2030/4/2 2109/4/2
f 2031/4/2 2032/4/2 2110/4/2
f 2109/1/2 2031/1/2 2110/1/2
f 2032/4/2 2033/4/2 2110/4/2
f 2110/4/2 2033/4/2 2111/4/2
f 2033/3/2 2034/3/2 2112/3/2
f 2111/4/2 2033/4/2 2112/4/2
f 2034/4/2 2035/4/2 2113/4/2
f 2112/3/2 2034/3/2 2113/3/2
f 2035/2/2 2036/2/2 2114/2/2
f 2113/4/2 2035/4/2 2114/4/2
f 2036/4/2 2037/4/2 2115/4/2
f 2114/2/2 2036/2/2 2115/2/2
f 2037/4/2 2038/4/2 2115/4/2
f 2038/4/2 2039/4/2 2115/4/2
f 2115/4/2 2039/4/2 2116/4/2
f 2039/2/2 2040/2/2 2117/2/2
f 2116/4/2 2039/4/2 2117/4/2
f 2040/4/2 2041/4/2 2118/4/2
f 2117/2/2 2040/2/2 2118/2/2
f 2041/1/2 2042/1/2 2119/1/2
f 2118/4/2 2041/4/2 2119/4/2
f 2042/4/2 2043/4/2 2120/4/2
f 2119/1/2 2042/1/2 2120/1/2
f 2043/3/2 2044/3/2 2121/3/2
f 2120/4/2 2043/4/2 2121/4/2
f 2044/1/2 2045/1/2 2122/1/2
f 2121/3/2 2044/3/2 2122/3/2
f 2045/2/2 1975/2/2 2123/2/2
f 2122/1/2 2045/1/2 2123/1/2
f 1975/4/2 2046/4/2 2124/4/2
f 2123/2/2 1975/2/2 2124/2/2
f 2046/3/2 2047/3/2 2125/3/2
f 2124/4/2 2046/4/2 2125/4/2
f 2047/3/2 2048/3/2 2125/3/2
f 2048/4/2 2049/4/2 2126/4/2
f 2125/3/2 2048/3/2 2126/3/2
f 2050/3/2 2051/3/2 2127/3/2
f 2126/4/2 2049/4/2 2127/4/2
f 2049/3/2 2050/3/2 2127/3/2
f 2127/3/2 2051/3/2 2128/3/2
f 2051/1/2 1981/1/2 2129/1/2
f 2128/3/2 2051/3/2 2129/3/2
f 1981/2/2 1982/2/2 2130/2/2
f 2129/1/2 1981/1/2 2130/1/2
f 1982/3/2 2052/3/2 2131/3/2
f 2130/2/2 1982/2/2 2131/2/2
f 2052/3/2 2053/3/2 2131/3/2
f 2131/3/2 2053/3/2 2132/3/2
f 2053/1/2 2054/1/2 2133/1/2
f 2132/3/2 2053/3/2 2133/3/2
f 2054/4/2 2055/4/2 2134/4/2
f 2133/1/2 2054/1/2 2134/1/2
f 2055/2/2 2056/2/2 2135/2/2
f 2134/4/2 2055/4/2 2135/4/2
f 2056/4/2 2057/4/2 2136/4/2
f 2135/2/2 2056/2/2 2136/2/2
f 2057/2/2 2058/2/2 2137/2/2
f 2136/4/2 2057/4/2 2137/4/2
f 2058/1/2 2059/1/2 2138/1/2
f 2137/2/2 2058/2/2 2138/2/2
f 2138/1/2 2059/1/2 2139/1/2
f 2059/3/2 2060/3/2 2140/3/2
f 2139/1/2 2059/1/2 2140/1/2
f 2060/1/2 2061/1/2 2141/1/2
f 2140/3/2 2060/3/2 2141/3/2
f 2061/4/2 2062/4/2 2142/4/2
f 2141/1/2 2061/1/2 2142/1/2
f 2062/3/2 2063/3/2 2143/3/2
f 2142/4/2 2062/4/2 2143/4/2
f 2063/4/2 2064/4/2 2144/4/2
f 2143/3/2 2063/3/2 2144/3/2
f 2064/2/2 2065/2/2 2145/2/2
f 2144/4/2 2064/4/2 2145/4/2
f 2065/3/2 2066/3/2 2146/3/2
f 2145/2/2 2065/2/2 2146/2/2
f 2066/3/2 2067/3/2 2146/3/2
f 2067/2/2 2068/2/2 2147/2/2
f 2146/3/2 2067/3/2 2147/3/2
f 2068/4/2 2069/4/2 2148/4/2
f 2147/2/2 2068/2/2 2148/2/2
f 2069/4/2 1997/4/2 2149/4/2
f 2148/4/2 2069/4/2 2149/4/2
f 1997/3/2 1998/3/2 2150/3/2
f 2149/4/2 1997/4/2 2150/4/2
f 1998/1/2 2070/1/2 2151/1/2
f 2150/3/2 1998/3/2 2151/3/2
f 2070/2/2 2071/2/2 2152/2/2
f 2151/1/2 2070/1/2 2152/1/2
f 2071/3/2 2072/3/2 2153/3/2
f 2152/2/2 2071/2/2 2153/2/2
f 2072/1/2 2073/1/2 2154/1/2
f 2153/3/2 2072/3/2 2154/3/2
f 2073/3/2 2074/3/2 2155/3/2
f 2154/1/2 2073/1/2 2155/1/2
f 2075/3/2 2076/3/2 2155/3/2
f 2074/3/2 2075/3/2 2155/3/2
f 2155/3/2 2076/3/2 2156/3/2
f 2076/4/2 2077/4/2 2157/4/2
f 2077/3/2 2078/3/2 2158/3/2
f 2157/4/2 2077/4/2 2158/4/2
f 2078/4/2 2079/4/2 2159/4/2
f 2158/3/2 2078/3/2 2159/3/2
f 2079/1/2 2080/1/2 2160/1/2
f 2159/4/2 2079/4/2 2160/4/2
f 2080/2/2 2081/2/2 2161/2/2
f 2081/3/2 2082/3/2 2161/3/2
f 2082/3/2 2083/3/2 2161/3/2
f 2161/3/2 2083/3/2 2162/3/2
f 2083/4/2 2084/4/2 2163/4/2
f 2162/3/2 2083/3/2 2163/3/2
f 2084/1/2 2085/1/2 2164/1/2
f 2163/4/2 2084/4/2 2164/4/2
f 2009/3/2 2010/3/2 2165/3/2
f 2164/1/2 2085/1/2 2165/1/2
f 2085/1/2 2009/1/2 2165/1/2
f 2010/1/2 2086/1/2 2166/1/2
f 2165/3/2 2010/3/2 2166/3/2
f 2086/1/2 2087/1/2 2166/1/2
f 2166/1/2 2087/1/2 2167/1/2
f 2167/1/2 2087/1/2 2168/1/2
f 2087/4/2 2088/4/2 2169/4/2
f 2168/1/2 2087/1/2 2169/1/2
f 2088/4/2 2089/4/2 2169/4/2
f 2169/4/2 2089/4/2 2170/4/2
f 2089/3/2 2090/3/2 2171/3/2
f 2170/4/2 2089/4/2 2171/4/2
f 2091/3/2 2092/3/2 2172/3/2
f 2090/4/2 2091/4/2 2172/4/2
f 2092/2/2 2093/2/2 2173/2/2
f 2172/3/2 2092/3/2 2173/3/2
f 2093/1/2 2094/1/2 2174/1/2
f 2173/2/2 2093/2/2 2174/2/2
f 2094/4/2 2095/4/2 2175/4/2
f 2174/1/2 2094/1/2 2175/1/2
f 2095/2/2 2096/2/2 2176/2/2
f 2175/4/2 2095/4/2 2176/4/2
f 2096/4/2 2097/4/2 2177/4/2
f 2097/2/2 2098/2/2 2177/2/2
f 2098/3/2 2099/3/2 2178/3/2
f 2177/2/2 2098/2/2 2178/2/2
f 2099/1/2 2100/1/2 2179/1/2
f 2178/3/2 2099/3/2 2179/3/2
f 2100/3/2 2101/3/2 2180/3/2
f 2179/1/2 2100/1/2 2180/1/2
f 2101/3/2 2102/3/2 2180/3/2
f 2102/2/2 2103/2/2 2181/2/2
f 2180/3/2 2102/3/2 2181/3/2
f 2181/2/2 2103/2/2 2182/2/2
f 2104/3/2 2105/3/2 2183/3/2
f 2106/4/2 2107/4/2 2184/4/2
f 2183/3/2 2105/3/2 2184/3/2
f 2105/4/2 2106/4/2 2184/4/2
f 2184/4/2 2107/4/2 2185/4/2
f 2107/2/2 2108/2/2 2186/2/2
f 2185/4/2 2107/4/2 2186/4/2
f 2108/1/2 2109/1/2 2187/1/2
f 2186/2/2 2108/2/2 2187/2/2
f 2109/3/2 2110/3/2 2188/3/2
f 2187/1/2 2109/1/2 2188/1/2
f 2110/3/2 2111/3/2 2188/3/2
f 2188/3/2 2111/3/2 2189/3/2
f 2111/2/2 2112/2/2 2190/2/2
f 2189/3/2 2111/3/2 2190/3/2
f 2112/1/2 2113/1/2 2191/1/2
f 2190/2/2 2112/2/2 2191/2/2
f 2113/1/2 2114/1/2 2191/1/2
f 2191/1/2 2114/1/2 2192/1/2
f 2115/2/2 2116/2/2 2193/2/2
f 2192/1/2 2114/1/2 2193/1/2
f 2114/2/2 2115/2/2 2193/2/2
f 2193/2/2 2116/2/2 2194/2/2
f 2116/4/2 2117/4/2 2195/4/2
f 2194/2/2 2116/2/2 2195/2/2
f 2195/4/2 2117/4/2 2196/4/2
f 2117/3/2 2118/3/2 2197/3/2
f 2196/4/2 2117/4/2 2197/4/2
f 2118/1/2 2119/1/2 2198/1/2
f 2197/3/2 2118/3/2 2198/3/2
f 2119/4/2 2120/4/2 2199/4/2
f 2198/1/2 2119/1/2 2199/1/2
f 2120/2/2 2121/2/2 2200/2/2
f 2199/4/2 2120/4/2 2200/4/2
f 2121/3/2 2122/3/2 2201/3/2
f 2200/2/2 2121/2/2 2201/2/2
f 2122/4/2 2123/4/2 2202/4/2
f 2201/3/2 2122/3/2 2202/3/2
f 2123/3/2 2124/3/2 2203/3/2
f 2202/4/2 2123/4/2 2203/4/2
f 2124/2/2 2125/2/2 2204/2/2
f 2203/3/2 2124/3/2 2204/3/2
f 2125/3/2 2126/3/2 2205/3/2
f 2204/2/2 2125/2/2 2205/2/2
f 2205/3/2 2126/3/2 2206/3/2
f 2126/1/2 2127/1/2 2207/1/2
f 2206/3/2 2126/3/2 2207/3/2
f 2127/2/2 2128/2/2 2208/2/2
f 2207/1/2 2127/1/2 2208/1/2
f 2128/1/2 2129/1/2 2209/1/2
f 2208/2/2 2128/2/2 2209/2/2
f 2129/1/2 2130/1/2 2209/1/2
f 2130/1/2 2131/1/2 2209/1/2
f 2209/1/2 2131/1/2 2210/1/2
f 2131/3/2 2132/3/2 2211/3/2
f 2210/1/2 2131/1/2 2211/1/2
f 2132/4/2 2133/4/2 2212/4/2
f 2211/3/2 2132/3/2 2212/3/2
f 2134/3/2 2135/3/2 2213/3/2
f 2212/4/2 2133/4/2 2213/4/2
f 2133/3/2 2134/3/2 2213/3/2
f 2213/3/2 2135/3/2 2214/3/2
f 2135/4/2 2136/4/2 2215/4/2
f 2214/3/2 2135/3/2 2215/3/2
f 2136/1/2 2137/1/2 2216/1/2
f 2215/4/2 2136/4/2 2216/4/2
f 2137/1/2 2138/1/2 2216/1/2
f 2216/1/2 2138/1/2 2217/1/2
f 2138/2/2 2139/2/2 2218/2/2
f 2217/1/2 2138/1/2 2218/1/2
f 2139/3/2 2140/3/2 2219/3/2
f 2218/2/2 2139/2/2 2219/2/2
f 2140/1/2 2141/1/2 2220/1/2
f 2219/3/2 2140/3/2 2220/3/2
f 2141/2/2 2142/2/2 2221/2/2
f 2220/1/2 2141/1/2 2221/1/2
f 2144/1/2 2145/1/2 2222/1/2
f 2221/2/2 2142/2/2 2222/2/2
f 2145/1/2 2146/1/2 2222/1/2
f 2142/1/2 2143/1/2 2222/1/2
f 2143/1/2 2144/1/2 2222/1/2
f 2222/1/2 2146/1/2 2223/1/2
f 2223/1/2 2146/1/2 2224/1/2
f 2224/1/2 2146/1/2 2225/1/2
f 2146/2/2 2147/2/2 2226/2/2
f 2225/1/2 2146/1/2 2226/1/2
f 2226/2/2 2147/2/2 2227/2/2
f 2147/1/2 2148/1/2 2228/1/2
f 2227/2/2 2147/2/2 2228/2/2
f 2148/2/2 2149/2/2 2229/2/2
f 2228/1/2 2148/1/2 2229/1/2
f 2149/4/2 2150/4/2 2230/4/2
f 2229/2/2 2149/2/2 2230/2/2
f 2150/4/2 2151/4/2 2230/4/2
f 2230/4/2 2151/4/2 2231/4/2
f 2151/1/2 2152/1/2 2232/1/2
f 2231/4/2 2151/4/2 2232/4/2
f 2152/4/2 2153/4/2 2233/4/2
f 2232/1/2 2152/1/2 2233/1/2
f 2153/1/2 2154/1/2 2234/1/2
f 2233/4/2 2153/4/2 2234/4/2
f 2154/1/2 2155/1/2 2234/1/2
f 2234/1/2 2155/1/2 2235/1/2
f 2155/2/2 2156/2/2 2236/2/2
f 2235/1/2 2155/1/2 2236/1/2
f 2156/3/2 2076/3/2 2237/3/2
f 2236/2/2 2156/2/2 2237/2/2
f 2076/4/2 2157/4/2 2238/4/2
f 2237/3/2 2076/3/2 2238/3/2
f 2157/3/2 2158/3/2 2239/3/2
f 2238/4/2 2157/4/2 2239/4/2
f 2158/3/2 2159/3/2 2239/3/2
f 2239/3/2 2159/3/2 2240/3/2
f 2159/1/2 2160/1/2 2241/1/2
f 2240/3/2 2159/3/2 2241/3/2
f 2160/1/2 2080/1/2 2242/1/2
f 2241/1/2 2160/1/2 2242/1/2
f 2161/2/2 2162/2/2 2242/2/2
f 2080/2/2 2161/2/2 2242/2/2
f 2242/2/2 2162/2/2 2243/2/2
f 2163/1/2 2164/1/2 2244/1/2
f 2243/2/2 2162/2/2 2244/2/2
f 2162/1/2 2163/1/2 2244/1/2
f 2164/3/2 2165/3/2 2245/3/2
f 2244/1/2 2164/1/2 2245/1/2
f 2165/3/2 2166/3/2 2245/3/2
f 2245/3/2 2166/3/2 2246/3/2
f 2246/3/2 2166/3/2 2247/3/2
f 2166/4/2 2167/4/2 2248/4/2
f 2247/3/2 2166/3/2 2248/3/2
f 2167/1/2 2168/1/2 2249/1/2
f 2248/4/2 2167/4/2 2249/4/2
f 2168/2/2 2169/2/2 2250/2/2
f 2249/1/2 2168/1/2 2250/1/2
f 2169/4/2 2170/4/2 2251/4/2
f 2250/2/2 2169/2/2 2251/2/2
f 2170/3/2 2171/3/2 2252/3/2
f 2251/4/2 2170/4/2 2252/4/2
f 2171/3/2 2090/3/2 2253/3/2
f 2252/3/2 2171/3/2 2253/3/2
f 2090/4/2 2172/4/2 2254/4/2
f 2253/3/2 2090/3/2 2254/3/2
f 2175/1/2 2176/1/2 2255/1/2
f 2254/4/2 2172/4/2 2255/4/2
f 2172/1/2 2173/1/2 2255/1/2
f 2174/1/2 2175/1/2 2255/1/2
f 2173/1/2 2174/1/2 2255/1/2
f 2255/1/2 2176/1/2 2256/1/2
f 2176/2/2 2096/2/2 2257/2/2
f 2256/1/2 2176/1/2 2257/1/2
f 2096/4/2 2177/4/2 2258/4/2
f 2257/2/2 2096/2/2 2258/2/2
f 2177/3/2 2178/3/2 2259/3/2
f 2258/4/2 2177/4/2 2259/4/2
f 2178/2/2 2179/2/2 2260/2/2
f 2259/3/2 2178/3/2 2260/3/2
f 2179/4/2 2180/4/2 2261/4/2
f 2260/2/2 2179/2/2 2261/2/2
f 2180/3/2 2181/3/2 2262/3/2
f 2261/4/2 2180/4/2 2262/4/2
f 2262/3/2 2181/3/2 2263/3/2
f 2181/4/2 2182/4/2 2264/4/2
f 2263/3/2 2181/3/2 2264/3/2
f 2264/4/2 2182/4/2 2265/4/2
f 2266/2/2 2267/2/2 2276/2/2
f 2267/1/2 2268/1/2 2277/1/2
f 2276/2/2 2267/2/2 2277/2/2
f 2268/4/2 2269/4/2 2278/4/2
f 2277/1/2 2268/1/2 2278/1/2
f 2278/4/2 2269/4/2 2279/4/2
f 2270/3/2 2271/3/2 2280/3/2
f 2280/3/2 2271/3/2 2281/3/2
f 2271/1/2 2272/1/2 2282/1/2
f 2281/3/2 2271/3/2 2282/3/2
f 2282/1/2 2272/1/2 2283/1/2
f 2273/1/2 2274/1/2 2284/1/2
f 2274/4/2 2275/4/2 2285/4/2
f 2284/1/2 2274/1/2 2285/1/2
f 2276/3/2 2277/3/2 2286/3/2
f 2278/1/2 2279/1/2 2287/1/2
f 2286/3/2 2277/3/2 2287/3/2
f 2277/1/2 2278/1/2 2287/1/2
f 2287/1/2 2279/1/2 2288/1/2
f 2288/1/2 2279/1/2 2289/1/2
f 2280/1/2 2281/1/2 2290/1/2
f 2281/2/2 2282/2/2 2291/2/2
f 2290/1/2 2281/1/2 2291/1/2
f 2282/4/2 2283/4/2 2292/4/2
f 2291/2/2 2282/2/2 2292/2/2
f 2292/4/2 2283/4/2 2293/4/2
f 2284/3/2 2285/3/2 2294/3/2
f 2294/3/2 2285/3/2 2295/3/2
f 2285/4/2 2275/4/2 2296/4/2
f 2295/3/2 2285/3/2 2296/3/2
f 2296/4/2 2275/4/2 2297/4/2
f 2286/1/2 2287/1/2 2299/1/2
f 2287/2/2 2288/2/2 2300/2/2
f 2299/1/2 2287/1/2 2300/1/2
f 2288/3/2 2289/3/2 2301/3/2
f 2300/2/2 2288/2/2 2301/2/2
f 2301/3/2 2289/3/2 2302/3/2
f 2290/3/2 2291/3/2 2303/3/2
f 2291/4/2 2292/4/2 2304/4/2
f 2303/3/2 2291/3/2 2304/3/2
f 2292/3/2 2293/3/2 2305/3/2
f 2304/4/2 2292/4/2 2305/4/2
f 2305/3/2 2293/3/2 2306/3/2
f 2294/1/2 2295/1/2 2307/1/2
f 2295/4/2 2296/4/2 2308/4/2
f 2307/1/2 2295/1/2 2308/1/2
f 2296/1/2 2297/1/2 2309/1/2
f 2308/4/2 2296/4/2 2309/4/2
f 2297/2/2 2298/2/2 2310/2/2
f 2309/1/2 2297/1/2 2310/1/2
f 2310/2/2 2298/2/2 2311/2/2
f 2310/1/2 2311/1/2 2312/1/2
f 2309/1/2 2310/1/2 2312/1/2
f 2312/1/2 2311/1/2 2313/1/2
f 2312/3/2 2313/3/2 2314/3/2
f 2313/1/2 2311/1/2 2315/1/2
f 2314/3/2 2313/3/2 2315/3/2
f 2315/1/2 2311/1/2 2316/1/2
f 2317/4/2 2318/4/2 2324/4/2
f 2324/4/2 2318/4/2 2325/4/2
f 2319/3/2 2320/3/2 2326/3/2
f 2326/3/2 2320/3/2 2327/3/2
f 2321/4/2 2322/4/2 2329/4/2
f 2329/4/2 2322/4/2 2330/4/2
f 2323/1/2 2324/1/2 2334/1/2
f 2334/1/2 2324/1/2 2335/1/2
f 2327/2/2 2328/2/2 2336/2/2
f 2336/2/2 2328/2/2 2337/2/2
f 2330/1/2 2331/1/2 2342/1/2
f 2342/1/2 2331/1/2 2343/1/2
f 2332/2/2 2333/2/2 2346/2/2
f 2333/3/2 2334/3/2 2347/3/2
f 2346/2/2 2333/2/2 2347/2/2
f 2347/3/2 2334/3/2 2348/3/2
f 2337/3/2 2338/3/2 2349/3/2
f 2338/2/2 2339/2/2 2350/2/2
f 2349/3/2 2338/3/2 2350/3/2
f 2350/2/2 2339/2/2 2351/2/2
f 2340/4/2 2341/4/2 2354/4/2
f 2354/4/2 2341/4/2 2355/4/2
f 2343/4/2 2344/4/2 2356/4/2
f 2356/4/2 2344/4/2 2357/4/2
f 2345/1/2 2346/1/2 2360/1/2
f 2360/1/2 2346/1/2 2361/1/2
f 2351/2/2 2352/2/2 2362/2/2
f 2362/2/2 2352/2/2 2363/2/2
f 2353/3/2 2354/3/2 2366/3/2
f 2366/3/2 2354/3/2 2367/3/2
f 2357/3/2 2358/3/2 2368/3/2
f 2368/3/2 2358/3/2 2369/3/2
f 2359/2/2 2360/2/2 2373/2/2
f 2373/2/2 2360/2/2 2374/2/2
f 2363/4/2 2364/4/2 2375/4/2
f 2375/4/2 2364/4/2 2376/4/2
f 2365/3/2 2366/3/2 2380/3/2
f 2380/3/2 2366/3/2 2381/3/2
f 2369/3/2 2370/3/2 2382/3/2
f 2382/3/2 2370/3/2 2383/3/2
f 2371/3/2 2372/3/2 2386/3/2
f 2372/4/2 2373/4/2 2387/4/2
f 2386/3/2 2372/3/2 2387/3/2
f 2387/4/2 2373/4/2 2388/4/2
f 2376/1/2 2377/1/2 2389/1/2
f 2389/1/2 2377/1/2 2390/1/2
f 2378/1/2 2379/1/2 2393/1/2
f 2379/2/2 2380/2/2 2394/2/2
f 2393/1/2 2379/1/2 2394/1/2
f 2394/2/2 2380/2/2 2395/2/2
f 2383/1/2 2384/1/2 2396/1/2
f 2396/1/2 2384/1/2 2397/1/2
f 2385/3/2 2386/3/2 2400/3/2
f 2400/3/2 2386/3/2 2401/3/2
f 2390/2/2 2391/2/2 2402/2/2
f 2402/2/2 2391/2/2 2403/2/2
f 2392/4/2 2393/4/2 2406/4/2
f 2406/4/2 2393/4/2 2407/4/2
f 2397/2/2 2398/2/2 2408/2/2
f 2408/2/2 2398/2/2 2409/2/2
f 2399/2/2 2400/2/2 2413/2/2
f 2413/2/2 2400/2/2 2414/2/2
f 2403/4/2 2404/4/2 2415/4/2
f 2415/4/2 2404/4/2 2416/4/2
f 2405/1/2 2406/1/2 2420/1/2
f 2420/1/2 2406/1/2 2421/1/2
f 2409/2/2 2410/2/2 2422/2/2
f 2422/2/2 2410/2/2 2423/2/2
f 2411/4/2 2412/4/2 2426/4/2
f 2412/3/2 2413/3/2 2427/3/2
f 2426/4/2 2412/4/2 2427/4/2
f 2427/3/2 2413/3/2 2428/3/2
f 2416/3/2 2417/3/2 2429/3/2
f 2417/1/2 2418/1/2 2430/1/2
f 2429/3/2 2417/3/2 2430/3/2
f 2430/1/2 2418/1/2 2431/1/2
f 2419/4/2 2420/4/2 2434/4/2
f 2434/4/2 2420/4/2 2435/4/2
f 2423/2/2 2424/2/2 2436/2/2
f 2436/2/2 2424/2/2 2437/2/2
f 2425/3/2 2426/3/2 2440/3/2
f 2440/3/2 2426/3/2 2441/3/2
f 2431/4/2 2432/4/2 2442/4/2
f 2442/4/2 2432/4/2 2443/4/2
f 2433/2/2 2434/2/2 2447/2/2
f 2447/2/2 2434/2/2 2448/2/2
f 2437/2/2 2438/2/2 2449/2/2
f 2449/2/2 2438/2/2 2450/2/2
f 2439/4/2 2440/4/2 2453/4/2
f 2453/4/2 2440/4/2 2454/4/2
f 2443/2/2 2444/2/2 2455/2/2
f 2455/2/2 2444/2/2 2456/2/2
f 2445/3/2 2446/3/2 2459/3/2
f 2446/1/2 2447/1/2 2460/1/2
f 2459/3/2 2446/3/2 2460/3/2
f 2460/1/2 2447/1/2 2461/1/2
f 2450/2/2 2451/2/2 2462/2/2
f 2462/2/2 2451/2/2 2463/2/2
f 2452/2/2 2453/2/2 2466/2/2
f 2466/2/2 2453/2/2 2467/2/2
f 2456/1/2 2457/1/2 2468/1/2
f 2468/1/2 2457/1/2 2469/1/2
f 2458/1/2 2459/1/2 2472/1/2
f 2472/1/2 2459/1/2 2473/1/2
f 2463/3/2 2464/3/2 2474/3/2
f 2474/3/2 2464/3/2 2475/3/2
f 2465/1/2 2466/1/2 2476/1/2
f 2476/1/2 2466/1/2 2477/1/2
f 2469/4/2 2470/4/2 2478/4/2
f 2478/4/2 2470/4/2 2479/4/2
f 2471/1/2 2472/1/2 2482/1/2
f 2482/1/2 2472/1/2 2483/1/2
f 2475/4/2 2476/4/2 2484/4/2
f 2484/4/2 2476/4/2 2485/4/2
f 2485/4/2 2476/4/2 2486/4/2
f 2479/3/2 2480/3/2 2487/3/2
f 2487/3/2 2480/3/2 2488/3/2
f 2481/2/2 2482/2/2 2489/2/2
f 2489/2/2 2482/2/2 2490/2/2
f 2491/2/2 2492/2/2 2501/2/2
f 2492/3/2 2493/3/2 2502/3/2
f 2501/2/2 2492/2/2 2502/2/2
f 2493/2/2 2494/2/2 2503/2/2
f 2502/3/2 2493/3/2 2503/3/2
f 2503/2/2 2494/2/2 2504/2/2
f 2495/4/2 2496/4/2 2505/4/2
f 2496/1/2 2497/1/2 2506/1/2
f 2505/4/2 2496/4/2 2506/4/2
f 2506/1/2 2497/1/2 2507/1/2
f 2498/2/2 2499/2/2 2508/2/2
f 2499/4/2 2500/4/2 2509/4/2
f 2508/2/2 2499/2/2 2509/2/2
f 2509/4/2 2500/4/2 2510/4/2
f 2510/4/2 2500/4/2 2511/4/2
f 2501/3/2 2502/3/2 2512/3/2
f 2502/3/2 2503/3/2 2512/3/2
f 2503/1/2 2504/1/2 2513/1/2
f 2512/3/2 2503/3/2 2513/3/2
f 2513/1/2 2504/1/2 2514/1/2
f 2505/2/2 2506/2/2 2515/2/2
f 2506/4/2 2507/4/2 2516/4/2
f 2515/2/2 2506/2/2 2516/2/2
f 2507/1/2 2497/1/2 2517/1/2
f 2516/4/2 2507/4/2 2517/4/2
f 2517/1/2 2497/1/2 2518/1/2
f 2508/3/2 2509/3/2 2519/3/2
f 2509/4/2 2510/4/2 2520/4/2
f 2519/3/2 2509/3/2 2520/3/2
f 2510/3/2 2511/3/2 2521/3/2
f 2520/4/2 2510/4/2 2521/4/2
f 2513/4/2 2514/4/2 2522/4/2
f 2512/4/2 2513/4/2 2522/4/2
f 2522/4/2 2514/4/2 2523/4/2
f 2515/4/2 2516/4/2 2524/4/2
f 2516/3/2 2517/3/2 2524/3/2
f 2517/4/2 2518/4/2 2525/4/2
f 2524/3/2 2517/3/2 2525/3/2
f 2519/2/2 2520/2/2 2526/2/2
f 2520/2/2 2521/2/2 2526/2/2
f 2526/2/2 2521/2/2 2527/2/2
f 2512/4/2 2522/4/2 2528/4/2
f 2522/1/2 2523/1/2 2529/1/2
f 2528/4/2 2522/4/2 2529/4/2
f 2529/1/2 2523/1/2 2530/1/2
f 2530/1/2 2523/1/2 2531/1/2
f 2515/4/2 2524/4/2 2532/4/2
f 2524/4/2 2525/4/2 2532/4/2
f 2532/4/2 2525/4/2 2533/4/2
f 2525/4/2 2518/4/2 2534/4/2
f 2533/4/2 2525/4/2 2534/4/2
f 2526/3/2 2527/3/2 2535/3/2
f 2527/2/2 2521/2/2 2536/2/2
f 2535/3/2 2527/3/2 2536/3/2
f 2521/3/2 2511/3/2 2537/3/2
f 2536/2/2 2521/2/2 2537/2/2
f 2537/3/2 2511/3/2 2538/3/2
f 2529/2/2 2530/2/2 2539/2/2
f 2528/2/2 2529/2/2 2539/2/2
f 2530/3/2 2531/3/2 2540/3/2
f 2539/2/2 2530/2/2 2540/2/2
f 2540/3/2 2531/3/2 2541/3/2
f 2532/2/2 2533/2/2 2542/2/2
f 2533/1/2 2534/1/2 2543/1/2
f 2542/2/2 2533/2/2 2543/2/2
f 2543/1/2 2534/1/2 2544/1/2
f 2535/1/2 2536/1/2 2545/1/2
f 2536/1/2 2537/1/2 2545/1/2
f 2537/2/2 2538/2/2 2546/2/2
f 2545/1/2 2537/1/2 2546/1/2
f 2539/4/2 2540/4/2 2547/4/2
f 2540/1/2 2541/1/2 2548/1/2
f 2547/4/2 2540/4/2 2548/4/2
f 2548/1/2 2541/1/2 2549/1/2
f 2543/3/2 2544/3/2 2550/3/2
f 2542/3/2 2543/3/2 2550/3/2
f 2550/3/2 2544/3/2 2551/3/2
f 2535/1/2 2545/1/2 2552/1/2
f 2545/4/2 2546/4/2 2553/4/2
f 2552/1/2 2545/1/2 2553/1/2
f 2546/2/2 2538/2/2 2554/2/2
f 2553/4/2 2546/4/2 2554/4/2
f 2554/2/2 2538/2/2 2555/2/2
f 2539/4/2 2547/4/2 2556/4/2
f 2547/3/2 2548/3/2 2557/3/2
f 2556/4/2 2547/4/2 2557/4/2
f 2548/4/2 2549/4/2 2558/4/2
f 2557/3/2 2548/3/2 2558/3/2
f 2558/4/2 2549/4/2 2559/4/2
f 2550/1/2 2551/1/2 2560/1/2
f 2542/3/2 2550/3/2 2560/3/2
f 2560/1/2 2551/1/2 2561/1/2
f 2552/3/2 2553/3/2 2562/3/2
f 2553/1/2 2554/1/2 2563/1/2
f 2562/3/2 2553/3/2 2563/3/2
f 2554/4/2 2555/4/2 2564/4/2
f 2563/1/2 2554/1/2 2564/1/2
f 2564/4/2 2555/4/2 2565/4/2
f 2556/1/2 2557/1/2 2566/1/2
f 2557/4/2 2558/4/2 2567/4/2
f 2566/1/2 2557/1/2 2567/1/2
f 2558/2/2 2559/2/2 2568/2/2
f 2567/4/2 2558/4/2 2568/4/2
f 2568/2/2 2559/2/2 2569/2/2
f 2560/3/2 2561/3/2 2570/3/2
f 2542/3/2 2560/3/2 2570/3/2
f 2570/3/2 2561/3/2 2571/3/2
f 2571/3/2 2561/3/2 2572/3/2
f 2562/2/2 2563/2/2 2573/2/2
f 2563/1/2 2564/1/2 2573/1/2
f 2564/2/2 2565/2/2 2574/2/2
f 2573/1/2 2564/1/2 2574/1/2
f 2574/2/2 2565/2/2 2575/2/2
f 2566/2/2 2567/2/2 2576/2/2
f 2567/2/2 2568/2/2 2576/2/2
f 2568/1/2 2569/1/2 2577/1/2
f 2576/2/2 2568/2/2 2577/2/2
f 2570/2/2 2571/2/2 2578/2/2
f 2571/4/2 2572/4/2 2579/4/2
f 2578/2/2 2571/2/2 2579/2/2
f 2572/3/2 2561/3/2 2580/3/2
f 2579/4/2 2572/4/2 2580/4/2
f 2580/3/2 2561/3/2 2581/3/2
f 2562/2/2 2573/2/2 2582/2/2
f 2573/3/2 2574/3/2 2583/3/2
f 2582/2/2 2573/2/2 2583/2/2
f 2574/1/2 2575/1/2 2584/1/2
f 2583/3/2 2574/3/2 2584/3/2
f 2584/1/2 2575/1/2 2585/1/2
f 2576/3/2 2577/3/2 2586/3/2
f 2577/1/2 2569/1/2 2587/1/2
f 2586/3/2 2577/3/2 2587/3/2
f 2587/1/2 2569/1/2 2588/1/2
f 2578/3/2 2579/3/2 2589/3/2
f 2579/3/2 2580/3/2 2589/3/2
f 2589/3/2 2580/3/2 2590/3/2
f 2580/4/2 2581/4/2 2591/4/2
f 2590/3/2 2580/3/2 2591/3/2
f 2591/4/2 2581/4/2 2592/4/2
f 2582/1/2 2583/1/2 2593/1/2
f 2583/2/2 2584/2/2 2594/2/2
f 2593/1/2 2583/1/2 2594/1/2
f 2584/3/2 2585/3/2 2595/3/2
f 2594/2/2 2584/2/2 2595/2/2
f 2595/3/2 2585/3/2 2596/3/2
f 2586/4/2 2587/4/2 2597/4/2
f 2597/4/2 2587/4/2 2598/4/2
f 2587/3/2 2588/3/2 2599/3/2
f 2598/4/2 2587/4/2 2599/4/2
f 2599/3/2 2588/3/2 2600/3/2
f 2589/1/2 2590/1/2 2601/1/2
f 2591/2/2 2592/2/2 2602/2/2
f 2601/1/2 2590/1/2 2602/1/2
f 2590/2/2 2591/2/2 2602/2/2
f 2602/2/2 2592/2/2 2603/2/2
f 2603/2/2 2592/2/2 2604/2/2
f 2593/2/2 2594/2/2 2605/2/2
f 2594/3/2 2595/3/2 2605/3/2
f 2595/2/2 2596/2/2 2606/2/2
f 2605/3/2 2595/3/2 2606/3/2
f 2606/2/2 2596/2/2 2607/2/2
f 2597/1/2 2598/1/2 2608/1/2
f 2599/2/2 2600/2/2 2608/2/2
f 2598/2/2 2599/2/2 2608/2/2
f 2608/2/2 2600/2/2 2609/2/2
f 2602/2/2 2603/2/2 2610/2/2
f 2601/2/2 2602/2/2 2610/2/2
f 2603/3/2 2604/3/2 2611/3/2
f 2610/2/2 2603/2/2 2611/2/2
f 2593/2/2 2605/2/2 2612/2/2
f 2606/4/2 2607/4/2 2613/4/2
f 2612/2/2 2605/2/2 2613/2/2
f 2605/4/2 2606/4/2 2613/4/2
f 2613/4/2 2607/4/2 2614/4/2
f 2608/1/2 2609/1/2 2615/1/2
f 2597/1/2 2608/1/2 2615/1/2
f 2615/1/2 2609/1/2 2616/1/2
f 2609/2/2 2600/2/2 2617/2/2
f 2616/1/2 2609/1/2 2617/1/2
f 2617/2/2 2600/2/2 2618/2/2
f 2601/2/2 2610/2/2 2619/2/2
f 2610/1/2 2611/1/2 2620/1/2
f 2619/2/2 2610/2/2 2620/2/2
f 2611/3/2 2604/3/2 2621/3/2
f 2620/1/2 2611/1/2 2621/1/2
f 2621/3/2 2604/3/2 2622/3/2
f 2613/1/2 2614/1/2 2623/1/2
f 2612/1/2 2613/1/2 2623/1/2
f 2623/1/2 2614/1/2 2624/1/2
f 2615/3/2 2616/3/2 2625/3/2
f 2616/1/2 2617/1/2 2626/1/2
f 2625/3/2 2616/3/2 2626/3/2
f 2617/4/2 2618/4/2 2627/4/2
f 2626/1/2 2617/1/2 2627/1/2
f 2627/4/2 2618/4/2 2628/4/2
f 2619/4/2 2620/4/2 2629/4/2
f 2620/2/2 2621/2/2 2630/2/2
f 2629/4/2 2620/4/2 2630/4/2
f 2621/1/2 2622/1/2 2631/1/2
f 2630/2/2 2621/2/2 2631/2/2
f 2631/1/2 2622/1/2 2632/1/2
f 2612/1/2 2623/1/2 2633/1/2
f 2633/1/2 2623/1/2 2634/1/2
f 2623/4/2 2624/4/2 2635/4/2
f 2634/1/2 2623/1/2 2635/1/2
f 2635/4/2 2624/4/2 2636/4/2
f 2625/4/2 2626/4/2 2637/4/2
f 2626/4/2 2627/4/2 2637/4/2
f 2627/3/2 2628/3/2 2638/3/2
f 2637/4/2 2627/4/2 2638/4/2
f 2629/2/2 2630/2/2 2639/2/2
f 2630/1/2 2631/1/2 2640/1/2
f 2639/2/2 2630/2/2 2640/2/2
f 2631/3/2 2632/3/2 2641/3/2
f 2640/1/2 2631/1/2 2641/1/2
f 2641/3/2 2632/3/2 2642/3/2
f 2633/4/2 2634/4/2 2643/4/2
f 2634/2/2 2635/2/2 2644/2/2
f 2643/4/2 2634/4/2 2644/4/2
f 2635/3/2 2636/3/2 2645/3/2
f 2644/2/2 2635/2/2 2645/2/2
f 2645/3/2 2636/3/2 2646/3/2
f 2637/1/2 2638/1/2 2647/1/2
f 2647/1/2 2638/1/2 2648/1/2
f 2638/3/2 2628/3/2 2649/3/2
f 2648/1/2 2638/1/2 2649/1/2
f 2639/1/2 2640/1/2 2650/1/2
f 2640/1/2 2641/1/2 2650/1/2
f 2650/1/2 2641/1/2 2651/1/2
f 2641/2/2 2642/2/2 2652/2/2
f 2651/1/2 2641/1/2 2652/1/2
f 2652/2/2 2642/2/2 2653/2/2
f 2643/3/2 2644/3/2 2654/3/2
f 2644/4/2 2645/4/2 2655/4/2
f 2654/3/2 2644/3/2 2655/3/2
f 2645/2/2 2646/2/2 2656/2/2
f 2655/4/2 2645/4/2 2656/4/2
f 2656/2/2 2646/2/2 2657/2/2
f 2647/2/2 2648/2/2 2658/2/2
f 2648/3/2 2649/3/2 2659/3/2
f 2658/2/2 2648/2/2 2659/2/2
f 2649/3/2 2628/3/2 2660/3/2
f 2659/3/2 2649/3/2 2660/3/2
f 2650/3/2 2651/3/2 2661/3/2
f 2651/4/2 2652/4/2 2662/4/2
f 2661/3/2 2651/3/2 2662/3/2
f 2652/3/2 2653/3/2 2663/3/2
f 2662/4/2 2652/4/2 2663/4/2
f 2663/3/2 2653/3/2 2664/3/2
f 2654/4/2 2655/4/2 2665/4/2
f 2655/1/2 2656/1/2 2665/1/2
f 2656/1/2 2657/1/2 2665/1/2
f 2665/1/2 2657/1/2 2666/1/2
f 2661/4/2 2662/4/2 2667/4/2
f 2663/1/2 2664/1/2 2668/1/2
f 2667/4/2 2662/4/2 2668/4/2
f 2662/1/2 2663/1/2 2668/1/2
f 2668/1/2 2664/1/2 2669/1/2
f 2669/1/2 2664/1/2 2670/1/2
f 2665/4/2 2666/4/2 2671/4/2
f 2654/4/2 2665/4/2 2671/4/2
f 2671/4/2 2666/4/2 2672/4/2
f 2672/4/2 2666/4/2 2673/4/2
f 2658/4/2 2659/4/2 2675/4/2
f 2659/1/2 2660/1/2 2676/1/2
f 2675/4/2 2659/4/2 2676/4/2
f 2660/3/2 2628/3/2 2677/3/2
f 2676/1/2 2660/1/2 2677/1/2
f 2677/3/2 2628/3/2 2678/3/2
f 2667/2/2 2668/2/2 2681/2/2
f 2668/1/2 2669/1/2 2682/1/2
f 2681/2/2 2668/2/2 2682/2/2
f 2669/2/2 2670/2/2 2683/2/2
f 2682/1/2 2669/1/2 2683/1/2
f 2683/2/2 2670/2/2 2684/2/2
f 2671/1/2 2672/1/2 2687/1/2
f 2672/3/2 2673/3/2 2688/3/2
f 2687/1/2 2672/1/2 2688/1/2
f 2673/4/2 2666/4/2 2689/4/2
f 2688/3/2 2673/3/2 2689/3/2
f 2689/4/2 2666/4/2 2690/4/2
f 2674/4/2 2675/4/2 2692/4/2
f 2692/4/2 2675/4/2 2693/4/2
f 2678/4/2 2679/4/2 2694/4/2
f 2694/4/2 2679/4/2 2695/4/2
f 2680/2/2 2681/2/2 2696/2/2
f 2684/3/2 2685/3/2 2697/3/2
f 2697/3/2 2685/3/2 2698/3/2
f 2686/4/2 2687/4/2 2699/4/2
f 2699/4/2 2687/4/2 2700/4/2
f 2690/4/2 2691/4/2 2701/4/2
f 2692/1/2 2693/1/2 2709/1/2
f 2709/1/2 2693/1/2 2710/1/2
f 2694/2/2 2695/2/2 2711/2/2
f 2711/2/2 2695/2/2 2712/2/2
f 2680/2/2 2696/2/2 2737/2/2
f 2737/2/2 2696/2/2 2738/2/2
f 2697/1/2 2698/1/2 2739/1/2
f 2739/1/2 2698/1/2 2740/1/2
f 2699/3/2 2700/3/2 2769/3/2
f 2769/3/2 2700/3/2 2770/3/2
f 2701/4/2 2691/4/2 2771/4/2
f 2771/4/2 2691/4/2 2772/4/2
f 2702/4/2 2703/4/2 2773/4/2
f 2703/1/2 2704/1/2 2774/1/2
f 2773/4/2 2703/4/2 2774/4/2
f 2704/2/2 2705/2/2 2775/2/2
f 2774/1/2 2704/1/2 2775/1/2
f 2705/3/2 2706/3/2 2776/3/2
f 2775/2/2 2705/2/2 2776/2/2
f 2706/2/2 2707/2/2 2777/2/2
f 2776/3/2 2706/3/2 2777/3/2
f 2707/1/2 2708/1/2 2778/1/2
f 2777/2/2 2707/2/2 2778/2/2
f 2708/2/2 2709/2/2 2779/2/2
f 2778/1/2 2708/1/2 2779/1/2
f 2709/4/2 2710/4/2 2780/4/2
f 2711/3/2 2712/3/2 2782/3/2
f 2712/2/2 2713/2/2 2783/2/2
f 2782/3/2 2712/3/2 2783/3/2
f 2713/3/2 2714/3/2 2784/3/2
f 2783/2/2 2713/2/2 2784/2/2
f 2714/4/2 2715/4/2 2785/4/2
f 2784/3/2 2714/3/2 2785/3/2
f 2715/3/2 2716/3/2 2786/3/2
f 2785/4/2 2715/4/2 2786/4/2
f 2716/2/2 2717/2/2 2787/2/2
f 2786/3/2 2716/3/2 2787/3/2
f 2717/4/2 2718/4/2 2788/4/2
f 2787/2/2 2717/2/2 2788/2/2
f 2718/1/2 2719/1/2 2789/1/2
f 2788/4/2 2718/4/2 2789/4/2
f 2719/2/2 2720/2/2 2790/2/2
f 2720/3/2 2721/3/2 2790/3/2
f 2721/1/2 2722/1/2 2791/1/2
f 2790/3/2 2721/3/2 2791/3/2
f 2722/2/2 2723/2/2 2792/2/2
f 2791/1/2 2722/1/2 2792/1/2
f 2723/3/2 2724/3/2 2793/3/2
f 2792/2/2 2723/2/2 2793/2/2
f 2724/1/2 2725/1/2 2794/1/2
f 2793/3/2 2724/3/2 2794/3/2
f 2725/3/2 2726/3/2 2795/3/2
f 2794/1/2 2725/1/2 2795/1/2
f 2795/3/2 2726/3/2 2796/3/2
f 2726/2/2 2727/2/2 2797/2/2
f 2796/3/2 2726/3/2 2797/3/2
f 2727/1/2 2728/1/2 2798/1/2
f 2797/2/2 2727/2/2 2798/2/2
f 2798/1/2 2728/1/2 2799/1/2
f 2728/4/2 2729/4/2 2800/4/2
f 2729/1/2 2730/1/2 2800/1/2
f 2730/3/2 2731/3/2 2801/3/2
f 2800/1/2 2730/1/2 2801/1/2
f 2731/1/2 2732/1/2 2802/1/2
f 2801/3/2 2731/3/2 2802/3/2
f 2732/2/2 2733/2/2 2803/2/2
f 2802/1/2 2732/1/2 2803/1/2
f 2733/4/2 2734/4/2 2804/4/2
f 2803/2/2 2733/2/2 2804/2/2
f 2804/4/2 2734/4/2 2805/4/2
f 2734/1/2 2735/1/2 2806/1/2
f 2805/4/2 2734/4/2 2806/4/2
f 2806/1/2 2735/1/2 2807/1/2
f 2735/4/2 2736/4/2 2808/4/2
f 2807/1/2 2735/1/2 2808/1/2
f 2736/3/2 2737/3/2 2809/3/2
f 2808/4/2 2736/4/2 2809/4/2
f 2737/4/2 2738/4/2 2810/4/2
f 2809/3/2 2737/3/2 2810/3/2
f 2810/4/2 2738/4/2 2811/4/2
f 2739/2/2 2740/2/2 2814/2/2
f 2740/3/2 2741/3/2 2815/3/2
f 2741/4/2 2742/4/2 2815/4/2
f 2742/2/2 2743/2/2 2816/2/2
f 2815/4/2 2742/4/2 2816/4/2
f 2743/4/2 2744/4/2 2817/4/2
f 2816/2/2 2743/2/2 2817/2/2
f 2744/2/2 2745/2/2 2818/2/2
f 2745/1/2 2746/1/2 2819/1/2
f 2818/2/2 2745/2/2 2819/2/2
f 2746/3/2 2747/3/2 2820/3/2
f 2819/1/2 2746/1/2 2820/1/2
f 2747/4/2 2748/4/2 2821/4/2
f 2820/3/2 2747/3/2 2821/3/2
f 2748/1/2 2749/1/2 2822/1/2
f 2821/4/2 2748/4/2 2822/4/2
f 2749/3/2 2750/3/2 2823/3/2
f 2822/1/2 2749/1/2 2823/1/2
f 2750/4/2 2751/4/2 2824/4/2
f 2823/3/2 2750/3/2 2824/3/2
f 2751/1/2 2752/1/2 2825/1/2
f 2752/2/2 2753/2/2 2825/2/2
f 2753/1/2 2754/1/2 2826/1/2
f 2825/2/2 2753/2/2 2826/2/2
f 2754/2/2 2755/2/2 2827/2/2
f 2826/1/2 2754/1/2 2827/1/2
f 2755/1/2 2756/1/2 2828/1/2
f 2827/2/2 2755/2/2 2828/2/2
f 2756/3/2 2757/3/2 2829/3/2
f 2828/1/2 2756/1/2 2829/1/2
f 2757/4/2 2758/4/2 2830/4/2
f 2829/3/2 2757/3/2 2830/3/2
f 2758/2/2 2759/2/2 2831/2/2
f 2830/4/2 2758/4/2 2831/4/2
f 2759/4/2 2760/4/2 2832/4/2
f 2831/2/2 2759/2/2 2832/2/2
f 2832/4/2 2760/4/2 2833/4/2
f 2760/1/2 2761/1/2 2834/1/2
f 2833/4/2 2760/4/2 2834/4/2
f 2761/3/2 2762/3/2 2835/3/2
f 2834/1/2 2761/1/2 2835/1/2
f 2762/2/2 2763/2/2 2836/2/2
f 2835/3/2 2762/3/2 2836/3/2
f 2763/1/2 2764/1/2 2837/1/2
f 2836/2/2 2763/2/2 2837/2/2
f 2837/1/2 2764/1/2 2838/1/2
f 2764/3/2 2765/3/2 2839/3/2
f 2838/1/2 2764/1/2 2839/1/2
f 2765/4/2 2766/4/2 2840/4/2
f 2839/3/2 2765/3/2 2840/3/2
f 2766/1/2 2767/1/2 2841/1/2
f 2840/4/2 2766/4/2 2841/4/2
f 2841/1/2 2767/1/2 2842/1/2
f 2767/4/2 2768/4/2 2843/4/2
f 2842/1/2 2767/1/2 2843/1/2
f 2843/4/2 2768/4/2 2844/4/2
f 2844/4/2 2768/4/2 2845/4/2
f 2769/2/2 2770/2/2 2846/2/2
f 2845/4/2 2768/4/2 2846/4/2
f 2768/2/2 2769/2/2 2846/2/2
f 2846/2/2 2770/2/2 2847/2/2
f 2847/2/2 2770/2/2 2848/2/2
f 2773/3/2 2774/3/2 2851/3/2
f 2774/3/2 2775/3/2 2851/3/2
f 2851/3/2 2775/3/2 2852/3/2
f 2775/1/2 2776/1/2 2853/1/2
f 2852/3/2 2775/3/2 2853/3/2
f 2776/2/2 2777/2/2 2854/2/2
f 2853/1/2 2776/1/2 2854/1/2
f 2777/4/2 2778/4/2 2855/4/2
f 2854/2/2 2777/2/2 2855/2/2
f 2778/4/2 2779/4/2 2855/4/2
f 2855/4/2 2779/4/2 2856/4/2
f 2779/2/2 2709/2/2 2857/2/2
f 2856/4/2 2779/4/2 2857/4/2
f 2780/4/2 2781/4/2 2858/4/2
f 2857/2/2 2709/2/2 2858/2/2
f 2781/4/2 2782/4/2 2858/4/2
f 2782/4/2 2783/4/2 2858/4/2
f 2709/4/2 2780/4/2 2858/4/2
f 2858/4/2 2783/4/2 2859/4/2
f 2859/4/2 2783/4/2 2860/4/2
f 2860/4/2 2783/4/2 2861/4/2
f 2861/4/2 2783/4/2 2862/4/2
f 2783/3/2 2784/3/2 2863/3/2
f 2862/4/2 2783/4/2 2863/4/2
f 2784/2/2 2785/2/2 2864/2/2
f 2863/3/2 2784/3/2 2864/3/2
f 2785/2/2 2786/2/2 2864/2/2
f 2864/2/2 2786/2/2 2865/2/2
f 2786/1/2 2787/1/2 2866/1/2
f 2865/2/2 2786/2/2 2866/2/2
f 2787/1/2 2788/1/2 2866/1/2
f 2866/1/2 2788/1/2 2867/1/2
f 2788/2/2 2789/2/2 2868/2/2
f 2867/1/2 2788/1/2 2868/1/2
f 2789/1/2 2719/1/2 2869/1/2
f 2868/2/2 2789/2/2 2869/2/2
f 2719/2/2 2790/2/2 2870/2/2
f 2869/1/2 2719/1/2 2870/1/2
f 2790/2/2 2791/2/2 2870/2/2
f 2870/2/2 2791/2/2 2871/2/2
f 2791/4/2 2792/4/2 2872/4/2
f 2871/2/2 2791/2/2 2872/2/2
f 2792/2/2 2793/2/2 2873/2/2
f 2872/4/2 2792/4/2 2873/4/2
f 2793/1/2 2794/1/2 2874/1/2
f 2873/2/2 2793/2/2 2874/2/2
f 2795/1/2 2796/1/2 2874/1/2
f 2794/1/2 2795/1/2 2874/1/2
f 2874/1/2 2796/1/2 2875/1/2
f 2796/3/2 2797/3/2 2876/3/2
f 2875/1/2 2796/1/2 2876/1/2
f 2798/4/2 2799/4/2 2877/4/2
f 2876/3/2 2797/3/2 2877/3/2
f 2797/4/2 2798/4/2 2877/4/2
f 2877/4/2 2799/4/2 2878/4/2
f 2799/1/2 2728/1/2 2879/1/2
f 2878/4/2 2799/4/2 2879/4/2
f 2728/4/2 2800/4/2 2880/4/2
f 2879/1/2 2728/1/2 2880/1/2
f 2800/2/2 2801/2/2 2881/2/2
f 2880/4/2 2800/4/2 2881/4/2
f 2801/3/2 2802/3/2 2882/3/2
f 2881/2/2 2801/2/2 2882/2/2
f 2802/3/2 2803/3/2 2882/3/2
f 2882/3/2 2803/3/2 2883/3/2
f 2803/1/2 2804/1/2 2884/1/2
f 2883/3/2 2803/3/2 2884/3/2
f 2804/2/2 2805/2/2 2885/2/2
f 2884/1/2 2804/1/2 2885/1/2
f 2806/3/2 2807/3/2 2886/3/2
f 2885/2/2 2805/2/2 2886/2/2
f 2805/3/2 2806/3/2 2886/3/2
f 2886/3/2 2807/3/2 2887/3/2
f 2808/2/2 2809/2/2 2888/2/2
f 2887/3/2 2807/3/2 2888/3/2
f 2807/2/2 2808/2/2 2888/2/2
f 2888/2/2 2809/2/2 2889/2/2
f 2809/1/2 2810/1/2 2890/1/2
f 2889/2/2 2809/2/2 2890/2/2
f 2810/2/2 2811/2/2 2891/2/2
f 2890/1/2 2810/1/2 2891/1/2
f 2811/1/2 2812/1/2 2892/1/2
f 2891/2/2 2811/2/2 2892/2/2
f 2812/4/2 2813/4/2 2893/4/2
f 2813/1/2 2814/1/2 2893/1/2
f 2814/2/2 2740/2/2 2894/2/2
f 2893/1/2 2814/1/2 2894/1/2
f 2740/3/2 2815/3/2 2895/3/2
f 2894/2/2 2740/2/2 2895/2/2
f 2815/3/2 2816/3/2 2895/3/2
f 2816/3/2 2817/3/2 2895/3/2
f 2895/3/2 2817/3/2 2896/3/2
f 2896/3/2 2817/3/2 2897/3/2
f 2817/4/2 2744/4/2 2898/4/2
f 2897/3/2 2817/3/2 2898/3/2
f 2744/2/2 2818/2/2 2899/2/2
f 2898/4/2 2744/4/2 2899/4/2
f 2818/3/2 2819/3/2 2900/3/2
f 2899/2/2 2818/2/2 2900/2/2
f 2819/3/2 2820/3/2 2900/3/2
f 2900/3/2 2820/3/2 2901/3/2
f 2820/1/2 2821/1/2 2902/1/2
f 2821/2/2 2822/2/2 2902/2/2
f 2822/1/2 2823/1/2 2903/1/2
f 2902/2/2 2822/2/2 2903/2/2
f 2823/4/2 2824/4/2 2904/4/2
f 2903/1/2 2823/1/2 2904/1/2
f 2824/4/2 2751/4/2 2905/4/2
f 2904/4/2 2824/4/2 2905/4/2
f 2751/1/2 2825/1/2 2906/1/2
f 2905/4/2 2751/4/2 2906/4/2
f 2825/3/2 2826/3/2 2907/3/2
f 2906/1/2 2825/1/2 2907/1/2
f 2826/2/2 2827/2/2 2908/2/2
f 2907/3/2 2826/3/2 2908/3/2
f 2908/2/2 2827/2/2 2909/2/2
f 2827/4/2 2828/4/2 2910/4/2
f 2828/3/2 2829/3/2 2910/3/2
f 2829/3/2 2830/3/2 2910/3/2
f 2910/3/2 2830/3/2 2911/3/2
f 2911/3/2 2830/3/2 2912/3/2
f 2912/3/2 2830/3/2 2913/3/2
f 2830/1/2 2831/1/2 2914/1/2
f 2913/3/2 2830/3/2 2914/3/2
f 2831/2/2 2832/2/2 2915/2/2
f 2914/1/2 2831/1/2 2915/1/2
f 2832/3/2 2833/3/2 2916/3/2
f 2915/2/2 2832/2/2 2916/2/2
f 2833/4/2 2834/4/2 2917/4/2
f 2916/3/2 2833/3/2 2917/3/2
f 2834/2/2 2835/2/2 2918/2/2
f 2917/4/2 2834/4/2 2918/4/2
f 2835/1/2 2836/1/2 2919/1/2
f 2918/2/2 2835/2/2 2919/2/2
f 2836/3/2 2837/3/2 2920/3/2
f 2919/1/2 2836/1/2 2920/1/2
f 2837/1/2 2838/1/2 2921/1/2
f 2920/3/2 2837/3/2 2921/3/2
f 2838/3/2 2839/3/2 2922/3/2
f 2921/1/2 2838/1/2 2922/1/2
f 2839/2/2 2840/2/2 2923/2/2
f 2922/3/2 2839/3/2 2923/3/2
f 2840/3/2 2841/3/2 2924/3/2
f 2923/2/2 2840/2/2 2924/2/2
f 2841/2/2 2842/2/2 2925/2/2
f 2924/3/2 2841/3/2 2925/3/2
f 2842/4/2 2843/4/2 2926/4/2
f 2925/2/2 2842/2/2 2926/2/2
f 2843/1/2 2844/1/2 2927/1/2
f 2926/4/2 2843/4/2 2927/4/2
f 2844/4/2 2845/4/2 2928/4/2
f 2927/1/2 2844/1/2 2928/1/2
f 2845/3/2 2846/3/2 2929/3/2
f 2928/4/2 2845/4/2 2929/4/2
f 2846/4/2 2847/4/2 2930/4/2
f 2929/3/2 2846/3/2 2930/3/2
f 2847/1/2 2848/1/2 2931/1/2
f 2930/4/2 2847/4/2 2931/4/2
f 2848/4/2 2849/4/2 2932/4/2
f 2931/1/2 2848/1/2 2932/1/2
f 2849/1/2 2850/1/2 2933/1/2
f 2932/4/2 2849/4/2 2933/4/2
f 2933/1/2 2850/1/2 2934/1/2
f 2851/4/2 2852/4/2 2935/4/2
f 2852/2/2 2853/2/2 2936/2/2
f 2935/4/2 2852/4/2 2936/4/2
f 2853/3/2 2854/3/2 2937/3/2
f 2936/2/2 2853/2/2 2937/2/2
f 2854/3/2 2855/3/2 2937/3/2
f 2937/3/2 2855/3/2 2938/3/2
f 2855/2/2 2856/2/2 2939/2/2
f 2938/3/2 2855/3/2 2939/3/2
f 2856/1/2 2857/1/2 2940/1/2
f 2939/2/2 2856/2/2 2940/2/2
f 2857/2/2 2858/2/2 2941/2/2
f 2940/1/2 2857/1/2 2941/1/2
f 2858/1/2 2859/1/2 2942/1/2
f 2941/2/2 2858/2/2 2942/2/2
f 2859/2/2 2860/2/2 2943/2/2
f 2942/1/2 2859/1/2 2943/1/2
f 2860/3/2 2861/3/2 2944/3/2
f 2943/2/2 2860/2/2 2944/2/2
f 2861/1/2 2862/1/2 2945/1/2
f 2944/3/2 2861/3/2 2945/3/2
f 2862/2/2 2863/2/2 2946/2/2
f 2945/1/2 2862/1/2 2946/1/2
f 2864/2/2 2865/2/2 2946/2/2
f 2863/2/2 2864/2/2 2946/2/2
f 2946/2/2 2865/2/2 2947/2/2
f 2865/1/2 2866/1/2 2948/1/2
f 2947/2/2 2865/2/2 2948/2/2
f 2866/3/2 2867/3/2 2949/3/2
f 2948/1/2 2866/1/2 2949/1/2
f 2867/1/2 2868/1/2 2950/1/2
f 2949/3/2 2867/3/2 2950/3/2
f 2868/1/2 2869/1/2 2950/1/2
f 2950/1/2 2869/1/2 2951/1/2
f 2869/4/2 2870/4/2 2952/4/2
f 2951/1/2 2869/1/2 2952/1/2
f 2870/2/2 2871/2/2 2953/2/2
f 2952/4/2 2870/4/2 2953/4/2
f 2871/1/2 2872/1/2 2954/1/2
f 2953/2/2 2871/2/2 2954/2/2
f 2872/3/2 2873/3/2 2955/3/2
f 2954/1/2 2872/1/2 2955/1/2
f 2873/2/2 2874/2/2 2956/2/2
f 2955/3/2 2873/3/2 2956/3/2
f 2874/3/2 2875/3/2 2957/3/2
f 2956/2/2 2874/2/2 2957/2/2
f 2877/2/2 2878/2/2 2958/2/2
f 2957/3/2 2875/3/2 2958/3/2
f 2875/2/2 2876/2/2 2958/2/2
f 2876/2/2 2877/2/2 2958/2/2
f 2958/2/2 2878/2/2 2959/2/2
f 2878/1/2 2879/1/2 2960/1/2
f 2959/2/2 2878/2/2 2960/2/2
f 2879/2/2 2880/2/2 2961/2/2
f 2960/1/2 2879/1/2 2961/1/2
f 2880/2/2 2881/2/2 2961/2/2
f 2881/2/2 2882/2/2 2961/2/2
f 2961/2/2 2882/2/2 2962/2/2
f 2962/2/2 2882/2/2 2963/2/2
f 2882/1/2 2883/1/2 2964/1/2
f 2963/2/2 2882/2/2 2964/2/2
f 2883/3/2 2884/3/2 2965/3/2
f 2964/1/2 2883/1/2 2965/1/2
f 2884/2/2 2885/2/2 2966/2/2
f 2965/3/2 2884/3/2 2966/3/2
f 2885/4/2 2886/4/2 2967/4/2
f 2966/2/2 2885/2/2 2967/2/2
f 2886/2/2 2887/2/2 2968/2/2
f 2967/4/2 2886/4/2 2968/4/2
f 2887/3/2 2888/3/2 2969/3/2
f 2968/2/2 2887/2/2 2969/2/2
f 2888/3/2 2889/3/2 2969/3/2
f 2889/4/2 2890/4/2 2970/4/2
f 2969/3/2 2889/3/2 2970/3/2
f 2890/4/2 2891/4/2 2970/4/2
f 2970/4/2 2891/4/2 2971/4/2
f 2891/1/2 2892/1/2 2972/1/2
f 2971/4/2 2891/4/2 2972/4/2
f 2892/1/2 2812/1/2 2973/1/2
f 2972/1/2 2892/1/2 2973/1/2
f 2812/4/2 2893/4/2 2973/4/2
f 2893/4/2 2894/4/2 2973/4/2
f 2973/4/2 2894/4/2 2974/4/2
f 2894/3/2 2895/3/2 2975/3/2
f 2974/4/2 2894/4/2 2975/4/2
f 2895/1/2 2896/1/2 2976/1/2
f 2975/3/2 2895/3/2 2976/3/2
f 2896/3/2 2897/3/2 2977/3/2
f 2976/1/2 2896/1/2 2977/1/2
f 2897/2/2 2898/2/2 2978/2/2
f 2977/3/2 2897/3/2 2978/3/2
f 2898/1/2 2899/1/2 2979/1/2
f 2978/2/2 2898/2/2 2979/2/2
f 2899/1/2 2900/1/2 2979/1/2
f 2979/1/2 2900/1/2 2980/1/2
f 2900/4/2 2901/4/2 2981/4/2
f 2980/1/2 2900/1/2 2981/1/2
f 2901/3/2 2820/3/2 2982/3/2
f 2981/4/2 2901/4/2 2982/4/2
f 2820/1/2 2902/1/2 2983/1/2
f 2982/3/2 2820/3/2 2983/3/2
f 2903/4/2 2904/4/2 2984/4/2
f 2983/1/2 2902/1/2 2984/1/2
f 2902/4/2 2903/4/2 2984/4/2
f 2984/4/2 2904/4/2 2985/4/2
f 2904/2/2 2905/2/2 2986/2/2
f 2985/4/2 2904/4/2 2986/4/2
f 2905/1/2 2906/1/2 2987/1/2
f 2986/2/2 2905/2/2 2987/2/2
f 2906/2/2 2907/2/2 2988/2/2
f 2987/1/2 2906/1/2 2988/1/2
f 2908/1/2 2909/1/2 2989/1/2
f 2988/2/2 2907/2/2 2989/2/2
f 2907/1/2 2908/1/2 2989/1/2
f 2989/1/2 2909/1/2 2990/1/2
f 2909/2/2 2827/2/2 2991/2/2
f 2990/1/2 2909/1/2 2991/1/2
f 2827/4/2 2910/4/2 2992/4/2
f 2991/2/2 2827/2/2 2992/2/2
f 2910/4/2 2911/4/2 2992/4/2
f 2911/2/2 2912/2/2 2993/2/2
f 2992/4/2 2911/4/2 2993/4/2
f 2912/1/2 2913/1/2 2994/1/2
f 2993/2/2 2912/2/2 2994/2/2
f 2913/3/2 2914/3/2 2995/3/2
f 2994/1/2 2913/1/2 2995/1/2
f 2914/4/2 2915/4/2 2996/4/2
f 2995/3/2 2914/3/2 2996/3/2
f 2915/3/2 2916/3/2 2997/3/2
f 2996/4/2 2915/4/2 2997/4/2
f 2916/4/2 2917/4/2 2998/4/2
f 2997/3/2 2916/3/2 2998/3/2
f 2917/2/2 2918/2/2 2999/2/2
f 2998/4/2 2917/4/2 2999/4/2
f 2918/2/2 2919/2/2 2999/2/2
f 2919/3/2 2920/3/2 3000/3/2
f 2999/2/2 2919/2/2 3000/2/2
f 2920/2/2 2921/2/2 3001/2/2
f 3000/3/2 2920/3/2 3001/3/2
f 2921/3/2 2922/3/2 3002/3/2
f 3001/2/2 2921/2/2 3002/2/2
f 2922/2/2 2923/2/2 3003/2/2
f 3002/3/2 2922/3/2 3003/3/2
f 2923/4/2 2924/4/2 3004/4/2
f 3003/2/2 2923/2/2 3004/2/2
f 2924/1/2 2925/1/2 3005/1/2
f 3004/4/2 2924/4/2 3005/4/2
f 2926/4/2 2927/4/2 3006/4/2
f 3005/1/2 2925/1/2 3006/1/2
f 2925/4/2 2926/4/2 3006/4/2
f 3006/4/2 2927/4/2 3007/4/2
f 2927/3/2 2928/3/2 3008/3/2
f 3007/4/2 2927/4/2 3008/4/2
f 2928/2/2 2929/2/2 3009/2/2
f 3008/3/2 2928/3/2 3009/3/2
f 2929/4/2 2930/4/2 3010/4/2
f 3009/2/2 2929/2/2 3010/2/2
f 2930/3/2 2931/3/2 3011/3/2
f 3010/4/2 2930/4/2 3011/4/2
f 2931/1/2 2932/1/2 3012/1/2
f 3011/3/2 2931/3/2 3012/3/2
f 2933/3/2 2934/3/2 3013/3/2
f 3012/1/2 2932/1/2 3013/1/2
f 2932/3/2 2933/3/2 3013/3/2
f 3013/3/2 2934/3/2 3014/3/2
f 3015/3/2 3016/3/2 3025/3/2
f 3016/4/2 3017/4/2 3026/4/2
f 3025/3/2 3016/3/2 3026/3/2
f 3017/3/2 3018/3/2 3027/3/2
f 3026/4/2 3017/4/2 3027/4/2
f 3027/3/2 3018/3/2 3028/3/2
f 3019/2/2 3020/2/2 3029/2/2
f 3020/3/2 3021/3/2 3030/3/2
f 3029/2/2 3020/2/2 3030/2/2
f 3030/3/2 3021/3/2 3031/3/2
f 3031/3/2 3021/3/2 3032/3/2
f 3022/2/2 3023/2/2 3033/2/2
f 3023/1/2 3024/1/2 3034/1/2
f 3033/2/2 3023/2/2 3034/2/2
f 3034/1/2 3024/1/2 3035/1/2
f 3035/1/2 3024/1/2 3036/1/2
f 3025/1/2 3026/1/2 3037/1/2
f 3026/3/2 3027/3/2 3037/3/2
f 3027/4/2 3028/4/2 3038/4/2
f 3037/3/2 3027/3/2 3038/3/2
f 3029/4/2 3030/4/2 3039/4/2
f 3030/2/2 3031/2/2 3040/2/2
f 3039/4/2 3030/4/2 3040/4/2
f 3031/1/2 3032/1/2 3041/1/2
f 3040/2/2 3031/2/2 3041/2/2
f 3035/2/2 3036/2/2 3042/2/2
f 3025/1/2 3037/1/2 3044/1/2
f 3037/4/2 3038/4/2 3045/4/2
f 3044/1/2 3037/1/2 3045/1/2
f 3038/4/2 3028/4/2 3046/4/2
f 3045/4/2 3038/4/2 3046/4/2
f 3039/1/2 3040/1/2 3047/1/2
f 3040/1/2 3041/1/2 3047/1/2
f 3041/1/2 3032/1/2 3048/1/2
f 3047/1/2 3041/1/2 3048/1/2
f 3033/4/2 3034/4/2 3049/4/2
f 3034/1/2 3035/1/2 3050/1/2
f 3049/4/2 3034/4/2 3050/4/2
f 3035/2/2 3042/2/2 3051/2/2
f 3050/1/2 3035/1/2 3051/1/2
f 3042/4/2 3043/4/2 3052/4/2
f 3051/2/2 3042/2/2 3052/2/2
f 3052/4/2 3043/4/2 3053/4/2
f 3052/3/2 3053/3/2 3054/3/2
f 3051/3/2 3052/3/2 3054/3/2
f 3054/3/2 3053/3/2 3055/3/2
f 3055/3/2 3053/3/2 3056/3/2
f 3054/1/2 3055/1/2 3057/1/2
f 3055/4/2 3056/4/2 3058/4/2
f 3057/1/2 3055/1/2 3058/1/2
f 3058/4/2 3056/4/2 3059/4/2
f 3060/1/2 3061/1/2 3138/1/2
f 3061/2/2 3062/2/2 3139/2/2
f 3138/1/2 3061/1/2 3139/1/2
f 3139/2/2 3062/2/2 3140/2/2
f 3063/2/2 3064/2/2 3141/2/2
f 3064/1/2 3065/1/2 3142/1/2
f 3141/2/2 3064/2/2 3142/2/2
f 3065/2/2 3066/2/2 3143/2/2
f 3142/1/2 3065/1/2 3143/1/2
f 3066/1/2 3067/1/2 3144/1/2
f 3143/2/2 3066/2/2 3144/2/2
f 3067/3/2 3068/3/2 3145/3/2
f 3144/1/2 3067/1/2 3145/1/2
f 3068/4/2 3069/4/2 3146/4/2
f 3145/3/2 3068/3/2 3146/3/2
f 3069/2/2 3070/2/2 3147/2/2
f 3146/4/2 3069/4/2 3147/4/2
f 3070/1/2 3071/1/2 3148/1/2
f 3147/2/2 3070/2/2 3148/2/2
f 3148/1/2 3071/1/2 3149/1/2
f 3072/2/2 3073/2/2 3150/2/2
f 3073/3/2 3074/3/2 3151/3/2
f 3150/2/2 3073/2/2 3151/2/2
f 3074/1/2 3075/1/2 3152/1/2
f 3151/3/2 3074/3/2 3152/3/2
f 3075/2/2 3076/2/2 3153/2/2
f 3152/1/2 3075/1/2 3153/1/2
f 3076/1/2 3077/1/2 3154/1/2
f 3153/2/2 3076/2/2 3154/2/2
f 3077/2/2 3078/2/2 3155/2/2
f 3154/1/2 3077/1/2 3155/1/2
f 3078/3/2 3079/3/2 3156/3/2
f 3155/2/2 3078/2/2 3156/2/2
f 3079/1/2 3080/1/2 3157/1/2
f 3156/3/2 3079/3/2 3157/3/2
f 3157/1/2 3080/1/2 3158/1/2
f 3081/2/2 3082/2/2 3159/2/2
f 3082/4/2 3083/4/2 3160/4/2
f 3159/2/2 3082/2/2 3160/2/2
f 3083/3/2 3084/3/2 3161/3/2
f 3160/4/2 3083/4/2 3161/4/2
f 3084/1/2 3085/1/2 3162/1/2
f 3161/3/2 3084/3/2 3162/3/2
f 3085/2/2 3086/2/2 3163/2/2
f 3162/1/2 3085/1/2 3163/1/2
f 3086/4/2 3087/4/2 3164/4/2
f 3163/2/2 3086/2/2 3164/2/2
f 3164/4/2 3087/4/2 3165/4/2
f 3088/3/2 3089/3/2 3166/3/2
f 3089/1/2 3090/1/2 3167/1/2
f 3166/3/2 3089/3/2 3167/3/2
f 3090/3/2 3091/3/2 3168/3/2
f 3167/1/2 3090/1/2 3168/1/2
f 3091/1/2 3092/1/2 3169/1/2
f 3168/3/2 3091/3/2 3169/3/2
f 3092/4/2 3093/4/2 3170/4/2
f 3169/1/2 3092/1/2 3170/1/2
f 3093/1/2 3094/1/2 3171/1/2
f 3170/4/2 3093/4/2 3171/4/2
f 3094/4/2 3095/4/2 3172/4/2
f 3171/1/2 3094/1/2 3172/1/2
f 3172/4/2 3095/4/2 3173/4/2
f 3096/1/2 3097/1/2 3174/1/2
f 3097/2/2 3098/2/2 3175/2/2
f 3174/1/2 3097/1/2 3175/1/2
f 3098/4/2 3099/4/2 3176/4/2
f 3175/2/2 3098/2/2 3176/2/2
f 3099/1/2 3100/1/2 3177/1/2
f 3176/4/2 3099/4/2 3177/4/2
f 3177/1/2 3100/1/2 3178/1/2
f 3101/1/2 3102/1/2 3179/1/2
f 3102/2/2 3103/2/2 3180/2/2
f 3179/1/2 3102/1/2 3180/1/2
f 3103/3/2 3104/3/2 3181/3/2
f 3180/2/2 3103/2/2 3181/2/2
f 3104/1/2 3105/1/2 3182/1/2
f 3181/3/2 3104/3/2 3182/3/2
f 3105/4/2 3106/4/2 3183/4/2
f 3182/1/2 3105/1/2 3183/1/2
f 3106/1/2 3107/1/2 3184/1/2
f 3183/4/2 3106/4/2 3184/4/2
f 3107/2/2 3108/2/2 3185/2/2
f 3184/1/2 3107/1/2 3185/1/2
f 3108/4/2 3109/4/2 3186/4/2
f 3185/2/2 3108/2/2 3186/2/2
f 3186/4/2 3109/4/2 3187/4/2
f 3110/3/2 3111/3/2 3188/3/2
f 3111/4/2 3112/4/2 3189/4/2
f 3188/3/2 3111/3/2 3189/3/2
f 3112/1/2 3113/1/2 3190/1/2
f 3189/4/2 3112/4/2 3190/4/2
f 3113/4/2 3114/4/2 3191/4/2
f 3190/1/2 3113/1/2 3191/1/2
f 3114/3/2 3115/3/2 3192/3/2
f 3191/4/2 3114/4/2 3192/4/2
f 3115/1/2 3116/1/2 3193/1/2
f 3192/3/2 3115/3/2 3193/3/2
f 3193/1/2 3116/1/2 3194/1/2
f 3117/2/2 3118/2/2 3195/2/2
f 3118/1/2 3119/1/2 3196/1/2
f 3195/2/2 3118/2/2 3196/2/2
f 3119/3/2 3120/3/2 3197/3/2
f 3196/1/2 3119/1/2 3197/1/2
f 3120/1/2 3121/1/2 3198/1/2
f 3197/3/2 3120/3/2 3198/3/2
f 3121/3/2 3122/3/2 3199/3/2
f 3198/1/2 3121/1/2 3199/1/2
f 3122/2/2 3123/2/2 3200/2/2
f 3199/3/2 3122/3/2 3200/3/2
f 3123/4/2 3124/4/2 3201/4/2
f 3200/2/2 3123/2/2 3201/2/2
f 3201/4/2 3124/4/2 3202/4/2
f 3125/2/2 3126/2/2 3203/2/2
f 3126/1/2 3127/1/2 3204/1/2
f 3203/2/2 3126/2/2 3204/2/2
f 3127/3/2 3128/3/2 3205/3/2
f 3204/1/2 3127/1/2 3205/1/2
f 3128/4/2 3129/4/2 3206/4/2
f 3205/3/2 3128/3/2 3206/3/2
f 3129/1/2 3130/1/2 3207/1/2
f 3206/4/2 3129/4/2 3207/4/2
f 3130/4/2 3131/4/2 3208/4/2
f 3207/1/2 3130/1/2 3208/1/2
f 3131/1/2 3132/1/2 3209/1/2
f 3208/4/2 3131/4/2 3209/4/2
f 3209/1/2 3132/1/2 3210/1/2
f 3133/1/2 3134/1/2 3211/1/2
f 3134/3/2 3135/3/2 3212/3/2
f 3211/1/2 3134/1/2 3212/1/2
f 3135/2/2 3136/2/2 3213/2/2
f 3212/3/2 3135/3/2 3213/3/2
f 3136/4/2 3137/4/2 3214/4/2
f 3213/2/2 3136/2/2 3214/2/2
f 3214/4/2 3137/4/2 3215/4/2
f 3218/1/3 3217/1/3 3216/1/3
f 3219/1/3 3217/1/3 3218/1/3
f 3223/4/3 3219/4/3 3218/4/3
f 3224/4/3 3219/4/3 3223/4/3
f 3225/1/3 3222/1/3 3221/1/3
f 3225/2/3 3221/2/3 3220/2/3
f 3226/2/3 3223/2/3 3222/2/3
f 3226/1/3 3222/1/3 3225/1/3
f 3227/3/3 3224/3/3 3223/3/3
f 3227/2/3 3223/2/3 3226/2/3
f 3228/3/3 3224/3/3 3227/3/3
f 3229/2/3 3226/2/3 3225/2/3
f 3229/2/3 3225/2/3 3220/2/3
f 3230/3/3 3227/3/3 3226/3/3
f 3230/2/3 3226/2/3 3229/2/3
f 3231/4/3 3228/4/3 3227/4/3
f 3231/3/3 3227/3/3 3230/3/3
f 3232/4/3 3228/4/3 3231/4/3
f 3233/1/3 3230/1/3 3229/1/3
f 3234/3/3 3231/3/3 3230/3/3
f 3234/1/3 3230/1/3 3233/1/3
f 3235/1/3 3232/1/3 3231/1/3
f 3235/3/3 3231/3/3 3234/3/3
f 3236/1/3 3232/1/3 3235/1/3
f 3237/2/3 3236/2/3 3235/2/3
f 3238/2/3 3236/2/3 3237/2/3
f 3239/3/3 3238/3/3 3237/3/3
f 3240/3/3 3238/3/3 3239/3/3
f 3241/2/3 3240/2/3 3239/2/3
f 3242/2/3 3240/2/3 3241/2/3
f 3243/3/3 3242/3/3 3241/3/3
f 3244/3/3 3242/3/3 3243/3/3
f 3245/4/3 3244/4/3 3243/4/3
f 3246/4/3 3244/4/3 3245/4/3
f 3247/1/3 3246/1/3 3245/1/3
f 3248/1/3 3246/1/3 3247/1/3
f 3249/4/3 3248/4/3 3247/4/3
f 3250/4/3 3248/4/3 3249/4/3
f 3251/2/3 3250/2/3 3249/2/3
f 3252/2/3 3250/2/3 3251/2/3
f 3253/3/3 3252/3/3 3251/3/3
f 3254/3/3 3252/3/3 3253/3/3
f 3255/1/3 3254/1/3 3253/1/3
f 3256/1/3 3254/1/3 3255/1/3
f 3257/2/3 3256/2/3 3255/2/3
f 3258/2/3 3256/2/3 3257/2/3
f 3259/1/3 3258/1/3 3257/1/3
f 3260/1/3 3258/1/3 3259/1/3
f 3261/4/3 3260/4/3 3259/4/3
f 3262/4/3 3260/4/3 3261/4/3
f 3266/1/3 3262/1/3 3261/1/3
f 3267/1/3 3264/1/3 3263/1/3
f 3268/2/3 3265/2/3 3264/2/3
f 3268/1/3 3264/1/3 3267/1/3
f 3269/1/3 3266/1/3 3265/1/3
f 3269/2/3 3265/2/3 3268/2/3
f 3270/1/3 3262/1/3 3266/1/3
f 3270/1/3 3266/1/3 3269/1/3
f 3271/1/3 3262/1/3 3270/1/3
f 3272/2/3 3268/2/3 3267/2/3
f 3272/2/3 3269/2/3 3268/2/3
f 3273/2/3 3269/2/3 3272/2/3
f 3274/4/3 3270/4/3 3269/4/3
f 3274/2/3 3269/2/3 3273/2/3
f 3275/3/3 3271/3/3 3270/3/3
f 3275/4/3 3270/4/3 3274/4/3
f 3276/3/3 3271/3/3 3275/3/3
f 3277/4/3 3273/4/3 3272/4/3
f 3278/3/3 3274/3/3 3273/3/3
f 3278/4/3 3273/4/3 3277/4/3
f 3279/4/3 3275/4/3 3274/4/3
f 3279/3/3 3274/3/3 3278/3/3
f 3280/2/3 3276/2/3 3275/2/3
f 3280/4/3 3275/4/3 3279/4/3
f 3281/2/3 3276/2/3 3280/2/3
f 3282/4/3 3281/4/3 3280/4/3
f 3283/4/3 3281/4/3 3282/4/3
f 3284/1/3 3283/1/3 3282/1/3
f 3285/1/3 3283/1/3 3284/1/3
f 3288/3/3 3287/3/3 3286/3/3
f 3289/3/3 3287/3/3 3288/3/3
f 3290/4/3 3289/4/3 3288/4/3
f 3291/4/3 3289/4/3 3290/4/3
f 3292/4/3 3289/4/3 3291/4/3
f 3293/3/3 3292/3/3 3291/3/3
f 3294/3/3 3292/3/3 3293/3/3
f 3295/2/3 3294/2/3 3293/2/3
f 3296/2/3 3294/2/3 3295/2/3
f 3297/3/3 3296/3/3 3295/3/3
f 3298/3/3 3296/3/3 3297/3/3
f 3299/4/3 3298/4/3 3297/4/3
f 3300/4/3 3298/4/3 3299/4/3
f 3301/2/3 3300/2/3 3299/2/3
f 3302/2/3 3300/2/3 3301/2/3
f 3303/3/3 3302/3/3 3301/3/3
f 3304/3/3 3302/3/3 3303/3/3
f 3305/2/3 3304/2/3 3303/2/3
f 3306/2/3 3304/2/3 3305/2/3
f 3307/3/3 3306/3/3 3305/3/3
f 3308/3/3 3306/3/3 3307/3/3
f 3309/1/3 3308/1/3 3307/1/3
f 3310/1/3 3308/1/3 3309/1/3
f 3311/2/3 3310/2/3 3309/2/3
f 3312/2/3 3310/2/3 3311/2/3
f 3313/3/3 3312/3/3 3311/3/3
f 3314/3/3 3312/3/3 3313/3/3
f 3315/1/3 3314/1/3 3313/1/3
f 3316/1/3 3314/1/3 3315/1/3
f 3317/2/3 3316/2/3 3315/2/3
f 3318/2/3 3316/2/3 3317/2/3
f 3319/3/3 3318/3/3 3317/3/3
f 3320/3/3 3318/3/3 3319/3/3
f 3321/1/3 3320/1/3 3319/1/3
f 3322/1/3 3320/1/3 3321/1/3
f 3323/3/3 3322/3/3 3321/3/3
f 3324/3/3 3322/3/3 3323/3/3
f 3325/4/3 3324/4/3 3323/4/3
f 3326/4/3 3324/4/3 3325/4/3
f 3327/2/3 3326/2/3 3325/2/3
f 3328/2/3 3326/2/3 3327/2/3
f 3329/1/3 3328/1/3 3327/1/3
f 3330/1/3 3328/1/3 3329/1/3
f 3331/2/3 3330/2/3 3329/2/3
f 3332/2/3 3330/2/3 3331/2/3
f 3333/4/3 3332/4/3 3331/4/3
f 3334/4/3 3332/4/3 3333/4/3
f 3335/3/3 3334/3/3 3333/3/3
f 3336/3/3 3334/3/3 3335/3/3
f 3337/3/3 3334/3/3 3336/3/3
f 3338/2/3 3337/2/3 3336/2/3
f 3339/2/3 3337/2/3 3338/2/3
f 3343/4/3 3341/4/3 3340/4/3
f 3343/2/3 3342/2/3 3341/2/3
f 3344/2/3 3342/2/3 3343/2/3
f 3345/4/3 3343/4/3 3340/4/3
f 3346/1/3 3344/1/3 3343/1/3
f 3346/4/3 3343/4/3 3345/4/3
f 3347/1/3 3344/1/3 3346/1/3
f 3348/3/3 3346/3/3 3345/3/3
f 3349/1/3 3347/1/3 3346/1/3
f 3349/3/3 3346/3/3 3348/3/3
f 3350/1/3 3347/1/3 3349/1/3
f 3353/4/3 3352/4/3 3351/4/3
f 3354/4/3 3352/4/3 3353/4/3
f 3355/4/3 3353/4/3 3351/4/3
f 3355/3/3 3354/3/3 3353/3/3
f 3356/3/3 3354/3/3 3355/3/3
f 3357/4/3 3355/4/3 3351/4/3
f 3358/1/3 3356/1/3 3355/1/3
f 3358/4/3 3355/4/3 3357/4/3
f 3359/1/3 3356/1/3 3358/1/3
f 3379/3/3 3361/3/3 3360/3/3
f 3380/2/3 3362/2/3 3361/2/3
f 3380/3/3 3361/3/3 3379/3/3
f 3381/3/3 3363/3/3 3362/3/3
f 3381/2/3 3362/2/3 3380/2/3
f 3382/3/3 3363/3/3 3381/3/3
f 3383/4/3 3365/4/3 3364/4/3
f 3384/3/3 3366/3/3 3365/3/3
f 3384/4/3 3365/4/3 3383/4/3
f 3385/2/3 3367/2/3 3366/2/3
f 3385/3/3 3366/3/3 3384/3/3
f 3386/2/3 3367/2/3 3385/2/3
f 3387/4/3 3368/4/3 3367/4/3
f 3387/2/3 3367/2/3 3386/2/3
f 3388/1/3 3369/1/3 3368/1/3
f 3388/4/3 3368/4/3 3387/4/3
f 3389/2/3 3370/2/3 3369/2/3
f 3389/1/3 3369/1/3 3388/1/3
f 3390/1/3 3371/1/3 3370/1/3
f 3390/2/3 3370/2/3 3389/2/3
f 3391/2/3 3372/2/3 3371/2/3
f 3391/1/3 3371/1/3 3390/1/3
f 3392/2/3 3372/2/3 3391/2/3
f 3393/2/3 3372/2/3 3392/2/3
f 3394/1/3 3373/1/3 3372/1/3
f 3394/2/3 3372/2/3 3393/2/3
f 3395/3/3 3374/3/3 3373/3/3
f 3395/1/3 3373/1/3 3394/1/3
f 3396/2/3 3375/2/3 3374/2/3
f 3396/3/3 3374/3/3 3395/3/3
f 3397/1/3 3376/1/3 3375/1/3
f 3397/2/3 3375/2/3 3396/2/3
f 3398/3/3 3377/3/3 3376/3/3
f 3398/1/3 3376/1/3 3397/1/3
f 3399/3/3 3377/3/3 3398/3/3
f 3400/2/3 3378/2/3 3377/2/3
f 3400/3/3 3377/3/3 3399/3/3
f 3401/4/3 3379/4/3 3378/4/3
f 3401/2/3 3378/2/3 3400/2/3
f 3402/4/3 3379/4/3 3401/4/3
f 3403/3/3 3384/3/3 3383/3/3
f 3404/4/3 3385/4/3 3384/4/3
f 3404/3/3 3384/3/3 3403/3/3
f 3405/1/3 3386/1/3 3385/1/3
f 3405/4/3 3385/4/3 3404/4/3
f 3406/4/3 3387/4/3 3386/4/3
f 3406/1/3 3386/1/3 3405/1/3
f 3407/2/3 3388/2/3 3387/2/3
f 3407/4/3 3387/4/3 3406/4/3
f 3408/3/3 3389/3/3 3388/3/3
f 3408/2/3 3388/2/3 3407/2/3
f 3409/4/3 3390/4/3 3389/4/3
f 3409/3/3 3389/3/3 3408/3/3
f 3410/2/3 3391/2/3 3390/2/3
f 3410/4/3 3390/4/3 3409/4/3
f 3411/1/3 3392/1/3 3391/1/3
f 3411/2/3 3391/2/3 3410/2/3
f 3412/2/3 3393/2/3 3392/2/3
f 3412/1/3 3392/1/3 3411/1/3
f 3413/1/3 3394/1/3 3393/1/3
f 3413/2/3 3393/2/3 3412/2/3
f 3414/2/3 3395/2/3 3394/2/3
f 3414/1/3 3394/1/3 3413/1/3
f 3415/3/3 3396/3/3 3395/3/3
f 3415/2/3 3395/2/3 3414/2/3
f 3416/4/3 3397/4/3 3396/4/3
f 3416/3/3 3396/3/3 3415/3/3
f 3417/2/3 3398/2/3 3397/2/3
f 3417/4/3 3397/4/3 3416/4/3
f 3418/3/3 3399/3/3 3398/3/3
f 3418/2/3 3398/2/3 3417/2/3
f 3419/1/3 3400/1/3 3399/1/3
f 3419/3/3 3399/3/3 3418/3/3
f 3420/3/3 3401/3/3 3400/3/3
f 3420/1/3 3400/1/3 3419/1/3
f 3421/2/3 3402/2/3 3401/2/3
f 3421/3/3 3401/3/3 3420/3/3
f 3422/2/3 3402/2/3 3421/2/3
f 3423/4/3 3404/4/3 3403/4/3
f 3424/2/3 3405/2/3 3404/2/3
f 3424/4/3 3404/4/3 3423/4/3
f 3425/1/3 3406/1/3 3405/1/3
f 3425/2/3 3405/2/3 3424/2/3
f 3425/1/3 3407/1/3 3406/1/3
f 3426/4/3 3408/4/3 3407/4/3
f 3426/1/3 3407/1/3 3425/1/3
f 3427/1/3 3409/1/3 3408/1/3
f 3427/4/3 3408/4/3 3426/4/3
f 3428/4/3 3411/4/3 3410/4/3
f 3428/1/3 3409/1/3 3427/1/3
f 3428/4/3 3410/4/3 3409/4/3
f 3429/2/3 3412/2/3 3411/2/3
f 3429/4/3 3411/4/3 3428/4/3
f 3430/3/3 3413/3/3 3412/3/3
f 3430/2/3 3412/2/3 3429/2/3
f 3430/3/3 3414/3/3 3413/3/3
f 3430/3/3 3415/3/3 3414/3/3
f 3431/4/3 3416/4/3 3415/4/3
f 3431/3/3 3415/3/3 3430/3/3
f 3432/2/3 3417/2/3 3416/2/3
f 3432/4/3 3416/4/3 3431/4/3
f 3433/1/3 3418/1/3 3417/1/3
f 3433/2/3 3417/2/3 3432/2/3
f 3434/2/3 3419/2/3 3418/2/3
f 3434/1/3 3418/1/3 3433/1/3
f 3435/1/3 3420/1/3 3419/1/3
f 3435/2/3 3419/2/3 3434/2/3
f 3435/1/3 3421/1/3 3420/1/3
f 3436/3/3 3422/3/3 3421/3/3
f 3436/1/3 3421/1/3 3435/1/3
f 3437/3/3 3422/3/3 3436/3/3
f 3441/2/3 3438/2/3 3437/2/3
f 3442/3/3 3439/3/3 3438/3/3
f 3442/2/3 3438/2/3 3441/2/3
f 3443/1/3 3440/1/3 3439/1/3
f 3443/3/3 3439/3/3 3442/3/3
f 3444/1/3 3440/1/3 3443/1/3
f 3465/3/3 3446/3/3 3445/3/3
f 3466/2/3 3447/2/3 3446/2/3
f 3466/3/3 3446/3/3 3465/3/3
f 3467/1/3 3448/1/3 3447/1/3
f 3467/2/3 3447/2/3 3466/2/3
f 3468/1/3 3448/1/3 3467/1/3
f 3469/2/3 3450/2/3 3449/2/3
f 3470/1/3 3451/1/3 3450/1/3
f 3470/2/3 3450/2/3 3469/2/3
f 3471/3/3 3452/3/3 3451/3/3
f 3471/1/3 3451/1/3 3470/1/3
f 3472/4/3 3453/4/3 3452/4/3
f 3472/1/3 3454/1/3 3453/1/3
f 3473/3/3 3455/3/3 3454/3/3
f 3473/1/3 3454/1/3 3472/1/3
f 3474/4/3 3456/4/3 3455/4/3
f 3474/1/3 3457/1/3 3456/1/3
f 3475/1/3 3457/1/3 3474/1/3
f 3476/2/3 3458/2/3 3457/2/3
f 3476/1/3 3457/1/3 3475/1/3
f 3477/4/3 3459/4/3 3458/4/3
f 3477/2/3 3458/2/3 3476/2/3
f 3478/2/3 3460/2/3 3459/2/3
f 3478/4/3 3459/4/3 3477/4/3
f 3479/1/3 3461/1/3 3460/1/3
f 3479/2/3 3460/2/3 3478/2/3
f 3480/1/3 3461/1/3 3479/1/3
f 3481/2/3 3462/2/3 3461/2/3
f 3481/1/3 3461/1/3 3480/1/3
f 3482/2/3 3462/2/3 3481/2/3
f 3483/3/3 3463/3/3 3462/3/3
f 3483/2/3 3462/2/3 3482/2/3
f 3484/2/3 3464/2/3 3463/2/3
f 3484/3/3 3463/3/3 3483/3/3
f 3485/3/3 3465/3/3 3464/3/3
f 3485/2/3 3464/2/3 3484/2/3
f 3486/3/3 3470/3/3 3469/3/3
f 3487/4/3 3471/4/3 3470/4/3
f 3487/3/3 3470/3/3 3486/3/3
f 3488/3/3 3452/3/3 3471/3/3
f 3488/4/3 3471/4/3 3487/4/3
f 3489/4/3 3472/4/3 3452/4/3
f 3489/3/3 3452/3/3 3488/3/3
f 3490/3/3 3473/3/3 3472/3/3
f 3490/4/3 3472/4/3 3489/4/3
f 3491/3/3 3455/3/3 3473/3/3
f 3491/3/3 3473/3/3 3490/3/3
f 3492/4/3 3474/4/3 3455/4/3
f 3492/3/3 3455/3/3 3491/3/3
f 3493/2/3 3475/2/3 3474/2/3
f 3493/4/3 3474/4/3 3492/4/3
f 3494/1/3 3476/1/3 3475/1/3
f 3494/2/3 3475/2/3 3493/2/3
f 3495/4/3 3477/4/3 3476/4/3
f 3495/1/3 3476/1/3 3494/1/3
f 3495/4/3 3478/4/3 3477/4/3
f 3496/4/3 3478/4/3 3495/4/3
f 3497/3/3 3480/3/3 3479/3/3
f 3497/4/3 3478/4/3 3496/4/3
f 3497/3/3 3479/3/3 3478/3/3
f 3498/2/3 3481/2/3 3480/2/3
f 3498/3/3 3480/3/3 3497/3/3
f 3499/3/3 3482/3/3 3481/3/3
f 3499/2/3 3481/2/3 3498/2/3
f 3500/1/3 3483/1/3 3482/1/3
f 3500/3/3 3482/3/3 3499/3/3
f 3501/2/3 3484/2/3 3483/2/3
f 3501/1/3 3485/1/3 3484/1/3
f 3502/3/3 3465/3/3 3485/3/3
f 3502/1/3 3485/1/3 3501/1/3
f 3503/3/3 3465/3/3 3502/3/3
f 3504/2/3 3487/2/3 3486/2/3
f 3505/3/3 3488/3/3 3487/3/3
f 3505/2/3 3487/2/3 3504/2/3
f 3506/4/3 3490/4/3 3489/4/3
f 3506/3/3 3488/3/3 3505/3/3
f 3506/4/3 3489/4/3 3488/4/3
f 3507/2/3 3491/2/3 3490/2/3
f 3507/4/3 3490/4/3 3506/4/3
f 3508/4/3 3492/4/3 3491/4/3
f 3508/2/3 3491/2/3 3507/2/3
f 3508/4/3 3493/4/3 3492/4/3
f 3509/1/3 3494/1/3 3493/1/3
f 3509/4/3 3493/4/3 3508/4/3
f 3510/2/3 3495/2/3 3494/2/3
f 3510/1/3 3494/1/3 3509/1/3
f 3511/3/3 3496/3/3 3495/3/3
f 3511/2/3 3495/2/3 3510/2/3
f 3512/4/3 3497/4/3 3496/4/3
f 3512/3/3 3496/3/3 3511/3/3
f 3513/1/3 3498/1/3 3497/1/3
f 3513/4/3 3497/4/3 3512/4/3
f 3514/3/3 3499/3/3 3498/3/3
f 3514/1/3 3498/1/3 3513/1/3
f 3515/4/3 3500/4/3 3499/4/3
f 3515/3/3 3499/3/3 3514/3/3
f 3516/1/3 3483/1/3 3500/1/3
f 3516/4/3 3500/4/3 3515/4/3
f 3517/2/3 3501/2/3 3483/2/3
f 3517/1/3 3483/1/3 3516/1/3
f 3518/4/3 3503/4/3 3502/4/3
f 3518/2/3 3501/2/3 3517/2/3
f 3518/4/3 3502/4/3 3501/4/3
f 3519/4/3 3503/4/3 3518/4/3
f 3523/3/3 3520/3/3 3519/3/3
f 3524/1/3 3522/1/3 3521/1/3
f 3524/3/3 3520/3/3 3523/3/3
f 3524/1/3 3521/1/3 3520/1/3
f 3525/1/3 3522/1/3 3524/1/3
f 3528/3/3 3527/3/3 3526/3/3
f 3529/3/3 3527/3/3 3528/3/3
f 3532/1/3 3531/1/3 3530/1/3
f 3533/1/3 3531/1/3 3532/1/3
f 3537/1/3 3535/1/3 3534/1/3
f 3538/4/3 3536/4/3 3535/4/3
f 3538/1/3 3535/1/3 3537/1/3
f 3539/4/3 3536/4/3 3538/4/3
f 3542/4/3 3541/4/3 3540/4/3
f 3543/4/3 3541/4/3 3542/4/3
f 3546/3/3 3545/3/3 3544/3/3
f 3547/3/3 3545/3/3 3546/3/3
f 3548/1/3 3547/1/3 3546/1/3
f 3549/1/3 3547/1/3 3548/1/3
f 3550/2/3 3549/2/3 3548/2/3
f 3551/2/3 3549/2/3 3550/2/3
f 3554/3/3 3553/3/3 3552/3/3
f 3555/3/3 3553/3/3 3554/3/3
f 3556/1/3 3551/1/3 3550/1/3
f 3557/1/3 3551/1/3 3556/1/3
f 3558/4/3 3557/4/3 3556/4/3
f 3559/4/3 3557/4/3 3558/4/3
f 3560/2/3 3559/2/3 3558/2/3
f 3561/2/3 3559/2/3 3560/2/3
f 3562/4/3 3561/4/3 3560/4/3
f 3563/4/3 3561/4/3 3562/4/3
f 3564/2/3 3563/2/3 3562/2/3
f 3565/2/3 3563/2/3 3564/2/3
f 3566/4/3 3565/4/3 3564/4/3
f 3567/4/3 3565/4/3 3566/4/3
f 3568/1/3 3567/1/3 3566/1/3
f 3569/1/3 3567/1/3 3568/1/3
f 3570/4/3 3569/4/3 3568/4/3
f 3571/4/3 3569/4/3 3570/4/3
f 3572/2/3 3571/2/3 3570/2/3
f 3573/2/3 3571/2/3 3572/2/3
f 3574/3/3 3573/3/3 3572/3/3
f 3575/3/3 3573/3/3 3574/3/3
f 3576/1/3 3575/1/3 3574/1/3
f 3577/1/3 3575/1/3 3576/1/3
f 3578/3/3 3577/3/3 3576/3/3
f 3579/3/3 3577/3/3 3578/3/3
f 3580/1/3 3579/1/3 3578/1/3
f 3581/1/3 3579/1/3 3580/1/3
f 3582/2/3 3581/2/3 3580/2/3
f 3583/2/3 3581/2/3 3582/2/3
f 3584/1/3 3583/1/3 3582/1/3
f 3585/1/3 3583/1/3 3584/1/3
f 3586/2/3 3585/2/3 3584/2/3
f 3587/2/3 3585/2/3 3586/2/3
f 3588/4/3 3587/4/3 3586/4/3
f 3589/4/3 3587/4/3 3588/4/3
f 3590/3/3 3589/3/3 3588/3/3
f 3591/3/3 3589/3/3 3590/3/3
f 3592/2/3 3591/2/3 3590/2/3
f 3593/2/3 3591/2/3 3592/2/3
f 3596/3/3 3593/3/3 3592/3/3
f 3597/3/3 3595/3/3 3594/3/3
f 3598/3/3 3595/3/3 3597/3/3
f 3599/3/3 3593/3/3 3596/3/3
f 3600/3/3 3593/3/3 3599/3/3
f 3601/3/3 3593/3/3 3600/3/3
f 3602/4/3 3601/4/3 3600/4/3
f 3603/4/3 3601/4/3 3602/4/3
f 3604/1/3 3603/1/3 3602/1/3
f 3605/1/3 3603/1/3 3604/1/3
f 3606/2/3 3605/2/3 3604/2/3
f 3607/2/3 3605/2/3 3606/2/3
f 3610/2/3 3609/2/3 3608/2/3
f 3611/2/3 3609/2/3 3610/2/3
f 3614/3/3 3613/3/3 3612/3/3
f 3615/3/3 3613/3/3 3614/3/3
f 3618/4/3 3617/4/3 3616/4/3
f 3619/4/3 3617/4/3 3618/4/3
f 3622/1/3 3621/1/3 3620/1/3
f 3623/1/3 3621/1/3 3622/1/3
f 3627/3/3 3625/3/3 3624/3/3
f 3628/2/3 3626/2/3 3625/2/3
f 3628/3/3 3625/3/3 3627/3/3
f 3629/2/3 3626/2/3 3628/2/3
f 3632/2/3 3631/2/3 3630/2/3
f 3633/2/3 3631/2/3 3632/2/3
f 3636/3/3 3635/3/3 3634/3/3
f 3637/3/3 3635/3/3 3636/3/3
f 3640/1/3 3639/1/3 3638/1/3
f 3641/1/3 3639/1/3 3640/1/3
f 3644/2/3 3643/2/3 3642/2/3
f 3645/2/3 3643/2/3 3644/2/3
f 3648/2/3 3647/2/3 3646/2/3
f 3649/2/3 3647/2/3 3648/2/3
f 3652/2/3 3651/2/3 3650/2/3
f 3653/2/3 3651/2/3 3652/2/3
f 3656/2/3 3655/2/3 3654/2/3
f 3657/2/3 3655/2/3 3656/2/3
f 3660/1/3 3659/1/3 3658/1/3
f 3661/1/3 3659/1/3 3660/1/3
f 3662/3/3 3661/3/3 3660/3/3
f 3663/3/3 3661/3/3 3662/3/3
f 3664/4/3 3663/4/3 3662/4/3
f 3665/4/3 3663/4/3 3664/4/3
f 3666/2/3 3665/2/3 3664/2/3
f 3667/2/3 3665/2/3 3666/2/3
f 3668/4/3 3667/4/3 3666/4/3
f 3669/4/3 3667/4/3 3668/4/3
f 3670/4/3 3667/4/3 3669/4/3
f 3671/2/3 3670/2/3 3669/2/3
f 3672/2/3 3670/2/3 3671/2/3
f 3673/3/3 3672/3/3 3671/3/3
f 3674/3/3 3672/3/3 3673/3/3
f 3675/2/3 3674/2/3 3673/2/3
f 3676/2/3 3674/2/3 3675/2/3
f 3677/4/3 3676/4/3 3675/4/3
f 3678/4/3 3676/4/3 3677/4/3
f 3679/3/3 3678/3/3 3677/3/3
f 3680/3/3 3678/3/3 3679/3/3
f 3681/2/3 3680/2/3 3679/2/3
f 3682/2/3 3680/2/3 3681/2/3
f 3683/1/3 3682/1/3 3681/1/3
f 3684/1/3 3682/1/3 3683/1/3
f 3685/3/3 3684/3/3 3683/3/3
f 3686/3/3 3684/3/3 3685/3/3
f 3687/1/3 3686/1/3 3685/1/3
f 3688/1/3 3686/1/3 3687/1/3
f 3689/2/3 3688/2/3 3687/2/3
f 3690/2/3 3688/2/3 3689/2/3
f 3691/4/3 3690/4/3 3689/4/3
f 3692/4/3 3690/4/3 3691/4/3
f 3693/2/3 3692/2/3 3691/2/3
f 3694/2/3 3692/2/3 3693/2/3
f 3695/3/3 3694/3/3 3693/3/3
f 3696/3/3 3694/3/3 3695/3/3
f 3697/1/3 3696/1/3 3695/1/3
f 3698/1/3 3696/1/3 3697/1/3
f 3699/2/3 3698/2/3 3697/2/3
f 3700/2/3 3698/2/3 3699/2/3
f 3701/4/3 3700/4/3 3699/4/3
f 3702/4/3 3700/4/3 3701/4/3
f 3705/1/3 3702/1/3 3701/1/3
f 3706/3/3 3704/3/3 3703/3/3
f 3707/3/3 3704/3/3 3706/3/3
f 3708/1/3 3702/1/3 3705/1/3
f 3709/1/3 3702/1/3 3708/1/3
f 3710/2/3 3709/2/3 3708/2/3
f 3711/2/3 3709/2/3 3710/2/3
f 3712/3/3 3711/3/3 3710/3/3
f 3713/3/3 3711/3/3 3712/3/3
f 3714/1/3 3713/1/3 3712/1/3
f 3715/1/3 3713/1/3 3714/1/3
f 3716/2/3 3715/2/3 3714/2/3
f 3717/2/3 3715/2/3 3716/2/3
f 3720/4/3 3719/4/3 3718/4/3
f 3721/4/3 3719/4/3 3720/4/3
f 3724/1/3 3723/1/3 3722/1/3
f 3725/1/3 3723/1/3 3724/1/3
f 3728/2/3 3727/2/3 3726/2/3
f 3729/2/3 3727/2/3 3728/2/3
f 3732/4/3 3731/4/3 3730/4/3
f 3733/4/3 3731/4/3 3732/4/3
f 3736/3/3 3735/3/3 3734/3/3
f 3737/3/3 3735/3/3 3736/3/3
f 3740/4/3 3739/4/3 3738/4/3
f 3741/4/3 3739/4/3 3740/4/3
f 3744/3/3 3743/3/3 3742/3/3
f 3745/3/3 3743/3/3 3744/3/3
f 3746/1/3 3745/1/3 3744/1/3
f 3747/1/3 3745/1/3 3746/1/3
f 3748/4/3 3747/4/3 3746/4/3
f 3749/4/3 3747/4/3 3748/4/3
f 3750/1/3 3749/1/3 3748/1/3
f 3751/1/3 3749/1/3 3750/1/3
f 3752/1/3 3749/1/3 3751/1/3
f 3753/2/3 3752/2/3 3751/2/3
f 3754/2/3 3752/2/3 3753/2/3
f 3755/2/3 3752/2/3 3754/2/3
f 3756/3/3 3755/3/3 3754/3/3
f 3757/3/3 3755/3/3 3756/3/3
f 3758/2/3 3757/2/3 3756/2/3
f 3759/2/3 3757/2/3 3758/2/3
f 3760/1/3 3759/1/3 3758/1/3
f 3761/1/3 3759/1/3 3760/1/3
f 3762/3/3 3761/3/3 3760/3/3
f 3763/3/3 3761/3/3 3762/3/3
f 3764/2/3 3763/2/3 3762/2/3
f 3765/2/3 3763/2/3 3764/2/3
f 3766/3/3 3765/3/3 3764/3/3
f 3767/3/3 3765/3/3 3766/3/3
f 3768/1/3 3767/1/3 3766/1/3
f 3769/1/3 3767/1/3 3768/1/3
f 3770/2/3 3769/2/3 3768/2/3
f 3771/2/3 3769/2/3 3770/2/3
f 3772/1/3 3771/1/3 3770/1/3
f 3773/1/3 3771/1/3 3772/1/3
f 3774/3/3 3773/3/3 3772/3/3
f 3775/3/3 3773/3/3 3774/3/3
f 3776/4/3 3775/4/3 3774/4/3
f 3777/4/3 3775/4/3 3776/4/3
f 3778/1/3 3777/1/3 3776/1/3
f 3779/1/3 3777/1/3 3778/1/3
f 3780/4/3 3779/4/3 3778/4/3
f 3781/4/3 3779/4/3 3780/4/3
f 3782/4/3 3779/4/3 3781/4/3
f 3783/1/3 3782/1/3 3781/1/3
f 3784/1/3 3782/1/3 3783/1/3
f 3785/4/3 3784/4/3 3783/4/3
f 3786/4/3 3784/4/3 3785/4/3
f 3787/2/3 3786/2/3 3785/2/3
f 3788/2/3 3786/2/3 3787/2/3
f 3789/4/3 3788/4/3 3787/4/3
f 3790/4/3 3788/4/3 3789/4/3
f 3791/3/3 3790/3/3 3789/3/3
f 3792/3/3 3790/3/3 3791/3/3
f 3795/3/3 3794/3/3 3793/3/3
f 3796/3/3 3794/3/3 3795/3/3
f 3799/2/3 3798/2/3 3797/2/3
f 3800/2/3 3798/2/3 3799/2/3
f 3803/1/3 3802/1/3 3801/1/3
f 3804/1/3 3802/1/3 3803/1/3
f 3807/3/3 3806/3/3 3805/3/3
f 3808/3/3 3806/3/3 3807/3/3
f 3811/1/3 3810/1/3 3809/1/3
f 3812/1/3 3810/1/3 3811/1/3
f 3815/3/3 3814/3/3 3813/3/3
f 3816/3/3 3814/3/3 3815/3/3
f 3819/1/3 3818/1/3 3817/1/3
f 3820/1/3 3818/1/3 3819/1/3
f 3823/4/3 3822/4/3 3821/4/3
f 3824/4/3 3822/4/3 3823/4/3
f 3827/2/3 3826/2/3 3825/2/3
f 3828/2/3 3826/2/3 3827/2/3
f 3831/2/3 3830/2/3 3829/2/3
f 3832/2/3 3830/2/3 3831/2/3
f 3835/1/3 3834/1/3 3833/1/3
f 3836/1/3 3834/1/3 3835/1/3
f 3839/4/3 3838/4/3 3837/4/3
f 3840/4/3 3838/4/3 3839/4/3
f 3843/2/3 3842/2/3 3841/2/3
f 3844/2/3 3842/2/3 3843/2/3
f 3847/1/3 3846/1/3 3845/1/3
f 3848/1/3 3846/1/3 3847/1/3
f 3851/4/3 3850/4/3 3849/4/3
f 3852/4/3 3850/4/3 3851/4/3
f 3853/2/3 3852/2/3 3851/2/3
f 3854/2/3 3852/2/3 3853/2/3
f 3857/1/3 3854/1/3 3853/1/3
f 3858/1/3 3854/1/3 3857/1/3
f 3859/1/3 3856/1/3 3855/1/3
f 3860/1/3 3856/1/3 3859/1/3
f 3861/2/3 3858/2/3 3857/2/3
f 3862/2/3 3858/2/3 3861/2/3
f 3863/3/3 3862/3/3 3861/3/3
f 3864/3/3 3862/3/3 3863/3/3
f 3865/2/3 3864/2/3 3863/2/3
f 3866/2/3 3864/2/3 3865/2/3
f 3867/3/3 3866/3/3 3865/3/3
f 3868/3/3 3866/3/3 3867/3/3
f 3869/4/3 3868/4/3 3867/4/3
f 3870/4/3 3868/4/3 3869/4/3
f 3871/2/3 3870/2/3 3869/2/3
f 3872/2/3 3870/2/3 3871/2/3
f 3873/3/3 3872/3/3 3871/3/3
f 3874/3/3 3872/3/3 3873/3/3
f 3875/4/3 3874/4/3 3873/4/3
f 3876/4/3 3874/4/3 3875/4/3
f 3877/3/3 3876/3/3 3875/3/3
f 3878/3/3 3876/3/3 3877/3/3
f 3879/1/3 3878/1/3 3877/1/3
f 3880/1/3 3878/1/3 3879/1/3
f 3881/3/3 3880/3/3 3879/3/3
f 3882/3/3 3880/3/3 3881/3/3
f 3883/1/3 3882/1/3 3881/1/3
f 3884/1/3 3882/1/3 3883/1/3
f 3885/2/3 3884/2/3 3883/2/3
f 3886/2/3 3884/2/3 3885/2/3
f 3889/1/3 3886/1/3 3885/1/3
f 3890/1/3 3886/1/3 3889/1/3
f 3891/1/3 3888/1/3 3887/1/3
f 3892/1/3 3888/1/3 3891/1/3
f 3893/2/3 3890/2/3 3889/2/3
f 3894/2/3 3890/2/3 3893/2/3
f 3895/1/3 3894/1/3 3893/1/3
f 3896/1/3 3894/1/3 3895/1/3
f 3897/3/3 3896/3/3 3895/3/3
f 3898/3/3 3896/3/3 3897/3/3
f 3899/1/3 3898/1/3 3897/1/3
f 3900/1/3 3898/1/3 3899/1/3
f 3906/4/3 3902/4/3 3901/4/3
f 3907/2/3 3903/2/3 3902/2/3
f 3907/4/3 3902/4/3 3906/4/3
f 3908/2/3 3903/2/3 3907/2/3
f 3909/3/3 3905/3/3 3904/3/3
f 3910/3/3 3905/3/3 3909/3/3
f 3911/2/3 3907/2/3 3906/2/3
f 3912/4/3 3908/4/3 3907/4/3
f 3912/2/3 3907/2/3 3911/2/3
f 3913/4/3 3908/4/3 3912/4/3
f 3914/4/3 3912/4/3 3911/4/3
f 3915/1/3 3913/1/3 3912/1/3
f 3915/4/3 3912/4/3 3914/4/3
f 3916/1/3 3913/1/3 3915/1/3
f 3921/4/3 3918/4/3 3917/4/3
f 3922/4/3 3918/4/3 3921/4/3
f 3923/4/3 3918/4/3 3922/4/3
f 3924/4/3 3920/4/3 3919/4/3
f 3925/4/3 3920/4/3 3924/4/3
f 3926/3/3 3922/3/3 3921/3/3
f 3927/1/3 3923/1/3 3922/1/3
f 3927/3/3 3922/3/3 3926/3/3
f 3928/1/3 3923/1/3 3927/1/3
f 3929/2/3 3927/2/3 3926/2/3
f 3929/2/3 3928/2/3 3927/2/3
f 3930/2/3 3928/2/3 3929/2/3
f 3951/4/3 3932/4/3 3931/4/3
f 3952/3/3 3933/3/3 3932/3/3
f 3952/4/3 3932/4/3 3951/4/3
f 3953/1/3 3934/1/3 3933/1/3
f 3953/3/3 3933/3/3 3952/3/3
f 3954/1/3 3934/1/3 3953/1/3
f 3955/3/3 3936/3/3 3935/3/3
f 3956/2/3 3937/2/3 3936/2/3
f 3956/3/3 3936/3/3 3955/3/3
f 3957/1/3 3938/1/3 3937/1/3
f 3957/2/3 3937/2/3 3956/2/3
f 3958/1/3 3938/1/3 3957/1/3
f 3959/2/3 3939/2/3 3938/2/3
f 3959/1/3 3938/1/3 3958/1/3
f 3960/1/3 3940/1/3 3939/1/3
f 3960/2/3 3939/2/3 3959/2/3
f 3961/2/3 3941/2/3 3940/2/3
f 3961/1/3 3940/1/3 3960/1/3
f 3962/2/3 3941/2/3 3961/2/3
f 3963/3/3 3942/3/3 3941/3/3
f 3963/2/3 3941/2/3 3962/2/3
f 3964/2/3 3943/2/3 3942/2/3
f 3964/3/3 3942/3/3 3963/3/3
f 3965/1/3 3944/1/3 3943/1/3
f 3965/2/3 3943/2/3 3964/2/3
f 3966/4/3 3945/4/3 3944/4/3
f 3966/1/3 3944/1/3 3965/1/3
f 3967/1/3 3946/1/3 3945/1/3
f 3967/4/3 3945/4/3 3966/4/3
f 3968/2/3 3947/2/3 3946/2/3
f 3968/1/3 3946/1/3 3967/1/3
f 3969/4/3 3948/4/3 3947/4/3
f 3969/2/3 3947/2/3 3968/2/3
f 3970/2/3 3949/2/3 3948/2/3
f 3970/4/3 3948/4/3 3969/4/3
f 3971/1/3 3950/1/3 3949/1/3
f 3971/2/3 3949/2/3 3970/2/3
f 3972/4/3 3951/4/3 3950/4/3
f 3972/1/3 3950/1/3 3971/1/3
f 3973/4/3 3951/4/3 3972/4/3
f 3974/4/3 3956/4/3 3955/4/3
f 3974/4/3 3957/4/3 3956/4/3
f 3975/4/3 3957/4/3 3974/4/3
f 3976/1/3 3958/1/3 3957/1/3
f 3976/4/3 3957/4/3 3975/4/3
f 3977/3/3 3959/3/3 3958/3/3
f 3977/1/3 3958/1/3 3976/1/3
f 3977/3/3 3960/3/3 3959/3/3
f 3978/3/3 3960/3/3 3977/3/3
f 3979/2/3 3961/2/3 3960/2/3
f 3979/3/3 3960/3/3 3978/3/3
f 3980/3/3 3962/3/3 3961/3/3
f 3980/2/3 3961/2/3 3979/2/3
f 3981/4/3 3963/4/3 3962/4/3
f 3981/3/3 3962/3/3 3980/3/3
f 3982/1/3 3964/1/3 3963/1/3
f 3982/4/3 3963/4/3 3981/4/3
f 3982/1/3 3965/1/3 3964/1/3
f 3983/1/3 3965/1/3 3982/1/3
f 3984/1/3 3965/1/3 3983/1/3
f 3985/3/3 3967/3/3 3966/3/3
f 3986/4/3 3968/4/3 3967/4/3
f 3986/3/3 3967/3/3 3985/3/3
f 3987/3/3 3970/3/3 3969/3/3
f 3987/4/3 3968/4/3 3986/4/3
f 3987/3/3 3969/3/3 3968/3/3
f 3988/3/3 3970/3/3 3987/3/3
f 3989/2/3 3971/2/3 3970/2/3
f 3989/3/3 3970/3/3 3988/3/3
f 3990/4/3 3972/4/3 3971/4/3
f 3990/2/3 3971/2/3 3989/2/3
f 3991/1/3 3973/1/3 3972/1/3
f 3991/4/3 3972/4/3 3990/4/3
f 3992/1/3 3973/1/3 3991/1/3
f 3993/3/3 3975/3/3 3974/3/3
f 3994/2/3 3976/2/3 3975/2/3
f 3994/3/3 3975/3/3 3993/3/3
f 3995/1/3 3977/1/3 3976/1/3
f 3995/2/3 3976/2/3 3994/2/3
f 3996/4/3 3978/4/3 3977/4/3
f 3996/1/3 3977/1/3 3995/1/3
f 3997/3/3 3979/3/3 3978/3/3
f 3997/4/3 3978/4/3 3996/4/3
f 3998/4/3 3980/4/3 3979/4/3
f 3998/3/3 3979/3/3 3997/3/3
f 3999/1/3 3981/1/3 3980/1/3
f 3999/4/3 3980/4/3 3998/4/3
f 4000/4/3 3982/4/3 3981/4/3
f 4000/1/3 3981/1/3 3999/1/3
f 4001/3/3 3983/3/3 3982/3/3
f 4001/4/3 3982/4/3 4000/4/3
f 4002/4/3 3984/4/3 3983/4/3
f 4002/3/3 3983/3/3 4001/3/3
f 4002/4/3 3985/4/3 3984/4/3
f 4003/1/3 3986/1/3 3985/1/3
f 4003/4/3 3985/4/3 4002/4/3
f 4003/1/3 3987/1/3 3986/1/3
f 4004/4/3 3988/4/3 3987/4/3
f 4004/1/3 3987/1/3 4003/1/3
f 4005/1/3 3990/1/3 3989/1/3
f 4005/4/3 3988/4/3 4004/4/3
f 4005/1/3 3989/1/3 3988/1/3
f 4006/2/3 3991/2/3 3990/2/3
f 4006/1/3 3990/1/3 4005/1/3
f 4007/4/3 3992/4/3 3991/4/3
f 4007/2/3 3991/2/3 4006/2/3
f 4008/4/3 3992/4/3 4007/4/3
f 4012/3/3 4009/3/3 4008/3/3
f 4013/1/3 4010/1/3 4009/1/3
f 4013/3/3 4009/3/3 4012/3/3
f 4014/3/3 4011/3/3 4010/3/3
f 4014/1/3 4010/1/3 4013/1/3
f 4015/3/3 4011/3/3 4014/3/3
f 4032/3/3 4017/3/3 4016/3/3
f 4033/1/3 4018/1/3 4017/1/3
f 4033/3/3 4017/3/3 4032/3/3
f 4034/1/3 4018/1/3 4033/1/3
f 4035/1/3 4018/1/3 4034/1/3
f 4036/2/3 4020/2/3 4019/2/3
f 4037/2/3 4020/2/3 4036/2/3
f 4038/2/3 4020/2/3 4037/2/3
f 4039/3/3 4021/3/3 4020/3/3
f 4039/2/3 4020/2/3 4038/2/3
f 4040/3/3 4021/3/3 4039/3/3
f 4041/1/3 4022/1/3 4021/1/3
f 4041/3/3 4021/3/3 4040/3/3
f 4042/3/3 4023/3/3 4022/3/3
f 4043/3/3 4023/3/3 4042/3/3
f 4044/4/3 4024/4/3 4023/4/3
f 4044/3/3 4023/3/3 4043/3/3
f 4045/4/3 4024/4/3 4044/4/3
f 4046/3/3 4025/3/3 4024/3/3
f 4046/4/3 4024/4/3 4045/4/3
f 4047/2/3 4026/2/3 4025/2/3
f 4047/3/3 4025/3/3 4046/3/3
f 4048/3/3 4027/3/3 4026/3/3
f 4048/2/3 4026/2/3 4047/2/3
f 4049/2/3 4028/2/3 4027/2/3
f 4049/3/3 4027/3/3 4048/3/3
f 4050/4/3 4029/4/3 4028/4/3
f 4050/2/3 4028/2/3 4049/2/3
f 4051/2/3 4030/2/3 4029/2/3
f 4051/4/3 4029/4/3 4050/4/3
f 4052/4/3 4031/4/3 4030/4/3
f 4052/2/3 4030/2/3 4051/2/3
f 4053/3/3 4032/3/3 4031/3/3
f 4053/4/3 4031/4/3 4052/4/3
f 4054/3/3 4032/3/3 4053/3/3
f 4055/3/3 4037/3/3 4036/3/3
f 4056/2/3 4038/2/3 4037/2/3
f 4056/3/3 4037/3/3 4055/3/3
f 4057/3/3 4039/3/3 4038/3/3
f 4057/2/3 4038/2/3 4056/2/3
f 4058/2/3 4040/2/3 4039/2/3
f 4058/3/3 4039/3/3 4057/3/3
f 4059/4/3 4041/4/3 4040/4/3
f 4059/2/3 4040/2/3 4058/2/3
f 4060/1/3 4022/1/3 4041/1/3
f 4060/4/3 4041/4/3 4059/4/3
f 4061/3/3 4042/3/3 4022/3/3
f 4061/1/3 4022/1/3 4060/1/3
f 4062/3/3 4042/3/3 4061/3/3
f 4063/1/3 4044/1/3 4043/1/3
f 4064/3/3 4045/3/3 4044/3/3
f 4064/1/3 4044/1/3 4063/1/3
f 4065/2/3 4046/2/3 4045/2/3
f 4065/3/3 4045/3/3 4064/3/3
f 4066/3/3 4047/3/3 4046/3/3
f 4066/2/3 4046/2/3 4065/2/3
f 4066/3/3 4048/3/3 4047/3/3
f 4066/3/3 4049/3/3 4048/3/3
f 4066/3/3 4050/3/3 4049/3/3
f 4067/3/3 4050/3/3 4066/3/3
f 4068/3/3 4050/3/3 4067/3/3
f 4069/2/3 4051/2/3 4050/2/3
f 4069/3/3 4050/3/3 4068/3/3
f 4070/1/3 4052/1/3 4051/1/3
f 4070/2/3 4051/2/3 4069/2/3
f 4071/3/3 4053/3/3 4052/3/3
f 4071/1/3 4052/1/3 4070/1/3
f 4071/3/3 4054/3/3 4053/3/3
f 4072/3/3 4054/3/3 4071/3/3
f 4073/3/3 4054/3/3 4072/3/3
f 4074/4/3 4056/4/3 4055/4/3
f 4075/2/3 4057/2/3 4056/2/3
f 4075/4/3 4056/4/3 4074/4/3
f 4076/4/3 4059/4/3 4058/4/3
f 4076/2/3 4057/2/3 4075/2/3
f 4076/4/3 4058/4/3 4057/4/3
f 4077/2/3 4060/2/3 4059/2/3
f 4077/4/3 4059/4/3 4076/4/3
f 4078/3/3 4063/3/3 4062/3/3
f 4078/2/3 4060/2/3 4077/2/3
f 4078/3/3 4061/3/3 4060/3/3
f 4078/3/3 4062/3/3 4061/3/3
f 4079/2/3 4064/2/3 4063/2/3
f 4079/3/3 4063/3/3 4078/3/3
f 4080/3/3 4065/3/3 4064/3/3
f 4080/2/3 4064/2/3 4079/2/3
f 4081/1/3 4066/1/3 4065/1/3
f 4081/3/3 4065/3/3 4080/3/3
f 4082/2/3 4067/2/3 4066/2/3
f 4082/1/3 4066/1/3 4081/1/3
f 4083/4/3 4068/4/3 4067/4/3
f 4083/2/3 4067/2/3 4082/2/3
f 4084/2/3 4069/2/3 4068/2/3
f 4084/4/3 4068/4/3 4083/4/3
f 4085/1/3 4070/1/3 4069/1/3
f 4085/2/3 4069/2/3 4084/2/3
f 4086/3/3 4071/3/3 4070/3/3
f 4086/1/3 4070/1/3 4085/1/3
f 4087/4/3 4072/4/3 4071/4/3
f 4087/3/3 4071/3/3 4086/3/3
f 4088/2/3 4073/2/3 4072/2/3
f 4088/4/3 4072/4/3 4087/4/3
f 4089/2/3 4073/2/3 4088/2/3
f 4093/2/3 4090/2/3 4089/2/3
f 4094/4/3 4091/4/3 4090/4/3
f 4094/2/3 4090/2/3 4093/2/3
f 4095/1/3 4092/1/3 4091/1/3
f 4095/4/3 4091/4/3 4094/4/3
f 4096/1/3 4092/1/3 4095/1/3
f 4099/4/3 4098/4/3 4097/4/3
f 4100/4/3 4098/4/3 4099/4/3
f 4103/2/3 4102/2/3 4101/2/3
f 4104/2/3 4102/2/3 4103/2/3
f 4107/1/3 4106/1/3 4105/1/3
f 4108/1/3 4106/1/3 4107/1/3
f 4111/3/3 4110/3/3 4109/3/3
f 4112/3/3 4110/3/3 4111/3/3
f 4115/4/3 4114/4/3 4113/4/3
f 4116/4/3 4114/4/3 4115/4/3
f 4119/4/3 4118/4/3 4117/4/3
f 4120/4/3 4118/4/3 4119/4/3
f 4121/3/3 4120/3/3 4119/3/3
f 4122/3/3 4120/3/3 4121/3/3
f 4125/2/3 4122/2/3 4121/2/3
f 4126/2/3 4122/2/3 4125/2/3
f 4127/2/3 4124/2/3 4123/2/3
f 4128/2/3 4124/2/3 4127/2/3
f 4129/3/3 4126/3/3 4125/3/3
f 4130/3/3 4126/3/3 4129/3/3
f 4131/4/3 4130/4/3 4129/4/3
f 4132/4/3 4130/4/3 4131/4/3
f 4133/4/3 4130/4/3 4132/4/3
f 4134/3/3 4133/3/3 4132/3/3
f 4135/3/3 4133/3/3 4134/3/3
f 4136/4/3 4135/4/3 4134/4/3
f 4137/4/3 4135/4/3 4136/4/3
f 4138/1/3 4137/1/3 4136/1/3
f 4139/1/3 4137/1/3 4138/1/3
f 4140/4/3 4139/4/3 4138/4/3
f 4141/4/3 4139/4/3 4140/4/3
f 4142/3/3 4141/3/3 4140/3/3
f 4143/3/3 4141/3/3 4142/3/3
f 4144/1/3 4143/1/3 4142/1/3
f 4145/1/3 4143/1/3 4144/1/3
f 4146/3/3 4145/3/3 4144/3/3
f 4147/3/3 4145/3/3 4146/3/3
f 4148/4/3 4147/4/3 4146/4/3
f 4149/4/3 4147/4/3 4148/4/3
f 4150/3/3 4149/3/3 4148/3/3
f 4151/3/3 4149/3/3 4150/3/3
f 4152/4/3 4151/4/3 4150/4/3
f 4153/4/3 4151/4/3 4152/4/3
f 4154/2/3 4153/2/3 4152/2/3
f 4155/2/3 4153/2/3 4154/2/3
f 4156/3/3 4155/3/3 4154/3/3
f 4157/3/3 4155/3/3 4156/3/3
f 4158/4/3 4157/4/3 4156/4/3
f 4161/4/3 4157/4/3 4158/4/3
f 4162/4/3 4157/4/3 4161/4/3
f 4163/2/3 4160/2/3 4159/2/3
f 4164/2/3 4160/2/3 4163/2/3
f 4165/1/3 4162/1/3 4161/1/3
f 4166/1/3 4162/1/3 4165/1/3
f 4167/3/3 4166/3/3 4165/3/3
f 4168/3/3 4166/3/3 4167/3/3
f 4169/1/3 4168/1/3 4167/1/3
f 4170/1/3 4168/1/3 4169/1/3
f 4171/4/3 4170/4/3 4169/4/3
f 4172/4/3 4170/4/3 4171/4/3
f 4173/1/3 4172/1/3 4171/1/3
f 4174/1/3 4172/1/3 4173/1/3
f 4177/1/3 4176/1/3 4175/1/3
f 4178/1/3 4176/1/3 4177/1/3
f 4181/4/3 4180/4/3 4179/4/3
f 4182/4/3 4180/4/3 4181/4/3
f 4185/3/3 4184/3/3 4183/3/3
f 4186/3/3 4184/3/3 4185/3/3
f 4189/1/3 4188/1/3 4187/1/3
f 4190/1/3 4188/1/3 4189/1/3
f 4193/4/3 4192/4/3 4191/4/3
f 4194/4/3 4192/4/3 4193/4/3
f 4197/2/3 4196/2/3 4195/2/3
f 4198/2/3 4196/2/3 4197/2/3
f 4201/2/3 4200/2/3 4199/2/3
f 4202/2/3 4200/2/3 4201/2/3
f 4205/2/3 4204/2/3 4203/2/3
f 4206/2/3 4204/2/3 4205/2/3
f 4209/4/3 4208/4/3 4207/4/3
f 4210/4/3 4208/4/3 4209/4/3
f 4213/1/3 4212/1/3 4211/1/3
f 4214/1/3 4212/1/3 4213/1/3
f 4217/3/3 4216/3/3 4215/3/3
f 4218/3/3 4216/3/3 4217/3/3
f 4221/4/3 4220/4/3 4219/4/3
f 4222/4/3 4220/4/3 4221/4/3
f 4225/1/3 4224/1/3 4223/1/3
f 4226/1/3 4224/1/3 4225/1/3
f 4227/2/3 4226/2/3 4225/2/3
f 4228/2/3 4226/2/3 4227/2/3
f 4229/4/3 4228/4/3 4227/4/3
f 4230/4/3 4228/4/3 4229/4/3
f 4231/2/3 4230/2/3 4229/2/3
f 4232/2/3 4230/2/3 4231/2/3
f 4233/3/3 4232/3/3 4231/3/3
f 4234/3/3 4232/3/3 4233/3/3
f 4235/1/3 4234/1/3 4233/1/3
f 4236/1/3 4234/1/3 4235/1/3
f 4237/3/3 4236/3/3 4235/3/3
f 4238/3/3 4236/3/3 4237/3/3
f 4239/1/3 4238/1/3 4237/1/3
f 4240/1/3 4238/1/3 4239/1/3
f 4241/3/3 4240/3/3 4239/3/3
f 4242/3/3 4240/3/3 4241/3/3
f 4243/4/3 4242/4/3 4241/4/3
f 4244/4/3 4242/4/3 4243/4/3
f 4245/3/3 4244/3/3 4243/3/3
f 4246/3/3 4244/3/3 4245/3/3
f 4247/1/3 4246/1/3 4245/1/3
f 4248/1/3 4246/1/3 4247/1/3
f 4249/3/3 4248/3/3 4247/3/3
f 4250/3/3 4248/3/3 4249/3/3
f 4251/1/3 4250/1/3 4249/1/3
f 4252/1/3 4250/1/3 4251/1/3
f 4253/2/3 4252/2/3 4251/2/3
f 4254/2/3 4252/2/3 4253/2/3
f 4255/3/3 4254/3/3 4253/3/3
f 4256/3/3 4254/3/3 4255/3/3
f 4257/4/3 4256/4/3 4255/4/3
f 4258/4/3 4256/4/3 4257/4/3
f 4259/1/3 4258/1/3 4257/1/3
f 4260/1/3 4258/1/3 4259/1/3
f 4261/4/3 4260/4/3 4259/4/3
f 4262/4/3 4260/4/3 4261/4/3
f 4263/2/3 4262/2/3 4261/2/3
f 4264/2/3 4262/2/3 4263/2/3
f 4267/1/3 4264/1/3 4263/1/3
f 4268/1/3 4264/1/3 4267/1/3
f 4269/2/3 4266/2/3 4265/2/3
f 4270/2/3 4266/2/3 4269/2/3
f 4271/4/3 4268/4/3 4267/4/3
f 4272/4/3 4268/4/3 4271/4/3
f 4273/3/3 4272/3/3 4271/3/3
f 4274/3/3 4272/3/3 4273/3/3
f 4275/3/3 4272/3/3 4274/3/3
f 4276/4/3 4275/4/3 4274/4/3
f 4277/4/3 4275/4/3 4276/4/3
f 4278/3/3 4277/3/3 4276/3/3
f 4279/3/3 4277/3/3 4278/3/3
f 4282/1/3 4281/1/3 4280/1/3
f 4283/1/3 4281/1/3 4282/1/3
f 4286/4/3 4285/4/3 4284/4/3
f 4287/4/3 4285/4/3 4286/4/3
f 4290/3/3 4289/3/3 4288/3/3
f 4291/3/3 4289/3/3 4290/3/3
f 4294/3/3 4293/3/3 4292/3/3
f 4295/3/3 4293/3/3 4294/3/3
f 4296/2/3 4295/2/3 4294/2/3
f 4297/2/3 4295/2/3 4296/2/3
f 4298/4/3 4297/4/3 4296/4/3
f 4299/4/3 4297/4/3 4298/4/3
f 4300/3/3 4299/3/3 4298/3/3
f 4301/3/3 4299/3/3 4300/3/3
f 4302/1/3 4301/1/3 4300/1/3
f 4303/1/3 4301/1/3 4302/1/3
f 4304/1/3 4301/1/3 4303/1/3
f 4305/2/3 4304/2/3 4303/2/3
f 4306/2/3 4304/2/3 4305/2/3
f 4307/1/3 4306/1/3 4305/1/3
f 4308/1/3 4306/1/3 4307/1/3
f 4309/3/3 4308/3/3 4307/3/3
f 4310/3/3 4308/3/3 4309/3/3
f 4311/2/3 4310/2/3 4309/2/3
f 4312/2/3 4310/2/3 4311/2/3
f 4313/1/3 4312/1/3 4311/1/3
f 4314/1/3 4312/1/3 4313/1/3
f 4315/2/3 4314/2/3 4313/2/3
f 4316/2/3 4314/2/3 4315/2/3
f 4317/1/3 4316/1/3 4315/1/3
f 4318/1/3 4316/1/3 4317/1/3
f 4319/3/3 4318/3/3 4317/3/3
f 4320/3/3 4318/3/3 4319/3/3
f 4321/1/3 4320/1/3 4319/1/3
f 4322/1/3 4320/1/3 4321/1/3
f 4323/3/3 4322/3/3 4321/3/3
f 4324/3/3 4322/3/3 4323/3/3
f 4325/1/3 4324/1/3 4323/1/3
f 4326/1/3 4324/1/3 4325/1/3
f 4327/3/3 4326/3/3 4325/3/3
f 4328/3/3 4326/3/3 4327/3/3
f 4329/2/3 4328/2/3 4327/2/3
f 4330/2/3 4328/2/3 4329/2/3
f 4331/4/3 4330/4/3 4329/4/3
f 4332/4/3 4330/4/3 4331/4/3
f 4333/4/3 4330/4/3 4332/4/3
f 4334/1/3 4333/1/3 4332/1/3
f 4335/1/3 4333/1/3 4334/1/3
f 4336/2/3 4335/2/3 4334/2/3
f 4337/2/3 4335/2/3 4336/2/3
f 4338/4/3 4337/4/3 4336/4/3
f 4339/4/3 4337/4/3 4338/4/3
f 4340/2/3 4339/2/3 4338/2/3
f 4341/2/3 4339/2/3 4340/2/3
f 4344/2/3 4343/2/3 4342/2/3
f 4345/2/3 4343/2/3 4344/2/3
f 4348/1/3 4347/1/3 4346/1/3
f 4349/1/3 4347/1/3 4348/1/3
f 4352/1/3 4351/1/3 4350/1/3
f 4353/1/3 4351/1/3 4352/1/3
f 4356/3/3 4355/3/3 4354/3/3
f 4357/3/3 4355/3/3 4356/3/3
f 4360/1/3 4359/1/3 4358/1/3
f 4361/1/3 4359/1/3 4360/1/3
f 4362/4/3 4361/4/3 4360/4/3
f 4363/4/3 4361/4/3 4362/4/3
f 4364/1/3 4363/1/3 4362/1/3
f 4365/1/3 4363/1/3 4364/1/3
f 4366/1/3 4363/1/3 4365/1/3
f 4367/4/3 4366/4/3 4365/4/3
f 4368/4/3 4366/4/3 4367/4/3
f 4369/3/3 4368/3/3 4367/3/3
f 4370/3/3 4368/3/3 4369/3/3
f 4371/2/3 4370/2/3 4369/2/3
f 4372/2/3 4370/2/3 4371/2/3
f 4373/4/3 4372/4/3 4371/4/3
f 4374/4/3 4372/4/3 4373/4/3
f 4375/2/3 4374/2/3 4373/2/3
f 4376/2/3 4374/2/3 4375/2/3
f 4377/4/3 4376/4/3 4375/4/3
f 4378/4/3 4376/4/3 4377/4/3
f 4379/2/3 4378/2/3 4377/2/3
f 4380/2/3 4378/2/3 4379/2/3
f 4381/4/3 4380/4/3 4379/4/3
f 4382/4/3 4380/4/3 4381/4/3
f 4383/2/3 4382/2/3 4381/2/3
f 4384/2/3 4382/2/3 4383/2/3
f 4385/1/3 4384/1/3 4383/1/3
f 4386/1/3 4384/1/3 4385/1/3
f 4387/4/3 4386/4/3 4385/4/3
f 4388/4/3 4386/4/3 4387/4/3
f 4389/3/3 4388/3/3 4387/3/3
f 4390/3/3 4388/3/3 4389/3/3
f 4391/1/3 4390/1/3 4389/1/3
f 4392/1/3 4390/1/3 4391/1/3
f 4393/3/3 4392/3/3 4391/3/3
f 4394/3/3 4392/3/3 4393/3/3
f 4395/4/3 4394/4/3 4393/4/3
f 4396/4/3 4394/4/3 4395/4/3
f 4397/1/3 4396/1/3 4395/1/3
f 4398/1/3 4396/1/3 4397/1/3
f 4399/4/3 4398/4/3 4397/4/3
f 4400/4/3 4398/4/3 4399/4/3
f 4401/3/3 4400/3/3 4399/3/3
f 4402/3/3 4400/3/3 4401/3/3
f 4405/1/3 4402/1/3 4401/1/3
f 4406/1/3 4402/1/3 4405/1/3
f 4407/2/3 4404/2/3 4403/2/3
f 4408/2/3 4404/2/3 4407/2/3
f 4409/4/3 4406/4/3 4405/4/3
f 4410/4/3 4406/4/3 4409/4/3
f 4411/3/3 4410/3/3 4409/3/3
f 4412/3/3 4410/3/3 4411/3/3
f 4413/4/3 4412/4/3 4411/4/3
f 4414/4/3 4412/4/3 4413/4/3
f 4415/2/3 4414/2/3 4413/2/3
f 4416/2/3 4414/2/3 4415/2/3
f 4419/4/3 4418/4/3 4417/4/3
f 4420/4/3 4418/4/3 4419/4/3
f 4423/3/3 4422/3/3 4421/3/3
f 4424/3/3 4422/3/3 4423/3/3
f 4427/1/3 4426/1/3 4425/1/3
f 4428/1/3 4426/1/3 4427/1/3
f 4432/2/3 4430/2/3 4429/2/3
f 4433/3/3 4431/3/3 4430/3/3
f 4433/2/3 4430/2/3 4432/2/3
f 4434/3/3 4431/3/3 4433/3/3
f 4437/4/3 4436/4/3 4435/4/3
f 4438/4/3 4436/4/3 4437/4/3
f 4441/2/3 4440/2/3 4439/2/3
f 4442/2/3 4440/2/3 4441/2/3
f 4445/1/3 4444/1/3 4443/1/3
f 4446/1/3 4444/1/3 4445/1/3
f 4450/3/3 4448/3/3 4447/3/3
f 4451/2/3 4449/2/3 4448/2/3
f 4451/3/3 4448/3/3 4450/3/3
f 4452/2/3 4449/2/3 4451/2/3
f 4455/2/3 4454/2/3 4453/2/3
f 4456/2/3 4454/2/3 4455/2/3
f 4459/3/3 4458/3/3 4457/3/3
f 4460/3/3 4458/3/3 4459/3/3
f 4463/3/3 4462/3/3 4461/3/3
f 4464/3/3 4462/3/3 4463/3/3
f 4467/3/3 4466/3/3 4465/3/3
f 4468/3/3 4466/3/3 4467/3/3
f 4474/3/3 4470/3/3 4469/3/3
f 4475/1/3 4471/1/3 4470/1/3
f 4475/3/3 4470/3/3 4474/3/3
f 4476/1/3 4471/1/3 4475/1/3
f 4477/3/3 4473/3/3 4472/3/3
f 4478/3/3 4473/3/3 4477/3/3
f 4479/2/3 4475/2/3 4474/2/3
f 4479/2/3 4476/2/3 4475/2/3
f 4480/2/3 4476/2/3 4479/2/3
f 4481/2/3 4476/2/3 4480/2/3
f 4482/4/3 4480/4/3 4479/4/3
f 4483/3/3 4481/3/3 4480/3/3
f 4483/4/3 4480/4/3 4482/4/3
f 4484/3/3 4481/3/3 4483/3/3
f 4490/2/3 4486/2/3 4485/2/3
f 4491/3/3 4487/3/3 4486/3/3
f 4491/2/3 4486/2/3 4490/2/3
f 4492/3/3 4487/3/3 4491/3/3
f 4493/4/3 4489/4/3 4488/4/3
f 4494/4/3 4489/4/3 4493/4/3
f 4495/3/3 4491/3/3 4490/3/3
f 4496/2/3 4492/2/3 4491/2/3
f 4496/3/3 4491/3/3 4495/3/3
f 4497/2/3 4492/2/3 4496/2/3
f 4498/4/3 4496/4/3 4495/4/3
f 4499/3/3 4497/3/3 4496/3/3
f 4499/4/3 4496/4/3 4498/4/3
f 4500/3/3 4497/3/3 4499/3/3
f 4503/3/3 4502/3/3 4501/3/3
f 4504/3/3 4502/3/3 4503/3/3
f 4508/4/3 4504/4/3 4503/4/3
f 4509/4/3 4504/4/3 4508/4/3
f 4527/1/3 4506/1/3 4505/1/3
f 4528/4/3 4507/4/3 4506/4/3
f 4528/1/3 4506/1/3 4527/1/3
f 4529/4/3 4507/4/3 4528/4/3
f 4530/4/3 4507/4/3 4529/4/3
f 4531/1/3 4509/1/3 4508/1/3
f 4532/3/3 4511/3/3 4510/3/3
f 4532/1/3 4512/1/3 4511/1/3
f 4533/4/3 4513/4/3 4512/4/3
f 4533/1/3 4512/1/3 4532/1/3
f 4534/1/3 4514/1/3 4513/1/3
f 4534/4/3 4513/4/3 4533/4/3
f 4535/4/3 4515/4/3 4514/4/3
f 4535/1/3 4514/1/3 4534/1/3
f 4536/2/3 4516/2/3 4515/2/3
f 4536/4/3 4515/4/3 4535/4/3
f 4537/1/3 4518/1/3 4517/1/3
f 4537/2/3 4519/2/3 4518/2/3
f 4538/1/3 4520/1/3 4519/1/3
f 4538/2/3 4519/2/3 4537/2/3
f 4539/2/3 4521/2/3 4520/2/3
f 4539/1/3 4520/1/3 4538/1/3
f 4540/4/3 4522/4/3 4521/4/3
f 4540/2/3 4521/2/3 4539/2/3
f 4541/2/3 4523/2/3 4522/2/3
f 4541/4/3 4522/4/3 4540/4/3
f 4542/4/3 4524/4/3 4523/4/3
f 4542/2/3 4523/2/3 4541/2/3
f 4543/4/3 4524/4/3 4542/4/3
f 4544/1/3 4525/1/3 4524/1/3
f 4544/4/3 4524/4/3 4543/4/3
f 4545/4/3 4526/4/3 4525/4/3
f 4545/1/3 4525/1/3 4544/1/3
f 4546/1/3 4527/1/3 4526/1/3
f 4546/4/3 4526/4/3 4545/4/3
f 4547/1/3 4527/1/3 4546/1/3
f 4548/1/3 4509/1/3 4531/1/3
f 4549/1/3 4509/1/3 4548/1/3
f 4550/2/3 4533/2/3 4532/2/3
f 4550/2/3 4534/2/3 4533/2/3
f 4550/2/3 4535/2/3 4534/2/3
f 4550/2/3 4536/2/3 4535/2/3
f 4551/2/3 4536/2/3 4550/2/3
f 4552/2/3 4536/2/3 4551/2/3
f 4553/2/3 4516/2/3 4536/2/3
f 4553/2/3 4536/2/3 4552/2/3
f 4554/4/3 4517/4/3 4516/4/3
f 4554/2/3 4516/2/3 4553/2/3
f 4555/1/3 4537/1/3 4517/1/3
f 4555/4/3 4517/4/3 4554/4/3
f 4555/1/3 4538/1/3 4537/1/3
f 4556/1/3 4538/1/3 4555/1/3
f 4557/4/3 4539/4/3 4538/4/3
f 4557/1/3 4538/1/3 4556/1/3
f 4558/3/3 4540/3/3 4539/3/3
f 4558/4/3 4539/4/3 4557/4/3
f 4559/3/3 4540/3/3 4558/3/3
f 4560/2/3 4542/2/3 4541/2/3
f 4560/2/3 4543/2/3 4542/2/3
f 4561/2/3 4543/2/3 4560/2/3
f 4562/4/3 4544/4/3 4543/4/3
f 4562/2/3 4543/2/3 4561/2/3
f 4563/4/3 4544/4/3 4562/4/3
f 4564/3/3 4545/3/3 4544/3/3
f 4564/4/3 4544/4/3 4563/4/3
f 4564/3/3 4546/3/3 4545/3/3
f 4565/3/3 4546/3/3 4564/3/3
f 4566/4/3 4547/4/3 4546/4/3
f 4566/3/3 4546/3/3 4565/3/3
f 4567/4/3 4547/4/3 4566/4/3
f 4568/2/3 4549/2/3 4548/2/3
f 4569/2/3 4549/2/3 4568/2/3
f 4570/3/3 4532/3/3 4510/3/3
f 4571/2/3 4550/2/3 4532/2/3
f 4571/3/3 4532/3/3 4570/3/3
f 4572/3/3 4551/3/3 4550/3/3
f 4572/2/3 4550/2/3 4571/2/3
f 4573/2/3 4552/2/3 4551/2/3
f 4573/3/3 4551/3/3 4572/3/3
f 4574/4/3 4553/4/3 4552/4/3
f 4574/2/3 4552/2/3 4573/2/3
f 4575/1/3 4554/1/3 4553/1/3
f 4575/4/3 4553/4/3 4574/4/3
f 4576/4/3 4555/4/3 4554/4/3
f 4576/1/3 4554/1/3 4575/1/3
f 4577/2/3 4556/2/3 4555/2/3
f 4577/4/3 4555/4/3 4576/4/3
f 4578/3/3 4557/3/3 4556/3/3
f 4578/2/3 4556/2/3 4577/2/3
f 4579/2/3 4558/2/3 4557/2/3
f 4579/3/3 4557/3/3 4578/3/3
f 4580/4/3 4559/4/3 4558/4/3
f 4580/2/3 4558/2/3 4579/2/3
f 4581/2/3 4560/2/3 4559/2/3
f 4581/4/3 4559/4/3 4580/4/3
f 4582/3/3 4561/3/3 4560/3/3
f 4582/2/3 4560/2/3 4581/2/3
f 4583/1/3 4562/1/3 4561/1/3
f 4583/3/3 4561/3/3 4582/3/3
f 4584/4/3 4563/4/3 4562/4/3
f 4584/1/3 4562/1/3 4583/1/3
f 4585/2/3 4564/2/3 4563/2/3
f 4585/4/3 4563/4/3 4584/4/3
f 4586/1/3 4565/1/3 4564/1/3
f 4586/2/3 4564/2/3 4585/2/3
f 4587/2/3 4566/2/3 4565/2/3
f 4587/1/3 4565/1/3 4586/1/3
f 4588/4/3 4567/4/3 4566/4/3
f 4588/2/3 4566/2/3 4587/2/3
f 4589/4/3 4567/4/3 4588/4/3
f 4593/3/3 4569/3/3 4568/3/3
f 4594/3/3 4569/3/3 4593/3/3
f 4595/1/3 4590/1/3 4589/1/3
f 4596/3/3 4591/3/3 4590/3/3
f 4596/1/3 4590/1/3 4595/1/3
f 4597/1/3 4592/1/3 4591/1/3
f 4597/3/3 4591/3/3 4596/3/3
f 4598/1/3 4592/1/3 4597/1/3
f 4599/2/3 4594/2/3 4593/2/3
f 4600/2/3 4594/2/3 4599/2/3
f 4601/1/3 4600/1/3 4599/1/3
f 4602/1/3 4600/1/3 4601/1/3
f 4603/4/3 4602/4/3 4601/4/3
f 4604/4/3 4602/4/3 4603/4/3
f 4605/1/3 4604/1/3 4603/1/3
f 4606/1/3 4604/1/3 4605/1/3
f 4607/3/3 4606/3/3 4605/3/3
f 4608/3/3 4606/3/3 4607/3/3
f 4609/2/3 4608/2/3 4607/2/3
f 4610/2/3 4608/2/3 4609/2/3
f 4611/3/3 4610/3/3 4609/3/3
f 4612/3/3 4610/3/3 4611/3/3
f 4613/1/3 4612/1/3 4611/1/3
f 4614/1/3 4612/1/3 4613/1/3
f 4615/3/3 4614/3/3 4613/3/3
f 4616/3/3 4614/3/3 4615/3/3
f 4617/1/3 4616/1/3 4615/1/3
f 4618/1/3 4616/1/3 4617/1/3
f 4619/3/3 4618/3/3 4617/3/3
f 4620/3/3 4618/3/3 4619/3/3
f 4621/4/3 4620/4/3 4619/4/3
f 4622/4/3 4620/4/3 4621/4/3
f 4623/2/3 4622/2/3 4621/2/3
f 4624/2/3 4622/2/3 4623/2/3
f 4625/3/3 4624/3/3 4623/3/3
f 4626/3/3 4624/3/3 4625/3/3
f 4627/2/3 4626/2/3 4625/2/3
f 4628/2/3 4626/2/3 4627/2/3
f 4632/3/3 4628/3/3 4627/3/3
f 4633/3/3 4628/3/3 4632/3/3
f 4647/3/3 4630/3/3 4629/3/3
f 4648/4/3 4631/4/3 4630/4/3
f 4648/3/3 4630/3/3 4647/3/3
f 4649/4/3 4631/4/3 4648/4/3
f 4650/4/3 4631/4/3 4649/4/3
f 4651/1/3 4633/1/3 4632/1/3
f 4652/1/3 4633/1/3 4651/1/3
f 4653/2/3 4635/2/3 4634/2/3
f 4654/3/3 4636/3/3 4635/3/3
f 4654/2/3 4635/2/3 4653/2/3
f 4655/3/3 4636/3/3 4654/3/3
f 4656/4/3 4637/4/3 4636/4/3
f 4656/3/3 4636/3/3 4655/3/3
f 4657/1/3 4638/1/3 4637/1/3
f 4657/4/3 4637/4/3 4656/4/3
f 4658/1/3 4638/1/3 4657/1/3
f 4659/4/3 4639/4/3 4638/4/3
f 4659/1/3 4638/1/3 4658/1/3
f 4660/2/3 4640/2/3 4639/2/3
f 4660/4/3 4639/4/3 4659/4/3
f 4661/1/3 4641/1/3 4640/1/3
f 4661/2/3 4640/2/3 4660/2/3
f 4662/2/3 4642/2/3 4641/2/3
f 4662/1/3 4641/1/3 4661/1/3
f 4663/3/3 4643/3/3 4642/3/3
f 4663/2/3 4642/2/3 4662/2/3
f 4664/3/3 4643/3/3 4663/3/3
f 4665/2/3 4644/2/3 4643/2/3
f 4665/3/3 4643/3/3 4664/3/3
f 4666/3/3 4645/3/3 4644/3/3
f 4666/2/3 4644/2/3 4665/2/3
f 4667/2/3 4646/2/3 4645/2/3
f 4667/3/3 4645/3/3 4666/3/3
f 4668/2/3 4646/2/3 4667/2/3
f 4669/3/3 4647/3/3 4646/3/3
f 4669/2/3 4646/2/3 4668/2/3
f 4670/3/3 4647/3/3 4669/3/3
f 4671/3/3 4647/3/3 4670/3/3
f 4672/2/3 4652/2/3 4651/2/3
f 4673/2/3 4652/2/3 4672/2/3
f 4674/4/3 4654/4/3 4653/4/3
f 4675/3/3 4655/3/3 4654/3/3
f 4675/4/3 4654/4/3 4674/4/3
f 4676/2/3 4658/2/3 4657/2/3
f 4676/3/3 4657/3/3 4656/3/3
f 4677/3/3 4659/3/3 4658/3/3
f 4677/2/3 4658/2/3 4676/2/3
f 4677/3/3 4660/3/3 4659/3/3
f 4678/3/3 4660/3/3 4677/3/3
f 4679/1/3 4661/1/3 4660/1/3
f 4679/3/3 4660/3/3 4678/3/3
f 4680/3/3 4662/3/3 4661/3/3
f 4680/1/3 4661/1/3 4679/1/3
f 4681/3/3 4662/3/3 4680/3/3
f 4682/2/3 4664/2/3 4663/2/3
f 4683/4/3 4665/4/3 4664/4/3
f 4683/2/3 4664/2/3 4682/2/3
f 4684/1/3 4666/1/3 4665/1/3
f 4684/4/3 4665/4/3 4683/4/3
f 4685/3/3 4667/3/3 4666/3/3
f 4685/1/3 4666/1/3 4684/1/3
f 4686/1/3 4668/1/3 4667/1/3
f 4686/3/3 4667/3/3 4685/3/3
f 4687/4/3 4669/4/3 4668/4/3
f 4687/1/3 4668/1/3 4686/1/3
f 4688/1/3 4670/1/3 4669/1/3
f 4688/4/3 4669/4/3 4687/4/3
f 4689/2/3 4671/2/3 4670/2/3
f 4689/1/3 4670/1/3 4688/1/3
f 4690/2/3 4671/2/3 4689/2/3
f 4691/1/3 4673/1/3 4672/1/3
f 4692/1/3 4673/1/3 4691/1/3
f 4693/2/3 4675/2/3 4674/2/3
f 4694/3/3 4655/3/3 4675/3/3
f 4694/2/3 4675/2/3 4693/2/3
f 4695/2/3 4656/2/3 4655/2/3
f 4695/3/3 4655/3/3 4694/3/3
f 4696/3/3 4676/3/3 4656/3/3
f 4696/2/3 4656/2/3 4695/2/3
f 4697/1/3 4678/1/3 4677/1/3
f 4697/3/3 4676/3/3 4696/3/3
f 4697/1/3 4677/1/3 4676/1/3
f 4698/3/3 4679/3/3 4678/3/3
f 4698/1/3 4678/1/3 4697/1/3
f 4699/2/3 4681/2/3 4680/2/3
f 4699/3/3 4679/3/3 4698/3/3
f 4699/2/3 4680/2/3 4679/2/3
f 4700/1/3 4682/1/3 4681/1/3
f 4700/2/3 4681/2/3 4699/2/3
f 4701/2/3 4683/2/3 4682/2/3
f 4701/1/3 4682/1/3 4700/1/3
f 4701/2/3 4684/2/3 4683/2/3
f 4702/1/3 4685/1/3 4684/1/3
f 4702/2/3 4684/2/3 4701/2/3
f 4703/4/3 4686/4/3 4685/4/3
f 4703/1/3 4685/1/3 4702/1/3
f 4704/3/3 4687/3/3 4686/3/3
f 4704/4/3 4686/4/3 4703/4/3
f 4705/4/3 4688/4/3 4687/4/3
f 4705/3/3 4687/3/3 4704/3/3
f 4705/4/3 4689/4/3 4688/4/3
f 4706/1/3 4690/1/3 4689/1/3
f 4706/4/3 4689/4/3 4705/4/3
f 4707/1/3 4690/1/3 4706/1/3
f 4711/3/3 4692/3/3 4691/3/3
f 4712/3/3 4692/3/3 4711/3/3
f 4713/2/3 4708/2/3 4707/2/3
f 4714/4/3 4709/4/3 4708/4/3
f 4714/2/3 4708/2/3 4713/2/3
f 4714/4/3 4710/4/3 4709/4/3
f 4715/4/3 4710/4/3 4714/4/3
f 4716/4/3 4712/4/3 4711/4/3
f 4717/4/3 4712/4/3 4716/4/3
f 4718/2/3 4717/2/3 4716/2/3
f 4719/2/3 4717/2/3 4718/2/3
f 4720/1/3 4719/1/3 4718/1/3
f 4721/1/3 4719/1/3 4720/1/3
f 4724/2/3 4723/2/3 4722/2/3
f 4725/2/3 4723/2/3 4724/2/3
f 4726/2/3 4723/2/3 4725/2/3
f 4730/1/3 4728/1/3 4727/1/3
f 4731/3/3 4729/3/3 4728/3/3
f 4731/1/3 4728/1/3 4730/1/3
f 4732/3/3 4729/3/3 4731/3/3
f 4736/2/3 4734/2/3 4733/2/3
f 4737/3/3 4735/3/3 4734/3/3
f 4737/2/3 4734/2/3 4736/2/3
f 4738/3/3 4735/3/3 4737/3/3
f 4742/3/3 4740/3/3 4739/3/3
f 4743/1/3 4741/1/3 4740/1/3
f 4743/3/3 4740/3/3 4742/3/3
f 4744/1/3 4741/1/3 4743/1/3
f 4745/2/4 4746/2/4 4747/2/4
f 4747/2/4 4746/2/4 4748/2/4
f 4747/1/4 4748/1/4 4749/1/4
f 4749/1/4 4748/1/4 4750/1/4
f 4750/1/4 4748/1/4 4751/1/4
f 4750/2/4 4751/2/4 4752/2/4
f 4752/2/4 4751/2/4 4753/2/4
f 4752/1/4 4753/1/4 4754/1/4
f 4754/1/4 4753/1/4 4755/1/4
f 4754/4/4 4755/4/4 4756/4/4
f 4756/4/4 4755/4/4 4757/4/4
f 4756/1/4 4757/1/4 4758/1/4
f 4758/1/4 4757/1/4 4759/1/4
f 4758/3/4 4759/3/4 4760/3/4
f 4760/3/4 4759/3/4 4761/3/4
f 4760/1/4 4761/1/4 4762/1/4
f 4762/1/4 4761/1/4 4763/1/4
f 4762/4/4 4763/4/4 4764/4/4
f 4764/4/4 4763/4/4 4765/4/4
f 4764/3/4 4765/3/4 4766/3/4
f 4766/3/4 4765/3/4 4767/3/4
f 4766/1/4 4767/1/4 4768/1/4
f 4768/1/4 4767/1/4 4769/1/4
f 4768/3/4 4769/3/4 4770/3/4
f 4770/3/4 4769/3/4 4771/3/4
f 4770/2/4 4771/2/4 4772/2/4
f 4772/2/4 4771/2/4 4773/2/4
f 4772/1/4 4773/1/4 4774/1/4
f 4774/1/4 4773/1/4 4775/1/4
f 4774/4/4 4775/4/4 4776/4/4
f 4776/4/4 4775/4/4 4777/4/4
f 4776/3/4 4777/3/4 4778/3/4
f 4778/3/4 4777/3/4 4779/3/4
f 4778/2/4 4779/2/4 4780/2/4
f 4780/2/4 4779/2/4 4781/2/4
f 4780/1/4 4781/1/4 4782/1/4
f 4782/1/4 4781/1/4 4783/1/4
f 4782/3/4 4783/3/4 4784/3/4
f 4784/3/4 4783/3/4 4785/3/4
f 4784/1/4 4785/1/4 4786/1/4
f 4786/1/4 4785/1/4 4787/1/4
f 4786/3/4 4787/3/4 4788/3/4
f 4788/3/4 4787/3/4 4789/3/4
f 4788/1/4 4789/1/4 4790/1/4
f 4790/1/4 4789/1/4 4791/1/4
f 4790/4/4 4791/4/4 4792/4/4
f 4792/4/4 4791/4/4 4793/4/4
f 4792/1/4 4793/1/4 4794/1/4
f 4794/1/4 4793/1/4 4795/1/4
f 4794/3/4 4795/3/4 4796/3/4
f 4796/3/4 4795/3/4 4797/3/4
f 4796/1/4 4797/1/4 4798/1/4
f 4798/1/4 4797/1/4 4799/1/4
f 4798/2/4 4799/2/4 4800/2/4
f 4800/2/4 4799/2/4 4801/2/4
f 4802/1/4 4803/1/4 4820/1/4
f 4803/3/4 4804/3/4 4821/3/4
f 4820/1/4 4803/1/4 4821/1/4
f 4804/4/4 4805/4/4 4822/4/4
f 4821/3/4 4804/3/4 4822/3/4
f 4822/4/4 4805/4/4 4823/4/4
f 4806/2/4 4807/2/4 4824/2/4
f 4807/3/4 4808/3/4 4824/3/4
f 4808/4/4 4809/4/4 4825/4/4
f 4824/3/4 4808/3/4 4825/3/4
f 4825/4/4 4809/4/4 4826/4/4
f 4809/1/4 4810/1/4 4827/1/4
f 4826/4/4 4809/4/4 4827/4/4
f 4810/2/4 4811/2/4 4828/2/4
f 4827/1/4 4810/1/4 4828/1/4
f 4828/2/4 4811/2/4 4829/2/4
f 4811/4/4 4812/4/4 4830/4/4
f 4812/2/4 4813/2/4 4830/2/4
f 4813/3/4 4814/3/4 4831/3/4
f 4830/2/4 4813/2/4 4831/2/4
f 4814/4/4 4815/4/4 4832/4/4
f 4831/3/4 4814/3/4 4832/3/4
f 4815/3/4 4816/3/4 4833/3/4
f 4832/4/4 4815/4/4 4833/4/4
f 4833/3/4 4816/3/4 4834/3/4
f 4834/3/4 4816/3/4 4835/3/4
f 4816/2/4 4817/2/4 4836/2/4
f 4817/4/4 4818/4/4 4837/4/4
f 4836/2/4 4817/2/4 4837/2/4
f 4818/3/4 4819/3/4 4838/3/4
f 4837/4/4 4818/4/4 4838/4/4
f 4819/1/4 4820/1/4 4839/1/4
f 4838/3/4 4819/3/4 4839/3/4
f 4839/1/4 4820/1/4 4840/1/4
f 4806/2/4 4824/2/4 4841/2/4
f 4824/1/4 4825/1/4 4842/1/4
f 4841/2/4 4824/2/4 4842/2/4
f 4825/2/4 4826/2/4 4843/2/4
f 4842/1/4 4825/1/4 4843/1/4
f 4826/3/4 4827/3/4 4844/3/4
f 4843/2/4 4826/2/4 4844/2/4
f 4827/2/4 4828/2/4 4845/2/4
f 4844/3/4 4827/3/4 4845/3/4
f 4828/3/4 4829/3/4 4846/3/4
f 4845/2/4 4828/2/4 4846/2/4
f 4829/2/4 4811/2/4 4847/2/4
f 4846/3/4 4829/3/4 4847/3/4
f 4811/4/4 4830/4/4 4848/4/4
f 4847/2/4 4811/2/4 4848/2/4
f 4830/3/4 4831/3/4 4849/3/4
f 4848/4/4 4830/4/4 4849/4/4
f 4831/1/4 4832/1/4 4850/1/4
f 4849/3/4 4831/3/4 4850/3/4
f 4850/1/4 4832/1/4 4851/1/4
f 4833/2/4 4834/2/4 4852/2/4
f 4834/4/4 4835/4/4 4853/4/4
f 4852/2/4 4834/2/4 4853/2/4
f 4835/3/4 4816/3/4 4854/3/4
f 4853/4/4 4835/4/4 4854/4/4
f 4816/2/4 4836/2/4 4855/2/4
f 4854/3/4 4816/3/4 4855/3/4
f 4836/4/4 4837/4/4 4856/4/4
f 4855/2/4 4836/2/4 4856/2/4
f 4837/4/4 4838/4/4 4856/4/4
f 4856/4/4 4838/4/4 4857/4/4
f 4838/1/4 4839/1/4 4858/1/4
f 4857/4/4 4838/4/4 4858/4/4
f 4839/3/4 4840/3/4 4859/3/4
f 4858/1/4 4839/1/4 4859/1/4
f 4859/3/4 4840/3/4 4860/3/4
f 4841/1/4 4842/1/4 4861/1/4
f 4842/3/4 4843/3/4 4862/3/4
f 4861/1/4 4842/1/4 4862/1/4
f 4843/4/4 4844/4/4 4863/4/4
f 4862/3/4 4843/3/4 4863/3/4
f 4844/3/4 4845/3/4 4864/3/4
f 4863/4/4 4844/4/4 4864/4/4
f 4845/1/4 4846/1/4 4865/1/4
f 4864/3/4 4845/3/4 4865/3/4
f 4846/3/4 4847/3/4 4866/3/4
f 4865/1/4 4846/1/4 4866/1/4
f 4847/1/4 4848/1/4 4867/1/4
f 4866/3/4 4847/3/4 4867/3/4
f 4848/2/4 4849/2/4 4868/2/4
f 4867/1/4 4848/1/4 4868/1/4
f 4849/4/4 4850/4/4 4869/4/4
f 4868/2/4 4849/2/4 4869/2/4
f 4850/1/4 4851/1/4 4870/1/4
f 4869/4/4 4850/4/4 4870/4/4
f 4851/2/4 4852/2/4 4871/2/4
f 4870/1/4 4851/1/4 4871/1/4
f 4852/1/4 4853/1/4 4872/1/4
f 4871/2/4 4852/2/4 4872/2/4
f 4853/2/4 4854/2/4 4873/2/4
f 4872/1/4 4853/1/4 4873/1/4
f 4854/4/4 4855/4/4 4874/4/4
f 4873/2/4 4854/2/4 4874/2/4
f 4855/4/4 4856/4/4 4874/4/4
f 4856/2/4 4857/2/4 4875/2/4
f 4874/4/4 4856/4/4 4875/4/4
f 4857/3/4 4858/3/4 4876/3/4
f 4875/2/4 4857/2/4 4876/2/4
f 4858/2/4 4859/2/4 4877/2/4
f 4876/3/4 4858/3/4 4877/3/4
f 4859/3/4 4860/3/4 4878/3/4
f 4877/2/4 4859/2/4 4878/2/4
f 4878/3/4 4860/3/4 4879/3/4
f 4879/4/4 4880/4/4 4883/4/4
f 4880/1/4 4881/1/4 4884/1/4
f 4883/4/4 4880/4/4 4884/4/4
f 4881/3/4 4882/3/4 4885/3/4
f 4884/1/4 4881/1/4 4885/1/4
f 4885/3/4 4882/3/4 4886/3/4
f 4887/2/4 4888/2/4 4905/2/4
f 4905/2/4 4888/2/4 4906/2/4
f 4888/1/4 4889/1/4 4907/1/4
f 4906/2/4 4888/2/4 4907/2/4
f 4907/1/4 4889/1/4 4908/1/4
f 4890/3/4 4891/3/4 4909/3/4
f 4891/1/4 4892/1/4 4910/1/4
f 4909/3/4 4891/3/4 4910/3/4
f 4892/2/4 4893/2/4 4911/2/4
f 4910/1/4 4892/1/4 4911/1/4
f 4893/1/4 4894/1/4 4912/1/4
f 4911/2/4 4893/2/4 4912/2/4
f 4894/4/4 4895/4/4 4913/4/4
f 4912/1/4 4894/1/4 4913/1/4
f 4895/2/4 4896/2/4 4914/2/4
f 4913/4/4 4895/4/4 4914/4/4
f 4896/3/4 4897/3/4 4915/3/4
f 4897/1/4 4898/1/4 4915/1/4
f 4898/4/4 4899/4/4 4916/4/4
f 4915/1/4 4898/1/4 4916/1/4
f 4899/2/4 4900/2/4 4917/2/4
f 4916/4/4 4899/4/4 4917/4/4
f 4917/2/4 4900/2/4 4918/2/4
f 4900/1/4 4901/1/4 4919/1/4
f 4918/2/4 4900/2/4 4919/2/4
f 4901/3/4 4902/3/4 4920/3/4
f 4919/1/4 4901/1/4 4920/1/4
f 4920/3/4 4902/3/4 4921/3/4
f 4921/3/4 4902/3/4 4922/3/4
f 4902/1/4 4903/1/4 4923/1/4
f 4922/3/4 4902/3/4 4923/3/4
f 4903/2/4 4904/2/4 4924/2/4
f 4923/1/4 4903/1/4 4924/1/4
f 4904/1/4 4905/1/4 4925/1/4
f 4924/2/4 4904/2/4 4925/2/4
f 4925/1/4 4905/1/4 4926/1/4
f 4909/4/4 4910/4/4 4927/4/4
f 4910/4/4 4911/4/4 4927/4/4
f 4911/4/4 4912/4/4 4927/4/4
f 4912/4/4 4913/4/4 4927/4/4
f 4927/4/4 4913/4/4 4928/4/4
f 4928/4/4 4913/4/4 4929/4/4
f 4929/4/4 4913/4/4 4930/4/4
f 4913/1/4 4914/1/4 4931/1/4
f 4930/4/4 4913/4/4 4931/4/4
f 4914/2/4 4896/2/4 4932/2/4
f 4931/1/4 4914/1/4 4932/1/4
f 4896/3/4 4915/3/4 4933/3/4
f 4932/2/4 4896/2/4 4933/2/4
f 4915/3/4 4916/3/4 4933/3/4
f 4933/3/4 4916/3/4 4934/3/4
f 4934/3/4 4916/3/4 4935/3/4
f 4917/4/4 4918/4/4 4936/4/4
f 4936/4/4 4918/4/4 4937/4/4
f 4920/3/4 4921/3/4 4938/3/4
f 4937/4/4 4918/4/4 4938/4/4
f 4918/3/4 4919/3/4 4938/3/4
f 4919/3/4 4920/3/4 4938/3/4
f 4938/3/4 4921/3/4 4939/3/4
f 4921/1/4 4922/1/4 4940/1/4
f 4939/3/4 4921/3/4 4940/3/4
f 4922/4/4 4923/4/4 4941/4/4
f 4940/1/4 4922/1/4 4941/1/4
f 4923/4/4 4924/4/4 4941/4/4
f 4924/4/4 4925/4/4 4941/4/4
f 4925/2/4 4926/2/4 4942/2/4
f 4941/4/4 4925/4/4 4942/4/4
f 4942/2/4 4926/2/4 4943/2/4
f 4927/2/4 4928/2/4 4944/2/4
f 4928/1/4 4929/1/4 4945/1/4
f 4944/2/4 4928/2/4 4945/2/4
f 4929/4/4 4930/4/4 4946/4/4
f 4945/1/4 4929/1/4 4946/1/4
f 4930/1/4 4931/1/4 4947/1/4
f 4946/4/4 4930/4/4 4947/4/4
f 4931/3/4 4932/3/4 4948/3/4
f 4947/1/4 4931/1/4 4948/1/4
f 4932/1/4 4933/1/4 4949/1/4
f 4948/3/4 4932/3/4 4949/3/4
f 4933/4/4 4934/4/4 4950/4/4
f 4949/1/4 4933/1/4 4950/1/4
f 4934/2/4 4935/2/4 4951/2/4
f 4950/4/4 4934/4/4 4951/4/4
f 4936/1/4 4937/1/4 4952/1/4
f 4951/2/4 4935/2/4 4952/2/4
f 4935/1/4 4936/1/4 4952/1/4
f 4937/3/4 4938/3/4 4953/3/4
f 4952/1/4 4937/1/4 4953/1/4
f 4938/2/4 4939/2/4 4954/2/4
f 4953/3/4 4938/3/4 4954/3/4
f 4939/4/4 4940/4/4 4955/4/4
f 4954/2/4 4939/2/4 4955/2/4
f 4940/3/4 4941/3/4 4956/3/4
f 4955/4/4 4940/4/4 4956/4/4
f 4942/3/4 4943/3/4 4956/3/4
f 4941/3/4 4942/3/4 4956/3/4
f 4956/3/4 4943/3/4 4957/3/4
f 4957/3/4 4958/3/4 4961/3/4
f 4959/4/4 4960/4/4 4962/4/4
f 4961/3/4 4958/3/4 4962/3/4
f 4958/4/4 4959/4/4 4962/4/4
f 4962/4/4 4960/4/4 4963/4/4
f 4964/2/4 4965/2/4 4969/2/4
f 4965/3/4 4966/3/4 4970/3/4
f 4969/2/4 4965/2/4 4970/2/4
f 4970/3/4 4966/3/4 4971/3/4
f 4967/2/4 4968/2/4 4972/2/4
f 4972/2/4 4968/2/4 4973/2/4
f 4969/4/4 4970/4/4 4974/4/4
f 4970/4/4 4971/4/4 4974/4/4
f 4974/4/4 4971/4/4 4975/4/4
f 4975/4/4 4971/4/4 4976/4/4
f 4974/2/4 4975/2/4 4977/2/4
f 4975/3/4 4976/3/4 4978/3/4
f 4977/2/4 4975/2/4 4978/2/4
f 4978/3/4 4976/3/4 4979/3/4
f 4980/1/4 4981/1/4 4985/1/4
f 4981/2/4 4982/2/4 4986/2/4
f 4985/1/4 4981/1/4 4986/1/4
f 4986/2/4 4982/2/4 4987/2/4
f 4983/4/4 4984/4/4 4988/4/4
f 4988/4/4 4984/4/4 4989/4/4
f 4985/4/4 4986/4/4 4990/4/4
f 4986/1/4 4987/1/4 4990/1/4
f 4990/1/4 4987/1/4 4991/1/4
f 4985/4/4 4990/4/4 4992/4/4
f 4990/2/4 4991/2/4 4993/2/4
f 4992/4/4 4990/4/4 4993/4/4
f 4993/2/4 4991/2/4 4994/2/4
f 4995/1/4 4996/1/4 4997/1/4
f 4997/1/4 4996/1/4 4998/1/4
f 4997/3/4 4998/3/4 4999/3/4
f 4999/3/4 4998/3/4 5000/3/4
f 5001/3/4 5002/3/4 5003/3/4
f 5003/3/4 5002/3/4 5004/3/4
f 4999/4/4 5000/4/4 5005/4/4
f 5005/4/4 5000/4/4 5006/4/4
f 5006/4/4 5000/4/4 5007/4/4
f 5007/4/4 5000/4/4 5008/4/4
f 5007/2/4 5008/2/4 5009/2/4
f 5009/2/4 5008/2/4 5010/2/4
f 5009/1/4 5010/1/4 5011/1/4
f 5011/1/4 5010/1/4 5012/1/4
f 5011/2/4 5012/2/4 5013/2/4
f 5013/2/4 5012/2/4 5014/2/4
f 5013/4/4 5014/4/4 5015/4/4
f 5015/4/4 5014/4/4 5016/4/4
f 5015/1/4 5016/1/4 5017/1/4
f 5017/1/4 5016/1/4 5018/1/4
f 5017/4/4 5018/4/4 5019/4/4
f 5019/4/4 5018/4/4 5020/4/4
f 5019/3/4 5020/3/4 5021/3/4
f 5021/3/4 5020/3/4 5022/3/4
f 5021/1/4 5022/1/4 5023/1/4
f 5023/1/4 5022/1/4 5024/1/4
f 5023/2/4 5024/2/4 5025/2/4
f 5025/2/4 5024/2/4 5026/2/4
f 5025/1/4 5026/1/4 5027/1/4
f 5027/1/4 5026/1/4 5028/1/4
f 5027/3/4 5028/3/4 5029/3/4
f 5029/3/4 5028/3/4 5030/3/4
f 5029/1/4 5030/1/4 5031/1/4
f 5031/1/4 5030/1/4 5032/1/4
f 5031/3/4 5032/3/4 5033/3/4
f 5033/3/4 5032/3/4 5034/3/4
f 5033/4/4 5034/4/4 5035/4/4
f 5035/4/4 5034/4/4 5036/4/4
f 5035/2/4 5036/2/4 5037/2/4
f 5037/2/4 5036/2/4 5038/2/4
f 5037/4/4 5038/4/4 5041/4/4
f 5041/4/4 5038/4/4 5042/4/4
f 5039/1/4 5040/1/4 5043/1/4
f 5043/1/4 5040/1/4 5044/1/4
f 5041/3/4 5042/3/4 5045/3/4
f 5045/3/4 5042/3/4 5046/3/4
f 5045/1/4 5046/1/4 5047/1/4
f 5047/1/4 5046/1/4 5048/1/4
f 5047/4/4 5048/4/4 5049/4/4
f 5049/4/4 5048/4/4 5050/4/4
f 5049/2/4 5050/2/4 5051/2/4
f 5051/2/4 5050/2/4 5052/2/4
f 5051/1/4 5052/1/4 5053/1/4
f 5053/1/4 5052/1/4 5054/1/4
f 5055/1/4 5056/1/4 5058/1/4
f 5056/4/4 5057/4/4 5059/4/4
f 5058/1/4 5056/1/4 5059/1/4
f 5059/4/4 5057/4/4 5060/4/4
f 5061/4/4 5062/4/4 5063/4/4
f 5063/4/4 5062/4/4 5064/4/4
f 5065/3/4 5066/3/4 5067/3/4
f 5067/3/4 5066/3/4 5068/3/4
f 5069/3/4 5070/3/4 5071/3/4
f 5071/3/4 5070/3/4 5072/3/4
f 5073/2/4 5074/2/4 5075/2/4
f 5075/2/4 5074/2/4 5076/2/4
f 5077/3/4 5078/3/4 5079/3/4
f 5079/3/4 5078/3/4 5080/3/4
f 5081/4/4 5082/4/4 5083/4/4
f 5083/4/4 5082/4/4 5084/4/4
f 5085/1/4 5086/1/4 5087/1/4
f 5087/1/4 5086/1/4 5088/1/4
f 5089/3/4 5090/3/4 5092/3/4
f 5090/2/4 5091/2/4 5093/2/4
f 5092/3/4 5090/3/4 5093/3/4
f 5093/2/4 5091/2/4 5094/2/4
f 5095/3/4 5096/3/4 5097/3/4
f 5097/3/4 5096/3/4 5098/3/4
f 5099/2/4 5100/2/4 5101/2/4
f 5101/2/4 5100/2/4 5102/2/4
f 5103/1/4 5104/1/4 5105/1/4
f 5105/1/4 5104/1/4 5106/1/4
f 5107/2/4 5108/2/4 5109/2/4
f 5109/2/4 5108/2/4 5110/2/4
f 5111/2/4 5112/2/4 5113/2/4
f 5113/2/4 5112/2/4 5114/2/4
f 5115/4/4 5116/4/4 5117/4/4
f 5117/4/4 5116/4/4 5118/4/4
f 5117/3/4 5118/3/4 5119/3/4
f 5119/3/4 5118/3/4 5120/3/4
f 5119/1/4 5120/1/4 5121/1/4
f 5121/1/4 5120/1/4 5122/1/4
f 5122/1/4 5120/1/4 5123/1/4
f 5122/2/4 5123/2/4 5124/2/4
f 5124/2/4 5123/2/4 5125/2/4
f 5124/3/4 5125/3/4 5126/3/4
f 5126/3/4 5125/3/4 5127/3/4
f 5126/4/4 5127/4/4 5128/4/4
f 5128/4/4 5127/4/4 5129/4/4
f 5128/2/4 5129/2/4 5130/2/4
f 5130/2/4 5129/2/4 5131/2/4
f 5130/3/4 5131/3/4 5132/3/4
f 5132/3/4 5131/3/4 5133/3/4
f 5132/1/4 5133/1/4 5134/1/4
f 5134/1/4 5133/1/4 5135/1/4
f 5134/3/4 5135/3/4 5136/3/4
f 5136/3/4 5135/3/4 5137/3/4
f 5136/1/4 5137/1/4 5138/1/4
f 5138/1/4 5137/1/4 5139/1/4
f 5138/4/4 5139/4/4 5140/4/4
f 5140/4/4 5139/4/4 5141/4/4
f 5140/3/4 5141/3/4 5142/3/4
f 5142/3/4 5141/3/4 5143/3/4
f 5142/2/4 5143/2/4 5144/2/4
f 5144/2/4 5143/2/4 5145/2/4
f 5144/1/4 5145/1/4 5146/1/4
f 5146/1/4 5145/1/4 5147/1/4
f 5146/2/4 5147/2/4 5148/2/4
f 5148/2/4 5147/2/4 5149/2/4
f 5148/4/4 5149/4/4 5150/4/4
f 5150/4/4 5149/4/4 5151/4/4
f 5150/3/4 5151/3/4 5152/3/4
f 5152/3/4 5151/3/4 5153/3/4
f 5152/1/4 5153/1/4 5154/1/4
f 5154/1/4 5153/1/4 5155/1/4
f 5154/2/4 5155/2/4 5158/2/4
f 5156/2/4 5157/2/4 5159/2/4
f 5159/2/4 5157/2/4 5160/2/4
f 5158/2/4 5155/2/4 5161/2/4
f 5161/2/4 5155/2/4 5162/2/4
f 5162/2/4 5155/2/4 5163/2/4
f 5162/1/4 5163/1/4 5164/1/4
f 5164/1/4 5163/1/4 5165/1/4
f 5164/2/4 5165/2/4 5166/2/4
f 5166/2/4 5165/2/4 5167/2/4
f 5166/1/4 5167/1/4 5168/1/4
f 5168/1/4 5167/1/4 5169/1/4
f 5170/2/4 5171/2/4 5172/2/4
f 5172/2/4 5171/2/4 5173/2/4
f 5174/3/4 5175/3/4 5176/3/4
f 5176/3/4 5175/3/4 5177/3/4
f 5178/4/4 5179/4/4 5180/4/4
f 5180/4/4 5179/4/4 5181/4/4
f 5182/1/4 5183/1/4 5184/1/4
f 5184/1/4 5183/1/4 5185/1/4
f 5186/2/4 5187/2/4 5188/2/4
f 5188/2/4 5187/2/4 5189/2/4
f 5190/4/4 5191/4/4 5192/4/4
f 5192/4/4 5191/4/4 5193/4/4
f 5194/1/4 5195/1/4 5196/1/4
f 5196/1/4 5195/1/4 5197/1/4
f 5196/4/4 5197/4/4 5198/4/4
f 5198/4/4 5197/4/4 5199/4/4
f 5199/4/4 5197/4/4 5200/4/4
f 5200/4/4 5197/4/4 5201/4/4
f 5200/1/4 5201/1/4 5202/1/4
f 5202/1/4 5201/1/4 5203/1/4
f 5202/2/4 5203/2/4 5204/2/4
f 5204/2/4 5203/2/4 5205/2/4
f 5204/3/4 5205/3/4 5206/3/4
f 5206/3/4 5205/3/4 5207/3/4
f 5206/4/4 5207/4/4 5208/4/4
f 5208/4/4 5207/4/4 5209/4/4
f 5208/2/4 5209/2/4 5210/2/4
f 5210/2/4 5209/2/4 5211/2/4
f 5210/1/4 5211/1/4 5212/1/4
f 5212/1/4 5211/1/4 5213/1/4
f 5212/3/4 5213/3/4 5214/3/4
f 5214/3/4 5213/3/4 5215/3/4
f 5214/2/4 5215/2/4 5216/2/4
f 5216/2/4 5215/2/4 5217/2/4
f 5216/3/4 5217/3/4 5218/3/4
f 5218/3/4 5217/3/4 5219/3/4
f 5218/4/4 5219/4/4 5220/4/4
f 5220/4/4 5219/4/4 5221/4/4
f 5220/1/4 5221/1/4 5222/1/4
f 5222/1/4 5221/1/4 5223/1/4
f 5222/4/4 5223/4/4 5224/4/4
f 5224/4/4 5223/4/4 5225/4/4
f 5224/3/4 5225/3/4 5226/3/4
f 5226/3/4 5225/3/4 5227/3/4
f 5226/4/4 5227/4/4 5228/4/4
f 5228/4/4 5227/4/4 5229/4/4
f 5228/1/4 5229/1/4 5230/1/4
f 5230/1/4 5229/1/4 5231/1/4
f 5230/4/4 5231/4/4 5232/4/4
f 5232/4/4 5231/4/4 5233/4/4
f 5232/2/4 5233/2/4 5234/2/4
f 5234/2/4 5233/2/4 5235/2/4
f 5234/1/4 5235/1/4 5236/1/4
f 5236/1/4 5235/1/4 5237/1/4
f 5236/3/4 5237/3/4 5240/3/4
f 5240/3/4 5237/3/4 5241/3/4
f 5238/3/4 5239/3/4 5242/3/4
f 5242/3/4 5239/3/4 5243/3/4
f 5240/2/4 5241/2/4 5244/2/4
f 5244/2/4 5241/2/4 5245/2/4
f 5244/4/4 5245/4/4 5246/4/4
f 5246/4/4 5245/4/4 5247/4/4
f 5246/3/4 5247/3/4 5248/3/4
f 5248/3/4 5247/3/4 5249/3/4
f 5248/1/4 5249/1/4 5250/1/4
f 5250/1/4 5249/1/4 5251/1/4
f 5250/4/4 5251/4/4 5252/4/4
f 5252/4/4 5251/4/4 5253/4/4
f 5254/3/4 5255/3/4 5256/3/4
f 5256/3/4 5255/3/4 5257/3/4
f 5258/3/4 5259/3/4 5260/3/4
f 5260/3/4 5259/3/4 5261/3/4
f 5262/2/4 5263/2/4 5264/2/4
f 5264/2/4 5263/2/4 5265/2/4
f 5266/1/4 5267/1/4 5268/1/4
f 5268/1/4 5267/1/4 5269/1/4
f 5270/3/4 5271/3/4 5272/3/4
f 5272/3/4 5271/3/4 5273/3/4
f 5274/1/4 5275/1/4 5276/1/4
f 5276/1/4 5275/1/4 5277/1/4
f 5278/1/4 5279/1/4 5280/1/4
f 5280/1/4 5279/1/4 5281/1/4
f 5282/4/4 5283/4/4 5284/4/4
f 5284/4/4 5283/4/4 5285/4/4
f 5286/4/4 5287/4/4 5288/4/4
f 5288/4/4 5287/4/4 5289/4/4
f 5290/2/4 5291/2/4 5292/2/4
f 5292/2/4 5291/2/4 5293/2/4
f 5294/2/4 5295/2/4 5296/2/4
f 5296/2/4 5295/2/4 5297/2/4
f 5298/1/4 5299/1/4 5300/1/4
f 5300/1/4 5299/1/4 5301/1/4
f 5302/2/4 5303/2/4 5304/2/4
f 5304/2/4 5303/2/4 5305/2/4
f 5304/3/4 5305/3/4 5306/3/4
f 5306/3/4 5305/3/4 5307/3/4
f 5306/4/4 5307/4/4 5310/4/4
f 5308/4/4 5309/4/4 5311/4/4
f 5311/4/4 5309/4/4 5312/4/4
f 5310/4/4 5307/4/4 5313/4/4
f 5313/4/4 5307/4/4 5314/4/4
f 5313/3/4 5314/3/4 5315/3/4
f 5315/3/4 5314/3/4 5316/3/4
f 5315/4/4 5316/4/4 5317/4/4
f 5317/4/4 5316/4/4 5318/4/4
f 5317/1/4 5318/1/4 5319/1/4
f 5319/1/4 5318/1/4 5320/1/4
f 5319/3/4 5320/3/4 5321/3/4
f 5321/3/4 5320/3/4 5322/3/4
f 5321/4/4 5322/4/4 5323/4/4
f 5323/4/4 5322/4/4 5324/4/4
f 5323/2/4 5324/2/4 5325/2/4
f 5325/2/4 5324/2/4 5326/2/4
f 5325/1/4 5326/1/4 5327/1/4
f 5327/1/4 5326/1/4 5328/1/4
f 5327/3/4 5328/3/4 5329/3/4
f 5329/3/4 5328/3/4 5330/3/4
f 5329/1/4 5330/1/4 5331/1/4
f 5331/1/4 5330/1/4 5332/1/4
f 5331/2/4 5332/2/4 5333/2/4
f 5333/2/4 5332/2/4 5334/2/4
f 5333/4/4 5334/4/4 5335/4/4
f 5335/4/4 5334/4/4 5336/4/4
f 5335/2/4 5336/2/4 5337/2/4
f 5337/2/4 5336/2/4 5338/2/4
f 5337/3/4 5338/3/4 5339/3/4
f 5339/3/4 5338/3/4 5340/3/4
f 5339/1/4 5340/1/4 5341/1/4
f 5341/1/4 5340/1/4 5342/1/4
f 5341/2/4 5342/2/4 5343/2/4
f 5343/2/4 5342/2/4 5344/2/4
f 5343/4/4 5344/4/4 5345/4/4
f 5345/4/4 5344/4/4 5346/4/4
f 5345/2/4 5346/2/4 5347/2/4
f 5347/2/4 5346/2/4 5348/2/4
f 5347/3/4 5348/3/4 5349/3/4
f 5349/3/4 5348/3/4 5350/3/4
f 5349/2/4 5350/2/4 5351/2/4
f 5351/2/4 5350/2/4 5352/2/4
f 5351/3/4 5352/3/4 5353/3/4
f 5353/3/4 5352/3/4 5354/3/4
f 5353/4/4 5354/4/4 5355/4/4
f 5355/4/4 5354/4/4 5356/4/4
f 5357/1/4 5358/1/4 5359/1/4
f 5359/1/4 5358/1/4 5360/1/4
f 5361/3/4 5362/3/4 5363/3/4
f 5363/3/4 5362/3/4 5364/3/4
f 5365/1/4 5366/1/4 5367/1/4
f 5367/1/4 5366/1/4 5368/1/4
f 5369/1/4 5370/1/4 5371/1/4
f 5371/1/4 5370/1/4 5372/1/4
f 5373/1/4 5374/1/4 5392/1/4
f 5374/2/4 5375/2/4 5393/2/4
f 5392/1/4 5374/1/4 5393/1/4
f 5375/3/4 5376/3/4 5394/3/4
f 5393/2/4 5375/2/4 5394/2/4
f 5394/3/4 5376/3/4 5395/3/4
f 5377/1/4 5378/1/4 5396/1/4
f 5378/2/4 5379/2/4 5397/2/4
f 5396/1/4 5378/1/4 5397/1/4
f 5379/3/4 5380/3/4 5398/3/4
f 5397/2/4 5379/2/4 5398/2/4
f 5380/4/4 5381/4/4 5399/4/4
f 5398/3/4 5380/3/4 5399/3/4
f 5399/4/4 5381/4/4 5400/4/4
f 5400/4/4 5381/4/4 5401/4/4
f 5383/3/4 5384/3/4 5402/3/4
f 5384/1/4 5385/1/4 5402/1/4
f 5402/1/4 5385/1/4 5403/1/4
f 5403/1/4 5385/1/4 5404/1/4
f 5385/3/4 5386/3/4 5405/3/4
f 5404/1/4 5385/1/4 5405/1/4
f 5386/4/4 5387/4/4 5406/4/4
f 5405/3/4 5386/3/4 5406/3/4
f 5387/3/4 5388/3/4 5407/3/4
f 5406/4/4 5387/4/4 5407/4/4
f 5388/4/4 5389/4/4 5408/4/4
f 5407/3/4 5388/3/4 5408/3/4
f 5389/3/4 5390/3/4 5409/3/4
f 5408/4/4 5389/4/4 5409/4/4
f 5390/2/4 5391/2/4 5410/2/4
f 5409/3/4 5390/3/4 5410/3/4
f 5391/1/4 5392/1/4 5411/1/4
f 5410/2/4 5391/2/4 5411/2/4
f 5411/1/4 5392/1/4 5412/1/4
f 5396/4/4 5397/4/4 5413/4/4
f 5397/3/4 5398/3/4 5414/3/4
f 5413/4/4 5397/4/4 5414/4/4
f 5398/2/4 5399/2/4 5415/2/4
f 5414/3/4 5398/3/4 5415/3/4
f 5399/3/4 5400/3/4 5416/3/4
f 5415/2/4 5399/2/4 5416/2/4
f 5400/2/4 5401/2/4 5417/2/4
f 5416/3/4 5400/3/4 5417/3/4
f 5401/4/4 5381/4/4 5418/4/4
f 5417/2/4 5401/2/4 5418/2/4
f 5381/3/4 5382/3/4 5419/3/4
f 5418/4/4 5381/4/4 5419/4/4
f 5382/4/4 5383/4/4 5420/4/4
f 5383/3/4 5402/3/4 5420/3/4
f 5402/4/4 5403/4/4 5421/4/4
f 5420/3/4 5402/3/4 5421/3/4
f 5421/4/4 5403/4/4 5422/4/4
f 5404/4/4 5405/4/4 5423/4/4
f 5405/2/4 5406/2/4 5424/2/4
f 5423/4/4 5405/4/4 5424/4/4
f 5406/3/4 5407/3/4 5425/3/4
f 5424/2/4 5406/2/4 5425/2/4
f 5407/3/4 5408/3/4 5425/3/4
f 5408/1/4 5409/1/4 5426/1/4
f 5425/3/4 5408/3/4 5426/3/4
f 5409/2/4 5410/2/4 5427/2/4
f 5426/1/4 5409/1/4 5427/1/4
f 5410/4/4 5411/4/4 5428/4/4
f 5427/2/4 5410/2/4 5428/2/4
f 5411/2/4 5412/2/4 5429/2/4
f 5428/4/4 5411/4/4 5429/4/4
f 5413/1/4 5414/1/4 5430/1/4
f 5417/2/4 5418/2/4 5431/2/4
f 5430/1/4 5414/1/4 5431/1/4
f 5416/2/4 5417/2/4 5431/2/4
f 5415/2/4 5416/2/4 5431/2/4
f 5414/2/4 5415/2/4 5431/2/4
f 5418/3/4 5419/3/4 5432/3/4
f 5431/2/4 5418/2/4 5432/2/4
f 5419/3/4 5382/3/4 5433/3/4
f 5432/3/4 5419/3/4 5433/3/4
f 5382/4/4 5420/4/4 5433/4/4
f 5420/1/4 5421/1/4 5434/1/4
f 5433/4/4 5420/4/4 5434/4/4
f 5421/4/4 5422/4/4 5435/4/4
f 5434/1/4 5421/1/4 5435/1/4
f 5422/4/4 5423/4/4 5435/4/4
f 5424/3/4 5425/3/4 5436/3/4
f 5435/4/4 5423/4/4 5436/4/4
f 5423/3/4 5424/3/4 5436/3/4
f 5425/2/4 5426/2/4 5437/2/4
f 5436/3/4 5425/3/4 5437/3/4
f 5426/1/4 5427/1/4 5438/1/4
f 5437/2/4 5426/2/4 5438/2/4
f 5427/4/4 5428/4/4 5439/4/4
f 5438/1/4 5427/1/4 5439/1/4
f 5428/1/4 5429/1/4 5440/1/4
f 5439/4/4 5428/4/4 5440/4/4
f 5429/2/4 5412/2/4 5441/2/4
f 5440/1/4 5429/1/4 5441/1/4
f 5441/2/4 5412/2/4 5442/2/4
f 5442/1/4 5443/1/4 5446/1/4
f 5443/4/4 5444/4/4 5447/4/4
f 5446/1/4 5443/1/4 5447/1/4
f 5444/3/4 5445/3/4 5448/3/4
f 5447/4/4 5444/4/4 5448/4/4
f 5448/3/4 5445/3/4 5449/3/4
f 5450/1/4 5451/1/4 5470/1/4
f 5451/4/4 5452/4/4 5471/4/4
f 5470/1/4 5451/1/4 5471/1/4
f 5452/2/4 5453/2/4 5472/2/4
f 5471/4/4 5452/4/4 5472/4/4
f 5472/2/4 5453/2/4 5473/2/4
f 5454/1/4 5455/1/4 5474/1/4
f 5455/2/4 5456/2/4 5474/2/4
f 5456/1/4 5457/1/4 5475/1/4
f 5474/2/4 5456/2/4 5475/2/4
f 5457/4/4 5458/4/4 5476/4/4
f 5475/1/4 5457/1/4 5476/1/4
f 5458/3/4 5459/3/4 5477/3/4
f 5476/4/4 5458/4/4 5477/4/4
f 5460/1/4 5461/1/4 5478/1/4
f 5461/3/4 5462/3/4 5478/3/4
f 5462/2/4 5463/2/4 5479/2/4
f 5478/3/4 5462/3/4 5479/3/4
f 5463/1/4 5464/1/4 5480/1/4
f 5479/2/4 5463/2/4 5480/2/4
f 5480/1/4 5464/1/4 5481/1/4
f 5464/3/4 5465/3/4 5482/3/4
f 5481/1/4 5464/1/4 5482/1/4
f 5465/4/4 5466/4/4 5483/4/4
f 5482/3/4 5465/3/4 5483/3/4
f 5466/2/4 5467/2/4 5484/2/4
f 5483/4/4 5466/4/4 5484/4/4
f 5467/1/4 5468/1/4 5485/1/4
f 5484/2/4 5467/2/4 5485/2/4
f 5485/1/4 5468/1/4 5486/1/4
f 5468/3/4 5469/3/4 5487/3/4
f 5486/1/4 5468/1/4 5487/1/4
f 5487/3/4 5469/3/4 5488/3/4
f 5469/2/4 5470/2/4 5489/2/4
f 5488/3/4 5469/3/4 5489/3/4
f 5489/2/4 5470/2/4 5490/2/4
f 5454/1/4 5474/1/4 5491/1/4
f 5474/4/4 5475/4/4 5491/4/4
f 5475/2/4 5476/2/4 5492/2/4
f 5491/4/4 5475/4/4 5492/4/4
f 5476/2/4 5477/2/4 5492/2/4
f 5477/3/4 5459/3/4 5493/3/4
f 5492/2/4 5477/2/4 5493/2/4
f 5459/2/4 5460/2/4 5494/2/4
f 5493/3/4 5459/3/4 5494/3/4
f 5460/1/4 5478/1/4 5495/1/4
f 5494/2/4 5460/2/4 5495/2/4
f 5495/1/4 5478/1/4 5496/1/4
f 5479/2/4 5480/2/4 5497/2/4
f 5480/3/4 5481/3/4 5498/3/4
f 5497/2/4 5480/2/4 5498/2/4
f 5481/2/4 5482/2/4 5499/2/4
f 5498/3/4 5481/3/4 5499/3/4
f 5483/1/4 5484/1/4 5500/1/4
f 5499/2/4 5482/2/4 5500/2/4
f 5482/1/4 5483/1/4 5500/1/4
f 5484/1/4 5485/1/4 5500/1/4
f 5500/1/4 5485/1/4 5501/1/4
f 5485/4/4 5486/4/4 5502/4/4
f 5501/1/4 5485/1/4 5502/1/4
f 5486/1/4 5487/1/4 5503/1/4
f 5502/4/4 5486/4/4 5503/4/4
f 5487/4/4 5488/4/4 5504/4/4
f 5503/1/4 5487/1/4 5504/1/4
f 5488/3/4 5489/3/4 5505/3/4
f 5504/4/4 5488/4/4 5505/4/4
f 5489/1/4 5490/1/4 5506/1/4
f 5505/3/4 5489/3/4 5506/3/4
f 5506/1/4 5490/1/4 5507/1/4
f 5454/1/4 5491/1/4 5508/1/4
f 5491/1/4 5492/1/4 5508/1/4
f 5492/4/4 5493/4/4 5509/4/4
f 5508/1/4 5492/1/4 5509/1/4
f 5493/1/4 5494/1/4 5510/1/4
f 5509/4/4 5493/4/4 5510/4/4
f 5494/3/4 5495/3/4 5511/3/4
f 5510/1/4 5494/1/4 5511/1/4
f 5495/1/4 5496/1/4 5512/1/4
f 5511/3/4 5495/3/4 5512/3/4
f 5496/3/4 5497/3/4 5513/3/4
f 5512/1/4 5496/1/4 5513/1/4
f 5497/3/4 5498/3/4 5513/3/4
f 5498/4/4 5499/4/4 5514/4/4
f 5513/3/4 5498/3/4 5514/3/4
f 5499/2/4 5500/2/4 5515/2/4
f 5514/4/4 5499/4/4 5515/4/4
f 5500/3/4 5501/3/4 5516/3/4
f 5515/2/4 5500/2/4 5516/2/4
f 5501/1/4 5502/1/4 5517/1/4
f 5516/3/4 5501/3/4 5517/3/4
f 5502/3/4 5503/3/4 5518/3/4
f 5517/1/4 5502/1/4 5518/1/4
f 5503/2/4 5504/2/4 5519/2/4
f 5518/3/4 5503/3/4 5519/3/4
f 5504/3/4 5505/3/4 5520/3/4
f 5519/2/4 5504/2/4 5520/2/4
f 5505/1/4 5506/1/4 5521/1/4
f 5520/3/4 5505/3/4 5521/3/4
f 5506/2/4 5507/2/4 5522/2/4
f 5521/1/4 5506/1/4 5522/1/4
f 5522/2/4 5507/2/4 5523/2/4
f 5523/3/4 5524/3/4 5527/3/4
f 5525/1/4 5526/1/4 5528/1/4
f 5527/3/4 5524/3/4 5528/3/4
f 5524/1/4 5525/1/4 5528/1/4
f 5528/1/4 5526/1/4 5529/1/4
f 5530/1/4 5531/1/4 5535/1/4
f 5531/3/4 5532/3/4 5536/3/4
f 5535/1/4 5531/1/4 5536/1/4
f 5536/3/4 5532/3/4 5537/3/4
f 5533/3/4 5534/3/4 5538/3/4
f 5538/3/4 5534/3/4 5539/3/4
f 5535/3/4 5536/3/4 5540/3/4
f 5536/3/4 5537/3/4 5540/3/4
f 5540/3/4 5537/3/4 5541/3/4
f 5535/3/4 5540/3/4 5542/3/4
f 5540/1/4 5541/1/4 5543/1/4
f 5542/3/4 5540/3/4 5543/3/4
f 5543/1/4 5541/1/4 5544/1/4
f 5545/1/4 5546/1/4 5550/1/4
f 5546/3/4 5547/3/4 5551/3/4
f 5550/1/4 5546/1/4 5551/1/4
f 5551/3/4 5547/3/4 5552/3/4
f 5548/3/4 5549/3/4 5553/3/4
f 5553/3/4 5549/3/4 5554/3/4
f 5550/3/4 5551/3/4 5555/3/4
f 5551/2/4 5552/2/4 5555/2/4
f 5555/2/4 5552/2/4 5556/2/4
f 5550/3/4 5555/3/4 5557/3/4
f 5555/1/4 5556/1/4 5558/1/4
f 5557/3/4 5555/3/4 5558/3/4
f 5558/1/4 5556/1/4 5559/1/4
f 5560/4/4 5561/4/4 5562/4/4
f 5562/4/4 5561/4/4 5563/4/4
f 5564/2/4 5565/2/4 5566/2/4
f 5566/2/4 5565/2/4 5567/2/4
f 5568/3/4 5569/3/4 5570/3/4
f 5570/3/4 5569/3/4 5571/3/4
f 5570/2/4 5571/2/4 5572/2/4
f 5572/2/4 5571/2/4 5573/2/4
f 5572/1/4 5573/1/4 5574/1/4
f 5574/1/4 5573/1/4 5575/1/4
f 5574/3/4 5575/3/4 5578/3/4
f 5578/3/4 5575/3/4 5579/3/4
f 5576/1/4 5577/1/4 5580/1/4
f 5580/1/4 5577/1/4 5581/1/4
f 5578/4/4 5579/4/4 5582/4/4
f 5582/4/4 5579/4/4 5583/4/4
f 5582/3/4 5583/3/4 5584/3/4
f 5584/3/4 5583/3/4 5585/3/4
f 5584/4/4 5585/4/4 5586/4/4
f 5586/4/4 5585/4/4 5587/4/4
f 5586/1/4 5587/1/4 5588/1/4
f 5588/1/4 5587/1/4 5589/1/4
f 5588/2/4 5589/2/4 5590/2/4
f 5590/2/4 5589/2/4 5591/2/4
f 5590/3/4 5591/3/4 5592/3/4
f 5592/3/4 5591/3/4 5593/3/4
f 5592/4/4 5593/4/4 5594/4/4
f 5594/4/4 5593/4/4 5595/4/4
f 5594/3/4 5595/3/4 5596/3/4
f 5596/3/4 5595/3/4 5597/3/4
f 5596/2/4 5597/2/4 5598/2/4
f 5598/2/4 5597/2/4 5599/2/4
f 5598/4/4 5599/4/4 5600/4/4
f 5600/4/4 5599/4/4 5601/4/4
f 5600/2/4 5601/2/4 5602/2/4
f 5602/2/4 5601/2/4 5603/2/4
f 5602/1/4 5603/1/4 5604/1/4
f 5604/1/4 5603/1/4 5605/1/4
f 5604/2/4 5605/2/4 5606/2/4
f 5606/2/4 5605/2/4 5607/2/4
f 5606/4/4 5607/4/4 5608/4/4
f 5608/4/4 5607/4/4 5609/4/4
f 5608/3/4 5609/3/4 5610/3/4
f 5610/3/4 5609/3/4 5611/3/4
f 5610/1/4 5611/1/4 5612/1/4
f 5612/1/4 5611/1/4 5613/1/4
f 5612/4/4 5613/4/4 5614/4/4
f 5614/4/4 5613/4/4 5615/4/4
f 5614/3/4 5615/3/4 5616/3/4
f 5616/3/4 5615/3/4 5617/3/4
f 5616/4/4 5617/4/4 5618/4/4
f 5618/4/4 5617/4/4 5619/4/4
f 5618/3/4 5619/3/4 5620/3/4
f 5620/3/4 5619/3/4 5621/3/4
f 5621/3/4 5619/3/4 5622/3/4
f 5621/4/4 5622/4/4 5623/4/4
f 5623/4/4 5622/4/4 5624/4/4
f 5623/3/4 5624/3/4 5625/3/4
f 5625/3/4 5624/3/4 5626/3/4
f 5625/1/4 5626/1/4 5627/1/4
f 5627/1/4 5626/1/4 5628/1/4
f 5629/4/4 5630/4/4 5631/4/4
f 5631/4/4 5630/4/4 5632/4/4
f 5633/2/4 5634/2/4 5635/2/4
f 5635/2/4 5634/2/4 5636/2/4
f 5637/2/4 5638/2/4 5639/2/4
f 5639/2/4 5638/2/4 5640/2/4
f 5641/2/4 5642/2/4 5643/2/4
f 5643/2/4 5642/2/4 5644/2/4
f 5645/1/4 5646/1/4 5647/1/4
f 5647/1/4 5646/1/4 5648/1/4
f 5649/4/4 5650/4/4 5651/4/4
f 5651/4/4 5650/4/4 5652/4/4
f 5653/3/4 5654/3/4 5655/3/4
f 5655/3/4 5654/3/4 5656/3/4
f 5657/4/4 5658/4/4 5659/4/4
f 5659/4/4 5658/4/4 5660/4/4
f 5661/1/4 5662/1/4 5663/1/4
f 5663/1/4 5662/1/4 5664/1/4
f 5665/2/4 5666/2/4 5667/2/4
f 5667/2/4 5666/2/4 5668/2/4
f 5669/2/4 5670/2/4 5671/2/4
f 5671/2/4 5670/2/4 5672/2/4
f 5673/2/4 5674/2/4 5675/2/4
f 5675/2/4 5674/2/4 5676/2/4
f 5677/4/4 5678/4/4 5679/4/4
f 5679/4/4 5678/4/4 5680/4/4
f 5681/1/4 5682/1/4 5683/1/4
f 5683/1/4 5682/1/4 5684/1/4
f 5685/4/4 5686/4/4 5687/4/4
f 5687/4/4 5686/4/4 5688/4/4
f 5687/1/4 5688/1/4 5689/1/4
f 5689/1/4 5688/1/4 5690/1/4
f 5689/4/4 5690/4/4 5691/4/4
f 5691/4/4 5690/4/4 5692/4/4
f 5691/3/4 5692/3/4 5693/3/4
f 5693/3/4 5692/3/4 5694/3/4
f 5694/3/4 5692/3/4 5695/3/4
f 5695/3/4 5692/3/4 5696/3/4
f 5695/1/4 5696/1/4 5697/1/4
f 5697/1/4 5696/1/4 5698/1/4
f 5697/2/4 5698/2/4 5699/2/4
f 5699/2/4 5698/2/4 5700/2/4
f 5699/4/4 5700/4/4 5701/4/4
f 5701/4/4 5700/4/4 5702/4/4
f 5701/2/4 5702/2/4 5703/2/4
f 5703/2/4 5702/2/4 5704/2/4
f 5703/1/4 5704/1/4 5705/1/4
f 5705/1/4 5704/1/4 5706/1/4
f 5705/2/4 5706/2/4 5707/2/4
f 5707/2/4 5706/2/4 5708/2/4
f 5707/4/4 5708/4/4 5709/4/4
f 5709/4/4 5708/4/4 5710/4/4
f 5709/2/4 5710/2/4 5711/2/4
f 5711/2/4 5710/2/4 5712/2/4
f 5711/1/4 5712/1/4 5713/1/4
f 5713/1/4 5712/1/4 5714/1/4
f 5713/2/4 5714/2/4 5715/2/4
f 5715/2/4 5714/2/4 5716/2/4
f 5715/1/4 5716/1/4 5717/1/4
f 5717/1/4 5716/1/4 5718/1/4
f 5717/2/4 5718/2/4 5719/2/4
f 5719/2/4 5718/2/4 5720/2/4
f 5719/4/4 5720/4/4 5721/4/4
f 5721/4/4 5720/4/4 5722/4/4
f 5721/1/4 5722/1/4 5723/1/4
f 5723/1/4 5722/1/4 5724/1/4
f 5723/4/4 5724/4/4 5725/4/4
f 5725/4/4 5724/4/4 5728/4/4
f 5728/4/4 5724/4/4 5729/4/4
f 5726/1/4 5727/1/4 5730/1/4
f 5730/1/4 5727/1/4 5731/1/4
f 5728/2/4 5729/2/4 5732/2/4
f 5732/2/4 5729/2/4 5733/2/4
f 5732/1/4 5733/1/4 5734/1/4
f 5734/1/4 5733/1/4 5735/1/4
f 5735/1/4 5733/1/4 5736/1/4
f 5735/4/4 5736/4/4 5737/4/4
f 5737/4/4 5736/4/4 5738/4/4
f 5739/4/4 5740/4/4 5741/4/4
f 5741/4/4 5740/4/4 5742/4/4
f 5743/2/4 5744/2/4 5745/2/4
f 5745/2/4 5744/2/4 5746/2/4
f 5747/1/4 5748/1/4 5749/1/4
f 5749/1/4 5748/1/4 5750/1/4
f 5751/4/4 5752/4/4 5753/4/4
f 5753/4/4 5752/4/4 5754/4/4
f 5755/3/4 5756/3/4 5757/3/4
f 5757/3/4 5756/3/4 5758/3/4
f 5759/2/4 5760/2/4 5761/2/4
f 5761/2/4 5760/2/4 5762/2/4
f 5761/4/4 5762/4/4 5763/4/4
f 5763/4/4 5762/4/4 5764/4/4
f 5763/3/4 5764/3/4 5765/3/4
f 5765/3/4 5764/3/4 5766/3/4
f 5765/2/4 5766/2/4 5767/2/4
f 5767/2/4 5766/2/4 5768/2/4
f 5767/1/4 5768/1/4 5769/1/4
f 5769/1/4 5768/1/4 5770/1/4
f 5769/4/4 5770/4/4 5771/4/4
f 5771/4/4 5770/4/4 5772/4/4
f 5772/4/4 5770/4/4 5773/4/4
f 5772/1/4 5773/1/4 5774/1/4
f 5774/1/4 5773/1/4 5775/1/4
f 5774/3/4 5775/3/4 5776/3/4
f 5776/3/4 5775/3/4 5777/3/4
f 5776/2/4 5777/2/4 5778/2/4
f 5778/2/4 5777/2/4 5779/2/4
f 5778/3/4 5779/3/4 5780/3/4
f 5780/3/4 5779/3/4 5781/3/4
f 5780/2/4 5781/2/4 5782/2/4
f 5782/2/4 5781/2/4 5783/2/4
f 5782/3/4 5783/3/4 5784/3/4
f 5784/3/4 5783/3/4 5785/3/4
f 5784/1/4 5785/1/4 5786/1/4
f 5786/1/4 5785/1/4 5787/1/4
f 5786/3/4 5787/3/4 5788/3/4
f 5788/3/4 5787/3/4 5789/3/4
f 5788/2/4 5789/2/4 5790/2/4
f 5790/2/4 5789/2/4 5791/2/4
f 5790/4/4 5791/4/4 5792/4/4
f 5792/4/4 5791/4/4 5793/4/4
f 5792/3/4 5793/3/4 5794/3/4
f 5794/3/4 5793/3/4 5795/3/4
f 5794/2/4 5795/2/4 5796/2/4
f 5796/2/4 5795/2/4 5797/2/4
f 5796/4/4 5797/4/4 5798/4/4
f 5798/4/4 5797/4/4 5799/4/4
f 5798/3/4 5799/3/4 5800/3/4
f 5800/3/4 5799/3/4 5801/3/4
f 5800/1/4 5801/1/4 5802/1/4
f 5802/1/4 5801/1/4 5803/1/4
f 5803/1/4 5801/1/4 5804/1/4
f 5803/2/4 5804/2/4 5805/2/4
f 5805/2/4 5804/2/4 5806/2/4
f 5805/1/4 5806/1/4 5807/1/4
f 5807/1/4 5806/1/4 5808/1/4
f 5809/2/4 5810/2/4 5811/2/4
f 5811/2/4 5810/2/4 5812/2/4
f 5813/1/4 5814/1/4 5815/1/4
f 5815/1/4 5814/1/4 5816/1/4
f 5817/1/4 5818/1/4 5819/1/4
f 5819/1/4 5818/1/4 5820/1/4
f 5821/2/4 5822/2/4 5823/2/4
f 5823/2/4 5822/2/4 5824/2/4
f 5823/1/4 5824/1/4 5825/1/4
f 5825/1/4 5824/1/4 5826/1/4
f 5825/4/4 5826/4/4 5827/4/4
f 5827/4/4 5826/4/4 5828/4/4
f 5828/4/4 5826/4/4 5829/4/4
f 5829/4/4 5826/4/4 5830/4/4
f 5830/4/4 5826/4/4 5831/4/4
f 5830/1/4 5831/1/4 5832/1/4
f 5832/1/4 5831/1/4 5833/1/4
f 5832/4/4 5833/4/4 5834/4/4
f 5834/4/4 5833/4/4 5835/4/4
f 5834/1/4 5835/1/4 5836/1/4
f 5836/1/4 5835/1/4 5837/1/4
f 5836/3/4 5837/3/4 5838/3/4
f 5838/3/4 5837/3/4 5839/3/4
f 5838/2/4 5839/2/4 5840/2/4
f 5840/2/4 5839/2/4 5841/2/4
f 5840/4/4 5841/4/4 5842/4/4
f 5842/4/4 5841/4/4 5843/4/4
f 5842/2/4 5843/2/4 5844/2/4
f 5844/2/4 5843/2/4 5845/2/4
f 5844/4/4 5845/4/4 5846/4/4
f 5846/4/4 5845/4/4 5847/4/4
f 5846/2/4 5847/2/4 5848/2/4
f 5848/2/4 5847/2/4 5849/2/4
f 5848/3/4 5849/3/4 5850/3/4
f 5850/3/4 5849/3/4 5851/3/4
f 5850/2/4 5851/2/4 5852/2/4
f 5852/2/4 5851/2/4 5853/2/4
f 5852/4/4 5853/4/4 5854/4/4
f 5854/4/4 5853/4/4 5855/4/4
f 5854/2/4 5855/2/4 5856/2/4
f 5856/2/4 5855/2/4 5857/2/4
f 5856/1/4 5857/1/4 5858/1/4
f 5858/1/4 5857/1/4 5859/1/4
f 5858/2/4 5859/2/4 5860/2/4
f 5860/2/4 5859/2/4 5861/2/4
f 5861/2/4 5859/2/4 5862/2/4
f 5861/4/4 5862/4/4 5863/4/4
f 5863/4/4 5862/4/4 5864/4/4
f 5863/3/4 5864/3/4 5865/3/4
f 5865/3/4 5864/3/4 5866/3/4
f 5865/4/4 5866/4/4 5867/4/4
f 5867/4/4 5866/4/4 5868/4/4
f 5867/1/4 5868/1/4 5869/1/4
f 5869/1/4 5868/1/4 5870/1/4
f 5869/4/4 5870/4/4 5871/4/4
f 5871/4/4 5870/4/4 5872/4/4
f 5873/1/4 5874/1/4 5875/1/4
f 5875/1/4 5874/1/4 5876/1/4
f 5877/2/4 5878/2/4 5879/2/4
f 5879/2/4 5878/2/4 5880/2/4
f 5881/4/4 5882/4/4 5883/4/4
f 5883/4/4 5882/4/4 5884/4/4
f 5885/3/4 5886/3/4 5887/3/4
f 5887/3/4 5886/3/4 5888/3/4
f 5889/1/4 5890/1/4 5891/1/4
f 5891/1/4 5890/1/4 5892/1/4
f 5893/2/4 5894/2/4 5896/2/4
f 5894/3/4 5895/3/4 5897/3/4
f 5896/2/4 5894/2/4 5897/2/4
f 5897/3/4 5895/3/4 5898/3/4
f 5899/4/4 5900/4/4 5901/4/4
f 5901/4/4 5900/4/4 5902/4/4
f 5903/2/4 5904/2/4 5905/2/4
f 5905/2/4 5904/2/4 5906/2/4
f 5907/3/4 5908/3/4 5910/3/4
f 5908/2/4 5909/2/4 5911/2/4
f 5910/3/4 5908/3/4 5911/3/4
f 5911/2/4 5909/2/4 5912/2/4
f 5913/2/4 5914/2/4 5915/2/4
f 5915/2/4 5914/2/4 5916/2/4
f 5917/2/4 5918/2/4 5919/2/4
f 5919/2/4 5918/2/4 5920/2/4
f 5921/3/4 5922/3/4 5923/3/4
f 5923/3/4 5922/3/4 5924/3/4
f 5925/4/4 5926/4/4 5927/4/4
f 5927/4/4 5926/4/4 5928/4/4
f 5927/1/4 5928/1/4 5929/1/4
f 5929/1/4 5928/1/4 5932/1/4
f 5932/1/4 5928/1/4 5933/1/4
f 5930/3/4 5931/3/4 5934/3/4
f 5934/3/4 5931/3/4 5935/3/4
f 5932/2/4 5933/2/4 5936/2/4
f 5936/2/4 5933/2/4 5937/2/4
f 5936/4/4 5937/4/4 5938/4/4
f 5938/4/4 5937/4/4 5939/4/4
f 5938/3/4 5939/3/4 5940/3/4
f 5940/3/4 5939/3/4 5941/3/4
f 5940/1/4 5941/1/4 5942/1/4
f 5942/1/4 5941/1/4 5943/1/4
f 5942/2/4 5943/2/4 5944/2/4
f 5944/2/4 5943/2/4 5945/2/4
f 5944/1/4 5945/1/4 5946/1/4
f 5946/1/4 5945/1/4 5947/1/4
f 5946/3/4 5947/3/4 5948/3/4
f 5948/3/4 5947/3/4 5949/3/4
f 5948/4/4 5949/4/4 5950/4/4
f 5950/4/4 5949/4/4 5951/4/4
f 5950/3/4 5951/3/4 5952/3/4
f 5952/3/4 5951/3/4 5953/3/4
f 5952/1/4 5953/1/4 5954/1/4
f 5954/1/4 5953/1/4 5955/1/4
f 5954/2/4 5955/2/4 5956/2/4
f 5956/2/4 5955/2/4 5957/2/4
f 5956/3/4 5957/3/4 5958/3/4
f 5958/3/4 5957/3/4 5959/3/4
f 5958/4/4 5959/4/4 5960/4/4
f 5960/4/4 5959/4/4 5961/4/4
f 5960/2/4 5961/2/4 5962/2/4
f 5962/2/4 5961/2/4 5963/2/4
f 5962/4/4 5963/4/4 5964/4/4
f 5964/4/4 5963/4/4 5965/4/4
f 5964/1/4 5965/1/4 5966/1/4
f 5966/1/4 5965/1/4 5967/1/4
f 5966/2/4 5967/2/4 5968/2/4
f 5968/2/4 5967/2/4 5971/2/4
f 5971/2/4 5967/2/4 5972/2/4
f 5969/3/4 5970/3/4 5973/3/4
f 5973/3/4 5970/3/4 5974/3/4
f 5971/4/4 5972/4/4 5975/4/4
f 5975/4/4 5972/4/4 5976/4/4
f 5976/4/4 5972/4/4 5977/4/4
f 5976/3/4 5977/3/4 5978/3/4
f 5978/3/4 5977/3/4 5979/3/4
f 5978/1/4 5979/1/4 5980/1/4
f 5980/1/4 5979/1/4 5981/1/4
f 5982/3/4 5983/3/4 5999/3/4
f 5983/2/4 5984/2/4 6000/2/4
f 5999/3/4 5983/3/4 6000/3/4
f 6000/2/4 5984/2/4 6001/2/4
f 5985/2/4 5986/2/4 6002/2/4
f 6002/2/4 5986/2/4 6003/2/4
f 5986/3/4 5987/3/4 6004/3/4
f 5987/4/4 5988/4/4 6004/4/4
f 5988/3/4 5989/3/4 6005/3/4
f 6004/4/4 5988/4/4 6005/4/4
f 6005/3/4 5989/3/4 6006/3/4
f 5989/4/4 5990/4/4 6007/4/4
f 6006/3/4 5989/3/4 6007/3/4
f 5990/2/4 5991/2/4 6008/2/4
f 6007/4/4 5990/4/4 6008/4/4
f 5991/1/4 5992/1/4 6009/1/4
f 6008/2/4 5991/2/4 6009/2/4
f 6009/1/4 5992/1/4 6010/1/4
f 6010/1/4 5992/1/4 6011/1/4
f 5992/4/4 5993/4/4 6012/4/4
f 5993/3/4 5994/3/4 6012/3/4
f 5994/2/4 5995/2/4 6013/2/4
f 6012/3/4 5994/3/4 6013/3/4
f 5995/3/4 5996/3/4 6014/3/4
f 6013/2/4 5995/2/4 6014/2/4
f 5996/1/4 5997/1/4 6015/1/4
f 6014/3/4 5996/3/4 6015/3/4
f 5997/3/4 5998/3/4 6016/3/4
f 6015/1/4 5997/1/4 6016/1/4
f 5998/4/4 5999/4/4 6017/4/4
f 6016/3/4 5998/3/4 6017/3/4
f 6017/4/4 5999/4/4 6018/4/4
f 6002/1/4 6003/1/4 6019/1/4
f 6003/2/4 5986/2/4 6020/2/4
f 6019/1/4 6003/1/4 6020/1/4
f 5986/3/4 6004/3/4 6021/3/4
f 6020/2/4 5986/2/4 6021/2/4
f 6005/2/4 6006/2/4 6022/2/4
f 6021/3/4 6004/3/4 6022/3/4
f 6004/2/4 6005/2/4 6022/2/4
f 6022/2/4 6006/2/4 6023/2/4
f 6006/3/4 6007/3/4 6024/3/4
f 6023/2/4 6006/2/4 6024/2/4
f 6007/1/4 6008/1/4 6025/1/4
f 6024/3/4 6007/3/4 6025/3/4
f 6008/3/4 6009/3/4 6026/3/4
f 6025/1/4 6008/1/4 6026/1/4
f 6009/4/4 6010/4/4 6027/4/4
f 6026/3/4 6009/3/4 6027/3/4
f 6010/3/4 6011/3/4 6028/3/4
f 6027/4/4 6010/4/4 6028/4/4
f 6011/1/4 5992/1/4 6029/1/4
f 6028/3/4 6011/3/4 6029/3/4
f 5992/4/4 6012/4/4 6030/4/4
f 6029/1/4 5992/1/4 6030/1/4
f 6012/4/4 6013/4/4 6030/4/4
f 6030/4/4 6013/4/4 6031/4/4
f 6013/3/4 6014/3/4 6032/3/4
f 6031/4/4 6013/4/4 6032/4/4
f 6014/4/4 6015/4/4 6033/4/4
f 6032/3/4 6014/3/4 6033/3/4
f 6015/2/4 6016/2/4 6034/2/4
f 6033/4/4 6015/4/4 6034/4/4
f 6034/2/4 6016/2/4 6035/2/4
f 6016/1/4 6017/1/4 6036/1/4
f 6035/2/4 6016/2/4 6036/2/4
f 6017/2/4 6018/2/4 6037/2/4
f 6036/1/4 6017/1/4 6037/1/4
f 6037/2/4 6018/2/4 6038/2/4
f 6019/4/4 6020/4/4 6039/4/4
f 6020/3/4 6021/3/4 6040/3/4
f 6039/4/4 6020/4/4 6040/4/4
f 6021/2/4 6022/2/4 6041/2/4
f 6040/3/4 6021/3/4 6041/3/4
f 6022/1/4 6023/1/4 6042/1/4
f 6041/2/4 6022/2/4 6042/2/4
f 6023/4/4 6024/4/4 6043/4/4
f 6042/1/4 6023/1/4 6043/1/4
f 6024/4/4 6025/4/4 6043/4/4
f 6025/4/4 6026/4/4 6043/4/4
f 6026/1/4 6027/1/4 6044/1/4
f 6043/4/4 6026/4/4 6044/4/4
f 6027/2/4 6028/2/4 6045/2/4
f 6044/1/4 6027/1/4 6045/1/4
f 6028/2/4 6029/2/4 6045/2/4
f 6029/3/4 6030/3/4 6046/3/4
f 6045/2/4 6029/2/4 6046/2/4
f 6030/4/4 6031/4/4 6047/4/4
f 6046/3/4 6030/3/4 6047/3/4
f 6031/2/4 6032/2/4 6048/2/4
f 6047/4/4 6031/4/4 6048/4/4
f 6032/2/4 6033/2/4 6048/2/4
f 6033/2/4 6034/2/4 6048/2/4
f 6034/4/4 6035/4/4 6049/4/4
f 6048/2/4 6034/2/4 6049/2/4
f 6035/3/4 6036/3/4 6050/3/4
f 6049/4/4 6035/4/4 6050/4/4
f 6036/1/4 6037/1/4 6051/1/4
f 6050/3/4 6036/3/4 6051/3/4
f 6037/3/4 6038/3/4 6052/3/4
f 6051/1/4 6037/1/4 6052/1/4
f 6052/3/4 6038/3/4 6053/3/4
f 6053/4/4 6054/4/4 6055/4/4
f 6055/4/4 6054/4/4 6056/4/4
f 6057/3/4 6058/3/4 6072/3/4
f 6058/2/4 6059/2/4 6073/2/4
f 6072/3/4 6058/3/4 6073/3/4
f 6073/2/4 6059/2/4 6074/2/4
f 6060/3/4 6061/3/4 6075/3/4
f 6061/2/4 6062/2/4 6076/2/4
f 6075/3/4 6061/3/4 6076/3/4
f 6062/3/4 6063/3/4 6077/3/4
f 6076/2/4 6062/2/4 6077/2/4
f 6077/3/4 6063/3/4 6078/3/4
f 6063/1/4 6064/1/4 6079/1/4
f 6078/3/4 6063/3/4 6079/3/4
f 6064/2/4 6065/2/4 6080/2/4
f 6079/1/4 6064/1/4 6080/1/4
f 6065/4/4 6066/4/4 6081/4/4
f 6080/2/4 6065/2/4 6081/2/4
f 6066/1/4 6067/1/4 6082/1/4
f 6081/4/4 6066/4/4 6082/4/4
f 6082/1/4 6067/1/4 6083/1/4
f 6083/1/4 6067/1/4 6084/1/4
f 6067/4/4 6068/4/4 6085/4/4
f 6068/3/4 6069/3/4 6085/3/4
f 6085/3/4 6069/3/4 6086/3/4
f 6086/3/4 6069/3/4 6087/3/4
f 6087/3/4 6069/3/4 6088/3/4
f 6088/3/4 6069/3/4 6089/3/4
f 6069/2/4 6070/2/4 6090/2/4
f 6089/3/4 6069/3/4 6090/3/4
f 6070/3/4 6071/3/4 6091/3/4
f 6090/2/4 6070/2/4 6091/2/4
f 6071/4/4 6072/4/4 6092/4/4
f 6091/3/4 6071/3/4 6092/3/4
f 6092/4/4 6072/4/4 6093/4/4
f 6075/1/4 6076/1/4 6094/1/4
f 6076/2/4 6077/2/4 6095/2/4
f 6094/1/4 6076/1/4 6095/1/4
f 6077/4/4 6078/4/4 6096/4/4
f 6095/2/4 6077/2/4 6096/2/4
f 6078/2/4 6079/2/4 6097/2/4
f 6096/4/4 6078/4/4 6097/4/4
f 6079/2/4 6080/2/4 6097/2/4
f 6097/2/4 6080/2/4 6098/2/4
f 6080/1/4 6081/1/4 6099/1/4
f 6098/2/4 6080/2/4 6099/2/4
f 6081/2/4 6082/2/4 6100/2/4
f 6099/1/4 6081/1/4 6100/1/4
f 6082/4/4 6083/4/4 6101/4/4
f 6100/2/4 6082/2/4 6101/2/4
f 6083/2/4 6084/2/4 6102/2/4
f 6101/4/4 6083/4/4 6102/4/4
f 6084/1/4 6067/1/4 6103/1/4
f 6102/2/4 6084/2/4 6103/2/4
f 6067/4/4 6085/4/4 6104/4/4
f 6103/1/4 6067/1/4 6104/1/4
f 6085/4/4 6086/4/4 6104/4/4
f 6104/4/4 6086/4/4 6105/4/4
f 6086/3/4 6087/3/4 6106/3/4
f 6105/4/4 6086/4/4 6106/4/4
f 6087/4/4 6088/4/4 6107/4/4
f 6106/3/4 6087/3/4 6107/3/4
f 6090/1/4 6091/1/4 6108/1/4
f 6091/1/4 6092/1/4 6108/1/4
f 6092/4/4 6093/4/4 6109/4/4
f 6108/1/4 6092/1/4 6109/1/4
f 6109/4/4 6093/4/4 6110/4/4
f 6094/4/4 6095/4/4 6111/4/4
f 6095/3/4 6096/3/4 6112/3/4
f 6111/4/4 6095/4/4 6112/4/4
f 6097/3/4 6098/3/4 6112/3/4
f 6096/3/4 6097/3/4 6112/3/4
f 6098/2/4 6099/2/4 6113/2/4
f 6112/3/4 6098/3/4 6113/3/4
f 6099/2/4 6100/2/4 6113/2/4
f 6100/4/4 6101/4/4 6114/4/4
f 6113/2/4 6100/2/4 6114/2/4
f 6101/2/4 6102/2/4 6115/2/4
f 6114/4/4 6101/4/4 6115/4/4
f 6102/1/4 6103/1/4 6116/1/4
f 6115/2/4 6102/2/4 6116/2/4
f 6103/3/4 6104/3/4 6117/3/4
f 6116/1/4 6103/1/4 6117/1/4
f 6104/2/4 6105/2/4 6118/2/4
f 6117/3/4 6104/3/4 6118/3/4
f 6105/4/4 6106/4/4 6119/4/4
f 6118/2/4 6105/2/4 6119/2/4
f 6106/1/4 6107/1/4 6120/1/4
f 6119/4/4 6106/4/4 6120/4/4
f 6107/4/4 6088/4/4 6121/4/4
f 6120/1/4 6107/1/4 6121/1/4
f 6088/3/4 6089/3/4 6122/3/4
f 6121/4/4 6088/4/4 6122/4/4
f 6089/2/4 6090/2/4 6123/2/4
f 6122/3/4 6089/3/4 6123/3/4
f 6090/1/4 6108/1/4 6124/1/4
f 6123/2/4 6090/2/4 6124/2/4
f 6109/4/4 6110/4/4 6125/4/4
f 6124/1/4 6108/1/4 6125/1/4
f 6108/4/4 6109/4/4 6125/4/4
f 6125/4/4 6110/4/4 6126/4/4
f 6126/1/4 6127/1/4 6129/1/4
f 6127/2/4 6128/2/4 6130/2/4
f 6129/1/4 6127/1/4 6130/1/4
f 6130/2/4 6128/2/4 6131/2/4
f 6132/3/4 6133/3/4 6134/3/4
f 6134/3/4 6133/3/4 6135/3/4
f 6134/1/4 6135/1/4 6138/1/4
f 6138/1/4 6135/1/4 6139/1/4
f 6136/3/4 6137/3/4 6142/3/4
f 6137/2/4 6138/2/4 6143/2/4
f 6142/3/4 6137/3/4 6143/3/4
f 6138/3/4 6139/3/4 6144/3/4
f 6143/2/4 6138/2/4 6144/2/4
f 6144/3/4 6139/3/4 6145/3/4
f 6140/1/4 6141/1/4 6146/1/4
f 6141/3/4 6142/3/4 6147/3/4
f 6146/1/4 6141/1/4 6147/1/4
f 6142/4/4 6143/4/4 6148/4/4
f 6147/3/4 6142/3/4 6148/3/4
f 6143/4/4 6144/4/4 6148/4/4
f 6148/4/4 6144/4/4 6149/4/4
f 6149/4/4 6144/4/4 6150/4/4
f 6144/2/4 6145/2/4 6151/2/4
f 6150/4/4 6144/4/4 6151/4/4
f 6151/2/4 6145/2/4 6152/2/4
f 6146/2/4 6147/2/4 6153/2/4
f 6147/1/4 6148/1/4 6154/1/4
f 6153/2/4 6147/2/4 6154/2/4
f 6148/3/4 6149/3/4 6155/3/4
f 6154/1/4 6148/1/4 6155/1/4
f 6149/1/4 6150/1/4 6156/1/4
f 6155/3/4 6149/3/4 6156/3/4
f 6150/4/4 6151/4/4 6157/4/4
f 6156/1/4 6150/1/4 6157/1/4
f 6151/1/4 6152/1/4 6158/1/4
f 6157/4/4 6151/4/4 6158/4/4
f 6154/4/4 6155/4/4 6159/4/4
f 6153/4/4 6154/4/4 6159/4/4
f 6155/1/4 6156/1/4 6160/1/4
f 6159/4/4 6155/4/4 6160/4/4
f 6157/3/4 6158/3/4 6161/3/4
f 6160/1/4 6156/1/4 6161/1/4
f 6156/3/4 6157/3/4 6161/3/4
f 6158/1/4 6152/1/4 6162/1/4
f 6161/3/4 6158/3/4 6162/3/4
f 6162/1/4 6152/1/4 6163/1/4
f 6160/2/4 6161/2/4 6164/2/4
f 6161/1/4 6162/1/4 6165/1/4
f 6164/2/4 6161/2/4 6165/2/4
f 6162/3/4 6163/3/4 6166/3/4
f 6165/1/4 6162/1/4 6166/1/4
f 6166/3/4 6163/3/4 6167/3/4
f 6166/4/4 6167/4/4 6168/4/4
f 6168/4/4 6167/4/4 6169/4/4
f 6168/2/4 6169/2/4 6170/2/4
f 6170/2/4 6169/2/4 6171/2/4
f 6170/3/4 6171/3/4 6172/3/4
f 6172/3/4 6171/3/4 6173/3/4
f 6172/2/4 6173/2/4 6174/2/4
f 6174/2/4 6173/2/4 6175/2/4
f 6174/4/4 6175/4/4 6176/4/4
f 6176/4/4 6175/4/4 6177/4/4
f 6176/2/4 6177/2/4 6178/2/4
f 6178/2/4 6177/2/4 6179/2/4
f 6178/4/4 6179/4/4 6180/4/4
f 6180/4/4 6179/4/4 6181/4/4
f 6180/2/4 6181/2/4 6182/2/4
f 6182/2/4 6181/2/4 6183/2/4
f 6182/4/4 6183/4/4 6184/4/4
f 6184/4/4 6183/4/4 6185/4/4
f 6184/2/4 6185/2/4 6186/2/4
f 6186/2/4 6185/2/4 6187/2/4
f 6186/1/4 6187/1/4 6188/1/4
f 6188/1/4 6187/1/4 6189/1/4
f 6188/3/4 6189/3/4 6190/3/4
f 6190/3/4 6189/3/4 6191/3/4
f 6190/1/4 6191/1/4 6195/1/4
f 6195/1/4 6191/1/4 6196/1/4
f 6192/1/4 6193/1/4 6199/1/4
f 6193/4/4 6194/4/4 6200/4/4
f 6199/1/4 6193/1/4 6200/1/4
f 6194/1/4 6195/1/4 6201/1/4
f 6200/4/4 6194/4/4 6201/4/4
f 6195/3/4 6196/3/4 6202/3/4
f 6201/1/4 6195/1/4 6202/1/4
f 6202/3/4 6196/3/4 6203/3/4
f 6197/2/4 6198/2/4 6204/2/4
f 6198/1/4 6199/1/4 6205/1/4
f 6204/2/4 6198/2/4 6205/2/4
f 6199/3/4 6200/3/4 6206/3/4
f 6205/1/4 6199/1/4 6206/1/4
f 6200/2/4 6201/2/4 6207/2/4
f 6206/3/4 6200/3/4 6207/3/4
f 6201/3/4 6202/3/4 6208/3/4
f 6207/2/4 6201/2/4 6208/2/4
f 6202/1/4 6203/1/4 6209/1/4
f 6208/3/4 6202/3/4 6209/3/4
f 6209/1/4 6203/1/4 6210/1/4
f 6204/3/4 6205/3/4 6211/3/4
f 6205/3/4 6206/3/4 6211/3/4
f 6206/1/4 6207/1/4 6212/1/4
f 6211/3/4 6206/3/4 6212/3/4
f 6207/1/4 6208/1/4 6212/1/4
f 6212/1/4 6208/1/4 6213/1/4
f 6208/3/4 6209/3/4 6214/3/4
f 6213/1/4 6208/1/4 6214/1/4
f 6209/2/4 6210/2/4 6215/2/4
f 6214/3/4 6209/3/4 6215/3/4
f 6212/4/4 6213/4/4 6216/4/4
f 6211/4/4 6212/4/4 6216/4/4
f 6216/4/4 6213/4/4 6217/4/4
f 6213/2/4 6214/2/4 6218/2/4
f 6217/4/4 6213/4/4 6218/4/4
f 6214/1/4 6215/1/4 6219/1/4
f 6218/2/4 6214/2/4 6219/2/4
f 6215/2/4 6210/2/4 6220/2/4
f 6219/1/4 6215/1/4 6220/1/4
f 6220/2/4 6210/2/4 6221/2/4
f 6217/4/4 6218/4/4 6222/4/4
f 6218/3/4 6219/3/4 6223/3/4
f 6222/4/4 6218/4/4 6223/4/4
f 6219/4/4 6220/4/4 6224/4/4
f 6223/3/4 6219/3/4 6224/3/4
f 6220/1/4 6221/1/4 6225/1/4
f 6224/4/4 6220/4/4 6225/4/4
f 6225/1/4 6221/1/4 6226/1/4
f 6225/4/4 6226/4/4 6227/4/4
f 6227/4/4 6226/4/4 6228/4/4
f 6237/4/5 6230/4/5 6229/4/5
f 6238/3/5 6231/3/5 6230/3/5
f 6238/4/5 6230/4/5 6237/4/5
f 6239/4/5 6232/4/5 6231/4/5
f 6239/3/5 6231/3/5 6238/3/5
f 6240/2/5 6234/2/5 6233/2/5
f 6241/3/5 6235/3/5 6234/3/5
f 6241/2/5 6234/2/5 6240/2/5
f 6242/2/5 6236/2/5 6235/2/5
f 6242/3/5 6235/3/5 6241/3/5
f 6243/2/5 6236/2/5 6242/2/5
f 6244/1/5 6238/1/5 6237/1/5
f 6245/2/5 6239/2/5 6238/2/5
f 6245/1/5 6238/1/5 6244/1/5
f 6246/4/5 6232/4/5 6239/4/5
f 6246/2/5 6239/2/5 6245/2/5
f 6247/4/5 6232/4/5 6246/4/5
f 6248/3/5 6241/3/5 6240/3/5
f 6248/1/5 6242/1/5 6241/1/5
f 6249/3/5 6243/3/5 6242/3/5
f 6249/1/5 6242/1/5 6248/1/5
f 6250/3/5 6243/3/5 6249/3/5
f 6251/2/5 6245/2/5 6244/2/5
f 6251/2/5 6246/2/5 6245/2/5
f 6252/1/5 6247/1/5 6246/1/5
f 6252/2/5 6246/2/5 6251/2/5
f 6253/1/5 6247/1/5 6252/1/5
f 6254/3/5 6248/3/5 6240/3/5
f 6255/4/5 6249/4/5 6248/4/5
f 6255/3/5 6248/3/5 6254/3/5
f 6256/2/5 6250/2/5 6249/2/5
f 6256/4/5 6249/4/5 6255/4/5
f 6257/2/5 6250/2/5 6256/2/5
f 6266/3/5 6259/3/5 6258/3/5
f 6267/4/5 6260/4/5 6259/4/5
f 6267/3/5 6259/3/5 6266/3/5
f 6268/3/5 6261/3/5 6260/3/5
f 6268/4/5 6260/4/5 6267/4/5
f 6269/3/5 6261/3/5 6268/3/5
f 6270/2/5 6263/2/5 6262/2/5
f 6271/3/5 6264/3/5 6263/3/5
f 6271/2/5 6263/2/5 6270/2/5
f 6272/4/5 6265/4/5 6264/4/5
f 6272/3/5 6264/3/5 6271/3/5
f 6273/4/5 6265/4/5 6272/4/5
f 6274/2/5 6269/2/5 6268/2/5
f 6274/4/5 6268/4/5 6267/4/5
f 6275/2/5 6269/2/5 6274/2/5
f 6276/3/5 6271/3/5 6270/3/5
f 6276/3/5 6272/3/5 6271/3/5
f 6277/1/5 6273/1/5 6272/1/5
f 6277/3/5 6272/3/5 6276/3/5
f 6278/1/5 6267/1/5 6266/1/5
f 6279/4/5 6274/4/5 6267/4/5
f 6279/1/5 6267/1/5 6278/1/5
f 6280/1/5 6275/1/5 6274/1/5
f 6280/4/5 6274/4/5 6279/4/5
f 6281/1/5 6275/1/5 6280/1/5
f 6282/1/5 6277/1/5 6276/1/5
f 6283/1/5 6273/1/5 6277/1/5
f 6283/1/5 6277/1/5 6282/1/5
f 6290/3/5 6285/3/5 6284/3/5
f 6291/3/5 6285/3/5 6290/3/5
f 6292/3/5 6285/3/5 6291/3/5
f 6293/2/5 6289/2/5 6288/2/5
f 6293/4/5 6288/4/5 6287/4/5
f 6294/2/5 6289/2/5 6293/2/5
f 6295/3/5 6290/3/5 6284/3/5
f 6296/2/5 6291/2/5 6290/2/5
f 6296/3/5 6290/3/5 6295/3/5
f 6297/1/5 6292/1/5 6291/1/5
f 6297/2/5 6291/2/5 6296/2/5
f 6298/1/5 6292/1/5 6297/1/5
f 6299/2/5 6287/2/5 6286/2/5
f 6300/4/5 6293/4/5 6287/4/5
f 6300/2/5 6287/2/5 6299/2/5
f 6300/4/5 6294/4/5 6293/4/5
f 6301/4/5 6294/4/5 6300/4/5
f 6302/2/5 6296/2/5 6295/2/5
f 6303/1/5 6297/1/5 6296/1/5
f 6303/2/5 6296/2/5 6302/2/5
f 6304/4/5 6298/4/5 6297/4/5
f 6304/1/5 6297/1/5 6303/1/5
f 6305/4/5 6298/4/5 6304/4/5
f 6306/3/5 6300/3/5 6299/3/5
f 6307/1/5 6301/1/5 6300/1/5
f 6307/3/5 6300/3/5 6306/3/5
f 6308/4/5 6294/4/5 6301/4/5
f 6308/1/5 6301/1/5 6307/1/5
f 6309/4/5 6294/4/5 6308/4/5
f 6312/4/5 6311/4/5 6310/4/5
f 6313/4/5 6311/4/5 6312/4/5
f 6316/3/5 6315/3/5 6314/3/5
f 6317/3/5 6315/3/5 6316/3/5
f 6320/4/5 6319/4/5 6318/4/5
f 6321/4/5 6319/4/5 6320/4/5
f 6324/1/5 6323/1/5 6322/1/5
f 6325/1/5 6323/1/5 6324/1/5
f 6328/2/5 6327/2/5 6326/2/5
f 6329/2/5 6327/2/5 6328/2/5
f 6332/1/5 6331/1/5 6330/1/5
f 6333/1/5 6331/1/5 6332/1/5
f 6336/2/5 6335/2/5 6334/2/5
f 6337/2/5 6335/2/5 6336/2/5
f 6338/3/5 6337/3/5 6336/3/5
f 6339/3/5 6337/3/5 6338/3/5
f 6342/3/5 6341/3/5 6340/3/5
f 6343/3/5 6341/3/5 6342/3/5
f 6344/2/5 6343/2/5 6342/2/5
f 6345/2/5 6343/2/5 6344/2/5
f 6348/4/5 6347/4/5 6346/4/5
f 6349/4/5 6347/4/5 6348/4/5
f 6352/2/5 6351/2/5 6350/2/5
f 6353/2/5 6351/2/5 6352/2/5
f 6356/4/5 6355/4/5 6354/4/5
f 6357/4/5 6355/4/5 6356/4/5
f 6360/1/5 6359/1/5 6358/1/5
f 6361/1/5 6359/1/5 6360/1/5
f 6364/3/5 6363/3/5 6362/3/5
f 6365/3/5 6363/3/5 6364/3/5
f 6368/3/5 6367/3/5 6366/3/5
f 6369/3/5 6367/3/5 6368/3/5
f 6372/2/5 6371/2/5 6370/2/5
f 6373/2/5 6371/2/5 6372/2/5
f 6376/3/5 6375/3/5 6374/3/5
f 6377/3/5 6375/3/5 6376/3/5
f 6380/3/5 6379/3/5 6378/3/5
f 6381/3/5 6379/3/5 6380/3/5
f 6384/3/5 6383/3/5 6382/3/5
f 6385/3/5 6383/3/5 6384/3/5
f 6388/2/5 6387/2/5 6386/2/5
f 6389/2/5 6387/2/5 6388/2/5
f 6392/1/5 6391/1/5 6390/1/5
f 6393/1/5 6391/1/5 6392/1/5
f 6396/4/5 6395/4/5 6394/4/5
f 6397/4/5 6395/4/5 6396/4/5
f 6400/4/5 6399/4/5 6398/4/5
f 6401/4/5 6399/4/5 6400/4/5
f 6404/3/5 6403/3/5 6402/3/5
f 6405/3/5 6403/3/5 6404/3/5
f 6408/3/5 6407/3/5 6406/3/5
f 6409/3/5 6407/3/5 6408/3/5
f 6412/1/5 6411/1/5 6410/1/5
f 6413/1/5 6411/1/5 6412/1/5
f 6416/3/5 6415/3/5 6414/3/5
f 6417/3/5 6415/3/5 6416/3/5
f 6420/3/5 6419/3/5 6418/3/5
f 6421/3/5 6419/3/5 6420/3/5
f 6422/4/5 6421/4/5 6420/4/5
f 6423/4/5 6421/4/5 6422/4/5
f 6426/1/5 6425/1/5 6424/1/5
f 6427/1/5 6425/1/5 6426/1/5
f 6430/1/5 6429/1/5 6428/1/5
f 6431/1/5 6429/1/5 6430/1/5
f 6434/1/5 6433/1/5 6432/1/5
f 6435/1/5 6433/1/5 6434/1/5
f 6438/1/5 6437/1/5 6436/1/5
f 6439/1/5 6437/1/5 6438/1/5
f 6440/2/5 6439/2/5 6438/2/5
f 6441/2/5 6439/2/5 6440/2/5
f 6444/3/5 6443/3/5 6442/3/5
f 6445/3/5 6443/3/5 6444/3/5
f 6448/1/5 6447/1/5 6446/1/5
f 6449/1/5 6447/1/5 6448/1/5
f 6452/3/5 6451/3/5 6450/3/5
f 6453/3/5 6451/3/5 6452/3/5
f 6456/4/5 6455/4/5 6454/4/5
f 6457/4/5 6455/4/5 6456/4/5
f 6460/4/5 6459/4/5 6458/4/5
f 6461/4/5 6459/4/5 6460/4/5
f 6464/2/5 6463/2/5 6462/2/5
f 6465/2/5 6463/2/5 6464/2/5
f 6468/4/5 6467/4/5 6466/4/5
f 6469/4/5 6467/4/5 6468/4/5
f 6472/3/5 6471/3/5 6470/3/5
f 6473/3/5 6471/3/5 6472/3/5
f 6476/2/5 6475/2/5 6474/2/5
f 6477/2/5 6475/2/5 6476/2/5
f 6480/2/5 6479/2/5 6478/2/5
f 6481/2/5 6479/2/5 6480/2/5
f 6484/2/5 6483/2/5 6482/2/5
f 6485/2/5 6483/2/5 6484/2/5
f 6488/2/5 6487/2/5 6486/2/5
f 6489/2/5 6487/2/5 6488/2/5
f 6492/4/5 6491/4/5 6490/4/5
f 6493/4/5 6491/4/5 6492/4/5
f 6496/1/5 6495/1/5 6494/1/5
f 6497/1/5 6495/1/5 6496/1/5
f 6500/2/5 6499/2/5 6498/2/5
f 6501/2/5 6499/2/5 6500/2/5
f 6504/2/5 6503/2/5 6502/2/5
f 6505/2/5 6503/2/5 6504/2/5
f 6508/2/5 6507/2/5 6506/2/5
f 6509/2/5 6507/2/5 6508/2/5
f 6512/4/5 6511/4/5 6510/4/5
f 6513/4/5 6511/4/5 6512/4/5
f 6514/3/5 6513/3/5 6512/3/5
f 6515/3/5 6513/3/5 6514/3/5
f 6518/4/5 6517/4/5 6516/4/5
f 6519/4/5 6517/4/5 6518/4/5
f 6522/1/5 6521/1/5 6520/1/5
f 6523/1/5 6521/1/5 6522/1/5
f 6526/3/5 6525/3/5 6524/3/5
f 6527/3/5 6525/3/5 6526/3/5
f 6528/1/5 6527/1/5 6526/1/5
f 6529/1/5 6527/1/5 6528/1/5
f 6532/4/5 6531/4/5 6530/4/5
f 6533/4/5 6531/4/5 6532/4/5
f 6536/3/5 6535/3/5 6534/3/5
f 6537/3/5 6535/3/5 6536/3/5
f 6540/4/5 6539/4/5 6538/4/5
f 6541/4/5 6539/4/5 6540/4/5
f 6544/2/5 6543/2/5 6542/2/5
f 6545/2/5 6543/2/5 6544/2/5
f 6548/3/5 6547/3/5 6546/3/5
f 6549/3/5 6547/3/5 6548/3/5
f 6552/3/5 6551/3/5 6550/3/5
f 6553/3/5 6551/3/5 6552/3/5
f 6556/4/5 6555/4/5 6554/4/5
f 6557/4/5 6555/4/5 6556/4/5
f 6560/2/5 6559/2/5 6558/2/5
f 6561/2/5 6559/2/5 6560/2/5
f 6564/3/5 6563/3/5 6562/3/5
f 6565/3/5 6563/3/5 6564/3/5
f 6568/2/5 6567/2/5 6566/2/5
f 6569/2/5 6567/2/5 6568/2/5
f 6572/4/5 6571/4/5 6570/4/5
f 6573/4/5 6571/4/5 6572/4/5
f 6576/1/5 6575/1/5 6574/1/5
f 6577/1/5 6575/1/5 6576/1/5
f 6580/4/5 6579/4/5 6578/4/5
f 6581/4/5 6579/4/5 6580/4/5
f 6584/2/5 6583/2/5 6582/2/5
f 6585/2/5 6583/2/5 6584/2/5
f 6588/3/5 6587/3/5 6586/3/5
f 6589/3/5 6587/3/5 6588/3/5
f 6590/1/5 6589/1/5 6588/1/5
f 6591/1/5 6589/1/5 6590/1/5
f 6594/2/5 6593/2/5 6592/2/5
f 6595/2/5 6593/2/5 6594/2/5
f 6598/2/5 6597/2/5 6596/2/5
f 6599/2/5 6597/2/5 6598/2/5
f 6602/2/5 6601/2/5 6600/2/5
f 6603/2/5 6601/2/5 6602/2/5
f 6606/1/5 6605/1/5 6604/1/5
f 6607/1/5 6605/1/5 6606/1/5
f 6610/2/5 6609/2/5 6608/2/5
f 6611/2/5 6609/2/5 6610/2/5
f 6614/1/5 6613/1/5 6612/1/5
f 6615/1/5 6613/1/5 6614/1/5
f 6618/1/5 6617/1/5 6616/1/5
f 6619/1/5 6617/1/5 6618/1/5
f 6622/2/5 6621/2/5 6620/2/5
f 6623/2/5 6621/2/5 6622/2/5
f 6630/4/5 6625/4/5 6624/4/5
f 6631/4/5 6625/4/5 6630/4/5
f 6632/3/5 6626/3/5 6625/3/5
f 6632/4/5 6625/4/5 6631/4/5
f 6633/3/5 6626/3/5 6632/3/5
f 6636/4/5 6628/4/5 6627/4/5
f 6637/4/5 6628/4/5 6636/4/5
f 6638/4/5 6628/4/5 6637/4/5
f 6640/3/5 6630/3/5 6629/3/5
f 6641/3/5 6630/3/5 6640/3/5
f 6642/2/5 6634/2/5 6633/2/5
f 6643/2/5 6634/2/5 6642/2/5
f 6644/3/5 6636/3/5 6635/3/5
f 6645/3/5 6639/3/5 6638/3/5
f 6646/3/5 6639/3/5 6645/3/5
f 6647/1/5 6641/1/5 6640/1/5
f 6648/1/5 6643/1/5 6642/1/5
f 6649/1/5 6643/1/5 6648/1/5
f 6650/3/5 6644/3/5 6635/3/5
f 6651/3/5 6644/3/5 6650/3/5
f 6652/4/5 6646/4/5 6645/4/5
f 6653/4/5 6646/4/5 6652/4/5
f 6654/1/5 6647/1/5 6640/1/5
f 6655/1/5 6647/1/5 6654/1/5
f 6658/4/5 6649/4/5 6648/4/5
f 6659/4/5 6649/4/5 6658/4/5
f 6660/2/5 6651/2/5 6650/2/5
f 6661/2/5 6651/2/5 6660/2/5
f 6664/3/5 6653/3/5 6652/3/5
f 6665/3/5 6653/3/5 6664/3/5
f 6666/2/5 6656/2/5 6655/2/5
f 6667/4/5 6657/4/5 6656/4/5
f 6667/2/5 6656/2/5 6666/2/5
f 6668/2/5 6658/2/5 6657/2/5
f 6668/4/5 6657/4/5 6667/4/5
f 6669/2/5 6658/2/5 6668/2/5
f 6670/1/5 6662/1/5 6661/1/5
f 6671/4/5 6663/4/5 6662/4/5
f 6671/1/5 6662/1/5 6670/1/5
f 6671/4/5 6664/4/5 6663/4/5
f 6672/4/5 6664/4/5 6671/4/5
f 6675/3/5 6674/3/5 6673/3/5
f 6676/3/5 6674/3/5 6675/3/5
f 6679/3/5 6678/3/5 6677/3/5
f 6680/3/5 6678/3/5 6679/3/5
f 6683/1/5 6682/1/5 6681/1/5
f 6684/1/5 6682/1/5 6683/1/5
f 6687/1/5 6686/1/5 6685/1/5
f 6688/1/5 6686/1/5 6687/1/5
f 6698/4/5 6690/4/5 6689/4/5
f 6699/2/5 6691/2/5 6690/2/5
f 6699/4/5 6690/4/5 6698/4/5
f 6700/4/5 6692/4/5 6691/4/5
f 6700/2/5 6691/2/5 6699/2/5
f 6701/4/5 6692/4/5 6700/4/5
f 6704/4/5 6694/4/5 6693/4/5
f 6705/3/5 6695/3/5 6694/3/5
f 6705/4/5 6694/4/5 6704/4/5
f 6706/2/5 6696/2/5 6695/2/5
f 6706/3/5 6695/3/5 6705/3/5
f 6707/2/5 6696/2/5 6706/2/5
f 6709/4/5 6698/4/5 6697/4/5
f 6710/4/5 6698/4/5 6709/4/5
f 6711/3/5 6702/3/5 6701/3/5
f 6712/3/5 6704/3/5 6703/3/5
f 6713/3/5 6704/3/5 6712/3/5
f 6714/2/5 6708/2/5 6707/2/5
f 6715/2/5 6708/2/5 6714/2/5
f 6716/2/5 6710/2/5 6709/2/5
f 6717/2/5 6710/2/5 6716/2/5
f 6718/3/5 6702/3/5 6711/3/5
f 6719/3/5 6702/3/5 6718/3/5
f 6720/1/5 6713/1/5 6712/1/5
f 6721/3/5 6715/3/5 6714/3/5
f 6722/1/5 6717/1/5 6716/1/5
f 6723/1/5 6717/1/5 6722/1/5
f 6725/1/5 6719/1/5 6718/1/5
f 6726/1/5 6719/1/5 6725/1/5
f 6727/1/5 6720/1/5 6712/1/5
f 6728/1/5 6720/1/5 6727/1/5
f 6731/3/5 6715/3/5 6721/3/5
f 6732/3/5 6715/3/5 6731/3/5
f 6733/1/5 6724/1/5 6723/1/5
f 6734/3/5 6725/3/5 6724/3/5
f 6734/1/5 6724/1/5 6733/1/5
f 6735/3/5 6725/3/5 6734/3/5
f 6736/1/5 6729/1/5 6728/1/5
f 6737/3/5 6730/3/5 6729/3/5
f 6737/1/5 6729/1/5 6736/1/5
f 6737/3/5 6731/3/5 6730/3/5
f 6738/3/5 6731/3/5 6737/3/5
f 6741/2/5 6740/2/5 6739/2/5
f 6742/2/5 6740/2/5 6741/2/5
f 6745/4/5 6744/4/5 6743/4/5
f 6746/4/5 6744/4/5 6745/4/5
f 6749/1/5 6748/1/5 6747/1/5
f 6750/1/5 6748/1/5 6749/1/5
f 6760/3/5 6752/3/5 6751/3/5
f 6761/2/5 6753/2/5 6752/2/5
f 6761/3/5 6752/3/5 6760/3/5
f 6762/4/5 6754/4/5 6753/4/5
f 6762/2/5 6753/2/5 6761/2/5
f 6763/4/5 6754/4/5 6762/4/5
f 6766/2/5 6756/2/5 6755/2/5
f 6767/3/5 6757/3/5 6756/3/5
f 6767/2/5 6756/2/5 6766/2/5
f 6768/4/5 6758/4/5 6757/4/5
f 6768/3/5 6757/3/5 6767/3/5
f 6769/4/5 6758/4/5 6768/4/5
f 6771/1/5 6760/1/5 6759/1/5
f 6772/1/5 6760/1/5 6771/1/5
f 6773/3/5 6766/3/5 6765/3/5
f 6774/3/5 6766/3/5 6773/3/5
f 6775/2/5 6770/2/5 6769/2/5
f 6776/2/5 6770/2/5 6775/2/5
f 6777/4/5 6772/4/5 6771/4/5
f 6778/4/5 6772/4/5 6777/4/5
f 6779/1/5 6764/1/5 6763/1/5
f 6780/1/5 6764/1/5 6779/1/5
f 6781/1/5 6774/1/5 6773/1/5
f 6782/1/5 6774/1/5 6781/1/5
f 6783/1/5 6776/1/5 6775/1/5
f 6784/3/5 6778/3/5 6777/3/5
f 6785/3/5 6778/3/5 6784/3/5
f 6788/4/5 6780/4/5 6779/4/5
f 6789/4/5 6780/4/5 6788/4/5
f 6790/3/5 6782/3/5 6781/3/5
f 6791/3/5 6782/3/5 6790/3/5
f 6794/1/5 6776/1/5 6783/1/5
f 6795/1/5 6776/1/5 6794/1/5
f 6796/1/5 6786/1/5 6785/1/5
f 6797/2/5 6787/2/5 6786/2/5
f 6797/1/5 6786/1/5 6796/1/5
f 6798/4/5 6788/4/5 6787/4/5
f 6798/2/5 6787/2/5 6797/2/5
f 6799/4/5 6788/4/5 6798/4/5
f 6800/2/5 6792/2/5 6791/2/5
f 6801/3/5 6793/3/5 6792/3/5
f 6801/2/5 6792/2/5 6800/2/5
f 6802/4/5 6794/4/5 6793/4/5
f 6802/3/5 6793/3/5 6801/3/5
f 6803/4/5 6794/4/5 6802/4/5
f 6806/1/5 6805/1/5 6804/1/5
f 6807/1/5 6805/1/5 6806/1/5
f 6810/4/5 6809/4/5 6808/4/5
f 6811/4/5 6809/4/5 6810/4/5
f 6814/3/5 6813/3/5 6812/3/5
f 6815/3/5 6813/3/5 6814/3/5
f 6818/1/5 6817/1/5 6816/1/5
f 6819/1/5 6817/1/5 6818/1/5
f 6822/3/5 6821/3/5 6820/3/5
f 6823/3/5 6821/3/5 6822/3/5
f 6826/2/5 6825/2/5 6824/2/5
f 6827/2/5 6825/2/5 6826/2/5
f 6830/3/5 6829/3/5 6828/3/5
f 6831/3/5 6829/3/5 6830/3/5
f 6839/2/5 6833/2/5 6832/2/5
f 6840/2/5 6833/2/5 6839/2/5
f 6841/1/5 6834/1/5 6833/1/5
f 6841/2/5 6833/2/5 6840/2/5
f 6842/1/5 6836/1/5 6835/1/5
f 6843/2/5 6837/2/5 6836/2/5
f 6843/1/5 6836/1/5 6842/1/5
f 6844/4/5 6838/4/5 6837/4/5
f 6844/2/5 6837/2/5 6843/2/5
f 6845/4/5 6838/4/5 6844/4/5
f 6846/4/5 6840/4/5 6839/4/5
f 6846/3/5 6841/3/5 6840/3/5
f 6847/1/5 6834/1/5 6841/1/5
f 6847/3/5 6841/3/5 6846/3/5
f 6848/1/5 6834/1/5 6847/1/5
f 6849/4/5 6843/4/5 6842/4/5
f 6850/3/5 6844/3/5 6843/3/5
f 6850/4/5 6843/4/5 6849/4/5
f 6851/1/5 6845/1/5 6844/1/5
f 6851/3/5 6844/3/5 6850/3/5
f 6852/1/5 6845/1/5 6851/1/5
f 6853/4/5 6846/4/5 6839/4/5
f 6853/4/5 6847/4/5 6846/4/5
f 6854/4/5 6847/4/5 6853/4/5
f 6855/2/5 6848/2/5 6847/2/5
f 6855/4/5 6847/4/5 6854/4/5
f 6856/2/5 6848/2/5 6855/2/5
f 6857/1/5 6850/1/5 6849/1/5
f 6858/2/5 6852/2/5 6851/2/5
f 6858/1/5 6850/1/5 6857/1/5
f 6858/2/5 6851/2/5 6850/2/5
f 6859/2/5 6852/2/5 6858/2/5
f 6860/2/5 6852/2/5 6859/2/5
f 6861/3/5 6854/3/5 6853/3/5
f 6862/1/5 6855/1/5 6854/1/5
f 6862/3/5 6854/3/5 6861/3/5
f 6863/4/5 6856/4/5 6855/4/5
f 6863/1/5 6855/1/5 6862/1/5
f 6864/4/5 6856/4/5 6863/4/5
f 6865/3/5 6858/3/5 6857/3/5
f 6866/1/5 6859/1/5 6858/1/5
f 6866/3/5 6858/3/5 6865/3/5
f 6867/3/5 6860/3/5 6859/3/5
f 6867/1/5 6859/1/5 6866/1/5
f 6868/3/5 6860/3/5 6867/3/5
f 6869/2/5 6862/2/5 6861/2/5
f 6869/2/5 6864/2/5 6863/2/5
f 6869/2/5 6863/2/5 6862/2/5
f 6870/2/5 6864/2/5 6869/2/5
f 6871/2/5 6864/2/5 6870/2/5
f 6872/4/5 6866/4/5 6865/4/5
f 6873/3/5 6867/3/5 6866/3/5
f 6873/4/5 6866/4/5 6872/4/5
f 6874/2/5 6868/2/5 6867/2/5
f 6874/3/5 6867/3/5 6873/3/5
f 6875/2/5 6868/2/5 6874/2/5
f 6876/4/5 6870/4/5 6869/4/5
f 6877/1/5 6871/1/5 6870/1/5
f 6877/4/5 6870/4/5 6876/4/5
f 6878/2/5 6864/2/5 6871/2/5
f 6878/1/5 6871/1/5 6877/1/5
f 6879/2/5 6864/2/5 6878/2/5
f 6880/1/5 6873/1/5 6872/1/5
f 6881/2/5 6874/2/5 6873/2/5
f 6881/1/5 6873/1/5 6880/1/5
f 6882/1/5 6875/1/5 6874/1/5
f 6882/2/5 6874/2/5 6881/2/5
f 6883/1/5 6875/1/5 6882/1/5
f 6884/3/5 6877/3/5 6876/3/5
f 6885/1/5 6878/1/5 6877/1/5
f 6885/3/5 6877/3/5 6884/3/5
f 6886/3/5 6879/3/5 6878/3/5
f 6886/1/5 6878/1/5 6885/1/5
f 6887/3/5 6879/3/5 6886/3/5
f 6888/2/5 6881/2/5 6880/2/5
f 6888/2/5 6882/2/5 6881/2/5
f 6888/2/5 6883/2/5 6882/2/5
f 6889/2/5 6883/2/5 6888/2/5
f 6890/2/5 6883/2/5 6889/2/5
f 6891/2/5 6883/2/5 6890/2/5
f 6900/3/5 6893/3/5 6892/3/5
f 6901/1/5 6894/1/5 6893/1/5
f 6901/3/5 6893/3/5 6900/3/5
f 6901/1/5 6895/1/5 6894/1/5
f 6902/1/5 6895/1/5 6901/1/5
f 6903/1/5 6895/1/5 6902/1/5
f 6904/1/5 6897/1/5 6896/1/5
f 6905/4/5 6898/4/5 6897/4/5
f 6905/1/5 6897/1/5 6904/1/5
f 6906/2/5 6899/2/5 6898/2/5
f 6906/4/5 6898/4/5 6905/4/5
f 6907/2/5 6899/2/5 6906/2/5
f 6908/3/5 6903/3/5 6902/3/5
f 6908/1/5 6902/1/5 6901/1/5
f 6909/3/5 6903/3/5 6908/3/5
f 6910/4/5 6905/4/5 6904/4/5
f 6911/1/5 6906/1/5 6905/1/5
f 6911/4/5 6905/4/5 6910/4/5
f 6912/3/5 6907/3/5 6906/3/5
f 6912/1/5 6906/1/5 6911/1/5
f 6913/3/5 6907/3/5 6912/3/5
f 6914/2/5 6901/2/5 6900/2/5
f 6914/1/5 6908/1/5 6901/1/5
f 6915/2/5 6909/2/5 6908/2/5
f 6915/1/5 6908/1/5 6914/1/5
f 6916/2/5 6909/2/5 6915/2/5
f 6917/2/5 6911/2/5 6910/2/5
f 6917/4/5 6913/4/5 6912/4/5
f 6917/4/5 6912/4/5 6911/4/5
f 6918/4/5 6913/4/5 6917/4/5
f 6919/2/5 6914/2/5 6900/2/5
f 6920/3/5 6916/3/5 6915/3/5
f 6920/2/5 6914/2/5 6919/2/5
f 6920/3/5 6915/3/5 6914/3/5
f 6921/3/5 6916/3/5 6920/3/5
f 6922/3/5 6916/3/5 6921/3/5
f 6923/3/5 6918/3/5 6917/3/5
f 6923/2/5 6917/2/5 6910/2/5
f 6924/3/5 6918/3/5 6923/3/5
f 6925/3/5 6918/3/5 6924/3/5
f 6926/3/5 6920/3/5 6919/3/5
f 6927/1/5 6921/1/5 6920/1/5
f 6927/3/5 6920/3/5 6926/3/5
f 6928/4/5 6922/4/5 6921/4/5
f 6928/1/5 6921/1/5 6927/1/5
f 6929/4/5 6922/4/5 6928/4/5
f 6930/2/5 6923/2/5 6910/2/5
f 6931/1/5 6924/1/5 6923/1/5
f 6931/2/5 6923/2/5 6930/2/5
f 6932/2/5 6925/2/5 6924/2/5
f 6932/1/5 6924/1/5 6931/1/5
f 6933/2/5 6925/2/5 6932/2/5
f 6934/4/5 6927/4/5 6926/4/5
f 6935/2/5 6928/2/5 6927/2/5
f 6935/4/5 6927/4/5 6934/4/5
f 6936/3/5 6929/3/5 6928/3/5
f 6936/2/5 6928/2/5 6935/2/5
f 6937/3/5 6929/3/5 6936/3/5
f 6938/3/5 6931/3/5 6930/3/5
f 6938/3/5 6932/3/5 6931/3/5
f 6939/3/5 6932/3/5 6938/3/5
f 6940/4/5 6933/4/5 6932/4/5
f 6940/3/5 6932/3/5 6939/3/5
f 6941/4/5 6933/4/5 6940/4/5
f 6942/3/5 6935/3/5 6934/3/5
f 6943/4/5 6936/4/5 6935/4/5
f 6943/3/5 6935/3/5 6942/3/5
f 6944/2/5 6937/2/5 6936/2/5
f 6944/4/5 6936/4/5 6943/4/5
f 6945/2/5 6937/2/5 6944/2/5
f 6946/1/5 6939/1/5 6938/1/5
f 6947/4/5 6940/4/5 6939/4/5
f 6947/1/5 6939/1/5 6946/1/5
f 6948/1/5 6941/1/5 6940/1/5
f 6948/4/5 6940/4/5 6947/4/5
f 6949/1/5 6941/1/5 6948/1/5
f 6951/3/5 6945/3/5 6944/3/5
f 6951/3/5 6944/3/5 6943/3/5
f 6952/3/5 6945/3/5 6951/3/5
f 6953/3/5 6945/3/5 6952/3/5
f 6954/2/5 6949/2/5 6948/2/5
f 6954/4/5 6947/4/5 6946/4/5
f 6954/2/5 6948/2/5 6947/2/5
f 6955/2/5 6949/2/5 6954/2/5
f 6956/2/5 6951/2/5 6950/2/5
f 6957/4/5 6952/4/5 6951/4/5
f 6957/2/5 6951/2/5 6956/2/5
f 6958/2/5 6953/2/5 6952/2/5
f 6958/4/5 6952/4/5 6957/4/5
f 6959/2/5 6953/2/5 6958/2/5
f 6960/4/5 6954/4/5 6946/4/5
f 6961/3/5 6955/3/5 6954/3/5
f 6961/4/5 6954/4/5 6960/4/5
f 6962/3/5 6955/3/5 6961/3/5
f 6963/3/5 6955/3/5 6962/3/5
f 6964/4/5 6957/4/5 6956/4/5
f 6965/3/5 6958/3/5 6957/3/5
f 6965/4/5 6957/4/5 6964/4/5
f 6966/4/5 6959/4/5 6958/4/5
f 6966/3/5 6958/3/5 6965/3/5
f 6967/4/5 6959/4/5 6966/4/5
f 6968/3/5 6961/3/5 6960/3/5
f 6968/3/5 6962/3/5 6961/3/5
f 6969/1/5 6963/1/5 6962/1/5
f 6969/3/5 6962/3/5 6968/3/5
f 6970/1/5 6963/1/5 6969/1/5
f 6971/3/5 6965/3/5 6964/3/5
f 6972/4/5 6966/4/5 6965/4/5
f 6972/3/5 6965/3/5 6971/3/5
f 6973/2/5 6967/2/5 6966/2/5
f 6973/4/5 6966/4/5 6972/4/5
f 6974/2/5 6967/2/5 6973/2/5
f 6975/2/5 6969/2/5 6968/2/5
f 6975/2/5 6970/2/5 6969/2/5
f 6976/2/5 6970/2/5 6975/2/5
f 6977/2/5 6970/2/5 6976/2/5
f 6978/1/5 6972/1/5 6971/1/5
f 6979/4/5 6973/4/5 6972/4/5
f 6979/1/5 6972/1/5 6978/1/5
f 6980/1/5 6974/1/5 6973/1/5
f 6980/4/5 6973/4/5 6979/4/5
f 6981/1/5 6974/1/5 6980/1/5
f 6982/1/5 6976/1/5 6975/1/5
f 6983/1/5 6976/1/5 6982/1/5
f 6984/3/5 6977/3/5 6976/3/5
f 6984/1/5 6976/1/5 6983/1/5
f 6985/3/5 6977/3/5 6984/3/5
f 6986/2/5 6979/2/5 6978/2/5
f 6987/3/5 6980/3/5 6979/3/5
f 6987/2/5 6979/2/5 6986/2/5
f 6988/2/5 6981/2/5 6980/2/5
f 6988/3/5 6980/3/5 6987/3/5
f 6989/2/5 6981/2/5 6988/2/5
f 6990/4/5 6983/4/5 6982/4/5
f 6991/4/5 6983/4/5 6990/4/5
f 6992/1/5 6985/1/5 6984/1/5
f 6993/1/5 6985/1/5 6992/1/5
f 6994/4/5 6987/4/5 6986/4/5
f 6995/2/5 6988/2/5 6987/2/5
f 6995/4/5 6987/4/5 6994/4/5
f 6996/4/5 6989/4/5 6988/4/5
f 6996/2/5 6988/2/5 6995/2/5
f 6997/4/5 6989/4/5 6996/4/5
f 6998/2/5 6991/2/5 6990/2/5
f 6999/3/5 6993/3/5 6992/3/5
f 7000/3/5 6995/3/5 6994/3/5
f 7001/2/5 6996/2/5 6995/2/5
f 7001/3/5 6995/3/5 7000/3/5
f 7002/1/5 6997/1/5 6996/1/5
f 7002/2/5 6996/2/5 7001/2/5
f 7003/2/5 6999/2/5 6998/2/5
f 7003/2/5 6998/2/5 6990/2/5
f 7004/2/5 6999/2/5 7003/2/5
f 7005/3/5 6993/3/5 6999/3/5
f 7005/2/5 6999/2/5 7004/2/5
f 7006/3/5 6993/3/5 7005/3/5
f 7007/4/5 7001/4/5 7000/4/5
f 7008/3/5 7002/3/5 7001/3/5
f 7008/4/5 7001/4/5 7007/4/5
f 7009/1/5 6997/1/5 7002/1/5
f 7009/3/5 7002/3/5 7008/3/5
f 7010/1/5 6997/1/5 7009/1/5
f 7011/4/5 7004/4/5 7003/4/5
f 7011/3/5 7005/3/5 7004/3/5
f 7012/2/5 7006/2/5 7005/2/5
f 7012/3/5 7005/3/5 7011/3/5
f 7013/2/5 7006/2/5 7012/2/5
f 7014/3/5 7008/3/5 7007/3/5
f 7015/2/5 7010/2/5 7009/2/5
f 7015/3/5 7008/3/5 7014/3/5
f 7015/2/5 7009/2/5 7008/2/5
f 7016/2/5 7010/2/5 7015/2/5
f 7017/4/5 7011/4/5 7003/4/5
f 7018/1/5 7013/1/5 7012/1/5
f 7018/4/5 7011/4/5 7017/4/5
f 7018/1/5 7012/1/5 7011/1/5
f 7019/1/5 7013/1/5 7018/1/5
f 7020/2/5 7015/2/5 7014/2/5
f 7021/3/5 7016/3/5 7015/3/5
f 7021/2/5 7015/2/5 7020/2/5
f 7022/3/5 7016/3/5 7021/3/5
f 7023/3/5 7018/3/5 7017/3/5
f 7024/4/5 7019/4/5 7018/4/5
f 7024/3/5 7018/3/5 7023/3/5
f 7025/1/5 7013/1/5 7019/1/5
f 7025/4/5 7019/4/5 7024/4/5
f 7026/1/5 7013/1/5 7025/1/5
f 7027/4/5 7022/4/5 7021/4/5
f 7027/3/5 7021/3/5 7020/3/5
f 7028/4/5 7022/4/5 7027/4/5
f 7029/4/5 7022/4/5 7028/4/5
f 7030/2/5 7024/2/5 7023/2/5
f 7030/1/5 7025/1/5 7024/1/5
f 7031/4/5 7026/4/5 7025/4/5
f 7031/1/5 7025/1/5 7030/1/5
f 7032/4/5 7026/4/5 7031/4/5
f 7033/3/5 7027/3/5 7020/3/5
f 7034/2/5 7028/2/5 7027/2/5
f 7034/3/5 7027/3/5 7033/3/5
f 7035/1/5 7029/1/5 7028/1/5
f 7035/2/5 7028/2/5 7034/2/5
f 7036/1/5 7029/1/5 7035/1/5
f 7037/2/5 7030/2/5 7023/2/5
f 7037/2/5 7031/2/5 7030/2/5
f 7038/1/5 7032/1/5 7031/1/5
f 7038/2/5 7031/2/5 7037/2/5
f 7039/1/5 7032/1/5 7038/1/5
f 7040/4/5 7034/4/5 7033/4/5
f 7040/4/5 7035/4/5 7034/4/5
f 7041/3/5 7036/3/5 7035/3/5
f 7041/4/5 7035/4/5 7040/4/5
f 7042/3/5 7036/3/5 7041/3/5
f 7043/1/5 7038/1/5 7037/1/5
f 7044/3/5 7039/3/5 7038/3/5
f 7044/1/5 7038/1/5 7043/1/5
f 7045/3/5 7039/3/5 7044/3/5
f 7046/4/5 7040/4/5 7033/4/5
f 7047/4/5 7040/4/5 7046/4/5
f 7048/2/5 7042/2/5 7041/2/5
f 7049/2/5 7042/2/5 7048/2/5
f 7050/4/5 7044/4/5 7043/4/5
f 7051/1/5 7045/1/5 7044/1/5
f 7051/4/5 7044/4/5 7050/4/5
f 7052/1/5 7045/1/5 7051/1/5
f 7053/1/5 7047/1/5 7046/1/5
f 7054/3/5 7048/3/5 7047/3/5
f 7054/1/5 7047/1/5 7053/1/5
f 7055/1/5 7051/1/5 7050/1/5
f 7056/2/5 7052/2/5 7051/2/5
f 7056/1/5 7051/1/5 7055/1/5
f 7057/2/5 7052/2/5 7056/2/5
f 7058/3/5 7048/3/5 7054/3/5
f 7058/4/5 7054/4/5 7053/4/5
f 7059/1/5 7049/1/5 7048/1/5
f 7059/3/5 7048/3/5 7058/3/5
f 7060/1/5 7049/1/5 7059/1/5
f 7061/1/5 7055/1/5 7050/1/5
f 7061/2/5 7056/2/5 7055/2/5
f 7062/4/5 7057/4/5 7056/4/5
f 7062/2/5 7056/2/5 7061/2/5
f 7063/4/5 7058/4/5 7053/4/5
f 7064/1/5 7059/1/5 7058/1/5
f 7064/4/5 7058/4/5 7063/4/5
f 7065/4/5 7060/4/5 7059/4/5
f 7065/1/5 7059/1/5 7064/1/5
f 7066/1/5 7061/1/5 7050/1/5
f 7066/3/5 7062/3/5 7061/3/5
f 7067/4/5 7057/4/5 7062/4/5
f 7067/3/5 7062/3/5 7066/3/5
f 7068/4/5 7057/4/5 7067/4/5
f 7069/3/5 7064/3/5 7063/3/5
f 7070/4/5 7065/4/5 7064/4/5
f 7070/3/5 7064/3/5 7069/3/5
f 7071/4/5 7060/4/5 7065/4/5
f 7071/4/5 7065/4/5 7070/4/5
f 7072/1/5 7066/1/5 7050/1/5
f 7073/2/5 7067/2/5 7066/2/5
f 7073/1/5 7066/1/5 7072/1/5
f 7074/1/5 7068/1/5 7067/1/5
f 7074/2/5 7067/2/5 7073/2/5
f 7075/2/5 7071/2/5 7070/2/5
f 7075/2/5 7070/2/5 7069/2/5
f 7076/2/5 7071/2/5 7075/2/5
f 7077/2/5 7071/2/5 7076/2/5
f 7078/4/5 7073/4/5 7072/4/5
f 7079/3/5 7074/3/5 7073/3/5
f 7079/4/5 7073/4/5 7078/4/5
f 7080/1/5 7068/1/5 7074/1/5
f 7080/3/5 7074/3/5 7079/3/5
f 7081/1/5 7068/1/5 7080/1/5
f 7082/3/5 7076/3/5 7075/3/5
f 7083/1/5 7077/1/5 7076/1/5
f 7083/3/5 7076/3/5 7082/3/5
f 7084/1/5 7077/1/5 7083/1/5
f 7085/1/5 7077/1/5 7084/1/5
f 7086/2/5 7079/2/5 7078/2/5
f 7087/1/5 7080/1/5 7079/1/5
f 7087/2/5 7079/2/5 7086/2/5
f 7088/4/5 7081/4/5 7080/4/5
f 7088/1/5 7080/1/5 7087/1/5
f 7089/2/5 7083/2/5 7082/2/5
f 7090/1/5 7084/1/5 7083/1/5
f 7090/2/5 7083/2/5 7089/2/5
f 7091/4/5 7087/4/5 7086/4/5
f 7092/2/5 7088/2/5 7087/2/5
f 7092/4/5 7087/4/5 7091/4/5
f 7093/4/5 7081/4/5 7088/4/5
f 7093/2/5 7088/2/5 7092/2/5
f 7094/4/5 7081/4/5 7093/4/5
f 7095/3/5 7090/3/5 7089/3/5
f 7096/1/5 7084/1/5 7090/1/5
f 7096/3/5 7090/3/5 7095/3/5
f 7097/3/5 7085/3/5 7084/3/5
f 7097/1/5 7084/1/5 7096/1/5
f 7098/3/5 7085/3/5 7097/3/5
f 7099/1/5 7092/1/5 7091/1/5
f 7100/4/5 7093/4/5 7092/4/5
f 7100/1/5 7092/1/5 7099/1/5
f 7101/3/5 7094/3/5 7093/3/5
f 7101/4/5 7093/4/5 7100/4/5
f 7102/3/5 7094/3/5 7101/3/5
f 7111/4/5 7104/4/5 7103/4/5
f 7111/1/5 7105/1/5 7104/1/5
f 7111/1/5 7106/1/5 7105/1/5
f 7112/1/5 7106/1/5 7111/1/5
f 7113/1/5 7106/1/5 7112/1/5
f 7114/2/5 7109/2/5 7108/2/5
f 7114/2/5 7108/2/5 7107/2/5
f 7115/2/5 7109/2/5 7114/2/5
f 7116/3/5 7110/3/5 7109/3/5
f 7116/2/5 7109/2/5 7115/2/5
f 7117/3/5 7110/3/5 7116/3/5
f 7118/4/5 7111/4/5 7103/4/5
f 7119/3/5 7112/3/5 7111/3/5
f 7119/4/5 7111/4/5 7118/4/5
f 7120/4/5 7113/4/5 7112/4/5
f 7120/3/5 7112/3/5 7119/3/5
f 7121/4/5 7113/4/5 7120/4/5
f 7122/3/5 7115/3/5 7114/3/5
f 7123/1/5 7116/1/5 7115/1/5
f 7123/3/5 7115/3/5 7122/3/5
f 7124/4/5 7117/4/5 7116/4/5
f 7124/1/5 7116/1/5 7123/1/5
f 7125/4/5 7117/4/5 7124/4/5
f 7126/3/5 7119/3/5 7118/3/5
f 7126/4/5 7120/4/5 7119/4/5
f 7127/3/5 7121/3/5 7120/3/5
f 7127/4/5 7120/4/5 7126/4/5
f 7128/3/5 7121/3/5 7127/3/5
f 7129/4/5 7123/4/5 7122/4/5
f 7130/3/5 7124/3/5 7123/3/5
f 7130/4/5 7123/4/5 7129/4/5
f 7131/2/5 7125/2/5 7124/2/5
f 7131/3/5 7124/3/5 7130/3/5
f 7132/2/5 7125/2/5 7131/2/5
f 7133/3/5 7126/3/5 7118/3/5
f 7133/2/5 7127/2/5 7126/2/5
f 7134/1/5 7128/1/5 7127/1/5
f 7134/2/5 7127/2/5 7133/2/5
f 7135/1/5 7130/1/5 7129/1/5
f 7136/4/5 7132/4/5 7131/4/5
f 7136/1/5 7130/1/5 7135/1/5
f 7136/4/5 7131/4/5 7130/4/5
f 7137/4/5 7132/4/5 7136/4/5
f 7138/4/5 7132/4/5 7137/4/5
f 7139/3/5 7133/3/5 7118/3/5
f 7140/4/5 7134/4/5 7133/4/5
f 7140/3/5 7133/3/5 7139/3/5
f 7141/1/5 7128/1/5 7134/1/5
f 7141/4/5 7134/4/5 7140/4/5
f 7142/1/5 7128/1/5 7141/1/5
f 7143/3/5 7136/3/5 7135/3/5
f 7143/3/5 7137/3/5 7136/3/5
f 7144/3/5 7137/3/5 7143/3/5
f 7145/1/5 7140/1/5 7139/1/5
f 7145/1/5 7141/1/5 7140/1/5
f 7146/2/5 7142/2/5 7141/2/5
f 7146/1/5 7141/1/5 7145/1/5
f 7147/4/5 7144/4/5 7143/4/5
f 7148/3/5 7137/3/5 7144/3/5
f 7148/4/5 7144/4/5 7147/4/5
f 7149/2/5 7138/2/5 7137/2/5
f 7149/3/5 7137/3/5 7148/3/5
f 7150/2/5 7138/2/5 7149/2/5
f 7151/1/5 7145/1/5 7139/1/5
f 7152/3/5 7146/3/5 7145/3/5
f 7152/1/5 7145/1/5 7151/1/5
f 7153/2/5 7142/2/5 7146/2/5
f 7153/3/5 7146/3/5 7152/3/5
f 7154/1/5 7148/1/5 7147/1/5
f 7154/3/5 7149/3/5 7148/3/5
f 7155/1/5 7150/1/5 7149/1/5
f 7155/3/5 7149/3/5 7154/3/5
f 7156/1/5 7150/1/5 7155/1/5
f 7157/2/5 7152/2/5 7151/2/5
f 7158/1/5 7153/1/5 7152/1/5
f 7158/2/5 7152/2/5 7157/2/5
f 7159/2/5 7142/2/5 7153/2/5
f 7159/1/5 7153/1/5 7158/1/5
f 7160/2/5 7142/2/5 7159/2/5
f 7161/1/5 7154/1/5 7147/1/5
f 7162/4/5 7155/4/5 7154/4/5
f 7162/1/5 7154/1/5 7161/1/5
f 7163/3/5 7156/3/5 7155/3/5
f 7163/4/5 7155/4/5 7162/4/5
f 7164/3/5 7156/3/5 7163/3/5
f 7165/1/5 7158/1/5 7157/1/5
f 7166/2/5 7159/2/5 7158/2/5
f 7166/1/5 7158/1/5 7165/1/5
f 7167/4/5 7160/4/5 7159/4/5
f 7167/2/5 7159/2/5 7166/2/5
f 7168/4/5 7160/4/5 7167/4/5
f 7169/2/5 7162/2/5 7161/2/5
f 7170/3/5 7163/3/5 7162/3/5
f 7170/2/5 7162/2/5 7169/2/5
f 7171/4/5 7164/4/5 7163/4/5
f 7171/3/5 7163/3/5 7170/3/5
f 7172/4/5 7164/4/5 7171/4/5
f 7173/4/5 7166/4/5 7165/4/5
f 7174/4/5 7166/4/5 7173/4/5
f 7175/1/5 7168/1/5 7167/1/5
f 7176/1/5 7170/1/5 7169/1/5
f 7177/3/5 7171/3/5 7170/3/5
f 7177/1/5 7170/1/5 7176/1/5
f 7178/1/5 7172/1/5 7171/1/5
f 7178/3/5 7171/3/5 7177/3/5
f 7179/1/5 7172/1/5 7178/1/5
f 7180/1/5 7174/1/5 7173/1/5
f 7180/1/5 7175/1/5 7174/1/5
f 7181/1/5 7175/1/5 7180/1/5
f 7182/1/5 7168/1/5 7175/1/5
f 7182/1/5 7175/1/5 7181/1/5
f 7183/4/5 7177/4/5 7176/4/5
f 7183/1/5 7178/1/5 7177/1/5
f 7184/3/5 7179/3/5 7178/3/5
f 7184/1/5 7178/1/5 7183/1/5
f 7185/3/5 7179/3/5 7184/3/5
f 7186/4/5 7181/4/5 7180/4/5
f 7187/3/5 7182/3/5 7181/3/5
f 7187/4/5 7181/4/5 7186/4/5
f 7188/1/5 7168/1/5 7182/1/5
f 7188/3/5 7182/3/5 7187/3/5
f 7189/1/5 7168/1/5 7188/1/5
f 7190/4/5 7183/4/5 7176/4/5
f 7191/2/5 7184/2/5 7183/2/5
f 7191/4/5 7183/4/5 7190/4/5
f 7192/4/5 7185/4/5 7184/4/5
f 7192/2/5 7184/2/5 7191/2/5
f 7193/4/5 7185/4/5 7192/4/5
f 7194/2/5 7187/2/5 7186/2/5
f 7195/4/5 7189/4/5 7188/4/5
f 7195/2/5 7187/2/5 7194/2/5
f 7195/4/5 7188/4/5 7187/4/5
f 7196/4/5 7189/4/5 7195/4/5
f 7197/4/5 7189/4/5 7196/4/5
f 7198/2/5 7191/2/5 7190/2/5
f 7199/3/5 7192/3/5 7191/3/5
f 7199/2/5 7191/2/5 7198/2/5
f 7200/1/5 7193/1/5 7192/1/5
f 7200/3/5 7192/3/5 7199/3/5
f 7201/1/5 7193/1/5 7200/1/5
f 7202/3/5 7195/3/5 7194/3/5
f 7203/2/5 7196/2/5 7195/2/5
f 7203/3/5 7195/3/5 7202/3/5
f 7204/1/5 7197/1/5 7196/1/5
f 7204/2/5 7196/2/5 7203/2/5
f 7205/1/5 7197/1/5 7204/1/5
f 7206/1/5 7199/1/5 7198/1/5
f 7206/1/5 7200/1/5 7199/1/5
f 7207/1/5 7200/1/5 7206/1/5
f 7208/2/5 7201/2/5 7200/2/5
f 7208/1/5 7200/1/5 7207/1/5
f 7209/2/5 7201/2/5 7208/2/5
f 7210/2/5 7203/2/5 7202/2/5
f 7211/4/5 7204/4/5 7203/4/5
f 7211/2/5 7203/2/5 7210/2/5
f 7212/2/5 7205/2/5 7204/2/5
f 7212/4/5 7204/4/5 7211/4/5
f 7213/3/5 7207/3/5 7206/3/5
f 7213/2/5 7208/2/5 7207/2/5
f 7214/1/5 7209/1/5 7208/1/5
f 7214/2/5 7208/2/5 7213/2/5
f 7215/1/5 7209/1/5 7214/1/5
f 7216/1/5 7211/1/5 7210/1/5
f 7216/1/5 7212/1/5 7211/1/5
f 7217/1/5 7212/1/5 7216/1/5
f 7218/2/5 7205/2/5 7212/2/5
f 7218/1/5 7212/1/5 7217/1/5
f 7219/2/5 7205/2/5 7218/2/5
f 7220/3/5 7213/3/5 7206/3/5
f 7221/3/5 7213/3/5 7220/3/5
f 7222/2/5 7215/2/5 7214/2/5
f 7223/2/5 7215/2/5 7222/2/5
f 7224/4/5 7217/4/5 7216/4/5
f 7225/2/5 7218/2/5 7217/2/5
f 7225/4/5 7217/4/5 7224/4/5
f 7226/4/5 7219/4/5 7218/4/5
f 7226/2/5 7218/2/5 7225/2/5
f 7227/4/5 7219/4/5 7226/4/5
f 7228/2/5 7221/2/5 7220/2/5
f 7229/1/5 7222/1/5 7221/1/5
f 7229/2/5 7221/2/5 7228/2/5
f 7229/1/5 7223/1/5 7222/1/5
f 7230/1/5 7223/1/5 7229/1/5
f 7231/1/5 7223/1/5 7230/1/5
f 7232/1/5 7225/1/5 7224/1/5
f 7233/4/5 7226/4/5 7225/4/5
f 7233/1/5 7225/1/5 7232/1/5
f 7234/3/5 7227/3/5 7226/3/5
f 7234/4/5 7226/4/5 7233/4/5
f 7235/3/5 7227/3/5 7234/3/5
f 7236/3/5 7229/3/5 7228/3/5
f 7236/2/5 7230/2/5 7229/2/5
f 7237/3/5 7231/3/5 7230/3/5
f 7237/2/5 7230/2/5 7236/2/5
f 7238/2/5 7233/2/5 7232/2/5
f 7239/4/5 7235/4/5 7234/4/5
f 7239/2/5 7233/2/5 7238/2/5
f 7239/4/5 7234/4/5 7233/4/5
f 7240/4/5 7235/4/5 7239/4/5
f 7241/4/5 7235/4/5 7240/4/5
f 7242/3/5 7236/3/5 7228/3/5
f 7243/1/5 7237/1/5 7236/1/5
f 7243/3/5 7236/3/5 7242/3/5
f 7244/3/5 7231/3/5 7237/3/5
f 7244/1/5 7237/1/5 7243/1/5
f 7245/3/5 7239/3/5 7238/3/5
f 7246/4/5 7240/4/5 7239/4/5
f 7246/3/5 7239/3/5 7245/3/5
f 7247/1/5 7241/1/5 7240/1/5
f 7247/4/5 7240/4/5 7246/4/5
f 7248/1/5 7241/1/5 7247/1/5
f 7249/1/5 7243/1/5 7242/1/5
f 7250/4/5 7244/4/5 7243/4/5
f 7250/1/5 7243/1/5 7249/1/5
f 7251/3/5 7231/3/5 7244/3/5
f 7251/4/5 7244/4/5 7250/4/5
f 7252/3/5 7231/3/5 7251/3/5
f 7253/4/5 7246/4/5 7245/4/5
f 7253/4/5 7247/4/5 7246/4/5
f 7254/3/5 7248/3/5 7247/3/5
f 7254/4/5 7247/4/5 7253/4/5
f 7255/3/5 7248/3/5 7254/3/5
f 7256/4/5 7250/4/5 7249/4/5
f 7257/2/5 7251/2/5 7250/2/5
f 7257/4/5 7250/4/5 7256/4/5
f 7258/4/5 7252/4/5 7251/4/5
f 7258/2/5 7251/2/5 7257/2/5
f 7259/4/5 7252/4/5 7258/4/5
f 7260/1/5 7255/1/5 7254/1/5
f 7260/1/5 7254/1/5 7253/1/5
f 7261/1/5 7255/1/5 7260/1/5
f 7262/1/5 7257/1/5 7256/1/5
f 7262/1/5 7258/1/5 7257/1/5
f 7263/1/5 7258/1/5 7262/1/5
f 7264/2/5 7259/2/5 7258/2/5
f 7264/1/5 7258/1/5 7263/1/5
f 7265/2/5 7259/2/5 7264/2/5
f 7266/4/5 7253/4/5 7245/4/5
f 7267/1/5 7260/1/5 7253/1/5
f 7267/4/5 7253/4/5 7266/4/5
f 7268/3/5 7261/3/5 7260/3/5
f 7268/1/5 7260/1/5 7267/1/5
f 7269/3/5 7263/3/5 7262/3/5
f 7270/1/5 7264/1/5 7263/1/5
f 7270/3/5 7263/3/5 7269/3/5
f 7271/4/5 7265/4/5 7264/4/5
f 7271/1/5 7264/1/5 7270/1/5
f 7272/2/5 7267/2/5 7266/2/5
f 7273/3/5 7268/3/5 7267/3/5
f 7273/2/5 7267/2/5 7272/2/5
f 7274/3/5 7261/3/5 7268/3/5
f 7274/3/5 7268/3/5 7273/3/5
f 7275/3/5 7261/3/5 7274/3/5
f 7276/4/5 7270/4/5 7269/4/5
f 7276/4/5 7271/4/5 7270/4/5
f 7277/4/5 7271/4/5 7276/4/5
f 7278/4/5 7265/4/5 7271/4/5
f 7278/4/5 7271/4/5 7277/4/5
f 7279/4/5 7265/4/5 7278/4/5
f 7280/1/5 7273/1/5 7272/1/5
f 7281/2/5 7274/2/5 7273/2/5
f 7281/1/5 7273/1/5 7280/1/5
f 7282/1/5 7275/1/5 7274/1/5
f 7282/2/5 7274/2/5 7281/2/5
f 7283/1/5 7275/1/5 7282/1/5
f 7284/1/5 7277/1/5 7276/1/5
f 7285/1/5 7277/1/5 7284/1/5
f 7286/1/5 7279/1/5 7278/1/5
f 7287/1/5 7279/1/5 7286/1/5
f 7288/4/5 7281/4/5 7280/4/5
f 7289/2/5 7282/2/5 7281/2/5
f 7289/4/5 7281/4/5 7288/4/5
f 7290/3/5 7283/3/5 7282/3/5
f 7290/2/5 7282/2/5 7289/2/5
f 7291/3/5 7283/3/5 7290/3/5
f 7292/4/5 7285/4/5 7284/4/5
f 7292/2/5 7286/2/5 7285/2/5
f 7293/3/5 7287/3/5 7286/3/5
f 7293/2/5 7286/2/5 7292/2/5
f 7294/3/5 7287/3/5 7293/3/5
f 7295/3/5 7289/3/5 7288/3/5
f 7296/1/5 7291/1/5 7290/1/5
f 7296/3/5 7289/3/5 7295/3/5
f 7296/1/5 7290/1/5 7289/1/5
f 7297/1/5 7291/1/5 7296/1/5
f 7298/4/5 7292/4/5 7284/4/5
f 7298/1/5 7293/1/5 7292/1/5
f 7299/2/5 7294/2/5 7293/2/5
f 7299/1/5 7293/1/5 7298/1/5
f 7300/2/5 7294/2/5 7299/2/5
f 7301/3/5 7297/3/5 7296/3/5
f 7301/1/5 7296/1/5 7295/1/5
f 7302/3/5 7297/3/5 7301/3/5
f 7303/4/5 7298/4/5 7284/4/5
f 7303/4/5 7299/4/5 7298/4/5
f 7304/4/5 7299/4/5 7303/4/5
f 7305/2/5 7302/2/5 7301/2/5
f 7305/1/5 7301/1/5 7295/1/5
f 7306/3/5 7297/3/5 7302/3/5
f 7306/2/5 7302/2/5 7305/2/5
f 7307/1/5 7304/1/5 7303/1/5
f 7308/4/5 7299/4/5 7304/4/5
f 7308/1/5 7304/1/5 7307/1/5
f 7309/1/5 7300/1/5 7299/1/5
f 7309/4/5 7299/4/5 7308/4/5
f 7310/1/5 7300/1/5 7309/1/5
f 7311/1/5 7305/1/5 7295/1/5
f 7311/1/5 7306/1/5 7305/1/5
f 7312/1/5 7306/1/5 7311/1/5
f 7313/3/5 7297/3/5 7306/3/5
f 7313/1/5 7306/1/5 7312/1/5
f 7314/3/5 7297/3/5 7313/3/5
f 7315/4/5 7308/4/5 7307/4/5
f 7315/4/5 7309/4/5 7308/4/5
f 7316/3/5 7310/3/5 7309/3/5
f 7316/4/5 7309/4/5 7315/4/5
f 7317/3/5 7310/3/5 7316/3/5
f 7318/4/5 7312/4/5 7311/4/5
f 7319/2/5 7314/2/5 7313/2/5
f 7319/4/5 7312/4/5 7318/4/5
f 7319/2/5 7313/2/5 7312/2/5
f 7320/2/5 7314/2/5 7319/2/5
f 7321/2/5 7314/2/5 7320/2/5
f 7322/1/5 7316/1/5 7315/1/5
f 7323/4/5 7317/4/5 7316/4/5
f 7323/1/5 7316/1/5 7322/1/5
f 7324/4/5 7317/4/5 7323/4/5
f 7325/1/5 7319/1/5 7318/1/5
f 7326/1/5 7319/1/5 7325/1/5
f 7327/3/5 7321/3/5 7320/3/5
f 7328/3/5 7321/3/5 7327/3/5
f 7329/2/5 7323/2/5 7322/2/5
f 7330/2/5 7323/2/5 7329/2/5
f 7331/1/5 7324/1/5 7323/1/5
f 7331/2/5 7323/2/5 7330/2/5
f 7332/3/5 7326/3/5 7325/3/5
f 7333/4/5 7327/4/5 7326/4/5
f 7333/3/5 7326/3/5 7332/3/5
f 7334/2/5 7328/2/5 7327/2/5
f 7334/4/5 7327/4/5 7333/4/5
f 7335/4/5 7330/4/5 7329/4/5
f 7336/3/5 7331/3/5 7330/3/5
f 7336/4/5 7330/4/5 7335/4/5
f 7337/1/5 7324/1/5 7331/1/5
f 7337/3/5 7331/3/5 7336/3/5
f 7338/1/5 7324/1/5 7337/1/5
f 7339/1/5 7333/1/5 7332/1/5
f 7340/3/5 7334/3/5 7333/3/5
f 7340/1/5 7333/1/5 7339/1/5
f 7341/2/5 7328/2/5 7334/2/5
f 7341/3/5 7334/3/5 7340/3/5
f 7342/2/5 7328/2/5 7341/2/5
f 7343/2/5 7336/2/5 7335/2/5
f 7343/2/5 7337/2/5 7336/2/5
f 7344/2/5 7337/2/5 7343/2/5
f 7345/4/5 7338/4/5 7337/4/5
f 7345/2/5 7337/2/5 7344/2/5
f 7346/2/5 7340/2/5 7339/2/5
f 7347/4/5 7342/4/5 7341/4/5
f 7347/2/5 7340/2/5 7346/2/5
f 7347/4/5 7341/4/5 7340/4/5
f 7348/4/5 7342/4/5 7347/4/5
f 7349/1/5 7344/1/5 7343/1/5
f 7350/4/5 7345/4/5 7344/4/5
f 7350/1/5 7344/1/5 7349/1/5
f 7351/4/5 7338/4/5 7345/4/5
f 7351/4/5 7345/4/5 7350/4/5
f 7352/4/5 7347/4/5 7346/4/5
f 7353/3/5 7348/3/5 7347/3/5
f 7353/4/5 7347/4/5 7352/4/5
f 7354/3/5 7348/3/5 7353/3/5
f 7355/4/5 7350/4/5 7349/4/5
f 7356/2/5 7351/2/5 7350/2/5
f 7356/4/5 7350/4/5 7355/4/5
f 7357/4/5 7338/4/5 7351/4/5
f 7357/2/5 7351/2/5 7356/2/5
f 7358/4/5 7338/4/5 7357/4/5
f 7359/2/5 7354/2/5 7353/2/5
f 7359/2/5 7353/2/5 7352/2/5
f 7360/2/5 7354/2/5 7359/2/5
f 7361/2/5 7354/2/5 7360/2/5
f 7362/2/5 7354/2/5 7361/2/5
f 7363/2/5 7356/2/5 7355/2/5
f 7364/3/5 7357/3/5 7356/3/5
f 7364/2/5 7356/2/5 7363/2/5
f 7365/2/5 7358/2/5 7357/2/5
f 7365/3/5 7357/3/5 7364/3/5
f 7366/2/5 7358/2/5 7365/2/5
f 7375/3/5 7368/3/5 7367/3/5
f 7376/3/5 7368/3/5 7375/3/5
f 7377/2/5 7370/2/5 7369/2/5
f 7378/2/5 7370/2/5 7377/2/5
f 7379/1/5 7372/1/5 7371/1/5
f 7380/1/5 7372/1/5 7379/1/5
f 7381/4/5 7374/4/5 7373/4/5
f 7382/4/5 7374/4/5 7381/4/5
f 7404/1/5 7384/1/5 7383/1/5
f 7405/4/5 7385/4/5 7384/4/5
f 7405/1/5 7384/1/5 7404/1/5
f 7406/4/5 7385/4/5 7405/4/5
f 7407/4/5 7385/4/5 7406/4/5
f 7408/2/5 7387/2/5 7386/2/5
f 7409/3/5 7388/3/5 7387/3/5
f 7409/2/5 7387/2/5 7408/2/5
f 7410/2/5 7389/2/5 7388/2/5
f 7410/3/5 7388/3/5 7409/3/5
f 7411/3/5 7390/3/5 7389/3/5
f 7411/2/5 7389/2/5 7410/2/5
f 7412/4/5 7391/4/5 7390/4/5
f 7412/3/5 7390/3/5 7411/3/5
f 7413/1/5 7392/1/5 7391/1/5
f 7413/4/5 7391/4/5 7412/4/5
f 7414/1/5 7392/1/5 7413/1/5
f 7415/4/5 7393/4/5 7392/4/5
f 7415/1/5 7392/1/5 7414/1/5
f 7416/2/5 7394/2/5 7393/2/5
f 7416/4/5 7393/4/5 7415/4/5
f 7417/3/5 7395/3/5 7394/3/5
f 7417/2/5 7394/2/5 7416/2/5
f 7418/1/5 7396/1/5 7395/1/5
f 7418/3/5 7395/3/5 7417/3/5
f 7419/2/5 7397/2/5 7396/2/5
f 7419/1/5 7396/1/5 7418/1/5
f 7420/2/5 7397/2/5 7419/2/5
f 7421/1/5 7398/1/5 7397/1/5
f 7421/2/5 7397/2/5 7420/2/5
f 7422/4/5 7399/4/5 7398/4/5
f 7422/1/5 7398/1/5 7421/1/5
f 7423/1/5 7400/1/5 7399/1/5
f 7423/4/5 7399/4/5 7422/4/5
f 7424/1/5 7400/1/5 7423/1/5
f 7425/4/5 7402/4/5 7401/4/5
f 7426/1/5 7403/1/5 7402/1/5
f 7426/4/5 7402/4/5 7425/4/5
f 7427/1/5 7403/1/5 7426/1/5
f 7428/3/5 7405/3/5 7404/3/5
f 7429/1/5 7406/1/5 7405/1/5
f 7429/3/5 7405/3/5 7428/3/5
f 7430/2/5 7407/2/5 7406/2/5
f 7430/1/5 7406/1/5 7429/1/5
f 7431/2/5 7407/2/5 7430/2/5
f 7432/2/5 7409/2/5 7408/2/5
f 7433/4/5 7410/4/5 7409/4/5
f 7433/2/5 7409/2/5 7432/2/5
f 7434/2/5 7411/2/5 7410/2/5
f 7434/4/5 7410/4/5 7433/4/5
f 7435/4/5 7412/4/5 7411/4/5
f 7435/2/5 7411/2/5 7434/2/5
f 7436/2/5 7413/2/5 7412/2/5
f 7436/4/5 7412/4/5 7435/4/5
f 7437/2/5 7413/2/5 7436/2/5
f 7438/2/5 7413/2/5 7437/2/5
f 7439/4/5 7414/4/5 7413/4/5
f 7439/2/5 7413/2/5 7438/2/5
f 7440/1/5 7415/1/5 7414/1/5
f 7440/4/5 7414/4/5 7439/4/5
f 7441/3/5 7416/3/5 7415/3/5
f 7441/1/5 7415/1/5 7440/1/5
f 7442/4/5 7417/4/5 7416/4/5
f 7442/3/5 7416/3/5 7441/3/5
f 7443/2/5 7418/2/5 7417/2/5
f 7443/4/5 7417/4/5 7442/4/5
f 7444/3/5 7419/3/5 7418/3/5
f 7444/2/5 7418/2/5 7443/2/5
f 7445/2/5 7420/2/5 7419/2/5
f 7445/3/5 7419/3/5 7444/3/5
f 7446/3/5 7421/3/5 7420/3/5
f 7446/3/5 7422/3/5 7421/3/5
f 7446/3/5 7424/3/5 7423/3/5
f 7446/3/5 7423/3/5 7422/3/5
f 7447/3/5 7424/3/5 7446/3/5
f 7448/3/5 7424/3/5 7447/3/5
f 7449/3/5 7426/3/5 7425/3/5
f 7450/3/5 7426/3/5 7449/3/5
f 7451/2/5 7427/2/5 7426/2/5
f 7451/3/5 7426/3/5 7450/3/5
f 7452/2/5 7429/2/5 7428/2/5
f 7452/4/5 7431/4/5 7430/4/5
f 7452/4/5 7430/4/5 7429/4/5
f 7453/4/5 7431/4/5 7452/4/5
f 7454/4/5 7433/4/5 7432/4/5
f 7455/4/5 7433/4/5 7454/4/5
f 7456/1/5 7434/1/5 7433/1/5
f 7456/4/5 7433/4/5 7455/4/5
f 7457/3/5 7435/3/5 7434/3/5
f 7457/1/5 7434/1/5 7456/1/5
f 7457/3/5 7436/3/5 7435/3/5
f 7458/3/5 7436/3/5 7457/3/5
f 7459/4/5 7437/4/5 7436/4/5
f 7459/3/5 7436/3/5 7458/3/5
f 7460/3/5 7438/3/5 7437/3/5
f 7460/4/5 7437/4/5 7459/4/5
f 7461/4/5 7439/4/5 7438/4/5
f 7461/3/5 7438/3/5 7460/3/5
f 7462/2/5 7440/2/5 7439/2/5
f 7462/4/5 7439/4/5 7461/4/5
f 7463/3/5 7441/3/5 7440/3/5
f 7463/2/5 7440/2/5 7462/2/5
f 7464/2/5 7442/2/5 7441/2/5
f 7464/2/5 7443/2/5 7442/2/5
f 7465/3/5 7444/3/5 7443/3/5
f 7465/2/5 7443/2/5 7464/2/5
f 7466/4/5 7445/4/5 7444/4/5
f 7466/3/5 7444/3/5 7465/3/5
f 7467/2/5 7420/2/5 7445/2/5
f 7467/4/5 7445/4/5 7466/4/5
f 7468/3/5 7446/3/5 7420/3/5
f 7468/2/5 7420/2/5 7467/2/5
f 7469/1/5 7447/1/5 7446/1/5
f 7469/3/5 7446/3/5 7468/3/5
f 7470/4/5 7448/4/5 7447/4/5
f 7470/1/5 7447/1/5 7469/1/5
f 7471/4/5 7448/4/5 7470/4/5
f 7472/4/5 7448/4/5 7471/4/5
f 7473/4/5 7448/4/5 7472/4/5
f 7474/1/5 7450/1/5 7449/1/5
f 7475/4/5 7451/4/5 7450/4/5
f 7475/1/5 7450/1/5 7474/1/5
f 7476/2/5 7427/2/5 7451/2/5
f 7476/4/5 7451/4/5 7475/4/5
f 7477/2/5 7452/2/5 7428/2/5
f 7478/1/5 7453/1/5 7452/1/5
f 7478/2/5 7452/2/5 7477/2/5
f 7479/1/5 7453/1/5 7478/1/5
f 7480/4/5 7455/4/5 7454/4/5
f 7481/1/5 7458/1/5 7457/1/5
f 7481/4/5 7455/4/5 7480/4/5
f 7481/1/5 7456/1/5 7455/1/5
f 7481/1/5 7457/1/5 7456/1/5
f 7482/3/5 7459/3/5 7458/3/5
f 7482/1/5 7458/1/5 7481/1/5
f 7483/1/5 7460/1/5 7459/1/5
f 7483/3/5 7459/3/5 7482/3/5
f 7484/4/5 7461/4/5 7460/4/5
f 7484/1/5 7460/1/5 7483/1/5
f 7485/3/5 7462/3/5 7461/3/5
f 7485/4/5 7461/4/5 7484/4/5
f 7486/1/5 7463/1/5 7462/1/5
f 7486/3/5 7462/3/5 7485/3/5
f 7487/3/5 7441/3/5 7463/3/5
f 7487/1/5 7463/1/5 7486/1/5
f 7488/2/5 7464/2/5 7441/2/5
f 7488/3/5 7441/3/5 7487/3/5
f 7489/1/5 7465/1/5 7464/1/5
f 7489/2/5 7464/2/5 7488/2/5
f 7490/4/5 7466/4/5 7465/4/5
f 7490/1/5 7465/1/5 7489/1/5
f 7491/3/5 7467/3/5 7466/3/5
f 7491/4/5 7466/4/5 7490/4/5
f 7492/2/5 7468/2/5 7467/2/5
f 7492/3/5 7467/3/5 7491/3/5
f 7493/1/5 7469/1/5 7468/1/5
f 7493/2/5 7468/2/5 7492/2/5
f 7494/3/5 7470/3/5 7469/3/5
f 7494/1/5 7469/1/5 7493/1/5
f 7494/3/5 7471/3/5 7470/3/5
f 7495/1/5 7472/1/5 7471/1/5
f 7495/3/5 7471/3/5 7494/3/5
f 7496/3/5 7473/3/5 7472/3/5
f 7496/1/5 7472/1/5 7495/1/5
f 7497/3/5 7473/3/5 7496/3/5
f 7498/3/5 7475/3/5 7474/3/5
f 7499/1/5 7476/1/5 7475/1/5
f 7499/3/5 7475/3/5 7498/3/5
f 7500/2/5 7427/2/5 7476/2/5
f 7500/1/5 7476/1/5 7499/1/5
f 7501/2/5 7427/2/5 7500/2/5
f 7526/3/5 7503/3/5 7502/3/5
f 7527/3/5 7503/3/5 7526/3/5
f 7528/4/5 7504/4/5 7503/4/5
f 7528/3/5 7503/3/5 7527/3/5
f 7529/4/5 7504/4/5 7528/4/5
f 7530/3/5 7506/3/5 7505/3/5
f 7531/4/5 7507/4/5 7506/4/5
f 7531/3/5 7506/3/5 7530/3/5
f 7532/4/5 7507/4/5 7531/4/5
f 7533/2/5 7508/2/5 7507/2/5
f 7533/4/5 7507/4/5 7532/4/5
f 7534/3/5 7509/3/5 7508/3/5
f 7534/2/5 7508/2/5 7533/2/5
f 7535/2/5 7510/2/5 7509/2/5
f 7535/3/5 7509/3/5 7534/3/5
f 7536/3/5 7511/3/5 7510/3/5
f 7536/2/5 7510/2/5 7535/2/5
f 7537/1/5 7512/1/5 7511/1/5
f 7537/3/5 7511/3/5 7536/3/5
f 7538/2/5 7513/2/5 7512/2/5
f 7538/1/5 7512/1/5 7537/1/5
f 7539/3/5 7514/3/5 7513/3/5
f 7539/2/5 7513/2/5 7538/2/5
f 7540/1/5 7515/1/5 7514/1/5
f 7540/3/5 7514/3/5 7539/3/5
f 7541/2/5 7516/2/5 7515/2/5
f 7541/1/5 7515/1/5 7540/1/5
f 7542/3/5 7517/3/5 7516/3/5
f 7542/2/5 7516/2/5 7541/2/5
f 7543/1/5 7518/1/5 7517/1/5
f 7543/3/5 7517/3/5 7542/3/5
f 7544/3/5 7519/3/5 7518/3/5
f 7544/1/5 7518/1/5 7543/1/5
f 7545/3/5 7519/3/5 7544/3/5
f 7546/4/5 7520/4/5 7519/4/5
f 7546/3/5 7519/3/5 7545/3/5
f 7547/2/5 7521/2/5 7520/2/5
f 7547/4/5 7520/4/5 7546/4/5
f 7548/1/5 7522/1/5 7521/1/5
f 7548/2/5 7521/2/5 7547/2/5
f 7549/1/5 7522/1/5 7548/1/5
f 7550/3/5 7524/3/5 7523/3/5
f 7551/2/5 7525/2/5 7524/2/5
f 7551/3/5 7524/3/5 7550/3/5
f 7552/2/5 7525/2/5 7551/2/5
f 7553/1/5 7527/1/5 7526/1/5
f 7554/2/5 7529/2/5 7528/2/5
f 7554/1/5 7527/1/5 7553/1/5
f 7554/2/5 7528/2/5 7527/2/5
f 7555/2/5 7529/2/5 7554/2/5
f 7556/2/5 7529/2/5 7555/2/5
f 7557/4/5 7531/4/5 7530/4/5
f 7558/4/5 7531/4/5 7557/4/5
f 7559/3/5 7532/3/5 7531/3/5
f 7559/4/5 7531/4/5 7558/4/5
f 7560/1/5 7533/1/5 7532/1/5
f 7560/3/5 7532/3/5 7559/3/5
f 7560/1/5 7534/1/5 7533/1/5
f 7561/1/5 7534/1/5 7560/1/5
f 7562/4/5 7535/4/5 7534/4/5
f 7562/1/5 7534/1/5 7561/1/5
f 7562/4/5 7536/4/5 7535/4/5
f 7563/3/5 7537/3/5 7536/3/5
f 7563/4/5 7536/4/5 7562/4/5
f 7564/2/5 7538/2/5 7537/2/5
f 7564/3/5 7537/3/5 7563/3/5
f 7565/4/5 7539/4/5 7538/4/5
f 7565/2/5 7538/2/5 7564/2/5
f 7565/4/5 7540/4/5 7539/4/5
f 7566/4/5 7540/4/5 7565/4/5
f 7567/1/5 7541/1/5 7540/1/5
f 7567/4/5 7540/4/5 7566/4/5
f 7568/3/5 7542/3/5 7541/3/5
f 7568/1/5 7541/1/5 7567/1/5
f 7569/4/5 7543/4/5 7542/4/5
f 7569/3/5 7542/3/5 7568/3/5
f 7569/4/5 7545/4/5 7544/4/5
f 7569/4/5 7544/4/5 7543/4/5
f 7570/4/5 7545/4/5 7569/4/5
f 7571/2/5 7546/2/5 7545/2/5
f 7571/4/5 7545/4/5 7570/4/5
f 7572/4/5 7547/4/5 7546/4/5
f 7572/2/5 7546/2/5 7571/2/5
f 7573/3/5 7548/3/5 7547/3/5
f 7573/4/5 7547/4/5 7572/4/5
f 7574/4/5 7549/4/5 7548/4/5
f 7574/3/5 7548/3/5 7573/3/5
f 7575/4/5 7549/4/5 7574/4/5
f 7576/3/5 7551/3/5 7550/3/5
f 7577/3/5 7551/3/5 7576/3/5
f 7578/1/5 7552/1/5 7551/1/5
f 7578/3/5 7551/3/5 7577/3/5
f 7579/1/5 7552/1/5 7578/1/5
f 7580/4/5 7554/4/5 7553/4/5
f 7581/1/5 7555/1/5 7554/1/5
f 7581/4/5 7554/4/5 7580/4/5
f 7582/3/5 7556/3/5 7555/3/5
f 7582/1/5 7555/1/5 7581/1/5
f 7583/3/5 7556/3/5 7582/3/5
f 7584/2/5 7558/2/5 7557/2/5
f 7585/1/5 7559/1/5 7558/1/5
f 7585/2/5 7558/2/5 7584/2/5
f 7586/4/5 7561/4/5 7560/4/5
f 7586/1/5 7559/1/5 7585/1/5
f 7586/4/5 7560/4/5 7559/4/5
f 7587/2/5 7562/2/5 7561/2/5
f 7587/4/5 7561/4/5 7586/4/5
f 7588/3/5 7563/3/5 7562/3/5
f 7588/2/5 7562/2/5 7587/2/5
f 7589/3/5 7563/3/5 7588/3/5
f 7590/1/5 7564/1/5 7563/1/5
f 7590/3/5 7563/3/5 7589/3/5
f 7591/3/5 7565/3/5 7564/3/5
f 7591/1/5 7564/1/5 7590/1/5
f 7592/4/5 7566/4/5 7565/4/5
f 7592/3/5 7565/3/5 7591/3/5
f 7593/2/5 7567/2/5 7566/2/5
f 7593/4/5 7566/4/5 7592/4/5
f 7593/2/5 7568/2/5 7567/2/5
f 7594/4/5 7569/4/5 7568/4/5
f 7594/2/5 7568/2/5 7593/2/5
f 7595/3/5 7570/3/5 7569/3/5
f 7595/4/5 7569/4/5 7594/4/5
f 7596/4/5 7571/4/5 7570/4/5
f 7596/3/5 7570/3/5 7595/3/5
f 7596/4/5 7572/4/5 7571/4/5
f 7597/4/5 7572/4/5 7596/4/5
f 7598/4/5 7572/4/5 7597/4/5
f 7599/2/5 7573/2/5 7572/2/5
f 7599/4/5 7572/4/5 7598/4/5
f 7600/4/5 7574/4/5 7573/4/5
f 7600/2/5 7573/2/5 7599/2/5
f 7601/1/5 7575/1/5 7574/1/5
f 7601/4/5 7574/4/5 7600/4/5
f 7602/1/5 7575/1/5 7601/1/5
f 7603/2/5 7577/2/5 7576/2/5
f 7604/4/5 7578/4/5 7577/4/5
f 7604/2/5 7577/2/5 7603/2/5
f 7605/2/5 7579/2/5 7578/2/5
f 7605/4/5 7578/4/5 7604/4/5
f 7606/2/5 7579/2/5 7605/2/5
f 7607/2/5 7581/2/5 7580/2/5
f 7608/3/5 7582/3/5 7581/3/5
f 7608/2/5 7581/2/5 7607/2/5
f 7609/4/5 7583/4/5 7582/4/5
f 7609/3/5 7582/3/5 7608/3/5
f 7610/4/5 7583/4/5 7609/4/5
f 7611/3/5 7585/3/5 7584/3/5
f 7611/3/5 7586/3/5 7585/3/5
f 7612/4/5 7587/4/5 7586/4/5
f 7612/3/5 7586/3/5 7611/3/5
f 7613/4/5 7587/4/5 7612/4/5
f 7614/2/5 7589/2/5 7588/2/5
f 7614/1/5 7588/1/5 7587/1/5
f 7615/3/5 7591/3/5 7590/3/5
f 7615/2/5 7589/2/5 7614/2/5
f 7615/3/5 7590/3/5 7589/3/5
f 7616/3/5 7591/3/5 7615/3/5
f 7617/4/5 7592/4/5 7591/4/5
f 7617/3/5 7591/3/5 7616/3/5
f 7618/3/5 7594/3/5 7593/3/5
f 7618/4/5 7592/4/5 7617/4/5
f 7618/3/5 7595/3/5 7594/3/5
f 7618/3/5 7593/3/5 7592/3/5
f 7619/3/5 7595/3/5 7618/3/5
f 7620/3/5 7595/3/5 7619/3/5
f 7621/3/5 7595/3/5 7620/3/5
f 7622/1/5 7596/1/5 7595/1/5
f 7622/3/5 7595/3/5 7621/3/5
f 7623/2/5 7597/2/5 7596/2/5
f 7623/1/5 7596/1/5 7622/1/5
f 7624/3/5 7598/3/5 7597/3/5
f 7624/2/5 7597/2/5 7623/2/5
f 7625/1/5 7599/1/5 7598/1/5
f 7625/3/5 7598/3/5 7624/3/5
f 7626/3/5 7600/3/5 7599/3/5
f 7626/1/5 7599/1/5 7625/1/5
f 7627/2/5 7602/2/5 7601/2/5
f 7627/1/5 7601/1/5 7600/1/5
f 7628/2/5 7602/2/5 7627/2/5
f 7629/4/5 7604/4/5 7603/4/5
f 7630/2/5 7605/2/5 7604/2/5
f 7630/4/5 7604/4/5 7629/4/5
f 7631/1/5 7606/1/5 7605/1/5
f 7631/2/5 7605/2/5 7630/2/5
f 7632/1/5 7606/1/5 7631/1/5
f 7633/3/5 7608/3/5 7607/3/5
f 7633/1/5 7610/1/5 7609/1/5
f 7633/3/5 7609/3/5 7608/3/5
f 7634/1/5 7610/1/5 7633/1/5
f 7635/2/5 7612/2/5 7611/2/5
f 7636/2/5 7612/2/5 7635/2/5
f 7637/1/5 7613/1/5 7612/1/5
f 7637/2/5 7612/2/5 7636/2/5
f 7638/4/5 7587/4/5 7613/4/5
f 7638/1/5 7613/1/5 7637/1/5
f 7639/2/5 7616/2/5 7615/2/5
f 7639/1/5 7615/1/5 7614/1/5
f 7640/1/5 7617/1/5 7616/1/5
f 7640/2/5 7616/2/5 7639/2/5
f 7641/4/5 7618/4/5 7617/4/5
f 7641/1/5 7617/1/5 7640/1/5
f 7642/1/5 7619/1/5 7618/1/5
f 7642/4/5 7618/4/5 7641/4/5
f 7643/3/5 7620/3/5 7619/3/5
f 7643/1/5 7619/1/5 7642/1/5
f 7644/4/5 7621/4/5 7620/4/5
f 7644/3/5 7620/3/5 7643/3/5
f 7645/2/5 7623/2/5 7622/2/5
f 7645/4/5 7621/4/5 7644/4/5
f 7645/2/5 7622/2/5 7621/2/5
f 7646/2/5 7623/2/5 7645/2/5
f 7647/1/5 7624/1/5 7623/1/5
f 7647/2/5 7623/2/5 7646/2/5
f 7648/2/5 7625/2/5 7624/2/5
f 7648/1/5 7624/1/5 7647/1/5
f 7649/3/5 7626/3/5 7625/3/5
f 7649/2/5 7625/2/5 7648/2/5
f 7650/3/5 7600/3/5 7626/3/5
f 7650/3/5 7626/3/5 7649/3/5
f 7650/1/5 7628/1/5 7627/1/5
f 7650/1/5 7627/1/5 7600/1/5
f 7651/1/5 7628/1/5 7650/1/5
f 7652/1/5 7628/1/5 7651/1/5
f 7653/2/5 7630/2/5 7629/2/5
f 7654/3/5 7632/3/5 7631/3/5
f 7654/2/5 7630/2/5 7653/2/5
f 7654/3/5 7631/3/5 7630/3/5
f 7655/3/5 7632/3/5 7654/3/5
f 7656/3/5 7632/3/5 7655/3/5
f 7657/3/5 7633/3/5 7607/3/5
f 7658/3/5 7633/3/5 7657/3/5
f 7659/2/5 7634/2/5 7633/2/5
f 7659/3/5 7633/3/5 7658/3/5
f 7660/2/5 7634/2/5 7659/2/5
f 7661/3/5 7636/3/5 7635/3/5
f 7662/1/5 7637/1/5 7636/1/5
f 7662/3/5 7636/3/5 7661/3/5
f 7663/3/5 7638/3/5 7637/3/5
f 7663/1/5 7637/1/5 7662/1/5
f 7664/4/5 7587/4/5 7638/4/5
f 7664/3/5 7638/3/5 7663/3/5
f 7665/1/5 7614/1/5 7587/1/5
f 7665/4/5 7587/4/5 7664/4/5
f 7665/1/5 7639/1/5 7614/1/5
f 7666/1/5 7639/1/5 7665/1/5
f 7667/3/5 7640/3/5 7639/3/5
f 7667/1/5 7639/1/5 7666/1/5
f 7668/2/5 7641/2/5 7640/2/5
f 7668/3/5 7640/3/5 7667/3/5
f 7669/4/5 7644/4/5 7643/4/5
f 7669/2/5 7641/2/5 7668/2/5
f 7669/4/5 7645/4/5 7644/4/5
f 7669/4/5 7643/4/5 7642/4/5
f 7669/4/5 7642/4/5 7641/4/5
f 7670/4/5 7645/4/5 7669/4/5
f 7671/4/5 7645/4/5 7670/4/5
f 7672/4/5 7645/4/5 7671/4/5
f 7673/1/5 7646/1/5 7645/1/5
f 7673/4/5 7645/4/5 7672/4/5
f 7674/4/5 7649/4/5 7648/4/5
f 7674/1/5 7646/1/5 7673/1/5
f 7674/4/5 7647/4/5 7646/4/5
f 7674/4/5 7648/4/5 7647/4/5
f 7675/4/5 7649/4/5 7674/4/5
f 7676/4/5 7649/4/5 7675/4/5
f 7677/1/5 7652/1/5 7651/1/5
f 7678/4/5 7654/4/5 7653/4/5
f 7679/1/5 7655/1/5 7654/1/5
f 7679/4/5 7654/4/5 7678/4/5
f 7680/4/5 7656/4/5 7655/4/5
f 7680/1/5 7655/1/5 7679/1/5
f 7681/4/5 7656/4/5 7680/4/5
f 7682/4/5 7658/4/5 7657/4/5
f 7683/1/5 7659/1/5 7658/1/5
f 7683/4/5 7658/4/5 7682/4/5
f 7684/4/5 7660/4/5 7659/4/5
f 7684/1/5 7659/1/5 7683/1/5
f 7685/4/5 7660/4/5 7684/4/5
f 7686/4/5 7663/4/5 7662/4/5
f 7686/4/5 7662/4/5 7661/4/5
f 7687/4/5 7663/4/5 7686/4/5
f 7688/3/5 7664/3/5 7663/3/5
f 7688/4/5 7663/4/5 7687/4/5
f 7689/2/5 7665/2/5 7664/2/5
f 7689/3/5 7664/3/5 7688/3/5
f 7689/2/5 7666/2/5 7665/2/5
f 7690/2/5 7666/2/5 7689/2/5
f 7691/3/5 7667/3/5 7666/3/5
f 7691/2/5 7666/2/5 7690/2/5
f 7692/1/5 7668/1/5 7667/1/5
f 7692/3/5 7667/3/5 7691/3/5
f 7693/2/5 7670/2/5 7669/2/5
f 7693/1/5 7668/1/5 7692/1/5
f 7693/2/5 7669/2/5 7668/2/5
f 7694/2/5 7670/2/5 7693/2/5
f 7695/1/5 7671/1/5 7670/1/5
f 7695/2/5 7670/2/5 7694/2/5
f 7696/3/5 7673/3/5 7672/3/5
f 7696/2/5 7672/2/5 7671/2/5
f 7697/2/5 7674/2/5 7673/2/5
f 7697/3/5 7673/3/5 7696/3/5
f 7698/3/5 7675/3/5 7674/3/5
f 7698/2/5 7674/2/5 7697/2/5
f 7699/1/5 7676/1/5 7675/1/5
f 7699/3/5 7675/3/5 7698/3/5
f 7700/4/5 7649/4/5 7676/4/5
f 7700/1/5 7676/1/5 7699/1/5
f 7701/2/5 7650/2/5 7649/2/5
f 7701/4/5 7649/4/5 7700/4/5
f 7702/2/5 7650/2/5 7701/2/5
f 7703/3/5 7651/3/5 7650/3/5
f 7703/2/5 7650/2/5 7702/2/5
f 7704/1/5 7677/1/5 7651/1/5
f 7704/3/5 7651/3/5 7703/3/5
f 7705/1/5 7677/1/5 7704/1/5
f 7706/4/5 7679/4/5 7678/4/5
f 7706/4/5 7680/4/5 7679/4/5
f 7707/2/5 7681/2/5 7680/2/5
f 7707/4/5 7680/4/5 7706/4/5
f 7708/2/5 7681/2/5 7707/2/5
f 7709/1/5 7683/1/5 7682/1/5
f 7709/1/5 7684/1/5 7683/1/5
f 7710/3/5 7685/3/5 7684/3/5
f 7710/1/5 7684/1/5 7709/1/5
f 7711/3/5 7685/3/5 7710/3/5
f 7712/4/5 7687/4/5 7686/4/5
f 7713/2/5 7688/2/5 7687/2/5
f 7713/4/5 7687/4/5 7712/4/5
f 7714/1/5 7690/1/5 7689/1/5
f 7714/2/5 7688/2/5 7713/2/5
f 7714/1/5 7689/1/5 7688/1/5
f 7715/2/5 7691/2/5 7690/2/5
f 7715/1/5 7690/1/5 7714/1/5
f 7716/4/5 7692/4/5 7691/4/5
f 7716/2/5 7691/2/5 7715/2/5
f 7717/1/5 7693/1/5 7692/1/5
f 7717/4/5 7692/4/5 7716/4/5
f 7718/4/5 7694/4/5 7693/4/5
f 7718/1/5 7693/1/5 7717/1/5
f 7719/3/5 7695/3/5 7694/3/5
f 7719/4/5 7694/4/5 7718/4/5
f 7720/1/5 7671/1/5 7695/1/5
f 7720/3/5 7695/3/5 7719/3/5
f 7721/2/5 7696/2/5 7671/2/5
f 7721/1/5 7671/1/5 7720/1/5
f 7721/2/5 7697/2/5 7696/2/5
f 7722/1/5 7699/1/5 7698/1/5
f 7722/2/5 7697/2/5 7721/2/5
f 7722/1/5 7698/1/5 7697/1/5
f 7723/3/5 7700/3/5 7699/3/5
f 7723/1/5 7699/1/5 7722/1/5
f 7723/3/5 7701/3/5 7700/3/5
f 7724/1/5 7702/1/5 7701/1/5
f 7724/3/5 7701/3/5 7723/3/5
f 7725/3/5 7703/3/5 7702/3/5
f 7725/1/5 7702/1/5 7724/1/5
f 7726/4/5 7704/4/5 7703/4/5
f 7726/3/5 7703/3/5 7725/3/5
f 7727/2/5 7705/2/5 7704/2/5
f 7727/4/5 7704/4/5 7726/4/5
f 7728/2/5 7705/2/5 7727/2/5
f 7729/4/5 7706/4/5 7678/4/5
f 7730/2/5 7707/2/5 7706/2/5
f 7730/4/5 7706/4/5 7729/4/5
f 7731/1/5 7708/1/5 7707/1/5
f 7731/2/5 7707/2/5 7730/2/5
f 7732/1/5 7708/1/5 7731/1/5
f 7759/3/5 7734/3/5 7733/3/5
f 7760/1/5 7735/1/5 7734/1/5
f 7760/3/5 7734/3/5 7759/3/5
f 7761/2/5 7736/2/5 7735/2/5
f 7761/1/5 7735/1/5 7760/1/5
f 7762/2/5 7736/2/5 7761/2/5
f 7763/2/5 7738/2/5 7737/2/5
f 7764/4/5 7739/4/5 7738/4/5
f 7764/2/5 7738/2/5 7763/2/5
f 7765/2/5 7740/2/5 7739/2/5
f 7765/4/5 7739/4/5 7764/4/5
f 7766/4/5 7741/4/5 7740/4/5
f 7766/2/5 7740/2/5 7765/2/5
f 7767/1/5 7742/1/5 7741/1/5
f 7767/4/5 7741/4/5 7766/4/5
f 7768/4/5 7743/4/5 7742/4/5
f 7768/1/5 7742/1/5 7767/1/5
f 7769/2/5 7744/2/5 7743/2/5
f 7769/4/5 7743/4/5 7768/4/5
f 7770/3/5 7745/3/5 7744/3/5
f 7770/2/5 7744/2/5 7769/2/5
f 7771/3/5 7745/3/5 7770/3/5
f 7772/1/5 7746/1/5 7745/1/5
f 7772/3/5 7745/3/5 7771/3/5
f 7773/3/5 7747/3/5 7746/3/5
f 7773/1/5 7746/1/5 7772/1/5
f 7774/1/5 7748/1/5 7747/1/5
f 7774/3/5 7747/3/5 7773/3/5
f 7775/2/5 7749/2/5 7748/2/5
f 7775/1/5 7748/1/5 7774/1/5
f 7776/1/5 7750/1/5 7749/1/5
f 7776/2/5 7749/2/5 7775/2/5
f 7777/1/5 7750/1/5 7776/1/5
f 7778/2/5 7751/2/5 7750/2/5
f 7778/1/5 7750/1/5 7777/1/5
f 7779/2/5 7751/2/5 7778/2/5
f 7780/4/5 7752/4/5 7751/4/5
f 7780/2/5 7751/2/5 7779/2/5
f 7781/3/5 7753/3/5 7752/3/5
f 7781/4/5 7752/4/5 7780/4/5
f 7782/2/5 7754/2/5 7753/2/5
f 7782/3/5 7753/3/5 7781/3/5
f 7783/2/5 7754/2/5 7782/2/5
f 7784/4/5 7756/4/5 7755/4/5
f 7785/1/5 7757/1/5 7756/1/5
f 7785/4/5 7756/4/5 7784/4/5
f 7786/2/5 7758/2/5 7757/2/5
f 7786/1/5 7757/1/5 7785/1/5
f 7787/2/5 7758/2/5 7786/2/5
f 7788/1/5 7760/1/5 7759/1/5
f 7788/1/5 7762/1/5 7761/1/5
f 7788/1/5 7761/1/5 7760/1/5
f 7789/1/5 7762/1/5 7788/1/5
f 7790/1/5 7762/1/5 7789/1/5
f 7791/1/5 7764/1/5 7763/1/5
f 7792/2/5 7765/2/5 7764/2/5
f 7792/1/5 7764/1/5 7791/1/5
f 7793/4/5 7766/4/5 7765/4/5
f 7793/2/5 7765/2/5 7792/2/5
f 7794/1/5 7767/1/5 7766/1/5
f 7794/4/5 7766/4/5 7793/4/5
f 7794/1/5 7768/1/5 7767/1/5
f 7795/1/5 7768/1/5 7794/1/5
f 7796/2/5 7769/2/5 7768/2/5
f 7796/1/5 7768/1/5 7795/1/5
f 7796/2/5 7770/2/5 7769/2/5
f 7797/2/5 7770/2/5 7796/2/5
f 7798/1/5 7771/1/5 7770/1/5
f 7798/2/5 7770/2/5 7797/2/5
f 7799/4/5 7772/4/5 7771/4/5
f 7799/1/5 7771/1/5 7798/1/5
f 7800/2/5 7773/2/5 7772/2/5
f 7800/4/5 7772/4/5 7799/4/5
f 7801/3/5 7774/3/5 7773/3/5
f 7801/2/5 7773/2/5 7800/2/5
f 7802/4/5 7775/4/5 7774/4/5
f 7802/3/5 7774/3/5 7801/3/5
f 7803/3/5 7776/3/5 7775/3/5
f 7803/4/5 7775/4/5 7802/4/5
f 7804/1/5 7777/1/5 7776/1/5
f 7804/3/5 7776/3/5 7803/3/5
f 7805/4/5 7778/4/5 7777/4/5
f 7805/1/5 7777/1/5 7804/1/5
f 7806/1/5 7779/1/5 7778/1/5
f 7806/4/5 7778/4/5 7805/4/5
f 7807/4/5 7780/4/5 7779/4/5
f 7807/1/5 7779/1/5 7806/1/5
f 7807/4/5 7781/4/5 7780/4/5
f 7808/4/5 7781/4/5 7807/4/5
f 7809/2/5 7782/2/5 7781/2/5
f 7809/4/5 7781/4/5 7808/4/5
f 7810/1/5 7783/1/5 7782/1/5
f 7810/2/5 7782/2/5 7809/2/5
f 7811/1/5 7783/1/5 7810/1/5
f 7812/4/5 7785/4/5 7784/4/5
f 7813/2/5 7786/2/5 7785/2/5
f 7813/4/5 7785/4/5 7812/4/5
f 7814/3/5 7787/3/5 7786/3/5
f 7814/2/5 7786/2/5 7813/2/5
f 7815/3/5 7787/3/5 7814/3/5
f 7816/1/5 7790/1/5 7789/1/5
f 7816/4/5 7789/4/5 7788/4/5
f 7817/1/5 7790/1/5 7816/1/5
f 7818/1/5 7790/1/5 7817/1/5
f 7819/4/5 7792/4/5 7791/4/5
f 7819/4/5 7793/4/5 7792/4/5
f 7820/4/5 7793/4/5 7819/4/5
f 7821/2/5 7794/2/5 7793/2/5
f 7821/4/5 7793/4/5 7820/4/5
f 7822/4/5 7795/4/5 7794/4/5
f 7822/2/5 7794/2/5 7821/2/5
f 7823/1/5 7796/1/5 7795/1/5
f 7823/4/5 7795/4/5 7822/4/5
f 7824/3/5 7797/3/5 7796/3/5
f 7824/1/5 7796/1/5 7823/1/5
f 7825/4/5 7798/4/5 7797/4/5
f 7825/3/5 7797/3/5 7824/3/5
f 7826/2/5 7799/2/5 7798/2/5
f 7826/4/5 7800/4/5 7799/4/5
f 7827/3/5 7801/3/5 7800/3/5
f 7827/4/5 7800/4/5 7826/4/5
f 7828/4/5 7803/4/5 7802/4/5
f 7828/3/5 7801/3/5 7827/3/5
f 7828/4/5 7802/4/5 7801/4/5
f 7828/4/5 7804/4/5 7803/4/5
f 7829/4/5 7804/4/5 7828/4/5
f 7830/4/5 7804/4/5 7829/4/5
f 7831/3/5 7805/3/5 7804/3/5
f 7831/4/5 7804/4/5 7830/4/5
f 7832/4/5 7806/4/5 7805/4/5
f 7832/3/5 7805/3/5 7831/3/5
f 7832/4/5 7808/4/5 7807/4/5
f 7832/4/5 7807/4/5 7806/4/5
f 7833/4/5 7808/4/5 7832/4/5
f 7834/1/5 7809/1/5 7808/1/5
f 7834/4/5 7808/4/5 7833/4/5
f 7835/3/5 7810/3/5 7809/3/5
f 7835/1/5 7809/1/5 7834/1/5
f 7836/4/5 7811/4/5 7810/4/5
f 7837/4/5 7813/4/5 7812/4/5
f 7837/4/5 7814/4/5 7813/4/5
f 7838/1/5 7815/1/5 7814/1/5
f 7838/4/5 7814/4/5 7837/4/5
f 7839/1/5 7815/1/5 7838/1/5
f 7840/4/5 7817/4/5 7816/4/5
f 7840/4/5 7816/4/5 7788/4/5
f 7841/4/5 7817/4/5 7840/4/5
f 7842/3/5 7818/3/5 7817/3/5
f 7842/4/5 7817/4/5 7841/4/5
f 7843/3/5 7818/3/5 7842/3/5
f 7844/3/5 7820/3/5 7819/3/5
f 7845/1/5 7821/1/5 7820/1/5
f 7845/3/5 7820/3/5 7844/3/5
f 7845/1/5 7822/1/5 7821/1/5
f 7846/1/5 7822/1/5 7845/1/5
f 7847/4/5 7823/4/5 7822/4/5
f 7847/1/5 7822/1/5 7846/1/5
f 7848/3/5 7824/3/5 7823/3/5
f 7848/4/5 7823/4/5 7847/4/5
f 7849/1/5 7825/1/5 7824/1/5
f 7849/3/5 7824/3/5 7848/3/5
f 7850/4/5 7798/4/5 7825/4/5
f 7850/1/5 7825/1/5 7849/1/5
f 7851/2/5 7826/2/5 7798/2/5
f 7851/4/5 7798/4/5 7850/4/5
f 7851/2/5 7827/2/5 7826/2/5
f 7851/2/5 7828/2/5 7827/2/5
f 7852/2/5 7828/2/5 7851/2/5
f 7853/2/5 7828/2/5 7852/2/5
f 7854/4/5 7829/4/5 7828/4/5
f 7854/2/5 7828/2/5 7853/2/5
f 7855/2/5 7830/2/5 7829/2/5
f 7855/4/5 7829/4/5 7854/4/5
f 7856/4/5 7831/4/5 7830/4/5
f 7856/2/5 7830/2/5 7855/2/5
f 7857/2/5 7832/2/5 7831/2/5
f 7857/4/5 7831/4/5 7856/4/5
f 7858/4/5 7833/4/5 7832/4/5
f 7858/2/5 7832/2/5 7857/2/5
f 7859/3/5 7834/3/5 7833/3/5
f 7859/4/5 7833/4/5 7858/4/5
f 7859/3/5 7835/3/5 7834/3/5
f 7860/3/5 7810/3/5 7835/3/5
f 7860/3/5 7835/3/5 7859/3/5
f 7861/4/5 7836/4/5 7810/4/5
f 7861/3/5 7810/3/5 7860/3/5
f 7862/4/5 7836/4/5 7861/4/5
f 7863/1/5 7838/1/5 7837/1/5
f 7864/1/5 7838/1/5 7863/1/5
f 7865/2/5 7839/2/5 7838/2/5
f 7865/1/5 7838/1/5 7864/1/5
f 7866/2/5 7839/2/5 7865/2/5
f 7867/2/5 7841/2/5 7840/2/5
f 7868/1/5 7842/1/5 7841/1/5
f 7868/2/5 7841/2/5 7867/2/5
f 7869/4/5 7843/4/5 7842/4/5
f 7869/1/5 7842/1/5 7868/1/5
f 7870/4/5 7843/4/5 7869/4/5
f 7871/2/5 7846/2/5 7845/2/5
f 7871/2/5 7845/2/5 7844/2/5
f 7872/3/5 7847/3/5 7846/3/5
f 7872/2/5 7846/2/5 7871/2/5
f 7873/2/5 7848/2/5 7847/2/5
f 7873/3/5 7847/3/5 7872/3/5
f 7874/1/5 7849/1/5 7848/1/5
f 7874/2/5 7848/2/5 7873/2/5
f 7875/3/5 7850/3/5 7849/3/5
f 7875/1/5 7849/1/5 7874/1/5
f 7876/2/5 7851/2/5 7850/2/5
f 7876/3/5 7850/3/5 7875/3/5
f 7877/4/5 7852/4/5 7851/4/5
f 7877/2/5 7851/2/5 7876/2/5
f 7878/3/5 7853/3/5 7852/3/5
f 7878/4/5 7852/4/5 7877/4/5
f 7879/4/5 7854/4/5 7853/4/5
f 7879/1/5 7855/1/5 7854/1/5
f 7879/1/5 7856/1/5 7855/1/5
f 7880/1/5 7856/1/5 7879/1/5
f 7881/4/5 7857/4/5 7856/4/5
f 7881/1/5 7856/1/5 7880/1/5
f 7881/4/5 7858/4/5 7857/4/5
f 7882/4/5 7858/4/5 7881/4/5
f 7883/3/5 7859/3/5 7858/3/5
f 7883/4/5 7858/4/5 7882/4/5
f 7884/3/5 7859/3/5 7883/3/5
f 7885/2/5 7860/2/5 7859/2/5
f 7885/3/5 7859/3/5 7884/3/5
f 7886/2/5 7860/2/5 7885/2/5
f 7887/1/5 7861/1/5 7860/1/5
f 7887/2/5 7860/2/5 7886/2/5
f 7888/3/5 7862/3/5 7861/3/5
f 7888/1/5 7861/1/5 7887/1/5
f 7889/3/5 7862/3/5 7888/3/5
f 7890/4/5 7864/4/5 7863/4/5
f 7891/3/5 7865/3/5 7864/3/5
f 7891/4/5 7864/4/5 7890/4/5
f 7892/1/5 7866/1/5 7865/1/5
f 7892/3/5 7865/3/5 7891/3/5
f 7893/1/5 7866/1/5 7892/1/5
f 7894/3/5 7869/3/5 7868/3/5
f 7894/3/5 7868/3/5 7867/3/5
f 7895/3/5 7869/3/5 7894/3/5
f 7896/2/5 7870/2/5 7869/2/5
f 7896/3/5 7869/3/5 7895/3/5
f 7897/2/5 7870/2/5 7896/2/5
f 7898/1/5 7872/1/5 7871/1/5
f 7899/4/5 7873/4/5 7872/4/5
f 7899/1/5 7872/1/5 7898/1/5
f 7900/1/5 7874/1/5 7873/1/5
f 7900/4/5 7873/4/5 7899/4/5
f 7901/3/5 7875/3/5 7874/3/5
f 7901/1/5 7874/1/5 7900/1/5
f 7902/1/5 7877/1/5 7876/1/5
f 7902/3/5 7875/3/5 7901/3/5
f 7902/1/5 7876/1/5 7875/1/5
f 7903/3/5 7878/3/5 7877/3/5
f 7903/1/5 7877/1/5 7902/1/5
f 7904/3/5 7853/3/5 7878/3/5
f 7904/3/5 7878/3/5 7903/3/5
f 7904/4/5 7880/4/5 7879/4/5
f 7904/4/5 7879/4/5 7853/4/5
f 7905/4/5 7880/4/5 7904/4/5
f 7906/2/5 7882/2/5 7881/2/5
f 7906/4/5 7880/4/5 7905/4/5
f 7906/2/5 7881/2/5 7880/2/5
f 7907/2/5 7882/2/5 7906/2/5
f 7908/4/5 7884/4/5 7883/4/5
f 7908/2/5 7882/2/5 7907/2/5
f 7908/4/5 7883/4/5 7882/4/5
f 7909/4/5 7884/4/5 7908/4/5
f 7910/3/5 7885/3/5 7884/3/5
f 7910/4/5 7884/4/5 7909/4/5
f 7911/4/5 7886/4/5 7885/4/5
f 7911/3/5 7885/3/5 7910/3/5
f 7912/3/5 7887/3/5 7886/3/5
f 7912/4/5 7886/4/5 7911/4/5
f 7913/4/5 7888/4/5 7887/4/5
f 7913/3/5 7887/3/5 7912/3/5
f 7914/1/5 7889/1/5 7888/1/5
f 7914/4/5 7888/4/5 7913/4/5
f 7915/1/5 7889/1/5 7914/1/5
f 7916/3/5 7891/3/5 7890/3/5
f 7917/1/5 7892/1/5 7891/1/5
f 7917/3/5 7891/3/5 7916/3/5
f 7918/2/5 7893/2/5 7892/2/5
f 7918/1/5 7892/1/5 7917/1/5
f 7919/2/5 7893/2/5 7918/2/5
f 7920/2/5 7895/2/5 7894/2/5
f 7921/1/5 7896/1/5 7895/1/5
f 7921/2/5 7895/2/5 7920/2/5
f 7922/4/5 7897/4/5 7896/4/5
f 7922/1/5 7896/1/5 7921/1/5
f 7923/4/5 7897/4/5 7922/4/5
f 7924/3/5 7899/3/5 7898/3/5
f 7925/3/5 7899/3/5 7924/3/5
f 7926/2/5 7900/2/5 7899/2/5
f 7926/3/5 7899/3/5 7925/3/5
f 7927/1/5 7901/1/5 7900/1/5
f 7927/2/5 7900/2/5 7926/2/5
f 7928/2/5 7902/2/5 7901/2/5
f 7928/1/5 7901/1/5 7927/1/5
f 7929/4/5 7905/4/5 7904/4/5
f 7929/2/5 7902/2/5 7928/2/5
f 7929/4/5 7903/4/5 7902/4/5
f 7929/4/5 7904/4/5 7903/4/5
f 7930/4/5 7905/4/5 7929/4/5
f 7931/4/5 7905/4/5 7930/4/5
f 7932/4/5 7905/4/5 7931/4/5
f 7933/4/5 7905/4/5 7932/4/5
f 7934/1/5 7906/1/5 7905/1/5
f 7934/4/5 7905/4/5 7933/4/5
f 7935/2/5 7907/2/5 7906/2/5
f 7935/1/5 7906/1/5 7934/1/5
f 7936/4/5 7909/4/5 7908/4/5
f 7936/1/5 7908/1/5 7907/1/5
f 7937/1/5 7910/1/5 7909/1/5
f 7937/4/5 7909/4/5 7936/4/5
f 7938/3/5 7911/3/5 7910/3/5
f 7938/1/5 7910/1/5 7937/1/5
f 7938/3/5 7912/3/5 7911/3/5
f 7939/2/5 7913/2/5 7912/2/5
f 7939/3/5 7912/3/5 7938/3/5
f 7940/3/5 7915/3/5 7914/3/5
f 7940/2/5 7913/2/5 7939/2/5
f 7940/3/5 7914/3/5 7913/3/5
f 7941/3/5 7915/3/5 7940/3/5
f 7942/3/5 7917/3/5 7916/3/5
f 7943/2/5 7918/2/5 7917/2/5
f 7943/3/5 7917/3/5 7942/3/5
f 7944/3/5 7919/3/5 7918/3/5
f 7944/2/5 7918/2/5 7943/2/5
f 7945/3/5 7919/3/5 7944/3/5
f 7946/4/5 7921/4/5 7920/4/5
f 7947/3/5 7922/3/5 7921/3/5
f 7947/4/5 7921/4/5 7946/4/5
f 7948/1/5 7923/1/5 7922/1/5
f 7948/3/5 7922/3/5 7947/3/5
f 7949/1/5 7923/1/5 7948/1/5
f 7950/4/5 7925/4/5 7924/4/5
f 7951/2/5 7927/2/5 7926/2/5
f 7951/4/5 7925/4/5 7950/4/5
f 7951/2/5 7926/2/5 7925/2/5
f 7952/3/5 7928/3/5 7927/3/5
f 7952/2/5 7927/2/5 7951/2/5
f 7953/1/5 7929/1/5 7928/1/5
f 7953/3/5 7928/3/5 7952/3/5
f 7953/1/5 7930/1/5 7929/1/5
f 7954/3/5 7931/3/5 7930/3/5
f 7954/1/5 7930/1/5 7953/1/5
f 7955/1/5 7932/1/5 7931/1/5
f 7955/3/5 7931/3/5 7954/3/5
f 7956/4/5 7933/4/5 7932/4/5
f 7956/1/5 7932/1/5 7955/1/5
f 7957/3/5 7934/3/5 7933/3/5
f 7957/4/5 7933/4/5 7956/4/5
f 7957/3/5 7935/3/5 7934/3/5
f 7958/2/5 7907/2/5 7935/2/5
f 7958/3/5 7935/3/5 7957/3/5
f 7959/1/5 7936/1/5 7907/1/5
f 7959/2/5 7907/2/5 7958/2/5
f 7960/2/5 7937/2/5 7936/2/5
f 7960/1/5 7936/1/5 7959/1/5
f 7961/4/5 7938/4/5 7937/4/5
f 7961/2/5 7937/2/5 7960/2/5
f 7962/3/5 7939/3/5 7938/3/5
f 7962/4/5 7938/4/5 7961/4/5
f 7963/1/5 7941/1/5 7940/1/5
f 7963/3/5 7939/3/5 7962/3/5
f 7963/1/5 7940/1/5 7939/1/5
f 7964/1/5 7941/1/5 7963/1/5
f 7965/1/5 7943/1/5 7942/1/5
f 7966/2/5 7944/2/5 7943/2/5
f 7966/1/5 7943/1/5 7965/1/5
f 7967/1/5 7945/1/5 7944/1/5
f 7967/2/5 7944/2/5 7966/2/5
f 7968/1/5 7945/1/5 7967/1/5
f 7994/1/5 7970/1/5 7969/1/5
f 7995/3/5 7971/3/5 7970/3/5
f 7995/1/5 7970/1/5 7994/1/5
f 7996/4/5 7972/4/5 7971/4/5
f 7996/3/5 7971/3/5 7995/3/5
f 7997/4/5 7972/4/5 7996/4/5
f 7998/2/5 7974/2/5 7973/2/5
f 7999/3/5 7975/3/5 7974/3/5
f 7999/2/5 7974/2/5 7998/2/5
f 8000/2/5 7976/2/5 7975/2/5
f 8000/3/5 7975/3/5 7999/3/5
f 8001/4/5 7977/4/5 7976/4/5
f 8001/2/5 7976/2/5 8000/2/5
f 8002/3/5 7978/3/5 7977/3/5
f 8002/4/5 7977/4/5 8001/4/5
f 8003/2/5 7979/2/5 7978/2/5
f 8003/3/5 7978/3/5 8002/3/5
f 8004/1/5 7980/1/5 7979/1/5
f 8004/2/5 7979/2/5 8003/2/5
f 8005/3/5 7981/3/5 7980/3/5
f 8005/1/5 7980/1/5 8004/1/5
f 8006/1/5 7982/1/5 7981/1/5
f 8006/3/5 7981/3/5 8005/3/5
f 8007/1/5 7982/1/5 8006/1/5
f 8008/2/5 7983/2/5 7982/2/5
f 8008/1/5 7982/1/5 8007/1/5
f 8009/4/5 7984/4/5 7983/4/5
f 8009/2/5 7983/2/5 8008/2/5
f 8010/2/5 7985/2/5 7984/2/5
f 8010/4/5 7984/4/5 8009/4/5
f 8011/3/5 7986/3/5 7985/3/5
f 8011/2/5 7985/2/5 8010/2/5
f 8012/1/5 7987/1/5 7986/1/5
f 8012/3/5 7986/3/5 8011/3/5
f 8013/2/5 7988/2/5 7987/2/5
f 8013/1/5 7987/1/5 8012/1/5
f 8014/4/5 7989/4/5 7988/4/5
f 8015/4/5 7995/4/5 7994/4/5
f 8016/1/5 7996/1/5 7995/1/5
f 8016/4/5 7995/4/5 8015/4/5
f 8017/4/5 7997/4/5 7996/4/5
f 8017/1/5 7996/1/5 8016/1/5
f 8018/4/5 7997/4/5 8017/4/5
f 8019/3/5 7999/3/5 7998/3/5
f 8019/3/5 8000/3/5 7999/3/5
f 8019/3/5 8001/3/5 8000/3/5
f 8020/1/5 8002/1/5 8001/1/5
f 8020/3/5 8001/3/5 8019/3/5
f 8021/1/5 8002/1/5 8020/1/5
f 8022/4/5 8003/4/5 8002/4/5
f 8022/1/5 8002/1/5 8021/1/5
f 8023/1/5 8004/1/5 8003/1/5
f 8023/3/5 8005/3/5 8004/3/5
f 8024/4/5 8006/4/5 8005/4/5
f 8024/3/5 8005/3/5 8023/3/5
f 8025/2/5 8007/2/5 8006/2/5
f 8025/4/5 8006/4/5 8024/4/5
f 8026/2/5 8007/2/5 8025/2/5
f 8027/4/5 8008/4/5 8007/4/5
f 8027/2/5 8007/2/5 8026/2/5
f 8027/4/5 8009/4/5 8008/4/5
f 8028/4/5 8009/4/5 8027/4/5
f 8029/2/5 8010/2/5 8009/2/5
f 8029/4/5 8009/4/5 8028/4/5
f 8030/3/5 8011/3/5 8010/3/5
f 8030/2/5 8010/2/5 8029/2/5
f 8031/4/5 8012/4/5 8011/4/5
f 8031/3/5 8011/3/5 8030/3/5
f 8032/2/5 8013/2/5 8012/2/5
f 8032/4/5 8012/4/5 8031/4/5
f 8033/2/5 7988/2/5 8013/2/5
f 8033/2/5 8013/2/5 8032/2/5
f 8034/4/5 8014/4/5 7988/4/5
f 8034/2/5 7988/2/5 8033/2/5
f 8035/4/5 8014/4/5 8034/4/5
f 8036/3/5 7991/3/5 7990/3/5
f 8037/1/5 7992/1/5 7991/1/5
f 8037/3/5 7991/3/5 8036/3/5
f 8038/2/5 7993/2/5 7992/2/5
f 8038/1/5 7992/1/5 8037/1/5
f 8039/2/5 7993/2/5 8038/2/5
f 8040/1/5 8016/1/5 8015/1/5
f 8040/3/5 8017/3/5 8016/3/5
f 8041/2/5 8018/2/5 8017/2/5
f 8041/3/5 8017/3/5 8040/3/5
f 8042/2/5 8018/2/5 8041/2/5
f 8043/2/5 8020/2/5 8019/2/5
f 8044/2/5 8020/2/5 8043/2/5
f 8045/2/5 8020/2/5 8044/2/5
f 8046/4/5 8021/4/5 8020/4/5
f 8046/2/5 8020/2/5 8045/2/5
f 8047/3/5 8022/3/5 8021/3/5
f 8047/4/5 8021/4/5 8046/4/5
f 8048/4/5 8003/4/5 8022/4/5
f 8048/3/5 8022/3/5 8047/3/5
f 8049/4/5 8003/4/5 8048/4/5
f 8050/1/5 8023/1/5 8003/1/5
f 8050/4/5 8003/4/5 8049/4/5
f 8051/2/5 8024/2/5 8023/2/5
f 8051/1/5 8023/1/5 8050/1/5
f 8051/2/5 8025/2/5 8024/2/5
f 8052/2/5 8025/2/5 8051/2/5
f 8053/1/5 8026/1/5 8025/1/5
f 8053/2/5 8025/2/5 8052/2/5
f 8054/4/5 8028/4/5 8027/4/5
f 8054/1/5 8026/1/5 8053/1/5
f 8054/4/5 8027/4/5 8026/4/5
f 8055/4/5 8028/4/5 8054/4/5
f 8056/1/5 8029/1/5 8028/1/5
f 8056/4/5 8028/4/5 8055/4/5
f 8057/2/5 8030/2/5 8029/2/5
f 8057/1/5 8029/1/5 8056/1/5
f 8058/4/5 8031/4/5 8030/4/5
f 8058/2/5 8030/2/5 8057/2/5
f 8059/3/5 8032/3/5 8031/3/5
f 8059/4/5 8031/4/5 8058/4/5
f 8060/2/5 8033/2/5 8032/2/5
f 8060/3/5 8032/3/5 8059/3/5
f 8061/1/5 8034/1/5 8033/1/5
f 8061/2/5 8033/2/5 8060/2/5
f 8062/3/5 8035/3/5 8034/3/5
f 8062/1/5 8034/1/5 8061/1/5
f 8063/3/5 8035/3/5 8062/3/5
f 8064/4/5 8037/4/5 8036/4/5
f 8065/3/5 8038/3/5 8037/3/5
f 8065/4/5 8037/4/5 8064/4/5
f 8066/4/5 8039/4/5 8038/4/5
f 8066/3/5 8038/3/5 8065/3/5
f 8067/4/5 8039/4/5 8066/4/5
f 8068/1/5 8040/1/5 8015/1/5
f 8069/4/5 8041/4/5 8040/4/5
f 8069/1/5 8040/1/5 8068/1/5
f 8070/1/5 8042/1/5 8041/1/5
f 8070/4/5 8041/4/5 8069/4/5
f 8071/3/5 8044/3/5 8043/3/5
f 8072/2/5 8045/2/5 8044/2/5
f 8072/3/5 8044/3/5 8071/3/5
f 8073/3/5 8047/3/5 8046/3/5
f 8073/2/5 8045/2/5 8072/2/5
f 8073/3/5 8046/3/5 8045/3/5
f 8074/3/5 8047/3/5 8073/3/5
f 8075/4/5 8048/4/5 8047/4/5
f 8075/3/5 8047/3/5 8074/3/5
f 8076/2/5 8049/2/5 8048/2/5
f 8076/4/5 8048/4/5 8075/4/5
f 8077/4/5 8050/4/5 8049/4/5
f 8077/2/5 8049/2/5 8076/2/5
f 8078/3/5 8051/3/5 8050/3/5
f 8078/4/5 8050/4/5 8077/4/5
f 8079/2/5 8052/2/5 8051/2/5
f 8079/3/5 8051/3/5 8078/3/5
f 8080/4/5 8053/4/5 8052/4/5
f 8080/2/5 8052/2/5 8079/2/5
f 8081/3/5 8054/3/5 8053/3/5
f 8081/4/5 8053/4/5 8080/4/5
f 8082/2/5 8055/2/5 8054/2/5
f 8082/3/5 8054/3/5 8081/3/5
f 8083/4/5 8056/4/5 8055/4/5
f 8083/2/5 8055/2/5 8082/2/5
f 8084/3/5 8057/3/5 8056/3/5
f 8084/4/5 8056/4/5 8083/4/5
f 8085/2/5 8058/2/5 8057/2/5
f 8085/3/5 8057/3/5 8084/3/5
f 8086/1/5 8059/1/5 8058/1/5
f 8086/2/5 8058/2/5 8085/2/5
f 8087/3/5 8061/3/5 8060/3/5
f 8087/3/5 8060/3/5 8059/3/5
f 8088/4/5 8063/4/5 8062/4/5
f 8088/3/5 8061/3/5 8087/3/5
f 8088/4/5 8062/4/5 8061/4/5
f 8089/4/5 8063/4/5 8088/4/5
f 8090/3/5 8065/3/5 8064/3/5
f 8090/3/5 8066/3/5 8065/3/5
f 8090/3/5 8067/3/5 8066/3/5
f 8091/3/5 8067/3/5 8090/3/5
f 8092/3/5 8067/3/5 8091/3/5
f 8093/2/5 8070/2/5 8069/2/5
f 8093/4/5 8069/4/5 8068/4/5
f 8094/1/5 8042/1/5 8070/1/5
f 8094/2/5 8070/2/5 8093/2/5
f 8095/1/5 8042/1/5 8094/1/5
f 8096/1/5 8072/1/5 8071/1/5
f 8096/4/5 8073/4/5 8072/4/5
f 8097/3/5 8074/3/5 8073/3/5
f 8097/4/5 8073/4/5 8096/4/5
f 8098/2/5 8076/2/5 8075/2/5
f 8098/3/5 8074/3/5 8097/3/5
f 8098/2/5 8075/2/5 8074/2/5
f 8099/2/5 8076/2/5 8098/2/5
f 8100/1/5 8077/1/5 8076/1/5
f 8100/2/5 8076/2/5 8099/2/5
f 8101/4/5 8078/4/5 8077/4/5
f 8101/1/5 8077/1/5 8100/1/5
f 8102/1/5 8079/1/5 8078/1/5
f 8102/4/5 8078/4/5 8101/4/5
f 8103/3/5 8080/3/5 8079/3/5
f 8103/1/5 8079/1/5 8102/1/5
f 8104/2/5 8081/2/5 8080/2/5
f 8104/3/5 8080/3/5 8103/3/5
f 8105/4/5 8082/4/5 8081/4/5
f 8105/2/5 8081/2/5 8104/2/5
f 8106/3/5 8083/3/5 8082/3/5
f 8106/4/5 8082/4/5 8105/4/5
f 8107/2/5 8084/2/5 8083/2/5
f 8107/3/5 8083/3/5 8106/3/5
f 8108/1/5 8085/1/5 8084/1/5
f 8108/2/5 8084/2/5 8107/2/5
f 8109/3/5 8086/3/5 8085/3/5
f 8109/1/5 8085/1/5 8108/1/5
f 8110/1/5 8059/1/5 8086/1/5
f 8110/3/5 8086/3/5 8109/3/5
f 8111/3/5 8087/3/5 8059/3/5
f 8111/1/5 8059/1/5 8110/1/5
f 8112/1/5 8088/1/5 8087/1/5
f 8112/3/5 8087/3/5 8111/3/5
f 8113/4/5 8089/4/5 8088/4/5
f 8113/1/5 8088/1/5 8112/1/5
f 8114/4/5 8089/4/5 8113/4/5
f 8115/4/5 8089/4/5 8114/4/5
f 8116/3/5 8090/3/5 8064/3/5
f 8117/4/5 8091/4/5 8090/4/5
f 8117/3/5 8090/3/5 8116/3/5
f 8118/1/5 8092/1/5 8091/1/5
f 8118/4/5 8091/4/5 8117/4/5
f 8119/1/5 8092/1/5 8118/1/5
f 8120/4/5 8093/4/5 8068/4/5
f 8121/3/5 8094/3/5 8093/3/5
f 8121/4/5 8093/4/5 8120/4/5
f 8122/1/5 8095/1/5 8094/1/5
f 8122/3/5 8094/3/5 8121/3/5
f 8123/1/5 8095/1/5 8122/1/5
f 8124/1/5 8097/1/5 8096/1/5
f 8124/1/5 8096/1/5 8071/1/5
f 8125/1/5 8097/1/5 8124/1/5
f 8126/2/5 8098/2/5 8097/2/5
f 8126/1/5 8097/1/5 8125/1/5
f 8127/4/5 8099/4/5 8098/4/5
f 8127/2/5 8098/2/5 8126/2/5
f 8128/1/5 8100/1/5 8099/1/5
f 8128/4/5 8099/4/5 8127/4/5
f 8129/2/5 8101/2/5 8100/2/5
f 8129/1/5 8100/1/5 8128/1/5
f 8130/3/5 8103/3/5 8102/3/5
f 8130/2/5 8101/2/5 8129/2/5
f 8130/3/5 8102/3/5 8101/3/5
f 8131/3/5 8103/3/5 8130/3/5
f 8132/2/5 8104/2/5 8103/2/5
f 8132/3/5 8103/3/5 8131/3/5
f 8132/2/5 8105/2/5 8104/2/5
f 8133/2/5 8105/2/5 8132/2/5
f 8134/3/5 8106/3/5 8105/3/5
f 8134/2/5 8105/2/5 8133/2/5
f 8135/2/5 8107/2/5 8106/2/5
f 8135/3/5 8106/3/5 8134/3/5
f 8136/3/5 8108/3/5 8107/3/5
f 8136/2/5 8107/2/5 8135/2/5
f 8137/4/5 8110/4/5 8109/4/5
f 8137/3/5 8108/3/5 8136/3/5
f 8137/4/5 8109/4/5 8108/4/5
f 8138/4/5 8110/4/5 8137/4/5
f 8139/2/5 8111/2/5 8110/2/5
f 8139/4/5 8110/4/5 8138/4/5
f 8140/4/5 8112/4/5 8111/4/5
f 8140/2/5 8111/2/5 8139/2/5
f 8141/3/5 8113/3/5 8112/3/5
f 8141/4/5 8112/4/5 8140/4/5
f 8141/3/5 8114/3/5 8113/3/5
f 8142/1/5 8115/1/5 8114/1/5
f 8142/3/5 8114/3/5 8141/3/5
f 8143/1/5 8115/1/5 8142/1/5
f 8144/4/5 8117/4/5 8116/4/5
f 8145/3/5 8118/3/5 8117/3/5
f 8145/4/5 8117/4/5 8144/4/5
f 8146/2/5 8119/2/5 8118/2/5
f 8146/3/5 8118/3/5 8145/3/5
f 8147/2/5 8119/2/5 8146/2/5
f 8148/2/5 8121/2/5 8120/2/5
f 8149/3/5 8123/3/5 8122/3/5
f 8149/2/5 8121/2/5 8148/2/5
f 8149/3/5 8122/3/5 8121/3/5
f 8150/3/5 8123/3/5 8149/3/5
f 8151/4/5 8125/4/5 8124/4/5
f 8152/3/5 8126/3/5 8125/3/5
f 8152/4/5 8125/4/5 8151/4/5
f 8153/2/5 8128/2/5 8127/2/5
f 8153/2/5 8129/2/5 8128/2/5
f 8153/2/5 8130/2/5 8129/2/5
f 8154/2/5 8130/2/5 8153/2/5
f 8155/1/5 8131/1/5 8130/1/5
f 8155/2/5 8130/2/5 8154/2/5
f 8156/2/5 8132/2/5 8131/2/5
f 8156/1/5 8131/1/5 8155/1/5
f 8156/2/5 8133/2/5 8132/2/5
f 8157/2/5 8133/2/5 8156/2/5
f 8158/3/5 8134/3/5 8133/3/5
f 8158/2/5 8133/2/5 8157/2/5
f 8158/3/5 8135/3/5 8134/3/5
f 8159/3/5 8135/3/5 8158/3/5
f 8160/4/5 8136/4/5 8135/4/5
f 8160/3/5 8135/3/5 8159/3/5
f 8160/4/5 8138/4/5 8137/4/5
f 8160/4/5 8137/4/5 8136/4/5
f 8161/4/5 8138/4/5 8160/4/5
f 8162/4/5 8138/4/5 8161/4/5
f 8163/3/5 8139/3/5 8138/3/5
f 8163/4/5 8138/4/5 8162/4/5
f 8164/2/5 8141/2/5 8140/2/5
f 8164/3/5 8139/3/5 8163/3/5
f 8164/2/5 8140/2/5 8139/2/5
f 8165/2/5 8141/2/5 8164/2/5
f 8166/1/5 8142/1/5 8141/1/5
f 8166/2/5 8141/2/5 8165/2/5
f 8167/1/5 8142/1/5 8166/1/5
f 8168/4/5 8143/4/5 8142/4/5
f 8168/1/5 8142/1/5 8167/1/5
f 8169/4/5 8143/4/5 8168/4/5
f 8170/1/5 8145/1/5 8144/1/5
f 8171/4/5 8147/4/5 8146/4/5
f 8171/1/5 8145/1/5 8170/1/5
f 8171/4/5 8146/4/5 8145/4/5
f 8172/4/5 8147/4/5 8171/4/5
f 8173/1/5 8149/1/5 8148/1/5
f 8174/4/5 8150/4/5 8149/4/5
f 8174/1/5 8149/1/5 8173/1/5
f 8175/4/5 8150/4/5 8174/4/5
f 8176/2/5 8152/2/5 8151/2/5
f 8177/3/5 8126/3/5 8152/3/5
f 8177/2/5 8152/2/5 8176/2/5
f 8178/4/5 8127/4/5 8126/4/5
f 8178/3/5 8126/3/5 8177/3/5
f 8179/2/5 8153/2/5 8127/2/5
f 8179/4/5 8127/4/5 8178/4/5
f 8180/1/5 8154/1/5 8153/1/5
f 8180/2/5 8153/2/5 8179/2/5
f 8181/3/5 8155/3/5 8154/3/5
f 8181/1/5 8154/1/5 8180/1/5
f 8181/3/5 8156/3/5 8155/3/5
f 8182/2/5 8157/2/5 8156/2/5
f 8182/3/5 8156/3/5 8181/3/5
f 8183/3/5 8158/3/5 8157/3/5
f 8183/2/5 8157/2/5 8182/2/5
f 8184/4/5 8159/4/5 8158/4/5
f 8184/3/5 8158/3/5 8183/3/5
f 8185/1/5 8160/1/5 8159/1/5
f 8185/4/5 8159/4/5 8184/4/5
f 8186/4/5 8161/4/5 8160/4/5
f 8186/1/5 8160/1/5 8185/1/5
f 8187/3/5 8162/3/5 8161/3/5
f 8187/4/5 8161/4/5 8186/4/5
f 8188/4/5 8163/4/5 8162/4/5
f 8188/3/5 8162/3/5 8187/3/5
f 8189/1/5 8165/1/5 8164/1/5
f 8189/4/5 8163/4/5 8188/4/5
f 8189/1/5 8164/1/5 8163/1/5
f 8190/4/5 8166/4/5 8165/4/5
f 8190/1/5 8165/1/5 8189/1/5
f 8191/2/5 8167/2/5 8166/2/5
f 8191/4/5 8166/4/5 8190/4/5
f 8192/1/5 8168/1/5 8167/1/5
f 8192/2/5 8167/2/5 8191/2/5
f 8192/1/5 8169/1/5 8168/1/5
f 8193/1/5 8169/1/5 8192/1/5
f 8194/3/5 8171/3/5 8170/3/5
f 8195/1/5 8172/1/5 8171/1/5
f 8195/3/5 8171/3/5 8194/3/5
f 8196/4/5 8147/4/5 8172/4/5
f 8196/1/5 8172/1/5 8195/1/5
f 8197/4/5 8147/4/5 8196/4/5
f 8221/3/5 8199/3/5 8198/3/5
f 8222/1/5 8200/1/5 8199/1/5
f 8222/3/5 8199/3/5 8221/3/5
f 8223/4/5 8201/4/5 8200/4/5
f 8223/1/5 8200/1/5 8222/1/5
f 8224/2/5 8203/2/5 8202/2/5
f 8225/3/5 8204/3/5 8203/3/5
f 8225/2/5 8203/2/5 8224/2/5
f 8226/2/5 8205/2/5 8204/2/5
f 8226/3/5 8204/3/5 8225/3/5
f 8227/3/5 8207/3/5 8206/3/5
f 8228/2/5 8208/2/5 8207/2/5
f 8228/3/5 8207/3/5 8227/3/5
f 8229/3/5 8209/3/5 8208/3/5
f 8229/2/5 8208/2/5 8228/2/5
f 8230/1/5 8210/1/5 8209/1/5
f 8230/3/5 8209/3/5 8229/3/5
f 8231/2/5 8211/2/5 8210/2/5
f 8231/1/5 8210/1/5 8230/1/5
f 8232/2/5 8211/2/5 8231/2/5
f 8233/1/5 8212/1/5 8211/1/5
f 8233/2/5 8211/2/5 8232/2/5
f 8234/1/5 8212/1/5 8233/1/5
f 8235/3/5 8213/3/5 8212/3/5
f 8235/1/5 8212/1/5 8234/1/5
f 8236/4/5 8214/4/5 8213/4/5
f 8236/3/5 8213/3/5 8235/3/5
f 8237/1/5 8215/1/5 8214/1/5
f 8237/4/5 8214/4/5 8236/4/5
f 8238/1/5 8215/1/5 8237/1/5
f 8239/4/5 8216/4/5 8215/4/5
f 8239/1/5 8215/1/5 8238/1/5
f 8240/4/5 8216/4/5 8239/4/5
f 8241/2/5 8218/2/5 8217/2/5
f 8242/4/5 8219/4/5 8218/4/5
f 8242/2/5 8218/2/5 8241/2/5
f 8243/3/5 8220/3/5 8219/3/5
f 8243/4/5 8219/4/5 8242/4/5
f 8244/4/5 8222/4/5 8221/4/5
f 8245/2/5 8223/2/5 8222/2/5
f 8245/4/5 8222/4/5 8244/4/5
f 8246/4/5 8201/4/5 8223/4/5
f 8246/2/5 8223/2/5 8245/2/5
f 8247/4/5 8201/4/5 8246/4/5
f 8248/1/5 8225/1/5 8224/1/5
f 8249/2/5 8226/2/5 8225/2/5
f 8249/1/5 8225/1/5 8248/1/5
f 8250/2/5 8205/2/5 8226/2/5
f 8250/2/5 8226/2/5 8249/2/5
f 8251/1/5 8206/1/5 8205/1/5
f 8251/2/5 8205/2/5 8250/2/5
f 8252/3/5 8227/3/5 8206/3/5
f 8252/1/5 8206/1/5 8251/1/5
f 8253/2/5 8228/2/5 8227/2/5
f 8253/3/5 8227/3/5 8252/3/5
f 8254/1/5 8229/1/5 8228/1/5
f 8254/2/5 8228/2/5 8253/2/5
f 8255/3/5 8230/3/5 8229/3/5
f 8255/1/5 8229/1/5 8254/1/5
f 8256/4/5 8232/4/5 8231/4/5
f 8256/3/5 8230/3/5 8255/3/5
f 8256/4/5 8231/4/5 8230/4/5
f 8257/4/5 8232/4/5 8256/4/5
f 8258/2/5 8234/2/5 8233/2/5
f 8258/4/5 8232/4/5 8257/4/5
f 8258/2/5 8233/2/5 8232/2/5
f 8259/2/5 8234/2/5 8258/2/5
f 8260/1/5 8235/1/5 8234/1/5
f 8260/2/5 8234/2/5 8259/2/5
f 8260/1/5 8236/1/5 8235/1/5
f 8261/1/5 8236/1/5 8260/1/5
f 8262/3/5 8237/3/5 8236/3/5
f 8262/1/5 8236/1/5 8261/1/5
f 8263/1/5 8238/1/5 8237/1/5
f 8263/3/5 8237/3/5 8262/3/5
f 8264/2/5 8239/2/5 8238/2/5
f 8264/1/5 8238/1/5 8263/1/5
f 8265/4/5 8240/4/5 8239/4/5
f 8265/2/5 8239/2/5 8264/2/5
f 8266/4/5 8240/4/5 8265/4/5
f 8267/4/5 8240/4/5 8266/4/5
f 8268/1/5 8242/1/5 8241/1/5
f 8269/2/5 8243/2/5 8242/2/5
f 8269/1/5 8242/1/5 8268/1/5
f 8270/3/5 8220/3/5 8243/3/5
f 8270/2/5 8243/2/5 8269/2/5
f 8271/3/5 8220/3/5 8270/3/5
f 8272/1/5 8245/1/5 8244/1/5
f 8273/3/5 8246/3/5 8245/3/5
f 8273/1/5 8245/1/5 8272/1/5
f 8274/4/5 8247/4/5 8246/4/5
f 8274/3/5 8246/3/5 8273/3/5
f 8275/4/5 8247/4/5 8274/4/5
f 8276/2/5 8249/2/5 8248/2/5
f 8277/4/5 8250/4/5 8249/4/5
f 8277/2/5 8249/2/5 8276/2/5
f 8278/1/5 8251/1/5 8250/1/5
f 8278/4/5 8250/4/5 8277/4/5
f 8279/4/5 8252/4/5 8251/4/5
f 8279/1/5 8251/1/5 8278/1/5
f 8280/2/5 8253/2/5 8252/2/5
f 8280/4/5 8252/4/5 8279/4/5
f 8281/4/5 8254/4/5 8253/4/5
f 8281/2/5 8253/2/5 8280/2/5
f 8282/3/5 8255/3/5 8254/3/5
f 8282/4/5 8254/4/5 8281/4/5
f 8283/2/5 8256/2/5 8255/2/5
f 8283/3/5 8255/3/5 8282/3/5
f 8284/3/5 8257/3/5 8256/3/5
f 8284/2/5 8256/2/5 8283/2/5
f 8285/4/5 8258/4/5 8257/4/5
f 8285/3/5 8257/3/5 8284/3/5
f 8286/1/5 8259/1/5 8258/1/5
f 8286/4/5 8258/4/5 8285/4/5
f 8287/4/5 8260/4/5 8259/4/5
f 8287/1/5 8259/1/5 8286/1/5
f 8288/2/5 8261/2/5 8260/2/5
f 8288/4/5 8260/4/5 8287/4/5
f 8289/4/5 8262/4/5 8261/4/5
f 8289/2/5 8261/2/5 8288/2/5
f 8290/1/5 8263/1/5 8262/1/5
f 8290/4/5 8262/4/5 8289/4/5
f 8291/2/5 8264/2/5 8263/2/5
f 8291/1/5 8263/1/5 8290/1/5
f 8292/4/5 8265/4/5 8264/4/5
f 8292/2/5 8264/2/5 8291/2/5
f 8293/1/5 8266/1/5 8265/1/5
f 8293/4/5 8265/4/5 8292/4/5
f 8294/2/5 8267/2/5 8266/2/5
f 8294/1/5 8266/1/5 8293/1/5
f 8295/2/5 8267/2/5 8294/2/5
f 8296/4/5 8269/4/5 8268/4/5
f 8297/1/5 8270/1/5 8269/1/5
f 8297/4/5 8269/4/5 8296/4/5
f 8297/1/5 8271/1/5 8270/1/5
f 8298/1/5 8271/1/5 8297/1/5
f 8299/1/5 8271/1/5 8298/1/5
f 8300/2/5 8273/2/5 8272/2/5
f 8301/4/5 8274/4/5 8273/4/5
f 8301/2/5 8273/2/5 8300/2/5
f 8302/3/5 8275/3/5 8274/3/5
f 8302/4/5 8274/4/5 8301/4/5
f 8303/3/5 8275/3/5 8302/3/5
f 8304/4/5 8277/4/5 8276/4/5
f 8305/1/5 8278/1/5 8277/1/5
f 8305/4/5 8277/4/5 8304/4/5
f 8306/4/5 8279/4/5 8278/4/5
f 8306/1/5 8278/1/5 8305/1/5
f 8307/3/5 8280/3/5 8279/3/5
f 8307/4/5 8279/4/5 8306/4/5
f 8307/3/5 8281/3/5 8280/3/5
f 8308/3/5 8281/3/5 8307/3/5
f 8309/1/5 8282/1/5 8281/1/5
f 8309/3/5 8281/3/5 8308/3/5
f 8310/2/5 8283/2/5 8282/2/5
f 8310/1/5 8282/1/5 8309/1/5
f 8311/1/5 8285/1/5 8284/1/5
f 8311/2/5 8283/2/5 8310/2/5
f 8311/1/5 8284/1/5 8283/1/5
f 8312/3/5 8288/3/5 8287/3/5
f 8312/1/5 8285/1/5 8311/1/5
f 8312/3/5 8287/3/5 8286/3/5
f 8312/3/5 8286/3/5 8285/3/5
f 8313/3/5 8288/3/5 8312/3/5
f 8314/3/5 8288/3/5 8313/3/5
f 8315/3/5 8288/3/5 8314/3/5
f 8316/2/5 8290/2/5 8289/2/5
f 8316/3/5 8288/3/5 8315/3/5
f 8316/2/5 8289/2/5 8288/2/5
f 8316/2/5 8291/2/5 8290/2/5
f 8317/2/5 8291/2/5 8316/2/5
f 8318/2/5 8291/2/5 8317/2/5
f 8319/4/5 8293/4/5 8292/4/5
f 8319/2/5 8291/2/5 8318/2/5
f 8319/4/5 8292/4/5 8291/4/5
f 8320/4/5 8293/4/5 8319/4/5
f 8321/3/5 8295/3/5 8294/3/5
f 8321/4/5 8293/4/5 8320/4/5
f 8321/3/5 8294/3/5 8293/3/5
f 8322/3/5 8295/3/5 8321/3/5
f 8323/3/5 8295/3/5 8322/3/5
f 8324/1/5 8298/1/5 8297/1/5
f 8324/1/5 8297/1/5 8296/1/5
f 8325/3/5 8299/3/5 8298/3/5
f 8325/1/5 8298/1/5 8324/1/5
f 8326/3/5 8299/3/5 8325/3/5
f 8327/4/5 8301/4/5 8300/4/5
f 8327/4/5 8302/4/5 8301/4/5
f 8328/1/5 8303/1/5 8302/1/5
f 8328/4/5 8302/4/5 8327/4/5
f 8329/1/5 8305/1/5 8304/1/5
f 8330/3/5 8306/3/5 8305/3/5
f 8330/1/5 8305/1/5 8329/1/5
f 8331/2/5 8307/2/5 8306/2/5
f 8331/3/5 8306/3/5 8330/3/5
f 8332/4/5 8308/4/5 8307/4/5
f 8332/2/5 8307/2/5 8331/2/5
f 8333/3/5 8309/3/5 8308/3/5
f 8333/4/5 8308/4/5 8332/4/5
f 8334/4/5 8310/4/5 8309/4/5
f 8334/3/5 8309/3/5 8333/3/5
f 8335/1/5 8311/1/5 8310/1/5
f 8335/4/5 8310/4/5 8334/4/5
f 8336/4/5 8312/4/5 8311/4/5
f 8336/1/5 8311/1/5 8335/1/5
f 8337/1/5 8313/1/5 8312/1/5
f 8337/4/5 8312/4/5 8336/4/5
f 8338/3/5 8314/3/5 8313/3/5
f 8338/1/5 8313/1/5 8337/1/5
f 8339/4/5 8315/4/5 8314/4/5
f 8339/3/5 8314/3/5 8338/3/5
f 8340/1/5 8316/1/5 8315/1/5
f 8340/4/5 8315/4/5 8339/4/5
f 8341/3/5 8317/3/5 8316/3/5
f 8341/1/5 8316/1/5 8340/1/5
f 8342/2/5 8318/2/5 8317/2/5
f 8342/3/5 8317/3/5 8341/3/5
f 8343/1/5 8319/1/5 8318/1/5
f 8343/2/5 8318/2/5 8342/2/5
f 8344/3/5 8320/3/5 8319/3/5
f 8344/1/5 8319/1/5 8343/1/5
f 8345/2/5 8321/2/5 8320/2/5
f 8345/3/5 8320/3/5 8344/3/5
f 8346/3/5 8322/3/5 8321/3/5
f 8346/2/5 8321/2/5 8345/2/5
f 8347/2/5 8323/2/5 8322/2/5
f 8347/3/5 8322/3/5 8346/3/5
f 8348/2/5 8323/2/5 8347/2/5
f 8349/2/5 8325/2/5 8324/2/5
f 8350/2/5 8325/2/5 8349/2/5
f 8351/1/5 8326/1/5 8325/1/5
f 8351/2/5 8325/2/5 8350/2/5
f 8352/1/5 8326/1/5 8351/1/5
f 8353/2/5 8328/2/5 8327/2/5
f 8354/1/5 8303/1/5 8328/1/5
f 8354/2/5 8328/2/5 8353/2/5
f 8355/1/5 8303/1/5 8354/1/5
f 8356/4/5 8330/4/5 8329/4/5
f 8357/2/5 8331/2/5 8330/2/5
f 8357/4/5 8330/4/5 8356/4/5
f 8358/1/5 8332/1/5 8331/1/5
f 8358/2/5 8331/2/5 8357/2/5
f 8359/3/5 8333/3/5 8332/3/5
f 8359/1/5 8332/1/5 8358/1/5
f 8360/2/5 8334/2/5 8333/2/5
f 8360/3/5 8333/3/5 8359/3/5
f 8361/3/5 8336/3/5 8335/3/5
f 8361/2/5 8334/2/5 8360/2/5
f 8361/3/5 8335/3/5 8334/3/5
f 8362/3/5 8336/3/5 8361/3/5
f 8363/2/5 8338/2/5 8337/2/5
f 8363/3/5 8336/3/5 8362/3/5
f 8363/2/5 8337/2/5 8336/2/5
f 8364/2/5 8338/2/5 8363/2/5
f 8365/2/5 8338/2/5 8364/2/5
f 8366/1/5 8339/1/5 8338/1/5
f 8366/2/5 8338/2/5 8365/2/5
f 8367/2/5 8341/2/5 8340/2/5
f 8367/1/5 8339/1/5 8366/1/5
f 8367/2/5 8340/2/5 8339/2/5
f 8367/2/5 8342/2/5 8341/2/5
f 8368/2/5 8342/2/5 8367/2/5
f 8369/2/5 8342/2/5 8368/2/5
f 8370/1/5 8343/1/5 8342/1/5
f 8370/2/5 8342/2/5 8369/2/5
f 8370/1/5 8344/1/5 8343/1/5
f 8371/1/5 8344/1/5 8370/1/5
f 8372/2/5 8345/2/5 8344/2/5
f 8372/1/5 8344/1/5 8371/1/5
f 8373/4/5 8346/4/5 8345/4/5
f 8373/2/5 8345/2/5 8372/2/5
f 8374/2/5 8347/2/5 8346/2/5
f 8374/4/5 8346/4/5 8373/4/5
f 8375/4/5 8348/4/5 8347/4/5
f 8375/2/5 8347/2/5 8374/2/5
f 8376/4/5 8348/4/5 8375/4/5
f 8377/1/5 8351/1/5 8350/1/5
f 8377/4/5 8352/4/5 8351/4/5
f 8378/4/5 8352/4/5 8377/4/5
f 8379/3/5 8357/3/5 8356/3/5
f 8379/3/5 8358/3/5 8357/3/5
f 8380/4/5 8359/4/5 8358/4/5
f 8380/3/5 8358/3/5 8379/3/5
f 8380/4/5 8360/4/5 8359/4/5
f 8381/1/5 8361/1/5 8360/1/5
f 8381/4/5 8360/4/5 8380/4/5
f 8382/3/5 8362/3/5 8361/3/5
f 8382/1/5 8363/1/5 8362/1/5
f 8383/3/5 8364/3/5 8363/3/5
f 8383/1/5 8363/1/5 8382/1/5
f 8384/1/5 8365/1/5 8364/1/5
f 8384/3/5 8364/3/5 8383/3/5
f 8385/2/5 8366/2/5 8365/2/5
f 8385/1/5 8365/1/5 8384/1/5
f 8385/2/5 8367/2/5 8366/2/5
f 8386/2/5 8367/2/5 8385/2/5
f 8387/1/5 8368/1/5 8367/1/5
f 8387/2/5 8367/2/5 8386/2/5
f 8388/4/5 8369/4/5 8368/4/5
f 8388/1/5 8368/1/5 8387/1/5
f 8389/3/5 8370/3/5 8369/3/5
f 8389/4/5 8369/4/5 8388/4/5
f 8390/4/5 8371/4/5 8370/4/5
f 8390/3/5 8370/3/5 8389/3/5
f 8391/3/5 8372/3/5 8371/3/5
f 8391/4/5 8371/4/5 8390/4/5
f 8392/2/5 8374/2/5 8373/2/5
f 8392/3/5 8372/3/5 8391/3/5
f 8392/2/5 8373/2/5 8372/2/5
f 8392/2/5 8376/2/5 8375/2/5
f 8392/2/5 8375/2/5 8374/2/5
f 8393/2/5 8376/2/5 8392/2/5
f 8394/2/5 8376/2/5 8393/2/5
f 8395/2/5 8376/2/5 8394/2/5
f 8396/2/5 8350/2/5 8349/2/5
f 8396/1/5 8378/1/5 8377/1/5
f 8396/1/5 8377/1/5 8350/1/5
f 8397/1/5 8378/1/5 8396/1/5
f 8398/1/5 8378/1/5 8397/1/5
f 8399/2/5 8353/2/5 8327/2/5
f 8400/3/5 8355/3/5 8354/3/5
f 8400/2/5 8353/2/5 8399/2/5
f 8400/3/5 8354/3/5 8353/3/5
f 8401/3/5 8355/3/5 8400/3/5
f 8402/4/5 8380/4/5 8379/4/5
f 8403/1/5 8381/1/5 8380/1/5
f 8403/4/5 8380/4/5 8402/4/5
f 8404/1/5 8361/1/5 8381/1/5
f 8404/1/5 8381/1/5 8403/1/5
f 8404/3/5 8382/3/5 8361/3/5
f 8405/4/5 8384/4/5 8383/4/5
f 8405/3/5 8382/3/5 8404/3/5
f 8405/4/5 8383/4/5 8382/4/5
f 8406/2/5 8386/2/5 8385/2/5
f 8406/4/5 8384/4/5 8405/4/5
f 8406/2/5 8385/2/5 8384/2/5
f 8407/1/5 8387/1/5 8386/1/5
f 8407/2/5 8386/2/5 8406/2/5
f 8408/3/5 8388/3/5 8387/3/5
f 8408/1/5 8387/1/5 8407/1/5
f 8409/1/5 8389/1/5 8388/1/5
f 8409/3/5 8388/3/5 8408/3/5
f 8410/2/5 8390/2/5 8389/2/5
f 8410/1/5 8389/1/5 8409/1/5
f 8411/4/5 8391/4/5 8390/4/5
f 8411/2/5 8390/2/5 8410/2/5
f 8412/2/5 8392/2/5 8391/2/5
f 8412/4/5 8391/4/5 8411/4/5
f 8413/3/5 8393/3/5 8392/3/5
f 8413/2/5 8392/2/5 8412/2/5
f 8414/1/5 8394/1/5 8393/1/5
f 8414/3/5 8393/3/5 8413/3/5
f 8415/2/5 8395/2/5 8394/2/5
f 8415/1/5 8394/1/5 8414/1/5
f 8416/2/5 8395/2/5 8415/2/5
f 8417/2/5 8396/2/5 8349/2/5
f 8418/3/5 8397/3/5 8396/3/5
f 8418/2/5 8396/2/5 8417/2/5
f 8419/4/5 8398/4/5 8397/4/5
f 8419/3/5 8397/3/5 8418/3/5
f 8420/4/5 8398/4/5 8419/4/5
f 8439/4/5 8422/4/5 8421/4/5
f 8440/4/5 8422/4/5 8439/4/5
f 8441/2/5 8423/2/5 8422/2/5
f 8441/4/5 8422/4/5 8440/4/5
f 8442/2/5 8423/2/5 8441/2/5
f 8443/2/5 8425/2/5 8424/2/5
f 8444/3/5 8426/3/5 8425/3/5
f 8444/2/5 8425/2/5 8443/2/5
f 8445/3/5 8426/3/5 8444/3/5
f 8446/3/5 8426/3/5 8445/3/5
f 8447/4/5 8427/4/5 8426/4/5
f 8447/3/5 8426/3/5 8446/3/5
f 8448/2/5 8428/2/5 8427/2/5
f 8448/4/5 8427/4/5 8447/4/5
f 8449/3/5 8429/3/5 8428/3/5
f 8449/2/5 8428/2/5 8448/2/5
f 8450/4/5 8430/4/5 8429/4/5
f 8450/3/5 8429/3/5 8449/3/5
f 8451/3/5 8431/3/5 8430/3/5
f 8451/1/5 8432/1/5 8431/1/5
f 8452/1/5 8432/1/5 8451/1/5
f 8453/1/5 8432/1/5 8452/1/5
f 8454/1/5 8432/1/5 8453/1/5
f 8455/3/5 8433/3/5 8432/3/5
f 8455/1/5 8432/1/5 8454/1/5
f 8456/1/5 8434/1/5 8433/1/5
f 8456/3/5 8433/3/5 8455/3/5
f 8457/2/5 8435/2/5 8434/2/5
f 8457/1/5 8434/1/5 8456/1/5
f 8458/2/5 8435/2/5 8457/2/5
f 8459/2/5 8435/2/5 8458/2/5
f 8460/3/5 8437/3/5 8436/3/5
f 8461/1/5 8438/1/5 8437/1/5
f 8461/3/5 8437/3/5 8460/3/5
f 8462/1/5 8438/1/5 8461/1/5
f 8463/2/5 8440/2/5 8439/2/5
f 8464/1/5 8441/1/5 8440/1/5
f 8464/2/5 8440/2/5 8463/2/5
f 8465/4/5 8442/4/5 8441/4/5
f 8465/1/5 8441/1/5 8464/1/5
f 8466/4/5 8442/4/5 8465/4/5
f 8467/4/5 8444/4/5 8443/4/5
f 8468/3/5 8445/3/5 8444/3/5
f 8468/4/5 8444/4/5 8467/4/5
f 8469/1/5 8446/1/5 8445/1/5
f 8469/3/5 8445/3/5 8468/3/5
f 8470/2/5 8447/2/5 8446/2/5
f 8470/1/5 8446/1/5 8469/1/5
f 8470/2/5 8448/2/5 8447/2/5
f 8471/2/5 8448/2/5 8470/2/5
f 8472/1/5 8449/1/5 8448/1/5
f 8472/2/5 8448/2/5 8471/2/5
f 8473/4/5 8450/4/5 8449/4/5
f 8473/1/5 8449/1/5 8472/1/5
f 8474/4/5 8430/4/5 8450/4/5
f 8474/4/5 8450/4/5 8473/4/5
f 8475/3/5 8451/3/5 8430/3/5
f 8475/4/5 8430/4/5 8474/4/5
f 8476/4/5 8452/4/5 8451/4/5
f 8476/3/5 8451/3/5 8475/3/5
f 8477/1/5 8453/1/5 8452/1/5
f 8477/4/5 8452/4/5 8476/4/5
f 8478/4/5 8454/4/5 8453/4/5
f 8478/1/5 8453/1/5 8477/1/5
f 8479/3/5 8455/3/5 8454/3/5
f 8479/4/5 8454/4/5 8478/4/5
f 8480/3/5 8455/3/5 8479/3/5
f 8481/4/5 8456/4/5 8455/4/5
f 8481/3/5 8455/3/5 8480/3/5
f 8482/1/5 8457/1/5 8456/1/5
f 8482/4/5 8456/4/5 8481/4/5
f 8483/4/5 8458/4/5 8457/4/5
f 8483/1/5 8457/1/5 8482/1/5
f 8484/4/5 8458/4/5 8483/4/5
f 8485/2/5 8459/2/5 8458/2/5
f 8485/4/5 8458/4/5 8484/4/5
f 8486/2/5 8459/2/5 8485/2/5
f 8487/2/5 8459/2/5 8486/2/5
f 8488/3/5 8461/3/5 8460/3/5
f 8488/2/5 8462/2/5 8461/2/5
f 8489/2/5 8462/2/5 8488/2/5
f 8490/2/5 8462/2/5 8489/2/5
f 8491/4/5 8464/4/5 8463/4/5
f 8491/2/5 8465/2/5 8464/2/5
f 8491/2/5 8466/2/5 8465/2/5
f 8492/2/5 8466/2/5 8491/2/5
f 8493/2/5 8466/2/5 8492/2/5
f 8494/2/5 8468/2/5 8467/2/5
f 8495/3/5 8469/3/5 8468/3/5
f 8495/2/5 8468/2/5 8494/2/5
f 8496/2/5 8470/2/5 8469/2/5
f 8496/3/5 8469/3/5 8495/3/5
f 8497/1/5 8471/1/5 8470/1/5
f 8497/2/5 8470/2/5 8496/2/5
f 8498/3/5 8472/3/5 8471/3/5
f 8498/1/5 8471/1/5 8497/1/5
f 8499/4/5 8473/4/5 8472/4/5
f 8499/3/5 8472/3/5 8498/3/5
f 8500/1/5 8474/1/5 8473/1/5
f 8500/4/5 8473/4/5 8499/4/5
f 8501/3/5 8475/3/5 8474/3/5
f 8501/1/5 8474/1/5 8500/1/5
f 8502/2/5 8476/2/5 8475/2/5
f 8502/3/5 8475/3/5 8501/3/5
f 8503/1/5 8477/1/5 8476/1/5
f 8503/2/5 8476/2/5 8502/2/5
f 8504/3/5 8478/3/5 8477/3/5
f 8504/1/5 8477/1/5 8503/1/5
f 8505/1/5 8480/1/5 8479/1/5
f 8505/3/5 8478/3/5 8504/3/5
f 8505/1/5 8479/1/5 8478/1/5
f 8506/1/5 8480/1/5 8505/1/5
f 8507/2/5 8481/2/5 8480/2/5
f 8507/1/5 8480/1/5 8506/1/5
f 8507/2/5 8482/2/5 8481/2/5
f 8507/2/5 8483/2/5 8482/2/5
f 8508/2/5 8483/2/5 8507/2/5
f 8509/2/5 8483/2/5 8508/2/5
f 8510/1/5 8484/1/5 8483/1/5
f 8510/2/5 8483/2/5 8509/2/5
f 8511/2/5 8485/2/5 8484/2/5
f 8511/1/5 8484/1/5 8510/1/5
f 8512/4/5 8486/4/5 8485/4/5
f 8512/2/5 8485/2/5 8511/2/5
f 8513/2/5 8487/2/5 8486/2/5
f 8513/4/5 8486/4/5 8512/4/5
f 8514/2/5 8487/2/5 8513/2/5
f 8515/3/5 8489/3/5 8488/3/5
f 8515/3/5 8488/3/5 8460/3/5
f 8516/3/5 8489/3/5 8515/3/5
f 8517/3/5 8492/3/5 8491/3/5
f 8517/4/5 8491/4/5 8463/4/5
f 8518/1/5 8493/1/5 8492/1/5
f 8518/3/5 8492/3/5 8517/3/5
f 8519/1/5 8493/1/5 8518/1/5
f 8520/1/5 8495/1/5 8494/1/5
f 8521/3/5 8496/3/5 8495/3/5
f 8521/1/5 8495/1/5 8520/1/5
f 8522/1/5 8498/1/5 8497/1/5
f 8522/3/5 8496/3/5 8521/3/5
f 8522/1/5 8497/1/5 8496/1/5
f 8523/4/5 8499/4/5 8498/4/5
f 8523/1/5 8498/1/5 8522/1/5
f 8524/1/5 8500/1/5 8499/1/5
f 8524/4/5 8499/4/5 8523/4/5
f 8525/4/5 8501/4/5 8500/4/5
f 8525/1/5 8500/1/5 8524/1/5
f 8526/2/5 8504/2/5 8503/2/5
f 8526/1/5 8505/1/5 8504/1/5
f 8527/3/5 8506/3/5 8505/3/5
f 8527/1/5 8505/1/5 8526/1/5
f 8528/2/5 8509/2/5 8508/2/5
f 8528/3/5 8508/3/5 8507/3/5
f 8529/3/5 8510/3/5 8509/3/5
f 8529/2/5 8509/2/5 8528/2/5
f 8530/2/5 8512/2/5 8511/2/5
f 8530/3/5 8510/3/5 8529/3/5
f 8530/2/5 8511/2/5 8510/2/5
f 8531/2/5 8512/2/5 8530/2/5
f 8532/1/5 8513/1/5 8512/1/5
f 8532/2/5 8512/2/5 8531/2/5
f 8533/4/5 8514/4/5 8513/4/5
f 8533/1/5 8513/1/5 8532/1/5
f 8534/4/5 8514/4/5 8533/4/5
f 8535/2/5 8516/2/5 8515/2/5
f 8536/3/5 8489/3/5 8516/3/5
f 8536/2/5 8516/2/5 8535/2/5
f 8537/4/5 8517/4/5 8463/4/5
f 8538/2/5 8518/2/5 8517/2/5
f 8538/4/5 8517/4/5 8537/4/5
f 8539/4/5 8519/4/5 8518/4/5
f 8539/2/5 8518/2/5 8538/2/5
f 8540/4/5 8519/4/5 8539/4/5
f 8541/2/5 8521/2/5 8520/2/5
f 8541/2/5 8522/2/5 8521/2/5
f 8541/2/5 8523/2/5 8522/2/5
f 8542/2/5 8523/2/5 8541/2/5
f 8543/2/5 8523/2/5 8542/2/5
f 8544/1/5 8524/1/5 8523/1/5
f 8544/2/5 8523/2/5 8543/2/5
f 8545/4/5 8525/4/5 8524/4/5
f 8545/1/5 8524/1/5 8544/1/5
f 8546/4/5 8501/4/5 8525/4/5
f 8546/4/5 8525/4/5 8545/4/5
f 8547/1/5 8502/1/5 8501/1/5
f 8547/4/5 8501/4/5 8546/4/5
f 8547/1/5 8503/1/5 8502/1/5
f 8548/1/5 8503/1/5 8547/1/5
f 8549/2/5 8526/2/5 8503/2/5
f 8549/1/5 8503/1/5 8548/1/5
f 8549/2/5 8527/2/5 8526/2/5
f 8550/2/5 8527/2/5 8549/2/5
f 8551/3/5 8506/3/5 8527/3/5
f 8551/2/5 8527/2/5 8550/2/5
f 8552/1/5 8507/1/5 8506/1/5
f 8552/3/5 8506/3/5 8551/3/5
f 8553/3/5 8529/3/5 8528/3/5
f 8553/1/5 8507/1/5 8552/1/5
f 8553/3/5 8528/3/5 8507/3/5
f 8554/3/5 8529/3/5 8553/3/5
f 8555/4/5 8530/4/5 8529/4/5
f 8555/3/5 8529/3/5 8554/3/5
f 8556/1/5 8531/1/5 8530/1/5
f 8556/4/5 8530/4/5 8555/4/5
f 8557/2/5 8532/2/5 8531/2/5
f 8557/1/5 8531/1/5 8556/1/5
f 8558/4/5 8533/4/5 8532/4/5
f 8558/2/5 8532/2/5 8557/2/5
f 8559/2/5 8534/2/5 8533/2/5
f 8559/4/5 8533/4/5 8558/4/5
f 8560/2/5 8534/2/5 8559/2/5
f 8561/1/5 8536/1/5 8535/1/5
f 8562/3/5 8489/3/5 8536/3/5
f 8562/1/5 8536/1/5 8561/1/5
f 8563/3/5 8538/3/5 8537/3/5
f 8564/1/5 8539/1/5 8538/1/5
f 8564/3/5 8538/3/5 8563/3/5
f 8565/2/5 8540/2/5 8539/2/5
f 8565/1/5 8539/1/5 8564/1/5
f 8566/2/5 8540/2/5 8565/2/5
f 8567/1/5 8542/1/5 8541/1/5
f 8568/4/5 8543/4/5 8542/4/5
f 8568/1/5 8542/1/5 8567/1/5
f 8569/4/5 8543/4/5 8568/4/5
f 8570/2/5 8544/2/5 8543/2/5
f 8570/4/5 8543/4/5 8569/4/5
f 8571/3/5 8546/3/5 8545/3/5
f 8571/3/5 8545/3/5 8544/3/5
f 8571/4/5 8547/4/5 8546/4/5
f 8572/2/5 8548/2/5 8547/2/5
f 8572/4/5 8547/4/5 8571/4/5
f 8573/4/5 8549/4/5 8548/4/5
f 8573/2/5 8548/2/5 8572/2/5
f 8574/3/5 8550/3/5 8549/3/5
f 8574/4/5 8549/4/5 8573/4/5
f 8575/1/5 8551/1/5 8550/1/5
f 8575/3/5 8550/3/5 8574/3/5
f 8576/3/5 8552/3/5 8551/3/5
f 8576/1/5 8551/1/5 8575/1/5
f 8577/4/5 8553/4/5 8552/4/5
f 8577/3/5 8552/3/5 8576/3/5
f 8578/2/5 8554/2/5 8553/2/5
f 8578/4/5 8553/4/5 8577/4/5
f 8579/1/5 8555/1/5 8554/1/5
f 8579/2/5 8554/2/5 8578/2/5
f 8580/3/5 8556/3/5 8555/3/5
f 8580/1/5 8555/1/5 8579/1/5
f 8581/1/5 8558/1/5 8557/1/5
f 8581/3/5 8556/3/5 8580/3/5
f 8581/1/5 8557/1/5 8556/1/5
f 8582/3/5 8559/3/5 8558/3/5
f 8582/1/5 8558/1/5 8581/1/5
f 8583/4/5 8560/4/5 8559/4/5
f 8583/3/5 8559/3/5 8582/3/5
f 8584/4/5 8560/4/5 8583/4/5
f 8585/2/5 8562/2/5 8561/2/5
f 8586/2/5 8564/2/5 8563/2/5
f 8587/3/5 8566/3/5 8565/3/5
f 8587/2/5 8564/2/5 8586/2/5
f 8587/3/5 8565/3/5 8564/3/5
f 8588/3/5 8566/3/5 8587/3/5
f 8589/3/5 8566/3/5 8588/3/5
f 8590/2/5 8568/2/5 8567/2/5
f 8591/4/5 8569/4/5 8568/4/5
f 8591/2/5 8568/2/5 8590/2/5
f 8592/3/5 8570/3/5 8569/3/5
f 8592/4/5 8569/4/5 8591/4/5
f 8593/2/5 8544/2/5 8570/2/5
f 8593/3/5 8570/3/5 8592/3/5
f 8594/3/5 8571/3/5 8544/3/5
f 8594/3/5 8572/3/5 8571/3/5
f 8595/3/5 8572/3/5 8594/3/5
f 8596/4/5 8573/4/5 8572/4/5
f 8596/3/5 8572/3/5 8595/3/5
f 8596/4/5 8574/4/5 8573/4/5
f 8597/4/5 8574/4/5 8596/4/5
f 8598/2/5 8575/2/5 8574/2/5
f 8598/4/5 8578/4/5 8577/4/5
f 8598/4/5 8577/4/5 8576/4/5
f 8598/4/5 8576/4/5 8575/4/5
f 8599/4/5 8578/4/5 8598/4/5
f 8600/1/5 8579/1/5 8578/1/5
f 8600/4/5 8578/4/5 8599/4/5
f 8600/1/5 8580/1/5 8579/1/5
f 8601/1/5 8580/1/5 8600/1/5
f 8602/2/5 8581/2/5 8580/2/5
f 8602/1/5 8580/1/5 8601/1/5
f 8603/3/5 8582/3/5 8581/3/5
f 8603/2/5 8581/2/5 8602/2/5
f 8604/1/5 8584/1/5 8583/1/5
f 8604/3/5 8582/3/5 8603/3/5
f 8604/1/5 8583/1/5 8582/1/5
f 8605/1/5 8584/1/5 8604/1/5
f 8606/1/5 8584/1/5 8605/1/5
f 8607/2/5 8562/2/5 8585/2/5
f 8608/3/5 8489/3/5 8562/3/5
f 8608/2/5 8562/2/5 8607/2/5
f 8609/4/5 8490/4/5 8489/4/5
f 8609/3/5 8489/3/5 8608/3/5
f 8610/4/5 8490/4/5 8609/4/5
f 8611/3/5 8587/3/5 8586/3/5
f 8612/2/5 8588/2/5 8587/2/5
f 8612/3/5 8587/3/5 8611/3/5
f 8613/1/5 8589/1/5 8588/1/5
f 8613/2/5 8588/2/5 8612/2/5
f 8614/1/5 8589/1/5 8613/1/5
f 8615/4/5 8591/4/5 8590/4/5
f 8616/1/5 8592/1/5 8591/1/5
f 8616/4/5 8591/4/5 8615/4/5
f 8617/2/5 8593/2/5 8592/2/5
f 8617/1/5 8592/1/5 8616/1/5
f 8618/2/5 8544/2/5 8593/2/5
f 8618/2/5 8593/2/5 8617/2/5
f 8618/3/5 8594/3/5 8544/3/5
f 8619/4/5 8595/4/5 8594/4/5
f 8619/3/5 8594/3/5 8618/3/5
f 8620/3/5 8596/3/5 8595/3/5
f 8620/4/5 8595/4/5 8619/4/5
f 8621/2/5 8597/2/5 8596/2/5
f 8621/3/5 8596/3/5 8620/3/5
f 8622/4/5 8574/4/5 8597/4/5
f 8622/2/5 8597/2/5 8621/2/5
f 8623/2/5 8598/2/5 8574/2/5
f 8623/4/5 8574/4/5 8622/4/5
f 8624/1/5 8599/1/5 8598/1/5
f 8624/2/5 8598/2/5 8623/2/5
f 8625/2/5 8600/2/5 8599/2/5
f 8625/1/5 8599/1/5 8624/1/5
f 8626/4/5 8601/4/5 8600/4/5
f 8626/2/5 8600/2/5 8625/2/5
f 8627/3/5 8602/3/5 8601/3/5
f 8627/4/5 8601/4/5 8626/4/5
f 8627/3/5 8603/3/5 8602/3/5
f 8628/1/5 8604/1/5 8603/1/5
f 8628/3/5 8603/3/5 8627/3/5
f 8629/4/5 8605/4/5 8604/4/5
f 8629/1/5 8604/1/5 8628/1/5
f 8630/3/5 8606/3/5 8605/3/5
f 8630/4/5 8605/4/5 8629/4/5
f 8631/3/5 8606/3/5 8630/3/5
f 8632/4/5 8608/4/5 8607/4/5
f 8633/3/5 8609/3/5 8608/3/5
f 8633/4/5 8608/4/5 8632/4/5
f 8634/1/5 8610/1/5 8609/1/5
f 8634/3/5 8609/3/5 8633/3/5
f 8635/1/5 8610/1/5 8634/1/5
f 8658/4/5 8637/4/5 8636/4/5
f 8659/3/5 8638/3/5 8637/3/5
f 8659/4/5 8637/4/5 8658/4/5
f 8660/3/5 8638/3/5 8659/3/5
f 8661/4/5 8640/4/5 8639/4/5
f 8662/4/5 8642/4/5 8641/4/5
f 8662/1/5 8643/1/5 8642/1/5
f 8663/4/5 8644/4/5 8643/4/5
f 8663/1/5 8643/1/5 8662/1/5
f 8664/4/5 8644/4/5 8663/4/5
f 8665/4/5 8644/4/5 8664/4/5
f 8666/4/5 8644/4/5 8665/4/5
f 8667/3/5 8645/3/5 8644/3/5
f 8667/4/5 8644/4/5 8666/4/5
f 8668/1/5 8646/1/5 8645/1/5
f 8668/3/5 8645/3/5 8667/3/5
f 8669/3/5 8647/3/5 8646/3/5
f 8669/1/5 8646/1/5 8668/1/5
f 8670/4/5 8648/4/5 8647/4/5
f 8670/3/5 8647/3/5 8669/3/5
f 8671/3/5 8649/3/5 8648/3/5
f 8671/4/5 8648/4/5 8670/4/5
f 8672/4/5 8650/4/5 8649/4/5
f 8672/3/5 8649/3/5 8671/3/5
f 8673/2/5 8651/2/5 8650/2/5
f 8673/4/5 8650/4/5 8672/4/5
f 8674/2/5 8651/2/5 8673/2/5
f 8675/3/5 8652/3/5 8651/3/5
f 8675/2/5 8651/2/5 8674/2/5
f 8676/4/5 8653/4/5 8652/4/5
f 8676/3/5 8652/3/5 8675/3/5
f 8677/4/5 8653/4/5 8676/4/5
f 8678/4/5 8653/4/5 8677/4/5
f 8679/1/5 8655/1/5 8654/1/5
f 8680/4/5 8656/4/5 8655/4/5
f 8680/1/5 8655/1/5 8679/1/5
f 8681/1/5 8657/1/5 8656/1/5
f 8681/4/5 8656/4/5 8680/4/5
f 8682/1/5 8657/1/5 8681/1/5
f 8683/1/5 8659/1/5 8658/1/5
f 8684/3/5 8660/3/5 8659/3/5
f 8684/1/5 8659/1/5 8683/1/5
f 8685/3/5 8660/3/5 8684/3/5
f 8686/3/5 8660/3/5 8685/3/5
f 8687/4/5 8640/4/5 8661/4/5
f 8688/3/5 8641/3/5 8640/3/5
f 8688/4/5 8640/4/5 8687/4/5
f 8689/4/5 8662/4/5 8641/4/5
f 8689/3/5 8641/3/5 8688/3/5
f 8690/2/5 8663/2/5 8662/2/5
f 8690/3/5 8664/3/5 8663/3/5
f 8691/1/5 8665/1/5 8664/1/5
f 8691/3/5 8664/3/5 8690/3/5
f 8692/1/5 8665/1/5 8691/1/5
f 8693/2/5 8666/2/5 8665/2/5
f 8693/1/5 8665/1/5 8692/1/5
f 8694/3/5 8667/3/5 8666/3/5
f 8694/2/5 8666/2/5 8693/2/5
f 8694/3/5 8668/3/5 8667/3/5
f 8694/3/5 8669/3/5 8668/3/5
f 8695/3/5 8669/3/5 8694/3/5
f 8696/3/5 8669/3/5 8695/3/5
f 8697/2/5 8670/2/5 8669/2/5
f 8697/3/5 8669/3/5 8696/3/5
f 8697/2/5 8671/2/5 8670/2/5
f 8698/4/5 8672/4/5 8671/4/5
f 8698/2/5 8671/2/5 8697/2/5
f 8699/2/5 8673/2/5 8672/2/5
f 8699/4/5 8672/4/5 8698/4/5
f 8700/3/5 8674/3/5 8673/3/5
f 8700/2/5 8673/2/5 8699/2/5
f 8701/1/5 8675/1/5 8674/1/5
f 8701/3/5 8674/3/5 8700/3/5
f 8702/3/5 8676/3/5 8675/3/5
f 8702/1/5 8675/1/5 8701/1/5
f 8703/1/5 8677/1/5 8676/1/5
f 8703/3/5 8676/3/5 8702/3/5
f 8704/2/5 8678/2/5 8677/2/5
f 8704/1/5 8677/1/5 8703/1/5
f 8705/2/5 8678/2/5 8704/2/5
f 8706/4/5 8680/4/5 8679/4/5
f 8707/3/5 8681/3/5 8680/3/5
f 8707/4/5 8680/4/5 8706/4/5
f 8708/2/5 8682/2/5 8681/2/5
f 8708/3/5 8681/3/5 8707/3/5
f 8709/2/5 8682/2/5 8708/2/5
f 8710/4/5 8685/4/5 8684/4/5
f 8710/3/5 8684/3/5 8683/3/5
f 8711/1/5 8686/1/5 8685/1/5
f 8711/4/5 8685/4/5 8710/4/5
f 8712/1/5 8686/1/5 8711/1/5
f 8713/3/5 8688/3/5 8687/3/5
f 8714/1/5 8689/1/5 8688/1/5
f 8714/3/5 8688/3/5 8713/3/5
f 8715/4/5 8662/4/5 8689/4/5
f 8715/1/5 8689/1/5 8714/1/5
f 8716/2/5 8690/2/5 8662/2/5
f 8716/4/5 8662/4/5 8715/4/5
f 8717/1/5 8691/1/5 8690/1/5
f 8717/2/5 8690/2/5 8716/2/5
f 8718/4/5 8692/4/5 8691/4/5
f 8718/1/5 8691/1/5 8717/1/5
f 8719/1/5 8693/1/5 8692/1/5
f 8719/4/5 8692/4/5 8718/4/5
f 8720/4/5 8695/4/5 8694/4/5
f 8720/1/5 8693/1/5 8719/1/5
f 8720/4/5 8694/4/5 8693/4/5
f 8721/3/5 8696/3/5 8695/3/5
f 8721/4/5 8695/4/5 8720/4/5
f 8722/1/5 8699/1/5 8698/1/5
f 8722/1/5 8698/1/5 8697/1/5
f 8723/1/5 8699/1/5 8722/1/5
f 8724/4/5 8700/4/5 8699/4/5
f 8724/1/5 8699/1/5 8723/1/5
f 8725/1/5 8701/1/5 8700/1/5
f 8725/4/5 8700/4/5 8724/4/5
f 8726/2/5 8702/2/5 8701/2/5
f 8726/1/5 8701/1/5 8725/1/5
f 8727/4/5 8703/4/5 8702/4/5
f 8727/2/5 8702/2/5 8726/2/5
f 8728/1/5 8705/1/5 8704/1/5
f 8728/4/5 8703/4/5 8727/4/5
f 8728/1/5 8704/1/5 8703/1/5
f 8729/1/5 8705/1/5 8728/1/5
f 8730/2/5 8707/2/5 8706/2/5
f 8730/2/5 8708/2/5 8707/2/5
f 8731/2/5 8708/2/5 8730/2/5
f 8732/3/5 8709/3/5 8708/3/5
f 8732/2/5 8708/2/5 8731/2/5
f 8733/3/5 8709/3/5 8732/3/5
f 8734/3/5 8710/3/5 8683/3/5
f 8734/3/5 8712/3/5 8711/3/5
f 8734/3/5 8711/3/5 8710/3/5
f 8735/3/5 8712/3/5 8734/3/5
f 8736/1/5 8714/1/5 8713/1/5
f 8737/3/5 8715/3/5 8714/3/5
f 8737/1/5 8714/1/5 8736/1/5
f 8738/1/5 8716/1/5 8715/1/5
f 8738/3/5 8715/3/5 8737/3/5
f 8739/2/5 8717/2/5 8716/2/5
f 8739/1/5 8716/1/5 8738/1/5
f 8740/4/5 8718/4/5 8717/4/5
f 8740/2/5 8717/2/5 8739/2/5
f 8741/1/5 8720/1/5 8719/1/5
f 8741/4/5 8718/4/5 8740/4/5
f 8741/1/5 8719/1/5 8718/1/5
f 8742/1/5 8720/1/5 8741/1/5
f 8743/3/5 8721/3/5 8720/3/5
f 8743/1/5 8720/1/5 8742/1/5
f 8744/3/5 8721/3/5 8743/3/5
f 8745/4/5 8697/4/5 8696/4/5
f 8745/3/5 8721/3/5 8744/3/5
f 8745/3/5 8696/3/5 8721/3/5
f 8746/1/5 8722/1/5 8697/1/5
f 8746/4/5 8697/4/5 8745/4/5
f 8747/4/5 8723/4/5 8722/4/5
f 8747/1/5 8722/1/5 8746/1/5
f 8748/3/5 8724/3/5 8723/3/5
f 8748/4/5 8723/4/5 8747/4/5
f 8748/3/5 8725/3/5 8724/3/5
f 8749/1/5 8726/1/5 8725/1/5
f 8749/3/5 8725/3/5 8748/3/5
f 8750/4/5 8727/4/5 8726/4/5
f 8750/1/5 8726/1/5 8749/1/5
f 8751/3/5 8728/3/5 8727/3/5
f 8751/4/5 8727/4/5 8750/4/5
f 8752/1/5 8729/1/5 8728/1/5
f 8752/3/5 8728/3/5 8751/3/5
f 8753/1/5 8729/1/5 8752/1/5
f 8754/1/5 8729/1/5 8753/1/5
f 8755/4/5 8731/4/5 8730/4/5
f 8756/1/5 8733/1/5 8732/1/5
f 8756/4/5 8731/4/5 8755/4/5
f 8756/1/5 8732/1/5 8731/1/5
f 8757/1/5 8733/1/5 8756/1/5
f 8758/1/5 8733/1/5 8757/1/5
f 8759/4/5 8735/4/5 8734/4/5
f 8760/4/5 8735/4/5 8759/4/5
f 8761/4/5 8735/4/5 8760/4/5
f 8762/4/5 8735/4/5 8761/4/5
f 8763/1/5 8738/1/5 8737/1/5
f 8763/1/5 8739/1/5 8738/1/5
f 8763/1/5 8737/1/5 8736/1/5
f 8764/1/5 8739/1/5 8763/1/5
f 8765/1/5 8739/1/5 8764/1/5
f 8766/3/5 8740/3/5 8739/3/5
f 8766/1/5 8739/1/5 8765/1/5
f 8767/1/5 8741/1/5 8740/1/5
f 8767/3/5 8740/3/5 8766/3/5
f 8768/3/5 8742/3/5 8741/3/5
f 8768/1/5 8741/1/5 8767/1/5
f 8769/2/5 8743/2/5 8742/2/5
f 8769/3/5 8742/3/5 8768/3/5
f 8770/1/5 8744/1/5 8743/1/5
f 8770/2/5 8743/2/5 8769/2/5
f 8771/4/5 8745/4/5 8744/4/5
f 8771/1/5 8744/1/5 8770/1/5
f 8772/4/5 8745/4/5 8771/4/5
f 8773/2/5 8746/2/5 8745/2/5
f 8773/4/5 8745/4/5 8772/4/5
f 8774/3/5 8748/3/5 8747/3/5
f 8774/2/5 8746/2/5 8773/2/5
f 8774/3/5 8747/3/5 8746/3/5
f 8775/2/5 8749/2/5 8748/2/5
f 8775/3/5 8748/3/5 8774/3/5
f 8776/2/5 8749/2/5 8775/2/5
f 8777/3/5 8751/3/5 8750/3/5
f 8777/2/5 8749/2/5 8776/2/5
f 8777/3/5 8750/3/5 8749/3/5
f 8777/3/5 8752/3/5 8751/3/5
f 8778/2/5 8753/2/5 8752/2/5
f 8778/3/5 8752/3/5 8777/3/5
f 8779/3/5 8754/3/5 8753/3/5
f 8779/2/5 8753/2/5 8778/2/5
f 8780/2/5 8756/2/5 8755/2/5
f 8780/2/5 8757/2/5 8756/2/5
f 8781/4/5 8758/4/5 8757/4/5
f 8781/2/5 8757/2/5 8780/2/5
f 8782/4/5 8758/4/5 8781/4/5
f 8783/1/5 8760/1/5 8759/1/5
f 8784/4/5 8761/4/5 8760/4/5
f 8784/1/5 8760/1/5 8783/1/5
f 8785/2/5 8762/2/5 8761/2/5
f 8785/4/5 8761/4/5 8784/4/5
f 8786/2/5 8762/2/5 8785/2/5
f 8787/1/5 8765/1/5 8764/1/5
f 8787/4/5 8764/4/5 8763/4/5
f 8788/2/5 8768/2/5 8767/2/5
f 8788/1/5 8765/1/5 8787/1/5
f 8788/2/5 8767/2/5 8766/2/5
f 8788/2/5 8766/2/5 8765/2/5
f 8789/2/5 8768/2/5 8788/2/5
f 8790/2/5 8768/2/5 8789/2/5
f 8791/4/5 8769/4/5 8768/4/5
f 8791/2/5 8768/2/5 8790/2/5
f 8791/4/5 8770/4/5 8769/4/5
f 8792/4/5 8770/4/5 8791/4/5
f 8793/1/5 8772/1/5 8771/1/5
f 8793/4/5 8770/4/5 8792/4/5
f 8793/1/5 8771/1/5 8770/1/5
f 8794/1/5 8772/1/5 8793/1/5
f 8795/2/5 8774/2/5 8773/2/5
f 8795/1/5 8772/1/5 8794/1/5
f 8795/2/5 8773/2/5 8772/2/5
f 8796/2/5 8774/2/5 8795/2/5
f 8797/4/5 8776/4/5 8775/4/5
f 8797/2/5 8774/2/5 8796/2/5
f 8797/4/5 8775/4/5 8774/4/5
f 8798/4/5 8776/4/5 8797/4/5
f 8799/4/5 8776/4/5 8798/4/5
f 8800/1/5 8777/1/5 8776/1/5
f 8800/4/5 8776/4/5 8799/4/5
f 8801/4/5 8778/4/5 8777/4/5
f 8801/1/5 8777/1/5 8800/1/5
f 8802/4/5 8778/4/5 8801/4/5
f 8803/3/5 8779/3/5 8778/3/5
f 8803/4/5 8778/4/5 8802/4/5
f 8804/3/5 8754/3/5 8779/3/5
f 8804/3/5 8779/3/5 8803/3/5
f 8805/3/5 8754/3/5 8804/3/5
f 8806/4/5 8781/4/5 8780/4/5
f 8807/4/5 8781/4/5 8806/4/5
f 8808/1/5 8782/1/5 8781/1/5
f 8808/4/5 8781/4/5 8807/4/5
f 8809/1/5 8782/1/5 8808/1/5
f 8810/2/5 8784/2/5 8783/2/5
f 8811/1/5 8785/1/5 8784/1/5
f 8811/2/5 8784/2/5 8810/2/5
f 8812/4/5 8786/4/5 8785/4/5
f 8813/4/5 8787/4/5 8763/4/5
f 8814/2/5 8788/2/5 8787/2/5
f 8814/4/5 8787/4/5 8813/4/5
f 8815/4/5 8789/4/5 8788/4/5
f 8815/2/5 8788/2/5 8814/2/5
f 8816/2/5 8790/2/5 8789/2/5
f 8816/4/5 8789/4/5 8815/4/5
f 8817/1/5 8791/1/5 8790/1/5
f 8817/2/5 8790/2/5 8816/2/5
f 8818/3/5 8792/3/5 8791/3/5
f 8818/1/5 8791/1/5 8817/1/5
f 8819/1/5 8793/1/5 8792/1/5
f 8819/3/5 8792/3/5 8818/3/5
f 8820/4/5 8794/4/5 8793/4/5
f 8820/1/5 8793/1/5 8819/1/5
f 8821/3/5 8795/3/5 8794/3/5
f 8821/4/5 8794/4/5 8820/4/5
f 8822/2/5 8796/2/5 8795/2/5
f 8822/3/5 8795/3/5 8821/3/5
f 8823/3/5 8797/3/5 8796/3/5
f 8823/2/5 8796/2/5 8822/2/5
f 8824/4/5 8798/4/5 8797/4/5
f 8824/3/5 8797/3/5 8823/3/5
f 8825/1/5 8799/1/5 8798/1/5
f 8825/4/5 8798/4/5 8824/4/5
f 8826/4/5 8800/4/5 8799/4/5
f 8826/1/5 8799/1/5 8825/1/5
f 8827/2/5 8801/2/5 8800/2/5
f 8827/4/5 8800/4/5 8826/4/5
f 8828/2/5 8803/2/5 8802/2/5
f 8829/4/5 8804/4/5 8803/4/5
f 8829/2/5 8803/2/5 8828/2/5
f 8830/1/5 8805/1/5 8804/1/5
f 8830/4/5 8804/4/5 8829/4/5
f 8831/1/5 8805/1/5 8830/1/5
f 8832/1/5 8807/1/5 8806/1/5
f 8833/2/5 8808/2/5 8807/2/5
f 8833/1/5 8807/1/5 8832/1/5
f 8833/2/5 8809/2/5 8808/2/5
f 8834/2/5 8809/2/5 8833/2/5
f 8835/4/5 8811/4/5 8810/4/5
f 8836/1/5 8785/1/5 8811/1/5
f 8836/4/5 8811/4/5 8835/4/5
f 8837/4/5 8812/4/5 8785/4/5
f 8837/1/5 8785/1/5 8836/1/5
f 8838/4/5 8812/4/5 8837/4/5
f 8839/1/5 8815/1/5 8814/1/5
f 8839/1/5 8814/1/5 8813/1/5
f 8840/2/5 8816/2/5 8815/2/5
f 8840/1/5 8815/1/5 8839/1/5
f 8841/4/5 8817/4/5 8816/4/5
f 8841/2/5 8816/2/5 8840/2/5
f 8842/2/5 8818/2/5 8817/2/5
f 8842/4/5 8817/4/5 8841/4/5
f 8843/1/5 8819/1/5 8818/1/5
f 8843/2/5 8818/2/5 8842/2/5
f 8843/1/5 8820/1/5 8819/1/5
f 8844/2/5 8821/2/5 8820/2/5
f 8844/1/5 8820/1/5 8843/1/5
f 8845/4/5 8822/4/5 8821/4/5
f 8845/2/5 8821/2/5 8844/2/5
f 8845/4/5 8823/4/5 8822/4/5
f 8846/2/5 8824/2/5 8823/2/5
f 8846/4/5 8823/4/5 8845/4/5
f 8847/1/5 8825/1/5 8824/1/5
f 8847/2/5 8824/2/5 8846/2/5
f 8848/2/5 8826/2/5 8825/2/5
f 8848/1/5 8825/1/5 8847/1/5
f 8848/2/5 8827/2/5 8826/2/5
f 8849/2/5 8801/2/5 8827/2/5
f 8849/2/5 8827/2/5 8848/2/5
f 8849/1/5 8802/1/5 8801/1/5
f 8850/2/5 8828/2/5 8802/2/5
f 8850/1/5 8802/1/5 8849/1/5
f 8851/4/5 8829/4/5 8828/4/5
f 8851/2/5 8828/2/5 8850/2/5
f 8852/1/5 8830/1/5 8829/1/5
f 8852/4/5 8829/4/5 8851/4/5
f 8853/4/5 8831/4/5 8830/4/5
f 8853/1/5 8830/1/5 8852/1/5
f 8854/4/5 8831/4/5 8853/4/5
f 8855/1/5 8833/1/5 8832/1/5
f 8856/4/5 8834/4/5 8833/4/5
f 8856/1/5 8833/1/5 8855/1/5
f 8857/4/5 8834/4/5 8856/4/5
f 8881/1/5 8859/1/5 8858/1/5
f 8882/2/5 8860/2/5 8859/2/5
f 8882/1/5 8859/1/5 8881/1/5
f 8883/2/5 8860/2/5 8882/2/5
f 8884/2/5 8860/2/5 8883/2/5
f 8885/1/5 8862/1/5 8861/1/5
f 8886/3/5 8863/3/5 8862/3/5
f 8886/1/5 8862/1/5 8885/1/5
f 8887/1/5 8864/1/5 8863/1/5
f 8887/3/5 8863/3/5 8886/3/5
f 8888/1/5 8864/1/5 8887/1/5
f 8889/3/5 8865/3/5 8864/3/5
f 8889/1/5 8864/1/5 8888/1/5
f 8890/4/5 8866/4/5 8865/4/5
f 8890/3/5 8865/3/5 8889/3/5
f 8891/4/5 8866/4/5 8890/4/5
f 8892/3/5 8867/3/5 8866/3/5
f 8892/4/5 8866/4/5 8891/4/5
f 8893/3/5 8867/3/5 8892/3/5
f 8894/1/5 8868/1/5 8867/1/5
f 8894/3/5 8867/3/5 8893/3/5
f 8895/3/5 8869/3/5 8868/3/5
f 8895/1/5 8868/1/5 8894/1/5
f 8896/1/5 8870/1/5 8869/1/5
f 8896/3/5 8869/3/5 8895/3/5
f 8897/2/5 8871/2/5 8870/2/5
f 8897/1/5 8870/1/5 8896/1/5
f 8898/3/5 8872/3/5 8871/3/5
f 8898/2/5 8871/2/5 8897/2/5
f 8899/3/5 8872/3/5 8898/3/5
f 8900/4/5 8873/4/5 8872/4/5
f 8900/3/5 8872/3/5 8899/3/5
f 8901/1/5 8874/1/5 8873/1/5
f 8901/4/5 8873/4/5 8900/4/5
f 8902/4/5 8875/4/5 8874/4/5
f 8902/1/5 8874/1/5 8901/1/5
f 8903/4/5 8875/4/5 8902/4/5
f 8904/2/5 8876/2/5 8875/2/5
f 8904/4/5 8875/4/5 8903/4/5
f 8905/2/5 8876/2/5 8904/2/5
f 8906/3/5 8878/3/5 8877/3/5
f 8907/4/5 8879/4/5 8878/4/5
f 8907/3/5 8878/3/5 8906/3/5
f 8908/3/5 8880/3/5 8879/3/5
f 8908/4/5 8879/4/5 8907/4/5
f 8909/2/5 8882/2/5 8881/2/5
f 8910/4/5 8883/4/5 8882/4/5
f 8910/2/5 8882/2/5 8909/2/5
f 8911/1/5 8884/1/5 8883/1/5
f 8911/4/5 8883/4/5 8910/4/5
f 8912/1/5 8884/1/5 8911/1/5
f 8913/2/5 8886/2/5 8885/2/5
f 8913/2/5 8887/2/5 8886/2/5
f 8914/3/5 8888/3/5 8887/3/5
f 8914/2/5 8887/2/5 8913/2/5
f 8915/4/5 8889/4/5 8888/4/5
f 8915/3/5 8888/3/5 8914/3/5
f 8915/4/5 8891/4/5 8890/4/5
f 8915/4/5 8890/4/5 8889/4/5
f 8916/4/5 8891/4/5 8915/4/5
f 8917/3/5 8892/3/5 8891/3/5
f 8917/4/5 8891/4/5 8916/4/5
f 8918/1/5 8893/1/5 8892/1/5
f 8918/3/5 8892/3/5 8917/3/5
f 8919/4/5 8894/4/5 8893/4/5
f 8919/1/5 8893/1/5 8918/1/5
f 8919/4/5 8895/4/5 8894/4/5
f 8920/4/5 8895/4/5 8919/4/5
f 8921/3/5 8896/3/5 8895/3/5
f 8921/4/5 8895/4/5 8920/4/5
f 8922/4/5 8897/4/5 8896/4/5
f 8922/3/5 8896/3/5 8921/3/5
f 8922/4/5 8898/4/5 8897/4/5
f 8923/4/5 8898/4/5 8922/4/5
f 8924/2/5 8899/2/5 8898/2/5
f 8924/4/5 8898/4/5 8923/4/5
f 8925/1/5 8900/1/5 8899/1/5
f 8925/2/5 8899/2/5 8924/2/5
f 8925/1/5 8901/1/5 8900/1/5
f 8926/2/5 8902/2/5 8901/2/5
f 8926/1/5 8901/1/5 8925/1/5
f 8927/4/5 8903/4/5 8902/4/5
f 8927/2/5 8902/2/5 8926/2/5
f 8928/2/5 8904/2/5 8903/2/5
f 8928/4/5 8903/4/5 8927/4/5
f 8929/4/5 8905/4/5 8904/4/5
f 8929/2/5 8904/2/5 8928/2/5
f 8930/4/5 8905/4/5 8929/4/5
f 8931/3/5 8907/3/5 8906/3/5
f 8931/3/5 8908/3/5 8907/3/5
f 8932/3/5 8908/3/5 8931/3/5
f 8933/3/5 8880/3/5 8908/3/5
f 8933/3/5 8908/3/5 8932/3/5
f 8934/3/5 8880/3/5 8933/3/5
f 8935/1/5 8910/1/5 8909/1/5
f 8935/1/5 8911/1/5 8910/1/5
f 8936/1/5 8911/1/5 8935/1/5
f 8937/3/5 8912/3/5 8911/3/5
f 8937/1/5 8911/1/5 8936/1/5
f 8938/3/5 8912/3/5 8937/3/5
f 8939/2/5 8913/2/5 8885/2/5
f 8940/1/5 8914/1/5 8913/1/5
f 8940/2/5 8913/2/5 8939/2/5
f 8941/2/5 8915/2/5 8914/2/5
f 8941/1/5 8914/1/5 8940/1/5
f 8942/4/5 8916/4/5 8915/4/5
f 8942/2/5 8915/2/5 8941/2/5
f 8943/4/5 8916/4/5 8942/4/5
f 8944/2/5 8917/2/5 8916/2/5
f 8944/4/5 8916/4/5 8943/4/5
f 8945/3/5 8918/3/5 8917/3/5
f 8945/2/5 8917/2/5 8944/2/5
f 8946/2/5 8919/2/5 8918/2/5
f 8946/3/5 8918/3/5 8945/3/5
f 8947/1/5 8920/1/5 8919/1/5
f 8947/2/5 8919/2/5 8946/2/5
f 8948/2/5 8921/2/5 8920/2/5
f 8948/1/5 8920/1/5 8947/1/5
f 8948/2/5 8923/2/5 8922/2/5
f 8948/2/5 8922/2/5 8921/2/5
f 8949/2/5 8923/2/5 8948/2/5
f 8950/2/5 8923/2/5 8949/2/5
f 8951/1/5 8924/1/5 8923/1/5
f 8951/2/5 8923/2/5 8950/2/5
f 8952/3/5 8926/3/5 8925/3/5
f 8952/1/5 8924/1/5 8951/1/5
f 8952/3/5 8925/3/5 8924/3/5
f 8953/3/5 8926/3/5 8952/3/5
f 8954/4/5 8929/4/5 8928/4/5
f 8954/4/5 8928/4/5 8927/4/5
f 8954/1/5 8927/1/5 8926/1/5
f 8955/4/5 8929/4/5 8954/4/5
f 8956/1/5 8930/1/5 8929/1/5
f 8956/4/5 8929/4/5 8955/4/5
f 8957/1/5 8930/1/5 8956/1/5
f 8958/2/5 8932/2/5 8931/2/5
f 8959/3/5 8933/3/5 8932/3/5
f 8959/2/5 8932/2/5 8958/2/5
f 8960/4/5 8934/4/5 8933/4/5
f 8960/3/5 8933/3/5 8959/3/5
f 8961/4/5 8934/4/5 8960/4/5
f 8962/4/5 8936/4/5 8935/4/5
f 8963/2/5 8937/2/5 8936/2/5
f 8963/4/5 8936/4/5 8962/4/5
f 8964/4/5 8938/4/5 8937/4/5
f 8964/2/5 8937/2/5 8963/2/5
f 8965/4/5 8938/4/5 8964/4/5
f 8966/3/5 8940/3/5 8939/3/5
f 8966/3/5 8942/3/5 8941/3/5
f 8966/3/5 8941/3/5 8940/3/5
f 8967/3/5 8942/3/5 8966/3/5
f 8968/1/5 8943/1/5 8942/1/5
f 8968/3/5 8942/3/5 8967/3/5
f 8969/2/5 8944/2/5 8943/2/5
f 8969/1/5 8943/1/5 8968/1/5
f 8970/3/5 8945/3/5 8944/3/5
f 8970/2/5 8944/2/5 8969/2/5
f 8971/1/5 8946/1/5 8945/1/5
f 8971/4/5 8947/4/5 8946/4/5
f 8972/1/5 8949/1/5 8948/1/5
f 8972/4/5 8947/4/5 8971/4/5
f 8972/1/5 8948/1/5 8947/1/5
f 8973/1/5 8949/1/5 8972/1/5
f 8974/4/5 8950/4/5 8949/4/5
f 8974/1/5 8949/1/5 8973/1/5
f 8975/1/5 8951/1/5 8950/1/5
f 8975/4/5 8950/4/5 8974/4/5
f 8976/3/5 8952/3/5 8951/3/5
f 8976/1/5 8951/1/5 8975/1/5
f 8977/4/5 8953/4/5 8952/4/5
f 8977/3/5 8952/3/5 8976/3/5
f 8978/4/5 8953/4/5 8977/4/5
f 8979/3/5 8926/3/5 8953/3/5
f 8979/4/5 8953/4/5 8978/4/5
f 8980/1/5 8954/1/5 8926/1/5
f 8980/3/5 8926/3/5 8979/3/5
f 8981/2/5 8955/2/5 8954/2/5
f 8981/1/5 8954/1/5 8980/1/5
f 8982/4/5 8956/4/5 8955/4/5
f 8982/2/5 8955/2/5 8981/2/5
f 8983/2/5 8957/2/5 8956/2/5
f 8983/4/5 8956/4/5 8982/4/5
f 8984/2/5 8957/2/5 8983/2/5
f 8985/3/5 8959/3/5 8958/3/5
f 8986/1/5 8961/1/5 8960/1/5
f 8986/2/5 8960/2/5 8959/2/5
f 8987/1/5 8961/1/5 8986/1/5
f 8988/1/5 8963/1/5 8962/1/5
f 8988/1/5 8964/1/5 8963/1/5
f 8989/1/5 8964/1/5 8988/1/5
f 8990/2/5 8965/2/5 8964/2/5
f 8990/1/5 8964/1/5 8989/1/5
f 8991/2/5 8965/2/5 8990/2/5
f 8992/1/5 8967/1/5 8966/1/5
f 8993/4/5 8968/4/5 8967/4/5
f 8993/1/5 8967/1/5 8992/1/5
f 8994/4/5 8968/4/5 8993/4/5
f 8995/1/5 8969/1/5 8968/1/5
f 8995/4/5 8968/4/5 8994/4/5
f 8996/3/5 8970/3/5 8969/3/5
f 8996/1/5 8969/1/5 8995/1/5
f 8997/3/5 8945/3/5 8970/3/5
f 8997/3/5 8970/3/5 8996/3/5
f 8998/1/5 8973/1/5 8972/1/5
f 8998/3/5 8945/3/5 8997/3/5
f 8998/1/5 8971/1/5 8945/1/5
f 8998/1/5 8972/1/5 8971/1/5
f 8999/1/5 8973/1/5 8998/1/5
f 9000/4/5 8976/4/5 8975/4/5
f 9000/2/5 8975/2/5 8974/2/5
f 9001/1/5 8977/1/5 8976/1/5
f 9001/4/5 8976/4/5 9000/4/5
f 9002/3/5 8978/3/5 8977/3/5
f 9002/1/5 8977/1/5 9001/1/5
f 9003/1/5 8979/1/5 8978/1/5
f 9003/3/5 8978/3/5 9002/3/5
f 9004/3/5 8980/3/5 8979/3/5
f 9004/1/5 8979/1/5 9003/1/5
f 9005/4/5 8981/4/5 8980/4/5
f 9005/3/5 8980/3/5 9004/3/5
f 9006/3/5 8982/3/5 8981/3/5
f 9006/4/5 8981/4/5 9005/4/5
f 9007/1/5 8983/1/5 8982/1/5
f 9007/3/5 8982/3/5 9006/3/5
f 9008/2/5 8984/2/5 8983/2/5
f 9008/1/5 8983/1/5 9007/1/5
f 9009/2/5 8984/2/5 9008/2/5
f 9010/1/5 8991/1/5 8990/1/5
f 9010/4/5 8989/4/5 8988/4/5
f 9010/1/5 8990/1/5 8989/1/5
f 9011/1/5 8991/1/5 9010/1/5
f 9012/1/5 8994/1/5 8993/1/5
f 9012/2/5 8993/2/5 8992/2/5
f 9013/2/5 8995/2/5 8994/2/5
f 9013/1/5 8994/1/5 9012/1/5
f 9014/1/5 8996/1/5 8995/1/5
f 9014/2/5 8995/2/5 9013/2/5
f 9014/1/5 8997/1/5 8996/1/5
f 9015/1/5 8997/1/5 9014/1/5
f 9016/4/5 8998/4/5 8997/4/5
f 9016/1/5 8997/1/5 9015/1/5
f 9016/4/5 8999/4/5 8998/4/5
f 9017/4/5 8999/4/5 9016/4/5
f 9018/1/5 8973/1/5 8999/1/5
f 9018/4/5 8999/4/5 9017/4/5
f 9019/4/5 8974/4/5 8973/4/5
f 9019/1/5 8973/1/5 9018/1/5
f 9020/2/5 9000/2/5 8974/2/5
f 9020/4/5 8974/4/5 9019/4/5
f 9021/3/5 9001/3/5 9000/3/5
f 9021/2/5 9000/2/5 9020/2/5
f 9022/4/5 9002/4/5 9001/4/5
f 9022/3/5 9001/3/5 9021/3/5
f 9023/2/5 9003/2/5 9002/2/5
f 9023/4/5 9002/4/5 9022/4/5
f 9024/4/5 9004/4/5 9003/4/5
f 9024/2/5 9003/2/5 9023/2/5
f 9025/3/5 9005/3/5 9004/3/5
f 9025/4/5 9004/4/5 9024/4/5
f 9025/3/5 9007/3/5 9006/3/5
f 9025/3/5 9006/3/5 9005/3/5
f 9026/3/5 9007/3/5 9025/3/5
f 9027/3/5 9007/3/5 9026/3/5
f 9028/2/5 9008/2/5 9007/2/5
f 9028/3/5 9007/3/5 9027/3/5
f 9029/1/5 9009/1/5 9008/1/5
f 9030/3/5 8959/3/5 8985/3/5
f 9031/2/5 8986/2/5 8959/2/5
f 9031/3/5 8959/3/5 9030/3/5
f 9032/4/5 8987/4/5 8986/4/5
f 9032/2/5 8986/2/5 9031/2/5
f 9033/4/5 8987/4/5 9032/4/5
f 9034/4/5 9010/4/5 8988/4/5
f 9035/3/5 9011/3/5 9010/3/5
f 9035/4/5 9010/4/5 9034/4/5
f 9036/3/5 9011/3/5 9035/3/5
f 9037/3/5 9011/3/5 9036/3/5
f 9038/2/5 9012/2/5 8992/2/5
f 9039/3/5 9013/3/5 9012/3/5
f 9039/2/5 9012/2/5 9038/2/5
f 9040/2/5 9014/2/5 9013/2/5
f 9040/3/5 9013/3/5 9039/3/5
f 9041/4/5 9015/4/5 9014/4/5
f 9041/2/5 9014/2/5 9040/2/5
f 9042/3/5 9017/3/5 9016/3/5
f 9042/4/5 9015/4/5 9041/4/5
f 9042/3/5 9016/3/5 9015/3/5
f 9043/2/5 9020/2/5 9019/2/5
f 9043/3/5 9017/3/5 9042/3/5
f 9043/2/5 9018/2/5 9017/2/5
f 9043/2/5 9019/2/5 9018/2/5
f 9044/2/5 9020/2/5 9043/2/5
f 9045/4/5 9021/4/5 9020/4/5
f 9045/2/5 9020/2/5 9044/2/5
f 9046/1/5 9022/1/5 9021/1/5
f 9046/4/5 9021/4/5 9045/4/5
f 9047/3/5 9024/3/5 9023/3/5
f 9047/1/5 9022/1/5 9046/1/5
f 9047/3/5 9023/3/5 9022/3/5
f 9048/3/5 9024/3/5 9047/3/5
f 9049/1/5 9025/1/5 9024/1/5
f 9049/3/5 9024/3/5 9048/3/5
f 9049/1/5 9026/1/5 9025/1/5
f 9050/1/5 9026/1/5 9049/1/5
f 9051/2/5 9027/2/5 9026/2/5
f 9051/1/5 9026/1/5 9050/1/5
f 9052/1/5 9028/1/5 9027/1/5
f 9052/2/5 9027/2/5 9051/2/5
f 9053/2/5 9008/2/5 9028/2/5
f 9053/1/5 9028/1/5 9052/1/5
f 9054/1/5 9029/1/5 9008/1/5
f 9054/2/5 9008/2/5 9053/2/5
f 9055/1/5 9029/1/5 9054/1/5
f 9056/2/5 9031/2/5 9030/2/5
f 9056/2/5 9032/2/5 9031/2/5
f 9057/2/5 9032/2/5 9056/2/5
f 9058/3/5 9033/3/5 9032/3/5
f 9058/2/5 9032/2/5 9057/2/5
f 9059/3/5 9033/3/5 9058/3/5
f 9060/2/5 9035/2/5 9034/2/5
f 9061/4/5 9036/4/5 9035/4/5
f 9061/2/5 9035/2/5 9060/2/5
f 9062/3/5 9037/3/5 9036/3/5
f 9062/4/5 9036/4/5 9061/4/5
f 9063/3/5 9037/3/5 9062/3/5
f 9064/4/5 9039/4/5 9038/4/5
f 9065/1/5 9040/1/5 9039/1/5
f 9065/4/5 9039/4/5 9064/4/5
f 9066/3/5 9041/3/5 9040/3/5
f 9066/1/5 9040/1/5 9065/1/5
f 9067/2/5 9042/2/5 9041/2/5
f 9067/3/5 9041/3/5 9066/3/5
f 9068/3/5 9044/3/5 9043/3/5
f 9068/2/5 9042/2/5 9067/2/5
f 9068/3/5 9043/3/5 9042/3/5
f 9069/2/5 9045/2/5 9044/2/5
f 9069/3/5 9044/3/5 9068/3/5
f 9069/2/5 9046/2/5 9045/2/5
f 9070/3/5 9047/3/5 9046/3/5
f 9070/2/5 9046/2/5 9069/2/5
f 9071/1/5 9048/1/5 9047/1/5
f 9071/3/5 9047/3/5 9070/3/5
f 9072/3/5 9049/3/5 9048/3/5
f 9072/1/5 9048/1/5 9071/1/5
f 9073/2/5 9050/2/5 9049/2/5
f 9073/3/5 9049/3/5 9072/3/5
f 9074/4/5 9051/4/5 9050/4/5
f 9074/2/5 9050/2/5 9073/2/5
f 9075/3/5 9052/3/5 9051/3/5
f 9075/4/5 9051/4/5 9074/4/5
f 9076/2/5 9053/2/5 9052/2/5
f 9076/3/5 9052/3/5 9075/3/5
f 9076/2/5 9054/2/5 9053/2/5
f 9077/4/5 9055/4/5 9054/4/5
f 9077/2/5 9054/2/5 9076/2/5
f 9078/4/5 9055/4/5 9077/4/5
f 9079/2/5 9057/2/5 9056/2/5
f 9080/1/5 9059/1/5 9058/1/5
f 9080/2/5 9057/2/5 9079/2/5
f 9080/1/5 9058/1/5 9057/1/5
f 9081/1/5 9059/1/5 9080/1/5
f 9104/3/5 9083/3/5 9082/3/5
f 9105/2/5 9084/2/5 9083/2/5
f 9105/3/5 9083/3/5 9104/3/5
f 9106/2/5 9084/2/5 9105/2/5
f 9107/2/5 9084/2/5 9106/2/5
f 9108/1/5 9086/1/5 9085/1/5
f 9109/2/5 9087/2/5 9086/2/5
f 9109/1/5 9086/1/5 9108/1/5
f 9110/1/5 9088/1/5 9087/1/5
f 9110/2/5 9087/2/5 9109/2/5
f 9111/1/5 9088/1/5 9110/1/5
f 9112/3/5 9089/3/5 9088/3/5
f 9112/1/5 9088/1/5 9111/1/5
f 9113/2/5 9090/2/5 9089/2/5
f 9113/3/5 9089/3/5 9112/3/5
f 9114/1/5 9091/1/5 9090/1/5
f 9114/2/5 9090/2/5 9113/2/5
f 9115/2/5 9092/2/5 9091/2/5
f 9115/1/5 9091/1/5 9114/1/5
f 9116/1/5 9093/1/5 9092/1/5
f 9116/2/5 9092/2/5 9115/2/5
f 9117/3/5 9094/3/5 9093/3/5
f 9117/1/5 9093/1/5 9116/1/5
f 9118/3/5 9094/3/5 9117/3/5
f 9119/1/5 9095/1/5 9094/1/5
f 9119/3/5 9094/3/5 9118/3/5
f 9120/3/5 9096/3/5 9095/3/5
f 9120/1/5 9095/1/5 9119/1/5
f 9121/1/5 9097/1/5 9096/1/5
f 9121/3/5 9096/3/5 9120/3/5
f 9122/3/5 9098/3/5 9097/3/5
f 9122/1/5 9097/1/5 9121/1/5
f 9123/3/5 9098/3/5 9122/3/5
f 9124/2/5 9099/2/5 9098/2/5
f 9125/2/5 9101/2/5 9100/2/5
f 9126/4/5 9102/4/5 9101/4/5
f 9126/2/5 9101/2/5 9125/2/5
f 9127/2/5 9103/2/5 9102/2/5
f 9127/4/5 9102/4/5 9126/4/5
f 9128/2/5 9103/2/5 9127/2/5
f 9129/1/5 9105/1/5 9104/1/5
f 9130/3/5 9106/3/5 9105/3/5
f 9130/1/5 9105/1/5 9129/1/5
f 9131/4/5 9107/4/5 9106/4/5
f 9131/3/5 9106/3/5 9130/3/5
f 9132/4/5 9107/4/5 9131/4/5
f 9133/4/5 9109/4/5 9108/4/5
f 9133/4/5 9110/4/5 9109/4/5
f 9134/4/5 9110/4/5 9133/4/5
f 9135/1/5 9111/1/5 9110/1/5
f 9135/4/5 9110/4/5 9134/4/5
f 9136/3/5 9112/3/5 9111/3/5
f 9136/1/5 9111/1/5 9135/1/5
f 9137/2/5 9113/2/5 9112/2/5
f 9137/3/5 9112/3/5 9136/3/5
f 9138/2/5 9113/2/5 9137/2/5
f 9139/4/5 9114/4/5 9113/4/5
f 9139/2/5 9113/2/5 9138/2/5
f 9140/2/5 9115/2/5 9114/2/5
f 9140/4/5 9114/4/5 9139/4/5
f 9140/2/5 9116/2/5 9115/2/5
f 9140/2/5 9118/2/5 9117/2/5
f 9140/2/5 9117/2/5 9116/2/5
f 9141/2/5 9118/2/5 9140/2/5
f 9142/2/5 9118/2/5 9141/2/5
f 9143/2/5 9118/2/5 9142/2/5
f 9144/2/5 9118/2/5 9143/2/5
f 9145/2/5 9118/2/5 9144/2/5
f 9146/3/5 9119/3/5 9118/3/5
f 9146/2/5 9118/2/5 9145/2/5
f 9147/4/5 9120/4/5 9119/4/5
f 9147/3/5 9119/3/5 9146/3/5
f 9148/1/5 9121/1/5 9120/1/5
f 9148/1/5 9122/1/5 9121/1/5
f 9149/2/5 9123/2/5 9122/2/5
f 9149/1/5 9122/1/5 9148/1/5
f 9150/3/5 9098/3/5 9123/3/5
f 9150/2/5 9123/2/5 9149/2/5
f 9151/2/5 9124/2/5 9098/2/5
f 9151/3/5 9098/3/5 9150/3/5
f 9152/2/5 9124/2/5 9151/2/5
f 9153/1/5 9126/1/5 9125/1/5
f 9153/1/5 9128/1/5 9127/1/5
f 9153/1/5 9127/1/5 9126/1/5
f 9154/1/5 9128/1/5 9153/1/5
f 9155/1/5 9128/1/5 9154/1/5
f 9156/4/5 9130/4/5 9129/4/5
f 9156/4/5 9132/4/5 9131/4/5
f 9156/4/5 9131/4/5 9130/4/5
f 9157/4/5 9132/4/5 9156/4/5
f 9158/4/5 9132/4/5 9157/4/5
f 9159/1/5 9134/1/5 9133/1/5
f 9160/2/5 9135/2/5 9134/2/5
f 9160/1/5 9134/1/5 9159/1/5
f 9161/4/5 9136/4/5 9135/4/5
f 9161/2/5 9135/2/5 9160/2/5
f 9162/2/5 9138/2/5 9137/2/5
f 9162/4/5 9136/4/5 9161/4/5
f 9162/2/5 9137/2/5 9136/2/5
f 9163/3/5 9139/3/5 9138/3/5
f 9163/2/5 9138/2/5 9162/2/5
f 9164/2/5 9140/2/5 9139/2/5
f 9164/3/5 9139/3/5 9163/3/5
f 9165/3/5 9141/3/5 9140/3/5
f 9165/2/5 9140/2/5 9164/2/5
f 9166/1/5 9142/1/5 9141/1/5
f 9166/3/5 9141/3/5 9165/3/5
f 9167/3/5 9143/3/5 9142/3/5
f 9167/1/5 9142/1/5 9166/1/5
f 9168/1/5 9144/1/5 9143/1/5
f 9168/3/5 9143/3/5 9167/3/5
f 9169/3/5 9145/3/5 9144/3/5
f 9169/1/5 9144/1/5 9168/1/5
f 9170/2/5 9146/2/5 9145/2/5
f 9170/3/5 9145/3/5 9169/3/5
f 9171/4/5 9147/4/5 9146/4/5
f 9171/2/5 9146/2/5 9170/2/5
f 9172/4/5 9120/4/5 9147/4/5
f 9172/4/5 9147/4/5 9171/4/5
f 9173/1/5 9148/1/5 9120/1/5
f 9173/4/5 9120/4/5 9172/4/5
f 9174/3/5 9149/3/5 9148/3/5
f 9174/1/5 9148/1/5 9173/1/5
f 9175/4/5 9150/4/5 9149/4/5
f 9175/3/5 9149/3/5 9174/3/5
f 9176/2/5 9151/2/5 9150/2/5
f 9176/4/5 9150/4/5 9175/4/5
f 9177/1/5 9152/1/5 9151/1/5
f 9177/2/5 9151/2/5 9176/2/5
f 9178/1/5 9152/1/5 9177/1/5
f 9179/2/5 9154/2/5 9153/2/5
f 9180/3/5 9155/3/5 9154/3/5
f 9180/2/5 9154/2/5 9179/2/5
f 9181/3/5 9155/3/5 9180/3/5
f 9182/3/5 9155/3/5 9181/3/5
f 9183/4/5 9156/4/5 9129/4/5
f 9184/1/5 9157/1/5 9156/1/5
f 9184/4/5 9156/4/5 9183/4/5
f 9185/3/5 9158/3/5 9157/3/5
f 9185/1/5 9157/1/5 9184/1/5
f 9186/3/5 9158/3/5 9185/3/5
f 9187/4/5 9160/4/5 9159/4/5
f 9188/1/5 9161/1/5 9160/1/5
f 9188/4/5 9160/4/5 9187/4/5
f 9189/2/5 9162/2/5 9161/2/5
f 9189/1/5 9161/1/5 9188/1/5
f 9190/3/5 9163/3/5 9162/3/5
f 9190/2/5 9162/2/5 9189/2/5
f 9191/1/5 9164/1/5 9163/1/5
f 9191/3/5 9163/3/5 9190/3/5
f 9192/4/5 9165/4/5 9164/4/5
f 9192/1/5 9164/1/5 9191/1/5
f 9193/2/5 9167/2/5 9166/2/5
f 9193/4/5 9165/4/5 9192/4/5
f 9193/2/5 9166/2/5 9165/2/5
f 9194/2/5 9167/2/5 9193/2/5
f 9195/3/5 9168/3/5 9167/3/5
f 9195/2/5 9167/2/5 9194/2/5
f 9196/4/5 9169/4/5 9168/4/5
f 9196/3/5 9168/3/5 9195/3/5
f 9196/4/5 9170/4/5 9169/4/5
f 9197/4/5 9170/4/5 9196/4/5
f 9198/1/5 9171/1/5 9170/1/5
f 9198/4/5 9170/4/5 9197/4/5
f 9199/2/5 9172/2/5 9171/2/5
f 9199/1/5 9171/1/5 9198/1/5
f 9200/4/5 9173/4/5 9172/4/5
f 9200/2/5 9172/2/5 9199/2/5
f 9201/3/5 9174/3/5 9173/3/5
f 9201/4/5 9173/4/5 9200/4/5
f 9202/1/5 9175/1/5 9174/1/5
f 9202/3/5 9174/3/5 9201/3/5
f 9203/4/5 9176/4/5 9175/4/5
f 9203/1/5 9175/1/5 9202/1/5
f 9204/1/5 9177/1/5 9176/1/5
f 9204/4/5 9176/4/5 9203/4/5
f 9205/4/5 9178/4/5 9177/4/5
f 9205/1/5 9177/1/5 9204/1/5
f 9206/4/5 9178/4/5 9205/4/5
f 9207/2/5 9180/2/5 9179/2/5
f 9207/2/5 9181/2/5 9180/2/5
f 9208/1/5 9182/1/5 9181/1/5
f 9208/2/5 9181/2/5 9207/2/5
f 9209/1/5 9182/1/5 9208/1/5
f 9210/2/5 9186/2/5 9185/2/5
f 9210/2/5 9185/2/5 9184/2/5
f 9211/1/5 9188/1/5 9187/1/5
f 9212/4/5 9189/4/5 9188/4/5
f 9212/1/5 9188/1/5 9211/1/5
f 9213/1/5 9190/1/5 9189/1/5
f 9213/4/5 9189/4/5 9212/4/5
f 9214/3/5 9192/3/5 9191/3/5
f 9214/1/5 9190/1/5 9213/1/5
f 9214/3/5 9191/3/5 9190/3/5
f 9215/3/5 9192/3/5 9214/3/5
f 9216/3/5 9192/3/5 9215/3/5
f 9217/4/5 9193/4/5 9192/4/5
f 9217/3/5 9192/3/5 9216/3/5
f 9218/3/5 9194/3/5 9193/3/5
f 9218/4/5 9193/4/5 9217/4/5
f 9219/1/5 9195/1/5 9194/1/5
f 9219/3/5 9194/3/5 9218/3/5
f 9220/3/5 9196/3/5 9195/3/5
f 9220/1/5 9195/1/5 9219/1/5
f 9221/1/5 9197/1/5 9196/1/5
f 9221/3/5 9196/3/5 9220/3/5
f 9222/3/5 9198/3/5 9197/3/5
f 9222/1/5 9197/1/5 9221/1/5
f 9223/4/5 9199/4/5 9198/4/5
f 9223/3/5 9198/3/5 9222/3/5
f 9224/3/5 9200/3/5 9199/3/5
f 9224/4/5 9199/4/5 9223/4/5
f 9225/2/5 9201/2/5 9200/2/5
f 9225/3/5 9200/3/5 9224/3/5
f 9226/1/5 9202/1/5 9201/1/5
f 9226/2/5 9201/2/5 9225/2/5
f 9227/4/5 9204/4/5 9203/4/5
f 9227/1/5 9202/1/5 9226/1/5
f 9227/4/5 9203/4/5 9202/4/5
f 9228/4/5 9204/4/5 9227/4/5
f 9229/3/5 9205/3/5 9204/3/5
f 9229/4/5 9204/4/5 9228/4/5
f 9230/2/5 9206/2/5 9205/2/5
f 9230/3/5 9205/3/5 9229/3/5
f 9231/2/5 9206/2/5 9230/2/5
f 9232/2/5 9207/2/5 9179/2/5
f 9233/3/5 9208/3/5 9207/3/5
f 9233/2/5 9207/2/5 9232/2/5
f 9233/3/5 9209/3/5 9208/3/5
f 9234/3/5 9209/3/5 9233/3/5
f 9235/1/5 9184/1/5 9183/1/5
f 9236/2/5 9210/2/5 9184/2/5
f 9236/1/5 9184/1/5 9235/1/5
f 9237/2/5 9210/2/5 9236/2/5
f 9238/2/5 9210/2/5 9237/2/5
f 9239/4/5 9212/4/5 9211/4/5
f 9240/1/5 9213/1/5 9212/1/5
f 9240/4/5 9212/4/5 9239/4/5
f 9240/1/5 9215/1/5 9214/1/5
f 9240/1/5 9214/1/5 9213/1/5
f 9241/1/5 9215/1/5 9240/1/5
f 9242/1/5 9215/1/5 9241/1/5
f 9243/2/5 9217/2/5 9216/2/5
f 9243/4/5 9216/4/5 9215/4/5
f 9244/4/5 9218/4/5 9217/4/5
f 9244/2/5 9217/2/5 9243/2/5
f 9245/2/5 9219/2/5 9218/2/5
f 9245/4/5 9218/4/5 9244/4/5
f 9246/3/5 9220/3/5 9219/3/5
f 9246/2/5 9221/2/5 9220/2/5
f 9247/3/5 9222/3/5 9221/3/5
f 9247/2/5 9221/2/5 9246/2/5
f 9248/4/5 9223/4/5 9222/4/5
f 9248/3/5 9222/3/5 9247/3/5
f 9248/4/5 9224/4/5 9223/4/5
f 9249/4/5 9224/4/5 9248/4/5
f 9250/2/5 9225/2/5 9224/2/5
f 9250/4/5 9224/4/5 9249/4/5
f 9251/4/5 9226/4/5 9225/4/5
f 9251/2/5 9225/2/5 9250/2/5
f 9252/1/5 9228/1/5 9227/1/5
f 9252/4/5 9226/4/5 9251/4/5
f 9252/1/5 9227/1/5 9226/1/5
f 9253/4/5 9229/4/5 9228/4/5
f 9253/1/5 9228/1/5 9252/1/5
f 9254/1/5 9230/1/5 9229/1/5
f 9254/4/5 9229/4/5 9253/4/5
f 9255/4/5 9231/4/5 9230/4/5
f 9255/1/5 9230/1/5 9254/1/5
f 9256/4/5 9231/4/5 9255/4/5
f 9257/1/5 9233/1/5 9232/1/5
f 9258/2/5 9234/2/5 9233/2/5
f 9258/1/5 9233/1/5 9257/1/5
f 9259/3/5 9209/3/5 9234/3/5
f 9259/2/5 9234/2/5 9258/2/5
f 9260/3/5 9209/3/5 9259/3/5
f 9261/4/5 9236/4/5 9235/4/5
f 9262/2/5 9237/2/5 9236/2/5
f 9262/4/5 9236/4/5 9261/4/5
f 9263/4/5 9238/4/5 9237/4/5
f 9263/2/5 9237/2/5 9262/2/5
f 9264/4/5 9238/4/5 9263/4/5
f 9265/2/5 9240/2/5 9239/2/5
f 9266/1/5 9241/1/5 9240/1/5
f 9266/2/5 9240/2/5 9265/2/5
f 9267/4/5 9242/4/5 9241/4/5
f 9267/1/5 9241/1/5 9266/1/5
f 9268/1/5 9215/1/5 9242/1/5
f 9268/4/5 9242/4/5 9267/4/5
f 9269/4/5 9243/4/5 9215/4/5
f 9269/1/5 9215/1/5 9268/1/5
f 9270/1/5 9244/1/5 9243/1/5
f 9270/4/5 9243/4/5 9269/4/5
f 9271/2/5 9245/2/5 9244/2/5
f 9271/1/5 9244/1/5 9270/1/5
f 9272/2/5 9219/2/5 9245/2/5
f 9272/2/5 9245/2/5 9271/2/5
f 9273/3/5 9246/3/5 9219/3/5
f 9273/2/5 9219/2/5 9272/2/5
f 9273/3/5 9247/3/5 9246/3/5
f 9274/4/5 9248/4/5 9247/4/5
f 9274/3/5 9247/3/5 9273/3/5
f 9275/1/5 9249/1/5 9248/1/5
f 9275/4/5 9248/4/5 9274/4/5
f 9276/4/5 9250/4/5 9249/4/5
f 9276/1/5 9249/1/5 9275/1/5
f 9277/1/5 9251/1/5 9250/1/5
f 9277/4/5 9250/4/5 9276/4/5
f 9278/3/5 9252/3/5 9251/3/5
f 9278/1/5 9251/1/5 9277/1/5
f 9279/2/5 9253/2/5 9252/2/5
f 9279/3/5 9252/3/5 9278/3/5
f 9280/2/5 9253/2/5 9279/2/5
f 9281/1/5 9254/1/5 9253/1/5
f 9281/2/5 9253/2/5 9280/2/5
f 9282/4/5 9255/4/5 9254/4/5
f 9282/1/5 9254/1/5 9281/1/5
f 9283/3/5 9256/3/5 9255/3/5
f 9283/4/5 9255/4/5 9282/4/5
f 9284/3/5 9256/3/5 9283/3/5
f 9285/3/5 9258/3/5 9257/3/5
f 9286/2/5 9259/2/5 9258/2/5
f 9286/3/5 9258/3/5 9285/3/5
f 9286/2/5 9260/2/5 9259/2/5
f 9287/2/5 9260/2/5 9286/2/5
f 9288/2/5 9260/2/5 9287/2/5
f 9289/2/5 9262/2/5 9261/2/5
f 9290/1/5 9263/1/5 9262/1/5
f 9290/2/5 9262/2/5 9289/2/5
f 9291/4/5 9264/4/5 9263/4/5
f 9291/1/5 9263/1/5 9290/1/5
f 9292/4/5 9264/4/5 9291/4/5
f 9293/4/5 9266/4/5 9265/4/5
f 9294/1/5 9267/1/5 9266/1/5
f 9294/4/5 9266/4/5 9293/4/5
f 9294/1/5 9268/1/5 9267/1/5
f 9295/4/5 9269/4/5 9268/4/5
f 9295/1/5 9268/1/5 9294/1/5
f 9296/1/5 9270/1/5 9269/1/5
f 9296/4/5 9269/4/5 9295/4/5
f 9297/3/5 9271/3/5 9270/3/5
f 9297/1/5 9270/1/5 9296/1/5
f 9298/2/5 9272/2/5 9271/2/5
f 9298/3/5 9271/3/5 9297/3/5
f 9299/4/5 9273/4/5 9272/4/5
f 9299/2/5 9272/2/5 9298/2/5
f 9300/2/5 9274/2/5 9273/2/5
f 9300/4/5 9273/4/5 9299/4/5
f 9300/2/5 9275/2/5 9274/2/5
f 9301/4/5 9276/4/5 9275/4/5
f 9301/2/5 9275/2/5 9300/2/5
f 9302/2/5 9277/2/5 9276/2/5
f 9302/4/5 9276/4/5 9301/4/5
f 9303/3/5 9278/3/5 9277/3/5
f 9303/2/5 9277/2/5 9302/2/5
f 9304/2/5 9280/2/5 9279/2/5
f 9304/3/5 9278/3/5 9303/3/5
f 9304/2/5 9279/2/5 9278/2/5
f 9305/4/5 9281/4/5 9280/4/5
f 9305/2/5 9280/2/5 9304/2/5
f 9306/2/5 9282/2/5 9281/2/5
f 9306/4/5 9281/4/5 9305/4/5
f 9307/1/5 9283/1/5 9282/1/5
f 9307/2/5 9282/2/5 9306/2/5
f 9308/2/5 9284/2/5 9283/2/5
f 9308/1/5 9283/1/5 9307/1/5
f 9309/2/5 9284/2/5 9308/2/5
f 9310/4/5 9286/4/5 9285/4/5
f 9311/1/5 9287/1/5 9286/1/5
f 9311/4/5 9286/4/5 9310/4/5
f 9312/4/5 9288/4/5 9287/4/5
f 9312/1/5 9287/1/5 9311/1/5
f 9313/4/5 9288/4/5 9312/4/5
f 9339/1/5 9315/1/5 9314/1/5
f 9340/4/5 9316/4/5 9315/4/5
f 9340/1/5 9315/1/5 9339/1/5
f 9341/1/5 9317/1/5 9316/1/5
f 9341/4/5 9316/4/5 9340/4/5
f 9342/2/5 9319/2/5 9318/2/5
f 9342/4/5 9320/4/5 9319/4/5
f 9343/2/5 9321/2/5 9320/2/5
f 9343/4/5 9320/4/5 9342/4/5
f 9344/4/5 9322/4/5 9321/4/5
f 9344/2/5 9321/2/5 9343/2/5
f 9345/4/5 9322/4/5 9344/4/5
f 9346/2/5 9323/2/5 9322/2/5
f 9346/4/5 9322/4/5 9345/4/5
f 9347/4/5 9324/4/5 9323/4/5
f 9347/2/5 9323/2/5 9346/2/5
f 9348/2/5 9325/2/5 9324/2/5
f 9348/4/5 9324/4/5 9347/4/5
f 9349/2/5 9325/2/5 9348/2/5
f 9350/1/5 9326/1/5 9325/1/5
f 9350/4/5 9327/4/5 9326/4/5
f 9351/3/5 9328/3/5 9327/3/5
f 9351/4/5 9327/4/5 9350/4/5
f 9352/1/5 9329/1/5 9328/1/5
f 9352/3/5 9328/3/5 9351/3/5
f 9353/3/5 9330/3/5 9329/3/5
f 9353/1/5 9329/1/5 9352/1/5
f 9354/4/5 9331/4/5 9330/4/5
f 9354/3/5 9330/3/5 9353/3/5
f 9355/4/5 9331/4/5 9354/4/5
f 9356/1/5 9332/1/5 9331/1/5
f 9356/4/5 9331/4/5 9355/4/5
f 9357/1/5 9332/1/5 9356/1/5
f 9358/4/5 9333/4/5 9332/4/5
f 9358/1/5 9332/1/5 9357/1/5
f 9359/3/5 9334/3/5 9333/3/5
f 9359/4/5 9333/4/5 9358/4/5
f 9360/3/5 9334/3/5 9359/3/5
f 9361/3/5 9336/3/5 9335/3/5
f 9362/4/5 9337/4/5 9336/4/5
f 9362/3/5 9336/3/5 9361/3/5
f 9363/2/5 9338/2/5 9337/2/5
f 9363/4/5 9337/4/5 9362/4/5
f 9364/2/5 9338/2/5 9363/2/5
f 9365/2/5 9340/2/5 9339/2/5
f 9365/3/5 9341/3/5 9340/3/5
f 9366/1/5 9317/1/5 9341/1/5
f 9366/3/5 9341/3/5 9365/3/5
f 9367/1/5 9317/1/5 9366/1/5
f 9368/2/5 9342/2/5 9318/2/5
f 9368/2/5 9343/2/5 9342/2/5
f 9369/1/5 9344/1/5 9343/1/5
f 9369/2/5 9343/2/5 9368/2/5
f 9370/2/5 9345/2/5 9344/2/5
f 9370/1/5 9344/1/5 9369/1/5
f 9371/1/5 9346/1/5 9345/1/5
f 9371/2/5 9345/2/5 9370/2/5
f 9372/4/5 9347/4/5 9346/4/5
f 9372/1/5 9346/1/5 9371/1/5
f 9373/3/5 9348/3/5 9347/3/5
f 9373/4/5 9347/4/5 9372/4/5
f 9374/4/5 9349/4/5 9348/4/5
f 9374/3/5 9348/3/5 9373/3/5
f 9375/2/5 9325/2/5 9349/2/5
f 9375/4/5 9349/4/5 9374/4/5
f 9376/1/5 9350/1/5 9325/1/5
f 9376/2/5 9325/2/5 9375/2/5
f 9377/2/5 9351/2/5 9350/2/5
f 9377/1/5 9350/1/5 9376/1/5
f 9378/3/5 9352/3/5 9351/3/5
f 9378/2/5 9351/2/5 9377/2/5
f 9378/3/5 9353/3/5 9352/3/5
f 9379/4/5 9354/4/5 9353/4/5
f 9379/3/5 9353/3/5 9378/3/5
f 9380/1/5 9355/1/5 9354/1/5
f 9380/3/5 9356/3/5 9355/3/5
f 9381/4/5 9357/4/5 9356/4/5
f 9381/3/5 9356/3/5 9380/3/5
f 9382/2/5 9358/2/5 9357/2/5
f 9382/4/5 9357/4/5 9381/4/5
f 9382/2/5 9359/2/5 9358/2/5
f 9383/4/5 9360/4/5 9359/4/5
f 9383/2/5 9359/2/5 9382/2/5
f 9384/4/5 9360/4/5 9383/4/5
f 9385/3/5 9362/3/5 9361/3/5
f 9385/3/5 9363/3/5 9362/3/5
f 9386/3/5 9363/3/5 9385/3/5
f 9387/1/5 9364/1/5 9363/1/5
f 9387/3/5 9363/3/5 9386/3/5
f 9388/1/5 9364/1/5 9387/1/5
f 9389/2/5 9365/2/5 9339/2/5
f 9389/2/5 9366/2/5 9365/2/5
f 9390/2/5 9366/2/5 9389/2/5
f 9391/4/5 9367/4/5 9366/4/5
f 9391/2/5 9366/2/5 9390/2/5
f 9392/4/5 9367/4/5 9391/4/5
f 9393/2/5 9368/2/5 9318/2/5
f 9394/4/5 9369/4/5 9368/4/5
f 9394/2/5 9368/2/5 9393/2/5
f 9395/2/5 9370/2/5 9369/2/5
f 9395/4/5 9369/4/5 9394/4/5
f 9396/3/5 9371/3/5 9370/3/5
f 9396/2/5 9370/2/5 9395/2/5
f 9396/3/5 9372/3/5 9371/3/5
f 9397/3/5 9372/3/5 9396/3/5
f 9398/2/5 9373/2/5 9372/2/5
f 9398/3/5 9372/3/5 9397/3/5
f 9399/4/5 9374/4/5 9373/4/5
f 9399/2/5 9373/2/5 9398/2/5
f 9400/3/5 9375/3/5 9374/3/5
f 9400/4/5 9374/4/5 9399/4/5
f 9401/2/5 9376/2/5 9375/2/5
f 9401/3/5 9375/3/5 9400/3/5
f 9401/2/5 9377/2/5 9376/2/5
f 9401/2/5 9378/2/5 9377/2/5
f 9402/2/5 9378/2/5 9401/2/5
f 9403/4/5 9379/4/5 9378/4/5
f 9403/2/5 9378/2/5 9402/2/5
f 9404/4/5 9379/4/5 9403/4/5
f 9405/4/5 9354/4/5 9379/4/5
f 9405/4/5 9379/4/5 9404/4/5
f 9406/1/5 9380/1/5 9354/1/5
f 9406/4/5 9354/4/5 9405/4/5
f 9407/2/5 9381/2/5 9380/2/5
f 9407/1/5 9380/1/5 9406/1/5
f 9408/1/5 9384/1/5 9383/1/5
f 9408/2/5 9381/2/5 9407/2/5
f 9408/1/5 9383/1/5 9382/1/5
f 9408/1/5 9382/1/5 9381/1/5
f 9409/1/5 9384/1/5 9408/1/5
f 9410/1/5 9384/1/5 9409/1/5
f 9411/3/5 9386/3/5 9385/3/5
f 9412/4/5 9387/4/5 9386/4/5
f 9412/3/5 9386/3/5 9411/3/5
f 9413/3/5 9388/3/5 9387/3/5
f 9413/4/5 9387/4/5 9412/4/5
f 9414/3/5 9388/3/5 9413/3/5
f 9415/3/5 9390/3/5 9389/3/5
f 9416/4/5 9391/4/5 9390/4/5
f 9416/3/5 9390/3/5 9415/3/5
f 9417/1/5 9392/1/5 9391/1/5
f 9417/4/5 9391/4/5 9416/4/5
f 9418/1/5 9392/1/5 9417/1/5
f 9419/3/5 9394/3/5 9393/3/5
f 9420/4/5 9395/4/5 9394/4/5
f 9420/3/5 9394/3/5 9419/3/5
f 9421/1/5 9396/1/5 9395/1/5
f 9421/4/5 9395/4/5 9420/4/5
f 9422/2/5 9397/2/5 9396/2/5
f 9422/1/5 9396/1/5 9421/1/5
f 9423/1/5 9398/1/5 9397/1/5
f 9423/2/5 9397/2/5 9422/2/5
f 9424/3/5 9399/3/5 9398/3/5
f 9424/1/5 9398/1/5 9423/1/5
f 9425/4/5 9400/4/5 9399/4/5
f 9425/3/5 9399/3/5 9424/3/5
f 9426/1/5 9401/1/5 9400/1/5
f 9426/4/5 9400/4/5 9425/4/5
f 9427/3/5 9402/3/5 9401/3/5
f 9427/1/5 9401/1/5 9426/1/5
f 9428/1/5 9403/1/5 9402/1/5
f 9428/3/5 9402/3/5 9427/3/5
f 9429/1/5 9403/1/5 9428/1/5
f 9430/2/5 9404/2/5 9403/2/5
f 9430/1/5 9403/1/5 9429/1/5
f 9431/3/5 9405/3/5 9404/3/5
f 9431/2/5 9404/2/5 9430/2/5
f 9432/1/5 9407/1/5 9406/1/5
f 9432/3/5 9405/3/5 9431/3/5
f 9432/1/5 9406/1/5 9405/1/5
f 9433/4/5 9408/4/5 9407/4/5
f 9433/1/5 9407/1/5 9432/1/5
f 9434/2/5 9409/2/5 9408/2/5
f 9434/4/5 9408/4/5 9433/4/5
f 9435/4/5 9410/4/5 9409/4/5
f 9435/2/5 9409/2/5 9434/2/5
f 9436/4/5 9410/4/5 9435/4/5
f 9437/4/5 9410/4/5 9436/4/5
f 9438/4/5 9410/4/5 9437/4/5
f 9439/1/5 9412/1/5 9411/1/5
f 9439/1/5 9413/1/5 9412/1/5
f 9440/1/5 9413/1/5 9439/1/5
f 9441/4/5 9414/4/5 9413/4/5
f 9441/1/5 9413/1/5 9440/1/5
f 9442/4/5 9414/4/5 9441/4/5
f 9443/1/5 9416/1/5 9415/1/5
f 9444/2/5 9417/2/5 9416/2/5
f 9444/1/5 9416/1/5 9443/1/5
f 9445/1/5 9418/1/5 9417/1/5
f 9445/2/5 9417/2/5 9444/2/5
f 9446/1/5 9418/1/5 9445/1/5
f 9447/1/5 9421/1/5 9420/1/5
f 9447/1/5 9420/1/5 9419/1/5
f 9448/1/5 9421/1/5 9447/1/5
f 9449/2/5 9422/2/5 9421/2/5
f 9449/1/5 9421/1/5 9448/1/5
f 9450/1/5 9423/1/5 9422/1/5
f 9450/2/5 9422/2/5 9449/2/5
f 9451/3/5 9424/3/5 9423/3/5
f 9451/1/5 9423/1/5 9450/1/5
f 9452/1/5 9425/1/5 9424/1/5
f 9452/3/5 9424/3/5 9451/3/5
f 9453/2/5 9426/2/5 9425/2/5
f 9453/1/5 9425/1/5 9452/1/5
f 9454/4/5 9427/4/5 9426/4/5
f 9454/2/5 9426/2/5 9453/2/5
f 9455/1/5 9428/1/5 9427/1/5
f 9455/4/5 9427/4/5 9454/4/5
f 9456/1/5 9431/1/5 9430/1/5
f 9456/3/5 9429/3/5 9428/3/5
f 9456/1/5 9430/1/5 9429/1/5
f 9456/1/5 9432/1/5 9431/1/5
f 9457/1/5 9432/1/5 9456/1/5
f 9458/1/5 9432/1/5 9457/1/5
f 9459/2/5 9433/2/5 9432/2/5
f 9459/1/5 9432/1/5 9458/1/5
f 9460/1/5 9434/1/5 9433/1/5
f 9460/2/5 9433/2/5 9459/2/5
f 9461/2/5 9435/2/5 9434/2/5
f 9461/1/5 9434/1/5 9460/1/5
f 9462/1/5 9436/1/5 9435/1/5
f 9462/2/5 9435/2/5 9461/2/5
f 9463/3/5 9437/3/5 9436/3/5
f 9463/1/5 9436/1/5 9462/1/5
f 9464/1/5 9438/1/5 9437/1/5
f 9464/3/5 9437/3/5 9463/3/5
f 9465/1/5 9438/1/5 9464/1/5
f 9466/3/5 9440/3/5 9439/3/5
f 9467/2/5 9441/2/5 9440/2/5
f 9467/3/5 9440/3/5 9466/3/5
f 9468/1/5 9442/1/5 9441/1/5
f 9468/2/5 9441/2/5 9467/2/5
f 9469/1/5 9442/1/5 9468/1/5
f 9470/3/5 9444/3/5 9443/3/5
f 9470/2/5 9446/2/5 9445/2/5
f 9470/2/5 9445/2/5 9444/2/5
f 9471/2/5 9446/2/5 9470/2/5
f 9472/4/5 9448/4/5 9447/4/5
f 9473/1/5 9449/1/5 9448/1/5
f 9473/4/5 9448/4/5 9472/4/5
f 9473/1/5 9450/1/5 9449/1/5
f 9473/1/5 9451/1/5 9450/1/5
f 9474/1/5 9451/1/5 9473/1/5
f 9475/1/5 9451/1/5 9474/1/5
f 9476/4/5 9452/4/5 9451/4/5
f 9476/1/5 9451/1/5 9475/1/5
f 9477/1/5 9453/1/5 9452/1/5
f 9477/4/5 9452/4/5 9476/4/5
f 9478/3/5 9455/3/5 9454/3/5
f 9478/1/5 9453/1/5 9477/1/5
f 9478/3/5 9454/3/5 9453/3/5
f 9479/3/5 9455/3/5 9478/3/5
f 9480/1/5 9428/1/5 9455/1/5
f 9480/3/5 9455/3/5 9479/3/5
f 9481/3/5 9456/3/5 9428/3/5
f 9481/1/5 9428/1/5 9480/1/5
f 9482/4/5 9457/4/5 9456/4/5
f 9482/3/5 9456/3/5 9481/3/5
f 9483/1/5 9458/1/5 9457/1/5
f 9483/4/5 9457/4/5 9482/4/5
f 9484/3/5 9459/3/5 9458/3/5
f 9484/1/5 9458/1/5 9483/1/5
f 9485/1/5 9460/1/5 9459/1/5
f 9485/3/5 9459/3/5 9484/3/5
f 9485/1/5 9461/1/5 9460/1/5
f 9486/1/5 9461/1/5 9485/1/5
f 9487/3/5 9462/3/5 9461/3/5
f 9487/1/5 9461/1/5 9486/1/5
f 9488/1/5 9463/1/5 9462/1/5
f 9488/3/5 9462/3/5 9487/3/5
f 9489/4/5 9464/4/5 9463/4/5
f 9489/1/5 9463/1/5 9488/1/5
f 9490/3/5 9465/3/5 9464/3/5
f 9490/4/5 9464/4/5 9489/4/5
f 9491/3/5 9465/3/5 9490/3/5
f 9492/1/5 9467/1/5 9466/1/5
f 9493/4/5 9469/4/5 9468/4/5
f 9493/1/5 9467/1/5 9492/1/5
f 9493/4/5 9468/4/5 9467/4/5
f 9494/4/5 9469/4/5 9493/4/5
f 9495/3/5 9470/3/5 9443/3/5
f 9496/1/5 9471/1/5 9470/1/5
f 9496/3/5 9470/3/5 9495/3/5
f 9497/4/5 9473/4/5 9472/4/5
f 9498/3/5 9474/3/5 9473/3/5
f 9498/2/5 9475/2/5 9474/2/5
f 9499/1/5 9476/1/5 9475/1/5
f 9499/2/5 9475/2/5 9498/2/5
f 9499/1/5 9477/1/5 9476/1/5
f 9500/1/5 9477/1/5 9499/1/5
f 9501/3/5 9478/3/5 9477/3/5
f 9501/1/5 9477/1/5 9500/1/5
f 9502/1/5 9479/1/5 9478/1/5
f 9502/3/5 9478/3/5 9501/3/5
f 9503/4/5 9480/4/5 9479/4/5
f 9503/1/5 9479/1/5 9502/1/5
f 9504/2/5 9482/2/5 9481/2/5
f 9504/4/5 9480/4/5 9503/4/5
f 9504/2/5 9481/2/5 9480/2/5
f 9505/2/5 9482/2/5 9504/2/5
f 9506/3/5 9483/3/5 9482/3/5
f 9506/2/5 9482/2/5 9505/2/5
f 9507/4/5 9484/4/5 9483/4/5
f 9507/3/5 9483/3/5 9506/3/5
f 9508/2/5 9485/2/5 9484/2/5
f 9508/4/5 9484/4/5 9507/4/5
f 9509/1/5 9486/1/5 9485/1/5
f 9509/2/5 9485/2/5 9508/2/5
f 9510/1/5 9486/1/5 9509/1/5
f 9511/2/5 9487/2/5 9486/2/5
f 9511/1/5 9486/1/5 9510/1/5
f 9511/2/5 9488/2/5 9487/2/5
f 9512/2/5 9488/2/5 9511/2/5
f 9513/1/5 9490/1/5 9489/1/5
f 9513/2/5 9488/2/5 9512/2/5
f 9513/1/5 9489/1/5 9488/1/5
f 9514/3/5 9491/3/5 9490/3/5
f 9514/1/5 9490/1/5 9513/1/5
f 9515/3/5 9491/3/5 9514/3/5
f 9516/1/5 9493/1/5 9492/1/5
f 9516/1/5 9494/1/5 9493/1/5
f 9517/1/5 9494/1/5 9516/1/5
f 9518/4/5 9496/4/5 9495/4/5
f 9519/1/5 9471/1/5 9496/1/5
f 9519/4/5 9496/4/5 9518/4/5
f 9520/1/5 9471/1/5 9519/1/5
f 9521/4/5 9473/4/5 9497/4/5
f 9522/3/5 9498/3/5 9473/3/5
f 9522/4/5 9473/4/5 9521/4/5
f 9523/1/5 9499/1/5 9498/1/5
f 9523/3/5 9498/3/5 9522/3/5
f 9524/2/5 9500/2/5 9499/2/5
f 9524/1/5 9499/1/5 9523/1/5
f 9525/1/5 9501/1/5 9500/1/5
f 9525/2/5 9500/2/5 9524/2/5
f 9525/1/5 9502/1/5 9501/1/5
f 9526/3/5 9503/3/5 9502/3/5
f 9526/1/5 9502/1/5 9525/1/5
f 9527/4/5 9505/4/5 9504/4/5
f 9527/3/5 9503/3/5 9526/3/5
f 9527/4/5 9504/4/5 9503/4/5
f 9528/3/5 9506/3/5 9505/3/5
f 9528/4/5 9505/4/5 9527/4/5
f 9529/1/5 9508/1/5 9507/1/5
f 9529/3/5 9506/3/5 9528/3/5
f 9529/1/5 9507/1/5 9506/1/5
f 9530/2/5 9509/2/5 9508/2/5
f 9530/1/5 9508/1/5 9529/1/5
f 9531/3/5 9510/3/5 9509/3/5
f 9531/2/5 9509/2/5 9530/2/5
f 9532/4/5 9511/4/5 9510/4/5
f 9532/3/5 9510/3/5 9531/3/5
f 9533/2/5 9512/2/5 9511/2/5
f 9533/4/5 9511/4/5 9532/4/5
f 9534/4/5 9513/4/5 9512/4/5
f 9534/2/5 9512/2/5 9533/2/5
f 9535/1/5 9514/1/5 9513/1/5
f 9535/4/5 9513/4/5 9534/4/5
f 9536/2/5 9515/2/5 9514/2/5
f 9536/1/5 9514/1/5 9535/1/5
f 9537/2/5 9515/2/5 9536/2/5
f 9538/3/5 9517/3/5 9516/3/5
f 9539/1/5 9494/1/5 9517/1/5
f 9539/3/5 9517/3/5 9538/3/5
f 9540/1/5 9494/1/5 9539/1/5
f 9567/3/5 9542/3/5 9541/3/5
f 9568/4/5 9543/4/5 9542/4/5
f 9568/3/5 9542/3/5 9567/3/5
f 9569/1/5 9544/1/5 9543/1/5
f 9569/4/5 9543/4/5 9568/4/5
f 9570/1/5 9544/1/5 9569/1/5
f 9571/2/5 9546/2/5 9545/2/5
f 9572/1/5 9547/1/5 9546/1/5
f 9572/2/5 9546/2/5 9571/2/5
f 9573/4/5 9548/4/5 9547/4/5
f 9573/1/5 9547/1/5 9572/1/5
f 9574/1/5 9549/1/5 9548/1/5
f 9574/4/5 9548/4/5 9573/4/5
f 9575/3/5 9550/3/5 9549/3/5
f 9575/1/5 9549/1/5 9574/1/5
f 9576/2/5 9551/2/5 9550/2/5
f 9576/3/5 9550/3/5 9575/3/5
f 9577/3/5 9552/3/5 9551/3/5
f 9577/2/5 9551/2/5 9576/2/5
f 9578/1/5 9553/1/5 9552/1/5
f 9578/3/5 9552/3/5 9577/3/5
f 9579/3/5 9554/3/5 9553/3/5
f 9579/1/5 9553/1/5 9578/1/5
f 9580/1/5 9555/1/5 9554/1/5
f 9580/3/5 9554/3/5 9579/3/5
f 9581/3/5 9556/3/5 9555/3/5
f 9581/1/5 9555/1/5 9580/1/5
f 9582/4/5 9557/4/5 9556/4/5
f 9582/3/5 9556/3/5 9581/3/5
f 9583/2/5 9558/2/5 9557/2/5
f 9583/4/5 9557/4/5 9582/4/5
f 9584/3/5 9559/3/5 9558/3/5
f 9585/2/5 9560/2/5 9559/2/5
f 9585/3/5 9559/3/5 9584/3/5
f 9586/3/5 9561/3/5 9560/3/5
f 9586/2/5 9560/2/5 9585/2/5
f 9587/3/5 9561/3/5 9586/3/5
f 9588/1/5 9562/1/5 9561/1/5
f 9588/3/5 9561/3/5 9587/3/5
f 9589/1/5 9562/1/5 9588/1/5
f 9590/1/5 9566/1/5 9565/1/5
f 9590/2/5 9565/2/5 9564/2/5
f 9591/1/5 9566/1/5 9590/1/5
f 9592/4/5 9568/4/5 9567/4/5
f 9593/1/5 9569/1/5 9568/1/5
f 9593/4/5 9568/4/5 9592/4/5
f 9594/3/5 9570/3/5 9569/3/5
f 9594/1/5 9569/1/5 9593/1/5
f 9595/3/5 9570/3/5 9594/3/5
f 9596/3/5 9572/3/5 9571/3/5
f 9597/4/5 9573/4/5 9572/4/5
f 9597/3/5 9572/3/5 9596/3/5
f 9598/4/5 9573/4/5 9597/4/5
f 9599/2/5 9574/2/5 9573/2/5
f 9599/3/5 9575/3/5 9574/3/5
f 9600/4/5 9576/4/5 9575/4/5
f 9600/3/5 9575/3/5 9599/3/5
f 9600/4/5 9577/4/5 9576/4/5
f 9601/4/5 9577/4/5 9600/4/5
f 9602/2/5 9578/2/5 9577/2/5
f 9602/4/5 9577/4/5 9601/4/5
f 9603/4/5 9579/4/5 9578/4/5
f 9603/2/5 9578/2/5 9602/2/5
f 9603/4/5 9580/4/5 9579/4/5
f 9604/4/5 9580/4/5 9603/4/5
f 9605/2/5 9581/2/5 9580/2/5
f 9605/4/5 9580/4/5 9604/4/5
f 9606/1/5 9582/1/5 9581/1/5
f 9606/2/5 9581/2/5 9605/2/5
f 9606/1/5 9583/1/5 9582/1/5
f 9607/2/5 9558/2/5 9583/2/5
f 9607/1/5 9583/1/5 9606/1/5
f 9608/3/5 9584/3/5 9558/3/5
f 9608/2/5 9558/2/5 9607/2/5
f 9609/1/5 9585/1/5 9584/1/5
f 9609/3/5 9584/3/5 9608/3/5
f 9610/3/5 9586/3/5 9585/3/5
f 9610/1/5 9585/1/5 9609/1/5
f 9611/4/5 9587/4/5 9586/4/5
f 9611/3/5 9586/3/5 9610/3/5
f 9612/1/5 9588/1/5 9587/1/5
f 9612/4/5 9587/4/5 9611/4/5
f 9613/2/5 9589/2/5 9588/2/5
f 9613/1/5 9588/1/5 9612/1/5
f 9614/2/5 9589/2/5 9613/2/5
f 9615/4/5 9564/4/5 9563/4/5
f 9616/2/5 9590/2/5 9564/2/5
f 9616/4/5 9564/4/5 9615/4/5
f 9617/3/5 9591/3/5 9590/3/5
f 9617/2/5 9590/2/5 9616/2/5
f 9618/3/5 9591/3/5 9617/3/5
f 9619/1/5 9593/1/5 9592/1/5
f 9620/4/5 9594/4/5 9593/4/5
f 9620/1/5 9593/1/5 9619/1/5
f 9621/4/5 9594/4/5 9620/4/5
f 9622/3/5 9598/3/5 9597/3/5
f 9623/4/5 9573/4/5 9598/4/5
f 9623/3/5 9598/3/5 9622/3/5
f 9624/2/5 9599/2/5 9573/2/5
f 9624/4/5 9573/4/5 9623/4/5
f 9625/4/5 9600/4/5 9599/4/5
f 9625/2/5 9599/2/5 9624/2/5
f 9626/3/5 9601/3/5 9600/3/5
f 9626/4/5 9600/4/5 9625/4/5
f 9627/2/5 9602/2/5 9601/2/5
f 9627/3/5 9601/3/5 9626/3/5
f 9628/4/5 9603/4/5 9602/4/5
f 9628/2/5 9602/2/5 9627/2/5
f 9629/1/5 9604/1/5 9603/1/5
f 9629/4/5 9603/4/5 9628/4/5
f 9630/2/5 9605/2/5 9604/2/5
f 9630/1/5 9604/1/5 9629/1/5
f 9631/4/5 9606/4/5 9605/4/5
f 9631/2/5 9605/2/5 9630/2/5
f 9631/4/5 9607/4/5 9606/4/5
f 9632/4/5 9607/4/5 9631/4/5
f 9633/4/5 9607/4/5 9632/4/5
f 9634/3/5 9608/3/5 9607/3/5
f 9634/4/5 9607/4/5 9633/4/5
f 9635/1/5 9609/1/5 9608/1/5
f 9635/3/5 9608/3/5 9634/3/5
f 9636/2/5 9610/2/5 9609/2/5
f 9636/1/5 9609/1/5 9635/1/5
f 9637/1/5 9612/1/5 9611/1/5
f 9637/2/5 9610/2/5 9636/2/5
f 9637/1/5 9611/1/5 9610/1/5
f 9638/4/5 9613/4/5 9612/4/5
f 9638/1/5 9612/1/5 9637/1/5
f 9639/4/5 9613/4/5 9638/4/5
f 9640/3/5 9617/3/5 9616/3/5
f 9641/2/5 9618/2/5 9617/2/5
f 9641/3/5 9617/3/5 9640/3/5
f 9642/2/5 9618/2/5 9641/2/5
f 9643/3/5 9620/3/5 9619/3/5
f 9644/1/5 9621/1/5 9620/1/5
f 9644/3/5 9620/3/5 9643/3/5
f 9645/1/5 9621/1/5 9644/1/5
f 9646/4/5 9623/4/5 9622/4/5
f 9647/2/5 9624/2/5 9623/2/5
f 9647/4/5 9623/4/5 9646/4/5
f 9648/3/5 9625/3/5 9624/3/5
f 9648/2/5 9624/2/5 9647/2/5
f 9649/2/5 9626/2/5 9625/2/5
f 9649/3/5 9625/3/5 9648/3/5
f 9649/2/5 9627/2/5 9626/2/5
f 9650/4/5 9628/4/5 9627/4/5
f 9650/2/5 9627/2/5 9649/2/5
f 9651/2/5 9629/2/5 9628/2/5
f 9651/4/5 9628/4/5 9650/4/5
f 9651/2/5 9630/2/5 9629/2/5
f 9652/4/5 9632/4/5 9631/4/5
f 9652/2/5 9630/2/5 9651/2/5
f 9652/4/5 9631/4/5 9630/4/5
f 9653/2/5 9633/2/5 9632/2/5
f 9653/4/5 9632/4/5 9652/4/5
f 9654/4/5 9634/4/5 9633/4/5
f 9654/2/5 9633/2/5 9653/2/5
f 9655/2/5 9635/2/5 9634/2/5
f 9655/4/5 9634/4/5 9654/4/5
f 9656/1/5 9636/1/5 9635/1/5
f 9656/2/5 9635/2/5 9655/2/5
f 9656/1/5 9637/1/5 9636/1/5
f 9657/3/5 9638/3/5 9637/3/5
f 9657/1/5 9637/1/5 9656/1/5
f 9658/1/5 9639/1/5 9638/1/5
f 9658/3/5 9638/3/5 9657/3/5
f 9659/1/5 9639/1/5 9658/1/5
f 9660/4/5 9642/4/5 9641/4/5
f 9660/4/5 9641/4/5 9640/4/5
f 9661/4/5 9642/4/5 9660/4/5
f 9662/4/6 9663/4/6 9664/4/6
f 9664/4/6 9663/4/6 9665/4/6
f 9666/3/6 9667/3/6 9668/3/6
f 9668/3/6 9667/3/6 9669/3/6
f 9670/4/6 9671/4/6 9672/4/6
f 9672/4/6 9671/4/6 9673/4/6
f 9674/1/6 9675/1/6 9676/1/6
f 9676/1/6 9675/1/6 9677/1/6
f 9678/2/6 9679/2/6 9680/2/6
f 9680/2/6 9679/2/6 9681/2/6
f 9682/1/6 9683/1/6 9684/1/6
f 9684/1/6 9683/1/6 9685/1/6
f 9686/2/6 9687/2/6 9688/2/6
f 9688/2/6 9687/2/6 9689/2/6
f 9688/3/6 9689/3/6 9690/3/6
f 9690/3/6 9689/3/6 9691/3/6
f 9692/3/6 9693/3/6 9694/3/6
f 9694/3/6 9693/3/6 9695/3/6
f 9694/2/6 9695/2/6 9696/2/6
f 9696/2/6 9695/2/6 9697/2/6
f 9698/4/6 9699/4/6 9700/4/6
f 9700/4/6 9699/4/6 9701/4/6
f 9702/2/6 9703/2/6 9704/2/6
f 9704/2/6 9703/2/6 9705/2/6
f 9706/4/6 9707/4/6 9708/4/6
f 9708/4/6 9707/4/6 9709/4/6
f 9710/1/6 9711/1/6 9712/1/6
f 9712/1/6 9711/1/6 9713/1/6
f 9714/3/6 9715/3/6 9716/3/6
f 9716/3/6 9715/3/6 9717/3/6
f 9718/3/6 9719/3/6 9720/3/6
f 9720/3/6 9719/3/6 9721/3/6
f 9722/2/6 9723/2/6 9724/2/6
f 9724/2/6 9723/2/6 9725/2/6
f 9726/3/6 9727/3/6 9728/3/6
f 9728/3/6 9727/3/6 9729/3/6
f 9730/3/6 9731/3/6 9732/3/6
f 9732/3/6 9731/3/6 9733/3/6
f 9734/3/6 9735/3/6 9736/3/6
f 9736/3/6 9735/3/6 9737/3/6
f 9738/2/6 9739/2/6 9740/2/6
f 9740/2/6 9739/2/6 9741/2/6
f 9742/1/6 9743/1/6 9744/1/6
f 9744/1/6 9743/1/6 9745/1/6
f 9746/4/6 9747/4/6 9748/4/6
f 9748/4/6 9747/4/6 9749/4/6
f 9750/4/6 9751/4/6 9752/4/6
f 9752/4/6 9751/4/6 9753/4/6
f 9754/3/6 9755/3/6 9756/3/6
f 9756/3/6 9755/3/6 9757/3/6
f 9758/3/6 9759/3/6 9760/3/6
f 9760/3/6 9759/3/6 9761/3/6
f 9762/3/6 9763/3/6 9764/3/6
f 9764/3/6 9763/3/6 9765/3/6
f 9766/3/6 9767/3/6 9768/3/6
f 9768/3/6 9767/3/6 9769/3/6
f 9768/4/6 9769/4/6 9770/4/6
f 9770/4/6 9769/4/6 9771/4/6
f 9772/1/6 9773/1/6 9774/1/6
f 9774/1/6 9773/1/6 9775/1/6
f 9776/1/6 9777/1/6 9778/1/6
f 9778/1/6 9777/1/6 9779/1/6
f 9780/1/6 9781/1/6 9782/1/6
f 9782/1/6 9781/1/6 9783/1/6
f 9784/1/6 9785/1/6 9786/1/6
f 9786/1/6 9785/1/6 9787/1/6
f 9786/2/6 9787/2/6 9788/2/6
f 9788/2/6 9787/2/6 9789/2/6
f 9790/4/6 9791/4/6 9792/4/6
f 9792/4/6 9791/4/6 9793/4/6
f 9794/1/6 9795/1/6 9796/1/6
f 9796/1/6 9795/1/6 9797/1/6
f 9798/3/6 9799/3/6 9800/3/6
f 9800/3/6 9799/3/6 9801/3/6
f 9802/4/6 9803/4/6 9804/4/6
f 9804/4/6 9803/4/6 9805/4/6
f 9806/4/6 9807/4/6 9808/4/6
f 9808/4/6 9807/4/6 9809/4/6
f 9810/2/6 9811/2/6 9812/2/6
f 9812/2/6 9811/2/6 9813/2/6
f 9814/4/6 9815/4/6 9816/4/6
f 9816/4/6 9815/4/6 9817/4/6
f 9818/3/6 9819/3/6 9820/3/6
f 9820/3/6 9819/3/6 9821/3/6
f 9822/3/6 9823/3/6 9824/3/6
f 9824/3/6 9823/3/6 9825/3/6
f 9826/2/6 9827/2/6 9828/2/6
f 9828/2/6 9827/2/6 9829/2/6
f 9830/2/6 9831/2/6 9832/2/6
f 9832/2/6 9831/2/6 9833/2/6
f 9834/2/6 9835/2/6 9836/2/6
f 9836/2/6 9835/2/6 9837/2/6
f 9838/2/6 9839/2/6 9840/2/6
f 9840/2/6 9839/2/6 9841/2/6
f 9842/4/6 9843/4/6 9844/4/6
f 9844/4/6 9843/4/6 9845/4/6
f 9846/1/6 9847/1/6 9848/1/6
f 9848/1/6 9847/1/6 9849/1/6
f 9850/2/6 9851/2/6 9852/2/6
f 9852/2/6 9851/2/6 9853/2/6
f 9854/2/6 9855/2/6 9856/2/6
f 9856/2/6 9855/2/6 9857/2/6
f 9858/2/6 9859/2/6 9860/2/6
f 9860/2/6 9859/2/6 9861/2/6
f 9862/4/6 9863/4/6 9864/4/6
f 9864/4/6 9863/4/6 9865/4/6
f 9864/3/6 9865/3/6 9866/3/6
f 9866/3/6 9865/3/6 9867/3/6
f 9868/1/6 9869/1/6 9870/1/6
f 9870/1/6 9869/1/6 9871/1/6
f 9872/3/6 9873/3/6 9874/3/6
f 9874/3/6 9873/3/6 9875/3/6
f 9874/1/6 9875/1/6 9876/1/6
f 9876/1/6 9875/1/6 9877/1/6
f 9878/4/6 9879/4/6 9880/4/6
f 9880/4/6 9879/4/6 9881/4/6
f 9882/4/6 9883/4/6 9884/4/6
f 9884/4/6 9883/4/6 9885/4/6
f 9886/2/6 9887/2/6 9888/2/6
f 9888/2/6 9887/2/6 9889/2/6
f 9890/3/6 9891/3/6 9892/3/6
f 9892/3/6 9891/3/6 9893/3/6
f 9894/4/6 9895/4/6 9896/4/6
f 9896/4/6 9895/4/6 9897/4/6
f 9898/3/6 9899/3/6 9900/3/6
f 9900/3/6 9899/3/6 9901/3/6
f 9902/4/6 9903/4/6 9904/4/6
f 9904/4/6 9903/4/6 9905/4/6
f 9906/2/6 9907/2/6 9908/2/6
f 9908/2/6 9907/2/6 9909/2/6
f 9910/2/6 9911/2/6 9912/2/6
f 9912/2/6 9911/2/6 9913/2/6
f 9914/2/6 9915/2/6 9916/2/6
f 9916/2/6 9915/2/6 9917/2/6
f 9918/4/6 9919/4/6 9920/4/6
f 9920/4/6 9919/4/6 9921/4/6
f 9922/1/6 9923/1/6 9924/1/6
f 9924/1/6 9923/1/6 9925/1/6
f 9926/4/6 9927/4/6 9928/4/6
f 9928/4/6 9927/4/6 9929/4/6
f 9930/2/6 9931/2/6 9932/2/6
f 9932/2/6 9931/2/6 9933/2/6
f 9934/3/6 9935/3/6 9936/3/6
f 9936/3/6 9935/3/6 9937/3/6
f 9936/1/6 9937/1/6 9938/1/6
f 9938/1/6 9937/1/6 9939/1/6
f 9940/2/6 9941/2/6 9942/2/6
f 9942/2/6 9941/2/6 9943/2/6
f 9944/2/6 9945/2/6 9946/2/6
f 9946/2/6 9945/2/6 9947/2/6
f 9948/2/6 9949/2/6 9950/2/6
f 9950/2/6 9949/2/6 9951/2/6
f 9952/2/6 9953/2/6 9954/2/6
f 9954/2/6 9953/2/6 9955/2/6
f 9956/1/6 9957/1/6 9958/1/6
f 9958/1/6 9957/1/6 9959/1/6
f 9960/2/6 9961/2/6 9962/2/6
f 9962/2/6 9961/2/6 9963/2/6
f 9964/1/6 9965/1/6 9966/1/6
f 9966/1/6 9965/1/6 9967/1/6
f 9968/1/6 9969/1/6 9970/1/6
f 9970/1/6 9969/1/6 9971/1/6
f 9972/3/6 9973/3/6 9974/3/6
f 9974/3/6 9973/3/6 9975/3/6
f 9976/3/6 9977/3/6 9978/3/6
f 9978/3/6 9977/3/6 9979/3/6
f 9980/1/6 9981/1/6 9982/1/6
f 9982/1/6 9981/1/6 9983/1/6
f 9984/1/6 9985/1/6 9986/1/6
f 9986/1/6 9985/1/6 9987/1/6
f 9988/2/6 9989/2/6 9990/2/6
f 9990/2/6 9989/2/6 9991/2/6
f 9992/4/6 9993/4/6 9994/4/6
f 9994/4/6 9993/4/6 9995/4/6
f 9996/1/6 9997/1/6 9998/1/6
f 9998/1/6 9997/1/6 9999/1/6
f 10000/3/6 10001/3/6 10002/3/6
f 10002/3/6 10001/3/6 10003/3/6
f 10004/3/6 10005/3/6 10012/3/6
f 10012/3/6 10005/3/6 10013/3/6
f 10006/1/6 10007/1/6 10014/1/6
f 10014/1/6 10007/1/6 10015/1/6
f 10008/1/6 10009/1/6 10016/1/6
f 10016/1/6 10009/1/6 10017/1/6
f 10010/1/6 10011/1/6 10018/1/6
f 10018/1/6 10011/1/6 10019/1/6
f 10012/1/6 10013/1/6 10020/1/6
f 10020/1/6 10013/1/6 10021/1/6
f 10014/2/6 10015/2/6 10022/2/6
f 10022/2/6 10015/2/6 10023/2/6
f 10016/2/6 10017/2/6 10024/2/6
f 10024/2/6 10017/2/6 10025/2/6
f 10020/4/6 10021/4/6 10026/4/6
f 10026/4/6 10021/4/6 10027/4/6
f 10022/3/6 10023/3/6 10028/3/6
f 10028/3/6 10023/3/6 10029/3/6
f 10024/1/6 10025/1/6 10030/1/6
f 10030/1/6 10025/1/6 10031/1/6
f 10018/4/6 10019/4/6 10032/4/6
f 10032/4/6 10019/4/6 10033/4/6
f 10034/1/6 10035/1/6 10042/1/6
f 10042/1/6 10035/1/6 10043/1/6
f 10036/3/6 10037/3/6 10044/3/6
f 10044/3/6 10037/3/6 10045/3/6
f 10038/1/6 10039/1/6 10046/1/6
f 10046/1/6 10039/1/6 10047/1/6
f 10040/1/6 10041/1/6 10048/1/6
f 10042/4/6 10043/4/6 10049/4/6
f 10049/4/6 10043/4/6 10050/4/6
f 10044/4/6 10045/4/6 10051/4/6
f 10051/4/6 10045/4/6 10052/4/6
f 10046/4/6 10047/4/6 10053/4/6
f 10053/4/6 10047/4/6 10054/4/6
f 10048/1/6 10041/1/6 10055/1/6
f 10049/3/6 10050/3/6 10056/3/6
f 10056/3/6 10050/3/6 10057/3/6
f 10051/3/6 10052/3/6 10058/3/6
f 10058/3/6 10052/3/6 10059/3/6
f 10053/2/6 10054/2/6 10060/2/6
f 10060/2/6 10054/2/6 10061/2/6
f 10055/1/6 10041/1/6 10062/1/6
f 10062/1/6 10041/1/6 10063/1/6
f 10064/4/6 10065/4/6 10072/4/6
f 10072/4/6 10065/4/6 10073/4/6
f 10066/1/6 10067/1/6 10074/1/6
f 10074/1/6 10067/1/6 10075/1/6
f 10068/4/6 10069/4/6 10076/4/6
f 10076/4/6 10069/4/6 10077/4/6
f 10070/4/6 10071/4/6 10078/4/6
f 10078/4/6 10071/4/6 10079/4/6
f 10072/3/6 10073/3/6 10080/3/6
f 10080/3/6 10073/3/6 10081/3/6
f 10074/4/6 10075/4/6 10082/4/6
f 10082/4/6 10075/4/6 10083/4/6
f 10076/3/6 10077/3/6 10084/3/6
f 10084/3/6 10077/3/6 10085/3/6
f 10078/1/6 10079/1/6 10086/1/6
f 10086/1/6 10079/1/6 10087/1/6
f 10088/1/6 10089/1/6 10096/1/6
f 10089/3/6 10090/3/6 10097/3/6
f 10096/1/6 10089/1/6 10097/1/6
f 10090/1/6 10091/1/6 10098/1/6
f 10097/3/6 10090/3/6 10098/3/6
f 10098/1/6 10091/1/6 10099/1/6
f 10092/2/6 10093/2/6 10100/2/6
f 10093/4/6 10094/4/6 10101/4/6
f 10100/2/6 10093/2/6 10101/2/6
f 10094/2/6 10095/2/6 10102/2/6
f 10101/4/6 10094/4/6 10102/4/6
f 10102/2/6 10095/2/6 10103/2/6
f 10104/3/6 10105/3/6 10111/3/6
f 10105/4/6 10106/4/6 10112/4/6
f 10111/3/6 10105/3/6 10112/3/6
f 10112/4/6 10106/4/6 10113/4/6
f 10107/3/6 10108/3/6 10114/3/6
f 10108/1/6 10109/1/6 10115/1/6
f 10114/3/6 10108/3/6 10115/3/6
f 10109/2/6 10110/2/6 10116/2/6
f 10115/1/6 10109/1/6 10116/1/6
f 10116/2/6 10110/2/6 10117/2/6
f 10118/1/6 10119/1/6 10126/1/6
f 10119/1/6 10120/1/6 10126/1/6
f 10126/1/6 10120/1/6 10127/1/6
f 10120/3/6 10121/3/6 10128/3/6
f 10127/1/6 10120/1/6 10128/1/6
f 10128/3/6 10121/3/6 10129/3/6
f 10122/2/6 10123/2/6 10130/2/6
f 10123/3/6 10124/3/6 10131/3/6
f 10130/2/6 10123/2/6 10131/2/6
f 10124/2/6 10125/2/6 10132/2/6
f 10131/3/6 10124/3/6 10132/3/6
f 10132/2/6 10125/2/6 10133/2/6
f 10134/3/6 10135/3/6 10142/3/6
f 10135/1/6 10136/1/6 10143/1/6
f 10142/3/6 10135/3/6 10143/3/6
f 10136/3/6 10137/3/6 10144/3/6
f 10143/1/6 10136/1/6 10144/1/6
f 10144/3/6 10137/3/6 10145/3/6
f 10138/4/6 10139/4/6 10146/4/6
f 10140/2/6 10141/2/6 10147/2/6
f 10146/4/6 10139/4/6 10147/4/6
f 10139/2/6 10140/2/6 10147/2/6
f 10147/2/6 10141/2/6 10148/2/6
f 10148/2/6 10141/2/6 10149/2/6
f 10150/1/6 10151/1/6 10158/1/6
f 10151/3/6 10152/3/6 10159/3/6
f 10158/1/6 10151/1/6 10159/1/6
f 10152/1/6 10153/1/6 10160/1/6
f 10159/3/6 10152/3/6 10160/3/6
f 10160/1/6 10153/1/6 10161/1/6
f 10154/3/6 10155/3/6 10162/3/6
f 10155/3/6 10156/3/6 10162/3/6
f 10162/3/6 10156/3/6 10163/3/6
f 10156/4/6 10157/4/6 10164/4/6
f 10163/3/6 10156/3/6 10164/3/6
f 10164/4/6 10157/4/6 10165/4/6
f 10166/4/6 10167/4/6 10174/4/6
f 10167/1/6 10168/1/6 10175/1/6
f 10174/4/6 10167/4/6 10175/4/6
f 10168/4/6 10169/4/6 10176/4/6
f 10175/1/6 10168/1/6 10176/1/6
f 10176/4/6 10169/4/6 10177/4/6
f 10170/1/6 10171/1/6 10178/1/6
f 10171/1/6 10172/1/6 10178/1/6
f 10178/1/6 10172/1/6 10179/1/6
f 10172/2/6 10173/2/6 10180/2/6
f 10179/1/6 10172/1/6 10180/1/6
f 10180/2/6 10173/2/6 10181/2/6
f 10182/4/6 10183/4/6 10190/4/6
f 10183/2/6 10184/2/6 10191/2/6
f 10190/4/6 10183/4/6 10191/4/6
f 10184/3/6 10185/3/6 10192/3/6
f 10191/2/6 10184/2/6 10192/2/6
f 10192/3/6 10185/3/6 10193/3/6
f 10186/2/6 10187/2/6 10194/2/6
f 10187/2/6 10188/2/6 10194/2/6
f 10194/2/6 10188/2/6 10195/2/6
f 10188/1/6 10189/1/6 10196/1/6
f 10195/2/6 10188/2/6 10196/2/6
f 10196/1/6 10189/1/6 10197/1/6
f 10198/4/6 10199/4/6 10206/4/6
f 10199/3/6 10200/3/6 10207/3/6
f 10206/4/6 10199/4/6 10207/4/6
f 10200/3/6 10201/3/6 10207/3/6
f 10207/3/6 10201/3/6 10208/3/6
f 10208/3/6 10201/3/6 10209/3/6
f 10202/3/6 10203/3/6 10210/3/6
f 10203/1/6 10204/1/6 10211/1/6
f 10210/3/6 10203/3/6 10211/3/6
f 10204/3/6 10205/3/6 10212/3/6
f 10211/1/6 10204/1/6 10212/1/6
f 10212/3/6 10205/3/6 10213/3/6
f 10214/2/6 10215/2/6 10221/2/6
f 10215/1/6 10216/1/6 10222/1/6
f 10221/2/6 10215/2/6 10222/2/6
f 10222/1/6 10216/1/6 10223/1/6
f 10223/1/6 10216/1/6 10224/1/6
f 10217/1/6 10218/1/6 10225/1/6
f 10219/2/6 10220/2/6 10226/2/6
f 10225/1/6 10218/1/6 10226/1/6
f 10218/2/6 10219/2/6 10226/2/6
f 10226/2/6 10220/2/6 10227/2/6
f 10228/2/6 10229/2/6 10235/2/6
f 10229/3/6 10230/3/6 10236/3/6
f 10235/2/6 10229/2/6 10236/2/6
f 10236/3/6 10230/3/6 10237/3/6
f 10237/3/6 10230/3/6 10238/3/6
f 10231/1/6 10232/1/6 10239/1/6
f 10232/2/6 10233/2/6 10240/2/6
f 10239/1/6 10232/1/6 10240/1/6
f 10233/1/6 10234/1/6 10241/1/6
f 10240/2/6 10233/2/6 10241/2/6
f 10241/1/6 10234/1/6 10242/1/6
f 10243/1/6 10244/1/6 10267/1/6
f 10244/4/6 10245/4/6 10268/4/6
f 10267/1/6 10244/1/6 10268/1/6
f 10268/4/6 10245/4/6 10269/4/6
f 10245/3/6 10246/3/6 10270/3/6
f 10269/4/6 10245/4/6 10270/4/6
f 10246/4/6 10247/4/6 10271/4/6
f 10270/3/6 10246/3/6 10271/3/6
f 10248/2/6 10249/2/6 10272/2/6
f 10249/3/6 10250/3/6 10272/3/6
f 10250/2/6 10251/2/6 10273/2/6
f 10272/3/6 10250/3/6 10273/3/6
f 10251/3/6 10252/3/6 10274/3/6
f 10273/2/6 10251/2/6 10274/2/6
f 10252/4/6 10253/4/6 10275/4/6
f 10274/3/6 10252/3/6 10275/3/6
f 10253/1/6 10254/1/6 10276/1/6
f 10275/4/6 10253/4/6 10276/4/6
f 10276/1/6 10254/1/6 10277/1/6
f 10254/4/6 10255/4/6 10278/4/6
f 10277/1/6 10254/1/6 10278/1/6
f 10255/2/6 10256/2/6 10279/2/6
f 10278/4/6 10255/4/6 10279/4/6
f 10256/3/6 10257/3/6 10280/3/6
f 10279/2/6 10256/2/6 10280/2/6
f 10257/1/6 10258/1/6 10281/1/6
f 10280/3/6 10257/3/6 10281/3/6
f 10258/2/6 10259/2/6 10282/2/6
f 10281/1/6 10258/1/6 10282/1/6
f 10282/2/6 10259/2/6 10283/2/6
f 10259/1/6 10260/1/6 10284/1/6
f 10283/2/6 10259/2/6 10284/2/6
f 10260/4/6 10261/4/6 10285/4/6
f 10284/1/6 10260/1/6 10285/1/6
f 10261/1/6 10262/1/6 10286/1/6
f 10285/4/6 10261/4/6 10286/4/6
f 10262/3/6 10263/3/6 10287/3/6
f 10286/1/6 10262/1/6 10287/1/6
f 10263/2/6 10264/2/6 10288/2/6
f 10287/3/6 10263/3/6 10288/3/6
f 10264/4/6 10265/4/6 10289/4/6
f 10288/2/6 10264/2/6 10289/2/6
f 10265/1/6 10266/1/6 10290/1/6
f 10289/4/6 10265/4/6 10290/4/6
f 10290/1/6 10266/1/6 10291/1/6
f 10267/3/6 10268/3/6 10292/3/6
f 10268/1/6 10269/1/6 10293/1/6
f 10292/3/6 10268/3/6 10293/3/6
f 10269/2/6 10270/2/6 10294/2/6
f 10293/1/6 10269/1/6 10294/1/6
f 10270/2/6 10271/2/6 10294/2/6
f 10294/2/6 10271/2/6 10295/2/6
f 10271/4/6 10247/4/6 10296/4/6
f 10295/2/6 10271/2/6 10296/2/6
f 10247/1/6 10248/1/6 10297/1/6
f 10296/4/6 10247/4/6 10297/4/6
f 10248/2/6 10272/2/6 10298/2/6
f 10297/1/6 10248/1/6 10298/1/6
f 10272/4/6 10273/4/6 10299/4/6
f 10298/2/6 10272/2/6 10299/2/6
f 10273/2/6 10274/2/6 10300/2/6
f 10299/4/6 10273/4/6 10300/4/6
f 10274/4/6 10275/4/6 10301/4/6
f 10300/2/6 10274/2/6 10301/2/6
f 10275/2/6 10276/2/6 10302/2/6
f 10301/4/6 10275/4/6 10302/4/6
f 10302/2/6 10276/2/6 10303/2/6
f 10303/2/6 10276/2/6 10304/2/6
f 10276/4/6 10277/4/6 10305/4/6
f 10304/2/6 10276/2/6 10305/2/6
f 10277/1/6 10278/1/6 10306/1/6
f 10305/4/6 10277/4/6 10306/4/6
f 10278/3/6 10279/3/6 10307/3/6
f 10306/1/6 10278/1/6 10307/1/6
f 10279/4/6 10280/4/6 10308/4/6
f 10307/3/6 10279/3/6 10308/3/6
f 10280/2/6 10281/2/6 10309/2/6
f 10308/4/6 10280/4/6 10309/4/6
f 10281/3/6 10282/3/6 10310/3/6
f 10309/2/6 10281/2/6 10310/2/6
f 10282/2/6 10283/2/6 10311/2/6
f 10310/3/6 10282/3/6 10311/3/6
f 10283/3/6 10284/3/6 10312/3/6
f 10284/3/6 10285/3/6 10312/3/6
f 10285/3/6 10286/3/6 10312/3/6
f 10286/3/6 10287/3/6 10312/3/6
f 10287/3/6 10288/3/6 10312/3/6
f 10312/3/6 10288/3/6 10313/3/6
f 10313/3/6 10288/3/6 10314/3/6
f 10288/4/6 10289/4/6 10315/4/6
f 10289/3/6 10290/3/6 10315/3/6
f 10315/3/6 10290/3/6 10316/3/6
f 10290/2/6 10291/2/6 10317/2/6
f 10316/3/6 10290/3/6 10317/3/6
f 10292/2/6 10293/2/6 10318/2/6
f 10294/4/6 10295/4/6 10318/4/6
f 10293/4/6 10294/4/6 10318/4/6
f 10295/2/6 10296/2/6 10319/2/6
f 10318/4/6 10295/4/6 10319/4/6
f 10296/3/6 10297/3/6 10320/3/6
f 10319/2/6 10296/2/6 10320/2/6
f 10297/1/6 10298/1/6 10321/1/6
f 10320/3/6 10297/3/6 10321/3/6
f 10298/4/6 10299/4/6 10322/4/6
f 10299/1/6 10300/1/6 10323/1/6
f 10322/4/6 10299/4/6 10323/4/6
f 10301/3/6 10302/3/6 10324/3/6
f 10323/1/6 10300/1/6 10324/1/6
f 10300/3/6 10301/3/6 10324/3/6
f 10324/3/6 10302/3/6 10325/3/6
f 10302/4/6 10303/4/6 10326/4/6
f 10325/3/6 10302/3/6 10326/3/6
f 10303/3/6 10304/3/6 10327/3/6
f 10326/4/6 10303/4/6 10327/4/6
f 10304/4/6 10305/4/6 10328/4/6
f 10327/3/6 10304/3/6 10328/3/6
f 10305/2/6 10306/2/6 10329/2/6
f 10328/4/6 10305/4/6 10329/4/6
f 10306/3/6 10307/3/6 10330/3/6
f 10329/2/6 10306/2/6 10330/2/6
f 10307/2/6 10308/2/6 10331/2/6
f 10308/2/6 10309/2/6 10331/2/6
f 10309/3/6 10310/3/6 10332/3/6
f 10331/2/6 10309/2/6 10332/2/6
f 10310/4/6 10311/4/6 10333/4/6
f 10332/3/6 10310/3/6 10333/3/6
f 10311/2/6 10283/2/6 10334/2/6
f 10333/4/6 10311/4/6 10334/4/6
f 10283/3/6 10312/3/6 10335/3/6
f 10334/2/6 10283/2/6 10335/2/6
f 10312/1/6 10313/1/6 10336/1/6
f 10335/3/6 10312/3/6 10336/3/6
f 10313/4/6 10314/4/6 10337/4/6
f 10336/1/6 10313/1/6 10337/1/6
f 10337/4/6 10314/4/6 10338/4/6
f 10338/4/6 10314/4/6 10339/4/6
f 10314/3/6 10288/3/6 10340/3/6
f 10339/4/6 10314/4/6 10340/4/6
f 10340/3/6 10288/3/6 10341/3/6
f 10288/4/6 10315/4/6 10342/4/6
f 10341/3/6 10288/3/6 10342/3/6
f 10315/1/6 10316/1/6 10343/1/6
f 10342/4/6 10315/4/6 10343/4/6
f 10316/4/6 10317/4/6 10344/4/6
f 10343/1/6 10316/1/6 10344/1/6
f 10317/2/6 10291/2/6 10345/2/6
f 10344/4/6 10317/4/6 10345/4/6
f 10292/2/6 10318/2/6 10346/2/6
f 10318/1/6 10319/1/6 10347/1/6
f 10346/2/6 10318/2/6 10347/2/6
f 10319/1/6 10320/1/6 10347/1/6
f 10320/2/6 10321/2/6 10348/2/6
f 10347/1/6 10320/1/6 10348/1/6
f 10321/1/6 10298/1/6 10349/1/6
f 10348/2/6 10321/2/6 10349/2/6
f 10298/4/6 10322/4/6 10350/4/6
f 10349/1/6 10298/1/6 10350/1/6
f 10324/1/6 10325/1/6 10351/1/6
f 10350/4/6 10322/4/6 10351/4/6
f 10322/1/6 10323/1/6 10351/1/6
f 10323/1/6 10324/1/6 10351/1/6
f 10325/3/6 10326/3/6 10352/3/6
f 10351/1/6 10325/1/6 10352/1/6
f 10326/1/6 10327/1/6 10353/1/6
f 10352/3/6 10326/3/6 10353/3/6
f 10327/4/6 10328/4/6 10354/4/6
f 10353/1/6 10327/1/6 10354/1/6
f 10328/3/6 10329/3/6 10355/3/6
f 10354/4/6 10328/4/6 10355/4/6
f 10329/1/6 10330/1/6 10356/1/6
f 10355/3/6 10329/3/6 10356/3/6
f 10330/3/6 10307/3/6 10357/3/6
f 10356/1/6 10330/1/6 10357/1/6
f 10307/2/6 10331/2/6 10358/2/6
f 10357/3/6 10307/3/6 10358/3/6
f 10331/1/6 10332/1/6 10359/1/6
f 10358/2/6 10331/2/6 10359/2/6
f 10332/4/6 10333/4/6 10360/4/6
f 10359/1/6 10332/1/6 10360/1/6
f 10333/3/6 10334/3/6 10361/3/6
f 10360/4/6 10333/4/6 10361/4/6
f 10334/2/6 10335/2/6 10362/2/6
f 10361/3/6 10334/3/6 10362/3/6
f 10335/1/6 10336/1/6 10363/1/6
f 10362/2/6 10335/2/6 10363/2/6
f 10337/3/6 10338/3/6 10364/3/6
f 10363/1/6 10336/1/6 10364/1/6
f 10336/3/6 10337/3/6 10364/3/6
f 10338/1/6 10339/1/6 10365/1/6
f 10364/3/6 10338/3/6 10365/3/6
f 10339/3/6 10340/3/6 10366/3/6
f 10365/1/6 10339/1/6 10366/1/6
f 10340/1/6 10341/1/6 10367/1/6
f 10366/3/6 10340/3/6 10367/3/6
f 10341/4/6 10342/4/6 10368/4/6
f 10367/1/6 10341/1/6 10368/1/6
f 10342/1/6 10343/1/6 10369/1/6
f 10368/4/6 10342/4/6 10369/4/6
f 10343/3/6 10344/3/6 10370/3/6
f 10369/1/6 10343/1/6 10370/1/6
f 10344/1/6 10345/1/6 10371/1/6
f 10370/3/6 10344/3/6 10371/3/6
f 10345/2/6 10291/2/6 10372/2/6
f 10371/1/6 10345/1/6 10372/1/6
f 10372/2/6 10291/2/6 10373/2/6
f 10374/3/6 10375/3/6 10400/3/6
f 10400/3/6 10375/3/6 10401/3/6
f 10375/4/6 10376/4/6 10402/4/6
f 10401/3/6 10375/3/6 10402/3/6
f 10402/4/6 10376/4/6 10403/4/6
f 10376/3/6 10377/3/6 10404/3/6
f 10403/4/6 10376/4/6 10404/4/6
f 10377/2/6 10378/2/6 10405/2/6
f 10404/3/6 10377/3/6 10405/3/6
f 10378/3/6 10379/3/6 10406/3/6
f 10405/2/6 10378/2/6 10406/2/6
f 10379/4/6 10380/4/6 10407/4/6
f 10406/3/6 10379/3/6 10407/3/6
f 10407/4/6 10380/4/6 10408/4/6
f 10380/2/6 10381/2/6 10409/2/6
f 10408/4/6 10380/4/6 10409/4/6
f 10381/3/6 10382/3/6 10410/3/6
f 10409/2/6 10381/2/6 10410/2/6
f 10382/2/6 10383/2/6 10411/2/6
f 10410/3/6 10382/3/6 10411/3/6
f 10383/3/6 10384/3/6 10412/3/6
f 10411/2/6 10383/2/6 10412/2/6
f 10384/1/6 10385/1/6 10413/1/6
f 10412/3/6 10384/3/6 10413/3/6
f 10385/2/6 10386/2/6 10414/2/6
f 10413/1/6 10385/1/6 10414/1/6
f 10386/3/6 10387/3/6 10415/3/6
f 10414/2/6 10386/2/6 10415/2/6
f 10387/1/6 10388/1/6 10416/1/6
f 10415/3/6 10387/3/6 10416/3/6
f 10388/2/6 10389/2/6 10417/2/6
f 10416/1/6 10388/1/6 10417/1/6
f 10389/3/6 10390/3/6 10418/3/6
f 10417/2/6 10389/2/6 10418/2/6
f 10390/1/6 10391/1/6 10419/1/6
f 10418/3/6 10390/3/6 10419/3/6
f 10391/3/6 10392/3/6 10420/3/6
f 10419/1/6 10391/1/6 10420/1/6
f 10420/3/6 10392/3/6 10421/3/6
f 10392/4/6 10393/4/6 10422/4/6
f 10421/3/6 10392/3/6 10422/3/6
f 10393/2/6 10394/2/6 10423/2/6
f 10422/4/6 10393/4/6 10423/4/6
f 10394/1/6 10395/1/6 10424/1/6
f 10423/2/6 10394/2/6 10424/2/6
f 10395/2/6 10396/2/6 10425/2/6
f 10424/1/6 10395/1/6 10425/1/6
f 10396/4/6 10397/4/6 10426/4/6
f 10425/2/6 10396/2/6 10426/2/6
f 10397/3/6 10398/3/6 10427/3/6
f 10426/4/6 10397/4/6 10427/4/6
f 10427/3/6 10398/3/6 10428/3/6
f 10398/2/6 10399/2/6 10429/2/6
f 10428/3/6 10398/3/6 10429/3/6
f 10429/2/6 10399/2/6 10430/2/6
f 10400/1/6 10401/1/6 10431/1/6
f 10402/2/6 10403/2/6 10432/2/6
f 10431/1/6 10401/1/6 10432/1/6
f 10401/2/6 10402/2/6 10432/2/6
f 10432/2/6 10403/2/6 10433/2/6
f 10403/4/6 10404/4/6 10434/4/6
f 10433/2/6 10403/2/6 10434/2/6
f 10404/1/6 10405/1/6 10435/1/6
f 10434/4/6 10404/4/6 10435/4/6
f 10405/2/6 10406/2/6 10436/2/6
f 10435/1/6 10405/1/6 10436/1/6
f 10406/4/6 10407/4/6 10437/4/6
f 10436/2/6 10406/2/6 10437/2/6
f 10437/4/6 10407/4/6 10438/4/6
f 10407/3/6 10408/3/6 10439/3/6
f 10438/4/6 10407/4/6 10439/4/6
f 10408/1/6 10409/1/6 10440/1/6
f 10439/3/6 10408/3/6 10440/3/6
f 10409/1/6 10410/1/6 10440/1/6
f 10440/1/6 10410/1/6 10441/1/6
f 10410/4/6 10411/4/6 10442/4/6
f 10441/1/6 10410/1/6 10442/1/6
f 10411/4/6 10412/4/6 10442/4/6
f 10412/3/6 10413/3/6 10443/3/6
f 10442/4/6 10412/4/6 10443/4/6
f 10413/2/6 10414/2/6 10444/2/6
f 10443/3/6 10413/3/6 10444/3/6
f 10414/4/6 10415/4/6 10445/4/6
f 10444/2/6 10414/2/6 10445/2/6
f 10415/4/6 10416/4/6 10445/4/6
f 10445/4/6 10416/4/6 10446/4/6
f 10416/1/6 10417/1/6 10447/1/6
f 10446/4/6 10416/4/6 10447/4/6
f 10417/3/6 10418/3/6 10448/3/6
f 10447/1/6 10417/1/6 10448/1/6
f 10418/4/6 10419/4/6 10449/4/6
f 10448/3/6 10418/3/6 10449/3/6
f 10420/4/6 10421/4/6 10449/4/6
f 10419/4/6 10420/4/6 10449/4/6
f 10449/4/6 10421/4/6 10450/4/6
f 10421/2/6 10422/2/6 10451/2/6
f 10450/4/6 10421/4/6 10451/4/6
f 10422/4/6 10423/4/6 10452/4/6
f 10451/2/6 10422/2/6 10452/2/6
f 10423/3/6 10424/3/6 10453/3/6
f 10452/4/6 10423/4/6 10453/4/6
f 10424/4/6 10425/4/6 10454/4/6
f 10453/3/6 10424/3/6 10454/3/6
f 10425/1/6 10426/1/6 10455/1/6
f 10454/4/6 10425/4/6 10455/4/6
f 10427/2/6 10428/2/6 10456/2/6
f 10455/1/6 10426/1/6 10456/1/6
f 10426/2/6 10427/2/6 10456/2/6
f 10456/2/6 10428/2/6 10457/2/6
f 10428/3/6 10429/3/6 10458/3/6
f 10457/2/6 10428/2/6 10458/2/6
f 10458/3/6 10429/3/6 10459/3/6
f 10429/1/6 10430/1/6 10460/1/6
f 10459/3/6 10429/3/6 10460/3/6
f 10460/1/6 10430/1/6 10461/1/6
f 10431/4/6 10432/4/6 10462/4/6
f 10432/1/6 10433/1/6 10463/1/6
f 10462/4/6 10432/4/6 10463/4/6
f 10433/3/6 10434/3/6 10464/3/6
f 10463/1/6 10433/1/6 10464/1/6
f 10434/2/6 10435/2/6 10465/2/6
f 10464/3/6 10434/3/6 10465/3/6
f 10435/2/6 10436/2/6 10465/2/6
f 10436/3/6 10437/3/6 10466/3/6
f 10465/2/6 10436/2/6 10466/2/6
f 10437/2/6 10438/2/6 10467/2/6
f 10466/3/6 10437/3/6 10467/3/6
f 10438/1/6 10439/1/6 10468/1/6
f 10467/2/6 10438/2/6 10468/2/6
f 10440/4/6 10441/4/6 10469/4/6
f 10468/1/6 10439/1/6 10469/1/6
f 10439/4/6 10440/4/6 10469/4/6
f 10441/2/6 10442/2/6 10470/2/6
f 10469/4/6 10441/4/6 10470/4/6
f 10442/3/6 10443/3/6 10471/3/6
f 10470/2/6 10442/2/6 10471/2/6
f 10471/3/6 10443/3/6 10472/3/6
f 10443/1/6 10444/1/6 10473/1/6
f 10472/3/6 10443/3/6 10473/3/6
f 10444/3/6 10445/3/6 10474/3/6
f 10473/1/6 10444/1/6 10474/1/6
f 10445/4/6 10446/4/6 10475/4/6
f 10474/3/6 10445/3/6 10475/3/6
f 10446/2/6 10447/2/6 10476/2/6
f 10475/4/6 10446/4/6 10476/4/6
f 10447/2/6 10448/2/6 10476/2/6
f 10448/4/6 10449/4/6 10477/4/6
f 10476/2/6 10448/2/6 10477/2/6
f 10449/3/6 10450/3/6 10478/3/6
f 10477/4/6 10449/4/6 10478/4/6
f 10450/4/6 10451/4/6 10479/4/6
f 10478/3/6 10450/3/6 10479/3/6
f 10451/4/6 10452/4/6 10479/4/6
f 10479/4/6 10452/4/6 10480/4/6
f 10480/4/6 10452/4/6 10481/4/6
f 10452/2/6 10453/2/6 10482/2/6
f 10481/4/6 10452/4/6 10482/4/6
f 10453/4/6 10454/4/6 10483/4/6
f 10482/2/6 10453/2/6 10483/2/6
f 10454/1/6 10455/1/6 10484/1/6
f 10483/4/6 10454/4/6 10484/4/6
f 10455/2/6 10456/2/6 10485/2/6
f 10484/1/6 10455/1/6 10485/1/6
f 10456/4/6 10457/4/6 10486/4/6
f 10485/2/6 10456/2/6 10486/2/6
f 10457/3/6 10458/3/6 10487/3/6
f 10486/4/6 10457/4/6 10487/4/6
f 10458/2/6 10459/2/6 10488/2/6
f 10487/3/6 10458/3/6 10488/3/6
f 10459/4/6 10460/4/6 10489/4/6
f 10488/2/6 10459/2/6 10489/2/6
f 10460/2/6 10461/2/6 10490/2/6
f 10489/4/6 10460/4/6 10490/4/6
f 10490/2/6 10461/2/6 10491/2/6
f 10462/2/6 10463/2/6 10492/2/6
f 10463/3/6 10464/3/6 10493/3/6
f 10492/2/6 10463/2/6 10493/2/6
f 10464/4/6 10465/4/6 10494/4/6
f 10493/3/6 10464/3/6 10494/3/6
f 10465/2/6 10466/2/6 10495/2/6
f 10494/4/6 10465/4/6 10495/4/6
f 10466/2/6 10467/2/6 10495/2/6
f 10495/2/6 10467/2/6 10496/2/6
f 10467/3/6 10468/3/6 10497/3/6
f 10496/2/6 10467/2/6 10497/2/6
f 10468/3/6 10469/3/6 10497/3/6
f 10469/4/6 10470/4/6 10498/4/6
f 10497/3/6 10469/3/6 10498/3/6
f 10498/4/6 10470/4/6 10499/4/6
f 10471/2/6 10472/2/6 10500/2/6
f 10470/1/6 10471/1/6 10500/1/6
f 10473/3/6 10474/3/6 10501/3/6
f 10500/2/6 10472/2/6 10501/2/6
f 10472/3/6 10473/3/6 10501/3/6
f 10501/3/6 10474/3/6 10502/3/6
f 10474/4/6 10475/4/6 10503/4/6
f 10502/3/6 10474/3/6 10503/3/6
f 10476/3/6 10477/3/6 10504/3/6
f 10503/4/6 10475/4/6 10504/4/6
f 10477/3/6 10478/3/6 10504/3/6
f 10475/3/6 10476/3/6 10504/3/6
f 10504/3/6 10478/3/6 10505/3/6
f 10505/3/6 10478/3/6 10506/3/6
f 10506/3/6 10478/3/6 10507/3/6
f 10478/1/6 10479/1/6 10508/1/6
f 10507/3/6 10478/3/6 10508/3/6
f 10479/2/6 10480/2/6 10509/2/6
f 10508/1/6 10479/1/6 10509/1/6
f 10480/3/6 10481/3/6 10510/3/6
f 10509/2/6 10480/2/6 10510/2/6
f 10481/1/6 10482/1/6 10511/1/6
f 10510/3/6 10481/3/6 10511/3/6
f 10482/3/6 10483/3/6 10512/3/6
f 10511/1/6 10482/1/6 10512/1/6
f 10485/2/6 10486/2/6 10513/2/6
f 10484/2/6 10485/2/6 10513/2/6
f 10483/1/6 10484/1/6 10513/1/6
f 10513/2/6 10486/2/6 10514/2/6
f 10486/1/6 10487/1/6 10515/1/6
f 10514/2/6 10486/2/6 10515/2/6
f 10487/2/6 10488/2/6 10516/2/6
f 10515/1/6 10487/1/6 10516/1/6
f 10488/4/6 10489/4/6 10517/4/6
f 10516/2/6 10488/2/6 10517/2/6
f 10489/2/6 10490/2/6 10518/2/6
f 10517/4/6 10489/4/6 10518/4/6
f 10490/1/6 10491/1/6 10519/1/6
f 10518/2/6 10490/2/6 10519/2/6
f 10519/1/6 10491/1/6 10520/1/6
f 10493/3/6 10494/3/6 10521/3/6
f 10492/3/6 10493/3/6 10521/3/6
f 10494/1/6 10495/1/6 10521/1/6
f 10495/3/6 10496/3/6 10522/3/6
f 10521/1/6 10495/1/6 10522/1/6
f 10496/1/6 10497/1/6 10523/1/6
f 10522/3/6 10496/3/6 10523/3/6
f 10523/1/6 10497/1/6 10524/1/6
f 10497/2/6 10498/2/6 10525/2/6
f 10524/1/6 10497/1/6 10525/1/6
f 10525/2/6 10498/2/6 10526/2/6
f 10498/1/6 10499/1/6 10527/1/6
f 10526/2/6 10498/2/6 10527/2/6
f 10499/4/6 10470/4/6 10528/4/6
f 10527/1/6 10499/1/6 10528/1/6
f 10501/2/6 10502/2/6 10529/2/6
f 10500/1/6 10501/1/6 10529/1/6
f 10502/1/6 10503/1/6 10530/1/6
f 10529/2/6 10502/2/6 10530/2/6
f 10503/4/6 10504/4/6 10531/4/6
f 10530/1/6 10503/1/6 10531/1/6
f 10504/1/6 10505/1/6 10532/1/6
f 10531/4/6 10504/4/6 10532/4/6
f 10505/3/6 10506/3/6 10533/3/6
f 10532/1/6 10505/1/6 10533/1/6
f 10506/4/6 10507/4/6 10534/4/6
f 10533/3/6 10506/3/6 10534/3/6
f 10508/2/6 10509/2/6 10535/2/6
f 10534/4/6 10507/4/6 10535/4/6
f 10507/2/6 10508/2/6 10535/2/6
f 10535/2/6 10509/2/6 10536/2/6
f 10509/1/6 10510/1/6 10537/1/6
f 10536/2/6 10509/2/6 10537/2/6
f 10510/2/6 10511/2/6 10538/2/6
f 10537/1/6 10510/1/6 10538/1/6
f 10511/3/6 10512/3/6 10539/3/6
f 10538/2/6 10511/2/6 10539/2/6
f 10512/3/6 10483/3/6 10540/3/6
f 10539/3/6 10512/3/6 10540/3/6
f 10513/1/6 10514/1/6 10540/1/6
f 10483/1/6 10513/1/6 10540/1/6
f 10540/1/6 10514/1/6 10541/1/6
f 10514/4/6 10515/4/6 10542/4/6
f 10541/1/6 10514/1/6 10542/1/6
f 10515/3/6 10516/3/6 10543/3/6
f 10542/4/6 10515/4/6 10543/4/6
f 10516/1/6 10517/1/6 10544/1/6
f 10543/3/6 10516/3/6 10544/3/6
f 10517/2/6 10518/2/6 10545/2/6
f 10544/1/6 10517/1/6 10545/1/6
f 10519/3/6 10520/3/6 10546/3/6
f 10545/2/6 10518/2/6 10546/2/6
f 10518/3/6 10519/3/6 10546/3/6
f 10546/3/6 10520/3/6 10547/3/6
f 10547/3/6 10520/3/6 10548/3/6
f 10492/3/6 10521/3/6 10549/3/6
f 10549/3/6 10521/3/6 10550/3/6
f 10521/2/6 10522/2/6 10551/2/6
f 10550/3/6 10521/3/6 10551/3/6
f 10523/1/6 10524/1/6 10552/1/6
f 10551/2/6 10522/2/6 10552/2/6
f 10522/1/6 10523/1/6 10552/1/6
f 10552/1/6 10524/1/6 10553/1/6
f 10524/4/6 10525/4/6 10554/4/6
f 10553/1/6 10524/1/6 10554/1/6
f 10525/3/6 10526/3/6 10555/3/6
f 10554/4/6 10525/4/6 10555/4/6
f 10526/1/6 10527/1/6 10556/1/6
f 10555/3/6 10526/3/6 10556/3/6
f 10527/3/6 10528/3/6 10557/3/6
f 10556/1/6 10527/1/6 10557/1/6
f 10528/4/6 10470/4/6 10558/4/6
f 10557/3/6 10528/3/6 10558/3/6
f 10470/1/6 10500/1/6 10559/1/6
f 10558/4/6 10470/4/6 10559/4/6
f 10500/1/6 10529/1/6 10559/1/6
f 10559/1/6 10529/1/6 10560/1/6
f 10529/3/6 10530/3/6 10561/3/6
f 10560/1/6 10529/1/6 10561/1/6
f 10530/2/6 10531/2/6 10562/2/6
f 10561/3/6 10530/3/6 10562/3/6
f 10533/4/6 10534/4/6 10563/4/6
f 10562/2/6 10531/2/6 10563/2/6
f 10534/4/6 10535/4/6 10563/4/6
f 10531/4/6 10532/4/6 10563/4/6
f 10532/4/6 10533/4/6 10563/4/6
f 10563/4/6 10535/4/6 10564/4/6
f 10564/4/6 10535/4/6 10565/4/6
f 10565/4/6 10535/4/6 10566/4/6
f 10535/1/6 10536/1/6 10567/1/6
f 10566/4/6 10535/4/6 10567/4/6
f 10536/4/6 10537/4/6 10568/4/6
f 10567/1/6 10536/1/6 10568/1/6
f 10538/4/6 10539/4/6 10568/4/6
f 10537/4/6 10538/4/6 10568/4/6
f 10568/4/6 10539/4/6 10569/4/6
f 10569/4/6 10539/4/6 10570/4/6
f 10541/1/6 10542/1/6 10571/1/6
f 10542/1/6 10543/1/6 10571/1/6
f 10543/4/6 10544/4/6 10572/4/6
f 10571/1/6 10543/1/6 10572/1/6
f 10546/1/6 10547/1/6 10573/1/6
f 10545/4/6 10546/4/6 10573/4/6
f 10547/4/6 10548/4/6 10574/4/6
f 10573/1/6 10547/1/6 10574/1/6
f 10574/4/6 10548/4/6 10575/4/6
f 10549/4/6 10550/4/6 10576/4/6
f 10550/1/6 10551/1/6 10577/1/6
f 10576/4/6 10550/4/6 10577/4/6
f 10551/4/6 10552/4/6 10578/4/6
f 10577/1/6 10551/1/6 10578/1/6
f 10552/2/6 10553/2/6 10579/2/6
f 10578/4/6 10552/4/6 10579/4/6
f 10554/3/6 10555/3/6 10580/3/6
f 10579/2/6 10553/2/6 10580/2/6
f 10553/3/6 10554/3/6 10580/3/6
f 10556/4/6 10557/4/6 10581/4/6
f 10580/3/6 10555/3/6 10581/3/6
f 10555/4/6 10556/4/6 10581/4/6
f 10581/4/6 10557/4/6 10582/4/6
f 10557/3/6 10558/3/6 10583/3/6
f 10582/4/6 10557/4/6 10583/4/6
f 10558/2/6 10559/2/6 10584/2/6
f 10583/3/6 10558/3/6 10584/3/6
f 10559/2/6 10560/2/6 10584/2/6
f 10584/2/6 10560/2/6 10585/2/6
f 10560/3/6 10561/3/6 10586/3/6
f 10585/2/6 10560/2/6 10586/2/6
f 10561/1/6 10562/1/6 10587/1/6
f 10586/3/6 10561/3/6 10587/3/6
f 10563/2/6 10564/2/6 10588/2/6
f 10587/1/6 10562/1/6 10588/1/6
f 10562/2/6 10563/2/6 10588/2/6
f 10588/2/6 10564/2/6 10589/2/6
f 10564/1/6 10565/1/6 10590/1/6
f 10589/2/6 10564/2/6 10590/2/6
f 10566/3/6 10567/3/6 10591/3/6
f 10565/2/6 10566/2/6 10591/2/6
f 10567/2/6 10568/2/6 10592/2/6
f 10591/3/6 10567/3/6 10592/3/6
f 10568/3/6 10569/3/6 10593/3/6
f 10592/2/6 10568/2/6 10593/2/6
f 10569/1/6 10570/1/6 10594/1/6
f 10593/3/6 10569/3/6 10594/3/6
f 10570/4/6 10539/4/6 10595/4/6
f 10594/1/6 10570/1/6 10595/1/6
f 10539/2/6 10540/2/6 10596/2/6
f 10595/4/6 10539/4/6 10596/4/6
f 10596/2/6 10540/2/6 10597/2/6
f 10540/3/6 10541/3/6 10598/3/6
f 10597/2/6 10540/2/6 10598/2/6
f 10541/1/6 10571/1/6 10599/1/6
f 10598/3/6 10541/3/6 10599/3/6
f 10571/2/6 10572/2/6 10600/2/6
f 10599/1/6 10571/1/6 10600/1/6
f 10572/4/6 10544/4/6 10601/4/6
f 10600/2/6 10572/2/6 10601/2/6
f 10544/2/6 10545/2/6 10602/2/6
f 10601/4/6 10544/4/6 10602/4/6
f 10573/4/6 10574/4/6 10603/4/6
f 10602/2/6 10545/2/6 10603/2/6
f 10545/4/6 10573/4/6 10603/4/6
f 10603/4/6 10574/4/6 10604/4/6
f 10574/2/6 10575/2/6 10605/2/6
f 10604/4/6 10574/4/6 10605/4/6
f 10605/2/6 10575/2/6 10606/2/6
f 10576/1/6 10577/1/6 10607/1/6
f 10577/1/6 10578/1/6 10607/1/6
f 10578/3/6 10579/3/6 10608/3/6
f 10607/1/6 10578/1/6 10608/1/6
f 10581/4/6 10582/4/6 10609/4/6
f 10608/3/6 10579/3/6 10609/3/6
f 10579/4/6 10580/4/6 10609/4/6
f 10580/4/6 10581/4/6 10609/4/6
f 10582/2/6 10583/2/6 10610/2/6
f 10609/4/6 10582/4/6 10610/4/6
f 10584/1/6 10585/1/6 10611/1/6
f 10610/2/6 10583/2/6 10611/2/6
f 10583/1/6 10584/1/6 10611/1/6
f 10585/2/6 10586/2/6 10612/2/6
f 10611/1/6 10585/1/6 10612/1/6
f 10586/4/6 10587/4/6 10613/4/6
f 10612/2/6 10586/2/6 10613/2/6
f 10587/1/6 10588/1/6 10614/1/6
f 10613/4/6 10587/4/6 10614/4/6
f 10588/4/6 10589/4/6 10615/4/6
f 10614/1/6 10588/1/6 10615/1/6
f 10589/3/6 10590/3/6 10616/3/6
f 10615/4/6 10589/4/6 10616/4/6
f 10590/1/6 10565/1/6 10617/1/6
f 10616/3/6 10590/3/6 10617/3/6
f 10565/2/6 10591/2/6 10618/2/6
f 10617/1/6 10565/1/6 10618/1/6
f 10591/2/6 10592/2/6 10618/2/6
f 10593/1/6 10594/1/6 10619/1/6
f 10618/2/6 10592/2/6 10619/2/6
f 10592/1/6 10593/1/6 10619/1/6
f 10594/3/6 10595/3/6 10620/3/6
f 10619/1/6 10594/1/6 10620/1/6
f 10595/3/6 10596/3/6 10620/3/6
f 10596/1/6 10597/1/6 10621/1/6
f 10620/3/6 10596/3/6 10621/3/6
f 10597/3/6 10598/3/6 10622/3/6
f 10621/1/6 10597/1/6 10622/1/6
f 10598/4/6 10599/4/6 10623/4/6
f 10622/3/6 10598/3/6 10623/3/6
f 10599/2/6 10600/2/6 10624/2/6
f 10623/4/6 10599/4/6 10624/4/6
f 10600/4/6 10601/4/6 10625/4/6
f 10624/2/6 10600/2/6 10625/2/6
f 10601/3/6 10602/3/6 10626/3/6
f 10625/4/6 10601/4/6 10626/4/6
f 10602/1/6 10603/1/6 10627/1/6
f 10626/3/6 10602/3/6 10627/3/6
f 10603/4/6 10604/4/6 10628/4/6
f 10627/1/6 10603/1/6 10628/1/6
f 10604/2/6 10605/2/6 10629/2/6
f 10628/4/6 10604/4/6 10629/4/6
f 10605/1/6 10606/1/6 10630/1/6
f 10629/2/6 10605/2/6 10630/2/6
f 10630/1/6 10606/1/6 10631/1/6
f 10632/3/6 10633/3/6 10659/3/6
f 10633/1/6 10634/1/6 10660/1/6
f 10659/3/6 10633/3/6 10660/3/6
f 10634/2/6 10635/2/6 10661/2/6
f 10660/1/6 10634/1/6 10661/1/6
f 10635/1/6 10636/1/6 10662/1/6
f 10661/2/6 10635/2/6 10662/2/6
f 10662/1/6 10636/1/6 10663/1/6
f 10636/4/6 10637/4/6 10664/4/6
f 10663/1/6 10636/1/6 10664/1/6
f 10637/2/6 10638/2/6 10665/2/6
f 10664/4/6 10637/4/6 10665/4/6
f 10638/4/6 10639/4/6 10666/4/6
f 10665/2/6 10638/2/6 10666/2/6
f 10639/2/6 10640/2/6 10667/2/6
f 10666/4/6 10639/4/6 10667/4/6
f 10640/4/6 10641/4/6 10668/4/6
f 10667/2/6 10640/2/6 10668/2/6
f 10641/1/6 10642/1/6 10669/1/6
f 10668/4/6 10641/4/6 10669/4/6
f 10642/4/6 10643/4/6 10670/4/6
f 10669/1/6 10642/1/6 10670/1/6
f 10643/2/6 10644/2/6 10671/2/6
f 10670/4/6 10643/4/6 10671/4/6
f 10644/3/6 10645/3/6 10672/3/6
f 10671/2/6 10644/2/6 10672/2/6
f 10672/3/6 10645/3/6 10673/3/6
f 10645/1/6 10646/1/6 10674/1/6
f 10673/3/6 10645/3/6 10674/3/6
f 10646/3/6 10647/3/6 10675/3/6
f 10674/1/6 10646/1/6 10675/1/6
f 10647/1/6 10648/1/6 10676/1/6
f 10675/3/6 10647/3/6 10676/3/6
f 10648/2/6 10649/2/6 10677/2/6
f 10676/1/6 10648/1/6 10677/1/6
f 10649/1/6 10650/1/6 10678/1/6
f 10677/2/6 10649/2/6 10678/2/6
f 10678/1/6 10650/1/6 10679/1/6
f 10650/2/6 10651/2/6 10680/2/6
f 10679/1/6 10650/1/6 10680/1/6
f 10680/2/6 10651/2/6 10681/2/6
f 10651/4/6 10652/4/6 10682/4/6
f 10681/2/6 10651/2/6 10682/2/6
f 10652/3/6 10653/3/6 10683/3/6
f 10682/4/6 10652/4/6 10683/4/6
f 10653/2/6 10654/2/6 10684/2/6
f 10683/3/6 10653/3/6 10684/3/6
f 10654/3/6 10655/3/6 10685/3/6
f 10684/2/6 10654/2/6 10685/2/6
f 10685/3/6 10655/3/6 10686/3/6
f 10686/3/6 10655/3/6 10687/3/6
f 10655/4/6 10656/4/6 10688/4/6
f 10687/3/6 10655/3/6 10688/3/6
f 10656/1/6 10657/1/6 10689/1/6
f 10688/4/6 10656/4/6 10689/4/6
f 10657/2/6 10658/2/6 10690/2/6
f 10689/1/6 10657/1/6 10690/1/6
f 10690/2/6 10658/2/6 10691/2/6
f 10659/1/6 10660/1/6 10692/1/6
f 10660/1/6 10661/1/6 10692/1/6
f 10661/1/6 10662/1/6 10692/1/6
f 10692/1/6 10662/1/6 10693/1/6
f 10662/2/6 10663/2/6 10694/2/6
f 10693/1/6 10662/1/6 10694/1/6
f 10663/4/6 10664/4/6 10695/4/6
f 10694/2/6 10663/2/6 10695/2/6
f 10664/1/6 10665/1/6 10696/1/6
f 10695/4/6 10664/4/6 10696/4/6
f 10665/1/6 10666/1/6 10696/1/6
f 10696/1/6 10666/1/6 10697/1/6
f 10666/2/6 10667/2/6 10698/2/6
f 10697/1/6 10666/1/6 10698/1/6
f 10667/4/6 10668/4/6 10699/4/6
f 10698/2/6 10667/2/6 10699/2/6
f 10668/1/6 10669/1/6 10700/1/6
f 10699/4/6 10668/4/6 10700/4/6
f 10669/1/6 10670/1/6 10700/1/6
f 10700/1/6 10670/1/6 10701/1/6
f 10670/2/6 10671/2/6 10702/2/6
f 10701/1/6 10670/1/6 10702/1/6
f 10671/2/6 10672/2/6 10702/2/6
f 10702/2/6 10672/2/6 10703/2/6
f 10672/1/6 10673/1/6 10704/1/6
f 10703/2/6 10672/2/6 10704/2/6
f 10673/4/6 10674/4/6 10705/4/6
f 10704/1/6 10673/1/6 10705/1/6
f 10674/2/6 10675/2/6 10706/2/6
f 10705/4/6 10674/4/6 10706/4/6
f 10675/3/6 10676/3/6 10707/3/6
f 10706/2/6 10675/2/6 10707/2/6
f 10676/4/6 10677/4/6 10708/4/6
f 10707/3/6 10676/3/6 10708/3/6
f 10677/3/6 10678/3/6 10709/3/6
f 10708/4/6 10677/4/6 10709/4/6
f 10678/1/6 10679/1/6 10710/1/6
f 10709/3/6 10678/3/6 10710/3/6
f 10679/4/6 10680/4/6 10711/4/6
f 10710/1/6 10679/1/6 10711/1/6
f 10680/1/6 10681/1/6 10712/1/6
f 10711/4/6 10680/4/6 10712/4/6
f 10681/4/6 10682/4/6 10713/4/6
f 10712/1/6 10681/1/6 10713/1/6
f 10682/4/6 10683/4/6 10713/4/6
f 10713/4/6 10683/4/6 10714/4/6
f 10683/2/6 10684/2/6 10715/2/6
f 10714/4/6 10683/4/6 10715/4/6
f 10684/1/6 10685/1/6 10716/1/6
f 10715/2/6 10684/2/6 10716/2/6
f 10685/2/6 10686/2/6 10717/2/6
f 10716/1/6 10685/1/6 10717/1/6
f 10686/1/6 10687/1/6 10718/1/6
f 10717/2/6 10686/2/6 10718/2/6
f 10688/4/6 10689/4/6 10719/4/6
f 10718/1/6 10687/1/6 10719/1/6
f 10687/4/6 10688/4/6 10719/4/6
f 10719/4/6 10689/4/6 10720/4/6
f 10689/2/6 10690/2/6 10721/2/6
f 10720/4/6 10689/4/6 10721/4/6
f 10690/3/6 10691/3/6 10722/3/6
f 10721/2/6 10690/2/6 10722/2/6
f 10722/3/6 10691/3/6 10723/3/6
f 10692/4/6 10693/4/6 10724/4/6
f 10693/1/6 10694/1/6 10724/1/6
f 10724/1/6 10694/1/6 10725/1/6
f 10694/4/6 10695/4/6 10726/4/6
f 10725/1/6 10694/1/6 10726/1/6
f 10695/1/6 10696/1/6 10727/1/6
f 10726/4/6 10695/4/6 10727/4/6
f 10696/2/6 10697/2/6 10728/2/6
f 10727/1/6 10696/1/6 10728/1/6
f 10697/4/6 10698/4/6 10729/4/6
f 10728/2/6 10697/2/6 10729/2/6
f 10698/4/6 10699/4/6 10729/4/6
f 10729/4/6 10699/4/6 10730/4/6
f 10699/2/6 10700/2/6 10731/2/6
f 10730/4/6 10699/4/6 10731/4/6
f 10700/4/6 10701/4/6 10732/4/6
f 10731/2/6 10700/2/6 10732/2/6
f 10701/1/6 10702/1/6 10733/1/6
f 10732/4/6 10701/4/6 10733/4/6
f 10702/3/6 10703/3/6 10734/3/6
f 10733/1/6 10702/1/6 10734/1/6
f 10703/4/6 10704/4/6 10735/4/6
f 10734/3/6 10703/3/6 10735/3/6
f 10704/2/6 10705/2/6 10736/2/6
f 10705/4/6 10706/4/6 10736/4/6
f 10706/3/6 10707/3/6 10737/3/6
f 10736/4/6 10706/4/6 10737/4/6
f 10708/4/6 10709/4/6 10738/4/6
f 10737/3/6 10707/3/6 10738/3/6
f 10707/4/6 10708/4/6 10738/4/6
f 10709/4/6 10710/4/6 10738/4/6
f 10738/4/6 10710/4/6 10739/4/6
f 10739/4/6 10710/4/6 10740/4/6
f 10710/3/6 10711/3/6 10741/3/6
f 10740/4/6 10710/4/6 10741/4/6
f 10711/4/6 10712/4/6 10742/4/6
f 10741/3/6 10711/3/6 10742/3/6
f 10713/4/6 10714/4/6 10742/4/6
f 10712/4/6 10713/4/6 10742/4/6
f 10742/4/6 10714/4/6 10743/4/6
f 10714/1/6 10715/1/6 10744/1/6
f 10743/4/6 10714/4/6 10744/4/6
f 10715/3/6 10716/3/6 10745/3/6
f 10744/1/6 10715/1/6 10745/1/6
f 10717/4/6 10718/4/6 10746/4/6
f 10716/4/6 10717/4/6 10746/4/6
f 10718/2/6 10719/2/6 10747/2/6
f 10746/4/6 10718/4/6 10747/4/6
f 10719/1/6 10720/1/6 10748/1/6
f 10747/2/6 10719/2/6 10748/2/6
f 10720/4/6 10721/4/6 10749/4/6
f 10748/1/6 10720/1/6 10749/1/6
f 10721/4/6 10722/4/6 10749/4/6
f 10722/1/6 10723/1/6 10750/1/6
f 10749/4/6 10722/4/6 10750/4/6
f 10750/1/6 10723/1/6 10751/1/6
f 10724/4/6 10725/4/6 10752/4/6
f 10692/4/6 10724/4/6 10752/4/6
f 10752/4/6 10725/4/6 10753/4/6
f 10725/3/6 10726/3/6 10754/3/6
f 10753/4/6 10725/4/6 10754/4/6
f 10726/1/6 10727/1/6 10755/1/6
f 10754/3/6 10726/3/6 10755/3/6
f 10727/2/6 10728/2/6 10756/2/6
f 10755/1/6 10727/1/6 10756/1/6
f 10728/4/6 10729/4/6 10757/4/6
f 10756/2/6 10728/2/6 10757/2/6
f 10729/3/6 10730/3/6 10758/3/6
f 10757/4/6 10729/4/6 10758/4/6
f 10730/1/6 10731/1/6 10759/1/6
f 10758/3/6 10730/3/6 10759/3/6
f 10731/1/6 10732/1/6 10759/1/6
f 10759/1/6 10732/1/6 10760/1/6
f 10732/4/6 10733/4/6 10761/4/6
f 10760/1/6 10732/1/6 10761/1/6
f 10733/3/6 10734/3/6 10762/3/6
f 10761/4/6 10733/4/6 10762/4/6
f 10734/1/6 10735/1/6 10763/1/6
f 10762/3/6 10734/3/6 10763/3/6
f 10735/4/6 10704/4/6 10764/4/6
f 10763/1/6 10735/1/6 10764/1/6
f 10704/2/6 10736/2/6 10765/2/6
f 10764/4/6 10704/4/6 10765/4/6
f 10736/2/6 10737/2/6 10765/2/6
f 10737/2/6 10738/2/6 10765/2/6
f 10765/2/6 10738/2/6 10766/2/6
f 10766/2/6 10738/2/6 10767/2/6
f 10738/4/6 10739/4/6 10768/4/6
f 10767/2/6 10738/2/6 10768/2/6
f 10739/2/6 10740/2/6 10769/2/6
f 10768/4/6 10739/4/6 10769/4/6
f 10740/4/6 10741/4/6 10770/4/6
f 10769/2/6 10740/2/6 10770/2/6
f 10741/2/6 10742/2/6 10771/2/6
f 10770/4/6 10741/4/6 10771/4/6
f 10742/4/6 10743/4/6 10772/4/6
f 10771/2/6 10742/2/6 10772/2/6
f 10744/3/6 10745/3/6 10773/3/6
f 10772/4/6 10743/4/6 10773/4/6
f 10743/3/6 10744/3/6 10773/3/6
f 10745/3/6 10716/3/6 10774/3/6
f 10773/3/6 10745/3/6 10774/3/6
f 10716/4/6 10746/4/6 10775/4/6
f 10774/3/6 10716/3/6 10775/3/6
f 10746/3/6 10747/3/6 10776/3/6
f 10775/4/6 10746/4/6 10776/4/6
f 10747/1/6 10748/1/6 10777/1/6
f 10776/3/6 10747/3/6 10777/3/6
f 10748/4/6 10749/4/6 10778/4/6
f 10777/1/6 10748/1/6 10778/1/6
f 10749/1/6 10750/1/6 10779/1/6
f 10778/4/6 10749/4/6 10779/4/6
f 10779/1/6 10750/1/6 10780/1/6
f 10750/2/6 10751/2/6 10781/2/6
f 10780/1/6 10750/1/6 10781/1/6
f 10781/2/6 10751/2/6 10782/2/6
f 10752/2/6 10753/2/6 10783/2/6
f 10753/1/6 10754/1/6 10784/1/6
f 10783/2/6 10753/2/6 10784/2/6
f 10754/4/6 10755/4/6 10785/4/6
f 10784/1/6 10754/1/6 10785/1/6
f 10755/1/6 10756/1/6 10786/1/6
f 10785/4/6 10755/4/6 10786/4/6
f 10756/4/6 10757/4/6 10787/4/6
f 10786/1/6 10756/1/6 10787/1/6
f 10757/2/6 10758/2/6 10788/2/6
f 10787/4/6 10757/4/6 10788/4/6
f 10759/2/6 10760/2/6 10788/2/6
f 10758/2/6 10759/2/6 10788/2/6
f 10788/2/6 10760/2/6 10789/2/6
f 10760/3/6 10761/3/6 10790/3/6
f 10789/2/6 10760/2/6 10790/2/6
f 10761/2/6 10762/2/6 10791/2/6
f 10790/3/6 10761/3/6 10791/3/6
f 10762/1/6 10763/1/6 10792/1/6
f 10791/2/6 10762/2/6 10792/2/6
f 10763/3/6 10764/3/6 10793/3/6
f 10792/1/6 10763/1/6 10793/1/6
f 10764/2/6 10765/2/6 10794/2/6
f 10793/3/6 10764/3/6 10794/3/6
f 10765/4/6 10766/4/6 10795/4/6
f 10794/2/6 10765/2/6 10795/2/6
f 10766/3/6 10767/3/6 10796/3/6
f 10795/4/6 10766/4/6 10796/4/6
f 10767/4/6 10768/4/6 10797/4/6
f 10768/1/6 10769/1/6 10797/1/6
f 10769/1/6 10770/1/6 10797/1/6
f 10797/1/6 10770/1/6 10798/1/6
f 10771/4/6 10772/4/6 10799/4/6
f 10798/1/6 10770/1/6 10799/1/6
f 10770/4/6 10771/4/6 10799/4/6
f 10799/4/6 10772/4/6 10800/4/6
f 10772/3/6 10773/3/6 10801/3/6
f 10800/4/6 10772/4/6 10801/4/6
f 10801/3/6 10773/3/6 10802/3/6
f 10773/2/6 10774/2/6 10803/2/6
f 10802/3/6 10773/3/6 10803/3/6
f 10803/2/6 10774/2/6 10804/2/6
f 10774/1/6 10775/1/6 10805/1/6
f 10804/2/6 10774/2/6 10805/2/6
f 10775/3/6 10776/3/6 10806/3/6
f 10805/1/6 10775/1/6 10806/1/6
f 10776/1/6 10777/1/6 10807/1/6
f 10806/3/6 10776/3/6 10807/3/6
f 10777/4/6 10778/4/6 10808/4/6
f 10807/1/6 10777/1/6 10808/1/6
f 10778/2/6 10779/2/6 10809/2/6
f 10808/4/6 10778/4/6 10809/4/6
f 10779/4/6 10780/4/6 10810/4/6
f 10809/2/6 10779/2/6 10810/2/6
f 10780/3/6 10781/3/6 10811/3/6
f 10810/4/6 10780/4/6 10811/4/6
f 10781/1/6 10782/1/6 10812/1/6
f 10811/3/6 10781/3/6 10812/3/6
f 10812/1/6 10782/1/6 10813/1/6
f 10783/3/6 10784/3/6 10814/3/6
f 10784/3/6 10785/3/6 10814/3/6
f 10814/3/6 10785/3/6 10815/3/6
f 10785/2/6 10786/2/6 10816/2/6
f 10815/3/6 10785/3/6 10816/3/6
f 10786/1/6 10787/1/6 10817/1/6
f 10816/2/6 10786/2/6 10817/2/6
f 10787/1/6 10788/1/6 10817/1/6
f 10788/3/6 10789/3/6 10818/3/6
f 10789/1/6 10790/1/6 10818/1/6
f 10790/4/6 10791/4/6 10819/4/6
f 10818/1/6 10790/1/6 10819/1/6
f 10791/1/6 10792/1/6 10820/1/6
f 10819/4/6 10791/4/6 10820/4/6
f 10792/3/6 10793/3/6 10821/3/6
f 10820/1/6 10792/1/6 10821/1/6
f 10794/1/6 10795/1/6 10822/1/6
f 10821/3/6 10793/3/6 10822/3/6
f 10793/1/6 10794/1/6 10822/1/6
f 10795/3/6 10796/3/6 10823/3/6
f 10822/1/6 10795/1/6 10823/1/6
f 10796/3/6 10767/3/6 10824/3/6
f 10823/3/6 10796/3/6 10824/3/6
f 10797/4/6 10798/4/6 10824/4/6
f 10767/4/6 10797/4/6 10824/4/6
f 10824/4/6 10798/4/6 10825/4/6
f 10799/2/6 10800/2/6 10826/2/6
f 10825/4/6 10798/4/6 10826/4/6
f 10798/2/6 10799/2/6 10826/2/6
f 10826/2/6 10800/2/6 10827/2/6
f 10800/4/6 10801/4/6 10828/4/6
f 10827/2/6 10800/2/6 10828/2/6
f 10801/4/6 10802/4/6 10828/4/6
f 10828/4/6 10802/4/6 10829/4/6
f 10802/3/6 10803/3/6 10830/3/6
f 10829/4/6 10802/4/6 10830/4/6
f 10803/4/6 10804/4/6 10831/4/6
f 10830/3/6 10803/3/6 10831/3/6
f 10804/3/6 10805/3/6 10832/3/6
f 10831/4/6 10804/4/6 10832/4/6
f 10805/4/6 10806/4/6 10833/4/6
f 10832/3/6 10805/3/6 10833/3/6
f 10806/1/6 10807/1/6 10834/1/6
f 10833/4/6 10806/4/6 10834/4/6
f 10807/4/6 10808/4/6 10835/4/6
f 10834/1/6 10807/1/6 10835/1/6
f 10808/3/6 10809/3/6 10836/3/6
f 10835/4/6 10808/4/6 10836/4/6
f 10809/1/6 10810/1/6 10837/1/6
f 10836/3/6 10809/3/6 10837/3/6
f 10810/3/6 10811/3/6 10838/3/6
f 10837/1/6 10810/1/6 10838/1/6
f 10811/1/6 10812/1/6 10839/1/6
f 10838/3/6 10811/3/6 10839/3/6
f 10812/2/6 10813/2/6 10840/2/6
f 10839/1/6 10812/1/6 10840/1/6
f 10840/2/6 10813/2/6 10841/2/6
f 10814/2/6 10815/2/6 10842/2/6
f 10815/1/6 10816/1/6 10843/1/6
f 10842/2/6 10815/2/6 10843/2/6
f 10816/4/6 10817/4/6 10844/4/6
f 10843/1/6 10816/1/6 10844/1/6
f 10817/1/6 10788/1/6 10845/1/6
f 10844/4/6 10817/4/6 10845/4/6
f 10845/1/6 10788/1/6 10846/1/6
f 10788/3/6 10818/3/6 10847/3/6
f 10846/1/6 10788/1/6 10847/1/6
f 10818/3/6 10819/3/6 10847/3/6
f 10847/3/6 10819/3/6 10848/3/6
f 10848/3/6 10819/3/6 10849/3/6
f 10819/2/6 10820/2/6 10850/2/6
f 10849/3/6 10819/3/6 10850/3/6
f 10820/1/6 10821/1/6 10851/1/6
f 10850/2/6 10820/2/6 10851/2/6
f 10821/2/6 10822/2/6 10852/2/6
f 10851/1/6 10821/1/6 10852/1/6
f 10824/4/6 10825/4/6 10853/4/6
f 10852/2/6 10822/2/6 10853/2/6
f 10822/4/6 10823/4/6 10853/4/6
f 10823/4/6 10824/4/6 10853/4/6
f 10853/4/6 10825/4/6 10854/4/6
f 10854/4/6 10825/4/6 10855/4/6
f 10855/4/6 10825/4/6 10856/4/6
f 10856/4/6 10825/4/6 10857/4/6
f 10825/1/6 10826/1/6 10858/1/6
f 10857/4/6 10825/4/6 10858/4/6
f 10826/2/6 10827/2/6 10859/2/6
f 10858/1/6 10826/1/6 10859/1/6
f 10828/4/6 10829/4/6 10860/4/6
f 10827/1/6 10828/1/6 10860/1/6
f 10829/1/6 10830/1/6 10861/1/6
f 10860/4/6 10829/4/6 10861/4/6
f 10830/3/6 10831/3/6 10862/3/6
f 10861/1/6 10830/1/6 10862/1/6
f 10831/3/6 10832/3/6 10862/3/6
f 10832/2/6 10833/2/6 10863/2/6
f 10862/3/6 10832/3/6 10863/3/6
f 10834/3/6 10835/3/6 10864/3/6
f 10863/2/6 10833/2/6 10864/2/6
f 10833/3/6 10834/3/6 10864/3/6
f 10836/2/6 10837/2/6 10865/2/6
f 10864/3/6 10835/3/6 10865/3/6
f 10835/2/6 10836/2/6 10865/2/6
f 10838/3/6 10839/3/6 10866/3/6
f 10865/2/6 10837/2/6 10866/2/6
f 10837/3/6 10838/3/6 10866/3/6
f 10866/3/6 10839/3/6 10867/3/6
f 10839/2/6 10840/2/6 10868/2/6
f 10867/3/6 10839/3/6 10868/3/6
f 10840/3/6 10841/3/6 10869/3/6
f 10868/2/6 10840/2/6 10869/2/6
f 10869/3/6 10841/3/6 10870/3/6
f 10842/4/6 10843/4/6 10871/4/6
f 10843/3/6 10844/3/6 10872/3/6
f 10871/4/6 10843/4/6 10872/4/6
f 10845/1/6 10846/1/6 10873/1/6
f 10872/3/6 10844/3/6 10873/3/6
f 10844/1/6 10845/1/6 10873/1/6
f 10846/2/6 10847/2/6 10874/2/6
f 10873/1/6 10846/1/6 10874/1/6
f 10847/3/6 10848/3/6 10875/3/6
f 10874/2/6 10847/2/6 10875/2/6
f 10848/4/6 10849/4/6 10876/4/6
f 10875/3/6 10848/3/6 10876/3/6
f 10850/2/6 10851/2/6 10877/2/6
f 10876/4/6 10849/4/6 10877/4/6
f 10849/2/6 10850/2/6 10877/2/6
f 10851/3/6 10852/3/6 10878/3/6
f 10877/2/6 10851/2/6 10878/2/6
f 10853/1/6 10854/1/6 10879/1/6
f 10878/3/6 10852/3/6 10879/3/6
f 10852/1/6 10853/1/6 10879/1/6
f 10854/3/6 10855/3/6 10880/3/6
f 10879/1/6 10854/1/6 10880/1/6
f 10855/1/6 10856/1/6 10881/1/6
f 10880/3/6 10855/3/6 10881/3/6
f 10856/4/6 10857/4/6 10882/4/6
f 10881/1/6 10856/1/6 10882/1/6
f 10857/3/6 10858/3/6 10883/3/6
f 10882/4/6 10857/4/6 10883/4/6
f 10858/3/6 10859/3/6 10883/3/6
f 10859/2/6 10827/2/6 10884/2/6
f 10883/3/6 10859/3/6 10884/3/6
f 10827/1/6 10860/1/6 10885/1/6
f 10884/2/6 10827/2/6 10885/2/6
f 10860/2/6 10861/2/6 10886/2/6
f 10885/1/6 10860/1/6 10886/1/6
f 10861/4/6 10862/4/6 10887/4/6
f 10886/2/6 10861/2/6 10887/2/6
f 10862/3/6 10863/3/6 10888/3/6
f 10887/4/6 10862/4/6 10888/4/6
f 10863/1/6 10864/1/6 10889/1/6
f 10888/3/6 10863/3/6 10889/3/6
f 10864/1/6 10865/1/6 10889/1/6
f 10866/2/6 10867/2/6 10890/2/6
f 10889/1/6 10865/1/6 10890/1/6
f 10865/2/6 10866/2/6 10890/2/6
f 10867/1/6 10868/1/6 10891/1/6
f 10890/2/6 10867/2/6 10891/2/6
f 10868/2/6 10869/2/6 10892/2/6
f 10891/1/6 10868/1/6 10892/1/6
f 10869/1/6 10870/1/6 10893/1/6
f 10892/2/6 10869/2/6 10893/2/6
f 10893/1/6 10870/1/6 10894/1/6
f 10895/1/6 10896/1/6 10922/1/6
f 10896/3/6 10897/3/6 10923/3/6
f 10922/1/6 10896/1/6 10923/1/6
f 10897/4/6 10898/4/6 10924/4/6
f 10923/3/6 10897/3/6 10924/3/6
f 10898/2/6 10899/2/6 10925/2/6
f 10924/4/6 10898/4/6 10925/4/6
f 10899/4/6 10900/4/6 10926/4/6
f 10925/2/6 10899/2/6 10926/2/6
f 10926/4/6 10900/4/6 10927/4/6
f 10900/2/6 10901/2/6 10928/2/6
f 10927/4/6 10900/4/6 10928/4/6
f 10901/3/6 10902/3/6 10929/3/6
f 10928/2/6 10901/2/6 10929/2/6
f 10902/2/6 10903/2/6 10930/2/6
f 10929/3/6 10902/3/6 10930/3/6
f 10903/4/6 10904/4/6 10931/4/6
f 10930/2/6 10903/2/6 10931/2/6
f 10904/3/6 10905/3/6 10932/3/6
f 10931/4/6 10904/4/6 10932/4/6
f 10905/2/6 10906/2/6 10933/2/6
f 10932/3/6 10905/3/6 10933/3/6
f 10906/1/6 10907/1/6 10934/1/6
f 10933/2/6 10906/2/6 10934/2/6
f 10907/3/6 10908/3/6 10935/3/6
f 10934/1/6 10907/1/6 10935/1/6
f 10908/1/6 10909/1/6 10936/1/6
f 10935/3/6 10908/3/6 10936/3/6
f 10936/1/6 10909/1/6 10937/1/6
f 10909/2/6 10910/2/6 10938/2/6
f 10937/1/6 10909/1/6 10938/1/6
f 10910/4/6 10911/4/6 10939/4/6
f 10938/2/6 10910/2/6 10939/2/6
f 10911/2/6 10912/2/6 10940/2/6
f 10939/4/6 10911/4/6 10940/4/6
f 10912/3/6 10913/3/6 10941/3/6
f 10940/2/6 10912/2/6 10941/2/6
f 10913/1/6 10914/1/6 10942/1/6
f 10941/3/6 10913/3/6 10942/3/6
f 10914/2/6 10915/2/6 10943/2/6
f 10942/1/6 10914/1/6 10943/1/6
f 10915/4/6 10916/4/6 10944/4/6
f 10916/1/6 10917/1/6 10944/1/6
f 10944/1/6 10917/1/6 10945/1/6
f 10917/2/6 10918/2/6 10946/2/6
f 10945/1/6 10917/1/6 10946/1/6
f 10918/3/6 10919/3/6 10947/3/6
f 10946/2/6 10918/2/6 10947/2/6
f 10922/4/6 10923/4/6 10948/4/6
f 10923/1/6 10924/1/6 10949/1/6
f 10948/4/6 10923/4/6 10949/4/6
f 10924/4/6 10925/4/6 10950/4/6
f 10949/1/6 10924/1/6 10950/1/6
f 10925/1/6 10926/1/6 10951/1/6
f 10950/4/6 10925/4/6 10951/4/6
f 10926/3/6 10927/3/6 10952/3/6
f 10951/1/6 10926/1/6 10952/1/6
f 10927/4/6 10928/4/6 10953/4/6
f 10952/3/6 10927/3/6 10953/3/6
f 10928/3/6 10929/3/6 10954/3/6
f 10953/4/6 10928/4/6 10954/4/6
f 10929/3/6 10930/3/6 10954/3/6
f 10930/3/6 10931/3/6 10954/3/6
f 10931/1/6 10932/1/6 10955/1/6
f 10954/3/6 10931/3/6 10955/3/6
f 10955/1/6 10932/1/6 10956/1/6
f 10932/4/6 10933/4/6 10957/4/6
f 10956/1/6 10932/1/6 10957/1/6
f 10933/1/6 10934/1/6 10958/1/6
f 10934/3/6 10935/3/6 10958/3/6
f 10935/4/6 10936/4/6 10959/4/6
f 10958/3/6 10935/3/6 10959/3/6
f 10936/2/6 10937/2/6 10960/2/6
f 10959/4/6 10936/4/6 10960/4/6
f 10960/2/6 10937/2/6 10961/2/6
f 10937/4/6 10938/4/6 10962/4/6
f 10961/2/6 10937/2/6 10962/2/6
f 10938/4/6 10939/4/6 10962/4/6
f 10962/4/6 10939/4/6 10963/4/6
f 10939/2/6 10940/2/6 10964/2/6
f 10963/4/6 10939/4/6 10964/4/6
f 10940/3/6 10941/3/6 10965/3/6
f 10964/2/6 10940/2/6 10965/2/6
f 10941/4/6 10942/4/6 10966/4/6
f 10965/3/6 10941/3/6 10966/3/6
f 10942/2/6 10943/2/6 10967/2/6
f 10966/4/6 10942/4/6 10967/4/6
f 10943/2/6 10915/2/6 10968/2/6
f 10967/2/6 10943/2/6 10968/2/6
f 10915/4/6 10944/4/6 10969/4/6
f 10968/2/6 10915/2/6 10969/2/6
f 10944/2/6 10945/2/6 10970/2/6
f 10969/4/6 10944/4/6 10970/4/6
f 10946/3/6 10947/3/6 10971/3/6
f 10970/2/6 10945/2/6 10971/2/6
f 10945/3/6 10946/3/6 10971/3/6
f 10971/3/6 10947/3/6 10972/3/6
f 10947/3/6 10919/3/6 10973/3/6
f 10972/3/6 10947/3/6 10973/3/6
f 10919/1/6 10920/1/6 10974/1/6
f 10973/3/6 10919/3/6 10974/3/6
f 10920/2/6 10921/2/6 10975/2/6
f 10974/1/6 10920/1/6 10975/1/6
f 10975/2/6 10921/2/6 10976/2/6
f 10948/1/6 10949/1/6 10977/1/6
f 10949/3/6 10950/3/6 10977/3/6
f 10950/2/6 10951/2/6 10978/2/6
f 10977/3/6 10950/3/6 10978/3/6
f 10951/3/6 10952/3/6 10979/3/6
f 10978/2/6 10951/2/6 10979/2/6
f 10952/4/6 10953/4/6 10980/4/6
f 10979/3/6 10952/3/6 10980/3/6
f 10953/1/6 10954/1/6 10981/1/6
f 10980/4/6 10953/4/6 10981/4/6
f 10954/2/6 10955/2/6 10982/2/6
f 10981/1/6 10954/1/6 10982/1/6
f 10982/2/6 10955/2/6 10983/2/6
f 10983/2/6 10955/2/6 10984/2/6
f 10955/4/6 10956/4/6 10985/4/6
f 10984/2/6 10955/2/6 10985/2/6
f 10956/3/6 10957/3/6 10986/3/6
f 10985/4/6 10956/4/6 10986/4/6
f 10957/4/6 10933/4/6 10987/4/6
f 10986/3/6 10957/3/6 10987/3/6
f 10987/4/6 10933/4/6 10988/4/6
f 10933/1/6 10958/1/6 10989/1/6
f 10988/4/6 10933/4/6 10989/4/6
f 10958/2/6 10959/2/6 10990/2/6
f 10989/1/6 10958/1/6 10990/1/6
f 10959/2/6 10960/2/6 10990/2/6
f 10990/2/6 10960/2/6 10991/2/6
f 10960/1/6 10961/1/6 10992/1/6
f 10991/2/6 10960/2/6 10992/2/6
f 10962/4/6 10963/4/6 10993/4/6
f 10992/1/6 10961/1/6 10993/1/6
f 10961/4/6 10962/4/6 10993/4/6
f 10993/4/6 10963/4/6 10994/4/6
f 10963/1/6 10964/1/6 10995/1/6
f 10994/4/6 10963/4/6 10995/4/6
f 10964/2/6 10965/2/6 10996/2/6
f 10995/1/6 10964/1/6 10996/1/6
f 10965/4/6 10966/4/6 10997/4/6
f 10996/2/6 10965/2/6 10997/2/6
f 10966/3/6 10967/3/6 10998/3/6
f 10997/4/6 10966/4/6 10998/4/6
f 10967/2/6 10968/2/6 10999/2/6
f 10998/3/6 10967/3/6 10999/3/6
f 10968/1/6 10969/1/6 11000/1/6
f 10999/2/6 10968/2/6 11000/2/6
f 10969/3/6 10970/3/6 11001/3/6
f 11000/1/6 10969/1/6 11001/1/6
f 10970/1/6 10971/1/6 11002/1/6
f 11001/3/6 10970/3/6 11002/3/6
f 10971/2/6 10972/2/6 11003/2/6
f 11002/1/6 10971/1/6 11003/1/6
f 10972/3/6 10973/3/6 11004/3/6
f 11003/2/6 10972/2/6 11004/2/6
f 10973/4/6 10974/4/6 11005/4/6
f 11004/3/6 10973/3/6 11005/3/6
f 10974/3/6 10975/3/6 11006/3/6
f 11005/4/6 10974/4/6 11006/4/6
f 10975/4/6 10976/4/6 11007/4/6
f 11006/3/6 10975/3/6 11007/3/6
f 11007/4/6 10976/4/6 11008/4/6
f 10948/1/6 10977/1/6 11009/1/6
f 10977/4/6 10978/4/6 11010/4/6
f 11009/1/6 10977/1/6 11010/1/6
f 10978/1/6 10979/1/6 11011/1/6
f 11010/4/6 10978/4/6 11011/4/6
f 10979/4/6 10980/4/6 11012/4/6
f 10980/4/6 10981/4/6 11012/4/6
f 10981/4/6 10982/4/6 11012/4/6
f 10982/3/6 10983/3/6 11013/3/6
f 11012/4/6 10982/4/6 11013/4/6
f 10983/2/6 10984/2/6 11014/2/6
f 11013/3/6 10983/3/6 11014/3/6
f 10985/3/6 10986/3/6 11015/3/6
f 11014/2/6 10984/2/6 11015/2/6
f 10984/3/6 10985/3/6 11015/3/6
f 11015/3/6 10986/3/6 11016/3/6
f 10986/4/6 10987/4/6 11017/4/6
f 11016/3/6 10986/3/6 11017/3/6
f 10987/2/6 10988/2/6 11018/2/6
f 11017/4/6 10987/4/6 11018/4/6
f 10988/4/6 10989/4/6 11019/4/6
f 11018/2/6 10988/2/6 11019/2/6
f 10989/3/6 10990/3/6 11020/3/6
f 11019/4/6 10989/4/6 11020/4/6
f 10990/2/6 10991/2/6 11021/2/6
f 11020/3/6 10990/3/6 11021/3/6
f 10991/4/6 10992/4/6 11022/4/6
f 11021/2/6 10991/2/6 11022/2/6
f 10992/3/6 10993/3/6 11023/3/6
f 11022/4/6 10992/4/6 11023/4/6
f 10993/2/6 10994/2/6 11024/2/6
f 11023/3/6 10993/3/6 11024/3/6
f 10994/4/6 10995/4/6 11025/4/6
f 11024/2/6 10994/2/6 11025/2/6
f 10995/3/6 10996/3/6 11026/3/6
f 11025/4/6 10995/4/6 11026/4/6
f 10996/2/6 10997/2/6 11027/2/6
f 11026/3/6 10996/3/6 11027/3/6
f 10997/1/6 10998/1/6 11028/1/6
f 11027/2/6 10997/2/6 11028/2/6
f 10999/3/6 11000/3/6 11029/3/6
f 10998/3/6 10999/3/6 11029/3/6
f 11001/4/6 11002/4/6 11030/4/6
f 11029/3/6 11000/3/6 11030/3/6
f 11002/4/6 11003/4/6 11030/4/6
f 11000/4/6 11001/4/6 11030/4/6
f 11030/4/6 11003/4/6 11031/4/6
f 11003/3/6 11004/3/6 11032/3/6
f 11031/4/6 11003/4/6 11032/4/6
f 11006/3/6 11007/3/6 11032/3/6
f 11005/3/6 11006/3/6 11032/3/6
f 11004/3/6 11005/3/6 11032/3/6
f 11007/3/6 11008/3/6 11032/3/6
f 11032/3/6 11008/3/6 11033/3/6
f 11033/3/6 11008/3/6 11034/3/6
f 11034/3/6 11008/3/6 11035/3/6
f 11035/3/6 11008/3/6 11036/3/6
f 11009/4/6 11010/4/6 11037/4/6
f 11010/2/6 11011/2/6 11037/2/6
f 11011/1/6 10979/1/6 11038/1/6
f 11037/2/6 11011/2/6 11038/2/6
f 10979/4/6 11012/4/6 11039/4/6
f 11038/1/6 10979/1/6 11039/1/6
f 11012/3/6 11013/3/6 11040/3/6
f 11039/4/6 11012/4/6 11040/4/6
f 11040/3/6 11013/3/6 11041/3/6
f 11013/1/6 11014/1/6 11042/1/6
f 11041/3/6 11013/3/6 11042/3/6
f 11014/4/6 11015/4/6 11043/4/6
f 11042/1/6 11014/1/6 11043/1/6
f 11015/3/6 11016/3/6 11044/3/6
f 11043/4/6 11015/4/6 11044/4/6
f 11017/2/6 11018/2/6 11045/2/6
f 11044/3/6 11016/3/6 11045/3/6
f 11016/2/6 11017/2/6 11045/2/6
f 11045/2/6 11018/2/6 11046/2/6
f 11018/1/6 11019/1/6 11047/1/6
f 11046/2/6 11018/2/6 11047/2/6
f 11019/4/6 11020/4/6 11048/4/6
f 11047/1/6 11019/1/6 11048/1/6
f 11020/1/6 11021/1/6 11049/1/6
f 11048/4/6 11020/4/6 11049/4/6
f 11021/3/6 11022/3/6 11050/3/6
f 11049/1/6 11021/1/6 11050/1/6
f 11022/2/6 11023/2/6 11051/2/6
f 11050/3/6 11022/3/6 11051/3/6
f 11023/4/6 11024/4/6 11052/4/6
f 11051/2/6 11023/2/6 11052/2/6
f 11024/3/6 11025/3/6 11053/3/6
f 11052/4/6 11024/4/6 11053/4/6
f 11025/2/6 11026/2/6 11054/2/6
f 11053/3/6 11025/3/6 11054/3/6
f 11026/1/6 11027/1/6 11055/1/6
f 11054/2/6 11026/2/6 11055/2/6
f 11027/3/6 11028/3/6 11056/3/6
f 11055/1/6 11027/1/6 11056/1/6
f 11028/1/6 10998/1/6 11057/1/6
f 11056/3/6 11028/3/6 11057/3/6
f 10998/3/6 11029/3/6 11058/3/6
f 11057/1/6 10998/1/6 11058/1/6
f 11029/1/6 11030/1/6 11059/1/6
f 11058/3/6 11029/3/6 11059/3/6
f 11030/4/6 11031/4/6 11060/4/6
f 11059/1/6 11030/1/6 11060/1/6
f 11060/4/6 11031/4/6 11061/4/6
f 11031/2/6 11032/2/6 11062/2/6
f 11061/4/6 11031/4/6 11062/4/6
f 11032/4/6 11033/4/6 11063/4/6
f 11062/2/6 11032/2/6 11063/2/6
f 11033/3/6 11034/3/6 11064/3/6
f 11063/4/6 11033/4/6 11064/4/6
f 11034/4/6 11035/4/6 11065/4/6
f 11064/3/6 11034/3/6 11065/3/6
f 11035/1/6 11036/1/6 11066/1/6
f 11065/4/6 11035/4/6 11066/4/6
f 11066/1/6 11036/1/6 11067/1/6
f 11009/4/6 11037/4/6 11068/4/6
f 11037/3/6 11038/3/6 11069/3/6
f 11068/4/6 11037/4/6 11069/4/6
f 11038/1/6 11039/1/6 11070/1/6
f 11069/3/6 11038/3/6 11070/3/6
f 11039/2/6 11040/2/6 11071/2/6
f 11070/1/6 11039/1/6 11071/1/6
f 11040/1/6 11041/1/6 11072/1/6
f 11071/2/6 11040/2/6 11072/2/6
f 11041/2/6 11042/2/6 11073/2/6
f 11072/1/6 11041/1/6 11073/1/6
f 11043/1/6 11044/1/6 11074/1/6
f 11073/2/6 11042/2/6 11074/2/6
f 11042/1/6 11043/1/6 11074/1/6
f 11074/1/6 11044/1/6 11075/1/6
f 11044/2/6 11045/2/6 11076/2/6
f 11075/1/6 11044/1/6 11076/1/6
f 11045/4/6 11046/4/6 11077/4/6
f 11076/2/6 11045/2/6 11077/2/6
f 11046/1/6 11047/1/6 11078/1/6
f 11077/4/6 11046/4/6 11078/4/6
f 11047/2/6 11048/2/6 11079/2/6
f 11078/1/6 11047/1/6 11079/1/6
f 11049/3/6 11050/3/6 11080/3/6
f 11079/2/6 11048/2/6 11080/2/6
f 11048/3/6 11049/3/6 11080/3/6
f 11080/3/6 11050/3/6 11081/3/6
f 11050/2/6 11051/2/6 11082/2/6
f 11081/3/6 11050/3/6 11082/3/6
f 11051/2/6 11052/2/6 11082/2/6
f 11082/2/6 11052/2/6 11083/2/6
f 11052/3/6 11053/3/6 11084/3/6
f 11083/2/6 11052/2/6 11084/2/6
f 11053/2/6 11054/2/6 11085/2/6
f 11084/3/6 11053/3/6 11085/3/6
f 11054/3/6 11055/3/6 11086/3/6
f 11085/2/6 11054/2/6 11086/2/6
f 11056/4/6 11057/4/6 11087/4/6
f 11086/3/6 11055/3/6 11087/3/6
f 11055/4/6 11056/4/6 11087/4/6
f 11087/4/6 11057/4/6 11088/4/6
f 11057/2/6 11058/2/6 11089/2/6
f 11088/4/6 11057/4/6 11089/4/6
f 11058/4/6 11059/4/6 11090/4/6
f 11089/2/6 11058/2/6 11090/2/6
f 11060/3/6 11061/3/6 11091/3/6
f 11090/4/6 11059/4/6 11091/4/6
f 11059/3/6 11060/3/6 11091/3/6
f 11061/1/6 11062/1/6 11092/1/6
f 11091/3/6 11061/3/6 11092/3/6
f 11062/4/6 11063/4/6 11093/4/6
f 11092/1/6 11062/1/6 11093/1/6
f 11063/2/6 11064/2/6 11094/2/6
f 11093/4/6 11063/4/6 11094/4/6
f 11094/2/6 11064/2/6 11095/2/6
f 11064/4/6 11065/4/6 11096/4/6
f 11095/2/6 11064/2/6 11096/2/6
f 11065/3/6 11066/3/6 11097/3/6
f 11096/4/6 11065/4/6 11097/4/6
f 11066/2/6 11067/2/6 11098/2/6
f 11097/3/6 11066/3/6 11098/3/6
f 11098/2/6 11067/2/6 11099/2/6
f 11068/2/6 11069/2/6 11100/2/6
f 11070/3/6 11071/3/6 11101/3/6
f 11100/2/6 11069/2/6 11101/2/6
f 11069/3/6 11070/3/6 11101/3/6
f 11071/4/6 11072/4/6 11102/4/6
f 11101/3/6 11071/3/6 11102/3/6
f 11072/1/6 11073/1/6 11103/1/6
f 11102/4/6 11072/4/6 11103/4/6
f 11073/4/6 11074/4/6 11104/4/6
f 11103/1/6 11073/1/6 11104/1/6
f 11074/4/6 11075/4/6 11104/4/6
f 11104/4/6 11075/4/6 11105/4/6
f 11075/3/6 11076/3/6 11106/3/6
f 11105/4/6 11075/4/6 11106/4/6
f 11077/2/6 11078/2/6 11107/2/6
f 11078/2/6 11079/2/6 11107/2/6
f 11079/2/6 11080/2/6 11107/2/6
f 11107/2/6 11080/2/6 11108/2/6
f 11080/1/6 11081/1/6 11109/1/6
f 11108/2/6 11080/2/6 11109/2/6
f 11081/2/6 11082/2/6 11110/2/6
f 11109/1/6 11081/1/6 11110/1/6
f 11082/2/6 11083/2/6 11110/2/6
f 11110/2/6 11083/2/6 11111/2/6
f 11083/3/6 11084/3/6 11112/3/6
f 11111/2/6 11083/2/6 11112/2/6
f 11084/3/6 11085/3/6 11112/3/6
f 11112/3/6 11085/3/6 11113/3/6
f 11085/4/6 11086/4/6 11114/4/6
f 11113/3/6 11085/3/6 11114/3/6
f 11087/4/6 11088/4/6 11114/4/6
f 11086/4/6 11087/4/6 11114/4/6
f 11114/4/6 11088/4/6 11115/4/6
f 11115/4/6 11088/4/6 11116/4/6
f 11088/3/6 11089/3/6 11117/3/6
f 11116/4/6 11088/4/6 11117/4/6
f 11089/2/6 11090/2/6 11118/2/6
f 11117/3/6 11089/3/6 11118/3/6
f 11090/2/6 11091/2/6 11118/2/6
f 11118/2/6 11091/2/6 11119/2/6
f 11091/1/6 11092/1/6 11120/1/6
f 11119/2/6 11091/2/6 11120/2/6
f 11120/1/6 11092/1/6 11121/1/6
f 11092/4/6 11093/4/6 11122/4/6
f 11121/1/6 11092/1/6 11122/1/6
f 11093/1/6 11094/1/6 11123/1/6
f 11122/4/6 11093/4/6 11123/4/6
f 11094/4/6 11095/4/6 11124/4/6
f 11123/1/6 11094/1/6 11124/1/6
f 11096/1/6 11097/1/6 11125/1/6
f 11124/4/6 11095/4/6 11125/4/6
f 11095/1/6 11096/1/6 11125/1/6
f 11125/1/6 11097/1/6 11126/1/6
f 11098/4/6 11099/4/6 11127/4/6
f 11126/1/6 11097/1/6 11127/1/6
f 11097/4/6 11098/4/6 11127/4/6
f 11127/4/6 11099/4/6 11128/4/6
f 11100/1/6 11101/1/6 11129/1/6
f 11101/4/6 11102/4/6 11130/4/6
f 11129/1/6 11101/1/6 11130/1/6
f 11103/4/6 11104/4/6 11130/4/6
f 11102/4/6 11103/4/6 11130/4/6
f 11104/1/6 11105/1/6 11131/1/6
f 11130/4/6 11104/4/6 11131/4/6
f 11105/2/6 11106/2/6 11132/2/6
f 11131/1/6 11105/1/6 11132/1/6
f 11106/3/6 11076/3/6 11133/3/6
f 11132/2/6 11106/2/6 11133/2/6
f 11076/4/6 11077/4/6 11134/4/6
f 11133/3/6 11076/3/6 11134/3/6
f 11077/2/6 11107/2/6 11135/2/6
f 11134/4/6 11077/4/6 11135/4/6
f 11107/1/6 11108/1/6 11136/1/6
f 11135/2/6 11107/2/6 11136/2/6
f 11108/3/6 11109/3/6 11137/3/6
f 11136/1/6 11108/1/6 11137/1/6
f 11109/3/6 11110/3/6 11137/3/6
f 11110/2/6 11111/2/6 11138/2/6
f 11137/3/6 11110/3/6 11138/3/6
f 11111/3/6 11112/3/6 11139/3/6
f 11138/2/6 11111/2/6 11139/2/6
f 11112/4/6 11113/4/6 11140/4/6
f 11139/3/6 11112/3/6 11140/3/6
f 11113/1/6 11114/1/6 11141/1/6
f 11140/4/6 11113/4/6 11141/4/6
f 11114/4/6 11115/4/6 11142/4/6
f 11141/1/6 11114/1/6 11142/1/6
f 11115/3/6 11116/3/6 11143/3/6
f 11142/4/6 11115/4/6 11143/4/6
f 11116/4/6 11117/4/6 11144/4/6
f 11143/3/6 11116/3/6 11144/3/6
f 11117/1/6 11118/1/6 11145/1/6
f 11144/4/6 11117/4/6 11145/4/6
f 11118/1/6 11119/1/6 11145/1/6
f 11119/4/6 11120/4/6 11146/4/6
f 11145/1/6 11119/1/6 11146/1/6
f 11120/2/6 11121/2/6 11147/2/6
f 11146/4/6 11120/4/6 11147/4/6
f 11122/1/6 11123/1/6 11148/1/6
f 11147/2/6 11121/2/6 11148/2/6
f 11121/1/6 11122/1/6 11148/1/6
f 11123/3/6 11124/3/6 11149/3/6
f 11148/1/6 11123/1/6 11149/1/6
f 11124/2/6 11125/2/6 11150/2/6
f 11149/3/6 11124/3/6 11150/3/6
f 11125/4/6 11126/4/6 11151/4/6
f 11150/2/6 11125/2/6 11151/2/6
f 11126/3/6 11127/3/6 11152/3/6
f 11151/4/6 11126/4/6 11152/4/6
f 11127/1/6 11128/1/6 11153/1/6
f 11152/3/6 11127/3/6 11153/3/6
f 11128/4/6 11099/4/6 11154/4/6
f 11153/1/6 11128/1/6 11154/1/6
f 11154/4/6 11099/4/6 11155/4/6
f 11156/3/6 11157/3/6 11180/3/6
f 11157/1/6 11158/1/6 11181/1/6
f 11180/3/6 11157/3/6 11181/3/6
f 11158/4/6 11159/4/6 11182/4/6
f 11181/1/6 11158/1/6 11182/1/6
f 11159/1/6 11160/1/6 11183/1/6
f 11182/4/6 11159/4/6 11183/4/6
f 11160/2/6 11161/2/6 11184/2/6
f 11183/1/6 11160/1/6 11184/1/6
f 11161/3/6 11162/3/6 11185/3/6
f 11184/2/6 11161/2/6 11185/2/6
f 11162/2/6 11163/2/6 11186/2/6
f 11185/3/6 11162/3/6 11186/3/6
f 11164/3/6 11165/3/6 11187/3/6
f 11165/2/6 11166/2/6 11188/2/6
f 11187/3/6 11165/3/6 11188/3/6
f 11166/3/6 11167/3/6 11189/3/6
f 11188/2/6 11166/2/6 11189/2/6
f 11167/1/6 11168/1/6 11190/1/6
f 11189/3/6 11167/3/6 11190/3/6
f 11168/2/6 11169/2/6 11191/2/6
f 11190/1/6 11168/1/6 11191/1/6
f 11191/2/6 11169/2/6 11192/2/6
f 11169/1/6 11170/1/6 11193/1/6
f 11192/2/6 11169/2/6 11193/2/6
f 11193/1/6 11170/1/6 11194/1/6
f 11170/3/6 11171/3/6 11195/3/6
f 11194/1/6 11170/1/6 11195/1/6
f 11171/4/6 11172/4/6 11196/4/6
f 11195/3/6 11171/3/6 11196/3/6
f 11172/1/6 11173/1/6 11197/1/6
f 11196/4/6 11172/4/6 11197/4/6
f 11197/1/6 11173/1/6 11198/1/6
f 11173/4/6 11174/4/6 11199/4/6
f 11198/1/6 11173/1/6 11199/1/6
f 11199/4/6 11174/4/6 11200/4/6
f 11174/1/6 11175/1/6 11201/1/6
f 11200/4/6 11174/4/6 11201/4/6
f 11175/4/6 11176/4/6 11202/4/6
f 11201/1/6 11175/1/6 11202/1/6
f 11176/2/6 11177/2/6 11203/2/6
f 11202/4/6 11176/4/6 11203/4/6
f 11177/4/6 11178/4/6 11204/4/6
f 11203/2/6 11177/2/6 11204/2/6
f 11178/3/6 11179/3/6 11205/3/6
f 11204/4/6 11178/4/6 11205/4/6
f 11180/4/6 11181/4/6 11206/4/6
f 11181/2/6 11182/2/6 11207/2/6
f 11206/4/6 11181/4/6 11207/4/6
f 11182/4/6 11183/4/6 11208/4/6
f 11207/2/6 11182/2/6 11208/2/6
f 11183/3/6 11184/3/6 11209/3/6
f 11184/1/6 11185/1/6 11210/1/6
f 11209/3/6 11184/3/6 11210/3/6
f 11210/1/6 11185/1/6 11211/1/6
f 11185/2/6 11186/2/6 11212/2/6
f 11211/1/6 11185/1/6 11212/1/6
f 11186/2/6 11163/2/6 11213/2/6
f 11212/2/6 11186/2/6 11213/2/6
f 11163/1/6 11164/1/6 11214/1/6
f 11213/2/6 11163/2/6 11214/2/6
f 11164/3/6 11187/3/6 11215/3/6
f 11214/1/6 11164/1/6 11215/1/6
f 11187/2/6 11188/2/6 11216/2/6
f 11215/3/6 11187/3/6 11216/3/6
f 11188/1/6 11189/1/6 11217/1/6
f 11216/2/6 11188/2/6 11217/2/6
f 11189/3/6 11190/3/6 11218/3/6
f 11217/1/6 11189/1/6 11218/1/6
f 11191/4/6 11192/4/6 11219/4/6
f 11218/3/6 11190/3/6 11219/3/6
f 11190/4/6 11191/4/6 11219/4/6
f 11219/4/6 11192/4/6 11220/4/6
f 11193/2/6 11194/2/6 11221/2/6
f 11220/4/6 11192/4/6 11221/4/6
f 11192/2/6 11193/2/6 11221/2/6
f 11221/2/6 11194/2/6 11222/2/6
f 11194/1/6 11195/1/6 11223/1/6
f 11222/2/6 11194/2/6 11223/2/6
f 11195/1/6 11196/1/6 11223/1/6
f 11223/1/6 11196/1/6 11224/1/6
f 11196/3/6 11197/3/6 11225/3/6
f 11224/1/6 11196/1/6 11225/1/6
f 11197/1/6 11198/1/6 11226/1/6
f 11225/3/6 11197/3/6 11226/3/6
f 11198/2/6 11199/2/6 11227/2/6
f 11226/1/6 11198/1/6 11227/1/6
f 11199/4/6 11200/4/6 11228/4/6
f 11227/2/6 11199/2/6 11228/2/6
f 11228/4/6 11200/4/6 11229/4/6
f 11200/1/6 11201/1/6 11230/1/6
f 11229/4/6 11200/4/6 11230/4/6
f 11201/2/6 11202/2/6 11231/2/6
f 11230/1/6 11201/1/6 11231/1/6
f 11202/3/6 11203/3/6 11232/3/6
f 11231/2/6 11202/2/6 11232/2/6
f 11203/1/6 11204/1/6 11233/1/6
f 11232/3/6 11203/3/6 11233/3/6
f 11204/2/6 11205/2/6 11234/2/6
f 11233/1/6 11204/1/6 11234/1/6
f 11205/3/6 11179/3/6 11235/3/6
f 11234/2/6 11205/2/6 11235/2/6
f 11235/3/6 11179/3/6 11236/3/6
f 11206/1/6 11207/1/6 11237/1/6
f 11207/3/6 11208/3/6 11238/3/6
f 11237/1/6 11207/1/6 11238/1/6
f 11208/4/6 11183/4/6 11239/4/6
f 11238/3/6 11208/3/6 11239/3/6
f 11183/3/6 11209/3/6 11240/3/6
f 11239/4/6 11183/4/6 11240/4/6
f 11209/2/6 11210/2/6 11241/2/6
f 11240/3/6 11209/3/6 11241/3/6
f 11210/4/6 11211/4/6 11242/4/6
f 11241/2/6 11210/2/6 11242/2/6
f 11211/2/6 11212/2/6 11243/2/6
f 11242/4/6 11211/4/6 11243/4/6
f 11212/4/6 11213/4/6 11244/4/6
f 11243/2/6 11212/2/6 11244/2/6
f 11213/1/6 11214/1/6 11245/1/6
f 11244/4/6 11213/4/6 11245/4/6
f 11214/4/6 11215/4/6 11246/4/6
f 11245/1/6 11214/1/6 11246/1/6
f 11215/2/6 11216/2/6 11247/2/6
f 11246/4/6 11215/4/6 11247/4/6
f 11216/4/6 11217/4/6 11248/4/6
f 11247/2/6 11216/2/6 11248/2/6
f 11217/3/6 11218/3/6 11249/3/6
f 11248/4/6 11217/4/6 11249/4/6
f 11218/2/6 11219/2/6 11250/2/6
f 11249/3/6 11218/3/6 11250/3/6
f 11219/3/6 11220/3/6 11251/3/6
f 11250/2/6 11219/2/6 11251/2/6
f 11220/4/6 11221/4/6 11252/4/6
f 11251/3/6 11220/3/6 11252/3/6
f 11221/1/6 11222/1/6 11253/1/6
f 11252/4/6 11221/4/6 11253/4/6
f 11222/4/6 11223/4/6 11254/4/6
f 11253/1/6 11222/1/6 11254/1/6
f 11223/2/6 11224/2/6 11255/2/6
f 11254/4/6 11223/4/6 11255/4/6
f 11224/4/6 11225/4/6 11256/4/6
f 11255/2/6 11224/2/6 11256/2/6
f 11225/1/6 11226/1/6 11257/1/6
f 11256/4/6 11225/4/6 11257/4/6
f 11226/2/6 11227/2/6 11258/2/6
f 11257/1/6 11226/1/6 11258/1/6
f 11227/4/6 11228/4/6 11259/4/6
f 11258/2/6 11227/2/6 11259/2/6
f 11228/1/6 11229/1/6 11260/1/6
f 11259/4/6 11228/4/6 11260/4/6
f 11229/2/6 11230/2/6 11261/2/6
f 11260/1/6 11229/1/6 11261/1/6
f 11230/3/6 11231/3/6 11262/3/6
f 11261/2/6 11230/2/6 11262/2/6
f 11231/2/6 11232/2/6 11263/2/6
f 11262/3/6 11231/3/6 11263/3/6
f 11232/1/6 11233/1/6 11264/1/6
f 11263/2/6 11232/2/6 11264/2/6
f 11233/4/6 11234/4/6 11265/4/6
f 11264/1/6 11233/1/6 11265/1/6
f 11234/1/6 11235/1/6 11266/1/6
f 11265/4/6 11234/4/6 11266/4/6
f 11235/1/6 11236/1/6 11266/1/6
f 11266/1/6 11236/1/6 11267/1/6
f 11267/1/6 11236/1/6 11268/1/6
f 11237/2/6 11238/2/6 11269/2/6
f 11238/4/6 11239/4/6 11270/4/6
f 11269/2/6 11238/2/6 11270/2/6
f 11239/3/6 11240/3/6 11271/3/6
f 11270/4/6 11239/4/6 11271/4/6
f 11240/4/6 11241/4/6 11272/4/6
f 11271/3/6 11240/3/6 11272/3/6
f 11241/2/6 11242/2/6 11273/2/6
f 11272/4/6 11241/4/6 11273/4/6
f 11242/3/6 11243/3/6 11274/3/6
f 11273/2/6 11242/2/6 11274/2/6
f 11243/4/6 11244/4/6 11275/4/6
f 11274/3/6 11243/3/6 11275/3/6
f 11244/1/6 11245/1/6 11276/1/6
f 11275/4/6 11244/4/6 11276/4/6
f 11245/4/6 11246/4/6 11277/4/6
f 11276/1/6 11245/1/6 11277/1/6
f 11246/3/6 11247/3/6 11278/3/6
f 11277/4/6 11246/4/6 11278/4/6
f 11247/3/6 11248/3/6 11278/3/6
f 11278/3/6 11248/3/6 11279/3/6
f 11248/1/6 11249/1/6 11280/1/6
f 11279/3/6 11248/3/6 11280/3/6
f 11249/2/6 11250/2/6 11281/2/6
f 11280/1/6 11249/1/6 11281/1/6
f 11251/1/6 11252/1/6 11282/1/6
f 11281/2/6 11250/2/6 11282/2/6
f 11250/1/6 11251/1/6 11282/1/6
f 11254/3/6 11255/3/6 11283/3/6
f 11282/1/6 11252/1/6 11283/1/6
f 11253/3/6 11254/3/6 11283/3/6
f 11252/3/6 11253/3/6 11283/3/6
f 11283/3/6 11255/3/6 11284/3/6
f 11284/3/6 11255/3/6 11285/3/6
f 11285/3/6 11255/3/6 11286/3/6
f 11256/2/6 11257/2/6 11287/2/6
f 11286/3/6 11255/3/6 11287/3/6
f 11255/2/6 11256/2/6 11287/2/6
f 11257/2/6 11258/2/6 11287/2/6
f 11287/2/6 11258/2/6 11288/2/6
f 11288/2/6 11258/2/6 11289/2/6
f 11258/4/6 11259/4/6 11290/4/6
f 11289/2/6 11258/2/6 11290/2/6
f 11259/4/6 11260/4/6 11290/4/6
f 11290/4/6 11260/4/6 11291/4/6
f 11261/3/6 11262/3/6 11292/3/6
f 11291/4/6 11260/4/6 11292/4/6
f 11260/3/6 11261/3/6 11292/3/6
f 11292/3/6 11262/3/6 11293/3/6
f 11263/1/6 11264/1/6 11294/1/6
f 11293/3/6 11262/3/6 11294/3/6
f 11262/1/6 11263/1/6 11294/1/6
f 11294/1/6 11264/1/6 11295/1/6
f 11264/2/6 11265/2/6 11296/2/6
f 11295/1/6 11264/1/6 11296/1/6
f 11266/1/6 11267/1/6 11297/1/6
f 11296/2/6 11265/2/6 11297/2/6
f 11265/1/6 11266/1/6 11297/1/6
f 11267/3/6 11268/3/6 11298/3/6
f 11297/1/6 11267/1/6 11298/1/6
f 11298/3/6 11268/3/6 11299/3/6
f 11270/4/6 11271/4/6 11300/4/6
f 11269/4/6 11270/4/6 11300/4/6
f 11271/1/6 11272/1/6 11301/1/6
f 11300/4/6 11271/4/6 11301/4/6
f 11272/3/6 11273/3/6 11302/3/6
f 11301/1/6 11272/1/6 11302/1/6
f 11273/3/6 11274/3/6 11302/3/6
f 11302/3/6 11274/3/6 11303/3/6
f 11274/4/6 11275/4/6 11304/4/6
f 11303/3/6 11274/3/6 11304/3/6
f 11275/1/6 11276/1/6 11305/1/6
f 11304/4/6 11275/4/6 11305/4/6
f 11276/3/6 11277/3/6 11306/3/6
f 11305/1/6 11276/1/6 11306/1/6
f 11277/2/6 11278/2/6 11307/2/6
f 11306/3/6 11277/3/6 11307/3/6
f 11278/4/6 11279/4/6 11308/4/6
f 11307/2/6 11278/2/6 11308/2/6
f 11279/3/6 11280/3/6 11309/3/6
f 11308/4/6 11279/4/6 11309/4/6
f 11280/4/6 11281/4/6 11310/4/6
f 11309/3/6 11280/3/6 11310/3/6
f 11281/1/6 11282/1/6 11311/1/6
f 11310/4/6 11281/4/6 11311/4/6
f 11282/4/6 11283/4/6 11312/4/6
f 11311/1/6 11282/1/6 11312/1/6
f 11283/1/6 11284/1/6 11313/1/6
f 11312/4/6 11283/4/6 11313/4/6
f 11284/3/6 11285/3/6 11314/3/6
f 11313/1/6 11284/1/6 11314/1/6
f 11285/4/6 11286/4/6 11315/4/6
f 11314/3/6 11285/3/6 11315/3/6
f 11286/1/6 11287/1/6 11316/1/6
f 11315/4/6 11286/4/6 11316/4/6
f 11287/3/6 11288/3/6 11317/3/6
f 11316/1/6 11287/1/6 11317/1/6
f 11288/2/6 11289/2/6 11318/2/6
f 11317/3/6 11288/3/6 11318/3/6
f 11289/1/6 11290/1/6 11319/1/6
f 11318/2/6 11289/2/6 11319/2/6
f 11290/3/6 11291/3/6 11320/3/6
f 11319/1/6 11290/1/6 11320/1/6
f 11291/2/6 11292/2/6 11321/2/6
f 11320/3/6 11291/3/6 11321/3/6
f 11292/3/6 11293/3/6 11322/3/6
f 11321/2/6 11292/2/6 11322/2/6
f 11293/2/6 11294/2/6 11323/2/6
f 11322/3/6 11293/3/6 11323/3/6
f 11294/1/6 11295/1/6 11324/1/6
f 11323/2/6 11294/2/6 11324/2/6
f 11295/3/6 11296/3/6 11325/3/6
f 11324/1/6 11295/1/6 11325/1/6
f 11297/2/6 11298/2/6 11326/2/6
f 11325/3/6 11296/3/6 11326/3/6
f 11296/2/6 11297/2/6 11326/2/6
f 11326/2/6 11298/2/6 11327/2/6
f 11327/2/6 11298/2/6 11328/2/6
f 11298/1/6 11299/1/6 11329/1/6
f 11328/2/6 11298/2/6 11329/2/6
f 11329/1/6 11299/1/6 11330/1/6
f 11300/2/6 11301/2/6 11331/2/6
f 11301/1/6 11302/1/6 11332/1/6
f 11331/2/6 11301/2/6 11332/2/6
f 11302/2/6 11303/2/6 11333/2/6
f 11332/1/6 11302/1/6 11333/1/6
f 11303/4/6 11304/4/6 11334/4/6
f 11333/2/6 11303/2/6 11334/2/6
f 11304/3/6 11305/3/6 11335/3/6
f 11334/4/6 11304/4/6 11335/4/6
f 11305/4/6 11306/4/6 11336/4/6
f 11335/3/6 11305/3/6 11336/3/6
f 11306/2/6 11307/2/6 11337/2/6
f 11336/4/6 11306/4/6 11337/4/6
f 11307/1/6 11308/1/6 11338/1/6
f 11337/2/6 11307/2/6 11338/2/6
f 11308/3/6 11309/3/6 11339/3/6
f 11338/1/6 11308/1/6 11339/1/6
f 11309/2/6 11310/2/6 11340/2/6
f 11339/3/6 11309/3/6 11340/3/6
f 11311/3/6 11312/3/6 11341/3/6
f 11340/2/6 11310/2/6 11341/2/6
f 11310/3/6 11311/3/6 11341/3/6
f 11341/3/6 11312/3/6 11342/3/6
f 11313/2/6 11314/2/6 11343/2/6
f 11342/3/6 11312/3/6 11343/3/6
f 11312/2/6 11313/2/6 11343/2/6
f 11343/2/6 11314/2/6 11344/2/6
f 11344/2/6 11314/2/6 11345/2/6
f 11314/1/6 11315/1/6 11346/1/6
f 11345/2/6 11314/2/6 11346/2/6
f 11316/2/6 11317/2/6 11347/2/6
f 11346/1/6 11315/1/6 11347/1/6
f 11315/2/6 11316/2/6 11347/2/6
f 11317/2/6 11318/2/6 11347/2/6
f 11347/2/6 11318/2/6 11348/2/6
f 11348/2/6 11318/2/6 11349/2/6
f 11318/1/6 11319/1/6 11350/1/6
f 11349/2/6 11318/2/6 11350/2/6
f 11319/1/6 11320/1/6 11350/1/6
f 11350/1/6 11320/1/6 11351/1/6
f 11320/2/6 11321/2/6 11352/2/6
f 11351/1/6 11320/1/6 11352/1/6
f 11321/4/6 11322/4/6 11353/4/6
f 11352/2/6 11321/2/6 11353/2/6
f 11322/2/6 11323/2/6 11354/2/6
f 11353/4/6 11322/4/6 11354/4/6
f 11323/4/6 11324/4/6 11355/4/6
f 11354/2/6 11323/2/6 11355/2/6
f 11324/1/6 11325/1/6 11356/1/6
f 11355/4/6 11324/4/6 11356/4/6
f 11325/4/6 11326/4/6 11357/4/6
f 11356/1/6 11325/1/6 11357/1/6
f 11326/3/6 11327/3/6 11358/3/6
f 11357/4/6 11326/4/6 11358/4/6
f 11327/2/6 11328/2/6 11359/2/6
f 11358/3/6 11327/3/6 11359/3/6
f 11329/4/6 11330/4/6 11360/4/6
f 11328/1/6 11329/1/6 11360/1/6
f 11360/4/6 11330/4/6 11361/4/6
f 11331/3/6 11332/3/6 11362/3/6
f 11332/3/6 11333/3/6 11362/3/6
f 11333/2/6 11334/2/6 11362/2/6
f 11334/3/6 11335/3/6 11363/3/6
f 11362/2/6 11334/2/6 11363/2/6
f 11335/2/6 11336/2/6 11364/2/6
f 11363/3/6 11335/3/6 11364/3/6
f 11336/3/6 11337/3/6 11365/3/6
f 11364/2/6 11336/2/6 11365/2/6
f 11337/3/6 11338/3/6 11365/3/6
f 11338/4/6 11339/4/6 11366/4/6
f 11365/3/6 11338/3/6 11366/3/6
f 11339/4/6 11340/4/6 11366/4/6
f 11340/1/6 11341/1/6 11367/1/6
f 11366/4/6 11340/4/6 11367/4/6
f 11341/3/6 11342/3/6 11368/3/6
f 11342/1/6 11343/1/6 11368/1/6
f 11343/3/6 11344/3/6 11369/3/6
f 11368/1/6 11343/1/6 11369/1/6
f 11344/1/6 11345/1/6 11370/1/6
f 11369/3/6 11344/3/6 11370/3/6
f 11345/2/6 11346/2/6 11371/2/6
f 11370/1/6 11345/1/6 11371/1/6
f 11346/2/6 11347/2/6 11371/2/6
f 11371/2/6 11347/2/6 11372/2/6
f 11347/1/6 11348/1/6 11373/1/6
f 11372/2/6 11347/2/6 11373/2/6
f 11348/4/6 11349/4/6 11374/4/6
f 11373/1/6 11348/1/6 11374/1/6
f 11349/3/6 11350/3/6 11375/3/6
f 11374/4/6 11349/4/6 11375/4/6
f 11350/4/6 11351/4/6 11376/4/6
f 11375/3/6 11350/3/6 11376/3/6
f 11351/3/6 11352/3/6 11377/3/6
f 11376/4/6 11351/4/6 11377/4/6
f 11354/2/6 11355/2/6 11378/2/6
f 11377/3/6 11352/3/6 11378/3/6
f 11357/2/6 11358/2/6 11378/2/6
f 11353/2/6 11354/2/6 11378/2/6
f 11356/2/6 11357/2/6 11378/2/6
f 11355/2/6 11356/2/6 11378/2/6
f 11352/2/6 11353/2/6 11378/2/6
f 11378/2/6 11358/2/6 11379/2/6
f 11379/2/6 11358/2/6 11380/2/6
f 11380/2/6 11358/2/6 11381/2/6
f 11381/2/6 11358/2/6 11382/2/6
f 11358/1/6 11359/1/6 11383/1/6
f 11382/2/6 11358/2/6 11383/2/6
f 11359/2/6 11328/2/6 11384/2/6
f 11383/1/6 11359/1/6 11384/1/6
f 11360/1/6 11361/1/6 11385/1/6
f 11384/2/6 11328/2/6 11385/2/6
f 11328/1/6 11360/1/6 11385/1/6
f 11385/1/6 11361/1/6 11386/1/6
f 11386/1/6 11361/1/6 11387/1/6
f 11300/2/6 11331/2/6 11388/2/6
f 11331/3/6 11362/3/6 11389/3/6
f 11388/2/6 11331/2/6 11389/2/6
f 11363/4/6 11364/4/6 11390/4/6
f 11389/3/6 11362/3/6 11390/3/6
f 11362/4/6 11363/4/6 11390/4/6
f 11364/3/6 11365/3/6 11391/3/6
f 11390/4/6 11364/4/6 11391/4/6
f 11365/4/6 11366/4/6 11392/4/6
f 11391/3/6 11365/3/6 11392/3/6
f 11366/1/6 11367/1/6 11393/1/6
f 11392/4/6 11366/4/6 11393/4/6
f 11367/1/6 11341/1/6 11394/1/6
f 11393/1/6 11367/1/6 11394/1/6
f 11341/3/6 11368/3/6 11394/3/6
f 11369/4/6 11370/4/6 11395/4/6
f 11394/3/6 11368/3/6 11395/3/6
f 11368/4/6 11369/4/6 11395/4/6
f 11370/2/6 11371/2/6 11396/2/6
f 11395/4/6 11370/4/6 11396/4/6
f 11371/2/6 11372/2/6 11396/2/6
f 11372/1/6 11373/1/6 11397/1/6
f 11396/2/6 11372/2/6 11397/2/6
f 11373/3/6 11374/3/6 11398/3/6
f 11397/1/6 11373/1/6 11398/1/6
f 11374/1/6 11375/1/6 11399/1/6
f 11398/3/6 11374/3/6 11399/3/6
f 11375/2/6 11376/2/6 11400/2/6
f 11399/1/6 11375/1/6 11400/1/6
f 11376/4/6 11377/4/6 11401/4/6
f 11400/2/6 11376/2/6 11401/2/6
f 11377/2/6 11378/2/6 11402/2/6
f 11401/4/6 11377/4/6 11402/4/6
f 11378/3/6 11379/3/6 11403/3/6
f 11402/2/6 11378/2/6 11403/2/6
f 11379/1/6 11380/1/6 11404/1/6
f 11403/3/6 11379/3/6 11404/3/6
f 11380/2/6 11381/2/6 11405/2/6
f 11404/1/6 11380/1/6 11405/1/6
f 11381/4/6 11382/4/6 11406/4/6
f 11405/2/6 11381/2/6 11406/2/6
f 11382/2/6 11383/2/6 11407/2/6
f 11406/4/6 11382/4/6 11407/4/6
f 11383/3/6 11384/3/6 11408/3/6
f 11407/2/6 11383/2/6 11408/2/6
f 11384/2/6 11385/2/6 11409/2/6
f 11408/3/6 11384/3/6 11409/3/6
f 11385/3/6 11386/3/6 11410/3/6
f 11409/2/6 11385/2/6 11410/2/6
f 11386/4/6 11387/4/6 11411/4/6
f 11410/3/6 11386/3/6 11411/3/6
f 11411/4/6 11387/4/6 11412/4/6
f 11413/4/6 11414/4/6 11435/4/6
f 11435/4/6 11414/4/6 11436/4/6
f 11414/2/6 11415/2/6 11437/2/6
f 11436/4/6 11414/4/6 11437/4/6
f 11415/1/6 11416/1/6 11438/1/6
f 11437/2/6 11415/2/6 11438/2/6
f 11416/2/6 11417/2/6 11439/2/6
f 11438/1/6 11416/1/6 11439/1/6
f 11417/3/6 11418/3/6 11440/3/6
f 11439/2/6 11417/2/6 11440/2/6
f 11418/2/6 11419/2/6 11441/2/6
f 11440/3/6 11418/3/6 11441/3/6
f 11419/3/6 11420/3/6 11442/3/6
f 11441/2/6 11419/2/6 11442/2/6
f 11442/3/6 11420/3/6 11443/3/6
f 11443/3/6 11420/3/6 11444/3/6
f 11420/4/6 11421/4/6 11445/4/6
f 11444/3/6 11420/3/6 11445/3/6
f 11421/2/6 11422/2/6 11446/2/6
f 11445/4/6 11421/4/6 11446/4/6
f 11422/3/6 11423/3/6 11447/3/6
f 11446/2/6 11422/2/6 11447/2/6
f 11423/4/6 11424/4/6 11448/4/6
f 11447/3/6 11423/3/6 11448/3/6
f 11424/3/6 11425/3/6 11449/3/6
f 11425/1/6 11426/1/6 11449/1/6
f 11449/1/6 11426/1/6 11450/1/6
f 11450/1/6 11426/1/6 11451/1/6
f 11451/1/6 11426/1/6 11452/1/6
f 11426/3/6 11427/3/6 11453/3/6
f 11452/1/6 11426/1/6 11453/1/6
f 11427/1/6 11428/1/6 11454/1/6
f 11453/3/6 11427/3/6 11454/3/6
f 11428/2/6 11429/2/6 11455/2/6
f 11454/1/6 11428/1/6 11455/1/6
f 11455/2/6 11429/2/6 11456/2/6
f 11429/1/6 11430/1/6 11457/1/6
f 11456/2/6 11429/2/6 11457/2/6
f 11430/2/6 11431/2/6 11458/2/6
f 11457/1/6 11430/1/6 11458/1/6
f 11433/1/6 11434/1/6 11459/1/6
f 11432/3/6 11433/3/6 11459/3/6
f 11459/1/6 11434/1/6 11460/1/6
f 11435/2/6 11436/2/6 11461/2/6
f 11436/1/6 11437/1/6 11462/1/6
f 11461/2/6 11436/2/6 11462/2/6
f 11437/4/6 11438/4/6 11463/4/6
f 11462/1/6 11437/1/6 11463/1/6
f 11438/2/6 11439/2/6 11464/2/6
f 11463/4/6 11438/4/6 11464/4/6
f 11439/3/6 11440/3/6 11465/3/6
f 11464/2/6 11439/2/6 11465/2/6
f 11440/1/6 11441/1/6 11466/1/6
f 11465/3/6 11440/3/6 11466/3/6
f 11441/4/6 11442/4/6 11467/4/6
f 11466/1/6 11441/1/6 11467/1/6
f 11442/3/6 11443/3/6 11468/3/6
f 11467/4/6 11442/4/6 11468/4/6
f 11443/1/6 11444/1/6 11469/1/6
f 11468/3/6 11443/3/6 11469/3/6
f 11444/2/6 11445/2/6 11470/2/6
f 11469/1/6 11444/1/6 11470/1/6
f 11445/2/6 11446/2/6 11470/2/6
f 11470/2/6 11446/2/6 11471/2/6
f 11446/1/6 11447/1/6 11472/1/6
f 11471/2/6 11446/2/6 11472/2/6
f 11447/4/6 11448/4/6 11473/4/6
f 11472/1/6 11447/1/6 11473/1/6
f 11448/4/6 11424/4/6 11474/4/6
f 11473/4/6 11448/4/6 11474/4/6
f 11424/3/6 11449/3/6 11475/3/6
f 11474/4/6 11424/4/6 11475/4/6
f 11449/4/6 11450/4/6 11476/4/6
f 11475/3/6 11449/3/6 11476/3/6
f 11450/1/6 11451/1/6 11477/1/6
f 11476/4/6 11450/4/6 11477/4/6
f 11451/4/6 11452/4/6 11478/4/6
f 11477/1/6 11451/1/6 11478/1/6
f 11452/3/6 11453/3/6 11479/3/6
f 11478/4/6 11452/4/6 11479/4/6
f 11479/3/6 11453/3/6 11480/3/6
f 11453/4/6 11454/4/6 11481/4/6
f 11480/3/6 11453/3/6 11481/3/6
f 11454/1/6 11455/1/6 11482/1/6
f 11481/4/6 11454/4/6 11482/4/6
f 11455/4/6 11456/4/6 11483/4/6
f 11482/1/6 11455/1/6 11483/1/6
f 11483/4/6 11456/4/6 11484/4/6
f 11456/2/6 11457/2/6 11485/2/6
f 11484/4/6 11456/4/6 11485/4/6
f 11485/2/6 11457/2/6 11486/2/6
f 11459/2/6 11460/2/6 11487/2/6
f 11432/3/6 11459/3/6 11487/3/6
f 11487/2/6 11460/2/6 11488/2/6
f 11488/2/6 11460/2/6 11489/2/6
f 11461/4/6 11462/4/6 11490/4/6
f 11462/2/6 11463/2/6 11490/2/6
f 11463/2/6 11464/2/6 11490/2/6
f 11464/2/6 11465/2/6 11490/2/6
f 11465/2/6 11466/2/6 11490/2/6
f 11490/2/6 11466/2/6 11491/2/6
f 11491/2/6 11466/2/6 11492/2/6
f 11466/4/6 11467/4/6 11493/4/6
f 11492/2/6 11466/2/6 11493/2/6
f 11467/2/6 11468/2/6 11494/2/6
f 11493/4/6 11467/4/6 11494/4/6
f 11468/3/6 11469/3/6 11495/3/6
f 11494/2/6 11468/2/6 11495/2/6
f 11469/2/6 11470/2/6 11496/2/6
f 11495/3/6 11469/3/6 11496/3/6
f 11470/1/6 11471/1/6 11497/1/6
f 11496/2/6 11470/2/6 11497/2/6
f 11471/3/6 11472/3/6 11498/3/6
f 11497/1/6 11471/1/6 11498/1/6
f 11472/4/6 11473/4/6 11499/4/6
f 11498/3/6 11472/3/6 11499/3/6
f 11473/1/6 11474/1/6 11500/1/6
f 11499/4/6 11473/4/6 11500/4/6
f 11474/3/6 11475/3/6 11501/3/6
f 11500/1/6 11474/1/6 11501/1/6
f 11475/2/6 11476/2/6 11502/2/6
f 11501/3/6 11475/3/6 11502/3/6
f 11476/1/6 11477/1/6 11503/1/6
f 11502/2/6 11476/2/6 11503/2/6
f 11477/3/6 11478/3/6 11504/3/6
f 11503/1/6 11477/1/6 11504/1/6
f 11479/1/6 11480/1/6 11505/1/6
f 11504/3/6 11478/3/6 11505/3/6
f 11478/1/6 11479/1/6 11505/1/6
f 11505/1/6 11480/1/6 11506/1/6
f 11481/2/6 11482/2/6 11507/2/6
f 11506/1/6 11480/1/6 11507/1/6
f 11480/2/6 11481/2/6 11507/2/6
f 11482/2/6 11483/2/6 11507/2/6
f 11507/2/6 11483/2/6 11508/2/6
f 11508/2/6 11483/2/6 11509/2/6
f 11483/1/6 11484/1/6 11510/1/6
f 11509/2/6 11483/2/6 11510/2/6
f 11484/2/6 11485/2/6 11511/2/6
f 11510/1/6 11484/1/6 11511/1/6
f 11485/4/6 11486/4/6 11512/4/6
f 11511/2/6 11485/2/6 11512/2/6
f 11486/2/6 11457/2/6 11513/2/6
f 11512/4/6 11486/4/6 11513/4/6
f 11457/4/6 11458/4/6 11514/4/6
f 11513/2/6 11457/2/6 11514/2/6
f 11458/2/6 11431/2/6 11515/2/6
f 11514/4/6 11458/4/6 11515/4/6
f 11431/1/6 11432/1/6 11516/1/6
f 11515/2/6 11431/2/6 11516/2/6
f 11487/3/6 11488/3/6 11517/3/6
f 11516/1/6 11432/1/6 11517/1/6
f 11432/3/6 11487/3/6 11517/3/6
f 11517/3/6 11488/3/6 11518/3/6
f 11490/3/6 11491/3/6 11519/3/6
f 11461/4/6 11490/4/6 11519/4/6
f 11491/1/6 11492/1/6 11520/1/6
f 11519/3/6 11491/3/6 11520/3/6
f 11492/3/6 11493/3/6 11521/3/6
f 11520/1/6 11492/1/6 11521/1/6
f 11493/3/6 11494/3/6 11521/3/6
f 11521/3/6 11494/3/6 11522/3/6
f 11522/3/6 11494/3/6 11523/3/6
f 11494/1/6 11495/1/6 11524/1/6
f 11523/3/6 11494/3/6 11524/3/6
f 11495/3/6 11496/3/6 11525/3/6
f 11524/1/6 11495/1/6 11525/1/6
f 11497/1/6 11498/1/6 11526/1/6
f 11525/3/6 11496/3/6 11526/3/6
f 11496/1/6 11497/1/6 11526/1/6
f 11498/4/6 11499/4/6 11527/4/6
f 11526/1/6 11498/1/6 11527/1/6
f 11499/1/6 11500/1/6 11528/1/6
f 11527/4/6 11499/4/6 11528/4/6
f 11500/4/6 11501/4/6 11529/4/6
f 11528/1/6 11500/1/6 11529/1/6
f 11503/2/6 11504/2/6 11530/2/6
f 11504/1/6 11505/1/6 11530/1/6
f 11505/3/6 11506/3/6 11531/3/6
f 11530/1/6 11505/1/6 11531/1/6
f 11507/3/6 11508/3/6 11532/3/6
f 11508/2/6 11509/2/6 11532/2/6
f 11509/3/6 11510/3/6 11533/3/6
f 11532/2/6 11509/2/6 11533/2/6
f 11511/2/6 11512/2/6 11534/2/6
f 11533/3/6 11510/3/6 11534/3/6
f 11510/2/6 11511/2/6 11534/2/6
f 11534/2/6 11512/2/6 11535/2/6
f 11512/1/6 11513/1/6 11536/1/6
f 11535/2/6 11512/2/6 11536/2/6
f 11513/4/6 11514/4/6 11537/4/6
f 11536/1/6 11513/1/6 11537/1/6
f 11514/3/6 11515/3/6 11538/3/6
f 11537/4/6 11514/4/6 11538/4/6
f 11515/1/6 11516/1/6 11539/1/6
f 11538/3/6 11515/3/6 11539/3/6
f 11516/2/6 11517/2/6 11540/2/6
f 11539/1/6 11516/1/6 11540/1/6
f 11517/2/6 11518/2/6 11540/2/6
f 11518/3/6 11488/3/6 11541/3/6
f 11540/2/6 11518/2/6 11541/2/6
f 11461/4/6 11519/4/6 11542/4/6
f 11519/2/6 11520/2/6 11543/2/6
f 11542/4/6 11519/4/6 11543/4/6
f 11520/4/6 11521/4/6 11544/4/6
f 11543/2/6 11520/2/6 11544/2/6
f 11521/2/6 11522/2/6 11545/2/6
f 11544/4/6 11521/4/6 11545/4/6
f 11522/1/6 11523/1/6 11546/1/6
f 11545/2/6 11522/2/6 11546/2/6
f 11523/4/6 11524/4/6 11547/4/6
f 11546/1/6 11523/1/6 11547/1/6
f 11524/2/6 11525/2/6 11548/2/6
f 11547/4/6 11524/4/6 11548/4/6
f 11525/2/6 11526/2/6 11548/2/6
f 11526/2/6 11527/2/6 11548/2/6
f 11548/2/6 11527/2/6 11549/2/6
f 11549/2/6 11527/2/6 11550/2/6
f 11527/1/6 11528/1/6 11551/1/6
f 11550/2/6 11527/2/6 11551/2/6
f 11528/4/6 11529/4/6 11552/4/6
f 11551/1/6 11528/1/6 11552/1/6
f 11529/4/6 11501/4/6 11553/4/6
f 11552/4/6 11529/4/6 11553/4/6
f 11501/1/6 11502/1/6 11554/1/6
f 11553/4/6 11501/4/6 11554/4/6
f 11502/1/6 11503/1/6 11554/1/6
f 11554/1/6 11503/1/6 11555/1/6
f 11503/2/6 11530/2/6 11556/2/6
f 11555/1/6 11503/1/6 11556/1/6
f 11530/2/6 11531/2/6 11556/2/6
f 11556/2/6 11531/2/6 11557/2/6
f 11531/3/6 11506/3/6 11558/3/6
f 11557/2/6 11531/2/6 11558/2/6
f 11506/1/6 11507/1/6 11559/1/6
f 11558/3/6 11506/3/6 11559/3/6
f 11532/3/6 11533/3/6 11560/3/6
f 11559/1/6 11507/1/6 11560/1/6
f 11507/3/6 11532/3/6 11560/3/6
f 11560/3/6 11533/3/6 11561/3/6
f 11533/4/6 11534/4/6 11562/4/6
f 11561/3/6 11533/3/6 11562/3/6
f 11534/1/6 11535/1/6 11563/1/6
f 11562/4/6 11534/4/6 11563/4/6
f 11535/2/6 11536/2/6 11564/2/6
f 11563/1/6 11535/1/6 11564/1/6
f 11536/4/6 11537/4/6 11565/4/6
f 11564/2/6 11536/2/6 11565/2/6
f 11537/2/6 11538/2/6 11566/2/6
f 11565/4/6 11537/4/6 11566/4/6
f 11538/2/6 11539/2/6 11566/2/6
f 11566/2/6 11539/2/6 11567/2/6
f 11539/3/6 11540/3/6 11568/3/6
f 11567/2/6 11539/2/6 11568/2/6
f 11540/1/6 11541/1/6 11569/1/6
f 11568/3/6 11540/3/6 11569/3/6
f 11541/3/6 11488/3/6 11570/3/6
f 11569/1/6 11541/1/6 11570/1/6
f 11542/3/6 11543/3/6 11571/3/6
f 11543/1/6 11544/1/6 11572/1/6
f 11571/3/6 11543/3/6 11572/3/6
f 11545/2/6 11546/2/6 11573/2/6
f 11572/1/6 11544/1/6 11573/1/6
f 11544/2/6 11545/2/6 11573/2/6
f 11573/2/6 11546/2/6 11574/2/6
f 11546/3/6 11547/3/6 11575/3/6
f 11574/2/6 11546/2/6 11575/2/6
f 11547/4/6 11548/4/6 11576/4/6
f 11575/3/6 11547/3/6 11576/3/6
f 11548/1/6 11549/1/6 11577/1/6
f 11576/4/6 11548/4/6 11577/4/6
f 11549/4/6 11550/4/6 11578/4/6
f 11577/1/6 11549/1/6 11578/1/6
f 11578/4/6 11550/4/6 11579/4/6
f 11550/2/6 11551/2/6 11580/2/6
f 11579/4/6 11550/4/6 11580/4/6
f 11552/3/6 11553/3/6 11581/3/6
f 11551/3/6 11552/3/6 11581/3/6
f 11553/4/6 11554/4/6 11581/4/6
f 11554/2/6 11555/2/6 11582/2/6
f 11581/4/6 11554/4/6 11582/4/6
f 11555/4/6 11556/4/6 11583/4/6
f 11582/2/6 11555/2/6 11583/2/6
f 11556/3/6 11557/3/6 11584/3/6
f 11583/4/6 11556/4/6 11584/4/6
f 11557/1/6 11558/1/6 11585/1/6
f 11584/3/6 11557/3/6 11585/3/6
f 11558/3/6 11559/3/6 11586/3/6
f 11585/1/6 11558/1/6 11586/1/6
f 11559/4/6 11560/4/6 11587/4/6
f 11586/3/6 11559/3/6 11587/3/6
f 11560/2/6 11561/2/6 11588/2/6
f 11587/4/6 11560/4/6 11588/4/6
f 11561/1/6 11562/1/6 11589/1/6
f 11588/2/6 11561/2/6 11589/2/6
f 11562/3/6 11563/3/6 11590/3/6
f 11589/1/6 11562/1/6 11590/1/6
f 11564/1/6 11565/1/6 11591/1/6
f 11590/3/6 11563/3/6 11591/3/6
f 11563/1/6 11564/1/6 11591/1/6
f 11565/3/6 11566/3/6 11592/3/6
f 11591/1/6 11565/1/6 11592/1/6
f 11566/4/6 11567/4/6 11593/4/6
f 11592/3/6 11566/3/6 11593/3/6
f 11567/2/6 11568/2/6 11594/2/6
f 11593/4/6 11567/4/6 11594/4/6
f 11568/1/6 11569/1/6 11595/1/6
f 11594/2/6 11568/2/6 11595/2/6
f 11569/2/6 11570/2/6 11596/2/6
f 11595/1/6 11569/1/6 11596/1/6
f 11596/2/6 11570/2/6 11597/2/6
f 11571/2/6 11572/2/6 11598/2/6
f 11573/3/6 11574/3/6 11599/3/6
f 11598/2/6 11572/2/6 11599/2/6
f 11572/3/6 11573/3/6 11599/3/6
f 11599/3/6 11574/3/6 11600/3/6
f 11574/1/6 11575/1/6 11601/1/6
f 11600/3/6 11574/3/6 11601/3/6
f 11575/3/6 11576/3/6 11602/3/6
f 11601/1/6 11575/1/6 11602/1/6
f 11576/3/6 11577/3/6 11602/3/6
f 11602/3/6 11577/3/6 11603/3/6
f 11577/2/6 11578/2/6 11604/2/6
f 11603/3/6 11577/3/6 11604/3/6
f 11578/4/6 11579/4/6 11605/4/6
f 11604/2/6 11578/2/6 11605/2/6
f 11579/3/6 11580/3/6 11606/3/6
f 11605/4/6 11579/4/6 11606/4/6
f 11580/2/6 11551/2/6 11607/2/6
f 11606/3/6 11580/3/6 11607/3/6
f 11551/3/6 11581/3/6 11608/3/6
f 11581/3/6 11582/3/6 11608/3/6
f 11608/3/6 11582/3/6 11609/3/6
f 11582/4/6 11583/4/6 11610/4/6
f 11609/3/6 11582/3/6 11610/3/6
f 11583/4/6 11584/4/6 11610/4/6
f 11610/4/6 11584/4/6 11611/4/6
f 11585/4/6 11586/4/6 11612/4/6
f 11584/2/6 11585/2/6 11612/2/6
f 11587/4/6 11588/4/6 11612/4/6
f 11586/4/6 11587/4/6 11612/4/6
f 11612/4/6 11588/4/6 11613/4/6
f 11588/1/6 11589/1/6 11614/1/6
f 11613/4/6 11588/4/6 11614/4/6
f 11589/1/6 11590/1/6 11614/1/6
f 11614/1/6 11590/1/6 11615/1/6
f 11590/2/6 11591/2/6 11616/2/6
f 11615/1/6 11590/1/6 11616/1/6
f 11591/3/6 11592/3/6 11617/3/6
f 11616/2/6 11591/2/6 11617/2/6
f 11593/1/6 11594/1/6 11618/1/6
f 11617/3/6 11592/3/6 11618/3/6
f 11592/1/6 11593/1/6 11618/1/6
f 11594/1/6 11595/1/6 11618/1/6
f 11595/1/6 11596/1/6 11618/1/6
f 11618/1/6 11596/1/6 11619/1/6
f 11619/1/6 11596/1/6 11620/1/6
f 11620/1/6 11596/1/6 11621/1/6
f 11596/3/6 11597/3/6 11622/3/6
f 11621/1/6 11596/1/6 11622/1/6
f 11597/2/6 11570/2/6 11623/2/6
f 11622/3/6 11597/3/6 11623/3/6
f 11570/3/6 11488/3/6 11624/3/6
f 11623/2/6 11570/2/6 11624/2/6
f 11488/4/6 11489/4/6 11625/4/6
f 11624/3/6 11488/3/6 11625/3/6
f 11625/4/6 11489/4/6 11626/4/6
f 11598/3/6 11599/3/6 11627/3/6
f 11599/2/6 11600/2/6 11628/2/6
f 11627/3/6 11599/3/6 11628/3/6
f 11600/1/6 11601/1/6 11629/1/6
f 11628/2/6 11600/2/6 11629/2/6
f 11601/3/6 11602/3/6 11630/3/6
f 11629/1/6 11601/1/6 11630/1/6
f 11602/4/6 11603/4/6 11631/4/6
f 11630/3/6 11602/3/6 11631/3/6
f 11603/3/6 11604/3/6 11632/3/6
f 11631/4/6 11603/4/6 11632/4/6
f 11604/4/6 11605/4/6 11633/4/6
f 11632/3/6 11604/3/6 11633/3/6
f 11605/1/6 11606/1/6 11634/1/6
f 11633/4/6 11605/4/6 11634/4/6
f 11606/2/6 11607/2/6 11635/2/6
f 11634/1/6 11606/1/6 11635/1/6
f 11607/2/6 11551/2/6 11636/2/6
f 11635/2/6 11607/2/6 11636/2/6
f 11551/3/6 11608/3/6 11636/3/6
f 11608/4/6 11609/4/6 11637/4/6
f 11636/3/6 11608/3/6 11637/3/6
f 11609/3/6 11610/3/6 11638/3/6
f 11637/4/6 11609/4/6 11638/4/6
f 11610/2/6 11611/2/6 11639/2/6
f 11638/3/6 11610/3/6 11639/3/6
f 11611/4/6 11584/4/6 11640/4/6
f 11639/2/6 11611/2/6 11640/2/6
f 11584/2/6 11612/2/6 11641/2/6
f 11640/4/6 11584/4/6 11641/4/6
f 11612/1/6 11613/1/6 11642/1/6
f 11641/2/6 11612/2/6 11642/2/6
f 11613/2/6 11614/2/6 11643/2/6
f 11642/1/6 11613/1/6 11643/1/6
f 11614/4/6 11615/4/6 11644/4/6
f 11643/2/6 11614/2/6 11644/2/6
f 11616/3/6 11617/3/6 11645/3/6
f 11644/4/6 11615/4/6 11645/4/6
f 11615/3/6 11616/3/6 11645/3/6
f 11617/1/6 11618/1/6 11646/1/6
f 11645/3/6 11617/3/6 11646/3/6
f 11618/4/6 11619/4/6 11647/4/6
f 11646/1/6 11618/1/6 11647/1/6
f 11619/3/6 11620/3/6 11648/3/6
f 11647/4/6 11619/4/6 11648/4/6
f 11620/4/6 11621/4/6 11649/4/6
f 11648/3/6 11620/3/6 11649/3/6
f 11621/3/6 11622/3/6 11650/3/6
f 11649/4/6 11621/4/6 11650/4/6
f 11622/3/6 11623/3/6 11650/3/6
f 11623/4/6 11624/4/6 11651/4/6
f 11650/3/6 11623/3/6 11651/3/6
f 11624/3/6 11625/3/6 11652/3/6
f 11651/4/6 11624/4/6 11652/4/6
f 11625/1/6 11626/1/6 11653/1/6
f 11652/3/6 11625/3/6 11653/3/6
f 11653/1/6 11626/1/6 11654/1/6
f 11655/4/6 11656/4/6 11679/4/6
f 11656/3/6 11657/3/6 11680/3/6
f 11679/4/6 11656/4/6 11680/4/6
f 11657/2/6 11658/2/6 11681/2/6
f 11658/3/6 11659/3/6 11681/3/6
f 11659/4/6 11660/4/6 11682/4/6
f 11681/3/6 11659/3/6 11682/3/6
f 11682/4/6 11660/4/6 11683/4/6
f 11661/4/6 11662/4/6 11684/4/6
f 11662/1/6 11663/1/6 11684/1/6
f 11663/4/6 11664/4/6 11685/4/6
f 11684/1/6 11663/1/6 11685/1/6
f 11685/4/6 11664/4/6 11686/4/6
f 11686/4/6 11664/4/6 11687/4/6
f 11687/4/6 11664/4/6 11688/4/6
f 11664/3/6 11665/3/6 11689/3/6
f 11688/4/6 11664/4/6 11689/4/6
f 11665/1/6 11666/1/6 11690/1/6
f 11689/3/6 11665/3/6 11690/3/6
f 11666/3/6 11667/3/6 11691/3/6
f 11690/1/6 11666/1/6 11691/1/6
f 11667/4/6 11668/4/6 11692/4/6
f 11691/3/6 11667/3/6 11692/3/6
f 11668/3/6 11669/3/6 11693/3/6
f 11692/4/6 11668/4/6 11693/4/6
f 11669/4/6 11670/4/6 11694/4/6
f 11693/3/6 11669/3/6 11694/3/6
f 11670/2/6 11671/2/6 11695/2/6
f 11694/4/6 11670/4/6 11695/4/6
f 11695/2/6 11671/2/6 11696/2/6
f 11671/3/6 11672/3/6 11697/3/6
f 11696/2/6 11671/2/6 11697/2/6
f 11672/4/6 11673/4/6 11698/4/6
f 11697/3/6 11672/3/6 11698/3/6
f 11698/4/6 11673/4/6 11699/4/6
f 11699/4/6 11673/4/6 11700/4/6
f 11673/1/6 11674/1/6 11701/1/6
f 11700/4/6 11673/4/6 11701/4/6
f 11674/3/6 11675/3/6 11702/3/6
f 11701/1/6 11674/1/6 11702/1/6
f 11675/1/6 11676/1/6 11703/1/6
f 11702/3/6 11675/3/6 11703/3/6
f 11676/4/6 11677/4/6 11704/4/6
f 11703/1/6 11676/1/6 11704/1/6
f 11677/1/6 11678/1/6 11705/1/6
f 11704/4/6 11677/4/6 11705/4/6
f 11705/1/6 11678/1/6 11706/1/6
f 11679/1/6 11680/1/6 11707/1/6
f 11680/3/6 11657/3/6 11708/3/6
f 11707/1/6 11680/1/6 11708/1/6
f 11708/3/6 11657/3/6 11709/3/6
f 11657/2/6 11681/2/6 11710/2/6
f 11709/3/6 11657/3/6 11710/3/6
f 11681/2/6 11682/2/6 11710/2/6
f 11710/2/6 11682/2/6 11711/2/6
f 11682/1/6 11683/1/6 11712/1/6
f 11711/2/6 11682/2/6 11712/2/6
f 11683/4/6 11660/4/6 11713/4/6
f 11712/1/6 11683/1/6 11713/1/6
f 11660/3/6 11661/3/6 11714/3/6
f 11713/4/6 11660/4/6 11714/4/6
f 11661/4/6 11684/4/6 11715/4/6
f 11714/3/6 11661/3/6 11715/3/6
f 11684/2/6 11685/2/6 11716/2/6
f 11685/3/6 11686/3/6 11716/3/6
f 11686/1/6 11687/1/6 11717/1/6
f 11716/3/6 11686/3/6 11717/3/6
f 11717/1/6 11687/1/6 11718/1/6
f 11687/2/6 11688/2/6 11719/2/6
f 11718/1/6 11687/1/6 11719/1/6
f 11688/3/6 11689/3/6 11720/3/6
f 11719/2/6 11688/2/6 11720/2/6
f 11689/3/6 11690/3/6 11720/3/6
f 11690/3/6 11691/3/6 11720/3/6
f 11720/3/6 11691/3/6 11721/3/6
f 11721/3/6 11691/3/6 11722/3/6
f 11691/2/6 11692/2/6 11723/2/6
f 11722/3/6 11691/3/6 11723/3/6
f 11692/2/6 11693/2/6 11723/2/6
f 11693/4/6 11694/4/6 11724/4/6
f 11723/2/6 11693/2/6 11724/2/6
f 11694/2/6 11695/2/6 11725/2/6
f 11724/4/6 11694/4/6 11725/4/6
f 11695/3/6 11696/3/6 11726/3/6
f 11725/2/6 11695/2/6 11726/2/6
f 11696/1/6 11697/1/6 11727/1/6
f 11726/3/6 11696/3/6 11727/3/6
f 11697/3/6 11698/3/6 11728/3/6
f 11727/1/6 11697/1/6 11728/1/6
f 11698/1/6 11699/1/6 11729/1/6
f 11728/3/6 11698/3/6 11729/3/6
f 11699/2/6 11700/2/6 11730/2/6
f 11729/1/6 11699/1/6 11730/1/6
f 11700/4/6 11701/4/6 11731/4/6
f 11730/2/6 11700/2/6 11731/2/6
f 11701/4/6 11702/4/6 11731/4/6
f 11731/4/6 11702/4/6 11732/4/6
f 11702/2/6 11703/2/6 11733/2/6
f 11732/4/6 11702/4/6 11733/4/6
f 11703/4/6 11704/4/6 11734/4/6
f 11733/2/6 11703/2/6 11734/2/6
f 11704/3/6 11705/3/6 11735/3/6
f 11734/4/6 11704/4/6 11735/4/6
f 11705/2/6 11706/2/6 11736/2/6
f 11735/3/6 11705/3/6 11736/3/6
f 11736/2/6 11706/2/6 11737/2/6
f 11708/4/6 11709/4/6 11738/4/6
f 11707/3/6 11708/3/6 11738/3/6
f 11709/1/6 11710/1/6 11739/1/6
f 11738/4/6 11709/4/6 11739/4/6
f 11710/4/6 11711/4/6 11740/4/6
f 11739/1/6 11710/1/6 11740/1/6
f 11711/2/6 11712/2/6 11741/2/6
f 11740/4/6 11711/4/6 11741/4/6
f 11712/3/6 11713/3/6 11742/3/6
f 11741/2/6 11712/2/6 11742/2/6
f 11713/3/6 11714/3/6 11742/3/6
f 11742/3/6 11714/3/6 11743/3/6
f 11714/1/6 11715/1/6 11744/1/6
f 11743/3/6 11714/3/6 11744/3/6
f 11715/4/6 11684/4/6 11745/4/6
f 11744/1/6 11715/1/6 11745/1/6
f 11684/2/6 11716/2/6 11746/2/6
f 11745/4/6 11684/4/6 11746/4/6
f 11716/1/6 11717/1/6 11747/1/6
f 11746/2/6 11716/2/6 11747/2/6
f 11717/4/6 11718/4/6 11748/4/6
f 11747/1/6 11717/1/6 11748/1/6
f 11718/1/6 11719/1/6 11749/1/6
f 11748/4/6 11718/4/6 11749/4/6
f 11720/4/6 11721/4/6 11750/4/6
f 11749/1/6 11719/1/6 11750/1/6
f 11719/4/6 11720/4/6 11750/4/6
f 11721/3/6 11722/3/6 11751/3/6
f 11750/4/6 11721/4/6 11751/4/6
f 11724/1/6 11725/1/6 11752/1/6
f 11723/1/6 11724/1/6 11752/1/6
f 11752/1/6 11725/1/6 11753/1/6
f 11725/4/6 11726/4/6 11754/4/6
f 11753/1/6 11725/1/6 11754/1/6
f 11726/1/6 11727/1/6 11755/1/6
f 11754/4/6 11726/4/6 11755/4/6
f 11727/2/6 11728/2/6 11756/2/6
f 11755/1/6 11727/1/6 11756/1/6
f 11728/4/6 11729/4/6 11757/4/6
f 11756/2/6 11728/2/6 11757/2/6
f 11729/1/6 11730/1/6 11758/1/6
f 11757/4/6 11729/4/6 11758/4/6
f 11730/1/6 11731/1/6 11758/1/6
f 11731/4/6 11732/4/6 11759/4/6
f 11758/1/6 11731/1/6 11759/1/6
f 11732/2/6 11733/2/6 11760/2/6
f 11759/4/6 11732/4/6 11760/4/6
f 11735/2/6 11736/2/6 11760/2/6
f 11733/2/6 11734/2/6 11760/2/6
f 11734/2/6 11735/2/6 11760/2/6
f 11760/2/6 11736/2/6 11761/2/6
f 11761/2/6 11736/2/6 11762/2/6
f 11762/2/6 11736/2/6 11763/2/6
f 11736/3/6 11737/3/6 11764/3/6
f 11763/2/6 11736/2/6 11764/2/6
f 11764/3/6 11737/3/6 11765/3/6
f 11739/3/6 11740/3/6 11766/3/6
f 11738/3/6 11739/3/6 11766/3/6
f 11707/3/6 11738/3/6 11766/3/6
f 11740/2/6 11741/2/6 11767/2/6
f 11766/3/6 11740/3/6 11767/3/6
f 11741/3/6 11742/3/6 11768/3/6
f 11767/2/6 11741/2/6 11768/2/6
f 11742/3/6 11743/3/6 11768/3/6
f 11768/3/6 11743/3/6 11769/3/6
f 11743/1/6 11744/1/6 11770/1/6
f 11769/3/6 11743/3/6 11770/3/6
f 11744/3/6 11745/3/6 11771/3/6
f 11770/1/6 11744/1/6 11771/1/6
f 11745/1/6 11746/1/6 11772/1/6
f 11771/3/6 11745/3/6 11772/3/6
f 11746/2/6 11747/2/6 11773/2/6
f 11772/1/6 11746/1/6 11773/1/6
f 11747/4/6 11748/4/6 11774/4/6
f 11773/2/6 11747/2/6 11774/2/6
f 11749/1/6 11750/1/6 11775/1/6
f 11774/4/6 11748/4/6 11775/4/6
f 11748/1/6 11749/1/6 11775/1/6
f 11775/1/6 11750/1/6 11776/1/6
f 11750/3/6 11751/3/6 11777/3/6
f 11776/1/6 11750/1/6 11777/1/6
f 11777/3/6 11751/3/6 11778/3/6
f 11722/4/6 11723/4/6 11779/4/6
f 11778/3/6 11751/3/6 11779/3/6
f 11751/3/6 11722/3/6 11779/3/6
f 11723/1/6 11752/1/6 11780/1/6
f 11779/4/6 11723/4/6 11780/4/6
f 11752/4/6 11753/4/6 11781/4/6
f 11780/1/6 11752/1/6 11781/1/6
f 11753/3/6 11754/3/6 11782/3/6
f 11781/4/6 11753/4/6 11782/4/6
f 11754/3/6 11755/3/6 11782/3/6
f 11755/1/6 11756/1/6 11783/1/6
f 11782/3/6 11755/3/6 11783/3/6
f 11756/4/6 11757/4/6 11784/4/6
f 11783/1/6 11756/1/6 11784/1/6
f 11757/3/6 11758/3/6 11785/3/6
f 11784/4/6 11757/4/6 11785/4/6
f 11758/1/6 11759/1/6 11786/1/6
f 11785/3/6 11758/3/6 11786/3/6
f 11786/1/6 11759/1/6 11787/1/6
f 11759/2/6 11760/2/6 11788/2/6
f 11787/1/6 11759/1/6 11788/1/6
f 11760/1/6 11761/1/6 11789/1/6
f 11788/2/6 11760/2/6 11789/2/6
f 11761/3/6 11762/3/6 11790/3/6
f 11789/1/6 11761/1/6 11790/1/6
f 11762/4/6 11763/4/6 11791/4/6
f 11790/3/6 11762/3/6 11791/3/6
f 11764/1/6 11765/1/6 11792/1/6
f 11791/4/6 11763/4/6 11792/4/6
f 11763/1/6 11764/1/6 11792/1/6
f 11792/1/6 11765/1/6 11793/1/6
f 11793/1/6 11765/1/6 11794/1/6
f 11766/4/6 11767/4/6 11795/4/6
f 11795/4/6 11767/4/6 11796/4/6
f 11796/4/6 11767/4/6 11797/4/6
f 11767/3/6 11768/3/6 11798/3/6
f 11797/4/6 11767/4/6 11798/4/6
f 11768/3/6 11769/3/6 11798/3/6
f 11771/1/6 11772/1/6 11799/1/6
f 11798/3/6 11769/3/6 11799/3/6
f 11772/1/6 11773/1/6 11799/1/6
f 11770/1/6 11771/1/6 11799/1/6
f 11769/1/6 11770/1/6 11799/1/6
f 11799/1/6 11773/1/6 11800/1/6
f 11800/1/6 11773/1/6 11801/1/6
f 11773/3/6 11774/3/6 11802/3/6
f 11801/1/6 11773/1/6 11802/1/6
f 11774/1/6 11775/1/6 11803/1/6
f 11802/3/6 11774/3/6 11803/3/6
f 11775/3/6 11776/3/6 11804/3/6
f 11803/1/6 11775/1/6 11804/1/6
f 11776/2/6 11777/2/6 11805/2/6
f 11804/3/6 11776/3/6 11805/3/6
f 11777/1/6 11778/1/6 11806/1/6
f 11805/2/6 11777/2/6 11806/2/6
f 11778/4/6 11779/4/6 11807/4/6
f 11806/1/6 11778/1/6 11807/1/6
f 11807/4/6 11779/4/6 11808/4/6
f 11779/2/6 11780/2/6 11809/2/6
f 11808/4/6 11779/4/6 11809/4/6
f 11781/3/6 11782/3/6 11810/3/6
f 11809/2/6 11780/2/6 11810/2/6
f 11780/3/6 11781/3/6 11810/3/6
f 11782/2/6 11783/2/6 11811/2/6
f 11810/3/6 11782/3/6 11811/3/6
f 11811/2/6 11783/2/6 11812/2/6
f 11784/3/6 11785/3/6 11813/3/6
f 11812/2/6 11783/2/6 11813/2/6
f 11785/3/6 11786/3/6 11813/3/6
f 11783/3/6 11784/3/6 11813/3/6
f 11786/2/6 11787/2/6 11814/2/6
f 11813/3/6 11786/3/6 11814/3/6
f 11789/3/6 11790/3/6 11815/3/6
f 11814/2/6 11787/2/6 11815/2/6
f 11788/3/6 11789/3/6 11815/3/6
f 11787/3/6 11788/3/6 11815/3/6
f 11815/3/6 11790/3/6 11816/3/6
f 11816/3/6 11790/3/6 11817/3/6
f 11790/1/6 11791/1/6 11818/1/6
f 11817/3/6 11790/3/6 11818/3/6
f 11792/2/6 11793/2/6 11819/2/6
f 11818/1/6 11791/1/6 11819/1/6
f 11791/2/6 11792/2/6 11819/2/6
f 11793/4/6 11794/4/6 11820/4/6
f 11819/2/6 11793/2/6 11820/2/6
f 11820/4/6 11794/4/6 11821/4/6
f 11795/1/6 11796/1/6 11822/1/6
f 11796/4/6 11797/4/6 11823/4/6
f 11822/1/6 11796/1/6 11823/1/6
f 11797/2/6 11798/2/6 11824/2/6
f 11823/4/6 11797/4/6 11824/4/6
f 11798/3/6 11799/3/6 11825/3/6
f 11824/2/6 11798/2/6 11825/2/6
f 11825/3/6 11799/3/6 11826/3/6
f 11799/4/6 11800/4/6 11827/4/6
f 11826/3/6 11799/3/6 11827/3/6
f 11800/1/6 11801/1/6 11828/1/6
f 11827/4/6 11800/4/6 11828/4/6
f 11803/2/6 11804/2/6 11829/2/6
f 11828/1/6 11801/1/6 11829/1/6
f 11802/2/6 11803/2/6 11829/2/6
f 11801/2/6 11802/2/6 11829/2/6
f 11829/2/6 11804/2/6 11830/2/6
f 11830/2/6 11804/2/6 11831/2/6
f 11805/4/6 11806/4/6 11832/4/6
f 11831/2/6 11804/2/6 11832/2/6
f 11804/4/6 11805/4/6 11832/4/6
f 11832/4/6 11806/4/6 11833/4/6
f 11807/1/6 11808/1/6 11834/1/6
f 11833/4/6 11806/4/6 11834/4/6
f 11806/1/6 11807/1/6 11834/1/6
f 11834/1/6 11808/1/6 11835/1/6
f 11808/2/6 11809/2/6 11836/2/6
f 11835/1/6 11808/1/6 11836/1/6
f 11809/2/6 11810/2/6 11836/2/6
f 11836/2/6 11810/2/6 11837/2/6
f 11811/4/6 11812/4/6 11838/4/6
f 11837/2/6 11810/2/6 11838/2/6
f 11810/4/6 11811/4/6 11838/4/6
f 11838/4/6 11812/4/6 11839/4/6
f 11839/4/6 11812/4/6 11840/4/6
f 11812/1/6 11813/1/6 11841/1/6
f 11840/4/6 11812/4/6 11841/4/6
f 11813/4/6 11814/4/6 11842/4/6
f 11841/1/6 11813/1/6 11842/1/6
f 11842/4/6 11814/4/6 11843/4/6
f 11815/3/6 11816/3/6 11844/3/6
f 11843/4/6 11814/4/6 11844/4/6
f 11814/3/6 11815/3/6 11844/3/6
f 11844/3/6 11816/3/6 11845/3/6
f 11816/4/6 11817/4/6 11846/4/6
f 11845/3/6 11816/3/6 11846/3/6
f 11817/2/6 11818/2/6 11847/2/6
f 11846/4/6 11817/4/6 11847/4/6
f 11818/1/6 11819/1/6 11848/1/6
f 11819/4/6 11820/4/6 11848/4/6
f 11848/4/6 11820/4/6 11849/4/6
f 11820/1/6 11821/1/6 11850/1/6
f 11849/4/6 11820/4/6 11850/4/6
f 11850/1/6 11821/1/6 11851/1/6
f 11822/2/6 11823/2/6 11852/2/6
f 11823/1/6 11824/1/6 11853/1/6
f 11852/2/6 11823/2/6 11853/2/6
f 11826/1/6 11827/1/6 11854/1/6
f 11825/3/6 11826/3/6 11854/3/6
f 11827/4/6 11828/4/6 11855/4/6
f 11854/1/6 11827/1/6 11855/1/6
f 11855/4/6 11828/4/6 11856/4/6
f 11828/2/6 11829/2/6 11857/2/6
f 11856/4/6 11828/4/6 11857/4/6
f 11829/4/6 11830/4/6 11858/4/6
f 11857/2/6 11829/2/6 11858/2/6
f 11830/2/6 11831/2/6 11859/2/6
f 11858/4/6 11830/4/6 11859/4/6
f 11831/1/6 11832/1/6 11860/1/6
f 11859/2/6 11831/2/6 11860/2/6
f 11832/3/6 11833/3/6 11861/3/6
f 11860/1/6 11832/1/6 11861/1/6
f 11833/1/6 11834/1/6 11862/1/6
f 11861/3/6 11833/3/6 11862/3/6
f 11834/4/6 11835/4/6 11863/4/6
f 11862/1/6 11834/1/6 11863/1/6
f 11835/3/6 11836/3/6 11864/3/6
f 11863/4/6 11835/4/6 11864/4/6
f 11836/2/6 11837/2/6 11865/2/6
f 11864/3/6 11836/3/6 11865/3/6
f 11837/3/6 11838/3/6 11866/3/6
f 11865/2/6 11837/2/6 11866/2/6
f 11838/4/6 11839/4/6 11867/4/6
f 11866/3/6 11838/3/6 11867/3/6
f 11839/1/6 11840/1/6 11868/1/6
f 11867/4/6 11839/4/6 11868/4/6
f 11840/4/6 11841/4/6 11869/4/6
f 11868/1/6 11840/1/6 11869/1/6
f 11841/2/6 11842/2/6 11870/2/6
f 11869/4/6 11841/4/6 11870/4/6
f 11843/2/6 11844/2/6 11871/2/6
f 11844/4/6 11845/4/6 11872/4/6
f 11871/2/6 11844/2/6 11872/2/6
f 11845/1/6 11846/1/6 11873/1/6
f 11872/4/6 11845/4/6 11873/4/6
f 11846/3/6 11847/3/6 11874/3/6
f 11873/1/6 11846/1/6 11874/1/6
f 11847/2/6 11818/2/6 11875/2/6
f 11874/3/6 11847/3/6 11875/3/6
f 11848/1/6 11849/1/6 11876/1/6
f 11849/2/6 11850/2/6 11876/2/6
f 11850/2/6 11851/2/6 11876/2/6
f 11876/2/6 11851/2/6 11877/2/6
f 11852/4/6 11853/4/6 11878/4/6
f 11853/1/6 11824/1/6 11879/1/6
f 11878/4/6 11853/4/6 11879/4/6
f 11824/4/6 11825/4/6 11880/4/6
f 11879/1/6 11824/1/6 11880/1/6
f 11825/3/6 11854/3/6 11881/3/6
f 11880/4/6 11825/4/6 11881/4/6
f 11855/3/6 11856/3/6 11881/3/6
f 11854/3/6 11855/3/6 11881/3/6
f 11857/1/6 11858/1/6 11882/1/6
f 11881/3/6 11856/3/6 11882/3/6
f 11856/1/6 11857/1/6 11882/1/6
f 11858/2/6 11859/2/6 11883/2/6
f 11882/1/6 11858/1/6 11883/1/6
f 11859/4/6 11860/4/6 11884/4/6
f 11883/2/6 11859/2/6 11884/2/6
f 11860/2/6 11861/2/6 11885/2/6
f 11884/4/6 11860/4/6 11885/4/6
f 11862/1/6 11863/1/6 11886/1/6
f 11885/2/6 11861/2/6 11886/2/6
f 11861/1/6 11862/1/6 11886/1/6
f 11863/2/6 11864/2/6 11887/2/6
f 11886/1/6 11863/1/6 11887/1/6
f 11864/4/6 11865/4/6 11888/4/6
f 11887/2/6 11864/2/6 11888/2/6
f 11865/4/6 11866/4/6 11888/4/6
f 11866/2/6 11867/2/6 11889/2/6
f 11888/4/6 11866/4/6 11889/4/6
f 11867/1/6 11868/1/6 11890/1/6
f 11889/2/6 11867/2/6 11890/2/6
f 11869/2/6 11870/2/6 11891/2/6
f 11890/1/6 11868/1/6 11891/1/6
f 11868/2/6 11869/2/6 11891/2/6
f 11842/1/6 11843/1/6 11892/1/6
f 11891/2/6 11870/2/6 11892/2/6
f 11870/2/6 11842/2/6 11892/2/6
f 11843/2/6 11871/2/6 11893/2/6
f 11892/1/6 11843/1/6 11893/1/6
f 11871/4/6 11872/4/6 11894/4/6
f 11893/2/6 11871/2/6 11894/2/6
f 11872/1/6 11873/1/6 11895/1/6
f 11894/4/6 11872/4/6 11895/4/6
f 11873/4/6 11874/4/6 11896/4/6
f 11895/1/6 11873/1/6 11896/1/6
f 11874/4/6 11875/4/6 11896/4/6
f 11875/2/6 11818/2/6 11897/2/6
f 11896/4/6 11875/4/6 11897/4/6
f 11848/1/6 11876/1/6 11898/1/6
f 11897/2/6 11818/2/6 11898/2/6
f 11818/1/6 11848/1/6 11898/1/6
f 11876/4/6 11877/4/6 11899/4/6
f 11898/1/6 11876/1/6 11899/1/6
f 11899/4/6 11877/4/6 11900/4/6
f 11901/1/6 11902/1/6 11927/1/6
f 11902/2/6 11903/2/6 11928/2/6
f 11927/1/6 11902/1/6 11928/1/6
f 11928/2/6 11903/2/6 11929/2/6
f 11903/4/6 11904/4/6 11930/4/6
f 11929/2/6 11903/2/6 11930/2/6
f 11904/2/6 11905/2/6 11931/2/6
f 11930/4/6 11904/4/6 11931/4/6
f 11905/3/6 11906/3/6 11932/3/6
f 11906/1/6 11907/1/6 11932/1/6
f 11907/3/6 11908/3/6 11933/3/6
f 11932/1/6 11907/1/6 11933/1/6
f 11908/1/6 11909/1/6 11934/1/6
f 11933/3/6 11908/3/6 11934/3/6
f 11934/1/6 11909/1/6 11935/1/6
f 11909/3/6 11910/3/6 11936/3/6
f 11935/1/6 11909/1/6 11936/1/6
f 11910/4/6 11911/4/6 11937/4/6
f 11936/3/6 11910/3/6 11937/3/6
f 11937/4/6 11911/4/6 11938/4/6
f 11911/3/6 11912/3/6 11939/3/6
f 11938/4/6 11911/4/6 11939/4/6
f 11939/3/6 11912/3/6 11940/3/6
f 11912/1/6 11913/1/6 11941/1/6
f 11940/3/6 11912/3/6 11941/3/6
f 11913/3/6 11914/3/6 11942/3/6
f 11941/1/6 11913/1/6 11942/1/6
f 11914/1/6 11915/1/6 11943/1/6
f 11942/3/6 11914/3/6 11943/3/6
f 11915/2/6 11916/2/6 11944/2/6
f 11943/1/6 11915/1/6 11944/1/6
f 11916/3/6 11917/3/6 11945/3/6
f 11944/2/6 11916/2/6 11945/2/6
f 11945/3/6 11917/3/6 11946/3/6
f 11917/4/6 11918/4/6 11947/4/6
f 11946/3/6 11917/3/6 11947/3/6
f 11918/1/6 11919/1/6 11948/1/6
f 11947/4/6 11918/4/6 11948/4/6
f 11919/4/6 11920/4/6 11949/4/6
f 11948/1/6 11919/1/6 11949/1/6
f 11949/4/6 11920/4/6 11950/4/6
f 11920/2/6 11921/2/6 11951/2/6
f 11950/4/6 11920/4/6 11951/4/6
f 11921/1/6 11922/1/6 11952/1/6
f 11951/2/6 11921/2/6 11952/2/6
f 11922/4/6 11923/4/6 11953/4/6
f 11952/1/6 11922/1/6 11953/1/6
f 11923/3/6 11924/3/6 11954/3/6
f 11953/4/6 11923/4/6 11954/4/6
f 11954/3/6 11924/3/6 11955/3/6
f 11924/4/6 11925/4/6 11956/4/6
f 11955/3/6 11924/3/6 11956/3/6
f 11925/3/6 11926/3/6 11957/3/6
f 11956/4/6 11925/4/6 11957/4/6
f 11927/2/6 11928/2/6 11958/2/6
f 11928/4/6 11929/4/6 11959/4/6
f 11958/2/6 11928/2/6 11959/2/6
f 11929/1/6 11930/1/6 11960/1/6
f 11959/4/6 11929/4/6 11960/4/6
f 11930/1/6 11931/1/6 11960/1/6
f 11960/1/6 11931/1/6 11961/1/6
f 11931/2/6 11905/2/6 11962/2/6
f 11961/1/6 11931/1/6 11962/1/6
f 11905/3/6 11932/3/6 11963/3/6
f 11962/2/6 11905/2/6 11963/2/6
f 11932/2/6 11933/2/6 11964/2/6
f 11963/3/6 11932/3/6 11964/3/6
f 11933/2/6 11934/2/6 11964/2/6
f 11964/2/6 11934/2/6 11965/2/6
f 11934/3/6 11935/3/6 11966/3/6
f 11965/2/6 11934/2/6 11966/2/6
f 11935/4/6 11936/4/6 11967/4/6
f 11966/3/6 11935/3/6 11967/3/6
f 11937/4/6 11938/4/6 11967/4/6
f 11936/4/6 11937/4/6 11967/4/6
f 11967/4/6 11938/4/6 11968/4/6
f 11938/3/6 11939/3/6 11969/3/6
f 11968/4/6 11938/4/6 11969/4/6
f 11939/1/6 11940/1/6 11970/1/6
f 11969/3/6 11939/3/6 11970/3/6
f 11940/4/6 11941/4/6 11971/4/6
f 11970/1/6 11940/1/6 11971/1/6
f 11941/4/6 11942/4/6 11971/4/6
f 11971/4/6 11942/4/6 11972/4/6
f 11942/3/6 11943/3/6 11973/3/6
f 11972/4/6 11942/4/6 11973/4/6
f 11943/4/6 11944/4/6 11974/4/6
f 11973/3/6 11943/3/6 11974/3/6
f 11944/4/6 11945/4/6 11974/4/6
f 11974/4/6 11945/4/6 11975/4/6
f 11945/2/6 11946/2/6 11976/2/6
f 11975/4/6 11945/4/6 11976/4/6
f 11946/1/6 11947/1/6 11977/1/6
f 11976/2/6 11946/2/6 11977/2/6
f 11947/1/6 11948/1/6 11977/1/6
f 11948/2/6 11949/2/6 11978/2/6
f 11977/1/6 11948/1/6 11978/1/6
f 11949/4/6 11950/4/6 11979/4/6
f 11978/2/6 11949/2/6 11979/2/6
f 11950/2/6 11951/2/6 11980/2/6
f 11979/4/6 11950/4/6 11980/4/6
f 11951/4/6 11952/4/6 11981/4/6
f 11980/2/6 11951/2/6 11981/2/6
f 11952/2/6 11953/2/6 11982/2/6
f 11981/4/6 11952/4/6 11982/4/6
f 11954/1/6 11955/1/6 11983/1/6
f 11953/1/6 11954/1/6 11983/1/6
f 11955/3/6 11956/3/6 11984/3/6
f 11983/1/6 11955/1/6 11984/1/6
f 11956/3/6 11957/3/6 11984/3/6
f 11984/3/6 11957/3/6 11985/3/6
f 11957/3/6 11926/3/6 11986/3/6
f 11985/3/6 11957/3/6 11986/3/6
f 11986/3/6 11926/3/6 11987/3/6
f 11958/1/6 11959/1/6 11988/1/6
f 11959/1/6 11960/1/6 11988/1/6
f 11988/1/6 11960/1/6 11989/1/6
f 11960/3/6 11961/3/6 11990/3/6
f 11989/1/6 11960/1/6 11990/1/6
f 11961/1/6 11962/1/6 11991/1/6
f 11990/3/6 11961/3/6 11991/3/6
f 11962/4/6 11963/4/6 11992/4/6
f 11991/1/6 11962/1/6 11992/1/6
f 11964/2/6 11965/2/6 11993/2/6
f 11992/4/6 11963/4/6 11993/4/6
f 11963/2/6 11964/2/6 11993/2/6
f 11993/2/6 11965/2/6 11994/2/6
f 11965/1/6 11966/1/6 11995/1/6
f 11994/2/6 11965/2/6 11995/2/6
f 11966/2/6 11967/2/6 11996/2/6
f 11995/1/6 11966/1/6 11996/1/6
f 11967/4/6 11968/4/6 11997/4/6
f 11996/2/6 11967/2/6 11997/2/6
f 11997/4/6 11968/4/6 11998/4/6
f 11968/2/6 11969/2/6 11999/2/6
f 11998/4/6 11968/4/6 11999/4/6
f 11969/3/6 11970/3/6 12000/3/6
f 11999/2/6 11969/2/6 12000/2/6
f 11970/2/6 11971/2/6 12001/2/6
f 12000/3/6 11970/3/6 12001/3/6
f 11971/1/6 11972/1/6 12002/1/6
f 12001/2/6 11971/2/6 12002/2/6
f 11972/2/6 11973/2/6 12003/2/6
f 12002/1/6 11972/1/6 12003/1/6
f 11974/2/6 11975/2/6 12003/2/6
f 11973/2/6 11974/2/6 12003/2/6
f 12003/2/6 11975/2/6 12004/2/6
f 12004/2/6 11975/2/6 12005/2/6
f 11975/1/6 11976/1/6 12006/1/6
f 12005/2/6 11975/2/6 12006/2/6
f 11976/3/6 11977/3/6 12007/3/6
f 12006/1/6 11976/1/6 12007/1/6
f 11977/3/6 11978/3/6 12007/3/6
f 12007/3/6 11978/3/6 12008/3/6
f 11978/1/6 11979/1/6 12009/1/6
f 11979/4/6 11980/4/6 12009/4/6
f 11980/4/6 11981/4/6 12009/4/6
f 12009/4/6 11981/4/6 12010/4/6
f 11981/1/6 11982/1/6 12011/1/6
f 12010/4/6 11981/4/6 12011/4/6
f 11982/2/6 11953/2/6 12012/2/6
f 12011/1/6 11982/1/6 12012/1/6
f 11953/1/6 11983/1/6 12013/1/6
f 12012/2/6 11953/2/6 12013/2/6
f 11983/4/6 11984/4/6 12014/4/6
f 12013/1/6 11983/1/6 12014/1/6
f 11984/2/6 11985/2/6 12015/2/6
f 12014/4/6 11984/4/6 12015/4/6
f 11985/3/6 11986/3/6 12016/3/6
f 12015/2/6 11985/2/6 12016/2/6
f 11986/4/6 11987/4/6 12017/4/6
f 12016/3/6 11986/3/6 12017/3/6
f 12017/4/6 11987/4/6 12018/4/6
f 11988/4/6 11989/4/6 12019/4/6
f 11989/2/6 11990/2/6 12020/2/6
f 12019/4/6 11989/4/6 12020/4/6
f 11990/4/6 11991/4/6 12021/4/6
f 12020/2/6 11990/2/6 12021/2/6
f 11991/2/6 11992/2/6 12022/2/6
f 12021/4/6 11991/4/6 12022/4/6
f 11993/2/6 11994/2/6 12022/2/6
f 11992/2/6 11993/2/6 12022/2/6
f 12022/2/6 11994/2/6 12023/2/6
f 12023/2/6 11994/2/6 12024/2/6
f 11994/3/6 11995/3/6 12025/3/6
f 12024/2/6 11994/2/6 12025/2/6
f 11996/3/6 11997/3/6 12025/3/6
f 11995/3/6 11996/3/6 12025/3/6
f 12025/3/6 11997/3/6 12026/3/6
f 11997/1/6 11998/1/6 12027/1/6
f 12026/3/6 11997/3/6 12027/3/6
f 11998/2/6 11999/2/6 12028/2/6
f 12027/1/6 11998/1/6 12028/1/6
f 11999/3/6 12000/3/6 12029/3/6
f 12028/2/6 11999/2/6 12029/2/6
f 12000/1/6 12001/1/6 12030/1/6
f 12001/4/6 12002/4/6 12030/4/6
f 12003/1/6 12004/1/6 12031/1/6
f 12030/4/6 12002/4/6 12031/4/6
f 12002/1/6 12003/1/6 12031/1/6
f 12031/1/6 12004/1/6 12032/1/6
f 12004/4/6 12005/4/6 12033/4/6
f 12032/1/6 12004/1/6 12033/1/6
f 12005/1/6 12006/1/6 12034/1/6
f 12033/4/6 12005/4/6 12034/4/6
f 12006/3/6 12007/3/6 12035/3/6
f 12034/1/6 12006/1/6 12035/1/6
f 12007/4/6 12008/4/6 12036/4/6
f 12035/3/6 12007/3/6 12036/3/6
f 12036/4/6 12008/4/6 12037/4/6
f 12008/3/6 11978/3/6 12038/3/6
f 12037/4/6 12008/4/6 12038/4/6
f 11978/1/6 12009/1/6 12039/1/6
f 12038/3/6 11978/3/6 12039/3/6
f 12009/2/6 12010/2/6 12040/2/6
f 12039/1/6 12009/1/6 12040/1/6
f 12010/4/6 12011/4/6 12041/4/6
f 12040/2/6 12010/2/6 12041/2/6
f 12011/2/6 12012/2/6 12042/2/6
f 12041/4/6 12011/4/6 12042/4/6
f 12013/2/6 12014/2/6 12043/2/6
f 12012/1/6 12013/1/6 12043/1/6
f 12014/2/6 12015/2/6 12043/2/6
f 12043/2/6 12015/2/6 12044/2/6
f 12015/3/6 12016/3/6 12045/3/6
f 12044/2/6 12015/2/6 12045/2/6
f 12017/1/6 12018/1/6 12046/1/6
f 12016/2/6 12017/2/6 12046/2/6
f 12046/1/6 12018/1/6 12047/1/6
f 12019/1/6 12020/1/6 12048/1/6
f 12020/1/6 12021/1/6 12048/1/6
f 12048/1/6 12021/1/6 12049/1/6
f 12021/2/6 12022/2/6 12050/2/6
f 12049/1/6 12021/1/6 12050/1/6
f 12022/1/6 12023/1/6 12051/1/6
f 12050/2/6 12022/2/6 12051/2/6
f 12023/3/6 12024/3/6 12052/3/6
f 12051/1/6 12023/1/6 12052/1/6
f 12025/1/6 12026/1/6 12053/1/6
f 12052/3/6 12024/3/6 12053/3/6
f 12024/1/6 12025/1/6 12053/1/6
f 12053/1/6 12026/1/6 12054/1/6
f 12026/4/6 12027/4/6 12055/4/6
f 12054/1/6 12026/1/6 12055/1/6
f 12055/4/6 12027/4/6 12056/4/6
f 12027/1/6 12028/1/6 12057/1/6
f 12056/4/6 12027/4/6 12057/4/6
f 12028/3/6 12029/3/6 12058/3/6
f 12057/1/6 12028/1/6 12058/1/6
f 12029/3/6 12000/3/6 12059/3/6
f 12058/3/6 12029/3/6 12059/3/6
f 12031/1/6 12032/1/6 12060/1/6
f 12059/3/6 12000/3/6 12060/3/6
f 12000/1/6 12030/1/6 12060/1/6
f 12030/1/6 12031/1/6 12060/1/6
f 12060/1/6 12032/1/6 12061/1/6
f 12034/4/6 12035/4/6 12062/4/6
f 12033/2/6 12034/2/6 12062/2/6
f 12035/1/6 12036/1/6 12063/1/6
f 12062/4/6 12035/4/6 12063/4/6
f 12036/3/6 12037/3/6 12064/3/6
f 12063/1/6 12036/1/6 12064/1/6
f 12037/1/6 12038/1/6 12065/1/6
f 12064/3/6 12037/3/6 12065/3/6
f 12038/3/6 12039/3/6 12066/3/6
f 12065/1/6 12038/1/6 12066/1/6
f 12039/4/6 12040/4/6 12067/4/6
f 12066/3/6 12039/3/6 12067/3/6
f 12040/3/6 12041/3/6 12068/3/6
f 12067/4/6 12040/4/6 12068/4/6
f 12041/1/6 12042/1/6 12069/1/6
f 12068/3/6 12041/3/6 12069/3/6
f 12042/2/6 12012/2/6 12070/2/6
f 12069/1/6 12042/1/6 12070/1/6
f 12012/1/6 12043/1/6 12071/1/6
f 12070/2/6 12012/2/6 12071/2/6
f 12043/3/6 12044/3/6 12072/3/6
f 12071/1/6 12043/1/6 12072/1/6
f 12044/4/6 12045/4/6 12073/4/6
f 12072/3/6 12044/3/6 12073/3/6
f 12045/3/6 12016/3/6 12074/3/6
f 12073/4/6 12045/4/6 12074/4/6
f 12050/1/6 12051/1/6 12075/1/6
f 12049/1/6 12050/1/6 12075/1/6
f 12048/4/6 12049/4/6 12075/4/6
f 12051/2/6 12052/2/6 12076/2/6
f 12075/1/6 12051/1/6 12076/1/6
f 12052/2/6 12053/2/6 12076/2/6
f 12076/2/6 12053/2/6 12077/2/6
f 12053/4/6 12054/4/6 12078/4/6
f 12077/2/6 12053/2/6 12078/2/6
f 12054/2/6 12055/2/6 12079/2/6
f 12078/4/6 12054/4/6 12079/4/6
f 12055/1/6 12056/1/6 12080/1/6
f 12079/2/6 12055/2/6 12080/2/6
f 12056/2/6 12057/2/6 12081/2/6
f 12080/1/6 12056/1/6 12081/1/6
f 12057/1/6 12058/1/6 12082/1/6
f 12081/2/6 12057/2/6 12082/2/6
f 12058/1/6 12059/1/6 12082/1/6
f 12082/1/6 12059/1/6 12083/1/6
f 12060/4/6 12061/4/6 12084/4/6
f 12083/1/6 12059/1/6 12084/1/6
f 12059/4/6 12060/4/6 12084/4/6
f 12084/4/6 12061/4/6 12085/4/6
f 12061/1/6 12032/1/6 12086/1/6
f 12085/4/6 12061/4/6 12086/4/6
f 12032/4/6 12033/4/6 12087/4/6
f 12086/1/6 12032/1/6 12087/1/6
f 12033/2/6 12062/2/6 12088/2/6
f 12087/4/6 12033/4/6 12088/4/6
f 12062/3/6 12063/3/6 12089/3/6
f 12088/2/6 12062/2/6 12089/2/6
f 12063/4/6 12064/4/6 12090/4/6
f 12089/3/6 12063/3/6 12090/3/6
f 12064/2/6 12065/2/6 12091/2/6
f 12090/4/6 12064/4/6 12091/4/6
f 12065/4/6 12066/4/6 12092/4/6
f 12091/2/6 12065/2/6 12092/2/6
f 12066/3/6 12067/3/6 12093/3/6
f 12092/4/6 12066/4/6 12093/4/6
f 12068/3/6 12069/3/6 12093/3/6
f 12067/3/6 12068/3/6 12093/3/6
f 12093/3/6 12069/3/6 12094/3/6
f 12094/3/6 12069/3/6 12095/3/6
f 12069/2/6 12070/2/6 12096/2/6
f 12095/3/6 12069/3/6 12096/3/6
f 12072/1/6 12073/1/6 12097/1/6
f 12073/1/6 12074/1/6 12097/1/6
f 12071/1/6 12072/1/6 12097/1/6
f 12070/1/6 12071/1/6 12097/1/6
f 12074/3/6 12016/3/6 12098/3/6
f 12097/1/6 12074/1/6 12098/1/6
f 12016/2/6 12046/2/6 12099/2/6
f 12098/3/6 12016/3/6 12099/3/6
f 12046/4/6 12047/4/6 12100/4/6
f 12099/2/6 12046/2/6 12100/2/6
f 12100/4/6 12047/4/6 12101/4/6
f 12048/4/6 12075/4/6 12102/4/6
f 12075/3/6 12076/3/6 12103/3/6
f 12102/4/6 12075/4/6 12103/4/6
f 12103/3/6 12076/3/6 12104/3/6
f 12079/2/6 12080/2/6 12105/2/6
f 12077/1/6 12078/1/6 12105/1/6
f 12078/2/6 12079/2/6 12105/2/6
f 12080/3/6 12081/3/6 12106/3/6
f 12105/2/6 12080/2/6 12106/2/6
f 12081/2/6 12082/2/6 12107/2/6
f 12106/3/6 12081/3/6 12107/3/6
f 12082/4/6 12083/4/6 12108/4/6
f 12107/2/6 12082/2/6 12108/2/6
f 12084/3/6 12085/3/6 12109/3/6
f 12108/4/6 12083/4/6 12109/4/6
f 12083/3/6 12084/3/6 12109/3/6
f 12085/2/6 12086/2/6 12110/2/6
f 12109/3/6 12085/3/6 12110/3/6
f 12087/2/6 12088/2/6 12110/2/6
f 12086/2/6 12087/2/6 12110/2/6
f 12110/2/6 12088/2/6 12111/2/6
f 12088/4/6 12089/4/6 12112/4/6
f 12111/2/6 12088/2/6 12112/2/6
f 12089/1/6 12090/1/6 12113/1/6
f 12112/4/6 12089/4/6 12113/4/6
f 12091/3/6 12092/3/6 12114/3/6
f 12113/1/6 12090/1/6 12114/1/6
f 12090/3/6 12091/3/6 12114/3/6
f 12114/3/6 12092/3/6 12115/3/6
f 12093/1/6 12094/1/6 12116/1/6
f 12115/3/6 12092/3/6 12116/3/6
f 12092/1/6 12093/1/6 12116/1/6
f 12116/1/6 12094/1/6 12117/1/6
f 12094/2/6 12095/2/6 12118/2/6
f 12117/1/6 12094/1/6 12118/1/6
f 12095/1/6 12096/1/6 12119/1/6
f 12118/2/6 12095/2/6 12119/2/6
f 12096/2/6 12070/2/6 12120/2/6
f 12119/1/6 12096/1/6 12120/1/6
f 12070/1/6 12097/1/6 12121/1/6
f 12120/2/6 12070/2/6 12121/2/6
f 12098/2/6 12099/2/6 12122/2/6
f 12121/1/6 12097/1/6 12122/1/6
f 12099/2/6 12100/2/6 12122/2/6
f 12097/2/6 12098/2/6 12122/2/6
f 12122/2/6 12100/2/6 12123/2/6
f 12123/2/6 12100/2/6 12124/2/6
f 12124/2/6 12100/2/6 12125/2/6
f 12100/3/6 12101/3/6 12126/3/6
f 12125/2/6 12100/2/6 12126/2/6
f 12126/3/6 12101/3/6 12127/3/6
f 12102/2/6 12103/2/6 12128/2/6
f 12103/4/6 12104/4/6 12129/4/6
f 12128/2/6 12103/2/6 12129/2/6
f 12104/3/6 12076/3/6 12130/3/6
f 12129/4/6 12104/4/6 12130/4/6
f 12076/2/6 12077/2/6 12131/2/6
f 12130/3/6 12076/3/6 12131/3/6
f 12077/1/6 12105/1/6 12132/1/6
f 12131/2/6 12077/2/6 12132/2/6
f 12105/4/6 12106/4/6 12133/4/6
f 12132/1/6 12105/1/6 12133/1/6
f 12106/1/6 12107/1/6 12134/1/6
f 12133/4/6 12106/4/6 12134/4/6
f 12107/3/6 12108/3/6 12135/3/6
f 12134/1/6 12107/1/6 12135/1/6
f 12108/2/6 12109/2/6 12136/2/6
f 12135/3/6 12108/3/6 12136/3/6
f 12109/3/6 12110/3/6 12137/3/6
f 12136/2/6 12109/2/6 12137/2/6
f 12110/3/6 12111/3/6 12137/3/6
f 12112/2/6 12113/2/6 12138/2/6
f 12137/3/6 12111/3/6 12138/3/6
f 12111/2/6 12112/2/6 12138/2/6
f 12113/3/6 12114/3/6 12139/3/6
f 12138/2/6 12113/2/6 12139/2/6
f 12114/1/6 12115/1/6 12140/1/6
f 12139/3/6 12114/3/6 12140/3/6
f 12115/3/6 12116/3/6 12141/3/6
f 12140/1/6 12115/1/6 12141/1/6
f 12116/2/6 12117/2/6 12142/2/6
f 12141/3/6 12116/3/6 12142/3/6
f 12117/4/6 12118/4/6 12143/4/6
f 12142/2/6 12117/2/6 12143/2/6
f 12118/3/6 12119/3/6 12144/3/6
f 12143/4/6 12118/4/6 12144/4/6
f 12120/2/6 12121/2/6 12145/2/6
f 12144/3/6 12119/3/6 12145/3/6
f 12119/2/6 12120/2/6 12145/2/6
f 12121/4/6 12122/4/6 12146/4/6
f 12145/2/6 12121/2/6 12146/2/6
f 12122/3/6 12123/3/6 12147/3/6
f 12146/4/6 12122/4/6 12147/4/6
f 12123/1/6 12124/1/6 12148/1/6
f 12147/3/6 12123/3/6 12148/3/6
f 12124/2/6 12125/2/6 12149/2/6
f 12148/1/6 12124/1/6 12149/1/6
f 12125/1/6 12126/1/6 12150/1/6
f 12149/2/6 12125/2/6 12150/2/6
f 12126/1/6 12127/1/6 12150/1/6
f 12150/1/6 12127/1/6 12151/1/6
f 12152/3/6 12153/3/6 12176/3/6
f 12153/2/6 12154/2/6 12177/2/6
f 12176/3/6 12153/3/6 12177/3/6
f 12177/2/6 12154/2/6 12178/2/6
f 12154/4/6 12155/4/6 12179/4/6
f 12178/2/6 12154/2/6 12179/2/6
f 12155/3/6 12156/3/6 12180/3/6
f 12179/4/6 12155/4/6 12180/4/6
f 12156/1/6 12157/1/6 12181/1/6
f 12180/3/6 12156/3/6 12181/3/6
f 12157/2/6 12158/2/6 12182/2/6
f 12181/1/6 12157/1/6 12182/1/6
f 12158/1/6 12159/1/6 12183/1/6
f 12182/2/6 12158/2/6 12183/2/6
f 12183/1/6 12159/1/6 12184/1/6
f 12159/3/6 12160/3/6 12185/3/6
f 12184/1/6 12159/1/6 12185/1/6
f 12160/2/6 12161/2/6 12186/2/6
f 12185/3/6 12160/3/6 12186/3/6
f 12161/1/6 12162/1/6 12187/1/6
f 12186/2/6 12161/2/6 12187/2/6
f 12162/2/6 12163/2/6 12188/2/6
f 12187/1/6 12162/1/6 12188/1/6
f 12163/1/6 12164/1/6 12189/1/6
f 12188/2/6 12163/2/6 12189/2/6
f 12164/3/6 12165/3/6 12190/3/6
f 12189/1/6 12164/1/6 12190/1/6
f 12190/3/6 12165/3/6 12191/3/6
f 12165/1/6 12166/1/6 12192/1/6
f 12191/3/6 12165/3/6 12192/3/6
f 12166/3/6 12167/3/6 12193/3/6
f 12192/1/6 12166/1/6 12193/1/6
f 12167/1/6 12168/1/6 12194/1/6
f 12193/3/6 12167/3/6 12194/3/6
f 12168/3/6 12169/3/6 12195/3/6
f 12194/1/6 12168/1/6 12195/1/6
f 12195/3/6 12169/3/6 12196/3/6
f 12169/2/6 12170/2/6 12197/2/6
f 12170/4/6 12171/4/6 12197/4/6
f 12171/1/6 12172/1/6 12198/1/6
f 12197/4/6 12171/4/6 12198/4/6
f 12172/2/6 12173/2/6 12199/2/6
f 12198/1/6 12172/1/6 12199/1/6
f 12173/4/6 12174/4/6 12200/4/6
f 12199/2/6 12173/2/6 12200/2/6
f 12174/2/6 12175/2/6 12201/2/6
f 12200/4/6 12174/4/6 12201/4/6
f 12201/2/6 12175/2/6 12202/2/6
f 12176/1/6 12177/1/6 12203/1/6
f 12177/3/6 12178/3/6 12204/3/6
f 12203/1/6 12177/1/6 12204/1/6
f 12178/4/6 12179/4/6 12205/4/6
f 12204/3/6 12178/3/6 12205/3/6
f 12179/2/6 12180/2/6 12206/2/6
f 12205/4/6 12179/4/6 12206/4/6
f 12180/1/6 12181/1/6 12207/1/6
f 12206/2/6 12180/2/6 12207/2/6
f 12181/4/6 12182/4/6 12208/4/6
f 12207/1/6 12181/1/6 12208/1/6
f 12182/4/6 12183/4/6 12208/4/6
f 12208/4/6 12183/4/6 12209/4/6
f 12209/4/6 12183/4/6 12210/4/6
f 12183/1/6 12184/1/6 12211/1/6
f 12210/4/6 12183/4/6 12211/4/6
f 12184/3/6 12185/3/6 12212/3/6
f 12211/1/6 12184/1/6 12212/1/6
f 12185/2/6 12186/2/6 12213/2/6
f 12212/3/6 12185/3/6 12213/3/6
f 12213/2/6 12186/2/6 12214/2/6
f 12186/4/6 12187/4/6 12215/4/6
f 12214/2/6 12186/2/6 12215/2/6
f 12187/2/6 12188/2/6 12216/2/6
f 12215/4/6 12187/4/6 12216/4/6
f 12188/2/6 12189/2/6 12216/2/6
f 12190/2/6 12191/2/6 12216/2/6
f 12189/2/6 12190/2/6 12216/2/6
f 12216/2/6 12191/2/6 12217/2/6
f 12217/2/6 12191/2/6 12218/2/6
f 12218/2/6 12191/2/6 12219/2/6
f 12219/2/6 12191/2/6 12220/2/6
f 12220/2/6 12191/2/6 12221/2/6
f 12191/3/6 12192/3/6 12222/3/6
f 12221/2/6 12191/2/6 12222/2/6
f 12192/4/6 12193/4/6 12223/4/6
f 12222/3/6 12192/3/6 12223/3/6
f 12193/1/6 12194/1/6 12224/1/6
f 12194/1/6 12195/1/6 12224/1/6
f 12195/2/6 12196/2/6 12225/2/6
f 12224/1/6 12195/1/6 12225/1/6
f 12196/3/6 12169/3/6 12226/3/6
f 12225/2/6 12196/2/6 12226/2/6
f 12169/2/6 12197/2/6 12227/2/6
f 12226/3/6 12169/3/6 12227/3/6
f 12197/3/6 12198/3/6 12228/3/6
f 12227/2/6 12197/2/6 12228/2/6
f 12228/3/6 12198/3/6 12229/3/6
f 12199/1/6 12200/1/6 12230/1/6
f 12229/3/6 12198/3/6 12230/3/6
f 12198/1/6 12199/1/6 12230/1/6
f 12201/1/6 12202/1/6 12230/1/6
f 12200/1/6 12201/1/6 12230/1/6
f 12230/1/6 12202/1/6 12231/1/6
f 12231/1/6 12202/1/6 12232/1/6
f 12232/1/6 12202/1/6 12233/1/6
f 12203/4/6 12204/4/6 12234/4/6
f 12204/4/6 12205/4/6 12234/4/6
f 12205/4/6 12206/4/6 12234/4/6
f 12234/4/6 12206/4/6 12235/4/6
f 12206/3/6 12207/3/6 12236/3/6
f 12235/4/6 12206/4/6 12236/4/6
f 12208/2/6 12209/2/6 12237/2/6
f 12236/3/6 12207/3/6 12237/3/6
f 12207/2/6 12208/2/6 12237/2/6
f 12237/2/6 12209/2/6 12238/2/6
f 12209/1/6 12210/1/6 12239/1/6
f 12238/2/6 12209/2/6 12239/2/6
f 12210/2/6 12211/2/6 12240/2/6
f 12239/1/6 12210/1/6 12240/1/6
f 12211/4/6 12212/4/6 12241/4/6
f 12240/2/6 12211/2/6 12241/2/6
f 12213/2/6 12214/2/6 12242/2/6
f 12241/4/6 12212/4/6 12242/4/6
f 12212/2/6 12213/2/6 12242/2/6
f 12214/3/6 12215/3/6 12243/3/6
f 12242/2/6 12214/2/6 12243/2/6
f 12215/2/6 12216/2/6 12244/2/6
f 12243/3/6 12215/3/6 12244/3/6
f 12216/3/6 12217/3/6 12245/3/6
f 12244/2/6 12216/2/6 12245/2/6
f 12217/1/6 12218/1/6 12246/1/6
f 12245/3/6 12217/3/6 12246/3/6
f 12218/3/6 12219/3/6 12247/3/6
f 12246/1/6 12218/1/6 12247/1/6
f 12219/1/6 12220/1/6 12248/1/6
f 12247/3/6 12219/3/6 12248/3/6
f 12220/3/6 12221/3/6 12249/3/6
f 12248/1/6 12220/1/6 12249/1/6
f 12221/2/6 12222/2/6 12250/2/6
f 12249/3/6 12221/3/6 12250/3/6
f 12222/4/6 12223/4/6 12251/4/6
f 12250/2/6 12222/2/6 12251/2/6
f 12223/4/6 12193/4/6 12252/4/6
f 12251/4/6 12223/4/6 12252/4/6
f 12193/1/6 12224/1/6 12253/1/6
f 12252/4/6 12193/4/6 12253/4/6
f 12224/3/6 12225/3/6 12254/3/6
f 12253/1/6 12224/1/6 12254/1/6
f 12225/4/6 12226/4/6 12255/4/6
f 12254/3/6 12225/3/6 12255/3/6
f 12226/2/6 12227/2/6 12256/2/6
f 12255/4/6 12226/4/6 12256/4/6
f 12227/1/6 12228/1/6 12257/1/6
f 12256/2/6 12227/2/6 12257/2/6
f 12228/2/6 12229/2/6 12258/2/6
f 12257/1/6 12228/1/6 12258/1/6
f 12229/4/6 12230/4/6 12259/4/6
f 12258/2/6 12229/2/6 12259/2/6
f 12230/3/6 12231/3/6 12260/3/6
f 12259/4/6 12230/4/6 12260/4/6
f 12231/2/6 12232/2/6 12261/2/6
f 12260/3/6 12231/3/6 12261/3/6
f 12232/3/6 12233/3/6 12262/3/6
f 12261/2/6 12232/2/6 12262/2/6
f 12262/3/6 12233/3/6 12263/3/6
f 12263/3/6 12233/3/6 12264/3/6
f 12203/4/6 12234/4/6 12265/4/6
f 12234/1/6 12235/1/6 12266/1/6
f 12265/4/6 12234/4/6 12266/4/6
f 12235/3/6 12236/3/6 12267/3/6
f 12266/1/6 12235/1/6 12267/1/6
f 12236/2/6 12237/2/6 12268/2/6
f 12267/3/6 12236/3/6 12268/3/6
f 12237/1/6 12238/1/6 12269/1/6
f 12268/2/6 12237/2/6 12269/2/6
f 12238/4/6 12239/4/6 12270/4/6
f 12269/1/6 12238/1/6 12270/1/6
f 12239/4/6 12240/4/6 12270/4/6
f 12240/1/6 12241/1/6 12271/1/6
f 12270/4/6 12240/4/6 12271/4/6
f 12241/2/6 12242/2/6 12272/2/6
f 12271/1/6 12241/1/6 12272/1/6
f 12242/3/6 12243/3/6 12273/3/6
f 12272/2/6 12242/2/6 12273/2/6
f 12243/1/6 12244/1/6 12274/1/6
f 12273/3/6 12243/3/6 12274/3/6
f 12244/4/6 12245/4/6 12275/4/6
f 12274/1/6 12244/1/6 12275/1/6
f 12246/2/6 12247/2/6 12276/2/6
f 12275/4/6 12245/4/6 12276/4/6
f 12245/2/6 12246/2/6 12276/2/6
f 12276/2/6 12247/2/6 12277/2/6
f 12247/3/6 12248/3/6 12278/3/6
f 12277/2/6 12247/2/6 12278/2/6
f 12248/4/6 12249/4/6 12279/4/6
f 12278/3/6 12248/3/6 12279/3/6
f 12249/4/6 12250/4/6 12279/4/6
f 12279/4/6 12250/4/6 12280/4/6
f 12250/1/6 12251/1/6 12281/1/6
f 12280/4/6 12250/4/6 12281/4/6
f 12251/2/6 12252/2/6 12282/2/6
f 12281/1/6 12251/1/6 12282/1/6
f 12252/4/6 12253/4/6 12283/4/6
f 12282/2/6 12252/2/6 12283/2/6
f 12253/3/6 12254/3/6 12284/3/6
f 12283/4/6 12253/4/6 12284/4/6
f 12254/1/6 12255/1/6 12285/1/6
f 12284/3/6 12254/3/6 12285/3/6
f 12255/4/6 12256/4/6 12286/4/6
f 12285/1/6 12255/1/6 12286/1/6
f 12256/1/6 12257/1/6 12287/1/6
f 12286/4/6 12256/4/6 12287/4/6
f 12259/4/6 12260/4/6 12288/4/6
f 12287/1/6 12257/1/6 12288/1/6
f 12257/4/6 12258/4/6 12288/4/6
f 12258/4/6 12259/4/6 12288/4/6
f 12288/4/6 12260/4/6 12289/4/6
f 12260/1/6 12261/1/6 12290/1/6
f 12289/4/6 12260/4/6 12290/4/6
f 12262/2/6 12263/2/6 12291/2/6
f 12290/1/6 12261/1/6 12291/1/6
f 12261/2/6 12262/2/6 12291/2/6
f 12291/2/6 12263/2/6 12292/2/6
f 12263/1/6 12264/1/6 12293/1/6
f 12292/2/6 12263/2/6 12293/2/6
f 12293/1/6 12264/1/6 12294/1/6
f 12267/2/6 12268/2/6 12295/2/6
f 12268/4/6 12269/4/6 12295/4/6
f 12266/2/6 12267/2/6 12295/2/6
f 12269/1/6 12270/1/6 12296/1/6
f 12295/4/6 12269/4/6 12296/4/6
f 12270/1/6 12271/1/6 12296/1/6
f 12296/1/6 12271/1/6 12297/1/6
f 12271/4/6 12272/4/6 12298/4/6
f 12297/1/6 12271/1/6 12298/1/6
f 12272/1/6 12273/1/6 12299/1/6
f 12298/4/6 12272/4/6 12299/4/6
f 12274/3/6 12275/3/6 12300/3/6
f 12299/1/6 12273/1/6 12300/1/6
f 12273/3/6 12274/3/6 12300/3/6
f 12300/3/6 12275/3/6 12301/3/6
f 12301/3/6 12275/3/6 12302/3/6
f 12275/4/6 12276/4/6 12303/4/6
f 12302/3/6 12275/3/6 12303/3/6
f 12276/3/6 12277/3/6 12304/3/6
f 12303/4/6 12276/4/6 12304/4/6
f 12277/1/6 12278/1/6 12305/1/6
f 12304/3/6 12277/3/6 12305/3/6
f 12278/3/6 12279/3/6 12306/3/6
f 12305/1/6 12278/1/6 12306/1/6
f 12279/1/6 12280/1/6 12307/1/6
f 12306/3/6 12279/3/6 12307/3/6
f 12280/3/6 12281/3/6 12308/3/6
f 12307/1/6 12280/1/6 12308/1/6
f 12281/4/6 12282/4/6 12309/4/6
f 12308/3/6 12281/3/6 12309/3/6
f 12282/3/6 12283/3/6 12310/3/6
f 12309/4/6 12282/4/6 12310/4/6
f 12283/2/6 12284/2/6 12311/2/6
f 12310/3/6 12283/3/6 12311/3/6
f 12284/1/6 12285/1/6 12312/1/6
f 12311/2/6 12284/2/6 12312/2/6
f 12285/4/6 12286/4/6 12313/4/6
f 12312/1/6 12285/1/6 12313/1/6
f 12286/4/6 12287/4/6 12313/4/6
f 12313/4/6 12287/4/6 12314/4/6
f 12287/3/6 12288/3/6 12315/3/6
f 12314/4/6 12287/4/6 12315/4/6
f 12288/2/6 12289/2/6 12316/2/6
f 12315/3/6 12288/3/6 12316/3/6
f 12289/1/6 12290/1/6 12317/1/6
f 12316/2/6 12289/2/6 12317/2/6
f 12317/1/6 12290/1/6 12318/1/6
f 12290/3/6 12291/3/6 12319/3/6
f 12318/1/6 12290/1/6 12319/1/6
f 12291/2/6 12292/2/6 12320/2/6
f 12319/3/6 12291/3/6 12320/3/6
f 12293/3/6 12294/3/6 12321/3/6
f 12320/2/6 12292/2/6 12321/2/6
f 12292/3/6 12293/3/6 12321/3/6
f 12321/3/6 12294/3/6 12322/3/6
f 12265/1/6 12266/1/6 12323/1/6
f 12266/2/6 12295/2/6 12324/2/6
f 12323/1/6 12266/1/6 12324/1/6
f 12296/2/6 12297/2/6 12324/2/6
f 12295/2/6 12296/2/6 12324/2/6
f 12324/2/6 12297/2/6 12325/2/6
f 12325/2/6 12297/2/6 12326/2/6
f 12326/2/6 12297/2/6 12327/2/6
f 12297/4/6 12298/4/6 12328/4/6
f 12327/2/6 12297/2/6 12328/2/6
f 12300/1/6 12301/1/6 12329/1/6
f 12328/4/6 12298/4/6 12329/4/6
f 12298/1/6 12299/1/6 12329/1/6
f 12299/1/6 12300/1/6 12329/1/6
f 12329/1/6 12301/1/6 12330/1/6
f 12330/1/6 12301/1/6 12331/1/6
f 12302/2/6 12303/2/6 12332/2/6
f 12301/4/6 12302/4/6 12332/4/6
f 12303/4/6 12304/4/6 12333/4/6
f 12332/2/6 12303/2/6 12333/2/6
f 12304/2/6 12305/2/6 12334/2/6
f 12333/4/6 12304/4/6 12334/4/6
f 12305/3/6 12306/3/6 12335/3/6
f 12306/2/6 12307/2/6 12335/2/6
f 12307/3/6 12308/3/6 12336/3/6
f 12335/2/6 12307/2/6 12336/2/6
f 12308/4/6 12309/4/6 12337/4/6
f 12336/3/6 12308/3/6 12337/3/6
f 12309/4/6 12310/4/6 12337/4/6
f 12337/4/6 12310/4/6 12338/4/6
f 12310/2/6 12311/2/6 12339/2/6
f 12338/4/6 12310/4/6 12339/4/6
f 12311/4/6 12312/4/6 12340/4/6
f 12339/2/6 12311/2/6 12340/2/6
f 12313/1/6 12314/1/6 12341/1/6
f 12340/4/6 12312/4/6 12341/4/6
f 12312/1/6 12313/1/6 12341/1/6
f 12314/4/6 12315/4/6 12342/4/6
f 12341/1/6 12314/1/6 12342/1/6
f 12315/1/6 12316/1/6 12343/1/6
f 12342/4/6 12315/4/6 12343/4/6
f 12316/4/6 12317/4/6 12344/4/6
f 12343/1/6 12316/1/6 12344/1/6
f 12317/3/6 12318/3/6 12345/3/6
f 12344/4/6 12317/4/6 12345/4/6
f 12318/4/6 12319/4/6 12346/4/6
f 12345/3/6 12318/3/6 12346/3/6
f 12319/2/6 12320/2/6 12347/2/6
f 12346/4/6 12319/4/6 12347/4/6
f 12320/1/6 12321/1/6 12348/1/6
f 12347/2/6 12320/2/6 12348/2/6
f 12321/2/6 12322/2/6 12349/2/6
f 12348/1/6 12321/1/6 12349/1/6
f 12322/3/6 12294/3/6 12350/3/6
f 12349/2/6 12322/2/6 12350/2/6
f 12350/3/6 12294/3/6 12351/3/6
f 12323/4/6 12324/4/6 12352/4/6
f 12324/2/6 12325/2/6 12353/2/6
f 12352/4/6 12324/4/6 12353/4/6
f 12325/4/6 12326/4/6 12354/4/6
f 12353/2/6 12325/2/6 12354/2/6
f 12326/3/6 12327/3/6 12355/3/6
f 12354/4/6 12326/4/6 12355/4/6
f 12327/4/6 12328/4/6 12356/4/6
f 12355/3/6 12327/3/6 12356/3/6
f 12328/2/6 12329/2/6 12357/2/6
f 12356/4/6 12328/4/6 12357/4/6
f 12329/1/6 12330/1/6 12358/1/6
f 12357/2/6 12329/2/6 12358/2/6
f 12330/4/6 12331/4/6 12359/4/6
f 12358/1/6 12330/1/6 12359/1/6
f 12331/1/6 12301/1/6 12360/1/6
f 12359/4/6 12331/4/6 12360/4/6
f 12301/4/6 12332/4/6 12361/4/6
f 12360/1/6 12301/1/6 12361/1/6
f 12332/1/6 12333/1/6 12362/1/6
f 12361/4/6 12332/4/6 12362/4/6
f 12333/2/6 12334/2/6 12363/2/6
f 12362/1/6 12333/1/6 12363/1/6
f 12334/2/6 12305/2/6 12364/2/6
f 12363/2/6 12334/2/6 12364/2/6
f 12305/3/6 12335/3/6 12365/3/6
f 12364/2/6 12305/2/6 12365/2/6
f 12335/3/6 12336/3/6 12365/3/6
f 12336/4/6 12337/4/6 12366/4/6
f 12365/3/6 12336/3/6 12366/3/6
f 12337/1/6 12338/1/6 12367/1/6
f 12366/4/6 12337/4/6 12367/4/6
f 12338/4/6 12339/4/6 12368/4/6
f 12367/1/6 12338/1/6 12368/1/6
f 12339/1/6 12340/1/6 12369/1/6
f 12368/4/6 12339/4/6 12369/4/6
f 12340/3/6 12341/3/6 12370/3/6
f 12369/1/6 12340/1/6 12370/1/6
f 12341/2/6 12342/2/6 12371/2/6
f 12370/3/6 12341/3/6 12371/3/6
f 12371/2/6 12342/2/6 12372/2/6
f 12342/1/6 12343/1/6 12373/1/6
f 12372/2/6 12342/2/6 12373/2/6
f 12343/4/6 12344/4/6 12374/4/6
f 12373/1/6 12343/1/6 12374/1/6
f 12344/3/6 12345/3/6 12375/3/6
f 12374/4/6 12344/4/6 12375/4/6
f 12345/1/6 12346/1/6 12376/1/6
f 12375/3/6 12345/3/6 12376/3/6
f 12346/1/6 12347/1/6 12376/1/6
f 12376/1/6 12347/1/6 12377/1/6
f 12347/4/6 12348/4/6 12378/4/6
f 12377/1/6 12347/1/6 12378/1/6
f 12348/3/6 12349/3/6 12379/3/6
f 12378/4/6 12348/4/6 12379/4/6
f 12350/2/6 12351/2/6 12380/2/6
f 12379/3/6 12349/3/6 12380/3/6
f 12349/2/6 12350/2/6 12380/2/6
f 12380/2/6 12351/2/6 12381/2/6
f 12381/2/6 12351/2/6 12382/2/6
f 12352/2/6 12353/2/6 12383/2/6
f 12353/1/6 12354/1/6 12384/1/6
f 12383/2/6 12353/2/6 12384/2/6
f 12354/4/6 12355/4/6 12385/4/6
f 12384/1/6 12354/1/6 12385/1/6
f 12356/4/6 12357/4/6 12385/4/6
f 12357/4/6 12358/4/6 12385/4/6
f 12355/4/6 12356/4/6 12385/4/6
f 12358/1/6 12359/1/6 12386/1/6
f 12385/4/6 12358/4/6 12386/4/6
f 12359/1/6 12360/1/6 12386/1/6
f 12360/4/6 12361/4/6 12387/4/6
f 12386/1/6 12360/1/6 12387/1/6
f 12361/1/6 12362/1/6 12388/1/6
f 12387/4/6 12361/4/6 12388/4/6
f 12362/3/6 12363/3/6 12389/3/6
f 12388/1/6 12362/1/6 12389/1/6
f 12363/2/6 12364/2/6 12390/2/6
f 12389/3/6 12363/3/6 12390/3/6
f 12364/4/6 12365/4/6 12391/4/6
f 12390/2/6 12364/2/6 12391/2/6
f 12366/2/6 12367/2/6 12392/2/6
f 12391/4/6 12365/4/6 12392/4/6
f 12365/2/6 12366/2/6 12392/2/6
f 12367/4/6 12368/4/6 12393/4/6
f 12392/2/6 12367/2/6 12393/2/6
f 12368/2/6 12369/2/6 12394/2/6
f 12393/4/6 12368/4/6 12394/4/6
f 12369/3/6 12370/3/6 12395/3/6
f 12394/2/6 12369/2/6 12395/2/6
f 12371/2/6 12372/2/6 12396/2/6
f 12395/3/6 12370/3/6 12396/3/6
f 12370/2/6 12371/2/6 12396/2/6
f 12372/4/6 12373/4/6 12397/4/6
f 12396/2/6 12372/2/6 12397/2/6
f 12373/2/6 12374/2/6 12398/2/6
f 12397/4/6 12373/4/6 12398/4/6
f 12374/1/6 12375/1/6 12399/1/6
f 12398/2/6 12374/2/6 12399/2/6
f 12375/2/6 12376/2/6 12400/2/6
f 12399/1/6 12375/1/6 12400/1/6
f 12376/2/6 12377/2/6 12400/2/6
f 12377/4/6 12378/4/6 12401/4/6
f 12400/2/6 12377/2/6 12401/2/6
f 12378/3/6 12379/3/6 12402/3/6
f 12401/4/6 12378/4/6 12402/4/6
f 12379/4/6 12380/4/6 12403/4/6
f 12402/3/6 12379/3/6 12403/3/6
f 12380/1/6 12381/1/6 12404/1/6
f 12403/4/6 12380/4/6 12404/4/6
f 12381/4/6 12382/4/6 12405/4/6
f 12404/1/6 12381/1/6 12405/1/6
f 12405/4/6 12382/4/6 12406/4/6
f 12407/1/6 12408/1/6 12434/1/6
f 12408/4/6 12409/4/6 12435/4/6
f 12434/1/6 12408/1/6 12435/1/6
f 12409/1/6 12410/1/6 12436/1/6
f 12435/4/6 12409/4/6 12436/4/6
f 12436/1/6 12410/1/6 12437/1/6
f 12410/4/6 12411/4/6 12438/4/6
f 12437/1/6 12410/1/6 12438/1/6
f 12411/3/6 12412/3/6 12439/3/6
f 12438/4/6 12411/4/6 12439/4/6
f 12412/2/6 12413/2/6 12440/2/6
f 12439/3/6 12412/3/6 12440/3/6
f 12413/4/6 12414/4/6 12441/4/6
f 12440/2/6 12413/2/6 12441/2/6
f 12414/2/6 12415/2/6 12442/2/6
f 12441/4/6 12414/4/6 12442/4/6
f 12415/4/6 12416/4/6 12443/4/6
f 12442/2/6 12415/2/6 12443/2/6
f 12443/4/6 12416/4/6 12444/4/6
f 12416/2/6 12417/2/6 12445/2/6
f 12444/4/6 12416/4/6 12445/4/6
f 12417/4/6 12418/4/6 12446/4/6
f 12445/2/6 12417/2/6 12446/2/6
f 12418/2/6 12419/2/6 12447/2/6
f 12446/4/6 12418/4/6 12447/4/6
f 12447/2/6 12419/2/6 12448/2/6
f 12419/1/6 12420/1/6 12449/1/6
f 12420/4/6 12421/4/6 12449/4/6
f 12421/3/6 12422/3/6 12450/3/6
f 12449/4/6 12421/4/6 12450/4/6
f 12422/1/6 12423/1/6 12451/1/6
f 12450/3/6 12422/3/6 12451/3/6
f 12423/3/6 12424/3/6 12452/3/6
f 12451/1/6 12423/1/6 12452/1/6
f 12424/4/6 12425/4/6 12453/4/6
f 12452/3/6 12424/3/6 12453/3/6
f 12453/4/6 12425/4/6 12454/4/6
f 12425/1/6 12426/1/6 12455/1/6
f 12454/4/6 12425/4/6 12455/4/6
f 12455/1/6 12426/1/6 12456/1/6
f 12426/4/6 12427/4/6 12457/4/6
f 12456/1/6 12426/1/6 12457/1/6
f 12427/3/6 12428/3/6 12458/3/6
f 12457/4/6 12427/4/6 12458/4/6
f 12428/1/6 12429/1/6 12459/1/6
f 12458/3/6 12428/3/6 12459/3/6
f 12429/4/6 12430/4/6 12460/4/6
f 12459/1/6 12429/1/6 12460/1/6
f 12460/4/6 12430/4/6 12461/4/6
f 12430/3/6 12431/3/6 12462/3/6
f 12461/4/6 12430/4/6 12462/4/6
f 12431/4/6 12432/4/6 12463/4/6
f 12462/3/6 12431/3/6 12463/3/6
f 12432/2/6 12433/2/6 12464/2/6
f 12463/4/6 12432/4/6 12464/4/6
f 12464/2/6 12433/2/6 12465/2/6
f 12434/2/6 12435/2/6 12466/2/6
f 12435/3/6 12436/3/6 12466/3/6
f 12436/1/6 12437/1/6 12467/1/6
f 12466/3/6 12436/3/6 12467/3/6
f 12437/3/6 12438/3/6 12468/3/6
f 12467/1/6 12437/1/6 12468/1/6
f 12438/2/6 12439/2/6 12469/2/6
f 12468/3/6 12438/3/6 12469/3/6
f 12439/4/6 12440/4/6 12470/4/6
f 12469/2/6 12439/2/6 12470/2/6
f 12440/2/6 12441/2/6 12471/2/6
f 12470/4/6 12440/4/6 12471/4/6
f 12441/2/6 12442/2/6 12471/2/6
f 12471/2/6 12442/2/6 12472/2/6
f 12442/1/6 12443/1/6 12473/1/6
f 12472/2/6 12442/2/6 12473/2/6
f 12443/2/6 12444/2/6 12474/2/6
f 12473/1/6 12443/1/6 12474/1/6
f 12444/1/6 12445/1/6 12475/1/6
f 12474/2/6 12444/2/6 12475/2/6
f 12445/4/6 12446/4/6 12476/4/6
f 12475/1/6 12445/1/6 12476/1/6
f 12446/3/6 12447/3/6 12477/3/6
f 12476/4/6 12446/4/6 12477/4/6
f 12447/4/6 12448/4/6 12478/4/6
f 12477/3/6 12447/3/6 12478/3/6
f 12448/2/6 12419/2/6 12479/2/6
f 12478/4/6 12448/4/6 12479/4/6
f 12419/1/6 12449/1/6 12480/1/6
f 12479/2/6 12419/2/6 12480/2/6
f 12449/2/6 12450/2/6 12481/2/6
f 12480/1/6 12449/1/6 12481/1/6
f 12450/3/6 12451/3/6 12482/3/6
f 12481/2/6 12450/2/6 12482/2/6
f 12451/3/6 12452/3/6 12482/3/6
f 12452/4/6 12453/4/6 12483/4/6
f 12482/3/6 12452/3/6 12483/3/6
f 12453/1/6 12454/1/6 12484/1/6
f 12454/3/6 12455/3/6 12484/3/6
f 12455/4/6 12456/4/6 12485/4/6
f 12484/3/6 12455/3/6 12485/3/6
f 12456/2/6 12457/2/6 12486/2/6
f 12485/4/6 12456/4/6 12486/4/6
f 12457/2/6 12458/2/6 12486/2/6
f 12458/4/6 12459/4/6 12487/4/6
f 12486/2/6 12458/2/6 12487/2/6
f 12459/1/6 12460/1/6 12488/1/6
f 12487/4/6 12459/4/6 12488/4/6
f 12460/3/6 12461/3/6 12489/3/6
f 12488/1/6 12460/1/6 12489/1/6
f 12461/2/6 12462/2/6 12490/2/6
f 12489/3/6 12461/3/6 12490/3/6
f 12462/3/6 12463/3/6 12491/3/6
f 12490/2/6 12462/2/6 12491/2/6
f 12463/3/6 12464/3/6 12491/3/6
f 12491/3/6 12464/3/6 12492/3/6
f 12464/1/6 12465/1/6 12493/1/6
f 12492/3/6 12464/3/6 12493/3/6
f 12493/1/6 12465/1/6 12494/1/6
f 12434/2/6 12466/2/6 12495/2/6
f 12466/2/6 12467/2/6 12495/2/6
f 12495/2/6 12467/2/6 12496/2/6
f 12467/4/6 12468/4/6 12497/4/6
f 12496/2/6 12467/2/6 12497/2/6
f 12468/1/6 12469/1/6 12498/1/6
f 12497/4/6 12468/4/6 12498/4/6
f 12469/1/6 12470/1/6 12498/1/6
f 12498/1/6 12470/1/6 12499/1/6
f 12470/2/6 12471/2/6 12500/2/6
f 12499/1/6 12470/1/6 12500/1/6
f 12471/2/6 12472/2/6 12500/2/6
f 12500/2/6 12472/2/6 12501/2/6
f 12472/4/6 12473/4/6 12502/4/6
f 12501/2/6 12472/2/6 12502/2/6
f 12473/2/6 12474/2/6 12503/2/6
f 12502/4/6 12473/4/6 12503/4/6
f 12474/3/6 12475/3/6 12504/3/6
f 12503/2/6 12474/2/6 12504/2/6
f 12475/3/6 12476/3/6 12504/3/6
f 12504/3/6 12476/3/6 12505/3/6
f 12476/2/6 12477/2/6 12506/2/6
f 12505/3/6 12476/3/6 12506/3/6
f 12477/4/6 12478/4/6 12507/4/6
f 12506/2/6 12477/2/6 12507/2/6
f 12478/3/6 12479/3/6 12508/3/6
f 12507/4/6 12478/4/6 12508/4/6
f 12479/2/6 12480/2/6 12509/2/6
f 12508/3/6 12479/3/6 12509/3/6
f 12480/2/6 12481/2/6 12509/2/6
f 12481/2/6 12482/2/6 12509/2/6
f 12509/2/6 12482/2/6 12510/2/6
f 12482/4/6 12483/4/6 12511/4/6
f 12510/2/6 12482/2/6 12511/2/6
f 12511/4/6 12483/4/6 12512/4/6
f 12483/4/6 12453/4/6 12513/4/6
f 12512/4/6 12483/4/6 12513/4/6
f 12453/1/6 12484/1/6 12514/1/6
f 12513/4/6 12453/4/6 12514/4/6
f 12484/2/6 12485/2/6 12515/2/6
f 12514/1/6 12484/1/6 12515/1/6
f 12489/1/6 12490/1/6 12516/1/6
f 12515/2/6 12485/2/6 12516/2/6
f 12486/1/6 12487/1/6 12516/1/6
f 12485/1/6 12486/1/6 12516/1/6
f 12487/1/6 12488/1/6 12516/1/6
f 12488/1/6 12489/1/6 12516/1/6
f 12516/1/6 12490/1/6 12517/1/6
f 12517/1/6 12490/1/6 12518/1/6
f 12518/1/6 12490/1/6 12519/1/6
f 12490/4/6 12491/4/6 12520/4/6
f 12519/1/6 12490/1/6 12520/1/6
f 12491/3/6 12492/3/6 12521/3/6
f 12520/4/6 12491/4/6 12521/4/6
f 12492/4/6 12493/4/6 12522/4/6
f 12521/3/6 12492/3/6 12522/3/6
f 12493/3/6 12494/3/6 12523/3/6
f 12522/4/6 12493/4/6 12523/4/6
f 12523/3/6 12494/3/6 12524/3/6
f 12495/3/6 12496/3/6 12525/3/6
f 12496/4/6 12497/4/6 12526/4/6
f 12525/3/6 12496/3/6 12526/3/6
f 12498/1/6 12499/1/6 12527/1/6
f 12526/4/6 12497/4/6 12527/4/6
f 12497/1/6 12498/1/6 12527/1/6
f 12527/1/6 12499/1/6 12528/1/6
f 12499/3/6 12500/3/6 12529/3/6
f 12528/1/6 12499/1/6 12529/1/6
f 12500/1/6 12501/1/6 12530/1/6
f 12529/3/6 12500/3/6 12530/3/6
f 12501/3/6 12502/3/6 12531/3/6
f 12530/1/6 12501/1/6 12531/1/6
f 12502/4/6 12503/4/6 12532/4/6
f 12531/3/6 12502/3/6 12532/3/6
f 12503/1/6 12504/1/6 12533/1/6
f 12532/4/6 12503/4/6 12533/4/6
f 12504/2/6 12505/2/6 12534/2/6
f 12533/1/6 12504/1/6 12534/1/6
f 12505/1/6 12506/1/6 12535/1/6
f 12534/2/6 12505/2/6 12535/2/6
f 12506/3/6 12507/3/6 12536/3/6
f 12535/1/6 12506/1/6 12536/1/6
f 12507/4/6 12508/4/6 12537/4/6
f 12536/3/6 12507/3/6 12537/3/6
f 12508/1/6 12509/1/6 12538/1/6
f 12537/4/6 12508/4/6 12538/4/6
f 12509/3/6 12510/3/6 12539/3/6
f 12538/1/6 12509/1/6 12539/1/6
f 12510/1/6 12511/1/6 12540/1/6
f 12539/3/6 12510/3/6 12540/3/6
f 12540/1/6 12511/1/6 12541/1/6
f 12511/2/6 12512/2/6 12542/2/6
f 12541/1/6 12511/1/6 12542/1/6
f 12512/3/6 12513/3/6 12543/3/6
f 12542/2/6 12512/2/6 12543/2/6
f 12514/1/6 12515/1/6 12544/1/6
f 12543/3/6 12513/3/6 12544/3/6
f 12513/1/6 12514/1/6 12544/1/6
f 12515/4/6 12516/4/6 12545/4/6
f 12544/1/6 12515/1/6 12545/1/6
f 12516/2/6 12517/2/6 12546/2/6
f 12545/4/6 12516/4/6 12546/4/6
f 12517/4/6 12518/4/6 12547/4/6
f 12546/2/6 12517/2/6 12547/2/6
f 12547/4/6 12518/4/6 12548/4/6
f 12548/4/6 12518/4/6 12549/4/6
f 12518/3/6 12519/3/6 12550/3/6
f 12549/4/6 12518/4/6 12550/4/6
f 12519/4/6 12520/4/6 12551/4/6
f 12550/3/6 12519/3/6 12551/3/6
f 12520/2/6 12521/2/6 12552/2/6
f 12551/4/6 12520/4/6 12552/4/6
f 12521/1/6 12522/1/6 12553/1/6
f 12552/2/6 12521/2/6 12553/2/6
f 12522/1/6 12523/1/6 12553/1/6
f 12553/1/6 12523/1/6 12554/1/6
f 12523/4/6 12524/4/6 12555/4/6
f 12554/1/6 12523/1/6 12555/1/6
f 12555/4/6 12524/4/6 12556/4/6
f 12525/1/6 12526/1/6 12557/1/6
f 12526/2/6 12527/2/6 12558/2/6
f 12557/1/6 12526/1/6 12558/1/6
f 12527/1/6 12528/1/6 12559/1/6
f 12558/2/6 12527/2/6 12559/2/6
f 12528/4/6 12529/4/6 12560/4/6
f 12559/1/6 12528/1/6 12560/1/6
f 12529/4/6 12530/4/6 12560/4/6
f 12530/4/6 12531/4/6 12560/4/6
f 12532/1/6 12533/1/6 12561/1/6
f 12560/4/6 12531/4/6 12561/4/6
f 12531/1/6 12532/1/6 12561/1/6
f 12561/1/6 12533/1/6 12562/1/6
f 12533/2/6 12534/2/6 12563/2/6
f 12562/1/6 12533/1/6 12563/1/6
f 12534/1/6 12535/1/6 12564/1/6
f 12563/2/6 12534/2/6 12564/2/6
f 12535/3/6 12536/3/6 12565/3/6
f 12564/1/6 12535/1/6 12565/1/6
f 12536/1/6 12537/1/6 12566/1/6
f 12565/3/6 12536/3/6 12566/3/6
f 12537/2/6 12538/2/6 12567/2/6
f 12566/1/6 12537/1/6 12567/1/6
f 12538/4/6 12539/4/6 12568/4/6
f 12567/2/6 12538/2/6 12568/2/6
f 12539/1/6 12540/1/6 12569/1/6
f 12568/4/6 12539/4/6 12569/4/6
f 12542/1/6 12543/1/6 12570/1/6
f 12540/3/6 12541/3/6 12570/3/6
f 12541/1/6 12542/1/6 12570/1/6
f 12543/1/6 12544/1/6 12570/1/6
f 12570/1/6 12544/1/6 12571/1/6
f 12571/1/6 12544/1/6 12572/1/6
f 12544/2/6 12545/2/6 12573/2/6
f 12572/1/6 12544/1/6 12573/1/6
f 12545/1/6 12546/1/6 12574/1/6
f 12573/2/6 12545/2/6 12574/2/6
f 12546/2/6 12547/2/6 12575/2/6
f 12574/1/6 12546/1/6 12575/1/6
f 12547/1/6 12548/1/6 12576/1/6
f 12575/2/6 12547/2/6 12576/2/6
f 12548/3/6 12549/3/6 12577/3/6
f 12576/1/6 12548/1/6 12577/1/6
f 12549/1/6 12550/1/6 12578/1/6
f 12577/3/6 12549/3/6 12578/3/6
f 12550/4/6 12551/4/6 12579/4/6
f 12578/1/6 12550/1/6 12579/1/6
f 12551/1/6 12552/1/6 12580/1/6
f 12579/4/6 12551/4/6 12580/4/6
f 12552/1/6 12553/1/6 12580/1/6
f 12580/1/6 12553/1/6 12581/1/6
f 12553/3/6 12554/3/6 12582/3/6
f 12581/1/6 12553/1/6 12582/1/6
f 12554/2/6 12555/2/6 12583/2/6
f 12582/3/6 12554/3/6 12583/3/6
f 12555/1/6 12556/1/6 12584/1/6
f 12583/2/6 12555/2/6 12584/2/6
f 12584/1/6 12556/1/6 12585/1/6
f 12558/2/6 12559/2/6 12586/2/6
f 12559/2/6 12560/2/6 12586/2/6
f 12557/3/6 12558/3/6 12586/3/6
f 12560/1/6 12561/1/6 12587/1/6
f 12586/2/6 12560/2/6 12587/2/6
f 12587/1/6 12561/1/6 12588/1/6
f 12588/1/6 12561/1/6 12589/1/6
f 12561/4/6 12562/4/6 12590/4/6
f 12589/1/6 12561/1/6 12590/1/6
f 12562/1/6 12563/1/6 12591/1/6
f 12590/4/6 12562/4/6 12591/4/6
f 12563/1/6 12564/1/6 12591/1/6
f 12564/1/6 12565/1/6 12591/1/6
f 12591/1/6 12565/1/6 12592/1/6
f 12592/1/6 12565/1/6 12593/1/6
f 12565/4/6 12566/4/6 12594/4/6
f 12593/1/6 12565/1/6 12594/1/6
f 12566/1/6 12567/1/6 12595/1/6
f 12594/4/6 12566/4/6 12595/4/6
f 12568/3/6 12569/3/6 12596/3/6
f 12595/1/6 12567/1/6 12596/1/6
f 12567/3/6 12568/3/6 12596/3/6
f 12596/3/6 12569/3/6 12597/3/6
f 12569/1/6 12540/1/6 12598/1/6
f 12597/3/6 12569/3/6 12598/3/6
f 12540/3/6 12570/3/6 12599/3/6
f 12598/1/6 12540/1/6 12599/1/6
f 12570/4/6 12571/4/6 12600/4/6
f 12599/3/6 12570/3/6 12600/3/6
f 12571/1/6 12572/1/6 12601/1/6
f 12600/4/6 12571/4/6 12601/4/6
f 12572/3/6 12573/3/6 12602/3/6
f 12601/1/6 12572/1/6 12602/1/6
f 12573/1/6 12574/1/6 12603/1/6
f 12602/3/6 12573/3/6 12603/3/6
f 12574/1/6 12575/1/6 12603/1/6
f 12603/1/6 12575/1/6 12604/1/6
f 12575/3/6 12576/3/6 12605/3/6
f 12604/1/6 12575/1/6 12605/1/6
f 12576/1/6 12577/1/6 12606/1/6
f 12605/3/6 12576/3/6 12606/3/6
f 12577/4/6 12578/4/6 12607/4/6
f 12606/1/6 12577/1/6 12607/1/6
f 12578/3/6 12579/3/6 12608/3/6
f 12607/4/6 12578/4/6 12608/4/6
f 12579/3/6 12580/3/6 12608/3/6
f 12608/3/6 12580/3/6 12609/3/6
f 12580/4/6 12581/4/6 12610/4/6
f 12609/3/6 12580/3/6 12610/3/6
f 12582/1/6 12583/1/6 12611/1/6
f 12610/4/6 12581/4/6 12611/4/6
f 12581/1/6 12582/1/6 12611/1/6
f 12611/1/6 12583/1/6 12612/1/6
f 12584/4/6 12585/4/6 12613/4/6
f 12612/1/6 12583/1/6 12613/1/6
f 12583/4/6 12584/4/6 12613/4/6
f 12613/4/6 12585/4/6 12614/4/6
f 12557/3/6 12586/3/6 12615/3/6
f 12586/1/6 12587/1/6 12616/1/6
f 12615/3/6 12586/3/6 12616/3/6
f 12587/3/6 12588/3/6 12617/3/6
f 12616/1/6 12587/1/6 12617/1/6
f 12588/2/6 12589/2/6 12618/2/6
f 12617/3/6 12588/3/6 12618/3/6
f 12589/3/6 12590/3/6 12619/3/6
f 12618/2/6 12589/2/6 12619/2/6
f 12590/4/6 12591/4/6 12620/4/6
f 12619/3/6 12590/3/6 12620/3/6
f 12592/2/6 12593/2/6 12621/2/6
f 12591/3/6 12592/3/6 12621/3/6
f 12594/1/6 12595/1/6 12622/1/6
f 12621/2/6 12593/2/6 12622/2/6
f 12593/1/6 12594/1/6 12622/1/6
f 12622/1/6 12595/1/6 12623/1/6
f 12595/3/6 12596/3/6 12624/3/6
f 12623/1/6 12595/1/6 12624/1/6
f 12596/1/6 12597/1/6 12625/1/6
f 12624/3/6 12596/3/6 12625/3/6
f 12597/4/6 12598/4/6 12626/4/6
f 12625/1/6 12597/1/6 12626/1/6
f 12598/2/6 12599/2/6 12627/2/6
f 12626/4/6 12598/4/6 12627/4/6
f 12599/2/6 12600/2/6 12627/2/6
f 12627/2/6 12600/2/6 12628/2/6
f 12600/3/6 12601/3/6 12629/3/6
f 12628/2/6 12600/2/6 12629/2/6
f 12601/4/6 12602/4/6 12630/4/6
f 12629/3/6 12601/3/6 12630/3/6
f 12602/2/6 12603/2/6 12631/2/6
f 12630/4/6 12602/4/6 12631/4/6
f 12603/1/6 12604/1/6 12632/1/6
f 12631/2/6 12603/2/6 12632/2/6
f 12632/1/6 12604/1/6 12633/1/6
f 12605/2/6 12606/2/6 12634/2/6
f 12633/1/6 12604/1/6 12634/1/6
f 12604/2/6 12605/2/6 12634/2/6
f 12634/2/6 12606/2/6 12635/2/6
f 12606/1/6 12607/1/6 12636/1/6
f 12635/2/6 12606/2/6 12636/2/6
f 12607/1/6 12608/1/6 12636/1/6
f 12608/3/6 12609/3/6 12637/3/6
f 12636/1/6 12608/1/6 12637/1/6
f 12609/2/6 12610/2/6 12638/2/6
f 12637/3/6 12609/3/6 12638/3/6
f 12611/2/6 12612/2/6 12638/2/6
f 12610/2/6 12611/2/6 12638/2/6
f 12638/2/6 12612/2/6 12639/2/6
f 12613/1/6 12614/1/6 12640/1/6
f 12639/2/6 12612/2/6 12640/2/6
f 12612/1/6 12613/1/6 12640/1/6
f 12640/1/6 12614/1/6 12641/1/6
f 12615/4/6 12616/4/6 12642/4/6
f 12616/1/6 12617/1/6 12643/1/6
f 12642/4/6 12616/4/6 12643/4/6
f 12617/1/6 12618/1/6 12643/1/6
f 12619/2/6 12620/2/6 12644/2/6
f 12643/1/6 12618/1/6 12644/1/6
f 12618/2/6 12619/2/6 12644/2/6
f 12620/4/6 12591/4/6 12645/4/6
f 12644/2/6 12620/2/6 12645/2/6
f 12591/3/6 12621/3/6 12646/3/6
f 12645/4/6 12591/4/6 12646/4/6
f 12621/1/6 12622/1/6 12647/1/6
f 12646/3/6 12621/3/6 12647/3/6
f 12622/2/6 12623/2/6 12648/2/6
f 12647/1/6 12622/1/6 12648/1/6
f 12623/1/6 12624/1/6 12649/1/6
f 12648/2/6 12623/2/6 12649/2/6
f 12624/1/6 12625/1/6 12649/1/6
f 12625/3/6 12626/3/6 12650/3/6
f 12649/1/6 12625/1/6 12650/1/6
f 12626/4/6 12627/4/6 12651/4/6
f 12650/3/6 12626/3/6 12651/3/6
f 12627/4/6 12628/4/6 12651/4/6
f 12628/3/6 12629/3/6 12652/3/6
f 12651/4/6 12628/4/6 12652/4/6
f 12630/1/6 12631/1/6 12653/1/6
f 12652/3/6 12629/3/6 12653/3/6
f 12629/1/6 12630/1/6 12653/1/6
f 12631/2/6 12632/2/6 12654/2/6
f 12653/1/6 12631/1/6 12654/1/6
f 12632/3/6 12633/3/6 12655/3/6
f 12654/2/6 12632/2/6 12655/2/6
f 12633/4/6 12634/4/6 12656/4/6
f 12655/3/6 12633/3/6 12656/3/6
f 12634/2/6 12635/2/6 12657/2/6
f 12656/4/6 12634/4/6 12657/4/6
f 12635/4/6 12636/4/6 12658/4/6
f 12657/2/6 12635/2/6 12658/2/6
f 12636/1/6 12637/1/6 12659/1/6
f 12658/4/6 12636/4/6 12659/4/6
f 12638/2/6 12639/2/6 12660/2/6
f 12659/1/6 12637/1/6 12660/1/6
f 12637/2/6 12638/2/6 12660/2/6
f 12639/4/6 12640/4/6 12661/4/6
f 12660/2/6 12639/2/6 12661/2/6
f 12640/3/6 12641/3/6 12662/3/6
f 12661/4/6 12640/4/6 12662/4/6
f 12641/1/6 12614/1/6 12663/1/6
f 12662/3/6 12641/3/6 12663/3/6
f 12663/1/6 12614/1/6 12664/1/6
f 12665/3/6 12666/3/6 12694/3/6
f 12666/4/6 12667/4/6 12695/4/6
f 12694/3/6 12666/3/6 12695/3/6
f 12667/1/6 12668/1/6 12696/1/6
f 12695/4/6 12667/4/6 12696/4/6
f 12696/1/6 12668/1/6 12697/1/6
f 12669/3/6 12670/3/6 12698/3/6
f 12670/2/6 12671/2/6 12698/2/6
f 12671/1/6 12672/1/6 12699/1/6
f 12698/2/6 12671/2/6 12699/2/6
f 12672/4/6 12673/4/6 12700/4/6
f 12699/1/6 12672/1/6 12700/1/6
f 12673/1/6 12674/1/6 12701/1/6
f 12700/4/6 12673/4/6 12701/4/6
f 12674/3/6 12675/3/6 12702/3/6
f 12701/1/6 12674/1/6 12702/1/6
f 12675/2/6 12676/2/6 12703/2/6
f 12702/3/6 12675/3/6 12703/3/6
f 12676/3/6 12677/3/6 12704/3/6
f 12703/2/6 12676/2/6 12704/2/6
f 12677/1/6 12678/1/6 12705/1/6
f 12704/3/6 12677/3/6 12705/3/6
f 12678/3/6 12679/3/6 12706/3/6
f 12705/1/6 12678/1/6 12706/1/6
f 12679/1/6 12680/1/6 12707/1/6
f 12706/3/6 12679/3/6 12707/3/6
f 12680/3/6 12681/3/6 12708/3/6
f 12707/1/6 12680/1/6 12708/1/6
f 12681/4/6 12682/4/6 12709/4/6
f 12708/3/6 12681/3/6 12709/3/6
f 12682/2/6 12683/2/6 12710/2/6
f 12709/4/6 12682/4/6 12710/4/6
f 12683/3/6 12684/3/6 12711/3/6
f 12684/2/6 12685/2/6 12712/2/6
f 12711/3/6 12684/3/6 12712/3/6
f 12685/3/6 12686/3/6 12713/3/6
f 12712/2/6 12685/2/6 12713/2/6
f 12713/3/6 12686/3/6 12714/3/6
f 12686/1/6 12687/1/6 12715/1/6
f 12714/3/6 12686/3/6 12715/3/6
f 12687/2/6 12688/2/6 12716/2/6
f 12715/1/6 12687/1/6 12716/1/6
f 12688/1/6 12689/1/6 12717/1/6
f 12716/2/6 12688/2/6 12717/2/6
f 12692/1/6 12693/1/6 12718/1/6
f 12691/2/6 12692/2/6 12718/2/6
f 12718/1/6 12693/1/6 12719/1/6
f 12694/4/6 12695/4/6 12720/4/6
f 12695/1/6 12696/1/6 12721/1/6
f 12720/4/6 12695/4/6 12721/4/6
f 12696/3/6 12697/3/6 12722/3/6
f 12721/1/6 12696/1/6 12722/1/6
f 12697/1/6 12668/1/6 12723/1/6
f 12722/3/6 12697/3/6 12723/3/6
f 12668/2/6 12669/2/6 12724/2/6
f 12723/1/6 12668/1/6 12724/1/6
f 12669/3/6 12698/3/6 12725/3/6
f 12724/2/6 12669/2/6 12725/2/6
f 12698/3/6 12699/3/6 12725/3/6
f 12699/4/6 12700/4/6 12726/4/6
f 12725/3/6 12699/3/6 12726/3/6
f 12726/4/6 12700/4/6 12727/4/6
f 12700/2/6 12701/2/6 12728/2/6
f 12701/3/6 12702/3/6 12728/3/6
f 12702/4/6 12703/4/6 12729/4/6
f 12728/3/6 12702/3/6 12729/3/6
f 12703/4/6 12704/4/6 12729/4/6
f 12729/4/6 12704/4/6 12730/4/6
f 12704/2/6 12705/2/6 12731/2/6
f 12730/4/6 12704/4/6 12731/4/6
f 12705/4/6 12706/4/6 12732/4/6
f 12731/2/6 12705/2/6 12732/2/6
f 12706/4/6 12707/4/6 12732/4/6
f 12732/4/6 12707/4/6 12733/4/6
f 12707/2/6 12708/2/6 12734/2/6
f 12733/4/6 12707/4/6 12734/4/6
f 12708/1/6 12709/1/6 12735/1/6
f 12734/2/6 12708/2/6 12735/2/6
f 12709/1/6 12710/1/6 12735/1/6
f 12710/2/6 12683/2/6 12736/2/6
f 12735/1/6 12710/1/6 12736/1/6
f 12683/3/6 12711/3/6 12737/3/6
f 12736/2/6 12683/2/6 12737/2/6
f 12711/1/6 12712/1/6 12738/1/6
f 12737/3/6 12711/3/6 12738/3/6
f 12712/3/6 12713/3/6 12739/3/6
f 12738/1/6 12712/1/6 12739/1/6
f 12713/4/6 12714/4/6 12740/4/6
f 12739/3/6 12713/3/6 12740/3/6
f 12714/1/6 12715/1/6 12741/1/6
f 12740/4/6 12714/4/6 12741/4/6
f 12715/2/6 12716/2/6 12742/2/6
f 12741/1/6 12715/1/6 12742/1/6
f 12716/3/6 12717/3/6 12743/3/6
f 12742/2/6 12716/2/6 12743/2/6
f 12717/1/6 12689/1/6 12744/1/6
f 12743/3/6 12717/3/6 12744/3/6
f 12689/3/6 12690/3/6 12745/3/6
f 12744/1/6 12689/1/6 12745/1/6
f 12690/4/6 12691/4/6 12746/4/6
f 12745/3/6 12690/3/6 12746/3/6
f 12691/2/6 12718/2/6 12747/2/6
f 12746/4/6 12691/4/6 12747/4/6
f 12718/3/6 12719/3/6 12748/3/6
f 12747/2/6 12718/2/6 12748/2/6
f 12748/3/6 12719/3/6 12749/3/6
f 12720/1/6 12721/1/6 12750/1/6
f 12721/4/6 12722/4/6 12751/4/6
f 12750/1/6 12721/1/6 12751/1/6
f 12722/1/6 12723/1/6 12752/1/6
f 12751/4/6 12722/4/6 12752/4/6
f 12723/4/6 12724/4/6 12753/4/6
f 12752/1/6 12723/1/6 12753/1/6
f 12724/3/6 12725/3/6 12754/3/6
f 12753/4/6 12724/4/6 12754/4/6
f 12725/4/6 12726/4/6 12755/4/6
f 12754/3/6 12725/3/6 12755/3/6
f 12755/4/6 12726/4/6 12756/4/6
f 12726/3/6 12727/3/6 12757/3/6
f 12756/4/6 12726/4/6 12757/4/6
f 12727/4/6 12700/4/6 12758/4/6
f 12757/3/6 12727/3/6 12758/3/6
f 12700/2/6 12728/2/6 12759/2/6
f 12758/4/6 12700/4/6 12759/4/6
f 12728/4/6 12729/4/6 12760/4/6
f 12759/2/6 12728/2/6 12760/2/6
f 12729/3/6 12730/3/6 12761/3/6
f 12760/4/6 12729/4/6 12761/4/6
f 12730/2/6 12731/2/6 12762/2/6
f 12761/3/6 12730/3/6 12762/3/6
f 12731/4/6 12732/4/6 12763/4/6
f 12762/2/6 12731/2/6 12763/2/6
f 12732/1/6 12733/1/6 12764/1/6
f 12763/4/6 12732/4/6 12764/4/6
f 12733/2/6 12734/2/6 12765/2/6
f 12764/1/6 12733/1/6 12765/1/6
f 12734/4/6 12735/4/6 12766/4/6
f 12765/2/6 12734/2/6 12766/2/6
f 12735/4/6 12736/4/6 12766/4/6
f 12766/4/6 12736/4/6 12767/4/6
f 12767/4/6 12736/4/6 12768/4/6
f 12736/3/6 12737/3/6 12769/3/6
f 12768/4/6 12736/4/6 12769/4/6
f 12737/1/6 12738/1/6 12770/1/6
f 12769/3/6 12737/3/6 12770/3/6
f 12738/2/6 12739/2/6 12771/2/6
f 12770/1/6 12738/1/6 12771/1/6
f 12739/1/6 12740/1/6 12772/1/6
f 12771/2/6 12739/2/6 12772/2/6
f 12740/1/6 12741/1/6 12772/1/6
f 12741/4/6 12742/4/6 12773/4/6
f 12772/1/6 12741/1/6 12773/1/6
f 12742/2/6 12743/2/6 12774/2/6
f 12773/4/6 12742/4/6 12774/4/6
f 12743/4/6 12744/4/6 12775/4/6
f 12774/2/6 12743/2/6 12775/2/6
f 12744/2/6 12745/2/6 12776/2/6
f 12775/4/6 12744/4/6 12776/4/6
f 12745/4/6 12746/4/6 12777/4/6
f 12776/2/6 12745/2/6 12777/2/6
f 12746/1/6 12747/1/6 12778/1/6
f 12777/4/6 12746/4/6 12778/4/6
f 12747/3/6 12748/3/6 12779/3/6
f 12778/1/6 12747/1/6 12779/1/6
f 12748/2/6 12749/2/6 12780/2/6
f 12779/3/6 12748/3/6 12780/3/6
f 12780/2/6 12749/2/6 12781/2/6
f 12750/3/6 12751/3/6 12782/3/6
f 12751/1/6 12752/1/6 12783/1/6
f 12782/3/6 12751/3/6 12783/3/6
f 12752/3/6 12753/3/6 12784/3/6
f 12783/1/6 12752/1/6 12784/1/6
f 12753/2/6 12754/2/6 12785/2/6
f 12784/3/6 12753/3/6 12785/3/6
f 12755/1/6 12756/1/6 12786/1/6
f 12785/2/6 12754/2/6 12786/2/6
f 12754/1/6 12755/1/6 12786/1/6
f 12756/3/6 12757/3/6 12787/3/6
f 12786/1/6 12756/1/6 12787/1/6
f 12757/4/6 12758/4/6 12788/4/6
f 12787/3/6 12757/3/6 12788/3/6
f 12758/2/6 12759/2/6 12789/2/6
f 12788/4/6 12758/4/6 12789/4/6
f 12759/3/6 12760/3/6 12790/3/6
f 12789/2/6 12759/2/6 12790/2/6
f 12760/2/6 12761/2/6 12791/2/6
f 12790/3/6 12760/3/6 12791/3/6
f 12761/2/6 12762/2/6 12791/2/6
f 12762/4/6 12763/4/6 12792/4/6
f 12791/2/6 12762/2/6 12792/2/6
f 12763/2/6 12764/2/6 12793/2/6
f 12792/4/6 12763/4/6 12793/4/6
f 12764/2/6 12765/2/6 12793/2/6
f 12765/4/6 12766/4/6 12794/4/6
f 12793/2/6 12765/2/6 12794/2/6
f 12766/4/6 12767/4/6 12794/4/6
f 12767/2/6 12768/2/6 12795/2/6
f 12794/4/6 12767/4/6 12795/4/6
f 12768/4/6 12769/4/6 12796/4/6
f 12795/2/6 12768/2/6 12796/2/6
f 12769/2/6 12770/2/6 12797/2/6
f 12796/4/6 12769/4/6 12797/4/6
f 12770/1/6 12771/1/6 12798/1/6
f 12797/2/6 12770/2/6 12798/2/6
f 12771/1/6 12772/1/6 12798/1/6
f 12772/3/6 12773/3/6 12799/3/6
f 12798/1/6 12772/1/6 12799/1/6
f 12773/1/6 12774/1/6 12800/1/6
f 12799/3/6 12773/3/6 12800/3/6
f 12774/3/6 12775/3/6 12801/3/6
f 12800/1/6 12774/1/6 12801/1/6
f 12775/1/6 12776/1/6 12802/1/6
f 12801/3/6 12775/3/6 12802/3/6
f 12776/2/6 12777/2/6 12803/2/6
f 12802/1/6 12776/1/6 12803/1/6
f 12777/2/6 12778/2/6 12803/2/6
f 12778/1/6 12779/1/6 12804/1/6
f 12803/2/6 12778/2/6 12804/2/6
f 12780/4/6 12781/4/6 12805/4/6
f 12804/1/6 12779/1/6 12805/1/6
f 12779/4/6 12780/4/6 12805/4/6
f 12805/4/6 12781/4/6 12806/4/6
