# MagicaVoxel @ Ephtracy

# group
o 

# material
mtllib Terrain-0.mtl
usemtl palette

# normals
vn -1 0 0
vn 1 0 0
vn 0 0 1
vn 0 0 -1
vn 0 -1 0
vn 0 1 0

# texcoords
vt 0.712891 0.5

# verts
v 23.3 0 12.8
v 23.3 0 -5.2
v 23.3 0.1 -2.7
v 23.3 0.1 -5.2
v 23.3 0.2 -2.2
v 23.3 0.2 -2.7
v 23.3 0.3 3.9
v 23.3 0.3 2.6
v 23.3 0.3 -1.9
v 23.3 0.3 -2.2
v 23.3 0.4 6
v 23.3 0.4 3.9
v 23.3 0.4 2.6
v 23.3 0.4 2.4
v 23.3 0.4 -1.6
v 23.3 0.4 -1.9
v 23.3 0.5 7.3
v 23.3 0.5 6
v 23.3 0.5 2.4
v 23.3 0.5 2.2
v 23.3 0.5 -1.4
v 23.3 0.5 -1.6
v 23.3 0.6 7.7
v 23.3 0.6 7.3
v 23.3 0.6 2.2
v 23.3 0.6 2
v 23.3 0.6 -1.2
v 23.3 0.6 -1.4
v 23.3 0.7 8
v 23.3 0.7 7.7
v 23.3 0.7 2
v 23.3 0.7 1.9
v 23.3 0.7 -1
v 23.3 0.7 -1.2
v 23.3 0.8 11.3
v 23.3 0.8 10.4
v 23.3 0.8 8.3
v 23.3 0.8 8
v 23.3 0.8 1.9
v 23.3 0.8 1.6
v 23.3 0.8 -0.9
v 23.3 0.8 -1
v 23.3 0.9 11.7
v 23.3 0.9 11.3
v 23.3 0.9 10.4
v 23.3 0.9 9.9
v 23.3 0.9 8.7
v 23.3 0.9 8.3
v 23.3 0.9 1.6
v 23.3 0.9 1.5
v 23.3 0.9 -0.7
v 23.3 0.9 -0.9
v 23.3 1 12
v 23.3 1 11.7
v 23.3 1 9.9
v 23.3 1 8.7
v 23.3 1 1.5
v 23.3 1 1.3
v 23.3 1 -0.5
v 23.3 1 -0.7
v 23.3 1.1 12.2
v 23.3 1.1 12
v 23.3 1.1 1.3
v 23.3 1.1 1.1
v 23.3 1.1 -0.2
v 23.3 1.1 -0.5
v 23.3 1.2 12.4
v 23.3 1.2 12.2
v 23.3 1.2 1.1
v 23.3 1.2 0.6
v 23.3 1.2 0.400001
v 23.3 1.2 -0.2
v 23.3 1.3 12.6
v 23.3 1.3 12.4
v 23.3 1.3 0.6
v 23.3 1.3 0.400001
v 23.3 1.4 12.8
v 23.3 1.4 12.6
v 23.4 0 -5.2
v 23.4 0 -5.4
v 23.4 0.1 -5.2
v 23.4 0.1 -5.4
v 23.4 0.3 3.9
v 23.4 0.3 3.8
v 23.4 0.4 6
v 23.4 0.4 4.3
v 23.4 0.4 3.9
v 23.4 0.4 3.8
v 23.4 0.5 7.3
v 23.4 0.5 7.1
v 23.4 0.5 6
v 23.4 0.5 4.3
v 23.4 0.6 7.7
v 23.4 0.6 7.6
v 23.4 0.6 7.3
v 23.4 0.6 7.1
v 23.4 0.7 8
v 23.4 0.7 7.9
v 23.4 0.7 7.7
v 23.4 0.7 7.6
v 23.4 0.8 11.3
v 23.4 0.8 11.2
v 23.4 0.8 10.8
v 23.4 0.8 10.4
v 23.4 0.8 8.3
v 23.4 0.8 8.2
v 23.4 0.8 8
v 23.4 0.8 7.9
v 23.4 0.9 11.3
v 23.4 0.9 11.2
v 23.4 0.9 10.8
v 23.4 0.9 10.4
v 23.4 0.9 10.3
v 23.4 0.9 9.9
v 23.4 0.9 8.7
v 23.4 0.9 8.4
v 23.4 0.9 8.3
v 23.4 0.9 8.2
v 23.4 1 10.3
v 23.4 1 9.9
v 23.4 1 9.7
v 23.4 1 8.9
v 23.4 1 8.7
v 23.4 1 8.4
v 23.4 1.1 9.7
v 23.4 1.1 8.9
v 23.5 0 -5.4
v 23.5 0 -5.7
v 23.5 0.1 -5.4
v 23.5 0.1 -5.7
v 23.5 0.3 3.8
v 23.5 0.3 3.6
v 23.5 0.4 4.3
v 23.5 0.4 4.1
v 23.5 0.4 3.8
v 23.5 0.4 3.6
v 23.5 0.5 7.1
v 23.5 0.5 6.7
v 23.5 0.5 4.3
v 23.5 0.5 4.1
v 23.5 0.6 7.6
v 23.5 0.6 7.4
v 23.5 0.6 7.1
v 23.5 0.6 6.7
v 23.5 0.7 7.9
v 23.5 0.7 7.8
v 23.5 0.7 7.6
v 23.5 0.7 7.4
v 23.5 0.8 11.2
v 23.5 0.8 10.8
v 23.5 0.8 8.2
v 23.5 0.8 8
v 23.5 0.8 7.9
v 23.5 0.8 7.8
v 23.5 0.9 11.2
v 23.5 0.9 10.8
v 23.5 0.9 10.5
v 23.5 0.9 10.3
v 23.5 0.9 8.4
v 23.5 0.9 8.3
v 23.5 0.9 8.2
v 23.5 0.9 8
v 23.5 1 10.5
v 23.5 1 10.3
v 23.5 1 10
v 23.5 1 9.7
v 23.5 1 8.9
v 23.5 1 8.7
v 23.5 1 8.4
v 23.5 1 8.3
v 23.5 1.1 10
v 23.5 1.1 9.7
v 23.5 1.1 9.5
v 23.5 1.1 9.2
v 23.5 1.1 8.9
v 23.5 1.1 8.7
v 23.5 1.2 9.5
v 23.5 1.2 9.2
v 23.6 0 -5.7
v 23.6 0 -6
v 23.6 0.1 -5.7
v 23.6 0.1 -6
v 23.6 0.3 3.6
v 23.6 0.3 3.5
v 23.6 0.4 4.1
v 23.6 0.4 3.9
v 23.6 0.4 3.6
v 23.6 0.4 3.5
v 23.6 0.5 6.7
v 23.6 0.5 4.4
v 23.6 0.5 4.1
v 23.6 0.5 3.9
v 23.6 0.6 7.4
v 23.6 0.6 7.2
v 23.6 0.6 6.7
v 23.6 0.6 4.4
v 23.6 0.7 7.8
v 23.6 0.7 7.6
v 23.6 0.7 7.4
v 23.6 0.7 7.2
v 23.6 0.8 8
v 23.6 0.8 7.9
v 23.6 0.8 7.8
v 23.6 0.8 7.6
v 23.6 0.9 10.8
v 23.6 0.9 10.5
v 23.6 0.9 8.3
v 23.6 0.9 8.1
v 23.6 0.9 8
v 23.6 0.9 7.9
v 23.6 1 10.8
v 23.6 1 10.5
v 23.6 1 10.4
v 23.6 1 10
v 23.6 1 8.7
v 23.6 1 8.4
v 23.6 1 8.3
v 23.6 1 8.1
v 23.6 1.1 10.4
v 23.6 1.1 10
v 23.6 1.1 9.9
v 23.6 1.1 9.5
v 23.6 1.1 9.2
v 23.6 1.1 8.8
v 23.6 1.1 8.7
v 23.6 1.1 8.4
v 23.6 1.2 9.9
v 23.6 1.2 9.5
v 23.6 1.2 9.2
v 23.6 1.2 8.8
v 23.7 0 -6
v 23.7 0 -6.3
v 23.7 0.1 -6
v 23.7 0.1 -6.3
v 23.7 0.3 3.5
v 23.7 0.3 3.3
v 23.7 0.4 3.9
v 23.7 0.4 3.8
v 23.7 0.4 3.5
v 23.7 0.4 3.3
v 23.7 0.5 4.4
v 23.7 0.5 4.1
v 23.7 0.5 3.9
v 23.7 0.5 3.8
v 23.7 0.6 7.2
v 23.7 0.6 7
v 23.7 0.6 5
v 23.7 0.6 4.9
v 23.7 0.6 4.4
v 23.7 0.6 4.1
v 23.7 0.7 7.6
v 23.7 0.7 7.5
v 23.7 0.7 7.2
v 23.7 0.7 7
v 23.7 0.7 5
v 23.7 0.7 4.9
v 23.7 0.8 7.9
v 23.7 0.8 7.8
v 23.7 0.8 7.6
v 23.7 0.8 7.5
v 23.7 0.9 11.8
v 23.7 0.9 11.7
v 23.7 0.9 11.2
v 23.7 0.9 10.8
v 23.7 0.9 8.1
v 23.7 0.9 8
v 23.7 0.9 7.9
v 23.7 0.9 7.8
v 23.7 1 11.8
v 23.7 1 11.7
v 23.7 1 11.2
v 23.7 1 10.8
v 23.7 1 10.7
v 23.7 1 10.4
v 23.7 1 8.4
v 23.7 1 8.2
v 23.7 1 8.1
v 23.7 1 8
v 23.7 1.1 10.7
v 23.7 1.1 10.4
v 23.7 1.1 10.3
v 23.7 1.1 9.9
v 23.7 1.1 8.8
v 23.7 1.1 8.6
v 23.7 1.1 8.4
v 23.7 1.1 8.2
v 23.7 1.2 10.3
v 23.7 1.2 9.9
v 23.7 1.2 9.8
v 23.7 1.2 9
v 23.7 1.2 8.8
v 23.7 1.2 8.6
v 23.7 1.3 9.8
v 23.7 1.3 9
v 23.8 0 -6.3
v 23.8 0 -6.5
v 23.8 0.1 -6.3
v 23.8 0.1 -6.5
v 23.8 0.3 3.3
v 23.8 0.3 3.2
v 23.8 0.4 3.8
v 23.8 0.4 3.6
v 23.8 0.4 3.3
v 23.8 0.4 3.2
v 23.8 0.5 4.1
v 23.8 0.5 4
v 23.8 0.5 3.8
v 23.8 0.5 3.6
v 23.8 0.6 7
v 23.8 0.6 5
v 23.8 0.6 4.9
v 23.8 0.6 4.3
v 23.8 0.6 4.1
v 23.8 0.6 4
v 23.8 0.7 7.5
v 23.8 0.7 7.3
v 23.8 0.7 7
v 23.8 0.7 5
v 23.8 0.7 4.9
v 23.8 0.7 4.3
v 23.8 0.8 7.8
v 23.8 0.8 7.6
v 23.8 0.8 7.5
v 23.8 0.8 7.3
v 23.8 0.9 11.7
v 23.8 0.9 11.2
v 23.8 0.9 8
v 23.8 0.9 7.9
v 23.8 0.9 7.8
v 23.8 0.9 7.6
v 23.8 1 11.7
v 23.8 1 11.2
v 23.8 1 10.9
v 23.8 1 10.7
v 23.8 1 8.2
v 23.8 1 8.1
v 23.8 1 8
v 23.8 1 7.9
v 23.8 1.1 10.9
v 23.8 1.1 10.7
v 23.8 1.1 10.6
v 23.8 1.1 10.3
v 23.8 1.1 8.6
v 23.8 1.1 8.3
v 23.8 1.1 8.2
v 23.8 1.1 8.1
v 23.8 1.2 10.6
v 23.8 1.2 10.3
v 23.8 1.2 10.1
v 23.8 1.2 9.8
v 23.8 1.2 9
v 23.8 1.2 8.7
v 23.8 1.2 8.6
v 23.8 1.2 8.3
v 23.8 1.3 10.1
v 23.8 1.3 9.8
v 23.8 1.3 9.5
v 23.8 1.3 9.3
v 23.8 1.3 9
v 23.8 1.3 8.7
v 23.8 1.4 9.5
v 23.8 1.4 9.3
v 23.9 0 -6.5
v 23.9 0 -6.9
v 23.9 0.1 -6.5
v 23.9 0.1 -6.9
v 23.9 0.3 3.2
v 23.9 0.3 3
v 23.9 0.4 3.6
v 23.9 0.4 3.5
v 23.9 0.4 3.2
v 23.9 0.4 3
v 23.9 0.5 4
v 23.9 0.5 3.8
v 23.9 0.5 3.6
v 23.9 0.5 3.5
v 23.9 0.6 4.3
v 23.9 0.6 4.1
v 23.9 0.6 4
v 23.9 0.6 3.8
v 23.9 0.7 7.3
v 23.9 0.7 7
v 23.9 0.7 5.6
v 23.9 0.7 4.6
v 23.9 0.7 4.3
v 23.9 0.7 4.1
v 23.9 0.8 7.6
v 23.9 0.8 7.4
v 23.9 0.8 7.3
v 23.9 0.8 7
v 23.9 0.8 5.6
v 23.9 0.8 4.6
v 23.9 0.9 7.9
v 23.9 0.9 7.7
v 23.9 0.9 7.6
v 23.9 0.9 7.4
v 23.9 1 11.2
v 23.9 1 10.9
v 23.9 1 8.1
v 23.9 1 8
v 23.9 1 7.9
v 23.9 1 7.7
v 23.9 1.1 11.2
v 23.9 1.1 10.9
v 23.9 1.1 10.8
v 23.9 1.1 10.6
v 23.9 1.1 8.3
v 23.9 1.1 8.2
v 23.9 1.1 8.1
v 23.9 1.1 8
v 23.9 1.2 10.8
v 23.9 1.2 10.6
v 23.9 1.2 10.5
v 23.9 1.2 10.1
v 23.9 1.2 8.7
v 23.9 1.2 8.4
v 23.9 1.2 8.3
v 23.9 1.2 8.2
v 23.9 1.3 10.5
v 23.9 1.3 10.1
v 23.9 1.3 10
v 23.9 1.3 9.5
v 23.9 1.3 9.3
v 23.9 1.3 8.9
v 23.9 1.3 8.7
v 23.9 1.3 8.4
v 23.9 1.4 10
v 23.9 1.4 9.5
v 23.9 1.4 9.3
v 23.9 1.4 8.9
v 24 0 -6.9
v 24 0 -7.2
v 24 0.1 -6.9
v 24 0.1 -7.2
v 24 0.3 3
v 24 0.3 2.8
v 24 0.4 3.5
v 24 0.4 3.3
v 24 0.4 3
v 24 0.4 2.8
v 24 0.5 3.8
v 24 0.5 3.7
v 24 0.5 3.5
v 24 0.5 3.3
v 24 0.6 4.1
v 24 0.6 4
v 24 0.6 3.8
v 24 0.6 3.7
v 24 0.7 7
v 24 0.7 5.6
v 24 0.7 4.6
v 24 0.7 4.3
v 24 0.7 4.1
v 24 0.7 4
v 24 0.8 7.4
v 24 0.8 7.2
v 24 0.8 7
v 24 0.8 5.6
v 24 0.8 4.6
v 24 0.8 4.3
v 24 0.9 7.7
v 24 0.9 7.6
v 24 0.9 7.4
v 24 0.9 7.2
v 24 1 11.5
v 24 1 11.2
v 24 1 8
v 24 1 7.8
v 24 1 7.7
v 24 1 7.6
v 24 1.1 11.5
v 24 1.1 11.2
v 24 1.1 11.1
v 24 1.1 10.8
v 24 1.1 8.2
v 24 1.1 8.1
v 24 1.1 8
v 24 1.1 7.8
v 24 1.2 11.1
v 24 1.2 10.8
v 24 1.2 10.7
v 24 1.2 10.5
v 24 1.2 8.4
v 24 1.2 8.3
v 24 1.2 8.2
v 24 1.2 8.1
v 24 1.3 10.7
v 24 1.3 10.5
v 24 1.3 10.4
v 24 1.3 10
v 24 1.3 8.9
v 24 1.3 8.7
v 24 1.3 8.4
v 24 1.3 8.3
v 24 1.4 10.4
v 24 1.4 10
v 24 1.4 9.8
v 24 1.4 9.1
v 24 1.4 8.9
v 24 1.4 8.7
v 24 1.5 9.8
v 24 1.5 9.1
v 24.1 0 -7.2
v 24.1 0 -7.5
v 24.1 0.1 -7.2
v 24.1 0.1 -7.5
v 24.1 0.3 2.8
v 24.1 0.3 2.6
v 24.1 0.4 3.3
v 24.1 0.4 3.2
v 24.1 0.4 2.8
v 24.1 0.4 2.6
v 24.1 0.5 3.7
v 24.1 0.5 3.6
v 24.1 0.5 3.3
v 24.1 0.5 3.2
v 24.1 0.6 4
v 24.1 0.6 3.8
v 24.1 0.6 3.7
v 24.1 0.6 3.6
v 24.1 0.7 4.3
v 24.1 0.7 4.1
v 24.1 0.7 4
v 24.1 0.7 3.8
v 24.1 0.8 7.2
v 24.1 0.8 6.9
v 24.1 0.8 6
v 24.1 0.8 4.4
v 24.1 0.8 4.3
v 24.1 0.8 4.1
v 24.1 0.9 7.6
v 24.1 0.9 7.4
v 24.1 0.9 7.2
v 24.1 0.9 6.9
v 24.1 0.9 6
v 24.1 0.9 4.4
v 24.1 1 12.3
v 24.1 1 11.5
v 24.1 1 7.8
v 24.1 1 7.7
v 24.1 1 7.6
v 24.1 1 7.4
v 24.1 1.1 12.3
v 24.1 1.1 11.5
v 24.1 1.1 11.3
v 24.1 1.1 11.1
v 24.1 1.1 8.1
v 24.1 1.1 7.9
v 24.1 1.1 7.8
v 24.1 1.1 7.7
v 24.1 1.2 11.3
v 24.1 1.2 11.1
v 24.1 1.2 10.9
v 24.1 1.2 10.7
v 24.1 1.2 8.3
v 24.1 1.2 8.2
v 24.1 1.2 8.1
v 24.1 1.2 7.9
v 24.1 1.3 10.9
v 24.1 1.3 10.7
v 24.1 1.3 10.6
v 24.1 1.3 10.4
v 24.1 1.3 8.7
v 24.1 1.3 8.4
v 24.1 1.3 8.3
v 24.1 1.3 8.2
v 24.1 1.4 10.6
v 24.1 1.4 10.4
v 24.1 1.4 10.1
v 24.1 1.4 9.8
v 24.1 1.4 9.1
v 24.1 1.4 8.8
v 24.1 1.4 8.7
v 24.1 1.4 8.4
v 24.1 1.5 10.1
v 24.1 1.5 9.8
v 24.1 1.5 9.1
v 24.1 1.5 8.8
v 24.2 0 -7.5
v 24.2 0 -7.8
v 24.2 0.1 -7.5
v 24.2 0.1 -7.8
v 24.2 0.4 3.2
v 24.2 0.4 3.1
v 24.2 0.5 3.6
v 24.2 0.5 3.5
v 24.2 0.5 3.2
v 24.2 0.5 3.1
v 24.2 0.6 3.8
v 24.2 0.6 3.7
v 24.2 0.6 3.6
v 24.2 0.6 3.5
v 24.2 0.7 4.1
v 24.2 0.7 3.9
v 24.2 0.7 3.8
v 24.2 0.7 3.7
v 24.2 0.8 6.9
v 24.2 0.8 6
v 24.2 0.8 4.4
v 24.2 0.8 4.2
v 24.2 0.8 4.1
v 24.2 0.8 3.9
v 24.2 0.9 7.4
v 24.2 0.9 7.1
v 24.2 0.9 6.9
v 24.2 0.9 6
v 24.2 0.9 5.7
v 24.2 0.9 4.6
v 24.2 0.9 4.4
v 24.2 0.9 4.2
v 24.2 1 7.7
v 24.2 1 7.5
v 24.2 1 7.4
v 24.2 1 7.1
v 24.2 1 5.7
v 24.2 1 4.6
v 24.2 1.1 11.6
v 24.2 1.1 11.3
v 24.2 1.1 7.9
v 24.2 1.1 7.8
v 24.2 1.1 7.7
v 24.2 1.1 7.5
v 24.2 1.2 11.6
v 24.2 1.2 11.3
v 24.2 1.2 11.2
v 24.2 1.2 10.9
v 24.2 1.2 8.2
v 24.2 1.2 8
v 24.2 1.2 7.9
v 24.2 1.2 7.8
v 24.2 1.3 11.2
v 24.2 1.3 10.9
v 24.2 1.3 10.6
v 24.2 1.3 8.4
v 24.2 1.3 8.3
v 24.2 1.3 8.2
v 24.2 1.3 8
v 24.2 1.4 10.9
v 24.2 1.4 10.6
v 24.2 1.4 10.5
v 24.2 1.4 10.1
v 24.2 1.4 8.8
v 24.2 1.4 8.7
v 24.2 1.4 8.4
v 24.2 1.4 8.3
v 24.2 1.5 10.5
v 24.2 1.5 10.1
v 24.2 1.5 9.9
v 24.2 1.5 9.1
v 24.2 1.5 8.8
v 24.2 1.5 8.7
v 24.2 1.6 9.9
v 24.2 1.6 9.1
v 24.3 0 -7.8
v 24.3 0 -8.1
v 24.3 0.1 -2
v 24.3 0.1 -2.1
v 24.3 0.1 -7.8
v 24.3 0.1 -8.1
v 24.3 0.2 -2
v 24.3 0.2 -2.1
v 24.3 0.4 3.1
v 24.3 0.4 3
v 24.3 0.5 3.5
v 24.3 0.5 3.3
v 24.3 0.5 3.1
v 24.3 0.5 3
v 24.3 0.6 3.7
v 24.3 0.6 3.6
v 24.3 0.6 3.5
v 24.3 0.6 3.3
v 24.3 0.7 3.9
v 24.3 0.7 3.8
v 24.3 0.7 3.7
v 24.3 0.7 3.6
v 24.3 0.8 4.2
v 24.3 0.8 4
v 24.3 0.8 3.9
v 24.3 0.8 3.8
v 24.3 0.9 7.1
v 24.3 0.9 5.7
v 24.3 0.9 4.6
v 24.3 0.9 4.3
v 24.3 0.9 4.2
v 24.3 0.9 4
v 24.3 1 7.5
v 24.3 1 7.3
v 24.3 1 7.1
v 24.3 1 5.7
v 24.3 1 5.4
v 24.3 1 4.8
v 24.3 1 4.6
v 24.3 1 4.3
v 24.3 1.1 11.8
v 24.3 1.1 11.6
v 24.3 1.1 7.8
v 24.3 1.1 7.6
v 24.3 1.1 7.5
v 24.3 1.1 7.3
v 24.3 1.1 5.4
v 24.3 1.1 4.8
v 24.3 1.2 11.8
v 24.3 1.2 11.6
v 24.3 1.2 11.4
v 24.3 1.2 11.2
v 24.3 1.2 8
v 24.3 1.2 7.9
v 24.3 1.2 7.8
v 24.3 1.2 7.6
v 24.3 1.3 11.4
v 24.3 1.3 11.2
v 24.3 1.3 11.1
v 24.3 1.3 10.9
v 24.3 1.3 8.3
v 24.3 1.3 8.1
v 24.3 1.3 8
v 24.3 1.3 7.9
v 24.3 1.4 11.1
v 24.3 1.4 10.9
v 24.3 1.4 10.7
v 24.3 1.4 10.5
v 24.3 1.4 8.7
v 24.3 1.4 8.4
v 24.3 1.4 8.3
v 24.3 1.4 8.1
v 24.3 1.5 10.7
v 24.3 1.5 10.5
v 24.3 1.5 10.3
v 24.3 1.5 9.9
v 24.3 1.5 9.1
v 24.3 1.5 8.9
v 24.3 1.5 8.7
v 24.3 1.5 8.4
v 24.3 1.6 10.3
v 24.3 1.6 9.9
v 24.3 1.6 9.1
v 24.3 1.6 8.9
v 24.4 0 -8.1
v 24.4 0 -8.3
v 24.4 0.1 -2.1
v 24.4 0.1 -2.2
v 24.4 0.1 -8.1
v 24.4 0.1 -8.3
v 24.4 0.2 -2.1
v 24.4 0.2 -2.2
v 24.4 0.4 3
v 24.4 0.4 2.9
v 24.4 0.5 3.3
v 24.4 0.5 3.2
v 24.4 0.5 3
v 24.4 0.5 2.9
v 24.4 0.6 3.6
v 24.4 0.6 3.5
v 24.4 0.6 3.3
v 24.4 0.6 3.2
v 24.4 0.7 3.8
v 24.4 0.7 3.7
v 24.4 0.7 3.6
v 24.4 0.7 3.5
v 24.4 0.8 4
v 24.4 0.8 3.9
v 24.4 0.8 3.8
v 24.4 0.8 3.7
v 24.4 0.9 4.3
v 24.4 0.9 4.1
v 24.4 0.9 4
v 24.4 0.9 3.9
v 24.4 1 7.3
v 24.4 1 6.9
v 24.4 1 6.2
v 24.4 1 5.4
v 24.4 1 4.8
v 24.4 1 4.4
v 24.4 1 4.3
v 24.4 1 4.1
v 24.4 1.1 12.2
v 24.4 1.1 11.8
v 24.4 1.1 7.6
v 24.4 1.1 7.4
v 24.4 1.1 7.3
v 24.4 1.1 6.9
v 24.4 1.1 6.2
v 24.4 1.1 5.4
v 24.4 1.1 4.8
v 24.4 1.1 4.4
v 24.4 1.2 12.2
v 24.4 1.2 11.8
v 24.4 1.2 11.6
v 24.4 1.2 11.4
v 24.4 1.2 7.9
v 24.4 1.2 7.7
v 24.4 1.2 7.6
v 24.4 1.2 7.4
v 24.4 1.3 11.6
v 24.4 1.3 11.4
v 24.4 1.3 11.3
v 24.4 1.3 11.1
v 24.4 1.3 8.1
v 24.4 1.3 8
v 24.4 1.3 7.9
v 24.4 1.3 7.7
v 24.4 1.4 11.3
v 24.4 1.4 11.1
v 24.4 1.4 11
v 24.4 1.4 10.7
v 24.4 1.4 8.4
v 24.4 1.4 8.2
v 24.4 1.4 8.1
v 24.4 1.4 8
v 24.4 1.5 11
v 24.4 1.5 10.7
v 24.4 1.5 10.6
v 24.4 1.5 10.3
v 24.4 1.5 8.9
v 24.4 1.5 8.7
v 24.4 1.5 8.4
v 24.4 1.5 8.2
v 24.4 1.6 10.6
v 24.4 1.6 10.3
v 24.4 1.6 9.8
v 24.4 1.6 9.3
v 24.4 1.6 8.9
v 24.4 1.6 8.7
v 24.4 1.7 9.8
v 24.4 1.7 9.3
v 24.5 0 -8.3
v 24.5 0 -8.7
v 24.5 0.1 -2.2
v 24.5 0.1 -2.7
v 24.5 0.1 -8.3
v 24.5 0.1 -8.7
v 24.5 0.2 -2.2
v 24.5 0.2 -2.7
v 24.5 0.4 2.9
v 24.5 0.4 2.8
v 24.5 0.5 3.2
v 24.5 0.5 3.1
v 24.5 0.5 2.9
v 24.5 0.5 2.8
v 24.5 0.6 3.5
v 24.5 0.6 3.3
v 24.5 0.6 3.2
v 24.5 0.6 3.1
v 24.5 0.7 3.7
v 24.5 0.7 3.6
v 24.5 0.7 3.5
v 24.5 0.7 3.3
v 24.5 0.8 3.9
v 24.5 0.8 3.8
v 24.5 0.8 3.7
v 24.5 0.8 3.6
v 24.5 0.9 4.1
v 24.5 0.9 4
v 24.5 0.9 3.9
v 24.5 0.9 3.8
v 24.5 1 6.9
v 24.5 1 6.2
v 24.5 1 4.4
v 24.5 1 4.2
v 24.5 1 4.1
v 24.5 1 4
v 24.5 1.1 12.7
v 24.5 1.1 12.2
v 24.5 1.1 7.4
v 24.5 1.1 7.1
v 24.5 1.1 6.9
v 24.5 1.1 6.2
v 24.5 1.1 5.9
v 24.5 1.1 4.5
v 24.5 1.1 4.4
v 24.5 1.1 4.2
v 24.5 1.2 12.7
v 24.5 1.2 12.2
v 24.5 1.2 11.8
v 24.5 1.2 11.6
v 24.5 1.2 7.7
v 24.5 1.2 7.5
v 24.5 1.2 7.4
v 24.5 1.2 7.1
v 24.5 1.2 5.9
v 24.5 1.2 4.5
v 24.5 1.3 11.8
v 24.5 1.3 11.6
v 24.5 1.3 11.5
v 24.5 1.3 11.3
v 24.5 1.3 8
v 24.5 1.3 7.8
v 24.5 1.3 7.7
v 24.5 1.3 7.5
v 24.5 1.4 11.5
v 24.5 1.4 11.3
v 24.5 1.4 11.2
v 24.5 1.4 11
v 24.5 1.4 8.2
v 24.5 1.4 8.1
v 24.5 1.4 8
v 24.5 1.4 7.8
v 24.5 1.5 11.2
v 24.5 1.5 11
v 24.5 1.5 10.8
v 24.5 1.5 10.6
v 24.5 1.5 8.7
v 24.5 1.5 8.4
v 24.5 1.5 8.2
v 24.5 1.5 8.1
v 24.5 1.6 10.8
v 24.5 1.6 10.6
v 24.5 1.6 10.3
v 24.5 1.6 9.8
v 24.5 1.6 9.3
v 24.5 1.6 9
v 24.5 1.6 8.7
v 24.5 1.6 8.4
v 24.5 1.7 10.3
v 24.5 1.7 9.8
v 24.5 1.7 9.3
v 24.5 1.7 9
v 24.6 0 -8.7
v 24.6 0 -9
v 24.6 0.1 -2.7
v 24.6 0.1 -4.3
v 24.6 0.1 -8.7
v 24.6 0.1 -9
v 24.6 0.2 -2.7
v 24.6 0.2 -4.3
v 24.6 0.4 2.8
v 24.6 0.4 2.7
v 24.6 0.5 3.1
v 24.6 0.5 3
v 24.6 0.5 2.8
v 24.6 0.5 2.7
v 24.6 0.6 3.3
v 24.6 0.6 3.2
v 24.6 0.6 3.1
v 24.6 0.6 3
v 24.6 0.7 3.6
v 24.6 0.7 3.5
v 24.6 0.7 3.3
v 24.6 0.7 3.2
v 24.6 0.8 3.8
v 24.6 0.8 3.6
v 24.6 0.8 3.5
v 24.6 0.9 4
v 24.6 0.9 3.8
v 24.6 0.9 3.6
v 24.6 1 4.2
v 24.6 1 4
v 24.6 1 3.8
v 24.6 1.1 7.1
v 24.6 1.1 5.9
v 24.6 1.1 4.5
v 24.6 1.1 4.3
v 24.6 1.1 4.2
v 24.6 1.1 4
v 24.6 1.2 12.1
v 24.6 1.2 11.8
v 24.6 1.2 7.5
v 24.6 1.2 7.3
v 24.6 1.2 7.1
v 24.6 1.2 5.9
v 24.6 1.2 5.7
v 24.6 1.2 4.7
v 24.6 1.2 4.5
v 24.6 1.2 4.3
v 24.6 1.3 12.1
v 24.6 1.3 11.8
v 24.6 1.3 11.7
v 24.6 1.3 11.5
v 24.6 1.3 7.8
v 24.6 1.3 7.7
v 24.6 1.3 7.5
v 24.6 1.3 7.3
v 24.6 1.3 5.7
v 24.6 1.3 4.7
v 24.6 1.4 11.7
v 24.6 1.4 11.5
v 24.6 1.4 11.4
v 24.6 1.4 11.2
v 24.6 1.4 8.1
v 24.6 1.4 7.9
v 24.6 1.4 7.8
v 24.6 1.4 7.7
v 24.6 1.5 11.4
v 24.6 1.5 11.2
v 24.6 1.5 11.1
v 24.6 1.5 10.8
v 24.6 1.5 8.4
v 24.6 1.5 8.3
v 24.6 1.5 8.1
v 24.6 1.5 7.9
v 24.6 1.6 11.1
v 24.6 1.6 10.8
v 24.6 1.6 10.6
v 24.6 1.6 10.3
v 24.6 1.6 9
v 24.6 1.6 8.8
v 24.6 1.6 8.4
v 24.6 1.6 8.3
v 24.6 1.7 10.6
v 24.6 1.7 10.3
v 24.6 1.7 9
v 24.6 1.7 8.8
v 24.7 0 -9
v 24.7 0 -9.3
v 24.7 0.1 -4.3
v 24.7 0.1 -5
v 24.7 0.1 -9
v 24.7 0.1 -9.3
v 24.7 0.2 -4.3
v 24.7 0.2 -5
v 24.7 0.4 2.7
v 24.7 0.4 2.5
v 24.7 0.5 3
v 24.7 0.5 2.9
v 24.7 0.5 2.7
v 24.7 0.5 2.5
v 24.7 0.6 3.2
v 24.7 0.6 3.1
v 24.7 0.6 3
v 24.7 0.6 2.9
v 24.7 0.7 3.5
v 24.7 0.7 3.3
v 24.7 0.7 3.2
v 24.7 0.7 3.1
v 24.7 0.8 3.6
v 24.7 0.8 3.5
v 24.7 0.8 3.3
v 24.7 0.9 3.8
v 24.7 0.9 3.7
v 24.7 0.9 3.6
v 24.7 0.9 3.5
v 24.7 1 4
v 24.7 1 3.9
v 24.7 1 3.8
v 24.7 1 3.7
v 24.7 1.1 4.3
v 24.7 1.1 4.1
v 24.7 1.1 4
v 24.7 1.1 3.9
v 24.7 1.2 12.3
v 24.7 1.2 12.1
v 24.7 1.2 7.3
v 24.7 1.2 6.7
v 24.7 1.2 6.5
v 24.7 1.2 5.7
v 24.7 1.2 4.7
v 24.7 1.2 4.4
v 24.7 1.2 4.3
v 24.7 1.2 4.1
v 24.7 1.3 12.3
v 24.7 1.3 12.1
v 24.7 1.3 12
v 24.7 1.3 11.7
v 24.7 1.3 7.7
v 24.7 1.3 7.5
v 24.7 1.3 7.3
v 24.7 1.3 6.7
v 24.7 1.3 6.5
v 24.7 1.3 5.7
v 24.7 1.3 4.7
v 24.7 1.3 4.4
v 24.7 1.4 12
v 24.7 1.4 11.7
v 24.7 1.4 11.6
v 24.7 1.4 11.4
v 24.7 1.4 7.9
v 24.7 1.4 7.8
v 24.7 1.4 7.7
v 24.7 1.4 7.5
v 24.7 1.5 11.6
v 24.7 1.5 11.4
v 24.7 1.5 11.3
v 24.7 1.5 11.1
v 24.7 1.5 8.3
v 24.7 1.5 8.1
v 24.7 1.5 7.9
v 24.7 1.5 7.8
v 24.7 1.6 11.3
v 24.7 1.6 11.1
v 24.7 1.6 10.8
v 24.7 1.6 10.6
v 24.7 1.6 8.8
v 24.7 1.6 8.6
v 24.7 1.6 8.3
v 24.7 1.6 8.1
v 24.7 1.7 10.8
v 24.7 1.7 10.6
v 24.7 1.7 8.8
v 24.7 1.7 8.6
v 24.8 0 -9.3
v 24.8 0 -9.7
v 24.8 0.1 -5
v 24.8 0.1 -5.5
v 24.8 0.1 -9.3
v 24.8 0.1 -9.7
v 24.8 0.2 -5
v 24.8 0.2 -5.5
v 24.8 0.4 2.5
v 24.8 0.4 2.4
v 24.8 0.5 2.9
v 24.8 0.5 2.8
v 24.8 0.5 2.5
v 24.8 0.5 2.4
v 24.8 0.6 3.1
v 24.8 0.6 3
v 24.8 0.6 2.9
v 24.8 0.6 2.8
v 24.8 0.7 3.3
v 24.8 0.7 3.2
v 24.8 0.7 3.1
v 24.8 0.7 3
v 24.8 0.8 3.5
v 24.8 0.8 3.3
v 24.8 0.8 3.2
v 24.8 0.9 3.7
v 24.8 0.9 3.6
v 24.8 0.9 3.5
v 24.8 0.9 3.3
v 24.8 1 3.9
v 24.8 1 3.8
v 24.8 1 3.7
v 24.8 1 3.6
v 24.8 1.1 4.1
v 24.8 1.1 4
v 24.8 1.1 3.9
v 24.8 1.1 3.8
v 24.8 1.2 12.6
v 24.8 1.2 12.3
v 24.8 1.2 6.7
v 24.8 1.2 6.5
v 24.8 1.2 4.4
v 24.8 1.2 4.2
v 24.8 1.2 4.1
v 24.8 1.2 4
v 24.8 1.3 12.6
v 24.8 1.3 12.3
v 24.8 1.3 12.2
v 24.8 1.3 12
v 24.8 1.3 7.5
v 24.8 1.3 7.2
v 24.8 1.3 6.7
v 24.8 1.3 6.5
v 24.8 1.3 6
v 24.8 1.3 4.5
v 24.8 1.3 4.4
v 24.8 1.3 4.2
v 24.8 1.4 12.2
v 24.8 1.4 12
v 24.8 1.4 11.8
v 24.8 1.4 11.6
v 24.8 1.4 7.8
v 24.8 1.4 7.6
v 24.8 1.4 7.5
v 24.8 1.4 7.2
v 24.8 1.4 6
v 24.8 1.4 4.5
v 24.8 1.5 11.8
v 24.8 1.5 11.6
v 24.8 1.5 11.5
v 24.8 1.5 11.3
v 24.8 1.5 8.1
v 24.8 1.5 8
v 24.8 1.5 7.8
v 24.8 1.5 7.6
v 24.8 1.6 11.5
v 24.8 1.6 11.3
v 24.8 1.6 11.1
v 24.8 1.6 10.8
v 24.8 1.6 8.6
v 24.8 1.6 8.3
v 24.8 1.6 8.1
v 24.8 1.6 8
v 24.8 1.7 11.1
v 24.8 1.7 10.8
v 24.8 1.7 8.6
v 24.8 1.7 8.3
v 24.9 0 -9.7
v 24.9 0 -10
v 24.9 0.1 -5.5
v 24.9 0.1 -5.9
v 24.9 0.1 -9.7
v 24.9 0.1 -10
v 24.9 0.2 -1
v 24.9 0.2 -1.2
v 24.9 0.2 -5.5
v 24.9 0.2 -5.9
v 24.9 0.3 -1
v 24.9 0.3 -1.2
v 24.9 0.4 2.4
v 24.9 0.4 2.1
v 24.9 0.5 2.8
v 24.9 0.5 2.7
v 24.9 0.5 2.4
v 24.9 0.5 2.1
v 24.9 0.6 3
v 24.9 0.6 2.9
v 24.9 0.6 2.8
v 24.9 0.6 2.7
v 24.9 0.7 3.2
v 24.9 0.7 3.1
v 24.9 0.7 3
v 24.9 0.7 2.9
v 24.9 0.8 3.3
v 24.9 0.8 3.2
v 24.9 0.8 3.1
v 24.9 0.9 3.6
v 24.9 0.9 3.5
v 24.9 0.9 3.3
v 24.9 0.9 3.2
v 24.9 1 3.8
v 24.9 1 3.7
v 24.9 1 3.6
v 24.9 1 3.5
v 24.9 1.1 4
v 24.9 1.1 3.8
v 24.9 1.1 3.7
v 24.9 1.2 12.8
v 24.9 1.2 12.6
v 24.9 1.2 4.2
v 24.9 1.2 4
v 24.9 1.2 3.8
v 24.9 1.3 12.8
v 24.9 1.3 12.6
v 24.9 1.3 12.4
v 24.9 1.3 12.2
v 24.9 1.3 7.2
v 24.9 1.3 6
v 24.9 1.3 4.5
v 24.9 1.3 4.3
v 24.9 1.3 4.2
v 24.9 1.3 4
v 24.9 1.4 12.4
v 24.9 1.4 12.2
v 24.9 1.4 12.1
v 24.9 1.4 11.8
v 24.9 1.4 7.6
v 24.9 1.4 7.4
v 24.9 1.4 7.2
v 24.9 1.4 6
v 24.9 1.4 5.7
v 24.9 1.4 4.7
v 24.9 1.4 4.5
v 24.9 1.4 4.3
v 24.9 1.5 12.1
v 24.9 1.5 11.8
v 24.9 1.5 11.7
v 24.9 1.5 11.5
v 24.9 1.5 8
v 24.9 1.5 7.8
v 24.9 1.5 7.6
v 24.9 1.5 7.4
v 24.9 1.5 5.7
v 24.9 1.5 4.7
v 24.9 1.6 11.7
v 24.9 1.6 11.5
v 24.9 1.6 11.3
v 24.9 1.6 11.1
v 24.9 1.6 8.3
v 24.9 1.6 8.2
v 24.9 1.6 8
v 24.9 1.6 7.8
v 24.9 1.7 11.3
v 24.9 1.7 11.1
v 24.9 1.7 8.3
v 24.9 1.7 8.2
v 25 0 -10
v 25 0 -10.4
v 25 0.1 -5.9
v 25 0.1 -6.3
v 25 0.1 -10
v 25 0.1 -10.4
v 25 0.2 -1.2
v 25 0.2 -1.5
v 25 0.2 -2.6
v 25 0.2 -4
v 25 0.2 -5.9
v 25 0.2 -6.3
v 25 0.3 -1.2
v 25 0.3 -1.5
v 25 0.3 -2.6
v 25 0.3 -4
v 25 0.4 2.1
v 25 0.4 1.6
v 25 0.5 2.7
v 25 0.5 2.5
v 25 0.5 2.1
v 25 0.5 1.6
v 25 0.6 2.9
v 25 0.6 2.8
v 25 0.6 2.7
v 25 0.6 2.5
v 25 0.7 3.1
v 25 0.7 3
v 25 0.7 2.9
v 25 0.7 2.8
v 25 0.8 3.2
v 25 0.8 3.1
v 25 0.8 3
v 25 0.9 3.5
v 25 0.9 3.3
v 25 0.9 3.2
v 25 0.9 3.1
v 25 1 3.7
v 25 1 3.6
v 25 1 3.5
v 25 1 3.3
v 25 1.1 3.8
v 25 1.1 3.7
v 25 1.1 3.6
v 25 1.2 4
v 25 1.2 3.9
v 25 1.2 3.8
v 25 1.2 3.7
v 25 1.3 12.5
v 25 1.3 12.4
v 25 1.3 4.3
v 25 1.3 4.1
v 25 1.3 4
v 25 1.3 3.9
v 25 1.4 12.5
v 25 1.4 12.4
v 25 1.4 12.2
v 25 1.4 12.1
v 25 1.4 7.4
v 25 1.4 6.9
v 25 1.4 6.4
v 25 1.4 5.7
v 25 1.4 4.7
v 25 1.4 4.4
v 25 1.4 4.3
v 25 1.4 4.1
v 25 1.5 12.2
v 25 1.5 12.1
v 25 1.5 12
v 25 1.5 11.7
v 25 1.5 7.8
v 25 1.5 7.6
v 25 1.5 7.4
v 25 1.5 6.9
v 25 1.5 6.4
v 25 1.5 5.7
v 25 1.5 4.7
v 25 1.5 4.4
v 25 1.6 12
v 25 1.6 11.7
v 25 1.6 11.5
v 25 1.6 11.3
v 25 1.6 8.2
v 25 1.6 8
v 25 1.6 7.8
v 25 1.6 7.6
v 25 1.7 11.5
v 25 1.7 11.3
v 25 1.7 8.2
v 25 1.7 8
v 25.1 0 -10.4
v 25.1 0 -10.8
v 25.1 0.1 -6.3
v 25.1 0.1 -6.6
v 25.1 0.1 -10.4
v 25.1 0.1 -10.8
v 25.1 0.2 -1.5
v 25.1 0.2 -2.6
v 25.1 0.2 -4
v 25.1 0.2 -4.8
v 25.1 0.2 -6.3
v 25.1 0.2 -6.6
v 25.1 0.3 -1.5
v 25.1 0.3 -2.6
v 25.1 0.3 -4
v 25.1 0.3 -4.8
v 25.1 0.5 2.5
v 25.1 0.5 2.4
v 25.1 0.6 2.8
v 25.1 0.6 2.7
v 25.1 0.6 2.5
v 25.1 0.6 2.4
v 25.1 0.7 3
v 25.1 0.7 2.9
v 25.1 0.7 2.8
v 25.1 0.7 2.7
v 25.1 0.8 3.1
v 25.1 0.8 3
v 25.1 0.8 2.9
v 25.1 0.9 3.3
v 25.1 0.9 3.2
v 25.1 0.9 3.1
v 25.1 0.9 3
v 25.1 1 3.6
v 25.1 1 3.3
v 25.1 1 3.2
v 25.1 1.1 3.7
v 25.1 1.1 3.6
v 25.1 1.1 3.3
v 25.1 1.2 3.9
v 25.1 1.2 3.8
v 25.1 1.2 3.7
v 25.1 1.2 3.6
v 25.1 1.3 12.7
v 25.1 1.3 12.5
v 25.1 1.3 4.1
v 25.1 1.3 4
v 25.1 1.3 3.9
v 25.1 1.3 3.8
v 25.1 1.4 12.7
v 25.1 1.4 12.5
v 25.1 1.4 12.4
v 25.1 1.4 12.2
v 25.1 1.4 6.9
v 25.1 1.4 6.4
v 25.1 1.4 4.4
v 25.1 1.4 4.2
v 25.1 1.4 4.1
v 25.1 1.4 4
v 25.1 1.5 12.4
v 25.1 1.5 12.2
v 25.1 1.5 12.1
v 25.1 1.5 12
v 25.1 1.5 7.6
v 25.1 1.5 7.3
v 25.1 1.5 6.9
v 25.1 1.5 6.4
v 25.1 1.5 5.8
v 25.1 1.5 4.6
v 25.1 1.5 4.4
v 25.1 1.5 4.2
v 25.1 1.6 12.1
v 25.1 1.6 12
v 25.1 1.6 11.7
v 25.1 1.6 11.5
v 25.1 1.6 8
v 25.1 1.6 7.9
v 25.1 1.6 7.6
v 25.1 1.6 7.3
v 25.1 1.6 5.8
v 25.1 1.6 4.6
v 25.1 1.7 11.7
v 25.1 1.7 11.5
v 25.1 1.7 8
v 25.1 1.7 7.9
v 25.2 0 -10.8
v 25.2 0 -11.2
v 25.2 0.1 -6.6
v 25.2 0.1 -7.1
v 25.2 0.1 -10.8
v 25.2 0.1 -11.2
v 25.2 0.2 -4.8
v 25.2 0.2 -5.4
v 25.2 0.2 -6.6
v 25.2 0.2 -7.1
v 25.2 0.3 -0.2
v 25.2 0.3 -0.299999
v 25.2 0.3 -4.8
v 25.2 0.3 -5.4
v 25.2 0.4 -0.2
v 25.2 0.4 -0.299999
v 25.2 0.5 2.4
v 25.2 0.5 2.3
v 25.2 0.6 2.7
v 25.2 0.6 2.6
v 25.2 0.6 2.4
v 25.2 0.6 2.3
v 25.2 0.7 2.9
v 25.2 0.7 2.8
v 25.2 0.7 2.7
v 25.2 0.7 2.6
v 25.2 0.8 3
v 25.2 0.8 2.9
v 25.2 0.8 2.8
v 25.2 0.9 3.2
v 25.2 0.9 3.1
v 25.2 0.9 3
v 25.2 0.9 2.9
v 25.2 1 3.3
v 25.2 1 3.2
v 25.2 1 3.1
v 25.2 1.1 3.6
v 25.2 1.1 3.5
v 25.2 1.1 3.3
v 25.2 1.1 3.2
v 25.2 1.2 3.8
v 25.2 1.2 3.7
v 25.2 1.2 3.6
v 25.2 1.2 3.5
v 25.2 1.3 12.8
v 25.2 1.3 12.7
v 25.2 1.3 4
v 25.2 1.3 3.8
v 25.2 1.3 3.7
v 25.2 1.4 12.8
v 25.2 1.4 12.7
v 25.2 1.4 12.5
v 25.2 1.4 12.4
v 25.2 1.4 4.2
v 25.2 1.4 4.1
v 25.2 1.4 4
v 25.2 1.4 3.8
v 25.2 1.5 12.5
v 25.2 1.5 12.4
v 25.2 1.5 12.3
v 25.2 1.5 12.1
v 25.2 1.5 7.3
v 25.2 1.5 5.8
v 25.2 1.5 4.6
v 25.2 1.5 4.4
v 25.2 1.5 4.2
v 25.2 1.5 4.1
v 25.2 1.6 12.3
v 25.2 1.6 12.1
v 25.2 1.6 12
v 25.2 1.6 11.7
v 25.2 1.6 7.9
v 25.2 1.6 7.7
v 25.2 1.6 7.3
v 25.2 1.6 5.8
v 25.2 1.6 4.6
v 25.2 1.6 4.4
v 25.2 1.7 12
v 25.2 1.7 11.7
v 25.2 1.7 7.9
v 25.2 1.7 7.7
v 25.3 0 -11.2
v 25.3 0 -11.6
v 25.3 0.1 -7.1
v 25.3 0.1 -7.4
v 25.3 0.1 -11.2
v 25.3 0.1 -11.6
v 25.3 0.2 -5.4
v 25.3 0.2 -5.9
v 25.3 0.2 -7.1
v 25.3 0.2 -7.4
v 25.3 0.3 -0.299999
v 25.3 0.3 -0.5
v 25.3 0.3 -5.4
v 25.3 0.3 -5.9
v 25.3 0.4 1
v 25.3 0.4 0.900001
v 25.3 0.4 -0.299999
v 25.3 0.4 -0.5
v 25.3 0.5 2.3
v 25.3 0.5 2.1
v 25.3 0.5 1
v 25.3 0.5 0.900001
v 25.3 0.6 2.6
v 25.3 0.6 2.5
v 25.3 0.6 2.3
v 25.3 0.6 2.1
v 25.3 0.7 2.8
v 25.3 0.7 2.7
v 25.3 0.7 2.6
v 25.3 0.7 2.5
v 25.3 0.8 2.9
v 25.3 0.8 2.8
v 25.3 0.8 2.7
v 25.3 0.9 3.1
v 25.3 0.9 3
v 25.3 0.9 2.9
v 25.3 0.9 2.8
v 25.3 1 3.2
v 25.3 1 3.1
v 25.3 1 3
v 25.3 1.1 3.5
v 25.3 1.1 3.3
v 25.3 1.1 3.2
v 25.3 1.1 3.1
v 25.3 1.2 3.7
v 25.3 1.2 3.5
v 25.3 1.2 3.3
v 25.3 1.3 3.8
v 25.3 1.3 3.7
v 25.3 1.3 3.5
v 25.3 1.4 12.7
v 25.3 1.4 12.5
v 25.3 1.4 4.1
v 25.3 1.4 3.9
v 25.3 1.4 3.8
v 25.3 1.4 3.7
v 25.3 1.5 12.7
v 25.3 1.5 12.5
v 25.3 1.5 12.4
v 25.3 1.5 12.3
v 25.3 1.5 4.4
v 25.3 1.5 4.2
v 25.3 1.5 4.1
v 25.3 1.5 3.9
v 25.3 1.6 12.4
v 25.3 1.6 12.3
v 25.3 1.6 12.1
v 25.3 1.6 12
v 25.3 1.6 7.7
v 25.3 1.6 7.4
v 25.3 1.6 5.7
v 25.3 1.6 4.7
v 25.3 1.6 4.4
v 25.3 1.6 4.2
v 25.3 1.7 12.1
v 25.3 1.7 12
v 25.3 1.7 7.7
v 25.3 1.7 7.4
v 25.3 1.7 5.7
v 25.3 1.7 4.7
v 25.4 0 -11.6
v 25.4 0 -12.2
v 25.4 0.1 -7.4
v 25.4 0.1 -7.8
v 25.4 0.1 -11.6
v 25.4 0.1 -12.2
v 25.4 0.2 -5.9
v 25.4 0.2 -6.2
v 25.4 0.2 -7.4
v 25.4 0.2 -7.8
v 25.4 0.3 -0.5
v 25.4 0.3 -0.799999
v 25.4 0.3 -2
v 25.4 0.3 -4.7
v 25.4 0.3 -5.9
v 25.4 0.3 -6.2
v 25.4 0.4 0.900001
v 25.4 0.4 0.8
v 25.4 0.4 -0.5
v 25.4 0.4 -0.799999
v 25.4 0.4 -2
v 25.4 0.4 -4.7
v 25.4 0.5 2.1
v 25.4 0.5 2
v 25.4 0.5 0.900001
v 25.4 0.5 0.8
v 25.4 0.6 2.5
v 25.4 0.6 2.3
v 25.4 0.6 2.1
v 25.4 0.6 2
v 25.4 0.7 2.7
v 25.4 0.7 2.5
v 25.4 0.7 2.3
v 25.4 0.8 2.8
v 25.4 0.8 2.7
v 25.4 0.8 2.5
v 25.4 0.9 3
v 25.4 0.9 2.9
v 25.4 0.9 2.8
v 25.4 0.9 2.7
v 25.4 1 3.1
v 25.4 1 3
v 25.4 1 2.9
v 25.4 1.1 3.3
v 25.4 1.1 3.2
v 25.4 1.1 3.1
v 25.4 1.1 3
v 25.4 1.2 3.5
v 25.4 1.2 3.3
v 25.4 1.2 3.2
v 25.4 1.3 3.7
v 25.4 1.3 3.6
v 25.4 1.3 3.5
v 25.4 1.3 3.3
v 25.4 1.4 12.8
v 25.4 1.4 12.7
v 25.4 1.4 3.9
v 25.4 1.4 3.8
v 25.4 1.4 3.7
v 25.4 1.4 3.6
v 25.4 1.5 12.8
v 25.4 1.5 12.7
v 25.4 1.5 12.6
v 25.4 1.5 12.4
v 25.4 1.5 4.2
v 25.4 1.5 4
v 25.4 1.5 3.9
v 25.4 1.5 3.8
v 25.4 1.6 12.6
v 25.4 1.6 12.4
v 25.4 1.6 12.3
v 25.4 1.6 12.1
v 25.4 1.6 7.4
v 25.4 1.6 6.9
v 25.4 1.6 6.5
v 25.4 1.6 5.7
v 25.4 1.6 4.7
v 25.4 1.6 4.4
v 25.4 1.6 4.2
v 25.4 1.6 4
v 25.4 1.7 12.3
v 25.4 1.7 12.1
v 25.4 1.7 7.4
v 25.4 1.7 6.9
v 25.4 1.7 6.5
v 25.4 1.7 5.7
v 25.4 1.7 4.7
v 25.4 1.7 4.4
v 25.5 0 -12.2
v 25.5 0 -12.6
v 25.5 0.1 -7.8
v 25.5 0.1 -8.1
v 25.5 0.1 -12.2
v 25.5 0.1 -12.6
v 25.5 0.2 -6.2
v 25.5 0.2 -6.6
v 25.5 0.2 -7.8
v 25.5 0.2 -8.1
v 25.5 0.3 -0.799999
v 25.5 0.3 -2
v 25.5 0.3 -4.7
v 25.5 0.3 -5.4
v 25.5 0.3 -6.2
v 25.5 0.3 -6.6
v 25.5 0.4 0.8
v 25.5 0.4 0.6
v 25.5 0.4 -0.799999
v 25.5 0.4 -2
v 25.5 0.4 -4.7
v 25.5 0.4 -5.4
v 25.5 0.5 2
v 25.5 0.5 1.8
v 25.5 0.5 0.8
v 25.5 0.5 0.6
v 25.5 0.6 2.3
v 25.5 0.6 2.2
v 25.5 0.6 2
v 25.5 0.6 1.8
v 25.5 0.7 2.5
v 25.5 0.7 2.4
v 25.5 0.7 2.3
v 25.5 0.7 2.2
v 25.5 0.8 2.7
v 25.5 0.8 2.6
v 25.5 0.8 2.5
v 25.5 0.8 2.4
v 25.5 0.9 2.9
v 25.5 0.9 2.8
v 25.5 0.9 2.7
v 25.5 0.9 2.6
v 25.5 1 3
v 25.5 1 2.9
v 25.5 1 2.8
v 25.5 1.1 3.2
v 25.5 1.1 3.1
v 25.5 1.1 3
v 25.5 1.1 2.9
v 25.5 1.2 3.3
v 25.5 1.2 3.2
v 25.5 1.2 3.1
v 25.5 1.3 3.6
v 25.5 1.3 3.5
v 25.5 1.3 3.3
v 25.5 1.3 3.2
v 25.5 1.4 3.8
v 25.5 1.4 3.7
v 25.5 1.4 3.6
v 25.5 1.4 3.5
v 25.5 1.5 12.7
v 25.5 1.5 12.6
v 25.5 1.5 4
v 25.5 1.5 3.9
v 25.5 1.5 3.8
v 25.5 1.5 3.7
v 25.5 1.6 12.7
v 25.5 1.6 12.6
v 25.5 1.6 12.4
v 25.5 1.6 12.3
v 25.5 1.6 6.9
v 25.5 1.6 6.5
v 25.5 1.6 4.4
v 25.5 1.6 4.2
v 25.5 1.6 4
v 25.5 1.6 3.9
v 25.5 1.7 12.4
v 25.5 1.7 12.3
v 25.5 1.7 6.9
v 25.5 1.7 6.5
v 25.5 1.7 4.4
v 25.5 1.7 4.2
v 25.6 0 -12.6
v 25.6 0 -12.8
v 25.6 0.1 -8.1
v 25.6 0.1 -8.6
v 25.6 0.1 -12.6
v 25.6 0.1 -12.8
v 25.6 0.2 -6.6
v 25.6 0.2 -7.1
v 25.6 0.2 -8.1
v 25.6 0.2 -8.6
v 25.6 0.3 -5.4
v 25.6 0.3 -5.8
v 25.6 0.3 -6.6
v 25.6 0.3 -7.1
v 25.6 0.4 0.6
v 25.6 0.4 0.400001
v 25.6 0.4 -5.4
v 25.6 0.4 -5.8
v 25.6 0.5 1.8
v 25.6 0.5 1.5
v 25.6 0.5 0.6
v 25.6 0.5 0.400001
v 25.6 0.6 2.2
v 25.6 0.6 2
v 25.6 0.6 1.8
v 25.6 0.6 1.5
v 25.6 0.7 2.4
v 25.6 0.7 2.3
v 25.6 0.7 2.2
v 25.6 0.7 2
v 25.6 0.8 2.6
v 25.6 0.8 2.5
v 25.6 0.8 2.4
v 25.6 0.8 2.3
v 25.6 0.9 2.8
v 25.6 0.9 2.7
v 25.6 0.9 2.6
v 25.6 0.9 2.5
v 25.6 1 2.9
v 25.6 1 2.8
v 25.6 1 2.7
v 25.6 1.1 3.1
v 25.6 1.1 3
v 25.6 1.1 2.9
v 25.6 1.1 2.8
v 25.6 1.2 3.2
v 25.6 1.2 3.1
v 25.6 1.2 3
v 25.6 1.3 3.5
v 25.6 1.3 3.3
v 25.6 1.3 3.2
v 25.6 1.3 3.1
v 25.6 1.4 3.7
v 25.6 1.4 3.5
v 25.6 1.4 3.3
v 25.6 1.5 12.8
v 25.6 1.5 12.7
v 25.6 1.5 3.9
v 25.6 1.5 3.8
v 25.6 1.5 3.7
v 25.6 1.5 3.5
v 25.6 1.6 12.8
v 25.6 1.6 12.7
v 25.6 1.6 12.5
v 25.6 1.6 12.4
v 25.6 1.6 4.2
v 25.6 1.6 4
v 25.6 1.6 3.9
v 25.6 1.6 3.8
v 25.6 1.7 12.5
v 25.6 1.7 12.4
v 25.6 1.7 4.2
v 25.6 1.7 4
v 25.7 0.1 -8.6
v 25.7 0.1 -8.9
v 25.7 0.2 -7.1
v 25.7 0.2 -7.4
v 25.7 0.2 -8.6
v 25.7 0.2 -8.9
v 25.7 0.3 -5.8
v 25.7 0.3 -6.2
v 25.7 0.3 -7.1
v 25.7 0.3 -7.4
v 25.7 0.4 0.400001
v 25.7 0.4 -0.0999994
v 25.7 0.4 -2
v 25.7 0.4 -4.8
v 25.7 0.4 -5.8
v 25.7 0.4 -6.2
v 25.7 0.5 1.5
v 25.7 0.5 1.3
v 25.7 0.5 0.400001
v 25.7 0.5 -0.0999994
v 25.7 0.5 -2
v 25.7 0.5 -4.8
v 25.7 0.6 2
v 25.7 0.6 1.9
v 25.7 0.6 1.5
v 25.7 0.6 1.3
v 25.7 0.7 2.3
v 25.7 0.7 2.2
v 25.7 0.7 2
v 25.7 0.7 1.9
v 25.7 0.8 2.5
v 25.7 0.8 2.4
v 25.7 0.8 2.3
v 25.7 0.8 2.2
v 25.7 0.9 2.7
v 25.7 0.9 2.5
v 25.7 0.9 2.4
v 25.7 1 2.8
v 25.7 1 2.7
v 25.7 1 2.5
v 25.7 1.1 3
v 25.7 1.1 2.9
v 25.7 1.1 2.8
v 25.7 1.1 2.7
v 25.7 1.2 3.1
v 25.7 1.2 3
v 25.7 1.2 2.9
v 25.7 1.3 3.3
v 25.7 1.3 3.2
v 25.7 1.3 3.1
v 25.7 1.3 3
v 25.7 1.4 3.5
v 25.7 1.4 3.3
v 25.7 1.4 3.2
v 25.7 1.5 3.8
v 25.7 1.5 3.6
v 25.7 1.5 3.5
v 25.7 1.5 3.3
v 25.7 1.6 12.7
v 25.7 1.6 12.5
v 25.7 1.6 4
v 25.7 1.6 3.9
v 25.7 1.6 3.8
v 25.7 1.6 3.6
v 25.7 1.7 12.7
v 25.7 1.7 12.5
v 25.7 1.7 4
v 25.7 1.7 3.9
v 25.8 0.1 -8.9
v 25.8 0.1 -9.3
v 25.8 0.2 -7.4
v 25.8 0.2 -7.8
v 25.8 0.2 -8.9
v 25.8 0.2 -9.3
v 25.8 0.3 -6.2
v 25.8 0.3 -6.6
v 25.8 0.3 -7.4
v 25.8 0.3 -7.8
v 25.8 0.4 -0.0999994
v 25.8 0.4 -2
v 25.8 0.4 -4.8
v 25.8 0.4 -5.5
v 25.8 0.4 -6.2
v 25.8 0.4 -6.6
v 25.8 0.5 1.3
v 25.8 0.5 1
v 25.8 0.5 -0.0999994
v 25.8 0.5 -2
v 25.8 0.5 -4.8
v 25.8 0.5 -5.5
v 25.8 0.6 1.9
v 25.8 0.6 1.6
v 25.8 0.6 1.3
v 25.8 0.6 1
v 25.8 0.7 2.2
v 25.8 0.7 2
v 25.8 0.7 1.9
v 25.8 0.7 1.6
v 25.8 0.8 2.4
v 25.8 0.8 2.2
v 25.8 0.8 2
v 25.8 0.9 2.5
v 25.8 0.9 2.4
v 25.8 0.9 2.2
v 25.8 1 2.7
v 25.8 1 2.6
v 25.8 1 2.5
v 25.8 1 2.4
v 25.8 1.1 2.9
v 25.8 1.1 2.7
v 25.8 1.1 2.6
v 25.8 1.2 3
v 25.8 1.2 2.9
v 25.8 1.2 2.7
v 25.8 1.3 3.2
v 25.8 1.3 3.1
v 25.8 1.3 3
v 25.8 1.3 2.9
v 25.8 1.4 3.3
v 25.8 1.4 3.2
v 25.8 1.4 3.1
v 25.8 1.5 3.6
v 25.8 1.5 3.5
v 25.8 1.5 3.3
v 25.8 1.5 3.2
v 25.8 1.6 12.8
v 25.8 1.6 12.7
v 25.8 1.6 3.9
v 25.8 1.6 3.8
v 25.8 1.6 3.6
v 25.8 1.6 3.5
v 25.8 1.7 12.8
v 25.8 1.7 12.7
v 25.8 1.7 3.9
v 25.8 1.7 3.8
v 25.9 0.1 -9.3
v 25.9 0.1 -9.7
v 25.9 0.2 -7.8
v 25.9 0.2 -8.2
v 25.9 0.2 -9.3
v 25.9 0.2 -9.7
v 25.9 0.3 -6.6
v 25.9 0.3 -7.1
v 25.9 0.3 -7.8
v 25.9 0.3 -8.2
v 25.9 0.4 -5.5
v 25.9 0.4 -6
v 25.9 0.4 -6.6
v 25.9 0.4 -7.1
v 25.9 0.5 1
v 25.9 0.5 0.700001
v 25.9 0.5 -2.7
v 25.9 0.5 -4.4
v 25.9 0.5 -5.5
v 25.9 0.5 -6
v 25.9 0.6 1.6
v 25.9 0.6 1.4
v 25.9 0.6 1
v 25.9 0.6 0.700001
v 25.9 0.6 -2.7
v 25.9 0.6 -4.4
v 25.9 0.7 2
v 25.9 0.7 1.9
v 25.9 0.7 1.6
v 25.9 0.7 1.4
v 25.9 0.8 2.2
v 25.9 0.8 2.1
v 25.9 0.8 2
v 25.9 0.8 1.9
v 25.9 0.9 2.4
v 25.9 0.9 2.3
v 25.9 0.9 2.2
v 25.9 0.9 2.1
v 25.9 1 2.6
v 25.9 1 2.5
v 25.9 1 2.4
v 25.9 1 2.3
v 25.9 1.1 2.7
v 25.9 1.1 2.6
v 25.9 1.1 2.5
v 25.9 1.2 2.9
v 25.9 1.2 2.8
v 25.9 1.2 2.7
v 25.9 1.2 2.6
v 25.9 1.3 3.1
v 25.9 1.3 2.9
v 25.9 1.3 2.8
v 25.9 1.4 3.2
v 25.9 1.4 3.1
v 25.9 1.4 2.9
v 25.9 1.5 3.5
v 25.9 1.5 3.3
v 25.9 1.5 3.2
v 25.9 1.5 3.1
v 25.9 1.6 3.8
v 25.9 1.6 3.6
v 25.9 1.6 3.5
v 25.9 1.6 3.3
v 25.9 1.7 3.8
v 25.9 1.7 3.6
v 26 0.1 -9.7
v 26 0.1 -10.1
v 26 0.2 -8.2
v 26 0.2 -8.6
v 26 0.2 -9.7
v 26 0.2 -10.1
v 26 0.3 -7.1
v 26 0.3 -7.5
v 26 0.3 -8.2
v 26 0.3 -8.6
v 26 0.4 -6
v 26 0.4 -6.4
v 26 0.4 -7.1
v 26 0.4 -7.5
v 26 0.5 0.700001
v 26 0.5 0.3
v 26 0.5 -1.8
v 26 0.5 -2.7
v 26 0.5 -4.4
v 26 0.5 -5.2
v 26 0.5 -6
v 26 0.5 -6.4
v 26 0.6 1.4
v 26 0.6 1.2
v 26 0.6 0.700001
v 26 0.6 0.3
v 26 0.6 -1.8
v 26 0.6 -2.7
v 26 0.6 -4.4
v 26 0.6 -5.2
v 26 0.7 1.9
v 26 0.7 1.6
v 26 0.7 1.4
v 26 0.7 1.2
v 26 0.8 2.1
v 26 0.8 2
v 26 0.8 1.9
v 26 0.8 1.6
v 26 0.9 2.3
v 26 0.9 2.2
v 26 0.9 2.1
v 26 0.9 2
v 26 1 2.5
v 26 1 2.3
v 26 1 2.2
v 26 1.1 2.6
v 26 1.1 2.5
v 26 1.1 2.3
v 26 1.2 2.8
v 26 1.2 2.7
v 26 1.2 2.6
v 26 1.2 2.5
v 26 1.3 2.9
v 26 1.3 2.8
v 26 1.3 2.7
v 26 1.4 3.1
v 26 1.4 3
v 26 1.4 2.9
v 26 1.4 2.8
v 26 1.5 3.3
v 26 1.5 3.2
v 26 1.5 3.1
v 26 1.5 3
v 26 1.6 3.6
v 26 1.6 3.5
v 26 1.6 3.3
v 26 1.6 3.2
v 26 1.7 3.6
v 26 1.7 3.5
v 26.1 0.1 -10.1
v 26.1 0.1 -10.6
v 26.1 0.2 -8.6
v 26.1 0.2 -9
v 26.1 0.2 -10.1
v 26.1 0.2 -10.6
v 26.1 0.3 -7.5
v 26.1 0.3 -7.8
v 26.1 0.3 -8.6
v 26.1 0.3 -9
v 26.1 0.4 -6.4
v 26.1 0.4 -6.9
v 26.1 0.4 -7.5
v 26.1 0.4 -7.8
v 26.1 0.5 0.3
v 26.1 0.5 -1.8
v 26.1 0.5 -5.2
v 26.1 0.5 -5.8
v 26.1 0.5 -6.4
v 26.1 0.5 -6.9
v 26.1 0.6 1.2
v 26.1 0.6 0.900001
v 26.1 0.6 0.3
v 26.1 0.6 -1.8
v 26.1 0.6 -5.2
v 26.1 0.6 -5.8
v 26.1 0.7 1.6
v 26.1 0.7 1.4
v 26.1 0.7 1.2
v 26.1 0.7 0.900001
v 26.1 0.8 2
v 26.1 0.8 1.8
v 26.1 0.8 1.6
v 26.1 0.8 1.4
v 26.1 0.9 2.2
v 26.1 0.9 2
v 26.1 0.9 1.8
v 26.1 1 2.3
v 26.1 1 2.2
v 26.1 1 2
v 26.1 1.1 2.5
v 26.1 1.1 2.4
v 26.1 1.1 2.3
v 26.1 1.1 2.2
v 26.1 1.2 2.7
v 26.1 1.2 2.5
v 26.1 1.2 2.4
v 26.1 1.3 2.8
v 26.1 1.3 2.7
v 26.1 1.3 2.5
v 26.1 1.4 3
v 26.1 1.4 2.9
v 26.1 1.4 2.8
v 26.1 1.4 2.7
v 26.1 1.5 3.2
v 26.1 1.5 3.1
v 26.1 1.5 3
v 26.1 1.5 2.9
v 26.1 1.6 3.5
v 26.1 1.6 3.3
v 26.1 1.6 3.2
v 26.1 1.6 3.1
v 26.1 1.7 3.5
v 26.1 1.7 3.3
v 26.2 0.1 -10.6
v 26.2 0.1 -11
v 26.2 0.2 -9
v 26.2 0.2 -9.4
v 26.2 0.2 -10.6
v 26.2 0.2 -11
v 26.2 0.3 -7.8
v 26.2 0.3 -8.2
v 26.2 0.3 -9
v 26.2 0.3 -9.4
v 26.2 0.4 -6.9
v 26.2 0.4 -7.2
v 26.2 0.4 -7.8
v 26.2 0.4 -8.2
v 26.2 0.5 -5.8
v 26.2 0.5 -6.2
v 26.2 0.5 -6.9
v 26.2 0.5 -7.2
v 26.2 0.6 0.900001
v 26.2 0.6 0.5
v 26.2 0.6 -2.3
v 26.2 0.6 -4.8
v 26.2 0.6 -5.8
v 26.2 0.6 -6.2
v 26.2 0.7 1.4
v 26.2 0.7 1.2
v 26.2 0.7 0.900001
v 26.2 0.7 0.5
v 26.2 0.7 -2.3
v 26.2 0.7 -4.8
v 26.2 0.8 1.8
v 26.2 0.8 1.5
v 26.2 0.8 1.4
v 26.2 0.8 1.2
v 26.2 0.9 2
v 26.2 0.9 1.9
v 26.2 0.9 1.8
v 26.2 0.9 1.5
v 26.2 1 2.2
v 26.2 1 2.1
v 26.2 1 2
v 26.2 1 1.9
v 26.2 1.1 2.4
v 26.2 1.1 2.2
v 26.2 1.1 2.1
v 26.2 1.2 2.5
v 26.2 1.2 2.4
v 26.2 1.2 2.2
v 26.2 1.3 2.7
v 26.2 1.3 2.6
v 26.2 1.3 2.5
v 26.2 1.3 2.4
v 26.2 1.4 2.9
v 26.2 1.4 2.8
v 26.2 1.4 2.7
v 26.2 1.4 2.6
v 26.2 1.5 3.1
v 26.2 1.5 2.9
v 26.2 1.5 2.8
v 26.2 1.6 3.3
v 26.2 1.6 3.2
v 26.2 1.6 3.1
v 26.2 1.6 2.9
v 26.2 1.7 3.3
v 26.2 1.7 3.2
v 26.3 0.1 -11
v 26.3 0.1 -11.4
v 26.3 0.2 -9.4
v 26.3 0.2 -9.7
v 26.3 0.2 -11
v 26.3 0.2 -11.4
v 26.3 0.3 -8.2
v 26.3 0.3 -8.6
v 26.3 0.3 -9.4
v 26.3 0.3 -9.7
v 26.3 0.4 -7.2
v 26.3 0.4 -7.6
v 26.3 0.4 -8.2
v 26.3 0.4 -8.6
v 26.3 0.5 -6.2
v 26.3 0.5 -6.6
v 26.3 0.5 -7.2
v 26.3 0.5 -7.6
v 26.3 0.6 0.5
v 26.3 0.6 -0.0999994
v 26.3 0.6 -1.2
v 26.3 0.6 -2.3
v 26.3 0.6 -4.8
v 26.3 0.6 -5.5
v 26.3 0.6 -6.2
v 26.3 0.6 -6.6
v 26.3 0.7 1.2
v 26.3 0.7 0.900001
v 26.3 0.7 0.5
v 26.3 0.7 -0.0999994
v 26.3 0.7 -1.2
v 26.3 0.7 -2.3
v 26.3 0.7 -4.8
v 26.3 0.7 -5.5
v 26.3 0.8 1.5
v 26.3 0.8 1.3
v 26.3 0.8 1.2
v 26.3 0.8 0.900001
v 26.3 0.9 1.9
v 26.3 0.9 1.6
v 26.3 0.9 1.5
v 26.3 0.9 1.3
v 26.3 1 2.1
v 26.3 1 1.9
v 26.3 1 1.6
v 26.3 1.1 2.2
v 26.3 1.1 2.1
v 26.3 1.1 1.9
v 26.3 1.2 2.4
v 26.3 1.2 2.3
v 26.3 1.2 2.2
v 26.3 1.2 2.1
v 26.3 1.3 2.6
v 26.3 1.3 2.5
v 26.3 1.3 2.4
v 26.3 1.3 2.3
v 26.3 1.4 2.8
v 26.3 1.4 2.6
v 26.3 1.4 2.5
v 26.3 1.5 2.9
v 26.3 1.5 2.8
v 26.3 1.5 2.6
v 26.3 1.6 3.2
v 26.3 1.6 3.1
v 26.3 1.6 2.9
v 26.3 1.6 2.8
v 26.3 1.7 3.2
v 26.3 1.7 3.1
v 26.4 0.1 -11.4
v 26.4 0.1 -11.8
v 26.4 0.2 -9.7
v 26.4 0.2 -10.1
v 26.4 0.2 -11.4
v 26.4 0.2 -11.8
v 26.4 0.3 -8.6
v 26.4 0.3 -9
v 26.4 0.3 -9.7
v 26.4 0.3 -10.1
v 26.4 0.4 -7.6
v 26.4 0.4 -8
v 26.4 0.4 -8.6
v 26.4 0.4 -9
v 26.4 0.5 -6.6
v 26.4 0.5 -7.1
v 26.4 0.5 -7.6
v 26.4 0.5 -8
v 26.4 0.6 -0.0999994
v 26.4 0.6 -1.2
v 26.4 0.6 -5.5
v 26.4 0.6 -6
v 26.4 0.6 -6.6
v 26.4 0.6 -7.1
v 26.4 0.7 0.900001
v 26.4 0.7 0.6
v 26.4 0.7 -0.0999994
v 26.4 0.7 -1.2
v 26.4 0.7 -2.9
v 26.4 0.7 -4.3
v 26.4 0.7 -5.5
v 26.4 0.7 -6
v 26.4 0.8 1.3
v 26.4 0.8 1.1
v 26.4 0.8 0.900001
v 26.4 0.8 0.6
v 26.4 0.8 -2.9
v 26.4 0.8 -4.3
v 26.4 0.9 1.6
v 26.4 0.9 1.4
v 26.4 0.9 1.3
v 26.4 0.9 1.1
v 26.4 1 1.9
v 26.4 1 1.8
v 26.4 1 1.6
v 26.4 1 1.4
v 26.4 1.1 2.1
v 26.4 1.1 2
v 26.4 1.1 1.9
v 26.4 1.1 1.8
v 26.4 1.2 2.3
v 26.4 1.2 2.1
v 26.4 1.2 2
v 26.4 1.3 2.5
v 26.4 1.3 2.3
v 26.4 1.3 2.1
v 26.4 1.4 2.6
v 26.4 1.4 2.5
v 26.4 1.4 2.3
v 26.4 1.5 2.8
v 26.4 1.5 2.7
v 26.4 1.5 2.6
v 26.4 1.5 2.5
v 26.4 1.6 3.1
v 26.4 1.6 2.9
v 26.4 1.6 2.8
v 26.4 1.6 2.7
v 26.4 1.7 3.1
v 26.4 1.7 2.9
v 26.5 0.1 -11.8
v 26.5 0.1 -12.2
v 26.5 0.2 -10.1
v 26.5 0.2 -10.5
v 26.5 0.2 -11.8
v 26.5 0.2 -12.2
v 26.5 0.3 -9
v 26.5 0.3 -9.3
v 26.5 0.3 -10.1
v 26.5 0.3 -10.5
v 26.5 0.4 -8
v 26.5 0.4 -8.3
v 26.5 0.4 -9
v 26.5 0.4 -9.3
v 26.5 0.5 -7.1
v 26.5 0.5 -7.4
v 26.5 0.5 -8
v 26.5 0.5 -8.3
v 26.5 0.6 -6
v 26.5 0.6 -6.4
v 26.5 0.6 -7.1
v 26.5 0.6 -7.4
v 26.5 0.7 0.6
v 26.5 0.7 0.1
v 26.5 0.7 -1.8
v 26.5 0.7 -2.9
v 26.5 0.7 -4.3
v 26.5 0.7 -5.3
v 26.5 0.7 -6
v 26.5 0.7 -6.4
v 26.5 0.8 1.1
v 26.5 0.8 0.8
v 26.5 0.8 0.6
v 26.5 0.8 0.1
v 26.5 0.8 -1.8
v 26.5 0.8 -2.9
v 26.5 0.8 -4.3
v 26.5 0.8 -5.3
v 26.5 0.9 1.4
v 26.5 0.9 1.2
v 26.5 0.9 1.1
v 26.5 0.9 0.8
v 26.5 1 1.8
v 26.5 1 1.5
v 26.5 1 1.4
v 26.5 1 1.2
v 26.5 1.1 2
v 26.5 1.1 1.8
v 26.5 1.1 1.5
v 26.5 1.2 2.1
v 26.5 1.2 2
v 26.5 1.2 1.8
v 26.5 1.3 2.3
v 26.5 1.3 2.2
v 26.5 1.3 2.1
v 26.5 1.3 2
v 26.5 1.4 2.5
v 26.5 1.4 2.4
v 26.5 1.4 2.3
v 26.5 1.4 2.2
v 26.5 1.5 2.7
v 26.5 1.5 2.6
v 26.5 1.5 2.5
v 26.5 1.5 2.4
v 26.5 1.6 2.9
v 26.5 1.6 2.8
v 26.5 1.6 2.7
v 26.5 1.6 2.6
v 26.5 1.7 2.9
v 26.5 1.7 2.8
v 26.6 0.1 -12.2
v 26.6 0.1 -12.5
v 26.6 0.2 -10.5
v 26.6 0.2 -10.9
v 26.6 0.2 -12.2
v 26.6 0.2 -12.5
v 26.6 0.3 -9.3
v 26.6 0.3 -9.7
v 26.6 0.3 -10.5
v 26.6 0.3 -10.9
v 26.6 0.4 -8.3
v 26.6 0.4 -8.7
v 26.6 0.4 -9.3
v 26.6 0.4 -9.7
v 26.6 0.5 -7.4
v 26.6 0.5 -7.8
v 26.6 0.5 -8.3
v 26.6 0.5 -8.7
v 26.6 0.6 -6.4
v 26.6 0.6 -6.9
v 26.6 0.6 -7.4
v 26.6 0.6 -7.8
v 26.6 0.7 0.1
v 26.6 0.7 -1.8
v 26.6 0.7 -5.3
v 26.6 0.7 -5.8
v 26.6 0.7 -6.4
v 26.6 0.7 -6.9
v 26.6 0.8 0.8
v 26.6 0.8 0.5
v 26.6 0.8 0.1
v 26.6 0.8 -1.8
v 26.6 0.8 -5.3
v 26.6 0.8 -5.8
v 26.6 0.9 1.2
v 26.6 0.9 1
v 26.6 0.9 0.8
v 26.6 0.9 0.5
v 26.6 1 1.5
v 26.6 1 1.3
v 26.6 1 1.2
v 26.6 1 1
v 26.6 1.1 1.8
v 26.6 1.1 1.5
v 26.6 1.1 1.3
v 26.6 1.2 2
v 26.6 1.2 1.8
v 26.6 1.2 1.5
v 26.6 1.3 2.2
v 26.6 1.3 2
v 26.6 1.3 1.8
v 26.6 1.4 2.4
v 26.6 1.4 2.2
v 26.6 1.4 2
v 26.6 1.5 2.6
v 26.6 1.5 2.4
v 26.6 1.5 2.2
v 26.6 1.6 2.8
v 26.6 1.6 2.7
v 26.6 1.6 2.6
v 26.6 1.6 2.4
v 26.6 1.7 2.8
v 26.6 1.7 2.7
v 26.7 0.1 -12.5
v 26.7 0.1 -12.8
v 26.7 0.2 -10.9
v 26.7 0.2 -11.2
v 26.7 0.2 -12.5
v 26.7 0.2 -12.8
v 26.7 0.3 -9.7
v 26.7 0.3 -10
v 26.7 0.3 -10.9
v 26.7 0.3 -11.2
v 26.7 0.4 -8.7
v 26.7 0.4 -9
v 26.7 0.4 -9.7
v 26.7 0.4 -10
v 26.7 0.5 -7.8
v 26.7 0.5 -8.1
v 26.7 0.5 -8.7
v 26.7 0.5 -9
v 26.7 0.6 -6.9
v 26.7 0.6 -7.2
v 26.7 0.6 -7.8
v 26.7 0.6 -8.1
v 26.7 0.7 -5.8
v 26.7 0.7 -6.2
v 26.7 0.7 -6.9
v 26.7 0.7 -7.2
v 26.7 0.8 0.5
v 26.7 0.8 -0.0999994
v 26.7 0.8 -2.3
v 26.7 0.8 -4.7
v 26.7 0.8 -5.8
v 26.7 0.8 -6.2
v 26.7 0.9 1
v 26.7 0.9 0.700001
v 26.7 0.9 0.5
v 26.7 0.9 -0.0999994
v 26.7 0.9 -2.3
v 26.7 0.9 -4.7
v 26.7 1 1.3
v 26.7 1 1.1
v 26.7 1 1
v 26.7 1 0.700001
v 26.7 1.1 1.5
v 26.7 1.1 1.3
v 26.7 1.1 1.1
v 26.7 1.2 1.8
v 26.7 1.2 1.6
v 26.7 1.2 1.5
v 26.7 1.2 1.3
v 26.7 1.3 2
v 26.7 1.3 1.9
v 26.7 1.3 1.8
v 26.7 1.3 1.6
v 26.7 1.4 2.2
v 26.7 1.4 2.1
v 26.7 1.4 2
v 26.7 1.4 1.9
v 26.7 1.5 2.4
v 26.7 1.5 2.3
v 26.7 1.5 2.2
v 26.7 1.5 2.1
v 26.7 1.6 2.7
v 26.7 1.6 2.6
v 26.7 1.6 2.4
v 26.7 1.6 2.3
v 26.7 1.7 2.7
v 26.7 1.7 2.6
v 26.8 0.2 -11.2
v 26.8 0.2 -11.4
v 26.8 0.3 -10
v 26.8 0.3 -10.3
v 26.8 0.3 -11.2
v 26.8 0.3 -11.4
v 26.8 0.4 -9
v 26.8 0.4 -9.3
v 26.8 0.4 -10
v 26.8 0.4 -10.3
v 26.8 0.5 -8.1
v 26.8 0.5 -8.4
v 26.8 0.5 -9
v 26.8 0.5 -9.3
v 26.8 0.6 -7.2
v 26.8 0.6 -7.5
v 26.8 0.6 -8.1
v 26.8 0.6 -8.4
v 26.8 0.7 -6.2
v 26.8 0.7 -6.6
v 26.8 0.7 -7.2
v 26.8 0.7 -7.5
v 26.8 0.8 -0.0999994
v 26.8 0.8 -2.3
v 26.8 0.8 -4.7
v 26.8 0.8 -5.4
v 26.8 0.8 -6.2
v 26.8 0.8 -6.6
v 26.8 0.9 0.700001
v 26.8 0.9 0.3
v 26.8 0.9 -0.0999994
v 26.8 0.9 -2.3
v 26.8 0.9 -4.7
v 26.8 0.9 -5.4
v 26.8 1 1.1
v 26.8 1 0.8
v 26.8 1 0.700001
v 26.8 1 0.3
v 26.8 1.1 1.3
v 26.8 1.1 1.1
v 26.8 1.1 0.8
v 26.8 1.2 1.6
v 26.8 1.2 1.4
v 26.8 1.2 1.3
v 26.8 1.2 1.1
v 26.8 1.3 1.9
v 26.8 1.3 1.6
v 26.8 1.3 1.4
v 26.8 1.4 2.1
v 26.8 1.4 1.9
v 26.8 1.4 1.6
v 26.8 1.5 2.3
v 26.8 1.5 2.2
v 26.8 1.5 2.1
v 26.8 1.5 1.9
v 26.8 1.6 2.6
v 26.8 1.6 2.4
v 26.8 1.6 2.3
v 26.8 1.6 2.2
v 26.8 1.7 2.6
v 26.8 1.7 2.4
v 26.9 0.2 -11.4
v 26.9 0.2 -11.7
v 26.9 0.3 -10.3
v 26.9 0.3 -10.6
v 26.9 0.3 -11.4
v 26.9 0.3 -11.7
v 26.9 0.4 -9.3
v 26.9 0.4 -9.6
v 26.9 0.4 -10.3
v 26.9 0.4 -10.6
v 26.9 0.5 -8.4
v 26.9 0.5 -8.7
v 26.9 0.5 -9.3
v 26.9 0.5 -9.6
v 26.9 0.6 -7.5
v 26.9 0.6 -7.8
v 26.9 0.6 -8.4
v 26.9 0.6 -8.7
v 26.9 0.7 -6.6
v 26.9 0.7 -7
v 26.9 0.7 -7.5
v 26.9 0.7 -7.8
v 26.9 0.8 -5.4
v 26.9 0.8 -5.9
v 26.9 0.8 -6.6
v 26.9 0.8 -7
v 26.9 0.9 0.3
v 26.9 0.9 -0.299999
v 26.9 0.9 -5.4
v 26.9 0.9 -5.9
v 26.9 1 0.8
v 26.9 1 0.5
v 26.9 1 0.3
v 26.9 1 -0.299999
v 26.9 1.1 1.1
v 26.9 1.1 0.900001
v 26.9 1.1 0.8
v 26.9 1.1 0.5
v 26.9 1.2 1.4
v 26.9 1.2 1.2
v 26.9 1.2 1.1
v 26.9 1.2 0.900001
v 26.9 1.3 1.6
v 26.9 1.3 1.5
v 26.9 1.3 1.4
v 26.9 1.3 1.2
v 26.9 1.4 1.9
v 26.9 1.4 1.8
v 26.9 1.4 1.6
v 26.9 1.4 1.5
v 26.9 1.5 2.2
v 26.9 1.5 2
v 26.9 1.5 1.9
v 26.9 1.5 1.8
v 26.9 1.6 2.4
v 26.9 1.6 2.3
v 26.9 1.6 2.2
v 26.9 1.6 2
v 26.9 1.7 2.4
v 26.9 1.7 2.3
v 27 0.2 -11.7
v 27 0.2 -12
v 27 0.3 -10.6
v 27 0.3 -10.8
v 27 0.3 -11.7
v 27 0.3 -12
v 27 0.4 -9.6
v 27 0.4 -9.8
v 27 0.4 -10.6
v 27 0.4 -10.8
v 27 0.5 -8.7
v 27 0.5 -9
v 27 0.5 -9.6
v 27 0.5 -9.8
v 27 0.6 -7.8
v 27 0.6 -8.1
v 27 0.6 -8.7
v 27 0.6 -9
v 27 0.7 -7
v 27 0.7 -7.3
v 27 0.7 -7.8
v 27 0.7 -8.1
v 27 0.8 -5.9
v 27 0.8 -6.2
v 27 0.8 -7
v 27 0.8 -7.3
v 27 0.9 -0.299999
v 27 0.9 -4.7
v 27 0.9 -5.9
v 27 0.9 -6.2
v 27 1 0.5
v 27 1 0.1
v 27 1 -0.299999
v 27 1 -4.7
v 27 1.1 0.900001
v 27 1.1 0.6
v 27 1.1 0.5
v 27 1.1 0.1
v 27 1.2 1.2
v 27 1.2 1
v 27 1.2 0.900001
v 27 1.2 0.6
v 27 1.3 1.5
v 27 1.3 1.3
v 27 1.3 1.2
v 27 1.3 1
v 27 1.4 1.8
v 27 1.4 1.5
v 27 1.4 1.3
v 27 1.5 2
v 27 1.5 1.9
v 27 1.5 1.8
v 27 1.5 1.5
v 27 1.6 2.3
v 27 1.6 2.1
v 27 1.6 2
v 27 1.6 1.9
v 27 1.7 2.3
v 27 1.7 2.1
v 27.1 0.2 -12
v 27.1 0.2 -12.1
v 27.1 0.3 -10.8
v 27.1 0.3 -11
v 27.1 0.3 -12
v 27.1 0.3 -12.1
v 27.1 0.4 -9.8
v 27.1 0.4 -10
v 27.1 0.4 -10.8
v 27.1 0.4 -11
v 27.1 0.5 -9
v 27.1 0.5 -9.2
v 27.1 0.5 -9.8
v 27.1 0.5 -10
v 27.1 0.6 -8.1
v 27.1 0.6 -8.3
v 27.1 0.6 -9
v 27.1 0.6 -9.2
v 27.1 0.7 -7.3
v 27.1 0.7 -7.5
v 27.1 0.7 -8.1
v 27.1 0.7 -8.3
v 27.1 0.8 -6.2
v 27.1 0.8 -6.5
v 27.1 0.8 -7.3
v 27.1 0.8 -7.5
v 27.1 0.9 -4.7
v 27.1 0.9 -5.4
v 27.1 0.9 -6.2
v 27.1 0.9 -6.5
v 27.1 1 0.1
v 27.1 1 -0.5
v 27.1 1 -4.7
v 27.1 1 -5.4
v 27.1 1.1 0.6
v 27.1 1.1 0.3
v 27.1 1.1 0.1
v 27.1 1.1 -0.5
v 27.1 1.2 1
v 27.1 1.2 0.8
v 27.1 1.2 0.6
v 27.1 1.2 0.3
v 27.1 1.3 1.3
v 27.1 1.3 1.1
v 27.1 1.3 1
v 27.1 1.3 0.8
v 27.1 1.4 1.5
v 27.1 1.4 1.3
v 27.1 1.4 1.1
v 27.1 1.5 1.9
v 27.1 1.5 1.6
v 27.1 1.5 1.5
v 27.1 1.5 1.3
v 27.1 1.6 2.1
v 27.1 1.6 2
v 27.1 1.6 1.9
v 27.1 1.6 1.6
v 27.1 1.7 2.1
v 27.1 1.7 2
v 27.2 0.2 -12.1
v 27.2 0.2 -12.2
v 27.2 0.3 -11
v 27.2 0.3 -11.1
v 27.2 0.3 -12.1
v 27.2 0.3 -12.2
v 27.2 0.4 -10
v 27.2 0.4 -10.1
v 27.2 0.4 -11
v 27.2 0.4 -11.1
v 27.2 0.5 -9.2
v 27.2 0.5 -9.4
v 27.2 0.5 -10
v 27.2 0.5 -10.1
v 27.2 0.6 -8.3
v 27.2 0.6 -8.6
v 27.2 0.6 -9.2
v 27.2 0.6 -9.4
v 27.2 0.7 -7.5
v 27.2 0.7 -7.7
v 27.2 0.7 -8.3
v 27.2 0.7 -8.6
v 27.2 0.8 -6.5
v 27.2 0.8 -6.9
v 27.2 0.8 -7.5
v 27.2 0.8 -7.7
v 27.2 0.9 -5.4
v 27.2 0.9 -5.8
v 27.2 0.9 -6.5
v 27.2 0.9 -6.9
v 27.2 1 -0.5
v 27.2 1 -3.2
v 27.2 1 -5.4
v 27.2 1 -5.8
v 27.2 1.1 0.3
v 27.2 1.1 -0.0999994
v 27.2 1.1 -0.5
v 27.2 1.1 -3.2
v 27.2 1.2 0.8
v 27.2 1.2 0.5
v 27.2 1.2 0.3
v 27.2 1.2 -0.0999994
v 27.2 1.3 1.1
v 27.2 1.3 0.8
v 27.2 1.3 0.5
v 27.2 1.4 1.3
v 27.2 1.4 1.1
v 27.2 1.4 0.8
v 27.2 1.5 1.6
v 27.2 1.5 1.4
v 27.2 1.5 1.3
v 27.2 1.5 1.1
v 27.2 1.6 2
v 27.2 1.6 1.8
v 27.2 1.6 1.6
v 27.2 1.6 1.4
v 27.2 1.7 2
v 27.2 1.7 1.8
v 27.3 0.2 -12.2
v 27.3 0.2 -12.3
v 27.3 0.3 -11.1
v 27.3 0.3 -11.2
v 27.3 0.3 -12.2
v 27.3 0.3 -12.3
v 27.3 0.4 -10.1
v 27.3 0.4 -10.4
v 27.3 0.4 -11.1
v 27.3 0.4 -11.2
v 27.3 0.5 -9.4
v 27.3 0.5 -9.5
v 27.3 0.5 -10.1
v 27.3 0.5 -10.4
v 27.3 0.6 -8.6
v 27.3 0.6 -8.8
v 27.3 0.6 -9.4
v 27.3 0.6 -9.5
v 27.3 0.7 -7.7
v 27.3 0.7 -7.9
v 27.3 0.7 -8.6
v 27.3 0.7 -8.8
v 27.3 0.8 -6.9
v 27.3 0.8 -7.1
v 27.3 0.8 -7.7
v 27.3 0.8 -7.9
v 27.3 0.9 -5.8
v 27.3 0.9 -6.1
v 27.3 0.9 -6.9
v 27.3 0.9 -7.1
v 27.3 1 -3.2
v 27.3 1 -4.6
v 27.3 1 -5.8
v 27.3 1 -6.1
v 27.3 1.1 -0.0999994
v 27.3 1.1 -0.599999
v 27.3 1.1 -3.2
v 27.3 1.1 -4.6
v 27.3 1.2 0.5
v 27.3 1.2 0.200001
v 27.3 1.2 -0.0999994
v 27.3 1.2 -0.599999
v 27.3 1.3 0.8
v 27.3 1.3 0.6
v 27.3 1.3 0.5
v 27.3 1.3 0.200001
v 27.3 1.4 1.1
v 27.3 1.4 0.900001
v 27.3 1.4 0.8
v 27.3 1.4 0.6
v 27.3 1.5 1.4
v 27.3 1.5 1.2
v 27.3 1.5 1.1
v 27.3 1.5 0.900001
v 27.3 1.6 1.8
v 27.3 1.6 1.6
v 27.3 1.6 1.4
v 27.3 1.6 1.2
v 27.3 1.7 1.8
v 27.3 1.7 1.6
v 27.4 0.2 -12.3
v 27.4 0.2 -12.4
v 27.4 0.3 -11.2
v 27.4 0.3 -11.3
v 27.4 0.3 -12.3
v 27.4 0.3 -12.4
v 27.4 0.4 -10.4
v 27.4 0.4 -10.5
v 27.4 0.4 -11.2
v 27.4 0.4 -11.3
v 27.4 0.5 -9.5
v 27.4 0.5 -9.6
v 27.4 0.5 -10.4
v 27.4 0.5 -10.5
v 27.4 0.6 -8.8
v 27.4 0.6 -8.9
v 27.4 0.6 -9.5
v 27.4 0.6 -9.6
v 27.4 0.7 -7.9
v 27.4 0.7 -8.1
v 27.4 0.7 -8.8
v 27.4 0.7 -8.9
v 27.4 0.8 -7.1
v 27.4 0.8 -7.3
v 27.4 0.8 -7.9
v 27.4 0.8 -8.1
v 27.4 0.9 -6.1
v 27.4 0.9 -6.3
v 27.4 0.9 -7.1
v 27.4 0.9 -7.3
v 27.4 1 -4.6
v 27.4 1 -5.2
v 27.4 1 -6.1
v 27.4 1 -6.3
v 27.4 1.1 -0.599999
v 27.4 1.1 -1.5
v 27.4 1.1 -4.6
v 27.4 1.1 -5.2
v 27.4 1.2 0.200001
v 27.4 1.2 -0.299999
v 27.4 1.2 -0.599999
v 27.4 1.2 -1.5
v 27.4 1.3 0.6
v 27.4 1.3 0.3
v 27.4 1.3 0.200001
v 27.4 1.3 -0.299999
v 27.4 1.4 0.900001
v 27.4 1.4 0.700001
v 27.4 1.4 0.6
v 27.4 1.4 0.3
v 27.4 1.5 1.2
v 27.4 1.5 1
v 27.4 1.5 0.900001
v 27.4 1.5 0.700001
v 27.4 1.6 1.6
v 27.4 1.6 1.4
v 27.4 1.6 1.2
v 27.4 1.6 1
v 27.4 1.7 1.6
v 27.4 1.7 1.4
v 27.5 0.3 -11.3
v 27.5 0.3 -11.4
v 27.5 0.4 -10.5
v 27.5 0.4 -10.6
v 27.5 0.4 -11.3
v 27.5 0.4 -11.4
v 27.5 0.5 -9.6
v 27.5 0.5 -9.7
v 27.5 0.5 -10.5
v 27.5 0.5 -10.6
v 27.5 0.6 -8.9
v 27.5 0.6 -9
v 27.5 0.6 -9.6
v 27.5 0.6 -9.7
v 27.5 0.7 -8.1
v 27.5 0.7 -8.2
v 27.5 0.7 -8.9
v 27.5 0.7 -9
v 27.5 0.8 -7.3
v 27.5 0.8 -7.5
v 27.5 0.8 -8.1
v 27.5 0.8 -8.2
v 27.5 0.9 -6.3
v 27.5 0.9 -6.6
v 27.5 0.9 -7.3
v 27.5 0.9 -7.5
v 27.5 1 -5.2
v 27.5 1 -5.5
v 27.5 1 -6.3
v 27.5 1 -6.6
v 27.5 1.1 -1.5
v 27.5 1.1 -3.3
v 27.5 1.1 -5.2
v 27.5 1.1 -5.5
v 27.5 1.2 -0.299999
v 27.5 1.2 -0.799999
v 27.5 1.2 -1.5
v 27.5 1.2 -3.3
v 27.5 1.3 0.3
v 27.5 1.3 -0.0999994
v 27.5 1.3 -0.299999
v 27.5 1.3 -0.799999
v 27.5 1.4 0.700001
v 27.5 1.4 0.5
v 27.5 1.4 0.3
v 27.5 1.4 -0.0999994
v 27.5 1.5 1
v 27.5 1.5 0.8
v 27.5 1.5 0.700001
v 27.5 1.5 0.5
v 27.5 1.6 1.4
v 27.5 1.6 1.2
v 27.5 1.6 1
v 27.5 1.6 0.8
v 27.5 1.7 1.4
v 27.5 1.7 1.2
v 27.6 0.5 -9.7
v 27.6 0.5 -9.8
v 27.6 0.6 -9
v 27.6 0.6 -9.1
v 27.6 0.6 -9.7
v 27.6 0.6 -9.8
v 27.6 0.7 -8.2
v 27.6 0.7 -8.3
v 27.6 0.7 -9
v 27.6 0.7 -9.1
v 27.6 0.8 -7.5
v 27.6 0.8 -7.6
v 27.6 0.8 -8.2
v 27.6 0.8 -8.3
v 27.6 0.9 -6.6
v 27.6 0.9 -6.7
v 27.6 0.9 -7.5
v 27.6 0.9 -7.6
v 27.6 1 -5.5
v 27.6 1 -5.8
v 27.6 1 -6.6
v 27.6 1 -6.7
v 27.6 1.1 -3.3
v 27.6 1.1 -4.2
v 27.6 1.1 -5.5
v 27.6 1.1 -5.8
v 27.6 1.2 -0.799999
v 27.6 1.2 -1.4
v 27.6 1.2 -3.3
v 27.6 1.2 -4.2
v 27.6 1.3 -0.0999994
v 27.6 1.3 -0.5
v 27.6 1.3 -0.799999
v 27.6 1.3 -1.4
v 27.6 1.4 0.5
v 27.6 1.4 0.200001
v 27.6 1.4 -0.0999994
v 27.6 1.4 -0.5
v 27.6 1.5 0.8
v 27.6 1.5 0.6
v 27.6 1.5 0.5
v 27.6 1.5 0.200001
v 27.6 1.6 1.2
v 27.6 1.6 1
v 27.6 1.6 0.8
v 27.6 1.6 0.6
v 27.6 1.7 1.2
v 27.6 1.7 1
v 27.7 0.2 -12.4
v 27.7 0.2 -12.5
v 27.7 0.3 -11.4
v 27.7 0.3 -11.5
v 27.7 0.3 -12.4
v 27.7 0.3 -12.5
v 27.7 0.4 -10.6
v 27.7 0.4 -10.7
v 27.7 0.4 -11.4
v 27.7 0.4 -11.5
v 27.7 0.5 -9.8
v 27.7 0.5 -9.9
v 27.7 0.5 -10.6
v 27.7 0.5 -10.7
v 27.7 0.6 -9.1
v 27.7 0.6 -9.2
v 27.7 0.6 -9.8
v 27.7 0.6 -9.9
v 27.7 0.7 -8.3
v 27.7 0.7 -8.6
v 27.7 0.7 -9.1
v 27.7 0.7 -9.2
v 27.7 0.8 -7.6
v 27.7 0.8 -7.8
v 27.7 0.8 -8.3
v 27.7 0.8 -8.6
v 27.7 0.9 -6.7
v 27.7 0.9 -7
v 27.7 0.9 -7.6
v 27.7 0.9 -7.8
v 27.7 1 -5.8
v 27.7 1 -6
v 27.7 1 -6.7
v 27.7 1 -7
v 27.7 1.1 -4.2
v 27.7 1.1 -4.7
v 27.7 1.1 -5.8
v 27.7 1.1 -6
v 27.7 1.2 -1.4
v 27.7 1.2 -2.4
v 27.7 1.2 -4.2
v 27.7 1.2 -4.7
v 27.7 1.3 -0.5
v 27.7 1.3 -0.9
v 27.7 1.3 -1.4
v 27.7 1.3 -2.4
v 27.7 1.4 0.200001
v 27.7 1.4 -0.2
v 27.7 1.4 -0.5
v 27.7 1.4 -0.9
v 27.7 1.5 0.6
v 27.7 1.5 0.400001
v 27.7 1.5 0.200001
v 27.7 1.5 -0.2
v 27.7 1.6 1
v 27.7 1.6 0.8
v 27.7 1.6 0.6
v 27.7 1.6 0.400001
v 27.7 1.7 1
v 27.7 1.7 0.8
v 27.8 0.6 -9.2
v 27.8 0.6 -9.3
v 27.8 0.7 -9.2
v 27.8 0.7 -9.3
v 27.8 0.8 -7.8
v 27.8 0.8 -7.9
v 27.8 0.9 -7
v 27.8 0.9 -7.2
v 27.8 0.9 -7.8
v 27.8 0.9 -7.9
v 27.8 1 -6
v 27.8 1 -6.2
v 27.8 1 -7
v 27.8 1 -7.2
v 27.8 1.1 -4.7
v 27.8 1.1 -5.2
v 27.8 1.1 -6
v 27.8 1.1 -6.2
v 27.8 1.2 -2.4
v 27.8 1.2 -3.2
v 27.8 1.2 -4.7
v 27.8 1.2 -5.2
v 27.8 1.3 -0.9
v 27.8 1.3 -1.4
v 27.8 1.3 -2.4
v 27.8 1.3 -3.2
v 27.8 1.4 -0.2
v 27.8 1.4 -0.599999
v 27.8 1.4 -0.9
v 27.8 1.4 -1.4
v 27.8 1.5 0.400001
v 27.8 1.5 0.1
v 27.8 1.5 -0.2
v 27.8 1.5 -0.599999
v 27.8 1.6 0.8
v 27.8 1.6 0.6
v 27.8 1.6 0.400001
v 27.8 1.6 0.1
v 27.8 1.7 0.8
v 27.8 1.7 0.6
v 27.9 0.4 -10.7
v 27.9 0.4 -10.8
v 27.9 0.5 -9.9
v 27.9 0.5 -10
v 27.9 0.5 -10.7
v 27.9 0.5 -10.8
v 27.9 0.6 -9.3
v 27.9 0.6 -9.4
v 27.9 0.6 -9.9
v 27.9 0.6 -10
v 27.9 0.7 -8.6
v 27.9 0.7 -8.7
v 27.9 0.7 -9.3
v 27.9 0.7 -9.4
v 27.9 0.8 -7.9
v 27.9 0.8 -8
v 27.9 0.8 -8.6
v 27.9 0.8 -8.7
v 27.9 0.9 -7.2
v 27.9 0.9 -7.3
v 27.9 0.9 -7.9
v 27.9 0.9 -8
v 27.9 1 -6.2
v 27.9 1 -6.4
v 27.9 1 -7.2
v 27.9 1 -7.3
v 27.9 1.1 -5.2
v 27.9 1.1 -5.4
v 27.9 1.1 -6.2
v 27.9 1.1 -6.4
v 27.9 1.2 -3.2
v 27.9 1.2 -3.9
v 27.9 1.2 -5.2
v 27.9 1.2 -5.4
v 27.9 1.3 -1.4
v 27.9 1.3 -2.1
v 27.9 1.3 -3.2
v 27.9 1.3 -3.9
v 27.9 1.4 -0.599999
v 27.9 1.4 -1
v 27.9 1.4 -1.4
v 27.9 1.4 -2.1
v 27.9 1.5 0.1
v 27.9 1.5 -0.299999
v 27.9 1.5 -0.599999
v 27.9 1.5 -1
v 27.9 1.6 0.6
v 27.9 1.6 0.3
v 27.9 1.6 0.1
v 27.9 1.6 -0.299999
v 27.9 1.7 0.6
v 27.9 1.7 0.3
v 28 0.7 -8.7
v 28 0.7 -8.8
v 28 0.8 -8
v 28 0.8 -8.1
v 28 0.8 -8.7
v 28 0.8 -8.8
v 28 0.9 -7.3
v 28 0.9 -7.4
v 28 0.9 -8
v 28 0.9 -8.1
v 28 1 -6.4
v 28 1 -6.6
v 28 1 -7.3
v 28 1 -7.4
v 28 1.1 -5.4
v 28 1.1 -5.7
v 28 1.1 -6.4
v 28 1.1 -6.6
v 28 1.2 -3.9
v 28 1.2 -4.4
v 28 1.2 -5.4
v 28 1.2 -5.7
v 28 1.3 -2.1
v 28 1.3 -2.7
v 28 1.3 -3.9
v 28 1.3 -4.4
v 28 1.4 -1
v 28 1.4 -1.4
v 28 1.4 -2.1
v 28 1.4 -2.7
v 28 1.5 -0.299999
v 28 1.5 -0.599999
v 28 1.5 -1
v 28 1.5 -1.4
v 28 1.6 0.3
v 28 1.6 0.1
v 28 1.6 -0.299999
v 28 1.6 -0.599999
v 28 1.7 0.3
v 28 1.7 0.1
v 28.1 0.3 -11.5
v 28.1 0.3 -11.6
v 28.1 0.4 -11.5
v 28.1 0.4 -11.6
v 28.1 0.5 -10
v 28.1 0.5 -10.1
v 28.1 0.6 -9.4
v 28.1 0.6 -9.5
v 28.1 0.6 -10
v 28.1 0.6 -10.1
v 28.1 0.7 -8.8
v 28.1 0.7 -8.9
v 28.1 0.7 -9.4
v 28.1 0.7 -9.5
v 28.1 0.8 -8.1
v 28.1 0.8 -8.2
v 28.1 0.8 -8.8
v 28.1 0.8 -8.9
v 28.1 0.9 -7.4
v 28.1 0.9 -7.5
v 28.1 0.9 -8.1
v 28.1 0.9 -8.2
v 28.1 1 -6.6
v 28.1 1 -6.7
v 28.1 1 -7.4
v 28.1 1 -7.5
v 28.1 1.1 -5.7
v 28.1 1.1 -5.9
v 28.1 1.1 -6.6
v 28.1 1.1 -6.7
v 28.1 1.2 -4.4
v 28.1 1.2 -4.7
v 28.1 1.2 -5.7
v 28.1 1.2 -5.9
v 28.1 1.3 -2.7
v 28.1 1.3 -3.2
v 28.1 1.3 -4.4
v 28.1 1.3 -4.7
v 28.1 1.4 -1.4
v 28.1 1.4 -2
v 28.1 1.4 -2.7
v 28.1 1.4 -3.2
v 28.1 1.5 -0.599999
v 28.1 1.5 -1
v 28.1 1.5 -1.4
v 28.1 1.5 -2
v 28.1 1.6 0.1
v 28.1 1.6 -0.299999
v 28.1 1.6 -0.599999
v 28.1 1.6 -1
v 28.1 1.7 0.1
v 28.1 1.7 -0.299999
v 28.2 0.4 -10.8
v 28.2 0.4 -10.9
v 28.2 0.5 -10.8
v 28.2 0.5 -10.9
v 28.2 0.9 -7.5
v 28.2 0.9 -7.6
v 28.2 1 -6.7
v 28.2 1 -6.9
v 28.2 1 -7.5
v 28.2 1 -7.6
v 28.2 1.1 -5.9
v 28.2 1.1 -6
v 28.2 1.1 -6.7
v 28.2 1.1 -6.9
v 28.2 1.2 -4.7
v 28.2 1.2 -5
v 28.2 1.2 -5.9
v 28.2 1.2 -6
v 28.2 1.3 -3.2
v 28.2 1.3 -3.8
v 28.2 1.3 -4.7
v 28.2 1.3 -5
v 28.2 1.4 -2
v 28.2 1.4 -2.4
v 28.2 1.4 -3.2
v 28.2 1.4 -3.8
v 28.2 1.5 -1
v 28.2 1.5 -1.3
v 28.2 1.5 -2
v 28.2 1.5 -2.4
v 28.2 1.6 -0.299999
v 28.2 1.6 -0.599999
v 28.2 1.6 -1
v 28.2 1.6 -1.3
v 28.2 1.7 -0.299999
v 28.2 1.7 -0.599999
v 28.3 0.2 -12.5
v 28.3 0.2 -12.6
v 28.3 0.3 -12.5
v 28.3 0.3 -12.6
v 28.3 0.5 -10.1
v 28.3 0.5 -10.3
v 28.3 0.6 -9.5
v 28.3 0.6 -9.6
v 28.3 0.6 -10.1
v 28.3 0.6 -10.3
v 28.3 0.7 -8.9
v 28.3 0.7 -9
v 28.3 0.7 -9.5
v 28.3 0.7 -9.6
v 28.3 0.8 -8.2
v 28.3 0.8 -8.3
v 28.3 0.8 -8.9
v 28.3 0.8 -9
v 28.3 0.9 -7.6
v 28.3 0.9 -7.7
v 28.3 0.9 -8.2
v 28.3 0.9 -8.3
v 28.3 1 -6.9
v 28.3 1 -7
v 28.3 1 -7.6
v 28.3 1 -7.7
v 28.3 1.1 -6
v 28.3 1.1 -6.2
v 28.3 1.1 -6.9
v 28.3 1.1 -7
v 28.3 1.2 -5
v 28.3 1.2 -5.3
v 28.3 1.2 -6
v 28.3 1.2 -6.2
v 28.3 1.3 -3.8
v 28.3 1.3 -4.2
v 28.3 1.3 -5
v 28.3 1.3 -5.3
v 28.3 1.4 -2.4
v 28.3 1.4 -2.9
v 28.3 1.4 -3.8
v 28.3 1.4 -4.2
v 28.3 1.5 -1.3
v 28.3 1.5 -1.8
v 28.3 1.5 -2.4
v 28.3 1.5 -2.9
v 28.3 1.6 -0.599999
v 28.3 1.6 -0.9
v 28.3 1.6 -1.3
v 28.3 1.6 -1.8
v 28.3 1.7 -0.599999
v 28.3 1.7 -0.9
v 28.4 0.3 -11.6
v 28.4 0.3 -11.7
v 28.4 0.4 -10.9
v 28.4 0.4 -11
v 28.4 0.4 -11.6
v 28.4 0.4 -11.7
v 28.4 0.5 -10.9
v 28.4 0.5 -11
v 28.4 0.7 -9
v 28.4 0.7 -9.1
v 28.4 0.8 -8.3
v 28.4 0.8 -8.4
v 28.4 0.8 -9
v 28.4 0.8 -9.1
v 28.4 0.9 -7.7
v 28.4 0.9 -7.8
v 28.4 0.9 -8.3
v 28.4 0.9 -8.4
v 28.4 1 -7
v 28.4 1 -7.2
v 28.4 1 -7.7
v 28.4 1 -7.8
v 28.4 1.1 -6.2
v 28.4 1.1 -6.4
v 28.4 1.1 -7
v 28.4 1.1 -7.2
v 28.4 1.2 -5.3
v 28.4 1.2 -5.6
v 28.4 1.2 -6.2
v 28.4 1.2 -6.4
v 28.4 1.3 -4.2
v 28.4 1.3 -4.5
v 28.4 1.3 -5.3
v 28.4 1.3 -5.6
v 28.4 1.4 -2.9
v 28.4 1.4 -3.3
v 28.4 1.4 -4.2
v 28.4 1.4 -4.5
v 28.4 1.5 -1.8
v 28.4 1.5 -2.2
v 28.4 1.5 -2.9
v 28.4 1.5 -3.3
v 28.4 1.6 -0.9
v 28.4 1.6 -1.2
v 28.4 1.6 -1.8
v 28.4 1.6 -2.2
v 28.4 1.7 -0.9
v 28.4 1.7 -1.2
v 28.5 0.2 -12.6
v 28.5 0.2 -12.7
v 28.5 0.3 -12.6
v 28.5 0.3 -12.7
v 28.5 0.5 -10.3
v 28.5 0.5 -10.4
v 28.5 0.6 -9.6
v 28.5 0.6 -9.7
v 28.5 0.6 -10.3
v 28.5 0.6 -10.4
v 28.5 0.7 -9.6
v 28.5 0.7 -9.7
v 28.5 0.8 -8.4
v 28.5 0.8 -8.6
v 28.5 0.9 -7.8
v 28.5 0.9 -7.9
v 28.5 0.9 -8.4
v 28.5 0.9 -8.6
v 28.5 1 -7.2
v 28.5 1 -7.3
v 28.5 1 -7.8
v 28.5 1 -7.9
v 28.5 1.1 -6.4
v 28.5 1.1 -6.5
v 28.5 1.1 -7.2
v 28.5 1.1 -7.3
v 28.5 1.2 -5.6
v 28.5 1.2 -5.8
v 28.5 1.2 -6.4
v 28.5 1.2 -6.5
v 28.5 1.3 -4.5
v 28.5 1.3 -4.8
v 28.5 1.3 -5.6
v 28.5 1.3 -5.8
v 28.5 1.4 -3.3
v 28.5 1.4 -3.8
v 28.5 1.4 -4.5
v 28.5 1.4 -4.8
v 28.5 1.5 -2.2
v 28.5 1.5 -2.6
v 28.5 1.5 -3.3
v 28.5 1.5 -3.8
v 28.5 1.6 -1.2
v 28.5 1.6 -1.6
v 28.5 1.6 -2.2
v 28.5 1.6 -2.6
v 28.5 1.7 -1.2
v 28.5 1.7 -1.6
v 28.6 0.3 -11.7
v 28.6 0.3 -11.8
v 28.6 0.4 -11
v 28.6 0.4 -11.1
v 28.6 0.4 -11.7
v 28.6 0.4 -11.8
v 28.6 0.5 -10.4
v 28.6 0.5 -10.5
v 28.6 0.5 -11
v 28.6 0.5 -11.1
v 28.6 0.6 -9.7
v 28.6 0.6 -9.8
v 28.6 0.6 -10.4
v 28.6 0.6 -10.5
v 28.6 0.7 -9.1
v 28.6 0.7 -9.2
v 28.6 0.7 -9.7
v 28.6 0.7 -9.8
v 28.6 0.8 -8.6
v 28.6 0.8 -8.7
v 28.6 0.8 -9.1
v 28.6 0.8 -9.2
v 28.6 0.9 -7.9
v 28.6 0.9 -8
v 28.6 0.9 -8.6
v 28.6 0.9 -8.7
v 28.6 1 -7.3
v 28.6 1 -7.4
v 28.6 1 -7.9
v 28.6 1 -8
v 28.6 1.1 -6.5
v 28.6 1.1 -6.7
v 28.6 1.1 -7.3
v 28.6 1.1 -7.4
v 28.6 1.2 -5.8
v 28.6 1.2 -6
v 28.6 1.2 -6.5
v 28.6 1.2 -6.7
v 28.6 1.3 -4.8
v 28.6 1.3 -5.2
v 28.6 1.3 -5.8
v 28.6 1.3 -6
v 28.6 1.4 -3.8
v 28.6 1.4 -4.1
v 28.6 1.4 -4.8
v 28.6 1.4 -5.2
v 28.6 1.5 -2.6
v 28.6 1.5 -3
v 28.6 1.5 -3.8
v 28.6 1.5 -4.1
v 28.6 1.6 -1.6
v 28.6 1.6 -2
v 28.6 1.6 -2.6
v 28.6 1.6 -3
v 28.6 1.7 -1.6
v 28.6 1.7 -2
v 28.7 0.2 -12.7
v 28.7 0.2 -12.8
v 28.7 0.3 -12.7
v 28.7 0.3 -12.8
v 28.7 0.7 -9.2
v 28.7 0.7 -9.3
v 28.7 0.8 -8.7
v 28.7 0.8 -8.8
v 28.7 0.8 -9.2
v 28.7 0.8 -9.3
v 28.7 0.9 -8
v 28.7 0.9 -8.1
v 28.7 0.9 -8.7
v 28.7 0.9 -8.8
v 28.7 1 -7.4
v 28.7 1 -7.5
v 28.7 1 -8
v 28.7 1 -8.1
v 28.7 1.1 -6.7
v 28.7 1.1 -6.9
v 28.7 1.1 -7.4
v 28.7 1.1 -7.5
v 28.7 1.2 -6
v 28.7 1.2 -6.1
v 28.7 1.2 -6.7
v 28.7 1.2 -6.9
v 28.7 1.3 -5.2
v 28.7 1.3 -5.4
v 28.7 1.3 -6
v 28.7 1.3 -6.1
v 28.7 1.4 -4.1
v 28.7 1.4 -4.4
v 28.7 1.4 -5.2
v 28.7 1.4 -5.4
v 28.7 1.5 -3
v 28.7 1.5 -3.5
v 28.7 1.5 -4.1
v 28.7 1.5 -4.4
v 28.7 1.6 -2
v 28.7 1.6 -2.4
v 28.7 1.6 -3
v 28.7 1.6 -3.5
v 28.7 1.7 -2
v 28.7 1.7 -2.4
v 28.8 0.3 -11.8
v 28.8 0.3 -12
v 28.8 0.4 -11.1
v 28.8 0.4 -11.2
v 28.8 0.4 -11.8
v 28.8 0.4 -12
v 28.8 0.5 -10.5
v 28.8 0.5 -10.6
v 28.8 0.5 -11.1
v 28.8 0.5 -11.2
v 28.8 0.6 -9.8
v 28.8 0.6 -9.9
v 28.8 0.6 -10.5
v 28.8 0.6 -10.6
v 28.8 0.7 -9.3
v 28.8 0.7 -9.4
v 28.8 0.7 -9.8
v 28.8 0.7 -9.9
v 28.8 0.8 -8.8
v 28.8 0.8 -8.9
v 28.8 0.8 -9.3
v 28.8 0.8 -9.4
v 28.8 0.9 -8.1
v 28.8 0.9 -8.2
v 28.8 0.9 -8.8
v 28.8 0.9 -8.9
v 28.8 1 -7.5
v 28.8 1 -7.7
v 28.8 1 -8.1
v 28.8 1 -8.2
v 28.8 1.1 -6.9
v 28.8 1.1 -7.1
v 28.8 1.1 -7.5
v 28.8 1.1 -7.7
v 28.8 1.2 -6.1
v 28.8 1.2 -6.3
v 28.8 1.2 -6.9
v 28.8 1.2 -7.1
v 28.8 1.3 -5.4
v 28.8 1.3 -5.6
v 28.8 1.3 -6.1
v 28.8 1.3 -6.3
v 28.8 1.4 -4.4
v 28.8 1.4 -4.7
v 28.8 1.4 -5.4
v 28.8 1.4 -5.6
v 28.8 1.5 -3.5
v 28.8 1.5 -3.8
v 28.8 1.5 -4.4
v 28.8 1.5 -4.7
v 28.8 1.6 -2.4
v 28.8 1.6 -2.7
v 28.8 1.6 -3.5
v 28.8 1.6 -3.8
v 28.8 1.7 -2.4
v 28.8 1.7 -2.7
v 28.9 0.3 -12
v 28.9 0.3 -12.1
v 28.9 0.4 -11.2
v 28.9 0.4 -11.3
v 28.9 0.4 -12
v 28.9 0.4 -12.1
v 28.9 0.5 -10.6
v 28.9 0.5 -10.7
v 28.9 0.5 -11.2
v 28.9 0.5 -11.3
v 28.9 0.6 -9.9
v 28.9 0.6 -10
v 28.9 0.6 -10.6
v 28.9 0.6 -10.7
v 28.9 0.7 -9.4
v 28.9 0.7 -9.5
v 28.9 0.7 -9.9
v 28.9 0.7 -10
v 28.9 0.8 -8.9
v 28.9 0.8 -9
v 28.9 0.8 -9.4
v 28.9 0.8 -9.5
v 28.9 0.9 -8.2
v 28.9 0.9 -8.3
v 28.9 0.9 -8.9
v 28.9 0.9 -9
v 28.9 1 -7.7
v 28.9 1 -7.8
v 28.9 1 -8.2
v 28.9 1 -8.3
v 28.9 1.1 -7.1
v 28.9 1.1 -7.2
v 28.9 1.1 -7.7
v 28.9 1.1 -7.8
v 28.9 1.2 -6.3
v 28.9 1.2 -6.5
v 28.9 1.2 -7.1
v 28.9 1.2 -7.2
v 28.9 1.3 -5.6
v 28.9 1.3 -5.8
v 28.9 1.3 -6.3
v 28.9 1.3 -6.5
v 28.9 1.4 -4.7
v 28.9 1.4 -5
v 28.9 1.4 -5.6
v 28.9 1.4 -5.8
v 28.9 1.5 -3.8
v 28.9 1.5 -4.1
v 28.9 1.5 -4.7
v 28.9 1.5 -5
v 28.9 1.6 -2.7
v 28.9 1.6 -3.1
v 28.9 1.6 -3.8
v 28.9 1.6 -4.1
v 28.9 1.7 -2.7
v 28.9 1.7 -3.1
v 29 0.3 -12.1
v 29 0.3 -12.2
v 29 0.4 -11.3
v 29 0.4 -11.4
v 29 0.4 -12.1
v 29 0.4 -12.2
v 29 0.5 -10.7
v 29 0.5 -10.8
v 29 0.5 -11.3
v 29 0.5 -11.4
v 29 0.6 -10
v 29 0.6 -10.1
v 29 0.6 -10.7
v 29 0.6 -10.8
v 29 0.7 -9.5
v 29 0.7 -9.6
v 29 0.7 -10
v 29 0.7 -10.1
v 29 0.8 -9
v 29 0.8 -9.1
v 29 0.8 -9.5
v 29 0.8 -9.6
v 29 0.9 -8.3
v 29 0.9 -8.6
v 29 0.9 -9
v 29 0.9 -9.1
v 29 1 -7.8
v 29 1 -7.9
v 29 1 -8.3
v 29 1 -8.6
v 29 1.1 -7.2
v 29 1.1 -7.4
v 29 1.1 -7.8
v 29 1.1 -7.9
v 29 1.2 -6.5
v 29 1.2 -6.7
v 29 1.2 -7.2
v 29 1.2 -7.4
v 29 1.3 -5.8
v 29 1.3 -6.1
v 29 1.3 -6.5
v 29 1.3 -6.7
v 29 1.4 -5
v 29 1.4 -5.4
v 29 1.4 -5.8
v 29 1.4 -6.1
v 29 1.5 -4.1
v 29 1.5 -4.4
v 29 1.5 -5
v 29 1.5 -5.4
v 29 1.6 -3.1
v 29 1.6 -3.5
v 29 1.6 -4.1
v 29 1.6 -4.4
v 29 1.7 -3.1
v 29 1.7 -3.5
v 29.1 0.3 -12.2
v 29.1 0.3 -12.4
v 29.1 0.4 -11.4
v 29.1 0.4 -11.6
v 29.1 0.4 -12.2
v 29.1 0.4 -12.4
v 29.1 0.5 -10.8
v 29.1 0.5 -10.9
v 29.1 0.5 -11.4
v 29.1 0.5 -11.6
v 29.1 0.6 -10.1
v 29.1 0.6 -10.4
v 29.1 0.6 -10.8
v 29.1 0.6 -10.9
v 29.1 0.7 -9.6
v 29.1 0.7 -9.7
v 29.1 0.7 -10.1
v 29.1 0.7 -10.4
v 29.1 0.8 -9.1
v 29.1 0.8 -9.2
v 29.1 0.8 -9.6
v 29.1 0.8 -9.7
v 29.1 0.9 -8.6
v 29.1 0.9 -8.7
v 29.1 0.9 -9.1
v 29.1 0.9 -9.2
v 29.1 1 -7.9
v 29.1 1 -8.1
v 29.1 1 -8.6
v 29.1 1 -8.7
v 29.1 1.1 -7.4
v 29.1 1.1 -7.6
v 29.1 1.1 -7.9
v 29.1 1.1 -8.1
v 29.1 1.2 -6.7
v 29.1 1.2 -7
v 29.1 1.2 -7.4
v 29.1 1.2 -7.6
v 29.1 1.3 -6.1
v 29.1 1.3 -6.3
v 29.1 1.3 -6.7
v 29.1 1.3 -7
v 29.1 1.4 -5.4
v 29.1 1.4 -5.6
v 29.1 1.4 -6.1
v 29.1 1.4 -6.3
v 29.1 1.5 -4.4
v 29.1 1.5 -4.7
v 29.1 1.5 -5.4
v 29.1 1.5 -5.6
v 29.1 1.6 -3.5
v 29.1 1.6 -3.8
v 29.1 1.6 -4.4
v 29.1 1.6 -4.7
v 29.1 1.7 -3.5
v 29.1 1.7 -3.8
v 29.2 0.3 -12.4
v 29.2 0.3 -12.5
v 29.2 0.4 -11.6
v 29.2 0.4 -11.7
v 29.2 0.4 -12.4
v 29.2 0.4 -12.5
v 29.2 0.5 -10.9
v 29.2 0.5 -11.1
v 29.2 0.5 -11.6
v 29.2 0.5 -11.7
v 29.2 0.6 -10.4
v 29.2 0.6 -10.5
v 29.2 0.6 -10.9
v 29.2 0.6 -11.1
v 29.2 0.7 -9.7
v 29.2 0.7 -9.9
v 29.2 0.7 -10.4
v 29.2 0.7 -10.5
v 29.2 0.8 -9.2
v 29.2 0.8 -9.4
v 29.2 0.8 -9.7
v 29.2 0.8 -9.9
v 29.2 0.9 -8.7
v 29.2 0.9 -8.9
v 29.2 0.9 -9.2
v 29.2 0.9 -9.4
v 29.2 1 -8.1
v 29.2 1 -8.3
v 29.2 1 -8.7
v 29.2 1 -8.9
v 29.2 1.1 -7.6
v 29.2 1.1 -7.7
v 29.2 1.1 -8.1
v 29.2 1.1 -8.3
v 29.2 1.2 -7
v 29.2 1.2 -7.2
v 29.2 1.2 -7.6
v 29.2 1.2 -7.7
v 29.2 1.3 -6.3
v 29.2 1.3 -6.5
v 29.2 1.3 -7
v 29.2 1.3 -7.2
v 29.2 1.4 -5.6
v 29.2 1.4 -5.9
v 29.2 1.4 -6.3
v 29.2 1.4 -6.5
v 29.2 1.5 -4.7
v 29.2 1.5 -5
v 29.2 1.5 -5.6
v 29.2 1.5 -5.9
v 29.2 1.6 -3.8
v 29.2 1.6 -4.1
v 29.2 1.6 -4.7
v 29.2 1.6 -5
v 29.2 1.7 -3.8
v 29.2 1.7 -4.1
v 29.3 0.3 -12.5
v 29.3 0.3 -12.7
v 29.3 0.4 -11.7
v 29.3 0.4 -12
v 29.3 0.4 -12.5
v 29.3 0.4 -12.7
v 29.3 0.5 -11.1
v 29.3 0.5 -11.2
v 29.3 0.5 -11.7
v 29.3 0.5 -12
v 29.3 0.6 -10.5
v 29.3 0.6 -10.7
v 29.3 0.6 -11.1
v 29.3 0.6 -11.2
v 29.3 0.7 -9.9
v 29.3 0.7 -10
v 29.3 0.7 -10.5
v 29.3 0.7 -10.7
v 29.3 0.8 -9.4
v 29.3 0.8 -9.5
v 29.3 0.8 -9.9
v 29.3 0.8 -10
v 29.3 0.9 -8.9
v 29.3 0.9 -9
v 29.3 0.9 -9.4
v 29.3 0.9 -9.5
v 29.3 1 -8.3
v 29.3 1 -8.4
v 29.3 1 -8.9
v 29.3 1 -9
v 29.3 1.1 -7.7
v 29.3 1.1 -7.9
v 29.3 1.1 -8.3
v 29.3 1.1 -8.4
v 29.3 1.2 -7.2
v 29.3 1.2 -7.4
v 29.3 1.2 -7.7
v 29.3 1.2 -7.9
v 29.3 1.3 -6.5
v 29.3 1.3 -6.7
v 29.3 1.3 -7.2
v 29.3 1.3 -7.4
v 29.3 1.4 -5.9
v 29.3 1.4 -6.1
v 29.3 1.4 -6.5
v 29.3 1.4 -6.7
v 29.3 1.5 -5
v 29.3 1.5 -5.4
v 29.3 1.5 -5.9
v 29.3 1.5 -6.1
v 29.3 1.6 -4.1
v 29.3 1.6 -4.5
v 29.3 1.6 -5
v 29.3 1.6 -5.4
v 29.3 1.7 -4.1
v 29.3 1.7 -4.5
v 29.4 0.3 -12.7
v 29.4 0.3 -12.8
v 29.4 0.4 -12
v 29.4 0.4 -12.2
v 29.4 0.4 -12.7
v 29.4 0.4 -12.8
v 29.4 0.5 -11.2
v 29.4 0.5 -11.4
v 29.4 0.5 -12
v 29.4 0.5 -12.2
v 29.4 0.6 -10.7
v 29.4 0.6 -10.9
v 29.4 0.6 -11.2
v 29.4 0.6 -11.4
v 29.4 0.7 -10
v 29.4 0.7 -10.3
v 29.4 0.7 -10.7
v 29.4 0.7 -10.9
v 29.4 0.8 -9.5
v 29.4 0.8 -9.7
v 29.4 0.8 -10
v 29.4 0.8 -10.3
v 29.4 0.9 -9
v 29.4 0.9 -9.2
v 29.4 0.9 -9.5
v 29.4 0.9 -9.7
v 29.4 1 -8.4
v 29.4 1 -8.7
v 29.4 1 -9
v 29.4 1 -9.2
v 29.4 1.1 -7.9
v 29.4 1.1 -8.1
v 29.4 1.1 -8.4
v 29.4 1.1 -8.7
v 29.4 1.2 -7.4
v 29.4 1.2 -7.6
v 29.4 1.2 -7.9
v 29.4 1.2 -8.1
v 29.4 1.3 -6.7
v 29.4 1.3 -7.1
v 29.4 1.3 -7.4
v 29.4 1.3 -7.6
v 29.4 1.4 -6.1
v 29.4 1.4 -6.4
v 29.4 1.4 -6.7
v 29.4 1.4 -7.1
v 29.4 1.5 -5.4
v 29.4 1.5 -5.7
v 29.4 1.5 -6.1
v 29.4 1.5 -6.4
v 29.4 1.6 -4.5
v 29.4 1.6 -4.8
v 29.4 1.6 -5.4
v 29.4 1.6 -5.7
v 29.4 1.7 -4.5
v 29.4 1.7 -4.8
v 29.5 0.4 -12.2
v 29.5 0.4 -12.4
v 29.5 0.5 -11.4
v 29.5 0.5 -11.6
v 29.5 0.5 -12.2
v 29.5 0.5 -12.4
v 29.5 0.6 -10.9
v 29.5 0.6 -11.1
v 29.5 0.6 -11.4
v 29.5 0.6 -11.6
v 29.5 0.7 -10.3
v 29.5 0.7 -10.5
v 29.5 0.7 -10.9
v 29.5 0.7 -11.1
v 29.5 0.8 -9.7
v 29.5 0.8 -9.9
v 29.5 0.8 -10.3
v 29.5 0.8 -10.5
v 29.5 0.9 -9.2
v 29.5 0.9 -9.4
v 29.5 0.9 -9.7
v 29.5 0.9 -9.9
v 29.5 1 -8.7
v 29.5 1 -8.9
v 29.5 1 -9.2
v 29.5 1 -9.4
v 29.5 1.1 -8.1
v 29.5 1.1 -8.3
v 29.5 1.1 -8.7
v 29.5 1.1 -8.9
v 29.5 1.2 -7.6
v 29.5 1.2 -7.8
v 29.5 1.2 -8.1
v 29.5 1.2 -8.3
v 29.5 1.3 -7.1
v 29.5 1.3 -7.3
v 29.5 1.3 -7.6
v 29.5 1.3 -7.8
v 29.5 1.4 -6.4
v 29.5 1.4 -6.6
v 29.5 1.4 -7.1
v 29.5 1.4 -7.3
v 29.5 1.5 -5.7
v 29.5 1.5 -6
v 29.5 1.5 -6.4
v 29.5 1.5 -6.6
v 29.5 1.6 -4.8
v 29.5 1.6 -5.2
v 29.5 1.6 -5.7
v 29.5 1.6 -6
v 29.5 1.7 -4.8
v 29.5 1.7 -5.2
v 29.6 0.4 -12.4
v 29.6 0.4 -12.6
v 29.6 0.5 -11.6
v 29.6 0.5 -12
v 29.6 0.5 -12.4
v 29.6 0.5 -12.6
v 29.6 0.6 -11.1
v 29.6 0.6 -11.3
v 29.6 0.6 -11.6
v 29.6 0.6 -12
v 29.6 0.7 -10.5
v 29.6 0.7 -10.8
v 29.6 0.7 -11.1
v 29.6 0.7 -11.3
v 29.6 0.8 -9.9
v 29.6 0.8 -10.1
v 29.6 0.8 -10.5
v 29.6 0.8 -10.8
v 29.6 0.9 -9.4
v 29.6 0.9 -9.6
v 29.6 0.9 -9.9
v 29.6 0.9 -10.1
v 29.6 1 -8.9
v 29.6 1 -9.2
v 29.6 1 -9.4
v 29.6 1 -9.6
v 29.6 1.1 -8.3
v 29.6 1.1 -8.7
v 29.6 1.1 -8.9
v 29.6 1.1 -9.2
v 29.6 1.2 -7.8
v 29.6 1.2 -8.1
v 29.6 1.2 -8.3
v 29.6 1.2 -8.7
v 29.6 1.3 -7.3
v 29.6 1.3 -7.6
v 29.6 1.3 -7.8
v 29.6 1.3 -8.1
v 29.6 1.4 -6.6
v 29.6 1.4 -7
v 29.6 1.4 -7.3
v 29.6 1.4 -7.6
v 29.6 1.5 -6
v 29.6 1.5 -6.3
v 29.6 1.5 -6.6
v 29.6 1.5 -7
v 29.6 1.6 -5.2
v 29.6 1.6 -5.5
v 29.6 1.6 -6
v 29.6 1.6 -6.3
v 29.6 1.7 -5.2
v 29.6 1.7 -5.5
v 29.7 0.4 -12.6
v 29.7 0.4 -12.8
v 29.7 0.5 -12
v 29.7 0.5 -12.3
v 29.7 0.5 -12.6
v 29.7 0.5 -12.8
v 29.7 0.6 -11.3
v 29.7 0.6 -11.6
v 29.7 0.6 -12
v 29.7 0.6 -12.3
v 29.7 0.7 -10.8
v 29.7 0.7 -11
v 29.7 0.7 -11.3
v 29.7 0.7 -11.6
v 29.7 0.8 -10.1
v 29.7 0.8 -10.5
v 29.7 0.8 -10.8
v 29.7 0.8 -11
v 29.7 0.9 -9.6
v 29.7 0.9 -9.9
v 29.7 0.9 -10.1
v 29.7 0.9 -10.5
v 29.7 1 -9.2
v 29.7 1 -9.4
v 29.7 1 -9.6
v 29.7 1 -9.9
v 29.7 1.1 -8.7
v 29.7 1.1 -8.9
v 29.7 1.1 -9.2
v 29.7 1.1 -9.4
v 29.7 1.2 -8.1
v 29.7 1.2 -8.3
v 29.7 1.2 -8.7
v 29.7 1.2 -8.9
v 29.7 1.3 -7.6
v 29.7 1.3 -7.8
v 29.7 1.3 -8.1
v 29.7 1.3 -8.3
v 29.7 1.4 -7
v 29.7 1.4 -7.3
v 29.7 1.4 -7.6
v 29.7 1.4 -7.8
v 29.7 1.5 -6.3
v 29.7 1.5 -6.6
v 29.7 1.5 -7
v 29.7 1.5 -7.3
v 29.7 1.6 -5.5
v 29.7 1.6 -5.8
v 29.7 1.6 -6.3
v 29.7 1.6 -6.6
v 29.7 1.7 -5.5
v 29.7 1.7 -5.8
v 29.8 0.5 -12.3
v 29.8 0.5 -12.6
v 29.8 0.6 -11.6
v 29.8 0.6 -12
v 29.8 0.6 -12.3
v 29.8 0.6 -12.6
v 29.8 0.7 -11
v 29.8 0.7 -11.3
v 29.8 0.7 -11.6
v 29.8 0.7 -12
v 29.8 0.8 -10.5
v 29.8 0.8 -10.8
v 29.8 0.8 -11
v 29.8 0.8 -11.3
v 29.8 0.9 -9.9
v 29.8 0.9 -10.3
v 29.8 0.9 -10.5
v 29.8 0.9 -10.8
v 29.8 1 -9.4
v 29.8 1 -9.7
v 29.8 1 -9.9
v 29.8 1 -10.3
v 29.8 1.1 -8.9
v 29.8 1.1 -9.2
v 29.8 1.1 -9.4
v 29.8 1.1 -9.7
v 29.8 1.2 -8.3
v 29.8 1.2 -8.7
v 29.8 1.2 -8.9
v 29.8 1.2 -9.2
v 29.8 1.3 -7.8
v 29.8 1.3 -8.1
v 29.8 1.3 -8.3
v 29.8 1.3 -8.7
v 29.8 1.4 -7.3
v 29.8 1.4 -7.6
v 29.8 1.4 -7.8
v 29.8 1.4 -8.1
v 29.8 1.5 -6.6
v 29.8 1.5 -7
v 29.8 1.5 -7.3
v 29.8 1.5 -7.6
v 29.8 1.6 -5.8
v 29.8 1.6 -6.1
v 29.8 1.6 -6.6
v 29.8 1.6 -7
v 29.8 1.7 -5.8
v 29.8 1.7 -6.1
v 29.9 0.5 -12.6
v 29.9 0.5 -12.8
v 29.9 0.6 -12
v 29.9 0.6 -12.3
v 29.9 0.6 -12.6
v 29.9 0.6 -12.8
v 29.9 0.7 -11.3
v 29.9 0.7 -11.6
v 29.9 0.7 -12
v 29.9 0.7 -12.3
v 29.9 0.8 -10.8
v 29.9 0.8 -11.1
v 29.9 0.8 -11.3
v 29.9 0.8 -11.6
v 29.9 0.9 -10.3
v 29.9 0.9 -10.6
v 29.9 0.9 -10.8
v 29.9 0.9 -11.1
v 29.9 1 -9.7
v 29.9 1 -10
v 29.9 1 -10.3
v 29.9 1 -10.6
v 29.9 1.1 -9.2
v 29.9 1.1 -9.5
v 29.9 1.1 -9.7
v 29.9 1.1 -10
v 29.9 1.2 -8.7
v 29.9 1.2 -9
v 29.9 1.2 -9.2
v 29.9 1.2 -9.5
v 29.9 1.3 -8.1
v 29.9 1.3 -8.4
v 29.9 1.3 -8.7
v 29.9 1.3 -9
v 29.9 1.4 -7.6
v 29.9 1.4 -7.9
v 29.9 1.4 -8.1
v 29.9 1.4 -8.4
v 29.9 1.5 -7
v 29.9 1.5 -7.3
v 29.9 1.5 -7.6
v 29.9 1.5 -7.9
v 29.9 1.6 -6.1
v 29.9 1.6 -6.4
v 29.9 1.6 -7
v 29.9 1.6 -7.3
v 29.9 1.7 -6.1
v 29.9 1.7 -6.4
v 30 0.6 -12.3
v 30 0.6 -12.7
v 30 0.7 -11.6
v 30 0.7 -12.1
v 30 0.7 -12.3
v 30 0.7 -12.7
v 30 0.8 -11.1
v 30 0.8 -11.4
v 30 0.8 -11.6
v 30 0.8 -12.1
v 30 0.9 -10.6
v 30 0.9 -10.9
v 30 0.9 -11.1
v 30 0.9 -11.4
v 30 1 -10
v 30 1 -10.4
v 30 1 -10.6
v 30 1 -10.9
v 30 1.1 -9.5
v 30 1.1 -9.8
v 30 1.1 -10
v 30 1.1 -10.4
v 30 1.2 -9
v 30 1.2 -9.3
v 30 1.2 -9.5
v 30 1.2 -9.8
v 30 1.3 -8.4
v 30 1.3 -8.8
v 30 1.3 -9
v 30 1.3 -9.3
v 30 1.4 -7.9
v 30 1.4 -8.2
v 30 1.4 -8.4
v 30 1.4 -8.8
v 30 1.5 -7.3
v 30 1.5 -7.6
v 30 1.5 -7.9
v 30 1.5 -8.2
v 30 1.6 -6.4
v 30 1.6 -6.9
v 30 1.6 -7.3
v 30 1.6 -7.6
v 30 1.7 -6.4
v 30 1.7 -6.9
v 30.1 0.6 -12.7
v 30.1 0.6 -12.8
v 30.1 0.7 -12.1
v 30.1 0.7 -12.5
v 30.1 0.7 -12.7
v 30.1 0.7 -12.8
v 30.1 0.8 -11.4
v 30.1 0.8 -11.8
v 30.1 0.8 -12.1
v 30.1 0.8 -12.5
v 30.1 0.9 -10.9
v 30.1 0.9 -11.3
v 30.1 0.9 -11.4
v 30.1 0.9 -11.8
v 30.1 1 -10.4
v 30.1 1 -10.8
v 30.1 1 -10.9
v 30.1 1 -11.3
v 30.1 1.1 -9.8
v 30.1 1.1 -10.3
v 30.1 1.1 -10.4
v 30.1 1.1 -10.8
v 30.1 1.2 -9.3
v 30.1 1.2 -9.7
v 30.1 1.2 -9.8
v 30.1 1.2 -10.3
v 30.1 1.3 -8.8
v 30.1 1.3 -9.2
v 30.1 1.3 -9.3
v 30.1 1.3 -9.7
v 30.1 1.4 -8.2
v 30.1 1.4 -8.6
v 30.1 1.4 -8.8
v 30.1 1.4 -9.2
v 30.1 1.5 -7.6
v 30.1 1.5 -7.9
v 30.1 1.5 -8.2
v 30.1 1.5 -8.6
v 30.1 1.6 -6.9
v 30.1 1.6 -7.2
v 30.1 1.6 -7.6
v 30.1 1.6 -7.9
v 30.1 1.7 -6.9
v 30.1 1.7 -7.2
v 30.2 0.7 -12.5
v 30.2 0.7 -12.8
v 30.2 0.8 -11.8
v 30.2 0.8 -12.4
v 30.2 0.8 -12.5
v 30.2 0.8 -12.8
v 30.2 0.9 -11.3
v 30.2 0.9 -11.7
v 30.2 0.9 -11.8
v 30.2 0.9 -12.4
v 30.2 1 -10.8
v 30.2 1 -11.2
v 30.2 1 -11.3
v 30.2 1 -11.7
v 30.2 1.1 -10.3
v 30.2 1.1 -10.7
v 30.2 1.1 -10.8
v 30.2 1.1 -11.2
v 30.2 1.2 -9.7
v 30.2 1.2 -10.1
v 30.2 1.2 -10.3
v 30.2 1.2 -10.7
v 30.2 1.3 -9.2
v 30.2 1.3 -9.6
v 30.2 1.3 -9.7
v 30.2 1.3 -10.1
v 30.2 1.4 -8.6
v 30.2 1.4 -9
v 30.2 1.4 -9.2
v 30.2 1.4 -9.6
v 30.2 1.5 -7.9
v 30.2 1.5 -8.3
v 30.2 1.5 -8.6
v 30.2 1.5 -9
v 30.2 1.6 -7.2
v 30.2 1.6 -7.6
v 30.2 1.6 -7.9
v 30.2 1.6 -8.3
v 30.2 1.7 -7.2
v 30.2 1.7 -7.6
v 30.3 0.8 -12.4
v 30.3 0.8 -12.8
v 30.3 0.9 -11.7
v 30.3 0.9 -12.3
v 30.3 0.9 -12.4
v 30.3 0.9 -12.8
v 30.3 1 -11.2
v 30.3 1 -11.7
v 30.3 1 -12.3
v 30.3 1.1 -10.7
v 30.3 1.1 -11.1
v 30.3 1.1 -11.2
v 30.3 1.1 -11.7
v 30.3 1.2 -10.1
v 30.3 1.2 -10.6
v 30.3 1.2 -10.7
v 30.3 1.2 -11.1
v 30.3 1.3 -9.6
v 30.3 1.3 -10
v 30.3 1.3 -10.1
v 30.3 1.3 -10.6
v 30.3 1.4 -9
v 30.3 1.4 -9.4
v 30.3 1.4 -9.6
v 30.3 1.4 -10
v 30.3 1.5 -8.3
v 30.3 1.5 -8.8
v 30.3 1.5 -9
v 30.3 1.5 -9.4
v 30.3 1.6 -7.6
v 30.3 1.6 -8
v 30.3 1.6 -8.3
v 30.3 1.6 -8.8
v 30.3 1.7 -7.6
v 30.3 1.7 -8
v 30.4 0.9 -12.3
v 30.4 0.9 -12.8
v 30.4 1 -11.7
v 30.4 1 -12.3
v 30.4 1 -12.8
v 30.4 1.1 -11.1
v 30.4 1.1 -11.6
v 30.4 1.1 -11.7
v 30.4 1.1 -12.3
v 30.4 1.2 -10.6
v 30.4 1.2 -11.1
v 30.4 1.2 -11.6
v 30.4 1.3 -10
v 30.4 1.3 -10.5
v 30.4 1.3 -10.6
v 30.4 1.3 -11.1
v 30.4 1.4 -9.4
v 30.4 1.4 -9.9
v 30.4 1.4 -10
v 30.4 1.4 -10.5
v 30.4 1.5 -8.8
v 30.4 1.5 -9.2
v 30.4 1.5 -9.4
v 30.4 1.5 -9.9
v 30.4 1.6 -8
v 30.4 1.6 -8.4
v 30.4 1.6 -8.8
v 30.4 1.6 -9.2
v 30.4 1.7 -8
v 30.4 1.7 -8.4
v 30.5 1 -12.3
v 30.5 1 -12.8
v 30.5 1.1 -11.6
v 30.5 1.1 -12.3
v 30.5 1.1 -12.8
v 30.5 1.2 -11.1
v 30.5 1.2 -11.6
v 30.5 1.2 -12.3
v 30.5 1.3 -10.5
v 30.5 1.3 -11
v 30.5 1.3 -11.1
v 30.5 1.3 -11.6
v 30.5 1.4 -9.9
v 30.5 1.4 -10.4
v 30.5 1.4 -10.5
v 30.5 1.4 -11
v 30.5 1.5 -9.2
v 30.5 1.5 -9.7
v 30.5 1.5 -9.9
v 30.5 1.5 -10.4
v 30.5 1.6 -8.4
v 30.5 1.6 -8.9
v 30.5 1.6 -9.2
v 30.5 1.6 -9.7
v 30.5 1.7 -8.4
v 30.5 1.7 -8.9
v 30.6 1.1 -12.3
v 30.6 1.1 -12.8
v 30.6 1.2 -11.6
v 30.6 1.2 -12.3
v 30.6 1.2 -12.4
v 30.6 1.2 -12.8
v 30.6 1.3 -11
v 30.6 1.3 -11.6
v 30.6 1.3 -12.4
v 30.6 1.4 -10.4
v 30.6 1.4 -11
v 30.6 1.4 -11.6
v 30.6 1.5 -9.7
v 30.6 1.5 -10.3
v 30.6 1.5 -10.4
v 30.6 1.5 -11
v 30.6 1.6 -8.9
v 30.6 1.6 -9.4
v 30.6 1.6 -9.7
v 30.6 1.6 -10.3
v 30.6 1.7 -8.9
v 30.6 1.7 -9.4
v 30.7 1.2 -12.4
v 30.7 1.2 -12.8
v 30.7 1.3 -11.6
v 30.7 1.3 -12.4
v 30.7 1.3 -12.8
v 30.7 1.4 -11
v 30.7 1.4 -11.6
v 30.7 1.4 -12.4
v 30.7 1.5 -10.3
v 30.7 1.5 -10.9
v 30.7 1.5 -11
v 30.7 1.5 -11.6
v 30.7 1.6 -9.4
v 30.7 1.6 -9.9
v 30.7 1.6 -10.3
v 30.7 1.6 -10.9
v 30.7 1.7 -9.4
v 30.7 1.7 -9.9
v 30.8 1.3 -12.4
v 30.8 1.3 -12.8
v 30.8 1.4 -11.6
v 30.8 1.4 -12.4
v 30.8 1.4 -12.5
v 30.8 1.4 -12.8
v 30.8 1.5 -10.9
v 30.8 1.5 -11.6
v 30.8 1.5 -12.5
v 30.8 1.6 -9.9
v 30.8 1.6 -10.6
v 30.8 1.6 -10.9
v 30.8 1.6 -11.6
v 30.8 1.7 -9.9
v 30.8 1.7 -10.6
v 30.9 1.4 -12.5
v 30.9 1.4 -12.8
v 30.9 1.5 -11.6
v 30.9 1.5 -12.4
v 30.9 1.5 -12.5
v 30.9 1.5 -12.8
v 30.9 1.6 -10.6
v 30.9 1.6 -11.3
v 30.9 1.6 -11.6
v 30.9 1.6 -12.4
v 30.9 1.7 -10.6
v 30.9 1.7 -11.3
v 31 1.5 -12.4
v 31 1.5 -12.8
v 31 1.6 -11.3
v 31 1.6 -12.2
v 31 1.6 -12.4
v 31 1.6 -12.8
v 31 1.7 -11.3
v 31 1.7 -12.2
v 31.1 1.6 -12.2
v 31.1 1.6 -12.8
v 31.1 1.7 -12.2
v 31.1 1.7 -12.8
v 23.4 0.1 -2.5
v 23.4 0.1 -2.7
v 23.4 0.2 -2.1
v 23.4 0.2 -2.2
v 23.4 0.2 -2.5
v 23.4 0.2 -2.7
v 23.4 0.3 -1.8
v 23.4 0.3 -1.9
v 23.4 0.3 -2.1
v 23.4 0.3 -2.2
v 23.4 0.4 2.4
v 23.4 0.4 2.3
v 23.4 0.4 -1.5
v 23.4 0.4 -1.6
v 23.4 0.4 -1.8
v 23.4 0.4 -1.9
v 23.4 0.5 2.4
v 23.4 0.5 2.3
v 23.4 0.5 2.2
v 23.4 0.5 2.1
v 23.4 0.5 -1.2
v 23.4 0.5 -1.4
v 23.4 0.5 -1.5
v 23.4 0.5 -1.6
v 23.4 0.6 2.2
v 23.4 0.6 2.1
v 23.4 0.6 -1
v 23.4 0.6 -1.2
v 23.4 0.6 -1.4
v 23.4 0.7 1.9
v 23.4 0.7 1.8
v 23.4 0.7 -0.9
v 23.4 0.7 -1
v 23.4 0.7 -1.2
v 23.4 0.8 1.9
v 23.4 0.8 1.8
v 23.4 0.8 -0.7
v 23.4 0.8 -0.9
v 23.4 0.8 -1
v 23.4 0.9 1.5
v 23.4 0.9 1.4
v 23.4 0.9 -0.5
v 23.4 0.9 -0.7
v 23.4 0.9 -0.9
v 23.4 1 12.1
v 23.4 1 12
v 23.4 1 1.5
v 23.4 1 1.4
v 23.4 1 1.3
v 23.4 1 1.2
v 23.4 1 -0.2
v 23.4 1 -0.5
v 23.4 1 -0.7
v 23.4 1.1 12.3
v 23.4 1.1 12.2
v 23.4 1.1 12.1
v 23.4 1.1 12
v 23.4 1.1 1.3
v 23.4 1.1 1.2
v 23.4 1.1 1.1
v 23.4 1.1 0.8
v 23.4 1.1 0.3
v 23.4 1.1 -0.2
v 23.4 1.1 -0.5
v 23.4 1.2 12.5
v 23.4 1.2 12.4
v 23.4 1.2 12.3
v 23.4 1.2 12.2
v 23.4 1.2 1.1
v 23.4 1.2 0.8
v 23.4 1.2 0.6
v 23.4 1.2 0.400001
v 23.4 1.2 0.3
v 23.4 1.2 -0.2
v 23.4 1.3 12.5
v 23.4 1.3 12.4
v 23.4 1.3 0.6
v 23.4 1.3 0.400001
v 23.5 0.1 -2.4
v 23.5 0.1 -2.5
v 23.5 0.2 -2
v 23.5 0.2 -2.1
v 23.5 0.2 -2.4
v 23.5 0.2 -2.5
v 23.5 0.3 -1.6
v 23.5 0.3 -1.8
v 23.5 0.3 -2
v 23.5 0.3 -2.1
v 23.5 0.4 -1.3
v 23.5 0.4 -1.5
v 23.5 0.4 -1.6
v 23.5 0.4 -1.8
v 23.5 0.5 -1.1
v 23.5 0.5 -1.2
v 23.5 0.5 -1.3
v 23.5 0.5 -1.5
v 23.5 0.6 2
v 23.5 0.6 1.9
v 23.5 0.6 -0.9
v 23.5 0.6 -1
v 23.5 0.6 -1.1
v 23.5 0.6 -1.2
v 23.5 0.7 2
v 23.5 0.7 1.9
v 23.5 0.7 -0.7
v 23.5 0.7 -0.9
v 23.5 0.7 -1
v 23.5 0.8 1.6
v 23.5 0.8 1.5
v 23.5 0.8 -0.5
v 23.5 0.8 -0.7
v 23.5 0.8 -0.9
v 23.5 0.9 11.8
v 23.5 0.9 11.7
v 23.5 0.9 1.6
v 23.5 0.9 1.5
v 23.5 0.9 1.4
v 23.5 0.9 1.3
v 23.5 0.9 -0.2
v 23.5 0.9 -0.5
v 23.5 0.9 -0.7
v 23.5 1 11.8
v 23.5 1 11.7
v 23.5 1 1.4
v 23.5 1 1.3
v 23.5 1 1.2
v 23.5 1 1
v 23.5 1 0.200001
v 23.5 1 -0.2
v 23.5 1 -0.5
v 23.5 1.1 1.2
v 23.5 1.1 1
v 23.5 1.1 0.8
v 23.5 1.1 0.3
v 23.5 1.1 0.200001
v 23.5 1.1 -0.2
v 23.5 1.2 0.8
v 23.5 1.2 0.3
v 23.5 1.3 12.7
v 23.5 1.3 12.6
v 23.5 1.4 12.7
v 23.5 1.4 12.6
v 23.6 0.1 -2.3
v 23.6 0.1 -2.4
v 23.6 0.2 -1.8
v 23.6 0.2 -2
v 23.6 0.2 -2.3
v 23.6 0.2 -2.4
v 23.6 0.3 -1.4
v 23.6 0.3 -1.6
v 23.6 0.3 -1.8
v 23.6 0.3 -2
v 23.6 0.4 -1.2
v 23.6 0.4 -1.3
v 23.6 0.4 -1.4
v 23.6 0.4 -1.6
v 23.6 0.5 -0.9
v 23.6 0.5 -1.1
v 23.6 0.5 -1.2
v 23.6 0.5 -1.3
v 23.6 0.6 -0.7
v 23.6 0.6 -0.9
v 23.6 0.6 -1.1
v 23.6 0.7 1.8
v 23.6 0.7 1.6
v 23.6 0.7 -0.5
v 23.6 0.7 -0.7
v 23.6 0.7 -0.9
v 23.6 0.8 1.8
v 23.6 0.8 1.6
v 23.6 0.8 1.5
v 23.6 0.8 1.4
v 23.6 0.8 -0.299999
v 23.6 0.8 -0.5
v 23.6 0.8 -0.7
v 23.6 0.9 1.5
v 23.6 0.9 1.4
v 23.6 0.9 1.3
v 23.6 0.9 1.1
v 23.6 0.9 0.200001
v 23.6 0.9 -0.2
v 23.6 0.9 -0.299999
v 23.6 0.9 -0.5
v 23.6 1 12.2
v 23.6 1 12.1
v 23.6 1 1.3
v 23.6 1 1.1
v 23.6 1 1
v 23.6 1 0.200001
v 23.6 1 -0.2
v 23.6 1.1 12.4
v 23.6 1.1 12.3
v 23.6 1.1 12.2
v 23.6 1.1 12.1
v 23.6 1.1 1
v 23.6 1.1 0.200001
v 23.6 1.2 12.6
v 23.6 1.2 12.5
v 23.6 1.2 12.4
v 23.6 1.2 12.3
v 23.6 1.3 12.8
v 23.6 1.3 12.7
v 23.6 1.3 12.6
v 23.6 1.3 12.5
v 23.6 1.4 12.8
v 23.6 1.4 12.7
v 23.7 0.1 -2.2
v 23.7 0.1 -2.3
v 23.7 0.2 -1.6
v 23.7 0.2 -1.8
v 23.7 0.2 -2.2
v 23.7 0.2 -2.3
v 23.7 0.3 -1.3
v 23.7 0.3 -1.4
v 23.7 0.3 -1.6
v 23.7 0.3 -1.8
v 23.7 0.4 2.3
v 23.7 0.4 2.2
v 23.7 0.4 -1
v 23.7 0.4 -1.2
v 23.7 0.4 -1.3
v 23.7 0.4 -1.4
v 23.7 0.5 2.3
v 23.7 0.5 2.2
v 23.7 0.5 2.1
v 23.7 0.5 2
v 23.7 0.5 -0.799999
v 23.7 0.5 -0.9
v 23.7 0.5 -1
v 23.7 0.5 -1.2
v 23.7 0.6 2.1
v 23.7 0.6 2
v 23.7 0.6 1.9
v 23.7 0.6 1.8
v 23.7 0.6 -0.5
v 23.7 0.6 -0.7
v 23.7 0.6 -0.799999
v 23.7 0.6 -0.9
v 23.7 0.7 1.9
v 23.7 0.7 1.8
v 23.7 0.7 1.6
v 23.7 0.7 1.5
v 23.7 0.7 -0.299999
v 23.7 0.7 -0.5
v 23.7 0.7 -0.7
v 23.7 0.8 1.6
v 23.7 0.8 1.5
v 23.7 0.8 1.4
v 23.7 0.8 1.3
v 23.7 0.8 0.1
v 23.7 0.8 -0.299999
v 23.7 0.8 -0.5
v 23.7 0.9 1.4
v 23.7 0.9 1.3
v 23.7 0.9 1.1
v 23.7 0.9 0.200001
v 23.7 0.9 0.1
v 23.7 0.9 -0.299999
v 23.7 1 1.1
v 23.7 1 0.200001
v 23.7 1.1 12.5
v 23.7 1.1 12.4
v 23.7 1.2 12.7
v 23.7 1.2 12.6
v 23.7 1.2 12.5
v 23.7 1.2 12.4
v 23.7 1.3 12.7
v 23.7 1.3 12.6
v 23.8 0.2 -1.5
v 23.8 0.2 -1.6
v 23.8 0.3 -1.2
v 23.8 0.3 -1.3
v 23.8 0.3 -1.5
v 23.8 0.3 -1.6
v 23.8 0.4 -0.9
v 23.8 0.4 -1
v 23.8 0.4 -1.2
v 23.8 0.4 -1.3
v 23.8 0.5 -0.599999
v 23.8 0.5 -0.799999
v 23.8 0.5 -0.9
v 23.8 0.5 -1
v 23.8 0.6 1.8
v 23.8 0.6 1.6
v 23.8 0.6 -0.4
v 23.8 0.6 -0.5
v 23.8 0.6 -0.599999
v 23.8 0.6 -0.799999
v 23.8 0.7 1.8
v 23.8 0.7 1.6
v 23.8 0.7 1.5
v 23.8 0.7 1.4
v 23.8 0.7 -0.0999994
v 23.8 0.7 -0.299999
v 23.8 0.7 -0.4
v 23.8 0.7 -0.5
v 23.8 0.8 1.5
v 23.8 0.8 1.4
v 23.8 0.8 1.3
v 23.8 0.8 1
v 23.8 0.8 0.400001
v 23.8 0.8 0.1
v 23.8 0.8 -0.0999994
v 23.8 0.8 -0.299999
v 23.8 0.9 1.3
v 23.8 0.9 1
v 23.8 0.9 0.400001
v 23.8 0.9 0.1
v 23.8 1 12.3
v 23.8 1 12.2
v 23.8 1.1 12.3
v 23.8 1.1 12.2
v 23.9 0.1 -2.1
v 23.9 0.1 -2.2
v 23.9 0.2 -1.4
v 23.9 0.2 -1.5
v 23.9 0.2 -2.1
v 23.9 0.2 -2.2
v 23.9 0.3 -1
v 23.9 0.3 -1.2
v 23.9 0.3 -1.4
v 23.9 0.3 -1.5
v 23.9 0.4 -0.7
v 23.9 0.4 -0.9
v 23.9 0.4 -1
v 23.9 0.4 -1.2
v 23.9 0.5 2
v 23.9 0.5 1.9
v 23.9 0.5 -0.5
v 23.9 0.5 -0.599999
v 23.9 0.5 -0.7
v 23.9 0.5 -0.9
v 23.9 0.6 2
v 23.9 0.6 1.9
v 23.9 0.6 -0.2
v 23.9 0.6 -0.4
v 23.9 0.6 -0.5
v 23.9 0.6 -0.599999
v 23.9 0.7 1.4
v 23.9 0.7 1.2
v 23.9 0.7 0.3
v 23.9 0.7 -0.0999994
v 23.9 0.7 -0.2
v 23.9 0.7 -0.4
v 23.9 0.8 1.4
v 23.9 0.8 1.2
v 23.9 0.8 1
v 23.9 0.8 0.400001
v 23.9 0.8 0.3
v 23.9 0.8 -0.0999994
v 23.9 0.9 1
v 23.9 0.9 0.400001
v 23.9 1.1 12.6
v 23.9 1.1 12.5
v 23.9 1.2 12.8
v 23.9 1.2 12.7
v 23.9 1.2 12.6
v 23.9 1.2 12.5
v 23.9 1.3 12.8
v 23.9 1.3 12.7
v 24 0.1 -2
v 24 0.1 -2.1
v 24 0.2 -1.3
v 24 0.2 -1.4
v 24 0.2 -2
v 24 0.2 -2.1
v 24 0.3 -0.9
v 24 0.3 -1
v 24 0.3 -1.3
v 24 0.3 -1.4
v 24 0.4 2.2
v 24 0.4 2.1
v 24 0.4 -0.599999
v 24 0.4 -0.7
v 24 0.4 -0.9
v 24 0.4 -1
v 24 0.5 2.2
v 24 0.5 2.1
v 24 0.5 1.9
v 24 0.5 1.8
v 24 0.5 -0.299999
v 24 0.5 -0.5
v 24 0.5 -0.599999
v 24 0.5 -0.7
v 24 0.6 1.9
v 24 0.6 1.8
v 24 0.6 1.6
v 24 0.6 1.5
v 24 0.6 0.1
v 24 0.6 -0.2
v 24 0.6 -0.299999
v 24 0.6 -0.5
v 24 0.7 1.6
v 24 0.7 1.5
v 24 0.7 1.2
v 24 0.7 0.900001
v 24 0.7 0.700001
v 24 0.7 0.3
v 24 0.7 0.1
v 24 0.7 -0.2
v 24 0.8 1.2
v 24 0.8 0.900001
v 24 0.8 0.700001
v 24 0.8 0.3
v 24.1 0.2 -1.2
v 24.1 0.2 -1.3
v 24.1 0.3 -0.799999
v 24.1 0.3 -0.9
v 24.1 0.3 -1.2
v 24.1 0.3 -1.3
v 24.1 0.4 -0.5
v 24.1 0.4 -0.599999
v 24.1 0.4 -0.799999
v 24.1 0.4 -0.9
v 24.1 0.5 -0.2
v 24.1 0.5 -0.299999
v 24.1 0.5 -0.5
v 24.1 0.5 -0.599999
v 24.1 0.6 1.5
v 24.1 0.6 1.3
v 24.1 0.6 0.3
v 24.1 0.6 0.1
v 24.1 0.6 -0.2
v 24.1 0.6 -0.299999
v 24.1 0.7 1.5
v 24.1 0.7 1.3
v 24.1 0.7 0.900001
v 24.1 0.7 0.700001
v 24.1 0.7 0.3
v 24.1 0.7 0.1
v 24.1 0.8 0.900001
v 24.1 0.8 0.700001
v 24.2 0.3 -0.7
v 24.2 0.3 -0.799999
v 24.2 0.4 -0.4
v 24.2 0.4 -0.5
v 24.2 0.4 -0.7
v 24.2 0.4 -0.799999
v 24.2 0.5 1.8
v 24.2 0.5 1.6
v 24.2 0.5 0.1
v 24.2 0.5 -0.2
v 24.2 0.5 -0.4
v 24.2 0.5 -0.5
v 24.2 0.6 1.8
v 24.2 0.6 1.6
v 24.2 0.6 1.3
v 24.2 0.6 1
v 24.2 0.6 0.8
v 24.2 0.6 0.3
v 24.2 0.6 0.1
v 24.2 0.6 -0.2
v 24.2 0.7 1.3
v 24.2 0.7 1
v 24.2 0.7 0.8
v 24.2 0.7 0.3
v 24.2 1.1 12.7
v 24.2 1.1 12.6
v 24.2 1.2 12.7
v 24.2 1.2 12.6
v 24.3 0.2 -1.1
v 24.3 0.2 -1.2
v 24.3 0.3 -0.599999
v 24.3 0.3 -0.7
v 24.3 0.3 -1.1
v 24.3 0.3 -1.2
v 24.3 0.4 2.1
v 24.3 0.4 2
v 24.3 0.4 -0.2
v 24.3 0.4 -0.4
v 24.3 0.4 -0.599999
v 24.3 0.4 -0.7
v 24.3 0.5 2.1
v 24.3 0.5 2
v 24.3 0.5 1.6
v 24.3 0.5 1.5
v 24.3 0.5 0.3
v 24.3 0.5 0.1
v 24.3 0.5 -0.2
v 24.3 0.5 -0.4
v 24.3 0.6 1.6
v 24.3 0.6 1.5
v 24.3 0.6 1
v 24.3 0.6 0.8
v 24.3 0.6 0.3
v 24.3 0.6 0.1
v 24.3 0.7 1
v 24.3 0.7 0.8
v 24.4 0.2 -1
v 24.4 0.2 -1.1
v 24.4 0.3 -0.5
v 24.4 0.3 -0.599999
v 24.4 0.3 -1
v 24.4 0.3 -1.1
v 24.4 0.4 -0.0999994
v 24.4 0.4 -0.2
v 24.4 0.4 -0.5
v 24.4 0.4 -0.599999
v 24.4 0.5 1.5
v 24.4 0.5 1.3
v 24.4 0.5 0.6
v 24.4 0.5 0.3
v 24.4 0.5 -0.0999994
v 24.4 0.5 -0.2
v 24.4 0.6 1.5
v 24.4 0.6 1.3
v 24.4 0.6 0.6
v 24.4 0.6 0.3
v 24.5 0.3 -0.4
v 24.5 0.3 -0.5
v 24.5 0.4 2
v 24.5 0.4 1.9
v 24.5 0.4 0.1
v 24.5 0.4 -0.0999994
v 24.5 0.4 -0.4
v 24.5 0.4 -0.5
v 24.5 0.5 2
v 24.5 0.5 1.9
v 24.5 0.5 1.3
v 24.5 0.5 0.6
v 24.5 0.5 0.1
v 24.5 0.5 -0.0999994
v 24.5 0.6 1.3
v 24.5 0.6 0.6
v 24.6 0.4 0.3
v 24.6 0.4 0.1
v 24.6 0.5 0.3
v 24.6 0.5 0.1
v 24.7 0.3 -0.299999
v 24.7 0.3 -0.4
v 24.7 0.4 1.9
v 24.7 0.4 1.8
v 24.7 0.4 0.400001
v 24.7 0.4 0.3
v 24.7 0.4 -0.299999
v 24.7 0.4 -0.4
v 24.7 0.5 1.9
v 24.7 0.5 1.8
v 24.7 0.5 0.400001
v 24.7 0.5 0.3
v 24.8 0.3 -0.2
v 24.8 0.3 -0.299999
v 24.8 0.4 0.6
v 24.8 0.4 0.400001
v 24.8 0.4 -0.2
v 24.8 0.4 -0.299999
v 24.8 0.5 0.6
v 24.8 0.5 0.400001
v 24.9 0.4 1.8
v 24.9 0.4 1.6
v 24.9 0.4 0.700001
v 24.9 0.4 0.6
v 24.9 0.5 1.8
v 24.9 0.5 1.6
v 24.9 0.5 0.700001
v 24.9 0.5 0.6
v 25 0.4 0.900001
v 25 0.4 0.700001
v 25 0.5 0.900001
v 25 0.5 0.700001
v 25.1 0.4 1
v 25.1 0.4 0.900001
v 25.1 0.5 1
v 25.1 0.5 0.900001
v 41.9 0 12.8
v 41.9 0 -12.8
v 41.9 1.7 12.8
v 41.9 1.7 -12.8
v 23.3 0 12.8
v 23.3 1.4 12.8
v 23.6 1.3 12.8
v 23.6 1.4 12.8
v 23.9 1.2 12.8
v 23.9 1.3 12.8
v 24.9 1.2 12.8
v 24.9 1.3 12.8
v 25.2 1.3 12.8
v 25.2 1.4 12.8
v 25.4 1.4 12.8
v 25.4 1.5 12.8
v 25.6 1.5 12.8
v 25.6 1.6 12.8
v 25.8 1.6 12.8
v 25.8 1.7 12.8
v 41.9 0 12.8
v 41.9 1.7 12.8
v 25.1 1.3 12.7
v 25.1 1.4 12.7
v 25.2 1.3 12.7
v 25.2 1.4 12.7
v 25.3 1.4 12.7
v 25.3 1.5 12.7
v 25.4 1.4 12.7
v 25.4 1.5 12.7
v 25.5 1.5 12.7
v 25.5 1.6 12.7
v 25.6 1.5 12.7
v 25.6 1.6 12.7
v 25.7 1.6 12.7
v 25.7 1.7 12.7
v 25.8 1.6 12.7
v 25.8 1.7 12.7
v 24.8 1.2 12.6
v 24.8 1.3 12.6
v 24.9 1.2 12.6
v 24.9 1.3 12.6
v 25.4 1.5 12.6
v 25.4 1.6 12.6
v 25.5 1.5 12.6
v 25.5 1.6 12.6
v 25 1.3 12.5
v 25 1.4 12.5
v 25.1 1.3 12.5
v 25.1 1.4 12.5
v 25.2 1.4 12.5
v 25.2 1.5 12.5
v 25.3 1.4 12.5
v 25.3 1.5 12.5
v 25.6 1.6 12.5
v 25.6 1.7 12.5
v 25.7 1.6 12.5
v 25.7 1.7 12.5
v 24.9 1.3 12.4
v 24.9 1.4 12.4
v 25 1.3 12.4
v 25 1.4 12.4
v 25.1 1.4 12.4
v 25.1 1.5 12.4
v 25.2 1.4 12.4
v 25.2 1.5 12.4
v 25.3 1.5 12.4
v 25.3 1.6 12.4
v 25.4 1.5 12.4
v 25.4 1.6 12.4
v 25.5 1.6 12.4
v 25.5 1.7 12.4
v 25.6 1.6 12.4
v 25.6 1.7 12.4
v 24.7 1.2 12.3
v 24.7 1.3 12.3
v 24.8 1.2 12.3
v 24.8 1.3 12.3
v 25.2 1.5 12.3
v 25.2 1.6 12.3
v 25.3 1.5 12.3
v 25.3 1.6 12.3
v 25.4 1.6 12.3
v 25.4 1.7 12.3
v 25.5 1.6 12.3
v 25.5 1.7 12.3
v 24.4 1.1 12.2
v 24.4 1.2 12.2
v 24.5 1.1 12.2
v 24.5 1.2 12.2
v 24.8 1.3 12.2
v 24.8 1.4 12.2
v 24.9 1.3 12.2
v 24.9 1.4 12.2
v 25 1.4 12.2
v 25 1.5 12.2
v 25.1 1.4 12.2
v 25.1 1.5 12.2
v 24.6 1.2 12.1
v 24.6 1.3 12.1
v 24.7 1.2 12.1
v 24.7 1.3 12.1
v 24.9 1.4 12.1
v 24.9 1.5 12.1
v 25 1.4 12.1
v 25 1.5 12.1
v 25.1 1.5 12.1
v 25.1 1.6 12.1
v 25.2 1.5 12.1
v 25.2 1.6 12.1
v 25.3 1.6 12.1
v 25.3 1.7 12.1
v 25.4 1.6 12.1
v 25.4 1.7 12.1
v 24.7 1.3 12
v 24.7 1.4 12
v 24.8 1.3 12
v 24.8 1.4 12
v 25 1.5 12
v 25 1.6 12
v 25.1 1.5 12
v 25.1 1.6 12
v 25.2 1.6 12
v 25.2 1.7 12
v 25.3 1.6 12
v 25.3 1.7 12
v 24.3 1.1 11.8
v 24.3 1.2 11.8
v 24.4 1.1 11.8
v 24.4 1.2 11.8
v 24.5 1.2 11.8
v 24.5 1.3 11.8
v 24.6 1.2 11.8
v 24.6 1.3 11.8
v 24.8 1.4 11.8
v 24.8 1.5 11.8
v 24.9 1.4 11.8
v 24.9 1.5 11.8
v 24.6 1.3 11.7
v 24.6 1.4 11.7
v 24.7 1.3 11.7
v 24.7 1.4 11.7
v 24.9 1.5 11.7
v 24.9 1.6 11.7
v 25 1.5 11.7
v 25 1.6 11.7
v 25.1 1.6 11.7
v 25.1 1.7 11.7
v 25.2 1.6 11.7
v 25.2 1.7 11.7
v 24.2 1.1 11.6
v 24.2 1.2 11.6
v 24.3 1.1 11.6
v 24.3 1.2 11.6
v 24.4 1.2 11.6
v 24.4 1.3 11.6
v 24.5 1.2 11.6
v 24.5 1.3 11.6
v 24.7 1.4 11.6
v 24.7 1.5 11.6
v 24.8 1.4 11.6
v 24.8 1.5 11.6
v 24 1 11.5
v 24 1.1 11.5
v 24.1 1 11.5
v 24.1 1.1 11.5
v 24.5 1.3 11.5
v 24.5 1.4 11.5
v 24.6 1.3 11.5
v 24.6 1.4 11.5
v 24.8 1.5 11.5
v 24.8 1.6 11.5
v 24.9 1.5 11.5
v 24.9 1.6 11.5
v 25 1.6 11.5
v 25 1.7 11.5
v 25.1 1.6 11.5
v 25.1 1.7 11.5
v 24.3 1.2 11.4
v 24.3 1.3 11.4
v 24.4 1.2 11.4
v 24.4 1.3 11.4
v 24.6 1.4 11.4
v 24.6 1.5 11.4
v 24.7 1.4 11.4
v 24.7 1.5 11.4
v 24.1 1.1 11.3
v 24.1 1.2 11.3
v 24.2 1.1 11.3
v 24.2 1.2 11.3
v 24.4 1.3 11.3
v 24.4 1.4 11.3
v 24.5 1.3 11.3
v 24.5 1.4 11.3
v 24.7 1.5 11.3
v 24.7 1.6 11.3
v 24.8 1.5 11.3
v 24.8 1.6 11.3
v 24.9 1.6 11.3
v 24.9 1.7 11.3
v 25 1.6 11.3
v 25 1.7 11.3
v 23.7 0.9 11.2
v 23.7 1 11.2
v 23.8 0.9 11.2
v 23.8 1 11.2
v 23.9 1 11.2
v 23.9 1.1 11.2
v 24 1 11.2
v 24 1.1 11.2
v 24.2 1.2 11.2
v 24.2 1.3 11.2
v 24.3 1.2 11.2
v 24.3 1.3 11.2
v 24.5 1.4 11.2
v 24.5 1.5 11.2
v 24.6 1.4 11.2
v 24.6 1.5 11.2
v 24 1.1 11.1
v 24 1.2 11.1
v 24.1 1.1 11.1
v 24.1 1.2 11.1
v 24.3 1.3 11.1
v 24.3 1.4 11.1
v 24.4 1.3 11.1
v 24.4 1.4 11.1
v 24.6 1.5 11.1
v 24.6 1.6 11.1
v 24.7 1.5 11.1
v 24.7 1.6 11.1
v 24.8 1.6 11.1
v 24.8 1.7 11.1
v 24.9 1.6 11.1
v 24.9 1.7 11.1
v 24.4 1.4 11
v 24.4 1.5 11
v 24.5 1.4 11
v 24.5 1.5 11
v 23.8 1 10.9
v 23.8 1.1 10.9
v 23.9 1 10.9
v 23.9 1.1 10.9
v 24.1 1.2 10.9
v 24.1 1.3 10.9
v 24.2 1.2 10.9
v 24.2 1.3 10.9
v 24.2 1.4 10.9
v 24.3 1.3 10.9
v 24.3 1.4 10.9
v 23.4 0.8 10.8
v 23.4 0.9 10.8
v 23.5 0.8 10.8
v 23.5 0.9 10.8
v 23.6 0.9 10.8
v 23.6 1 10.8
v 23.7 0.9 10.8
v 23.7 1 10.8
v 23.9 1.1 10.8
v 23.9 1.2 10.8
v 24 1.1 10.8
v 24 1.2 10.8
v 24.5 1.5 10.8
v 24.5 1.6 10.8
v 24.6 1.5 10.8
v 24.6 1.6 10.8
v 24.7 1.6 10.8
v 24.7 1.7 10.8
v 24.8 1.6 10.8
v 24.8 1.7 10.8
v 23.7 1 10.7
v 23.7 1.1 10.7
v 23.8 1 10.7
v 23.8 1.1 10.7
v 24 1.2 10.7
v 24 1.3 10.7
v 24.1 1.2 10.7
v 24.1 1.3 10.7
v 24.3 1.4 10.7
v 24.3 1.5 10.7
v 24.4 1.4 10.7
v 24.4 1.5 10.7
v 23.8 1.1 10.6
v 23.8 1.2 10.6
v 23.9 1.1 10.6
v 23.9 1.2 10.6
v 24.1 1.3 10.6
v 24.1 1.4 10.6
v 24.2 1.3 10.6
v 24.2 1.4 10.6
v 24.4 1.5 10.6
v 24.4 1.6 10.6
v 24.5 1.5 10.6
v 24.5 1.6 10.6
v 24.6 1.6 10.6
v 24.6 1.7 10.6
v 24.7 1.6 10.6
v 24.7 1.7 10.6
v 23.5 0.9 10.5
v 23.5 1 10.5
v 23.6 0.9 10.5
v 23.6 1 10.5
v 23.9 1.2 10.5
v 23.9 1.3 10.5
v 24 1.2 10.5
v 24 1.3 10.5
v 24.2 1.4 10.5
v 24.2 1.5 10.5
v 24.3 1.4 10.5
v 24.3 1.5 10.5
v 23.3 0.8 10.4
v 23.3 0.9 10.4
v 23.4 0.8 10.4
v 23.4 0.9 10.4
v 23.6 1 10.4
v 23.6 1.1 10.4
v 23.7 1 10.4
v 23.7 1.1 10.4
v 24 1.3 10.4
v 24 1.4 10.4
v 24.1 1.3 10.4
v 24.1 1.4 10.4
v 23.4 0.9 10.3
v 23.4 1 10.3
v 23.5 0.9 10.3
v 23.5 1 10.3
v 23.7 1.1 10.3
v 23.7 1.2 10.3
v 23.8 1.1 10.3
v 23.8 1.2 10.3
v 24.3 1.5 10.3
v 24.3 1.6 10.3
v 24.4 1.5 10.3
v 24.4 1.6 10.3
v 24.5 1.6 10.3
v 24.5 1.7 10.3
v 24.6 1.6 10.3
v 24.6 1.7 10.3
v 23.8 1.2 10.1
v 23.8 1.3 10.1
v 23.9 1.2 10.1
v 23.9 1.3 10.1
v 24.1 1.4 10.1
v 24.1 1.5 10.1
v 24.2 1.4 10.1
v 24.2 1.5 10.1
v 23.5 1 10
v 23.5 1.1 10
v 23.6 1 10
v 23.6 1.1 10
v 23.9 1.3 10
v 23.9 1.4 10
v 24 1.3 10
v 24 1.4 10
v 23.3 0.9 9.9
v 23.3 1 9.9
v 23.4 0.9 9.9
v 23.4 1 9.9
v 23.6 1.1 9.9
v 23.6 1.2 9.9
v 23.7 1.1 9.9
v 23.7 1.2 9.9
v 24.2 1.5 9.9
v 24.2 1.6 9.9
v 24.3 1.5 9.9
v 24.3 1.6 9.9
v 23.7 1.2 9.8
v 23.7 1.3 9.8
v 23.8 1.2 9.8
v 23.8 1.3 9.8
v 24 1.4 9.8
v 24 1.5 9.8
v 24.1 1.4 9.8
v 24.1 1.5 9.8
v 24.4 1.6 9.8
v 24.4 1.7 9.8
v 24.5 1.6 9.8
v 24.5 1.7 9.8
v 23.4 1 9.7
v 23.4 1.1 9.7
v 23.5 1 9.7
v 23.5 1.1 9.7
v 23.5 1.1 9.5
v 23.5 1.2 9.5
v 23.6 1.1 9.5
v 23.6 1.2 9.5
v 23.8 1.3 9.5
v 23.8 1.4 9.5
v 23.9 1.3 9.5
v 23.9 1.4 9.5
v 24.7 1.2 6.5
v 24.7 1.3 6.5
v 24.8 1.2 6.5
v 24.8 1.3 6.5
v 25.4 1.6 6.5
v 25.4 1.7 6.5
v 25.5 1.6 6.5
v 25.5 1.7 6.5
v 25 1.4 6.4
v 25 1.5 6.4
v 25.1 1.4 6.4
v 25.1 1.5 6.4
v 24.4 1 6.2
v 24.4 1.1 6.2
v 24.5 1 6.2
v 24.5 1.1 6.2
v 24.1 0.8 6
v 24.1 0.9 6
v 24.2 0.8 6
v 24.2 0.9 6
v 24.8 1.3 6
v 24.8 1.4 6
v 24.9 1.3 6
v 24.9 1.4 6
v 24.5 1.1 5.9
v 24.5 1.2 5.9
v 24.6 1.1 5.9
v 24.6 1.2 5.9
v 25.1 1.5 5.8
v 25.1 1.6 5.8
v 25.2 1.5 5.8
v 25.2 1.6 5.8
v 24.2 0.9 5.7
v 24.2 1 5.7
v 24.3 0.9 5.7
v 24.3 1 5.7
v 24.6 1.2 5.7
v 24.6 1.3 5.7
v 24.7 1.2 5.7
v 24.7 1.3 5.7
v 24.9 1.4 5.7
v 24.9 1.5 5.7
v 25 1.4 5.7
v 25 1.5 5.7
v 25.3 1.6 5.7
v 25.3 1.7 5.7
v 25.4 1.6 5.7
v 25.4 1.7 5.7
v 23.9 0.7 5.6
v 23.9 0.8 5.6
v 24 0.7 5.6
v 24 0.8 5.6
v 24.3 1 5.4
v 24.3 1.1 5.4
v 24.4 1 5.4
v 24.4 1.1 5.4
v 23.7 0.6 5
v 23.7 0.7 5
v 23.8 0.6 5
v 23.8 0.7 5
v 23.3 0.3 2.6
v 23.3 0.4 2.6
v 24.1 0.3 2.6
v 24.1 0.4 2.6
v 23.3 0.4 2.4
v 23.3 0.5 2.4
v 23.4 0.4 2.4
v 23.4 0.5 2.4
v 23.4 0.4 2.3
v 23.4 0.5 2.3
v 23.7 0.4 2.3
v 23.7 0.5 2.3
v 23.3 0.5 2.2
v 23.3 0.6 2.2
v 23.4 0.5 2.2
v 23.4 0.6 2.2
v 23.7 0.4 2.2
v 23.7 0.5 2.2
v 24 0.4 2.2
v 24 0.5 2.2
v 23.4 0.5 2.1
v 23.4 0.6 2.1
v 23.7 0.5 2.1
v 23.7 0.6 2.1
v 24 0.4 2.1
v 24 0.5 2.1
v 24.3 0.4 2.1
v 24.3 0.5 2.1
v 23.3 0.6 2
v 23.3 0.7 2
v 23.5 0.6 2
v 23.5 0.7 2
v 23.7 0.5 2
v 23.7 0.6 2
v 23.9 0.5 2
v 23.9 0.6 2
v 24.3 0.4 2
v 24.3 0.5 2
v 24.5 0.4 2
v 24.5 0.5 2
v 23.3 0.7 1.9
v 23.3 0.8 1.9
v 23.4 0.7 1.9
v 23.4 0.8 1.9
v 23.5 0.6 1.9
v 23.5 0.7 1.9
v 23.7 0.6 1.9
v 23.7 0.7 1.9
v 23.9 0.5 1.9
v 23.9 0.6 1.9
v 24 0.5 1.9
v 24 0.6 1.9
v 24.5 0.4 1.9
v 24.5 0.5 1.9
v 24.7 0.4 1.9
v 24.7 0.5 1.9
v 23.4 0.7 1.8
v 23.4 0.8 1.8
v 23.6 0.7 1.8
v 23.6 0.8 1.8
v 23.7 0.6 1.8
v 23.7 0.7 1.8
v 23.8 0.6 1.8
v 23.8 0.7 1.8
v 24 0.5 1.8
v 24 0.6 1.8
v 24.2 0.5 1.8
v 24.2 0.6 1.8
v 24.7 0.4 1.8
v 24.7 0.5 1.8
v 24.9 0.4 1.8
v 24.9 0.5 1.8
v 23.3 0.8 1.6
v 23.3 0.9 1.6
v 23.5 0.8 1.6
v 23.5 0.9 1.6
v 23.6 0.7 1.6
v 23.6 0.8 1.6
v 23.7 0.7 1.6
v 23.7 0.8 1.6
v 23.8 0.6 1.6
v 23.8 0.7 1.6
v 24 0.6 1.6
v 24 0.7 1.6
v 24.2 0.5 1.6
v 24.2 0.6 1.6
v 24.3 0.5 1.6
v 24.3 0.6 1.6
v 24.9 0.4 1.6
v 24.9 0.5 1.6
v 25 0.4 1.6
v 25 0.5 1.6
v 23.3 0.9 1.5
v 23.3 1 1.5
v 23.4 0.9 1.5
v 23.4 1 1.5
v 23.5 0.8 1.5
v 23.5 0.9 1.5
v 23.6 0.8 1.5
v 23.6 0.9 1.5
v 23.7 0.7 1.5
v 23.7 0.8 1.5
v 23.8 0.7 1.5
v 23.8 0.8 1.5
v 24 0.6 1.5
v 24 0.7 1.5
v 24.1 0.6 1.5
v 24.1 0.7 1.5
v 24.3 0.5 1.5
v 24.3 0.6 1.5
v 24.4 0.5 1.5
v 24.4 0.6 1.5
v 23.4 0.9 1.4
v 23.4 1 1.4
v 23.5 0.9 1.4
v 23.5 1 1.4
v 23.6 0.8 1.4
v 23.6 0.9 1.4
v 23.7 0.8 1.4
v 23.7 0.9 1.4
v 23.8 0.7 1.4
v 23.8 0.8 1.4
v 23.9 0.7 1.4
v 23.9 0.8 1.4
v 23.3 1 1.3
v 23.3 1.1 1.3
v 23.4 1 1.3
v 23.4 1.1 1.3
v 23.5 0.9 1.3
v 23.5 1 1.3
v 23.6 0.9 1.3
v 23.6 1 1.3
v 23.7 0.8 1.3
v 23.7 0.9 1.3
v 23.8 0.8 1.3
v 23.8 0.9 1.3
v 24.1 0.6 1.3
v 24.1 0.7 1.3
v 24.2 0.6 1.3
v 24.2 0.7 1.3
v 24.4 0.5 1.3
v 24.4 0.6 1.3
v 24.5 0.5 1.3
v 24.5 0.6 1.3
v 23.4 1 1.2
v 23.4 1.1 1.2
v 23.5 1 1.2
v 23.5 1.1 1.2
v 23.9 0.7 1.2
v 23.9 0.8 1.2
v 24 0.7 1.2
v 24 0.8 1.2
v 23.3 1.1 1.1
v 23.3 1.2 1.1
v 23.4 1.1 1.1
v 23.4 1.2 1.1
v 23.6 0.9 1.1
v 23.6 1 1.1
v 23.7 0.9 1.1
v 23.7 1 1.1
v 23.5 1 1
v 23.5 1.1 1
v 23.6 1 1
v 23.6 1.1 1
v 23.8 0.8 1
v 23.8 0.9 1
v 23.9 0.8 1
v 23.9 0.9 1
v 24.2 0.6 1
v 24.2 0.7 1
v 24.3 0.6 1
v 24.3 0.7 1
v 24 0.7 0.900001
v 24 0.8 0.900001
v 24.1 0.7 0.900001
v 24.1 0.8 0.900001
v 23.4 1.1 0.8
v 23.4 1.2 0.8
v 23.5 1.1 0.8
v 23.5 1.2 0.8
v 23.3 1.2 0.6
v 23.3 1.3 0.6
v 23.4 1.2 0.6
v 23.4 1.3 0.6
v 26.3 0.6 -1.2
v 26.3 0.7 -1.2
v 26.4 0.6 -1.2
v 26.4 0.7 -1.2
v 26 0.5 -1.8
v 26 0.6 -1.8
v 26.1 0.5 -1.8
v 26.1 0.6 -1.8
v 26.5 0.7 -1.8
v 26.5 0.8 -1.8
v 26.6 0.7 -1.8
v 26.6 0.8 -1.8
v 25.4 0.3 -2
v 25.4 0.4 -2
v 25.5 0.3 -2
v 25.5 0.4 -2
v 25.7 0.4 -2
v 25.7 0.5 -2
v 25.8 0.4 -2
v 25.8 0.5 -2
v 26.2 0.6 -2.3
v 26.2 0.7 -2.3
v 26.3 0.6 -2.3
v 26.3 0.7 -2.3
v 26.7 0.8 -2.3
v 26.7 0.9 -2.3
v 26.8 0.8 -2.3
v 26.8 0.9 -2.3
v 25 0.2 -2.6
v 25 0.3 -2.6
v 25.1 0.2 -2.6
v 25.1 0.3 -2.6
v 25.9 0.5 -2.7
v 25.9 0.6 -2.7
v 26 0.5 -2.7
v 26 0.6 -2.7
v 26.4 0.7 -2.9
v 26.4 0.8 -2.9
v 26.5 0.7 -2.9
v 26.5 0.8 -2.9
v 23.5 1.3 12.7
v 23.5 1.4 12.7
v 23.6 1.3 12.7
v 23.6 1.4 12.7
v 23.7 1.2 12.7
v 23.7 1.3 12.7
v 23.9 1.2 12.7
v 23.9 1.3 12.7
v 24.2 1.1 12.7
v 24.2 1.2 12.7
v 24.5 1.1 12.7
v 24.5 1.2 12.7
v 23.3 1.3 12.6
v 23.3 1.4 12.6
v 23.5 1.3 12.6
v 23.5 1.4 12.6
v 23.6 1.2 12.6
v 23.6 1.3 12.6
v 23.7 1.2 12.6
v 23.7 1.3 12.6
v 23.9 1.1 12.6
v 23.9 1.2 12.6
v 24.2 1.1 12.6
v 24.2 1.2 12.6
v 23.4 1.2 12.5
v 23.4 1.3 12.5
v 23.6 1.2 12.5
v 23.6 1.3 12.5
v 23.7 1.1 12.5
v 23.7 1.2 12.5
v 23.9 1.1 12.5
v 23.9 1.2 12.5
v 23.3 1.2 12.4
v 23.3 1.3 12.4
v 23.4 1.2 12.4
v 23.4 1.3 12.4
v 23.6 1.1 12.4
v 23.6 1.2 12.4
v 23.7 1.1 12.4
v 23.7 1.2 12.4
v 23.4 1.1 12.3
v 23.4 1.2 12.3
v 23.6 1.1 12.3
v 23.6 1.2 12.3
v 23.8 1 12.3
v 23.8 1.1 12.3
v 24.1 1 12.3
v 24.1 1.1 12.3
v 23.3 1.1 12.2
v 23.3 1.2 12.2
v 23.4 1.1 12.2
v 23.4 1.2 12.2
v 23.6 1 12.2
v 23.6 1.1 12.2
v 23.8 1 12.2
v 23.8 1.1 12.2
v 23.4 1 12.1
v 23.4 1.1 12.1
v 23.6 1 12.1
v 23.6 1.1 12.1
v 23.3 1 12
v 23.3 1.1 12
v 23.4 1 12
v 23.4 1.1 12
v 23.5 0.9 11.8
v 23.5 1 11.8
v 23.7 0.9 11.8
v 23.7 1 11.8
v 23.3 0.9 11.7
v 23.3 1 11.7
v 23.5 0.9 11.7
v 23.5 1 11.7
v 23.7 0.9 11.7
v 23.7 1 11.7
v 23.8 0.9 11.7
v 23.8 1 11.7
v 23.3 0.8 11.3
v 23.3 0.9 11.3
v 23.4 0.8 11.3
v 23.4 0.9 11.3
v 23.4 0.8 11.2
v 23.4 0.9 11.2
v 23.5 0.8 11.2
v 23.5 0.9 11.2
v 23.8 1.3 9.3
v 23.8 1.4 9.3
v 23.9 1.3 9.3
v 23.9 1.4 9.3
v 24.4 1.6 9.3
v 24.4 1.7 9.3
v 24.5 1.6 9.3
v 24.5 1.7 9.3
v 23.5 1.1 9.2
v 23.5 1.2 9.2
v 23.6 1.1 9.2
v 23.6 1.2 9.2
v 24 1.4 9.1
v 24 1.5 9.1
v 24.1 1.4 9.1
v 24.1 1.5 9.1
v 24.2 1.5 9.1
v 24.2 1.6 9.1
v 24.3 1.5 9.1
v 24.3 1.6 9.1
v 23.7 1.2 9
v 23.7 1.3 9
v 23.8 1.2 9
v 23.8 1.3 9
v 24.5 1.6 9
v 24.5 1.7 9
v 24.6 1.6 9
v 24.6 1.7 9
v 23.4 1 8.9
v 23.4 1.1 8.9
v 23.5 1 8.9
v 23.5 1.1 8.9
v 23.9 1.3 8.9
v 23.9 1.4 8.9
v 24 1.3 8.9
v 24 1.4 8.9
v 24.3 1.5 8.9
v 24.3 1.6 8.9
v 24.4 1.5 8.9
v 24.4 1.6 8.9
v 23.6 1.1 8.8
v 23.6 1.2 8.8
v 23.7 1.1 8.8
v 23.7 1.2 8.8
v 24.1 1.4 8.8
v 24.1 1.5 8.8
v 24.2 1.4 8.8
v 24.2 1.5 8.8
v 24.6 1.6 8.8
v 24.6 1.7 8.8
v 24.7 1.6 8.8
v 24.7 1.7 8.8
v 23.3 0.9 8.7
v 23.3 1 8.7
v 23.4 0.9 8.7
v 23.4 1 8.7
v 23.5 1 8.7
v 23.5 1.1 8.7
v 23.6 1 8.7
v 23.6 1.1 8.7
v 23.8 1.2 8.7
v 23.8 1.3 8.7
v 23.9 1.2 8.7
v 23.9 1.3 8.7
v 24 1.3 8.7
v 24 1.4 8.7
v 24.1 1.3 8.7
v 24.1 1.4 8.7
v 24.2 1.4 8.7
v 24.2 1.5 8.7
v 24.3 1.4 8.7
v 24.3 1.5 8.7
v 24.4 1.5 8.7
v 24.4 1.6 8.7
v 24.5 1.5 8.7
v 24.5 1.6 8.7
v 23.7 1.1 8.6
v 23.7 1.2 8.6
v 23.8 1.1 8.6
v 23.8 1.2 8.6
v 24.7 1.6 8.6
v 24.7 1.7 8.6
v 24.8 1.6 8.6
v 24.8 1.7 8.6
v 23.4 0.9 8.4
v 23.4 1 8.4
v 23.5 0.9 8.4
v 23.5 1 8.4
v 23.6 1 8.4
v 23.6 1.1 8.4
v 23.7 1 8.4
v 23.7 1.1 8.4
v 23.9 1.2 8.4
v 23.9 1.3 8.4
v 24 1.2 8.4
v 24 1.3 8.4
v 24.1 1.3 8.4
v 24.1 1.4 8.4
v 24.2 1.3 8.4
v 24.2 1.4 8.4
v 24.3 1.4 8.4
v 24.3 1.5 8.4
v 24.4 1.4 8.4
v 24.4 1.5 8.4
v 24.5 1.5 8.4
v 24.5 1.6 8.4
v 24.6 1.5 8.4
v 24.6 1.6 8.4
v 23.3 0.8 8.3
v 23.3 0.9 8.3
v 23.4 0.8 8.3
v 23.4 0.9 8.3
v 23.5 0.9 8.3
v 23.5 1 8.3
v 23.6 0.9 8.3
v 23.6 1 8.3
v 23.8 1.1 8.3
v 23.8 1.2 8.3
v 23.9 1.1 8.3
v 23.9 1.2 8.3
v 24 1.2 8.3
v 24 1.3 8.3
v 24.1 1.2 8.3
v 24.1 1.3 8.3
v 24.2 1.3 8.3
v 24.2 1.4 8.3
v 24.3 1.3 8.3
v 24.3 1.4 8.3
v 24.6 1.5 8.3
v 24.6 1.6 8.3
v 24.7 1.5 8.3
v 24.7 1.6 8.3
v 24.8 1.6 8.3
v 24.8 1.7 8.3
v 24.9 1.6 8.3
v 24.9 1.7 8.3
v 23.4 0.8 8.2
v 23.4 0.9 8.2
v 23.5 0.8 8.2
v 23.5 0.9 8.2
v 23.7 1 8.2
v 23.7 1.1 8.2
v 23.8 1 8.2
v 23.8 1.1 8.2
v 23.9 1.1 8.2
v 23.9 1.2 8.2
v 24 1.1 8.2
v 24 1.2 8.2
v 24.1 1.2 8.2
v 24.1 1.3 8.2
v 24.2 1.2 8.2
v 24.2 1.3 8.2
v 24.4 1.4 8.2
v 24.4 1.5 8.2
v 24.5 1.4 8.2
v 24.5 1.5 8.2
v 24.9 1.6 8.2
v 24.9 1.7 8.2
v 25 1.6 8.2
v 25 1.7 8.2
v 23.6 0.9 8.1
v 23.6 1 8.1
v 23.7 0.9 8.1
v 23.7 1 8.1
v 23.8 1 8.1
v 23.8 1.1 8.1
v 23.9 1 8.1
v 23.9 1.1 8.1
v 24 1.1 8.1
v 24 1.2 8.1
v 24.1 1.1 8.1
v 24.1 1.2 8.1
v 24.3 1.3 8.1
v 24.3 1.4 8.1
v 24.4 1.3 8.1
v 24.4 1.4 8.1
v 24.5 1.4 8.1
v 24.5 1.5 8.1
v 24.6 1.4 8.1
v 24.6 1.5 8.1
v 24.7 1.5 8.1
v 24.7 1.6 8.1
v 24.8 1.5 8.1
v 24.8 1.6 8.1
v 23.3 0.7 8
v 23.3 0.8 8
v 23.4 0.7 8
v 23.4 0.8 8
v 23.5 0.8 8
v 23.5 0.9 8
v 23.6 0.8 8
v 23.6 0.9 8
v 23.7 0.9 8
v 23.7 1 8
v 23.8 0.9 8
v 23.8 1 8
v 23.9 1 8
v 23.9 1.1 8
v 24 1 8
v 24 1.1 8
v 24.2 1.2 8
v 24.2 1.3 8
v 24.3 1.2 8
v 24.3 1.3 8
v 24.4 1.3 8
v 24.4 1.4 8
v 24.5 1.3 8
v 24.5 1.4 8
v 24.8 1.5 8
v 24.8 1.6 8
v 24.9 1.5 8
v 24.9 1.6 8
v 25 1.6 8
v 25 1.7 8
v 25.1 1.6 8
v 25.1 1.7 8
v 23.4 0.7 7.9
v 23.4 0.8 7.9
v 23.5 0.7 7.9
v 23.5 0.8 7.9
v 23.6 0.8 7.9
v 23.6 0.9 7.9
v 23.7 0.8 7.9
v 23.7 0.9 7.9
v 23.8 0.9 7.9
v 23.8 1 7.9
v 23.9 0.9 7.9
v 23.9 1 7.9
v 24.1 1.1 7.9
v 24.1 1.2 7.9
v 24.2 1.1 7.9
v 24.2 1.2 7.9
v 24.3 1.2 7.9
v 24.3 1.3 7.9
v 24.4 1.2 7.9
v 24.4 1.3 7.9
v 24.6 1.4 7.9
v 24.6 1.5 7.9
v 24.7 1.4 7.9
v 24.7 1.5 7.9
v 25.1 1.6 7.9
v 25.1 1.7 7.9
v 25.2 1.6 7.9
v 25.2 1.7 7.9
v 23.5 0.7 7.8
v 23.5 0.8 7.8
v 23.6 0.7 7.8
v 23.6 0.8 7.8
v 23.7 0.8 7.8
v 23.7 0.9 7.8
v 23.8 0.8 7.8
v 23.8 0.9 7.8
v 24 1 7.8
v 24 1.1 7.8
v 24.1 1 7.8
v 24.1 1.1 7.8
v 24.2 1.1 7.8
v 24.2 1.2 7.8
v 24.3 1.1 7.8
v 24.3 1.2 7.8
v 24.5 1.3 7.8
v 24.5 1.4 7.8
v 24.6 1.3 7.8
v 24.6 1.4 7.8
v 24.7 1.4 7.8
v 24.7 1.5 7.8
v 24.8 1.4 7.8
v 24.8 1.5 7.8
v 24.9 1.5 7.8
v 24.9 1.6 7.8
v 25 1.5 7.8
v 25 1.6 7.8
v 23.3 0.6 7.7
v 23.3 0.7 7.7
v 23.4 0.6 7.7
v 23.4 0.7 7.7
v 23.9 0.9 7.7
v 23.9 1 7.7
v 24 0.9 7.7
v 24 1 7.7
v 24.1 1 7.7
v 24.1 1.1 7.7
v 24.2 1 7.7
v 24.2 1.1 7.7
v 24.4 1.2 7.7
v 24.4 1.3 7.7
v 24.5 1.2 7.7
v 24.5 1.3 7.7
v 24.6 1.3 7.7
v 24.6 1.4 7.7
v 24.7 1.3 7.7
v 24.7 1.4 7.7
v 25.2 1.6 7.7
v 25.2 1.7 7.7
v 25.3 1.6 7.7
v 25.3 1.7 7.7
v 23.4 0.6 7.6
v 23.4 0.7 7.6
v 23.5 0.6 7.6
v 23.5 0.7 7.6
v 23.6 0.7 7.6
v 23.6 0.8 7.6
v 23.7 0.7 7.6
v 23.7 0.8 7.6
v 23.8 0.8 7.6
v 23.8 0.9 7.6
v 23.9 0.8 7.6
v 23.9 0.9 7.6
v 24 0.9 7.6
v 24 1 7.6
v 24.1 0.9 7.6
v 24.1 1 7.6
v 24.3 1.1 7.6
v 24.3 1.2 7.6
v 24.4 1.1 7.6
v 24.4 1.2 7.6
v 24.8 1.4 7.6
v 24.8 1.5 7.6
v 24.9 1.4 7.6
v 24.9 1.5 7.6
v 25 1.5 7.6
v 25 1.6 7.6
v 25.1 1.5 7.6
v 25.1 1.6 7.6
v 23.7 0.7 7.5
v 23.7 0.8 7.5
v 23.8 0.7 7.5
v 23.8 0.8 7.5
v 24.2 1 7.5
v 24.2 1.1 7.5
v 24.3 1 7.5
v 24.3 1.1 7.5
v 24.5 1.2 7.5
v 24.5 1.3 7.5
v 24.6 1.2 7.5
v 24.6 1.3 7.5
v 24.7 1.3 7.5
v 24.7 1.4 7.5
v 24.8 1.3 7.5
v 24.8 1.4 7.5
v 23.5 0.6 7.4
v 23.5 0.7 7.4
v 23.6 0.6 7.4
v 23.6 0.7 7.4
v 23.9 0.8 7.4
v 23.9 0.9 7.4
v 24 0.8 7.4
v 24 0.9 7.4
v 24.1 0.9 7.4
v 24.1 1 7.4
v 24.2 0.9 7.4
v 24.2 1 7.4
v 24.4 1.1 7.4
v 24.4 1.2 7.4
v 24.5 1.1 7.4
v 24.5 1.2 7.4
v 24.9 1.4 7.4
v 24.9 1.5 7.4
v 25 1.4 7.4
v 25 1.5 7.4
v 25.3 1.6 7.4
v 25.3 1.7 7.4
v 25.4 1.6 7.4
v 25.4 1.7 7.4
v 23.3 0.5 7.3
v 23.3 0.6 7.3
v 23.4 0.5 7.3
v 23.4 0.6 7.3
v 23.8 0.7 7.3
v 23.8 0.8 7.3
v 23.9 0.7 7.3
v 23.9 0.8 7.3
v 24.3 1 7.3
v 24.3 1.1 7.3
v 24.4 1 7.3
v 24.4 1.1 7.3
v 24.6 1.2 7.3
v 24.6 1.3 7.3
v 24.7 1.2 7.3
v 24.7 1.3 7.3
v 25.1 1.5 7.3
v 25.1 1.6 7.3
v 25.2 1.5 7.3
v 25.2 1.6 7.3
v 23.6 0.6 7.2
v 23.6 0.7 7.2
v 23.7 0.6 7.2
v 23.7 0.7 7.2
v 24 0.8 7.2
v 24 0.9 7.2
v 24.1 0.8 7.2
v 24.1 0.9 7.2
v 24.8 1.3 7.2
v 24.8 1.4 7.2
v 24.9 1.3 7.2
v 24.9 1.4 7.2
v 23.4 0.5 7.1
v 23.4 0.6 7.1
v 23.5 0.5 7.1
v 23.5 0.6 7.1
v 24.2 0.9 7.1
v 24.2 1 7.1
v 24.3 0.9 7.1
v 24.3 1 7.1
v 24.5 1.1 7.1
v 24.5 1.2 7.1
v 24.6 1.1 7.1
v 24.6 1.2 7.1
v 23.7 0.6 7
v 23.7 0.7 7
v 23.8 0.6 7
v 23.8 0.7 7
v 23.9 0.7 7
v 23.9 0.8 7
v 24 0.7 7
v 24 0.8 7
v 24.1 0.8 6.9
v 24.1 0.9 6.9
v 24.2 0.8 6.9
v 24.2 0.9 6.9
v 24.4 1 6.9
v 24.4 1.1 6.9
v 24.5 1 6.9
v 24.5 1.1 6.9
v 25 1.4 6.9
v 25 1.5 6.9
v 25.1 1.4 6.9
v 25.1 1.5 6.9
v 25.4 1.6 6.9
v 25.4 1.7 6.9
v 25.5 1.6 6.9
v 25.5 1.7 6.9
v 23.5 0.5 6.7
v 23.5 0.6 6.7
v 23.6 0.5 6.7
v 23.6 0.6 6.7
v 24.7 1.2 6.7
v 24.7 1.3 6.7
v 24.8 1.2 6.7
v 24.8 1.3 6.7
v 23.3 0.4 6
v 23.3 0.5 6
v 23.4 0.4 6
v 23.4 0.5 6
v 23.7 0.6 4.9
v 23.7 0.7 4.9
v 23.8 0.6 4.9
v 23.8 0.7 4.9
v 24.3 1 4.8
v 24.3 1.1 4.8
v 24.4 1 4.8
v 24.4 1.1 4.8
v 24.6 1.2 4.7
v 24.6 1.3 4.7
v 24.7 1.2 4.7
v 24.7 1.3 4.7
v 24.9 1.4 4.7
v 24.9 1.5 4.7
v 25 1.4 4.7
v 25 1.5 4.7
v 25.3 1.6 4.7
v 25.3 1.7 4.7
v 25.4 1.6 4.7
v 25.4 1.7 4.7
v 23.9 0.7 4.6
v 23.9 0.8 4.6
v 24 0.7 4.6
v 24 0.8 4.6
v 24.2 0.9 4.6
v 24.2 1 4.6
v 24.3 0.9 4.6
v 24.3 1 4.6
v 25.1 1.5 4.6
v 25.1 1.6 4.6
v 25.2 1.5 4.6
v 25.2 1.6 4.6
v 24.5 1.1 4.5
v 24.5 1.2 4.5
v 24.6 1.1 4.5
v 24.6 1.2 4.5
v 24.8 1.3 4.5
v 24.8 1.4 4.5
v 24.9 1.3 4.5
v 24.9 1.4 4.5
v 23.6 0.5 4.4
v 23.6 0.6 4.4
v 23.7 0.5 4.4
v 23.7 0.6 4.4
v 24.1 0.8 4.4
v 24.1 0.9 4.4
v 24.2 0.8 4.4
v 24.2 0.9 4.4
v 24.4 1 4.4
v 24.4 1.1 4.4
v 24.5 1 4.4
v 24.5 1.1 4.4
v 24.7 1.2 4.4
v 24.7 1.3 4.4
v 24.8 1.2 4.4
v 24.8 1.3 4.4
v 25 1.4 4.4
v 25 1.5 4.4
v 25.1 1.4 4.4
v 25.1 1.5 4.4
v 25.2 1.5 4.4
v 25.2 1.6 4.4
v 25.3 1.5 4.4
v 25.3 1.6 4.4
v 25.4 1.6 4.4
v 25.4 1.7 4.4
v 25.5 1.6 4.4
v 25.5 1.7 4.4
v 23.4 0.4 4.3
v 23.4 0.5 4.3
v 23.5 0.4 4.3
v 23.5 0.5 4.3
v 23.8 0.6 4.3
v 23.8 0.7 4.3
v 23.9 0.6 4.3
v 23.9 0.7 4.3
v 24 0.7 4.3
v 24 0.8 4.3
v 24.1 0.7 4.3
v 24.1 0.8 4.3
v 24.3 0.9 4.3
v 24.3 1 4.3
v 24.4 0.9 4.3
v 24.4 1 4.3
v 24.6 1.1 4.3
v 24.6 1.2 4.3
v 24.7 1.1 4.3
v 24.7 1.2 4.3
v 24.9 1.3 4.3
v 24.9 1.4 4.3
v 25 1.3 4.3
v 25 1.4 4.3
v 24.2 0.8 4.2
v 24.2 0.9 4.2
v 24.3 0.8 4.2
v 24.3 0.9 4.2
v 24.5 1 4.2
v 24.5 1.1 4.2
v 24.6 1 4.2
v 24.6 1.1 4.2
v 24.8 1.2 4.2
v 24.8 1.3 4.2
v 24.9 1.2 4.2
v 24.9 1.3 4.2
v 25.1 1.4 4.2
v 25.1 1.5 4.2
v 25.2 1.4 4.2
v 25.2 1.5 4.2
v 25.3 1.5 4.2
v 25.3 1.6 4.2
v 25.4 1.5 4.2
v 25.4 1.6 4.2
v 25.5 1.6 4.2
v 25.5 1.7 4.2
v 25.6 1.6 4.2
v 25.6 1.7 4.2
v 23.5 0.4 4.1
v 23.5 0.5 4.1
v 23.6 0.4 4.1
v 23.6 0.5 4.1
v 23.7 0.5 4.1
v 23.7 0.6 4.1
v 23.8 0.5 4.1
v 23.8 0.6 4.1
v 23.9 0.6 4.1
v 23.9 0.7 4.1
v 24 0.6 4.1
v 24 0.7 4.1
v 24.1 0.7 4.1
v 24.1 0.8 4.1
v 24.2 0.7 4.1
v 24.2 0.8 4.1
v 24.4 0.9 4.1
v 24.4 1 4.1
v 24.5 0.9 4.1
v 24.5 1 4.1
v 24.7 1.1 4.1
v 24.7 1.2 4.1
v 24.8 1.1 4.1
v 24.8 1.2 4.1
v 25 1.3 4.1
v 25 1.4 4.1
v 25.1 1.3 4.1
v 25.1 1.4 4.1
v 25.2 1.4 4.1
v 25.2 1.5 4.1
v 25.3 1.4 4.1
v 25.3 1.5 4.1
v 23.8 0.5 4
v 23.8 0.6 4
v 23.9 0.5 4
v 23.9 0.6 4
v 24 0.6 4
v 24 0.7 4
v 24.1 0.6 4
v 24.1 0.7 4
v 24.3 0.8 4
v 24.3 0.9 4
v 24.4 0.8 4
v 24.4 0.9 4
v 24.5 0.9 4
v 24.5 1 4
v 24.6 0.9 4
v 24.6 1 4
v 24.6 1.1 4
v 24.7 1 4
v 24.7 1.1 4
v 24.8 1.1 4
v 24.8 1.2 4
v 24.9 1.1 4
v 24.9 1.2 4
v 24.9 1.3 4
v 25 1.2 4
v 25 1.3 4
v 25.1 1.3 4
v 25.1 1.4 4
v 25.2 1.3 4
v 25.2 1.4 4
v 25.4 1.5 4
v 25.4 1.6 4
v 25.5 1.5 4
v 25.5 1.6 4
v 25.6 1.6 4
v 25.6 1.7 4
v 25.7 1.6 4
v 25.7 1.7 4
v 23.3 0.3 3.9
v 23.3 0.4 3.9
v 23.4 0.3 3.9
v 23.4 0.4 3.9
v 23.6 0.4 3.9
v 23.6 0.5 3.9
v 23.7 0.4 3.9
v 23.7 0.5 3.9
v 24.2 0.7 3.9
v 24.2 0.8 3.9
v 24.3 0.7 3.9
v 24.3 0.8 3.9
v 24.4 0.8 3.9
v 24.4 0.9 3.9
v 24.5 0.8 3.9
v 24.5 0.9 3.9
v 24.7 1 3.9
v 24.7 1.1 3.9
v 24.8 1 3.9
v 24.8 1.1 3.9
v 25 1.2 3.9
v 25 1.3 3.9
v 25.1 1.2 3.9
v 25.1 1.3 3.9
v 25.3 1.4 3.9
v 25.3 1.5 3.9
v 25.4 1.4 3.9
v 25.4 1.5 3.9
v 25.5 1.5 3.9
v 25.5 1.6 3.9
v 25.6 1.5 3.9
v 25.6 1.6 3.9
v 25.7 1.6 3.9
v 25.7 1.7 3.9
v 25.8 1.6 3.9
v 25.8 1.7 3.9
v 23.4 0.3 3.8
v 23.4 0.4 3.8
v 23.5 0.3 3.8
v 23.5 0.4 3.8
v 23.7 0.4 3.8
v 23.7 0.5 3.8
v 23.8 0.4 3.8
v 23.8 0.5 3.8
v 23.9 0.5 3.8
v 23.9 0.6 3.8
v 24 0.5 3.8
v 24 0.6 3.8
v 24.1 0.6 3.8
v 24.1 0.7 3.8
v 24.2 0.6 3.8
v 24.2 0.7 3.8
v 24.3 0.7 3.8
v 24.3 0.8 3.8
v 24.4 0.7 3.8
v 24.4 0.8 3.8
v 24.5 0.8 3.8
v 24.5 0.9 3.8
v 24.6 0.8 3.8
v 24.6 0.9 3.8
v 24.6 1 3.8
v 24.7 0.9 3.8
v 24.7 1 3.8
v 24.8 1 3.8
v 24.8 1.1 3.8
v 24.9 1 3.8
v 24.9 1.1 3.8
v 24.9 1.2 3.8
v 25 1.1 3.8
v 25 1.2 3.8
v 25.1 1.2 3.8
v 25.1 1.3 3.8
v 25.2 1.2 3.8
v 25.2 1.3 3.8
v 25.2 1.4 3.8
v 25.3 1.3 3.8
v 25.3 1.4 3.8
v 25.4 1.4 3.8
v 25.4 1.5 3.8
v 25.5 1.4 3.8
v 25.5 1.5 3.8
v 25.6 1.5 3.8
v 25.6 1.6 3.8
v 25.7 1.5 3.8
v 25.7 1.6 3.8
v 25.8 1.6 3.8
v 25.8 1.7 3.8
v 25.9 1.6 3.8
v 25.9 1.7 3.8
v 24 0.5 3.7
v 24 0.6 3.7
v 24.1 0.5 3.7
v 24.1 0.6 3.7
v 24.2 0.6 3.7
v 24.2 0.7 3.7
v 24.3 0.6 3.7
v 24.3 0.7 3.7
v 24.4 0.7 3.7
v 24.4 0.8 3.7
v 24.5 0.7 3.7
v 24.5 0.8 3.7
v 24.7 0.9 3.7
v 24.7 1 3.7
v 24.8 0.9 3.7
v 24.8 1 3.7
v 24.9 1 3.7
v 24.9 1.1 3.7
v 25 1 3.7
v 25 1.1 3.7
v 25 1.2 3.7
v 25.1 1.1 3.7
v 25.1 1.2 3.7
v 25.2 1.2 3.7
v 25.2 1.3 3.7
v 25.3 1.2 3.7
v 25.3 1.3 3.7
v 25.3 1.4 3.7
v 25.4 1.3 3.7
v 25.4 1.4 3.7
v 25.5 1.4 3.7
v 25.5 1.5 3.7
v 25.6 1.4 3.7
v 25.6 1.5 3.7
v 23.5 0.3 3.6
v 23.5 0.4 3.6
v 23.6 0.3 3.6
v 23.6 0.4 3.6
v 23.8 0.4 3.6
v 23.8 0.5 3.6
v 23.9 0.4 3.6
v 23.9 0.5 3.6
v 24.1 0.5 3.6
v 24.1 0.6 3.6
v 24.2 0.5 3.6
v 24.2 0.6 3.6
v 24.3 0.6 3.6
v 24.3 0.7 3.6
v 24.4 0.6 3.6
v 24.4 0.7 3.6
v 24.5 0.7 3.6
v 24.5 0.8 3.6
v 24.6 0.7 3.6
v 24.6 0.8 3.6
v 24.6 0.9 3.6
v 24.7 0.8 3.6
v 24.7 0.9 3.6
v 24.8 0.9 3.6
v 24.8 1 3.6
v 24.9 0.9 3.6
v 24.9 1 3.6
v 25 1 3.6
v 25 1.1 3.6
v 25.1 1 3.6
v 25.1 1.1 3.6
v 25.1 1.2 3.6
v 25.2 1.1 3.6
v 25.2 1.2 3.6
v 25.4 1.3 3.6
v 25.4 1.4 3.6
v 25.5 1.3 3.6
v 25.5 1.4 3.6
v 25.7 1.5 3.6
v 25.7 1.6 3.6
v 25.8 1.5 3.6
v 25.8 1.6 3.6
v 25.9 1.6 3.6
v 25.9 1.7 3.6
v 26 1.6 3.6
v 26 1.7 3.6
v 23.6 0.3 3.5
v 23.6 0.4 3.5
v 23.7 0.3 3.5
v 23.7 0.4 3.5
v 23.9 0.4 3.5
v 23.9 0.5 3.5
v 24 0.4 3.5
v 24 0.5 3.5
v 24.2 0.5 3.5
v 24.2 0.6 3.5
v 24.3 0.5 3.5
v 24.3 0.6 3.5
v 24.4 0.6 3.5
v 24.4 0.7 3.5
v 24.5 0.6 3.5
v 24.5 0.7 3.5
v 24.6 0.7 3.5
v 24.6 0.8 3.5
v 24.7 0.7 3.5
v 24.7 0.8 3.5
v 24.7 0.9 3.5
v 24.8 0.8 3.5
v 24.8 0.9 3.5
v 24.9 0.9 3.5
v 24.9 1 3.5
v 25 0.9 3.5
v 25 1 3.5
v 25.2 1.1 3.5
v 25.2 1.2 3.5
v 25.3 1.1 3.5
v 25.3 1.2 3.5
v 25.3 1.3 3.5
v 25.4 1.2 3.5
v 25.4 1.3 3.5
v 25.5 1.3 3.5
v 25.5 1.4 3.5
v 25.6 1.3 3.5
v 25.6 1.4 3.5
v 25.6 1.5 3.5
v 25.7 1.4 3.5
v 25.7 1.5 3.5
v 25.8 1.5 3.5
v 25.8 1.6 3.5
v 25.9 1.5 3.5
v 25.9 1.6 3.5
v 26 1.6 3.5
v 26 1.7 3.5
v 26.1 1.6 3.5
v 26.1 1.7 3.5
v 23.7 0.3 3.3
v 23.7 0.4 3.3
v 23.8 0.3 3.3
v 23.8 0.4 3.3
v 24 0.4 3.3
v 24 0.5 3.3
v 24.1 0.4 3.3
v 24.1 0.5 3.3
v 24.3 0.5 3.3
v 24.3 0.6 3.3
v 24.4 0.5 3.3
v 24.4 0.6 3.3
v 24.5 0.6 3.3
v 24.5 0.7 3.3
v 24.6 0.6 3.3
v 24.6 0.7 3.3
v 24.7 0.7 3.3
v 24.7 0.8 3.3
v 24.8 0.7 3.3
v 24.8 0.8 3.3
v 24.8 0.9 3.3
v 24.9 0.8 3.3
v 24.9 0.9 3.3
v 25 0.9 3.3
v 25 1 3.3
v 25.1 0.9 3.3
v 25.1 1 3.3
v 25.1 1.1 3.3
v 25.2 1 3.3
v 25.2 1.1 3.3
v 25.3 1.1 3.3
v 25.3 1.2 3.3
v 25.4 1.1 3.3
v 25.4 1.2 3.3
v 25.4 1.3 3.3
v 25.5 1.2 3.3
v 25.5 1.3 3.3
v 25.6 1.3 3.3
v 25.6 1.4 3.3
v 25.7 1.3 3.3
v 25.7 1.4 3.3
v 25.7 1.5 3.3
v 25.8 1.4 3.3
v 25.8 1.5 3.3
v 25.9 1.5 3.3
v 25.9 1.6 3.3
v 26 1.5 3.3
v 26 1.6 3.3
v 26.1 1.6 3.3
v 26.1 1.7 3.3
v 26.2 1.6 3.3
v 26.2 1.7 3.3
v 23.8 0.3 3.2
v 23.8 0.4 3.2
v 23.9 0.3 3.2
v 23.9 0.4 3.2
v 24.1 0.4 3.2
v 24.1 0.5 3.2
v 24.2 0.4 3.2
v 24.2 0.5 3.2
v 24.4 0.5 3.2
v 24.4 0.6 3.2
v 24.5 0.5 3.2
v 24.5 0.6 3.2
v 24.6 0.6 3.2
v 24.6 0.7 3.2
v 24.7 0.6 3.2
v 24.7 0.7 3.2
v 24.8 0.7 3.2
v 24.8 0.8 3.2
v 24.9 0.7 3.2
v 24.9 0.8 3.2
v 24.9 0.9 3.2
v 25 0.8 3.2
v 25 0.9 3.2
v 25.1 0.9 3.2
v 25.1 1 3.2
v 25.2 0.9 3.2
v 25.2 1 3.2
v 25.2 1.1 3.2
v 25.3 1 3.2
v 25.3 1.1 3.2
v 25.4 1.1 3.2
v 25.4 1.2 3.2
v 25.5 1.1 3.2
v 25.5 1.2 3.2
v 25.5 1.3 3.2
v 25.6 1.2 3.2
v 25.6 1.3 3.2
v 25.7 1.3 3.2
v 25.7 1.4 3.2
v 25.8 1.3 3.2
v 25.8 1.4 3.2
v 25.8 1.5 3.2
v 25.9 1.4 3.2
v 25.9 1.5 3.2
v 26 1.5 3.2
v 26 1.6 3.2
v 26.1 1.5 3.2
v 26.1 1.6 3.2
v 26.2 1.6 3.2
v 26.2 1.7 3.2
v 26.3 1.6 3.2
v 26.3 1.7 3.2
v 24.2 0.4 3.1
v 24.2 0.5 3.1
v 24.3 0.4 3.1
v 24.3 0.5 3.1
v 24.5 0.5 3.1
v 24.5 0.6 3.1
v 24.6 0.5 3.1
v 24.6 0.6 3.1
v 24.7 0.6 3.1
v 24.7 0.7 3.1
v 24.8 0.6 3.1
v 24.8 0.7 3.1
v 24.9 0.7 3.1
v 24.9 0.8 3.1
v 25 0.7 3.1
v 25 0.8 3.1
v 25 0.9 3.1
v 25.1 0.8 3.1
v 25.1 0.9 3.1
v 25.2 0.9 3.1
v 25.2 1 3.1
v 25.3 0.9 3.1
v 25.3 1 3.1
v 25.3 1.1 3.1
v 25.4 1 3.1
v 25.4 1.1 3.1
v 25.5 1.1 3.1
v 25.5 1.2 3.1
v 25.6 1.1 3.1
v 25.6 1.2 3.1
v 25.6 1.3 3.1
v 25.7 1.2 3.1
v 25.7 1.3 3.1
v 25.8 1.3 3.1
v 25.8 1.4 3.1
v 25.9 1.3 3.1
v 25.9 1.4 3.1
v 25.9 1.5 3.1
v 26 1.4 3.1
v 26 1.5 3.1
v 26.1 1.5 3.1
v 26.1 1.6 3.1
v 26.2 1.5 3.1
v 26.2 1.6 3.1
v 26.3 1.6 3.1
v 26.3 1.7 3.1
v 26.4 1.6 3.1
v 26.4 1.7 3.1
v 23.9 0.3 3
v 23.9 0.4 3
v 24 0.3 3
v 24 0.4 3
v 24.3 0.4 3
v 24.3 0.5 3
v 24.4 0.4 3
v 24.4 0.5 3
v 24.6 0.5 3
v 24.6 0.6 3
v 24.7 0.5 3
v 24.7 0.6 3
v 24.8 0.6 3
v 24.8 0.7 3
v 24.9 0.6 3
v 24.9 0.7 3
v 25 0.7 3
v 25 0.8 3
v 25.1 0.7 3
v 25.1 0.8 3
v 25.1 0.9 3
v 25.2 0.8 3
v 25.2 0.9 3
v 25.3 0.9 3
v 25.3 1 3
v 25.4 0.9 3
v 25.4 1 3
v 25.4 1.1 3
v 25.5 1 3
v 25.5 1.1 3
v 25.6 1.1 3
v 25.6 1.2 3
v 25.7 1.1 3
v 25.7 1.2 3
v 25.7 1.3 3
v 25.8 1.2 3
v 25.8 1.3 3
v 26 1.4 3
v 26 1.5 3
v 26.1 1.4 3
v 26.1 1.5 3
v 24.4 0.4 2.9
v 24.4 0.5 2.9
v 24.5 0.4 2.9
v 24.5 0.5 2.9
v 24.7 0.5 2.9
v 24.7 0.6 2.9
v 24.8 0.5 2.9
v 24.8 0.6 2.9
v 24.9 0.6 2.9
v 24.9 0.7 2.9
v 25 0.6 2.9
v 25 0.7 2.9
v 25.1 0.7 2.9
v 25.1 0.8 2.9
v 25.2 0.7 2.9
v 25.2 0.8 2.9
v 25.2 0.9 2.9
v 25.3 0.8 2.9
v 25.3 0.9 2.9
v 25.4 0.9 2.9
v 25.4 1 2.9
v 25.5 0.9 2.9
v 25.5 1 2.9
v 25.5 1.1 2.9
v 25.6 1 2.9
v 25.6 1.1 2.9
v 25.7 1.1 2.9
v 25.7 1.2 2.9
v 25.8 1.1 2.9
v 25.8 1.2 2.9
v 25.8 1.3 2.9
v 25.9 1.2 2.9
v 25.9 1.3 2.9
v 25.9 1.4 2.9
v 26 1.3 2.9
v 26 1.4 2.9
v 26.1 1.4 2.9
v 26.1 1.5 2.9
v 26.2 1.4 2.9
v 26.2 1.5 2.9
v 26.2 1.6 2.9
v 26.3 1.5 2.9
v 26.3 1.6 2.9
v 26.4 1.6 2.9
v 26.4 1.7 2.9
v 26.5 1.6 2.9
v 26.5 1.7 2.9
v 24 0.3 2.8
v 24 0.4 2.8
v 24.1 0.3 2.8
v 24.1 0.4 2.8
v 24.5 0.4 2.8
v 24.5 0.5 2.8
v 24.6 0.4 2.8
v 24.6 0.5 2.8
v 24.8 0.5 2.8
v 24.8 0.6 2.8
v 24.9 0.5 2.8
v 24.9 0.6 2.8
v 25 0.6 2.8
v 25 0.7 2.8
v 25.1 0.6 2.8
v 25.1 0.7 2.8
v 25.2 0.7 2.8
v 25.2 0.8 2.8
v 25.3 0.7 2.8
v 25.3 0.8 2.8
v 25.3 0.9 2.8
v 25.4 0.8 2.8
v 25.4 0.9 2.8
v 25.5 0.9 2.8
v 25.5 1 2.8
v 25.6 0.9 2.8
v 25.6 1 2.8
v 25.6 1.1 2.8
v 25.7 1 2.8
v 25.7 1.1 2.8
v 25.9 1.2 2.8
v 25.9 1.3 2.8
v 26 1.2 2.8
v 26 1.3 2.8
v 26 1.4 2.8
v 26.1 1.3 2.8
v 26.1 1.4 2.8
v 26.2 1.4 2.8
v 26.2 1.5 2.8
v 26.3 1.4 2.8
v 26.3 1.5 2.8
v 26.3 1.6 2.8
v 26.4 1.5 2.8
v 26.4 1.6 2.8
v 26.5 1.6 2.8
v 26.5 1.7 2.8
v 26.6 1.6 2.8
v 26.6 1.7 2.8
v 24.6 0.4 2.7
v 24.6 0.5 2.7
v 24.7 0.4 2.7
v 24.7 0.5 2.7
v 24.9 0.5 2.7
v 24.9 0.6 2.7
v 25 0.5 2.7
v 25 0.6 2.7
v 25.1 0.6 2.7
v 25.1 0.7 2.7
v 25.2 0.6 2.7
v 25.2 0.7 2.7
v 25.3 0.7 2.7
v 25.3 0.8 2.7
v 25.4 0.7 2.7
v 25.4 0.8 2.7
v 25.4 0.9 2.7
v 25.5 0.8 2.7
v 25.5 0.9 2.7
v 25.6 0.9 2.7
v 25.6 1 2.7
v 25.7 0.9 2.7
v 25.7 1 2.7
v 25.7 1.1 2.7
v 25.8 1 2.7
v 25.8 1.1 2.7
v 25.8 1.2 2.7
v 25.9 1.1 2.7
v 25.9 1.2 2.7
v 26 1.2 2.7
v 26 1.3 2.7
v 26.1 1.2 2.7
v 26.1 1.3 2.7
v 26.1 1.4 2.7
v 26.2 1.3 2.7
v 26.2 1.4 2.7
v 26.4 1.5 2.7
v 26.4 1.6 2.7
v 26.5 1.5 2.7
v 26.5 1.6 2.7
v 26.6 1.6 2.7
v 26.6 1.7 2.7
v 26.7 1.6 2.7
v 26.7 1.7 2.7
v 25.2 0.6 2.6
v 25.2 0.7 2.6
v 25.3 0.6 2.6
v 25.3 0.7 2.6
v 25.5 0.8 2.6
v 25.5 0.9 2.6
v 25.6 0.8 2.6
v 25.6 0.9 2.6
v 25.8 1 2.6
v 25.8 1.1 2.6
v 25.9 1 2.6
v 25.9 1.1 2.6
v 25.9 1.2 2.6
v 26 1.1 2.6
v 26 1.2 2.6
v 26.2 1.3 2.6
v 26.2 1.4 2.6
v 26.3 1.3 2.6
v 26.3 1.4 2.6
v 26.3 1.5 2.6
v 26.4 1.4 2.6
v 26.4 1.5 2.6
v 26.5 1.5 2.6
v 26.5 1.6 2.6
v 26.6 1.5 2.6
v 26.6 1.6 2.6
v 26.7 1.6 2.6
v 26.7 1.7 2.6
v 26.8 1.6 2.6
v 26.8 1.7 2.6
v 24.7 0.4 2.5
v 24.7 0.5 2.5
v 24.8 0.4 2.5
v 24.8 0.5 2.5
v 25 0.5 2.5
v 25 0.6 2.5
v 25.1 0.5 2.5
v 25.1 0.6 2.5
v 25.3 0.6 2.5
v 25.3 0.7 2.5
v 25.4 0.6 2.5
v 25.4 0.7 2.5
v 25.4 0.8 2.5
v 25.5 0.7 2.5
v 25.5 0.8 2.5
v 25.6 0.8 2.5
v 25.6 0.9 2.5
v 25.7 0.8 2.5
v 25.7 0.9 2.5
v 25.7 1 2.5
v 25.8 0.9 2.5
v 25.8 1 2.5
v 25.9 1 2.5
v 25.9 1.1 2.5
v 26 1 2.5
v 26 1.1 2.5
v 26 1.2 2.5
v 26.1 1.1 2.5
v 26.1 1.2 2.5
v 26.1 1.3 2.5
v 26.2 1.2 2.5
v 26.2 1.3 2.5
v 26.3 1.3 2.5
v 26.3 1.4 2.5
v 26.4 1.3 2.5
v 26.4 1.4 2.5
v 26.4 1.5 2.5
v 26.5 1.4 2.5
v 26.5 1.5 2.5
v 24.8 0.4 2.4
v 24.8 0.5 2.4
v 24.9 0.4 2.4
v 24.9 0.5 2.4
v 25.1 0.5 2.4
v 25.1 0.6 2.4
v 25.2 0.5 2.4
v 25.2 0.6 2.4
v 25.5 0.7 2.4
v 25.5 0.8 2.4
v 25.6 0.7 2.4
v 25.6 0.8 2.4
v 25.7 0.8 2.4
v 25.7 0.9 2.4
v 25.8 0.8 2.4
v 25.8 0.9 2.4
v 25.8 1 2.4
v 25.9 0.9 2.4
v 25.9 1 2.4
v 26.1 1.1 2.4
v 26.1 1.2 2.4
v 26.2 1.1 2.4
v 26.2 1.2 2.4
v 26.2 1.3 2.4
v 26.3 1.2 2.4
v 26.3 1.3 2.4
v 26.5 1.4 2.4
v 26.5 1.5 2.4
v 26.6 1.4 2.4
v 26.6 1.5 2.4
v 26.6 1.6 2.4
v 26.7 1.5 2.4
v 26.7 1.6 2.4
v 26.8 1.6 2.4
v 26.8 1.7 2.4
v 26.9 1.6 2.4
v 26.9 1.7 2.4
v 25.2 0.5 2.3
v 25.2 0.6 2.3
v 25.3 0.5 2.3
v 25.3 0.6 2.3
v 25.4 0.6 2.3
v 25.4 0.7 2.3
v 25.5 0.6 2.3
v 25.5 0.7 2.3
v 25.6 0.7 2.3
v 25.6 0.8 2.3
v 25.7 0.7 2.3
v 25.7 0.8 2.3
v 25.9 0.9 2.3
v 25.9 1 2.3
v 26 0.9 2.3
v 26 1 2.3
v 26 1.1 2.3
v 26.1 1 2.3
v 26.1 1.1 2.3
v 26.3 1.2 2.3
v 26.3 1.3 2.3
v 26.4 1.2 2.3
v 26.4 1.3 2.3
v 26.4 1.4 2.3
v 26.5 1.3 2.3
v 26.5 1.4 2.3
v 26.7 1.5 2.3
v 26.7 1.6 2.3
v 26.8 1.5 2.3
v 26.8 1.6 2.3
v 26.9 1.6 2.3
v 26.9 1.7 2.3
v 27 1.6 2.3
v 27 1.7 2.3
v 25.5 0.6 2.2
v 25.5 0.7 2.2
v 25.6 0.6 2.2
v 25.6 0.7 2.2
v 25.7 0.7 2.2
v 25.7 0.8 2.2
v 25.8 0.7 2.2
v 25.8 0.8 2.2
v 25.8 0.9 2.2
v 25.9 0.8 2.2
v 25.9 0.9 2.2
v 26 0.9 2.2
v 26 1 2.2
v 26.1 0.9 2.2
v 26.1 1 2.2
v 26.1 1.1 2.2
v 26.2 1 2.2
v 26.2 1.1 2.2
v 26.2 1.2 2.2
v 26.3 1.1 2.2
v 26.3 1.2 2.2
v 26.5 1.3 2.2
v 26.5 1.4 2.2
v 26.6 1.3 2.2
v 26.6 1.4 2.2
v 26.6 1.5 2.2
v 26.7 1.4 2.2
v 26.7 1.5 2.2
v 26.8 1.5 2.2
v 26.8 1.6 2.2
v 26.9 1.5 2.2
v 26.9 1.6 2.2
v 24.9 0.4 2.1
v 24.9 0.5 2.1
v 25 0.4 2.1
v 25 0.5 2.1
v 25.3 0.5 2.1
v 25.3 0.6 2.1
v 25.4 0.5 2.1
v 25.4 0.6 2.1
v 25.9 0.8 2.1
v 25.9 0.9 2.1
v 26 0.8 2.1
v 26 0.9 2.1
v 26.2 1 2.1
v 26.2 1.1 2.1
v 26.3 1 2.1
v 26.3 1.1 2.1
v 26.3 1.2 2.1
v 26.4 1.1 2.1
v 26.4 1.2 2.1
v 26.4 1.3 2.1
v 26.5 1.2 2.1
v 26.5 1.3 2.1
v 26.7 1.4 2.1
v 26.7 1.5 2.1
v 26.8 1.4 2.1
v 26.8 1.5 2.1
v 27 1.6 2.1
v 27 1.7 2.1
v 27.1 1.6 2.1
v 27.1 1.7 2.1
v 25.4 0.5 2
v 25.4 0.6 2
v 25.5 0.5 2
v 25.5 0.6 2
v 25.6 0.6 2
v 25.6 0.7 2
v 25.7 0.6 2
v 25.7 0.7 2
v 25.8 0.7 2
v 25.8 0.8 2
v 25.9 0.7 2
v 25.9 0.8 2
v 26 0.8 2
v 26 0.9 2
v 26.1 0.8 2
v 26.1 0.9 2
v 26.1 1 2
v 26.2 0.9 2
v 26.2 1 2
v 26.4 1.1 2
v 26.4 1.2 2
v 26.5 1.1 2
v 26.5 1.2 2
v 26.5 1.3 2
v 26.6 1.2 2
v 26.6 1.3 2
v 26.6 1.4 2
v 26.7 1.3 2
v 26.7 1.4 2
v 26.9 1.5 2
v 26.9 1.6 2
v 27 1.5 2
v 27 1.6 2
v 27.1 1.6 2
v 27.1 1.7 2
v 27.2 1.6 2
v 27.2 1.7 2
v 25.7 0.6 1.9
v 25.7 0.7 1.9
v 25.8 0.6 1.9
v 25.8 0.7 1.9
v 25.9 0.7 1.9
v 25.9 0.8 1.9
v 26 0.7 1.9
v 26 0.8 1.9
v 26.2 0.9 1.9
v 26.2 1 1.9
v 26.3 0.9 1.9
v 26.3 1 1.9
v 26.3 1.1 1.9
v 26.4 1 1.9
v 26.4 1.1 1.9
v 26.7 1.3 1.9
v 26.7 1.4 1.9
v 26.8 1.3 1.9
v 26.8 1.4 1.9
v 26.8 1.5 1.9
v 26.9 1.4 1.9
v 26.9 1.5 1.9
v 27 1.5 1.9
v 27 1.6 1.9
v 27.1 1.5 1.9
v 27.1 1.6 1.9
v 25.5 0.5 1.8
v 25.5 0.6 1.8
v 25.6 0.5 1.8
v 25.6 0.6 1.8
v 26.1 0.8 1.8
v 26.1 0.9 1.8
v 26.2 0.8 1.8
v 26.2 0.9 1.8
v 26.4 1 1.8
v 26.4 1.1 1.8
v 26.5 1 1.8
v 26.5 1.1 1.8
v 26.5 1.2 1.8
v 26.6 1.1 1.8
v 26.6 1.2 1.8
v 26.6 1.3 1.8
v 26.7 1.2 1.8
v 26.7 1.3 1.8
v 26.9 1.4 1.8
v 26.9 1.5 1.8
v 27 1.4 1.8
v 27 1.5 1.8
v 27.2 1.6 1.8
v 27.2 1.7 1.8
v 27.3 1.6 1.8
v 27.3 1.7 1.8
v 25.8 0.6 1.6
v 25.8 0.7 1.6
v 25.9 0.6 1.6
v 25.9 0.7 1.6
v 26 0.7 1.6
v 26 0.8 1.6
v 26.1 0.7 1.6
v 26.1 0.8 1.6
v 26.3 0.9 1.6
v 26.3 1 1.6
v 26.4 0.9 1.6
v 26.4 1 1.6
v 26.7 1.2 1.6
v 26.7 1.3 1.6
v 26.8 1.2 1.6
v 26.8 1.3 1.6
v 26.8 1.4 1.6
v 26.9 1.3 1.6
v 26.9 1.4 1.6
v 27.1 1.5 1.6
v 27.1 1.6 1.6
v 27.2 1.5 1.6
v 27.2 1.6 1.6
v 27.3 1.6 1.6
v 27.3 1.7 1.6
v 27.4 1.6 1.6
v 27.4 1.7 1.6
v 25.6 0.5 1.5
v 25.6 0.6 1.5
v 25.7 0.5 1.5
v 25.7 0.6 1.5
v 26.2 0.8 1.5
v 26.2 0.9 1.5
v 26.3 0.8 1.5
v 26.3 0.9 1.5
v 26.5 1 1.5
v 26.5 1.1 1.5
v 26.6 1 1.5
v 26.6 1.1 1.5
v 26.6 1.2 1.5
v 26.7 1.1 1.5
v 26.7 1.2 1.5
v 26.9 1.3 1.5
v 26.9 1.4 1.5
v 27 1.3 1.5
v 27 1.4 1.5
v 27 1.5 1.5
v 27.1 1.4 1.5
v 27.1 1.5 1.5
v 25.9 0.6 1.4
v 25.9 0.7 1.4
v 26 0.6 1.4
v 26 0.7 1.4
v 26.1 0.7 1.4
v 26.1 0.8 1.4
v 26.2 0.7 1.4
v 26.2 0.8 1.4
v 26.4 0.9 1.4
v 26.4 1 1.4
v 26.5 0.9 1.4
v 26.5 1 1.4
v 26.8 1.2 1.4
v 26.8 1.3 1.4
v 26.9 1.2 1.4
v 26.9 1.3 1.4
v 27.2 1.5 1.4
v 27.2 1.6 1.4
v 27.3 1.5 1.4
v 27.3 1.6 1.4
v 27.4 1.6 1.4
v 27.4 1.7 1.4
v 27.5 1.6 1.4
v 27.5 1.7 1.4
v 25.7 0.5 1.3
v 25.7 0.6 1.3
v 25.8 0.5 1.3
v 25.8 0.6 1.3
v 26.3 0.8 1.3
v 26.3 0.9 1.3
v 26.4 0.8 1.3
v 26.4 0.9 1.3
v 26.6 1 1.3
v 26.6 1.1 1.3
v 26.7 1 1.3
v 26.7 1.1 1.3
v 26.7 1.2 1.3
v 26.8 1.1 1.3
v 26.8 1.2 1.3
v 27 1.3 1.3
v 27 1.4 1.3
v 27.1 1.3 1.3
v 27.1 1.4 1.3
v 27.1 1.5 1.3
v 27.2 1.4 1.3
v 27.2 1.5 1.3
v 26 0.6 1.2
v 26 0.7 1.2
v 26.1 0.6 1.2
v 26.1 0.7 1.2
v 26.2 0.7 1.2
v 26.2 0.8 1.2
v 26.3 0.7 1.2
v 26.3 0.8 1.2
v 26.5 0.9 1.2
v 26.5 1 1.2
v 26.6 0.9 1.2
v 26.6 1 1.2
v 26.9 1.2 1.2
v 26.9 1.3 1.2
v 27 1.2 1.2
v 27 1.3 1.2
v 27.3 1.5 1.2
v 27.3 1.6 1.2
v 27.4 1.5 1.2
v 27.4 1.6 1.2
v 27.5 1.6 1.2
v 27.5 1.7 1.2
v 27.6 1.6 1.2
v 27.6 1.7 1.2
v 26.4 0.8 1.1
v 26.4 0.9 1.1
v 26.5 0.8 1.1
v 26.5 0.9 1.1
v 26.7 1 1.1
v 26.7 1.1 1.1
v 26.8 1 1.1
v 26.8 1.1 1.1
v 26.8 1.2 1.1
v 26.9 1.1 1.1
v 26.9 1.2 1.1
v 27.1 1.3 1.1
v 27.1 1.4 1.1
v 27.2 1.3 1.1
v 27.2 1.4 1.1
v 27.2 1.5 1.1
v 27.3 1.4 1.1
v 27.3 1.5 1.1
v 25.1 0.4 1
v 25.1 0.5 1
v 25.3 0.4 1
v 25.3 0.5 1
v 25.8 0.5 1
v 25.8 0.6 1
v 25.9 0.5 1
v 25.9 0.6 1
v 26.6 0.9 1
v 26.6 1 1
v 26.7 0.9 1
v 26.7 1 1
v 27 1.2 1
v 27 1.3 1
v 27.1 1.2 1
v 27.1 1.3 1
v 27.4 1.5 1
v 27.4 1.6 1
v 27.5 1.5 1
v 27.5 1.6 1
v 27.6 1.6 1
v 27.6 1.7 1
v 27.7 1.6 1
v 27.7 1.7 1
v 25 0.4 0.900001
v 25 0.5 0.900001
v 25.1 0.4 0.900001
v 25.1 0.5 0.900001
v 25.3 0.4 0.900001
v 25.3 0.5 0.900001
v 25.4 0.4 0.900001
v 25.4 0.5 0.900001
v 26.1 0.6 0.900001
v 26.1 0.7 0.900001
v 26.2 0.6 0.900001
v 26.2 0.7 0.900001
v 26.3 0.7 0.900001
v 26.3 0.8 0.900001
v 26.4 0.7 0.900001
v 26.4 0.8 0.900001
v 26.9 1.1 0.900001
v 26.9 1.2 0.900001
v 27 1.1 0.900001
v 27 1.2 0.900001
v 27.3 1.4 0.900001
v 27.3 1.5 0.900001
v 27.4 1.4 0.900001
v 27.4 1.5 0.900001
v 24.2 0.6 0.8
v 24.2 0.7 0.8
v 24.3 0.6 0.8
v 24.3 0.7 0.8
v 25.4 0.4 0.8
v 25.4 0.5 0.8
v 25.5 0.4 0.8
v 25.5 0.5 0.8
v 26.5 0.8 0.8
v 26.5 0.9 0.8
v 26.6 0.8 0.8
v 26.6 0.9 0.8
v 26.8 1 0.8
v 26.8 1.1 0.8
v 26.9 1 0.8
v 26.9 1.1 0.8
v 27.1 1.2 0.8
v 27.1 1.3 0.8
v 27.2 1.2 0.8
v 27.2 1.3 0.8
v 27.2 1.4 0.8
v 27.3 1.3 0.8
v 27.3 1.4 0.8
v 27.5 1.5 0.8
v 27.5 1.6 0.8
v 27.6 1.5 0.8
v 27.6 1.6 0.8
v 27.7 1.6 0.8
v 27.7 1.7 0.8
v 27.8 1.6 0.8
v 27.8 1.7 0.8
v 24 0.7 0.700001
v 24 0.8 0.700001
v 24.1 0.7 0.700001
v 24.1 0.8 0.700001
v 24.9 0.4 0.700001
v 24.9 0.5 0.700001
v 25 0.4 0.700001
v 25 0.5 0.700001
v 25.9 0.5 0.700001
v 25.9 0.6 0.700001
v 26 0.5 0.700001
v 26 0.6 0.700001
v 26.7 0.9 0.700001
v 26.7 1 0.700001
v 26.8 0.9 0.700001
v 26.8 1 0.700001
v 27.4 1.4 0.700001
v 27.4 1.5 0.700001
v 27.5 1.4 0.700001
v 27.5 1.5 0.700001
v 24.4 0.5 0.6
v 24.4 0.6 0.6
v 24.5 0.5 0.6
v 24.5 0.6 0.6
v 24.8 0.4 0.6
v 24.8 0.5 0.6
v 24.9 0.4 0.6
v 24.9 0.5 0.6
v 25.5 0.4 0.6
v 25.5 0.5 0.6
v 25.6 0.4 0.6
v 25.6 0.5 0.6
v 26.4 0.7 0.6
v 26.4 0.8 0.6
v 26.5 0.7 0.6
v 26.5 0.8 0.6
v 27 1.1 0.6
v 27 1.2 0.6
v 27.1 1.1 0.6
v 27.1 1.2 0.6
v 27.3 1.3 0.6
v 27.3 1.4 0.6
v 27.4 1.3 0.6
v 27.4 1.4 0.6
v 27.6 1.5 0.6
v 27.6 1.6 0.6
v 27.7 1.5 0.6
v 27.7 1.6 0.6
v 27.8 1.6 0.6
v 27.8 1.7 0.6
v 27.9 1.6 0.6
v 27.9 1.7 0.6
v 26.2 0.6 0.5
v 26.2 0.7 0.5
v 26.3 0.6 0.5
v 26.3 0.7 0.5
v 26.6 0.8 0.5
v 26.6 0.9 0.5
v 26.7 0.8 0.5
v 26.7 0.9 0.5
v 26.9 1 0.5
v 26.9 1.1 0.5
v 27 1 0.5
v 27 1.1 0.5
v 27.2 1.2 0.5
v 27.2 1.3 0.5
v 27.3 1.2 0.5
v 27.3 1.3 0.5
v 27.5 1.4 0.5
v 27.5 1.5 0.5
v 27.6 1.4 0.5
v 27.6 1.5 0.5
v 23.3 1.2 0.400001
v 23.3 1.3 0.400001
v 23.4 1.2 0.400001
v 23.4 1.3 0.400001
v 23.8 0.8 0.400001
v 23.8 0.9 0.400001
v 23.9 0.8 0.400001
v 23.9 0.9 0.400001
v 24.7 0.4 0.400001
v 24.7 0.5 0.400001
v 24.8 0.4 0.400001
v 24.8 0.5 0.400001
v 25.6 0.4 0.400001
v 25.6 0.5 0.400001
v 25.7 0.4 0.400001
v 25.7 0.5 0.400001
v 27.7 1.5 0.400001
v 27.7 1.6 0.400001
v 27.8 1.5 0.400001
v 27.8 1.6 0.400001
v 23.4 1.1 0.3
v 23.4 1.2 0.3
v 23.5 1.1 0.3
v 23.5 1.2 0.3
v 23.9 0.7 0.3
v 23.9 0.8 0.3
v 24 0.7 0.3
v 24 0.8 0.3
v 24.1 0.6 0.3
v 24.1 0.7 0.3
v 24.2 0.6 0.3
v 24.2 0.7 0.3
v 24.3 0.5 0.3
v 24.3 0.6 0.3
v 24.4 0.5 0.3
v 24.4 0.6 0.3
v 24.6 0.4 0.3
v 24.6 0.5 0.3
v 24.7 0.4 0.3
v 24.7 0.5 0.3
v 26 0.5 0.3
v 26 0.6 0.3
v 26.1 0.5 0.3
v 26.1 0.6 0.3
v 26.8 0.9 0.3
v 26.8 1 0.3
v 26.9 0.9 0.3
v 26.9 1 0.3
v 27.1 1.1 0.3
v 27.1 1.2 0.3
v 27.2 1.1 0.3
v 27.2 1.2 0.3
v 27.4 1.3 0.3
v 27.4 1.4 0.3
v 27.5 1.3 0.3
v 27.5 1.4 0.3
v 27.9 1.6 0.3
v 27.9 1.7 0.3
v 28 1.6 0.3
v 28 1.7 0.3
v 23.5 1 0.200001
v 23.5 1.1 0.200001
v 23.6 0.9 0.200001
v 23.6 1 0.200001
v 23.6 1.1 0.200001
v 23.7 0.9 0.200001
v 23.7 1 0.200001
v 27.3 1.2 0.200001
v 27.3 1.3 0.200001
v 27.4 1.2 0.200001
v 27.4 1.3 0.200001
v 27.6 1.4 0.200001
v 27.6 1.5 0.200001
v 27.7 1.4 0.200001
v 27.7 1.5 0.200001
v 23.7 0.8 0.1
v 23.7 0.9 0.1
v 23.8 0.8 0.1
v 23.8 0.9 0.1
v 24 0.6 0.1
v 24 0.7 0.1
v 24.1 0.6 0.1
v 24.1 0.7 0.1
v 24.2 0.5 0.1
v 24.2 0.6 0.1
v 24.3 0.5 0.1
v 24.3 0.6 0.1
v 24.5 0.4 0.1
v 24.5 0.5 0.1
v 24.6 0.4 0.1
v 24.6 0.5 0.1
v 26.5 0.7 0.1
v 26.5 0.8 0.1
v 26.6 0.7 0.1
v 26.6 0.8 0.1
v 27 1 0.1
v 27 1.1 0.1
v 27.1 1 0.1
v 27.1 1.1 0.1
v 27.8 1.5 0.1
v 27.8 1.6 0.1
v 27.9 1.5 0.1
v 27.9 1.6 0.1
v 28 1.6 0.1
v 28 1.7 0.1
v 28.1 1.6 0.1
v 28.1 1.7 0.1
v 23.8 0.7 -0.0999994
v 23.8 0.8 -0.0999994
v 23.9 0.7 -0.0999994
v 23.9 0.8 -0.0999994
v 24.4 0.4 -0.0999994
v 24.4 0.5 -0.0999994
v 24.5 0.4 -0.0999994
v 24.5 0.5 -0.0999994
v 25.7 0.4 -0.0999994
v 25.7 0.5 -0.0999994
v 25.8 0.4 -0.0999994
v 25.8 0.5 -0.0999994
v 26.3 0.6 -0.0999994
v 26.3 0.7 -0.0999994
v 26.4 0.6 -0.0999994
v 26.4 0.7 -0.0999994
v 26.7 0.8 -0.0999994
v 26.7 0.9 -0.0999994
v 26.8 0.8 -0.0999994
v 26.8 0.9 -0.0999994
v 27.2 1.1 -0.0999994
v 27.2 1.2 -0.0999994
v 27.3 1.1 -0.0999994
v 27.3 1.2 -0.0999994
v 27.5 1.3 -0.0999994
v 27.5 1.4 -0.0999994
v 27.6 1.3 -0.0999994
v 27.6 1.4 -0.0999994
v 23.3 1.1 -0.2
v 23.3 1.2 -0.2
v 23.4 1 -0.2
v 23.4 1.1 -0.2
v 23.4 1.2 -0.2
v 23.5 0.9 -0.2
v 23.5 1 -0.2
v 23.5 1.1 -0.2
v 23.6 0.9 -0.2
v 23.6 1 -0.2
v 23.9 0.6 -0.2
v 23.9 0.7 -0.2
v 24 0.6 -0.2
v 24 0.7 -0.2
v 24.1 0.5 -0.2
v 24.1 0.6 -0.2
v 24.2 0.5 -0.2
v 24.2 0.6 -0.2
v 24.3 0.4 -0.2
v 24.3 0.5 -0.2
v 24.4 0.4 -0.2
v 24.4 0.5 -0.2
v 24.8 0.3 -0.2
v 24.8 0.4 -0.2
v 25.2 0.3 -0.2
v 25.2 0.4 -0.2
v 27.7 1.4 -0.2
v 27.7 1.5 -0.2
v 27.8 1.4 -0.2
v 27.8 1.5 -0.2
v 23.6 0.8 -0.299999
v 23.6 0.9 -0.299999
v 23.7 0.7 -0.299999
v 23.7 0.8 -0.299999
v 23.7 0.9 -0.299999
v 23.8 0.7 -0.299999
v 23.8 0.8 -0.299999
v 24 0.5 -0.299999
v 24 0.6 -0.299999
v 24.1 0.5 -0.299999
v 24.1 0.6 -0.299999
v 24.7 0.3 -0.299999
v 24.7 0.4 -0.299999
v 24.8 0.3 -0.299999
v 24.8 0.4 -0.299999
v 25.2 0.3 -0.299999
v 25.2 0.4 -0.299999
v 25.3 0.3 -0.299999
v 25.3 0.4 -0.299999
v 26.9 0.9 -0.299999
v 26.9 1 -0.299999
v 27 0.9 -0.299999
v 27 1 -0.299999
v 27.4 1.2 -0.299999
v 27.4 1.3 -0.299999
v 27.5 1.2 -0.299999
v 27.5 1.3 -0.299999
v 27.9 1.5 -0.299999
v 27.9 1.6 -0.299999
v 28 1.5 -0.299999
v 28 1.6 -0.299999
v 28.1 1.6 -0.299999
v 28.1 1.7 -0.299999
v 28.2 1.6 -0.299999
v 28.2 1.7 -0.299999
v 23.8 0.6 -0.4
v 23.8 0.7 -0.4
v 23.9 0.6 -0.4
v 23.9 0.7 -0.4
v 24.2 0.4 -0.4
v 24.2 0.5 -0.4
v 24.3 0.4 -0.4
v 24.3 0.5 -0.4
v 24.5 0.3 -0.4
v 24.5 0.4 -0.4
v 24.7 0.3 -0.4
v 24.7 0.4 -0.4
v 23.3 1 -0.5
v 23.3 1.1 -0.5
v 23.4 0.9 -0.5
v 23.4 1 -0.5
v 23.4 1.1 -0.5
v 23.5 0.8 -0.5
v 23.5 0.9 -0.5
v 23.5 1 -0.5
v 23.6 0.7 -0.5
v 23.6 0.8 -0.5
v 23.6 0.9 -0.5
v 23.7 0.6 -0.5
v 23.7 0.7 -0.5
v 23.7 0.8 -0.5
v 23.8 0.6 -0.5
v 23.8 0.7 -0.5
v 23.9 0.5 -0.5
v 23.9 0.6 -0.5
v 24 0.5 -0.5
v 24 0.6 -0.5
v 24.1 0.4 -0.5
v 24.1 0.5 -0.5
v 24.2 0.4 -0.5
v 24.2 0.5 -0.5
v 24.4 0.3 -0.5
v 24.4 0.4 -0.5
v 24.5 0.3 -0.5
v 24.5 0.4 -0.5
v 25.3 0.3 -0.5
v 25.3 0.4 -0.5
v 25.4 0.3 -0.5
v 25.4 0.4 -0.5
v 27.1 1 -0.5
v 27.1 1.1 -0.5
v 27.2 1 -0.5
v 27.2 1.1 -0.5
v 27.6 1.3 -0.5
v 27.6 1.4 -0.5
v 27.7 1.3 -0.5
v 27.7 1.4 -0.5
v 23.8 0.5 -0.599999
v 23.8 0.6 -0.599999
v 23.9 0.5 -0.599999
v 23.9 0.6 -0.599999
v 24 0.4 -0.599999
v 24 0.5 -0.599999
v 24.1 0.4 -0.599999
v 24.1 0.5 -0.599999
v 24.3 0.3 -0.599999
v 24.3 0.4 -0.599999
v 24.4 0.3 -0.599999
v 24.4 0.4 -0.599999
v 27.3 1.1 -0.599999
v 27.3 1.2 -0.599999
v 27.4 1.1 -0.599999
v 27.4 1.2 -0.599999
v 27.8 1.4 -0.599999
v 27.8 1.5 -0.599999
v 27.9 1.4 -0.599999
v 27.9 1.5 -0.599999
v 28 1.5 -0.599999
v 28 1.6 -0.599999
v 28.1 1.5 -0.599999
v 28.1 1.6 -0.599999
v 28.2 1.6 -0.599999
v 28.2 1.7 -0.599999
v 28.3 1.6 -0.599999
v 28.3 1.7 -0.599999
v 23.3 0.9 -0.7
v 23.3 1 -0.7
v 23.4 0.8 -0.7
v 23.4 0.9 -0.7
v 23.4 1 -0.7
v 23.5 0.7 -0.7
v 23.5 0.8 -0.7
v 23.5 0.9 -0.7
v 23.6 0.6 -0.7
v 23.6 0.7 -0.7
v 23.6 0.8 -0.7
v 23.7 0.6 -0.7
v 23.7 0.7 -0.7
v 23.9 0.4 -0.7
v 23.9 0.5 -0.7
v 24 0.4 -0.7
v 24 0.5 -0.7
v 24.2 0.3 -0.7
v 24.2 0.4 -0.7
v 24.3 0.3 -0.7
v 24.3 0.4 -0.7
v 23.7 0.5 -0.799999
v 23.7 0.6 -0.799999
v 23.8 0.5 -0.799999
v 23.8 0.6 -0.799999
v 24.1 0.3 -0.799999
v 24.1 0.4 -0.799999
v 24.2 0.3 -0.799999
v 24.2 0.4 -0.799999
v 25.4 0.3 -0.799999
v 25.4 0.4 -0.799999
v 25.5 0.3 -0.799999
v 25.5 0.4 -0.799999
v 27.5 1.2 -0.799999
v 27.5 1.3 -0.799999
v 27.6 1.2 -0.799999
v 27.6 1.3 -0.799999
v 23.3 0.8 -0.9
v 23.3 0.9 -0.9
v 23.4 0.7 -0.9
v 23.4 0.8 -0.9
v 23.4 0.9 -0.9
v 23.5 0.6 -0.9
v 23.5 0.7 -0.9
v 23.5 0.8 -0.9
v 23.6 0.5 -0.9
v 23.6 0.6 -0.9
v 23.6 0.7 -0.9
v 23.7 0.5 -0.9
v 23.7 0.6 -0.9
v 23.8 0.4 -0.9
v 23.8 0.5 -0.9
v 23.9 0.4 -0.9
v 23.9 0.5 -0.9
v 24 0.3 -0.9
v 24 0.4 -0.9
v 24.1 0.3 -0.9
v 24.1 0.4 -0.9
v 27.7 1.3 -0.9
v 27.7 1.4 -0.9
v 27.8 1.3 -0.9
v 27.8 1.4 -0.9
v 28.3 1.6 -0.9
v 28.3 1.7 -0.9
v 28.4 1.6 -0.9
v 28.4 1.7 -0.9
v 23.3 0.7 -1
v 23.3 0.8 -1
v 23.4 0.6 -1
v 23.4 0.7 -1
v 23.4 0.8 -1
v 23.5 0.6 -1
v 23.5 0.7 -1
v 23.7 0.4 -1
v 23.7 0.5 -1
v 23.8 0.4 -1
v 23.8 0.5 -1
v 23.9 0.3 -1
v 23.9 0.4 -1
v 24 0.3 -1
v 24 0.4 -1
v 24.4 0.2 -1
v 24.4 0.3 -1
v 24.9 0.2 -1
v 24.9 0.3 -1
v 27.9 1.4 -1
v 27.9 1.5 -1
v 28 1.4 -1
v 28 1.5 -1
v 28.1 1.5 -1
v 28.1 1.6 -1
v 28.2 1.5 -1
v 28.2 1.6 -1
v 23.5 0.5 -1.1
v 23.5 0.6 -1.1
v 23.6 0.5 -1.1
v 23.6 0.6 -1.1
v 24.3 0.2 -1.1
v 24.3 0.3 -1.1
v 24.4 0.2 -1.1
v 24.4 0.3 -1.1
v 23.3 0.6 -1.2
v 23.3 0.7 -1.2
v 23.4 0.5 -1.2
v 23.4 0.6 -1.2
v 23.4 0.7 -1.2
v 23.5 0.5 -1.2
v 23.5 0.6 -1.2
v 23.6 0.4 -1.2
v 23.6 0.5 -1.2
v 23.7 0.4 -1.2
v 23.7 0.5 -1.2
v 23.8 0.3 -1.2
v 23.8 0.4 -1.2
v 23.9 0.3 -1.2
v 23.9 0.4 -1.2
v 24.1 0.2 -1.2
v 24.1 0.3 -1.2
v 24.3 0.2 -1.2
v 24.3 0.3 -1.2
v 24.9 0.2 -1.2
v 24.9 0.3 -1.2
v 25 0.2 -1.2
v 25 0.3 -1.2
v 28.4 1.6 -1.2
v 28.4 1.7 -1.2
v 28.5 1.6 -1.2
v 28.5 1.7 -1.2
v 23.5 0.4 -1.3
v 23.5 0.5 -1.3
v 23.6 0.4 -1.3
v 23.6 0.5 -1.3
v 23.7 0.3 -1.3
v 23.7 0.4 -1.3
v 23.8 0.3 -1.3
v 23.8 0.4 -1.3
v 24 0.2 -1.3
v 24 0.3 -1.3
v 24.1 0.2 -1.3
v 24.1 0.3 -1.3
v 28.2 1.5 -1.3
v 28.2 1.6 -1.3
v 28.3 1.5 -1.3
v 28.3 1.6 -1.3
v 23.3 0.5 -1.4
v 23.3 0.6 -1.4
v 23.4 0.5 -1.4
v 23.4 0.6 -1.4
v 23.6 0.3 -1.4
v 23.6 0.4 -1.4
v 23.7 0.3 -1.4
v 23.7 0.4 -1.4
v 23.9 0.2 -1.4
v 23.9 0.3 -1.4
v 24 0.2 -1.4
v 24 0.3 -1.4
v 27.6 1.2 -1.4
v 27.6 1.3 -1.4
v 27.7 1.2 -1.4
v 27.7 1.3 -1.4
v 27.8 1.3 -1.4
v 27.8 1.4 -1.4
v 27.9 1.3 -1.4
v 27.9 1.4 -1.4
v 28 1.4 -1.4
v 28 1.5 -1.4
v 28.1 1.4 -1.4
v 28.1 1.5 -1.4
v 23.4 0.4 -1.5
v 23.4 0.5 -1.5
v 23.5 0.4 -1.5
v 23.5 0.5 -1.5
v 23.8 0.2 -1.5
v 23.8 0.3 -1.5
v 23.9 0.2 -1.5
v 23.9 0.3 -1.5
v 25 0.2 -1.5
v 25 0.3 -1.5
v 25.1 0.2 -1.5
v 25.1 0.3 -1.5
v 27.4 1.1 -1.5
v 27.4 1.2 -1.5
v 27.5 1.1 -1.5
v 27.5 1.2 -1.5
v 23.3 0.4 -1.6
v 23.3 0.5 -1.6
v 23.4 0.4 -1.6
v 23.4 0.5 -1.6
v 23.5 0.3 -1.6
v 23.5 0.4 -1.6
v 23.6 0.3 -1.6
v 23.6 0.4 -1.6
v 23.7 0.2 -1.6
v 23.7 0.3 -1.6
v 23.8 0.2 -1.6
v 23.8 0.3 -1.6
v 28.5 1.6 -1.6
v 28.5 1.7 -1.6
v 28.6 1.6 -1.6
v 28.6 1.7 -1.6
v 23.4 0.3 -1.8
v 23.4 0.4 -1.8
v 23.5 0.3 -1.8
v 23.5 0.4 -1.8
v 23.6 0.2 -1.8
v 23.6 0.3 -1.8
v 23.7 0.2 -1.8
v 23.7 0.3 -1.8
v 28.3 1.5 -1.8
v 28.3 1.6 -1.8
v 28.4 1.5 -1.8
v 28.4 1.6 -1.8
v 23.3 0.3 -1.9
v 23.3 0.4 -1.9
v 23.4 0.3 -1.9
v 23.4 0.4 -1.9
v 23.5 0.2 -2
v 23.5 0.3 -2
v 23.6 0.2 -2
v 23.6 0.3 -2
v 24 0.1 -2
v 24 0.2 -2
v 24.3 0.1 -2
v 24.3 0.2 -2
v 28.1 1.4 -2
v 28.1 1.5 -2
v 28.2 1.4 -2
v 28.2 1.5 -2
v 28.6 1.6 -2
v 28.6 1.7 -2
v 28.7 1.6 -2
v 28.7 1.7 -2
v 23.4 0.2 -2.1
v 23.4 0.3 -2.1
v 23.5 0.2 -2.1
v 23.5 0.3 -2.1
v 23.9 0.1 -2.1
v 23.9 0.2 -2.1
v 24 0.1 -2.1
v 24 0.2 -2.1
v 24.3 0.1 -2.1
v 24.3 0.2 -2.1
v 24.4 0.1 -2.1
v 24.4 0.2 -2.1
v 27.9 1.3 -2.1
v 27.9 1.4 -2.1
v 28 1.3 -2.1
v 28 1.4 -2.1
v 23.3 0.2 -2.2
v 23.3 0.3 -2.2
v 23.4 0.2 -2.2
v 23.4 0.3 -2.2
v 23.7 0.1 -2.2
v 23.7 0.2 -2.2
v 23.9 0.1 -2.2
v 23.9 0.2 -2.2
v 24.4 0.1 -2.2
v 24.4 0.2 -2.2
v 24.5 0.1 -2.2
v 24.5 0.2 -2.2
v 28.4 1.5 -2.2
v 28.4 1.6 -2.2
v 28.5 1.5 -2.2
v 28.5 1.6 -2.2
v 23.6 0.1 -2.3
v 23.6 0.2 -2.3
v 23.7 0.1 -2.3
v 23.7 0.2 -2.3
v 23.5 0.1 -2.4
v 23.5 0.2 -2.4
v 23.6 0.1 -2.4
v 23.6 0.2 -2.4
v 27.7 1.2 -2.4
v 27.7 1.3 -2.4
v 27.8 1.2 -2.4
v 27.8 1.3 -2.4
v 28.2 1.4 -2.4
v 28.2 1.5 -2.4
v 28.3 1.4 -2.4
v 28.3 1.5 -2.4
v 28.7 1.6 -2.4
v 28.7 1.7 -2.4
v 28.8 1.6 -2.4
v 28.8 1.7 -2.4
v 23.4 0.1 -2.5
v 23.4 0.2 -2.5
v 23.5 0.1 -2.5
v 23.5 0.2 -2.5
v 28.5 1.5 -2.6
v 28.5 1.6 -2.6
v 28.6 1.5 -2.6
v 28.6 1.6 -2.6
v 23.3 0.1 -2.7
v 23.3 0.2 -2.7
v 23.4 0.1 -2.7
v 23.4 0.2 -2.7
v 24.5 0.1 -2.7
v 24.5 0.2 -2.7
v 24.6 0.1 -2.7
v 24.6 0.2 -2.7
v 28 1.3 -2.7
v 28 1.4 -2.7
v 28.1 1.3 -2.7
v 28.1 1.4 -2.7
v 28.8 1.6 -2.7
v 28.8 1.7 -2.7
v 28.9 1.6 -2.7
v 28.9 1.7 -2.7
v 28.3 1.4 -2.9
v 28.3 1.5 -2.9
v 28.4 1.4 -2.9
v 28.4 1.5 -2.9
v 28.6 1.5 -3
v 28.6 1.6 -3
v 28.7 1.5 -3
v 28.7 1.6 -3
v 28.9 1.6 -3.1
v 28.9 1.7 -3.1
v 29 1.6 -3.1
v 29 1.7 -3.1
v 27.2 1 -3.2
v 27.2 1.1 -3.2
v 27.3 1 -3.2
v 27.3 1.1 -3.2
v 27.8 1.2 -3.2
v 27.8 1.3 -3.2
v 27.9 1.2 -3.2
v 27.9 1.3 -3.2
v 28.1 1.3 -3.2
v 28.1 1.4 -3.2
v 28.2 1.3 -3.2
v 28.2 1.4 -3.2
v 27.5 1.1 -3.3
v 27.5 1.2 -3.3
v 27.6 1.1 -3.3
v 27.6 1.2 -3.3
v 28.4 1.4 -3.3
v 28.4 1.5 -3.3
v 28.5 1.4 -3.3
v 28.5 1.5 -3.3
v 28.7 1.5 -3.5
v 28.7 1.6 -3.5
v 28.8 1.5 -3.5
v 28.8 1.6 -3.5
v 29 1.6 -3.5
v 29 1.7 -3.5
v 29.1 1.6 -3.5
v 29.1 1.7 -3.5
v 28.2 1.3 -3.8
v 28.2 1.4 -3.8
v 28.3 1.3 -3.8
v 28.3 1.4 -3.8
v 28.5 1.4 -3.8
v 28.5 1.5 -3.8
v 28.6 1.4 -3.8
v 28.6 1.5 -3.8
v 28.8 1.5 -3.8
v 28.8 1.6 -3.8
v 28.9 1.5 -3.8
v 28.9 1.6 -3.8
v 29.1 1.6 -3.8
v 29.1 1.7 -3.8
v 29.2 1.6 -3.8
v 29.2 1.7 -3.8
v 27.9 1.2 -3.9
v 27.9 1.3 -3.9
v 28 1.2 -3.9
v 28 1.3 -3.9
v 25 0.2 -4
v 25 0.3 -4
v 25.1 0.2 -4
v 25.1 0.3 -4
v 28.6 1.4 -4.1
v 28.6 1.5 -4.1
v 28.7 1.4 -4.1
v 28.7 1.5 -4.1
v 28.9 1.5 -4.1
v 28.9 1.6 -4.1
v 29 1.5 -4.1
v 29 1.6 -4.1
v 29.2 1.6 -4.1
v 29.2 1.7 -4.1
v 29.3 1.6 -4.1
v 29.3 1.7 -4.1
v 27.6 1.1 -4.2
v 27.6 1.2 -4.2
v 27.7 1.1 -4.2
v 27.7 1.2 -4.2
v 28.3 1.3 -4.2
v 28.3 1.4 -4.2
v 28.4 1.3 -4.2
v 28.4 1.4 -4.2
v 24.6 0.1 -4.3
v 24.6 0.2 -4.3
v 24.7 0.1 -4.3
v 24.7 0.2 -4.3
v 26.4 0.7 -4.3
v 26.4 0.8 -4.3
v 26.5 0.7 -4.3
v 26.5 0.8 -4.3
v 25.9 0.5 -4.4
v 25.9 0.6 -4.4
v 26 0.5 -4.4
v 26 0.6 -4.4
v 28 1.2 -4.4
v 28 1.3 -4.4
v 28.1 1.2 -4.4
v 28.1 1.3 -4.4
v 28.7 1.4 -4.4
v 28.7 1.5 -4.4
v 28.8 1.4 -4.4
v 28.8 1.5 -4.4
v 29 1.5 -4.4
v 29 1.6 -4.4
v 29.1 1.5 -4.4
v 29.1 1.6 -4.4
v 28.4 1.3 -4.5
v 28.4 1.4 -4.5
v 28.5 1.3 -4.5
v 28.5 1.4 -4.5
v 29.3 1.6 -4.5
v 29.3 1.7 -4.5
v 29.4 1.6 -4.5
v 29.4 1.7 -4.5
v 27.3 1 -4.6
v 27.3 1.1 -4.6
v 27.4 1 -4.6
v 27.4 1.1 -4.6
v 25.4 0.3 -4.7
v 25.4 0.4 -4.7
v 25.5 0.3 -4.7
v 25.5 0.4 -4.7
v 26.7 0.8 -4.7
v 26.7 0.9 -4.7
v 26.8 0.8 -4.7
v 26.8 0.9 -4.7
v 27 0.9 -4.7
v 27 1 -4.7
v 27.1 0.9 -4.7
v 27.1 1 -4.7
v 27.7 1.1 -4.7
v 27.7 1.2 -4.7
v 27.8 1.1 -4.7
v 27.8 1.2 -4.7
v 28.1 1.2 -4.7
v 28.1 1.3 -4.7
v 28.2 1.2 -4.7
v 28.2 1.3 -4.7
v 28.8 1.4 -4.7
v 28.8 1.5 -4.7
v 28.9 1.4 -4.7
v 28.9 1.5 -4.7
v 29.1 1.5 -4.7
v 29.1 1.6 -4.7
v 29.2 1.5 -4.7
v 29.2 1.6 -4.7
v 25.1 0.2 -4.8
v 25.1 0.3 -4.8
v 25.2 0.2 -4.8
v 25.2 0.3 -4.8
v 25.7 0.4 -4.8
v 25.7 0.5 -4.8
v 25.8 0.4 -4.8
v 25.8 0.5 -4.8
v 26.2 0.6 -4.8
v 26.2 0.7 -4.8
v 26.3 0.6 -4.8
v 26.3 0.7 -4.8
v 28.5 1.3 -4.8
v 28.5 1.4 -4.8
v 28.6 1.3 -4.8
v 28.6 1.4 -4.8
v 29.4 1.6 -4.8
v 29.4 1.7 -4.8
v 29.5 1.6 -4.8
v 29.5 1.7 -4.8
v 24.7 0.1 -5
v 24.7 0.2 -5
v 24.8 0.1 -5
v 24.8 0.2 -5
v 28.2 1.2 -5
v 28.2 1.3 -5
v 28.3 1.2 -5
v 28.3 1.3 -5
v 28.9 1.4 -5
v 28.9 1.5 -5
v 29 1.4 -5
v 29 1.5 -5
v 29.2 1.5 -5
v 29.2 1.6 -5
v 29.3 1.5 -5
v 29.3 1.6 -5
v 23.3 0 -5.2
v 23.3 0.1 -5.2
v 23.4 0 -5.2
v 23.4 0.1 -5.2
v 26 0.5 -5.2
v 26 0.6 -5.2
v 26.1 0.5 -5.2
v 26.1 0.6 -5.2
v 27.4 1 -5.2
v 27.4 1.1 -5.2
v 27.5 1 -5.2
v 27.5 1.1 -5.2
v 27.8 1.1 -5.2
v 27.8 1.2 -5.2
v 27.9 1.1 -5.2
v 27.9 1.2 -5.2
v 28.6 1.3 -5.2
v 28.6 1.4 -5.2
v 28.7 1.3 -5.2
v 28.7 1.4 -5.2
v 29.5 1.6 -5.2
v 29.5 1.7 -5.2
v 29.6 1.6 -5.2
v 29.6 1.7 -5.2
v 26.5 0.7 -5.3
v 26.5 0.8 -5.3
v 26.6 0.7 -5.3
v 26.6 0.8 -5.3
v 28.3 1.2 -5.3
v 28.3 1.3 -5.3
v 28.4 1.2 -5.3
v 28.4 1.3 -5.3
v 23.4 0 -5.4
v 23.4 0.1 -5.4
v 23.5 0 -5.4
v 23.5 0.1 -5.4
v 25.2 0.2 -5.4
v 25.2 0.3 -5.4
v 25.3 0.2 -5.4
v 25.3 0.3 -5.4
v 25.5 0.3 -5.4
v 25.5 0.4 -5.4
v 25.6 0.3 -5.4
v 25.6 0.4 -5.4
v 26.8 0.8 -5.4
v 26.8 0.9 -5.4
v 26.9 0.8 -5.4
v 26.9 0.9 -5.4
v 27.1 0.9 -5.4
v 27.1 1 -5.4
v 27.2 0.9 -5.4
v 27.2 1 -5.4
v 27.9 1.1 -5.4
v 27.9 1.2 -5.4
v 28 1.1 -5.4
v 28 1.2 -5.4
v 28.7 1.3 -5.4
v 28.7 1.4 -5.4
v 28.8 1.3 -5.4
v 28.8 1.4 -5.4
v 29 1.4 -5.4
v 29 1.5 -5.4
v 29.1 1.4 -5.4
v 29.1 1.5 -5.4
v 29.3 1.5 -5.4
v 29.3 1.6 -5.4
v 29.4 1.5 -5.4
v 29.4 1.6 -5.4
v 24.8 0.1 -5.5
v 24.8 0.2 -5.5
v 24.9 0.1 -5.5
v 24.9 0.2 -5.5
v 25.8 0.4 -5.5
v 25.8 0.5 -5.5
v 25.9 0.4 -5.5
v 25.9 0.5 -5.5
v 26.3 0.6 -5.5
v 26.3 0.7 -5.5
v 26.4 0.6 -5.5
v 26.4 0.7 -5.5
v 27.5 1 -5.5
v 27.5 1.1 -5.5
v 27.6 1 -5.5
v 27.6 1.1 -5.5
v 29.6 1.6 -5.5
v 29.6 1.7 -5.5
v 29.7 1.6 -5.5
v 29.7 1.7 -5.5
v 28.4 1.2 -5.6
v 28.4 1.3 -5.6
v 28.5 1.2 -5.6
v 28.5 1.3 -5.6
v 28.8 1.3 -5.6
v 28.8 1.4 -5.6
v 28.9 1.3 -5.6
v 28.9 1.4 -5.6
v 29.1 1.4 -5.6
v 29.1 1.5 -5.6
v 29.2 1.4 -5.6
v 29.2 1.5 -5.6
v 23.5 0 -5.7
v 23.5 0.1 -5.7
v 23.6 0 -5.7
v 23.6 0.1 -5.7
v 28 1.1 -5.7
v 28 1.2 -5.7
v 28.1 1.1 -5.7
v 28.1 1.2 -5.7
v 29.4 1.5 -5.7
v 29.4 1.6 -5.7
v 29.5 1.5 -5.7
v 29.5 1.6 -5.7
v 25.6 0.3 -5.8
v 25.6 0.4 -5.8
v 25.7 0.3 -5.8
v 25.7 0.4 -5.8
v 26.1 0.5 -5.8
v 26.1 0.6 -5.8
v 26.2 0.5 -5.8
v 26.2 0.6 -5.8
v 26.6 0.7 -5.8
v 26.6 0.8 -5.8
v 26.7 0.7 -5.8
v 26.7 0.8 -5.8
v 27.2 0.9 -5.8
v 27.2 1 -5.8
v 27.3 0.9 -5.8
v 27.3 1 -5.8
v 27.6 1 -5.8
v 27.6 1.1 -5.8
v 27.7 1 -5.8
v 27.7 1.1 -5.8
v 28.5 1.2 -5.8
v 28.5 1.3 -5.8
v 28.6 1.2 -5.8
v 28.6 1.3 -5.8
v 28.9 1.3 -5.8
v 28.9 1.4 -5.8
v 29 1.3 -5.8
v 29 1.4 -5.8
v 29.7 1.6 -5.8
v 29.7 1.7 -5.8
v 29.8 1.6 -5.8
v 29.8 1.7 -5.8
v 24.9 0.1 -5.9
v 24.9 0.2 -5.9
v 25 0.1 -5.9
v 25 0.2 -5.9
v 25.3 0.2 -5.9
v 25.3 0.3 -5.9
v 25.4 0.2 -5.9
v 25.4 0.3 -5.9
v 26.9 0.8 -5.9
v 26.9 0.9 -5.9
v 27 0.8 -5.9
v 27 0.9 -5.9
v 28.1 1.1 -5.9
v 28.1 1.2 -5.9
v 28.2 1.1 -5.9
v 28.2 1.2 -5.9
v 29.2 1.4 -5.9
v 29.2 1.5 -5.9
v 29.3 1.4 -5.9
v 29.3 1.5 -5.9
v 23.6 0 -6
v 23.6 0.1 -6
v 23.7 0 -6
v 23.7 0.1 -6
v 25.9 0.4 -6
v 25.9 0.5 -6
v 26 0.4 -6
v 26 0.5 -6
v 26.4 0.6 -6
v 26.4 0.7 -6
v 26.5 0.6 -6
v 26.5 0.7 -6
v 27.7 1 -6
v 27.7 1.1 -6
v 27.8 1 -6
v 27.8 1.1 -6
v 28.2 1.1 -6
v 28.2 1.2 -6
v 28.3 1.1 -6
v 28.3 1.2 -6
v 28.6 1.2 -6
v 28.6 1.3 -6
v 28.7 1.2 -6
v 28.7 1.3 -6
v 29.5 1.5 -6
v 29.5 1.6 -6
v 29.6 1.5 -6
v 29.6 1.6 -6
v 27.3 0.9 -6.1
v 27.3 1 -6.1
v 27.4 0.9 -6.1
v 27.4 1 -6.1
v 28.7 1.2 -6.1
v 28.7 1.3 -6.1
v 28.8 1.2 -6.1
v 28.8 1.3 -6.1
v 29 1.3 -6.1
v 29 1.4 -6.1
v 29.1 1.3 -6.1
v 29.1 1.4 -6.1
v 29.3 1.4 -6.1
v 29.3 1.5 -6.1
v 29.4 1.4 -6.1
v 29.4 1.5 -6.1
v 29.8 1.6 -6.1
v 29.8 1.7 -6.1
v 29.9 1.6 -6.1
v 29.9 1.7 -6.1
v 25.4 0.2 -6.2
v 25.4 0.3 -6.2
v 25.5 0.2 -6.2
v 25.5 0.3 -6.2
v 25.7 0.3 -6.2
v 25.7 0.4 -6.2
v 25.8 0.3 -6.2
v 25.8 0.4 -6.2
v 26.2 0.5 -6.2
v 26.2 0.6 -6.2
v 26.3 0.5 -6.2
v 26.3 0.6 -6.2
v 26.7 0.7 -6.2
v 26.7 0.8 -6.2
v 26.8 0.7 -6.2
v 26.8 0.8 -6.2
v 27 0.8 -6.2
v 27 0.9 -6.2
v 27.1 0.8 -6.2
v 27.1 0.9 -6.2
v 27.8 1 -6.2
v 27.8 1.1 -6.2
v 27.9 1 -6.2
v 27.9 1.1 -6.2
v 28.3 1.1 -6.2
v 28.3 1.2 -6.2
v 28.4 1.1 -6.2
v 28.4 1.2 -6.2
v 23.7 0 -6.3
v 23.7 0.1 -6.3
v 23.8 0 -6.3
v 23.8 0.1 -6.3
v 25 0.1 -6.3
v 25 0.2 -6.3
v 25.1 0.1 -6.3
v 25.1 0.2 -6.3
v 27.4 0.9 -6.3
v 27.4 1 -6.3
v 27.5 0.9 -6.3
v 27.5 1 -6.3
v 28.8 1.2 -6.3
v 28.8 1.3 -6.3
v 28.9 1.2 -6.3
v 28.9 1.3 -6.3
v 29.1 1.3 -6.3
v 29.1 1.4 -6.3
v 29.2 1.3 -6.3
v 29.2 1.4 -6.3
v 29.6 1.5 -6.3
v 29.6 1.6 -6.3
v 29.7 1.5 -6.3
v 29.7 1.6 -6.3
v 26 0.4 -6.4
v 26 0.5 -6.4
v 26.1 0.4 -6.4
v 26.1 0.5 -6.4
v 26.5 0.6 -6.4
v 26.5 0.7 -6.4
v 26.6 0.6 -6.4
v 26.6 0.7 -6.4
v 27.9 1 -6.4
v 27.9 1.1 -6.4
v 28 1 -6.4
v 28 1.1 -6.4
v 28.4 1.1 -6.4
v 28.4 1.2 -6.4
v 28.5 1.1 -6.4
v 28.5 1.2 -6.4
v 29.4 1.4 -6.4
v 29.4 1.5 -6.4
v 29.5 1.4 -6.4
v 29.5 1.5 -6.4
v 29.9 1.6 -6.4
v 29.9 1.7 -6.4
v 30 1.6 -6.4
v 30 1.7 -6.4
v 23.8 0 -6.5
v 23.8 0.1 -6.5
v 23.9 0 -6.5
v 23.9 0.1 -6.5
v 27.1 0.8 -6.5
v 27.1 0.9 -6.5
v 27.2 0.8 -6.5
v 27.2 0.9 -6.5
v 28.5 1.1 -6.5
v 28.5 1.2 -6.5
v 28.6 1.1 -6.5
v 28.6 1.2 -6.5
v 28.9 1.2 -6.5
v 28.9 1.3 -6.5
v 29 1.2 -6.5
v 29 1.3 -6.5
v 29.2 1.3 -6.5
v 29.2 1.4 -6.5
v 29.3 1.3 -6.5
v 29.3 1.4 -6.5
v 25.1 0.1 -6.6
v 25.1 0.2 -6.6
v 25.2 0.1 -6.6
v 25.2 0.2 -6.6
v 25.5 0.2 -6.6
v 25.5 0.3 -6.6
v 25.6 0.2 -6.6
v 25.6 0.3 -6.6
v 25.8 0.3 -6.6
v 25.8 0.4 -6.6
v 25.9 0.3 -6.6
v 25.9 0.4 -6.6
v 26.3 0.5 -6.6
v 26.3 0.6 -6.6
v 26.4 0.5 -6.6
v 26.4 0.6 -6.6
v 26.8 0.7 -6.6
v 26.8 0.8 -6.6
v 26.9 0.7 -6.6
v 26.9 0.8 -6.6
v 27.5 0.9 -6.6
v 27.5 1 -6.6
v 27.6 0.9 -6.6
v 27.6 1 -6.6
v 28 1 -6.6
v 28 1.1 -6.6
v 28.1 1 -6.6
v 28.1 1.1 -6.6
v 29.5 1.4 -6.6
v 29.5 1.5 -6.6
v 29.6 1.4 -6.6
v 29.6 1.5 -6.6
v 29.7 1.5 -6.6
v 29.7 1.6 -6.6
v 29.8 1.5 -6.6
v 29.8 1.6 -6.6
v 27.6 0.9 -6.7
v 27.6 1 -6.7
v 27.7 0.9 -6.7
v 27.7 1 -6.7
v 28.1 1 -6.7
v 28.1 1.1 -6.7
v 28.2 1 -6.7
v 28.2 1.1 -6.7
v 28.6 1.1 -6.7
v 28.6 1.2 -6.7
v 28.7 1.1 -6.7
v 28.7 1.2 -6.7
v 29 1.2 -6.7
v 29 1.3 -6.7
v 29.1 1.2 -6.7
v 29.1 1.3 -6.7
v 29.3 1.3 -6.7
v 29.3 1.4 -6.7
v 29.4 1.3 -6.7
v 29.4 1.4 -6.7
v 23.9 0 -6.9
v 23.9 0.1 -6.9
v 24 0 -6.9
v 24 0.1 -6.9
v 26.1 0.4 -6.9
v 26.1 0.5 -6.9
v 26.2 0.4 -6.9
v 26.2 0.5 -6.9
v 26.6 0.6 -6.9
v 26.6 0.7 -6.9
v 26.7 0.6 -6.9
v 26.7 0.7 -6.9
v 27.2 0.8 -6.9
v 27.2 0.9 -6.9
v 27.3 0.8 -6.9
v 27.3 0.9 -6.9
v 28.2 1 -6.9
v 28.2 1.1 -6.9
v 28.3 1 -6.9
v 28.3 1.1 -6.9
v 28.7 1.1 -6.9
v 28.7 1.2 -6.9
v 28.8 1.1 -6.9
v 28.8 1.2 -6.9
v 30 1.6 -6.9
v 30 1.7 -6.9
v 30.1 1.6 -6.9
v 30.1 1.7 -6.9
v 26.9 0.7 -7
v 26.9 0.8 -7
v 27 0.7 -7
v 27 0.8 -7
v 27.7 0.9 -7
v 27.7 1 -7
v 27.8 0.9 -7
v 27.8 1 -7
v 28.3 1 -7
v 28.3 1.1 -7
v 28.4 1 -7
v 28.4 1.1 -7
v 29.1 1.2 -7
v 29.1 1.3 -7
v 29.2 1.2 -7
v 29.2 1.3 -7
v 29.6 1.4 -7
v 29.6 1.5 -7
v 29.7 1.4 -7
v 29.7 1.5 -7
v 29.8 1.5 -7
v 29.8 1.6 -7
v 29.9 1.5 -7
v 29.9 1.6 -7
v 25.2 0.1 -7.1
v 25.2 0.2 -7.1
v 25.3 0.1 -7.1
v 25.3 0.2 -7.1
v 25.6 0.2 -7.1
v 25.6 0.3 -7.1
v 25.7 0.2 -7.1
v 25.7 0.3 -7.1
v 25.9 0.3 -7.1
v 25.9 0.4 -7.1
v 26 0.3 -7.1
v 26 0.4 -7.1
v 26.4 0.5 -7.1
v 26.4 0.6 -7.1
v 26.5 0.5 -7.1
v 26.5 0.6 -7.1
v 27.3 0.8 -7.1
v 27.3 0.9 -7.1
v 27.4 0.8 -7.1
v 27.4 0.9 -7.1
v 28.8 1.1 -7.1
v 28.8 1.2 -7.1
v 28.9 1.1 -7.1
v 28.9 1.2 -7.1
v 29.4 1.3 -7.1
v 29.4 1.4 -7.1
v 29.5 1.3 -7.1
v 29.5 1.4 -7.1
v 24 0 -7.2
v 24 0.1 -7.2
v 24.1 0 -7.2
v 24.1 0.1 -7.2
v 26.2 0.4 -7.2
v 26.2 0.5 -7.2
v 26.3 0.4 -7.2
v 26.3 0.5 -7.2
v 26.7 0.6 -7.2
v 26.7 0.7 -7.2
v 26.8 0.6 -7.2
v 26.8 0.7 -7.2
v 27.8 0.9 -7.2
v 27.8 1 -7.2
v 27.9 0.9 -7.2
v 27.9 1 -7.2
v 28.4 1 -7.2
v 28.4 1.1 -7.2
v 28.5 1 -7.2
v 28.5 1.1 -7.2
v 28.9 1.1 -7.2
v 28.9 1.2 -7.2
v 29 1.1 -7.2
v 29 1.2 -7.2
v 29.2 1.2 -7.2
v 29.2 1.3 -7.2
v 29.3 1.2 -7.2
v 29.3 1.3 -7.2
v 30.1 1.6 -7.2
v 30.1 1.7 -7.2
v 30.2 1.6 -7.2
v 30.2 1.7 -7.2
v 27 0.7 -7.3
v 27 0.8 -7.3
v 27.1 0.7 -7.3
v 27.1 0.8 -7.3
v 27.4 0.8 -7.3
v 27.4 0.9 -7.3
v 27.5 0.8 -7.3
v 27.5 0.9 -7.3
v 27.9 0.9 -7.3
v 27.9 1 -7.3
v 28 0.9 -7.3
v 28 1 -7.3
v 28.5 1 -7.3
v 28.5 1.1 -7.3
v 28.6 1 -7.3
v 28.6 1.1 -7.3
v 29.5 1.3 -7.3
v 29.5 1.4 -7.3
v 29.6 1.3 -7.3
v 29.6 1.4 -7.3
v 29.7 1.4 -7.3
v 29.7 1.5 -7.3
v 29.8 1.4 -7.3
v 29.8 1.5 -7.3
v 29.9 1.5 -7.3
v 29.9 1.6 -7.3
v 30 1.5 -7.3
v 30 1.6 -7.3
v 25.3 0.1 -7.4
v 25.3 0.2 -7.4
v 25.4 0.1 -7.4
v 25.4 0.2 -7.4
v 25.7 0.2 -7.4
v 25.7 0.3 -7.4
v 25.8 0.2 -7.4
v 25.8 0.3 -7.4
v 26.5 0.5 -7.4
v 26.5 0.6 -7.4
v 26.6 0.5 -7.4
v 26.6 0.6 -7.4
v 28 0.9 -7.4
v 28 1 -7.4
v 28.1 0.9 -7.4
v 28.1 1 -7.4
v 28.6 1 -7.4
v 28.6 1.1 -7.4
v 28.7 1 -7.4
v 28.7 1.1 -7.4
v 29 1.1 -7.4
v 29 1.2 -7.4
v 29.1 1.1 -7.4
v 29.1 1.2 -7.4
v 29.3 1.2 -7.4
v 29.3 1.3 -7.4
v 29.4 1.2 -7.4
v 29.4 1.3 -7.4
v 24.1 0 -7.5
v 24.1 0.1 -7.5
v 24.2 0 -7.5
v 24.2 0.1 -7.5
v 26 0.3 -7.5
v 26 0.4 -7.5
v 26.1 0.3 -7.5
v 26.1 0.4 -7.5
v 26.8 0.6 -7.5
v 26.8 0.7 -7.5
v 26.9 0.6 -7.5
v 26.9 0.7 -7.5
v 27.1 0.7 -7.5
v 27.1 0.8 -7.5
v 27.2 0.7 -7.5
v 27.2 0.8 -7.5
v 27.5 0.8 -7.5
v 27.5 0.9 -7.5
v 27.6 0.8 -7.5
v 27.6 0.9 -7.5
v 28.1 0.9 -7.5
v 28.1 1 -7.5
v 28.2 0.9 -7.5
v 28.2 1 -7.5
v 28.7 1 -7.5
v 28.7 1.1 -7.5
v 28.8 1 -7.5
v 28.8 1.1 -7.5
v 26.3 0.4 -7.6
v 26.3 0.5 -7.6
v 26.4 0.4 -7.6
v 26.4 0.5 -7.6
v 27.6 0.8 -7.6
v 27.6 0.9 -7.6
v 27.7 0.8 -7.6
v 27.7 0.9 -7.6
v 28.2 0.9 -7.6
v 28.2 1 -7.6
v 28.3 0.9 -7.6
v 28.3 1 -7.6
v 29.1 1.1 -7.6
v 29.1 1.2 -7.6
v 29.2 1.1 -7.6
v 29.2 1.2 -7.6
v 29.4 1.2 -7.6
v 29.4 1.3 -7.6
v 29.5 1.2 -7.6
v 29.5 1.3 -7.6
v 29.6 1.3 -7.6
v 29.6 1.4 -7.6
v 29.7 1.3 -7.6
v 29.7 1.4 -7.6
v 29.8 1.4 -7.6
v 29.8 1.5 -7.6
v 29.9 1.4 -7.6
v 29.9 1.5 -7.6
v 30 1.5 -7.6
v 30 1.6 -7.6
v 30.1 1.5 -7.6
v 30.1 1.6 -7.6
v 30.2 1.6 -7.6
v 30.2 1.7 -7.6
v 30.3 1.6 -7.6
v 30.3 1.7 -7.6
v 27.2 0.7 -7.7
v 27.2 0.8 -7.7
v 27.3 0.7 -7.7
v 27.3 0.8 -7.7
v 28.3 0.9 -7.7
v 28.3 1 -7.7
v 28.4 0.9 -7.7
v 28.4 1 -7.7
v 28.8 1 -7.7
v 28.8 1.1 -7.7
v 28.9 1 -7.7
v 28.9 1.1 -7.7
v 29.2 1.1 -7.7
v 29.2 1.2 -7.7
v 29.3 1.1 -7.7
v 29.3 1.2 -7.7
v 24.2 0 -7.8
v 24.2 0.1 -7.8
v 24.3 0 -7.8
v 24.3 0.1 -7.8
v 25.4 0.1 -7.8
v 25.4 0.2 -7.8
v 25.5 0.1 -7.8
v 25.5 0.2 -7.8
v 25.8 0.2 -7.8
v 25.8 0.3 -7.8
v 25.9 0.2 -7.8
v 25.9 0.3 -7.8
v 26.1 0.3 -7.8
v 26.1 0.4 -7.8
v 26.2 0.3 -7.8
v 26.2 0.4 -7.8
v 26.6 0.5 -7.8
v 26.6 0.6 -7.8
v 26.7 0.5 -7.8
v 26.7 0.6 -7.8
v 26.9 0.6 -7.8
v 26.9 0.7 -7.8
v 27 0.6 -7.8
v 27 0.7 -7.8
v 27.7 0.8 -7.8
v 27.7 0.9 -7.8
v 27.8 0.8 -7.8
v 27.8 0.9 -7.8
v 28.4 0.9 -7.8
v 28.4 1 -7.8
v 28.5 0.9 -7.8
v 28.5 1 -7.8
v 28.9 1 -7.8
v 28.9 1.1 -7.8
v 29 1 -7.8
v 29 1.1 -7.8
v 29.5 1.2 -7.8
v 29.5 1.3 -7.8
v 29.6 1.2 -7.8
v 29.6 1.3 -7.8
v 29.7 1.3 -7.8
v 29.7 1.4 -7.8
v 29.8 1.3 -7.8
v 29.8 1.4 -7.8
v 27.3 0.7 -7.9
v 27.3 0.8 -7.9
v 27.4 0.7 -7.9
v 27.4 0.8 -7.9
v 27.8 0.8 -7.9
v 27.8 0.9 -7.9
v 27.9 0.8 -7.9
v 27.9 0.9 -7.9
v 28.5 0.9 -7.9
v 28.5 1 -7.9
v 28.6 0.9 -7.9
v 28.6 1 -7.9
v 29 1 -7.9
v 29 1.1 -7.9
v 29.1 1 -7.9
v 29.1 1.1 -7.9
v 29.3 1.1 -7.9
v 29.3 1.2 -7.9
v 29.4 1.1 -7.9
v 29.4 1.2 -7.9
v 29.9 1.4 -7.9
v 29.9 1.5 -7.9
v 30 1.4 -7.9
v 30 1.5 -7.9
v 30.1 1.5 -7.9
v 30.1 1.6 -7.9
v 30.2 1.5 -7.9
v 30.2 1.6 -7.9
v 26.4 0.4 -8
v 26.4 0.5 -8
v 26.5 0.4 -8
v 26.5 0.5 -8
v 27.9 0.8 -8
v 27.9 0.9 -8
v 28 0.8 -8
v 28 0.9 -8
v 28.6 0.9 -8
v 28.6 1 -8
v 28.7 0.9 -8
v 28.7 1 -8
v 30.3 1.6 -8
v 30.3 1.7 -8
v 30.4 1.6 -8
v 30.4 1.7 -8
v 24.3 0 -8.1
v 24.3 0.1 -8.1
v 24.4 0 -8.1
v 24.4 0.1 -8.1
v 25.5 0.1 -8.1
v 25.5 0.2 -8.1
v 25.6 0.1 -8.1
v 25.6 0.2 -8.1
v 26.7 0.5 -8.1
v 26.7 0.6 -8.1
v 26.8 0.5 -8.1
v 26.8 0.6 -8.1
v 27 0.6 -8.1
v 27 0.7 -8.1
v 27.1 0.6 -8.1
v 27.1 0.7 -8.1
v 27.4 0.7 -8.1
v 27.4 0.8 -8.1
v 27.5 0.7 -8.1
v 27.5 0.8 -8.1
v 28 0.8 -8.1
v 28 0.9 -8.1
v 28.1 0.8 -8.1
v 28.1 0.9 -8.1
v 28.7 0.9 -8.1
v 28.7 1 -8.1
v 28.8 0.9 -8.1
v 28.8 1 -8.1
v 29.1 1 -8.1
v 29.1 1.1 -8.1
v 29.2 1 -8.1
v 29.2 1.1 -8.1
v 29.4 1.1 -8.1
v 29.4 1.2 -8.1
v 29.5 1.1 -8.1
v 29.5 1.2 -8.1
v 29.6 1.2 -8.1
v 29.6 1.3 -8.1
v 29.7 1.2 -8.1
v 29.7 1.3 -8.1
v 29.8 1.3 -8.1
v 29.8 1.4 -8.1
v 29.9 1.3 -8.1
v 29.9 1.4 -8.1
v 25.9 0.2 -8.2
v 25.9 0.3 -8.2
v 26 0.2 -8.2
v 26 0.3 -8.2
v 26.2 0.3 -8.2
v 26.2 0.4 -8.2
v 26.3 0.3 -8.2
v 26.3 0.4 -8.2
v 27.5 0.7 -8.2
v 27.5 0.8 -8.2
v 27.6 0.7 -8.2
v 27.6 0.8 -8.2
v 28.1 0.8 -8.2
v 28.1 0.9 -8.2
v 28.3 0.8 -8.2
v 28.3 0.9 -8.2
v 28.8 0.9 -8.2
v 28.8 1 -8.2
v 28.9 0.9 -8.2
v 28.9 1 -8.2
v 30 1.4 -8.2
v 30 1.5 -8.2
v 30.1 1.4 -8.2
v 30.1 1.5 -8.2
v 24.4 0 -8.3
v 24.4 0.1 -8.3
v 24.5 0 -8.3
v 24.5 0.1 -8.3
v 26.5 0.4 -8.3
v 26.5 0.5 -8.3
v 26.6 0.4 -8.3
v 26.6 0.5 -8.3
v 27.1 0.6 -8.3
v 27.1 0.7 -8.3
v 27.2 0.6 -8.3
v 27.2 0.7 -8.3
v 27.6 0.7 -8.3
v 27.6 0.8 -8.3
v 27.7 0.7 -8.3
v 27.7 0.8 -8.3
v 28.3 0.8 -8.3
v 28.3 0.9 -8.3
v 28.4 0.8 -8.3
v 28.4 0.9 -8.3
v 28.9 0.9 -8.3
v 28.9 1 -8.3
v 29 0.9 -8.3
v 29 1 -8.3
v 29.2 1 -8.3
v 29.2 1.1 -8.3
v 29.3 1 -8.3
v 29.3 1.1 -8.3
v 29.5 1.1 -8.3
v 29.5 1.2 -8.3
v 29.6 1.1 -8.3
v 29.6 1.2 -8.3
v 29.7 1.2 -8.3
v 29.7 1.3 -8.3
v 29.8 1.2 -8.3
v 29.8 1.3 -8.3
v 30.2 1.5 -8.3
v 30.2 1.6 -8.3
v 30.3 1.5 -8.3
v 30.3 1.6 -8.3
v 26.8 0.5 -8.4
v 26.8 0.6 -8.4
v 26.9 0.5 -8.4
v 26.9 0.6 -8.4
v 28.4 0.8 -8.4
v 28.4 0.9 -8.4
v 28.5 0.8 -8.4
v 28.5 0.9 -8.4
v 29.3 1 -8.4
v 29.3 1.1 -8.4
v 29.4 1 -8.4
v 29.4 1.1 -8.4
v 29.9 1.3 -8.4
v 29.9 1.4 -8.4
v 30 1.3 -8.4
v 30 1.4 -8.4
v 30.4 1.6 -8.4
v 30.4 1.7 -8.4
v 30.5 1.6 -8.4
v 30.5 1.7 -8.4
v 25.6 0.1 -8.6
v 25.6 0.2 -8.6
v 25.7 0.1 -8.6
v 25.7 0.2 -8.6
v 26 0.2 -8.6
v 26 0.3 -8.6
v 26.1 0.2 -8.6
v 26.1 0.3 -8.6
v 26.3 0.3 -8.6
v 26.3 0.4 -8.6
v 26.4 0.3 -8.6
v 26.4 0.4 -8.6
v 27.2 0.6 -8.6
v 27.2 0.7 -8.6
v 27.3 0.6 -8.6
v 27.3 0.7 -8.6
v 27.7 0.7 -8.6
v 27.7 0.8 -8.6
v 27.9 0.7 -8.6
v 27.9 0.8 -8.6
v 28.5 0.8 -8.6
v 28.5 0.9 -8.6
v 28.6 0.8 -8.6
v 28.6 0.9 -8.6
v 29 0.9 -8.6
v 29 1 -8.6
v 29.1 0.9 -8.6
v 29.1 1 -8.6
v 30.1 1.4 -8.6
v 30.1 1.5 -8.6
v 30.2 1.4 -8.6
v 30.2 1.5 -8.6
v 24.5 0 -8.7
v 24.5 0.1 -8.7
v 24.6 0 -8.7
v 24.6 0.1 -8.7
v 26.6 0.4 -8.7
v 26.6 0.5 -8.7
v 26.7 0.4 -8.7
v 26.7 0.5 -8.7
v 26.9 0.5 -8.7
v 26.9 0.6 -8.7
v 27 0.5 -8.7
v 27 0.6 -8.7
v 27.9 0.7 -8.7
v 27.9 0.8 -8.7
v 28 0.7 -8.7
v 28 0.8 -8.7
v 28.6 0.8 -8.7
v 28.6 0.9 -8.7
v 28.7 0.8 -8.7
v 28.7 0.9 -8.7
v 29.1 0.9 -8.7
v 29.1 1 -8.7
v 29.2 0.9 -8.7
v 29.2 1 -8.7
v 29.4 1 -8.7
v 29.4 1.1 -8.7
v 29.5 1 -8.7
v 29.5 1.1 -8.7
v 29.6 1.1 -8.7
v 29.6 1.2 -8.7
v 29.7 1.1 -8.7
v 29.7 1.2 -8.7
v 29.8 1.2 -8.7
v 29.8 1.3 -8.7
v 29.9 1.2 -8.7
v 29.9 1.3 -8.7
v 27.3 0.6 -8.8
v 27.3 0.7 -8.8
v 27.4 0.6 -8.8
v 27.4 0.7 -8.8
v 28 0.7 -8.8
v 28 0.8 -8.8
v 28.1 0.7 -8.8
v 28.1 0.8 -8.8
v 28.7 0.8 -8.8
v 28.7 0.9 -8.8
v 28.8 0.8 -8.8
v 28.8 0.9 -8.8
v 30 1.3 -8.8
v 30 1.4 -8.8
v 30.1 1.3 -8.8
v 30.1 1.4 -8.8
v 30.3 1.5 -8.8
v 30.3 1.6 -8.8
v 30.4 1.5 -8.8
v 30.4 1.6 -8.8
v 25.7 0.1 -8.9
v 25.7 0.2 -8.9
v 25.8 0.1 -8.9
v 25.8 0.2 -8.9
v 27.4 0.6 -8.9
v 27.4 0.7 -8.9
v 27.5 0.6 -8.9
v 27.5 0.7 -8.9
v 28.1 0.7 -8.9
v 28.1 0.8 -8.9
v 28.3 0.7 -8.9
v 28.3 0.8 -8.9
v 28.8 0.8 -8.9
v 28.8 0.9 -8.9
v 28.9 0.8 -8.9
v 28.9 0.9 -8.9
v 29.2 0.9 -8.9
v 29.2 1 -8.9
v 29.3 0.9 -8.9
v 29.3 1 -8.9
v 29.5 1 -8.9
v 29.5 1.1 -8.9
v 29.6 1 -8.9
v 29.6 1.1 -8.9
v 29.7 1.1 -8.9
v 29.7 1.2 -8.9
v 29.8 1.1 -8.9
v 29.8 1.2 -8.9
v 30.5 1.6 -8.9
v 30.5 1.7 -8.9
v 30.6 1.6 -8.9
v 30.6 1.7 -8.9
v 24.6 0 -9
v 24.6 0.1 -9
v 24.7 0 -9
v 24.7 0.1 -9
v 26.1 0.2 -9
v 26.1 0.3 -9
v 26.2 0.2 -9
v 26.2 0.3 -9
v 26.4 0.3 -9
v 26.4 0.4 -9
v 26.5 0.3 -9
v 26.5 0.4 -9
v 26.7 0.4 -9
v 26.7 0.5 -9
v 26.8 0.4 -9
v 26.8 0.5 -9
v 27 0.5 -9
v 27 0.6 -9
v 27.1 0.5 -9
v 27.1 0.6 -9
v 27.5 0.6 -9
v 27.5 0.7 -9
v 27.6 0.6 -9
v 27.6 0.7 -9
v 28.3 0.7 -9
v 28.3 0.8 -9
v 28.4 0.7 -9
v 28.4 0.8 -9
v 28.9 0.8 -9
v 28.9 0.9 -9
v 29 0.8 -9
v 29 0.9 -9
v 29.3 0.9 -9
v 29.3 1 -9
v 29.4 0.9 -9
v 29.4 1 -9
v 29.9 1.2 -9
v 29.9 1.3 -9
v 30 1.2 -9
v 30 1.3 -9
v 30.2 1.4 -9
v 30.2 1.5 -9
v 30.3 1.4 -9
v 30.3 1.5 -9
v 27.6 0.6 -9.1
v 27.6 0.7 -9.1
v 27.7 0.6 -9.1
v 27.7 0.7 -9.1
v 28.4 0.7 -9.1
v 28.4 0.8 -9.1
v 28.6 0.7 -9.1
v 28.6 0.8 -9.1
v 29 0.8 -9.1
v 29 0.9 -9.1
v 29.1 0.8 -9.1
v 29.1 0.9 -9.1
v 27.1 0.5 -9.2
v 27.1 0.6 -9.2
v 27.2 0.5 -9.2
v 27.2 0.6 -9.2
v 27.7 0.6 -9.2
v 27.7 0.7 -9.2
v 27.8 0.6 -9.2
v 27.8 0.7 -9.2
v 28.6 0.7 -9.2
v 28.6 0.8 -9.2
v 28.7 0.7 -9.2
v 28.7 0.8 -9.2
v 29.1 0.8 -9.2
v 29.1 0.9 -9.2
v 29.2 0.8 -9.2
v 29.2 0.9 -9.2
v 29.4 0.9 -9.2
v 29.4 1 -9.2
v 29.5 0.9 -9.2
v 29.5 1 -9.2
v 29.6 1 -9.2
v 29.6 1.1 -9.2
v 29.7 1 -9.2
v 29.7 1.1 -9.2
v 29.8 1.1 -9.2
v 29.8 1.2 -9.2
v 29.9 1.1 -9.2
v 29.9 1.2 -9.2
v 30.1 1.3 -9.2
v 30.1 1.4 -9.2
v 30.2 1.3 -9.2
v 30.2 1.4 -9.2
v 30.4 1.5 -9.2
v 30.4 1.6 -9.2
v 30.5 1.5 -9.2
v 30.5 1.6 -9.2
v 24.7 0 -9.3
v 24.7 0.1 -9.3
v 24.8 0 -9.3
v 24.8 0.1 -9.3
v 25.8 0.1 -9.3
v 25.8 0.2 -9.3
v 25.9 0.1 -9.3
v 25.9 0.2 -9.3
v 26.5 0.3 -9.3
v 26.5 0.4 -9.3
v 26.6 0.3 -9.3
v 26.6 0.4 -9.3
v 26.8 0.4 -9.3
v 26.8 0.5 -9.3
v 26.9 0.4 -9.3
v 26.9 0.5 -9.3
v 27.8 0.6 -9.3
v 27.8 0.7 -9.3
v 27.9 0.6 -9.3
v 27.9 0.7 -9.3
v 28.7 0.7 -9.3
v 28.7 0.8 -9.3
v 28.8 0.7 -9.3
v 28.8 0.8 -9.3
v 30 1.2 -9.3
v 30 1.3 -9.3
v 30.1 1.2 -9.3
v 30.1 1.3 -9.3
v 26.2 0.2 -9.4
v 26.2 0.3 -9.4
v 26.3 0.2 -9.4
v 26.3 0.3 -9.4
v 27.2 0.5 -9.4
v 27.2 0.6 -9.4
v 27.3 0.5 -9.4
v 27.3 0.6 -9.4
v 27.9 0.6 -9.4
v 27.9 0.7 -9.4
v 28.1 0.6 -9.4
v 28.1 0.7 -9.4
v 28.8 0.7 -9.4
v 28.8 0.8 -9.4
v 28.9 0.7 -9.4
v 28.9 0.8 -9.4
v 29.2 0.8 -9.4
v 29.2 0.9 -9.4
v 29.3 0.8 -9.4
v 29.3 0.9 -9.4
v 29.5 0.9 -9.4
v 29.5 1 -9.4
v 29.6 0.9 -9.4
v 29.6 1 -9.4
v 29.7 1 -9.4
v 29.7 1.1 -9.4
v 29.8 1 -9.4
v 29.8 1.1 -9.4
v 30.3 1.4 -9.4
v 30.3 1.5 -9.4
v 30.4 1.4 -9.4
v 30.4 1.5 -9.4
v 30.6 1.6 -9.4
v 30.6 1.7 -9.4
v 30.7 1.6 -9.4
v 30.7 1.7 -9.4
v 27.3 0.5 -9.5
v 27.3 0.6 -9.5
v 27.4 0.5 -9.5
v 27.4 0.6 -9.5
v 28.1 0.6 -9.5
v 28.1 0.7 -9.5
v 28.3 0.6 -9.5
v 28.3 0.7 -9.5
v 28.9 0.7 -9.5
v 28.9 0.8 -9.5
v 29 0.7 -9.5
v 29 0.8 -9.5
v 29.3 0.8 -9.5
v 29.3 0.9 -9.5
v 29.4 0.8 -9.5
v 29.4 0.9 -9.5
v 29.9 1.1 -9.5
v 29.9 1.2 -9.5
v 30 1.1 -9.5
v 30 1.2 -9.5
v 26.9 0.4 -9.6
v 26.9 0.5 -9.6
v 27 0.4 -9.6
v 27 0.5 -9.6
v 27.4 0.5 -9.6
v 27.4 0.6 -9.6
v 27.5 0.5 -9.6
v 27.5 0.6 -9.6
v 28.3 0.6 -9.6
v 28.3 0.7 -9.6
v 28.5 0.6 -9.6
v 28.5 0.7 -9.6
v 29 0.7 -9.6
v 29 0.8 -9.6
v 29.1 0.7 -9.6
v 29.1 0.8 -9.6
v 29.6 0.9 -9.6
v 29.6 1 -9.6
v 29.7 0.9 -9.6
v 29.7 1 -9.6
v 30.2 1.3 -9.6
v 30.2 1.4 -9.6
v 30.3 1.3 -9.6
v 30.3 1.4 -9.6
v 24.8 0 -9.7
v 24.8 0.1 -9.7
v 24.9 0 -9.7
v 24.9 0.1 -9.7
v 25.9 0.1 -9.7
v 25.9 0.2 -9.7
v 26 0.1 -9.7
v 26 0.2 -9.7
v 26.3 0.2 -9.7
v 26.3 0.3 -9.7
v 26.4 0.2 -9.7
v 26.4 0.3 -9.7
v 26.6 0.3 -9.7
v 26.6 0.4 -9.7
v 26.7 0.3 -9.7
v 26.7 0.4 -9.7
v 27.5 0.5 -9.7
v 27.5 0.6 -9.7
v 27.6 0.5 -9.7
v 27.6 0.6 -9.7
v 28.5 0.6 -9.7
v 28.5 0.7 -9.7
v 28.6 0.6 -9.7
v 28.6 0.7 -9.7
v 29.1 0.7 -9.7
v 29.1 0.8 -9.7
v 29.2 0.7 -9.7
v 29.2 0.8 -9.7
v 29.4 0.8 -9.7
v 29.4 0.9 -9.7
v 29.5 0.8 -9.7
v 29.5 0.9 -9.7
v 29.8 1 -9.7
v 29.8 1.1 -9.7
v 29.9 1 -9.7
v 29.9 1.1 -9.7
v 30.1 1.2 -9.7
v 30.1 1.3 -9.7
v 30.2 1.2 -9.7
v 30.2 1.3 -9.7
v 30.5 1.5 -9.7
v 30.5 1.6 -9.7
v 30.6 1.5 -9.7
v 30.6 1.6 -9.7
v 27 0.4 -9.8
v 27 0.5 -9.8
v 27.1 0.4 -9.8
v 27.1 0.5 -9.8
v 27.6 0.5 -9.8
v 27.6 0.6 -9.8
v 27.7 0.5 -9.8
v 27.7 0.6 -9.8
v 28.6 0.6 -9.8
v 28.6 0.7 -9.8
v 28.8 0.6 -9.8
v 28.8 0.7 -9.8
v 30 1.1 -9.8
v 30 1.2 -9.8
v 30.1 1.1 -9.8
v 30.1 1.2 -9.8
v 27.7 0.5 -9.9
v 27.7 0.6 -9.9
v 27.9 0.5 -9.9
v 27.9 0.6 -9.9
v 28.8 0.6 -9.9
v 28.8 0.7 -9.9
v 28.9 0.6 -9.9
v 28.9 0.7 -9.9
v 29.2 0.7 -9.9
v 29.2 0.8 -9.9
v 29.3 0.7 -9.9
v 29.3 0.8 -9.9
v 29.5 0.8 -9.9
v 29.5 0.9 -9.9
v 29.6 0.8 -9.9
v 29.6 0.9 -9.9
v 29.7 0.9 -9.9
v 29.7 1 -9.9
v 29.8 0.9 -9.9
v 29.8 1 -9.9
v 30.4 1.4 -9.9
v 30.4 1.5 -9.9
v 30.5 1.4 -9.9
v 30.5 1.5 -9.9
v 30.7 1.6 -9.9
v 30.7 1.7 -9.9
v 30.8 1.6 -9.9
v 30.8 1.7 -9.9
v 24.9 0 -10
v 24.9 0.1 -10
v 25 0 -10
v 25 0.1 -10
v 26.7 0.3 -10
v 26.7 0.4 -10
v 26.8 0.3 -10
v 26.8 0.4 -10
v 27.1 0.4 -10
v 27.1 0.5 -10
v 27.2 0.4 -10
v 27.2 0.5 -10
v 27.9 0.5 -10
v 27.9 0.6 -10
v 28.1 0.5 -10
v 28.1 0.6 -10
v 28.9 0.6 -10
v 28.9 0.7 -10
v 29 0.6 -10
v 29 0.7 -10
v 29.3 0.7 -10
v 29.3 0.8 -10
v 29.4 0.7 -10
v 29.4 0.8 -10
v 29.9 1 -10
v 29.9 1.1 -10
v 30 1 -10
v 30 1.1 -10
v 30.3 1.3 -10
v 30.3 1.4 -10
v 30.4 1.3 -10
v 30.4 1.4 -10
v 26 0.1 -10.1
v 26 0.2 -10.1
v 26.1 0.1 -10.1
v 26.1 0.2 -10.1
v 26.4 0.2 -10.1
v 26.4 0.3 -10.1
v 26.5 0.2 -10.1
v 26.5 0.3 -10.1
v 27.2 0.4 -10.1
v 27.2 0.5 -10.1
v 27.3 0.4 -10.1
v 27.3 0.5 -10.1
v 28.1 0.5 -10.1
v 28.1 0.6 -10.1
v 28.3 0.5 -10.1
v 28.3 0.6 -10.1
v 29 0.6 -10.1
v 29 0.7 -10.1
v 29.1 0.6 -10.1
v 29.1 0.7 -10.1
v 29.6 0.8 -10.1
v 29.6 0.9 -10.1
v 29.7 0.8 -10.1
v 29.7 0.9 -10.1
v 30.2 1.2 -10.1
v 30.2 1.3 -10.1
v 30.3 1.2 -10.1
v 30.3 1.3 -10.1
v 26.8 0.3 -10.3
v 26.8 0.4 -10.3
v 26.9 0.3 -10.3
v 26.9 0.4 -10.3
v 28.3 0.5 -10.3
v 28.3 0.6 -10.3
v 28.5 0.5 -10.3
v 28.5 0.6 -10.3
v 29.4 0.7 -10.3
v 29.4 0.8 -10.3
v 29.5 0.7 -10.3
v 29.5 0.8 -10.3
v 29.8 0.9 -10.3
v 29.8 1 -10.3
v 29.9 0.9 -10.3
v 29.9 1 -10.3
v 30.1 1.1 -10.3
v 30.1 1.2 -10.3
v 30.2 1.1 -10.3
v 30.2 1.2 -10.3
v 30.6 1.5 -10.3
v 30.6 1.6 -10.3
v 30.7 1.5 -10.3
v 30.7 1.6 -10.3
v 25 0 -10.4
v 25 0.1 -10.4
v 25.1 0 -10.4
v 25.1 0.1 -10.4
v 27.3 0.4 -10.4
v 27.3 0.5 -10.4
v 27.4 0.4 -10.4
v 27.4 0.5 -10.4
v 28.5 0.5 -10.4
v 28.5 0.6 -10.4
v 28.6 0.5 -10.4
v 28.6 0.6 -10.4
v 29.1 0.6 -10.4
v 29.1 0.7 -10.4
v 29.2 0.6 -10.4
v 29.2 0.7 -10.4
v 30 1 -10.4
v 30 1.1 -10.4
v 30.1 1 -10.4
v 30.1 1.1 -10.4
v 30.5 1.4 -10.4
v 30.5 1.5 -10.4
v 30.6 1.4 -10.4
v 30.6 1.5 -10.4
v 26.5 0.2 -10.5
v 26.5 0.3 -10.5
v 26.6 0.2 -10.5
v 26.6 0.3 -10.5
v 27.4 0.4 -10.5
v 27.4 0.5 -10.5
v 27.5 0.4 -10.5
v 27.5 0.5 -10.5
v 28.6 0.5 -10.5
v 28.6 0.6 -10.5
v 28.8 0.5 -10.5
v 28.8 0.6 -10.5
v 29.2 0.6 -10.5
v 29.2 0.7 -10.5
v 29.3 0.6 -10.5
v 29.3 0.7 -10.5
v 29.5 0.7 -10.5
v 29.5 0.8 -10.5
v 29.6 0.7 -10.5
v 29.6 0.8 -10.5
v 29.7 0.8 -10.5
v 29.7 0.9 -10.5
v 29.8 0.8 -10.5
v 29.8 0.9 -10.5
v 30.4 1.3 -10.5
v 30.4 1.4 -10.5
v 30.5 1.3 -10.5
v 30.5 1.4 -10.5
v 26.1 0.1 -10.6
v 26.1 0.2 -10.6
v 26.2 0.1 -10.6
v 26.2 0.2 -10.6
v 26.9 0.3 -10.6
v 26.9 0.4 -10.6
v 27 0.3 -10.6
v 27 0.4 -10.6
v 27.5 0.4 -10.6
v 27.5 0.5 -10.6
v 27.7 0.4 -10.6
v 27.7 0.5 -10.6
v 28.8 0.5 -10.6
v 28.8 0.6 -10.6
v 28.9 0.5 -10.6
v 28.9 0.6 -10.6
v 29.9 0.9 -10.6
v 29.9 1 -10.6
v 30 0.9 -10.6
v 30 1 -10.6
v 30.3 1.2 -10.6
v 30.3 1.3 -10.6
v 30.4 1.2 -10.6
v 30.4 1.3 -10.6
v 30.8 1.6 -10.6
v 30.8 1.7 -10.6
v 30.9 1.6 -10.6
v 30.9 1.7 -10.6
v 27.7 0.4 -10.7
v 27.7 0.5 -10.7
v 27.9 0.4 -10.7
v 27.9 0.5 -10.7
v 28.9 0.5 -10.7
v 28.9 0.6 -10.7
v 29 0.5 -10.7
v 29 0.6 -10.7
v 29.3 0.6 -10.7
v 29.3 0.7 -10.7
v 29.4 0.6 -10.7
v 29.4 0.7 -10.7
v 30.2 1.1 -10.7
v 30.2 1.2 -10.7
v 30.3 1.1 -10.7
v 30.3 1.2 -10.7
v 25.1 0 -10.8
v 25.1 0.1 -10.8
v 25.2 0 -10.8
v 25.2 0.1 -10.8
v 27 0.3 -10.8
v 27 0.4 -10.8
v 27.1 0.3 -10.8
v 27.1 0.4 -10.8
v 27.9 0.4 -10.8
v 27.9 0.5 -10.8
v 28.2 0.4 -10.8
v 28.2 0.5 -10.8
v 29 0.5 -10.8
v 29 0.6 -10.8
v 29.1 0.5 -10.8
v 29.1 0.6 -10.8
v 29.6 0.7 -10.8
v 29.6 0.8 -10.8
v 29.7 0.7 -10.8
v 29.7 0.8 -10.8
v 29.8 0.8 -10.8
v 29.8 0.9 -10.8
v 29.9 0.8 -10.8
v 29.9 0.9 -10.8
v 30.1 1 -10.8
v 30.1 1.1 -10.8
v 30.2 1 -10.8
v 30.2 1.1 -10.8
v 26.6 0.2 -10.9
v 26.6 0.3 -10.9
v 26.7 0.2 -10.9
v 26.7 0.3 -10.9
v 28.2 0.4 -10.9
v 28.2 0.5 -10.9
v 28.4 0.4 -10.9
v 28.4 0.5 -10.9
v 29.1 0.5 -10.9
v 29.1 0.6 -10.9
v 29.2 0.5 -10.9
v 29.2 0.6 -10.9
v 29.4 0.6 -10.9
v 29.4 0.7 -10.9
v 29.5 0.6 -10.9
v 29.5 0.7 -10.9
v 30 0.9 -10.9
v 30 1 -10.9
v 30.1 0.9 -10.9
v 30.1 1 -10.9
v 30.7 1.5 -10.9
v 30.7 1.6 -10.9
v 30.8 1.5 -10.9
v 30.8 1.6 -10.9
v 26.2 0.1 -11
v 26.2 0.2 -11
v 26.3 0.1 -11
v 26.3 0.2 -11
v 27.1 0.3 -11
v 27.1 0.4 -11
v 27.2 0.3 -11
v 27.2 0.4 -11
v 28.4 0.4 -11
v 28.4 0.5 -11
v 28.6 0.4 -11
v 28.6 0.5 -11
v 29.7 0.7 -11
v 29.7 0.8 -11
v 29.8 0.7 -11
v 29.8 0.8 -11
v 30.5 1.3 -11
v 30.5 1.4 -11
v 30.6 1.3 -11
v 30.6 1.4 -11
v 30.6 1.5 -11
v 30.7 1.4 -11
v 30.7 1.5 -11
v 27.2 0.3 -11.1
v 27.2 0.4 -11.1
v 27.3 0.3 -11.1
v 27.3 0.4 -11.1
v 28.6 0.4 -11.1
v 28.6 0.5 -11.1
v 28.8 0.4 -11.1
v 28.8 0.5 -11.1
v 29.2 0.5 -11.1
v 29.2 0.6 -11.1
v 29.3 0.5 -11.1
v 29.3 0.6 -11.1
v 29.5 0.6 -11.1
v 29.5 0.7 -11.1
v 29.6 0.6 -11.1
v 29.6 0.7 -11.1
v 29.9 0.8 -11.1
v 29.9 0.9 -11.1
v 30 0.8 -11.1
v 30 0.9 -11.1
v 30.3 1.1 -11.1
v 30.3 1.2 -11.1
v 30.4 1.1 -11.1
v 30.4 1.2 -11.1
v 30.4 1.3 -11.1
v 30.5 1.2 -11.1
v 30.5 1.3 -11.1
v 25.2 0 -11.2
v 25.2 0.1 -11.2
v 25.3 0 -11.2
v 25.3 0.1 -11.2
v 26.7 0.2 -11.2
v 26.7 0.3 -11.2
v 26.8 0.2 -11.2
v 26.8 0.3 -11.2
v 27.3 0.3 -11.2
v 27.3 0.4 -11.2
v 27.4 0.3 -11.2
v 27.4 0.4 -11.2
v 28.8 0.4 -11.2
v 28.8 0.5 -11.2
v 28.9 0.4 -11.2
v 28.9 0.5 -11.2
v 29.3 0.5 -11.2
v 29.3 0.6 -11.2
v 29.4 0.5 -11.2
v 29.4 0.6 -11.2
v 30.2 1 -11.2
v 30.2 1.1 -11.2
v 30.3 1 -11.2
v 30.3 1.1 -11.2
v 27.4 0.3 -11.3
v 27.4 0.4 -11.3
v 27.5 0.3 -11.3
v 27.5 0.4 -11.3
v 28.9 0.4 -11.3
v 28.9 0.5 -11.3
v 29 0.4 -11.3
v 29 0.5 -11.3
v 29.6 0.6 -11.3
v 29.6 0.7 -11.3
v 29.7 0.6 -11.3
v 29.7 0.7 -11.3
v 29.8 0.7 -11.3
v 29.8 0.8 -11.3
v 29.9 0.7 -11.3
v 29.9 0.8 -11.3
v 30.1 0.9 -11.3
v 30.1 1 -11.3
v 30.2 0.9 -11.3
v 30.2 1 -11.3
v 30.9 1.6 -11.3
v 30.9 1.7 -11.3
v 31 1.6 -11.3
v 31 1.7 -11.3
v 26.3 0.1 -11.4
v 26.3 0.2 -11.4
v 26.4 0.1 -11.4
v 26.4 0.2 -11.4
v 26.8 0.2 -11.4
v 26.8 0.3 -11.4
v 26.9 0.2 -11.4
v 26.9 0.3 -11.4
v 27.5 0.3 -11.4
v 27.5 0.4 -11.4
v 27.7 0.3 -11.4
v 27.7 0.4 -11.4
v 29 0.4 -11.4
v 29 0.5 -11.4
v 29.1 0.4 -11.4
v 29.1 0.5 -11.4
v 29.4 0.5 -11.4
v 29.4 0.6 -11.4
v 29.5 0.5 -11.4
v 29.5 0.6 -11.4
v 30 0.8 -11.4
v 30 0.9 -11.4
v 30.1 0.8 -11.4
v 30.1 0.9 -11.4
v 27.7 0.3 -11.5
v 27.7 0.4 -11.5
v 28.1 0.3 -11.5
v 28.1 0.4 -11.5
v 25.3 0 -11.6
v 25.3 0.1 -11.6
v 25.4 0 -11.6
v 25.4 0.1 -11.6
v 28.1 0.3 -11.6
v 28.1 0.4 -11.6
v 28.4 0.3 -11.6
v 28.4 0.4 -11.6
v 29.1 0.4 -11.6
v 29.1 0.5 -11.6
v 29.2 0.4 -11.6
v 29.2 0.5 -11.6
v 29.5 0.5 -11.6
v 29.5 0.6 -11.6
v 29.6 0.5 -11.6
v 29.6 0.6 -11.6
v 29.7 0.6 -11.6
v 29.7 0.7 -11.6
v 29.8 0.6 -11.6
v 29.8 0.7 -11.6
v 29.9 0.7 -11.6
v 29.9 0.8 -11.6
v 30 0.7 -11.6
v 30 0.8 -11.6
v 30.4 1.1 -11.6
v 30.4 1.2 -11.6
v 30.5 1.1 -11.6
v 30.5 1.2 -11.6
v 30.5 1.3 -11.6
v 30.6 1.2 -11.6
v 30.6 1.3 -11.6
v 30.6 1.4 -11.6
v 30.7 1.3 -11.6
v 30.7 1.4 -11.6
v 30.7 1.5 -11.6
v 30.8 1.4 -11.6
v 30.8 1.5 -11.6
v 30.8 1.6 -11.6
v 30.9 1.5 -11.6
v 30.9 1.6 -11.6
v 26.9 0.2 -11.7
v 26.9 0.3 -11.7
v 27 0.2 -11.7
v 27 0.3 -11.7
v 28.4 0.3 -11.7
v 28.4 0.4 -11.7
v 28.6 0.3 -11.7
v 28.6 0.4 -11.7
v 29.2 0.4 -11.7
v 29.2 0.5 -11.7
v 29.3 0.4 -11.7
v 29.3 0.5 -11.7
v 30.2 0.9 -11.7
v 30.2 1 -11.7
v 30.3 0.9 -11.7
v 30.3 1 -11.7
v 30.3 1.1 -11.7
v 30.4 1 -11.7
v 30.4 1.1 -11.7
v 26.4 0.1 -11.8
v 26.4 0.2 -11.8
v 26.5 0.1 -11.8
v 26.5 0.2 -11.8
v 28.6 0.3 -11.8
v 28.6 0.4 -11.8
v 28.8 0.3 -11.8
v 28.8 0.4 -11.8
v 30.1 0.8 -11.8
v 30.1 0.9 -11.8
v 30.2 0.8 -11.8
v 30.2 0.9 -11.8
v 27 0.2 -12
v 27 0.3 -12
v 27.1 0.2 -12
v 27.1 0.3 -12
v 28.8 0.3 -12
v 28.8 0.4 -12
v 28.9 0.3 -12
v 28.9 0.4 -12
v 29.3 0.4 -12
v 29.3 0.5 -12
v 29.4 0.4 -12
v 29.4 0.5 -12
v 29.6 0.5 -12
v 29.6 0.6 -12
v 29.7 0.5 -12
v 29.7 0.6 -12
v 29.8 0.6 -12
v 29.8 0.7 -12
v 29.9 0.6 -12
v 29.9 0.7 -12
v 27.1 0.2 -12.1
v 27.1 0.3 -12.1
v 27.2 0.2 -12.1
v 27.2 0.3 -12.1
v 28.9 0.3 -12.1
v 28.9 0.4 -12.1
v 29 0.3 -12.1
v 29 0.4 -12.1
v 30 0.7 -12.1
v 30 0.8 -12.1
v 30.1 0.7 -12.1
v 30.1 0.8 -12.1
v 25.4 0 -12.2
v 25.4 0.1 -12.2
v 25.5 0 -12.2
v 25.5 0.1 -12.2
v 26.5 0.1 -12.2
v 26.5 0.2 -12.2
v 26.6 0.1 -12.2
v 26.6 0.2 -12.2
v 27.2 0.2 -12.2
v 27.2 0.3 -12.2
v 27.3 0.2 -12.2
v 27.3 0.3 -12.2
v 29 0.3 -12.2
v 29 0.4 -12.2
v 29.1 0.3 -12.2
v 29.1 0.4 -12.2
v 29.4 0.4 -12.2
v 29.4 0.5 -12.2
v 29.5 0.4 -12.2
v 29.5 0.5 -12.2
v 31 1.6 -12.2
v 31 1.7 -12.2
v 31.1 1.6 -12.2
v 31.1 1.7 -12.2
v 27.3 0.2 -12.3
v 27.3 0.3 -12.3
v 27.4 0.2 -12.3
v 27.4 0.3 -12.3
v 29.7 0.5 -12.3
v 29.7 0.6 -12.3
v 29.8 0.5 -12.3
v 29.8 0.6 -12.3
v 29.9 0.6 -12.3
v 29.9 0.7 -12.3
v 30 0.6 -12.3
v 30 0.7 -12.3
v 30.3 0.9 -12.3
v 30.3 1 -12.3
v 30.4 0.9 -12.3
v 30.4 1 -12.3
v 30.4 1.1 -12.3
v 30.5 1 -12.3
v 30.5 1.1 -12.3
v 30.5 1.2 -12.3
v 30.6 1.1 -12.3
v 30.6 1.2 -12.3
v 27.4 0.2 -12.4
v 27.4 0.3 -12.4
v 27.7 0.2 -12.4
v 27.7 0.3 -12.4
v 29.1 0.3 -12.4
v 29.1 0.4 -12.4
v 29.2 0.3 -12.4
v 29.2 0.4 -12.4
v 29.5 0.4 -12.4
v 29.5 0.5 -12.4
v 29.6 0.4 -12.4
v 29.6 0.5 -12.4
v 30.2 0.8 -12.4
v 30.2 0.9 -12.4
v 30.3 0.8 -12.4
v 30.3 0.9 -12.4
v 30.6 1.2 -12.4
v 30.6 1.3 -12.4
v 30.7 1.2 -12.4
v 30.7 1.3 -12.4
v 30.7 1.4 -12.4
v 30.8 1.3 -12.4
v 30.8 1.4 -12.4
v 30.9 1.5 -12.4
v 30.9 1.6 -12.4
v 31 1.5 -12.4
v 31 1.6 -12.4
v 26.6 0.1 -12.5
v 26.6 0.2 -12.5
v 26.7 0.1 -12.5
v 26.7 0.2 -12.5
v 27.7 0.2 -12.5
v 27.7 0.3 -12.5
v 28.3 0.2 -12.5
v 28.3 0.3 -12.5
v 29.2 0.3 -12.5
v 29.2 0.4 -12.5
v 29.3 0.3 -12.5
v 29.3 0.4 -12.5
v 30.1 0.7 -12.5
v 30.1 0.8 -12.5
v 30.2 0.7 -12.5
v 30.2 0.8 -12.5
v 30.8 1.4 -12.5
v 30.8 1.5 -12.5
v 30.9 1.4 -12.5
v 30.9 1.5 -12.5
v 25.5 0 -12.6
v 25.5 0.1 -12.6
v 25.6 0 -12.6
v 25.6 0.1 -12.6
v 28.3 0.2 -12.6
v 28.3 0.3 -12.6
v 28.5 0.2 -12.6
v 28.5 0.3 -12.6
v 29.6 0.4 -12.6
v 29.6 0.5 -12.6
v 29.7 0.4 -12.6
v 29.7 0.5 -12.6
v 29.8 0.5 -12.6
v 29.8 0.6 -12.6
v 29.9 0.5 -12.6
v 29.9 0.6 -12.6
v 28.5 0.2 -12.7
v 28.5 0.3 -12.7
v 28.7 0.2 -12.7
v 28.7 0.3 -12.7
v 29.3 0.3 -12.7
v 29.3 0.4 -12.7
v 29.4 0.3 -12.7
v 29.4 0.4 -12.7
v 30 0.6 -12.7
v 30 0.7 -12.7
v 30.1 0.6 -12.7
v 30.1 0.7 -12.7
v 25.6 0 -12.8
v 25.6 0.1 -12.8
v 26.7 0.1 -12.8
v 26.7 0.2 -12.8
v 28.7 0.2 -12.8
v 28.7 0.3 -12.8
v 29.4 0.3 -12.8
v 29.4 0.4 -12.8
v 29.7 0.4 -12.8
v 29.7 0.5 -12.8
v 29.9 0.5 -12.8
v 29.9 0.6 -12.8
v 30.1 0.6 -12.8
v 30.1 0.7 -12.8
v 30.2 0.7 -12.8
v 30.2 0.8 -12.8
v 30.3 0.8 -12.8
v 30.3 0.9 -12.8
v 30.4 0.9 -12.8
v 30.4 1 -12.8
v 30.5 1 -12.8
v 30.5 1.1 -12.8
v 30.6 1.1 -12.8
v 30.6 1.2 -12.8
v 30.7 1.2 -12.8
v 30.7 1.3 -12.8
v 30.8 1.3 -12.8
v 30.8 1.4 -12.8
v 30.9 1.4 -12.8
v 30.9 1.5 -12.8
v 31 1.5 -12.8
v 31 1.6 -12.8
v 31.1 1.6 -12.8
v 31.1 1.7 -12.8
v 41.9 0 -12.8
v 41.9 1.7 -12.8
v 23.3 0 12.8
v 41.9 0 12.8
v 23.3 0 -5.2
v 23.4 0 -5.2
v 23.4 0 -5.4
v 23.5 0 -5.4
v 23.5 0 -5.7
v 23.6 0 -5.7
v 23.6 0 -6
v 23.7 0 -6
v 23.7 0 -6.3
v 23.8 0 -6.3
v 23.8 0 -6.5
v 23.9 0 -6.5
v 23.9 0 -6.9
v 24 0 -6.9
v 24 0 -7.2
v 24.1 0 -7.2
v 24.1 0 -7.5
v 24.2 0 -7.5
v 24.2 0 -7.8
v 24.3 0 -7.8
v 24.3 0 -8.1
v 24.4 0 -8.1
v 24.4 0 -8.3
v 24.5 0 -8.3
v 24.5 0 -8.7
v 24.6 0 -8.7
v 24.6 0 -9
v 24.7 0 -9
v 24.7 0 -9.3
v 24.8 0 -9.3
v 24.8 0 -9.7
v 24.9 0 -9.7
v 24.9 0 -10
v 25 0 -10
v 25 0 -10.4
v 25.1 0 -10.4
v 25.1 0 -10.8
v 25.2 0 -10.8
v 25.2 0 -11.2
v 25.3 0 -11.2
v 25.3 0 -11.6
v 25.4 0 -11.6
v 25.4 0 -12.2
v 25.5 0 -12.2
v 25.5 0 -12.6
v 25.6 0 -12.6
v 25.6 0 -12.8
v 41.9 0 -12.8
v 24 0.1 -2
v 24.3 0.1 -2
v 23.9 0.1 -2.1
v 24 0.1 -2.1
v 24.3 0.1 -2.1
v 24.4 0.1 -2.1
v 23.7 0.1 -2.2
v 23.9 0.1 -2.2
v 24.4 0.1 -2.2
v 24.5 0.1 -2.2
v 23.6 0.1 -2.3
v 23.7 0.1 -2.3
v 23.5 0.1 -2.4
v 23.6 0.1 -2.4
v 23.4 0.1 -2.5
v 23.5 0.1 -2.5
v 23.3 0.1 -2.7
v 23.4 0.1 -2.7
v 24.5 0.1 -2.7
v 24.6 0.1 -2.7
v 24.6 0.1 -4.3
v 24.7 0.1 -4.3
v 24.7 0.1 -5
v 24.8 0.1 -5
v 23.3 0.1 -5.2
v 23.4 0.1 -5.2
v 23.4 0.1 -5.4
v 23.5 0.1 -5.4
v 24.8 0.1 -5.5
v 24.9 0.1 -5.5
v 23.5 0.1 -5.7
v 23.6 0.1 -5.7
v 24.9 0.1 -5.9
v 25 0.1 -5.9
v 23.6 0.1 -6
v 23.7 0.1 -6
v 23.7 0.1 -6.3
v 23.8 0.1 -6.3
v 25 0.1 -6.3
v 25.1 0.1 -6.3
v 23.8 0.1 -6.5
v 23.9 0.1 -6.5
v 25.1 0.1 -6.6
v 25.2 0.1 -6.6
v 23.9 0.1 -6.9
v 24 0.1 -6.9
v 25.2 0.1 -7.1
v 25.3 0.1 -7.1
v 24 0.1 -7.2
v 24.1 0.1 -7.2
v 25.3 0.1 -7.4
v 25.4 0.1 -7.4
v 24.1 0.1 -7.5
v 24.2 0.1 -7.5
v 24.2 0.1 -7.8
v 24.3 0.1 -7.8
v 25.4 0.1 -7.8
v 25.5 0.1 -7.8
v 24.3 0.1 -8.1
v 24.4 0.1 -8.1
v 25.5 0.1 -8.1
v 25.6 0.1 -8.1
v 24.4 0.1 -8.3
v 24.5 0.1 -8.3
v 25.6 0.1 -8.6
v 25.7 0.1 -8.6
v 24.5 0.1 -8.7
v 24.6 0.1 -8.7
v 25.7 0.1 -8.9
v 25.8 0.1 -8.9
v 24.6 0.1 -9
v 24.7 0.1 -9
v 24.7 0.1 -9.3
v 24.8 0.1 -9.3
v 25.8 0.1 -9.3
v 25.9 0.1 -9.3
v 24.8 0.1 -9.7
v 24.9 0.1 -9.7
v 25.9 0.1 -9.7
v 26 0.1 -9.7
v 24.9 0.1 -10
v 25 0.1 -10
v 26 0.1 -10.1
v 26.1 0.1 -10.1
v 25 0.1 -10.4
v 25.1 0.1 -10.4
v 26.1 0.1 -10.6
v 26.2 0.1 -10.6
v 25.1 0.1 -10.8
v 25.2 0.1 -10.8
v 26.2 0.1 -11
v 26.3 0.1 -11
v 25.2 0.1 -11.2
v 25.3 0.1 -11.2
v 26.3 0.1 -11.4
v 26.4 0.1 -11.4
v 25.3 0.1 -11.6
v 25.4 0.1 -11.6
v 26.4 0.1 -11.8
v 26.5 0.1 -11.8
v 25.4 0.1 -12.2
v 25.5 0.1 -12.2
v 26.5 0.1 -12.2
v 26.6 0.1 -12.2
v 26.6 0.1 -12.5
v 26.7 0.1 -12.5
v 25.5 0.1 -12.6
v 25.6 0.1 -12.6
v 25.6 0.1 -12.8
v 26.7 0.1 -12.8
v 24.4 0.2 -1
v 24.9 0.2 -1
v 24.3 0.2 -1.1
v 24.4 0.2 -1.1
v 24.1 0.2 -1.2
v 24.3 0.2 -1.2
v 24.9 0.2 -1.2
v 25 0.2 -1.2
v 24 0.2 -1.3
v 24.1 0.2 -1.3
v 23.9 0.2 -1.4
v 24 0.2 -1.4
v 23.8 0.2 -1.5
v 23.9 0.2 -1.5
v 25 0.2 -1.5
v 25.1 0.2 -1.5
v 23.7 0.2 -1.6
v 23.8 0.2 -1.6
v 23.6 0.2 -1.8
v 23.7 0.2 -1.8
v 23.5 0.2 -2
v 23.6 0.2 -2
v 24 0.2 -2
v 24.3 0.2 -2
v 23.4 0.2 -2.1
v 23.5 0.2 -2.1
v 23.9 0.2 -2.1
v 24 0.2 -2.1
v 24.3 0.2 -2.1
v 24.4 0.2 -2.1
v 23.3 0.2 -2.2
v 23.4 0.2 -2.2
v 23.7 0.2 -2.2
v 23.9 0.2 -2.2
v 24.4 0.2 -2.2
v 24.5 0.2 -2.2
v 23.6 0.2 -2.3
v 23.7 0.2 -2.3
v 23.5 0.2 -2.4
v 23.6 0.2 -2.4
v 23.4 0.2 -2.5
v 23.5 0.2 -2.5
v 25 0.2 -2.6
v 25.1 0.2 -2.6
v 23.3 0.2 -2.7
v 23.4 0.2 -2.7
v 24.5 0.2 -2.7
v 24.6 0.2 -2.7
v 25 0.2 -4
v 25.1 0.2 -4
v 24.6 0.2 -4.3
v 24.7 0.2 -4.3
v 25.1 0.2 -4.8
v 25.2 0.2 -4.8
v 24.7 0.2 -5
v 24.8 0.2 -5
v 25.2 0.2 -5.4
v 25.3 0.2 -5.4
v 24.8 0.2 -5.5
v 24.9 0.2 -5.5
v 24.9 0.2 -5.9
v 25 0.2 -5.9
v 25.3 0.2 -5.9
v 25.4 0.2 -5.9
v 25.4 0.2 -6.2
v 25.5 0.2 -6.2
v 25 0.2 -6.3
v 25.1 0.2 -6.3
v 25.1 0.2 -6.6
v 25.2 0.2 -6.6
v 25.5 0.2 -6.6
v 25.6 0.2 -6.6
v 25.2 0.2 -7.1
v 25.3 0.2 -7.1
v 25.6 0.2 -7.1
v 25.7 0.2 -7.1
v 25.3 0.2 -7.4
v 25.4 0.2 -7.4
v 25.7 0.2 -7.4
v 25.8 0.2 -7.4
v 25.4 0.2 -7.8
v 25.5 0.2 -7.8
v 25.8 0.2 -7.8
v 25.9 0.2 -7.8
v 25.5 0.2 -8.1
v 25.6 0.2 -8.1
v 25.9 0.2 -8.2
v 26 0.2 -8.2
v 25.6 0.2 -8.6
v 25.7 0.2 -8.6
v 26 0.2 -8.6
v 26.1 0.2 -8.6
v 25.7 0.2 -8.9
v 25.8 0.2 -8.9
v 26.1 0.2 -9
v 26.2 0.2 -9
v 25.8 0.2 -9.3
v 25.9 0.2 -9.3
v 26.2 0.2 -9.4
v 26.3 0.2 -9.4
v 25.9 0.2 -9.7
v 26 0.2 -9.7
v 26.3 0.2 -9.7
v 26.4 0.2 -9.7
v 26 0.2 -10.1
v 26.1 0.2 -10.1
v 26.4 0.2 -10.1
v 26.5 0.2 -10.1
v 26.5 0.2 -10.5
v 26.6 0.2 -10.5
v 26.1 0.2 -10.6
v 26.2 0.2 -10.6
v 26.6 0.2 -10.9
v 26.7 0.2 -10.9
v 26.2 0.2 -11
v 26.3 0.2 -11
v 26.7 0.2 -11.2
v 26.8 0.2 -11.2
v 26.3 0.2 -11.4
v 26.4 0.2 -11.4
v 26.8 0.2 -11.4
v 26.9 0.2 -11.4
v 26.9 0.2 -11.7
v 27 0.2 -11.7
v 26.4 0.2 -11.8
v 26.5 0.2 -11.8
v 27 0.2 -12
v 27.1 0.2 -12
v 27.1 0.2 -12.1
v 27.2 0.2 -12.1
v 26.5 0.2 -12.2
v 26.6 0.2 -12.2
v 27.2 0.2 -12.2
v 27.3 0.2 -12.2
v 27.3 0.2 -12.3
v 27.4 0.2 -12.3
v 27.4 0.2 -12.4
v 27.7 0.2 -12.4
v 26.6 0.2 -12.5
v 26.7 0.2 -12.5
v 27.7 0.2 -12.5
v 28.3 0.2 -12.5
v 28.3 0.2 -12.6
v 28.5 0.2 -12.6
v 28.5 0.2 -12.7
v 28.7 0.2 -12.7
v 26.7 0.2 -12.8
v 28.7 0.2 -12.8
v 23.3 0.3 3.9
v 23.4 0.3 3.9
v 23.4 0.3 3.8
v 23.5 0.3 3.8
v 23.5 0.3 3.6
v 23.6 0.3 3.6
v 23.6 0.3 3.5
v 23.7 0.3 3.5
v 23.7 0.3 3.3
v 23.8 0.3 3.3
v 23.8 0.3 3.2
v 23.9 0.3 3.2
v 23.9 0.3 3
v 24 0.3 3
v 24 0.3 2.8
v 24.1 0.3 2.8
v 23.3 0.3 2.6
v 24.1 0.3 2.6
v 24.8 0.3 -0.2
v 25.2 0.3 -0.2
v 24.7 0.3 -0.299999
v 24.8 0.3 -0.299999
v 25.2 0.3 -0.299999
v 25.3 0.3 -0.299999
v 24.5 0.3 -0.4
v 24.7 0.3 -0.4
v 24.4 0.3 -0.5
v 24.5 0.3 -0.5
v 25.3 0.3 -0.5
v 25.4 0.3 -0.5
v 24.3 0.3 -0.599999
v 24.4 0.3 -0.599999
v 24.2 0.3 -0.7
v 24.3 0.3 -0.7
v 24.1 0.3 -0.799999
v 24.2 0.3 -0.799999
v 25.4 0.3 -0.799999
v 25.5 0.3 -0.799999
v 24 0.3 -0.9
v 24.1 0.3 -0.9
v 23.9 0.3 -1
v 24 0.3 -1
v 24.4 0.3 -1
v 24.9 0.3 -1
v 24.3 0.3 -1.1
v 24.4 0.3 -1.1
v 23.8 0.3 -1.2
v 23.9 0.3 -1.2
v 24.1 0.3 -1.2
v 24.3 0.3 -1.2
v 24.9 0.3 -1.2
v 25 0.3 -1.2
v 23.7 0.3 -1.3
v 23.8 0.3 -1.3
v 24 0.3 -1.3
v 24.1 0.3 -1.3
v 23.6 0.3 -1.4
v 23.7 0.3 -1.4
v 23.9 0.3 -1.4
v 24 0.3 -1.4
v 23.8 0.3 -1.5
v 23.9 0.3 -1.5
v 25 0.3 -1.5
v 25.1 0.3 -1.5
v 23.5 0.3 -1.6
v 23.6 0.3 -1.6
v 23.7 0.3 -1.6
v 23.8 0.3 -1.6
v 23.4 0.3 -1.8
v 23.5 0.3 -1.8
v 23.6 0.3 -1.8
v 23.7 0.3 -1.8
v 23.3 0.3 -1.9
v 23.4 0.3 -1.9
v 23.5 0.3 -2
v 23.6 0.3 -2
v 25.4 0.3 -2
v 25.5 0.3 -2
v 23.4 0.3 -2.1
v 23.5 0.3 -2.1
v 23.3 0.3 -2.2
v 23.4 0.3 -2.2
v 25 0.3 -2.6
v 25.1 0.3 -2.6
v 25 0.3 -4
v 25.1 0.3 -4
v 25.4 0.3 -4.7
v 25.5 0.3 -4.7
v 25.1 0.3 -4.8
v 25.2 0.3 -4.8
v 25.2 0.3 -5.4
v 25.3 0.3 -5.4
v 25.5 0.3 -5.4
v 25.6 0.3 -5.4
v 25.6 0.3 -5.8
v 25.7 0.3 -5.8
v 25.3 0.3 -5.9
v 25.4 0.3 -5.9
v 25.4 0.3 -6.2
v 25.5 0.3 -6.2
v 25.7 0.3 -6.2
v 25.8 0.3 -6.2
v 25.5 0.3 -6.6
v 25.6 0.3 -6.6
v 25.8 0.3 -6.6
v 25.9 0.3 -6.6
v 25.6 0.3 -7.1
v 25.7 0.3 -7.1
v 25.9 0.3 -7.1
v 26 0.3 -7.1
v 25.7 0.3 -7.4
v 25.8 0.3 -7.4
v 26 0.3 -7.5
v 26.1 0.3 -7.5
v 25.8 0.3 -7.8
v 25.9 0.3 -7.8
v 26.1 0.3 -7.8
v 26.2 0.3 -7.8
v 25.9 0.3 -8.2
v 26 0.3 -8.2
v 26.2 0.3 -8.2
v 26.3 0.3 -8.2
v 26 0.3 -8.6
v 26.1 0.3 -8.6
v 26.3 0.3 -8.6
v 26.4 0.3 -8.6
v 26.1 0.3 -9
v 26.2 0.3 -9
v 26.4 0.3 -9
v 26.5 0.3 -9
v 26.5 0.3 -9.3
v 26.6 0.3 -9.3
v 26.2 0.3 -9.4
v 26.3 0.3 -9.4
v 26.3 0.3 -9.7
v 26.4 0.3 -9.7
v 26.6 0.3 -9.7
v 26.7 0.3 -9.7
v 26.7 0.3 -10
v 26.8 0.3 -10
v 26.4 0.3 -10.1
v 26.5 0.3 -10.1
v 26.8 0.3 -10.3
v 26.9 0.3 -10.3
v 26.5 0.3 -10.5
v 26.6 0.3 -10.5
v 26.9 0.3 -10.6
v 27 0.3 -10.6
v 27 0.3 -10.8
v 27.1 0.3 -10.8
v 26.6 0.3 -10.9
v 26.7 0.3 -10.9
v 27.1 0.3 -11
v 27.2 0.3 -11
v 27.2 0.3 -11.1
v 27.3 0.3 -11.1
v 26.7 0.3 -11.2
v 26.8 0.3 -11.2
v 27.3 0.3 -11.2
v 27.4 0.3 -11.2
v 27.4 0.3 -11.3
v 27.5 0.3 -11.3
v 26.8 0.3 -11.4
v 26.9 0.3 -11.4
v 27.5 0.3 -11.4
v 27.7 0.3 -11.4
v 27.7 0.3 -11.5
v 28.1 0.3 -11.5
v 28.1 0.3 -11.6
v 28.4 0.3 -11.6
v 26.9 0.3 -11.7
v 27 0.3 -11.7
v 28.4 0.3 -11.7
v 28.6 0.3 -11.7
v 28.6 0.3 -11.8
v 28.8 0.3 -11.8
v 27 0.3 -12
v 27.1 0.3 -12
v 28.8 0.3 -12
v 28.9 0.3 -12
v 27.1 0.3 -12.1
v 27.2 0.3 -12.1
v 28.9 0.3 -12.1
v 29 0.3 -12.1
v 27.2 0.3 -12.2
v 27.3 0.3 -12.2
v 29 0.3 -12.2
v 29.1 0.3 -12.2
v 27.3 0.3 -12.3
v 27.4 0.3 -12.3
v 27.4 0.3 -12.4
v 27.7 0.3 -12.4
v 29.1 0.3 -12.4
v 29.2 0.3 -12.4
v 27.7 0.3 -12.5
v 28.3 0.3 -12.5
v 29.2 0.3 -12.5
v 29.3 0.3 -12.5
v 28.3 0.3 -12.6
v 28.5 0.3 -12.6
v 28.5 0.3 -12.7
v 28.7 0.3 -12.7
v 29.3 0.3 -12.7
v 29.4 0.3 -12.7
v 28.7 0.3 -12.8
v 29.4 0.3 -12.8
v 23.3 0.4 6
v 23.4 0.4 6
v 23.4 0.4 4.3
v 23.5 0.4 4.3
v 23.5 0.4 4.1
v 23.6 0.4 4.1
v 23.3 0.4 3.9
v 23.4 0.4 3.9
v 23.6 0.4 3.9
v 23.7 0.4 3.9
v 23.4 0.4 3.8
v 23.5 0.4 3.8
v 23.7 0.4 3.8
v 23.8 0.4 3.8
v 23.5 0.4 3.6
v 23.6 0.4 3.6
v 23.8 0.4 3.6
v 23.9 0.4 3.6
v 23.6 0.4 3.5
v 23.7 0.4 3.5
v 23.9 0.4 3.5
v 24 0.4 3.5
v 23.7 0.4 3.3
v 23.8 0.4 3.3
v 24 0.4 3.3
v 24.1 0.4 3.3
v 23.8 0.4 3.2
v 23.9 0.4 3.2
v 24.1 0.4 3.2
v 24.2 0.4 3.2
v 24.2 0.4 3.1
v 24.3 0.4 3.1
v 23.9 0.4 3
v 24 0.4 3
v 24.3 0.4 3
v 24.4 0.4 3
v 24.4 0.4 2.9
v 24.5 0.4 2.9
v 24 0.4 2.8
v 24.1 0.4 2.8
v 24.5 0.4 2.8
v 24.6 0.4 2.8
v 24.6 0.4 2.7
v 24.7 0.4 2.7
v 23.3 0.4 2.6
v 24.1 0.4 2.6
v 24.7 0.4 2.5
v 24.8 0.4 2.5
v 23.3 0.4 2.4
v 23.4 0.4 2.4
v 24.8 0.4 2.4
v 24.9 0.4 2.4
v 23.4 0.4 2.3
v 23.7 0.4 2.3
v 23.7 0.4 2.2
v 24 0.4 2.2
v 24 0.4 2.1
v 24.3 0.4 2.1
v 24.9 0.4 2.1
v 25 0.4 2.1
v 24.3 0.4 2
v 24.5 0.4 2
v 24.5 0.4 1.9
v 24.7 0.4 1.9
v 24.7 0.4 1.8
v 24.9 0.4 1.8
v 24.9 0.4 1.6
v 25 0.4 1.6
v 25.1 0.4 1
v 25.3 0.4 1
v 25 0.4 0.900001
v 25.1 0.4 0.900001
v 25.3 0.4 0.900001
v 25.4 0.4 0.900001
v 25.4 0.4 0.8
v 25.5 0.4 0.8
v 24.9 0.4 0.700001
v 25 0.4 0.700001
v 24.8 0.4 0.6
v 24.9 0.4 0.6
v 25.5 0.4 0.6
v 25.6 0.4 0.6
v 24.7 0.4 0.400001
v 24.8 0.4 0.400001
v 25.6 0.4 0.400001
v 25.7 0.4 0.400001
v 24.6 0.4 0.3
v 24.7 0.4 0.3
v 24.5 0.4 0.1
v 24.6 0.4 0.1
v 24.4 0.4 -0.0999994
v 24.5 0.4 -0.0999994
v 25.7 0.4 -0.0999994
v 25.8 0.4 -0.0999994
v 24.3 0.4 -0.2
v 24.4 0.4 -0.2
v 24.8 0.4 -0.2
v 25.2 0.4 -0.2
v 24.7 0.4 -0.299999
v 24.8 0.4 -0.299999
v 25.2 0.4 -0.299999
v 25.3 0.4 -0.299999
v 24.2 0.4 -0.4
v 24.3 0.4 -0.4
v 24.5 0.4 -0.4
v 24.7 0.4 -0.4
v 24.1 0.4 -0.5
v 24.2 0.4 -0.5
v 24.4 0.4 -0.5
v 24.5 0.4 -0.5
v 25.3 0.4 -0.5
v 25.4 0.4 -0.5
v 24 0.4 -0.599999
v 24.1 0.4 -0.599999
v 24.3 0.4 -0.599999
v 24.4 0.4 -0.599999
v 23.9 0.4 -0.7
v 24 0.4 -0.7
v 24.2 0.4 -0.7
v 24.3 0.4 -0.7
v 24.1 0.4 -0.799999
v 24.2 0.4 -0.799999
v 25.4 0.4 -0.799999
v 25.5 0.4 -0.799999
v 23.8 0.4 -0.9
v 23.9 0.4 -0.9
v 24 0.4 -0.9
v 24.1 0.4 -0.9
v 23.7 0.4 -1
v 23.8 0.4 -1
v 23.9 0.4 -1
v 24 0.4 -1
v 23.6 0.4 -1.2
v 23.7 0.4 -1.2
v 23.8 0.4 -1.2
v 23.9 0.4 -1.2
v 23.5 0.4 -1.3
v 23.6 0.4 -1.3
v 23.7 0.4 -1.3
v 23.8 0.4 -1.3
v 23.6 0.4 -1.4
v 23.7 0.4 -1.4
v 23.4 0.4 -1.5
v 23.5 0.4 -1.5
v 23.3 0.4 -1.6
v 23.4 0.4 -1.6
v 23.5 0.4 -1.6
v 23.6 0.4 -1.6
v 23.4 0.4 -1.8
v 23.5 0.4 -1.8
v 23.3 0.4 -1.9
v 23.4 0.4 -1.9
v 25.4 0.4 -2
v 25.5 0.4 -2
v 25.7 0.4 -2
v 25.8 0.4 -2
v 25.4 0.4 -4.7
v 25.5 0.4 -4.7
v 25.7 0.4 -4.8
v 25.8 0.4 -4.8
v 25.5 0.4 -5.4
v 25.6 0.4 -5.4
v 25.8 0.4 -5.5
v 25.9 0.4 -5.5
v 25.6 0.4 -5.8
v 25.7 0.4 -5.8
v 25.9 0.4 -6
v 26 0.4 -6
v 25.7 0.4 -6.2
v 25.8 0.4 -6.2
v 26 0.4 -6.4
v 26.1 0.4 -6.4
v 25.8 0.4 -6.6
v 25.9 0.4 -6.6
v 26.1 0.4 -6.9
v 26.2 0.4 -6.9
v 25.9 0.4 -7.1
v 26 0.4 -7.1
v 26.2 0.4 -7.2
v 26.3 0.4 -7.2
v 26 0.4 -7.5
v 26.1 0.4 -7.5
v 26.3 0.4 -7.6
v 26.4 0.4 -7.6
v 26.1 0.4 -7.8
v 26.2 0.4 -7.8
v 26.4 0.4 -8
v 26.5 0.4 -8
v 26.2 0.4 -8.2
v 26.3 0.4 -8.2
v 26.5 0.4 -8.3
v 26.6 0.4 -8.3
v 26.3 0.4 -8.6
v 26.4 0.4 -8.6
v 26.6 0.4 -8.7
v 26.7 0.4 -8.7
v 26.4 0.4 -9
v 26.5 0.4 -9
v 26.7 0.4 -9
v 26.8 0.4 -9
v 26.5 0.4 -9.3
v 26.6 0.4 -9.3
v 26.8 0.4 -9.3
v 26.9 0.4 -9.3
v 26.9 0.4 -9.6
v 27 0.4 -9.6
v 26.6 0.4 -9.7
v 26.7 0.4 -9.7
v 27 0.4 -9.8
v 27.1 0.4 -9.8
v 26.7 0.4 -10
v 26.8 0.4 -10
v 27.1 0.4 -10
v 27.2 0.4 -10
v 27.2 0.4 -10.1
v 27.3 0.4 -10.1
v 26.8 0.4 -10.3
v 26.9 0.4 -10.3
v 27.3 0.4 -10.4
v 27.4 0.4 -10.4
v 27.4 0.4 -10.5
v 27.5 0.4 -10.5
v 26.9 0.4 -10.6
v 27 0.4 -10.6
v 27.5 0.4 -10.6
v 27.7 0.4 -10.6
v 27.7 0.4 -10.7
v 27.9 0.4 -10.7
v 27 0.4 -10.8
v 27.1 0.4 -10.8
v 27.9 0.4 -10.8
v 28.2 0.4 -10.8
v 28.2 0.4 -10.9
v 28.4 0.4 -10.9
v 27.1 0.4 -11
v 27.2 0.4 -11
v 28.4 0.4 -11
v 28.6 0.4 -11
v 27.2 0.4 -11.1
v 27.3 0.4 -11.1
v 28.6 0.4 -11.1
v 28.8 0.4 -11.1
v 27.3 0.4 -11.2
v 27.4 0.4 -11.2
v 28.8 0.4 -11.2
v 28.9 0.4 -11.2
v 27.4 0.4 -11.3
v 27.5 0.4 -11.3
v 28.9 0.4 -11.3
v 29 0.4 -11.3
v 27.5 0.4 -11.4
v 27.7 0.4 -11.4
v 29 0.4 -11.4
v 29.1 0.4 -11.4
v 27.7 0.4 -11.5
v 28.1 0.4 -11.5
v 28.1 0.4 -11.6
v 28.4 0.4 -11.6
v 29.1 0.4 -11.6
v 29.2 0.4 -11.6
v 28.4 0.4 -11.7
v 28.6 0.4 -11.7
v 29.2 0.4 -11.7
v 29.3 0.4 -11.7
v 28.6 0.4 -11.8
v 28.8 0.4 -11.8
v 28.8 0.4 -12
v 28.9 0.4 -12
v 29.3 0.4 -12
v 29.4 0.4 -12
v 28.9 0.4 -12.1
v 29 0.4 -12.1
v 29 0.4 -12.2
v 29.1 0.4 -12.2
v 29.4 0.4 -12.2
v 29.5 0.4 -12.2
v 29.1 0.4 -12.4
v 29.2 0.4 -12.4
v 29.5 0.4 -12.4
v 29.6 0.4 -12.4
v 29.2 0.4 -12.5
v 29.3 0.4 -12.5
v 29.6 0.4 -12.6
v 29.7 0.4 -12.6
v 29.3 0.4 -12.7
v 29.4 0.4 -12.7
v 29.4 0.4 -12.8
v 29.7 0.4 -12.8
v 23.3 0.5 7.3
v 23.4 0.5 7.3
v 23.4 0.5 7.1
v 23.5 0.5 7.1
v 23.5 0.5 6.7
v 23.6 0.5 6.7
v 23.3 0.5 6
v 23.4 0.5 6
v 23.6 0.5 4.4
v 23.7 0.5 4.4
v 23.4 0.5 4.3
v 23.5 0.5 4.3
v 23.5 0.5 4.1
v 23.6 0.5 4.1
v 23.7 0.5 4.1
v 23.8 0.5 4.1
v 23.8 0.5 4
v 23.9 0.5 4
v 23.6 0.5 3.9
v 23.7 0.5 3.9
v 23.7 0.5 3.8
v 23.8 0.5 3.8
v 23.9 0.5 3.8
v 24 0.5 3.8
v 24 0.5 3.7
v 24.1 0.5 3.7
v 23.8 0.5 3.6
v 23.9 0.5 3.6
v 24.1 0.5 3.6
v 24.2 0.5 3.6
v 23.9 0.5 3.5
v 24 0.5 3.5
v 24.2 0.5 3.5
v 24.3 0.5 3.5
v 24 0.5 3.3
v 24.1 0.5 3.3
v 24.3 0.5 3.3
v 24.4 0.5 3.3
v 24.1 0.5 3.2
v 24.2 0.5 3.2
v 24.4 0.5 3.2
v 24.5 0.5 3.2
v 24.2 0.5 3.1
v 24.3 0.5 3.1
v 24.5 0.5 3.1
v 24.6 0.5 3.1
v 24.3 0.5 3
v 24.4 0.5 3
v 24.6 0.5 3
v 24.7 0.5 3
v 24.4 0.5 2.9
v 24.5 0.5 2.9
v 24.7 0.5 2.9
v 24.8 0.5 2.9
v 24.5 0.5 2.8
v 24.6 0.5 2.8
v 24.8 0.5 2.8
v 24.9 0.5 2.8
v 24.6 0.5 2.7
v 24.7 0.5 2.7
v 24.9 0.5 2.7
v 25 0.5 2.7
v 24.7 0.5 2.5
v 24.8 0.5 2.5
v 25 0.5 2.5
v 25.1 0.5 2.5
v 23.3 0.5 2.4
v 23.4 0.5 2.4
v 24.8 0.5 2.4
v 24.9 0.5 2.4
v 25.1 0.5 2.4
v 25.2 0.5 2.4
v 23.4 0.5 2.3
v 23.7 0.5 2.3
v 25.2 0.5 2.3
v 25.3 0.5 2.3
v 23.3 0.5 2.2
v 23.4 0.5 2.2
v 23.7 0.5 2.2
v 24 0.5 2.2
v 23.4 0.5 2.1
v 23.7 0.5 2.1
v 24 0.5 2.1
v 24.3 0.5 2.1
v 24.9 0.5 2.1
v 25 0.5 2.1
v 25.3 0.5 2.1
v 25.4 0.5 2.1
v 23.7 0.5 2
v 23.9 0.5 2
v 24.3 0.5 2
v 24.5 0.5 2
v 25.4 0.5 2
v 25.5 0.5 2
v 23.9 0.5 1.9
v 24 0.5 1.9
v 24.5 0.5 1.9
v 24.7 0.5 1.9
v 24 0.5 1.8
v 24.2 0.5 1.8
v 24.7 0.5 1.8
v 24.9 0.5 1.8
v 25.5 0.5 1.8
v 25.6 0.5 1.8
v 24.2 0.5 1.6
v 24.3 0.5 1.6
v 24.9 0.5 1.6
v 25 0.5 1.6
v 24.3 0.5 1.5
v 24.4 0.5 1.5
v 25.6 0.5 1.5
v 25.7 0.5 1.5
v 24.4 0.5 1.3
v 24.5 0.5 1.3
v 25.7 0.5 1.3
v 25.8 0.5 1.3
v 25.1 0.5 1
v 25.3 0.5 1
v 25.8 0.5 1
v 25.9 0.5 1
v 25 0.5 0.900001
v 25.1 0.5 0.900001
v 25.3 0.5 0.900001
v 25.4 0.5 0.900001
v 25.4 0.5 0.8
v 25.5 0.5 0.8
v 24.9 0.5 0.700001
v 25 0.5 0.700001
v 25.9 0.5 0.700001
v 26 0.5 0.700001
v 24.4 0.5 0.6
v 24.5 0.5 0.6
v 24.8 0.5 0.6
v 24.9 0.5 0.6
v 25.5 0.5 0.6
v 25.6 0.5 0.6
v 24.7 0.5 0.400001
v 24.8 0.5 0.400001
v 25.6 0.5 0.400001
v 25.7 0.5 0.400001
v 24.3 0.5 0.3
v 24.4 0.5 0.3
v 24.6 0.5 0.3
v 24.7 0.5 0.3
v 26 0.5 0.3
v 26.1 0.5 0.3
v 24.2 0.5 0.1
v 24.3 0.5 0.1
v 24.5 0.5 0.1
v 24.6 0.5 0.1
v 24.4 0.5 -0.0999994
v 24.5 0.5 -0.0999994
v 25.7 0.5 -0.0999994
v 25.8 0.5 -0.0999994
v 24.1 0.5 -0.2
v 24.2 0.5 -0.2
v 24.3 0.5 -0.2
v 24.4 0.5 -0.2
v 24 0.5 -0.299999
v 24.1 0.5 -0.299999
v 24.2 0.5 -0.4
v 24.3 0.5 -0.4
v 23.9 0.5 -0.5
v 24 0.5 -0.5
v 24.1 0.5 -0.5
v 24.2 0.5 -0.5
v 23.8 0.5 -0.599999
v 23.9 0.5 -0.599999
v 24 0.5 -0.599999
v 24.1 0.5 -0.599999
v 23.9 0.5 -0.7
v 24 0.5 -0.7
v 23.7 0.5 -0.799999
v 23.8 0.5 -0.799999
v 23.6 0.5 -0.9
v 23.7 0.5 -0.9
v 23.8 0.5 -0.9
v 23.9 0.5 -0.9
v 23.7 0.5 -1
v 23.8 0.5 -1
v 23.5 0.5 -1.1
v 23.6 0.5 -1.1
v 23.4 0.5 -1.2
v 23.5 0.5 -1.2
v 23.6 0.5 -1.2
v 23.7 0.5 -1.2
v 23.5 0.5 -1.3
v 23.6 0.5 -1.3
v 23.3 0.5 -1.4
v 23.4 0.5 -1.4
v 23.4 0.5 -1.5
v 23.5 0.5 -1.5
v 23.3 0.5 -1.6
v 23.4 0.5 -1.6
v 26 0.5 -1.8
v 26.1 0.5 -1.8
v 25.7 0.5 -2
v 25.8 0.5 -2
v 25.9 0.5 -2.7
v 26 0.5 -2.7
v 25.9 0.5 -4.4
v 26 0.5 -4.4
v 25.7 0.5 -4.8
v 25.8 0.5 -4.8
v 26 0.5 -5.2
v 26.1 0.5 -5.2
v 25.8 0.5 -5.5
v 25.9 0.5 -5.5
v 26.1 0.5 -5.8
v 26.2 0.5 -5.8
v 25.9 0.5 -6
v 26 0.5 -6
v 26.2 0.5 -6.2
v 26.3 0.5 -6.2
v 26 0.5 -6.4
v 26.1 0.5 -6.4
v 26.3 0.5 -6.6
v 26.4 0.5 -6.6
v 26.1 0.5 -6.9
v 26.2 0.5 -6.9
v 26.4 0.5 -7.1
v 26.5 0.5 -7.1
v 26.2 0.5 -7.2
v 26.3 0.5 -7.2
v 26.5 0.5 -7.4
v 26.6 0.5 -7.4
v 26.3 0.5 -7.6
v 26.4 0.5 -7.6
v 26.6 0.5 -7.8
v 26.7 0.5 -7.8
v 26.4 0.5 -8
v 26.5 0.5 -8
v 26.7 0.5 -8.1
v 26.8 0.5 -8.1
v 26.5 0.5 -8.3
v 26.6 0.5 -8.3
v 26.8 0.5 -8.4
v 26.9 0.5 -8.4
v 26.6 0.5 -8.7
v 26.7 0.5 -8.7
v 26.9 0.5 -8.7
v 27 0.5 -8.7
v 26.7 0.5 -9
v 26.8 0.5 -9
v 27 0.5 -9
v 27.1 0.5 -9
v 27.1 0.5 -9.2
v 27.2 0.5 -9.2
v 26.8 0.5 -9.3
v 26.9 0.5 -9.3
v 27.2 0.5 -9.4
v 27.3 0.5 -9.4
v 27.3 0.5 -9.5
v 27.4 0.5 -9.5
v 26.9 0.5 -9.6
v 27 0.5 -9.6
v 27.4 0.5 -9.6
v 27.5 0.5 -9.6
v 27.5 0.5 -9.7
v 27.6 0.5 -9.7
v 27 0.5 -9.8
v 27.1 0.5 -9.8
v 27.6 0.5 -9.8
v 27.7 0.5 -9.8
v 27.7 0.5 -9.9
v 27.9 0.5 -9.9
v 27.1 0.5 -10
v 27.2 0.5 -10
v 27.9 0.5 -10
v 28.1 0.5 -10
v 27.2 0.5 -10.1
v 27.3 0.5 -10.1
v 28.1 0.5 -10.1
v 28.3 0.5 -10.1
v 28.3 0.5 -10.3
v 28.5 0.5 -10.3
v 27.3 0.5 -10.4
v 27.4 0.5 -10.4
v 28.5 0.5 -10.4
v 28.6 0.5 -10.4
v 27.4 0.5 -10.5
v 27.5 0.5 -10.5
v 28.6 0.5 -10.5
v 28.8 0.5 -10.5
v 27.5 0.5 -10.6
v 27.7 0.5 -10.6
v 28.8 0.5 -10.6
v 28.9 0.5 -10.6
v 27.7 0.5 -10.7
v 27.9 0.5 -10.7
v 28.9 0.5 -10.7
v 29 0.5 -10.7
v 27.9 0.5 -10.8
v 28.2 0.5 -10.8
v 29 0.5 -10.8
v 29.1 0.5 -10.8
v 28.2 0.5 -10.9
v 28.4 0.5 -10.9
v 29.1 0.5 -10.9
v 29.2 0.5 -10.9
v 28.4 0.5 -11
v 28.6 0.5 -11
v 28.6 0.5 -11.1
v 28.8 0.5 -11.1
v 29.2 0.5 -11.1
v 29.3 0.5 -11.1
v 28.8 0.5 -11.2
v 28.9 0.5 -11.2
v 29.3 0.5 -11.2
v 29.4 0.5 -11.2
v 28.9 0.5 -11.3
v 29 0.5 -11.3
v 29 0.5 -11.4
v 29.1 0.5 -11.4
v 29.4 0.5 -11.4
v 29.5 0.5 -11.4
v 29.1 0.5 -11.6
v 29.2 0.5 -11.6
v 29.5 0.5 -11.6
v 29.6 0.5 -11.6
v 29.2 0.5 -11.7
v 29.3 0.5 -11.7
v 29.3 0.5 -12
v 29.4 0.5 -12
v 29.6 0.5 -12
v 29.7 0.5 -12
v 29.4 0.5 -12.2
v 29.5 0.5 -12.2
v 29.7 0.5 -12.3
v 29.8 0.5 -12.3
v 29.5 0.5 -12.4
v 29.6 0.5 -12.4
v 29.6 0.5 -12.6
v 29.7 0.5 -12.6
v 29.8 0.5 -12.6
v 29.9 0.5 -12.6
v 29.7 0.5 -12.8
v 29.9 0.5 -12.8
v 23.3 0.6 7.7
v 23.4 0.6 7.7
v 23.4 0.6 7.6
v 23.5 0.6 7.6
v 23.5 0.6 7.4
v 23.6 0.6 7.4
v 23.3 0.6 7.3
v 23.4 0.6 7.3
v 23.6 0.6 7.2
v 23.7 0.6 7.2
v 23.4 0.6 7.1
v 23.5 0.6 7.1
v 23.7 0.6 7
v 23.8 0.6 7
v 23.5 0.6 6.7
v 23.6 0.6 6.7
v 23.7 0.6 5
v 23.8 0.6 5
v 23.7 0.6 4.9
v 23.8 0.6 4.9
v 23.6 0.6 4.4
v 23.7 0.6 4.4
v 23.8 0.6 4.3
v 23.9 0.6 4.3
v 23.7 0.6 4.1
v 23.8 0.6 4.1
v 23.9 0.6 4.1
v 24 0.6 4.1
v 23.8 0.6 4
v 23.9 0.6 4
v 24 0.6 4
v 24.1 0.6 4
v 23.9 0.6 3.8
v 24 0.6 3.8
v 24.1 0.6 3.8
v 24.2 0.6 3.8
v 24 0.6 3.7
v 24.1 0.6 3.7
v 24.2 0.6 3.7
v 24.3 0.6 3.7
v 24.1 0.6 3.6
v 24.2 0.6 3.6
v 24.3 0.6 3.6
v 24.4 0.6 3.6
v 24.2 0.6 3.5
v 24.3 0.6 3.5
v 24.4 0.6 3.5
v 24.5 0.6 3.5
v 24.3 0.6 3.3
v 24.4 0.6 3.3
v 24.5 0.6 3.3
v 24.6 0.6 3.3
v 24.4 0.6 3.2
v 24.5 0.6 3.2
v 24.6 0.6 3.2
v 24.7 0.6 3.2
v 24.5 0.6 3.1
v 24.6 0.6 3.1
v 24.7 0.6 3.1
v 24.8 0.6 3.1
v 24.6 0.6 3
v 24.7 0.6 3
v 24.8 0.6 3
v 24.9 0.6 3
v 24.7 0.6 2.9
v 24.8 0.6 2.9
v 24.9 0.6 2.9
v 25 0.6 2.9
v 24.8 0.6 2.8
v 24.9 0.6 2.8
v 25 0.6 2.8
v 25.1 0.6 2.8
v 24.9 0.6 2.7
v 25 0.6 2.7
v 25.1 0.6 2.7
v 25.2 0.6 2.7
v 25.2 0.6 2.6
v 25.3 0.6 2.6
v 25 0.6 2.5
v 25.1 0.6 2.5
v 25.3 0.6 2.5
v 25.4 0.6 2.5
v 25.1 0.6 2.4
v 25.2 0.6 2.4
v 25.2 0.6 2.3
v 25.3 0.6 2.3
v 25.4 0.6 2.3
v 25.5 0.6 2.3
v 23.3 0.6 2.2
v 23.4 0.6 2.2
v 25.5 0.6 2.2
v 25.6 0.6 2.2
v 23.4 0.6 2.1
v 23.7 0.6 2.1
v 25.3 0.6 2.1
v 25.4 0.6 2.1
v 23.3 0.6 2
v 23.5 0.6 2
v 23.7 0.6 2
v 23.9 0.6 2
v 25.4 0.6 2
v 25.5 0.6 2
v 25.6 0.6 2
v 25.7 0.6 2
v 23.5 0.6 1.9
v 23.7 0.6 1.9
v 23.9 0.6 1.9
v 24 0.6 1.9
v 25.7 0.6 1.9
v 25.8 0.6 1.9
v 23.7 0.6 1.8
v 23.8 0.6 1.8
v 24 0.6 1.8
v 24.2 0.6 1.8
v 25.5 0.6 1.8
v 25.6 0.6 1.8
v 23.8 0.6 1.6
v 24 0.6 1.6
v 24.2 0.6 1.6
v 24.3 0.6 1.6
v 25.8 0.6 1.6
v 25.9 0.6 1.6
v 24 0.6 1.5
v 24.1 0.6 1.5
v 24.3 0.6 1.5
v 24.4 0.6 1.5
v 25.6 0.6 1.5
v 25.7 0.6 1.5
v 25.9 0.6 1.4
v 26 0.6 1.4
v 24.1 0.6 1.3
v 24.2 0.6 1.3
v 24.4 0.6 1.3
v 24.5 0.6 1.3
v 25.7 0.6 1.3
v 25.8 0.6 1.3
v 26 0.6 1.2
v 26.1 0.6 1.2
v 24.2 0.6 1
v 24.3 0.6 1
v 25.8 0.6 1
v 25.9 0.6 1
v 26.1 0.6 0.900001
v 26.2 0.6 0.900001
v 24.2 0.6 0.8
v 24.3 0.6 0.8
v 25.9 0.6 0.700001
v 26 0.6 0.700001
v 24.4 0.6 0.6
v 24.5 0.6 0.6
v 26.2 0.6 0.5
v 26.3 0.6 0.5
v 24.1 0.6 0.3
v 24.2 0.6 0.3
v 24.3 0.6 0.3
v 24.4 0.6 0.3
v 26 0.6 0.3
v 26.1 0.6 0.3
v 24 0.6 0.1
v 24.1 0.6 0.1
v 24.2 0.6 0.1
v 24.3 0.6 0.1
v 26.3 0.6 -0.0999994
v 26.4 0.6 -0.0999994
v 23.9 0.6 -0.2
v 24 0.6 -0.2
v 24.1 0.6 -0.2
v 24.2 0.6 -0.2
v 24 0.6 -0.299999
v 24.1 0.6 -0.299999
v 23.8 0.6 -0.4
v 23.9 0.6 -0.4
v 23.7 0.6 -0.5
v 23.8 0.6 -0.5
v 23.9 0.6 -0.5
v 24 0.6 -0.5
v 23.8 0.6 -0.599999
v 23.9 0.6 -0.599999
v 23.6 0.6 -0.7
v 23.7 0.6 -0.7
v 23.7 0.6 -0.799999
v 23.8 0.6 -0.799999
v 23.5 0.6 -0.9
v 23.6 0.6 -0.9
v 23.7 0.6 -0.9
v 23.4 0.6 -1
v 23.5 0.6 -1
v 23.5 0.6 -1.1
v 23.6 0.6 -1.1
v 23.3 0.6 -1.2
v 23.4 0.6 -1.2
v 23.5 0.6 -1.2
v 26.3 0.6 -1.2
v 26.4 0.6 -1.2
v 23.3 0.6 -1.4
v 23.4 0.6 -1.4
v 26 0.6 -1.8
v 26.1 0.6 -1.8
v 26.2 0.6 -2.3
v 26.3 0.6 -2.3
v 25.9 0.6 -2.7
v 26 0.6 -2.7
v 25.9 0.6 -4.4
v 26 0.6 -4.4
v 26.2 0.6 -4.8
v 26.3 0.6 -4.8
v 26 0.6 -5.2
v 26.1 0.6 -5.2
v 26.3 0.6 -5.5
v 26.4 0.6 -5.5
v 26.1 0.6 -5.8
v 26.2 0.6 -5.8
v 26.4 0.6 -6
v 26.5 0.6 -6
v 26.2 0.6 -6.2
v 26.3 0.6 -6.2
v 26.5 0.6 -6.4
v 26.6 0.6 -6.4
v 26.3 0.6 -6.6
v 26.4 0.6 -6.6
v 26.6 0.6 -6.9
v 26.7 0.6 -6.9
v 26.4 0.6 -7.1
v 26.5 0.6 -7.1
v 26.7 0.6 -7.2
v 26.8 0.6 -7.2
v 26.5 0.6 -7.4
v 26.6 0.6 -7.4
v 26.8 0.6 -7.5
v 26.9 0.6 -7.5
v 26.6 0.6 -7.8
v 26.7 0.6 -7.8
v 26.9 0.6 -7.8
v 27 0.6 -7.8
v 26.7 0.6 -8.1
v 26.8 0.6 -8.1
v 27 0.6 -8.1
v 27.1 0.6 -8.1
v 27.1 0.6 -8.3
v 27.2 0.6 -8.3
v 26.8 0.6 -8.4
v 26.9 0.6 -8.4
v 27.2 0.6 -8.6
v 27.3 0.6 -8.6
v 26.9 0.6 -8.7
v 27 0.6 -8.7
v 27.3 0.6 -8.8
v 27.4 0.6 -8.8
v 27.4 0.6 -8.9
v 27.5 0.6 -8.9
v 27 0.6 -9
v 27.1 0.6 -9
v 27.5 0.6 -9
v 27.6 0.6 -9
v 27.6 0.6 -9.1
v 27.7 0.6 -9.1
v 27.1 0.6 -9.2
v 27.2 0.6 -9.2
v 27.7 0.6 -9.2
v 27.8 0.6 -9.2
v 27.8 0.6 -9.3
v 27.9 0.6 -9.3
v 27.2 0.6 -9.4
v 27.3 0.6 -9.4
v 27.9 0.6 -9.4
v 28.1 0.6 -9.4
v 27.3 0.6 -9.5
v 27.4 0.6 -9.5
v 28.1 0.6 -9.5
v 28.3 0.6 -9.5
v 27.4 0.6 -9.6
v 27.5 0.6 -9.6
v 28.3 0.6 -9.6
v 28.5 0.6 -9.6
v 27.5 0.6 -9.7
v 27.6 0.6 -9.7
v 28.5 0.6 -9.7
v 28.6 0.6 -9.7
v 27.6 0.6 -9.8
v 27.7 0.6 -9.8
v 28.6 0.6 -9.8
v 28.8 0.6 -9.8
v 27.7 0.6 -9.9
v 27.9 0.6 -9.9
v 28.8 0.6 -9.9
v 28.9 0.6 -9.9
v 27.9 0.6 -10
v 28.1 0.6 -10
v 28.9 0.6 -10
v 29 0.6 -10
v 28.1 0.6 -10.1
v 28.3 0.6 -10.1
v 29 0.6 -10.1
v 29.1 0.6 -10.1
v 28.3 0.6 -10.3
v 28.5 0.6 -10.3
v 28.5 0.6 -10.4
v 28.6 0.6 -10.4
v 29.1 0.6 -10.4
v 29.2 0.6 -10.4
v 28.6 0.6 -10.5
v 28.8 0.6 -10.5
v 29.2 0.6 -10.5
v 29.3 0.6 -10.5
v 28.8 0.6 -10.6
v 28.9 0.6 -10.6
v 28.9 0.6 -10.7
v 29 0.6 -10.7
v 29.3 0.6 -10.7
v 29.4 0.6 -10.7
v 29 0.6 -10.8
v 29.1 0.6 -10.8
v 29.1 0.6 -10.9
v 29.2 0.6 -10.9
v 29.4 0.6 -10.9
v 29.5 0.6 -10.9
v 29.2 0.6 -11.1
v 29.3 0.6 -11.1
v 29.5 0.6 -11.1
v 29.6 0.6 -11.1
v 29.3 0.6 -11.2
v 29.4 0.6 -11.2
v 29.6 0.6 -11.3
v 29.7 0.6 -11.3
v 29.4 0.6 -11.4
v 29.5 0.6 -11.4
v 29.5 0.6 -11.6
v 29.6 0.6 -11.6
v 29.7 0.6 -11.6
v 29.8 0.6 -11.6
v 29.6 0.6 -12
v 29.7 0.6 -12
v 29.8 0.6 -12
v 29.9 0.6 -12
v 29.7 0.6 -12.3
v 29.8 0.6 -12.3
v 29.9 0.6 -12.3
v 30 0.6 -12.3
v 29.8 0.6 -12.6
v 29.9 0.6 -12.6
v 30 0.6 -12.7
v 30.1 0.6 -12.7
v 29.9 0.6 -12.8
v 30.1 0.6 -12.8
v 23.3 0.7 8
v 23.4 0.7 8
v 23.4 0.7 7.9
v 23.5 0.7 7.9
v 23.5 0.7 7.8
v 23.6 0.7 7.8
v 23.3 0.7 7.7
v 23.4 0.7 7.7
v 23.4 0.7 7.6
v 23.5 0.7 7.6
v 23.6 0.7 7.6
v 23.7 0.7 7.6
v 23.7 0.7 7.5
v 23.8 0.7 7.5
v 23.5 0.7 7.4
v 23.6 0.7 7.4
v 23.8 0.7 7.3
v 23.9 0.7 7.3
v 23.6 0.7 7.2
v 23.7 0.7 7.2
v 23.7 0.7 7
v 23.8 0.7 7
v 23.9 0.7 7
v 24 0.7 7
v 23.9 0.7 5.6
v 24 0.7 5.6
v 23.7 0.7 5
v 23.8 0.7 5
v 23.7 0.7 4.9
v 23.8 0.7 4.9
v 23.9 0.7 4.6
v 24 0.7 4.6
v 23.8 0.7 4.3
v 23.9 0.7 4.3
v 24 0.7 4.3
v 24.1 0.7 4.3
v 23.9 0.7 4.1
v 24 0.7 4.1
v 24.1 0.7 4.1
v 24.2 0.7 4.1
v 24 0.7 4
v 24.1 0.7 4
v 24.2 0.7 3.9
v 24.3 0.7 3.9
v 24.1 0.7 3.8
v 24.2 0.7 3.8
v 24.3 0.7 3.8
v 24.4 0.7 3.8
v 24.2 0.7 3.7
v 24.3 0.7 3.7
v 24.4 0.7 3.7
v 24.5 0.7 3.7
v 24.3 0.7 3.6
v 24.4 0.7 3.6
v 24.5 0.7 3.6
v 24.6 0.7 3.6
v 24.4 0.7 3.5
v 24.5 0.7 3.5
v 24.6 0.7 3.5
v 24.7 0.7 3.5
v 24.5 0.7 3.3
v 24.6 0.7 3.3
v 24.7 0.7 3.3
v 24.8 0.7 3.3
v 24.6 0.7 3.2
v 24.7 0.7 3.2
v 24.8 0.7 3.2
v 24.9 0.7 3.2
v 24.7 0.7 3.1
v 24.8 0.7 3.1
v 24.9 0.7 3.1
v 25 0.7 3.1
v 24.8 0.7 3
v 24.9 0.7 3
v 25 0.7 3
v 25.1 0.7 3
v 24.9 0.7 2.9
v 25 0.7 2.9
v 25.1 0.7 2.9
v 25.2 0.7 2.9
v 25 0.7 2.8
v 25.1 0.7 2.8
v 25.2 0.7 2.8
v 25.3 0.7 2.8
v 25.1 0.7 2.7
v 25.2 0.7 2.7
v 25.3 0.7 2.7
v 25.4 0.7 2.7
v 25.2 0.7 2.6
v 25.3 0.7 2.6
v 25.3 0.7 2.5
v 25.4 0.7 2.5
v 25.5 0.7 2.5
v 25.5 0.7 2.4
v 25.6 0.7 2.4
v 25.4 0.7 2.3
v 25.5 0.7 2.3
v 25.6 0.7 2.3
v 25.7 0.7 2.3
v 25.5 0.7 2.2
v 25.6 0.7 2.2
v 25.7 0.7 2.2
v 25.8 0.7 2.2
v 23.3 0.7 2
v 23.5 0.7 2
v 25.6 0.7 2
v 25.7 0.7 2
v 25.8 0.7 2
v 25.9 0.7 2
v 23.3 0.7 1.9
v 23.4 0.7 1.9
v 23.5 0.7 1.9
v 23.7 0.7 1.9
v 25.7 0.7 1.9
v 25.8 0.7 1.9
v 25.9 0.7 1.9
v 26 0.7 1.9
v 23.4 0.7 1.8
v 23.6 0.7 1.8
v 23.7 0.7 1.8
v 23.8 0.7 1.8
v 23.6 0.7 1.6
v 23.7 0.7 1.6
v 23.8 0.7 1.6
v 24 0.7 1.6
v 25.8 0.7 1.6
v 25.9 0.7 1.6
v 26 0.7 1.6
v 26.1 0.7 1.6
v 23.7 0.7 1.5
v 23.8 0.7 1.5
v 24 0.7 1.5
v 24.1 0.7 1.5
v 23.8 0.7 1.4
v 23.9 0.7 1.4
v 25.9 0.7 1.4
v 26 0.7 1.4
v 26.1 0.7 1.4
v 26.2 0.7 1.4
v 24.1 0.7 1.3
v 24.2 0.7 1.3
v 23.9 0.7 1.2
v 24 0.7 1.2
v 26 0.7 1.2
v 26.1 0.7 1.2
v 26.2 0.7 1.2
v 26.3 0.7 1.2
v 24.2 0.7 1
v 24.3 0.7 1
v 24 0.7 0.900001
v 24.1 0.7 0.900001
v 26.1 0.7 0.900001
v 26.2 0.7 0.900001
v 26.3 0.7 0.900001
v 26.4 0.7 0.900001
v 24.2 0.7 0.8
v 24.3 0.7 0.8
v 24 0.7 0.700001
v 24.1 0.7 0.700001
v 26.4 0.7 0.6
v 26.5 0.7 0.6
v 26.2 0.7 0.5
v 26.3 0.7 0.5
v 23.9 0.7 0.3
v 24 0.7 0.3
v 24.1 0.7 0.3
v 24.2 0.7 0.3
v 24 0.7 0.1
v 24.1 0.7 0.1
v 26.5 0.7 0.1
v 26.6 0.7 0.1
v 23.8 0.7 -0.0999994
v 23.9 0.7 -0.0999994
v 26.3 0.7 -0.0999994
v 26.4 0.7 -0.0999994
v 23.9 0.7 -0.2
v 24 0.7 -0.2
v 23.7 0.7 -0.299999
v 23.8 0.7 -0.299999
v 23.8 0.7 -0.4
v 23.9 0.7 -0.4
v 23.6 0.7 -0.5
v 23.7 0.7 -0.5
v 23.8 0.7 -0.5
v 23.5 0.7 -0.7
v 23.6 0.7 -0.7
v 23.7 0.7 -0.7
v 23.4 0.7 -0.9
v 23.5 0.7 -0.9
v 23.6 0.7 -0.9
v 23.3 0.7 -1
v 23.4 0.7 -1
v 23.5 0.7 -1
v 23.3 0.7 -1.2
v 23.4 0.7 -1.2
v 26.3 0.7 -1.2
v 26.4 0.7 -1.2
v 26.5 0.7 -1.8
v 26.6 0.7 -1.8
v 26.2 0.7 -2.3
v 26.3 0.7 -2.3
v 26.4 0.7 -2.9
v 26.5 0.7 -2.9
v 26.4 0.7 -4.3
v 26.5 0.7 -4.3
v 26.2 0.7 -4.8
v 26.3 0.7 -4.8
v 26.5 0.7 -5.3
v 26.6 0.7 -5.3
v 26.3 0.7 -5.5
v 26.4 0.7 -5.5
v 26.6 0.7 -5.8
v 26.7 0.7 -5.8
v 26.4 0.7 -6
v 26.5 0.7 -6
v 26.7 0.7 -6.2
v 26.8 0.7 -6.2
v 26.5 0.7 -6.4
v 26.6 0.7 -6.4
v 26.8 0.7 -6.6
v 26.9 0.7 -6.6
v 26.6 0.7 -6.9
v 26.7 0.7 -6.9
v 26.9 0.7 -7
v 27 0.7 -7
v 26.7 0.7 -7.2
v 26.8 0.7 -7.2
v 27 0.7 -7.3
v 27.1 0.7 -7.3
v 26.8 0.7 -7.5
v 26.9 0.7 -7.5
v 27.1 0.7 -7.5
v 27.2 0.7 -7.5
v 27.2 0.7 -7.7
v 27.3 0.7 -7.7
v 26.9 0.7 -7.8
v 27 0.7 -7.8
v 27.3 0.7 -7.9
v 27.4 0.7 -7.9
v 27 0.7 -8.1
v 27.1 0.7 -8.1
v 27.4 0.7 -8.1
v 27.5 0.7 -8.1
v 27.5 0.7 -8.2
v 27.6 0.7 -8.2
v 27.1 0.7 -8.3
v 27.2 0.7 -8.3
v 27.6 0.7 -8.3
v 27.7 0.7 -8.3
v 27.2 0.7 -8.6
v 27.3 0.7 -8.6
v 27.7 0.7 -8.6
v 27.9 0.7 -8.6
v 27.9 0.7 -8.7
v 28 0.7 -8.7
v 27.3 0.7 -8.8
v 27.4 0.7 -8.8
v 28 0.7 -8.8
v 28.1 0.7 -8.8
v 27.4 0.7 -8.9
v 27.5 0.7 -8.9
v 28.1 0.7 -8.9
v 28.3 0.7 -8.9
v 27.5 0.7 -9
v 27.6 0.7 -9
v 28.3 0.7 -9
v 28.4 0.7 -9
v 27.6 0.7 -9.1
v 27.7 0.7 -9.1
v 28.4 0.7 -9.1
v 28.6 0.7 -9.1
v 27.7 0.7 -9.2
v 27.8 0.7 -9.2
v 28.6 0.7 -9.2
v 28.7 0.7 -9.2
v 27.8 0.7 -9.3
v 27.9 0.7 -9.3
v 28.7 0.7 -9.3
v 28.8 0.7 -9.3
v 27.9 0.7 -9.4
v 28.1 0.7 -9.4
v 28.8 0.7 -9.4
v 28.9 0.7 -9.4
v 28.1 0.7 -9.5
v 28.3 0.7 -9.5
v 28.9 0.7 -9.5
v 29 0.7 -9.5
v 28.3 0.7 -9.6
v 28.5 0.7 -9.6
v 29 0.7 -9.6
v 29.1 0.7 -9.6
v 28.5 0.7 -9.7
v 28.6 0.7 -9.7
v 29.1 0.7 -9.7
v 29.2 0.7 -9.7
v 28.6 0.7 -9.8
v 28.8 0.7 -9.8
v 28.8 0.7 -9.9
v 28.9 0.7 -9.9
v 29.2 0.7 -9.9
v 29.3 0.7 -9.9
v 28.9 0.7 -10
v 29 0.7 -10
v 29.3 0.7 -10
v 29.4 0.7 -10
v 29 0.7 -10.1
v 29.1 0.7 -10.1
v 29.4 0.7 -10.3
v 29.5 0.7 -10.3
v 29.1 0.7 -10.4
v 29.2 0.7 -10.4
v 29.2 0.7 -10.5
v 29.3 0.7 -10.5
v 29.5 0.7 -10.5
v 29.6 0.7 -10.5
v 29.3 0.7 -10.7
v 29.4 0.7 -10.7
v 29.6 0.7 -10.8
v 29.7 0.7 -10.8
v 29.4 0.7 -10.9
v 29.5 0.7 -10.9
v 29.7 0.7 -11
v 29.8 0.7 -11
v 29.5 0.7 -11.1
v 29.6 0.7 -11.1
v 29.6 0.7 -11.3
v 29.7 0.7 -11.3
v 29.8 0.7 -11.3
v 29.9 0.7 -11.3
v 29.7 0.7 -11.6
v 29.8 0.7 -11.6
v 29.9 0.7 -11.6
v 30 0.7 -11.6
v 29.8 0.7 -12
v 29.9 0.7 -12
v 30 0.7 -12.1
v 30.1 0.7 -12.1
v 29.9 0.7 -12.3
v 30 0.7 -12.3
v 30.1 0.7 -12.5
v 30.2 0.7 -12.5
v 30 0.7 -12.7
v 30.1 0.7 -12.7
v 30.1 0.7 -12.8
v 30.2 0.7 -12.8
v 23.3 0.8 11.3
v 23.4 0.8 11.3
v 23.4 0.8 11.2
v 23.5 0.8 11.2
v 23.4 0.8 10.8
v 23.5 0.8 10.8
v 23.3 0.8 10.4
v 23.4 0.8 10.4
v 23.3 0.8 8.3
v 23.4 0.8 8.3
v 23.4 0.8 8.2
v 23.5 0.8 8.2
v 23.3 0.8 8
v 23.4 0.8 8
v 23.5 0.8 8
v 23.6 0.8 8
v 23.4 0.8 7.9
v 23.5 0.8 7.9
v 23.6 0.8 7.9
v 23.7 0.8 7.9
v 23.5 0.8 7.8
v 23.6 0.8 7.8
v 23.7 0.8 7.8
v 23.8 0.8 7.8
v 23.6 0.8 7.6
v 23.7 0.8 7.6
v 23.8 0.8 7.6
v 23.9 0.8 7.6
v 23.7 0.8 7.5
v 23.8 0.8 7.5
v 23.9 0.8 7.4
v 24 0.8 7.4
v 23.8 0.8 7.3
v 23.9 0.8 7.3
v 24 0.8 7.2
v 24.1 0.8 7.2
v 23.9 0.8 7
v 24 0.8 7
v 24.1 0.8 6.9
v 24.2 0.8 6.9
v 24.1 0.8 6
v 24.2 0.8 6
v 23.9 0.8 5.6
v 24 0.8 5.6
v 23.9 0.8 4.6
v 24 0.8 4.6
v 24.1 0.8 4.4
v 24.2 0.8 4.4
v 24 0.8 4.3
v 24.1 0.8 4.3
v 24.2 0.8 4.2
v 24.3 0.8 4.2
v 24.1 0.8 4.1
v 24.2 0.8 4.1
v 24.3 0.8 4
v 24.4 0.8 4
v 24.2 0.8 3.9
v 24.3 0.8 3.9
v 24.4 0.8 3.9
v 24.5 0.8 3.9
v 24.3 0.8 3.8
v 24.4 0.8 3.8
v 24.5 0.8 3.8
v 24.6 0.8 3.8
v 24.4 0.8 3.7
v 24.5 0.8 3.7
v 24.5 0.8 3.6
v 24.6 0.8 3.6
v 24.7 0.8 3.6
v 24.6 0.8 3.5
v 24.7 0.8 3.5
v 24.8 0.8 3.5
v 24.7 0.8 3.3
v 24.8 0.8 3.3
v 24.9 0.8 3.3
v 24.8 0.8 3.2
v 24.9 0.8 3.2
v 25 0.8 3.2
v 24.9 0.8 3.1
v 25 0.8 3.1
v 25.1 0.8 3.1
v 25 0.8 3
v 25.1 0.8 3
v 25.2 0.8 3
v 25.1 0.8 2.9
v 25.2 0.8 2.9
v 25.3 0.8 2.9
v 25.2 0.8 2.8
v 25.3 0.8 2.8
v 25.4 0.8 2.8
v 25.3 0.8 2.7
v 25.4 0.8 2.7
v 25.5 0.8 2.7
v 25.5 0.8 2.6
v 25.6 0.8 2.6
v 25.4 0.8 2.5
v 25.5 0.8 2.5
v 25.6 0.8 2.5
v 25.7 0.8 2.5
v 25.5 0.8 2.4
v 25.6 0.8 2.4
v 25.7 0.8 2.4
v 25.8 0.8 2.4
v 25.6 0.8 2.3
v 25.7 0.8 2.3
v 25.7 0.8 2.2
v 25.8 0.8 2.2
v 25.9 0.8 2.2
v 25.9 0.8 2.1
v 26 0.8 2.1
v 25.8 0.8 2
v 25.9 0.8 2
v 26 0.8 2
v 26.1 0.8 2
v 23.3 0.8 1.9
v 23.4 0.8 1.9
v 25.9 0.8 1.9
v 26 0.8 1.9
v 23.4 0.8 1.8
v 23.6 0.8 1.8
v 26.1 0.8 1.8
v 26.2 0.8 1.8
v 23.3 0.8 1.6
v 23.5 0.8 1.6
v 23.6 0.8 1.6
v 23.7 0.8 1.6
v 26 0.8 1.6
v 26.1 0.8 1.6
v 23.5 0.8 1.5
v 23.6 0.8 1.5
v 23.7 0.8 1.5
v 23.8 0.8 1.5
v 26.2 0.8 1.5
v 26.3 0.8 1.5
v 23.6 0.8 1.4
v 23.7 0.8 1.4
v 23.8 0.8 1.4
v 23.9 0.8 1.4
v 26.1 0.8 1.4
v 26.2 0.8 1.4
v 23.7 0.8 1.3
v 23.8 0.8 1.3
v 26.3 0.8 1.3
v 26.4 0.8 1.3
v 23.9 0.8 1.2
v 24 0.8 1.2
v 26.2 0.8 1.2
v 26.3 0.8 1.2
v 26.4 0.8 1.1
v 26.5 0.8 1.1
v 23.8 0.8 1
v 23.9 0.8 1
v 24 0.8 0.900001
v 24.1 0.8 0.900001
v 26.3 0.8 0.900001
v 26.4 0.8 0.900001
v 26.5 0.8 0.8
v 26.6 0.8 0.8
v 24 0.8 0.700001
v 24.1 0.8 0.700001
v 26.4 0.8 0.6
v 26.5 0.8 0.6
v 26.6 0.8 0.5
v 26.7 0.8 0.5
v 23.8 0.8 0.400001
v 23.9 0.8 0.400001
v 23.9 0.8 0.3
v 24 0.8 0.3
v 23.7 0.8 0.1
v 23.8 0.8 0.1
v 26.5 0.8 0.1
v 26.6 0.8 0.1
v 23.8 0.8 -0.0999994
v 23.9 0.8 -0.0999994
v 26.7 0.8 -0.0999994
v 26.8 0.8 -0.0999994
v 23.6 0.8 -0.299999
v 23.7 0.8 -0.299999
v 23.8 0.8 -0.299999
v 23.5 0.8 -0.5
v 23.6 0.8 -0.5
v 23.7 0.8 -0.5
v 23.4 0.8 -0.7
v 23.5 0.8 -0.7
v 23.6 0.8 -0.7
v 23.3 0.8 -0.9
v 23.4 0.8 -0.9
v 23.5 0.8 -0.9
v 23.3 0.8 -1
v 23.4 0.8 -1
v 26.5 0.8 -1.8
v 26.6 0.8 -1.8
v 26.7 0.8 -2.3
v 26.8 0.8 -2.3
v 26.4 0.8 -2.9
v 26.5 0.8 -2.9
v 26.4 0.8 -4.3
v 26.5 0.8 -4.3
v 26.7 0.8 -4.7
v 26.8 0.8 -4.7
v 26.5 0.8 -5.3
v 26.6 0.8 -5.3
v 26.8 0.8 -5.4
v 26.9 0.8 -5.4
v 26.6 0.8 -5.8
v 26.7 0.8 -5.8
v 26.9 0.8 -5.9
v 27 0.8 -5.9
v 26.7 0.8 -6.2
v 26.8 0.8 -6.2
v 27 0.8 -6.2
v 27.1 0.8 -6.2
v 27.1 0.8 -6.5
v 27.2 0.8 -6.5
v 26.8 0.8 -6.6
v 26.9 0.8 -6.6
v 27.2 0.8 -6.9
v 27.3 0.8 -6.9
v 26.9 0.8 -7
v 27 0.8 -7
v 27.3 0.8 -7.1
v 27.4 0.8 -7.1
v 27 0.8 -7.3
v 27.1 0.8 -7.3
v 27.4 0.8 -7.3
v 27.5 0.8 -7.3
v 27.1 0.8 -7.5
v 27.2 0.8 -7.5
v 27.5 0.8 -7.5
v 27.6 0.8 -7.5
v 27.6 0.8 -7.6
v 27.7 0.8 -7.6
v 27.2 0.8 -7.7
v 27.3 0.8 -7.7
v 27.7 0.8 -7.8
v 27.8 0.8 -7.8
v 27.3 0.8 -7.9
v 27.4 0.8 -7.9
v 27.8 0.8 -7.9
v 27.9 0.8 -7.9
v 27.9 0.8 -8
v 28 0.8 -8
v 27.4 0.8 -8.1
v 27.5 0.8 -8.1
v 28 0.8 -8.1
v 28.1 0.8 -8.1
v 27.5 0.8 -8.2
v 27.6 0.8 -8.2
v 28.1 0.8 -8.2
v 28.3 0.8 -8.2
v 27.6 0.8 -8.3
v 27.7 0.8 -8.3
v 28.3 0.8 -8.3
v 28.4 0.8 -8.3
v 28.4 0.8 -8.4
v 28.5 0.8 -8.4
v 27.7 0.8 -8.6
v 27.9 0.8 -8.6
v 28.5 0.8 -8.6
v 28.6 0.8 -8.6
v 27.9 0.8 -8.7
v 28 0.8 -8.7
v 28.6 0.8 -8.7
v 28.7 0.8 -8.7
v 28 0.8 -8.8
v 28.1 0.8 -8.8
v 28.7 0.8 -8.8
v 28.8 0.8 -8.8
v 28.1 0.8 -8.9
v 28.3 0.8 -8.9
v 28.8 0.8 -8.9
v 28.9 0.8 -8.9
v 28.3 0.8 -9
v 28.4 0.8 -9
v 28.9 0.8 -9
v 29 0.8 -9
v 28.4 0.8 -9.1
v 28.6 0.8 -9.1
v 29 0.8 -9.1
v 29.1 0.8 -9.1
v 28.6 0.8 -9.2
v 28.7 0.8 -9.2
v 29.1 0.8 -9.2
v 29.2 0.8 -9.2
v 28.7 0.8 -9.3
v 28.8 0.8 -9.3
v 28.8 0.8 -9.4
v 28.9 0.8 -9.4
v 29.2 0.8 -9.4
v 29.3 0.8 -9.4
v 28.9 0.8 -9.5
v 29 0.8 -9.5
v 29.3 0.8 -9.5
v 29.4 0.8 -9.5
v 29 0.8 -9.6
v 29.1 0.8 -9.6
v 29.1 0.8 -9.7
v 29.2 0.8 -9.7
v 29.4 0.8 -9.7
v 29.5 0.8 -9.7
v 29.2 0.8 -9.9
v 29.3 0.8 -9.9
v 29.5 0.8 -9.9
v 29.6 0.8 -9.9
v 29.3 0.8 -10
v 29.4 0.8 -10
v 29.6 0.8 -10.1
v 29.7 0.8 -10.1
v 29.4 0.8 -10.3
v 29.5 0.8 -10.3
v 29.5 0.8 -10.5
v 29.6 0.8 -10.5
v 29.7 0.8 -10.5
v 29.8 0.8 -10.5
v 29.6 0.8 -10.8
v 29.7 0.8 -10.8
v 29.8 0.8 -10.8
v 29.9 0.8 -10.8
v 29.7 0.8 -11
v 29.8 0.8 -11
v 29.9 0.8 -11.1
v 30 0.8 -11.1
v 29.8 0.8 -11.3
v 29.9 0.8 -11.3
v 30 0.8 -11.4
v 30.1 0.8 -11.4
v 29.9 0.8 -11.6
v 30 0.8 -11.6
v 30.1 0.8 -11.8
v 30.2 0.8 -11.8
v 30 0.8 -12.1
v 30.1 0.8 -12.1
v 30.2 0.8 -12.4
v 30.3 0.8 -12.4
v 30.1 0.8 -12.5
v 30.2 0.8 -12.5
v 30.2 0.8 -12.8
v 30.3 0.8 -12.8
v 23.5 0.9 11.8
v 23.7 0.9 11.8
v 23.3 0.9 11.7
v 23.5 0.9 11.7
v 23.7 0.9 11.7
v 23.8 0.9 11.7
v 23.3 0.9 11.3
v 23.4 0.9 11.3
v 23.4 0.9 11.2
v 23.5 0.9 11.2
v 23.7 0.9 11.2
v 23.8 0.9 11.2
v 23.4 0.9 10.8
v 23.5 0.9 10.8
v 23.6 0.9 10.8
v 23.7 0.9 10.8
v 23.5 0.9 10.5
v 23.6 0.9 10.5
v 23.3 0.9 10.4
v 23.4 0.9 10.4
v 23.4 0.9 10.3
v 23.5 0.9 10.3
v 23.3 0.9 9.9
v 23.4 0.9 9.9
v 23.3 0.9 8.7
v 23.4 0.9 8.7
v 23.4 0.9 8.4
v 23.5 0.9 8.4
v 23.3 0.9 8.3
v 23.4 0.9 8.3
v 23.5 0.9 8.3
v 23.6 0.9 8.3
v 23.4 0.9 8.2
v 23.5 0.9 8.2
v 23.6 0.9 8.1
v 23.7 0.9 8.1
v 23.5 0.9 8
v 23.6 0.9 8
v 23.7 0.9 8
v 23.8 0.9 8
v 23.6 0.9 7.9
v 23.7 0.9 7.9
v 23.8 0.9 7.9
v 23.9 0.9 7.9
v 23.7 0.9 7.8
v 23.8 0.9 7.8
v 23.9 0.9 7.7
v 24 0.9 7.7
v 23.8 0.9 7.6
v 23.9 0.9 7.6
v 24 0.9 7.6
v 24.1 0.9 7.6
v 23.9 0.9 7.4
v 24 0.9 7.4
v 24.1 0.9 7.4
v 24.2 0.9 7.4
v 24 0.9 7.2
v 24.1 0.9 7.2
v 24.2 0.9 7.1
v 24.3 0.9 7.1
v 24.1 0.9 6.9
v 24.2 0.9 6.9
v 24.1 0.9 6
v 24.2 0.9 6
v 24.2 0.9 5.7
v 24.3 0.9 5.7
v 24.2 0.9 4.6
v 24.3 0.9 4.6
v 24.1 0.9 4.4
v 24.2 0.9 4.4
v 24.3 0.9 4.3
v 24.4 0.9 4.3
v 24.2 0.9 4.2
v 24.3 0.9 4.2
v 24.4 0.9 4.1
v 24.5 0.9 4.1
v 24.3 0.9 4
v 24.4 0.9 4
v 24.5 0.9 4
v 24.6 0.9 4
v 24.4 0.9 3.9
v 24.5 0.9 3.9
v 24.5 0.9 3.8
v 24.6 0.9 3.8
v 24.7 0.9 3.8
v 24.7 0.9 3.7
v 24.8 0.9 3.7
v 24.6 0.9 3.6
v 24.7 0.9 3.6
v 24.8 0.9 3.6
v 24.9 0.9 3.6
v 24.7 0.9 3.5
v 24.8 0.9 3.5
v 24.9 0.9 3.5
v 25 0.9 3.5
v 24.8 0.9 3.3
v 24.9 0.9 3.3
v 25 0.9 3.3
v 25.1 0.9 3.3
v 24.9 0.9 3.2
v 25 0.9 3.2
v 25.1 0.9 3.2
v 25.2 0.9 3.2
v 25 0.9 3.1
v 25.1 0.9 3.1
v 25.2 0.9 3.1
v 25.3 0.9 3.1
v 25.1 0.9 3
v 25.2 0.9 3
v 25.3 0.9 3
v 25.4 0.9 3
v 25.2 0.9 2.9
v 25.3 0.9 2.9
v 25.4 0.9 2.9
v 25.5 0.9 2.9
v 25.3 0.9 2.8
v 25.4 0.9 2.8
v 25.5 0.9 2.8
v 25.6 0.9 2.8
v 25.4 0.9 2.7
v 25.5 0.9 2.7
v 25.6 0.9 2.7
v 25.7 0.9 2.7
v 25.5 0.9 2.6
v 25.6 0.9 2.6
v 25.6 0.9 2.5
v 25.7 0.9 2.5
v 25.8 0.9 2.5
v 25.7 0.9 2.4
v 25.8 0.9 2.4
v 25.9 0.9 2.4
v 25.9 0.9 2.3
v 26 0.9 2.3
v 25.8 0.9 2.2
v 25.9 0.9 2.2
v 26 0.9 2.2
v 26.1 0.9 2.2
v 25.9 0.9 2.1
v 26 0.9 2.1
v 26 0.9 2
v 26.1 0.9 2
v 26.2 0.9 2
v 26.2 0.9 1.9
v 26.3 0.9 1.9
v 26.1 0.9 1.8
v 26.2 0.9 1.8
v 23.3 0.9 1.6
v 23.5 0.9 1.6
v 26.3 0.9 1.6
v 26.4 0.9 1.6
v 23.3 0.9 1.5
v 23.4 0.9 1.5
v 23.5 0.9 1.5
v 23.6 0.9 1.5
v 26.2 0.9 1.5
v 26.3 0.9 1.5
v 23.4 0.9 1.4
v 23.5 0.9 1.4
v 23.6 0.9 1.4
v 23.7 0.9 1.4
v 26.4 0.9 1.4
v 26.5 0.9 1.4
v 23.5 0.9 1.3
v 23.6 0.9 1.3
v 23.7 0.9 1.3
v 23.8 0.9 1.3
v 26.3 0.9 1.3
v 26.4 0.9 1.3
v 26.5 0.9 1.2
v 26.6 0.9 1.2
v 23.6 0.9 1.1
v 23.7 0.9 1.1
v 26.4 0.9 1.1
v 26.5 0.9 1.1
v 23.8 0.9 1
v 23.9 0.9 1
v 26.6 0.9 1
v 26.7 0.9 1
v 26.5 0.9 0.8
v 26.6 0.9 0.8
v 26.7 0.9 0.700001
v 26.8 0.9 0.700001
v 26.6 0.9 0.5
v 26.7 0.9 0.5
v 23.8 0.9 0.400001
v 23.9 0.9 0.400001
v 26.8 0.9 0.3
v 26.9 0.9 0.3
v 23.6 0.9 0.200001
v 23.7 0.9 0.200001
v 23.7 0.9 0.1
v 23.8 0.9 0.1
v 26.7 0.9 -0.0999994
v 26.8 0.9 -0.0999994
v 23.5 0.9 -0.2
v 23.6 0.9 -0.2
v 23.6 0.9 -0.299999
v 23.7 0.9 -0.299999
v 26.9 0.9 -0.299999
v 27 0.9 -0.299999
v 23.4 0.9 -0.5
v 23.5 0.9 -0.5
v 23.6 0.9 -0.5
v 23.3 0.9 -0.7
v 23.4 0.9 -0.7
v 23.5 0.9 -0.7
v 23.3 0.9 -0.9
v 23.4 0.9 -0.9
v 26.7 0.9 -2.3
v 26.8 0.9 -2.3
v 26.7 0.9 -4.7
v 26.8 0.9 -4.7
v 27 0.9 -4.7
v 27.1 0.9 -4.7
v 26.8 0.9 -5.4
v 26.9 0.9 -5.4
v 27.1 0.9 -5.4
v 27.2 0.9 -5.4
v 27.2 0.9 -5.8
v 27.3 0.9 -5.8
v 26.9 0.9 -5.9
v 27 0.9 -5.9
v 27.3 0.9 -6.1
v 27.4 0.9 -6.1
v 27 0.9 -6.2
v 27.1 0.9 -6.2
v 27.4 0.9 -6.3
v 27.5 0.9 -6.3
v 27.1 0.9 -6.5
v 27.2 0.9 -6.5
v 27.5 0.9 -6.6
v 27.6 0.9 -6.6
v 27.6 0.9 -6.7
v 27.7 0.9 -6.7
v 27.2 0.9 -6.9
v 27.3 0.9 -6.9
v 27.7 0.9 -7
v 27.8 0.9 -7
v 27.3 0.9 -7.1
v 27.4 0.9 -7.1
v 27.8 0.9 -7.2
v 27.9 0.9 -7.2
v 27.4 0.9 -7.3
v 27.5 0.9 -7.3
v 27.9 0.9 -7.3
v 28 0.9 -7.3
v 28 0.9 -7.4
v 28.1 0.9 -7.4
v 27.5 0.9 -7.5
v 27.6 0.9 -7.5
v 28.1 0.9 -7.5
v 28.2 0.9 -7.5
v 27.6 0.9 -7.6
v 27.7 0.9 -7.6
v 28.2 0.9 -7.6
v 28.3 0.9 -7.6
v 28.3 0.9 -7.7
v 28.4 0.9 -7.7
v 27.7 0.9 -7.8
v 27.8 0.9 -7.8
v 28.4 0.9 -7.8
v 28.5 0.9 -7.8
v 27.8 0.9 -7.9
v 27.9 0.9 -7.9
v 28.5 0.9 -7.9
v 28.6 0.9 -7.9
v 27.9 0.9 -8
v 28 0.9 -8
v 28.6 0.9 -8
v 28.7 0.9 -8
v 28 0.9 -8.1
v 28.1 0.9 -8.1
v 28.7 0.9 -8.1
v 28.8 0.9 -8.1
v 28.1 0.9 -8.2
v 28.3 0.9 -8.2
v 28.8 0.9 -8.2
v 28.9 0.9 -8.2
v 28.3 0.9 -8.3
v 28.4 0.9 -8.3
v 28.9 0.9 -8.3
v 29 0.9 -8.3
v 28.4 0.9 -8.4
v 28.5 0.9 -8.4
v 28.5 0.9 -8.6
v 28.6 0.9 -8.6
v 29 0.9 -8.6
v 29.1 0.9 -8.6
v 28.6 0.9 -8.7
v 28.7 0.9 -8.7
v 29.1 0.9 -8.7
v 29.2 0.9 -8.7
v 28.7 0.9 -8.8
v 28.8 0.9 -8.8
v 28.8 0.9 -8.9
v 28.9 0.9 -8.9
v 29.2 0.9 -8.9
v 29.3 0.9 -8.9
v 28.9 0.9 -9
v 29 0.9 -9
v 29.3 0.9 -9
v 29.4 0.9 -9
v 29 0.9 -9.1
v 29.1 0.9 -9.1
v 29.1 0.9 -9.2
v 29.2 0.9 -9.2
v 29.4 0.9 -9.2
v 29.5 0.9 -9.2
v 29.2 0.9 -9.4
v 29.3 0.9 -9.4
v 29.5 0.9 -9.4
v 29.6 0.9 -9.4
v 29.3 0.9 -9.5
v 29.4 0.9 -9.5
v 29.6 0.9 -9.6
v 29.7 0.9 -9.6
v 29.4 0.9 -9.7
v 29.5 0.9 -9.7
v 29.5 0.9 -9.9
v 29.6 0.9 -9.9
v 29.7 0.9 -9.9
v 29.8 0.9 -9.9
v 29.6 0.9 -10.1
v 29.7 0.9 -10.1
v 29.8 0.9 -10.3
v 29.9 0.9 -10.3
v 29.7 0.9 -10.5
v 29.8 0.9 -10.5
v 29.9 0.9 -10.6
v 30 0.9 -10.6
v 29.8 0.9 -10.8
v 29.9 0.9 -10.8
v 30 0.9 -10.9
v 30.1 0.9 -10.9
v 29.9 0.9 -11.1
v 30 0.9 -11.1
v 30.1 0.9 -11.3
v 30.2 0.9 -11.3
v 30 0.9 -11.4
v 30.1 0.9 -11.4
v 30.2 0.9 -11.7
v 30.3 0.9 -11.7
v 30.1 0.9 -11.8
v 30.2 0.9 -11.8
v 30.3 0.9 -12.3
v 30.4 0.9 -12.3
v 30.2 0.9 -12.4
v 30.3 0.9 -12.4
v 30.3 0.9 -12.8
v 30.4 0.9 -12.8
v 23.8 1 12.3
v 24.1 1 12.3
v 23.6 1 12.2
v 23.8 1 12.2
v 23.4 1 12.1
v 23.6 1 12.1
v 23.3 1 12
v 23.4 1 12
v 23.5 1 11.8
v 23.7 1 11.8
v 23.3 1 11.7
v 23.5 1 11.7
v 23.7 1 11.7
v 23.8 1 11.7
v 24 1 11.5
v 24.1 1 11.5
v 23.7 1 11.2
v 23.8 1 11.2
v 23.9 1 11.2
v 24 1 11.2
v 23.8 1 10.9
v 23.9 1 10.9
v 23.6 1 10.8
v 23.7 1 10.8
v 23.7 1 10.7
v 23.8 1 10.7
v 23.5 1 10.5
v 23.6 1 10.5
v 23.6 1 10.4
v 23.7 1 10.4
v 23.4 1 10.3
v 23.5 1 10.3
v 23.5 1 10
v 23.6 1 10
v 23.3 1 9.9
v 23.4 1 9.9
v 23.4 1 9.7
v 23.5 1 9.7
v 23.4 1 8.9
v 23.5 1 8.9
v 23.3 1 8.7
v 23.4 1 8.7
v 23.5 1 8.7
v 23.6 1 8.7
v 23.4 1 8.4
v 23.5 1 8.4
v 23.6 1 8.4
v 23.7 1 8.4
v 23.5 1 8.3
v 23.6 1 8.3
v 23.7 1 8.2
v 23.8 1 8.2
v 23.6 1 8.1
v 23.7 1 8.1
v 23.8 1 8.1
v 23.9 1 8.1
v 23.7 1 8
v 23.8 1 8
v 23.9 1 8
v 24 1 8
v 23.8 1 7.9
v 23.9 1 7.9
v 24 1 7.8
v 24.1 1 7.8
v 23.9 1 7.7
v 24 1 7.7
v 24.1 1 7.7
v 24.2 1 7.7
v 24 1 7.6
v 24.1 1 7.6
v 24.2 1 7.5
v 24.3 1 7.5
v 24.1 1 7.4
v 24.2 1 7.4
v 24.3 1 7.3
v 24.4 1 7.3
v 24.2 1 7.1
v 24.3 1 7.1
v 24.4 1 6.9
v 24.5 1 6.9
v 24.4 1 6.2
v 24.5 1 6.2
v 24.2 1 5.7
v 24.3 1 5.7
v 24.3 1 5.4
v 24.4 1 5.4
v 24.3 1 4.8
v 24.4 1 4.8
v 24.2 1 4.6
v 24.3 1 4.6
v 24.4 1 4.4
v 24.5 1 4.4
v 24.3 1 4.3
v 24.4 1 4.3
v 24.5 1 4.2
v 24.6 1 4.2
v 24.4 1 4.1
v 24.5 1 4.1
v 24.5 1 4
v 24.6 1 4
v 24.7 1 4
v 24.7 1 3.9
v 24.8 1 3.9
v 24.6 1 3.8
v 24.7 1 3.8
v 24.8 1 3.8
v 24.9 1 3.8
v 24.7 1 3.7
v 24.8 1 3.7
v 24.9 1 3.7
v 25 1 3.7
v 24.8 1 3.6
v 24.9 1 3.6
v 25 1 3.6
v 25.1 1 3.6
v 24.9 1 3.5
v 25 1 3.5
v 25 1 3.3
v 25.1 1 3.3
v 25.2 1 3.3
v 25.1 1 3.2
v 25.2 1 3.2
v 25.3 1 3.2
v 25.2 1 3.1
v 25.3 1 3.1
v 25.4 1 3.1
v 25.3 1 3
v 25.4 1 3
v 25.5 1 3
v 25.4 1 2.9
v 25.5 1 2.9
v 25.6 1 2.9
v 25.5 1 2.8
v 25.6 1 2.8
v 25.7 1 2.8
v 25.6 1 2.7
v 25.7 1 2.7
v 25.8 1 2.7
v 25.8 1 2.6
v 25.9 1 2.6
v 25.7 1 2.5
v 25.8 1 2.5
v 25.9 1 2.5
v 26 1 2.5
v 25.8 1 2.4
v 25.9 1 2.4
v 25.9 1 2.3
v 26 1 2.3
v 26.1 1 2.3
v 26 1 2.2
v 26.1 1 2.2
v 26.2 1 2.2
v 26.2 1 2.1
v 26.3 1 2.1
v 26.1 1 2
v 26.2 1 2
v 26.2 1 1.9
v 26.3 1 1.9
v 26.4 1 1.9
v 26.4 1 1.8
v 26.5 1 1.8
v 26.3 1 1.6
v 26.4 1 1.6
v 23.3 1 1.5
v 23.4 1 1.5
v 26.5 1 1.5
v 26.6 1 1.5
v 23.4 1 1.4
v 23.5 1 1.4
v 26.4 1 1.4
v 26.5 1 1.4
v 23.3 1 1.3
v 23.4 1 1.3
v 23.5 1 1.3
v 23.6 1 1.3
v 26.6 1 1.3
v 26.7 1 1.3
v 23.4 1 1.2
v 23.5 1 1.2
v 26.5 1 1.2
v 26.6 1 1.2
v 23.6 1 1.1
v 23.7 1 1.1
v 26.7 1 1.1
v 26.8 1 1.1
v 23.5 1 1
v 23.6 1 1
v 26.6 1 1
v 26.7 1 1
v 26.8 1 0.8
v 26.9 1 0.8
v 26.7 1 0.700001
v 26.8 1 0.700001
v 26.9 1 0.5
v 27 1 0.5
v 26.8 1 0.3
v 26.9 1 0.3
v 23.5 1 0.200001
v 23.6 1 0.200001
v 23.7 1 0.200001
v 27 1 0.1
v 27.1 1 0.1
v 23.4 1 -0.2
v 23.5 1 -0.2
v 23.6 1 -0.2
v 26.9 1 -0.299999
v 27 1 -0.299999
v 23.3 1 -0.5
v 23.4 1 -0.5
v 23.5 1 -0.5
v 27.1 1 -0.5
v 27.2 1 -0.5
v 23.3 1 -0.7
v 23.4 1 -0.7
v 27.2 1 -3.2
v 27.3 1 -3.2
v 27.3 1 -4.6
v 27.4 1 -4.6
v 27 1 -4.7
v 27.1 1 -4.7
v 27.4 1 -5.2
v 27.5 1 -5.2
v 27.1 1 -5.4
v 27.2 1 -5.4
v 27.5 1 -5.5
v 27.6 1 -5.5
v 27.2 1 -5.8
v 27.3 1 -5.8
v 27.6 1 -5.8
v 27.7 1 -5.8
v 27.7 1 -6
v 27.8 1 -6
v 27.3 1 -6.1
v 27.4 1 -6.1
v 27.8 1 -6.2
v 27.9 1 -6.2
v 27.4 1 -6.3
v 27.5 1 -6.3
v 27.9 1 -6.4
v 28 1 -6.4
v 27.5 1 -6.6
v 27.6 1 -6.6
v 28 1 -6.6
v 28.1 1 -6.6
v 27.6 1 -6.7
v 27.7 1 -6.7
v 28.1 1 -6.7
v 28.2 1 -6.7
v 28.2 1 -6.9
v 28.3 1 -6.9
v 27.7 1 -7
v 27.8 1 -7
v 28.3 1 -7
v 28.4 1 -7
v 27.8 1 -7.2
v 27.9 1 -7.2
v 28.4 1 -7.2
v 28.5 1 -7.2
v 27.9 1 -7.3
v 28 1 -7.3
v 28.5 1 -7.3
v 28.6 1 -7.3
v 28 1 -7.4
v 28.1 1 -7.4
v 28.6 1 -7.4
v 28.7 1 -7.4
v 28.1 1 -7.5
v 28.2 1 -7.5
v 28.7 1 -7.5
v 28.8 1 -7.5
v 28.2 1 -7.6
v 28.3 1 -7.6
v 28.3 1 -7.7
v 28.4 1 -7.7
v 28.8 1 -7.7
v 28.9 1 -7.7
v 28.4 1 -7.8
v 28.5 1 -7.8
v 28.9 1 -7.8
v 29 1 -7.8
v 28.5 1 -7.9
v 28.6 1 -7.9
v 29 1 -7.9
v 29.1 1 -7.9
v 28.6 1 -8
v 28.7 1 -8
v 28.7 1 -8.1
v 28.8 1 -8.1
v 29.1 1 -8.1
v 29.2 1 -8.1
v 28.8 1 -8.2
v 28.9 1 -8.2
v 28.9 1 -8.3
v 29 1 -8.3
v 29.2 1 -8.3
v 29.3 1 -8.3
v 29.3 1 -8.4
v 29.4 1 -8.4
v 29 1 -8.6
v 29.1 1 -8.6
v 29.1 1 -8.7
v 29.2 1 -8.7
v 29.4 1 -8.7
v 29.5 1 -8.7
v 29.2 1 -8.9
v 29.3 1 -8.9
v 29.5 1 -8.9
v 29.6 1 -8.9
v 29.3 1 -9
v 29.4 1 -9
v 29.4 1 -9.2
v 29.5 1 -9.2
v 29.6 1 -9.2
v 29.7 1 -9.2
v 29.5 1 -9.4
v 29.6 1 -9.4
v 29.7 1 -9.4
v 29.8 1 -9.4
v 29.6 1 -9.6
v 29.7 1 -9.6
v 29.8 1 -9.7
v 29.9 1 -9.7
v 29.7 1 -9.9
v 29.8 1 -9.9
v 29.9 1 -10
v 30 1 -10
v 29.8 1 -10.3
v 29.9 1 -10.3
v 30 1 -10.4
v 30.1 1 -10.4
v 29.9 1 -10.6
v 30 1 -10.6
v 30.1 1 -10.8
v 30.2 1 -10.8
v 30 1 -10.9
v 30.1 1 -10.9
v 30.2 1 -11.2
v 30.3 1 -11.2
v 30.1 1 -11.3
v 30.2 1 -11.3
v 30.2 1 -11.7
v 30.3 1 -11.7
v 30.4 1 -11.7
v 30.3 1 -12.3
v 30.4 1 -12.3
v 30.5 1 -12.3
v 30.4 1 -12.8
v 30.5 1 -12.8
v 24.2 1.1 12.7
v 24.5 1.1 12.7
v 23.9 1.1 12.6
v 24.2 1.1 12.6
v 23.7 1.1 12.5
v 23.9 1.1 12.5
v 23.6 1.1 12.4
v 23.7 1.1 12.4
v 23.4 1.1 12.3
v 23.6 1.1 12.3
v 23.8 1.1 12.3
v 24.1 1.1 12.3
v 23.3 1.1 12.2
v 23.4 1.1 12.2
v 23.6 1.1 12.2
v 23.8 1.1 12.2
v 24.4 1.1 12.2
v 24.5 1.1 12.2
v 23.4 1.1 12.1
v 23.6 1.1 12.1
v 23.3 1.1 12
v 23.4 1.1 12
v 24.3 1.1 11.8
v 24.4 1.1 11.8
v 24.2 1.1 11.6
v 24.3 1.1 11.6
v 24 1.1 11.5
v 24.1 1.1 11.5
v 24.1 1.1 11.3
v 24.2 1.1 11.3
v 23.9 1.1 11.2
v 24 1.1 11.2
v 24 1.1 11.1
v 24.1 1.1 11.1
v 23.8 1.1 10.9
v 23.9 1.1 10.9
v 23.9 1.1 10.8
v 24 1.1 10.8
v 23.7 1.1 10.7
v 23.8 1.1 10.7
v 23.8 1.1 10.6
v 23.9 1.1 10.6
v 23.6 1.1 10.4
v 23.7 1.1 10.4
v 23.7 1.1 10.3
v 23.8 1.1 10.3
v 23.5 1.1 10
v 23.6 1.1 10
v 23.6 1.1 9.9
v 23.7 1.1 9.9
v 23.4 1.1 9.7
v 23.5 1.1 9.7
v 23.5 1.1 9.5
v 23.6 1.1 9.5
v 23.5 1.1 9.2
v 23.6 1.1 9.2
v 23.4 1.1 8.9
v 23.5 1.1 8.9
v 23.6 1.1 8.8
v 23.7 1.1 8.8
v 23.5 1.1 8.7
v 23.6 1.1 8.7
v 23.7 1.1 8.6
v 23.8 1.1 8.6
v 23.6 1.1 8.4
v 23.7 1.1 8.4
v 23.8 1.1 8.3
v 23.9 1.1 8.3
v 23.7 1.1 8.2
v 23.8 1.1 8.2
v 23.9 1.1 8.2
v 24 1.1 8.2
v 23.8 1.1 8.1
v 23.9 1.1 8.1
v 24 1.1 8.1
v 24.1 1.1 8.1
v 23.9 1.1 8
v 24 1.1 8
v 24.1 1.1 7.9
v 24.2 1.1 7.9
v 24 1.1 7.8
v 24.1 1.1 7.8
v 24.2 1.1 7.8
v 24.3 1.1 7.8
v 24.1 1.1 7.7
v 24.2 1.1 7.7
v 24.3 1.1 7.6
v 24.4 1.1 7.6
v 24.2 1.1 7.5
v 24.3 1.1 7.5
v 24.4 1.1 7.4
v 24.5 1.1 7.4
v 24.3 1.1 7.3
v 24.4 1.1 7.3
v 24.5 1.1 7.1
v 24.6 1.1 7.1
v 24.4 1.1 6.9
v 24.5 1.1 6.9
v 24.4 1.1 6.2
v 24.5 1.1 6.2
v 24.5 1.1 5.9
v 24.6 1.1 5.9
v 24.3 1.1 5.4
v 24.4 1.1 5.4
v 24.3 1.1 4.8
v 24.4 1.1 4.8
v 24.5 1.1 4.5
v 24.6 1.1 4.5
v 24.4 1.1 4.4
v 24.5 1.1 4.4
v 24.6 1.1 4.3
v 24.7 1.1 4.3
v 24.5 1.1 4.2
v 24.6 1.1 4.2
v 24.7 1.1 4.1
v 24.8 1.1 4.1
v 24.6 1.1 4
v 24.7 1.1 4
v 24.8 1.1 4
v 24.9 1.1 4
v 24.7 1.1 3.9
v 24.8 1.1 3.9
v 24.8 1.1 3.8
v 24.9 1.1 3.8
v 25 1.1 3.8
v 24.9 1.1 3.7
v 25 1.1 3.7
v 25.1 1.1 3.7
v 25 1.1 3.6
v 25.1 1.1 3.6
v 25.2 1.1 3.6
v 25.2 1.1 3.5
v 25.3 1.1 3.5
v 25.1 1.1 3.3
v 25.2 1.1 3.3
v 25.3 1.1 3.3
v 25.4 1.1 3.3
v 25.2 1.1 3.2
v 25.3 1.1 3.2
v 25.4 1.1 3.2
v 25.5 1.1 3.2
v 25.3 1.1 3.1
v 25.4 1.1 3.1
v 25.5 1.1 3.1
v 25.6 1.1 3.1
v 25.4 1.1 3
v 25.5 1.1 3
v 25.6 1.1 3
v 25.7 1.1 3
v 25.5 1.1 2.9
v 25.6 1.1 2.9
v 25.7 1.1 2.9
v 25.8 1.1 2.9
v 25.6 1.1 2.8
v 25.7 1.1 2.8
v 25.7 1.1 2.7
v 25.8 1.1 2.7
v 25.9 1.1 2.7
v 25.8 1.1 2.6
v 25.9 1.1 2.6
v 26 1.1 2.6
v 25.9 1.1 2.5
v 26 1.1 2.5
v 26.1 1.1 2.5
v 26.1 1.1 2.4
v 26.2 1.1 2.4
v 26 1.1 2.3
v 26.1 1.1 2.3
v 26.1 1.1 2.2
v 26.2 1.1 2.2
v 26.3 1.1 2.2
v 26.2 1.1 2.1
v 26.3 1.1 2.1
v 26.4 1.1 2.1
v 26.4 1.1 2
v 26.5 1.1 2
v 26.3 1.1 1.9
v 26.4 1.1 1.9
v 26.4 1.1 1.8
v 26.5 1.1 1.8
v 26.6 1.1 1.8
v 26.5 1.1 1.5
v 26.6 1.1 1.5
v 26.7 1.1 1.5
v 23.3 1.1 1.3
v 23.4 1.1 1.3
v 26.6 1.1 1.3
v 26.7 1.1 1.3
v 26.8 1.1 1.3
v 23.4 1.1 1.2
v 23.5 1.1 1.2
v 23.3 1.1 1.1
v 23.4 1.1 1.1
v 26.7 1.1 1.1
v 26.8 1.1 1.1
v 26.9 1.1 1.1
v 23.5 1.1 1
v 23.6 1.1 1
v 26.9 1.1 0.900001
v 27 1.1 0.900001
v 23.4 1.1 0.8
v 23.5 1.1 0.8
v 26.8 1.1 0.8
v 26.9 1.1 0.8
v 27 1.1 0.6
v 27.1 1.1 0.6
v 26.9 1.1 0.5
v 27 1.1 0.5
v 23.4 1.1 0.3
v 23.5 1.1 0.3
v 27.1 1.1 0.3
v 27.2 1.1 0.3
v 23.5 1.1 0.200001
v 23.6 1.1 0.200001
v 27 1.1 0.1
v 27.1 1.1 0.1
v 27.2 1.1 -0.0999994
v 27.3 1.1 -0.0999994
v 23.3 1.1 -0.2
v 23.4 1.1 -0.2
v 23.5 1.1 -0.2
v 23.3 1.1 -0.5
v 23.4 1.1 -0.5
v 27.1 1.1 -0.5
v 27.2 1.1 -0.5
v 27.3 1.1 -0.599999
v 27.4 1.1 -0.599999
v 27.4 1.1 -1.5
v 27.5 1.1 -1.5
v 27.2 1.1 -3.2
v 27.3 1.1 -3.2
v 27.5 1.1 -3.3
v 27.6 1.1 -3.3
v 27.6 1.1 -4.2
v 27.7 1.1 -4.2
v 27.3 1.1 -4.6
v 27.4 1.1 -4.6
v 27.7 1.1 -4.7
v 27.8 1.1 -4.7
v 27.4 1.1 -5.2
v 27.5 1.1 -5.2
v 27.8 1.1 -5.2
v 27.9 1.1 -5.2
v 27.9 1.1 -5.4
v 28 1.1 -5.4
v 27.5 1.1 -5.5
v 27.6 1.1 -5.5
v 28 1.1 -5.7
v 28.1 1.1 -5.7
v 27.6 1.1 -5.8
v 27.7 1.1 -5.8
v 28.1 1.1 -5.9
v 28.2 1.1 -5.9
v 27.7 1.1 -6
v 27.8 1.1 -6
v 28.2 1.1 -6
v 28.3 1.1 -6
v 27.8 1.1 -6.2
v 27.9 1.1 -6.2
v 28.3 1.1 -6.2
v 28.4 1.1 -6.2
v 27.9 1.1 -6.4
v 28 1.1 -6.4
v 28.4 1.1 -6.4
v 28.5 1.1 -6.4
v 28.5 1.1 -6.5
v 28.6 1.1 -6.5
v 28 1.1 -6.6
v 28.1 1.1 -6.6
v 28.1 1.1 -6.7
v 28.2 1.1 -6.7
v 28.6 1.1 -6.7
v 28.7 1.1 -6.7
v 28.2 1.1 -6.9
v 28.3 1.1 -6.9
v 28.7 1.1 -6.9
v 28.8 1.1 -6.9
v 28.3 1.1 -7
v 28.4 1.1 -7
v 28.8 1.1 -7.1
v 28.9 1.1 -7.1
v 28.4 1.1 -7.2
v 28.5 1.1 -7.2
v 28.9 1.1 -7.2
v 29 1.1 -7.2
v 28.5 1.1 -7.3
v 28.6 1.1 -7.3
v 28.6 1.1 -7.4
v 28.7 1.1 -7.4
v 29 1.1 -7.4
v 29.1 1.1 -7.4
v 28.7 1.1 -7.5
v 28.8 1.1 -7.5
v 29.1 1.1 -7.6
v 29.2 1.1 -7.6
v 28.8 1.1 -7.7
v 28.9 1.1 -7.7
v 29.2 1.1 -7.7
v 29.3 1.1 -7.7
v 28.9 1.1 -7.8
v 29 1.1 -7.8
v 29 1.1 -7.9
v 29.1 1.1 -7.9
v 29.3 1.1 -7.9
v 29.4 1.1 -7.9
v 29.1 1.1 -8.1
v 29.2 1.1 -8.1
v 29.4 1.1 -8.1
v 29.5 1.1 -8.1
v 29.2 1.1 -8.3
v 29.3 1.1 -8.3
v 29.5 1.1 -8.3
v 29.6 1.1 -8.3
v 29.3 1.1 -8.4
v 29.4 1.1 -8.4
v 29.4 1.1 -8.7
v 29.5 1.1 -8.7
v 29.6 1.1 -8.7
v 29.7 1.1 -8.7
v 29.5 1.1 -8.9
v 29.6 1.1 -8.9
v 29.7 1.1 -8.9
v 29.8 1.1 -8.9
v 29.6 1.1 -9.2
v 29.7 1.1 -9.2
v 29.8 1.1 -9.2
v 29.9 1.1 -9.2
v 29.7 1.1 -9.4
v 29.8 1.1 -9.4
v 29.9 1.1 -9.5
v 30 1.1 -9.5
v 29.8 1.1 -9.7
v 29.9 1.1 -9.7
v 30 1.1 -9.8
v 30.1 1.1 -9.8
v 29.9 1.1 -10
v 30 1.1 -10
v 30.1 1.1 -10.3
v 30.2 1.1 -10.3
v 30 1.1 -10.4
v 30.1 1.1 -10.4
v 30.2 1.1 -10.7
v 30.3 1.1 -10.7
v 30.1 1.1 -10.8
v 30.2 1.1 -10.8
v 30.3 1.1 -11.1
v 30.4 1.1 -11.1
v 30.2 1.1 -11.2
v 30.3 1.1 -11.2
v 30.4 1.1 -11.6
v 30.5 1.1 -11.6
v 30.3 1.1 -11.7
v 30.4 1.1 -11.7
v 30.4 1.1 -12.3
v 30.5 1.1 -12.3
v 30.6 1.1 -12.3
v 30.5 1.1 -12.8
v 30.6 1.1 -12.8
v 23.9 1.2 12.8
v 24.9 1.2 12.8
v 23.7 1.2 12.7
v 23.9 1.2 12.7
v 24.2 1.2 12.7
v 24.5 1.2 12.7
v 23.6 1.2 12.6
v 23.7 1.2 12.6
v 23.9 1.2 12.6
v 24.2 1.2 12.6
v 24.8 1.2 12.6
v 24.9 1.2 12.6
v 23.4 1.2 12.5
v 23.6 1.2 12.5
v 23.7 1.2 12.5
v 23.9 1.2 12.5
v 23.3 1.2 12.4
v 23.4 1.2 12.4
v 23.6 1.2 12.4
v 23.7 1.2 12.4
v 23.4 1.2 12.3
v 23.6 1.2 12.3
v 24.7 1.2 12.3
v 24.8 1.2 12.3
v 23.3 1.2 12.2
v 23.4 1.2 12.2
v 24.4 1.2 12.2
v 24.5 1.2 12.2
v 24.6 1.2 12.1
v 24.7 1.2 12.1
v 24.3 1.2 11.8
v 24.4 1.2 11.8
v 24.5 1.2 11.8
v 24.6 1.2 11.8
v 24.2 1.2 11.6
v 24.3 1.2 11.6
v 24.4 1.2 11.6
v 24.5 1.2 11.6
v 24.3 1.2 11.4
v 24.4 1.2 11.4
v 24.1 1.2 11.3
v 24.2 1.2 11.3
v 24.2 1.2 11.2
v 24.3 1.2 11.2
v 24 1.2 11.1
v 24.1 1.2 11.1
v 24.1 1.2 10.9
v 24.2 1.2 10.9
v 23.9 1.2 10.8
v 24 1.2 10.8
v 24 1.2 10.7
v 24.1 1.2 10.7
v 23.8 1.2 10.6
v 23.9 1.2 10.6
v 23.9 1.2 10.5
v 24 1.2 10.5
v 23.7 1.2 10.3
v 23.8 1.2 10.3
v 23.8 1.2 10.1
v 23.9 1.2 10.1
v 23.6 1.2 9.9
v 23.7 1.2 9.9
v 23.7 1.2 9.8
v 23.8 1.2 9.8
v 23.5 1.2 9.5
v 23.6 1.2 9.5
v 23.5 1.2 9.2
v 23.6 1.2 9.2
v 23.7 1.2 9
v 23.8 1.2 9
v 23.6 1.2 8.8
v 23.7 1.2 8.8
v 23.8 1.2 8.7
v 23.9 1.2 8.7
v 23.7 1.2 8.6
v 23.8 1.2 8.6
v 23.9 1.2 8.4
v 24 1.2 8.4
v 23.8 1.2 8.3
v 23.9 1.2 8.3
v 24 1.2 8.3
v 24.1 1.2 8.3
v 23.9 1.2 8.2
v 24 1.2 8.2
v 24.1 1.2 8.2
v 24.2 1.2 8.2
v 24 1.2 8.1
v 24.1 1.2 8.1
v 24.2 1.2 8
v 24.3 1.2 8
v 24.1 1.2 7.9
v 24.2 1.2 7.9
v 24.3 1.2 7.9
v 24.4 1.2 7.9
v 24.2 1.2 7.8
v 24.3 1.2 7.8
v 24.4 1.2 7.7
v 24.5 1.2 7.7
v 24.3 1.2 7.6
v 24.4 1.2 7.6
v 24.5 1.2 7.5
v 24.6 1.2 7.5
v 24.4 1.2 7.4
v 24.5 1.2 7.4
v 24.6 1.2 7.3
v 24.7 1.2 7.3
v 24.5 1.2 7.1
v 24.6 1.2 7.1
v 24.7 1.2 6.7
v 24.8 1.2 6.7
v 24.7 1.2 6.5
v 24.8 1.2 6.5
v 24.5 1.2 5.9
v 24.6 1.2 5.9
v 24.6 1.2 5.7
v 24.7 1.2 5.7
v 24.6 1.2 4.7
v 24.7 1.2 4.7
v 24.5 1.2 4.5
v 24.6 1.2 4.5
v 24.7 1.2 4.4
v 24.8 1.2 4.4
v 24.6 1.2 4.3
v 24.7 1.2 4.3
v 24.8 1.2 4.2
v 24.9 1.2 4.2
v 24.7 1.2 4.1
v 24.8 1.2 4.1
v 24.8 1.2 4
v 24.9 1.2 4
v 25 1.2 4
v 25 1.2 3.9
v 25.1 1.2 3.9
v 24.9 1.2 3.8
v 25 1.2 3.8
v 25.1 1.2 3.8
v 25.2 1.2 3.8
v 25 1.2 3.7
v 25.1 1.2 3.7
v 25.2 1.2 3.7
v 25.3 1.2 3.7
v 25.1 1.2 3.6
v 25.2 1.2 3.6
v 25.2 1.2 3.5
v 25.3 1.2 3.5
v 25.4 1.2 3.5
v 25.3 1.2 3.3
v 25.4 1.2 3.3
v 25.5 1.2 3.3
v 25.4 1.2 3.2
v 25.5 1.2 3.2
v 25.6 1.2 3.2
v 25.5 1.2 3.1
v 25.6 1.2 3.1
v 25.7 1.2 3.1
v 25.6 1.2 3
v 25.7 1.2 3
v 25.8 1.2 3
v 25.7 1.2 2.9
v 25.8 1.2 2.9
v 25.9 1.2 2.9
v 25.9 1.2 2.8
v 26 1.2 2.8
v 25.8 1.2 2.7
v 25.9 1.2 2.7
v 26 1.2 2.7
v 26.1 1.2 2.7
v 25.9 1.2 2.6
v 26 1.2 2.6
v 26 1.2 2.5
v 26.1 1.2 2.5
v 26.2 1.2 2.5
v 26.1 1.2 2.4
v 26.2 1.2 2.4
v 26.3 1.2 2.4
v 26.3 1.2 2.3
v 26.4 1.2 2.3
v 26.2 1.2 2.2
v 26.3 1.2 2.2
v 26.3 1.2 2.1
v 26.4 1.2 2.1
v 26.5 1.2 2.1
v 26.4 1.2 2
v 26.5 1.2 2
v 26.6 1.2 2
v 26.5 1.2 1.8
v 26.6 1.2 1.8
v 26.7 1.2 1.8
v 26.7 1.2 1.6
v 26.8 1.2 1.6
v 26.6 1.2 1.5
v 26.7 1.2 1.5
v 26.8 1.2 1.4
v 26.9 1.2 1.4
v 26.7 1.2 1.3
v 26.8 1.2 1.3
v 26.9 1.2 1.2
v 27 1.2 1.2
v 23.3 1.2 1.1
v 23.4 1.2 1.1
v 26.8 1.2 1.1
v 26.9 1.2 1.1
v 27 1.2 1
v 27.1 1.2 1
v 26.9 1.2 0.900001
v 27 1.2 0.900001
v 23.4 1.2 0.8
v 23.5 1.2 0.8
v 27.1 1.2 0.8
v 27.2 1.2 0.8
v 23.3 1.2 0.6
v 23.4 1.2 0.6
v 27 1.2 0.6
v 27.1 1.2 0.6
v 27.2 1.2 0.5
v 27.3 1.2 0.5
v 23.3 1.2 0.400001
v 23.4 1.2 0.400001
v 23.4 1.2 0.3
v 23.5 1.2 0.3
v 27.1 1.2 0.3
v 27.2 1.2 0.3
v 27.3 1.2 0.200001
v 27.4 1.2 0.200001
v 27.2 1.2 -0.0999994
v 27.3 1.2 -0.0999994
v 23.3 1.2 -0.2
v 23.4 1.2 -0.2
v 27.4 1.2 -0.299999
v 27.5 1.2 -0.299999
v 27.3 1.2 -0.599999
v 27.4 1.2 -0.599999
v 27.5 1.2 -0.799999
v 27.6 1.2 -0.799999
v 27.6 1.2 -1.4
v 27.7 1.2 -1.4
v 27.4 1.2 -1.5
v 27.5 1.2 -1.5
v 27.7 1.2 -2.4
v 27.8 1.2 -2.4
v 27.8 1.2 -3.2
v 27.9 1.2 -3.2
v 27.5 1.2 -3.3
v 27.6 1.2 -3.3
v 27.9 1.2 -3.9
v 28 1.2 -3.9
v 27.6 1.2 -4.2
v 27.7 1.2 -4.2
v 28 1.2 -4.4
v 28.1 1.2 -4.4
v 27.7 1.2 -4.7
v 27.8 1.2 -4.7
v 28.1 1.2 -4.7
v 28.2 1.2 -4.7
v 28.2 1.2 -5
v 28.3 1.2 -5
v 27.8 1.2 -5.2
v 27.9 1.2 -5.2
v 28.3 1.2 -5.3
v 28.4 1.2 -5.3
v 27.9 1.2 -5.4
v 28 1.2 -5.4
v 28.4 1.2 -5.6
v 28.5 1.2 -5.6
v 28 1.2 -5.7
v 28.1 1.2 -5.7
v 28.5 1.2 -5.8
v 28.6 1.2 -5.8
v 28.1 1.2 -5.9
v 28.2 1.2 -5.9
v 28.2 1.2 -6
v 28.3 1.2 -6
v 28.6 1.2 -6
v 28.7 1.2 -6
v 28.7 1.2 -6.1
v 28.8 1.2 -6.1
v 28.3 1.2 -6.2
v 28.4 1.2 -6.2
v 28.8 1.2 -6.3
v 28.9 1.2 -6.3
v 28.4 1.2 -6.4
v 28.5 1.2 -6.4
v 28.5 1.2 -6.5
v 28.6 1.2 -6.5
v 28.9 1.2 -6.5
v 29 1.2 -6.5
v 28.6 1.2 -6.7
v 28.7 1.2 -6.7
v 29 1.2 -6.7
v 29.1 1.2 -6.7
v 28.7 1.2 -6.9
v 28.8 1.2 -6.9
v 29.1 1.2 -7
v 29.2 1.2 -7
v 28.8 1.2 -7.1
v 28.9 1.2 -7.1
v 28.9 1.2 -7.2
v 29 1.2 -7.2
v 29.2 1.2 -7.2
v 29.3 1.2 -7.2
v 29 1.2 -7.4
v 29.1 1.2 -7.4
v 29.3 1.2 -7.4
v 29.4 1.2 -7.4
v 29.1 1.2 -7.6
v 29.2 1.2 -7.6
v 29.4 1.2 -7.6
v 29.5 1.2 -7.6
v 29.2 1.2 -7.7
v 29.3 1.2 -7.7
v 29.5 1.2 -7.8
v 29.6 1.2 -7.8
v 29.3 1.2 -7.9
v 29.4 1.2 -7.9
v 29.4 1.2 -8.1
v 29.5 1.2 -8.1
v 29.6 1.2 -8.1
v 29.7 1.2 -8.1
v 29.5 1.2 -8.3
v 29.6 1.2 -8.3
v 29.7 1.2 -8.3
v 29.8 1.2 -8.3
v 29.6 1.2 -8.7
v 29.7 1.2 -8.7
v 29.8 1.2 -8.7
v 29.9 1.2 -8.7
v 29.7 1.2 -8.9
v 29.8 1.2 -8.9
v 29.9 1.2 -9
v 30 1.2 -9
v 29.8 1.2 -9.2
v 29.9 1.2 -9.2
v 30 1.2 -9.3
v 30.1 1.2 -9.3
v 29.9 1.2 -9.5
v 30 1.2 -9.5
v 30.1 1.2 -9.7
v 30.2 1.2 -9.7
v 30 1.2 -9.8
v 30.1 1.2 -9.8
v 30.2 1.2 -10.1
v 30.3 1.2 -10.1
v 30.1 1.2 -10.3
v 30.2 1.2 -10.3
v 30.3 1.2 -10.6
v 30.4 1.2 -10.6
v 30.2 1.2 -10.7
v 30.3 1.2 -10.7
v 30.3 1.2 -11.1
v 30.4 1.2 -11.1
v 30.5 1.2 -11.1
v 30.4 1.2 -11.6
v 30.5 1.2 -11.6
v 30.6 1.2 -11.6
v 30.5 1.2 -12.3
v 30.6 1.2 -12.3
v 30.6 1.2 -12.4
v 30.7 1.2 -12.4
v 30.6 1.2 -12.8
v 30.7 1.2 -12.8
v 23.6 1.3 12.8
v 23.9 1.3 12.8
v 24.9 1.3 12.8
v 25.2 1.3 12.8
v 23.5 1.3 12.7
v 23.6 1.3 12.7
v 23.7 1.3 12.7
v 23.9 1.3 12.7
v 25.1 1.3 12.7
v 25.2 1.3 12.7
v 23.3 1.3 12.6
v 23.5 1.3 12.6
v 23.6 1.3 12.6
v 23.7 1.3 12.6
v 24.8 1.3 12.6
v 24.9 1.3 12.6
v 23.4 1.3 12.5
v 23.6 1.3 12.5
v 25 1.3 12.5
v 25.1 1.3 12.5
v 23.3 1.3 12.4
v 23.4 1.3 12.4
v 24.9 1.3 12.4
v 25 1.3 12.4
v 24.7 1.3 12.3
v 24.8 1.3 12.3
v 24.8 1.3 12.2
v 24.9 1.3 12.2
v 24.6 1.3 12.1
v 24.7 1.3 12.1
v 24.7 1.3 12
v 24.8 1.3 12
v 24.5 1.3 11.8
v 24.6 1.3 11.8
v 24.6 1.3 11.7
v 24.7 1.3 11.7
v 24.4 1.3 11.6
v 24.5 1.3 11.6
v 24.5 1.3 11.5
v 24.6 1.3 11.5
v 24.3 1.3 11.4
v 24.4 1.3 11.4
v 24.4 1.3 11.3
v 24.5 1.3 11.3
v 24.2 1.3 11.2
v 24.3 1.3 11.2
v 24.3 1.3 11.1
v 24.4 1.3 11.1
v 24.1 1.3 10.9
v 24.2 1.3 10.9
v 24.3 1.3 10.9
v 24 1.3 10.7
v 24.1 1.3 10.7
v 24.1 1.3 10.6
v 24.2 1.3 10.6
v 23.9 1.3 10.5
v 24 1.3 10.5
v 24 1.3 10.4
v 24.1 1.3 10.4
v 23.8 1.3 10.1
v 23.9 1.3 10.1
v 23.9 1.3 10
v 24 1.3 10
v 23.7 1.3 9.8
v 23.8 1.3 9.8
v 23.8 1.3 9.5
v 23.9 1.3 9.5
v 23.8 1.3 9.3
v 23.9 1.3 9.3
v 23.7 1.3 9
v 23.8 1.3 9
v 23.9 1.3 8.9
v 24 1.3 8.9
v 23.8 1.3 8.7
v 23.9 1.3 8.7
v 24 1.3 8.7
v 24.1 1.3 8.7
v 23.9 1.3 8.4
v 24 1.3 8.4
v 24.1 1.3 8.4
v 24.2 1.3 8.4
v 24 1.3 8.3
v 24.1 1.3 8.3
v 24.2 1.3 8.3
v 24.3 1.3 8.3
v 24.1 1.3 8.2
v 24.2 1.3 8.2
v 24.3 1.3 8.1
v 24.4 1.3 8.1
v 24.2 1.3 8
v 24.3 1.3 8
v 24.4 1.3 8
v 24.5 1.3 8
v 24.3 1.3 7.9
v 24.4 1.3 7.9
v 24.5 1.3 7.8
v 24.6 1.3 7.8
v 24.4 1.3 7.7
v 24.5 1.3 7.7
v 24.6 1.3 7.7
v 24.7 1.3 7.7
v 24.5 1.3 7.5
v 24.6 1.3 7.5
v 24.7 1.3 7.5
v 24.8 1.3 7.5
v 24.6 1.3 7.3
v 24.7 1.3 7.3
v 24.8 1.3 7.2
v 24.9 1.3 7.2
v 24.7 1.3 6.7
v 24.8 1.3 6.7
v 24.7 1.3 6.5
v 24.8 1.3 6.5
v 24.8 1.3 6
v 24.9 1.3 6
v 24.6 1.3 5.7
v 24.7 1.3 5.7
v 24.6 1.3 4.7
v 24.7 1.3 4.7
v 24.8 1.3 4.5
v 24.9 1.3 4.5
v 24.7 1.3 4.4
v 24.8 1.3 4.4
v 24.9 1.3 4.3
v 25 1.3 4.3
v 24.8 1.3 4.2
v 24.9 1.3 4.2
v 25 1.3 4.1
v 25.1 1.3 4.1
v 24.9 1.3 4
v 25 1.3 4
v 25.1 1.3 4
v 25.2 1.3 4
v 25 1.3 3.9
v 25.1 1.3 3.9
v 25.1 1.3 3.8
v 25.2 1.3 3.8
v 25.3 1.3 3.8
v 25.2 1.3 3.7
v 25.3 1.3 3.7
v 25.4 1.3 3.7
v 25.4 1.3 3.6
v 25.5 1.3 3.6
v 25.3 1.3 3.5
v 25.4 1.3 3.5
v 25.5 1.3 3.5
v 25.6 1.3 3.5
v 25.4 1.3 3.3
v 25.5 1.3 3.3
v 25.6 1.3 3.3
v 25.7 1.3 3.3
v 25.5 1.3 3.2
v 25.6 1.3 3.2
v 25.7 1.3 3.2
v 25.8 1.3 3.2
v 25.6 1.3 3.1
v 25.7 1.3 3.1
v 25.8 1.3 3.1
v 25.9 1.3 3.1
v 25.7 1.3 3
v 25.8 1.3 3
v 25.8 1.3 2.9
v 25.9 1.3 2.9
v 26 1.3 2.9
v 25.9 1.3 2.8
v 26 1.3 2.8
v 26.1 1.3 2.8
v 26 1.3 2.7
v 26.1 1.3 2.7
v 26.2 1.3 2.7
v 26.2 1.3 2.6
v 26.3 1.3 2.6
v 26.1 1.3 2.5
v 26.2 1.3 2.5
v 26.3 1.3 2.5
v 26.4 1.3 2.5
v 26.2 1.3 2.4
v 26.3 1.3 2.4
v 26.3 1.3 2.3
v 26.4 1.3 2.3
v 26.5 1.3 2.3
v 26.5 1.3 2.2
v 26.6 1.3 2.2
v 26.4 1.3 2.1
v 26.5 1.3 2.1
v 26.5 1.3 2
v 26.6 1.3 2
v 26.7 1.3 2
v 26.7 1.3 1.9
v 26.8 1.3 1.9
v 26.6 1.3 1.8
v 26.7 1.3 1.8
v 26.7 1.3 1.6
v 26.8 1.3 1.6
v 26.9 1.3 1.6
v 26.9 1.3 1.5
v 27 1.3 1.5
v 26.8 1.3 1.4
v 26.9 1.3 1.4
v 27 1.3 1.3
v 27.1 1.3 1.3
v 26.9 1.3 1.2
v 27 1.3 1.2
v 27.1 1.3 1.1
v 27.2 1.3 1.1
v 27 1.3 1
v 27.1 1.3 1
v 27.1 1.3 0.8
v 27.2 1.3 0.8
v 27.3 1.3 0.8
v 23.3 1.3 0.6
v 23.4 1.3 0.6
v 27.3 1.3 0.6
v 27.4 1.3 0.6
v 27.2 1.3 0.5
v 27.3 1.3 0.5
v 23.3 1.3 0.400001
v 23.4 1.3 0.400001
v 27.4 1.3 0.3
v 27.5 1.3 0.3
v 27.3 1.3 0.200001
v 27.4 1.3 0.200001
v 27.5 1.3 -0.0999994
v 27.6 1.3 -0.0999994
v 27.4 1.3 -0.299999
v 27.5 1.3 -0.299999
v 27.6 1.3 -0.5
v 27.7 1.3 -0.5
v 27.5 1.3 -0.799999
v 27.6 1.3 -0.799999
v 27.7 1.3 -0.9
v 27.8 1.3 -0.9
v 27.6 1.3 -1.4
v 27.7 1.3 -1.4
v 27.8 1.3 -1.4
v 27.9 1.3 -1.4
v 27.9 1.3 -2.1
v 28 1.3 -2.1
v 27.7 1.3 -2.4
v 27.8 1.3 -2.4
v 28 1.3 -2.7
v 28.1 1.3 -2.7
v 27.8 1.3 -3.2
v 27.9 1.3 -3.2
v 28.1 1.3 -3.2
v 28.2 1.3 -3.2
v 28.2 1.3 -3.8
v 28.3 1.3 -3.8
v 27.9 1.3 -3.9
v 28 1.3 -3.9
v 28.3 1.3 -4.2
v 28.4 1.3 -4.2
v 28 1.3 -4.4
v 28.1 1.3 -4.4
v 28.4 1.3 -4.5
v 28.5 1.3 -4.5
v 28.1 1.3 -4.7
v 28.2 1.3 -4.7
v 28.5 1.3 -4.8
v 28.6 1.3 -4.8
v 28.2 1.3 -5
v 28.3 1.3 -5
v 28.6 1.3 -5.2
v 28.7 1.3 -5.2
v 28.3 1.3 -5.3
v 28.4 1.3 -5.3
v 28.7 1.3 -5.4
v 28.8 1.3 -5.4
v 28.4 1.3 -5.6
v 28.5 1.3 -5.6
v 28.8 1.3 -5.6
v 28.9 1.3 -5.6
v 28.5 1.3 -5.8
v 28.6 1.3 -5.8
v 28.9 1.3 -5.8
v 29 1.3 -5.8
v 28.6 1.3 -6
v 28.7 1.3 -6
v 28.7 1.3 -6.1
v 28.8 1.3 -6.1
v 29 1.3 -6.1
v 29.1 1.3 -6.1
v 28.8 1.3 -6.3
v 28.9 1.3 -6.3
v 29.1 1.3 -6.3
v 29.2 1.3 -6.3
v 28.9 1.3 -6.5
v 29 1.3 -6.5
v 29.2 1.3 -6.5
v 29.3 1.3 -6.5
v 29 1.3 -6.7
v 29.1 1.3 -6.7
v 29.3 1.3 -6.7
v 29.4 1.3 -6.7
v 29.1 1.3 -7
v 29.2 1.3 -7
v 29.4 1.3 -7.1
v 29.5 1.3 -7.1
v 29.2 1.3 -7.2
v 29.3 1.3 -7.2
v 29.5 1.3 -7.3
v 29.6 1.3 -7.3
v 29.3 1.3 -7.4
v 29.4 1.3 -7.4
v 29.4 1.3 -7.6
v 29.5 1.3 -7.6
v 29.6 1.3 -7.6
v 29.7 1.3 -7.6
v 29.5 1.3 -7.8
v 29.6 1.3 -7.8
v 29.7 1.3 -7.8
v 29.8 1.3 -7.8
v 29.6 1.3 -8.1
v 29.7 1.3 -8.1
v 29.8 1.3 -8.1
v 29.9 1.3 -8.1
v 29.7 1.3 -8.3
v 29.8 1.3 -8.3
v 29.9 1.3 -8.4
v 30 1.3 -8.4
v 29.8 1.3 -8.7
v 29.9 1.3 -8.7
v 30 1.3 -8.8
v 30.1 1.3 -8.8
v 29.9 1.3 -9
v 30 1.3 -9
v 30.1 1.3 -9.2
v 30.2 1.3 -9.2
v 30 1.3 -9.3
v 30.1 1.3 -9.3
v 30.2 1.3 -9.6
v 30.3 1.3 -9.6
v 30.1 1.3 -9.7
v 30.2 1.3 -9.7
v 30.3 1.3 -10
v 30.4 1.3 -10
v 30.2 1.3 -10.1
v 30.3 1.3 -10.1
v 30.4 1.3 -10.5
v 30.5 1.3 -10.5
v 30.3 1.3 -10.6
v 30.4 1.3 -10.6
v 30.5 1.3 -11
v 30.6 1.3 -11
v 30.4 1.3 -11.1
v 30.5 1.3 -11.1
v 30.5 1.3 -11.6
v 30.6 1.3 -11.6
v 30.7 1.3 -11.6
v 30.6 1.3 -12.4
v 30.7 1.3 -12.4
v 30.8 1.3 -12.4
v 30.7 1.3 -12.8
v 30.8 1.3 -12.8
v 23.3 1.4 12.8
v 23.6 1.4 12.8
v 25.2 1.4 12.8
v 25.4 1.4 12.8
v 23.5 1.4 12.7
v 23.6 1.4 12.7
v 25.1 1.4 12.7
v 25.2 1.4 12.7
v 25.3 1.4 12.7
v 25.4 1.4 12.7
v 23.3 1.4 12.6
v 23.5 1.4 12.6
v 25 1.4 12.5
v 25.1 1.4 12.5
v 25.2 1.4 12.5
v 25.3 1.4 12.5
v 24.9 1.4 12.4
v 25 1.4 12.4
v 25.1 1.4 12.4
v 25.2 1.4 12.4
v 24.8 1.4 12.2
v 24.9 1.4 12.2
v 25 1.4 12.2
v 25.1 1.4 12.2
v 24.9 1.4 12.1
v 25 1.4 12.1
v 24.7 1.4 12
v 24.8 1.4 12
v 24.8 1.4 11.8
v 24.9 1.4 11.8
v 24.6 1.4 11.7
v 24.7 1.4 11.7
v 24.7 1.4 11.6
v 24.8 1.4 11.6
v 24.5 1.4 11.5
v 24.6 1.4 11.5
v 24.6 1.4 11.4
v 24.7 1.4 11.4
v 24.4 1.4 11.3
v 24.5 1.4 11.3
v 24.5 1.4 11.2
v 24.6 1.4 11.2
v 24.3 1.4 11.1
v 24.4 1.4 11.1
v 24.4 1.4 11
v 24.5 1.4 11
v 24.2 1.4 10.9
v 24.3 1.4 10.9
v 24.3 1.4 10.7
v 24.4 1.4 10.7
v 24.1 1.4 10.6
v 24.2 1.4 10.6
v 24.2 1.4 10.5
v 24.3 1.4 10.5
v 24 1.4 10.4
v 24.1 1.4 10.4
v 24.1 1.4 10.1
v 24.2 1.4 10.1
v 23.9 1.4 10
v 24 1.4 10
v 24 1.4 9.8
v 24.1 1.4 9.8
v 23.8 1.4 9.5
v 23.9 1.4 9.5
v 23.8 1.4 9.3
v 23.9 1.4 9.3
v 24 1.4 9.1
v 24.1 1.4 9.1
v 23.9 1.4 8.9
v 24 1.4 8.9
v 24.1 1.4 8.8
v 24.2 1.4 8.8
v 24 1.4 8.7
v 24.1 1.4 8.7
v 24.2 1.4 8.7
v 24.3 1.4 8.7
v 24.1 1.4 8.4
v 24.2 1.4 8.4
v 24.3 1.4 8.4
v 24.4 1.4 8.4
v 24.2 1.4 8.3
v 24.3 1.4 8.3
v 24.4 1.4 8.2
v 24.5 1.4 8.2
v 24.3 1.4 8.1
v 24.4 1.4 8.1
v 24.5 1.4 8.1
v 24.6 1.4 8.1
v 24.4 1.4 8
v 24.5 1.4 8
v 24.6 1.4 7.9
v 24.7 1.4 7.9
v 24.5 1.4 7.8
v 24.6 1.4 7.8
v 24.7 1.4 7.8
v 24.8 1.4 7.8
v 24.6 1.4 7.7
v 24.7 1.4 7.7
v 24.8 1.4 7.6
v 24.9 1.4 7.6
v 24.7 1.4 7.5
v 24.8 1.4 7.5
v 24.9 1.4 7.4
v 25 1.4 7.4
v 24.8 1.4 7.2
v 24.9 1.4 7.2
v 25 1.4 6.9
v 25.1 1.4 6.9
v 25 1.4 6.4
v 25.1 1.4 6.4
v 24.8 1.4 6
v 24.9 1.4 6
v 24.9 1.4 5.7
v 25 1.4 5.7
v 24.9 1.4 4.7
v 25 1.4 4.7
v 24.8 1.4 4.5
v 24.9 1.4 4.5
v 25 1.4 4.4
v 25.1 1.4 4.4
v 24.9 1.4 4.3
v 25 1.4 4.3
v 25.1 1.4 4.2
v 25.2 1.4 4.2
v 25 1.4 4.1
v 25.1 1.4 4.1
v 25.2 1.4 4.1
v 25.3 1.4 4.1
v 25.1 1.4 4
v 25.2 1.4 4
v 25.3 1.4 3.9
v 25.4 1.4 3.9
v 25.2 1.4 3.8
v 25.3 1.4 3.8
v 25.4 1.4 3.8
v 25.5 1.4 3.8
v 25.3 1.4 3.7
v 25.4 1.4 3.7
v 25.5 1.4 3.7
v 25.6 1.4 3.7
v 25.4 1.4 3.6
v 25.5 1.4 3.6
v 25.5 1.4 3.5
v 25.6 1.4 3.5
v 25.7 1.4 3.5
v 25.6 1.4 3.3
v 25.7 1.4 3.3
v 25.8 1.4 3.3
v 25.7 1.4 3.2
v 25.8 1.4 3.2
v 25.9 1.4 3.2
v 25.8 1.4 3.1
v 25.9 1.4 3.1
v 26 1.4 3.1
v 26 1.4 3
v 26.1 1.4 3
v 25.9 1.4 2.9
v 26 1.4 2.9
v 26.1 1.4 2.9
v 26.2 1.4 2.9
v 26 1.4 2.8
v 26.1 1.4 2.8
v 26.2 1.4 2.8
v 26.3 1.4 2.8
v 26.1 1.4 2.7
v 26.2 1.4 2.7
v 26.2 1.4 2.6
v 26.3 1.4 2.6
v 26.4 1.4 2.6
v 26.3 1.4 2.5
v 26.4 1.4 2.5
v 26.5 1.4 2.5
v 26.5 1.4 2.4
v 26.6 1.4 2.4
v 26.4 1.4 2.3
v 26.5 1.4 2.3
v 26.5 1.4 2.2
v 26.6 1.4 2.2
v 26.7 1.4 2.2
v 26.7 1.4 2.1
v 26.8 1.4 2.1
v 26.6 1.4 2
v 26.7 1.4 2
v 26.7 1.4 1.9
v 26.8 1.4 1.9
v 26.9 1.4 1.9
v 26.9 1.4 1.8
v 27 1.4 1.8
v 26.8 1.4 1.6
v 26.9 1.4 1.6
v 26.9 1.4 1.5
v 27 1.4 1.5
v 27.1 1.4 1.5
v 27 1.4 1.3
v 27.1 1.4 1.3
v 27.2 1.4 1.3
v 27.1 1.4 1.1
v 27.2 1.4 1.1
v 27.3 1.4 1.1
v 27.3 1.4 0.900001
v 27.4 1.4 0.900001
v 27.2 1.4 0.8
v 27.3 1.4 0.8
v 27.4 1.4 0.700001
v 27.5 1.4 0.700001
v 27.3 1.4 0.6
v 27.4 1.4 0.6
v 27.5 1.4 0.5
v 27.6 1.4 0.5
v 27.4 1.4 0.3
v 27.5 1.4 0.3
v 27.6 1.4 0.200001
v 27.7 1.4 0.200001
v 27.5 1.4 -0.0999994
v 27.6 1.4 -0.0999994
v 27.7 1.4 -0.2
v 27.8 1.4 -0.2
v 27.6 1.4 -0.5
v 27.7 1.4 -0.5
v 27.8 1.4 -0.599999
v 27.9 1.4 -0.599999
v 27.7 1.4 -0.9
v 27.8 1.4 -0.9
v 27.9 1.4 -1
v 28 1.4 -1
v 27.8 1.4 -1.4
v 27.9 1.4 -1.4
v 28 1.4 -1.4
v 28.1 1.4 -1.4
v 28.1 1.4 -2
v 28.2 1.4 -2
v 27.9 1.4 -2.1
v 28 1.4 -2.1
v 28.2 1.4 -2.4
v 28.3 1.4 -2.4
v 28 1.4 -2.7
v 28.1 1.4 -2.7
v 28.3 1.4 -2.9
v 28.4 1.4 -2.9
v 28.1 1.4 -3.2
v 28.2 1.4 -3.2
v 28.4 1.4 -3.3
v 28.5 1.4 -3.3
v 28.2 1.4 -3.8
v 28.3 1.4 -3.8
v 28.5 1.4 -3.8
v 28.6 1.4 -3.8
v 28.6 1.4 -4.1
v 28.7 1.4 -4.1
v 28.3 1.4 -4.2
v 28.4 1.4 -4.2
v 28.7 1.4 -4.4
v 28.8 1.4 -4.4
v 28.4 1.4 -4.5
v 28.5 1.4 -4.5
v 28.8 1.4 -4.7
v 28.9 1.4 -4.7
v 28.5 1.4 -4.8
v 28.6 1.4 -4.8
v 28.9 1.4 -5
v 29 1.4 -5
v 28.6 1.4 -5.2
v 28.7 1.4 -5.2
v 28.7 1.4 -5.4
v 28.8 1.4 -5.4
v 29 1.4 -5.4
v 29.1 1.4 -5.4
v 28.8 1.4 -5.6
v 28.9 1.4 -5.6
v 29.1 1.4 -5.6
v 29.2 1.4 -5.6
v 28.9 1.4 -5.8
v 29 1.4 -5.8
v 29.2 1.4 -5.9
v 29.3 1.4 -5.9
v 29 1.4 -6.1
v 29.1 1.4 -6.1
v 29.3 1.4 -6.1
v 29.4 1.4 -6.1
v 29.1 1.4 -6.3
v 29.2 1.4 -6.3
v 29.4 1.4 -6.4
v 29.5 1.4 -6.4
v 29.2 1.4 -6.5
v 29.3 1.4 -6.5
v 29.5 1.4 -6.6
v 29.6 1.4 -6.6
v 29.3 1.4 -6.7
v 29.4 1.4 -6.7
v 29.6 1.4 -7
v 29.7 1.4 -7
v 29.4 1.4 -7.1
v 29.5 1.4 -7.1
v 29.5 1.4 -7.3
v 29.6 1.4 -7.3
v 29.7 1.4 -7.3
v 29.8 1.4 -7.3
v 29.6 1.4 -7.6
v 29.7 1.4 -7.6
v 29.8 1.4 -7.6
v 29.9 1.4 -7.6
v 29.7 1.4 -7.8
v 29.8 1.4 -7.8
v 29.9 1.4 -7.9
v 30 1.4 -7.9
v 29.8 1.4 -8.1
v 29.9 1.4 -8.1
v 30 1.4 -8.2
v 30.1 1.4 -8.2
v 29.9 1.4 -8.4
v 30 1.4 -8.4
v 30.1 1.4 -8.6
v 30.2 1.4 -8.6
v 30 1.4 -8.8
v 30.1 1.4 -8.8
v 30.2 1.4 -9
v 30.3 1.4 -9
v 30.1 1.4 -9.2
v 30.2 1.4 -9.2
v 30.3 1.4 -9.4
v 30.4 1.4 -9.4
v 30.2 1.4 -9.6
v 30.3 1.4 -9.6
v 30.4 1.4 -9.9
v 30.5 1.4 -9.9
v 30.3 1.4 -10
v 30.4 1.4 -10
v 30.5 1.4 -10.4
v 30.6 1.4 -10.4
v 30.4 1.4 -10.5
v 30.5 1.4 -10.5
v 30.5 1.4 -11
v 30.6 1.4 -11
v 30.7 1.4 -11
v 30.6 1.4 -11.6
v 30.7 1.4 -11.6
v 30.8 1.4 -11.6
v 30.7 1.4 -12.4
v 30.8 1.4 -12.4
v 30.8 1.4 -12.5
v 30.9 1.4 -12.5
v 30.8 1.4 -12.8
v 30.9 1.4 -12.8
v 25.4 1.5 12.8
v 25.6 1.5 12.8
v 25.3 1.5 12.7
v 25.4 1.5 12.7
v 25.5 1.5 12.7
v 25.6 1.5 12.7
v 25.4 1.5 12.6
v 25.5 1.5 12.6
v 25.2 1.5 12.5
v 25.3 1.5 12.5
v 25.1 1.5 12.4
v 25.2 1.5 12.4
v 25.3 1.5 12.4
v 25.4 1.5 12.4
v 25.2 1.5 12.3
v 25.3 1.5 12.3
v 25 1.5 12.2
v 25.1 1.5 12.2
v 24.9 1.5 12.1
v 25 1.5 12.1
v 25.1 1.5 12.1
v 25.2 1.5 12.1
v 25 1.5 12
v 25.1 1.5 12
v 24.8 1.5 11.8
v 24.9 1.5 11.8
v 24.9 1.5 11.7
v 25 1.5 11.7
v 24.7 1.5 11.6
v 24.8 1.5 11.6
v 24.8 1.5 11.5
v 24.9 1.5 11.5
v 24.6 1.5 11.4
v 24.7 1.5 11.4
v 24.7 1.5 11.3
v 24.8 1.5 11.3
v 24.5 1.5 11.2
v 24.6 1.5 11.2
v 24.6 1.5 11.1
v 24.7 1.5 11.1
v 24.4 1.5 11
v 24.5 1.5 11
v 24.5 1.5 10.8
v 24.6 1.5 10.8
v 24.3 1.5 10.7
v 24.4 1.5 10.7
v 24.4 1.5 10.6
v 24.5 1.5 10.6
v 24.2 1.5 10.5
v 24.3 1.5 10.5
v 24.3 1.5 10.3
v 24.4 1.5 10.3
v 24.1 1.5 10.1
v 24.2 1.5 10.1
v 24.2 1.5 9.9
v 24.3 1.5 9.9
v 24 1.5 9.8
v 24.1 1.5 9.8
v 24 1.5 9.1
v 24.1 1.5 9.1
v 24.2 1.5 9.1
v 24.3 1.5 9.1
v 24.3 1.5 8.9
v 24.4 1.5 8.9
v 24.1 1.5 8.8
v 24.2 1.5 8.8
v 24.2 1.5 8.7
v 24.3 1.5 8.7
v 24.4 1.5 8.7
v 24.5 1.5 8.7
v 24.3 1.5 8.4
v 24.4 1.5 8.4
v 24.5 1.5 8.4
v 24.6 1.5 8.4
v 24.6 1.5 8.3
v 24.7 1.5 8.3
v 24.4 1.5 8.2
v 24.5 1.5 8.2
v 24.5 1.5 8.1
v 24.6 1.5 8.1
v 24.7 1.5 8.1
v 24.8 1.5 8.1
v 24.8 1.5 8
v 24.9 1.5 8
v 24.6 1.5 7.9
v 24.7 1.5 7.9
v 24.7 1.5 7.8
v 24.8 1.5 7.8
v 24.9 1.5 7.8
v 25 1.5 7.8
v 24.8 1.5 7.6
v 24.9 1.5 7.6
v 25 1.5 7.6
v 25.1 1.5 7.6
v 24.9 1.5 7.4
v 25 1.5 7.4
v 25.1 1.5 7.3
v 25.2 1.5 7.3
v 25 1.5 6.9
v 25.1 1.5 6.9
v 25 1.5 6.4
v 25.1 1.5 6.4
v 25.1 1.5 5.8
v 25.2 1.5 5.8
v 24.9 1.5 5.7
v 25 1.5 5.7
v 24.9 1.5 4.7
v 25 1.5 4.7
v 25.1 1.5 4.6
v 25.2 1.5 4.6
v 25 1.5 4.4
v 25.1 1.5 4.4
v 25.2 1.5 4.4
v 25.3 1.5 4.4
v 25.1 1.5 4.2
v 25.2 1.5 4.2
v 25.3 1.5 4.2
v 25.4 1.5 4.2
v 25.2 1.5 4.1
v 25.3 1.5 4.1
v 25.4 1.5 4
v 25.5 1.5 4
v 25.3 1.5 3.9
v 25.4 1.5 3.9
v 25.5 1.5 3.9
v 25.6 1.5 3.9
v 25.4 1.5 3.8
v 25.5 1.5 3.8
v 25.6 1.5 3.8
v 25.7 1.5 3.8
v 25.5 1.5 3.7
v 25.6 1.5 3.7
v 25.7 1.5 3.6
v 25.8 1.5 3.6
v 25.6 1.5 3.5
v 25.7 1.5 3.5
v 25.8 1.5 3.5
v 25.9 1.5 3.5
v 25.7 1.5 3.3
v 25.8 1.5 3.3
v 25.9 1.5 3.3
v 26 1.5 3.3
v 25.8 1.5 3.2
v 25.9 1.5 3.2
v 26 1.5 3.2
v 26.1 1.5 3.2
v 25.9 1.5 3.1
v 26 1.5 3.1
v 26.1 1.5 3.1
v 26.2 1.5 3.1
v 26 1.5 3
v 26.1 1.5 3
v 26.1 1.5 2.9
v 26.2 1.5 2.9
v 26.3 1.5 2.9
v 26.2 1.5 2.8
v 26.3 1.5 2.8
v 26.4 1.5 2.8
v 26.4 1.5 2.7
v 26.5 1.5 2.7
v 26.3 1.5 2.6
v 26.4 1.5 2.6
v 26.5 1.5 2.6
v 26.6 1.5 2.6
v 26.4 1.5 2.5
v 26.5 1.5 2.5
v 26.5 1.5 2.4
v 26.6 1.5 2.4
v 26.7 1.5 2.4
v 26.7 1.5 2.3
v 26.8 1.5 2.3
v 26.6 1.5 2.2
v 26.7 1.5 2.2
v 26.8 1.5 2.2
v 26.9 1.5 2.2
v 26.7 1.5 2.1
v 26.8 1.5 2.1
v 26.9 1.5 2
v 27 1.5 2
v 26.8 1.5 1.9
v 26.9 1.5 1.9
v 27 1.5 1.9
v 27.1 1.5 1.9
v 26.9 1.5 1.8
v 27 1.5 1.8
v 27.1 1.5 1.6
v 27.2 1.5 1.6
v 27 1.5 1.5
v 27.1 1.5 1.5
v 27.2 1.5 1.4
v 27.3 1.5 1.4
v 27.1 1.5 1.3
v 27.2 1.5 1.3
v 27.3 1.5 1.2
v 27.4 1.5 1.2
v 27.2 1.5 1.1
v 27.3 1.5 1.1
v 27.4 1.5 1
v 27.5 1.5 1
v 27.3 1.5 0.900001
v 27.4 1.5 0.900001
v 27.5 1.5 0.8
v 27.6 1.5 0.8
v 27.4 1.5 0.700001
v 27.5 1.5 0.700001
v 27.6 1.5 0.6
v 27.7 1.5 0.6
v 27.5 1.5 0.5
v 27.6 1.5 0.5
v 27.7 1.5 0.400001
v 27.8 1.5 0.400001
v 27.6 1.5 0.200001
v 27.7 1.5 0.200001
v 27.8 1.5 0.1
v 27.9 1.5 0.1
v 27.7 1.5 -0.2
v 27.8 1.5 -0.2
v 27.9 1.5 -0.299999
v 28 1.5 -0.299999
v 27.8 1.5 -0.599999
v 27.9 1.5 -0.599999
v 28 1.5 -0.599999
v 28.1 1.5 -0.599999
v 27.9 1.5 -1
v 28 1.5 -1
v 28.1 1.5 -1
v 28.2 1.5 -1
v 28.2 1.5 -1.3
v 28.3 1.5 -1.3
v 28 1.5 -1.4
v 28.1 1.5 -1.4
v 28.3 1.5 -1.8
v 28.4 1.5 -1.8
v 28.1 1.5 -2
v 28.2 1.5 -2
v 28.4 1.5 -2.2
v 28.5 1.5 -2.2
v 28.2 1.5 -2.4
v 28.3 1.5 -2.4
v 28.5 1.5 -2.6
v 28.6 1.5 -2.6
v 28.3 1.5 -2.9
v 28.4 1.5 -2.9
v 28.6 1.5 -3
v 28.7 1.5 -3
v 28.4 1.5 -3.3
v 28.5 1.5 -3.3
v 28.7 1.5 -3.5
v 28.8 1.5 -3.5
v 28.5 1.5 -3.8
v 28.6 1.5 -3.8
v 28.8 1.5 -3.8
v 28.9 1.5 -3.8
v 28.6 1.5 -4.1
v 28.7 1.5 -4.1
v 28.9 1.5 -4.1
v 29 1.5 -4.1
v 28.7 1.5 -4.4
v 28.8 1.5 -4.4
v 29 1.5 -4.4
v 29.1 1.5 -4.4
v 28.8 1.5 -4.7
v 28.9 1.5 -4.7
v 29.1 1.5 -4.7
v 29.2 1.5 -4.7
v 28.9 1.5 -5
v 29 1.5 -5
v 29.2 1.5 -5
v 29.3 1.5 -5
v 29 1.5 -5.4
v 29.1 1.5 -5.4
v 29.3 1.5 -5.4
v 29.4 1.5 -5.4
v 29.1 1.5 -5.6
v 29.2 1.5 -5.6
v 29.4 1.5 -5.7
v 29.5 1.5 -5.7
v 29.2 1.5 -5.9
v 29.3 1.5 -5.9
v 29.5 1.5 -6
v 29.6 1.5 -6
v 29.3 1.5 -6.1
v 29.4 1.5 -6.1
v 29.6 1.5 -6.3
v 29.7 1.5 -6.3
v 29.4 1.5 -6.4
v 29.5 1.5 -6.4
v 29.5 1.5 -6.6
v 29.6 1.5 -6.6
v 29.7 1.5 -6.6
v 29.8 1.5 -6.6
v 29.6 1.5 -7
v 29.7 1.5 -7
v 29.8 1.5 -7
v 29.9 1.5 -7
v 29.7 1.5 -7.3
v 29.8 1.5 -7.3
v 29.9 1.5 -7.3
v 30 1.5 -7.3
v 29.8 1.5 -7.6
v 29.9 1.5 -7.6
v 30 1.5 -7.6
v 30.1 1.5 -7.6
v 29.9 1.5 -7.9
v 30 1.5 -7.9
v 30.1 1.5 -7.9
v 30.2 1.5 -7.9
v 30 1.5 -8.2
v 30.1 1.5 -8.2
v 30.2 1.5 -8.3
v 30.3 1.5 -8.3
v 30.1 1.5 -8.6
v 30.2 1.5 -8.6
v 30.3 1.5 -8.8
v 30.4 1.5 -8.8
v 30.2 1.5 -9
v 30.3 1.5 -9
v 30.4 1.5 -9.2
v 30.5 1.5 -9.2
v 30.3 1.5 -9.4
v 30.4 1.5 -9.4
v 30.5 1.5 -9.7
v 30.6 1.5 -9.7
v 30.4 1.5 -9.9
v 30.5 1.5 -9.9
v 30.6 1.5 -10.3
v 30.7 1.5 -10.3
v 30.5 1.5 -10.4
v 30.6 1.5 -10.4
v 30.7 1.5 -10.9
v 30.8 1.5 -10.9
v 30.6 1.5 -11
v 30.7 1.5 -11
v 30.7 1.5 -11.6
v 30.8 1.5 -11.6
v 30.9 1.5 -11.6
v 30.9 1.5 -12.4
v 31 1.5 -12.4
v 30.8 1.5 -12.5
v 30.9 1.5 -12.5
v 30.9 1.5 -12.8
v 31 1.5 -12.8
v 25.6 1.6 12.8
v 25.8 1.6 12.8
v 25.5 1.6 12.7
v 25.6 1.6 12.7
v 25.7 1.6 12.7
v 25.8 1.6 12.7
v 25.4 1.6 12.6
v 25.5 1.6 12.6
v 25.6 1.6 12.5
v 25.7 1.6 12.5
v 25.3 1.6 12.4
v 25.4 1.6 12.4
v 25.5 1.6 12.4
v 25.6 1.6 12.4
v 25.2 1.6 12.3
v 25.3 1.6 12.3
v 25.4 1.6 12.3
v 25.5 1.6 12.3
v 25.1 1.6 12.1
v 25.2 1.6 12.1
v 25.3 1.6 12.1
v 25.4 1.6 12.1
v 25 1.6 12
v 25.1 1.6 12
v 25.2 1.6 12
v 25.3 1.6 12
v 24.9 1.6 11.7
v 25 1.6 11.7
v 25.1 1.6 11.7
v 25.2 1.6 11.7
v 24.8 1.6 11.5
v 24.9 1.6 11.5
v 25 1.6 11.5
v 25.1 1.6 11.5
v 24.7 1.6 11.3
v 24.8 1.6 11.3
v 24.9 1.6 11.3
v 25 1.6 11.3
v 24.6 1.6 11.1
v 24.7 1.6 11.1
v 24.8 1.6 11.1
v 24.9 1.6 11.1
v 24.5 1.6 10.8
v 24.6 1.6 10.8
v 24.7 1.6 10.8
v 24.8 1.6 10.8
v 24.4 1.6 10.6
v 24.5 1.6 10.6
v 24.6 1.6 10.6
v 24.7 1.6 10.6
v 24.3 1.6 10.3
v 24.4 1.6 10.3
v 24.5 1.6 10.3
v 24.6 1.6 10.3
v 24.2 1.6 9.9
v 24.3 1.6 9.9
v 24.4 1.6 9.8
v 24.5 1.6 9.8
v 24.4 1.6 9.3
v 24.5 1.6 9.3
v 24.2 1.6 9.1
v 24.3 1.6 9.1
v 24.5 1.6 9
v 24.6 1.6 9
v 24.3 1.6 8.9
v 24.4 1.6 8.9
v 24.6 1.6 8.8
v 24.7 1.6 8.8
v 24.4 1.6 8.7
v 24.5 1.6 8.7
v 24.7 1.6 8.6
v 24.8 1.6 8.6
v 24.5 1.6 8.4
v 24.6 1.6 8.4
v 24.6 1.6 8.3
v 24.7 1.6 8.3
v 24.8 1.6 8.3
v 24.9 1.6 8.3
v 24.9 1.6 8.2
v 25 1.6 8.2
v 24.7 1.6 8.1
v 24.8 1.6 8.1
v 24.8 1.6 8
v 24.9 1.6 8
v 25 1.6 8
v 25.1 1.6 8
v 25.1 1.6 7.9
v 25.2 1.6 7.9
v 24.9 1.6 7.8
v 25 1.6 7.8
v 25.2 1.6 7.7
v 25.3 1.6 7.7
v 25 1.6 7.6
v 25.1 1.6 7.6
v 25.3 1.6 7.4
v 25.4 1.6 7.4
v 25.1 1.6 7.3
v 25.2 1.6 7.3
v 25.4 1.6 6.9
v 25.5 1.6 6.9
v 25.4 1.6 6.5
v 25.5 1.6 6.5
v 25.1 1.6 5.8
v 25.2 1.6 5.8
v 25.3 1.6 5.7
v 25.4 1.6 5.7
v 25.3 1.6 4.7
v 25.4 1.6 4.7
v 25.1 1.6 4.6
v 25.2 1.6 4.6
v 25.2 1.6 4.4
v 25.3 1.6 4.4
v 25.4 1.6 4.4
v 25.5 1.6 4.4
v 25.3 1.6 4.2
v 25.4 1.6 4.2
v 25.5 1.6 4.2
v 25.6 1.6 4.2
v 25.4 1.6 4
v 25.5 1.6 4
v 25.6 1.6 4
v 25.7 1.6 4
v 25.5 1.6 3.9
v 25.6 1.6 3.9
v 25.7 1.6 3.9
v 25.8 1.6 3.9
v 25.6 1.6 3.8
v 25.7 1.6 3.8
v 25.8 1.6 3.8
v 25.9 1.6 3.8
v 25.7 1.6 3.6
v 25.8 1.6 3.6
v 25.9 1.6 3.6
v 26 1.6 3.6
v 25.8 1.6 3.5
v 25.9 1.6 3.5
v 26 1.6 3.5
v 26.1 1.6 3.5
v 25.9 1.6 3.3
v 26 1.6 3.3
v 26.1 1.6 3.3
v 26.2 1.6 3.3
v 26 1.6 3.2
v 26.1 1.6 3.2
v 26.2 1.6 3.2
v 26.3 1.6 3.2
v 26.1 1.6 3.1
v 26.2 1.6 3.1
v 26.3 1.6 3.1
v 26.4 1.6 3.1
v 26.2 1.6 2.9
v 26.3 1.6 2.9
v 26.4 1.6 2.9
v 26.5 1.6 2.9
v 26.3 1.6 2.8
v 26.4 1.6 2.8
v 26.5 1.6 2.8
v 26.6 1.6 2.8
v 26.4 1.6 2.7
v 26.5 1.6 2.7
v 26.6 1.6 2.7
v 26.7 1.6 2.7
v 26.5 1.6 2.6
v 26.6 1.6 2.6
v 26.7 1.6 2.6
v 26.8 1.6 2.6
v 26.6 1.6 2.4
v 26.7 1.6 2.4
v 26.8 1.6 2.4
v 26.9 1.6 2.4
v 26.7 1.6 2.3
v 26.8 1.6 2.3
v 26.9 1.6 2.3
v 27 1.6 2.3
v 26.8 1.6 2.2
v 26.9 1.6 2.2
v 27 1.6 2.1
v 27.1 1.6 2.1
v 26.9 1.6 2
v 27 1.6 2
v 27.1 1.6 2
v 27.2 1.6 2
v 27 1.6 1.9
v 27.1 1.6 1.9
v 27.2 1.6 1.8
v 27.3 1.6 1.8
v 27.1 1.6 1.6
v 27.2 1.6 1.6
v 27.3 1.6 1.6
v 27.4 1.6 1.6
v 27.2 1.6 1.4
v 27.3 1.6 1.4
v 27.4 1.6 1.4
v 27.5 1.6 1.4
v 27.3 1.6 1.2
v 27.4 1.6 1.2
v 27.5 1.6 1.2
v 27.6 1.6 1.2
v 27.4 1.6 1
v 27.5 1.6 1
v 27.6 1.6 1
v 27.7 1.6 1
v 27.5 1.6 0.8
v 27.6 1.6 0.8
v 27.7 1.6 0.8
v 27.8 1.6 0.8
v 27.6 1.6 0.6
v 27.7 1.6 0.6
v 27.8 1.6 0.6
v 27.9 1.6 0.6
v 27.7 1.6 0.400001
v 27.8 1.6 0.400001
v 27.9 1.6 0.3
v 28 1.6 0.3
v 27.8 1.6 0.1
v 27.9 1.6 0.1
v 28 1.6 0.1
v 28.1 1.6 0.1
v 27.9 1.6 -0.299999
v 28 1.6 -0.299999
v 28.1 1.6 -0.299999
v 28.2 1.6 -0.299999
v 28 1.6 -0.599999
v 28.1 1.6 -0.599999
v 28.2 1.6 -0.599999
v 28.3 1.6 -0.599999
v 28.3 1.6 -0.9
v 28.4 1.6 -0.9
v 28.1 1.6 -1
v 28.2 1.6 -1
v 28.4 1.6 -1.2
v 28.5 1.6 -1.2
v 28.2 1.6 -1.3
v 28.3 1.6 -1.3
v 28.5 1.6 -1.6
v 28.6 1.6 -1.6
v 28.3 1.6 -1.8
v 28.4 1.6 -1.8
v 28.6 1.6 -2
v 28.7 1.6 -2
v 28.4 1.6 -2.2
v 28.5 1.6 -2.2
v 28.7 1.6 -2.4
v 28.8 1.6 -2.4
v 28.5 1.6 -2.6
v 28.6 1.6 -2.6
v 28.8 1.6 -2.7
v 28.9 1.6 -2.7
v 28.6 1.6 -3
v 28.7 1.6 -3
v 28.9 1.6 -3.1
v 29 1.6 -3.1
v 28.7 1.6 -3.5
v 28.8 1.6 -3.5
v 29 1.6 -3.5
v 29.1 1.6 -3.5
v 28.8 1.6 -3.8
v 28.9 1.6 -3.8
v 29.1 1.6 -3.8
v 29.2 1.6 -3.8
v 28.9 1.6 -4.1
v 29 1.6 -4.1
v 29.2 1.6 -4.1
v 29.3 1.6 -4.1
v 29 1.6 -4.4
v 29.1 1.6 -4.4
v 29.3 1.6 -4.5
v 29.4 1.6 -4.5
v 29.1 1.6 -4.7
v 29.2 1.6 -4.7
v 29.4 1.6 -4.8
v 29.5 1.6 -4.8
v 29.2 1.6 -5
v 29.3 1.6 -5
v 29.5 1.6 -5.2
v 29.6 1.6 -5.2
v 29.3 1.6 -5.4
v 29.4 1.6 -5.4
v 29.6 1.6 -5.5
v 29.7 1.6 -5.5
v 29.4 1.6 -5.7
v 29.5 1.6 -5.7
v 29.7 1.6 -5.8
v 29.8 1.6 -5.8
v 29.5 1.6 -6
v 29.6 1.6 -6
v 29.8 1.6 -6.1
v 29.9 1.6 -6.1
v 29.6 1.6 -6.3
v 29.7 1.6 -6.3
v 29.9 1.6 -6.4
v 30 1.6 -6.4
v 29.7 1.6 -6.6
v 29.8 1.6 -6.6
v 30 1.6 -6.9
v 30.1 1.6 -6.9
v 29.8 1.6 -7
v 29.9 1.6 -7
v 30.1 1.6 -7.2
v 30.2 1.6 -7.2
v 29.9 1.6 -7.3
v 30 1.6 -7.3
v 30 1.6 -7.6
v 30.1 1.6 -7.6
v 30.2 1.6 -7.6
v 30.3 1.6 -7.6
v 30.1 1.6 -7.9
v 30.2 1.6 -7.9
v 30.3 1.6 -8
v 30.4 1.6 -8
v 30.2 1.6 -8.3
v 30.3 1.6 -8.3
v 30.4 1.6 -8.4
v 30.5 1.6 -8.4
v 30.3 1.6 -8.8
v 30.4 1.6 -8.8
v 30.5 1.6 -8.9
v 30.6 1.6 -8.9
v 30.4 1.6 -9.2
v 30.5 1.6 -9.2
v 30.6 1.6 -9.4
v 30.7 1.6 -9.4
v 30.5 1.6 -9.7
v 30.6 1.6 -9.7
v 30.7 1.6 -9.9
v 30.8 1.6 -9.9
v 30.6 1.6 -10.3
v 30.7 1.6 -10.3
v 30.8 1.6 -10.6
v 30.9 1.6 -10.6
v 30.7 1.6 -10.9
v 30.8 1.6 -10.9
v 30.9 1.6 -11.3
v 31 1.6 -11.3
v 30.8 1.6 -11.6
v 30.9 1.6 -11.6
v 31 1.6 -12.2
v 31.1 1.6 -12.2
v 30.9 1.6 -12.4
v 31 1.6 -12.4
v 31 1.6 -12.8
v 31.1 1.6 -12.8
v 25.8 1.7 12.8
v 41.9 1.7 12.8
v 25.7 1.7 12.7
v 25.8 1.7 12.7
v 25.6 1.7 12.5
v 25.7 1.7 12.5
v 25.5 1.7 12.4
v 25.6 1.7 12.4
v 25.4 1.7 12.3
v 25.5 1.7 12.3
v 25.3 1.7 12.1
v 25.4 1.7 12.1
v 25.2 1.7 12
v 25.3 1.7 12
v 25.1 1.7 11.7
v 25.2 1.7 11.7
v 25 1.7 11.5
v 25.1 1.7 11.5
v 24.9 1.7 11.3
v 25 1.7 11.3
v 24.8 1.7 11.1
v 24.9 1.7 11.1
v 24.7 1.7 10.8
v 24.8 1.7 10.8
v 24.6 1.7 10.6
v 24.7 1.7 10.6
v 24.5 1.7 10.3
v 24.6 1.7 10.3
v 24.4 1.7 9.8
v 24.5 1.7 9.8
v 24.4 1.7 9.3
v 24.5 1.7 9.3
v 24.5 1.7 9
v 24.6 1.7 9
v 24.6 1.7 8.8
v 24.7 1.7 8.8
v 24.7 1.7 8.6
v 24.8 1.7 8.6
v 24.8 1.7 8.3
v 24.9 1.7 8.3
v 24.9 1.7 8.2
v 25 1.7 8.2
v 25 1.7 8
v 25.1 1.7 8
v 25.1 1.7 7.9
v 25.2 1.7 7.9
v 25.2 1.7 7.7
v 25.3 1.7 7.7
v 25.3 1.7 7.4
v 25.4 1.7 7.4
v 25.4 1.7 6.9
v 25.5 1.7 6.9
v 25.4 1.7 6.5
v 25.5 1.7 6.5
v 25.3 1.7 5.7
v 25.4 1.7 5.7
v 25.3 1.7 4.7
v 25.4 1.7 4.7
v 25.4 1.7 4.4
v 25.5 1.7 4.4
v 25.5 1.7 4.2
v 25.6 1.7 4.2
v 25.6 1.7 4
v 25.7 1.7 4
v 25.7 1.7 3.9
v 25.8 1.7 3.9
v 25.8 1.7 3.8
v 25.9 1.7 3.8
v 25.9 1.7 3.6
v 26 1.7 3.6
v 26 1.7 3.5
v 26.1 1.7 3.5
v 26.1 1.7 3.3
v 26.2 1.7 3.3
v 26.2 1.7 3.2
v 26.3 1.7 3.2
v 26.3 1.7 3.1
v 26.4 1.7 3.1
v 26.4 1.7 2.9
v 26.5 1.7 2.9
v 26.5 1.7 2.8
v 26.6 1.7 2.8
v 26.6 1.7 2.7
v 26.7 1.7 2.7
v 26.7 1.7 2.6
v 26.8 1.7 2.6
v 26.8 1.7 2.4
v 26.9 1.7 2.4
v 26.9 1.7 2.3
v 27 1.7 2.3
v 27 1.7 2.1
v 27.1 1.7 2.1
v 27.1 1.7 2
v 27.2 1.7 2
v 27.2 1.7 1.8
v 27.3 1.7 1.8
v 27.3 1.7 1.6
v 27.4 1.7 1.6
v 27.4 1.7 1.4
v 27.5 1.7 1.4
v 27.5 1.7 1.2
v 27.6 1.7 1.2
v 27.6 1.7 1
v 27.7 1.7 1
v 27.7 1.7 0.8
v 27.8 1.7 0.8
v 27.8 1.7 0.6
v 27.9 1.7 0.6
v 27.9 1.7 0.3
v 28 1.7 0.3
v 28 1.7 0.1
v 28.1 1.7 0.1
v 28.1 1.7 -0.299999
v 28.2 1.7 -0.299999
v 28.2 1.7 -0.599999
v 28.3 1.7 -0.599999
v 28.3 1.7 -0.9
v 28.4 1.7 -0.9
v 28.4 1.7 -1.2
v 28.5 1.7 -1.2
v 28.5 1.7 -1.6
v 28.6 1.7 -1.6
v 28.6 1.7 -2
v 28.7 1.7 -2
v 28.7 1.7 -2.4
v 28.8 1.7 -2.4
v 28.8 1.7 -2.7
v 28.9 1.7 -2.7
v 28.9 1.7 -3.1
v 29 1.7 -3.1
v 29 1.7 -3.5
v 29.1 1.7 -3.5
v 29.1 1.7 -3.8
v 29.2 1.7 -3.8
v 29.2 1.7 -4.1
v 29.3 1.7 -4.1
v 29.3 1.7 -4.5
v 29.4 1.7 -4.5
v 29.4 1.7 -4.8
v 29.5 1.7 -4.8
v 29.5 1.7 -5.2
v 29.6 1.7 -5.2
v 29.6 1.7 -5.5
v 29.7 1.7 -5.5
v 29.7 1.7 -5.8
v 29.8 1.7 -5.8
v 29.8 1.7 -6.1
v 29.9 1.7 -6.1
v 29.9 1.7 -6.4
v 30 1.7 -6.4
v 30 1.7 -6.9
v 30.1 1.7 -6.9
v 30.1 1.7 -7.2
v 30.2 1.7 -7.2
v 30.2 1.7 -7.6
v 30.3 1.7 -7.6
v 30.3 1.7 -8
v 30.4 1.7 -8
v 30.4 1.7 -8.4
v 30.5 1.7 -8.4
v 30.5 1.7 -8.9
v 30.6 1.7 -8.9
v 30.6 1.7 -9.4
v 30.7 1.7 -9.4
v 30.7 1.7 -9.9
v 30.8 1.7 -9.9
v 30.8 1.7 -10.6
v 30.9 1.7 -10.6
v 30.9 1.7 -11.3
v 31 1.7 -11.3
v 31 1.7 -12.2
v 31.1 1.7 -12.2
v 31.1 1.7 -12.8
v 41.9 1.7 -12.8

# faces
f 3/1/1 2/1/1 1/1/1
f 4/1/1 2/1/1 3/1/1
f 5/1/1 3/1/1 1/1/1
f 6/1/1 3/1/1 5/1/1
f 7/1/1 5/1/1 1/1/1
f 8/1/1 5/1/1 7/1/1
f 9/1/1 5/1/1 8/1/1
f 10/1/1 5/1/1 9/1/1
f 11/1/1 7/1/1 1/1/1
f 12/1/1 7/1/1 11/1/1
f 13/1/1 9/1/1 8/1/1
f 14/1/1 9/1/1 13/1/1
f 15/1/1 9/1/1 14/1/1
f 16/1/1 9/1/1 15/1/1
f 17/1/1 11/1/1 1/1/1
f 18/1/1 11/1/1 17/1/1
f 19/1/1 15/1/1 14/1/1
f 20/1/1 15/1/1 19/1/1
f 21/1/1 15/1/1 20/1/1
f 22/1/1 15/1/1 21/1/1
f 23/1/1 17/1/1 1/1/1
f 24/1/1 17/1/1 23/1/1
f 25/1/1 21/1/1 20/1/1
f 26/1/1 21/1/1 25/1/1
f 27/1/1 21/1/1 26/1/1
f 28/1/1 21/1/1 27/1/1
f 29/1/1 23/1/1 1/1/1
f 30/1/1 23/1/1 29/1/1
f 31/1/1 27/1/1 26/1/1
f 32/1/1 27/1/1 31/1/1
f 33/1/1 27/1/1 32/1/1
f 34/1/1 27/1/1 33/1/1
f 35/1/1 29/1/1 1/1/1
f 36/1/1 29/1/1 35/1/1
f 37/1/1 29/1/1 36/1/1
f 38/1/1 29/1/1 37/1/1
f 39/1/1 33/1/1 32/1/1
f 40/1/1 33/1/1 39/1/1
f 41/1/1 33/1/1 40/1/1
f 42/1/1 33/1/1 41/1/1
f 43/1/1 35/1/1 1/1/1
f 44/1/1 35/1/1 43/1/1
f 45/1/1 37/1/1 36/1/1
f 46/1/1 37/1/1 45/1/1
f 47/1/1 37/1/1 46/1/1
f 48/1/1 37/1/1 47/1/1
f 49/1/1 41/1/1 40/1/1
f 50/1/1 41/1/1 49/1/1
f 51/1/1 41/1/1 50/1/1
f 52/1/1 41/1/1 51/1/1
f 53/1/1 43/1/1 1/1/1
f 54/1/1 43/1/1 53/1/1
f 55/1/1 47/1/1 46/1/1
f 56/1/1 47/1/1 55/1/1
f 57/1/1 51/1/1 50/1/1
f 58/1/1 51/1/1 57/1/1
f 59/1/1 51/1/1 58/1/1
f 60/1/1 51/1/1 59/1/1
f 61/1/1 53/1/1 1/1/1
f 62/1/1 53/1/1 61/1/1
f 63/1/1 59/1/1 58/1/1
f 64/1/1 59/1/1 63/1/1
f 65/1/1 59/1/1 64/1/1
f 66/1/1 59/1/1 65/1/1
f 67/1/1 61/1/1 1/1/1
f 68/1/1 61/1/1 67/1/1
f 69/1/1 65/1/1 64/1/1
f 70/1/1 65/1/1 69/1/1
f 71/1/1 65/1/1 70/1/1
f 72/1/1 65/1/1 71/1/1
f 73/1/1 67/1/1 1/1/1
f 74/1/1 67/1/1 73/1/1
f 75/1/1 71/1/1 70/1/1
f 76/1/1 71/1/1 75/1/1
f 77/1/1 73/1/1 1/1/1
f 78/1/1 73/1/1 77/1/1
f 81/1/1 80/1/1 79/1/1
f 82/1/1 80/1/1 81/1/1
f 87/1/1 84/1/1 83/1/1
f 88/1/1 84/1/1 87/1/1
f 91/1/1 86/1/1 85/1/1
f 92/1/1 86/1/1 91/1/1
f 95/1/1 90/1/1 89/1/1
f 96/1/1 90/1/1 95/1/1
f 99/1/1 94/1/1 93/1/1
f 100/1/1 94/1/1 99/1/1
f 107/1/1 98/1/1 97/1/1
f 108/1/1 98/1/1 107/1/1
f 109/1/1 102/1/1 101/1/1
f 110/1/1 102/1/1 109/1/1
f 111/1/1 104/1/1 103/1/1
f 112/1/1 104/1/1 111/1/1
f 117/1/1 106/1/1 105/1/1
f 118/1/1 106/1/1 117/1/1
f 119/1/1 114/1/1 113/1/1
f 120/1/1 114/1/1 119/1/1
f 123/1/1 116/1/1 115/1/1
f 124/1/1 116/1/1 123/1/1
f 125/1/1 122/1/1 121/1/1
f 126/1/1 122/1/1 125/1/1
f 129/1/1 128/1/1 127/1/1
f 130/1/1 128/1/1 129/1/1
f 135/1/1 132/1/1 131/1/1
f 136/1/1 132/1/1 135/1/1
f 139/1/1 134/1/1 133/1/1
f 140/1/1 134/1/1 139/1/1
f 143/1/1 138/1/1 137/1/1
f 144/1/1 138/1/1 143/1/1
f 147/1/1 142/1/1 141/1/1
f 148/1/1 142/1/1 147/1/1
f 153/1/1 146/1/1 145/1/1
f 154/1/1 146/1/1 153/1/1
f 155/1/1 150/1/1 149/1/1
f 156/1/1 150/1/1 155/1/1
f 161/1/1 152/1/1 151/1/1
f 162/1/1 152/1/1 161/1/1
f 163/1/1 158/1/1 157/1/1
f 164/1/1 158/1/1 163/1/1
f 169/1/1 160/1/1 159/1/1
f 170/1/1 160/1/1 169/1/1
f 171/1/1 166/1/1 165/1/1
f 172/1/1 166/1/1 171/1/1
f 175/1/1 168/1/1 167/1/1
f 176/1/1 168/1/1 175/1/1
f 177/1/1 174/1/1 173/1/1
f 178/1/1 174/1/1 177/1/1
f 181/1/1 180/1/1 179/1/1
f 182/1/1 180/1/1 181/1/1
f 187/1/1 184/1/1 183/1/1
f 188/1/1 184/1/1 187/1/1
f 191/1/1 186/1/1 185/1/1
f 192/1/1 186/1/1 191/1/1
f 195/1/1 190/1/1 189/1/1
f 196/1/1 190/1/1 195/1/1
f 199/1/1 194/1/1 193/1/1
f 200/1/1 194/1/1 199/1/1
f 203/1/1 198/1/1 197/1/1
f 204/1/1 198/1/1 203/1/1
f 209/1/1 202/1/1 201/1/1
f 210/1/1 202/1/1 209/1/1
f 211/1/1 206/1/1 205/1/1
f 212/1/1 206/1/1 211/1/1
f 217/1/1 208/1/1 207/1/1
f 218/1/1 208/1/1 217/1/1
f 219/1/1 214/1/1 213/1/1
f 220/1/1 214/1/1 219/1/1
f 225/1/1 216/1/1 215/1/1
f 226/1/1 216/1/1 225/1/1
f 227/1/1 222/1/1 221/1/1
f 228/1/1 222/1/1 227/1/1
f 229/1/1 224/1/1 223/1/1
f 230/1/1 224/1/1 229/1/1
f 233/1/1 232/1/1 231/1/1
f 234/1/1 232/1/1 233/1/1
f 239/1/1 236/1/1 235/1/1
f 240/1/1 236/1/1 239/1/1
f 243/1/1 238/1/1 237/1/1
f 244/1/1 238/1/1 243/1/1
f 249/1/1 242/1/1 241/1/1
f 250/1/1 242/1/1 249/1/1
f 253/1/1 246/1/1 245/1/1
f 254/1/1 246/1/1 253/1/1
f 255/1/1 248/1/1 247/1/1
f 256/1/1 248/1/1 255/1/1
f 259/1/1 252/1/1 251/1/1
f 260/1/1 252/1/1 259/1/1
f 267/1/1 258/1/1 257/1/1
f 268/1/1 258/1/1 267/1/1
f 269/1/1 262/1/1 261/1/1
f 270/1/1 262/1/1 269/1/1
f 271/1/1 264/1/1 263/1/1
f 272/1/1 264/1/1 271/1/1
f 277/1/1 266/1/1 265/1/1
f 278/1/1 266/1/1 277/1/1
f 279/1/1 274/1/1 273/1/1
f 280/1/1 274/1/1 279/1/1
f 285/1/1 276/1/1 275/1/1
f 286/1/1 276/1/1 285/1/1
f 287/1/1 282/1/1 281/1/1
f 288/1/1 282/1/1 287/1/1
f 291/1/1 284/1/1 283/1/1
f 292/1/1 284/1/1 291/1/1
f 293/1/1 290/1/1 289/1/1
f 294/1/1 290/1/1 293/1/1
f 297/1/1 296/1/1 295/1/1
f 298/1/1 296/1/1 297/1/1
f 303/1/1 300/1/1 299/1/1
f 304/1/1 300/1/1 303/1/1
f 307/1/1 302/1/1 301/1/1
f 308/1/1 302/1/1 307/1/1
f 313/1/1 306/1/1 305/1/1
f 314/1/1 306/1/1 313/1/1
f 317/1/1 310/1/1 309/1/1
f 318/1/1 310/1/1 317/1/1
f 319/1/1 312/1/1 311/1/1
f 320/1/1 312/1/1 319/1/1
f 323/1/1 316/1/1 315/1/1
f 324/1/1 316/1/1 323/1/1
f 329/1/1 322/1/1 321/1/1
f 330/1/1 322/1/1 329/1/1
f 331/1/1 326/1/1 325/1/1
f 332/1/1 326/1/1 331/1/1
f 337/1/1 328/1/1 327/1/1
f 338/1/1 328/1/1 337/1/1
f 339/1/1 334/1/1 333/1/1
f 340/1/1 334/1/1 339/1/1
f 345/1/1 336/1/1 335/1/1
f 346/1/1 336/1/1 345/1/1
f 347/1/1 342/1/1 341/1/1
f 348/1/1 342/1/1 347/1/1
f 353/1/1 344/1/1 343/1/1
f 354/1/1 344/1/1 353/1/1
f 355/1/1 350/1/1 349/1/1
f 356/1/1 350/1/1 355/1/1
f 359/1/1 352/1/1 351/1/1
f 360/1/1 352/1/1 359/1/1
f 361/1/1 358/1/1 357/1/1
f 362/1/1 358/1/1 361/1/1
f 365/1/1 364/1/1 363/1/1
f 366/1/1 364/1/1 365/1/1
f 371/1/1 368/1/1 367/1/1
f 372/1/1 368/1/1 371/1/1
f 375/1/1 370/1/1 369/1/1
f 376/1/1 370/1/1 375/1/1
f 379/1/1 374/1/1 373/1/1
f 380/1/1 374/1/1 379/1/1
f 385/1/1 378/1/1 377/1/1
f 386/1/1 378/1/1 385/1/1
f 389/1/1 382/1/1 381/1/1
f 390/1/1 382/1/1 389/1/1
f 391/1/1 384/1/1 383/1/1
f 392/1/1 384/1/1 391/1/1
f 395/1/1 388/1/1 387/1/1
f 396/1/1 388/1/1 395/1/1
f 401/1/1 394/1/1 393/1/1
f 402/1/1 394/1/1 401/1/1
f 403/1/1 398/1/1 397/1/1
f 404/1/1 398/1/1 403/1/1
f 409/1/1 400/1/1 399/1/1
f 410/1/1 400/1/1 409/1/1
f 411/1/1 406/1/1 405/1/1
f 412/1/1 406/1/1 411/1/1
f 417/1/1 408/1/1 407/1/1
f 418/1/1 408/1/1 417/1/1
f 419/1/1 414/1/1 413/1/1
f 420/1/1 414/1/1 419/1/1
f 425/1/1 416/1/1 415/1/1
f 426/1/1 416/1/1 425/1/1
f 427/1/1 422/1/1 421/1/1
f 428/1/1 422/1/1 427/1/1
f 429/1/1 424/1/1 423/1/1
f 430/1/1 424/1/1 429/1/1
f 433/1/1 432/1/1 431/1/1
f 434/1/1 432/1/1 433/1/1
f 439/1/1 436/1/1 435/1/1
f 440/1/1 436/1/1 439/1/1
f 443/1/1 438/1/1 437/1/1
f 444/1/1 438/1/1 443/1/1
f 447/1/1 442/1/1 441/1/1
f 448/1/1 442/1/1 447/1/1
f 453/1/1 446/1/1 445/1/1
f 454/1/1 446/1/1 453/1/1
f 457/1/1 450/1/1 449/1/1
f 458/1/1 450/1/1 457/1/1
f 459/1/1 452/1/1 451/1/1
f 460/1/1 452/1/1 459/1/1
f 463/1/1 456/1/1 455/1/1
f 464/1/1 456/1/1 463/1/1
f 469/1/1 462/1/1 461/1/1
f 470/1/1 462/1/1 469/1/1
f 471/1/1 466/1/1 465/1/1
f 472/1/1 466/1/1 471/1/1
f 477/1/1 468/1/1 467/1/1
f 478/1/1 468/1/1 477/1/1
f 479/1/1 474/1/1 473/1/1
f 480/1/1 474/1/1 479/1/1
f 485/1/1 476/1/1 475/1/1
f 486/1/1 476/1/1 485/1/1
f 487/1/1 482/1/1 481/1/1
f 488/1/1 482/1/1 487/1/1
f 493/1/1 484/1/1 483/1/1
f 494/1/1 484/1/1 493/1/1
f 495/1/1 490/1/1 489/1/1
f 496/1/1 490/1/1 495/1/1
f 499/1/1 492/1/1 491/1/1
f 500/1/1 492/1/1 499/1/1
f 501/1/1 498/1/1 497/1/1
f 502/1/1 498/1/1 501/1/1
f 505/1/1 504/1/1 503/1/1
f 506/1/1 504/1/1 505/1/1
f 511/1/1 508/1/1 507/1/1
f 512/1/1 508/1/1 511/1/1
f 515/1/1 510/1/1 509/1/1
f 516/1/1 510/1/1 515/1/1
f 519/1/1 514/1/1 513/1/1
f 520/1/1 514/1/1 519/1/1
f 523/1/1 518/1/1 517/1/1
f 524/1/1 518/1/1 523/1/1
f 529/1/1 522/1/1 521/1/1
f 530/1/1 522/1/1 529/1/1
f 533/1/1 526/1/1 525/1/1
f 534/1/1 526/1/1 533/1/1
f 535/1/1 528/1/1 527/1/1
f 536/1/1 528/1/1 535/1/1
f 541/1/1 532/1/1 531/1/1
f 542/1/1 532/1/1 541/1/1
f 543/1/1 538/1/1 537/1/1
f 544/1/1 538/1/1 543/1/1
f 549/1/1 540/1/1 539/1/1
f 550/1/1 540/1/1 549/1/1
f 551/1/1 546/1/1 545/1/1
f 552/1/1 546/1/1 551/1/1
f 557/1/1 548/1/1 547/1/1
f 558/1/1 548/1/1 557/1/1
f 559/1/1 554/1/1 553/1/1
f 560/1/1 554/1/1 559/1/1
f 565/1/1 556/1/1 555/1/1
f 566/1/1 556/1/1 565/1/1
f 567/1/1 562/1/1 561/1/1
f 568/1/1 562/1/1 567/1/1
f 573/1/1 564/1/1 563/1/1
f 574/1/1 564/1/1 573/1/1
f 575/1/1 570/1/1 569/1/1
f 576/1/1 570/1/1 575/1/1
f 577/1/1 572/1/1 571/1/1
f 578/1/1 572/1/1 577/1/1
f 581/1/1 580/1/1 579/1/1
f 582/1/1 580/1/1 581/1/1
f 587/1/1 584/1/1 583/1/1
f 588/1/1 584/1/1 587/1/1
f 591/1/1 586/1/1 585/1/1
f 592/1/1 586/1/1 591/1/1
f 595/1/1 590/1/1 589/1/1
f 596/1/1 590/1/1 595/1/1
f 601/1/1 594/1/1 593/1/1
f 602/1/1 594/1/1 601/1/1
f 605/1/1 598/1/1 597/1/1
f 606/1/1 598/1/1 605/1/1
f 609/1/1 600/1/1 599/1/1
f 610/1/1 600/1/1 609/1/1
f 613/1/1 604/1/1 603/1/1
f 614/1/1 604/1/1 613/1/1
f 615/1/1 608/1/1 607/1/1
f 616/1/1 608/1/1 615/1/1
f 621/1/1 612/1/1 611/1/1
f 622/1/1 612/1/1 621/1/1
f 623/1/1 618/1/1 617/1/1
f 624/1/1 618/1/1 623/1/1
f 629/1/1 620/1/1 619/1/1
f 630/1/1 620/1/1 629/1/1
f 631/1/1 626/1/1 625/1/1
f 632/1/1 626/1/1 631/1/1
f 636/1/1 628/1/1 627/1/1
f 637/1/1 628/1/1 636/1/1
f 638/1/1 633/1/1 632/1/1
f 639/1/1 633/1/1 638/1/1
f 644/1/1 635/1/1 634/1/1
f 645/1/1 635/1/1 644/1/1
f 646/1/1 641/1/1 640/1/1
f 647/1/1 641/1/1 646/1/1
f 650/1/1 643/1/1 642/1/1
f 651/1/1 643/1/1 650/1/1
f 652/1/1 649/1/1 648/1/1
f 653/1/1 649/1/1 652/1/1
f 658/1/1 655/1/1 654/1/1
f 659/1/1 655/1/1 658/1/1
f 660/1/1 657/1/1 656/1/1
f 661/1/1 657/1/1 660/1/1
f 666/1/1 663/1/1 662/1/1
f 667/1/1 663/1/1 666/1/1
f 670/1/1 665/1/1 664/1/1
f 671/1/1 665/1/1 670/1/1
f 674/1/1 669/1/1 668/1/1
f 675/1/1 669/1/1 674/1/1
f 678/1/1 673/1/1 672/1/1
f 679/1/1 673/1/1 678/1/1
f 684/1/1 677/1/1 676/1/1
f 685/1/1 677/1/1 684/1/1
f 688/1/1 681/1/1 680/1/1
f 689/1/1 681/1/1 688/1/1
f 692/1/1 683/1/1 682/1/1
f 693/1/1 683/1/1 692/1/1
f 698/1/1 687/1/1 686/1/1
f 699/1/1 687/1/1 698/1/1
f 700/1/1 691/1/1 690/1/1
f 701/1/1 691/1/1 700/1/1
f 702/1/1 695/1/1 694/1/1
f 703/1/1 695/1/1 702/1/1
f 708/1/1 697/1/1 696/1/1
f 709/1/1 697/1/1 708/1/1
f 710/1/1 705/1/1 704/1/1
f 711/1/1 705/1/1 710/1/1
f 716/1/1 707/1/1 706/1/1
f 717/1/1 707/1/1 716/1/1
f 718/1/1 713/1/1 712/1/1
f 719/1/1 713/1/1 718/1/1
f 724/1/1 715/1/1 714/1/1
f 725/1/1 715/1/1 724/1/1
f 726/1/1 721/1/1 720/1/1
f 727/1/1 721/1/1 726/1/1
f 732/1/1 723/1/1 722/1/1
f 733/1/1 723/1/1 732/1/1
f 734/1/1 729/1/1 728/1/1
f 735/1/1 729/1/1 734/1/1
f 736/1/1 731/1/1 730/1/1
f 737/1/1 731/1/1 736/1/1
f 742/1/1 739/1/1 738/1/1
f 743/1/1 739/1/1 742/1/1
f 744/1/1 741/1/1 740/1/1
f 745/1/1 741/1/1 744/1/1
f 750/1/1 747/1/1 746/1/1
f 751/1/1 747/1/1 750/1/1
f 754/1/1 749/1/1 748/1/1
f 755/1/1 749/1/1 754/1/1
f 758/1/1 753/1/1 752/1/1
f 759/1/1 753/1/1 758/1/1
f 762/1/1 757/1/1 756/1/1
f 763/1/1 757/1/1 762/1/1
f 766/1/1 761/1/1 760/1/1
f 767/1/1 761/1/1 766/1/1
f 774/1/1 765/1/1 764/1/1
f 775/1/1 765/1/1 774/1/1
f 780/1/1 769/1/1 768/1/1
f 781/1/1 769/1/1 780/1/1
f 782/1/1 771/1/1 770/1/1
f 783/1/1 771/1/1 782/1/1
f 784/1/1 773/1/1 772/1/1
f 785/1/1 773/1/1 784/1/1
f 786/1/1 777/1/1 776/1/1
f 787/1/1 777/1/1 786/1/1
f 792/1/1 779/1/1 778/1/1
f 793/1/1 779/1/1 792/1/1
f 794/1/1 789/1/1 788/1/1
f 795/1/1 789/1/1 794/1/1
f 800/1/1 791/1/1 790/1/1
f 801/1/1 791/1/1 800/1/1
f 802/1/1 797/1/1 796/1/1
f 803/1/1 797/1/1 802/1/1
f 808/1/1 799/1/1 798/1/1
f 809/1/1 799/1/1 808/1/1
f 810/1/1 805/1/1 804/1/1
f 811/1/1 805/1/1 810/1/1
f 816/1/1 807/1/1 806/1/1
f 817/1/1 807/1/1 816/1/1
f 818/1/1 813/1/1 812/1/1
f 819/1/1 813/1/1 818/1/1
f 822/1/1 815/1/1 814/1/1
f 823/1/1 815/1/1 822/1/1
f 824/1/1 821/1/1 820/1/1
f 825/1/1 821/1/1 824/1/1
f 830/1/1 827/1/1 826/1/1
f 831/1/1 827/1/1 830/1/1
f 832/1/1 829/1/1 828/1/1
f 833/1/1 829/1/1 832/1/1
f 838/1/1 835/1/1 834/1/1
f 839/1/1 835/1/1 838/1/1
f 842/1/1 837/1/1 836/1/1
f 843/1/1 837/1/1 842/1/1
f 846/1/1 841/1/1 840/1/1
f 847/1/1 841/1/1 846/1/1
f 850/1/1 845/1/1 844/1/1
f 851/1/1 845/1/1 850/1/1
f 854/1/1 849/1/1 848/1/1
f 855/1/1 849/1/1 854/1/1
f 860/1/1 853/1/1 852/1/1
f 861/1/1 853/1/1 860/1/1
f 866/1/1 857/1/1 856/1/1
f 867/1/1 857/1/1 866/1/1
f 870/1/1 859/1/1 858/1/1
f 871/1/1 859/1/1 870/1/1
f 872/1/1 863/1/1 862/1/1
f 873/1/1 863/1/1 872/1/1
f 878/1/1 865/1/1 864/1/1
f 879/1/1 865/1/1 878/1/1
f 880/1/1 869/1/1 868/1/1
f 881/1/1 869/1/1 880/1/1
f 882/1/1 875/1/1 874/1/1
f 883/1/1 875/1/1 882/1/1
f 888/1/1 877/1/1 876/1/1
f 889/1/1 877/1/1 888/1/1
f 890/1/1 885/1/1 884/1/1
f 891/1/1 885/1/1 890/1/1
f 896/1/1 887/1/1 886/1/1
f 897/1/1 887/1/1 896/1/1
f 898/1/1 893/1/1 892/1/1
f 899/1/1 893/1/1 898/1/1
f 904/1/1 895/1/1 894/1/1
f 905/1/1 895/1/1 904/1/1
f 906/1/1 901/1/1 900/1/1
f 907/1/1 901/1/1 906/1/1
f 912/1/1 903/1/1 902/1/1
f 913/1/1 903/1/1 912/1/1
f 914/1/1 909/1/1 908/1/1
f 915/1/1 909/1/1 914/1/1
f 916/1/1 911/1/1 910/1/1
f 917/1/1 911/1/1 916/1/1
f 922/1/1 919/1/1 918/1/1
f 923/1/1 919/1/1 922/1/1
f 924/1/1 921/1/1 920/1/1
f 925/1/1 921/1/1 924/1/1
f 930/1/1 927/1/1 926/1/1
f 931/1/1 927/1/1 930/1/1
f 934/1/1 929/1/1 928/1/1
f 935/1/1 929/1/1 934/1/1
f 938/1/1 933/1/1 932/1/1
f 939/1/1 933/1/1 938/1/1
f 941/1/1 937/1/1 936/1/1
f 942/1/1 937/1/1 941/1/1
f 944/1/1 941/1/1 940/1/1
f 945/1/1 941/1/1 944/1/1
f 947/1/1 944/1/1 943/1/1
f 948/1/1 944/1/1 947/1/1
f 953/1/1 947/1/1 946/1/1
f 954/1/1 947/1/1 953/1/1
f 959/1/1 950/1/1 949/1/1
f 960/1/1 950/1/1 959/1/1
f 963/1/1 952/1/1 951/1/1
f 964/1/1 952/1/1 963/1/1
f 965/1/1 956/1/1 955/1/1
f 966/1/1 956/1/1 965/1/1
f 971/1/1 958/1/1 957/1/1
f 972/1/1 958/1/1 971/1/1
f 973/1/1 962/1/1 961/1/1
f 974/1/1 962/1/1 973/1/1
f 975/1/1 968/1/1 967/1/1
f 976/1/1 968/1/1 975/1/1
f 981/1/1 970/1/1 969/1/1
f 982/1/1 970/1/1 981/1/1
f 983/1/1 978/1/1 977/1/1
f 984/1/1 978/1/1 983/1/1
f 989/1/1 980/1/1 979/1/1
f 990/1/1 980/1/1 989/1/1
f 991/1/1 986/1/1 985/1/1
f 992/1/1 986/1/1 991/1/1
f 997/1/1 988/1/1 987/1/1
f 998/1/1 988/1/1 997/1/1
f 999/1/1 994/1/1 993/1/1
f 1000/1/1 994/1/1 999/1/1
f 1001/1/1 996/1/1 995/1/1
f 1002/1/1 996/1/1 1001/1/1
f 1007/1/1 1004/1/1 1003/1/1
f 1008/1/1 1004/1/1 1007/1/1
f 1009/1/1 1006/1/1 1005/1/1
f 1010/1/1 1006/1/1 1009/1/1
f 1015/1/1 1012/1/1 1011/1/1
f 1016/1/1 1012/1/1 1015/1/1
f 1019/1/1 1014/1/1 1013/1/1
f 1020/1/1 1014/1/1 1019/1/1
f 1023/1/1 1018/1/1 1017/1/1
f 1024/1/1 1018/1/1 1023/1/1
f 1026/1/1 1022/1/1 1021/1/1
f 1027/1/1 1022/1/1 1026/1/1
f 1030/1/1 1026/1/1 1025/1/1
f 1031/1/1 1026/1/1 1030/1/1
f 1034/1/1 1029/1/1 1028/1/1
f 1035/1/1 1029/1/1 1034/1/1
f 1038/1/1 1033/1/1 1032/1/1
f 1039/1/1 1033/1/1 1038/1/1
f 1048/1/1 1037/1/1 1036/1/1
f 1049/1/1 1037/1/1 1048/1/1
f 1050/1/1 1041/1/1 1040/1/1
f 1051/1/1 1041/1/1 1050/1/1
f 1056/1/1 1043/1/1 1042/1/1
f 1057/1/1 1043/1/1 1056/1/1
f 1058/1/1 1045/1/1 1044/1/1
f 1059/1/1 1045/1/1 1058/1/1
f 1060/1/1 1047/1/1 1046/1/1
f 1061/1/1 1047/1/1 1060/1/1
f 1062/1/1 1053/1/1 1052/1/1
f 1063/1/1 1053/1/1 1062/1/1
f 1068/1/1 1055/1/1 1054/1/1
f 1069/1/1 1055/1/1 1068/1/1
f 1070/1/1 1065/1/1 1064/1/1
f 1071/1/1 1065/1/1 1070/1/1
f 1076/1/1 1067/1/1 1066/1/1
f 1077/1/1 1067/1/1 1076/1/1
f 1078/1/1 1073/1/1 1072/1/1
f 1079/1/1 1073/1/1 1078/1/1
f 1084/1/1 1075/1/1 1074/1/1
f 1085/1/1 1075/1/1 1084/1/1
f 1086/1/1 1081/1/1 1080/1/1
f 1087/1/1 1081/1/1 1086/1/1
f 1088/1/1 1083/1/1 1082/1/1
f 1089/1/1 1083/1/1 1088/1/1
f 1094/1/1 1091/1/1 1090/1/1
f 1095/1/1 1091/1/1 1094/1/1
f 1096/1/1 1093/1/1 1092/1/1
f 1097/1/1 1093/1/1 1096/1/1
f 1102/1/1 1099/1/1 1098/1/1
f 1103/1/1 1099/1/1 1102/1/1
f 1106/1/1 1101/1/1 1100/1/1
f 1107/1/1 1101/1/1 1106/1/1
f 1110/1/1 1105/1/1 1104/1/1
f 1111/1/1 1105/1/1 1110/1/1
f 1113/1/1 1109/1/1 1108/1/1
f 1114/1/1 1109/1/1 1113/1/1
f 1117/1/1 1113/1/1 1112/1/1
f 1118/1/1 1113/1/1 1117/1/1
f 1121/1/1 1116/1/1 1115/1/1
f 1122/1/1 1116/1/1 1121/1/1
f 1125/1/1 1120/1/1 1119/1/1
f 1126/1/1 1120/1/1 1125/1/1
f 1133/1/1 1124/1/1 1123/1/1
f 1134/1/1 1124/1/1 1133/1/1
f 1135/1/1 1128/1/1 1127/1/1
f 1136/1/1 1128/1/1 1135/1/1
f 1141/1/1 1130/1/1 1129/1/1
f 1142/1/1 1130/1/1 1141/1/1
f 1145/1/1 1132/1/1 1131/1/1
f 1146/1/1 1132/1/1 1145/1/1
f 1147/1/1 1138/1/1 1137/1/1
f 1148/1/1 1138/1/1 1147/1/1
f 1153/1/1 1140/1/1 1139/1/1
f 1154/1/1 1140/1/1 1153/1/1
f 1155/1/1 1144/1/1 1143/1/1
f 1156/1/1 1144/1/1 1155/1/1
f 1157/1/1 1150/1/1 1149/1/1
f 1158/1/1 1150/1/1 1157/1/1
f 1163/1/1 1152/1/1 1151/1/1
f 1164/1/1 1152/1/1 1163/1/1
f 1165/1/1 1160/1/1 1159/1/1
f 1166/1/1 1160/1/1 1165/1/1
f 1171/1/1 1162/1/1 1161/1/1
f 1172/1/1 1162/1/1 1171/1/1
f 1173/1/1 1168/1/1 1167/1/1
f 1174/1/1 1168/1/1 1173/1/1
f 1175/1/1 1170/1/1 1169/1/1
f 1176/1/1 1170/1/1 1175/1/1
f 1181/1/1 1178/1/1 1177/1/1
f 1182/1/1 1178/1/1 1181/1/1
f 1185/1/1 1180/1/1 1179/1/1
f 1186/1/1 1180/1/1 1185/1/1
f 1187/1/1 1184/1/1 1183/1/1
f 1188/1/1 1184/1/1 1187/1/1
f 1193/1/1 1190/1/1 1189/1/1
f 1194/1/1 1190/1/1 1193/1/1
f 1197/1/1 1192/1/1 1191/1/1
f 1198/1/1 1192/1/1 1197/1/1
f 1201/1/1 1196/1/1 1195/1/1
f 1202/1/1 1196/1/1 1201/1/1
f 1204/1/1 1200/1/1 1199/1/1
f 1205/1/1 1200/1/1 1204/1/1
f 1208/1/1 1204/1/1 1203/1/1
f 1209/1/1 1204/1/1 1208/1/1
f 1212/1/1 1207/1/1 1206/1/1
f 1213/1/1 1207/1/1 1212/1/1
f 1215/1/1 1211/1/1 1210/1/1
f 1216/1/1 1211/1/1 1215/1/1
f 1220/1/1 1215/1/1 1214/1/1
f 1221/1/1 1215/1/1 1220/1/1
f 1222/1/1 1218/1/1 1217/1/1
f 1223/1/1 1218/1/1 1222/1/1
f 1230/1/1 1220/1/1 1219/1/1
f 1231/1/1 1220/1/1 1230/1/1
f 1232/1/1 1225/1/1 1224/1/1
f 1233/1/1 1225/1/1 1232/1/1
f 1238/1/1 1227/1/1 1226/1/1
f 1239/1/1 1227/1/1 1238/1/1
f 1242/1/1 1229/1/1 1228/1/1
f 1243/1/1 1229/1/1 1242/1/1
f 1244/1/1 1235/1/1 1234/1/1
f 1245/1/1 1235/1/1 1244/1/1
f 1250/1/1 1237/1/1 1236/1/1
f 1251/1/1 1237/1/1 1250/1/1
f 1252/1/1 1241/1/1 1240/1/1
f 1253/1/1 1241/1/1 1252/1/1
f 1254/1/1 1247/1/1 1246/1/1
f 1255/1/1 1247/1/1 1254/1/1
f 1260/1/1 1249/1/1 1248/1/1
f 1261/1/1 1249/1/1 1260/1/1
f 1262/1/1 1257/1/1 1256/1/1
f 1263/1/1 1257/1/1 1262/1/1
f 1264/1/1 1259/1/1 1258/1/1
f 1265/1/1 1259/1/1 1264/1/1
f 1270/1/1 1267/1/1 1266/1/1
f 1271/1/1 1267/1/1 1270/1/1
f 1276/1/1 1269/1/1 1268/1/1
f 1277/1/1 1269/1/1 1276/1/1
f 1278/1/1 1273/1/1 1272/1/1
f 1279/1/1 1273/1/1 1278/1/1
f 1280/1/1 1275/1/1 1274/1/1
f 1281/1/1 1275/1/1 1280/1/1
f 1286/1/1 1283/1/1 1282/1/1
f 1287/1/1 1283/1/1 1286/1/1
f 1290/1/1 1285/1/1 1284/1/1
f 1291/1/1 1285/1/1 1290/1/1
f 1294/1/1 1289/1/1 1288/1/1
f 1295/1/1 1289/1/1 1294/1/1
f 1297/1/1 1293/1/1 1292/1/1
f 1298/1/1 1293/1/1 1297/1/1
f 1301/1/1 1297/1/1 1296/1/1
f 1302/1/1 1297/1/1 1301/1/1
f 1305/1/1 1300/1/1 1299/1/1
f 1306/1/1 1300/1/1 1305/1/1
f 1308/1/1 1304/1/1 1303/1/1
f 1309/1/1 1304/1/1 1308/1/1
f 1312/1/1 1308/1/1 1307/1/1
f 1313/1/1 1308/1/1 1312/1/1
f 1318/1/1 1311/1/1 1310/1/1
f 1319/1/1 1311/1/1 1318/1/1
f 1320/1/1 1315/1/1 1314/1/1
f 1321/1/1 1315/1/1 1320/1/1
f 1330/1/1 1317/1/1 1316/1/1
f 1331/1/1 1317/1/1 1330/1/1
f 1332/1/1 1323/1/1 1322/1/1
f 1333/1/1 1323/1/1 1332/1/1
f 1338/1/1 1325/1/1 1324/1/1
f 1339/1/1 1325/1/1 1338/1/1
f 1340/1/1 1327/1/1 1326/1/1
f 1341/1/1 1327/1/1 1340/1/1
f 1342/1/1 1329/1/1 1328/1/1
f 1343/1/1 1329/1/1 1342/1/1
f 1344/1/1 1335/1/1 1334/1/1
f 1345/1/1 1335/1/1 1344/1/1
f 1350/1/1 1337/1/1 1336/1/1
f 1351/1/1 1337/1/1 1350/1/1
f 1352/1/1 1347/1/1 1346/1/1
f 1353/1/1 1347/1/1 1352/1/1
f 1354/1/1 1349/1/1 1348/1/1
f 1355/1/1 1349/1/1 1354/1/1
f 1360/1/1 1357/1/1 1356/1/1
f 1361/1/1 1357/1/1 1360/1/1
f 1366/1/1 1359/1/1 1358/1/1
f 1367/1/1 1359/1/1 1366/1/1
f 1368/1/1 1363/1/1 1362/1/1
f 1369/1/1 1363/1/1 1368/1/1
f 1370/1/1 1365/1/1 1364/1/1
f 1371/1/1 1365/1/1 1370/1/1
f 1376/1/1 1373/1/1 1372/1/1
f 1377/1/1 1373/1/1 1376/1/1
f 1380/1/1 1375/1/1 1374/1/1
f 1381/1/1 1375/1/1 1380/1/1
f 1383/1/1 1379/1/1 1378/1/1
f 1384/1/1 1379/1/1 1383/1/1
f 1387/1/1 1383/1/1 1382/1/1
f 1388/1/1 1383/1/1 1387/1/1
f 1390/1/1 1386/1/1 1385/1/1
f 1391/1/1 1386/1/1 1390/1/1
f 1393/1/1 1390/1/1 1389/1/1
f 1394/1/1 1390/1/1 1393/1/1
f 1397/1/1 1393/1/1 1392/1/1
f 1398/1/1 1393/1/1 1397/1/1
f 1403/1/1 1396/1/1 1395/1/1
f 1404/1/1 1396/1/1 1403/1/1
f 1405/1/1 1400/1/1 1399/1/1
f 1406/1/1 1400/1/1 1405/1/1
f 1413/1/1 1402/1/1 1401/1/1
f 1414/1/1 1402/1/1 1413/1/1
f 1415/1/1 1408/1/1 1407/1/1
f 1416/1/1 1408/1/1 1415/1/1
f 1421/1/1 1410/1/1 1409/1/1
f 1422/1/1 1410/1/1 1421/1/1
f 1425/1/1 1412/1/1 1411/1/1
f 1426/1/1 1412/1/1 1425/1/1
f 1427/1/1 1418/1/1 1417/1/1
f 1428/1/1 1418/1/1 1427/1/1
f 1433/1/1 1420/1/1 1419/1/1
f 1434/1/1 1420/1/1 1433/1/1
f 1435/1/1 1424/1/1 1423/1/1
f 1436/1/1 1424/1/1 1435/1/1
f 1437/1/1 1430/1/1 1429/1/1
f 1438/1/1 1430/1/1 1437/1/1
f 1439/1/1 1432/1/1 1431/1/1
f 1440/1/1 1432/1/1 1439/1/1
f 1445/1/1 1442/1/1 1441/1/1
f 1446/1/1 1442/1/1 1445/1/1
f 1449/1/1 1444/1/1 1443/1/1
f 1450/1/1 1444/1/1 1449/1/1
f 1453/1/1 1448/1/1 1447/1/1
f 1454/1/1 1448/1/1 1453/1/1
f 1455/1/1 1452/1/1 1451/1/1
f 1456/1/1 1452/1/1 1455/1/1
f 1461/1/1 1458/1/1 1457/1/1
f 1462/1/1 1458/1/1 1461/1/1
f 1465/1/1 1460/1/1 1459/1/1
f 1466/1/1 1460/1/1 1465/1/1
f 1468/1/1 1464/1/1 1463/1/1
f 1469/1/1 1464/1/1 1468/1/1
f 1472/1/1 1468/1/1 1467/1/1
f 1473/1/1 1468/1/1 1472/1/1
f 1475/1/1 1471/1/1 1470/1/1
f 1476/1/1 1471/1/1 1475/1/1
f 1479/1/1 1475/1/1 1474/1/1
f 1480/1/1 1475/1/1 1479/1/1
f 1483/1/1 1478/1/1 1477/1/1
f 1484/1/1 1478/1/1 1483/1/1
f 1488/1/1 1482/1/1 1481/1/1
f 1489/1/1 1482/1/1 1488/1/1
f 1490/1/1 1486/1/1 1485/1/1
f 1491/1/1 1486/1/1 1490/1/1
f 1496/1/1 1488/1/1 1487/1/1
f 1497/1/1 1488/1/1 1496/1/1
f 1498/1/1 1493/1/1 1492/1/1
f 1499/1/1 1493/1/1 1498/1/1
f 1506/1/1 1495/1/1 1494/1/1
f 1507/1/1 1495/1/1 1506/1/1
f 1508/1/1 1501/1/1 1500/1/1
f 1509/1/1 1501/1/1 1508/1/1
f 1514/1/1 1503/1/1 1502/1/1
f 1515/1/1 1503/1/1 1514/1/1
f 1516/1/1 1505/1/1 1504/1/1
f 1517/1/1 1505/1/1 1516/1/1
f 1518/1/1 1511/1/1 1510/1/1
f 1519/1/1 1511/1/1 1518/1/1
f 1520/1/1 1513/1/1 1512/1/1
f 1521/1/1 1513/1/1 1520/1/1
f 1526/1/1 1523/1/1 1522/1/1
f 1527/1/1 1523/1/1 1526/1/1
f 1530/1/1 1525/1/1 1524/1/1
f 1531/1/1 1525/1/1 1530/1/1
f 1534/1/1 1529/1/1 1528/1/1
f 1535/1/1 1529/1/1 1534/1/1
f 1538/1/1 1533/1/1 1532/1/1
f 1539/1/1 1533/1/1 1538/1/1
f 1542/1/1 1537/1/1 1536/1/1
f 1543/1/1 1537/1/1 1542/1/1
f 1546/1/1 1541/1/1 1540/1/1
f 1547/1/1 1541/1/1 1546/1/1
f 1550/1/1 1545/1/1 1544/1/1
f 1551/1/1 1545/1/1 1550/1/1
f 1553/1/1 1549/1/1 1548/1/1
f 1554/1/1 1549/1/1 1553/1/1
f 1557/1/1 1553/1/1 1552/1/1
f 1558/1/1 1553/1/1 1557/1/1
f 1560/1/1 1556/1/1 1555/1/1
f 1561/1/1 1556/1/1 1560/1/1
f 1564/1/1 1560/1/1 1559/1/1
f 1565/1/1 1560/1/1 1564/1/1
f 1567/1/1 1563/1/1 1562/1/1
f 1568/1/1 1563/1/1 1567/1/1
f 1570/1/1 1567/1/1 1566/1/1
f 1571/1/1 1567/1/1 1570/1/1
f 1576/1/1 1570/1/1 1569/1/1
f 1577/1/1 1570/1/1 1576/1/1
f 1578/1/1 1573/1/1 1572/1/1
f 1579/1/1 1573/1/1 1578/1/1
f 1584/1/1 1575/1/1 1574/1/1
f 1585/1/1 1575/1/1 1584/1/1
f 1586/1/1 1581/1/1 1580/1/1
f 1587/1/1 1581/1/1 1586/1/1
f 1594/1/1 1583/1/1 1582/1/1
f 1595/1/1 1583/1/1 1594/1/1
f 1596/1/1 1589/1/1 1588/1/1
f 1597/1/1 1589/1/1 1596/1/1
f 1598/1/1 1591/1/1 1590/1/1
f 1599/1/1 1591/1/1 1598/1/1
f 1600/1/1 1593/1/1 1592/1/1
f 1601/1/1 1593/1/1 1600/1/1
f 1606/1/1 1603/1/1 1602/1/1
f 1607/1/1 1603/1/1 1606/1/1
f 1610/1/1 1605/1/1 1604/1/1
f 1611/1/1 1605/1/1 1610/1/1
f 1616/1/1 1609/1/1 1608/1/1
f 1617/1/1 1609/1/1 1616/1/1
f 1620/1/1 1613/1/1 1612/1/1
f 1621/1/1 1613/1/1 1620/1/1
f 1622/1/1 1615/1/1 1614/1/1
f 1623/1/1 1615/1/1 1622/1/1
f 1626/1/1 1619/1/1 1618/1/1
f 1627/1/1 1619/1/1 1626/1/1
f 1630/1/1 1625/1/1 1624/1/1
f 1631/1/1 1625/1/1 1630/1/1
f 1633/1/1 1629/1/1 1628/1/1
f 1634/1/1 1629/1/1 1633/1/1
f 1636/1/1 1633/1/1 1632/1/1
f 1637/1/1 1633/1/1 1636/1/1
f 1640/1/1 1636/1/1 1635/1/1
f 1641/1/1 1636/1/1 1640/1/1
f 1643/1/1 1639/1/1 1638/1/1
f 1644/1/1 1639/1/1 1643/1/1
f 1647/1/1 1643/1/1 1642/1/1
f 1648/1/1 1643/1/1 1647/1/1
f 1650/1/1 1646/1/1 1645/1/1
f 1651/1/1 1646/1/1 1650/1/1
f 1654/1/1 1650/1/1 1649/1/1
f 1655/1/1 1650/1/1 1654/1/1
f 1660/1/1 1653/1/1 1652/1/1
f 1661/1/1 1653/1/1 1660/1/1
f 1662/1/1 1657/1/1 1656/1/1
f 1663/1/1 1657/1/1 1662/1/1
f 1668/1/1 1659/1/1 1658/1/1
f 1669/1/1 1659/1/1 1668/1/1
f 1670/1/1 1665/1/1 1664/1/1
f 1671/1/1 1665/1/1 1670/1/1
f 1680/1/1 1667/1/1 1666/1/1
f 1681/1/1 1667/1/1 1680/1/1
f 1682/1/1 1673/1/1 1672/1/1
f 1683/1/1 1673/1/1 1682/1/1
f 1684/1/1 1675/1/1 1674/1/1
f 1685/1/1 1675/1/1 1684/1/1
f 1686/1/1 1677/1/1 1676/1/1
f 1687/1/1 1677/1/1 1686/1/1
f 1688/1/1 1679/1/1 1678/1/1
f 1689/1/1 1679/1/1 1688/1/1
f 1694/1/1 1691/1/1 1690/1/1
f 1695/1/1 1691/1/1 1694/1/1
f 1698/1/1 1693/1/1 1692/1/1
f 1699/1/1 1693/1/1 1698/1/1
f 1704/1/1 1697/1/1 1696/1/1
f 1705/1/1 1697/1/1 1704/1/1
f 1708/1/1 1701/1/1 1700/1/1
f 1709/1/1 1701/1/1 1708/1/1
f 1710/1/1 1703/1/1 1702/1/1
f 1711/1/1 1703/1/1 1710/1/1
f 1714/1/1 1707/1/1 1706/1/1
f 1715/1/1 1707/1/1 1714/1/1
f 1718/1/1 1713/1/1 1712/1/1
f 1719/1/1 1713/1/1 1718/1/1
f 1722/1/1 1717/1/1 1716/1/1
f 1723/1/1 1717/1/1 1722/1/1
f 1726/1/1 1721/1/1 1720/1/1
f 1727/1/1 1721/1/1 1726/1/1
f 1730/1/1 1725/1/1 1724/1/1
f 1731/1/1 1725/1/1 1730/1/1
f 1733/1/1 1729/1/1 1728/1/1
f 1734/1/1 1729/1/1 1733/1/1
f 1737/1/1 1733/1/1 1732/1/1
f 1738/1/1 1733/1/1 1737/1/1
f 1740/1/1 1736/1/1 1735/1/1
f 1741/1/1 1736/1/1 1740/1/1
f 1744/1/1 1740/1/1 1739/1/1
f 1745/1/1 1740/1/1 1744/1/1
f 1748/1/1 1743/1/1 1742/1/1
f 1749/1/1 1743/1/1 1748/1/1
f 1754/1/1 1747/1/1 1746/1/1
f 1755/1/1 1747/1/1 1754/1/1
f 1756/1/1 1751/1/1 1750/1/1
f 1757/1/1 1751/1/1 1756/1/1
f 1764/1/1 1753/1/1 1752/1/1
f 1765/1/1 1753/1/1 1764/1/1
f 1766/1/1 1759/1/1 1758/1/1
f 1767/1/1 1759/1/1 1766/1/1
f 1768/1/1 1761/1/1 1760/1/1
f 1769/1/1 1761/1/1 1768/1/1
f 1770/1/1 1763/1/1 1762/1/1
f 1771/1/1 1763/1/1 1770/1/1
f 1776/1/1 1773/1/1 1772/1/1
f 1777/1/1 1773/1/1 1776/1/1
f 1780/1/1 1775/1/1 1774/1/1
f 1781/1/1 1775/1/1 1780/1/1
f 1784/1/1 1779/1/1 1778/1/1
f 1785/1/1 1779/1/1 1784/1/1
f 1788/1/1 1783/1/1 1782/1/1
f 1789/1/1 1783/1/1 1788/1/1
f 1792/1/1 1787/1/1 1786/1/1
f 1793/1/1 1787/1/1 1792/1/1
f 1796/1/1 1791/1/1 1790/1/1
f 1797/1/1 1791/1/1 1796/1/1
f 1800/1/1 1795/1/1 1794/1/1
f 1801/1/1 1795/1/1 1800/1/1
f 1804/1/1 1799/1/1 1798/1/1
f 1805/1/1 1799/1/1 1804/1/1
f 1808/1/1 1803/1/1 1802/1/1
f 1809/1/1 1803/1/1 1808/1/1
f 1811/1/1 1807/1/1 1806/1/1
f 1812/1/1 1807/1/1 1811/1/1
f 1815/1/1 1811/1/1 1810/1/1
f 1816/1/1 1811/1/1 1815/1/1
f 1818/1/1 1814/1/1 1813/1/1
f 1819/1/1 1814/1/1 1818/1/1
f 1822/1/1 1818/1/1 1817/1/1
f 1823/1/1 1818/1/1 1822/1/1
f 1825/1/1 1821/1/1 1820/1/1
f 1826/1/1 1821/1/1 1825/1/1
f 1831/1/1 1825/1/1 1824/1/1
f 1832/1/1 1825/1/1 1831/1/1
f 1833/1/1 1828/1/1 1827/1/1
f 1834/1/1 1828/1/1 1833/1/1
f 1839/1/1 1830/1/1 1829/1/1
f 1840/1/1 1830/1/1 1839/1/1
f 1841/1/1 1836/1/1 1835/1/1
f 1842/1/1 1836/1/1 1841/1/1
f 1843/1/1 1838/1/1 1837/1/1
f 1844/1/1 1838/1/1 1843/1/1
f 1849/1/1 1846/1/1 1845/1/1
f 1850/1/1 1846/1/1 1849/1/1
f 1853/1/1 1848/1/1 1847/1/1
f 1854/1/1 1848/1/1 1853/1/1
f 1859/1/1 1852/1/1 1851/1/1
f 1860/1/1 1852/1/1 1859/1/1
f 1863/1/1 1856/1/1 1855/1/1
f 1864/1/1 1856/1/1 1863/1/1
f 1865/1/1 1858/1/1 1857/1/1
f 1866/1/1 1858/1/1 1865/1/1
f 1869/1/1 1862/1/1 1861/1/1
f 1870/1/1 1862/1/1 1869/1/1
f 1873/1/1 1868/1/1 1867/1/1
f 1874/1/1 1868/1/1 1873/1/1
f 1877/1/1 1872/1/1 1871/1/1
f 1878/1/1 1872/1/1 1877/1/1
f 1880/1/1 1876/1/1 1875/1/1
f 1881/1/1 1876/1/1 1880/1/1
f 1883/1/1 1880/1/1 1879/1/1
f 1884/1/1 1880/1/1 1883/1/1
f 1887/1/1 1883/1/1 1882/1/1
f 1888/1/1 1883/1/1 1887/1/1
f 1890/1/1 1886/1/1 1885/1/1
f 1891/1/1 1886/1/1 1890/1/1
f 1894/1/1 1890/1/1 1889/1/1
f 1895/1/1 1890/1/1 1894/1/1
f 1897/1/1 1893/1/1 1892/1/1
f 1898/1/1 1893/1/1 1897/1/1
f 1901/1/1 1897/1/1 1896/1/1
f 1902/1/1 1897/1/1 1901/1/1
f 1907/1/1 1900/1/1 1899/1/1
f 1908/1/1 1900/1/1 1907/1/1
f 1909/1/1 1904/1/1 1903/1/1
f 1910/1/1 1904/1/1 1909/1/1
f 1911/1/1 1906/1/1 1905/1/1
f 1912/1/1 1906/1/1 1911/1/1
f 1917/1/1 1914/1/1 1913/1/1
f 1918/1/1 1914/1/1 1917/1/1
f 1921/1/1 1916/1/1 1915/1/1
f 1922/1/1 1916/1/1 1921/1/1
f 1927/1/1 1920/1/1 1919/1/1
f 1928/1/1 1920/1/1 1927/1/1
f 1931/1/1 1924/1/1 1923/1/1
f 1932/1/1 1924/1/1 1931/1/1
f 1933/1/1 1926/1/1 1925/1/1
f 1934/1/1 1926/1/1 1933/1/1
f 1937/1/1 1930/1/1 1929/1/1
f 1938/1/1 1930/1/1 1937/1/1
f 1941/1/1 1936/1/1 1935/1/1
f 1942/1/1 1936/1/1 1941/1/1
f 1944/1/1 1940/1/1 1939/1/1
f 1945/1/1 1940/1/1 1944/1/1
f 1947/1/1 1944/1/1 1943/1/1
f 1948/1/1 1944/1/1 1947/1/1
f 1951/1/1 1947/1/1 1946/1/1
f 1952/1/1 1947/1/1 1951/1/1
f 1954/1/1 1950/1/1 1949/1/1
f 1955/1/1 1950/1/1 1954/1/1
f 1957/1/1 1954/1/1 1953/1/1
f 1958/1/1 1954/1/1 1957/1/1
f 1961/1/1 1957/1/1 1956/1/1
f 1962/1/1 1957/1/1 1961/1/1
f 1964/1/1 1960/1/1 1959/1/1
f 1965/1/1 1960/1/1 1964/1/1
f 1968/1/1 1964/1/1 1963/1/1
f 1969/1/1 1964/1/1 1968/1/1
f 1974/1/1 1967/1/1 1966/1/1
f 1975/1/1 1967/1/1 1974/1/1
f 1976/1/1 1971/1/1 1970/1/1
f 1977/1/1 1971/1/1 1976/1/1
f 1978/1/1 1973/1/1 1972/1/1
f 1979/1/1 1973/1/1 1978/1/1
f 1984/1/1 1981/1/1 1980/1/1
f 1985/1/1 1981/1/1 1984/1/1
f 1988/1/1 1983/1/1 1982/1/1
f 1989/1/1 1983/1/1 1988/1/1
f 1992/1/1 1987/1/1 1986/1/1
f 1993/1/1 1987/1/1 1992/1/1
f 1998/1/1 1991/1/1 1990/1/1
f 1999/1/1 1991/1/1 1998/1/1
f 2002/1/1 1995/1/1 1994/1/1
f 2003/1/1 1995/1/1 2002/1/1
f 2004/1/1 1997/1/1 1996/1/1
f 2005/1/1 1997/1/1 2004/1/1
f 2008/1/1 2001/1/1 2000/1/1
f 2009/1/1 2001/1/1 2008/1/1
f 2012/1/1 2007/1/1 2006/1/1
f 2013/1/1 2007/1/1 2012/1/1
f 2016/1/1 2011/1/1 2010/1/1
f 2017/1/1 2011/1/1 2016/1/1
f 2020/1/1 2015/1/1 2014/1/1
f 2021/1/1 2015/1/1 2020/1/1
f 2023/1/1 2019/1/1 2018/1/1
f 2024/1/1 2019/1/1 2023/1/1
f 2027/1/1 2023/1/1 2022/1/1
f 2028/1/1 2023/1/1 2027/1/1
f 2030/1/1 2026/1/1 2025/1/1
f 2031/1/1 2026/1/1 2030/1/1
f 2033/1/1 2030/1/1 2029/1/1
f 2034/1/1 2030/1/1 2033/1/1
f 2037/1/1 2033/1/1 2032/1/1
f 2038/1/1 2033/1/1 2037/1/1
f 2041/1/1 2036/1/1 2035/1/1
f 2042/1/1 2036/1/1 2041/1/1
f 2043/1/1 2040/1/1 2039/1/1
f 2044/1/1 2040/1/1 2043/1/1
f 2049/1/1 2046/1/1 2045/1/1
f 2050/1/1 2046/1/1 2049/1/1
f 2053/1/1 2048/1/1 2047/1/1
f 2054/1/1 2048/1/1 2053/1/1
f 2057/1/1 2052/1/1 2051/1/1
f 2058/1/1 2052/1/1 2057/1/1
f 2065/1/1 2056/1/1 2055/1/1
f 2066/1/1 2056/1/1 2065/1/1
f 2069/1/1 2060/1/1 2059/1/1
f 2070/1/1 2060/1/1 2069/1/1
f 2071/1/1 2062/1/1 2061/1/1
f 2072/1/1 2062/1/1 2071/1/1
f 2073/1/1 2064/1/1 2063/1/1
f 2074/1/1 2064/1/1 2073/1/1
f 2077/1/1 2068/1/1 2067/1/1
f 2078/1/1 2068/1/1 2077/1/1
f 2081/1/1 2076/1/1 2075/1/1
f 2082/1/1 2076/1/1 2081/1/1
f 2085/1/1 2080/1/1 2079/1/1
f 2086/1/1 2080/1/1 2085/1/1
f 2088/1/1 2084/1/1 2083/1/1
f 2089/1/1 2084/1/1 2088/1/1
f 2091/1/1 2088/1/1 2087/1/1
f 2092/1/1 2088/1/1 2091/1/1
f 2095/1/1 2091/1/1 2090/1/1
f 2096/1/1 2091/1/1 2095/1/1
f 2098/1/1 2094/1/1 2093/1/1
f 2099/1/1 2094/1/1 2098/1/1
f 2102/1/1 2098/1/1 2097/1/1
f 2103/1/1 2098/1/1 2102/1/1
f 2106/1/1 2101/1/1 2100/1/1
f 2107/1/1 2101/1/1 2106/1/1
f 2110/1/1 2105/1/1 2104/1/1
f 2111/1/1 2105/1/1 2110/1/1
f 2112/1/1 2109/1/1 2108/1/1
f 2113/1/1 2109/1/1 2112/1/1
f 2118/1/1 2115/1/1 2114/1/1
f 2119/1/1 2115/1/1 2118/1/1
f 2122/1/1 2117/1/1 2116/1/1
f 2123/1/1 2117/1/1 2122/1/1
f 2126/1/1 2121/1/1 2120/1/1
f 2127/1/1 2121/1/1 2126/1/1
f 2132/1/1 2125/1/1 2124/1/1
f 2133/1/1 2125/1/1 2132/1/1
f 2136/1/1 2129/1/1 2128/1/1
f 2137/1/1 2129/1/1 2136/1/1
f 2138/1/1 2131/1/1 2130/1/1
f 2139/1/1 2131/1/1 2138/1/1
f 2142/1/1 2135/1/1 2134/1/1
f 2143/1/1 2135/1/1 2142/1/1
f 2146/1/1 2141/1/1 2140/1/1
f 2147/1/1 2141/1/1 2146/1/1
f 2149/1/1 2145/1/1 2144/1/1
f 2150/1/1 2145/1/1 2149/1/1
f 2152/1/1 2149/1/1 2148/1/1
f 2153/1/1 2149/1/1 2152/1/1
f 2156/1/1 2152/1/1 2151/1/1
f 2157/1/1 2152/1/1 2156/1/1
f 2159/1/1 2155/1/1 2154/1/1
f 2160/1/1 2155/1/1 2159/1/1
f 2162/1/1 2159/1/1 2158/1/1
f 2163/1/1 2159/1/1 2162/1/1
f 2166/1/1 2162/1/1 2161/1/1
f 2167/1/1 2162/1/1 2166/1/1
f 2170/1/1 2165/1/1 2164/1/1
f 2171/1/1 2165/1/1 2170/1/1
f 2174/1/1 2169/1/1 2168/1/1
f 2175/1/1 2169/1/1 2174/1/1
f 2176/1/1 2173/1/1 2172/1/1
f 2177/1/1 2173/1/1 2176/1/1
f 2182/1/1 2179/1/1 2178/1/1
f 2183/1/1 2179/1/1 2182/1/1
f 2186/1/1 2181/1/1 2180/1/1
f 2187/1/1 2181/1/1 2186/1/1
f 2190/1/1 2185/1/1 2184/1/1
f 2191/1/1 2185/1/1 2190/1/1
f 2194/1/1 2189/1/1 2188/1/1
f 2195/1/1 2189/1/1 2194/1/1
f 2200/1/1 2193/1/1 2192/1/1
f 2201/1/1 2193/1/1 2200/1/1
f 2204/1/1 2197/1/1 2196/1/1
f 2205/1/1 2197/1/1 2204/1/1
f 2206/1/1 2199/1/1 2198/1/1
f 2207/1/1 2199/1/1 2206/1/1
f 2210/1/1 2203/1/1 2202/1/1
f 2211/1/1 2203/1/1 2210/1/1
f 2214/1/1 2209/1/1 2208/1/1
f 2215/1/1 2209/1/1 2214/1/1
f 2218/1/1 2213/1/1 2212/1/1
f 2219/1/1 2213/1/1 2218/1/1
f 2221/1/1 2217/1/1 2216/1/1
f 2222/1/1 2217/1/1 2221/1/1
f 2224/1/1 2221/1/1 2220/1/1
f 2225/1/1 2221/1/1 2224/1/1
f 2228/1/1 2224/1/1 2223/1/1
f 2229/1/1 2224/1/1 2228/1/1
f 2232/1/1 2227/1/1 2226/1/1
f 2233/1/1 2227/1/1 2232/1/1
f 2235/1/1 2231/1/1 2230/1/1
f 2236/1/1 2231/1/1 2235/1/1
f 2239/1/1 2235/1/1 2234/1/1
f 2240/1/1 2235/1/1 2239/1/1
f 2241/1/1 2238/1/1 2237/1/1
f 2242/1/1 2238/1/1 2241/1/1
f 2247/1/1 2244/1/1 2243/1/1
f 2248/1/1 2244/1/1 2247/1/1
f 2251/1/1 2246/1/1 2245/1/1
f 2252/1/1 2246/1/1 2251/1/1
f 2255/1/1 2250/1/1 2249/1/1
f 2256/1/1 2250/1/1 2255/1/1
f 2259/1/1 2254/1/1 2253/1/1
f 2260/1/1 2254/1/1 2259/1/1
f 2267/1/1 2258/1/1 2257/1/1
f 2268/1/1 2258/1/1 2267/1/1
f 2271/1/1 2262/1/1 2261/1/1
f 2272/1/1 2262/1/1 2271/1/1
f 2273/1/1 2264/1/1 2263/1/1
f 2274/1/1 2264/1/1 2273/1/1
f 2275/1/1 2266/1/1 2265/1/1
f 2276/1/1 2266/1/1 2275/1/1
f 2279/1/1 2270/1/1 2269/1/1
f 2280/1/1 2270/1/1 2279/1/1
f 2283/1/1 2278/1/1 2277/1/1
f 2284/1/1 2278/1/1 2283/1/1
f 2286/1/1 2282/1/1 2281/1/1
f 2287/1/1 2282/1/1 2286/1/1
f 2289/1/1 2286/1/1 2285/1/1
f 2290/1/1 2286/1/1 2289/1/1
f 2293/1/1 2289/1/1 2288/1/1
f 2294/1/1 2289/1/1 2293/1/1
f 2297/1/1 2292/1/1 2291/1/1
f 2298/1/1 2292/1/1 2297/1/1
f 2300/1/1 2296/1/1 2295/1/1
f 2301/1/1 2296/1/1 2300/1/1
f 2303/1/1 2300/1/1 2299/1/1
f 2304/1/1 2300/1/1 2303/1/1
f 2307/1/1 2303/1/1 2302/1/1
f 2308/1/1 2303/1/1 2307/1/1
f 2309/1/1 2306/1/1 2305/1/1
f 2310/1/1 2306/1/1 2309/1/1
f 2315/1/1 2312/1/1 2311/1/1
f 2316/1/1 2312/1/1 2315/1/1
f 2319/1/1 2314/1/1 2313/1/1
f 2320/1/1 2314/1/1 2319/1/1
f 2323/1/1 2318/1/1 2317/1/1
f 2324/1/1 2318/1/1 2323/1/1
f 2327/1/1 2322/1/1 2321/1/1
f 2328/1/1 2322/1/1 2327/1/1
f 2333/1/1 2326/1/1 2325/1/1
f 2334/1/1 2326/1/1 2333/1/1
f 2337/1/1 2330/1/1 2329/1/1
f 2338/1/1 2330/1/1 2337/1/1
f 2341/1/1 2332/1/1 2331/1/1
f 2342/1/1 2332/1/1 2341/1/1
f 2345/1/1 2336/1/1 2335/1/1
f 2346/1/1 2336/1/1 2345/1/1
f 2347/1/1 2340/1/1 2339/1/1
f 2348/1/1 2340/1/1 2347/1/1
f 2351/1/1 2344/1/1 2343/1/1
f 2352/1/1 2344/1/1 2351/1/1
f 2355/1/1 2350/1/1 2349/1/1
f 2356/1/1 2350/1/1 2355/1/1
f 2359/1/1 2354/1/1 2353/1/1
f 2360/1/1 2354/1/1 2359/1/1
f 2362/1/1 2358/1/1 2357/1/1
f 2363/1/1 2358/1/1 2362/1/1
f 2365/1/1 2362/1/1 2361/1/1
f 2366/1/1 2362/1/1 2365/1/1
f 2368/1/1 2365/1/1 2364/1/1
f 2369/1/1 2365/1/1 2368/1/1
f 2372/1/1 2368/1/1 2367/1/1
f 2373/1/1 2368/1/1 2372/1/1
f 2376/1/1 2371/1/1 2370/1/1
f 2377/1/1 2371/1/1 2376/1/1
f 2378/1/1 2375/1/1 2374/1/1
f 2379/1/1 2375/1/1 2378/1/1
f 2384/1/1 2381/1/1 2380/1/1
f 2385/1/1 2381/1/1 2384/1/1
f 2388/1/1 2383/1/1 2382/1/1
f 2389/1/1 2383/1/1 2388/1/1
f 2392/1/1 2387/1/1 2386/1/1
f 2393/1/1 2387/1/1 2392/1/1
f 2396/1/1 2391/1/1 2390/1/1
f 2397/1/1 2391/1/1 2396/1/1
f 2400/1/1 2395/1/1 2394/1/1
f 2401/1/1 2395/1/1 2400/1/1
f 2408/1/1 2399/1/1 2398/1/1
f 2409/1/1 2399/1/1 2408/1/1
f 2412/1/1 2403/1/1 2402/1/1
f 2413/1/1 2403/1/1 2412/1/1
f 2414/1/1 2405/1/1 2404/1/1
f 2415/1/1 2405/1/1 2414/1/1
f 2416/1/1 2407/1/1 2406/1/1
f 2417/1/1 2407/1/1 2416/1/1
f 2420/1/1 2411/1/1 2410/1/1
f 2421/1/1 2411/1/1 2420/1/1
f 2424/1/1 2419/1/1 2418/1/1
f 2425/1/1 2419/1/1 2424/1/1
f 2427/1/1 2423/1/1 2422/1/1
f 2428/1/1 2423/1/1 2427/1/1
f 2430/1/1 2427/1/1 2426/1/1
f 2431/1/1 2427/1/1 2430/1/1
f 2434/1/1 2430/1/1 2429/1/1
f 2435/1/1 2430/1/1 2434/1/1
f 2438/1/1 2433/1/1 2432/1/1
f 2439/1/1 2433/1/1 2438/1/1
f 2442/1/1 2437/1/1 2436/1/1
f 2443/1/1 2437/1/1 2442/1/1
f 2446/1/1 2441/1/1 2440/1/1
f 2447/1/1 2441/1/1 2446/1/1
f 2448/1/1 2445/1/1 2444/1/1
f 2449/1/1 2445/1/1 2448/1/1
f 2454/1/1 2451/1/1 2450/1/1
f 2455/1/1 2451/1/1 2454/1/1
f 2458/1/1 2453/1/1 2452/1/1
f 2459/1/1 2453/1/1 2458/1/1
f 2462/1/1 2457/1/1 2456/1/1
f 2463/1/1 2457/1/1 2462/1/1
f 2466/1/1 2461/1/1 2460/1/1
f 2467/1/1 2461/1/1 2466/1/1
f 2470/1/1 2465/1/1 2464/1/1
f 2471/1/1 2465/1/1 2470/1/1
f 2476/1/1 2469/1/1 2468/1/1
f 2477/1/1 2469/1/1 2476/1/1
f 2480/1/1 2473/1/1 2472/1/1
f 2481/1/1 2473/1/1 2480/1/1
f 2482/1/1 2475/1/1 2474/1/1
f 2483/1/1 2475/1/1 2482/1/1
f 2486/1/1 2479/1/1 2478/1/1
f 2487/1/1 2479/1/1 2486/1/1
f 2490/1/1 2485/1/1 2484/1/1
f 2491/1/1 2485/1/1 2490/1/1
f 2493/1/1 2489/1/1 2488/1/1
f 2494/1/1 2489/1/1 2493/1/1
f 2496/1/1 2493/1/1 2492/1/1
f 2497/1/1 2493/1/1 2496/1/1
f 2499/1/1 2496/1/1 2495/1/1
f 2500/1/1 2496/1/1 2499/1/1
f 2502/1/1 2499/1/1 2498/1/1
f 2503/1/1 2499/1/1 2502/1/1
f 2505/1/1 2502/1/1 2501/1/1
f 2506/1/1 2502/1/1 2505/1/1
f 2509/1/1 2505/1/1 2504/1/1
f 2510/1/1 2505/1/1 2509/1/1
f 2511/1/1 2508/1/1 2507/1/1
f 2512/1/1 2508/1/1 2511/1/1
f 2517/1/1 2514/1/1 2513/1/1
f 2518/1/1 2514/1/1 2517/1/1
f 2521/1/1 2516/1/1 2515/1/1
f 2522/1/1 2516/1/1 2521/1/1
f 2525/1/1 2520/1/1 2519/1/1
f 2526/1/1 2520/1/1 2525/1/1
f 2529/1/1 2524/1/1 2523/1/1
f 2530/1/1 2524/1/1 2529/1/1
f 2533/1/1 2528/1/1 2527/1/1
f 2534/1/1 2528/1/1 2533/1/1
f 2537/1/1 2532/1/1 2531/1/1
f 2538/1/1 2532/1/1 2537/1/1
f 2543/1/1 2536/1/1 2535/1/1
f 2544/1/1 2536/1/1 2543/1/1
f 2547/1/1 2540/1/1 2539/1/1
f 2548/1/1 2540/1/1 2547/1/1
f 2549/1/1 2542/1/1 2541/1/1
f 2550/1/1 2542/1/1 2549/1/1
f 2553/1/1 2546/1/1 2545/1/1
f 2554/1/1 2546/1/1 2553/1/1
f 2556/1/1 2552/1/1 2551/1/1
f 2557/1/1 2552/1/1 2556/1/1
f 2560/1/1 2556/1/1 2555/1/1
f 2561/1/1 2556/1/1 2560/1/1
f 2564/1/1 2559/1/1 2558/1/1
f 2565/1/1 2559/1/1 2564/1/1
f 2568/1/1 2563/1/1 2562/1/1
f 2569/1/1 2563/1/1 2568/1/1
f 2572/1/1 2567/1/1 2566/1/1
f 2573/1/1 2567/1/1 2572/1/1
f 2576/1/1 2571/1/1 2570/1/1
f 2577/1/1 2571/1/1 2576/1/1
f 2578/1/1 2575/1/1 2574/1/1
f 2579/1/1 2575/1/1 2578/1/1
f 2584/1/1 2581/1/1 2580/1/1
f 2585/1/1 2581/1/1 2584/1/1
f 2588/1/1 2583/1/1 2582/1/1
f 2589/1/1 2583/1/1 2588/1/1
f 2592/1/1 2587/1/1 2586/1/1
f 2593/1/1 2587/1/1 2592/1/1
f 2596/1/1 2591/1/1 2590/1/1
f 2597/1/1 2591/1/1 2596/1/1
f 2600/1/1 2595/1/1 2594/1/1
f 2601/1/1 2595/1/1 2600/1/1
f 2606/1/1 2599/1/1 2598/1/1
f 2607/1/1 2599/1/1 2606/1/1
f 2610/1/1 2603/1/1 2602/1/1
f 2611/1/1 2603/1/1 2610/1/1
f 2612/1/1 2605/1/1 2604/1/1
f 2613/1/1 2605/1/1 2612/1/1
f 2616/1/1 2609/1/1 2608/1/1
f 2617/1/1 2609/1/1 2616/1/1
f 2619/1/1 2615/1/1 2614/1/1
f 2620/1/1 2615/1/1 2619/1/1
f 2623/1/1 2619/1/1 2618/1/1
f 2624/1/1 2619/1/1 2623/1/1
f 2626/1/1 2622/1/1 2621/1/1
f 2627/1/1 2622/1/1 2626/1/1
f 2629/1/1 2626/1/1 2625/1/1
f 2630/1/1 2626/1/1 2629/1/1
f 2633/1/1 2629/1/1 2628/1/1
f 2634/1/1 2629/1/1 2633/1/1
f 2637/1/1 2632/1/1 2631/1/1
f 2638/1/1 2632/1/1 2637/1/1
f 2639/1/1 2636/1/1 2635/1/1
f 2640/1/1 2636/1/1 2639/1/1
f 2645/1/1 2642/1/1 2641/1/1
f 2646/1/1 2642/1/1 2645/1/1
f 2649/1/1 2644/1/1 2643/1/1
f 2650/1/1 2644/1/1 2649/1/1
f 2653/1/1 2648/1/1 2647/1/1
f 2654/1/1 2648/1/1 2653/1/1
f 2657/1/1 2652/1/1 2651/1/1
f 2658/1/1 2652/1/1 2657/1/1
f 2661/1/1 2656/1/1 2655/1/1
f 2662/1/1 2656/1/1 2661/1/1
f 2665/1/1 2660/1/1 2659/1/1
f 2666/1/1 2660/1/1 2665/1/1
f 2669/1/1 2664/1/1 2663/1/1
f 2670/1/1 2664/1/1 2669/1/1
f 2673/1/1 2668/1/1 2667/1/1
f 2674/1/1 2668/1/1 2673/1/1
f 2677/1/1 2672/1/1 2671/1/1
f 2678/1/1 2672/1/1 2677/1/1
f 2681/1/1 2676/1/1 2675/1/1
f 2682/1/1 2676/1/1 2681/1/1
f 2685/1/1 2680/1/1 2679/1/1
f 2686/1/1 2680/1/1 2685/1/1
f 2689/1/1 2684/1/1 2683/1/1
f 2690/1/1 2684/1/1 2689/1/1
f 2693/1/1 2688/1/1 2687/1/1
f 2694/1/1 2688/1/1 2693/1/1
f 2697/1/1 2692/1/1 2691/1/1
f 2698/1/1 2692/1/1 2697/1/1
f 2699/1/1 2696/1/1 2695/1/1
f 2700/1/1 2696/1/1 2699/1/1
f 2705/1/1 2702/1/1 2701/1/1
f 2706/1/1 2702/1/1 2705/1/1
f 2709/1/1 2704/1/1 2703/1/1
f 2710/1/1 2704/1/1 2709/1/1
f 2713/1/1 2708/1/1 2707/1/1
f 2714/1/1 2708/1/1 2713/1/1
f 2717/1/1 2712/1/1 2711/1/1
f 2718/1/1 2712/1/1 2717/1/1
f 2721/1/1 2716/1/1 2715/1/1
f 2722/1/1 2716/1/1 2721/1/1
f 2725/1/1 2720/1/1 2719/1/1
f 2726/1/1 2720/1/1 2725/1/1
f 2729/1/1 2724/1/1 2723/1/1
f 2730/1/1 2724/1/1 2729/1/1
f 2733/1/1 2728/1/1 2727/1/1
f 2734/1/1 2728/1/1 2733/1/1
f 2737/1/1 2732/1/1 2731/1/1
f 2738/1/1 2732/1/1 2737/1/1
f 2741/1/1 2736/1/1 2735/1/1
f 2742/1/1 2736/1/1 2741/1/1
f 2745/1/1 2740/1/1 2739/1/1
f 2746/1/1 2740/1/1 2745/1/1
f 2748/1/1 2744/1/1 2743/1/1
f 2749/1/1 2744/1/1 2748/1/1
f 2752/1/1 2748/1/1 2747/1/1
f 2753/1/1 2748/1/1 2752/1/1
f 2756/1/1 2751/1/1 2750/1/1
f 2757/1/1 2751/1/1 2756/1/1
f 2758/1/1 2755/1/1 2754/1/1
f 2759/1/1 2755/1/1 2758/1/1
f 2764/1/1 2761/1/1 2760/1/1
f 2765/1/1 2761/1/1 2764/1/1
f 2768/1/1 2763/1/1 2762/1/1
f 2769/1/1 2763/1/1 2768/1/1
f 2772/1/1 2767/1/1 2766/1/1
f 2773/1/1 2767/1/1 2772/1/1
f 2776/1/1 2771/1/1 2770/1/1
f 2777/1/1 2771/1/1 2776/1/1
f 2780/1/1 2775/1/1 2774/1/1
f 2781/1/1 2775/1/1 2780/1/1
f 2784/1/1 2779/1/1 2778/1/1
f 2785/1/1 2779/1/1 2784/1/1
f 2788/1/1 2783/1/1 2782/1/1
f 2789/1/1 2783/1/1 2788/1/1
f 2792/1/1 2787/1/1 2786/1/1
f 2793/1/1 2787/1/1 2792/1/1
f 2796/1/1 2791/1/1 2790/1/1
f 2797/1/1 2791/1/1 2796/1/1
f 2800/1/1 2795/1/1 2794/1/1
f 2801/1/1 2795/1/1 2800/1/1
f 2804/1/1 2799/1/1 2798/1/1
f 2805/1/1 2799/1/1 2804/1/1
f 2807/1/1 2803/1/1 2802/1/1
f 2808/1/1 2803/1/1 2807/1/1
f 2811/1/1 2807/1/1 2806/1/1
f 2812/1/1 2807/1/1 2811/1/1
f 2815/1/1 2810/1/1 2809/1/1
f 2816/1/1 2810/1/1 2815/1/1
f 2817/1/1 2814/1/1 2813/1/1
f 2818/1/1 2814/1/1 2817/1/1
f 2823/1/1 2820/1/1 2819/1/1
f 2824/1/1 2820/1/1 2823/1/1
f 2827/1/1 2822/1/1 2821/1/1
f 2828/1/1 2822/1/1 2827/1/1
f 2831/1/1 2826/1/1 2825/1/1
f 2832/1/1 2826/1/1 2831/1/1
f 2835/1/1 2830/1/1 2829/1/1
f 2836/1/1 2830/1/1 2835/1/1
f 2839/1/1 2834/1/1 2833/1/1
f 2840/1/1 2834/1/1 2839/1/1
f 2843/1/1 2838/1/1 2837/1/1
f 2844/1/1 2838/1/1 2843/1/1
f 2847/1/1 2842/1/1 2841/1/1
f 2848/1/1 2842/1/1 2847/1/1
f 2851/1/1 2846/1/1 2845/1/1
f 2852/1/1 2846/1/1 2851/1/1
f 2855/1/1 2850/1/1 2849/1/1
f 2856/1/1 2850/1/1 2855/1/1
f 2859/1/1 2854/1/1 2853/1/1
f 2860/1/1 2854/1/1 2859/1/1
f 2862/1/1 2858/1/1 2857/1/1
f 2863/1/1 2858/1/1 2862/1/1
f 2865/1/1 2862/1/1 2861/1/1
f 2866/1/1 2862/1/1 2865/1/1
f 2869/1/1 2865/1/1 2864/1/1
f 2870/1/1 2865/1/1 2869/1/1
f 2873/1/1 2868/1/1 2867/1/1
f 2874/1/1 2868/1/1 2873/1/1
f 2875/1/1 2872/1/1 2871/1/1
f 2876/1/1 2872/1/1 2875/1/1
f 2881/1/1 2878/1/1 2877/1/1
f 2882/1/1 2878/1/1 2881/1/1
f 2885/1/1 2880/1/1 2879/1/1
f 2886/1/1 2880/1/1 2885/1/1
f 2889/1/1 2884/1/1 2883/1/1
f 2890/1/1 2884/1/1 2889/1/1
f 2893/1/1 2888/1/1 2887/1/1
f 2894/1/1 2888/1/1 2893/1/1
f 2897/1/1 2892/1/1 2891/1/1
f 2898/1/1 2892/1/1 2897/1/1
f 2901/1/1 2896/1/1 2895/1/1
f 2902/1/1 2896/1/1 2901/1/1
f 2905/1/1 2900/1/1 2899/1/1
f 2906/1/1 2900/1/1 2905/1/1
f 2909/1/1 2904/1/1 2903/1/1
f 2910/1/1 2904/1/1 2909/1/1
f 2913/1/1 2908/1/1 2907/1/1
f 2914/1/1 2908/1/1 2913/1/1
f 2917/1/1 2912/1/1 2911/1/1
f 2918/1/1 2912/1/1 2917/1/1
f 2921/1/1 2916/1/1 2915/1/1
f 2922/1/1 2916/1/1 2921/1/1
f 2925/1/1 2920/1/1 2919/1/1
f 2926/1/1 2920/1/1 2925/1/1
f 2929/1/1 2924/1/1 2923/1/1
f 2930/1/1 2924/1/1 2929/1/1
f 2933/1/1 2928/1/1 2927/1/1
f 2934/1/1 2928/1/1 2933/1/1
f 2935/1/1 2932/1/1 2931/1/1
f 2936/1/1 2932/1/1 2935/1/1
f 2941/1/1 2938/1/1 2937/1/1
f 2942/1/1 2938/1/1 2941/1/1
f 2945/1/1 2940/1/1 2939/1/1
f 2946/1/1 2940/1/1 2945/1/1
f 2949/1/1 2944/1/1 2943/1/1
f 2950/1/1 2944/1/1 2949/1/1
f 2953/1/1 2948/1/1 2947/1/1
f 2954/1/1 2948/1/1 2953/1/1
f 2957/1/1 2952/1/1 2951/1/1
f 2958/1/1 2952/1/1 2957/1/1
f 2961/1/1 2956/1/1 2955/1/1
f 2962/1/1 2956/1/1 2961/1/1
f 2965/1/1 2960/1/1 2959/1/1
f 2966/1/1 2960/1/1 2965/1/1
f 2969/1/1 2964/1/1 2963/1/1
f 2970/1/1 2964/1/1 2969/1/1
f 2973/1/1 2968/1/1 2967/1/1
f 2974/1/1 2968/1/1 2973/1/1
f 2977/1/1 2972/1/1 2971/1/1
f 2978/1/1 2972/1/1 2977/1/1
f 2981/1/1 2976/1/1 2975/1/1
f 2982/1/1 2976/1/1 2981/1/1
f 2985/1/1 2980/1/1 2979/1/1
f 2986/1/1 2980/1/1 2985/1/1
f 2989/1/1 2984/1/1 2983/1/1
f 2990/1/1 2984/1/1 2989/1/1
f 2993/1/1 2988/1/1 2987/1/1
f 2994/1/1 2988/1/1 2993/1/1
f 2995/1/1 2992/1/1 2991/1/1
f 2996/1/1 2992/1/1 2995/1/1
f 3001/1/1 2998/1/1 2997/1/1
f 3002/1/1 2998/1/1 3001/1/1
f 3005/1/1 3000/1/1 2999/1/1
f 3006/1/1 3000/1/1 3005/1/1
f 3009/1/1 3004/1/1 3003/1/1
f 3010/1/1 3004/1/1 3009/1/1
f 3013/1/1 3008/1/1 3007/1/1
f 3014/1/1 3008/1/1 3013/1/1
f 3017/1/1 3012/1/1 3011/1/1
f 3018/1/1 3012/1/1 3017/1/1
f 3021/1/1 3016/1/1 3015/1/1
f 3022/1/1 3016/1/1 3021/1/1
f 3025/1/1 3020/1/1 3019/1/1
f 3026/1/1 3020/1/1 3025/1/1
f 3029/1/1 3024/1/1 3023/1/1
f 3030/1/1 3024/1/1 3029/1/1
f 3033/1/1 3028/1/1 3027/1/1
f 3034/1/1 3028/1/1 3033/1/1
f 3037/1/1 3032/1/1 3031/1/1
f 3038/1/1 3032/1/1 3037/1/1
f 3041/1/1 3036/1/1 3035/1/1
f 3042/1/1 3036/1/1 3041/1/1
f 3045/1/1 3040/1/1 3039/1/1
f 3046/1/1 3040/1/1 3045/1/1
f 3049/1/1 3044/1/1 3043/1/1
f 3050/1/1 3044/1/1 3049/1/1
f 3051/1/1 3048/1/1 3047/1/1
f 3052/1/1 3048/1/1 3051/1/1
f 3057/1/1 3054/1/1 3053/1/1
f 3058/1/1 3054/1/1 3057/1/1
f 3061/1/1 3056/1/1 3055/1/1
f 3062/1/1 3056/1/1 3061/1/1
f 3065/1/1 3060/1/1 3059/1/1
f 3066/1/1 3060/1/1 3065/1/1
f 3069/1/1 3064/1/1 3063/1/1
f 3070/1/1 3064/1/1 3069/1/1
f 3073/1/1 3068/1/1 3067/1/1
f 3074/1/1 3068/1/1 3073/1/1
f 3077/1/1 3072/1/1 3071/1/1
f 3078/1/1 3072/1/1 3077/1/1
f 3081/1/1 3076/1/1 3075/1/1
f 3082/1/1 3076/1/1 3081/1/1
f 3085/1/1 3080/1/1 3079/1/1
f 3086/1/1 3080/1/1 3085/1/1
f 3089/1/1 3084/1/1 3083/1/1
f 3090/1/1 3084/1/1 3089/1/1
f 3093/1/1 3088/1/1 3087/1/1
f 3094/1/1 3088/1/1 3093/1/1
f 3097/1/1 3092/1/1 3091/1/1
f 3098/1/1 3092/1/1 3097/1/1
f 3099/1/1 3096/1/1 3095/1/1
f 3100/1/1 3096/1/1 3099/1/1
f 3105/1/1 3102/1/1 3101/1/1
f 3106/1/1 3102/1/1 3105/1/1
f 3109/1/1 3104/1/1 3103/1/1
f 3110/1/1 3104/1/1 3109/1/1
f 3113/1/1 3108/1/1 3107/1/1
f 3114/1/1 3108/1/1 3113/1/1
f 3117/1/1 3112/1/1 3111/1/1
f 3118/1/1 3112/1/1 3117/1/1
f 3121/1/1 3116/1/1 3115/1/1
f 3122/1/1 3116/1/1 3121/1/1
f 3125/1/1 3120/1/1 3119/1/1
f 3126/1/1 3120/1/1 3125/1/1
f 3129/1/1 3124/1/1 3123/1/1
f 3130/1/1 3124/1/1 3129/1/1
f 3133/1/1 3128/1/1 3127/1/1
f 3134/1/1 3128/1/1 3133/1/1
f 3137/1/1 3132/1/1 3131/1/1
f 3138/1/1 3132/1/1 3137/1/1
f 3141/1/1 3136/1/1 3135/1/1
f 3142/1/1 3136/1/1 3141/1/1
f 3145/1/1 3140/1/1 3139/1/1
f 3146/1/1 3140/1/1 3145/1/1
f 3149/1/1 3144/1/1 3143/1/1
f 3150/1/1 3144/1/1 3149/1/1
f 3153/1/1 3148/1/1 3147/1/1
f 3154/1/1 3148/1/1 3153/1/1
f 3157/1/1 3152/1/1 3151/1/1
f 3158/1/1 3152/1/1 3157/1/1
f 3159/1/1 3156/1/1 3155/1/1
f 3160/1/1 3156/1/1 3159/1/1
f 3163/1/1 3162/1/1 3161/1/1
f 3164/1/1 3162/1/1 3163/1/1
f 3169/1/1 3166/1/1 3165/1/1
f 3170/1/1 3166/1/1 3169/1/1
f 3173/1/1 3168/1/1 3167/1/1
f 3174/1/1 3168/1/1 3173/1/1
f 3177/1/1 3172/1/1 3171/1/1
f 3178/1/1 3172/1/1 3177/1/1
f 3181/1/1 3176/1/1 3175/1/1
f 3182/1/1 3176/1/1 3181/1/1
f 3185/1/1 3180/1/1 3179/1/1
f 3186/1/1 3180/1/1 3185/1/1
f 3189/1/1 3184/1/1 3183/1/1
f 3190/1/1 3184/1/1 3189/1/1
f 3193/1/1 3188/1/1 3187/1/1
f 3194/1/1 3188/1/1 3193/1/1
f 3197/1/1 3192/1/1 3191/1/1
f 3198/1/1 3192/1/1 3197/1/1
f 3199/1/1 3196/1/1 3195/1/1
f 3200/1/1 3196/1/1 3199/1/1
f 3205/1/1 3202/1/1 3201/1/1
f 3206/1/1 3202/1/1 3205/1/1
f 3209/1/1 3204/1/1 3203/1/1
f 3210/1/1 3204/1/1 3209/1/1
f 3213/1/1 3208/1/1 3207/1/1
f 3214/1/1 3208/1/1 3213/1/1
f 3217/1/1 3212/1/1 3211/1/1
f 3218/1/1 3212/1/1 3217/1/1
f 3221/1/1 3216/1/1 3215/1/1
f 3222/1/1 3216/1/1 3221/1/1
f 3225/1/1 3220/1/1 3219/1/1
f 3226/1/1 3220/1/1 3225/1/1
f 3229/1/1 3224/1/1 3223/1/1
f 3230/1/1 3224/1/1 3229/1/1
f 3233/1/1 3228/1/1 3227/1/1
f 3234/1/1 3228/1/1 3233/1/1
f 3237/1/1 3232/1/1 3231/1/1
f 3238/1/1 3232/1/1 3237/1/1
f 3241/1/1 3236/1/1 3235/1/1
f 3242/1/1 3236/1/1 3241/1/1
f 3245/1/1 3240/1/1 3239/1/1
f 3246/1/1 3240/1/1 3245/1/1
f 3249/1/1 3244/1/1 3243/1/1
f 3250/1/1 3244/1/1 3249/1/1
f 3251/1/1 3248/1/1 3247/1/1
f 3252/1/1 3248/1/1 3251/1/1
f 3257/1/1 3254/1/1 3253/1/1
f 3258/1/1 3254/1/1 3257/1/1
f 3261/1/1 3256/1/1 3255/1/1
f 3262/1/1 3256/1/1 3261/1/1
f 3265/1/1 3260/1/1 3259/1/1
f 3266/1/1 3260/1/1 3265/1/1
f 3269/1/1 3264/1/1 3263/1/1
f 3270/1/1 3264/1/1 3269/1/1
f 3273/1/1 3268/1/1 3267/1/1
f 3274/1/1 3268/1/1 3273/1/1
f 3277/1/1 3272/1/1 3271/1/1
f 3278/1/1 3272/1/1 3277/1/1
f 3281/1/1 3276/1/1 3275/1/1
f 3282/1/1 3276/1/1 3281/1/1
f 3285/1/1 3280/1/1 3279/1/1
f 3286/1/1 3280/1/1 3285/1/1
f 3289/1/1 3284/1/1 3283/1/1
f 3290/1/1 3284/1/1 3289/1/1
f 3291/1/1 3288/1/1 3287/1/1
f 3292/1/1 3288/1/1 3291/1/1
f 3295/1/1 3294/1/1 3293/1/1
f 3296/1/1 3294/1/1 3295/1/1
f 3301/1/1 3298/1/1 3297/1/1
f 3302/1/1 3298/1/1 3301/1/1
f 3305/1/1 3300/1/1 3299/1/1
f 3306/1/1 3300/1/1 3305/1/1
f 3309/1/1 3304/1/1 3303/1/1
f 3310/1/1 3304/1/1 3309/1/1
f 3313/1/1 3308/1/1 3307/1/1
f 3314/1/1 3308/1/1 3313/1/1
f 3317/1/1 3312/1/1 3311/1/1
f 3318/1/1 3312/1/1 3317/1/1
f 3321/1/1 3316/1/1 3315/1/1
f 3322/1/1 3316/1/1 3321/1/1
f 3325/1/1 3320/1/1 3319/1/1
f 3326/1/1 3320/1/1 3325/1/1
f 3329/1/1 3324/1/1 3323/1/1
f 3330/1/1 3324/1/1 3329/1/1
f 3333/1/1 3328/1/1 3327/1/1
f 3334/1/1 3328/1/1 3333/1/1
f 3337/1/1 3332/1/1 3331/1/1
f 3338/1/1 3332/1/1 3337/1/1
f 3341/1/1 3336/1/1 3335/1/1
f 3342/1/1 3336/1/1 3341/1/1
f 3343/1/1 3340/1/1 3339/1/1
f 3344/1/1 3340/1/1 3343/1/1
f 3347/1/1 3346/1/1 3345/1/1
f 3348/1/1 3346/1/1 3347/1/1
f 3353/1/1 3350/1/1 3349/1/1
f 3354/1/1 3350/1/1 3353/1/1
f 3357/1/1 3352/1/1 3351/1/1
f 3358/1/1 3352/1/1 3357/1/1
f 3361/1/1 3356/1/1 3355/1/1
f 3362/1/1 3356/1/1 3361/1/1
f 3365/1/1 3360/1/1 3359/1/1
f 3366/1/1 3360/1/1 3365/1/1
f 3369/1/1 3364/1/1 3363/1/1
f 3370/1/1 3364/1/1 3369/1/1
f 3373/1/1 3368/1/1 3367/1/1
f 3374/1/1 3368/1/1 3373/1/1
f 3377/1/1 3372/1/1 3371/1/1
f 3378/1/1 3372/1/1 3377/1/1
f 3379/1/1 3376/1/1 3375/1/1
f 3380/1/1 3376/1/1 3379/1/1
f 3383/1/1 3382/1/1 3381/1/1
f 3384/1/1 3382/1/1 3383/1/1
f 3389/1/1 3386/1/1 3385/1/1
f 3390/1/1 3386/1/1 3389/1/1
f 3393/1/1 3388/1/1 3387/1/1
f 3394/1/1 3388/1/1 3393/1/1
f 3397/1/1 3392/1/1 3391/1/1
f 3398/1/1 3392/1/1 3397/1/1
f 3401/1/1 3396/1/1 3395/1/1
f 3402/1/1 3396/1/1 3401/1/1
f 3405/1/1 3400/1/1 3399/1/1
f 3406/1/1 3400/1/1 3405/1/1
f 3409/1/1 3404/1/1 3403/1/1
f 3410/1/1 3404/1/1 3409/1/1
f 3413/1/1 3408/1/1 3407/1/1
f 3414/1/1 3408/1/1 3413/1/1
f 3417/1/1 3412/1/1 3411/1/1
f 3418/1/1 3412/1/1 3417/1/1
f 3421/1/1 3416/1/1 3415/1/1
f 3422/1/1 3416/1/1 3421/1/1
f 3425/1/1 3420/1/1 3419/1/1
f 3426/1/1 3420/1/1 3425/1/1
f 3429/1/1 3424/1/1 3423/1/1
f 3430/1/1 3424/1/1 3429/1/1
f 3431/1/1 3428/1/1 3427/1/1
f 3432/1/1 3428/1/1 3431/1/1
f 3437/1/1 3434/1/1 3433/1/1
f 3438/1/1 3434/1/1 3437/1/1
f 3439/1/1 3436/1/1 3435/1/1
f 3440/1/1 3436/1/1 3439/1/1
f 3445/1/1 3442/1/1 3441/1/1
f 3446/1/1 3442/1/1 3445/1/1
f 3449/1/1 3444/1/1 3443/1/1
f 3450/1/1 3444/1/1 3449/1/1
f 3453/1/1 3448/1/1 3447/1/1
f 3454/1/1 3448/1/1 3453/1/1
f 3457/1/1 3452/1/1 3451/1/1
f 3458/1/1 3452/1/1 3457/1/1
f 3461/1/1 3456/1/1 3455/1/1
f 3462/1/1 3456/1/1 3461/1/1
f 3465/1/1 3460/1/1 3459/1/1
f 3466/1/1 3460/1/1 3465/1/1
f 3469/1/1 3464/1/1 3463/1/1
f 3470/1/1 3464/1/1 3469/1/1
f 3473/1/1 3468/1/1 3467/1/1
f 3474/1/1 3468/1/1 3473/1/1
f 3477/1/1 3472/1/1 3471/1/1
f 3478/1/1 3472/1/1 3477/1/1
f 3479/1/1 3476/1/1 3475/1/1
f 3480/1/1 3476/1/1 3479/1/1
f 3483/1/1 3482/1/1 3481/1/1
f 3484/1/1 3482/1/1 3483/1/1
f 3489/1/1 3486/1/1 3485/1/1
f 3490/1/1 3486/1/1 3489/1/1
f 3491/1/1 3488/1/1 3487/1/1
f 3492/1/1 3488/1/1 3491/1/1
f 3497/1/1 3494/1/1 3493/1/1
f 3498/1/1 3494/1/1 3497/1/1
f 3501/1/1 3496/1/1 3495/1/1
f 3502/1/1 3496/1/1 3501/1/1
f 3505/1/1 3500/1/1 3499/1/1
f 3506/1/1 3500/1/1 3505/1/1
f 3509/1/1 3504/1/1 3503/1/1
f 3510/1/1 3504/1/1 3509/1/1
f 3513/1/1 3508/1/1 3507/1/1
f 3514/1/1 3508/1/1 3513/1/1
f 3517/1/1 3512/1/1 3511/1/1
f 3518/1/1 3512/1/1 3517/1/1
f 3521/1/1 3516/1/1 3515/1/1
f 3522/1/1 3516/1/1 3521/1/1
f 3525/1/1 3520/1/1 3519/1/1
f 3526/1/1 3520/1/1 3525/1/1
f 3527/1/1 3524/1/1 3523/1/1
f 3528/1/1 3524/1/1 3527/1/1
f 3533/1/1 3530/1/1 3529/1/1
f 3534/1/1 3530/1/1 3533/1/1
f 3537/1/1 3532/1/1 3531/1/1
f 3538/1/1 3532/1/1 3537/1/1
f 3541/1/1 3536/1/1 3535/1/1
f 3542/1/1 3536/1/1 3541/1/1
f 3545/1/1 3540/1/1 3539/1/1
f 3546/1/1 3540/1/1 3545/1/1
f 3549/1/1 3544/1/1 3543/1/1
f 3550/1/1 3544/1/1 3549/1/1
f 3553/1/1 3548/1/1 3547/1/1
f 3554/1/1 3548/1/1 3553/1/1
f 3557/1/1 3552/1/1 3551/1/1
f 3558/1/1 3552/1/1 3557/1/1
f 3561/1/1 3556/1/1 3555/1/1
f 3562/1/1 3556/1/1 3561/1/1
f 3565/1/1 3560/1/1 3559/1/1
f 3566/1/1 3560/1/1 3565/1/1
f 3569/1/1 3564/1/1 3563/1/1
f 3570/1/1 3564/1/1 3569/1/1
f 3573/1/1 3568/1/1 3567/1/1
f 3574/1/1 3568/1/1 3573/1/1
f 3577/1/1 3572/1/1 3571/1/1
f 3578/1/1 3572/1/1 3577/1/1
f 3581/1/1 3576/1/1 3575/1/1
f 3582/1/1 3576/1/1 3581/1/1
f 3583/1/1 3580/1/1 3579/1/1
f 3584/1/1 3580/1/1 3583/1/1
f 3587/1/1 3586/1/1 3585/1/1
f 3588/1/1 3586/1/1 3587/1/1
f 3593/1/1 3590/1/1 3589/1/1
f 3594/1/1 3590/1/1 3593/1/1
f 3597/1/1 3592/1/1 3591/1/1
f 3598/1/1 3592/1/1 3597/1/1
f 3601/1/1 3596/1/1 3595/1/1
f 3602/1/1 3596/1/1 3601/1/1
f 3605/1/1 3600/1/1 3599/1/1
f 3606/1/1 3600/1/1 3605/1/1
f 3609/1/1 3604/1/1 3603/1/1
f 3610/1/1 3604/1/1 3609/1/1
f 3613/1/1 3608/1/1 3607/1/1
f 3614/1/1 3608/1/1 3613/1/1
f 3617/1/1 3612/1/1 3611/1/1
f 3618/1/1 3612/1/1 3617/1/1
f 3621/1/1 3616/1/1 3615/1/1
f 3622/1/1 3616/1/1 3621/1/1
f 3625/1/1 3620/1/1 3619/1/1
f 3626/1/1 3620/1/1 3625/1/1
f 3627/1/1 3624/1/1 3623/1/1
f 3628/1/1 3624/1/1 3627/1/1
f 3633/1/1 3630/1/1 3629/1/1
f 3634/1/1 3630/1/1 3633/1/1
f 3637/1/1 3632/1/1 3631/1/1
f 3638/1/1 3632/1/1 3637/1/1
f 3641/1/1 3636/1/1 3635/1/1
f 3642/1/1 3636/1/1 3641/1/1
f 3645/1/1 3640/1/1 3639/1/1
f 3646/1/1 3640/1/1 3645/1/1
f 3649/1/1 3644/1/1 3643/1/1
f 3650/1/1 3644/1/1 3649/1/1
f 3653/1/1 3648/1/1 3647/1/1
f 3654/1/1 3648/1/1 3653/1/1
f 3657/1/1 3652/1/1 3651/1/1
f 3658/1/1 3652/1/1 3657/1/1
f 3661/1/1 3656/1/1 3655/1/1
f 3662/1/1 3656/1/1 3661/1/1
f 3665/1/1 3660/1/1 3659/1/1
f 3666/1/1 3660/1/1 3665/1/1
f 3669/1/1 3664/1/1 3663/1/1
f 3670/1/1 3664/1/1 3669/1/1
f 3673/1/1 3668/1/1 3667/1/1
f 3674/1/1 3668/1/1 3673/1/1
f 3677/1/1 3672/1/1 3671/1/1
f 3678/1/1 3672/1/1 3677/1/1
f 3681/1/1 3676/1/1 3675/1/1
f 3682/1/1 3676/1/1 3681/1/1
f 3683/1/1 3680/1/1 3679/1/1
f 3684/1/1 3680/1/1 3683/1/1
f 3689/1/1 3686/1/1 3685/1/1
f 3690/1/1 3686/1/1 3689/1/1
f 3693/1/1 3688/1/1 3687/1/1
f 3694/1/1 3688/1/1 3693/1/1
f 3697/1/1 3692/1/1 3691/1/1
f 3698/1/1 3692/1/1 3697/1/1
f 3701/1/1 3696/1/1 3695/1/1
f 3702/1/1 3696/1/1 3701/1/1
f 3705/1/1 3700/1/1 3699/1/1
f 3706/1/1 3700/1/1 3705/1/1
f 3709/1/1 3704/1/1 3703/1/1
f 3710/1/1 3704/1/1 3709/1/1
f 3713/1/1 3708/1/1 3707/1/1
f 3714/1/1 3708/1/1 3713/1/1
f 3717/1/1 3712/1/1 3711/1/1
f 3718/1/1 3712/1/1 3717/1/1
f 3721/1/1 3716/1/1 3715/1/1
f 3722/1/1 3716/1/1 3721/1/1
f 3725/1/1 3720/1/1 3719/1/1
f 3726/1/1 3720/1/1 3725/1/1
f 3729/1/1 3724/1/1 3723/1/1
f 3730/1/1 3724/1/1 3729/1/1
f 3733/1/1 3728/1/1 3727/1/1
f 3734/1/1 3728/1/1 3733/1/1
f 3737/1/1 3732/1/1 3731/1/1
f 3738/1/1 3732/1/1 3737/1/1
f 3739/1/1 3736/1/1 3735/1/1
f 3740/1/1 3736/1/1 3739/1/1
f 3745/1/1 3742/1/1 3741/1/1
f 3746/1/1 3742/1/1 3745/1/1
f 3749/1/1 3744/1/1 3743/1/1
f 3750/1/1 3744/1/1 3749/1/1
f 3753/1/1 3748/1/1 3747/1/1
f 3754/1/1 3748/1/1 3753/1/1
f 3757/1/1 3752/1/1 3751/1/1
f 3758/1/1 3752/1/1 3757/1/1
f 3761/1/1 3756/1/1 3755/1/1
f 3762/1/1 3756/1/1 3761/1/1
f 3765/1/1 3760/1/1 3759/1/1
f 3766/1/1 3760/1/1 3765/1/1
f 3769/1/1 3764/1/1 3763/1/1
f 3770/1/1 3764/1/1 3769/1/1
f 3773/1/1 3768/1/1 3767/1/1
f 3774/1/1 3768/1/1 3773/1/1
f 3777/1/1 3772/1/1 3771/1/1
f 3778/1/1 3772/1/1 3777/1/1
f 3781/1/1 3776/1/1 3775/1/1
f 3782/1/1 3776/1/1 3781/1/1
f 3785/1/1 3780/1/1 3779/1/1
f 3786/1/1 3780/1/1 3785/1/1
f 3789/1/1 3784/1/1 3783/1/1
f 3790/1/1 3784/1/1 3789/1/1
f 3793/1/1 3788/1/1 3787/1/1
f 3794/1/1 3788/1/1 3793/1/1
f 3795/1/1 3792/1/1 3791/1/1
f 3796/1/1 3792/1/1 3795/1/1
f 3801/1/1 3798/1/1 3797/1/1
f 3802/1/1 3798/1/1 3801/1/1
f 3805/1/1 3800/1/1 3799/1/1
f 3806/1/1 3800/1/1 3805/1/1
f 3809/1/1 3804/1/1 3803/1/1
f 3810/1/1 3804/1/1 3809/1/1
f 3813/1/1 3808/1/1 3807/1/1
f 3814/1/1 3808/1/1 3813/1/1
f 3817/1/1 3812/1/1 3811/1/1
f 3818/1/1 3812/1/1 3817/1/1
f 3821/1/1 3816/1/1 3815/1/1
f 3822/1/1 3816/1/1 3821/1/1
f 3825/1/1 3820/1/1 3819/1/1
f 3826/1/1 3820/1/1 3825/1/1
f 3829/1/1 3824/1/1 3823/1/1
f 3830/1/1 3824/1/1 3829/1/1
f 3833/1/1 3828/1/1 3827/1/1
f 3834/1/1 3828/1/1 3833/1/1
f 3837/1/1 3832/1/1 3831/1/1
f 3838/1/1 3832/1/1 3837/1/1
f 3841/1/1 3836/1/1 3835/1/1
f 3842/1/1 3836/1/1 3841/1/1
f 3845/1/1 3840/1/1 3839/1/1
f 3846/1/1 3840/1/1 3845/1/1
f 3849/1/1 3844/1/1 3843/1/1
f 3850/1/1 3844/1/1 3849/1/1
f 3851/1/1 3848/1/1 3847/1/1
f 3852/1/1 3848/1/1 3851/1/1
f 3857/1/1 3854/1/1 3853/1/1
f 3858/1/1 3854/1/1 3857/1/1
f 3861/1/1 3856/1/1 3855/1/1
f 3862/1/1 3856/1/1 3861/1/1
f 3865/1/1 3860/1/1 3859/1/1
f 3866/1/1 3860/1/1 3865/1/1
f 3869/1/1 3864/1/1 3863/1/1
f 3870/1/1 3864/1/1 3869/1/1
f 3873/1/1 3868/1/1 3867/1/1
f 3874/1/1 3868/1/1 3873/1/1
f 3877/1/1 3872/1/1 3871/1/1
f 3878/1/1 3872/1/1 3877/1/1
f 3881/1/1 3876/1/1 3875/1/1
f 3882/1/1 3876/1/1 3881/1/1
f 3885/1/1 3880/1/1 3879/1/1
f 3886/1/1 3880/1/1 3885/1/1
f 3889/1/1 3884/1/1 3883/1/1
f 3890/1/1 3884/1/1 3889/1/1
f 3893/1/1 3888/1/1 3887/1/1
f 3894/1/1 3888/1/1 3893/1/1
f 3897/1/1 3892/1/1 3891/1/1
f 3898/1/1 3892/1/1 3897/1/1
f 3901/1/1 3896/1/1 3895/1/1
f 3902/1/1 3896/1/1 3901/1/1
f 3905/1/1 3900/1/1 3899/1/1
f 3906/1/1 3900/1/1 3905/1/1
f 3907/1/1 3904/1/1 3903/1/1
f 3908/1/1 3904/1/1 3907/1/1
f 3913/1/1 3910/1/1 3909/1/1
f 3914/1/1 3910/1/1 3913/1/1
f 3917/1/1 3912/1/1 3911/1/1
f 3918/1/1 3912/1/1 3917/1/1
f 3921/1/1 3916/1/1 3915/1/1
f 3922/1/1 3916/1/1 3921/1/1
f 3925/1/1 3920/1/1 3919/1/1
f 3926/1/1 3920/1/1 3925/1/1
f 3929/1/1 3924/1/1 3923/1/1
f 3930/1/1 3924/1/1 3929/1/1
f 3933/1/1 3928/1/1 3927/1/1
f 3934/1/1 3928/1/1 3933/1/1
f 3937/1/1 3932/1/1 3931/1/1
f 3938/1/1 3932/1/1 3937/1/1
f 3941/1/1 3936/1/1 3935/1/1
f 3942/1/1 3936/1/1 3941/1/1
f 3945/1/1 3940/1/1 3939/1/1
f 3946/1/1 3940/1/1 3945/1/1
f 3949/1/1 3944/1/1 3943/1/1
f 3950/1/1 3944/1/1 3949/1/1
f 3953/1/1 3948/1/1 3947/1/1
f 3954/1/1 3948/1/1 3953/1/1
f 3957/1/1 3952/1/1 3951/1/1
f 3958/1/1 3952/1/1 3957/1/1
f 3961/1/1 3956/1/1 3955/1/1
f 3962/1/1 3956/1/1 3961/1/1
f 3963/1/1 3960/1/1 3959/1/1
f 3964/1/1 3960/1/1 3963/1/1
f 3969/1/1 3966/1/1 3965/1/1
f 3970/1/1 3966/1/1 3969/1/1
f 3973/1/1 3968/1/1 3967/1/1
f 3974/1/1 3968/1/1 3973/1/1
f 3977/1/1 3972/1/1 3971/1/1
f 3978/1/1 3972/1/1 3977/1/1
f 3981/1/1 3976/1/1 3975/1/1
f 3982/1/1 3976/1/1 3981/1/1
f 3985/1/1 3980/1/1 3979/1/1
f 3986/1/1 3980/1/1 3985/1/1
f 3989/1/1 3984/1/1 3983/1/1
f 3990/1/1 3984/1/1 3989/1/1
f 3993/1/1 3988/1/1 3987/1/1
f 3994/1/1 3988/1/1 3993/1/1
f 3997/1/1 3992/1/1 3991/1/1
f 3998/1/1 3992/1/1 3997/1/1
f 4001/1/1 3996/1/1 3995/1/1
f 4002/1/1 3996/1/1 4001/1/1
f 4005/1/1 4000/1/1 3999/1/1
f 4006/1/1 4000/1/1 4005/1/1
f 4009/1/1 4004/1/1 4003/1/1
f 4010/1/1 4004/1/1 4009/1/1
f 4013/1/1 4008/1/1 4007/1/1
f 4014/1/1 4008/1/1 4013/1/1
f 4017/1/1 4012/1/1 4011/1/1
f 4018/1/1 4012/1/1 4017/1/1
f 4019/1/1 4016/1/1 4015/1/1
f 4020/1/1 4016/1/1 4019/1/1
f 4025/1/1 4022/1/1 4021/1/1
f 4026/1/1 4022/1/1 4025/1/1
f 4029/1/1 4024/1/1 4023/1/1
f 4030/1/1 4024/1/1 4029/1/1
f 4033/1/1 4028/1/1 4027/1/1
f 4034/1/1 4028/1/1 4033/1/1
f 4037/1/1 4032/1/1 4031/1/1
f 4038/1/1 4032/1/1 4037/1/1
f 4041/1/1 4036/1/1 4035/1/1
f 4042/1/1 4036/1/1 4041/1/1
f 4045/1/1 4040/1/1 4039/1/1
f 4046/1/1 4040/1/1 4045/1/1
f 4049/1/1 4044/1/1 4043/1/1
f 4050/1/1 4044/1/1 4049/1/1
f 4053/1/1 4048/1/1 4047/1/1
f 4054/1/1 4048/1/1 4053/1/1
f 4057/1/1 4052/1/1 4051/1/1
f 4058/1/1 4052/1/1 4057/1/1
f 4061/1/1 4056/1/1 4055/1/1
f 4062/1/1 4056/1/1 4061/1/1
f 4065/1/1 4060/1/1 4059/1/1
f 4066/1/1 4060/1/1 4065/1/1
f 4069/1/1 4064/1/1 4063/1/1
f 4070/1/1 4064/1/1 4069/1/1
f 4071/1/1 4068/1/1 4067/1/1
f 4072/1/1 4068/1/1 4071/1/1
f 4077/1/1 4074/1/1 4073/1/1
f 4078/1/1 4074/1/1 4077/1/1
f 4081/1/1 4076/1/1 4075/1/1
f 4082/1/1 4076/1/1 4081/1/1
f 4085/1/1 4080/1/1 4079/1/1
f 4086/1/1 4080/1/1 4085/1/1
f 4089/1/1 4084/1/1 4083/1/1
f 4090/1/1 4084/1/1 4089/1/1
f 4093/1/1 4088/1/1 4087/1/1
f 4094/1/1 4088/1/1 4093/1/1
f 4097/1/1 4092/1/1 4091/1/1
f 4098/1/1 4092/1/1 4097/1/1
f 4101/1/1 4096/1/1 4095/1/1
f 4102/1/1 4096/1/1 4101/1/1
f 4105/1/1 4100/1/1 4099/1/1
f 4106/1/1 4100/1/1 4105/1/1
f 4109/1/1 4104/1/1 4103/1/1
f 4110/1/1 4104/1/1 4109/1/1
f 4113/1/1 4108/1/1 4107/1/1
f 4114/1/1 4108/1/1 4113/1/1
f 4117/1/1 4112/1/1 4111/1/1
f 4118/1/1 4112/1/1 4117/1/1
f 4121/1/1 4116/1/1 4115/1/1
f 4122/1/1 4116/1/1 4121/1/1
f 4123/1/1 4120/1/1 4119/1/1
f 4124/1/1 4120/1/1 4123/1/1
f 4129/1/1 4126/1/1 4125/1/1
f 4130/1/1 4126/1/1 4129/1/1
f 4133/1/1 4128/1/1 4127/1/1
f 4134/1/1 4128/1/1 4133/1/1
f 4137/1/1 4132/1/1 4131/1/1
f 4138/1/1 4132/1/1 4137/1/1
f 4141/1/1 4136/1/1 4135/1/1
f 4142/1/1 4136/1/1 4141/1/1
f 4145/1/1 4140/1/1 4139/1/1
f 4146/1/1 4140/1/1 4145/1/1
f 4149/1/1 4144/1/1 4143/1/1
f 4150/1/1 4144/1/1 4149/1/1
f 4153/1/1 4148/1/1 4147/1/1
f 4154/1/1 4148/1/1 4153/1/1
f 4157/1/1 4152/1/1 4151/1/1
f 4158/1/1 4152/1/1 4157/1/1
f 4161/1/1 4156/1/1 4155/1/1
f 4162/1/1 4156/1/1 4161/1/1
f 4165/1/1 4160/1/1 4159/1/1
f 4166/1/1 4160/1/1 4165/1/1
f 4169/1/1 4164/1/1 4163/1/1
f 4170/1/1 4164/1/1 4169/1/1
f 4173/1/1 4168/1/1 4167/1/1
f 4174/1/1 4168/1/1 4173/1/1
f 4175/1/1 4172/1/1 4171/1/1
f 4176/1/1 4172/1/1 4175/1/1
f 4181/1/1 4178/1/1 4177/1/1
f 4182/1/1 4178/1/1 4181/1/1
f 4185/1/1 4180/1/1 4179/1/1
f 4186/1/1 4180/1/1 4185/1/1
f 4189/1/1 4184/1/1 4183/1/1
f 4190/1/1 4184/1/1 4189/1/1
f 4193/1/1 4188/1/1 4187/1/1
f 4194/1/1 4188/1/1 4193/1/1
f 4197/1/1 4192/1/1 4191/1/1
f 4198/1/1 4192/1/1 4197/1/1
f 4201/1/1 4196/1/1 4195/1/1
f 4202/1/1 4196/1/1 4201/1/1
f 4205/1/1 4200/1/1 4199/1/1
f 4206/1/1 4200/1/1 4205/1/1
f 4209/1/1 4204/1/1 4203/1/1
f 4210/1/1 4204/1/1 4209/1/1
f 4213/1/1 4208/1/1 4207/1/1
f 4214/1/1 4208/1/1 4213/1/1
f 4217/1/1 4212/1/1 4211/1/1
f 4218/1/1 4212/1/1 4217/1/1
f 4221/1/1 4216/1/1 4215/1/1
f 4222/1/1 4216/1/1 4221/1/1
f 4223/1/1 4220/1/1 4219/1/1
f 4224/1/1 4220/1/1 4223/1/1
f 4229/1/1 4226/1/1 4225/1/1
f 4230/1/1 4226/1/1 4229/1/1
f 4233/1/1 4228/1/1 4227/1/1
f 4234/1/1 4228/1/1 4233/1/1
f 4237/1/1 4232/1/1 4231/1/1
f 4238/1/1 4232/1/1 4237/1/1
f 4241/1/1 4236/1/1 4235/1/1
f 4242/1/1 4236/1/1 4241/1/1
f 4245/1/1 4240/1/1 4239/1/1
f 4246/1/1 4240/1/1 4245/1/1
f 4249/1/1 4244/1/1 4243/1/1
f 4250/1/1 4244/1/1 4249/1/1
f 4253/1/1 4248/1/1 4247/1/1
f 4254/1/1 4248/1/1 4253/1/1
f 4257/1/1 4252/1/1 4251/1/1
f 4258/1/1 4252/1/1 4257/1/1
f 4261/1/1 4256/1/1 4255/1/1
f 4262/1/1 4256/1/1 4261/1/1
f 4265/1/1 4260/1/1 4259/1/1
f 4266/1/1 4260/1/1 4265/1/1
f 4269/1/1 4264/1/1 4263/1/1
f 4270/1/1 4264/1/1 4269/1/1
f 4271/1/1 4268/1/1 4267/1/1
f 4272/1/1 4268/1/1 4271/1/1
f 4277/1/1 4274/1/1 4273/1/1
f 4278/1/1 4274/1/1 4277/1/1
f 4281/1/1 4276/1/1 4275/1/1
f 4282/1/1 4276/1/1 4281/1/1
f 4285/1/1 4280/1/1 4279/1/1
f 4286/1/1 4280/1/1 4285/1/1
f 4289/1/1 4284/1/1 4283/1/1
f 4290/1/1 4284/1/1 4289/1/1
f 4293/1/1 4288/1/1 4287/1/1
f 4294/1/1 4288/1/1 4293/1/1
f 4297/1/1 4292/1/1 4291/1/1
f 4298/1/1 4292/1/1 4297/1/1
f 4301/1/1 4296/1/1 4295/1/1
f 4302/1/1 4296/1/1 4301/1/1
f 4305/1/1 4300/1/1 4299/1/1
f 4306/1/1 4300/1/1 4305/1/1
f 4309/1/1 4304/1/1 4303/1/1
f 4310/1/1 4304/1/1 4309/1/1
f 4313/1/1 4308/1/1 4307/1/1
f 4314/1/1 4308/1/1 4313/1/1
f 4315/1/1 4312/1/1 4311/1/1
f 4316/1/1 4312/1/1 4315/1/1
f 4321/1/1 4318/1/1 4317/1/1
f 4322/1/1 4318/1/1 4321/1/1
f 4325/1/1 4320/1/1 4319/1/1
f 4326/1/1 4320/1/1 4325/1/1
f 4329/1/1 4324/1/1 4323/1/1
f 4330/1/1 4324/1/1 4329/1/1
f 4333/1/1 4328/1/1 4327/1/1
f 4334/1/1 4328/1/1 4333/1/1
f 4337/1/1 4332/1/1 4331/1/1
f 4338/1/1 4332/1/1 4337/1/1
f 4341/1/1 4336/1/1 4335/1/1
f 4342/1/1 4336/1/1 4341/1/1
f 4345/1/1 4340/1/1 4339/1/1
f 4346/1/1 4340/1/1 4345/1/1
f 4349/1/1 4344/1/1 4343/1/1
f 4350/1/1 4344/1/1 4349/1/1
f 4353/1/1 4348/1/1 4347/1/1
f 4354/1/1 4348/1/1 4353/1/1
f 4357/1/1 4352/1/1 4351/1/1
f 4358/1/1 4352/1/1 4357/1/1
f 4359/1/1 4356/1/1 4355/1/1
f 4360/1/1 4356/1/1 4359/1/1
f 4365/1/1 4362/1/1 4361/1/1
f 4366/1/1 4362/1/1 4365/1/1
f 4369/1/1 4364/1/1 4363/1/1
f 4370/1/1 4364/1/1 4369/1/1
f 4373/1/1 4368/1/1 4367/1/1
f 4374/1/1 4368/1/1 4373/1/1
f 4377/1/1 4372/1/1 4371/1/1
f 4378/1/1 4372/1/1 4377/1/1
f 4381/1/1 4376/1/1 4375/1/1
f 4382/1/1 4376/1/1 4381/1/1
f 4385/1/1 4380/1/1 4379/1/1
f 4386/1/1 4380/1/1 4385/1/1
f 4389/1/1 4384/1/1 4383/1/1
f 4390/1/1 4384/1/1 4389/1/1
f 4393/1/1 4388/1/1 4387/1/1
f 4394/1/1 4388/1/1 4393/1/1
f 4397/1/1 4392/1/1 4391/1/1
f 4398/1/1 4392/1/1 4397/1/1
f 4399/1/1 4396/1/1 4395/1/1
f 4400/1/1 4396/1/1 4399/1/1
f 4405/1/1 4402/1/1 4401/1/1
f 4406/1/1 4402/1/1 4405/1/1
f 4408/1/1 4404/1/1 4403/1/1
f 4409/1/1 4404/1/1 4408/1/1
f 4412/1/1 4408/1/1 4407/1/1
f 4413/1/1 4408/1/1 4412/1/1
f 4416/1/1 4411/1/1 4410/1/1
f 4417/1/1 4411/1/1 4416/1/1
f 4420/1/1 4415/1/1 4414/1/1
f 4421/1/1 4415/1/1 4420/1/1
f 4424/1/1 4419/1/1 4418/1/1
f 4425/1/1 4419/1/1 4424/1/1
f 4428/1/1 4423/1/1 4422/1/1
f 4429/1/1 4423/1/1 4428/1/1
f 4432/1/1 4427/1/1 4426/1/1
f 4433/1/1 4427/1/1 4432/1/1
f 4434/1/1 4431/1/1 4430/1/1
f 4435/1/1 4431/1/1 4434/1/1
f 4439/1/1 4437/1/1 4436/1/1
f 4440/1/1 4437/1/1 4439/1/1
f 4443/1/1 4439/1/1 4438/1/1
f 4444/1/1 4439/1/1 4443/1/1
f 4446/1/1 4442/1/1 4441/1/1
f 4447/1/1 4442/1/1 4446/1/1
f 4450/1/1 4446/1/1 4445/1/1
f 4451/1/1 4446/1/1 4450/1/1
f 4454/1/1 4449/1/1 4448/1/1
f 4455/1/1 4449/1/1 4454/1/1
f 4458/1/1 4453/1/1 4452/1/1
f 4459/1/1 4453/1/1 4458/1/1
f 4462/1/1 4457/1/1 4456/1/1
f 4463/1/1 4457/1/1 4462/1/1
f 4464/1/1 4461/1/1 4460/1/1
f 4465/1/1 4461/1/1 4464/1/1
f 4469/1/1 4467/1/1 4466/1/1
f 4470/1/1 4467/1/1 4469/1/1
f 4472/1/1 4469/1/1 4468/1/1
f 4473/1/1 4469/1/1 4472/1/1
f 4476/1/1 4472/1/1 4471/1/1
f 4477/1/1 4472/1/1 4476/1/1
f 4480/1/1 4475/1/1 4474/1/1
f 4481/1/1 4475/1/1 4480/1/1
f 4484/1/1 4479/1/1 4478/1/1
f 4485/1/1 4479/1/1 4484/1/1
f 4488/1/1 4483/1/1 4482/1/1
f 4489/1/1 4483/1/1 4488/1/1
f 4490/1/1 4487/1/1 4486/1/1
f 4491/1/1 4487/1/1 4490/1/1
f 4495/1/1 4493/1/1 4492/1/1
f 4496/1/1 4493/1/1 4495/1/1
f 4497/1/1 4493/1/1 4496/1/1
f 4499/1/1 4495/1/1 4494/1/1
f 4499/1/1 4496/1/1 4495/1/1
f 4500/1/1 4496/1/1 4499/1/1
f 4502/1/1 4499/1/1 4498/1/1
f 4503/1/1 4499/1/1 4502/1/1
f 4506/1/1 4502/1/1 4501/1/1
f 4507/1/1 4502/1/1 4506/1/1
f 4510/1/1 4505/1/1 4504/1/1
f 4511/1/1 4505/1/1 4510/1/1
f 4512/1/1 4509/1/1 4508/1/1
f 4513/1/1 4509/1/1 4512/1/1
f 4517/1/1 4515/1/1 4514/1/1
f 4518/1/1 4515/1/1 4517/1/1
f 4520/1/1 4517/1/1 4516/1/1
f 4521/1/1 4517/1/1 4520/1/1
f 4524/1/1 4520/1/1 4519/1/1
f 4525/1/1 4520/1/1 4524/1/1
f 4528/1/1 4523/1/1 4522/1/1
f 4529/1/1 4523/1/1 4528/1/1
f 4530/1/1 4527/1/1 4526/1/1
f 4531/1/1 4527/1/1 4530/1/1
f 4535/1/1 4533/1/1 4532/1/1
f 4536/1/1 4533/1/1 4535/1/1
f 4537/1/1 4533/1/1 4536/1/1
f 4539/1/1 4535/1/1 4534/1/1
f 4539/1/1 4536/1/1 4535/1/1
f 4540/1/1 4536/1/1 4539/1/1
f 4543/1/1 4539/1/1 4538/1/1
f 4544/1/1 4539/1/1 4543/1/1
f 4545/1/1 4542/1/1 4541/1/1
f 4546/1/1 4542/1/1 4545/1/1
f 4551/1/1 4548/1/1 4547/1/1
f 4552/1/1 4548/1/1 4551/1/1
f 4555/1/1 4550/1/1 4549/1/1
f 4556/1/1 4550/1/1 4555/1/1
f 4557/1/1 4554/1/1 4553/1/1
f 4558/1/1 4554/1/1 4557/1/1
f 4563/1/1 4560/1/1 4559/1/1
f 4564/1/1 4560/1/1 4563/1/1
f 4565/1/1 4562/1/1 4561/1/1
f 4566/1/1 4562/1/1 4565/1/1
f 4569/1/1 4568/1/1 4567/1/1
f 4570/1/1 4568/1/1 4569/1/1
f 4571/1/2 4572/1/2 4575/1/2
f 4575/1/2 4572/1/2 4576/1/2
f 4573/1/2 4574/1/2 4579/1/2
f 4579/1/2 4574/1/2 4580/1/2
f 4577/1/2 4578/1/2 4585/1/2
f 4585/1/2 4578/1/2 4586/1/2
f 4581/1/2 4582/1/2 4587/1/2
f 4587/1/2 4582/1/2 4588/1/2
f 4583/1/2 4584/1/2 4593/1/2
f 4593/1/2 4584/1/2 4594/1/2
f 4589/1/2 4590/1/2 4595/1/2
f 4595/1/2 4590/1/2 4596/1/2
f 4591/1/2 4592/1/2 4598/1/2
f 4598/1/2 4592/1/2 4599/1/2
f 4597/1/2 4598/1/2 4603/1/2
f 4603/1/2 4598/1/2 4604/1/2
f 4600/1/2 4601/1/2 4605/1/2
f 4605/1/2 4601/1/2 4606/1/2
f 4602/1/2 4603/1/2 4608/1/2
f 4608/1/2 4603/1/2 4609/1/2
f 4607/1/2 4608/1/2 4613/1/2
f 4613/1/2 4608/1/2 4614/1/2
f 4610/1/2 4611/1/2 4617/1/2
f 4617/1/2 4611/1/2 4618/1/2
f 4612/1/2 4613/1/2 4622/1/2
f 4622/1/2 4613/1/2 4623/1/2
f 4615/1/2 4616/1/2 4626/1/2
f 4626/1/2 4616/1/2 4627/1/2
f 4619/1/2 4620/1/2 4628/1/2
f 4628/1/2 4620/1/2 4629/1/2
f 4621/1/2 4622/1/2 4633/1/2
f 4633/1/2 4622/1/2 4634/1/2
f 4624/1/2 4625/1/2 4637/1/2
f 4637/1/2 4625/1/2 4638/1/2
f 4630/1/2 4631/1/2 4639/1/2
f 4639/1/2 4631/1/2 4640/1/2
f 4632/1/2 4633/1/2 4643/1/2
f 4643/1/2 4633/1/2 4644/1/2
f 4635/1/2 4636/1/2 4645/1/2
f 4645/1/2 4636/1/2 4646/1/2
f 4641/1/2 4642/1/2 4647/1/2
f 4647/1/2 4642/1/2 4648/1/2
f 4649/1/2 4650/1/2 4653/1/2
f 4653/1/2 4650/1/2 4654/1/2
f 4651/1/2 4652/1/2 4657/1/2
f 4657/1/2 4652/1/2 4658/1/2
f 4655/1/2 4656/1/2 4661/1/2
f 4661/1/2 4656/1/2 4662/1/2
f 4659/1/2 4660/1/2 4665/1/2
f 4665/1/2 4660/1/2 4666/1/2
f 4663/1/2 4664/1/2 4671/1/2
f 4671/1/2 4664/1/2 4672/1/2
f 4667/1/2 4668/1/2 4673/1/2
f 4673/1/2 4668/1/2 4674/1/2
f 4669/1/2 4670/1/2 4676/1/2
f 4676/1/2 4670/1/2 4677/1/2
f 4675/1/2 4676/1/2 4681/1/2
f 4681/1/2 4676/1/2 4682/1/2
f 4678/1/2 4679/1/2 4685/1/2
f 4685/1/2 4679/1/2 4686/1/2
f 4680/1/2 4681/1/2 4690/1/2
f 4690/1/2 4681/1/2 4691/1/2
f 4683/1/2 4684/1/2 4692/1/2
f 4692/1/2 4684/1/2 4693/1/2
f 4687/1/2 4688/1/2 4694/1/2
f 4694/1/2 4688/1/2 4695/1/2
f 4689/1/2 4690/1/2 4699/1/2
f 4699/1/2 4690/1/2 4700/1/2
f 4696/1/2 4697/1/2 4701/1/2
f 4701/1/2 4697/1/2 4702/1/2
f 4698/1/2 4699/1/2 4705/1/2
f 4705/1/2 4699/1/2 4706/1/2
f 4703/1/2 4704/1/2 4707/1/2
f 4707/1/2 4704/1/2 4708/1/2
f 4709/1/2 4710/1/2 4711/1/2
f 4711/1/2 4710/1/2 4712/1/2
f 4713/1/2 4714/1/2 4717/1/2
f 4717/1/2 4714/1/2 4718/1/2
f 4715/1/2 4716/1/2 4721/1/2
f 4721/1/2 4716/1/2 4722/1/2
f 4719/1/2 4720/1/2 4725/1/2
f 4725/1/2 4720/1/2 4726/1/2
f 4723/1/2 4724/1/2 4729/1/2
f 4729/1/2 4724/1/2 4730/1/2
f 4727/1/2 4728/1/2 4732/1/2
f 4732/1/2 4728/1/2 4733/1/2
f 4731/1/2 4732/1/2 4737/1/2
f 4737/1/2 4732/1/2 4738/1/2
f 4734/1/2 4735/1/2 4739/1/2
f 4739/1/2 4735/1/2 4740/1/2
f 4736/1/2 4737/1/2 4744/1/2
f 4744/1/2 4737/1/2 4745/1/2
f 4741/1/2 4742/1/2 4746/1/2
f 4746/1/2 4742/1/2 4747/1/2
f 4743/1/2 4744/1/2 4752/1/2
f 4752/1/2 4744/1/2 4753/1/2
f 4748/1/2 4749/1/2 4756/1/2
f 4756/1/2 4749/1/2 4757/1/2
f 4750/1/2 4751/1/2 4759/1/2
f 4759/1/2 4751/1/2 4760/1/2
f 4754/1/2 4755/1/2 4763/1/2
f 4763/1/2 4755/1/2 4764/1/2
f 4758/1/2 4759/1/2 4765/1/2
f 4765/1/2 4759/1/2 4766/1/2
f 4761/1/2 4762/1/2 4769/1/2
f 4769/1/2 4762/1/2 4770/1/2
f 4767/1/2 4768/1/2 4773/1/2
f 4773/1/2 4768/1/2 4774/1/2
f 4771/1/2 4772/1/2 4775/1/2
f 4775/1/2 4772/1/2 4776/1/2
f 4777/1/2 4778/1/2 4781/1/2
f 4781/1/2 4778/1/2 4782/1/2
f 4779/1/2 4780/1/2 4785/1/2
f 4785/1/2 4780/1/2 4786/1/2
f 4783/1/2 4784/1/2 4791/1/2
f 4791/1/2 4784/1/2 4792/1/2
f 4787/1/2 4788/1/2 4793/1/2
f 4793/1/2 4788/1/2 4794/1/2
f 4789/1/2 4790/1/2 4799/1/2
f 4799/1/2 4790/1/2 4800/1/2
f 4795/1/2 4796/1/2 4801/1/2
f 4801/1/2 4796/1/2 4802/1/2
f 4797/1/2 4798/1/2 4807/1/2
f 4807/1/2 4798/1/2 4808/1/2
f 4803/1/2 4804/1/2 4809/1/2
f 4809/1/2 4804/1/2 4810/1/2
f 4805/1/2 4806/1/2 4814/1/2
f 4814/1/2 4806/1/2 4815/1/2
f 4811/1/2 4812/1/2 4816/1/2
f 4816/1/2 4812/1/2 4817/1/2
f 4813/1/2 4814/1/2 4821/1/2
f 4821/1/2 4814/1/2 4822/1/2
f 4818/1/2 4819/1/2 4823/1/2
f 4823/1/2 4819/1/2 4824/1/2
f 4820/1/2 4821/1/2 4827/1/2
f 4827/1/2 4821/1/2 4828/1/2
f 4825/1/2 4826/1/2 4829/1/2
f 4829/1/2 4826/1/2 4830/1/2
f 4831/1/2 4832/1/2 4835/1/2
f 4835/1/2 4832/1/2 4836/1/2
f 4833/1/2 4834/1/2 4837/1/2
f 4837/1/2 4834/1/2 4838/1/2
f 4839/1/2 4840/1/2 4843/1/2
f 4843/1/2 4840/1/2 4844/1/2
f 4841/1/2 4842/1/2 4847/1/2
f 4847/1/2 4842/1/2 4848/1/2
f 4845/1/2 4846/1/2 4851/1/2
f 4851/1/2 4846/1/2 4852/1/2
f 4849/1/2 4850/1/2 4857/1/2
f 4857/1/2 4850/1/2 4858/1/2
f 4853/1/2 4854/1/2 4859/1/2
f 4859/1/2 4854/1/2 4860/1/2
f 4855/1/2 4856/1/2 4865/1/2
f 4865/1/2 4856/1/2 4866/1/2
f 4861/1/2 4862/1/2 4867/1/2
f 4867/1/2 4862/1/2 4868/1/2
f 4863/1/2 4864/1/2 4873/1/2
f 4873/1/2 4864/1/2 4874/1/2
f 4869/1/2 4870/1/2 4875/1/2
f 4875/1/2 4870/1/2 4876/1/2
f 4871/1/2 4872/1/2 4877/1/2
f 4877/1/2 4872/1/2 4878/1/2
f 4879/1/2 4880/1/2 4881/1/2
f 4881/1/2 4880/1/2 4882/1/2
f 4883/1/2 4884/1/2 4887/1/2
f 4887/1/2 4884/1/2 4888/1/2
f 4885/1/2 4886/1/2 4891/1/2
f 4891/1/2 4886/1/2 4892/1/2
f 4889/1/2 4890/1/2 4895/1/2
f 4895/1/2 4890/1/2 4896/1/2
f 4893/1/2 4894/1/2 4901/1/2
f 4901/1/2 4894/1/2 4902/1/2
f 4897/1/2 4898/1/2 4903/1/2
f 4903/1/2 4898/1/2 4904/1/2
f 4899/1/2 4900/1/2 4907/1/2
f 4907/1/2 4900/1/2 4908/1/2
f 4905/1/2 4906/1/2 4913/1/2
f 4913/1/2 4906/1/2 4914/1/2
f 4909/1/2 4910/1/2 4915/1/2
f 4915/1/2 4910/1/2 4916/1/2
f 4911/1/2 4912/1/2 4919/1/2
f 4919/1/2 4912/1/2 4920/1/2
f 4917/1/2 4918/1/2 4921/1/2
f 4921/1/2 4918/1/2 4922/1/2
f 4923/1/2 4924/1/2 4927/1/2
f 4927/1/2 4924/1/2 4928/1/2
f 4925/1/2 4926/1/2 4929/1/2
f 4929/1/2 4926/1/2 4930/1/2
f 4931/1/2 4932/1/2 4935/1/2
f 4935/1/2 4932/1/2 4936/1/2
f 4933/1/2 4934/1/2 4939/1/2
f 4939/1/2 4934/1/2 4940/1/2
f 4937/1/2 4938/1/2 4945/1/2
f 4945/1/2 4938/1/2 4946/1/2
f 4941/1/2 4942/1/2 4947/1/2
f 4947/1/2 4942/1/2 4948/1/2
f 4943/1/2 4944/1/2 4953/1/2
f 4953/1/2 4944/1/2 4954/1/2
f 4949/1/2 4950/1/2 4955/1/2
f 4955/1/2 4950/1/2 4956/1/2
f 4951/1/2 4952/1/2 4961/1/2
f 4961/1/2 4952/1/2 4962/1/2
f 4957/1/2 4958/1/2 4963/1/2
f 4963/1/2 4958/1/2 4964/1/2
f 4959/1/2 4960/1/2 4969/1/2
f 4969/1/2 4960/1/2 4970/1/2
f 4965/1/2 4966/1/2 4971/1/2
f 4971/1/2 4966/1/2 4972/1/2
f 4967/1/2 4968/1/2 4973/1/2
f 4973/1/2 4968/1/2 4974/1/2
f 4975/1/2 4976/1/2 4979/1/2
f 4979/1/2 4976/1/2 4980/1/2
f 4977/1/2 4978/1/2 4983/1/2
f 4983/1/2 4978/1/2 4984/1/2
f 4981/1/2 4982/1/2 4987/1/2
f 4987/1/2 4982/1/2 4988/1/2
f 4985/1/2 4986/1/2 4993/1/2
f 4993/1/2 4986/1/2 4994/1/2
f 4989/1/2 4990/1/2 4995/1/2
f 4995/1/2 4990/1/2 4996/1/2
f 4991/1/2 4992/1/2 4999/1/2
f 4999/1/2 4992/1/2 5000/1/2
f 4997/1/2 4998/1/2 5001/1/2
f 5001/1/2 4998/1/2 5002/1/2
f 5003/1/2 5004/1/2 5007/1/2
f 5007/1/2 5004/1/2 5008/1/2
f 5005/1/2 5006/1/2 5013/1/2
f 5013/1/2 5006/1/2 5014/1/2
f 5009/1/2 5010/1/2 5015/1/2
f 5015/1/2 5010/1/2 5016/1/2
f 5011/1/2 5012/1/2 5021/1/2
f 5021/1/2 5012/1/2 5022/1/2
f 5017/1/2 5018/1/2 5023/1/2
f 5023/1/2 5018/1/2 5024/1/2
f 5019/1/2 5020/1/2 5025/1/2
f 5025/1/2 5020/1/2 5026/1/2
f 5027/1/2 5028/1/2 5029/1/2
f 5029/1/2 5028/1/2 5030/1/2
f 5031/1/2 5032/1/2 5035/1/2
f 5035/1/2 5032/1/2 5036/1/2
f 5033/1/2 5034/1/2 5041/1/2
f 5041/1/2 5034/1/2 5042/1/2
f 5037/1/2 5038/1/2 5043/1/2
f 5043/1/2 5038/1/2 5044/1/2
f 5039/1/2 5040/1/2 5049/1/2
f 5049/1/2 5040/1/2 5050/1/2
f 5045/1/2 5046/1/2 5051/1/2
f 5051/1/2 5046/1/2 5052/1/2
f 5047/1/2 5048/1/2 5055/1/2
f 5055/1/2 5048/1/2 5056/1/2
f 5053/1/2 5054/1/2 5057/1/2
f 5057/1/2 5054/1/2 5058/1/2
f 5059/1/2 5060/1/2 5063/1/2
f 5063/1/2 5060/1/2 5064/1/2
f 5061/1/2 5062/1/2 5067/1/2
f 5067/1/2 5062/1/2 5068/1/2
f 5065/1/2 5066/1/2 5073/1/2
f 5073/1/2 5066/1/2 5074/1/2
f 5069/1/2 5070/1/2 5075/1/2
f 5075/1/2 5070/1/2 5076/1/2
f 5071/1/2 5072/1/2 5077/1/2
f 5077/1/2 5072/1/2 5078/1/2
f 5079/1/2 5080/1/2 5085/1/2
f 5085/1/2 5080/1/2 5086/1/2
f 5081/1/2 5082/1/2 5087/1/2
f 5087/1/2 5082/1/2 5088/1/2
f 5083/1/2 5084/1/2 5091/1/2
f 5091/1/2 5084/1/2 5092/1/2
f 5089/1/2 5090/1/2 5093/1/2
f 5093/1/2 5090/1/2 5094/1/2
f 5095/1/2 5096/1/2 5097/1/2
f 5097/1/2 5096/1/2 5098/1/2
f 5099/1/2 5100/1/2 5105/1/2
f 5105/1/2 5100/1/2 5106/1/2
f 5101/1/2 5102/1/2 5107/1/2
f 5107/1/2 5102/1/2 5108/1/2
f 5103/1/2 5104/1/2 5109/1/2
f 5109/1/2 5104/1/2 5110/1/2
f 5111/1/2 5112/1/2 5115/1/2
f 5115/1/2 5112/1/2 5116/1/2
f 5113/1/2 5114/1/2 5117/1/2
f 5117/1/2 5114/1/2 5118/1/2
f 5119/1/2 5120/1/2 5123/1/2
f 5123/1/2 5120/1/2 5124/1/2
f 5121/1/2 5122/1/2 5125/1/2
f 5125/1/2 5122/1/2 5126/1/2
f 5127/1/2 5128/1/2 5129/1/2
f 5129/1/2 5128/1/2 5130/1/2
f 5131/1/2 5132/1/2 5133/1/2
f 5133/1/2 5132/1/2 5134/1/2
f 5135/1/2 5136/1/2 5137/1/2
f 5137/1/2 5136/1/2 5138/1/2
f 5141/1/3 5140/1/3 5139/1/3
f 5142/1/3 5140/1/3 5141/1/3
f 5143/1/3 5141/1/3 5139/1/3
f 5144/1/3 5141/1/3 5143/1/3
f 5145/1/3 5143/1/3 5139/1/3
f 5147/1/3 5146/1/3 5145/1/3
f 5149/1/3 5148/1/3 5147/1/3
f 5151/1/3 5150/1/3 5149/1/3
f 5153/1/3 5152/1/3 5151/1/3
f 5155/1/3 5149/1/3 5147/1/3
f 5155/1/3 5154/1/3 5153/1/3
f 5155/1/3 5153/1/3 5151/1/3
f 5155/1/3 5151/1/3 5149/1/3
f 5155/1/3 5145/1/3 5139/1/3
f 5155/1/3 5147/1/3 5145/1/3
f 5156/1/3 5154/1/3 5155/1/3
f 5159/1/3 5158/1/3 5157/1/3
f 5160/1/3 5158/1/3 5159/1/3
f 5163/1/3 5162/1/3 5161/1/3
f 5164/1/3 5162/1/3 5163/1/3
f 5167/1/3 5166/1/3 5165/1/3
f 5168/1/3 5166/1/3 5167/1/3
f 5171/1/3 5170/1/3 5169/1/3
f 5172/1/3 5170/1/3 5171/1/3
f 5175/1/3 5174/1/3 5173/1/3
f 5176/1/3 5174/1/3 5175/1/3
f 5179/1/3 5178/1/3 5177/1/3
f 5180/1/3 5178/1/3 5179/1/3
f 5183/1/3 5182/1/3 5181/1/3
f 5184/1/3 5182/1/3 5183/1/3
f 5187/1/3 5186/1/3 5185/1/3
f 5188/1/3 5186/1/3 5187/1/3
f 5191/1/3 5190/1/3 5189/1/3
f 5192/1/3 5190/1/3 5191/1/3
f 5195/1/3 5194/1/3 5193/1/3
f 5196/1/3 5194/1/3 5195/1/3
f 5199/1/3 5198/1/3 5197/1/3
f 5200/1/3 5198/1/3 5199/1/3
f 5203/1/3 5202/1/3 5201/1/3
f 5204/1/3 5202/1/3 5203/1/3
f 5207/1/3 5206/1/3 5205/1/3
f 5208/1/3 5206/1/3 5207/1/3
f 5211/1/3 5210/1/3 5209/1/3
f 5212/1/3 5210/1/3 5211/1/3
f 5215/1/3 5214/1/3 5213/1/3
f 5216/1/3 5214/1/3 5215/1/3
f 5219/1/3 5218/1/3 5217/1/3
f 5220/1/3 5218/1/3 5219/1/3
f 5223/1/3 5222/1/3 5221/1/3
f 5224/1/3 5222/1/3 5223/1/3
f 5227/1/3 5226/1/3 5225/1/3
f 5228/1/3 5226/1/3 5227/1/3
f 5231/1/3 5230/1/3 5229/1/3
f 5232/1/3 5230/1/3 5231/1/3
f 5235/1/3 5234/1/3 5233/1/3
f 5236/1/3 5234/1/3 5235/1/3
f 5239/1/3 5238/1/3 5237/1/3
f 5240/1/3 5238/1/3 5239/1/3
f 5243/1/3 5242/1/3 5241/1/3
f 5244/1/3 5242/1/3 5243/1/3
f 5247/1/3 5246/1/3 5245/1/3
f 5248/1/3 5246/1/3 5247/1/3
f 5251/1/3 5250/1/3 5249/1/3
f 5252/1/3 5250/1/3 5251/1/3
f 5255/1/3 5254/1/3 5253/1/3
f 5256/1/3 5254/1/3 5255/1/3
f 5259/1/3 5258/1/3 5257/1/3
f 5260/1/3 5258/1/3 5259/1/3
f 5263/1/3 5262/1/3 5261/1/3
f 5264/1/3 5262/1/3 5263/1/3
f 5267/1/3 5266/1/3 5265/1/3
f 5268/1/3 5266/1/3 5267/1/3
f 5271/1/3 5270/1/3 5269/1/3
f 5272/1/3 5270/1/3 5271/1/3
f 5275/1/3 5274/1/3 5273/1/3
f 5276/1/3 5274/1/3 5275/1/3
f 5279/1/3 5278/1/3 5277/1/3
f 5280/1/3 5278/1/3 5279/1/3
f 5283/1/3 5282/1/3 5281/1/3
f 5284/1/3 5282/1/3 5283/1/3
f 5287/1/3 5286/1/3 5285/1/3
f 5288/1/3 5286/1/3 5287/1/3
f 5291/1/3 5290/1/3 5289/1/3
f 5292/1/3 5290/1/3 5291/1/3
f 5295/1/3 5294/1/3 5293/1/3
f 5296/1/3 5294/1/3 5295/1/3
f 5299/1/3 5298/1/3 5297/1/3
f 5300/1/3 5298/1/3 5299/1/3
f 5303/1/3 5302/1/3 5301/1/3
f 5304/1/3 5302/1/3 5303/1/3
f 5307/1/3 5306/1/3 5305/1/3
f 5308/1/3 5306/1/3 5307/1/3
f 5311/1/3 5310/1/3 5309/1/3
f 5312/1/3 5310/1/3 5311/1/3
f 5315/1/3 5314/1/3 5313/1/3
f 5316/1/3 5314/1/3 5315/1/3
f 5319/1/3 5318/1/3 5317/1/3
f 5320/1/3 5318/1/3 5319/1/3
f 5323/1/3 5322/1/3 5321/1/3
f 5324/1/3 5322/1/3 5323/1/3
f 5327/1/3 5326/1/3 5325/1/3
f 5328/1/3 5326/1/3 5327/1/3
f 5331/1/3 5330/1/3 5329/1/3
f 5332/1/3 5330/1/3 5331/1/3
f 5335/1/3 5334/1/3 5333/1/3
f 5336/1/3 5334/1/3 5335/1/3
f 5339/1/3 5338/1/3 5337/1/3
f 5340/1/3 5338/1/3 5339/1/3
f 5343/1/3 5342/1/3 5341/1/3
f 5344/1/3 5342/1/3 5343/1/3
f 5347/1/3 5346/1/3 5345/1/3
f 5348/1/3 5346/1/3 5347/1/3
f 5351/1/3 5350/1/3 5349/1/3
f 5352/1/3 5350/1/3 5351/1/3
f 5355/1/3 5354/1/3 5353/1/3
f 5356/1/3 5354/1/3 5355/1/3
f 5359/1/3 5358/1/3 5357/1/3
f 5360/1/3 5358/1/3 5359/1/3
f 5363/1/3 5362/1/3 5361/1/3
f 5364/1/3 5362/1/3 5363/1/3
f 5367/1/3 5366/1/3 5365/1/3
f 5368/1/3 5366/1/3 5367/1/3
f 5371/1/3 5370/1/3 5369/1/3
f 5372/1/3 5370/1/3 5371/1/3
f 5375/1/3 5374/1/3 5373/1/3
f 5376/1/3 5374/1/3 5375/1/3
f 5379/1/3 5378/1/3 5377/1/3
f 5380/1/3 5378/1/3 5379/1/3
f 5382/1/3 5381/1/3 5380/1/3
f 5383/1/3 5381/1/3 5382/1/3
f 5386/1/3 5385/1/3 5384/1/3
f 5387/1/3 5385/1/3 5386/1/3
f 5390/1/3 5389/1/3 5388/1/3
f 5391/1/3 5389/1/3 5390/1/3
f 5394/1/3 5393/1/3 5392/1/3
f 5395/1/3 5393/1/3 5394/1/3
f 5398/1/3 5397/1/3 5396/1/3
f 5399/1/3 5397/1/3 5398/1/3
f 5402/1/3 5401/1/3 5400/1/3
f 5403/1/3 5401/1/3 5402/1/3
f 5406/1/3 5405/1/3 5404/1/3
f 5407/1/3 5405/1/3 5406/1/3
f 5410/1/3 5409/1/3 5408/1/3
f 5411/1/3 5409/1/3 5410/1/3
f 5414/1/3 5413/1/3 5412/1/3
f 5415/1/3 5413/1/3 5414/1/3
f 5418/1/3 5417/1/3 5416/1/3
f 5419/1/3 5417/1/3 5418/1/3
f 5422/1/3 5421/1/3 5420/1/3
f 5423/1/3 5421/1/3 5422/1/3
f 5426/1/3 5425/1/3 5424/1/3
f 5427/1/3 5425/1/3 5426/1/3
f 5430/1/3 5429/1/3 5428/1/3
f 5431/1/3 5429/1/3 5430/1/3
f 5434/1/3 5433/1/3 5432/1/3
f 5435/1/3 5433/1/3 5434/1/3
f 5438/1/3 5437/1/3 5436/1/3
f 5439/1/3 5437/1/3 5438/1/3
f 5442/1/3 5441/1/3 5440/1/3
f 5443/1/3 5441/1/3 5442/1/3
f 5446/1/3 5445/1/3 5444/1/3
f 5447/1/3 5445/1/3 5446/1/3
f 5450/1/3 5449/1/3 5448/1/3
f 5451/1/3 5449/1/3 5450/1/3
f 5454/1/3 5453/1/3 5452/1/3
f 5455/1/3 5453/1/3 5454/1/3
f 5458/1/3 5457/1/3 5456/1/3
f 5459/1/3 5457/1/3 5458/1/3
f 5462/1/3 5461/1/3 5460/1/3
f 5463/1/3 5461/1/3 5462/1/3
f 5466/1/3 5465/1/3 5464/1/3
f 5467/1/3 5465/1/3 5466/1/3
f 5470/1/3 5469/1/3 5468/1/3
f 5471/1/3 5469/1/3 5470/1/3
f 5474/1/3 5473/1/3 5472/1/3
f 5475/1/3 5473/1/3 5474/1/3
f 5478/1/3 5477/1/3 5476/1/3
f 5479/1/3 5477/1/3 5478/1/3
f 5482/1/3 5481/1/3 5480/1/3
f 5483/1/3 5481/1/3 5482/1/3
f 5486/1/3 5485/1/3 5484/1/3
f 5487/1/3 5485/1/3 5486/1/3
f 5490/1/3 5489/1/3 5488/1/3
f 5491/1/3 5489/1/3 5490/1/3
f 5494/1/3 5493/1/3 5492/1/3
f 5495/1/3 5493/1/3 5494/1/3
f 5498/1/3 5497/1/3 5496/1/3
f 5499/1/3 5497/1/3 5498/1/3
f 5502/1/3 5501/1/3 5500/1/3
f 5503/1/3 5501/1/3 5502/1/3
f 5506/1/3 5505/1/3 5504/1/3
f 5507/1/3 5505/1/3 5506/1/3
f 5510/1/3 5509/1/3 5508/1/3
f 5511/1/3 5509/1/3 5510/1/3
f 5514/1/3 5513/1/3 5512/1/3
f 5515/1/3 5513/1/3 5514/1/3
f 5518/1/3 5517/1/3 5516/1/3
f 5519/1/3 5517/1/3 5518/1/3
f 5522/1/3 5521/1/3 5520/1/3
f 5523/1/3 5521/1/3 5522/1/3
f 5526/1/3 5525/1/3 5524/1/3
f 5527/1/3 5525/1/3 5526/1/3
f 5530/1/3 5529/1/3 5528/1/3
f 5531/1/3 5529/1/3 5530/1/3
f 5534/1/3 5533/1/3 5532/1/3
f 5535/1/3 5533/1/3 5534/1/3
f 5538/1/3 5537/1/3 5536/1/3
f 5539/1/3 5537/1/3 5538/1/3
f 5542/1/3 5541/1/3 5540/1/3
f 5543/1/3 5541/1/3 5542/1/3
f 5546/1/3 5545/1/3 5544/1/3
f 5547/1/3 5545/1/3 5546/1/3
f 5550/1/3 5549/1/3 5548/1/3
f 5551/1/3 5549/1/3 5550/1/3
f 5554/1/3 5553/1/3 5552/1/3
f 5555/1/3 5553/1/3 5554/1/3
f 5558/1/3 5557/1/3 5556/1/3
f 5559/1/3 5557/1/3 5558/1/3
f 5562/1/3 5561/1/3 5560/1/3
f 5563/1/3 5561/1/3 5562/1/3
f 5566/1/3 5565/1/3 5564/1/3
f 5567/1/3 5565/1/3 5566/1/3
f 5570/1/3 5569/1/3 5568/1/3
f 5571/1/3 5569/1/3 5570/1/3
f 5574/1/3 5573/1/3 5572/1/3
f 5575/1/3 5573/1/3 5574/1/3
f 5578/1/3 5577/1/3 5576/1/3
f 5579/1/3 5577/1/3 5578/1/3
f 5582/1/3 5581/1/3 5580/1/3
f 5583/1/3 5581/1/3 5582/1/3
f 5586/1/3 5585/1/3 5584/1/3
f 5587/1/3 5585/1/3 5586/1/3
f 5590/1/3 5589/1/3 5588/1/3
f 5591/1/3 5589/1/3 5590/1/3
f 5594/1/3 5593/1/3 5592/1/3
f 5595/1/3 5593/1/3 5594/1/3
f 5598/1/3 5597/1/3 5596/1/3
f 5599/1/3 5597/1/3 5598/1/3
f 5602/1/3 5601/1/3 5600/1/3
f 5603/1/3 5601/1/3 5602/1/3
f 5606/1/3 5605/1/3 5604/1/3
f 5607/1/3 5605/1/3 5606/1/3
f 5610/1/3 5609/1/3 5608/1/3
f 5611/1/3 5609/1/3 5610/1/3
f 5614/1/3 5613/1/3 5612/1/3
f 5615/1/3 5613/1/3 5614/1/3
f 5618/1/3 5617/1/3 5616/1/3
f 5619/1/3 5617/1/3 5618/1/3
f 5622/1/3 5621/1/3 5620/1/3
f 5623/1/3 5621/1/3 5622/1/3
f 5626/1/3 5625/1/3 5624/1/3
f 5627/1/3 5625/1/3 5626/1/3
f 5630/1/3 5629/1/3 5628/1/3
f 5631/1/3 5629/1/3 5630/1/3
f 5634/1/3 5633/1/3 5632/1/3
f 5635/1/3 5633/1/3 5634/1/3
f 5638/1/3 5637/1/3 5636/1/3
f 5639/1/3 5637/1/3 5638/1/3
f 5642/1/3 5641/1/3 5640/1/3
f 5643/1/3 5641/1/3 5642/1/3
f 5646/1/3 5645/1/3 5644/1/3
f 5647/1/3 5645/1/3 5646/1/3
f 5650/1/3 5649/1/3 5648/1/3
f 5651/1/3 5649/1/3 5650/1/3
f 5654/1/3 5653/1/3 5652/1/3
f 5655/1/3 5653/1/3 5654/1/3
f 5658/1/3 5657/1/3 5656/1/3
f 5659/1/3 5657/1/3 5658/1/3
f 5662/1/3 5661/1/3 5660/1/3
f 5663/1/3 5661/1/3 5662/1/3
f 5666/1/3 5665/1/3 5664/1/3
f 5667/1/3 5665/1/3 5666/1/3
f 5670/1/3 5669/1/3 5668/1/3
f 5671/1/3 5669/1/3 5670/1/3
f 5674/1/3 5673/1/3 5672/1/3
f 5675/1/3 5673/1/3 5674/1/3
f 5678/1/3 5677/1/3 5676/1/3
f 5679/1/3 5677/1/3 5678/1/3
f 5682/1/3 5681/1/3 5680/1/3
f 5683/1/3 5681/1/3 5682/1/3
f 5686/1/3 5685/1/3 5684/1/3
f 5687/1/3 5685/1/3 5686/1/3
f 5690/1/3 5689/1/3 5688/1/3
f 5691/1/3 5689/1/3 5690/1/3
f 5694/1/3 5693/1/3 5692/1/3
f 5695/1/3 5693/1/3 5694/1/3
f 5698/1/3 5697/1/3 5696/1/3
f 5699/1/3 5697/1/3 5698/1/3
f 5702/1/3 5701/1/3 5700/1/3
f 5703/1/3 5701/1/3 5702/1/3
f 5706/1/3 5705/1/3 5704/1/3
f 5707/1/3 5705/1/3 5706/1/3
f 5710/1/3 5709/1/3 5708/1/3
f 5711/1/3 5709/1/3 5710/1/3
f 5714/1/3 5713/1/3 5712/1/3
f 5715/1/3 5713/1/3 5714/1/3
f 5718/1/3 5717/1/3 5716/1/3
f 5719/1/3 5717/1/3 5718/1/3
f 5722/1/3 5721/1/3 5720/1/3
f 5723/1/3 5721/1/3 5722/1/3
f 5726/1/3 5725/1/3 5724/1/3
f 5727/1/3 5725/1/3 5726/1/3
f 5730/1/3 5729/1/3 5728/1/3
f 5731/1/3 5729/1/3 5730/1/3
f 5734/1/3 5733/1/3 5732/1/3
f 5735/1/3 5733/1/3 5734/1/3
f 5738/1/3 5737/1/3 5736/1/3
f 5739/1/3 5737/1/3 5738/1/3
f 5742/1/3 5741/1/3 5740/1/3
f 5743/1/3 5741/1/3 5742/1/3
f 5746/1/3 5745/1/3 5744/1/3
f 5747/1/3 5745/1/3 5746/1/3
f 5750/1/3 5749/1/3 5748/1/3
f 5751/1/3 5749/1/3 5750/1/3
f 5754/1/3 5753/1/3 5752/1/3
f 5755/1/3 5753/1/3 5754/1/3
f 5758/1/3 5757/1/3 5756/1/3
f 5759/1/3 5757/1/3 5758/1/3
f 5762/1/3 5761/1/3 5760/1/3
f 5763/1/3 5761/1/3 5762/1/3
f 5766/1/3 5765/1/3 5764/1/3
f 5767/1/3 5765/1/3 5766/1/3
f 5770/1/3 5769/1/3 5768/1/3
f 5771/1/3 5769/1/3 5770/1/3
f 5774/1/3 5773/1/3 5772/1/3
f 5775/1/3 5773/1/3 5774/1/3
f 5778/1/3 5777/1/3 5776/1/3
f 5779/1/3 5777/1/3 5778/1/3
f 5782/1/3 5781/1/3 5780/1/3
f 5783/1/3 5781/1/3 5782/1/3
f 5786/1/3 5785/1/3 5784/1/3
f 5787/1/3 5785/1/3 5786/1/3
f 5790/1/3 5789/1/3 5788/1/3
f 5791/1/3 5789/1/3 5790/1/3
f 5794/1/3 5793/1/3 5792/1/3
f 5795/1/3 5793/1/3 5794/1/3
f 5798/1/3 5797/1/3 5796/1/3
f 5799/1/3 5797/1/3 5798/1/3
f 5802/1/3 5801/1/3 5800/1/3
f 5803/1/3 5801/1/3 5802/1/3
f 5806/1/3 5805/1/3 5804/1/3
f 5807/1/3 5805/1/3 5806/1/3
f 5808/1/4 5809/1/4 5810/1/4
f 5810/1/4 5809/1/4 5811/1/4
f 5812/1/4 5813/1/4 5814/1/4
f 5814/1/4 5813/1/4 5815/1/4
f 5816/1/4 5817/1/4 5818/1/4
f 5818/1/4 5817/1/4 5819/1/4
f 5820/1/4 5821/1/4 5822/1/4
f 5822/1/4 5821/1/4 5823/1/4
f 5824/1/4 5825/1/4 5826/1/4
f 5826/1/4 5825/1/4 5827/1/4
f 5828/1/4 5829/1/4 5830/1/4
f 5830/1/4 5829/1/4 5831/1/4
f 5832/1/4 5833/1/4 5834/1/4
f 5834/1/4 5833/1/4 5835/1/4
f 5836/1/4 5837/1/4 5838/1/4
f 5838/1/4 5837/1/4 5839/1/4
f 5840/1/4 5841/1/4 5842/1/4
f 5842/1/4 5841/1/4 5843/1/4
f 5844/1/4 5845/1/4 5846/1/4
f 5846/1/4 5845/1/4 5847/1/4
f 5848/1/4 5849/1/4 5850/1/4
f 5850/1/4 5849/1/4 5851/1/4
f 5852/1/4 5853/1/4 5854/1/4
f 5854/1/4 5853/1/4 5855/1/4
f 5856/1/4 5857/1/4 5858/1/4
f 5858/1/4 5857/1/4 5859/1/4
f 5860/1/4 5861/1/4 5862/1/4
f 5862/1/4 5861/1/4 5863/1/4
f 5864/1/4 5865/1/4 5866/1/4
f 5866/1/4 5865/1/4 5867/1/4
f 5868/1/4 5869/1/4 5870/1/4
f 5870/1/4 5869/1/4 5871/1/4
f 5872/1/4 5873/1/4 5874/1/4
f 5874/1/4 5873/1/4 5875/1/4
f 5876/1/4 5877/1/4 5878/1/4
f 5878/1/4 5877/1/4 5879/1/4
f 5880/1/4 5881/1/4 5882/1/4
f 5882/1/4 5881/1/4 5883/1/4
f 5884/1/4 5885/1/4 5886/1/4
f 5886/1/4 5885/1/4 5887/1/4
f 5888/1/4 5889/1/4 5890/1/4
f 5890/1/4 5889/1/4 5891/1/4
f 5892/1/4 5893/1/4 5894/1/4
f 5894/1/4 5893/1/4 5895/1/4
f 5896/1/4 5897/1/4 5898/1/4
f 5898/1/4 5897/1/4 5899/1/4
f 5900/1/4 5901/1/4 5902/1/4
f 5902/1/4 5901/1/4 5903/1/4
f 5904/1/4 5905/1/4 5906/1/4
f 5906/1/4 5905/1/4 5907/1/4
f 5908/1/4 5909/1/4 5910/1/4
f 5910/1/4 5909/1/4 5911/1/4
f 5912/1/4 5913/1/4 5914/1/4
f 5914/1/4 5913/1/4 5915/1/4
f 5916/1/4 5917/1/4 5918/1/4
f 5918/1/4 5917/1/4 5919/1/4
f 5920/1/4 5921/1/4 5922/1/4
f 5922/1/4 5921/1/4 5923/1/4
f 5924/1/4 5925/1/4 5926/1/4
f 5926/1/4 5925/1/4 5927/1/4
f 5928/1/4 5929/1/4 5930/1/4
f 5930/1/4 5929/1/4 5931/1/4
f 5932/1/4 5933/1/4 5934/1/4
f 5934/1/4 5933/1/4 5935/1/4
f 5936/1/4 5937/1/4 5938/1/4
f 5938/1/4 5937/1/4 5939/1/4
f 5940/1/4 5941/1/4 5942/1/4
f 5942/1/4 5941/1/4 5943/1/4
f 5944/1/4 5945/1/4 5946/1/4
f 5946/1/4 5945/1/4 5947/1/4
f 5948/1/4 5949/1/4 5950/1/4
f 5950/1/4 5949/1/4 5951/1/4
f 5952/1/4 5953/1/4 5954/1/4
f 5954/1/4 5953/1/4 5955/1/4
f 5956/1/4 5957/1/4 5958/1/4
f 5958/1/4 5957/1/4 5959/1/4
f 5960/1/4 5961/1/4 5962/1/4
f 5962/1/4 5961/1/4 5963/1/4
f 5964/1/4 5965/1/4 5966/1/4
f 5966/1/4 5965/1/4 5967/1/4
f 5968/1/4 5969/1/4 5970/1/4
f 5970/1/4 5969/1/4 5971/1/4
f 5972/1/4 5973/1/4 5974/1/4
f 5974/1/4 5973/1/4 5975/1/4
f 5976/1/4 5977/1/4 5978/1/4
f 5978/1/4 5977/1/4 5979/1/4
f 5980/1/4 5981/1/4 5982/1/4
f 5982/1/4 5981/1/4 5983/1/4
f 5984/1/4 5985/1/4 5986/1/4
f 5986/1/4 5985/1/4 5987/1/4
f 5988/1/4 5989/1/4 5990/1/4
f 5990/1/4 5989/1/4 5991/1/4
f 5992/1/4 5993/1/4 5994/1/4
f 5994/1/4 5993/1/4 5995/1/4
f 5996/1/4 5997/1/4 5998/1/4
f 5998/1/4 5997/1/4 5999/1/4
f 6000/1/4 6001/1/4 6002/1/4
f 6002/1/4 6001/1/4 6003/1/4
f 6004/1/4 6005/1/4 6006/1/4
f 6006/1/4 6005/1/4 6007/1/4
f 6008/1/4 6009/1/4 6010/1/4
f 6010/1/4 6009/1/4 6011/1/4
f 6012/1/4 6013/1/4 6014/1/4
f 6014/1/4 6013/1/4 6015/1/4
f 6016/1/4 6017/1/4 6018/1/4
f 6018/1/4 6017/1/4 6019/1/4
f 6020/1/4 6021/1/4 6022/1/4
f 6022/1/4 6021/1/4 6023/1/4
f 6024/1/4 6025/1/4 6026/1/4
f 6026/1/4 6025/1/4 6027/1/4
f 6028/1/4 6029/1/4 6030/1/4
f 6030/1/4 6029/1/4 6031/1/4
f 6032/1/4 6033/1/4 6034/1/4
f 6034/1/4 6033/1/4 6035/1/4
f 6036/1/4 6037/1/4 6038/1/4
f 6038/1/4 6037/1/4 6039/1/4
f 6040/1/4 6041/1/4 6042/1/4
f 6042/1/4 6041/1/4 6043/1/4
f 6044/1/4 6045/1/4 6046/1/4
f 6046/1/4 6045/1/4 6047/1/4
f 6048/1/4 6049/1/4 6050/1/4
f 6050/1/4 6049/1/4 6051/1/4
f 6052/1/4 6053/1/4 6054/1/4
f 6054/1/4 6053/1/4 6055/1/4
f 6056/1/4 6057/1/4 6058/1/4
f 6058/1/4 6057/1/4 6059/1/4
f 6060/1/4 6061/1/4 6062/1/4
f 6062/1/4 6061/1/4 6063/1/4
f 6064/1/4 6065/1/4 6066/1/4
f 6066/1/4 6065/1/4 6067/1/4
f 6068/1/4 6069/1/4 6070/1/4
f 6070/1/4 6069/1/4 6071/1/4
f 6072/1/4 6073/1/4 6074/1/4
f 6074/1/4 6073/1/4 6075/1/4
f 6076/1/4 6077/1/4 6078/1/4
f 6078/1/4 6077/1/4 6079/1/4
f 6080/1/4 6081/1/4 6082/1/4
f 6082/1/4 6081/1/4 6083/1/4
f 6084/1/4 6085/1/4 6086/1/4
f 6086/1/4 6085/1/4 6087/1/4
f 6088/1/4 6089/1/4 6090/1/4
f 6090/1/4 6089/1/4 6091/1/4
f 6092/1/4 6093/1/4 6094/1/4
f 6094/1/4 6093/1/4 6095/1/4
f 6096/1/4 6097/1/4 6098/1/4
f 6098/1/4 6097/1/4 6099/1/4
f 6100/1/4 6101/1/4 6102/1/4
f 6102/1/4 6101/1/4 6103/1/4
f 6104/1/4 6105/1/4 6106/1/4
f 6106/1/4 6105/1/4 6107/1/4
f 6108/1/4 6109/1/4 6110/1/4
f 6110/1/4 6109/1/4 6111/1/4
f 6112/1/4 6113/1/4 6114/1/4
f 6114/1/4 6113/1/4 6115/1/4
f 6116/1/4 6117/1/4 6118/1/4
f 6118/1/4 6117/1/4 6119/1/4
f 6120/1/4 6121/1/4 6122/1/4
f 6122/1/4 6121/1/4 6123/1/4
f 6124/1/4 6125/1/4 6126/1/4
f 6126/1/4 6125/1/4 6127/1/4
f 6128/1/4 6129/1/4 6130/1/4
f 6130/1/4 6129/1/4 6131/1/4
f 6132/1/4 6133/1/4 6134/1/4
f 6134/1/4 6133/1/4 6135/1/4
f 6136/1/4 6137/1/4 6138/1/4
f 6138/1/4 6137/1/4 6139/1/4
f 6140/1/4 6141/1/4 6142/1/4
f 6142/1/4 6141/1/4 6143/1/4
f 6144/1/4 6145/1/4 6146/1/4
f 6146/1/4 6145/1/4 6147/1/4
f 6148/1/4 6149/1/4 6150/1/4
f 6150/1/4 6149/1/4 6151/1/4
f 6152/1/4 6153/1/4 6154/1/4
f 6154/1/4 6153/1/4 6155/1/4
f 6156/1/4 6157/1/4 6158/1/4
f 6158/1/4 6157/1/4 6159/1/4
f 6160/1/4 6161/1/4 6162/1/4
f 6162/1/4 6161/1/4 6163/1/4
f 6164/1/4 6165/1/4 6166/1/4
f 6166/1/4 6165/1/4 6167/1/4
f 6168/1/4 6169/1/4 6170/1/4
f 6170/1/4 6169/1/4 6171/1/4
f 6172/1/4 6173/1/4 6174/1/4
f 6174/1/4 6173/1/4 6175/1/4
f 6176/1/4 6177/1/4 6178/1/4
f 6178/1/4 6177/1/4 6179/1/4
f 6180/1/4 6181/1/4 6182/1/4
f 6182/1/4 6181/1/4 6183/1/4
f 6184/1/4 6185/1/4 6186/1/4
f 6186/1/4 6185/1/4 6187/1/4
f 6188/1/4 6189/1/4 6190/1/4
f 6190/1/4 6189/1/4 6191/1/4
f 6192/1/4 6193/1/4 6194/1/4
f 6194/1/4 6193/1/4 6195/1/4
f 6196/1/4 6197/1/4 6198/1/4
f 6198/1/4 6197/1/4 6199/1/4
f 6200/1/4 6201/1/4 6202/1/4
f 6202/1/4 6201/1/4 6203/1/4
f 6204/1/4 6205/1/4 6206/1/4
f 6206/1/4 6205/1/4 6207/1/4
f 6208/1/4 6209/1/4 6210/1/4
f 6210/1/4 6209/1/4 6211/1/4
f 6212/1/4 6213/1/4 6214/1/4
f 6214/1/4 6213/1/4 6215/1/4
f 6216/1/4 6217/1/4 6218/1/4
f 6218/1/4 6217/1/4 6219/1/4
f 6220/1/4 6221/1/4 6222/1/4
f 6222/1/4 6221/1/4 6223/1/4
f 6224/1/4 6225/1/4 6226/1/4
f 6226/1/4 6225/1/4 6227/1/4
f 6228/1/4 6229/1/4 6230/1/4
f 6230/1/4 6229/1/4 6231/1/4
f 6232/1/4 6233/1/4 6234/1/4
f 6234/1/4 6233/1/4 6235/1/4
f 6236/1/4 6237/1/4 6238/1/4
f 6238/1/4 6237/1/4 6239/1/4
f 6240/1/4 6241/1/4 6242/1/4
f 6242/1/4 6241/1/4 6243/1/4
f 6244/1/4 6245/1/4 6246/1/4
f 6246/1/4 6245/1/4 6247/1/4
f 6248/1/4 6249/1/4 6250/1/4
f 6250/1/4 6249/1/4 6251/1/4
f 6252/1/4 6253/1/4 6254/1/4
f 6254/1/4 6253/1/4 6255/1/4
f 6256/1/4 6257/1/4 6258/1/4
f 6258/1/4 6257/1/4 6259/1/4
f 6260/1/4 6261/1/4 6262/1/4
f 6262/1/4 6261/1/4 6263/1/4
f 6264/1/4 6265/1/4 6266/1/4
f 6266/1/4 6265/1/4 6267/1/4
f 6268/1/4 6269/1/4 6270/1/4
f 6270/1/4 6269/1/4 6271/1/4
f 6272/1/4 6273/1/4 6274/1/4
f 6274/1/4 6273/1/4 6275/1/4
f 6276/1/4 6277/1/4 6278/1/4
f 6278/1/4 6277/1/4 6279/1/4
f 6280/1/4 6281/1/4 6282/1/4
f 6282/1/4 6281/1/4 6283/1/4
f 6284/1/4 6285/1/4 6286/1/4
f 6286/1/4 6285/1/4 6287/1/4
f 6288/1/4 6289/1/4 6290/1/4
f 6290/1/4 6289/1/4 6291/1/4
f 6292/1/4 6293/1/4 6294/1/4
f 6294/1/4 6293/1/4 6295/1/4
f 6296/1/4 6297/1/4 6298/1/4
f 6298/1/4 6297/1/4 6299/1/4
f 6300/1/4 6301/1/4 6302/1/4
f 6302/1/4 6301/1/4 6303/1/4
f 6304/1/4 6305/1/4 6306/1/4
f 6306/1/4 6305/1/4 6307/1/4
f 6308/1/4 6309/1/4 6310/1/4
f 6310/1/4 6309/1/4 6311/1/4
f 6312/1/4 6313/1/4 6314/1/4
f 6314/1/4 6313/1/4 6315/1/4
f 6316/1/4 6317/1/4 6318/1/4
f 6318/1/4 6317/1/4 6319/1/4
f 6320/1/4 6321/1/4 6322/1/4
f 6322/1/4 6321/1/4 6323/1/4
f 6324/1/4 6325/1/4 6326/1/4
f 6326/1/4 6325/1/4 6327/1/4
f 6328/1/4 6329/1/4 6330/1/4
f 6330/1/4 6329/1/4 6331/1/4
f 6332/1/4 6333/1/4 6334/1/4
f 6334/1/4 6333/1/4 6335/1/4
f 6336/1/4 6337/1/4 6338/1/4
f 6338/1/4 6337/1/4 6339/1/4
f 6340/1/4 6341/1/4 6342/1/4
f 6342/1/4 6341/1/4 6343/1/4
f 6344/1/4 6345/1/4 6346/1/4
f 6346/1/4 6345/1/4 6347/1/4
f 6348/1/4 6349/1/4 6350/1/4
f 6350/1/4 6349/1/4 6351/1/4
f 6352/1/4 6353/1/4 6354/1/4
f 6354/1/4 6353/1/4 6355/1/4
f 6356/1/4 6357/1/4 6358/1/4
f 6358/1/4 6357/1/4 6359/1/4
f 6360/1/4 6361/1/4 6362/1/4
f 6362/1/4 6361/1/4 6363/1/4
f 6364/1/4 6365/1/4 6366/1/4
f 6366/1/4 6365/1/4 6367/1/4
f 6368/1/4 6369/1/4 6370/1/4
f 6370/1/4 6369/1/4 6371/1/4
f 6372/1/4 6373/1/4 6374/1/4
f 6374/1/4 6373/1/4 6375/1/4
f 6376/1/4 6377/1/4 6378/1/4
f 6378/1/4 6377/1/4 6379/1/4
f 6380/1/4 6381/1/4 6382/1/4
f 6382/1/4 6381/1/4 6383/1/4
f 6384/1/4 6385/1/4 6386/1/4
f 6386/1/4 6385/1/4 6387/1/4
f 6388/1/4 6389/1/4 6390/1/4
f 6390/1/4 6389/1/4 6391/1/4
f 6392/1/4 6393/1/4 6394/1/4
f 6394/1/4 6393/1/4 6395/1/4
f 6396/1/4 6397/1/4 6398/1/4
f 6398/1/4 6397/1/4 6399/1/4
f 6400/1/4 6401/1/4 6402/1/4
f 6402/1/4 6401/1/4 6403/1/4
f 6404/1/4 6405/1/4 6406/1/4
f 6406/1/4 6405/1/4 6407/1/4
f 6408/1/4 6409/1/4 6410/1/4
f 6410/1/4 6409/1/4 6411/1/4
f 6412/1/4 6413/1/4 6414/1/4
f 6414/1/4 6413/1/4 6415/1/4
f 6416/1/4 6417/1/4 6418/1/4
f 6418/1/4 6417/1/4 6419/1/4
f 6420/1/4 6421/1/4 6422/1/4
f 6422/1/4 6421/1/4 6423/1/4
f 6424/1/4 6425/1/4 6426/1/4
f 6426/1/4 6425/1/4 6427/1/4
f 6428/1/4 6429/1/4 6430/1/4
f 6430/1/4 6429/1/4 6431/1/4
f 6432/1/4 6433/1/4 6434/1/4
f 6434/1/4 6433/1/4 6435/1/4
f 6436/1/4 6437/1/4 6438/1/4
f 6438/1/4 6437/1/4 6439/1/4
f 6440/1/4 6441/1/4 6442/1/4
f 6442/1/4 6441/1/4 6443/1/4
f 6444/1/4 6445/1/4 6446/1/4
f 6446/1/4 6445/1/4 6447/1/4
f 6448/1/4 6449/1/4 6450/1/4
f 6450/1/4 6449/1/4 6451/1/4
f 6452/1/4 6453/1/4 6454/1/4
f 6454/1/4 6453/1/4 6455/1/4
f 6456/1/4 6457/1/4 6458/1/4
f 6458/1/4 6457/1/4 6459/1/4
f 6460/1/4 6461/1/4 6462/1/4
f 6462/1/4 6461/1/4 6463/1/4
f 6464/1/4 6465/1/4 6466/1/4
f 6466/1/4 6465/1/4 6467/1/4
f 6468/1/4 6469/1/4 6470/1/4
f 6470/1/4 6469/1/4 6471/1/4
f 6472/1/4 6473/1/4 6474/1/4
f 6474/1/4 6473/1/4 6475/1/4
f 6476/1/4 6477/1/4 6478/1/4
f 6478/1/4 6477/1/4 6479/1/4
f 6480/1/4 6481/1/4 6482/1/4
f 6482/1/4 6481/1/4 6483/1/4
f 6484/1/4 6485/1/4 6486/1/4
f 6486/1/4 6485/1/4 6487/1/4
f 6488/1/4 6489/1/4 6490/1/4
f 6490/1/4 6489/1/4 6491/1/4
f 6492/1/4 6493/1/4 6494/1/4
f 6494/1/4 6493/1/4 6495/1/4
f 6496/1/4 6497/1/4 6498/1/4
f 6498/1/4 6497/1/4 6499/1/4
f 6499/1/4 6500/1/4 6501/1/4
f 6501/1/4 6500/1/4 6502/1/4
f 6503/1/4 6504/1/4 6505/1/4
f 6505/1/4 6504/1/4 6506/1/4
f 6506/1/4 6507/1/4 6508/1/4
f 6508/1/4 6507/1/4 6509/1/4
f 6510/1/4 6511/1/4 6512/1/4
f 6512/1/4 6511/1/4 6513/1/4
f 6514/1/4 6515/1/4 6516/1/4
f 6516/1/4 6515/1/4 6517/1/4
f 6518/1/4 6519/1/4 6520/1/4
f 6520/1/4 6519/1/4 6521/1/4
f 6522/1/4 6523/1/4 6524/1/4
f 6524/1/4 6523/1/4 6525/1/4
f 6526/1/4 6527/1/4 6528/1/4
f 6528/1/4 6527/1/4 6529/1/4
f 6530/1/4 6531/1/4 6532/1/4
f 6532/1/4 6531/1/4 6533/1/4
f 6534/1/4 6535/1/4 6536/1/4
f 6536/1/4 6535/1/4 6537/1/4
f 6538/1/4 6539/1/4 6540/1/4
f 6540/1/4 6539/1/4 6541/1/4
f 6542/1/4 6543/1/4 6544/1/4
f 6544/1/4 6543/1/4 6545/1/4
f 6546/1/4 6547/1/4 6548/1/4
f 6548/1/4 6547/1/4 6549/1/4
f 6550/1/4 6551/1/4 6552/1/4
f 6552/1/4 6551/1/4 6553/1/4
f 6554/1/4 6555/1/4 6556/1/4
f 6556/1/4 6555/1/4 6557/1/4
f 6558/1/4 6559/1/4 6560/1/4
f 6560/1/4 6559/1/4 6561/1/4
f 6562/1/4 6563/1/4 6564/1/4
f 6564/1/4 6563/1/4 6565/1/4
f 6566/1/4 6567/1/4 6568/1/4
f 6568/1/4 6567/1/4 6569/1/4
f 6570/1/4 6571/1/4 6572/1/4
f 6572/1/4 6571/1/4 6573/1/4
f 6574/1/4 6575/1/4 6576/1/4
f 6576/1/4 6575/1/4 6577/1/4
f 6578/1/4 6579/1/4 6580/1/4
f 6580/1/4 6579/1/4 6581/1/4
f 6581/1/4 6582/1/4 6583/1/4
f 6583/1/4 6582/1/4 6584/1/4
f 6585/1/4 6586/1/4 6587/1/4
f 6587/1/4 6586/1/4 6588/1/4
f 6588/1/4 6589/1/4 6590/1/4
f 6590/1/4 6589/1/4 6591/1/4
f 6592/1/4 6593/1/4 6594/1/4
f 6594/1/4 6593/1/4 6595/1/4
f 6595/1/4 6596/1/4 6597/1/4
f 6597/1/4 6596/1/4 6598/1/4
f 6599/1/4 6600/1/4 6601/1/4
f 6601/1/4 6600/1/4 6602/1/4
f 6603/1/4 6604/1/4 6605/1/4
f 6605/1/4 6604/1/4 6606/1/4
f 6607/1/4 6608/1/4 6609/1/4
f 6609/1/4 6608/1/4 6610/1/4
f 6611/1/4 6612/1/4 6613/1/4
f 6613/1/4 6612/1/4 6614/1/4
f 6615/1/4 6616/1/4 6617/1/4
f 6617/1/4 6616/1/4 6618/1/4
f 6619/1/4 6620/1/4 6621/1/4
f 6621/1/4 6620/1/4 6622/1/4
f 6623/1/4 6624/1/4 6625/1/4
f 6625/1/4 6624/1/4 6626/1/4
f 6627/1/4 6628/1/4 6629/1/4
f 6629/1/4 6628/1/4 6630/1/4
f 6630/1/4 6631/1/4 6632/1/4
f 6632/1/4 6631/1/4 6633/1/4
f 6634/1/4 6635/1/4 6636/1/4
f 6636/1/4 6635/1/4 6637/1/4
f 6637/1/4 6638/1/4 6639/1/4
f 6639/1/4 6638/1/4 6640/1/4
f 6641/1/4 6642/1/4 6643/1/4
f 6643/1/4 6642/1/4 6644/1/4
f 6645/1/4 6646/1/4 6647/1/4
f 6647/1/4 6646/1/4 6648/1/4
f 6649/1/4 6650/1/4 6651/1/4
f 6651/1/4 6650/1/4 6652/1/4
f 6653/1/4 6654/1/4 6655/1/4
f 6655/1/4 6654/1/4 6656/1/4
f 6657/1/4 6658/1/4 6659/1/4
f 6659/1/4 6658/1/4 6660/1/4
f 6661/1/4 6662/1/4 6663/1/4
f 6663/1/4 6662/1/4 6664/1/4
f 6664/1/4 6665/1/4 6666/1/4
f 6666/1/4 6665/1/4 6667/1/4
f 6668/1/4 6669/1/4 6670/1/4
f 6670/1/4 6669/1/4 6671/1/4
f 6672/1/4 6673/1/4 6674/1/4
f 6674/1/4 6673/1/4 6675/1/4
f 6675/1/4 6676/1/4 6677/1/4
f 6677/1/4 6676/1/4 6678/1/4
f 6679/1/4 6680/1/4 6681/1/4
f 6681/1/4 6680/1/4 6682/1/4
f 6683/1/4 6684/1/4 6685/1/4
f 6685/1/4 6684/1/4 6686/1/4
f 6687/1/4 6688/1/4 6689/1/4
f 6689/1/4 6688/1/4 6690/1/4
f 6691/1/4 6692/1/4 6693/1/4
f 6693/1/4 6692/1/4 6694/1/4
f 6695/1/4 6696/1/4 6697/1/4
f 6697/1/4 6696/1/4 6698/1/4
f 6699/1/4 6700/1/4 6701/1/4
f 6701/1/4 6700/1/4 6702/1/4
f 6703/1/4 6704/1/4 6705/1/4
f 6705/1/4 6704/1/4 6706/1/4
f 6707/1/4 6708/1/4 6709/1/4
f 6709/1/4 6708/1/4 6710/1/4
f 6710/1/4 6711/1/4 6712/1/4
f 6712/1/4 6711/1/4 6713/1/4
f 6714/1/4 6715/1/4 6716/1/4
f 6716/1/4 6715/1/4 6717/1/4
f 6718/1/4 6719/1/4 6720/1/4
f 6720/1/4 6719/1/4 6721/1/4
f 6721/1/4 6722/1/4 6723/1/4
f 6723/1/4 6722/1/4 6724/1/4
f 6725/1/4 6726/1/4 6727/1/4
f 6727/1/4 6726/1/4 6728/1/4
f 6728/1/4 6729/1/4 6730/1/4
f 6730/1/4 6729/1/4 6731/1/4
f 6732/1/4 6733/1/4 6734/1/4
f 6734/1/4 6733/1/4 6735/1/4
f 6736/1/4 6737/1/4 6738/1/4
f 6738/1/4 6737/1/4 6739/1/4
f 6740/1/4 6741/1/4 6742/1/4
f 6742/1/4 6741/1/4 6743/1/4
f 6744/1/4 6745/1/4 6746/1/4
f 6746/1/4 6745/1/4 6747/1/4
f 6748/1/4 6749/1/4 6750/1/4
f 6750/1/4 6749/1/4 6751/1/4
f 6752/1/4 6753/1/4 6754/1/4
f 6754/1/4 6753/1/4 6755/1/4
f 6756/1/4 6757/1/4 6758/1/4
f 6758/1/4 6757/1/4 6759/1/4
f 6759/1/4 6760/1/4 6761/1/4
f 6761/1/4 6760/1/4 6762/1/4
f 6763/1/4 6764/1/4 6765/1/4
f 6765/1/4 6764/1/4 6766/1/4
f 6766/1/4 6767/1/4 6768/1/4
f 6768/1/4 6767/1/4 6769/1/4
f 6770/1/4 6771/1/4 6772/1/4
f 6772/1/4 6771/1/4 6773/1/4
f 6773/1/4 6774/1/4 6775/1/4
f 6775/1/4 6774/1/4 6776/1/4
f 6777/1/4 6778/1/4 6779/1/4
f 6779/1/4 6778/1/4 6780/1/4
f 6780/1/4 6781/1/4 6782/1/4
f 6782/1/4 6781/1/4 6783/1/4
f 6784/1/4 6785/1/4 6786/1/4
f 6786/1/4 6785/1/4 6787/1/4
f 6788/1/4 6789/1/4 6790/1/4
f 6790/1/4 6789/1/4 6791/1/4
f 6792/1/4 6793/1/4 6794/1/4
f 6794/1/4 6793/1/4 6795/1/4
f 6796/1/4 6797/1/4 6798/1/4
f 6798/1/4 6797/1/4 6799/1/4
f 6800/1/4 6801/1/4 6802/1/4
f 6802/1/4 6801/1/4 6803/1/4
f 6804/1/4 6805/1/4 6806/1/4
f 6806/1/4 6805/1/4 6807/1/4
f 6808/1/4 6809/1/4 6810/1/4
f 6810/1/4 6809/1/4 6811/1/4
f 6811/1/4 6812/1/4 6813/1/4
f 6813/1/4 6812/1/4 6814/1/4
f 6815/1/4 6816/1/4 6817/1/4
f 6817/1/4 6816/1/4 6818/1/4
f 6818/1/4 6819/1/4 6820/1/4
f 6820/1/4 6819/1/4 6821/1/4
f 6822/1/4 6823/1/4 6824/1/4
f 6824/1/4 6823/1/4 6825/1/4
f 6825/1/4 6826/1/4 6827/1/4
f 6827/1/4 6826/1/4 6828/1/4
f 6829/1/4 6830/1/4 6831/1/4
f 6831/1/4 6830/1/4 6832/1/4
f 6832/1/4 6833/1/4 6834/1/4
f 6834/1/4 6833/1/4 6835/1/4
f 6836/1/4 6837/1/4 6838/1/4
f 6838/1/4 6837/1/4 6839/1/4
f 6840/1/4 6841/1/4 6842/1/4
f 6842/1/4 6841/1/4 6843/1/4
f 6844/1/4 6845/1/4 6846/1/4
f 6846/1/4 6845/1/4 6847/1/4
f 6848/1/4 6849/1/4 6850/1/4
f 6850/1/4 6849/1/4 6851/1/4
f 6852/1/4 6853/1/4 6854/1/4
f 6854/1/4 6853/1/4 6855/1/4
f 6856/1/4 6857/1/4 6858/1/4
f 6858/1/4 6857/1/4 6859/1/4
f 6859/1/4 6860/1/4 6861/1/4
f 6861/1/4 6860/1/4 6862/1/4
f 6863/1/4 6864/1/4 6865/1/4
f 6865/1/4 6864/1/4 6866/1/4
f 6866/1/4 6867/1/4 6868/1/4
f 6868/1/4 6867/1/4 6869/1/4
f 6870/1/4 6871/1/4 6872/1/4
f 6872/1/4 6871/1/4 6873/1/4
f 6873/1/4 6874/1/4 6875/1/4
f 6875/1/4 6874/1/4 6876/1/4
f 6877/1/4 6878/1/4 6879/1/4
f 6879/1/4 6878/1/4 6880/1/4
f 6880/1/4 6881/1/4 6882/1/4
f 6882/1/4 6881/1/4 6883/1/4
f 6884/1/4 6885/1/4 6886/1/4
f 6886/1/4 6885/1/4 6887/1/4
f 6888/1/4 6889/1/4 6890/1/4
f 6890/1/4 6889/1/4 6891/1/4
f 6892/1/4 6893/1/4 6894/1/4
f 6894/1/4 6893/1/4 6895/1/4
f 6896/1/4 6897/1/4 6898/1/4
f 6898/1/4 6897/1/4 6899/1/4
f 6900/1/4 6901/1/4 6902/1/4
f 6902/1/4 6901/1/4 6903/1/4
f 6904/1/4 6905/1/4 6906/1/4
f 6906/1/4 6905/1/4 6907/1/4
f 6908/1/4 6909/1/4 6910/1/4
f 6910/1/4 6909/1/4 6911/1/4
f 6911/1/4 6912/1/4 6913/1/4
f 6913/1/4 6912/1/4 6914/1/4
f 6915/1/4 6916/1/4 6917/1/4
f 6917/1/4 6916/1/4 6918/1/4
f 6918/1/4 6919/1/4 6920/1/4
f 6920/1/4 6919/1/4 6921/1/4
f 6922/1/4 6923/1/4 6924/1/4
f 6924/1/4 6923/1/4 6925/1/4
f 6925/1/4 6926/1/4 6927/1/4
f 6927/1/4 6926/1/4 6928/1/4
f 6929/1/4 6930/1/4 6931/1/4
f 6931/1/4 6930/1/4 6932/1/4
f 6933/1/4 6934/1/4 6935/1/4
f 6935/1/4 6934/1/4 6936/1/4
f 6937/1/4 6938/1/4 6939/1/4
f 6939/1/4 6938/1/4 6940/1/4
f 6941/1/4 6942/1/4 6943/1/4
f 6943/1/4 6942/1/4 6944/1/4
f 6945/1/4 6946/1/4 6947/1/4
f 6947/1/4 6946/1/4 6948/1/4
f 6948/1/4 6949/1/4 6950/1/4
f 6950/1/4 6949/1/4 6951/1/4
f 6952/1/4 6953/1/4 6954/1/4
f 6954/1/4 6953/1/4 6955/1/4
f 6955/1/4 6956/1/4 6957/1/4
f 6957/1/4 6956/1/4 6958/1/4
f 6959/1/4 6960/1/4 6961/1/4
f 6961/1/4 6960/1/4 6962/1/4
f 6962/1/4 6963/1/4 6964/1/4
f 6964/1/4 6963/1/4 6965/1/4
f 6965/1/4 6966/1/4 6967/1/4
f 6967/1/4 6966/1/4 6968/1/4
f 6969/1/4 6970/1/4 6971/1/4
f 6971/1/4 6970/1/4 6972/1/4
f 6972/1/4 6973/1/4 6974/1/4
f 6974/1/4 6973/1/4 6975/1/4
f 6976/1/4 6977/1/4 6978/1/4
f 6978/1/4 6977/1/4 6979/1/4
f 6980/1/4 6981/1/4 6982/1/4
f 6982/1/4 6981/1/4 6983/1/4
f 6984/1/4 6985/1/4 6986/1/4
f 6986/1/4 6985/1/4 6987/1/4
f 6988/1/4 6989/1/4 6990/1/4
f 6990/1/4 6989/1/4 6991/1/4
f 6992/1/4 6993/1/4 6994/1/4
f 6994/1/4 6993/1/4 6995/1/4
f 6996/1/4 6997/1/4 6998/1/4
f 6998/1/4 6997/1/4 6999/1/4
f 6999/1/4 7000/1/4 7001/1/4
f 7001/1/4 7000/1/4 7002/1/4
f 7003/1/4 7004/1/4 7005/1/4
f 7005/1/4 7004/1/4 7006/1/4
f 7006/1/4 7007/1/4 7008/1/4
f 7008/1/4 7007/1/4 7009/1/4
f 7010/1/4 7011/1/4 7012/1/4
f 7012/1/4 7011/1/4 7013/1/4
f 7013/1/4 7014/1/4 7015/1/4
f 7015/1/4 7014/1/4 7016/1/4
f 7017/1/4 7018/1/4 7019/1/4
f 7019/1/4 7018/1/4 7020/1/4
f 7020/1/4 7021/1/4 7022/1/4
f 7022/1/4 7021/1/4 7023/1/4
f 7024/1/4 7025/1/4 7026/1/4
f 7026/1/4 7025/1/4 7027/1/4
f 7028/1/4 7029/1/4 7030/1/4
f 7030/1/4 7029/1/4 7031/1/4
f 7032/1/4 7033/1/4 7034/1/4
f 7034/1/4 7033/1/4 7035/1/4
f 7036/1/4 7037/1/4 7038/1/4
f 7038/1/4 7037/1/4 7039/1/4
f 7040/1/4 7041/1/4 7042/1/4
f 7042/1/4 7041/1/4 7043/1/4
f 7043/1/4 7044/1/4 7045/1/4
f 7045/1/4 7044/1/4 7046/1/4
f 7047/1/4 7048/1/4 7049/1/4
f 7049/1/4 7048/1/4 7050/1/4
f 7050/1/4 7051/1/4 7052/1/4
f 7052/1/4 7051/1/4 7053/1/4
f 7053/1/4 7054/1/4 7055/1/4
f 7055/1/4 7054/1/4 7056/1/4
f 7057/1/4 7058/1/4 7059/1/4
f 7059/1/4 7058/1/4 7060/1/4
f 7060/1/4 7061/1/4 7062/1/4
f 7062/1/4 7061/1/4 7063/1/4
f 7064/1/4 7065/1/4 7066/1/4
f 7066/1/4 7065/1/4 7067/1/4
f 7068/1/4 7069/1/4 7070/1/4
f 7070/1/4 7069/1/4 7071/1/4
f 7072/1/4 7073/1/4 7074/1/4
f 7074/1/4 7073/1/4 7075/1/4
f 7076/1/4 7077/1/4 7078/1/4
f 7078/1/4 7077/1/4 7079/1/4
f 7080/1/4 7081/1/4 7082/1/4
f 7082/1/4 7081/1/4 7083/1/4
f 7083/1/4 7084/1/4 7085/1/4
f 7085/1/4 7084/1/4 7086/1/4
f 7087/1/4 7088/1/4 7089/1/4
f 7089/1/4 7088/1/4 7090/1/4
f 7090/1/4 7091/1/4 7092/1/4
f 7092/1/4 7091/1/4 7093/1/4
f 7094/1/4 7095/1/4 7096/1/4
f 7096/1/4 7095/1/4 7097/1/4
f 7098/1/4 7099/1/4 7100/1/4
f 7100/1/4 7099/1/4 7101/1/4
f 7102/1/4 7103/1/4 7104/1/4
f 7104/1/4 7103/1/4 7105/1/4
f 7106/1/4 7107/1/4 7108/1/4
f 7108/1/4 7107/1/4 7109/1/4
f 7110/1/4 7111/1/4 7112/1/4
f 7112/1/4 7111/1/4 7113/1/4
f 7113/1/4 7114/1/4 7115/1/4
f 7115/1/4 7114/1/4 7116/1/4
f 7117/1/4 7118/1/4 7119/1/4
f 7119/1/4 7118/1/4 7120/1/4
f 7120/1/4 7121/1/4 7122/1/4
f 7122/1/4 7121/1/4 7123/1/4
f 7124/1/4 7125/1/4 7126/1/4
f 7126/1/4 7125/1/4 7127/1/4
f 7127/1/4 7128/1/4 7129/1/4
f 7129/1/4 7128/1/4 7130/1/4
f 7130/1/4 7131/1/4 7132/1/4
f 7132/1/4 7131/1/4 7133/1/4
f 7134/1/4 7135/1/4 7136/1/4
f 7136/1/4 7135/1/4 7137/1/4
f 7137/1/4 7138/1/4 7139/1/4
f 7139/1/4 7138/1/4 7140/1/4
f 7141/1/4 7142/1/4 7143/1/4
f 7143/1/4 7142/1/4 7144/1/4
f 7145/1/4 7146/1/4 7147/1/4
f 7147/1/4 7146/1/4 7148/1/4
f 7149/1/4 7150/1/4 7151/1/4
f 7151/1/4 7150/1/4 7152/1/4
f 7153/1/4 7154/1/4 7155/1/4
f 7155/1/4 7154/1/4 7156/1/4
f 7156/1/4 7157/1/4 7158/1/4
f 7158/1/4 7157/1/4 7159/1/4
f 7160/1/4 7161/1/4 7162/1/4
f 7162/1/4 7161/1/4 7163/1/4
f 7163/1/4 7164/1/4 7165/1/4
f 7165/1/4 7164/1/4 7166/1/4
f 7167/1/4 7168/1/4 7169/1/4
f 7169/1/4 7168/1/4 7170/1/4
f 7170/1/4 7171/1/4 7172/1/4
f 7172/1/4 7171/1/4 7173/1/4
f 7174/1/4 7175/1/4 7176/1/4
f 7176/1/4 7175/1/4 7177/1/4
f 7178/1/4 7179/1/4 7180/1/4
f 7180/1/4 7179/1/4 7181/1/4
f 7182/1/4 7183/1/4 7184/1/4
f 7184/1/4 7183/1/4 7185/1/4
f 7186/1/4 7187/1/4 7188/1/4
f 7188/1/4 7187/1/4 7189/1/4
f 7190/1/4 7191/1/4 7192/1/4
f 7192/1/4 7191/1/4 7193/1/4
f 7193/1/4 7194/1/4 7195/1/4
f 7195/1/4 7194/1/4 7196/1/4
f 7197/1/4 7198/1/4 7199/1/4
f 7199/1/4 7198/1/4 7200/1/4
f 7200/1/4 7201/1/4 7202/1/4
f 7202/1/4 7201/1/4 7203/1/4
f 7204/1/4 7205/1/4 7206/1/4
f 7206/1/4 7205/1/4 7207/1/4
f 7208/1/4 7209/1/4 7210/1/4
f 7210/1/4 7209/1/4 7211/1/4
f 7212/1/4 7213/1/4 7214/1/4
f 7214/1/4 7213/1/4 7215/1/4
f 7216/1/4 7217/1/4 7218/1/4
f 7218/1/4 7217/1/4 7219/1/4
f 7219/1/4 7220/1/4 7221/1/4
f 7221/1/4 7220/1/4 7222/1/4
f 7223/1/4 7224/1/4 7225/1/4
f 7225/1/4 7224/1/4 7226/1/4
f 7226/1/4 7227/1/4 7228/1/4
f 7228/1/4 7227/1/4 7229/1/4
f 7229/1/4 7230/1/4 7231/1/4
f 7231/1/4 7230/1/4 7232/1/4
f 7233/1/4 7234/1/4 7235/1/4
f 7235/1/4 7234/1/4 7236/1/4
f 7236/1/4 7237/1/4 7238/1/4
f 7238/1/4 7237/1/4 7239/1/4
f 7240/1/4 7241/1/4 7242/1/4
f 7242/1/4 7241/1/4 7243/1/4
f 7244/1/4 7245/1/4 7246/1/4
f 7246/1/4 7245/1/4 7247/1/4
f 7248/1/4 7249/1/4 7250/1/4
f 7250/1/4 7249/1/4 7251/1/4
f 7252/1/4 7253/1/4 7254/1/4
f 7254/1/4 7253/1/4 7255/1/4
f 7256/1/4 7257/1/4 7258/1/4
f 7258/1/4 7257/1/4 7259/1/4
f 7259/1/4 7260/1/4 7261/1/4
f 7261/1/4 7260/1/4 7262/1/4
f 7262/1/4 7263/1/4 7264/1/4
f 7264/1/4 7263/1/4 7265/1/4
f 7266/1/4 7267/1/4 7268/1/4
f 7268/1/4 7267/1/4 7269/1/4
f 7270/1/4 7271/1/4 7272/1/4
f 7272/1/4 7271/1/4 7273/1/4
f 7274/1/4 7275/1/4 7276/1/4
f 7276/1/4 7275/1/4 7277/1/4
f 7278/1/4 7279/1/4 7280/1/4
f 7280/1/4 7279/1/4 7281/1/4
f 7282/1/4 7283/1/4 7284/1/4
f 7284/1/4 7283/1/4 7285/1/4
f 7286/1/4 7287/1/4 7288/1/4
f 7288/1/4 7287/1/4 7289/1/4
f 7289/1/4 7290/1/4 7291/1/4
f 7291/1/4 7290/1/4 7292/1/4
f 7293/1/4 7294/1/4 7295/1/4
f 7295/1/4 7294/1/4 7296/1/4
f 7296/1/4 7297/1/4 7298/1/4
f 7298/1/4 7297/1/4 7299/1/4
f 7299/1/4 7300/1/4 7301/1/4
f 7301/1/4 7300/1/4 7302/1/4
f 7303/1/4 7304/1/4 7305/1/4
f 7305/1/4 7304/1/4 7306/1/4
f 7307/1/4 7308/1/4 7309/1/4
f 7309/1/4 7308/1/4 7310/1/4
f 7311/1/4 7312/1/4 7313/1/4
f 7313/1/4 7312/1/4 7314/1/4
f 7315/1/4 7316/1/4 7317/1/4
f 7317/1/4 7316/1/4 7318/1/4
f 7319/1/4 7320/1/4 7321/1/4
f 7321/1/4 7320/1/4 7322/1/4
f 7322/1/4 7323/1/4 7324/1/4
f 7324/1/4 7323/1/4 7325/1/4
f 7326/1/4 7327/1/4 7328/1/4
f 7328/1/4 7327/1/4 7329/1/4
f 7329/1/4 7330/1/4 7331/1/4
f 7331/1/4 7330/1/4 7332/1/4
f 7333/1/4 7334/1/4 7335/1/4
f 7335/1/4 7334/1/4 7336/1/4
f 7337/1/4 7338/1/4 7339/1/4
f 7339/1/4 7338/1/4 7340/1/4
f 7341/1/4 7342/1/4 7343/1/4
f 7343/1/4 7342/1/4 7344/1/4
f 7345/1/4 7346/1/4 7347/1/4
f 7347/1/4 7346/1/4 7348/1/4
f 7348/1/4 7349/1/4 7350/1/4
f 7350/1/4 7349/1/4 7351/1/4
f 7351/1/4 7352/1/4 7353/1/4
f 7353/1/4 7352/1/4 7354/1/4
f 7355/1/4 7356/1/4 7357/1/4
f 7357/1/4 7356/1/4 7358/1/4
f 7359/1/4 7360/1/4 7361/1/4
f 7361/1/4 7360/1/4 7362/1/4
f 7363/1/4 7364/1/4 7365/1/4
f 7365/1/4 7364/1/4 7366/1/4
f 7367/1/4 7368/1/4 7369/1/4
f 7369/1/4 7368/1/4 7370/1/4
f 7371/1/4 7372/1/4 7373/1/4
f 7373/1/4 7372/1/4 7374/1/4
f 7375/1/4 7376/1/4 7377/1/4
f 7377/1/4 7376/1/4 7378/1/4
f 7378/1/4 7379/1/4 7380/1/4
f 7380/1/4 7379/1/4 7381/1/4
f 7382/1/4 7383/1/4 7384/1/4
f 7384/1/4 7383/1/4 7385/1/4
f 7386/1/4 7387/1/4 7388/1/4
f 7388/1/4 7387/1/4 7389/1/4
f 7390/1/4 7391/1/4 7392/1/4
f 7392/1/4 7391/1/4 7393/1/4
f 7394/1/4 7395/1/4 7396/1/4
f 7396/1/4 7395/1/4 7397/1/4
f 7398/1/4 7399/1/4 7400/1/4
f 7400/1/4 7399/1/4 7401/1/4
f 7401/1/4 7402/1/4 7403/1/4
f 7403/1/4 7402/1/4 7404/1/4
f 7405/1/4 7406/1/4 7407/1/4
f 7407/1/4 7406/1/4 7408/1/4
f 7408/1/4 7409/1/4 7410/1/4
f 7410/1/4 7409/1/4 7411/1/4
f 7412/1/4 7413/1/4 7414/1/4
f 7414/1/4 7413/1/4 7415/1/4
f 7416/1/4 7417/1/4 7418/1/4
f 7418/1/4 7417/1/4 7419/1/4
f 7420/1/4 7421/1/4 7422/1/4
f 7422/1/4 7421/1/4 7423/1/4
f 7424/1/4 7425/1/4 7426/1/4
f 7426/1/4 7425/1/4 7427/1/4
f 7428/1/4 7429/1/4 7430/1/4
f 7430/1/4 7429/1/4 7431/1/4
f 7432/1/4 7433/1/4 7434/1/4
f 7434/1/4 7433/1/4 7435/1/4
f 7436/1/4 7437/1/4 7438/1/4
f 7438/1/4 7437/1/4 7439/1/4
f 7440/1/4 7441/1/4 7442/1/4
f 7442/1/4 7441/1/4 7443/1/4
f 7444/1/4 7445/1/4 7446/1/4
f 7446/1/4 7445/1/4 7447/1/4
f 7447/1/4 7448/1/4 7449/1/4
f 7449/1/4 7448/1/4 7450/1/4
f 7451/1/4 7452/1/4 7453/1/4
f 7453/1/4 7452/1/4 7454/1/4
f 7454/1/4 7455/1/4 7456/1/4
f 7456/1/4 7455/1/4 7457/1/4
f 7458/1/4 7459/1/4 7460/1/4
f 7460/1/4 7459/1/4 7461/1/4
f 7462/1/4 7463/1/4 7464/1/4
f 7464/1/4 7463/1/4 7465/1/4
f 7466/1/4 7467/1/4 7468/1/4
f 7468/1/4 7467/1/4 7469/1/4
f 7470/1/4 7471/1/4 7472/1/4
f 7472/1/4 7471/1/4 7473/1/4
f 7474/1/4 7475/1/4 7476/1/4
f 7476/1/4 7475/1/4 7477/1/4
f 7478/1/4 7479/1/4 7480/1/4
f 7480/1/4 7479/1/4 7481/1/4
f 7482/1/4 7483/1/4 7484/1/4
f 7484/1/4 7483/1/4 7485/1/4
f 7486/1/4 7487/1/4 7488/1/4
f 7488/1/4 7487/1/4 7489/1/4
f 7489/1/4 7490/1/4 7491/1/4
f 7491/1/4 7490/1/4 7492/1/4
f 7493/1/4 7494/1/4 7495/1/4
f 7495/1/4 7494/1/4 7496/1/4
f 7496/1/4 7497/1/4 7498/1/4
f 7498/1/4 7497/1/4 7499/1/4
f 7500/1/4 7501/1/4 7502/1/4
f 7502/1/4 7501/1/4 7503/1/4
f 7504/1/4 7505/1/4 7506/1/4
f 7506/1/4 7505/1/4 7507/1/4
f 7508/1/4 7509/1/4 7510/1/4
f 7510/1/4 7509/1/4 7511/1/4
f 7512/1/4 7513/1/4 7514/1/4
f 7514/1/4 7513/1/4 7515/1/4
f 7516/1/4 7517/1/4 7518/1/4
f 7518/1/4 7517/1/4 7519/1/4
f 7520/1/4 7521/1/4 7522/1/4
f 7522/1/4 7521/1/4 7523/1/4
f 7524/1/4 7525/1/4 7526/1/4
f 7526/1/4 7525/1/4 7527/1/4
f 7528/1/4 7529/1/4 7530/1/4
f 7530/1/4 7529/1/4 7531/1/4
f 7532/1/4 7533/1/4 7534/1/4
f 7534/1/4 7533/1/4 7535/1/4
f 7536/1/4 7537/1/4 7538/1/4
f 7538/1/4 7537/1/4 7539/1/4
f 7540/1/4 7541/1/4 7542/1/4
f 7542/1/4 7541/1/4 7543/1/4
f 7544/1/4 7545/1/4 7546/1/4
f 7546/1/4 7545/1/4 7547/1/4
f 7548/1/4 7549/1/4 7550/1/4
f 7550/1/4 7549/1/4 7551/1/4
f 7552/1/4 7553/1/4 7554/1/4
f 7554/1/4 7553/1/4 7555/1/4
f 7556/1/4 7557/1/4 7558/1/4
f 7558/1/4 7557/1/4 7559/1/4
f 7560/1/4 7561/1/4 7562/1/4
f 7562/1/4 7561/1/4 7563/1/4
f 7564/1/4 7565/1/4 7566/1/4
f 7566/1/4 7565/1/4 7567/1/4
f 7567/1/4 7568/1/4 7569/1/4
f 7569/1/4 7568/1/4 7570/1/4
f 7571/1/4 7572/1/4 7573/1/4
f 7573/1/4 7572/1/4 7574/1/4
f 7575/1/4 7576/1/4 7577/1/4
f 7577/1/4 7576/1/4 7578/1/4
f 7579/1/4 7580/1/4 7581/1/4
f 7581/1/4 7580/1/4 7582/1/4
f 7583/1/4 7584/1/4 7585/1/4
f 7585/1/4 7584/1/4 7586/1/4
f 7587/1/4 7588/1/4 7589/1/4
f 7589/1/4 7588/1/4 7590/1/4
f 7591/1/4 7592/1/4 7593/1/4
f 7593/1/4 7592/1/4 7594/1/4
f 7595/1/4 7596/1/4 7597/1/4
f 7597/1/4 7596/1/4 7598/1/4
f 7599/1/4 7600/1/4 7601/1/4
f 7601/1/4 7600/1/4 7602/1/4
f 7603/1/4 7604/1/4 7605/1/4
f 7605/1/4 7604/1/4 7606/1/4
f 7607/1/4 7608/1/4 7609/1/4
f 7609/1/4 7608/1/4 7610/1/4
f 7611/1/4 7612/1/4 7613/1/4
f 7613/1/4 7612/1/4 7614/1/4
f 7615/1/4 7616/1/4 7617/1/4
f 7617/1/4 7616/1/4 7618/1/4
f 7619/1/4 7620/1/4 7621/1/4
f 7621/1/4 7620/1/4 7622/1/4
f 7623/1/4 7624/1/4 7625/1/4
f 7625/1/4 7624/1/4 7626/1/4
f 7627/1/4 7628/1/4 7629/1/4
f 7629/1/4 7628/1/4 7630/1/4
f 7631/1/4 7632/1/4 7633/1/4
f 7633/1/4 7632/1/4 7634/1/4
f 7635/1/4 7636/1/4 7637/1/4
f 7637/1/4 7636/1/4 7638/1/4
f 7639/1/4 7640/1/4 7641/1/4
f 7641/1/4 7640/1/4 7642/1/4
f 7643/1/4 7644/1/4 7645/1/4
f 7645/1/4 7644/1/4 7646/1/4
f 7647/1/4 7648/1/4 7649/1/4
f 7649/1/4 7648/1/4 7650/1/4
f 7651/1/4 7652/1/4 7653/1/4
f 7653/1/4 7652/1/4 7654/1/4
f 7655/1/4 7656/1/4 7657/1/4
f 7657/1/4 7656/1/4 7658/1/4
f 7659/1/4 7660/1/4 7661/1/4
f 7661/1/4 7660/1/4 7662/1/4
f 7663/1/4 7664/1/4 7665/1/4
f 7665/1/4 7664/1/4 7666/1/4
f 7667/1/4 7668/1/4 7669/1/4
f 7669/1/4 7668/1/4 7670/1/4
f 7671/1/4 7672/1/4 7673/1/4
f 7673/1/4 7672/1/4 7674/1/4
f 7675/1/4 7676/1/4 7677/1/4
f 7677/1/4 7676/1/4 7678/1/4
f 7679/1/4 7680/1/4 7681/1/4
f 7681/1/4 7680/1/4 7682/1/4
f 7683/1/4 7684/1/4 7685/1/4
f 7685/1/4 7684/1/4 7686/1/4
f 7687/1/4 7688/1/4 7689/1/4
f 7689/1/4 7688/1/4 7690/1/4
f 7691/1/4 7692/1/4 7693/1/4
f 7693/1/4 7692/1/4 7694/1/4
f 7695/1/4 7696/1/4 7697/1/4
f 7697/1/4 7696/1/4 7698/1/4
f 7699/1/4 7700/1/4 7701/1/4
f 7701/1/4 7700/1/4 7702/1/4
f 7703/1/4 7704/1/4 7705/1/4
f 7705/1/4 7704/1/4 7706/1/4
f 7707/1/4 7708/1/4 7709/1/4
f 7709/1/4 7708/1/4 7710/1/4
f 7711/1/4 7712/1/4 7714/1/4
f 7714/1/4 7712/1/4 7715/1/4
f 7713/1/4 7714/1/4 7716/1/4
f 7716/1/4 7714/1/4 7717/1/4
f 7718/1/4 7719/1/4 7720/1/4
f 7720/1/4 7719/1/4 7721/1/4
f 7722/1/4 7723/1/4 7724/1/4
f 7724/1/4 7723/1/4 7725/1/4
f 7726/1/4 7727/1/4 7728/1/4
f 7728/1/4 7727/1/4 7729/1/4
f 7730/1/4 7731/1/4 7732/1/4
f 7732/1/4 7731/1/4 7733/1/4
f 7734/1/4 7735/1/4 7736/1/4
f 7736/1/4 7735/1/4 7737/1/4
f 7738/1/4 7739/1/4 7740/1/4
f 7740/1/4 7739/1/4 7741/1/4
f 7742/1/4 7743/1/4 7744/1/4
f 7744/1/4 7743/1/4 7745/1/4
f 7746/1/4 7747/1/4 7748/1/4
f 7748/1/4 7747/1/4 7749/1/4
f 7750/1/4 7751/1/4 7752/1/4
f 7752/1/4 7751/1/4 7753/1/4
f 7754/1/4 7755/1/4 7756/1/4
f 7756/1/4 7755/1/4 7757/1/4
f 7758/1/4 7759/1/4 7760/1/4
f 7760/1/4 7759/1/4 7761/1/4
f 7762/1/4 7763/1/4 7764/1/4
f 7764/1/4 7763/1/4 7765/1/4
f 7766/1/4 7767/1/4 7768/1/4
f 7768/1/4 7767/1/4 7769/1/4
f 7770/1/4 7771/1/4 7772/1/4
f 7772/1/4 7771/1/4 7773/1/4
f 7774/1/4 7775/1/4 7776/1/4
f 7776/1/4 7775/1/4 7777/1/4
f 7778/1/4 7779/1/4 7780/1/4
f 7780/1/4 7779/1/4 7781/1/4
f 7782/1/4 7783/1/4 7784/1/4
f 7784/1/4 7783/1/4 7785/1/4
f 7786/1/4 7787/1/4 7789/1/4
f 7789/1/4 7787/1/4 7790/1/4
f 7788/1/4 7789/1/4 7792/1/4
f 7792/1/4 7789/1/4 7793/1/4
f 7791/1/4 7792/1/4 7794/1/4
f 7794/1/4 7792/1/4 7795/1/4
f 7796/1/4 7797/1/4 7798/1/4
f 7798/1/4 7797/1/4 7799/1/4
f 7800/1/4 7801/1/4 7802/1/4
f 7802/1/4 7801/1/4 7803/1/4
f 7804/1/4 7805/1/4 7806/1/4
f 7806/1/4 7805/1/4 7807/1/4
f 7808/1/4 7809/1/4 7810/1/4
f 7810/1/4 7809/1/4 7811/1/4
f 7812/1/4 7813/1/4 7814/1/4
f 7814/1/4 7813/1/4 7815/1/4
f 7816/1/4 7817/1/4 7819/1/4
f 7819/1/4 7817/1/4 7820/1/4
f 7818/1/4 7819/1/4 7821/1/4
f 7821/1/4 7819/1/4 7822/1/4
f 7823/1/4 7824/1/4 7825/1/4
f 7825/1/4 7824/1/4 7826/1/4
f 7827/1/4 7828/1/4 7829/1/4
f 7829/1/4 7828/1/4 7830/1/4
f 7831/1/4 7832/1/4 7833/1/4
f 7833/1/4 7832/1/4 7834/1/4
f 7835/1/4 7836/1/4 7837/1/4
f 7837/1/4 7836/1/4 7838/1/4
f 7839/1/4 7840/1/4 7841/1/4
f 7841/1/4 7840/1/4 7842/1/4
f 7843/1/4 7844/1/4 7845/1/4
f 7845/1/4 7844/1/4 7846/1/4
f 7847/1/4 7848/1/4 7849/1/4
f 7849/1/4 7848/1/4 7850/1/4
f 7851/1/4 7852/1/4 7853/1/4
f 7853/1/4 7852/1/4 7854/1/4
f 7855/1/4 7856/1/4 7857/1/4
f 7857/1/4 7856/1/4 7858/1/4
f 7859/1/4 7860/1/4 7861/1/4
f 7861/1/4 7860/1/4 7862/1/4
f 7863/1/4 7864/1/4 7866/1/4
f 7866/1/4 7864/1/4 7867/1/4
f 7865/1/4 7866/1/4 7869/1/4
f 7869/1/4 7866/1/4 7870/1/4
f 7868/1/4 7869/1/4 7872/1/4
f 7872/1/4 7869/1/4 7873/1/4
f 7871/1/4 7872/1/4 7875/1/4
f 7875/1/4 7872/1/4 7876/1/4
f 7874/1/4 7875/1/4 7877/1/4
f 7877/1/4 7875/1/4 7878/1/4
f 7879/1/4 7880/1/4 7881/1/4
f 7881/1/4 7880/1/4 7882/1/4
f 7883/1/4 7884/1/4 7885/1/4
f 7885/1/4 7884/1/4 7886/1/4
f 7887/1/4 7888/1/4 7889/1/4
f 7889/1/4 7888/1/4 7890/1/4
f 7891/1/4 7892/1/4 7893/1/4
f 7893/1/4 7892/1/4 7894/1/4
f 7895/1/4 7896/1/4 7897/1/4
f 7897/1/4 7896/1/4 7898/1/4
f 7899/1/4 7900/1/4 7901/1/4
f 7901/1/4 7900/1/4 7902/1/4
f 7903/1/4 7904/1/4 7905/1/4
f 7905/1/4 7904/1/4 7906/1/4
f 7907/1/4 7908/1/4 7909/1/4
f 7909/1/4 7908/1/4 7910/1/4
f 7911/1/4 7912/1/4 7913/1/4
f 7913/1/4 7912/1/4 7914/1/4
f 7915/1/4 7916/1/4 7917/1/4
f 7917/1/4 7916/1/4 7918/1/4
f 7919/1/4 7920/1/4 7921/1/4
f 7921/1/4 7920/1/4 7922/1/4
f 7923/1/4 7924/1/4 7925/1/4
f 7925/1/4 7924/1/4 7926/1/4
f 7927/1/4 7928/1/4 7929/1/4
f 7929/1/4 7928/1/4 7930/1/4
f 7931/1/4 7932/1/4 7934/1/4
f 7934/1/4 7932/1/4 7935/1/4
f 7933/1/4 7934/1/4 7937/1/4
f 7937/1/4 7934/1/4 7938/1/4
f 7936/1/4 7937/1/4 7940/1/4
f 7940/1/4 7937/1/4 7941/1/4
f 7939/1/4 7940/1/4 7942/1/4
f 7942/1/4 7940/1/4 7943/1/4
f 7944/1/4 7945/1/4 7946/1/4
f 7946/1/4 7945/1/4 7947/1/4
f 7948/1/4 7949/1/4 7950/1/4
f 7950/1/4 7949/1/4 7951/1/4
f 7952/1/4 7953/1/4 7954/1/4
f 7954/1/4 7953/1/4 7955/1/4
f 7956/1/4 7957/1/4 7958/1/4
f 7958/1/4 7957/1/4 7959/1/4
f 7960/1/4 7961/1/4 7962/1/4
f 7962/1/4 7961/1/4 7963/1/4
f 7964/1/4 7965/1/4 7966/1/4
f 7966/1/4 7965/1/4 7967/1/4
f 7968/1/4 7969/1/4 7971/1/4
f 7971/1/4 7969/1/4 7972/1/4
f 7970/1/4 7971/1/4 7974/1/4
f 7974/1/4 7971/1/4 7975/1/4
f 7973/1/4 7974/1/4 7977/1/4
f 7977/1/4 7974/1/4 7978/1/4
f 7976/1/4 7977/1/4 7979/1/4
f 7979/1/4 7977/1/4 7980/1/4
f 7981/1/4 7982/1/4 7983/1/4
f 7983/1/4 7982/1/4 7984/1/4
f 7985/1/4 7986/1/4 7987/1/4
f 7987/1/4 7986/1/4 7988/1/4
f 7989/1/4 7990/1/4 7991/1/4
f 7991/1/4 7990/1/4 7992/1/4
f 7993/1/4 7994/1/4 7995/1/4
f 7995/1/4 7994/1/4 7996/1/4
f 7997/1/4 7998/1/4 8000/1/4
f 8000/1/4 7998/1/4 8001/1/4
f 7999/1/4 8000/1/4 8002/1/4
f 8002/1/4 8000/1/4 8003/1/4
f 8004/1/4 8005/1/4 8006/1/4
f 8006/1/4 8005/1/4 8007/1/4
f 8008/1/4 8009/1/4 8010/1/4
f 8010/1/4 8009/1/4 8011/1/4
f 8012/1/4 8013/1/4 8014/1/4
f 8014/1/4 8013/1/4 8015/1/4
f 8016/1/4 8017/1/4 8018/1/4
f 8018/1/4 8017/1/4 8019/1/4
f 8020/1/4 8021/1/4 8022/1/4
f 8022/1/4 8021/1/4 8023/1/4
f 8024/1/4 8025/1/4 8026/1/4
f 8026/1/4 8025/1/4 8027/1/4
f 8028/1/4 8029/1/4 8030/1/4
f 8030/1/4 8029/1/4 8031/1/4
f 8032/1/4 8033/1/4 8035/1/4
f 8035/1/4 8033/1/4 8036/1/4
f 8034/1/4 8035/1/4 8037/1/4
f 8037/1/4 8035/1/4 8038/1/4
f 8039/1/4 8040/1/4 8041/1/4
f 8041/1/4 8040/1/4 8042/1/4
f 8043/1/4 8044/1/4 8045/1/4
f 8045/1/4 8044/1/4 8046/1/4
f 8047/1/4 8048/1/4 8049/1/4
f 8049/1/4 8048/1/4 8050/1/4
f 8051/1/4 8052/1/4 8053/1/4
f 8053/1/4 8052/1/4 8054/1/4
f 8055/1/4 8056/1/4 8057/1/4
f 8057/1/4 8056/1/4 8058/1/4
f 8059/1/4 8060/1/4 8061/1/4
f 8061/1/4 8060/1/4 8062/1/4
f 8063/1/4 8064/1/4 8065/1/4
f 8065/1/4 8064/1/4 8066/1/4
f 8067/1/4 8068/1/4 8069/1/4
f 8069/1/4 8068/1/4 8070/1/4
f 8071/1/4 8072/1/4 8073/1/4
f 8073/1/4 8072/1/4 8074/1/4
f 8075/1/4 8076/1/4 8077/1/4
f 8077/1/4 8076/1/4 8078/1/4
f 8079/1/4 8080/1/4 8081/1/4
f 8081/1/4 8080/1/4 8082/1/4
f 8083/1/4 8084/1/4 8085/1/4
f 8085/1/4 8084/1/4 8086/1/4
f 8087/1/4 8088/1/4 8089/1/4
f 8089/1/4 8088/1/4 8090/1/4
f 8091/1/4 8092/1/4 8093/1/4
f 8093/1/4 8092/1/4 8094/1/4
f 8095/1/4 8096/1/4 8097/1/4
f 8097/1/4 8096/1/4 8098/1/4
f 8099/1/4 8100/1/4 8101/1/4
f 8101/1/4 8100/1/4 8102/1/4
f 8103/1/4 8104/1/4 8105/1/4
f 8105/1/4 8104/1/4 8106/1/4
f 8107/1/4 8108/1/4 8109/1/4
f 8109/1/4 8108/1/4 8110/1/4
f 8111/1/4 8112/1/4 8113/1/4
f 8113/1/4 8112/1/4 8114/1/4
f 8115/1/4 8116/1/4 8117/1/4
f 8117/1/4 8116/1/4 8118/1/4
f 8119/1/4 8120/1/4 8121/1/4
f 8121/1/4 8120/1/4 8122/1/4
f 8123/1/4 8124/1/4 8125/1/4
f 8125/1/4 8124/1/4 8126/1/4
f 8127/1/4 8128/1/4 8129/1/4
f 8129/1/4 8128/1/4 8130/1/4
f 8131/1/4 8132/1/4 8133/1/4
f 8133/1/4 8132/1/4 8134/1/4
f 8135/1/4 8136/1/4 8137/1/4
f 8137/1/4 8136/1/4 8138/1/4
f 8139/1/4 8140/1/4 8141/1/4
f 8141/1/4 8140/1/4 8142/1/4
f 8143/1/4 8144/1/4 8145/1/4
f 8145/1/4 8144/1/4 8146/1/4
f 8147/1/4 8148/1/4 8149/1/4
f 8149/1/4 8148/1/4 8150/1/4
f 8151/1/4 8152/1/4 8153/1/4
f 8153/1/4 8152/1/4 8154/1/4
f 8155/1/4 8156/1/4 8157/1/4
f 8157/1/4 8156/1/4 8158/1/4
f 8159/1/4 8160/1/4 8161/1/4
f 8161/1/4 8160/1/4 8162/1/4
f 8163/1/4 8164/1/4 8165/1/4
f 8165/1/4 8164/1/4 8166/1/4
f 8167/1/4 8168/1/4 8169/1/4
f 8169/1/4 8168/1/4 8170/1/4
f 8171/1/4 8172/1/4 8173/1/4
f 8173/1/4 8172/1/4 8174/1/4
f 8175/1/4 8176/1/4 8177/1/4
f 8177/1/4 8176/1/4 8178/1/4
f 8179/1/4 8180/1/4 8181/1/4
f 8181/1/4 8180/1/4 8182/1/4
f 8183/1/4 8184/1/4 8185/1/4
f 8185/1/4 8184/1/4 8186/1/4
f 8187/1/4 8188/1/4 8189/1/4
f 8189/1/4 8188/1/4 8190/1/4
f 8191/1/4 8192/1/4 8193/1/4
f 8193/1/4 8192/1/4 8194/1/4
f 8195/1/4 8196/1/4 8197/1/4
f 8197/1/4 8196/1/4 8198/1/4
f 8199/1/4 8200/1/4 8201/1/4
f 8201/1/4 8200/1/4 8202/1/4
f 8203/1/4 8204/1/4 8205/1/4
f 8205/1/4 8204/1/4 8206/1/4
f 8207/1/4 8208/1/4 8209/1/4
f 8209/1/4 8208/1/4 8210/1/4
f 8211/1/4 8212/1/4 8213/1/4
f 8213/1/4 8212/1/4 8214/1/4
f 8215/1/4 8216/1/4 8217/1/4
f 8217/1/4 8216/1/4 8218/1/4
f 8219/1/4 8220/1/4 8221/1/4
f 8221/1/4 8220/1/4 8222/1/4
f 8223/1/4 8224/1/4 8225/1/4
f 8225/1/4 8224/1/4 8226/1/4
f 8227/1/4 8228/1/4 8229/1/4
f 8229/1/4 8228/1/4 8230/1/4
f 8231/1/4 8232/1/4 8233/1/4
f 8233/1/4 8232/1/4 8234/1/4
f 8235/1/4 8236/1/4 8237/1/4
f 8237/1/4 8236/1/4 8238/1/4
f 8239/1/4 8240/1/4 8241/1/4
f 8241/1/4 8240/1/4 8242/1/4
f 8243/1/4 8244/1/4 8245/1/4
f 8245/1/4 8244/1/4 8246/1/4
f 8247/1/4 8248/1/4 8249/1/4
f 8249/1/4 8248/1/4 8250/1/4
f 8251/1/4 8252/1/4 8253/1/4
f 8253/1/4 8252/1/4 8254/1/4
f 8255/1/4 8256/1/4 8257/1/4
f 8257/1/4 8256/1/4 8258/1/4
f 8259/1/4 8260/1/4 8261/1/4
f 8261/1/4 8260/1/4 8262/1/4
f 8263/1/4 8264/1/4 8265/1/4
f 8265/1/4 8264/1/4 8266/1/4
f 8267/1/4 8268/1/4 8269/1/4
f 8269/1/4 8268/1/4 8270/1/4
f 8271/1/4 8272/1/4 8273/1/4
f 8273/1/4 8272/1/4 8274/1/4
f 8275/1/4 8276/1/4 8277/1/4
f 8277/1/4 8276/1/4 8278/1/4
f 8279/1/4 8280/1/4 8281/1/4
f 8281/1/4 8280/1/4 8282/1/4
f 8283/1/4 8284/1/4 8285/1/4
f 8285/1/4 8284/1/4 8286/1/4
f 8287/1/4 8288/1/4 8289/1/4
f 8289/1/4 8288/1/4 8290/1/4
f 8291/1/4 8292/1/4 8293/1/4
f 8293/1/4 8292/1/4 8294/1/4
f 8295/1/4 8296/1/4 8297/1/4
f 8297/1/4 8296/1/4 8298/1/4
f 8299/1/4 8300/1/4 8301/1/4
f 8301/1/4 8300/1/4 8302/1/4
f 8303/1/4 8304/1/4 8305/1/4
f 8305/1/4 8304/1/4 8306/1/4
f 8307/1/4 8308/1/4 8309/1/4
f 8309/1/4 8308/1/4 8310/1/4
f 8311/1/4 8312/1/4 8313/1/4
f 8313/1/4 8312/1/4 8314/1/4
f 8315/1/4 8316/1/4 8317/1/4
f 8317/1/4 8316/1/4 8318/1/4
f 8319/1/4 8320/1/4 8321/1/4
f 8321/1/4 8320/1/4 8322/1/4
f 8323/1/4 8324/1/4 8325/1/4
f 8325/1/4 8324/1/4 8326/1/4
f 8327/1/4 8328/1/4 8329/1/4
f 8329/1/4 8328/1/4 8330/1/4
f 8331/1/4 8332/1/4 8333/1/4
f 8333/1/4 8332/1/4 8334/1/4
f 8335/1/4 8336/1/4 8337/1/4
f 8337/1/4 8336/1/4 8338/1/4
f 8339/1/4 8340/1/4 8341/1/4
f 8341/1/4 8340/1/4 8342/1/4
f 8343/1/4 8344/1/4 8345/1/4
f 8345/1/4 8344/1/4 8346/1/4
f 8347/1/4 8348/1/4 8349/1/4
f 8349/1/4 8348/1/4 8350/1/4
f 8351/1/4 8352/1/4 8353/1/4
f 8353/1/4 8352/1/4 8354/1/4
f 8355/1/4 8356/1/4 8357/1/4
f 8357/1/4 8356/1/4 8358/1/4
f 8359/1/4 8360/1/4 8361/1/4
f 8361/1/4 8360/1/4 8362/1/4
f 8363/1/4 8364/1/4 8365/1/4
f 8365/1/4 8364/1/4 8366/1/4
f 8367/1/4 8368/1/4 8369/1/4
f 8369/1/4 8368/1/4 8370/1/4
f 8371/1/4 8372/1/4 8373/1/4
f 8373/1/4 8372/1/4 8374/1/4
f 8375/1/4 8376/1/4 8377/1/4
f 8377/1/4 8376/1/4 8378/1/4
f 8379/1/4 8380/1/4 8381/1/4
f 8381/1/4 8380/1/4 8382/1/4
f 8383/1/4 8384/1/4 8385/1/4
f 8385/1/4 8384/1/4 8386/1/4
f 8387/1/4 8388/1/4 8389/1/4
f 8389/1/4 8388/1/4 8390/1/4
f 8391/1/4 8392/1/4 8393/1/4
f 8393/1/4 8392/1/4 8394/1/4
f 8395/1/4 8396/1/4 8397/1/4
f 8397/1/4 8396/1/4 8398/1/4
f 8399/1/4 8400/1/4 8401/1/4
f 8401/1/4 8400/1/4 8402/1/4
f 8403/1/4 8404/1/4 8405/1/4
f 8405/1/4 8404/1/4 8406/1/4
f 8407/1/4 8408/1/4 8409/1/4
f 8409/1/4 8408/1/4 8410/1/4
f 8411/1/4 8412/1/4 8413/1/4
f 8413/1/4 8412/1/4 8414/1/4
f 8415/1/4 8416/1/4 8417/1/4
f 8417/1/4 8416/1/4 8418/1/4
f 8419/1/4 8420/1/4 8421/1/4
f 8421/1/4 8420/1/4 8422/1/4
f 8423/1/4 8424/1/4 8425/1/4
f 8425/1/4 8424/1/4 8426/1/4
f 8427/1/4 8428/1/4 8429/1/4
f 8429/1/4 8428/1/4 8430/1/4
f 8431/1/4 8432/1/4 8433/1/4
f 8433/1/4 8432/1/4 8434/1/4
f 8435/1/4 8436/1/4 8437/1/4
f 8437/1/4 8436/1/4 8438/1/4
f 8439/1/4 8440/1/4 8441/1/4
f 8441/1/4 8440/1/4 8442/1/4
f 8443/1/4 8444/1/4 8445/1/4
f 8445/1/4 8444/1/4 8446/1/4
f 8447/1/4 8448/1/4 8449/1/4
f 8449/1/4 8448/1/4 8450/1/4
f 8451/1/4 8452/1/4 8453/1/4
f 8453/1/4 8452/1/4 8454/1/4
f 8455/1/4 8456/1/4 8457/1/4
f 8457/1/4 8456/1/4 8458/1/4
f 8459/1/4 8460/1/4 8461/1/4
f 8461/1/4 8460/1/4 8462/1/4
f 8463/1/4 8464/1/4 8465/1/4
f 8465/1/4 8464/1/4 8466/1/4
f 8467/1/4 8468/1/4 8469/1/4
f 8469/1/4 8468/1/4 8470/1/4
f 8471/1/4 8472/1/4 8473/1/4
f 8473/1/4 8472/1/4 8474/1/4
f 8475/1/4 8476/1/4 8477/1/4
f 8477/1/4 8476/1/4 8478/1/4
f 8479/1/4 8480/1/4 8481/1/4
f 8481/1/4 8480/1/4 8482/1/4
f 8483/1/4 8484/1/4 8485/1/4
f 8485/1/4 8484/1/4 8486/1/4
f 8487/1/4 8488/1/4 8489/1/4
f 8489/1/4 8488/1/4 8490/1/4
f 8491/1/4 8492/1/4 8493/1/4
f 8493/1/4 8492/1/4 8494/1/4
f 8495/1/4 8496/1/4 8497/1/4
f 8497/1/4 8496/1/4 8498/1/4
f 8499/1/4 8500/1/4 8501/1/4
f 8501/1/4 8500/1/4 8502/1/4
f 8503/1/4 8504/1/4 8505/1/4
f 8505/1/4 8504/1/4 8506/1/4
f 8507/1/4 8508/1/4 8509/1/4
f 8509/1/4 8508/1/4 8510/1/4
f 8511/1/4 8512/1/4 8513/1/4
f 8513/1/4 8512/1/4 8514/1/4
f 8515/1/4 8516/1/4 8517/1/4
f 8517/1/4 8516/1/4 8518/1/4
f 8519/1/4 8520/1/4 8521/1/4
f 8521/1/4 8520/1/4 8522/1/4
f 8523/1/4 8524/1/4 8525/1/4
f 8525/1/4 8524/1/4 8526/1/4
f 8527/1/4 8528/1/4 8529/1/4
f 8529/1/4 8528/1/4 8530/1/4
f 8531/1/4 8532/1/4 8533/1/4
f 8533/1/4 8532/1/4 8534/1/4
f 8535/1/4 8536/1/4 8537/1/4
f 8537/1/4 8536/1/4 8538/1/4
f 8539/1/4 8540/1/4 8541/1/4
f 8541/1/4 8540/1/4 8542/1/4
f 8543/1/4 8544/1/4 8545/1/4
f 8545/1/4 8544/1/4 8546/1/4
f 8547/1/4 8548/1/4 8549/1/4
f 8549/1/4 8548/1/4 8550/1/4
f 8551/1/4 8552/1/4 8553/1/4
f 8553/1/4 8552/1/4 8554/1/4
f 8555/1/4 8556/1/4 8557/1/4
f 8557/1/4 8556/1/4 8558/1/4
f 8559/1/4 8560/1/4 8561/1/4
f 8561/1/4 8560/1/4 8562/1/4
f 8563/1/4 8564/1/4 8565/1/4
f 8565/1/4 8564/1/4 8566/1/4
f 8567/1/4 8568/1/4 8569/1/4
f 8569/1/4 8568/1/4 8570/1/4
f 8571/1/4 8572/1/4 8573/1/4
f 8573/1/4 8572/1/4 8574/1/4
f 8575/1/4 8576/1/4 8577/1/4
f 8577/1/4 8576/1/4 8578/1/4
f 8579/1/4 8580/1/4 8581/1/4
f 8581/1/4 8580/1/4 8582/1/4
f 8583/1/4 8584/1/4 8585/1/4
f 8585/1/4 8584/1/4 8586/1/4
f 8587/1/4 8588/1/4 8589/1/4
f 8589/1/4 8588/1/4 8590/1/4
f 8591/1/4 8592/1/4 8593/1/4
f 8593/1/4 8592/1/4 8594/1/4
f 8595/1/4 8596/1/4 8597/1/4
f 8597/1/4 8596/1/4 8598/1/4
f 8599/1/4 8600/1/4 8601/1/4
f 8601/1/4 8600/1/4 8602/1/4
f 8603/1/4 8604/1/4 8605/1/4
f 8605/1/4 8604/1/4 8606/1/4
f 8607/1/4 8608/1/4 8609/1/4
f 8609/1/4 8608/1/4 8610/1/4
f 8611/1/4 8612/1/4 8613/1/4
f 8613/1/4 8612/1/4 8614/1/4
f 8615/1/4 8616/1/4 8617/1/4
f 8617/1/4 8616/1/4 8618/1/4
f 8619/1/4 8620/1/4 8621/1/4
f 8621/1/4 8620/1/4 8622/1/4
f 8623/1/4 8624/1/4 8625/1/4
f 8625/1/4 8624/1/4 8626/1/4
f 8627/1/4 8628/1/4 8629/1/4
f 8629/1/4 8628/1/4 8630/1/4
f 8631/1/4 8632/1/4 8633/1/4
f 8633/1/4 8632/1/4 8634/1/4
f 8635/1/4 8636/1/4 8637/1/4
f 8637/1/4 8636/1/4 8638/1/4
f 8639/1/4 8640/1/4 8641/1/4
f 8641/1/4 8640/1/4 8642/1/4
f 8643/1/4 8644/1/4 8645/1/4
f 8645/1/4 8644/1/4 8646/1/4
f 8647/1/4 8648/1/4 8649/1/4
f 8649/1/4 8648/1/4 8650/1/4
f 8651/1/4 8652/1/4 8653/1/4
f 8653/1/4 8652/1/4 8654/1/4
f 8655/1/4 8656/1/4 8657/1/4
f 8657/1/4 8656/1/4 8658/1/4
f 8659/1/4 8660/1/4 8661/1/4
f 8661/1/4 8660/1/4 8662/1/4
f 8663/1/4 8664/1/4 8665/1/4
f 8665/1/4 8664/1/4 8666/1/4
f 8667/1/4 8668/1/4 8669/1/4
f 8669/1/4 8668/1/4 8670/1/4
f 8671/1/4 8672/1/4 8673/1/4
f 8673/1/4 8672/1/4 8674/1/4
f 8675/1/4 8676/1/4 8677/1/4
f 8677/1/4 8676/1/4 8678/1/4
f 8679/1/4 8680/1/4 8681/1/4
f 8681/1/4 8680/1/4 8682/1/4
f 8683/1/4 8684/1/4 8685/1/4
f 8685/1/4 8684/1/4 8686/1/4
f 8687/1/4 8688/1/4 8689/1/4
f 8689/1/4 8688/1/4 8690/1/4
f 8691/1/4 8692/1/4 8693/1/4
f 8693/1/4 8692/1/4 8694/1/4
f 8695/1/4 8696/1/4 8697/1/4
f 8697/1/4 8696/1/4 8698/1/4
f 8699/1/4 8700/1/4 8701/1/4
f 8701/1/4 8700/1/4 8702/1/4
f 8703/1/4 8704/1/4 8705/1/4
f 8705/1/4 8704/1/4 8706/1/4
f 8707/1/4 8708/1/4 8709/1/4
f 8709/1/4 8708/1/4 8710/1/4
f 8711/1/4 8712/1/4 8713/1/4
f 8713/1/4 8712/1/4 8714/1/4
f 8715/1/4 8716/1/4 8717/1/4
f 8717/1/4 8716/1/4 8718/1/4
f 8719/1/4 8720/1/4 8721/1/4
f 8721/1/4 8720/1/4 8722/1/4
f 8723/1/4 8724/1/4 8725/1/4
f 8725/1/4 8724/1/4 8726/1/4
f 8727/1/4 8728/1/4 8729/1/4
f 8729/1/4 8728/1/4 8730/1/4
f 8731/1/4 8732/1/4 8733/1/4
f 8733/1/4 8732/1/4 8734/1/4
f 8735/1/4 8736/1/4 8737/1/4
f 8737/1/4 8736/1/4 8738/1/4
f 8739/1/4 8740/1/4 8741/1/4
f 8741/1/4 8740/1/4 8742/1/4
f 8743/1/4 8744/1/4 8745/1/4
f 8745/1/4 8744/1/4 8746/1/4
f 8747/1/4 8748/1/4 8749/1/4
f 8749/1/4 8748/1/4 8750/1/4
f 8751/1/4 8752/1/4 8753/1/4
f 8753/1/4 8752/1/4 8754/1/4
f 8755/1/4 8756/1/4 8757/1/4
f 8757/1/4 8756/1/4 8758/1/4
f 8759/1/4 8760/1/4 8761/1/4
f 8761/1/4 8760/1/4 8762/1/4
f 8763/1/4 8764/1/4 8765/1/4
f 8765/1/4 8764/1/4 8766/1/4
f 8767/1/4 8768/1/4 8769/1/4
f 8769/1/4 8768/1/4 8770/1/4
f 8771/1/4 8772/1/4 8773/1/4
f 8773/1/4 8772/1/4 8774/1/4
f 8775/1/4 8776/1/4 8777/1/4
f 8777/1/4 8776/1/4 8778/1/4
f 8779/1/4 8780/1/4 8781/1/4
f 8781/1/4 8780/1/4 8782/1/4
f 8783/1/4 8784/1/4 8785/1/4
f 8785/1/4 8784/1/4 8786/1/4
f 8787/1/4 8788/1/4 8789/1/4
f 8789/1/4 8788/1/4 8790/1/4
f 8791/1/4 8792/1/4 8793/1/4
f 8793/1/4 8792/1/4 8794/1/4
f 8795/1/4 8796/1/4 8797/1/4
f 8797/1/4 8796/1/4 8798/1/4
f 8799/1/4 8800/1/4 8801/1/4
f 8801/1/4 8800/1/4 8802/1/4
f 8803/1/4 8804/1/4 8805/1/4
f 8805/1/4 8804/1/4 8806/1/4
f 8807/1/4 8808/1/4 8809/1/4
f 8809/1/4 8808/1/4 8810/1/4
f 8811/1/4 8812/1/4 8813/1/4
f 8813/1/4 8812/1/4 8814/1/4
f 8815/1/4 8816/1/4 8817/1/4
f 8817/1/4 8816/1/4 8818/1/4
f 8819/1/4 8820/1/4 8821/1/4
f 8821/1/4 8820/1/4 8822/1/4
f 8823/1/4 8824/1/4 8825/1/4
f 8825/1/4 8824/1/4 8826/1/4
f 8827/1/4 8828/1/4 8829/1/4
f 8829/1/4 8828/1/4 8830/1/4
f 8831/1/4 8832/1/4 8833/1/4
f 8833/1/4 8832/1/4 8834/1/4
f 8835/1/4 8836/1/4 8837/1/4
f 8837/1/4 8836/1/4 8838/1/4
f 8839/1/4 8840/1/4 8841/1/4
f 8841/1/4 8840/1/4 8842/1/4
f 8843/1/4 8844/1/4 8845/1/4
f 8845/1/4 8844/1/4 8846/1/4
f 8847/1/4 8848/1/4 8849/1/4
f 8849/1/4 8848/1/4 8850/1/4
f 8851/1/4 8852/1/4 8853/1/4
f 8853/1/4 8852/1/4 8854/1/4
f 8855/1/4 8856/1/4 8857/1/4
f 8857/1/4 8856/1/4 8858/1/4
f 8859/1/4 8860/1/4 8861/1/4
f 8861/1/4 8860/1/4 8862/1/4
f 8863/1/4 8864/1/4 8865/1/4
f 8865/1/4 8864/1/4 8866/1/4
f 8867/1/4 8868/1/4 8869/1/4
f 8869/1/4 8868/1/4 8870/1/4
f 8871/1/4 8872/1/4 8873/1/4
f 8873/1/4 8872/1/4 8874/1/4
f 8875/1/4 8876/1/4 8877/1/4
f 8877/1/4 8876/1/4 8878/1/4
f 8879/1/4 8880/1/4 8881/1/4
f 8881/1/4 8880/1/4 8882/1/4
f 8883/1/4 8884/1/4 8885/1/4
f 8885/1/4 8884/1/4 8886/1/4
f 8887/1/4 8888/1/4 8889/1/4
f 8889/1/4 8888/1/4 8890/1/4
f 8891/1/4 8892/1/4 8893/1/4
f 8893/1/4 8892/1/4 8894/1/4
f 8895/1/4 8896/1/4 8897/1/4
f 8897/1/4 8896/1/4 8898/1/4
f 8899/1/4 8900/1/4 8901/1/4
f 8901/1/4 8900/1/4 8902/1/4
f 8903/1/4 8904/1/4 8905/1/4
f 8905/1/4 8904/1/4 8906/1/4
f 8907/1/4 8908/1/4 8909/1/4
f 8909/1/4 8908/1/4 8910/1/4
f 8911/1/4 8912/1/4 8913/1/4
f 8913/1/4 8912/1/4 8914/1/4
f 8915/1/4 8916/1/4 8917/1/4
f 8917/1/4 8916/1/4 8918/1/4
f 8919/1/4 8920/1/4 8921/1/4
f 8921/1/4 8920/1/4 8922/1/4
f 8923/1/4 8924/1/4 8925/1/4
f 8925/1/4 8924/1/4 8926/1/4
f 8927/1/4 8928/1/4 8929/1/4
f 8929/1/4 8928/1/4 8930/1/4
f 8931/1/4 8932/1/4 8933/1/4
f 8933/1/4 8932/1/4 8934/1/4
f 8935/1/4 8936/1/4 8937/1/4
f 8937/1/4 8936/1/4 8938/1/4
f 8939/1/4 8940/1/4 8941/1/4
f 8941/1/4 8940/1/4 8942/1/4
f 8943/1/4 8944/1/4 8945/1/4
f 8945/1/4 8944/1/4 8946/1/4
f 8947/1/4 8948/1/4 8949/1/4
f 8949/1/4 8948/1/4 8950/1/4
f 8951/1/4 8952/1/4 8953/1/4
f 8953/1/4 8952/1/4 8954/1/4
f 8955/1/4 8956/1/4 8957/1/4
f 8957/1/4 8956/1/4 8958/1/4
f 8959/1/4 8960/1/4 8961/1/4
f 8961/1/4 8960/1/4 8962/1/4
f 8963/1/4 8964/1/4 8965/1/4
f 8965/1/4 8964/1/4 8966/1/4
f 8967/1/4 8968/1/4 8969/1/4
f 8969/1/4 8968/1/4 8970/1/4
f 8971/1/4 8972/1/4 8973/1/4
f 8973/1/4 8972/1/4 8974/1/4
f 8975/1/4 8976/1/4 8977/1/4
f 8977/1/4 8976/1/4 8978/1/4
f 8979/1/4 8980/1/4 8981/1/4
f 8981/1/4 8980/1/4 8982/1/4
f 8983/1/4 8984/1/4 8985/1/4
f 8985/1/4 8984/1/4 8986/1/4
f 8987/1/4 8988/1/4 8989/1/4
f 8989/1/4 8988/1/4 8990/1/4
f 8991/1/4 8992/1/4 8993/1/4
f 8993/1/4 8992/1/4 8994/1/4
f 8995/1/4 8996/1/4 8997/1/4
f 8997/1/4 8996/1/4 8998/1/4
f 8999/1/4 9000/1/4 9001/1/4
f 9001/1/4 9000/1/4 9002/1/4
f 9003/1/4 9004/1/4 9005/1/4
f 9005/1/4 9004/1/4 9006/1/4
f 9007/1/4 9008/1/4 9009/1/4
f 9009/1/4 9008/1/4 9010/1/4
f 9011/1/4 9012/1/4 9013/1/4
f 9013/1/4 9012/1/4 9014/1/4
f 9015/1/4 9016/1/4 9017/1/4
f 9017/1/4 9016/1/4 9018/1/4
f 9019/1/4 9020/1/4 9021/1/4
f 9021/1/4 9020/1/4 9022/1/4
f 9023/1/4 9024/1/4 9025/1/4
f 9025/1/4 9024/1/4 9026/1/4
f 9027/1/4 9028/1/4 9029/1/4
f 9029/1/4 9028/1/4 9030/1/4
f 9031/1/4 9032/1/4 9033/1/4
f 9033/1/4 9032/1/4 9034/1/4
f 9035/1/4 9036/1/4 9037/1/4
f 9037/1/4 9036/1/4 9038/1/4
f 9039/1/4 9040/1/4 9041/1/4
f 9041/1/4 9040/1/4 9042/1/4
f 9043/1/4 9044/1/4 9045/1/4
f 9045/1/4 9044/1/4 9046/1/4
f 9047/1/4 9048/1/4 9049/1/4
f 9049/1/4 9048/1/4 9050/1/4
f 9051/1/4 9052/1/4 9053/1/4
f 9053/1/4 9052/1/4 9054/1/4
f 9055/1/4 9056/1/4 9057/1/4
f 9057/1/4 9056/1/4 9058/1/4
f 9059/1/4 9060/1/4 9061/1/4
f 9061/1/4 9060/1/4 9062/1/4
f 9063/1/4 9064/1/4 9065/1/4
f 9065/1/4 9064/1/4 9066/1/4
f 9067/1/4 9068/1/4 9069/1/4
f 9069/1/4 9068/1/4 9070/1/4
f 9071/1/4 9072/1/4 9073/1/4
f 9073/1/4 9072/1/4 9074/1/4
f 9075/1/4 9076/1/4 9077/1/4
f 9077/1/4 9076/1/4 9078/1/4
f 9079/1/4 9080/1/4 9081/1/4
f 9081/1/4 9080/1/4 9082/1/4
f 9083/1/4 9084/1/4 9085/1/4
f 9085/1/4 9084/1/4 9086/1/4
f 9087/1/4 9088/1/4 9089/1/4
f 9089/1/4 9088/1/4 9090/1/4
f 9091/1/4 9092/1/4 9093/1/4
f 9093/1/4 9092/1/4 9094/1/4
f 9095/1/4 9096/1/4 9097/1/4
f 9097/1/4 9096/1/4 9098/1/4
f 9099/1/4 9100/1/4 9101/1/4
f 9101/1/4 9100/1/4 9102/1/4
f 9103/1/4 9104/1/4 9105/1/4
f 9105/1/4 9104/1/4 9106/1/4
f 9107/1/4 9108/1/4 9109/1/4
f 9109/1/4 9108/1/4 9110/1/4
f 9111/1/4 9112/1/4 9113/1/4
f 9113/1/4 9112/1/4 9114/1/4
f 9115/1/4 9116/1/4 9117/1/4
f 9117/1/4 9116/1/4 9118/1/4
f 9119/1/4 9120/1/4 9121/1/4
f 9121/1/4 9120/1/4 9122/1/4
f 9123/1/4 9124/1/4 9125/1/4
f 9125/1/4 9124/1/4 9126/1/4
f 9127/1/4 9128/1/4 9129/1/4
f 9129/1/4 9128/1/4 9130/1/4
f 9131/1/4 9132/1/4 9133/1/4
f 9133/1/4 9132/1/4 9134/1/4
f 9135/1/4 9136/1/4 9137/1/4
f 9137/1/4 9136/1/4 9138/1/4
f 9139/1/4 9140/1/4 9141/1/4
f 9141/1/4 9140/1/4 9142/1/4
f 9143/1/4 9144/1/4 9145/1/4
f 9145/1/4 9144/1/4 9146/1/4
f 9147/1/4 9148/1/4 9149/1/4
f 9149/1/4 9148/1/4 9150/1/4
f 9151/1/4 9152/1/4 9153/1/4
f 9153/1/4 9152/1/4 9154/1/4
f 9155/1/4 9156/1/4 9157/1/4
f 9157/1/4 9156/1/4 9158/1/4
f 9159/1/4 9160/1/4 9161/1/4
f 9161/1/4 9160/1/4 9162/1/4
f 9163/1/4 9164/1/4 9165/1/4
f 9165/1/4 9164/1/4 9166/1/4
f 9167/1/4 9168/1/4 9169/1/4
f 9169/1/4 9168/1/4 9170/1/4
f 9171/1/4 9172/1/4 9173/1/4
f 9173/1/4 9172/1/4 9174/1/4
f 9175/1/4 9176/1/4 9177/1/4
f 9177/1/4 9176/1/4 9178/1/4
f 9179/1/4 9180/1/4 9181/1/4
f 9181/1/4 9180/1/4 9182/1/4
f 9183/1/4 9184/1/4 9185/1/4
f 9185/1/4 9184/1/4 9186/1/4
f 9187/1/4 9188/1/4 9189/1/4
f 9189/1/4 9188/1/4 9190/1/4
f 9191/1/4 9192/1/4 9193/1/4
f 9193/1/4 9192/1/4 9194/1/4
f 9195/1/4 9196/1/4 9197/1/4
f 9197/1/4 9196/1/4 9198/1/4
f 9199/1/4 9200/1/4 9201/1/4
f 9201/1/4 9200/1/4 9202/1/4
f 9203/1/4 9204/1/4 9205/1/4
f 9205/1/4 9204/1/4 9206/1/4
f 9207/1/4 9208/1/4 9209/1/4
f 9209/1/4 9208/1/4 9210/1/4
f 9211/1/4 9212/1/4 9213/1/4
f 9213/1/4 9212/1/4 9214/1/4
f 9215/1/4 9216/1/4 9217/1/4
f 9217/1/4 9216/1/4 9218/1/4
f 9219/1/4 9220/1/4 9221/1/4
f 9221/1/4 9220/1/4 9222/1/4
f 9223/1/4 9224/1/4 9225/1/4
f 9225/1/4 9224/1/4 9226/1/4
f 9227/1/4 9228/1/4 9229/1/4
f 9229/1/4 9228/1/4 9230/1/4
f 9231/1/4 9232/1/4 9233/1/4
f 9233/1/4 9232/1/4 9234/1/4
f 9235/1/4 9236/1/4 9237/1/4
f 9237/1/4 9236/1/4 9238/1/4
f 9239/1/4 9240/1/4 9241/1/4
f 9241/1/4 9240/1/4 9242/1/4
f 9243/1/4 9244/1/4 9245/1/4
f 9245/1/4 9244/1/4 9246/1/4
f 9247/1/4 9248/1/4 9249/1/4
f 9249/1/4 9248/1/4 9250/1/4
f 9251/1/4 9252/1/4 9253/1/4
f 9253/1/4 9252/1/4 9254/1/4
f 9255/1/4 9256/1/4 9257/1/4
f 9257/1/4 9256/1/4 9258/1/4
f 9259/1/4 9260/1/4 9261/1/4
f 9261/1/4 9260/1/4 9262/1/4
f 9263/1/4 9264/1/4 9265/1/4
f 9265/1/4 9264/1/4 9266/1/4
f 9267/1/4 9268/1/4 9269/1/4
f 9269/1/4 9268/1/4 9270/1/4
f 9271/1/4 9272/1/4 9273/1/4
f 9273/1/4 9272/1/4 9274/1/4
f 9275/1/4 9276/1/4 9277/1/4
f 9277/1/4 9276/1/4 9278/1/4
f 9279/1/4 9280/1/4 9281/1/4
f 9281/1/4 9280/1/4 9282/1/4
f 9283/1/4 9284/1/4 9285/1/4
f 9285/1/4 9284/1/4 9286/1/4
f 9287/1/4 9288/1/4 9289/1/4
f 9289/1/4 9288/1/4 9290/1/4
f 9291/1/4 9292/1/4 9293/1/4
f 9293/1/4 9292/1/4 9294/1/4
f 9295/1/4 9296/1/4 9297/1/4
f 9297/1/4 9296/1/4 9298/1/4
f 9299/1/4 9300/1/4 9301/1/4
f 9301/1/4 9300/1/4 9302/1/4
f 9303/1/4 9304/1/4 9305/1/4
f 9305/1/4 9304/1/4 9306/1/4
f 9307/1/4 9308/1/4 9309/1/4
f 9309/1/4 9308/1/4 9310/1/4
f 9311/1/4 9312/1/4 9313/1/4
f 9313/1/4 9312/1/4 9314/1/4
f 9315/1/4 9316/1/4 9317/1/4
f 9317/1/4 9316/1/4 9318/1/4
f 9319/1/4 9320/1/4 9321/1/4
f 9321/1/4 9320/1/4 9322/1/4
f 9323/1/4 9324/1/4 9325/1/4
f 9325/1/4 9324/1/4 9326/1/4
f 9327/1/4 9328/1/4 9329/1/4
f 9329/1/4 9328/1/4 9330/1/4
f 9331/1/4 9332/1/4 9333/1/4
f 9333/1/4 9332/1/4 9334/1/4
f 9335/1/4 9336/1/4 9337/1/4
f 9337/1/4 9336/1/4 9338/1/4
f 9339/1/4 9340/1/4 9341/1/4
f 9341/1/4 9340/1/4 9342/1/4
f 9343/1/4 9344/1/4 9345/1/4
f 9345/1/4 9344/1/4 9346/1/4
f 9347/1/4 9348/1/4 9349/1/4
f 9349/1/4 9348/1/4 9350/1/4
f 9351/1/4 9352/1/4 9353/1/4
f 9353/1/4 9352/1/4 9354/1/4
f 9355/1/4 9356/1/4 9357/1/4
f 9357/1/4 9356/1/4 9358/1/4
f 9359/1/4 9360/1/4 9361/1/4
f 9361/1/4 9360/1/4 9362/1/4
f 9363/1/4 9364/1/4 9365/1/4
f 9365/1/4 9364/1/4 9366/1/4
f 9367/1/4 9368/1/4 9369/1/4
f 9369/1/4 9368/1/4 9370/1/4
f 9371/1/4 9372/1/4 9373/1/4
f 9373/1/4 9372/1/4 9374/1/4
f 9375/1/4 9376/1/4 9377/1/4
f 9377/1/4 9376/1/4 9378/1/4
f 9379/1/4 9380/1/4 9381/1/4
f 9381/1/4 9380/1/4 9382/1/4
f 9383/1/4 9384/1/4 9385/1/4
f 9385/1/4 9384/1/4 9386/1/4
f 9387/1/4 9388/1/4 9389/1/4
f 9389/1/4 9388/1/4 9390/1/4
f 9391/1/4 9392/1/4 9393/1/4
f 9393/1/4 9392/1/4 9394/1/4
f 9395/1/4 9396/1/4 9397/1/4
f 9397/1/4 9396/1/4 9398/1/4
f 9399/1/4 9400/1/4 9401/1/4
f 9401/1/4 9400/1/4 9402/1/4
f 9403/1/4 9404/1/4 9405/1/4
f 9405/1/4 9404/1/4 9406/1/4
f 9407/1/4 9408/1/4 9409/1/4
f 9409/1/4 9408/1/4 9410/1/4
f 9411/1/4 9412/1/4 9413/1/4
f 9413/1/4 9412/1/4 9414/1/4
f 9415/1/4 9416/1/4 9417/1/4
f 9417/1/4 9416/1/4 9418/1/4
f 9419/1/4 9420/1/4 9421/1/4
f 9421/1/4 9420/1/4 9422/1/4
f 9423/1/4 9424/1/4 9425/1/4
f 9425/1/4 9424/1/4 9426/1/4
f 9427/1/4 9428/1/4 9429/1/4
f 9429/1/4 9428/1/4 9430/1/4
f 9431/1/4 9432/1/4 9433/1/4
f 9433/1/4 9432/1/4 9434/1/4
f 9435/1/4 9436/1/4 9437/1/4
f 9437/1/4 9436/1/4 9438/1/4
f 9439/1/4 9440/1/4 9441/1/4
f 9441/1/4 9440/1/4 9442/1/4
f 9443/1/4 9444/1/4 9445/1/4
f 9445/1/4 9444/1/4 9446/1/4
f 9447/1/4 9448/1/4 9449/1/4
f 9449/1/4 9448/1/4 9450/1/4
f 9451/1/4 9452/1/4 9453/1/4
f 9453/1/4 9452/1/4 9454/1/4
f 9455/1/4 9456/1/4 9457/1/4
f 9457/1/4 9456/1/4 9458/1/4
f 9459/1/4 9460/1/4 9461/1/4
f 9461/1/4 9460/1/4 9462/1/4
f 9463/1/4 9464/1/4 9465/1/4
f 9465/1/4 9464/1/4 9466/1/4
f 9467/1/4 9468/1/4 9469/1/4
f 9469/1/4 9468/1/4 9470/1/4
f 9471/1/4 9472/1/4 9473/1/4
f 9473/1/4 9472/1/4 9474/1/4
f 9475/1/4 9476/1/4 9477/1/4
f 9477/1/4 9476/1/4 9478/1/4
f 9479/1/4 9480/1/4 9481/1/4
f 9481/1/4 9480/1/4 9482/1/4
f 9483/1/4 9484/1/4 9485/1/4
f 9485/1/4 9484/1/4 9486/1/4
f 9487/1/4 9488/1/4 9489/1/4
f 9489/1/4 9488/1/4 9490/1/4
f 9491/1/4 9492/1/4 9493/1/4
f 9493/1/4 9492/1/4 9494/1/4
f 9495/1/4 9496/1/4 9497/1/4
f 9497/1/4 9496/1/4 9498/1/4
f 9499/1/4 9500/1/4 9501/1/4
f 9501/1/4 9500/1/4 9502/1/4
f 9503/1/4 9504/1/4 9505/1/4
f 9505/1/4 9504/1/4 9506/1/4
f 9507/1/4 9508/1/4 9509/1/4
f 9509/1/4 9508/1/4 9510/1/4
f 9511/1/4 9512/1/4 9513/1/4
f 9513/1/4 9512/1/4 9514/1/4
f 9515/1/4 9516/1/4 9517/1/4
f 9517/1/4 9516/1/4 9518/1/4
f 9519/1/4 9520/1/4 9521/1/4
f 9521/1/4 9520/1/4 9522/1/4
f 9523/1/4 9524/1/4 9525/1/4
f 9525/1/4 9524/1/4 9526/1/4
f 9527/1/4 9528/1/4 9529/1/4
f 9529/1/4 9528/1/4 9530/1/4
f 9531/1/4 9532/1/4 9533/1/4
f 9533/1/4 9532/1/4 9534/1/4
f 9535/1/4 9536/1/4 9537/1/4
f 9537/1/4 9536/1/4 9538/1/4
f 9539/1/4 9540/1/4 9541/1/4
f 9541/1/4 9540/1/4 9542/1/4
f 9543/1/4 9544/1/4 9545/1/4
f 9545/1/4 9544/1/4 9546/1/4
f 9547/1/4 9548/1/4 9549/1/4
f 9549/1/4 9548/1/4 9550/1/4
f 9551/1/4 9552/1/4 9553/1/4
f 9553/1/4 9552/1/4 9554/1/4
f 9555/1/4 9556/1/4 9557/1/4
f 9557/1/4 9556/1/4 9558/1/4
f 9559/1/4 9560/1/4 9561/1/4
f 9561/1/4 9560/1/4 9562/1/4
f 9563/1/4 9564/1/4 9565/1/4
f 9565/1/4 9564/1/4 9566/1/4
f 9567/1/4 9568/1/4 9569/1/4
f 9569/1/4 9568/1/4 9570/1/4
f 9571/1/4 9572/1/4 9573/1/4
f 9573/1/4 9572/1/4 9574/1/4
f 9575/1/4 9576/1/4 9577/1/4
f 9577/1/4 9576/1/4 9578/1/4
f 9579/1/4 9580/1/4 9581/1/4
f 9581/1/4 9580/1/4 9582/1/4
f 9583/1/4 9584/1/4 9585/1/4
f 9585/1/4 9584/1/4 9586/1/4
f 9587/1/4 9588/1/4 9589/1/4
f 9589/1/4 9588/1/4 9590/1/4
f 9591/1/4 9592/1/4 9593/1/4
f 9593/1/4 9592/1/4 9594/1/4
f 9595/1/4 9596/1/4 9597/1/4
f 9597/1/4 9596/1/4 9598/1/4
f 9599/1/4 9600/1/4 9601/1/4
f 9601/1/4 9600/1/4 9602/1/4
f 9603/1/4 9604/1/4 9605/1/4
f 9605/1/4 9604/1/4 9606/1/4
f 9607/1/4 9608/1/4 9609/1/4
f 9609/1/4 9608/1/4 9610/1/4
f 9611/1/4 9612/1/4 9613/1/4
f 9613/1/4 9612/1/4 9614/1/4
f 9615/1/4 9616/1/4 9617/1/4
f 9617/1/4 9616/1/4 9618/1/4
f 9619/1/4 9620/1/4 9621/1/4
f 9621/1/4 9620/1/4 9622/1/4
f 9623/1/4 9624/1/4 9625/1/4
f 9625/1/4 9624/1/4 9626/1/4
f 9627/1/4 9628/1/4 9629/1/4
f 9629/1/4 9628/1/4 9630/1/4
f 9631/1/4 9632/1/4 9633/1/4
f 9633/1/4 9632/1/4 9634/1/4
f 9635/1/4 9636/1/4 9637/1/4
f 9637/1/4 9636/1/4 9638/1/4
f 9639/1/4 9640/1/4 9641/1/4
f 9641/1/4 9640/1/4 9642/1/4
f 9643/1/4 9644/1/4 9645/1/4
f 9645/1/4 9644/1/4 9646/1/4
f 9647/1/4 9648/1/4 9649/1/4
f 9649/1/4 9648/1/4 9650/1/4
f 9651/1/4 9652/1/4 9653/1/4
f 9653/1/4 9652/1/4 9654/1/4
f 9655/1/4 9656/1/4 9657/1/4
f 9657/1/4 9656/1/4 9658/1/4
f 9659/1/4 9660/1/4 9661/1/4
f 9661/1/4 9660/1/4 9662/1/4
f 9663/1/4 9664/1/4 9665/1/4
f 9665/1/4 9664/1/4 9666/1/4
f 9667/1/4 9668/1/4 9669/1/4
f 9669/1/4 9668/1/4 9670/1/4
f 9671/1/4 9672/1/4 9673/1/4
f 9673/1/4 9672/1/4 9674/1/4
f 9675/1/4 9676/1/4 9677/1/4
f 9677/1/4 9676/1/4 9678/1/4
f 9679/1/4 9680/1/4 9681/1/4
f 9681/1/4 9680/1/4 9682/1/4
f 9683/1/4 9684/1/4 9685/1/4
f 9685/1/4 9684/1/4 9686/1/4
f 9687/1/4 9688/1/4 9689/1/4
f 9689/1/4 9688/1/4 9690/1/4
f 9691/1/4 9692/1/4 9693/1/4
f 9693/1/4 9692/1/4 9694/1/4
f 9695/1/4 9696/1/4 9697/1/4
f 9697/1/4 9696/1/4 9698/1/4
f 9699/1/4 9700/1/4 9701/1/4
f 9701/1/4 9700/1/4 9702/1/4
f 9703/1/4 9704/1/4 9705/1/4
f 9705/1/4 9704/1/4 9706/1/4
f 9707/1/4 9708/1/4 9709/1/4
f 9709/1/4 9708/1/4 9710/1/4
f 9711/1/4 9712/1/4 9713/1/4
f 9713/1/4 9712/1/4 9714/1/4
f 9715/1/4 9716/1/4 9717/1/4
f 9717/1/4 9716/1/4 9718/1/4
f 9719/1/4 9720/1/4 9721/1/4
f 9721/1/4 9720/1/4 9722/1/4
f 9723/1/4 9724/1/4 9725/1/4
f 9725/1/4 9724/1/4 9726/1/4
f 9727/1/4 9728/1/4 9729/1/4
f 9729/1/4 9728/1/4 9730/1/4
f 9731/1/4 9732/1/4 9733/1/4
f 9733/1/4 9732/1/4 9734/1/4
f 9735/1/4 9736/1/4 9737/1/4
f 9737/1/4 9736/1/4 9738/1/4
f 9739/1/4 9740/1/4 9741/1/4
f 9741/1/4 9740/1/4 9742/1/4
f 9743/1/4 9744/1/4 9745/1/4
f 9745/1/4 9744/1/4 9746/1/4
f 9747/1/4 9748/1/4 9749/1/4
f 9749/1/4 9748/1/4 9750/1/4
f 9751/1/4 9752/1/4 9753/1/4
f 9753/1/4 9752/1/4 9754/1/4
f 9755/1/4 9756/1/4 9757/1/4
f 9757/1/4 9756/1/4 9758/1/4
f 9759/1/4 9760/1/4 9761/1/4
f 9761/1/4 9760/1/4 9762/1/4
f 9763/1/4 9764/1/4 9765/1/4
f 9765/1/4 9764/1/4 9766/1/4
f 9767/1/4 9768/1/4 9769/1/4
f 9769/1/4 9768/1/4 9770/1/4
f 9771/1/4 9772/1/4 9773/1/4
f 9773/1/4 9772/1/4 9774/1/4
f 9775/1/4 9776/1/4 9777/1/4
f 9777/1/4 9776/1/4 9778/1/4
f 9779/1/4 9780/1/4 9781/1/4
f 9781/1/4 9780/1/4 9782/1/4
f 9783/1/4 9784/1/4 9785/1/4
f 9785/1/4 9784/1/4 9786/1/4
f 9787/1/4 9788/1/4 9789/1/4
f 9789/1/4 9788/1/4 9790/1/4
f 9791/1/4 9792/1/4 9793/1/4
f 9793/1/4 9792/1/4 9794/1/4
f 9795/1/4 9796/1/4 9797/1/4
f 9797/1/4 9796/1/4 9798/1/4
f 9799/1/4 9800/1/4 9801/1/4
f 9801/1/4 9800/1/4 9802/1/4
f 9803/1/4 9804/1/4 9805/1/4
f 9805/1/4 9804/1/4 9806/1/4
f 9807/1/4 9808/1/4 9809/1/4
f 9809/1/4 9808/1/4 9810/1/4
f 9811/1/4 9812/1/4 9813/1/4
f 9813/1/4 9812/1/4 9814/1/4
f 9815/1/4 9816/1/4 9817/1/4
f 9817/1/4 9816/1/4 9818/1/4
f 9819/1/4 9820/1/4 9821/1/4
f 9821/1/4 9820/1/4 9822/1/4
f 9823/1/4 9824/1/4 9825/1/4
f 9825/1/4 9824/1/4 9826/1/4
f 9827/1/4 9828/1/4 9829/1/4
f 9829/1/4 9828/1/4 9830/1/4
f 9831/1/4 9832/1/4 9833/1/4
f 9833/1/4 9832/1/4 9834/1/4
f 9835/1/4 9836/1/4 9837/1/4
f 9837/1/4 9836/1/4 9838/1/4
f 9839/1/4 9840/1/4 9841/1/4
f 9841/1/4 9840/1/4 9842/1/4
f 9843/1/4 9844/1/4 9845/1/4
f 9845/1/4 9844/1/4 9846/1/4
f 9847/1/4 9848/1/4 9849/1/4
f 9849/1/4 9848/1/4 9850/1/4
f 9851/1/4 9852/1/4 9853/1/4
f 9853/1/4 9852/1/4 9854/1/4
f 9855/1/4 9856/1/4 9857/1/4
f 9857/1/4 9856/1/4 9858/1/4
f 9859/1/4 9860/1/4 9861/1/4
f 9861/1/4 9860/1/4 9862/1/4
f 9863/1/4 9864/1/4 9865/1/4
f 9865/1/4 9864/1/4 9866/1/4
f 9867/1/4 9868/1/4 9869/1/4
f 9869/1/4 9868/1/4 9870/1/4
f 9871/1/4 9872/1/4 9873/1/4
f 9873/1/4 9872/1/4 9874/1/4
f 9875/1/4 9876/1/4 9877/1/4
f 9877/1/4 9876/1/4 9878/1/4
f 9879/1/4 9880/1/4 9881/1/4
f 9881/1/4 9880/1/4 9882/1/4
f 9883/1/4 9884/1/4 9885/1/4
f 9885/1/4 9884/1/4 9886/1/4
f 9887/1/4 9888/1/4 9889/1/4
f 9889/1/4 9888/1/4 9890/1/4
f 9891/1/4 9892/1/4 9893/1/4
f 9893/1/4 9892/1/4 9894/1/4
f 9895/1/4 9896/1/4 9897/1/4
f 9897/1/4 9896/1/4 9898/1/4
f 9899/1/4 9900/1/4 9901/1/4
f 9901/1/4 9900/1/4 9902/1/4
f 9903/1/4 9904/1/4 9905/1/4
f 9905/1/4 9904/1/4 9906/1/4
f 9907/1/4 9908/1/4 9909/1/4
f 9909/1/4 9908/1/4 9910/1/4
f 9910/1/4 9911/1/4 9912/1/4
f 9912/1/4 9911/1/4 9913/1/4
f 9914/1/4 9915/1/4 9916/1/4
f 9916/1/4 9915/1/4 9917/1/4
f 9918/1/4 9919/1/4 9920/1/4
f 9920/1/4 9919/1/4 9921/1/4
f 9922/1/4 9923/1/4 9924/1/4
f 9924/1/4 9923/1/4 9925/1/4
f 9926/1/4 9927/1/4 9928/1/4
f 9928/1/4 9927/1/4 9929/1/4
f 9930/1/4 9931/1/4 9932/1/4
f 9932/1/4 9931/1/4 9933/1/4
f 9934/1/4 9935/1/4 9936/1/4
f 9936/1/4 9935/1/4 9937/1/4
f 9937/1/4 9938/1/4 9939/1/4
f 9939/1/4 9938/1/4 9940/1/4
f 9941/1/4 9942/1/4 9943/1/4
f 9943/1/4 9942/1/4 9944/1/4
f 9945/1/4 9946/1/4 9947/1/4
f 9947/1/4 9946/1/4 9948/1/4
f 9949/1/4 9950/1/4 9951/1/4
f 9951/1/4 9950/1/4 9952/1/4
f 9953/1/4 9954/1/4 9955/1/4
f 9955/1/4 9954/1/4 9956/1/4
f 9957/1/4 9958/1/4 9959/1/4
f 9959/1/4 9958/1/4 9960/1/4
f 9961/1/4 9962/1/4 9963/1/4
f 9963/1/4 9962/1/4 9964/1/4
f 9965/1/4 9966/1/4 9967/1/4
f 9967/1/4 9966/1/4 9968/1/4
f 9969/1/4 9970/1/4 9971/1/4
f 9971/1/4 9970/1/4 9972/1/4
f 9973/1/4 9974/1/4 9975/1/4
f 9975/1/4 9974/1/4 9976/1/4
f 9977/1/4 9978/1/4 9979/1/4
f 9979/1/4 9978/1/4 9980/1/4
f 9981/1/4 9982/1/4 9983/1/4
f 9983/1/4 9982/1/4 9984/1/4
f 9985/1/4 9986/1/4 9987/1/4
f 9987/1/4 9986/1/4 9988/1/4
f 9989/1/4 9990/1/4 9991/1/4
f 9991/1/4 9990/1/4 9992/1/4
f 9993/1/4 9994/1/4 9995/1/4
f 9995/1/4 9994/1/4 9996/1/4
f 9997/1/4 9998/1/4 9999/1/4
f 9999/1/4 9998/1/4 10000/1/4
f 10001/1/4 10002/1/4 10003/1/4
f 10003/1/4 10002/1/4 10004/1/4
f 10005/1/4 10006/1/4 10007/1/4
f 10007/1/4 10006/1/4 10008/1/4
f 10009/1/4 10010/1/4 10011/1/4
f 10011/1/4 10010/1/4 10012/1/4
f 10013/1/4 10014/1/4 10015/1/4
f 10015/1/4 10014/1/4 10016/1/4
f 10017/1/4 10018/1/4 10019/1/4
f 10019/1/4 10018/1/4 10020/1/4
f 10021/1/4 10022/1/4 10023/1/4
f 10023/1/4 10022/1/4 10024/1/4
f 10025/1/4 10026/1/4 10027/1/4
f 10027/1/4 10026/1/4 10028/1/4
f 10029/1/4 10030/1/4 10031/1/4
f 10031/1/4 10030/1/4 10032/1/4
f 10033/1/4 10034/1/4 10035/1/4
f 10035/1/4 10034/1/4 10036/1/4
f 10037/1/4 10038/1/4 10039/1/4
f 10039/1/4 10038/1/4 10040/1/4
f 10041/1/4 10042/1/4 10043/1/4
f 10043/1/4 10042/1/4 10044/1/4
f 10044/1/4 10045/1/4 10046/1/4
f 10046/1/4 10045/1/4 10047/1/4
f 10047/1/4 10048/1/4 10049/1/4
f 10049/1/4 10048/1/4 10050/1/4
f 10050/1/4 10051/1/4 10052/1/4
f 10052/1/4 10051/1/4 10053/1/4
f 10053/1/4 10054/1/4 10055/1/4
f 10055/1/4 10054/1/4 10056/1/4
f 10057/1/4 10058/1/4 10059/1/4
f 10059/1/4 10058/1/4 10060/1/4
f 10061/1/4 10062/1/4 10063/1/4
f 10063/1/4 10062/1/4 10064/1/4
f 10065/1/4 10066/1/4 10067/1/4
f 10067/1/4 10066/1/4 10068/1/4
f 10069/1/4 10070/1/4 10071/1/4
f 10071/1/4 10070/1/4 10072/1/4
f 10072/1/4 10073/1/4 10074/1/4
f 10074/1/4 10073/1/4 10075/1/4
f 10076/1/4 10077/1/4 10078/1/4
f 10078/1/4 10077/1/4 10079/1/4
f 10080/1/4 10081/1/4 10082/1/4
f 10082/1/4 10081/1/4 10083/1/4
f 10084/1/4 10085/1/4 10086/1/4
f 10086/1/4 10085/1/4 10087/1/4
f 10088/1/4 10089/1/4 10090/1/4
f 10090/1/4 10089/1/4 10091/1/4
f 10092/1/4 10093/1/4 10094/1/4
f 10094/1/4 10093/1/4 10095/1/4
f 10096/1/4 10097/1/4 10098/1/4
f 10098/1/4 10097/1/4 10099/1/4
f 10100/1/4 10101/1/4 10102/1/4
f 10102/1/4 10101/1/4 10103/1/4
f 10104/1/4 10105/1/4 10106/1/4
f 10106/1/4 10105/1/4 10107/1/4
f 10108/1/4 10109/1/4 10110/1/4
f 10110/1/4 10109/1/4 10111/1/4
f 10112/1/4 10113/1/4 10114/1/4
f 10114/1/4 10113/1/4 10115/1/4
f 10116/1/4 10117/1/4 10118/1/4
f 10118/1/4 10117/1/4 10119/1/4
f 10120/1/4 10121/1/4 10122/1/4
f 10122/1/4 10121/1/4 10123/1/4
f 10124/1/4 10125/1/4 10126/1/4
f 10126/1/4 10125/1/4 10127/1/4
f 10128/1/4 10129/1/4 10130/1/4
f 10130/1/4 10129/1/4 10131/1/4
f 10132/1/4 10133/1/4 10134/1/4
f 10134/1/4 10133/1/4 10135/1/4
f 10136/1/4 10137/1/4 10138/1/4
f 10138/1/4 10137/1/4 10139/1/4
f 10140/1/4 10141/1/4 10142/1/4
f 10142/1/4 10141/1/4 10143/1/4
f 10144/1/4 10145/1/4 10146/1/4
f 10146/1/4 10145/1/4 10147/1/4
f 10148/1/4 10149/1/4 10150/1/4
f 10150/1/4 10149/1/4 10151/1/4
f 10152/1/4 10153/1/4 10154/1/4
f 10154/1/4 10153/1/4 10155/1/4
f 10156/1/4 10157/1/4 10158/1/4
f 10158/1/4 10157/1/4 10159/1/4
f 10159/1/4 10160/1/4 10161/1/4
f 10161/1/4 10160/1/4 10162/1/4
f 10162/1/4 10163/1/4 10164/1/4
f 10164/1/4 10163/1/4 10165/1/4
f 10166/1/4 10167/1/4 10168/1/4
f 10168/1/4 10167/1/4 10169/1/4
f 10170/1/4 10171/1/4 10172/1/4
f 10172/1/4 10171/1/4 10173/1/4
f 10174/1/4 10175/1/4 10176/1/4
f 10176/1/4 10175/1/4 10177/1/4
f 10178/1/4 10179/1/4 10180/1/4
f 10180/1/4 10179/1/4 10181/1/4
f 10182/1/4 10183/1/4 10184/1/4
f 10184/1/4 10183/1/4 10185/1/4
f 10185/1/4 10186/1/4 10187/1/4
f 10187/1/4 10186/1/4 10188/1/4
f 10189/1/4 10190/1/4 10191/1/4
f 10191/1/4 10190/1/4 10192/1/4
f 10193/1/4 10194/1/4 10195/1/4
f 10195/1/4 10194/1/4 10196/1/4
f 10197/1/4 10198/1/4 10199/1/4
f 10199/1/4 10198/1/4 10200/1/4
f 10201/1/4 10202/1/4 10203/1/4
f 10203/1/4 10202/1/4 10204/1/4
f 10205/1/4 10206/1/4 10207/1/4
f 10207/1/4 10206/1/4 10208/1/4
f 10209/1/4 10210/1/4 10211/1/4
f 10211/1/4 10210/1/4 10212/1/4
f 10213/1/4 10214/1/4 10215/1/4
f 10215/1/4 10214/1/4 10216/1/4
f 10217/1/4 10218/1/4 10219/1/4
f 10219/1/4 10218/1/4 10220/1/4
f 10221/1/4 10222/1/4 10223/1/4
f 10223/1/4 10222/1/4 10224/1/4
f 10225/1/4 10226/1/4 10227/1/4
f 10227/1/4 10226/1/4 10228/1/4
f 10229/1/4 10230/1/4 10231/1/4
f 10231/1/4 10230/1/4 10232/1/4
f 10233/1/4 10234/1/4 10235/1/4
f 10235/1/4 10234/1/4 10236/1/4
f 10237/1/4 10238/1/4 10239/1/4
f 10239/1/4 10238/1/4 10240/1/4
f 10241/1/4 10242/1/4 10243/1/4
f 10243/1/4 10244/1/4 10245/1/4
f 10245/1/4 10246/1/4 10247/1/4
f 10247/1/4 10248/1/4 10249/1/4
f 10249/1/4 10250/1/4 10251/1/4
f 10251/1/4 10252/1/4 10253/1/4
f 10253/1/4 10254/1/4 10255/1/4
f 10255/1/4 10256/1/4 10257/1/4
f 10257/1/4 10258/1/4 10259/1/4
f 10259/1/4 10260/1/4 10261/1/4
f 10261/1/4 10262/1/4 10263/1/4
f 10263/1/4 10264/1/4 10265/1/4
f 10265/1/4 10266/1/4 10267/1/4
f 10267/1/4 10268/1/4 10269/1/4
f 10269/1/4 10270/1/4 10271/1/4
f 10271/1/4 10272/1/4 10273/1/4
f 10241/1/4 10243/1/4 10275/1/4
f 10273/1/4 10274/1/4 10275/1/4
f 10271/1/4 10273/1/4 10275/1/4
f 10269/1/4 10271/1/4 10275/1/4
f 10267/1/4 10269/1/4 10275/1/4
f 10265/1/4 10267/1/4 10275/1/4
f 10263/1/4 10265/1/4 10275/1/4
f 10261/1/4 10263/1/4 10275/1/4
f 10259/1/4 10261/1/4 10275/1/4
f 10257/1/4 10259/1/4 10275/1/4
f 10255/1/4 10257/1/4 10275/1/4
f 10253/1/4 10255/1/4 10275/1/4
f 10251/1/4 10253/1/4 10275/1/4
f 10249/1/4 10251/1/4 10275/1/4
f 10247/1/4 10249/1/4 10275/1/4
f 10245/1/4 10247/1/4 10275/1/4
f 10243/1/4 10245/1/4 10275/1/4
f 10275/1/4 10274/1/4 10276/1/4
f 10279/1/5 10278/1/5 10277/1/5
f 10280/1/5 10278/1/5 10279/1/5
f 10281/1/5 10278/1/5 10280/1/5
f 10282/1/5 10278/1/5 10281/1/5
f 10283/1/5 10278/1/5 10282/1/5
f 10284/1/5 10278/1/5 10283/1/5
f 10285/1/5 10278/1/5 10284/1/5
f 10286/1/5 10278/1/5 10285/1/5
f 10287/1/5 10278/1/5 10286/1/5
f 10288/1/5 10278/1/5 10287/1/5
f 10289/1/5 10278/1/5 10288/1/5
f 10290/1/5 10278/1/5 10289/1/5
f 10291/1/5 10278/1/5 10290/1/5
f 10292/1/5 10278/1/5 10291/1/5
f 10293/1/5 10278/1/5 10292/1/5
f 10294/1/5 10278/1/5 10293/1/5
f 10295/1/5 10278/1/5 10294/1/5
f 10296/1/5 10278/1/5 10295/1/5
f 10297/1/5 10278/1/5 10296/1/5
f 10298/1/5 10278/1/5 10297/1/5
f 10299/1/5 10278/1/5 10298/1/5
f 10300/1/5 10278/1/5 10299/1/5
f 10301/1/5 10278/1/5 10300/1/5
f 10302/1/5 10278/1/5 10301/1/5
f 10303/1/5 10278/1/5 10302/1/5
f 10304/1/5 10278/1/5 10303/1/5
f 10305/1/5 10278/1/5 10304/1/5
f 10306/1/5 10278/1/5 10305/1/5
f 10307/1/5 10278/1/5 10306/1/5
f 10308/1/5 10278/1/5 10307/1/5
f 10309/1/5 10278/1/5 10308/1/5
f 10310/1/5 10278/1/5 10309/1/5
f 10311/1/5 10278/1/5 10310/1/5
f 10312/1/5 10278/1/5 10311/1/5
f 10313/1/5 10278/1/5 10312/1/5
f 10314/1/5 10278/1/5 10313/1/5
f 10315/1/5 10278/1/5 10314/1/5
f 10316/1/5 10278/1/5 10315/1/5
f 10317/1/5 10278/1/5 10316/1/5
f 10318/1/5 10278/1/5 10317/1/5
f 10319/1/5 10278/1/5 10318/1/5
f 10320/1/5 10278/1/5 10319/1/5
f 10321/1/5 10278/1/5 10320/1/5
f 10322/1/5 10278/1/5 10321/1/5
f 10323/1/5 10278/1/5 10322/1/5
f 10324/1/5 10278/1/5 10323/1/5
f 10325/1/5 10278/1/5 10324/1/5
f 10326/1/5 10278/1/5 10325/1/5
f 10327/1/6 10328/1/6 10330/1/6
f 10330/1/6 10328/1/6 10331/1/6
f 10329/1/6 10330/1/6 10334/1/6
f 10331/1/6 10332/1/6 10334/1/6
f 10330/1/6 10331/1/6 10334/1/6
f 10334/1/6 10332/1/6 10335/1/6
f 10333/1/6 10334/1/6 10338/1/6
f 10335/1/6 10336/1/6 10338/1/6
f 10334/1/6 10335/1/6 10338/1/6
f 10337/1/6 10338/1/6 10340/1/6
f 10339/1/6 10340/1/6 10342/1/6
f 10341/1/6 10342/1/6 10344/1/6
f 10338/1/6 10336/1/6 10345/1/6
f 10340/1/6 10338/1/6 10345/1/6
f 10344/1/6 10342/1/6 10345/1/6
f 10342/1/6 10340/1/6 10345/1/6
f 10343/1/6 10344/1/6 10347/1/6
f 10345/1/6 10346/1/6 10347/1/6
f 10344/1/6 10345/1/6 10347/1/6
f 10347/1/6 10348/1/6 10349/1/6
f 10343/1/6 10347/1/6 10351/1/6
f 10349/1/6 10350/1/6 10351/1/6
f 10347/1/6 10349/1/6 10351/1/6
f 10351/1/6 10350/1/6 10352/1/6
f 10352/1/6 10350/1/6 10353/1/6
f 10353/1/6 10350/1/6 10354/1/6
f 10354/1/6 10350/1/6 10355/1/6
f 10354/1/6 10355/1/6 10357/1/6
f 10355/1/6 10356/1/6 10357/1/6
f 10357/1/6 10356/1/6 10358/1/6
f 10358/1/6 10356/1/6 10359/1/6
f 10358/1/6 10359/1/6 10361/1/6
f 10359/1/6 10360/1/6 10361/1/6
f 10361/1/6 10360/1/6 10362/1/6
f 10362/1/6 10360/1/6 10363/1/6
f 10363/1/6 10360/1/6 10364/1/6
f 10364/1/6 10360/1/6 10365/1/6
f 10365/1/6 10366/1/6 10367/1/6
f 10364/1/6 10365/1/6 10367/1/6
f 10367/1/6 10366/1/6 10368/1/6
f 10368/1/6 10366/1/6 10369/1/6
f 10368/1/6 10369/1/6 10371/1/6
f 10369/1/6 10370/1/6 10371/1/6
f 10371/1/6 10370/1/6 10372/1/6
f 10372/1/6 10370/1/6 10373/1/6
f 10372/1/6 10373/1/6 10375/1/6
f 10373/1/6 10374/1/6 10375/1/6
f 10375/1/6 10374/1/6 10376/1/6
f 10376/1/6 10374/1/6 10377/1/6
f 10376/1/6 10377/1/6 10379/1/6
f 10377/1/6 10378/1/6 10379/1/6
f 10379/1/6 10378/1/6 10380/1/6
f 10380/1/6 10378/1/6 10381/1/6
f 10381/1/6 10378/1/6 10382/1/6
f 10382/1/6 10378/1/6 10383/1/6
f 10383/1/6 10384/1/6 10385/1/6
f 10382/1/6 10383/1/6 10385/1/6
f 10385/1/6 10384/1/6 10386/1/6
f 10386/1/6 10384/1/6 10387/1/6
f 10387/1/6 10388/1/6 10389/1/6
f 10386/1/6 10387/1/6 10389/1/6
f 10389/1/6 10388/1/6 10390/1/6
f 10390/1/6 10388/1/6 10391/1/6
f 10390/1/6 10391/1/6 10393/1/6
f 10391/1/6 10392/1/6 10393/1/6
f 10393/1/6 10392/1/6 10394/1/6
f 10394/1/6 10392/1/6 10395/1/6
f 10394/1/6 10395/1/6 10397/1/6
f 10395/1/6 10396/1/6 10397/1/6
f 10397/1/6 10396/1/6 10398/1/6
f 10398/1/6 10396/1/6 10399/1/6
f 10399/1/6 10396/1/6 10400/1/6
f 10400/1/6 10396/1/6 10401/1/6
f 10401/1/6 10402/1/6 10403/1/6
f 10400/1/6 10401/1/6 10403/1/6
f 10403/1/6 10402/1/6 10404/1/6
f 10404/1/6 10402/1/6 10405/1/6
f 10405/1/6 10406/1/6 10407/1/6
f 10404/1/6 10405/1/6 10407/1/6
f 10407/1/6 10406/1/6 10408/1/6
f 10408/1/6 10406/1/6 10409/1/6
f 10408/1/6 10409/1/6 10411/1/6
f 10409/1/6 10410/1/6 10411/1/6
f 10411/1/6 10410/1/6 10412/1/6
f 10412/1/6 10410/1/6 10413/1/6
f 10412/1/6 10413/1/6 10415/1/6
f 10413/1/6 10414/1/6 10415/1/6
f 10415/1/6 10414/1/6 10416/1/6
f 10416/1/6 10414/1/6 10417/1/6
f 10416/1/6 10417/1/6 10419/1/6
f 10417/1/6 10418/1/6 10419/1/6
f 10419/1/6 10418/1/6 10420/1/6
f 10420/1/6 10418/1/6 10421/1/6
f 10420/1/6 10421/1/6 10423/1/6
f 10421/1/6 10422/1/6 10423/1/6
f 10423/1/6 10422/1/6 10424/1/6
f 10424/1/6 10422/1/6 10425/1/6
f 10424/1/6 10425/1/6 10427/1/6
f 10425/1/6 10426/1/6 10427/1/6
f 10427/1/6 10426/1/6 10428/1/6
f 10428/1/6 10426/1/6 10429/1/6
f 10429/1/6 10430/1/6 10431/1/6
f 10428/1/6 10429/1/6 10431/1/6
f 10428/1/6 10431/1/6 10433/1/6
f 10431/1/6 10432/1/6 10433/1/6
f 10433/1/6 10432/1/6 10434/1/6
f 10434/1/6 10432/1/6 10435/1/6
f 10435/1/6 10432/1/6 10436/1/6
f 10437/1/6 10438/1/6 10440/1/6
f 10439/1/6 10440/1/6 10442/1/6
f 10440/1/6 10438/1/6 10443/1/6
f 10442/1/6 10440/1/6 10443/1/6
f 10441/1/6 10442/1/6 10446/1/6
f 10443/1/6 10444/1/6 10446/1/6
f 10442/1/6 10443/1/6 10446/1/6
f 10445/1/6 10446/1/6 10448/1/6
f 10447/1/6 10448/1/6 10450/1/6
f 10446/1/6 10444/1/6 10451/1/6
f 10448/1/6 10446/1/6 10451/1/6
f 10450/1/6 10448/1/6 10451/1/6
f 10449/1/6 10450/1/6 10454/1/6
f 10451/1/6 10452/1/6 10454/1/6
f 10450/1/6 10451/1/6 10454/1/6
f 10453/1/6 10454/1/6 10456/1/6
f 10455/1/6 10456/1/6 10458/1/6
f 10454/1/6 10452/1/6 10459/1/6
f 10456/1/6 10454/1/6 10459/1/6
f 10458/1/6 10456/1/6 10459/1/6
f 10459/1/6 10452/1/6 10460/1/6
f 10457/1/6 10458/1/6 10462/1/6
f 10458/1/6 10459/1/6 10462/1/6
f 10462/1/6 10459/1/6 10463/1/6
f 10463/1/6 10459/1/6 10464/1/6
f 10460/1/6 10452/1/6 10465/1/6
f 10465/1/6 10452/1/6 10466/1/6
f 10461/1/6 10462/1/6 10468/1/6
f 10462/1/6 10463/1/6 10468/1/6
f 10468/1/6 10463/1/6 10469/1/6
f 10469/1/6 10463/1/6 10470/1/6
f 10466/1/6 10452/1/6 10471/1/6
f 10471/1/6 10452/1/6 10472/1/6
f 10467/1/6 10468/1/6 10473/1/6
f 10468/1/6 10469/1/6 10473/1/6
f 10473/1/6 10469/1/6 10474/1/6
f 10467/1/6 10473/1/6 10475/1/6
f 10475/1/6 10473/1/6 10476/1/6
f 10467/1/6 10475/1/6 10477/1/6
f 10477/1/6 10475/1/6 10478/1/6
f 10472/1/6 10452/1/6 10479/1/6
f 10479/1/6 10452/1/6 10480/1/6
f 10467/1/6 10477/1/6 10481/1/6
f 10481/1/6 10477/1/6 10482/1/6
f 10472/1/6 10479/1/6 10483/1/6
f 10483/1/6 10479/1/6 10484/1/6
f 10484/1/6 10479/1/6 10485/1/6
f 10484/1/6 10485/1/6 10487/1/6
f 10485/1/6 10486/1/6 10487/1/6
f 10487/1/6 10486/1/6 10488/1/6
f 10488/1/6 10486/1/6 10489/1/6
f 10488/1/6 10489/1/6 10491/1/6
f 10489/1/6 10490/1/6 10491/1/6
f 10491/1/6 10490/1/6 10492/1/6
f 10492/1/6 10490/1/6 10493/1/6
f 10492/1/6 10493/1/6 10495/1/6
f 10493/1/6 10494/1/6 10495/1/6
f 10495/1/6 10494/1/6 10496/1/6
f 10496/1/6 10494/1/6 10497/1/6
f 10497/1/6 10494/1/6 10498/1/6
f 10498/1/6 10494/1/6 10499/1/6
f 10499/1/6 10500/1/6 10501/1/6
f 10498/1/6 10499/1/6 10501/1/6
f 10498/1/6 10501/1/6 10503/1/6
f 10501/1/6 10502/1/6 10503/1/6
f 10503/1/6 10502/1/6 10504/1/6
f 10504/1/6 10502/1/6 10505/1/6
f 10505/1/6 10502/1/6 10506/1/6
f 10506/1/6 10502/1/6 10507/1/6
f 10507/1/6 10508/1/6 10509/1/6
f 10506/1/6 10507/1/6 10509/1/6
f 10509/1/6 10508/1/6 10510/1/6
f 10510/1/6 10508/1/6 10511/1/6
f 10511/1/6 10512/1/6 10513/1/6
f 10510/1/6 10511/1/6 10513/1/6
f 10513/1/6 10512/1/6 10514/1/6
f 10514/1/6 10512/1/6 10515/1/6
f 10515/1/6 10516/1/6 10517/1/6
f 10514/1/6 10515/1/6 10517/1/6
f 10517/1/6 10516/1/6 10518/1/6
f 10518/1/6 10516/1/6 10519/1/6
f 10519/1/6 10520/1/6 10521/1/6
f 10518/1/6 10519/1/6 10521/1/6
f 10521/1/6 10520/1/6 10522/1/6
f 10522/1/6 10520/1/6 10523/1/6
f 10522/1/6 10523/1/6 10525/1/6
f 10523/1/6 10524/1/6 10525/1/6
f 10525/1/6 10524/1/6 10526/1/6
f 10526/1/6 10524/1/6 10527/1/6
f 10527/1/6 10528/1/6 10529/1/6
f 10526/1/6 10527/1/6 10529/1/6
f 10529/1/6 10528/1/6 10530/1/6
f 10530/1/6 10528/1/6 10531/1/6
f 10530/1/6 10531/1/6 10533/1/6
f 10531/1/6 10532/1/6 10533/1/6
f 10533/1/6 10532/1/6 10534/1/6
f 10534/1/6 10532/1/6 10535/1/6
f 10534/1/6 10535/1/6 10537/1/6
f 10535/1/6 10536/1/6 10537/1/6
f 10537/1/6 10536/1/6 10538/1/6
f 10538/1/6 10536/1/6 10539/1/6
f 10539/1/6 10540/1/6 10541/1/6
f 10538/1/6 10539/1/6 10541/1/6
f 10541/1/6 10540/1/6 10542/1/6
f 10542/1/6 10540/1/6 10543/1/6
f 10543/1/6 10544/1/6 10545/1/6
f 10542/1/6 10543/1/6 10545/1/6
f 10542/1/6 10545/1/6 10547/1/6
f 10545/1/6 10546/1/6 10547/1/6
f 10547/1/6 10546/1/6 10548/1/6
f 10548/1/6 10546/1/6 10549/1/6
f 10548/1/6 10549/1/6 10551/1/6
f 10549/1/6 10550/1/6 10551/1/6
f 10551/1/6 10550/1/6 10552/1/6
f 10552/1/6 10550/1/6 10553/1/6
f 10552/1/6 10553/1/6 10555/1/6
f 10553/1/6 10554/1/6 10555/1/6
f 10555/1/6 10554/1/6 10556/1/6
f 10556/1/6 10554/1/6 10557/1/6
f 10557/1/6 10558/1/6 10559/1/6
f 10556/1/6 10557/1/6 10559/1/6
f 10556/1/6 10559/1/6 10561/1/6
f 10559/1/6 10560/1/6 10561/1/6
f 10561/1/6 10560/1/6 10562/1/6
f 10562/1/6 10560/1/6 10563/1/6
f 10563/1/6 10564/1/6 10565/1/6
f 10562/1/6 10563/1/6 10567/1/6
f 10565/1/6 10566/1/6 10567/1/6
f 10563/1/6 10565/1/6 10567/1/6
f 10567/1/6 10566/1/6 10568/1/6
f 10568/1/6 10566/1/6 10569/1/6
f 10569/1/6 10570/1/6 10571/1/6
f 10568/1/6 10569/1/6 10571/1/6
f 10571/1/6 10572/1/6 10573/1/6
f 10568/1/6 10571/1/6 10575/1/6
f 10573/1/6 10574/1/6 10575/1/6
f 10571/1/6 10573/1/6 10575/1/6
f 10575/1/6 10574/1/6 10576/1/6
f 10576/1/6 10574/1/6 10577/1/6
f 10577/1/6 10578/1/6 10579/1/6
f 10576/1/6 10577/1/6 10579/1/6
f 10579/1/6 10580/1/6 10581/1/6
f 10576/1/6 10579/1/6 10583/1/6
f 10581/1/6 10582/1/6 10583/1/6
f 10579/1/6 10581/1/6 10583/1/6
f 10583/1/6 10582/1/6 10584/1/6
f 10585/1/6 10586/1/6 10587/1/6
f 10587/1/6 10588/1/6 10589/1/6
f 10589/1/6 10590/1/6 10591/1/6
f 10591/1/6 10592/1/6 10593/1/6
f 10593/1/6 10594/1/6 10595/1/6
f 10595/1/6 10596/1/6 10597/1/6
f 10597/1/6 10598/1/6 10599/1/6
f 10585/1/6 10587/1/6 10601/1/6
f 10599/1/6 10600/1/6 10601/1/6
f 10597/1/6 10599/1/6 10601/1/6
f 10595/1/6 10597/1/6 10601/1/6
f 10593/1/6 10595/1/6 10601/1/6
f 10591/1/6 10593/1/6 10601/1/6
f 10589/1/6 10591/1/6 10601/1/6
f 10587/1/6 10589/1/6 10601/1/6
f 10601/1/6 10600/1/6 10602/1/6
f 10603/1/6 10604/1/6 10606/1/6
f 10606/1/6 10604/1/6 10607/1/6
f 10605/1/6 10606/1/6 10610/1/6
f 10607/1/6 10608/1/6 10610/1/6
f 10606/1/6 10607/1/6 10610/1/6
f 10609/1/6 10610/1/6 10612/1/6
f 10610/1/6 10608/1/6 10613/1/6
f 10612/1/6 10610/1/6 10613/1/6
f 10611/1/6 10612/1/6 10616/1/6
f 10613/1/6 10614/1/6 10616/1/6
f 10612/1/6 10613/1/6 10616/1/6
f 10615/1/6 10616/1/6 10618/1/6
f 10617/1/6 10618/1/6 10620/1/6
f 10616/1/6 10614/1/6 10621/1/6
f 10618/1/6 10616/1/6 10621/1/6
f 10620/1/6 10618/1/6 10621/1/6
f 10619/1/6 10620/1/6 10624/1/6
f 10621/1/6 10622/1/6 10624/1/6
f 10620/1/6 10621/1/6 10624/1/6
f 10623/1/6 10624/1/6 10626/1/6
f 10624/1/6 10622/1/6 10627/1/6
f 10626/1/6 10624/1/6 10627/1/6
f 10627/1/6 10622/1/6 10628/1/6
f 10625/1/6 10626/1/6 10629/1/6
f 10626/1/6 10627/1/6 10629/1/6
f 10629/1/6 10627/1/6 10630/1/6
f 10625/1/6 10629/1/6 10632/1/6
f 10632/1/6 10629/1/6 10633/1/6
f 10633/1/6 10629/1/6 10634/1/6
f 10628/1/6 10622/1/6 10635/1/6
f 10635/1/6 10622/1/6 10636/1/6
f 10632/1/6 10633/1/6 10638/1/6
f 10631/1/6 10632/1/6 10638/1/6
f 10638/1/6 10633/1/6 10639/1/6
f 10639/1/6 10633/1/6 10640/1/6
f 10637/1/6 10638/1/6 10642/1/6
f 10638/1/6 10639/1/6 10642/1/6
f 10642/1/6 10639/1/6 10643/1/6
f 10643/1/6 10639/1/6 10644/1/6
f 10641/1/6 10642/1/6 10645/1/6
f 10642/1/6 10643/1/6 10645/1/6
f 10645/1/6 10643/1/6 10646/1/6
f 10636/1/6 10622/1/6 10647/1/6
f 10647/1/6 10622/1/6 10648/1/6
f 10641/1/6 10645/1/6 10650/1/6
f 10650/1/6 10645/1/6 10651/1/6
f 10651/1/6 10645/1/6 10652/1/6
f 10649/1/6 10650/1/6 10654/1/6
f 10650/1/6 10651/1/6 10654/1/6
f 10654/1/6 10651/1/6 10655/1/6
f 10655/1/6 10651/1/6 10656/1/6
f 10653/1/6 10654/1/6 10658/1/6
f 10654/1/6 10655/1/6 10658/1/6
f 10658/1/6 10655/1/6 10659/1/6
f 10657/1/6 10658/1/6 10659/1/6
f 10659/1/6 10655/1/6 10660/1/6
f 10648/1/6 10622/1/6 10661/1/6
f 10661/1/6 10622/1/6 10662/1/6
f 10657/1/6 10659/1/6 10663/1/6
f 10663/1/6 10659/1/6 10664/1/6
f 10657/1/6 10663/1/6 10665/1/6
f 10665/1/6 10663/1/6 10666/1/6
f 10648/1/6 10661/1/6 10668/1/6
f 10667/1/6 10668/1/6 10669/1/6
f 10668/1/6 10661/1/6 10670/1/6
f 10669/1/6 10668/1/6 10670/1/6
f 10670/1/6 10661/1/6 10671/1/6
f 10670/1/6 10671/1/6 10673/1/6
f 10671/1/6 10672/1/6 10673/1/6
f 10673/1/6 10672/1/6 10674/1/6
f 10674/1/6 10672/1/6 10675/1/6
f 10675/1/6 10672/1/6 10676/1/6
f 10676/1/6 10672/1/6 10677/1/6
f 10676/1/6 10677/1/6 10679/1/6
f 10677/1/6 10678/1/6 10679/1/6
f 10676/1/6 10679/1/6 10681/1/6
f 10679/1/6 10680/1/6 10681/1/6
f 10681/1/6 10680/1/6 10682/1/6
f 10682/1/6 10680/1/6 10683/1/6
f 10683/1/6 10680/1/6 10684/1/6
f 10684/1/6 10680/1/6 10685/1/6
f 10685/1/6 10686/1/6 10687/1/6
f 10684/1/6 10685/1/6 10687/1/6
f 10687/1/6 10686/1/6 10688/1/6
f 10688/1/6 10686/1/6 10689/1/6
f 10689/1/6 10690/1/6 10691/1/6
f 10688/1/6 10689/1/6 10691/1/6
f 10691/1/6 10690/1/6 10692/1/6
f 10692/1/6 10690/1/6 10693/1/6
f 10693/1/6 10694/1/6 10695/1/6
f 10692/1/6 10693/1/6 10695/1/6
f 10695/1/6 10694/1/6 10696/1/6
f 10696/1/6 10694/1/6 10697/1/6
f 10696/1/6 10697/1/6 10699/1/6
f 10697/1/6 10698/1/6 10699/1/6
f 10699/1/6 10698/1/6 10700/1/6
f 10700/1/6 10698/1/6 10701/1/6
f 10701/1/6 10702/1/6 10703/1/6
f 10700/1/6 10701/1/6 10703/1/6
f 10703/1/6 10702/1/6 10704/1/6
f 10704/1/6 10702/1/6 10705/1/6
f 10705/1/6 10706/1/6 10707/1/6
f 10704/1/6 10705/1/6 10707/1/6
f 10707/1/6 10706/1/6 10708/1/6
f 10708/1/6 10706/1/6 10709/1/6
f 10709/1/6 10710/1/6 10711/1/6
f 10708/1/6 10709/1/6 10711/1/6
f 10711/1/6 10710/1/6 10712/1/6
f 10712/1/6 10710/1/6 10713/1/6
f 10713/1/6 10714/1/6 10715/1/6
f 10712/1/6 10713/1/6 10715/1/6
f 10712/1/6 10715/1/6 10717/1/6
f 10715/1/6 10716/1/6 10717/1/6
f 10717/1/6 10716/1/6 10718/1/6
f 10718/1/6 10716/1/6 10719/1/6
f 10719/1/6 10716/1/6 10720/1/6
f 10720/1/6 10716/1/6 10721/1/6
f 10721/1/6 10722/1/6 10723/1/6
f 10720/1/6 10721/1/6 10723/1/6
f 10720/1/6 10723/1/6 10725/1/6
f 10723/1/6 10724/1/6 10725/1/6
f 10725/1/6 10724/1/6 10726/1/6
f 10726/1/6 10724/1/6 10727/1/6
f 10726/1/6 10727/1/6 10729/1/6
f 10727/1/6 10728/1/6 10729/1/6
f 10729/1/6 10728/1/6 10730/1/6
f 10730/1/6 10728/1/6 10731/1/6
f 10731/1/6 10732/1/6 10733/1/6
f 10730/1/6 10731/1/6 10735/1/6
f 10733/1/6 10734/1/6 10735/1/6
f 10731/1/6 10733/1/6 10735/1/6
f 10735/1/6 10734/1/6 10736/1/6
f 10736/1/6 10734/1/6 10737/1/6
f 10737/1/6 10738/1/6 10739/1/6
f 10736/1/6 10737/1/6 10741/1/6
f 10739/1/6 10740/1/6 10741/1/6
f 10737/1/6 10739/1/6 10741/1/6
f 10741/1/6 10740/1/6 10742/1/6
f 10742/1/6 10740/1/6 10743/1/6
f 10743/1/6 10744/1/6 10745/1/6
f 10742/1/6 10743/1/6 10745/1/6
f 10742/1/6 10745/1/6 10747/1/6
f 10745/1/6 10746/1/6 10747/1/6
f 10747/1/6 10746/1/6 10748/1/6
f 10748/1/6 10746/1/6 10749/1/6
f 10749/1/6 10750/1/6 10751/1/6
f 10748/1/6 10749/1/6 10751/1/6
f 10751/1/6 10752/1/6 10753/1/6
f 10748/1/6 10751/1/6 10755/1/6
f 10753/1/6 10754/1/6 10755/1/6
f 10751/1/6 10753/1/6 10755/1/6
f 10755/1/6 10754/1/6 10756/1/6
f 10756/1/6 10754/1/6 10757/1/6
f 10757/1/6 10758/1/6 10759/1/6
f 10756/1/6 10757/1/6 10759/1/6
f 10756/1/6 10759/1/6 10761/1/6
f 10759/1/6 10760/1/6 10761/1/6
f 10761/1/6 10760/1/6 10762/1/6
f 10762/1/6 10760/1/6 10763/1/6
f 10763/1/6 10764/1/6 10765/1/6
f 10762/1/6 10763/1/6 10765/1/6
f 10765/1/6 10764/1/6 10766/1/6
f 10766/1/6 10764/1/6 10767/1/6
f 10767/1/6 10768/1/6 10769/1/6
f 10766/1/6 10767/1/6 10769/1/6
f 10769/1/6 10768/1/6 10770/1/6
f 10770/1/6 10768/1/6 10771/1/6
f 10771/1/6 10772/1/6 10773/1/6
f 10770/1/6 10771/1/6 10773/1/6
f 10773/1/6 10772/1/6 10774/1/6
f 10774/1/6 10772/1/6 10775/1/6
f 10775/1/6 10772/1/6 10776/1/6
f 10776/1/6 10772/1/6 10777/1/6
f 10777/1/6 10778/1/6 10779/1/6
f 10776/1/6 10777/1/6 10779/1/6
f 10779/1/6 10778/1/6 10780/1/6
f 10780/1/6 10778/1/6 10781/1/6
f 10781/1/6 10782/1/6 10783/1/6
f 10780/1/6 10781/1/6 10783/1/6
f 10783/1/6 10782/1/6 10784/1/6
f 10784/1/6 10782/1/6 10785/1/6
f 10785/1/6 10782/1/6 10786/1/6
f 10786/1/6 10782/1/6 10787/1/6
f 10787/1/6 10788/1/6 10789/1/6
f 10786/1/6 10787/1/6 10789/1/6
f 10789/1/6 10788/1/6 10790/1/6
f 10791/1/6 10792/1/6 10793/1/6
f 10793/1/6 10794/1/6 10795/1/6
f 10791/1/6 10793/1/6 10797/1/6
f 10795/1/6 10796/1/6 10797/1/6
f 10793/1/6 10795/1/6 10797/1/6
f 10797/1/6 10796/1/6 10798/1/6
f 10798/1/6 10796/1/6 10799/1/6
f 10799/1/6 10800/1/6 10801/1/6
f 10798/1/6 10799/1/6 10801/1/6
f 10801/1/6 10800/1/6 10802/1/6
f 10802/1/6 10800/1/6 10803/1/6
f 10803/1/6 10804/1/6 10805/1/6
f 10802/1/6 10803/1/6 10805/1/6
f 10805/1/6 10804/1/6 10806/1/6
f 10806/1/6 10804/1/6 10807/1/6
f 10807/1/6 10808/1/6 10809/1/6
f 10806/1/6 10807/1/6 10809/1/6
f 10809/1/6 10808/1/6 10810/1/6
f 10810/1/6 10808/1/6 10811/1/6
f 10811/1/6 10812/1/6 10813/1/6
f 10810/1/6 10811/1/6 10813/1/6
f 10813/1/6 10812/1/6 10814/1/6
f 10814/1/6 10812/1/6 10815/1/6
f 10815/1/6 10816/1/6 10817/1/6
f 10814/1/6 10815/1/6 10817/1/6
f 10817/1/6 10816/1/6 10818/1/6
f 10818/1/6 10816/1/6 10819/1/6
f 10819/1/6 10820/1/6 10821/1/6
f 10818/1/6 10819/1/6 10821/1/6
f 10818/1/6 10821/1/6 10823/1/6
f 10821/1/6 10822/1/6 10823/1/6
f 10823/1/6 10822/1/6 10824/1/6
f 10824/1/6 10822/1/6 10825/1/6
f 10825/1/6 10826/1/6 10827/1/6
f 10824/1/6 10825/1/6 10827/1/6
f 10824/1/6 10827/1/6 10829/1/6
f 10827/1/6 10828/1/6 10829/1/6
f 10829/1/6 10828/1/6 10830/1/6
f 10830/1/6 10828/1/6 10831/1/6
f 10831/1/6 10832/1/6 10833/1/6
f 10830/1/6 10831/1/6 10833/1/6
f 10830/1/6 10833/1/6 10836/1/6
f 10833/1/6 10834/1/6 10836/1/6
f 10836/1/6 10834/1/6 10837/1/6
f 10835/1/6 10836/1/6 10837/1/6
f 10835/1/6 10837/1/6 10839/1/6
f 10837/1/6 10838/1/6 10839/1/6
f 10839/1/6 10838/1/6 10840/1/6
f 10840/1/6 10838/1/6 10841/1/6
f 10841/1/6 10842/1/6 10843/1/6
f 10840/1/6 10841/1/6 10843/1/6
f 10843/1/6 10842/1/6 10844/1/6
f 10844/1/6 10842/1/6 10845/1/6
f 10845/1/6 10842/1/6 10846/1/6
f 10846/1/6 10842/1/6 10847/1/6
f 10847/1/6 10842/1/6 10848/1/6
f 10848/1/6 10842/1/6 10849/1/6
f 10849/1/6 10850/1/6 10851/1/6
f 10848/1/6 10849/1/6 10851/1/6
f 10851/1/6 10850/1/6 10852/1/6
f 10852/1/6 10850/1/6 10853/1/6
f 10853/1/6 10850/1/6 10854/1/6
f 10854/1/6 10850/1/6 10855/1/6
f 10855/1/6 10850/1/6 10856/1/6
f 10856/1/6 10850/1/6 10857/1/6
f 10857/1/6 10850/1/6 10858/1/6
f 10859/1/6 10860/1/6 10862/1/6
f 10862/1/6 10860/1/6 10863/1/6
f 10861/1/6 10862/1/6 10865/1/6
f 10863/1/6 10864/1/6 10865/1/6
f 10862/1/6 10863/1/6 10865/1/6
f 10861/1/6 10865/1/6 10868/1/6
f 10865/1/6 10866/1/6 10868/1/6
f 10867/1/6 10868/1/6 10870/1/6
f 10868/1/6 10866/1/6 10871/1/6
f 10870/1/6 10868/1/6 10871/1/6
f 10869/1/6 10870/1/6 10874/1/6
f 10871/1/6 10872/1/6 10874/1/6
f 10870/1/6 10871/1/6 10874/1/6
f 10874/1/6 10872/1/6 10875/1/6
f 10873/1/6 10874/1/6 10878/1/6
f 10875/1/6 10876/1/6 10878/1/6
f 10874/1/6 10875/1/6 10878/1/6
f 10877/1/6 10878/1/6 10880/1/6
f 10879/1/6 10880/1/6 10882/1/6
f 10878/1/6 10876/1/6 10883/1/6
f 10880/1/6 10878/1/6 10883/1/6
f 10882/1/6 10880/1/6 10883/1/6
f 10881/1/6 10882/1/6 10886/1/6
f 10883/1/6 10884/1/6 10886/1/6
f 10882/1/6 10883/1/6 10886/1/6
f 10886/1/6 10884/1/6 10887/1/6
f 10887/1/6 10884/1/6 10888/1/6
f 10885/1/6 10886/1/6 10889/1/6
f 10886/1/6 10887/1/6 10889/1/6
f 10889/1/6 10887/1/6 10890/1/6
f 10888/1/6 10884/1/6 10891/1/6
f 10891/1/6 10884/1/6 10892/1/6
f 10885/1/6 10889/1/6 10894/1/6
f 10894/1/6 10889/1/6 10895/1/6
f 10895/1/6 10889/1/6 10896/1/6
f 10893/1/6 10894/1/6 10898/1/6
f 10894/1/6 10895/1/6 10898/1/6
f 10898/1/6 10895/1/6 10899/1/6
f 10899/1/6 10895/1/6 10900/1/6
f 10892/1/6 10884/1/6 10901/1/6
f 10901/1/6 10884/1/6 10902/1/6
f 10898/1/6 10899/1/6 10904/1/6
f 10897/1/6 10898/1/6 10904/1/6
f 10904/1/6 10899/1/6 10905/1/6
f 10905/1/6 10899/1/6 10906/1/6
f 10903/1/6 10904/1/6 10908/1/6
f 10904/1/6 10905/1/6 10908/1/6
f 10908/1/6 10905/1/6 10909/1/6
f 10909/1/6 10905/1/6 10910/1/6
f 10907/1/6 10908/1/6 10911/1/6
f 10908/1/6 10909/1/6 10911/1/6
f 10911/1/6 10909/1/6 10912/1/6
f 10902/1/6 10884/1/6 10913/1/6
f 10913/1/6 10884/1/6 10914/1/6
f 10907/1/6 10911/1/6 10916/1/6
f 10916/1/6 10911/1/6 10917/1/6
f 10917/1/6 10911/1/6 10918/1/6
f 10915/1/6 10916/1/6 10920/1/6
f 10916/1/6 10917/1/6 10920/1/6
f 10920/1/6 10917/1/6 10921/1/6
f 10921/1/6 10917/1/6 10922/1/6
f 10919/1/6 10920/1/6 10924/1/6
f 10920/1/6 10921/1/6 10924/1/6
f 10924/1/6 10921/1/6 10925/1/6
f 10925/1/6 10921/1/6 10926/1/6
f 10923/1/6 10924/1/6 10928/1/6
f 10924/1/6 10925/1/6 10928/1/6
f 10928/1/6 10925/1/6 10929/1/6
f 10929/1/6 10925/1/6 10930/1/6
f 10927/1/6 10928/1/6 10931/1/6
f 10928/1/6 10929/1/6 10931/1/6
f 10931/1/6 10929/1/6 10932/1/6
f 10927/1/6 10931/1/6 10934/1/6
f 10933/1/6 10934/1/6 10936/1/6
f 10934/1/6 10931/1/6 10937/1/6
f 10936/1/6 10934/1/6 10937/1/6
f 10937/1/6 10931/1/6 10938/1/6
f 10935/1/6 10936/1/6 10939/1/6
f 10936/1/6 10937/1/6 10939/1/6
f 10939/1/6 10937/1/6 10940/1/6
f 10935/1/6 10939/1/6 10941/1/6
f 10941/1/6 10939/1/6 10942/1/6
f 10914/1/6 10884/1/6 10944/1/6
f 10944/1/6 10884/1/6 10945/1/6
f 10945/1/6 10884/1/6 10946/1/6
f 10943/1/6 10944/1/6 10947/1/6
f 10944/1/6 10945/1/6 10947/1/6
f 10947/1/6 10945/1/6 10948/1/6
f 10948/1/6 10945/1/6 10949/1/6
f 10948/1/6 10949/1/6 10951/1/6
f 10949/1/6 10950/1/6 10951/1/6
f 10951/1/6 10950/1/6 10952/1/6
f 10952/1/6 10950/1/6 10953/1/6
f 10952/1/6 10953/1/6 10955/1/6
f 10953/1/6 10954/1/6 10955/1/6
f 10955/1/6 10954/1/6 10956/1/6
f 10956/1/6 10954/1/6 10957/1/6
f 10956/1/6 10957/1/6 10959/1/6
f 10957/1/6 10958/1/6 10959/1/6
f 10959/1/6 10958/1/6 10960/1/6
f 10960/1/6 10958/1/6 10961/1/6
f 10960/1/6 10961/1/6 10963/1/6
f 10961/1/6 10962/1/6 10963/1/6
f 10963/1/6 10962/1/6 10964/1/6
f 10964/1/6 10962/1/6 10965/1/6
f 10964/1/6 10965/1/6 10967/1/6
f 10965/1/6 10966/1/6 10967/1/6
f 10967/1/6 10966/1/6 10968/1/6
f 10968/1/6 10966/1/6 10969/1/6
f 10968/1/6 10969/1/6 10971/1/6
f 10969/1/6 10970/1/6 10971/1/6
f 10971/1/6 10970/1/6 10972/1/6
f 10972/1/6 10970/1/6 10973/1/6
f 10972/1/6 10973/1/6 10975/1/6
f 10973/1/6 10974/1/6 10975/1/6
f 10975/1/6 10974/1/6 10976/1/6
f 10976/1/6 10974/1/6 10977/1/6
f 10976/1/6 10977/1/6 10979/1/6
f 10977/1/6 10978/1/6 10979/1/6
f 10979/1/6 10978/1/6 10980/1/6
f 10980/1/6 10978/1/6 10981/1/6
f 10980/1/6 10981/1/6 10983/1/6
f 10981/1/6 10982/1/6 10983/1/6
f 10983/1/6 10982/1/6 10984/1/6
f 10984/1/6 10982/1/6 10985/1/6
f 10984/1/6 10985/1/6 10987/1/6
f 10985/1/6 10986/1/6 10987/1/6
f 10987/1/6 10986/1/6 10988/1/6
f 10988/1/6 10986/1/6 10989/1/6
f 10989/1/6 10990/1/6 10991/1/6
f 10988/1/6 10989/1/6 10991/1/6
f 10991/1/6 10990/1/6 10992/1/6
f 10992/1/6 10990/1/6 10993/1/6
f 10993/1/6 10994/1/6 10995/1/6
f 10992/1/6 10993/1/6 10995/1/6
f 10992/1/6 10995/1/6 10997/1/6
f 10995/1/6 10996/1/6 10997/1/6
f 10997/1/6 10996/1/6 10998/1/6
f 10998/1/6 10996/1/6 10999/1/6
f 10998/1/6 10999/1/6 11001/1/6
f 10999/1/6 11000/1/6 11001/1/6
f 11001/1/6 11000/1/6 11002/1/6
f 11002/1/6 11000/1/6 11003/1/6
f 11003/1/6 11004/1/6 11005/1/6
f 11002/1/6 11003/1/6 11005/1/6
f 11002/1/6 11005/1/6 11007/1/6
f 11005/1/6 11006/1/6 11007/1/6
f 11007/1/6 11006/1/6 11008/1/6
f 11008/1/6 11006/1/6 11009/1/6
f 11009/1/6 11010/1/6 11011/1/6
f 11008/1/6 11009/1/6 11013/1/6
f 11011/1/6 11012/1/6 11013/1/6
f 11009/1/6 11011/1/6 11013/1/6
f 11013/1/6 11012/1/6 11014/1/6
f 11014/1/6 11012/1/6 11015/1/6
f 11015/1/6 11016/1/6 11017/1/6
f 11014/1/6 11015/1/6 11017/1/6
f 11014/1/6 11017/1/6 11019/1/6
f 11017/1/6 11018/1/6 11019/1/6
f 11019/1/6 11018/1/6 11020/1/6
f 11020/1/6 11018/1/6 11021/1/6
f 11021/1/6 11022/1/6 11023/1/6
f 11020/1/6 11021/1/6 11023/1/6
f 11020/1/6 11023/1/6 11025/1/6
f 11023/1/6 11024/1/6 11025/1/6
f 11025/1/6 11024/1/6 11026/1/6
f 11026/1/6 11024/1/6 11027/1/6
f 11027/1/6 11028/1/6 11029/1/6
f 11026/1/6 11027/1/6 11029/1/6
f 11029/1/6 11028/1/6 11030/1/6
f 11030/1/6 11028/1/6 11031/1/6
f 11031/1/6 11032/1/6 11033/1/6
f 11030/1/6 11031/1/6 11033/1/6
f 11033/1/6 11032/1/6 11034/1/6
f 11034/1/6 11032/1/6 11035/1/6
f 11035/1/6 11036/1/6 11037/1/6
f 11034/1/6 11035/1/6 11037/1/6
f 11037/1/6 11036/1/6 11038/1/6
f 11038/1/6 11036/1/6 11039/1/6
f 11039/1/6 11040/1/6 11041/1/6
f 11038/1/6 11039/1/6 11041/1/6
f 11041/1/6 11040/1/6 11042/1/6
f 11042/1/6 11040/1/6 11043/1/6
f 11043/1/6 11044/1/6 11045/1/6
f 11042/1/6 11043/1/6 11045/1/6
f 11045/1/6 11044/1/6 11046/1/6
f 11046/1/6 11044/1/6 11047/1/6
f 11047/1/6 11044/1/6 11048/1/6
f 11048/1/6 11044/1/6 11049/1/6
f 11049/1/6 11050/1/6 11051/1/6
f 11048/1/6 11049/1/6 11051/1/6
f 11051/1/6 11050/1/6 11052/1/6
f 11052/1/6 11050/1/6 11053/1/6
f 11053/1/6 11054/1/6 11055/1/6
f 11052/1/6 11053/1/6 11055/1/6
f 11055/1/6 11054/1/6 11056/1/6
f 11056/1/6 11054/1/6 11057/1/6
f 11057/1/6 11054/1/6 11058/1/6
f 11058/1/6 11054/1/6 11059/1/6
f 11059/1/6 11060/1/6 11061/1/6
f 11058/1/6 11059/1/6 11061/1/6
f 11061/1/6 11060/1/6 11062/1/6
f 11062/1/6 11060/1/6 11063/1/6
f 11063/1/6 11060/1/6 11064/1/6
f 11064/1/6 11060/1/6 11065/1/6
f 11065/1/6 11066/1/6 11067/1/6
f 11064/1/6 11065/1/6 11067/1/6
f 11067/1/6 11066/1/6 11068/1/6
f 11068/1/6 11066/1/6 11069/1/6
f 11069/1/6 11070/1/6 11071/1/6
f 11068/1/6 11069/1/6 11071/1/6
f 11071/1/6 11070/1/6 11072/1/6
f 11072/1/6 11070/1/6 11073/1/6
f 11072/1/6 11073/1/6 11075/1/6
f 11073/1/6 11074/1/6 11075/1/6
f 11075/1/6 11074/1/6 11076/1/6
f 11076/1/6 11074/1/6 11077/1/6
f 11077/1/6 11074/1/6 11078/1/6
f 11079/1/6 11080/1/6 11081/1/6
f 11081/1/6 11082/1/6 11083/1/6
f 11079/1/6 11081/1/6 11085/1/6
f 11083/1/6 11084/1/6 11085/1/6
f 11081/1/6 11083/1/6 11085/1/6
f 11085/1/6 11084/1/6 11086/1/6
f 11086/1/6 11084/1/6 11087/1/6
f 11086/1/6 11087/1/6 11089/1/6
f 11087/1/6 11088/1/6 11089/1/6
f 11089/1/6 11088/1/6 11090/1/6
f 11090/1/6 11088/1/6 11091/1/6
f 11091/1/6 11088/1/6 11092/1/6
f 11092/1/6 11088/1/6 11093/1/6
f 11093/1/6 11094/1/6 11095/1/6
f 11092/1/6 11093/1/6 11095/1/6
f 11092/1/6 11095/1/6 11097/1/6
f 11095/1/6 11096/1/6 11097/1/6
f 11097/1/6 11096/1/6 11098/1/6
f 11098/1/6 11096/1/6 11099/1/6
f 11099/1/6 11096/1/6 11100/1/6
f 11100/1/6 11096/1/6 11101/1/6
f 11101/1/6 11102/1/6 11103/1/6
f 11100/1/6 11101/1/6 11103/1/6
f 11100/1/6 11103/1/6 11105/1/6
f 11103/1/6 11104/1/6 11105/1/6
f 11105/1/6 11104/1/6 11106/1/6
f 11106/1/6 11104/1/6 11107/1/6
f 11107/1/6 11108/1/6 11109/1/6
f 11106/1/6 11107/1/6 11109/1/6
f 11109/1/6 11108/1/6 11110/1/6
f 11110/1/6 11108/1/6 11111/1/6
f 11111/1/6 11112/1/6 11113/1/6
f 11110/1/6 11111/1/6 11113/1/6
f 11113/1/6 11112/1/6 11114/1/6
f 11114/1/6 11112/1/6 11115/1/6
f 11115/1/6 11116/1/6 11117/1/6
f 11114/1/6 11115/1/6 11117/1/6
f 11117/1/6 11116/1/6 11118/1/6
f 11118/1/6 11116/1/6 11119/1/6
f 11119/1/6 11120/1/6 11121/1/6
f 11118/1/6 11119/1/6 11121/1/6
f 11121/1/6 11120/1/6 11122/1/6
f 11122/1/6 11120/1/6 11123/1/6
f 11123/1/6 11124/1/6 11125/1/6
f 11122/1/6 11123/1/6 11125/1/6
f 11125/1/6 11124/1/6 11126/1/6
f 11126/1/6 11124/1/6 11127/1/6
f 11127/1/6 11128/1/6 11129/1/6
f 11126/1/6 11127/1/6 11129/1/6
f 11129/1/6 11128/1/6 11130/1/6
f 11130/1/6 11128/1/6 11131/1/6
f 11131/1/6 11132/1/6 11133/1/6
f 11130/1/6 11131/1/6 11133/1/6
f 11133/1/6 11132/1/6 11134/1/6
f 11134/1/6 11132/1/6 11135/1/6
f 11135/1/6 11136/1/6 11137/1/6
f 11134/1/6 11135/1/6 11137/1/6
f 11137/1/6 11136/1/6 11138/1/6
f 11138/1/6 11136/1/6 11139/1/6
f 11139/1/6 11140/1/6 11141/1/6
f 11138/1/6 11139/1/6 11141/1/6
f 11141/1/6 11140/1/6 11142/1/6
f 11142/1/6 11140/1/6 11143/1/6
f 11143/1/6 11144/1/6 11147/1/6
f 11142/1/6 11143/1/6 11147/1/6
f 11147/1/6 11144/1/6 11148/1/6
f 11148/1/6 11144/1/6 11149/1/6
f 11145/1/6 11146/1/6 11151/1/6
f 11149/1/6 11150/1/6 11153/1/6
f 11148/1/6 11149/1/6 11153/1/6
f 11151/1/6 11152/1/6 11155/1/6
f 11145/1/6 11151/1/6 11155/1/6
f 11155/1/6 11152/1/6 11156/1/6
f 11156/1/6 11152/1/6 11157/1/6
f 11157/1/6 11158/1/6 11159/1/6
f 11156/1/6 11157/1/6 11159/1/6
f 11159/1/6 11158/1/6 11160/1/6
f 11160/1/6 11158/1/6 11161/1/6
f 11153/1/6 11154/1/6 11163/1/6
f 11148/1/6 11153/1/6 11163/1/6
f 11163/1/6 11154/1/6 11164/1/6
f 11164/1/6 11154/1/6 11165/1/6
f 11161/1/6 11162/1/6 11167/1/6
f 11160/1/6 11161/1/6 11167/1/6
f 11167/1/6 11162/1/6 11168/1/6
f 11168/1/6 11162/1/6 11169/1/6
f 11165/1/6 11166/1/6 11171/1/6
f 11164/1/6 11165/1/6 11171/1/6
f 11169/1/6 11170/1/6 11173/1/6
f 11168/1/6 11169/1/6 11173/1/6
f 11173/1/6 11170/1/6 11174/1/6
f 11174/1/6 11170/1/6 11175/1/6
f 11175/1/6 11176/1/6 11177/1/6
f 11174/1/6 11175/1/6 11177/1/6
f 11177/1/6 11176/1/6 11178/1/6
f 11178/1/6 11176/1/6 11179/1/6
f 11171/1/6 11172/1/6 11181/1/6
f 11179/1/6 11180/1/6 11183/1/6
f 11178/1/6 11179/1/6 11183/1/6
f 11183/1/6 11180/1/6 11184/1/6
f 11184/1/6 11180/1/6 11185/1/6
f 11181/1/6 11182/1/6 11186/1/6
f 11164/1/6 11171/1/6 11186/1/6
f 11171/1/6 11181/1/6 11186/1/6
f 11184/1/6 11185/1/6 11187/1/6
f 11185/1/6 11186/1/6 11187/1/6
f 11187/1/6 11186/1/6 11188/1/6
f 11186/1/6 11182/1/6 11189/1/6
f 11188/1/6 11186/1/6 11189/1/6
f 11189/1/6 11190/1/6 11191/1/6
f 11188/1/6 11189/1/6 11191/1/6
f 11191/1/6 11190/1/6 11192/1/6
f 11192/1/6 11190/1/6 11193/1/6
f 11193/1/6 11194/1/6 11195/1/6
f 11192/1/6 11193/1/6 11195/1/6
f 11195/1/6 11194/1/6 11196/1/6
f 11196/1/6 11194/1/6 11197/1/6
f 11192/1/6 11195/1/6 11199/1/6
f 11199/1/6 11195/1/6 11200/1/6
f 11197/1/6 11198/1/6 11201/1/6
f 11196/1/6 11197/1/6 11201/1/6
f 11201/1/6 11198/1/6 11202/1/6
f 11202/1/6 11198/1/6 11203/1/6
f 11203/1/6 11198/1/6 11204/1/6
f 11192/1/6 11199/1/6 11205/1/6
f 11205/1/6 11199/1/6 11206/1/6
f 11204/1/6 11198/1/6 11207/1/6
f 11192/1/6 11205/1/6 11210/1/6
f 11210/1/6 11205/1/6 11211/1/6
f 11211/1/6 11205/1/6 11212/1/6
f 11207/1/6 11208/1/6 11213/1/6
f 11204/1/6 11207/1/6 11213/1/6
f 11213/1/6 11208/1/6 11214/1/6
f 11210/1/6 11211/1/6 11215/1/6
f 11209/1/6 11210/1/6 11215/1/6
f 11215/1/6 11211/1/6 11216/1/6
f 11214/1/6 11208/1/6 11217/1/6
f 11217/1/6 11208/1/6 11218/1/6
f 11209/1/6 11215/1/6 11220/1/6
f 11220/1/6 11215/1/6 11221/1/6
f 11221/1/6 11215/1/6 11222/1/6
f 11218/1/6 11208/1/6 11223/1/6
f 11219/1/6 11220/1/6 11226/1/6
f 11220/1/6 11221/1/6 11226/1/6
f 11226/1/6 11221/1/6 11227/1/6
f 11227/1/6 11221/1/6 11228/1/6
f 11225/1/6 11226/1/6 11229/1/6
f 11226/1/6 11227/1/6 11229/1/6
f 11229/1/6 11227/1/6 11230/1/6
f 11223/1/6 11224/1/6 11231/1/6
f 11218/1/6 11223/1/6 11231/1/6
f 11231/1/6 11224/1/6 11232/1/6
f 11225/1/6 11229/1/6 11234/1/6
f 11234/1/6 11229/1/6 11235/1/6
f 11235/1/6 11229/1/6 11236/1/6
f 11233/1/6 11234/1/6 11238/1/6
f 11234/1/6 11235/1/6 11238/1/6
f 11238/1/6 11235/1/6 11239/1/6
f 11237/1/6 11238/1/6 11239/1/6
f 11239/1/6 11235/1/6 11240/1/6
f 11237/1/6 11239/1/6 11242/1/6
f 11242/1/6 11239/1/6 11243/1/6
f 11243/1/6 11239/1/6 11244/1/6
f 11241/1/6 11242/1/6 11246/1/6
f 11242/1/6 11243/1/6 11246/1/6
f 11246/1/6 11243/1/6 11247/1/6
f 11247/1/6 11243/1/6 11248/1/6
f 11245/1/6 11246/1/6 11249/1/6
f 11246/1/6 11247/1/6 11249/1/6
f 11249/1/6 11247/1/6 11250/1/6
f 11245/1/6 11249/1/6 11252/1/6
f 11251/1/6 11252/1/6 11254/1/6
f 11252/1/6 11249/1/6 11255/1/6
f 11254/1/6 11252/1/6 11255/1/6
f 11255/1/6 11249/1/6 11256/1/6
f 11253/1/6 11254/1/6 11257/1/6
f 11254/1/6 11255/1/6 11257/1/6
f 11257/1/6 11255/1/6 11258/1/6
f 11253/1/6 11257/1/6 11260/1/6
f 11259/1/6 11260/1/6 11262/1/6
f 11260/1/6 11257/1/6 11263/1/6
f 11262/1/6 11260/1/6 11263/1/6
f 11263/1/6 11257/1/6 11264/1/6
f 11261/1/6 11262/1/6 11265/1/6
f 11262/1/6 11263/1/6 11265/1/6
f 11265/1/6 11263/1/6 11266/1/6
f 11261/1/6 11265/1/6 11268/1/6
f 11268/1/6 11265/1/6 11269/1/6
f 11267/1/6 11268/1/6 11269/1/6
f 11269/1/6 11265/1/6 11270/1/6
f 11267/1/6 11269/1/6 11271/1/6
f 11271/1/6 11269/1/6 11272/1/6
f 11232/1/6 11224/1/6 11273/1/6
f 11273/1/6 11224/1/6 11274/1/6
f 11232/1/6 11273/1/6 11276/1/6
f 11276/1/6 11273/1/6 11277/1/6
f 11275/1/6 11276/1/6 11277/1/6
f 11277/1/6 11273/1/6 11278/1/6
f 11275/1/6 11277/1/6 11279/1/6
f 11275/1/6 11279/1/6 11281/1/6
f 11279/1/6 11280/1/6 11281/1/6
f 11281/1/6 11280/1/6 11282/1/6
f 11282/1/6 11280/1/6 11283/1/6
f 11282/1/6 11283/1/6 11285/1/6
f 11283/1/6 11284/1/6 11285/1/6
f 11285/1/6 11284/1/6 11286/1/6
f 11286/1/6 11284/1/6 11287/1/6
f 11286/1/6 11287/1/6 11289/1/6
f 11287/1/6 11288/1/6 11289/1/6
f 11289/1/6 11288/1/6 11290/1/6
f 11290/1/6 11288/1/6 11291/1/6
f 11290/1/6 11291/1/6 11293/1/6
f 11291/1/6 11292/1/6 11293/1/6
f 11293/1/6 11292/1/6 11294/1/6
f 11294/1/6 11292/1/6 11295/1/6
f 11294/1/6 11295/1/6 11297/1/6
f 11295/1/6 11296/1/6 11297/1/6
f 11297/1/6 11296/1/6 11298/1/6
f 11298/1/6 11296/1/6 11299/1/6
f 11298/1/6 11299/1/6 11301/1/6
f 11299/1/6 11300/1/6 11301/1/6
f 11301/1/6 11300/1/6 11302/1/6
f 11302/1/6 11300/1/6 11303/1/6
f 11302/1/6 11303/1/6 11305/1/6
f 11303/1/6 11304/1/6 11305/1/6
f 11305/1/6 11304/1/6 11306/1/6
f 11306/1/6 11304/1/6 11307/1/6
f 11306/1/6 11307/1/6 11309/1/6
f 11307/1/6 11308/1/6 11309/1/6
f 11309/1/6 11308/1/6 11310/1/6
f 11310/1/6 11308/1/6 11311/1/6
f 11310/1/6 11311/1/6 11313/1/6
f 11311/1/6 11312/1/6 11313/1/6
f 11313/1/6 11312/1/6 11314/1/6
f 11314/1/6 11312/1/6 11315/1/6
f 11314/1/6 11315/1/6 11317/1/6
f 11315/1/6 11316/1/6 11317/1/6
f 11317/1/6 11316/1/6 11318/1/6
f 11318/1/6 11316/1/6 11319/1/6
f 11319/1/6 11320/1/6 11321/1/6
f 11318/1/6 11319/1/6 11321/1/6
f 11321/1/6 11320/1/6 11322/1/6
f 11322/1/6 11320/1/6 11323/1/6
f 11323/1/6 11324/1/6 11325/1/6
f 11322/1/6 11323/1/6 11325/1/6
f 11322/1/6 11325/1/6 11327/1/6
f 11325/1/6 11326/1/6 11327/1/6
f 11327/1/6 11326/1/6 11328/1/6
f 11328/1/6 11326/1/6 11329/1/6
f 11329/1/6 11330/1/6 11331/1/6
f 11328/1/6 11329/1/6 11333/1/6
f 11331/1/6 11332/1/6 11333/1/6
f 11329/1/6 11331/1/6 11333/1/6
f 11333/1/6 11332/1/6 11334/1/6
f 11334/1/6 11332/1/6 11335/1/6
f 11335/1/6 11336/1/6 11337/1/6
f 11334/1/6 11335/1/6 11337/1/6
f 11334/1/6 11337/1/6 11339/1/6
f 11337/1/6 11338/1/6 11339/1/6
f 11339/1/6 11338/1/6 11340/1/6
f 11340/1/6 11338/1/6 11341/1/6
f 11341/1/6 11342/1/6 11343/1/6
f 11340/1/6 11341/1/6 11343/1/6
f 11340/1/6 11343/1/6 11345/1/6
f 11343/1/6 11344/1/6 11345/1/6
f 11345/1/6 11344/1/6 11346/1/6
f 11346/1/6 11344/1/6 11347/1/6
f 11347/1/6 11348/1/6 11349/1/6
f 11346/1/6 11347/1/6 11349/1/6
f 11349/1/6 11348/1/6 11350/1/6
f 11350/1/6 11348/1/6 11351/1/6
f 11351/1/6 11352/1/6 11353/1/6
f 11350/1/6 11351/1/6 11353/1/6
f 11350/1/6 11353/1/6 11355/1/6
f 11353/1/6 11354/1/6 11355/1/6
f 11355/1/6 11354/1/6 11356/1/6
f 11356/1/6 11354/1/6 11357/1/6
f 11357/1/6 11358/1/6 11359/1/6
f 11356/1/6 11357/1/6 11359/1/6
f 11359/1/6 11358/1/6 11360/1/6
f 11360/1/6 11358/1/6 11361/1/6
f 11361/1/6 11362/1/6 11363/1/6
f 11360/1/6 11361/1/6 11363/1/6
f 11363/1/6 11362/1/6 11364/1/6
f 11364/1/6 11362/1/6 11365/1/6
f 11365/1/6 11366/1/6 11367/1/6
f 11364/1/6 11365/1/6 11367/1/6
f 11367/1/6 11366/1/6 11368/1/6
f 11368/1/6 11366/1/6 11369/1/6
f 11369/1/6 11370/1/6 11371/1/6
f 11368/1/6 11369/1/6 11371/1/6
f 11371/1/6 11370/1/6 11372/1/6
f 11372/1/6 11370/1/6 11373/1/6
f 11373/1/6 11374/1/6 11375/1/6
f 11372/1/6 11373/1/6 11375/1/6
f 11375/1/6 11374/1/6 11376/1/6
f 11376/1/6 11374/1/6 11377/1/6
f 11377/1/6 11378/1/6 11379/1/6
f 11376/1/6 11377/1/6 11379/1/6
f 11379/1/6 11378/1/6 11380/1/6
f 11380/1/6 11378/1/6 11381/1/6
f 11381/1/6 11378/1/6 11382/1/6
f 11382/1/6 11378/1/6 11383/1/6
f 11383/1/6 11384/1/6 11385/1/6
f 11382/1/6 11383/1/6 11385/1/6
f 11385/1/6 11384/1/6 11386/1/6
f 11386/1/6 11384/1/6 11387/1/6
f 11387/1/6 11388/1/6 11389/1/6
f 11386/1/6 11387/1/6 11389/1/6
f 11389/1/6 11388/1/6 11390/1/6
f 11390/1/6 11388/1/6 11391/1/6
f 11391/1/6 11388/1/6 11392/1/6
f 11392/1/6 11388/1/6 11393/1/6
f 11393/1/6 11394/1/6 11395/1/6
f 11392/1/6 11393/1/6 11395/1/6
f 11395/1/6 11394/1/6 11396/1/6
f 11396/1/6 11394/1/6 11397/1/6
f 11397/1/6 11398/1/6 11399/1/6
f 11396/1/6 11397/1/6 11399/1/6
f 11399/1/6 11398/1/6 11400/1/6
f 11400/1/6 11398/1/6 11401/1/6
f 11401/1/6 11398/1/6 11402/1/6
f 11402/1/6 11398/1/6 11403/1/6
f 11403/1/6 11404/1/6 11405/1/6
f 11402/1/6 11403/1/6 11405/1/6
f 11405/1/6 11404/1/6 11406/1/6
f 11406/1/6 11404/1/6 11407/1/6
f 11406/1/6 11407/1/6 11409/1/6
f 11407/1/6 11408/1/6 11409/1/6
f 11409/1/6 11408/1/6 11410/1/6
f 11410/1/6 11408/1/6 11411/1/6
f 11411/1/6 11408/1/6 11412/1/6
f 11412/1/6 11408/1/6 11413/1/6
f 11413/1/6 11414/1/6 11415/1/6
f 11412/1/6 11413/1/6 11415/1/6
f 11415/1/6 11414/1/6 11416/1/6
f 11417/1/6 11418/1/6 11419/1/6
f 11419/1/6 11420/1/6 11421/1/6
f 11417/1/6 11419/1/6 11423/1/6
f 11421/1/6 11422/1/6 11423/1/6
f 11419/1/6 11421/1/6 11423/1/6
f 11423/1/6 11422/1/6 11424/1/6
f 11424/1/6 11422/1/6 11425/1/6
f 11424/1/6 11425/1/6 11427/1/6
f 11425/1/6 11426/1/6 11427/1/6
f 11427/1/6 11426/1/6 11428/1/6
f 11428/1/6 11426/1/6 11429/1/6
f 11428/1/6 11429/1/6 11431/1/6
f 11429/1/6 11430/1/6 11431/1/6
f 11431/1/6 11430/1/6 11432/1/6
f 11432/1/6 11430/1/6 11433/1/6
f 11433/1/6 11430/1/6 11434/1/6
f 11432/1/6 11433/1/6 11435/1/6
f 11432/1/6 11435/1/6 11437/1/6
f 11435/1/6 11436/1/6 11437/1/6
f 11437/1/6 11436/1/6 11438/1/6
f 11438/1/6 11436/1/6 11439/1/6
f 11438/1/6 11439/1/6 11441/1/6
f 11439/1/6 11440/1/6 11441/1/6
f 11441/1/6 11440/1/6 11442/1/6
f 11442/1/6 11440/1/6 11443/1/6
f 11443/1/6 11444/1/6 11445/1/6
f 11442/1/6 11443/1/6 11445/1/6
f 11445/1/6 11444/1/6 11446/1/6
f 11446/1/6 11444/1/6 11447/1/6
f 11447/1/6 11448/1/6 11449/1/6
f 11446/1/6 11447/1/6 11449/1/6
f 11449/1/6 11448/1/6 11450/1/6
f 11450/1/6 11448/1/6 11451/1/6
f 11451/1/6 11452/1/6 11453/1/6
f 11450/1/6 11451/1/6 11453/1/6
f 11453/1/6 11452/1/6 11454/1/6
f 11454/1/6 11452/1/6 11455/1/6
f 11455/1/6 11456/1/6 11457/1/6
f 11454/1/6 11455/1/6 11457/1/6
f 11457/1/6 11456/1/6 11458/1/6
f 11458/1/6 11456/1/6 11459/1/6
f 11459/1/6 11460/1/6 11461/1/6
f 11458/1/6 11459/1/6 11461/1/6
f 11461/1/6 11460/1/6 11462/1/6
f 11462/1/6 11460/1/6 11463/1/6
f 11463/1/6 11464/1/6 11465/1/6
f 11462/1/6 11463/1/6 11465/1/6
f 11465/1/6 11464/1/6 11466/1/6
f 11466/1/6 11464/1/6 11467/1/6
f 11467/1/6 11468/1/6 11469/1/6
f 11466/1/6 11467/1/6 11469/1/6
f 11469/1/6 11468/1/6 11470/1/6
f 11470/1/6 11468/1/6 11471/1/6
f 11471/1/6 11472/1/6 11473/1/6
f 11470/1/6 11471/1/6 11473/1/6
f 11473/1/6 11472/1/6 11474/1/6
f 11474/1/6 11472/1/6 11475/1/6
f 11475/1/6 11476/1/6 11477/1/6
f 11474/1/6 11475/1/6 11477/1/6
f 11477/1/6 11476/1/6 11478/1/6
f 11478/1/6 11476/1/6 11479/1/6
f 11479/1/6 11480/1/6 11481/1/6
f 11478/1/6 11479/1/6 11481/1/6
f 11481/1/6 11480/1/6 11482/1/6
f 11482/1/6 11480/1/6 11483/1/6
f 11483/1/6 11484/1/6 11485/1/6
f 11482/1/6 11483/1/6 11485/1/6
f 11485/1/6 11484/1/6 11486/1/6
f 11486/1/6 11484/1/6 11487/1/6
f 11487/1/6 11488/1/6 11489/1/6
f 11486/1/6 11487/1/6 11489/1/6
f 11489/1/6 11488/1/6 11490/1/6
f 11490/1/6 11488/1/6 11491/1/6
f 11491/1/6 11492/1/6 11493/1/6
f 11490/1/6 11491/1/6 11493/1/6
f 11490/1/6 11493/1/6 11495/1/6
f 11493/1/6 11494/1/6 11495/1/6
f 11495/1/6 11494/1/6 11496/1/6
f 11496/1/6 11494/1/6 11497/1/6
f 11497/1/6 11498/1/6 11499/1/6
f 11496/1/6 11497/1/6 11499/1/6
f 11499/1/6 11498/1/6 11500/1/6
f 11500/1/6 11498/1/6 11501/1/6
f 11501/1/6 11498/1/6 11502/1/6
f 11502/1/6 11498/1/6 11503/1/6
f 11503/1/6 11504/1/6 11507/1/6
f 11502/1/6 11503/1/6 11507/1/6
f 11505/1/6 11506/1/6 11509/1/6
f 11507/1/6 11508/1/6 11511/1/6
f 11502/1/6 11507/1/6 11511/1/6
f 11511/1/6 11508/1/6 11512/1/6
f 11509/1/6 11510/1/6 11513/1/6
f 11505/1/6 11509/1/6 11513/1/6
f 11513/1/6 11510/1/6 11514/1/6
f 11514/1/6 11510/1/6 11515/1/6
f 11512/1/6 11508/1/6 11517/1/6
f 11517/1/6 11508/1/6 11518/1/6
f 11518/1/6 11508/1/6 11519/1/6
f 11515/1/6 11516/1/6 11521/1/6
f 11514/1/6 11515/1/6 11521/1/6
f 11521/1/6 11516/1/6 11522/1/6
f 11522/1/6 11516/1/6 11523/1/6
f 11519/1/6 11520/1/6 11525/1/6
f 11518/1/6 11519/1/6 11525/1/6
f 11523/1/6 11524/1/6 11527/1/6
f 11522/1/6 11523/1/6 11527/1/6
f 11527/1/6 11524/1/6 11528/1/6
f 11528/1/6 11524/1/6 11529/1/6
f 11525/1/6 11526/1/6 11531/1/6
f 11518/1/6 11525/1/6 11531/1/6
f 11531/1/6 11526/1/6 11532/1/6
f 11529/1/6 11530/1/6 11533/1/6
f 11528/1/6 11529/1/6 11533/1/6
f 11533/1/6 11530/1/6 11534/1/6
f 11534/1/6 11530/1/6 11535/1/6
f 11532/1/6 11526/1/6 11537/1/6
f 11535/1/6 11536/1/6 11539/1/6
f 11534/1/6 11535/1/6 11539/1/6
f 11539/1/6 11536/1/6 11540/1/6
f 11540/1/6 11536/1/6 11541/1/6
f 11537/1/6 11538/1/6 11543/1/6
f 11532/1/6 11537/1/6 11543/1/6
f 11543/1/6 11538/1/6 11544/1/6
f 11544/1/6 11538/1/6 11545/1/6
f 11541/1/6 11542/1/6 11547/1/6
f 11540/1/6 11541/1/6 11547/1/6
f 11547/1/6 11542/1/6 11548/1/6
f 11548/1/6 11542/1/6 11549/1/6
f 11545/1/6 11546/1/6 11551/1/6
f 11544/1/6 11545/1/6 11551/1/6
f 11551/1/6 11546/1/6 11552/1/6
f 11552/1/6 11546/1/6 11553/1/6
f 11549/1/6 11550/1/6 11555/1/6
f 11548/1/6 11549/1/6 11555/1/6
f 11555/1/6 11550/1/6 11556/1/6
f 11553/1/6 11554/1/6 11557/1/6
f 11552/1/6 11553/1/6 11557/1/6
f 11557/1/6 11554/1/6 11558/1/6
f 11558/1/6 11554/1/6 11559/1/6
f 11556/1/6 11550/1/6 11562/1/6
f 11559/1/6 11560/1/6 11563/1/6
f 11558/1/6 11559/1/6 11563/1/6
f 11563/1/6 11560/1/6 11564/1/6
f 11561/1/6 11562/1/6 11565/1/6
f 11562/1/6 11550/1/6 11565/1/6
f 11565/1/6 11550/1/6 11566/1/6
f 11564/1/6 11560/1/6 11567/1/6
f 11561/1/6 11565/1/6 11570/1/6
f 11570/1/6 11565/1/6 11571/1/6
f 11571/1/6 11565/1/6 11572/1/6
f 11567/1/6 11568/1/6 11573/1/6
f 11564/1/6 11567/1/6 11573/1/6
f 11573/1/6 11568/1/6 11574/1/6
f 11570/1/6 11571/1/6 11576/1/6
f 11569/1/6 11570/1/6 11576/1/6
f 11576/1/6 11571/1/6 11577/1/6
f 11577/1/6 11571/1/6 11578/1/6
f 11574/1/6 11568/1/6 11579/1/6
f 11576/1/6 11577/1/6 11582/1/6
f 11575/1/6 11576/1/6 11582/1/6
f 11582/1/6 11577/1/6 11583/1/6
f 11583/1/6 11577/1/6 11584/1/6
f 11581/1/6 11582/1/6 11585/1/6
f 11582/1/6 11583/1/6 11585/1/6
f 11585/1/6 11583/1/6 11586/1/6
f 11581/1/6 11585/1/6 11588/1/6
f 11587/1/6 11588/1/6 11590/1/6
f 11588/1/6 11585/1/6 11591/1/6
f 11590/1/6 11588/1/6 11591/1/6
f 11591/1/6 11585/1/6 11592/1/6
f 11589/1/6 11590/1/6 11593/1/6
f 11590/1/6 11591/1/6 11593/1/6
f 11593/1/6 11591/1/6 11594/1/6
f 11589/1/6 11593/1/6 11596/1/6
f 11596/1/6 11593/1/6 11597/1/6
f 11595/1/6 11596/1/6 11597/1/6
f 11597/1/6 11593/1/6 11598/1/6
f 11595/1/6 11597/1/6 11600/1/6
f 11600/1/6 11597/1/6 11601/1/6
f 11599/1/6 11600/1/6 11603/1/6
f 11603/1/6 11600/1/6 11604/1/6
f 11602/1/6 11603/1/6 11604/1/6
f 11604/1/6 11600/1/6 11605/1/6
f 11602/1/6 11604/1/6 11607/1/6
f 11607/1/6 11604/1/6 11608/1/6
f 11579/1/6 11580/1/6 11609/1/6
f 11574/1/6 11579/1/6 11609/1/6
f 11609/1/6 11580/1/6 11610/1/6
f 11606/1/6 11607/1/6 11611/1/6
f 11611/1/6 11607/1/6 11612/1/6
f 11574/1/6 11609/1/6 11614/1/6
f 11614/1/6 11609/1/6 11615/1/6
f 11613/1/6 11614/1/6 11615/1/6
f 11615/1/6 11609/1/6 11616/1/6
f 11613/1/6 11615/1/6 11618/1/6
f 11617/1/6 11618/1/6 11619/1/6
f 11618/1/6 11615/1/6 11620/1/6
f 11619/1/6 11618/1/6 11620/1/6
f 11620/1/6 11615/1/6 11621/1/6
f 11620/1/6 11621/1/6 11623/1/6
f 11621/1/6 11622/1/6 11623/1/6
f 11623/1/6 11622/1/6 11624/1/6
f 11624/1/6 11622/1/6 11625/1/6
f 11624/1/6 11625/1/6 11627/1/6
f 11625/1/6 11626/1/6 11627/1/6
f 11627/1/6 11626/1/6 11628/1/6
f 11628/1/6 11626/1/6 11629/1/6
f 11628/1/6 11629/1/6 11631/1/6
f 11629/1/6 11630/1/6 11631/1/6
f 11631/1/6 11630/1/6 11632/1/6
f 11632/1/6 11630/1/6 11633/1/6
f 11632/1/6 11633/1/6 11635/1/6
f 11633/1/6 11634/1/6 11635/1/6
f 11635/1/6 11634/1/6 11636/1/6
f 11636/1/6 11634/1/6 11637/1/6
f 11636/1/6 11637/1/6 11639/1/6
f 11637/1/6 11638/1/6 11639/1/6
f 11639/1/6 11638/1/6 11640/1/6
f 11640/1/6 11638/1/6 11641/1/6
f 11640/1/6 11641/1/6 11643/1/6
f 11641/1/6 11642/1/6 11643/1/6
f 11643/1/6 11642/1/6 11644/1/6
f 11644/1/6 11642/1/6 11645/1/6
f 11644/1/6 11645/1/6 11647/1/6
f 11645/1/6 11646/1/6 11647/1/6
f 11647/1/6 11646/1/6 11648/1/6
f 11648/1/6 11646/1/6 11649/1/6
f 11649/1/6 11650/1/6 11651/1/6
f 11648/1/6 11649/1/6 11651/1/6
f 11651/1/6 11650/1/6 11652/1/6
f 11652/1/6 11650/1/6 11653/1/6
f 11653/1/6 11654/1/6 11655/1/6
f 11652/1/6 11653/1/6 11655/1/6
f 11652/1/6 11655/1/6 11657/1/6
f 11655/1/6 11656/1/6 11657/1/6
f 11657/1/6 11656/1/6 11658/1/6
f 11658/1/6 11656/1/6 11659/1/6
f 11658/1/6 11659/1/6 11661/1/6
f 11659/1/6 11660/1/6 11661/1/6
f 11661/1/6 11660/1/6 11662/1/6
f 11662/1/6 11660/1/6 11663/1/6
f 11663/1/6 11664/1/6 11665/1/6
f 11662/1/6 11663/1/6 11667/1/6
f 11665/1/6 11666/1/6 11667/1/6
f 11663/1/6 11665/1/6 11667/1/6
f 11667/1/6 11666/1/6 11668/1/6
f 11668/1/6 11666/1/6 11669/1/6
f 11669/1/6 11670/1/6 11671/1/6
f 11668/1/6 11669/1/6 11671/1/6
f 11668/1/6 11671/1/6 11673/1/6
f 11671/1/6 11672/1/6 11673/1/6
f 11673/1/6 11672/1/6 11674/1/6
f 11674/1/6 11672/1/6 11675/1/6
f 11675/1/6 11676/1/6 11677/1/6
f 11674/1/6 11675/1/6 11677/1/6
f 11674/1/6 11677/1/6 11679/1/6
f 11677/1/6 11678/1/6 11679/1/6
f 11679/1/6 11678/1/6 11680/1/6
f 11680/1/6 11678/1/6 11681/1/6
f 11681/1/6 11682/1/6 11683/1/6
f 11680/1/6 11681/1/6 11683/1/6
f 11683/1/6 11682/1/6 11684/1/6
f 11684/1/6 11682/1/6 11685/1/6
f 11685/1/6 11686/1/6 11687/1/6
f 11684/1/6 11685/1/6 11687/1/6
f 11687/1/6 11686/1/6 11688/1/6
f 11688/1/6 11686/1/6 11689/1/6
f 11689/1/6 11690/1/6 11691/1/6
f 11688/1/6 11689/1/6 11691/1/6
f 11691/1/6 11690/1/6 11692/1/6
f 11692/1/6 11690/1/6 11693/1/6
f 11693/1/6 11694/1/6 11695/1/6
f 11692/1/6 11693/1/6 11695/1/6
f 11695/1/6 11694/1/6 11696/1/6
f 11696/1/6 11694/1/6 11697/1/6
f 11697/1/6 11698/1/6 11699/1/6
f 11696/1/6 11697/1/6 11699/1/6
f 11699/1/6 11698/1/6 11700/1/6
f 11700/1/6 11698/1/6 11701/1/6
f 11701/1/6 11702/1/6 11703/1/6
f 11700/1/6 11701/1/6 11703/1/6
f 11703/1/6 11702/1/6 11704/1/6
f 11704/1/6 11702/1/6 11705/1/6
f 11705/1/6 11706/1/6 11707/1/6
f 11704/1/6 11705/1/6 11707/1/6
f 11707/1/6 11706/1/6 11708/1/6
f 11708/1/6 11706/1/6 11709/1/6
f 11709/1/6 11710/1/6 11711/1/6
f 11708/1/6 11709/1/6 11711/1/6
f 11711/1/6 11710/1/6 11712/1/6
f 11712/1/6 11710/1/6 11713/1/6
f 11713/1/6 11710/1/6 11714/1/6
f 11714/1/6 11710/1/6 11715/1/6
f 11715/1/6 11716/1/6 11717/1/6
f 11714/1/6 11715/1/6 11717/1/6
f 11717/1/6 11716/1/6 11718/1/6
f 11718/1/6 11716/1/6 11719/1/6
f 11719/1/6 11720/1/6 11721/1/6
f 11718/1/6 11719/1/6 11721/1/6
f 11721/1/6 11720/1/6 11722/1/6
f 11722/1/6 11720/1/6 11723/1/6
f 11723/1/6 11720/1/6 11724/1/6
f 11724/1/6 11720/1/6 11725/1/6
f 11725/1/6 11726/1/6 11727/1/6
f 11724/1/6 11725/1/6 11727/1/6
f 11727/1/6 11726/1/6 11728/1/6
f 11728/1/6 11726/1/6 11729/1/6
f 11729/1/6 11726/1/6 11730/1/6
f 11730/1/6 11726/1/6 11731/1/6
f 11731/1/6 11732/1/6 11733/1/6
f 11730/1/6 11731/1/6 11733/1/6
f 11733/1/6 11732/1/6 11734/1/6
f 11734/1/6 11732/1/6 11735/1/6
f 11735/1/6 11736/1/6 11737/1/6
f 11734/1/6 11735/1/6 11737/1/6
f 11737/1/6 11736/1/6 11738/1/6
f 11738/1/6 11736/1/6 11739/1/6
f 11738/1/6 11739/1/6 11741/1/6
f 11739/1/6 11740/1/6 11741/1/6
f 11741/1/6 11740/1/6 11742/1/6
f 11742/1/6 11740/1/6 11743/1/6
f 11743/1/6 11740/1/6 11744/1/6
f 11744/1/6 11740/1/6 11745/1/6
f 11745/1/6 11746/1/6 11747/1/6
f 11744/1/6 11745/1/6 11747/1/6
f 11747/1/6 11746/1/6 11748/1/6
f 11748/1/6 11746/1/6 11749/1/6
f 11749/1/6 11750/1/6 11751/1/6
f 11748/1/6 11749/1/6 11751/1/6
f 11751/1/6 11750/1/6 11752/1/6
f 11752/1/6 11750/1/6 11753/1/6
f 11753/1/6 11754/1/6 11755/1/6
f 11752/1/6 11753/1/6 11755/1/6
f 11755/1/6 11754/1/6 11756/1/6
f 11756/1/6 11754/1/6 11757/1/6
f 11756/1/6 11757/1/6 11759/1/6
f 11757/1/6 11758/1/6 11759/1/6
f 11759/1/6 11758/1/6 11760/1/6
f 11761/1/6 11762/1/6 11763/1/6
f 11763/1/6 11764/1/6 11765/1/6
f 11761/1/6 11763/1/6 11767/1/6
f 11765/1/6 11766/1/6 11767/1/6
f 11763/1/6 11765/1/6 11767/1/6
f 11767/1/6 11766/1/6 11768/1/6
f 11768/1/6 11766/1/6 11769/1/6
f 11769/1/6 11766/1/6 11770/1/6
f 11770/1/6 11766/1/6 11771/1/6
f 11771/1/6 11772/1/6 11773/1/6
f 11770/1/6 11771/1/6 11773/1/6
f 11770/1/6 11773/1/6 11775/1/6
f 11773/1/6 11774/1/6 11775/1/6
f 11775/1/6 11774/1/6 11776/1/6
f 11776/1/6 11774/1/6 11777/1/6
f 11776/1/6 11777/1/6 11779/1/6
f 11777/1/6 11778/1/6 11779/1/6
f 11779/1/6 11778/1/6 11780/1/6
f 11780/1/6 11778/1/6 11781/1/6
f 11781/1/6 11778/1/6 11782/1/6
f 11782/1/6 11778/1/6 11783/1/6
f 11783/1/6 11784/1/6 11785/1/6
f 11782/1/6 11783/1/6 11785/1/6
f 11785/1/6 11784/1/6 11786/1/6
f 11782/1/6 11785/1/6 11788/1/6
f 11787/1/6 11788/1/6 11789/1/6
f 11788/1/6 11785/1/6 11790/1/6
f 11789/1/6 11788/1/6 11790/1/6
f 11790/1/6 11785/1/6 11791/1/6
f 11790/1/6 11791/1/6 11793/1/6
f 11791/1/6 11792/1/6 11793/1/6
f 11793/1/6 11792/1/6 11794/1/6
f 11794/1/6 11792/1/6 11795/1/6
f 11794/1/6 11795/1/6 11797/1/6
f 11795/1/6 11796/1/6 11797/1/6
f 11797/1/6 11796/1/6 11798/1/6
f 11798/1/6 11796/1/6 11799/1/6
f 11799/1/6 11800/1/6 11801/1/6
f 11798/1/6 11799/1/6 11801/1/6
f 11801/1/6 11800/1/6 11802/1/6
f 11802/1/6 11800/1/6 11803/1/6
f 11802/1/6 11803/1/6 11805/1/6
f 11803/1/6 11804/1/6 11805/1/6
f 11805/1/6 11804/1/6 11806/1/6
f 11806/1/6 11804/1/6 11807/1/6
f 11807/1/6 11808/1/6 11809/1/6
f 11806/1/6 11807/1/6 11809/1/6
f 11809/1/6 11808/1/6 11810/1/6
f 11810/1/6 11808/1/6 11811/1/6
f 11811/1/6 11812/1/6 11813/1/6
f 11810/1/6 11811/1/6 11813/1/6
f 11813/1/6 11812/1/6 11814/1/6
f 11814/1/6 11812/1/6 11815/1/6
f 11815/1/6 11816/1/6 11817/1/6
f 11814/1/6 11815/1/6 11817/1/6
f 11817/1/6 11816/1/6 11818/1/6
f 11818/1/6 11816/1/6 11819/1/6
f 11819/1/6 11820/1/6 11821/1/6
f 11818/1/6 11819/1/6 11821/1/6
f 11821/1/6 11820/1/6 11822/1/6
f 11822/1/6 11820/1/6 11823/1/6
f 11823/1/6 11824/1/6 11825/1/6
f 11822/1/6 11823/1/6 11825/1/6
f 11825/1/6 11824/1/6 11826/1/6
f 11826/1/6 11824/1/6 11827/1/6
f 11827/1/6 11828/1/6 11829/1/6
f 11826/1/6 11827/1/6 11829/1/6
f 11829/1/6 11828/1/6 11830/1/6
f 11830/1/6 11828/1/6 11831/1/6
f 11831/1/6 11832/1/6 11833/1/6
f 11830/1/6 11831/1/6 11833/1/6
f 11833/1/6 11832/1/6 11834/1/6
f 11834/1/6 11832/1/6 11835/1/6
f 11835/1/6 11836/1/6 11837/1/6
f 11834/1/6 11835/1/6 11837/1/6
f 11837/1/6 11836/1/6 11838/1/6
f 11838/1/6 11836/1/6 11839/1/6
f 11839/1/6 11840/1/6 11841/1/6
f 11838/1/6 11839/1/6 11841/1/6
f 11841/1/6 11840/1/6 11842/1/6
f 11842/1/6 11840/1/6 11843/1/6
f 11843/1/6 11844/1/6 11845/1/6
f 11842/1/6 11843/1/6 11845/1/6
f 11845/1/6 11844/1/6 11846/1/6
f 11846/1/6 11844/1/6 11847/1/6
f 11847/1/6 11848/1/6 11849/1/6
f 11846/1/6 11847/1/6 11849/1/6
f 11849/1/6 11848/1/6 11850/1/6
f 11850/1/6 11848/1/6 11851/1/6
f 11851/1/6 11848/1/6 11852/1/6
f 11852/1/6 11853/1/6 11854/1/6
f 11852/1/6 11854/1/6 11856/1/6
f 11854/1/6 11855/1/6 11856/1/6
f 11856/1/6 11855/1/6 11857/1/6
f 11857/1/6 11855/1/6 11858/1/6
f 11858/1/6 11859/1/6 11860/1/6
f 11857/1/6 11858/1/6 11860/1/6
f 11860/1/6 11859/1/6 11861/1/6
f 11861/1/6 11859/1/6 11862/1/6
f 11862/1/6 11863/1/6 11866/1/6
f 11861/1/6 11862/1/6 11866/1/6
f 11866/1/6 11863/1/6 11867/1/6
f 11867/1/6 11863/1/6 11868/1/6
f 11864/1/6 11865/1/6 11870/1/6
f 11870/1/6 11865/1/6 11871/1/6
f 11871/1/6 11865/1/6 11872/1/6
f 11868/1/6 11869/1/6 11874/1/6
f 11867/1/6 11868/1/6 11874/1/6
f 11874/1/6 11869/1/6 11875/1/6
f 11875/1/6 11869/1/6 11876/1/6
f 11872/1/6 11873/1/6 11878/1/6
f 11871/1/6 11872/1/6 11878/1/6
f 11878/1/6 11873/1/6 11879/1/6
f 11879/1/6 11873/1/6 11880/1/6
f 11880/1/6 11881/1/6 11882/1/6
f 11879/1/6 11880/1/6 11882/1/6
f 11882/1/6 11881/1/6 11883/1/6
f 11883/1/6 11881/1/6 11884/1/6
f 11876/1/6 11877/1/6 11886/1/6
f 11875/1/6 11876/1/6 11886/1/6
f 11886/1/6 11877/1/6 11887/1/6
f 11887/1/6 11877/1/6 11888/1/6
f 11884/1/6 11885/1/6 11890/1/6
f 11883/1/6 11884/1/6 11890/1/6
f 11890/1/6 11885/1/6 11891/1/6
f 11891/1/6 11885/1/6 11892/1/6
f 11892/1/6 11893/1/6 11894/1/6
f 11891/1/6 11892/1/6 11894/1/6
f 11894/1/6 11893/1/6 11895/1/6
f 11888/1/6 11889/1/6 11896/1/6
f 11887/1/6 11888/1/6 11896/1/6
f 11896/1/6 11889/1/6 11897/1/6
f 11897/1/6 11889/1/6 11898/1/6
f 11895/1/6 11893/1/6 11900/1/6
f 11895/1/6 11900/1/6 11902/1/6
f 11900/1/6 11901/1/6 11902/1/6
f 11902/1/6 11901/1/6 11903/1/6
f 11898/1/6 11899/1/6 11904/1/6
f 11897/1/6 11898/1/6 11904/1/6
f 11904/1/6 11899/1/6 11905/1/6
f 11905/1/6 11899/1/6 11906/1/6
f 11903/1/6 11901/1/6 11908/1/6
f 11903/1/6 11908/1/6 11910/1/6
f 11908/1/6 11909/1/6 11910/1/6
f 11910/1/6 11909/1/6 11911/1/6
f 11906/1/6 11907/1/6 11912/1/6
f 11905/1/6 11906/1/6 11912/1/6
f 11912/1/6 11907/1/6 11913/1/6
f 11913/1/6 11907/1/6 11914/1/6
f 11911/1/6 11909/1/6 11916/1/6
f 11916/1/6 11909/1/6 11917/1/6
f 11911/1/6 11916/1/6 11919/1/6
f 11914/1/6 11915/1/6 11920/1/6
f 11913/1/6 11914/1/6 11920/1/6
f 11913/1/6 11920/1/6 11922/1/6
f 11920/1/6 11921/1/6 11922/1/6
f 11922/1/6 11921/1/6 11923/1/6
f 11918/1/6 11919/1/6 11925/1/6
f 11919/1/6 11916/1/6 11926/1/6
f 11925/1/6 11919/1/6 11926/1/6
f 11926/1/6 11916/1/6 11927/1/6
f 11924/1/6 11925/1/6 11928/1/6
f 11925/1/6 11926/1/6 11928/1/6
f 11928/1/6 11926/1/6 11929/1/6
f 11923/1/6 11921/1/6 11930/1/6
f 11924/1/6 11928/1/6 11933/1/6
f 11930/1/6 11931/1/6 11934/1/6
f 11923/1/6 11930/1/6 11934/1/6
f 11934/1/6 11931/1/6 11935/1/6
f 11932/1/6 11933/1/6 11936/1/6
f 11933/1/6 11928/1/6 11936/1/6
f 11936/1/6 11928/1/6 11937/1/6
f 11932/1/6 11936/1/6 11939/1/6
f 11939/1/6 11936/1/6 11940/1/6
f 11938/1/6 11939/1/6 11940/1/6
f 11940/1/6 11936/1/6 11941/1/6
f 11938/1/6 11940/1/6 11943/1/6
f 11943/1/6 11940/1/6 11944/1/6
f 11942/1/6 11943/1/6 11946/1/6
f 11946/1/6 11943/1/6 11947/1/6
f 11945/1/6 11946/1/6 11949/1/6
f 11949/1/6 11946/1/6 11950/1/6
f 11948/1/6 11949/1/6 11952/1/6
f 11952/1/6 11949/1/6 11953/1/6
f 11951/1/6 11952/1/6 11954/1/6
f 11954/1/6 11952/1/6 11955/1/6
f 11935/1/6 11931/1/6 11957/1/6
f 11956/1/6 11957/1/6 11958/1/6
f 11957/1/6 11931/1/6 11958/1/6
f 11958/1/6 11931/1/6 11959/1/6
f 11956/1/6 11958/1/6 11961/1/6
f 11961/1/6 11958/1/6 11962/1/6
f 11960/1/6 11961/1/6 11962/1/6
f 11962/1/6 11958/1/6 11963/1/6
f 11960/1/6 11962/1/6 11964/1/6
f 11960/1/6 11964/1/6 11966/1/6
f 11964/1/6 11965/1/6 11966/1/6
f 11966/1/6 11965/1/6 11967/1/6
f 11967/1/6 11965/1/6 11968/1/6
f 11967/1/6 11968/1/6 11970/1/6
f 11968/1/6 11969/1/6 11970/1/6
f 11970/1/6 11969/1/6 11971/1/6
f 11971/1/6 11969/1/6 11972/1/6
f 11971/1/6 11972/1/6 11974/1/6
f 11972/1/6 11973/1/6 11974/1/6
f 11974/1/6 11973/1/6 11975/1/6
f 11975/1/6 11973/1/6 11976/1/6
f 11975/1/6 11976/1/6 11978/1/6
f 11976/1/6 11977/1/6 11978/1/6
f 11978/1/6 11977/1/6 11979/1/6
f 11979/1/6 11977/1/6 11980/1/6
f 11979/1/6 11980/1/6 11982/1/6
f 11980/1/6 11981/1/6 11982/1/6
f 11982/1/6 11981/1/6 11983/1/6
f 11983/1/6 11981/1/6 11984/1/6
f 11983/1/6 11984/1/6 11986/1/6
f 11984/1/6 11985/1/6 11986/1/6
f 11986/1/6 11985/1/6 11987/1/6
f 11987/1/6 11985/1/6 11988/1/6
f 11987/1/6 11988/1/6 11990/1/6
f 11988/1/6 11989/1/6 11990/1/6
f 11990/1/6 11989/1/6 11991/1/6
f 11991/1/6 11989/1/6 11992/1/6
f 11992/1/6 11993/1/6 11994/1/6
f 11991/1/6 11992/1/6 11994/1/6
f 11991/1/6 11994/1/6 11996/1/6
f 11994/1/6 11995/1/6 11996/1/6
f 11996/1/6 11995/1/6 11997/1/6
f 11997/1/6 11995/1/6 11998/1/6
f 11997/1/6 11998/1/6 12000/1/6
f 11998/1/6 11999/1/6 12000/1/6
f 12000/1/6 11999/1/6 12001/1/6
f 12001/1/6 11999/1/6 12002/1/6
f 12002/1/6 12003/1/6 12004/1/6
f 12001/1/6 12002/1/6 12004/1/6
f 12001/1/6 12004/1/6 12006/1/6
f 12004/1/6 12005/1/6 12006/1/6
f 12006/1/6 12005/1/6 12007/1/6
f 12007/1/6 12005/1/6 12008/1/6
f 12008/1/6 12009/1/6 12010/1/6
f 12007/1/6 12008/1/6 12010/1/6
f 12010/1/6 12009/1/6 12011/1/6
f 12011/1/6 12009/1/6 12012/1/6
f 12012/1/6 12013/1/6 12014/1/6
f 12011/1/6 12012/1/6 12014/1/6
f 12011/1/6 12014/1/6 12016/1/6
f 12014/1/6 12015/1/6 12016/1/6
f 12016/1/6 12015/1/6 12017/1/6
f 12017/1/6 12015/1/6 12018/1/6
f 12018/1/6 12019/1/6 12020/1/6
f 12017/1/6 12018/1/6 12020/1/6
f 12020/1/6 12019/1/6 12021/1/6
f 12021/1/6 12019/1/6 12022/1/6
f 12022/1/6 12023/1/6 12024/1/6
f 12021/1/6 12022/1/6 12024/1/6
f 12024/1/6 12023/1/6 12025/1/6
f 12025/1/6 12023/1/6 12026/1/6
f 12026/1/6 12027/1/6 12028/1/6
f 12025/1/6 12026/1/6 12028/1/6
f 12028/1/6 12027/1/6 12029/1/6
f 12029/1/6 12027/1/6 12030/1/6
f 12030/1/6 12031/1/6 12032/1/6
f 12029/1/6 12030/1/6 12032/1/6
f 12032/1/6 12031/1/6 12033/1/6
f 12033/1/6 12031/1/6 12034/1/6
f 12034/1/6 12035/1/6 12036/1/6
f 12033/1/6 12034/1/6 12036/1/6
f 12036/1/6 12035/1/6 12037/1/6
f 12037/1/6 12035/1/6 12038/1/6
f 12038/1/6 12039/1/6 12040/1/6
f 12037/1/6 12038/1/6 12040/1/6
f 12040/1/6 12039/1/6 12041/1/6
f 12041/1/6 12039/1/6 12042/1/6
f 12042/1/6 12043/1/6 12044/1/6
f 12041/1/6 12042/1/6 12044/1/6
f 12044/1/6 12043/1/6 12045/1/6
f 12045/1/6 12043/1/6 12046/1/6
f 12046/1/6 12047/1/6 12048/1/6
f 12045/1/6 12046/1/6 12048/1/6
f 12048/1/6 12047/1/6 12049/1/6
f 12049/1/6 12047/1/6 12050/1/6
f 12050/1/6 12051/1/6 12052/1/6
f 12049/1/6 12050/1/6 12052/1/6
f 12052/1/6 12051/1/6 12053/1/6
f 12053/1/6 12051/1/6 12054/1/6
f 12054/1/6 12055/1/6 12056/1/6
f 12053/1/6 12054/1/6 12056/1/6
f 12056/1/6 12055/1/6 12057/1/6
f 12057/1/6 12055/1/6 12058/1/6
f 12058/1/6 12055/1/6 12059/1/6
f 12059/1/6 12055/1/6 12060/1/6
f 12060/1/6 12061/1/6 12062/1/6
f 12059/1/6 12060/1/6 12062/1/6
f 12062/1/6 12061/1/6 12063/1/6
f 12063/1/6 12061/1/6 12064/1/6
f 12064/1/6 12065/1/6 12066/1/6
f 12063/1/6 12064/1/6 12066/1/6
f 12066/1/6 12065/1/6 12067/1/6
f 12067/1/6 12065/1/6 12068/1/6
f 12067/1/6 12068/1/6 12070/1/6
f 12068/1/6 12069/1/6 12070/1/6
f 12070/1/6 12069/1/6 12071/1/6
f 12071/1/6 12069/1/6 12072/1/6
f 12072/1/6 12069/1/6 12073/1/6
f 12073/1/6 12069/1/6 12074/1/6
f 12074/1/6 12075/1/6 12076/1/6
f 12073/1/6 12074/1/6 12076/1/6
f 12076/1/6 12075/1/6 12077/1/6
f 12077/1/6 12075/1/6 12078/1/6
f 12077/1/6 12078/1/6 12080/1/6
f 12078/1/6 12079/1/6 12080/1/6
f 12080/1/6 12079/1/6 12081/1/6
f 12081/1/6 12079/1/6 12082/1/6
f 12081/1/6 12082/1/6 12084/1/6
f 12082/1/6 12083/1/6 12084/1/6
f 12084/1/6 12083/1/6 12085/1/6
f 12085/1/6 12083/1/6 12086/1/6
f 12086/1/6 12083/1/6 12087/1/6
f 12087/1/6 12083/1/6 12088/1/6
f 12088/1/6 12089/1/6 12090/1/6
f 12087/1/6 12088/1/6 12090/1/6
f 12090/1/6 12089/1/6 12091/1/6
f 12091/1/6 12089/1/6 12092/1/6
f 12092/1/6 12093/1/6 12094/1/6
f 12091/1/6 12092/1/6 12094/1/6
f 12094/1/6 12093/1/6 12095/1/6
f 12095/1/6 12093/1/6 12096/1/6
f 12095/1/6 12096/1/6 12098/1/6
f 12096/1/6 12097/1/6 12098/1/6
f 12098/1/6 12097/1/6 12099/1/6
f 12099/1/6 12097/1/6 12100/1/6
f 12099/1/6 12100/1/6 12102/1/6
f 12100/1/6 12101/1/6 12102/1/6
f 12102/1/6 12101/1/6 12103/1/6
f 12103/1/6 12101/1/6 12104/1/6
f 12104/1/6 12101/1/6 12105/1/6
f 12106/1/6 12107/1/6 12108/1/6
f 12106/1/6 12108/1/6 12110/1/6
f 12108/1/6 12109/1/6 12110/1/6
f 12110/1/6 12109/1/6 12111/1/6
f 12106/1/6 12110/1/6 12112/1/6
f 12112/1/6 12110/1/6 12113/1/6
f 12114/1/6 12115/1/6 12116/1/6
f 12114/1/6 12116/1/6 12118/1/6
f 12116/1/6 12117/1/6 12118/1/6
f 12118/1/6 12117/1/6 12119/1/6
f 12119/1/6 12117/1/6 12120/1/6
f 12119/1/6 12120/1/6 12122/1/6
f 12120/1/6 12121/1/6 12122/1/6
f 12122/1/6 12121/1/6 12123/1/6
f 12123/1/6 12121/1/6 12124/1/6
f 12124/1/6 12125/1/6 12126/1/6
f 12123/1/6 12124/1/6 12126/1/6
f 12126/1/6 12125/1/6 12127/1/6
f 12127/1/6 12125/1/6 12128/1/6
f 12128/1/6 12129/1/6 12130/1/6
f 12127/1/6 12128/1/6 12130/1/6
f 12130/1/6 12129/1/6 12131/1/6
f 12131/1/6 12129/1/6 12132/1/6
f 12132/1/6 12133/1/6 12134/1/6
f 12131/1/6 12132/1/6 12134/1/6
f 12134/1/6 12133/1/6 12135/1/6
f 12135/1/6 12133/1/6 12136/1/6
f 12135/1/6 12136/1/6 12138/1/6
f 12136/1/6 12137/1/6 12138/1/6
f 12138/1/6 12137/1/6 12139/1/6
f 12139/1/6 12137/1/6 12140/1/6
f 12139/1/6 12140/1/6 12142/1/6
f 12140/1/6 12141/1/6 12142/1/6
f 12142/1/6 12141/1/6 12143/1/6
f 12143/1/6 12141/1/6 12144/1/6
f 12143/1/6 12144/1/6 12146/1/6
f 12144/1/6 12145/1/6 12146/1/6
f 12146/1/6 12145/1/6 12147/1/6
f 12143/1/6 12146/1/6 12149/1/6
f 12148/1/6 12149/1/6 12150/1/6
f 12149/1/6 12146/1/6 12151/1/6
f 12150/1/6 12149/1/6 12151/1/6
f 12151/1/6 12146/1/6 12152/1/6
f 12151/1/6 12152/1/6 12154/1/6
f 12152/1/6 12153/1/6 12154/1/6
f 12154/1/6 12153/1/6 12155/1/6
f 12155/1/6 12153/1/6 12156/1/6
f 12155/1/6 12156/1/6 12158/1/6
f 12156/1/6 12157/1/6 12158/1/6
f 12158/1/6 12157/1/6 12159/1/6
f 12159/1/6 12157/1/6 12160/1/6
f 12159/1/6 12160/1/6 12162/1/6
f 12160/1/6 12161/1/6 12162/1/6
f 12162/1/6 12161/1/6 12163/1/6
f 12163/1/6 12161/1/6 12164/1/6
f 12164/1/6 12165/1/6 12166/1/6
f 12163/1/6 12164/1/6 12166/1/6
f 12166/1/6 12165/1/6 12167/1/6
f 12167/1/6 12165/1/6 12168/1/6
f 12168/1/6 12169/1/6 12170/1/6
f 12167/1/6 12168/1/6 12170/1/6
f 12170/1/6 12169/1/6 12171/1/6
f 12171/1/6 12169/1/6 12172/1/6
f 12172/1/6 12169/1/6 12173/1/6
f 12173/1/6 12174/1/6 12175/1/6
f 12175/1/6 12174/1/6 12176/1/6
f 12176/1/6 12177/1/6 12178/1/6
f 12178/1/6 12177/1/6 12179/1/6
f 12179/1/6 12180/1/6 12181/1/6
f 12181/1/6 12180/1/6 12182/1/6
f 12182/1/6 12183/1/6 12184/1/6
f 12184/1/6 12183/1/6 12185/1/6
f 12185/1/6 12186/1/6 12187/1/6
f 12187/1/6 12186/1/6 12188/1/6
f 12188/1/6 12189/1/6 12190/1/6
f 12190/1/6 12189/1/6 12191/1/6
f 12191/1/6 12192/1/6 12193/1/6
f 12193/1/6 12192/1/6 12194/1/6
f 12194/1/6 12195/1/6 12196/1/6
f 12196/1/6 12195/1/6 12197/1/6
f 12197/1/6 12198/1/6 12199/1/6
f 12197/1/6 12199/1/6 12201/1/6
f 12199/1/6 12200/1/6 12201/1/6
f 12201/1/6 12200/1/6 12202/1/6
f 12202/1/6 12200/1/6 12203/1/6
f 12203/1/6 12204/1/6 12205/1/6
f 12202/1/6 12203/1/6 12205/1/6
f 12205/1/6 12204/1/6 12206/1/6
f 12206/1/6 12204/1/6 12207/1/6
f 12207/1/6 12208/1/6 12209/1/6
f 12206/1/6 12207/1/6 12209/1/6
f 12209/1/6 12208/1/6 12210/1/6
f 12210/1/6 12208/1/6 12211/1/6
f 12211/1/6 12208/1/6 12212/1/6
f 12212/1/6 12213/1/6 12214/1/6
f 12212/1/6 12214/1/6 12216/1/6
f 12214/1/6 12215/1/6 12216/1/6
f 12216/1/6 12215/1/6 12217/1/6
f 12217/1/6 12215/1/6 12218/1/6
f 12218/1/6 12219/1/6 12222/1/6
f 12217/1/6 12218/1/6 12222/1/6
f 12222/1/6 12219/1/6 12223/1/6
f 12220/1/6 12221/1/6 12224/1/6
f 12223/1/6 12219/1/6 12226/1/6
f 12224/1/6 12225/1/6 12228/1/6
f 12220/1/6 12224/1/6 12228/1/6
f 12228/1/6 12225/1/6 12229/1/6
f 12229/1/6 12225/1/6 12230/1/6
f 12226/1/6 12227/1/6 12232/1/6
f 12223/1/6 12226/1/6 12232/1/6
f 12232/1/6 12227/1/6 12233/1/6
f 12230/1/6 12231/1/6 12234/1/6
f 12229/1/6 12230/1/6 12234/1/6
f 12234/1/6 12231/1/6 12235/1/6
f 12235/1/6 12231/1/6 12236/1/6
f 12233/1/6 12227/1/6 12238/1/6
f 12236/1/6 12237/1/6 12240/1/6
f 12235/1/6 12236/1/6 12240/1/6
f 12240/1/6 12237/1/6 12241/1/6
f 12241/1/6 12237/1/6 12242/1/6
f 12238/1/6 12239/1/6 12244/1/6
f 12233/1/6 12238/1/6 12244/1/6
f 12244/1/6 12239/1/6 12245/1/6
f 12242/1/6 12243/1/6 12246/1/6
f 12241/1/6 12242/1/6 12246/1/6
f 12246/1/6 12243/1/6 12247/1/6
f 12245/1/6 12239/1/6 12248/1/6
f 12247/1/6 12243/1/6 12250/1/6
f 12248/1/6 12249/1/6 12252/1/6
f 12245/1/6 12248/1/6 12252/1/6
f 12252/1/6 12249/1/6 12253/1/6
f 12253/1/6 12249/1/6 12254/1/6
f 12250/1/6 12251/1/6 12256/1/6
f 12247/1/6 12250/1/6 12256/1/6
f 12256/1/6 12251/1/6 12257/1/6
f 12257/1/6 12251/1/6 12258/1/6
f 12254/1/6 12255/1/6 12260/1/6
f 12253/1/6 12254/1/6 12260/1/6
f 12260/1/6 12255/1/6 12261/1/6
f 12261/1/6 12255/1/6 12262/1/6
f 12258/1/6 12259/1/6 12264/1/6
f 12257/1/6 12258/1/6 12264/1/6
f 12264/1/6 12259/1/6 12265/1/6
f 12262/1/6 12263/1/6 12266/1/6
f 12261/1/6 12262/1/6 12266/1/6
f 12266/1/6 12263/1/6 12267/1/6
f 12267/1/6 12263/1/6 12268/1/6
f 12257/1/6 12264/1/6 12271/1/6
f 12271/1/6 12264/1/6 12272/1/6
f 12270/1/6 12271/1/6 12272/1/6
f 12272/1/6 12264/1/6 12273/1/6
f 12270/1/6 12272/1/6 12275/1/6
f 12268/1/6 12269/1/6 12276/1/6
f 12267/1/6 12268/1/6 12276/1/6
f 12276/1/6 12269/1/6 12277/1/6
f 12274/1/6 12275/1/6 12278/1/6
f 12275/1/6 12272/1/6 12278/1/6
f 12278/1/6 12272/1/6 12279/1/6
f 12277/1/6 12269/1/6 12280/1/6
f 12274/1/6 12278/1/6 12283/1/6
f 12283/1/6 12278/1/6 12284/1/6
f 12282/1/6 12283/1/6 12286/1/6
f 12286/1/6 12283/1/6 12287/1/6
f 12285/1/6 12286/1/6 12289/1/6
f 12289/1/6 12286/1/6 12290/1/6
f 12288/1/6 12289/1/6 12292/1/6
f 12292/1/6 12289/1/6 12293/1/6
f 12291/1/6 12292/1/6 12294/1/6
f 12294/1/6 12292/1/6 12295/1/6
f 12280/1/6 12281/1/6 12297/1/6
f 12277/1/6 12280/1/6 12297/1/6
f 12297/1/6 12281/1/6 12298/1/6
f 12296/1/6 12297/1/6 12298/1/6
f 12298/1/6 12281/1/6 12299/1/6
f 12296/1/6 12298/1/6 12301/1/6
f 12300/1/6 12301/1/6 12302/1/6
f 12301/1/6 12298/1/6 12303/1/6
f 12302/1/6 12301/1/6 12303/1/6
f 12303/1/6 12298/1/6 12304/1/6
f 12303/1/6 12304/1/6 12306/1/6
f 12304/1/6 12305/1/6 12306/1/6
f 12306/1/6 12305/1/6 12307/1/6
f 12307/1/6 12305/1/6 12308/1/6
f 12307/1/6 12308/1/6 12310/1/6
f 12308/1/6 12309/1/6 12310/1/6
f 12310/1/6 12309/1/6 12311/1/6
f 12311/1/6 12309/1/6 12312/1/6
f 12311/1/6 12312/1/6 12314/1/6
f 12312/1/6 12313/1/6 12314/1/6
f 12314/1/6 12313/1/6 12315/1/6
f 12315/1/6 12313/1/6 12316/1/6
f 12316/1/6 12317/1/6 12318/1/6
f 12315/1/6 12316/1/6 12318/1/6
f 12315/1/6 12318/1/6 12320/1/6
f 12318/1/6 12319/1/6 12320/1/6
f 12320/1/6 12319/1/6 12321/1/6
f 12321/1/6 12319/1/6 12322/1/6
f 12321/1/6 12322/1/6 12324/1/6
f 12322/1/6 12323/1/6 12324/1/6
f 12324/1/6 12323/1/6 12325/1/6
f 12325/1/6 12323/1/6 12326/1/6
f 12325/1/6 12326/1/6 12328/1/6
f 12326/1/6 12327/1/6 12328/1/6
f 12328/1/6 12327/1/6 12329/1/6
f 12329/1/6 12327/1/6 12330/1/6
f 12330/1/6 12331/1/6 12332/1/6
f 12329/1/6 12330/1/6 12332/1/6
f 12332/1/6 12331/1/6 12333/1/6
f 12333/1/6 12331/1/6 12334/1/6
f 12334/1/6 12335/1/6 12336/1/6
f 12333/1/6 12334/1/6 12336/1/6
f 12333/1/6 12336/1/6 12338/1/6
f 12336/1/6 12337/1/6 12338/1/6
f 12338/1/6 12337/1/6 12339/1/6
f 12339/1/6 12337/1/6 12340/1/6
f 12339/1/6 12340/1/6 12342/1/6
f 12340/1/6 12341/1/6 12342/1/6
f 12342/1/6 12341/1/6 12343/1/6
f 12343/1/6 12341/1/6 12344/1/6
f 12344/1/6 12345/1/6 12346/1/6
f 12343/1/6 12344/1/6 12346/1/6
f 12343/1/6 12346/1/6 12348/1/6
f 12346/1/6 12347/1/6 12348/1/6
f 12348/1/6 12347/1/6 12349/1/6
f 12349/1/6 12347/1/6 12350/1/6
f 12350/1/6 12351/1/6 12352/1/6
f 12349/1/6 12350/1/6 12352/1/6
f 12352/1/6 12351/1/6 12353/1/6
f 12353/1/6 12351/1/6 12354/1/6
f 12354/1/6 12355/1/6 12356/1/6
f 12353/1/6 12354/1/6 12356/1/6
f 12356/1/6 12355/1/6 12357/1/6
f 12357/1/6 12355/1/6 12358/1/6
f 12358/1/6 12359/1/6 12360/1/6
f 12357/1/6 12358/1/6 12360/1/6
f 12357/1/6 12360/1/6 12362/1/6
f 12360/1/6 12361/1/6 12362/1/6
f 12362/1/6 12361/1/6 12363/1/6
f 12363/1/6 12361/1/6 12364/1/6
f 12364/1/6 12365/1/6 12366/1/6
f 12363/1/6 12364/1/6 12366/1/6
f 12366/1/6 12365/1/6 12367/1/6
f 12367/1/6 12365/1/6 12368/1/6
f 12368/1/6 12369/1/6 12370/1/6
f 12367/1/6 12368/1/6 12370/1/6
f 12370/1/6 12369/1/6 12371/1/6
f 12371/1/6 12369/1/6 12372/1/6
f 12372/1/6 12373/1/6 12374/1/6
f 12371/1/6 12372/1/6 12374/1/6
f 12374/1/6 12373/1/6 12375/1/6
f 12375/1/6 12373/1/6 12376/1/6
f 12376/1/6 12377/1/6 12378/1/6
f 12375/1/6 12376/1/6 12378/1/6
f 12378/1/6 12377/1/6 12379/1/6
f 12379/1/6 12377/1/6 12380/1/6
f 12380/1/6 12381/1/6 12382/1/6
f 12379/1/6 12380/1/6 12382/1/6
f 12382/1/6 12381/1/6 12383/1/6
f 12383/1/6 12381/1/6 12384/1/6
f 12384/1/6 12385/1/6 12386/1/6
f 12383/1/6 12384/1/6 12386/1/6
f 12386/1/6 12385/1/6 12387/1/6
f 12387/1/6 12385/1/6 12388/1/6
f 12388/1/6 12389/1/6 12390/1/6
f 12387/1/6 12388/1/6 12390/1/6
f 12390/1/6 12389/1/6 12391/1/6
f 12391/1/6 12389/1/6 12392/1/6
f 12392/1/6 12389/1/6 12393/1/6
f 12393/1/6 12389/1/6 12394/1/6
f 12394/1/6 12395/1/6 12396/1/6
f 12393/1/6 12394/1/6 12396/1/6
f 12396/1/6 12395/1/6 12397/1/6
f 12397/1/6 12395/1/6 12398/1/6
f 12398/1/6 12399/1/6 12400/1/6
f 12397/1/6 12398/1/6 12400/1/6
f 12400/1/6 12399/1/6 12401/1/6
f 12401/1/6 12399/1/6 12402/1/6
f 12402/1/6 12399/1/6 12403/1/6
f 12403/1/6 12399/1/6 12404/1/6
f 12404/1/6 12405/1/6 12406/1/6
f 12403/1/6 12404/1/6 12406/1/6
f 12406/1/6 12405/1/6 12407/1/6
f 12407/1/6 12405/1/6 12408/1/6
f 12408/1/6 12409/1/6 12410/1/6
f 12407/1/6 12408/1/6 12410/1/6
f 12410/1/6 12409/1/6 12411/1/6
f 12411/1/6 12409/1/6 12412/1/6
f 12411/1/6 12412/1/6 12414/1/6
f 12412/1/6 12413/1/6 12414/1/6
f 12414/1/6 12413/1/6 12415/1/6
f 12415/1/6 12413/1/6 12416/1/6
f 12416/1/6 12413/1/6 12417/1/6
f 12417/1/6 12413/1/6 12418/1/6
f 12418/1/6 12419/1/6 12420/1/6
f 12417/1/6 12418/1/6 12420/1/6
f 12420/1/6 12419/1/6 12421/1/6
f 12421/1/6 12419/1/6 12422/1/6
f 12422/1/6 12423/1/6 12424/1/6
f 12421/1/6 12422/1/6 12424/1/6
f 12424/1/6 12423/1/6 12425/1/6
f 12425/1/6 12423/1/6 12426/1/6
f 12425/1/6 12426/1/6 12428/1/6
f 12426/1/6 12427/1/6 12428/1/6
f 12428/1/6 12427/1/6 12429/1/6
f 12429/1/6 12427/1/6 12430/1/6
f 12429/1/6 12430/1/6 12432/1/6
f 12430/1/6 12431/1/6 12432/1/6
f 12432/1/6 12431/1/6 12433/1/6
f 12433/1/6 12431/1/6 12434/1/6
f 12433/1/6 12434/1/6 12436/1/6
f 12434/1/6 12435/1/6 12436/1/6
f 12436/1/6 12435/1/6 12437/1/6
f 12437/1/6 12435/1/6 12438/1/6
f 12437/1/6 12438/1/6 12440/1/6
f 12438/1/6 12439/1/6 12440/1/6
f 12440/1/6 12439/1/6 12441/1/6
f 12441/1/6 12439/1/6 12442/1/6
f 12442/1/6 12439/1/6 12443/1/6
f 12444/1/6 12445/1/6 12447/1/6
f 12447/1/6 12445/1/6 12448/1/6
f 12446/1/6 12447/1/6 12450/1/6
f 12448/1/6 12449/1/6 12450/1/6
f 12447/1/6 12448/1/6 12450/1/6
f 12450/1/6 12449/1/6 12451/1/6
f 12451/1/6 12449/1/6 12452/1/6
f 12452/1/6 12449/1/6 12453/1/6
f 12453/1/6 12449/1/6 12454/1/6
f 12454/1/6 12449/1/6 12455/1/6
f 12453/1/6 12454/1/6 12457/1/6
f 12457/1/6 12454/1/6 12458/1/6
f 12458/1/6 12454/1/6 12459/1/6
f 12456/1/6 12457/1/6 12460/1/6
f 12457/1/6 12458/1/6 12460/1/6
f 12460/1/6 12458/1/6 12461/1/6
f 12456/1/6 12460/1/6 12463/1/6
f 12463/1/6 12460/1/6 12464/1/6
f 12462/1/6 12463/1/6 12464/1/6
f 12464/1/6 12460/1/6 12465/1/6
f 12462/1/6 12464/1/6 12466/1/6
f 12466/1/6 12464/1/6 12467/1/6
f 12468/1/6 12469/1/6 12470/1/6
f 12468/1/6 12470/1/6 12472/1/6
f 12470/1/6 12471/1/6 12472/1/6
f 12472/1/6 12471/1/6 12473/1/6
f 12473/1/6 12471/1/6 12474/1/6
f 12473/1/6 12474/1/6 12476/1/6
f 12474/1/6 12475/1/6 12476/1/6
f 12476/1/6 12475/1/6 12477/1/6
f 12477/1/6 12475/1/6 12478/1/6
f 12477/1/6 12478/1/6 12480/1/6
f 12478/1/6 12479/1/6 12480/1/6
f 12480/1/6 12479/1/6 12481/1/6
f 12481/1/6 12479/1/6 12482/1/6
f 12481/1/6 12482/1/6 12484/1/6
f 12482/1/6 12483/1/6 12484/1/6
f 12484/1/6 12483/1/6 12485/1/6
f 12485/1/6 12483/1/6 12486/1/6
f 12485/1/6 12486/1/6 12488/1/6
f 12486/1/6 12487/1/6 12488/1/6
f 12488/1/6 12487/1/6 12489/1/6
f 12489/1/6 12487/1/6 12490/1/6
f 12489/1/6 12490/1/6 12492/1/6
f 12490/1/6 12491/1/6 12492/1/6
f 12492/1/6 12491/1/6 12493/1/6
f 12493/1/6 12491/1/6 12494/1/6
f 12494/1/6 12495/1/6 12496/1/6
f 12493/1/6 12494/1/6 12496/1/6
f 12496/1/6 12495/1/6 12497/1/6
f 12497/1/6 12495/1/6 12498/1/6
f 12498/1/6 12499/1/6 12500/1/6
f 12497/1/6 12498/1/6 12500/1/6
f 12500/1/6 12499/1/6 12501/1/6
f 12501/1/6 12499/1/6 12502/1/6
f 12501/1/6 12502/1/6 12504/1/6
f 12502/1/6 12503/1/6 12504/1/6
f 12504/1/6 12503/1/6 12505/1/6
f 12505/1/6 12503/1/6 12507/1/6
f 12507/1/6 12503/1/6 12508/1/6
f 12506/1/6 12507/1/6 12508/1/6
f 12508/1/6 12503/1/6 12509/1/6
f 12506/1/6 12508/1/6 12510/1/6
f 12506/1/6 12510/1/6 12512/1/6
f 12510/1/6 12511/1/6 12512/1/6
f 12512/1/6 12511/1/6 12513/1/6
f 12513/1/6 12511/1/6 12514/1/6
f 12513/1/6 12514/1/6 12516/1/6
f 12514/1/6 12515/1/6 12516/1/6
f 12516/1/6 12515/1/6 12517/1/6
f 12517/1/6 12515/1/6 12518/1/6
f 12517/1/6 12518/1/6 12520/1/6
f 12518/1/6 12519/1/6 12520/1/6
f 12520/1/6 12519/1/6 12521/1/6
f 12521/1/6 12519/1/6 12522/1/6
f 12522/1/6 12523/1/6 12524/1/6
f 12521/1/6 12522/1/6 12524/1/6
f 12524/1/6 12523/1/6 12525/1/6
f 12525/1/6 12523/1/6 12526/1/6
f 12526/1/6 12523/1/6 12527/1/6
f 12527/1/6 12528/1/6 12529/1/6
f 12527/1/6 12529/1/6 12531/1/6
f 12529/1/6 12530/1/6 12531/1/6
f 12531/1/6 12530/1/6 12532/1/6
f 12532/1/6 12530/1/6 12533/1/6
f 12533/1/6 12534/1/6 12535/1/6
f 12532/1/6 12533/1/6 12535/1/6
f 12535/1/6 12534/1/6 12536/1/6
f 12536/1/6 12534/1/6 12537/1/6
f 12537/1/6 12538/1/6 12539/1/6
f 12536/1/6 12537/1/6 12539/1/6
f 12539/1/6 12538/1/6 12540/1/6
f 12540/1/6 12538/1/6 12541/1/6
f 12541/1/6 12542/1/6 12543/1/6
f 12540/1/6 12541/1/6 12543/1/6
f 12543/1/6 12542/1/6 12544/1/6
f 12544/1/6 12542/1/6 12545/1/6
f 12545/1/6 12546/1/6 12547/1/6
f 12544/1/6 12545/1/6 12547/1/6
f 12547/1/6 12546/1/6 12548/1/6
f 12548/1/6 12546/1/6 12549/1/6
f 12549/1/6 12550/1/6 12551/1/6
f 12548/1/6 12549/1/6 12551/1/6
f 12551/1/6 12550/1/6 12552/1/6
f 12552/1/6 12550/1/6 12553/1/6
f 12553/1/6 12554/1/6 12555/1/6
f 12552/1/6 12553/1/6 12555/1/6
f 12555/1/6 12554/1/6 12556/1/6
f 12556/1/6 12554/1/6 12557/1/6
f 12557/1/6 12558/1/6 12559/1/6
f 12556/1/6 12557/1/6 12559/1/6
f 12559/1/6 12558/1/6 12560/1/6
f 12560/1/6 12558/1/6 12561/1/6
f 12561/1/6 12562/1/6 12563/1/6
f 12560/1/6 12561/1/6 12563/1/6
f 12563/1/6 12562/1/6 12564/1/6
f 12564/1/6 12562/1/6 12565/1/6
f 12565/1/6 12566/1/6 12567/1/6
f 12564/1/6 12565/1/6 12567/1/6
f 12567/1/6 12566/1/6 12568/1/6
f 12568/1/6 12566/1/6 12569/1/6
f 12569/1/6 12566/1/6 12570/1/6
f 12570/1/6 12571/1/6 12572/1/6
f 12572/1/6 12571/1/6 12573/1/6
f 12573/1/6 12574/1/6 12575/1/6
f 12573/1/6 12575/1/6 12577/1/6
f 12575/1/6 12576/1/6 12577/1/6
f 12577/1/6 12576/1/6 12578/1/6
f 12578/1/6 12576/1/6 12579/1/6
f 12579/1/6 12580/1/6 12581/1/6
f 12578/1/6 12579/1/6 12581/1/6
f 12581/1/6 12580/1/6 12582/1/6
f 12582/1/6 12580/1/6 12583/1/6
f 12583/1/6 12580/1/6 12584/1/6
f 12584/1/6 12585/1/6 12586/1/6
f 12584/1/6 12586/1/6 12588/1/6
f 12586/1/6 12587/1/6 12588/1/6
f 12588/1/6 12587/1/6 12589/1/6
f 12589/1/6 12587/1/6 12592/1/6
f 12590/1/6 12591/1/6 12594/1/6
f 12594/1/6 12591/1/6 12595/1/6
f 12595/1/6 12591/1/6 12596/1/6
f 12592/1/6 12593/1/6 12598/1/6
f 12589/1/6 12592/1/6 12598/1/6
f 12598/1/6 12593/1/6 12599/1/6
f 12596/1/6 12597/1/6 12600/1/6
f 12595/1/6 12596/1/6 12600/1/6
f 12600/1/6 12597/1/6 12601/1/6
f 12601/1/6 12597/1/6 12602/1/6
f 12599/1/6 12593/1/6 12604/1/6
f 12602/1/6 12603/1/6 12606/1/6
f 12601/1/6 12602/1/6 12606/1/6
f 12606/1/6 12603/1/6 12607/1/6
f 12607/1/6 12603/1/6 12608/1/6
f 12604/1/6 12605/1/6 12610/1/6
f 12599/1/6 12604/1/6 12610/1/6
f 12610/1/6 12605/1/6 12611/1/6
f 12611/1/6 12605/1/6 12612/1/6
f 12608/1/6 12609/1/6 12614/1/6
f 12607/1/6 12608/1/6 12614/1/6
f 12614/1/6 12609/1/6 12615/1/6
f 12612/1/6 12613/1/6 12616/1/6
f 12611/1/6 12612/1/6 12616/1/6
f 12616/1/6 12613/1/6 12617/1/6
f 12615/1/6 12609/1/6 12618/1/6
f 12617/1/6 12613/1/6 12620/1/6
f 12617/1/6 12620/1/6 12622/1/6
f 12620/1/6 12621/1/6 12622/1/6
f 12622/1/6 12621/1/6 12623/1/6
f 12623/1/6 12621/1/6 12624/1/6
f 12623/1/6 12624/1/6 12626/1/6
f 12624/1/6 12625/1/6 12626/1/6
f 12626/1/6 12625/1/6 12627/1/6
f 12618/1/6 12619/1/6 12628/1/6
f 12615/1/6 12618/1/6 12628/1/6
f 12628/1/6 12619/1/6 12629/1/6
f 12627/1/6 12625/1/6 12630/1/6
f 12615/1/6 12628/1/6 12633/1/6
f 12633/1/6 12628/1/6 12634/1/6
f 12632/1/6 12633/1/6 12634/1/6
f 12634/1/6 12628/1/6 12635/1/6
f 12630/1/6 12631/1/6 12636/1/6
f 12627/1/6 12630/1/6 12636/1/6
f 12636/1/6 12631/1/6 12637/1/6
f 12632/1/6 12634/1/6 12639/1/6
f 12639/1/6 12634/1/6 12640/1/6
f 12638/1/6 12639/1/6 12640/1/6
f 12640/1/6 12634/1/6 12641/1/6
f 12637/1/6 12631/1/6 12642/1/6
f 12638/1/6 12640/1/6 12645/1/6
f 12645/1/6 12640/1/6 12646/1/6
f 12644/1/6 12645/1/6 12648/1/6
f 12648/1/6 12645/1/6 12649/1/6
f 12647/1/6 12648/1/6 12650/1/6
f 12650/1/6 12648/1/6 12651/1/6
f 12642/1/6 12643/1/6 12653/1/6
f 12637/1/6 12642/1/6 12653/1/6
f 12652/1/6 12653/1/6 12654/1/6
f 12653/1/6 12643/1/6 12655/1/6
f 12654/1/6 12653/1/6 12655/1/6
f 12655/1/6 12643/1/6 12656/1/6
f 12656/1/6 12657/1/6 12658/1/6
f 12655/1/6 12656/1/6 12658/1/6
f 12658/1/6 12657/1/6 12659/1/6
f 12659/1/6 12657/1/6 12660/1/6
f 12660/1/6 12661/1/6 12662/1/6
f 12659/1/6 12660/1/6 12662/1/6
f 12659/1/6 12662/1/6 12664/1/6
f 12662/1/6 12663/1/6 12664/1/6
f 12664/1/6 12663/1/6 12665/1/6
f 12665/1/6 12663/1/6 12666/1/6
f 12665/1/6 12666/1/6 12668/1/6
f 12666/1/6 12667/1/6 12668/1/6
f 12668/1/6 12667/1/6 12669/1/6
f 12669/1/6 12667/1/6 12670/1/6
f 12669/1/6 12670/1/6 12672/1/6
f 12670/1/6 12671/1/6 12672/1/6
f 12672/1/6 12671/1/6 12673/1/6
f 12673/1/6 12671/1/6 12674/1/6
f 12674/1/6 12675/1/6 12676/1/6
f 12673/1/6 12674/1/6 12678/1/6
f 12676/1/6 12677/1/6 12678/1/6
f 12674/1/6 12676/1/6 12678/1/6
f 12678/1/6 12677/1/6 12679/1/6
f 12679/1/6 12677/1/6 12680/1/6
f 12679/1/6 12680/1/6 12682/1/6
f 12680/1/6 12681/1/6 12682/1/6
f 12682/1/6 12681/1/6 12683/1/6
f 12683/1/6 12681/1/6 12684/1/6
f 12683/1/6 12684/1/6 12686/1/6
f 12684/1/6 12685/1/6 12686/1/6
f 12686/1/6 12685/1/6 12687/1/6
f 12687/1/6 12685/1/6 12688/1/6
f 12688/1/6 12689/1/6 12690/1/6
f 12687/1/6 12688/1/6 12690/1/6
f 12687/1/6 12690/1/6 12692/1/6
f 12690/1/6 12691/1/6 12692/1/6
f 12692/1/6 12691/1/6 12693/1/6
f 12693/1/6 12691/1/6 12694/1/6
f 12694/1/6 12695/1/6 12696/1/6
f 12693/1/6 12694/1/6 12696/1/6
f 12696/1/6 12695/1/6 12697/1/6
f 12697/1/6 12695/1/6 12698/1/6
f 12698/1/6 12699/1/6 12700/1/6
f 12697/1/6 12698/1/6 12700/1/6
f 12697/1/6 12700/1/6 12702/1/6
f 12700/1/6 12701/1/6 12702/1/6
f 12702/1/6 12701/1/6 12703/1/6
f 12703/1/6 12701/1/6 12704/1/6
f 12704/1/6 12705/1/6 12706/1/6
f 12703/1/6 12704/1/6 12706/1/6
f 12706/1/6 12705/1/6 12707/1/6
f 12707/1/6 12705/1/6 12708/1/6
f 12708/1/6 12709/1/6 12710/1/6
f 12707/1/6 12708/1/6 12710/1/6
f 12710/1/6 12709/1/6 12711/1/6
f 12711/1/6 12709/1/6 12712/1/6
f 12712/1/6 12713/1/6 12714/1/6
f 12711/1/6 12712/1/6 12714/1/6
f 12714/1/6 12713/1/6 12715/1/6
f 12715/1/6 12713/1/6 12716/1/6
f 12716/1/6 12717/1/6 12718/1/6
f 12715/1/6 12716/1/6 12718/1/6
f 12718/1/6 12717/1/6 12719/1/6
f 12719/1/6 12717/1/6 12720/1/6
f 12720/1/6 12721/1/6 12722/1/6
f 12719/1/6 12720/1/6 12722/1/6
f 12722/1/6 12721/1/6 12723/1/6
f 12723/1/6 12721/1/6 12724/1/6
f 12724/1/6 12725/1/6 12726/1/6
f 12723/1/6 12724/1/6 12726/1/6
f 12726/1/6 12725/1/6 12727/1/6
f 12727/1/6 12725/1/6 12728/1/6
f 12728/1/6 12725/1/6 12729/1/6
f 12729/1/6 12725/1/6 12730/1/6
f 12730/1/6 12731/1/6 12732/1/6
f 12729/1/6 12730/1/6 12732/1/6
f 12732/1/6 12731/1/6 12733/1/6
f 12733/1/6 12731/1/6 12734/1/6
f 12734/1/6 12735/1/6 12736/1/6
f 12733/1/6 12734/1/6 12736/1/6
f 12736/1/6 12735/1/6 12737/1/6
f 12737/1/6 12735/1/6 12738/1/6
f 12738/1/6 12735/1/6 12739/1/6
f 12739/1/6 12735/1/6 12740/1/6
f 12740/1/6 12741/1/6 12742/1/6
f 12739/1/6 12740/1/6 12742/1/6
f 12742/1/6 12741/1/6 12743/1/6
f 12743/1/6 12741/1/6 12744/1/6
f 12744/1/6 12745/1/6 12746/1/6
f 12743/1/6 12744/1/6 12746/1/6
f 12746/1/6 12745/1/6 12747/1/6
f 12747/1/6 12745/1/6 12748/1/6
f 12748/1/6 12745/1/6 12749/1/6
f 12749/1/6 12745/1/6 12750/1/6
f 12750/1/6 12751/1/6 12752/1/6
f 12749/1/6 12750/1/6 12752/1/6
f 12752/1/6 12751/1/6 12753/1/6
f 12753/1/6 12751/1/6 12754/1/6
f 12754/1/6 12755/1/6 12756/1/6
f 12753/1/6 12754/1/6 12756/1/6
f 12756/1/6 12755/1/6 12757/1/6
f 12757/1/6 12755/1/6 12758/1/6
f 12757/1/6 12758/1/6 12760/1/6
f 12758/1/6 12759/1/6 12760/1/6
f 12760/1/6 12759/1/6 12761/1/6
f 12761/1/6 12759/1/6 12762/1/6
f 12762/1/6 12759/1/6 12763/1/6
f 12763/1/6 12759/1/6 12764/1/6
f 12764/1/6 12765/1/6 12766/1/6
f 12763/1/6 12764/1/6 12766/1/6
f 12766/1/6 12765/1/6 12767/1/6
f 12767/1/6 12765/1/6 12768/1/6
f 12767/1/6 12768/1/6 12770/1/6
f 12768/1/6 12769/1/6 12770/1/6
f 12770/1/6 12769/1/6 12771/1/6
f 12771/1/6 12769/1/6 12772/1/6
f 12771/1/6 12772/1/6 12774/1/6
f 12772/1/6 12773/1/6 12774/1/6
f 12774/1/6 12773/1/6 12775/1/6
f 12775/1/6 12773/1/6 12776/1/6
f 12775/1/6 12776/1/6 12778/1/6
f 12776/1/6 12777/1/6 12778/1/6
f 12778/1/6 12777/1/6 12779/1/6
f 12779/1/6 12777/1/6 12780/1/6
f 12779/1/6 12780/1/6 12782/1/6
f 12780/1/6 12781/1/6 12782/1/6
f 12782/1/6 12781/1/6 12783/1/6
f 12783/1/6 12781/1/6 12784/1/6
f 12783/1/6 12784/1/6 12786/1/6
f 12784/1/6 12785/1/6 12786/1/6
f 12786/1/6 12785/1/6 12787/1/6
f 12787/1/6 12785/1/6 12788/1/6
f 12787/1/6 12788/1/6 12790/1/6
f 12788/1/6 12789/1/6 12790/1/6
f 12790/1/6 12789/1/6 12791/1/6
f 12791/1/6 12789/1/6 12792/1/6
f 12792/1/6 12789/1/6 12793/1/6
f 12794/1/6 12795/1/6 12797/1/6
f 12796/1/6 12797/1/6 12799/1/6
f 12798/1/6 12799/1/6 12801/1/6
f 12801/1/6 12799/1/6 12802/1/6
f 12800/1/6 12801/1/6 12802/1/6
f 12799/1/6 12797/1/6 12803/1/6
f 12802/1/6 12799/1/6 12803/1/6
f 12800/1/6 12802/1/6 12804/1/6
f 12804/1/6 12802/1/6 12805/1/6
f 12803/1/6 12797/1/6 12806/1/6
f 12797/1/6 12795/1/6 12807/1/6
f 12806/1/6 12797/1/6 12807/1/6
f 12807/1/6 12795/1/6 12808/1/6
f 12808/1/6 12795/1/6 12809/1/6
f 12807/1/6 12808/1/6 12811/1/6
f 12811/1/6 12808/1/6 12812/1/6
f 12812/1/6 12808/1/6 12813/1/6
f 12810/1/6 12811/1/6 12814/1/6
f 12811/1/6 12812/1/6 12814/1/6
f 12814/1/6 12812/1/6 12815/1/6
f 12810/1/6 12814/1/6 12817/1/6
f 12817/1/6 12814/1/6 12818/1/6
f 12816/1/6 12817/1/6 12818/1/6
f 12818/1/6 12814/1/6 12819/1/6
f 12816/1/6 12818/1/6 12821/1/6
f 12821/1/6 12818/1/6 12822/1/6
f 12820/1/6 12821/1/6 12822/1/6
f 12822/1/6 12818/1/6 12823/1/6
f 12820/1/6 12822/1/6 12825/1/6
f 12825/1/6 12822/1/6 12826/1/6
f 12824/1/6 12825/1/6 12826/1/6
f 12826/1/6 12822/1/6 12827/1/6
f 12824/1/6 12826/1/6 12829/1/6
f 12829/1/6 12826/1/6 12830/1/6
f 12828/1/6 12829/1/6 12830/1/6
f 12830/1/6 12826/1/6 12831/1/6
f 12828/1/6 12830/1/6 12832/1/6
f 12828/1/6 12832/1/6 12834/1/6
f 12832/1/6 12833/1/6 12834/1/6
f 12834/1/6 12833/1/6 12835/1/6
f 12835/1/6 12833/1/6 12836/1/6
f 12835/1/6 12836/1/6 12838/1/6
f 12836/1/6 12837/1/6 12838/1/6
f 12838/1/6 12837/1/6 12839/1/6
f 12839/1/6 12837/1/6 12840/1/6
f 12839/1/6 12840/1/6 12842/1/6
f 12840/1/6 12841/1/6 12842/1/6
f 12842/1/6 12841/1/6 12843/1/6
f 12843/1/6 12841/1/6 12844/1/6
f 12843/1/6 12844/1/6 12846/1/6
f 12844/1/6 12845/1/6 12846/1/6
f 12846/1/6 12845/1/6 12847/1/6
f 12847/1/6 12845/1/6 12848/1/6
f 12847/1/6 12848/1/6 12850/1/6
f 12848/1/6 12849/1/6 12850/1/6
f 12850/1/6 12849/1/6 12851/1/6
f 12851/1/6 12849/1/6 12852/1/6
f 12851/1/6 12852/1/6 12854/1/6
f 12852/1/6 12853/1/6 12854/1/6
f 12854/1/6 12853/1/6 12855/1/6
f 12855/1/6 12853/1/6 12856/1/6
f 12855/1/6 12856/1/6 12858/1/6
f 12856/1/6 12857/1/6 12858/1/6
f 12858/1/6 12857/1/6 12859/1/6
f 12859/1/6 12857/1/6 12860/1/6
f 12859/1/6 12860/1/6 12862/1/6
f 12860/1/6 12861/1/6 12862/1/6
f 12862/1/6 12861/1/6 12863/1/6
f 12863/1/6 12861/1/6 12864/1/6
f 12863/1/6 12864/1/6 12866/1/6
f 12864/1/6 12865/1/6 12866/1/6
f 12866/1/6 12865/1/6 12867/1/6
f 12867/1/6 12865/1/6 12868/1/6
f 12867/1/6 12868/1/6 12870/1/6
f 12868/1/6 12869/1/6 12870/1/6
f 12870/1/6 12869/1/6 12871/1/6
f 12871/1/6 12869/1/6 12872/1/6
f 12871/1/6 12872/1/6 12874/1/6
f 12872/1/6 12873/1/6 12874/1/6
f 12874/1/6 12873/1/6 12875/1/6
f 12871/1/6 12874/1/6 12877/1/6
f 12877/1/6 12874/1/6 12878/1/6
f 12876/1/6 12877/1/6 12878/1/6
f 12878/1/6 12874/1/6 12879/1/6
f 12876/1/6 12878/1/6 12880/1/6
f 12876/1/6 12880/1/6 12882/1/6
f 12880/1/6 12881/1/6 12882/1/6
f 12882/1/6 12881/1/6 12883/1/6
f 12883/1/6 12881/1/6 12884/1/6
f 12883/1/6 12884/1/6 12886/1/6
f 12884/1/6 12885/1/6 12886/1/6
f 12886/1/6 12885/1/6 12887/1/6
f 12887/1/6 12885/1/6 12888/1/6
f 12887/1/6 12888/1/6 12890/1/6
f 12888/1/6 12889/1/6 12890/1/6
f 12890/1/6 12889/1/6 12891/1/6
f 12891/1/6 12889/1/6 12892/1/6
f 12892/1/6 12889/1/6 12893/1/6
f 12893/1/6 12894/1/6 12895/1/6
f 12893/1/6 12895/1/6 12897/1/6
f 12895/1/6 12896/1/6 12897/1/6
f 12897/1/6 12896/1/6 12898/1/6
f 12898/1/6 12896/1/6 12899/1/6
f 12899/1/6 12900/1/6 12901/1/6
f 12898/1/6 12899/1/6 12901/1/6
f 12901/1/6 12900/1/6 12902/1/6
f 12902/1/6 12900/1/6 12903/1/6
f 12903/1/6 12904/1/6 12905/1/6
f 12902/1/6 12903/1/6 12905/1/6
f 12905/1/6 12904/1/6 12906/1/6
f 12906/1/6 12904/1/6 12907/1/6
f 12907/1/6 12908/1/6 12909/1/6
f 12906/1/6 12907/1/6 12909/1/6
f 12909/1/6 12908/1/6 12910/1/6
f 12910/1/6 12908/1/6 12911/1/6
f 12911/1/6 12908/1/6 12912/1/6
f 12912/1/6 12913/1/6 12914/1/6
f 12914/1/6 12913/1/6 12915/1/6
f 12915/1/6 12916/1/6 12917/1/6
f 12917/1/6 12916/1/6 12918/1/6
f 12918/1/6 12919/1/6 12920/1/6
f 12920/1/6 12919/1/6 12921/1/6
f 12921/1/6 12922/1/6 12923/1/6
f 12923/1/6 12922/1/6 12924/1/6
f 12924/1/6 12925/1/6 12926/1/6
f 12926/1/6 12925/1/6 12927/1/6
f 12927/1/6 12928/1/6 12929/1/6
f 12929/1/6 12928/1/6 12930/1/6
f 12930/1/6 12931/1/6 12932/1/6
f 12930/1/6 12932/1/6 12934/1/6
f 12932/1/6 12933/1/6 12934/1/6
f 12934/1/6 12933/1/6 12935/1/6
f 12935/1/6 12933/1/6 12936/1/6
f 12936/1/6 12937/1/6 12938/1/6
f 12935/1/6 12936/1/6 12938/1/6
f 12938/1/6 12937/1/6 12939/1/6
f 12939/1/6 12937/1/6 12940/1/6
f 12940/1/6 12937/1/6 12941/1/6
f 12941/1/6 12942/1/6 12943/1/6
f 12943/1/6 12942/1/6 12944/1/6
f 12944/1/6 12945/1/6 12946/1/6
f 12944/1/6 12946/1/6 12948/1/6
f 12946/1/6 12947/1/6 12948/1/6
f 12948/1/6 12947/1/6 12949/1/6
f 12949/1/6 12947/1/6 12950/1/6
f 12950/1/6 12947/1/6 12951/1/6
f 12951/1/6 12952/1/6 12953/1/6
f 12951/1/6 12953/1/6 12955/1/6
f 12953/1/6 12954/1/6 12955/1/6
f 12955/1/6 12954/1/6 12956/1/6
f 12956/1/6 12954/1/6 12959/1/6
f 12957/1/6 12958/1/6 12961/1/6
f 12959/1/6 12960/1/6 12963/1/6
f 12956/1/6 12959/1/6 12963/1/6
f 12963/1/6 12960/1/6 12964/1/6
f 12961/1/6 12962/1/6 12965/1/6
f 12957/1/6 12961/1/6 12965/1/6
f 12965/1/6 12962/1/6 12966/1/6
f 12966/1/6 12962/1/6 12967/1/6
f 12964/1/6 12960/1/6 12969/1/6
f 12967/1/6 12968/1/6 12971/1/6
f 12966/1/6 12967/1/6 12971/1/6
f 12971/1/6 12968/1/6 12972/1/6
f 12969/1/6 12970/1/6 12973/1/6
f 12964/1/6 12969/1/6 12973/1/6
f 12973/1/6 12970/1/6 12974/1/6
f 12972/1/6 12968/1/6 12975/1/6
f 12974/1/6 12970/1/6 12977/1/6
f 12975/1/6 12976/1/6 12979/1/6
f 12972/1/6 12975/1/6 12979/1/6
f 12979/1/6 12976/1/6 12980/1/6
f 12977/1/6 12978/1/6 12981/1/6
f 12974/1/6 12977/1/6 12981/1/6
f 12981/1/6 12978/1/6 12982/1/6
f 12982/1/6 12978/1/6 12983/1/6
f 12982/1/6 12983/1/6 12985/1/6
f 12983/1/6 12984/1/6 12985/1/6
f 12985/1/6 12984/1/6 12986/1/6
f 12986/1/6 12984/1/6 12987/1/6
f 12986/1/6 12987/1/6 12989/1/6
f 12987/1/6 12988/1/6 12989/1/6
f 12989/1/6 12988/1/6 12990/1/6
f 12980/1/6 12976/1/6 12992/1/6
f 12992/1/6 12976/1/6 12993/1/6
f 12990/1/6 12988/1/6 12994/1/6
f 12991/1/6 12992/1/6 12997/1/6
f 12997/1/6 12992/1/6 12998/1/6
f 12994/1/6 12995/1/6 12999/1/6
f 12990/1/6 12994/1/6 12999/1/6
f 12999/1/6 12995/1/6 13000/1/6
f 12996/1/6 12997/1/6 13002/1/6
f 13002/1/6 12997/1/6 13003/1/6
f 13000/1/6 12995/1/6 13004/1/6
f 13001/1/6 13002/1/6 13006/1/6
f 13006/1/6 13002/1/6 13007/1/6
f 13004/1/6 13005/1/6 13008/1/6
f 13008/1/6 13009/1/6 13010/1/6
f 13000/1/6 13004/1/6 13012/1/6
f 13010/1/6 13011/1/6 13012/1/6
f 13008/1/6 13010/1/6 13012/1/6
f 13004/1/6 13008/1/6 13012/1/6
f 13012/1/6 13011/1/6 13013/1/6
f 13013/1/6 13011/1/6 13014/1/6
f 13013/1/6 13014/1/6 13016/1/6
f 13014/1/6 13015/1/6 13016/1/6
f 13016/1/6 13015/1/6 13017/1/6
f 13017/1/6 13015/1/6 13018/1/6
f 13017/1/6 13018/1/6 13020/1/6
f 13018/1/6 13019/1/6 13020/1/6
f 13020/1/6 13019/1/6 13021/1/6
f 13021/1/6 13019/1/6 13022/1/6
f 13022/1/6 13023/1/6 13024/1/6
f 13021/1/6 13022/1/6 13024/1/6
f 13021/1/6 13024/1/6 13026/1/6
f 13024/1/6 13025/1/6 13026/1/6
f 13026/1/6 13025/1/6 13027/1/6
f 13027/1/6 13025/1/6 13028/1/6
f 13027/1/6 13028/1/6 13030/1/6
f 13028/1/6 13029/1/6 13030/1/6
f 13030/1/6 13029/1/6 13031/1/6
f 13031/1/6 13029/1/6 13032/1/6
f 13031/1/6 13032/1/6 13034/1/6
f 13032/1/6 13033/1/6 13034/1/6
f 13034/1/6 13033/1/6 13035/1/6
f 13035/1/6 13033/1/6 13036/1/6
f 13036/1/6 13037/1/6 13038/1/6
f 13035/1/6 13036/1/6 13038/1/6
f 13038/1/6 13037/1/6 13039/1/6
f 13039/1/6 13037/1/6 13040/1/6
f 13040/1/6 13041/1/6 13042/1/6
f 13039/1/6 13040/1/6 13042/1/6
f 13039/1/6 13042/1/6 13044/1/6
f 13042/1/6 13043/1/6 13044/1/6
f 13044/1/6 13043/1/6 13045/1/6
f 13045/1/6 13043/1/6 13046/1/6
f 13046/1/6 13047/1/6 13048/1/6
f 13045/1/6 13046/1/6 13048/1/6
f 13048/1/6 13047/1/6 13049/1/6
f 13049/1/6 13047/1/6 13050/1/6
f 13050/1/6 13051/1/6 13052/1/6
f 13049/1/6 13050/1/6 13052/1/6
f 13052/1/6 13051/1/6 13053/1/6
f 13053/1/6 13051/1/6 13054/1/6
f 13054/1/6 13055/1/6 13056/1/6
f 13053/1/6 13054/1/6 13056/1/6
f 13056/1/6 13055/1/6 13057/1/6
f 13057/1/6 13055/1/6 13058/1/6
f 13058/1/6 13059/1/6 13060/1/6
f 13057/1/6 13058/1/6 13060/1/6
f 13060/1/6 13059/1/6 13061/1/6
f 13061/1/6 13059/1/6 13062/1/6
f 13062/1/6 13063/1/6 13064/1/6
f 13061/1/6 13062/1/6 13064/1/6
f 13064/1/6 13063/1/6 13065/1/6
f 13065/1/6 13063/1/6 13066/1/6
f 13066/1/6 13063/1/6 13067/1/6
f 13067/1/6 13063/1/6 13068/1/6
f 13068/1/6 13069/1/6 13070/1/6
f 13067/1/6 13068/1/6 13070/1/6
f 13070/1/6 13069/1/6 13071/1/6
f 13071/1/6 13069/1/6 13072/1/6
f 13072/1/6 13073/1/6 13074/1/6
f 13071/1/6 13072/1/6 13074/1/6
f 13074/1/6 13073/1/6 13075/1/6
f 13075/1/6 13073/1/6 13076/1/6
f 13076/1/6 13077/1/6 13078/1/6
f 13075/1/6 13076/1/6 13078/1/6
f 13078/1/6 13077/1/6 13079/1/6
f 13079/1/6 13077/1/6 13080/1/6
f 13080/1/6 13077/1/6 13081/1/6
f 13081/1/6 13077/1/6 13082/1/6
f 13082/1/6 13083/1/6 13084/1/6
f 13081/1/6 13082/1/6 13084/1/6
f 13084/1/6 13083/1/6 13085/1/6
f 13085/1/6 13083/1/6 13086/1/6
f 13086/1/6 13083/1/6 13087/1/6
f 13087/1/6 13083/1/6 13088/1/6
f 13088/1/6 13089/1/6 13090/1/6
f 13087/1/6 13088/1/6 13090/1/6
f 13087/1/6 13090/1/6 13092/1/6
f 13090/1/6 13091/1/6 13092/1/6
f 13092/1/6 13091/1/6 13093/1/6
f 13093/1/6 13091/1/6 13094/1/6
f 13094/1/6 13091/1/6 13095/1/6
f 13095/1/6 13091/1/6 13096/1/6
f 13096/1/6 13097/1/6 13098/1/6
f 13095/1/6 13096/1/6 13098/1/6
f 13098/1/6 13097/1/6 13099/1/6
f 13099/1/6 13097/1/6 13100/1/6
f 13100/1/6 13101/1/6 13102/1/6
f 13099/1/6 13100/1/6 13102/1/6
f 13102/1/6 13101/1/6 13103/1/6
f 13103/1/6 13101/1/6 13104/1/6
f 13104/1/6 13101/1/6 13105/1/6
f 13105/1/6 13101/1/6 13106/1/6
f 13106/1/6 13107/1/6 13108/1/6
f 13105/1/6 13106/1/6 13108/1/6
f 13108/1/6 13107/1/6 13109/1/6
f 13109/1/6 13107/1/6 13110/1/6
f 13110/1/6 13111/1/6 13112/1/6
f 13109/1/6 13110/1/6 13112/1/6
f 13112/1/6 13111/1/6 13113/1/6
f 13113/1/6 13111/1/6 13114/1/6
f 13113/1/6 13114/1/6 13116/1/6
f 13114/1/6 13115/1/6 13116/1/6
f 13116/1/6 13115/1/6 13117/1/6
f 13117/1/6 13115/1/6 13118/1/6
f 13117/1/6 13118/1/6 13120/1/6
f 13118/1/6 13119/1/6 13120/1/6
f 13120/1/6 13119/1/6 13121/1/6
f 13121/1/6 13119/1/6 13122/1/6
f 13121/1/6 13122/1/6 13124/1/6
f 13122/1/6 13123/1/6 13124/1/6
f 13124/1/6 13123/1/6 13125/1/6
f 13125/1/6 13123/1/6 13126/1/6
f 13125/1/6 13126/1/6 13128/1/6
f 13126/1/6 13127/1/6 13128/1/6
f 13128/1/6 13127/1/6 13129/1/6
f 13129/1/6 13127/1/6 13130/1/6
f 13129/1/6 13130/1/6 13132/1/6
f 13130/1/6 13131/1/6 13132/1/6
f 13132/1/6 13131/1/6 13133/1/6
f 13133/1/6 13131/1/6 13134/1/6
f 13134/1/6 13131/1/6 13135/1/6
f 13135/1/6 13136/1/6 13137/1/6
f 13137/1/6 13136/1/6 13138/1/6
f 13138/1/6 13139/1/6 13140/1/6
f 13140/1/6 13139/1/6 13141/1/6
f 13142/1/6 13143/1/6 13145/1/6
f 13144/1/6 13145/1/6 13147/1/6
f 13146/1/6 13147/1/6 13149/1/6
f 13148/1/6 13149/1/6 13151/1/6
f 13149/1/6 13147/1/6 13152/1/6
f 13151/1/6 13149/1/6 13152/1/6
f 13147/1/6 13145/1/6 13153/1/6
f 13152/1/6 13147/1/6 13153/1/6
f 13151/1/6 13152/1/6 13155/1/6
f 13150/1/6 13151/1/6 13155/1/6
f 13155/1/6 13152/1/6 13156/1/6
f 13156/1/6 13152/1/6 13157/1/6
f 13145/1/6 13143/1/6 13158/1/6
f 13153/1/6 13145/1/6 13158/1/6
f 13158/1/6 13143/1/6 13159/1/6
f 13155/1/6 13156/1/6 13160/1/6
f 13154/1/6 13155/1/6 13160/1/6
f 13160/1/6 13156/1/6 13161/1/6
f 13154/1/6 13160/1/6 13162/1/6
f 13162/1/6 13160/1/6 13163/1/6
f 13153/1/6 13158/1/6 13164/1/6
f 13164/1/6 13158/1/6 13165/1/6
f 13153/1/6 13164/1/6 13166/1/6
f 13166/1/6 13164/1/6 13167/1/6
f 13153/1/6 13166/1/6 13169/1/6
f 13169/1/6 13166/1/6 13170/1/6
f 13168/1/6 13169/1/6 13170/1/6
f 13170/1/6 13166/1/6 13171/1/6
f 13168/1/6 13170/1/6 13173/1/6
f 13173/1/6 13170/1/6 13174/1/6
f 13172/1/6 13173/1/6 13174/1/6
f 13174/1/6 13170/1/6 13175/1/6
f 13172/1/6 13174/1/6 13177/1/6
f 13177/1/6 13174/1/6 13178/1/6
f 13176/1/6 13177/1/6 13178/1/6
f 13178/1/6 13174/1/6 13179/1/6
f 13176/1/6 13178/1/6 13181/1/6
f 13181/1/6 13178/1/6 13182/1/6
f 13180/1/6 13181/1/6 13182/1/6
f 13182/1/6 13178/1/6 13183/1/6
f 13180/1/6 13182/1/6 13185/1/6
f 13185/1/6 13182/1/6 13186/1/6
f 13184/1/6 13185/1/6 13186/1/6
f 13186/1/6 13182/1/6 13187/1/6
f 13184/1/6 13186/1/6 13189/1/6
f 13189/1/6 13186/1/6 13190/1/6
f 13188/1/6 13189/1/6 13190/1/6
f 13190/1/6 13186/1/6 13191/1/6
f 13188/1/6 13190/1/6 13193/1/6
f 13193/1/6 13190/1/6 13194/1/6
f 13192/1/6 13193/1/6 13194/1/6
f 13194/1/6 13190/1/6 13195/1/6
f 13192/1/6 13194/1/6 13196/1/6
f 13192/1/6 13196/1/6 13198/1/6
f 13196/1/6 13197/1/6 13198/1/6
f 13198/1/6 13197/1/6 13199/1/6
f 13199/1/6 13197/1/6 13200/1/6
f 13199/1/6 13200/1/6 13202/1/6
f 13200/1/6 13201/1/6 13202/1/6
f 13202/1/6 13201/1/6 13203/1/6
f 13203/1/6 13201/1/6 13204/1/6
f 13203/1/6 13204/1/6 13206/1/6
f 13204/1/6 13205/1/6 13206/1/6
f 13206/1/6 13205/1/6 13207/1/6
f 13207/1/6 13205/1/6 13208/1/6
f 13207/1/6 13208/1/6 13210/1/6
f 13208/1/6 13209/1/6 13210/1/6
f 13210/1/6 13209/1/6 13211/1/6
f 13211/1/6 13209/1/6 13212/1/6
f 13211/1/6 13212/1/6 13214/1/6
f 13212/1/6 13213/1/6 13214/1/6
f 13214/1/6 13213/1/6 13215/1/6
f 13215/1/6 13213/1/6 13216/1/6
f 13215/1/6 13216/1/6 13218/1/6
f 13216/1/6 13217/1/6 13218/1/6
f 13218/1/6 13217/1/6 13219/1/6
f 13219/1/6 13217/1/6 13220/1/6
f 13219/1/6 13220/1/6 13222/1/6
f 13220/1/6 13221/1/6 13222/1/6
f 13222/1/6 13221/1/6 13223/1/6
f 13223/1/6 13221/1/6 13224/1/6
f 13223/1/6 13224/1/6 13226/1/6
f 13224/1/6 13225/1/6 13226/1/6
f 13226/1/6 13225/1/6 13227/1/6
f 13227/1/6 13225/1/6 13228/1/6
f 13227/1/6 13228/1/6 13230/1/6
f 13228/1/6 13229/1/6 13230/1/6
f 13230/1/6 13229/1/6 13231/1/6
f 13231/1/6 13229/1/6 13232/1/6
f 13231/1/6 13232/1/6 13234/1/6
f 13232/1/6 13233/1/6 13234/1/6
f 13234/1/6 13233/1/6 13235/1/6
f 13235/1/6 13233/1/6 13236/1/6
f 13235/1/6 13236/1/6 13238/1/6
f 13236/1/6 13237/1/6 13238/1/6
f 13238/1/6 13237/1/6 13239/1/6
f 13239/1/6 13237/1/6 13241/1/6
f 13241/1/6 13237/1/6 13242/1/6
f 13240/1/6 13241/1/6 13242/1/6
f 13242/1/6 13237/1/6 13243/1/6
f 13240/1/6 13242/1/6 13245/1/6
f 13244/1/6 13245/1/6 13246/1/6
f 13245/1/6 13242/1/6 13247/1/6
f 13246/1/6 13245/1/6 13247/1/6
f 13247/1/6 13242/1/6 13248/1/6
f 13247/1/6 13248/1/6 13250/1/6
f 13248/1/6 13249/1/6 13250/1/6
f 13250/1/6 13249/1/6 13251/1/6
f 13251/1/6 13249/1/6 13252/1/6
f 13251/1/6 13252/1/6 13254/1/6
f 13252/1/6 13253/1/6 13254/1/6
f 13254/1/6 13253/1/6 13255/1/6
f 13255/1/6 13253/1/6 13256/1/6
f 13255/1/6 13256/1/6 13258/1/6
f 13256/1/6 13257/1/6 13258/1/6
f 13258/1/6 13257/1/6 13259/1/6
f 13259/1/6 13257/1/6 13260/1/6
f 13260/1/6 13261/1/6 13262/1/6
f 13259/1/6 13260/1/6 13262/1/6
f 13262/1/6 13261/1/6 13263/1/6
f 13263/1/6 13261/1/6 13264/1/6
f 13264/1/6 13261/1/6 13265/1/6
f 13265/1/6 13266/1/6 13267/1/6
f 13267/1/6 13266/1/6 13268/1/6
f 13268/1/6 13269/1/6 13270/1/6
f 13270/1/6 13269/1/6 13271/1/6
f 13271/1/6 13272/1/6 13273/1/6
f 13271/1/6 13273/1/6 13275/1/6
f 13273/1/6 13274/1/6 13275/1/6
f 13275/1/6 13274/1/6 13276/1/6
f 13276/1/6 13274/1/6 13277/1/6
f 13277/1/6 13278/1/6 13279/1/6
f 13276/1/6 13277/1/6 13279/1/6
f 13279/1/6 13278/1/6 13280/1/6
f 13280/1/6 13278/1/6 13281/1/6
f 13281/1/6 13282/1/6 13283/1/6
f 13280/1/6 13281/1/6 13283/1/6
f 13283/1/6 13282/1/6 13284/1/6
f 13284/1/6 13282/1/6 13285/1/6
f 13285/1/6 13286/1/6 13287/1/6
f 13284/1/6 13285/1/6 13287/1/6
f 13287/1/6 13286/1/6 13288/1/6
f 13288/1/6 13286/1/6 13289/1/6
f 13289/1/6 13290/1/6 13291/1/6
f 13288/1/6 13289/1/6 13291/1/6
f 13291/1/6 13290/1/6 13292/1/6
f 13292/1/6 13290/1/6 13293/1/6
f 13293/1/6 13294/1/6 13295/1/6
f 13292/1/6 13293/1/6 13295/1/6
f 13295/1/6 13294/1/6 13296/1/6
f 13296/1/6 13294/1/6 13297/1/6
f 13297/1/6 13294/1/6 13298/1/6
f 13298/1/6 13299/1/6 13300/1/6
f 13300/1/6 13299/1/6 13301/1/6
f 13301/1/6 13302/1/6 13303/1/6
f 13303/1/6 13302/1/6 13304/1/6
f 13304/1/6 13305/1/6 13306/1/6
f 13304/1/6 13306/1/6 13308/1/6
f 13306/1/6 13307/1/6 13308/1/6
f 13308/1/6 13307/1/6 13309/1/6
f 13309/1/6 13307/1/6 13310/1/6
f 13310/1/6 13307/1/6 13311/1/6
f 13311/1/6 13312/1/6 13313/1/6
f 13313/1/6 13312/1/6 13314/1/6
f 13314/1/6 13315/1/6 13316/1/6
f 13314/1/6 13316/1/6 13318/1/6
f 13316/1/6 13317/1/6 13318/1/6
f 13318/1/6 13317/1/6 13319/1/6
f 13319/1/6 13317/1/6 13320/1/6
f 13320/1/6 13317/1/6 13321/1/6
f 13321/1/6 13322/1/6 13323/1/6
f 13323/1/6 13322/1/6 13324/1/6
f 13324/1/6 13325/1/6 13328/1/6
f 13328/1/6 13325/1/6 13329/1/6
f 13326/1/6 13327/1/6 13331/1/6
f 13326/1/6 13331/1/6 13333/1/6
f 13331/1/6 13332/1/6 13333/1/6
f 13333/1/6 13332/1/6 13334/1/6
f 13329/1/6 13330/1/6 13335/1/6
f 13335/1/6 13330/1/6 13336/1/6
f 13334/1/6 13332/1/6 13338/1/6
f 13336/1/6 13337/1/6 13340/1/6
f 13338/1/6 13339/1/6 13342/1/6
f 13334/1/6 13338/1/6 13342/1/6
f 13342/1/6 13339/1/6 13343/1/6
f 13340/1/6 13341/1/6 13344/1/6
f 13336/1/6 13340/1/6 13344/1/6
f 13344/1/6 13341/1/6 13345/1/6
f 13345/1/6 13341/1/6 13346/1/6
f 13345/1/6 13346/1/6 13348/1/6
f 13346/1/6 13347/1/6 13348/1/6
f 13348/1/6 13347/1/6 13349/1/6
f 13343/1/6 13339/1/6 13351/1/6
f 13349/1/6 13347/1/6 13352/1/6
f 13350/1/6 13351/1/6 13354/1/6
f 13351/1/6 13339/1/6 13354/1/6
f 13354/1/6 13339/1/6 13355/1/6
f 13352/1/6 13353/1/6 13356/1/6
f 13349/1/6 13352/1/6 13356/1/6
f 13356/1/6 13353/1/6 13357/1/6
f 13357/1/6 13353/1/6 13358/1/6
f 13350/1/6 13354/1/6 13361/1/6
f 13361/1/6 13354/1/6 13362/1/6
f 13360/1/6 13361/1/6 13363/1/6
f 13363/1/6 13361/1/6 13364/1/6
f 13358/1/6 13359/1/6 13365/1/6
f 13357/1/6 13358/1/6 13365/1/6
f 13365/1/6 13359/1/6 13366/1/6
f 13366/1/6 13359/1/6 13367/1/6
f 13367/1/6 13368/1/6 13369/1/6
f 13366/1/6 13367/1/6 13371/1/6
f 13369/1/6 13370/1/6 13371/1/6
f 13367/1/6 13369/1/6 13371/1/6
f 13371/1/6 13370/1/6 13372/1/6
f 13372/1/6 13370/1/6 13373/1/6
f 13373/1/6 13374/1/6 13375/1/6
f 13372/1/6 13373/1/6 13377/1/6
f 13375/1/6 13376/1/6 13377/1/6
f 13373/1/6 13375/1/6 13377/1/6
f 13377/1/6 13376/1/6 13378/1/6
f 13378/1/6 13376/1/6 13379/1/6
f 13378/1/6 13379/1/6 13381/1/6
f 13379/1/6 13380/1/6 13381/1/6
f 13381/1/6 13380/1/6 13382/1/6
f 13382/1/6 13380/1/6 13383/1/6
f 13383/1/6 13384/1/6 13385/1/6
f 13382/1/6 13383/1/6 13385/1/6
f 13382/1/6 13385/1/6 13387/1/6
f 13385/1/6 13386/1/6 13387/1/6
f 13387/1/6 13386/1/6 13388/1/6
f 13388/1/6 13386/1/6 13389/1/6
f 13388/1/6 13389/1/6 13391/1/6
f 13389/1/6 13390/1/6 13391/1/6
f 13391/1/6 13390/1/6 13392/1/6
f 13392/1/6 13390/1/6 13393/1/6
f 13392/1/6 13393/1/6 13395/1/6
f 13393/1/6 13394/1/6 13395/1/6
f 13395/1/6 13394/1/6 13396/1/6
f 13396/1/6 13394/1/6 13397/1/6
f 13397/1/6 13398/1/6 13399/1/6
f 13396/1/6 13397/1/6 13399/1/6
f 13399/1/6 13398/1/6 13400/1/6
f 13400/1/6 13398/1/6 13401/1/6
f 13401/1/6 13402/1/6 13403/1/6
f 13400/1/6 13401/1/6 13403/1/6
f 13403/1/6 13402/1/6 13404/1/6
f 13404/1/6 13402/1/6 13405/1/6
f 13405/1/6 13406/1/6 13407/1/6
f 13404/1/6 13405/1/6 13407/1/6
f 13404/1/6 13407/1/6 13409/1/6
f 13407/1/6 13408/1/6 13409/1/6
f 13409/1/6 13408/1/6 13410/1/6
f 13410/1/6 13408/1/6 13411/1/6
f 13411/1/6 13408/1/6 13412/1/6
f 13412/1/6 13408/1/6 13413/1/6
f 13413/1/6 13414/1/6 13415/1/6
f 13412/1/6 13413/1/6 13415/1/6
f 13415/1/6 13414/1/6 13416/1/6
f 13416/1/6 13414/1/6 13417/1/6
f 13417/1/6 13418/1/6 13419/1/6
f 13416/1/6 13417/1/6 13419/1/6
f 13419/1/6 13418/1/6 13420/1/6
f 13420/1/6 13418/1/6 13421/1/6
f 13420/1/6 13421/1/6 13423/1/6
f 13421/1/6 13422/1/6 13423/1/6
f 13423/1/6 13422/1/6 13424/1/6
f 13424/1/6 13422/1/6 13425/1/6
f 13425/1/6 13426/1/6 13427/1/6
f 13424/1/6 13425/1/6 13427/1/6
f 13427/1/6 13426/1/6 13428/1/6
f 13428/1/6 13426/1/6 13429/1/6
f 13429/1/6 13426/1/6 13430/1/6
f 13430/1/6 13426/1/6 13431/1/6
f 13431/1/6 13432/1/6 13433/1/6
f 13430/1/6 13431/1/6 13433/1/6
f 13433/1/6 13432/1/6 13434/1/6
f 13434/1/6 13432/1/6 13435/1/6
f 13434/1/6 13435/1/6 13437/1/6
f 13435/1/6 13436/1/6 13437/1/6
f 13437/1/6 13436/1/6 13438/1/6
f 13438/1/6 13436/1/6 13439/1/6
f 13439/1/6 13440/1/6 13441/1/6
f 13438/1/6 13439/1/6 13441/1/6
f 13441/1/6 13440/1/6 13442/1/6
f 13442/1/6 13440/1/6 13443/1/6
f 13443/1/6 13440/1/6 13444/1/6
f 13444/1/6 13440/1/6 13445/1/6
f 13445/1/6 13446/1/6 13447/1/6
f 13444/1/6 13445/1/6 13447/1/6
f 13447/1/6 13446/1/6 13448/1/6
f 13448/1/6 13446/1/6 13449/1/6
f 13449/1/6 13450/1/6 13451/1/6
f 13448/1/6 13449/1/6 13451/1/6
f 13451/1/6 13450/1/6 13452/1/6
f 13452/1/6 13450/1/6 13453/1/6
f 13453/1/6 13454/1/6 13455/1/6
f 13452/1/6 13453/1/6 13455/1/6
f 13455/1/6 13454/1/6 13456/1/6
f 13456/1/6 13454/1/6 13457/1/6
f 13457/1/6 13454/1/6 13458/1/6
f 13458/1/6 13454/1/6 13459/1/6
f 13459/1/6 13460/1/6 13461/1/6
f 13458/1/6 13459/1/6 13461/1/6
f 13461/1/6 13460/1/6 13462/1/6
f 13462/1/6 13460/1/6 13463/1/6
f 13463/1/6 13464/1/6 13465/1/6
f 13462/1/6 13463/1/6 13465/1/6
f 13465/1/6 13464/1/6 13466/1/6
f 13466/1/6 13464/1/6 13467/1/6
f 13467/1/6 13468/1/6 13469/1/6
f 13466/1/6 13467/1/6 13469/1/6
f 13469/1/6 13468/1/6 13470/1/6
f 13470/1/6 13468/1/6 13471/1/6
f 13470/1/6 13471/1/6 13473/1/6
f 13471/1/6 13472/1/6 13473/1/6
f 13473/1/6 13472/1/6 13474/1/6
f 13474/1/6 13472/1/6 13475/1/6
f 13474/1/6 13475/1/6 13477/1/6
f 13475/1/6 13476/1/6 13477/1/6
f 13477/1/6 13476/1/6 13478/1/6
f 13478/1/6 13476/1/6 13479/1/6
f 13478/1/6 13479/1/6 13481/1/6
f 13479/1/6 13480/1/6 13481/1/6
f 13481/1/6 13480/1/6 13482/1/6
f 13482/1/6 13480/1/6 13483/1/6
f 13482/1/6 13483/1/6 13485/1/6
f 13483/1/6 13484/1/6 13485/1/6
f 13485/1/6 13484/1/6 13486/1/6
f 13486/1/6 13484/1/6 13487/1/6
f 13486/1/6 13487/1/6 13489/1/6
f 13487/1/6 13488/1/6 13489/1/6
f 13489/1/6 13488/1/6 13490/1/6
f 13490/1/6 13488/1/6 13491/1/6
f 13490/1/6 13491/1/6 13493/1/6
f 13491/1/6 13492/1/6 13493/1/6
f 13493/1/6 13492/1/6 13494/1/6
f 13494/1/6 13492/1/6 13495/1/6
f 13495/1/6 13492/1/6 13496/1/6
f 13496/1/6 13497/1/6 13498/1/6
f 13498/1/6 13497/1/6 13499/1/6
f 13500/1/6 13501/1/6 13503/1/6
f 13503/1/6 13501/1/6 13504/1/6
f 13504/1/6 13501/1/6 13505/1/6
f 13502/1/6 13503/1/6 13507/1/6
f 13503/1/6 13504/1/6 13507/1/6
f 13507/1/6 13504/1/6 13508/1/6
f 13508/1/6 13504/1/6 13509/1/6
f 13505/1/6 13501/1/6 13510/1/6
f 13510/1/6 13501/1/6 13511/1/6
f 13506/1/6 13507/1/6 13513/1/6
f 13507/1/6 13508/1/6 13513/1/6
f 13513/1/6 13508/1/6 13514/1/6
f 13514/1/6 13508/1/6 13515/1/6
f 13512/1/6 13513/1/6 13517/1/6
f 13513/1/6 13514/1/6 13517/1/6
f 13517/1/6 13514/1/6 13518/1/6
f 13518/1/6 13514/1/6 13519/1/6
f 13516/1/6 13517/1/6 13520/1/6
f 13517/1/6 13518/1/6 13520/1/6
f 13520/1/6 13518/1/6 13521/1/6
f 13505/1/6 13510/1/6 13522/1/6
f 13522/1/6 13510/1/6 13523/1/6
f 13516/1/6 13520/1/6 13524/1/6
f 13524/1/6 13520/1/6 13525/1/6
f 13505/1/6 13522/1/6 13527/1/6
f 13526/1/6 13527/1/6 13528/1/6
f 13527/1/6 13522/1/6 13528/1/6
f 13528/1/6 13522/1/6 13529/1/6
f 13526/1/6 13528/1/6 13531/1/6
f 13531/1/6 13528/1/6 13532/1/6
f 13532/1/6 13528/1/6 13533/1/6
f 13530/1/6 13531/1/6 13535/1/6
f 13531/1/6 13532/1/6 13535/1/6
f 13535/1/6 13532/1/6 13536/1/6
f 13536/1/6 13532/1/6 13537/1/6
f 13534/1/6 13535/1/6 13538/1/6
f 13535/1/6 13536/1/6 13538/1/6
f 13538/1/6 13536/1/6 13539/1/6
f 13534/1/6 13538/1/6 13541/1/6
f 13541/1/6 13538/1/6 13542/1/6
f 13540/1/6 13541/1/6 13542/1/6
f 13542/1/6 13538/1/6 13543/1/6
f 13540/1/6 13542/1/6 13545/1/6
f 13545/1/6 13542/1/6 13546/1/6
f 13544/1/6 13545/1/6 13546/1/6
f 13546/1/6 13542/1/6 13547/1/6
f 13544/1/6 13546/1/6 13549/1/6
f 13549/1/6 13546/1/6 13550/1/6
f 13548/1/6 13549/1/6 13550/1/6
f 13550/1/6 13546/1/6 13551/1/6
f 13548/1/6 13550/1/6 13553/1/6
f 13553/1/6 13550/1/6 13554/1/6
f 13552/1/6 13553/1/6 13554/1/6
f 13554/1/6 13550/1/6 13555/1/6
f 13552/1/6 13554/1/6 13557/1/6
f 13557/1/6 13554/1/6 13558/1/6
f 13556/1/6 13557/1/6 13558/1/6
f 13558/1/6 13554/1/6 13559/1/6
f 13556/1/6 13558/1/6 13561/1/6
f 13561/1/6 13558/1/6 13562/1/6
f 13560/1/6 13561/1/6 13562/1/6
f 13562/1/6 13558/1/6 13563/1/6
f 13560/1/6 13562/1/6 13565/1/6
f 13564/1/6 13565/1/6 13566/1/6
f 13565/1/6 13562/1/6 13567/1/6
f 13566/1/6 13565/1/6 13567/1/6
f 13567/1/6 13562/1/6 13568/1/6
f 13567/1/6 13568/1/6 13570/1/6
f 13568/1/6 13569/1/6 13570/1/6
f 13570/1/6 13569/1/6 13571/1/6
f 13571/1/6 13569/1/6 13572/1/6
f 13571/1/6 13572/1/6 13574/1/6
f 13572/1/6 13573/1/6 13574/1/6
f 13574/1/6 13573/1/6 13575/1/6
f 13575/1/6 13573/1/6 13576/1/6
f 13575/1/6 13576/1/6 13578/1/6
f 13576/1/6 13577/1/6 13578/1/6
f 13578/1/6 13577/1/6 13579/1/6
f 13579/1/6 13577/1/6 13580/1/6
f 13579/1/6 13580/1/6 13582/1/6
f 13580/1/6 13581/1/6 13582/1/6
f 13582/1/6 13581/1/6 13583/1/6
f 13583/1/6 13581/1/6 13584/1/6
f 13583/1/6 13584/1/6 13586/1/6
f 13584/1/6 13585/1/6 13586/1/6
f 13586/1/6 13585/1/6 13587/1/6
f 13587/1/6 13585/1/6 13588/1/6
f 13587/1/6 13588/1/6 13590/1/6
f 13588/1/6 13589/1/6 13590/1/6
f 13590/1/6 13589/1/6 13591/1/6
f 13591/1/6 13589/1/6 13592/1/6
f 13591/1/6 13592/1/6 13594/1/6
f 13592/1/6 13593/1/6 13594/1/6
f 13594/1/6 13593/1/6 13595/1/6
f 13595/1/6 13593/1/6 13596/1/6
f 13595/1/6 13596/1/6 13598/1/6
f 13596/1/6 13597/1/6 13598/1/6
f 13598/1/6 13597/1/6 13599/1/6
f 13599/1/6 13597/1/6 13600/1/6
f 13599/1/6 13600/1/6 13602/1/6
f 13600/1/6 13601/1/6 13602/1/6
f 13602/1/6 13601/1/6 13603/1/6
f 13603/1/6 13601/1/6 13604/1/6
f 13603/1/6 13604/1/6 13606/1/6
f 13604/1/6 13605/1/6 13606/1/6
f 13606/1/6 13605/1/6 13607/1/6
f 13607/1/6 13605/1/6 13608/1/6
f 13607/1/6 13608/1/6 13610/1/6
f 13608/1/6 13609/1/6 13610/1/6
f 13610/1/6 13609/1/6 13611/1/6
f 13607/1/6 13610/1/6 13613/1/6
f 13613/1/6 13610/1/6 13614/1/6
f 13612/1/6 13613/1/6 13614/1/6
f 13614/1/6 13610/1/6 13615/1/6
f 13612/1/6 13614/1/6 13616/1/6
f 13612/1/6 13616/1/6 13618/1/6
f 13616/1/6 13617/1/6 13618/1/6
f 13618/1/6 13617/1/6 13619/1/6
f 13619/1/6 13617/1/6 13620/1/6
f 13619/1/6 13620/1/6 13622/1/6
f 13620/1/6 13621/1/6 13622/1/6
f 13622/1/6 13621/1/6 13623/1/6
f 13623/1/6 13621/1/6 13624/1/6
f 13623/1/6 13624/1/6 13626/1/6
f 13624/1/6 13625/1/6 13626/1/6
f 13626/1/6 13625/1/6 13627/1/6
f 13627/1/6 13625/1/6 13628/1/6
f 13628/1/6 13625/1/6 13629/1/6
f 13629/1/6 13630/1/6 13631/1/6
f 13629/1/6 13631/1/6 13633/1/6
f 13631/1/6 13632/1/6 13633/1/6
f 13633/1/6 13632/1/6 13634/1/6
f 13634/1/6 13632/1/6 13635/1/6
f 13635/1/6 13636/1/6 13637/1/6
f 13634/1/6 13635/1/6 13637/1/6
f 13637/1/6 13636/1/6 13638/1/6
f 13638/1/6 13636/1/6 13639/1/6
f 13639/1/6 13640/1/6 13641/1/6
f 13638/1/6 13639/1/6 13641/1/6
f 13641/1/6 13640/1/6 13642/1/6
f 13642/1/6 13640/1/6 13643/1/6
f 13643/1/6 13640/1/6 13644/1/6
f 13644/1/6 13645/1/6 13646/1/6
f 13646/1/6 13645/1/6 13647/1/6
f 13647/1/6 13648/1/6 13649/1/6
f 13649/1/6 13648/1/6 13650/1/6
f 13650/1/6 13651/1/6 13652/1/6
f 13652/1/6 13651/1/6 13653/1/6
f 13653/1/6 13654/1/6 13655/1/6
f 13655/1/6 13654/1/6 13656/1/6
f 13656/1/6 13657/1/6 13658/1/6
f 13658/1/6 13657/1/6 13659/1/6
f 13659/1/6 13660/1/6 13661/1/6
f 13659/1/6 13661/1/6 13663/1/6
f 13661/1/6 13662/1/6 13663/1/6
f 13663/1/6 13662/1/6 13664/1/6
f 13664/1/6 13662/1/6 13665/1/6
f 13665/1/6 13666/1/6 13667/1/6
f 13664/1/6 13665/1/6 13667/1/6
f 13667/1/6 13666/1/6 13668/1/6
f 13668/1/6 13666/1/6 13669/1/6
f 13669/1/6 13666/1/6 13670/1/6
f 13670/1/6 13671/1/6 13672/1/6
f 13672/1/6 13671/1/6 13673/1/6
f 13673/1/6 13674/1/6 13675/1/6
f 13673/1/6 13675/1/6 13677/1/6
f 13675/1/6 13676/1/6 13677/1/6
f 13677/1/6 13676/1/6 13678/1/6
f 13678/1/6 13676/1/6 13679/1/6
f 13679/1/6 13676/1/6 13680/1/6
f 13680/1/6 13681/1/6 13682/1/6
f 13682/1/6 13681/1/6 13683/1/6
f 13683/1/6 13684/1/6 13685/1/6
f 13685/1/6 13684/1/6 13686/1/6
f 13686/1/6 13687/1/6 13688/1/6
f 13686/1/6 13688/1/6 13690/1/6
f 13688/1/6 13689/1/6 13690/1/6
f 13690/1/6 13689/1/6 13691/1/6
f 13691/1/6 13689/1/6 13692/1/6
f 13691/1/6 13692/1/6 13694/1/6
f 13692/1/6 13693/1/6 13694/1/6
f 13694/1/6 13693/1/6 13695/1/6
f 13695/1/6 13693/1/6 13696/1/6
f 13695/1/6 13696/1/6 13700/1/6
f 13696/1/6 13697/1/6 13700/1/6
f 13700/1/6 13697/1/6 13701/1/6
f 13701/1/6 13697/1/6 13702/1/6
f 13701/1/6 13702/1/6 13704/1/6
f 13702/1/6 13703/1/6 13704/1/6
f 13704/1/6 13703/1/6 13705/1/6
f 13698/1/6 13699/1/6 13706/1/6
f 13705/1/6 13703/1/6 13708/1/6
f 13706/1/6 13707/1/6 13710/1/6
f 13698/1/6 13706/1/6 13710/1/6
f 13710/1/6 13707/1/6 13711/1/6
f 13708/1/6 13709/1/6 13712/1/6
f 13705/1/6 13708/1/6 13712/1/6
f 13712/1/6 13709/1/6 13713/1/6
f 13713/1/6 13709/1/6 13714/1/6
f 13711/1/6 13707/1/6 13717/1/6
f 13717/1/6 13707/1/6 13718/1/6
f 13716/1/6 13717/1/6 13718/1/6
f 13718/1/6 13707/1/6 13719/1/6
f 13714/1/6 13715/1/6 13720/1/6
f 13713/1/6 13714/1/6 13720/1/6
f 13720/1/6 13715/1/6 13721/1/6
f 13721/1/6 13715/1/6 13722/1/6
f 13721/1/6 13722/1/6 13724/1/6
f 13722/1/6 13723/1/6 13724/1/6
f 13724/1/6 13723/1/6 13725/1/6
f 13716/1/6 13718/1/6 13726/1/6
f 13726/1/6 13718/1/6 13727/1/6
f 13725/1/6 13723/1/6 13728/1/6
f 13725/1/6 13728/1/6 13730/1/6
f 13728/1/6 13729/1/6 13730/1/6
f 13730/1/6 13729/1/6 13731/1/6
f 13731/1/6 13729/1/6 13732/1/6
f 13732/1/6 13733/1/6 13734/1/6
f 13731/1/6 13732/1/6 13736/1/6
f 13734/1/6 13735/1/6 13736/1/6
f 13732/1/6 13734/1/6 13736/1/6
f 13736/1/6 13735/1/6 13737/1/6
f 13737/1/6 13735/1/6 13738/1/6
f 13738/1/6 13739/1/6 13740/1/6
f 13737/1/6 13738/1/6 13742/1/6
f 13740/1/6 13741/1/6 13742/1/6
f 13738/1/6 13740/1/6 13742/1/6
f 13742/1/6 13741/1/6 13743/1/6
f 13743/1/6 13741/1/6 13744/1/6
f 13743/1/6 13744/1/6 13746/1/6
f 13744/1/6 13745/1/6 13746/1/6
f 13746/1/6 13745/1/6 13747/1/6
f 13747/1/6 13745/1/6 13748/1/6
f 13747/1/6 13748/1/6 13750/1/6
f 13748/1/6 13749/1/6 13750/1/6
f 13750/1/6 13749/1/6 13751/1/6
f 13751/1/6 13749/1/6 13752/1/6
f 13752/1/6 13753/1/6 13754/1/6
f 13751/1/6 13752/1/6 13754/1/6
f 13751/1/6 13754/1/6 13756/1/6
f 13754/1/6 13755/1/6 13756/1/6
f 13756/1/6 13755/1/6 13757/1/6
f 13757/1/6 13755/1/6 13758/1/6
f 13757/1/6 13758/1/6 13760/1/6
f 13758/1/6 13759/1/6 13760/1/6
f 13760/1/6 13759/1/6 13761/1/6
f 13761/1/6 13759/1/6 13762/1/6
f 13761/1/6 13762/1/6 13764/1/6
f 13762/1/6 13763/1/6 13764/1/6
f 13764/1/6 13763/1/6 13765/1/6
f 13765/1/6 13763/1/6 13766/1/6
f 13765/1/6 13766/1/6 13768/1/6
f 13766/1/6 13767/1/6 13768/1/6
f 13768/1/6 13767/1/6 13769/1/6
f 13769/1/6 13767/1/6 13770/1/6
f 13770/1/6 13767/1/6 13771/1/6
f 13771/1/6 13767/1/6 13772/1/6
f 13772/1/6 13773/1/6 13774/1/6
f 13771/1/6 13772/1/6 13774/1/6
f 13771/1/6 13774/1/6 13776/1/6
f 13774/1/6 13775/1/6 13776/1/6
f 13776/1/6 13775/1/6 13777/1/6
f 13777/1/6 13775/1/6 13778/1/6
f 13777/1/6 13778/1/6 13780/1/6
f 13778/1/6 13779/1/6 13780/1/6
f 13780/1/6 13779/1/6 13781/1/6
f 13781/1/6 13779/1/6 13782/1/6
f 13782/1/6 13779/1/6 13783/1/6
f 13783/1/6 13779/1/6 13784/1/6
f 13784/1/6 13785/1/6 13786/1/6
f 13783/1/6 13784/1/6 13786/1/6
f 13786/1/6 13785/1/6 13787/1/6
f 13787/1/6 13785/1/6 13788/1/6
f 13788/1/6 13789/1/6 13790/1/6
f 13787/1/6 13788/1/6 13790/1/6
f 13790/1/6 13789/1/6 13791/1/6
f 13791/1/6 13789/1/6 13792/1/6
f 13791/1/6 13792/1/6 13794/1/6
f 13792/1/6 13793/1/6 13794/1/6
f 13794/1/6 13793/1/6 13795/1/6
f 13795/1/6 13793/1/6 13796/1/6
f 13796/1/6 13793/1/6 13797/1/6
f 13797/1/6 13793/1/6 13798/1/6
f 13798/1/6 13799/1/6 13800/1/6
f 13797/1/6 13798/1/6 13800/1/6
f 13800/1/6 13799/1/6 13801/1/6
f 13801/1/6 13799/1/6 13802/1/6
f 13802/1/6 13803/1/6 13804/1/6
f 13801/1/6 13802/1/6 13804/1/6
f 13804/1/6 13803/1/6 13805/1/6
f 13805/1/6 13803/1/6 13806/1/6
f 13806/1/6 13807/1/6 13808/1/6
f 13805/1/6 13806/1/6 13808/1/6
f 13808/1/6 13807/1/6 13809/1/6
f 13809/1/6 13807/1/6 13810/1/6
f 13809/1/6 13810/1/6 13812/1/6
f 13810/1/6 13811/1/6 13812/1/6
f 13812/1/6 13811/1/6 13813/1/6
f 13813/1/6 13811/1/6 13814/1/6
f 13814/1/6 13811/1/6 13815/1/6
f 13815/1/6 13811/1/6 13816/1/6
f 13816/1/6 13817/1/6 13818/1/6
f 13815/1/6 13816/1/6 13818/1/6
f 13818/1/6 13817/1/6 13819/1/6
f 13819/1/6 13817/1/6 13820/1/6
f 13820/1/6 13821/1/6 13822/1/6
f 13819/1/6 13820/1/6 13822/1/6
f 13822/1/6 13821/1/6 13823/1/6
f 13823/1/6 13821/1/6 13824/1/6
f 13824/1/6 13825/1/6 13826/1/6
f 13823/1/6 13824/1/6 13826/1/6
f 13826/1/6 13825/1/6 13827/1/6
f 13827/1/6 13825/1/6 13828/1/6
f 13827/1/6 13828/1/6 13830/1/6
f 13828/1/6 13829/1/6 13830/1/6
f 13830/1/6 13829/1/6 13831/1/6
f 13831/1/6 13829/1/6 13832/1/6
f 13831/1/6 13832/1/6 13834/1/6
f 13832/1/6 13833/1/6 13834/1/6
f 13834/1/6 13833/1/6 13835/1/6
f 13835/1/6 13833/1/6 13836/1/6
f 13835/1/6 13836/1/6 13838/1/6
f 13836/1/6 13837/1/6 13838/1/6
f 13838/1/6 13837/1/6 13839/1/6
f 13839/1/6 13837/1/6 13840/1/6
f 13839/1/6 13840/1/6 13842/1/6
f 13840/1/6 13841/1/6 13842/1/6
f 13842/1/6 13841/1/6 13843/1/6
f 13843/1/6 13841/1/6 13844/1/6
f 13843/1/6 13844/1/6 13846/1/6
f 13844/1/6 13845/1/6 13846/1/6
f 13846/1/6 13845/1/6 13847/1/6
f 13847/1/6 13845/1/6 13848/1/6
f 13848/1/6 13845/1/6 13849/1/6
f 13849/1/6 13850/1/6 13851/1/6
f 13851/1/6 13850/1/6 13852/1/6
f 13852/1/6 13853/1/6 13854/1/6
f 13854/1/6 13853/1/6 13855/1/6
f 13856/1/6 13857/1/6 13858/1/6
f 13858/1/6 13857/1/6 13859/1/6
f 13860/1/6 13861/1/6 13865/1/6
f 13865/1/6 13861/1/6 13866/1/6
f 13866/1/6 13861/1/6 13867/1/6
f 13862/1/6 13863/1/6 13868/1/6
f 13868/1/6 13863/1/6 13869/1/6
f 13864/1/6 13865/1/6 13871/1/6
f 13865/1/6 13866/1/6 13871/1/6
f 13871/1/6 13866/1/6 13872/1/6
f 13872/1/6 13866/1/6 13873/1/6
f 13862/1/6 13868/1/6 13875/1/6
f 13870/1/6 13871/1/6 13876/1/6
f 13871/1/6 13872/1/6 13876/1/6
f 13876/1/6 13872/1/6 13877/1/6
f 13874/1/6 13875/1/6 13878/1/6
f 13875/1/6 13868/1/6 13878/1/6
f 13878/1/6 13868/1/6 13879/1/6
f 13870/1/6 13876/1/6 13880/1/6
f 13880/1/6 13876/1/6 13881/1/6
f 13874/1/6 13878/1/6 13882/1/6
f 13882/1/6 13878/1/6 13883/1/6
f 13874/1/6 13882/1/6 13885/1/6
f 13885/1/6 13882/1/6 13886/1/6
f 13884/1/6 13885/1/6 13886/1/6
f 13886/1/6 13882/1/6 13887/1/6
f 13884/1/6 13886/1/6 13889/1/6
f 13889/1/6 13886/1/6 13890/1/6
f 13888/1/6 13889/1/6 13890/1/6
f 13890/1/6 13886/1/6 13891/1/6
f 13888/1/6 13890/1/6 13893/1/6
f 13893/1/6 13890/1/6 13894/1/6
f 13892/1/6 13893/1/6 13894/1/6
f 13894/1/6 13890/1/6 13895/1/6
f 13892/1/6 13894/1/6 13897/1/6
f 13897/1/6 13894/1/6 13898/1/6
f 13896/1/6 13897/1/6 13898/1/6
f 13898/1/6 13894/1/6 13899/1/6
f 13896/1/6 13898/1/6 13901/1/6
f 13901/1/6 13898/1/6 13902/1/6
f 13900/1/6 13901/1/6 13902/1/6
f 13902/1/6 13898/1/6 13903/1/6
f 13900/1/6 13902/1/6 13905/1/6
f 13905/1/6 13902/1/6 13906/1/6
f 13904/1/6 13905/1/6 13906/1/6
f 13906/1/6 13902/1/6 13907/1/6
f 13904/1/6 13906/1/6 13909/1/6
f 13909/1/6 13906/1/6 13910/1/6
f 13908/1/6 13909/1/6 13912/1/6
f 13912/1/6 13909/1/6 13913/1/6
f 13911/1/6 13912/1/6 13913/1/6
f 13913/1/6 13909/1/6 13914/1/6
f 13911/1/6 13913/1/6 13916/1/6
f 13916/1/6 13913/1/6 13917/1/6
f 13915/1/6 13916/1/6 13917/1/6
f 13917/1/6 13913/1/6 13918/1/6
f 13915/1/6 13917/1/6 13920/1/6
f 13920/1/6 13917/1/6 13921/1/6
f 13919/1/6 13920/1/6 13921/1/6
f 13921/1/6 13917/1/6 13922/1/6
f 13919/1/6 13921/1/6 13924/1/6
f 13924/1/6 13921/1/6 13925/1/6
f 13923/1/6 13924/1/6 13925/1/6
f 13925/1/6 13921/1/6 13926/1/6
f 13923/1/6 13925/1/6 13927/1/6
f 13923/1/6 13927/1/6 13929/1/6
f 13927/1/6 13928/1/6 13929/1/6
f 13929/1/6 13928/1/6 13930/1/6
f 13930/1/6 13928/1/6 13931/1/6
f 13930/1/6 13931/1/6 13933/1/6
f 13931/1/6 13932/1/6 13933/1/6
f 13933/1/6 13932/1/6 13934/1/6
f 13934/1/6 13932/1/6 13935/1/6
f 13934/1/6 13935/1/6 13937/1/6
f 13935/1/6 13936/1/6 13937/1/6
f 13937/1/6 13936/1/6 13938/1/6
f 13938/1/6 13936/1/6 13939/1/6
f 13938/1/6 13939/1/6 13941/1/6
f 13939/1/6 13940/1/6 13941/1/6
f 13941/1/6 13940/1/6 13942/1/6
f 13942/1/6 13940/1/6 13943/1/6
f 13942/1/6 13943/1/6 13945/1/6
f 13943/1/6 13944/1/6 13945/1/6
f 13945/1/6 13944/1/6 13946/1/6
f 13946/1/6 13944/1/6 13947/1/6
f 13946/1/6 13947/1/6 13949/1/6
f 13947/1/6 13948/1/6 13949/1/6
f 13949/1/6 13948/1/6 13950/1/6
f 13950/1/6 13948/1/6 13951/1/6
f 13950/1/6 13951/1/6 13953/1/6
f 13951/1/6 13952/1/6 13953/1/6
f 13953/1/6 13952/1/6 13954/1/6
f 13954/1/6 13952/1/6 13955/1/6
f 13954/1/6 13955/1/6 13957/1/6
f 13955/1/6 13956/1/6 13957/1/6
f 13957/1/6 13956/1/6 13958/1/6
f 13958/1/6 13956/1/6 13959/1/6
f 13958/1/6 13959/1/6 13961/1/6
f 13959/1/6 13960/1/6 13961/1/6
f 13961/1/6 13960/1/6 13962/1/6
f 13962/1/6 13960/1/6 13963/1/6
f 13962/1/6 13963/1/6 13965/1/6
f 13963/1/6 13964/1/6 13965/1/6
f 13965/1/6 13964/1/6 13966/1/6
f 13966/1/6 13964/1/6 13967/1/6
f 13966/1/6 13967/1/6 13969/1/6
f 13967/1/6 13968/1/6 13969/1/6
f 13969/1/6 13968/1/6 13970/1/6
f 13970/1/6 13968/1/6 13972/1/6
f 13972/1/6 13968/1/6 13973/1/6
f 13971/1/6 13972/1/6 13973/1/6
f 13973/1/6 13968/1/6 13974/1/6
f 13971/1/6 13973/1/6 13976/1/6
f 13975/1/6 13976/1/6 13977/1/6
f 13976/1/6 13973/1/6 13978/1/6
f 13977/1/6 13976/1/6 13978/1/6
f 13978/1/6 13973/1/6 13979/1/6
f 13978/1/6 13979/1/6 13981/1/6
f 13979/1/6 13980/1/6 13981/1/6
f 13981/1/6 13980/1/6 13982/1/6
f 13982/1/6 13980/1/6 13983/1/6
f 13982/1/6 13983/1/6 13985/1/6
f 13983/1/6 13984/1/6 13985/1/6
f 13985/1/6 13984/1/6 13986/1/6
f 13986/1/6 13984/1/6 13987/1/6
f 13986/1/6 13987/1/6 13989/1/6
f 13987/1/6 13988/1/6 13989/1/6
f 13989/1/6 13988/1/6 13990/1/6
f 13990/1/6 13988/1/6 13991/1/6
f 13990/1/6 13991/1/6 13993/1/6
f 13991/1/6 13992/1/6 13993/1/6
f 13993/1/6 13992/1/6 13994/1/6
f 13994/1/6 13992/1/6 13995/1/6
f 13995/1/6 13992/1/6 13996/1/6
f 13996/1/6 13997/1/6 13998/1/6
f 13998/1/6 13997/1/6 13999/1/6
f 13999/1/6 14000/1/6 14001/1/6
f 13999/1/6 14001/1/6 14003/1/6
f 14001/1/6 14002/1/6 14003/1/6
f 14003/1/6 14002/1/6 14004/1/6
f 14004/1/6 14002/1/6 14005/1/6
f 14005/1/6 14006/1/6 14007/1/6
f 14004/1/6 14005/1/6 14007/1/6
f 14007/1/6 14006/1/6 14008/1/6
f 14008/1/6 14006/1/6 14009/1/6
f 14009/1/6 14010/1/6 14011/1/6
f 14008/1/6 14009/1/6 14011/1/6
f 14011/1/6 14010/1/6 14012/1/6
f 14012/1/6 14010/1/6 14013/1/6
f 14013/1/6 14014/1/6 14015/1/6
f 14012/1/6 14013/1/6 14015/1/6
f 14015/1/6 14014/1/6 14016/1/6
f 14016/1/6 14014/1/6 14017/1/6
f 14017/1/6 14018/1/6 14019/1/6
f 14016/1/6 14017/1/6 14019/1/6
f 14019/1/6 14018/1/6 14020/1/6
f 14020/1/6 14018/1/6 14021/1/6
f 14021/1/6 14018/1/6 14022/1/6
f 14022/1/6 14023/1/6 14024/1/6
f 14024/1/6 14023/1/6 14025/1/6
f 14025/1/6 14026/1/6 14027/1/6
f 14027/1/6 14026/1/6 14028/1/6
f 14028/1/6 14029/1/6 14030/1/6
f 14028/1/6 14030/1/6 14032/1/6
f 14030/1/6 14031/1/6 14032/1/6
f 14032/1/6 14031/1/6 14033/1/6
f 14033/1/6 14031/1/6 14034/1/6
f 14034/1/6 14035/1/6 14036/1/6
f 14033/1/6 14034/1/6 14036/1/6
f 14036/1/6 14035/1/6 14037/1/6
f 14037/1/6 14035/1/6 14038/1/6
f 14038/1/6 14035/1/6 14039/1/6
f 14039/1/6 14040/1/6 14041/1/6
f 14039/1/6 14041/1/6 14043/1/6
f 14041/1/6 14042/1/6 14043/1/6
f 14043/1/6 14042/1/6 14044/1/6
f 14044/1/6 14042/1/6 14045/1/6
f 14045/1/6 14042/1/6 14046/1/6
f 14046/1/6 14047/1/6 14048/1/6
f 14046/1/6 14048/1/6 14050/1/6
f 14048/1/6 14049/1/6 14050/1/6
f 14050/1/6 14049/1/6 14051/1/6
f 14051/1/6 14049/1/6 14052/1/6
f 14052/1/6 14049/1/6 14053/1/6
f 14053/1/6 14054/1/6 14055/1/6
f 14053/1/6 14055/1/6 14057/1/6
f 14055/1/6 14056/1/6 14057/1/6
f 14057/1/6 14056/1/6 14058/1/6
f 14058/1/6 14056/1/6 14059/1/6
f 14058/1/6 14059/1/6 14061/1/6
f 14059/1/6 14060/1/6 14061/1/6
f 14061/1/6 14060/1/6 14062/1/6
f 14062/1/6 14060/1/6 14063/1/6
f 14062/1/6 14063/1/6 14065/1/6
f 14063/1/6 14064/1/6 14065/1/6
f 14065/1/6 14064/1/6 14066/1/6
f 14066/1/6 14064/1/6 14067/1/6
f 14067/1/6 14064/1/6 14068/1/6
f 14068/1/6 14069/1/6 14072/1/6
f 14068/1/6 14072/1/6 14074/1/6
f 14072/1/6 14073/1/6 14074/1/6
f 14074/1/6 14073/1/6 14075/1/6
f 14070/1/6 14071/1/6 14076/1/6
f 14076/1/6 14071/1/6 14077/1/6
f 14075/1/6 14073/1/6 14078/1/6
f 14075/1/6 14078/1/6 14080/1/6
f 14078/1/6 14079/1/6 14080/1/6
f 14080/1/6 14079/1/6 14081/1/6
f 14081/1/6 14079/1/6 14082/1/6
f 14081/1/6 14082/1/6 14084/1/6
f 14082/1/6 14083/1/6 14084/1/6
f 14084/1/6 14083/1/6 14085/1/6
f 14085/1/6 14083/1/6 14086/1/6
f 14085/1/6 14086/1/6 14088/1/6
f 14086/1/6 14087/1/6 14088/1/6
f 14088/1/6 14087/1/6 14089/1/6
f 14089/1/6 14087/1/6 14090/1/6
f 14089/1/6 14090/1/6 14092/1/6
f 14090/1/6 14091/1/6 14092/1/6
f 14092/1/6 14091/1/6 14093/1/6
f 14093/1/6 14091/1/6 14094/1/6
f 14094/1/6 14095/1/6 14096/1/6
f 14093/1/6 14094/1/6 14096/1/6
f 14093/1/6 14096/1/6 14098/1/6
f 14096/1/6 14097/1/6 14098/1/6
f 14098/1/6 14097/1/6 14099/1/6
f 14099/1/6 14097/1/6 14100/1/6
f 14099/1/6 14100/1/6 14102/1/6
f 14100/1/6 14101/1/6 14102/1/6
f 14102/1/6 14101/1/6 14103/1/6
f 14103/1/6 14101/1/6 14104/1/6
f 14104/1/6 14105/1/6 14106/1/6
f 14103/1/6 14104/1/6 14106/1/6
f 14103/1/6 14106/1/6 14108/1/6
f 14106/1/6 14107/1/6 14108/1/6
f 14108/1/6 14107/1/6 14109/1/6
f 14109/1/6 14107/1/6 14110/1/6
f 14109/1/6 14110/1/6 14112/1/6
f 14110/1/6 14111/1/6 14112/1/6
f 14112/1/6 14111/1/6 14113/1/6
f 14113/1/6 14111/1/6 14114/1/6
f 14113/1/6 14114/1/6 14116/1/6
f 14114/1/6 14115/1/6 14116/1/6
f 14116/1/6 14115/1/6 14117/1/6
f 14117/1/6 14115/1/6 14118/1/6
f 14117/1/6 14118/1/6 14120/1/6
f 14118/1/6 14119/1/6 14120/1/6
f 14120/1/6 14119/1/6 14121/1/6
f 14121/1/6 14119/1/6 14122/1/6
f 14121/1/6 14122/1/6 14124/1/6
f 14122/1/6 14123/1/6 14124/1/6
f 14124/1/6 14123/1/6 14125/1/6
f 14125/1/6 14123/1/6 14126/1/6
f 14125/1/6 14126/1/6 14128/1/6
f 14126/1/6 14127/1/6 14128/1/6
f 14128/1/6 14127/1/6 14129/1/6
f 14129/1/6 14127/1/6 14130/1/6
f 14130/1/6 14131/1/6 14132/1/6
f 14129/1/6 14130/1/6 14132/1/6
f 14132/1/6 14131/1/6 14133/1/6
f 14133/1/6 14131/1/6 14134/1/6
f 14134/1/6 14135/1/6 14136/1/6
f 14133/1/6 14134/1/6 14136/1/6
f 14136/1/6 14135/1/6 14137/1/6
f 14137/1/6 14135/1/6 14138/1/6
f 14138/1/6 14135/1/6 14139/1/6
f 14139/1/6 14135/1/6 14140/1/6
f 14140/1/6 14141/1/6 14142/1/6
f 14139/1/6 14140/1/6 14142/1/6
f 14142/1/6 14141/1/6 14143/1/6
f 14143/1/6 14141/1/6 14144/1/6
f 14144/1/6 14145/1/6 14146/1/6
f 14143/1/6 14144/1/6 14146/1/6
f 14146/1/6 14145/1/6 14147/1/6
f 14147/1/6 14145/1/6 14148/1/6
f 14148/1/6 14149/1/6 14150/1/6
f 14147/1/6 14148/1/6 14150/1/6
f 14150/1/6 14149/1/6 14151/1/6
f 14151/1/6 14149/1/6 14152/1/6
f 14152/1/6 14153/1/6 14154/1/6
f 14151/1/6 14152/1/6 14154/1/6
f 14154/1/6 14153/1/6 14155/1/6
f 14155/1/6 14153/1/6 14156/1/6
f 14155/1/6 14156/1/6 14158/1/6
f 14156/1/6 14157/1/6 14158/1/6
f 14158/1/6 14157/1/6 14159/1/6
f 14159/1/6 14157/1/6 14160/1/6
f 14159/1/6 14160/1/6 14162/1/6
f 14160/1/6 14161/1/6 14162/1/6
f 14162/1/6 14161/1/6 14163/1/6
f 14163/1/6 14161/1/6 14164/1/6
f 14164/1/6 14161/1/6 14165/1/6
f 14165/1/6 14161/1/6 14166/1/6
f 14166/1/6 14167/1/6 14168/1/6
f 14165/1/6 14166/1/6 14168/1/6
f 14168/1/6 14167/1/6 14169/1/6
f 14169/1/6 14167/1/6 14170/1/6
f 14170/1/6 14171/1/6 14172/1/6
f 14169/1/6 14170/1/6 14172/1/6
f 14172/1/6 14171/1/6 14173/1/6
f 14173/1/6 14171/1/6 14174/1/6
f 14174/1/6 14175/1/6 14176/1/6
f 14173/1/6 14174/1/6 14176/1/6
f 14176/1/6 14175/1/6 14177/1/6
f 14177/1/6 14175/1/6 14178/1/6
f 14177/1/6 14178/1/6 14180/1/6
f 14178/1/6 14179/1/6 14180/1/6
f 14180/1/6 14179/1/6 14181/1/6
f 14181/1/6 14179/1/6 14182/1/6
f 14181/1/6 14182/1/6 14184/1/6
f 14182/1/6 14183/1/6 14184/1/6
f 14184/1/6 14183/1/6 14185/1/6
f 14185/1/6 14183/1/6 14186/1/6
f 14185/1/6 14186/1/6 14188/1/6
f 14186/1/6 14187/1/6 14188/1/6
f 14188/1/6 14187/1/6 14189/1/6
f 14189/1/6 14187/1/6 14190/1/6
f 14189/1/6 14190/1/6 14192/1/6
f 14190/1/6 14191/1/6 14192/1/6
f 14192/1/6 14191/1/6 14193/1/6
f 14193/1/6 14191/1/6 14194/1/6
f 14193/1/6 14194/1/6 14196/1/6
f 14194/1/6 14195/1/6 14196/1/6
f 14196/1/6 14195/1/6 14197/1/6
f 14197/1/6 14195/1/6 14198/1/6
f 14197/1/6 14198/1/6 14200/1/6
f 14198/1/6 14199/1/6 14200/1/6
f 14200/1/6 14199/1/6 14201/1/6
f 14201/1/6 14199/1/6 14202/1/6
f 14201/1/6 14202/1/6 14204/1/6
f 14202/1/6 14203/1/6 14204/1/6
f 14204/1/6 14203/1/6 14205/1/6
f 14205/1/6 14203/1/6 14206/1/6
f 14206/1/6 14203/1/6 14207/1/6
f 14207/1/6 14208/1/6 14209/1/6
f 14209/1/6 14208/1/6 14210/1/6
f 14210/1/6 14211/1/6 14212/1/6
f 14212/1/6 14211/1/6 14213/1/6
f 14214/1/6 14215/1/6 14218/1/6
f 14218/1/6 14215/1/6 14219/1/6
f 14216/1/6 14217/1/6 14221/1/6
f 14221/1/6 14217/1/6 14222/1/6
f 14222/1/6 14217/1/6 14223/1/6
f 14214/1/6 14218/1/6 14224/1/6
f 14224/1/6 14218/1/6 14225/1/6
f 14221/1/6 14222/1/6 14227/1/6
f 14220/1/6 14221/1/6 14227/1/6
f 14227/1/6 14222/1/6 14228/1/6
f 14228/1/6 14222/1/6 14229/1/6
f 14226/1/6 14227/1/6 14231/1/6
f 14227/1/6 14228/1/6 14231/1/6
f 14231/1/6 14228/1/6 14232/1/6
f 14232/1/6 14228/1/6 14233/1/6
f 14230/1/6 14231/1/6 14235/1/6
f 14231/1/6 14232/1/6 14235/1/6
f 14235/1/6 14232/1/6 14236/1/6
f 14236/1/6 14232/1/6 14237/1/6
f 14234/1/6 14235/1/6 14238/1/6
f 14235/1/6 14236/1/6 14238/1/6
f 14238/1/6 14236/1/6 14239/1/6
f 14234/1/6 14238/1/6 14241/1/6
f 14241/1/6 14238/1/6 14242/1/6
f 14240/1/6 14241/1/6 14242/1/6
f 14242/1/6 14238/1/6 14243/1/6
f 14240/1/6 14242/1/6 14245/1/6
f 14245/1/6 14242/1/6 14246/1/6
f 14244/1/6 14245/1/6 14246/1/6
f 14246/1/6 14242/1/6 14247/1/6
f 14244/1/6 14246/1/6 14249/1/6
f 14249/1/6 14246/1/6 14250/1/6
f 14248/1/6 14249/1/6 14250/1/6
f 14250/1/6 14246/1/6 14251/1/6
f 14248/1/6 14250/1/6 14253/1/6
f 14253/1/6 14250/1/6 14254/1/6
f 14252/1/6 14253/1/6 14254/1/6
f 14254/1/6 14250/1/6 14255/1/6
f 14252/1/6 14254/1/6 14257/1/6
f 14257/1/6 14254/1/6 14258/1/6
f 14256/1/6 14257/1/6 14258/1/6
f 14258/1/6 14254/1/6 14259/1/6
f 14256/1/6 14258/1/6 14261/1/6
f 14261/1/6 14258/1/6 14262/1/6
f 14260/1/6 14261/1/6 14262/1/6
f 14262/1/6 14258/1/6 14263/1/6
f 14260/1/6 14262/1/6 14265/1/6
f 14265/1/6 14262/1/6 14266/1/6
f 14264/1/6 14265/1/6 14266/1/6
f 14266/1/6 14262/1/6 14267/1/6
f 14264/1/6 14266/1/6 14269/1/6
f 14269/1/6 14266/1/6 14270/1/6
f 14268/1/6 14269/1/6 14270/1/6
f 14270/1/6 14266/1/6 14271/1/6
f 14268/1/6 14270/1/6 14273/1/6
f 14273/1/6 14270/1/6 14274/1/6
f 14272/1/6 14273/1/6 14274/1/6
f 14274/1/6 14270/1/6 14275/1/6
f 14272/1/6 14274/1/6 14277/1/6
f 14276/1/6 14277/1/6 14278/1/6
f 14277/1/6 14274/1/6 14279/1/6
f 14278/1/6 14277/1/6 14279/1/6
f 14279/1/6 14274/1/6 14280/1/6
f 14279/1/6 14280/1/6 14282/1/6
f 14280/1/6 14281/1/6 14282/1/6
f 14282/1/6 14281/1/6 14283/1/6
f 14283/1/6 14281/1/6 14284/1/6
f 14283/1/6 14284/1/6 14286/1/6
f 14284/1/6 14285/1/6 14286/1/6
f 14286/1/6 14285/1/6 14287/1/6
f 14287/1/6 14285/1/6 14288/1/6
f 14287/1/6 14288/1/6 14290/1/6
f 14288/1/6 14289/1/6 14290/1/6
f 14290/1/6 14289/1/6 14291/1/6
f 14291/1/6 14289/1/6 14292/1/6
f 14291/1/6 14292/1/6 14294/1/6
f 14292/1/6 14293/1/6 14294/1/6
f 14294/1/6 14293/1/6 14295/1/6
f 14295/1/6 14293/1/6 14296/1/6
f 14295/1/6 14296/1/6 14298/1/6
f 14296/1/6 14297/1/6 14298/1/6
f 14298/1/6 14297/1/6 14299/1/6
f 14299/1/6 14297/1/6 14300/1/6
f 14299/1/6 14300/1/6 14302/1/6
f 14300/1/6 14301/1/6 14302/1/6
f 14302/1/6 14301/1/6 14303/1/6
f 14303/1/6 14301/1/6 14304/1/6
f 14303/1/6 14304/1/6 14306/1/6
f 14304/1/6 14305/1/6 14306/1/6
f 14306/1/6 14305/1/6 14307/1/6
f 14307/1/6 14305/1/6 14308/1/6
f 14307/1/6 14308/1/6 14310/1/6
f 14308/1/6 14309/1/6 14310/1/6
f 14310/1/6 14309/1/6 14311/1/6
f 14311/1/6 14309/1/6 14312/1/6
f 14311/1/6 14312/1/6 14314/1/6
f 14312/1/6 14313/1/6 14314/1/6
f 14314/1/6 14313/1/6 14315/1/6
f 14315/1/6 14313/1/6 14316/1/6
f 14315/1/6 14316/1/6 14318/1/6
f 14316/1/6 14317/1/6 14318/1/6
f 14318/1/6 14317/1/6 14319/1/6
f 14319/1/6 14317/1/6 14320/1/6
f 14319/1/6 14320/1/6 14322/1/6
f 14320/1/6 14321/1/6 14322/1/6
f 14322/1/6 14321/1/6 14323/1/6
f 14319/1/6 14322/1/6 14325/1/6
f 14325/1/6 14322/1/6 14326/1/6
f 14324/1/6 14325/1/6 14326/1/6
f 14326/1/6 14322/1/6 14327/1/6
f 14324/1/6 14326/1/6 14328/1/6
f 14324/1/6 14328/1/6 14330/1/6
f 14328/1/6 14329/1/6 14330/1/6
f 14330/1/6 14329/1/6 14331/1/6
f 14331/1/6 14329/1/6 14332/1/6
f 14331/1/6 14332/1/6 14334/1/6
f 14332/1/6 14333/1/6 14334/1/6
f 14334/1/6 14333/1/6 14335/1/6
f 14335/1/6 14333/1/6 14336/1/6
f 14335/1/6 14336/1/6 14338/1/6
f 14336/1/6 14337/1/6 14338/1/6
f 14338/1/6 14337/1/6 14339/1/6
f 14339/1/6 14337/1/6 14340/1/6
f 14339/1/6 14340/1/6 14342/1/6
f 14340/1/6 14341/1/6 14342/1/6
f 14342/1/6 14341/1/6 14343/1/6
f 14343/1/6 14341/1/6 14344/1/6
f 14343/1/6 14344/1/6 14346/1/6
f 14344/1/6 14345/1/6 14346/1/6
f 14346/1/6 14345/1/6 14347/1/6
f 14347/1/6 14345/1/6 14348/1/6
f 14347/1/6 14348/1/6 14350/1/6
f 14348/1/6 14349/1/6 14350/1/6
f 14350/1/6 14349/1/6 14351/1/6
f 14351/1/6 14349/1/6 14352/1/6
f 14352/1/6 14353/1/6 14354/1/6
f 14351/1/6 14352/1/6 14354/1/6
f 14354/1/6 14353/1/6 14355/1/6
f 14355/1/6 14353/1/6 14356/1/6
f 14356/1/6 14353/1/6 14357/1/6
f 14357/1/6 14358/1/6 14359/1/6
f 14359/1/6 14358/1/6 14360/1/6
f 14360/1/6 14361/1/6 14362/1/6
f 14362/1/6 14361/1/6 14363/1/6
f 14363/1/6 14364/1/6 14365/1/6
f 14365/1/6 14364/1/6 14366/1/6
f 14366/1/6 14367/1/6 14368/1/6
f 14366/1/6 14368/1/6 14370/1/6
f 14368/1/6 14369/1/6 14370/1/6
f 14370/1/6 14369/1/6 14371/1/6
f 14371/1/6 14369/1/6 14372/1/6
f 14372/1/6 14373/1/6 14374/1/6
f 14371/1/6 14372/1/6 14374/1/6
f 14374/1/6 14373/1/6 14375/1/6
f 14375/1/6 14373/1/6 14376/1/6
f 14376/1/6 14377/1/6 14378/1/6
f 14375/1/6 14376/1/6 14378/1/6
f 14378/1/6 14377/1/6 14379/1/6
f 14379/1/6 14377/1/6 14380/1/6
f 14380/1/6 14377/1/6 14381/1/6
f 14381/1/6 14382/1/6 14383/1/6
f 14383/1/6 14382/1/6 14384/1/6
f 14384/1/6 14385/1/6 14386/1/6
f 14384/1/6 14386/1/6 14388/1/6
f 14386/1/6 14387/1/6 14388/1/6
f 14388/1/6 14387/1/6 14389/1/6
f 14389/1/6 14387/1/6 14390/1/6
f 14390/1/6 14387/1/6 14391/1/6
f 14391/1/6 14392/1/6 14393/1/6
f 14391/1/6 14393/1/6 14395/1/6
f 14393/1/6 14394/1/6 14395/1/6
f 14395/1/6 14394/1/6 14396/1/6
f 14396/1/6 14394/1/6 14397/1/6
f 14397/1/6 14394/1/6 14398/1/6
f 14398/1/6 14399/1/6 14400/1/6
f 14398/1/6 14400/1/6 14402/1/6
f 14400/1/6 14401/1/6 14402/1/6
f 14402/1/6 14401/1/6 14403/1/6
f 14403/1/6 14401/1/6 14404/1/6
f 14404/1/6 14401/1/6 14405/1/6
f 14405/1/6 14406/1/6 14407/1/6
f 14407/1/6 14406/1/6 14408/1/6
f 14408/1/6 14409/1/6 14410/1/6
f 14410/1/6 14409/1/6 14411/1/6
f 14411/1/6 14412/1/6 14413/1/6
f 14411/1/6 14413/1/6 14415/1/6
f 14413/1/6 14414/1/6 14415/1/6
f 14415/1/6 14414/1/6 14416/1/6
f 14416/1/6 14414/1/6 14417/1/6
f 14416/1/6 14417/1/6 14419/1/6
f 14417/1/6 14418/1/6 14419/1/6
f 14419/1/6 14418/1/6 14420/1/6
f 14420/1/6 14418/1/6 14421/1/6
f 14420/1/6 14421/1/6 14423/1/6
f 14421/1/6 14422/1/6 14423/1/6
f 14423/1/6 14422/1/6 14424/1/6
f 14424/1/6 14422/1/6 14425/1/6
f 14424/1/6 14425/1/6 14427/1/6
f 14425/1/6 14426/1/6 14427/1/6
f 14427/1/6 14426/1/6 14428/1/6
f 14428/1/6 14426/1/6 14429/1/6
f 14428/1/6 14429/1/6 14431/1/6
f 14429/1/6 14430/1/6 14431/1/6
f 14431/1/6 14430/1/6 14432/1/6
f 14432/1/6 14430/1/6 14433/1/6
f 14432/1/6 14433/1/6 14435/1/6
f 14433/1/6 14434/1/6 14435/1/6
f 14435/1/6 14434/1/6 14436/1/6
f 14436/1/6 14434/1/6 14437/1/6
f 14436/1/6 14437/1/6 14439/1/6
f 14437/1/6 14438/1/6 14439/1/6
f 14439/1/6 14438/1/6 14440/1/6
f 14440/1/6 14438/1/6 14441/1/6
f 14441/1/6 14442/1/6 14443/1/6
f 14440/1/6 14441/1/6 14443/1/6
f 14440/1/6 14443/1/6 14445/1/6
f 14443/1/6 14444/1/6 14445/1/6
f 14445/1/6 14444/1/6 14446/1/6
f 14446/1/6 14444/1/6 14447/1/6
f 14446/1/6 14447/1/6 14449/1/6
f 14447/1/6 14448/1/6 14449/1/6
f 14449/1/6 14448/1/6 14450/1/6
f 14450/1/6 14448/1/6 14451/1/6
f 14450/1/6 14451/1/6 14453/1/6
f 14451/1/6 14452/1/6 14453/1/6
f 14453/1/6 14452/1/6 14454/1/6
f 14454/1/6 14452/1/6 14455/1/6
f 14454/1/6 14455/1/6 14457/1/6
f 14455/1/6 14456/1/6 14457/1/6
f 14457/1/6 14456/1/6 14458/1/6
f 14458/1/6 14456/1/6 14459/1/6
f 14459/1/6 14460/1/6 14461/1/6
f 14458/1/6 14459/1/6 14461/1/6
f 14458/1/6 14461/1/6 14463/1/6
f 14461/1/6 14462/1/6 14463/1/6
f 14463/1/6 14462/1/6 14464/1/6
f 14464/1/6 14462/1/6 14465/1/6
f 14464/1/6 14465/1/6 14467/1/6
f 14465/1/6 14466/1/6 14467/1/6
f 14467/1/6 14466/1/6 14468/1/6
f 14468/1/6 14466/1/6 14469/1/6
f 14468/1/6 14469/1/6 14471/1/6
f 14469/1/6 14470/1/6 14471/1/6
f 14471/1/6 14470/1/6 14472/1/6
f 14472/1/6 14470/1/6 14473/1/6
f 14472/1/6 14473/1/6 14475/1/6
f 14473/1/6 14474/1/6 14475/1/6
f 14475/1/6 14474/1/6 14476/1/6
f 14476/1/6 14474/1/6 14477/1/6
f 14477/1/6 14474/1/6 14478/1/6
f 14478/1/6 14474/1/6 14479/1/6
f 14479/1/6 14480/1/6 14481/1/6
f 14478/1/6 14479/1/6 14481/1/6
f 14481/1/6 14480/1/6 14482/1/6
f 14482/1/6 14480/1/6 14483/1/6
f 14483/1/6 14484/1/6 14485/1/6
f 14482/1/6 14483/1/6 14485/1/6
f 14485/1/6 14484/1/6 14486/1/6
f 14486/1/6 14484/1/6 14487/1/6
f 14486/1/6 14487/1/6 14489/1/6
f 14487/1/6 14488/1/6 14489/1/6
f 14489/1/6 14488/1/6 14490/1/6
f 14490/1/6 14488/1/6 14491/1/6
f 14491/1/6 14492/1/6 14493/1/6
f 14490/1/6 14491/1/6 14493/1/6
f 14493/1/6 14492/1/6 14494/1/6
f 14494/1/6 14492/1/6 14495/1/6
f 14494/1/6 14495/1/6 14497/1/6
f 14495/1/6 14496/1/6 14497/1/6
f 14497/1/6 14496/1/6 14498/1/6
f 14498/1/6 14496/1/6 14499/1/6
f 14498/1/6 14499/1/6 14501/1/6
f 14499/1/6 14500/1/6 14501/1/6
f 14501/1/6 14500/1/6 14502/1/6
f 14502/1/6 14500/1/6 14503/1/6
f 14502/1/6 14503/1/6 14505/1/6
f 14503/1/6 14504/1/6 14505/1/6
f 14505/1/6 14504/1/6 14506/1/6
f 14506/1/6 14504/1/6 14507/1/6
f 14507/1/6 14504/1/6 14508/1/6
f 14508/1/6 14504/1/6 14509/1/6
f 14509/1/6 14510/1/6 14511/1/6
f 14508/1/6 14509/1/6 14511/1/6
f 14511/1/6 14510/1/6 14512/1/6
f 14512/1/6 14510/1/6 14513/1/6
f 14513/1/6 14514/1/6 14515/1/6
f 14512/1/6 14513/1/6 14515/1/6
f 14515/1/6 14514/1/6 14516/1/6
f 14516/1/6 14514/1/6 14517/1/6
f 14516/1/6 14517/1/6 14519/1/6
f 14517/1/6 14518/1/6 14519/1/6
f 14519/1/6 14518/1/6 14520/1/6
f 14520/1/6 14518/1/6 14521/1/6
f 14520/1/6 14521/1/6 14523/1/6
f 14521/1/6 14522/1/6 14523/1/6
f 14523/1/6 14522/1/6 14524/1/6
f 14524/1/6 14522/1/6 14525/1/6
f 14524/1/6 14525/1/6 14527/1/6
f 14525/1/6 14526/1/6 14527/1/6
f 14527/1/6 14526/1/6 14528/1/6
f 14528/1/6 14526/1/6 14529/1/6
f 14528/1/6 14529/1/6 14531/1/6
f 14529/1/6 14530/1/6 14531/1/6
f 14531/1/6 14530/1/6 14532/1/6
f 14532/1/6 14530/1/6 14533/1/6
f 14532/1/6 14533/1/6 14535/1/6
f 14533/1/6 14534/1/6 14535/1/6
f 14535/1/6 14534/1/6 14536/1/6
f 14536/1/6 14534/1/6 14537/1/6
f 14536/1/6 14537/1/6 14539/1/6
f 14537/1/6 14538/1/6 14539/1/6
f 14539/1/6 14538/1/6 14540/1/6
f 14540/1/6 14538/1/6 14541/1/6
f 14540/1/6 14541/1/6 14543/1/6
f 14541/1/6 14542/1/6 14543/1/6
f 14543/1/6 14542/1/6 14544/1/6
f 14544/1/6 14542/1/6 14545/1/6
f 14545/1/6 14542/1/6 14546/1/6
f 14546/1/6 14547/1/6 14548/1/6
f 14548/1/6 14547/1/6 14549/1/6
f 14549/1/6 14550/1/6 14551/1/6
f 14551/1/6 14550/1/6 14552/1/6
f 14553/1/6 14554/1/6 14555/1/6
f 14555/1/6 14554/1/6 14556/1/6
f 14557/1/6 14558/1/6 14560/1/6
f 14560/1/6 14558/1/6 14561/1/6
f 14561/1/6 14558/1/6 14562/1/6
f 14559/1/6 14560/1/6 14563/1/6
f 14560/1/6 14561/1/6 14563/1/6
f 14563/1/6 14561/1/6 14564/1/6
f 14559/1/6 14563/1/6 14566/1/6
f 14565/1/6 14566/1/6 14568/1/6
f 14566/1/6 14563/1/6 14569/1/6
f 14568/1/6 14566/1/6 14569/1/6
f 14569/1/6 14563/1/6 14570/1/6
f 14567/1/6 14568/1/6 14571/1/6
f 14568/1/6 14569/1/6 14571/1/6
f 14571/1/6 14569/1/6 14572/1/6
f 14567/1/6 14571/1/6 14574/1/6
f 14573/1/6 14574/1/6 14576/1/6
f 14574/1/6 14571/1/6 14577/1/6
f 14576/1/6 14574/1/6 14577/1/6
f 14577/1/6 14571/1/6 14578/1/6
f 14575/1/6 14576/1/6 14579/1/6
f 14576/1/6 14577/1/6 14579/1/6
f 14579/1/6 14577/1/6 14580/1/6
f 14575/1/6 14579/1/6 14582/1/6
f 14582/1/6 14579/1/6 14583/1/6
f 14581/1/6 14582/1/6 14583/1/6
f 14583/1/6 14579/1/6 14584/1/6
f 14581/1/6 14583/1/6 14586/1/6
f 14586/1/6 14583/1/6 14587/1/6
f 14585/1/6 14586/1/6 14587/1/6
f 14587/1/6 14583/1/6 14588/1/6
f 14585/1/6 14587/1/6 14590/1/6
f 14590/1/6 14587/1/6 14591/1/6
f 14589/1/6 14590/1/6 14591/1/6
f 14591/1/6 14587/1/6 14592/1/6
f 14589/1/6 14591/1/6 14594/1/6
f 14594/1/6 14591/1/6 14595/1/6
f 14593/1/6 14594/1/6 14595/1/6
f 14595/1/6 14591/1/6 14596/1/6
f 14593/1/6 14595/1/6 14598/1/6
f 14598/1/6 14595/1/6 14599/1/6
f 14597/1/6 14598/1/6 14599/1/6
f 14599/1/6 14595/1/6 14600/1/6
f 14597/1/6 14599/1/6 14602/1/6
f 14602/1/6 14599/1/6 14603/1/6
f 14601/1/6 14602/1/6 14603/1/6
f 14603/1/6 14599/1/6 14604/1/6
f 14601/1/6 14603/1/6 14606/1/6
f 14606/1/6 14603/1/6 14607/1/6
f 14605/1/6 14606/1/6 14607/1/6
f 14607/1/6 14603/1/6 14608/1/6
f 14605/1/6 14607/1/6 14610/1/6
f 14610/1/6 14607/1/6 14611/1/6
f 14609/1/6 14610/1/6 14611/1/6
f 14611/1/6 14607/1/6 14612/1/6
f 14609/1/6 14611/1/6 14614/1/6
f 14613/1/6 14614/1/6 14615/1/6
f 14614/1/6 14611/1/6 14616/1/6
f 14615/1/6 14614/1/6 14616/1/6
f 14616/1/6 14611/1/6 14617/1/6
f 14617/1/6 14618/1/6 14619/1/6
f 14616/1/6 14617/1/6 14619/1/6
f 14616/1/6 14619/1/6 14621/1/6
f 14619/1/6 14620/1/6 14621/1/6
f 14621/1/6 14620/1/6 14622/1/6
f 14622/1/6 14620/1/6 14623/1/6
f 14623/1/6 14620/1/6 14624/1/6
f 14624/1/6 14620/1/6 14625/1/6
f 14624/1/6 14625/1/6 14627/1/6
f 14625/1/6 14626/1/6 14627/1/6
f 14627/1/6 14626/1/6 14628/1/6
f 14628/1/6 14626/1/6 14629/1/6
f 14628/1/6 14629/1/6 14631/1/6
f 14629/1/6 14630/1/6 14631/1/6
f 14628/1/6 14631/1/6 14633/1/6
f 14631/1/6 14632/1/6 14633/1/6
f 14633/1/6 14632/1/6 14634/1/6
f 14634/1/6 14632/1/6 14635/1/6
f 14635/1/6 14632/1/6 14636/1/6
f 14636/1/6 14632/1/6 14637/1/6
f 14636/1/6 14637/1/6 14639/1/6
f 14637/1/6 14638/1/6 14639/1/6
f 14636/1/6 14639/1/6 14641/1/6
f 14639/1/6 14640/1/6 14641/1/6
f 14641/1/6 14640/1/6 14642/1/6
f 14642/1/6 14640/1/6 14643/1/6
f 14643/1/6 14640/1/6 14644/1/6
f 14644/1/6 14640/1/6 14645/1/6
f 14644/1/6 14645/1/6 14647/1/6
f 14645/1/6 14646/1/6 14647/1/6
f 14647/1/6 14646/1/6 14648/1/6
f 14648/1/6 14646/1/6 14649/1/6
f 14648/1/6 14649/1/6 14651/1/6
f 14649/1/6 14650/1/6 14651/1/6
f 14651/1/6 14650/1/6 14652/1/6
f 14652/1/6 14650/1/6 14653/1/6
f 14652/1/6 14653/1/6 14655/1/6
f 14653/1/6 14654/1/6 14655/1/6
f 14655/1/6 14654/1/6 14656/1/6
f 14656/1/6 14654/1/6 14658/1/6
f 14658/1/6 14654/1/6 14659/1/6
f 14657/1/6 14658/1/6 14659/1/6
f 14659/1/6 14654/1/6 14660/1/6
f 14657/1/6 14659/1/6 14662/1/6
f 14661/1/6 14662/1/6 14663/1/6
f 14662/1/6 14659/1/6 14664/1/6
f 14663/1/6 14662/1/6 14664/1/6
f 14664/1/6 14659/1/6 14665/1/6
f 14664/1/6 14665/1/6 14667/1/6
f 14665/1/6 14666/1/6 14667/1/6
f 14667/1/6 14666/1/6 14668/1/6
f 14668/1/6 14666/1/6 14669/1/6
f 14668/1/6 14669/1/6 14671/1/6
f 14669/1/6 14670/1/6 14671/1/6
f 14671/1/6 14670/1/6 14672/1/6
f 14672/1/6 14670/1/6 14673/1/6
f 14672/1/6 14673/1/6 14675/1/6
f 14673/1/6 14674/1/6 14675/1/6
f 14675/1/6 14674/1/6 14676/1/6
f 14676/1/6 14674/1/6 14677/1/6
f 14676/1/6 14677/1/6 14679/1/6
f 14677/1/6 14678/1/6 14679/1/6
f 14679/1/6 14678/1/6 14680/1/6
f 14680/1/6 14678/1/6 14681/1/6
f 14680/1/6 14681/1/6 14683/1/6
f 14681/1/6 14682/1/6 14683/1/6
f 14683/1/6 14682/1/6 14684/1/6
f 14684/1/6 14682/1/6 14685/1/6
f 14684/1/6 14685/1/6 14687/1/6
f 14685/1/6 14686/1/6 14687/1/6
f 14687/1/6 14686/1/6 14688/1/6
f 14688/1/6 14686/1/6 14689/1/6
f 14688/1/6 14689/1/6 14691/1/6
f 14689/1/6 14690/1/6 14691/1/6
f 14691/1/6 14690/1/6 14692/1/6
f 14692/1/6 14690/1/6 14693/1/6
f 14693/1/6 14694/1/6 14695/1/6
f 14692/1/6 14693/1/6 14695/1/6
f 14695/1/6 14694/1/6 14696/1/6
f 14696/1/6 14694/1/6 14697/1/6
f 14697/1/6 14698/1/6 14699/1/6
f 14696/1/6 14697/1/6 14699/1/6
f 14699/1/6 14698/1/6 14700/1/6
f 14700/1/6 14698/1/6 14701/1/6
f 14701/1/6 14702/1/6 14703/1/6
f 14700/1/6 14701/1/6 14703/1/6
f 14703/1/6 14702/1/6 14704/1/6
f 14704/1/6 14702/1/6 14705/1/6
f 14705/1/6 14706/1/6 14707/1/6
f 14704/1/6 14705/1/6 14707/1/6
f 14707/1/6 14706/1/6 14708/1/6
f 14708/1/6 14706/1/6 14709/1/6
f 14709/1/6 14706/1/6 14710/1/6
f 14710/1/6 14711/1/6 14712/1/6
f 14712/1/6 14711/1/6 14713/1/6
f 14713/1/6 14714/1/6 14715/1/6
f 14713/1/6 14715/1/6 14717/1/6
f 14715/1/6 14716/1/6 14717/1/6
f 14717/1/6 14716/1/6 14718/1/6
f 14718/1/6 14716/1/6 14719/1/6
f 14719/1/6 14720/1/6 14721/1/6
f 14718/1/6 14719/1/6 14721/1/6
f 14721/1/6 14720/1/6 14722/1/6
f 14722/1/6 14720/1/6 14723/1/6
f 14723/1/6 14720/1/6 14724/1/6
f 14724/1/6 14725/1/6 14726/1/6
f 14724/1/6 14726/1/6 14728/1/6
f 14726/1/6 14727/1/6 14728/1/6
f 14728/1/6 14727/1/6 14729/1/6
f 14729/1/6 14727/1/6 14730/1/6
f 14730/1/6 14731/1/6 14732/1/6
f 14729/1/6 14730/1/6 14732/1/6
f 14732/1/6 14731/1/6 14733/1/6
f 14733/1/6 14731/1/6 14734/1/6
f 14733/1/6 14734/1/6 14736/1/6
f 14734/1/6 14735/1/6 14736/1/6
f 14736/1/6 14735/1/6 14737/1/6
f 14737/1/6 14735/1/6 14738/1/6
f 14738/1/6 14739/1/6 14740/1/6
f 14737/1/6 14738/1/6 14740/1/6
f 14740/1/6 14739/1/6 14741/1/6
f 14741/1/6 14739/1/6 14742/1/6
f 14741/1/6 14742/1/6 14744/1/6
f 14742/1/6 14743/1/6 14744/1/6
f 14744/1/6 14743/1/6 14745/1/6
f 14745/1/6 14743/1/6 14746/1/6
f 14745/1/6 14746/1/6 14748/1/6
f 14746/1/6 14747/1/6 14748/1/6
f 14748/1/6 14747/1/6 14749/1/6
f 14749/1/6 14747/1/6 14750/1/6
f 14749/1/6 14750/1/6 14752/1/6
f 14750/1/6 14751/1/6 14752/1/6
f 14752/1/6 14751/1/6 14753/1/6
f 14753/1/6 14751/1/6 14754/1/6
f 14753/1/6 14754/1/6 14756/1/6
f 14754/1/6 14755/1/6 14756/1/6
f 14756/1/6 14755/1/6 14757/1/6
f 14757/1/6 14755/1/6 14758/1/6
f 14757/1/6 14758/1/6 14760/1/6
f 14758/1/6 14759/1/6 14760/1/6
f 14760/1/6 14759/1/6 14761/1/6
f 14761/1/6 14759/1/6 14762/1/6
f 14761/1/6 14762/1/6 14764/1/6
f 14762/1/6 14763/1/6 14764/1/6
f 14764/1/6 14763/1/6 14765/1/6
f 14765/1/6 14763/1/6 14766/1/6
f 14765/1/6 14766/1/6 14768/1/6
f 14766/1/6 14767/1/6 14768/1/6
f 14768/1/6 14767/1/6 14769/1/6
f 14769/1/6 14767/1/6 14770/1/6
f 14769/1/6 14770/1/6 14772/1/6
f 14770/1/6 14771/1/6 14772/1/6
f 14772/1/6 14771/1/6 14773/1/6
f 14773/1/6 14771/1/6 14774/1/6
f 14773/1/6 14774/1/6 14776/1/6
f 14774/1/6 14775/1/6 14776/1/6
f 14776/1/6 14775/1/6 14777/1/6
f 14777/1/6 14775/1/6 14778/1/6
f 14778/1/6 14779/1/6 14780/1/6
f 14777/1/6 14778/1/6 14780/1/6
f 14780/1/6 14779/1/6 14781/1/6
f 14781/1/6 14779/1/6 14782/1/6
f 14782/1/6 14783/1/6 14784/1/6
f 14781/1/6 14782/1/6 14784/1/6
f 14781/1/6 14784/1/6 14786/1/6
f 14784/1/6 14785/1/6 14786/1/6
f 14786/1/6 14785/1/6 14787/1/6
f 14787/1/6 14785/1/6 14788/1/6
f 14787/1/6 14788/1/6 14790/1/6
f 14788/1/6 14789/1/6 14790/1/6
f 14790/1/6 14789/1/6 14791/1/6
f 14791/1/6 14789/1/6 14792/1/6
f 14791/1/6 14792/1/6 14794/1/6
f 14792/1/6 14793/1/6 14794/1/6
f 14794/1/6 14793/1/6 14795/1/6
f 14795/1/6 14793/1/6 14796/1/6
f 14795/1/6 14796/1/6 14798/1/6
f 14796/1/6 14797/1/6 14798/1/6
f 14798/1/6 14797/1/6 14799/1/6
f 14799/1/6 14797/1/6 14800/1/6
f 14799/1/6 14800/1/6 14802/1/6
f 14800/1/6 14801/1/6 14802/1/6
f 14802/1/6 14801/1/6 14803/1/6
f 14803/1/6 14801/1/6 14804/1/6
f 14803/1/6 14804/1/6 14806/1/6
f 14804/1/6 14805/1/6 14806/1/6
f 14806/1/6 14805/1/6 14807/1/6
f 14807/1/6 14805/1/6 14808/1/6
f 14808/1/6 14809/1/6 14810/1/6
f 14807/1/6 14808/1/6 14810/1/6
f 14810/1/6 14809/1/6 14811/1/6
f 14811/1/6 14809/1/6 14812/1/6
f 14812/1/6 14813/1/6 14814/1/6
f 14811/1/6 14812/1/6 14814/1/6
f 14814/1/6 14813/1/6 14815/1/6
f 14815/1/6 14813/1/6 14816/1/6
f 14816/1/6 14817/1/6 14818/1/6
f 14815/1/6 14816/1/6 14818/1/6
f 14818/1/6 14817/1/6 14819/1/6
f 14819/1/6 14817/1/6 14820/1/6
f 14820/1/6 14821/1/6 14822/1/6
f 14819/1/6 14820/1/6 14822/1/6
f 14822/1/6 14821/1/6 14823/1/6
f 14823/1/6 14821/1/6 14824/1/6
f 14824/1/6 14825/1/6 14826/1/6
f 14823/1/6 14824/1/6 14826/1/6
f 14826/1/6 14825/1/6 14827/1/6
f 14827/1/6 14825/1/6 14828/1/6
f 14828/1/6 14829/1/6 14830/1/6
f 14827/1/6 14828/1/6 14830/1/6
f 14830/1/6 14829/1/6 14831/1/6
f 14831/1/6 14829/1/6 14832/1/6
f 14831/1/6 14832/1/6 14834/1/6
f 14832/1/6 14833/1/6 14834/1/6
f 14834/1/6 14833/1/6 14835/1/6
f 14835/1/6 14833/1/6 14836/1/6
f 14835/1/6 14836/1/6 14838/1/6
f 14836/1/6 14837/1/6 14838/1/6
f 14838/1/6 14837/1/6 14839/1/6
f 14839/1/6 14837/1/6 14840/1/6
f 14839/1/6 14840/1/6 14842/1/6
f 14840/1/6 14841/1/6 14842/1/6
f 14842/1/6 14841/1/6 14843/1/6
f 14843/1/6 14841/1/6 14844/1/6
f 14844/1/6 14841/1/6 14845/1/6
f 14845/1/6 14841/1/6 14846/1/6
f 14846/1/6 14847/1/6 14848/1/6
f 14845/1/6 14846/1/6 14848/1/6
f 14848/1/6 14847/1/6 14849/1/6
f 14849/1/6 14847/1/6 14850/1/6
f 14850/1/6 14851/1/6 14852/1/6
f 14849/1/6 14850/1/6 14852/1/6
f 14852/1/6 14851/1/6 14853/1/6
f 14853/1/6 14851/1/6 14854/1/6
f 14854/1/6 14855/1/6 14856/1/6
f 14853/1/6 14854/1/6 14856/1/6
f 14856/1/6 14855/1/6 14857/1/6
f 14857/1/6 14855/1/6 14858/1/6
f 14858/1/6 14859/1/6 14860/1/6
f 14857/1/6 14858/1/6 14860/1/6
f 14860/1/6 14859/1/6 14861/1/6
f 14861/1/6 14859/1/6 14862/1/6
f 14862/1/6 14863/1/6 14864/1/6
f 14861/1/6 14862/1/6 14864/1/6
f 14864/1/6 14863/1/6 14865/1/6
f 14865/1/6 14863/1/6 14866/1/6
f 14865/1/6 14866/1/6 14868/1/6
f 14866/1/6 14867/1/6 14868/1/6
f 14868/1/6 14867/1/6 14869/1/6
f 14869/1/6 14867/1/6 14870/1/6
f 14869/1/6 14870/1/6 14872/1/6
f 14870/1/6 14871/1/6 14872/1/6
f 14872/1/6 14871/1/6 14873/1/6
f 14873/1/6 14871/1/6 14874/1/6
f 14873/1/6 14874/1/6 14876/1/6
f 14874/1/6 14875/1/6 14876/1/6
f 14876/1/6 14875/1/6 14877/1/6
f 14877/1/6 14875/1/6 14878/1/6
f 14877/1/6 14878/1/6 14880/1/6
f 14878/1/6 14879/1/6 14880/1/6
f 14880/1/6 14879/1/6 14881/1/6
f 14881/1/6 14879/1/6 14882/1/6
f 14881/1/6 14882/1/6 14884/1/6
f 14882/1/6 14883/1/6 14884/1/6
f 14884/1/6 14883/1/6 14885/1/6
f 14885/1/6 14883/1/6 14886/1/6
f 14885/1/6 14886/1/6 14888/1/6
f 14886/1/6 14887/1/6 14888/1/6
f 14888/1/6 14887/1/6 14889/1/6
f 14889/1/6 14887/1/6 14890/1/6
f 14890/1/6 14887/1/6 14891/1/6
f 14891/1/6 14892/1/6 14893/1/6
f 14891/1/6 14893/1/6 14895/1/6
f 14893/1/6 14894/1/6 14895/1/6
f 14895/1/6 14894/1/6 14896/1/6
f 14896/1/6 14894/1/6 14897/1/6
f 14897/1/6 14894/1/6 14898/1/6
f 14899/1/6 14900/1/6 14902/1/6
f 14902/1/6 14900/1/6 14903/1/6
f 14903/1/6 14900/1/6 14904/1/6
f 14901/1/6 14902/1/6 14906/1/6
f 14902/1/6 14903/1/6 14906/1/6
f 14906/1/6 14903/1/6 14907/1/6
f 14905/1/6 14906/1/6 14907/1/6
f 14907/1/6 14903/1/6 14908/1/6
f 14905/1/6 14907/1/6 14910/1/6
f 14910/1/6 14907/1/6 14911/1/6
f 14911/1/6 14907/1/6 14912/1/6
f 14909/1/6 14910/1/6 14914/1/6
f 14910/1/6 14911/1/6 14914/1/6
f 14914/1/6 14911/1/6 14915/1/6
f 14915/1/6 14911/1/6 14916/1/6
f 14913/1/6 14914/1/6 14918/1/6
f 14914/1/6 14915/1/6 14918/1/6
f 14918/1/6 14915/1/6 14919/1/6
f 14919/1/6 14915/1/6 14920/1/6
f 14917/1/6 14918/1/6 14922/1/6
f 14918/1/6 14919/1/6 14922/1/6
f 14922/1/6 14919/1/6 14923/1/6
f 14923/1/6 14919/1/6 14924/1/6
f 14921/1/6 14922/1/6 14926/1/6
f 14922/1/6 14923/1/6 14926/1/6
f 14926/1/6 14923/1/6 14927/1/6
f 14927/1/6 14923/1/6 14928/1/6
f 14925/1/6 14926/1/6 14930/1/6
f 14926/1/6 14927/1/6 14930/1/6
f 14930/1/6 14927/1/6 14931/1/6
f 14931/1/6 14927/1/6 14932/1/6
f 14929/1/6 14930/1/6 14934/1/6
f 14930/1/6 14931/1/6 14934/1/6
f 14934/1/6 14931/1/6 14935/1/6
f 14935/1/6 14931/1/6 14936/1/6
f 14933/1/6 14934/1/6 14938/1/6
f 14934/1/6 14935/1/6 14938/1/6
f 14938/1/6 14935/1/6 14939/1/6
f 14939/1/6 14935/1/6 14940/1/6
f 14937/1/6 14938/1/6 14942/1/6
f 14938/1/6 14939/1/6 14942/1/6
f 14942/1/6 14939/1/6 14943/1/6
f 14943/1/6 14939/1/6 14944/1/6
f 14941/1/6 14942/1/6 14946/1/6
f 14942/1/6 14943/1/6 14946/1/6
f 14946/1/6 14943/1/6 14947/1/6
f 14947/1/6 14943/1/6 14948/1/6
f 14945/1/6 14946/1/6 14950/1/6
f 14946/1/6 14947/1/6 14950/1/6
f 14950/1/6 14947/1/6 14951/1/6
f 14951/1/6 14947/1/6 14952/1/6
f 14949/1/6 14950/1/6 14954/1/6
f 14950/1/6 14951/1/6 14954/1/6
f 14954/1/6 14951/1/6 14955/1/6
f 14953/1/6 14954/1/6 14955/1/6
f 14955/1/6 14951/1/6 14956/1/6
f 14953/1/6 14955/1/6 14957/1/6
f 14953/1/6 14957/1/6 14959/1/6
f 14957/1/6 14958/1/6 14959/1/6
f 14959/1/6 14958/1/6 14960/1/6
f 14960/1/6 14958/1/6 14961/1/6
f 14960/1/6 14961/1/6 14963/1/6
f 14961/1/6 14962/1/6 14963/1/6
f 14963/1/6 14962/1/6 14964/1/6
f 14964/1/6 14962/1/6 14965/1/6
f 14964/1/6 14965/1/6 14967/1/6
f 14965/1/6 14966/1/6 14967/1/6
f 14967/1/6 14966/1/6 14968/1/6
f 14968/1/6 14966/1/6 14969/1/6
f 14968/1/6 14969/1/6 14971/1/6
f 14969/1/6 14970/1/6 14971/1/6
f 14971/1/6 14970/1/6 14972/1/6
f 14972/1/6 14970/1/6 14973/1/6
f 14973/1/6 14970/1/6 14974/1/6
f 14974/1/6 14970/1/6 14975/1/6
f 14974/1/6 14975/1/6 14977/1/6
f 14975/1/6 14976/1/6 14977/1/6
f 14974/1/6 14977/1/6 14979/1/6
f 14977/1/6 14978/1/6 14979/1/6
f 14979/1/6 14978/1/6 14980/1/6
f 14980/1/6 14978/1/6 14981/1/6
f 14981/1/6 14978/1/6 14982/1/6
f 14982/1/6 14978/1/6 14983/1/6
f 14982/1/6 14983/1/6 14985/1/6
f 14983/1/6 14984/1/6 14985/1/6
f 14982/1/6 14985/1/6 14987/1/6
f 14985/1/6 14986/1/6 14987/1/6
f 14987/1/6 14986/1/6 14988/1/6
f 14988/1/6 14986/1/6 14989/1/6
f 14988/1/6 14989/1/6 14991/1/6
f 14989/1/6 14990/1/6 14991/1/6
f 14991/1/6 14990/1/6 14992/1/6
f 14992/1/6 14990/1/6 14993/1/6
f 14992/1/6 14993/1/6 14995/1/6
f 14993/1/6 14994/1/6 14995/1/6
f 14995/1/6 14994/1/6 14996/1/6
f 14996/1/6 14994/1/6 14997/1/6
f 14996/1/6 14997/1/6 14999/1/6
f 14997/1/6 14998/1/6 14999/1/6
f 14999/1/6 14998/1/6 15000/1/6
f 14996/1/6 14999/1/6 15002/1/6
f 15002/1/6 14999/1/6 15003/1/6
f 15001/1/6 15002/1/6 15003/1/6
f 15003/1/6 14999/1/6 15004/1/6
f 15001/1/6 15003/1/6 15005/1/6
f 15001/1/6 15005/1/6 15007/1/6
f 15005/1/6 15006/1/6 15007/1/6
f 15007/1/6 15006/1/6 15008/1/6
f 15008/1/6 15006/1/6 15009/1/6
f 15009/1/6 15006/1/6 15010/1/6
f 15010/1/6 15006/1/6 15011/1/6
f 15010/1/6 15011/1/6 15013/1/6
f 15011/1/6 15012/1/6 15013/1/6
f 15013/1/6 15012/1/6 15014/1/6
f 15014/1/6 15012/1/6 15015/1/6
f 15014/1/6 15015/1/6 15017/1/6
f 15015/1/6 15016/1/6 15017/1/6
f 15017/1/6 15016/1/6 15018/1/6
f 15018/1/6 15016/1/6 15019/1/6
f 15018/1/6 15019/1/6 15021/1/6
f 15019/1/6 15020/1/6 15021/1/6
f 15021/1/6 15020/1/6 15022/1/6
f 15022/1/6 15020/1/6 15023/1/6
f 15022/1/6 15023/1/6 15025/1/6
f 15023/1/6 15024/1/6 15025/1/6
f 15025/1/6 15024/1/6 15026/1/6
f 15026/1/6 15024/1/6 15027/1/6
f 15026/1/6 15027/1/6 15029/1/6
f 15027/1/6 15028/1/6 15029/1/6
f 15029/1/6 15028/1/6 15030/1/6
f 15030/1/6 15028/1/6 15031/1/6
f 15031/1/6 15032/1/6 15033/1/6
f 15030/1/6 15031/1/6 15033/1/6
f 15033/1/6 15032/1/6 15034/1/6
f 15034/1/6 15032/1/6 15035/1/6
f 15035/1/6 15036/1/6 15037/1/6
f 15034/1/6 15035/1/6 15037/1/6
f 15037/1/6 15036/1/6 15038/1/6
f 15038/1/6 15036/1/6 15039/1/6
f 15039/1/6 15040/1/6 15041/1/6
f 15038/1/6 15039/1/6 15041/1/6
f 15041/1/6 15040/1/6 15042/1/6
f 15042/1/6 15040/1/6 15043/1/6
f 15043/1/6 15044/1/6 15045/1/6
f 15042/1/6 15043/1/6 15045/1/6
f 15045/1/6 15044/1/6 15046/1/6
f 15046/1/6 15044/1/6 15047/1/6
f 15047/1/6 15048/1/6 15049/1/6
f 15046/1/6 15047/1/6 15049/1/6
f 15049/1/6 15048/1/6 15050/1/6
f 15050/1/6 15048/1/6 15051/1/6
f 15051/1/6 15052/1/6 15053/1/6
f 15050/1/6 15051/1/6 15053/1/6
f 15053/1/6 15052/1/6 15054/1/6
f 15054/1/6 15052/1/6 15055/1/6
f 15055/1/6 15056/1/6 15057/1/6
f 15054/1/6 15055/1/6 15057/1/6
f 15057/1/6 15056/1/6 15058/1/6
f 15058/1/6 15056/1/6 15059/1/6
f 15059/1/6 15060/1/6 15061/1/6
f 15058/1/6 15059/1/6 15061/1/6
f 15061/1/6 15060/1/6 15062/1/6
f 15062/1/6 15060/1/6 15063/1/6
f 15063/1/6 15064/1/6 15065/1/6
f 15062/1/6 15063/1/6 15065/1/6
f 15065/1/6 15064/1/6 15066/1/6
f 15066/1/6 15064/1/6 15067/1/6
f 15067/1/6 15068/1/6 15069/1/6
f 15066/1/6 15067/1/6 15069/1/6
f 15069/1/6 15068/1/6 15070/1/6
f 15070/1/6 15068/1/6 15071/1/6
f 15071/1/6 15072/1/6 15073/1/6
f 15070/1/6 15071/1/6 15073/1/6
f 15073/1/6 15072/1/6 15074/1/6
f 15074/1/6 15072/1/6 15075/1/6
f 15074/1/6 15075/1/6 15077/1/6
f 15075/1/6 15076/1/6 15077/1/6
f 15077/1/6 15076/1/6 15078/1/6
f 15078/1/6 15076/1/6 15079/1/6
f 15079/1/6 15080/1/6 15081/1/6
f 15078/1/6 15079/1/6 15081/1/6
f 15081/1/6 15080/1/6 15082/1/6
f 15082/1/6 15080/1/6 15083/1/6
f 15082/1/6 15083/1/6 15085/1/6
f 15083/1/6 15084/1/6 15085/1/6
f 15085/1/6 15084/1/6 15086/1/6
f 15086/1/6 15084/1/6 15087/1/6
f 15087/1/6 15088/1/6 15089/1/6
f 15086/1/6 15087/1/6 15089/1/6
f 15089/1/6 15088/1/6 15090/1/6
f 15090/1/6 15088/1/6 15091/1/6
f 15091/1/6 15092/1/6 15093/1/6
f 15090/1/6 15091/1/6 15093/1/6
f 15093/1/6 15092/1/6 15094/1/6
f 15094/1/6 15092/1/6 15095/1/6
f 15095/1/6 15096/1/6 15097/1/6
f 15094/1/6 15095/1/6 15097/1/6
f 15097/1/6 15096/1/6 15098/1/6
f 15098/1/6 15096/1/6 15099/1/6
f 15099/1/6 15100/1/6 15101/1/6
f 15098/1/6 15099/1/6 15101/1/6
f 15101/1/6 15100/1/6 15102/1/6
f 15102/1/6 15100/1/6 15103/1/6
f 15103/1/6 15104/1/6 15105/1/6
f 15102/1/6 15103/1/6 15105/1/6
f 15105/1/6 15104/1/6 15106/1/6
f 15106/1/6 15104/1/6 15107/1/6
f 15107/1/6 15108/1/6 15109/1/6
f 15106/1/6 15107/1/6 15109/1/6
f 15109/1/6 15108/1/6 15110/1/6
f 15110/1/6 15108/1/6 15111/1/6
f 15110/1/6 15111/1/6 15113/1/6
f 15111/1/6 15112/1/6 15113/1/6
f 15113/1/6 15112/1/6 15114/1/6
f 15114/1/6 15112/1/6 15115/1/6
f 15115/1/6 15116/1/6 15117/1/6
f 15114/1/6 15115/1/6 15117/1/6
f 15117/1/6 15116/1/6 15118/1/6
f 15118/1/6 15116/1/6 15119/1/6
f 15119/1/6 15120/1/6 15121/1/6
f 15118/1/6 15119/1/6 15121/1/6
f 15121/1/6 15120/1/6 15122/1/6
f 15122/1/6 15120/1/6 15123/1/6
f 15123/1/6 15124/1/6 15125/1/6
f 15122/1/6 15123/1/6 15125/1/6
f 15122/1/6 15125/1/6 15127/1/6
f 15125/1/6 15126/1/6 15127/1/6
f 15127/1/6 15126/1/6 15128/1/6
f 15128/1/6 15126/1/6 15129/1/6
f 15128/1/6 15129/1/6 15131/1/6
f 15129/1/6 15130/1/6 15131/1/6
f 15131/1/6 15130/1/6 15132/1/6
f 15132/1/6 15130/1/6 15133/1/6
f 15132/1/6 15133/1/6 15135/1/6
f 15133/1/6 15134/1/6 15135/1/6
f 15135/1/6 15134/1/6 15136/1/6
f 15136/1/6 15134/1/6 15137/1/6
f 15136/1/6 15137/1/6 15139/1/6
f 15137/1/6 15138/1/6 15139/1/6
f 15139/1/6 15138/1/6 15140/1/6
f 15140/1/6 15138/1/6 15141/1/6
f 15140/1/6 15141/1/6 15143/1/6
f 15141/1/6 15142/1/6 15143/1/6
f 15143/1/6 15142/1/6 15144/1/6
f 15144/1/6 15142/1/6 15145/1/6
f 15144/1/6 15145/1/6 15147/1/6
f 15145/1/6 15146/1/6 15147/1/6
f 15147/1/6 15146/1/6 15148/1/6
f 15148/1/6 15146/1/6 15149/1/6
f 15148/1/6 15149/1/6 15151/1/6
f 15149/1/6 15150/1/6 15151/1/6
f 15151/1/6 15150/1/6 15152/1/6
f 15152/1/6 15150/1/6 15153/1/6
f 15153/1/6 15154/1/6 15155/1/6
f 15152/1/6 15153/1/6 15155/1/6
f 15155/1/6 15154/1/6 15156/1/6
f 15156/1/6 15154/1/6 15157/1/6
f 15157/1/6 15158/1/6 15159/1/6
f 15156/1/6 15157/1/6 15159/1/6
f 15159/1/6 15158/1/6 15160/1/6
f 15160/1/6 15158/1/6 15161/1/6
f 15161/1/6 15162/1/6 15163/1/6
f 15160/1/6 15161/1/6 15163/1/6
f 15163/1/6 15162/1/6 15164/1/6
f 15164/1/6 15162/1/6 15165/1/6
f 15164/1/6 15165/1/6 15167/1/6
f 15165/1/6 15166/1/6 15167/1/6
f 15167/1/6 15166/1/6 15168/1/6
f 15168/1/6 15166/1/6 15169/1/6
f 15168/1/6 15169/1/6 15171/1/6
f 15169/1/6 15170/1/6 15171/1/6
f 15171/1/6 15170/1/6 15172/1/6
f 15172/1/6 15170/1/6 15173/1/6
f 15172/1/6 15173/1/6 15175/1/6
f 15173/1/6 15174/1/6 15175/1/6
f 15175/1/6 15174/1/6 15176/1/6
f 15176/1/6 15174/1/6 15177/1/6
f 15176/1/6 15177/1/6 15179/1/6
f 15177/1/6 15178/1/6 15179/1/6
f 15179/1/6 15178/1/6 15180/1/6
f 15180/1/6 15178/1/6 15181/1/6
f 15180/1/6 15181/1/6 15183/1/6
f 15181/1/6 15182/1/6 15183/1/6
f 15183/1/6 15182/1/6 15184/1/6
f 15184/1/6 15182/1/6 15185/1/6
f 15184/1/6 15185/1/6 15187/1/6
f 15185/1/6 15186/1/6 15187/1/6
f 15187/1/6 15186/1/6 15188/1/6
f 15188/1/6 15186/1/6 15189/1/6
f 15188/1/6 15189/1/6 15191/1/6
f 15189/1/6 15190/1/6 15191/1/6
f 15191/1/6 15190/1/6 15192/1/6
f 15192/1/6 15190/1/6 15193/1/6
f 15192/1/6 15193/1/6 15195/1/6
f 15193/1/6 15194/1/6 15195/1/6
f 15195/1/6 15194/1/6 15196/1/6
f 15196/1/6 15194/1/6 15197/1/6
f 15196/1/6 15197/1/6 15199/1/6
f 15197/1/6 15198/1/6 15199/1/6
f 15199/1/6 15198/1/6 15200/1/6
f 15200/1/6 15198/1/6 15201/1/6
f 15201/1/6 15198/1/6 15202/1/6
f 15202/1/6 15198/1/6 15203/1/6
f 15203/1/6 15204/1/6 15205/1/6
f 15202/1/6 15203/1/6 15205/1/6
f 15205/1/6 15204/1/6 15206/1/6
f 15206/1/6 15204/1/6 15207/1/6
f 15206/1/6 15207/1/6 15209/1/6
f 15207/1/6 15208/1/6 15209/1/6
f 15209/1/6 15208/1/6 15210/1/6
f 15210/1/6 15208/1/6 15211/1/6
f 15210/1/6 15211/1/6 15213/1/6
f 15211/1/6 15212/1/6 15213/1/6
f 15213/1/6 15212/1/6 15214/1/6
f 15214/1/6 15212/1/6 15215/1/6
f 15214/1/6 15215/1/6 15217/1/6
f 15215/1/6 15216/1/6 15217/1/6
f 15217/1/6 15216/1/6 15218/1/6
f 15218/1/6 15216/1/6 15219/1/6
f 15218/1/6 15219/1/6 15221/1/6
f 15219/1/6 15220/1/6 15221/1/6
f 15221/1/6 15220/1/6 15222/1/6
f 15222/1/6 15220/1/6 15223/1/6
f 15222/1/6 15223/1/6 15225/1/6
f 15223/1/6 15224/1/6 15225/1/6
f 15225/1/6 15224/1/6 15226/1/6
f 15226/1/6 15224/1/6 15227/1/6
f 15226/1/6 15227/1/6 15229/1/6
f 15227/1/6 15228/1/6 15229/1/6
f 15229/1/6 15228/1/6 15230/1/6
f 15230/1/6 15228/1/6 15231/1/6
f 15230/1/6 15231/1/6 15233/1/6
f 15231/1/6 15232/1/6 15233/1/6
f 15233/1/6 15232/1/6 15234/1/6
f 15234/1/6 15232/1/6 15235/1/6
f 15234/1/6 15235/1/6 15237/1/6
f 15235/1/6 15236/1/6 15237/1/6
f 15237/1/6 15236/1/6 15238/1/6
f 15238/1/6 15236/1/6 15239/1/6
f 15239/1/6 15236/1/6 15240/1/6
f 15241/1/6 15242/1/6 15244/1/6
f 15243/1/6 15244/1/6 15246/1/6
f 15245/1/6 15246/1/6 15248/1/6
f 15247/1/6 15248/1/6 15250/1/6
f 15249/1/6 15250/1/6 15252/1/6
f 15251/1/6 15252/1/6 15254/1/6
f 15253/1/6 15254/1/6 15256/1/6
f 15255/1/6 15256/1/6 15258/1/6
f 15257/1/6 15258/1/6 15260/1/6
f 15259/1/6 15260/1/6 15262/1/6
f 15261/1/6 15262/1/6 15264/1/6
f 15263/1/6 15264/1/6 15266/1/6
f 15265/1/6 15266/1/6 15268/1/6
f 15267/1/6 15268/1/6 15270/1/6
f 15269/1/6 15270/1/6 15271/1/6
f 15270/1/6 15268/1/6 15272/1/6
f 15271/1/6 15270/1/6 15272/1/6
f 15272/1/6 15268/1/6 15273/1/6
f 15268/1/6 15266/1/6 15274/1/6
f 15273/1/6 15268/1/6 15274/1/6
f 15274/1/6 15266/1/6 15275/1/6
f 15266/1/6 15264/1/6 15276/1/6
f 15275/1/6 15266/1/6 15276/1/6
f 15276/1/6 15264/1/6 15277/1/6
f 15264/1/6 15262/1/6 15278/1/6
f 15277/1/6 15264/1/6 15278/1/6
f 15278/1/6 15262/1/6 15279/1/6
f 15262/1/6 15260/1/6 15280/1/6
f 15279/1/6 15262/1/6 15280/1/6
f 15280/1/6 15260/1/6 15281/1/6
f 15260/1/6 15258/1/6 15282/1/6
f 15281/1/6 15260/1/6 15282/1/6
f 15282/1/6 15258/1/6 15283/1/6
f 15258/1/6 15256/1/6 15284/1/6
f 15283/1/6 15258/1/6 15284/1/6
f 15284/1/6 15256/1/6 15285/1/6
f 15256/1/6 15254/1/6 15286/1/6
f 15285/1/6 15256/1/6 15286/1/6
f 15286/1/6 15254/1/6 15287/1/6
f 15254/1/6 15252/1/6 15288/1/6
f 15287/1/6 15254/1/6 15288/1/6
f 15288/1/6 15252/1/6 15289/1/6
f 15252/1/6 15250/1/6 15290/1/6
f 15289/1/6 15252/1/6 15290/1/6
f 15290/1/6 15250/1/6 15291/1/6
f 15250/1/6 15248/1/6 15292/1/6
f 15291/1/6 15250/1/6 15292/1/6
f 15292/1/6 15248/1/6 15294/1/6
f 15293/1/6 15294/1/6 15296/1/6
f 15295/1/6 15296/1/6 15297/1/6
f 15296/1/6 15294/1/6 15298/1/6
f 15297/1/6 15296/1/6 15298/1/6
f 15298/1/6 15294/1/6 15299/1/6
f 15294/1/6 15248/1/6 15300/1/6
f 15299/1/6 15294/1/6 15300/1/6
f 15300/1/6 15248/1/6 15301/1/6
f 15248/1/6 15246/1/6 15302/1/6
f 15301/1/6 15248/1/6 15302/1/6
f 15302/1/6 15246/1/6 15303/1/6
f 15246/1/6 15244/1/6 15304/1/6
f 15303/1/6 15246/1/6 15304/1/6
f 15304/1/6 15244/1/6 15305/1/6
f 15244/1/6 15242/1/6 15306/1/6
f 15305/1/6 15244/1/6 15306/1/6
f 15306/1/6 15242/1/6 15307/1/6
f 15307/1/6 15242/1/6 15308/1/6
f 15308/1/6 15242/1/6 15309/1/6
f 15309/1/6 15242/1/6 15310/1/6
f 15310/1/6 15242/1/6 15311/1/6
f 15311/1/6 15242/1/6 15312/1/6
f 15312/1/6 15242/1/6 15313/1/6
f 15313/1/6 15242/1/6 15314/1/6
f 15314/1/6 15242/1/6 15315/1/6
f 15315/1/6 15242/1/6 15316/1/6
f 15316/1/6 15242/1/6 15317/1/6
f 15317/1/6 15242/1/6 15318/1/6
f 15318/1/6 15242/1/6 15319/1/6
f 15319/1/6 15242/1/6 15320/1/6
f 15320/1/6 15242/1/6 15321/1/6
f 15321/1/6 15242/1/6 15322/1/6
f 15322/1/6 15242/1/6 15323/1/6
f 15323/1/6 15242/1/6 15324/1/6
f 15324/1/6 15242/1/6 15325/1/6
f 15325/1/6 15242/1/6 15326/1/6
f 15326/1/6 15242/1/6 15327/1/6
f 15327/1/6 15242/1/6 15328/1/6
f 15328/1/6 15242/1/6 15329/1/6
f 15329/1/6 15242/1/6 15330/1/6
f 15330/1/6 15242/1/6 15331/1/6
f 15331/1/6 15242/1/6 15332/1/6
f 15332/1/6 15242/1/6 15333/1/6
f 15333/1/6 15242/1/6 15334/1/6
f 15334/1/6 15242/1/6 15335/1/6
f 15335/1/6 15242/1/6 15336/1/6
f 15336/1/6 15242/1/6 15337/1/6
f 15337/1/6 15242/1/6 15338/1/6
f 15338/1/6 15242/1/6 15339/1/6
f 15339/1/6 15242/1/6 15340/1/6
f 15340/1/6 15242/1/6 15341/1/6
f 15341/1/6 15242/1/6 15342/1/6
f 15342/1/6 15242/1/6 15343/1/6
f 15343/1/6 15242/1/6 15344/1/6
f 15344/1/6 15242/1/6 15345/1/6
f 15345/1/6 15242/1/6 15346/1/6
f 15346/1/6 15242/1/6 15347/1/6
f 15347/1/6 15242/1/6 15348/1/6
f 15348/1/6 15242/1/6 15349/1/6
f 15349/1/6 15242/1/6 15350/1/6
f 15350/1/6 15242/1/6 15351/1/6
f 15351/1/6 15242/1/6 15352/1/6
f 15352/1/6 15242/1/6 15353/1/6
f 15353/1/6 15242/1/6 15354/1/6
f 15354/1/6 15242/1/6 15355/1/6
f 15355/1/6 15242/1/6 15356/1/6
f 15356/1/6 15242/1/6 15357/1/6
f 15357/1/6 15242/1/6 15358/1/6
f 15358/1/6 15242/1/6 15359/1/6
f 15359/1/6 15242/1/6 15360/1/6
f 15360/1/6 15242/1/6 15361/1/6
f 15361/1/6 15242/1/6 15362/1/6
f 15362/1/6 15242/1/6 15363/1/6
f 15363/1/6 15242/1/6 15364/1/6
f 15364/1/6 15242/1/6 15365/1/6
f 15365/1/6 15242/1/6 15366/1/6
f 15366/1/6 15242/1/6 15367/1/6
f 15367/1/6 15242/1/6 15368/1/6
f 15368/1/6 15242/1/6 15369/1/6
f 15369/1/6 15242/1/6 15370/1/6
f 15370/1/6 15242/1/6 15371/1/6
f 15371/1/6 15242/1/6 15372/1/6
f 15372/1/6 15242/1/6 15373/1/6
f 15373/1/6 15242/1/6 15374/1/6
f 15374/1/6 15242/1/6 15375/1/6
f 15375/1/6 15242/1/6 15376/1/6
f 15376/1/6 15242/1/6 15377/1/6
f 15377/1/6 15242/1/6 15378/1/6
f 15378/1/6 15242/1/6 15379/1/6
f 15379/1/6 15242/1/6 15380/1/6
f 15380/1/6 15242/1/6 15381/1/6
f 15381/1/6 15242/1/6 15382/1/6
f 15382/1/6 15242/1/6 15383/1/6
f 15383/1/6 15242/1/6 15384/1/6
f 15384/1/6 15242/1/6 15385/1/6
f 15385/1/6 15242/1/6 15386/1/6
f 15386/1/6 15242/1/6 15387/1/6
f 15387/1/6 15242/1/6 15388/1/6
f 15388/1/6 15242/1/6 15389/1/6
f 15389/1/6 15242/1/6 15390/1/6
f 15390/1/6 15242/1/6 15391/1/6
f 15391/1/6 15242/1/6 15392/1/6
f 15392/1/6 15242/1/6 15393/1/6
f 15393/1/6 15242/1/6 15394/1/6
f 15394/1/6 15242/1/6 15395/1/6
f 15395/1/6 15242/1/6 15396/1/6
f 15396/1/6 15242/1/6 15397/1/6
f 15397/1/6 15242/1/6 15398/1/6
f 15398/1/6 15242/1/6 15399/1/6
f 15399/1/6 15242/1/6 15400/1/6
f 15400/1/6 15242/1/6 15401/1/6
f 15401/1/6 15242/1/6 15402/1/6
f 15402/1/6 15242/1/6 15403/1/6
f 15403/1/6 15242/1/6 15404/1/6
f 15404/1/6 15242/1/6 15405/1/6
f 15405/1/6 15242/1/6 15406/1/6
f 15406/1/6 15242/1/6 15407/1/6
f 15407/1/6 15242/1/6 15408/1/6
f 15408/1/6 15242/1/6 15409/1/6
f 15409/1/6 15242/1/6 15410/1/6
f 15410/1/6 15242/1/6 15411/1/6
f 15411/1/6 15242/1/6 15412/1/6
f 15412/1/6 15242/1/6 15413/1/6
f 15413/1/6 15242/1/6 15414/1/6
