# MagicaVoxel @ Ephtracy

# group
o 

# material
mtllib Barrel.mtl
usemtl palette

# normals
vn -1 0 0
vn 1 0 0
vn 0 0 1
vn 0 0 -1
vn 0 -1 0
vn 0 1 0

# texcoords
vt 0.720703 0.5
vt 0.728516 0.5
vt 0.732422 0.5

# verts
v -0.5 0.6 6.1
v -0.5 0.6 5.3
v -0.5 0.9 6.1
v -0.5 0.9 5.3
v -0.5 1.1 5.9
v -0.5 1.1 5.8
v -0.5 1.1 5.6
v -0.5 1.1 5.5
v -0.5 1.8 5.9
v -0.5 1.8 5.8
v -0.5 1.8 5.6
v -0.5 1.8 5.5
v -0.5 2 6.1
v -0.5 2 5.3
v -0.5 2.3 6.1
v -0.5 2.3 5.3
v -0.4 0.5 5.8
v -0.4 0.5 5.6
v -0.4 0.6 6.3
v -0.4 0.6 6.1
v -0.4 0.6 5.8
v -0.4 0.6 5.6
v -0.4 0.6 5.3
v -0.4 0.6 5.1
v -0.4 0.9 6.3
v -0.4 0.9 6.2
v -0.4 0.9 6.1
v -0.4 0.9 5.8
v -0.4 0.9 5.6
v -0.4 0.9 5.3
v -0.4 0.9 5.2
v -0.4 0.9 5.1
v -0.4 1.1 5.9
v -0.4 1.1 5.8
v -0.4 1.1 5.6
v -0.4 1.1 5.5
v -0.4 1.3 6.3
v -0.4 1.3 6.2
v -0.4 1.3 5.2
v -0.4 1.3 5.1
v -0.4 1.6 6.3
v -0.4 1.6 6.2
v -0.4 1.6 5.2
v -0.4 1.6 5.1
v -0.4 1.8 5.9
v -0.4 1.8 5.8
v -0.4 1.8 5.6
v -0.4 1.8 5.5
v -0.4 2 6.3
v -0.4 2 6.2
v -0.4 2 6.1
v -0.4 2 5.8
v -0.4 2 5.6
v -0.4 2 5.3
v -0.4 2 5.2
v -0.4 2 5.1
v -0.4 2.3 6.3
v -0.4 2.3 6.1
v -0.4 2.3 5.8
v -0.4 2.3 5.6
v -0.4 2.3 5.3
v -0.4 2.3 5.1
v -0.4 2.4 5.8
v -0.4 2.4 5.6
v -0.3 0.2 5.8
v -0.3 0.2 5.6
v -0.3 0.3 6
v -0.3 0.3 5.8
v -0.3 0.3 5.6
v -0.3 0.3 5.4
v -0.3 0.4 6.1
v -0.3 0.4 6
v -0.3 0.4 5.4
v -0.3 0.4 5.3
v -0.3 0.5 6.2
v -0.3 0.5 6.1
v -0.3 0.5 5.8
v -0.3 0.5 5.6
v -0.3 0.5 5.3
v -0.3 0.5 5.2
v -0.3 0.6 6.5
v -0.3 0.6 6.3
v -0.3 0.6 6.2
v -0.3 0.6 5.8
v -0.3 0.6 5.6
v -0.3 0.6 5.2
v -0.3 0.6 5.1
v -0.3 0.6 4.9
v -0.3 0.9 6.5
v -0.3 0.9 6.4
v -0.3 0.9 6.3
v -0.3 0.9 6.2
v -0.3 0.9 5.2
v -0.3 0.9 5.1
v -0.3 0.9 5
v -0.3 0.9 4.9
v -0.3 1.3 6.5
v -0.3 1.3 6.4
v -0.3 1.3 6.3
v -0.3 1.3 6.2
v -0.3 1.3 5.2
v -0.3 1.3 5.1
v -0.3 1.3 5
v -0.3 1.3 4.9
v -0.3 1.6 6.5
v -0.3 1.6 6.4
v -0.3 1.6 6.3
v -0.3 1.6 6.2
v -0.3 1.6 5.2
v -0.3 1.6 5.1
v -0.3 1.6 5
v -0.3 1.6 4.9
v -0.3 2 6.5
v -0.3 2 6.4
v -0.3 2 6.3
v -0.3 2 6.2
v -0.3 2 5.2
v -0.3 2 5.1
v -0.3 2 5
v -0.3 2 4.9
v -0.3 2.3 6.5
v -0.3 2.3 6.3
v -0.3 2.3 6.2
v -0.3 2.3 5.8
v -0.3 2.3 5.6
v -0.3 2.3 5.2
v -0.3 2.3 5.1
v -0.3 2.3 4.9
v -0.3 2.4 6.2
v -0.3 2.4 6.1
v -0.3 2.4 5.8
v -0.3 2.4 5.6
v -0.3 2.4 5.3
v -0.3 2.4 5.2
v -0.3 2.5 6.1
v -0.3 2.5 6
v -0.3 2.5 5.4
v -0.3 2.5 5.3
v -0.3 2.6 6
v -0.3 2.6 5.8
v -0.3 2.6 5.6
v -0.3 2.6 5.4
v -0.3 2.7 5.8
v -0.3 2.7 5.6
v -0.2 0.2 6.1
v -0.2 0.2 5.8
v -0.2 0.2 5.6
v -0.2 0.2 5.3
v -0.2 0.3 6.2
v -0.2 0.3 6.1
v -0.2 0.3 6
v -0.2 0.3 5.8
v -0.2 0.3 5.6
v -0.2 0.3 5.4
v -0.2 0.3 5.3
v -0.2 0.3 5.2
v -0.2 0.4 6.1
v -0.2 0.4 6
v -0.2 0.4 5.4
v -0.2 0.4 5.3
v -0.2 0.5 6.3
v -0.2 0.5 6.2
v -0.2 0.5 6.1
v -0.2 0.5 5.3
v -0.2 0.5 5.2
v -0.2 0.5 5.1
v -0.2 0.6 6.6
v -0.2 0.6 6.5
v -0.2 0.6 6.3
v -0.2 0.6 6.2
v -0.2 0.6 5.2
v -0.2 0.6 5.1
v -0.2 0.6 4.9
v -0.2 0.6 4.8
v -0.2 0.9 6.6
v -0.2 0.9 6.5
v -0.2 0.9 6.4
v -0.2 0.9 5
v -0.2 0.9 4.9
v -0.2 0.9 4.8
v -0.2 1.2 6.5
v -0.2 1.2 6.4
v -0.2 1.3 6.5
v -0.2 1.3 6.4
v -0.2 1.3 5
v -0.2 1.3 4.9
v -0.2 1.6 6.5
v -0.2 1.6 6.4
v -0.2 1.6 5
v -0.2 1.6 4.9
v -0.2 2 6.6
v -0.2 2 6.5
v -0.2 2 6.4
v -0.2 2 5
v -0.2 2 4.9
v -0.2 2 4.8
v -0.2 2.3 6.6
v -0.2 2.3 6.5
v -0.2 2.3 6.3
v -0.2 2.3 6.2
v -0.2 2.3 5.2
v -0.2 2.3 5.1
v -0.2 2.3 4.9
v -0.2 2.3 4.8
v -0.2 2.4 6.3
v -0.2 2.4 6.2
v -0.2 2.4 6.1
v -0.2 2.4 5.3
v -0.2 2.4 5.2
v -0.2 2.4 5.1
v -0.2 2.5 6.1
v -0.2 2.5 6
v -0.2 2.5 5.4
v -0.2 2.5 5.3
v -0.2 2.6 6.2
v -0.2 2.6 6.1
v -0.2 2.6 6
v -0.2 2.6 5.8
v -0.2 2.6 5.6
v -0.2 2.6 5.4
v -0.2 2.6 5.3
v -0.2 2.6 5.2
v -0.2 2.7 6.1
v -0.2 2.7 5.8
v -0.2 2.7 5.6
v -0.2 2.7 5.3
v -0.1 0.2 6.2
v -0.1 0.2 6.1
v -0.1 0.2 5.3
v -0.1 0.2 5.2
v -0.1 0.3 6.4
v -0.1 0.3 6.2
v -0.1 0.3 6.1
v -0.1 0.3 5.3
v -0.1 0.3 5.2
v -0.1 0.3 5
v -0.1 0.4 5.1
v -0.1 0.4 5
v -0.1 0.5 6.3
v -0.1 0.5 6.2
v -0.1 0.5 5.2
v -0.1 0.5 5.1
v -0.1 0.6 6.7
v -0.1 0.6 6.6
v -0.1 0.6 6.4
v -0.1 0.6 6.3
v -0.1 0.6 5.1
v -0.1 0.6 5
v -0.1 0.6 4.8
v -0.1 0.6 4.7
v -0.1 0.9 6.7
v -0.1 0.9 6.6
v -0.1 0.9 6.5
v -0.1 0.9 4.9
v -0.1 0.9 4.8
v -0.1 0.9 4.7
v -0.1 1.1 6.6
v -0.1 1.1 6.5
v -0.1 1.1 4.9
v -0.1 1.1 4.8
v -0.1 1.2 6.5
v -0.1 1.3 6.7
v -0.1 1.3 6.6
v -0.1 1.3 6.5
v -0.1 1.3 4.8
v -0.1 1.3 4.7
v -0.1 1.6 6.7
v -0.1 1.6 6.6
v -0.1 1.6 4.8
v -0.1 1.6 4.7
v -0.1 2 6.7
v -0.1 2 6.6
v -0.1 2 6.5
v -0.1 2 4.9
v -0.1 2 4.8
v -0.1 2 4.7
v -0.1 2.3 6.7
v -0.1 2.3 6.6
v -0.1 2.3 6.4
v -0.1 2.3 6.3
v -0.1 2.3 5.1
v -0.1 2.3 5
v -0.1 2.3 4.8
v -0.1 2.3 4.7
v -0.1 2.4 6.3
v -0.1 2.4 6.2
v -0.1 2.4 5.2
v -0.1 2.4 5.1
v -0.1 2.6 6.4
v -0.1 2.6 6.3
v -0.1 2.6 6.2
v -0.1 2.6 6.1
v -0.1 2.6 5.3
v -0.1 2.6 5.2
v -0.1 2.6 5
v -0.1 2.7 6.2
v -0.1 2.7 6.1
v -0.1 2.7 5.3
v -0.1 2.7 5.2
v 0 0.2 6.4
v 0 0.2 6.2
v 0 0.2 5.2
v 0 0.2 5
v 0 0.3 6.4
v 0 0.3 6.2
v 0 0.3 5.2
v 0 0.3 5
v 0 0.4 6.5
v 0 0.4 6.4
v 0 0.4 5
v 0 0.4 4.9
v 0 0.5 6.5
v 0 0.5 6.4
v 0 0.6 6.5
v 0 0.6 6.4
v 0 0.6 5
v 0 0.6 4.9
v 0 1 6.7
v 0 1 6.6
v 0 1 4.8
v 0 1 4.7
v 0 1.1 6.6
v 0 1.1 4.8
v 0 1.3 6.7
v 0 1.3 6.6
v 0 1.3 4.8
v 0 1.3 4.7
v 0 1.6 6.7
v 0 1.6 6.6
v 0 1.6 4.8
v 0 1.6 4.7
v 0 1.9 6.7
v 0 1.9 6.6
v 0 1.9 4.8
v 0 1.9 4.7
v 0 2.3 6.5
v 0 2.3 6.4
v 0 2.3 5
v 0 2.3 4.9
v 0 2.5 6.5
v 0 2.5 6.4
v 0 2.5 5
v 0 2.5 4.9
v 0 2.6 6.4
v 0 2.6 6.3
v 0 2.6 6.2
v 0 2.6 5.2
v 0 2.6 5
v 0 2.7 6.4
v 0 2.7 6.2
v 0 2.7 5.2
v 0 2.7 5
v 0.1 0.3 6.5
v 0.1 0.3 6.4
v 0.1 0.3 5
v 0.1 0.3 4.9
v 0.1 0.4 6.5
v 0.1 0.4 6.4
v 0.1 0.4 5
v 0.1 0.4 4.9
v 0.1 0.5 6.6
v 0.1 0.5 6.5
v 0.1 0.5 4.9
v 0.1 0.5 4.8
v 0.1 0.6 6.8
v 0.1 0.6 6.7
v 0.1 0.6 6.6
v 0.1 0.6 6.5
v 0.1 0.6 4.9
v 0.1 0.6 4.8
v 0.1 0.6 4.7
v 0.1 0.6 4.6
v 0.1 0.9 6.8
v 0.1 0.9 6.7
v 0.1 0.9 6.6
v 0.1 0.9 4.8
v 0.1 0.9 4.7
v 0.1 0.9 4.6
v 0.1 1 6.7
v 0.1 1 6.6
v 0.1 1 4.8
v 0.1 1 4.7
v 0.1 1.3 6.8
v 0.1 1.3 6.7
v 0.1 1.3 4.7
v 0.1 1.3 4.6
v 0.1 1.6 6.8
v 0.1 1.6 6.7
v 0.1 1.6 4.7
v 0.1 1.6 4.6
v 0.1 1.9 6.7
v 0.1 1.9 6.6
v 0.1 1.9 4.8
v 0.1 1.9 4.7
v 0.1 2 6.8
v 0.1 2 6.7
v 0.1 2 6.6
v 0.1 2 4.8
v 0.1 2 4.7
v 0.1 2 4.6
v 0.1 2.3 6.8
v 0.1 2.3 6.7
v 0.1 2.3 6.6
v 0.1 2.3 6.5
v 0.1 2.3 4.9
v 0.1 2.3 4.8
v 0.1 2.3 4.7
v 0.1 2.3 4.6
v 0.1 2.4 6.6
v 0.1 2.4 6.5
v 0.1 2.4 4.9
v 0.1 2.4 4.8
v 0.1 2.5 6.5
v 0.1 2.5 6.4
v 0.1 2.5 5
v 0.1 2.5 4.9
v 0.1 2.6 6.5
v 0.1 2.6 6.4
v 0.1 2.6 5
v 0.1 2.6 4.9
v 0.2 0.2 6.5
v 0.2 0.2 6.4
v 0.2 0.2 5
v 0.2 0.2 4.9
v 0.2 0.3 6.6
v 0.2 0.3 6.5
v 0.2 0.3 6.4
v 0.2 0.3 5
v 0.2 0.3 4.9
v 0.2 0.3 4.8
v 0.2 0.5 6.7
v 0.2 0.5 6.6
v 0.2 0.5 6.5
v 0.2 0.5 4.9
v 0.2 0.5 4.8
v 0.2 0.5 4.7
v 0.2 0.6 6.7
v 0.2 0.6 6.6
v 0.2 0.6 4.8
v 0.2 0.6 4.7
v 0.2 0.9 6.8
v 0.2 0.9 6.7
v 0.2 0.9 4.7
v 0.2 0.9 4.6
v 0.2 1.3 6.8
v 0.2 1.3 6.7
v 0.2 1.3 4.7
v 0.2 1.3 4.6
v 0.2 1.6 6.8
v 0.2 1.6 6.7
v 0.2 1.6 4.7
v 0.2 1.6 4.6
v 0.2 2 6.8
v 0.2 2 6.7
v 0.2 2 4.7
v 0.2 2 4.6
v 0.2 2.3 6.7
v 0.2 2.3 6.6
v 0.2 2.3 4.8
v 0.2 2.3 4.7
v 0.2 2.4 6.7
v 0.2 2.4 6.6
v 0.2 2.4 6.5
v 0.2 2.4 4.9
v 0.2 2.4 4.8
v 0.2 2.4 4.7
v 0.2 2.5 4.9
v 0.2 2.6 6.6
v 0.2 2.6 6.5
v 0.2 2.6 6.4
v 0.2 2.6 5
v 0.2 2.6 4.9
v 0.2 2.6 4.8
v 0.2 2.7 6.5
v 0.2 2.7 6.4
v 0.2 2.7 5
v 0.2 2.7 4.9
v 0.3 0.4 6.7
v 0.3 0.4 6.6
v 0.3 0.4 4.8
v 0.3 0.4 4.7
v 0.3 0.5 6.7
v 0.3 0.5 6.6
v 0.3 0.5 4.8
v 0.3 0.5 4.7
v 0.3 0.6 6.9
v 0.3 0.6 6.8
v 0.3 0.6 4.6
v 0.3 0.6 4.5
v 0.3 0.9 6.9
v 0.3 0.9 6.8
v 0.3 0.9 4.6
v 0.3 0.9 4.5
v 0.3 2 6.9
v 0.3 2 6.8
v 0.3 2 4.6
v 0.3 2 4.5
v 0.3 2.3 6.9
v 0.3 2.3 6.8
v 0.3 2.3 4.6
v 0.3 2.3 4.5
v 0.3 2.4 6.7
v 0.3 2.4 6.6
v 0.3 2.4 4.8
v 0.3 2.4 4.7
v 0.3 2.5 6.7
v 0.3 2.5 6.6
v 0.3 2.5 4.8
v 0.3 2.5 4.7
v 0.4 0.2 6.6
v 0.4 0.2 6.5
v 0.4 0.2 4.9
v 0.4 0.2 4.8
v 0.4 0.3 6.7
v 0.4 0.3 6.6
v 0.4 0.3 6.5
v 0.4 0.3 4.9
v 0.4 0.3 4.8
v 0.4 0.3 4.7
v 0.4 0.4 6.7
v 0.4 0.4 6.6
v 0.4 0.4 4.8
v 0.4 0.4 4.7
v 0.4 2.5 6.7
v 0.4 2.5 6.6
v 0.4 2.5 4.8
v 0.4 2.5 4.7
v 0.4 2.6 6.7
v 0.4 2.6 6.6
v 0.4 2.6 6.5
v 0.4 2.6 4.9
v 0.4 2.6 4.8
v 0.4 2.6 4.7
v 0.4 2.7 6.6
v 0.4 2.7 6.5
v 0.4 2.7 4.9
v 0.4 2.7 4.8
v 0.5 1.2 6.9
v 0.5 1.2 6.8
v 0.5 1.2 4.6
v 0.5 1.2 4.5
v 0.5 1.7 6.9
v 0.5 1.7 6.8
v 0.5 1.7 4.6
v 0.5 1.7 4.5
v 0.6 0.2 6.7
v 0.6 0.2 6.6
v 0.6 0.2 4.8
v 0.6 0.2 4.7
v 0.6 0.3 6.7
v 0.6 0.3 6.6
v 0.6 0.3 4.8
v 0.6 0.3 4.7
v 0.6 0.5 6.8
v 0.6 0.5 6.7
v 0.6 0.5 4.7
v 0.6 0.5 4.6
v 0.6 0.6 6.8
v 0.6 0.6 6.7
v 0.6 0.6 4.7
v 0.6 0.6 4.6
v 0.6 1.1 6.9
v 0.6 1.1 6.8
v 0.6 1.1 4.6
v 0.6 1.1 4.5
v 0.6 1.2 6.9
v 0.6 1.2 6.8
v 0.6 1.2 4.6
v 0.6 1.2 4.5
v 0.6 1.7 6.9
v 0.6 1.7 6.8
v 0.6 1.7 4.6
v 0.6 1.7 4.5
v 0.6 1.8 6.9
v 0.6 1.8 6.8
v 0.6 1.8 4.6
v 0.6 1.8 4.5
v 0.6 2.3 6.8
v 0.6 2.3 6.7
v 0.6 2.3 4.7
v 0.6 2.3 4.6
v 0.6 2.4 6.8
v 0.6 2.4 6.7
v 0.6 2.4 4.7
v 0.6 2.4 4.6
v 0.6 2.6 6.7
v 0.6 2.6 6.6
v 0.6 2.6 4.8
v 0.6 2.6 4.7
v 0.6 2.7 6.7
v 0.6 2.7 6.6
v 0.6 2.7 4.8
v 0.6 2.7 4.7
v 0.9 0.2 6.7
v 0.9 0.2 6.6
v 0.9 0.2 4.8
v 0.9 0.2 4.7
v 0.9 0.3 6.7
v 0.9 0.3 6.6
v 0.9 0.3 4.8
v 0.9 0.3 4.7
v 0.9 0.5 6.8
v 0.9 0.5 6.7
v 0.9 0.5 4.7
v 0.9 0.5 4.6
v 0.9 0.6 6.8
v 0.9 0.6 6.7
v 0.9 0.6 4.7
v 0.9 0.6 4.6
v 0.9 1.1 6.9
v 0.9 1.1 6.8
v 0.9 1.1 4.6
v 0.9 1.1 4.5
v 0.9 1.2 6.9
v 0.9 1.2 6.8
v 0.9 1.2 4.6
v 0.9 1.2 4.5
v 0.9 1.7 6.9
v 0.9 1.7 6.8
v 0.9 1.7 4.6
v 0.9 1.7 4.5
v 0.9 1.8 6.9
v 0.9 1.8 6.8
v 0.9 1.8 4.6
v 0.9 1.8 4.5
v 0.9 2.3 6.8
v 0.9 2.3 6.7
v 0.9 2.3 4.7
v 0.9 2.3 4.6
v 0.9 2.4 6.8
v 0.9 2.4 6.7
v 0.9 2.4 4.7
v 0.9 2.4 4.6
v 0.9 2.6 6.7
v 0.9 2.6 6.6
v 0.9 2.6 4.8
v 0.9 2.6 4.7
v 0.9 2.7 6.7
v 0.9 2.7 6.6
v 0.9 2.7 4.8
v 0.9 2.7 4.7
v 1 1.2 6.9
v 1 1.2 6.8
v 1 1.2 4.6
v 1 1.2 4.5
v 1 1.7 6.9
v 1 1.7 6.8
v 1 1.7 4.6
v 1 1.7 4.5
v 1.1 0.2 6.6
v 1.1 0.2 6.5
v 1.1 0.2 4.9
v 1.1 0.2 4.8
v 1.1 0.3 6.7
v 1.1 0.3 6.6
v 1.1 0.3 6.5
v 1.1 0.3 4.9
v 1.1 0.3 4.8
v 1.1 0.3 4.7
v 1.1 0.4 6.7
v 1.1 0.4 6.6
v 1.1 0.4 4.8
v 1.1 0.4 4.7
v 1.1 2.5 6.7
v 1.1 2.5 6.6
v 1.1 2.5 4.8
v 1.1 2.5 4.7
v 1.1 2.6 6.7
v 1.1 2.6 6.6
v 1.1 2.6 6.5
v 1.1 2.6 4.9
v 1.1 2.6 4.8
v 1.1 2.6 4.7
v 1.1 2.7 6.6
v 1.1 2.7 6.5
v 1.1 2.7 4.9
v 1.1 2.7 4.8
v 1.2 0.3 6.6
v 1.2 0.3 6.5
v 1.2 0.3 4.9
v 1.2 0.3 4.8
v 1.2 0.4 6.7
v 1.2 0.4 6.6
v 1.2 0.4 6.5
v 1.2 0.4 4.9
v 1.2 0.4 4.8
v 1.2 0.4 4.7
v 1.2 0.6 6.9
v 1.2 0.6 6.8
v 1.2 0.6 6.7
v 1.2 0.6 6.6
v 1.2 0.6 4.8
v 1.2 0.6 4.7
v 1.2 0.6 4.6
v 1.2 0.6 4.5
v 1.2 0.9 6.9
v 1.2 0.9 6.8
v 1.2 0.9 6.7
v 1.2 0.9 4.7
v 1.2 0.9 4.6
v 1.2 0.9 4.5
v 1.2 1 6.8
v 1.2 1 6.7
v 1.2 1 4.7
v 1.2 1 4.6
v 1.2 1.9 6.8
v 1.2 1.9 6.7
v 1.2 1.9 4.7
v 1.2 1.9 4.6
v 1.2 2 6.9
v 1.2 2 6.8
v 1.2 2 6.7
v 1.2 2 4.7
v 1.2 2 4.6
v 1.2 2 4.5
v 1.2 2.3 6.9
v 1.2 2.3 6.8
v 1.2 2.3 6.7
v 1.2 2.3 6.6
v 1.2 2.3 4.8
v 1.2 2.3 4.7
v 1.2 2.3 4.6
v 1.2 2.3 4.5
v 1.2 2.5 6.7
v 1.2 2.5 6.6
v 1.2 2.5 6.5
v 1.2 2.5 4.9
v 1.2 2.5 4.8
v 1.2 2.5 4.7
v 1.2 2.6 6.6
v 1.2 2.6 6.5
v 1.2 2.6 4.9
v 1.2 2.6 4.8
v 1.3 0.2 6.5
v 1.3 0.2 6.4
v 1.3 0.2 5
v 1.3 0.2 4.9
v 1.3 0.3 6.5
v 1.3 0.3 6.4
v 1.3 0.3 5
v 1.3 0.3 4.9
v 1.3 0.4 6.6
v 1.3 0.4 6.5
v 1.3 0.4 4.9
v 1.3 0.4 4.8
v 1.3 0.5 6.6
v 1.3 0.5 6.5
v 1.3 0.5 4.9
v 1.3 0.5 4.8
v 1.3 1 6.8
v 1.3 1 6.7
v 1.3 1 4.7
v 1.3 1 4.6
v 1.3 1.3 6.8
v 1.3 1.3 6.7
v 1.3 1.3 4.7
v 1.3 1.3 4.6
v 1.3 1.6 6.8
v 1.3 1.6 6.7
v 1.3 1.6 4.7
v 1.3 1.6 4.6
v 1.3 1.9 6.8
v 1.3 1.9 6.7
v 1.3 1.9 4.7
v 1.3 1.9 4.6
v 1.3 2.4 6.6
v 1.3 2.4 6.5
v 1.3 2.4 4.9
v 1.3 2.4 4.8
v 1.3 2.5 6.6
v 1.3 2.5 6.5
v 1.3 2.5 4.9
v 1.3 2.5 4.8
v 1.3 2.6 6.5
v 1.3 2.6 6.4
v 1.3 2.6 5
v 1.3 2.6 4.9
v 1.3 2.7 6.5
v 1.3 2.7 6.4
v 1.3 2.7 5
v 1.3 2.7 4.9
v 1.4 0.3 6.5
v 1.4 0.3 6.4
v 1.4 0.3 5
v 1.4 0.3 4.9
v 1.4 0.4 6.5
v 1.4 0.4 6.4
v 1.4 0.4 5
v 1.4 0.4 4.9
v 1.4 0.5 6.6
v 1.4 0.5 6.5
v 1.4 0.5 4.9
v 1.4 0.5 4.8
v 1.4 0.6 6.8
v 1.4 0.6 6.7
v 1.4 0.6 6.6
v 1.4 0.6 6.5
v 1.4 0.6 4.9
v 1.4 0.6 4.8
v 1.4 0.6 4.7
v 1.4 0.6 4.6
v 1.4 0.9 6.8
v 1.4 0.9 6.7
v 1.4 0.9 6.6
v 1.4 0.9 4.8
v 1.4 0.9 4.7
v 1.4 0.9 4.6
v 1.4 1 6.7
v 1.4 1 6.6
v 1.4 1 4.8
v 1.4 1 4.7
v 1.4 1.3 6.8
v 1.4 1.3 6.7
v 1.4 1.3 4.7
v 1.4 1.3 4.6
v 1.4 1.6 6.8
v 1.4 1.6 6.7
v 1.4 1.6 4.7
v 1.4 1.6 4.6
v 1.4 1.9 6.7
v 1.4 1.9 6.6
v 1.4 1.9 4.8
v 1.4 1.9 4.7
v 1.4 2 6.8
v 1.4 2 6.7
v 1.4 2 6.6
v 1.4 2 4.8
v 1.4 2 4.7
v 1.4 2 4.6
v 1.4 2.3 6.8
v 1.4 2.3 6.7
v 1.4 2.3 6.6
v 1.4 2.3 6.5
v 1.4 2.3 4.9
v 1.4 2.3 4.8
v 1.4 2.3 4.7
v 1.4 2.3 4.6
v 1.4 2.4 6.6
v 1.4 2.4 6.5
v 1.4 2.4 4.9
v 1.4 2.4 4.8
v 1.4 2.5 6.5
v 1.4 2.5 6.4
v 1.4 2.5 5
v 1.4 2.5 4.9
v 1.4 2.6 6.5
v 1.4 2.6 6.4
v 1.4 2.6 5
v 1.4 2.6 4.9
v 1.5 0.2 6.4
v 1.5 0.2 6.2
v 1.5 0.2 5.2
v 1.5 0.2 5
v 1.5 0.3 6.4
v 1.5 0.3 6.3
v 1.5 0.3 6.2
v 1.5 0.3 5.2
v 1.5 0.3 5
v 1.5 0.4 6.5
v 1.5 0.4 6.4
v 1.5 0.4 5
v 1.5 0.4 4.9
v 1.5 0.6 6.5
v 1.5 0.6 6.4
v 1.5 0.6 5
v 1.5 0.6 4.9
v 1.5 1 6.7
v 1.5 1 6.6
v 1.5 1 4.8
v 1.5 1 4.7
v 1.5 1.3 6.7
v 1.5 1.3 6.6
v 1.5 1.3 4.8
v 1.5 1.3 4.7
v 1.5 1.6 6.7
v 1.5 1.6 6.6
v 1.5 1.6 4.8
v 1.5 1.6 4.7
v 1.5 1.7 6.6
v 1.5 1.9 6.7
v 1.5 1.9 6.6
v 1.5 1.9 4.8
v 1.5 1.9 4.7
v 1.5 2.3 6.5
v 1.5 2.3 6.4
v 1.5 2.3 5
v 1.5 2.3 4.9
v 1.5 2.4 6.5
v 1.5 2.4 6.4
v 1.5 2.5 6.5
v 1.5 2.5 6.4
v 1.5 2.5 5
v 1.5 2.5 4.9
v 1.5 2.6 6.4
v 1.5 2.6 6.2
v 1.5 2.6 5.2
v 1.5 2.6 5.1
v 1.5 2.6 5
v 1.5 2.7 6.4
v 1.5 2.7 6.2
v 1.5 2.7 5.2
v 1.5 2.7 5
v 1.6 0.2 6.2
v 1.6 0.2 6.1
v 1.6 0.2 5.3
v 1.6 0.2 5.2
v 1.6 0.3 6.4
v 1.6 0.3 6.3
v 1.6 0.3 6.2
v 1.6 0.3 6.1
v 1.6 0.3 5.3
v 1.6 0.3 5.2
v 1.6 0.3 5
v 1.6 0.5 6.3
v 1.6 0.5 6.2
v 1.6 0.5 5.2
v 1.6 0.5 5.1
v 1.6 0.6 6.7
v 1.6 0.6 6.6
v 1.6 0.6 6.4
v 1.6 0.6 6.3
v 1.6 0.6 5.1
v 1.6 0.6 5
v 1.6 0.6 4.8
v 1.6 0.6 4.7
v 1.6 0.9 6.7
v 1.6 0.9 6.6
v 1.6 0.9 6.5
v 1.6 0.9 4.9
v 1.6 0.9 4.8
v 1.6 0.9 4.7
v 1.6 1.3 6.7
v 1.6 1.3 6.6
v 1.6 1.3 6.5
v 1.6 1.3 4.8
v 1.6 1.3 4.7
v 1.6 1.6 6.7
v 1.6 1.6 6.6
v 1.6 1.6 6.5
v 1.6 1.6 4.8
v 1.6 1.6 4.7
v 1.6 1.7 6.6
v 1.6 1.7 6.5
v 1.6 2 6.7
v 1.6 2 6.6
v 1.6 2 6.5
v 1.6 2 4.9
v 1.6 2 4.8
v 1.6 2 4.7
v 1.6 2.3 6.7
v 1.6 2.3 6.6
v 1.6 2.3 6.4
v 1.6 2.3 6.3
v 1.6 2.3 5.1
v 1.6 2.3 5
v 1.6 2.3 4.8
v 1.6 2.3 4.7
v 1.6 2.4 6.3
v 1.6 2.4 6.2
v 1.6 2.4 5.2
v 1.6 2.4 5.1
v 1.6 2.6 6.4
v 1.6 2.6 6.2
v 1.6 2.6 6.1
v 1.6 2.6 5.3
v 1.6 2.6 5.2
v 1.6 2.6 5.1
v 1.6 2.6 5
v 1.6 2.7 6.2
v 1.6 2.7 6.1
v 1.6 2.7 5.3
v 1.6 2.7 5.2
v 1.7 0.2 6.1
v 1.7 0.2 5.3
v 1.7 0.3 6.2
v 1.7 0.3 6.1
v 1.7 0.3 5.8
v 1.7 0.3 5.6
v 1.7 0.3 5.3
v 1.7 0.3 5.2
v 1.7 0.4 5.9
v 1.7 0.4 5.8
v 1.7 0.4 5.6
v 1.7 0.4 5.5
v 1.7 0.5 6.3
v 1.7 0.5 6.2
v 1.7 0.5 6.1
v 1.7 0.5 5.9
v 1.7 0.5 5.5
v 1.7 0.5 5.3
v 1.7 0.5 5.2
v 1.7 0.5 5.1
v 1.7 0.6 6.6
v 1.7 0.6 6.5
v 1.7 0.6 6.3
v 1.7 0.6 6.1
v 1.7 0.6 5.3
v 1.7 0.6 5.1
v 1.7 0.6 4.9
v 1.7 0.6 4.8
v 1.7 0.9 6.6
v 1.7 0.9 6.5
v 1.7 0.9 6.3
v 1.7 0.9 5.1
v 1.7 0.9 5
v 1.7 0.9 4.9
v 1.7 0.9 4.8
v 1.7 1.1 6.4
v 1.7 1.1 6.3
v 1.7 1.1 5.1
v 1.7 1.1 5
v 1.7 1.8 6.4
v 1.7 1.8 6.3
v 1.7 1.8 5.1
v 1.7 1.8 5
v 1.7 2 6.6
v 1.7 2 6.5
v 1.7 2 6.3
v 1.7 2 5.1
v 1.7 2 5
v 1.7 2 4.9
v 1.7 2 4.8
v 1.7 2.3 6.6
v 1.7 2.3 6.5
v 1.7 2.3 6.3
v 1.7 2.3 6.1
v 1.7 2.3 5.3
v 1.7 2.3 5.1
v 1.7 2.3 4.9
v 1.7 2.3 4.8
v 1.7 2.4 6.3
v 1.7 2.4 6.2
v 1.7 2.4 6.1
v 1.7 2.4 5.9
v 1.7 2.4 5.5
v 1.7 2.4 5.3
v 1.7 2.4 5.2
v 1.7 2.4 5.1
v 1.7 2.5 5.9
v 1.7 2.5 5.8
v 1.7 2.5 5.6
v 1.7 2.5 5.5
v 1.7 2.6 6.2
v 1.7 2.6 6.1
v 1.7 2.6 5.8
v 1.7 2.6 5.6
v 1.7 2.6 5.3
v 1.7 2.6 5.2
v 1.7 2.7 6.1
v 1.7 2.7 5.3
v 1.8 0.4 5.9
v 1.8 0.4 5.8
v 1.8 0.4 5.6
v 1.8 0.4 5.5
v 1.8 0.5 6.1
v 1.8 0.5 5.9
v 1.8 0.5 5.8
v 1.8 0.5 5.6
v 1.8 0.5 5.5
v 1.8 0.5 5.3
v 1.8 0.6 6.5
v 1.8 0.6 6.3
v 1.8 0.6 6.1
v 1.8 0.6 5.8
v 1.8 0.6 5.6
v 1.8 0.6 5.3
v 1.8 0.6 5.1
v 1.8 0.6 4.9
v 1.8 0.9 6.5
v 1.8 0.9 6.3
v 1.8 0.9 6.2
v 1.8 0.9 5.2
v 1.8 0.9 5.1
v 1.8 0.9 4.9
v 1.8 1.1 6.4
v 1.8 1.1 6.3
v 1.8 1.1 5.1
v 1.8 1.1 5
v 1.8 1.3 6.3
v 1.8 1.3 6.2
v 1.8 1.3 5.2
v 1.8 1.3 5.1
v 1.8 1.6 6.3
v 1.8 1.6 6.2
v 1.8 1.6 5.2
v 1.8 1.6 5.1
v 1.8 1.8 6.4
v 1.8 1.8 6.3
v 1.8 1.8 5.1
v 1.8 1.8 5
v 1.8 2 6.5
v 1.8 2 6.3
v 1.8 2 6.2
v 1.8 2 5.2
v 1.8 2 5.1
v 1.8 2 4.9
v 1.8 2.3 6.5
v 1.8 2.3 6.3
v 1.8 2.3 6.1
v 1.8 2.3 5.8
v 1.8 2.3 5.6
v 1.8 2.3 5.3
v 1.8 2.3 5.1
v 1.8 2.3 4.9
v 1.8 2.4 6.1
v 1.8 2.4 5.9
v 1.8 2.4 5.8
v 1.8 2.4 5.6
v 1.8 2.4 5.5
v 1.8 2.4 5.3
v 1.8 2.5 5.9
v 1.8 2.5 5.8
v 1.8 2.5 5.6
v 1.8 2.5 5.5
v 1.9 0.5 5.8
v 1.9 0.5 5.6
v 1.9 0.6 6.3
v 1.9 0.6 6.1
v 1.9 0.6 5.8
v 1.9 0.6 5.6
v 1.9 0.6 5.3
v 1.9 0.6 5.1
v 1.9 0.9 6.3
v 1.9 0.9 6.2
v 1.9 0.9 6.1
v 1.9 0.9 5.8
v 1.9 0.9 5.6
v 1.9 0.9 5.3
v 1.9 0.9 5.2
v 1.9 0.9 5.1
v 1.9 1.1 5.9
v 1.9 1.1 5.8
v 1.9 1.1 5.6
v 1.9 1.1 5.5
v 1.9 1.3 6.3
v 1.9 1.3 6.2
v 1.9 1.3 5.2
v 1.9 1.3 5.1
v 1.9 1.6 6.3
v 1.9 1.6 6.2
v 1.9 1.6 5.2
v 1.9 1.6 5.1
v 1.9 1.8 5.9
v 1.9 1.8 5.8
v 1.9 1.8 5.6
v 1.9 1.8 5.5
v 1.9 2 6.3
v 1.9 2 6.2
v 1.9 2 6.1
v 1.9 2 5.8
v 1.9 2 5.6
v 1.9 2 5.3
v 1.9 2 5.2
v 1.9 2 5.1
v 1.9 2.3 6.3
v 1.9 2.3 6.1
v 1.9 2.3 5.8
v 1.9 2.3 5.6
v 1.9 2.3 5.3
v 1.9 2.3 5.1
v 1.9 2.4 5.8
v 1.9 2.4 5.6
v 2 0.6 6.1
v 2 0.6 5.3
v 2 0.9 6.1
v 2 0.9 5.3
v 2 1.1 5.9
v 2 1.1 5.8
v 2 1.1 5.6
v 2 1.1 5.5
v 2 1.8 5.9
v 2 1.8 5.8
v 2 1.8 5.6
v 2 1.8 5.5
v 2 2 6.1
v 2 2 5.3
v 2 2.3 6.1
v 2 2.3 5.3
v 0.3 0.6 6.9
v 0.3 0.9 6.9
v 0.3 2 6.9
v 0.3 2.3 6.9
v 0.5 1.2 6.9
v 0.5 1.7 6.9
v 0.6 1.1 6.9
v 0.6 1.2 6.9
v 0.6 1.7 6.9
v 0.6 1.8 6.9
v 0.8 1.1 6.9
v 0.8 1.8 6.9
v 0.9 1.1 6.9
v 0.9 1.2 6.9
v 0.9 1.7 6.9
v 0.9 1.8 6.9
v 1 1.2 6.9
v 1 1.7 6.9
v 1.2 0.6 6.9
v 1.2 0.9 6.9
v 1.2 2 6.9
v 1.2 2.3 6.9
v 0.1 0.6 6.8
v 0.1 0.9 6.8
v 0.1 1.3 6.8
v 0.1 1.6 6.8
v 0.1 2 6.8
v 0.1 2.3 6.8
v 0.2 0.9 6.8
v 0.2 1.3 6.8
v 0.2 1.6 6.8
v 0.2 2 6.8
v 0.3 0.6 6.8
v 0.3 0.9 6.8
v 0.3 2 6.8
v 0.3 2.3 6.8
v 0.5 1.2 6.8
v 0.5 1.7 6.8
v 0.6 0.5 6.8
v 0.6 0.6 6.8
v 0.6 0.9 6.8
v 0.6 1.1 6.8
v 0.6 1.2 6.8
v 0.6 1.7 6.8
v 0.6 1.8 6.8
v 0.6 2 6.8
v 0.6 2.3 6.8
v 0.6 2.4 6.8
v 0.8 0.5 6.8
v 0.8 0.6 6.8
v 0.8 0.9 6.8
v 0.8 1.1 6.8
v 0.8 1.8 6.8
v 0.8 2 6.8
v 0.8 2.3 6.8
v 0.8 2.4 6.8
v 0.9 0.5 6.8
v 0.9 0.6 6.8
v 0.9 1.1 6.8
v 0.9 1.2 6.8
v 0.9 1.7 6.8
v 0.9 1.8 6.8
v 0.9 2.3 6.8
v 0.9 2.4 6.8
v 1 1.2 6.8
v 1 1.7 6.8
v 1.2 0.6 6.8
v 1.2 0.9 6.8
v 1.2 1 6.8
v 1.2 1.9 6.8
v 1.2 2 6.8
v 1.2 2.3 6.8
v 1.3 1 6.8
v 1.3 1.3 6.8
v 1.3 1.6 6.8
v 1.3 1.9 6.8
v 1.4 0.6 6.8
v 1.4 0.9 6.8
v 1.4 1.3 6.8
v 1.4 1.6 6.8
v 1.4 2 6.8
v 1.4 2.3 6.8
v -0.1 0.6 6.7
v -0.1 0.9 6.7
v -0.1 1.3 6.7
v -0.1 1.6 6.7
v -0.1 2 6.7
v -0.1 2.3 6.7
v 0 1 6.7
v 0 1.3 6.7
v 0 1.6 6.7
v 0 1.9 6.7
v 0.1 0.6 6.7
v 0.1 0.9 6.7
v 0.1 1 6.7
v 0.1 1.3 6.7
v 0.1 1.6 6.7
v 0.1 1.9 6.7
v 0.1 2 6.7
v 0.1 2.3 6.7
v 0.2 0.5 6.7
v 0.2 0.6 6.7
v 0.2 0.9 6.7
v 0.2 1.3 6.7
v 0.2 1.6 6.7
v 0.2 2 6.7
v 0.2 2.3 6.7
v 0.2 2.4 6.7
v 0.3 0.4 6.7
v 0.3 0.5 6.7
v 0.3 2.4 6.7
v 0.3 2.5 6.7
v 0.4 0.3 6.7
v 0.4 0.4 6.7
v 0.4 2.5 6.7
v 0.4 2.6 6.7
v 0.6 0.2 6.7
v 0.6 0.3 6.7
v 0.6 0.5 6.7
v 0.6 0.6 6.7
v 0.6 2.3 6.7
v 0.6 2.4 6.7
v 0.6 2.6 6.7
v 0.6 2.7 6.7
v 0.8 0.3 6.7
v 0.8 0.5 6.7
v 0.8 2.4 6.7
v 0.8 2.6 6.7
v 0.9 0.2 6.7
v 0.9 0.3 6.7
v 0.9 0.5 6.7
v 0.9 0.6 6.7
v 0.9 2.3 6.7
v 0.9 2.4 6.7
v 0.9 2.6 6.7
v 0.9 2.7 6.7
v 1.1 0.3 6.7
v 1.1 0.4 6.7
v 1.1 2.5 6.7
v 1.1 2.6 6.7
v 1.2 0.4 6.7
v 1.2 0.6 6.7
v 1.2 0.9 6.7
v 1.2 1 6.7
v 1.2 1.9 6.7
v 1.2 2 6.7
v 1.2 2.3 6.7
v 1.2 2.5 6.7
v 1.3 1 6.7
v 1.3 1.3 6.7
v 1.3 1.6 6.7
v 1.3 1.9 6.7
v 1.4 0.6 6.7
v 1.4 0.9 6.7
v 1.4 1 6.7
v 1.4 1.3 6.7
v 1.4 1.6 6.7
v 1.4 1.9 6.7
v 1.4 2 6.7
v 1.4 2.3 6.7
v 1.5 1 6.7
v 1.5 1.3 6.7
v 1.5 1.6 6.7
v 1.5 1.9 6.7
v 1.6 0.6 6.7
v 1.6 0.9 6.7
v 1.6 1.3 6.7
v 1.6 1.6 6.7
v 1.6 2 6.7
v 1.6 2.3 6.7
v -0.2 0.6 6.6
v -0.2 0.9 6.6
v -0.2 2 6.6
v -0.2 2.3 6.6
v -0.1 0.6 6.6
v -0.1 0.9 6.6
v -0.1 1.1 6.6
v -0.1 1.3 6.6
v -0.1 1.6 6.6
v -0.1 2 6.6
v -0.1 2.3 6.6
v 0 1 6.6
v 0 1.1 6.6
v 0 1.3 6.6
v 0 1.6 6.6
v 0 1.9 6.6
v 0.1 0.5 6.6
v 0.1 0.6 6.6
v 0.1 0.9 6.6
v 0.1 1 6.6
v 0.1 1.9 6.6
v 0.1 2 6.6
v 0.1 2.3 6.6
v 0.1 2.4 6.6
v 0.2 0.3 6.6
v 0.2 0.5 6.6
v 0.2 0.6 6.6
v 0.2 2.3 6.6
v 0.2 2.4 6.6
v 0.2 2.6 6.6
v 0.3 0.4 6.6
v 0.3 0.5 6.6
v 0.3 2.4 6.6
v 0.3 2.5 6.6
v 0.4 0.2 6.6
v 0.4 0.3 6.6
v 0.4 0.4 6.6
v 0.4 2.5 6.6
v 0.4 2.6 6.6
v 0.4 2.7 6.6
v 0.6 0.2 6.6
v 0.6 0.3 6.6
v 0.6 2.6 6.6
v 0.6 2.7 6.6
v 0.9 0.2 6.6
v 0.9 0.3 6.6
v 0.9 2.6 6.6
v 0.9 2.7 6.6
v 1.1 0.2 6.6
v 1.1 0.3 6.6
v 1.1 0.4 6.6
v 1.1 2.5 6.6
v 1.1 2.6 6.6
v 1.1 2.7 6.6
v 1.2 0.3 6.6
v 1.2 0.4 6.6
v 1.2 0.6 6.6
v 1.2 2.3 6.6
v 1.2 2.5 6.6
v 1.2 2.6 6.6
v 1.3 0.4 6.6
v 1.3 0.5 6.6
v 1.3 2.3 6.6
v 1.3 2.4 6.6
v 1.3 2.5 6.6
v 1.4 0.5 6.6
v 1.4 0.6 6.6
v 1.4 0.9 6.6
v 1.4 1 6.6
v 1.4 1.9 6.6
v 1.4 2 6.6
v 1.4 2.3 6.6
v 1.4 2.4 6.6
v 1.5 0.9 6.6
v 1.5 1 6.6
v 1.5 1.3 6.6
v 1.5 1.6 6.6
v 1.5 1.7 6.6
v 1.5 1.9 6.6
v 1.5 2 6.6
v 1.6 0.6 6.6
v 1.6 0.9 6.6
v 1.6 1.3 6.6
v 1.6 1.6 6.6
v 1.6 1.7 6.6
v 1.6 2 6.6
v 1.6 2.3 6.6
v 1.7 0.6 6.6
v 1.7 0.9 6.6
v 1.7 2 6.6
v 1.7 2.3 6.6
v -0.3 0.6 6.5
v -0.3 0.9 6.5
v -0.3 1.3 6.5
v -0.3 1.6 6.5
v -0.3 2 6.5
v -0.3 2.3 6.5
v -0.2 0.6 6.5
v -0.2 0.9 6.5
v -0.2 1.2 6.5
v -0.2 1.3 6.5
v -0.2 1.6 6.5
v -0.2 2 6.5
v -0.2 2.3 6.5
v -0.1 0.9 6.5
v -0.1 1.1 6.5
v -0.1 1.2 6.5
v -0.1 1.3 6.5
v -0.1 2 6.5
v 0 0.4 6.5
v 0 0.5 6.5
v 0 0.6 6.5
v 0 2.3 6.5
v 0 2.5 6.5
v 0.1 0.3 6.5
v 0.1 0.4 6.5
v 0.1 0.5 6.5
v 0.1 0.6 6.5
v 0.1 2.3 6.5
v 0.1 2.4 6.5
v 0.1 2.5 6.5
v 0.1 2.6 6.5
v 0.2 0.2 6.5
v 0.2 0.3 6.5
v 0.2 0.5 6.5
v 0.2 2.4 6.5
v 0.2 2.6 6.5
v 0.2 2.7 6.5
v 0.4 0.2 6.5
v 0.4 0.3 6.5
v 0.4 2.6 6.5
v 0.4 2.7 6.5
v 1.1 0.2 6.5
v 1.1 0.3 6.5
v 1.1 2.6 6.5
v 1.1 2.7 6.5
v 1.2 0.3 6.5
v 1.2 0.4 6.5
v 1.2 2.5 6.5
v 1.2 2.6 6.5
v 1.3 0.2 6.5
v 1.3 0.3 6.5
v 1.3 0.4 6.5
v 1.3 0.5 6.5
v 1.3 2.4 6.5
v 1.3 2.5 6.5
v 1.3 2.6 6.5
v 1.3 2.7 6.5
v 1.4 0.3 6.5
v 1.4 0.4 6.5
v 1.4 0.5 6.5
v 1.4 0.6 6.5
v 1.4 2.3 6.5
v 1.4 2.4 6.5
v 1.4 2.5 6.5
v 1.4 2.6 6.5
v 1.5 0.4 6.5
v 1.5 0.6 6.5
v 1.5 2.3 6.5
v 1.5 2.4 6.5
v 1.5 2.5 6.5
v 1.6 0.9 6.5
v 1.6 1.3 6.5
v 1.6 1.6 6.5
v 1.6 1.7 6.5
v 1.6 2 6.5
v 1.7 0.6 6.5
v 1.7 0.9 6.5
v 1.7 2 6.5
v 1.7 2.3 6.5
v 1.8 0.6 6.5
v 1.8 0.9 6.5
v 1.8 2 6.5
v 1.8 2.3 6.5
v -0.3 0.9 6.4
v -0.3 1.3 6.4
v -0.3 1.6 6.4
v -0.3 2 6.4
v -0.2 0.9 6.4
v -0.2 1.2 6.4
v -0.2 1.3 6.4
v -0.2 1.6 6.4
v -0.2 2 6.4
v -0.1 0.3 6.4
v -0.1 0.6 6.4
v -0.1 2.3 6.4
v -0.1 2.6 6.4
v 0 0.2 6.4
v 0 0.3 6.4
v 0 0.4 6.4
v 0 0.5 6.4
v 0 0.6 6.4
v 0 2.3 6.4
v 0 2.5 6.4
v 0 2.6 6.4
v 0 2.7 6.4
v 0.1 0.3 6.4
v 0.1 0.4 6.4
v 0.1 2.5 6.4
v 0.1 2.6 6.4
v 0.2 0.2 6.4
v 0.2 0.3 6.4
v 0.2 2.6 6.4
v 0.2 2.7 6.4
v 1.3 0.2 6.4
v 1.3 0.3 6.4
v 1.3 2.6 6.4
v 1.3 2.7 6.4
v 1.4 0.3 6.4
v 1.4 0.4 6.4
v 1.4 2.5 6.4
v 1.4 2.6 6.4
v 1.5 0.2 6.4
v 1.5 0.3 6.4
v 1.5 0.4 6.4
v 1.5 0.6 6.4
v 1.5 2.3 6.4
v 1.5 2.4 6.4
v 1.5 2.5 6.4
v 1.5 2.6 6.4
v 1.5 2.7 6.4
v 1.6 0.3 6.4
v 1.6 0.6 6.4
v 1.6 2.3 6.4
v 1.6 2.6 6.4
v 1.7 1.1 6.4
v 1.7 1.8 6.4
v 1.8 1.1 6.4
v 1.8 1.8 6.4
v -0.4 0.6 6.3
v -0.4 0.9 6.3
v -0.4 1.3 6.3
v -0.4 1.6 6.3
v -0.4 2 6.3
v -0.4 2.3 6.3
v -0.3 0.6 6.3
v -0.3 0.9 6.3
v -0.3 1.3 6.3
v -0.3 1.6 6.3
v -0.3 2 6.3
v -0.3 2.3 6.3
v -0.2 0.5 6.3
v -0.2 0.6 6.3
v -0.2 2.3 6.3
v -0.2 2.4 6.3
v -0.1 0.5 6.3
v -0.1 0.6 6.3
v -0.1 2.3 6.3
v -0.1 2.4 6.3
v 1.6 0.5 6.3
v 1.6 0.6 6.3
v 1.6 2.3 6.3
v 1.6 2.4 6.3
v 1.7 0.5 6.3
v 1.7 0.6 6.3
v 1.7 0.9 6.3
v 1.7 1.1 6.3
v 1.7 1.8 6.3
v 1.7 2 6.3
v 1.7 2.3 6.3
v 1.7 2.4 6.3
v 1.8 0.6 6.3
v 1.8 0.9 6.3
v 1.8 1.1 6.3
v 1.8 1.3 6.3
v 1.8 1.6 6.3
v 1.8 1.8 6.3
v 1.8 2 6.3
v 1.8 2.3 6.3
v 1.9 0.6 6.3
v 1.9 0.9 6.3
v 1.9 1.3 6.3
v 1.9 1.6 6.3
v 1.9 2 6.3
v 1.9 2.3 6.3
v -0.4 0.9 6.2
v -0.4 1.3 6.2
v -0.4 1.6 6.2
v -0.4 2 6.2
v -0.3 0.5 6.2
v -0.3 0.6 6.2
v -0.3 0.9 6.2
v -0.3 1.3 6.2
v -0.3 1.6 6.2
v -0.3 2 6.2
v -0.3 2.3 6.2
v -0.3 2.4 6.2
v -0.2 0.3 6.2
v -0.2 0.5 6.2
v -0.2 0.6 6.2
v -0.2 2.3 6.2
v -0.2 2.4 6.2
v -0.2 2.6 6.2
v -0.1 0.2 6.2
v -0.1 0.3 6.2
v -0.1 0.5 6.2
v -0.1 2.4 6.2
v -0.1 2.6 6.2
v -0.1 2.7 6.2
v 0 0.2 6.2
v 0 0.3 6.2
v 0 2.6 6.2
v 0 2.7 6.2
v 1.5 0.2 6.2
v 1.5 0.3 6.2
v 1.5 2.6 6.2
v 1.5 2.7 6.2
v 1.6 0.2 6.2
v 1.6 0.3 6.2
v 1.6 0.5 6.2
v 1.6 2.4 6.2
v 1.6 2.6 6.2
v 1.6 2.7 6.2
v 1.7 0.3 6.2
v 1.7 0.5 6.2
v 1.7 2.4 6.2
v 1.7 2.6 6.2
v 1.8 0.9 6.2
v 1.8 1.3 6.2
v 1.8 1.6 6.2
v 1.8 2 6.2
v 1.9 0.9 6.2
v 1.9 1.3 6.2
v 1.9 1.6 6.2
v 1.9 2 6.2
v -0.5 0.6 6.1
v -0.5 0.9 6.1
v -0.5 2 6.1
v -0.5 2.3 6.1
v -0.4 0.6 6.1
v -0.4 0.9 6.1
v -0.4 2 6.1
v -0.4 2.3 6.1
v -0.3 0.4 6.1
v -0.3 0.5 6.1
v -0.3 2.4 6.1
v -0.3 2.5 6.1
v -0.2 0.2 6.1
v -0.2 0.3 6.1
v -0.2 0.4 6.1
v -0.2 0.5 6.1
v -0.2 2.4 6.1
v -0.2 2.5 6.1
v -0.2 2.6 6.1
v -0.2 2.7 6.1
v -0.1 0.2 6.1
v -0.1 0.3 6.1
v -0.1 2.6 6.1
v -0.1 2.7 6.1
v 1.6 0.2 6.1
v 1.6 0.3 6.1
v 1.6 2.6 6.1
v 1.6 2.7 6.1
v 1.7 0.2 6.1
v 1.7 0.3 6.1
v 1.7 0.5 6.1
v 1.7 0.6 6.1
v 1.7 2.3 6.1
v 1.7 2.4 6.1
v 1.7 2.6 6.1
v 1.7 2.7 6.1
v 1.8 0.5 6.1
v 1.8 0.6 6.1
v 1.8 2.3 6.1
v 1.8 2.4 6.1
v 1.9 0.6 6.1
v 1.9 0.9 6.1
v 1.9 2 6.1
v 1.9 2.3 6.1
v 2 0.6 6.1
v 2 0.9 6.1
v 2 2 6.1
v 2 2.3 6.1
v -0.3 0.3 6
v -0.3 0.4 6
v -0.3 2.5 6
v -0.3 2.6 6
v -0.2 0.3 6
v -0.2 0.4 6
v -0.2 2.5 6
v -0.2 2.6 6
v -0.5 1.1 5.9
v -0.5 1.8 5.9
v -0.4 1.1 5.9
v -0.4 1.8 5.9
v 1.7 0.4 5.9
v 1.7 0.5 5.9
v 1.7 2.4 5.9
v 1.7 2.5 5.9
v 1.8 0.4 5.9
v 1.8 0.5 5.9
v 1.8 2.4 5.9
v 1.8 2.5 5.9
v 1.9 1.1 5.9
v 1.9 1.8 5.9
v 2 1.1 5.9
v 2 1.8 5.9
v -0.4 0.5 5.8
v -0.4 0.6 5.8
v -0.4 2.3 5.8
v -0.4 2.4 5.8
v -0.3 0.2 5.8
v -0.3 0.3 5.8
v -0.3 0.5 5.8
v -0.3 0.6 5.8
v -0.3 2.3 5.8
v -0.3 2.4 5.8
v -0.3 2.6 5.8
v -0.3 2.7 5.8
v -0.2 0.2 5.8
v -0.2 0.3 5.8
v -0.2 2.6 5.8
v -0.2 2.7 5.8
v 1.8 0.5 5.8
v 1.8 0.6 5.8
v 1.8 2.3 5.8
v 1.8 2.4 5.8
v 1.9 0.5 5.8
v 1.9 0.6 5.8
v 1.9 2.3 5.8
v 1.9 2.4 5.8
v -0.4 0.5 5.6
v -0.4 0.6 5.6
v -0.4 2.3 5.6
v -0.4 2.4 5.6
v -0.3 0.2 5.6
v -0.3 0.3 5.6
v -0.3 0.5 5.6
v -0.3 0.6 5.6
v -0.3 2.3 5.6
v -0.3 2.4 5.6
v -0.3 2.6 5.6
v -0.3 2.7 5.6
v -0.2 0.2 5.6
v -0.2 0.3 5.6
v -0.2 2.6 5.6
v -0.2 2.7 5.6
v 1.8 0.5 5.6
v 1.8 0.6 5.6
v 1.8 2.3 5.6
v 1.8 2.4 5.6
v 1.9 0.5 5.6
v 1.9 0.6 5.6
v 1.9 2.3 5.6
v 1.9 2.4 5.6
v -0.5 1.1 5.5
v -0.5 1.8 5.5
v -0.4 1.1 5.5
v -0.4 1.8 5.5
v 1.7 0.4 5.5
v 1.7 0.5 5.5
v 1.7 2.4 5.5
v 1.7 2.5 5.5
v 1.8 0.4 5.5
v 1.8 0.5 5.5
v 1.8 2.4 5.5
v 1.8 2.5 5.5
v 1.9 1.1 5.5
v 1.9 1.8 5.5
v 2 1.1 5.5
v 2 1.8 5.5
v -0.3 0.3 5.4
v -0.3 0.4 5.4
v -0.3 2.5 5.4
v -0.3 2.6 5.4
v -0.2 0.3 5.4
v -0.2 0.4 5.4
v -0.2 2.5 5.4
v -0.2 2.6 5.4
v -0.5 0.6 5.3
v -0.5 0.9 5.3
v -0.5 2 5.3
v -0.5 2.3 5.3
v -0.4 0.6 5.3
v -0.4 0.9 5.3
v -0.4 2 5.3
v -0.4 2.3 5.3
v -0.3 0.4 5.3
v -0.3 0.5 5.3
v -0.3 2.4 5.3
v -0.3 2.5 5.3
v -0.2 0.2 5.3
v -0.2 0.3 5.3
v -0.2 0.4 5.3
v -0.2 0.5 5.3
v -0.2 2.4 5.3
v -0.2 2.5 5.3
v -0.2 2.6 5.3
v -0.2 2.7 5.3
v -0.1 0.2 5.3
v -0.1 0.3 5.3
v -0.1 2.6 5.3
v -0.1 2.7 5.3
v 1.6 0.2 5.3
v 1.6 0.3 5.3
v 1.6 2.6 5.3
v 1.6 2.7 5.3
v 1.7 0.2 5.3
v 1.7 0.3 5.3
v 1.7 0.5 5.3
v 1.7 0.6 5.3
v 1.7 2.3 5.3
v 1.7 2.4 5.3
v 1.7 2.6 5.3
v 1.7 2.7 5.3
v 1.8 0.5 5.3
v 1.8 0.6 5.3
v 1.8 2.3 5.3
v 1.8 2.4 5.3
v 1.9 0.6 5.3
v 1.9 0.9 5.3
v 1.9 2 5.3
v 1.9 2.3 5.3
v 2 0.6 5.3
v 2 0.9 5.3
v 2 2 5.3
v 2 2.3 5.3
v -0.4 0.9 5.2
v -0.4 1.3 5.2
v -0.4 1.6 5.2
v -0.4 2 5.2
v -0.3 0.5 5.2
v -0.3 0.6 5.2
v -0.3 0.9 5.2
v -0.3 1.3 5.2
v -0.3 1.6 5.2
v -0.3 2 5.2
v -0.3 2.3 5.2
v -0.3 2.4 5.2
v -0.2 0.3 5.2
v -0.2 0.5 5.2
v -0.2 0.6 5.2
v -0.2 2.3 5.2
v -0.2 2.4 5.2
v -0.2 2.6 5.2
v -0.1 0.2 5.2
v -0.1 0.3 5.2
v -0.1 0.5 5.2
v -0.1 2.4 5.2
v -0.1 2.6 5.2
v -0.1 2.7 5.2
v 0 0.2 5.2
v 0 0.3 5.2
v 0 2.6 5.2
v 0 2.7 5.2
v 1.5 0.2 5.2
v 1.5 0.3 5.2
v 1.5 2.6 5.2
v 1.5 2.7 5.2
v 1.6 0.2 5.2
v 1.6 0.3 5.2
v 1.6 0.5 5.2
v 1.6 2.4 5.2
v 1.6 2.6 5.2
v 1.6 2.7 5.2
v 1.7 0.3 5.2
v 1.7 0.5 5.2
v 1.7 2.4 5.2
v 1.7 2.6 5.2
v 1.8 0.9 5.2
v 1.8 1.3 5.2
v 1.8 1.6 5.2
v 1.8 2 5.2
v 1.9 0.9 5.2
v 1.9 1.3 5.2
v 1.9 1.6 5.2
v 1.9 2 5.2
v -0.4 0.6 5.1
v -0.4 0.9 5.1
v -0.4 1.3 5.1
v -0.4 1.6 5.1
v -0.4 2 5.1
v -0.4 2.3 5.1
v -0.3 0.6 5.1
v -0.3 0.9 5.1
v -0.3 1.3 5.1
v -0.3 1.6 5.1
v -0.3 2 5.1
v -0.3 2.3 5.1
v -0.2 0.5 5.1
v -0.2 0.6 5.1
v -0.2 2.3 5.1
v -0.2 2.4 5.1
v -0.1 0.5 5.1
v -0.1 0.6 5.1
v -0.1 2.3 5.1
v -0.1 2.4 5.1
v 1.6 0.5 5.1
v 1.6 0.6 5.1
v 1.6 2.3 5.1
v 1.6 2.4 5.1
v 1.7 0.5 5.1
v 1.7 0.6 5.1
v 1.7 0.9 5.1
v 1.7 1.1 5.1
v 1.7 1.8 5.1
v 1.7 2 5.1
v 1.7 2.3 5.1
v 1.7 2.4 5.1
v 1.8 0.6 5.1
v 1.8 0.9 5.1
v 1.8 1.1 5.1
v 1.8 1.3 5.1
v 1.8 1.6 5.1
v 1.8 1.8 5.1
v 1.8 2 5.1
v 1.8 2.3 5.1
v 1.9 0.6 5.1
v 1.9 0.9 5.1
v 1.9 1.3 5.1
v 1.9 1.6 5.1
v 1.9 2 5.1
v 1.9 2.3 5.1
v -0.3 0.9 5
v -0.3 1.3 5
v -0.3 1.6 5
v -0.3 2 5
v -0.2 0.9 5
v -0.2 1.3 5
v -0.2 1.6 5
v -0.2 2 5
v -0.1 0.3 5
v -0.1 0.4 5
v -0.1 0.6 5
v -0.1 2.3 5
v -0.1 2.6 5
v 0 0.2 5
v 0 0.3 5
v 0 0.4 5
v 0 0.6 5
v 0 2.3 5
v 0 2.5 5
v 0 2.6 5
v 0 2.7 5
v 0.1 0.3 5
v 0.1 0.4 5
v 0.1 2.5 5
v 0.1 2.6 5
v 0.2 0.2 5
v 0.2 0.3 5
v 0.2 2.6 5
v 0.2 2.7 5
v 1.3 0.2 5
v 1.3 0.3 5
v 1.3 2.6 5
v 1.3 2.7 5
v 1.4 0.3 5
v 1.4 0.4 5
v 1.4 2.5 5
v 1.4 2.6 5
v 1.5 0.2 5
v 1.5 0.3 5
v 1.5 0.4 5
v 1.5 0.6 5
v 1.5 2.3 5
v 1.5 2.5 5
v 1.5 2.6 5
v 1.5 2.7 5
v 1.6 0.3 5
v 1.6 0.6 5
v 1.6 2.3 5
v 1.6 2.6 5
v 1.7 1.1 5
v 1.7 1.8 5
v 1.8 1.1 5
v 1.8 1.8 5
v -0.3 0.6 4.9
v -0.3 0.9 4.9
v -0.3 1.3 4.9
v -0.3 1.6 4.9
v -0.3 2 4.9
v -0.3 2.3 4.9
v -0.2 0.6 4.9
v -0.2 0.9 4.9
v -0.2 1.3 4.9
v -0.2 1.6 4.9
v -0.2 2 4.9
v -0.2 2.3 4.9
v -0.1 0.9 4.9
v -0.1 1.1 4.9
v -0.1 2 4.9
v 0 0.4 4.9
v 0 0.6 4.9
v 0 2.3 4.9
v 0 2.5 4.9
v 0.1 0.3 4.9
v 0.1 0.4 4.9
v 0.1 0.5 4.9
v 0.1 0.6 4.9
v 0.1 2.3 4.9
v 0.1 2.4 4.9
v 0.1 2.5 4.9
v 0.1 2.6 4.9
v 0.2 0.2 4.9
v 0.2 0.3 4.9
v 0.2 0.5 4.9
v 0.2 2.4 4.9
v 0.2 2.5 4.9
v 0.2 2.6 4.9
v 0.2 2.7 4.9
v 0.4 0.2 4.9
v 0.4 0.3 4.9
v 0.4 2.6 4.9
v 0.4 2.7 4.9
v 1.1 0.2 4.9
v 1.1 0.3 4.9
v 1.1 2.6 4.9
v 1.1 2.7 4.9
v 1.2 0.3 4.9
v 1.2 0.4 4.9
v 1.2 2.5 4.9
v 1.2 2.6 4.9
v 1.3 0.2 4.9
v 1.3 0.3 4.9
v 1.3 0.4 4.9
v 1.3 0.5 4.9
v 1.3 2.4 4.9
v 1.3 2.5 4.9
v 1.3 2.6 4.9
v 1.3 2.7 4.9
v 1.4 0.3 4.9
v 1.4 0.4 4.9
v 1.4 0.5 4.9
v 1.4 0.6 4.9
v 1.4 2.3 4.9
v 1.4 2.4 4.9
v 1.4 2.5 4.9
v 1.4 2.6 4.9
v 1.5 0.4 4.9
v 1.5 0.6 4.9
v 1.5 2.3 4.9
v 1.5 2.5 4.9
v 1.6 0.9 4.9
v 1.6 2 4.9
v 1.7 0.6 4.9
v 1.7 0.9 4.9
v 1.7 2 4.9
v 1.7 2.3 4.9
v 1.8 0.6 4.9
v 1.8 0.9 4.9
v 1.8 2 4.9
v 1.8 2.3 4.9
v -0.2 0.6 4.8
v -0.2 0.9 4.8
v -0.2 2 4.8
v -0.2 2.3 4.8
v -0.1 0.6 4.8
v -0.1 0.9 4.8
v -0.1 1.1 4.8
v -0.1 1.3 4.8
v -0.1 1.6 4.8
v -0.1 2 4.8
v -0.1 2.3 4.8
v 0 1 4.8
v 0 1.1 4.8
v 0 1.3 4.8
v 0 1.6 4.8
v 0 1.9 4.8
v 0 2 4.8
v 0.1 0.5 4.8
v 0.1 0.6 4.8
v 0.1 0.9 4.8
v 0.1 1 4.8
v 0.1 1.9 4.8
v 0.1 2 4.8
v 0.1 2.3 4.8
v 0.1 2.4 4.8
v 0.2 0.3 4.8
v 0.2 0.5 4.8
v 0.2 0.6 4.8
v 0.2 2.3 4.8
v 0.2 2.4 4.8
v 0.2 2.6 4.8
v 0.3 0.4 4.8
v 0.3 0.5 4.8
v 0.3 2.4 4.8
v 0.3 2.5 4.8
v 0.4 0.2 4.8
v 0.4 0.3 4.8
v 0.4 0.4 4.8
v 0.4 2.5 4.8
v 0.4 2.6 4.8
v 0.4 2.7 4.8
v 0.6 0.2 4.8
v 0.6 0.3 4.8
v 0.6 2.6 4.8
v 0.6 2.7 4.8
v 0.9 0.2 4.8
v 0.9 0.3 4.8
v 0.9 2.6 4.8
v 0.9 2.7 4.8
v 1 0.2 4.8
v 1 0.3 4.8
v 1.1 0.2 4.8
v 1.1 0.3 4.8
v 1.1 0.4 4.8
v 1.1 2.5 4.8
v 1.1 2.6 4.8
v 1.1 2.7 4.8
v 1.2 0.3 4.8
v 1.2 0.4 4.8
v 1.2 0.6 4.8
v 1.2 2.3 4.8
v 1.2 2.5 4.8
v 1.2 2.6 4.8
v 1.3 0.4 4.8
v 1.3 0.5 4.8
v 1.3 2.4 4.8
v 1.3 2.5 4.8
v 1.4 0.5 4.8
v 1.4 0.6 4.8
v 1.4 0.9 4.8
v 1.4 1 4.8
v 1.4 1.9 4.8
v 1.4 2 4.8
v 1.4 2.3 4.8
v 1.4 2.4 4.8
v 1.5 1 4.8
v 1.5 1.3 4.8
v 1.5 1.6 4.8
v 1.5 1.9 4.8
v 1.6 0.6 4.8
v 1.6 0.9 4.8
v 1.6 1.3 4.8
v 1.6 1.6 4.8
v 1.6 2 4.8
v 1.6 2.3 4.8
v 1.7 0.6 4.8
v 1.7 0.9 4.8
v 1.7 2 4.8
v 1.7 2.3 4.8
v -0.1 0.6 4.7
v -0.1 0.9 4.7
v -0.1 1.3 4.7
v -0.1 1.6 4.7
v -0.1 2 4.7
v -0.1 2.3 4.7
v 0 1 4.7
v 0 1.3 4.7
v 0 1.6 4.7
v 0 1.9 4.7
v 0.1 0.6 4.7
v 0.1 0.9 4.7
v 0.1 1 4.7
v 0.1 1.3 4.7
v 0.1 1.6 4.7
v 0.1 1.9 4.7
v 0.1 2 4.7
v 0.1 2.3 4.7
v 0.2 0.5 4.7
v 0.2 0.6 4.7
v 0.2 0.9 4.7
v 0.2 1.3 4.7
v 0.2 1.6 4.7
v 0.2 2 4.7
v 0.2 2.3 4.7
v 0.2 2.4 4.7
v 0.3 0.4 4.7
v 0.3 0.5 4.7
v 0.3 2.4 4.7
v 0.3 2.5 4.7
v 0.4 0.3 4.7
v 0.4 0.4 4.7
v 0.4 2.5 4.7
v 0.4 2.6 4.7
v 0.6 0.2 4.7
v 0.6 0.3 4.7
v 0.6 0.5 4.7
v 0.6 0.6 4.7
v 0.6 2.3 4.7
v 0.6 2.4 4.7
v 0.6 2.6 4.7
v 0.6 2.7 4.7
v 0.7 2.4 4.7
v 0.7 2.6 4.7
v 0.9 0.2 4.7
v 0.9 0.3 4.7
v 0.9 0.5 4.7
v 0.9 0.6 4.7
v 0.9 2.3 4.7
v 0.9 2.4 4.7
v 0.9 2.6 4.7
v 0.9 2.7 4.7
v 1.1 0.3 4.7
v 1.1 0.4 4.7
v 1.1 2.5 4.7
v 1.1 2.6 4.7
v 1.2 0.4 4.7
v 1.2 0.6 4.7
v 1.2 0.9 4.7
v 1.2 1 4.7
v 1.2 1.9 4.7
v 1.2 2 4.7
v 1.2 2.3 4.7
v 1.2 2.5 4.7
v 1.3 1 4.7
v 1.3 1.3 4.7
v 1.3 1.6 4.7
v 1.3 1.9 4.7
v 1.4 0.6 4.7
v 1.4 0.9 4.7
v 1.4 1 4.7
v 1.4 1.3 4.7
v 1.4 1.6 4.7
v 1.4 1.9 4.7
v 1.4 2 4.7
v 1.4 2.3 4.7
v 1.5 1 4.7
v 1.5 1.3 4.7
v 1.5 1.6 4.7
v 1.5 1.9 4.7
v 1.6 0.6 4.7
v 1.6 0.9 4.7
v 1.6 1.3 4.7
v 1.6 1.6 4.7
v 1.6 2 4.7
v 1.6 2.3 4.7
v 0.1 0.6 4.6
v 0.1 0.9 4.6
v 0.1 1.3 4.6
v 0.1 1.6 4.6
v 0.1 2 4.6
v 0.1 2.3 4.6
v 0.2 0.9 4.6
v 0.2 1.3 4.6
v 0.2 1.6 4.6
v 0.2 2 4.6
v 0.3 0.6 4.6
v 0.3 0.9 4.6
v 0.3 2 4.6
v 0.3 2.3 4.6
v 0.5 1.2 4.6
v 0.5 1.7 4.6
v 0.6 0.5 4.6
v 0.6 0.6 4.6
v 0.6 0.9 4.6
v 0.6 1.1 4.6
v 0.6 1.2 4.6
v 0.6 1.7 4.6
v 0.6 1.8 4.6
v 0.6 2 4.6
v 0.6 2.3 4.6
v 0.6 2.4 4.6
v 0.9 0.5 4.6
v 0.9 0.6 4.6
v 0.9 0.9 4.6
v 0.9 1.1 4.6
v 0.9 1.2 4.6
v 0.9 1.7 4.6
v 0.9 1.8 4.6
v 0.9 2 4.6
v 0.9 2.3 4.6
v 0.9 2.4 4.6
v 1 1.2 4.6
v 1 1.7 4.6
v 1.2 0.6 4.6
v 1.2 0.9 4.6
v 1.2 1 4.6
v 1.2 1.9 4.6
v 1.2 2 4.6
v 1.2 2.3 4.6
v 1.3 1 4.6
v 1.3 1.3 4.6
v 1.3 1.6 4.6
v 1.3 1.9 4.6
v 1.4 0.6 4.6
v 1.4 0.9 4.6
v 1.4 1.3 4.6
v 1.4 1.6 4.6
v 1.4 2 4.6
v 1.4 2.3 4.6
v 0.3 0.6 4.5
v 0.3 0.9 4.5
v 0.3 2 4.5
v 0.3 2.3 4.5
v 0.5 1.2 4.5
v 0.5 1.7 4.5
v 0.6 1.1 4.5
v 0.6 1.2 4.5
v 0.6 1.7 4.5
v 0.6 1.8 4.5
v 0.9 1.1 4.5
v 0.9 1.2 4.5
v 0.9 1.7 4.5
v 0.9 1.8 4.5
v 1 1.2 4.5
v 1 1.7 4.5
v 1.2 0.6 4.5
v 1.2 0.9 4.5
v 1.2 2 4.5
v 1.2 2.3 4.5
v 0.6 0.2 6.7
v 0.9 0.2 6.7
v 0.4 0.2 6.6
v 0.6 0.2 6.6
v 0.9 0.2 6.6
v 1.1 0.2 6.6
v 0.2 0.2 6.5
v 0.4 0.2 6.5
v 1.1 0.2 6.5
v 1.3 0.2 6.5
v 0 0.2 6.4
v 0.2 0.2 6.4
v 1.3 0.2 6.4
v 1.5 0.2 6.4
v -0.1 0.2 6.2
v 0 0.2 6.2
v 1.5 0.2 6.2
v 1.6 0.2 6.2
v -0.2 0.2 6.1
v -0.1 0.2 6.1
v 1.6 0.2 6.1
v 1.7 0.2 6.1
v 0.7 0.2 6
v 1 0.2 6
v -0.3 0.2 5.8
v -0.2 0.2 5.8
v -0.3 0.2 5.6
v -0.2 0.2 5.6
v -0.2 0.2 5.3
v -0.1 0.2 5.3
v 1.6 0.2 5.3
v 1.7 0.2 5.3
v -0.1 0.2 5.2
v 0 0.2 5.2
v 1.5 0.2 5.2
v 1.6 0.2 5.2
v 0 0.2 5
v 0.2 0.2 5
v 1.3 0.2 5
v 1.5 0.2 5
v 0.2 0.2 4.9
v 0.4 0.2 4.9
v 1.1 0.2 4.9
v 1.3 0.2 4.9
v 0.4 0.2 4.8
v 0.6 0.2 4.8
v 0.7 0.2 4.8
v 0.9 0.2 4.8
v 1 0.2 4.8
v 1.1 0.2 4.8
v 0.6 0.2 4.7
v 0.9 0.2 4.7
v 0.4 0.3 6.7
v 0.6 0.3 6.7
v 0.9 0.3 6.7
v 1.1 0.3 6.7
v 0.2 0.3 6.6
v 0.4 0.3 6.6
v 0.6 0.3 6.6
v 0.9 0.3 6.6
v 1.1 0.3 6.6
v 1.2 0.3 6.6
v 0.1 0.3 6.5
v 0.2 0.3 6.5
v 0.4 0.3 6.5
v 1.1 0.3 6.5
v 1.2 0.3 6.5
v 1.3 0.3 6.5
v 1.4 0.3 6.5
v -0.1 0.3 6.4
v 0 0.3 6.4
v 0.1 0.3 6.4
v 0.2 0.3 6.4
v 1.3 0.3 6.4
v 1.4 0.3 6.4
v 1.5 0.3 6.4
v 1.6 0.3 6.4
v 1.5 0.3 6.3
v 1.6 0.3 6.3
v -0.2 0.3 6.2
v -0.1 0.3 6.2
v 0 0.3 6.2
v 1.5 0.3 6.2
v 1.6 0.3 6.2
v 1.7 0.3 6.2
v -0.2 0.3 6.1
v -0.1 0.3 6.1
v 1.6 0.3 6.1
v 1.7 0.3 6.1
v -0.3 0.3 6
v -0.2 0.3 6
v -0.3 0.3 5.8
v -0.2 0.3 5.8
v -0.3 0.3 5.6
v -0.2 0.3 5.6
v -0.3 0.3 5.4
v -0.2 0.3 5.4
v -0.2 0.3 5.3
v -0.1 0.3 5.3
v 1.6 0.3 5.3
v 1.7 0.3 5.3
v -0.2 0.3 5.2
v -0.1 0.3 5.2
v 0 0.3 5.2
v 1.5 0.3 5.2
v 1.6 0.3 5.2
v 1.7 0.3 5.2
v -0.1 0.3 5
v 0 0.3 5
v 0.1 0.3 5
v 0.2 0.3 5
v 1.3 0.3 5
v 1.4 0.3 5
v 1.5 0.3 5
v 1.6 0.3 5
v 0.1 0.3 4.9
v 0.2 0.3 4.9
v 0.4 0.3 4.9
v 1.1 0.3 4.9
v 1.2 0.3 4.9
v 1.3 0.3 4.9
v 1.4 0.3 4.9
v 0.2 0.3 4.8
v 0.4 0.3 4.8
v 0.6 0.3 4.8
v 0.9 0.3 4.8
v 1 0.3 4.8
v 1.1 0.3 4.8
v 1.2 0.3 4.8
v 0.4 0.3 4.7
v 0.6 0.3 4.7
v 0.9 0.3 4.7
v 1.1 0.3 4.7
v 0.3 0.4 6.7
v 0.4 0.4 6.7
v 1.1 0.4 6.7
v 1.2 0.4 6.7
v 0.3 0.4 6.6
v 0.4 0.4 6.6
v 1.1 0.4 6.6
v 1.2 0.4 6.6
v 1.3 0.4 6.6
v 0 0.4 6.5
v 0.1 0.4 6.5
v 1.2 0.4 6.5
v 1.3 0.4 6.5
v 1.4 0.4 6.5
v 1.5 0.4 6.5
v 0 0.4 6.4
v 0.1 0.4 6.4
v 1.4 0.4 6.4
v 1.5 0.4 6.4
v -0.3 0.4 6.1
v -0.2 0.4 6.1
v -0.3 0.4 6
v -0.2 0.4 6
v 1.7 0.4 5.9
v 1.8 0.4 5.9
v 1.7 0.4 5.8
v 1.8 0.4 5.8
v 1.7 0.4 5.6
v 1.8 0.4 5.6
v 1.7 0.4 5.5
v 1.8 0.4 5.5
v -0.3 0.4 5.4
v -0.2 0.4 5.4
v -0.3 0.4 5.3
v -0.2 0.4 5.3
v 0 0.4 5
v 0.1 0.4 5
v 1.4 0.4 5
v 1.5 0.4 5
v 0 0.4 4.9
v 0.1 0.4 4.9
v 1.2 0.4 4.9
v 1.3 0.4 4.9
v 1.4 0.4 4.9
v 1.5 0.4 4.9
v 0.3 0.4 4.8
v 0.4 0.4 4.8
v 1.1 0.4 4.8
v 1.2 0.4 4.8
v 1.3 0.4 4.8
v 0.3 0.4 4.7
v 0.4 0.4 4.7
v 1.1 0.4 4.7
v 1.2 0.4 4.7
v 0.6 0.5 6.8
v 0.8 0.5 6.8
v 0.9 0.5 6.8
v 0.2 0.5 6.7
v 0.3 0.5 6.7
v 0.6 0.5 6.7
v 0.8 0.5 6.7
v 0.9 0.5 6.7
v 0.1 0.5 6.6
v 0.2 0.5 6.6
v 0.3 0.5 6.6
v 1.3 0.5 6.6
v 1.4 0.5 6.6
v 0.1 0.5 6.5
v 0.2 0.5 6.5
v 1.3 0.5 6.5
v 1.4 0.5 6.5
v -0.2 0.5 6.3
v -0.1 0.5 6.3
v 1.6 0.5 6.3
v 1.7 0.5 6.3
v -0.3 0.5 6.2
v -0.2 0.5 6.2
v -0.1 0.5 6.2
v 1.6 0.5 6.2
v 1.7 0.5 6.2
v -0.3 0.5 6.1
v -0.2 0.5 6.1
v 1.7 0.5 6.1
v 1.8 0.5 6.1
v 1.7 0.5 5.9
v 1.8 0.5 5.9
v -0.4 0.5 5.8
v -0.3 0.5 5.8
v 1.8 0.5 5.8
v 1.9 0.5 5.8
v -0.4 0.5 5.6
v -0.3 0.5 5.6
v 1.8 0.5 5.6
v 1.9 0.5 5.6
v 1.7 0.5 5.5
v 1.8 0.5 5.5
v -0.3 0.5 5.3
v -0.2 0.5 5.3
v 1.7 0.5 5.3
v 1.8 0.5 5.3
v -0.3 0.5 5.2
v -0.2 0.5 5.2
v -0.1 0.5 5.2
v 1.6 0.5 5.2
v 1.7 0.5 5.2
v -0.2 0.5 5.1
v -0.1 0.5 5.1
v 1.6 0.5 5.1
v 1.7 0.5 5.1
v 0.1 0.5 4.9
v 0.2 0.5 4.9
v 1.3 0.5 4.9
v 1.4 0.5 4.9
v 0.1 0.5 4.8
v 0.2 0.5 4.8
v 0.3 0.5 4.8
v 1.3 0.5 4.8
v 1.4 0.5 4.8
v 0.2 0.5 4.7
v 0.3 0.5 4.7
v 0.6 0.5 4.7
v 0.9 0.5 4.7
v 0.6 0.5 4.6
v 0.9 0.5 4.6
v 0.3 0.6 6.9
v 1.2 0.6 6.9
v 0.1 0.6 6.8
v 0.3 0.6 6.8
v 0.6 0.6 6.8
v 0.8 0.6 6.8
v 0.9 0.6 6.8
v 1.2 0.6 6.8
v 1.4 0.6 6.8
v -0.1 0.6 6.7
v 0.1 0.6 6.7
v 0.2 0.6 6.7
v 0.6 0.6 6.7
v 0.9 0.6 6.7
v 1.2 0.6 6.7
v 1.4 0.6 6.7
v 1.6 0.6 6.7
v -0.2 0.6 6.6
v -0.1 0.6 6.6
v 0.1 0.6 6.6
v 0.2 0.6 6.6
v 1.2 0.6 6.6
v 1.4 0.6 6.6
v 1.6 0.6 6.6
v 1.7 0.6 6.6
v -0.3 0.6 6.5
v -0.2 0.6 6.5
v 0 0.6 6.5
v 0.1 0.6 6.5
v 1.4 0.6 6.5
v 1.5 0.6 6.5
v 1.7 0.6 6.5
v 1.8 0.6 6.5
v -0.1 0.6 6.4
v 0 0.6 6.4
v 1.5 0.6 6.4
v 1.6 0.6 6.4
v -0.4 0.6 6.3
v -0.3 0.6 6.3
v -0.2 0.6 6.3
v -0.1 0.6 6.3
v 1.6 0.6 6.3
v 1.7 0.6 6.3
v 1.8 0.6 6.3
v 1.9 0.6 6.3
v -0.3 0.6 6.2
v -0.2 0.6 6.2
v -0.5 0.6 6.1
v -0.4 0.6 6.1
v 1.7 0.6 6.1
v 1.8 0.6 6.1
v 1.9 0.6 6.1
v 2 0.6 6.1
v -0.4 0.6 5.8
v -0.3 0.6 5.8
v 1.8 0.6 5.8
v 1.9 0.6 5.8
v -0.4 0.6 5.6
v -0.3 0.6 5.6
v 1.8 0.6 5.6
v 1.9 0.6 5.6
v -0.5 0.6 5.3
v -0.4 0.6 5.3
v 1.7 0.6 5.3
v 1.8 0.6 5.3
v 1.9 0.6 5.3
v 2 0.6 5.3
v -0.3 0.6 5.2
v -0.2 0.6 5.2
v -0.4 0.6 5.1
v -0.3 0.6 5.1
v -0.2 0.6 5.1
v -0.1 0.6 5.1
v 1.6 0.6 5.1
v 1.7 0.6 5.1
v 1.8 0.6 5.1
v 1.9 0.6 5.1
v -0.1 0.6 5
v 0 0.6 5
v 1.5 0.6 5
v 1.6 0.6 5
v -0.3 0.6 4.9
v -0.2 0.6 4.9
v 0 0.6 4.9
v 0.1 0.6 4.9
v 1.4 0.6 4.9
v 1.5 0.6 4.9
v 1.7 0.6 4.9
v 1.8 0.6 4.9
v -0.2 0.6 4.8
v -0.1 0.6 4.8
v 0.1 0.6 4.8
v 0.2 0.6 4.8
v 1.2 0.6 4.8
v 1.4 0.6 4.8
v 1.6 0.6 4.8
v 1.7 0.6 4.8
v -0.1 0.6 4.7
v 0.1 0.6 4.7
v 0.2 0.6 4.7
v 0.6 0.6 4.7
v 0.9 0.6 4.7
v 1.2 0.6 4.7
v 1.4 0.6 4.7
v 1.6 0.6 4.7
v 0.1 0.6 4.6
v 0.3 0.6 4.6
v 0.6 0.6 4.6
v 0.9 0.6 4.6
v 1.2 0.6 4.6
v 1.4 0.6 4.6
v 0.3 0.6 4.5
v 1.2 0.6 4.5
v 1.2 1 6.8
v 1.3 1 6.8
v 0 1 6.7
v 0.1 1 6.7
v 1.2 1 6.7
v 1.3 1 6.7
v 1.4 1 6.7
v 1.5 1 6.7
v 0 1 6.6
v 0.1 1 6.6
v 1.4 1 6.6
v 1.5 1 6.6
v 0 1 4.8
v 0.1 1 4.8
v 1.4 1 4.8
v 1.5 1 4.8
v 0 1 4.7
v 0.1 1 4.7
v 1.2 1 4.7
v 1.3 1 4.7
v 1.4 1 4.7
v 1.5 1 4.7
v 1.2 1 4.6
v 1.3 1 4.6
v 0.6 1.1 6.9
v 0.8 1.1 6.9
v 0.9 1.1 6.9
v 0.6 1.1 6.8
v 0.8 1.1 6.8
v 0.9 1.1 6.8
v 1.7 1.1 6.4
v 1.8 1.1 6.4
v 1.7 1.1 6.3
v 1.8 1.1 6.3
v -0.5 1.1 5.9
v -0.4 1.1 5.9
v 1.9 1.1 5.9
v 2 1.1 5.9
v -0.5 1.1 5.8
v -0.4 1.1 5.8
v 1.9 1.1 5.8
v 2 1.1 5.8
v -0.5 1.1 5.6
v -0.4 1.1 5.6
v 1.9 1.1 5.6
v 2 1.1 5.6
v -0.5 1.1 5.5
v -0.4 1.1 5.5
v 1.9 1.1 5.5
v 2 1.1 5.5
v 1.7 1.1 5.1
v 1.8 1.1 5.1
v 1.7 1.1 5
v 1.8 1.1 5
v 0.6 1.1 4.6
v 0.9 1.1 4.6
v 0.6 1.1 4.5
v 0.9 1.1 4.5
v 0.5 1.2 6.9
v 0.6 1.2 6.9
v 0.9 1.2 6.9
v 1 1.2 6.9
v 0.5 1.2 6.8
v 0.6 1.2 6.8
v 0.9 1.2 6.8
v 1 1.2 6.8
v 0.5 1.2 4.6
v 0.6 1.2 4.6
v 0.9 1.2 4.6
v 1 1.2 4.6
v 0.5 1.2 4.5
v 0.6 1.2 4.5
v 0.9 1.2 4.5
v 1 1.2 4.5
v 0.1 1.3 6.8
v 0.2 1.3 6.8
v 1.3 1.3 6.8
v 1.4 1.3 6.8
v -0.1 1.3 6.7
v 0 1.3 6.7
v 0.1 1.3 6.7
v 0.2 1.3 6.7
v 1.3 1.3 6.7
v 1.4 1.3 6.7
v 1.5 1.3 6.7
v 1.6 1.3 6.7
v -0.1 1.3 6.6
v 0 1.3 6.6
v 1.5 1.3 6.6
v 1.6 1.3 6.6
v -0.3 1.3 6.5
v -0.2 1.3 6.5
v -0.3 1.3 6.4
v -0.2 1.3 6.4
v -0.4 1.3 6.3
v -0.3 1.3 6.3
v 1.8 1.3 6.3
v 1.9 1.3 6.3
v -0.4 1.3 6.2
v -0.3 1.3 6.2
v 1.8 1.3 6.2
v 1.9 1.3 6.2
v -0.4 1.3 5.2
v -0.3 1.3 5.2
v 1.8 1.3 5.2
v 1.9 1.3 5.2
v -0.4 1.3 5.1
v -0.3 1.3 5.1
v 1.8 1.3 5.1
v 1.9 1.3 5.1
v -0.3 1.3 5
v -0.2 1.3 5
v -0.3 1.3 4.9
v -0.2 1.3 4.9
v -0.1 1.3 4.8
v 0 1.3 4.8
v 1.5 1.3 4.8
v 1.6 1.3 4.8
v -0.1 1.3 4.7
v 0 1.3 4.7
v 0.1 1.3 4.7
v 0.2 1.3 4.7
v 1.3 1.3 4.7
v 1.4 1.3 4.7
v 1.5 1.3 4.7
v 1.6 1.3 4.7
v 0.1 1.3 4.6
v 0.2 1.3 4.6
v 1.3 1.3 4.6
v 1.4 1.3 4.6
v 0.3 2 6.9
v 1.2 2 6.9
v 0.1 2 6.8
v 0.2 2 6.8
v 0.3 2 6.8
v 0.6 2 6.8
v 0.8 2 6.8
v 1.2 2 6.8
v 1.4 2 6.8
v -0.1 2 6.7
v 0.1 2 6.7
v 0.2 2 6.7
v 1.2 2 6.7
v 1.4 2 6.7
v 1.6 2 6.7
v -0.2 2 6.6
v -0.1 2 6.6
v 0.1 2 6.6
v 1.4 2 6.6
v 1.5 2 6.6
v 1.6 2 6.6
v 1.7 2 6.6
v -0.3 2 6.5
v -0.2 2 6.5
v -0.1 2 6.5
v 1.6 2 6.5
v 1.7 2 6.5
v 1.8 2 6.5
v -0.3 2 6.4
v -0.2 2 6.4
v -0.4 2 6.3
v -0.3 2 6.3
v 1.7 2 6.3
v 1.8 2 6.3
v 1.9 2 6.3
v -0.4 2 6.2
v -0.3 2 6.2
v 1.8 2 6.2
v 1.9 2 6.2
v -0.5 2 6.1
v -0.4 2 6.1
v 1.9 2 6.1
v 2 2 6.1
v -0.4 2 5.8
v 1.9 2 5.8
v -0.4 2 5.6
v 1.9 2 5.6
v -0.5 2 5.3
v -0.4 2 5.3
v 1.9 2 5.3
v 2 2 5.3
v -0.4 2 5.2
v -0.3 2 5.2
v 1.8 2 5.2
v 1.9 2 5.2
v -0.4 2 5.1
v -0.3 2 5.1
v 1.7 2 5.1
v 1.8 2 5.1
v 1.9 2 5.1
v -0.3 2 5
v -0.2 2 5
v 1.7 2 5
v -0.3 2 4.9
v -0.2 2 4.9
v -0.1 2 4.9
v 1.6 2 4.9
v 1.7 2 4.9
v 1.8 2 4.9
v -0.2 2 4.8
v -0.1 2 4.8
v 0 2 4.8
v 0.1 2 4.8
v 1.4 2 4.8
v 1.6 2 4.8
v 1.7 2 4.8
v -0.1 2 4.7
v 0.1 2 4.7
v 0.2 2 4.7
v 1.2 2 4.7
v 1.4 2 4.7
v 1.6 2 4.7
v 0.1 2 4.6
v 0.2 2 4.6
v 0.3 2 4.6
v 0.6 2 4.6
v 0.9 2 4.6
v 1.2 2 4.6
v 1.4 2 4.6
v 0.3 2 4.5
v 1.2 2 4.5
v 0.3 0.9 6.9
v 1.2 0.9 6.9
v 0.1 0.9 6.8
v 0.2 0.9 6.8
v 0.3 0.9 6.8
v 0.6 0.9 6.8
v 0.8 0.9 6.8
v 1.2 0.9 6.8
v 1.4 0.9 6.8
v -0.1 0.9 6.7
v 0.1 0.9 6.7
v 0.2 0.9 6.7
v 1.2 0.9 6.7
v 1.4 0.9 6.7
v 1.6 0.9 6.7
v -0.2 0.9 6.6
v -0.1 0.9 6.6
v 0.1 0.9 6.6
v 1.4 0.9 6.6
v 1.5 0.9 6.6
v 1.6 0.9 6.6
v 1.7 0.9 6.6
v -0.3 0.9 6.5
v -0.2 0.9 6.5
v -0.1 0.9 6.5
v 1.6 0.9 6.5
v 1.7 0.9 6.5
v 1.8 0.9 6.5
v -0.3 0.9 6.4
v -0.2 0.9 6.4
v -0.4 0.9 6.3
v -0.3 0.9 6.3
v 1.7 0.9 6.3
v 1.8 0.9 6.3
v 1.9 0.9 6.3
v -0.4 0.9 6.2
v -0.3 0.9 6.2
v 1.8 0.9 6.2
v 1.9 0.9 6.2
v -0.5 0.9 6.1
v -0.4 0.9 6.1
v 1.9 0.9 6.1
v 2 0.9 6.1
v -0.4 0.9 5.8
v 1.9 0.9 5.8
v -0.4 0.9 5.6
v 1.9 0.9 5.6
v -0.5 0.9 5.3
v -0.4 0.9 5.3
v 1.9 0.9 5.3
v 2 0.9 5.3
v -0.4 0.9 5.2
v -0.3 0.9 5.2
v 1.8 0.9 5.2
v 1.9 0.9 5.2
v -0.4 0.9 5.1
v -0.3 0.9 5.1
v 1.7 0.9 5.1
v 1.8 0.9 5.1
v 1.9 0.9 5.1
v -0.3 0.9 5
v -0.2 0.9 5
v 1.7 0.9 5
v -0.3 0.9 4.9
v -0.2 0.9 4.9
v -0.1 0.9 4.9
v 1.6 0.9 4.9
v 1.7 0.9 4.9
v 1.8 0.9 4.9
v -0.2 0.9 4.8
v -0.1 0.9 4.8
v 0.1 0.9 4.8
v 1.4 0.9 4.8
v 1.6 0.9 4.8
v 1.7 0.9 4.8
v -0.1 0.9 4.7
v 0.1 0.9 4.7
v 0.2 0.9 4.7
v 1.2 0.9 4.7
v 1.4 0.9 4.7
v 1.6 0.9 4.7
v 0.1 0.9 4.6
v 0.2 0.9 4.6
v 0.3 0.9 4.6
v 0.6 0.9 4.6
v 0.9 0.9 4.6
v 1.2 0.9 4.6
v 1.4 0.9 4.6
v 0.3 0.9 4.5
v 1.2 0.9 4.5
v 0.1 1.6 6.8
v 0.2 1.6 6.8
v 1.3 1.6 6.8
v 1.4 1.6 6.8
v -0.1 1.6 6.7
v 0 1.6 6.7
v 0.1 1.6 6.7
v 0.2 1.6 6.7
v 1.3 1.6 6.7
v 1.4 1.6 6.7
v 1.5 1.6 6.7
v 1.6 1.6 6.7
v -0.1 1.6 6.6
v 0 1.6 6.6
v 1.5 1.6 6.6
v 1.6 1.6 6.6
v -0.3 1.6 6.5
v -0.2 1.6 6.5
v -0.3 1.6 6.4
v -0.2 1.6 6.4
v -0.4 1.6 6.3
v -0.3 1.6 6.3
v 1.8 1.6 6.3
v 1.9 1.6 6.3
v -0.4 1.6 6.2
v -0.3 1.6 6.2
v 1.8 1.6 6.2
v 1.9 1.6 6.2
v -0.4 1.6 5.2
v -0.3 1.6 5.2
v 1.8 1.6 5.2
v 1.9 1.6 5.2
v -0.4 1.6 5.1
v -0.3 1.6 5.1
v 1.8 1.6 5.1
v 1.9 1.6 5.1
v -0.3 1.6 5
v -0.2 1.6 5
v -0.3 1.6 4.9
v -0.2 1.6 4.9
v -0.1 1.6 4.8
v 0 1.6 4.8
v 1.5 1.6 4.8
v 1.6 1.6 4.8
v -0.1 1.6 4.7
v 0 1.6 4.7
v 0.1 1.6 4.7
v 0.2 1.6 4.7
v 1.3 1.6 4.7
v 1.4 1.6 4.7
v 1.5 1.6 4.7
v 1.6 1.6 4.7
v 0.1 1.6 4.6
v 0.2 1.6 4.6
v 1.3 1.6 4.6
v 1.4 1.6 4.6
v 0.5 1.7 6.9
v 0.6 1.7 6.9
v 0.9 1.7 6.9
v 1 1.7 6.9
v 0.5 1.7 6.8
v 0.6 1.7 6.8
v 0.9 1.7 6.8
v 1 1.7 6.8
v 0.5 1.7 4.6
v 0.6 1.7 4.6
v 0.9 1.7 4.6
v 1 1.7 4.6
v 0.5 1.7 4.5
v 0.6 1.7 4.5
v 0.9 1.7 4.5
v 1 1.7 4.5
v 0.6 1.8 6.9
v 0.8 1.8 6.9
v 0.9 1.8 6.9
v 0.6 1.8 6.8
v 0.8 1.8 6.8
v 0.9 1.8 6.8
v 1.7 1.8 6.4
v 1.8 1.8 6.4
v 1.7 1.8 6.3
v 1.8 1.8 6.3
v -0.5 1.8 5.9
v -0.4 1.8 5.9
v 1.9 1.8 5.9
v 2 1.8 5.9
v -0.5 1.8 5.8
v -0.4 1.8 5.8
v 1.9 1.8 5.8
v 2 1.8 5.8
v -0.5 1.8 5.6
v -0.4 1.8 5.6
v 1.9 1.8 5.6
v 2 1.8 5.6
v -0.5 1.8 5.5
v -0.4 1.8 5.5
v 1.9 1.8 5.5
v 2 1.8 5.5
v 1.7 1.8 5.1
v 1.8 1.8 5.1
v 1.7 1.8 5
v 1.8 1.8 5
v 0.6 1.8 4.6
v 0.9 1.8 4.6
v 0.6 1.8 4.5
v 0.9 1.8 4.5
v 1.2 1.9 6.8
v 1.3 1.9 6.8
v 0 1.9 6.7
v 0.1 1.9 6.7
v 1.2 1.9 6.7
v 1.3 1.9 6.7
v 1.4 1.9 6.7
v 1.5 1.9 6.7
v 0 1.9 6.6
v 0.1 1.9 6.6
v 1.4 1.9 6.6
v 1.5 1.9 6.6
v 0 1.9 4.8
v 0.1 1.9 4.8
v 1.4 1.9 4.8
v 1.5 1.9 4.8
v 0 1.9 4.7
v 0.1 1.9 4.7
v 1.2 1.9 4.7
v 1.3 1.9 4.7
v 1.4 1.9 4.7
v 1.5 1.9 4.7
v 1.2 1.9 4.6
v 1.3 1.9 4.6
v 0.3 2.3 6.9
v 1.2 2.3 6.9
v 0.1 2.3 6.8
v 0.3 2.3 6.8
v 0.6 2.3 6.8
v 0.8 2.3 6.8
v 0.9 2.3 6.8
v 1.2 2.3 6.8
v 1.4 2.3 6.8
v -0.1 2.3 6.7
v 0.1 2.3 6.7
v 0.2 2.3 6.7
v 0.6 2.3 6.7
v 0.9 2.3 6.7
v 1.2 2.3 6.7
v 1.4 2.3 6.7
v 1.6 2.3 6.7
v -0.2 2.3 6.6
v -0.1 2.3 6.6
v 0.1 2.3 6.6
v 0.2 2.3 6.6
v 1.2 2.3 6.6
v 1.3 2.3 6.6
v 1.4 2.3 6.6
v 1.6 2.3 6.6
v 1.7 2.3 6.6
v -0.3 2.3 6.5
v -0.2 2.3 6.5
v 0 2.3 6.5
v 0.1 2.3 6.5
v 1.4 2.3 6.5
v 1.5 2.3 6.5
v 1.7 2.3 6.5
v 1.8 2.3 6.5
v -0.1 2.3 6.4
v 0 2.3 6.4
v 1.5 2.3 6.4
v 1.6 2.3 6.4
v -0.4 2.3 6.3
v -0.3 2.3 6.3
v -0.2 2.3 6.3
v -0.1 2.3 6.3
v 1.6 2.3 6.3
v 1.7 2.3 6.3
v 1.8 2.3 6.3
v 1.9 2.3 6.3
v -0.3 2.3 6.2
v -0.2 2.3 6.2
v -0.5 2.3 6.1
v -0.4 2.3 6.1
v 1.7 2.3 6.1
v 1.8 2.3 6.1
v 1.9 2.3 6.1
v 2 2.3 6.1
v -0.4 2.3 5.8
v -0.3 2.3 5.8
v 1.8 2.3 5.8
v 1.9 2.3 5.8
v -0.4 2.3 5.6
v -0.3 2.3 5.6
v 1.8 2.3 5.6
v 1.9 2.3 5.6
v -0.5 2.3 5.3
v -0.4 2.3 5.3
v 1.7 2.3 5.3
v 1.8 2.3 5.3
v 1.9 2.3 5.3
v 2 2.3 5.3
v -0.3 2.3 5.2
v -0.2 2.3 5.2
v -0.4 2.3 5.1
v -0.3 2.3 5.1
v -0.2 2.3 5.1
v -0.1 2.3 5.1
v 1.6 2.3 5.1
v 1.7 2.3 5.1
v 1.8 2.3 5.1
v 1.9 2.3 5.1
v -0.1 2.3 5
v 0 2.3 5
v 1.5 2.3 5
v 1.6 2.3 5
v -0.3 2.3 4.9
v -0.2 2.3 4.9
v 0 2.3 4.9
v 0.1 2.3 4.9
v 1.4 2.3 4.9
v 1.5 2.3 4.9
v 1.7 2.3 4.9
v 1.8 2.3 4.9
v -0.2 2.3 4.8
v -0.1 2.3 4.8
v 0.1 2.3 4.8
v 0.2 2.3 4.8
v 1.2 2.3 4.8
v 1.4 2.3 4.8
v 1.6 2.3 4.8
v 1.7 2.3 4.8
v -0.1 2.3 4.7
v 0.1 2.3 4.7
v 0.2 2.3 4.7
v 0.6 2.3 4.7
v 0.9 2.3 4.7
v 1.2 2.3 4.7
v 1.4 2.3 4.7
v 1.6 2.3 4.7
v 0.1 2.3 4.6
v 0.3 2.3 4.6
v 0.6 2.3 4.6
v 0.9 2.3 4.6
v 1.2 2.3 4.6
v 1.4 2.3 4.6
v 0.3 2.3 4.5
v 1.2 2.3 4.5
v 0.6 2.4 6.8
v 0.8 2.4 6.8
v 0.9 2.4 6.8
v 0.2 2.4 6.7
v 0.3 2.4 6.7
v 0.6 2.4 6.7
v 0.8 2.4 6.7
v 0.9 2.4 6.7
v 0.1 2.4 6.6
v 0.2 2.4 6.6
v 0.3 2.4 6.6
v 1.3 2.4 6.6
v 1.4 2.4 6.6
v 0.1 2.4 6.5
v 0.2 2.4 6.5
v 1.3 2.4 6.5
v 1.4 2.4 6.5
v -0.2 2.4 6.3
v -0.1 2.4 6.3
v 1.6 2.4 6.3
v 1.7 2.4 6.3
v -0.3 2.4 6.2
v -0.2 2.4 6.2
v -0.1 2.4 6.2
v 1.6 2.4 6.2
v 1.7 2.4 6.2
v -0.3 2.4 6.1
v -0.2 2.4 6.1
v 1.7 2.4 6.1
v 1.8 2.4 6.1
v 1.7 2.4 5.9
v 1.8 2.4 5.9
v -0.4 2.4 5.8
v -0.3 2.4 5.8
v 1.8 2.4 5.8
v 1.9 2.4 5.8
v -0.4 2.4 5.6
v -0.3 2.4 5.6
v 1.8 2.4 5.6
v 1.9 2.4 5.6
v 1.7 2.4 5.5
v 1.8 2.4 5.5
v -0.3 2.4 5.3
v -0.2 2.4 5.3
v 1.7 2.4 5.3
v 1.8 2.4 5.3
v -0.3 2.4 5.2
v -0.2 2.4 5.2
v -0.1 2.4 5.2
v 1.6 2.4 5.2
v 1.7 2.4 5.2
v -0.2 2.4 5.1
v -0.1 2.4 5.1
v 1.6 2.4 5.1
v 1.7 2.4 5.1
v 0.1 2.4 4.9
v 0.2 2.4 4.9
v 1.3 2.4 4.9
v 1.4 2.4 4.9
v 0.1 2.4 4.8
v 0.2 2.4 4.8
v 0.3 2.4 4.8
v 1.3 2.4 4.8
v 1.4 2.4 4.8
v 0.2 2.4 4.7
v 0.3 2.4 4.7
v 0.6 2.4 4.7
v 0.7 2.4 4.7
v 0.9 2.4 4.7
v 0.6 2.4 4.6
v 0.9 2.4 4.6
v 0.3 2.5 6.7
v 0.4 2.5 6.7
v 1.1 2.5 6.7
v 1.2 2.5 6.7
v 0.3 2.5 6.6
v 0.4 2.5 6.6
v 1.1 2.5 6.6
v 1.2 2.5 6.6
v 1.3 2.5 6.6
v 0 2.5 6.5
v 0.1 2.5 6.5
v 1.2 2.5 6.5
v 1.3 2.5 6.5
v 1.4 2.5 6.5
v 1.5 2.5 6.5
v 0 2.5 6.4
v 0.1 2.5 6.4
v 1.4 2.5 6.4
v 1.5 2.5 6.4
v -0.3 2.5 6.1
v -0.2 2.5 6.1
v -0.3 2.5 6
v -0.2 2.5 6
v 1.7 2.5 5.9
v 1.8 2.5 5.9
v 1.7 2.5 5.8
v 1.8 2.5 5.8
v 1.7 2.5 5.6
v 1.8 2.5 5.6
v 1.7 2.5 5.5
v 1.8 2.5 5.5
v -0.3 2.5 5.4
v -0.2 2.5 5.4
v -0.3 2.5 5.3
v -0.2 2.5 5.3
v 0 2.5 5
v 0.1 2.5 5
v 1.4 2.5 5
v 1.5 2.5 5
v 0 2.5 4.9
v 0.1 2.5 4.9
v 1.2 2.5 4.9
v 1.3 2.5 4.9
v 1.4 2.5 4.9
v 1.5 2.5 4.9
v 0.3 2.5 4.8
v 0.4 2.5 4.8
v 1.1 2.5 4.8
v 1.2 2.5 4.8
v 1.3 2.5 4.8
v 0.3 2.5 4.7
v 0.4 2.5 4.7
v 1.1 2.5 4.7
v 1.2 2.5 4.7
v 0.4 2.6 6.7
v 0.6 2.6 6.7
v 0.9 2.6 6.7
v 1.1 2.6 6.7
v 0.2 2.6 6.6
v 0.4 2.6 6.6
v 0.6 2.6 6.6
v 0.9 2.6 6.6
v 1.1 2.6 6.6
v 1.2 2.6 6.6
v 0.1 2.6 6.5
v 0.2 2.6 6.5
v 0.4 2.6 6.5
v 1.1 2.6 6.5
v 1.2 2.6 6.5
v 1.3 2.6 6.5
v 1.4 2.6 6.5
v -0.1 2.6 6.4
v 0 2.6 6.4
v 0.1 2.6 6.4
v 0.2 2.6 6.4
v 1.3 2.6 6.4
v 1.4 2.6 6.4
v 1.5 2.6 6.4
v 1.6 2.6 6.4
v -0.1 2.6 6.3
v 0 2.6 6.3
v -0.2 2.6 6.2
v -0.1 2.6 6.2
v 0 2.6 6.2
v 1.5 2.6 6.2
v 1.6 2.6 6.2
v 1.7 2.6 6.2
v -0.2 2.6 6.1
v -0.1 2.6 6.1
v 1.6 2.6 6.1
v 1.7 2.6 6.1
v -0.3 2.6 6
v -0.2 2.6 6
v -0.3 2.6 5.8
v -0.2 2.6 5.8
v -0.3 2.6 5.6
v -0.2 2.6 5.6
v -0.3 2.6 5.4
v -0.2 2.6 5.4
v -0.2 2.6 5.3
v -0.1 2.6 5.3
v 1.6 2.6 5.3
v 1.7 2.6 5.3
v -0.2 2.6 5.2
v -0.1 2.6 5.2
v 0 2.6 5.2
v 1.5 2.6 5.2
v 1.6 2.6 5.2
v 1.7 2.6 5.2
v 1.5 2.6 5.1
v 1.6 2.6 5.1
v -0.1 2.6 5
v 0 2.6 5
v 0.1 2.6 5
v 0.2 2.6 5
v 1.3 2.6 5
v 1.4 2.6 5
v 1.5 2.6 5
v 1.6 2.6 5
v 0.1 2.6 4.9
v 0.2 2.6 4.9
v 0.4 2.6 4.9
v 1.1 2.6 4.9
v 1.2 2.6 4.9
v 1.3 2.6 4.9
v 1.4 2.6 4.9
v 0.2 2.6 4.8
v 0.4 2.6 4.8
v 0.6 2.6 4.8
v 0.9 2.6 4.8
v 1.1 2.6 4.8
v 1.2 2.6 4.8
v 0.4 2.6 4.7
v 0.6 2.6 4.7
v 0.9 2.6 4.7
v 1.1 2.6 4.7
v 0.6 2.7 6.7
v 0.9 2.7 6.7
v 0.4 2.7 6.6
v 0.6 2.7 6.6
v 0.9 2.7 6.6
v 1.1 2.7 6.6
v 0.2 2.7 6.5
v 0.4 2.7 6.5
v 1.1 2.7 6.5
v 1.3 2.7 6.5
v 0 2.7 6.4
v 0.2 2.7 6.4
v 1.3 2.7 6.4
v 1.5 2.7 6.4
v -0.1 2.7 6.2
v 0 2.7 6.2
v 1.5 2.7 6.2
v 1.6 2.7 6.2
v -0.2 2.7 6.1
v -0.1 2.7 6.1
v 1.6 2.7 6.1
v 1.7 2.7 6.1
v -0.3 2.7 5.8
v -0.2 2.7 5.8
v -0.3 2.7 5.6
v -0.2 2.7 5.6
v -0.2 2.7 5.3
v -0.1 2.7 5.3
v 1.6 2.7 5.3
v 1.7 2.7 5.3
v -0.1 2.7 5.2
v 0 2.7 5.2
v 1.5 2.7 5.2
v 1.6 2.7 5.2
v 0 2.7 5
v 0.2 2.7 5
v 1.3 2.7 5
v 1.5 2.7 5
v 0.2 2.7 4.9
v 0.4 2.7 4.9
v 1.1 2.7 4.9
v 1.3 2.7 4.9
v 0.4 2.7 4.8
v 0.6 2.7 4.8
v 0.9 2.7 4.8
v 1.1 2.7 4.8
v 0.6 2.7 4.7
v 0.9 2.7 4.7

# faces
f 3/2/1 2/2/1 1/2/1
f 4/2/1 2/2/1 3/2/1
f 9/1/1 6/1/1 5/1/1
f 10/3/1 7/3/1 6/3/1
f 10/1/1 6/1/1 9/1/1
f 11/1/1 8/1/1 7/1/1
f 11/3/1 7/3/1 10/3/1
f 12/1/1 8/1/1 11/1/1
f 15/2/1 14/2/1 13/2/1
f 16/2/1 14/2/1 15/2/1
f 21/3/1 18/3/1 17/3/1
f 22/3/1 18/3/1 21/3/1
f 25/2/1 20/2/1 19/2/1
f 26/2/1 20/2/1 25/2/1
f 27/2/1 20/2/1 26/2/1
f 30/2/1 24/2/1 23/2/1
f 31/2/1 24/2/1 30/2/1
f 32/2/1 24/2/1 31/2/1
f 33/1/1 27/1/1 26/1/1
f 33/1/1 28/1/1 27/1/1
f 34/3/1 29/3/1 28/3/1
f 34/1/1 28/1/1 33/1/1
f 35/1/1 31/1/1 30/1/1
f 35/3/1 29/3/1 34/3/1
f 35/1/1 30/1/1 29/1/1
f 36/1/1 31/1/1 35/1/1
f 38/1/1 33/1/1 26/1/1
f 39/1/1 31/1/1 36/1/1
f 41/1/1 38/1/1 37/1/1
f 42/1/1 33/1/1 38/1/1
f 42/1/1 38/1/1 41/1/1
f 43/1/1 40/1/1 39/1/1
f 43/1/1 39/1/1 36/1/1
f 44/1/1 40/1/1 43/1/1
f 45/1/1 33/1/1 42/1/1
f 48/1/1 43/1/1 36/1/1
f 50/1/1 45/1/1 42/1/1
f 50/1/1 46/1/1 45/1/1
f 51/1/1 46/1/1 50/1/1
f 52/3/1 47/3/1 46/3/1
f 52/1/1 46/1/1 51/1/1
f 53/1/1 48/1/1 47/1/1
f 53/3/1 47/3/1 52/3/1
f 54/1/1 43/1/1 48/1/1
f 54/1/1 48/1/1 53/1/1
f 55/1/1 43/1/1 54/1/1
f 57/2/1 51/2/1 50/2/1
f 57/2/1 50/2/1 49/2/1
f 58/2/1 51/2/1 57/2/1
f 61/2/1 56/2/1 55/2/1
f 61/2/1 55/2/1 54/2/1
f 62/2/1 56/2/1 61/2/1
f 63/3/1 60/3/1 59/3/1
f 64/3/1 60/3/1 63/3/1
f 68/3/1 66/3/1 65/3/1
f 69/3/1 66/3/1 68/3/1
f 72/1/1 68/1/1 67/1/1
f 73/1/1 70/1/1 69/1/1
f 76/1/1 72/1/1 71/1/1
f 77/3/1 69/3/1 68/3/1
f 77/1/1 68/1/1 72/1/1
f 77/1/1 72/1/1 76/1/1
f 78/1/1 74/1/1 73/1/1
f 78/3/1 69/3/1 77/3/1
f 78/1/1 73/1/1 69/1/1
f 79/1/1 74/1/1 78/1/1
f 83/1/1 77/1/1 76/1/1
f 83/1/1 76/1/1 75/1/1
f 84/1/1 77/1/1 83/1/1
f 85/1/1 79/1/1 78/1/1
f 85/1/1 80/1/1 79/1/1
f 86/1/1 80/1/1 85/1/1
f 89/2/1 82/2/1 81/2/1
f 90/2/1 82/2/1 89/2/1
f 91/2/1 82/2/1 90/2/1
f 94/2/1 88/2/1 87/2/1
f 95/2/1 88/2/1 94/2/1
f 96/2/1 88/2/1 95/2/1
f 98/1/1 92/1/1 91/1/1
f 98/1/1 91/1/1 90/1/1
f 99/1/1 92/1/1 98/1/1
f 100/1/1 92/1/1 99/1/1
f 101/1/1 95/1/1 94/1/1
f 101/1/1 94/1/1 93/1/1
f 102/1/1 95/1/1 101/1/1
f 103/1/1 95/1/1 102/1/1
f 105/1/1 99/1/1 98/1/1
f 105/1/1 98/1/1 97/1/1
f 106/1/1 99/1/1 105/1/1
f 107/1/1 99/1/1 106/1/1
f 110/1/1 104/1/1 103/1/1
f 110/1/1 103/1/1 102/1/1
f 111/1/1 104/1/1 110/1/1
f 112/1/1 104/1/1 111/1/1
f 114/1/1 108/1/1 107/1/1
f 114/1/1 107/1/1 106/1/1
f 115/1/1 108/1/1 114/1/1
f 116/1/1 108/1/1 115/1/1
f 117/1/1 111/1/1 110/1/1
f 117/1/1 110/1/1 109/1/1
f 118/1/1 111/1/1 117/1/1
f 119/1/1 111/1/1 118/1/1
f 121/2/1 115/2/1 114/2/1
f 121/2/1 114/2/1 113/2/1
f 122/2/1 115/2/1 121/2/1
f 127/2/1 120/2/1 119/2/1
f 127/2/1 119/2/1 118/2/1
f 128/2/1 120/2/1 127/2/1
f 129/1/1 124/1/1 123/1/1
f 130/1/1 124/1/1 129/1/1
f 131/1/1 124/1/1 130/1/1
f 132/1/1 126/1/1 125/1/1
f 133/1/1 126/1/1 132/1/1
f 134/1/1 126/1/1 133/1/1
f 135/1/1 131/1/1 130/1/1
f 136/1/1 131/1/1 135/1/1
f 137/1/1 133/1/1 132/1/1
f 138/1/1 133/1/1 137/1/1
f 139/1/1 131/1/1 136/1/1
f 140/3/1 132/3/1 131/3/1
f 140/1/1 131/1/1 139/1/1
f 141/1/1 137/1/1 132/1/1
f 141/3/1 132/3/1 140/3/1
f 142/1/1 137/1/1 141/1/1
f 143/3/1 141/3/1 140/3/1
f 144/3/1 141/3/1 143/3/1
f 150/3/1 146/3/1 145/3/1
f 151/3/1 146/3/1 150/3/1
f 152/3/1 146/3/1 151/3/1
f 153/3/1 148/3/1 147/3/1
f 154/3/1 148/3/1 153/3/1
f 155/3/1 148/3/1 154/3/1
f 157/1/1 150/1/1 149/1/1
f 157/1/1 151/1/1 150/1/1
f 158/1/1 151/1/1 157/1/1
f 159/1/1 156/1/1 155/1/1
f 159/1/1 155/1/1 154/1/1
f 160/1/1 156/1/1 159/1/1
f 162/1/1 157/1/1 149/1/1
f 163/1/1 157/1/1 162/1/1
f 164/1/1 156/1/1 160/1/1
f 165/1/1 156/1/1 164/1/1
f 169/1/1 162/1/1 161/1/1
f 170/1/1 162/1/1 169/1/1
f 171/1/1 166/1/1 165/1/1
f 172/1/1 166/1/1 171/1/1
f 175/2/1 168/2/1 167/2/1
f 176/2/1 168/2/1 175/2/1
f 179/2/1 174/2/1 173/2/1
f 180/2/1 174/2/1 179/2/1
f 181/1/1 177/1/1 176/1/1
f 182/1/1 177/1/1 181/1/1
f 183/3/1 182/3/1 181/3/1
f 184/3/1 182/3/1 183/3/1
f 185/1/1 179/1/1 178/1/1
f 186/1/1 179/1/1 185/1/1
f 192/3/1 188/3/1 187/3/1
f 193/3/1 188/3/1 192/3/1
f 194/1/1 190/1/1 189/1/1
f 195/1/1 190/1/1 194/1/1
f 197/2/1 192/2/1 191/2/1
f 198/2/1 192/2/1 197/2/1
f 203/2/1 196/2/1 195/2/1
f 204/2/1 196/2/1 203/2/1
f 205/1/1 200/1/1 199/1/1
f 206/1/1 200/1/1 205/1/1
f 209/1/1 202/1/1 201/1/1
f 210/1/1 202/1/1 209/1/1
f 211/1/1 207/1/1 206/1/1
f 214/1/1 209/1/1 208/1/1
f 215/1/1 212/1/1 211/1/1
f 215/1/1 211/1/1 206/1/1
f 216/1/1 212/1/1 215/1/1
f 217/1/1 212/1/1 216/1/1
f 220/1/1 214/1/1 213/1/1
f 221/1/1 209/1/1 214/1/1
f 221/1/1 214/1/1 220/1/1
f 222/1/1 209/1/1 221/1/1
f 223/3/1 218/3/1 217/3/1
f 223/3/1 217/3/1 216/3/1
f 224/3/1 218/3/1 223/3/1
f 225/3/1 220/3/1 219/3/1
f 225/3/1 221/3/1 220/3/1
f 226/3/1 221/3/1 225/3/1
f 232/3/1 228/3/1 227/3/1
f 233/3/1 228/3/1 232/3/1
f 234/3/1 230/3/1 229/3/1
f 235/3/1 230/3/1 234/3/1
f 237/1/1 236/1/1 235/1/1
f 238/1/1 236/1/1 237/1/1
f 239/1/1 232/1/1 231/1/1
f 240/1/1 232/1/1 239/1/1
f 241/1/1 237/1/1 235/1/1
f 242/3/1 238/3/1 237/3/1
f 242/1/1 237/1/1 241/1/1
f 245/1/1 239/1/1 231/1/1
f 246/1/1 239/1/1 245/1/1
f 247/3/1 238/3/1 242/3/1
f 248/3/1 238/3/1 247/3/1
f 251/2/1 244/2/1 243/2/1
f 252/2/1 244/2/1 251/2/1
f 255/2/1 250/2/1 249/2/1
f 256/2/1 250/2/1 255/2/1
f 257/1/1 253/1/1 252/1/1
f 258/1/1 253/1/1 257/1/1
f 259/1/1 255/1/1 254/1/1
f 260/1/1 255/1/1 259/1/1
f 261/3/1 258/3/1 257/3/1
f 263/3/1 261/3/1 257/3/1
f 264/3/1 261/3/1 263/3/1
f 265/3/1 260/3/1 259/3/1
f 267/1/1 264/1/1 263/1/1
f 267/1/1 263/1/1 262/1/1
f 268/1/1 264/1/1 267/1/1
f 269/3/1 265/3/1 259/3/1
f 269/1/1 266/1/1 265/1/1
f 270/1/1 266/1/1 269/1/1
f 272/1/1 264/1/1 268/1/1
f 273/1/1 264/1/1 272/1/1
f 274/3/1 269/3/1 259/3/1
f 275/3/1 269/3/1 274/3/1
f 277/2/1 272/2/1 271/2/1
f 278/2/1 272/2/1 277/2/1
f 283/2/1 276/2/1 275/2/1
f 284/2/1 276/2/1 283/2/1
f 285/3/1 280/3/1 279/3/1
f 288/1/1 282/1/1 281/1/1
f 289/3/1 285/3/1 279/3/1
f 290/1/1 286/1/1 285/1/1
f 290/3/1 285/3/1 289/3/1
f 291/1/1 286/1/1 290/1/1
f 294/1/1 288/1/1 287/1/1
f 295/1/1 282/1/1 288/1/1
f 295/1/1 288/1/1 294/1/1
f 296/3/1 292/3/1 291/3/1
f 297/3/1 292/3/1 296/3/1
f 298/3/1 294/3/1 293/3/1
f 299/3/1 294/3/1 298/3/1
f 304/3/1 301/3/1 300/3/1
f 305/3/1 301/3/1 304/3/1
f 306/3/1 303/3/1 302/3/1
f 307/3/1 303/3/1 306/3/1
f 312/1/1 309/1/1 308/1/1
f 313/1/1 309/1/1 312/1/1
f 314/3/1 313/3/1 312/3/1
f 315/3/1 313/3/1 314/3/1
f 316/1/1 311/1/1 310/1/1
f 317/1/1 311/1/1 316/1/1
f 322/1/1 319/1/1 318/1/1
f 323/1/1 321/1/1 320/1/1
f 324/1/1 322/1/1 318/1/1
f 325/1/1 322/1/1 324/1/1
f 326/1/1 321/1/1 323/1/1
f 327/1/1 321/1/1 326/1/1
f 332/1/1 329/1/1 328/1/1
f 333/1/1 329/1/1 332/1/1
f 334/1/1 331/1/1 330/1/1
f 335/1/1 331/1/1 334/1/1
f 340/1/1 337/1/1 336/1/1
f 341/1/1 337/1/1 340/1/1
f 342/3/1 339/3/1 338/3/1
f 343/3/1 339/3/1 342/3/1
f 349/3/1 345/3/1 344/3/1
f 349/3/1 346/3/1 345/3/1
f 350/3/1 346/3/1 349/3/1
f 351/3/1 348/3/1 347/3/1
f 352/3/1 348/3/1 351/3/1
f 357/1/1 354/1/1 353/1/1
f 358/1/1 354/1/1 357/1/1
f 359/1/1 356/1/1 355/1/1
f 360/1/1 356/1/1 359/1/1
f 367/1/1 362/1/1 361/1/1
f 368/1/1 362/1/1 367/1/1
f 369/1/1 364/1/1 363/1/1
f 370/1/1 364/1/1 369/1/1
f 373/2/1 366/2/1 365/2/1
f 374/2/1 366/2/1 373/2/1
f 377/2/1 372/2/1 371/2/1
f 378/2/1 372/2/1 377/2/1
f 379/1/1 375/1/1 374/1/1
f 380/1/1 375/1/1 379/1/1
f 381/1/1 377/1/1 376/1/1
f 382/1/1 377/1/1 381/1/1
f 387/1/1 384/1/1 383/1/1
f 388/1/1 384/1/1 387/1/1
f 389/1/1 386/1/1 385/1/1
f 390/1/1 386/1/1 389/1/1
f 396/1/1 392/1/1 391/1/1
f 397/1/1 392/1/1 396/1/1
f 398/1/1 394/1/1 393/1/1
f 399/1/1 394/1/1 398/1/1
f 401/2/1 396/2/1 395/2/1
f 402/2/1 396/2/1 401/2/1
f 407/2/1 400/2/1 399/2/1
f 408/2/1 400/2/1 407/2/1
f 409/1/1 404/1/1 403/1/1
f 410/1/1 404/1/1 409/1/1
f 411/1/1 406/1/1 405/1/1
f 412/1/1 406/1/1 411/1/1
f 417/1/1 414/1/1 413/1/1
f 418/1/1 414/1/1 417/1/1
f 419/3/1 416/3/1 415/3/1
f 420/3/1 416/3/1 419/3/1
f 426/3/1 422/3/1 421/3/1
f 427/3/1 422/3/1 426/3/1
f 428/3/1 424/3/1 423/3/1
f 429/3/1 424/3/1 428/3/1
f 432/1/1 426/1/1 425/1/1
f 433/1/1 426/1/1 432/1/1
f 434/1/1 430/1/1 429/1/1
f 435/1/1 430/1/1 434/1/1
f 437/1/1 432/1/1 431/1/1
f 438/1/1 432/1/1 437/1/1
f 439/1/1 436/1/1 435/1/1
f 440/1/1 436/1/1 439/1/1
f 445/1/1 442/1/1 441/1/1
f 446/1/1 442/1/1 445/1/1
f 447/1/1 444/1/1 443/1/1
f 448/1/1 444/1/1 447/1/1
f 453/1/1 450/1/1 449/1/1
f 454/1/1 450/1/1 453/1/1
f 455/1/1 452/1/1 451/1/1
f 456/1/1 452/1/1 455/1/1
f 461/1/1 458/1/1 457/1/1
f 462/1/1 458/1/1 461/1/1
f 465/1/1 460/1/1 459/1/1
f 466/1/1 460/1/1 465/1/1
f 467/1/1 465/1/1 464/1/1
f 468/1/1 463/1/1 462/1/1
f 469/1/1 463/1/1 468/1/1
f 472/1/1 465/1/1 467/1/1
f 473/1/1 465/1/1 472/1/1
f 474/3/1 470/3/1 469/3/1
f 475/3/1 470/3/1 474/3/1
f 476/3/1 472/3/1 471/3/1
f 477/3/1 472/3/1 476/3/1
f 482/1/1 479/1/1 478/1/1
f 483/1/1 479/1/1 482/1/1
f 484/1/1 481/1/1 480/1/1
f 485/1/1 481/1/1 484/1/1
f 490/2/1 487/2/1 486/2/1
f 491/2/1 487/2/1 490/2/1
f 492/2/1 489/2/1 488/2/1
f 493/2/1 489/2/1 492/2/1
f 498/2/1 495/2/1 494/2/1
f 499/2/1 495/2/1 498/2/1
f 500/2/1 497/2/1 496/2/1
f 501/2/1 497/2/1 500/2/1
f 506/1/1 503/1/1 502/1/1
f 507/1/1 503/1/1 506/1/1
f 508/1/1 505/1/1 504/1/1
f 509/1/1 505/1/1 508/1/1
f 515/3/1 511/3/1 510/3/1
f 516/3/1 511/3/1 515/3/1
f 517/3/1 513/3/1 512/3/1
f 518/3/1 513/3/1 517/3/1
f 520/1/1 515/1/1 514/1/1
f 521/1/1 515/1/1 520/1/1
f 522/1/1 519/1/1 518/1/1
f 523/1/1 519/1/1 522/1/1
f 528/1/1 525/1/1 524/1/1
f 529/1/1 525/1/1 528/1/1
f 532/1/1 527/1/1 526/1/1
f 533/1/1 527/1/1 532/1/1
f 534/3/1 530/3/1 529/3/1
f 535/3/1 530/3/1 534/3/1
f 536/3/1 532/3/1 531/3/1
f 537/3/1 532/3/1 536/3/1
f 542/1/1 539/1/1 538/1/1
f 543/1/1 539/1/1 542/1/1
f 544/1/1 541/1/1 540/1/1
f 545/1/1 541/1/1 544/1/1
f 550/3/1 547/3/1 546/3/1
f 551/3/1 547/3/1 550/3/1
f 552/3/1 549/3/1 548/3/1
f 553/3/1 549/3/1 552/3/1
f 558/3/1 555/3/1 554/3/1
f 559/3/1 555/3/1 558/3/1
f 560/3/1 557/3/1 556/3/1
f 561/3/1 557/3/1 560/3/1
f 566/3/1 563/3/1 562/3/1
f 567/3/1 563/3/1 566/3/1
f 568/3/1 565/3/1 564/3/1
f 569/3/1 565/3/1 568/3/1
f 574/3/1 571/3/1 570/3/1
f 575/3/1 571/3/1 574/3/1
f 576/3/1 573/3/1 572/3/1
f 577/3/1 573/3/1 576/3/1
f 582/3/1 579/3/1 578/3/1
f 583/3/1 579/3/1 582/3/1
f 584/3/1 581/3/1 580/3/1
f 585/3/1 581/3/1 584/3/1
f 590/3/1 587/3/1 586/3/1
f 591/3/1 587/3/1 590/3/1
f 592/3/1 589/3/1 588/3/1
f 593/3/1 589/3/1 592/3/1
f 594/3/2 595/3/2 598/3/2
f 598/3/2 595/3/2 599/3/2
f 596/3/2 597/3/2 600/3/2
f 600/3/2 597/3/2 601/3/2
f 602/1/2 603/1/2 606/1/2
f 606/1/2 603/1/2 607/1/2
f 604/3/2 605/3/2 608/3/2
f 608/3/2 605/3/2 609/3/2
f 610/1/2 611/1/2 614/1/2
f 614/1/2 611/1/2 615/1/2
f 612/3/2 613/3/2 616/3/2
f 616/3/2 613/3/2 617/3/2
f 618/1/2 619/1/2 622/1/2
f 622/1/2 619/1/2 623/1/2
f 620/3/2 621/3/2 624/3/2
f 624/3/2 621/3/2 625/3/2
f 626/1/2 627/1/2 630/1/2
f 630/1/2 627/1/2 631/1/2
f 628/3/2 629/3/2 632/3/2
f 632/3/2 629/3/2 633/3/2
f 634/3/2 635/3/2 638/3/2
f 638/3/2 635/3/2 639/3/2
f 636/3/2 637/3/2 640/3/2
f 640/3/2 637/3/2 641/3/2
f 642/1/2 643/1/2 646/1/2
f 646/1/2 643/1/2 647/1/2
f 644/1/2 645/1/2 648/1/2
f 648/1/2 645/1/2 649/1/2
f 650/3/2 651/3/2 655/3/2
f 655/3/2 651/3/2 656/3/2
f 652/3/2 653/3/2 657/3/2
f 657/3/2 653/3/2 658/3/2
f 654/1/2 655/1/2 660/1/2
f 660/1/2 655/1/2 661/1/2
f 658/1/2 659/1/2 662/1/2
f 662/1/2 659/1/2 663/1/2
f 664/1/2 665/1/2 668/1/2
f 668/1/2 665/1/2 669/1/2
f 666/1/2 667/1/2 672/1/2
f 672/1/2 667/1/2 673/1/2
f 669/3/2 670/3/2 674/3/2
f 674/3/2 670/3/2 675/3/2
f 671/3/2 672/3/2 676/3/2
f 676/3/2 672/3/2 677/3/2
f 678/1/2 679/1/2 683/1/2
f 683/1/2 679/1/2 684/1/2
f 680/1/2 681/1/2 685/1/2
f 685/1/2 681/1/2 686/1/2
f 682/1/2 683/1/2 690/1/2
f 690/1/2 683/1/2 691/1/2
f 686/1/2 687/1/2 692/1/2
f 692/1/2 687/1/2 693/1/2
f 688/2/2 689/2/2 696/2/2
f 696/2/2 689/2/2 697/2/2
f 694/2/2 695/2/2 700/2/2
f 700/2/2 695/2/2 701/2/2
f 697/1/2 698/1/2 702/1/2
f 702/1/2 698/1/2 703/1/2
f 699/1/2 700/1/2 704/1/2
f 704/1/2 700/1/2 705/1/2
f 706/1/2 707/1/2 711/1/2
f 711/1/2 707/1/2 712/1/2
f 708/1/2 709/1/2 713/1/2
f 713/1/2 709/1/2 714/1/2
f 710/2/2 711/2/2 716/2/2
f 716/2/2 711/2/2 717/2/2
f 714/2/2 715/2/2 722/2/2
f 722/2/2 715/2/2 723/2/2
f 718/1/2 719/1/2 724/1/2
f 724/1/2 719/1/2 725/1/2
f 720/1/2 721/1/2 728/1/2
f 728/1/2 721/1/2 729/1/2
f 725/1/2 726/1/2 730/1/2
f 730/1/2 726/1/2 731/1/2
f 727/1/2 728/1/2 732/1/2
f 732/1/2 728/1/2 733/1/2
f 734/3/2 735/3/2 738/3/2
f 738/3/2 735/3/2 739/3/2
f 736/3/2 737/3/2 740/3/2
f 740/3/2 737/3/2 741/3/2
f 742/1/2 743/1/2 746/1/2
f 746/1/2 743/1/2 747/1/2
f 744/1/2 745/1/2 748/1/2
f 748/1/2 745/1/2 749/1/2
f 750/1/2 751/1/2 754/1/2
f 754/1/2 751/1/2 755/1/2
f 752/1/2 753/1/2 756/1/2
f 756/1/2 753/1/2 757/1/2
f 758/1/2 759/1/2 762/1/2
f 762/1/2 759/1/2 763/1/2
f 760/1/2 761/1/2 764/1/2
f 764/1/2 761/1/2 765/1/2
f 766/1/2 767/1/2 770/1/2
f 770/1/2 767/1/2 771/1/2
f 768/1/2 769/1/2 772/1/2
f 772/1/2 769/1/2 773/1/2
f 774/3/2 775/3/2 778/3/2
f 778/3/2 775/3/2 779/3/2
f 776/3/2 777/3/2 780/3/2
f 780/3/2 777/3/2 781/3/2
f 782/1/2 783/1/2 786/1/2
f 786/1/2 783/1/2 787/1/2
f 784/1/2 785/1/2 788/1/2
f 788/1/2 785/1/2 789/1/2
f 790/1/2 791/1/2 796/1/2
f 796/1/2 791/1/2 797/1/2
f 792/1/2 793/1/2 798/1/2
f 798/1/2 793/1/2 799/1/2
f 794/2/2 795/2/2 802/2/2
f 802/2/2 795/2/2 803/2/2
f 800/2/2 801/2/2 806/2/2
f 806/2/2 801/2/2 807/2/2
f 803/1/2 804/1/2 808/1/2
f 808/1/2 804/1/2 809/1/2
f 805/1/2 806/1/2 810/1/2
f 810/1/2 806/1/2 811/1/2
f 812/1/2 813/1/2 816/1/2
f 816/1/2 813/1/2 817/1/2
f 814/1/2 815/1/2 818/1/2
f 818/1/2 815/1/2 819/1/2
f 820/1/2 821/1/2 825/1/2
f 825/1/2 821/1/2 826/1/2
f 822/1/2 823/1/2 827/1/2
f 827/1/2 823/1/2 828/1/2
f 824/2/2 825/2/2 830/2/2
f 830/2/2 825/2/2 831/2/2
f 828/2/2 829/2/2 836/2/2
f 836/2/2 829/2/2 837/2/2
f 832/3/2 833/3/2 838/3/2
f 838/3/2 833/3/2 839/3/2
f 834/1/2 835/1/2 840/1/2
f 840/1/2 835/1/2 841/1/2
f 842/3/2 843/3/2 846/3/2
f 846/3/2 843/3/2 847/3/2
f 844/1/2 845/1/2 848/1/2
f 848/1/2 845/1/2 849/1/2
f 850/3/2 851/3/2 854/3/2
f 854/3/2 851/3/2 855/3/2
f 855/3/2 851/3/2 856/3/2
f 852/3/2 853/3/2 857/3/2
f 857/3/2 853/3/2 858/3/2
f 859/1/2 860/1/2 863/1/2
f 863/1/2 860/1/2 864/1/2
f 861/3/2 862/3/2 865/3/2
f 865/3/2 862/3/2 866/3/2
f 867/1/2 868/1/2 871/1/2
f 871/1/2 868/1/2 872/1/2
f 869/1/2 870/1/2 873/1/2
f 873/1/2 870/1/2 874/1/2
f 875/3/2 876/3/2 879/3/2
f 875/3/2 879/3/2 880/3/2
f 880/3/2 879/3/2 881/3/2
f 877/1/2 878/1/2 882/1/2
f 882/1/2 878/1/2 883/1/2
f 884/3/2 885/3/2 888/3/2
f 888/3/2 885/3/2 889/3/2
f 888/1/2 889/1/2 890/1/2
f 890/1/2 889/1/2 891/1/2
f 886/1/2 887/1/2 892/1/2
f 892/1/2 887/1/2 893/1/2
f 894/3/2 895/3/2 899/3/2
f 899/3/2 895/3/2 900/3/2
f 897/3/2 898/3/2 901/3/2
f 896/3/2 897/3/2 901/3/2
f 901/3/2 898/3/2 902/3/2
f 903/3/2 904/3/2 909/3/2
f 909/3/2 904/3/2 910/3/2
f 905/3/2 906/3/2 911/3/2
f 911/3/2 906/3/2 912/3/2
f 907/3/2 908/3/2 914/3/2
f 908/1/2 909/1/2 914/1/2
f 914/1/2 909/1/2 915/1/2
f 912/1/2 913/1/2 916/1/2
f 916/1/2 913/1/2 917/1/2
f 907/3/2 914/3/2 920/3/2
f 920/3/2 914/3/2 921/3/2
f 917/1/2 913/1/2 922/1/2
f 922/1/2 913/1/2 923/1/2
f 918/2/2 919/2/2 926/2/2
f 926/2/2 919/2/2 927/2/2
f 924/2/2 925/2/2 930/2/2
f 930/2/2 925/2/2 931/2/2
f 927/3/2 928/3/2 933/3/2
f 933/3/2 928/3/2 934/3/2
f 929/1/2 930/1/2 935/1/2
f 932/3/2 933/3/2 937/3/2
f 933/1/2 934/1/2 938/1/2
f 937/3/2 933/3/2 938/3/2
f 938/1/2 934/1/2 939/1/2
f 935/1/2 936/1/2 940/1/2
f 929/1/2 935/1/2 940/1/2
f 940/1/2 936/1/2 941/1/2
f 938/3/2 939/3/2 942/3/2
f 942/3/2 939/3/2 943/3/2
f 942/1/2 943/1/2 945/1/2
f 945/1/2 943/1/2 946/1/2
f 929/1/2 940/1/2 947/1/2
f 947/1/2 940/1/2 948/1/2
f 944/2/2 945/2/2 950/2/2
f 950/2/2 945/2/2 951/2/2
f 948/2/2 949/2/2 956/2/2
f 956/2/2 949/2/2 957/2/2
f 952/1/2 953/1/2 958/1/2
f 954/3/2 955/3/2 961/3/2
f 958/1/2 959/1/2 962/1/2
f 952/1/2 958/1/2 962/1/2
f 962/1/2 959/1/2 963/1/2
f 960/1/2 961/1/2 966/1/2
f 961/3/2 955/3/2 967/3/2
f 966/1/2 961/1/2 967/1/2
f 967/3/2 955/3/2 968/3/2
f 963/3/2 964/3/2 969/3/2
f 969/3/2 964/3/2 970/3/2
f 965/3/2 966/3/2 971/3/2
f 971/3/2 966/3/2 972/3/2
f 973/3/2 974/3/2 976/3/2
f 976/3/2 974/3/2 977/3/2
f 977/3/2 974/3/2 978/3/2
f 978/3/2 974/3/2 979/3/2
f 975/1/2 976/1/2 981/1/2
f 976/1/2 977/1/2 981/1/2
f 977/3/2 978/3/2 982/3/2
f 981/1/2 977/1/2 982/1/2
f 979/1/2 980/1/2 983/1/2
f 982/3/2 978/3/2 983/3/2
f 978/1/2 979/1/2 983/1/2
f 983/1/2 980/1/2 984/1/2
f 975/1/2 981/1/2 986/1/2
f 986/1/2 981/1/2 987/1/2
f 987/1/2 981/1/2 988/1/2
f 984/1/2 980/1/2 989/1/2
f 989/1/2 980/1/2 990/1/2
f 990/1/2 980/1/2 991/1/2
f 985/1/2 986/1/2 995/1/2
f 986/1/2 987/1/2 995/1/2
f 995/1/2 987/1/2 996/1/2
f 991/1/2 992/1/2 997/1/2
f 990/1/2 991/1/2 997/1/2
f 997/1/2 992/1/2 998/1/2
f 993/2/2 994/2/2 1001/2/2
f 1001/2/2 994/2/2 1002/2/2
f 999/2/2 1000/2/2 1006/2/2
f 1006/2/2 1000/2/2 1007/2/2
f 1002/1/2 1003/1/2 1008/1/2
f 1008/1/2 1003/1/2 1009/1/2
f 1004/1/2 1005/1/2 1010/1/2
f 1005/3/2 1006/3/2 1011/3/2
f 1010/1/2 1005/1/2 1011/1/2
f 1002/1/2 1008/1/2 1012/1/2
f 1011/3/2 1006/3/2 1015/3/2
f 1012/1/2 1013/1/2 1017/1/2
f 1002/1/2 1012/1/2 1017/1/2
f 1017/1/2 1013/1/2 1018/1/2
f 1014/1/2 1015/1/2 1019/1/2
f 1015/3/2 1006/3/2 1020/3/2
f 1019/1/2 1015/1/2 1020/1/2
f 1020/3/2 1006/3/2 1021/3/2
f 1016/2/2 1017/2/2 1023/2/2
f 1023/2/2 1017/2/2 1024/2/2
f 1021/2/2 1022/2/2 1029/2/2
f 1029/2/2 1022/2/2 1030/2/2
f 1025/1/2 1026/1/2 1031/1/2
f 1031/1/2 1026/1/2 1032/1/2
f 1032/1/2 1026/1/2 1033/1/2
f 1027/1/2 1028/1/2 1036/1/2
f 1036/1/2 1028/1/2 1037/1/2
f 1037/1/2 1028/1/2 1038/1/2
f 1033/1/2 1034/1/2 1039/1/2
f 1032/1/2 1033/1/2 1039/1/2
f 1036/1/2 1037/1/2 1042/1/2
f 1035/1/2 1036/1/2 1042/1/2
f 1039/1/2 1040/1/2 1043/1/2
f 1032/1/2 1039/1/2 1043/1/2
f 1043/1/2 1040/1/2 1044/1/2
f 1040/3/2 1041/3/2 1045/3/2
f 1044/1/2 1040/1/2 1045/1/2
f 1041/1/2 1042/1/2 1046/1/2
f 1045/3/2 1041/3/2 1046/3/2
f 1042/1/2 1037/1/2 1047/1/2
f 1046/1/2 1042/1/2 1047/1/2
f 1047/1/2 1037/1/2 1048/1/2
f 1044/3/2 1045/3/2 1049/3/2
f 1046/3/2 1047/3/2 1049/3/2
f 1045/3/2 1046/3/2 1049/3/2
f 1049/3/2 1047/3/2 1050/3/2
f 1051/1/2 1052/1/2 1056/1/2
f 1052/3/2 1053/3/2 1057/3/2
f 1056/1/2 1052/1/2 1057/1/2
f 1053/1/2 1054/1/2 1058/1/2
f 1057/3/2 1053/3/2 1058/3/2
f 1058/1/2 1054/1/2 1059/1/2
f 1056/1/2 1057/1/2 1063/1/2
f 1055/1/2 1056/1/2 1063/1/2
f 1063/1/2 1057/1/2 1064/1/2
f 1058/1/2 1059/1/2 1065/1/2
f 1059/1/2 1060/1/2 1065/1/2
f 1065/1/2 1060/1/2 1066/1/2
f 1061/2/2 1062/2/2 1069/2/2
f 1069/2/2 1062/2/2 1070/2/2
f 1067/2/2 1068/2/2 1073/2/2
f 1073/2/2 1068/2/2 1074/2/2
f 1070/1/2 1071/1/2 1076/1/2
f 1072/1/2 1073/1/2 1077/1/2
f 1075/1/2 1076/1/2 1079/1/2
f 1076/1/2 1071/1/2 1079/1/2
f 1079/1/2 1071/1/2 1080/1/2
f 1077/1/2 1078/1/2 1081/1/2
f 1072/1/2 1077/1/2 1081/1/2
f 1081/1/2 1078/1/2 1082/1/2
f 1075/1/2 1079/1/2 1083/1/2
f 1082/1/2 1078/1/2 1086/1/2
f 1083/1/2 1084/1/2 1087/1/2
f 1075/1/2 1083/1/2 1087/1/2
f 1087/1/2 1084/1/2 1088/1/2
f 1085/1/2 1086/1/2 1089/1/2
f 1086/1/2 1078/1/2 1089/1/2
f 1089/1/2 1078/1/2 1090/1/2
f 1088/1/2 1084/1/2 1092/1/2
f 1092/1/2 1084/1/2 1093/1/2
f 1085/1/2 1089/1/2 1094/1/2
f 1094/1/2 1089/1/2 1095/1/2
f 1091/2/2 1092/2/2 1097/2/2
f 1097/2/2 1092/2/2 1098/2/2
f 1095/2/2 1096/2/2 1103/2/2
f 1103/2/2 1096/2/2 1104/2/2
f 1099/1/2 1100/1/2 1105/1/2
f 1105/1/2 1100/1/2 1106/1/2
f 1106/1/2 1100/1/2 1107/1/2
f 1101/1/2 1102/1/2 1108/1/2
f 1108/1/2 1102/1/2 1109/1/2
f 1109/1/2 1102/1/2 1110/1/2
f 1106/1/2 1107/1/2 1111/1/2
f 1107/3/2 1108/3/2 1112/3/2
f 1111/1/2 1107/1/2 1112/1/2
f 1108/1/2 1109/1/2 1113/1/2
f 1112/3/2 1108/3/2 1113/3/2
f 1113/1/2 1109/1/2 1114/1/2
f 1115/3/2 1116/3/2 1119/3/2
f 1119/3/2 1116/3/2 1120/3/2
f 1117/2/2 1118/2/2 1123/2/2
f 1123/2/2 1118/2/2 1124/2/2
f 1124/2/2 1118/2/2 1125/2/2
f 1121/2/2 1122/2/2 1128/2/2
f 1128/2/2 1122/2/2 1129/2/2
f 1129/2/2 1122/2/2 1130/2/2
f 1124/1/2 1125/1/2 1131/1/2
f 1125/1/2 1126/1/2 1131/1/2
f 1126/3/2 1127/3/2 1132/3/2
f 1131/1/2 1126/1/2 1132/1/2
f 1128/1/2 1129/1/2 1133/1/2
f 1132/3/2 1127/3/2 1133/3/2
f 1127/1/2 1128/1/2 1133/1/2
f 1133/1/2 1129/1/2 1134/1/2
f 1124/1/2 1131/1/2 1136/1/2
f 1134/1/2 1129/1/2 1137/1/2
f 1135/1/2 1136/1/2 1139/1/2
f 1136/1/2 1131/1/2 1140/1/2
f 1139/1/2 1136/1/2 1140/1/2
f 1137/1/2 1138/1/2 1141/1/2
f 1134/1/2 1137/1/2 1141/1/2
f 1141/1/2 1138/1/2 1142/1/2
f 1140/1/2 1131/1/2 1143/1/2
f 1134/1/2 1141/1/2 1146/1/2
f 1140/1/2 1143/1/2 1148/1/2
f 1143/1/2 1144/1/2 1148/1/2
f 1148/1/2 1144/1/2 1149/1/2
f 1144/3/2 1145/3/2 1150/3/2
f 1149/1/2 1144/1/2 1150/1/2
f 1145/1/2 1146/1/2 1151/1/2
f 1150/3/2 1145/3/2 1151/3/2
f 1146/1/2 1141/1/2 1152/1/2
f 1151/1/2 1146/1/2 1152/1/2
f 1152/1/2 1141/1/2 1153/1/2
f 1148/2/2 1149/2/2 1155/2/2
f 1147/2/2 1148/2/2 1155/2/2
f 1155/2/2 1149/2/2 1156/2/2
f 1153/2/2 1154/2/2 1159/2/2
f 1152/2/2 1153/2/2 1159/2/2
f 1159/2/2 1154/2/2 1160/2/2
f 1157/3/2 1158/3/2 1161/3/2
f 1161/3/2 1158/3/2 1162/3/2
f 1163/2/2 1164/2/2 1165/2/2
f 1165/2/2 1164/2/2 1166/2/2
f 1167/1/2 1168/1/2 1171/1/2
f 1168/3/2 1169/3/2 1172/3/2
f 1171/1/2 1168/1/2 1172/1/2
f 1169/1/2 1170/1/2 1173/1/2
f 1172/3/2 1169/3/2 1173/3/2
f 1173/1/2 1170/1/2 1174/1/2
f 1175/2/2 1176/2/2 1177/2/2
f 1177/2/2 1176/2/2 1178/2/2
f 1186/1/3 1184/1/3 1183/1/3
f 1187/1/3 1184/1/3 1186/1/3
f 1189/3/3 1186/3/3 1185/3/3
f 1189/3/3 1188/3/3 1187/3/3
f 1189/3/3 1187/3/3 1186/3/3
f 1190/3/3 1188/3/3 1189/3/3
f 1191/1/3 1190/1/3 1189/1/3
f 1192/1/3 1190/1/3 1191/1/3
f 1193/1/3 1190/1/3 1192/1/3
f 1194/1/3 1190/1/3 1193/1/3
f 1195/1/3 1193/1/3 1192/1/3
f 1196/1/3 1193/1/3 1195/1/3
f 1197/2/3 1180/2/3 1179/2/3
f 1198/2/3 1180/2/3 1197/2/3
f 1199/2/3 1182/2/3 1181/2/3
f 1200/2/3 1182/2/3 1199/2/3
f 1207/2/3 1202/2/3 1201/2/3
f 1208/1/3 1204/1/3 1203/1/3
f 1209/1/3 1204/1/3 1208/1/3
f 1210/2/3 1206/2/3 1205/2/3
f 1211/2/3 1207/2/3 1201/2/3
f 1212/1/3 1209/1/3 1208/1/3
f 1212/2/3 1207/2/3 1211/2/3
f 1212/1/3 1210/1/3 1209/1/3
f 1212/1/3 1208/1/3 1207/1/3
f 1213/2/3 1206/2/3 1210/2/3
f 1213/1/3 1210/1/3 1212/1/3
f 1214/2/3 1206/2/3 1213/2/3
f 1215/1/3 1213/1/3 1212/1/3
f 1216/1/3 1213/1/3 1215/1/3
f 1219/1/3 1215/1/3 1212/1/3
f 1220/1/3 1215/1/3 1219/1/3
f 1221/1/3 1215/1/3 1220/1/3
f 1222/1/3 1213/1/3 1216/1/3
f 1223/1/3 1213/1/3 1222/1/3
f 1224/1/3 1213/1/3 1223/1/3
f 1227/3/3 1218/3/3 1217/3/3
f 1228/3/3 1218/3/3 1227/3/3
f 1229/3/3 1220/3/3 1219/3/3
f 1230/3/3 1220/3/3 1229/3/3
f 1231/3/3 1224/3/3 1223/3/3
f 1232/3/3 1224/3/3 1231/3/3
f 1233/3/3 1226/3/3 1225/3/3
f 1234/3/3 1226/3/3 1233/3/3
f 1235/1/3 1228/1/3 1227/1/3
f 1236/1/3 1228/1/3 1235/1/3
f 1237/1/3 1230/1/3 1229/1/3
f 1240/1/3 1232/1/3 1231/1/3
f 1241/1/3 1234/1/3 1233/1/3
f 1242/1/3 1234/1/3 1241/1/3
f 1243/1/3 1238/1/3 1237/1/3
f 1244/1/3 1240/1/3 1239/1/3
f 1246/1/3 1243/1/3 1237/1/3
f 1246/1/3 1244/1/3 1243/1/3
f 1246/1/3 1237/1/3 1229/1/3
f 1247/1/3 1244/1/3 1246/1/3
f 1248/1/3 1240/1/3 1244/1/3
f 1248/1/3 1244/1/3 1247/1/3
f 1248/1/3 1232/1/3 1240/1/3
f 1249/1/3 1232/1/3 1248/1/3
f 1251/1/3 1248/1/3 1247/1/3
f 1252/1/3 1248/1/3 1251/1/3
f 1253/1/3 1248/1/3 1252/1/3
f 1254/1/3 1248/1/3 1253/1/3
f 1255/2/3 1246/2/3 1245/2/3
f 1256/2/3 1246/2/3 1255/2/3
f 1257/1/3 1253/1/3 1252/1/3
f 1258/1/3 1253/1/3 1257/1/3
f 1259/2/3 1250/2/3 1249/2/3
f 1260/2/3 1250/2/3 1259/2/3
f 1268/1/3 1264/1/3 1263/1/3
f 1269/1/3 1264/1/3 1268/1/3
f 1271/2/3 1262/2/3 1261/2/3
f 1272/2/3 1262/2/3 1271/2/3
f 1273/1/3 1270/1/3 1269/1/3
f 1273/1/3 1268/1/3 1267/1/3
f 1273/1/3 1269/1/3 1268/1/3
f 1274/1/3 1270/1/3 1273/1/3
f 1275/1/3 1270/1/3 1274/1/3
f 1276/1/3 1270/1/3 1275/1/3
f 1277/2/3 1266/2/3 1265/2/3
f 1278/2/3 1266/2/3 1277/2/3
f 1281/1/3 1273/1/3 1272/1/3
f 1281/1/3 1274/1/3 1273/1/3
f 1282/1/3 1274/1/3 1281/1/3
f 1283/1/3 1276/1/3 1275/1/3
f 1283/1/3 1277/1/3 1276/1/3
f 1284/1/3 1277/1/3 1283/1/3
f 1288/1/3 1280/1/3 1279/1/3
f 1289/1/3 1286/1/3 1285/1/3
f 1292/1/3 1288/1/3 1287/1/3
f 1293/1/3 1290/1/3 1289/1/3
f 1296/1/3 1292/1/3 1291/1/3
f 1297/1/3 1280/1/3 1288/1/3
f 1297/1/3 1288/1/3 1292/1/3
f 1297/1/3 1292/1/3 1296/1/3
f 1298/1/3 1280/1/3 1297/1/3
f 1299/1/3 1294/1/3 1293/1/3
f 1299/1/3 1289/1/3 1285/1/3
f 1299/1/3 1293/1/3 1289/1/3
f 1300/1/3 1294/1/3 1299/1/3
f 1301/1/3 1294/1/3 1300/1/3
f 1303/3/3 1296/3/3 1295/3/3
f 1303/3/3 1297/3/3 1296/3/3
f 1304/3/3 1297/3/3 1303/3/3
f 1305/3/3 1302/3/3 1301/3/3
f 1305/3/3 1301/3/3 1300/3/3
f 1306/3/3 1302/3/3 1305/3/3
f 1307/3/3 1303/3/3 1295/3/3
f 1308/1/3 1304/1/3 1303/1/3
f 1308/3/3 1303/3/3 1307/3/3
f 1309/1/3 1304/1/3 1308/1/3
f 1312/1/3 1306/1/3 1305/1/3
f 1313/3/3 1302/3/3 1306/3/3
f 1313/1/3 1306/1/3 1312/1/3
f 1314/3/3 1302/3/3 1313/3/3
f 1315/1/3 1310/1/3 1309/1/3
f 1315/1/3 1309/1/3 1308/1/3
f 1316/1/3 1310/1/3 1315/1/3
f 1317/1/3 1312/1/3 1311/1/3
f 1317/1/3 1313/1/3 1312/1/3
f 1318/1/3 1313/1/3 1317/1/3
f 1319/1/3 1310/1/3 1316/1/3
f 1320/1/3 1310/1/3 1319/1/3
f 1325/1/3 1317/1/3 1311/1/3
f 1326/1/3 1317/1/3 1325/1/3
f 1327/1/3 1322/1/3 1321/1/3
f 1330/1/3 1324/1/3 1323/1/3
f 1332/1/3 1328/1/3 1327/1/3
f 1332/1/3 1327/1/3 1321/1/3
f 1333/1/3 1328/1/3 1332/1/3
f 1334/1/3 1328/1/3 1333/1/3
f 1335/1/3 1330/1/3 1329/1/3
f 1336/1/3 1324/1/3 1330/1/3
f 1336/1/3 1330/1/3 1335/1/3
f 1337/1/3 1324/1/3 1336/1/3
f 1339/1/3 1334/1/3 1333/1/3
f 1339/1/3 1335/1/3 1334/1/3
f 1340/1/3 1335/1/3 1339/1/3
f 1341/3/3 1336/3/3 1335/3/3
f 1341/1/3 1335/1/3 1340/1/3
f 1342/3/3 1336/3/3 1341/3/3
f 1343/2/3 1332/2/3 1331/2/3
f 1344/2/3 1332/2/3 1343/2/3
f 1345/3/3 1341/3/3 1340/3/3
f 1346/3/3 1341/3/3 1345/3/3
f 1347/2/3 1338/2/3 1337/2/3
f 1348/2/3 1338/2/3 1347/2/3
f 1353/2/3 1350/2/3 1349/2/3
f 1354/2/3 1350/2/3 1353/2/3
f 1358/2/3 1352/2/3 1351/2/3
f 1359/2/3 1352/2/3 1358/2/3
f 1360/1/3 1355/1/3 1354/1/3
f 1361/3/3 1356/3/3 1355/3/3
f 1361/1/3 1355/1/3 1360/1/3
f 1362/3/3 1356/3/3 1361/3/3
f 1363/1/3 1358/1/3 1357/1/3
f 1364/1/3 1358/1/3 1363/1/3
f 1367/1/3 1360/1/3 1354/1/3
f 1368/1/3 1360/1/3 1367/1/3
f 1369/1/3 1358/1/3 1364/1/3
f 1370/1/3 1358/1/3 1369/1/3
f 1374/1/3 1366/1/3 1365/1/3
f 1375/1/3 1366/1/3 1374/1/3
f 1376/1/3 1372/1/3 1371/1/3
f 1377/1/3 1372/1/3 1376/1/3
f 1379/1/3 1374/1/3 1373/1/3
f 1380/1/3 1374/1/3 1379/1/3
f 1381/1/3 1378/1/3 1377/1/3
f 1382/1/3 1378/1/3 1381/1/3
f 1384/1/3 1379/1/3 1373/1/3
f 1385/1/3 1379/1/3 1384/1/3
f 1386/1/3 1378/1/3 1382/1/3
f 1387/1/3 1378/1/3 1386/1/3
f 1389/3/3 1384/3/3 1383/3/3
f 1390/3/3 1384/3/3 1389/3/3
f 1391/3/3 1388/3/3 1387/3/3
f 1392/3/3 1388/3/3 1391/3/3
f 1397/3/3 1394/3/3 1393/3/3
f 1398/3/3 1394/3/3 1397/3/3
f 1401/3/3 1396/3/3 1395/3/3
f 1402/3/3 1396/3/3 1401/3/3
f 1403/1/3 1399/1/3 1398/1/3
f 1404/1/3 1399/1/3 1403/1/3
f 1407/1/3 1401/1/3 1400/1/3
f 1408/1/3 1401/1/3 1407/1/3
f 1409/1/3 1405/1/3 1404/1/3
f 1410/1/3 1405/1/3 1409/1/3
f 1411/1/3 1407/1/3 1406/1/3
f 1412/1/3 1407/1/3 1411/1/3
f 1413/1/3 1407/1/3 1412/1/3
f 1414/1/3 1405/1/3 1410/1/3
f 1415/1/3 1405/1/3 1414/1/3
f 1420/3/3 1412/3/3 1411/3/3
f 1421/3/3 1412/3/3 1420/3/3
f 1422/1/3 1417/1/3 1416/1/3
f 1423/1/3 1417/1/3 1422/1/3
f 1427/3/3 1419/3/3 1418/3/3
f 1428/3/3 1419/3/3 1427/3/3
f 1430/3/3 1423/3/3 1422/3/3
f 1430/3/3 1424/3/3 1423/3/3
f 1431/3/3 1424/3/3 1430/3/3
f 1432/3/3 1426/3/3 1425/3/3
f 1433/1/3 1428/1/3 1427/1/3
f 1433/3/3 1426/3/3 1432/3/3
f 1433/1/3 1427/1/3 1426/1/3
f 1434/1/3 1428/1/3 1433/1/3
f 1436/2/3 1430/2/3 1429/2/3
f 1437/2/3 1430/2/3 1436/2/3
f 1438/2/3 1435/2/3 1434/2/3
f 1439/2/3 1435/2/3 1438/2/3
f 1446/2/3 1441/2/3 1440/2/3
f 1447/2/3 1441/2/3 1446/2/3
f 1449/1/3 1443/1/3 1442/1/3
f 1450/1/3 1443/1/3 1449/1/3
f 1451/2/3 1445/2/3 1444/2/3
f 1452/2/3 1445/2/3 1451/2/3
f 1453/1/3 1448/1/3 1447/1/3
f 1454/1/3 1448/1/3 1453/1/3
f 1455/3/3 1450/3/3 1449/3/3
f 1455/1/3 1448/1/3 1454/1/3
f 1455/3/3 1451/3/3 1450/3/3
f 1455/3/3 1449/3/3 1448/3/3
f 1456/3/3 1451/3/3 1455/3/3
f 1457/3/3 1451/3/3 1456/3/3
f 1464/1/3 1459/1/3 1458/1/3
f 1465/3/3 1460/3/3 1459/3/3
f 1465/1/3 1459/1/3 1464/1/3
f 1466/3/3 1460/3/3 1465/3/3
f 1467/1/3 1462/1/3 1461/1/3
f 1468/1/3 1462/1/3 1467/1/3
f 1469/1/3 1462/1/3 1468/1/3
f 1472/1/3 1464/1/3 1463/1/3
f 1472/1/3 1465/1/3 1464/1/3
f 1473/1/3 1465/1/3 1472/1/3
f 1474/1/3 1469/1/3 1468/1/3
f 1474/1/3 1470/1/3 1469/1/3
f 1475/1/3 1470/1/3 1474/1/3
f 1477/3/3 1472/3/3 1471/3/3
f 1478/3/3 1472/3/3 1477/3/3
f 1479/3/3 1476/3/3 1475/3/3
f 1480/3/3 1476/3/3 1479/3/3
f 1485/3/3 1482/3/3 1481/3/3
f 1488/3/3 1484/3/3 1483/3/3
f 1489/3/3 1485/3/3 1481/3/3
f 1490/1/3 1486/1/3 1485/1/3
f 1490/3/3 1485/3/3 1489/3/3
f 1491/1/3 1486/1/3 1490/1/3
f 1494/1/3 1488/1/3 1487/1/3
f 1495/3/3 1484/3/3 1488/3/3
f 1495/1/3 1488/1/3 1494/1/3
f 1496/3/3 1484/3/3 1495/3/3
f 1497/1/3 1492/1/3 1491/1/3
f 1497/1/3 1491/1/3 1490/1/3
f 1498/1/3 1492/1/3 1497/1/3
f 1499/1/3 1492/1/3 1498/1/3
f 1502/3/3 1494/3/3 1493/3/3
f 1502/3/3 1495/3/3 1494/3/3
f 1503/3/3 1495/3/3 1502/3/3
f 1504/3/3 1495/3/3 1503/3/3
f 1505/1/3 1500/1/3 1499/1/3
f 1505/1/3 1499/1/3 1498/1/3
f 1506/1/3 1500/1/3 1505/1/3
f 1507/3/3 1502/3/3 1501/3/3
f 1508/1/3 1503/1/3 1502/1/3
f 1508/3/3 1502/3/3 1507/3/3
f 1509/1/3 1503/1/3 1508/1/3
f 1516/1/3 1511/1/3 1510/1/3
f 1516/1/3 1514/1/3 1513/1/3
f 1516/1/3 1513/1/3 1512/1/3
f 1516/1/3 1512/1/3 1511/1/3
f 1517/1/3 1514/1/3 1516/1/3
f 1519/2/3 1516/2/3 1515/2/3
f 1520/2/3 1516/2/3 1519/2/3
f 1521/2/3 1518/2/3 1517/2/3
f 1522/2/3 1518/2/3 1521/2/3
f 1527/1/3 1524/1/3 1523/1/3
f 1528/1/3 1524/1/3 1527/1/3
f 1529/1/3 1524/1/3 1528/1/3
f 1530/1/3 1526/1/3 1525/1/3
f 1531/1/3 1526/1/3 1530/1/3
f 1537/1/3 1533/1/3 1532/1/3
f 1538/1/3 1533/1/3 1537/1/3
f 1539/1/3 1533/1/3 1538/1/3
f 1540/1/3 1533/1/3 1539/1/3
f 1541/3/3 1535/3/3 1534/3/3
f 1542/3/3 1535/3/3 1541/3/3
f 1543/3/3 1535/3/3 1542/3/3
f 1545/3/3 1537/3/3 1536/3/3
f 1545/3/3 1538/3/3 1537/3/3
f 1546/3/3 1538/3/3 1545/3/3
f 1547/1/3 1543/1/3 1542/1/3
f 1548/3/3 1544/3/3 1543/3/3
f 1548/1/3 1543/1/3 1547/1/3
f 1549/3/3 1545/3/3 1536/3/3
f 1550/3/3 1545/3/3 1549/3/3
f 1551/3/3 1544/3/3 1548/3/3
f 1552/3/3 1544/3/3 1551/3/3
f 1557/3/3 1554/3/3 1553/3/3
f 1560/3/3 1556/3/3 1555/3/3
f 1561/3/3 1557/3/3 1553/3/3
f 1562/1/3 1558/1/3 1557/1/3
f 1562/3/3 1557/3/3 1561/3/3
f 1563/1/3 1558/1/3 1562/1/3
f 1567/1/3 1560/1/3 1559/1/3
f 1568/3/3 1556/3/3 1560/3/3
f 1568/1/3 1560/1/3 1567/1/3
f 1569/3/3 1556/3/3 1568/3/3
f 1570/3/3 1563/3/3 1562/3/3
f 1570/3/3 1564/3/3 1563/3/3
f 1571/3/3 1564/3/3 1570/3/3
f 1572/1/3 1566/1/3 1565/1/3
f 1572/1/3 1567/1/3 1566/1/3
f 1572/1/3 1568/1/3 1567/1/3
f 1573/1/3 1568/1/3 1572/1/3
f 1576/1/3 1575/1/3 1574/1/3
f 1577/1/3 1575/1/3 1576/1/3
f 1584/2/3 1579/2/3 1578/2/3
f 1585/2/3 1579/2/3 1584/2/3
f 1586/1/3 1581/1/3 1580/1/3
f 1587/1/3 1581/1/3 1586/1/3
f 1588/2/3 1583/2/3 1582/2/3
f 1589/2/3 1583/2/3 1588/2/3
f 1594/1/3 1591/1/3 1590/1/3
f 1595/1/3 1591/1/3 1594/1/3
f 1596/1/3 1593/1/3 1592/1/3
f 1597/1/3 1593/1/3 1596/1/3
f 1602/1/3 1599/1/3 1598/1/3
f 1603/1/3 1599/1/3 1602/1/3
f 1608/1/3 1601/1/3 1600/1/3
f 1609/1/3 1601/1/3 1608/1/3
f 1611/1/3 1605/1/3 1604/1/3
f 1612/1/3 1605/1/3 1611/1/3
f 1615/1/3 1607/1/3 1606/1/3
f 1616/1/3 1607/1/3 1615/1/3
f 1618/2/3 1611/2/3 1610/2/3
f 1619/2/3 1611/2/3 1618/2/3
f 1620/1/3 1614/1/3 1613/1/3
f 1621/1/3 1614/1/3 1620/1/3
f 1622/2/3 1617/2/3 1616/2/3
f 1623/2/3 1617/2/3 1622/2/3
f 1630/1/3 1625/1/3 1624/1/3
f 1631/1/3 1625/1/3 1630/1/3
f 1632/1/3 1627/1/3 1626/1/3
f 1633/1/3 1627/1/3 1632/1/3
f 1637/1/3 1629/1/3 1628/1/3
f 1638/1/3 1629/1/3 1637/1/3
f 1639/1/3 1635/1/3 1634/1/3
f 1640/1/3 1635/1/3 1639/1/3
f 1643/1/3 1637/1/3 1636/1/3
f 1644/1/3 1637/1/3 1643/1/3
f 1645/1/3 1641/1/3 1640/1/3
f 1646/1/3 1641/1/3 1645/1/3
f 1648/3/3 1643/3/3 1642/3/3
f 1649/3/3 1643/3/3 1648/3/3
f 1650/3/3 1647/3/3 1646/3/3
f 1651/3/3 1647/3/3 1650/3/3
f 1656/3/3 1653/3/3 1652/3/3
f 1657/3/3 1653/3/3 1656/3/3
f 1660/3/3 1655/3/3 1654/3/3
f 1661/3/3 1655/3/3 1660/3/3
f 1662/1/3 1658/1/3 1657/1/3
f 1663/1/3 1658/1/3 1662/1/3
f 1664/1/3 1660/1/3 1659/1/3
f 1665/1/3 1660/1/3 1664/1/3
f 1670/1/3 1667/1/3 1666/1/3
f 1671/1/3 1667/1/3 1670/1/3
f 1672/1/3 1669/1/3 1668/1/3
f 1673/1/3 1669/1/3 1672/1/3
f 1678/2/3 1675/2/3 1674/2/3
f 1679/2/3 1675/2/3 1678/2/3
f 1680/2/3 1677/2/3 1676/2/3
f 1681/2/3 1677/2/3 1680/2/3
f 1688/1/3 1683/1/3 1682/1/3
f 1689/1/3 1683/1/3 1688/1/3
f 1690/1/3 1685/1/3 1684/1/3
f 1691/1/3 1685/1/3 1690/1/3
f 1694/3/3 1687/3/3 1686/3/3
f 1695/3/3 1687/3/3 1694/3/3
f 1696/3/3 1693/3/3 1692/3/3
f 1697/3/3 1693/3/3 1696/3/3
f 1702/3/3 1699/3/3 1698/3/3
f 1703/3/3 1699/3/3 1702/3/3
f 1708/3/3 1701/3/3 1700/3/3
f 1709/3/3 1701/3/3 1708/3/3
f 1710/1/3 1705/1/3 1704/1/3
f 1711/1/3 1705/1/3 1710/1/3
f 1712/1/3 1707/1/3 1706/1/3
f 1713/1/3 1707/1/3 1712/1/3
f 1718/2/3 1715/2/3 1714/2/3
f 1719/2/3 1715/2/3 1718/2/3
f 1720/2/3 1717/2/3 1716/2/3
f 1721/2/3 1717/2/3 1720/2/3
f 1726/1/3 1723/1/3 1722/1/3
f 1727/1/3 1723/1/3 1726/1/3
f 1728/1/3 1725/1/3 1724/1/3
f 1729/1/3 1725/1/3 1728/1/3
f 1732/1/3 1731/1/3 1730/1/3
f 1733/1/3 1731/1/3 1732/1/3
f 1738/1/3 1735/1/3 1734/1/3
f 1739/1/3 1735/1/3 1738/1/3
f 1740/1/3 1737/1/3 1736/1/3
f 1741/1/3 1737/1/3 1740/1/3
f 1744/1/3 1743/1/3 1742/1/3
f 1745/1/3 1743/1/3 1744/1/3
f 1752/3/3 1747/3/3 1746/3/3
f 1753/3/3 1747/3/3 1752/3/3
f 1754/3/3 1749/3/3 1748/3/3
f 1755/3/3 1749/3/3 1754/3/3
f 1758/3/3 1751/3/3 1750/3/3
f 1759/3/3 1751/3/3 1758/3/3
f 1760/3/3 1757/3/3 1756/3/3
f 1761/3/3 1757/3/3 1760/3/3
f 1766/3/3 1763/3/3 1762/3/3
f 1767/3/3 1763/3/3 1766/3/3
f 1768/3/3 1765/3/3 1764/3/3
f 1769/3/3 1765/3/3 1768/3/3
f 1770/3/4 1771/3/4 1776/3/4
f 1776/3/4 1771/3/4 1777/3/4
f 1772/3/4 1773/3/4 1778/3/4
f 1778/3/4 1773/3/4 1779/3/4
f 1774/3/4 1775/3/4 1782/3/4
f 1782/3/4 1775/3/4 1783/3/4
f 1780/3/4 1781/3/4 1784/3/4
f 1784/3/4 1781/3/4 1785/3/4
f 1786/3/4 1787/3/4 1790/3/4
f 1790/3/4 1787/3/4 1791/3/4
f 1788/3/4 1789/3/4 1792/3/4
f 1792/3/4 1789/3/4 1793/3/4
f 1794/1/4 1795/1/4 1796/1/4
f 1796/1/4 1795/1/4 1797/1/4
f 1798/1/4 1799/1/4 1802/1/4
f 1802/1/4 1799/1/4 1803/1/4
f 1800/1/4 1801/1/4 1804/1/4
f 1804/1/4 1801/1/4 1805/1/4
f 1806/1/4 1807/1/4 1808/1/4
f 1808/1/4 1807/1/4 1809/1/4
f 1810/1/4 1811/1/4 1814/1/4
f 1814/1/4 1811/1/4 1815/1/4
f 1812/1/4 1813/1/4 1816/1/4
f 1816/1/4 1813/1/4 1817/1/4
f 1818/2/4 1819/2/4 1822/2/4
f 1822/2/4 1819/2/4 1823/2/4
f 1820/2/4 1821/2/4 1824/2/4
f 1824/2/4 1821/2/4 1825/2/4
f 1826/1/4 1827/1/4 1832/1/4
f 1832/1/4 1827/1/4 1833/1/4
f 1828/1/4 1829/1/4 1834/1/4
f 1834/1/4 1829/1/4 1835/1/4
f 1830/3/4 1831/3/4 1838/3/4
f 1838/3/4 1831/3/4 1839/3/4
f 1836/3/4 1837/3/4 1840/3/4
f 1840/3/4 1837/3/4 1841/3/4
f 1842/3/4 1843/3/4 1846/3/4
f 1846/3/4 1843/3/4 1847/3/4
f 1844/3/4 1845/3/4 1852/3/4
f 1852/3/4 1845/3/4 1853/3/4
f 1848/1/4 1849/1/4 1854/1/4
f 1854/1/4 1849/1/4 1855/1/4
f 1850/1/4 1851/1/4 1856/1/4
f 1856/1/4 1851/1/4 1857/1/4
f 1858/2/4 1859/2/4 1862/2/4
f 1862/2/4 1859/2/4 1863/2/4
f 1860/2/4 1861/2/4 1864/2/4
f 1864/2/4 1861/2/4 1865/2/4
f 1866/1/4 1867/1/4 1872/1/4
f 1872/1/4 1867/1/4 1873/1/4
f 1868/1/4 1869/1/4 1874/1/4
f 1874/1/4 1869/1/4 1875/1/4
f 1870/1/4 1871/1/4 1879/1/4
f 1879/1/4 1871/1/4 1880/1/4
f 1876/1/4 1877/1/4 1881/1/4
f 1881/1/4 1877/1/4 1882/1/4
f 1878/1/4 1879/1/4 1885/1/4
f 1885/1/4 1879/1/4 1886/1/4
f 1882/1/4 1883/1/4 1887/1/4
f 1887/1/4 1883/1/4 1888/1/4
f 1884/3/4 1885/3/4 1890/3/4
f 1890/3/4 1885/3/4 1891/3/4
f 1888/3/4 1889/3/4 1892/3/4
f 1892/3/4 1889/3/4 1893/3/4
f 1894/3/4 1895/3/4 1898/3/4
f 1898/3/4 1895/3/4 1899/3/4
f 1896/3/4 1897/3/4 1902/3/4
f 1902/3/4 1897/3/4 1903/3/4
f 1899/1/4 1900/1/4 1904/1/4
f 1904/1/4 1900/1/4 1905/1/4
f 1901/1/4 1902/1/4 1906/1/4
f 1906/1/4 1902/1/4 1907/1/4
f 1908/1/4 1909/1/4 1912/1/4
f 1912/1/4 1909/1/4 1913/1/4
f 1910/1/4 1911/1/4 1914/1/4
f 1914/1/4 1911/1/4 1915/1/4
f 1916/2/4 1917/2/4 1922/2/4
f 1922/2/4 1917/2/4 1923/2/4
f 1918/1/4 1919/1/4 1924/1/4
f 1924/1/4 1919/1/4 1925/1/4
f 1920/2/4 1921/2/4 1926/2/4
f 1926/2/4 1921/2/4 1927/2/4
f 1928/1/4 1929/1/4 1932/1/4
f 1932/1/4 1929/1/4 1933/1/4
f 1930/1/4 1931/1/4 1934/1/4
f 1934/1/4 1931/1/4 1935/1/4
f 1936/1/4 1937/1/4 1940/1/4
f 1940/1/4 1937/1/4 1941/1/4
f 1938/1/4 1939/1/4 1946/1/4
f 1946/1/4 1939/1/4 1947/1/4
f 1942/1/4 1943/1/4 1949/1/4
f 1949/1/4 1943/1/4 1950/1/4
f 1944/1/4 1945/1/4 1953/1/4
f 1953/1/4 1945/1/4 1954/1/4
f 1948/2/4 1949/2/4 1956/2/4
f 1956/2/4 1949/2/4 1957/2/4
f 1951/1/4 1952/1/4 1958/1/4
f 1958/1/4 1952/1/4 1959/1/4
f 1954/2/4 1955/2/4 1960/2/4
f 1960/2/4 1955/2/4 1961/2/4
f 1962/1/4 1963/1/4 1966/1/4
f 1966/1/4 1963/1/4 1967/1/4
f 1964/1/4 1965/1/4 1968/1/4
f 1968/1/4 1965/1/4 1969/1/4
f 1970/1/4 1971/1/4 1976/1/4
f 1971/3/4 1972/3/4 1977/3/4
f 1976/1/4 1971/1/4 1977/1/4
f 1977/3/4 1972/3/4 1978/3/4
f 1973/1/4 1974/1/4 1979/1/4
f 1979/1/4 1974/1/4 1980/1/4
f 1980/1/4 1974/1/4 1981/1/4
f 1975/3/4 1976/3/4 1983/3/4
f 1976/3/4 1977/3/4 1983/3/4
f 1983/3/4 1977/3/4 1984/3/4
f 1980/1/4 1981/1/4 1985/1/4
f 1981/3/4 1982/3/4 1986/3/4
f 1985/1/4 1981/1/4 1986/1/4
f 1975/3/4 1983/3/4 1987/3/4
f 1987/3/4 1983/3/4 1988/3/4
f 1986/3/4 1982/3/4 1989/3/4
f 1989/3/4 1982/3/4 1990/3/4
f 1991/3/4 1992/3/4 1995/3/4
f 1993/3/4 1994/3/4 1998/3/4
f 1995/3/4 1996/3/4 1999/3/4
f 1991/3/4 1995/3/4 1999/3/4
f 1999/3/4 1996/3/4 2000/3/4
f 2000/3/4 1996/3/4 2001/3/4
f 1997/1/4 1998/1/4 2004/1/4
f 1998/3/4 1994/3/4 2005/3/4
f 2004/1/4 1998/1/4 2005/1/4
f 2005/3/4 1994/3/4 2006/3/4
f 2001/1/4 2002/1/4 2007/1/4
f 2000/1/4 2001/1/4 2007/1/4
f 2007/1/4 2002/1/4 2008/1/4
f 2003/3/4 2004/3/4 2009/3/4
f 2004/3/4 2005/3/4 2009/3/4
f 2009/3/4 2005/3/4 2010/3/4
f 2011/1/4 2012/1/4 2013/1/4
f 2013/1/4 2012/1/4 2014/1/4
f 2015/2/4 2016/2/4 2021/2/4
f 2021/2/4 2016/2/4 2022/2/4
f 2017/1/4 2018/1/4 2023/1/4
f 2023/1/4 2018/1/4 2024/1/4
f 2019/2/4 2020/2/4 2025/2/4
f 2025/2/4 2020/2/4 2026/2/4
f 2023/1/4 2024/1/4 2027/1/4
f 2024/1/4 2025/1/4 2027/1/4
f 2022/1/4 2023/1/4 2027/1/4
f 2027/1/4 2025/1/4 2028/1/4
f 2028/1/4 2025/1/4 2029/1/4
f 2030/1/4 2031/1/4 2035/1/4
f 2035/1/4 2031/1/4 2036/1/4
f 2036/1/4 2031/1/4 2037/1/4
f 2032/3/4 2033/3/4 2038/3/4
f 2038/3/4 2033/3/4 2039/3/4
f 2039/3/4 2033/3/4 2040/3/4
f 2034/1/4 2035/1/4 2043/1/4
f 2035/1/4 2036/1/4 2043/1/4
f 2043/1/4 2036/1/4 2044/1/4
f 2039/1/4 2040/1/4 2045/1/4
f 2040/3/4 2041/3/4 2046/3/4
f 2045/1/4 2040/1/4 2046/1/4
f 2046/3/4 2041/3/4 2047/3/4
f 2042/3/4 2043/3/4 2049/3/4
f 2049/3/4 2043/3/4 2050/3/4
f 2047/3/4 2048/3/4 2051/3/4
f 2051/3/4 2048/3/4 2052/3/4
f 2053/3/4 2054/3/4 2057/3/4
f 2055/3/4 2056/3/4 2060/3/4
f 2053/3/4 2057/3/4 2061/3/4
f 2057/1/4 2058/1/4 2062/1/4
f 2061/3/4 2057/3/4 2062/3/4
f 2062/1/4 2058/1/4 2063/1/4
f 2059/1/4 2060/1/4 2066/1/4
f 2060/3/4 2056/3/4 2067/3/4
f 2066/1/4 2060/1/4 2067/1/4
f 2067/3/4 2056/3/4 2068/3/4
f 2063/1/4 2064/1/4 2069/1/4
f 2062/1/4 2063/1/4 2069/1/4
f 2069/1/4 2064/1/4 2070/1/4
f 2070/1/4 2064/1/4 2071/1/4
f 2065/1/4 2066/1/4 2074/1/4
f 2066/1/4 2067/1/4 2074/1/4
f 2074/1/4 2067/1/4 2075/1/4
f 2075/1/4 2067/1/4 2076/1/4
f 2071/3/4 2072/3/4 2077/3/4
f 2070/3/4 2071/3/4 2077/3/4
f 2077/3/4 2072/3/4 2078/3/4
f 2074/1/4 2075/1/4 2079/1/4
f 2073/1/4 2074/1/4 2079/1/4
f 2079/1/4 2075/1/4 2080/1/4
f 2081/3/4 2082/3/4 2084/3/4
f 2084/3/4 2082/3/4 2085/3/4
f 2083/2/4 2084/2/4 2087/2/4
f 2087/2/4 2084/2/4 2088/2/4
f 2085/2/4 2086/2/4 2089/2/4
f 2089/2/4 2086/2/4 2090/2/4
f 2091/2/4 2092/2/4 2095/2/4
f 2095/2/4 2092/2/4 2096/2/4
f 2093/2/4 2094/2/4 2100/2/4
f 2100/2/4 2094/2/4 2101/2/4
f 2096/1/4 2097/1/4 2102/1/4
f 2097/3/4 2098/3/4 2103/3/4
f 2102/1/4 2097/1/4 2103/1/4
f 2103/3/4 2098/3/4 2104/3/4
f 2099/3/4 2100/3/4 2105/3/4
f 2105/3/4 2100/3/4 2106/3/4
f 2106/3/4 2100/3/4 2107/3/4
f 2096/1/4 2102/1/4 2110/1/4
f 2110/1/4 2102/1/4 2111/1/4
f 2106/1/4 2107/1/4 2112/1/4
f 2112/1/4 2107/1/4 2113/1/4
f 2108/1/4 2109/1/4 2117/1/4
f 2117/1/4 2109/1/4 2118/1/4
f 2114/1/4 2115/1/4 2119/1/4
f 2119/1/4 2115/1/4 2120/1/4
f 2116/1/4 2117/1/4 2122/1/4
f 2122/1/4 2117/1/4 2123/1/4
f 2120/1/4 2121/1/4 2124/1/4
f 2124/1/4 2121/1/4 2125/1/4
f 2116/1/4 2122/1/4 2127/1/4
f 2127/1/4 2122/1/4 2128/1/4
f 2125/1/4 2121/1/4 2129/1/4
f 2129/1/4 2121/1/4 2130/1/4
f 2126/3/4 2127/3/4 2132/3/4
f 2132/3/4 2127/3/4 2133/3/4
f 2130/3/4 2131/3/4 2134/3/4
f 2134/3/4 2131/3/4 2135/3/4
f 2136/1/4 2137/1/4 2140/1/4
f 2140/1/4 2137/1/4 2141/1/4
f 2140/3/4 2141/3/4 2142/3/4
f 2142/3/4 2141/3/4 2143/3/4
f 2138/3/4 2139/3/4 2146/3/4
f 2146/3/4 2139/3/4 2147/3/4
f 2143/1/4 2144/1/4 2148/1/4
f 2148/1/4 2144/1/4 2149/1/4
f 2145/1/4 2146/1/4 2152/1/4
f 2152/1/4 2146/1/4 2153/1/4
f 2149/1/4 2150/1/4 2154/1/4
f 2154/1/4 2150/1/4 2155/1/4
f 2151/1/4 2152/1/4 2156/1/4
f 2156/1/4 2152/1/4 2157/1/4
f 2155/1/4 2150/1/4 2158/1/4
f 2158/1/4 2150/1/4 2159/1/4
f 2151/1/4 2156/1/4 2164/1/4
f 2164/1/4 2156/1/4 2165/1/4
f 2160/1/4 2161/1/4 2166/1/4
f 2162/1/4 2163/1/4 2169/1/4
f 2166/1/4 2167/1/4 2171/1/4
f 2160/1/4 2166/1/4 2171/1/4
f 2171/1/4 2167/1/4 2172/1/4
f 2168/1/4 2169/1/4 2173/1/4
f 2169/1/4 2163/1/4 2174/1/4
f 2173/1/4 2169/1/4 2174/1/4
f 2170/2/4 2171/2/4 2176/2/4
f 2176/2/4 2171/2/4 2177/2/4
f 2174/2/4 2175/2/4 2178/2/4
f 2178/2/4 2175/2/4 2179/2/4
f 2182/1/4 2183/1/4 2187/1/4
f 2187/1/4 2183/1/4 2188/1/4
f 2180/2/4 2181/2/4 2190/2/4
f 2190/2/4 2181/2/4 2191/2/4
f 2188/1/4 2189/1/4 2192/1/4
f 2186/1/4 2187/1/4 2192/1/4
f 2187/1/4 2188/1/4 2192/1/4
f 2192/1/4 2189/1/4 2193/1/4
f 2193/1/4 2189/1/4 2194/1/4
f 2194/1/4 2189/1/4 2195/1/4
f 2184/2/4 2185/2/4 2196/2/4
f 2196/2/4 2185/2/4 2197/2/4
f 2191/1/4 2192/1/4 2200/1/4
f 2192/1/4 2193/1/4 2200/1/4
f 2200/1/4 2193/1/4 2201/1/4
f 2194/1/4 2195/1/4 2202/1/4
f 2195/1/4 2196/1/4 2202/1/4
f 2202/1/4 2196/1/4 2203/1/4
f 2198/1/4 2199/1/4 2207/1/4
f 2204/1/4 2205/1/4 2208/1/4
f 2206/1/4 2207/1/4 2211/1/4
f 2208/1/4 2209/1/4 2212/1/4
f 2210/1/4 2211/1/4 2215/1/4
f 2207/1/4 2199/1/4 2216/1/4
f 2211/1/4 2207/1/4 2216/1/4
f 2215/1/4 2211/1/4 2216/1/4
f 2216/1/4 2199/1/4 2217/1/4
f 2212/1/4 2213/1/4 2218/1/4
f 2204/1/4 2208/1/4 2218/1/4
f 2208/1/4 2212/1/4 2218/1/4
f 2218/1/4 2213/1/4 2219/1/4
f 2219/1/4 2213/1/4 2220/1/4
f 2219/1/4 2220/1/4 2222/1/4
f 2220/3/4 2221/3/4 2223/3/4
f 2222/1/4 2220/1/4 2223/1/4
f 2214/3/4 2215/3/4 2224/3/4
f 2215/3/4 2216/3/4 2224/3/4
f 2224/3/4 2216/3/4 2225/3/4
f 2225/3/4 2216/3/4 2226/3/4
f 2222/3/4 2223/3/4 2229/3/4
f 2223/3/4 2221/3/4 2230/3/4
f 2229/3/4 2223/3/4 2230/3/4
f 2230/3/4 2221/3/4 2231/3/4
f 2226/1/4 2227/1/4 2232/1/4
f 2225/1/4 2226/1/4 2232/1/4
f 2232/1/4 2227/1/4 2233/1/4
f 2228/1/4 2229/1/4 2234/1/4
f 2229/1/4 2230/1/4 2234/1/4
f 2234/1/4 2230/1/4 2235/1/4
f 2233/1/4 2227/1/4 2236/1/4
f 2236/1/4 2227/1/4 2237/1/4
f 2228/1/4 2234/1/4 2242/1/4
f 2242/1/4 2234/1/4 2243/1/4
f 2238/1/4 2239/1/4 2244/1/4
f 2240/1/4 2241/1/4 2247/1/4
f 2244/1/4 2245/1/4 2249/1/4
f 2238/1/4 2244/1/4 2249/1/4
f 2249/1/4 2245/1/4 2250/1/4
f 2250/1/4 2245/1/4 2251/1/4
f 2246/1/4 2247/1/4 2252/1/4
f 2247/1/4 2241/1/4 2253/1/4
f 2252/1/4 2247/1/4 2253/1/4
f 2253/1/4 2241/1/4 2254/1/4
f 2250/1/4 2251/1/4 2256/1/4
f 2251/1/4 2252/1/4 2256/1/4
f 2252/1/4 2253/1/4 2256/1/4
f 2256/1/4 2253/1/4 2257/1/4
f 2257/1/4 2253/1/4 2258/1/4
f 2258/1/4 2253/1/4 2259/1/4
f 2248/2/4 2249/2/4 2260/2/4
f 2260/2/4 2249/2/4 2261/2/4
f 2257/1/4 2258/1/4 2262/1/4
f 2262/1/4 2258/1/4 2263/1/4
f 2254/2/4 2255/2/4 2264/2/4
f 2264/2/4 2255/2/4 2265/2/4
f 2266/2/4 2267/2/4 2272/2/4
f 2268/1/4 2269/1/4 2273/1/4
f 2273/1/4 2269/1/4 2274/1/4
f 2270/2/4 2271/2/4 2275/2/4
f 2266/2/4 2272/2/4 2276/2/4
f 2273/1/4 2274/1/4 2277/1/4
f 2276/2/4 2272/2/4 2277/2/4
f 2274/1/4 2275/1/4 2277/1/4
f 2272/1/4 2273/1/4 2277/1/4
f 2275/2/4 2271/2/4 2278/2/4
f 2277/1/4 2275/1/4 2278/1/4
f 2278/2/4 2271/2/4 2279/2/4
f 2277/1/4 2278/1/4 2280/1/4
f 2280/1/4 2278/1/4 2281/1/4
f 2277/1/4 2280/1/4 2284/1/4
f 2284/1/4 2280/1/4 2285/1/4
f 2285/1/4 2280/1/4 2286/1/4
f 2281/1/4 2278/1/4 2287/1/4
f 2287/1/4 2278/1/4 2288/1/4
f 2288/1/4 2278/1/4 2289/1/4
f 2282/3/4 2283/3/4 2292/3/4
f 2292/3/4 2283/3/4 2293/3/4
f 2284/3/4 2285/3/4 2294/3/4
f 2294/3/4 2285/3/4 2295/3/4
f 2288/3/4 2289/3/4 2298/3/4
f 2298/3/4 2289/3/4 2299/3/4
f 2290/3/4 2291/3/4 2300/3/4
f 2300/3/4 2291/3/4 2301/3/4
f 2295/1/4 2296/1/4 2302/1/4
f 2294/1/4 2295/1/4 2302/1/4
f 2298/1/4 2299/1/4 2303/1/4
f 2297/1/4 2298/1/4 2303/1/4
f 2294/1/4 2302/1/4 2305/1/4
f 2302/1/4 2303/1/4 2305/1/4
f 2305/1/4 2303/1/4 2306/1/4
f 2303/1/4 2299/1/4 2307/1/4
f 2306/1/4 2303/1/4 2307/1/4
f 2307/1/4 2299/1/4 2308/1/4
f 2306/1/4 2307/1/4 2310/1/4
f 2310/1/4 2307/1/4 2311/1/4
f 2311/1/4 2307/1/4 2312/1/4
f 2312/1/4 2307/1/4 2313/1/4
f 2304/2/4 2305/2/4 2314/2/4
f 2314/2/4 2305/2/4 2315/2/4
f 2311/1/4 2312/1/4 2316/1/4
f 2316/1/4 2312/1/4 2317/1/4
f 2308/2/4 2309/2/4 2318/2/4
f 2318/2/4 2309/2/4 2319/2/4
f 2324/1/4 2325/1/4 2327/1/4
f 2327/1/4 2325/1/4 2328/1/4
f 2326/3/4 2327/3/4 2330/3/4
f 2328/3/4 2329/3/4 2330/3/4
f 2327/3/4 2328/3/4 2330/3/4
f 2330/3/4 2329/3/4 2331/3/4
f 2331/3/4 2329/3/4 2332/3/4
f 2332/3/4 2329/3/4 2333/3/4
f 2331/1/4 2332/1/4 2334/1/4
f 2334/1/4 2332/1/4 2335/1/4
f 2320/2/4 2321/2/4 2336/2/4
f 2336/2/4 2321/2/4 2337/2/4
f 2322/2/4 2323/2/4 2338/2/4
f 2338/2/4 2323/2/4 2339/2/4
f 2343/3/5 2341/3/5 2340/3/5
f 2344/3/5 2341/3/5 2343/3/5
f 2347/3/5 2343/3/5 2342/3/5
f 2347/3/5 2345/3/5 2344/3/5
f 2347/3/5 2344/3/5 2343/3/5
f 2348/3/5 2345/3/5 2347/3/5
f 2351/3/5 2347/3/5 2346/3/5
f 2351/3/5 2349/3/5 2348/3/5
f 2351/3/5 2348/3/5 2347/3/5
f 2352/3/5 2349/3/5 2351/3/5
f 2355/3/5 2351/3/5 2350/3/5
f 2355/3/5 2353/3/5 2352/3/5
f 2355/3/5 2352/3/5 2351/3/5
f 2356/3/5 2353/3/5 2355/3/5
f 2359/3/5 2355/3/5 2354/3/5
f 2359/3/5 2357/3/5 2356/3/5
f 2359/3/5 2356/3/5 2355/3/5
f 2360/3/5 2357/3/5 2359/3/5
f 2362/3/5 2359/3/5 2358/3/5
f 2362/3/5 2361/3/5 2360/3/5
f 2362/3/5 2360/3/5 2359/3/5
f 2363/3/5 2361/3/5 2362/3/5
f 2365/3/5 2362/3/5 2358/3/5
f 2366/3/5 2365/3/5 2364/3/5
f 2367/3/5 2362/3/5 2365/3/5
f 2367/3/5 2365/3/5 2366/3/5
f 2368/3/5 2362/3/5 2367/3/5
f 2369/3/5 2362/3/5 2368/3/5
f 2370/3/5 2361/3/5 2363/3/5
f 2371/3/5 2361/3/5 2370/3/5
f 2372/3/5 2362/3/5 2369/3/5
f 2373/3/5 2362/3/5 2372/3/5
f 2374/3/5 2370/3/5 2363/3/5
f 2375/3/5 2370/3/5 2374/3/5
f 2376/3/5 2362/3/5 2373/3/5
f 2377/3/5 2362/3/5 2376/3/5
f 2378/3/5 2374/3/5 2363/3/5
f 2379/3/5 2374/3/5 2378/3/5
f 2380/3/5 2362/3/5 2377/3/5
f 2381/3/5 2362/3/5 2380/3/5
f 2382/3/5 2378/3/5 2363/3/5
f 2383/3/5 2378/3/5 2382/3/5
f 2384/3/5 2362/3/5 2381/3/5
f 2385/3/5 2362/3/5 2384/3/5
f 2386/1/5 2363/1/5 2362/1/5
f 2386/3/5 2362/3/5 2385/3/5
f 2387/1/5 2363/1/5 2386/1/5
f 2388/3/5 2382/3/5 2363/3/5
f 2388/1/5 2363/1/5 2387/1/5
f 2389/3/5 2382/3/5 2388/3/5
f 2390/3/5 2387/3/5 2386/3/5
f 2390/3/5 2386/3/5 2385/3/5
f 2391/3/5 2387/3/5 2390/3/5
f 2397/1/5 2393/1/5 2392/1/5
f 2398/1/5 2393/1/5 2397/1/5
f 2399/1/5 2395/1/5 2394/1/5
f 2400/1/5 2395/1/5 2399/1/5
f 2403/1/5 2397/1/5 2396/1/5
f 2404/1/5 2397/1/5 2403/1/5
f 2405/1/5 2401/1/5 2400/1/5
f 2406/1/5 2401/1/5 2405/1/5
f 2411/1/5 2403/1/5 2402/1/5
f 2412/1/5 2403/1/5 2411/1/5
f 2413/1/5 2408/1/5 2407/1/5
f 2414/1/5 2408/1/5 2413/1/5
f 2417/3/5 2416/3/5 2415/3/5
f 2418/3/5 2416/3/5 2417/3/5
f 2420/1/5 2410/1/5 2409/1/5
f 2421/1/5 2410/1/5 2420/1/5
f 2422/1/5 2418/1/5 2417/1/5
f 2423/1/5 2418/1/5 2422/1/5
f 2425/1/5 2420/1/5 2419/1/5
f 2426/1/5 2420/1/5 2425/1/5
f 2427/1/5 2424/1/5 2423/1/5
f 2428/1/5 2424/1/5 2427/1/5
f 2431/1/5 2430/1/5 2429/1/5
f 2432/1/5 2430/1/5 2431/1/5
f 2435/1/5 2434/1/5 2433/1/5
f 2436/1/5 2434/1/5 2435/1/5
f 2441/1/5 2438/1/5 2437/1/5
f 2442/1/5 2438/1/5 2441/1/5
f 2445/1/5 2440/1/5 2439/1/5
f 2446/1/5 2440/1/5 2445/1/5
f 2447/1/5 2443/1/5 2442/1/5
f 2448/1/5 2443/1/5 2447/1/5
f 2453/1/5 2445/1/5 2444/1/5
f 2454/1/5 2445/1/5 2453/1/5
f 2455/1/5 2450/1/5 2449/1/5
f 2456/1/5 2450/1/5 2455/1/5
f 2460/1/5 2452/1/5 2451/1/5
f 2461/1/5 2452/1/5 2460/1/5
f 2462/1/5 2457/1/5 2456/1/5
f 2463/1/5 2457/1/5 2462/1/5
f 2467/1/5 2459/1/5 2458/1/5
f 2468/1/5 2459/1/5 2467/1/5
f 2469/1/5 2464/1/5 2463/1/5
f 2470/1/5 2464/1/5 2469/1/5
f 2471/1/5 2466/1/5 2465/1/5
f 2471/1/5 2467/1/5 2466/1/5
f 2472/1/5 2467/1/5 2471/1/5
f 2477/1/5 2474/1/5 2473/1/5
f 2478/1/5 2474/1/5 2477/1/5
f 2479/1/5 2476/1/5 2475/1/5
f 2480/1/5 2476/1/5 2479/1/5
f 2484/1/5 2481/1/5 2480/1/5
f 2485/1/5 2481/1/5 2484/1/5
f 2488/1/5 2483/1/5 2482/1/5
f 2489/1/5 2483/1/5 2488/1/5
f 2490/1/5 2487/1/5 2486/1/5
f 2491/1/5 2487/1/5 2490/1/5
f 2494/1/5 2493/1/5 2492/1/5
f 2495/1/5 2493/1/5 2494/1/5
f 2498/1/5 2497/1/5 2496/1/5
f 2499/1/5 2497/1/5 2498/1/5
f 2500/3/5 2499/3/5 2498/3/5
f 2501/3/5 2499/3/5 2500/3/5
f 2502/1/5 2501/1/5 2500/1/5
f 2503/1/5 2501/1/5 2502/1/5
f 2506/1/5 2505/1/5 2504/1/5
f 2507/1/5 2505/1/5 2506/1/5
f 2512/1/5 2509/1/5 2508/1/5
f 2513/1/5 2509/1/5 2512/1/5
f 2516/3/5 2511/3/5 2510/3/5
f 2517/3/5 2511/3/5 2516/3/5
f 2521/1/5 2515/1/5 2514/1/5
f 2522/1/5 2515/1/5 2521/1/5
f 2523/1/5 2519/1/5 2518/1/5
f 2524/1/5 2519/1/5 2523/1/5
f 2525/1/5 2521/1/5 2520/1/5
f 2526/1/5 2521/1/5 2525/1/5
f 2532/3/5 2528/3/5 2527/3/5
f 2533/1/5 2529/1/5 2528/1/5
f 2533/3/5 2528/3/5 2532/3/5
f 2534/1/5 2529/1/5 2533/1/5
f 2536/1/5 2531/1/5 2530/1/5
f 2537/1/5 2531/1/5 2536/1/5
f 2540/1/5 2536/1/5 2535/1/5
f 2541/1/5 2536/1/5 2540/1/5
f 2542/1/5 2539/1/5 2538/1/5
f 2543/1/5 2539/1/5 2542/1/5
f 2549/1/5 2545/1/5 2544/1/5
f 2550/1/5 2545/1/5 2549/1/5
f 2551/1/5 2547/1/5 2546/1/5
f 2552/1/5 2547/1/5 2551/1/5
f 2553/1/5 2549/1/5 2548/1/5
f 2554/1/5 2549/1/5 2553/1/5
f 2557/1/5 2556/1/5 2555/1/5
f 2558/1/5 2556/1/5 2557/1/5
f 2563/3/5 2560/3/5 2559/3/5
f 2564/3/5 2560/3/5 2563/3/5
f 2565/3/5 2562/3/5 2561/3/5
f 2566/3/5 2562/3/5 2565/3/5
f 2571/1/5 2568/1/5 2567/1/5
f 2572/1/5 2568/1/5 2571/1/5
f 2573/1/5 2570/1/5 2569/1/5
f 2574/1/5 2570/1/5 2573/1/5
f 2578/1/5 2575/1/5 2574/1/5
f 2579/1/5 2575/1/5 2578/1/5
f 2580/1/5 2577/1/5 2576/1/5
f 2581/1/5 2577/1/5 2580/1/5
f 2586/1/5 2583/1/5 2582/1/5
f 2587/1/5 2583/1/5 2586/1/5
f 2589/1/5 2585/1/5 2584/1/5
f 2590/1/5 2585/1/5 2589/1/5
f 2591/1/5 2588/1/5 2587/1/5
f 2592/1/5 2588/1/5 2591/1/5
f 2595/3/5 2594/3/5 2593/3/5
f 2596/3/5 2594/3/5 2595/3/5
f 2600/2/5 2598/2/5 2597/2/5
f 2601/2/5 2598/2/5 2600/2/5
f 2602/2/5 2598/2/5 2601/2/5
f 2603/2/5 2598/2/5 2602/2/5
f 2604/2/5 2598/2/5 2603/2/5
f 2607/2/5 2600/2/5 2599/2/5
f 2607/2/5 2601/2/5 2600/2/5
f 2608/2/5 2601/2/5 2607/2/5
f 2609/2/5 2601/2/5 2608/2/5
f 2610/2/5 2604/2/5 2603/2/5
f 2610/2/5 2605/2/5 2604/2/5
f 2611/2/5 2605/2/5 2610/2/5
f 2612/2/5 2605/2/5 2611/2/5
f 2615/2/5 2608/2/5 2607/2/5
f 2615/2/5 2607/2/5 2606/2/5
f 2616/2/5 2608/2/5 2615/2/5
f 2617/2/5 2608/2/5 2616/2/5
f 2618/2/5 2613/2/5 2612/2/5
f 2618/2/5 2612/2/5 2611/2/5
f 2619/2/5 2613/2/5 2618/2/5
f 2620/2/5 2613/2/5 2619/2/5
f 2623/2/5 2616/2/5 2615/2/5
f 2623/2/5 2615/2/5 2614/2/5
f 2624/2/5 2616/2/5 2623/2/5
f 2625/2/5 2616/2/5 2624/2/5
f 2626/2/5 2621/2/5 2620/2/5
f 2626/2/5 2620/2/5 2619/2/5
f 2627/2/5 2621/2/5 2626/2/5
f 2628/2/5 2621/2/5 2627/2/5
f 2630/2/5 2624/2/5 2623/2/5
f 2630/2/5 2623/2/5 2622/2/5
f 2631/2/5 2624/2/5 2630/2/5
f 2632/2/5 2629/2/5 2628/2/5
f 2632/2/5 2628/2/5 2627/2/5
f 2633/2/5 2629/2/5 2632/2/5
f 2635/2/5 2630/2/5 2622/2/5
f 2636/2/5 2630/2/5 2635/2/5
f 2637/2/5 2630/2/5 2636/2/5
f 2638/2/5 2629/2/5 2633/2/5
f 2639/2/5 2629/2/5 2638/2/5
f 2640/2/5 2629/2/5 2639/2/5
f 2642/2/5 2635/2/5 2634/2/5
f 2642/2/5 2636/2/5 2635/2/5
f 2643/2/5 2636/2/5 2642/2/5
f 2645/2/5 2642/2/5 2634/2/5
f 2646/2/5 2641/2/5 2640/2/5
f 2646/2/5 2640/2/5 2639/2/5
f 2647/2/5 2641/2/5 2646/2/5
f 2648/2/5 2641/2/5 2647/2/5
f 2650/2/5 2645/2/5 2644/2/5
f 2650/2/5 2642/2/5 2645/2/5
f 2651/2/5 2642/2/5 2650/2/5
f 2652/2/5 2649/2/5 2648/2/5
f 2652/2/5 2648/2/5 2647/2/5
f 2653/2/5 2649/2/5 2652/2/5
f 2654/2/5 2650/2/5 2644/2/5
f 2657/2/5 2649/2/5 2653/2/5
f 2658/2/5 2655/2/5 2654/2/5
f 2658/2/5 2654/2/5 2644/2/5
f 2659/2/5 2655/2/5 2658/2/5
f 2661/2/5 2657/2/5 2656/2/5
f 2662/2/5 2649/2/5 2657/2/5
f 2662/2/5 2657/2/5 2661/2/5
f 2663/2/5 2649/2/5 2662/2/5
f 2664/2/5 2655/2/5 2659/2/5
f 2666/2/5 2664/2/5 2659/2/5
f 2666/2/5 2665/2/5 2664/2/5
f 2667/2/5 2665/2/5 2666/2/5
f 2668/2/5 2665/2/5 2667/2/5
f 2671/2/5 2661/2/5 2660/2/5
f 2671/2/5 2662/2/5 2661/2/5
f 2672/2/5 2662/2/5 2671/2/5
f 2673/2/5 2662/2/5 2672/2/5
f 2674/2/5 2669/2/5 2668/2/5
f 2674/2/5 2668/2/5 2667/2/5
f 2677/2/5 2672/2/5 2671/2/5
f 2677/2/5 2671/2/5 2670/2/5
f 2678/2/5 2675/2/5 2674/2/5
f 2678/2/5 2674/2/5 2667/2/5
f 2679/2/5 2675/2/5 2678/2/5
f 2680/2/5 2675/2/5 2679/2/5
f 2683/2/5 2677/2/5 2676/2/5
f 2684/2/5 2672/2/5 2677/2/5
f 2684/2/5 2677/2/5 2683/2/5
f 2685/2/5 2672/2/5 2684/2/5
f 2686/2/5 2681/2/5 2680/2/5
f 2686/2/5 2680/2/5 2679/2/5
f 2687/2/5 2681/2/5 2686/2/5
f 2688/2/5 2681/2/5 2687/2/5
f 2691/2/5 2683/2/5 2682/2/5
f 2691/2/5 2684/2/5 2683/2/5
f 2692/2/5 2684/2/5 2691/2/5
f 2693/2/5 2684/2/5 2692/2/5
f 2694/2/5 2689/2/5 2688/2/5
f 2694/2/5 2688/2/5 2687/2/5
f 2695/2/5 2689/2/5 2694/2/5
f 2696/2/5 2689/2/5 2695/2/5
f 2699/2/5 2692/2/5 2691/2/5
f 2699/2/5 2691/2/5 2690/2/5
f 2700/2/5 2692/2/5 2699/2/5
f 2701/2/5 2692/2/5 2700/2/5
f 2702/2/5 2697/2/5 2696/2/5
f 2702/2/5 2696/2/5 2695/2/5
f 2703/2/5 2697/2/5 2702/2/5
f 2704/2/5 2697/2/5 2703/2/5
f 2705/2/5 2700/2/5 2699/2/5
f 2705/2/5 2699/2/5 2698/2/5
f 2706/2/5 2700/2/5 2705/2/5
f 2707/2/5 2700/2/5 2706/2/5
f 2708/2/5 2704/2/5 2703/2/5
f 2708/2/5 2706/2/5 2705/2/5
f 2708/2/5 2705/2/5 2704/2/5
f 2709/2/5 2706/2/5 2708/2/5
f 2714/1/5 2711/1/5 2710/1/5
f 2715/1/5 2711/1/5 2714/1/5
f 2718/1/5 2713/1/5 2712/1/5
f 2719/1/5 2713/1/5 2718/1/5
f 2720/1/5 2717/1/5 2716/1/5
f 2721/1/5 2717/1/5 2720/1/5
f 2726/1/5 2723/1/5 2722/1/5
f 2727/1/5 2723/1/5 2726/1/5
f 2730/1/5 2725/1/5 2724/1/5
f 2731/1/5 2725/1/5 2730/1/5
f 2732/1/5 2729/1/5 2728/1/5
f 2733/1/5 2729/1/5 2732/1/5
f 2737/3/5 2735/3/5 2734/3/5
f 2738/1/5 2736/1/5 2735/1/5
f 2738/3/5 2735/3/5 2737/3/5
f 2739/1/5 2736/1/5 2738/1/5
f 2742/1/5 2741/1/5 2740/1/5
f 2743/1/5 2741/1/5 2742/1/5
f 2748/1/5 2745/1/5 2744/1/5
f 2749/1/5 2745/1/5 2748/1/5
f 2750/1/5 2747/1/5 2746/1/5
f 2751/1/5 2747/1/5 2750/1/5
f 2752/3/5 2749/3/5 2748/3/5
f 2753/3/5 2749/3/5 2752/3/5
f 2754/3/5 2751/3/5 2750/3/5
f 2755/3/5 2751/3/5 2754/3/5
f 2756/1/5 2753/1/5 2752/1/5
f 2757/1/5 2753/1/5 2756/1/5
f 2758/1/5 2755/1/5 2754/1/5
f 2759/1/5 2755/1/5 2758/1/5
f 2762/1/5 2761/1/5 2760/1/5
f 2763/1/5 2761/1/5 2762/1/5
f 2766/3/5 2765/3/5 2764/3/5
f 2767/3/5 2765/3/5 2766/3/5
f 2772/1/5 2769/1/5 2768/1/5
f 2773/1/5 2769/1/5 2772/1/5
f 2774/1/5 2771/1/5 2770/1/5
f 2775/1/5 2771/1/5 2774/1/5
f 2780/1/5 2777/1/5 2776/1/5
f 2781/1/5 2777/1/5 2780/1/5
f 2782/1/5 2779/1/5 2778/1/5
f 2783/1/5 2779/1/5 2782/1/5
f 2790/1/5 2785/1/5 2784/1/5
f 2791/1/5 2785/1/5 2790/1/5
f 2792/1/5 2787/1/5 2786/1/5
f 2793/1/5 2787/1/5 2792/1/5
f 2796/1/5 2789/1/5 2788/1/5
f 2797/1/5 2789/1/5 2796/1/5
f 2798/3/5 2795/3/5 2794/3/5
f 2799/3/5 2795/3/5 2798/3/5
f 2802/1/5 2801/1/5 2800/1/5
f 2803/1/5 2801/1/5 2802/1/5
f 2808/1/5 2805/1/5 2804/1/5
f 2809/1/5 2805/1/5 2808/1/5
f 2810/1/5 2807/1/5 2806/1/5
f 2811/1/5 2807/1/5 2810/1/5
f 2816/1/5 2813/1/5 2812/1/5
f 2817/1/5 2813/1/5 2816/1/5
f 2818/1/5 2815/1/5 2814/1/5
f 2819/1/5 2815/1/5 2818/1/5
f 2822/1/5 2821/1/5 2820/1/5
f 2823/1/5 2821/1/5 2822/1/5
f 2828/1/5 2825/1/5 2824/1/5
f 2829/1/5 2825/1/5 2828/1/5
f 2834/1/5 2827/1/5 2826/1/5
f 2835/1/5 2827/1/5 2834/1/5
f 2836/1/5 2831/1/5 2830/1/5
f 2837/1/5 2831/1/5 2836/1/5
f 2838/1/5 2833/1/5 2832/1/5
f 2839/1/5 2833/1/5 2838/1/5
f 2844/2/5 2841/2/5 2840/2/5
f 2845/2/5 2841/2/5 2844/2/5
f 2846/2/5 2841/2/5 2845/2/5
f 2847/2/5 2841/2/5 2846/2/5
f 2850/2/5 2843/2/5 2842/2/5
f 2851/2/5 2843/2/5 2850/2/5
f 2852/2/5 2848/2/5 2847/2/5
f 2853/2/5 2848/2/5 2852/2/5
f 2856/2/5 2850/2/5 2849/2/5
f 2857/2/5 2850/2/5 2856/2/5
f 2858/2/5 2854/2/5 2853/2/5
f 2859/2/5 2854/2/5 2858/2/5
f 2860/2/5 2854/2/5 2859/2/5
f 2863/2/5 2856/2/5 2855/2/5
f 2864/2/5 2856/2/5 2863/2/5
f 2865/2/5 2861/2/5 2860/2/5
f 2866/2/5 2861/2/5 2865/2/5
f 2868/2/5 2863/2/5 2862/2/5
f 2869/2/5 2863/2/5 2868/2/5
f 2872/2/5 2867/2/5 2866/2/5
f 2873/2/5 2867/2/5 2872/2/5
f 2875/2/5 2871/2/5 2870/2/5
f 2876/2/5 2871/2/5 2875/2/5
f 2877/2/5 2874/2/5 2873/2/5
f 2878/2/5 2874/2/5 2877/2/5
f 2883/2/5 2880/2/5 2879/2/5
f 2884/2/5 2882/2/5 2881/2/5
f 2885/2/5 2883/2/5 2879/2/5
f 2886/2/5 2882/2/5 2884/2/5
f 2887/2/5 2885/2/5 2879/2/5
f 2888/2/5 2885/2/5 2887/2/5
f 2889/2/5 2882/2/5 2886/2/5
f 2890/2/5 2882/2/5 2889/2/5
f 2895/2/5 2892/2/5 2891/2/5
f 2896/2/5 2892/2/5 2895/2/5
f 2898/2/5 2894/2/5 2893/2/5
f 2899/2/5 2894/2/5 2898/2/5
f 2902/2/5 2898/2/5 2897/2/5
f 2903/2/5 2901/2/5 2900/2/5
f 2904/2/5 2901/2/5 2903/2/5
f 2907/2/5 2898/2/5 2902/2/5
f 2908/2/5 2898/2/5 2907/2/5
f 2909/2/5 2905/2/5 2904/2/5
f 2910/2/5 2905/2/5 2909/2/5
f 2914/2/5 2907/2/5 2906/2/5
f 2915/2/5 2907/2/5 2914/2/5
f 2916/2/5 2912/2/5 2911/2/5
f 2916/2/5 2911/2/5 2910/2/5
f 2917/2/5 2912/2/5 2916/2/5
f 2920/2/5 2914/2/5 2913/2/5
f 2921/2/5 2914/2/5 2920/2/5
f 2922/2/5 2918/2/5 2917/2/5
f 2923/2/5 2918/2/5 2922/2/5
f 2927/2/5 2920/2/5 2919/2/5
f 2928/2/5 2920/2/5 2927/2/5
f 2929/2/5 2926/2/5 2925/2/5
f 2929/2/5 2927/2/5 2926/2/5
f 2929/2/5 2925/2/5 2924/2/5
f 2930/2/5 2927/2/5 2929/2/5
f 2931/2/6 2932/2/6 2935/2/6
f 2935/2/6 2932/2/6 2936/2/6
f 2936/2/6 2932/2/6 2937/2/6
f 2937/2/6 2932/2/6 2938/2/6
f 2933/2/6 2934/2/6 2941/2/6
f 2941/2/6 2934/2/6 2942/2/6
f 2938/2/6 2939/2/6 2943/2/6
f 2943/2/6 2939/2/6 2944/2/6
f 2940/2/6 2941/2/6 2947/2/6
f 2947/2/6 2941/2/6 2948/2/6
f 2944/2/6 2945/2/6 2949/2/6
f 2949/2/6 2945/2/6 2950/2/6
f 2950/2/6 2945/2/6 2951/2/6
f 2946/2/6 2947/2/6 2954/2/6
f 2954/2/6 2947/2/6 2955/2/6
f 2951/2/6 2952/2/6 2956/2/6
f 2956/2/6 2952/2/6 2957/2/6
f 2953/2/6 2954/2/6 2959/2/6
f 2959/2/6 2954/2/6 2960/2/6
f 2957/2/6 2958/2/6 2963/2/6
f 2963/2/6 2958/2/6 2964/2/6
f 2961/2/6 2962/2/6 2966/2/6
f 2966/2/6 2962/2/6 2967/2/6
f 2964/2/6 2965/2/6 2968/2/6
f 2968/2/6 2965/2/6 2969/2/6
f 2970/2/6 2971/2/6 2974/2/6
f 2972/2/6 2973/2/6 2975/2/6
f 2970/2/6 2974/2/6 2976/2/6
f 2975/2/6 2973/2/6 2977/2/6
f 2970/2/6 2976/2/6 2978/2/6
f 2978/2/6 2976/2/6 2979/2/6
f 2977/2/6 2973/2/6 2980/2/6
f 2980/2/6 2973/2/6 2981/2/6
f 2982/2/6 2983/2/6 2986/2/6
f 2986/2/6 2983/2/6 2987/2/6
f 2984/2/6 2985/2/6 2989/2/6
f 2989/2/6 2985/2/6 2990/2/6
f 2988/2/6 2989/2/6 2993/2/6
f 2991/2/6 2992/2/6 2994/2/6
f 2994/2/6 2992/2/6 2995/2/6
f 2993/2/6 2989/2/6 2998/2/6
f 2998/2/6 2989/2/6 2999/2/6
f 2995/2/6 2996/2/6 3000/2/6
f 3000/2/6 2996/2/6 3001/2/6
f 2997/2/6 2998/2/6 3004/2/6
f 3004/2/6 2998/2/6 3005/2/6
f 3001/2/6 3002/2/6 3006/2/6
f 3006/2/6 3002/2/6 3007/2/6
f 3003/2/6 3004/2/6 3010/2/6
f 3010/2/6 3004/2/6 3011/2/6
f 3007/2/6 3008/2/6 3012/2/6
f 3012/2/6 3008/2/6 3013/2/6
f 3009/2/6 3010/2/6 3017/2/6
f 3017/2/6 3010/2/6 3018/2/6
f 3015/2/6 3016/2/6 3019/2/6
f 3016/2/6 3017/2/6 3019/2/6
f 3014/2/6 3015/2/6 3019/2/6
f 3019/2/6 3017/2/6 3020/2/6
f 3021/1/6 3022/1/6 3027/1/6
f 3027/1/6 3022/1/6 3028/1/6
f 3023/1/6 3024/1/6 3029/1/6
f 3029/1/6 3024/1/6 3030/1/6
f 3025/1/6 3026/1/6 3033/1/6
f 3033/1/6 3026/1/6 3034/1/6
f 3031/3/6 3032/3/6 3035/3/6
f 3035/3/6 3032/3/6 3036/3/6
f 3037/1/6 3038/1/6 3039/1/6
f 3039/1/6 3038/1/6 3040/1/6
f 3041/1/6 3042/1/6 3045/1/6
f 3045/1/6 3042/1/6 3046/1/6
f 3043/1/6 3044/1/6 3047/1/6
f 3047/1/6 3044/1/6 3048/1/6
f 3049/1/6 3050/1/6 3053/1/6
f 3053/1/6 3050/1/6 3054/1/6
f 3051/1/6 3052/1/6 3055/1/6
f 3055/1/6 3052/1/6 3056/1/6
f 3057/1/6 3058/1/6 3059/1/6
f 3059/1/6 3058/1/6 3060/1/6
f 3061/1/6 3062/1/6 3065/1/6
f 3065/1/6 3062/1/6 3066/1/6
f 3063/1/6 3064/1/6 3071/1/6
f 3071/1/6 3064/1/6 3072/1/6
f 3067/1/6 3068/1/6 3073/1/6
f 3073/1/6 3068/1/6 3074/1/6
f 3069/1/6 3070/1/6 3075/1/6
f 3075/1/6 3070/1/6 3076/1/6
f 3077/1/6 3078/1/6 3081/1/6
f 3081/1/6 3078/1/6 3082/1/6
f 3079/1/6 3080/1/6 3083/1/6
f 3083/1/6 3080/1/6 3084/1/6
f 3085/1/6 3086/1/6 3089/1/6
f 3089/1/6 3086/1/6 3090/1/6
f 3087/1/6 3088/1/6 3091/1/6
f 3091/1/6 3088/1/6 3092/1/6
f 3093/3/6 3094/3/6 3096/3/6
f 3094/1/6 3095/1/6 3097/1/6
f 3096/3/6 3094/3/6 3097/3/6
f 3097/1/6 3095/1/6 3098/1/6
f 3099/1/6 3100/1/6 3101/1/6
f 3101/1/6 3100/1/6 3102/1/6
f 3103/1/6 3104/1/6 3107/1/6
f 3107/1/6 3104/1/6 3108/1/6
f 3105/1/6 3106/1/6 3109/1/6
f 3109/1/6 3106/1/6 3110/1/6
f 3107/3/6 3108/3/6 3111/3/6
f 3111/3/6 3108/3/6 3112/3/6
f 3109/3/6 3110/3/6 3113/3/6
f 3113/3/6 3110/3/6 3114/3/6
f 3111/1/6 3112/1/6 3115/1/6
f 3115/1/6 3112/1/6 3116/1/6
f 3113/1/6 3114/1/6 3117/1/6
f 3117/1/6 3114/1/6 3118/1/6
f 3119/1/6 3120/1/6 3121/1/6
f 3121/1/6 3120/1/6 3122/1/6
f 3123/3/6 3124/3/6 3125/3/6
f 3125/3/6 3124/3/6 3126/3/6
f 3127/1/6 3128/1/6 3131/1/6
f 3131/1/6 3128/1/6 3132/1/6
f 3129/1/6 3130/1/6 3135/1/6
f 3135/1/6 3130/1/6 3136/1/6
f 3133/3/6 3134/3/6 3137/3/6
f 3137/3/6 3134/3/6 3138/3/6
f 3139/1/6 3140/1/6 3143/1/6
f 3143/1/6 3140/1/6 3144/1/6
f 3141/1/6 3142/1/6 3147/1/6
f 3147/1/6 3142/1/6 3148/1/6
f 3145/1/6 3146/1/6 3149/1/6
f 3149/1/6 3146/1/6 3150/1/6
f 3151/2/6 3152/2/6 3154/2/6
f 3154/2/6 3152/2/6 3155/2/6
f 3155/2/6 3152/2/6 3156/2/6
f 3156/2/6 3152/2/6 3157/2/6
f 3157/2/6 3152/2/6 3158/2/6
f 3153/2/6 3154/2/6 3161/2/6
f 3154/2/6 3155/2/6 3161/2/6
f 3161/2/6 3155/2/6 3162/2/6
f 3162/2/6 3155/2/6 3163/2/6
f 3157/2/6 3158/2/6 3164/2/6
f 3158/2/6 3159/2/6 3164/2/6
f 3164/2/6 3159/2/6 3165/2/6
f 3165/2/6 3159/2/6 3166/2/6
f 3161/2/6 3162/2/6 3169/2/6
f 3160/2/6 3161/2/6 3169/2/6
f 3169/2/6 3162/2/6 3170/2/6
f 3170/2/6 3162/2/6 3171/2/6
f 3166/2/6 3167/2/6 3172/2/6
f 3165/2/6 3166/2/6 3172/2/6
f 3172/2/6 3167/2/6 3173/2/6
f 3173/2/6 3167/2/6 3174/2/6
f 3174/2/6 3167/2/6 3175/2/6
f 3169/2/6 3170/2/6 3178/2/6
f 3168/2/6 3169/2/6 3178/2/6
f 3178/2/6 3170/2/6 3179/2/6
f 3179/2/6 3170/2/6 3180/2/6
f 3175/2/6 3176/2/6 3181/2/6
f 3174/2/6 3175/2/6 3181/2/6
f 3181/2/6 3176/2/6 3182/2/6
f 3182/2/6 3176/2/6 3183/2/6
f 3178/2/6 3179/2/6 3185/2/6
f 3177/2/6 3178/2/6 3185/2/6
f 3185/2/6 3179/2/6 3186/2/6
f 3183/2/6 3184/2/6 3187/2/6
f 3182/2/6 3183/2/6 3187/2/6
f 3187/2/6 3184/2/6 3188/2/6
f 3177/2/6 3185/2/6 3190/2/6
f 3190/2/6 3185/2/6 3191/2/6
f 3191/2/6 3185/2/6 3192/2/6
f 3188/2/6 3184/2/6 3193/2/6
f 3193/2/6 3184/2/6 3194/2/6
f 3194/2/6 3184/2/6 3195/2/6
f 3189/2/6 3190/2/6 3197/2/6
f 3190/2/6 3191/2/6 3197/2/6
f 3197/2/6 3191/2/6 3198/2/6
f 3189/2/6 3197/2/6 3200/2/6
f 3195/2/6 3196/2/6 3201/2/6
f 3194/2/6 3195/2/6 3201/2/6
f 3201/2/6 3196/2/6 3202/2/6
f 3202/2/6 3196/2/6 3203/2/6
f 3199/2/6 3200/2/6 3205/2/6
f 3200/2/6 3197/2/6 3205/2/6
f 3205/2/6 3197/2/6 3206/2/6
f 3203/2/6 3204/2/6 3207/2/6
f 3202/2/6 3203/2/6 3207/2/6
f 3207/2/6 3204/2/6 3208/2/6
f 3199/2/6 3205/2/6 3209/2/6
f 3208/2/6 3204/2/6 3212/2/6
f 3209/2/6 3210/2/6 3213/2/6
f 3199/2/6 3209/2/6 3213/2/6
f 3213/2/6 3210/2/6 3214/2/6
f 3211/2/6 3212/2/6 3216/2/6
f 3212/2/6 3204/2/6 3217/2/6
f 3216/2/6 3212/2/6 3217/2/6
f 3217/2/6 3204/2/6 3218/2/6
f 3214/2/6 3210/2/6 3219/2/6
f 3214/2/6 3219/2/6 3221/2/6
f 3219/2/6 3220/2/6 3221/2/6
f 3221/2/6 3220/2/6 3222/2/6
f 3222/2/6 3220/2/6 3223/2/6
f 3215/2/6 3216/2/6 3226/2/6
f 3216/2/6 3217/2/6 3226/2/6
f 3226/2/6 3217/2/6 3227/2/6
f 3227/2/6 3217/2/6 3228/2/6
f 3223/2/6 3224/2/6 3229/2/6
f 3222/2/6 3223/2/6 3229/2/6
f 3226/2/6 3227/2/6 3232/2/6
f 3225/2/6 3226/2/6 3232/2/6
f 3229/2/6 3230/2/6 3233/2/6
f 3222/2/6 3229/2/6 3233/2/6
f 3233/2/6 3230/2/6 3234/2/6
f 3234/2/6 3230/2/6 3235/2/6
f 3231/2/6 3232/2/6 3238/2/6
f 3232/2/6 3227/2/6 3239/2/6
f 3238/2/6 3232/2/6 3239/2/6
f 3239/2/6 3227/2/6 3240/2/6
f 3235/2/6 3236/2/6 3241/2/6
f 3234/2/6 3235/2/6 3241/2/6
f 3241/2/6 3236/2/6 3242/2/6
f 3242/2/6 3236/2/6 3243/2/6
f 3237/2/6 3238/2/6 3246/2/6
f 3238/2/6 3239/2/6 3246/2/6
f 3246/2/6 3239/2/6 3247/2/6
f 3247/2/6 3239/2/6 3248/2/6
f 3243/2/6 3244/2/6 3249/2/6
f 3242/2/6 3243/2/6 3249/2/6
f 3249/2/6 3244/2/6 3250/2/6
f 3250/2/6 3244/2/6 3251/2/6
f 3246/2/6 3247/2/6 3254/2/6
f 3245/2/6 3246/2/6 3254/2/6
f 3254/2/6 3247/2/6 3255/2/6
f 3255/2/6 3247/2/6 3256/2/6
f 3251/2/6 3252/2/6 3257/2/6
f 3250/2/6 3251/2/6 3257/2/6
f 3257/2/6 3252/2/6 3258/2/6
f 3258/2/6 3252/2/6 3259/2/6
f 3254/2/6 3255/2/6 3260/2/6
f 3253/2/6 3254/2/6 3260/2/6
f 3260/2/6 3255/2/6 3261/2/6
f 3261/2/6 3255/2/6 3262/2/6
f 3258/2/6 3259/2/6 3263/2/6
f 3260/2/6 3261/2/6 3263/2/6
f 3259/2/6 3260/2/6 3263/2/6
f 3263/2/6 3261/2/6 3264/2/6
f 3265/3/6 3266/3/6 3270/3/6
f 3266/1/6 3267/1/6 3271/1/6
f 3270/3/6 3266/3/6 3271/3/6
f 3271/1/6 3267/1/6 3272/1/6
f 3268/1/6 3269/1/6 3274/1/6
f 3274/1/6 3269/1/6 3275/1/6
f 3273/1/6 3274/1/6 3278/1/6
f 3278/1/6 3274/1/6 3279/1/6
f 3276/3/6 3277/3/6 3280/3/6
f 3280/3/6 3277/3/6 3281/3/6
f 3282/1/6 3283/1/6 3287/1/6
f 3287/1/6 3283/1/6 3288/1/6
f 3284/1/6 3285/1/6 3289/1/6
f 3289/1/6 3285/1/6 3290/1/6
f 3286/1/6 3287/1/6 3291/1/6
f 3291/1/6 3287/1/6 3292/1/6
f 3293/1/6 3294/1/6 3295/1/6
f 3295/1/6 3294/1/6 3296/1/6
f 3297/3/6 3298/3/6 3301/3/6
f 3301/3/6 3298/3/6 3302/3/6
f 3299/3/6 3300/3/6 3303/3/6
f 3303/3/6 3300/3/6 3304/3/6
f 3305/1/6 3306/1/6 3309/1/6
f 3309/1/6 3306/1/6 3310/1/6
f 3307/1/6 3308/1/6 3311/1/6
f 3311/1/6 3308/1/6 3312/1/6
f 3312/1/6 3313/1/6 3316/1/6
f 3316/1/6 3313/1/6 3317/1/6
f 3314/1/6 3315/1/6 3318/1/6
f 3318/1/6 3315/1/6 3319/1/6
f 3320/1/6 3321/1/6 3324/1/6
f 3324/1/6 3321/1/6 3325/1/6
f 3322/1/6 3323/1/6 3327/1/6
f 3327/1/6 3323/1/6 3328/1/6
f 3325/1/6 3326/1/6 3329/1/6
f 3329/1/6 3326/1/6 3330/1/6
f 3332/3/6 3333/3/6 3334/3/6
f 3331/3/6 3332/3/6 3334/3/6
f 3334/3/6 3333/3/6 3335/3/6
f 3336/1/6 3337/1/6 3340/1/6
f 3340/1/6 3337/1/6 3341/1/6
f 3338/1/6 3339/1/6 3342/1/6
f 3342/1/6 3339/1/6 3343/1/6
f 3343/1/6 3344/1/6 3347/1/6
f 3347/1/6 3344/1/6 3348/1/6
f 3345/1/6 3346/1/6 3351/1/6
f 3351/1/6 3346/1/6 3352/1/6
f 3349/1/6 3350/1/6 3353/1/6
f 3353/1/6 3350/1/6 3354/1/6
f 3355/1/6 3356/1/6 3357/1/6
f 3357/1/6 3356/1/6 3358/1/6
f 3359/1/6 3360/1/6 3361/1/6
f 3361/1/6 3360/1/6 3362/1/6
f 3361/3/6 3362/3/6 3363/3/6
f 3363/3/6 3362/3/6 3364/3/6
f 3363/1/6 3364/1/6 3365/1/6
f 3365/1/6 3364/1/6 3366/1/6
f 3367/1/6 3368/1/6 3369/1/6
f 3369/1/6 3368/1/6 3370/1/6
f 3371/3/6 3372/3/6 3375/3/6
f 3375/3/6 3372/3/6 3376/3/6
f 3373/1/6 3374/1/6 3379/1/6
f 3379/1/6 3374/1/6 3380/1/6
f 3377/1/6 3378/1/6 3384/1/6
f 3384/1/6 3378/1/6 3385/1/6
f 3381/1/6 3382/1/6 3386/1/6
f 3386/1/6 3382/1/6 3387/1/6
f 3383/1/6 3384/1/6 3388/1/6
f 3388/1/6 3384/1/6 3389/1/6
f 3390/1/6 3391/1/6 3395/1/6
f 3395/1/6 3391/1/6 3396/1/6
f 3392/1/6 3393/1/6 3397/1/6
f 3397/1/6 3393/1/6 3398/1/6
f 3394/1/6 3395/1/6 3401/1/6
f 3401/1/6 3395/1/6 3402/1/6
f 3398/1/6 3399/1/6 3403/1/6
f 3403/1/6 3399/1/6 3404/1/6
f 3400/1/6 3401/1/6 3409/1/6
f 3409/1/6 3401/1/6 3410/1/6
f 3405/3/6 3406/3/6 3411/3/6
f 3411/3/6 3406/3/6 3412/3/6
f 3407/3/6 3408/3/6 3415/3/6
f 3415/3/6 3408/3/6 3416/3/6
f 3415/1/6 3416/1/6 3418/1/6
f 3418/1/6 3416/1/6 3419/1/6
f 3413/1/6 3414/1/6 3420/1/6
f 3420/1/6 3414/1/6 3421/1/6
f 3417/1/6 3418/1/6 3423/1/6
f 3423/1/6 3418/1/6 3424/1/6
f 3421/1/6 3422/1/6 3425/1/6
f 3425/1/6 3422/1/6 3426/1/6
f 3427/1/6 3428/1/6 3429/1/6
f 3429/1/6 3428/1/6 3430/1/6
f 3431/1/6 3432/1/6 3433/1/6
f 3433/1/6 3432/1/6 3434/1/6
f 3435/1/6 3436/1/6 3439/1/6
f 3439/1/6 3436/1/6 3440/1/6
f 3437/1/6 3438/1/6 3443/1/6
f 3443/1/6 3438/1/6 3444/1/6
f 3442/1/6 3443/1/6 3445/1/6
f 3445/1/6 3443/1/6 3446/1/6
f 3440/1/6 3441/1/6 3447/1/6
f 3447/1/6 3441/1/6 3448/1/6
f 3445/3/6 3446/3/6 3453/3/6
f 3453/3/6 3446/3/6 3454/3/6
f 3449/3/6 3450/3/6 3455/3/6
f 3455/3/6 3450/3/6 3456/3/6
f 3451/1/6 3452/1/6 3460/1/6
f 3460/1/6 3452/1/6 3461/1/6
f 3456/1/6 3457/1/6 3462/1/6
f 3462/1/6 3457/1/6 3463/1/6
f 3458/1/6 3459/1/6 3466/1/6
f 3466/1/6 3459/1/6 3467/1/6
f 3463/1/6 3464/1/6 3468/1/6
f 3468/1/6 3464/1/6 3469/1/6
f 3465/1/6 3466/1/6 3470/1/6
f 3470/1/6 3466/1/6 3471/1/6
f 3472/3/6 3473/3/6 3475/3/6
f 3475/3/6 3473/3/6 3476/3/6
f 3474/3/6 3475/3/6 3479/3/6
f 3476/3/6 3477/3/6 3479/3/6
f 3475/3/6 3476/3/6 3479/3/6
f 3479/3/6 3477/3/6 3480/3/6
f 3478/3/6 3479/3/6 3483/3/6
f 3480/3/6 3481/3/6 3483/3/6
f 3479/3/6 3480/3/6 3483/3/6
f 3483/3/6 3481/3/6 3484/3/6
f 3482/3/6 3483/3/6 3487/3/6
f 3484/3/6 3485/3/6 3487/3/6
f 3483/3/6 3484/3/6 3487/3/6
f 3487/3/6 3485/3/6 3488/3/6
f 3486/3/6 3487/3/6 3491/3/6
f 3488/3/6 3489/3/6 3491/3/6
f 3487/3/6 3488/3/6 3491/3/6
f 3491/3/6 3489/3/6 3492/3/6
f 3490/3/6 3491/3/6 3495/3/6
f 3492/3/6 3493/3/6 3495/3/6
f 3491/3/6 3492/3/6 3495/3/6
f 3494/3/6 3495/3/6 3496/3/6
f 3495/3/6 3493/3/6 3497/3/6
f 3496/3/6 3495/3/6 3497/3/6
f 3497/3/6 3493/3/6 3498/3/6
f 3498/3/6 3493/3/6 3499/3/6
f 3499/3/6 3493/3/6 3500/3/6
f 3500/3/6 3493/3/6 3501/3/6
f 3499/3/6 3500/3/6 3502/3/6
f 3502/3/6 3500/3/6 3503/3/6
f 3503/3/6 3500/3/6 3504/3/6
f 3504/3/6 3500/3/6 3505/3/6
f 3503/3/6 3504/3/6 3506/3/6
f 3506/3/6 3504/3/6 3507/3/6
f 3507/3/6 3504/3/6 3508/3/6
f 3508/3/6 3504/3/6 3509/3/6
f 3507/3/6 3508/3/6 3510/3/6
f 3510/3/6 3508/3/6 3511/3/6
f 3511/3/6 3508/3/6 3512/3/6
f 3512/3/6 3508/3/6 3513/3/6
f 3511/3/6 3512/3/6 3514/3/6
f 3514/3/6 3512/3/6 3515/3/6
f 3515/3/6 3512/3/6 3516/3/6
f 3516/3/6 3512/3/6 3517/3/6
f 3515/3/6 3516/3/6 3518/3/6
f 3518/3/6 3516/3/6 3519/3/6
